// Generated by   : ImageConverter 565 Online
// Generated from : lava.jpg
// Time generated : Tue, 29 Jul 25 08:21:08 +0200  (Server timezone: CET)
// Image Size     : 190x128 pixels
// Memory usage   : 48640 bytes


#ifndef LAVA_H
#define LAVA_H

#include <TFT_eSPI.h>

void drawLava(TFT_eSPI &tft);

#if defined(__AVR__)
    #include <avr/pgmspace.h>
#elif defined(__PIC32MX__)
    #define PROGMEM
#elif defined(__arm__)
    #define PROGMEM
#endif

const unsigned short lava[16200] PROGMEM={
0x0000, 0x0000, 0x0000, 0x0000, 0x0000, 0x0000, 0x0000, 0x0000, 0x0000, 0x0000, 0x0000, 0x0000, 0x0000, 0x0000, 0x0000, 0x0000,   // 0x0010 (16) pixels
0x0000, 0x0000, 0x0000, 0x0000, 0x0000, 0x0000, 0x0000, 0x0000, 0x0000, 0x0000, 0x0000, 0x0000, 0x0000, 0x0000, 0x0000, 0x0000,   // 0x0020 (32) pixels
0x0000, 0x0000, 0x0000, 0x0000, 0x0000, 0x0000, 0x0000, 0x0000, 0x0000, 0x0000, 0x0000, 0x0000, 0x0000, 0x0000, 0x0000, 0x0000,   // 0x0030 (48) pixels
0x0000, 0x0000, 0x0000, 0x0000, 0x0000, 0x0000, 0x0000, 0x0000, 0x0000, 0x0000, 0x0000, 0x0000, 0x0000, 0x0000, 0x0000, 0x0000,   // 0x0040 (64) pixels
0x0000, 0x0000, 0x0000, 0x0000, 0x0000, 0x0000, 0x0000, 0x0000, 0x0000, 0x0000, 0x0000, 0x0000, 0x0000, 0x0000, 0x0000, 0x0000,   // 0x0050 (80) pixels
0x0000, 0x0000, 0x0000, 0x0000, 0x0000, 0x0000, 0x0000, 0x0000, 0x0000, 0x0000, 0x0000, 0x0000, 0x0000, 0x0000, 0x0000, 0x0000,   // 0x0060 (96) pixels
0x0000, 0x0000, 0x0000, 0x0000, 0x0000, 0x0000, 0x0000, 0x0000, 0x0000, 0x0000, 0x0000, 0x0000, 0x0000, 0x0000, 0x0000, 0x0000,   // 0x0070 (112) pixels
0x0000, 0x0000, 0x0000, 0x0000, 0x0000, 0x0000, 0x0000, 0x0000, 0x0000, 0x0000, 0x0000, 0x0000, 0x0000, 0x0000, 0x0000, 0x0000,   // 0x0080 (128) pixels
0x0000, 0x0000, 0x0000, 0x0000, 0x0000, 0x0000, 0x0000, 0x0000, 0x0000, 0x0000, 0x0000, 0x0000, 0x0000, 0x0000, 0x0000, 0x0000,   // 0x0090 (144) pixels
0x0000, 0x0000, 0x0000, 0x0000, 0x0000, 0x0000, 0x0000, 0x0000, 0x0000, 0x0000, 0x0000, 0x0000, 0x0000, 0x0000, 0x0000, 0x0000,   // 0x00A0 (160) pixels
0x0000, 0x0000, 0x0000, 0x0000, 0x0000, 0x0000, 0x0000, 0x0000, 0x0000, 0x0000, 0x0000, 0x0000, 0x0000, 0x0000, 0x0000, 0x0000,   // 0x00B0 (176) pixels
0x0000, 0x0000, 0x0000, 0x0000, 0x0000, 0x0000, 0x0000, 0x0000, 0x0000, 0x0000, 0x0000, 0x0000, 0x0000, 0x0000, 0x0000, 0x0000,   // 0x00C0 (192) pixels
0x0000, 0x0000, 0x0000, 0x0000, 0x0000, 0x0000, 0x0000, 0x0000, 0x0000, 0x0000, 0x0000, 0x0000, 0x0000, 0x0000, 0x0000, 0x0000,   // 0x00D0 (208) pixels
0x0000, 0x0000, 0x0000, 0x0000, 0x0000, 0x0000, 0x0000, 0x0000, 0x0000, 0x0000, 0x0000, 0x0000, 0x0000, 0x0000, 0x0000, 0x0000,   // 0x00E0 (224) pixels
0x0000, 0x0000, 0x0000, 0x0000, 0x0000, 0x0000, 0x0000, 0x0000, 0x0000, 0x0000, 0x0000, 0x0000, 0x0000, 0x0000, 0x0000, 0x0000,   // 0x00F0 (240) pixels
0x0000, 0x0000, 0x0000, 0x0000, 0x0000, 0x0000, 0x0000, 0x0000, 0x0000, 0x0000, 0x0000, 0x0000, 0x0000, 0x0000, 0x0000, 0x0000,   // 0x0100 (256) pixels
0x0000, 0x0000, 0x0000, 0x0000, 0x0000, 0x0000, 0x0000, 0x0000, 0x0000, 0x0000, 0x0000, 0x0000, 0x0000, 0x0000, 0x0000, 0x0000,   // 0x0110 (272) pixels
0x0000, 0x0000, 0x0000, 0x0000, 0x0000, 0x0000, 0x0000, 0x0000, 0x0000, 0x0000, 0x0000, 0x0000, 0x0000, 0x0000, 0x0000, 0x0000,   // 0x0120 (288) pixels
0x0000, 0x0000, 0x0000, 0x0000, 0x0000, 0x0000, 0x0000, 0x0000, 0x0000, 0x0000, 0x0000, 0x0000, 0x0000, 0x0000, 0x0000, 0x0000,   // 0x0130 (304) pixels
0x0000, 0x0000, 0x0000, 0x0000, 0x0000, 0x0000, 0x0000, 0x0000, 0x0000, 0x0000, 0x0000, 0x0000, 0x0000, 0x0000, 0x0000, 0x0000,   // 0x0140 (320) pixels
0x0000, 0x0000, 0x0000, 0x0000, 0x0000, 0x0000, 0x0000, 0x0000, 0x0000, 0x0000, 0x0000, 0x0000, 0x0000, 0x0000, 0x0000, 0x0000,   // 0x0150 (336) pixels
0x0000, 0x0000, 0x0000, 0x0000, 0x0000, 0x0000, 0x0000, 0x0000, 0x0000, 0x0000, 0x0000, 0x0000, 0x0000, 0x0000, 0x0000, 0x0000,   // 0x0160 (352) pixels
0x0000, 0x0000, 0x0000, 0x0000, 0x0000, 0x0000, 0x0000, 0x0000, 0x0000, 0x0000, 0x0000, 0x0000, 0x0000, 0x0000, 0x0000, 0x0000,   // 0x0170 (368) pixels
0x0000, 0x0000, 0x0000, 0x0000, 0x0000, 0x0000, 0x0000, 0x0000, 0x0000, 0x0000, 0x0000, 0x0000, 0x0000, 0x0000, 0x0000, 0x0000,   // 0x0180 (384) pixels
0x0000, 0x0000, 0x0000, 0x0000, 0x0000, 0x0000, 0x0000, 0x0000, 0x0000, 0x0000, 0x0000, 0x0000, 0x0000, 0x0000, 0x0000, 0x0000,   // 0x0190 (400) pixels
0x0000, 0x0000, 0x0000, 0x0000, 0x0000, 0x0000, 0x0000, 0x0000, 0x0000, 0x0000, 0x0000, 0x0000, 0x0000, 0x0000, 0x0000, 0x0000,   // 0x01A0 (416) pixels
0x0000, 0x0000, 0x0000, 0x0000, 0x0000, 0x0000, 0x0000, 0x0000, 0x0000, 0x0000, 0x0000, 0x0000, 0x0000, 0x0000, 0x0000, 0x0000,   // 0x01B0 (432) pixels
0x0000, 0x0000, 0x0000, 0x0000, 0x0000, 0x0000, 0x0000, 0x0000, 0x0000, 0x0000, 0x0000, 0x0000, 0x0000, 0x0000, 0x0000, 0x0000,   // 0x01C0 (448) pixels
0x0000, 0x0000, 0x0000, 0x0000, 0x0000, 0x0000, 0x0000, 0x0000, 0x0000, 0x0000, 0x0000, 0x0000, 0x0000, 0x0000, 0x0000, 0x0000,   // 0x01D0 (464) pixels
0x0000, 0x0000, 0x0000, 0x0000, 0x0000, 0x0000, 0x0000, 0x0000, 0x0000, 0x0000, 0x0000, 0x0000, 0x0000, 0x0000, 0x0000, 0x0000,   // 0x01E0 (480) pixels
0x0000, 0x0000, 0x0000, 0x0000, 0x0000, 0x0000, 0x0000, 0x0000, 0x0000, 0x0000, 0x0000, 0x0000, 0x0000, 0x0000, 0x0000, 0x0000,   // 0x01F0 (496) pixels
0x0000, 0x0000, 0x0000, 0x0000, 0x0000, 0x0000, 0x0000, 0x0000, 0x0000, 0x0000, 0x0000, 0x0000, 0x0000, 0x0000, 0x0000, 0x0000,   // 0x0200 (512) pixels
0x0000, 0x0000, 0x0000, 0x0000, 0x0000, 0x0000, 0x0000, 0x0000, 0x0000, 0x0000, 0x0000, 0x0000, 0x0000, 0x0000, 0x0000, 0x0000,   // 0x0210 (528) pixels
0x0000, 0x0000, 0x0000, 0x0000, 0x0000, 0x0000, 0x0000, 0x0000, 0x0000, 0x0000, 0x0000, 0x0000, 0x0000, 0x0000, 0x0000, 0x0000,   // 0x0220 (544) pixels
0x0000, 0x0000, 0x0000, 0x0000, 0x0000, 0x0000, 0x0000, 0x0000, 0x0000, 0x0000, 0x0000, 0x0000, 0x0000, 0x0000, 0x0000, 0x0000,   // 0x0230 (560) pixels
0x0000, 0x0000, 0x0000, 0x0000, 0x0000, 0x0000, 0x0000, 0x0000, 0x0000, 0x0000, 0x0000, 0x0000, 0x0000, 0x0000, 0x0000, 0x0000,   // 0x0240 (576) pixels
0x0000, 0x0000, 0x0000, 0x0000, 0x0000, 0x0000, 0x0000, 0x0000, 0x0000, 0x0000, 0x0000, 0x0000, 0x0000, 0x0000, 0x0000, 0x0000,   // 0x0250 (592) pixels
0x0000, 0x0000, 0x0000, 0x0000, 0x0000, 0x0000, 0x0000, 0x0000, 0x0000, 0x0000, 0x0000, 0x0000, 0x0000, 0x0000, 0x0000, 0x0000,   // 0x0260 (608) pixels
0x0000, 0x0000, 0x0000, 0x0000, 0x0000, 0x0000, 0x0000, 0x0000, 0x0000, 0x0000, 0x0000, 0x0000, 0x0000, 0x0000, 0x0000, 0x0000,   // 0x0270 (624) pixels
0x0000, 0x0000, 0x0000, 0x0000, 0x0000, 0x0000, 0x0000, 0x0000, 0x0000, 0x0000, 0x0000, 0x0000, 0x0000, 0x0000, 0x0000, 0x0000,   // 0x0280 (640) pixels
0x0000, 0x0000, 0x0000, 0x0000, 0x0000, 0x0000, 0x0000, 0x0000, 0x0000, 0x0000, 0x0000, 0x0000, 0x0000, 0x0000, 0x0000, 0x0000,   // 0x0290 (656) pixels
0x0000, 0x0000, 0x0000, 0x0000, 0x0000, 0x0000, 0x0000, 0x0000, 0x0000, 0x0000, 0x0000, 0x0000, 0x0000, 0x0000, 0x0000, 0x0000,   // 0x02A0 (672) pixels
0x0000, 0x0000, 0x0000, 0x0000, 0x0000, 0x0000, 0x0000, 0x0000, 0x0000, 0x0000, 0x0000, 0x0000, 0x0000, 0x0000, 0x0000, 0x0000,   // 0x02B0 (688) pixels
0x0000, 0x0000, 0x0000, 0x0000, 0x0000, 0x0000, 0x0000, 0x0000, 0x0000, 0x0000, 0x0000, 0x0000, 0x0000, 0x0000, 0x0000, 0x0000,   // 0x02C0 (704) pixels
0x0000, 0x0000, 0x0000, 0x0000, 0x0000, 0x0000, 0x0000, 0x0000, 0x0000, 0x0000, 0x0000, 0x0000, 0x0000, 0x0000, 0x0000, 0x0000,   // 0x02D0 (720) pixels
0x0000, 0x0000, 0x0000, 0x0000, 0x0000, 0x0000, 0x0000, 0x0000, 0x0000, 0x0000, 0x0000, 0x0000, 0x0000, 0x0000, 0x0000, 0x0000,   // 0x02E0 (736) pixels
0x0000, 0x0000, 0x0000, 0x0000, 0x0000, 0x0000, 0x0000, 0x0000, 0x0000, 0x0000, 0x0000, 0x0000, 0x0000, 0x0000, 0x0000, 0x0000,   // 0x02F0 (752) pixels
0x0000, 0x0000, 0x0000, 0x0000, 0x0000, 0x0000, 0x0000, 0x0000, 0x0000, 0x0000, 0x0000, 0x0000, 0x0000, 0x0000, 0x0000, 0x0000,   // 0x0300 (768) pixels
0x0000, 0x0000, 0x0000, 0x0000, 0x0000, 0x0000, 0x0000, 0x0000, 0x0000, 0x0000, 0x0000, 0x0000, 0x0000, 0x0000, 0x0000, 0x0000,   // 0x0310 (784) pixels
0x0000, 0x0000, 0x0000, 0x0000, 0x0000, 0x0000, 0x0000, 0x0000, 0x0000, 0x0000, 0x0000, 0x0000, 0x0000, 0x0000, 0x0000, 0x0000,   // 0x0320 (800) pixels
0x0000, 0x0000, 0x0000, 0x0000, 0x0000, 0x0000, 0x0000, 0x0000, 0x0000, 0x0000, 0x0000, 0x0000, 0x0000, 0x0000, 0x0000, 0x0000,   // 0x0330 (816) pixels
0x0000, 0x0000, 0x0000, 0x0000, 0x0000, 0x0000, 0x0000, 0x0000, 0x0000, 0x0000, 0x0000, 0x0000, 0x0000, 0x0000, 0x0000, 0x0000,   // 0x0340 (832) pixels
0x0000, 0x0000, 0x0000, 0x0000, 0x0000, 0x0000, 0x0000, 0x0000, 0x0000, 0x0000, 0x0000, 0x0000, 0x0000, 0x0000, 0x0000, 0x0000,   // 0x0350 (848) pixels
0x0000, 0x0000, 0x0000, 0x0000, 0x0000, 0x0000, 0x0000, 0x0000, 0x0000, 0x0000, 0x0000, 0x0000, 0x0000, 0x0000, 0x0000, 0x0000,   // 0x0360 (864) pixels
0x0000, 0x0000, 0x0000, 0x0000, 0x0000, 0x0000, 0x0000, 0x0000, 0x0000, 0x0000, 0x0000, 0x0000, 0x0000, 0x0000, 0x0000, 0x0000,   // 0x0370 (880) pixels
0x0000, 0x0000, 0x0000, 0x0000, 0x0000, 0x0000, 0x0000, 0x0000, 0x0000, 0x0000, 0x0000, 0x0000, 0x0000, 0x0000, 0x0000, 0x0000,   // 0x0380 (896) pixels
0x0000, 0x0000, 0x0000, 0x0000, 0x0000, 0x0000, 0x0000, 0x0000, 0x0000, 0x0000, 0x0000, 0x0000, 0x0000, 0x0000, 0x0000, 0x0000,   // 0x0390 (912) pixels
0x0000, 0x0000, 0x0000, 0x0000, 0x0000, 0x0000, 0x0000, 0x0000, 0x0000, 0x0000, 0x0000, 0x0000, 0x0000, 0x0000, 0x0000, 0x0000,   // 0x03A0 (928) pixels
0x0000, 0x0000, 0x0000, 0x0000, 0x0000, 0x0000, 0x0000, 0x0000, 0x0000, 0x0000, 0x0000, 0x0000, 0x0000, 0x0000, 0x0000, 0x0000,   // 0x03B0 (944) pixels
0x0000, 0x0000, 0x0000, 0x0000, 0x0000, 0x0000, 0x0000, 0x0000, 0x0000, 0x0000, 0x0000, 0x0000, 0x0000, 0x0000, 0x0000, 0x0000,   // 0x03C0 (960) pixels
0x0000, 0x0000, 0x0000, 0x0000, 0x0000, 0x0000, 0x0000, 0x0000, 0x0000, 0x0000, 0x0000, 0x0000, 0x0000, 0x0000, 0x0000, 0x0000,   // 0x03D0 (976) pixels
0x0000, 0x0000, 0x0000, 0x0000, 0x0000, 0x0000, 0x0000, 0x0000, 0x0000, 0x0000, 0x0000, 0x0000, 0x0000, 0x0000, 0x0000, 0x0000,   // 0x03E0 (992) pixels
0x0000, 0x0000, 0x0000, 0x0000, 0x0000, 0x0000, 0x0000, 0x0000, 0x0000, 0x0000, 0x0000, 0x0000, 0x0000, 0x0000, 0x0000, 0x0000,   // 0x03F0 (1008) pixels
0x0000, 0x0000, 0x0000, 0x0000, 0x0000, 0x0000, 0x0000, 0x0000, 0x0000, 0x0000, 0x0000, 0x0000, 0x0000, 0x0000, 0x0000, 0x0000,   // 0x0400 (1024) pixels
0x0000, 0x0000, 0x0000, 0x0000, 0x0000, 0x0000, 0x0000, 0x0000, 0x0000, 0x0000, 0x0000, 0x0000, 0x0000, 0x0000, 0x0000, 0x0000,   // 0x0410 (1040) pixels
0x0000, 0x0000, 0x0000, 0x0000, 0x0000, 0x0000, 0x0000, 0x0000, 0x0000, 0x0000, 0x0000, 0x0000, 0x0000, 0x0000, 0x0000, 0x0000,   // 0x0420 (1056) pixels
0x0000, 0x0000, 0x0000, 0x0000, 0x0000, 0x0000, 0x0000, 0x0000, 0x0000, 0x0000, 0x0000, 0x0000, 0x0000, 0x0000, 0x0000, 0x0000,   // 0x0430 (1072) pixels
0x0000, 0x0000, 0x0000, 0x0000, 0x0000, 0x0000, 0x0000, 0x0000, 0x0000, 0x0000, 0x0000, 0x0000, 0x0000, 0x0000, 0x0000, 0x0000,   // 0x0440 (1088) pixels
0x0000, 0x0000, 0x0000, 0x0000, 0x0000, 0x0000, 0x0000, 0x0000, 0x0000, 0x0000, 0x0000, 0x0000, 0x0000, 0x0000, 0x0000, 0x0000,   // 0x0450 (1104) pixels
0x0000, 0x0000, 0x0000, 0x0000, 0x0000, 0x0000, 0x0000, 0x0000, 0x0000, 0x0000, 0x0000, 0x0000, 0x0000, 0x0000, 0x0000, 0x0000,   // 0x0460 (1120) pixels
0x0000, 0x0000, 0x0000, 0x0000, 0x0000, 0x0000, 0x0000, 0x0000, 0x0000, 0x0000, 0x0000, 0x0000, 0x0000, 0x0000, 0x0000, 0x0000,   // 0x0470 (1136) pixels
0x0000, 0x0000, 0x0000, 0x0000, 0x0000, 0x0000, 0x0000, 0x0000, 0x0000, 0x0000, 0x0000, 0x0000, 0x0000, 0x0000, 0x0000, 0x0000,   // 0x0480 (1152) pixels
0x0000, 0x0000, 0x0000, 0x0000, 0x0000, 0x0000, 0x0000, 0x0000, 0x0000, 0x0000, 0x0000, 0x0000, 0x0000, 0x0000, 0x0000, 0x0000,   // 0x0490 (1168) pixels
0x0000, 0x0000, 0x0000, 0x0000, 0x0000, 0x0000, 0x0000, 0x0000, 0x0000, 0x0000, 0x0000, 0x0000, 0x0000, 0x0000, 0x0000, 0x0000,   // 0x04A0 (1184) pixels
0x0000, 0x0000, 0x0000, 0x0000, 0x0000, 0x0000, 0x0000, 0x0000, 0x0000, 0x0000, 0x0000, 0x0000, 0x0000, 0x0000, 0x0000, 0x0000,   // 0x04B0 (1200) pixels
0x0000, 0x0000, 0x0000, 0x0000, 0x0000, 0x0000, 0x0000, 0x0000, 0x0000, 0x0000, 0x0000, 0x0000, 0x0000, 0x0000, 0x0000, 0x0000,   // 0x04C0 (1216) pixels
0x0000, 0x0000, 0x0000, 0x0000, 0x0000, 0x0000, 0x0000, 0x0000, 0x0000, 0x0000, 0x0000, 0x0000, 0x0000, 0x0000, 0x0000, 0x0000,   // 0x04D0 (1232) pixels
0x0000, 0x0000, 0x0000, 0x0000, 0x0000, 0x0000, 0x0000, 0x0000, 0x0000, 0x0000, 0x0000, 0x0000, 0x0000, 0x0000, 0x0000, 0x0000,   // 0x04E0 (1248) pixels
0x0000, 0x0000, 0x0000, 0x0000, 0x0000, 0x0000, 0x0000, 0x0000, 0x0000, 0x0000, 0x0000, 0x0000, 0x0000, 0x0000, 0x0000, 0x0000,   // 0x04F0 (1264) pixels
0x0000, 0x0000, 0x0000, 0x0000, 0x0000, 0x0000, 0x0000, 0x0000, 0x0000, 0x0000, 0x0000, 0x0000, 0x0000, 0x0000, 0x0000, 0x0000,   // 0x0500 (1280) pixels
0x0000, 0x0000, 0x0000, 0x0000, 0x0000, 0x0000, 0x0000, 0x0000, 0x0000, 0x0000, 0x0000, 0x0000, 0x0000, 0x0000, 0x0000, 0x0000,   // 0x0510 (1296) pixels
0x0000, 0x0000, 0x0000, 0x0000, 0x0000, 0x0000, 0x0000, 0x0000, 0x0000, 0x0000, 0x0000, 0x0000, 0x0000, 0x0000, 0x0000, 0x0000,   // 0x0520 (1312) pixels
0x0000, 0x0000, 0x0000, 0x0000, 0x0000, 0x0000, 0x0000, 0x0000, 0x0000, 0x0000, 0x0000, 0x0000, 0x0000, 0x0000, 0x0000, 0x0000,   // 0x0530 (1328) pixels
0x0000, 0x0000, 0x0000, 0x0000, 0x0000, 0x0000, 0x0000, 0x0000, 0x0000, 0x0000, 0x0000, 0x0000, 0x0000, 0x0000, 0x0000, 0x0000,   // 0x0540 (1344) pixels
0x0000, 0x0000, 0x0000, 0x0000, 0x0000, 0x0000, 0x0000, 0x0000, 0x0000, 0x0000, 0x0000, 0x0000, 0x0000, 0x0000, 0x0000, 0x0000,   // 0x0550 (1360) pixels
0x0000, 0x0000, 0x0000, 0x0000, 0x0000, 0x0000, 0x0000, 0x0000, 0x0000, 0x0000, 0x0000, 0x0000, 0x0000, 0x0000, 0x0000, 0x0000,   // 0x0560 (1376) pixels
0x0000, 0x0000, 0x0000, 0x0000, 0x0000, 0x0000, 0x0000, 0x0000, 0x0000, 0x0000, 0x0000, 0x0000, 0x0000, 0x0000, 0x0000, 0x0000,   // 0x0570 (1392) pixels
0x0000, 0x0000, 0x0000, 0x0000, 0x0000, 0x0000, 0x0000, 0x0000, 0x0000, 0x0000, 0x0000, 0x0000, 0x0000, 0x0000, 0x0000, 0x0000,   // 0x0580 (1408) pixels
0x0000, 0x0000, 0x0000, 0x0000, 0x0000, 0x0000, 0x0000, 0x0000, 0x0000, 0x0000, 0x0000, 0x0000, 0x0000, 0x0000, 0x0000, 0x0000,   // 0x0590 (1424) pixels
0x0000, 0x0000, 0x0000, 0x0000, 0x0000, 0x0000, 0x0000, 0x0000, 0x0000, 0x0000, 0x0000, 0x0000, 0x0000, 0x0000, 0x0000, 0x0000,   // 0x05A0 (1440) pixels
0x0000, 0x0000, 0x0000, 0x0000, 0x0000, 0x0000, 0x0000, 0x0000, 0x0000, 0x0000, 0x0000, 0x0000, 0x0000, 0x0000, 0x0000, 0x0000,   // 0x05B0 (1456) pixels
0x0000, 0x0000, 0x0000, 0x0000, 0x0000, 0x0000, 0x0000, 0x0000, 0x0000, 0x0000, 0x0000, 0x0000, 0x0000, 0x0000, 0x0000, 0x0000,   // 0x05C0 (1472) pixels
0x0000, 0x0000, 0x0000, 0x0000, 0x0000, 0x0000, 0x0000, 0x0000, 0x0000, 0x0000, 0x0000, 0x0000, 0x0000, 0x0000, 0x0000, 0x0000,   // 0x05D0 (1488) pixels
0x0000, 0x0000, 0x0000, 0x0000, 0x0000, 0x0000, 0x0000, 0x0000, 0x0000, 0x0000, 0x0000, 0x0000, 0x0000, 0x0000, 0x0000, 0x0000,   // 0x05E0 (1504) pixels
0x0000, 0x0000, 0x0000, 0x0000, 0x0000, 0x0000, 0x0000, 0x0000, 0x0000, 0x0000, 0x0000, 0x0000, 0x0000, 0x0000, 0x0000, 0x0000,   // 0x05F0 (1520) pixels
0x0000, 0x0000, 0x0000, 0x0000, 0x0000, 0x0000, 0x0000, 0x0000, 0x0000, 0x0000, 0x0000, 0x0000, 0x0000, 0x0000, 0x0000, 0x0000,   // 0x0600 (1536) pixels
0x0000, 0x0000, 0x0000, 0x0000, 0x0000, 0x0000, 0x0000, 0x0000, 0x0000, 0x0000, 0x0000, 0x0000, 0x0000, 0x0000, 0x0000, 0x0000,   // 0x0610 (1552) pixels
0x0000, 0x0000, 0x0000, 0x0000, 0x0000, 0x0000, 0x0000, 0x0000, 0x0000, 0x0000, 0x0000, 0x0000, 0x0000, 0x0000, 0x0000, 0x0000,   // 0x0620 (1568) pixels
0x0000, 0x0000, 0x0000, 0x0000, 0x0000, 0x0000, 0x0000, 0x0000, 0x0000, 0x0000, 0x0000, 0x0000, 0x0000, 0x0000, 0x0000, 0x0000,   // 0x0630 (1584) pixels
0x0000, 0x0000, 0x0000, 0x0000, 0x0000, 0x0000, 0x0000, 0x0000, 0x0000, 0x0000, 0x0000, 0x0000, 0x0000, 0x0000, 0x0000, 0x0000,   // 0x0640 (1600) pixels
0x0000, 0x0000, 0x0000, 0x0000, 0x0000, 0x0000, 0x0000, 0x0000, 0x0000, 0x0000, 0x0000, 0x0000, 0x0000, 0x0000, 0x0000, 0x0000,   // 0x0650 (1616) pixels
0x0000, 0x0000, 0x0000, 0x0000, 0x0000, 0x0000, 0x0000, 0x0000, 0x0000, 0x0000, 0x0000, 0x0000, 0x0000, 0x0000, 0x0000, 0x0000,   // 0x0660 (1632) pixels
0x0000, 0x0000, 0x0000, 0x0000, 0x0000, 0x0000, 0x0000, 0x0000, 0x0000, 0x0000, 0x0000, 0x0000, 0x0000, 0x0000, 0x0000, 0x0000,   // 0x0670 (1648) pixels
0x0000, 0x0000, 0x0000, 0x0000, 0x0000, 0x0000, 0x0000, 0x0000, 0x0000, 0x0000, 0x0000, 0x0000, 0x0000, 0x0000, 0x0000, 0x0000,   // 0x0680 (1664) pixels
0x0000, 0x0000, 0x0000, 0x0000, 0x0000, 0x0000, 0x0000, 0x0000, 0x0000, 0x0000, 0x0000, 0x0000, 0x0000, 0x0000, 0x0000, 0x0000,   // 0x0690 (1680) pixels
0x0000, 0x0000, 0x0000, 0x0000, 0x0000, 0x0000, 0x0000, 0x0000, 0x0000, 0x0000, 0x0000, 0x0000, 0x0000, 0x0000, 0x0000, 0x0000,   // 0x06A0 (1696) pixels
0x0000, 0x0000, 0x0000, 0x0000, 0x0000, 0x0000, 0x0000, 0x0000, 0x0000, 0x0000, 0x0000, 0x0000, 0x0000, 0x0000, 0x0000, 0x0000,   // 0x06B0 (1712) pixels
0x0000, 0x0000, 0x0000, 0x0000, 0x0000, 0x0000, 0x0000, 0x0000, 0x0000, 0x0000, 0x0000, 0x0000, 0x0000, 0x0000, 0x0000, 0x0000,   // 0x06C0 (1728) pixels
0x0000, 0x0000, 0x0000, 0x0000, 0x0000, 0x0000, 0x0000, 0x0000, 0x0000, 0x0000, 0x0000, 0x0000, 0x0000, 0x0000, 0x0000, 0x0000,   // 0x06D0 (1744) pixels
0x0000, 0x0000, 0x0000, 0x0000, 0x0000, 0x0000, 0x0000, 0x0000, 0x0000, 0x0000, 0x0000, 0x0000, 0x0000, 0x0000, 0x0000, 0x0000,   // 0x06E0 (1760) pixels
0x0000, 0x0000, 0x0000, 0x0000, 0x0000, 0x0000, 0x0000, 0x0000, 0x0000, 0x0000, 0x0000, 0x0000, 0x0000, 0x0000, 0x0000, 0x0000,   // 0x06F0 (1776) pixels
0x0000, 0x0000, 0x0000, 0x0000, 0x0000, 0x0000, 0x0000, 0x0000, 0x0000, 0x0000, 0x0000, 0x0000, 0x0000, 0x0000, 0x0000, 0x0000,   // 0x0700 (1792) pixels
0x0000, 0x0000, 0x0000, 0x0000, 0x0000, 0x0000, 0x0000, 0x0000, 0x0000, 0x0000, 0x0000, 0x0000, 0x0000, 0x0000, 0x0000, 0x0000,   // 0x0710 (1808) pixels
0x0000, 0x0000, 0x0000, 0x0000, 0x0000, 0x0000, 0x0000, 0x0000, 0x0000, 0x0000, 0x0000, 0x0000, 0x0000, 0x0000, 0x0000, 0x0000,   // 0x0720 (1824) pixels
0x0000, 0x0000, 0x0000, 0x0000, 0x0000, 0x0000, 0x0000, 0x0000, 0x0000, 0x0000, 0x0000, 0x0000, 0x0000, 0x0000, 0x0000, 0x0000,   // 0x0730 (1840) pixels
0x0000, 0x0000, 0x0000, 0x0000, 0x0000, 0x0000, 0x0000, 0x0000, 0x0000, 0x0000, 0x0000, 0x0000, 0x0000, 0x0000, 0x0000, 0x0000,   // 0x0740 (1856) pixels
0x0000, 0x0000, 0x0000, 0x0000, 0x0000, 0x0000, 0x0000, 0x0000, 0x0000, 0x0000, 0x0000, 0x0000, 0x0000, 0x0000, 0x0000, 0x0000,   // 0x0750 (1872) pixels
0x0000, 0x0000, 0x0000, 0x0000, 0x0000, 0x0000, 0x0000, 0x0000, 0x0000, 0x0000, 0x0000, 0x0000, 0x0000, 0x0000, 0x0000, 0x0000,   // 0x0760 (1888) pixels
0x0000, 0x0000, 0x0000, 0x0000, 0x0000, 0x0000, 0x0000, 0x0000, 0x0000, 0x0000, 0x0000, 0x0000, 0x0000, 0x0000, 0x0000, 0x0000,   // 0x0770 (1904) pixels
0x0000, 0x0000, 0x0000, 0x0000, 0x0000, 0x0000, 0x0000, 0x0000, 0x0000, 0x0000, 0x0000, 0x0000, 0x0000, 0x0000, 0x0000, 0x0000,   // 0x0780 (1920) pixels
0x0000, 0x0000, 0x0000, 0x0000, 0x0000, 0x0000, 0x0000, 0x0000, 0x0000, 0x0000, 0x0000, 0x0000, 0x0000, 0x0000, 0x0000, 0x0000,   // 0x0790 (1936) pixels
0x0000, 0x0000, 0x0000, 0x0000, 0x0000, 0x0000, 0x0000, 0x0000, 0x0000, 0x0000, 0x0000, 0x0000, 0x0000, 0x0000, 0x0000, 0x0000,   // 0x07A0 (1952) pixels
0x0000, 0x0000, 0x0000, 0x0000, 0x0000, 0x0000, 0x0000, 0x0000, 0x0000, 0x0000, 0x0000, 0x0000, 0x0000, 0x0000, 0x0000, 0x0000,   // 0x07B0 (1968) pixels
0x0000, 0x0000, 0x0000, 0x0000, 0x0000, 0x0000, 0x0000, 0x0000, 0x0000, 0x0000, 0x0000, 0x0000, 0x0000, 0x0000, 0x0000, 0x0000,   // 0x07C0 (1984) pixels
0x0000, 0x0000, 0x0000, 0x0000, 0x0000, 0x0000, 0x0000, 0x0000, 0x0000, 0x0000, 0x0000, 0x0000, 0x0000, 0x0000, 0x0000, 0x0000,   // 0x07D0 (2000) pixels
0x0000, 0x0000, 0x0000, 0x0000, 0x0000, 0x0000, 0x0000, 0x0000, 0x0000, 0x0000, 0x0000, 0x0000, 0x0000, 0x0000, 0x0000, 0x0000,   // 0x07E0 (2016) pixels
0x0000, 0x0000, 0x0000, 0x0000, 0x0000, 0x0000, 0x0000, 0x0000, 0x0000, 0x0000, 0x0000, 0x0000, 0x0000, 0x0000, 0x0000, 0x0000,   // 0x07F0 (2032) pixels
0x0000, 0x0000, 0x0000, 0x0000, 0x0000, 0x0000, 0x0000, 0x0000, 0x0000, 0x0000, 0x0000, 0x0000, 0x0000, 0x0000, 0x0000, 0x0000,   // 0x0800 (2048) pixels
0x0000, 0x0000, 0x0000, 0x0000, 0x0000, 0x0000, 0x0000, 0x0000, 0x0000, 0x0000, 0x0000, 0x0000, 0x0000, 0x0000, 0x0000, 0x0000,   // 0x0810 (2064) pixels
0x0000, 0x0000, 0x0000, 0x0000, 0x0000, 0x0000, 0x0000, 0x0000, 0x0000, 0x0000, 0x0000, 0x0000, 0x0000, 0x0000, 0x0000, 0x0000,   // 0x0820 (2080) pixels
0x0000, 0x0000, 0x0000, 0x0000, 0x0000, 0x0000, 0x0000, 0x0000, 0x0000, 0x0000, 0x0000, 0x0000, 0x0000, 0x0000, 0x0000, 0x0000,   // 0x0830 (2096) pixels
0x0000, 0x0000, 0x0000, 0x0000, 0x0000, 0x0000, 0x0000, 0x0000, 0x0000, 0x0000, 0x0000, 0x0000, 0x0000, 0x0000, 0x0000, 0x0000,   // 0x0840 (2112) pixels
0x0000, 0x0000, 0x0000, 0x0000, 0x0000, 0x0000, 0x0000, 0x0000, 0x0000, 0x0000, 0x0000, 0x0000, 0x0000, 0x0000, 0x0000, 0x0000,   // 0x0850 (2128) pixels
0x0000, 0x0000, 0x0000, 0x0000, 0x0000, 0x0000, 0x0000, 0x0000, 0x0000, 0x0000, 0x0000, 0x0000, 0x0000, 0x0000, 0x0000, 0x0000,   // 0x0860 (2144) pixels
0x0000, 0x0000, 0x0000, 0x0000, 0x0000, 0x0000, 0x0000, 0x0000, 0x0000, 0x0000, 0x0000, 0x0000, 0x0000, 0x0000, 0x0000, 0x0000,   // 0x0870 (2160) pixels
0x0000, 0x0000, 0x0000, 0x0000, 0x0000, 0x0000, 0x0000, 0x0000, 0x0000, 0x0000, 0x0000, 0x0000, 0x0000, 0x0000, 0x0000, 0x0000,   // 0x0880 (2176) pixels
0x0000, 0x0000, 0x0000, 0x0000, 0x0000, 0x0000, 0x0000, 0x0000, 0x0000, 0x0000, 0x0000, 0x0000, 0x0000, 0x0000, 0x0000, 0x0000,   // 0x0890 (2192) pixels
0x0000, 0x0000, 0x0000, 0x0000, 0x0000, 0x0000, 0x0000, 0x0000, 0x0000, 0x0000, 0x0000, 0x0000, 0x0000, 0x0000, 0x0000, 0x0000,   // 0x08A0 (2208) pixels
0x0000, 0x0000, 0x0000, 0x0000, 0x0000, 0x0000, 0x0000, 0x0000, 0x0000, 0x0000, 0x0000, 0x0000, 0x0000, 0x0000, 0x0000, 0x0000,   // 0x08B0 (2224) pixels
0x0000, 0x0000, 0x0000, 0x0000, 0x0000, 0x0000, 0x0000, 0x0000, 0x0000, 0x0000, 0x0000, 0x0000, 0x0000, 0x0000, 0x0000, 0x0000,   // 0x08C0 (2240) pixels
0x0000, 0x0000, 0x0000, 0x0000, 0x0000, 0x0000, 0x0000, 0x0000, 0x0000, 0x0000, 0x0000, 0x0000, 0x0000, 0x0000, 0x0000, 0x0000,   // 0x08D0 (2256) pixels
0x0000, 0x0000, 0x0000, 0x0000, 0x0000, 0x0000, 0x0000, 0x0000, 0x0000, 0x0000, 0x0000, 0x0000, 0x0000, 0x0000, 0x0000, 0x0000,   // 0x08E0 (2272) pixels
0x0000, 0x0000, 0x0000, 0x0000, 0x0000, 0x0000, 0x0000, 0x0000, 0x0000, 0x0000, 0x0000, 0x0000, 0x0000, 0x0000, 0x0000, 0x0000,   // 0x08F0 (2288) pixels
0x0000, 0x0000, 0x0000, 0x0000, 0x0000, 0x0000, 0x0000, 0x0000, 0x0000, 0x0000, 0x0000, 0x0000, 0x0000, 0x0000, 0x0000, 0x0000,   // 0x0900 (2304) pixels
0x0000, 0x0000, 0x0000, 0x0000, 0x0000, 0x0000, 0x0000, 0x0000, 0x0000, 0x0000, 0x0000, 0x0000, 0x0000, 0x0000, 0x0000, 0x0000,   // 0x0910 (2320) pixels
0x0000, 0x0000, 0x0000, 0x0000, 0x0000, 0x0000, 0x0000, 0x0000, 0x0000, 0x0000, 0x0000, 0x0000, 0x0000, 0x0000, 0x0000, 0x0000,   // 0x0920 (2336) pixels
0x0000, 0x0000, 0x0000, 0x0000, 0x0000, 0x0000, 0x0000, 0x0000, 0x0000, 0x0000, 0x0000, 0x0000, 0x0000, 0x0000, 0x0000, 0x0000,   // 0x0930 (2352) pixels
0x0000, 0x0000, 0x0000, 0x0000, 0x0000, 0x0000, 0x0000, 0x0000, 0x0000, 0x0000, 0x0000, 0x0000, 0x0000, 0x0000, 0x0000, 0x0000,   // 0x0940 (2368) pixels
0x0000, 0x0000, 0x0000, 0x0000, 0x0000, 0x0000, 0x0000, 0x0000, 0x0000, 0x0000, 0x0000, 0x0000, 0x0000, 0x0000, 0x0000, 0x0000,   // 0x0950 (2384) pixels
0x0000, 0x0000, 0x0000, 0x0000, 0x0000, 0x0000, 0x0000, 0x0000, 0x0000, 0x0000, 0x0000, 0x0000, 0x0000, 0x0000, 0x0000, 0x0000,   // 0x0960 (2400) pixels
0x0000, 0x0000, 0x0000, 0x0000, 0x0000, 0x0000, 0x0000, 0x0000, 0x0000, 0x0000, 0x0000, 0x0000, 0x0000, 0x0000, 0x0000, 0x0000,   // 0x0970 (2416) pixels
0x0000, 0x0000, 0x0000, 0x0000, 0x0000, 0x0000, 0x0000, 0x0000, 0x0000, 0x0000, 0x0000, 0x0000, 0x0000, 0x0000, 0x0000, 0x0000,   // 0x0980 (2432) pixels
0x0000, 0x0000, 0x0000, 0x0000, 0x0000, 0x0000, 0x0000, 0x0000, 0x0000, 0x0000, 0x0000, 0x0000, 0x0000, 0x0000, 0x0000, 0x0000,   // 0x0990 (2448) pixels
0x0000, 0x0000, 0x0000, 0x0000, 0x0000, 0x0000, 0x0000, 0x0000, 0x0000, 0x0000, 0x0000, 0x0000, 0x0000, 0x0000, 0x0000, 0x0000,   // 0x09A0 (2464) pixels
0x0000, 0x0000, 0x0000, 0x0000, 0x0000, 0x0000, 0x0000, 0x0000, 0x0000, 0x0000, 0x0000, 0x0000, 0x0000, 0x0000, 0x0000, 0x0000,   // 0x09B0 (2480) pixels
0x0000, 0x0000, 0x0000, 0x0000, 0x0000, 0x0000, 0x0000, 0x0000, 0x0000, 0x0000, 0x0000, 0x0000, 0x0000, 0x0000, 0x0000, 0x0000,   // 0x09C0 (2496) pixels
0x0000, 0x0000, 0x0000, 0x0000, 0x0000, 0x0000, 0x0000, 0x0000, 0x0000, 0x0000, 0x0000, 0x0000, 0x0000, 0x0000, 0x0000, 0x0000,   // 0x09D0 (2512) pixels
0x0000, 0x0000, 0x0000, 0x0000, 0x0000, 0x0000, 0x0000, 0x0000, 0x0000, 0x0000, 0x0000, 0x0000, 0x0000, 0x0000, 0x0000, 0x0000,   // 0x09E0 (2528) pixels
0x0000, 0x0000, 0x0000, 0x0000, 0x0000, 0x0000, 0x0000, 0x0000, 0x0000, 0x0000, 0x0000, 0x0000, 0x0000, 0x0000, 0x0000, 0x0000,   // 0x09F0 (2544) pixels
0x0000, 0x0000, 0x0000, 0x0000, 0x0000, 0x0000, 0x0000, 0x0000, 0x0000, 0x0000, 0x0000, 0x0000, 0x0000, 0x0000, 0x0000, 0x0000,   // 0x0A00 (2560) pixels
0x0000, 0x0000, 0x0000, 0x0000, 0x0000, 0x0000, 0x0000, 0x0000, 0x0000, 0x0000, 0x0000, 0x0000, 0x0000, 0x0000, 0x0000, 0x0000,   // 0x0A10 (2576) pixels
0x0000, 0x0000, 0x0000, 0x0000, 0x0000, 0x0000, 0x0000, 0x0000, 0x0000, 0x0000, 0x0000, 0x0000, 0x0000, 0x0000, 0x0000, 0x0000,   // 0x0A20 (2592) pixels
0x0000, 0x0000, 0x0000, 0x0000, 0x0000, 0x0000, 0x0000, 0x0000, 0x0000, 0x0000, 0x0000, 0x0000, 0x0000, 0x0000, 0x0000, 0x0000,   // 0x0A30 (2608) pixels
0x0000, 0x0000, 0x0000, 0x0000, 0x0000, 0x0000, 0x0000, 0x0000, 0x0000, 0x0000, 0x0000, 0x0000, 0x0000, 0x0000, 0x0000, 0x0000,   // 0x0A40 (2624) pixels
0x0000, 0x0000, 0x0000, 0x0000, 0x0000, 0x0000, 0x0000, 0x0000, 0x0000, 0x0000, 0x0000, 0x0000, 0x0000, 0x0000, 0x0000, 0x0000,   // 0x0A50 (2640) pixels
0x0000, 0x0000, 0x0000, 0x0000, 0x0000, 0x0000, 0x0000, 0x0000, 0x0000, 0x0000, 0x0000, 0x0000, 0x0000, 0x0000, 0x0000, 0x0000,   // 0x0A60 (2656) pixels
0x0000, 0x0000, 0x0000, 0x0000, 0x0000, 0x0000, 0x0000, 0x0000, 0x0000, 0x0000, 0x0000, 0x0000, 0x0000, 0x0000, 0x0000, 0x0000,   // 0x0A70 (2672) pixels
0x0000, 0x0000, 0x0000, 0x0000, 0x0000, 0x0000, 0x0000, 0x0000, 0x0000, 0x0000, 0x0000, 0x0000, 0x0000, 0x0000, 0x0000, 0x0000,   // 0x0A80 (2688) pixels
0x0000, 0x0000, 0x0000, 0x0000, 0x0000, 0x0000, 0x0000, 0x0000, 0x0000, 0x0000, 0x0000, 0x0000, 0x0000, 0x0000, 0x0000, 0x0000,   // 0x0A90 (2704) pixels
0x0000, 0x0000, 0x0000, 0x0000, 0x0000, 0x0000, 0x0000, 0x0000, 0x0000, 0x0000, 0x0000, 0x0000, 0x0000, 0x0000, 0x0000, 0x0000,   // 0x0AA0 (2720) pixels
0x0000, 0x0000, 0x0000, 0x0000, 0x0000, 0x0000, 0x0000, 0x0000, 0x0000, 0x0000, 0x0000, 0x0000, 0x0000, 0x0000, 0x0000, 0x0000,   // 0x0AB0 (2736) pixels
0x0000, 0x0000, 0x0000, 0x0000, 0x0000, 0x0000, 0x0000, 0x0000, 0x0000, 0x0000, 0x0000, 0x0000, 0x0000, 0x0000, 0x0000, 0x0000,   // 0x0AC0 (2752) pixels
0x0000, 0x0000, 0x0000, 0x0000, 0x0000, 0x0000, 0x0000, 0x0000, 0x0000, 0x0000, 0x0000, 0x0000, 0x0000, 0x0000, 0x0000, 0x0000,   // 0x0AD0 (2768) pixels
0x0000, 0x0000, 0x0000, 0x0000, 0x0000, 0x0000, 0x0000, 0x0000, 0x0000, 0x0000, 0x0000, 0x0000, 0x0000, 0x0000, 0x0000, 0x0000,   // 0x0AE0 (2784) pixels
0x0000, 0x0000, 0x0000, 0x0000, 0x0000, 0x0000, 0x0000, 0x0000, 0x0000, 0x0000, 0x0000, 0x0000, 0x0000, 0x0000, 0x0000, 0x0000,   // 0x0AF0 (2800) pixels
0x0000, 0x0000, 0x0000, 0x0000, 0x0000, 0x0000, 0x0000, 0x0000, 0x0000, 0x0000, 0x0000, 0x0000, 0x0000, 0x0000, 0x0000, 0x0000,   // 0x0B00 (2816) pixels
0x0000, 0x0000, 0x0000, 0x0000, 0x0000, 0x0000, 0x0000, 0x0000, 0x0000, 0x0000, 0x0000, 0x0000, 0x0000, 0x0000, 0x0000, 0x0000,   // 0x0B10 (2832) pixels
0x0000, 0x0000, 0x0000, 0x0000, 0x0000, 0x0000, 0x0000, 0x0000, 0x0000, 0x0000, 0x0000, 0x0000, 0x0000, 0x0000, 0x0000, 0x0000,   // 0x0B20 (2848) pixels
0x0000, 0x0000, 0x0000, 0x0000, 0x0000, 0x0000, 0x0000, 0x0000, 0x0000, 0x0000, 0x0000, 0x0000, 0x0000, 0x0000, 0x0000, 0x0000,   // 0x0B30 (2864) pixels
0x0000, 0x0000, 0x0000, 0x0000, 0x0000, 0x0000, 0x0000, 0x0000, 0x0000, 0x0000, 0x0000, 0x0000, 0x0000, 0x0000, 0x0000, 0x0000,   // 0x0B40 (2880) pixels
0x0000, 0x0000, 0x0000, 0x0000, 0x0000, 0x0000, 0x0000, 0x0000, 0x0000, 0x0000, 0x0000, 0x0000, 0x0000, 0x0000, 0x0000, 0x0000,   // 0x0B50 (2896) pixels
0x0000, 0x0000, 0x0000, 0x0000, 0x0000, 0x0000, 0x0000, 0x0000, 0x0000, 0x0000, 0x0000, 0x0000, 0x0000, 0x0000, 0x0000, 0x0000,   // 0x0B60 (2912) pixels
0x0000, 0x0000, 0x0000, 0x0000, 0x0000, 0x0000, 0x0000, 0x0000, 0x0000, 0x0000, 0x0000, 0x0000, 0x0000, 0x0000, 0x0000, 0x0000,   // 0x0B70 (2928) pixels
0x0000, 0x0000, 0x0000, 0x0000, 0x0000, 0x0000, 0x0000, 0x0000, 0x0000, 0x0000, 0x0000, 0x0000, 0x0000, 0x0000, 0x0000, 0x0000,   // 0x0B80 (2944) pixels
0x0000, 0x0000, 0x0000, 0x0000, 0x0000, 0x0000, 0x0000, 0x0000, 0x0000, 0x0000, 0x0000, 0x0000, 0x0000, 0x0000, 0x0000, 0x0000,   // 0x0B90 (2960) pixels
0x0000, 0x0000, 0x0000, 0x0000, 0x0000, 0x0000, 0x0000, 0x0000, 0x0000, 0x0000, 0x0000, 0x0000, 0x0000, 0x0000, 0x0000, 0x0000,   // 0x0BA0 (2976) pixels
0x0000, 0x0000, 0x0000, 0x0000, 0x0000, 0x0000, 0x0000, 0x0000, 0x0000, 0x0000, 0x0000, 0x0000, 0x0000, 0x0000, 0x0000, 0x0000,   // 0x0BB0 (2992) pixels
0x0000, 0x0000, 0x0000, 0x0000, 0x0000, 0x0000, 0x0000, 0x0000, 0x0000, 0x0000, 0x0000, 0x0000, 0x0000, 0x0000, 0x0000, 0x0000,   // 0x0BC0 (3008) pixels
0x0000, 0x0000, 0x0000, 0x0000, 0x0000, 0x0000, 0x0000, 0x0000, 0x0000, 0x0000, 0x0000, 0x0000, 0x0000, 0x0000, 0x0000, 0x0000,   // 0x0BD0 (3024) pixels
0x0000, 0x0000, 0x0000, 0x0000, 0x0000, 0x0000, 0x0000, 0x0000, 0x0000, 0x0000, 0x0000, 0x0000, 0x0000, 0x0000, 0x0000, 0x0000,   // 0x0BE0 (3040) pixels
0x0000, 0x0000, 0x0000, 0x0000, 0x0000, 0x0000, 0x0000, 0x0000, 0x0000, 0x0000, 0x0000, 0x0000, 0x0000, 0x0000, 0x0000, 0x0000,   // 0x0BF0 (3056) pixels
0x0000, 0x0000, 0x0000, 0x0000, 0x0000, 0x0000, 0x0000, 0x0000, 0x0000, 0x0000, 0x0000, 0x0000, 0x0000, 0x0000, 0x0000, 0x0000,   // 0x0C00 (3072) pixels
0x0000, 0x0000, 0x0000, 0x0000, 0x0000, 0x0000, 0x0000, 0x0000, 0x0000, 0x0000, 0x0000, 0x0000, 0x0000, 0x0000, 0x0000, 0x0000,   // 0x0C10 (3088) pixels
0x0000, 0x0000, 0x0000, 0x0000, 0x0000, 0x0000, 0x0000, 0x0000, 0x0000, 0x0000, 0x0000, 0x0000, 0x0000, 0x0000, 0x0000, 0x0000,   // 0x0C20 (3104) pixels
0x0000, 0x0000, 0x0000, 0x0000, 0x0000, 0x0000, 0x0000, 0x0000, 0x0000, 0x0000, 0x0000, 0x0000, 0x0000, 0x0000, 0x0000, 0x0000,   // 0x0C30 (3120) pixels
0x0000, 0x0000, 0x0000, 0x0000, 0x0000, 0x0000, 0x0000, 0x0000, 0x0000, 0x0000, 0x0000, 0x0000, 0x0000, 0x0000, 0x0000, 0x0000,   // 0x0C40 (3136) pixels
0x0000, 0x0000, 0x0000, 0x0000, 0x0000, 0x0000, 0x0000, 0x0000, 0x0000, 0x0000, 0x0000, 0x0000, 0x0000, 0x0000, 0x0000, 0x0000,   // 0x0C50 (3152) pixels
0x0000, 0x0000, 0x0000, 0x0000, 0x0000, 0x0000, 0x0000, 0x0000, 0x0000, 0x0000, 0x0000, 0x0000, 0x0000, 0x0000, 0x0000, 0x0000,   // 0x0C60 (3168) pixels
0x0000, 0x0000, 0x0000, 0x0000, 0x0000, 0x0000, 0x0000, 0x0000, 0x0000, 0x0000, 0x0000, 0x0000, 0x0000, 0x0000, 0x0000, 0x0000,   // 0x0C70 (3184) pixels
0x0000, 0x0000, 0x0000, 0x0000, 0x0000, 0x0000, 0x0000, 0x0000, 0x0000, 0x0000, 0x0000, 0x0000, 0x0000, 0x0000, 0x0000, 0x0000,   // 0x0C80 (3200) pixels
0x0000, 0x0000, 0x0000, 0x0000, 0x0000, 0x0000, 0x0000, 0x0000, 0x0000, 0x0000, 0x0000, 0x0000, 0x0000, 0x0000, 0x0000, 0x0000,   // 0x0C90 (3216) pixels
0x0000, 0x0000, 0x0000, 0x0000, 0x0000, 0x0000, 0x0000, 0x0000, 0x0000, 0x0000, 0x0000, 0x0000, 0x0000, 0x0000, 0x0000, 0x0000,   // 0x0CA0 (3232) pixels
0x0000, 0x0000, 0x0000, 0x0000, 0x0000, 0x0000, 0x0000, 0x0000, 0x0000, 0x0000, 0x0000, 0x0000, 0x0000, 0x0000, 0x0000, 0x0000,   // 0x0CB0 (3248) pixels
0x0000, 0x0000, 0x0000, 0x0000, 0x0000, 0x0000, 0x0000, 0x0000, 0x0000, 0x0000, 0x0000, 0x0000, 0x0000, 0x0000, 0x0000, 0x0000,   // 0x0CC0 (3264) pixels
0x0000, 0x0000, 0x0000, 0x0000, 0x0000, 0x0000, 0x0000, 0x0000, 0x0000, 0x0000, 0x0000, 0x0000, 0x0000, 0x0000, 0x0000, 0x0000,   // 0x0CD0 (3280) pixels
0x0000, 0x0000, 0x0000, 0x0000, 0x0000, 0x0000, 0x0000, 0x0000, 0x0000, 0x0000, 0x0000, 0x0000, 0x0000, 0x0000, 0x0000, 0x0000,   // 0x0CE0 (3296) pixels
0x0000, 0x0000, 0x0000, 0x0000, 0x0000, 0x0000, 0x0000, 0x0000, 0x0000, 0x0000, 0x0000, 0x0000, 0x0000, 0x0000, 0x0000, 0x0000,   // 0x0CF0 (3312) pixels
0x0000, 0x0000, 0x0000, 0x0000, 0x0000, 0x0000, 0x0000, 0x0000, 0x0000, 0x0000, 0x0000, 0x0000, 0x0000, 0x0000, 0x0000, 0x0000,   // 0x0D00 (3328) pixels
0x0000, 0x0000, 0x0000, 0x0000, 0x0000, 0x0000, 0x0000, 0x0000, 0x0000, 0x0000, 0x0000, 0x0000, 0x0000, 0x0000, 0x0000, 0x0000,   // 0x0D10 (3344) pixels
0x0000, 0x0000, 0x0000, 0x0000, 0x0000, 0x0000, 0x0000, 0x0000, 0x0000, 0x0000, 0x0000, 0x0000, 0x0000, 0x0000, 0x0000, 0x0000,   // 0x0D20 (3360) pixels
0x0000, 0x0000, 0x0000, 0x0000, 0x0000, 0x0000, 0x0000, 0x0000, 0x0000, 0x0000, 0x0000, 0x0000, 0x0000, 0x0000, 0x0000, 0x0000,   // 0x0D30 (3376) pixels
0x0000, 0x0000, 0x0000, 0x0000, 0x0000, 0x0000, 0x0000, 0x0000, 0x0000, 0x0000, 0x0000, 0x0000, 0x0000, 0x0000, 0x0000, 0x0000,   // 0x0D40 (3392) pixels
0x0000, 0x0000, 0x0000, 0x0000, 0x0000, 0x0000, 0x0000, 0x0000, 0x0000, 0x0000, 0x0000, 0x0000, 0x0000, 0x0000, 0x0000, 0x0000,   // 0x0D50 (3408) pixels
0x0000, 0x0000, 0x0000, 0x0000, 0x0000, 0x0000, 0x0000, 0x0000, 0x0000, 0x0000, 0x0000, 0x0000, 0x0000, 0x0000, 0x0000, 0x0000,   // 0x0D60 (3424) pixels
0x0000, 0x0000, 0x0000, 0x0000, 0x0000, 0x0000, 0x0000, 0x0000, 0x0000, 0x0000, 0x0000, 0x0000, 0x0000, 0x0000, 0x0000, 0x0000,   // 0x0D70 (3440) pixels
0x0000, 0x0000, 0x0000, 0x0000, 0x0000, 0x0000, 0x0000, 0x0000, 0x0000, 0x0000, 0x0000, 0x0000, 0x0000, 0x0000, 0x0000, 0x0000,   // 0x0D80 (3456) pixels
0x0000, 0x0000, 0x0000, 0x0000, 0x0000, 0x0000, 0x0000, 0x0000, 0x0000, 0x0000, 0x0000, 0x0000, 0x0000, 0x0000, 0x0000, 0x0000,   // 0x0D90 (3472) pixels
0x0000, 0x0000, 0x0000, 0x0000, 0x0000, 0x0000, 0x0000, 0x0000, 0x0000, 0x0000, 0x0000, 0x0000, 0x0000, 0x0000, 0x0000, 0x0000,   // 0x0DA0 (3488) pixels
0x0000, 0x0000, 0x0000, 0x0000, 0x0000, 0x0000, 0x0000, 0x0000, 0x0000, 0x0000, 0x0000, 0x0000, 0x0000, 0x0000, 0x0000, 0x0000,   // 0x0DB0 (3504) pixels
0x0000, 0x0000, 0x0000, 0x0000, 0x0000, 0x0000, 0x0000, 0x0000, 0x0000, 0x0000, 0x0000, 0x0000, 0x0000, 0x0000, 0x0000, 0x0000,   // 0x0DC0 (3520) pixels
0x0000, 0x0000, 0x0000, 0x0000, 0x0000, 0x0000, 0x0000, 0x0000, 0x0000, 0x0000, 0x0000, 0x0000, 0x0000, 0x0000, 0x0000, 0x0000,   // 0x0DD0 (3536) pixels
0x0000, 0x0000, 0x0000, 0x0000, 0x0000, 0x0000, 0x0000, 0x0000, 0x0000, 0x0000, 0x0000, 0x0000, 0x0000, 0x0000, 0x0000, 0x0000,   // 0x0DE0 (3552) pixels
0x0000, 0x0000, 0x0000, 0x0000, 0x0000, 0x0000, 0x0000, 0x0000, 0x0000, 0x0000, 0x0000, 0x0000, 0x0000, 0x0000, 0x0000, 0x0000,   // 0x0DF0 (3568) pixels
0x0000, 0x0000, 0x0000, 0x0000, 0x0000, 0x0000, 0x0000, 0x0000, 0x0000, 0x0000, 0x0000, 0x0000, 0x0000, 0x0000, 0x0000, 0x0000,   // 0x0E00 (3584) pixels
0x0000, 0x0000, 0x0000, 0x0000, 0x0000, 0x0000, 0x0000, 0x0000, 0x0000, 0x0000, 0x0000, 0x0000, 0x0000, 0x0000, 0x0000, 0x0000,   // 0x0E10 (3600) pixels
0x0000, 0x0000, 0x0000, 0x0000, 0x0000, 0x0000, 0x0000, 0x0000, 0x0000, 0x0000, 0x0000, 0x0000, 0x0000, 0x0000, 0x0000, 0x0000,   // 0x0E20 (3616) pixels
0x0000, 0x0000, 0x0000, 0x0000, 0x0000, 0x0000, 0x0000, 0x0000, 0x0000, 0x0000, 0x0000, 0x0000, 0x0000, 0x0000, 0x0000, 0x0000,   // 0x0E30 (3632) pixels
0x0000, 0x0000, 0x0000, 0x0000, 0x0000, 0x0000, 0x0000, 0x0000, 0x0000, 0x0000, 0x0000, 0x0000, 0x0000, 0x0000, 0x0000, 0x0000,   // 0x0E40 (3648) pixels
0x0000, 0x0000, 0x0000, 0x0000, 0x0000, 0x0000, 0x0000, 0x0000, 0x0000, 0x0000, 0x0000, 0x0000, 0x0000, 0x0000, 0x0000, 0x0000,   // 0x0E50 (3664) pixels
0x0000, 0x0000, 0x0000, 0x0000, 0x0000, 0x0000, 0x0000, 0x0000, 0x0000, 0x0000, 0x0000, 0x0000, 0x0000, 0x0000, 0x0000, 0x0000,   // 0x0E60 (3680) pixels
0x0000, 0x0000, 0x0000, 0x0000, 0x0000, 0x0000, 0x0000, 0x0000, 0x0000, 0x0000, 0x0000, 0x0000, 0x0000, 0x0000, 0x0000, 0x0000,   // 0x0E70 (3696) pixels
0x0000, 0x0000, 0x0000, 0x0000, 0x0000, 0x0000, 0x0000, 0x0000, 0x0000, 0x0000, 0x0000, 0x0000, 0x0000, 0x0000, 0x0000, 0x0000,   // 0x0E80 (3712) pixels
0x0000, 0x0000, 0x0000, 0x0000, 0x0000, 0x0000, 0x0000, 0x0000, 0x0000, 0x0000, 0x0000, 0x0000, 0x0000, 0x0000, 0x0000, 0x0000,   // 0x0E90 (3728) pixels
0x0000, 0x0000, 0x0000, 0x0000, 0x0000, 0x0000, 0x0000, 0x0000, 0x0000, 0x0000, 0x0000, 0x0000, 0x0000, 0x0000, 0x0000, 0x0000,   // 0x0EA0 (3744) pixels
0x0000, 0x0000, 0x0000, 0x0000, 0x0000, 0x0000, 0x0000, 0x0000, 0x0000, 0x0000, 0x0000, 0x0000, 0x0000, 0x0000, 0x0000, 0x0000,   // 0x0EB0 (3760) pixels
0x0000, 0x0000, 0x0000, 0x0000, 0x0000, 0x0000, 0x0000, 0x0000, 0x0000, 0x0000, 0x0000, 0x0000, 0x0000, 0x0000, 0x0000, 0x0000,   // 0x0EC0 (3776) pixels
0x0000, 0x0000, 0x0000, 0x0000, 0x0000, 0x0000, 0x0000, 0x0000, 0x0000, 0x0000, 0x0000, 0x0000, 0x0000, 0x0000, 0x0000, 0x0000,   // 0x0ED0 (3792) pixels
0x0000, 0x0000, 0x0000, 0x0000, 0x0000, 0x0000, 0x0000, 0x0000, 0x0000, 0x0000, 0x0000, 0x0000, 0x0000, 0x0000, 0x0000, 0x0000,   // 0x0EE0 (3808) pixels
0x0000, 0x0000, 0x0000, 0x0000, 0x0000, 0x0000, 0x0000, 0x0000, 0x0000, 0x0000, 0x0000, 0x0000, 0x0000, 0x0000, 0x0000, 0x0000,   // 0x0EF0 (3824) pixels
0x0000, 0x0000, 0x0000, 0x0000, 0x0000, 0x0000, 0x0000, 0x0000, 0x0000, 0x0000, 0x0000, 0x0000, 0x0000, 0x0000, 0x0000, 0x0000,   // 0x0F00 (3840) pixels
0x0000, 0x0000, 0x0000, 0x0000, 0x0000, 0x0000, 0x0000, 0x0000, 0x0000, 0x0000, 0x0000, 0x0000, 0x0000, 0x0000, 0x0000, 0x0000,   // 0x0F10 (3856) pixels
0x0000, 0x0000, 0x0000, 0x0000, 0x0000, 0x0000, 0x0000, 0x0000, 0x0000, 0x0000, 0x0000, 0x0000, 0x0000, 0x0000, 0x0000, 0x0000,   // 0x0F20 (3872) pixels
0x0000, 0x0000, 0x0000, 0x0000, 0x0000, 0x0000, 0x0000, 0x0000, 0x0000, 0x0000, 0x0000, 0x0000, 0x0000, 0x0000, 0x0000, 0x0000,   // 0x0F30 (3888) pixels
0x0000, 0x0000, 0x0000, 0x0000, 0x0000, 0x0000, 0x0000, 0x0000, 0x0000, 0x0001, 0x0001, 0x0000, 0x0800, 0x0000, 0x0000, 0x0000,   // 0x0F40 (3904) pixels
0x0000, 0x0000, 0x0000, 0x0000, 0x0000, 0x0001, 0x0000, 0x0000, 0x0000, 0x0000, 0x0000, 0x0000, 0x0000, 0x0000, 0x0000, 0x0000,   // 0x0F50 (3920) pixels
0x0000, 0x0000, 0x0000, 0x0000, 0x0000, 0x0000, 0x0000, 0x0000, 0x0000, 0x0000, 0x0000, 0x0000, 0x0000, 0x0000, 0x0000, 0x0000,   // 0x0F60 (3936) pixels
0x0000, 0x0000, 0x0000, 0x0000, 0x0000, 0x0000, 0x0000, 0x0000, 0x0000, 0x0000, 0x0000, 0x0000, 0x0000, 0x0000, 0x0000, 0x0000,   // 0x0F70 (3952) pixels
0x0000, 0x0000, 0x0000, 0x0000, 0x0000, 0x0000, 0x0000, 0x0000, 0x0000, 0x0000, 0x0000, 0x0000, 0x0000, 0x0000, 0x0000, 0x0000,   // 0x0F80 (3968) pixels
0x0000, 0x0000, 0x0000, 0x0000, 0x0000, 0x0000, 0x0000, 0x0000, 0x0000, 0x0000, 0x0000, 0x0000, 0x0000, 0x0000, 0x0000, 0x0000,   // 0x0F90 (3984) pixels
0x0000, 0x0000, 0x0000, 0x0000, 0x0000, 0x0000, 0x0000, 0x0000, 0x0000, 0x0000, 0x0000, 0x0000, 0x0000, 0x0000, 0x0000, 0x0000,   // 0x0FA0 (4000) pixels
0x0000, 0x0000, 0x0000, 0x0000, 0x0000, 0x0000, 0x0000, 0x0000, 0x0000, 0x0000, 0x0000, 0x0000, 0x0000, 0x0000, 0x0000, 0x0000,   // 0x0FB0 (4016) pixels
0x0840, 0x0000, 0x0000, 0x0000, 0x0000, 0x0000, 0x0020, 0x0000, 0x0000, 0x0020, 0x0000, 0x0000, 0x0000, 0x0000, 0x0000, 0x0000,   // 0x0FC0 (4032) pixels
0x0000, 0x0000, 0x0000, 0x0000, 0x0000, 0x0000, 0x0000, 0x0000, 0x0000, 0x0000, 0x0000, 0x0000, 0x0000, 0x0000, 0x0000, 0x0000,   // 0x0FD0 (4048) pixels
0x0000, 0x0000, 0x0000, 0x0000, 0x0000, 0x0000, 0x0000, 0x0000, 0x0000, 0x0000, 0x0000, 0x0000, 0x0000, 0x0000, 0x0000, 0x0000,   // 0x0FE0 (4064) pixels
0x0000, 0x0000, 0x0000, 0x0000, 0x0000, 0x0000, 0x0000, 0x0000, 0x0000, 0x0000, 0x0000, 0x0000, 0x0000, 0x0000, 0x0000, 0x0000,   // 0x0FF0 (4080) pixels
0x0000, 0x0000, 0x0000, 0x0000, 0x0000, 0x0000, 0x0000, 0x0000, 0x0000, 0x0000, 0x0000, 0x0000, 0x0000, 0x0000, 0x0000, 0x0000,   // 0x1000 (4096) pixels
0x0000, 0x0000, 0x0000, 0x0000, 0x0000, 0x0000, 0x0000, 0x0000, 0x0000, 0x0000, 0x0000, 0x0000, 0x0000, 0x0000, 0x0000, 0x0000,   // 0x1010 (4112) pixels
0x0000, 0x0000, 0x0000, 0x0000, 0x0000, 0x0000, 0x0000, 0x0000, 0x0000, 0x0000, 0x0000, 0x0000, 0x0000, 0x0000, 0x0000, 0x0000,   // 0x1020 (4128) pixels
0x0000, 0x0000, 0x0000, 0x0000, 0x0000, 0x0000, 0x0000, 0x0000, 0x0000, 0x0000, 0x0000, 0x0821, 0x0000, 0x0000, 0x0021, 0x0000,   // 0x1030 (4144) pixels
0x0001, 0x0000, 0x0000, 0x0000, 0x0000, 0x0000, 0x0000, 0x0000, 0x0000, 0x0000, 0x0000, 0x0000, 0x0000, 0x0000, 0x0000, 0x0000,   // 0x1040 (4160) pixels
0x0000, 0x0000, 0x0000, 0x0000, 0x0000, 0x0000, 0x0000, 0x0000, 0x0000, 0x0000, 0x0000, 0x0000, 0x0000, 0x0000, 0x0000, 0x0000,   // 0x1050 (4176) pixels
0x0000, 0x0000, 0x0000, 0x0000, 0x0000, 0x0000, 0x0000, 0x0000, 0x0000, 0x0000, 0x0000, 0x0000, 0x0000, 0x0000, 0x0000, 0x0000,   // 0x1060 (4192) pixels
0x0000, 0x0000, 0x0000, 0x0000, 0x0000, 0x0000, 0x0000, 0x0000, 0x0000, 0x0000, 0x0000, 0x0000, 0x0000, 0x0000, 0x0000, 0x0000,   // 0x1070 (4208) pixels
0x0000, 0x0000, 0x0000, 0x0000, 0x0000, 0x0000, 0x0000, 0x0000, 0x0000, 0x0000, 0x0000, 0x0000, 0x0000, 0x0000, 0x0000, 0x0000,   // 0x1080 (4224) pixels
0x0000, 0x0000, 0x0000, 0x0000, 0x0000, 0x0000, 0x0000, 0x0000, 0x0000, 0x0000, 0x0000, 0x0000, 0x0000, 0x0000, 0x0000, 0x0000,   // 0x1090 (4240) pixels
0x0000, 0x0000, 0x0000, 0x0000, 0x0000, 0x0000, 0x0000, 0x0000, 0x0000, 0x0000, 0x0000, 0x0000, 0x0000, 0x0000, 0x0000, 0x0000,   // 0x10A0 (4256) pixels
0x0000, 0x0000, 0x0021, 0x0001, 0x0000, 0x0000, 0x0001, 0x0001, 0x0001, 0x0000, 0x0000, 0x0000, 0x0000, 0x0000, 0x0000, 0x0000,   // 0x10B0 (4272) pixels
0x0000, 0x0000, 0x0000, 0x0000, 0x0000, 0x0000, 0x0000, 0x0000, 0x0000, 0x0000, 0x0000, 0x0000, 0x0000, 0x0000, 0x0000, 0x0000,   // 0x10C0 (4288) pixels
0x0000, 0x0000, 0x0000, 0x0000, 0x0000, 0x0000, 0x0000, 0x0000, 0x0000, 0x0000, 0x0000, 0x0000, 0x0000, 0x0000, 0x0000, 0x0000,   // 0x10D0 (4304) pixels
0x0000, 0x0000, 0x0000, 0x0000, 0x0000, 0x0000, 0x0000, 0x0000, 0x0000, 0x0000, 0x0000, 0x0000, 0x0000, 0x0000, 0x0000, 0x0000,   // 0x10E0 (4320) pixels
0x0000, 0x0000, 0x0000, 0x0000, 0x0000, 0x0000, 0x0000, 0x0000, 0x0000, 0x0000, 0x0000, 0x0000, 0x0000, 0x0000, 0x0000, 0x0000,   // 0x10F0 (4336) pixels
0x0000, 0x0000, 0x0000, 0x0000, 0x0000, 0x0000, 0x0000, 0x0000, 0x0000, 0x0000, 0x0000, 0x0000, 0x0000, 0x0000, 0x0000, 0x0000,   // 0x1100 (4352) pixels
0x0000, 0x0000, 0x0000, 0x0000, 0x0000, 0x0000, 0x0000, 0x0000, 0x0000, 0x0000, 0x0000, 0x0000, 0x0000, 0x0000, 0x0000, 0x0000,   // 0x1110 (4368) pixels
0x0000, 0x0000, 0x0000, 0x0000, 0x0000, 0x0000, 0x0000, 0x0000, 0x0023, 0x0001, 0x0000, 0x0000, 0x0000, 0x0000, 0x0000, 0x0000,   // 0x1120 (4384) pixels
0x0000, 0x0000, 0x0041, 0x0020, 0x0000, 0x0020, 0x0000, 0x0000, 0x0000, 0x0000, 0x0000, 0x0000, 0x0000, 0x0000, 0x0000, 0x0000,   // 0x1130 (4400) pixels
0x0000, 0x0000, 0x0000, 0x0000, 0x0000, 0x0000, 0x0000, 0x0000, 0x0000, 0x0000, 0x0000, 0x0000, 0x0000, 0x0000, 0x0000, 0x0000,   // 0x1140 (4416) pixels
0x0000, 0x0000, 0x0000, 0x0000, 0x0000, 0x0000, 0x0000, 0x0000, 0x0000, 0x0000, 0x0000, 0x0000, 0x0000, 0x0000, 0x0000, 0x0000,   // 0x1150 (4432) pixels
0x0000, 0x0000, 0x0000, 0x0000, 0x0000, 0x0000, 0x0000, 0x0000, 0x0000, 0x0000, 0x0000, 0x0000, 0x0000, 0x0000, 0x0000, 0x0000,   // 0x1160 (4448) pixels
0x0000, 0x0000, 0x0000, 0x0000, 0x0000, 0x0000, 0x0000, 0x0000, 0x0000, 0x0000, 0x0000, 0x0000, 0x0000, 0x0000, 0x0000, 0x0000,   // 0x1170 (4464) pixels
0x0000, 0x0000, 0x0000, 0x0000, 0x0000, 0x0000, 0x0000, 0x0000, 0x0000, 0x0000, 0x0000, 0x0000, 0x0000, 0x0000, 0x0000, 0x0000,   // 0x1180 (4480) pixels
0x0000, 0x0000, 0x0000, 0x0000, 0x0000, 0x0000, 0x0000, 0x0000, 0x0000, 0x0000, 0x0000, 0x0000, 0x0000, 0x0000, 0x0000, 0x0000,   // 0x1190 (4496) pixels
0x0002, 0x0000, 0x28E0, 0x5A41, 0x6A81, 0x6261, 0x6262, 0x49C0, 0x0820, 0x0000, 0x0020, 0x0021, 0x0000, 0x0020, 0x0000, 0x0800,   // 0x11A0 (4512) pixels
0x0000, 0x0000, 0x0000, 0x0000, 0x0000, 0x0000, 0x0000, 0x0000, 0x0000, 0x0000, 0x0000, 0x0000, 0x0000, 0x0000, 0x0000, 0x0000,   // 0x11B0 (4528) pixels
0x0000, 0x0000, 0x0000, 0x0000, 0x0000, 0x0000, 0x0000, 0x0000, 0x0000, 0x0000, 0x0000, 0x0000, 0x0000, 0x0000, 0x0000, 0x0000,   // 0x11C0 (4544) pixels
0x0000, 0x0000, 0x0000, 0x0000, 0x0000, 0x0000, 0x0000, 0x0000, 0x0000, 0x0000, 0x0000, 0x0000, 0x0000, 0x0000, 0x0000, 0x0000,   // 0x11D0 (4560) pixels
0x0000, 0x0000, 0x0000, 0x0000, 0x0000, 0x0000, 0x0000, 0x0000, 0x0000, 0x0000, 0x0000, 0x0000, 0x0000, 0x0000, 0x0000, 0x0000,   // 0x11E0 (4576) pixels
0x0000, 0x0000, 0x0000, 0x0000, 0x0000, 0x0000, 0x0000, 0x0000, 0x0000, 0x0000, 0x0000, 0x0000, 0x0000, 0x0000, 0x0000, 0x0000,   // 0x11F0 (4592) pixels
0x0000, 0x0000, 0x0000, 0x0000, 0x0000, 0x0000, 0x0000, 0x0000, 0x0000, 0x0000, 0x0000, 0x0000, 0x0000, 0x0000, 0x0000, 0x0000,   // 0x1200 (4608) pixels
0x0000, 0x0000, 0x0000, 0x0000, 0x0000, 0x0000, 0x0000, 0x0000, 0x0800, 0x28C0, 0x9362, 0xDD64, 0xE562, 0xE563, 0xE585, 0xCCE4,   // 0x1210 (4624) pixels
0x4982, 0x1000, 0x0000, 0x0000, 0x0000, 0x0000, 0x0000, 0x0000, 0x0000, 0x0000, 0x0000, 0x0000, 0x0000, 0x0000, 0x0000, 0x0000,   // 0x1220 (4640) pixels
0x0000, 0x0000, 0x0000, 0x0000, 0x0000, 0x0000, 0x0000, 0x0000, 0x0000, 0x0000, 0x0000, 0x0000, 0x0000, 0x0000, 0x0000, 0x0000,   // 0x1230 (4656) pixels
0x0000, 0x0000, 0x0000, 0x0000, 0x0000, 0x0000, 0x0000, 0x0000, 0x0000, 0x0000, 0x0000, 0x0000, 0x0000, 0x0000, 0x0000, 0x0000,   // 0x1240 (4672) pixels
0x0000, 0x0000, 0x0000, 0x0000, 0x0000, 0x0000, 0x0000, 0x0000, 0x0000, 0x0000, 0x0000, 0x0000, 0x0000, 0x0000, 0x0000, 0x0000,   // 0x1250 (4688) pixels
0x0000, 0x0000, 0x0000, 0x0000, 0x0000, 0x0000, 0x0000, 0x0000, 0x0000, 0x0000, 0x0000, 0x0000, 0x0000, 0x0000, 0x0000, 0x0000,   // 0x1260 (4704) pixels
0x0000, 0x0000, 0x0000, 0x0000, 0x0000, 0x0000, 0x0000, 0x0000, 0x0000, 0x0000, 0x0000, 0x0000, 0x0000, 0x0000, 0x0000, 0x0000,   // 0x1270 (4720) pixels
0x0000, 0x0000, 0x0000, 0x0000, 0x0000, 0x0000, 0x0000, 0x0000, 0x0000, 0x0000, 0x0000, 0x0000, 0x0000, 0x0000, 0x0000, 0x0000,   // 0x1280 (4736) pixels
0x2060, 0x7AA3, 0xE5A6, 0xFE82, 0xFDC0, 0xFD80, 0xFE00, 0xFE01, 0x93A9, 0x28C0, 0x0800, 0x0000, 0x0000, 0x0020, 0x0000, 0x0000,   // 0x1290 (4752) pixels
0x0000, 0x0000, 0x0000, 0x0000, 0x0000, 0x0000, 0x0000, 0x0000, 0x0000, 0x0000, 0x0000, 0x0000, 0x0000, 0x0000, 0x0000, 0x0000,   // 0x12A0 (4768) pixels
0x0000, 0x0000, 0x0000, 0x0000, 0x0000, 0x0000, 0x0000, 0x0000, 0x0000, 0x0000, 0x0000, 0x0000, 0x0000, 0x0000, 0x0000, 0x0000,   // 0x12B0 (4784) pixels
0x0000, 0x0000, 0x0000, 0x0000, 0x0000, 0x0000, 0x0000, 0x0000, 0x0000, 0x0000, 0x0000, 0x0000, 0x0000, 0x0000, 0x0000, 0x0000,   // 0x12C0 (4800) pixels
0x0000, 0x0000, 0x0000, 0x0000, 0x0000, 0x0000, 0x0000, 0x0000, 0x0000, 0x0000, 0x0000, 0x0000, 0x0000, 0x0000, 0x0000, 0x0000,   // 0x12D0 (4816) pixels
0x0000, 0x0000, 0x0000, 0x0000, 0x0000, 0x0000, 0x0000, 0x0000, 0x0000, 0x0000, 0x0000, 0x0000, 0x0000, 0x0000, 0x0000, 0x0000,   // 0x12E0 (4832) pixels
0x0000, 0x0000, 0x0000, 0x0000, 0x0000, 0x0000, 0x0000, 0x0000, 0x0000, 0x0000, 0x0000, 0x0000, 0x0000, 0x0000, 0x0000, 0x0000,   // 0x12F0 (4848) pixels
0x0020, 0x0801, 0x0000, 0x0020, 0x0001, 0x0801, 0x3101, 0x6AA0, 0xAB84, 0xE500, 0xFE60, 0xFE01, 0xF560, 0xFDC0, 0xEDA3, 0x9426,   // 0x1300 (4864) pixels
0xABC5, 0x6A42, 0x1860, 0x0000, 0x0001, 0x0000, 0x0000, 0x0001, 0x0000, 0x0000, 0x0000, 0x0000, 0x0000, 0x0000, 0x0000, 0x0000,   // 0x1310 (4880) pixels
0x0000, 0x0000, 0x0000, 0x0000, 0x0000, 0x0000, 0x0000, 0x0000, 0x0000, 0x0000, 0x0000, 0x0000, 0x0000, 0x0000, 0x0000, 0x0000,   // 0x1320 (4896) pixels
0x0000, 0x0000, 0x0000, 0x0000, 0x0000, 0x0000, 0x0000, 0x0000, 0x0000, 0x0000, 0x0000, 0x0000, 0x0000, 0x0000, 0x0000, 0x0000,   // 0x1330 (4912) pixels
0x0000, 0x0000, 0x0000, 0x0000, 0x0000, 0x0000, 0x0000, 0x0000, 0x0000, 0x0000, 0x0000, 0x0000, 0x0000, 0x0000, 0x0000, 0x0000,   // 0x1340 (4928) pixels
0x0000, 0x0000, 0x0000, 0x0000, 0x0000, 0x0000, 0x0000, 0x0000, 0x0000, 0x0000, 0x0000, 0x0000, 0x0000, 0x0000, 0x0000, 0x0000,   // 0x1350 (4944) pixels
0x0000, 0x0000, 0x0000, 0x0000, 0x0000, 0x0000, 0x0000, 0x0000, 0x0000, 0x0000, 0x0000, 0x0000, 0x0000, 0x0000, 0x0000, 0x0000,   // 0x1360 (4960) pixels
0x0000, 0x0000, 0x0000, 0x0000, 0x0000, 0x0000, 0x0000, 0x0000, 0x0000, 0x0000, 0x0000, 0x0000, 0x0020, 0x1040, 0x7AC3, 0xCD85,   // 0x1370 (4976) pixels
0xE5E2, 0xFE60, 0xFDA0, 0xF3C1, 0xFBE0, 0xFD82, 0xC4A4, 0x4985, 0x6A66, 0x9364, 0x5180, 0x0000, 0x0042, 0x0820, 0x0000, 0x0001,   // 0x1380 (4992) pixels
0x0000, 0x0000, 0x0000, 0x0000, 0x0000, 0x0000, 0x0000, 0x0000, 0x0000, 0x0000, 0x0000, 0x0000, 0x0000, 0x0000, 0x0000, 0x0000,   // 0x1390 (5008) pixels
0x0000, 0x0000, 0x0000, 0x0000, 0x0000, 0x0000, 0x0000, 0x0000, 0x0000, 0x0000, 0x0000, 0x0000, 0x0000, 0x0000, 0x0000, 0x0000,   // 0x13A0 (5024) pixels
0x0000, 0x0000, 0x0000, 0x0000, 0x0000, 0x0000, 0x0000, 0x0000, 0x0000, 0x0000, 0x0000, 0x0000, 0x0000, 0x0000, 0x0000, 0x0000,   // 0x13B0 (5040) pixels
0x0000, 0x0000, 0x0000, 0x0000, 0x0000, 0x0000, 0x0000, 0x0000, 0x0000, 0x0000, 0x0000, 0x0000, 0x0000, 0x0000, 0x0000, 0x0000,   // 0x13C0 (5056) pixels
0x0000, 0x0000, 0x0000, 0x0000, 0x0000, 0x0000, 0x0000, 0x0000, 0x0000, 0x0000, 0x0000, 0x0000, 0x0000, 0x0000, 0x0000, 0x0000,   // 0x13D0 (5072) pixels
0x0000, 0x0000, 0x0000, 0x0000, 0x0000, 0x0000, 0x0000, 0x0000, 0x0000, 0x0000, 0x0000, 0x0000, 0x0000, 0x0000, 0x0000, 0x0000,   // 0x13E0 (5088) pixels
0x0001, 0x0020, 0x0000, 0x0800, 0x0020, 0x41A0, 0xCC82, 0xFEA2, 0xFE80, 0xFE40, 0xFC21, 0xF940, 0xE920, 0xCB41, 0x8B66, 0x4188,   // 0x13F0 (5104) pixels
0x2908, 0x9BA5, 0xABE3, 0x3142, 0x0001, 0x0000, 0x0800, 0x0002, 0x0000, 0x0000, 0x0000, 0x0000, 0x0000, 0x0000, 0x0000, 0x0000,   // 0x1400 (5120) pixels
0x0000, 0x0000, 0x0000, 0x0000, 0x0000, 0x0000, 0x0000, 0x0000, 0x0000, 0x0000, 0x0000, 0x0000, 0x0000, 0x0000, 0x0000, 0x0000,   // 0x1410 (5136) pixels
0x0000, 0x0000, 0x0000, 0x0000, 0x0000, 0x0000, 0x0000, 0x0000, 0x0000, 0x0000, 0x0000, 0x0000, 0x0000, 0x0000, 0x0000, 0x0000,   // 0x1420 (5152) pixels
0x0000, 0x0000, 0x0000, 0x0000, 0x0000, 0x0000, 0x0000, 0x0000, 0x0000, 0x0000, 0x0000, 0x0000, 0x0000, 0x0000, 0x0000, 0x0000,   // 0x1430 (5168) pixels
0x0000, 0x0000, 0x0000, 0x0000, 0x0000, 0x0000, 0x0000, 0x0000, 0x0000, 0x0000, 0x0000, 0x0000, 0x0000, 0x0000, 0x0000, 0x0000,   // 0x1440 (5184) pixels
0x0000, 0x0000, 0x0000, 0x0000, 0x0000, 0x0000, 0x0000, 0x0000, 0x0000, 0x0000, 0x0000, 0x0000, 0x0000, 0x0000, 0x0000, 0x0000,   // 0x1450 (5200) pixels
0x0000, 0x0000, 0x0000, 0x0000, 0x0000, 0x0000, 0x0000, 0x0000, 0x0800, 0x0040, 0x0020, 0x0801, 0x2800, 0x9AC1, 0xFD83, 0xFDA0,   // 0x1460 (5216) pixels
0xFD40, 0xF4A2, 0xFAC2, 0xF8A0, 0xE020, 0x7964, 0x4A47, 0x5267, 0x10A9, 0x7286, 0xC4C6, 0x72C1, 0x0820, 0x0000, 0x0000, 0x0000,   // 0x1470 (5232) pixels
0x0000, 0x0000, 0x0000, 0x0000, 0x0000, 0x0000, 0x0000, 0x0000, 0x0000, 0x0000, 0x0000, 0x0000, 0x0000, 0x0000, 0x0000, 0x0000,   // 0x1480 (5248) pixels
0x0000, 0x0000, 0x0000, 0x0000, 0x0000, 0x0000, 0x0000, 0x0000, 0x0000, 0x0000, 0x0000, 0x0000, 0x0000, 0x0000, 0x0000, 0x0000,   // 0x1490 (5264) pixels
0x0000, 0x0000, 0x0000, 0x0000, 0x0000, 0x0000, 0x0000, 0x0000, 0x0000, 0x0000, 0x0000, 0x0000, 0x0000, 0x0000, 0x0000, 0x0000,   // 0x14A0 (5280) pixels
0x0000, 0x0000, 0x0000, 0x0000, 0x0000, 0x0000, 0x0000, 0x0000, 0x0000, 0x0000, 0x0000, 0x0000, 0x0000, 0x0000, 0x0000, 0x0000,   // 0x14B0 (5296) pixels
0x0000, 0x0000, 0x0000, 0x0000, 0x0000, 0x0000, 0x0000, 0x0000, 0x0000, 0x0000, 0x0000, 0x0000, 0x0000, 0x0000, 0x0000, 0x0000,   // 0x14C0 (5312) pixels
0x0000, 0x0000, 0x0000, 0x0000, 0x0000, 0x0000, 0x0000, 0x0000, 0x0000, 0x0000, 0x0000, 0x0000, 0x0000, 0x0000, 0x0000, 0x0000,   // 0x14D0 (5328) pixels
0x0000, 0x0000, 0x0061, 0x1802, 0x8000, 0xE363, 0xFDC3, 0xFC00, 0xFA80, 0xEA61, 0xF9C0, 0xF8C0, 0xC883, 0x4908, 0x19A8, 0x41E5,   // 0x14E0 (5344) pixels
0x2929, 0x3128, 0x72A2, 0xA3C0, 0x6A43, 0x0022, 0x0000, 0x0800, 0x0000, 0x0000, 0x0000, 0x0000, 0x0000, 0x0000, 0x0000, 0x0000,   // 0x14F0 (5360) pixels
0x0000, 0x0000, 0x0000, 0x0000, 0x0000, 0x0000, 0x0000, 0x0000, 0x0000, 0x0000, 0x0000, 0x0000, 0x0000, 0x0000, 0x0000, 0x0000,   // 0x1500 (5376) pixels
0x0000, 0x0000, 0x0000, 0x0000, 0x0000, 0x0000, 0x0000, 0x0000, 0x0000, 0x0000, 0x0000, 0x0000, 0x0000, 0x0000, 0x0000, 0x0000,   // 0x1510 (5392) pixels
0x0000, 0x0000, 0x0000, 0x0000, 0x0000, 0x0000, 0x0000, 0x0000, 0x0000, 0x0000, 0x0000, 0x0000, 0x0000, 0x0000, 0x0000, 0x0000,   // 0x1520 (5408) pixels
0x0000, 0x0000, 0x0000, 0x0000, 0x0000, 0x0000, 0x0000, 0x0000, 0x0000, 0x0000, 0x0000, 0x0000, 0x0000, 0x0000, 0x0000, 0x0000,   // 0x1530 (5424) pixels
0x0000, 0x0000, 0x0000, 0x0000, 0x0000, 0x0000, 0x0000, 0x0000, 0x0000, 0x0000, 0x0000, 0x0000, 0x0000, 0x0000, 0x0000, 0x0000,   // 0x1540 (5440) pixels
0x0000, 0x0000, 0x0000, 0x0000, 0x0000, 0x0000, 0x0000, 0x0000, 0x0000, 0x0000, 0x0022, 0x5863, 0xC8A1, 0xFB61, 0xFCE3, 0xFAE0,   // 0x1550 (5456) pixels
0xE8A0, 0xF920, 0xF920, 0xE081, 0x88A5, 0x2948, 0x1189, 0x3149, 0x41A9, 0x0869, 0x1880, 0xBC63, 0xB3E6, 0x0800, 0x0001, 0x0800,   // 0x1560 (5472) pixels
0x0000, 0x0000, 0x0000, 0x0000, 0x0000, 0x0000, 0x0000, 0x0000, 0x0000, 0x0000, 0x0000, 0x0000, 0x0000, 0x0000, 0x0000, 0x0000,   // 0x1570 (5488) pixels
0x0000, 0x0000, 0x0000, 0x0000, 0x0000, 0x0000, 0x0000, 0x0000, 0x0000, 0x0000, 0x0000, 0x0000, 0x0000, 0x0000, 0x0000, 0x0000,   // 0x1580 (5504) pixels
0x0000, 0x0000, 0x0000, 0x0000, 0x0000, 0x0000, 0x0000, 0x0000, 0x0000, 0x0000, 0x0000, 0x0000, 0x0000, 0x0000, 0x0000, 0x0000,   // 0x1590 (5520) pixels
0x0000, 0x0000, 0x0000, 0x0000, 0x0000, 0x0000, 0x0000, 0x0000, 0x0000, 0x0000, 0x0000, 0x0000, 0x0000, 0x0000, 0x0000, 0x0000,   // 0x15A0 (5536) pixels
0x0000, 0x0000, 0x0000, 0x0000, 0x0000, 0x0000, 0x0000, 0x0000, 0x0000, 0x0000, 0x0000, 0x0000, 0x0000, 0x0000, 0x0000, 0x0000,   // 0x15B0 (5552) pixels
0x0000, 0x0000, 0x0000, 0x0000, 0x0000, 0x0000, 0x0000, 0x0000, 0x0000, 0x0000, 0x0000, 0x0000, 0x0000, 0x0000, 0x0000, 0x0000,   // 0x15C0 (5568) pixels
0x0000, 0x0000, 0x4002, 0xB062, 0xE960, 0xEB40, 0xFC22, 0xFB01, 0xF921, 0xF8E0, 0xF080, 0xB062, 0x50E5, 0x2189, 0x21AB, 0x394B,   // 0x15D0 (5584) pixels
0x4189, 0x10C8, 0x0843, 0x8305, 0xB3C4, 0x4100, 0x0801, 0x0001, 0x0000, 0x0000, 0x0000, 0x0000, 0x0000, 0x0000, 0x0000, 0x0000,   // 0x15E0 (5600) pixels
0x0000, 0x0000, 0x0000, 0x0000, 0x0000, 0x0000, 0x0000, 0x0000, 0x0000, 0x0000, 0x0000, 0x0000, 0x0000, 0x0000, 0x0000, 0x0000,   // 0x15F0 (5616) pixels
0x0000, 0x0000, 0x0000, 0x0000, 0x0000, 0x0000, 0x0000, 0x0000, 0x0000, 0x0000, 0x0000, 0x0000, 0x0000, 0x0000, 0x0000, 0x0000,   // 0x1600 (5632) pixels
0x0000, 0x0000, 0x0000, 0x0000, 0x0000, 0x0000, 0x0000, 0x0000, 0x0000, 0x0000, 0x0000, 0x0000, 0x0000, 0x0000, 0x0000, 0x0000,   // 0x1610 (5648) pixels
0x0000, 0x0000, 0x0000, 0x0000, 0x0000, 0x0000, 0x0000, 0x0000, 0x0000, 0x0000, 0x0000, 0x0000, 0x0000, 0x0000, 0x0000, 0x0000,   // 0x1620 (5664) pixels
0x0000, 0x0000, 0x0000, 0x0000, 0x0000, 0x0000, 0x0000, 0x0000, 0x0000, 0x0000, 0x0000, 0x0000, 0x0000, 0x0000, 0x0000, 0x0000,   // 0x1630 (5680) pixels
0x0000, 0x0000, 0x0000, 0x0000, 0x0000, 0x0000, 0x0000, 0x0000, 0x0000, 0x0041, 0x7802, 0xF861, 0xFAC0, 0xF461, 0xFC02, 0xF2E0,   // 0x1640 (5696) pixels
0xF982, 0xF820, 0xE000, 0x9083, 0x4147, 0x198A, 0x296A, 0x3948, 0x3149, 0x31A9, 0x10A7, 0x2881, 0xA382, 0x9B22, 0x1000, 0x0024,   // 0x1650 (5712) pixels
0x0000, 0x0000, 0x0000, 0x0000, 0x0000, 0x0000, 0x0000, 0x0000, 0x0000, 0x0000, 0x0000, 0x0000, 0x0000, 0x0000, 0x0000, 0x0000,   // 0x1660 (5728) pixels
0x0000, 0x0000, 0x0000, 0x0000, 0x0000, 0x0000, 0x0000, 0x0000, 0x0000, 0x0000, 0x0000, 0x0000, 0x0000, 0x0000, 0x0000, 0x0000,   // 0x1670 (5744) pixels
0x0000, 0x0000, 0x0000, 0x0000, 0x0000, 0x0000, 0x0000, 0x0000, 0x0000, 0x0000, 0x0000, 0x0000, 0x0000, 0x0000, 0x0000, 0x0000,   // 0x1680 (5760) pixels
0x0000, 0x0000, 0x0000, 0x0000, 0x0000, 0x0000, 0x0000, 0x0000, 0x0000, 0x0000, 0x0000, 0x0000, 0x0000, 0x0000, 0x0000, 0x0000,   // 0x1690 (5776) pixels
0x0000, 0x0000, 0x0000, 0x0000, 0x0000, 0x0000, 0x0000, 0x0000, 0x0000, 0x0000, 0x0000, 0x0000, 0x0000, 0x0000, 0x0000, 0x0000,   // 0x16A0 (5792) pixels
0x0000, 0x0000, 0x0000, 0x0000, 0x0000, 0x0000, 0x0000, 0x0000, 0x0000, 0x0002, 0x0001, 0x1000, 0x0820, 0x0021, 0x0022, 0x0001,   // 0x16B0 (5808) pixels
0x0001, 0x3000, 0xA920, 0xF2A1, 0xFC21, 0xFC21, 0xFB03, 0xD960, 0xE800, 0xF801, 0xC043, 0x58E5, 0x2187, 0x2189, 0x3149, 0x3149,   // 0x16C0 (5824) pixels
0x2967, 0x49CA, 0x18E7, 0x0022, 0x69E3, 0xDB23, 0x81A0, 0x0041, 0x0002, 0x0040, 0x0000, 0x0001, 0x0000, 0x0000, 0x0800, 0x0801,   // 0x16D0 (5840) pixels
0x0000, 0x0000, 0x0000, 0x0000, 0x0000, 0x0000, 0x0000, 0x0000, 0x0000, 0x0000, 0x0000, 0x0000, 0x0000, 0x0000, 0x0000, 0x0000,   // 0x16E0 (5856) pixels
0x0000, 0x0000, 0x0000, 0x0000, 0x0000, 0x0000, 0x0000, 0x0000, 0x0000, 0x0000, 0x0000, 0x0000, 0x0000, 0x0000, 0x0000, 0x0000,   // 0x16F0 (5872) pixels
0x0000, 0x0000, 0x0000, 0x0000, 0x0000, 0x0000, 0x0000, 0x0000, 0x0000, 0x0000, 0x0000, 0x0000, 0x0000, 0x0000, 0x0000, 0x0000,   // 0x1700 (5888) pixels
0x0000, 0x0000, 0x0000, 0x0000, 0x0000, 0x0000, 0x0000, 0x0000, 0x0000, 0x0000, 0x0000, 0x0000, 0x0000, 0x0000, 0x0000, 0x0000,   // 0x1710 (5904) pixels
0x0000, 0x0000, 0x0000, 0x0000, 0x0000, 0x0000, 0x0000, 0x0000, 0x0000, 0x0000, 0x0000, 0x0000, 0x0000, 0x0000, 0x0000, 0x0000,   // 0x1720 (5920) pixels
0x0021, 0x0000, 0x0000, 0x0021, 0x0000, 0x0000, 0x2060, 0x1000, 0x1000, 0x80C1, 0xEA83, 0xFB62, 0xFB41, 0xF9E0, 0xF8C0, 0xF000,   // 0x1730 (5936) pixels
0xF800, 0xD042, 0x8085, 0x3907, 0x2189, 0x21A9, 0x2969, 0x3169, 0x3189, 0x3968, 0x3189, 0x0884, 0x3060, 0xBA84, 0xBAE5, 0x30C0,   // 0x1740 (5952) pixels
0x1060, 0x0000, 0x0002, 0x0001, 0x0000, 0x0820, 0x0000, 0x0000, 0x0000, 0x0000, 0x0000, 0x0000, 0x0000, 0x0000, 0x0000, 0x0000,   // 0x1750 (5968) pixels
0x0000, 0x0000, 0x0000, 0x0000, 0x0000, 0x0000, 0x0000, 0x0000, 0x0000, 0x0000, 0x0000, 0x0000, 0x0000, 0x0000, 0x0000, 0x0000,   // 0x1760 (5984) pixels
0x0000, 0x0000, 0x0000, 0x0000, 0x0000, 0x0000, 0x0000, 0x0000, 0x0000, 0x0000, 0x0000, 0x0000, 0x0000, 0x0000, 0x0000, 0x0000,   // 0x1770 (6000) pixels
0x0000, 0x0000, 0x0000, 0x0000, 0x0000, 0x0000, 0x0000, 0x0000, 0x0000, 0x0000, 0x0000, 0x0000, 0x0000, 0x0000, 0x0000, 0x0000,   // 0x1780 (6016) pixels
0x0000, 0x0000, 0x0000, 0x0000, 0x0000, 0x0000, 0x0000, 0x0000, 0x0000, 0x0000, 0x0000, 0x0000, 0x0000, 0x0000, 0x0000, 0x0000,   // 0x1790 (6032) pixels
0x0000, 0x0000, 0x0000, 0x0000, 0x0000, 0x0000, 0x0000, 0x0000, 0x0000, 0x0820, 0x0000, 0x0003, 0x1001, 0x6160, 0x8A43, 0x48E2,   // 0x17A0 (6048) pixels
0x1000, 0xA8C3, 0xF9C3, 0xE9C0, 0xE982, 0xE061, 0xE001, 0xE801, 0xF800, 0xA0A3, 0x4127, 0x2129, 0x296A, 0x2988, 0x2988, 0x2969,   // 0x17B0 (6064) pixels
0x2949, 0x3127, 0x41A9, 0x3167, 0x1821, 0x68E2, 0xC2A5, 0xC2C3, 0x7A63, 0x1000, 0x0001, 0x0041, 0x0002, 0x0801, 0x0020, 0x0040,   // 0x17C0 (6080) pixels
0x0000, 0x0000, 0x0000, 0x0000, 0x0000, 0x0000, 0x0000, 0x0000, 0x0000, 0x0000, 0x0000, 0x0000, 0x0000, 0x0000, 0x0000, 0x0000,   // 0x17D0 (6096) pixels
0x0000, 0x0000, 0x0000, 0x0000, 0x0000, 0x0000, 0x0000, 0x0000, 0x0000, 0x0000, 0x0000, 0x0000, 0x0000, 0x0000, 0x0000, 0x0000,   // 0x17E0 (6112) pixels
0x0000, 0x0000, 0x0000, 0x0000, 0x0000, 0x0000, 0x0000, 0x0000, 0x0000, 0x0000, 0x0000, 0x0000, 0x0000, 0x0000, 0x0000, 0x0000,   // 0x17F0 (6128) pixels
0x0000, 0x0000, 0x0000, 0x0000, 0x0000, 0x0000, 0x0000, 0x0000, 0x0000, 0x0000, 0x0000, 0x0000, 0x0000, 0x0000, 0x0000, 0x0000,   // 0x1800 (6144) pixels
0x0000, 0x0000, 0x0000, 0x0000, 0x0000, 0x0000, 0x0000, 0x0000, 0x0000, 0x0000, 0x0000, 0x0000, 0x0000, 0x0000, 0x0000, 0x0000,   // 0x1810 (6160) pixels
0x0000, 0x0041, 0x0001, 0x1020, 0x79C1, 0xC303, 0x9A64, 0x30A4, 0x0041, 0x7063, 0xB084, 0x9021, 0x8883, 0x8044, 0x8845, 0x9045,   // 0x1820 (6176) pixels
0xB063, 0x6106, 0x2189, 0x196A, 0x2969, 0x2988, 0x2968, 0x2948, 0x3149, 0x3149, 0x41A8, 0x41E8, 0x18C5, 0x1001, 0x78E2, 0xEA44,   // 0x1830 (6192) pixels
0xD303, 0x7181, 0x1880, 0x0060, 0x0001, 0x0801, 0x0841, 0x0020, 0x0000, 0x0000, 0x0000, 0x0000, 0x0000, 0x0000, 0x0000, 0x0000,   // 0x1840 (6208) pixels
0x0000, 0x0000, 0x0000, 0x0000, 0x0000, 0x0000, 0x0000, 0x0000, 0x0000, 0x0000, 0x0000, 0x0000, 0x0000, 0x0000, 0x0000, 0x0000,   // 0x1850 (6224) pixels
0x0000, 0x0000, 0x0000, 0x0000, 0x0000, 0x0000, 0x0000, 0x0000, 0x0000, 0x0000, 0x0000, 0x0000, 0x0000, 0x0000, 0x0000, 0x0000,   // 0x1860 (6240) pixels
0x0000, 0x0000, 0x0000, 0x0000, 0x0000, 0x0000, 0x0000, 0x0000, 0x0000, 0x0000, 0x0000, 0x0000, 0x0000, 0x0000, 0x0000, 0x0000,   // 0x1870 (6256) pixels
0x0000, 0x0000, 0x0000, 0x0000, 0x0000, 0x0000, 0x0000, 0x0000, 0x0000, 0x0000, 0x0000, 0x0000, 0x0000, 0x0000, 0x0000, 0x0000,   // 0x1880 (6272) pixels
0x0000, 0x0000, 0x0000, 0x0000, 0x0000, 0x0000, 0x0000, 0x0000, 0x0820, 0x0000, 0x20A0, 0x8A41, 0xDBA4, 0xAAA3, 0x3860, 0x0000,   // 0x1890 (6288) pixels
0x0040, 0x0800, 0x3004, 0x2803, 0x0883, 0x10A3, 0x28A6, 0x28A7, 0x40E7, 0x3968, 0x31A9, 0x2989, 0x3168, 0x3168, 0x3168, 0x3148,   // 0x18A0 (6304) pixels
0x3169, 0x3169, 0x3989, 0x31A7, 0x00E5, 0x0044, 0x5044, 0xA802, 0xE180, 0xE3C4, 0x72A2, 0x0060, 0x0020, 0x0820, 0x0000, 0x0000,   // 0x18B0 (6320) pixels
0x0000, 0x0000, 0x0000, 0x0000, 0x0000, 0x0000, 0x0000, 0x0000, 0x0000, 0x0000, 0x0000, 0x0000, 0x0000, 0x0000, 0x0000, 0x0000,   // 0x18C0 (6336) pixels
0x0000, 0x0000, 0x0000, 0x0000, 0x0000, 0x0000, 0x0000, 0x0000, 0x0000, 0x0000, 0x0000, 0x0000, 0x0000, 0x0000, 0x0000, 0x0000,   // 0x18D0 (6352) pixels
0x0000, 0x0000, 0x0000, 0x0000, 0x0000, 0x0000, 0x0000, 0x0000, 0x0000, 0x0000, 0x0000, 0x0000, 0x0000, 0x0000, 0x0000, 0x0000,   // 0x18E0 (6368) pixels
0x0000, 0x0000, 0x0000, 0x0000, 0x0000, 0x0000, 0x0000, 0x0000, 0x0000, 0x0000, 0x0000, 0x0000, 0x0000, 0x0000, 0x0000, 0x0000,   // 0x18F0 (6384) pixels
0x0000, 0x0000, 0x0000, 0x0000, 0x0000, 0x0000, 0x0000, 0x0000, 0x0000, 0x0000, 0x0000, 0x0000, 0x0000, 0x0000, 0x0000, 0x0000,   // 0x1900 (6400) pixels
0x0001, 0x20A0, 0xA322, 0xFCA4, 0xBB03, 0x3060, 0x0800, 0x59E1, 0x6A83, 0x18A0, 0x1822, 0x0803, 0x0001, 0x0042, 0x1885, 0x1949,   // 0x1910 (6416) pixels
0x0989, 0x2989, 0x3988, 0x3167, 0x3167, 0x3968, 0x3989, 0x3148, 0x3189, 0x318A, 0x3189, 0x3187, 0x0905, 0x0085, 0x3025, 0x8805,   // 0x1920 (6432) pixels
0xF080, 0xFB21, 0xDC45, 0x51E1, 0x0000, 0x0000, 0x0000, 0x0820, 0x0000, 0x0000, 0x0000, 0x0000, 0x0000, 0x0000, 0x0000, 0x0000,   // 0x1930 (6448) pixels
0x0000, 0x0000, 0x0000, 0x0000, 0x0000, 0x0000, 0x0000, 0x0000, 0x0000, 0x0000, 0x0000, 0x0000, 0x0000, 0x0000, 0x0000, 0x0000,   // 0x1940 (6464) pixels
0x0000, 0x0000, 0x0000, 0x0000, 0x0000, 0x0000, 0x0000, 0x0000, 0x0000, 0x0000, 0x0000, 0x0000, 0x0000, 0x0000, 0x0000, 0x0000,   // 0x1950 (6480) pixels
0x0000, 0x0000, 0x0000, 0x0000, 0x0000, 0x0000, 0x0000, 0x0000, 0x0000, 0x0000, 0x0000, 0x0000, 0x0000, 0x0000, 0x0000, 0x0000,   // 0x1960 (6496) pixels
0x0000, 0x0000, 0x0000, 0x0000, 0x0000, 0x0000, 0x0000, 0x0000, 0x0000, 0x0000, 0x0000, 0x0000, 0x0000, 0x0000, 0x0000, 0x0000,   // 0x1970 (6512) pixels
0x0000, 0x0000, 0x0000, 0x0000, 0x0000, 0x0000, 0x0000, 0x0000, 0x0001, 0x8262, 0xFD05, 0xDC24, 0x4101, 0x0001, 0x49A1, 0xD4E3,   // 0x1980 (6528) pixels
0xFD27, 0xB261, 0x8183, 0x3021, 0x0801, 0x1002, 0x2044, 0x3168, 0x3209, 0x39A9, 0x3168, 0x3148, 0x2947, 0x3967, 0x3968, 0x2928,   // 0x1990 (6544) pixels
0x3167, 0x2988, 0x3169, 0x4189, 0x2168, 0x0044, 0x1001, 0x78C5, 0xE802, 0xE100, 0xFBE4, 0xBB84, 0x30A0, 0x0000, 0x0002, 0x0000,   // 0x19A0 (6560) pixels
0x0000, 0x0000, 0x0000, 0x0000, 0x0000, 0x0000, 0x0000, 0x0000, 0x0000, 0x0000, 0x0000, 0x0000, 0x0000, 0x0000, 0x0000, 0x0000,   // 0x19B0 (6576) pixels
0x0000, 0x0000, 0x0000, 0x0000, 0x0000, 0x0000, 0x0000, 0x0000, 0x0000, 0x0000, 0x0000, 0x0000, 0x0000, 0x0000, 0x0000, 0x0000,   // 0x19C0 (6592) pixels
0x0000, 0x0000, 0x0000, 0x0000, 0x0000, 0x0000, 0x0000, 0x0000, 0x0000, 0x0000, 0x0000, 0x0000, 0x0000, 0x0000, 0x0000, 0x0000,   // 0x19D0 (6608) pixels
0x0000, 0x0000, 0x0000, 0x0000, 0x0000, 0x0000, 0x0000, 0x0000, 0x0000, 0x0000, 0x0000, 0x0000, 0x0000, 0x0000, 0x0000, 0x0000,   // 0x19E0 (6624) pixels
0x0000, 0x0000, 0x0000, 0x0000, 0x0000, 0x0000, 0x0000, 0x0000, 0x0000, 0x0000, 0x0000, 0x0000, 0x0000, 0x0000, 0x0000, 0x0000,   // 0x19F0 (6640) pixels
0x1040, 0xB362, 0xEC62, 0x69E1, 0x0003, 0x18E4, 0x9B62, 0xFD81, 0xFC00, 0xFA40, 0xE283, 0x4921, 0x0021, 0x0004, 0x1024, 0x4968,   // 0x1A00 (6656) pixels
0x7268, 0x49C8, 0x2969, 0x2148, 0x2947, 0x3947, 0x3128, 0x18E8, 0x1063, 0x10C5, 0x2927, 0x4149, 0x396A, 0x2106, 0x1820, 0x5020,   // 0x1A10 (6672) pixels
0xD803, 0xE862, 0xFA40, 0xD300, 0x5921, 0x0002, 0x0002, 0x0000, 0x0000, 0x0000, 0x0000, 0x0000, 0x0000, 0x0000, 0x0000, 0x0000,   // 0x1A20 (6688) pixels
0x0000, 0x0000, 0x0000, 0x0000, 0x0000, 0x0000, 0x0000, 0x0000, 0x0000, 0x0000, 0x0000, 0x0000, 0x0000, 0x0000, 0x0000, 0x0000,   // 0x1A30 (6704) pixels
0x0000, 0x0000, 0x0000, 0x0000, 0x0000, 0x0000, 0x0000, 0x0000, 0x0000, 0x0000, 0x0000, 0x0000, 0x0000, 0x0000, 0x0000, 0x0000,   // 0x1A40 (6720) pixels
0x0000, 0x0000, 0x0000, 0x0000, 0x0000, 0x0000, 0x0000, 0x0000, 0x0000, 0x0000, 0x0000, 0x0000, 0x0000, 0x0000, 0x0000, 0x0000,   // 0x1A50 (6736) pixels
0x0000, 0x0000, 0x0000, 0x0000, 0x0000, 0x0000, 0x0000, 0x0000, 0x0000, 0x0000, 0x0000, 0x0000, 0x0000, 0x0000, 0x0000, 0x0000,   // 0x1A60 (6752) pixels
0x0000, 0x0000, 0x0800, 0x0801, 0x0000, 0x0000, 0x0000, 0x1020, 0x9A61, 0xFBA6, 0x9A23, 0x0062, 0x0001, 0x6AC0, 0xFD82, 0xFB00,   // 0x1A70 (6768) pixels
0xF820, 0xF0C1, 0x8904, 0x1883, 0x0001, 0x0001, 0x1085, 0x3988, 0x6A89, 0x49A7, 0x20C5, 0x28E8, 0x30E8, 0x28E7, 0x2907, 0x0044,   // 0x1A80 (6784) pixels
0x0800, 0x0000, 0x0864, 0x1908, 0x31AB, 0x2127, 0x0821, 0x1040, 0xB022, 0xC802, 0xD800, 0xF882, 0x9881, 0x2020, 0x0800, 0x0020,   // 0x1A90 (6800) pixels
0x0002, 0x0001, 0x0002, 0x0001, 0x0000, 0x0020, 0x0001, 0x0000, 0x0000, 0x0000, 0x0000, 0x0000, 0x0000, 0x0000, 0x0000, 0x0000,   // 0x1AA0 (6816) pixels
0x0000, 0x0000, 0x0000, 0x0000, 0x0000, 0x0000, 0x0000, 0x0000, 0x0000, 0x0000, 0x0000, 0x0000, 0x0000, 0x0000, 0x0000, 0x0000,   // 0x1AB0 (6832) pixels
0x0000, 0x0000, 0x0000, 0x0000, 0x0000, 0x0000, 0x0000, 0x0000, 0x0000, 0x0000, 0x0000, 0x0000, 0x0000, 0x0000, 0x0000, 0x0000,   // 0x1AC0 (6848) pixels
0x0000, 0x0000, 0x0000, 0x0000, 0x0000, 0x0000, 0x0000, 0x0000, 0x0000, 0x0000, 0x0000, 0x0000, 0x0000, 0x0000, 0x0000, 0x0000,   // 0x1AD0 (6864) pixels
0x0000, 0x0000, 0x0000, 0x0000, 0x0000, 0x0000, 0x0000, 0x0000, 0x0000, 0x0000, 0x0000, 0x0000, 0x0000, 0x0000, 0x0800, 0x28C2,   // 0x1AE0 (6880) pixels
0xEB43, 0xBA85, 0x3082, 0x0002, 0x40C1, 0xB3A1, 0xFC62, 0xF940, 0xF820, 0xB861, 0x4842, 0x0001, 0x0000, 0x0802, 0x18C6, 0x39A9,   // 0x1AF0 (6896) pixels
0x3987, 0x3147, 0x20E7, 0x2108, 0x18E6, 0x1084, 0x1083, 0x0000, 0x0000, 0x0000, 0x0002, 0x0885, 0x2969, 0x3188, 0x1083, 0x0841,   // 0x1B00 (6912) pixels
0xB843, 0xD002, 0xD000, 0xE043, 0x7821, 0x1000, 0x3000, 0x6080, 0x1841, 0x0000, 0x0061, 0x0000, 0x0001, 0x0001, 0x0000, 0x0000,   // 0x1B10 (6928) pixels
0x0000, 0x0000, 0x0000, 0x0000, 0x0000, 0x0000, 0x0000, 0x0000, 0x0000, 0x0000, 0x0000, 0x0000, 0x0000, 0x0000, 0x0000, 0x0000,   // 0x1B20 (6944) pixels
0x0000, 0x0000, 0x0000, 0x0000, 0x0000, 0x0000, 0x0000, 0x0000, 0x0000, 0x0000, 0x0000, 0x0000, 0x0000, 0x0000, 0x0000, 0x0000,   // 0x1B30 (6960) pixels
0x0000, 0x0000, 0x0000, 0x0000, 0x0000, 0x0000, 0x0000, 0x0000, 0x0000, 0x0000, 0x0000, 0x0000, 0x0000, 0x0000, 0x0000, 0x0000,   // 0x1B40 (6976) pixels
0x0000, 0x0000, 0x0000, 0x0000, 0x0000, 0x0000, 0x0000, 0x0000, 0x0000, 0x0000, 0x0000, 0x0000, 0x0000, 0x0000, 0x0000, 0x0000,   // 0x1B50 (6992) pixels
0x0020, 0x0000, 0x0000, 0x0000, 0x0000, 0x0000, 0x0800, 0x30C2, 0xF2C4, 0x6124, 0x0004, 0x3003, 0xB143, 0xFB83, 0xFAE1, 0xF882,   // 0x1B60 (7008) pixels
0xF862, 0x8064, 0x1023, 0x0001, 0x1002, 0x2065, 0x3128, 0x3A0C, 0x3168, 0x20E7, 0x1885, 0x1065, 0x0843, 0x0001, 0x0000, 0x0000,   // 0x1B70 (7024) pixels
0x0000, 0x0000, 0x0000, 0x0001, 0x10A4, 0x2947, 0x20E5, 0x1063, 0xA043, 0xD803, 0xD001, 0xC843, 0x6022, 0x0801, 0x5861, 0xC963,   // 0x1B80 (7040) pixels
0x81E0, 0x18A0, 0x0020, 0x0800, 0x0001, 0x0000, 0x0000, 0x0040, 0x0000, 0x0000, 0x0000, 0x0000, 0x0000, 0x0000, 0x0000, 0x0000,   // 0x1B90 (7056) pixels
0x0000, 0x0000, 0x0000, 0x0000, 0x0000, 0x0000, 0x0000, 0x0000, 0x0000, 0x0000, 0x0000, 0x0000, 0x0000, 0x0000, 0x0000, 0x0000,   // 0x1BA0 (7072) pixels
0x0000, 0x0000, 0x0000, 0x0000, 0x0000, 0x0000, 0x0000, 0x0000, 0x0000, 0x0000, 0x0000, 0x0000, 0x0000, 0x0000, 0x0000, 0x0000,   // 0x1BB0 (7088) pixels
0x0000, 0x0000, 0x0000, 0x0000, 0x0000, 0x0000, 0x0000, 0x0000, 0x0000, 0x0000, 0x0000, 0x0000, 0x0000, 0x0000, 0x0000, 0x0000,   // 0x1BC0 (7104) pixels
0x0000, 0x0000, 0x0000, 0x0000, 0x0000, 0x0000, 0x0000, 0x0000, 0x0020, 0x0000, 0x0000, 0x0000, 0x0000, 0x0000, 0x0800, 0x2882,   // 0x1BD0 (7120) pixels
0x8903, 0x1863, 0x1864, 0x9862, 0xF8C3, 0xF982, 0xF980, 0xF8E0, 0xD884, 0x5065, 0x0042, 0x0020, 0x1023, 0x2887, 0x3108, 0x2969,   // 0x1BE0 (7136) pixels
0x3947, 0x1883, 0x0801, 0x0001, 0x0002, 0x0002, 0x0000, 0x0061, 0x1063, 0x1082, 0x1082, 0x0020, 0x0000, 0x1083, 0x18C5, 0x1064,   // 0x1BF0 (7152) pixels
0x5801, 0xC003, 0xD000, 0xC821, 0x6022, 0x0001, 0x3841, 0xB965, 0xFC04, 0x82A4, 0x0020, 0x0000, 0x1041, 0x0000, 0x0000, 0x0000,   // 0x1C00 (7168) pixels
0x0000, 0x0000, 0x0000, 0x0000, 0x0000, 0x0000, 0x0000, 0x0000, 0x0000, 0x0000, 0x0000, 0x0000, 0x0000, 0x0000, 0x0000, 0x0000,   // 0x1C10 (7184) pixels
0x0000, 0x0000, 0x0000, 0x0000, 0x0000, 0x0000, 0x0000, 0x0000, 0x0000, 0x0000, 0x0000, 0x0000, 0x0000, 0x0000, 0x0000, 0x0000,   // 0x1C20 (7200) pixels
0x0000, 0x0000, 0x0000, 0x0000, 0x0000, 0x0000, 0x0000, 0x0000, 0x0000, 0x0000, 0x0000, 0x0000, 0x0000, 0x0000, 0x0000, 0x0000,   // 0x1C30 (7216) pixels
0x0000, 0x0000, 0x0000, 0x0000, 0x0000, 0x0000, 0x0000, 0x0000, 0x0000, 0x0000, 0x0000, 0x0000, 0x0000, 0x0000, 0x0000, 0x0000,   // 0x1C40 (7232) pixels
0x0020, 0x0000, 0x0000, 0x0000, 0x0000, 0x0000, 0x0800, 0x2021, 0x3086, 0x0866, 0x4883, 0xD0A0, 0xF8A0, 0xF881, 0xF8E0, 0xF120,   // 0x1C50 (7248) pixels
0x9866, 0x2866, 0x0041, 0x0020, 0x1045, 0x20A9, 0x20A7, 0x1063, 0x2084, 0x0821, 0x0040, 0x0020, 0x0001, 0x0001, 0x1842, 0x3123,   // 0x1C60 (7264) pixels
0x3188, 0x2967, 0x3186, 0x2104, 0x0000, 0x0001, 0x1063, 0x0823, 0x1800, 0xA043, 0xD820, 0xE020, 0x8001, 0x0001, 0x0002, 0x58C5,   // 0x1C70 (7280) pixels
0xF303, 0xD3E4, 0x4A00, 0x0020, 0x0000, 0x0000, 0x0020, 0x0001, 0x0000, 0x0000, 0x0000, 0x0000, 0x0000, 0x0000, 0x0000, 0x0000,   // 0x1C80 (7296) pixels
0x0000, 0x0000, 0x0000, 0x0000, 0x0000, 0x0000, 0x0000, 0x0000, 0x0000, 0x0000, 0x0000, 0x0000, 0x0000, 0x0000, 0x0000, 0x0000,   // 0x1C90 (7312) pixels
0x0000, 0x0000, 0x0000, 0x0000, 0x0000, 0x0000, 0x0000, 0x0000, 0x0000, 0x0000, 0x0000, 0x0000, 0x0000, 0x0000, 0x0000, 0x0000,   // 0x1CA0 (7328) pixels
0x0000, 0x0000, 0x0000, 0x0000, 0x0000, 0x0000, 0x0000, 0x0000, 0x0000, 0x0000, 0x0000, 0x0000, 0x0000, 0x0000, 0x0000, 0x0000,   // 0x1CB0 (7344) pixels
0x0000, 0x0000, 0x0000, 0x0000, 0x0000, 0x0000, 0x0000, 0x0000, 0x0000, 0x0000, 0x0800, 0x0000, 0x0000, 0x0020, 0x0000, 0x1000,   // 0x1CC0 (7360) pixels
0x1886, 0x1088, 0x6824, 0xE0A0, 0xF920, 0xF900, 0xF8E1, 0xC8E1, 0x58C8, 0x1865, 0x0021, 0x0840, 0x1885, 0x20C9, 0x1885, 0x0800,   // 0x1CD0 (7376) pixels
0x0004, 0x0001, 0x0040, 0x0020, 0x0040, 0x1001, 0x5124, 0x8206, 0x39CA, 0x3189, 0x39C9, 0x39C8, 0x18A4, 0x0001, 0x0022, 0x0001,   // 0x1CE0 (7392) pixels
0x0800, 0x7043, 0xB841, 0xE061, 0x8801, 0x0822, 0x0025, 0x1066, 0x8823, 0xE3C1, 0xC4A2, 0x2941, 0x0002, 0x0040, 0x0020, 0x0802,   // 0x1CF0 (7408) pixels
0x0000, 0x0000, 0x0000, 0x0000, 0x0000, 0x0000, 0x0000, 0x0000, 0x0000, 0x0000, 0x0000, 0x0000, 0x0000, 0x0000, 0x0000, 0x0000,   // 0x1D00 (7424) pixels
0x0000, 0x0000, 0x0000, 0x0000, 0x0000, 0x0000, 0x0000, 0x0000, 0x0000, 0x0000, 0x0000, 0x0000, 0x0000, 0x0000, 0x0000, 0x0000,   // 0x1D10 (7440) pixels
0x0000, 0x0000, 0x0000, 0x0000, 0x0000, 0x0000, 0x0000, 0x0000, 0x0000, 0x0000, 0x0000, 0x0000, 0x0000, 0x0000, 0x0000, 0x0000,   // 0x1D20 (7456) pixels
0x0000, 0x0000, 0x0000, 0x0000, 0x0000, 0x0000, 0x0000, 0x0000, 0x0000, 0x0000, 0x0000, 0x0000, 0x0000, 0x0000, 0x0000, 0x0000,   // 0x1D30 (7472) pixels
0x0000, 0x1021, 0x1862, 0x1062, 0x10C3, 0x08A3, 0x0000, 0x1021, 0x0822, 0x0025, 0x7805, 0xE861, 0xF920, 0xF100, 0xC883, 0x68A6,   // 0x1D40 (7488) pixels
0x20C8, 0x1043, 0x0000, 0x0000, 0x1042, 0x1864, 0x0843, 0x0000, 0x0002, 0x1800, 0x4000, 0x4000, 0x3862, 0x38C4, 0x7227, 0x8A46,   // 0x1D50 (7504) pixels
0x2989, 0x2949, 0x3169, 0x41AA, 0x3148, 0x0843, 0x0000, 0x0000, 0x0000, 0x3001, 0x5000, 0x9042, 0x5801, 0x0822, 0x0824, 0x0065,   // 0x1D60 (7520) pixels
0x4807, 0xC2E2, 0xFDA4, 0x8B02, 0x0000, 0x0021, 0x0000, 0x0000, 0x0000, 0x0000, 0x0000, 0x0000, 0x0000, 0x0000, 0x0000, 0x0000,   // 0x1D70 (7536) pixels
0x0000, 0x0000, 0x0000, 0x0000, 0x0000, 0x0000, 0x0000, 0x0000, 0x0000, 0x0000, 0x0000, 0x0000, 0x0000, 0x0000, 0x0000, 0x0000,   // 0x1D80 (7552) pixels
0x0000, 0x0000, 0x0000, 0x0000, 0x0000, 0x0000, 0x0000, 0x0000, 0x0000, 0x0000, 0x0000, 0x0000, 0x0000, 0x0000, 0x0000, 0x0000,   // 0x1D90 (7568) pixels
0x0000, 0x0000, 0x0000, 0x0000, 0x0000, 0x0000, 0x0000, 0x0000, 0x0000, 0x0000, 0x0000, 0x0000, 0x0000, 0x0000, 0x0000, 0x0000,   // 0x1DA0 (7584) pixels
0x0000, 0x0000, 0x0000, 0x0000, 0x0000, 0x0000, 0x0000, 0x0000, 0x0820, 0x3125, 0x41A7, 0x3987, 0x31C7, 0x1925, 0x0000, 0x0000,   // 0x1DB0 (7600) pixels
0x0022, 0x0044, 0x8866, 0xF822, 0xF8A0, 0xE8A1, 0x9024, 0x10E9, 0x00E8, 0x1043, 0x0001, 0x0002, 0x0800, 0x0800, 0x0001, 0x0020,   // 0x1DC0 (7616) pixels
0x0020, 0x5821, 0xB042, 0xB023, 0x80A6, 0x4906, 0x59E8, 0x4923, 0x296A, 0x316A, 0x312A, 0x41AB, 0x41AA, 0x1084, 0x0000, 0x0020,   // 0x1DD0 (7632) pixels
0x0020, 0x0000, 0x0000, 0x3801, 0x2000, 0x0001, 0x1002, 0x1063, 0x2869, 0x8162, 0xFC21, 0xC3C0, 0x18C0, 0x0002, 0x0800, 0x0020,   // 0x1DE0 (7648) pixels
0x0000, 0x0000, 0x0000, 0x0000, 0x0000, 0x0000, 0x0000, 0x0000, 0x0000, 0x0000, 0x0000, 0x0000, 0x0000, 0x0000, 0x0000, 0x0000,   // 0x1DF0 (7664) pixels
0x0000, 0x0000, 0x0000, 0x0000, 0x0000, 0x0000, 0x0000, 0x0000, 0x0000, 0x0000, 0x0000, 0x0000, 0x0000, 0x0000, 0x0000, 0x0000,   // 0x1E00 (7680) pixels
0x0000, 0x0000, 0x0000, 0x0000, 0x0000, 0x0000, 0x0000, 0x0000, 0x0000, 0x0000, 0x0000, 0x0000, 0x0000, 0x0000, 0x0000, 0x0000,   // 0x1E10 (7696) pixels
0x0000, 0x0000, 0x0000, 0x0000, 0x0000, 0x0000, 0x0000, 0x0000, 0x0800, 0x0020, 0x0000, 0x0000, 0x0820, 0x0001, 0x0000, 0x38E0,   // 0x1E20 (7712) pixels
0x4A00, 0x6A65, 0x5A29, 0x31CA, 0x1907, 0x1082, 0x1083, 0x1066, 0x0061, 0x1042, 0x7085, 0xD084, 0xC842, 0x80A5, 0x30E7, 0x08C6,   // 0x1E30 (7728) pixels
0x1063, 0x0800, 0x0800, 0x0000, 0x0041, 0x0001, 0x0001, 0x2022, 0x7040, 0xD001, 0xF000, 0xF821, 0xB085, 0x1147, 0x0948, 0x60E8,   // 0x1E40 (7744) pixels
0x5926, 0x3148, 0x1969, 0x39CA, 0x49C8, 0x3125, 0x10A5, 0x0864, 0x0000, 0x0000, 0x0001, 0x0002, 0x0000, 0x0020, 0x0000, 0x0862,   // 0x1E50 (7760) pixels
0x18A4, 0x4089, 0xB8C4, 0xFAE0, 0x6A80, 0x0020, 0x0801, 0x0040, 0x0021, 0x0000, 0x0000, 0x0000, 0x0000, 0x0000, 0x0000, 0x0000,   // 0x1E60 (7776) pixels
0x0000, 0x0000, 0x0000, 0x0000, 0x0020, 0x0000, 0x0000, 0x0000, 0x0000, 0x0000, 0x0000, 0x0000, 0x0000, 0x0000, 0x0000, 0x0000,   // 0x1E70 (7792) pixels
0x0000, 0x0000, 0x0000, 0x0000, 0x0000, 0x0000, 0x0000, 0x0000, 0x0000, 0x0000, 0x0000, 0x0000, 0x0000, 0x0000, 0x0000, 0x0000,   // 0x1E80 (7808) pixels
0x0000, 0x0000, 0x0000, 0x0000, 0x0000, 0x0000, 0x0000, 0x0000, 0x0000, 0x0000, 0x0000, 0x0000, 0x0000, 0x0000, 0x0000, 0x0000,   // 0x1E90 (7824) pixels
0x0000, 0x0020, 0x0000, 0x0000, 0x0000, 0x0000, 0x18C2, 0x6222, 0x8B27, 0x6266, 0x41C8, 0x2948, 0x1044, 0x1063, 0x2967, 0x2128,   // 0x1EA0 (7840) pixels
0x0021, 0x0023, 0x3886, 0x70C6, 0x70A5, 0x48C7, 0x18C7, 0x1086, 0x0021, 0x0000, 0x0801, 0x1002, 0x0001, 0x0000, 0x2800, 0x8083,   // 0x1EB0 (7856) pixels
0xD041, 0xF021, 0xE820, 0xE820, 0xA085, 0x2128, 0x1929, 0x58E7, 0x78E5, 0x4948, 0x298A, 0x39CA, 0x49E9, 0x39C8, 0x2988, 0x2106,   // 0x1EC0 (7872) pixels
0x0000, 0x0021, 0x10A4, 0x18C4, 0x0001, 0x0000, 0x0000, 0x0841, 0x10A5, 0x2006, 0x7843, 0xEAC3, 0xBB24, 0x30A1, 0x0800, 0x0000,   // 0x1ED0 (7888) pixels
0x0000, 0x0000, 0x0000, 0x0000, 0x0000, 0x0000, 0x0000, 0x0000, 0x0000, 0x0000, 0x0000, 0x0000, 0x0000, 0x0000, 0x0000, 0x0000,   // 0x1EE0 (7904) pixels
0x0000, 0x0000, 0x0000, 0x0000, 0x0000, 0x0000, 0x0000, 0x0000, 0x0000, 0x0000, 0x0000, 0x0000, 0x0000, 0x0000, 0x0000, 0x0000,   // 0x1EF0 (7920) pixels
0x0000, 0x0000, 0x0000, 0x0000, 0x0000, 0x0000, 0x0000, 0x0000, 0x0000, 0x0000, 0x0000, 0x0000, 0x0000, 0x0000, 0x0000, 0x0000,   // 0x1F00 (7936) pixels
0x0000, 0x0000, 0x0000, 0x0000, 0x0000, 0x0000, 0x0000, 0x0000, 0x0000, 0x0000, 0x0020, 0x0000, 0x0000, 0x0840, 0x4A05, 0x93A8,   // 0x1F10 (7952) pixels
0x82E9, 0x51E7, 0x2126, 0x10A5, 0x1024, 0x28C7, 0x39AA, 0x2188, 0x0841, 0x0002, 0x0086, 0x18A6, 0x1886, 0x08A6, 0x0885, 0x1023,   // 0x1F20 (7968) pixels
0x0000, 0x0000, 0x0022, 0x0002, 0x0000, 0x2000, 0x8020, 0xE862, 0xF041, 0xF821, 0xF800, 0xE822, 0x80A6, 0x1128, 0x1928, 0x50E6,   // 0x1F30 (7984) pixels
0xA063, 0x6927, 0x3169, 0x2969, 0x3988, 0x31C8, 0x29A8, 0x2106, 0x0000, 0x0001, 0x2126, 0x3187, 0x1083, 0x0001, 0x0000, 0x0021,   // 0x1F40 (8000) pixels
0x08C5, 0x1066, 0x3044, 0xB1C4, 0xFA84, 0x8122, 0x0801, 0x0000, 0x0000, 0x0020, 0x0020, 0x0000, 0x0000, 0x0000, 0x0000, 0x0000,   // 0x1F50 (8016) pixels
0x0000, 0x0000, 0x0000, 0x0000, 0x0000, 0x0000, 0x0000, 0x0000, 0x0000, 0x0000, 0x0000, 0x0000, 0x0000, 0x0000, 0x0000, 0x0000,   // 0x1F60 (8032) pixels
0x0000, 0x0000, 0x0000, 0x0000, 0x0000, 0x0000, 0x0000, 0x0000, 0x0000, 0x0000, 0x0000, 0x0000, 0x0000, 0x0000, 0x0000, 0x0000,   // 0x1F70 (8048) pixels
0x0000, 0x0000, 0x0000, 0x0000, 0x0000, 0x0000, 0x0000, 0x0000, 0x0000, 0x0000, 0x0000, 0x0000, 0x0000, 0x0000, 0x0000, 0x0000,   // 0x1F80 (8064) pixels
0x0000, 0x0000, 0x0000, 0x0021, 0x0000, 0x18A0, 0x62A6, 0x8BA8, 0x49E7, 0x39C8, 0x08A4, 0x0001, 0x20C5, 0x412A, 0x3129, 0x2187,   // 0x1F90 (8080) pixels
0x1881, 0x0001, 0x0022, 0x0023, 0x0003, 0x0043, 0x0021, 0x0800, 0x0801, 0x0000, 0x0000, 0x0020, 0x3840, 0x9061, 0xE020, 0xF840,   // 0x1FA0 (8096) pixels
0xE840, 0xF820, 0xF820, 0xD043, 0x58E6, 0x0168, 0x1947, 0x50E6, 0xD062, 0x8927, 0x3969, 0x2148, 0x2968, 0x29A8, 0x29A9, 0x2127,   // 0x1FB0 (8112) pixels
0x0020, 0x0000, 0x18C4, 0x31A8, 0x2946, 0x0863, 0x0000, 0x0001, 0x0022, 0x10C5, 0x08A6, 0x70A5, 0xF922, 0xB0E0, 0x1021, 0x0002,   // 0x1FC0 (8128) pixels
0x0001, 0x0000, 0x0021, 0x0821, 0x0000, 0x0000, 0x0000, 0x0000, 0x0000, 0x0020, 0x0000, 0x0000, 0x0000, 0x0000, 0x0000, 0x0000,   // 0x1FD0 (8144) pixels
0x0000, 0x0000, 0x0000, 0x0000, 0x0000, 0x0000, 0x0000, 0x0000, 0x0000, 0x0000, 0x0000, 0x0000, 0x0000, 0x0000, 0x0000, 0x0000,   // 0x1FE0 (8160) pixels
0x0000, 0x0000, 0x0000, 0x0000, 0x0000, 0x0000, 0x0000, 0x0000, 0x0000, 0x0000, 0x0000, 0x0000, 0x0000, 0x0000, 0x0000, 0x0000,   // 0x1FF0 (8176) pixels
0x0000, 0x0000, 0x0000, 0x0000, 0x0000, 0x0000, 0x0000, 0x0000, 0x0000, 0x0000, 0x0000, 0x0001, 0x0000, 0x3100, 0x72E5, 0x6AA5,   // 0x2000 (8192) pixels
0x31A9, 0x1187, 0x0862, 0x1801, 0x3106, 0x314A, 0x3108, 0x31A6, 0x20A3, 0x0000, 0x0000, 0x0800, 0x0000, 0x0000, 0x0000, 0x0000,   // 0x2010 (8208) pixels
0x0001, 0x0000, 0x1000, 0x5020, 0xB042, 0xF842, 0xF841, 0xF000, 0xE042, 0xE040, 0xE040, 0xA084, 0x3127, 0x0188, 0x2947, 0x68C6,   // 0x2020 (8224) pixels
0xE842, 0x9106, 0x3949, 0x2169, 0x2968, 0x3188, 0x31A9, 0x2968, 0x18C3, 0x0000, 0x0021, 0x2106, 0x31A8, 0x2106, 0x0022, 0x0001,   // 0x2030 (8240) pixels
0x0800, 0x0882, 0x00E7, 0x58A7, 0xF8C3, 0xC080, 0x2000, 0x0004, 0x0803, 0x0802, 0x18C5, 0x2105, 0x1061, 0x0020, 0x0840, 0x0000,   // 0x2040 (8256) pixels
0x0000, 0x0000, 0x0000, 0x0000, 0x0000, 0x0000, 0x0000, 0x0000, 0x0000, 0x0000, 0x0000, 0x0000, 0x0000, 0x0000, 0x0000, 0x0000,   // 0x2050 (8272) pixels
0x0000, 0x0000, 0x0000, 0x0000, 0x0000, 0x0000, 0x0000, 0x0000, 0x0000, 0x0000, 0x0000, 0x0000, 0x0000, 0x0000, 0x0000, 0x0000,   // 0x2060 (8288) pixels
0x0000, 0x0000, 0x0000, 0x0000, 0x0000, 0x0000, 0x0000, 0x0000, 0x0000, 0x0000, 0x0000, 0x0000, 0x0000, 0x0000, 0x0000, 0x0000,   // 0x2070 (8304) pixels
0x0000, 0x0000, 0x0000, 0x0001, 0x1062, 0x5203, 0x8345, 0x5A05, 0x2129, 0x0082, 0x3061, 0x70A4, 0x4107, 0x1949, 0x2948, 0x4146,   // 0x2080 (8320) pixels
0x2086, 0x0800, 0x0000, 0x0000, 0x0000, 0x0000, 0x0000, 0x0001, 0x0021, 0x0081, 0x4082, 0xB843, 0xF804, 0xF803, 0xC063, 0x9083,   // 0x2090 (8336) pixels
0x9084, 0xB882, 0xD863, 0x90A5, 0x3128, 0x0968, 0x2927, 0x78A6, 0xE842, 0x88C6, 0x3128, 0x2169, 0x2969, 0x2948, 0x3189, 0x3189,   // 0x20A0 (8352) pixels
0x2125, 0x0001, 0x0000, 0x0863, 0x31A9, 0x39A9, 0x10A4, 0x0001, 0x0800, 0x0000, 0x0063, 0x40A7, 0xC925, 0xE120, 0x6080, 0x0824,   // 0x20B0 (8368) pixels
0x1025, 0x1045, 0x3148, 0x41E9, 0x41E8, 0x41E6, 0x39A4, 0x18C0, 0x0000, 0x0000, 0x0000, 0x0020, 0x0000, 0x0000, 0x0000, 0x0000,   // 0x20C0 (8384) pixels
0x0000, 0x0000, 0x0000, 0x0000, 0x0000, 0x0000, 0x0000, 0x0000, 0x0000, 0x0000, 0x0000, 0x0000, 0x0000, 0x0000, 0x0000, 0x0000,   // 0x20D0 (8400) pixels
0x0000, 0x0000, 0x0000, 0x0000, 0x0000, 0x0000, 0x0000, 0x0000, 0x0000, 0x0000, 0x0000, 0x0000, 0x0000, 0x0000, 0x0000, 0x0000,   // 0x20E0 (8416) pixels
0x0000, 0x0000, 0x0000, 0x0000, 0x0000, 0x0000, 0x0000, 0x0000, 0x0000, 0x0000, 0x0000, 0x0063, 0x2906, 0x72A6, 0x8B66, 0x51C6,   // 0x20F0 (8432) pixels
0x1066, 0x2800, 0x9061, 0xA8C5, 0x4107, 0x1149, 0x2929, 0x3907, 0x1886, 0x0001, 0x0000, 0x0001, 0x0001, 0x0020, 0x0000, 0x0001,   // 0x2100 (8448) pixels
0x0041, 0x18E4, 0x5905, 0xA886, 0xC025, 0x9044, 0x60C5, 0x40E6, 0x38E6, 0x88C4, 0xC0A4, 0x88C7, 0x3929, 0x1168, 0x1926, 0x70A7,   // 0x2110 (8464) pixels
0xD863, 0x80E6, 0x2949, 0x21AA, 0x3189, 0x3128, 0x3169, 0x3189, 0x2105, 0x0001, 0x0000, 0x0842, 0x3168, 0x39CA, 0x2927, 0x0843,   // 0x2120 (8480) pixels
0x0800, 0x0000, 0x0042, 0x2065, 0x7905, 0xF1E2, 0xC962, 0x2864, 0x0805, 0x1005, 0x28C7, 0x41CA, 0x5A8B, 0x62EB, 0x5AA9, 0x41E6,   // 0x2130 (8496) pixels
0x1082, 0x0000, 0x0000, 0x0000, 0x0000, 0x0000, 0x0000, 0x0000, 0x0000, 0x0000, 0x0000, 0x0000, 0x0000, 0x0000, 0x0000, 0x0000,   // 0x2140 (8512) pixels
0x0000, 0x0000, 0x0000, 0x0000, 0x0000, 0x0000, 0x0000, 0x0000, 0x0000, 0x0000, 0x0000, 0x0000, 0x0000, 0x0000, 0x0000, 0x0000,   // 0x2150 (8528) pixels
0x0000, 0x0000, 0x0000, 0x0000, 0x0000, 0x0000, 0x0000, 0x0000, 0x0000, 0x0000, 0x0000, 0x0000, 0x0000, 0x0000, 0x0000, 0x0000,   // 0x2160 (8544) pixels
0x0000, 0x0000, 0x0020, 0x08A5, 0x3168, 0x7AC6, 0x8305, 0x4125, 0x0844, 0x8083, 0xF062, 0xB043, 0x30E6, 0x1949, 0x30C9, 0x2949,   // 0x2170 (8560) pixels
0x18A6, 0x0000, 0x0000, 0x0001, 0x0002, 0x0000, 0x0000, 0x0020, 0x0020, 0x30E5, 0x5107, 0x50E6, 0x38E5, 0x3126, 0x2969, 0x1909,   // 0x2180 (8576) pixels
0x2909, 0x68E5, 0x88E4, 0x4905, 0x3128, 0x2148, 0x1145, 0x60C7, 0xC843, 0x68C6, 0x1948, 0x19A9, 0x3989, 0x3928, 0x3169, 0x318A,   // 0x2190 (8592) pixels
0x18E4, 0x0000, 0x0001, 0x1083, 0x2948, 0x39AA, 0x3189, 0x20E5, 0x0841, 0x08C2, 0x2924, 0x18A4, 0x3862, 0xE160, 0xF940, 0x4023,   // 0x21A0 (8608) pixels
0x0805, 0x1005, 0x1866, 0x3107, 0x41A8, 0x41C8, 0x41C6, 0x39A6, 0x2945, 0x0861, 0x0000, 0x0000, 0x0000, 0x0000, 0x0000, 0x0000,   // 0x21B0 (8624) pixels
0x0000, 0x0000, 0x0000, 0x0000, 0x0000, 0x0000, 0x0000, 0x0000, 0x0000, 0x0000, 0x0000, 0x0000, 0x0000, 0x0000, 0x0000, 0x0000,   // 0x21C0 (8640) pixels
0x0000, 0x0000, 0x0000, 0x0000, 0x0000, 0x0000, 0x0000, 0x0000, 0x0000, 0x0000, 0x0000, 0x0000, 0x0000, 0x0000, 0x0000, 0x0000,   // 0x21D0 (8656) pixels
0x0000, 0x0000, 0x0000, 0x0000, 0x0000, 0x0000, 0x0000, 0x0000, 0x0020, 0x1000, 0x1823, 0x20EB, 0x38E8, 0x82A6, 0x8284, 0x5102,   // 0x21E0 (8672) pixels
0xA800, 0xE841, 0xD843, 0x5886, 0x092A, 0x116A, 0x2948, 0x2125, 0x1042, 0x0821, 0x0000, 0x0000, 0x0020, 0x0000, 0x0000, 0x0000,   // 0x21F0 (8688) pixels
0x0022, 0x2906, 0x3129, 0x20C8, 0x2109, 0x2149, 0x2128, 0x2927, 0x2948, 0x20E6, 0x2107, 0x2948, 0x2928, 0x2908, 0x2928, 0x2908,   // 0x2200 (8704) pixels
0x9047, 0x78C6, 0x5905, 0x3926, 0x3168, 0x298A, 0x296A, 0x314A, 0x18E5, 0x0000, 0x0001, 0x0862, 0x2126, 0x31C9, 0x2988, 0x2969,   // 0x2210 (8720) pixels
0x1862, 0x0882, 0x7285, 0x6225, 0x0042, 0x8120, 0xF9C1, 0x4843, 0x0004, 0x1044, 0x1843, 0x2084, 0x3129, 0x316B, 0x316A, 0x39A9,   // 0x2220 (8736) pixels
0x4228, 0x0020, 0x0000, 0x0021, 0x0000, 0x0020, 0x0000, 0x0800, 0x0000, 0x0000, 0x0000, 0x0000, 0x0000, 0x0000, 0x0000, 0x0000,   // 0x2230 (8752) pixels
0x0000, 0x0000, 0x0000, 0x0000, 0x0000, 0x0000, 0x0000, 0x0000, 0x0000, 0x0000, 0x0000, 0x0000, 0x0000, 0x0000, 0x0000, 0x0000,   // 0x2240 (8768) pixels
0x0000, 0x0000, 0x0000, 0x0000, 0x0000, 0x0000, 0x0000, 0x0000, 0x0000, 0x0000, 0x0000, 0x0000, 0x0000, 0x0000, 0x0000, 0x0000,   // 0x2250 (8784) pixels
0x0040, 0x0002, 0x18A6, 0x2148, 0x41C3, 0xA362, 0xC241, 0xC883, 0xF821, 0xE062, 0x98A4, 0x30E6, 0x0927, 0x2148, 0x3107, 0x28E6,   // 0x2260 (8800) pixels
0x0801, 0x0000, 0x0000, 0x0000, 0x0021, 0x0020, 0x0000, 0x0000, 0x0021, 0x18C4, 0x2927, 0x2928, 0x2128, 0x2908, 0x2907, 0x3107,   // 0x2270 (8816) pixels
0x20E6, 0x1885, 0x20E6, 0x2948, 0x2928, 0x2908, 0x2928, 0x2908, 0x48C6, 0x68E7, 0x7107, 0x5147, 0x2988, 0x2189, 0x3169, 0x4169,   // 0x2280 (8832) pixels
0x2105, 0x0000, 0x0000, 0x0001, 0x18A4, 0x3168, 0x3168, 0x3169, 0x20E7, 0x0043, 0x3923, 0x82E5, 0x4A41, 0x6921, 0xB945, 0x68E0,   // 0x2290 (8848) pixels
0x1043, 0x0803, 0x1025, 0x20A7, 0x28A7, 0x28C6, 0x3127, 0x3988, 0x4A47, 0x2922, 0x0820, 0x0000, 0x0001, 0x0020, 0x0000, 0x0800,   // 0x22A0 (8864) pixels
0x0000, 0x0000, 0x0000, 0x0000, 0x0000, 0x0000, 0x0000, 0x0000, 0x0000, 0x0000, 0x0000, 0x0000, 0x0000, 0x0000, 0x0000, 0x0000,   // 0x22B0 (8880) pixels
0x0000, 0x0000, 0x0000, 0x0000, 0x0000, 0x0000, 0x0000, 0x0000, 0x0000, 0x0000, 0x0000, 0x0000, 0x0000, 0x0000, 0x0000, 0x0000,   // 0x22C0 (8896) pixels
0x0000, 0x0000, 0x0000, 0x0000, 0x0000, 0x0000, 0x0000, 0x0000, 0x0020, 0x0064, 0x0168, 0x4286, 0x9B00, 0xF3C0, 0xF1E0, 0xF862,   // 0x22D0 (8912) pixels
0xF841, 0xB063, 0x48E6, 0x1126, 0x2147, 0x3927, 0x30E6, 0x18A5, 0x0042, 0x0001, 0x0801, 0x0800, 0x0000, 0x0001, 0x0821, 0x1843,   // 0x22E0 (8928) pixels
0x1000, 0x1021, 0x18C4, 0x2146, 0x2948, 0x3127, 0x3107, 0x28C6, 0x1044, 0x1044, 0x20C6, 0x2928, 0x2928, 0x2908, 0x2928, 0x2908,   // 0x22F0 (8944) pixels
0x2126, 0x58E7, 0x78E7, 0x5127, 0x2968, 0x3169, 0x3969, 0x3168, 0x20E4, 0x0001, 0x0000, 0x0000, 0x1022, 0x2907, 0x3948, 0x3949,   // 0x2300 (8960) pixels
0x2929, 0x10C4, 0x0842, 0x7A84, 0xAC85, 0x6226, 0x78C8, 0xCAC2, 0x51C3, 0x1822, 0x0005, 0x1047, 0x1804, 0x1802, 0x28C6, 0x3149,   // 0x2310 (8976) pixels
0x62A7, 0x62C6, 0x2900, 0x0000, 0x0000, 0x0000, 0x0000, 0x0000, 0x0000, 0x0000, 0x0000, 0x0000, 0x0000, 0x0000, 0x0000, 0x0000,   // 0x2320 (8992) pixels
0x0000, 0x0000, 0x0000, 0x0000, 0x0000, 0x0000, 0x0000, 0x0000, 0x0000, 0x0000, 0x0000, 0x0000, 0x0000, 0x0000, 0x0000, 0x0000,   // 0x2330 (9008) pixels
0x0000, 0x0000, 0x0000, 0x0000, 0x0000, 0x0000, 0x0000, 0x0000, 0x0000, 0x0000, 0x0000, 0x0000, 0x0000, 0x0000, 0x0000, 0x0000,   // 0x2340 (9024) pixels
0x0800, 0x1084, 0x39C7, 0xA325, 0xEB41, 0xF2C1, 0xD181, 0xD8C3, 0xC882, 0x68A5, 0x2928, 0x2949, 0x3107, 0x20C6, 0x0864, 0x0001,   // 0x2350 (9040) pixels
0x0021, 0x0001, 0x0801, 0x0801, 0x0000, 0x0001, 0x1864, 0x30E6, 0x2824, 0x1002, 0x0822, 0x10C5, 0x2927, 0x2927, 0x20C5, 0x1064,   // 0x2360 (9056) pixels
0x0803, 0x1024, 0x20C6, 0x2928, 0x2928, 0x2908, 0x2928, 0x2908, 0x2105, 0x70C7, 0x88C7, 0x4906, 0x2147, 0x398A, 0x4169, 0x2126,   // 0x2370 (9072) pixels
0x0842, 0x0000, 0x0000, 0x0000, 0x0001, 0x20C5, 0x3127, 0x3108, 0x3128, 0x31A6, 0x10A4, 0x30E3, 0x7325, 0x5269, 0x68E7, 0xEAE4,   // 0x2380 (9088) pixels
0x9B65, 0x4122, 0x0003, 0x0806, 0x2005, 0x2824, 0x28C8, 0x296C, 0x6AA6, 0x8B88, 0x5A02, 0x1040, 0x0000, 0x0000, 0x0000, 0x0000,   // 0x2390 (9104) pixels
0x0000, 0x0000, 0x0000, 0x0000, 0x0000, 0x0000, 0x0000, 0x0000, 0x0000, 0x0000, 0x0000, 0x0000, 0x0000, 0x0000, 0x0000, 0x0000,   // 0x23A0 (9120) pixels
0x0000, 0x0000, 0x0000, 0x0000, 0x0000, 0x0000, 0x0000, 0x0000, 0x0000, 0x0000, 0x0000, 0x0000, 0x0000, 0x0000, 0x0000, 0x0000,   // 0x23B0 (9136) pixels
0x0000, 0x0000, 0x0000, 0x0000, 0x0000, 0x0000, 0x0000, 0x0000, 0x10C1, 0x69A7, 0xB1A5, 0xFA43, 0xE9C1, 0x88E1, 0x58C4, 0x70E4,   // 0x23C0 (9152) pixels
0x60E5, 0x3928, 0x296A, 0x3129, 0x18A6, 0x0064, 0x0022, 0x2800, 0x0000, 0x0000, 0x0000, 0x0000, 0x0022, 0x0843, 0x20A5, 0x3107,   // 0x23D0 (9168) pixels
0x28E8, 0x1065, 0x0002, 0x0022, 0x10A4, 0x18C5, 0x0844, 0x0002, 0x0803, 0x1844, 0x28E7, 0x2928, 0x2907, 0x2108, 0x2928, 0x2128,   // 0x23E0 (9184) pixels
0x40E5, 0x90A7, 0xA0A8, 0x5107, 0x1188, 0x21A9, 0x3128, 0x2084, 0x0021, 0x0000, 0x0020, 0x0000, 0x0021, 0x18C5, 0x2948, 0x2948,   // 0x23F0 (9200) pixels
0x2947, 0x3168, 0x39A7, 0x28A2, 0x0860, 0x3167, 0x7989, 0x9145, 0xA387, 0x59E4, 0x0842, 0x0804, 0x2026, 0x2005, 0x1846, 0x2109,   // 0x2400 (9216) pixels
0x5205, 0x7B27, 0x72E4, 0x28C0, 0x0000, 0x0001, 0x0000, 0x0020, 0x0000, 0x0000, 0x0000, 0x0000, 0x0000, 0x0000, 0x0000, 0x0000,   // 0x2410 (9232) pixels
0x0000, 0x0000, 0x0000, 0x0000, 0x0000, 0x0000, 0x0000, 0x0000, 0x0000, 0x0000, 0x0000, 0x0000, 0x0000, 0x0000, 0x0000, 0x0000,   // 0x2420 (9248) pixels
0x0000, 0x0000, 0x0000, 0x0000, 0x0000, 0x0000, 0x0000, 0x0000, 0x0000, 0x0000, 0x0000, 0x0000, 0x0000, 0x0000, 0x0000, 0x0020,   // 0x2430 (9264) pixels
0x2943, 0x9A49, 0xC923, 0xE080, 0xD062, 0x7046, 0x2909, 0x1167, 0x2928, 0x2969, 0x298A, 0x20E7, 0x0044, 0x0022, 0x4822, 0x9822,   // 0x2440 (9280) pixels
0x6042, 0x3000, 0x0000, 0x0020, 0x0063, 0x18A5, 0x28E7, 0x2907, 0x1149, 0x10C6, 0x1003, 0x0801, 0x0821, 0x0022, 0x0803, 0x0804,   // 0x2450 (9296) pixels
0x1003, 0x2085, 0x28E7, 0x2928, 0x2907, 0x2107, 0x2128, 0x2128, 0x70C6, 0x90C7, 0x78C7, 0x4147, 0x19A9, 0x2169, 0x1885, 0x0822,   // 0x2460 (9312) pixels
0x0021, 0x0000, 0x0000, 0x0000, 0x0001, 0x10C4, 0x2147, 0x2989, 0x1968, 0x294A, 0x49A7, 0x5A04, 0x2902, 0x1882, 0x50E6, 0x3848,   // 0x2470 (9328) pixels
0x4144, 0x3104, 0x0821, 0x0002, 0x1824, 0x1803, 0x1002, 0x2946, 0x4186, 0x6265, 0x8366, 0x49A1, 0x0800, 0x0022, 0x0000, 0x0820,   // 0x2480 (9344) pixels
0x0000, 0x0000, 0x0000, 0x0000, 0x0000, 0x0000, 0x0000, 0x0000, 0x0000, 0x0000, 0x0000, 0x0000, 0x0000, 0x0000, 0x0000, 0x0000,   // 0x2490 (9360) pixels
0x0000, 0x0000, 0x0000, 0x0000, 0x0000, 0x0000, 0x0000, 0x0000, 0x0000, 0x0000, 0x0000, 0x0000, 0x0000, 0x0000, 0x0000, 0x0000,   // 0x24A0 (9376) pixels
0x0000, 0x0000, 0x0000, 0x0000, 0x0000, 0x0000, 0x0020, 0x0861, 0x4966, 0x81A8, 0x88E4, 0x9041, 0xA824, 0x8888, 0x4129, 0x0948,   // 0x24B0 (9392) pixels
0x2129, 0x2969, 0x1927, 0x0864, 0x1802, 0x5001, 0xA820, 0xE801, 0xD0A4, 0x7841, 0x1800, 0x0020, 0x0884, 0x28E7, 0x30E8, 0x2107,   // 0x24C0 (9408) pixels
0x28E6, 0x4085, 0x5844, 0x5022, 0x2000, 0x0800, 0x0803, 0x1004, 0x1003, 0x2086, 0x3107, 0x3128, 0x2907, 0x2908, 0x2128, 0x2107,   // 0x24D0 (9424) pixels
0x80A7, 0x6906, 0x3905, 0x1926, 0x2148, 0x28C7, 0x0822, 0x0020, 0x0800, 0x1001, 0x1001, 0x0800, 0x0000, 0x0002, 0x1085, 0x2107,   // 0x24E0 (9440) pixels
0x2169, 0x316B, 0x3147, 0x6A46, 0x6286, 0x2100, 0x1820, 0x0806, 0x0844, 0x1084, 0x0842, 0x0801, 0x1042, 0x0801, 0x0802, 0x2926,   // 0x24F0 (9456) pixels
0x316A, 0x5206, 0x8366, 0x6264, 0x1081, 0x0001, 0x0000, 0x0000, 0x0000, 0x0000, 0x0000, 0x0000, 0x0000, 0x0000, 0x0000, 0x0000,   // 0x2500 (9472) pixels
0x0000, 0x0000, 0x0000, 0x0000, 0x0000, 0x0000, 0x0000, 0x0000, 0x0000, 0x0000, 0x0000, 0x0000, 0x0000, 0x0000, 0x0000, 0x0000,   // 0x2510 (9488) pixels
0x0000, 0x0000, 0x0000, 0x0000, 0x0000, 0x0000, 0x0000, 0x0000, 0x0000, 0x0000, 0x0000, 0x0000, 0x0000, 0x0000, 0x0841, 0x10A2,   // 0x2520 (9504) pixels
0x2925, 0x4845, 0x68A8, 0x70C7, 0x7084, 0x80E4, 0x60E7, 0x48E9, 0x18E8, 0x1906, 0x0883, 0x1002, 0x5002, 0xB841, 0xF040, 0xF800,   // 0x2530 (9520) pixels
0xF823, 0xA000, 0x2800, 0x0021, 0x10A5, 0x30E8, 0x30E8, 0x18E7, 0x6085, 0x8024, 0xA845, 0xA084, 0x5021, 0x1000, 0x0002, 0x0804,   // 0x2540 (9536) pixels
0x1003, 0x2086, 0x3107, 0x3128, 0x2907, 0x2928, 0x2128, 0x2107, 0x5886, 0x4926, 0x2104, 0x08A4, 0x18C6, 0x1065, 0x0001, 0x0020,   // 0x2550 (9552) pixels
0x1800, 0x3063, 0x38C4, 0x2883, 0x1022, 0x0001, 0x0823, 0x20E6, 0x3169, 0x3168, 0x2988, 0x4967, 0x6245, 0x4AA3, 0x2962, 0x0843,   // 0x2560 (9568) pixels
0x0864, 0x0863, 0x0801, 0x0000, 0x0020, 0x0000, 0x0023, 0x18C7, 0x316C, 0x49E7, 0x8346, 0x6AC5, 0x20C2, 0x0001, 0x0000, 0x0000,   // 0x2570 (9584) pixels
0x0000, 0x0000, 0x0000, 0x0000, 0x0000, 0x0000, 0x0000, 0x0000, 0x0000, 0x0000, 0x0000, 0x0000, 0x0000, 0x0000, 0x0000, 0x0000,   // 0x2580 (9600) pixels
0x0000, 0x0000, 0x0000, 0x0000, 0x0000, 0x0000, 0x0000, 0x0000, 0x0021, 0x0000, 0x0000, 0x0000, 0x0000, 0x0000, 0x0000, 0x0000,   // 0x2590 (9616) pixels
0x0020, 0x0020, 0x0020, 0x0000, 0x0000, 0x0000, 0x0041, 0x0061, 0x0822, 0x1043, 0x3908, 0x4929, 0x38C8, 0x40E7, 0x4107, 0x3926,   // 0x25A0 (9632) pixels
0x1926, 0x0023, 0x0002, 0x4823, 0xC823, 0xF800, 0xF900, 0xF140, 0xF880, 0x9041, 0x2000, 0x0002, 0x20A7, 0x20E8, 0x4086, 0x8863,   // 0x25B0 (9648) pixels
0xE801, 0xD801, 0xD801, 0xE802, 0xB822, 0x3820, 0x0001, 0x0805, 0x1002, 0x2064, 0x30E7, 0x3108, 0x2928, 0x2128, 0x2907, 0x3107,   // 0x25C0 (9664) pixels
0x2929, 0x2947, 0x0862, 0x0000, 0x0000, 0x0001, 0x0000, 0x0000, 0x1800, 0x9043, 0xC844, 0xA062, 0x4860, 0x1000, 0x0001, 0x0843,   // 0x25D0 (9680) pixels
0x1925, 0x29AA, 0x314A, 0x3147, 0x2986, 0x41C8, 0x6A88, 0x6282, 0x49C3, 0x2902, 0x0820, 0x0000, 0x0020, 0x0000, 0x0000, 0x1023,   // 0x25E0 (9696) pixels
0x2929, 0x39C8, 0x49E5, 0x7328, 0x51E4, 0x0800, 0x0001, 0x0002, 0x0000, 0x0000, 0x0000, 0x0000, 0x0000, 0x0000, 0x0000, 0x0021,   // 0x25F0 (9712) pixels
0x0000, 0x0000, 0x0000, 0x0000, 0x0000, 0x0000, 0x0000, 0x0000, 0x0000, 0x0000, 0x0000, 0x0000, 0x0000, 0x0000, 0x0000, 0x0000,   // 0x2600 (9728) pixels
0x0000, 0x0000, 0x0000, 0x0000, 0x0000, 0x0000, 0x0000, 0x0000, 0x0020, 0x0000, 0x0000, 0x0000, 0x0000, 0x0000, 0x0000, 0x0020,   // 0x2610 (9744) pixels
0x0021, 0x0822, 0x20A5, 0x28C6, 0x30C7, 0x3107, 0x28E6, 0x1884, 0x0003, 0x1802, 0x4820, 0xA840, 0xF841, 0xF860, 0xF1E2, 0xFAA2,   // 0x2620 (9760) pixels
0xF982, 0x8861, 0x2000, 0x0844, 0x2108, 0x30E7, 0x7085, 0xD8A3, 0xF822, 0xE042, 0xE022, 0xF002, 0xC842, 0x7041, 0x1801, 0x0003,   // 0x2630 (9776) pixels
0x0802, 0x1844, 0x28C6, 0x3108, 0x2908, 0x2108, 0x2907, 0x3108, 0x3149, 0x2106, 0x0020, 0x0000, 0x0821, 0x0022, 0x0001, 0x0000,   // 0x2640 (9792) pixels
0x4883, 0xB885, 0xF002, 0xD801, 0xB042, 0x8023, 0x4002, 0x0800, 0x1083, 0x2149, 0x318B, 0x3968, 0x2967, 0x2927, 0x49C7, 0x6AA7,   // 0x2650 (9808) pixels
0x8B68, 0x7AE6, 0x49A2, 0x1020, 0x0000, 0x0000, 0x0021, 0x0000, 0x1084, 0x1082, 0x1860, 0x5A65, 0x6AE7, 0x3121, 0x0000, 0x0021,   // 0x2660 (9824) pixels
0x0000, 0x0000, 0x0000, 0x0000, 0x0000, 0x0000, 0x0000, 0x0000, 0x0000, 0x0000, 0x0000, 0x0000, 0x0000, 0x0000, 0x0000, 0x0000,   // 0x2670 (9840) pixels
0x0000, 0x0000, 0x0000, 0x0000, 0x0000, 0x0000, 0x0000, 0x0000, 0x0000, 0x0000, 0x0000, 0x0000, 0x0000, 0x0000, 0x0000, 0x0000,   // 0x2680 (9856) pixels
0x0000, 0x0000, 0x0000, 0x0820, 0x1040, 0x1060, 0x1040, 0x0000, 0x0020, 0x0020, 0x0862, 0x1063, 0x18A5, 0x20E6, 0x1084, 0x0002,   // 0x2690 (9872) pixels
0x2801, 0x7842, 0xB840, 0xE040, 0xF8A0, 0xF940, 0xF282, 0xEA82, 0xDA22, 0x68A0, 0x1001, 0x08A6, 0x1908, 0x48C6, 0xA842, 0xF800,   // 0x26A0 (9888) pixels
0xF000, 0xE800, 0xE001, 0xE801, 0xE022, 0xB022, 0x5022, 0x0001, 0x0022, 0x1064, 0x20C6, 0x3108, 0x2908, 0x2908, 0x2928, 0x2928,   // 0x26B0 (9904) pixels
0x2948, 0x18A4, 0x0021, 0x1083, 0x2105, 0x18C5, 0x0863, 0x0020, 0x4822, 0xC064, 0xF802, 0xF800, 0xF841, 0xF023, 0xB023, 0x5861,   // 0x26C0 (9920) pixels
0x1801, 0x1086, 0x2149, 0x3147, 0x3167, 0x2928, 0x3108, 0x49E9, 0x6226, 0x7AE7, 0x8327, 0x4162, 0x1000, 0x0000, 0x0020, 0x0040,   // 0x26D0 (9936) pixels
0x0000, 0x0000, 0x0800, 0x3122, 0x7328, 0x5A85, 0x1080, 0x0000, 0x0000, 0x0000, 0x0000, 0x0000, 0x0000, 0x0000, 0x0000, 0x0000,   // 0x26E0 (9952) pixels
0x0000, 0x0000, 0x0000, 0x0000, 0x0000, 0x0000, 0x0000, 0x0000, 0x0000, 0x0000, 0x0000, 0x0000, 0x0000, 0x0000, 0x0000, 0x0000,   // 0x26F0 (9968) pixels
0x0000, 0x0000, 0x0000, 0x0000, 0x0000, 0x0000, 0x0020, 0x0000, 0x0000, 0x1041, 0x20C2, 0x2903, 0x4185, 0x5247, 0x41C6, 0x1060,   // 0x2700 (9984) pixels
0x0000, 0x0000, 0x0021, 0x0001, 0x0842, 0x1063, 0x0002, 0x0001, 0x4841, 0xC082, 0xF821, 0xF860, 0xF9C1, 0xFAE1, 0xF344, 0xA9A1,   // 0x2710 (10000) pixels
0x6100, 0x2040, 0x0062, 0x08C7, 0x20C7, 0x68A5, 0xD042, 0xF800, 0xF020, 0xE800, 0xE020, 0xE840, 0xF000, 0xE002, 0x8822, 0x1800,   // 0x2720 (10016) pixels
0x0022, 0x0843, 0x18C5, 0x2928, 0x3128, 0x2928, 0x2928, 0x2928, 0x18C6, 0x0842, 0x1062, 0x3167, 0x41EA, 0x3168, 0x1083, 0x0000,   // 0x2730 (10032) pixels
0x3842, 0xB084, 0xF861, 0xF8C0, 0xF8E0, 0xF840, 0xF801, 0xD042, 0x5043, 0x1043, 0x0084, 0x1042, 0x20A3, 0x3149, 0x314A, 0x2949,   // 0x2740 (10048) pixels
0x28C6, 0x41A8, 0x62EB, 0x4A07, 0x1081, 0x0000, 0x0000, 0x1081, 0x1063, 0x1884, 0x1044, 0x1022, 0x2922, 0x39A3, 0x18A0, 0x0800,   // 0x2750 (10064) pixels
0x0000, 0x0000, 0x0000, 0x0000, 0x0000, 0x0000, 0x0000, 0x0000, 0x0000, 0x0000, 0x0000, 0x0000, 0x0000, 0x0000, 0x0000, 0x0000,   // 0x2760 (10080) pixels
0x0000, 0x0000, 0x0000, 0x0000, 0x0000, 0x0000, 0x0000, 0x0000, 0x0000, 0x0000, 0x0000, 0x0000, 0x0000, 0x0000, 0x0000, 0x0000,   // 0x2770 (10096) pixels
0x0800, 0x3123, 0x5206, 0x5A27, 0x6268, 0x6AEA, 0x5248, 0x3124, 0x0820, 0x0000, 0x0000, 0x0000, 0x0801, 0x0801, 0x0001, 0x1022,   // 0x2780 (10112) pixels
0x2864, 0x9065, 0xF044, 0xF902, 0xEA00, 0xB281, 0x9284, 0x4080, 0x1040, 0x0020, 0x0043, 0x10C7, 0x38A6, 0x9064, 0xE843, 0xF800,   // 0x2790 (10128) pixels
0xF8A0, 0xF080, 0xE880, 0xF0C0, 0xF840, 0xF801, 0xC082, 0x5060, 0x0000, 0x0001, 0x0863, 0x2106, 0x2907, 0x20E6, 0x2106, 0x2106,   // 0x27A0 (10144) pixels
0x0822, 0x0001, 0x0862, 0x39A8, 0x4A2B, 0x3169, 0x1063, 0x0000, 0x28C5, 0xA0A4, 0xF061, 0xF920, 0xF9C0, 0xF940, 0xF860, 0xF800,   // 0x27B0 (10160) pixels
0x98E4, 0x28A3, 0x00C3, 0x1061, 0x1020, 0x2107, 0x31AB, 0x2129, 0x492A, 0x3909, 0x39AA, 0x2146, 0x0040, 0x0000, 0x1863, 0x4149,   // 0x27C0 (10176) pixels
0x41E9, 0x3148, 0x3969, 0x20C5, 0x1061, 0x3142, 0x3943, 0x1860, 0x0000, 0x0000, 0x0000, 0x0000, 0x0000, 0x0000, 0x0000, 0x0000,   // 0x27D0 (10192) pixels
0x0000, 0x0000, 0x0000, 0x0000, 0x0000, 0x0000, 0x0000, 0x0000, 0x0000, 0x0000, 0x0000, 0x0000, 0x0000, 0x0000, 0x0000, 0x0000,   // 0x27E0 (10208) pixels
0x0000, 0x0000, 0x0000, 0x0000, 0x0000, 0x0000, 0x0000, 0x0000, 0x3963, 0x5A47, 0x6AC8, 0x6288, 0x5A47, 0x41C7, 0x3166, 0x3188,   // 0x27F0 (10224) pixels
0x1863, 0x1001, 0x0000, 0x0000, 0x0000, 0x0000, 0x0000, 0x1022, 0x2005, 0x3846, 0x88A6, 0xB8E2, 0x70A0, 0x2060, 0x3983, 0x5140,   // 0x2800 (10240) pixels
0x2968, 0x0063, 0x0002, 0x1886, 0x48A6, 0xA843, 0xF022, 0xF061, 0xF960, 0xF920, 0xF900, 0xF941, 0xF8A0, 0xF820, 0xE0C2, 0x9080,   // 0x2810 (10256) pixels
0x1001, 0x0000, 0x0001, 0x1083, 0x1084, 0x1063, 0x0843, 0x0842, 0x0801, 0x0000, 0x0822, 0x2927, 0x41AB, 0x3149, 0x1042, 0x0000,   // 0x2820 (10272) pixels
0x10C6, 0x80A5, 0xE882, 0xF920, 0xFA00, 0xFA20, 0xF9A0, 0xF8A0, 0xC042, 0x48E4, 0x21E8, 0x39E7, 0x2082, 0x1063, 0x2149, 0x2128,   // 0x2830 (10288) pixels
0x6908, 0x5908, 0x3908, 0x1083, 0x0020, 0x0062, 0x28C7, 0x498D, 0x4A09, 0x39A8, 0x4A2A, 0x31A8, 0x2925, 0x5248, 0x62A8, 0x30E0,   // 0x2840 (10304) pixels
0x0000, 0x0000, 0x0000, 0x0000, 0x0000, 0x0000, 0x0000, 0x0000, 0x0000, 0x0000, 0x0000, 0x0000, 0x0000, 0x0000, 0x0000, 0x0000,   // 0x2850 (10320) pixels
0x0000, 0x0000, 0x0000, 0x0000, 0x0000, 0x0000, 0x0000, 0x0000, 0x0000, 0x0000, 0x0000, 0x0000, 0x0000, 0x0000, 0x0840, 0x18E3,   // 0x2860 (10336) pixels
0x72C7, 0x72E8, 0x6AA7, 0x5A46, 0x49E6, 0x3987, 0x2107, 0x2109, 0x28A6, 0x1044, 0x0822, 0x0000, 0x0000, 0x0000, 0x0000, 0x1021,   // 0x2870 (10352) pixels
0x2004, 0x0823, 0x2044, 0x2821, 0x1040, 0x1902, 0x7AE7, 0x9B66, 0x420B, 0x1905, 0x0802, 0x0824, 0x28A4, 0x9882, 0xF881, 0xF902,   // 0x2880 (10368) pixels
0xF9E1, 0xF9C1, 0xF981, 0xF981, 0xF8E0, 0xE880, 0xE8C0, 0xC860, 0x3883, 0x1000, 0x0000, 0x0021, 0x0021, 0x0000, 0x0000, 0x0000,   // 0x2890 (10384) pixels
0x0821, 0x0000, 0x0822, 0x20A6, 0x316A, 0x3129, 0x1063, 0x0840, 0x10C8, 0x58E6, 0xC103, 0xF942, 0xF9A0, 0xF200, 0xF220, 0xF940,   // 0x28A0 (10400) pixels
0xE002, 0x60E5, 0x220A, 0x420A, 0x28C4, 0x0022, 0x10C6, 0x2127, 0x58C7, 0x5107, 0x38C5, 0x0822, 0x0001, 0x0863, 0x1886, 0x2088,   // 0x28B0 (10416) pixels
0x28E7, 0x3988, 0x39E8, 0x2967, 0x2947, 0x4A0A, 0x6ACA, 0x59E5, 0x1081, 0x0000, 0x0000, 0x0000, 0x0000, 0x0000, 0x0000, 0x0000,   // 0x28C0 (10432) pixels
0x0000, 0x0000, 0x0000, 0x0000, 0x0000, 0x0000, 0x0000, 0x0000, 0x0000, 0x0000, 0x0000, 0x0000, 0x0000, 0x0000, 0x0000, 0x0000,   // 0x28D0 (10448) pixels
0x0000, 0x0000, 0x0000, 0x0000, 0x0000, 0x0000, 0x18C2, 0x39E7, 0x6A65, 0x6A85, 0x6AA6, 0x5A25, 0x3985, 0x3168, 0x294A, 0x10C9,   // 0x28E0 (10464) pixels
0x20A7, 0x1885, 0x0883, 0x0021, 0x0020, 0x0020, 0x0000, 0x0021, 0x0003, 0x0000, 0x0800, 0x0001, 0x29A3, 0x9366, 0xBBC8, 0x6AA5,   // 0x28F0 (10480) pixels
0x39C8, 0x39A7, 0x20C4, 0x0003, 0x0041, 0x7060, 0xE8C0, 0xF981, 0xE9A0, 0xF1C0, 0xF980, 0xF981, 0xF160, 0xF140, 0xF982, 0xF8E2,   // 0x2900 (10496) pixels
0x48C4, 0x1800, 0x0000, 0x0020, 0x0000, 0x0000, 0x0000, 0x0000, 0x0000, 0x0000, 0x0802, 0x1865, 0x314A, 0x3129, 0x0842, 0x0000,   // 0x2910 (10512) pixels
0x190B, 0x28E5, 0x78C1, 0xE141, 0xF980, 0xFA00, 0xFA20, 0xF940, 0xF802, 0x6085, 0x0948, 0x2949, 0x30C6, 0x0864, 0x0064, 0x18C6,   // 0x2920 (10528) pixels
0x2888, 0x30E7, 0x2084, 0x0801, 0x0002, 0x0803, 0x1844, 0x20A5, 0x2087, 0x3168, 0x2967, 0x2968, 0x39AB, 0x2909, 0x4988, 0x6A68,   // 0x2930 (10544) pixels
0x3185, 0x1081, 0x0000, 0x0000, 0x0000, 0x0000, 0x0000, 0x0000, 0x0000, 0x0000, 0x0000, 0x0000, 0x0000, 0x0000, 0x0000, 0x0000,   // 0x2940 (10560) pixels
0x0000, 0x0000, 0x0000, 0x0000, 0x0000, 0x0000, 0x0000, 0x0000, 0x0000, 0x0000, 0x0000, 0x0000, 0x0000, 0x1062, 0x3167, 0x39A8,   // 0x2950 (10576) pixels
0x3148, 0x5249, 0x62E9, 0x41E6, 0x2907, 0x396B, 0x314A, 0x1885, 0x1864, 0x1845, 0x0803, 0x0820, 0x0000, 0x0001, 0x0002, 0x0000,   // 0x2960 (10592) pixels
0x0002, 0x0001, 0x0841, 0x3100, 0x7AE4, 0x9BE8, 0x6A67, 0x3967, 0x1966, 0x49AB, 0x30C8, 0x0022, 0x0020, 0x48A1, 0xC962, 0xF940,   // 0x2970 (10608) pixels
0xF943, 0xF9C0, 0xF9C0, 0xF862, 0xF121, 0xEBE0, 0xF4C0, 0xFA22, 0x9062, 0x1000, 0x0021, 0x0000, 0x0000, 0x0801, 0x0802, 0x0001,   // 0x2980 (10624) pixels
0x0020, 0x0000, 0x1000, 0x1063, 0x2948, 0x2948, 0x0843, 0x0821, 0x1949, 0x2128, 0x50C5, 0xB062, 0xF8E0, 0xF9A0, 0xF9E0, 0xE9C0,   // 0x2990 (10640) pixels
0xE860, 0x80A3, 0x2108, 0x116B, 0x2949, 0x2043, 0x0801, 0x0884, 0x28C7, 0x28C8, 0x1044, 0x0000, 0x0020, 0x0000, 0x0002, 0x2084,   // 0x29A0 (10656) pixels
0x18A4, 0x20C5, 0x20E7, 0x2909, 0x396A, 0x3149, 0x3147, 0x41E9, 0x72E5, 0x3961, 0x0000, 0x0001, 0x0001, 0x0000, 0x0000, 0x0000,   // 0x29B0 (10672) pixels
0x0000, 0x0000, 0x0000, 0x0000, 0x0000, 0x0000, 0x0000, 0x0000, 0x0000, 0x0000, 0x0000, 0x0000, 0x0000, 0x0000, 0x0000, 0x0000,   // 0x29C0 (10688) pixels
0x0000, 0x0000, 0x0000, 0x0000, 0x0020, 0x18A3, 0x3147, 0x2927, 0x28E7, 0x3986, 0x4206, 0x3985, 0x2927, 0x314A, 0x20E8, 0x1043,   // 0x29D0 (10704) pixels
0x0823, 0x0804, 0x0002, 0x0000, 0x0000, 0x0021, 0x0001, 0x0020, 0x0000, 0x2901, 0x62A5, 0x72E5, 0x5A65, 0x5228, 0x41C7, 0x2945,   // 0x29E0 (10720) pixels
0x2988, 0x398A, 0x28E8, 0x18E5, 0x10C3, 0x2841, 0x90A0, 0xF140, 0xF941, 0xE2C0, 0xF341, 0xF9C2, 0xF260, 0xFD40, 0xFDC3, 0xEA81,   // 0x29F0 (10736) pixels
0x5001, 0x0801, 0x0084, 0x1063, 0x1042, 0x0884, 0x0023, 0x0000, 0x0020, 0x0000, 0x0001, 0x1024, 0x2908, 0x2908, 0x0822, 0x0000,   // 0x2A00 (10752) pixels
0x2908, 0x2908, 0x30E7, 0x68A4, 0xB8A2, 0xF8E0, 0xF940, 0xF960, 0xF840, 0x9883, 0x30E7, 0x216A, 0x3169, 0x2083, 0x0800, 0x0083,   // 0x2A10 (10768) pixels
0x20C6, 0x20C7, 0x0843, 0x0000, 0x0000, 0x0001, 0x0002, 0x1002, 0x0822, 0x1044, 0x1886, 0x20C7, 0x3149, 0x3169, 0x3148, 0x41E9,   // 0x2A20 (10784) pixels
0x72C7, 0x41A4, 0x0000, 0x0000, 0x0821, 0x0000, 0x0000, 0x0000, 0x0000, 0x0000, 0x0000, 0x0000, 0x0000, 0x0000, 0x0000, 0x0000,   // 0x2A30 (10800) pixels
0x0000, 0x0000, 0x0000, 0x0000, 0x0000, 0x0000, 0x0000, 0x0000, 0x0000, 0x0000, 0x0000, 0x0000, 0x0021, 0x20C5, 0x3148, 0x20E7,   // 0x2A40 (10816) pixels
0x2908, 0x2926, 0x3986, 0x39A7, 0x3989, 0x3129, 0x1065, 0x0001, 0x0001, 0x0003, 0x0002, 0x0000, 0x0020, 0x0001, 0x0000, 0x0020,   // 0x2A50 (10832) pixels
0x3901, 0x72A4, 0x93A7, 0x7B27, 0x39A6, 0x1928, 0x2989, 0x2967, 0x31C8, 0x2969, 0x2949, 0x39A9, 0x2147, 0x0000, 0x4800, 0xC9A3,   // 0x2A60 (10848) pixels
0xFAA1, 0xEC60, 0xFD42, 0xF401, 0xECA0, 0xFE40, 0xF522, 0x9980, 0x1002, 0x0865, 0x1908, 0x2907, 0x28E7, 0x1128, 0x10A4, 0x4040,   // 0x2A70 (10864) pixels
0x3021, 0x0000, 0x0001, 0x0824, 0x30E9, 0x3149, 0x0863, 0x0020, 0x20C5, 0x30E8, 0x2909, 0x28E7, 0x58A5, 0xB883, 0xF8A1, 0xF8C0,   // 0x2A80 (10880) pixels
0xF840, 0xA883, 0x40C6, 0x2149, 0x2948, 0x1883, 0x0000, 0x0021, 0x0842, 0x0864, 0x0022, 0x0000, 0x0800, 0x0001, 0x0002, 0x0002,   // 0x2A90 (10896) pixels
0x0001, 0x0002, 0x1024, 0x1886, 0x2928, 0x3969, 0x3168, 0x41E9, 0x5A48, 0x41C6, 0x0041, 0x0000, 0x0000, 0x0000, 0x0020, 0x0000,   // 0x2AA0 (10912) pixels
0x0000, 0x0000, 0x0000, 0x0000, 0x0000, 0x0000, 0x0000, 0x0000, 0x0000, 0x0000, 0x0000, 0x0000, 0x0000, 0x0000, 0x0000, 0x0000,   // 0x2AB0 (10928) pixels
0x0000, 0x0000, 0x0000, 0x0000, 0x0822, 0x20E6, 0x3169, 0x28E8, 0x2908, 0x3127, 0x41C8, 0x41E9, 0x3989, 0x20E7, 0x0823, 0x0000,   // 0x2AC0 (10944) pixels
0x0001, 0x0001, 0x0001, 0x0000, 0x0000, 0x0000, 0x0000, 0x1061, 0x6A63, 0x8328, 0x6A67, 0x49C7, 0x3188, 0x2168, 0x31AA, 0x31AA,   // 0x2AD0 (10960) pixels
0x3188, 0x2948, 0x3148, 0x39CA, 0x2189, 0x0043, 0x2820, 0x8164, 0xFC03, 0xFD61, 0xFE00, 0xEDA0, 0xFE60, 0xFDC0, 0xBB41, 0x4020,   // 0x2AE0 (10976) pixels
0x0065, 0x20C8, 0x3149, 0x2928, 0x2929, 0x2149, 0x48E4, 0xA8A1, 0x9062, 0x3000, 0x0000, 0x0003, 0x28C7, 0x2948, 0x0063, 0x0000,   // 0x2AF0 (10992) pixels
0x0883, 0x28C7, 0x30EA, 0x190A, 0x1907, 0x50C4, 0xA862, 0xE021, 0xE042, 0x9084, 0x40C6, 0x2949, 0x2969, 0x18C4, 0x0000, 0x0000,   // 0x2B00 (11008) pixels
0x0000, 0x0001, 0x0002, 0x0001, 0x0000, 0x0000, 0x0001, 0x0022, 0x0001, 0x0001, 0x0823, 0x1064, 0x28E7, 0x3989, 0x3989, 0x41C9,   // 0x2B10 (11024) pixels
0x41A9, 0x3167, 0x0863, 0x0020, 0x0020, 0x0000, 0x0000, 0x0001, 0x0000, 0x0000, 0x0000, 0x0000, 0x0000, 0x0000, 0x0000, 0x0000,   // 0x2B20 (11040) pixels
0x0000, 0x0000, 0x0000, 0x0000, 0x0000, 0x0000, 0x0000, 0x0000, 0x0000, 0x0000, 0x0000, 0x0001, 0x1064, 0x2928, 0x3149, 0x20E8,   // 0x2B30 (11056) pixels
0x1045, 0x2907, 0x41C9, 0x39A9, 0x2107, 0x1064, 0x0001, 0x0000, 0x0041, 0x0000, 0x0000, 0x0000, 0x0000, 0x0000, 0x0000, 0x1062,   // 0x2B40 (11072) pixels
0x51A4, 0x5A29, 0x3969, 0x2949, 0x3189, 0x3167, 0x39AA, 0x316B, 0x2968, 0x3988, 0x3988, 0x2989, 0x21AA, 0x2148, 0x20A4, 0x2862,   // 0x2B50 (11088) pixels
0xB382, 0xFD41, 0xFE20, 0xFDE0, 0xFDE3, 0xDBC2, 0x5921, 0x1005, 0x10A7, 0x28EA, 0x2909, 0x20E6, 0x2107, 0x2908, 0x78C4, 0xF8A2,   // 0x2B60 (11104) pixels
0xE882, 0x6820, 0x0800, 0x0000, 0x18A5, 0x2127, 0x0063, 0x0001, 0x0001, 0x0843, 0x20A6, 0x28E9, 0x1128, 0x1126, 0x48A5, 0x8024,   // 0x2B70 (11120) pixels
0x9825, 0x68C6, 0x3128, 0x296A, 0x2989, 0x10C5, 0x0000, 0x0800, 0x0000, 0x0000, 0x0002, 0x0002, 0x0001, 0x1000, 0x0800, 0x0020,   // 0x2B80 (11136) pixels
0x0001, 0x0001, 0x0802, 0x0823, 0x18A5, 0x3168, 0x3989, 0x3989, 0x398A, 0x2928, 0x0063, 0x2103, 0x39C5, 0x18A0, 0x0000, 0x0000,   // 0x2B90 (11152) pixels
0x0000, 0x0000, 0x0000, 0x0000, 0x0000, 0x0000, 0x0000, 0x0000, 0x0000, 0x0000, 0x0000, 0x0000, 0x0000, 0x0000, 0x0000, 0x0000,   // 0x2BA0 (11168) pixels
0x0000, 0x0000, 0x0000, 0x0822, 0x20E6, 0x3168, 0x20E7, 0x1885, 0x0002, 0x20C6, 0x3989, 0x2927, 0x1063, 0x0001, 0x0000, 0x0020,   // 0x2BB0 (11184) pixels
0x0000, 0x0840, 0x18A1, 0x0821, 0x0801, 0x0000, 0x0000, 0x1063, 0x2885, 0x3149, 0x31AB, 0x2969, 0x1885, 0x2064, 0x3127, 0x3128,   // 0x2BC0 (11200) pixels
0x39A9, 0x5A2A, 0x5209, 0x2989, 0x218A, 0x39CB, 0x3148, 0x0843, 0x4120, 0xBC22, 0xFDE0, 0xFD00, 0xFB84, 0x7902, 0x0802, 0x10A7,   // 0x2BD0 (11216) pixels
0x30E9, 0x310A, 0x28E8, 0x28E6, 0x2107, 0x28E7, 0x88A5, 0xF8A2, 0xF8E3, 0x9081, 0x2020, 0x0000, 0x10A4, 0x18E5, 0x0863, 0x0021,   // 0x2BE0 (11232) pixels
0x0001, 0x0021, 0x0082, 0x28C6, 0x3128, 0x1949, 0x1928, 0x30E7, 0x5087, 0x38E7, 0x2107, 0x10E7, 0x10C6, 0x0023, 0x0000, 0x0800,   // 0x2BF0 (11248) pixels
0x0000, 0x1822, 0x1885, 0x08C6, 0x20C4, 0x50A2, 0x5060, 0x1000, 0x0000, 0x0000, 0x0001, 0x0001, 0x1043, 0x2927, 0x3148, 0x2907,   // 0x2C00 (11264) pixels
0x3149, 0x3189, 0x0864, 0x2945, 0x732B, 0x5A47, 0x1060, 0x0000, 0x0000, 0x0000, 0x0000, 0x0000, 0x0000, 0x0000, 0x0000, 0x0000,   // 0x2C10 (11280) pixels
0x0000, 0x0000, 0x0000, 0x0000, 0x0000, 0x0000, 0x0000, 0x0000, 0x0000, 0x0000, 0x0000, 0x0843, 0x2947, 0x3147, 0x1043, 0x0802,   // 0x2C20 (11296) pixels
0x0000, 0x20C5, 0x2947, 0x1084, 0x0001, 0x0000, 0x0000, 0x0000, 0x0800, 0x41A3, 0x5247, 0x20C4, 0x1043, 0x0821, 0x0000, 0x1044,   // 0x2C30 (11312) pixels
0x2087, 0x2928, 0x39C9, 0x18E4, 0x0001, 0x1044, 0x28E6, 0x2907, 0x3988, 0x5A8A, 0x5248, 0x3169, 0x314A, 0x39AA, 0x39A9, 0x2928,   // 0x2C40 (11328) pixels
0x1001, 0x51E2, 0xA342, 0xBA82, 0x8943, 0x2001, 0x0844, 0x3128, 0x3928, 0x2929, 0x28E9, 0x30E8, 0x2108, 0x2108, 0x60E6, 0xB0C4,   // 0x2C50 (11344) pixels
0xC105, 0x8905, 0x2862, 0x0001, 0x0862, 0x1042, 0x0000, 0x0000, 0x0801, 0x0000, 0x0040, 0x1083, 0x28C7, 0x3129, 0x2949, 0x1947,   // 0x2C60 (11360) pixels
0x3108, 0x2106, 0x0883, 0x0822, 0x0822, 0x0001, 0x0000, 0x0000, 0x0000, 0x2022, 0x28C7, 0x1148, 0x4126, 0xA904, 0xB0A2, 0x6800,   // 0x2C70 (11376) pixels
0x0001, 0x0000, 0x0000, 0x0000, 0x0001, 0x20C5, 0x20C6, 0x1064, 0x18C5, 0x2947, 0x1064, 0x20C4, 0x6269, 0x72EA, 0x49C5, 0x0840,   // 0x2C80 (11392) pixels
0x0000, 0x0000, 0x0000, 0x0000, 0x0000, 0x0000, 0x0000, 0x0000, 0x0000, 0x0000, 0x0000, 0x0000, 0x0000, 0x0000, 0x0000, 0x0000,   // 0x2C90 (11408) pixels
0x0000, 0x0000, 0x0001, 0x0843, 0x2947, 0x20E5, 0x0000, 0x0000, 0x0000, 0x1883, 0x18C5, 0x0002, 0x0001, 0x0020, 0x0000, 0x0000,   // 0x2CA0 (11424) pixels
0x3101, 0x7348, 0x7B8B, 0x3106, 0x2085, 0x1062, 0x0000, 0x1065, 0x18A7, 0x3127, 0x3125, 0x0820, 0x0881, 0x2167, 0x2107, 0x28C7,   // 0x2CB0 (11440) pixels
0x38C6, 0x4A07, 0x39C5, 0x3948, 0x414A, 0x2948, 0x31A8, 0x398A, 0x3107, 0x1022, 0x3002, 0x3802, 0x1000, 0x0000, 0x28C5, 0x38E8,   // 0x2CC0 (11456) pixels
0x3946, 0x1928, 0x20A9, 0x38A8, 0x18E8, 0x1109, 0x38E8, 0x50A4, 0x6864, 0x58C6, 0x1803, 0x0002, 0x0801, 0x0800, 0x0800, 0x0020,   // 0x2CD0 (11472) pixels
0x0041, 0x0800, 0x0800, 0x0000, 0x0844, 0x28A7, 0x38E8, 0x3126, 0x2128, 0x10E4, 0x0020, 0x0800, 0x1862, 0x0883, 0x0020, 0x0000,   // 0x2CE0 (11488) pixels
0x0020, 0x2002, 0x2046, 0x08E7, 0x40A5, 0xC863, 0xF882, 0xC081, 0x0841, 0x0000, 0x0821, 0x0000, 0x0001, 0x1884, 0x1884, 0x0002,   // 0x2CF0 (11504) pixels
0x0842, 0x1084, 0x0843, 0x1023, 0x30E3, 0x6A88, 0x72E9, 0x20E1, 0x0000, 0x0000, 0x0000, 0x0000, 0x0000, 0x0000, 0x0000, 0x0000,   // 0x2D00 (11520) pixels
0x0001, 0x0000, 0x0001, 0x0000, 0x0000, 0x0000, 0x0000, 0x0001, 0x0000, 0x0000, 0x0000, 0x1084, 0x20E5, 0x18C5, 0x10C5, 0x0863,   // 0x2D10 (11536) pixels
0x0800, 0x1823, 0x1844, 0x0822, 0x0022, 0x0001, 0x0000, 0x2920, 0x62A3, 0x6AC9, 0x41AA, 0x1886, 0x08A2, 0x0080, 0x0002, 0x2807,   // 0x2D20 (11552) pixels
0x2867, 0x2908, 0x10A5, 0x0822, 0x28C5, 0x3147, 0x2927, 0x2108, 0x20C8, 0x2908, 0x2927, 0x3147, 0x3988, 0x3988, 0x3969, 0x398A,   // 0x2D30 (11568) pixels
0x3947, 0x1844, 0x0002, 0x0000, 0x0800, 0x3020, 0x68A4, 0x78C6, 0x40A8, 0x38E8, 0x2908, 0x18E7, 0x20E7, 0x28E8, 0x28E8, 0x28E7,   // 0x2D40 (11584) pixels
0x2048, 0x2066, 0x1024, 0x0801, 0x0000, 0x0000, 0x0001, 0x0002, 0x0001, 0x0000, 0x0000, 0x0000, 0x0021, 0x1042, 0x1083, 0x08C4,   // 0x2D50 (11600) pixels
0x0862, 0x0001, 0x0000, 0x1063, 0x3127, 0x3168, 0x18A4, 0x0021, 0x0000, 0x0021, 0x0041, 0x0084, 0x20C7, 0x60C7, 0xB8A3, 0xF8C0,   // 0x2D60 (11616) pixels
0xA860, 0x2820, 0x0001, 0x0001, 0x0801, 0x0802, 0x0001, 0x0020, 0x0001, 0x0822, 0x0022, 0x0802, 0x1824, 0x4968, 0x628A, 0x4A46,   // 0x2D70 (11632) pixels
0x0861, 0x0000, 0x0000, 0x0000, 0x0000, 0x0000, 0x0000, 0x0020, 0x0020, 0x0000, 0x0000, 0x0000, 0x0000, 0x0800, 0x0000, 0x0000,   // 0x2D80 (11648) pixels
0x1082, 0x2125, 0x2926, 0x2947, 0x3189, 0x3188, 0x2968, 0x2106, 0x0801, 0x1002, 0x0802, 0x0002, 0x0001, 0x0000, 0x18C1, 0x5A45,   // 0x2D90 (11664) pixels
0x7307, 0x4A07, 0x20C7, 0x1025, 0x0821, 0x0020, 0x0000, 0x1804, 0x2846, 0x20A6, 0x0843, 0x0802, 0x28C6, 0x3148, 0x2108, 0x20E8,   // 0x2DA0 (11680) pixels
0x28E8, 0x28E8, 0x20E6, 0x20E6, 0x2907, 0x2907, 0x2928, 0x3969, 0x2167, 0x18A5, 0x0802, 0x0020, 0x0020, 0x7021, 0xB045, 0x9886,   // 0x2DB0 (11696) pixels
0x40A7, 0x30A6, 0x2107, 0x2128, 0x2907, 0x2907, 0x2908, 0x2107, 0x2047, 0x1846, 0x1024, 0x0801, 0x0000, 0x0000, 0x0001, 0x0001,   // 0x2DC0 (11712) pixels
0x0021, 0x0001, 0x0000, 0x0000, 0x0001, 0x0001, 0x0001, 0x0001, 0x0002, 0x0802, 0x1043, 0x1864, 0x30E7, 0x3948, 0x3167, 0x39C7,   // 0x2DD0 (11728) pixels
0x10C4, 0x0000, 0x0800, 0x0021, 0x08A5, 0x38A5, 0x9084, 0xE083, 0xE8C2, 0x8883, 0x1021, 0x0021, 0x0000, 0x0001, 0x0001, 0x0000,   // 0x2DE0 (11744) pixels
0x0000, 0x0020, 0x0020, 0x0001, 0x1003, 0x28C6, 0x41C8, 0x4249, 0x10C3, 0x0000, 0x0000, 0x0020, 0x0000, 0x0020, 0x0000, 0x0000,   // 0x2DF0 (11760) pixels
0x0020, 0x0000, 0x0000, 0x0001, 0x0000, 0x0000, 0x0820, 0x0000, 0x18E4, 0x31A7, 0x39A8, 0x3189, 0x3989, 0x3148, 0x2907, 0x28E6,   // 0x2E00 (11776) pixels
0x20A4, 0x1043, 0x0002, 0x0021, 0x0000, 0x0000, 0x3142, 0x72C8, 0x6289, 0x3167, 0x1066, 0x1025, 0x0801, 0x0800, 0x1020, 0x2863,   // 0x2E10 (11792) pixels
0x3066, 0x1885, 0x0023, 0x0803, 0x28C6, 0x3148, 0x2108, 0x20C8, 0x28E8, 0x28E7, 0x20C7, 0x20E7, 0x28E7, 0x20E6, 0x28E7, 0x3128,   // 0x2E20 (11808) pixels
0x2908, 0x1065, 0x0001, 0x0020, 0x3060, 0x8842, 0xA045, 0x80A6, 0x4927, 0x28A5, 0x18C5, 0x2127, 0x20E6, 0x1885, 0x20C6, 0x20E7,   // 0x2E30 (11824) pixels
0x1846, 0x1845, 0x1023, 0x0801, 0x0000, 0x0000, 0x0000, 0x0001, 0x0001, 0x0000, 0x0000, 0x0000, 0x0000, 0x0001, 0x0000, 0x0000,   // 0x2E40 (11840) pixels
0x0003, 0x1024, 0x2086, 0x2886, 0x28A7, 0x3128, 0x41C9, 0x5AAB, 0x39A8, 0x1021, 0x0800, 0x0040, 0x0083, 0x0823, 0x5045, 0xA0C7,   // 0x2E50 (11856) pixels
0xF881, 0xD884, 0x2000, 0x0020, 0x0000, 0x0021, 0x0001, 0x0000, 0x0000, 0x0040, 0x0040, 0x0000, 0x0001, 0x1002, 0x18C6, 0x422B,   // 0x2E60 (11872) pixels
0x2145, 0x0020, 0x0000, 0x0000, 0x0000, 0x0021, 0x0021, 0x0000, 0x0000, 0x0000, 0x0001, 0x0001, 0x0000, 0x0820, 0x3163, 0x41C4,   // 0x2E70 (11888) pixels
0x31A8, 0x31C9, 0x31A9, 0x3189, 0x3149, 0x20C7, 0x2066, 0x2086, 0x18A4, 0x0842, 0x0001, 0x0001, 0x0000, 0x18A0, 0x5204, 0x72A8,   // 0x2E80 (11904) pixels
0x3948, 0x20E8, 0x1888, 0x1825, 0x0801, 0x1000, 0x4061, 0x6882, 0x2844, 0x0802, 0x0002, 0x0003, 0x20A6, 0x2928, 0x2908, 0x2908,   // 0x2E90 (11920) pixels
0x28E8, 0x28E8, 0x28E7, 0x28E7, 0x28E7, 0x20C7, 0x20C7, 0x28E7, 0x30C9, 0x1825, 0x0021, 0x1820, 0x8822, 0xA084, 0x60C4, 0x40A5,   // 0x2EA0 (11936) pixels
0x30C4, 0x1022, 0x0842, 0x10A4, 0x1043, 0x0802, 0x1023, 0x10A5, 0x1865, 0x1044, 0x0802, 0x0000, 0x0000, 0x0000, 0x0000, 0x0001,   // 0x2EB0 (11952) pixels
0x0001, 0x0000, 0x0000, 0x0000, 0x0001, 0x0021, 0x0800, 0x2000, 0x1044, 0x1845, 0x2087, 0x2067, 0x28A8, 0x3128, 0x39A8, 0x4A49,   // 0x2EC0 (11968) pixels
0x5209, 0x20A2, 0x0000, 0x0040, 0x0042, 0x0003, 0x2044, 0x48E6, 0xE8C0, 0xF8E5, 0x3040, 0x0020, 0x0800, 0x0040, 0x0801, 0x0021,   // 0x2ED0 (11984) pixels
0x0001, 0x0021, 0x0020, 0x0000, 0x1040, 0x1001, 0x0002, 0x1907, 0x2125, 0x0020, 0x0000, 0x0000, 0x0000, 0x0000, 0x0000, 0x0000,   // 0x2EE0 (12000) pixels
0x0000, 0x0000, 0x0001, 0x0001, 0x0000, 0x20E0, 0x62C7, 0x7329, 0x420A, 0x39A9, 0x39A9, 0x3169, 0x28C7, 0x1866, 0x1845, 0x2065,   // 0x2EF0 (12016) pixels
0x1084, 0x0021, 0x0001, 0x0000, 0x0020, 0x3981, 0x6AC7, 0x6208, 0x2928, 0x20A8, 0x1846, 0x1025, 0x0001, 0x1800, 0x6821, 0xA801,   // 0x2F00 (12032) pixels
0x2843, 0x0001, 0x0002, 0x0823, 0x2086, 0x2907, 0x20E6, 0x28C6, 0x28E7, 0x28E7, 0x28E7, 0x20E7, 0x20C7, 0x20C7, 0x20C6, 0x1885,   // 0x2F10 (12048) pixels
0x0864, 0x0823, 0x0000, 0x4800, 0xD003, 0xE0C6, 0x7905, 0x20A3, 0x0800, 0x0000, 0x0000, 0x0001, 0x0001, 0x0001, 0x0002, 0x0042,   // 0x2F20 (12064) pixels
0x1043, 0x0822, 0x0001, 0x0001, 0x0000, 0x0001, 0x0000, 0x0001, 0x0001, 0x0000, 0x0800, 0x0800, 0x0001, 0x0020, 0x2020, 0x5021,   // 0x2F30 (12080) pixels
0x3064, 0x1824, 0x1846, 0x1067, 0x20C8, 0x3149, 0x3188, 0x39C8, 0x6289, 0x3985, 0x0860, 0x0000, 0x0002, 0x0023, 0x0043, 0x08A3,   // 0x2F40 (12096) pixels
0xA120, 0xE166, 0x30A0, 0x0040, 0x0800, 0x0020, 0x0800, 0x0021, 0x1004, 0x1044, 0x1042, 0x1861, 0x4145, 0x4125, 0x1842, 0x1063,   // 0x2F50 (12112) pixels
0x0842, 0x0000, 0x0000, 0x0000, 0x0000, 0x0001, 0x0000, 0x0000, 0x0000, 0x0001, 0x0001, 0x0000, 0x0840, 0x41C3, 0x6B08, 0x6AA8,   // 0x2F60 (12128) pixels
0x39C9, 0x3989, 0x39AA, 0x3129, 0x1866, 0x1866, 0x2065, 0x2065, 0x0022, 0x0000, 0x0000, 0x0000, 0x1060, 0x5A84, 0x7329, 0x49A8,   // 0x2F70 (12144) pixels
0x2928, 0x1845, 0x0803, 0x1044, 0x0021, 0x1000, 0x8042, 0xD823, 0x3063, 0x0801, 0x0043, 0x10A5, 0x28E7, 0x3988, 0x3146, 0x3105,   // 0x2F80 (12160) pixels
0x28E6, 0x20E6, 0x28E7, 0x2907, 0x2907, 0x28E6, 0x1885, 0x0802, 0x0800, 0x0040, 0x1800, 0x9000, 0xE843, 0xC884, 0x6862, 0x2041,   // 0x2F90 (12176) pixels
0x1022, 0x18A3, 0x10A3, 0x0021, 0x0000, 0x0801, 0x0001, 0x0000, 0x0001, 0x0001, 0x0001, 0x0822, 0x0842, 0x0842, 0x0002, 0x0001,   // 0x2FA0 (12192) pixels
0x0001, 0x0000, 0x0000, 0x0800, 0x0001, 0x0000, 0x3821, 0x9042, 0x7064, 0x4023, 0x2024, 0x1066, 0x18A7, 0x3149, 0x3188, 0x31A8,   // 0x2FB0 (12208) pixels
0x5268, 0x5248, 0x3145, 0x0821, 0x0000, 0x0000, 0x0020, 0x0040, 0x3860, 0x70C3, 0x1840, 0x0021, 0x1842, 0x10C1, 0x1840, 0x0020,   // 0x2FC0 (12224) pixels
0x1804, 0x2086, 0x20A5, 0x30E6, 0x51C8, 0x6209, 0x4187, 0x3987, 0x2905, 0x2924, 0x20E0, 0x0000, 0x0000, 0x0021, 0x0000, 0x0000,   // 0x2FD0 (12240) pixels
0x0000, 0x0000, 0x0000, 0x0800, 0x3121, 0x5A66, 0x5A68, 0x49C8, 0x3128, 0x3128, 0x3969, 0x28E8, 0x1866, 0x20A6, 0x1885, 0x1044,   // 0x2FE0 (12256) pixels
0x0022, 0x0040, 0x0020, 0x0000, 0x20C1, 0x62A4, 0x5A66, 0x1886, 0x1064, 0x0802, 0x0000, 0x0042, 0x0021, 0x0800, 0x7082, 0xC8C4,   // 0x2FF0 (12272) pixels
0x3863, 0x1022, 0x1906, 0x2948, 0x3168, 0x4A09, 0x5228, 0x5A27, 0x3147, 0x20C5, 0x1885, 0x20E6, 0x28E6, 0x18A5, 0x1043, 0x0000,   // 0x3000 (12288) pixels
0x1800, 0x0040, 0x1820, 0x8842, 0x9062, 0x5000, 0x2000, 0x2063, 0x3168, 0x31A8, 0x2987, 0x18C4, 0x0801, 0x0800, 0x0000, 0x0000,   // 0x3010 (12304) pixels
0x0000, 0x0001, 0x0002, 0x1084, 0x18C5, 0x18C6, 0x1885, 0x1064, 0x0802, 0x0000, 0x0000, 0x0000, 0x0001, 0x0000, 0x5021, 0xC043,   // 0x3020 (12320) pixels
0xC044, 0x8003, 0x3844, 0x1045, 0x1886, 0x3108, 0x3169, 0x2989, 0x3188, 0x4A09, 0x49E8, 0x3123, 0x18A0, 0x1060, 0x0840, 0x0000,   // 0x3030 (12336) pixels
0x0000, 0x1821, 0x1021, 0x1864, 0x3146, 0x4A46, 0x41A3, 0x1080, 0x1001, 0x1844, 0x1865, 0x20A6, 0x3928, 0x4168, 0x41C9, 0x4A4A,   // 0x3040 (12352) pixels
0x5A4A, 0x5A88, 0x4A25, 0x20E0, 0x0000, 0x0000, 0x0000, 0x0000, 0x0020, 0x0000, 0x0000, 0x20C1, 0x5A65, 0x6AC8, 0x4186, 0x28A6,   // 0x3050 (12368) pixels
0x28C6, 0x28C6, 0x28E7, 0x2086, 0x1866, 0x20A6, 0x1024, 0x0002, 0x0001, 0x0020, 0x0000, 0x0001, 0x3102, 0x5A84, 0x39A4, 0x0005,   // 0x3060 (12384) pixels
0x0801, 0x18A2, 0x0020, 0x0000, 0x0021, 0x0000, 0x4000, 0x8000, 0x48E5, 0x28C4, 0x39E9, 0x39CA, 0x3147, 0x39C7, 0x5247, 0x62A7,   // 0x3070 (12400) pixels
0x39A8, 0x1884, 0x0802, 0x1024, 0x1044, 0x0822, 0x0801, 0x0000, 0x0021, 0x0001, 0x1001, 0x2841, 0x1820, 0x0000, 0x1083, 0x316A,   // 0x3080 (12416) pixels
0x39AA, 0x3188, 0x31A8, 0x2967, 0x1863, 0x0000, 0x0000, 0x0020, 0x0001, 0x0001, 0x0843, 0x18C5, 0x2927, 0x2948, 0x2927, 0x2927,   // 0x3090 (12432) pixels
0x1864, 0x0020, 0x0000, 0x0800, 0x0021, 0x0000, 0x5800, 0xD002, 0xF803, 0xA802, 0x5024, 0x2065, 0x1886, 0x3108, 0x3169, 0x298A,   // 0x30A0 (12448) pixels
0x3929, 0x3188, 0x3A27, 0x5265, 0x7285, 0x7265, 0x4163, 0x0000, 0x0002, 0x0062, 0x2085, 0x28C7, 0x31A8, 0x62C7, 0x6286, 0x3963,   // 0x30B0 (12464) pixels
0x0800, 0x0821, 0x0003, 0x1886, 0x28C7, 0x20A6, 0x2927, 0x31A9, 0x49A8, 0x5A47, 0x62C6, 0x4204, 0x18A1, 0x0800, 0x0000, 0x0000,   // 0x30C0 (12480) pixels
0x0000, 0x0000, 0x0000, 0x3162, 0x6309, 0x5248, 0x3126, 0x28C6, 0x18E7, 0x18A7, 0x2068, 0x2068, 0x1888, 0x1065, 0x2821, 0x5821,   // 0x30D0 (12496) pixels
0x6020, 0x4841, 0x0000, 0x0061, 0x41C7, 0x4A48, 0x29C6, 0x41C9, 0x5266, 0x31A5, 0x1906, 0x0002, 0x0800, 0x2080, 0x20C2, 0x10E5,   // 0x30E0 (12512) pixels
0x2127, 0x31A9, 0x3189, 0x3169, 0x2948, 0x3188, 0x4209, 0x4207, 0x41EB, 0x18E6, 0x0041, 0x0020, 0x0020, 0x0000, 0x0001, 0x0802,   // 0x30F0 (12528) pixels
0x0001, 0x0001, 0x0000, 0x0000, 0x0000, 0x18C4, 0x3167, 0x3188, 0x3169, 0x3188, 0x31A8, 0x39A9, 0x18E6, 0x0001, 0x0001, 0x0001,   // 0x3100 (12544) pixels
0x0800, 0x0801, 0x0844, 0x2047, 0x4889, 0x3129, 0x2167, 0x4107, 0x1906, 0x0000, 0x0000, 0x0800, 0x0000, 0x0000, 0x5002, 0xD863,   // 0x3110 (12560) pixels
0xE880, 0xE820, 0xA803, 0x4005, 0x0886, 0x20E8, 0x3929, 0x31E6, 0x3188, 0x2968, 0x31A8, 0x39C7, 0x5AA8, 0x736A, 0x4A05, 0x1000,   // 0x3120 (12576) pixels
0x0001, 0x1043, 0x1865, 0x28E7, 0x3989, 0x39A8, 0x31C7, 0x4248, 0x3165, 0x0000, 0x0001, 0x1042, 0x1063, 0x1043, 0x20A6, 0x28E8,   // 0x3130 (12592) pixels
0x2989, 0x3187, 0x4A47, 0x7328, 0x49E2, 0x0800, 0x0000, 0x0000, 0x0000, 0x0000, 0x0000, 0x3165, 0x5269, 0x39A8, 0x3127, 0x28E7,   // 0x3140 (12608) pixels
0x18C6, 0x2024, 0x1804, 0x0864, 0x0883, 0x3842, 0x7861, 0xB081, 0xD002, 0xA843, 0x4021, 0x10A3, 0x39A8, 0x41E9, 0x31E8, 0x3A09,   // 0x3150 (12624) pixels
0x5228, 0x41C8, 0x20E6, 0x0000, 0x28A0, 0x6263, 0x5225, 0x2947, 0x2968, 0x31A9, 0x3189, 0x3169, 0x3168, 0x3167, 0x39C8, 0x39C7,   // 0x3160 (12640) pixels
0x41CA, 0x20E6, 0x1042, 0x0020, 0x0000, 0x0000, 0x0000, 0x0000, 0x0001, 0x0000, 0x0000, 0x0001, 0x1083, 0x2966, 0x39C9, 0x39A8,   // 0x3170 (12656) pixels
0x3169, 0x3168, 0x3188, 0x3189, 0x18A5, 0x0000, 0x0000, 0x0001, 0x5041, 0x5823, 0x2803, 0x0003, 0x2087, 0x418A, 0x31A9, 0x2906,   // 0x3180 (12672) pixels
0x1844, 0x1822, 0x1022, 0x0001, 0x0000, 0x0000, 0x6040, 0xE0C0, 0xF8E1, 0xF841, 0xD003, 0x6024, 0x1064, 0x1087, 0x3108, 0x3187,   // 0x3190 (12688) pixels
0x2967, 0x2968, 0x3189, 0x3987, 0x41C7, 0x4A07, 0x2904, 0x1001, 0x0821, 0x0822, 0x1044, 0x20A6, 0x2907, 0x3148, 0x31A7, 0x3A08,   // 0x31A0 (12704) pixels
0x39A6, 0x18A2, 0x0820, 0x0000, 0x0822, 0x1044, 0x1865, 0x20A7, 0x2129, 0x3148, 0x3986, 0x5A68, 0x5226, 0x20C1, 0x0000, 0x0001,   // 0x31B0 (12720) pixels
0x0001, 0x0001, 0x0822, 0x3147, 0x39A9, 0x2907, 0x20E7, 0x20A6, 0x1043, 0x1002, 0x0002, 0x0041, 0x1020, 0x7800, 0xD001, 0xF041,   // 0x31C0 (12736) pixels
0xF801, 0xD002, 0x5821, 0x1925, 0x29CA, 0x418B, 0x3989, 0x3187, 0x2884, 0x20A5, 0x1023, 0x0800, 0x51E1, 0x8BC5, 0x6AC7, 0x3989,   // 0x31D0 (12752) pixels
0x2968, 0x3189, 0x3169, 0x3189, 0x3188, 0x3167, 0x3187, 0x3987, 0x3107, 0x2885, 0x1823, 0x1022, 0x0000, 0x0000, 0x0020, 0x0020,   // 0x31E0 (12768) pixels
0x0000, 0x0000, 0x0000, 0x0822, 0x20E6, 0x39C9, 0x420A, 0x39C9, 0x3169, 0x3168, 0x3188, 0x3189, 0x18A5, 0x0000, 0x0000, 0x0020,   // 0x31F0 (12784) pixels
0x9841, 0xB843, 0x7022, 0x0800, 0x0884, 0x39AA, 0x318A, 0x1885, 0x4802, 0x6064, 0x3865, 0x0044, 0x0042, 0x0020, 0x68C0, 0xEA00,   // 0x3200 (12800) pixels
0xF960, 0xF860, 0xF001, 0x9843, 0x1844, 0x0866, 0x3108, 0x396A, 0x3988, 0x3989, 0x41CA, 0x41CA, 0x3987, 0x20E5, 0x1864, 0x1886,   // 0x3210 (12816) pixels
0x1062, 0x0001, 0x0803, 0x1885, 0x20A6, 0x2907, 0x3189, 0x31A8, 0x39A7, 0x39C5, 0x2101, 0x0000, 0x0000, 0x0803, 0x1024, 0x1885,   // 0x3220 (12832) pixels
0x2929, 0x3169, 0x3127, 0x4188, 0x5209, 0x2925, 0x0001, 0x0001, 0x0000, 0x0000, 0x0802, 0x20E7, 0x2908, 0x20A6, 0x1865, 0x0823,   // 0x3230 (12848) pixels
0x0801, 0x0002, 0x0022, 0x0021, 0x5821, 0xD023, 0xF844, 0xF842, 0xF900, 0xA060, 0x3040, 0x1167, 0x31EC, 0x416B, 0x4129, 0x30A6,   // 0x3240 (12864) pixels
0x1003, 0x0802, 0x0001, 0x20C2, 0x62C5, 0x7B66, 0x4A26, 0x3168, 0x2969, 0x2969, 0x2948, 0x3168, 0x3188, 0x3168, 0x3168, 0x3167,   // 0x3250 (12880) pixels
0x2865, 0x2045, 0x1844, 0x1044, 0x0802, 0x0000, 0x0000, 0x0020, 0x0000, 0x0000, 0x0822, 0x1084, 0x2927, 0x39CA, 0x41EA, 0x3989,   // 0x3260 (12896) pixels
0x3988, 0x39A8, 0x39A8, 0x3169, 0x20C6, 0x0000, 0x0000, 0x0020, 0xB800, 0xF043, 0xC042, 0x5020, 0x1883, 0x0926, 0x10E6, 0x3003,   // 0x3270 (12912) pixels
0x9842, 0xA844, 0x7046, 0x2086, 0x00A4, 0x0021, 0x5900, 0xE343, 0xFAA1, 0xF8E0, 0xF800, 0xB822, 0x3045, 0x0085, 0x2928, 0x396A,   // 0x3280 (12928) pixels
0x3168, 0x3168, 0x41AA, 0x41EA, 0x3147, 0x1063, 0x0824, 0x20E8, 0x1082, 0x0001, 0x0802, 0x1865, 0x2086, 0x28E8, 0x3169, 0x3169,   // 0x3290 (12944) pixels
0x3988, 0x5288, 0x4A64, 0x18C0, 0x0000, 0x0002, 0x0802, 0x1063, 0x2106, 0x2927, 0x28E7, 0x20A6, 0x3127, 0x20C5, 0x0001, 0x0000,   // 0x32A0 (12960) pixels
0x0020, 0x0000, 0x0001, 0x1044, 0x1885, 0x1043, 0x0801, 0x0000, 0x0001, 0x0042, 0x0001, 0x3000, 0xA881, 0xF902, 0xF901, 0xF900,   // 0x32B0 (12976) pixels
0xFB64, 0x6981, 0x0862, 0x1149, 0x39EB, 0x3969, 0x38E8, 0x2067, 0x0863, 0x0001, 0x0000, 0x2105, 0x5249, 0x5248, 0x3166, 0x2989,   // 0x32C0 (12992) pixels
0x2969, 0x2968, 0x3168, 0x2948, 0x3168, 0x3989, 0x3148, 0x2907, 0x2066, 0x1866, 0x1065, 0x0864, 0x0002, 0x0001, 0x0001, 0x0000,   // 0x32D0 (13008) pixels
0x0021, 0x1063, 0x18A5, 0x20E7, 0x2948, 0x3989, 0x3189, 0x3168, 0x4A08, 0x5249, 0x41C8, 0x3148, 0x20E7, 0x0822, 0x0000, 0x0021,   // 0x32E0 (13024) pixels
0xA820, 0xF041, 0xF841, 0xB041, 0x4842, 0x0082, 0x0842, 0x7003, 0xE881, 0xE801, 0xB024, 0x5886, 0x18C6, 0x0043, 0x28C1, 0x9B44,   // 0x32F0 (13040) pixels
0xFC02, 0xF9C1, 0xF800, 0xC802, 0x5025, 0x0865, 0x1926, 0x3169, 0x3147, 0x3148, 0x3989, 0x39A9, 0x2105, 0x0000, 0x0842, 0x2927,   // 0x3300 (13056) pixels
0x1062, 0x0001, 0x0802, 0x1044, 0x1886, 0x28C7, 0x3149, 0x316A, 0x3968, 0x5269, 0x6328, 0x39E3, 0x0000, 0x0001, 0x0001, 0x0841,   // 0x3310 (13072) pixels
0x0862, 0x1062, 0x1063, 0x0803, 0x0802, 0x0842, 0x0000, 0x0020, 0x0000, 0x0000, 0x0000, 0x0001, 0x0021, 0x0000, 0x0000, 0x0000,   // 0x3320 (13088) pixels
0x0000, 0x0021, 0x1800, 0x7860, 0xE9E2, 0xFAC1, 0xFAC0, 0xFAA0, 0xE407, 0x51A2, 0x0865, 0x210A, 0x398A, 0x3166, 0x20C6, 0x0867,   // 0x3330 (13104) pixels
0x0000, 0x0000, 0x0000, 0x18A6, 0x398B, 0x39AA, 0x3168, 0x2989, 0x3189, 0x3189, 0x3189, 0x2968, 0x3168, 0x3189, 0x2908, 0x18A7,   // 0x3340 (13120) pixels
0x1086, 0x1824, 0x2003, 0x1822, 0x0801, 0x0000, 0x0001, 0x0001, 0x1064, 0x20E6, 0x2927, 0x3148, 0x3169, 0x3169, 0x3148, 0x3148,   // 0x3350 (13136) pixels
0x5247, 0x62A9, 0x4A08, 0x3148, 0x20C6, 0x0822, 0x0000, 0x0001, 0x7861, 0xC821, 0xF800, 0xE801, 0x8822, 0x2020, 0x3840, 0xC043,   // 0x3360 (13152) pixels
0xF860, 0xF800, 0xE022, 0x9864, 0x50A5, 0x1085, 0x0062, 0x41C3, 0xCC03, 0xEA82, 0xF060, 0xD000, 0x8004, 0x2044, 0x1106, 0x2948,   // 0x3370 (13168) pixels
0x3188, 0x3189, 0x39A9, 0x3188, 0x1082, 0x0000, 0x18A3, 0x3147, 0x0862, 0x0001, 0x0001, 0x0802, 0x1024, 0x1886, 0x2908, 0x3149,   // 0x3380 (13184) pixels
0x3949, 0x41C8, 0x5AC9, 0x4A27, 0x0861, 0x0001, 0x0001, 0x0000, 0x0000, 0x0000, 0x0021, 0x0000, 0x0000, 0x0020, 0x0020, 0x0000,   // 0x3390 (13200) pixels
0x0000, 0x0000, 0x0000, 0x0000, 0x0000, 0x0000, 0x0000, 0x0000, 0x0000, 0x0000, 0x2041, 0x8143, 0xD2C4, 0xD362, 0xC361, 0xD363,   // 0x33A0 (13216) pixels
0x8A63, 0x28E1, 0x1086, 0x28EA, 0x3107, 0x30E5, 0x1844, 0x0045, 0x0000, 0x0000, 0x0843, 0x20C7, 0x3109, 0x3168, 0x3188, 0x2949,   // 0x33B0 (13232) pixels
0x3189, 0x2968, 0x3189, 0x3168, 0x3168, 0x3149, 0x20A7, 0x1046, 0x0864, 0x4003, 0x7803, 0x7002, 0x3000, 0x0000, 0x0001, 0x1023,   // 0x33C0 (13248) pixels
0x20E8, 0x2929, 0x3149, 0x3169, 0x39A9, 0x39A9, 0x3168, 0x3148, 0x49E5, 0x5A68, 0x5229, 0x3968, 0x1885, 0x0021, 0x0000, 0x0000,   // 0x33D0 (13264) pixels
0x3042, 0xA021, 0xE800, 0xE800, 0xB802, 0x8002, 0x9041, 0xF0A2, 0xF880, 0xF840, 0xF840, 0xD821, 0x9063, 0x38A6, 0x0065, 0x0862,   // 0x33E0 (13280) pixels
0x7260, 0xDAC3, 0xF941, 0xE000, 0xB822, 0x4843, 0x10A6, 0x2909, 0x2988, 0x31AA, 0x31AA, 0x2126, 0x0001, 0x0000, 0x20C5, 0x2907,   // 0x33F0 (13296) pixels
0x0862, 0x0001, 0x0001, 0x0801, 0x0802, 0x1044, 0x20C6, 0x2907, 0x3129, 0x3107, 0x3988, 0x3186, 0x0841, 0x0000, 0x0000, 0x0000,   // 0x3400 (13312) pixels
0x0000, 0x0000, 0x0000, 0x0000, 0x0000, 0x0020, 0x0000, 0x0000, 0x0000, 0x0000, 0x0000, 0x0000, 0x0000, 0x0000, 0x0000, 0x0000,   // 0x3410 (13328) pixels
0x1000, 0x0000, 0x0021, 0x40A2, 0x6940, 0x6160, 0x5160, 0x5182, 0x28C0, 0x0020, 0x18C7, 0x20E9, 0x18A6, 0x3044, 0x2802, 0x0003,   // 0x3420 (13344) pixels
0x0000, 0x0000, 0x1044, 0x28C7, 0x28C6, 0x28E4, 0x3967, 0x3149, 0x2968, 0x2947, 0x3188, 0x3188, 0x3188, 0x2929, 0x1867, 0x1026,   // 0x3430 (13360) pixels
0x1083, 0x7824, 0xE006, 0xD844, 0x6820, 0x0800, 0x0021, 0x2865, 0x292A, 0x314A, 0x2949, 0x3148, 0x39A9, 0x39C9, 0x3168, 0x2948,   // 0x3440 (13376) pixels
0x3123, 0x51E6, 0x5A49, 0x41A9, 0x1885, 0x0821, 0x0840, 0x0000, 0x0001, 0x9022, 0xE040, 0xD020, 0xD002, 0xC803, 0xD841, 0xF8A0,   // 0x3450 (13392) pixels
0xF0E3, 0xF8C0, 0xF860, 0xF800, 0xC042, 0x58E7, 0x10E8, 0x0804, 0x30C0, 0xD2C4, 0xFA03, 0xF880, 0xE840, 0x6822, 0x0846, 0x2069,   // 0x3460 (13408) pixels
0x2168, 0x31AA, 0x31AA, 0x20E7, 0x0001, 0x1043, 0x3107, 0x28A7, 0x0862, 0x0001, 0x0001, 0x1022, 0x0802, 0x1023, 0x1885, 0x20C6,   // 0x3470 (13424) pixels
0x28E8, 0x20A7, 0x20A6, 0x18A5, 0x0001, 0x0000, 0x0000, 0x0020, 0x0000, 0x0000, 0x0000, 0x0000, 0x0020, 0x0000, 0x0000, 0x0000,   // 0x3480 (13440) pixels
0x0000, 0x0000, 0x0000, 0x0000, 0x0000, 0x0000, 0x0000, 0x0000, 0x0000, 0x0000, 0x0000, 0x0000, 0x0000, 0x0000, 0x0000, 0x0000,   // 0x3490 (13456) pixels
0x0000, 0x0821, 0x1084, 0x18A5, 0x1885, 0x1043, 0x0801, 0x0000, 0x0020, 0x0000, 0x1043, 0x20C7, 0x20A7, 0x2087, 0x28C6, 0x28C6,   // 0x34A0 (13472) pixels
0x20E8, 0x28E7, 0x2947, 0x3188, 0x3128, 0x1046, 0x1005, 0x3046, 0xA004, 0xC822, 0xF020, 0xF0A1, 0x8061, 0x0800, 0x0845, 0x3089,   // 0x34B0 (13488) pixels
0x2948, 0x3189, 0x41CA, 0x3147, 0x3987, 0x4A2A, 0x3989, 0x2929, 0x3168, 0x3188, 0x3989, 0x3188, 0x2947, 0x18A4, 0x0002, 0x0001,   // 0x34C0 (13504) pixels
0x0001, 0x5801, 0xD061, 0xF040, 0xC820, 0xD021, 0xF081, 0xF960, 0xF9A1, 0xF900, 0xF140, 0xF880, 0xF820, 0xC842, 0x40A5, 0x0087,   // 0x34D0 (13520) pixels
0x1005, 0x5182, 0xCB41, 0xF9E0, 0xE000, 0x6804, 0x1086, 0x1845, 0x20C8, 0x3969, 0x2947, 0x0843, 0x0001, 0x1865, 0x2087, 0x1806,   // 0x34E0 (13536) pixels
0x0000, 0x0001, 0x0001, 0x0021, 0x0821, 0x0822, 0x0842, 0x0842, 0x18C5, 0x1084, 0x0863, 0x0021, 0x0000, 0x0000, 0x0000, 0x0000,   // 0x34F0 (13552) pixels
0x0000, 0x0000, 0x0000, 0x0000, 0x0000, 0x0000, 0x0000, 0x0000, 0x0000, 0x0000, 0x0000, 0x0000, 0x0000, 0x0000, 0x0000, 0x0000,   // 0x3500 (13568) pixels
0x0000, 0x0000, 0x0000, 0x0000, 0x0000, 0x0000, 0x0000, 0x0000, 0x0000, 0x0001, 0x0822, 0x0823, 0x0803, 0x0802, 0x0001, 0x0000,   // 0x3510 (13584) pixels
0x0000, 0x0000, 0x1063, 0x20C7, 0x28C7, 0x28C7, 0x28E6, 0x28C5, 0x20C7, 0x20A6, 0x20E6, 0x2928, 0x28E8, 0x0825, 0x1004, 0x4804,   // 0x3520 (13600) pixels
0xD002, 0xF861, 0xF8C0, 0xF121, 0x7880, 0x0000, 0x0065, 0x2887, 0x2968, 0x39A9, 0x41CA, 0x3987, 0x4A08, 0x528A, 0x39A8, 0x2948,   // 0x3530 (13616) pixels
0x2928, 0x2947, 0x2947, 0x2948, 0x3148, 0x20E6, 0x0843, 0x0002, 0x0041, 0x3000, 0xB880, 0xF860, 0xE000, 0xE061, 0xF982, 0xFAA1,   // 0x3540 (13632) pixels
0xFA02, 0xF940, 0xFA03, 0xE9C1, 0xF8A0, 0xE801, 0x9824, 0x38A6, 0x0006, 0x2901, 0xB2C1, 0xFA01, 0xF821, 0x7803, 0x1045, 0x1046,   // 0x3550 (13648) pixels
0x2087, 0x2907, 0x20C6, 0x0822, 0x0801, 0x1884, 0x20A6, 0x1825, 0x0000, 0x0000, 0x0000, 0x0000, 0x0001, 0x0001, 0x0001, 0x0001,   // 0x3560 (13664) pixels
0x0842, 0x0822, 0x0001, 0x0001, 0x0000, 0x0000, 0x0000, 0x0000, 0x0000, 0x0000, 0x0000, 0x0000, 0x0000, 0x0000, 0x0000, 0x0000,   // 0x3570 (13680) pixels
0x0000, 0x0000, 0x0000, 0x0000, 0x0000, 0x0000, 0x0000, 0x0000, 0x0000, 0x0000, 0x0000, 0x0000, 0x0000, 0x0000, 0x0000, 0x0000,   // 0x3580 (13696) pixels
0x0000, 0x0000, 0x0000, 0x0001, 0x0001, 0x0001, 0x0000, 0x0000, 0x0000, 0x0000, 0x1043, 0x20C6, 0x20C6, 0x20A6, 0x20A5, 0x1864,   // 0x3590 (13712) pixels
0x20A6, 0x20A5, 0x20C6, 0x30C8, 0x2087, 0x0004, 0x1802, 0x6803, 0xE060, 0xF960, 0xFA00, 0xD9E0, 0x50A0, 0x0001, 0x0885, 0x3065,   // 0x35A0 (13728) pixels
0x2947, 0x3188, 0x39A9, 0x41C8, 0x5A89, 0x5AAA, 0x39A7, 0x2927, 0x2928, 0x2928, 0x2928, 0x2928, 0x3168, 0x2928, 0x20E6, 0x20C6,   // 0x35B0 (13744) pixels
0x00A5, 0x2040, 0xA901, 0xF921, 0xF800, 0xE880, 0xFAE3, 0xFCC2, 0xFAC1, 0xFA40, 0xFB22, 0xE320, 0xE260, 0xF900, 0xD082, 0x78C3,   // 0x35C0 (13760) pixels
0x0089, 0x10E2, 0x7A41, 0xEA02, 0xE082, 0x7023, 0x1845, 0x10A8, 0x2066, 0x20A6, 0x1884, 0x0021, 0x0000, 0x1062, 0x1063, 0x0802,   // 0x35D0 (13776) pixels
0x0000, 0x0000, 0x0000, 0x0000, 0x0000, 0x0000, 0x0000, 0x0000, 0x0000, 0x0000, 0x0000, 0x0000, 0x0000, 0x0000, 0x0000, 0x0000,   // 0x35E0 (13792) pixels
0x0000, 0x0000, 0x0000, 0x0000, 0x0000, 0x0000, 0x0000, 0x0000, 0x0000, 0x0000, 0x0000, 0x0000, 0x0000, 0x0000, 0x0000, 0x0000,   // 0x35F0 (13808) pixels
0x0000, 0x0000, 0x0000, 0x0000, 0x0000, 0x0000, 0x0000, 0x0000, 0x0000, 0x0000, 0x0000, 0x0000, 0x0000, 0x0000, 0x0000, 0x0000,   // 0x3600 (13824) pixels
0x0000, 0x0000, 0x0822, 0x1064, 0x1064, 0x1043, 0x1022, 0x0801, 0x1864, 0x1884, 0x20C6, 0x30A8, 0x2047, 0x0023, 0x2822, 0x9024,   // 0x3610 (13840) pixels
0xE140, 0xFA81, 0xFB42, 0xB281, 0x3080, 0x0002, 0x1866, 0x3025, 0x20E6, 0x2908, 0x3148, 0x3988, 0x524A, 0x5269, 0x3166, 0x2106,   // 0x3620 (13856) pixels
0x2928, 0x2928, 0x3129, 0x3148, 0x3149, 0x3148, 0x3149, 0x3969, 0x18CA, 0x1822, 0x8962, 0xFA03, 0xF8E0, 0xE160, 0xF441, 0xFE40,   // 0x3630 (13872) pixels
0xF480, 0xECC0, 0xFCC0, 0xFC60, 0xFCA1, 0xFB22, 0xF901, 0xB841, 0x3089, 0x1083, 0x2940, 0x6900, 0x7820, 0x4002, 0x1024, 0x1045,   // 0x3640 (13888) pixels
0x1824, 0x1865, 0x1883, 0x0821, 0x0000, 0x0000, 0x0000, 0x0000, 0x0000, 0x0000, 0x0000, 0x0000, 0x0000, 0x0000, 0x0000, 0x0000,   // 0x3650 (13904) pixels
0x0000, 0x0000, 0x0000, 0x0000, 0x0000, 0x0000, 0x0000, 0x0000, 0x0000, 0x0000, 0x0000, 0x0000, 0x0000, 0x0000, 0x0000, 0x0000,   // 0x3660 (13920) pixels
0x0000, 0x0000, 0x0000, 0x0000, 0x0000, 0x0000, 0x0000, 0x0000, 0x0000, 0x0000, 0x0000, 0x0000, 0x0000, 0x0000, 0x0000, 0x0000,   // 0x3670 (13936) pixels
0x0000, 0x0000, 0x0000, 0x0000, 0x0000, 0x0000, 0x0000, 0x0000, 0x0000, 0x0000, 0x0000, 0x0021, 0x0001, 0x0001, 0x0001, 0x0000,   // 0x3680 (13952) pixels
0x0001, 0x0822, 0x1864, 0x2866, 0x1826, 0x0023, 0x2841, 0x8863, 0xD983, 0xF284, 0xE324, 0x8202, 0x1840, 0x0004, 0x2067, 0x2005,   // 0x3690 (13968) pixels
0x1886, 0x2087, 0x20A8, 0x28C7, 0x3968, 0x3988, 0x2927, 0x2108, 0x2908, 0x2908, 0x3129, 0x3129, 0x2928, 0x3128, 0x3149, 0x3148,   // 0x36A0 (13984) pixels
0x18A8, 0x0002, 0x38E1, 0xBAC3, 0xFB41, 0xF3A0, 0xF520, 0xFE60, 0xEE20, 0xF642, 0xFCC1, 0xF360, 0xF404, 0xFB05, 0xF0E3, 0xE002,   // 0x36B0 (14000) pixels
0x58A8, 0x1063, 0x0040, 0x0000, 0x1000, 0x0800, 0x0001, 0x0001, 0x0802, 0x1002, 0x0822, 0x0020, 0x0000, 0x0000, 0x0000, 0x0000,   // 0x36C0 (14016) pixels
0x0000, 0x0000, 0x0000, 0x0000, 0x0000, 0x0000, 0x0000, 0x0000, 0x0000, 0x0000, 0x0000, 0x0000, 0x0000, 0x0000, 0x0000, 0x0000,   // 0x36D0 (14032) pixels
0x0000, 0x0000, 0x0000, 0x0000, 0x0000, 0x0000, 0x0000, 0x0000, 0x0000, 0x0000, 0x0000, 0x0000, 0x0000, 0x0000, 0x0000, 0x0000,   // 0x36E0 (14048) pixels
0x0000, 0x0000, 0x0000, 0x0000, 0x0000, 0x0000, 0x0000, 0x0000, 0x0000, 0x0000, 0x0000, 0x0000, 0x0000, 0x0000, 0x0000, 0x0000,   // 0x36F0 (14064) pixels
0x0000, 0x0000, 0x0000, 0x0000, 0x0000, 0x0000, 0x0000, 0x0000, 0x0000, 0x0000, 0x0801, 0x1003, 0x1003, 0x0022, 0x1020, 0x5000,   // 0x3700 (14080) pixels
0x68C0, 0x7921, 0x6961, 0x30C0, 0x0000, 0x1004, 0x2867, 0x2006, 0x1865, 0x1846, 0x1826, 0x1846, 0x20A6, 0x28E7, 0x2108, 0x2929,   // 0x3710 (14096) pixels
0x2928, 0x2908, 0x2928, 0x3128, 0x2928, 0x2928, 0x20E7, 0x18A6, 0x18A3, 0x0002, 0x0801, 0x7AA3, 0xFD04, 0xFD41, 0xFCA0, 0xFCA1,   // 0x3720 (14112) pixels
0xFCE1, 0xFC03, 0xFA44, 0xB081, 0x88E4, 0x80E4, 0x88A4, 0x88A4, 0x58E7, 0x1062, 0x0020, 0x0001, 0x0021, 0x0020, 0x0020, 0x0020,   // 0x3730 (14128) pixels
0x0801, 0x0000, 0x0000, 0x0000, 0x0020, 0x0000, 0x0000, 0x0000, 0x0000, 0x0000, 0x0000, 0x0000, 0x0000, 0x0000, 0x0000, 0x0000,   // 0x3740 (14144) pixels
0x0000, 0x0000, 0x0000, 0x0000, 0x0000, 0x0000, 0x0000, 0x0000, 0x0000, 0x0000, 0x0000, 0x0000, 0x0000, 0x0000, 0x0000, 0x0000,   // 0x3750 (14160) pixels
0x0000, 0x0000, 0x0000, 0x0000, 0x0000, 0x0000, 0x0000, 0x0000, 0x0000, 0x0000, 0x0000, 0x0000, 0x0000, 0x0000, 0x0000, 0x0000,   // 0x3760 (14176) pixels
0x0000, 0x0000, 0x0000, 0x0000, 0x0000, 0x0000, 0x0000, 0x0000, 0x0000, 0x0000, 0x0000, 0x0000, 0x0000, 0x0000, 0x0000, 0x0000,   // 0x3770 (14192) pixels
0x0000, 0x0000, 0x0000, 0x0000, 0x0801, 0x0001, 0x0000, 0x1800, 0x0020, 0x0000, 0x0800, 0x0020, 0x0000, 0x1002, 0x2045, 0x1845,   // 0x3780 (14208) pixels
0x1863, 0x1824, 0x1825, 0x1846, 0x2086, 0x20E7, 0x2929, 0x294A, 0x3149, 0x2928, 0x2908, 0x2907, 0x20C6, 0x20C6, 0x1885, 0x0803,   // 0x3790 (14224) pixels
0x1882, 0x1803, 0x0001, 0x3981, 0xAB43, 0xCB42, 0xC261, 0xC9E2, 0xC9C0, 0xE102, 0xB044, 0x5002, 0x2803, 0x1803, 0x1884, 0x18E4,   // 0x37A0 (14240) pixels
0x2884, 0x0041, 0x0000, 0x0000, 0x0021, 0x0000, 0x0000, 0x0020, 0x0000, 0x0000, 0x0000, 0x0000, 0x0000, 0x0000, 0x0000, 0x0000,   // 0x37B0 (14256) pixels
0x0000, 0x0000, 0x0000, 0x0000, 0x0000, 0x0000, 0x0000, 0x0000, 0x0000, 0x0000, 0x0000, 0x0000, 0x0000, 0x0000, 0x0000, 0x0000,   // 0x37C0 (14272) pixels
0x0000, 0x0000, 0x0000, 0x0000, 0x0000, 0x0000, 0x0000, 0x0000, 0x0000, 0x0000, 0x0000, 0x0000, 0x0000, 0x0000, 0x0000, 0x0000,   // 0x37D0 (14288) pixels
0x0000, 0x0000, 0x0000, 0x0000, 0x0000, 0x0000, 0x0000, 0x0000, 0x0000, 0x0000, 0x0000, 0x0000, 0x0000, 0x0000, 0x0000, 0x0000,   // 0x37E0 (14304) pixels
0x0000, 0x0000, 0x0000, 0x0000, 0x0000, 0x0000, 0x0000, 0x0000, 0x0020, 0x0000, 0x0020, 0x0000, 0x0000, 0x0000, 0x0020, 0x0020,   // 0x37F0 (14320) pixels
0x0061, 0x0001, 0x0001, 0x0020, 0x0000, 0x0800, 0x0802, 0x00A5, 0x1041, 0x1043, 0x1865, 0x20A6, 0x20C6, 0x2927, 0x3169, 0x2129,   // 0x3800 (14336) pixels
0x3128, 0x2907, 0x28E7, 0x18A6, 0x1024, 0x0823, 0x0803, 0x0002, 0x0844, 0x2004, 0x0800, 0x0040, 0x2020, 0x4001, 0x5001, 0x5000,   // 0x3810 (14352) pixels
0x4820, 0x6000, 0x3000, 0x0040, 0x0061, 0x0001, 0x0022, 0x0003, 0x0802, 0x0001, 0x0800, 0x0800, 0x0000, 0x0000, 0x1000, 0x0800,   // 0x3820 (14368) pixels
0x0000, 0x0000, 0x0020, 0x0020, 0x0000, 0x0000, 0x0000, 0x0800, 0x0000, 0x0000, 0x0000, 0x0000, 0x0000, 0x0000, 0x0000, 0x0000,   // 0x3830 (14384) pixels
0x0000, 0x0000, 0x0000, 0x0000, 0x0000, 0x0000, 0x0000, 0x0000, 0x0000, 0x0000, 0x0000, 0x0000, 0x0000, 0x0000, 0x0000, 0x0000,   // 0x3840 (14400) pixels
0x0000, 0x0000, 0x0000, 0x0000, 0x0000, 0x0000, 0x0000, 0x0000, 0x0000, 0x0000, 0x0000, 0x0000, 0x0000, 0x0000, 0x0000, 0x0000,   // 0x3850 (14416) pixels
0x0000, 0x0000, 0x0000, 0x0000, 0x0000, 0x0000, 0x0000, 0x0000, 0x0000, 0x0000, 0x0000, 0x0000, 0x0000, 0x0000, 0x0000, 0x0000,   // 0x3860 (14432) pixels
0x0000, 0x0000, 0x0000, 0x0000, 0x0000, 0x0000, 0x0000, 0x0000, 0x0000, 0x0000, 0x0000, 0x0000, 0x0000, 0x0000, 0x0000, 0x0000,   // 0x3870 (14448) pixels
0x0001, 0x0822, 0x1063, 0x20C5, 0x2927, 0x3169, 0x3149, 0x3129, 0x2107, 0x18C6, 0x1064, 0x0822, 0x0001, 0x0000, 0x0000, 0x0000,   // 0x3880 (14464) pixels
0x0841, 0x0020, 0x0000, 0x0000, 0x0000, 0x0000, 0x0000, 0x0000, 0x0000, 0x0000, 0x0000, 0x0000, 0x0000, 0x0000, 0x0000, 0x0000,   // 0x3890 (14480) pixels
0x0000, 0x0000, 0x0000, 0x0000, 0x0000, 0x0000, 0x0000, 0x0000, 0x0000, 0x0000, 0x0000, 0x0000, 0x0000, 0x0000, 0x0000, 0x0000,   // 0x38A0 (14496) pixels
0x0000, 0x0000, 0x0000, 0x0000, 0x0000, 0x0000, 0x0000, 0x0000, 0x0000, 0x0000, 0x0000, 0x0000, 0x0000, 0x0000, 0x0000, 0x0000,   // 0x38B0 (14512) pixels
0x0000, 0x0000, 0x0000, 0x0000, 0x0000, 0x0000, 0x0000, 0x0000, 0x0000, 0x0000, 0x0000, 0x0000, 0x0000, 0x0000, 0x0000, 0x0000,   // 0x38C0 (14528) pixels
0x0000, 0x0000, 0x0000, 0x0000, 0x0000, 0x0000, 0x0000, 0x0000, 0x0000, 0x0000, 0x0000, 0x0000, 0x0000, 0x0000, 0x0000, 0x0000,   // 0x38D0 (14544) pixels
0x0000, 0x0000, 0x0000, 0x0000, 0x0000, 0x0000, 0x0000, 0x0000, 0x0000, 0x0000, 0x0000, 0x0000, 0x0000, 0x0000, 0x0000, 0x0000,   // 0x38E0 (14560) pixels
0x0000, 0x0000, 0x0000, 0x0000, 0x0000, 0x0000, 0x0000, 0x0000, 0x0000, 0x0001, 0x0822, 0x1063, 0x18A5, 0x20C6, 0x20C6, 0x18A6,   // 0x38F0 (14576) pixels
0x1084, 0x0843, 0x0002, 0x0001, 0x0000, 0x0000, 0x0000, 0x0000, 0x0020, 0x0020, 0x0000, 0x0000, 0x0000, 0x0000, 0x0000, 0x0000,   // 0x3900 (14592) pixels
0x0000, 0x0000, 0x0000, 0x0000, 0x0000, 0x0000, 0x0000, 0x0000, 0x0000, 0x0000, 0x0000, 0x0000, 0x0000, 0x0000, 0x0000, 0x0000,   // 0x3910 (14608) pixels
0x0000, 0x0000, 0x0000, 0x0000, 0x0000, 0x0000, 0x0000, 0x0000, 0x0000, 0x0000, 0x0000, 0x0000, 0x0000, 0x0000, 0x0000, 0x0000,   // 0x3920 (14624) pixels
0x0000, 0x0000, 0x0000, 0x0000, 0x0000, 0x0000, 0x0000, 0x0000, 0x0000, 0x0000, 0x0000, 0x0000, 0x0000, 0x0000, 0x0000, 0x0000,   // 0x3930 (14640) pixels
0x0000, 0x0000, 0x0000, 0x0000, 0x0000, 0x0000, 0x0000, 0x0000, 0x0000, 0x0000, 0x0000, 0x0000, 0x0000, 0x0000, 0x0000, 0x0000,   // 0x3940 (14656) pixels
0x0000, 0x0000, 0x0000, 0x0000, 0x0000, 0x0000, 0x0000, 0x0000, 0x0000, 0x0000, 0x0000, 0x0000, 0x0000, 0x0000, 0x0000, 0x0000,   // 0x3950 (14672) pixels
0x0000, 0x0000, 0x0000, 0x0000, 0x0000, 0x0000, 0x0000, 0x0000, 0x0000, 0x0000, 0x0000, 0x0000, 0x0000, 0x0000, 0x0000, 0x0000,   // 0x3960 (14688) pixels
0x0000, 0x0000, 0x0000, 0x0001, 0x0822, 0x0822, 0x0822, 0x0803, 0x0001, 0x0000, 0x0000, 0x0000, 0x0000, 0x0000, 0x0000, 0x0000,   // 0x3970 (14704) pixels
0x0000, 0x0000, 0x0000, 0x0000, 0x0000, 0x0000, 0x0000, 0x0000, 0x0000, 0x0000, 0x0000, 0x0000, 0x0000, 0x0000, 0x0000, 0x0000,   // 0x3980 (14720) pixels
0x0000, 0x0000, 0x0000, 0x0000, 0x0000, 0x0000, 0x0000, 0x0000, 0x0000, 0x0000, 0x0000, 0x0000, 0x0000, 0x0000, 0x0000, 0x0000,   // 0x3990 (14736) pixels
0x0000, 0x0000, 0x0000, 0x0000, 0x0000, 0x0000, 0x0000, 0x0000, 0x0000, 0x0000, 0x0000, 0x0000, 0x0000, 0x0000, 0x0000, 0x0000,   // 0x39A0 (14752) pixels
0x0000, 0x0000, 0x0000, 0x0000, 0x0000, 0x0000, 0x0000, 0x0000, 0x0000, 0x0000, 0x0000, 0x0000, 0x0000, 0x0000, 0x0000, 0x0000,   // 0x39B0 (14768) pixels
0x0000, 0x0000, 0x0000, 0x0000, 0x0000, 0x0000, 0x0000, 0x0000, 0x0000, 0x0000, 0x0000, 0x0000, 0x0000, 0x0000, 0x0000, 0x0000,   // 0x39C0 (14784) pixels
0x0000, 0x0000, 0x0000, 0x0000, 0x0000, 0x0000, 0x0000, 0x0000, 0x0000, 0x0000, 0x0000, 0x0000, 0x0000, 0x0000, 0x0000, 0x0000,   // 0x39D0 (14800) pixels
0x0000, 0x0000, 0x0000, 0x0000, 0x0000, 0x0000, 0x0000, 0x0000, 0x0000, 0x0000, 0x0000, 0x0000, 0x0000, 0x0000, 0x0000, 0x0000,   // 0x39E0 (14816) pixels
0x0000, 0x0000, 0x0000, 0x0000, 0x0000, 0x0000, 0x0000, 0x0000, 0x0000, 0x0000, 0x0000, 0x0000, 0x0000, 0x0000, 0x0000, 0x0000,   // 0x39F0 (14832) pixels
0x0000, 0x0000, 0x0000, 0x0000, 0x0000, 0x0000, 0x0000, 0x0000, 0x0000, 0x0000, 0x0000, 0x0000, 0x0000, 0x0000, 0x0000, 0x0000,   // 0x3A00 (14848) pixels
0x0000, 0x0000, 0x0000, 0x0000, 0x0000, 0x0000, 0x0000, 0x0000, 0x0000, 0x0000, 0x0000, 0x0000, 0x0000, 0x0000, 0x0000, 0x0000,   // 0x3A10 (14864) pixels
0x0000, 0x0000, 0x0000, 0x0000, 0x0000, 0x0000, 0x0000, 0x0000, 0x0000, 0x0000, 0x0000, 0x0000, 0x0000, 0x0000, 0x0000, 0x0000,   // 0x3A20 (14880) pixels
0x0000, 0x0000, 0x0000, 0x0000, 0x0000, 0x0000, 0x0000, 0x0000, 0x0000, 0x0000, 0x0000, 0x0000, 0x0000, 0x0000, 0x0000, 0x0000,   // 0x3A30 (14896) pixels
0x0000, 0x0000, 0x0000, 0x0000, 0x0000, 0x0000, 0x0000, 0x0000, 0x0000, 0x0000, 0x0000, 0x0000, 0x0000, 0x0000, 0x0000, 0x0000,   // 0x3A40 (14912) pixels
0x0000, 0x0000, 0x0000, 0x0000, 0x0000, 0x0000, 0x0000, 0x0000, 0x0000, 0x0000, 0x0000, 0x0000, 0x0000, 0x0000, 0x0000, 0x0000,   // 0x3A50 (14928) pixels
0x0000, 0x0000, 0x0000, 0x0000, 0x0000, 0x0000, 0x0000, 0x0000, 0x0020, 0x0000, 0x0000, 0x0000, 0x0000, 0x0000, 0x0000, 0x0000,   // 0x3A60 (14944) pixels
0x0000, 0x0000, 0x0000, 0x0000, 0x0000, 0x0000, 0x0000, 0x0000, 0x0000, 0x0000, 0x0000, 0x0000, 0x0000, 0x0000, 0x0000, 0x0000,   // 0x3A70 (14960) pixels
0x0000, 0x0000, 0x0000, 0x0000, 0x0000, 0x0000, 0x0000, 0x0000, 0x0000, 0x0000, 0x0000, 0x0000, 0x0000, 0x0000, 0x0000, 0x0000,   // 0x3A80 (14976) pixels
0x0000, 0x0000, 0x0000, 0x0000, 0x0000, 0x0000, 0x0000, 0x0000, 0x0000, 0x0000, 0x0000, 0x0000, 0x0000, 0x0000, 0x0000, 0x0000,   // 0x3A90 (14992) pixels
0x0000, 0x0000, 0x0000, 0x0000, 0x0000, 0x0000, 0x0000, 0x0000, 0x0000, 0x0000, 0x0000, 0x0000, 0x0000, 0x0000, 0x0000, 0x0000,   // 0x3AA0 (15008) pixels
0x0000, 0x0000, 0x0000, 0x0000, 0x0000, 0x0000, 0x0000, 0x0000, 0x0000, 0x0000, 0x0000, 0x0000, 0x0000, 0x0000, 0x0000, 0x0000,   // 0x3AB0 (15024) pixels
0x0000, 0x0000, 0x0000, 0x0000, 0x0000, 0x0000, 0x0000, 0x0000, 0x0000, 0x0000, 0x0000, 0x0000, 0x0000, 0x0000, 0x0000, 0x0000,   // 0x3AC0 (15040) pixels
0x0000, 0x0000, 0x0000, 0x0000, 0x0000, 0x0000, 0x0000, 0x0000, 0x0000, 0x0000, 0x0000, 0x0000, 0x0000, 0x0000, 0x0000, 0x0000,   // 0x3AD0 (15056) pixels
0x0000, 0x0000, 0x0000, 0x0000, 0x0000, 0x0000, 0x0000, 0x0000, 0x0000, 0x0000, 0x0000, 0x0000, 0x0000, 0x0000, 0x0000, 0x0000,   // 0x3AE0 (15072) pixels
0x0000, 0x0000, 0x0000, 0x0000, 0x0000, 0x0000, 0x0000, 0x0000, 0x0000, 0x0000, 0x0000, 0x0000, 0x0000, 0x0000, 0x0000, 0x0000,   // 0x3AF0 (15088) pixels
0x0000, 0x0000, 0x0000, 0x0000, 0x0000, 0x0000, 0x0000, 0x0000, 0x0000, 0x0000, 0x0000, 0x0000, 0x0000, 0x0000, 0x0000, 0x0000,   // 0x3B00 (15104) pixels
0x0000, 0x0000, 0x0000, 0x0000, 0x0000, 0x0000, 0x0000, 0x0000, 0x0000, 0x0000, 0x0000, 0x0000, 0x0000, 0x0000, 0x0000, 0x0000,   // 0x3B10 (15120) pixels
0x0000, 0x0000, 0x0000, 0x0000, 0x0000, 0x0000, 0x0000, 0x0000, 0x0000, 0x0000, 0x0000, 0x0000, 0x0000, 0x0000, 0x0000, 0x0000,   // 0x3B20 (15136) pixels
0x0000, 0x0000, 0x0000, 0x0000, 0x0000, 0x0000, 0x0000, 0x0000, 0x0000, 0x0000, 0x0000, 0x0000, 0x0000, 0x0000, 0x0000, 0x0000,   // 0x3B30 (15152) pixels
0x0000, 0x0000, 0x0000, 0x0000, 0x0000, 0x0000, 0x0000, 0x0000, 0x0000, 0x0000, 0x0000, 0x0000, 0x0000, 0x0000, 0x0000, 0x0000,   // 0x3B40 (15168) pixels
0x0000, 0x0000, 0x0000, 0x0000, 0x0000, 0x0000, 0x0000, 0x0000, 0x0000, 0x0000, 0x0000, 0x0000, 0x0000, 0x0000, 0x0000, 0x0000,   // 0x3B50 (15184) pixels
0x0000, 0x0000, 0x0000, 0x0000, 0x0000, 0x0000, 0x0000, 0x0000, 0x0000, 0x0000, 0x0000, 0x0000, 0x0000, 0x0000, 0x0000, 0x0000,   // 0x3B60 (15200) pixels
0x0000, 0x0000, 0x0000, 0x0000, 0x0000, 0x0000, 0x0000, 0x0000, 0x0000, 0x0000, 0x0000, 0x0000, 0x0000, 0x0000, 0x0000, 0x0000,   // 0x3B70 (15216) pixels
0x0000, 0x0000, 0x0000, 0x0000, 0x0000, 0x0000, 0x0000, 0x0000, 0x0000, 0x0000, 0x0000, 0x0000, 0x0000, 0x0000, 0x0000, 0x0000,   // 0x3B80 (15232) pixels
0x0000, 0x0000, 0x0000, 0x0000, 0x0000, 0x0000, 0x0000, 0x0000, 0x0000, 0x0000, 0x0000, 0x0000, 0x0000, 0x0000, 0x0000, 0x0000,   // 0x3B90 (15248) pixels
0x0000, 0x0000, 0x0000, 0x0000, 0x0000, 0x0000, 0x0000, 0x0000, 0x0000, 0x0000, 0x0000, 0x0000, 0x0000, 0x0000, 0x0000, 0x0000,   // 0x3BA0 (15264) pixels
0x0000, 0x0000, 0x0000, 0x0000, 0x0000, 0x0000, 0x0000, 0x0000, 0x0000, 0x0000, 0x0000, 0x0000, 0x0000, 0x0000, 0x0000, 0x0000,   // 0x3BB0 (15280) pixels
0x0000, 0x0000, 0x0000, 0x0000, 0x0000, 0x0000, 0x0000, 0x0000, 0x0000, 0x0000, 0x0000, 0x0000, 0x0000, 0x0000, 0x0000, 0x0000,   // 0x3BC0 (15296) pixels
0x0000, 0x0000, 0x0000, 0x0000, 0x0000, 0x0000, 0x0000, 0x0000, 0x0000, 0x0000, 0x0000, 0x0000, 0x0000, 0x0000, 0x0000, 0x0000,   // 0x3BD0 (15312) pixels
0x0000, 0x0000, 0x0000, 0x0000, 0x0000, 0x0000, 0x0000, 0x0000, 0x0000, 0x0000, 0x0000, 0x0000, 0x0000, 0x0000, 0x0000, 0x0000,   // 0x3BE0 (15328) pixels
0x0000, 0x0000, 0x0000, 0x0000, 0x0000, 0x0000, 0x0000, 0x0000, 0x0000, 0x0000, 0x0000, 0x0000, 0x0000, 0x0000, 0x0000, 0x0000,   // 0x3BF0 (15344) pixels
0x0000, 0x0000, 0x0000, 0x0000, 0x0000, 0x0000, 0x0000, 0x0000, 0x0000, 0x0000, 0x0000, 0x0000, 0x0000, 0x0000, 0x0000, 0x0000,   // 0x3C00 (15360) pixels
0x0000, 0x0000, 0x0000, 0x0000, 0x0000, 0x0000, 0x0000, 0x0000, 0x0000, 0x0000, 0x0000, 0x0000, 0x0000, 0x0000, 0x0000, 0x0000,   // 0x3C10 (15376) pixels
0x0000, 0x0000, 0x0000, 0x0000, 0x0000, 0x0000, 0x0000, 0x0000, 0x0000, 0x0000, 0x0000, 0x0000, 0x0000, 0x0000, 0x0000, 0x0000,   // 0x3C20 (15392) pixels
0x0000, 0x0000, 0x0000, 0x0000, 0x0000, 0x0000, 0x0000, 0x0000, 0x0000, 0x0000, 0x0000, 0x0000, 0x0000, 0x0000, 0x0000, 0x0000,   // 0x3C30 (15408) pixels
0x0000, 0x0000, 0x0000, 0x0000, 0x0000, 0x0000, 0x0000, 0x0000, 0x0000, 0x0000, 0x0000, 0x0000, 0x0000, 0x0000, 0x0000, 0x0000,   // 0x3C40 (15424) pixels
0x0000, 0x0000, 0x0000, 0x0000, 0x0000, 0x0000, 0x0000, 0x0000, 0x0000, 0x0000, 0x0000, 0x0000, 0x0000, 0x0000, 0x0000, 0x0000,   // 0x3C50 (15440) pixels
0x0000, 0x0000, 0x0000, 0x0000, 0x0000, 0x0000, 0x0000, 0x0000, 0x0000, 0x0000, 0x0000, 0x0000, 0x0000, 0x0000, 0x0000, 0x0000,   // 0x3C60 (15456) pixels
0x0000, 0x0000, 0x0000, 0x0000, 0x0000, 0x0000, 0x0000, 0x0000, 0x0000, 0x0000, 0x0000, 0x0000, 0x0000, 0x0000, 0x0000, 0x0000,   // 0x3C70 (15472) pixels
0x0000, 0x0000, 0x0000, 0x0000, 0x0000, 0x0000, 0x0000, 0x0000, 0x0000, 0x0000, 0x0000, 0x0000, 0x0000, 0x0000, 0x0000, 0x0000,   // 0x3C80 (15488) pixels
0x0000, 0x0000, 0x0000, 0x0000, 0x0000, 0x0000, 0x0000, 0x0000, 0x0000, 0x0000, 0x0000, 0x0000, 0x0000, 0x0000, 0x0000, 0x0000,   // 0x3C90 (15504) pixels
0x0000, 0x0000, 0x0000, 0x0000, 0x0000, 0x0000, 0x0000, 0x0000, 0x0000, 0x0000, 0x0000, 0x0000, 0x0000, 0x0000, 0x0000, 0x0000,   // 0x3CA0 (15520) pixels
0x0000, 0x0000, 0x0000, 0x0000, 0x0000, 0x0000, 0x0000, 0x0000, 0x0000, 0x0000, 0x0000, 0x0000, 0x0000, 0x0000, 0x0000, 0x0000,   // 0x3CB0 (15536) pixels
0x0000, 0x0000, 0x0000, 0x0000, 0x0000, 0x0000, 0x0000, 0x0000, 0x0000, 0x0000, 0x0000, 0x0000, 0x0000, 0x0000, 0x0000, 0x0000,   // 0x3CC0 (15552) pixels
0x0000, 0x0000, 0x0000, 0x0000, 0x0000, 0x0000, 0x0000, 0x0000, 0x0000, 0x0000, 0x0000, 0x0000, 0x0000, 0x0000, 0x0000, 0x0000,   // 0x3CD0 (15568) pixels
0x0000, 0x0000, 0x0000, 0x0000, 0x0000, 0x0000, 0x0000, 0x0000, 0x0000, 0x0000, 0x0000, 0x0000, 0x0000, 0x0000, 0x0000, 0x0000,   // 0x3CE0 (15584) pixels
0x0000, 0x0000, 0x0000, 0x0000, 0x0000, 0x0000, 0x0000, 0x0000, 0x0000, 0x0000, 0x0000, 0x0000, 0x0000, 0x0000, 0x0000, 0x0000,   // 0x3CF0 (15600) pixels
0x0000, 0x0000, 0x0000, 0x0000, 0x0000, 0x0000, 0x0000, 0x0000, 0x0000, 0x0000, 0x0000, 0x0000, 0x0000, 0x0000, 0x0000, 0x0000,   // 0x3D00 (15616) pixels
0x0000, 0x0000, 0x0000, 0x0000, 0x0000, 0x0000, 0x0000, 0x0000, 0x0000, 0x0000, 0x0000, 0x0000, 0x0000, 0x0000, 0x0000, 0x0000,   // 0x3D10 (15632) pixels
0x0000, 0x0000, 0x0000, 0x0000, 0x0000, 0x0000, 0x0000, 0x0000, 0x0000, 0x0000, 0x0000, 0x0000, 0x0000, 0x0000, 0x0000, 0x0000,   // 0x3D20 (15648) pixels
0x0000, 0x0000, 0x0000, 0x0000, 0x0000, 0x0000, 0x0000, 0x0000, 0x0000, 0x0000, 0x0000, 0x0000, 0x0000, 0x0000, 0x0000, 0x0000,   // 0x3D30 (15664) pixels
0x0000, 0x0000, 0x0000, 0x0000, 0x0000, 0x0000, 0x0000, 0x0000, 0x0000, 0x0000, 0x0000, 0x0000, 0x0000, 0x0000, 0x0000, 0x0000,   // 0x3D40 (15680) pixels
0x0000, 0x0000, 0x0000, 0x0000, 0x0000, 0x0000, 0x0000, 0x0000, 0x0000, 0x0000, 0x0000, 0x0000, 0x0000, 0x0000, 0x0000, 0x0000,   // 0x3D50 (15696) pixels
0x0000, 0x0000, 0x0000, 0x0000, 0x0000, 0x0000, 0x0000, 0x0000, 0x0000, 0x0000, 0x0000, 0x0000, 0x0000, 0x0000, 0x0000, 0x0000,   // 0x3D60 (15712) pixels
0x0000, 0x0000, 0x0000, 0x0000, 0x0000, 0x0000, 0x0000, 0x0000, 0x0000, 0x0000, 0x0000, 0x0000, 0x0000, 0x0000, 0x0000, 0x0000,   // 0x3D70 (15728) pixels
0x0000, 0x0000, 0x0000, 0x0000, 0x0000, 0x0000, 0x0000, 0x0000, 0x0000, 0x0000, 0x0000, 0x0000, 0x0000, 0x0000, 0x0000, 0x0000,   // 0x3D80 (15744) pixels
0x0000, 0x0000, 0x0000, 0x0000, 0x0000, 0x0000, 0x0000, 0x0000, 0x0000, 0x0000, 0x0000, 0x0000, 0x0000, 0x0000, 0x0000, 0x0000,   // 0x3D90 (15760) pixels
0x0000, 0x0000, 0x0000, 0x0000, 0x0000, 0x0000, 0x0000, 0x0000, 0x0000, 0x0000, 0x0000, 0x0000, 0x0000, 0x0000, 0x0000, 0x0000,   // 0x3DA0 (15776) pixels
0x0000, 0x0000, 0x0000, 0x0000, 0x0000, 0x0000, 0x0000, 0x0000, 0x0000, 0x0000, 0x0000, 0x0000, 0x0000, 0x0000, 0x0000, 0x0000,   // 0x3DB0 (15792) pixels
0x0000, 0x0000, 0x0000, 0x0000, 0x0000, 0x0000, 0x0000, 0x0000, 0x0000, 0x0000, 0x0000, 0x0000, 0x0000, 0x0000, 0x0000, 0x0000,   // 0x3DC0 (15808) pixels
0x0000, 0x0000, 0x0000, 0x0000, 0x0000, 0x0000, 0x0000, 0x0000, 0x0000, 0x0000, 0x0000, 0x0000, 0x0000, 0x0000, 0x0000, 0x0000,   // 0x3DD0 (15824) pixels
0x0000, 0x0000, 0x0000, 0x0000, 0x0000, 0x0000, 0x0000, 0x0000, 0x0000, 0x0000, 0x0000, 0x0000, 0x0000, 0x0000, 0x0000, 0x0000,   // 0x3DE0 (15840) pixels
0x0000, 0x0000, 0x0000, 0x0000, 0x0000, 0x0000, 0x0000, 0x0000, 0x0000, 0x0000, 0x0000, 0x0000, 0x0000, 0x0000, 0x0000, 0x0000,   // 0x3DF0 (15856) pixels
0x0000, 0x0000, 0x0000, 0x0000, 0x0000, 0x0000, 0x0000, 0x0000, 0x0000, 0x0000, 0x0000, 0x0000, 0x0000, 0x0000, 0x0000, 0x0000,   // 0x3E00 (15872) pixels
0x0000, 0x0000, 0x0000, 0x0000, 0x0000, 0x0000, 0x0000, 0x0000, 0x0000, 0x0000, 0x0000, 0x0000, 0x0000, 0x0000, 0x0000, 0x0000,   // 0x3E10 (15888) pixels
0x0000, 0x0000, 0x0000, 0x0000, 0x0000, 0x0000, 0x0000, 0x0000, 0x0000, 0x0000, 0x0000, 0x0000, 0x0000, 0x0000, 0x0000, 0x0000,   // 0x3E20 (15904) pixels
0x0000, 0x0000, 0x0000, 0x0000, 0x0000, 0x0000, 0x0000, 0x0000, 0x0000, 0x0000, 0x0000, 0x0000, 0x0000, 0x0000, 0x0000, 0x0000,   // 0x3E30 (15920) pixels
0x0000, 0x0000, 0x0000, 0x0000, 0x0000, 0x0000, 0x0000, 0x0000, 0x0000, 0x0000, 0x0000, 0x0000, 0x0000, 0x0000, 0x0000, 0x0000,   // 0x3E40 (15936) pixels
0x0000, 0x0000, 0x0000, 0x0000, 0x0000, 0x0000, 0x0000, 0x0000, 0x0000, 0x0000, 0x0000, 0x0000, 0x0000, 0x0000, 0x0000, 0x0000,   // 0x3E50 (15952) pixels
0x0000, 0x0000, 0x0000, 0x0000, 0x0000, 0x0000, 0x0000, 0x0000, 0x0000, 0x0000, 0x0000, 0x0000, 0x0000, 0x0000, 0x0000, 0x0000,   // 0x3E60 (15968) pixels
0x0000, 0x0000, 0x0000, 0x0000, 0x0000, 0x0000, 0x0000, 0x0000, 0x0000, 0x0000, 0x0000, 0x0000, 0x0000, 0x0000, 0x0000, 0x0000,   // 0x3E70 (15984) pixels
0x0000, 0x0000, 0x0000, 0x0000, 0x0000, 0x0000, 0x0000, 0x0000, 0x0000, 0x0000, 0x0000, 0x0000, 0x0000, 0x0000, 0x0000, 0x0000,   // 0x3E80 (16000) pixels
0x0000, 0x0000, 0x0000, 0x0000, 0x0000, 0x0000, 0x0000, 0x0000, 0x0000, 0x0000, 0x0000, 0x0000, 0x0000, 0x0000, 0x0000, 0x0000,   // 0x3E90 (16016) pixels
0x0000, 0x0000, 0x0000, 0x0000, 0x0000, 0x0000, 0x0000, 0x0000, 0x0000, 0x0000, 0x0000, 0x0000, 0x0000, 0x0000, 0x0000, 0x0000,   // 0x3EA0 (16032) pixels
0x0000, 0x0000, 0x0000, 0x0000, 0x0000, 0x0000, 0x0000, 0x0000, 0x0000, 0x0000, 0x0000, 0x0000, 0x0000, 0x0000, 0x0000, 0x0000,   // 0x3EB0 (16048) pixels
0x0000, 0x0000, 0x0000, 0x0000, 0x0000, 0x0000, 0x0000, 0x0000, 0x0000, 0x0000, 0x0000, 0x0000, 0x0000, 0x0000, 0x0000, 0x0000,   // 0x3EC0 (16064) pixels
0x0000, 0x0000, 0x0000, 0x0000, 0x0000, 0x0000, 0x0000, 0x0000, 0x0000, 0x0000, 0x0000, 0x0000, 0x0000, 0x0000, 0x0000, 0x0000,   // 0x3ED0 (16080) pixels
0x0000, 0x0000, 0x0000, 0x0000, 0x0000, 0x0000, 0x0000, 0x0000, 0x0000, 0x0000, 0x0000, 0x0000, 0x0000, 0x0000, 0x0000, 0x0000,   // 0x3EE0 (16096) pixels
0x0000, 0x0000, 0x0000, 0x0000, 0x0000, 0x0000, 0x0000, 0x0000, 0x0000, 0x0000, 0x0000, 0x0000, 0x0000, 0x0000, 0x0000, 0x0000,   // 0x3EF0 (16112) pixels
0x0000, 0x0000, 0x0000, 0x0000, 0x0000, 0x0000, 0x0000, 0x0000, 0x0000, 0x0000, 0x0000, 0x0000, 0x0000, 0x0000, 0x0000, 0x0000,   // 0x3F00 (16128) pixels
0x0000, 0x0000, 0x0000, 0x0000, 0x0000, 0x0000, 0x0000, 0x0000, 0x0000, 0x0000, 0x0000, 0x0000, 0x0000, 0x0000, 0x0000, 0x0000,   // 0x3F10 (16144) pixels
0x0000, 0x0000, 0x0000, 0x0000, 0x0000, 0x0000, 0x0000, 0x0000, 0x0000, 0x0000, 0x0000, 0x0000, 0x0000, 0x0000, 0x0000, 0x0000,   // 0x3F20 (16160) pixels
0x0000, 0x0000, 0x0000, 0x0000, 0x0000, 0x0000, 0x0000, 0x0000, 0x0000, 0x0000, 0x0000, 0x0000, 0x0000, 0x0000, 0x0000, 0x0000,   // 0x3F30 (16176) pixels
0x0000, 0x0000, 0x0000, 0x0000, 0x0000, 0x0000, 0x0000, 0x0000, 0x0000, 0x0000, 0x0000, 0x0000, 0x0000, 0x0000, 0x0000, 0x0000,   // 0x3F40 (16192) pixels
0x0000, 0x0000, 0x0000, 0x0000, 0x0000, 0x0000, 0x0000, 0x0000
};

#endif // _LAVA_C_