// Generated by   : ImageConverter 565 Online
// Generated from : scrapMetal.jpg
// Time generated : Tue, 29 Jul 25 08:21:44 +0200  (Server timezone: CET)
// Image Size     : 190x128 pixels
// Memory usage   : 48640 bytes


#ifndef SCRAPMETAL_H
#define SCRAPMETAL_H

#include <TFT_eSPI.h>

void drawScrapMetal(TFT_eSPI &tft);

#if defined(__AVR__)
    #include <avr/pgmspace.h>
#elif defined(__PIC32MX__)
    #define PROGMEM
#elif defined(__arm__)
    #define PROGMEM
#endif




const unsigned short scrapMetal[24320] PROGMEM={
0x0000, 0x0000, 0x0000, 0x0000, 0x0000, 0x0000, 0x0000, 0x0000, 0x0000, 0x0000, 0x0000, 0x0000, 0x0000, 0x0000, 0x0000, 0x0000,   // 0x0010 (16) pixels
0x0000, 0x0000, 0x0000, 0x0000, 0x0000, 0x0000, 0x0000, 0x0000, 0x0000, 0x0000, 0x0000, 0x0000, 0x0000, 0x0000, 0x0000, 0x0000,   // 0x0020 (32) pixels
0x0000, 0x0000, 0x0000, 0x0000, 0x0000, 0x0000, 0x0000, 0x0000, 0x0000, 0x0000, 0x0000, 0x0000, 0x0000, 0x0000, 0x0000, 0x0000,   // 0x0030 (48) pixels
0x0000, 0x0000, 0x0000, 0x0000, 0x0000, 0x0000, 0x0000, 0x0000, 0x0000, 0x0000, 0x0000, 0x0000, 0x0000, 0x0000, 0x0000, 0x0000,   // 0x0040 (64) pixels
0x0000, 0x0000, 0x0000, 0x0000, 0x0000, 0x0000, 0x0000, 0x0000, 0x0000, 0x0000, 0x0000, 0x0000, 0x0000, 0x0000, 0x0000, 0x0000,   // 0x0050 (80) pixels
0x0000, 0x0000, 0x0000, 0x0000, 0x0000, 0x0000, 0x0000, 0x0000, 0x0000, 0x0000, 0x0000, 0x0000, 0x0000, 0x0000, 0x0000, 0x0000,   // 0x0060 (96) pixels
0x0000, 0x0000, 0x0000, 0x0000, 0x0000, 0x0000, 0x0000, 0x0000, 0x0000, 0x0000, 0x0000, 0x0000, 0x0000, 0x0000, 0x0000, 0x0000,   // 0x0070 (112) pixels
0x0000, 0x0000, 0x0000, 0x0000, 0x0000, 0x0000, 0x0000, 0x0000, 0x0000, 0x0000, 0x0000, 0x0000, 0x0000, 0x0000, 0x0000, 0x0000,   // 0x0080 (128) pixels
0x0000, 0x0000, 0x0000, 0x0000, 0x0000, 0x0000, 0x0000, 0x0000, 0x0000, 0x0000, 0x0000, 0x0000, 0x0000, 0x0000, 0x0000, 0x0000,   // 0x0090 (144) pixels
0x0000, 0x0000, 0x0000, 0x0000, 0x0000, 0x0000, 0x0000, 0x0000, 0x0000, 0x0000, 0x0000, 0x0000, 0x0000, 0x0000, 0x0000, 0x0000,   // 0x00A0 (160) pixels
0x0000, 0x0000, 0x0000, 0x0000, 0x0000, 0x0000, 0x0000, 0x0000, 0x0000, 0x0000, 0x0000, 0x0000, 0x0000, 0x0000, 0x0000, 0x0000,   // 0x00B0 (176) pixels
0x0000, 0x0000, 0x0000, 0x0000, 0x0000, 0x0000, 0x0000, 0x0000, 0x0000, 0x0000, 0x0000, 0x0000, 0x0000, 0x0000, 0x0000, 0x0000,   // 0x00C0 (192) pixels
0x0000, 0x0000, 0x0000, 0x0000, 0x0000, 0x0000, 0x0000, 0x0000, 0x0000, 0x0000, 0x0000, 0x0000, 0x0000, 0x0000, 0x0000, 0x0000,   // 0x00D0 (208) pixels
0x0000, 0x0000, 0x0000, 0x0000, 0x0000, 0x0000, 0x0000, 0x0000, 0x0000, 0x0000, 0x0000, 0x0000, 0x0000, 0x0000, 0x0000, 0x0000,   // 0x00E0 (224) pixels
0x0000, 0x0000, 0x0000, 0x0000, 0x0000, 0x0000, 0x0000, 0x0000, 0x0000, 0x0000, 0x0000, 0x0000, 0x0000, 0x0000, 0x0000, 0x0000,   // 0x00F0 (240) pixels
0x0000, 0x0000, 0x0000, 0x0000, 0x0000, 0x0000, 0x0000, 0x0000, 0x0000, 0x0000, 0x0000, 0x0000, 0x0000, 0x0000, 0x0000, 0x0000,   // 0x0100 (256) pixels
0x0000, 0x0000, 0x0000, 0x0000, 0x0000, 0x0000, 0x0000, 0x0000, 0x0000, 0x0000, 0x0000, 0x0000, 0x0000, 0x0000, 0x0000, 0x0000,   // 0x0110 (272) pixels
0x0000, 0x0000, 0x0000, 0x0000, 0x0000, 0x0000, 0x0000, 0x0000, 0x0000, 0x0000, 0x0000, 0x0000, 0x0000, 0x0000, 0x0000, 0x0000,   // 0x0120 (288) pixels
0x0000, 0x0000, 0x0000, 0x0000, 0x0000, 0x0000, 0x0000, 0x0000, 0x0000, 0x0000, 0x0000, 0x0000, 0x0000, 0x0000, 0x0000, 0x0000,   // 0x0130 (304) pixels
0x0000, 0x0000, 0x0000, 0x0000, 0x0000, 0x0000, 0x0000, 0x0000, 0x0000, 0x0000, 0x0000, 0x0000, 0x0000, 0x0000, 0x0000, 0x0000,   // 0x0140 (320) pixels
0x0000, 0x0000, 0x0000, 0x0000, 0x0000, 0x0000, 0x0000, 0x0000, 0x0000, 0x0000, 0x0000, 0x0000, 0x0000, 0x0000, 0x0000, 0x0000,   // 0x0150 (336) pixels
0x0000, 0x0000, 0x0000, 0x0000, 0x0000, 0x0000, 0x0000, 0x0000, 0x0000, 0x0000, 0x0000, 0x0000, 0x0000, 0x0000, 0x0000, 0x0000,   // 0x0160 (352) pixels
0x0000, 0x0000, 0x0000, 0x0000, 0x0000, 0x0000, 0x0000, 0x0000, 0x0000, 0x0000, 0x0000, 0x0000, 0x0000, 0x0000, 0x0000, 0x0000,   // 0x0170 (368) pixels
0x0000, 0x0000, 0x0000, 0x0000, 0x0000, 0x0000, 0x0000, 0x0000, 0x0000, 0x0000, 0x0000, 0x0000, 0x0000, 0x0000, 0x0000, 0x0000,   // 0x0180 (384) pixels
0x0000, 0x0000, 0x0000, 0x0000, 0x0000, 0x0000, 0x0000, 0x0000, 0x0000, 0x0000, 0x0000, 0x0000, 0x0000, 0x0000, 0x0000, 0x0000,   // 0x0190 (400) pixels
0x0000, 0x0000, 0x0000, 0x0000, 0x0000, 0x0000, 0x0000, 0x0000, 0x0000, 0x0000, 0x0000, 0x0000, 0x0000, 0x0000, 0x0000, 0x0000,   // 0x01A0 (416) pixels
0x0000, 0x0000, 0x0000, 0x0000, 0x0000, 0x0000, 0x0000, 0x0000, 0x0000, 0x0000, 0x0000, 0x0000, 0x0000, 0x0000, 0x0000, 0x0000,   // 0x01B0 (432) pixels
0x0000, 0x0000, 0x0000, 0x0000, 0x0000, 0x0000, 0x0000, 0x0000, 0x0000, 0x0000, 0x0000, 0x0000, 0x0000, 0x0000, 0x0000, 0x0000,   // 0x01C0 (448) pixels
0x0000, 0x0000, 0x0000, 0x0000, 0x0000, 0x0000, 0x0000, 0x0000, 0x0000, 0x0000, 0x0000, 0x0000, 0x0000, 0x0000, 0x0000, 0x0000,   // 0x01D0 (464) pixels
0x0000, 0x0000, 0x0000, 0x0000, 0x0000, 0x0000, 0x0000, 0x0000, 0x0000, 0x0000, 0x0000, 0x0000, 0x0000, 0x0000, 0x0000, 0x0000,   // 0x01E0 (480) pixels
0x0000, 0x0000, 0x0000, 0x0000, 0x0000, 0x0000, 0x0000, 0x0000, 0x0000, 0x0000, 0x0000, 0x0000, 0x0000, 0x0000, 0x0000, 0x0000,   // 0x01F0 (496) pixels
0x0000, 0x0000, 0x0000, 0x0000, 0x0000, 0x0000, 0x0000, 0x0000, 0x0000, 0x0000, 0x0000, 0x0000, 0x0000, 0x0000, 0x0000, 0x0000,   // 0x0200 (512) pixels
0x0000, 0x0000, 0x0000, 0x0000, 0x0000, 0x0000, 0x0000, 0x0000, 0x0000, 0x0000, 0x0000, 0x0000, 0x0000, 0x0000, 0x0000, 0x0000,   // 0x0210 (528) pixels
0x0000, 0x0000, 0x0000, 0x0000, 0x0000, 0x0000, 0x0000, 0x0000, 0x0000, 0x0000, 0x0000, 0x0000, 0x0000, 0x0000, 0x0000, 0x0000,   // 0x0220 (544) pixels
0x0000, 0x0000, 0x0000, 0x0000, 0x0000, 0x0000, 0x0000, 0x0000, 0x0000, 0x0000, 0x0000, 0x0000, 0x0000, 0x0000, 0x0000, 0x0000,   // 0x0230 (560) pixels
0x0000, 0x0000, 0x0000, 0x0000, 0x0000, 0x0000, 0x0000, 0x0000, 0x0000, 0x0000, 0x0000, 0x0000, 0x0000, 0x0000, 0x0000, 0x0000,   // 0x0240 (576) pixels
0x0000, 0x0000, 0x0000, 0x0000, 0x0000, 0x0000, 0x0000, 0x0000, 0x0000, 0x0000, 0x0000, 0x0000, 0x0000, 0x0000, 0x0000, 0x0000,   // 0x0250 (592) pixels
0x0000, 0x0000, 0x0000, 0x0000, 0x0000, 0x0000, 0x0000, 0x0000, 0x0000, 0x0000, 0x0000, 0x0000, 0x0000, 0x0000, 0x0000, 0x0000,   // 0x0260 (608) pixels
0x0000, 0x0000, 0x0000, 0x0000, 0x0000, 0x0000, 0x0000, 0x0000, 0x0000, 0x0000, 0x0000, 0x0000, 0x0000, 0x0000, 0x0000, 0x0000,   // 0x0270 (624) pixels
0x0000, 0x0000, 0x0000, 0x0000, 0x0000, 0x0000, 0x0000, 0x0000, 0x0000, 0x0000, 0x0000, 0x0000, 0x0000, 0x0000, 0x0000, 0x0000,   // 0x0280 (640) pixels
0x0000, 0x0000, 0x0000, 0x0000, 0x0000, 0x0000, 0x0000, 0x0000, 0x0000, 0x0000, 0x0000, 0x0000, 0x0000, 0x0000, 0x0000, 0x0000,   // 0x0290 (656) pixels
0x0000, 0x0000, 0x0000, 0x0000, 0x0000, 0x0000, 0x0000, 0x0000, 0x0000, 0x0000, 0x0000, 0x0000, 0x0000, 0x0000, 0x0000, 0x0000,   // 0x02A0 (672) pixels
0x0000, 0x0000, 0x0000, 0x0000, 0x0000, 0x0000, 0x0000, 0x0000, 0x0000, 0x0000, 0x0000, 0x0000, 0x0000, 0x0000, 0x0000, 0x0000,   // 0x02B0 (688) pixels
0x0000, 0x0000, 0x0000, 0x0000, 0x0000, 0x0000, 0x0000, 0x0000, 0x0000, 0x0000, 0x0000, 0x0000, 0x0000, 0x0000, 0x0000, 0x0000,   // 0x02C0 (704) pixels
0x0000, 0x0000, 0x0000, 0x0000, 0x0000, 0x0000, 0x0000, 0x0000, 0x0000, 0x0000, 0x0000, 0x0000, 0x0000, 0x0000, 0x0000, 0x0000,   // 0x02D0 (720) pixels
0x0000, 0x0000, 0x0000, 0x0000, 0x0000, 0x0000, 0x0000, 0x0000, 0x0000, 0x0000, 0x0000, 0x0000, 0x0000, 0x0000, 0x0000, 0x0000,   // 0x02E0 (736) pixels
0x0000, 0x0000, 0x0000, 0x0000, 0x0000, 0x0000, 0x0000, 0x0000, 0x0000, 0x0000, 0x0000, 0x0000, 0x0000, 0x0000, 0x0000, 0x0000,   // 0x02F0 (752) pixels
0x0000, 0x0000, 0x0000, 0x0000, 0x0000, 0x0000, 0x0000, 0x0000, 0x0000, 0x0000, 0x0000, 0x0000, 0x0000, 0x0000, 0x0000, 0x0000,   // 0x0300 (768) pixels
0x0000, 0x0000, 0x0000, 0x0000, 0x0000, 0x0000, 0x0000, 0x0000, 0x0000, 0x0000, 0x0000, 0x0000, 0x0000, 0x0000, 0x0000, 0x0000,   // 0x0310 (784) pixels
0x0000, 0x0000, 0x0000, 0x0000, 0x0000, 0x0000, 0x0000, 0x0000, 0x0000, 0x0000, 0x0000, 0x0000, 0x0000, 0x0000, 0x0000, 0x0000,   // 0x0320 (800) pixels
0x0000, 0x0000, 0x0000, 0x0000, 0x0000, 0x0000, 0x0000, 0x0000, 0x0000, 0x0000, 0x0000, 0x0000, 0x0000, 0x0000, 0x0000, 0x0000,   // 0x0330 (816) pixels
0x0000, 0x0000, 0x0000, 0x0000, 0x0000, 0x0000, 0x0000, 0x0000, 0x0000, 0x0000, 0x0000, 0x0000, 0x0000, 0x0000, 0x0000, 0x0000,   // 0x0340 (832) pixels
0x0000, 0x0000, 0x0000, 0x0000, 0x0000, 0x0000, 0x0000, 0x0000, 0x0000, 0x0000, 0x0000, 0x0000, 0x0000, 0x0000, 0x0000, 0x0000,   // 0x0350 (848) pixels
0x0000, 0x0000, 0x0000, 0x0000, 0x0000, 0x0000, 0x0000, 0x0000, 0x0000, 0x0000, 0x0000, 0x0000, 0x0000, 0x0000, 0x0000, 0x0000,   // 0x0360 (864) pixels
0x0000, 0x0000, 0x0000, 0x0000, 0x0000, 0x0000, 0x0000, 0x0000, 0x0000, 0x0000, 0x0000, 0x0000, 0x0000, 0x0000, 0x0000, 0x0000,   // 0x0370 (880) pixels
0x0000, 0x0000, 0x0000, 0x0000, 0x0000, 0x0000, 0x0000, 0x0000, 0x0000, 0x0000, 0x0000, 0x0000, 0x0000, 0x0000, 0x0000, 0x0000,   // 0x0380 (896) pixels
0x0000, 0x0000, 0x0000, 0x0000, 0x0000, 0x0000, 0x0000, 0x0000, 0x0000, 0x0000, 0x0000, 0x0000, 0x0000, 0x0000, 0x0000, 0x0000,   // 0x0390 (912) pixels
0x0000, 0x0000, 0x0000, 0x0000, 0x0000, 0x0000, 0x0000, 0x0000, 0x0000, 0x0000, 0x0000, 0x0000, 0x0000, 0x0000, 0x0000, 0x0000,   // 0x03A0 (928) pixels
0x0000, 0x0000, 0x0000, 0x0000, 0x0000, 0x0000, 0x0000, 0x0000, 0x0000, 0x0000, 0x0000, 0x0000, 0x0000, 0x0000, 0x0000, 0x0000,   // 0x03B0 (944) pixels
0x0000, 0x0000, 0x0000, 0x0000, 0x0000, 0x0000, 0x0000, 0x0000, 0x0000, 0x0000, 0x0000, 0x0000, 0x0000, 0x0000, 0x0000, 0x0000,   // 0x03C0 (960) pixels
0x0000, 0x0000, 0x0000, 0x0000, 0x0000, 0x0000, 0x0000, 0x0000, 0x0000, 0x0000, 0x0000, 0x0000, 0x0000, 0x0000, 0x0000, 0x0000,   // 0x03D0 (976) pixels
0x0000, 0x0000, 0x0000, 0x0000, 0x0000, 0x0000, 0x0000, 0x0000, 0x0000, 0x0000, 0x0000, 0x0000, 0x0000, 0x0000, 0x0000, 0x0000,   // 0x03E0 (992) pixels
0x0000, 0x0000, 0x0000, 0x0000, 0x0000, 0x0000, 0x0000, 0x0000, 0x0000, 0x0000, 0x0000, 0x0000, 0x0000, 0x0000, 0x0000, 0x0000,   // 0x03F0 (1008) pixels
0x0000, 0x0000, 0x0000, 0x0000, 0x0000, 0x0000, 0x0000, 0x0000, 0x0000, 0x0000, 0x0000, 0x0000, 0x0000, 0x0000, 0x0000, 0x0000,   // 0x0400 (1024) pixels
0x0000, 0x0000, 0x0000, 0x0000, 0x0000, 0x0000, 0x0000, 0x0000, 0x0000, 0x0000, 0x0000, 0x0000, 0x0000, 0x0000, 0x0000, 0x0000,   // 0x0410 (1040) pixels
0x0000, 0x0000, 0x0000, 0x0000, 0x0000, 0x0000, 0x0000, 0x0000, 0x0000, 0x0000, 0x0000, 0x0000, 0x0000, 0x0000, 0x0000, 0x0000,   // 0x0420 (1056) pixels
0x0000, 0x0000, 0x0000, 0x0000, 0x0000, 0x0000, 0x0000, 0x0000, 0x0000, 0x0000, 0x0000, 0x0000, 0x0000, 0x0000, 0x0000, 0x0000,   // 0x0430 (1072) pixels
0x0000, 0x0000, 0x0000, 0x0000, 0x0000, 0x0000, 0x0000, 0x0000, 0x0000, 0x0000, 0x0000, 0x0000, 0x0000, 0x0000, 0x0000, 0x0000,   // 0x0440 (1088) pixels
0x0000, 0x0000, 0x0000, 0x0000, 0x0000, 0x0000, 0x0000, 0x0000, 0x0000, 0x0000, 0x0000, 0x0000, 0x0000, 0x0000, 0x0000, 0x0000,   // 0x0450 (1104) pixels
0x0000, 0x0000, 0x0000, 0x0000, 0x0000, 0x0000, 0x0000, 0x0000, 0x0000, 0x0000, 0x0000, 0x0000, 0x0000, 0x0000, 0x0000, 0x0000,   // 0x0460 (1120) pixels
0x0000, 0x0000, 0x0000, 0x0000, 0x0000, 0x0000, 0x0000, 0x0000, 0x0000, 0x0000, 0x0000, 0x0000, 0x0000, 0x0000, 0x0000, 0x0000,   // 0x0470 (1136) pixels
0x0000, 0x0000, 0x0000, 0x0000, 0x0000, 0x0000, 0x0000, 0x0000, 0x0000, 0x0000, 0x0000, 0x0000, 0x0000, 0x0000, 0x0000, 0x0000,   // 0x0480 (1152) pixels
0x0000, 0x0000, 0x0000, 0x0000, 0x0000, 0x0000, 0x0000, 0x0000, 0x0000, 0x0000, 0x0000, 0x0000, 0x0000, 0x0000, 0x0000, 0x0000,   // 0x0490 (1168) pixels
0x0000, 0x0000, 0x0000, 0x0000, 0x0000, 0x0000, 0x0000, 0x0000, 0x0000, 0x0000, 0x0000, 0x0000, 0x0000, 0x0000, 0x0000, 0x0000,   // 0x04A0 (1184) pixels
0x0000, 0x0000, 0x0000, 0x0000, 0x0000, 0x0000, 0x0000, 0x0000, 0x0000, 0x0000, 0x0000, 0x0000, 0x0000, 0x0000, 0x0000, 0x0000,   // 0x04B0 (1200) pixels
0x0000, 0x0000, 0x0000, 0x0000, 0x0000, 0x0000, 0x0000, 0x0000, 0x0000, 0x0000, 0x0000, 0x0000, 0x0000, 0x0000, 0x0000, 0x0000,   // 0x04C0 (1216) pixels
0x0000, 0x0000, 0x0000, 0x0000, 0x0000, 0x0000, 0x0000, 0x0000, 0x0000, 0x0000, 0x0000, 0x0000, 0x0000, 0x0000, 0x0000, 0x0000,   // 0x04D0 (1232) pixels
0x0000, 0x0000, 0x0000, 0x0000, 0x0000, 0x0000, 0x0000, 0x0000, 0x0000, 0x0000, 0x0000, 0x0000, 0x0000, 0x0000, 0x0000, 0x0000,   // 0x04E0 (1248) pixels
0x0000, 0x0000, 0x0000, 0x0000, 0x0000, 0x0000, 0x0000, 0x0000, 0x0000, 0x0000, 0x0000, 0x0000, 0x0000, 0x0000, 0x0000, 0x0000,   // 0x04F0 (1264) pixels
0x0000, 0x0000, 0x0000, 0x0000, 0x0000, 0x0000, 0x0000, 0x0000, 0x0000, 0x0000, 0x0000, 0x0000, 0x0000, 0x0000, 0x0000, 0x0000,   // 0x0500 (1280) pixels
0x0000, 0x0000, 0x0000, 0x0000, 0x0000, 0x0000, 0x0000, 0x0000, 0x0000, 0x0000, 0x0000, 0x0000, 0x0000, 0x0000, 0x0000, 0x0000,   // 0x0510 (1296) pixels
0x0000, 0x0000, 0x0000, 0x0000, 0x0000, 0x0000, 0x0000, 0x0000, 0x0000, 0x0000, 0x0000, 0x0000, 0x0000, 0x0000, 0x0000, 0x0000,   // 0x0520 (1312) pixels
0x0000, 0x0000, 0x0000, 0x0000, 0x0000, 0x0000, 0x0000, 0x0000, 0x0000, 0x0000, 0x0000, 0x0000, 0x0000, 0x0000, 0x0000, 0x0000,   // 0x0530 (1328) pixels
0x0000, 0x0000, 0x0000, 0x0000, 0x0000, 0x0000, 0x0000, 0x0000, 0x0000, 0x0000, 0x0000, 0x0000, 0x0000, 0x0000, 0x0000, 0x0000,   // 0x0540 (1344) pixels
0x0000, 0x0000, 0x0000, 0x0000, 0x0000, 0x0000, 0x0000, 0x0000, 0x0000, 0x0000, 0x0000, 0x0000, 0x0000, 0x0000, 0x0000, 0x0000,   // 0x0550 (1360) pixels
0x0000, 0x0000, 0x0000, 0x0000, 0x0000, 0x0000, 0x0000, 0x0000, 0x0000, 0x0000, 0x0000, 0x0000, 0x0000, 0x0000, 0x0000, 0x0000,   // 0x0560 (1376) pixels
0x0000, 0x0000, 0x0000, 0x0000, 0x0000, 0x0000, 0x0000, 0x0000, 0x0000, 0x0000, 0x0000, 0x0000, 0x0000, 0x0000, 0x0000, 0x0000,   // 0x0570 (1392) pixels
0x0000, 0x0000, 0x0000, 0x0000, 0x0000, 0x0000, 0x0000, 0x0000, 0x0000, 0x0000, 0x0000, 0x0000, 0x0000, 0x0000, 0x0000, 0x0000,   // 0x0580 (1408) pixels
0x0000, 0x0000, 0x0000, 0x0000, 0x0000, 0x0000, 0x0000, 0x0000, 0x0000, 0x0000, 0x0000, 0x0000, 0x0000, 0x0000, 0x0000, 0x0000,   // 0x0590 (1424) pixels
0x0000, 0x0000, 0x0000, 0x0000, 0x0000, 0x0000, 0x0000, 0x0000, 0x0000, 0x0000, 0x0000, 0x0000, 0x0000, 0x0000, 0x0000, 0x0000,   // 0x05A0 (1440) pixels
0x0000, 0x0000, 0x0000, 0x0000, 0x0000, 0x0000, 0x0000, 0x0000, 0x0000, 0x0000, 0x0000, 0x0000, 0x0000, 0x0000, 0x0000, 0x0000,   // 0x05B0 (1456) pixels
0x0000, 0x0000, 0x0000, 0x0000, 0x0000, 0x0000, 0x0000, 0x0000, 0x0000, 0x0000, 0x0000, 0x0000, 0x0000, 0x0000, 0x0000, 0x0000,   // 0x05C0 (1472) pixels
0x0000, 0x0000, 0x0000, 0x0000, 0x0000, 0x0000, 0x0000, 0x0000, 0x0000, 0x0000, 0x0000, 0x0000, 0x0000, 0x0000, 0x0000, 0x0000,   // 0x05D0 (1488) pixels
0x0000, 0x0000, 0x0000, 0x0000, 0x0000, 0x0000, 0x0000, 0x0000, 0x0000, 0x0000, 0x0000, 0x0000, 0x0000, 0x0000, 0x0000, 0x0000,   // 0x05E0 (1504) pixels
0x0000, 0x0000, 0x0000, 0x0000, 0x0000, 0x0000, 0x0000, 0x0000, 0x0000, 0x0000, 0x0000, 0x0000, 0x0000, 0x0000, 0x0000, 0x0000,   // 0x05F0 (1520) pixels
0x0000, 0x0000, 0x0000, 0x0000, 0x0000, 0x0000, 0x0000, 0x0000, 0x0000, 0x0000, 0x0000, 0x0000, 0x0000, 0x0000, 0x0000, 0x0000,   // 0x0600 (1536) pixels
0x0000, 0x0000, 0x0000, 0x0000, 0x0000, 0x0000, 0x0000, 0x0000, 0x0000, 0x0000, 0x0000, 0x0000, 0x0000, 0x0000, 0x0000, 0x0000,   // 0x0610 (1552) pixels
0x0000, 0x0000, 0x0000, 0x0000, 0x0000, 0x0000, 0x0000, 0x0000, 0x0000, 0x0000, 0x0000, 0x0000, 0x0000, 0x0000, 0x0000, 0x0000,   // 0x0620 (1568) pixels
0x0000, 0x0000, 0x0000, 0x0000, 0x0000, 0x0000, 0x0000, 0x0000, 0x0000, 0x0000, 0x0000, 0x0000, 0x0000, 0x0000, 0x0000, 0x0000,   // 0x0630 (1584) pixels
0x0000, 0x0000, 0x0000, 0x0000, 0x0000, 0x0000, 0x0000, 0x0000, 0x0000, 0x0000, 0x0000, 0x0000, 0x0000, 0x0000, 0x0000, 0x0000,   // 0x0640 (1600) pixels
0x0000, 0x0000, 0x0000, 0x0000, 0x0000, 0x0000, 0x0000, 0x0000, 0x0000, 0x0000, 0x0000, 0x0000, 0x0000, 0x0000, 0x0000, 0x0000,   // 0x0650 (1616) pixels
0x0000, 0x0000, 0x0000, 0x0000, 0x0000, 0x0000, 0x0000, 0x0000, 0x0000, 0x0000, 0x0000, 0x0000, 0x0000, 0x0000, 0x0000, 0x0000,   // 0x0660 (1632) pixels
0x0000, 0x0000, 0x0000, 0x0000, 0x0000, 0x0000, 0x0000, 0x0000, 0x0000, 0x0000, 0x0000, 0x0000, 0x0000, 0x0000, 0x0000, 0x0000,   // 0x0670 (1648) pixels
0x0000, 0x0000, 0x0000, 0x0000, 0x0000, 0x0000, 0x0000, 0x0000, 0x0000, 0x0000, 0x0000, 0x0000, 0x0000, 0x0000, 0x0000, 0x0000,   // 0x0680 (1664) pixels
0x0000, 0x0000, 0x0000, 0x0000, 0x0000, 0x0000, 0x0000, 0x0000, 0x0000, 0x0000, 0x0000, 0x0000, 0x0000, 0x0000, 0x0000, 0x0000,   // 0x0690 (1680) pixels
0x0000, 0x0000, 0x0000, 0x0000, 0x0000, 0x0000, 0x0000, 0x0000, 0x0000, 0x0000, 0x0000, 0x0000, 0x0000, 0x0000, 0x0000, 0x0000,   // 0x06A0 (1696) pixels
0x0000, 0x0000, 0x0000, 0x0000, 0x0000, 0x0000, 0x0000, 0x0000, 0x0000, 0x0000, 0x0000, 0x0000, 0x0000, 0x0000, 0x0000, 0x0000,   // 0x06B0 (1712) pixels
0x0000, 0x0000, 0x0000, 0x0000, 0x0000, 0x0000, 0x0000, 0x0000, 0x0000, 0x0000, 0x0000, 0x0000, 0x0000, 0x0000, 0x0000, 0x0000,   // 0x06C0 (1728) pixels
0x0000, 0x0000, 0x0000, 0x0000, 0x0000, 0x0000, 0x0000, 0x0000, 0x0000, 0x0000, 0x0000, 0x0000, 0x0000, 0x0000, 0x0000, 0x0000,   // 0x06D0 (1744) pixels
0x0000, 0x0000, 0x0000, 0x0000, 0x0000, 0x0000, 0x0000, 0x0000, 0x0000, 0x0000, 0x0000, 0x0000, 0x0000, 0x0000, 0x0000, 0x0000,   // 0x06E0 (1760) pixels
0x0000, 0x0000, 0x0000, 0x0000, 0x0000, 0x0000, 0x0000, 0x0000, 0x0000, 0x0000, 0x0000, 0x0000, 0x0000, 0x0000, 0x0000, 0x0000,   // 0x06F0 (1776) pixels
0x0000, 0x0000, 0x0000, 0x0000, 0x0000, 0x0000, 0x0000, 0x0000, 0x0000, 0x0000, 0x0000, 0x0000, 0x0000, 0x0000, 0x0000, 0x0000,   // 0x0700 (1792) pixels
0x0000, 0x0000, 0x0000, 0x0000, 0x0000, 0x0000, 0x0000, 0x0000, 0x0000, 0x0000, 0x0000, 0x0000, 0x0000, 0x0000, 0x0000, 0x0000,   // 0x0710 (1808) pixels
0x0000, 0x0000, 0x0000, 0x0000, 0x0000, 0x0000, 0x0000, 0x0000, 0x0000, 0x0000, 0x0000, 0x0000, 0x0000, 0x0000, 0x0000, 0x0000,   // 0x0720 (1824) pixels
0x0000, 0x0000, 0x0000, 0x0000, 0x0000, 0x0000, 0x0000, 0x0000, 0x0000, 0x0000, 0x0000, 0x0000, 0x0000, 0x0000, 0x0000, 0x0000,   // 0x0730 (1840) pixels
0x0000, 0x0000, 0x0000, 0x0000, 0x0000, 0x0000, 0x0000, 0x0000, 0x0000, 0x0000, 0x0000, 0x0000, 0x0000, 0x0000, 0x0000, 0x0000,   // 0x0740 (1856) pixels
0x0000, 0x0000, 0x0000, 0x0000, 0x0000, 0x0000, 0x0000, 0x0000, 0x0000, 0x0000, 0x0000, 0x0000, 0x0000, 0x0000, 0x0000, 0x0000,   // 0x0750 (1872) pixels
0x0000, 0x0000, 0x0000, 0x0000, 0x0000, 0x0000, 0x0000, 0x0000, 0x0000, 0x0000, 0x0000, 0x0000, 0x0000, 0x0000, 0x0000, 0x0000,   // 0x0760 (1888) pixels
0x0000, 0x0000, 0x0000, 0x0000, 0x0000, 0x0000, 0x0000, 0x0000, 0x0000, 0x0000, 0x0000, 0x0000, 0x0000, 0x0000, 0x0000, 0x0000,   // 0x0770 (1904) pixels
0x0000, 0x0000, 0x0000, 0x0000, 0x0000, 0x0000, 0x0000, 0x0000, 0x0000, 0x0000, 0x0000, 0x0000, 0x0000, 0x0000, 0x0000, 0x0000,   // 0x0780 (1920) pixels
0x0000, 0x0000, 0x0000, 0x0000, 0x0000, 0x0000, 0x0000, 0x0000, 0x0000, 0x0000, 0x0000, 0x0000, 0x0000, 0x0000, 0x0000, 0x0000,   // 0x0790 (1936) pixels
0x0000, 0x0000, 0x0000, 0x0000, 0x0000, 0x0000, 0x0000, 0x0000, 0x0000, 0x0000, 0x0000, 0x0000, 0x0000, 0x0000, 0x0000, 0x0000,   // 0x07A0 (1952) pixels
0x0000, 0x0000, 0x0000, 0x0000, 0x0000, 0x0000, 0x0000, 0x0000, 0x0000, 0x0000, 0x0000, 0x0000, 0x0000, 0x0000, 0x0000, 0x0000,   // 0x07B0 (1968) pixels
0x0000, 0x0000, 0x0000, 0x0000, 0x0000, 0x0000, 0x0000, 0x0000, 0x0000, 0x0000, 0x0000, 0x0000, 0x0000, 0x0000, 0x0000, 0x0000,   // 0x07C0 (1984) pixels
0x0000, 0x0000, 0x0000, 0x0000, 0x0000, 0x0000, 0x0000, 0x0000, 0x0000, 0x0000, 0x0000, 0x0000, 0x0000, 0x0000, 0x0000, 0x0000,   // 0x07D0 (2000) pixels
0x0000, 0x0000, 0x0000, 0x0000, 0x0000, 0x0000, 0x0000, 0x0000, 0x0000, 0x0000, 0x0000, 0x0000, 0x0000, 0x0000, 0x0000, 0x0000,   // 0x07E0 (2016) pixels
0x0000, 0x0000, 0x0000, 0x0000, 0x0000, 0x0000, 0x0000, 0x0000, 0x0000, 0x0000, 0x0000, 0x0000, 0x0000, 0x0000, 0x0000, 0x0000,   // 0x07F0 (2032) pixels
0x0000, 0x0000, 0x0000, 0x0000, 0x0000, 0x0000, 0x0000, 0x0000, 0x0000, 0x0000, 0x0000, 0x0000, 0x0000, 0x0000, 0x0000, 0x0000,   // 0x0800 (2048) pixels
0x0000, 0x0000, 0x0000, 0x0000, 0x0000, 0x0000, 0x0000, 0x0000, 0x0000, 0x0000, 0x0000, 0x0000, 0x0000, 0x0000, 0x0000, 0x0000,   // 0x0810 (2064) pixels
0x0000, 0x0000, 0x0000, 0x0000, 0x0000, 0x0000, 0x0000, 0x0000, 0x0000, 0x0000, 0x0000, 0x0000, 0x0000, 0x0000, 0x0000, 0x0000,   // 0x0820 (2080) pixels
0x0000, 0x0000, 0x0000, 0x0000, 0x0000, 0x0000, 0x0000, 0x0000, 0x0000, 0x0000, 0x0000, 0x0000, 0x0000, 0x0000, 0x0000, 0x0000,   // 0x0830 (2096) pixels
0x0000, 0x0000, 0x0000, 0x0000, 0x0000, 0x0000, 0x0000, 0x0000, 0x0000, 0x0000, 0x0000, 0x0000, 0x0000, 0x0000, 0x0000, 0x0000,   // 0x0840 (2112) pixels
0x0000, 0x0000, 0x0000, 0x0000, 0x0000, 0x0000, 0x0000, 0x0000, 0x0000, 0x0000, 0x0000, 0x0000, 0x0000, 0x0000, 0x0000, 0x0000,   // 0x0850 (2128) pixels
0x0000, 0x0000, 0x0000, 0x0000, 0x0000, 0x0000, 0x0000, 0x0000, 0x0000, 0x0000, 0x0000, 0x0000, 0x0000, 0x0000, 0x0000, 0x0000,   // 0x0860 (2144) pixels
0x0000, 0x0000, 0x0000, 0x0000, 0x0000, 0x0000, 0x0000, 0x0000, 0x0000, 0x0000, 0x0000, 0x0000, 0x0000, 0x0000, 0x0000, 0x0000,   // 0x0870 (2160) pixels
0x0000, 0x0000, 0x0000, 0x0000, 0x0000, 0x0000, 0x0000, 0x0000, 0x0000, 0x0000, 0x0000, 0x0000, 0x0000, 0x0000, 0x0000, 0x0000,   // 0x0880 (2176) pixels
0x0000, 0x0000, 0x0000, 0x0000, 0x0000, 0x0000, 0x0000, 0x0000, 0x0000, 0x0000, 0x0000, 0x0000, 0x0000, 0x0000, 0x0000, 0x0000,   // 0x0890 (2192) pixels
0x0000, 0x0000, 0x0000, 0x0000, 0x0000, 0x0000, 0x0000, 0x0000, 0x0000, 0x0000, 0x0000, 0x0000, 0x0000, 0x0000, 0x0000, 0x0000,   // 0x08A0 (2208) pixels
0x0000, 0x0000, 0x0000, 0x0000, 0x0000, 0x0000, 0x0000, 0x0000, 0x0000, 0x0000, 0x0000, 0x0000, 0x0000, 0x0000, 0x0000, 0x0000,   // 0x08B0 (2224) pixels
0x0000, 0x0000, 0x0000, 0x0000, 0x0000, 0x0000, 0x0000, 0x0000, 0x0000, 0x0000, 0x0000, 0x0000, 0x0000, 0x0000, 0x0000, 0x0000,   // 0x08C0 (2240) pixels
0x0000, 0x0000, 0x0000, 0x0000, 0x0000, 0x0000, 0x0000, 0x0000, 0x0000, 0x0000, 0x0000, 0x0000, 0x0000, 0x0000, 0x0000, 0x0000,   // 0x08D0 (2256) pixels
0x0000, 0x0000, 0x0000, 0x0000, 0x0000, 0x0000, 0x0000, 0x0000, 0x0000, 0x0000, 0x0000, 0x0000, 0x0000, 0x0000, 0x0000, 0x0000,   // 0x08E0 (2272) pixels
0x0000, 0x0000, 0x0000, 0x0000, 0x0000, 0x0000, 0x0000, 0x0000, 0x0000, 0x0000, 0x0000, 0x0000, 0x0000, 0x0000, 0x0000, 0x0000,   // 0x08F0 (2288) pixels
0x0000, 0x0000, 0x0000, 0x0000, 0x0000, 0x0000, 0x0000, 0x0000, 0x0000, 0x0000, 0x0000, 0x0000, 0x0000, 0x0000, 0x0000, 0x0000,   // 0x0900 (2304) pixels
0x0000, 0x0000, 0x0000, 0x0000, 0x0000, 0x0000, 0x0000, 0x0000, 0x0000, 0x0000, 0x0000, 0x0000, 0x0000, 0x0000, 0x0000, 0x0000,   // 0x0910 (2320) pixels
0x0000, 0x0000, 0x0000, 0x0000, 0x0000, 0x0000, 0x0000, 0x0000, 0x0000, 0x0000, 0x0000, 0x0000, 0x0000, 0x0000, 0x0000, 0x0000,   // 0x0920 (2336) pixels
0x0000, 0x0000, 0x0000, 0x0000, 0x0000, 0x0000, 0x0000, 0x0000, 0x0000, 0x0000, 0x0000, 0x0000, 0x0000, 0x0000, 0x0000, 0x0000,   // 0x0930 (2352) pixels
0x0000, 0x0000, 0x0000, 0x0000, 0x0000, 0x0000, 0x0000, 0x0000, 0x0000, 0x0000, 0x0000, 0x0000, 0x0000, 0x0000, 0x0000, 0x0000,   // 0x0940 (2368) pixels
0x0000, 0x0000, 0x0000, 0x0000, 0x0000, 0x0000, 0x0000, 0x0000, 0x0000, 0x0000, 0x0000, 0x0000, 0x0000, 0x0000, 0x0000, 0x0000,   // 0x0950 (2384) pixels
0x0000, 0x0000, 0x0000, 0x0000, 0x0000, 0x0000, 0x0000, 0x0000, 0x0000, 0x0000, 0x0000, 0x0000, 0x0000, 0x0000, 0x0000, 0x0000,   // 0x0960 (2400) pixels
0x0000, 0x0000, 0x0000, 0x0000, 0x0000, 0x0000, 0x0000, 0x0000, 0x0000, 0x0000, 0x0000, 0x0000, 0x0000, 0x0000, 0x0000, 0x0000,   // 0x0970 (2416) pixels
0x0000, 0x0000, 0x0000, 0x0000, 0x0000, 0x0000, 0x0000, 0x0000, 0x0000, 0x0000, 0x0000, 0x0000, 0x0000, 0x0000, 0x0000, 0x0000,   // 0x0980 (2432) pixels
0x0000, 0x0000, 0x0000, 0x0000, 0x0000, 0x0000, 0x0000, 0x0000, 0x0000, 0x0000, 0x0000, 0x0000, 0x0000, 0x0000, 0x0000, 0x0000,   // 0x0990 (2448) pixels
0x0000, 0x0000, 0x0000, 0x0000, 0x0000, 0x0000, 0x0000, 0x0000, 0x0000, 0x0000, 0x0000, 0x0000, 0x0000, 0x0000, 0x0000, 0x0000,   // 0x09A0 (2464) pixels
0x0000, 0x0000, 0x0000, 0x0000, 0x0000, 0x0000, 0x0000, 0x0000, 0x0000, 0x0000, 0x0000, 0x0000, 0x0000, 0x0000, 0x0000, 0x0000,   // 0x09B0 (2480) pixels
0x0000, 0x0000, 0x0000, 0x0000, 0x0000, 0x0000, 0x0000, 0x0000, 0x0000, 0x0000, 0x0000, 0x0000, 0x0000, 0x0000, 0x0000, 0x0000,   // 0x09C0 (2496) pixels
0x0000, 0x0000, 0x0000, 0x0000, 0x0000, 0x0000, 0x0000, 0x0000, 0x0000, 0x0000, 0x0000, 0x0000, 0x0000, 0x0000, 0x0000, 0x0000,   // 0x09D0 (2512) pixels
0x0000, 0x0000, 0x0000, 0x0000, 0x0000, 0x0000, 0x0000, 0x0000, 0x0000, 0x0000, 0x0000, 0x0000, 0x0000, 0x0000, 0x0000, 0x0000,   // 0x09E0 (2528) pixels
0x0000, 0x0000, 0x0000, 0x0000, 0x0000, 0x0000, 0x0000, 0x0000, 0x0000, 0x0000, 0x0000, 0x0000, 0x0000, 0x0000, 0x0000, 0x0000,   // 0x09F0 (2544) pixels
0x0000, 0x0000, 0x0000, 0x0000, 0x0000, 0x0000, 0x0000, 0x0000, 0x0000, 0x0000, 0x0000, 0x0000, 0x0000, 0x0000, 0x0000, 0x0000,   // 0x0A00 (2560) pixels
0x0000, 0x0000, 0x0000, 0x0000, 0x0000, 0x0000, 0x0000, 0x0000, 0x0000, 0x0000, 0x0000, 0x0000, 0x0000, 0x0000, 0x0000, 0x0000,   // 0x0A10 (2576) pixels
0x0000, 0x0000, 0x0000, 0x0000, 0x0000, 0x0000, 0x0000, 0x0000, 0x0000, 0x0000, 0x0000, 0x0000, 0x0000, 0x0000, 0x0000, 0x0000,   // 0x0A20 (2592) pixels
0x0000, 0x0000, 0x0000, 0x0000, 0x0000, 0x0000, 0x0000, 0x0000, 0x0000, 0x0000, 0x0000, 0x0000, 0x0000, 0x0000, 0x0000, 0x0000,   // 0x0A30 (2608) pixels
0x0000, 0x0000, 0x0000, 0x0000, 0x0000, 0x0000, 0x0000, 0x0000, 0x0000, 0x0000, 0x0000, 0x0000, 0x0000, 0x0000, 0x0000, 0x0000,   // 0x0A40 (2624) pixels
0x0000, 0x0000, 0x0000, 0x0000, 0x0000, 0x0000, 0x0000, 0x0000, 0x0000, 0x0000, 0x0000, 0x0000, 0x0000, 0x0000, 0x0000, 0x0000,   // 0x0A50 (2640) pixels
0x0000, 0x0000, 0x0000, 0x0000, 0x0000, 0x0000, 0x0000, 0x0000, 0x0000, 0x0000, 0x0000, 0x0000, 0x0000, 0x0000, 0x0000, 0x0000,   // 0x0A60 (2656) pixels
0x0000, 0x0000, 0x0000, 0x0000, 0x0000, 0x0000, 0x0000, 0x0000, 0x0000, 0x0000, 0x0000, 0x0000, 0x0000, 0x0000, 0x0000, 0x0000,   // 0x0A70 (2672) pixels
0x0000, 0x0000, 0x0000, 0x0000, 0x0000, 0x0000, 0x0000, 0x0000, 0x0000, 0x0000, 0x0000, 0x0000, 0x0000, 0x0000, 0x0000, 0x0000,   // 0x0A80 (2688) pixels
0x0000, 0x0000, 0x0000, 0x0000, 0x0000, 0x0000, 0x0000, 0x0000, 0x0000, 0x0000, 0x0000, 0x0000, 0x0000, 0x0000, 0x0000, 0x0000,   // 0x0A90 (2704) pixels
0x0000, 0x0000, 0x0000, 0x0000, 0x0000, 0x0000, 0x0000, 0x0000, 0x0000, 0x0000, 0x0000, 0x0000, 0x0000, 0x0000, 0x0000, 0x0000,   // 0x0AA0 (2720) pixels
0x0000, 0x0000, 0x0000, 0x0000, 0x0000, 0x0000, 0x0000, 0x0000, 0x0000, 0x0000, 0x0000, 0x0000, 0x0000, 0x0000, 0x0000, 0x0000,   // 0x0AB0 (2736) pixels
0x0000, 0x0000, 0x0000, 0x0000, 0x0000, 0x0000, 0x0000, 0x0000, 0x0000, 0x0000, 0x0000, 0x0000, 0x0000, 0x0000, 0x0000, 0x0000,   // 0x0AC0 (2752) pixels
0x0000, 0x0000, 0x0000, 0x0000, 0x0000, 0x0000, 0x0000, 0x0000, 0x0000, 0x0000, 0x0000, 0x0000, 0x0000, 0x0000, 0x0000, 0x0000,   // 0x0AD0 (2768) pixels
0x0000, 0x0000, 0x0000, 0x0000, 0x0000, 0x0000, 0x0000, 0x0000, 0x0000, 0x0000, 0x0000, 0x0000, 0x0000, 0x0000, 0x0000, 0x0000,   // 0x0AE0 (2784) pixels
0x0000, 0x0000, 0x0000, 0x0000, 0x0000, 0x0000, 0x0000, 0x0000, 0x0000, 0x0000, 0x0000, 0x0000, 0x0000, 0x0000, 0x0000, 0x0000,   // 0x0AF0 (2800) pixels
0x0000, 0x0000, 0x0000, 0x0000, 0x0000, 0x0000, 0x0000, 0x0000, 0x0000, 0x0000, 0x0000, 0x0000, 0x0000, 0x0000, 0x0000, 0x0000,   // 0x0B00 (2816) pixels
0x0000, 0x0000, 0x0000, 0x0000, 0x0000, 0x0000, 0x0000, 0x0000, 0x0000, 0x0000, 0x0000, 0x0000, 0x0000, 0x0000, 0x0000, 0x0000,   // 0x0B10 (2832) pixels
0x0000, 0x0000, 0x0000, 0x0000, 0x0000, 0x0000, 0x0000, 0x0000, 0x0000, 0x0000, 0x0000, 0x0000, 0x0000, 0x0000, 0x0000, 0x0000,   // 0x0B20 (2848) pixels
0x0000, 0x0000, 0x0000, 0x0000, 0x0000, 0x0000, 0x0000, 0x0000, 0x0000, 0x0000, 0x0000, 0x0000, 0x0000, 0x0000, 0x0000, 0x0000,   // 0x0B30 (2864) pixels
0x0000, 0x0000, 0x0000, 0x0000, 0x0000, 0x0000, 0x0000, 0x0000, 0x0000, 0x0000, 0x0000, 0x0000, 0x0000, 0x0000, 0x0000, 0x0000,   // 0x0B40 (2880) pixels
0x0000, 0x0000, 0x0000, 0x0000, 0x0000, 0x0000, 0x0000, 0x0000, 0x0000, 0x0000, 0x0000, 0x0000, 0x0000, 0x0000, 0x0000, 0x0000,   // 0x0B50 (2896) pixels
0x0000, 0x0000, 0x0000, 0x0000, 0x0000, 0x0000, 0x0000, 0x0000, 0x0000, 0x0000, 0x0000, 0x0000, 0x0000, 0x0000, 0x0000, 0x0000,   // 0x0B60 (2912) pixels
0x0000, 0x0000, 0x0000, 0x0000, 0x0000, 0x0000, 0x0000, 0x0000, 0x0000, 0x0000, 0x0000, 0x0000, 0x0000, 0x0000, 0x0000, 0x0000,   // 0x0B70 (2928) pixels
0x0000, 0x0000, 0x0000, 0x0000, 0x0000, 0x0000, 0x0000, 0x0000, 0x0000, 0x0000, 0x0000, 0x0000, 0x0000, 0x0000, 0x0000, 0x0000,   // 0x0B80 (2944) pixels
0x0000, 0x0000, 0x0000, 0x0000, 0x0000, 0x0000, 0x0000, 0x0000, 0x0000, 0x0000, 0x0000, 0x0000, 0x0000, 0x0000, 0x0000, 0x0000,   // 0x0B90 (2960) pixels
0x0000, 0x0000, 0x0000, 0x0000, 0x0000, 0x0000, 0x0000, 0x0000, 0x0000, 0x0000, 0x0000, 0x0000, 0x0000, 0x0000, 0x0000, 0x0000,   // 0x0BA0 (2976) pixels
0x0000, 0x0000, 0x0000, 0x0000, 0x0000, 0x0000, 0x0000, 0x0000, 0x0000, 0x0000, 0x0000, 0x0000, 0x0000, 0x0000, 0x0000, 0x0000,   // 0x0BB0 (2992) pixels
0x0000, 0x0000, 0x0000, 0x0000, 0x0000, 0x0000, 0x0000, 0x0000, 0x0000, 0x0000, 0x0000, 0x0000, 0x0000, 0x0000, 0x0000, 0x0000,   // 0x0BC0 (3008) pixels
0x0000, 0x0000, 0x0000, 0x0000, 0x0000, 0x0000, 0x0000, 0x0000, 0x0000, 0x0000, 0x0000, 0x0000, 0x0000, 0x0000, 0x0000, 0x0000,   // 0x0BD0 (3024) pixels
0x0000, 0x0000, 0x0000, 0x0000, 0x0000, 0x0000, 0x0000, 0x0000, 0x0000, 0x0000, 0x0000, 0x0000, 0x0000, 0x0000, 0x0000, 0x0000,   // 0x0BE0 (3040) pixels
0x0000, 0x0000, 0x0000, 0x0000, 0x0000, 0x0000, 0x0000, 0x0000, 0x0000, 0x0000, 0x0000, 0x0000, 0x0000, 0x0000, 0x0000, 0x0000,   // 0x0BF0 (3056) pixels
0x0000, 0x0000, 0x0000, 0x0000, 0x0000, 0x0000, 0x0000, 0x0000, 0x0000, 0x0000, 0x0000, 0x0000, 0x0000, 0x0000, 0x0000, 0x0000,   // 0x0C00 (3072) pixels
0x0000, 0x0000, 0x0000, 0x0000, 0x0000, 0x0000, 0x0000, 0x0000, 0x0000, 0x0000, 0x0000, 0x0000, 0x0000, 0x0000, 0x0000, 0x0000,   // 0x0C10 (3088) pixels
0x0000, 0x0000, 0x0000, 0x0000, 0x0000, 0x0000, 0x0000, 0x0000, 0x0000, 0x0000, 0x0000, 0x0000, 0x0000, 0x0000, 0x0000, 0x0000,   // 0x0C20 (3104) pixels
0x0000, 0x0000, 0x0000, 0x0000, 0x0000, 0x0000, 0x0000, 0x0000, 0x0841, 0x0000, 0x0000, 0x0000, 0x0000, 0x0000, 0x0000, 0x0000,   // 0x0C30 (3120) pixels
0x0000, 0x0000, 0x0000, 0x0000, 0x0000, 0x0000, 0x0000, 0x0000, 0x0000, 0x0000, 0x0000, 0x0000, 0x0000, 0x0000, 0x0000, 0x0000,   // 0x0C40 (3136) pixels
0x0000, 0x0000, 0x0000, 0x0000, 0x0000, 0x0000, 0x0000, 0x0000, 0x0821, 0x0000, 0x0000, 0x0000, 0x0000, 0x0000, 0x0000, 0x0000,   // 0x0C50 (3152) pixels
0x0000, 0x0000, 0x0000, 0x0000, 0x0000, 0x0000, 0x0000, 0x0000, 0x0000, 0x0000, 0x0000, 0x0000, 0x0000, 0x0000, 0x0000, 0x0000,   // 0x0C60 (3168) pixels
0x0001, 0x0000, 0x0800, 0x0000, 0x0021, 0x0001, 0x0000, 0x0800, 0x0000, 0x0000, 0x0000, 0x0021, 0x0000, 0x0000, 0x0000, 0x0000,   // 0x0C70 (3184) pixels
0x0000, 0x0000, 0x0000, 0x0000, 0x0000, 0x0000, 0x0000, 0x0000, 0x0000, 0x0000, 0x0000, 0x0000, 0x0000, 0x0000, 0x0000, 0x0000,   // 0x0C80 (3200) pixels
0x0000, 0x0000, 0x0000, 0x0000, 0x0000, 0x0000, 0x0000, 0x0000, 0x0000, 0x0000, 0x0000, 0x0000, 0x0000, 0x0000, 0x0000, 0x0000,   // 0x0C90 (3216) pixels
0x0000, 0x0000, 0x0000, 0x0000, 0x0000, 0x0000, 0x0000, 0x0000, 0x0000, 0x0000, 0x0000, 0x0000, 0x0000, 0x0000, 0x0000, 0x0000,   // 0x0CA0 (3232) pixels
0x0000, 0x0000, 0x0000, 0x0000, 0x0000, 0x0000, 0x0000, 0x0000, 0x0000, 0x0000, 0x0000, 0x0000, 0x0000, 0x0000, 0x0000, 0x0000,   // 0x0CB0 (3248) pixels
0x0000, 0x0000, 0x0000, 0x0000, 0x0000, 0x0000, 0x0000, 0x0000, 0x0000, 0x0000, 0x0000, 0x0000, 0x0000, 0x0000, 0x0000, 0x0000,   // 0x0CC0 (3264) pixels
0x0000, 0x0000, 0x0000, 0x0000, 0x0000, 0x0000, 0x0000, 0x0000, 0x0000, 0x0000, 0x0000, 0x0000, 0x0000, 0x0000, 0x0000, 0x0000,   // 0x0CD0 (3280) pixels
0x0000, 0x0000, 0x0000, 0x0000, 0x0000, 0x0000, 0x0000, 0x0000, 0x0000, 0x0000, 0x0000, 0x0000, 0x0000, 0x0000, 0x0000, 0x0000,   // 0x0CE0 (3296) pixels
0x0000, 0x0000, 0x0000, 0x0000, 0x0000, 0x0000, 0x0000, 0x0000, 0x0000, 0x0000, 0x0000, 0x0000, 0x0000, 0x0000, 0x0000, 0x0000,   // 0x0CF0 (3312) pixels
0x0000, 0x0000, 0x0000, 0x0000, 0x0000, 0x0000, 0x0000, 0x0000, 0x0000, 0x0000, 0x0000, 0x0000, 0x0000, 0x0000, 0x0000, 0x0000,   // 0x0D00 (3328) pixels
0x0000, 0x0000, 0x0000, 0x0000, 0x0000, 0x0000, 0x0000, 0x0000, 0x0000, 0x0020, 0x0000, 0x0000, 0x0000, 0x0000, 0x0000, 0x0000,   // 0x0D10 (3344) pixels
0x0000, 0x0000, 0x0000, 0x0000, 0x0000, 0x0000, 0x0000, 0x0000, 0x0000, 0x0000, 0x0000, 0x0000, 0x0000, 0x0000, 0x0000, 0x0800,   // 0x0D20 (3360) pixels
0x0800, 0x0000, 0x0021, 0x0000, 0x0000, 0x0800, 0x0000, 0x0000, 0x0000, 0x0000, 0x0000, 0x0000, 0x0000, 0x0000, 0x0000, 0x0000,   // 0x0D30 (3376) pixels
0x0000, 0x0000, 0x0000, 0x0000, 0x0000, 0x0000, 0x0000, 0x0000, 0x0000, 0x0000, 0x0000, 0x0000, 0x0000, 0x0000, 0x0000, 0x0000,   // 0x0D40 (3392) pixels
0x0000, 0x0000, 0x0000, 0x0000, 0x0000, 0x0000, 0x0000, 0x0000, 0x0000, 0x0000, 0x0000, 0x0000, 0x0000, 0x0000, 0x0000, 0x0000,   // 0x0D50 (3408) pixels
0x0000, 0x0000, 0x0000, 0x0000, 0x0000, 0x0000, 0x0000, 0x0000, 0x0000, 0x0000, 0x0000, 0x0000, 0x0000, 0x0000, 0x0000, 0x0000,   // 0x0D60 (3424) pixels
0x0000, 0x0000, 0x0000, 0x0000, 0x0000, 0x0000, 0x0000, 0x0000, 0x0000, 0x0000, 0x0000, 0x0000, 0x0000, 0x0000, 0x0000, 0x0000,   // 0x0D70 (3440) pixels
0x0000, 0x0000, 0x0000, 0x0000, 0x0000, 0x0000, 0x0000, 0x0000, 0x0000, 0x0000, 0x0000, 0x0000, 0x0000, 0x0000, 0x0000, 0x0000,   // 0x0D80 (3456) pixels
0x0000, 0x0000, 0x0000, 0x0000, 0x0000, 0x0000, 0x0000, 0x0000, 0x0000, 0x0000, 0x0000, 0x0000, 0x0000, 0x0000, 0x0000, 0x0000,   // 0x0D90 (3472) pixels
0x0000, 0x0000, 0x0000, 0x0000, 0x0000, 0x0000, 0x0000, 0x0000, 0x0000, 0x0000, 0x0000, 0x0000, 0x0000, 0x0000, 0x0000, 0x0000,   // 0x0DA0 (3488) pixels
0x0000, 0x0000, 0x0000, 0x0000, 0x0000, 0x0000, 0x0000, 0x0000, 0x0000, 0x0000, 0x0000, 0x0000, 0x0000, 0x0000, 0x0000, 0x0000,   // 0x0DB0 (3504) pixels
0x0000, 0x0000, 0x0000, 0x0020, 0x0000, 0x0000, 0x0000, 0x0000, 0x0000, 0x0000, 0x0000, 0x0000, 0x0000, 0x0000, 0x0000, 0x0000,   // 0x0DC0 (3520) pixels
0x0000, 0x0000, 0x0000, 0x0000, 0x0020, 0x0000, 0x0000, 0x0001, 0x0000, 0x0000, 0x0000, 0x0020, 0x0000, 0x0000, 0x0000, 0x0000,   // 0x0DD0 (3536) pixels
0x0000, 0x0000, 0x0000, 0x0000, 0x0000, 0x0000, 0x0000, 0x0000, 0x0000, 0x0000, 0x0000, 0x0000, 0x0000, 0x0800, 0x0000, 0x0000,   // 0x0DE0 (3552) pixels
0x08E4, 0x0904, 0x08A3, 0x0000, 0x0000, 0x0020, 0x0000, 0x0000, 0x0000, 0x0000, 0x0000, 0x0000, 0x0000, 0x0000, 0x0000, 0x0000,   // 0x0DF0 (3568) pixels
0x0000, 0x0000, 0x0000, 0x0000, 0x0000, 0x0000, 0x0000, 0x0000, 0x0000, 0x0000, 0x0000, 0x0000, 0x0000, 0x0000, 0x0000, 0x0000,   // 0x0E00 (3584) pixels
0x0000, 0x0000, 0x0000, 0x0000, 0x0000, 0x0000, 0x0000, 0x0000, 0x0000, 0x0000, 0x0000, 0x0000, 0x0000, 0x0000, 0x0000, 0x0000,   // 0x0E10 (3600) pixels
0x0000, 0x0000, 0x0000, 0x0000, 0x0000, 0x0000, 0x0000, 0x0000, 0x0000, 0x0000, 0x0000, 0x0000, 0x0000, 0x0000, 0x0000, 0x0000,   // 0x0E20 (3616) pixels
0x0000, 0x0000, 0x0000, 0x0000, 0x0000, 0x0000, 0x0000, 0x0000, 0x0000, 0x0000, 0x0000, 0x0000, 0x0000, 0x0000, 0x0000, 0x0000,   // 0x0E30 (3632) pixels
0x0000, 0x0000, 0x0000, 0x0000, 0x0000, 0x0000, 0x0000, 0x0000, 0x0000, 0x0000, 0x0000, 0x0000, 0x0000, 0x0000, 0x0000, 0x0000,   // 0x0E40 (3648) pixels
0x0000, 0x0000, 0x0000, 0x0000, 0x0000, 0x0000, 0x0000, 0x0000, 0x0000, 0x0000, 0x0000, 0x0000, 0x0000, 0x0000, 0x0000, 0x0000,   // 0x0E50 (3664) pixels
0x0000, 0x0000, 0x0000, 0x0000, 0x0000, 0x0000, 0x0000, 0x0000, 0x0000, 0x0000, 0x0000, 0x0000, 0x0000, 0x0000, 0x0000, 0x0000,   // 0x0E60 (3680) pixels
0x0000, 0x0000, 0x0000, 0x0000, 0x0000, 0x0000, 0x0000, 0x0000, 0x0000, 0x0000, 0x0000, 0x0000, 0x0000, 0x0000, 0x0000, 0x0000,   // 0x0E70 (3696) pixels
0x0000, 0x0000, 0x0000, 0x0000, 0x0000, 0x0000, 0x0000, 0x0000, 0x0000, 0x0000, 0x0000, 0x0000, 0x0000, 0x0000, 0x0000, 0x0000,   // 0x0E80 (3712) pixels
0x0000, 0x0000, 0x0000, 0x0000, 0x0000, 0x0800, 0x0800, 0x0800, 0x0000, 0x0000, 0x0000, 0x0000, 0x0000, 0x0000, 0x0000, 0x0000,   // 0x0E90 (3728) pixels
0x0000, 0x0000, 0x0000, 0x0000, 0x0000, 0x0000, 0x0000, 0x0000, 0x0000, 0x0000, 0x0020, 0x0000, 0x0042, 0x324B, 0x6432, 0x6494,   // 0x0EA0 (3744) pixels
0x5390, 0x08E6, 0x0020, 0x0000, 0x0020, 0x0000, 0x0000, 0x0000, 0x0000, 0x0000, 0x0000, 0x0000, 0x0000, 0x0000, 0x0000, 0x0000,   // 0x0EB0 (3760) pixels
0x0000, 0x0000, 0x0000, 0x0000, 0x0000, 0x0000, 0x0000, 0x0000, 0x0000, 0x0000, 0x0000, 0x0000, 0x0000, 0x0000, 0x0000, 0x0000,   // 0x0EC0 (3776) pixels
0x0000, 0x0000, 0x0000, 0x0000, 0x0000, 0x0000, 0x0000, 0x0000, 0x0000, 0x0000, 0x0000, 0x0000, 0x0000, 0x0000, 0x0000, 0x0000,   // 0x0ED0 (3792) pixels
0x0000, 0x0000, 0x0000, 0x0000, 0x0000, 0x0000, 0x0000, 0x0000, 0x0000, 0x0000, 0x0000, 0x0000, 0x0000, 0x0000, 0x0000, 0x0000,   // 0x0EE0 (3808) pixels
0x0000, 0x0000, 0x0000, 0x0000, 0x0000, 0x0000, 0x0000, 0x0000, 0x0000, 0x0000, 0x0000, 0x0000, 0x0000, 0x0000, 0x0000, 0x0000,   // 0x0EF0 (3824) pixels
0x0000, 0x0000, 0x0000, 0x0000, 0x0000, 0x0000, 0x0000, 0x0000, 0x0000, 0x0000, 0x0000, 0x0000, 0x0000, 0x0000, 0x0000, 0x0000,   // 0x0F00 (3840) pixels
0x0000, 0x0000, 0x0000, 0x0000, 0x0000, 0x0000, 0x0000, 0x0000, 0x0000, 0x0000, 0x0000, 0x0000, 0x0000, 0x0000, 0x0000, 0x0000,   // 0x0F10 (3856) pixels
0x0000, 0x0000, 0x0000, 0x0000, 0x0000, 0x0000, 0x0000, 0x0000, 0x0000, 0x0000, 0x0000, 0x0000, 0x0000, 0x0000, 0x0000, 0x0000,   // 0x0F20 (3872) pixels
0x0000, 0x0000, 0x0000, 0x0000, 0x0000, 0x0020, 0x0000, 0x0000, 0x0000, 0x0000, 0x0000, 0x0000, 0x0020, 0x0000, 0x0000, 0x0000,   // 0x0F30 (3888) pixels
0x0000, 0x0000, 0x0000, 0x0000, 0x0000, 0x0000, 0x0000, 0x0000, 0x0000, 0x0000, 0x0000, 0x0000, 0x0000, 0x0000, 0x0000, 0x0000,   // 0x0F40 (3904) pixels
0x0000, 0x0000, 0x0000, 0x0000, 0x0000, 0x0000, 0x0000, 0x0000, 0x0000, 0x0000, 0x0000, 0x0000, 0x0000, 0x0000, 0x0000, 0x0000,   // 0x0F50 (3920) pixels
0x0000, 0x0000, 0x0000, 0x0000, 0x0000, 0x0000, 0x0000, 0x0000, 0x0000, 0x2146, 0x5350, 0x7D38, 0x7559, 0x5496, 0x6CD7, 0x5BD3,   // 0x0F60 (3936) pixels
0x1925, 0x0000, 0x0000, 0x0000, 0x0000, 0x0000, 0x0000, 0x0000, 0x0000, 0x0000, 0x0000, 0x0000, 0x0000, 0x0000, 0x0000, 0x0000,   // 0x0F70 (3952) pixels
0x0000, 0x0000, 0x0000, 0x0000, 0x0000, 0x0000, 0x0000, 0x0000, 0x0000, 0x0000, 0x0000, 0x0000, 0x0000, 0x0000, 0x0000, 0x0000,   // 0x0F80 (3968) pixels
0x0000, 0x0000, 0x0000, 0x0000, 0x0000, 0x0000, 0x0000, 0x0000, 0x0000, 0x0000, 0x0000, 0x0000, 0x0000, 0x0000, 0x0000, 0x0000,   // 0x0F90 (3984) pixels
0x0000, 0x0000, 0x0000, 0x0000, 0x0000, 0x0000, 0x0000, 0x0000, 0x0000, 0x0000, 0x0000, 0x0000, 0x0000, 0x0000, 0x0000, 0x0000,   // 0x0FA0 (4000) pixels
0x0000, 0x0000, 0x0000, 0x0000, 0x0000, 0x0000, 0x0000, 0x0000, 0x0000, 0x0000, 0x0000, 0x0000, 0x0000, 0x0000, 0x0000, 0x0000,   // 0x0FB0 (4016) pixels
0x0000, 0x0000, 0x0000, 0x0000, 0x0000, 0x0000, 0x0000, 0x0000, 0x0000, 0x0000, 0x0000, 0x0000, 0x0000, 0x0000, 0x0000, 0x0000,   // 0x0FC0 (4032) pixels
0x0000, 0x0000, 0x0000, 0x0000, 0x0000, 0x0000, 0x0000, 0x0000, 0x0000, 0x0000, 0x0000, 0x0000, 0x0000, 0x0000, 0x0000, 0x0000,   // 0x0FD0 (4048) pixels
0x0000, 0x0000, 0x0000, 0x0000, 0x0000, 0x0000, 0x0000, 0x0000, 0x0000, 0x0000, 0x0000, 0x0000, 0x0000, 0x0000, 0x0000, 0x0000,   // 0x0FE0 (4064) pixels
0x0000, 0x0000, 0x0020, 0x0000, 0x0000, 0x0000, 0x0000, 0x0000, 0x0020, 0x0000, 0x0000, 0x0000, 0x0020, 0x0000, 0x0000, 0x0000,   // 0x0FF0 (4080) pixels
0x0000, 0x0000, 0x0000, 0x0000, 0x0000, 0x0000, 0x0000, 0x0000, 0x0000, 0x0000, 0x0000, 0x0000, 0x0000, 0x0000, 0x0000, 0x0020,   // 0x1000 (4096) pixels
0x0020, 0x0020, 0x0020, 0x0000, 0x0000, 0x0801, 0x0000, 0x0000, 0x0000, 0x0000, 0x0000, 0x0000, 0x0000, 0x0000, 0x0000, 0x0000,   // 0x1010 (4112) pixels
0x0000, 0x0000, 0x0000, 0x0000, 0x0000, 0x0000, 0x0001, 0x1948, 0x42CF, 0x5C35, 0x6D39, 0x5CD7, 0x6497, 0x6C35, 0x4AEE, 0x08A4,   // 0x1020 (4128) pixels
0x0001, 0x0020, 0x0000, 0x0000, 0x0000, 0x0000, 0x0000, 0x0000, 0x0000, 0x0000, 0x0000, 0x0000, 0x0000, 0x0000, 0x0000, 0x0000,   // 0x1030 (4144) pixels
0x0000, 0x0000, 0x0000, 0x0000, 0x0000, 0x0000, 0x0000, 0x0000, 0x0000, 0x0000, 0x0000, 0x0000, 0x0000, 0x0000, 0x0000, 0x0000,   // 0x1040 (4160) pixels
0x0000, 0x0000, 0x0000, 0x0000, 0x0000, 0x0000, 0x0000, 0x0000, 0x0000, 0x0000, 0x0000, 0x0000, 0x0000, 0x0000, 0x0000, 0x0000,   // 0x1050 (4176) pixels
0x0000, 0x0000, 0x0000, 0x0000, 0x0000, 0x0000, 0x0000, 0x0000, 0x0000, 0x0000, 0x0000, 0x0000, 0x0000, 0x0000, 0x0000, 0x0000,   // 0x1060 (4192) pixels
0x0000, 0x0000, 0x0000, 0x0000, 0x0000, 0x0000, 0x0000, 0x0000, 0x0000, 0x0000, 0x0000, 0x0000, 0x0000, 0x0000, 0x0000, 0x0000,   // 0x1070 (4208) pixels
0x0000, 0x0000, 0x0000, 0x0000, 0x0000, 0x0000, 0x0000, 0x0000, 0x0000, 0x0000, 0x0000, 0x0000, 0x0000, 0x0000, 0x0000, 0x0000,   // 0x1080 (4224) pixels
0x0000, 0x0000, 0x0000, 0x0000, 0x0000, 0x0000, 0x0000, 0x0000, 0x0000, 0x0000, 0x0000, 0x0000, 0x0000, 0x0000, 0x0000, 0x0000,   // 0x1090 (4240) pixels
0x0000, 0x0000, 0x0000, 0x0000, 0x0000, 0x0000, 0x0000, 0x0000, 0x0000, 0x0000, 0x0000, 0x0000, 0x0000, 0x0000, 0x0000, 0x0000,   // 0x10A0 (4256) pixels
0x0000, 0x0000, 0x0000, 0x0861, 0x2124, 0x18E3, 0x2124, 0x0000, 0x0000, 0x0000, 0x0000, 0x0000, 0x0000, 0x0000, 0x0000, 0x0000,   // 0x10B0 (4272) pixels
0x0000, 0x0000, 0x0000, 0x0000, 0x0000, 0x0000, 0x0000, 0x0000, 0x0000, 0x0000, 0x0000, 0x0000, 0x0000, 0x0000, 0x0800, 0x2040,   // 0x10C0 (4288) pixels
0x30A1, 0x1800, 0x0800, 0x0001, 0x0000, 0x0000, 0x0000, 0x0000, 0x0000, 0x0000, 0x0000, 0x0000, 0x0000, 0x0000, 0x0000, 0x0000,   // 0x10D0 (4304) pixels
0x0000, 0x0000, 0x0000, 0x0000, 0x0001, 0x1085, 0x218B, 0x3290, 0x6CD7, 0x7538, 0x42F0, 0x10E8, 0x3A8E, 0x322C, 0x0063, 0x0000,   // 0x10E0 (4320) pixels
0x0000, 0x0000, 0x0000, 0x0000, 0x0000, 0x0000, 0x0000, 0x0000, 0x0000, 0x0000, 0x0000, 0x0000, 0x0000, 0x0000, 0x0000, 0x0000,   // 0x10F0 (4336) pixels
0x0000, 0x0000, 0x0000, 0x0000, 0x0000, 0x0000, 0x0000, 0x0000, 0x0000, 0x0000, 0x0000, 0x0000, 0x0000, 0x0000, 0x0000, 0x0000,   // 0x1100 (4352) pixels
0x0000, 0x0000, 0x0000, 0x0000, 0x0000, 0x0000, 0x0000, 0x0000, 0x0000, 0x0000, 0x0000, 0x0000, 0x0000, 0x0000, 0x0000, 0x0000,   // 0x1110 (4368) pixels
0x0000, 0x0000, 0x0000, 0x0000, 0x0000, 0x0000, 0x0000, 0x0000, 0x0000, 0x0000, 0x0000, 0x0000, 0x0000, 0x0000, 0x0000, 0x0000,   // 0x1120 (4384) pixels
0x0000, 0x0000, 0x0000, 0x0000, 0x0000, 0x0000, 0x0000, 0x0000, 0x0000, 0x0000, 0x0000, 0x0000, 0x0000, 0x0000, 0x0000, 0x0000,   // 0x1130 (4400) pixels
0x0000, 0x0000, 0x0000, 0x0000, 0x0000, 0x0000, 0x0000, 0x0000, 0x0000, 0x0000, 0x0000, 0x0000, 0x0000, 0x0000, 0x0000, 0x0000,   // 0x1140 (4416) pixels
0x0000, 0x0000, 0x0000, 0x0000, 0x0000, 0x0000, 0x0000, 0x0000, 0x0000, 0x0000, 0x0000, 0x0000, 0x0000, 0x0000, 0x0000, 0x0000,   // 0x1150 (4432) pixels
0x0000, 0x0000, 0x0000, 0x0000, 0x0000, 0x0000, 0x0000, 0x0000, 0x0000, 0x0000, 0x0000, 0x0000, 0x0000, 0x0000, 0x0000, 0x0000,   // 0x1160 (4448) pixels
0x0861, 0x2945, 0x5AEB, 0x4A69, 0x52AA, 0x1082, 0x0000, 0x0000, 0x0000, 0x0000, 0x0000, 0x0000, 0x0000, 0x0000, 0x0000, 0x0000,   // 0x1170 (4464) pixels
0x0000, 0x0000, 0x0000, 0x0000, 0x0000, 0x0000, 0x0000, 0x0000, 0x0000, 0x0000, 0x0041, 0x0000, 0x3000, 0x7904, 0x91A7, 0x58C3,   // 0x1180 (4480) pixels
0x1800, 0x0000, 0x0000, 0x0000, 0x0000, 0x0000, 0x0000, 0x0000, 0x0000, 0x0000, 0x0000, 0x0000, 0x0000, 0x0000, 0x0000, 0x0000,   // 0x1190 (4496) pixels
0x0000, 0x0000, 0x0800, 0x0803, 0x316B, 0x21AC, 0x4351, 0x6C75, 0x3A0C, 0x0003, 0x196B, 0x6BF4, 0x31A9, 0x0001, 0x0841, 0x0000,   // 0x11A0 (4512) pixels
0x0000, 0x0000, 0x0000, 0x0000, 0x0000, 0x0000, 0x0000, 0x0000, 0x0000, 0x0000, 0x0000, 0x0000, 0x0000, 0x0000, 0x0000, 0x0000,   // 0x11B0 (4528) pixels
0x0000, 0x0000, 0x0000, 0x0000, 0x0000, 0x0000, 0x0000, 0x0000, 0x0000, 0x0000, 0x0000, 0x0000, 0x0000, 0x0000, 0x0000, 0x0000,   // 0x11C0 (4544) pixels
0x0000, 0x0000, 0x0000, 0x0000, 0x0000, 0x0000, 0x0000, 0x0000, 0x0000, 0x0000, 0x0000, 0x0000, 0x0000, 0x0000, 0x0000, 0x0000,   // 0x11D0 (4560) pixels
0x0000, 0x0000, 0x0000, 0x0000, 0x0000, 0x0000, 0x0000, 0x0000, 0x0000, 0x0000, 0x0000, 0x0000, 0x0000, 0x0000, 0x0000, 0x0000,   // 0x11E0 (4576) pixels
0x0000, 0x0000, 0x0000, 0x0000, 0x0000, 0x0000, 0x0000, 0x0000, 0x0000, 0x0000, 0x0000, 0x0000, 0x0000, 0x0000, 0x0000, 0x0000,   // 0x11F0 (4592) pixels
0x0000, 0x0000, 0x0000, 0x0000, 0x0000, 0x0000, 0x0000, 0x0000, 0x0000, 0x0000, 0x0000, 0x0000, 0x0000, 0x0000, 0x0000, 0x0000,   // 0x1200 (4608) pixels
0x0000, 0x0000, 0x0000, 0x0000, 0x0000, 0x0000, 0x0000, 0x0000, 0x0000, 0x0000, 0x0000, 0x0000, 0x0000, 0x0000, 0x0000, 0x0000,   // 0x1210 (4624) pixels
0x0000, 0x0000, 0x0000, 0x0000, 0x0000, 0x0000, 0x0000, 0x0000, 0x0000, 0x0000, 0x0000, 0x0821, 0x0000, 0x0820, 0x41E7, 0x6B0B,   // 0x1220 (4640) pixels
0x08E0, 0x41C5, 0x8B6C, 0x41A5, 0x0000, 0x0002, 0x0000, 0x0800, 0x0000, 0x0021, 0x0000, 0x0000, 0x0820, 0x0000, 0x0000, 0x0000,   // 0x1230 (4656) pixels
0x0020, 0x0000, 0x0000, 0x0000, 0x0000, 0x0000, 0x0040, 0x0000, 0x0800, 0x1800, 0x6882, 0xA8C5, 0xB0C4, 0xC8E2, 0xA0A2, 0x3021,   // 0x1240 (4672) pixels
0x0001, 0x0001, 0x0000, 0x0020, 0x0020, 0x0020, 0x0020, 0x0000, 0x0001, 0x0000, 0x0040, 0x0020, 0x0000, 0x0000, 0x0000, 0x0000,   // 0x1250 (4688) pixels
0x0000, 0x0001, 0x298A, 0x3A2F, 0x2A0F, 0x4B53, 0x4331, 0x096A, 0x4B72, 0x6435, 0x5391, 0x1126, 0x0000, 0x0000, 0x0000, 0x0020,   // 0x1260 (4704) pixels
0x0000, 0x0000, 0x0000, 0x0000, 0x0000, 0x0000, 0x0000, 0x0000, 0x0000, 0x0000, 0x0000, 0x0000, 0x0000, 0x0000, 0x0000, 0x0000,   // 0x1270 (4720) pixels
0x0000, 0x0000, 0x0000, 0x0000, 0x0000, 0x0000, 0x0000, 0x0000, 0x0000, 0x0000, 0x0000, 0x0000, 0x0000, 0x0000, 0x0000, 0x0000,   // 0x1280 (4736) pixels
0x0000, 0x0000, 0x0000, 0x0000, 0x0000, 0x0000, 0x0000, 0x0000, 0x0000, 0x0000, 0x0000, 0x0000, 0x0000, 0x0000, 0x0000, 0x0000,   // 0x1290 (4752) pixels
0x0000, 0x0000, 0x0000, 0x0000, 0x0000, 0x0000, 0x0000, 0x0000, 0x0000, 0x0000, 0x0000, 0x0000, 0x0000, 0x0000, 0x0000, 0x0000,   // 0x12A0 (4768) pixels
0x0000, 0x0000, 0x0000, 0x0000, 0x0000, 0x0000, 0x0000, 0x0000, 0x0000, 0x0000, 0x0000, 0x0000, 0x0000, 0x0000, 0x0000, 0x0000,   // 0x12B0 (4784) pixels
0x0000, 0x0000, 0x0000, 0x0000, 0x0000, 0x0000, 0x0000, 0x0000, 0x0000, 0x0000, 0x0000, 0x0000, 0x0000, 0x0000, 0x0000, 0x0000,   // 0x12C0 (4800) pixels
0x0000, 0x0000, 0x0000, 0x0000, 0x0000, 0x0000, 0x0000, 0x0000, 0x0000, 0x0000, 0x0000, 0x0000, 0x0000, 0x0000, 0x0000, 0x0000,   // 0x12D0 (4816) pixels
0x0000, 0x0000, 0x0000, 0x0000, 0x0000, 0x0000, 0x0000, 0x0000, 0x0000, 0x0000, 0x0821, 0x39C6, 0x5269, 0x0840, 0x39E7, 0x8431,   // 0x12E0 (4832) pixels
0x5B0B, 0x0040, 0x0020, 0x0001, 0x0001, 0x0000, 0x0000, 0x0021, 0x0821, 0x0000, 0x0000, 0x0840, 0x0020, 0x0000, 0x0000, 0x0020,   // 0x12F0 (4848) pixels
0x0000, 0x0800, 0x0020, 0x0000, 0x0000, 0x0020, 0x0040, 0x5081, 0xA0E4, 0x88E5, 0x68C4, 0x90E4, 0xB905, 0xA0C4, 0x3861, 0x1020,   // 0x1300 (4864) pixels
0x0020, 0x0000, 0x0801, 0x1001, 0x0000, 0x0000, 0x0000, 0x0000, 0x0000, 0x0000, 0x0000, 0x0800, 0x0000, 0x0000, 0x0022, 0x2167,   // 0x1310 (4880) pixels
0x5B51, 0x6BF5, 0x3A90, 0x2A6F, 0x6415, 0x6414, 0x6455, 0x5C34, 0x6C95, 0x42EE, 0x0083, 0x0000, 0x0000, 0x0000, 0x0000, 0x0000,   // 0x1320 (4896) pixels
0x0000, 0x0000, 0x0000, 0x0000, 0x0000, 0x0000, 0x0000, 0x0000, 0x0000, 0x0000, 0x0000, 0x0000, 0x0000, 0x0000, 0x0000, 0x0000,   // 0x1330 (4912) pixels
0x0000, 0x0000, 0x0000, 0x0000, 0x0000, 0x0000, 0x0000, 0x0000, 0x0000, 0x0000, 0x0000, 0x0000, 0x0000, 0x0000, 0x0000, 0x0000,   // 0x1340 (4928) pixels
0x0000, 0x0000, 0x0000, 0x0000, 0x0000, 0x0000, 0x0000, 0x0000, 0x0000, 0x0000, 0x0000, 0x0000, 0x0000, 0x0000, 0x0000, 0x0000,   // 0x1350 (4944) pixels
0x0000, 0x0000, 0x0000, 0x0000, 0x0000, 0x0000, 0x0000, 0x0000, 0x0000, 0x0000, 0x0000, 0x0000, 0x0000, 0x0000, 0x0000, 0x0000,   // 0x1360 (4960) pixels
0x0000, 0x0000, 0x0000, 0x0000, 0x0000, 0x0000, 0x0000, 0x0000, 0x0000, 0x0000, 0x0000, 0x0000, 0x0000, 0x0000, 0x0000, 0x0000,   // 0x1370 (4976) pixels
0x0000, 0x0000, 0x0000, 0x0000, 0x0000, 0x0000, 0x0000, 0x0000, 0x0000, 0x0000, 0x0000, 0x0000, 0x0000, 0x0000, 0x0000, 0x0000,   // 0x1380 (4992) pixels
0x0000, 0x0000, 0x0000, 0x0000, 0x0000, 0x0000, 0x0000, 0x0000, 0x0000, 0x0000, 0x0000, 0x0000, 0x0000, 0x0000, 0x0000, 0x0000,   // 0x1390 (5008) pixels
0x0000, 0x0000, 0x0000, 0x0000, 0x0000, 0x0000, 0x0020, 0x0000, 0x0000, 0x2986, 0x5AEB, 0x31C7, 0x6B2E, 0x5B6F, 0x6CF4, 0x2288,   // 0x13A0 (5024) pixels
0x0020, 0x0800, 0x0001, 0x0041, 0x0001, 0x0000, 0x0000, 0x0000, 0x0000, 0x0000, 0x0000, 0x0041, 0x0000, 0x0000, 0x0000, 0x0800,   // 0x13B0 (5040) pixels
0x0000, 0x0020, 0x0040, 0x0000, 0x30A0, 0xA8C3, 0xB8E4, 0x50A3, 0x1043, 0x3864, 0x80C4, 0xA904, 0xA103, 0x68A1, 0x2020, 0x0000,   // 0x13C0 (5056) pixels
0x0000, 0x0801, 0x0800, 0x0800, 0x0800, 0x0800, 0x0000, 0x0000, 0x0000, 0x0000, 0x0000, 0x0042, 0x3A8C, 0x63D2, 0x7475, 0x7496,   // 0x13D0 (5072) pixels
0x4B51, 0x19CC, 0x4311, 0x7476, 0x6454, 0x5434, 0x5455, 0x5C54, 0x21E9, 0x0001, 0x0020, 0x0000, 0x0000, 0x0000, 0x0000, 0x0000,   // 0x13E0 (5088) pixels
0x0000, 0x0000, 0x0000, 0x0000, 0x0000, 0x0000, 0x0000, 0x0000, 0x0000, 0x0000, 0x0000, 0x0000, 0x0000, 0x0000, 0x0000, 0x0000,   // 0x13F0 (5104) pixels
0x0000, 0x0000, 0x0000, 0x0000, 0x0000, 0x0000, 0x0000, 0x0000, 0x0000, 0x0000, 0x0000, 0x0000, 0x0000, 0x0000, 0x0000, 0x0000,   // 0x1400 (5120) pixels
0x0000, 0x0000, 0x0000, 0x0000, 0x0000, 0x0000, 0x0000, 0x0000, 0x0000, 0x0000, 0x0000, 0x0000, 0x0000, 0x0000, 0x0000, 0x0000,   // 0x1410 (5136) pixels
0x0000, 0x0000, 0x0000, 0x0000, 0x0000, 0x0000, 0x0000, 0x0000, 0x0000, 0x0000, 0x0000, 0x0000, 0x0000, 0x0000, 0x0000, 0x0000,   // 0x1420 (5152) pixels
0x0000, 0x0000, 0x0000, 0x0000, 0x0000, 0x0000, 0x0000, 0x0000, 0x0000, 0x0000, 0x0000, 0x0000, 0x0000, 0x0000, 0x0000, 0x0000,   // 0x1430 (5168) pixels
0x0000, 0x0000, 0x0000, 0x0000, 0x0000, 0x0000, 0x0000, 0x0000, 0x0000, 0x0000, 0x0000, 0x0000, 0x0000, 0x0000, 0x0000, 0x0000,   // 0x1440 (5184) pixels
0x0000, 0x0000, 0x0000, 0x0000, 0x0000, 0x0000, 0x0000, 0x0000, 0x0000, 0x0000, 0x0000, 0x0000, 0x0000, 0x0000, 0x0000, 0x0000,   // 0x1450 (5200) pixels
0x0000, 0x0000, 0x0000, 0x0000, 0x0000, 0x0020, 0x0000, 0x0021, 0x2986, 0x426A, 0x2106, 0x436F, 0x8639, 0x7490, 0x4123, 0x3000,   // 0x1460 (5216) pixels
0x1000, 0x0001, 0x0000, 0x0000, 0x0000, 0x0021, 0x0021, 0x0883, 0x10A4, 0x0001, 0x0000, 0x0000, 0x0800, 0x0020, 0x0000, 0x0020,   // 0x1470 (5232) pixels
0x0800, 0x1000, 0x80C1, 0xB8C4, 0x88A5, 0x1824, 0x0005, 0x0805, 0x3064, 0x60C4, 0xA8E4, 0xA8E5, 0x88C4, 0x5062, 0x1020, 0x0020,   // 0x1480 (5248) pixels
0x0000, 0x0000, 0x0000, 0x0000, 0x0000, 0x0801, 0x0000, 0x0000, 0x1926, 0x5350, 0x6C75, 0x6CB5, 0x6454, 0x5C34, 0x6455, 0x3AF0,   // 0x1490 (5264) pixels
0x2A0D, 0x5BB3, 0x5C33, 0x5C95, 0x4413, 0x5C96, 0x5392, 0x08E5, 0x0021, 0x0040, 0x0000, 0x0000, 0x0000, 0x0000, 0x0000, 0x0000,   // 0x14A0 (5280) pixels
0x0000, 0x0000, 0x0000, 0x0000, 0x0000, 0x0000, 0x0000, 0x0000, 0x0000, 0x0000, 0x0000, 0x0000, 0x0000, 0x0000, 0x0000, 0x0000,   // 0x14B0 (5296) pixels
0x0000, 0x0000, 0x0000, 0x0000, 0x0000, 0x0000, 0x0000, 0x0000, 0x0000, 0x0000, 0x0000, 0x0000, 0x0000, 0x0000, 0x0000, 0x0000,   // 0x14C0 (5312) pixels
0x0000, 0x0000, 0x0000, 0x0000, 0x0000, 0x0000, 0x0000, 0x0000, 0x0000, 0x0000, 0x0000, 0x0000, 0x0000, 0x0000, 0x0000, 0x0000,   // 0x14D0 (5328) pixels
0x0000, 0x0000, 0x0000, 0x0000, 0x0000, 0x0000, 0x0000, 0x0000, 0x0000, 0x0000, 0x0000, 0x0000, 0x0000, 0x0000, 0x0000, 0x0000,   // 0x14E0 (5344) pixels
0x0000, 0x0000, 0x0000, 0x0000, 0x0000, 0x0000, 0x0000, 0x0000, 0x0000, 0x0000, 0x0000, 0x0000, 0x0000, 0x0000, 0x0000, 0x0000,   // 0x14F0 (5360) pixels
0x0000, 0x0000, 0x0000, 0x0000, 0x0000, 0x0000, 0x0000, 0x0000, 0x0000, 0x0000, 0x0000, 0x0000, 0x0000, 0x0000, 0x0000, 0x0000,   // 0x1500 (5376) pixels
0x0000, 0x0000, 0x0000, 0x0000, 0x0000, 0x0000, 0x0000, 0x0000, 0x0000, 0x0000, 0x0000, 0x0000, 0x0000, 0x0000, 0x0000, 0x0000,   // 0x1510 (5392) pixels
0x0000, 0x0000, 0x0000, 0x0000, 0x0041, 0x0000, 0x0020, 0x0041, 0x0001, 0x32EC, 0x7CF4, 0xCD75, 0xCB6D, 0x78E5, 0x3843, 0x0801,   // 0x1520 (5408) pixels
0x0000, 0x1041, 0x0020, 0x0000, 0x0021, 0x424B, 0x6350, 0x0044, 0x0000, 0x0000, 0x0000, 0x0000, 0x0000, 0x0820, 0x1000, 0x48A3,   // 0x1530 (5424) pixels
0xB0C2, 0x88C5, 0x2086, 0x0026, 0x0807, 0x0807, 0x0005, 0x2026, 0x3063, 0x78E6, 0xB927, 0xA8C5, 0x6061, 0x1820, 0x0000, 0x0000,   // 0x1540 (5440) pixels
0x0000, 0x0021, 0x0001, 0x0001, 0x00A4, 0x2A4B, 0x53B2, 0x74D7, 0x6475, 0x6495, 0x5C75, 0x5C33, 0x6C95, 0x5BF3, 0x324E, 0x42AF,   // 0x1550 (5456) pixels
0x5C13, 0x5454, 0x4C55, 0x4C34, 0x6476, 0x4AEE, 0x0042, 0x0000, 0x0000, 0x0000, 0x0000, 0x0000, 0x0000, 0x0000, 0x0000, 0x0000,   // 0x1560 (5472) pixels
0x0000, 0x0000, 0x0000, 0x0000, 0x0000, 0x0000, 0x0000, 0x0000, 0x0000, 0x0000, 0x0000, 0x0000, 0x0000, 0x0000, 0x0000, 0x0000,   // 0x1570 (5488) pixels
0x0000, 0x0000, 0x0000, 0x0000, 0x0000, 0x0000, 0x0000, 0x0000, 0x0000, 0x0000, 0x0000, 0x0000, 0x0000, 0x0000, 0x0000, 0x0000,   // 0x1580 (5504) pixels
0x0000, 0x0000, 0x0000, 0x0000, 0x0000, 0x0000, 0x0000, 0x0000, 0x0000, 0x0000, 0x0000, 0x0000, 0x0000, 0x0000, 0x0000, 0x0000,   // 0x1590 (5520) pixels
0x0000, 0x0000, 0x0000, 0x0000, 0x0000, 0x0000, 0x0000, 0x0000, 0x0000, 0x0000, 0x0000, 0x0000, 0x0000, 0x0000, 0x0000, 0x0000,   // 0x15A0 (5536) pixels
0x0000, 0x0000, 0x0000, 0x0000, 0x0000, 0x0000, 0x0000, 0x0000, 0x0000, 0x0000, 0x0000, 0x0000, 0x0000, 0x0000, 0x0000, 0x0000,   // 0x15B0 (5552) pixels
0x0000, 0x0000, 0x0000, 0x0000, 0x0000, 0x0000, 0x0000, 0x0000, 0x0000, 0x0000, 0x0000, 0x0000, 0x0000, 0x0000, 0x0000, 0x0000,   // 0x15C0 (5568) pixels
0x0000, 0x0000, 0x0000, 0x0000, 0x0000, 0x0000, 0x0000, 0x0000, 0x0000, 0x0000, 0x0000, 0x0000, 0x0000, 0x0000, 0x0000, 0x0000,   // 0x15D0 (5584) pixels
0x0000, 0x0000, 0x0000, 0x0020, 0x0020, 0x0000, 0x0000, 0x0001, 0x4126, 0xAA8B, 0xA967, 0x6823, 0x3803, 0x3044, 0x0800, 0x0800,   // 0x15E0 (5600) pixels
0x0000, 0x08C4, 0x21A8, 0x320A, 0x4A8D, 0x424D, 0x0001, 0x0001, 0x0883, 0x08E4, 0x0020, 0x0800, 0x4021, 0x8105, 0xB864, 0x5886,   // 0x15F0 (5616) pixels
0x0088, 0x0088, 0x1888, 0x1067, 0x0048, 0x106B, 0x0087, 0x2886, 0x68A5, 0x9884, 0x98A3, 0x78A3, 0x4062, 0x1021, 0x0001, 0x0000,   // 0x1600 (5632) pixels
0x0020, 0x08E3, 0x32AD, 0x64B6, 0x64D7, 0x5454, 0x5C75, 0x5C95, 0x6495, 0x5C75, 0x5C34, 0x6434, 0x5372, 0x29ED, 0x5332, 0x53D3,   // 0x1610 (5648) pixels
0x5454, 0x43D3, 0x53D3, 0x5B72, 0x2169, 0x0001, 0x0000, 0x0000, 0x0000, 0x0000, 0x0000, 0x0000, 0x0000, 0x0000, 0x0000, 0x0000,   // 0x1620 (5664) pixels
0x0000, 0x0000, 0x0000, 0x0000, 0x0000, 0x0000, 0x0000, 0x0000, 0x0000, 0x0000, 0x0000, 0x0000, 0x0000, 0x0000, 0x0000, 0x0000,   // 0x1630 (5680) pixels
0x0000, 0x0000, 0x0000, 0x0000, 0x0000, 0x0000, 0x0000, 0x0000, 0x0000, 0x0000, 0x0000, 0x0000, 0x0000, 0x0000, 0x0000, 0x0000,   // 0x1640 (5696) pixels
0x0000, 0x0000, 0x0000, 0x0000, 0x0000, 0x0000, 0x0000, 0x0000, 0x0000, 0x0000, 0x0000, 0x0000, 0x0000, 0x0000, 0x0000, 0x0000,   // 0x1650 (5712) pixels
0x0000, 0x0000, 0x0000, 0x0000, 0x0000, 0x0000, 0x0000, 0x0000, 0x0000, 0x0000, 0x0000, 0x0000, 0x0000, 0x0000, 0x0000, 0x0000,   // 0x1660 (5728) pixels
0x0000, 0x0000, 0x0000, 0x0000, 0x0000, 0x0000, 0x0000, 0x0000, 0x0000, 0x0000, 0x0000, 0x0000, 0x0000, 0x0000, 0x0000, 0x0000,   // 0x1670 (5744) pixels
0x0000, 0x0000, 0x0000, 0x0000, 0x0000, 0x0000, 0x0000, 0x0000, 0x0000, 0x0000, 0x0000, 0x0000, 0x0000, 0x0000, 0x0000, 0x0000,   // 0x1680 (5760) pixels
0x0000, 0x0000, 0x0000, 0x0000, 0x0000, 0x0000, 0x0000, 0x0000, 0x0000, 0x0000, 0x0000, 0x0000, 0x0021, 0x0000, 0x0000, 0x0000,   // 0x1690 (5776) pixels
0x0000, 0x0000, 0x0820, 0x0820, 0x3023, 0x48C5, 0x6885, 0x9085, 0x7825, 0x4005, 0x2805, 0x3825, 0x1022, 0x0801, 0x18E5, 0x3A4A,   // 0x16A0 (5792) pixels
0x3A6B, 0x0063, 0x0002, 0x4A6C, 0x1127, 0x3A6C, 0x534F, 0x6411, 0x0925, 0x0800, 0x70C4, 0xA906, 0x8004, 0x2868, 0x00AB, 0x1909,   // 0x16B0 (5808) pixels
0x3927, 0x4128, 0x312C, 0x218F, 0x10AC, 0x0068, 0x0823, 0x4822, 0x9084, 0xA8E6, 0x68A4, 0x2820, 0x0001, 0x0000, 0x2982, 0x63CD,   // 0x16C0 (5824) pixels
0x74D5, 0x6497, 0x5475, 0x5CB4, 0x5C94, 0x5C74, 0x5C54, 0x6475, 0x6435, 0x6C56, 0x63D4, 0x320E, 0x31EE, 0x5352, 0x5414, 0x4BD2,   // 0x16D0 (5840) pixels
0x222D, 0x322D, 0x52F0, 0x1127, 0x0000, 0x0000, 0x0000, 0x0000, 0x0000, 0x0000, 0x0000, 0x0000, 0x0000, 0x0000, 0x0000, 0x0000,   // 0x16E0 (5856) pixels
0x0000, 0x0000, 0x0000, 0x0000, 0x0000, 0x0000, 0x0000, 0x0000, 0x0000, 0x0000, 0x0000, 0x0000, 0x0000, 0x0000, 0x0000, 0x0000,   // 0x16F0 (5872) pixels
0x0000, 0x0000, 0x0000, 0x0000, 0x0000, 0x0000, 0x0000, 0x0000, 0x0000, 0x0000, 0x0000, 0x0000, 0x0000, 0x0000, 0x0000, 0x0000,   // 0x1700 (5888) pixels
0x0000, 0x0000, 0x0000, 0x0000, 0x0000, 0x0000, 0x0000, 0x0000, 0x0000, 0x0000, 0x0000, 0x0000, 0x0000, 0x0000, 0x0000, 0x0000,   // 0x1710 (5904) pixels
0x0000, 0x0000, 0x0000, 0x0000, 0x0000, 0x0000, 0x0000, 0x0000, 0x0000, 0x0000, 0x0000, 0x0000, 0x0000, 0x0000, 0x0000, 0x0000,   // 0x1720 (5920) pixels
0x0000, 0x0000, 0x0000, 0x0000, 0x0000, 0x0000, 0x0000, 0x0000, 0x0000, 0x0000, 0x0000, 0x0000, 0x0000, 0x0000, 0x0000, 0x0000,   // 0x1730 (5936) pixels
0x0000, 0x0000, 0x0000, 0x0000, 0x0000, 0x0000, 0x0000, 0x0000, 0x0000, 0x0000, 0x0000, 0x0000, 0x0000, 0x0000, 0x0000, 0x0000,   // 0x1740 (5952) pixels
0x0000, 0x0000, 0x0000, 0x0000, 0x0000, 0x0000, 0x0000, 0x0000, 0x0000, 0x0000, 0x0000, 0x0001, 0x0000, 0x0000, 0x0800, 0x0820,   // 0x1750 (5968) pixels
0x0820, 0x1061, 0x68A7, 0x7086, 0x9086, 0xB0E8, 0x7026, 0x1806, 0x1806, 0x4007, 0x28A5, 0x20C6, 0x4A8C, 0x29C8, 0x0042, 0x0022,   // 0x1760 (5984) pixels
0x0022, 0x31C8, 0x7434, 0x9D9A, 0x7CF6, 0xA65B, 0x6410, 0x30C3, 0x80A4, 0xA002, 0x2825, 0x00A9, 0x08EC, 0x3108, 0x50E5, 0x70A7,   // 0x1770 (6000) pixels
0x60EC, 0x218D, 0x202B, 0x0049, 0x0045, 0x2803, 0x7825, 0x98A6, 0x5882, 0x0000, 0x0800, 0x41A3, 0x8C6B, 0x9551, 0x74B5, 0x5C77,   // 0x1780 (6016) pixels
0x5C95, 0x64B2, 0x6494, 0x5C74, 0x5C74, 0x6475, 0x6456, 0x5393, 0x324F, 0x198C, 0x18CC, 0x3A70, 0x5BF3, 0x4330, 0x0045, 0x0066,   // 0x1790 (6032) pixels
0x4AF0, 0x42AF, 0x0000, 0x0000, 0x0000, 0x0000, 0x0000, 0x0000, 0x0000, 0x0000, 0x0000, 0x0000, 0x0000, 0x0000, 0x0000, 0x0000,   // 0x17A0 (6048) pixels
0x0000, 0x0000, 0x0000, 0x0000, 0x0000, 0x0000, 0x0000, 0x0000, 0x0000, 0x0000, 0x0000, 0x0000, 0x0000, 0x0000, 0x0000, 0x0000,   // 0x17B0 (6064) pixels
0x0000, 0x0000, 0x0000, 0x0000, 0x0000, 0x0000, 0x0000, 0x0000, 0x0000, 0x0000, 0x0000, 0x0000, 0x0000, 0x0000, 0x0000, 0x0000,   // 0x17C0 (6080) pixels
0x0000, 0x0000, 0x0000, 0x0000, 0x0000, 0x0000, 0x0000, 0x0000, 0x0000, 0x0000, 0x0000, 0x0000, 0x0000, 0x0000, 0x0000, 0x0000,   // 0x17D0 (6096) pixels
0x0000, 0x0000, 0x0000, 0x0000, 0x0000, 0x0000, 0x0000, 0x0000, 0x0000, 0x0000, 0x0000, 0x0000, 0x0000, 0x0000, 0x0000, 0x0000,   // 0x17E0 (6112) pixels
0x0000, 0x0000, 0x0000, 0x0000, 0x0000, 0x0000, 0x0000, 0x0000, 0x0000, 0x0000, 0x0000, 0x0000, 0x0000, 0x0000, 0x0000, 0x0000,   // 0x17F0 (6128) pixels
0x0000, 0x0000, 0x0000, 0x0000, 0x0001, 0x0800, 0x0000, 0x0060, 0x0000, 0x0000, 0x0000, 0x0000, 0x0000, 0x0000, 0x0000, 0x0000,   // 0x1800 (6144) pixels
0x0000, 0x0000, 0x0000, 0x0000, 0x0000, 0x0000, 0x0000, 0x0000, 0x0020, 0x0020, 0x0800, 0x0000, 0x0040, 0x0800, 0x5084, 0x50C5,   // 0x1810 (6160) pixels
0x6845, 0x9067, 0xA048, 0x98CA, 0x5847, 0x3046, 0x2005, 0x3826, 0x396A, 0x49AB, 0x2085, 0x0002, 0x0002, 0x1106, 0x5390, 0x9DFA,   // 0x1820 (6176) pixels
0xA69B, 0x7D35, 0x6C93, 0x8598, 0xB6FE, 0x62EE, 0x5843, 0x8821, 0x2024, 0x0047, 0x288A, 0x5067, 0x4062, 0x4800, 0x6003, 0x7067,   // 0x1830 (6192) pixels
0x1826, 0x0826, 0x1002, 0x6824, 0x8885, 0x5823, 0x3080, 0x51E1, 0x82E0, 0xE523, 0xFDA0, 0xEE02, 0xA52B, 0x6475, 0x5C77, 0x5C71,   // 0x1840 (6208) pixels
0x5C75, 0x6494, 0x6474, 0x5BF5, 0x42F3, 0x29B0, 0x194C, 0x194A, 0x196D, 0x090B, 0x42D1, 0x5372, 0x1169, 0x0948, 0x5B92, 0x6413,   // 0x1850 (6224) pixels
0x1906, 0x0001, 0x0000, 0x0020, 0x0000, 0x0000, 0x0000, 0x0000, 0x0000, 0x0000, 0x0000, 0x0000, 0x0000, 0x0000, 0x0000, 0x0000,   // 0x1860 (6240) pixels
0x0000, 0x0000, 0x0000, 0x0000, 0x0000, 0x0000, 0x0000, 0x0000, 0x0000, 0x0000, 0x0000, 0x0000, 0x0000, 0x0000, 0x0000, 0x0000,   // 0x1870 (6256) pixels
0x0000, 0x0000, 0x0000, 0x0000, 0x0000, 0x0000, 0x0000, 0x0000, 0x0000, 0x0000, 0x0000, 0x0000, 0x0000, 0x0000, 0x0000, 0x0000,   // 0x1880 (6272) pixels
0x0000, 0x0000, 0x0000, 0x0000, 0x0000, 0x0000, 0x0000, 0x0000, 0x0000, 0x0000, 0x0000, 0x0000, 0x0000, 0x0000, 0x0000, 0x0000,   // 0x1890 (6288) pixels
0x0000, 0x0000, 0x0000, 0x0000, 0x0000, 0x0000, 0x0000, 0x0000, 0x0000, 0x0000, 0x0000, 0x0000, 0x0000, 0x0000, 0x0000, 0x0000,   // 0x18A0 (6304) pixels
0x0000, 0x0000, 0x0000, 0x0000, 0x0000, 0x0000, 0x0000, 0x0000, 0x0000, 0x0000, 0x0000, 0x0000, 0x0000, 0x0000, 0x0000, 0x0843,   // 0x18B0 (6320) pixels
0x0000, 0x0001, 0x0021, 0x0020, 0x0020, 0x0002, 0x0000, 0x0000, 0x0000, 0x0000, 0x0000, 0x0000, 0x0000, 0x0000, 0x0000, 0x0000,   // 0x18C0 (6336) pixels
0x0000, 0x0020, 0x0020, 0x0020, 0x0020, 0x0000, 0x0020, 0x0000, 0x1000, 0x0000, 0x0040, 0x2801, 0x70C6, 0x6885, 0x78A7, 0x8088,   // 0x18D0 (6352) pixels
0x7827, 0x6068, 0x3005, 0x1804, 0x2805, 0x50E8, 0x394A, 0x20A7, 0x0024, 0x10E6, 0x3A4B, 0x84F5, 0xAE7C, 0x9E5B, 0x6CF7, 0x6CB6,   // 0x18E0 (6368) pixels
0x5C35, 0x64B7, 0x85DB, 0x6C14, 0x40C6, 0x5802, 0x7884, 0x5005, 0x60CB, 0x4869, 0x1804, 0x3825, 0x6045, 0x7003, 0x7006, 0x4003,   // 0x18F0 (6384) pixels
0x50C3, 0x89A3, 0x91A0, 0xA302, 0xCCC4, 0xFE24, 0xEE44, 0xFDC2, 0xFDC0, 0xFDE0, 0xD5C7, 0x8C90, 0x6C76, 0x5CB4, 0x6C76, 0x5C13,   // 0x1900 (6400) pixels
0x4B71, 0x3AAF, 0x29AE, 0x214D, 0x214C, 0x294B, 0x316D, 0x18CA, 0x192B, 0x428F, 0x5BB3, 0x53B3, 0x5C13, 0x5413, 0x39C9, 0x0001,   // 0x1910 (6416) pixels
0x0000, 0x0020, 0x0000, 0x0020, 0x0000, 0x0000, 0x0000, 0x0000, 0x0000, 0x0000, 0x0000, 0x0000, 0x0000, 0x0000, 0x0000, 0x0000,   // 0x1920 (6432) pixels
0x0000, 0x0000, 0x0000, 0x0000, 0x0000, 0x0000, 0x0000, 0x0000, 0x0000, 0x0000, 0x0000, 0x0000, 0x0000, 0x0000, 0x0000, 0x0000,   // 0x1930 (6448) pixels
0x0000, 0x0000, 0x0000, 0x0000, 0x0000, 0x0000, 0x0000, 0x0000, 0x0000, 0x0000, 0x0000, 0x0000, 0x0000, 0x0000, 0x0000, 0x0000,   // 0x1940 (6464) pixels
0x0000, 0x0000, 0x0000, 0x0000, 0x0000, 0x0000, 0x0000, 0x0000, 0x0000, 0x0000, 0x0000, 0x0000, 0x0000, 0x0000, 0x0000, 0x0000,   // 0x1950 (6480) pixels
0x0000, 0x0000, 0x0000, 0x0000, 0x0000, 0x0000, 0x0000, 0x0000, 0x0000, 0x0000, 0x0000, 0x0000, 0x0000, 0x0000, 0x0000, 0x0000,   // 0x1960 (6496) pixels
0x0000, 0x0000, 0x0000, 0x0000, 0x0000, 0x0000, 0x0000, 0x0000, 0x0000, 0x0000, 0x0000, 0x0000, 0x0000, 0x0004, 0x1020, 0x1000,   // 0x1970 (6512) pixels
0x1000, 0x0002, 0x0020, 0x1001, 0x0000, 0x0000, 0x0000, 0x0000, 0x0000, 0x0000, 0x0000, 0x0000, 0x0000, 0x0000, 0x0000, 0x0000,   // 0x1980 (6528) pixels
0x0000, 0x0000, 0x0000, 0x0000, 0x0000, 0x0000, 0x0801, 0x0000, 0x0000, 0x2802, 0x70E7, 0x7066, 0x78A8, 0x6047, 0x4005, 0x2825,   // 0x1990 (6544) pixels
0x1804, 0x1004, 0x2004, 0x40A6, 0x39EC, 0x31EC, 0x3A8D, 0x74D5, 0x9E5B, 0xB6FE, 0x9E1B, 0x7CF7, 0x6C97, 0x53D4, 0x4352, 0x53F6,   // 0x19A0 (6560) pixels
0x5457, 0x6435, 0x2927, 0x2822, 0x9042, 0xA046, 0x88A8, 0x3804, 0x2002, 0x4045, 0x5003, 0x6801, 0x7861, 0x81C1, 0xC464, 0xFD62,   // 0x19B0 (6576) pixels
0xFD60, 0xFE41, 0xF620, 0xFDE0, 0xFE00, 0xFDA3, 0xFDC2, 0xFDA0, 0xEDE0, 0xB509, 0x7494, 0x5497, 0x5B94, 0x42F0, 0x322C, 0x218A,   // 0x19C0 (6592) pixels
0x192A, 0x212B, 0x294C, 0x292B, 0x28CB, 0x28EB, 0x18A9, 0x216C, 0x5353, 0x5BD4, 0x5413, 0x5C75, 0x3A09, 0x0021, 0x0000, 0x0020,   // 0x19D0 (6608) pixels
0x0000, 0x0000, 0x0000, 0x0000, 0x0000, 0x0000, 0x0000, 0x0000, 0x0000, 0x0000, 0x0000, 0x0000, 0x0000, 0x0000, 0x0000, 0x0000,   // 0x19E0 (6624) pixels
0x0000, 0x0000, 0x0000, 0x0000, 0x0000, 0x0000, 0x0000, 0x0000, 0x0000, 0x0000, 0x0000, 0x0000, 0x0000, 0x0000, 0x0000, 0x0000,   // 0x19F0 (6640) pixels
0x0000, 0x0000, 0x0000, 0x0000, 0x0000, 0x0000, 0x0000, 0x0000, 0x0000, 0x0000, 0x0000, 0x0000, 0x0000, 0x0000, 0x0000, 0x0000,   // 0x1A00 (6656) pixels
0x0000, 0x0000, 0x0000, 0x0000, 0x0000, 0x0000, 0x0000, 0x0000, 0x0000, 0x0000, 0x0000, 0x0000, 0x0000, 0x0000, 0x0000, 0x0000,   // 0x1A10 (6672) pixels
0x0000, 0x0000, 0x0000, 0x0000, 0x0000, 0x0000, 0x0000, 0x0000, 0x0000, 0x0000, 0x0000, 0x0000, 0x0000, 0x0000, 0x0000, 0x0000,   // 0x1A20 (6688) pixels
0x0000, 0x0000, 0x0000, 0x0000, 0x0000, 0x0000, 0x0000, 0x0000, 0x0000, 0x0000, 0x0001, 0x1820, 0x9BA4, 0xBCA4, 0xAC43, 0x6AA6,   // 0x1A30 (6704) pixels
0x0000, 0x0000, 0x0000, 0x0000, 0x0000, 0x0000, 0x0000, 0x0000, 0x0000, 0x0000, 0x0000, 0x0000, 0x0000, 0x0000, 0x0000, 0x0020,   // 0x1A40 (6720) pixels
0x0000, 0x0000, 0x0002, 0x0063, 0x2A09, 0x430D, 0x3ACC, 0x4A8C, 0x722D, 0x58A8, 0x4805, 0x3805, 0x2004, 0x1004, 0x1805, 0x2045,   // 0x1A50 (6736) pixels
0x1003, 0x0801, 0x0909, 0x4B92, 0x8DBA, 0xA6DD, 0x8E3B, 0x6D17, 0x5C14, 0x63F4, 0x5352, 0x322D, 0x3A4E, 0x5BD5, 0x4B73, 0x5393,   // 0x1A60 (6752) pixels
0x2189, 0x0822, 0x5041, 0x9086, 0x7825, 0x5002, 0x7062, 0x9143, 0xAA83, 0xD3A3, 0xE4C1, 0xE5A2, 0xF661, 0xFE00, 0xFDC0, 0xFDE1,   // 0x1A70 (6768) pixels
0xFD61, 0xFCE0, 0xFBC1, 0xCAE2, 0xBB42, 0xF5A3, 0xFE40, 0xD583, 0x842D, 0x3314, 0x3231, 0x29CE, 0x218C, 0x214B, 0x216B, 0x296C,   // 0x1A80 (6784) pixels
0x212B, 0x210B, 0x20AA, 0x28EB, 0x188A, 0x10CA, 0x3A4F, 0x5BB3, 0x6454, 0x4BD1, 0x2125, 0x0001, 0x0000, 0x0020, 0x0000, 0x0000,   // 0x1A90 (6800) pixels
0x0000, 0x0000, 0x0000, 0x0000, 0x0000, 0x0000, 0x0000, 0x0000, 0x0000, 0x0000, 0x0000, 0x0000, 0x0000, 0x0000, 0x0000, 0x0000,   // 0x1AA0 (6816) pixels
0x0000, 0x0000, 0x0000, 0x0000, 0x0000, 0x0000, 0x0000, 0x0000, 0x0000, 0x0000, 0x0000, 0x0000, 0x0000, 0x0000, 0x0000, 0x0000,   // 0x1AB0 (6832) pixels
0x0000, 0x0000, 0x0000, 0x0000, 0x0000, 0x0000, 0x0000, 0x0000, 0x0000, 0x0000, 0x0000, 0x0000, 0x0000, 0x0000, 0x0000, 0x0000,   // 0x1AC0 (6848) pixels
0x0000, 0x0000, 0x0000, 0x0000, 0x0000, 0x0000, 0x0000, 0x0000, 0x0000, 0x0000, 0x0000, 0x0000, 0x0000, 0x0000, 0x0000, 0x0000,   // 0x1AD0 (6864) pixels
0x0000, 0x0000, 0x0000, 0x0000, 0x0000, 0x0000, 0x0000, 0x0000, 0x0000, 0x0000, 0x0000, 0x0000, 0x0000, 0x0000, 0x0000, 0x0000,   // 0x1AE0 (6880) pixels
0x0000, 0x0000, 0x0000, 0x0000, 0x0000, 0x0000, 0x0000, 0x0000, 0x0020, 0xA404, 0xC485, 0x6260, 0x6A40, 0xD4E6, 0x4100, 0x0040,   // 0x1AF0 (6896) pixels
0x0000, 0x0000, 0x0000, 0x0000, 0x0000, 0x0000, 0x0000, 0x0000, 0x0000, 0x0000, 0x0000, 0x0000, 0x0000, 0x0000, 0x0001, 0x0063,   // 0x1B00 (6912) pixels
0x3ACF, 0x42EF, 0x5BF3, 0x6CF7, 0x64B6, 0x74F7, 0x6BD4, 0x390A, 0x3067, 0x1805, 0x1805, 0x2826, 0x2805, 0x1803, 0x18A5, 0x2A09,   // 0x1B10 (6928) pixels
0x5C55, 0x85BA, 0x967D, 0x75B9, 0x4C54, 0x5C54, 0x5B93, 0x4290, 0x29AD, 0x298C, 0x31ED, 0x4270, 0x29CE, 0x218C, 0x10C7, 0x0002,   // 0x1B20 (6944) pixels
0x0801, 0x5842, 0x8962, 0xB2E4, 0xDAA4, 0xEAA2, 0xFCC3, 0xFE00, 0xFE20, 0xFE20, 0xFDC0, 0xFD62, 0xFC63, 0xE342, 0xD2C3, 0xCA02,   // 0x1B30 (6960) pixels
0xA123, 0x5000, 0x4040, 0xBC26, 0xFDC2, 0xFE01, 0xB4C8, 0x29AA, 0x192E, 0x216E, 0x218E, 0x214C, 0x216C, 0x216C, 0x190A, 0x18EB,   // 0x1B40 (6976) pixels
0x20EB, 0x18CA, 0x10A9, 0x10C9, 0x1909, 0x320B, 0x320A, 0x0083, 0x0021, 0x0000, 0x0000, 0x0000, 0x0000, 0x0000, 0x0000, 0x0000,   // 0x1B50 (6992) pixels
0x0000, 0x0000, 0x0000, 0x0000, 0x0000, 0x0000, 0x0000, 0x0000, 0x0000, 0x0000, 0x0000, 0x0000, 0x0000, 0x0000, 0x0000, 0x0000,   // 0x1B60 (7008) pixels
0x0000, 0x0000, 0x0000, 0x0000, 0x0000, 0x0000, 0x0000, 0x0000, 0x0000, 0x0000, 0x0000, 0x0000, 0x0000, 0x0000, 0x0000, 0x0000,   // 0x1B70 (7024) pixels
0x0000, 0x0000, 0x0000, 0x0000, 0x0000, 0x0000, 0x0000, 0x0000, 0x0000, 0x0000, 0x0000, 0x0000, 0x0000, 0x0000, 0x0000, 0x0000,   // 0x1B80 (7040) pixels
0x0000, 0x0000, 0x0000, 0x0000, 0x0000, 0x0000, 0x0000, 0x0000, 0x0000, 0x0000, 0x0000, 0x0000, 0x0000, 0x0000, 0x0000, 0x0000,   // 0x1B90 (7056) pixels
0x0000, 0x0000, 0x0000, 0x0000, 0x0000, 0x0000, 0x0000, 0x0000, 0x0000, 0x0000, 0x0000, 0x0000, 0x0000, 0x0000, 0x0000, 0x0000,   // 0x1BA0 (7072) pixels
0x0000, 0x0000, 0x0000, 0x0000, 0x0000, 0x0000, 0x20E0, 0xEE26, 0x7A20, 0x0801, 0x38E2, 0xED05, 0x6960, 0x0000, 0x0000, 0x0000,   // 0x1BB0 (7088) pixels
0x0000, 0x0000, 0x0000, 0x0000, 0x0000, 0x0000, 0x0000, 0x0000, 0x0020, 0x0000, 0x0000, 0x0001, 0x1127, 0x3A8D, 0x5333, 0x4290,   // 0x1BC0 (7104) pixels
0x220E, 0x19CC, 0x19CD, 0x5415, 0x5415, 0x296C, 0x316B, 0x20C8, 0x2046, 0x2805, 0x2003, 0x2887, 0x532F, 0x7D97, 0x963D, 0x7D9A,   // 0x1BD0 (7120) pixels
0x5C75, 0x4BD3, 0x4371, 0x4311, 0x29AC, 0x190A, 0x218E, 0x29CE, 0x212B, 0x0867, 0x0006, 0x0003, 0x0801, 0x1881, 0x30A0, 0x9B02,   // 0x1BE0 (7136) pixels
0xE522, 0xFE43, 0xFC83, 0xDA00, 0xDB40, 0xFDE2, 0xEDE3, 0xFDA2, 0xEBC0, 0xC200, 0xB182, 0x80A1, 0x5821, 0x4802, 0x2803, 0x1002,   // 0x1BF0 (7152) pixels
0x0801, 0x5943, 0xE443, 0xFDE0, 0xED83, 0x6A83, 0x194B, 0x218D, 0x31D0, 0x216E, 0x192B, 0x214B, 0x110A, 0x110B, 0x18EA, 0x190A,   // 0x1C00 (7168) pixels
0x212A, 0x294A, 0x10A6, 0x0843, 0x0842, 0x0000, 0x0000, 0x0000, 0x0000, 0x0000, 0x0000, 0x0000, 0x0000, 0x0000, 0x0000, 0x0000,   // 0x1C10 (7184) pixels
0x0000, 0x0000, 0x0000, 0x0000, 0x0000, 0x0000, 0x0000, 0x0000, 0x0000, 0x0000, 0x0000, 0x0000, 0x0000, 0x0000, 0x0000, 0x0000,   // 0x1C20 (7200) pixels
0x0000, 0x0000, 0x0000, 0x0000, 0x0000, 0x0000, 0x0000, 0x0000, 0x0000, 0x0000, 0x0000, 0x0000, 0x0000, 0x0000, 0x0000, 0x0000,   // 0x1C30 (7216) pixels
0x0000, 0x0000, 0x0000, 0x0000, 0x0000, 0x0000, 0x0000, 0x0000, 0x0000, 0x0000, 0x0000, 0x0000, 0x0000, 0x0000, 0x0000, 0x0000,   // 0x1C40 (7232) pixels
0x0000, 0x0000, 0x0000, 0x0000, 0x0000, 0x0000, 0x0000, 0x0000, 0x0000, 0x0000, 0x0000, 0x0000, 0x0000, 0x0000, 0x0000, 0x0000,   // 0x1C50 (7248) pixels
0x0000, 0x0000, 0x0000, 0x0000, 0x0000, 0x0000, 0x0000, 0x0000, 0x0000, 0x0000, 0x0000, 0x0000, 0x0000, 0x0000, 0x0000, 0x0000,   // 0x1C60 (7264) pixels
0x0000, 0x0000, 0x0000, 0x0000, 0x2902, 0xDD67, 0x92A0, 0x4903, 0x7A23, 0xEC43, 0xAA21, 0x4020, 0x0841, 0x0020, 0x0000, 0x0000,   // 0x1C70 (7280) pixels
0x0000, 0x0000, 0x0000, 0x0000, 0x0000, 0x0000, 0x0020, 0x0000, 0x0021, 0x21A9, 0x4B30, 0x4B93, 0x216C, 0x210B, 0x0888, 0x0027,   // 0x1C80 (7296) pixels
0x0848, 0x4B72, 0x4BF4, 0x216C, 0x218B, 0x424D, 0x41CB, 0x2086, 0x1845, 0x6B71, 0x8D99, 0x7599, 0x7D39, 0x6CB7, 0x53D3, 0x4B31,   // 0x1C90 (7312) pixels
0x324E, 0x196B, 0x10E9, 0x3A0E, 0x212B, 0x10C7, 0x0022, 0x0000, 0x28C1, 0x4960, 0x82E2, 0xBCC7, 0xE502, 0xFE23, 0xFE00, 0xFDC0,   // 0x1CA0 (7328) pixels
0xFDA5, 0xEB83, 0xD260, 0xFCC3, 0xFDE0, 0xFDE3, 0xCBC2, 0x5060, 0x2803, 0x2003, 0x1000, 0x1801, 0x0003, 0x0043, 0x0002, 0x1801,   // 0x1CB0 (7344) pixels
0xAB23, 0xFD81, 0xFE21, 0xDD84, 0x52CB, 0x39CA, 0x31AD, 0x294D, 0x210B, 0x212A, 0x190A, 0x18EB, 0x1909, 0x10A7, 0x0865, 0x18C5,   // 0x1CC0 (7360) pixels
0x0842, 0x0000, 0x0000, 0x0820, 0x0000, 0x0000, 0x0000, 0x0000, 0x0000, 0x0000, 0x0000, 0x0000, 0x0000, 0x0000, 0x0000, 0x0000,   // 0x1CD0 (7376) pixels
0x0000, 0x0000, 0x0000, 0x0000, 0x0000, 0x0000, 0x0000, 0x0000, 0x0000, 0x0000, 0x0000, 0x0000, 0x0000, 0x0000, 0x0000, 0x0000,   // 0x1CE0 (7392) pixels
0x0000, 0x0000, 0x0000, 0x0000, 0x0000, 0x0000, 0x0000, 0x0000, 0x0000, 0x0000, 0x0000, 0x0000, 0x0000, 0x0000, 0x0000, 0x0000,   // 0x1CF0 (7408) pixels
0x0000, 0x0000, 0x0000, 0x0000, 0x0000, 0x0000, 0x0000, 0x0000, 0x0000, 0x0000, 0x0000, 0x0000, 0x0000, 0x0000, 0x0000, 0x0000,   // 0x1D00 (7424) pixels
0x0000, 0x0000, 0x0000, 0x0000, 0x0000, 0x0000, 0x0000, 0x0000, 0x0000, 0x0000, 0x0000, 0x0000, 0x0000, 0x0000, 0x0000, 0x0000,   // 0x1D10 (7440) pixels
0x0000, 0x0000, 0x0000, 0x0000, 0x0000, 0x0000, 0x0000, 0x0000, 0x0000, 0x0000, 0x0000, 0x0000, 0x0000, 0x0000, 0x0000, 0x0000,   // 0x1D20 (7456) pixels
0x0000, 0x0000, 0x0000, 0x71C0, 0xCB83, 0xC345, 0xBAE1, 0xB161, 0xD245, 0xBA45, 0x0861, 0x0841, 0x0000, 0x0000, 0x0000, 0x0000,   // 0x1D30 (7472) pixels
0x0000, 0x0000, 0x0000, 0x0000, 0x0000, 0x0000, 0x1905, 0x5330, 0x4372, 0x014B, 0x08A8, 0x1088, 0x0847, 0x1006, 0x1827, 0x5372,   // 0x1D40 (7488) pixels
0x4BF3, 0x29AC, 0x218B, 0x4AEF, 0x6BD2, 0x6BB1, 0x4AED, 0x74B5, 0x7D99, 0x6518, 0x5393, 0x4B11, 0x428F, 0x29AB, 0x10C8, 0x298B,   // 0x1D50 (7504) pixels
0x216B, 0x08E9, 0x1085, 0x0841, 0x2101, 0x5201, 0xA3E4, 0xEDA7, 0xF5C2, 0xFE00, 0xFDE2, 0xEDA0, 0xFDE0, 0xFD80, 0xFE00, 0xFCE2,   // 0x1D60 (7520) pixels
0xE260, 0xEB42, 0xF640, 0xFE20, 0xED66, 0x5161, 0x0001, 0x0043, 0x0001, 0x0001, 0x1002, 0x0001, 0x0043, 0x0001, 0x4100, 0xD4E1,   // 0x1D70 (7536) pixels
0xFE41, 0xF662, 0x9CEF, 0x4A48, 0x314A, 0x292C, 0x20CA, 0x20EA, 0x20EA, 0x20EA, 0x18A7, 0x0804, 0x0002, 0x0021, 0x0000, 0x0000,   // 0x1D80 (7552) pixels
0x0000, 0x0000, 0x0000, 0x0000, 0x0000, 0x0020, 0x0000, 0x0000, 0x0000, 0x0000, 0x0000, 0x0000, 0x0000, 0x0000, 0x0000, 0x0000,   // 0x1D90 (7568) pixels
0x0000, 0x0000, 0x0000, 0x0000, 0x0000, 0x0000, 0x0000, 0x0000, 0x0000, 0x0000, 0x0000, 0x0000, 0x0000, 0x0000, 0x0000, 0x0000,   // 0x1DA0 (7584) pixels
0x0000, 0x0000, 0x0000, 0x0000, 0x0000, 0x0000, 0x0000, 0x0000, 0x0000, 0x0000, 0x0000, 0x0000, 0x0000, 0x0000, 0x0000, 0x0000,   // 0x1DB0 (7600) pixels
0x0000, 0x0000, 0x0000, 0x0000, 0x0000, 0x0000, 0x0000, 0x0000, 0x0000, 0x0000, 0x0000, 0x0000, 0x0000, 0x0000, 0x0000, 0x0000,   // 0x1DC0 (7616) pixels
0x0000, 0x0000, 0x0000, 0x0000, 0x0000, 0x0000, 0x0000, 0x0000, 0x0000, 0x0000, 0x0000, 0x0000, 0x0000, 0x0000, 0x0000, 0x0000,   // 0x1DD0 (7632) pixels
0x0000, 0x0000, 0x0000, 0x0000, 0x0000, 0x0000, 0x0000, 0x0000, 0x0000, 0x0000, 0x0000, 0x0000, 0x0000, 0x0000, 0x0000, 0x0000,   // 0x1DE0 (7648) pixels
0x0800, 0x0800, 0x1022, 0x1821, 0x2021, 0x50A1, 0x8123, 0xC207, 0xCAE5, 0x7140, 0x1000, 0x0020, 0x0001, 0x0800, 0x0000, 0x0020,   // 0x1DF0 (7664) pixels
0x0000, 0x0000, 0x0041, 0x0064, 0x6391, 0x5392, 0x194B, 0x0808, 0x0825, 0x0804, 0x0804, 0x0003, 0x08A6, 0x63D3, 0x5372, 0x198C,   // 0x1E00 (7680) pixels
0x294D, 0x53F2, 0x9639, 0x8EBB, 0x5CF6, 0x32AF, 0x5C76, 0x4B94, 0x3B73, 0x3A4E, 0x0847, 0x00A9, 0x196A, 0x1066, 0x0002, 0x1061,   // 0x1E10 (7696) pixels
0x4122, 0x9BA2, 0xE5C0, 0xFE22, 0xF5E5, 0xF5E0, 0xFDE0, 0xFD81, 0xFDE0, 0xFDC0, 0xFDC0, 0xFDC0, 0xF5E0, 0xFDC1, 0xFC22, 0xD1C0,   // 0x1E20 (7712) pixels
0xFDE4, 0xF640, 0xFDE0, 0xCC84, 0x0000, 0x0023, 0x0803, 0x0000, 0x0000, 0x0021, 0x0022, 0x0002, 0x1020, 0x7282, 0xF5C3, 0xFE60,   // 0x1E30 (7728) pixels
0xEE02, 0x49C4, 0x110B, 0x112C, 0x214C, 0x214B, 0x1909, 0x0045, 0x0000, 0x0000, 0x0000, 0x0000, 0x0000, 0x0000, 0x0000, 0x0000,   // 0x1E40 (7744) pixels
0x0000, 0x0000, 0x0000, 0x0000, 0x0000, 0x0000, 0x0000, 0x0000, 0x0000, 0x0000, 0x0000, 0x0000, 0x0000, 0x0000, 0x0000, 0x0000,   // 0x1E50 (7760) pixels
0x0000, 0x0000, 0x0000, 0x0000, 0x0000, 0x0000, 0x0000, 0x0000, 0x0000, 0x0000, 0x0000, 0x0000, 0x0000, 0x0000, 0x0000, 0x0000,   // 0x1E60 (7776) pixels
0x0000, 0x0000, 0x0000, 0x0000, 0x0000, 0x0000, 0x0000, 0x0000, 0x0000, 0x0000, 0x0000, 0x0000, 0x0000, 0x0000, 0x0000, 0x0000,   // 0x1E70 (7792) pixels
0x0000, 0x0000, 0x0000, 0x0000, 0x0000, 0x0000, 0x0000, 0x0000, 0x0000, 0x0000, 0x0000, 0x0000, 0x0000, 0x0000, 0x0000, 0x0000,   // 0x1E80 (7808) pixels
0x0000, 0x0000, 0x0000, 0x0000, 0x0000, 0x0000, 0x0000, 0x0000, 0x0000, 0x0000, 0x0000, 0x0000, 0x0000, 0x0000, 0x0000, 0x0000,   // 0x1E90 (7824) pixels
0x0000, 0x0000, 0x0000, 0x0000, 0x0000, 0x0000, 0x0000, 0x0000, 0x0000, 0x0000, 0x0000, 0x0000, 0x0000, 0x0000, 0x0000, 0x0000,   // 0x1EA0 (7840) pixels
0x0801, 0x0000, 0x0800, 0x2840, 0x5060, 0x8123, 0xB983, 0xCAC7, 0x7183, 0x1000, 0x0000, 0x0000, 0x0000, 0x0001, 0x0000, 0x0000,   // 0x1EB0 (7856) pixels
0x0001, 0x21C9, 0x63F3, 0x320D, 0x0888, 0x1028, 0x0004, 0x0003, 0x0804, 0x0003, 0x1969, 0x6C14, 0x3A6F, 0x110A, 0x4231, 0x64B6,   // 0x1EC0 (7872) pixels
0x8E5A, 0x9598, 0xAC94, 0x8AEC, 0x52AC, 0x3AD0, 0x19CB, 0x0865, 0x0804, 0x0004, 0x0002, 0x2880, 0x7284, 0x72C3, 0xACE1, 0xCD65,   // 0x1ED0 (7888) pixels
0xFEC5, 0xAB61, 0x8200, 0xE562, 0xFDE1, 0xFDA0, 0xFDE0, 0xFDA0, 0xFDA0, 0xFDC0, 0xF5E0, 0xFDE1, 0xFCA2, 0xE2C0, 0xDB21, 0xFDC3,   // 0x1EE0 (7904) pixels
0xF600, 0xFDE4, 0x7AE2, 0x0000, 0x0023, 0x0001, 0x0020, 0x0040, 0x0001, 0x0004, 0x0804, 0x3041, 0xAB82, 0xF5C0, 0xFE20, 0xA445,   // 0x1EF0 (7920) pixels
0x39C9, 0x296D, 0x18CA, 0x1086, 0x0863, 0x0020, 0x0000, 0x0000, 0x0000, 0x0000, 0x0000, 0x0000, 0x0000, 0x0000, 0x0000, 0x0000,   // 0x1F00 (7936) pixels
0x0000, 0x0000, 0x0000, 0x0000, 0x0000, 0x0000, 0x0000, 0x0000, 0x0000, 0x0000, 0x0000, 0x0000, 0x0000, 0x0000, 0x0000, 0x0000,   // 0x1F10 (7952) pixels
0x0000, 0x0000, 0x0000, 0x0000, 0x0000, 0x0000, 0x0000, 0x0000, 0x0000, 0x0000, 0x0000, 0x0000, 0x0000, 0x0000, 0x0000, 0x0000,   // 0x1F20 (7968) pixels
0x0000, 0x0000, 0x0000, 0x0000, 0x0000, 0x0000, 0x0000, 0x0000, 0x0000, 0x0000, 0x0000, 0x0000, 0x0000, 0x0000, 0x0000, 0x0000,   // 0x1F30 (7984) pixels
0x0000, 0x0000, 0x0000, 0x0000, 0x0000, 0x0000, 0x0000, 0x0000, 0x0000, 0x0000, 0x0000, 0x0000, 0x0000, 0x0000, 0x0000, 0x0000,   // 0x1F40 (8000) pixels
0x0000, 0x0000, 0x0000, 0x0000, 0x0000, 0x0000, 0x0000, 0x0000, 0x0000, 0x0000, 0x0000, 0x0000, 0x0000, 0x0000, 0x0000, 0x0000,   // 0x1F50 (8016) pixels
0x0000, 0x0000, 0x0000, 0x0000, 0x0000, 0x0000, 0x0000, 0x0000, 0x0000, 0x0000, 0x0000, 0x0000, 0x0020, 0x0000, 0x0021, 0x0020,   // 0x1F60 (8032) pixels
0x0020, 0x0000, 0x1800, 0x3840, 0x8081, 0xA943, 0xB9C5, 0x8145, 0x2821, 0x1000, 0x20A3, 0x0801, 0x0000, 0x0000, 0x0043, 0x3B2F,   // 0x1F70 (8048) pixels
0x4BD3, 0x216B, 0x0805, 0x0805, 0x0003, 0x0824, 0x0003, 0x10E7, 0x5351, 0x5372, 0x218C, 0x190B, 0x18E9, 0x3AF1, 0x5C53, 0x9C4F,   // 0x1F80 (8064) pixels
0xDCAA, 0xDC69, 0x9268, 0x596B, 0x2107, 0x0002, 0x0022, 0x0002, 0x1800, 0xB3A4, 0xFE46, 0xB400, 0x2000, 0x40A0, 0xDD81, 0xABC0,   // 0x1F90 (8080) pixels
0x7A00, 0xE561, 0xF5C0, 0xFDE0, 0xFDE0, 0xFDA0, 0xFDA0, 0xFDA0, 0xF5E0, 0xFE00, 0xFD62, 0xF441, 0xD9A2, 0xFC86, 0xF600, 0xFE40,   // 0x1FA0 (8096) pixels
0xDD02, 0x20A0, 0x0022, 0x0004, 0x0003, 0x0802, 0x0001, 0x0801, 0x2040, 0x4920, 0xABC0, 0xFE64, 0xFDE0, 0xF623, 0x7303, 0x18E5,   // 0x1FB0 (8112) pixels
0x0023, 0x0800, 0x0000, 0x0020, 0x0000, 0x0000, 0x0000, 0x0000, 0x0000, 0x0000, 0x0000, 0x0000, 0x0000, 0x0000, 0x0000, 0x0000,   // 0x1FC0 (8128) pixels
0x0000, 0x0000, 0x0000, 0x0000, 0x0000, 0x0000, 0x0000, 0x0000, 0x0000, 0x0000, 0x0000, 0x0000, 0x0000, 0x0000, 0x0000, 0x0000,   // 0x1FD0 (8144) pixels
0x0000, 0x0000, 0x0000, 0x0000, 0x0000, 0x0000, 0x0000, 0x0000, 0x0000, 0x0000, 0x0000, 0x0000, 0x0000, 0x0000, 0x0000, 0x0000,   // 0x1FE0 (8160) pixels
0x0000, 0x0000, 0x0000, 0x0000, 0x0000, 0x0000, 0x0000, 0x0000, 0x0000, 0x0000, 0x0000, 0x0000, 0x0000, 0x0000, 0x0000, 0x0000,   // 0x1FF0 (8176) pixels
0x0000, 0x0000, 0x0000, 0x0000, 0x0000, 0x0000, 0x0000, 0x0000, 0x0000, 0x0000, 0x0000, 0x0000, 0x0000, 0x0000, 0x0000, 0x0000,   // 0x2000 (8192) pixels
0x0000, 0x0000, 0x0000, 0x0000, 0x0000, 0x0000, 0x0000, 0x0000, 0x0000, 0x0000, 0x0000, 0x0000, 0x0000, 0x0000, 0x0000, 0x0000,   // 0x2010 (8208) pixels
0x0000, 0x0000, 0x0000, 0x0000, 0x0000, 0x0000, 0x0000, 0x0000, 0x0000, 0x0000, 0x0020, 0x0000, 0x0021, 0x0020, 0x0020, 0x0020,   // 0x2020 (8224) pixels
0x0000, 0x1000, 0x2862, 0x7061, 0xC923, 0xD986, 0x98E4, 0x70C4, 0x8A28, 0x71A7, 0x1820, 0x0000, 0x00A5, 0x4BB2, 0x3B31, 0x218B,   // 0x2030 (8240) pixels
0x0805, 0x1003, 0x0844, 0x0003, 0x0004, 0x324D, 0x6BF4, 0x320E, 0x110B, 0x212C, 0x1909, 0x0888, 0x2146, 0xA3E7, 0x9B00, 0x69C0,   // 0x2040 (8256) pixels
0x9944, 0xA8A3, 0x2086, 0x0004, 0x0042, 0x1906, 0x3063, 0xDD05, 0xFEE1, 0xE520, 0x92E5, 0x92C1, 0xE5C2, 0xF623, 0xEDA4, 0xFE61,   // 0x2050 (8272) pixels
0xF580, 0xFDA2, 0xFDE0, 0xFDA0, 0xFDA1, 0xFDA0, 0xFDC0, 0xFE00, 0xFDE1, 0xFD61, 0xF282, 0xEAC2, 0xFD62, 0xFE00, 0xFDE0, 0x8B45,   // 0x2060 (8288) pixels
0x0001, 0x0004, 0x1000, 0x3902, 0x59E1, 0x8B41, 0xCD24, 0xEE03, 0xF601, 0xF5C0, 0xFDA0, 0xFE20, 0xBCA2, 0x18A0, 0x0001, 0x0000,   // 0x2070 (8304) pixels
0x0000, 0x0000, 0x0000, 0x0000, 0x0000, 0x0000, 0x0000, 0x0000, 0x0000, 0x0000, 0x0000, 0x0000, 0x0000, 0x0000, 0x0000, 0x0000,   // 0x2080 (8320) pixels
0x0000, 0x0000, 0x0000, 0x0000, 0x0000, 0x0000, 0x0000, 0x0000, 0x0000, 0x0000, 0x0000, 0x0000, 0x0000, 0x0000, 0x0000, 0x0000,   // 0x2090 (8336) pixels
0x0000, 0x0000, 0x0000, 0x0000, 0x0000, 0x0000, 0x0000, 0x0000, 0x0000, 0x0000, 0x0000, 0x0000, 0x0000, 0x0000, 0x0000, 0x0000,   // 0x20A0 (8352) pixels
0x0000, 0x0000, 0x0000, 0x0000, 0x0000, 0x0000, 0x0000, 0x0000, 0x0000, 0x0000, 0x0000, 0x0000, 0x0000, 0x0000, 0x0000, 0x0000,   // 0x20B0 (8368) pixels
0x0000, 0x0000, 0x0000, 0x0000, 0x0000, 0x0000, 0x0000, 0x0000, 0x0000, 0x0000, 0x0000, 0x0000, 0x0000, 0x0000, 0x0000, 0x0000,   // 0x20C0 (8384) pixels
0x0000, 0x0000, 0x0000, 0x0000, 0x0000, 0x0000, 0x0000, 0x0000, 0x0000, 0x0000, 0x0000, 0x0000, 0x0000, 0x0000, 0x0000, 0x0000,   // 0x20D0 (8400) pixels
0x0000, 0x0000, 0x0000, 0x0000, 0x0000, 0x0000, 0x0000, 0x0000, 0x0000, 0x0000, 0x0000, 0x0000, 0x0000, 0x0020, 0x0000, 0x0000,   // 0x20E0 (8416) pixels
0x0021, 0x4882, 0xA0A2, 0xB841, 0xB862, 0xB0E3, 0xD207, 0xC1E7, 0x620A, 0x18A5, 0x00E7, 0x6436, 0x4B93, 0x19AB, 0x0004, 0x1004,   // 0x20F0 (8432) pixels
0x0003, 0x0003, 0x3A4D, 0x63F4, 0x5332, 0x216C, 0x212C, 0x294C, 0x20CB, 0x0005, 0x0860, 0x8AE5, 0x58C0, 0x2800, 0x90E6, 0xB901,   // 0x2100 (8448) pixels
0x2046, 0x192A, 0x2ACD, 0x5BB2, 0x49CB, 0xBC65, 0xF600, 0xFE43, 0xFE60, 0xF620, 0xFE40, 0xFE61, 0xFDC1, 0xFD80, 0xFDC0, 0xFDA2,   // 0x2110 (8464) pixels
0xFDE0, 0xFDA0, 0xFDA1, 0xFDC0, 0xFDC0, 0xF5E0, 0xFE00, 0xFDE0, 0xFC41, 0xD9C0, 0xF383, 0xFE00, 0xFDE0, 0xDD64, 0x4140, 0x4120,   // 0x2120 (8480) pixels
0xA3A3, 0xDD65, 0xF643, 0xFE20, 0xFDE0, 0xFDE1, 0xFDC1, 0xFDA0, 0xFDC0, 0xFDC0, 0xF5E4, 0x5A02, 0x0002, 0x0001, 0x0020, 0x0021,   // 0x2130 (8496) pixels
0x0000, 0x0000, 0x0000, 0x0000, 0x0000, 0x0000, 0x0000, 0x0000, 0x0000, 0x0000, 0x0000, 0x0000, 0x0000, 0x0000, 0x0000, 0x0000,   // 0x2140 (8512) pixels
0x0000, 0x0000, 0x0000, 0x0000, 0x0000, 0x0000, 0x0000, 0x0000, 0x0000, 0x0000, 0x0000, 0x0000, 0x0000, 0x0000, 0x0000, 0x0000,   // 0x2150 (8528) pixels
0x0000, 0x0000, 0x0000, 0x0000, 0x0000, 0x0000, 0x0000, 0x0000, 0x0000, 0x0000, 0x0000, 0x0000, 0x0000, 0x0000, 0x0000, 0x0000,   // 0x2160 (8544) pixels
0x0000, 0x0000, 0x0000, 0x0000, 0x0000, 0x0000, 0x0000, 0x0000, 0x0000, 0x0000, 0x0000, 0x0000, 0x0000, 0x0000, 0x0000, 0x0000,   // 0x2170 (8560) pixels
0x0000, 0x0000, 0x0000, 0x0000, 0x0000, 0x0000, 0x0000, 0x0000, 0x0000, 0x0000, 0x0000, 0x0000, 0x0000, 0x0000, 0x0000, 0x0000,   // 0x2180 (8576) pixels
0x0000, 0x0000, 0x0000, 0x0000, 0x0000, 0x0000, 0x0000, 0x0000, 0x0000, 0x0000, 0x0000, 0x0000, 0x0000, 0x0000, 0x0000, 0x0000,   // 0x2190 (8592) pixels
0x0000, 0x0000, 0x0000, 0x0000, 0x0000, 0x0000, 0x0000, 0x0000, 0x0800, 0x0000, 0x0000, 0x0000, 0x0000, 0x0000, 0x0062, 0x1840,   // 0x21A0 (8608) pixels
0x5881, 0x88C3, 0xA8A2, 0xD102, 0xE984, 0xE124, 0x724E, 0x31AA, 0x00E8, 0x5BF5, 0x5BD5, 0x19EC, 0x0086, 0x0004, 0x0086, 0x3A4D,   // 0x21B0 (8624) pixels
0x5BB3, 0x4AF1, 0x21AD, 0x10EA, 0x294C, 0x190A, 0x20C9, 0x0004, 0x0041, 0x7267, 0x9244, 0x89C3, 0x9986, 0x7865, 0x3806, 0x210A,   // 0x21C0 (8640) pixels
0x4BB3, 0x5C36, 0x4A90, 0x72E7, 0xBC81, 0xFDE3, 0xFDA2, 0xFE40, 0xE524, 0xE523, 0xFDC2, 0xFD83, 0xFDC0, 0xFD80, 0xFDE0, 0xFDA0,   // 0x21D0 (8656) pixels
0xFDA1, 0xFDC0, 0xFDC0, 0xF5E0, 0xFDE0, 0xFDE0, 0xFDE1, 0xF2E0, 0xD9C0, 0xFD62, 0xF5E0, 0xFE60, 0xE542, 0xDD84, 0xF5E1, 0xFE01,   // 0x21E0 (8672) pixels
0xFDE0, 0xFDA0, 0xFD80, 0xFD80, 0xFDA1, 0xFDC1, 0xF5C0, 0xFDC0, 0xFE02, 0xBC64, 0x28A0, 0x0000, 0x0020, 0x0020, 0x0000, 0x0000,   // 0x21F0 (8688) pixels
0x0000, 0x0000, 0x0000, 0x0000, 0x0000, 0x0000, 0x0000, 0x0000, 0x0000, 0x0000, 0x0000, 0x0000, 0x0000, 0x0000, 0x0000, 0x0000,   // 0x2200 (8704) pixels
0x0000, 0x0000, 0x0000, 0x0000, 0x0000, 0x0000, 0x0000, 0x0000, 0x0000, 0x0000, 0x0000, 0x0000, 0x0000, 0x0000, 0x0000, 0x0000,   // 0x2210 (8720) pixels
0x0000, 0x0000, 0x0000, 0x0000, 0x0000, 0x0000, 0x0000, 0x0000, 0x0000, 0x0000, 0x0000, 0x0000, 0x0000, 0x0000, 0x0000, 0x0000,   // 0x2220 (8736) pixels
0x0000, 0x0000, 0x0000, 0x0000, 0x0000, 0x0000, 0x0000, 0x0000, 0x0000, 0x0000, 0x0000, 0x0000, 0x0000, 0x0000, 0x0000, 0x0000,   // 0x2230 (8752) pixels
0x0000, 0x0000, 0x0000, 0x0000, 0x0000, 0x0000, 0x0000, 0x0000, 0x0000, 0x0000, 0x0000, 0x0000, 0x0000, 0x0000, 0x0000, 0x0000,   // 0x2240 (8768) pixels
0x0000, 0x0000, 0x0000, 0x0000, 0x0000, 0x0000, 0x0000, 0x0000, 0x0000, 0x0000, 0x0000, 0x0000, 0x0000, 0x0000, 0x0000, 0x0000,   // 0x2250 (8784) pixels
0x0000, 0x0000, 0x0000, 0x0000, 0x0000, 0x0000, 0x0800, 0x0800, 0x0000, 0x0000, 0x0000, 0x0800, 0x0000, 0x0000, 0x1021, 0x5905,   // 0x2260 (8800) pixels
0xA987, 0xD185, 0xC923, 0xC1A6, 0x59CE, 0x41ED, 0x112A, 0x4B52, 0x6435, 0x4B92, 0x32AF, 0x2A4D, 0x5B72, 0x7C97, 0x3AF1, 0x114B,   // 0x2270 (8816) pixels
0x190B, 0x210B, 0x318C, 0x190A, 0x0804, 0x0023, 0x0002, 0x1061, 0x6201, 0xB384, 0xBAE8, 0x98CA, 0x6865, 0x1803, 0x198A, 0x224E,   // 0x2280 (8832) pixels
0x21AD, 0x20C6, 0x7242, 0xFD84, 0xFDE1, 0xE560, 0x58E0, 0x58E0, 0xED44, 0xFDE3, 0xF560, 0xFE01, 0xFDC0, 0xFDA0, 0xFDA0, 0xFDC0,   // 0x2290 (8848) pixels
0xFDC0, 0xFDC0, 0xFDC0, 0xFDC0, 0xFDC0, 0xFC61, 0xDA40, 0xF3E3, 0xFDA2, 0xFDE0, 0xFDE0, 0xFDE0, 0xFDE0, 0xF560, 0xFD62, 0xFD82,   // 0x22A0 (8864) pixels
0xFDA0, 0xFDA0, 0xFDC0, 0xFDE0, 0xFE00, 0xFDC2, 0xFD42, 0xFD05, 0x7A02, 0x1021, 0x0042, 0x0000, 0x0000, 0x0000, 0x0000, 0x0000,   // 0x22B0 (8880) pixels
0x0000, 0x0000, 0x0000, 0x0000, 0x0000, 0x0000, 0x0000, 0x0000, 0x0000, 0x0000, 0x0000, 0x0000, 0x0000, 0x0000, 0x0000, 0x0000,   // 0x22C0 (8896) pixels
0x0000, 0x0000, 0x0000, 0x0000, 0x0000, 0x0000, 0x0000, 0x0000, 0x0000, 0x0000, 0x0000, 0x0000, 0x0000, 0x0000, 0x0000, 0x0000,   // 0x22D0 (8912) pixels
0x0000, 0x0000, 0x0000, 0x0000, 0x0000, 0x0000, 0x0000, 0x0000, 0x0000, 0x0000, 0x0000, 0x0000, 0x0000, 0x0000, 0x0000, 0x0000,   // 0x22E0 (8928) pixels
0x0000, 0x0000, 0x0000, 0x0000, 0x0000, 0x0000, 0x0000, 0x0000, 0x0000, 0x0000, 0x0000, 0x0000, 0x0000, 0x0000, 0x0000, 0x0000,   // 0x22F0 (8944) pixels
0x0000, 0x0000, 0x0000, 0x0000, 0x0000, 0x0000, 0x0000, 0x0000, 0x0000, 0x0000, 0x0000, 0x0000, 0x0000, 0x0000, 0x0000, 0x0000,   // 0x2300 (8960) pixels
0x0000, 0x0000, 0x0000, 0x0000, 0x0000, 0x0000, 0x0000, 0x0000, 0x0000, 0x0000, 0x0000, 0x0000, 0x0000, 0x0000, 0x0000, 0x0000,   // 0x2310 (8976) pixels
0x0000, 0x0000, 0x0020, 0x0000, 0x0000, 0x0000, 0x0000, 0x0000, 0x0000, 0x0000, 0x0000, 0x0040, 0x10E5, 0x4948, 0xA1A9, 0xDA28,   // 0x2320 (8992) pixels
0xA985, 0x71A5, 0x49AF, 0x310C, 0x10C9, 0x226E, 0x4BB3, 0x63F4, 0x53B3, 0x5496, 0x5372, 0x328F, 0x118C, 0x090A, 0x190B, 0x292B,   // 0x2330 (9008) pixels
0x18C9, 0x0046, 0x0005, 0x0003, 0x1002, 0x0022, 0x0041, 0x2800, 0x80E0, 0xD0E2, 0x90A4, 0x3802, 0x0004, 0x0045, 0x0046, 0x0006,   // 0x2340 (9024) pixels
0x4040, 0xE420, 0xFDE2, 0xEDE1, 0x7A61, 0x9324, 0xF620, 0xFE00, 0xFDE0, 0xF5E0, 0xFDA0, 0xFDA0, 0xFDA0, 0xFDA0, 0xFDC0, 0xFDE0,   // 0x2350 (9040) pixels
0xFDC0, 0xFDA0, 0xFDA0, 0xFDA3, 0xFBA1, 0xD1E0, 0xFD24, 0xFDA0, 0xFD80, 0xFDA1, 0xFDA1, 0xFDC0, 0xFDE0, 0xFDC0, 0xFDC0, 0xFDE0,   // 0x2360 (9056) pixels
0xFDE0, 0xF5A0, 0xE520, 0xD400, 0xC260, 0xC1E2, 0x8144, 0x1005, 0x0807, 0x0820, 0x0000, 0x0000, 0x0000, 0x0000, 0x0000, 0x0000,   // 0x2370 (9072) pixels
0x0000, 0x0000, 0x0000, 0x0000, 0x0000, 0x0000, 0x0000, 0x0000, 0x0000, 0x0000, 0x0000, 0x0000, 0x0000, 0x0000, 0x0000, 0x0000,   // 0x2380 (9088) pixels
0x0000, 0x0000, 0x0000, 0x0000, 0x0000, 0x0000, 0x0000, 0x0000, 0x0000, 0x0000, 0x0000, 0x0000, 0x0000, 0x0000, 0x0000, 0x0000,   // 0x2390 (9104) pixels
0x0000, 0x0000, 0x0000, 0x0000, 0x0000, 0x0000, 0x0000, 0x0000, 0x0000, 0x0000, 0x0000, 0x0000, 0x0000, 0x0000, 0x0000, 0x0000,   // 0x23A0 (9120) pixels
0x0000, 0x0000, 0x0000, 0x0000, 0x0000, 0x0000, 0x0000, 0x0000, 0x0000, 0x0000, 0x0000, 0x0000, 0x0000, 0x0000, 0x0000, 0x0000,   // 0x23B0 (9136) pixels
0x0000, 0x0000, 0x0000, 0x0000, 0x0000, 0x0000, 0x0000, 0x0000, 0x0000, 0x0000, 0x0000, 0x0000, 0x0000, 0x0000, 0x0000, 0x0000,   // 0x23C0 (9152) pixels
0x0000, 0x0000, 0x0000, 0x0000, 0x0000, 0x0000, 0x0000, 0x0000, 0x0000, 0x0000, 0x0000, 0x0000, 0x0000, 0x0000, 0x0000, 0x0000,   // 0x23D0 (9168) pixels
0x0801, 0x0000, 0x0020, 0x0020, 0x0020, 0x0000, 0x0000, 0x0020, 0x0001, 0x0002, 0x1063, 0x3A2B, 0x398D, 0x596E, 0x4169, 0x426B,   // 0x23E0 (9184) pixels
0x220D, 0x00A8, 0x20EA, 0x294B, 0x216B, 0x39EE, 0x31AD, 0x11AD, 0x214B, 0x190B, 0x210B, 0x190B, 0x110A, 0x10C9, 0x0826, 0x0805,   // 0x23F0 (9200) pixels
0x0043, 0x1024, 0x0003, 0x0022, 0x0000, 0x1820, 0x4000, 0xA905, 0x88C8, 0x4889, 0x1804, 0x0821, 0x0023, 0x0064, 0x0021, 0x81C9,   // 0x2400 (9216) pixels
0xED84, 0xFE61, 0xF620, 0xFE21, 0xFDC3, 0xEE01, 0xEDE0, 0xFDA1, 0xFDA0, 0xFDC0, 0xFE20, 0xF580, 0xFDA2, 0xFDE0, 0xFD80, 0xFDA1,   // 0x2410 (9232) pixels
0xFDC0, 0xFD81, 0xFCA4, 0xCA20, 0xD2E0, 0xFDA3, 0xF5C0, 0xF600, 0xFDA0, 0xFDC0, 0xFDE0, 0xFDC0, 0xFD61, 0xFCC3, 0xF3A4, 0xDAA3,   // 0x2420 (9248) pixels
0xB183, 0xA8E2, 0x9021, 0x80A5, 0x4086, 0x0846, 0x216B, 0x192A, 0x0022, 0x0000, 0x0000, 0x0020, 0x0000, 0x0001, 0x0001, 0x0001,   // 0x2430 (9264) pixels
0x0000, 0x0000, 0x0000, 0x0000, 0x0000, 0x0000, 0x0000, 0x0000, 0x0000, 0x0000, 0x0000, 0x0000, 0x0000, 0x0000, 0x0000, 0x0000,   // 0x2440 (9280) pixels
0x0000, 0x0000, 0x0000, 0x0000, 0x0000, 0x0000, 0x0000, 0x0000, 0x0000, 0x0000, 0x0000, 0x0000, 0x0000, 0x0000, 0x0000, 0x0000,   // 0x2450 (9296) pixels
0x0000, 0x0000, 0x0000, 0x0000, 0x0000, 0x0000, 0x0000, 0x0000, 0x0000, 0x0000, 0x0000, 0x0000, 0x0000, 0x0000, 0x0000, 0x0000,   // 0x2460 (9312) pixels
0x0000, 0x0000, 0x0000, 0x0000, 0x0000, 0x0000, 0x0000, 0x0000, 0x0000, 0x0000, 0x0000, 0x0000, 0x0000, 0x0000, 0x0000, 0x0000,   // 0x2470 (9328) pixels
0x0000, 0x0000, 0x0000, 0x0000, 0x0000, 0x0000, 0x0000, 0x0000, 0x0000, 0x0000, 0x0000, 0x0000, 0x0000, 0x0000, 0x0000, 0x0000,   // 0x2480 (9344) pixels
0x0000, 0x0000, 0x0000, 0x0000, 0x0000, 0x0000, 0x0000, 0x0000, 0x0000, 0x0000, 0x0000, 0x0000, 0x0000, 0x0000, 0x0000, 0x0000,   // 0x2490 (9360) pixels
0x0020, 0x0000, 0x0000, 0x0800, 0x0000, 0x0000, 0x0000, 0x0000, 0x00C7, 0x3AD1, 0x29EC, 0x292B, 0x316F, 0x21AC, 0x28AA, 0x20EB,   // 0x24A0 (9376) pixels
0x28AB, 0x30CB, 0x20EB, 0x10CA, 0x18CA, 0x18AA, 0x190A, 0x296C, 0x10EA, 0x110A, 0x4B31, 0x7CD7, 0x8CF7, 0x8CD6, 0x7516, 0x7C95,   // 0x24B0 (9392) pixels
0x6C53, 0x536F, 0x10A4, 0x0000, 0x2020, 0x7986, 0x73F1, 0x6391, 0x4148, 0x3824, 0x2003, 0x1804, 0x0021, 0x1842, 0xC3C0, 0xFDC3,   // 0x24C0 (9408) pixels
0xFE40, 0xD4E2, 0x6182, 0x7AC2, 0xE5E1, 0xFDE0, 0xFDC3, 0xFD80, 0xFDA0, 0xFE21, 0xFD80, 0xFDC0, 0xFDC0, 0xFD61, 0xFDA0, 0xFDC0,   // 0x24D0 (9424) pixels
0xFDC2, 0xF401, 0xDAC0, 0xFC41, 0xFDC2, 0xFDE0, 0xFDE1, 0xFDA2, 0xF522, 0xE442, 0xD342, 0xB222, 0x9921, 0x88A1, 0x8080, 0x9081,   // 0x24E0 (9440) pixels
0x88A3, 0x70E6, 0x2826, 0x0006, 0x190B, 0x294C, 0x20E9, 0x0865, 0x0000, 0x0000, 0x0000, 0x0000, 0x0000, 0x0000, 0x0000, 0x0000,   // 0x24F0 (9456) pixels
0x0000, 0x0000, 0x0000, 0x0000, 0x0000, 0x0000, 0x0000, 0x0000, 0x0000, 0x0000, 0x0000, 0x0000, 0x0000, 0x0000, 0x0000, 0x0000,   // 0x2500 (9472) pixels
0x0000, 0x0000, 0x0000, 0x0000, 0x0000, 0x0000, 0x0000, 0x0000, 0x0000, 0x0000, 0x0000, 0x0000, 0x0000, 0x0000, 0x0000, 0x0000,   // 0x2510 (9488) pixels
0x0000, 0x0000, 0x0000, 0x0000, 0x0000, 0x0000, 0x0000, 0x0000, 0x0000, 0x0000, 0x0000, 0x0000, 0x0000, 0x0000, 0x0000, 0x0000,   // 0x2520 (9504) pixels
0x0000, 0x0000, 0x0000, 0x0000, 0x0000, 0x0000, 0x0000, 0x0000, 0x0000, 0x0000, 0x0000, 0x0000, 0x0000, 0x0000, 0x0000, 0x0000,   // 0x2530 (9520) pixels
0x0000, 0x0000, 0x0000, 0x0000, 0x0000, 0x0000, 0x0000, 0x0000, 0x0000, 0x0000, 0x0000, 0x0000, 0x0000, 0x0000, 0x0000, 0x0000,   // 0x2540 (9536) pixels
0x0000, 0x0000, 0x0000, 0x0000, 0x0000, 0x0000, 0x0000, 0x0000, 0x0000, 0x0000, 0x0000, 0x0000, 0x0020, 0x0000, 0x0020, 0x0000,   // 0x2550 (9552) pixels
0x0800, 0x0801, 0x0001, 0x0001, 0x0801, 0x0000, 0x20C2, 0x62CB, 0x524D, 0x18C8, 0x1067, 0x1868, 0x286A, 0x31AE, 0x294D, 0x41D0,   // 0x2560 (9568) pixels
0x3A10, 0x00A9, 0x0827, 0x2007, 0x0867, 0x08A8, 0x198B, 0x63D4, 0xA5DB, 0xAE3C, 0xAE3B, 0xAE1A, 0xA65B, 0xA65B, 0xB6FD, 0xA67B,   // 0x2570 (9584) pixels
0x42AC, 0x0022, 0x08C3, 0x4229, 0x5C32, 0x6BCE, 0x61A8, 0x4067, 0x2805, 0x3024, 0x1062, 0x0021, 0x8A20, 0xFD45, 0xFE80, 0xBCA0,   // 0x2580 (9600) pixels
0x2000, 0x40C0, 0xE523, 0xFDC1, 0xFDA2, 0xFDE1, 0xED03, 0xDC84, 0xF5A2, 0xFDE0, 0xFD80, 0xFDC1, 0xFDE1, 0xEDE0, 0xFE40, 0xFD62,   // 0x2590 (9616) pixels
0xE2A0, 0xE280, 0xFCE6, 0xFD02, 0xEBE3, 0xD301, 0xAA00, 0x9140, 0x80C1, 0x7882, 0x80A3, 0x88C4, 0x90A2, 0x90A3, 0x8905, 0x58A5,   // 0x25A0 (9632) pixels
0x1804, 0x0006, 0x0868, 0x1088, 0x290D, 0x210A, 0x18C6, 0x0021, 0x0000, 0x0000, 0x0000, 0x0000, 0x0000, 0x0000, 0x0000, 0x0000,   // 0x25B0 (9648) pixels
0x0000, 0x0000, 0x0000, 0x0000, 0x0000, 0x0000, 0x0000, 0x0000, 0x0000, 0x0000, 0x0000, 0x0000, 0x0000, 0x0000, 0x0000, 0x0000,   // 0x25C0 (9664) pixels
0x0000, 0x0000, 0x0000, 0x0000, 0x0000, 0x0000, 0x0000, 0x0000, 0x0000, 0x0000, 0x0000, 0x0000, 0x0000, 0x0000, 0x0000, 0x0000,   // 0x25D0 (9680) pixels
0x0000, 0x0000, 0x0000, 0x0000, 0x0000, 0x0000, 0x0000, 0x0000, 0x0000, 0x0000, 0x0000, 0x0000, 0x0000, 0x0000, 0x0000, 0x0000,   // 0x25E0 (9696) pixels
0x0000, 0x0000, 0x0000, 0x0000, 0x0000, 0x0000, 0x0000, 0x0000, 0x0000, 0x0000, 0x0000, 0x0000, 0x0000, 0x0000, 0x0000, 0x0000,   // 0x25F0 (9712) pixels
0x0000, 0x0000, 0x0000, 0x0000, 0x0000, 0x0000, 0x0000, 0x0000, 0x0000, 0x0000, 0x0000, 0x0000, 0x0000, 0x0000, 0x0000, 0x0000,   // 0x2600 (9728) pixels
0x0000, 0x0000, 0x0000, 0x0000, 0x0000, 0x0000, 0x0000, 0x0000, 0x0000, 0x0000, 0x0000, 0x0000, 0x0000, 0x0000, 0x0001, 0x0001,   // 0x2610 (9744) pixels
0x0001, 0x0863, 0x0001, 0x30C0, 0xC3A4, 0xE3E8, 0x928D, 0x31CE, 0x08E8, 0x0803, 0x0005, 0x0129, 0x114C, 0x42D2, 0x5416, 0x1A2E,   // 0x2620 (9760) pixels
0x0006, 0x1004, 0x0004, 0x3A8E, 0x7435, 0x8CB7, 0x83F5, 0x6AF0, 0x6AEF, 0x628D, 0x526D, 0x62AF, 0x8C34, 0xADDA, 0x7CB6, 0x222B,   // 0x2630 (9776) pixels
0x0927, 0x1148, 0x298A, 0x6A25, 0x8A06, 0x48C8, 0x2005, 0x4863, 0x2801, 0x0002, 0x38A4, 0xB383, 0xFDC0, 0xFE61, 0xC4C3, 0xD4A4,   // 0x2640 (9792) pixels
0xFDA4, 0xFDA0, 0xFDE0, 0xFDC2, 0xAB04, 0x4800, 0xC421, 0xF600, 0xF5C0, 0xFDE0, 0xF5A0, 0xFE20, 0xFE20, 0xFD84, 0xE303, 0xC982,   // 0x2650 (9808) pixels
0xDA64, 0xBA40, 0xA8C2, 0x98A2, 0x9082, 0x88A3, 0x88A3, 0x8883, 0x88A2, 0x90C2, 0xA0A4, 0x9083, 0x80C4, 0x4022, 0x0802, 0x0005,   // 0x2660 (9824) pixels
0x0005, 0x0005, 0x0828, 0x18C9, 0x20E8, 0x10A6, 0x0004, 0x0002, 0x0000, 0x0000, 0x0020, 0x0020, 0x0000, 0x0000, 0x0000, 0x0000,   // 0x2670 (9840) pixels
0x0000, 0x0000, 0x0000, 0x0000, 0x0000, 0x0000, 0x0000, 0x0000, 0x0000, 0x0000, 0x0000, 0x0000, 0x0000, 0x0000, 0x0000, 0x0000,   // 0x2680 (9856) pixels
0x0000, 0x0000, 0x0000, 0x0000, 0x0000, 0x0000, 0x0000, 0x0000, 0x0000, 0x0000, 0x0000, 0x0000, 0x0000, 0x0000, 0x0000, 0x0000,   // 0x2690 (9872) pixels
0x0000, 0x0000, 0x0000, 0x0000, 0x0000, 0x0000, 0x0000, 0x0000, 0x0000, 0x0000, 0x0000, 0x0000, 0x0000, 0x0000, 0x0000, 0x0000,   // 0x26A0 (9888) pixels
0x0000, 0x0000, 0x0000, 0x0000, 0x0000, 0x0000, 0x0000, 0x0000, 0x0000, 0x0000, 0x0000, 0x0000, 0x0000, 0x0000, 0x0000, 0x0000,   // 0x26B0 (9904) pixels
0x0000, 0x0000, 0x0000, 0x0000, 0x0000, 0x0000, 0x0000, 0x0000, 0x0000, 0x0000, 0x0000, 0x0000, 0x0000, 0x0000, 0x0000, 0x0000,   // 0x26C0 (9920) pixels
0x0000, 0x0000, 0x0000, 0x0000, 0x0000, 0x0000, 0x0000, 0x0000, 0x0000, 0x0000, 0x0000, 0x0001, 0x0021, 0x0021, 0x0061, 0x42AA,   // 0x26D0 (9936) pixels
0x52C7, 0x93A4, 0xD343, 0xB0E1, 0x7086, 0x20CB, 0x0028, 0x1065, 0x0002, 0x0003, 0x1005, 0x194A, 0x3351, 0x226D, 0x0004, 0x0004,   // 0x26E0 (9952) pixels
0x3AAE, 0x8D38, 0x7C55, 0x49CC, 0x48E9, 0x58C9, 0x68E9, 0x60A8, 0x58C9, 0x5889, 0x58C9, 0x8332, 0xA61B, 0x5433, 0x196A, 0x1848,   // 0x26F0 (9968) pixels
0x2127, 0x8AE5, 0xC369, 0x698A, 0x3005, 0x5863, 0x3801, 0x0802, 0x0003, 0x5122, 0xDC43, 0xFE22, 0xF580, 0xFDC0, 0xF5A0, 0xED62,   // 0x2700 (9984) pixels
0xEDC0, 0xFE42, 0xCCA5, 0x92A2, 0xEDA4, 0xF640, 0xFE01, 0xF5E0, 0xFDA1, 0xFD82, 0xFCE3, 0xE3A4, 0xB9C3, 0xA0C3, 0x98C3, 0x9080,   // 0x2710 (10000) pixels
0x9084, 0x9884, 0x9063, 0x9063, 0x9883, 0x98C3, 0x90A2, 0x8881, 0x7884, 0x70A4, 0x6926, 0x3084, 0x0804, 0x0025, 0x0004, 0x0804,   // 0x2720 (10016) pixels
0x0024, 0x0024, 0x1086, 0x18C9, 0x20CA, 0x1067, 0x0023, 0x0000, 0x0000, 0x0000, 0x0000, 0x0000, 0x0000, 0x0000, 0x0000, 0x0000,   // 0x2730 (10032) pixels
0x0000, 0x0000, 0x0000, 0x0000, 0x0000, 0x0000, 0x0000, 0x0000, 0x0000, 0x0000, 0x0000, 0x0000, 0x0000, 0x0000, 0x0000, 0x0000,   // 0x2740 (10048) pixels
0x0000, 0x0000, 0x0000, 0x0000, 0x0000, 0x0000, 0x0000, 0x0000, 0x0000, 0x0000, 0x0000, 0x0000, 0x0000, 0x0000, 0x0000, 0x0000,   // 0x2750 (10064) pixels
0x0000, 0x0000, 0x0000, 0x0000, 0x0000, 0x0000, 0x0000, 0x0000, 0x0000, 0x0000, 0x0000, 0x0000, 0x0000, 0x0000, 0x0000, 0x0000,   // 0x2760 (10080) pixels
0x0000, 0x0000, 0x0000, 0x0000, 0x0000, 0x0000, 0x0000, 0x0000, 0x0000, 0x0000, 0x0000, 0x0000, 0x0000, 0x0000, 0x0000, 0x0000,   // 0x2770 (10096) pixels
0x0000, 0x0000, 0x0000, 0x0000, 0x0000, 0x0000, 0x0000, 0x0000, 0x0000, 0x0000, 0x0000, 0x0000, 0x0000, 0x0000, 0x0000, 0x0000,   // 0x2780 (10112) pixels
0x0000, 0x0000, 0x0000, 0x0000, 0x0000, 0x0000, 0x0800, 0x0820, 0x0000, 0x0021, 0x0020, 0x0020, 0x0840, 0x62A8, 0xBCEA, 0x9BA8,   // 0x2790 (10128) pixels
0x7944, 0x8804, 0x8004, 0x70A5, 0x68C5, 0x7023, 0x6905, 0x7064, 0x7824, 0x4003, 0x1084, 0x0043, 0x0003, 0x3A4D, 0x9558, 0x73F4,   // 0x27A0 (10144) pixels
0x398B, 0x2006, 0x4868, 0x710B, 0x78EA, 0x78C9, 0x68EA, 0x70AA, 0x6007, 0x69AD, 0xAE3C, 0x6495, 0x296C, 0x38CB, 0x3949, 0x9B07,   // 0x27B0 (10160) pixels
0xC368, 0x7A8C, 0x38E9, 0x4023, 0x2842, 0x0004, 0x0043, 0x1002, 0xA325, 0xFDE2, 0xFDC0, 0xFE21, 0xAC20, 0x3081, 0x8260, 0xE5A2,   // 0x27C0 (10176) pixels
0xF620, 0xFE20, 0xFE40, 0xEDA0, 0xFE01, 0xFDC1, 0xF442, 0xD301, 0xBA02, 0xA141, 0x8881, 0x8883, 0x90A4, 0x90A3, 0x90A2, 0x9882,   // 0x27D0 (10192) pixels
0x9882, 0x9863, 0x90A4, 0x78E5, 0x4863, 0x2001, 0x1802, 0x1823, 0x28E6, 0x2908, 0x212A, 0x20CA, 0x0806, 0x0805, 0x0021, 0x0002,   // 0x27E0 (10208) pixels
0x0004, 0x1068, 0x290C, 0x316D, 0x2109, 0x1064, 0x0002, 0x0001, 0x0000, 0x0000, 0x0000, 0x0000, 0x0000, 0x0000, 0x0000, 0x0000,   // 0x27F0 (10224) pixels
0x0000, 0x0000, 0x0000, 0x0000, 0x0000, 0x0000, 0x0000, 0x0000, 0x0000, 0x0000, 0x0000, 0x0000, 0x0000, 0x0000, 0x0000, 0x0000,   // 0x2800 (10240) pixels
0x0000, 0x0000, 0x0000, 0x0000, 0x0000, 0x0000, 0x0000, 0x0000, 0x0000, 0x0000, 0x0000, 0x0000, 0x0000, 0x0000, 0x0000, 0x0000,   // 0x2810 (10256) pixels
0x0000, 0x0000, 0x0000, 0x0000, 0x0000, 0x0000, 0x0000, 0x0000, 0x0000, 0x0000, 0x0000, 0x0000, 0x0000, 0x0000, 0x0000, 0x0000,   // 0x2820 (10272) pixels
0x0000, 0x0000, 0x0000, 0x0000, 0x0000, 0x0000, 0x0000, 0x0000, 0x0000, 0x0000, 0x0000, 0x0000, 0x0000, 0x0000, 0x0000, 0x0000,   // 0x2830 (10288) pixels
0x0000, 0x0000, 0x0000, 0x0000, 0x0000, 0x0000, 0x0000, 0x0000, 0x0000, 0x0000, 0x0000, 0x0000, 0x0000, 0x0000, 0x0000, 0x0000,   // 0x2840 (10304) pixels
0x0000, 0x0000, 0x0000, 0x0000, 0x0800, 0x0000, 0x0000, 0x0020, 0x08A1, 0x62A8, 0x82C7, 0xAB28, 0x7A24, 0x61C9, 0x3865, 0x68E5,   // 0x2850 (10320) pixels
0x9984, 0xCAA2, 0xEAC1, 0xFA04, 0xA8E3, 0xB8A3, 0xD8E5, 0xA8A4, 0x3000, 0x0000, 0x3A4C, 0x959A, 0x73B3, 0x41AC, 0x390A, 0x38A9,   // 0x2860 (10336) pixels
0x3047, 0x40A7, 0x3866, 0x3004, 0x2004, 0x2825, 0x3805, 0x516A, 0xA5DA, 0x6434, 0x292B, 0x312C, 0x388A, 0x6104, 0x81E4, 0x626B,   // 0x2870 (10352) pixels
0x292B, 0x1804, 0x0822, 0x0004, 0x0021, 0x0003, 0x59C2, 0xDCE1, 0xFDE1, 0xFE22, 0xAC22, 0x2001, 0x7A00, 0xF5C4, 0xFE40, 0xFDE0,   // 0x2880 (10368) pixels
0xFD60, 0xFD41, 0xFCA3, 0xC300, 0xB980, 0x98A0, 0x8882, 0x90C2, 0x98C2, 0x98A4, 0x90A4, 0x8882, 0x88A2, 0x88A3, 0x7083, 0x5003,   // 0x2890 (10384) pixels
0x3804, 0x2045, 0x0846, 0x0005, 0x0003, 0x0003, 0x0023, 0x10C7, 0x210A, 0x18AA, 0x0847, 0x0866, 0x0043, 0x0022, 0x0002, 0x0003,   // 0x28A0 (10400) pixels
0x1068, 0x210B, 0x294C, 0x210A, 0x1087, 0x0844, 0x0002, 0x0000, 0x0000, 0x0000, 0x0000, 0x0000, 0x0000, 0x0000, 0x0000, 0x0000,   // 0x28B0 (10416) pixels
0x0000, 0x0000, 0x0000, 0x0000, 0x0000, 0x0000, 0x0000, 0x0000, 0x0000, 0x0000, 0x0000, 0x0000, 0x0000, 0x0000, 0x0000, 0x0000,   // 0x28C0 (10432) pixels
0x0000, 0x0000, 0x0000, 0x0000, 0x0000, 0x0000, 0x0000, 0x0000, 0x0000, 0x0000, 0x0000, 0x0000, 0x0000, 0x0000, 0x0000, 0x0000,   // 0x28D0 (10448) pixels
0x0000, 0x0000, 0x0000, 0x0000, 0x0000, 0x0000, 0x0000, 0x0000, 0x0000, 0x0000, 0x0000, 0x0000, 0x0000, 0x0000, 0x0000, 0x0000,   // 0x28E0 (10464) pixels
0x0000, 0x0000, 0x0000, 0x0000, 0x0000, 0x0000, 0x0000, 0x0000, 0x0000, 0x0000, 0x0000, 0x0000, 0x0000, 0x0000, 0x0000, 0x0000,   // 0x28F0 (10480) pixels
0x0000, 0x0000, 0x0000, 0x0000, 0x0000, 0x0000, 0x0000, 0x0000, 0x0000, 0x0000, 0x0000, 0x0000, 0x0000, 0x0000, 0x0000, 0x0000,   // 0x2900 (10496) pixels
0x0000, 0x0000, 0x0000, 0x0000, 0x0021, 0x0040, 0x3184, 0xBCCF, 0xC3AA, 0x90E0, 0x4028, 0x2024, 0x4A09, 0xBD92, 0xD62D, 0xF64A,   // 0x2910 (10512) pixels
0xEC65, 0xFB02, 0xD205, 0xC101, 0xE0A2, 0xE104, 0x6820, 0x3124, 0x7C53, 0x955A, 0x416B, 0x38E9, 0x59CD, 0x412A, 0x1005, 0x0024,   // 0x2920 (10528) pixels
0x0002, 0x0002, 0x0023, 0x0022, 0x0823, 0x3968, 0xA5DA, 0x7454, 0x31AC, 0x21AC, 0x212D, 0x2865, 0x6144, 0x4127, 0x1809, 0x2806,   // 0x2930 (10544) pixels
0x1002, 0x0005, 0x0000, 0x0002, 0x0800, 0x92C1, 0xFD63, 0xFDE0, 0xFE42, 0xDD42, 0xEDE2, 0xFE01, 0xFD60, 0xFC82, 0xF3A3, 0xD281,   // 0x2940 (10560) pixels
0xB162, 0x9885, 0xA023, 0x98A6, 0x88C5, 0x88C2, 0x98A2, 0xA063, 0x98A4, 0x88A1, 0x5863, 0x4844, 0x2004, 0x0004, 0x0006, 0x0868,   // 0x2950 (10576) pixels
0x18AA, 0x20C9, 0x1066, 0x0844, 0x0002, 0x0025, 0x0847, 0x0047, 0x196A, 0x3ACD, 0x31AC, 0x18E7, 0x0043, 0x0022, 0x0003, 0x0006,   // 0x2960 (10592) pixels
0x1049, 0x20EB, 0x314B, 0x20C8, 0x0843, 0x0000, 0x0000, 0x0000, 0x0000, 0x0000, 0x0000, 0x0000, 0x0000, 0x0000, 0x0000, 0x0000,   // 0x2970 (10608) pixels
0x0000, 0x0000, 0x0000, 0x0000, 0x0000, 0x0000, 0x0000, 0x0000, 0x0000, 0x0000, 0x0000, 0x0000, 0x0000, 0x0000, 0x0000, 0x0000,   // 0x2980 (10624) pixels
0x0000, 0x0000, 0x0000, 0x0000, 0x0000, 0x0000, 0x0000, 0x0000, 0x0000, 0x0000, 0x0000, 0x0000, 0x0000, 0x0000, 0x0000, 0x0000,   // 0x2990 (10640) pixels
0x0000, 0x0000, 0x0000, 0x0000, 0x0000, 0x0000, 0x0000, 0x0000, 0x0000, 0x0000, 0x0000, 0x0000, 0x0000, 0x0000, 0x0000, 0x0000,   // 0x29A0 (10656) pixels
0x0000, 0x0000, 0x0000, 0x0000, 0x0000, 0x0000, 0x0000, 0x0000, 0x0000, 0x0000, 0x0000, 0x0000, 0x0000, 0x0000, 0x0000, 0x0000,   // 0x29B0 (10672) pixels
0x0000, 0x0000, 0x0000, 0x0000, 0x0000, 0x0000, 0x0000, 0x0000, 0x0000, 0x0000, 0x0000, 0x0000, 0x0000, 0x0820, 0x0000, 0x0000,   // 0x29C0 (10688) pixels
0x0021, 0x0000, 0x0080, 0x7BA5, 0xCC08, 0xBB29, 0x7187, 0x4025, 0x2000, 0x3A27, 0xC698, 0xBF7C, 0xB77C, 0xD7DD, 0xCFD7, 0xCE8F,   // 0x29D0 (10704) pixels
0xE2A0, 0xD8C2, 0xA903, 0xD8A4, 0xC066, 0x9472, 0xAE19, 0x6BF1, 0x512C, 0x40A9, 0x390A, 0x3109, 0x0004, 0x0002, 0x0023, 0x0002,   // 0x29E0 (10720) pixels
0x1004, 0x0003, 0x0823, 0x52CD, 0xA598, 0x8475, 0x39AC, 0x414B, 0x412B, 0x1028, 0x5005, 0x90A5, 0x4886, 0x1006, 0x1807, 0x0068,   // 0x29F0 (10736) pixels
0x0022, 0x0005, 0x0002, 0x4882, 0xED03, 0x9300, 0xB4A0, 0xFE42, 0xFD62, 0xFC42, 0xF2A2, 0xD162, 0xA8C3, 0x90A3, 0x88C4, 0x88C4,   // 0x2A00 (10752) pixels
0x90C2, 0x90A2, 0x98C3, 0xA0E5, 0x90C5, 0x6885, 0x3043, 0x1002, 0x0003, 0x0004, 0x0025, 0x0006, 0x1008, 0x290C, 0x3A10, 0x2A70,   // 0x2A10 (10768) pixels
0x324E, 0x196B, 0x0067, 0x0026, 0x0026, 0x0867, 0x216A, 0x322C, 0x32CF, 0x21AA, 0x2842, 0x7963, 0x58E1, 0x0800, 0x0003, 0x1047,   // 0x2A20 (10784) pixels
0x0866, 0x2129, 0x294B, 0x18C8, 0x0025, 0x0001, 0x0000, 0x0020, 0x0000, 0x0000, 0x0000, 0x0000, 0x0000, 0x0000, 0x0000, 0x0000,   // 0x2A30 (10800) pixels
0x0000, 0x0000, 0x0000, 0x0000, 0x0000, 0x0000, 0x0000, 0x0000, 0x0000, 0x0000, 0x0000, 0x0000, 0x0000, 0x0000, 0x0000, 0x0000,   // 0x2A40 (10816) pixels
0x0000, 0x0000, 0x0000, 0x0000, 0x0000, 0x0000, 0x0000, 0x0000, 0x0000, 0x0000, 0x0000, 0x0000, 0x0000, 0x0000, 0x0000, 0x0000,   // 0x2A50 (10832) pixels
0x0000, 0x0000, 0x0000, 0x0000, 0x0000, 0x0000, 0x0000, 0x0000, 0x0000, 0x0000, 0x0000, 0x0000, 0x0000, 0x0000, 0x0000, 0x0000,   // 0x2A60 (10848) pixels
0x0000, 0x0000, 0x0000, 0x0000, 0x0000, 0x0000, 0x0000, 0x0000, 0x0000, 0x0000, 0x0000, 0x0000, 0x0000, 0x0000, 0x0000, 0x0000,   // 0x2A70 (10864) pixels
0x0000, 0x0000, 0x0000, 0x0000, 0x0000, 0x0000, 0x0000, 0x0000, 0x0000, 0x0000, 0x0000, 0x0000, 0x0000, 0x0000, 0x0021, 0x5104,   // 0x2A80 (10880) pixels
0x92C6, 0xB46D, 0x928E, 0x50C9, 0x20A3, 0x1061, 0x3144, 0xAE9A, 0x63F3, 0x5C14, 0x3AEF, 0xAE9B, 0xBFFC, 0xC798, 0xEAC0, 0xD902,   // 0x2A90 (10896) pixels
0x8840, 0xB801, 0xD1A9, 0xB5F7, 0xADF8, 0x52CE, 0x514C, 0x494B, 0x28A8, 0x0804, 0x0003, 0x0002, 0x0002, 0x0002, 0x0003, 0x0002,   // 0x2AA0 (10912) pixels
0x0023, 0x6B91, 0xB61B, 0x7413, 0x41CC, 0x416C, 0x30CA, 0x290B, 0x5087, 0x78E5, 0x59CA, 0x422D, 0x4A2E, 0x2A0D, 0x08C5, 0x0005,   // 0x2AB0 (10928) pixels
0x0004, 0x2002, 0xB3C3, 0xA3A4, 0xABE3, 0xDBE0, 0xD141, 0xA900, 0x78E0, 0x70C1, 0x90C3, 0xA0C3, 0xA8A2, 0xA081, 0x9105, 0x80C4,   // 0x2AC0 (10944) pixels
0x6083, 0x5043, 0x3823, 0x2023, 0x0823, 0x0023, 0x0023, 0x0004, 0x0005, 0x0827, 0x192B, 0x322F, 0x3A91, 0x3A70, 0x42F1, 0x4290,   // 0x2AD0 (10960) pixels
0x31AD, 0x210A, 0x1088, 0x0826, 0x1087, 0x10E8, 0x08A8, 0x39CB, 0x4906, 0x9AC9, 0x6163, 0x0820, 0x0001, 0x0803, 0x0024, 0x1086,   // 0x2AE0 (10976) pixels
0x18A8, 0x18C9, 0x2109, 0x10A6, 0x0021, 0x0000, 0x0000, 0x0000, 0x0000, 0x0000, 0x0000, 0x0000, 0x0000, 0x0000, 0x0000, 0x0000,   // 0x2AF0 (10992) pixels
0x0000, 0x0000, 0x0000, 0x0000, 0x0000, 0x0000, 0x0000, 0x0000, 0x0000, 0x0000, 0x0000, 0x0000, 0x0000, 0x0000, 0x0000, 0x0000,   // 0x2B00 (11008) pixels
0x0000, 0x0000, 0x0000, 0x0000, 0x0000, 0x0000, 0x0000, 0x0000, 0x0000, 0x0000, 0x0000, 0x0000, 0x0000, 0x0000, 0x0000, 0x0000,   // 0x2B10 (11024) pixels
0x0000, 0x0000, 0x0000, 0x0000, 0x0000, 0x0000, 0x0000, 0x0000, 0x0000, 0x0000, 0x0000, 0x0000, 0x0000, 0x0000, 0x0000, 0x0000,   // 0x2B20 (11040) pixels
0x0000, 0x0000, 0x0000, 0x0000, 0x0000, 0x0000, 0x0000, 0x0000, 0x0000, 0x0000, 0x0000, 0x0000, 0x0000, 0x0000, 0x0000, 0x0000,   // 0x2B30 (11056) pixels
0x0000, 0x0000, 0x0000, 0x0000, 0x0000, 0x0000, 0x0000, 0x0000, 0x0000, 0x0000, 0x0820, 0x1082, 0x7122, 0xB8E5, 0xC207, 0x7B2C,   // 0x2B40 (11072) pixels
0x21AE, 0x0026, 0x1820, 0x3801, 0x9C6F, 0x9619, 0x222F, 0x3271, 0x00AA, 0x63D5, 0xD7FF, 0xC6F9, 0xF2A0, 0xE9A4, 0x8882, 0xA001,   // 0x2B50 (11088) pixels
0xCA8C, 0xBE98, 0x9535, 0x49CB, 0x518B, 0x51AC, 0x28C7, 0x0003, 0x0003, 0x0023, 0x0002, 0x0823, 0x0023, 0x0002, 0x424C, 0xADB9,   // 0x2B60 (11104) pixels
0x94F7, 0x424E, 0x396C, 0x30EB, 0x312B, 0x3A0E, 0x4929, 0x6167, 0x634F, 0x5BD3, 0x6372, 0x4310, 0x3AAE, 0x194A, 0x0027, 0x0002,   // 0x2B70 (11120) pixels
0x6A03, 0xBBC7, 0xA283, 0x90E0, 0xA885, 0x7042, 0x5020, 0x6061, 0x9884, 0xB0A4, 0xA0C3, 0x80C1, 0x4804, 0x3803, 0x1802, 0x0002,   // 0x2B80 (11136) pixels
0x0003, 0x0003, 0x0004, 0x0004, 0x0003, 0x0004, 0x0004, 0x0847, 0x216C, 0x322E, 0x31ED, 0x298C, 0x198C, 0x4290, 0x52D1, 0x4A70,   // 0x2B90 (11152) pixels
0x318D, 0x18A8, 0x0827, 0x0006, 0x0047, 0x29AB, 0x1864, 0x38A2, 0x1840, 0x0040, 0x0040, 0x0000, 0x0001, 0x0003, 0x0025, 0x18A9,   // 0x2BA0 (11168) pixels
0x296B, 0x2108, 0x0022, 0x0000, 0x0000, 0x0000, 0x0000, 0x0000, 0x0000, 0x0000, 0x0000, 0x0000, 0x0000, 0x0000, 0x0000, 0x0000,   // 0x2BB0 (11184) pixels
0x0000, 0x0000, 0x0000, 0x0000, 0x0000, 0x0000, 0x0000, 0x0000, 0x0000, 0x0000, 0x0000, 0x0000, 0x0000, 0x0000, 0x0000, 0x0000,   // 0x2BC0 (11200) pixels
0x0000, 0x0000, 0x0000, 0x0000, 0x0000, 0x0000, 0x0000, 0x0000, 0x0000, 0x0000, 0x0000, 0x0000, 0x0000, 0x0000, 0x0000, 0x0000,   // 0x2BD0 (11216) pixels
0x0000, 0x0000, 0x0000, 0x0000, 0x0000, 0x0000, 0x0000, 0x0000, 0x0000, 0x0000, 0x0000, 0x0000, 0x0000, 0x0000, 0x0000, 0x0000,   // 0x2BE0 (11232) pixels
0x0000, 0x0000, 0x0000, 0x0000, 0x0000, 0x0000, 0x0000, 0x0000, 0x0000, 0x0000, 0x0000, 0x0000, 0x0000, 0x0000, 0x0000, 0x0000,   // 0x2BF0 (11248) pixels
0x0000, 0x0000, 0x0000, 0x0000, 0x0000, 0x0000, 0x0000, 0x0000, 0x0841, 0x18C3, 0xAA42, 0xD904, 0xC0C5, 0x5927, 0x08C8, 0x0063,   // 0x2C00 (11264) pixels
0x4923, 0x9946, 0xDDF4, 0x74B3, 0x0046, 0x0826, 0x0006, 0x84DA, 0xBF3D, 0xB4AB, 0xFA80, 0xE1A4, 0x8883, 0x9801, 0xC32D, 0xB6B8,   // 0x2C10 (11280) pixels
0x94F5, 0x59CC, 0x496A, 0x30E8, 0x0824, 0x0002, 0x0002, 0x0002, 0x0002, 0x0002, 0x0022, 0x21A9, 0x9D78, 0xB5FB, 0x5AF0, 0x316B,   // 0x2C20 (11296) pixels
0x398D, 0x394D, 0x4A30, 0x424F, 0x498B, 0x626D, 0x6C74, 0x5C35, 0x42F1, 0x32AF, 0x3AD0, 0x4AD0, 0x296D, 0x0025, 0x2021, 0x89E1,   // 0x2C30 (11312) pixels
0x9901, 0xA0A3, 0x8902, 0x80C1, 0x80A2, 0x88C3, 0x88C5, 0x7084, 0x4863, 0x2843, 0x0803, 0x0804, 0x0025, 0x0025, 0x0025, 0x0006,   // 0x2C40 (11328) pixels
0x0805, 0x0805, 0x0804, 0x0004, 0x0005, 0x0026, 0x292A, 0x41EE, 0x420E, 0x29CC, 0x21CE, 0x21AD, 0x114B, 0x218C, 0x31EE, 0x298C,   // 0x2C50 (11344) pixels
0x192A, 0x10C9, 0x090A, 0x3AB0, 0x3A6E, 0x0002, 0x0000, 0x0060, 0x0040, 0x0800, 0x0020, 0x0000, 0x0002, 0x0845, 0x18C7, 0x0864,   // 0x2C60 (11360) pixels
0x0001, 0x0000, 0x0000, 0x0000, 0x0000, 0x0000, 0x0000, 0x0000, 0x0000, 0x0000, 0x0000, 0x0000, 0x0000, 0x0000, 0x0000, 0x0000,   // 0x2C70 (11376) pixels
0x0000, 0x0000, 0x0000, 0x0000, 0x0000, 0x0000, 0x0000, 0x0000, 0x0000, 0x0000, 0x0000, 0x0000, 0x0000, 0x0000, 0x0000, 0x0000,   // 0x2C80 (11392) pixels
0x0000, 0x0000, 0x0000, 0x0000, 0x0000, 0x0000, 0x0000, 0x0000, 0x0000, 0x0000, 0x0000, 0x0000, 0x0000, 0x0000, 0x0000, 0x0000,   // 0x2C90 (11408) pixels
0x0000, 0x0000, 0x0000, 0x0000, 0x0000, 0x0000, 0x0000, 0x0000, 0x0000, 0x0000, 0x0000, 0x0000, 0x0000, 0x0000, 0x0000, 0x0000,   // 0x2CA0 (11424) pixels
0x0000, 0x0000, 0x0000, 0x0000, 0x0000, 0x0000, 0x0000, 0x0000, 0x0000, 0x0000, 0x0000, 0x0000, 0x0000, 0x0000, 0x0000, 0x0000,   // 0x2CB0 (11440) pixels
0x0000, 0x0000, 0x0000, 0x0000, 0x0000, 0x0000, 0x0000, 0x0820, 0x4101, 0x8902, 0x90E3, 0x4821, 0x1000, 0x0002, 0x5166, 0xC264,   // 0x2CC0 (11456) pixels
0xEE73, 0x8556, 0x0088, 0x1002, 0x420A, 0xAEBF, 0x7CD2, 0xAA61, 0xFA61, 0xB903, 0x8822, 0xA042, 0xC38D, 0xB6D8, 0x9D15, 0x59EC,   // 0x2CD0 (11472) pixels
0x498A, 0x2066, 0x0002, 0x0003, 0x0044, 0x0002, 0x0002, 0x0023, 0x21C9, 0x8CF6, 0xB61C, 0x6B52, 0x398C, 0x41CD, 0x41AD, 0x49EF,   // 0x2CE0 (11488) pixels
0x39AF, 0x20C9, 0x2887, 0x4A0D, 0x5C35, 0x5C15, 0x3AB1, 0x2A90, 0x3250, 0x4270, 0x18CB, 0x0845, 0x1002, 0x8140, 0xA0E1, 0xA8A5,   // 0x2CF0 (11504) pixels
0xA0E2, 0x98E2, 0x88C2, 0x58A2, 0x2862, 0x0002, 0x0003, 0x0005, 0x0044, 0x0024, 0x0005, 0x0005, 0x0006, 0x0826, 0x1046, 0x1066,   // 0x2D00 (11520) pixels
0x1047, 0x0006, 0x0005, 0x0026, 0x10A9, 0x298D, 0x320F, 0x2A2F, 0x3A50, 0x5353, 0x3290, 0x094B, 0x19ED, 0x4B73, 0x5373, 0x21ED,   // 0x2D10 (11536) pixels
0x09AD, 0x3B53, 0x4332, 0x0065, 0x0023, 0x00A4, 0x0042, 0x1000, 0x0020, 0x0020, 0x0000, 0x0001, 0x0022, 0x0001, 0x0000, 0x0020,   // 0x2D20 (11552) pixels
0x0000, 0x0000, 0x0000, 0x0000, 0x0000, 0x0000, 0x0000, 0x0000, 0x0000, 0x0000, 0x0000, 0x0000, 0x0000, 0x0000, 0x0000, 0x0000,   // 0x2D30 (11568) pixels
0x0000, 0x0000, 0x0000, 0x0000, 0x0000, 0x0000, 0x0000, 0x0000, 0x0000, 0x0000, 0x0000, 0x0000, 0x0000, 0x0000, 0x0000, 0x0000,   // 0x2D40 (11584) pixels
0x0000, 0x0000, 0x0000, 0x0000, 0x0000, 0x0000, 0x0000, 0x0000, 0x0000, 0x0000, 0x0000, 0x0000, 0x0000, 0x0000, 0x0000, 0x0000,   // 0x2D50 (11600) pixels
0x0000, 0x0000, 0x0000, 0x0000, 0x0000, 0x0000, 0x0000, 0x0000, 0x0000, 0x0000, 0x0000, 0x0000, 0x0000, 0x0000, 0x0000, 0x0000,   // 0x2D60 (11616) pixels
0x0000, 0x0000, 0x0000, 0x0000, 0x0000, 0x0000, 0x0000, 0x0000, 0x0000, 0x0000, 0x0000, 0x0000, 0x0000, 0x0000, 0x0000, 0x0000,   // 0x2D70 (11632) pixels
0x0000, 0x0000, 0x0000, 0x0000, 0x0000, 0x0000, 0x0002, 0x2040, 0x2080, 0x0000, 0x0020, 0x0022, 0x40A4, 0xC962, 0xE58F, 0xE7FF,   // 0x2D80 (11648) pixels
0xA61D, 0x6C31, 0xB6F9, 0x95D6, 0x7309, 0xE224, 0xD9E4, 0x9842, 0x9821, 0xC8C3, 0xD3EE, 0xBED9, 0x94F5, 0x498B, 0x4929, 0x30A7,   // 0x2D90 (11664) pixels
0x1004, 0x0002, 0x0003, 0x0002, 0x10C6, 0x52CD, 0x8D17, 0x9D9A, 0x6BB3, 0x316B, 0x312B, 0x49CE, 0x4A0E, 0x39CD, 0x310B, 0x1804,   // 0x2DA0 (11680) pixels
0x2004, 0x2889, 0x324E, 0x4B32, 0x4291, 0x3A90, 0x322F, 0x31CE, 0x0828, 0x0824, 0x0803, 0x60E0, 0x9923, 0x88C5, 0x80A5, 0x6084,   // 0x2DB0 (11696) pixels
0x3843, 0x1002, 0x0002, 0x0003, 0x0005, 0x0005, 0x0003, 0x0004, 0x0826, 0x1888, 0x18C9, 0x2109, 0x2149, 0x298A, 0x10A8, 0x0806,   // 0x2DC0 (11712) pixels
0x1005, 0x1005, 0x0826, 0x08A9, 0x19AD, 0x2A51, 0x320F, 0x5B74, 0x5BF5, 0x4BB3, 0x3B72, 0x4BB3, 0x5393, 0x3AAF, 0x32B0, 0x3312,   // 0x2DD0 (11728) pixels
0x0109, 0x0004, 0x0824, 0x1969, 0x1949, 0x1065, 0x0000, 0x0000, 0x0000, 0x0000, 0x0000, 0x0000, 0x0000, 0x0000, 0x0000, 0x0000,   // 0x2DE0 (11744) pixels
0x0000, 0x0000, 0x0000, 0x0000, 0x0000, 0x0000, 0x0000, 0x0000, 0x0000, 0x0000, 0x0000, 0x0000, 0x0000, 0x0000, 0x0000, 0x0000,   // 0x2DF0 (11760) pixels
0x0000, 0x0000, 0x0000, 0x0000, 0x0000, 0x0000, 0x0000, 0x0000, 0x0000, 0x0000, 0x0000, 0x0000, 0x0000, 0x0000, 0x0000, 0x0000,   // 0x2E00 (11776) pixels
0x0000, 0x0000, 0x0000, 0x0000, 0x0000, 0x0000, 0x0000, 0x0000, 0x0000, 0x0000, 0x0000, 0x0000, 0x0000, 0x0000, 0x0000, 0x0000,   // 0x2E10 (11792) pixels
0x0000, 0x0000, 0x0000, 0x0000, 0x0000, 0x0000, 0x0000, 0x0000, 0x0000, 0x0000, 0x0000, 0x0000, 0x0000, 0x0000, 0x0000, 0x0000,   // 0x2E20 (11808) pixels
0x0000, 0x0000, 0x0000, 0x0000, 0x0000, 0x0000, 0x0000, 0x0000, 0x0000, 0x0000, 0x0000, 0x0000, 0x0000, 0x0000, 0x0000, 0x0000,   // 0x2E30 (11824) pixels
0x0000, 0x0000, 0x0000, 0x0820, 0x0022, 0x0020, 0x0020, 0x0001, 0x0040, 0x0060, 0x40A3, 0xD105, 0xECEB, 0xEF15, 0xDF9B, 0xBF38,   // 0x2E40 (11840) pixels
0xAE13, 0x7A64, 0xA203, 0xFA05, 0xB0C5, 0x8002, 0xA841, 0xE0C2, 0xDBAD, 0xBEBA, 0xA578, 0x62AF, 0x516B, 0x4929, 0x2867, 0x1804,   // 0x2E50 (11856) pixels
0x1045, 0x2949, 0x5B50, 0x9537, 0x8CF8, 0x4AD0, 0x214B, 0x290B, 0x390B, 0x498D, 0x4A0E, 0x298B, 0x30C7, 0x48C3, 0x5085, 0x3027,   // 0x2E60 (11872) pixels
0x18C8, 0x39CC, 0x422F, 0x428F, 0x4A6E, 0x110B, 0x0006, 0x0003, 0x0804, 0x3882, 0x60E3, 0x4043, 0x1803, 0x1004, 0x0005, 0x0806,   // 0x2E70 (11888) pixels
0x1828, 0x2848, 0x2047, 0x1025, 0x1003, 0x1004, 0x1047, 0x20EA, 0x214C, 0x214B, 0x292A, 0x392A, 0x4086, 0x5045, 0x6845, 0x70A6,   // 0x2E80 (11904) pixels
0x60A6, 0x3866, 0x2088, 0x18AA, 0x318D, 0x4290, 0x5394, 0x5C15, 0x5C35, 0x5C15, 0x5B93, 0x426F, 0x51CC, 0x41AC, 0x2026, 0x3004,   // 0x2E90 (11920) pixels
0x2805, 0x2109, 0x194B, 0x10E9, 0x0822, 0x0001, 0x0000, 0x0020, 0x0020, 0x0000, 0x0000, 0x0000, 0x0000, 0x0000, 0x0000, 0x0000,   // 0x2EA0 (11936) pixels
0x0000, 0x0000, 0x0000, 0x0000, 0x0000, 0x0000, 0x0000, 0x0000, 0x0000, 0x0000, 0x0000, 0x0000, 0x0000, 0x0000, 0x0000, 0x0000,   // 0x2EB0 (11952) pixels
0x0000, 0x0000, 0x0000, 0x0000, 0x0000, 0x0000, 0x0000, 0x0000, 0x0000, 0x0000, 0x0000, 0x0000, 0x0000, 0x0000, 0x0000, 0x0000,   // 0x2EC0 (11968) pixels
0x0000, 0x0000, 0x0000, 0x0000, 0x0000, 0x0000, 0x0000, 0x0000, 0x0000, 0x0000, 0x0000, 0x0000, 0x0000, 0x0000, 0x0000, 0x0000,   // 0x2ED0 (11984) pixels
0x0000, 0x0000, 0x0000, 0x0000, 0x0000, 0x0000, 0x0000, 0x0000, 0x0000, 0x0000, 0x0000, 0x0000, 0x0000, 0x0000, 0x0000, 0x0000,   // 0x2EE0 (12000) pixels
0x0000, 0x0000, 0x0000, 0x0000, 0x0000, 0x0000, 0x0000, 0x0000, 0x0000, 0x0000, 0x0000, 0x0000, 0x0000, 0x0000, 0x0000, 0x0000,   // 0x2EF0 (12016) pixels
0x0000, 0x0000, 0x0000, 0x0800, 0x0001, 0x0002, 0x0001, 0x0000, 0x5060, 0xD866, 0xDC86, 0xF6AB, 0xCD8A, 0x8BC8, 0x9245, 0xD9E2,   // 0x2F00 (12032) pixels
0xF2A2, 0xD1A0, 0x8804, 0x8004, 0xD104, 0xE880, 0xC289, 0xADB7, 0xB61B, 0x9CF7, 0x9353, 0x7A8F, 0x722E, 0x6A4E, 0x72F0, 0x94B6,   // 0x2F10 (12048) pixels
0xA59A, 0x84F6, 0x428F, 0x214B, 0x292B, 0x28EB, 0x30CB, 0x390B, 0x18A8, 0x08C7, 0x30C5, 0x71C5, 0x89C8, 0x50A8, 0x1844, 0x1845,   // 0x2F20 (12064) pixels
0x20C8, 0x29AB, 0x31AA, 0x0028, 0x0026, 0x0803, 0x0026, 0x0803, 0x2021, 0x1003, 0x1803, 0x1046, 0x0868, 0x0829, 0x1809, 0x3029,   // 0x2F30 (12080) pixels
0x3088, 0x28A7, 0x3867, 0x2027, 0x1868, 0x10EB, 0x192C, 0x20EB, 0x40AA, 0x58AB, 0x8844, 0x9043, 0x9801, 0xA801, 0xB884, 0x98C6,   // 0x2F40 (12096) pixels
0x6046, 0x3005, 0x1089, 0x214B, 0x326F, 0x4B72, 0x4B72, 0x4B31, 0x52D0, 0x39AC, 0x7888, 0x7089, 0x88CA, 0x9067, 0x7888, 0x48EA,   // 0x2F50 (12112) pixels
0x292C, 0x212C, 0x1887, 0x0003, 0x0001, 0x0000, 0x0000, 0x0000, 0x0000, 0x0000, 0x0000, 0x0000, 0x0000, 0x0000, 0x0000, 0x0000,   // 0x2F60 (12128) pixels
0x0000, 0x0000, 0x0000, 0x0000, 0x0000, 0x0000, 0x0000, 0x0000, 0x0000, 0x0000, 0x0000, 0x0000, 0x0000, 0x0000, 0x0000, 0x0000,   // 0x2F70 (12144) pixels
0x0000, 0x0000, 0x0000, 0x0000, 0x0000, 0x0000, 0x0000, 0x0000, 0x0000, 0x0000, 0x0000, 0x0000, 0x0000, 0x0000, 0x0000, 0x0000,   // 0x2F80 (12160) pixels
0x0000, 0x0000, 0x0000, 0x0000, 0x0000, 0x0000, 0x0000, 0x0000, 0x0000, 0x0000, 0x0000, 0x0000, 0x0000, 0x0000, 0x0000, 0x0000,   // 0x2F90 (12176) pixels
0x0000, 0x0000, 0x0000, 0x0000, 0x0000, 0x0000, 0x0000, 0x0000, 0x0000, 0x0000, 0x0000, 0x0000, 0x0000, 0x0000, 0x0000, 0x0000,   // 0x2FA0 (12192) pixels
0x0000, 0x0000, 0x0000, 0x0000, 0x0000, 0x0000, 0x0000, 0x0000, 0x0000, 0x0000, 0x0000, 0x0000, 0x0000, 0x0000, 0x0000, 0x0000,   // 0x2FB0 (12208) pixels
0x0800, 0x0800, 0x0000, 0x0020, 0x0040, 0x0800, 0x5002, 0xB108, 0xE8E4, 0xFA83, 0xFBA1, 0xFB40, 0xF260, 0xE243, 0xA903, 0x8865,   // 0x2FC0 (12224) pixels
0xA800, 0xD145, 0xB905, 0xA063, 0x9883, 0x9AAA, 0xAD76, 0xA5B9, 0xA61B, 0x95DA, 0x8DB9, 0x95DA, 0x9E1B, 0x9579, 0x73D3, 0x4A4E,   // 0x2FD0 (12240) pixels
0x416C, 0x418D, 0x41AD, 0x314B, 0x20EA, 0x1887, 0x0804, 0x0824, 0x1085, 0x49CB, 0x5A2B, 0x4946, 0x4022, 0x6085, 0x3025, 0x0066,   // 0x2FE0 (12256) pixels
0x10C9, 0x0006, 0x0005, 0x1007, 0x3007, 0x3808, 0x30C9, 0x394B, 0x4107, 0x418B, 0x314B, 0x1047, 0x1805, 0x3886, 0x61CB, 0x7AEF,   // 0x2FF0 (12272) pixels
0x82D0, 0x92D0, 0x920E, 0x40AA, 0x2029, 0x1807, 0x6026, 0x9865, 0x48A2, 0x2845, 0x1007, 0x2005, 0x3020, 0x8080, 0xC8A4, 0x78E3,   // 0x3000 (12288) pixels
0x0807, 0x0086, 0x0888, 0x204B, 0x20EB, 0x08A9, 0x406A, 0x9009, 0x806A, 0x5027, 0x3026, 0x3046, 0x4087, 0x68A9, 0x78AA, 0x48C8,   // 0x3010 (12304) pixels
0x28E9, 0x0085, 0x0001, 0x1000, 0x0000, 0x0000, 0x0020, 0x0000, 0x0000, 0x0000, 0x0000, 0x0000, 0x0000, 0x0000, 0x0000, 0x0000,   // 0x3020 (12320) pixels
0x0000, 0x0000, 0x0000, 0x0000, 0x0000, 0x0000, 0x0000, 0x0000, 0x0000, 0x0000, 0x0000, 0x0000, 0x0000, 0x0000, 0x0000, 0x0000,   // 0x3030 (12336) pixels
0x0000, 0x0000, 0x0000, 0x0000, 0x0000, 0x0000, 0x0000, 0x0000, 0x0000, 0x0000, 0x0000, 0x0000, 0x0000, 0x0000, 0x0000, 0x0000,   // 0x3040 (12352) pixels
0x0000, 0x0000, 0x0000, 0x0000, 0x0000, 0x0000, 0x0000, 0x0000, 0x0000, 0x0000, 0x0000, 0x0000, 0x0000, 0x0000, 0x0000, 0x0000,   // 0x3050 (12368) pixels
0x0000, 0x0000, 0x0000, 0x0000, 0x0000, 0x0000, 0x0000, 0x0000, 0x0000, 0x0000, 0x0000, 0x0000, 0x0000, 0x0000, 0x0000, 0x0000,   // 0x3060 (12384) pixels
0x0000, 0x0000, 0x0000, 0x0000, 0x0000, 0x0000, 0x0000, 0x0000, 0x0000, 0x0000, 0x0000, 0x0000, 0x0000, 0x0000, 0x0040, 0x0020,   // 0x3070 (12400) pixels
0x0801, 0x1002, 0x2863, 0x4043, 0x6824, 0x98C7, 0xC0C3, 0xC903, 0xE144, 0xE967, 0xC8E6, 0x9083, 0x7041, 0x88A3, 0xE143, 0xD185,   // 0x3080 (12416) pixels
0x8862, 0x5800, 0x6001, 0x70A6, 0x726D, 0x5C75, 0x8C75, 0x94F7, 0x9538, 0x8CD6, 0x73F3, 0x5AF0, 0x41CC, 0x392A, 0x414B, 0x41AD,   // 0x3090 (12432) pixels
0x49EE, 0x316C, 0x1067, 0x0025, 0x0005, 0x0025, 0x18A7, 0x2066, 0x2865, 0x3064, 0x5064, 0x70C7, 0x48A8, 0x0005, 0x0846, 0x1005,   // 0x30A0 (12448) pixels
0x1806, 0x40A9, 0x58AA, 0x40A9, 0x316A, 0x320C, 0x4AAC, 0x52EE, 0x424E, 0x398C, 0x59CC, 0x82AF, 0x9B10, 0x9B30, 0xA290, 0x820D,   // 0x30B0 (12464) pixels
0x696B, 0x312B, 0x1049, 0x1827, 0x80E8, 0xA043, 0x2800, 0x0803, 0x0006, 0x0006, 0x0003, 0x2803, 0x9844, 0xD0A4, 0x58A9, 0x20A7,   // 0x30C0 (12480) pixels
0x0888, 0x1089, 0x08C8, 0x0025, 0x4828, 0x8829, 0x4007, 0x2046, 0x1046, 0x0805, 0x1804, 0x4027, 0x60A9, 0x60C9, 0x38EA, 0x0908,   // 0x30D0 (12496) pixels
0x0022, 0x0000, 0x0820, 0x0000, 0x0000, 0x0000, 0x0000, 0x0000, 0x0000, 0x0000, 0x0000, 0x0000, 0x0000, 0x0000, 0x0000, 0x0000,   // 0x30E0 (12512) pixels
0x0000, 0x0000, 0x0000, 0x0000, 0x0000, 0x0000, 0x0000, 0x0000, 0x0000, 0x0000, 0x0000, 0x0000, 0x0000, 0x0000, 0x0000, 0x0000,   // 0x30F0 (12528) pixels
0x0000, 0x0000, 0x0000, 0x0000, 0x0000, 0x0000, 0x0000, 0x0000, 0x0000, 0x0000, 0x0000, 0x0000, 0x0000, 0x0000, 0x0000, 0x0000,   // 0x3100 (12544) pixels
0x0000, 0x0000, 0x0000, 0x0000, 0x0000, 0x0000, 0x0000, 0x0000, 0x0000, 0x0000, 0x0000, 0x0000, 0x0000, 0x0000, 0x0000, 0x0000,   // 0x3110 (12560) pixels
0x0000, 0x0000, 0x0000, 0x0000, 0x0000, 0x0000, 0x0000, 0x0000, 0x0000, 0x0000, 0x0000, 0x0000, 0x0000, 0x0000, 0x0000, 0x0000,   // 0x3120 (12576) pixels
0x0000, 0x0000, 0x0000, 0x0000, 0x0000, 0x0000, 0x0000, 0x0000, 0x0000, 0x0000, 0x0000, 0x0000, 0x0040, 0x1042, 0x2844, 0x3844,   // 0x3130 (12592) pixels
0x4865, 0x5065, 0x6024, 0x8065, 0xC8C3, 0xC0E2, 0xA061, 0x9084, 0x7844, 0x8883, 0xB8C2, 0xF124, 0xD183, 0x98A1, 0x7802, 0x5003,   // 0x3140 (12608) pixels
0x1001, 0x1044, 0x2067, 0x394C, 0x59CB, 0x59EC, 0x5A0C, 0x49EC, 0x49AB, 0x498B, 0x518C, 0x59AC, 0x49AC, 0x41AC, 0x316B, 0x1088,   // 0x3150 (12624) pixels
0x0006, 0x0005, 0x0025, 0x0886, 0x10C8, 0x18A8, 0x28C8, 0x2865, 0x5908, 0x60C8, 0x3827, 0x0806, 0x1004, 0x48E9, 0x618B, 0x7A4D,   // 0x3160 (12640) pixels
0x7A2D, 0x5A0C, 0x5B71, 0x6C54, 0x5B4E, 0x7350, 0x82F1, 0x8AB1, 0x92D0, 0x9AAF, 0x89EC, 0x7129, 0x7867, 0x68A8, 0x592A, 0x52B0,   // 0x3170 (12656) pixels
0x4250, 0x30E9, 0x80C6, 0xA000, 0x2003, 0x0804, 0x0826, 0x1006, 0x0807, 0x0025, 0x3822, 0xD884, 0xA109, 0x38EA, 0x212C, 0x316C,   // 0x3180 (12672) pixels
0x1949, 0x1825, 0x6027, 0x7848, 0x20C8, 0x216A, 0x198A, 0x10A7, 0x0804, 0x1805, 0x4867, 0x7849, 0x510C, 0x4ACF, 0x11A8, 0x0001,   // 0x3190 (12688) pixels
0x0000, 0x0820, 0x0000, 0x0000, 0x0000, 0x0000, 0x0000, 0x0000, 0x0000, 0x0000, 0x0000, 0x0000, 0x0000, 0x0000, 0x0000, 0x0000,   // 0x31A0 (12704) pixels
0x0000, 0x0000, 0x0000, 0x0000, 0x0000, 0x0000, 0x0000, 0x0000, 0x0000, 0x0000, 0x0000, 0x0000, 0x0000, 0x0000, 0x0000, 0x0000,   // 0x31B0 (12720) pixels
0x0000, 0x0000, 0x0000, 0x0000, 0x0000, 0x0000, 0x0000, 0x0000, 0x0000, 0x0000, 0x0000, 0x0000, 0x0000, 0x0000, 0x0000, 0x0000,   // 0x31C0 (12736) pixels
0x0000, 0x0000, 0x0000, 0x0000, 0x0000, 0x0000, 0x0000, 0x0000, 0x0000, 0x0000, 0x0000, 0x0000, 0x0000, 0x0000, 0x0000, 0x0000,   // 0x31D0 (12752) pixels
0x0000, 0x0000, 0x0000, 0x0000, 0x0000, 0x0000, 0x0000, 0x0000, 0x0000, 0x0000, 0x0000, 0x0000, 0x0000, 0x0000, 0x0000, 0x0000,   // 0x31E0 (12768) pixels
0x0000, 0x0000, 0x0000, 0x0000, 0x0020, 0x0000, 0x0000, 0x0000, 0x0000, 0x0800, 0x3003, 0x2823, 0x2024, 0x2844, 0x3845, 0x4845,   // 0x31F0 (12784) pixels
0x4803, 0x4823, 0xB063, 0xD124, 0xB901, 0xA943, 0xA943, 0xD164, 0xD984, 0xB942, 0xB0E2, 0x7062, 0x4824, 0x3087, 0x1949, 0x19CB,   // 0x3200 (12800) pixels
0x1067, 0x40EB, 0x61AA, 0x61AB, 0x61EB, 0x620C, 0x61EC, 0x59CC, 0x598C, 0x596B, 0x3129, 0x20A7, 0x0805, 0x0006, 0x1109, 0x29CC,   // 0x3210 (12816) pixels
0x3A4E, 0x5311, 0x5C14, 0x6C56, 0x63B4, 0x39AB, 0x4149, 0x38E8, 0x0805, 0x0006, 0x3086, 0x92D0, 0xABD2, 0xA412, 0x93B1, 0x732F,   // 0x3220 (12832) pixels
0x73D2, 0x73B3, 0x9B30, 0xA290, 0xA1CF, 0xA16E, 0x916B, 0x8129, 0x70C8, 0x7088, 0x7046, 0x78A8, 0x812B, 0x72D2, 0x52B2, 0x2929,   // 0x3230 (12848) pixels
0x7083, 0xB060, 0x1007, 0x0004, 0x0824, 0x3824, 0x7847, 0x4886, 0x2041, 0xA063, 0xA8A5, 0x2088, 0x08AA, 0x2889, 0x1087, 0x2005,   // 0x3240 (12864) pixels
0x6026, 0x5847, 0x0888, 0x194A, 0x19AC, 0x190A, 0x1007, 0x0005, 0x3026, 0x9009, 0x610C, 0x6BF4, 0x4BD1, 0x19A8, 0x0000, 0x0000,   // 0x3250 (12880) pixels
0x0800, 0x0000, 0x0000, 0x0000, 0x0000, 0x0000, 0x0000, 0x0000, 0x0000, 0x0000, 0x0000, 0x0000, 0x0000, 0x0000, 0x0000, 0x0000,   // 0x3260 (12896) pixels
0x0000, 0x0000, 0x0000, 0x0000, 0x0000, 0x0000, 0x0000, 0x0000, 0x0000, 0x0000, 0x0000, 0x0000, 0x0000, 0x0000, 0x0000, 0x0000,   // 0x3270 (12912) pixels
0x0000, 0x0000, 0x0000, 0x0000, 0x0000, 0x0000, 0x0000, 0x0000, 0x0000, 0x0000, 0x0000, 0x0000, 0x0000, 0x0000, 0x0000, 0x0000,   // 0x3280 (12928) pixels
0x0000, 0x0000, 0x0000, 0x0000, 0x0000, 0x0000, 0x0000, 0x0000, 0x0000, 0x0000, 0x0000, 0x0000, 0x0000, 0x0000, 0x0000, 0x0000,   // 0x3290 (12944) pixels
0x0000, 0x0000, 0x0000, 0x0000, 0x0000, 0x0000, 0x0000, 0x0000, 0x0000, 0x0000, 0x0000, 0x0000, 0x0000, 0x0000, 0x0000, 0x0000,   // 0x32A0 (12960) pixels
0x0000, 0x0000, 0x0000, 0x0000, 0x0000, 0x0800, 0x1021, 0x1862, 0x4825, 0x2003, 0x0002, 0x1003, 0x3825, 0x4005, 0x2802, 0x0800,   // 0x32B0 (12976) pixels
0x5064, 0xB926, 0xE924, 0xE164, 0xD104, 0xE0C5, 0xB0C5, 0x4862, 0x7863, 0x5003, 0x30E8, 0x3310, 0x53D4, 0x52F0, 0x0825, 0x0805,   // 0x32C0 (12992) pixels
0x3045, 0x3886, 0x4108, 0x496A, 0x4149, 0x3909, 0x30A8, 0x2867, 0x1045, 0x0004, 0x0846, 0x212A, 0x3A4E, 0x5B52, 0x7415, 0x8CB7,   // 0x32D0 (13008) pixels
0x6D18, 0x7D7A, 0x53D5, 0x3A6F, 0x18E8, 0x2128, 0x10C7, 0x0005, 0x1804, 0x71EC, 0x8A6D, 0x92CE, 0xA370, 0x9BB2, 0xA3F4, 0xAB94,   // 0x32E0 (13024) pixels
0xAAEF, 0xA1CD, 0x98AB, 0x9049, 0x8047, 0x7066, 0x7087, 0x78C9, 0x80C8, 0x8047, 0x88AA, 0x598E, 0x194C, 0x08E7, 0x6063, 0xC8A2,   // 0x32F0 (13040) pixels
0x3064, 0x0003, 0x0043, 0x4083, 0xC8E6, 0xD106, 0x8082, 0xC0A4, 0xB0A5, 0x1046, 0x0007, 0x1007, 0x0889, 0x2067, 0x68A9, 0x686A,   // 0x3300 (13056) pixels
0x0805, 0x0005, 0x0087, 0x0888, 0x0827, 0x0004, 0x2025, 0x8829, 0x58CB, 0x6393, 0x5C94, 0x5BF2, 0x29C9, 0x0001, 0x0000, 0x0040,   // 0x3310 (13072) pixels
0x0000, 0x0000, 0x0000, 0x0000, 0x0000, 0x0000, 0x0000, 0x0000, 0x0000, 0x0000, 0x0000, 0x0000, 0x0000, 0x0000, 0x0000, 0x0000,   // 0x3320 (13088) pixels
0x0000, 0x0000, 0x0000, 0x0000, 0x0000, 0x0000, 0x0000, 0x0000, 0x0000, 0x0000, 0x0000, 0x0000, 0x0000, 0x0000, 0x0000, 0x0000,   // 0x3330 (13104) pixels
0x0000, 0x0000, 0x0000, 0x0000, 0x0000, 0x0000, 0x0000, 0x0000, 0x0000, 0x0000, 0x0000, 0x0000, 0x0000, 0x0000, 0x0000, 0x0000,   // 0x3340 (13120) pixels
0x0000, 0x0000, 0x0000, 0x0000, 0x0000, 0x0000, 0x0000, 0x0000, 0x0000, 0x0000, 0x0000, 0x0000, 0x0000, 0x0000, 0x0000, 0x0000,   // 0x3350 (13136) pixels
0x0000, 0x0000, 0x0000, 0x0000, 0x0000, 0x0000, 0x0000, 0x0000, 0x0000, 0x0000, 0x0000, 0x0000, 0x0000, 0x0000, 0x0000, 0x0000,   // 0x3360 (13152) pixels
0x0000, 0x0000, 0x0800, 0x1821, 0x2864, 0x2885, 0x0822, 0x1803, 0x2804, 0x4006, 0x3826, 0x2003, 0x0801, 0x0000, 0x0020, 0x9904,   // 0x3370 (13168) pixels
0xD0C4, 0xA082, 0x7000, 0x9023, 0x9086, 0x4823, 0x2802, 0x3846, 0x422D, 0x5415, 0x53F4, 0x32CF, 0x00A6, 0x0804, 0x0804, 0x0804,   // 0x3380 (13184) pixels
0x1025, 0x1846, 0x1005, 0x0804, 0x0804, 0x0804, 0x0005, 0x0005, 0x214A, 0x31CC, 0x10E9, 0x10E9, 0x194A, 0x1929, 0x4351, 0x6CB7,   // 0x3390 (13200) pixels
0x32B1, 0x424F, 0x10A7, 0x0045, 0x0886, 0x0004, 0x1045, 0x50C8, 0x6867, 0x7067, 0x78C8, 0x70E9, 0x796A, 0xA1CE, 0x6948, 0x68E8,   // 0x33A0 (13216) pixels
0x78C9, 0x78A9, 0x78A8, 0x70A7, 0x70A8, 0x7068, 0x7867, 0x7827, 0x80A9, 0x51CD, 0x2A4E, 0x118A, 0x4823, 0xC0E5, 0x9042, 0x4001,   // 0x33B0 (13232) pixels
0x0822, 0x2862, 0x90A4, 0xC8A5, 0xB8A3, 0xD104, 0xC0A5, 0x3844, 0x0005, 0x0829, 0x114C, 0x18E9, 0x5848, 0x7009, 0x3025, 0x1004,   // 0x33C0 (13248) pixels
0x0005, 0x0026, 0x0006, 0x0005, 0x2846, 0x7068, 0x4069, 0x5331, 0x4C13, 0x6C75, 0x63D2, 0x29E9, 0x0021, 0x0000, 0x0000, 0x0000,   // 0x33D0 (13264) pixels
0x0000, 0x0000, 0x0000, 0x0000, 0x0000, 0x0000, 0x0000, 0x0000, 0x0000, 0x0000, 0x0000, 0x0000, 0x0000, 0x0000, 0x0000, 0x0000,   // 0x33E0 (13280) pixels
0x0000, 0x0000, 0x0000, 0x0000, 0x0000, 0x0000, 0x0000, 0x0000, 0x0000, 0x0000, 0x0000, 0x0000, 0x0000, 0x0000, 0x0000, 0x0000,   // 0x33F0 (13296) pixels
0x0000, 0x0000, 0x0000, 0x0000, 0x0000, 0x0000, 0x0000, 0x0000, 0x0000, 0x0000, 0x0000, 0x0000, 0x0000, 0x0000, 0x0000, 0x0000,   // 0x3400 (13312) pixels
0x0000, 0x0000, 0x0000, 0x0000, 0x0000, 0x0000, 0x0000, 0x0000, 0x0000, 0x0000, 0x0000, 0x0000, 0x0000, 0x0000, 0x0000, 0x0000,   // 0x3410 (13328) pixels
0x0000, 0x0000, 0x0000, 0x0000, 0x0000, 0x0000, 0x0000, 0x0000, 0x0000, 0x0000, 0x0000, 0x0000, 0x0000, 0x0000, 0x0000, 0x0800,   // 0x3420 (13344) pixels
0x1001, 0x2864, 0x3066, 0x3026, 0x0001, 0x3825, 0x6007, 0x5827, 0x2044, 0x0022, 0x0021, 0x0000, 0x0820, 0x7903, 0xA0E4, 0x6084,   // 0x3430 (13360) pixels
0x1801, 0x2001, 0x2842, 0x0800, 0x1002, 0x532E, 0x64B5, 0x6CD7, 0x63F5, 0x324E, 0x08E9, 0x10A8, 0x0827, 0x0847, 0x20C9, 0x20E9,   // 0x3440 (13376) pixels
0x1046, 0x0005, 0x0025, 0x0025, 0x0005, 0x18E9, 0x31CC, 0x190A, 0x0005, 0x0005, 0x0004, 0x0003, 0x4B10, 0x6435, 0x3250, 0x39CE,   // 0x3450 (13392) pixels
0x1087, 0x0003, 0x0003, 0x1024, 0x0004, 0x4047, 0x7089, 0x7868, 0x7868, 0x6046, 0x6847, 0xA92B, 0x7108, 0x6909, 0x710A, 0x7109,   // 0x3460 (13408) pixels
0x70A7, 0x7087, 0x7088, 0x7069, 0x6889, 0x792A, 0x694A, 0x52AF, 0x5373, 0x220D, 0x2803, 0x7085, 0xD0C5, 0xA884, 0x8884, 0x78A4,   // 0x3470 (13424) pixels
0x58C5, 0x68A7, 0x98E8, 0xB147, 0xB8C5, 0x80A3, 0x4025, 0x188B, 0x11AE, 0x10C9, 0x4007, 0x7028, 0x6046, 0x3825, 0x1004, 0x0005,   // 0x3480 (13440) pixels
0x0005, 0x2026, 0x5868, 0x6888, 0x40C9, 0x4B31, 0x3B72, 0x5BF5, 0x6476, 0x5C13, 0x322B, 0x0002, 0x0000, 0x0000, 0x0000, 0x0000,   // 0x3490 (13456) pixels
0x0000, 0x0000, 0x0000, 0x0000, 0x0000, 0x0000, 0x0000, 0x0000, 0x0000, 0x0000, 0x0000, 0x0000, 0x0000, 0x0000, 0x0000, 0x0000,   // 0x34A0 (13472) pixels
0x0000, 0x0000, 0x0000, 0x0000, 0x0000, 0x0000, 0x0000, 0x0000, 0x0000, 0x0000, 0x0000, 0x0000, 0x0000, 0x0000, 0x0000, 0x0000,   // 0x34B0 (13488) pixels
0x0000, 0x0000, 0x0000, 0x0000, 0x0000, 0x0000, 0x0000, 0x0000, 0x0000, 0x0000, 0x0000, 0x0000, 0x0000, 0x0000, 0x0000, 0x0000,   // 0x34C0 (13504) pixels
0x0000, 0x0000, 0x0000, 0x0000, 0x0000, 0x0000, 0x0000, 0x0000, 0x0000, 0x0000, 0x0000, 0x0000, 0x0000, 0x0000, 0x0000, 0x0000,   // 0x34D0 (13520) pixels
0x0000, 0x0000, 0x0000, 0x0000, 0x0000, 0x0000, 0x0000, 0x0000, 0x0000, 0x0000, 0x0000, 0x0000, 0x0000, 0x0800, 0x2042, 0x38A6,   // 0x34E0 (13536) pixels
0x3847, 0x2805, 0x6026, 0x6847, 0x5006, 0x3004, 0x0803, 0x0021, 0x0061, 0x0020, 0x0001, 0x2022, 0x3084, 0x2928, 0x0087, 0x0005,   // 0x34F0 (13552) pixels
0x0005, 0x0066, 0x3228, 0x6CF3, 0x7597, 0x6CF6, 0x4B92, 0x420F, 0x4A31, 0x2250, 0x31CE, 0x318D, 0x31AD, 0x294B, 0x1067, 0x0005,   // 0x3500 (13568) pixels
0x0004, 0x0004, 0x0867, 0x39ED, 0x29AC, 0x0005, 0x0026, 0x18C8, 0x10A6, 0x18C7, 0x6BB2, 0x3A8F, 0x21AD, 0x18CA, 0x0826, 0x0044,   // 0x3510 (13584) pixels
0x0023, 0x0802, 0x0004, 0x3827, 0x68CA, 0x6068, 0x60A8, 0x60E8, 0x7067, 0xB0EA, 0x98EA, 0x80A9, 0x70A9, 0x70C9, 0x7887, 0x7847,   // 0x3520 (13600) pixels
0x7868, 0x788A, 0x714C, 0x618B, 0x2885, 0x08A6, 0x0088, 0x0047, 0x0804, 0x2043, 0x88A5, 0xA883, 0xE0A3, 0xD8E4, 0x50A5, 0x1848,   // 0x3530 (13616) pixels
0x600A, 0x6847, 0x9821, 0xB081, 0x8065, 0x30AC, 0x19AE, 0x1087, 0x3005, 0x5887, 0x8045, 0x5865, 0x3866, 0x1025, 0x0805, 0x5028,   // 0x3540 (13632) pixels
0x8069, 0x7047, 0x49AC, 0x3AAF, 0x32F0, 0x5BD5, 0x5C36, 0x6496, 0x63F3, 0x3A0A, 0x0000, 0x0000, 0x0000, 0x0000, 0x0000, 0x0000,   // 0x3550 (13648) pixels
0x0000, 0x0000, 0x0000, 0x0000, 0x0000, 0x0000, 0x0000, 0x0000, 0x0000, 0x0000, 0x0000, 0x0000, 0x0000, 0x0000, 0x0000, 0x0000,   // 0x3560 (13664) pixels
0x0000, 0x0000, 0x0000, 0x0000, 0x0000, 0x0000, 0x0000, 0x0000, 0x0000, 0x0000, 0x0000, 0x0000, 0x0000, 0x0000, 0x0000, 0x0000,   // 0x3570 (13680) pixels
0x0000, 0x0000, 0x0000, 0x0000, 0x0000, 0x0000, 0x0000, 0x0000, 0x0000, 0x0000, 0x0000, 0x0000, 0x0000, 0x0000, 0x0000, 0x0000,   // 0x3580 (13696) pixels
0x0000, 0x0000, 0x0000, 0x0000, 0x0000, 0x0000, 0x0000, 0x0000, 0x0000, 0x0000, 0x0000, 0x0000, 0x0000, 0x0000, 0x0000, 0x0000,   // 0x3590 (13712) pixels
0x0000, 0x0020, 0x0000, 0x0800, 0x0800, 0x0841, 0x0000, 0x0022, 0x32ED, 0x5C74, 0x53D2, 0x5B31, 0x59ED, 0x5888, 0x7026, 0x8026,   // 0x35A0 (13728) pixels
0x5887, 0x4005, 0x3025, 0x1804, 0x0804, 0x0003, 0x00A4, 0x42CC, 0x7C94, 0x8578, 0x9E7E, 0xA69C, 0x2AAC, 0x118E, 0x3A72, 0x5B8D,   // 0x35B0 (13744) pixels
0xA482, 0xE607, 0xD566, 0xC56B, 0x8C2D, 0x52AD, 0x4290, 0x2A70, 0x2A52, 0x2A90, 0x2A90, 0x2A10, 0x210C, 0x1047, 0x0004, 0x0006,   // 0x35C0 (13760) pixels
0x116C, 0x320D, 0x10A7, 0x0003, 0x196A, 0x5BD4, 0x6435, 0x5BF5, 0x4B12, 0x21CC, 0x216B, 0x1087, 0x0005, 0x0004, 0x0004, 0x0024,   // 0x35D0 (13776) pixels
0x0003, 0x1824, 0x48A7, 0x68A8, 0x7088, 0x78A8, 0x6846, 0x898A, 0x914B, 0x80A8, 0x7868, 0x7888, 0x78A9, 0x796B, 0x69AD, 0x494B,   // 0x35E0 (13792) pixels
0x1067, 0x0805, 0x0025, 0x0003, 0x0003, 0x0044, 0x0825, 0x0805, 0x1003, 0x70A7, 0xB906, 0xA040, 0x78C3, 0x3865, 0x1805, 0x2024,   // 0x35F0 (13808) pixels
0x1825, 0x3822, 0xA8A5, 0x7085, 0x0066, 0x1009, 0x2006, 0x3026, 0x5807, 0x6067, 0x6887, 0x7026, 0x7007, 0x6008, 0x3887, 0x10A5,   // 0x3600 (13824) pixels
0x39EE, 0x4270, 0x42B1, 0x3AB0, 0x4B72, 0x6434, 0x6C53, 0x3AED, 0x0000, 0x0000, 0x0000, 0x0000, 0x0800, 0x1000, 0x0800, 0x0000,   // 0x3610 (13840) pixels
0x0000, 0x0000, 0x0000, 0x0000, 0x0000, 0x0000, 0x0000, 0x0000, 0x0000, 0x0000, 0x0000, 0x0000, 0x0000, 0x0000, 0x0000, 0x0000,   // 0x3620 (13856) pixels
0x0000, 0x0000, 0x0000, 0x0000, 0x0000, 0x0000, 0x0000, 0x0000, 0x0000, 0x0000, 0x0000, 0x0000, 0x0000, 0x0000, 0x0000, 0x0000,   // 0x3630 (13872) pixels
0x0000, 0x0000, 0x0000, 0x0000, 0x0000, 0x0000, 0x0000, 0x0000, 0x0000, 0x0000, 0x0000, 0x0000, 0x0000, 0x0000, 0x0000, 0x0000,   // 0x3640 (13888) pixels
0x0000, 0x0000, 0x0000, 0x0000, 0x0000, 0x0000, 0x0000, 0x0000, 0x0000, 0x0000, 0x0000, 0x0000, 0x0000, 0x0000, 0x0020, 0x0000,   // 0x3650 (13904) pixels
0x0000, 0x0000, 0x0000, 0x0000, 0x10E4, 0x63B0, 0x6CD5, 0x7516, 0x64B5, 0x6C55, 0x62D0, 0x512A, 0x5066, 0x6066, 0x3006, 0x2806,   // 0x3660 (13920) pixels
0x1826, 0x2109, 0x0066, 0x08E7, 0x7C74, 0xBEBD, 0xB6BD, 0x7516, 0x8559, 0x8518, 0x4B51, 0x5376, 0x5B52, 0xAD8F, 0xEE87, 0xEDE0,   // 0x3670 (13936) pixels
0xFE01, 0xDCC0, 0xCCA2, 0xE5A4, 0xB482, 0x9406, 0x8BE9, 0x524C, 0x31F1, 0x3251, 0x326F, 0x216C, 0x0027, 0x1088, 0x326F, 0x42F0,   // 0x3680 (13952) pixels
0x324D, 0x2A2D, 0x4B72, 0x6C77, 0x5BD4, 0x5311, 0x324F, 0x194B, 0x214A, 0x0846, 0x0004, 0x0004, 0x0024, 0x0004, 0x0024, 0x0804,   // 0x3690 (13968) pixels
0x3866, 0x60C9, 0x7888, 0x8068, 0x7827, 0x88C9, 0x792A, 0x7929, 0x7929, 0x81AC, 0x696B, 0x48E9, 0x30C9, 0x1847, 0x1066, 0x0003,   // 0x36A0 (13984) pixels
0x0003, 0x0023, 0x0023, 0x0003, 0x0003, 0x0804, 0x0023, 0x7064, 0xA084, 0x4800, 0x1043, 0x0825, 0x0824, 0x0002, 0x0806, 0x1842,   // 0x36B0 (14000) pixels
0x98A4, 0x9085, 0x1003, 0x0027, 0x212A, 0x2128, 0x3827, 0x3006, 0x4065, 0x5066, 0x5027, 0x5027, 0x4826, 0x3003, 0x1807, 0x310B,   // 0x36C0 (14016) pixels
0x424F, 0x3AB0, 0x3311, 0x4371, 0x5391, 0x3A8D, 0x0000, 0x0000, 0x0000, 0x0000, 0x0000, 0x0000, 0x0000, 0x0020, 0x0000, 0x0000,   // 0x36D0 (14032) pixels
0x0000, 0x0000, 0x0000, 0x0000, 0x0000, 0x0000, 0x0000, 0x0000, 0x0000, 0x0000, 0x0000, 0x0000, 0x0000, 0x0000, 0x0000, 0x0000,   // 0x36E0 (14048) pixels
0x0000, 0x0000, 0x0000, 0x0000, 0x0000, 0x0000, 0x0000, 0x0000, 0x0000, 0x0000, 0x0000, 0x0000, 0x0000, 0x0000, 0x0000, 0x0000,   // 0x36F0 (14064) pixels
0x0000, 0x0000, 0x0000, 0x0000, 0x0000, 0x0000, 0x0000, 0x0000, 0x0000, 0x0000, 0x0000, 0x0000, 0x0000, 0x0000, 0x0000, 0x0000,   // 0x3700 (14080) pixels
0x0000, 0x0000, 0x0000, 0x0000, 0x0000, 0x0000, 0x0000, 0x0000, 0x0000, 0x0000, 0x0000, 0x0000, 0x0000, 0x0000, 0x0000, 0x0020,   // 0x3710 (14096) pixels
0x0020, 0x0021, 0x1167, 0x74B5, 0x6474, 0x5C54, 0x5475, 0x5C75, 0x5BD3, 0x422D, 0x1824, 0x1802, 0x0805, 0x1888, 0x52B1, 0x322E,   // 0x3720 (14112) pixels
0x220D, 0x6C55, 0x7CD7, 0x6433, 0x95DB, 0x3B2E, 0x42EF, 0x42B0, 0x322F, 0x4294, 0x39CA, 0xAD07, 0xFE60, 0xFE40, 0xED85, 0x4060,   // 0x3730 (14128) pixels
0x5120, 0xEDA1, 0xFE00, 0xFDE3, 0xED04, 0xB406, 0x834C, 0x3A4E, 0x2271, 0x2A90, 0x110A, 0x20EA, 0x42D1, 0x4B11, 0x3B11, 0x3B52,   // 0x3740 (14144) pixels
0x3332, 0x32B0, 0x322E, 0x4A4F, 0x214B, 0x10A8, 0x1087, 0x0004, 0x0825, 0x298A, 0x31EB, 0x1108, 0x0024, 0x0004, 0x2005, 0x4047,   // 0x3750 (14160) pixels
0x5006, 0x6027, 0x7089, 0x78CA, 0x92CF, 0x828E, 0x5129, 0x38E8, 0x2087, 0x0805, 0x1068, 0x18A9, 0x1066, 0x0804, 0x0004, 0x0003,   // 0x3760 (14176) pixels
0x0003, 0x0024, 0x0004, 0x0003, 0x0803, 0x8844, 0xB8A5, 0x3802, 0x0045, 0x0026, 0x1025, 0x0002, 0x0007, 0x0001, 0x7881, 0xA0E5,   // 0x3770 (14192) pixels
0x3085, 0x3AF0, 0x8DBA, 0x7C13, 0x418D, 0x2088, 0x1044, 0x2044, 0x2805, 0x4847, 0x70A9, 0x7847, 0x3005, 0x2005, 0x2088, 0x216B,   // 0x3780 (14208) pixels
0x220D, 0x32AF, 0x4330, 0x224C, 0x0000, 0x0000, 0x0000, 0x0000, 0x0000, 0x0000, 0x0000, 0x0000, 0x0000, 0x0000, 0x0000, 0x0000,   // 0x3790 (14224) pixels
0x0000, 0x0000, 0x0000, 0x0000, 0x0000, 0x0000, 0x0000, 0x0000, 0x0000, 0x0000, 0x0000, 0x0000, 0x0000, 0x0000, 0x0000, 0x0000,   // 0x37A0 (14240) pixels
0x0000, 0x0000, 0x0000, 0x0000, 0x0000, 0x0000, 0x0000, 0x0000, 0x0000, 0x0000, 0x0000, 0x0000, 0x0000, 0x0000, 0x0000, 0x0000,   // 0x37B0 (14256) pixels
0x0000, 0x0000, 0x0000, 0x0000, 0x0000, 0x0000, 0x0000, 0x0000, 0x0000, 0x0000, 0x0000, 0x0000, 0x0000, 0x0000, 0x0000, 0x0000,   // 0x37C0 (14272) pixels
0x0000, 0x0000, 0x0000, 0x0000, 0x0000, 0x0000, 0x0000, 0x0000, 0x0000, 0x0000, 0x0000, 0x0021, 0x0000, 0x0000, 0x0001, 0x1147,   // 0x37D0 (14288) pixels
0x3ACD, 0x6495, 0x6455, 0x5C55, 0x5C75, 0x5454, 0x6C96, 0x4B30, 0x0024, 0x0003, 0x0807, 0x31CD, 0x324E, 0x4311, 0x961C, 0xBF3F,   // 0x37E0 (14304) pixels
0x8579, 0x74D6, 0x4B94, 0x2A2C, 0x31ED, 0x41EE, 0x31EF, 0x31D0, 0x3127, 0x9BA3, 0xFDC0, 0xFDE0, 0xD483, 0x4880, 0x7A41, 0xEE01,   // 0x37F0 (14320) pixels
0xF5E0, 0xC402, 0xD3C0, 0xF500, 0xDD63, 0x7B47, 0x31EC, 0x21EF, 0x198C, 0x216A, 0x320F, 0x3A70, 0x2A4F, 0x220D, 0x222D, 0x324F,   // 0x3800 (14336) pixels
0x31AD, 0x20CA, 0x1068, 0x0847, 0x1067, 0x0004, 0x0003, 0x216A, 0x5330, 0x5351, 0x10E8, 0x0026, 0x0004, 0x0804, 0x1004, 0x1804,   // 0x3810 (14352) pixels
0x2846, 0x3067, 0x6A8E, 0x624D, 0x20A6, 0x0004, 0x0005, 0x0006, 0x10AA, 0x18CB, 0x2109, 0x1087, 0x0045, 0x0065, 0x10C7, 0x2108,   // 0x3820 (14368) pixels
0x18C8, 0x1046, 0x0044, 0x6884, 0xB926, 0x6083, 0x0003, 0x0005, 0x0804, 0x0802, 0x0026, 0x1000, 0x8862, 0x9906, 0x3928, 0x6456,   // 0x3830 (14384) pixels
0x9E9C, 0x634F, 0x31AE, 0x10A8, 0x0004, 0x1004, 0x2805, 0x5068, 0x70A9, 0x7867, 0x58C7, 0x4045, 0x3826, 0x3088, 0x28E9, 0x3A0D,   // 0x3840 (14400) pixels
0x42CF, 0x222C, 0x0020, 0x0000, 0x0000, 0x0000, 0x0020, 0x0020, 0x0000, 0x0800, 0x0000, 0x0000, 0x0000, 0x0000, 0x0000, 0x0000,   // 0x3850 (14416) pixels
0x0000, 0x0000, 0x0000, 0x0000, 0x0000, 0x0000, 0x0000, 0x0000, 0x0000, 0x0000, 0x0000, 0x0000, 0x0000, 0x0000, 0x0000, 0x0000,   // 0x3860 (14432) pixels
0x0000, 0x0000, 0x0000, 0x0000, 0x0000, 0x0000, 0x0000, 0x0000, 0x0000, 0x0000, 0x0000, 0x0000, 0x0000, 0x0000, 0x0000, 0x0000,   // 0x3870 (14448) pixels
0x0000, 0x0000, 0x0000, 0x0000, 0x0000, 0x0000, 0x0000, 0x0000, 0x0000, 0x0000, 0x0000, 0x0000, 0x0000, 0x0000, 0x0000, 0x0000,   // 0x3880 (14464) pixels
0x0000, 0x0000, 0x0000, 0x0000, 0x0000, 0x0000, 0x0000, 0x0000, 0x0001, 0x0000, 0x0000, 0x0842, 0x29C8, 0x7453, 0x74D6, 0x5C55,   // 0x3890 (14480) pixels
0x6435, 0x5C14, 0x5C55, 0x4C14, 0x5C75, 0x4B30, 0x0066, 0x0004, 0x0005, 0x0887, 0x42CF, 0x7CF7, 0x6495, 0x7D37, 0x95DB, 0x4B30,   // 0x38A0 (14496) pixels
0x2230, 0x2A2E, 0x39AE, 0x310C, 0x10C9, 0x0889, 0x1825, 0x48E0, 0xC2A3, 0xDB82, 0xFCE4, 0xECE3, 0xF5E1, 0xFE80, 0xBC80, 0x38A0,   // 0x38B0 (14512) pixels
0xD420, 0xFD60, 0xFE00, 0xF5A1, 0xA427, 0x5AAD, 0x3A2E, 0x1968, 0x086A, 0x0889, 0x10E9, 0x1929, 0x1908, 0x10A7, 0x1068, 0x0828,   // 0x38C0 (14528) pixels
0x0848, 0x0005, 0x0825, 0x0845, 0x0003, 0x0065, 0x324D, 0x4331, 0x5B72, 0x324E, 0x0087, 0x0004, 0x0025, 0x0005, 0x0004, 0x0825,   // 0x38D0 (14544) pixels
0x1845, 0x1886, 0x0004, 0x0004, 0x08A7, 0x18EA, 0x20EB, 0x20CC, 0x212C, 0x214B, 0x31ED, 0x4AB0, 0x428F, 0x194A, 0x0067, 0x0047,   // 0x38E0 (14560) pixels
0x0024, 0x3864, 0xA165, 0xA924, 0x5042, 0x0002, 0x0043, 0x0042, 0x0802, 0x5022, 0xB045, 0x7065, 0x39EB, 0x8519, 0x85FA, 0x4B8F,   // 0x38F0 (14576) pixels
0x290C, 0x0867, 0x0004, 0x2004, 0x4807, 0x6048, 0x5047, 0x3004, 0x5002, 0x5003, 0x5005, 0x4826, 0x3806, 0x40E9, 0x49AB, 0x20E7,   // 0x3900 (14592) pixels
0x0800, 0x0000, 0x0000, 0x0000, 0x0020, 0x0000, 0x0000, 0x0000, 0x0000, 0x0000, 0x0000, 0x0000, 0x0000, 0x0000, 0x0000, 0x0000,   // 0x3910 (14608) pixels
0x0000, 0x0000, 0x0000, 0x0000, 0x0000, 0x0000, 0x0000, 0x0000, 0x0000, 0x0000, 0x0000, 0x0000, 0x0000, 0x0000, 0x0000, 0x0000,   // 0x3920 (14624) pixels
0x0000, 0x0000, 0x0000, 0x0000, 0x0000, 0x0000, 0x0000, 0x0000, 0x0000, 0x0000, 0x0000, 0x0000, 0x0000, 0x0000, 0x0000, 0x0000,   // 0x3930 (14640) pixels
0x0000, 0x0000, 0x0000, 0x0000, 0x0000, 0x0000, 0x0000, 0x0000, 0x0000, 0x0000, 0x0000, 0x0000, 0x0000, 0x0000, 0x0000, 0x0000,   // 0x3940 (14656) pixels
0x0000, 0x0000, 0x0000, 0x0000, 0x0000, 0x0000, 0x0000, 0x0000, 0x0000, 0x0000, 0x0063, 0x3A4C, 0x53B2, 0x6C76, 0x6C76, 0x6414,   // 0x3950 (14672) pixels
0x6475, 0x5434, 0x5C54, 0x5BF3, 0x3A0C, 0x0805, 0x1025, 0x0003, 0x7454, 0x74B5, 0x1A2B, 0x4BB1, 0x63D4, 0x29EC, 0x21D0, 0x218C,   // 0x3960 (14688) pixels
0x210C, 0x0808, 0x0003, 0x0046, 0x1006, 0x1801, 0x7003, 0x9924, 0xCAA6, 0xDB63, 0xEC41, 0xFD42, 0xDC84, 0x9304, 0xF5A1, 0xFDC2,   // 0x3970 (14704) pixels
0xFD40, 0xFDE0, 0xF5C1, 0xBCC5, 0x7B8A, 0x20C6, 0x0805, 0x0004, 0x0005, 0x0004, 0x0004, 0x0826, 0x296C, 0x4A70, 0x210B, 0x0847,   // 0x3980 (14720) pixels
0x0004, 0x0003, 0x0044, 0x3A6D, 0x7496, 0x6456, 0x4331, 0x42F0, 0x29EC, 0x0087, 0x0004, 0x0847, 0x0005, 0x0806, 0x0005, 0x0004,   // 0x3990 (14736) pixels
0x0004, 0x0046, 0x1909, 0x296C, 0x294C, 0x296D, 0x218D, 0x322E, 0x4B11, 0x6C56, 0x7497, 0x5352, 0x198C, 0x0047, 0x0005, 0x1003,   // 0x39A0 (14752) pixels
0x78A5, 0xD105, 0xA8A3, 0x3863, 0x0822, 0x2001, 0x6002, 0x9066, 0x9026, 0x30C6, 0x5432, 0xAE9D, 0x74D6, 0x3A6C, 0x1828, 0x0805,   // 0x39B0 (14768) pixels
0x1003, 0x3805, 0x5849, 0x6089, 0x3067, 0x0044, 0x78C7, 0x6887, 0x5867, 0x4887, 0x3805, 0x3826, 0x4887, 0x4005, 0x3863, 0x2022,   // 0x39C0 (14784) pixels
0x0800, 0x0000, 0x0000, 0x0000, 0x0020, 0x0060, 0x0000, 0x0000, 0x0000, 0x0000, 0x0000, 0x0000, 0x0000, 0x0000, 0x0000, 0x0000,   // 0x39D0 (14800) pixels
0x0000, 0x0000, 0x0000, 0x0000, 0x0000, 0x0000, 0x0000, 0x0000, 0x0000, 0x0000, 0x0000, 0x0000, 0x0000, 0x0000, 0x0000, 0x0000,   // 0x39E0 (14816) pixels
0x0000, 0x0000, 0x0000, 0x0000, 0x0000, 0x0000, 0x0000, 0x0000, 0x0000, 0x0000, 0x0000, 0x0000, 0x0000, 0x0000, 0x0000, 0x0000,   // 0x39F0 (14832) pixels
0x0000, 0x0000, 0x0000, 0x0000, 0x0000, 0x0000, 0x0000, 0x0000, 0x0000, 0x0000, 0x0000, 0x0000, 0x0000, 0x0000, 0x0000, 0x0000,   // 0x3A00 (14848) pixels
0x0000, 0x0000, 0x0000, 0x0000, 0x0000, 0x0000, 0x0000, 0x0000, 0x0001, 0x10C6, 0x198B, 0x326F, 0x5BD4, 0x5BF4, 0x5C54, 0x5454,   // 0x3A10 (14864) pixels
0x5453, 0x6454, 0x5B51, 0x0846, 0x0003, 0x0023, 0x6412, 0x95D9, 0x7517, 0x5BD4, 0x29CD, 0x298E, 0x318F, 0x0888, 0x0869, 0x1048,   // 0x3A20 (14880) pixels
0x0003, 0x0003, 0x0004, 0x0823, 0x2001, 0x50C4, 0x6862, 0x9923, 0xB161, 0xC9A0, 0xDAE1, 0xFCC5, 0xF561, 0xFE02, 0xFDC1, 0xFD80,   // 0x3A30 (14896) pixels
0xFDC0, 0xFE20, 0xDD65, 0x92E6, 0x2000, 0x1001, 0x0004, 0x0006, 0x218C, 0x52F1, 0x52F1, 0x29CC, 0x192B, 0x08A8, 0x0004, 0x0044,   // 0x3A40 (14912) pixels
0x08A5, 0x4B30, 0x8539, 0x6436, 0x0909, 0x218B, 0x3A0D, 0x212A, 0x0006, 0x39AC, 0x294B, 0x20E9, 0x10C9, 0x0006, 0x0806, 0x1888,   // 0x3A50 (14928) pixels
0x212A, 0x298C, 0x21AC, 0x21ED, 0x19CC, 0x4B72, 0x6475, 0x6CB6, 0x6CD6, 0x6C96, 0x6434, 0x4B52, 0x110A, 0x0004, 0x3004, 0x88A6,   // 0x3A60 (14944) pixels
0xA8C6, 0x9906, 0x88C6, 0x9066, 0x98E7, 0x6886, 0x3004, 0x08E5, 0x6C31, 0xBE3B, 0x7475, 0x41CE, 0x2026, 0x1804, 0x3045, 0x48A7,   // 0x3A70 (14960) pixels
0x4868, 0x3027, 0x1066, 0x0085, 0x38A7, 0x38E8, 0x396A, 0x41CC, 0x20A7, 0x1804, 0x3004, 0x4004, 0x4844, 0x2001, 0x0800, 0x0800,   // 0x3A80 (14976) pixels
0x2801, 0x2801, 0x1000, 0x0000, 0x0000, 0x0000, 0x0000, 0x0000, 0x0000, 0x0000, 0x0000, 0x0000, 0x0000, 0x0000, 0x0000, 0x0000,   // 0x3A90 (14992) pixels
0x0000, 0x0000, 0x0000, 0x0000, 0x0000, 0x0000, 0x0000, 0x0000, 0x0000, 0x0000, 0x0000, 0x0000, 0x0000, 0x0000, 0x0000, 0x0000,   // 0x3AA0 (15008) pixels
0x0000, 0x0000, 0x0000, 0x0000, 0x0000, 0x0000, 0x0000, 0x0000, 0x0000, 0x0000, 0x0000, 0x0000, 0x0000, 0x0000, 0x0000, 0x0000,   // 0x3AB0 (15024) pixels
0x0000, 0x0000, 0x0000, 0x0000, 0x0000, 0x0000, 0x0000, 0x0000, 0x0000, 0x0000, 0x0000, 0x0000, 0x0000, 0x0000, 0x0000, 0x0000,   // 0x3AC0 (15040) pixels
0x0000, 0x0000, 0x0000, 0x0000, 0x0000, 0x0000, 0x0002, 0x2108, 0x194A, 0x194B, 0x19CB, 0x3AEF, 0x4BD2, 0x5453, 0x5474, 0x4BF2,   // 0x3AD0 (15056) pixels
0x4B10, 0x0066, 0x0065, 0x532F, 0x74F5, 0x7D57, 0x74F7, 0x3AD1, 0x214D, 0x316F, 0x0808, 0x0004, 0x214B, 0x62F2, 0x420B, 0x0023,   // 0x3AE0 (15072) pixels
0x31EB, 0x7C51, 0x95F6, 0x7471, 0x0020, 0x1041, 0x4002, 0x8002, 0xD163, 0xE9E0, 0xE420, 0xF520, 0xF602, 0xF600, 0xF5A0, 0xFD81,   // 0x3AF0 (15088) pixels
0xFDA2, 0xFD80, 0xABE9, 0x4163, 0x0884, 0x21EE, 0x4B34, 0x3250, 0x19AB, 0x198A, 0x320E, 0x29AC, 0x3A6D, 0x8474, 0x8494, 0x84F6,   // 0x3B00 (15104) pixels
0x7497, 0x2AB0, 0x0867, 0x0004, 0x1067, 0x1088, 0x0006, 0x52D0, 0x3A6E, 0x21CC, 0x296C, 0x0007, 0x0005, 0x1046, 0x18C8, 0x21AB,   // 0x3B10 (15120) pixels
0x2A6E, 0x22AF, 0x4BB1, 0x6474, 0x5C94, 0x5C93, 0x5CB4, 0x64B4, 0x6494, 0x5413, 0x4AD1, 0x10C8, 0x0004, 0x0804, 0x3002, 0x6061,   // 0x3B20 (15136) pixels
0x6861, 0x4801, 0x2802, 0x0002, 0x0886, 0x4148, 0x8189, 0x92CE, 0x4B70, 0x21AE, 0x2886, 0x2024, 0x3064, 0x3065, 0x1804, 0x0806,   // 0x3B30 (15152) pixels
0x298B, 0x42AF, 0x4BD3, 0x6CB7, 0x7D39, 0x7497, 0x31ED, 0x0845, 0x0803, 0x1824, 0x4043, 0x2001, 0x1021, 0x48C5, 0x916A, 0xA96A,   // 0x3B40 (15168) pixels
0x78E7, 0x4884, 0x0000, 0x0000, 0x0000, 0x0000, 0x0000, 0x0000, 0x0000, 0x0000, 0x0000, 0x0000, 0x0000, 0x0000, 0x0000, 0x0000,   // 0x3B50 (15184) pixels
0x0000, 0x0000, 0x0000, 0x0000, 0x0000, 0x0000, 0x0000, 0x0000, 0x0000, 0x0000, 0x0000, 0x0000, 0x0000, 0x0000, 0x0000, 0x0000,   // 0x3B60 (15200) pixels
0x0000, 0x0000, 0x0000, 0x0000, 0x0000, 0x0000, 0x0000, 0x0000, 0x0000, 0x0000, 0x0000, 0x0000, 0x0000, 0x0000, 0x0000, 0x0000,   // 0x3B70 (15216) pixels
0x0000, 0x0000, 0x0000, 0x0000, 0x0000, 0x0000, 0x0000, 0x0000, 0x0000, 0x0000, 0x0000, 0x0000, 0x0000, 0x0000, 0x0000, 0x0000,   // 0x3B80 (15232) pixels
0x0002, 0x0001, 0x0000, 0x0000, 0x0000, 0x1064, 0x318B, 0x212C, 0x298E, 0x218D, 0x21CE, 0x4333, 0x53D4, 0x53D3, 0x4330, 0x00C6,   // 0x3B90 (15248) pixels
0x3169, 0xA5BA, 0x74D7, 0x74F8, 0x6C56, 0x426F, 0x39AB, 0x1886, 0x0808, 0x0004, 0x73F1, 0xD6DD, 0x9CF8, 0x0002, 0xA4F2, 0xEF57,   // 0x3BA0 (15264) pixels
0xEF37, 0x6B50, 0x214A, 0x2A6B, 0x20E8, 0x1004, 0x30C2, 0xA124, 0xE941, 0xEAE1, 0xF501, 0xFDE0, 0xFDA0, 0xFD80, 0xFDA0, 0xFDC0,   // 0x3BB0 (15280) pixels
0xF5E2, 0xF506, 0x7B66, 0x5AEC, 0x312C, 0x08EC, 0x29CF, 0x3A6F, 0x2A2E, 0x4351, 0x8599, 0x963B, 0x961B, 0x8538, 0x3AD0, 0x21AC,   // 0x3BC0 (15296) pixels
0x292A, 0x0004, 0x0022, 0x0002, 0x0004, 0x3A6F, 0x4312, 0x11CC, 0x31AC, 0x2065, 0x50A4, 0x80C5, 0x7064, 0x3004, 0x2109, 0x322E,   // 0x3BD0 (15312) pixels
0x6436, 0x54D5, 0x54F4, 0x6494, 0x7476, 0x64B6, 0x4CB4, 0x4452, 0x5372, 0x322E, 0x192B, 0x1068, 0x0005, 0x0004, 0x0844, 0x0002,   // 0x3BE0 (15328) pixels
0x0803, 0x0006, 0x192A, 0x7A09, 0xD181, 0xD900, 0x9943, 0x51A9, 0x0844, 0x0824, 0x0003, 0x10A7, 0x3A2D, 0x4B31, 0x5BF4, 0x7D19,   // 0x3BF0 (15344) pixels
0x6CD6, 0x6475, 0x6455, 0x5BD3, 0x63F3, 0x4A8E, 0x1805, 0x3006, 0x1085, 0x1001, 0x6885, 0xD1AC, 0xE0EB, 0xD8EC, 0xB90B, 0x90E8,   // 0x3C00 (15360) pixels
0x7025, 0x3822, 0x0000, 0x0020, 0x0000, 0x0020, 0x0020, 0x0000, 0x0000, 0x0000, 0x0000, 0x0000, 0x0000, 0x0000, 0x0000, 0x0000,   // 0x3C10 (15376) pixels
0x0000, 0x0000, 0x0000, 0x0000, 0x0000, 0x0000, 0x0000, 0x0000, 0x0000, 0x0000, 0x0000, 0x0000, 0x0000, 0x0000, 0x0000, 0x0000,   // 0x3C20 (15392) pixels
0x0000, 0x0000, 0x0000, 0x0000, 0x0000, 0x0000, 0x0000, 0x0000, 0x0000, 0x0000, 0x0000, 0x0000, 0x0000, 0x0000, 0x0000, 0x0000,   // 0x3C30 (15408) pixels
0x0000, 0x0000, 0x0000, 0x0000, 0x0000, 0x0000, 0x0000, 0x0000, 0x0000, 0x0000, 0x0000, 0x0000, 0x0000, 0x0000, 0x0000, 0x0000,   // 0x3C40 (15424) pixels
0x0840, 0x0840, 0x0000, 0x0022, 0x18E7, 0x2129, 0x31AD, 0x31AD, 0x29CD, 0x29EE, 0x2A0E, 0x5332, 0x5B72, 0x1128, 0x320C, 0x8D59,   // 0x3C50 (15440) pixels
0x2A8E, 0x2A8E, 0x4B11, 0x3A2E, 0x31CE, 0x0047, 0x0003, 0x10A5, 0xA575, 0xCED9, 0xA593, 0x52E8, 0xBDF3, 0xE717, 0xBDD1, 0x1946,   // 0x3C60 (15456) pixels
0x2169, 0xAE3B, 0x5B52, 0x10E9, 0x0042, 0x4002, 0x7102, 0xA181, 0xEA81, 0xFBC1, 0xFD01, 0xF5E1, 0xF620, 0xFDC0, 0xFE01, 0xFDE1,   // 0x3C70 (15472) pixels
0xEDA2, 0xBBC6, 0x4907, 0x1A2F, 0x3312, 0x32AF, 0x3AF0, 0x7D18, 0x8DBA, 0x961B, 0x8DBA, 0x4B92, 0x220E, 0x198C, 0x296B, 0x0004,   // 0x3C80 (15488) pixels
0x0002, 0x0002, 0x0003, 0x320D, 0x3AAF, 0x19AB, 0x29CC, 0x3066, 0x7886, 0xB0A7, 0xC8A8, 0xA007, 0x5805, 0x0803, 0x292B, 0x3AB0,   // 0x3C90 (15504) pixels
0x5435, 0x64B6, 0x6496, 0x64B5, 0x5474, 0x4BB2, 0x53B3, 0x3A8F, 0x29CD, 0x296C, 0x18A9, 0x0005, 0x0003, 0x0003, 0x1003, 0x0005,   // 0x3CA0 (15520) pixels
0x29AC, 0x934F, 0xD309, 0xB9A2, 0x7944, 0x522B, 0x10E6, 0x2169, 0x428D, 0x63D2, 0x7475, 0x6C75, 0x5434, 0x4C14, 0x5433, 0x5433,   // 0x3CB0 (15536) pixels
0x5413, 0x4BD3, 0x5C34, 0x5371, 0x2108, 0x1004, 0x0003, 0x2002, 0x6865, 0xC94B, 0xE90C, 0xE8EC, 0xC90A, 0x9866, 0x9066, 0x5844,   // 0x3CC0 (15552) pixels
0x1000, 0x0020, 0x0040, 0x0000, 0x0000, 0x0800, 0x0000, 0x0000, 0x0000, 0x0000, 0x0000, 0x0000, 0x0000, 0x0000, 0x0000, 0x0000,   // 0x3CD0 (15568) pixels
0x0000, 0x0000, 0x0000, 0x0000, 0x0000, 0x0000, 0x0000, 0x0000, 0x0000, 0x0000, 0x0000, 0x0000, 0x0000, 0x0000, 0x0000, 0x0000,   // 0x3CE0 (15584) pixels
0x0000, 0x0000, 0x0000, 0x0000, 0x0000, 0x0000, 0x0000, 0x0000, 0x0000, 0x0000, 0x0000, 0x0000, 0x0000, 0x0000, 0x0000, 0x0000,   // 0x3CF0 (15600) pixels
0x0000, 0x0000, 0x0000, 0x0000, 0x0001, 0x0000, 0x0000, 0x0000, 0x0000, 0x0000, 0x0000, 0x0000, 0x0020, 0x0000, 0x0020, 0x0020,   // 0x3D00 (15616) pixels
0x0000, 0x0022, 0x0002, 0x0024, 0x292A, 0x294B, 0x296C, 0x216C, 0x298C, 0x3A2E, 0x39ED, 0x1909, 0x19CC, 0x8D9A, 0x74D6, 0x5C13,   // 0x3D10 (15632) pixels
0x5351, 0x3A2E, 0x29EE, 0x21EE, 0x4ACC, 0x6BCF, 0xCEF9, 0xD738, 0xCEF6, 0xADD2, 0xCE96, 0xDEF8, 0xBDD2, 0x84F2, 0x9D15, 0xD71E,   // 0x3D20 (15648) pixels
0x5BD3, 0x2A4F, 0x5392, 0x3A0C, 0x0002, 0x3842, 0x8903, 0xC1E3, 0xDAE2, 0xEC21, 0xF581, 0xFE60, 0xF5C0, 0xFDC0, 0xFEA0, 0xFC43,   // 0x3D30 (15664) pixels
0xA123, 0x6A0B, 0x42AF, 0x32F0, 0x6454, 0x8DBA, 0x95FA, 0x8DFA, 0x64B6, 0x2A6F, 0x21CD, 0x29EE, 0x20EA, 0x0004, 0x0002, 0x0002,   // 0x3D40 (15680) pixels
0x0004, 0x298B, 0x3A2D, 0x29EB, 0x21AC, 0x20A7, 0x4864, 0x5822, 0x8024, 0xA066, 0xA8E7, 0x88E5, 0x5826, 0x3048, 0x194B, 0x32B0,   // 0x3D50 (15696) pixels
0x5BF4, 0x7496, 0x6435, 0x4352, 0x53D4, 0x3AF1, 0x21ED, 0x218D, 0x294C, 0x18E9, 0x0866, 0x0824, 0x0803, 0x0846, 0x31ED, 0x7B91,   // 0x3D60 (15712) pixels
0xA3AE, 0x8AAA, 0x6A8A, 0x6BD2, 0x8D78, 0x8516, 0x7CF6, 0x6CD6, 0x5C34, 0x5414, 0x5454, 0x4C34, 0x5C74, 0x5C54, 0x5C34, 0x5434,   // 0x3D70 (15728) pixels
0x5454, 0x5C53, 0x3ACE, 0x0045, 0x0003, 0x2023, 0x5823, 0xA8C7, 0xE14B, 0xD0EA, 0xB0E8, 0x8044, 0x8846, 0x68A5, 0x2821, 0x0020,   // 0x3D80 (15744) pixels
0x0040, 0x0000, 0x0800, 0x0800, 0x0000, 0x0000, 0x0000, 0x0000, 0x0000, 0x0000, 0x0000, 0x0000, 0x0000, 0x0000, 0x0000, 0x0000,   // 0x3D90 (15760) pixels
0x0000, 0x0000, 0x0000, 0x0000, 0x0000, 0x0000, 0x0000, 0x0000, 0x0000, 0x0000, 0x0000, 0x0000, 0x0000, 0x0000, 0x0000, 0x0000,   // 0x3DA0 (15776) pixels
0x0000, 0x0000, 0x0000, 0x0000, 0x0000, 0x0000, 0x0000, 0x0000, 0x0000, 0x0000, 0x0000, 0x0000, 0x0000, 0x0000, 0x0000, 0x0000,   // 0x3DB0 (15792) pixels
0x0000, 0x0000, 0x0000, 0x0000, 0x0000, 0x0000, 0x0000, 0x0000, 0x0000, 0x0000, 0x0000, 0x0000, 0x0082, 0x0082, 0x1987, 0x29E9,   // 0x3DC0 (15808) pixels
0x1106, 0x0002, 0x0004, 0x0004, 0x1109, 0x298C, 0x298C, 0x18E9, 0x0006, 0x0006, 0x114A, 0x6455, 0x8DBA, 0x7D17, 0x4AEF, 0x31EB,   // 0x3DD0 (15824) pixels
0x3A0B, 0x5B50, 0xB63B, 0xBE9A, 0xBE78, 0x9512, 0x94F4, 0x8C93, 0x8C72, 0x7C10, 0xBE36, 0xCF5A, 0xDEDB, 0x9453, 0x0128, 0x6415,   // 0x3DE0 (15840) pixels
0x8CD9, 0x328F, 0x1069, 0x0025, 0x0022, 0x3842, 0x88C2, 0xCA02, 0xF3A2, 0xFD02, 0xFE41, 0xFE40, 0xF602, 0xE2E0, 0xD8A0, 0xC922,   // 0x3DF0 (15856) pixels
0x91C7, 0x6BF0, 0x8D98, 0x8578, 0x961B, 0x7517, 0x3B10, 0x2A4E, 0x2A0F, 0x29AE, 0x10A8, 0x0003, 0x0002, 0x0023, 0x0003, 0x0866,   // 0x3E00 (15872) pixels
0x0865, 0x0024, 0x0046, 0x1804, 0x5045, 0x4802, 0x2800, 0x4041, 0xA8C5, 0xF886, 0xC1C9, 0x8086, 0x3805, 0x1848, 0x294C, 0x4A0F,   // 0x3E10 (15888) pixels
0x4AF1, 0x4BD3, 0x4BB3, 0x3B11, 0x3270, 0x3250, 0x3A30, 0x214B, 0x0026, 0x0004, 0x0003, 0x0025, 0x1949, 0x3AAE, 0x7474, 0x9557,   // 0x3E20 (15904) pixels
0x84D5, 0x7495, 0x6454, 0x5C33, 0x5433, 0x5433, 0x4BF2, 0x4C13, 0x5434, 0x5414, 0x5BF3, 0x4B72, 0x5393, 0x5C55, 0x4C13, 0x4C33,   // 0x3E30 (15920) pixels
0x5412, 0x19CA, 0x0004, 0x1823, 0x4843, 0x7864, 0xA8E8, 0xA0A7, 0x78A4, 0x58A2, 0x5003, 0x58A4, 0x2822, 0x0000, 0x0000, 0x0000,   // 0x3E40 (15936) pixels
0x0000, 0x0020, 0x0000, 0x0000, 0x0000, 0x0000, 0x0000, 0x0000, 0x0000, 0x0000, 0x0000, 0x0000, 0x0000, 0x0000, 0x0000, 0x0000,   // 0x3E50 (15952) pixels
0x0000, 0x0000, 0x0000, 0x0000, 0x0000, 0x0000, 0x0000, 0x0000, 0x0000, 0x0000, 0x0000, 0x0000, 0x0000, 0x0000, 0x0000, 0x0000,   // 0x3E60 (15968) pixels
0x0000, 0x0000, 0x0000, 0x0000, 0x0000, 0x0000, 0x0000, 0x0000, 0x0000, 0x0000, 0x0000, 0x0000, 0x0000, 0x0000, 0x0000, 0x0000,   // 0x3E70 (15984) pixels
0x0000, 0x0800, 0x0000, 0x0000, 0x0000, 0x0000, 0x0000, 0x0000, 0x0800, 0x0022, 0x3A4B, 0x6C13, 0x6C55, 0x74B6, 0x7CD6, 0x326C,   // 0x3E80 (16000) pixels
0x19CA, 0x21CB, 0x4AD0, 0x4AF1, 0x31EE, 0x214C, 0x10C9, 0x0027, 0x0026, 0x2A0D, 0x4331, 0x4331, 0x3AAE, 0x8432, 0xCDD6, 0xB511,   // 0x3E90 (16016) pixels
0xC6DD, 0x84B4, 0x530F, 0x3A2D, 0x420E, 0x422F, 0x420D, 0x39CB, 0x4AEF, 0xC71A, 0xA554, 0x2928, 0x5392, 0x6415, 0x6354, 0x4B75,   // 0x3EA0 (16032) pixels
0x42B1, 0x196B, 0x0025, 0x0003, 0x2803, 0x6082, 0xA962, 0xE263, 0xEC81, 0xFDC4, 0xECE4, 0xB960, 0xC860, 0xC920, 0xC9E2, 0xB368,   // 0x3EB0 (16048) pixels
0x8D78, 0x8D78, 0x7D37, 0x4372, 0x222D, 0x2A2F, 0x31EF, 0x214D, 0x10A8, 0x0004, 0x0002, 0x0003, 0x0004, 0x0005, 0x0004, 0x0002,   // 0x3EC0 (16064) pixels
0x0003, 0x1803, 0x5886, 0x6887, 0x5845, 0x5023, 0x90A5, 0xC885, 0x8861, 0xA042, 0x9003, 0x5825, 0x3867, 0x2849, 0x20EB, 0x2A2E,   // 0x3ED0 (16080) pixels
0x5393, 0x42F1, 0x3290, 0x3A91, 0x322F, 0x08C9, 0x0026, 0x1908, 0x29EA, 0x5B91, 0x8518, 0x7D38, 0x5CD6, 0x5495, 0x5434, 0x6414,   // 0x3EE0 (16096) pixels
0x5C13, 0x5C13, 0x53F3, 0x5413, 0x5C54, 0x5C14, 0x4B72, 0x4B31, 0x29AB, 0x192A, 0x29CC, 0x5BB3, 0x5414, 0x4C13, 0x5C74, 0x4B50,   // 0x3EF0 (16112) pixels
0x08C7, 0x0803, 0x40A4, 0x6844, 0x8004, 0x8845, 0x7064, 0x58A3, 0x4843, 0x4843, 0x2001, 0x0000, 0x0040, 0x0000, 0x0000, 0x0060,   // 0x3F00 (16128) pixels
0x0000, 0x0000, 0x0000, 0x0000, 0x0000, 0x0000, 0x0000, 0x0000, 0x0000, 0x0000, 0x0000, 0x0000, 0x0000, 0x0000, 0x0000, 0x0000,   // 0x3F10 (16144) pixels
0x0000, 0x0000, 0x0000, 0x0000, 0x0000, 0x0000, 0x0000, 0x0000, 0x0000, 0x0000, 0x0000, 0x0000, 0x0000, 0x0000, 0x0000, 0x0000,   // 0x3F20 (16160) pixels
0x0000, 0x0000, 0x0000, 0x0000, 0x0000, 0x0000, 0x0000, 0x0000, 0x0000, 0x0000, 0x0000, 0x0000, 0x0000, 0x0000, 0x0000, 0x0000,   // 0x3F30 (16176) pixels
0x0000, 0x0000, 0x0020, 0x0021, 0x0000, 0x0000, 0x0002, 0x0003, 0x322C, 0x6C76, 0x6CB7, 0x6CB7, 0x95BA, 0x6C75, 0x5C34, 0x6C96,   // 0x3F40 (16192) pixels
0x5BD4, 0x322F, 0x214C, 0x214C, 0x212B, 0x190A, 0x0005, 0x194A, 0x32B0, 0x4352, 0x428E, 0x8C52, 0xFF5A, 0xFF58, 0xA5F7, 0x29EB,   // 0x3F50 (16208) pixels
0x190B, 0x18EB, 0x0827, 0x0005, 0x0006, 0x0869, 0x5B54, 0xBE18, 0xCED9, 0x3A2C, 0x7497, 0x3AF0, 0x5B34, 0x4315, 0x3A6E, 0x296A,   // 0x3F60 (16224) pixels
0x0866, 0x0004, 0x0004, 0x1002, 0x4021, 0x78C3, 0xB9C2, 0xEB03, 0xEAC2, 0xC8E2, 0x90A5, 0x60C2, 0xA141, 0xC9E1, 0x7CD6, 0x9579,   // 0x3F70 (16240) pixels
0x5392, 0x2A6E, 0x326F, 0x21AD, 0x216C, 0x294D, 0x1887, 0x0024, 0x0023, 0x0024, 0x0005, 0x0005, 0x0846, 0x1065, 0x0844, 0x0002,   // 0x3F80 (16256) pixels
0x0002, 0x1044, 0x2826, 0x3805, 0x4844, 0x3021, 0x4842, 0xA084, 0xB863, 0x7861, 0x4863, 0x4826, 0x3808, 0x2049, 0x214B, 0x3A2E,   // 0x3F90 (16272) pixels
0x42B1, 0x3A70, 0x2A0F, 0x2A0E, 0x5331, 0x8D18, 0x95DA, 0x8538, 0x6C75, 0x5414, 0x4C54, 0x4434, 0x4C13, 0x5BF4, 0x5C13, 0x5C34,   // 0x3FA0 (16288) pixels
0x5413, 0x5413, 0x5C14, 0x4B10, 0x194A, 0x0025, 0x0806, 0x0006, 0x1048, 0x426F, 0x5BF4, 0x5414, 0x5C33, 0x6434, 0x324D, 0x0023,   // 0x3FB0 (16304) pixels
0x3063, 0x6865, 0x8005, 0x8806, 0x7825, 0x6844, 0x5085, 0x3002, 0x1000, 0x0041, 0x0041, 0x0000, 0x0000, 0x0801, 0x0000, 0x0000,   // 0x3FC0 (16320) pixels
0x0000, 0x0000, 0x0000, 0x0000, 0x0000, 0x0000, 0x0000, 0x0000, 0x0000, 0x0000, 0x0000, 0x0000, 0x0000, 0x0000, 0x0000, 0x0000,   // 0x3FD0 (16336) pixels
0x0000, 0x0000, 0x0000, 0x0000, 0x0000, 0x0000, 0x0000, 0x0000, 0x0000, 0x0000, 0x0000, 0x0000, 0x0000, 0x0000, 0x0000, 0x0000,   // 0x3FE0 (16352) pixels
0x0000, 0x0000, 0x0000, 0x0000, 0x0000, 0x0000, 0x0000, 0x0000, 0x0000, 0x0000, 0x0000, 0x0000, 0x0000, 0x0000, 0x0000, 0x08C4,   // 0x3FF0 (16368) pixels
0x3209, 0x42CD, 0x42CE, 0x3AEE, 0x4B2E, 0x4B4F, 0x53D2, 0x5414, 0x5C35, 0x5C35, 0x6CB6, 0x74B6, 0x4BD3, 0x6456, 0x3AB0, 0x214C,   // 0x4000 (16384) pixels
0x212C, 0x18AA, 0x1089, 0x20EA, 0x0847, 0x29AC, 0x42F1, 0x5BD4, 0x3A4D, 0x3A0A, 0xB574, 0xEF5A, 0x4B0E, 0x1109, 0x212C, 0x1048,   // 0x4010 (16400) pixels
0x0004, 0x0003, 0x0846, 0x1069, 0x8354, 0xA38C, 0xEF58, 0x7CB4, 0x6414, 0x7D58, 0x4B12, 0x42F4, 0x31CD, 0x1929, 0x0024, 0x0003,   // 0x4020 (16416) pixels
0x0004, 0x0804, 0x0802, 0x0821, 0x78C6, 0x9903, 0xB922, 0xC883, 0x8885, 0x3802, 0x88A3, 0xC1C5, 0x7455, 0x6C14, 0x326E, 0x2A0E,   // 0x4030 (16432) pixels
0x3A4F, 0x214C, 0x18CA, 0x20CA, 0x1066, 0x0004, 0x0003, 0x0024, 0x0047, 0x0068, 0x18E9, 0x1909, 0x0865, 0x0803, 0x0845, 0x0908,   // 0x4040 (16448) pixels
0x0109, 0x0026, 0x1045, 0x0802, 0x1065, 0x5025, 0x6003, 0x4020, 0x5021, 0x9045, 0x9047, 0x5066, 0x1006, 0x1888, 0x10A9, 0x194B,   // 0x4050 (16464) pixels
0x42F1, 0x6435, 0x6455, 0x5C13, 0x7D17, 0x7D17, 0x5C34, 0x5C34, 0x5C74, 0x4C12, 0x5413, 0x6455, 0x53F3, 0x5413, 0x5413, 0x5413,   // 0x4060 (16480) pixels
0x5C34, 0x5BB3, 0x31CC, 0x0005, 0x0806, 0x0806, 0x0806, 0x212B, 0x4B32, 0x5C14, 0x5413, 0x6454, 0x5BD3, 0x21A9, 0x1043, 0x4044,   // 0x4070 (16496) pixels
0x6046, 0x6806, 0x5805, 0x4844, 0x3023, 0x1001, 0x0000, 0x0000, 0x0000, 0x0021, 0x0863, 0x0001, 0x0000, 0x0000, 0x0000, 0x0000,   // 0x4080 (16512) pixels
0x0000, 0x0000, 0x0000, 0x0000, 0x0000, 0x0000, 0x0000, 0x0000, 0x0000, 0x0000, 0x0000, 0x0000, 0x0000, 0x0000, 0x0000, 0x0000,   // 0x4090 (16528) pixels
0x0000, 0x0000, 0x0000, 0x0000, 0x0000, 0x0000, 0x0000, 0x0000, 0x0000, 0x0000, 0x0000, 0x0000, 0x0000, 0x0000, 0x0000, 0x0000,   // 0x40A0 (16544) pixels
0x0000, 0x0000, 0x0000, 0x0000, 0x0000, 0x0000, 0x0000, 0x0000, 0x0000, 0x0000, 0x0000, 0x0001, 0x0042, 0x1988, 0x5391, 0x74D7,   // 0x40B0 (16560) pixels
0x7518, 0x7519, 0x7535, 0x7515, 0x7537, 0x4BD3, 0x3B71, 0x4BD3, 0x5BF3, 0x5BD2, 0x4BB4, 0x4332, 0x21CE, 0x214D, 0x18AB, 0x0808,   // 0x40C0 (16576) pixels
0x20CA, 0x20CA, 0x18CA, 0x7C36, 0x4B32, 0x42D0, 0x426E, 0x5B0F, 0xB63A, 0x8D14, 0x29AD, 0x190A, 0x0868, 0x0004, 0x0824, 0x0003,   // 0x40D0 (16592) pixels
0x0004, 0x0026, 0x5067, 0xAA24, 0xDDEF, 0xDF7C, 0xCF1D, 0xAEDB, 0x32AE, 0x4AF3, 0x5B94, 0x5311, 0x31CA, 0x1065, 0x0003, 0x0003,   // 0x40E0 (16608) pixels
0x0002, 0x0041, 0x1001, 0x3823, 0x78A4, 0xA001, 0xA881, 0x8841, 0xA905, 0x9A89, 0x63B3, 0x198B, 0x21CD, 0x21CD, 0x194C, 0x31AD,   // 0x40F0 (16624) pixels
0x20EA, 0x1847, 0x0804, 0x0003, 0x18E7, 0x3A0C, 0x52F2, 0x4A91, 0x31CD, 0x10A8, 0x1005, 0x08A6, 0x29AB, 0x49EE, 0x30EC, 0x0869,   // 0x4100 (16640) pixels
0x320E, 0x4B30, 0x7414, 0x49ED, 0x1067, 0x0023, 0x5803, 0xD005, 0xD0A5, 0x7922, 0x1806, 0x1005, 0x0006, 0x192B, 0x42F1, 0x4B92,   // 0x4110 (16656) pixels
0x4370, 0x3B50, 0x5C13, 0x7CF8, 0x6455, 0x5BF3, 0x6452, 0x5C11, 0x5412, 0x4BF3, 0x5434, 0x5414, 0x4C34, 0x4C33, 0x5414, 0x6C55,   // 0x4120 (16672) pixels
0x5311, 0x10C8, 0x0006, 0x0806, 0x0006, 0x0047, 0x2A4E, 0x5414, 0x5413, 0x5C13, 0x5C55, 0x5390, 0x08C4, 0x1002, 0x3045, 0x3025,   // 0x4130 (16688) pixels
0x2044, 0x1084, 0x1042, 0x0062, 0x0062, 0x0001, 0x0842, 0x3209, 0x326A, 0x0042, 0x0000, 0x0000, 0x0000, 0x0000, 0x0000, 0x0000,   // 0x4140 (16704) pixels
0x0000, 0x0000, 0x0000, 0x0000, 0x0000, 0x0000, 0x0000, 0x0000, 0x0000, 0x0000, 0x0000, 0x0000, 0x0000, 0x0000, 0x0000, 0x0000,   // 0x4150 (16720) pixels
0x0000, 0x0000, 0x0000, 0x0000, 0x0000, 0x0000, 0x0000, 0x0000, 0x0000, 0x0000, 0x0000, 0x0000, 0x0000, 0x0000, 0x0000, 0x0000,   // 0x4160 (16736) pixels
0x0000, 0x0000, 0x0000, 0x0000, 0x0000, 0x0000, 0x0000, 0x0000, 0x0000, 0x0800, 0x0001, 0x29A9, 0x53D2, 0x4BD3, 0x5415, 0x53D4,   // 0x4170 (16752) pixels
0x4BD4, 0x43F3, 0x43D2, 0x3310, 0x2A2E, 0x4AB1, 0x322F, 0x3AD0, 0x32B0, 0x2A2F, 0x21AC, 0x08CA, 0x192B, 0x29CD, 0x320E, 0x114B,   // 0x4180 (16768) pixels
0x18E8, 0x4A0F, 0x318C, 0x2167, 0xA570, 0xCE93, 0xD759, 0x74F4, 0x324F, 0x08C9, 0x0026, 0x0004, 0x0805, 0x0003, 0x0003, 0x0003,   // 0x4190 (16784) pixels
0x2021, 0xC8E5, 0xCCEF, 0xC75B, 0xCEBE, 0xAE9C, 0x2A4B, 0x3A4E, 0x3B32, 0x4311, 0x4AF0, 0x0045, 0x0004, 0x0023, 0x0003, 0x0003,   // 0x41A0 (16800) pixels
0x0002, 0x1804, 0x5047, 0x8846, 0x9822, 0x90A2, 0x8A8A, 0x6B6F, 0x3A92, 0x294D, 0x294C, 0x110A, 0x0068, 0x396D, 0x41CD, 0x0065,   // 0x41B0 (16816) pixels
0x18E7, 0x5AF0, 0x42D0, 0x4393, 0x4374, 0x4AD2, 0x318E, 0x1089, 0x0005, 0x10E8, 0x63D3, 0x42EF, 0x00C7, 0x2A0C, 0x3AEF, 0x7CF7,   // 0x41C0 (16832) pixels
0x9DFC, 0x6456, 0x4B74, 0x29CD, 0x1806, 0x4066, 0x4886, 0x3003, 0x0807, 0x1006, 0x0805, 0x29AB, 0x42AF, 0x1067, 0x18E9, 0x5331,   // 0x41D0 (16848) pixels
0x43F3, 0x5C96, 0x6CB7, 0x53B2, 0x2A4D, 0x3AF0, 0x6435, 0x5414, 0x5433, 0x5434, 0x5413, 0x5C34, 0x5C33, 0x5C13, 0x53F3, 0x3B10,   // 0x41E0 (16864) pixels
0x0046, 0x0006, 0x1068, 0x0005, 0x0005, 0x428F, 0x6455, 0x5434, 0x5433, 0x5433, 0x32AE, 0x19AB, 0x4B51, 0x6454, 0x4BD1, 0x4C31,   // 0x41F0 (16880) pixels
0x43F1, 0x5C33, 0x29CA, 0x0003, 0x63D3, 0x7D59, 0x7D39, 0x2A0E, 0x0021, 0x0000, 0x0000, 0x0000, 0x0000, 0x0000, 0x0000, 0x0000,   // 0x4200 (16896) pixels
0x0000, 0x0000, 0x0000, 0x0000, 0x0000, 0x0000, 0x0000, 0x0000, 0x0000, 0x0000, 0x0000, 0x0000, 0x0000, 0x0000, 0x0000, 0x0000,   // 0x4210 (16912) pixels
0x0000, 0x0000, 0x0000, 0x0000, 0x0000, 0x0000, 0x0000, 0x0000, 0x0000, 0x0000, 0x0000, 0x0000, 0x0000, 0x0000, 0x0000, 0x0000,   // 0x4220 (16928) pixels
0x0000, 0x0000, 0x0000, 0x0000, 0x0000, 0x0000, 0x0020, 0x0020, 0x0001, 0x21A9, 0x5BD2, 0x4BB2, 0x4352, 0x3AD1, 0x322F, 0x3A4F,   // 0x4230 (16944) pixels
0x3A2E, 0x216B, 0x10CB, 0x318E, 0x18CB, 0x290B, 0x31EF, 0x31AE, 0x296D, 0x20EB, 0x296D, 0x39EF, 0x31EF, 0x192C, 0x1047, 0x0807,   // 0x4240 (16960) pixels
0x0005, 0x0823, 0xC5D4, 0xFF9A, 0xD6B9, 0x7CD5, 0x6393, 0x0025, 0x0004, 0x0804, 0x0804, 0x0003, 0x0023, 0x0002, 0x2022, 0xC106,   // 0x4250 (16976) pixels
0xB48E, 0xCF9D, 0x9498, 0x7CB6, 0x3A8E, 0x322F, 0x3AB1, 0x42B0, 0x4AD0, 0x0866, 0x0004, 0x0002, 0x0002, 0x0803, 0x0004, 0x1087,   // 0x4260 (16992) pixels
0x2888, 0x58A7, 0x6022, 0x7987, 0x8370, 0x5351, 0x29AF, 0x318D, 0x296C, 0x112A, 0x0047, 0x1827, 0x28C8, 0x0023, 0x10E8, 0x42B0,   // 0x4270 (17008) pixels
0x192A, 0x296C, 0x29CD, 0x2A4F, 0x328F, 0x190A, 0x1026, 0x0866, 0x5BB3, 0x4B50, 0x19AA, 0x5371, 0x6C96, 0x74D6, 0x5BF4, 0x4B93,   // 0x4280 (17024) pixels
0x5C16, 0x6C56, 0x5310, 0x318A, 0x1865, 0x0803, 0x0006, 0x0806, 0x1045, 0x2189, 0x42B0, 0x1089, 0x0005, 0x19AA, 0x4BD3, 0x53F3,   // 0x4290 (17040) pixels
0x8559, 0x4B92, 0x2A6D, 0x2A8E, 0x53F3, 0x53F3, 0x5413, 0x5434, 0x5413, 0x5413, 0x5413, 0x5C13, 0x5C34, 0x53D2, 0x1129, 0x0005,   // 0x42A0 (17056) pixels
0x0005, 0x0847, 0x1929, 0x4B11, 0x5C34, 0x5413, 0x5C74, 0x6454, 0x4B72, 0x326F, 0x5352, 0x74B7, 0x6495, 0x5C74, 0x5C74, 0x6C95,   // 0x42B0 (17072) pixels
0x428E, 0x0846, 0x4ACF, 0x6C95, 0x7D39, 0x324F, 0x0021, 0x0000, 0x0000, 0x0000, 0x0000, 0x0000, 0x0000, 0x0000, 0x0000, 0x0000,   // 0x42C0 (17088) pixels
0x0000, 0x0000, 0x0000, 0x0000, 0x0000, 0x0000, 0x0000, 0x0000, 0x0000, 0x0000, 0x0000, 0x0000, 0x0000, 0x0000, 0x0000, 0x0000,   // 0x42D0 (17104) pixels
0x0000, 0x0000, 0x0000, 0x0000, 0x0000, 0x0000, 0x0000, 0x0000, 0x0000, 0x0000, 0x0000, 0x0000, 0x0000, 0x0000, 0x0000, 0x0000,   // 0x42E0 (17120) pixels
0x0000, 0x0000, 0x0000, 0x0000, 0x0020, 0x0000, 0x0001, 0x1988, 0x5BD2, 0x53D3, 0x32B0, 0x29EE, 0x29F0, 0x29AE, 0x294C, 0x190B,   // 0x42F0 (17136) pixels
0x110B, 0x214D, 0x1089, 0x28A9, 0x294D, 0x296D, 0x294D, 0x18CB, 0x296E, 0x31AF, 0x298E, 0x10EC, 0x20A9, 0x0006, 0x0005, 0x18A5,   // 0x4300 (17152) pixels
0x7B2E, 0x6AAB, 0x7BD1, 0x5350, 0x8454, 0x0024, 0x0003, 0x0804, 0x0803, 0x0003, 0x0002, 0x0023, 0x2001, 0xB968, 0xBD52, 0xAEBB,   // 0x4310 (17168) pixels
0x20CA, 0x0068, 0x0089, 0x00AA, 0x192B, 0x214B, 0x298C, 0x0004, 0x0003, 0x0803, 0x0002, 0x0823, 0x1989, 0x7C96, 0x8D19, 0x8C96,   // 0x4320 (17184) pixels
0x62AC, 0x6B0E, 0x5B71, 0x1A0D, 0x218E, 0x294C, 0x212A, 0x320D, 0x31CC, 0x1046, 0x1804, 0x0801, 0x10EA, 0x42D1, 0x1109, 0x210A,   // 0x4330 (17200) pixels
0x20C9, 0x192A, 0x324F, 0x116B, 0x1846, 0x0025, 0x5331, 0x5BF3, 0x5BD3, 0x74B6, 0x8559, 0x6495, 0x32AF, 0x328F, 0x3AD1, 0x4B93,   // 0x4340 (17216) pixels
0x5434, 0x4BF3, 0x32AE, 0x0928, 0x0027, 0x0004, 0x0023, 0x08C6, 0x3A4F, 0x212C, 0x0047, 0x21EB, 0x5BF4, 0x4B72, 0x6CB7, 0x6CD7,   // 0x4350 (17232) pixels
0x53D3, 0x53D3, 0x5C34, 0x5BF3, 0x5413, 0x5C54, 0x5413, 0x5413, 0x5413, 0x5413, 0x5C34, 0x5C34, 0x4B51, 0x2A4D, 0x3A8E, 0x5351,   // 0x4360 (17248) pixels
0x5BD3, 0x6434, 0x5C34, 0x5413, 0x53F2, 0x6434, 0x6C55, 0x3AB0, 0x29EE, 0x4B12, 0x5394, 0x4B93, 0x3B52, 0x4332, 0x31ED, 0x0005,   // 0x4370 (17264) pixels
0x1949, 0x4330, 0x74D7, 0x3A6E, 0x0001, 0x0000, 0x0000, 0x0000, 0x0000, 0x0000, 0x0000, 0x0000, 0x0000, 0x0000, 0x0000, 0x0000,   // 0x4380 (17280) pixels
0x0000, 0x0000, 0x0000, 0x0000, 0x0000, 0x0000, 0x0000, 0x0000, 0x0000, 0x0000, 0x0000, 0x0000, 0x0000, 0x0000, 0x0000, 0x0000,   // 0x4390 (17296) pixels
0x0000, 0x0000, 0x0000, 0x0000, 0x0000, 0x0000, 0x0000, 0x0000, 0x0000, 0x0000, 0x0000, 0x0000, 0x0000, 0x0000, 0x0000, 0x0000,   // 0x43A0 (17312) pixels
0x0000, 0x0000, 0x0042, 0x1926, 0x1928, 0x1929, 0x42F0, 0x5BF4, 0x42B0, 0x218B, 0x190A, 0x18C9, 0x1087, 0x0867, 0x0089, 0x0889,   // 0x43B0 (17328) pixels
0x0027, 0x1067, 0x292B, 0x39CD, 0x39AD, 0x18CA, 0x292B, 0x294C, 0x212B, 0x10CA, 0x1067, 0x0026, 0x0004, 0x0003, 0x418A, 0x41EA,   // 0x43C0 (17344) pixels
0x8434, 0x4ACE, 0x73D3, 0x0845, 0x0003, 0x0003, 0x0003, 0x0003, 0x0003, 0x0044, 0x3001, 0xAA09, 0xC615, 0x8555, 0x290B, 0x39CF,   // 0x43D0 (17360) pixels
0x31EF, 0x29CE, 0x296D, 0x296C, 0x294B, 0x0004, 0x0003, 0x0002, 0x0002, 0x0002, 0x1106, 0x7CD6, 0xAEDE, 0xCFDF, 0xA65A, 0x5BB1,   // 0x43E0 (17376) pixels
0x2A2D, 0x19CD, 0x29AE, 0x210B, 0x18A9, 0x31CD, 0x424F, 0x18E9, 0x0004, 0x0001, 0x18E8, 0x626F, 0x30C8, 0x1866, 0x0846, 0x0827,   // 0x43F0 (17392) pixels
0x210B, 0x10AB, 0x1826, 0x0846, 0x2A0C, 0x6414, 0x8559, 0x7D18, 0x74F7, 0x5434, 0x3AF1, 0x21ED, 0x214C, 0x29EE, 0x3B31, 0x5434,   // 0x4400 (17408) pixels
0x5455, 0x4BB3, 0x42B0, 0x10E8, 0x0003, 0x0003, 0x31EC, 0x4270, 0x320E, 0x4B12, 0x42D1, 0x3A90, 0x4B93, 0x7D59, 0x7518, 0x5434,   // 0x4410 (17424) pixels
0x5C13, 0x5BF3, 0x5413, 0x5C34, 0x5413, 0x5413, 0x5C34, 0x53F3, 0x53F3, 0x5C34, 0x5C33, 0x53D2, 0x5C33, 0x5C54, 0x5C33, 0x5413,   // 0x4420 (17440) pixels
0x53F3, 0x5413, 0x6414, 0x63F4, 0x6BF5, 0x3A4F, 0x00A9, 0x194C, 0x2A10, 0x3230, 0x2A4F, 0x2A2F, 0x216B, 0x0005, 0x10A7, 0x326D,   // 0x4430 (17456) pixels
0x5BD3, 0x320C, 0x0000, 0x0000, 0x0000, 0x0000, 0x0000, 0x0000, 0x0000, 0x0000, 0x0000, 0x0000, 0x0000, 0x0000, 0x0000, 0x0000,   // 0x4440 (17472) pixels
0x0000, 0x0000, 0x0000, 0x0000, 0x0000, 0x0000, 0x0000, 0x0000, 0x0000, 0x0000, 0x0000, 0x0000, 0x0000, 0x0000, 0x0000, 0x0000,   // 0x4450 (17488) pixels
0x0000, 0x0000, 0x0000, 0x0000, 0x0000, 0x0000, 0x0000, 0x0000, 0x0000, 0x0000, 0x0000, 0x0000, 0x0000, 0x0000, 0x0000, 0x0000,   // 0x4460 (17504) pixels
0x194A, 0x5B32, 0x6332, 0x192A, 0x196A, 0x42CF, 0x29CB, 0x0885, 0x0802, 0x0802, 0x0002, 0x0002, 0x1026, 0x0806, 0x0004, 0x0024,   // 0x4470 (17520) pixels
0x094B, 0x222E, 0x2A4F, 0x096C, 0x19AD, 0x21CE, 0x19AE, 0x114D, 0x0865, 0x0045, 0x00C8, 0x0005, 0x52D0, 0x7C75, 0x7C95, 0x52AF,   // 0x4480 (17536) pixels
0x6372, 0x0066, 0x0004, 0x0845, 0x0024, 0x0004, 0x0044, 0x0003, 0x48E3, 0xCC50, 0xD718, 0x6450, 0x318C, 0x6B54, 0x4A50, 0x3A4E,   // 0x4490 (17552) pixels
0x3A2F, 0x3A0E, 0x298B, 0x0845, 0x0003, 0x0023, 0x0043, 0x0043, 0x0002, 0x31CB, 0x6413, 0x8DDA, 0x95FA, 0x3ACF, 0x216C, 0x31AE,   // 0x44A0 (17568) pixels
0x198C, 0x212B, 0x20CA, 0x1049, 0x10AB, 0x112B, 0x0087, 0x0044, 0x3927, 0x9A0D, 0x98CA, 0x6067, 0x28C7, 0x08E8, 0x18AB, 0x286C,   // 0x44B0 (17584) pixels
0x2047, 0x0845, 0x00A6, 0x4BB2, 0x74F7, 0x6C96, 0x5C14, 0x4392, 0x3B33, 0x114C, 0x1069, 0x1048, 0x10A9, 0x2A2E, 0x5372, 0x63F4,   // 0x44C0 (17600) pixels
0x63D3, 0x3A6E, 0x0909, 0x0004, 0x0886, 0x29CA, 0x324E, 0x4292, 0x192B, 0x112A, 0x4332, 0x5C55, 0x7538, 0x5434, 0x53F3, 0x5C34,   // 0x44D0 (17616) pixels
0x5413, 0x5413, 0x53F3, 0x5413, 0x5C54, 0x5433, 0x53F3, 0x5C34, 0x5C33, 0x5413, 0x5433, 0x5413, 0x5413, 0x5C54, 0x5C34, 0x6434,   // 0x44E0 (17632) pixels
0x5B93, 0x42D0, 0x322E, 0x216C, 0x08A9, 0x190B, 0x31EF, 0x31EF, 0x3A50, 0x3A4F, 0x296B, 0x0005, 0x0024, 0x0085, 0x0907, 0x0003,   // 0x44F0 (17648) pixels
0x0000, 0x0000, 0x0000, 0x0000, 0x0000, 0x0000, 0x0000, 0x0000, 0x0000, 0x0000, 0x0000, 0x0000, 0x0000, 0x0000, 0x0000, 0x0000,   // 0x4500 (17664) pixels
0x0000, 0x0000, 0x0000, 0x0000, 0x0000, 0x0000, 0x0000, 0x0000, 0x0000, 0x0000, 0x0000, 0x0000, 0x0000, 0x0000, 0x0000, 0x0000,   // 0x4510 (17680) pixels
0x0000, 0x0000, 0x0000, 0x0000, 0x0000, 0x0000, 0x0000, 0x0000, 0x0000, 0x0000, 0x0000, 0x0000, 0x0000, 0x0000, 0x0067, 0x296B,   // 0x4520 (17696) pixels
0x296B, 0x0026, 0x0004, 0x0085, 0x0002, 0x0002, 0x0024, 0x0002, 0x0800, 0x4083, 0x7967, 0x6084, 0x5041, 0x48C1, 0x4946, 0x59A8,   // 0x4530 (17712) pixels
0x59A8, 0x5167, 0x6A0B, 0x69EB, 0x6169, 0x48A7, 0x38E6, 0x5B50, 0x5C15, 0x21ED, 0x4B10, 0x8537, 0x9DB9, 0x6310, 0x52F0, 0x1109,   // 0x4540 (17728) pixels
0x0004, 0x0004, 0x0804, 0x0003, 0x0002, 0x0023, 0x8B6D, 0xEE57, 0xD719, 0x6C51, 0x194A, 0x4271, 0x18EA, 0x0866, 0x0087, 0x0887,   // 0x4550 (17744) pixels
0x0025, 0x0004, 0x0024, 0x0845, 0x0024, 0x0003, 0x1004, 0x1066, 0x320D, 0x42F1, 0x5374, 0x31EF, 0x316E, 0x312D, 0x216B, 0x190A,   // 0x4560 (17760) pixels
0x20EA, 0x1008, 0x108B, 0x21CE, 0x194A, 0x28E8, 0x88E7, 0xB96A, 0xD10A, 0xC0AA, 0x812A, 0x3909, 0x0847, 0x1829, 0x2046, 0x0004,   // 0x4570 (17776) pixels
0x0948, 0x74F7, 0x8579, 0x74F7, 0x6455, 0x4351, 0x32D2, 0x198D, 0x318D, 0x312B, 0x1048, 0x18CA, 0x31AD, 0x424F, 0x326E, 0x5BB4,   // 0x4580 (17792) pixels
0x5333, 0x10C8, 0x0002, 0x00A4, 0x29EC, 0x3A31, 0x18CA, 0x0069, 0x4B32, 0x4BB3, 0x6496, 0x7538, 0x4BF3, 0x5C33, 0x5C34, 0x53F3,   // 0x4590 (17808) pixels
0x5413, 0x5413, 0x5C34, 0x5C34, 0x5413, 0x5C34, 0x5413, 0x5433, 0x5C34, 0x5C54, 0x5C34, 0x5BD4, 0x4B52, 0x42B0, 0x320F, 0x218C,   // 0x45A0 (17824) pixels
0x110A, 0x190A, 0x10C9, 0x10A8, 0x212B, 0x294C, 0x214B, 0x218B, 0x18C8, 0x0004, 0x0003, 0x0002, 0x0002, 0x0002, 0x0000, 0x0000,   // 0x45B0 (17840) pixels
0x0000, 0x0000, 0x0000, 0x0000, 0x0000, 0x0000, 0x0000, 0x0000, 0x0000, 0x0000, 0x0000, 0x0000, 0x0000, 0x0000, 0x0000, 0x0000,   // 0x45C0 (17856) pixels
0x0000, 0x0000, 0x0000, 0x0000, 0x0000, 0x0000, 0x0000, 0x0000, 0x0000, 0x0000, 0x0000, 0x0000, 0x0000, 0x0000, 0x0000, 0x0000,   // 0x45D0 (17872) pixels
0x0000, 0x0000, 0x0000, 0x0000, 0x0000, 0x0000, 0x0000, 0x0000, 0x0000, 0x0000, 0x0000, 0x0000, 0x0002, 0x0002, 0x0002, 0x0002,   // 0x45E0 (17888) pixels
0x0002, 0x0042, 0x0001, 0x1021, 0x0003, 0x2002, 0x6082, 0xA965, 0xF269, 0xD985, 0xD9A4, 0xE245, 0xE9A3, 0xE182, 0xD942, 0xD141,   // 0x45F0 (17904) pixels
0xE1C4, 0xD963, 0xD0C1, 0xC040, 0x7127, 0x73D2, 0x5CD8, 0x5436, 0x7CB6, 0xA5D8, 0xCEFD, 0x94B6, 0x6392, 0x52AF, 0x3129, 0x1003,   // 0x4600 (17920) pixels
0x1802, 0x1001, 0x1821, 0x5249, 0xDE39, 0xC5D7, 0xBE99, 0xA5F9, 0x21ED, 0x114D, 0x0889, 0x0004, 0x0025, 0x0005, 0x0004, 0x28E8,   // 0x4610 (17936) pixels
0x396A, 0x3109, 0x1847, 0x0004, 0x0003, 0x0003, 0x10C7, 0x29CD, 0x4270, 0x31AE, 0x314C, 0x28EB, 0x18C8, 0x0886, 0x0867, 0x1068,   // 0x4620 (17952) pixels
0x214C, 0x3A0E, 0x51AC, 0x816B, 0xD92B, 0xC90A, 0xC8C9, 0xD8CA, 0xD0EB, 0x90E9, 0x5067, 0x3067, 0x0804, 0x0065, 0x32AD, 0x7517,   // 0x4630 (17968) pixels
0x7518, 0x6C76, 0x5BD4, 0x4331, 0x19AD, 0x21ED, 0x4B92, 0x63F4, 0x426F, 0x18CA, 0x0848, 0x18CA, 0x198C, 0x5394, 0x4B12, 0x1087,   // 0x4640 (17984) pixels
0x0002, 0x0002, 0x1108, 0x31AE, 0x316D, 0x10AA, 0x42B1, 0x5BD4, 0x4BF3, 0x6CF7, 0x5453, 0x4BF2, 0x5C13, 0x53D3, 0x5C13, 0x5413,   // 0x4650 (18000) pixels
0x5413, 0x5C34, 0x5433, 0x5433, 0x5C54, 0x5C14, 0x53D3, 0x5393, 0x4B11, 0x3A6F, 0x31EE, 0x218C, 0x296E, 0x298D, 0x214B, 0x1909,   // 0x4660 (18016) pixels
0x0866, 0x0003, 0x0004, 0x0825, 0x0005, 0x0045, 0x0024, 0x0002, 0x0001, 0x0022, 0x0001, 0x0822, 0x0000, 0x0000, 0x0000, 0x0000,   // 0x4670 (18032) pixels
0x0000, 0x0000, 0x0000, 0x0000, 0x0000, 0x0000, 0x0000, 0x0000, 0x0000, 0x0000, 0x0000, 0x0000, 0x0000, 0x0000, 0x0000, 0x0000,   // 0x4680 (18048) pixels
0x0000, 0x0000, 0x0000, 0x0000, 0x0000, 0x0000, 0x0000, 0x0000, 0x0000, 0x0000, 0x0000, 0x0000, 0x0000, 0x0000, 0x0000, 0x0000,   // 0x4690 (18064) pixels
0x0000, 0x0000, 0x0000, 0x0000, 0x0000, 0x0000, 0x0000, 0x0000, 0x0000, 0x0000, 0x0020, 0x0820, 0x0800, 0x0021, 0x0061, 0x10E4,   // 0x46A0 (18080) pixels
0x0842, 0x0801, 0x1000, 0x7164, 0xC205, 0xD102, 0xE0E2, 0xC061, 0xC0E2, 0xB8C1, 0xB0C3, 0xA882, 0xA0A2, 0x9883, 0x9883, 0x8801,   // 0x46B0 (18096) pixels
0x9023, 0xA8A5, 0x8885, 0x62CF, 0x3C76, 0x4416, 0x9538, 0xBE19, 0xA576, 0x8CB6, 0x8454, 0x7BB2, 0x7B10, 0x4907, 0x3843, 0x5166,   // 0x46C0 (18112) pixels
0x830C, 0xEE58, 0xCDF9, 0x10C4, 0x3229, 0x84F6, 0x3AF2, 0x21F0, 0x298E, 0x1026, 0x0004, 0x0003, 0x1004, 0x416A, 0x51CC, 0x412A,   // 0x46D0 (18128) pixels
0x2868, 0x1806, 0x0042, 0x0042, 0x0002, 0x0025, 0x214A, 0x31CD, 0x20E9, 0x0004, 0x0003, 0x0024, 0x0004, 0x0005, 0x0088, 0x294A,   // 0x46E0 (18144) pixels
0x798B, 0xC14B, 0xD0EA, 0xD0EA, 0xC8C9, 0xC8C9, 0xD0A9, 0xD8CA, 0xB0E9, 0x7886, 0x0804, 0x3A2C, 0x7D17, 0x7537, 0x7518, 0x5BF4,   // 0x46F0 (18160) pixels
0x328F, 0x220D, 0x298D, 0x3B10, 0x4C32, 0x4C74, 0x5C15, 0x5334, 0x39CF, 0x10AB, 0x3A72, 0x4B74, 0x21CC, 0x0003, 0x1024, 0x0003,   // 0x4700 (18176) pixels
0x0066, 0x318C, 0x41F0, 0x0848, 0x196C, 0x5393, 0x5414, 0x4C13, 0x7D98, 0x5453, 0x4B92, 0x4B71, 0x53F3, 0x5413, 0x5413, 0x5C54,   // 0x4710 (18192) pixels
0x5454, 0x5454, 0x53F3, 0x4351, 0x32AF, 0x2A0D, 0x218C, 0x216C, 0x298D, 0x296D, 0x296F, 0x294D, 0x190A, 0x0045, 0x0003, 0x0002,   // 0x4720 (18208) pixels
0x0002, 0x0002, 0x0003, 0x0003, 0x0002, 0x0002, 0x0001, 0x0042, 0x0000, 0x0000, 0x0000, 0x0000, 0x0000, 0x0000, 0x0000, 0x0000,   // 0x4730 (18224) pixels
0x0000, 0x0000, 0x0000, 0x0000, 0x0000, 0x0000, 0x0000, 0x0000, 0x0000, 0x0000, 0x0000, 0x0000, 0x0000, 0x0000, 0x0000, 0x0000,   // 0x4740 (18240) pixels
0x0000, 0x0000, 0x0000, 0x0000, 0x0000, 0x0000, 0x0000, 0x0000, 0x0000, 0x0000, 0x0000, 0x0000, 0x0000, 0x0000, 0x0000, 0x0000,   // 0x4750 (18256) pixels
0x0000, 0x0000, 0x0000, 0x0000, 0x0000, 0x0000, 0x0000, 0x0000, 0x0000, 0x0021, 0x0000, 0x1126, 0x7C53, 0x73F3, 0x296A, 0x0004,   // 0x4760 (18272) pixels
0x0021, 0x78E0, 0xC1A3, 0x58A3, 0x0803, 0x2003, 0x3003, 0x38E8, 0x38A6, 0x1063, 0x1002, 0x2003, 0x1803, 0x0001, 0x3000, 0x9884,   // 0x4770 (18288) pixels
0xA064, 0x3906, 0x0929, 0x318D, 0x6391, 0x4A8B, 0x1884, 0x52CE, 0x9E36, 0x9D13, 0xBCB1, 0xBC08, 0xC465, 0xD5CA, 0xD6F2, 0xD7B7,   // 0x4780 (18304) pixels
0xA63C, 0x4B10, 0x192A, 0x31CD, 0x4270, 0x4270, 0x31AD, 0x1068, 0x0825, 0x0004, 0x1004, 0x3006, 0x5006, 0x6047, 0x5086, 0x2844,   // 0x4790 (18320) pixels
0x0003, 0x0004, 0x0004, 0x0003, 0x0804, 0x1824, 0x3825, 0x5066, 0x3803, 0x2804, 0x1004, 0x0024, 0x0065, 0x60C8, 0xC12A, 0xD12A,   // 0x47A0 (18336) pixels
0xC8EA, 0xD10A, 0xD0E9, 0xD8A8, 0xE0C9, 0xD0E9, 0xA087, 0x7804, 0x2864, 0x6352, 0x857B, 0x8599, 0x6C77, 0x7477, 0x3AAF, 0x21CC,   // 0x47B0 (18352) pixels
0x31ED, 0x5352, 0x5C15, 0x5434, 0x4BD3, 0x6C75, 0x4B11, 0x31EC, 0x3BD3, 0x4B72, 0x1928, 0x0002, 0x0803, 0x0003, 0x0044, 0x10A7,   // 0x47C0 (18368) pixels
0x2A2F, 0x196C, 0x090B, 0x4333, 0x5C15, 0x43D3, 0x5C75, 0x6CF6, 0x328F, 0x2A6E, 0x53B3, 0x6415, 0x6414, 0x5BF3, 0x4B71, 0x3ACF,   // 0x47D0 (18384) pixels
0x31D0, 0x29AF, 0x298E, 0x298D, 0x298D, 0x298C, 0x298B, 0x216B, 0x2109, 0x10A6, 0x0024, 0x0003, 0x0004, 0x0003, 0x0003, 0x0003,   // 0x47E0 (18400) pixels
0x0002, 0x0001, 0x0001, 0x0001, 0x0000, 0x0000, 0x0000, 0x0000, 0x0000, 0x0000, 0x0000, 0x0000, 0x0000, 0x0000, 0x0000, 0x0000,   // 0x47F0 (18416) pixels
0x0000, 0x0000, 0x0000, 0x0000, 0x0000, 0x0000, 0x0000, 0x0000, 0x0000, 0x0000, 0x0000, 0x0000, 0x0000, 0x0000, 0x0000, 0x0000,   // 0x4800 (18432) pixels
0x0000, 0x0000, 0x0000, 0x0000, 0x0000, 0x0000, 0x0000, 0x0000, 0x0000, 0x0000, 0x0000, 0x0000, 0x0000, 0x0000, 0x0000, 0x0000,   // 0x4810 (18448) pixels
0x0000, 0x0000, 0x0000, 0x0000, 0x0000, 0x0000, 0x0000, 0x0020, 0x0020, 0x0083, 0x31E9, 0x2988, 0x0865, 0x0003, 0x0002, 0x8081,   // 0x4820 (18464) pixels
0xC964, 0x6084, 0x0004, 0x0024, 0x0003, 0x0046, 0x0845, 0x0044, 0x0003, 0x0004, 0x0025, 0x0003, 0x1802, 0x70A6, 0x9063, 0x2063,   // 0x4830 (18480) pixels
0x0045, 0x0026, 0x1928, 0x0843, 0x0802, 0x7C33, 0xB6DB, 0xA5D9, 0xC619, 0xE6B7, 0xD652, 0xD6B5, 0xC6B9, 0x9DB8, 0x8558, 0x84F8,   // 0x4840 (18496) pixels
0x6373, 0x31EE, 0x29AD, 0x3A2F, 0x31AD, 0x1047, 0x0803, 0x0003, 0x0022, 0x0802, 0x4005, 0x7868, 0x7868, 0x5004, 0x0066, 0x0887,   // 0x4850 (18512) pixels
0x1067, 0x2066, 0x38A7, 0x58A8, 0x7887, 0x9047, 0x5886, 0x5086, 0x1803, 0x0802, 0x50A7, 0xA96B, 0xD12B, 0xD0EA, 0xC8EA, 0xC90A,   // 0x4860 (18528) pixels
0xC909, 0xC8E9, 0xC8E8, 0xB0C7, 0x8865, 0x7044, 0x5148, 0x8436, 0x853A, 0x859A, 0x6415, 0x6415, 0x6C55, 0x5373, 0x42AF, 0x5372,   // 0x4870 (18544) pixels
0x53D3, 0x5414, 0x5C34, 0x53D3, 0x3AAF, 0x4AF0, 0x4BF4, 0x3ACF, 0x10A6, 0x0002, 0x0003, 0x0002, 0x0003, 0x0024, 0x190A, 0x29AD,   // 0x4880 (18560) pixels
0x218C, 0x5312, 0x4312, 0x4B72, 0x4B92, 0x6C75, 0x6415, 0x4B92, 0x6415, 0x5393, 0x42F0, 0x326E, 0x2A0D, 0x19AC, 0x216D, 0x296D,   // 0x4890 (18576) pixels
0x298D, 0x298D, 0x298C, 0x212A, 0x10A7, 0x0046, 0x0845, 0x0004, 0x0003, 0x0003, 0x0003, 0x0003, 0x0003, 0x0003, 0x0001, 0x0001,   // 0x48A0 (18592) pixels
0x0001, 0x0001, 0x0000, 0x0000, 0x0000, 0x0000, 0x0000, 0x0000, 0x0000, 0x0000, 0x0000, 0x0000, 0x0000, 0x0000, 0x0000, 0x0000,   // 0x48B0 (18608) pixels
0x0000, 0x0000, 0x0000, 0x0000, 0x0000, 0x0000, 0x0000, 0x0000, 0x0000, 0x0000, 0x0000, 0x0000, 0x0000, 0x0000, 0x0000, 0x0000,   // 0x48C0 (18624) pixels
0x0000, 0x0000, 0x0000, 0x0000, 0x0000, 0x0000, 0x0000, 0x0000, 0x0000, 0x0000, 0x0000, 0x0000, 0x0000, 0x0000, 0x0000, 0x0000,   // 0x48D0 (18640) pixels
0x0000, 0x0000, 0x0000, 0x0000, 0x0000, 0x0000, 0x0020, 0x0000, 0x0021, 0x0001, 0x0002, 0x0002, 0x0001, 0x80C2, 0xC964, 0x6864,   // 0x48E0 (18656) pixels
0x0804, 0x0824, 0x1004, 0x0806, 0x1004, 0x1824, 0x1804, 0x1004, 0x0845, 0x0823, 0x2802, 0x6085, 0x90E5, 0x1801, 0x0003, 0x0004,   // 0x48F0 (18672) pixels
0x0044, 0x0002, 0x0823, 0x8CF6, 0xA639, 0xA61B, 0x7CB5, 0xA5D6, 0xBE77, 0xB65A, 0x7457, 0x42B3, 0x6414, 0x324E, 0x298C, 0x422F,   // 0x4900 (18688) pixels
0x3A0F, 0x29CD, 0x31AD, 0x20C9, 0x0003, 0x0003, 0x0803, 0x2025, 0x48A8, 0x694B, 0x616B, 0x40E8, 0x112A, 0x290A, 0x38A9, 0x4848,   // 0x4910 (18704) pixels
0x6068, 0x78A8, 0x8887, 0x9026, 0x5846, 0x5825, 0x3823, 0x5064, 0xB109, 0xE12C, 0xD90B, 0xD90B, 0xD0CA, 0xD10B, 0xC12A, 0xB108,   // 0x4920 (18720) pixels
0xA8C6, 0x9085, 0x7864, 0x6883, 0x5948, 0x5AB0, 0x6C56, 0x74F7, 0x118B, 0x222D, 0x74B6, 0x6C56, 0x5BD3, 0x4B92, 0x3B30, 0x4392,   // 0x4930 (18736) pixels
0x5C35, 0x4B93, 0x328F, 0x4B32, 0x4BB3, 0x21EC, 0x0004, 0x0002, 0x0823, 0x0023, 0x0003, 0x0003, 0x0004, 0x316B, 0x39ED, 0x3A0E,   // 0x4940 (18752) pixels
0x110A, 0x322E, 0x4B11, 0x6C35, 0x74B7, 0x4B31, 0x3A8F, 0x21CD, 0x198C, 0x218C, 0x298D, 0x298D, 0x31AD, 0x296C, 0x190A, 0x10A8,   // 0x4950 (18768) pixels
0x0866, 0x0025, 0x0004, 0x0003, 0x0003, 0x0003, 0x0003, 0x0003, 0x0003, 0x0002, 0x0002, 0x0002, 0x0001, 0x0001, 0x0001, 0x0000,   // 0x4960 (18784) pixels
0x0000, 0x0000, 0x0000, 0x0000, 0x0000, 0x0000, 0x0000, 0x0000, 0x0000, 0x0000, 0x0000, 0x0000, 0x0000, 0x0000, 0x0000, 0x0000,   // 0x4970 (18800) pixels
0x0000, 0x0000, 0x0000, 0x0000, 0x0000, 0x0000, 0x0000, 0x0000, 0x0000, 0x0000, 0x0000, 0x0000, 0x0000, 0x0000, 0x0000, 0x0000,   // 0x4980 (18816) pixels
0x0000, 0x0000, 0x0000, 0x0000, 0x0000, 0x0000, 0x0000, 0x0000, 0x0000, 0x0000, 0x0000, 0x0000, 0x0000, 0x0000, 0x0000, 0x0000,   // 0x4990 (18832) pixels
0x0000, 0x0000, 0x0000, 0x0000, 0x0000, 0x0000, 0x0000, 0x0001, 0x0022, 0x0001, 0x0000, 0x78E2, 0xC185, 0x8863, 0x5803, 0x7865,   // 0x49A0 (18848) pixels
0x8045, 0x8047, 0x8024, 0x9024, 0x9045, 0x7885, 0x70C5, 0x7885, 0x8064, 0x9084, 0x7925, 0x1821, 0x0002, 0x0003, 0x0003, 0x0043,   // 0x49B0 (18864) pixels
0x39EA, 0xBE5C, 0xA619, 0x8D37, 0x29CA, 0x7C52, 0xB618, 0x73F2, 0x194B, 0x3A71, 0x5B93, 0x218C, 0x0006, 0x10A9, 0x31EE, 0x3A2E,   // 0x49C0 (18880) pixels
0x318C, 0x20A8, 0x0004, 0x0804, 0x3027, 0x48EA, 0x396B, 0x39CC, 0x39EC, 0x316B, 0x490A, 0x50EA, 0x5889, 0x5807, 0x5807, 0x6067,   // 0x49D0 (18896) pixels
0x6886, 0x6845, 0x4005, 0x4003, 0x68C5, 0xB9A9, 0xE94A, 0xE8A9, 0xD8AA, 0xD8CB, 0xE0AB, 0xD90B, 0xC129, 0xA0E6, 0x8884, 0x8083,   // 0x49E0 (18912) pixels
0x7883, 0x7083, 0x48C6, 0x20C9, 0x094A, 0x74B6, 0x4B52, 0x328F, 0x6475, 0x6475, 0x6474, 0x5C54, 0x53D2, 0x4371, 0x4331, 0x32AF,   // 0x49F0 (18928) pixels
0x32B0, 0x4BB4, 0x5372, 0x1949, 0x0004, 0x0003, 0x0003, 0x0003, 0x0004, 0x0804, 0x0003, 0x2109, 0x422E, 0x216B, 0x0006, 0x0048,   // 0x4A00 (18944) pixels
0x3A70, 0x5373, 0x4B32, 0x21AD, 0x196B, 0x194B, 0x298C, 0x318D, 0x318D, 0x294C, 0x18E9, 0x10A7, 0x0846, 0x0004, 0x0003, 0x0003,   // 0x4A10 (18960) pixels
0x0003, 0x0003, 0x0003, 0x0003, 0x0003, 0x0002, 0x0002, 0x0001, 0x0001, 0x0001, 0x0000, 0x0000, 0x0000, 0x0000, 0x0000, 0x0000,   // 0x4A20 (18976) pixels
0x0000, 0x0000, 0x0000, 0x0000, 0x0000, 0x0000, 0x0000, 0x0000, 0x0000, 0x0000, 0x0000, 0x0000, 0x0000, 0x0000, 0x0000, 0x0000,   // 0x4A30 (18992) pixels
0x0000, 0x0000, 0x0000, 0x0000, 0x0000, 0x0000, 0x0000, 0x0000, 0x0000, 0x0000, 0x0000, 0x0000, 0x0000, 0x0000, 0x0000, 0x0000,   // 0x4A40 (19008) pixels
0x0000, 0x0000, 0x0000, 0x0000, 0x0000, 0x0000, 0x0000, 0x0000, 0x0000, 0x0000, 0x0000, 0x0000, 0x0000, 0x0000, 0x0000, 0x0000,   // 0x4A50 (19024) pixels
0x0000, 0x0000, 0x0000, 0x0800, 0x0000, 0x0000, 0x0000, 0x0000, 0x0801, 0x60E3, 0xA9A5, 0xA105, 0xA8C6, 0xD108, 0xD0E7, 0xC8E7,   // 0x4A60 (19040) pixels
0xC0E6, 0xC086, 0xC0E7, 0xA127, 0x8905, 0x88E5, 0x8084, 0x7082, 0x4042, 0x1001, 0x0001, 0x0002, 0x0001, 0x0001, 0x18C5, 0x4AED,   // 0x4A70 (19056) pixels
0x5B72, 0x4AB0, 0x00A8, 0x7C54, 0xA578, 0x428D, 0x0866, 0x39EC, 0x42B0, 0x3A0E, 0x1089, 0x0006, 0x0067, 0x192A, 0x1908, 0x0004,   // 0x4A80 (19072) pixels
0x0024, 0x0805, 0x2867, 0x30E9, 0x20C8, 0x30E9, 0x590C, 0x70CC, 0x8089, 0x80A9, 0x68A9, 0x3847, 0x2025, 0x2046, 0x3846, 0x4005,   // 0x4A90 (19088) pixels
0x2045, 0x2823, 0x8106, 0xE1CA, 0xE968, 0xD908, 0xE14B, 0xD90B, 0xE8CA, 0xD0EA, 0xB0E7, 0x90A5, 0x8063, 0x8083, 0x80A4, 0x7884,   // 0x4AA0 (19104) pixels
0x4086, 0x290B, 0x19AD, 0x3AF0, 0x42D0, 0x6C56, 0x6CB6, 0x6475, 0x6494, 0x64B5, 0x6475, 0x53F3, 0x4372, 0x3B11, 0x4373, 0x5415,   // 0x4AB0 (19120) pixels
0x320C, 0x0045, 0x0003, 0x0824, 0x0003, 0x0003, 0x0003, 0x0804, 0x0002, 0x0024, 0x216A, 0x29CC, 0x0088, 0x0047, 0x322F, 0x4332,   // 0x4AC0 (19136) pixels
0x3A50, 0x218C, 0x218D, 0x298C, 0x318C, 0x210A, 0x18A8, 0x1046, 0x0004, 0x0003, 0x0004, 0x0003, 0x0003, 0x0003, 0x0002, 0x0002,   // 0x4AD0 (19152) pixels
0x0022, 0x0002, 0x0002, 0x0001, 0x0001, 0x0001, 0x0001, 0x0001, 0x0000, 0x0000, 0x0000, 0x0000, 0x0000, 0x0000, 0x0000, 0x0000,   // 0x4AE0 (19168) pixels
0x0000, 0x0000, 0x0000, 0x0000, 0x0000, 0x0000, 0x0000, 0x0000, 0x0000, 0x0000, 0x0000, 0x0000, 0x0000, 0x0000, 0x0000, 0x0000,   // 0x4AF0 (19184) pixels
0x0000, 0x0000, 0x0000, 0x0000, 0x0000, 0x0000, 0x0000, 0x0000, 0x0000, 0x0000, 0x0000, 0x0000, 0x0000, 0x0000, 0x0000, 0x0000,   // 0x4B00 (19200) pixels
0x0000, 0x0000, 0x0000, 0x0000, 0x0000, 0x0000, 0x0000, 0x0000, 0x0000, 0x0000, 0x0000, 0x0000, 0x0000, 0x0000, 0x0000, 0x0000,   // 0x4B10 (19216) pixels
0x0000, 0x0000, 0x0000, 0x0000, 0x0000, 0x0020, 0x0002, 0x1801, 0x40A1, 0x50A2, 0x68A4, 0x7883, 0x6821, 0x5861, 0x5863, 0x5802,   // 0x4B20 (19232) pixels
0x5023, 0x3863, 0x2021, 0x2000, 0x1000, 0x0000, 0x1001, 0x0801, 0x0001, 0x0042, 0x0022, 0x0001, 0x0001, 0x0001, 0x5271, 0x4A92,   // 0x4B30 (19248) pixels
0x08EB, 0x328F, 0x5392, 0x320D, 0x1088, 0x0825, 0x196B, 0x294B, 0x290A, 0x1088, 0x0004, 0x0004, 0x0044, 0x0002, 0x0043, 0x0002,   // 0x4B40 (19264) pixels
0x1044, 0x4087, 0x5827, 0x7007, 0x8869, 0x90AB, 0x7887, 0x78C8, 0x60C8, 0x3086, 0x0824, 0x0004, 0x1004, 0x1804, 0x0003, 0x0001,   // 0x4B50 (19280) pixels
0x5022, 0xB084, 0xB884, 0xB8E5, 0xD128, 0xD109, 0xD8E9, 0xB8A7, 0x9885, 0x8884, 0x8863, 0x8863, 0x8084, 0x8084, 0x4086, 0x28EB,   // 0x4B60 (19296) pixels
0x21AD, 0x5352, 0x4AD1, 0x3AAF, 0x4B91, 0x6C76, 0x6495, 0x6475, 0x6454, 0x6475, 0x5BF4, 0x5BF4, 0x5C15, 0x5BF4, 0x1948, 0x0003,   // 0x4B70 (19312) pixels
0x0003, 0x0003, 0x0003, 0x0023, 0x0003, 0x0804, 0x0002, 0x0023, 0x0086, 0x3A4D, 0x322E, 0x324F, 0x42F1, 0x4B73, 0x4270, 0x29AD,   // 0x4B80 (19328) pixels
0x214B, 0x10C8, 0x1066, 0x0004, 0x0004, 0x0003, 0x0003, 0x0003, 0x0003, 0x0003, 0x0002, 0x0002, 0x0002, 0x0002, 0x0001, 0x0001,   // 0x4B90 (19344) pixels
0x0001, 0x0001, 0x0001, 0x0021, 0x0000, 0x0000, 0x0000, 0x0000, 0x0000, 0x0000, 0x0000, 0x0000, 0x0000, 0x0000, 0x0000, 0x0000,   // 0x4BA0 (19360) pixels
0x0000, 0x0000, 0x0000, 0x0000, 0x0000, 0x0000, 0x0000, 0x0000, 0x0000, 0x0000, 0x0000, 0x0000, 0x0000, 0x0000, 0x0000, 0x0000,   // 0x4BB0 (19376) pixels
0x0000, 0x0000, 0x0000, 0x0000, 0x0000, 0x0000, 0x0000, 0x0000, 0x0000, 0x0000, 0x0000, 0x0000, 0x0000, 0x0000, 0x0000, 0x0000,   // 0x4BC0 (19392) pixels
0x0000, 0x0000, 0x0000, 0x0000, 0x0000, 0x0000, 0x0000, 0x0000, 0x0000, 0x0000, 0x0000, 0x0000, 0x0000, 0x0020, 0x0000, 0x0000,   // 0x4BD0 (19408) pixels
0x0000, 0x0000, 0x0000, 0x0040, 0x0002, 0x0000, 0x0000, 0x0000, 0x1020, 0x1000, 0x0000, 0x0020, 0x0800, 0x0800, 0x0801, 0x0001,   // 0x4BE0 (19424) pixels
0x0000, 0x0000, 0x0001, 0x0084, 0x0002, 0x0001, 0x0000, 0x0000, 0x0000, 0x0000, 0x0000, 0x0000, 0x2129, 0x31CD, 0x08C9, 0x116A,   // 0x4BF0 (19440) pixels
0x5332, 0x3A2F, 0x210A, 0x0805, 0x08A7, 0x31AC, 0x292A, 0x1046, 0x0045, 0x0044, 0x0002, 0x0802, 0x0002, 0x0002, 0x1003, 0x5066,   // 0x4C00 (19456) pixels
0x8868, 0x9007, 0x7027, 0x60A7, 0x5086, 0x5086, 0x5067, 0x3026, 0x1003, 0x0003, 0x0023, 0x0003, 0x0824, 0x0021, 0x2841, 0x8843,   // 0x4C10 (19472) pixels
0xB063, 0xA8A3, 0xB0E5, 0xC907, 0xB8E7, 0x98A4, 0x8883, 0x80A3, 0x8883, 0x8864, 0x8063, 0x7023, 0x3887, 0x292C, 0x21EF, 0x3A6F,   // 0x4C20 (19488) pixels
0x52F2, 0x4AF1, 0x2A2D, 0x3AF0, 0x53D3, 0x5BF4, 0x6435, 0x6435, 0x32CF, 0x4351, 0x5C14, 0x4B51, 0x10C6, 0x0003, 0x0024, 0x0024,   // 0x4C30 (19504) pixels
0x0085, 0x08C6, 0x0003, 0x0003, 0x0002, 0x0003, 0x0024, 0x298B, 0x4AB0, 0x5BB3, 0x5352, 0x4B11, 0x298B, 0x10C8, 0x0866, 0x0004,   // 0x4C40 (19520) pixels
0x0003, 0x0003, 0x0023, 0x0002, 0x0002, 0x0002, 0x0002, 0x0002, 0x0002, 0x0002, 0x0002, 0x0002, 0x0001, 0x0001, 0x0000, 0x0000,   // 0x4C50 (19536) pixels
0x0000, 0x0000, 0x0000, 0x0000, 0x0000, 0x0000, 0x0000, 0x0000, 0x0000, 0x0000, 0x0000, 0x0000, 0x0000, 0x0000, 0x0000, 0x0000,   // 0x4C60 (19552) pixels
0x0000, 0x0000, 0x0000, 0x0000, 0x0000, 0x0000, 0x0000, 0x0000, 0x0000, 0x0000, 0x0000, 0x0000, 0x0000, 0x0000, 0x0000, 0x0000,   // 0x4C70 (19568) pixels
0x0000, 0x0000, 0x0000, 0x0000, 0x0000, 0x0000, 0x0000, 0x0000, 0x0000, 0x0000, 0x0000, 0x0000, 0x0000, 0x0000, 0x0000, 0x0000,   // 0x4C80 (19584) pixels
0x0000, 0x0000, 0x0000, 0x0000, 0x0000, 0x0000, 0x0000, 0x0000, 0x0000, 0x0000, 0x0000, 0x0021, 0x0000, 0x0000, 0x0000, 0x0020,   // 0x4C90 (19600) pixels
0x0000, 0x0020, 0x0000, 0x0000, 0x0000, 0x0000, 0x0000, 0x0000, 0x0001, 0x0021, 0x0020, 0x0020, 0x0020, 0x0000, 0x0000, 0x0000,   // 0x4CA0 (19616) pixels
0x0802, 0x2107, 0x0927, 0x0023, 0x0000, 0x0000, 0x0000, 0x0800, 0x0000, 0x0820, 0x0040, 0x08C4, 0x0023, 0x0002, 0x294A, 0x1089,   // 0x4CB0 (19632) pixels
0x10A8, 0x0003, 0x0005, 0x0826, 0x0805, 0x0005, 0x0003, 0x0002, 0x0022, 0x0801, 0x0804, 0x0824, 0x0003, 0x2004, 0x5867, 0x6826,   // 0x4CC0 (19648) pixels
0x5005, 0x4825, 0x5088, 0x5067, 0x4067, 0x2825, 0x0803, 0x0002, 0x0022, 0x0001, 0x0803, 0x0001, 0x0841, 0x6862, 0xB844, 0xB083,   // 0x4CD0 (19664) pixels
0x98C3, 0xB884, 0x98E4, 0x88A3, 0x78A2, 0x78A3, 0x8083, 0x8084, 0x7844, 0x6002, 0x1804, 0x108B, 0x116D, 0x21AC, 0x29AD, 0x3A4F,   // 0x4CE0 (19680) pixels
0x4B11, 0x42F1, 0x2A4E, 0x32AF, 0x4B92, 0x53D3, 0x1A0C, 0x4B51, 0x5BF3, 0x19CB, 0x0003, 0x0865, 0x422C, 0x5B50, 0x7454, 0x6C13,   // 0x4CF0 (19696) pixels
0x2989, 0x0803, 0x0023, 0x0003, 0x0004, 0x0005, 0x31ED, 0x3A6F, 0x29CC, 0x1109, 0x0865, 0x0004, 0x0003, 0x0003, 0x0044, 0x0023,   // 0x4D00 (19712) pixels
0x0043, 0x0002, 0x0023, 0x0023, 0x0002, 0x0002, 0x0002, 0x0002, 0x0002, 0x0002, 0x0000, 0x0000, 0x0000, 0x0000, 0x0000, 0x0000,   // 0x4D10 (19728) pixels
0x0000, 0x0020, 0x0000, 0x0000, 0x0000, 0x0000, 0x0000, 0x0000, 0x0000, 0x0000, 0x0000, 0x0000, 0x0000, 0x0000, 0x0000, 0x0000,   // 0x4D20 (19744) pixels
0x0000, 0x0000, 0x0000, 0x0000, 0x0000, 0x0000, 0x0000, 0x0000, 0x0000, 0x0000, 0x0000, 0x0000, 0x0000, 0x0000, 0x0000, 0x0000,   // 0x4D30 (19760) pixels
0x0000, 0x0000, 0x0000, 0x0000, 0x0000, 0x0000, 0x0000, 0x0000, 0x0000, 0x0000, 0x0000, 0x0000, 0x0000, 0x0000, 0x0000, 0x0000,   // 0x4D40 (19776) pixels
0x0000, 0x0000, 0x0000, 0x0000, 0x0000, 0x0000, 0x0000, 0x0000, 0x0000, 0x0000, 0x0000, 0x0000, 0x0000, 0x0000, 0x0000, 0x0000,   // 0x4D50 (19792) pixels
0x0000, 0x0000, 0x0000, 0x0000, 0x0000, 0x0000, 0x0000, 0x0000, 0x0000, 0x0000, 0x0000, 0x0000, 0x0000, 0x0000, 0x0841, 0x2124,   // 0x4D60 (19808) pixels
0x2966, 0x0021, 0x0001, 0x0001, 0x1083, 0x0042, 0x18E5, 0x2967, 0x0001, 0x0001, 0x0022, 0x0002, 0x0002, 0x0023, 0x0003, 0x0002,   // 0x4D70 (19824) pixels
0x0802, 0x0001, 0x0001, 0x0842, 0x0002, 0x0001, 0x0001, 0x0022, 0x0002, 0x0002, 0x0803, 0x0803, 0x1024, 0x1024, 0x1824, 0x1845,   // 0x4D80 (19840) pixels
0x5026, 0x908A, 0xB029, 0xA049, 0x6046, 0x0801, 0x0001, 0x0002, 0x0001, 0x0063, 0x0022, 0x1821, 0x88C4, 0xB883, 0x7801, 0x38C2,   // 0x4D90 (19856) pixels
0xA066, 0x90A5, 0x78C3, 0x80A3, 0x9084, 0x7844, 0x3002, 0x0022, 0x0002, 0x0003, 0x0845, 0x10A7, 0x294B, 0x31CE, 0x31CF, 0x4A92,   // 0x4DA0 (19872) pixels
0x5B12, 0x4290, 0x3250, 0x3A91, 0x5374, 0x6394, 0x3A0C, 0x0003, 0x0002, 0x324C, 0x6C95, 0x7D58, 0x8DBB, 0x8539, 0x6BF4, 0x31ED,   // 0x4DB0 (19888) pixels
0x18A8, 0x0004, 0x0002, 0x0022, 0x0002, 0x0002, 0x0004, 0x0004, 0x0002, 0x0002, 0x0002, 0x0002, 0x0002, 0x0002, 0x0002, 0x0002,   // 0x4DC0 (19904) pixels
0x0000, 0x0000, 0x0000, 0x0000, 0x0000, 0x0000, 0x0000, 0x0000, 0x0000, 0x0000, 0x0000, 0x0000, 0x0000, 0x0000, 0x0000, 0x0000,   // 0x4DD0 (19920) pixels
0x0000, 0x0000, 0x0000, 0x0000, 0x0000, 0x0000, 0x0000, 0x0000, 0x0000, 0x0000, 0x0000, 0x0000, 0x0000, 0x0000, 0x0000, 0x0000,   // 0x4DE0 (19936) pixels
0x0000, 0x0000, 0x0000, 0x0000, 0x0000, 0x0000, 0x0000, 0x0000, 0x0000, 0x0000, 0x0000, 0x0000, 0x0000, 0x0000, 0x0000, 0x0000,   // 0x4DF0 (19952) pixels
0x0000, 0x0000, 0x0000, 0x0000, 0x0000, 0x0000, 0x0000, 0x0000, 0x0000, 0x0000, 0x0000, 0x0000, 0x0000, 0x0000, 0x0000, 0x0000,   // 0x4E00 (19968) pixels
0x0000, 0x0000, 0x0000, 0x0000, 0x0000, 0x0000, 0x0000, 0x0000, 0x0000, 0x0000, 0x0000, 0x0000, 0x0000, 0x0000, 0x0000, 0x0000,   // 0x4E10 (19984) pixels
0x0000, 0x0000, 0x0000, 0x0020, 0x0000, 0x0000, 0x0000, 0x0000, 0x0000, 0x0000, 0x0000, 0x0000, 0x0000, 0x0841, 0x0000, 0x0000,   // 0x4E20 (20000) pixels
0x0000, 0x0021, 0x31C8, 0x18E4, 0x0001, 0x0022, 0x0021, 0x0001, 0x0021, 0x0001, 0x0002, 0x0002, 0x0003, 0x18E7, 0x00A5, 0x0064,   // 0x4E30 (20016) pixels
0x0044, 0x0003, 0x0002, 0x0002, 0x0002, 0x0002, 0x0002, 0x0002, 0x0002, 0x0002, 0x0002, 0x0802, 0x0802, 0x0803, 0x5826, 0xA0EB,   // 0x4E40 (20032) pixels
0xC0CC, 0xB8EB, 0x792A, 0x2885, 0x0023, 0x0003, 0x0022, 0x0002, 0x0003, 0x0001, 0x4021, 0x88C4, 0x80E4, 0x4001, 0x9022, 0xA0A3,   // 0x4E50 (20048) pixels
0x98A4, 0x8083, 0x6884, 0x4023, 0x1002, 0x0003, 0x0002, 0x0002, 0x0003, 0x0004, 0x0866, 0x10C8, 0x190A, 0x31CD, 0x4A6F, 0x4AB1,   // 0x4E60 (20064) pixels
0x4AD2, 0x4AD2, 0x42B1, 0x320E, 0x18E8, 0x0003, 0x0085, 0x3A4D, 0x63F4, 0x6C76, 0x6435, 0x4311, 0x3A2F, 0x298C, 0x296A, 0x0865,   // 0x4E70 (20080) pixels
0x0002, 0x0022, 0x0001, 0x0002, 0x0002, 0x0002, 0x0002, 0x0002, 0x0002, 0x0002, 0x0001, 0x0001, 0x0001, 0x0001, 0x0000, 0x0000,   // 0x4E80 (20096) pixels
0x0000, 0x0000, 0x0000, 0x0000, 0x0000, 0x0000, 0x0000, 0x0000, 0x0000, 0x0000, 0x0000, 0x0000, 0x0000, 0x0000, 0x0000, 0x0000,   // 0x4E90 (20112) pixels
0x0000, 0x0000, 0x0000, 0x0000, 0x0000, 0x0000, 0x0000, 0x0000, 0x0000, 0x0000, 0x0000, 0x0000, 0x0000, 0x0000, 0x0000, 0x0000,   // 0x4EA0 (20128) pixels
0x0000, 0x0000, 0x0000, 0x0000, 0x0000, 0x0000, 0x0000, 0x0000, 0x0000, 0x0000, 0x0000, 0x0000, 0x0000, 0x0000, 0x0000, 0x0000,   // 0x4EB0 (20144) pixels
0x0000, 0x0000, 0x0000, 0x0000, 0x0000, 0x0000, 0x0000, 0x0000, 0x0000, 0x0000, 0x0000, 0x0000, 0x0000, 0x0000, 0x0000, 0x0000,   // 0x4EC0 (20160) pixels
0x0000, 0x0000, 0x0000, 0x0000, 0x0000, 0x0000, 0x0000, 0x0000, 0x0000, 0x0000, 0x0000, 0x0000, 0x0000, 0x0000, 0x0000, 0x0000,   // 0x4ED0 (20176) pixels
0x0020, 0x1082, 0x1082, 0x0000, 0x0000, 0x0000, 0x0000, 0x0000, 0x0000, 0x0000, 0x0000, 0x0000, 0x0000, 0x0000, 0x0000, 0x0000,   // 0x4EE0 (20192) pixels
0x10A3, 0x0041, 0x0000, 0x0000, 0x0000, 0x0000, 0x0021, 0x0000, 0x0001, 0x0002, 0x1907, 0x8C76, 0x8599, 0x8558, 0x63F4, 0x2A0C,   // 0x4EF0 (20208) pixels
0x0886, 0x0004, 0x0003, 0x0002, 0x0022, 0x0002, 0x0002, 0x0002, 0x0002, 0x0002, 0x0002, 0x0002, 0x5005, 0x90A9, 0xA049, 0x9048,   // 0x4F00 (20224) pixels
0x60A7, 0x2044, 0x0003, 0x0003, 0x0002, 0x20E8, 0x18C7, 0x0002, 0x0000, 0x40A3, 0x6926, 0x7107, 0x8880, 0xA0A3, 0x9864, 0x7024,   // 0x4F10 (20240) pixels
0x3884, 0x0843, 0x0003, 0x0804, 0x0001, 0x0002, 0x0002, 0x0002, 0x0002, 0x0003, 0x0024, 0x10C6, 0x210A, 0x3A0E, 0x4AB1, 0x4AD1,   // 0x4F20 (20256) pixels
0x3A0E, 0x18E9, 0x0004, 0x0003, 0x0005, 0x1909, 0x3A6E, 0x5352, 0x5353, 0x29CD, 0x190B, 0x18EA, 0x2128, 0x0844, 0x0002, 0x0001,   // 0x4F30 (20272) pixels
0x0000, 0x0001, 0x0001, 0x0001, 0x0001, 0x0001, 0x0001, 0x0001, 0x0001, 0x0001, 0x0000, 0x0000, 0x0000, 0x0000, 0x0000, 0x0000,   // 0x4F40 (20288) pixels
0x0000, 0x0000, 0x0000, 0x0000, 0x0000, 0x0000, 0x0000, 0x0000, 0x0000, 0x0000, 0x0000, 0x0000, 0x0000, 0x0000, 0x0000, 0x0000,   // 0x4F50 (20304) pixels
0x0000, 0x0000, 0x0000, 0x0000, 0x0000, 0x0000, 0x0000, 0x0000, 0x0000, 0x0000, 0x0000, 0x0000, 0x0000, 0x0000, 0x0000, 0x0000,   // 0x4F60 (20320) pixels
0x0000, 0x0000, 0x0000, 0x0000, 0x0000, 0x0000, 0x0000, 0x0000, 0x0000, 0x0000, 0x0000, 0x0000, 0x0000, 0x0000, 0x0000, 0x0000,   // 0x4F70 (20336) pixels
0x0000, 0x0000, 0x0000, 0x0000, 0x0000, 0x0000, 0x0000, 0x0000, 0x0000, 0x0000, 0x0000, 0x0000, 0x0000, 0x0000, 0x0000, 0x0000,   // 0x4F80 (20352) pixels
0x0000, 0x0000, 0x0000, 0x0000, 0x0000, 0x0000, 0x0000, 0x0000, 0x0000, 0x0000, 0x0000, 0x0000, 0x0000, 0x0000, 0x0000, 0x0841,   // 0x4F90 (20368) pixels
0x0020, 0x0000, 0x0000, 0x0000, 0x0000, 0x0000, 0x0000, 0x0000, 0x0000, 0x0000, 0x0000, 0x0000, 0x0020, 0x0000, 0x0000, 0x0000,   // 0x4FA0 (20384) pixels
0x0020, 0x0000, 0x0000, 0x0000, 0x0000, 0x0000, 0x0021, 0x0001, 0x10A6, 0x7393, 0x7D37, 0x8D79, 0x7476, 0x3A6E, 0x08C7, 0x0003,   // 0x4FB0 (20400) pixels
0x0001, 0x0001, 0x0021, 0x0001, 0x0021, 0x0001, 0x0002, 0x0002, 0x0002, 0x0002, 0x3003, 0x6066, 0x7006, 0x5805, 0x3825, 0x1004,   // 0x4FC0 (20416) pixels
0x0003, 0x0003, 0x31E9, 0x7BB3, 0x62D0, 0x0886, 0x0002, 0x0000, 0x2001, 0x5086, 0x68C1, 0x78C4, 0x7065, 0x5087, 0x3169, 0x1128,   // 0x4FD0 (20432) pixels
0x0045, 0x0804, 0x0002, 0x0002, 0x0002, 0x0002, 0x0022, 0x0002, 0x0002, 0x0023, 0x0805, 0x1087, 0x1909, 0x1929, 0x10C8, 0x0025,   // 0x4FE0 (20448) pixels
0x0003, 0x0803, 0x0004, 0x0004, 0x0066, 0x1129, 0x218B, 0x10C8, 0x0887, 0x1046, 0x0023, 0x0002, 0x0001, 0x0000, 0x0000, 0x0000,   // 0x4FF0 (20464) pixels
0x0000, 0x0000, 0x0000, 0x0000, 0x0000, 0x0000, 0x0000, 0x0000, 0x0000, 0x0000, 0x0000, 0x0000, 0x0000, 0x0000, 0x0000, 0x0000,   // 0x5000 (20480) pixels
0x0000, 0x0000, 0x0000, 0x0000, 0x0000, 0x0000, 0x0000, 0x0000, 0x0000, 0x0000, 0x0000, 0x0000, 0x0000, 0x0000, 0x0000, 0x0000,   // 0x5010 (20496) pixels
0x0000, 0x0000, 0x0000, 0x0000, 0x0000, 0x0000, 0x0000, 0x0000, 0x0000, 0x0000, 0x0000, 0x0000, 0x0000, 0x0000, 0x0000, 0x0000,   // 0x5020 (20512) pixels
0x0000, 0x0000, 0x0000, 0x0000, 0x0000, 0x0000, 0x0000, 0x0000, 0x0000, 0x0000, 0x0000, 0x0000, 0x0000, 0x0000, 0x0000, 0x0000,   // 0x5030 (20528) pixels
0x0000, 0x0000, 0x0000, 0x0000, 0x0000, 0x0000, 0x0000, 0x0000, 0x0000, 0x0000, 0x0000, 0x0000, 0x0000, 0x0000, 0x0000, 0x0000,   // 0x5040 (20544) pixels
0x0000, 0x0000, 0x0000, 0x0000, 0x0000, 0x0000, 0x0000, 0x0000, 0x0000, 0x0000, 0x0000, 0x0000, 0x0000, 0x0000, 0x0000, 0x0000,   // 0x5050 (20560) pixels
0x0000, 0x0000, 0x0000, 0x0000, 0x0000, 0x0000, 0x0000, 0x0000, 0x0000, 0x0000, 0x0000, 0x0000, 0x0840, 0x0000, 0x0000, 0x0020,   // 0x5060 (20576) pixels
0x0000, 0x0000, 0x0000, 0x0000, 0x0020, 0x0001, 0x0002, 0x0004, 0x08C5, 0x1947, 0x1928, 0x0886, 0x0024, 0x0001, 0x0000, 0x0020,   // 0x5070 (20592) pixels
0x0000, 0x0000, 0x0000, 0x0000, 0x0001, 0x0001, 0x0001, 0x0001, 0x1001, 0x3043, 0x3823, 0x3003, 0x2023, 0x0823, 0x0024, 0x0003,   // 0x5080 (20608) pixels
0x0084, 0x2168, 0x2129, 0x0024, 0x0002, 0x0022, 0x0802, 0x1803, 0x2000, 0x2803, 0x1804, 0x1005, 0x10C8, 0x08A7, 0x0003, 0x0002,   // 0x5090 (20624) pixels
0x0003, 0x0003, 0x0002, 0x0002, 0x0023, 0x0002, 0x0002, 0x0022, 0x0003, 0x0003, 0x0003, 0x0003, 0x0003, 0x0003, 0x0002, 0x0002,   // 0x50A0 (20640) pixels
0x0001, 0x0001, 0x0002, 0x0003, 0x0023, 0x0002, 0x0023, 0x0002, 0x0001, 0x0001, 0x0001, 0x0020, 0x0000, 0x0000, 0x0000, 0x0020,   // 0x50B0 (20656) pixels
0x0000, 0x0000, 0x0000, 0x0000, 0x0000, 0x0000, 0x0000, 0x0000, 0x0000, 0x0000, 0x0000, 0x0000, 0x0000, 0x0000, 0x0000, 0x0000,   // 0x50C0 (20672) pixels
0x0000, 0x0000, 0x0000, 0x0000, 0x0000, 0x0000, 0x0000, 0x0000, 0x0000, 0x0000, 0x0000, 0x0000, 0x0000, 0x0000, 0x0000, 0x0000,   // 0x50D0 (20688) pixels
0x0000, 0x0000, 0x0000, 0x0000, 0x0000, 0x0000, 0x0000, 0x0000, 0x0000, 0x0000, 0x0000, 0x0000, 0x0000, 0x0000, 0x0000, 0x0000,   // 0x50E0 (20704) pixels
0x0000, 0x0000, 0x0000, 0x0000, 0x0000, 0x0000, 0x0000, 0x0000, 0x0000, 0x0000, 0x0000, 0x0000, 0x0000, 0x0000, 0x0000, 0x0000,   // 0x50F0 (20720) pixels
0x0000, 0x0000, 0x0000, 0x0000, 0x0000, 0x0000, 0x0000, 0x0000, 0x0000, 0x0000, 0x0000, 0x0000, 0x0000, 0x0000, 0x0000, 0x0000,   // 0x5100 (20736) pixels
0x0000, 0x0000, 0x0000, 0x0000, 0x0000, 0x0000, 0x0000, 0x0000, 0x0000, 0x0020, 0x0000, 0x0000, 0x0000, 0x0841, 0x0000, 0x0000,   // 0x5110 (20752) pixels
0x0000, 0x0000, 0x0000, 0x0000, 0x0000, 0x0000, 0x0020, 0x0000, 0x0000, 0x0000, 0x0020, 0x0000, 0x0000, 0x0021, 0x0000, 0x0000,   // 0x5120 (20768) pixels
0x0000, 0x0000, 0x0000, 0x0000, 0x0822, 0x0002, 0x0001, 0x0001, 0x0001, 0x0001, 0x0001, 0x0000, 0x0000, 0x0020, 0x0000, 0x0000,   // 0x5130 (20784) pixels
0x0000, 0x0000, 0x0000, 0x0000, 0x0000, 0x0000, 0x0000, 0x0821, 0x0801, 0x0800, 0x0000, 0x0001, 0x0002, 0x0002, 0x0021, 0x0002,   // 0x5140 (20800) pixels
0x0002, 0x0802, 0x0802, 0x0022, 0x0021, 0x0001, 0x0002, 0x0023, 0x0003, 0x0004, 0x0004, 0x0803, 0x0002, 0x0842, 0x0003, 0x0002,   // 0x5150 (20816) pixels
0x0002, 0x0002, 0x0002, 0x0001, 0x0001, 0x0001, 0x0001, 0x0001, 0x0002, 0x0001, 0x0001, 0x0002, 0x0022, 0x0001, 0x0000, 0x0000,   // 0x5160 (20832) pixels
0x0021, 0x0000, 0x0001, 0x0000, 0x0021, 0x0000, 0x0000, 0x0000, 0x0000, 0x0000, 0x0000, 0x0000, 0x0000, 0x0000, 0x0000, 0x0000,   // 0x5170 (20848) pixels
0x0000, 0x0000, 0x0000, 0x0000, 0x0000, 0x0000, 0x0000, 0x0000, 0x0000, 0x0000, 0x0000, 0x0000, 0x0000, 0x0000, 0x0000, 0x0000,   // 0x5180 (20864) pixels
0x0000, 0x0000, 0x0000, 0x0000, 0x0000, 0x0000, 0x0000, 0x0000, 0x0000, 0x0000, 0x0000, 0x0000, 0x0000, 0x0000, 0x0000, 0x0000,   // 0x5190 (20880) pixels
0x0000, 0x0000, 0x0000, 0x0000, 0x0000, 0x0000, 0x0000, 0x0000, 0x0000, 0x0000, 0x0000, 0x0000, 0x0000, 0x0000, 0x0000, 0x0000,   // 0x51A0 (20896) pixels
0x0000, 0x0000, 0x0000, 0x0000, 0x0000, 0x0000, 0x0000, 0x0000, 0x0000, 0x0000, 0x0000, 0x0000, 0x0000, 0x0000, 0x0000, 0x0000,   // 0x51B0 (20912) pixels
0x0000, 0x0000, 0x0000, 0x0000, 0x0000, 0x0000, 0x0000, 0x0000, 0x0000, 0x0000, 0x0000, 0x0000, 0x0000, 0x0000, 0x0000, 0x0000,   // 0x51C0 (20928) pixels
0x0000, 0x0000, 0x0000, 0x0000, 0x0000, 0x0000, 0x0000, 0x0000, 0x0000, 0x0000, 0x0000, 0x0000, 0x0000, 0x0000, 0x0000, 0x0000,   // 0x51D0 (20944) pixels
0x0000, 0x0000, 0x0000, 0x0000, 0x0000, 0x0000, 0x0000, 0x0841, 0x0000, 0x0000, 0x0000, 0x0000, 0x0000, 0x0000, 0x0000, 0x0000,   // 0x51E0 (20960) pixels
0x0000, 0x0000, 0x0000, 0x0021, 0x0000, 0x0000, 0x0000, 0x0000, 0x0000, 0x0000, 0x0000, 0x0000, 0x0000, 0x0000, 0x0000, 0x0000,   // 0x51F0 (20976) pixels
0x0000, 0x0000, 0x0000, 0x0000, 0x0000, 0x0000, 0x0020, 0x0000, 0x0000, 0x0000, 0x0000, 0x0001, 0x0000, 0x0021, 0x0001, 0x0800,   // 0x5200 (20992) pixels
0x1001, 0x0000, 0x0001, 0x0022, 0x0001, 0x0022, 0x0042, 0x0022, 0x0802, 0x0801, 0x0000, 0x0021, 0x0000, 0x0000, 0x0000, 0x0000,   // 0x5210 (21008) pixels
0x0000, 0x0000, 0x0000, 0x0000, 0x0000, 0x0000, 0x0000, 0x0000, 0x0000, 0x0000, 0x0020, 0x0000, 0x0000, 0x0020, 0x0000, 0x0000,   // 0x5220 (21024) pixels
0x0841, 0x0000, 0x0000, 0x0020, 0x0000, 0x0000, 0x0000, 0x0000, 0x0000, 0x0000, 0x0000, 0x0000, 0x0000, 0x0000, 0x0000, 0x0000,   // 0x5230 (21040) pixels
0x0000, 0x0000, 0x0000, 0x0000, 0x0000, 0x0000, 0x0000, 0x0000, 0x0000, 0x0000, 0x0000, 0x0000, 0x0000, 0x0000, 0x0000, 0x0000,   // 0x5240 (21056) pixels
0x0000, 0x0000, 0x0000, 0x0000, 0x0000, 0x0000, 0x0000, 0x0000, 0x0000, 0x0000, 0x0000, 0x0000, 0x0000, 0x0000, 0x0000, 0x0000,   // 0x5250 (21072) pixels
0x0000, 0x0000, 0x0000, 0x0000, 0x0000, 0x0000, 0x0000, 0x0000, 0x0000, 0x0000, 0x0000, 0x0000, 0x0000, 0x0000, 0x0000, 0x0000,   // 0x5260 (21088) pixels
0x0000, 0x0000, 0x0000, 0x0000, 0x0000, 0x0000, 0x0000, 0x0000, 0x0000, 0x0000, 0x0000, 0x0000, 0x0000, 0x0000, 0x0000, 0x0000,   // 0x5270 (21104) pixels
0x0000, 0x0000, 0x0000, 0x0000, 0x0000, 0x0000, 0x0000, 0x0000, 0x0000, 0x0000, 0x0000, 0x0000, 0x0000, 0x0000, 0x0000, 0x0000,   // 0x5280 (21120) pixels
0x0000, 0x0000, 0x0000, 0x0000, 0x0000, 0x0000, 0x0000, 0x0020, 0x0020, 0x0000, 0x0841, 0x0000, 0x0000, 0x0000, 0x0000, 0x0000,   // 0x5290 (21136) pixels
0x0000, 0x0000, 0x0000, 0x0000, 0x0000, 0x0000, 0x0000, 0x0000, 0x0000, 0x0000, 0x0000, 0x0000, 0x0000, 0x0000, 0x0020, 0x0000,   // 0x52A0 (21152) pixels
0x0000, 0x0020, 0x0021, 0x0000, 0x0000, 0x0000, 0x0000, 0x0000, 0x0000, 0x0000, 0x0000, 0x0000, 0x0000, 0x0000, 0x0000, 0x0000,   // 0x52B0 (21168) pixels
0x0000, 0x0000, 0x0000, 0x0021, 0x0020, 0x0020, 0x0020, 0x0000, 0x0000, 0x0000, 0x0800, 0x0000, 0x0020, 0x0800, 0x0800, 0x0020,   // 0x52C0 (21184) pixels
0x0001, 0x0801, 0x0000, 0x0000, 0x0000, 0x0800, 0x0800, 0x0800, 0x0000, 0x0000, 0x0000, 0x0020, 0x0000, 0x0000, 0x0000, 0x0000,   // 0x52D0 (21200) pixels
0x0800, 0x0000, 0x0000, 0x0000, 0x0000, 0x0000, 0x0020, 0x0020, 0x0000, 0x0000, 0x0000, 0x0000, 0x0000, 0x1082, 0x3186, 0x1082,   // 0x52E0 (21216) pixels
0x0000, 0x0000, 0x0000, 0x0020, 0x0000, 0x0000, 0x0000, 0x0000, 0x0000, 0x0000, 0x0000, 0x0000, 0x0000, 0x0000, 0x0000, 0x0000,   // 0x52F0 (21232) pixels
0x0000, 0x0000, 0x0000, 0x0000, 0x0000, 0x0000, 0x0000, 0x0000, 0x0000, 0x0000, 0x0000, 0x0000, 0x0000, 0x0000, 0x0000, 0x0000,   // 0x5300 (21248) pixels
0x0000, 0x0000, 0x0000, 0x0000, 0x0000, 0x0000, 0x0000, 0x0000, 0x0000, 0x0000, 0x0000, 0x0000, 0x0000, 0x0000, 0x0000, 0x0000,   // 0x5310 (21264) pixels
0x0000, 0x0000, 0x0000, 0x0000, 0x0000, 0x0000, 0x0000, 0x0000, 0x0000, 0x0000, 0x0000, 0x0000, 0x0000, 0x0000, 0x0000, 0x0000,   // 0x5320 (21280) pixels
0x0000, 0x0000, 0x0000, 0x0000, 0x0000, 0x0000, 0x0000, 0x0000, 0x0000, 0x0000, 0x0000, 0x0000, 0x0000, 0x0000, 0x0000, 0x0000,   // 0x5330 (21296) pixels
0x0000, 0x0000, 0x0000, 0x0000, 0x0000, 0x0000, 0x0000, 0x0000, 0x0000, 0x0000, 0x0000, 0x0000, 0x0000, 0x0000, 0x0000, 0x0000,   // 0x5340 (21312) pixels
0x0000, 0x0000, 0x0000, 0x0000, 0x0000, 0x0000, 0x0000, 0x0000, 0x0000, 0x0000, 0x0000, 0x0000, 0x0000, 0x0000, 0x0000, 0x0000,   // 0x5350 (21328) pixels
0x0000, 0x0000, 0x0000, 0x0000, 0x0000, 0x0000, 0x0000, 0x0000, 0x0000, 0x0000, 0x0000, 0x0000, 0x0000, 0x0000, 0x0000, 0x0000,   // 0x5360 (21344) pixels
0x0000, 0x0000, 0x0000, 0x0000, 0x0000, 0x0000, 0x0000, 0x0000, 0x0000, 0x0000, 0x0000, 0x0000, 0x0000, 0x0000, 0x0000, 0x0000,   // 0x5370 (21360) pixels
0x0000, 0x0000, 0x0000, 0x0000, 0x0000, 0x0000, 0x0000, 0x0000, 0x0000, 0x0000, 0x0000, 0x0000, 0x0000, 0x0000, 0x0000, 0x0000,   // 0x5380 (21376) pixels
0x0000, 0x0000, 0x0000, 0x0000, 0x0000, 0x0000, 0x0000, 0x0000, 0x0000, 0x0000, 0x0000, 0x0000, 0x0000, 0x0000, 0x0000, 0x0000,   // 0x5390 (21392) pixels
0x0000, 0x0000, 0x0000, 0x0000, 0x0000, 0x0000, 0x0000, 0x0000, 0x0000, 0x0000, 0x0000, 0x0020, 0x0020, 0x0000, 0x0000, 0x0000,   // 0x53A0 (21408) pixels
0x0000, 0x0000, 0x0000, 0x0000, 0x0000, 0x0000, 0x0000, 0x0000, 0x0000, 0x0000, 0x0000, 0x0000, 0x0000, 0x0000, 0x0000, 0x0000,   // 0x53B0 (21424) pixels
0x0000, 0x0000, 0x0000, 0x0000, 0x0000, 0x0000, 0x0000, 0x0000, 0x0000, 0x0000, 0x0000, 0x0000, 0x0000, 0x0000, 0x0000, 0x0000,   // 0x53C0 (21440) pixels
0x0000, 0x0000, 0x0000, 0x0000, 0x0000, 0x0000, 0x0000, 0x0000, 0x0000, 0x0000, 0x0000, 0x0000, 0x0000, 0x0000, 0x0000, 0x0000,   // 0x53D0 (21456) pixels
0x0000, 0x0000, 0x0000, 0x0000, 0x0000, 0x0000, 0x0000, 0x0000, 0x0000, 0x0000, 0x0000, 0x0000, 0x0000, 0x0000, 0x0000, 0x0000,   // 0x53E0 (21472) pixels
0x0000, 0x0000, 0x0000, 0x0000, 0x0000, 0x0000, 0x0000, 0x0000, 0x0000, 0x0000, 0x0000, 0x0000, 0x0000, 0x0000, 0x0000, 0x0000,   // 0x53F0 (21488) pixels
0x0000, 0x0000, 0x0000, 0x0000, 0x0000, 0x0000, 0x0000, 0x0000, 0x0000, 0x0000, 0x0000, 0x0000, 0x0000, 0x0000, 0x0000, 0x0000,   // 0x5400 (21504) pixels
0x0000, 0x0000, 0x0000, 0x0000, 0x0000, 0x0000, 0x0000, 0x0000, 0x0000, 0x0000, 0x0000, 0x0000, 0x0000, 0x0000, 0x0000, 0x0000,   // 0x5410 (21520) pixels
0x0000, 0x0000, 0x0000, 0x0000, 0x0000, 0x0000, 0x0000, 0x0000, 0x0000, 0x0000, 0x0000, 0x0000, 0x0000, 0x0000, 0x0000, 0x0000,   // 0x5420 (21536) pixels
0x0000, 0x0000, 0x0000, 0x0000, 0x0000, 0x0000, 0x0000, 0x0000, 0x0000, 0x0000, 0x0000, 0x0000, 0x0000, 0x0000, 0x0000, 0x0000,   // 0x5430 (21552) pixels
0x0000, 0x0000, 0x0000, 0x0000, 0x0000, 0x0000, 0x0000, 0x0000, 0x0000, 0x0000, 0x0000, 0x0000, 0x0000, 0x0000, 0x0000, 0x0000,   // 0x5440 (21568) pixels
0x0000, 0x0000, 0x0000, 0x0000, 0x0000, 0x0000, 0x0000, 0x0000, 0x0000, 0x0000, 0x0000, 0x0000, 0x0000, 0x0000, 0x0000, 0x0000,   // 0x5450 (21584) pixels
0x0000, 0x0000, 0x0000, 0x0000, 0x0000, 0x0000, 0x0000, 0x0000, 0x0000, 0x0000, 0x0000, 0x0000, 0x0000, 0x0000, 0x0000, 0x0000,   // 0x5460 (21600) pixels
0x0000, 0x0000, 0x0000, 0x0000, 0x0000, 0x0000, 0x0000, 0x0000, 0x0000, 0x0000, 0x0000, 0x0000, 0x0000, 0x0000, 0x0000, 0x0000,   // 0x5470 (21616) pixels
0x0000, 0x0000, 0x0000, 0x0000, 0x0000, 0x0000, 0x0000, 0x0000, 0x0000, 0x0000, 0x0000, 0x0000, 0x0000, 0x0000, 0x0000, 0x0000,   // 0x5480 (21632) pixels
0x0000, 0x0000, 0x0000, 0x0000, 0x0000, 0x0000, 0x0000, 0x0000, 0x0000, 0x0000, 0x0000, 0x0000, 0x0000, 0x0000, 0x0000, 0x0000,   // 0x5490 (21648) pixels
0x0000, 0x0000, 0x0000, 0x0000, 0x0000, 0x0000, 0x0000, 0x0000, 0x0000, 0x0000, 0x0000, 0x0000, 0x0000, 0x0000, 0x0000, 0x0000,   // 0x54A0 (21664) pixels
0x0000, 0x0000, 0x0000, 0x0000, 0x0000, 0x0000, 0x0000, 0x0000, 0x0000, 0x0000, 0x0000, 0x0000, 0x0000, 0x0000, 0x0000, 0x0000,   // 0x54B0 (21680) pixels
0x0000, 0x0000, 0x0000, 0x0000, 0x0000, 0x0000, 0x0000, 0x0000, 0x0000, 0x0000, 0x0000, 0x0000, 0x0000, 0x0000, 0x0000, 0x0000,   // 0x54C0 (21696) pixels
0x0000, 0x0000, 0x0000, 0x0000, 0x0000, 0x0000, 0x0000, 0x0000, 0x0000, 0x0000, 0x0000, 0x0000, 0x0000, 0x0000, 0x0000, 0x0000,   // 0x54D0 (21712) pixels
0x0000, 0x0000, 0x0000, 0x0000, 0x0000, 0x0000, 0x0000, 0x0000, 0x0000, 0x0000, 0x0000, 0x0000, 0x0000, 0x0000, 0x0000, 0x0000,   // 0x54E0 (21728) pixels
0x0000, 0x0000, 0x0000, 0x0000, 0x0000, 0x0000, 0x0000, 0x0000, 0x0000, 0x0000, 0x0000, 0x0000, 0x0000, 0x0000, 0x0000, 0x0000,   // 0x54F0 (21744) pixels
0x0000, 0x0000, 0x0000, 0x0000, 0x0000, 0x0000, 0x0000, 0x0000, 0x0000, 0x0000, 0x0000, 0x0000, 0x0000, 0x0000, 0x0000, 0x0000,   // 0x5500 (21760) pixels
0x0000, 0x0000, 0x0000, 0x0000, 0x0000, 0x0000, 0x0000, 0x0000, 0x0000, 0x0000, 0x0000, 0x0000, 0x0000, 0x0000, 0x0000, 0x0000,   // 0x5510 (21776) pixels
0x0000, 0x0000, 0x0000, 0x0000, 0x0000, 0x0000, 0x0000, 0x0000, 0x0000, 0x0000, 0x0000, 0x0000, 0x0000, 0x0000, 0x0000, 0x0000,   // 0x5520 (21792) pixels
0x0000, 0x0000, 0x0000, 0x0000, 0x0000, 0x0000, 0x0000, 0x0000, 0x0000, 0x0000, 0x0000, 0x0000, 0x0000, 0x0000, 0x0000, 0x0000,   // 0x5530 (21808) pixels
0x0000, 0x0000, 0x0000, 0x0000, 0x0000, 0x0000, 0x0000, 0x0000, 0x0000, 0x0000, 0x0000, 0x0000, 0x0000, 0x0000, 0x0000, 0x0000,   // 0x5540 (21824) pixels
0x0000, 0x0000, 0x0000, 0x0000, 0x0000, 0x0000, 0x0000, 0x0000, 0x0000, 0x0000, 0x0000, 0x0000, 0x0000, 0x0000, 0x0000, 0x0000,   // 0x5550 (21840) pixels
0x0000, 0x0000, 0x0000, 0x0000, 0x0000, 0x0000, 0x0000, 0x0000, 0x0000, 0x0000, 0x0000, 0x0000, 0x0000, 0x0000, 0x0000, 0x0000,   // 0x5560 (21856) pixels
0x0000, 0x0000, 0x0000, 0x0000, 0x0000, 0x0000, 0x0000, 0x0000, 0x0000, 0x0000, 0x0000, 0x0000, 0x0000, 0x0000, 0x0000, 0x0000,   // 0x5570 (21872) pixels
0x0000, 0x0000, 0x0000, 0x0000, 0x0000, 0x0000, 0x0000, 0x0000, 0x0000, 0x0000, 0x0000, 0x0000, 0x0000, 0x0000, 0x0000, 0x0000,   // 0x5580 (21888) pixels
0x0000, 0x0000, 0x0000, 0x0000, 0x0000, 0x0000, 0x0000, 0x0000, 0x0000, 0x0000, 0x0000, 0x0000, 0x0000, 0x0000, 0x0000, 0x0000,   // 0x5590 (21904) pixels
0x0000, 0x0000, 0x0000, 0x0000, 0x0000, 0x0000, 0x0000, 0x0000, 0x0000, 0x0000, 0x0000, 0x0000, 0x0000, 0x0000, 0x0000, 0x0000,   // 0x55A0 (21920) pixels
0x0000, 0x0000, 0x0000, 0x0000, 0x0000, 0x0000, 0x0000, 0x0000, 0x0000, 0x0000, 0x0000, 0x0000, 0x0000, 0x0000, 0x0000, 0x0000,   // 0x55B0 (21936) pixels
0x0000, 0x0000, 0x0000, 0x0000, 0x0000, 0x0000, 0x0000, 0x0000, 0x0000, 0x0000, 0x0000, 0x0000, 0x0000, 0x0000, 0x0000, 0x0000,   // 0x55C0 (21952) pixels
0x0000, 0x0000, 0x0000, 0x0000, 0x0000, 0x0000, 0x0000, 0x0000, 0x0000, 0x0000, 0x0000, 0x0000, 0x0000, 0x0000, 0x0000, 0x0000,   // 0x55D0 (21968) pixels
0x0000, 0x0000, 0x0000, 0x0000, 0x0000, 0x0000, 0x0000, 0x0000, 0x0000, 0x0000, 0x0000, 0x0000, 0x0000, 0x0000, 0x0000, 0x0000,   // 0x55E0 (21984) pixels
0x0000, 0x0000, 0x0000, 0x0000, 0x0000, 0x0000, 0x0000, 0x0000, 0x0000, 0x0000, 0x0000, 0x0000, 0x0000, 0x0000, 0x0000, 0x0000,   // 0x55F0 (22000) pixels
0x0000, 0x0000, 0x0000, 0x0000, 0x0000, 0x0000, 0x0000, 0x0000, 0x0000, 0x0000, 0x0000, 0x0000, 0x0000, 0x0000, 0x0000, 0x0000,   // 0x5600 (22016) pixels
0x0000, 0x0000, 0x0000, 0x0000, 0x0000, 0x0000, 0x0000, 0x0000, 0x0000, 0x0000, 0x0000, 0x0000, 0x0000, 0x0000, 0x0000, 0x0000,   // 0x5610 (22032) pixels
0x0000, 0x0000, 0x0000, 0x0000, 0x0000, 0x0000, 0x0000, 0x0000, 0x0000, 0x0000, 0x0000, 0x0000, 0x0000, 0x0000, 0x0000, 0x0000,   // 0x5620 (22048) pixels
0x0000, 0x0000, 0x0000, 0x0000, 0x0000, 0x0000, 0x0000, 0x0000, 0x0000, 0x0000, 0x0000, 0x0000, 0x0000, 0x0000, 0x0000, 0x0000,   // 0x5630 (22064) pixels
0x0000, 0x0000, 0x0000, 0x0000, 0x0000, 0x0000, 0x0000, 0x0000, 0x0000, 0x0000, 0x0000, 0x0000, 0x0000, 0x0000, 0x0000, 0x0000,   // 0x5640 (22080) pixels
0x0000, 0x0000, 0x0000, 0x0000, 0x0000, 0x0000, 0x0000, 0x0000, 0x0000, 0x0000, 0x0000, 0x0000, 0x0000, 0x0000, 0x0000, 0x0000,   // 0x5650 (22096) pixels
0x0000, 0x0000, 0x0000, 0x0000, 0x0000, 0x0000, 0x0000, 0x0000, 0x0000, 0x0000, 0x0000, 0x0000, 0x0000, 0x0000, 0x0000, 0x0000,   // 0x5660 (22112) pixels
0x0000, 0x0000, 0x0000, 0x0000, 0x0000, 0x0000, 0x0000, 0x0000, 0x0000, 0x0000, 0x0000, 0x0000, 0x0000, 0x0000, 0x0000, 0x0000,   // 0x5670 (22128) pixels
0x0000, 0x0000, 0x0000, 0x0000, 0x0000, 0x0000, 0x0000, 0x0000, 0x0000, 0x0000, 0x0000, 0x0000, 0x0000, 0x0000, 0x0000, 0x0000,   // 0x5680 (22144) pixels
0x0000, 0x0000, 0x0000, 0x0000, 0x0000, 0x0000, 0x0000, 0x0000, 0x0000, 0x0000, 0x0000, 0x0000, 0x0000, 0x0000, 0x0000, 0x0000,   // 0x5690 (22160) pixels
0x0000, 0x0000, 0x0000, 0x0000, 0x0000, 0x0000, 0x0000, 0x0000, 0x0000, 0x0000, 0x0000, 0x0000, 0x0000, 0x0000, 0x0000, 0x0000,   // 0x56A0 (22176) pixels
0x0000, 0x0000, 0x0000, 0x0000, 0x0000, 0x0000, 0x0000, 0x0000, 0x0000, 0x0000, 0x0000, 0x0000, 0x0000, 0x0000, 0x0000, 0x0000,   // 0x56B0 (22192) pixels
0x0000, 0x0000, 0x0000, 0x0000, 0x0000, 0x0000, 0x0000, 0x0000, 0x0000, 0x0000, 0x0000, 0x0000, 0x0000, 0x0000, 0x0000, 0x0000,   // 0x56C0 (22208) pixels
0x0000, 0x0000, 0x0000, 0x0000, 0x0000, 0x0000, 0x0000, 0x0000, 0x0000, 0x0000, 0x0000, 0x0000, 0x0000, 0x0000, 0x0000, 0x0000,   // 0x56D0 (22224) pixels
0x0000, 0x0000, 0x0000, 0x0000, 0x0000, 0x0000, 0x0000, 0x0000, 0x0000, 0x0000, 0x0000, 0x0000, 0x0000, 0x0000, 0x0000, 0x0000,   // 0x56E0 (22240) pixels
0x0000, 0x0000, 0x0000, 0x0000, 0x0000, 0x0000, 0x0000, 0x0000, 0x0000, 0x0000, 0x0000, 0x0000, 0x0000, 0x0000, 0x0000, 0x0000,   // 0x56F0 (22256) pixels
0x0000, 0x0000, 0x0000, 0x0000, 0x0000, 0x0000, 0x0000, 0x0000, 0x0000, 0x0000, 0x0000, 0x0000, 0x0000, 0x0000, 0x0000, 0x0000,   // 0x5700 (22272) pixels
0x0000, 0x0000, 0x0000, 0x0000, 0x0000, 0x0000, 0x0000, 0x0000, 0x0000, 0x0000, 0x0000, 0x0000, 0x0000, 0x0000, 0x0000, 0x0000,   // 0x5710 (22288) pixels
0x0000, 0x0000, 0x0000, 0x0000, 0x0000, 0x0000, 0x0000, 0x0000, 0x0000, 0x0000, 0x0000, 0x0000, 0x0000, 0x0000, 0x0000, 0x0000,   // 0x5720 (22304) pixels
0x0000, 0x0000, 0x0000, 0x0000, 0x0000, 0x0000, 0x0000, 0x0000, 0x0000, 0x0000, 0x0000, 0x0000, 0x0000, 0x0000, 0x0000, 0x0000,   // 0x5730 (22320) pixels
0x0000, 0x0000, 0x0000, 0x0000, 0x0000, 0x0000, 0x0000, 0x0000, 0x0000, 0x0000, 0x0000, 0x0000, 0x0000, 0x0000, 0x0000, 0x0000,   // 0x5740 (22336) pixels
0x0000, 0x0000, 0x0000, 0x0000, 0x0000, 0x0000, 0x0000, 0x0000, 0x0000, 0x0000, 0x0000, 0x0000, 0x0000, 0x0000, 0x0000, 0x0000,   // 0x5750 (22352) pixels
0x0000, 0x0000, 0x0000, 0x0000, 0x0000, 0x0000, 0x0000, 0x0000, 0x0000, 0x0000, 0x0000, 0x0000, 0x0000, 0x0000, 0x0000, 0x0000,   // 0x5760 (22368) pixels
0x0000, 0x0000, 0x0000, 0x0000, 0x0000, 0x0000, 0x0000, 0x0000, 0x0000, 0x0000, 0x0000, 0x0000, 0x0000, 0x0000, 0x0000, 0x0000,   // 0x5770 (22384) pixels
0x0000, 0x0000, 0x0000, 0x0000, 0x0000, 0x0000, 0x0000, 0x0000, 0x0000, 0x0000, 0x0000, 0x0000, 0x0000, 0x0000, 0x0000, 0x0000,   // 0x5780 (22400) pixels
0x0000, 0x0000, 0x0000, 0x0000, 0x0000, 0x0000, 0x0000, 0x0000, 0x0000, 0x0000, 0x0000, 0x0000, 0x0000, 0x0000, 0x0000, 0x0000,   // 0x5790 (22416) pixels
0x0000, 0x0000, 0x0000, 0x0000, 0x0000, 0x0000, 0x0000, 0x0000, 0x0000, 0x0000, 0x0000, 0x0000, 0x0000, 0x0000, 0x0000, 0x0000,   // 0x57A0 (22432) pixels
0x0000, 0x0000, 0x0000, 0x0000, 0x0000, 0x0000, 0x0000, 0x0000, 0x0000, 0x0000, 0x0000, 0x0000, 0x0000, 0x0000, 0x0000, 0x0000,   // 0x57B0 (22448) pixels
0x0000, 0x0000, 0x0000, 0x0000, 0x0000, 0x0000, 0x0000, 0x0000, 0x0000, 0x0000, 0x0000, 0x0000, 0x0000, 0x0000, 0x0000, 0x0000,   // 0x57C0 (22464) pixels
0x0000, 0x0000, 0x0000, 0x0000, 0x0000, 0x0000, 0x0000, 0x0000, 0x0000, 0x0000, 0x0000, 0x0000, 0x0000, 0x0000, 0x0000, 0x0000,   // 0x57D0 (22480) pixels
0x0000, 0x0000, 0x0000, 0x0000, 0x0000, 0x0000, 0x0000, 0x0000, 0x0000, 0x0000, 0x0000, 0x0000, 0x0000, 0x0000, 0x0000, 0x0000,   // 0x57E0 (22496) pixels
0x0000, 0x0000, 0x0000, 0x0000, 0x0000, 0x0000, 0x0000, 0x0000, 0x0000, 0x0000, 0x0000, 0x0000, 0x0000, 0x0000, 0x0000, 0x0000,   // 0x57F0 (22512) pixels
0x0000, 0x0000, 0x0000, 0x0000, 0x0000, 0x0000, 0x0000, 0x0000, 0x0000, 0x0000, 0x0000, 0x0000, 0x0000, 0x0000, 0x0000, 0x0000,   // 0x5800 (22528) pixels
0x0000, 0x0000, 0x0000, 0x0000, 0x0000, 0x0000, 0x0000, 0x0000, 0x0000, 0x0000, 0x0000, 0x0000, 0x0000, 0x0000, 0x0000, 0x0000,   // 0x5810 (22544) pixels
0x0000, 0x0000, 0x0000, 0x0000, 0x0000, 0x0000, 0x0000, 0x0000, 0x0000, 0x0000, 0x0000, 0x0000, 0x0000, 0x0000, 0x0000, 0x0000,   // 0x5820 (22560) pixels
0x0000, 0x0000, 0x0000, 0x0000, 0x0000, 0x0000, 0x0000, 0x0000, 0x0000, 0x0000, 0x0000, 0x0000, 0x0000, 0x0000, 0x0000, 0x0000,   // 0x5830 (22576) pixels
0x0000, 0x0000, 0x0000, 0x0000, 0x0000, 0x0000, 0x0000, 0x0000, 0x0000, 0x0000, 0x0000, 0x0000, 0x0000, 0x0000, 0x0000, 0x0000,   // 0x5840 (22592) pixels
0x0000, 0x0000, 0x0000, 0x0000, 0x0000, 0x0000, 0x0000, 0x0000, 0x0000, 0x0000, 0x0000, 0x0000, 0x0000, 0x0000, 0x0000, 0x0000,   // 0x5850 (22608) pixels
0x0000, 0x0000, 0x0000, 0x0000, 0x0000, 0x0000, 0x0000, 0x0000, 0x0000, 0x0000, 0x0000, 0x0000, 0x0000, 0x0000, 0x0000, 0x0000,   // 0x5860 (22624) pixels
0x0000, 0x0000, 0x0000, 0x0000, 0x0000, 0x0000, 0x0000, 0x0000, 0x0000, 0x0000, 0x0000, 0x0000, 0x0000, 0x0000, 0x0000, 0x0000,   // 0x5870 (22640) pixels
0x0000, 0x0000, 0x0000, 0x0000, 0x0000, 0x0000, 0x0000, 0x0000, 0x0000, 0x0000, 0x0000, 0x0000, 0x0000, 0x0000, 0x0000, 0x0000,   // 0x5880 (22656) pixels
0x0000, 0x0000, 0x0000, 0x0000, 0x0000, 0x0000, 0x0000, 0x0000, 0x0000, 0x0000, 0x0000, 0x0000, 0x0000, 0x0000, 0x0000, 0x0000,   // 0x5890 (22672) pixels
0x0000, 0x0000, 0x0000, 0x0000, 0x0000, 0x0000, 0x0000, 0x0000, 0x0000, 0x0000, 0x0000, 0x0000, 0x0000, 0x0000, 0x0000, 0x0000,   // 0x58A0 (22688) pixels
0x0000, 0x0000, 0x0000, 0x0000, 0x0000, 0x0000, 0x0000, 0x0000, 0x0000, 0x0000, 0x0000, 0x0000, 0x0000, 0x0000, 0x0000, 0x0000,   // 0x58B0 (22704) pixels
0x0000, 0x0000, 0x0000, 0x0000, 0x0000, 0x0000, 0x0000, 0x0000, 0x0000, 0x0000, 0x0000, 0x0000, 0x0000, 0x0000, 0x0000, 0x0000,   // 0x58C0 (22720) pixels
0x0000, 0x0000, 0x0000, 0x0000, 0x0000, 0x0000, 0x0000, 0x0000, 0x0000, 0x0000, 0x0000, 0x0000, 0x0000, 0x0000, 0x0000, 0x0000,   // 0x58D0 (22736) pixels
0x0000, 0x0000, 0x0000, 0x0000, 0x0000, 0x0000, 0x0000, 0x0000, 0x0000, 0x0000, 0x0000, 0x0000, 0x0000, 0x0000, 0x0000, 0x0000,   // 0x58E0 (22752) pixels
0x0000, 0x0000, 0x0000, 0x0000, 0x0000, 0x0000, 0x0000, 0x0000, 0x0000, 0x0000, 0x0000, 0x0000, 0x0000, 0x0000, 0x0000, 0x0000,   // 0x58F0 (22768) pixels
0x0000, 0x0000, 0x0000, 0x0000, 0x0000, 0x0000, 0x0000, 0x0000, 0x0000, 0x0000, 0x0000, 0x0000, 0x0000, 0x0000, 0x0000, 0x0000,   // 0x5900 (22784) pixels
0x0000, 0x0000, 0x0000, 0x0000, 0x0000, 0x0000, 0x0000, 0x0000, 0x0000, 0x0000, 0x0000, 0x0000, 0x0000, 0x0000, 0x0000, 0x0000,   // 0x5910 (22800) pixels
0x0000, 0x0000, 0x0000, 0x0000, 0x0000, 0x0000, 0x0000, 0x0000, 0x0000, 0x0000, 0x0000, 0x0000, 0x0000, 0x0000, 0x0000, 0x0000,   // 0x5920 (22816) pixels
0x0000, 0x0000, 0x0000, 0x0000, 0x0000, 0x0000, 0x0000, 0x0000, 0x0000, 0x0000, 0x0000, 0x0000, 0x0000, 0x0000, 0x0000, 0x0000,   // 0x5930 (22832) pixels
0x0000, 0x0000, 0x0000, 0x0000, 0x0000, 0x0000, 0x0000, 0x0000, 0x0000, 0x0000, 0x0000, 0x0000, 0x0000, 0x0000, 0x0000, 0x0000,   // 0x5940 (22848) pixels
0x0000, 0x0000, 0x0000, 0x0000, 0x0000, 0x0000, 0x0000, 0x0000, 0x0000, 0x0000, 0x0000, 0x0000, 0x0000, 0x0000, 0x0000, 0x0000,   // 0x5950 (22864) pixels
0x0000, 0x0000, 0x0000, 0x0000, 0x0000, 0x0000, 0x0000, 0x0000, 0x0000, 0x0000, 0x0000, 0x0000, 0x0000, 0x0000, 0x0000, 0x0000,   // 0x5960 (22880) pixels
0x0000, 0x0000, 0x0000, 0x0000, 0x0000, 0x0000, 0x0000, 0x0000, 0x0000, 0x0000, 0x0000, 0x0000, 0x0000, 0x0000, 0x0000, 0x0000,   // 0x5970 (22896) pixels
0x0000, 0x0000, 0x0000, 0x0000, 0x0000, 0x0000, 0x0000, 0x0000, 0x0000, 0x0000, 0x0000, 0x0000, 0x0000, 0x0000, 0x0000, 0x0000,   // 0x5980 (22912) pixels
0x0000, 0x0000, 0x0000, 0x0000, 0x0000, 0x0000, 0x0000, 0x0000, 0x0000, 0x0000, 0x0000, 0x0000, 0x0000, 0x0000, 0x0000, 0x0000,   // 0x5990 (22928) pixels
0x0000, 0x0000, 0x0000, 0x0000, 0x0000, 0x0000, 0x0000, 0x0000, 0x0000, 0x0000, 0x0000, 0x0000, 0x0000, 0x0000, 0x0000, 0x0000,   // 0x59A0 (22944) pixels
0x0000, 0x0000, 0x0000, 0x0000, 0x0000, 0x0000, 0x0000, 0x0000, 0x0000, 0x0000, 0x0000, 0x0000, 0x0000, 0x0000, 0x0000, 0x0000,   // 0x59B0 (22960) pixels
0x0000, 0x0000, 0x0000, 0x0000, 0x0000, 0x0000, 0x0000, 0x0000, 0x0000, 0x0000, 0x0000, 0x0000, 0x0000, 0x0000, 0x0000, 0x0000,   // 0x59C0 (22976) pixels
0x0000, 0x0000, 0x0000, 0x0000, 0x0000, 0x0000, 0x0000, 0x0000, 0x0000, 0x0000, 0x0000, 0x0000, 0x0000, 0x0000, 0x0000, 0x0000,   // 0x59D0 (22992) pixels
0x0000, 0x0000, 0x0000, 0x0000, 0x0000, 0x0000, 0x0000, 0x0000, 0x0000, 0x0000, 0x0000, 0x0000, 0x0000, 0x0000, 0x0000, 0x0000,   // 0x59E0 (23008) pixels
0x0000, 0x0000, 0x0000, 0x0000, 0x0000, 0x0000, 0x0000, 0x0000, 0x0000, 0x0000, 0x0000, 0x0000, 0x0000, 0x0000, 0x0000, 0x0000,   // 0x59F0 (23024) pixels
0x0000, 0x0000, 0x0000, 0x0000, 0x0000, 0x0000, 0x0000, 0x0000, 0x0000, 0x0000, 0x0000, 0x0000, 0x0000, 0x0000, 0x0000, 0x0000,   // 0x5A00 (23040) pixels
0x0000, 0x0000, 0x0000, 0x0000, 0x0000, 0x0000, 0x0000, 0x0000, 0x0000, 0x0000, 0x0000, 0x0000, 0x0000, 0x0000, 0x0000, 0x0000,   // 0x5A10 (23056) pixels
0x0000, 0x0000, 0x0000, 0x0000, 0x0000, 0x0000, 0x0000, 0x0000, 0x0000, 0x0000, 0x0000, 0x0000, 0x0000, 0x0000, 0x0000, 0x0000,   // 0x5A20 (23072) pixels
0x0000, 0x0000, 0x0000, 0x0000, 0x0000, 0x0000, 0x0000, 0x0000, 0x0000, 0x0000, 0x0000, 0x0000, 0x0000, 0x0000, 0x0000, 0x0000,   // 0x5A30 (23088) pixels
0x0000, 0x0000, 0x0000, 0x0000, 0x0000, 0x0000, 0x0000, 0x0000, 0x0000, 0x0000, 0x0000, 0x0000, 0x0000, 0x0000, 0x0000, 0x0000,   // 0x5A40 (23104) pixels
0x0000, 0x0000, 0x0000, 0x0000, 0x0000, 0x0000, 0x0000, 0x0000, 0x0000, 0x0000, 0x0000, 0x0000, 0x0000, 0x0000, 0x0000, 0x0000,   // 0x5A50 (23120) pixels
0x0000, 0x0000, 0x0000, 0x0000, 0x0000, 0x0000, 0x0000, 0x0000, 0x0000, 0x0000, 0x0000, 0x0000, 0x0000, 0x0000, 0x0000, 0x0000,   // 0x5A60 (23136) pixels
0x0000, 0x0000, 0x0000, 0x0000, 0x0000, 0x0000, 0x0000, 0x0000, 0x0000, 0x0000, 0x0000, 0x0000, 0x0000, 0x0000, 0x0000, 0x0000,   // 0x5A70 (23152) pixels
0x0000, 0x0000, 0x0000, 0x0000, 0x0000, 0x0000, 0x0000, 0x0000, 0x0000, 0x0000, 0x0000, 0x0000, 0x0000, 0x0000, 0x0000, 0x0000,   // 0x5A80 (23168) pixels
0x0000, 0x0000, 0x0000, 0x0000, 0x0000, 0x0000, 0x0000, 0x0000, 0x0000, 0x0000, 0x0000, 0x0000, 0x0000, 0x0000, 0x0000, 0x0000,   // 0x5A90 (23184) pixels
0x0000, 0x0000, 0x0000, 0x0000, 0x0000, 0x0000, 0x0000, 0x0000, 0x0000, 0x0000, 0x0000, 0x0000, 0x0000, 0x0000, 0x0000, 0x0000,   // 0x5AA0 (23200) pixels
0x0000, 0x0000, 0x0000, 0x0000, 0x0000, 0x0000, 0x0000, 0x0000, 0x0000, 0x0000, 0x0000, 0x0000, 0x0000, 0x0000, 0x0000, 0x0000,   // 0x5AB0 (23216) pixels
0x0000, 0x0000, 0x0000, 0x0000, 0x0000, 0x0000, 0x0000, 0x0000, 0x0000, 0x0000, 0x0000, 0x0000, 0x0000, 0x0000, 0x0000, 0x0000,   // 0x5AC0 (23232) pixels
0x0000, 0x0000, 0x0000, 0x0000, 0x0000, 0x0000, 0x0000, 0x0000, 0x0000, 0x0000, 0x0000, 0x0000, 0x0000, 0x0000, 0x0000, 0x0000,   // 0x5AD0 (23248) pixels
0x0000, 0x0000, 0x0000, 0x0000, 0x0000, 0x0000, 0x0000, 0x0000, 0x0000, 0x0000, 0x0000, 0x0000, 0x0000, 0x0000, 0x0000, 0x0000,   // 0x5AE0 (23264) pixels
0x0000, 0x0000, 0x0000, 0x0000, 0x0000, 0x0000, 0x0000, 0x0000, 0x0000, 0x0000, 0x0000, 0x0000, 0x0000, 0x0000, 0x0000, 0x0000,   // 0x5AF0 (23280) pixels
0x0000, 0x0000, 0x0000, 0x0000, 0x0000, 0x0000, 0x0000, 0x0000, 0x0000, 0x0000, 0x0000, 0x0000, 0x0000, 0x0000, 0x0000, 0x0000,   // 0x5B00 (23296) pixels
0x0000, 0x0000, 0x0000, 0x0000, 0x0000, 0x0000, 0x0000, 0x0000, 0x0000, 0x0000, 0x0000, 0x0000, 0x0000, 0x0000, 0x0000, 0x0000,   // 0x5B10 (23312) pixels
0x0000, 0x0000, 0x0000, 0x0000, 0x0000, 0x0000, 0x0000, 0x0000, 0x0000, 0x0000, 0x0000, 0x0000, 0x0000, 0x0000, 0x0000, 0x0000,   // 0x5B20 (23328) pixels
0x0000, 0x0000, 0x0000, 0x0000, 0x0000, 0x0000, 0x0000, 0x0000, 0x0000, 0x0000, 0x0000, 0x0000, 0x0000, 0x0000, 0x0000, 0x0000,   // 0x5B30 (23344) pixels
0x0000, 0x0000, 0x0000, 0x0000, 0x0000, 0x0000, 0x0000, 0x0000, 0x0000, 0x0000, 0x0000, 0x0000, 0x0000, 0x0000, 0x0000, 0x0000,   // 0x5B40 (23360) pixels
0x0000, 0x0000, 0x0000, 0x0000, 0x0000, 0x0000, 0x0000, 0x0000, 0x0000, 0x0000, 0x0000, 0x0000, 0x0000, 0x0000, 0x0000, 0x0000,   // 0x5B50 (23376) pixels
0x0000, 0x0000, 0x0000, 0x0000, 0x0000, 0x0000, 0x0000, 0x0000, 0x0000, 0x0000, 0x0000, 0x0000, 0x0000, 0x0000, 0x0000, 0x0000,   // 0x5B60 (23392) pixels
0x0000, 0x0000, 0x0000, 0x0000, 0x0000, 0x0000, 0x0000, 0x0000, 0x0000, 0x0000, 0x0000, 0x0000, 0x0000, 0x0000, 0x0000, 0x0000,   // 0x5B70 (23408) pixels
0x0000, 0x0000, 0x0000, 0x0000, 0x0000, 0x0000, 0x0000, 0x0000, 0x0000, 0x0000, 0x0000, 0x0000, 0x0000, 0x0000, 0x0000, 0x0000,   // 0x5B80 (23424) pixels
0x0000, 0x0000, 0x0000, 0x0000, 0x0000, 0x0000, 0x0000, 0x0000, 0x0000, 0x0000, 0x0000, 0x0000, 0x0000, 0x0000, 0x0000, 0x0000,   // 0x5B90 (23440) pixels
0x0000, 0x0000, 0x0000, 0x0000, 0x0000, 0x0000, 0x0000, 0x0000, 0x0000, 0x0000, 0x0000, 0x0000, 0x0000, 0x0000, 0x0000, 0x0000,   // 0x5BA0 (23456) pixels
0x0000, 0x0000, 0x0000, 0x0000, 0x0000, 0x0000, 0x0000, 0x0000, 0x0000, 0x0000, 0x0000, 0x0000, 0x0000, 0x0000, 0x0000, 0x0000,   // 0x5BB0 (23472) pixels
0x0000, 0x0000, 0x0000, 0x0000, 0x0000, 0x0000, 0x0000, 0x0000, 0x0000, 0x0000, 0x0000, 0x0000, 0x0000, 0x0000, 0x0000, 0x0000,   // 0x5BC0 (23488) pixels
0x0000, 0x0000, 0x0000, 0x0000, 0x0000, 0x0000, 0x0000, 0x0000, 0x0000, 0x0000, 0x0000, 0x0000, 0x0000, 0x0000, 0x0000, 0x0000,   // 0x5BD0 (23504) pixels
0x0000, 0x0000, 0x0000, 0x0000, 0x0000, 0x0000, 0x0000, 0x0000, 0x0000, 0x0000, 0x0000, 0x0000, 0x0000, 0x0000, 0x0000, 0x0000,   // 0x5BE0 (23520) pixels
0x0000, 0x0000, 0x0000, 0x0000, 0x0000, 0x0000, 0x0000, 0x0000, 0x0000, 0x0000, 0x0000, 0x0000, 0x0000, 0x0000, 0x0000, 0x0000,   // 0x5BF0 (23536) pixels
0x0000, 0x0000, 0x0000, 0x0000, 0x0000, 0x0000, 0x0000, 0x0000, 0x0000, 0x0000, 0x0000, 0x0000, 0x0000, 0x0000, 0x0000, 0x0000,   // 0x5C00 (23552) pixels
0x0000, 0x0000, 0x0000, 0x0000, 0x0000, 0x0000, 0x0000, 0x0000, 0x0000, 0x0000, 0x0000, 0x0000, 0x0000, 0x0000, 0x0000, 0x0000,   // 0x5C10 (23568) pixels
0x0000, 0x0000, 0x0000, 0x0000, 0x0000, 0x0000, 0x0000, 0x0000, 0x0000, 0x0000, 0x0000, 0x0000, 0x0000, 0x0000, 0x0000, 0x0000,   // 0x5C20 (23584) pixels
0x0000, 0x0000, 0x0000, 0x0000, 0x0000, 0x0000, 0x0000, 0x0000, 0x0000, 0x0000, 0x0000, 0x0000, 0x0000, 0x0000, 0x0000, 0x0000,   // 0x5C30 (23600) pixels
0x0000, 0x0000, 0x0000, 0x0000, 0x0000, 0x0000, 0x0000, 0x0000, 0x0000, 0x0000, 0x0000, 0x0000, 0x0000, 0x0000, 0x0000, 0x0000,   // 0x5C40 (23616) pixels
0x0000, 0x0000, 0x0000, 0x0000, 0x0000, 0x0000, 0x0000, 0x0000, 0x0000, 0x0000, 0x0000, 0x0000, 0x0000, 0x0000, 0x0000, 0x0000,   // 0x5C50 (23632) pixels
0x0000, 0x0000, 0x0000, 0x0000, 0x0000, 0x0000, 0x0000, 0x0000, 0x0000, 0x0000, 0x0000, 0x0000, 0x0000, 0x0000, 0x0000, 0x0000,   // 0x5C60 (23648) pixels
0x0000, 0x0000, 0x0000, 0x0000, 0x0000, 0x0000, 0x0000, 0x0000, 0x0000, 0x0000, 0x0000, 0x0000, 0x0000, 0x0000, 0x0000, 0x0000,   // 0x5C70 (23664) pixels
0x0000, 0x0000, 0x0000, 0x0000, 0x0000, 0x0000, 0x0000, 0x0000, 0x0000, 0x0000, 0x0000, 0x0000, 0x0000, 0x0000, 0x0000, 0x0000,   // 0x5C80 (23680) pixels
0x0000, 0x0000, 0x0000, 0x0000, 0x0000, 0x0000, 0x0000, 0x0000, 0x0000, 0x0000, 0x0000, 0x0000, 0x0000, 0x0000, 0x0000, 0x0000,   // 0x5C90 (23696) pixels
0x0000, 0x0000, 0x0000, 0x0000, 0x0000, 0x0000, 0x0000, 0x0000, 0x0000, 0x0000, 0x0000, 0x0000, 0x0000, 0x0000, 0x0000, 0x0000,   // 0x5CA0 (23712) pixels
0x0000, 0x0000, 0x0000, 0x0000, 0x0000, 0x0000, 0x0000, 0x0000, 0x0000, 0x0000, 0x0000, 0x0000, 0x0000, 0x0000, 0x0000, 0x0000,   // 0x5CB0 (23728) pixels
0x0000, 0x0000, 0x0000, 0x0000, 0x0000, 0x0000, 0x0000, 0x0000, 0x0000, 0x0000, 0x0000, 0x0000, 0x0000, 0x0000, 0x0000, 0x0000,   // 0x5CC0 (23744) pixels
0x0000, 0x0000, 0x0000, 0x0000, 0x0000, 0x0000, 0x0000, 0x0000, 0x0000, 0x0000, 0x0000, 0x0000, 0x0000, 0x0000, 0x0000, 0x0000,   // 0x5CD0 (23760) pixels
0x0000, 0x0000, 0x0000, 0x0000, 0x0000, 0x0000, 0x0000, 0x0000, 0x0000, 0x0000, 0x0000, 0x0000, 0x0000, 0x0000, 0x0000, 0x0000,   // 0x5CE0 (23776) pixels
0x0000, 0x0000, 0x0000, 0x0000, 0x0000, 0x0000, 0x0000, 0x0000, 0x0000, 0x0000, 0x0000, 0x0000, 0x0000, 0x0000, 0x0000, 0x0000,   // 0x5CF0 (23792) pixels
0x0000, 0x0000, 0x0000, 0x0000, 0x0000, 0x0000, 0x0000, 0x0000, 0x0000, 0x0000, 0x0000, 0x0000, 0x0000, 0x0000, 0x0000, 0x0000,   // 0x5D00 (23808) pixels
0x0000, 0x0000, 0x0000, 0x0000, 0x0000, 0x0000, 0x0000, 0x0000, 0x0000, 0x0000, 0x0000, 0x0000, 0x0000, 0x0000, 0x0000, 0x0000,   // 0x5D10 (23824) pixels
0x0000, 0x0000, 0x0000, 0x0000, 0x0000, 0x0000, 0x0000, 0x0000, 0x0000, 0x0000, 0x0000, 0x0000, 0x0000, 0x0000, 0x0000, 0x0000,   // 0x5D20 (23840) pixels
0x0000, 0x0000, 0x0000, 0x0000, 0x0000, 0x0000, 0x0000, 0x0000, 0x0000, 0x0000, 0x0000, 0x0000, 0x0000, 0x0000, 0x0000, 0x0000,   // 0x5D30 (23856) pixels
0x0000, 0x0000, 0x0000, 0x0000, 0x0000, 0x0000, 0x0000, 0x0000, 0x0000, 0x0000, 0x0000, 0x0000, 0x0000, 0x0000, 0x0000, 0x0000,   // 0x5D40 (23872) pixels
0x0000, 0x0000, 0x0000, 0x0000, 0x0000, 0x0000, 0x0000, 0x0000, 0x0000, 0x0000, 0x0000, 0x0000, 0x0000, 0x0000, 0x0000, 0x0000,   // 0x5D50 (23888) pixels
0x0000, 0x0000, 0x0000, 0x0000, 0x0000, 0x0000, 0x0000, 0x0000, 0x0000, 0x0000, 0x0000, 0x0000, 0x0000, 0x0000, 0x0000, 0x0000,   // 0x5D60 (23904) pixels
0x0000, 0x0000, 0x0000, 0x0000, 0x0000, 0x0000, 0x0000, 0x0000, 0x0000, 0x0000, 0x0000, 0x0000, 0x0000, 0x0000, 0x0000, 0x0000,   // 0x5D70 (23920) pixels
0x0000, 0x0000, 0x0000, 0x0000, 0x0000, 0x0000, 0x0000, 0x0000, 0x0000, 0x0000, 0x0000, 0x0000, 0x0000, 0x0000, 0x0000, 0x0000,   // 0x5D80 (23936) pixels
0x0000, 0x0000, 0x0000, 0x0000, 0x0000, 0x0000, 0x0000, 0x0000, 0x0000, 0x0000, 0x0000, 0x0000, 0x0000, 0x0000, 0x0000, 0x0000,   // 0x5D90 (23952) pixels
0x0000, 0x0000, 0x0000, 0x0000, 0x0000, 0x0000, 0x0000, 0x0000, 0x0000, 0x0000, 0x0000, 0x0000, 0x0000, 0x0000, 0x0000, 0x0000,   // 0x5DA0 (23968) pixels
0x0000, 0x0000, 0x0000, 0x0000, 0x0000, 0x0000, 0x0000, 0x0000, 0x0000, 0x0000, 0x0000, 0x0000, 0x0000, 0x0000, 0x0000, 0x0000,   // 0x5DB0 (23984) pixels
0x0000, 0x0000, 0x0000, 0x0000, 0x0000, 0x0000, 0x0000, 0x0000, 0x0000, 0x0000, 0x0000, 0x0000, 0x0000, 0x0000, 0x0000, 0x0000,   // 0x5DC0 (24000) pixels
0x0000, 0x0000, 0x0000, 0x0000, 0x0000, 0x0000, 0x0000, 0x0000, 0x0000, 0x0000, 0x0000, 0x0000, 0x0000, 0x0000, 0x0000, 0x0000,   // 0x5DD0 (24016) pixels
0x0000, 0x0000, 0x0000, 0x0000, 0x0000, 0x0000, 0x0000, 0x0000, 0x0000, 0x0000, 0x0000, 0x0000, 0x0000, 0x0000, 0x0000, 0x0000,   // 0x5DE0 (24032) pixels
0x0000, 0x0000, 0x0000, 0x0000, 0x0000, 0x0000, 0x0000, 0x0000, 0x0000, 0x0000, 0x0000, 0x0000, 0x0000, 0x0000, 0x0000, 0x0000,   // 0x5DF0 (24048) pixels
0x0000, 0x0000, 0x0000, 0x0000, 0x0000, 0x0000, 0x0000, 0x0000, 0x0000, 0x0000, 0x0000, 0x0000, 0x0000, 0x0000, 0x0000, 0x0000,   // 0x5E00 (24064) pixels
0x0000, 0x0000, 0x0000, 0x0000, 0x0000, 0x0000, 0x0000, 0x0000, 0x0000, 0x0000, 0x0000, 0x0000, 0x0000, 0x0000, 0x0000, 0x0000,   // 0x5E10 (24080) pixels
0x0000, 0x0000, 0x0000, 0x0000, 0x0000, 0x0000, 0x0000, 0x0000, 0x0000, 0x0000, 0x0000, 0x0000, 0x0000, 0x0000, 0x0000, 0x0000,   // 0x5E20 (24096) pixels
0x0000, 0x0000, 0x0000, 0x0000, 0x0000, 0x0000, 0x0000, 0x0000, 0x0000, 0x0000, 0x0000, 0x0000, 0x0000, 0x0000, 0x0000, 0x0000,   // 0x5E30 (24112) pixels
0x0000, 0x0000, 0x0000, 0x0000, 0x0000, 0x0000, 0x0000, 0x0000, 0x0000, 0x0000, 0x0000, 0x0000, 0x0000, 0x0000, 0x0000, 0x0000,   // 0x5E40 (24128) pixels
0x0000, 0x0000, 0x0000, 0x0000, 0x0000, 0x0000, 0x0000, 0x0000, 0x0000, 0x0000, 0x0000, 0x0000, 0x0000, 0x0000, 0x0000, 0x0000,   // 0x5E50 (24144) pixels
0x0000, 0x0000, 0x0000, 0x0000, 0x0000, 0x0000, 0x0000, 0x0000, 0x0000, 0x0000, 0x0000, 0x0000, 0x0000, 0x0000, 0x0000, 0x0000,   // 0x5E60 (24160) pixels
0x0000, 0x0000, 0x0000, 0x0000, 0x0000, 0x0000, 0x0000, 0x0000, 0x0000, 0x0000, 0x0000, 0x0000, 0x0000, 0x0000, 0x0000, 0x0000,   // 0x5E70 (24176) pixels
0x0000, 0x0000, 0x0000, 0x0000, 0x0000, 0x0000, 0x0000, 0x0000, 0x0000, 0x0000, 0x0000, 0x0000, 0x0000, 0x0000, 0x0000, 0x0000,   // 0x5E80 (24192) pixels
0x0000, 0x0000, 0x0000, 0x0000, 0x0000, 0x0000, 0x0000, 0x0000, 0x0000, 0x0000, 0x0000, 0x0000, 0x0000, 0x0000, 0x0000, 0x0000,   // 0x5E90 (24208) pixels
0x0000, 0x0000, 0x0000, 0x0000, 0x0000, 0x0000, 0x0000, 0x0000, 0x0000, 0x0000, 0x0000, 0x0000, 0x0000, 0x0000, 0x0000, 0x0000,   // 0x5EA0 (24224) pixels
0x0000, 0x0000, 0x0000, 0x0000, 0x0000, 0x0000, 0x0000, 0x0000, 0x0000, 0x0000, 0x0000, 0x0000, 0x0000, 0x0000, 0x0000, 0x0000,   // 0x5EB0 (24240) pixels
0x0000, 0x0000, 0x0000, 0x0000, 0x0000, 0x0000, 0x0000, 0x0000, 0x0000, 0x0000, 0x0000, 0x0000, 0x0000, 0x0000, 0x0000, 0x0000,   // 0x5EC0 (24256) pixels
0x0000, 0x0000, 0x0000, 0x0000, 0x0000, 0x0000, 0x0000, 0x0000, 0x0000, 0x0000, 0x0000, 0x0000, 0x0000, 0x0000, 0x0000, 0x0000,   // 0x5ED0 (24272) pixels
0x0000, 0x0000, 0x0000, 0x0000, 0x0000, 0x0000, 0x0000, 0x0000, 0x0000, 0x0000, 0x0000, 0x0000, 0x0000, 0x0000, 0x0000, 0x0000,   // 0x5EE0 (24288) pixels
0x0000, 0x0000, 0x0000, 0x0000, 0x0000, 0x0000, 0x0000, 0x0000, 0x0000, 0x0000, 0x0000, 0x0000, 0x0000, 0x0000, 0x0000, 0x0000,   // 0x5EF0 (24304) pixels
0x0000, 0x0000, 0x0000, 0x0000, 0x0000, 0x0000, 0x0000, 0x0000, 0x0000, 0x0000, 0x0000, 0x0000, 0x0000, 0x0000, 0x0000, 0x0000,   // 0x5F00 (24320) pixels
};


#endif // // SCRAPMETAL_H