// Generated by   : ImageConverter 565 Online
// Generated from : water.jpg
// Time generated : Tue, 27 May 25 04:09:49 +0200  (Server timezone: CET)
// Image Size     : 190x128 pixels
// Memory usage   : 48640 bytes


#ifndef WATER_H
#define WATER_H

#include <TFT_eSPI.h>

void drawWater(TFT_eSPI &tft);


#if defined(__AVR__)
    #include <avr/pgmspace.h>
#elif defined(__PIC32MX__)
    #define PROGMEM
#elif defined(__arm__)
    #define PROGMEM
#endif

const unsigned short water[24320] PROGMEM={
0x0000, 0x0000, 0x0000, 0x0000, 0x0000, 0x0000, 0x0000, 0x0000, 0x0000, 0x0000, 0x0000, 0x0000, 0x0000, 0x0000, 0x0000, 0x0000,   // 0x0010 (16) pixels
0x0000, 0x0000, 0x0000, 0x0000, 0x0000, 0x0000, 0x0000, 0x0000, 0x0000, 0x0000, 0x0000, 0x0000, 0x0000, 0x0000, 0x0000, 0x0000,   // 0x0020 (32) pixels
0x0000, 0x0000, 0x0000, 0x0000, 0x0000, 0x0000, 0x0000, 0x0000, 0x0000, 0x0000, 0x0000, 0x0000, 0x0000, 0x0000, 0x0000, 0x0000,   // 0x0030 (48) pixels
0x0000, 0x0000, 0x0000, 0x0000, 0x0000, 0x0000, 0x0000, 0x0000, 0x0000, 0x0000, 0x0000, 0x0000, 0x0000, 0x0000, 0x0000, 0x0000,   // 0x0040 (64) pixels
0x0000, 0x0000, 0x0000, 0x0000, 0x0000, 0x0000, 0x0000, 0x0000, 0x0000, 0x0000, 0x0000, 0x0000, 0x0000, 0x0000, 0x0000, 0x0000,   // 0x0050 (80) pixels
0x0000, 0x0000, 0x0000, 0x0000, 0x0000, 0x0000, 0x0000, 0x0000, 0x0000, 0x0000, 0x0000, 0x0000, 0x0000, 0x0000, 0x0000, 0x0000,   // 0x0060 (96) pixels
0x0000, 0x0000, 0x0000, 0x0000, 0x0000, 0x0000, 0x0000, 0x0000, 0x0000, 0x0000, 0x0000, 0x0000, 0x0000, 0x0000, 0x0000, 0x0000,   // 0x0070 (112) pixels
0x0000, 0x0000, 0x0000, 0x0000, 0x0000, 0x0000, 0x0000, 0x0000, 0x0000, 0x0000, 0x0000, 0x0000, 0x0000, 0x0000, 0x0000, 0x0000,   // 0x0080 (128) pixels
0x0000, 0x0000, 0x0000, 0x0000, 0x0000, 0x0000, 0x0000, 0x0000, 0x0000, 0x0000, 0x0000, 0x0000, 0x0000, 0x0000, 0x0000, 0x0000,   // 0x0090 (144) pixels
0x0000, 0x0000, 0x0000, 0x0000, 0x0000, 0x0000, 0x0000, 0x0000, 0x0000, 0x0000, 0x0000, 0x0000, 0x0000, 0x0000, 0x0000, 0x0000,   // 0x00A0 (160) pixels
0x0000, 0x0000, 0x0000, 0x0000, 0x0000, 0x0000, 0x0000, 0x0000, 0x0000, 0x0000, 0x0000, 0x0000, 0x0000, 0x0000, 0x0000, 0x0000,   // 0x00B0 (176) pixels
0x0000, 0x0000, 0x0000, 0x0000, 0x0000, 0x0000, 0x0000, 0x0000, 0x0000, 0x0000, 0x0000, 0x0000, 0x0000, 0x0000, 0x0000, 0x0000,   // 0x00C0 (192) pixels
0x0000, 0x0000, 0x0000, 0x0000, 0x0000, 0x0000, 0x0000, 0x0000, 0x0000, 0x0000, 0x0000, 0x0000, 0x0000, 0x0000, 0x0000, 0x0000,   // 0x00D0 (208) pixels
0x0000, 0x0000, 0x0000, 0x0000, 0x0000, 0x0000, 0x0000, 0x0000, 0x0000, 0x0000, 0x0000, 0x0000, 0x0000, 0x0000, 0x0000, 0x0000,   // 0x00E0 (224) pixels
0x0000, 0x0000, 0x0000, 0x0000, 0x0000, 0x0000, 0x0000, 0x0000, 0x0000, 0x0000, 0x0000, 0x0000, 0x0000, 0x0000, 0x0000, 0x0000,   // 0x00F0 (240) pixels
0x0000, 0x0000, 0x0000, 0x0000, 0x0000, 0x0000, 0x0000, 0x0000, 0x0000, 0x0000, 0x0000, 0x0000, 0x0000, 0x0000, 0x0000, 0x0000,   // 0x0100 (256) pixels
0x0000, 0x0000, 0x0000, 0x0000, 0x0000, 0x0000, 0x0000, 0x0000, 0x0000, 0x0000, 0x0000, 0x0000, 0x0000, 0x0000, 0x0000, 0x0000,   // 0x0110 (272) pixels
0x0000, 0x0000, 0x0000, 0x0000, 0x0000, 0x0000, 0x0000, 0x0000, 0x0000, 0x0000, 0x0000, 0x0000, 0x0000, 0x0000, 0x0000, 0x0000,   // 0x0120 (288) pixels
0x0000, 0x0000, 0x0000, 0x0000, 0x0000, 0x0000, 0x0000, 0x0000, 0x0000, 0x0000, 0x0000, 0x0000, 0x0000, 0x0000, 0x0000, 0x0000,   // 0x0130 (304) pixels
0x0000, 0x0000, 0x0000, 0x0000, 0x0000, 0x0000, 0x0000, 0x0000, 0x0000, 0x0000, 0x0000, 0x0000, 0x0000, 0x0000, 0x0000, 0x0000,   // 0x0140 (320) pixels
0x0000, 0x0000, 0x0000, 0x0000, 0x0000, 0x0000, 0x0000, 0x0000, 0x0000, 0x0000, 0x0000, 0x0000, 0x0000, 0x0000, 0x0000, 0x0000,   // 0x0150 (336) pixels
0x0000, 0x0000, 0x0000, 0x0000, 0x0000, 0x0000, 0x0000, 0x0000, 0x0000, 0x0000, 0x0000, 0x0000, 0x0000, 0x0000, 0x0000, 0x0000,   // 0x0160 (352) pixels
0x0000, 0x0000, 0x0000, 0x0000, 0x0000, 0x0000, 0x0000, 0x0000, 0x0000, 0x0000, 0x0000, 0x0000, 0x0000, 0x0000, 0x0000, 0x0000,   // 0x0170 (368) pixels
0x0000, 0x0000, 0x0000, 0x0000, 0x0000, 0x0000, 0x0000, 0x0000, 0x0000, 0x0000, 0x0000, 0x0000, 0x0000, 0x0000, 0x0000, 0x0000,   // 0x0180 (384) pixels
0x0000, 0x0000, 0x0000, 0x0000, 0x0000, 0x0000, 0x0000, 0x0000, 0x0000, 0x0000, 0x0000, 0x0000, 0x0000, 0x0000, 0x0000, 0x0000,   // 0x0190 (400) pixels
0x0000, 0x0000, 0x0000, 0x0000, 0x0000, 0x0000, 0x0000, 0x0000, 0x0000, 0x0000, 0x0000, 0x0000, 0x0000, 0x0000, 0x0000, 0x0000,   // 0x01A0 (416) pixels
0x0000, 0x0000, 0x0000, 0x0000, 0x0000, 0x0000, 0x0000, 0x0000, 0x0000, 0x0000, 0x0000, 0x0000, 0x0000, 0x0000, 0x0000, 0x0000,   // 0x01B0 (432) pixels
0x0000, 0x0000, 0x0000, 0x0000, 0x0000, 0x0000, 0x0000, 0x0000, 0x0000, 0x0000, 0x0000, 0x0000, 0x0000, 0x0000, 0x0000, 0x0000,   // 0x01C0 (448) pixels
0x0000, 0x0000, 0x0000, 0x0000, 0x0000, 0x0000, 0x0000, 0x0000, 0x0000, 0x0000, 0x0000, 0x0000, 0x0000, 0x0000, 0x0000, 0x0000,   // 0x01D0 (464) pixels
0x0000, 0x0000, 0x0000, 0x0000, 0x0000, 0x0000, 0x0000, 0x0000, 0x0000, 0x0000, 0x0000, 0x0000, 0x0000, 0x0000, 0x0000, 0x0000,   // 0x01E0 (480) pixels
0x0000, 0x0000, 0x0000, 0x0000, 0x0000, 0x0000, 0x0000, 0x0000, 0x0000, 0x0000, 0x0000, 0x0000, 0x0000, 0x0000, 0x0000, 0x0000,   // 0x01F0 (496) pixels
0x0000, 0x0000, 0x0000, 0x0000, 0x0000, 0x0000, 0x0000, 0x0000, 0x0000, 0x0000, 0x0000, 0x0000, 0x0000, 0x0000, 0x0000, 0x0000,   // 0x0200 (512) pixels
0x0000, 0x0000, 0x0000, 0x0000, 0x0000, 0x0000, 0x0000, 0x0000, 0x0000, 0x0000, 0x0000, 0x0000, 0x0000, 0x0000, 0x0000, 0x0000,   // 0x0210 (528) pixels
0x0000, 0x0000, 0x0000, 0x0000, 0x0000, 0x0000, 0x0000, 0x0000, 0x0000, 0x0000, 0x0000, 0x0000, 0x0000, 0x0000, 0x0000, 0x0000,   // 0x0220 (544) pixels
0x0000, 0x0000, 0x0000, 0x0000, 0x0000, 0x0000, 0x0000, 0x0000, 0x0000, 0x0000, 0x0000, 0x0000, 0x0000, 0x0000, 0x0000, 0x0000,   // 0x0230 (560) pixels
0x0000, 0x0000, 0x0000, 0x0000, 0x0000, 0x0000, 0x0000, 0x0000, 0x0000, 0x0000, 0x0000, 0x0000, 0x0000, 0x0000, 0x0000, 0x0000,   // 0x0240 (576) pixels
0x0000, 0x0000, 0x0000, 0x0000, 0x0000, 0x0000, 0x0000, 0x0000, 0x0000, 0x0000, 0x0000, 0x0000, 0x0000, 0x0000, 0x0000, 0x0000,   // 0x0250 (592) pixels
0x0000, 0x0000, 0x0000, 0x0000, 0x0000, 0x0000, 0x0000, 0x0000, 0x0000, 0x0000, 0x0000, 0x0000, 0x0000, 0x0000, 0x0000, 0x0000,   // 0x0260 (608) pixels
0x0000, 0x0000, 0x0000, 0x0000, 0x0000, 0x0000, 0x0000, 0x0000, 0x0000, 0x0000, 0x0000, 0x0000, 0x0000, 0x0000, 0x0000, 0x0000,   // 0x0270 (624) pixels
0x0000, 0x0000, 0x0000, 0x0000, 0x0000, 0x0000, 0x0000, 0x0000, 0x0000, 0x0000, 0x0000, 0x0000, 0x0000, 0x0000, 0x0000, 0x0000,   // 0x0280 (640) pixels
0x0000, 0x0000, 0x0000, 0x0000, 0x0000, 0x0000, 0x0000, 0x0000, 0x0000, 0x0000, 0x0000, 0x0000, 0x0000, 0x0000, 0x0000, 0x0000,   // 0x0290 (656) pixels
0x0000, 0x0000, 0x0000, 0x0000, 0x0000, 0x0000, 0x0000, 0x0000, 0x0000, 0x0000, 0x0000, 0x0000, 0x0000, 0x0000, 0x0000, 0x0000,   // 0x02A0 (672) pixels
0x0000, 0x0000, 0x0000, 0x0000, 0x0000, 0x0000, 0x0000, 0x0000, 0x0000, 0x0000, 0x0000, 0x0000, 0x0000, 0x0000, 0x0000, 0x0000,   // 0x02B0 (688) pixels
0x0000, 0x0000, 0x0000, 0x0000, 0x0000, 0x0000, 0x0000, 0x0000, 0x0000, 0x0000, 0x0000, 0x0000, 0x0000, 0x0000, 0x0000, 0x0000,   // 0x02C0 (704) pixels
0x0000, 0x0000, 0x0000, 0x0000, 0x0000, 0x0000, 0x0000, 0x0000, 0x0000, 0x0000, 0x0000, 0x0000, 0x0000, 0x0000, 0x0000, 0x0000,   // 0x02D0 (720) pixels
0x0000, 0x0000, 0x0000, 0x0000, 0x0000, 0x0000, 0x0000, 0x0000, 0x0000, 0x0000, 0x0000, 0x0000, 0x0000, 0x0000, 0x0000, 0x0000,   // 0x02E0 (736) pixels
0x0000, 0x0000, 0x0000, 0x0000, 0x0000, 0x0000, 0x0000, 0x0000, 0x0000, 0x0000, 0x0000, 0x0000, 0x0000, 0x0000, 0x0000, 0x0000,   // 0x02F0 (752) pixels
0x0000, 0x0000, 0x0000, 0x0000, 0x0000, 0x0000, 0x0000, 0x0000, 0x0000, 0x0000, 0x0000, 0x0000, 0x0000, 0x0000, 0x0000, 0x0000,   // 0x0300 (768) pixels
0x0000, 0x0000, 0x0000, 0x0000, 0x0000, 0x0000, 0x0000, 0x0000, 0x0000, 0x0000, 0x0000, 0x0000, 0x0000, 0x0000, 0x0000, 0x0000,   // 0x0310 (784) pixels
0x0000, 0x0000, 0x0000, 0x0000, 0x0000, 0x0000, 0x0000, 0x0000, 0x0000, 0x0000, 0x0000, 0x0000, 0x0000, 0x0000, 0x0000, 0x0000,   // 0x0320 (800) pixels
0x0000, 0x0000, 0x0000, 0x0000, 0x0000, 0x0000, 0x0000, 0x0000, 0x0000, 0x0000, 0x0000, 0x0000, 0x0000, 0x0000, 0x0000, 0x0000,   // 0x0330 (816) pixels
0x0000, 0x0000, 0x0000, 0x0000, 0x0000, 0x0000, 0x0000, 0x0000, 0x0000, 0x0000, 0x0000, 0x0000, 0x0000, 0x0000, 0x0000, 0x0000,   // 0x0340 (832) pixels
0x0000, 0x0000, 0x0000, 0x0000, 0x0000, 0x0000, 0x0000, 0x0000, 0x0000, 0x0000, 0x0000, 0x0000, 0x0000, 0x0000, 0x0000, 0x0000,   // 0x0350 (848) pixels
0x0000, 0x0000, 0x0000, 0x0000, 0x0000, 0x0000, 0x0000, 0x0000, 0x0000, 0x0000, 0x0000, 0x0000, 0x0000, 0x0000, 0x0000, 0x0000,   // 0x0360 (864) pixels
0x0000, 0x0000, 0x0000, 0x0000, 0x0000, 0x0000, 0x0000, 0x0000, 0x0000, 0x0000, 0x0000, 0x0000, 0x0000, 0x0000, 0x0000, 0x0000,   // 0x0370 (880) pixels
0x0000, 0x0000, 0x0000, 0x0000, 0x0000, 0x0000, 0x0000, 0x0000, 0x0000, 0x0000, 0x0000, 0x0000, 0x0000, 0x0000, 0x0000, 0x0000,   // 0x0380 (896) pixels
0x0000, 0x0000, 0x0000, 0x0000, 0x0000, 0x0000, 0x0000, 0x0000, 0x0000, 0x0000, 0x0000, 0x0000, 0x0000, 0x0000, 0x0000, 0x0000,   // 0x0390 (912) pixels
0x0000, 0x0000, 0x0000, 0x0000, 0x0000, 0x0000, 0x0000, 0x0000, 0x0000, 0x0000, 0x0000, 0x0000, 0x0000, 0x0000, 0x0000, 0x0000,   // 0x03A0 (928) pixels
0x0000, 0x0000, 0x0000, 0x0000, 0x0000, 0x0000, 0x0000, 0x0000, 0x0000, 0x0000, 0x0000, 0x0000, 0x0000, 0x0000, 0x0000, 0x0000,   // 0x03B0 (944) pixels
0x0000, 0x0000, 0x0000, 0x0000, 0x0000, 0x0000, 0x0000, 0x0000, 0x0000, 0x0000, 0x0000, 0x0000, 0x0000, 0x0000, 0x0000, 0x0000,   // 0x03C0 (960) pixels
0x0000, 0x0000, 0x0000, 0x0000, 0x0000, 0x0000, 0x0000, 0x0000, 0x0000, 0x0000, 0x0000, 0x0000, 0x0000, 0x0000, 0x0000, 0x0000,   // 0x03D0 (976) pixels
0x0000, 0x0000, 0x0000, 0x0000, 0x0000, 0x0000, 0x0000, 0x0000, 0x0000, 0x0000, 0x0000, 0x0000, 0x0000, 0x0000, 0x0000, 0x0000,   // 0x03E0 (992) pixels
0x0000, 0x0000, 0x0000, 0x0000, 0x0000, 0x0000, 0x0000, 0x0000, 0x0000, 0x0000, 0x0000, 0x0000, 0x0000, 0x0000, 0x0000, 0x0000,   // 0x03F0 (1008) pixels
0x0000, 0x0000, 0x0000, 0x0000, 0x0000, 0x0000, 0x0000, 0x0000, 0x0000, 0x0000, 0x0000, 0x0000, 0x0000, 0x0000, 0x0000, 0x0000,   // 0x0400 (1024) pixels
0x0000, 0x0000, 0x0000, 0x0000, 0x0000, 0x0000, 0x0000, 0x0000, 0x0000, 0x0000, 0x0000, 0x0000, 0x0000, 0x0000, 0x0000, 0x0000,   // 0x0410 (1040) pixels
0x0000, 0x0000, 0x0000, 0x0000, 0x0000, 0x0000, 0x0000, 0x0000, 0x0000, 0x0000, 0x0000, 0x0000, 0x0000, 0x0000, 0x0000, 0x0000,   // 0x0420 (1056) pixels
0x0000, 0x0000, 0x0000, 0x0000, 0x0000, 0x0000, 0x0000, 0x0000, 0x0000, 0x0000, 0x0000, 0x0000, 0x0000, 0x0000, 0x0000, 0x0000,   // 0x0430 (1072) pixels
0x0000, 0x0000, 0x0000, 0x0000, 0x0000, 0x0000, 0x0000, 0x0000, 0x0000, 0x0000, 0x0000, 0x0000, 0x0000, 0x0000, 0x0000, 0x0000,   // 0x0440 (1088) pixels
0x0000, 0x0000, 0x0000, 0x0000, 0x0000, 0x0000, 0x0000, 0x0000, 0x0000, 0x0000, 0x0000, 0x0000, 0x0000, 0x0000, 0x0000, 0x0000,   // 0x0450 (1104) pixels
0x0000, 0x0000, 0x0000, 0x0000, 0x0000, 0x0000, 0x0000, 0x0000, 0x0000, 0x0000, 0x0000, 0x0000, 0x0000, 0x0000, 0x0000, 0x0000,   // 0x0460 (1120) pixels
0x0000, 0x0000, 0x0000, 0x0000, 0x0000, 0x0000, 0x0000, 0x0000, 0x0000, 0x0000, 0x0000, 0x0000, 0x0000, 0x0000, 0x0000, 0x0000,   // 0x0470 (1136) pixels
0x0000, 0x0000, 0x0000, 0x0000, 0x0000, 0x0000, 0x0000, 0x0000, 0x0000, 0x0000, 0x0000, 0x0000, 0x0000, 0x0000, 0x0000, 0x0000,   // 0x0480 (1152) pixels
0x0000, 0x0000, 0x0000, 0x0000, 0x0000, 0x0000, 0x0000, 0x0000, 0x0000, 0x0000, 0x0000, 0x0000, 0x0000, 0x0000, 0x0000, 0x0000,   // 0x0490 (1168) pixels
0x0000, 0x0000, 0x0000, 0x0000, 0x0000, 0x0000, 0x0000, 0x0000, 0x0000, 0x0000, 0x0000, 0x0000, 0x0000, 0x0000, 0x0000, 0x0000,   // 0x04A0 (1184) pixels
0x0000, 0x0000, 0x0000, 0x0000, 0x0000, 0x0000, 0x0000, 0x0000, 0x0000, 0x0000, 0x0000, 0x0000, 0x0000, 0x0000, 0x0000, 0x0000,   // 0x04B0 (1200) pixels
0x0000, 0x0000, 0x0000, 0x0000, 0x0000, 0x0000, 0x0000, 0x0000, 0x0000, 0x0000, 0x0000, 0x0020, 0x0000, 0x0000, 0x0000, 0x0000,   // 0x04C0 (1216) pixels
0x0000, 0x0000, 0x0000, 0x0000, 0x0000, 0x0000, 0x0000, 0x0000, 0x0000, 0x0000, 0x0000, 0x0000, 0x0000, 0x0000, 0x0000, 0x0000,   // 0x04D0 (1232) pixels
0x0000, 0x0000, 0x0000, 0x0000, 0x0000, 0x0000, 0x0000, 0x0000, 0x0000, 0x0000, 0x0000, 0x0000, 0x0000, 0x0000, 0x0000, 0x0000,   // 0x04E0 (1248) pixels
0x0000, 0x0000, 0x0000, 0x0000, 0x0000, 0x0000, 0x0000, 0x0000, 0x0000, 0x0000, 0x0000, 0x0000, 0x0000, 0x0000, 0x0000, 0x0000,   // 0x04F0 (1264) pixels
0x0000, 0x0000, 0x0000, 0x0000, 0x0000, 0x0000, 0x0000, 0x0000, 0x0000, 0x0000, 0x0000, 0x0000, 0x0000, 0x0000, 0x0000, 0x0000,   // 0x0500 (1280) pixels
0x0000, 0x0000, 0x0000, 0x0000, 0x0000, 0x0000, 0x0000, 0x0000, 0x0000, 0x0000, 0x0000, 0x0000, 0x0000, 0x0000, 0x0000, 0x0000,   // 0x0510 (1296) pixels
0x0000, 0x0000, 0x0000, 0x0000, 0x0000, 0x0000, 0x0000, 0x0000, 0x0000, 0x0000, 0x0000, 0x0000, 0x0000, 0x0000, 0x0000, 0x0000,   // 0x0520 (1312) pixels
0x0000, 0x0000, 0x0000, 0x0000, 0x0000, 0x0000, 0x0000, 0x0000, 0x0000, 0x0000, 0x0000, 0x0000, 0x0000, 0x0000, 0x0000, 0x0000,   // 0x0530 (1328) pixels
0x0000, 0x0000, 0x0000, 0x0000, 0x0000, 0x0000, 0x0000, 0x0000, 0x0000, 0x0000, 0x0000, 0x0000, 0x0000, 0x0000, 0x0000, 0x0000,   // 0x0540 (1344) pixels
0x0000, 0x0000, 0x0000, 0x0000, 0x0000, 0x0000, 0x0000, 0x0000, 0x0000, 0x0000, 0x0000, 0x0000, 0x0000, 0x0000, 0x0000, 0x0000,   // 0x0550 (1360) pixels
0x0000, 0x0000, 0x0000, 0x0000, 0x0000, 0x0000, 0x0000, 0x0000, 0x0000, 0x0000, 0x0000, 0x0000, 0x0000, 0x0000, 0x0000, 0x0000,   // 0x0560 (1376) pixels
0x0000, 0x0000, 0x0000, 0x0000, 0x0000, 0x0000, 0x0000, 0x0000, 0x0000, 0x0000, 0x0000, 0x0000, 0x0000, 0x0000, 0x0000, 0x0000,   // 0x0570 (1392) pixels
0x0000, 0x0000, 0x0000, 0x0000, 0x0000, 0x0000, 0x0000, 0x0020, 0x0841, 0x0861, 0x1082, 0x1082, 0x1082, 0x1082, 0x1082, 0x1082,   // 0x0580 (1408) pixels
0x1082, 0x1082, 0x0861, 0x0861, 0x0861, 0x0841, 0x0841, 0x0020, 0x0020, 0x0020, 0x0000, 0x0000, 0x0000, 0x0000, 0x0000, 0x0000,   // 0x0590 (1424) pixels
0x0000, 0x0000, 0x0000, 0x0000, 0x0000, 0x0000, 0x0000, 0x0000, 0x0000, 0x0000, 0x0000, 0x0000, 0x0000, 0x0000, 0x0000, 0x0000,   // 0x05A0 (1440) pixels
0x0000, 0x0000, 0x0000, 0x0000, 0x0000, 0x0000, 0x0000, 0x0000, 0x0000, 0x0000, 0x0000, 0x0000, 0x0000, 0x0000, 0x0000, 0x0000,   // 0x05B0 (1456) pixels
0x0000, 0x0000, 0x0000, 0x0000, 0x0000, 0x0000, 0x0000, 0x0000, 0x0000, 0x0000, 0x0000, 0x0000, 0x0000, 0x0000, 0x0000, 0x0000,   // 0x05C0 (1472) pixels
0x0000, 0x0000, 0x0000, 0x0000, 0x0000, 0x0000, 0x0000, 0x0000, 0x0000, 0x0000, 0x0000, 0x0000, 0x0000, 0x0000, 0x0000, 0x0000,   // 0x05D0 (1488) pixels
0x0000, 0x0000, 0x0000, 0x0000, 0x0000, 0x0000, 0x0000, 0x0000, 0x0000, 0x0000, 0x0000, 0x0000, 0x0000, 0x0000, 0x0000, 0x0000,   // 0x05E0 (1504) pixels
0x0000, 0x0000, 0x0000, 0x0000, 0x0000, 0x0000, 0x0000, 0x0000, 0x0000, 0x0000, 0x0000, 0x0000, 0x0000, 0x0000, 0x0000, 0x0000,   // 0x05F0 (1520) pixels
0x0000, 0x0000, 0x0000, 0x0000, 0x0000, 0x0000, 0x0000, 0x0000, 0x0000, 0x0000, 0x0000, 0x0000, 0x0000, 0x0000, 0x0000, 0x0000,   // 0x0600 (1536) pixels
0x0000, 0x0000, 0x0000, 0x0000, 0x0000, 0x0000, 0x0000, 0x0000, 0x0000, 0x0000, 0x0000, 0x0000, 0x0000, 0x0000, 0x0000, 0x0000,   // 0x0610 (1552) pixels
0x0000, 0x0000, 0x0000, 0x0000, 0x0000, 0x0000, 0x0000, 0x0000, 0x0000, 0x0000, 0x0000, 0x0000, 0x0000, 0x0000, 0x0000, 0x0000,   // 0x0620 (1568) pixels
0x0000, 0x0000, 0x0000, 0x0000, 0x0000, 0x0000, 0x0000, 0x0000, 0x0000, 0x0000, 0x0000, 0x0000, 0x0000, 0x0000, 0x0000, 0x0000,   // 0x0630 (1584) pixels
0x0000, 0x0000, 0x0000, 0x0000, 0x0000, 0x0820, 0x7BCD, 0xCE56, 0xBE37, 0xBE37, 0xBE17, 0xBE38, 0xBE18, 0xBDF7, 0xBE17, 0xBE17,   // 0x0640 (1600) pixels
0xBE38, 0xB5D6, 0xBDB6, 0xBDB6, 0x9CF2, 0x0020, 0x0020, 0x0001, 0x0001, 0x0000, 0x0000, 0x0000, 0x0000, 0x0000, 0x0000, 0x0000,   // 0x0650 (1616) pixels
0x0000, 0x0000, 0x0000, 0x0000, 0x0000, 0x0000, 0x0000, 0x0000, 0x0802, 0x0001, 0x0000, 0x0000, 0x0000, 0x0000, 0x0000, 0x0000,   // 0x0660 (1632) pixels
0x0000, 0x0000, 0x0800, 0x0000, 0x0020, 0x0020, 0x0000, 0x0000, 0x0000, 0x0000, 0x0000, 0x0000, 0x0000, 0x0000, 0x0000, 0x0000,   // 0x0670 (1648) pixels
0x0000, 0x0000, 0x0000, 0x0000, 0x0000, 0x0000, 0x0000, 0x0000, 0x0000, 0x0000, 0x0000, 0x0000, 0x0000, 0x0000, 0x0000, 0x0000,   // 0x0680 (1664) pixels
0x0000, 0x0000, 0x0000, 0x0000, 0x0000, 0x0000, 0x0000, 0x0000, 0x0000, 0x0000, 0x0000, 0x0000, 0x0000, 0x0000, 0x0000, 0x0000,   // 0x0690 (1680) pixels
0x0000, 0x0000, 0x0000, 0x0000, 0x0000, 0x0000, 0x0000, 0x0000, 0x0000, 0x0000, 0x0000, 0x0000, 0x0000, 0x0000, 0x0000, 0x0000,   // 0x06A0 (1696) pixels
0x0000, 0x0000, 0x0000, 0x0000, 0x0000, 0x0000, 0x0000, 0x0000, 0x0000, 0x0000, 0x0000, 0x0000, 0x0000, 0x0000, 0x0000, 0x0000,   // 0x06B0 (1712) pixels
0x0000, 0x0000, 0x0000, 0x0000, 0x0000, 0x0000, 0x0000, 0x0000, 0x0000, 0x0000, 0x0000, 0x0000, 0x0000, 0x0000, 0x0000, 0x0000,   // 0x06C0 (1728) pixels
0x0000, 0x0000, 0x0000, 0x0000, 0x0000, 0x0000, 0x0000, 0x0000, 0x0000, 0x0000, 0x0000, 0x0000, 0x0000, 0x0000, 0x0000, 0x0000,   // 0x06D0 (1744) pixels
0x0000, 0x0000, 0x0000, 0x0000, 0x0000, 0x0000, 0x0000, 0x0000, 0x0000, 0x0000, 0x0000, 0x0000, 0x0000, 0x0000, 0x0000, 0x0000,   // 0x06E0 (1760) pixels
0x0000, 0x0000, 0x0000, 0x0000, 0x0000, 0x0000, 0x0000, 0x0000, 0x0000, 0x0000, 0x0000, 0x0000, 0x0000, 0x0000, 0x0020, 0x0020,   // 0x06F0 (1776) pixels
0x0821, 0x0800, 0x0000, 0x0801, 0xA514, 0xFFFF, 0xEFDE, 0xF7FF, 0xF7FF, 0xEFFE, 0xF7FF, 0xF7FF, 0xF7FF, 0xF7FF, 0xF7FE, 0xFFFF,   // 0x0700 (1792) pixels
0xFFFF, 0xFFFF, 0xC69A, 0x0082, 0x0000, 0x0800, 0x0000, 0x0000, 0x0000, 0x0000, 0x0000, 0x0000, 0x0020, 0x0020, 0x0000, 0x0000,   // 0x0710 (1808) pixels
0x0000, 0x0000, 0x0000, 0x0000, 0x0000, 0x0000, 0x0000, 0x0000, 0x0000, 0x0000, 0x0000, 0x0000, 0x0000, 0x0000, 0x0000, 0x0000,   // 0x0720 (1824) pixels
0x0800, 0x0000, 0x0020, 0x0020, 0x0000, 0x0000, 0x0000, 0x0000, 0x0000, 0x0000, 0x0000, 0x0000, 0x0000, 0x0000, 0x0000, 0x0000,   // 0x0730 (1840) pixels
0x0000, 0x0000, 0x0000, 0x0000, 0x0000, 0x0000, 0x0000, 0x0000, 0x0000, 0x0000, 0x0000, 0x0000, 0x0000, 0x0000, 0x0000, 0x0000,   // 0x0740 (1856) pixels
0x0000, 0x0000, 0x0000, 0x0000, 0x0000, 0x0000, 0x0000, 0x0000, 0x0000, 0x0000, 0x0000, 0x0000, 0x0000, 0x0000, 0x0000, 0x0000,   // 0x0750 (1872) pixels
0x0000, 0x0000, 0x0000, 0x0000, 0x0000, 0x0000, 0x0000, 0x0000, 0x0000, 0x0000, 0x0000, 0x0000, 0x0000, 0x0000, 0x0000, 0x0000,   // 0x0760 (1888) pixels
0x0000, 0x0000, 0x0000, 0x0000, 0x0000, 0x0000, 0x0000, 0x0000, 0x0000, 0x0000, 0x0000, 0x0000, 0x0000, 0x0000, 0x0000, 0x0000,   // 0x0770 (1904) pixels
0x0000, 0x0000, 0x0000, 0x0000, 0x0000, 0x0000, 0x0000, 0x0000, 0x0000, 0x0000, 0x0000, 0x0000, 0x0000, 0x0000, 0x0000, 0x0000,   // 0x0780 (1920) pixels
0x0000, 0x0000, 0x0000, 0x0000, 0x0000, 0x0000, 0x0000, 0x0000, 0x0000, 0x0000, 0x0000, 0x0000, 0x0000, 0x0000, 0x0000, 0x0000,   // 0x0790 (1936) pixels
0x0000, 0x0000, 0x0000, 0x0000, 0x0000, 0x0000, 0x0000, 0x0000, 0x0000, 0x0000, 0x0000, 0x0000, 0x0000, 0x0000, 0x0000, 0x0000,   // 0x07A0 (1952) pixels
0x0000, 0x0000, 0x0000, 0x0000, 0x0000, 0x0000, 0x0000, 0x0000, 0x0000, 0x0000, 0x0000, 0x0000, 0x0000, 0x0000, 0x0820, 0x0821,   // 0x07B0 (1968) pixels
0x18E4, 0x00E5, 0x7D57, 0xBFBF, 0xA77F, 0xAFBF, 0xA79F, 0x9F5F, 0xA75F, 0xA75F, 0xA71F, 0xA71F, 0xB73F, 0xB6FF, 0xAE9F, 0xB6FF,   // 0x07C0 (1984) pixels
0x8599, 0x1A09, 0x08E3, 0x18E2, 0x1903, 0x1903, 0x2103, 0x20E4, 0x1904, 0x1904, 0x1124, 0x1124, 0x10E3, 0x10E4, 0x1104, 0x1124,   // 0x07D0 (2000) pixels
0x1124, 0x1144, 0x0965, 0x0965, 0x1165, 0x0944, 0x0924, 0x0945, 0x0965, 0x0925, 0x1125, 0x1125, 0x08C3, 0x0000, 0x0000, 0x0000,   // 0x07E0 (2016) pixels
0x0020, 0x0020, 0x0000, 0x0000, 0x0000, 0x0000, 0x0000, 0x0000, 0x0000, 0x0000, 0x0000, 0x0000, 0x0000, 0x0000, 0x0000, 0x0000,   // 0x07F0 (2032) pixels
0x0000, 0x0000, 0x0000, 0x0000, 0x0000, 0x0000, 0x0000, 0x0000, 0x0000, 0x0000, 0x0000, 0x0000, 0x0000, 0x0000, 0x0000, 0x0000,   // 0x0800 (2048) pixels
0x0000, 0x0000, 0x0000, 0x0000, 0x0000, 0x0000, 0x0000, 0x0000, 0x0000, 0x0000, 0x0000, 0x0000, 0x0000, 0x0000, 0x0000, 0x0000,   // 0x0810 (2064) pixels
0x0000, 0x0000, 0x0000, 0x0000, 0x0000, 0x0000, 0x0000, 0x0000, 0x0000, 0x0000, 0x0000, 0x0000, 0x0000, 0x0000, 0x0000, 0x0000,   // 0x0820 (2080) pixels
0x0000, 0x0000, 0x0000, 0x0000, 0x0000, 0x0000, 0x0000, 0x0000, 0x0000, 0x0000, 0x0000, 0x0000, 0x0000, 0x0000, 0x0000, 0x0000,   // 0x0830 (2096) pixels
0x0000, 0x0000, 0x0000, 0x0000, 0x0000, 0x0000, 0x0000, 0x0000, 0x0000, 0x0000, 0x0000, 0x0000, 0x0000, 0x0000, 0x0000, 0x0000,   // 0x0840 (2112) pixels
0x0000, 0x0000, 0x0000, 0x0000, 0x0000, 0x0000, 0x0000, 0x0000, 0x0000, 0x0000, 0x0000, 0x0000, 0x0000, 0x0000, 0x0000, 0x0000,   // 0x0850 (2128) pixels
0x0000, 0x0000, 0x0000, 0x0000, 0x0000, 0x0000, 0x0000, 0x0000, 0x0000, 0x0000, 0x0000, 0x0000, 0x0000, 0x0000, 0x0000, 0x0000,   // 0x0860 (2144) pixels
0x0000, 0x0000, 0x0000, 0x0000, 0x0000, 0x0000, 0x0000, 0x0000, 0x0000, 0x0000, 0x0801, 0x0000, 0x0000, 0x3A07, 0xA679, 0x6E19,   // 0x0870 (2160) pixels
0x5EBD, 0x363C, 0x1D3C, 0x151B, 0x14FB, 0x14FB, 0x14BC, 0x1C9C, 0x1C5C, 0x1BFB, 0x239B, 0x1B5A, 0x1B3A, 0x1338, 0x3438, 0x7E7D,   // 0x0880 (2176) pixels
0x9699, 0xB719, 0xD719, 0xDF1A, 0xDF1A, 0xE6FA, 0xDF1B, 0xD71B, 0xCF3B, 0xC73B, 0xB71B, 0xB71B, 0xAF1B, 0xA73B, 0x9F3B, 0x9F3B,   // 0x0890 (2192) pixels
0x973B, 0x973B, 0x973B, 0x8F3B, 0x871C, 0x8F3D, 0x8F3D, 0x86FD, 0x971D, 0x9F5E, 0x29E8, 0x0001, 0x0000, 0x0000, 0x0020, 0x0000,   // 0x08A0 (2208) pixels
0x0000, 0x0000, 0x0000, 0x0000, 0x0000, 0x0000, 0x0000, 0x0000, 0x0000, 0x0000, 0x0000, 0x0000, 0x0000, 0x0000, 0x0000, 0x0000,   // 0x08B0 (2224) pixels
0x0000, 0x0000, 0x0000, 0x0000, 0x0000, 0x0000, 0x0000, 0x0000, 0x0000, 0x0000, 0x0000, 0x0000, 0x0000, 0x0000, 0x0000, 0x0000,   // 0x08C0 (2240) pixels
0x0000, 0x0000, 0x0000, 0x0000, 0x0000, 0x0000, 0x0000, 0x0000, 0x0000, 0x0000, 0x0000, 0x0000, 0x0000, 0x0000, 0x0000, 0x0000,   // 0x08D0 (2256) pixels
0x0000, 0x0000, 0x0000, 0x0000, 0x0000, 0x0000, 0x0000, 0x0000, 0x0000, 0x0000, 0x0000, 0x0000, 0x0000, 0x0000, 0x0000, 0x0000,   // 0x08E0 (2272) pixels
0x0000, 0x0000, 0x0000, 0x0000, 0x0000, 0x0000, 0x0000, 0x0000, 0x0000, 0x0000, 0x0000, 0x0000, 0x0000, 0x0000, 0x0000, 0x0000,   // 0x08F0 (2288) pixels
0x0000, 0x0000, 0x0000, 0x0000, 0x0000, 0x0000, 0x0000, 0x0000, 0x0000, 0x0000, 0x0000, 0x0000, 0x0000, 0x0000, 0x0000, 0x0000,   // 0x0900 (2304) pixels
0x0000, 0x0000, 0x0000, 0x0000, 0x0000, 0x0000, 0x0000, 0x0000, 0x0000, 0x0000, 0x0000, 0x0000, 0x0000, 0x0000, 0x0000, 0x0000,   // 0x0910 (2320) pixels
0x0000, 0x0000, 0x0000, 0x0000, 0x0000, 0x0000, 0x0000, 0x0000, 0x0000, 0x0000, 0x0000, 0x0000, 0x0000, 0x0000, 0x0000, 0x0000,   // 0x0920 (2336) pixels
0x0000, 0x0000, 0x0000, 0x0000, 0x0000, 0x0000, 0x0000, 0x0000, 0x0001, 0x0000, 0x0000, 0x3A68, 0xCFFF, 0x9FFF, 0x5F7F, 0x267D,   // 0x0930 (2352) pixels
0x14DE, 0x0CBD, 0x049E, 0x04BF, 0x045F, 0x0BFF, 0x1BBF, 0x0AFE, 0x021B, 0x0A1C, 0x123C, 0x01D8, 0x0B19, 0x76DF, 0x879F, 0x9FFF,   // 0x0940 (2368) pixels
0xDFFE, 0xE7FF, 0xE7FF, 0xE7FF, 0xE7FF, 0xD7FF, 0xCFFF, 0xC7FF, 0xAFFF, 0xAFFF, 0xA7FF, 0xA7FF, 0x9FFF, 0x97FF, 0x97FF, 0x8FFF,   // 0x0950 (2384) pixels
0x8FFF, 0x87FF, 0x7FDF, 0x87FF, 0x7FBF, 0x777F, 0x87DF, 0x8FFF, 0x3A6A, 0x0021, 0x0000, 0x0000, 0x0000, 0x0000, 0x0000, 0x0000,   // 0x0960 (2400) pixels
0x0000, 0x0000, 0x0000, 0x0000, 0x0000, 0x0000, 0x0000, 0x0000, 0x0000, 0x0000, 0x0000, 0x0000, 0x0000, 0x0000, 0x0000, 0x0000,   // 0x0970 (2416) pixels
0x0000, 0x0000, 0x0000, 0x0000, 0x0000, 0x0000, 0x0000, 0x0000, 0x0000, 0x0000, 0x0000, 0x0000, 0x0000, 0x0000, 0x0000, 0x0000,   // 0x0980 (2432) pixels
0x0000, 0x0000, 0x0000, 0x0000, 0x0000, 0x0000, 0x0000, 0x0000, 0x0000, 0x0000, 0x0000, 0x0000, 0x0000, 0x0000, 0x0000, 0x0000,   // 0x0990 (2448) pixels
0x0000, 0x0000, 0x0000, 0x0000, 0x0000, 0x0000, 0x0000, 0x0000, 0x0000, 0x0000, 0x0000, 0x0000, 0x0000, 0x0000, 0x0000, 0x0000,   // 0x09A0 (2464) pixels
0x0000, 0x0000, 0x0000, 0x0000, 0x0000, 0x0000, 0x0000, 0x0000, 0x0000, 0x0000, 0x0000, 0x0000, 0x0000, 0x0000, 0x0000, 0x0000,   // 0x09B0 (2480) pixels
0x0000, 0x0000, 0x0000, 0x0000, 0x0000, 0x0000, 0x0000, 0x0000, 0x0000, 0x0000, 0x0000, 0x0000, 0x0000, 0x0000, 0x0000, 0x0000,   // 0x09C0 (2496) pixels
0x0000, 0x0000, 0x0000, 0x0000, 0x0000, 0x0000, 0x0000, 0x0000, 0x0000, 0x0000, 0x0000, 0x0000, 0x0000, 0x0000, 0x0000, 0x0000,   // 0x09D0 (2512) pixels
0x0000, 0x0000, 0x0000, 0x0000, 0x0000, 0x0000, 0x0000, 0x0000, 0x0000, 0x0000, 0x0000, 0x0000, 0x0000, 0x0000, 0x0000, 0x0000,   // 0x09E0 (2528) pixels
0x0000, 0x0000, 0x0000, 0x0000, 0x0000, 0x0000, 0x0021, 0x0000, 0x0020, 0x3207, 0xB699, 0xA6FC, 0x763B, 0x4558, 0x3438, 0x455D,   // 0x09F0 (2544) pixels
0x2D3D, 0x1D1E, 0x14BF, 0x145F, 0x241F, 0x235E, 0x2178, 0x18D7, 0x1896, 0x1917, 0x09B7, 0x23DB, 0x2D1D, 0x2DBD, 0x6D9D, 0x6D7D,   // 0x0A00 (2560) pixels
0x6D7D, 0x6D7D, 0x6D7E, 0x657D, 0x5D7D, 0x557D, 0x4D5D, 0x4D5D, 0x4D5D, 0x4D5D, 0x4D7E, 0x4D7E, 0x4D7E, 0x4D7E, 0x4D5C, 0x4D5E,   // 0x0A10 (2576) pixels
0x451D, 0x3D3E, 0x353D, 0x353B, 0x565D, 0x66FE, 0x2209, 0x0001, 0x0001, 0x0000, 0x0000, 0x0000, 0x0000, 0x0000, 0x0000, 0x0000,   // 0x0A20 (2592) pixels
0x0000, 0x0000, 0x0000, 0x0000, 0x0000, 0x0000, 0x0000, 0x0000, 0x0000, 0x0000, 0x0000, 0x0000, 0x0000, 0x0000, 0x0000, 0x0000,   // 0x0A30 (2608) pixels
0x0000, 0x0000, 0x0000, 0x0000, 0x0000, 0x0000, 0x0000, 0x0000, 0x0000, 0x0000, 0x0000, 0x0000, 0x0000, 0x0000, 0x0000, 0x0000,   // 0x0A40 (2624) pixels
0x0000, 0x0000, 0x0000, 0x0000, 0x0000, 0x0000, 0x0000, 0x0000, 0x0000, 0x0000, 0x0000, 0x0000, 0x0000, 0x0000, 0x0000, 0x0000,   // 0x0A50 (2640) pixels
0x0000, 0x0000, 0x0000, 0x0000, 0x0000, 0x0000, 0x0000, 0x0000, 0x0000, 0x0000, 0x0000, 0x0000, 0x0000, 0x0000, 0x0000, 0x0000,   // 0x0A60 (2656) pixels
0x0000, 0x0000, 0x0000, 0x0000, 0x0000, 0x0000, 0x0000, 0x0000, 0x0000, 0x0000, 0x0000, 0x0000, 0x0000, 0x0000, 0x0000, 0x0000,   // 0x0A70 (2672) pixels
0x0000, 0x0000, 0x0000, 0x0000, 0x0000, 0x0000, 0x0000, 0x0000, 0x0000, 0x0000, 0x0000, 0x0000, 0x0000, 0x0000, 0x0000, 0x0000,   // 0x0A80 (2688) pixels
0x0000, 0x0000, 0x0000, 0x0000, 0x0000, 0x0000, 0x0000, 0x0000, 0x0000, 0x0000, 0x0000, 0x0000, 0x0000, 0x0000, 0x0000, 0x0000,   // 0x0A90 (2704) pixels
0x0000, 0x0000, 0x0000, 0x0000, 0x0000, 0x0000, 0x0000, 0x0000, 0x0000, 0x0000, 0x0000, 0x0000, 0x0000, 0x0000, 0x0000, 0x0000,   // 0x0AA0 (2720) pixels
0x0000, 0x0000, 0x0000, 0x0000, 0x0000, 0x0000, 0x0000, 0x0000, 0x1903, 0x10E4, 0x08E5, 0x00E6, 0x4BAF, 0x9F1E, 0x6EFF, 0x2E1D,   // 0x0AB0 (2736) pixels
0x1E3F, 0x1DDF, 0x35FF, 0x3D7F, 0x4BBD, 0x2176, 0x1833, 0x2895, 0x18F5, 0x01B6, 0x139C, 0x145D, 0x1BFE, 0x1C1E, 0x1BFE, 0x1BFE,   // 0x0AC0 (2752) pixels
0x1BFE, 0x1BFE, 0x13FE, 0x13FD, 0x1BDE, 0x1BDE, 0x1BBE, 0x1BBE, 0x1B9E, 0x1B7E, 0x1B7D, 0x1B5D, 0x231C, 0x2B5D, 0x1B1D, 0x135E,   // 0x0AD0 (2768) pixels
0x139D, 0x243C, 0x4DBF, 0x5E7F, 0x19A8, 0x0001, 0x0001, 0x0800, 0x0000, 0x0000, 0x0000, 0x0000, 0x0000, 0x0000, 0x0000, 0x0000,   // 0x0AE0 (2784) pixels
0x0000, 0x0000, 0x0000, 0x0000, 0x0000, 0x0000, 0x0000, 0x0000, 0x0000, 0x0000, 0x0000, 0x0000, 0x0000, 0x0000, 0x0000, 0x0000,   // 0x0AF0 (2800) pixels
0x0000, 0x0000, 0x0000, 0x0000, 0x0000, 0x0000, 0x0000, 0x0000, 0x0000, 0x0000, 0x0000, 0x0000, 0x0000, 0x0000, 0x0000, 0x0000,   // 0x0B00 (2816) pixels
0x0000, 0x0000, 0x0000, 0x0000, 0x0000, 0x0000, 0x0000, 0x0000, 0x0000, 0x0000, 0x0000, 0x0000, 0x0000, 0x0000, 0x0000, 0x0000,   // 0x0B10 (2832) pixels
0x0000, 0x0000, 0x0000, 0x0000, 0x0000, 0x0000, 0x0000, 0x0000, 0x0000, 0x0000, 0x0000, 0x0000, 0x0000, 0x0000, 0x0000, 0x0000,   // 0x0B20 (2848) pixels
0x0000, 0x0000, 0x0000, 0x0000, 0x0000, 0x0000, 0x0000, 0x0000, 0x0000, 0x0000, 0x0000, 0x0000, 0x0000, 0x0000, 0x0000, 0x0000,   // 0x0B30 (2864) pixels
0x0000, 0x0000, 0x0000, 0x0000, 0x0000, 0x0000, 0x0000, 0x0000, 0x0000, 0x0000, 0x0000, 0x0000, 0x0000, 0x0000, 0x0000, 0x0000,   // 0x0B40 (2880) pixels
0x0000, 0x0000, 0x0000, 0x0000, 0x0000, 0x0000, 0x0000, 0x0000, 0x0000, 0x0000, 0x0000, 0x0000, 0x0000, 0x0000, 0x0000, 0x0000,   // 0x0B50 (2896) pixels
0x0000, 0x0000, 0x0000, 0x0000, 0x0000, 0x0000, 0x0000, 0x0000, 0x0000, 0x0000, 0x0000, 0x0000, 0x0000, 0x0000, 0x0000, 0x0000,   // 0x0B60 (2912) pixels
0x0000, 0x0000, 0x0000, 0x0000, 0x0820, 0x0000, 0x0000, 0x0800, 0x0000, 0x0000, 0x4AA9, 0xCFFF, 0x8FBF, 0x1E1A, 0x0E5D, 0x063E,   // 0x0B70 (2928) pixels
0x1E3F, 0x263F, 0x34FF, 0x01F6, 0x10D4, 0x2054, 0x1874, 0x0915, 0x1B1C, 0x241F, 0x143F, 0x143F, 0x145F, 0x145F, 0x145F, 0x145F,   // 0x0B80 (2944) pixels
0x143F, 0x143E, 0x1C3F, 0x1C3F, 0x1C1F, 0x23FF, 0x23DF, 0x23BF, 0x2B9F, 0x2B9F, 0x2B3F, 0x337F, 0x1B3F, 0x1B9F, 0x1BDF, 0x1C5D,   // 0x0B90 (2960) pixels
0x3D7E, 0x3DFD, 0x11C8, 0x0021, 0x0001, 0x0000, 0x0000, 0x0040, 0x0020, 0x0000, 0x0000, 0x0000, 0x0000, 0x0000, 0x0000, 0x0000,   // 0x0BA0 (2976) pixels
0x0000, 0x0000, 0x0000, 0x0000, 0x0000, 0x0000, 0x0000, 0x0000, 0x0000, 0x0000, 0x0000, 0x0000, 0x0000, 0x0000, 0x0000, 0x0000,   // 0x0BB0 (2992) pixels
0x0000, 0x0000, 0x0000, 0x0000, 0x0000, 0x0000, 0x0000, 0x0000, 0x0000, 0x0000, 0x0000, 0x0000, 0x0000, 0x0000, 0x0000, 0x0000,   // 0x0BC0 (3008) pixels
0x0000, 0x0000, 0x0000, 0x0000, 0x0000, 0x0000, 0x0000, 0x0000, 0x0000, 0x0000, 0x0000, 0x0000, 0x0000, 0x0000, 0x0000, 0x0000,   // 0x0BD0 (3024) pixels
0x0000, 0x0000, 0x0000, 0x0000, 0x0000, 0x0000, 0x0000, 0x0000, 0x0000, 0x0000, 0x0000, 0x0000, 0x0000, 0x0000, 0x0000, 0x0000,   // 0x0BE0 (3040) pixels
0x0000, 0x0000, 0x0000, 0x0000, 0x0000, 0x0000, 0x0000, 0x0000, 0x0000, 0x0000, 0x0000, 0x0000, 0x0000, 0x0000, 0x0000, 0x0000,   // 0x0BF0 (3056) pixels
0x0000, 0x0000, 0x0000, 0x0000, 0x0000, 0x0000, 0x0000, 0x0000, 0x0000, 0x0000, 0x0000, 0x0000, 0x0000, 0x0000, 0x0000, 0x0000,   // 0x0C00 (3072) pixels
0x0000, 0x0000, 0x0000, 0x0000, 0x0000, 0x0000, 0x0000, 0x0000, 0x0000, 0x0000, 0x0000, 0x0000, 0x0000, 0x0000, 0x0000, 0x0000,   // 0x0C10 (3088) pixels
0x0000, 0x0000, 0x0000, 0x0000, 0x0000, 0x0000, 0x0000, 0x0000, 0x0000, 0x0000, 0x0000, 0x0000, 0x0000, 0x0000, 0x0000, 0x0000,   // 0x0C20 (3104) pixels
0x0000, 0x0000, 0x0000, 0x0000, 0x0000, 0x0000, 0x0000, 0x0000, 0x6B6D, 0xD7FF, 0xAFFF, 0x567A, 0x3E7A, 0x261B, 0x1E3D, 0x269F,   // 0x0C30 (3120) pixels
0x35BE, 0x1C7B, 0x0296, 0x0955, 0x1053, 0x18B5, 0x21F9, 0x2B7D, 0x2B7E, 0x2B7E, 0x2B7E, 0x237E, 0x237E, 0x237E, 0x235D, 0x2B5D,   // 0x0C40 (3136) pixels
0x233D, 0x2B7D, 0x2B5C, 0x2B1B, 0x2ABB, 0x32DD, 0x22DD, 0x335F, 0x2B5F, 0x335F, 0x235E, 0x0BBC, 0x149B, 0x353C, 0x5D7B, 0x759B,   // 0x0C50 (3152) pixels
0x2145, 0x0021, 0x0000, 0x0020, 0x0000, 0x0000, 0x0020, 0x0000, 0x0000, 0x0000, 0x0000, 0x0000, 0x0000, 0x0000, 0x0000, 0x0000,   // 0x0C60 (3168) pixels
0x0000, 0x0000, 0x0000, 0x0000, 0x0000, 0x0000, 0x0000, 0x0000, 0x0000, 0x0000, 0x0000, 0x0000, 0x0000, 0x0000, 0x0000, 0x0000,   // 0x0C70 (3184) pixels
0x0000, 0x0000, 0x0000, 0x0000, 0x0000, 0x0000, 0x0000, 0x0000, 0x0000, 0x0000, 0x0000, 0x0000, 0x0000, 0x0000, 0x0000, 0x0000,   // 0x0C80 (3200) pixels
0x0000, 0x0000, 0x0000, 0x0000, 0x0000, 0x0000, 0x0000, 0x0000, 0x0000, 0x0000, 0x0000, 0x0000, 0x0000, 0x0000, 0x0000, 0x0000,   // 0x0C90 (3216) pixels
0x0000, 0x0000, 0x0000, 0x0000, 0x0000, 0x0000, 0x0000, 0x0000, 0x0000, 0x0000, 0x0000, 0x0000, 0x0000, 0x0000, 0x0000, 0x0000,   // 0x0CA0 (3232) pixels
0x0000, 0x0000, 0x0000, 0x0000, 0x0000, 0x0000, 0x0000, 0x0000, 0x0000, 0x0000, 0x0000, 0x0000, 0x0000, 0x0000, 0x0000, 0x0000,   // 0x0CB0 (3248) pixels
0x0000, 0x0000, 0x0000, 0x0000, 0x0000, 0x0000, 0x0000, 0x0000, 0x0000, 0x0000, 0x0000, 0x0000, 0x0000, 0x0000, 0x0000, 0x0000,   // 0x0CC0 (3264) pixels
0x0000, 0x0000, 0x0000, 0x0000, 0x0000, 0x0000, 0x0000, 0x0000, 0x0000, 0x0000, 0x0000, 0x0000, 0x0000, 0x0000, 0x0000, 0x0000,   // 0x0CD0 (3280) pixels
0x0000, 0x0000, 0x0000, 0x0000, 0x0000, 0x0000, 0x0000, 0x0000, 0x0000, 0x0000, 0x0000, 0x0000, 0x0000, 0x0000, 0x0000, 0x0000,   // 0x0CE0 (3296) pixels
0x0000, 0x0000, 0x0000, 0x0000, 0x0000, 0x0000, 0x2103, 0x428A, 0x2A6A, 0x64B3, 0xAFFF, 0x877F, 0x361C, 0x1E1E, 0x2E3F, 0x2DFF,   // 0x0CF0 (3312) pixels
0x3D5F, 0x337A, 0x10F3, 0x1893, 0x1114, 0x0195, 0x1176, 0x1196, 0x1196, 0x1196, 0x1196, 0x1196, 0x1176, 0x1176, 0x0955, 0x0955,   // 0x0D00 (3328) pixels
0x0954, 0x1154, 0x1134, 0x1135, 0x0977, 0x227C, 0x333F, 0x335F, 0x2B7D, 0x34DE, 0x5E5F, 0x5DBC, 0x2B31, 0x2A4C, 0x10C3, 0x0000,   // 0x0D10 (3344) pixels
0x0000, 0x0000, 0x0000, 0x0000, 0x0020, 0x0000, 0x0000, 0x0000, 0x0000, 0x0000, 0x0000, 0x0000, 0x0000, 0x0000, 0x0000, 0x0000,   // 0x0D20 (3360) pixels
0x0000, 0x0000, 0x0000, 0x0000, 0x0000, 0x0000, 0x0000, 0x0000, 0x0000, 0x0000, 0x0000, 0x0000, 0x0000, 0x0000, 0x0000, 0x0000,   // 0x0D30 (3376) pixels
0x0000, 0x0000, 0x0000, 0x0000, 0x0000, 0x0000, 0x0000, 0x0000, 0x0000, 0x0000, 0x0000, 0x0000, 0x0000, 0x0000, 0x0000, 0x0000,   // 0x0D40 (3392) pixels
0x0000, 0x0000, 0x0000, 0x0000, 0x0000, 0x0000, 0x0000, 0x0000, 0x0000, 0x0000, 0x0000, 0x0000, 0x0000, 0x0000, 0x0000, 0x0000,   // 0x0D50 (3408) pixels
0x0000, 0x0000, 0x0000, 0x0000, 0x0000, 0x0000, 0x0000, 0x0000, 0x0000, 0x0000, 0x0000, 0x0000, 0x0000, 0x0000, 0x0000, 0x0000,   // 0x0D60 (3424) pixels
0x0000, 0x0000, 0x0000, 0x0000, 0x0000, 0x0000, 0x0000, 0x0000, 0x0000, 0x0000, 0x0000, 0x0000, 0x0000, 0x0000, 0x0000, 0x0000,   // 0x0D70 (3440) pixels
0x0000, 0x0000, 0x0000, 0x0000, 0x0000, 0x0000, 0x0000, 0x0000, 0x0000, 0x0000, 0x0000, 0x0000, 0x0000, 0x0000, 0x0000, 0x0000,   // 0x0D80 (3456) pixels
0x0000, 0x0000, 0x0000, 0x0000, 0x0000, 0x0000, 0x0000, 0x0000, 0x0000, 0x0000, 0x0000, 0x0000, 0x0000, 0x0000, 0x0000, 0x0000,   // 0x0D90 (3472) pixels
0x0000, 0x0000, 0x0000, 0x0000, 0x0000, 0x0000, 0x0000, 0x0000, 0x0000, 0x0000, 0x0000, 0x0000, 0x0000, 0x0000, 0x0000, 0x0000,   // 0x0DA0 (3488) pixels
0x0000, 0x0000, 0x0000, 0x0000, 0x0000, 0x0800, 0x0800, 0x7B6E, 0xF7FF, 0xC7DF, 0x45FA, 0x263D, 0x167F, 0x26BF, 0x3E7F, 0x2C3A,   // 0x0DB0 (3504) pixels
0x0951, 0x10D1, 0x1913, 0x0913, 0x18B2, 0x18B2, 0x18D2, 0x18D2, 0x18D2, 0x18D2, 0x18B2, 0x18B2, 0x18D3, 0x18D3, 0x18D2, 0x18F2,   // 0x0DC0 (3520) pixels
0x18B2, 0x08B3, 0x1156, 0x42FD, 0x3B7F, 0x333E, 0x2B9C, 0x4D7F, 0x7EDF, 0x5494, 0x0063, 0x0000, 0x0021, 0x0000, 0x0000, 0x0000,   // 0x0DD0 (3536) pixels
0x0000, 0x0000, 0x0000, 0x0000, 0x0000, 0x0000, 0x0000, 0x0000, 0x0000, 0x0000, 0x0000, 0x0000, 0x0000, 0x0000, 0x0000, 0x0000,   // 0x0DE0 (3552) pixels
0x0000, 0x0000, 0x0000, 0x0000, 0x0000, 0x0000, 0x0000, 0x0000, 0x0000, 0x0000, 0x0000, 0x0000, 0x0000, 0x0000, 0x0000, 0x0000,   // 0x0DF0 (3568) pixels
0x0000, 0x0000, 0x0000, 0x0000, 0x0000, 0x0000, 0x0000, 0x0000, 0x0000, 0x0000, 0x0000, 0x0000, 0x0000, 0x0000, 0x0000, 0x0000,   // 0x0E00 (3584) pixels
0x0000, 0x0000, 0x0000, 0x0000, 0x0000, 0x0000, 0x0000, 0x0000, 0x0000, 0x0000, 0x0000, 0x0000, 0x0000, 0x0000, 0x0000, 0x0000,   // 0x0E10 (3600) pixels
0x0000, 0x0000, 0x0000, 0x0000, 0x0000, 0x0000, 0x0000, 0x0000, 0x0000, 0x0000, 0x0000, 0x0000, 0x0000, 0x0000, 0x0000, 0x0000,   // 0x0E20 (3616) pixels
0x0000, 0x0000, 0x0000, 0x0000, 0x0000, 0x0000, 0x0000, 0x0000, 0x0000, 0x0000, 0x0000, 0x0000, 0x0000, 0x0000, 0x0000, 0x0000,   // 0x0E30 (3632) pixels
0x0000, 0x0000, 0x0000, 0x0000, 0x0000, 0x0000, 0x0000, 0x0000, 0x0000, 0x0000, 0x0000, 0x0000, 0x0000, 0x0000, 0x0000, 0x0000,   // 0x0E40 (3648) pixels
0x0000, 0x0000, 0x0000, 0x0000, 0x0000, 0x0000, 0x0000, 0x0000, 0x0000, 0x0000, 0x0000, 0x0000, 0x0000, 0x0000, 0x0000, 0x0000,   // 0x0E50 (3664) pixels
0x0000, 0x0000, 0x0000, 0x0000, 0x0000, 0x0000, 0x0000, 0x0000, 0x0000, 0x0000, 0x0000, 0x0000, 0x0000, 0x0000, 0x0000, 0x0000,   // 0x0E60 (3680) pixels
0x0000, 0x0000, 0x0000, 0x0000, 0x0800, 0x93AE, 0xFFFF, 0xDFFF, 0x561A, 0x1DFB, 0x0E9F, 0x0E5F, 0x1E7F, 0x251C, 0x1AD6, 0x1993,   // 0x0E70 (3696) pixels
0x10D2, 0x08B2, 0x20F2, 0x20F2, 0x20F2, 0x2113, 0x2113, 0x2113, 0x20F3, 0x20F2, 0x20B3, 0x28D3, 0x20D3, 0x1892, 0x18D3, 0x1114,   // 0x0E80 (3712) pixels
0x19B8, 0x3B3E, 0x337F, 0x233D, 0x2BFC, 0x661F, 0x8EFF, 0x5C52, 0x0000, 0x1000, 0x0000, 0x0000, 0x0000, 0x0000, 0x0000, 0x0000,   // 0x0E90 (3728) pixels
0x0000, 0x0000, 0x0000, 0x0000, 0x0000, 0x0000, 0x0000, 0x0000, 0x0000, 0x0000, 0x0000, 0x0000, 0x0000, 0x0000, 0x0000, 0x0000,   // 0x0EA0 (3744) pixels
0x0000, 0x0000, 0x0000, 0x0000, 0x0000, 0x0000, 0x0000, 0x0000, 0x0000, 0x0000, 0x0000, 0x0000, 0x0000, 0x0000, 0x0000, 0x0000,   // 0x0EB0 (3760) pixels
0x0000, 0x0000, 0x0000, 0x0000, 0x0000, 0x0000, 0x0000, 0x0000, 0x0000, 0x0000, 0x0000, 0x0000, 0x0000, 0x0000, 0x0000, 0x0000,   // 0x0EC0 (3776) pixels
0x0000, 0x0000, 0x0000, 0x0000, 0x0000, 0x0000, 0x0000, 0x0000, 0x0000, 0x0000, 0x0000, 0x0000, 0x0000, 0x0000, 0x0000, 0x0000,   // 0x0ED0 (3792) pixels
0x0000, 0x0000, 0x0000, 0x0000, 0x0000, 0x0000, 0x0000, 0x0000, 0x0000, 0x0000, 0x0000, 0x0000, 0x0000, 0x0000, 0x0000, 0x0000,   // 0x0EE0 (3808) pixels
0x0000, 0x0000, 0x0000, 0x0000, 0x0000, 0x0000, 0x0000, 0x0000, 0x0000, 0x0000, 0x0000, 0x0000, 0x0000, 0x0000, 0x0000, 0x0000,   // 0x0EF0 (3824) pixels
0x0000, 0x0000, 0x0000, 0x0000, 0x0000, 0x0000, 0x0000, 0x0000, 0x0000, 0x0000, 0x0000, 0x0000, 0x0000, 0x0000, 0x0000, 0x0000,   // 0x0F00 (3840) pixels
0x0000, 0x0000, 0x0000, 0x0000, 0x0000, 0x0000, 0x0000, 0x0000, 0x0000, 0x0000, 0x0000, 0x0000, 0x0000, 0x0000, 0x0000, 0x0000,   // 0x0F10 (3856) pixels
0x0000, 0x0000, 0x0000, 0x0000, 0x0000, 0x0000, 0x0000, 0x0000, 0x0000, 0x0000, 0x0000, 0x0000, 0x0000, 0x0000, 0x0000, 0x0000,   // 0x0F20 (3872) pixels
0x0042, 0x0000, 0x0841, 0x62CA, 0x9D13, 0xBF3C, 0x6E9B, 0x35BA, 0x1DFE, 0x161E, 0x1E7F, 0x3E5F, 0x553F, 0x3AD9, 0x1914, 0x18F4,   // 0x0F30 (3888) pixels
0x18F3, 0x18F3, 0x1913, 0x1113, 0x1113, 0x1913, 0x18F3, 0x18F3, 0x20D3, 0x2114, 0x20F4, 0x10F4, 0x21D8, 0x2ABB, 0x22FC, 0x339F,   // 0x0F40 (3904) pixels
0x235F, 0x2C1F, 0x44FE, 0x4D5A, 0x75B8, 0x5C10, 0x0861, 0x1000, 0x0000, 0x0021, 0x0000, 0x0000, 0x0000, 0x0000, 0x0000, 0x0000,   // 0x0F50 (3920) pixels
0x0000, 0x0000, 0x0000, 0x0000, 0x0000, 0x0000, 0x0000, 0x0000, 0x0000, 0x0000, 0x0000, 0x0000, 0x0000, 0x0000, 0x0000, 0x0000,   // 0x0F60 (3936) pixels
0x0000, 0x0000, 0x0000, 0x0000, 0x0000, 0x0000, 0x0000, 0x0000, 0x0000, 0x0000, 0x0000, 0x0000, 0x0000, 0x0000, 0x0000, 0x0000,   // 0x0F70 (3952) pixels
0x0000, 0x0000, 0x0000, 0x0000, 0x0000, 0x0000, 0x0000, 0x0000, 0x0000, 0x0000, 0x0000, 0x0000, 0x0000, 0x0000, 0x0000, 0x0000,   // 0x0F80 (3968) pixels
0x0000, 0x0000, 0x0000, 0x0000, 0x0000, 0x0000, 0x0000, 0x0000, 0x0000, 0x0000, 0x0000, 0x0000, 0x0000, 0x0000, 0x0000, 0x0000,   // 0x0F90 (3984) pixels
0x0000, 0x0000, 0x0000, 0x0000, 0x0000, 0x0000, 0x0000, 0x0000, 0x0000, 0x0000, 0x0000, 0x0000, 0x0000, 0x0000, 0x0000, 0x0000,   // 0x0FA0 (4000) pixels
0x0000, 0x0000, 0x0000, 0x0000, 0x0000, 0x0000, 0x0000, 0x0000, 0x0000, 0x0000, 0x0000, 0x0000, 0x0000, 0x0000, 0x0000, 0x0000,   // 0x0FB0 (4016) pixels
0x0000, 0x0000, 0x0000, 0x0000, 0x0000, 0x0000, 0x0000, 0x0000, 0x0000, 0x0000, 0x0000, 0x0000, 0x0000, 0x0000, 0x0000, 0x0000,   // 0x0FC0 (4032) pixels
0x0000, 0x0000, 0x0000, 0x0000, 0x0000, 0x0000, 0x0000, 0x0000, 0x0000, 0x0000, 0x0000, 0x0000, 0x0000, 0x0000, 0x0000, 0x0000,   // 0x0FD0 (4048) pixels
0x0000, 0x0000, 0x0000, 0x0000, 0x0000, 0x0000, 0x0000, 0x0000, 0x0000, 0x0000, 0x0000, 0x0000, 0x0000, 0x0000, 0x0001, 0x0001,   // 0x0FE0 (4064) pixels
0x0001, 0x0000, 0x0081, 0x9DD7, 0xBFFF, 0x86FF, 0x4E3D, 0x361E, 0x1DDE, 0x2DDF, 0x44FF, 0x1A38, 0x0092, 0x18F4, 0x18F3, 0x18F3,   // 0x0FF0 (4080) pixels
0x1913, 0x1914, 0x1914, 0x1913, 0x18F3, 0x18F3, 0x10F3, 0x1914, 0x10D4, 0x08F5, 0x32BB, 0x3BBF, 0x2B9F, 0x1B7E, 0x23BD, 0x55BF,   // 0x1000 (4096) pixels
0x559D, 0x024D, 0x0105, 0x08E4, 0x0000, 0x0800, 0x0000, 0x0000, 0x0000, 0x0000, 0x0000, 0x0020, 0x0000, 0x0000, 0x0000, 0x0000,   // 0x1010 (4112) pixels
0x0000, 0x0000, 0x0000, 0x0000, 0x0000, 0x0000, 0x0000, 0x0000, 0x0000, 0x0000, 0x0000, 0x0000, 0x0000, 0x0000, 0x0000, 0x0000,   // 0x1020 (4128) pixels
0x0000, 0x0000, 0x0000, 0x0000, 0x0000, 0x0000, 0x0000, 0x0000, 0x0000, 0x0000, 0x0000, 0x0000, 0x0000, 0x0000, 0x0000, 0x0000,   // 0x1030 (4144) pixels
0x0000, 0x0000, 0x0000, 0x0000, 0x0000, 0x0000, 0x0000, 0x0000, 0x0000, 0x0000, 0x0000, 0x0000, 0x0000, 0x0000, 0x0000, 0x0000,   // 0x1040 (4160) pixels
0x0000, 0x0000, 0x0000, 0x0000, 0x0000, 0x0000, 0x0000, 0x0000, 0x0000, 0x0000, 0x0000, 0x0000, 0x0000, 0x0000, 0x0000, 0x0000,   // 0x1050 (4176) pixels
0x0000, 0x0000, 0x0000, 0x0000, 0x0000, 0x0000, 0x0000, 0x0000, 0x0000, 0x0000, 0x0000, 0x0000, 0x0000, 0x0000, 0x0000, 0x0000,   // 0x1060 (4192) pixels
0x0000, 0x0000, 0x0000, 0x0000, 0x0000, 0x0000, 0x0000, 0x0000, 0x0000, 0x0000, 0x0000, 0x0000, 0x0000, 0x0000, 0x0000, 0x0000,   // 0x1070 (4208) pixels
0x0000, 0x0000, 0x0000, 0x0000, 0x0000, 0x0000, 0x0000, 0x0000, 0x0000, 0x0000, 0x0000, 0x0000, 0x0000, 0x0000, 0x0000, 0x0000,   // 0x1080 (4224) pixels
0x0000, 0x0000, 0x0000, 0x0000, 0x0000, 0x0000, 0x0000, 0x0000, 0x0000, 0x0000, 0x0000, 0x0000, 0x0000, 0x0000, 0x0000, 0x0000,   // 0x1090 (4240) pixels
0x0000, 0x0000, 0x0000, 0x0000, 0x0000, 0x0000, 0x0000, 0x0000, 0x0000, 0x0000, 0x0000, 0x0000, 0x0000, 0x0020, 0x0021, 0x0000,   // 0x10A0 (4256) pixels
0x0840, 0xB5F7, 0xE7FF, 0xC7FF, 0xA77F, 0x669D, 0x2DBD, 0x257F, 0x2C7F, 0x09B7, 0x08B3, 0x2114, 0x20F3, 0x20F3, 0x18F3, 0x1913,   // 0x10B0 (4272) pixels
0x18F3, 0x18F3, 0x18D3, 0x18D3, 0x18F2, 0x18F3, 0x10B3, 0x10F4, 0x32BB, 0x3B9F, 0x2B9E, 0x2BBF, 0x2C1B, 0x5E1F, 0x765D, 0x1A6B,   // 0x10C0 (4288) pixels
0x0041, 0x0020, 0x0000, 0x0020, 0x0000, 0x0000, 0x0000, 0x0000, 0x0000, 0x0000, 0x0000, 0x0000, 0x0000, 0x0000, 0x0000, 0x0000,   // 0x10D0 (4304) pixels
0x0000, 0x0000, 0x0000, 0x0000, 0x0000, 0x0000, 0x0000, 0x0000, 0x0000, 0x0000, 0x0000, 0x0000, 0x0000, 0x0000, 0x0000, 0x0000,   // 0x10E0 (4320) pixels
0x0000, 0x0000, 0x0000, 0x0000, 0x0000, 0x0000, 0x0000, 0x0000, 0x0000, 0x0000, 0x0000, 0x0000, 0x0000, 0x0000, 0x0000, 0x0000,   // 0x10F0 (4336) pixels
0x0000, 0x0000, 0x0000, 0x0000, 0x0000, 0x0000, 0x0000, 0x0000, 0x0000, 0x0000, 0x0000, 0x0000, 0x0000, 0x0000, 0x0000, 0x0000,   // 0x1100 (4352) pixels
0x0000, 0x0000, 0x0000, 0x0000, 0x0000, 0x0000, 0x0000, 0x0000, 0x0000, 0x0000, 0x0000, 0x0000, 0x0000, 0x0000, 0x0000, 0x0000,   // 0x1110 (4368) pixels
0x0000, 0x0000, 0x0000, 0x0000, 0x0000, 0x0000, 0x0000, 0x0000, 0x0000, 0x0000, 0x0000, 0x0000, 0x0000, 0x0000, 0x0000, 0x0000,   // 0x1120 (4384) pixels
0x0000, 0x0000, 0x0000, 0x0000, 0x0000, 0x0000, 0x0000, 0x0000, 0x0000, 0x0000, 0x0000, 0x0000, 0x0000, 0x0000, 0x0000, 0x0000,   // 0x1130 (4400) pixels
0x0000, 0x0000, 0x0000, 0x0000, 0x0000, 0x0000, 0x0000, 0x0000, 0x0000, 0x0000, 0x0000, 0x0000, 0x0000, 0x0000, 0x0000, 0x0000,   // 0x1140 (4416) pixels
0x0000, 0x0000, 0x0000, 0x0000, 0x0000, 0x0000, 0x0000, 0x0000, 0x0000, 0x0000, 0x0000, 0x0000, 0x0000, 0x0000, 0x0000, 0x0000,   // 0x1150 (4432) pixels
0x0000, 0x0000, 0x0000, 0x0000, 0x0000, 0x0000, 0x0000, 0x0000, 0x0000, 0x0000, 0x0020, 0x0000, 0x0000, 0x0800, 0x1040, 0x4A68,   // 0x1160 (4448) pixels
0x4B2B, 0x8595, 0xD7FF, 0x7EDC, 0x2D7B, 0x255F, 0x2C5F, 0x0196, 0x08D3, 0x18D2, 0x20F3, 0x20F3, 0x1913, 0x1913, 0x18F3, 0x18F3,   // 0x1170 (4464) pixels
0x18D3, 0x18D2, 0x2112, 0x20D2, 0x20B3, 0x18F4, 0x327A, 0x331D, 0x337E, 0x4C5F, 0x65BE, 0x4539, 0x4493, 0x11A6, 0x0020, 0x0800,   // 0x1180 (4480) pixels
0x0020, 0x0020, 0x0000, 0x0000, 0x0000, 0x0000, 0x0000, 0x0000, 0x0000, 0x0000, 0x0000, 0x0000, 0x0000, 0x0000, 0x0000, 0x0000,   // 0x1190 (4496) pixels
0x0000, 0x0000, 0x0000, 0x0000, 0x0000, 0x0000, 0x0000, 0x0000, 0x0000, 0x0000, 0x0000, 0x0000, 0x0000, 0x0000, 0x0000, 0x0000,   // 0x11A0 (4512) pixels
0x0000, 0x0000, 0x0000, 0x0000, 0x0000, 0x0000, 0x0000, 0x0000, 0x0000, 0x0000, 0x0000, 0x0000, 0x0000, 0x0000, 0x0000, 0x0000,   // 0x11B0 (4528) pixels
0x0000, 0x0000, 0x0000, 0x0000, 0x0000, 0x0000, 0x0000, 0x0000, 0x0000, 0x0000, 0x0000, 0x0000, 0x0000, 0x0000, 0x0000, 0x0000,   // 0x11C0 (4544) pixels
0x0000, 0x0000, 0x0000, 0x0000, 0x0000, 0x0000, 0x0000, 0x0000, 0x0000, 0x0000, 0x0000, 0x0000, 0x0000, 0x0000, 0x0000, 0x0000,   // 0x11D0 (4560) pixels
0x0000, 0x0000, 0x0000, 0x0000, 0x0000, 0x0000, 0x0000, 0x0000, 0x0000, 0x0000, 0x0000, 0x0000, 0x0000, 0x0000, 0x0000, 0x0000,   // 0x11E0 (4576) pixels
0x0000, 0x0000, 0x0000, 0x0000, 0x0000, 0x0000, 0x0000, 0x0000, 0x0000, 0x0000, 0x0000, 0x0000, 0x0000, 0x0000, 0x0000, 0x0000,   // 0x11F0 (4592) pixels
0x0000, 0x0000, 0x0000, 0x0000, 0x0000, 0x0000, 0x0000, 0x0000, 0x0000, 0x0000, 0x0000, 0x0000, 0x0000, 0x0000, 0x0000, 0x0000,   // 0x1200 (4608) pixels
0x0000, 0x0000, 0x0000, 0x0000, 0x0000, 0x0000, 0x0000, 0x0000, 0x0000, 0x0000, 0x0000, 0x0000, 0x0000, 0x0000, 0x0000, 0x0000,   // 0x1210 (4624) pixels
0x0000, 0x0000, 0x0000, 0x0000, 0x0000, 0x0000, 0x0000, 0x0000, 0x0000, 0x0000, 0x0000, 0x0020, 0x0020, 0x0800, 0x0000, 0x740F,   // 0x1220 (4640) pixels
0xFFFF, 0x971F, 0x1D5C, 0x1D7F, 0x1CBD, 0x2BFB, 0x3B3B, 0x18B5, 0x18D3, 0x18F3, 0x18F3, 0x1913, 0x2113, 0x1913, 0x18F3, 0x18F3,   // 0x1230 (4656) pixels
0x18F2, 0x20F4, 0x18D5, 0x10D5, 0x323B, 0x3B5F, 0x33FD, 0x5DBF, 0x7E3C, 0x2188, 0x0821, 0x0040, 0x0040, 0x0020, 0x0000, 0x0021,   // 0x1240 (4672) pixels
0x20C4, 0x42CC, 0x226A, 0x2AAB, 0x326A, 0x3249, 0x1A4A, 0x0ACC, 0x1A6A, 0x29C7, 0x0800, 0x1000, 0x0800, 0x0041, 0x0000, 0x0000,   // 0x1250 (4688) pixels
0x0000, 0x0000, 0x0020, 0x0000, 0x0000, 0x0000, 0x0000, 0x0001, 0x0000, 0x0000, 0x0000, 0x0000, 0x0000, 0x0000, 0x0000, 0x0000,   // 0x1260 (4704) pixels
0x0000, 0x0000, 0x0000, 0x0000, 0x0000, 0x0000, 0x0000, 0x0000, 0x0000, 0x0000, 0x0000, 0x0000, 0x0000, 0x0000, 0x0000, 0x0000,   // 0x1270 (4720) pixels
0x0000, 0x0000, 0x0000, 0x0000, 0x0000, 0x0000, 0x0000, 0x0000, 0x0000, 0x0000, 0x0000, 0x0000, 0x0000, 0x0000, 0x0000, 0x0000,   // 0x1280 (4736) pixels
0x0000, 0x0000, 0x0000, 0x0000, 0x0000, 0x0000, 0x0000, 0x0000, 0x0000, 0x0000, 0x0000, 0x0000, 0x0000, 0x0000, 0x0000, 0x0000,   // 0x1290 (4752) pixels
0x0000, 0x0000, 0x0000, 0x0000, 0x0000, 0x0000, 0x0000, 0x0000, 0x0000, 0x0000, 0x0000, 0x0000, 0x0000, 0x0000, 0x0000, 0x0000,   // 0x12A0 (4768) pixels
0x0000, 0x0000, 0x0000, 0x0000, 0x0000, 0x0000, 0x0000, 0x0000, 0x0000, 0x0000, 0x0000, 0x0000, 0x0000, 0x0000, 0x0000, 0x0000,   // 0x12B0 (4784) pixels
0x0000, 0x0000, 0x0000, 0x0000, 0x0000, 0x0000, 0x0000, 0x0000, 0x0000, 0x0000, 0x0000, 0x0000, 0x0000, 0x0000, 0x0000, 0x0000,   // 0x12C0 (4800) pixels
0x0000, 0x0000, 0x0000, 0x0000, 0x0000, 0x0000, 0x0000, 0x0000, 0x0000, 0x0000, 0x0000, 0x0000, 0x0000, 0x0000, 0x0000, 0x0000,   // 0x12D0 (4816) pixels
0x0000, 0x0000, 0x0000, 0x0000, 0x0000, 0x0000, 0x0000, 0x0000, 0x0000, 0x0000, 0x0020, 0x0800, 0x0000, 0x7450, 0xF7FF, 0x86DE,   // 0x12E0 (4832) pixels
0x1D7D, 0x1D7F, 0x2D3F, 0x4D3F, 0x4BFD, 0x2157, 0x18F4, 0x18F3, 0x18F3, 0x18F2, 0x18F2, 0x18F3, 0x18F3, 0x18F3, 0x18F2, 0x18D3,   // 0x12F0 (4848) pixels
0x2115, 0x2157, 0x327C, 0x3B3F, 0x33DD, 0x5DDF, 0x667B, 0x1187, 0x0000, 0x0000, 0x0000, 0x1000, 0x0800, 0x0000, 0x3AAC, 0xA6FE,   // 0x1300 (4864) pixels
0x8F3F, 0x873F, 0x86FF, 0x7EDF, 0x6EFF, 0x56FF, 0x775E, 0x5D35, 0x00C4, 0x0801, 0x0801, 0x0001, 0x0000, 0x1041, 0x0000, 0x0000,   // 0x1310 (4880) pixels
0x0000, 0x0000, 0x0000, 0x0000, 0x0000, 0x0000, 0x0000, 0x0000, 0x0000, 0x0000, 0x0000, 0x0000, 0x0000, 0x0000, 0x0000, 0x0000,   // 0x1320 (4896) pixels
0x0000, 0x0000, 0x0000, 0x0000, 0x0000, 0x0000, 0x0000, 0x0000, 0x0000, 0x0000, 0x0000, 0x0000, 0x0000, 0x0000, 0x0000, 0x0000,   // 0x1330 (4912) pixels
0x0000, 0x0000, 0x0000, 0x0000, 0x0000, 0x0000, 0x0000, 0x0000, 0x0000, 0x0000, 0x0000, 0x0000, 0x0000, 0x0000, 0x0000, 0x0000,   // 0x1340 (4928) pixels
0x0000, 0x0000, 0x0000, 0x0000, 0x0000, 0x0000, 0x0000, 0x0000, 0x0000, 0x0000, 0x0000, 0x0000, 0x0000, 0x0000, 0x0000, 0x0000,   // 0x1350 (4944) pixels
0x0000, 0x0000, 0x0000, 0x0000, 0x0000, 0x0000, 0x0000, 0x0000, 0x0000, 0x0000, 0x0000, 0x0000, 0x0000, 0x0000, 0x0000, 0x0000,   // 0x1360 (4960) pixels
0x0000, 0x0000, 0x0000, 0x0000, 0x0000, 0x0000, 0x0000, 0x0000, 0x0000, 0x0000, 0x0000, 0x0000, 0x0000, 0x0000, 0x0000, 0x0000,   // 0x1370 (4976) pixels
0x0000, 0x0000, 0x0000, 0x0000, 0x0000, 0x0000, 0x0000, 0x0000, 0x0000, 0x0000, 0x0000, 0x0000, 0x0000, 0x0000, 0x0000, 0x0000,   // 0x1380 (4992) pixels
0x0000, 0x0000, 0x0000, 0x0000, 0x0000, 0x0000, 0x0000, 0x0000, 0x0000, 0x0000, 0x0000, 0x0000, 0x0000, 0x0000, 0x0000, 0x0000,   // 0x1390 (5008) pixels
0x0000, 0x0000, 0x0000, 0x0000, 0x0000, 0x0000, 0x0000, 0x0000, 0x0000, 0x0000, 0x0020, 0x7C91, 0xE7FF, 0x7EFE, 0x25BE, 0x153F,   // 0x13A0 (5024) pixels
0x2D1F, 0x4D5F, 0x339B, 0x00B3, 0x18F3, 0x18F3, 0x18F3, 0x18F2, 0x18F2, 0x18F2, 0x18F3, 0x18F3, 0x18F2, 0x10D3, 0x29B8, 0x429C,   // 0x13B0 (5040) pixels
0x433F, 0x335F, 0x2BFD, 0x5DDF, 0x5E5A, 0x19A7, 0x0800, 0x1061, 0x0800, 0x0800, 0x0000, 0x0040, 0x2B70, 0x7EDF, 0x3DDE, 0x25BF,   // 0x13C0 (5056) pixels
0x2DFF, 0x2D9F, 0x2DFF, 0x25FF, 0x3E9F, 0x459B, 0x0A2D, 0x094A, 0x19AB, 0x21EA, 0x1946, 0x0000, 0x0820, 0x0820, 0x0000, 0x0000,   // 0x13D0 (5072) pixels
0x0000, 0x0000, 0x0000, 0x0000, 0x0000, 0x0000, 0x0000, 0x0000, 0x0000, 0x0000, 0x0000, 0x0000, 0x0000, 0x0000, 0x0000, 0x0000,   // 0x13E0 (5088) pixels
0x0000, 0x0000, 0x0000, 0x0000, 0x0000, 0x0000, 0x0000, 0x0000, 0x0000, 0x0000, 0x0000, 0x0000, 0x0000, 0x0000, 0x0000, 0x0000,   // 0x13F0 (5104) pixels
0x0000, 0x0000, 0x0000, 0x0000, 0x0000, 0x0000, 0x0000, 0x0000, 0x0000, 0x0000, 0x0000, 0x0000, 0x0000, 0x0000, 0x0000, 0x0000,   // 0x1400 (5120) pixels
0x0000, 0x0000, 0x0000, 0x0000, 0x0000, 0x0000, 0x0000, 0x0000, 0x0000, 0x0000, 0x0000, 0x0000, 0x0000, 0x0000, 0x0000, 0x0000,   // 0x1410 (5136) pixels
0x0000, 0x0000, 0x0000, 0x0000, 0x0000, 0x0000, 0x0000, 0x0000, 0x0000, 0x0000, 0x0000, 0x0000, 0x0000, 0x0000, 0x0000, 0x0000,   // 0x1420 (5152) pixels
0x0000, 0x0000, 0x0000, 0x0000, 0x0000, 0x0000, 0x0000, 0x0000, 0x0000, 0x0000, 0x0000, 0x0000, 0x0000, 0x0000, 0x0000, 0x0000,   // 0x1430 (5168) pixels
0x0000, 0x0000, 0x0000, 0x0000, 0x0000, 0x0000, 0x0000, 0x0000, 0x0000, 0x0000, 0x0000, 0x0000, 0x0000, 0x0000, 0x0000, 0x0000,   // 0x1440 (5184) pixels
0x0000, 0x0000, 0x0000, 0x0000, 0x0000, 0x0000, 0x0000, 0x0000, 0x0000, 0x0000, 0x0000, 0x0000, 0x0000, 0x0000, 0x0000, 0x0000,   // 0x1450 (5200) pixels
0x0000, 0x0000, 0x0000, 0x0000, 0x0000, 0x0000, 0x0000, 0x0800, 0x0020, 0x6C4F, 0xC7FF, 0x6EFF, 0x1DBE, 0x151F, 0x24FF, 0x353F,   // 0x1460 (5216) pixels
0x33FC, 0x0113, 0x18D3, 0x18D3, 0x18F2, 0x18F2, 0x18F2, 0x18F2, 0x18F2, 0x18F3, 0x1912, 0x10D3, 0x3A3A, 0x4B5E, 0x4B9F, 0x339F,   // 0x1470 (5232) pixels
0x2BFD, 0x55BF, 0x6598, 0x2126, 0x0800, 0x00A3, 0x0062, 0x0125, 0x234D, 0x3CD3, 0x76BC, 0x6F3F, 0x0CDC, 0x04BE, 0x151F, 0x147E,   // 0x1480 (5248) pixels
0x1C9E, 0x249E, 0x1CBD, 0x3D7F, 0x3CFC, 0x455D, 0x3D5B, 0x559A, 0x4C33, 0x0063, 0x0800, 0x0000, 0x0000, 0x0000, 0x0000, 0x0000,   // 0x1490 (5264) pixels
0x0000, 0x0000, 0x0000, 0x0000, 0x0000, 0x0000, 0x0000, 0x0000, 0x0000, 0x0000, 0x0000, 0x0000, 0x0000, 0x0000, 0x0000, 0x0000,   // 0x14A0 (5280) pixels
0x0000, 0x0000, 0x0000, 0x0000, 0x0000, 0x0000, 0x0000, 0x0000, 0x0000, 0x0000, 0x0000, 0x0000, 0x0000, 0x0000, 0x0000, 0x0000,   // 0x14B0 (5296) pixels
0x0000, 0x0000, 0x0000, 0x0000, 0x0000, 0x0000, 0x0000, 0x0000, 0x0000, 0x0000, 0x0000, 0x0000, 0x0000, 0x0000, 0x0000, 0x0000,   // 0x14C0 (5312) pixels
0x0000, 0x0000, 0x0000, 0x0000, 0x0000, 0x0000, 0x0000, 0x0000, 0x0000, 0x0000, 0x0000, 0x0000, 0x0000, 0x0000, 0x0000, 0x0000,   // 0x14D0 (5328) pixels
0x0000, 0x0000, 0x0000, 0x0000, 0x0000, 0x0000, 0x0000, 0x0000, 0x0000, 0x0000, 0x0000, 0x0000, 0x0000, 0x0000, 0x0000, 0x0000,   // 0x14E0 (5344) pixels
0x0000, 0x0000, 0x0000, 0x0000, 0x0000, 0x0000, 0x0000, 0x0000, 0x0000, 0x0000, 0x0000, 0x0000, 0x0000, 0x0000, 0x0000, 0x0000,   // 0x14F0 (5360) pixels
0x0000, 0x0000, 0x0000, 0x0000, 0x0000, 0x0000, 0x0000, 0x0000, 0x0000, 0x0000, 0x0000, 0x0000, 0x0000, 0x0000, 0x0000, 0x0000,   // 0x1500 (5376) pixels
0x0000, 0x0000, 0x0000, 0x0000, 0x0000, 0x0000, 0x0000, 0x0000, 0x0000, 0x0000, 0x0000, 0x0000, 0x0000, 0x0000, 0x0000, 0x0000,   // 0x1510 (5392) pixels
0x0000, 0x0000, 0x0000, 0x0000, 0x0820, 0x0800, 0x0000, 0x53CD, 0xA7FF, 0x5EDE, 0x1D5E, 0x1D1F, 0x1CBF, 0x24DE, 0x3CDF, 0x1A78,   // 0x1520 (5408) pixels
0x10B2, 0x18D2, 0x18F2, 0x18F2, 0x18F2, 0x18F2, 0x18F2, 0x18F3, 0x1912, 0x10D3, 0x323A, 0x4B3E, 0x3B5F, 0x337F, 0x2C1E, 0x557F,   // 0x1530 (5424) pixels
0x124B, 0x0002, 0x2166, 0x5D76, 0x55F9, 0x4DF9, 0x5EDD, 0x5F3F, 0x673E, 0x467F, 0x0D1D, 0x0D1F, 0x14FF, 0x1CBF, 0x24BF, 0x2C9E,   // 0x1540 (5440) pixels
0x151F, 0x253F, 0x1D1F, 0x259F, 0x153E, 0x35BE, 0x551A, 0x09CB, 0x0000, 0x0000, 0x0000, 0x0821, 0x0020, 0x0000, 0x0040, 0x0000,   // 0x1550 (5456) pixels
0x0000, 0x0000, 0x0000, 0x0000, 0x0000, 0x0000, 0x0000, 0x0000, 0x0000, 0x0000, 0x0000, 0x0000, 0x0000, 0x0000, 0x0000, 0x0000,   // 0x1560 (5472) pixels
0x0000, 0x0000, 0x0000, 0x0000, 0x0000, 0x0000, 0x0000, 0x0000, 0x0000, 0x0000, 0x0000, 0x0000, 0x0000, 0x0000, 0x0000, 0x0000,   // 0x1570 (5488) pixels
0x0000, 0x0000, 0x0000, 0x0000, 0x0000, 0x0000, 0x0000, 0x0000, 0x0000, 0x0000, 0x0000, 0x0000, 0x0000, 0x0000, 0x0000, 0x0000,   // 0x1580 (5504) pixels
0x0000, 0x0000, 0x0000, 0x0000, 0x0000, 0x0000, 0x0000, 0x0000, 0x0000, 0x0000, 0x0000, 0x0000, 0x0000, 0x0000, 0x0000, 0x0000,   // 0x1590 (5520) pixels
0x0000, 0x0000, 0x0000, 0x0000, 0x0000, 0x0000, 0x0000, 0x0000, 0x0000, 0x0000, 0x0000, 0x0000, 0x0000, 0x0000, 0x0000, 0x0000,   // 0x15A0 (5536) pixels
0x0000, 0x0000, 0x0000, 0x0000, 0x0000, 0x0000, 0x0000, 0x0000, 0x0000, 0x0000, 0x0000, 0x0000, 0x0000, 0x0000, 0x0000, 0x0000,   // 0x15B0 (5552) pixels
0x0000, 0x0000, 0x0000, 0x0000, 0x0000, 0x0000, 0x0000, 0x0000, 0x0000, 0x0000, 0x0000, 0x0000, 0x0000, 0x0000, 0x0000, 0x0000,   // 0x15C0 (5568) pixels
0x0000, 0x0000, 0x0000, 0x0000, 0x0000, 0x0000, 0x0000, 0x0000, 0x0000, 0x0000, 0x0000, 0x0000, 0x0000, 0x0000, 0x0000, 0x0000,   // 0x15D0 (5584) pixels
0x0000, 0x0000, 0x0800, 0x0800, 0x0020, 0x4B8C, 0x8FDF, 0x56FF, 0x1D5D, 0x251F, 0x147E, 0x0C3C, 0x3D1F, 0x2B7B, 0x10B2, 0x18D2,   // 0x15E0 (5600) pixels
0x18F2, 0x1912, 0x1912, 0x1912, 0x18F2, 0x18F2, 0x18F2, 0x10F4, 0x3A7B, 0x4B3E, 0x3B5F, 0x339F, 0x341E, 0x4D3E, 0x1A6B, 0x0022,   // 0x15F0 (5616) pixels
0x1A08, 0x6EFC, 0x5F7F, 0x571F, 0x4EFF, 0x46BF, 0x369D, 0x365E, 0x2E1F, 0x363F, 0x2DDF, 0x35DF, 0x35DF, 0x35BF, 0x161E, 0x25DF,   // 0x1600 (5632) pixels
0x1D1E, 0x1CFF, 0x14FF, 0x2D3F, 0x3CDC, 0x1AB1, 0x0023, 0x0084, 0x0001, 0x0000, 0x0000, 0x0000, 0x0020, 0x0000, 0x0000, 0x0000,   // 0x1610 (5648) pixels
0x0000, 0x0000, 0x0000, 0x0000, 0x0000, 0x0000, 0x0000, 0x0000, 0x0000, 0x0000, 0x0000, 0x0000, 0x0000, 0x0000, 0x0000, 0x0000,   // 0x1620 (5664) pixels
0x0000, 0x0000, 0x0000, 0x0000, 0x0000, 0x0000, 0x0000, 0x0000, 0x0000, 0x0000, 0x0000, 0x0000, 0x0000, 0x0000, 0x0000, 0x0000,   // 0x1630 (5680) pixels
0x0000, 0x0000, 0x0000, 0x0000, 0x0000, 0x0000, 0x0000, 0x0000, 0x0000, 0x0000, 0x0000, 0x0000, 0x0000, 0x0000, 0x0000, 0x0000,   // 0x1640 (5696) pixels
0x0000, 0x0000, 0x0000, 0x0000, 0x0000, 0x0000, 0x0000, 0x0000, 0x0000, 0x0000, 0x0000, 0x0000, 0x0000, 0x0000, 0x0000, 0x0000,   // 0x1650 (5712) pixels
0x0000, 0x0000, 0x0000, 0x0000, 0x0000, 0x0000, 0x0000, 0x0000, 0x0000, 0x0000, 0x0000, 0x0000, 0x0000, 0x0000, 0x0000, 0x0000,   // 0x1660 (5728) pixels
0x0000, 0x0000, 0x0000, 0x0000, 0x0000, 0x0000, 0x0000, 0x0000, 0x0000, 0x0000, 0x0000, 0x0000, 0x0000, 0x0000, 0x0000, 0x0000,   // 0x1670 (5744) pixels
0x0000, 0x0000, 0x0000, 0x0000, 0x0000, 0x0000, 0x0000, 0x0000, 0x0000, 0x0000, 0x0000, 0x0000, 0x0000, 0x0000, 0x0000, 0x0000,   // 0x1680 (5760) pixels
0x0000, 0x0000, 0x0000, 0x0000, 0x0000, 0x0000, 0x0000, 0x0000, 0x0000, 0x0000, 0x0000, 0x0000, 0x0000, 0x0000, 0x0000, 0x0000,   // 0x1690 (5776) pixels
0x0000, 0x0800, 0x0020, 0x43AC, 0x87FF, 0x56FF, 0x257F, 0x24DF, 0x1C9F, 0x0C7D, 0x3D3F, 0x445E, 0x18D3, 0x18F2, 0x18F2, 0x18F2,   // 0x16A0 (5792) pixels
0x1912, 0x18F2, 0x18F2, 0x18F2, 0x18D2, 0x1914, 0x42BC, 0x4B7F, 0x3B7F, 0x339F, 0x341E, 0x4D3E, 0x1A8B, 0x0001, 0x11C8, 0x6EDC,   // 0x16B0 (5808) pixels
0x571F, 0x56DF, 0x469F, 0x467F, 0x3EDF, 0x4EDF, 0x3D9C, 0x4539, 0x4D59, 0x4D58, 0x4D79, 0x4D5A, 0x45D9, 0x45BB, 0x3D1C, 0x24DE,   // 0x16C0 (5824) pixels
0x14DF, 0x251F, 0x3D3E, 0x3C79, 0x43B3, 0x5C14, 0x21EA, 0x0021, 0x0000, 0x0000, 0x0000, 0x0000, 0x0000, 0x0000, 0x0000, 0x0000,   // 0x16D0 (5840) pixels
0x0000, 0x0000, 0x0000, 0x0000, 0x0000, 0x0000, 0x0000, 0x0000, 0x0000, 0x0000, 0x0000, 0x0000, 0x0000, 0x0000, 0x0000, 0x0000,   // 0x16E0 (5856) pixels
0x0000, 0x0000, 0x0000, 0x0000, 0x0000, 0x0000, 0x0000, 0x0000, 0x0000, 0x0000, 0x0000, 0x0000, 0x0000, 0x0000, 0x0000, 0x0000,   // 0x16F0 (5872) pixels
0x0000, 0x0000, 0x0000, 0x0000, 0x0000, 0x0000, 0x0000, 0x0000, 0x0000, 0x0000, 0x0000, 0x0000, 0x0000, 0x0000, 0x0000, 0x0000,   // 0x1700 (5888) pixels
0x0000, 0x0000, 0x0000, 0x0000, 0x0000, 0x0000, 0x0000, 0x0000, 0x0000, 0x0000, 0x0000, 0x0000, 0x0000, 0x0000, 0x0000, 0x0000,   // 0x1710 (5904) pixels
0x0000, 0x0000, 0x0000, 0x0000, 0x0000, 0x0000, 0x0000, 0x0000, 0x0000, 0x0000, 0x0000, 0x0000, 0x0000, 0x0000, 0x0000, 0x0000,   // 0x1720 (5920) pixels
0x0000, 0x0000, 0x0000, 0x0000, 0x0000, 0x0000, 0x0000, 0x0000, 0x0000, 0x0000, 0x0000, 0x0000, 0x0000, 0x0000, 0x0000, 0x0000,   // 0x1730 (5936) pixels
0x0000, 0x0000, 0x0000, 0x0000, 0x0000, 0x0000, 0x0000, 0x0000, 0x0000, 0x0000, 0x0000, 0x0000, 0x0000, 0x0000, 0x0000, 0x0000,   // 0x1740 (5952) pixels
0x0000, 0x0000, 0x0000, 0x0000, 0x0000, 0x0000, 0x0000, 0x0000, 0x0000, 0x0000, 0x0000, 0x0000, 0x0000, 0x0000, 0x0000, 0x0000,   // 0x1750 (5968) pixels
0x0020, 0x4BCD, 0x87FF, 0x4F1F, 0x2D9F, 0x249F, 0x24BF, 0x14BE, 0x2CDE, 0x4C9F, 0x1913, 0x18F3, 0x18F2, 0x18F2, 0x18F2, 0x18F2,   // 0x1760 (5984) pixels
0x18F2, 0x18D2, 0x18B2, 0x2114, 0x4ABC, 0x4B5F, 0x3B3F, 0x337F, 0x33FE, 0x553F, 0x2A6B, 0x0001, 0x29E8, 0x7EDC, 0x5EDE, 0x569E,   // 0x1770 (6000) pixels
0x4E9F, 0x4EFF, 0x4F3F, 0x5E7D, 0x0A8E, 0x00A4, 0x00E4, 0x00A2, 0x00C4, 0x00C6, 0x00E5, 0x0969, 0x2333, 0x351D, 0x155F, 0x0D3F,   // 0x1780 (6016) pixels
0x2D7E, 0x55BD, 0x763E, 0x969E, 0x3B0F, 0x0021, 0x0000, 0x0800, 0x0000, 0x0000, 0x0000, 0x0000, 0x0000, 0x0000, 0x0000, 0x0000,   // 0x1790 (6032) pixels
0x0000, 0x0000, 0x0000, 0x0000, 0x0000, 0x0000, 0x0000, 0x0000, 0x0000, 0x0000, 0x0000, 0x0000, 0x0000, 0x0000, 0x0000, 0x0000,   // 0x17A0 (6048) pixels
0x0000, 0x0000, 0x0000, 0x0000, 0x0000, 0x0000, 0x0000, 0x0000, 0x0000, 0x0000, 0x0000, 0x0000, 0x0000, 0x0000, 0x0000, 0x0000,   // 0x17B0 (6064) pixels
0x0000, 0x0000, 0x0000, 0x0000, 0x0000, 0x0000, 0x0000, 0x0000, 0x0000, 0x0000, 0x0000, 0x0000, 0x0000, 0x0000, 0x0000, 0x0000,   // 0x17C0 (6080) pixels
0x0000, 0x0000, 0x0000, 0x0000, 0x0000, 0x0000, 0x0000, 0x0000, 0x0000, 0x0000, 0x0000, 0x0000, 0x0000, 0x0000, 0x0000, 0x0000,   // 0x17D0 (6096) pixels
0x0000, 0x0000, 0x0000, 0x0000, 0x0000, 0x0000, 0x0000, 0x0000, 0x0000, 0x0000, 0x0000, 0x0000, 0x0000, 0x0000, 0x0000, 0x0000,   // 0x17E0 (6112) pixels
0x0000, 0x0000, 0x0000, 0x0000, 0x0000, 0x0000, 0x0000, 0x0000, 0x0000, 0x0000, 0x0000, 0x0000, 0x0000, 0x0000, 0x0000, 0x0000,   // 0x17F0 (6128) pixels
0x0000, 0x0000, 0x0000, 0x0000, 0x0000, 0x0000, 0x0000, 0x0000, 0x0000, 0x0000, 0x0000, 0x0000, 0x0000, 0x0000, 0x0000, 0x0000,   // 0x1800 (6144) pixels
0x0000, 0x0000, 0x0000, 0x0000, 0x0000, 0x0000, 0x0000, 0x0000, 0x0000, 0x0000, 0x0000, 0x0000, 0x0000, 0x0800, 0x0000, 0x43EF,   // 0x1810 (6160) pixels
0x77FF, 0x4EBF, 0x2D9E, 0x1D3F, 0x1CFF, 0x34FF, 0x1B5A, 0x1237, 0x18F3, 0x18F2, 0x18F2, 0x18F2, 0x18F2, 0x18F2, 0x18F2, 0x18F3,   // 0x1820 (6176) pixels
0x18F2, 0x1115, 0x3A9D, 0x537F, 0x433F, 0x4B9F, 0x3BFF, 0x4D3F, 0x326D, 0x0040, 0x0A67, 0x6EDD, 0x4EDE, 0x4F1F, 0x3EFF, 0x2EFF,   // 0x1830 (6192) pixels
0x671D, 0x7EFC, 0x09E8, 0x0000, 0x0800, 0x0800, 0x0000, 0x0020, 0x0020, 0x0000, 0x2A6B, 0x667D, 0x2E3E, 0x2DDF, 0x357E, 0x35BF,   // 0x1840 (6208) pixels
0x25BF, 0x663F, 0x3ACF, 0x0000, 0x1000, 0x1020, 0x0000, 0x0000, 0x0000, 0x0000, 0x0000, 0x0000, 0x0000, 0x0000, 0x0000, 0x0000,   // 0x1850 (6224) pixels
0x0000, 0x0000, 0x0000, 0x0000, 0x0000, 0x0000, 0x0000, 0x0000, 0x0000, 0x0000, 0x0000, 0x0000, 0x0000, 0x0000, 0x0000, 0x0000,   // 0x1860 (6240) pixels
0x0000, 0x0000, 0x0000, 0x0000, 0x0000, 0x0000, 0x0000, 0x0000, 0x0000, 0x0000, 0x0000, 0x0000, 0x0000, 0x0000, 0x0000, 0x0000,   // 0x1870 (6256) pixels
0x0000, 0x0000, 0x0000, 0x0000, 0x0000, 0x0000, 0x0000, 0x0000, 0x0000, 0x0000, 0x0000, 0x0000, 0x0000, 0x0000, 0x0000, 0x0000,   // 0x1880 (6272) pixels
0x0000, 0x0000, 0x0000, 0x0000, 0x0000, 0x0000, 0x0000, 0x0000, 0x0000, 0x0000, 0x0000, 0x0000, 0x0000, 0x0000, 0x0000, 0x0000,   // 0x1890 (6288) pixels
0x0000, 0x0000, 0x0000, 0x0000, 0x0000, 0x0000, 0x0000, 0x0000, 0x0000, 0x0000, 0x0000, 0x0000, 0x0000, 0x0000, 0x0000, 0x0000,   // 0x18A0 (6304) pixels
0x0000, 0x0000, 0x0000, 0x0000, 0x0000, 0x0000, 0x0000, 0x0000, 0x0000, 0x0000, 0x0000, 0x0000, 0x0000, 0x0000, 0x0000, 0x0000,   // 0x18B0 (6320) pixels
0x0000, 0x0000, 0x0000, 0x0000, 0x0000, 0x0000, 0x0000, 0x0000, 0x0000, 0x0000, 0x0000, 0x0000, 0x0000, 0x0000, 0x0000, 0x0000,   // 0x18C0 (6336) pixels
0x0000, 0x0000, 0x0000, 0x0000, 0x0000, 0x0000, 0x0000, 0x0000, 0x0000, 0x0000, 0x0000, 0x0800, 0x0000, 0x43EF, 0x77FF, 0x4EDF,   // 0x18D0 (6352) pixels
0x2D9E, 0x1D1F, 0x2D1F, 0x2C5E, 0x09D5, 0x08F3, 0x18F3, 0x18F2, 0x18F2, 0x18F2, 0x18F2, 0x18F2, 0x18F2, 0x18F3, 0x18F1, 0x1114,   // 0x18E0 (6368) pixels
0x3ADC, 0x435F, 0x3B3F, 0x3B7F, 0x33DE, 0x453F, 0x322D, 0x0020, 0x1228, 0x6EDD, 0x4F1F, 0x5F1F, 0x5EBF, 0x463C, 0x3411, 0x43F0,   // 0x18F0 (6384) pixels
0x0104, 0x0020, 0x1000, 0x0800, 0x0000, 0x0020, 0x0020, 0x0000, 0x326A, 0x763A, 0x565D, 0x56BF, 0x461F, 0x251E, 0x0CFD, 0x55BF,   // 0x1900 (6400) pixels
0x2AB0, 0x0002, 0x0020, 0x0820, 0x0020, 0x0000, 0x0000, 0x0000, 0x0000, 0x0000, 0x0000, 0x0000, 0x0000, 0x0000, 0x0000, 0x0000,   // 0x1910 (6416) pixels
0x0000, 0x0000, 0x0000, 0x0000, 0x0000, 0x0000, 0x0000, 0x0000, 0x0000, 0x0000, 0x0000, 0x0000, 0x0000, 0x0000, 0x0000, 0x0000,   // 0x1920 (6432) pixels
0x0000, 0x0000, 0x0000, 0x0000, 0x0000, 0x0000, 0x0000, 0x0000, 0x0000, 0x0000, 0x0000, 0x0000, 0x0000, 0x0000, 0x0000, 0x0000,   // 0x1930 (6448) pixels
0x0000, 0x0000, 0x0000, 0x0000, 0x0000, 0x0000, 0x0000, 0x0000, 0x0000, 0x0000, 0x0000, 0x0000, 0x0000, 0x0000, 0x0000, 0x0000,   // 0x1940 (6464) pixels
0x0000, 0x0000, 0x0000, 0x0000, 0x0000, 0x0000, 0x0000, 0x0000, 0x0000, 0x0000, 0x0000, 0x0000, 0x0000, 0x0000, 0x0000, 0x0000,   // 0x1950 (6480) pixels
0x0000, 0x0000, 0x0000, 0x0000, 0x0000, 0x0000, 0x0000, 0x0000, 0x0000, 0x0000, 0x0000, 0x0000, 0x0000, 0x0000, 0x0000, 0x0000,   // 0x1960 (6496) pixels
0x0000, 0x0000, 0x0000, 0x0000, 0x0000, 0x0000, 0x0000, 0x0000, 0x0000, 0x0000, 0x0000, 0x0000, 0x0000, 0x0000, 0x0000, 0x0000,   // 0x1970 (6512) pixels
0x0000, 0x0000, 0x0000, 0x0000, 0x0000, 0x0000, 0x0000, 0x0000, 0x0000, 0x0000, 0x0000, 0x0000, 0x0000, 0x0000, 0x0000, 0x0000,   // 0x1980 (6528) pixels
0x0000, 0x0000, 0x0000, 0x0000, 0x0000, 0x0000, 0x0000, 0x0000, 0x0000, 0x0800, 0x0000, 0x3BEF, 0x77FF, 0x56DF, 0x2D9E, 0x251F,   // 0x1990 (6544) pixels
0x3D5F, 0x33FC, 0x08F3, 0x2093, 0x18F3, 0x1912, 0x18F2, 0x1912, 0x18F2, 0x18F2, 0x18F2, 0x18F3, 0x20D0, 0x1913, 0x42BC, 0x3B1E,   // 0x19A0 (6560) pixels
0x43BF, 0x43DF, 0x3BFE, 0x44FD, 0x322D, 0x0001, 0x19E9, 0x671F, 0x4F7F, 0x5E9E, 0x655A, 0x4C75, 0x00A4, 0x0083, 0x0000, 0x0000,   // 0x19B0 (6576) pixels
0x0800, 0x0800, 0x0000, 0x0021, 0x0000, 0x0000, 0x0904, 0x2249, 0x020A, 0x1C76, 0x35BF, 0x14DE, 0x0CDF, 0x34DE, 0x1272, 0x0149,   // 0x19C0 (6592) pixels
0x0925, 0x0000, 0x0000, 0x0021, 0x0000, 0x0000, 0x0000, 0x0000, 0x0000, 0x0000, 0x0000, 0x0000, 0x0000, 0x0000, 0x0000, 0x0000,   // 0x19D0 (6608) pixels
0x0000, 0x0000, 0x0000, 0x0000, 0x0000, 0x0000, 0x0000, 0x0000, 0x0000, 0x0000, 0x0000, 0x0000, 0x0000, 0x0000, 0x0000, 0x0000,   // 0x19E0 (6624) pixels
0x0000, 0x0000, 0x0000, 0x0000, 0x0000, 0x0000, 0x0000, 0x0000, 0x0000, 0x0000, 0x0000, 0x0000, 0x0000, 0x0000, 0x0000, 0x0000,   // 0x19F0 (6640) pixels
0x0000, 0x0000, 0x0000, 0x0000, 0x0000, 0x0000, 0x0000, 0x0000, 0x0000, 0x0000, 0x0000, 0x0000, 0x0000, 0x0000, 0x0000, 0x0000,   // 0x1A00 (6656) pixels
0x0000, 0x0000, 0x0000, 0x0000, 0x0000, 0x0000, 0x0000, 0x0000, 0x0000, 0x0000, 0x0000, 0x0000, 0x0000, 0x0000, 0x0000, 0x0000,   // 0x1A10 (6672) pixels
0x0000, 0x0000, 0x0000, 0x0000, 0x0000, 0x0000, 0x0000, 0x0000, 0x0000, 0x0000, 0x0000, 0x0000, 0x0000, 0x0000, 0x0000, 0x0000,   // 0x1A20 (6688) pixels
0x0000, 0x0000, 0x0000, 0x0000, 0x0000, 0x0000, 0x0000, 0x0000, 0x0000, 0x0000, 0x0000, 0x0000, 0x0000, 0x0000, 0x0000, 0x0000,   // 0x1A30 (6704) pixels
0x0000, 0x0000, 0x0000, 0x0000, 0x0000, 0x0000, 0x0000, 0x0000, 0x0000, 0x0000, 0x0000, 0x0000, 0x0000, 0x0000, 0x0000, 0x0000,   // 0x1A40 (6720) pixels
0x0000, 0x0000, 0x0000, 0x0000, 0x0000, 0x0000, 0x0000, 0x0800, 0x0000, 0x3BCF, 0x77FF, 0x4EDF, 0x2DBE, 0x1D3F, 0x355F, 0x33DC,   // 0x1A50 (6736) pixels
0x10F3, 0x2873, 0x18F3, 0x1912, 0x1912, 0x1912, 0x1912, 0x18F2, 0x18F2, 0x18F3, 0x28D1, 0x20D4, 0x1978, 0x1199, 0x3B1F, 0x439F,   // 0x1A60 (6752) pixels
0x441F, 0x44BE, 0x2A0D, 0x0001, 0x19E9, 0x673F, 0x3F5F, 0x2CB5, 0x098A, 0x0064, 0x0000, 0x0000, 0x0000, 0x0820, 0x0000, 0x0820,   // 0x1A70 (6768) pixels
0x0000, 0x0801, 0x0800, 0x0040, 0x0040, 0x0000, 0x0042, 0x2C13, 0x3DFE, 0x0CDE, 0x0C9F, 0x1C5E, 0x2BD9, 0x5D1A, 0x64B4, 0x08C3,   // 0x1A80 (6784) pixels
0x0000, 0x0000, 0x0000, 0x0000, 0x0000, 0x0000, 0x0000, 0x0000, 0x0000, 0x0000, 0x0000, 0x0000, 0x0000, 0x0000, 0x0000, 0x0000,   // 0x1A90 (6800) pixels
0x0000, 0x0000, 0x0000, 0x0000, 0x0000, 0x0000, 0x0000, 0x0000, 0x0000, 0x0000, 0x0000, 0x0000, 0x0000, 0x0000, 0x0000, 0x0000,   // 0x1AA0 (6816) pixels
0x0000, 0x0000, 0x0000, 0x0000, 0x0000, 0x0000, 0x0000, 0x0000, 0x0000, 0x0000, 0x0000, 0x0000, 0x0000, 0x0000, 0x0000, 0x0000,   // 0x1AB0 (6832) pixels
0x0000, 0x0000, 0x0000, 0x0000, 0x0000, 0x0000, 0x0000, 0x0000, 0x0000, 0x0000, 0x0000, 0x0000, 0x0000, 0x0000, 0x0000, 0x0000,   // 0x1AC0 (6848) pixels
0x0000, 0x0000, 0x0000, 0x0000, 0x0000, 0x0000, 0x0000, 0x0000, 0x0000, 0x0000, 0x0000, 0x0000, 0x0000, 0x0000, 0x0000, 0x0000,   // 0x1AD0 (6864) pixels
0x0000, 0x0000, 0x0000, 0x0000, 0x0000, 0x0000, 0x0000, 0x0000, 0x0000, 0x0000, 0x0000, 0x0000, 0x0000, 0x0000, 0x0000, 0x0000,   // 0x1AE0 (6880) pixels
0x0000, 0x0000, 0x0000, 0x0000, 0x0000, 0x0000, 0x0000, 0x0000, 0x0000, 0x0000, 0x0000, 0x0000, 0x0000, 0x0000, 0x0000, 0x0000,   // 0x1AF0 (6896) pixels
0x0000, 0x0000, 0x0000, 0x0000, 0x0000, 0x0000, 0x0000, 0x0000, 0x0000, 0x0000, 0x0000, 0x0000, 0x0000, 0x0000, 0x0000, 0x0000,   // 0x1B00 (6912) pixels
0x0000, 0x0000, 0x0000, 0x0000, 0x0000, 0x0800, 0x0000, 0x3BCE, 0x6FFF, 0x4EDE, 0x25DE, 0x153F, 0x253F, 0x343D, 0x21D6, 0x1831,   // 0x1B10 (6928) pixels
0x10F3, 0x10F2, 0x18F2, 0x1911, 0x18F1, 0x18F2, 0x18F2, 0x18F3, 0x20B2, 0x18F5, 0x08D6, 0x0137, 0x3B1E, 0x439F, 0x3C1F, 0x3CBF,   // 0x1B20 (6944) pixels
0x2A4F, 0x0001, 0x2209, 0x6F3E, 0x579F, 0x2C32, 0x0043, 0x0000, 0x0820, 0x0000, 0x0040, 0x0040, 0x0020, 0x0020, 0x0000, 0x0000,   // 0x1B30 (6960) pixels
0x0800, 0x0060, 0x0020, 0x1000, 0x1863, 0x43D1, 0x4E1D, 0x363F, 0x14BF, 0x1C1F, 0x241C, 0x55BE, 0x5D37, 0x00A3, 0x0000, 0x0000,   // 0x1B40 (6976) pixels
0x0000, 0x0000, 0x0000, 0x0000, 0x0000, 0x0000, 0x0000, 0x0000, 0x0000, 0x0000, 0x0000, 0x0000, 0x0000, 0x0000, 0x0000, 0x0000,   // 0x1B50 (6992) pixels
0x0000, 0x0000, 0x0000, 0x0000, 0x0000, 0x0000, 0x0000, 0x0000, 0x0000, 0x0000, 0x0000, 0x0000, 0x0000, 0x0000, 0x0000, 0x0000,   // 0x1B60 (7008) pixels
0x0000, 0x0000, 0x0000, 0x0000, 0x0000, 0x0000, 0x0000, 0x0000, 0x0000, 0x0000, 0x0000, 0x0000, 0x0000, 0x0000, 0x0000, 0x0000,   // 0x1B70 (7024) pixels
0x0000, 0x0000, 0x0000, 0x0000, 0x0000, 0x0000, 0x0000, 0x0000, 0x0000, 0x0000, 0x0000, 0x0000, 0x0000, 0x0000, 0x0000, 0x0000,   // 0x1B80 (7040) pixels
0x0000, 0x0000, 0x0000, 0x0000, 0x0000, 0x0000, 0x0000, 0x0000, 0x0000, 0x0000, 0x0000, 0x0000, 0x0000, 0x0000, 0x0000, 0x0000,   // 0x1B90 (7056) pixels
0x0000, 0x0000, 0x0000, 0x0000, 0x0000, 0x0000, 0x0000, 0x0000, 0x0000, 0x0000, 0x0000, 0x0000, 0x0000, 0x0000, 0x0000, 0x0000,   // 0x1BA0 (7072) pixels
0x0000, 0x0000, 0x0000, 0x0000, 0x0000, 0x0000, 0x0000, 0x0000, 0x0000, 0x0000, 0x0000, 0x0000, 0x0000, 0x0000, 0x0000, 0x0000,   // 0x1BB0 (7088) pixels
0x0000, 0x0000, 0x0000, 0x0000, 0x0000, 0x0000, 0x0000, 0x0000, 0x0000, 0x0000, 0x0000, 0x0000, 0x0000, 0x0000, 0x0000, 0x0000,   // 0x1BC0 (7104) pixels
0x0000, 0x0000, 0x0000, 0x0800, 0x0000, 0x3BCE, 0x6FFF, 0x4EFE, 0x25DE, 0x155F, 0x257F, 0x44DF, 0x431A, 0x28F4, 0x10F3, 0x10F2,   // 0x1BD0 (7120) pixels
0x1112, 0x1911, 0x1911, 0x18F2, 0x18F2, 0x18F3, 0x10D3, 0x08F4, 0x00D4, 0x19B6, 0x4B3C, 0x437E, 0x33DF, 0x3CDF, 0x222F, 0x0022,   // 0x1BE0 (7136) pixels
0x326A, 0x7EDC, 0x773D, 0x4410, 0x0022, 0x0000, 0x0000, 0x0000, 0x0020, 0x0020, 0x0020, 0x0020, 0x0000, 0x0000, 0x0000, 0x0020,   // 0x1BF0 (7152) pixels
0x0821, 0x1000, 0x1000, 0x0105, 0x1BD3, 0x3E7F, 0x1CDF, 0x1C1F, 0x1C3E, 0x3DBF, 0x4D38, 0x0083, 0x0801, 0x0000, 0x0000, 0x0000,   // 0x1C00 (7168) pixels
0x0000, 0x0000, 0x0000, 0x0000, 0x0000, 0x0000, 0x0000, 0x0000, 0x0000, 0x0000, 0x0000, 0x0000, 0x0000, 0x0000, 0x0000, 0x0000,   // 0x1C10 (7184) pixels
0x0000, 0x0000, 0x0000, 0x0000, 0x0000, 0x0000, 0x0000, 0x0000, 0x0000, 0x0000, 0x0000, 0x0000, 0x0000, 0x0000, 0x0000, 0x0000,   // 0x1C20 (7200) pixels
0x0000, 0x0000, 0x0000, 0x0000, 0x0000, 0x0000, 0x0000, 0x0000, 0x0000, 0x0000, 0x0000, 0x0000, 0x0000, 0x0000, 0x0000, 0x0000,   // 0x1C30 (7216) pixels
0x0000, 0x0000, 0x0000, 0x0000, 0x0000, 0x0000, 0x0000, 0x0000, 0x0000, 0x0000, 0x0000, 0x0000, 0x0000, 0x0000, 0x0000, 0x0000,   // 0x1C40 (7232) pixels
0x0000, 0x0000, 0x0000, 0x0000, 0x0000, 0x0000, 0x0000, 0x0000, 0x0000, 0x0000, 0x0000, 0x0000, 0x0000, 0x0000, 0x0000, 0x0000,   // 0x1C50 (7248) pixels
0x0000, 0x0000, 0x0000, 0x0000, 0x0000, 0x0000, 0x0000, 0x0000, 0x0000, 0x0000, 0x0000, 0x0000, 0x0000, 0x0000, 0x0000, 0x0000,   // 0x1C60 (7264) pixels
0x0000, 0x0000, 0x0000, 0x0000, 0x0000, 0x0000, 0x0000, 0x0000, 0x0000, 0x0000, 0x0000, 0x0000, 0x0000, 0x0000, 0x0000, 0x0000,   // 0x1C70 (7280) pixels
0x0000, 0x0000, 0x0000, 0x0000, 0x0000, 0x0000, 0x0000, 0x0000, 0x0000, 0x0000, 0x0000, 0x0000, 0x0000, 0x0000, 0x0000, 0x0000,   // 0x1C80 (7296) pixels
0x0000, 0x0800, 0x0000, 0x3BAE, 0x77FF, 0x571F, 0x2DDE, 0x1D7F, 0x2D5F, 0x2C1C, 0x3AD9, 0x3955, 0x10F3, 0x10F2, 0x1112, 0x1111,   // 0x1C90 (7312) pixels
0x1911, 0x18F2, 0x18F2, 0x18F3, 0x1114, 0x0892, 0x1912, 0x5AD8, 0x6B5A, 0x5B7C, 0x3B7C, 0x4CFF, 0x322F, 0x0001, 0x08A1, 0x2ACB,   // 0x1CA0 (7328) pixels
0x22CB, 0x1986, 0x0000, 0x0020, 0x0020, 0x0020, 0x0020, 0x0000, 0x0000, 0x0020, 0x0000, 0x0000, 0x0040, 0x0000, 0x0001, 0x0000,   // 0x1CB0 (7344) pixels
0x0800, 0x0000, 0x130F, 0x4EDF, 0x24FF, 0x1BFE, 0x1C5F, 0x35DF, 0x4D58, 0x0063, 0x1000, 0x0000, 0x0000, 0x0000, 0x0000, 0x0000,   // 0x1CC0 (7360) pixels
0x0000, 0x0000, 0x0000, 0x0000, 0x0000, 0x0000, 0x0000, 0x0000, 0x0000, 0x0000, 0x0000, 0x0000, 0x0000, 0x0000, 0x0000, 0x0000,   // 0x1CD0 (7376) pixels
0x0000, 0x0000, 0x0000, 0x0000, 0x0000, 0x0000, 0x0000, 0x0000, 0x0000, 0x0000, 0x0000, 0x0000, 0x0000, 0x0000, 0x0000, 0x0000,   // 0x1CE0 (7392) pixels
0x0000, 0x0000, 0x0000, 0x0000, 0x0000, 0x0000, 0x0000, 0x0000, 0x0000, 0x0000, 0x0000, 0x0000, 0x0000, 0x0000, 0x0000, 0x0000,   // 0x1CF0 (7408) pixels
0x0000, 0x0000, 0x0000, 0x0000, 0x0000, 0x0000, 0x0000, 0x0000, 0x0000, 0x0000, 0x0000, 0x0000, 0x0000, 0x0000, 0x0000, 0x0000,   // 0x1D00 (7424) pixels
0x0000, 0x0000, 0x0000, 0x0000, 0x0000, 0x0000, 0x0000, 0x0000, 0x0000, 0x0000, 0x0000, 0x0000, 0x0000, 0x0000, 0x0000, 0x0000,   // 0x1D10 (7440) pixels
0x0000, 0x0000, 0x0000, 0x0000, 0x0000, 0x0000, 0x0000, 0x0000, 0x0000, 0x0000, 0x0000, 0x0000, 0x0000, 0x0000, 0x0000, 0x0000,   // 0x1D20 (7456) pixels
0x0000, 0x0000, 0x0000, 0x0000, 0x0000, 0x0000, 0x0000, 0x0000, 0x0000, 0x0000, 0x0000, 0x0000, 0x0000, 0x0000, 0x0000, 0x0000,   // 0x1D30 (7472) pixels
0x0000, 0x0000, 0x0000, 0x0000, 0x0000, 0x0000, 0x0000, 0x0000, 0x0000, 0x0000, 0x0000, 0x0000, 0x0000, 0x0000, 0x0020, 0x0800,   // 0x1D40 (7488) pixels
0x0000, 0x3BAE, 0x77FF, 0x56FF, 0x2DBE, 0x2D9F, 0x2CFF, 0x0235, 0x08F2, 0x2872, 0x10F3, 0x10F2, 0x1112, 0x1111, 0x1911, 0x18F2,   // 0x1D50 (7504) pixels
0x18F2, 0x18F3, 0x18F3, 0x1091, 0x6277, 0xD59F, 0xD59F, 0xACDF, 0x539D, 0x549F, 0x3A30, 0x0821, 0x0000, 0x0041, 0x0000, 0x0821,   // 0x1D60 (7520) pixels
0x0000, 0x0020, 0x0000, 0x0000, 0x0000, 0x0000, 0x0000, 0x0000, 0x0000, 0x0020, 0x0020, 0x0001, 0x0022, 0x0040, 0x0000, 0x0000,   // 0x1D70 (7536) pixels
0x230E, 0x56FF, 0x2D3F, 0x1BFE, 0x1C5F, 0x35DF, 0x4D59, 0x0043, 0x1000, 0x0000, 0x0000, 0x0000, 0x0000, 0x0000, 0x0000, 0x0000,   // 0x1D80 (7552) pixels
0x0000, 0x0000, 0x0000, 0x0000, 0x0000, 0x0000, 0x0000, 0x0000, 0x0000, 0x0000, 0x0000, 0x0000, 0x0000, 0x0000, 0x0000, 0x0000,   // 0x1D90 (7568) pixels
0x0000, 0x0000, 0x0000, 0x0000, 0x0000, 0x0000, 0x0000, 0x0000, 0x0000, 0x0000, 0x0000, 0x0000, 0x0000, 0x0000, 0x0000, 0x0000,   // 0x1DA0 (7584) pixels
0x0000, 0x0000, 0x0000, 0x0000, 0x0000, 0x0000, 0x0000, 0x0000, 0x0000, 0x0000, 0x0000, 0x0000, 0x0000, 0x0000, 0x0000, 0x0000,   // 0x1DB0 (7600) pixels
0x0000, 0x0000, 0x0000, 0x0000, 0x0000, 0x0000, 0x0000, 0x0000, 0x0000, 0x0000, 0x0000, 0x0000, 0x0000, 0x0000, 0x0000, 0x0000,   // 0x1DC0 (7616) pixels
0x0000, 0x0000, 0x0000, 0x0000, 0x0000, 0x0000, 0x0000, 0x0000, 0x0000, 0x0000, 0x0000, 0x0000, 0x0000, 0x0000, 0x0000, 0x0000,   // 0x1DD0 (7632) pixels
0x0000, 0x0000, 0x0000, 0x0000, 0x0000, 0x0000, 0x0000, 0x0000, 0x0000, 0x0000, 0x0000, 0x0000, 0x0000, 0x0000, 0x0000, 0x0000,   // 0x1DE0 (7648) pixels
0x0000, 0x0000, 0x0000, 0x0000, 0x0000, 0x0000, 0x0000, 0x0000, 0x0000, 0x0000, 0x0000, 0x0000, 0x0000, 0x0000, 0x0000, 0x0000,   // 0x1DF0 (7664) pixels
0x0000, 0x0000, 0x0000, 0x0000, 0x0000, 0x0000, 0x0000, 0x0000, 0x0000, 0x0000, 0x0800, 0x0000, 0x0820, 0x0000, 0x0000, 0x438E,   // 0x1E00 (7680) pixels
0x7FDF, 0x46BE, 0x1DFD, 0x3DFF, 0x447D, 0x1133, 0x1090, 0x20D1, 0x28B2, 0x20B1, 0x20B1, 0x2092, 0x2091, 0x2092, 0x2091, 0x2091,   // 0x1E10 (7696) pixels
0x2890, 0x1871, 0x5276, 0xE61E, 0xFDFF, 0xA4BD, 0x445E, 0x551F, 0x4A4E, 0x0002, 0x0000, 0x0800, 0x0820, 0x0000, 0x0000, 0x0020,   // 0x1E20 (7712) pixels
0x0000, 0x0000, 0x0000, 0x0000, 0x0000, 0x0000, 0x0000, 0x0000, 0x0020, 0x0000, 0x0000, 0x0000, 0x0800, 0x0000, 0x1B2E, 0x4F1F,   // 0x1E30 (7728) pixels
0x2D1F, 0x1C1E, 0x241E, 0x3DDF, 0x4D38, 0x0083, 0x0000, 0x0000, 0x0000, 0x0000, 0x0000, 0x0000, 0x0000, 0x0000, 0x0000, 0x0000,   // 0x1E40 (7744) pixels
0x0000, 0x0000, 0x0000, 0x0000, 0x0000, 0x0000, 0x0000, 0x0000, 0x0000, 0x0000, 0x0000, 0x0000, 0x0000, 0x0000, 0x0000, 0x0000,   // 0x1E50 (7760) pixels
0x0000, 0x0000, 0x0000, 0x0000, 0x0000, 0x0000, 0x0000, 0x0000, 0x0000, 0x0000, 0x0000, 0x0000, 0x0000, 0x0000, 0x0000, 0x0000,   // 0x1E60 (7776) pixels
0x0000, 0x0000, 0x0000, 0x0000, 0x0000, 0x0000, 0x0000, 0x0000, 0x0000, 0x0000, 0x0000, 0x0000, 0x0000, 0x0000, 0x0000, 0x0000,   // 0x1E70 (7792) pixels
0x0000, 0x0000, 0x0000, 0x0000, 0x0000, 0x0000, 0x0000, 0x0000, 0x0000, 0x0000, 0x0000, 0x0000, 0x0000, 0x0000, 0x0000, 0x0000,   // 0x1E80 (7808) pixels
0x0000, 0x0000, 0x0000, 0x0000, 0x0000, 0x0000, 0x0000, 0x0000, 0x0000, 0x0000, 0x0000, 0x0000, 0x0000, 0x0000, 0x0000, 0x0000,   // 0x1E90 (7824) pixels
0x0000, 0x0000, 0x0000, 0x0000, 0x0000, 0x0000, 0x0000, 0x0000, 0x0000, 0x0000, 0x0000, 0x0000, 0x0000, 0x0000, 0x0000, 0x0000,   // 0x1EA0 (7840) pixels
0x0000, 0x0000, 0x0000, 0x0000, 0x0000, 0x0000, 0x0000, 0x0000, 0x0000, 0x0000, 0x0000, 0x0000, 0x0000, 0x0000, 0x0000, 0x0000,   // 0x1EB0 (7856) pixels
0x0000, 0x0000, 0x0000, 0x0000, 0x0000, 0x0000, 0x0000, 0x0000, 0x0000, 0x0020, 0x0000, 0x0042, 0x0083, 0x3BD0, 0x77DF, 0x4F1E,   // 0x1EC0 (7872) pixels
0x2E5D, 0x35FF, 0x3CBC, 0x1234, 0x1191, 0x1190, 0x0990, 0x0990, 0x0991, 0x0990, 0x0991, 0x0991, 0x0970, 0x0971, 0x0950, 0x0151,   // 0x1ED0 (7888) pixels
0x32F4, 0xCE1C, 0xEE3D, 0x8D1C, 0x2C7B, 0x2D3E, 0x2AD0, 0x00A5, 0x00A3, 0x0020, 0x0840, 0x0000, 0x0000, 0x0041, 0x0000, 0x0000,   // 0x1EE0 (7904) pixels
0x0000, 0x0000, 0x0000, 0x0000, 0x0000, 0x0000, 0x0020, 0x0000, 0x0000, 0x0000, 0x0800, 0x0000, 0x1B4E, 0x4F1F, 0x2D1F, 0x13FE,   // 0x1EF0 (7920) pixels
0x241E, 0x3DDF, 0x4D38, 0x0083, 0x0000, 0x0000, 0x0000, 0x0000, 0x0000, 0x0000, 0x0000, 0x0000, 0x0000, 0x0000, 0x0000, 0x0000,   // 0x1F00 (7936) pixels
0x0000, 0x0000, 0x0000, 0x0000, 0x0000, 0x0000, 0x0000, 0x0000, 0x0000, 0x0000, 0x0000, 0x0000, 0x0000, 0x0000, 0x0000, 0x0000,   // 0x1F10 (7952) pixels
0x0000, 0x0000, 0x0000, 0x0000, 0x0000, 0x0000, 0x0000, 0x0000, 0x0000, 0x0000, 0x0000, 0x0000, 0x0000, 0x0000, 0x0000, 0x0000,   // 0x1F20 (7968) pixels
0x0000, 0x0000, 0x0000, 0x0000, 0x0000, 0x0000, 0x0000, 0x0000, 0x0000, 0x0000, 0x0000, 0x0000, 0x0000, 0x0000, 0x0000, 0x0000,   // 0x1F30 (7984) pixels
0x0000, 0x0000, 0x0000, 0x0000, 0x0000, 0x0000, 0x0000, 0x0000, 0x0000, 0x0000, 0x0000, 0x0000, 0x0000, 0x0000, 0x0000, 0x0000,   // 0x1F40 (8000) pixels
0x0000, 0x0000, 0x0000, 0x0000, 0x0000, 0x0000, 0x0000, 0x0000, 0x0000, 0x0000, 0x0000, 0x0000, 0x0000, 0x0000, 0x0000, 0x0000,   // 0x1F50 (8016) pixels
0x0000, 0x0000, 0x0000, 0x0000, 0x0000, 0x0000, 0x0000, 0x0000, 0x0000, 0x0000, 0x0000, 0x0000, 0x0000, 0x0000, 0x0000, 0x0000,   // 0x1F60 (8032) pixels
0x0000, 0x0000, 0x0000, 0x0000, 0x0000, 0x0000, 0x0000, 0x0000, 0x0000, 0x0000, 0x0000, 0x0000, 0x0000, 0x0000, 0x0000, 0x0000,   // 0x1F70 (8048) pixels
0x0000, 0x0000, 0x0000, 0x0000, 0x0801, 0x0801, 0x0000, 0x0000, 0x10A4, 0x6C93, 0x6536, 0x6E1A, 0x5FFF, 0x479E, 0x375F, 0x471F,   // 0x1F80 (8064) pixels
0x56DF, 0x55DD, 0x5DFD, 0x5DDC, 0x55FC, 0x55FC, 0x55FC, 0x55FC, 0x55FC, 0x55FC, 0x55DC, 0x55DC, 0x4DDD, 0x45BD, 0x5DDC, 0xC73E,   // 0x1F90 (8080) pixels
0xEF3F, 0x9EBE, 0x3E5E, 0x36FF, 0x561C, 0x5599, 0x5CD4, 0x0945, 0x0000, 0x0000, 0x0001, 0x0001, 0x0000, 0x0000, 0x0000, 0x0000,   // 0x1FA0 (8096) pixels
0x0000, 0x0000, 0x0000, 0x0000, 0x0000, 0x0000, 0x0000, 0x0000, 0x0000, 0x0000, 0x1B4E, 0x4F1F, 0x2CFF, 0x13FE, 0x241E, 0x3DBF,   // 0x1FB0 (8112) pixels
0x4D38, 0x0083, 0x0000, 0x0000, 0x0000, 0x0000, 0x0000, 0x0000, 0x0000, 0x0000, 0x0000, 0x0000, 0x0000, 0x0000, 0x0000, 0x0000,   // 0x1FC0 (8128) pixels
0x0000, 0x0000, 0x0000, 0x0000, 0x0000, 0x0000, 0x0000, 0x0000, 0x0000, 0x0000, 0x0000, 0x0000, 0x0000, 0x0000, 0x0000, 0x0000,   // 0x1FD0 (8144) pixels
0x0000, 0x0000, 0x0000, 0x0000, 0x0000, 0x0000, 0x0000, 0x0000, 0x0000, 0x0000, 0x0000, 0x0000, 0x0000, 0x0000, 0x0000, 0x0000,   // 0x1FE0 (8160) pixels
0x0000, 0x0000, 0x0000, 0x0000, 0x0000, 0x0000, 0x0000, 0x0000, 0x0000, 0x0000, 0x0000, 0x0000, 0x0000, 0x0000, 0x0000, 0x0000,   // 0x1FF0 (8176) pixels
0x0000, 0x0000, 0x0000, 0x0000, 0x0000, 0x0000, 0x0000, 0x0000, 0x0000, 0x0000, 0x0000, 0x0000, 0x0000, 0x0000, 0x0000, 0x0000,   // 0x2000 (8192) pixels
0x0000, 0x0000, 0x0000, 0x0000, 0x0000, 0x0000, 0x0000, 0x0000, 0x0000, 0x0000, 0x0000, 0x0000, 0x0000, 0x0000, 0x0000, 0x0000,   // 0x2010 (8208) pixels
0x0000, 0x0000, 0x0000, 0x0000, 0x0000, 0x0000, 0x0000, 0x0000, 0x0000, 0x0000, 0x0000, 0x0000, 0x0000, 0x0000, 0x0000, 0x0000,   // 0x2020 (8224) pixels
0x0000, 0x0000, 0x0000, 0x0000, 0x0000, 0x0000, 0x0000, 0x0000, 0x0000, 0x0000, 0x0000, 0x0000, 0x0000, 0x0000, 0x0000, 0x0000,   // 0x2030 (8240) pixels
0x0000, 0x0000, 0x0800, 0x0000, 0x0000, 0x0800, 0x10A4, 0x8E3A, 0x879F, 0x77DF, 0x57DF, 0x47BF, 0x3FBF, 0x377F, 0x479F, 0x577F,   // 0x2040 (8256) pixels
0x679F, 0x677F, 0x5F9F, 0x5F9F, 0x5F9F, 0x5F9F, 0x5F9F, 0x5F9F, 0x5F7F, 0x5F7F, 0x5FBF, 0x5FDF, 0x675F, 0xBFBF, 0xE7DF, 0xAFBF,   // 0x2050 (8272) pixels
0x5F5E, 0x3FBF, 0x3F7F, 0x5F3E, 0x65B8, 0x0105, 0x0000, 0x1001, 0x0000, 0x0000, 0x0000, 0x0000, 0x0000, 0x0000, 0x0000, 0x0000,   // 0x2060 (8288) pixels
0x0000, 0x0000, 0x0000, 0x0000, 0x0000, 0x0000, 0x0800, 0x0000, 0x1B2E, 0x4F3F, 0x2CFF, 0x13FE, 0x23FE, 0x3DBF, 0x4D38, 0x0083,   // 0x2070 (8304) pixels
0x0000, 0x0000, 0x0000, 0x0000, 0x0000, 0x0000, 0x0000, 0x0000, 0x0000, 0x0000, 0x0000, 0x0000, 0x0000, 0x0000, 0x0000, 0x0000,   // 0x2080 (8320) pixels
0x0000, 0x0000, 0x0000, 0x0000, 0x0000, 0x0000, 0x0000, 0x0000, 0x0000, 0x0000, 0x0000, 0x0000, 0x0000, 0x0000, 0x0000, 0x0000,   // 0x2090 (8336) pixels
0x0000, 0x0000, 0x0000, 0x0000, 0x0000, 0x0000, 0x0000, 0x0000, 0x0000, 0x0000, 0x0000, 0x0000, 0x0000, 0x0000, 0x0000, 0x0000,   // 0x20A0 (8352) pixels
0x0000, 0x0000, 0x0000, 0x0000, 0x0000, 0x0000, 0x0000, 0x0000, 0x0000, 0x0000, 0x0000, 0x0000, 0x0000, 0x0000, 0x0000, 0x0000,   // 0x20B0 (8368) pixels
0x0000, 0x0000, 0x0000, 0x0000, 0x0000, 0x0000, 0x0000, 0x0000, 0x0000, 0x0000, 0x0000, 0x0000, 0x0000, 0x0000, 0x0000, 0x0000,   // 0x20C0 (8384) pixels
0x0000, 0x0000, 0x0000, 0x0000, 0x0000, 0x0000, 0x0000, 0x0000, 0x0000, 0x0000, 0x0000, 0x0000, 0x0000, 0x0000, 0x0000, 0x0000,   // 0x20D0 (8400) pixels
0x0000, 0x0000, 0x0000, 0x0000, 0x0000, 0x0000, 0x0000, 0x0000, 0x0000, 0x0000, 0x0000, 0x0000, 0x0000, 0x0000, 0x0000, 0x0000,   // 0x20E0 (8416) pixels
0x0000, 0x0000, 0x0000, 0x0000, 0x0000, 0x0000, 0x0000, 0x0000, 0x0000, 0x0000, 0x0000, 0x0000, 0x0000, 0x0000, 0x0000, 0x0000,   // 0x20F0 (8432) pixels
0x0020, 0x0040, 0x0040, 0x0000, 0x08E4, 0x7E9A, 0x67FF, 0x47BE, 0x577F, 0x4F7F, 0x4F9F, 0x3F7E, 0x3FBF, 0x479F, 0x4F7F, 0x575F,   // 0x2100 (8448) pixels
0x579F, 0x579F, 0x579F, 0x577F, 0x577F, 0x577F, 0x577F, 0x577F, 0x477E, 0x4F9F, 0x5F3D, 0xAFDF, 0xDFFF, 0xBF7E, 0x76FB, 0x4F3B,   // 0x2110 (8464) pixels
0x2FBE, 0x4F9E, 0x55B7, 0x00A4, 0x0001, 0x1021, 0x0820, 0x0040, 0x0000, 0x0000, 0x0000, 0x0000, 0x0000, 0x0000, 0x0000, 0x0000,   // 0x2120 (8480) pixels
0x0000, 0x0000, 0x0000, 0x0000, 0x0800, 0x0000, 0x1B4D, 0x4F3F, 0x2CFF, 0x13FE, 0x23FE, 0x3DBF, 0x4D38, 0x0083, 0x0000, 0x0000,   // 0x2130 (8496) pixels
0x0000, 0x0000, 0x0000, 0x0000, 0x0000, 0x0000, 0x0000, 0x0000, 0x0000, 0x0000, 0x0000, 0x0000, 0x0000, 0x0000, 0x0000, 0x0000,   // 0x2140 (8512) pixels
0x0000, 0x0000, 0x0000, 0x0000, 0x0000, 0x0000, 0x0000, 0x0000, 0x0000, 0x0000, 0x0000, 0x0000, 0x0000, 0x0000, 0x0000, 0x0000,   // 0x2150 (8528) pixels
0x0000, 0x0000, 0x0000, 0x0000, 0x0000, 0x0000, 0x0000, 0x0000, 0x0000, 0x0000, 0x0000, 0x0000, 0x0000, 0x0000, 0x0000, 0x0000,   // 0x2160 (8544) pixels
0x0000, 0x0000, 0x0000, 0x0000, 0x0000, 0x0000, 0x0000, 0x0000, 0x0000, 0x0000, 0x0000, 0x0000, 0x0000, 0x0000, 0x0000, 0x0000,   // 0x2170 (8560) pixels
0x0000, 0x0000, 0x0000, 0x0000, 0x0000, 0x0000, 0x0000, 0x0000, 0x0000, 0x0000, 0x0000, 0x0000, 0x0000, 0x0000, 0x0000, 0x0000,   // 0x2180 (8576) pixels
0x0000, 0x0000, 0x0000, 0x0000, 0x0000, 0x0000, 0x0000, 0x0000, 0x0000, 0x0000, 0x0000, 0x0000, 0x0000, 0x0000, 0x0000, 0x0000,   // 0x2190 (8592) pixels
0x0000, 0x0000, 0x0000, 0x0000, 0x0000, 0x0000, 0x0000, 0x0000, 0x0000, 0x0000, 0x0000, 0x0000, 0x0000, 0x0000, 0x0000, 0x0000,   // 0x21A0 (8608) pixels
0x0000, 0x0000, 0x0000, 0x0000, 0x0000, 0x0000, 0x0000, 0x0000, 0x0000, 0x0000, 0x0000, 0x0000, 0x0000, 0x0000, 0x0040, 0x0040,   // 0x21B0 (8624) pixels
0x0103, 0x0125, 0x1249, 0x66BA, 0x5FFF, 0x37DE, 0x47BF, 0x4F5E, 0x5FBF, 0x577D, 0x4FBE, 0x3F9E, 0x3F7F, 0x4F9F, 0x577F, 0x577F,   // 0x21C0 (8640) pixels
0x577F, 0x577F, 0x575F, 0x575F, 0x575F, 0x575F, 0x4F7F, 0x4F9F, 0x5F5E, 0x8FDF, 0xBFFF, 0xD7DF, 0xC79E, 0x8FDE, 0x2F9D, 0x57BE,   // 0x21D0 (8656) pixels
0x5E3A, 0x01C9, 0x1146, 0x1082, 0x0020, 0x0020, 0x0000, 0x0000, 0x0000, 0x0000, 0x0000, 0x0000, 0x0000, 0x0000, 0x0000, 0x0000,   // 0x21E0 (8672) pixels
0x0000, 0x0000, 0x0800, 0x0000, 0x1B4D, 0x573F, 0x2CFF, 0x1BFE, 0x241E, 0x3DBF, 0x4D38, 0x0083, 0x0000, 0x0000, 0x0000, 0x0000,   // 0x21F0 (8688) pixels
0x0000, 0x0000, 0x0000, 0x0000, 0x0000, 0x0000, 0x0000, 0x0000, 0x0000, 0x0000, 0x0000, 0x0000, 0x0000, 0x0000, 0x0000, 0x0000,   // 0x2200 (8704) pixels
0x0000, 0x0000, 0x0000, 0x0000, 0x0000, 0x0000, 0x0000, 0x0000, 0x0000, 0x0000, 0x0000, 0x0000, 0x0000, 0x0000, 0x0000, 0x0000,   // 0x2210 (8720) pixels
0x0000, 0x0000, 0x0000, 0x0000, 0x0000, 0x0000, 0x0000, 0x0000, 0x0000, 0x0000, 0x0000, 0x0000, 0x0000, 0x0000, 0x0000, 0x0000,   // 0x2220 (8736) pixels
0x0000, 0x0000, 0x0000, 0x0000, 0x0000, 0x0000, 0x0000, 0x0000, 0x0000, 0x0000, 0x0000, 0x0000, 0x0000, 0x0000, 0x0000, 0x0000,   // 0x2230 (8752) pixels
0x0000, 0x0000, 0x0000, 0x0000, 0x0000, 0x0000, 0x0000, 0x0000, 0x0000, 0x0000, 0x0000, 0x0000, 0x0000, 0x0000, 0x0000, 0x0000,   // 0x2240 (8768) pixels
0x0000, 0x0000, 0x0000, 0x0000, 0x0000, 0x0000, 0x0000, 0x0000, 0x0000, 0x0000, 0x0000, 0x0000, 0x0000, 0x0000, 0x0000, 0x0000,   // 0x2250 (8784) pixels
0x0000, 0x0000, 0x0000, 0x0000, 0x0000, 0x0000, 0x0000, 0x0000, 0x0000, 0x0000, 0x0000, 0x0000, 0x0000, 0x0000, 0x0000, 0x0000,   // 0x2260 (8800) pixels
0x0000, 0x0000, 0x0000, 0x0000, 0x0000, 0x0000, 0x0000, 0x0000, 0x0000, 0x0000, 0x0000, 0x0000, 0x0000, 0x00A3, 0x64D3, 0x86FB,   // 0x2270 (8816) pixels
0x771D, 0x6F7E, 0x579F, 0x4FFF, 0x47FF, 0x5F9E, 0x9FFF, 0x9FBE, 0x8FDE, 0x67DE, 0x4F7F, 0x4FBF, 0x577F, 0x577F, 0x577F, 0x577F,   // 0x2280 (8832) pixels
0x577F, 0x577F, 0x577F, 0x577F, 0x4F5F, 0x577F, 0x577F, 0x5F9E, 0x87BD, 0xDFBF, 0xEFDF, 0xA7BE, 0x579D, 0x573D, 0x673E, 0x5E5B,   // 0x2290 (8848) pixels
0x8E9B, 0x3B0C, 0x0061, 0x0000, 0x0000, 0x0000, 0x0000, 0x0000, 0x0000, 0x0000, 0x0000, 0x0000, 0x0000, 0x0000, 0x0000, 0x0000,   // 0x22A0 (8864) pixels
0x0800, 0x0000, 0x234D, 0x573F, 0x2D1F, 0x1BFE, 0x241E, 0x45BF, 0x4D38, 0x0083, 0x0000, 0x0000, 0x0000, 0x0000, 0x0000, 0x0000,   // 0x22B0 (8880) pixels
0x0000, 0x0000, 0x0000, 0x0000, 0x0000, 0x0000, 0x0000, 0x0000, 0x0000, 0x0000, 0x0000, 0x0000, 0x0000, 0x0000, 0x0000, 0x0000,   // 0x22C0 (8896) pixels
0x0000, 0x0000, 0x0000, 0x0000, 0x0000, 0x0000, 0x0000, 0x0000, 0x0000, 0x0000, 0x0000, 0x0000, 0x0000, 0x0000, 0x0000, 0x0000,   // 0x22D0 (8912) pixels
0x0000, 0x0000, 0x0000, 0x0000, 0x0000, 0x0000, 0x0000, 0x0000, 0x0000, 0x0000, 0x0000, 0x0000, 0x0000, 0x0000, 0x0000, 0x0000,   // 0x22E0 (8928) pixels
0x0000, 0x0000, 0x0000, 0x0000, 0x0000, 0x0000, 0x0000, 0x0000, 0x0000, 0x0000, 0x0000, 0x0000, 0x0000, 0x0000, 0x0000, 0x0000,   // 0x22F0 (8944) pixels
0x0000, 0x0000, 0x0000, 0x0000, 0x0000, 0x0000, 0x0000, 0x0000, 0x0000, 0x0000, 0x0000, 0x0000, 0x0000, 0x0000, 0x0000, 0x0000,   // 0x2300 (8960) pixels
0x0000, 0x0000, 0x0000, 0x0000, 0x0000, 0x0000, 0x0000, 0x0000, 0x0000, 0x0000, 0x0000, 0x0000, 0x0000, 0x0000, 0x0000, 0x0000,   // 0x2310 (8976) pixels
0x0000, 0x0000, 0x0000, 0x0000, 0x0000, 0x0000, 0x0000, 0x0000, 0x0000, 0x0000, 0x0000, 0x0000, 0x0000, 0x0000, 0x0000, 0x0000,   // 0x2320 (8992) pixels
0x0000, 0x0000, 0x0000, 0x0000, 0x0000, 0x0000, 0x0000, 0x0000, 0x0000, 0x0000, 0x0801, 0x0084, 0x6DB8, 0x6FBF, 0x5FDF, 0x573F,   // 0x2330 (9008) pixels
0x5F5F, 0x4F7F, 0x479D, 0x7F7D, 0xDFFF, 0xF7DF, 0xDFFF, 0xA79E, 0x671E, 0x571F, 0x577E, 0x577E, 0x577F, 0x577F, 0x577F, 0x577F,   // 0x2340 (9024) pixels
0x577F, 0x577F, 0x4F9F, 0x4F5F, 0x4F7F, 0x3FDF, 0x5F9C, 0xCF5E, 0xFF9F, 0xAF7E, 0x6F3E, 0x5EFE, 0x5F7F, 0x577F, 0x7F9F, 0x1B2D,   // 0x2350 (9040) pixels
0x0022, 0x1001, 0x0000, 0x0000, 0x0000, 0x0000, 0x0000, 0x0000, 0x0000, 0x0000, 0x0000, 0x0000, 0x0000, 0x0000, 0x0800, 0x0000,   // 0x2360 (9056) pixels
0x234D, 0x575F, 0x351F, 0x1BFE, 0x241E, 0x45DF, 0x4D38, 0x0083, 0x0000, 0x0000, 0x0000, 0x0000, 0x0000, 0x0000, 0x0000, 0x0000,   // 0x2370 (9072) pixels
0x0000, 0x0000, 0x0000, 0x0000, 0x0000, 0x0000, 0x0000, 0x0000, 0x0000, 0x0000, 0x0000, 0x0000, 0x0000, 0x0000, 0x0000, 0x0000,   // 0x2380 (9088) pixels
0x0000, 0x0000, 0x0000, 0x0000, 0x0000, 0x0000, 0x0000, 0x0000, 0x0000, 0x0000, 0x0000, 0x0000, 0x0000, 0x0000, 0x0000, 0x0000,   // 0x2390 (9104) pixels
0x0000, 0x0000, 0x0000, 0x0000, 0x0000, 0x0000, 0x0000, 0x0000, 0x0000, 0x0000, 0x0000, 0x0000, 0x0000, 0x0000, 0x0000, 0x0000,   // 0x23A0 (9120) pixels
0x0000, 0x0000, 0x0000, 0x0000, 0x0000, 0x0000, 0x0000, 0x0000, 0x0000, 0x0000, 0x0000, 0x0000, 0x0000, 0x0000, 0x0000, 0x0000,   // 0x23B0 (9136) pixels
0x0000, 0x0000, 0x0000, 0x0000, 0x0000, 0x0000, 0x0000, 0x0000, 0x0000, 0x0000, 0x0000, 0x0000, 0x0000, 0x0000, 0x0000, 0x0000,   // 0x23C0 (9152) pixels
0x0000, 0x0000, 0x0000, 0x0000, 0x0000, 0x0000, 0x0000, 0x0000, 0x0000, 0x0000, 0x0000, 0x0000, 0x0000, 0x0000, 0x0000, 0x0000,   // 0x23D0 (9168) pixels
0x0000, 0x0000, 0x0000, 0x0000, 0x0000, 0x0000, 0x0000, 0x0000, 0x0000, 0x0000, 0x0000, 0x0000, 0x0000, 0x0000, 0x0000, 0x0000,   // 0x23E0 (9184) pixels
0x0000, 0x0000, 0x0000, 0x0021, 0x0000, 0x0041, 0x0021, 0x0040, 0x0001, 0x0064, 0x6578, 0x67DF, 0x479F, 0x579F, 0x5F7F, 0x4F9E,   // 0x23F0 (9200) pixels
0x477E, 0x77DE, 0xD7FF, 0xFFDF, 0xF7FF, 0xA7DF, 0x677F, 0x5F5F, 0x577F, 0x577F, 0x577F, 0x577F, 0x577F, 0x577F, 0x577F, 0x577F,   // 0x2400 (9216) pixels
0x4F9F, 0x4F7F, 0x5F9F, 0x47BE, 0x57BC, 0xBFBF, 0xFFBF, 0xB79E, 0x5F5E, 0x675F, 0x5F7F, 0x4F9F, 0x679E, 0x1B6E, 0x0020, 0x0800,   // 0x2410 (9232) pixels
0x0000, 0x0020, 0x0000, 0x0000, 0x0000, 0x0000, 0x0000, 0x0000, 0x0001, 0x0000, 0x0000, 0x0000, 0x0000, 0x0000, 0x1B0C, 0x5F5E,   // 0x2420 (9248) pixels
0x2D1F, 0x1BFF, 0x1C3F, 0x45FF, 0x4536, 0x0062, 0x0000, 0x0020, 0x0000, 0x0000, 0x0000, 0x0000, 0x0000, 0x0000, 0x0000, 0x0000,   // 0x2430 (9264) pixels
0x0000, 0x0000, 0x0000, 0x0000, 0x0000, 0x0000, 0x0000, 0x0000, 0x0000, 0x0000, 0x0000, 0x0000, 0x0000, 0x0000, 0x0000, 0x0000,   // 0x2440 (9280) pixels
0x0000, 0x0000, 0x0000, 0x0000, 0x0000, 0x0000, 0x0000, 0x0000, 0x0000, 0x0000, 0x0000, 0x0000, 0x0000, 0x0000, 0x0000, 0x0000,   // 0x2450 (9296) pixels
0x0000, 0x0000, 0x0000, 0x0000, 0x0000, 0x0000, 0x0000, 0x0000, 0x0000, 0x0000, 0x0000, 0x0000, 0x0000, 0x0000, 0x0000, 0x0000,   // 0x2460 (9312) pixels
0x0000, 0x0000, 0x0000, 0x0000, 0x0000, 0x0000, 0x0000, 0x0000, 0x0000, 0x0000, 0x0000, 0x0000, 0x0000, 0x0000, 0x0000, 0x0000,   // 0x2470 (9328) pixels
0x0000, 0x0000, 0x0000, 0x0000, 0x0000, 0x0000, 0x0000, 0x0000, 0x0000, 0x0000, 0x0000, 0x0000, 0x0000, 0x0000, 0x0000, 0x0000,   // 0x2480 (9344) pixels
0x0000, 0x0000, 0x0000, 0x0000, 0x0000, 0x0000, 0x0000, 0x0000, 0x0000, 0x0000, 0x0000, 0x0000, 0x0000, 0x0000, 0x0000, 0x0000,   // 0x2490 (9360) pixels
0x0000, 0x0000, 0x0000, 0x0000, 0x0000, 0x0000, 0x0000, 0x0000, 0x0000, 0x0000, 0x0000, 0x0000, 0x0000, 0x0000, 0x0000, 0x0020,   // 0x24A0 (9376) pixels
0x0000, 0x0000, 0x0000, 0x0000, 0x0000, 0x29A6, 0x4B8F, 0x338F, 0x665B, 0x579F, 0x3F9F, 0x4F9F, 0x575E, 0x679E, 0x779F, 0x97BD,   // 0x24B0 (9392) pixels
0xCFDD, 0xE79D, 0xC7BE, 0x777D, 0x4F7E, 0x4F9F, 0x577F, 0x577F, 0x577F, 0x577F, 0x577F, 0x577F, 0x577F, 0x577F, 0x577F, 0x575F,   // 0x24C0 (9408) pixels
0x5F5F, 0x4F9F, 0x57BD, 0xB77F, 0xEF5F, 0xC77F, 0x877F, 0x6F5F, 0x577F, 0x4F5F, 0x5F7E, 0x4576, 0x438E, 0x3A28, 0x0000, 0x0000,   // 0x24D0 (9424) pixels
0x0000, 0x0000, 0x0000, 0x0800, 0x0000, 0x0000, 0x0001, 0x0000, 0x0000, 0x0000, 0x0000, 0x0020, 0x232C, 0x5F5E, 0x2CFE, 0x1BFF,   // 0x24E0 (9440) pixels
0x243F, 0x45FF, 0x4D57, 0x0082, 0x0800, 0x0000, 0x0000, 0x0000, 0x0000, 0x0000, 0x0000, 0x0000, 0x0000, 0x0000, 0x0000, 0x0000,   // 0x24F0 (9456) pixels
0x0000, 0x0000, 0x0000, 0x0000, 0x0000, 0x0000, 0x0000, 0x0000, 0x0000, 0x0000, 0x0000, 0x0000, 0x0000, 0x0000, 0x0000, 0x0000,   // 0x2500 (9472) pixels
0x0000, 0x0000, 0x0000, 0x0000, 0x0000, 0x0000, 0x0000, 0x0000, 0x0000, 0x0000, 0x0000, 0x0000, 0x0000, 0x0000, 0x0000, 0x0000,   // 0x2510 (9488) pixels
0x0000, 0x0000, 0x0000, 0x0000, 0x0000, 0x0000, 0x0000, 0x0000, 0x0000, 0x0000, 0x0000, 0x0000, 0x0000, 0x0000, 0x0000, 0x0000,   // 0x2520 (9504) pixels
0x0000, 0x0000, 0x0000, 0x0000, 0x0000, 0x0000, 0x0000, 0x0000, 0x0000, 0x0000, 0x0000, 0x0000, 0x0000, 0x0000, 0x0000, 0x0000,   // 0x2530 (9520) pixels
0x0000, 0x0000, 0x0000, 0x0000, 0x0000, 0x0000, 0x0000, 0x0000, 0x0000, 0x0000, 0x0000, 0x0000, 0x0000, 0x0000, 0x0000, 0x0000,   // 0x2540 (9536) pixels
0x0000, 0x0000, 0x0000, 0x0000, 0x0000, 0x0000, 0x0000, 0x0000, 0x0000, 0x0000, 0x0000, 0x0000, 0x0000, 0x0000, 0x0000, 0x0000,   // 0x2550 (9552) pixels
0x0000, 0x0000, 0x0000, 0x0000, 0x0000, 0x0000, 0x0000, 0x0000, 0x0000, 0x0000, 0x0000, 0x0000, 0x0000, 0x0020, 0x0000, 0x0000,   // 0x2560 (9568) pixels
0x0800, 0x0020, 0x0041, 0x6BAE, 0xA7FF, 0x775D, 0x67BF, 0x4F9F, 0x3FBF, 0x3FDE, 0x5F7D, 0x9FFF, 0xCFFF, 0xD7FF, 0xEFFE, 0xE7FE,   // 0x2570 (9584) pixels
0xAFDE, 0x5F5D, 0x479F, 0x4FBF, 0x577F, 0x577F, 0x577F, 0x577F, 0x577F, 0x577F, 0x577F, 0x577F, 0x5F5F, 0x5F3F, 0x5F3F, 0x4F7F,   // 0x2580 (9600) pixels
0x579E, 0x9F3E, 0xD71F, 0xD77F, 0xA79F, 0x6F5E, 0x4F7E, 0x4F5F, 0x5F5F, 0x6F9F, 0x8F7D, 0x6472, 0x0000, 0x0000, 0x0000, 0x0000,   // 0x2590 (9616) pixels
0x0000, 0x0000, 0x0000, 0x0000, 0x0001, 0x0820, 0x0020, 0x0000, 0x0000, 0x0000, 0x232D, 0x5F5E, 0x353F, 0x1BFE, 0x1C1F, 0x4DBF,   // 0x25A0 (9632) pixels
0x5516, 0x0062, 0x0000, 0x0020, 0x0000, 0x0000, 0x0000, 0x0000, 0x0000, 0x0000, 0x0000, 0x0000, 0x0000, 0x0000, 0x0000, 0x0000,   // 0x25B0 (9648) pixels
0x0000, 0x0000, 0x0000, 0x0000, 0x0000, 0x0000, 0x0000, 0x0000, 0x0000, 0x0000, 0x0000, 0x0000, 0x0000, 0x0000, 0x0000, 0x0000,   // 0x25C0 (9664) pixels
0x0000, 0x0000, 0x0000, 0x0000, 0x0000, 0x0000, 0x0000, 0x0000, 0x0000, 0x0000, 0x0000, 0x0000, 0x0000, 0x0000, 0x0000, 0x0000,   // 0x25D0 (9680) pixels
0x0000, 0x0000, 0x0000, 0x0000, 0x0000, 0x0000, 0x0000, 0x0000, 0x0000, 0x0000, 0x0000, 0x0000, 0x0000, 0x0000, 0x0000, 0x0000,   // 0x25E0 (9696) pixels
0x0000, 0x0000, 0x0000, 0x0000, 0x0000, 0x0000, 0x0000, 0x0000, 0x0000, 0x0000, 0x0000, 0x0000, 0x0000, 0x0000, 0x0000, 0x0000,   // 0x25F0 (9712) pixels
0x0000, 0x0000, 0x0000, 0x0000, 0x0000, 0x0000, 0x0000, 0x0000, 0x0000, 0x0000, 0x0000, 0x0000, 0x0000, 0x0000, 0x0000, 0x0000,   // 0x2600 (9728) pixels
0x0000, 0x0000, 0x0000, 0x0000, 0x0000, 0x0000, 0x0000, 0x0000, 0x0000, 0x0000, 0x0000, 0x0000, 0x0000, 0x0000, 0x0000, 0x0000,   // 0x2610 (9744) pixels
0x0000, 0x0000, 0x0000, 0x0000, 0x0000, 0x0000, 0x0000, 0x0000, 0x0000, 0x0000, 0x0020, 0x0000, 0x0000, 0x0800, 0x0000, 0x0000,   // 0x2620 (9760) pixels
0x0020, 0x63EF, 0x7FFE, 0x5FBE, 0x4F9E, 0x475E, 0x3FBF, 0x3FBD, 0x777D, 0xCFFF, 0xFFFF, 0xFFDF, 0xFFFF, 0xF7FF, 0xB7FF, 0x6F3E,   // 0x2630 (9776) pixels
0x579F, 0x579F, 0x577F, 0x577F, 0x577F, 0x577F, 0x577F, 0x577F, 0x577F, 0x577F, 0x5F5F, 0x5F3F, 0x573F, 0x4F7F, 0x579E, 0x771D,   // 0x2640 (9792) pixels
0xB71E, 0xDF9F, 0xC7DF, 0x77BE, 0x47BE, 0x579F, 0x571F, 0x579F, 0x7FDF, 0x4412, 0x0001, 0x0000, 0x0000, 0x0841, 0x0020, 0x0020,   // 0x2650 (9808) pixels
0x0000, 0x0800, 0x0000, 0x0000, 0x0000, 0x0000, 0x0000, 0x0000, 0x1B0D, 0x5F5F, 0x2D3F, 0x13DE, 0x241F, 0x661F, 0x6536, 0x0061,   // 0x2660 (9824) pixels
0x0000, 0x0000, 0x0000, 0x0000, 0x0000, 0x0000, 0x0000, 0x0000, 0x0000, 0x0000, 0x0000, 0x0000, 0x0000, 0x0000, 0x0000, 0x0000,   // 0x2670 (9840) pixels
0x0000, 0x0000, 0x0000, 0x0000, 0x0000, 0x0000, 0x0000, 0x0000, 0x0000, 0x0000, 0x0000, 0x0000, 0x0000, 0x0000, 0x0000, 0x0000,   // 0x2680 (9856) pixels
0x0000, 0x0000, 0x0000, 0x0000, 0x0000, 0x0000, 0x0000, 0x0000, 0x0000, 0x0000, 0x0000, 0x0000, 0x0000, 0x0000, 0x0000, 0x0000,   // 0x2690 (9872) pixels
0x0000, 0x0000, 0x0000, 0x0000, 0x0000, 0x0000, 0x0000, 0x0000, 0x0000, 0x0000, 0x0000, 0x0000, 0x0000, 0x0000, 0x0000, 0x0000,   // 0x26A0 (9888) pixels
0x0000, 0x0000, 0x0000, 0x0000, 0x0000, 0x0000, 0x0000, 0x0000, 0x0000, 0x0000, 0x0000, 0x0000, 0x0000, 0x0000, 0x0000, 0x0000,   // 0x26B0 (9904) pixels
0x0000, 0x0000, 0x0000, 0x0000, 0x0000, 0x0000, 0x0000, 0x0000, 0x0000, 0x0000, 0x0000, 0x0000, 0x0000, 0x0000, 0x0000, 0x0000,   // 0x26C0 (9920) pixels
0x0000, 0x0000, 0x0000, 0x0000, 0x0000, 0x0000, 0x0000, 0x0000, 0x0000, 0x0000, 0x0000, 0x0000, 0x0000, 0x0000, 0x0000, 0x0000,   // 0x26D0 (9936) pixels
0x0000, 0x0000, 0x0000, 0x0000, 0x0000, 0x0000, 0x0000, 0x0000, 0x0020, 0x0000, 0x0000, 0x0000, 0x0000, 0x0924, 0x0124, 0x4C71,   // 0x26E0 (9952) pixels
0x6FBE, 0x5FFF, 0x4FBF, 0x579F, 0x4FBF, 0x57BD, 0x8F9D, 0xE7DF, 0xFFFF, 0xFF9E, 0xFFBF, 0xEFFF, 0xB7BF, 0x6F1E, 0x5F5F, 0x575F,   // 0x26F0 (9968) pixels
0x577F, 0x577F, 0x577F, 0x577F, 0x577F, 0x577F, 0x577F, 0x577F, 0x577F, 0x575F, 0x4F5F, 0x4F9F, 0x4F9F, 0x575D, 0x8F3D, 0xDF9F,   // 0x2700 (9984) pixels
0xCFDF, 0x77BD, 0x3F9D, 0x579F, 0x573F, 0x4F5F, 0x6F9F, 0x4CB6, 0x00C4, 0x0083, 0x0000, 0x0000, 0x0000, 0x0020, 0x0000, 0x0800,   // 0x2710 (10000) pixels
0x0000, 0x0000, 0x0000, 0x0000, 0x0800, 0x0000, 0x232D, 0x679F, 0x2D3F, 0x1C3F, 0x2C7F, 0x659E, 0x5C33, 0x08A2, 0x0000, 0x0000,   // 0x2720 (10016) pixels
0x0000, 0x0000, 0x0000, 0x0000, 0x0000, 0x0000, 0x0000, 0x0000, 0x0000, 0x0000, 0x0000, 0x0000, 0x0000, 0x0000, 0x0000, 0x0000,   // 0x2730 (10032) pixels
0x0000, 0x0000, 0x0000, 0x0000, 0x0000, 0x0000, 0x0000, 0x0000, 0x0000, 0x0000, 0x0000, 0x0000, 0x0000, 0x0000, 0x0000, 0x0000,   // 0x2740 (10048) pixels
0x0000, 0x0000, 0x0000, 0x0000, 0x0000, 0x0000, 0x0000, 0x0000, 0x0000, 0x0000, 0x0000, 0x0000, 0x0000, 0x0000, 0x0000, 0x0000,   // 0x2750 (10064) pixels
0x0000, 0x0000, 0x0000, 0x0000, 0x0000, 0x0000, 0x0000, 0x0000, 0x0000, 0x0000, 0x0000, 0x0000, 0x0000, 0x0000, 0x0000, 0x0000,   // 0x2760 (10080) pixels
0x0000, 0x0000, 0x0000, 0x0000, 0x0000, 0x0000, 0x0000, 0x0000, 0x0000, 0x0000, 0x0000, 0x0000, 0x0000, 0x0000, 0x0000, 0x0000,   // 0x2770 (10096) pixels
0x0000, 0x0000, 0x0000, 0x0000, 0x0000, 0x0000, 0x0000, 0x0000, 0x0000, 0x0000, 0x0000, 0x0000, 0x0000, 0x0000, 0x0000, 0x0000,   // 0x2780 (10112) pixels
0x0000, 0x0000, 0x0000, 0x0000, 0x0000, 0x0000, 0x0000, 0x0000, 0x0000, 0x0000, 0x0000, 0x0000, 0x0000, 0x0000, 0x0000, 0x0000,   // 0x2790 (10128) pixels
0x0000, 0x0000, 0x0000, 0x0000, 0x0000, 0x0000, 0x0000, 0x0000, 0x0800, 0x0000, 0x1125, 0x7576, 0x65F8, 0x773D, 0x679F, 0x579F,   // 0x27A0 (10144) pixels
0x4F7F, 0x4F7F, 0x575E, 0x77BE, 0xBFDE, 0xF7DF, 0xF7FF, 0xFFFF, 0xF7DF, 0xBF9F, 0x879F, 0x5F1E, 0x5F5F, 0x577F, 0x577F, 0x577F,   // 0x27B0 (10160) pixels
0x577F, 0x577F, 0x577F, 0x577F, 0x577F, 0x577F, 0x4F9F, 0x577F, 0x4F7F, 0x4F7F, 0x4F9F, 0x3F9D, 0x779D, 0xDFBF, 0xE7DF, 0x8FDE,   // 0x27C0 (10176) pixels
0x479C, 0x579F, 0x5F9F, 0x4F7F, 0x679F, 0x6E7C, 0x5D56, 0x5411, 0x10E5, 0x0821, 0x0000, 0x0020, 0x0000, 0x0000, 0x0000, 0x0000,   // 0x27D0 (10192) pixels
0x0020, 0x0000, 0x0000, 0x0000, 0x230E, 0x679F, 0x1CFE, 0x145F, 0x23FE, 0x3376, 0x0967, 0x0000, 0x0000, 0x0000, 0x0000, 0x0000,   // 0x27E0 (10208) pixels
0x0000, 0x0000, 0x0000, 0x0000, 0x0000, 0x0000, 0x0000, 0x0000, 0x0000, 0x0000, 0x0000, 0x0000, 0x0000, 0x0000, 0x0000, 0x0000,   // 0x27F0 (10224) pixels
0x0000, 0x0000, 0x0000, 0x0000, 0x0000, 0x0000, 0x0000, 0x0000, 0x0000, 0x0000, 0x0000, 0x0000, 0x0000, 0x0000, 0x0000, 0x0000,   // 0x2800 (10240) pixels
0x0000, 0x0000, 0x0000, 0x0000, 0x0000, 0x0000, 0x0000, 0x0000, 0x0000, 0x0000, 0x0000, 0x0000, 0x0000, 0x0000, 0x0000, 0x0000,   // 0x2810 (10256) pixels
0x0000, 0x0000, 0x0000, 0x0000, 0x0000, 0x0000, 0x0000, 0x0000, 0x0000, 0x0000, 0x0000, 0x0000, 0x0000, 0x0000, 0x0000, 0x0000,   // 0x2820 (10272) pixels
0x0000, 0x0000, 0x0000, 0x0000, 0x0000, 0x0000, 0x0000, 0x0000, 0x0000, 0x0000, 0x0000, 0x0000, 0x0000, 0x0000, 0x0000, 0x0000,   // 0x2830 (10288) pixels
0x0000, 0x0000, 0x0000, 0x0000, 0x0000, 0x0000, 0x0000, 0x0000, 0x0000, 0x0000, 0x0000, 0x0000, 0x0000, 0x0000, 0x0000, 0x0000,   // 0x2840 (10304) pixels
0x0000, 0x0000, 0x0000, 0x0000, 0x0000, 0x0000, 0x0000, 0x0000, 0x0000, 0x0000, 0x0000, 0x0000, 0x0000, 0x0000, 0x0000, 0x0000,   // 0x2850 (10320) pixels
0x0000, 0x0000, 0x0000, 0x0000, 0x0000, 0x0840, 0x0000, 0x0000, 0x0986, 0x977E, 0x77DF, 0x57BF, 0x577F, 0x4F5F, 0x477F, 0x47BF,   // 0x2860 (10336) pixels
0x577E, 0xA7DF, 0xDFFF, 0xF7FE, 0xF7FE, 0xF7DE, 0xD7DF, 0x7F7D, 0x4F9E, 0x477F, 0x579F, 0x57BE, 0x577F, 0x577F, 0x577F, 0x577F,   // 0x2870 (10352) pixels
0x577F, 0x577F, 0x577F, 0x577F, 0x4F7F, 0x577F, 0x577F, 0x575F, 0x577F, 0x37DE, 0x67FE, 0xE79F, 0xF77F, 0xAF9E, 0x5F7D, 0x4F7E,   // 0x2880 (10368) pixels
0x577F, 0x4F7F, 0x5F9F, 0x6F9F, 0x77FF, 0x6DF8, 0x0926, 0x0001, 0x0000, 0x0020, 0x0021, 0x0821, 0x0000, 0x0000, 0x0000, 0x0000,   // 0x2890 (10384) pixels
0x0800, 0x0021, 0x230E, 0x571E, 0x1CFE, 0x1C9F, 0x2C5F, 0x2B15, 0x0023, 0x0000, 0x0020, 0x0000, 0x0000, 0x0000, 0x0000, 0x0000,   // 0x28A0 (10400) pixels
0x0000, 0x0000, 0x0000, 0x0000, 0x0000, 0x0000, 0x0000, 0x0000, 0x0000, 0x0000, 0x0000, 0x0000, 0x0000, 0x0000, 0x0000, 0x0000,   // 0x28B0 (10416) pixels
0x0000, 0x0000, 0x0000, 0x0000, 0x0000, 0x0000, 0x0000, 0x0000, 0x0000, 0x0000, 0x0000, 0x0000, 0x0000, 0x0000, 0x0000, 0x0000,   // 0x28C0 (10432) pixels
0x0000, 0x0000, 0x0000, 0x0000, 0x0000, 0x0000, 0x0000, 0x0000, 0x0000, 0x0000, 0x0000, 0x0000, 0x0000, 0x0000, 0x0000, 0x0000,   // 0x28D0 (10448) pixels
0x0000, 0x0000, 0x0000, 0x0000, 0x0000, 0x0000, 0x0000, 0x0000, 0x0000, 0x0000, 0x0000, 0x0000, 0x0000, 0x0000, 0x0000, 0x0000,   // 0x28E0 (10464) pixels
0x0000, 0x0000, 0x0000, 0x0000, 0x0000, 0x0000, 0x0000, 0x0000, 0x0000, 0x0000, 0x0000, 0x0000, 0x0000, 0x0000, 0x0000, 0x0000,   // 0x28F0 (10480) pixels
0x0000, 0x0000, 0x0000, 0x0000, 0x0000, 0x0000, 0x0000, 0x0000, 0x0000, 0x0000, 0x0000, 0x0000, 0x0000, 0x0000, 0x0000, 0x0000,   // 0x2900 (10496) pixels
0x0000, 0x0000, 0x0000, 0x0000, 0x0000, 0x0000, 0x0000, 0x0000, 0x0000, 0x0000, 0x0000, 0x0000, 0x0000, 0x0000, 0x0000, 0x0000,   // 0x2910 (10512) pixels
0x0000, 0x0000, 0x0000, 0x0020, 0x0000, 0x0041, 0x01E8, 0x7F7E, 0x57DF, 0x3FFF, 0x4F9F, 0x4F7F, 0x477F, 0x379F, 0x4F3D, 0xB7DF,   // 0x2920 (10528) pixels
0xEFFF, 0xF7FE, 0xFFFF, 0xFFFF, 0xCFFF, 0x679D, 0x37DF, 0x3FDF, 0x479F, 0x4F7E, 0x577F, 0x577F, 0x577F, 0x577F, 0x577F, 0x577F,   // 0x2930 (10544) pixels
0x577F, 0x577F, 0x577E, 0x5F7F, 0x5F7F, 0x673F, 0x5F3F, 0x37DE, 0x67FE, 0xEF7F, 0xFF3E, 0xCF9F, 0x7FBE, 0x577F, 0x4F9F, 0x4F9F,   // 0x2940 (10560) pixels
0x4F7E, 0x4FBE, 0x57FF, 0x5619, 0x0105, 0x0001, 0x0801, 0x0000, 0x0000, 0x0001, 0x0000, 0x0000, 0x0000, 0x0020, 0x20E4, 0x2967,   // 0x2950 (10576) pixels
0x33D1, 0x4EDE, 0x1CFE, 0x147F, 0x347F, 0x3B76, 0x0002, 0x0000, 0x0000, 0x0000, 0x0000, 0x0000, 0x0000, 0x0000, 0x0000, 0x0000,   // 0x2960 (10592) pixels
0x0000, 0x0000, 0x0000, 0x0000, 0x0000, 0x0000, 0x0000, 0x0000, 0x0000, 0x0000, 0x0000, 0x0000, 0x0000, 0x0000, 0x0000, 0x0000,   // 0x2970 (10608) pixels
0x0000, 0x0000, 0x0000, 0x0000, 0x0000, 0x0000, 0x0000, 0x0000, 0x0000, 0x0000, 0x0000, 0x0000, 0x0000, 0x0000, 0x0000, 0x0000,   // 0x2980 (10624) pixels
0x0000, 0x0000, 0x0000, 0x0000, 0x0000, 0x0000, 0x0000, 0x0000, 0x0000, 0x0000, 0x0000, 0x0000, 0x0000, 0x0000, 0x0000, 0x0000,   // 0x2990 (10640) pixels
0x0000, 0x0000, 0x0000, 0x0000, 0x0000, 0x0000, 0x0000, 0x0000, 0x0000, 0x0000, 0x0000, 0x0000, 0x0000, 0x0000, 0x0000, 0x0000,   // 0x29A0 (10656) pixels
0x0000, 0x0000, 0x0000, 0x0000, 0x0000, 0x0000, 0x0000, 0x0000, 0x0000, 0x0000, 0x0000, 0x0000, 0x0000, 0x0000, 0x0000, 0x0000,   // 0x29B0 (10672) pixels
0x0000, 0x0000, 0x0000, 0x0000, 0x0000, 0x0000, 0x0000, 0x0000, 0x0000, 0x0000, 0x0000, 0x0000, 0x0000, 0x0000, 0x0000, 0x0000,   // 0x29C0 (10688) pixels
0x0000, 0x0000, 0x0000, 0x0000, 0x0000, 0x0000, 0x0000, 0x0000, 0x0000, 0x0000, 0x0000, 0x0000, 0x0000, 0x0000, 0x0000, 0x0000,   // 0x29D0 (10704) pixels
0x0020, 0x0020, 0x1926, 0x0187, 0x1B6E, 0x7F3D, 0x77BF, 0x5FDF, 0x579F, 0x479F, 0x379E, 0x3FDF, 0x3F1D, 0x7F7E, 0xC7BF, 0xF7FF,   // 0x29E0 (10720) pixels
0xF7FF, 0xF7FF, 0xC7FF, 0x679E, 0x47DE, 0x4FBE, 0x5FBF, 0x5FDF, 0x5F7F, 0x5F7F, 0x5F7F, 0x5F9F, 0x5F9F, 0x579F, 0x579F, 0x579F,   // 0x29F0 (10736) pixels
0x5FBF, 0x679F, 0x675E, 0x5F7F, 0x57BF, 0x577F, 0x7F7F, 0xAFDF, 0xEF9F, 0xEF5F, 0xBF5F, 0x777E, 0x47BD, 0x47BF, 0x4F7F, 0x579F,   // 0x2A00 (10752) pixels
0x6F5F, 0x6DD8, 0x2AAB, 0x19E9, 0x0125, 0x0060, 0x0800, 0x0001, 0x0040, 0x0000, 0x0800, 0x0001, 0x3350, 0x771F, 0x463F, 0x45BF,   // 0x2A10 (10768) pixels
0x14FF, 0x1CBF, 0x4CDD, 0x43B5, 0x0064, 0x0000, 0x0000, 0x0001, 0x0000, 0x0000, 0x0000, 0x0000, 0x0000, 0x0000, 0x0000, 0x0000,   // 0x2A20 (10784) pixels
0x0000, 0x0000, 0x0000, 0x0000, 0x0000, 0x0000, 0x0000, 0x0000, 0x0000, 0x0000, 0x0000, 0x0000, 0x0000, 0x0000, 0x0000, 0x0000,   // 0x2A30 (10800) pixels
0x0000, 0x0000, 0x0000, 0x0000, 0x0000, 0x0000, 0x0000, 0x0000, 0x0000, 0x0000, 0x0000, 0x0000, 0x0000, 0x0000, 0x0000, 0x0000,   // 0x2A40 (10816) pixels
0x0000, 0x0000, 0x0000, 0x0000, 0x0000, 0x0000, 0x0000, 0x0000, 0x0000, 0x0000, 0x0000, 0x0000, 0x0000, 0x0000, 0x0000, 0x0000,   // 0x2A50 (10832) pixels
0x0000, 0x0000, 0x0000, 0x0000, 0x0000, 0x0000, 0x0000, 0x0000, 0x0000, 0x0000, 0x0000, 0x0000, 0x0000, 0x0000, 0x0000, 0x0000,   // 0x2A60 (10848) pixels
0x0000, 0x0000, 0x0000, 0x0000, 0x0000, 0x0000, 0x0000, 0x0000, 0x0000, 0x0000, 0x0000, 0x0000, 0x0000, 0x0000, 0x0000, 0x0000,   // 0x2A70 (10864) pixels
0x0000, 0x0000, 0x0000, 0x0000, 0x0000, 0x0000, 0x0000, 0x0000, 0x0000, 0x0000, 0x0000, 0x0000, 0x0000, 0x0000, 0x0000, 0x0000,   // 0x2A80 (10880) pixels
0x0000, 0x0000, 0x0000, 0x0000, 0x0000, 0x0000, 0x0000, 0x0000, 0x0000, 0x0000, 0x0000, 0x0000, 0x0020, 0x0000, 0x0000, 0x0000,   // 0x2A90 (10896) pixels
0x53D0, 0x7EBB, 0x66FB, 0x7FDF, 0x779F, 0x673F, 0x5F9D, 0x57BE, 0x47BE, 0x3F9E, 0x36FE, 0x2DFD, 0x45BD, 0x4D9D, 0x6DDB, 0x7DBD,   // 0x2AA0 (10912) pixels
0x75BF, 0x455E, 0x355E, 0x34FE, 0x3CFE, 0x3D1E, 0x44DD, 0x44DD, 0x3CDD, 0x3CDD, 0x3CDD, 0x3CDD, 0x3CDD, 0x3CDD, 0x34DE, 0x3CBD,   // 0x2AB0 (10928) pixels
0x449C, 0x3CDD, 0x2CFE, 0x2C9D, 0x445B, 0x6C7B, 0xC5BB, 0xEEBF, 0xD73F, 0x873D, 0x5FDF, 0x57DF, 0x577E, 0x579D, 0x577F, 0x673D,   // 0x2AC0 (10944) pixels
0x665A, 0x6E1A, 0x3370, 0x0082, 0x0000, 0x0020, 0x0000, 0x0000, 0x0800, 0x0042, 0x2B0F, 0x563E, 0x251D, 0x1CBD, 0x1CDF, 0x349E,   // 0x2AD0 (10960) pixels
0x2B35, 0x220C, 0x0062, 0x0020, 0x0000, 0x0000, 0x0000, 0x0000, 0x0000, 0x0000, 0x0000, 0x0000, 0x0000, 0x0000, 0x0000, 0x0000,   // 0x2AE0 (10976) pixels
0x0000, 0x0000, 0x0000, 0x0000, 0x0000, 0x0000, 0x0000, 0x0000, 0x0000, 0x0000, 0x0000, 0x0000, 0x0000, 0x0000, 0x0000, 0x0000,   // 0x2AF0 (10992) pixels
0x0000, 0x0000, 0x0000, 0x0000, 0x0000, 0x0000, 0x0000, 0x0000, 0x0000, 0x0000, 0x0000, 0x0000, 0x0000, 0x0000, 0x0000, 0x0000,   // 0x2B00 (11008) pixels
0x0000, 0x0000, 0x0000, 0x0000, 0x0000, 0x0000, 0x0000, 0x0000, 0x0000, 0x0000, 0x0000, 0x0000, 0x0000, 0x0000, 0x0000, 0x0000,   // 0x2B10 (11024) pixels
0x0000, 0x0000, 0x0000, 0x0000, 0x0000, 0x0000, 0x0000, 0x0000, 0x0000, 0x0000, 0x0000, 0x0000, 0x0000, 0x0000, 0x0000, 0x0000,   // 0x2B20 (11040) pixels
0x0000, 0x0000, 0x0000, 0x0000, 0x0000, 0x0000, 0x0000, 0x0000, 0x0000, 0x0000, 0x0000, 0x0000, 0x0000, 0x0000, 0x0000, 0x0000,   // 0x2B30 (11056) pixels
0x0000, 0x0000, 0x0000, 0x0000, 0x0000, 0x0000, 0x0000, 0x0000, 0x0000, 0x0000, 0x0000, 0x0000, 0x0000, 0x0000, 0x0000, 0x0000,   // 0x2B40 (11072) pixels
0x0000, 0x0000, 0x0000, 0x0000, 0x0000, 0x0000, 0x0000, 0x0000, 0x0000, 0x0000, 0x0000, 0x0020, 0x1001, 0x0001, 0x4C31, 0x8FFF,   // 0x2B50 (11088) pixels
0x6FDE, 0x679E, 0x6F7F, 0x779F, 0x679F, 0x5F5F, 0x4EFF, 0x46FD, 0x46FE, 0x0D3C, 0x04DD, 0x049C, 0x041B, 0x033B, 0x1B1E, 0x12BF,   // 0x2B60 (11104) pixels
0x1A9F, 0x225F, 0x2A5F, 0x227F, 0x2A3D, 0x2A3D, 0x2A5D, 0x2A5D, 0x2A5D, 0x2A5D, 0x2A5D, 0x2A5D, 0x225F, 0x2A5E, 0x2A3D, 0x225E,   // 0x2B70 (11120) pixels
0x1A7E, 0x1A3E, 0x21FC, 0x39DB, 0xB45B, 0xFE5F, 0xE6BF, 0x7D9B, 0x4E1E, 0x567F, 0x567F, 0x671F, 0x5F9F, 0x575F, 0x4F5F, 0x673F,   // 0x2B80 (11136) pixels
0x4475, 0x0042, 0x0000, 0x0020, 0x0800, 0x0800, 0x0800, 0x0001, 0x1AAE, 0x45DE, 0x14DD, 0x0C5D, 0x2C7E, 0x3C3B, 0x014B, 0x0023,   // 0x2B90 (11152) pixels
0x0000, 0x0820, 0x0000, 0x0000, 0x0000, 0x0000, 0x0000, 0x0000, 0x0000, 0x0000, 0x0000, 0x0000, 0x0000, 0x0000, 0x0000, 0x0000,   // 0x2BA0 (11168) pixels
0x0000, 0x0000, 0x0000, 0x0000, 0x0000, 0x0000, 0x0000, 0x0000, 0x0000, 0x0000, 0x0000, 0x0000, 0x0000, 0x0000, 0x0000, 0x0000,   // 0x2BB0 (11184) pixels
0x0000, 0x0000, 0x0000, 0x0000, 0x0000, 0x0000, 0x0000, 0x0000, 0x0000, 0x0000, 0x0000, 0x0000, 0x0000, 0x0000, 0x0000, 0x0000,   // 0x2BC0 (11200) pixels
0x0000, 0x0000, 0x0000, 0x0000, 0x0000, 0x0000, 0x0000, 0x0000, 0x0000, 0x0000, 0x0000, 0x0000, 0x0000, 0x0000, 0x0000, 0x0000,   // 0x2BD0 (11216) pixels
0x0000, 0x0000, 0x0000, 0x0000, 0x0000, 0x0000, 0x0000, 0x0000, 0x0000, 0x0000, 0x0000, 0x0000, 0x0000, 0x0000, 0x0000, 0x0000,   // 0x2BE0 (11232) pixels
0x0000, 0x0000, 0x0000, 0x0000, 0x0000, 0x0000, 0x0000, 0x0000, 0x0000, 0x0000, 0x0000, 0x0000, 0x0000, 0x0000, 0x0000, 0x0000,   // 0x2BF0 (11248) pixels
0x0000, 0x0000, 0x0000, 0x0000, 0x0000, 0x0000, 0x0000, 0x0000, 0x0000, 0x0000, 0x0000, 0x0000, 0x0000, 0x0000, 0x0000, 0x0000,   // 0x2C00 (11264) pixels
0x0000, 0x0000, 0x0000, 0x0000, 0x0000, 0x0000, 0x0000, 0x0000, 0x0000, 0x0000, 0x0800, 0x0001, 0x43F0, 0x87DF, 0x6FFF, 0x6FFF,   // 0x2C10 (11280) pixels
0x6F5E, 0x3DF9, 0x1C5B, 0x1C3C, 0x349B, 0x76BD, 0x97DF, 0x665D, 0x4DDE, 0x355A, 0x24BF, 0x02FB, 0x029E, 0x0A5F, 0x1A5F, 0x223F,   // 0x2C20 (11296) pixels
0x2A3F, 0x223F, 0x321F, 0x321F, 0x321F, 0x2A1F, 0x2A1F, 0x2A1F, 0x2A1F, 0x2A1F, 0x2A1F, 0x31FE, 0x31DD, 0x29FE, 0x221F, 0x221F,   // 0x2C30 (11312) pixels
0x29FE, 0x31BC, 0x9B7B, 0xED7F, 0xE5BF, 0x5B79, 0x12B7, 0x12B9, 0x231A, 0x3C5D, 0x65DF, 0x565F, 0x4F1F, 0x5EFF, 0x4C74, 0x0001,   // 0x2C40 (11328) pixels
0x0800, 0x0800, 0x0800, 0x0820, 0x0000, 0x0022, 0x12D0, 0x4DFF, 0x14DE, 0x041E, 0x34BE, 0x445A, 0x00C8, 0x0001, 0x0800, 0x0800,   // 0x2C50 (11344) pixels
0x0840, 0x0000, 0x0000, 0x0000, 0x0000, 0x0000, 0x0000, 0x0000, 0x0000, 0x0000, 0x0000, 0x0000, 0x0000, 0x0000, 0x0000, 0x0000,   // 0x2C60 (11360) pixels
0x0000, 0x0000, 0x0000, 0x0000, 0x0000, 0x0000, 0x0000, 0x0000, 0x0000, 0x0000, 0x0000, 0x0000, 0x0000, 0x0000, 0x0000, 0x0000,   // 0x2C70 (11376) pixels
0x0000, 0x0000, 0x0000, 0x0000, 0x0000, 0x0000, 0x0000, 0x0000, 0x0000, 0x0000, 0x0000, 0x0000, 0x0000, 0x0000, 0x0000, 0x0000,   // 0x2C80 (11392) pixels
0x0000, 0x0000, 0x0000, 0x0000, 0x0000, 0x0000, 0x0000, 0x0000, 0x0000, 0x0000, 0x0000, 0x0000, 0x0000, 0x0000, 0x0000, 0x0000,   // 0x2C90 (11408) pixels
0x0000, 0x0000, 0x0000, 0x0000, 0x0000, 0x0000, 0x0000, 0x0000, 0x0000, 0x0000, 0x0000, 0x0000, 0x0000, 0x0000, 0x0000, 0x0000,   // 0x2CA0 (11424) pixels
0x0000, 0x0000, 0x0000, 0x0000, 0x0000, 0x0000, 0x0000, 0x0000, 0x0000, 0x0000, 0x0000, 0x0000, 0x0000, 0x0000, 0x0000, 0x0000,   // 0x2CB0 (11440) pixels
0x0000, 0x0000, 0x0000, 0x0000, 0x0000, 0x0000, 0x0000, 0x0000, 0x0000, 0x0000, 0x0000, 0x0000, 0x0000, 0x0000, 0x0000, 0x0000,   // 0x2CC0 (11456) pixels
0x0000, 0x0000, 0x0000, 0x0000, 0x0000, 0x0000, 0x0000, 0x0841, 0x0020, 0x0062, 0x4431, 0x7FBF, 0x5F3E, 0x7F7F, 0x7EDF, 0x3455,   // 0x2CD0 (11472) pixels
0x1A59, 0x1A39, 0x4358, 0xB71D, 0xE7FF, 0xDFFF, 0xD7BF, 0xCF7E, 0x9EDF, 0x54FC, 0x44BD, 0x3C7E, 0x3C7D, 0x3C7D, 0x447E, 0x4C5E,   // 0x2CE0 (11488) pixels
0x4C1E, 0x4C1E, 0x441E, 0x441E, 0x43FD, 0x43FD, 0x3BFD, 0x3BFD, 0x43FD, 0x43FD, 0x4BFC, 0x43FD, 0x441E, 0x443F, 0x441D, 0x43FB,   // 0x2CF0 (11504) pixels
0xACFD, 0xE57F, 0xE57F, 0x943B, 0x6BFB, 0x5B9D, 0x531E, 0x42DE, 0x3A79, 0x549E, 0x6E9F, 0x76FE, 0x4431, 0x0021, 0x0821, 0x0800,   // 0x2D00 (11520) pixels
0x1000, 0x0000, 0x00C2, 0x0167, 0x1332, 0x3D7F, 0x14BF, 0x0C5F, 0x34BE, 0x4C9A, 0x00E7, 0x0000, 0x0800, 0x0000, 0x0021, 0x0000,   // 0x2D10 (11536) pixels
0x0000, 0x0000, 0x0000, 0x0000, 0x0000, 0x0000, 0x0000, 0x0000, 0x0000, 0x0000, 0x0000, 0x0000, 0x0000, 0x0000, 0x0000, 0x0000,   // 0x2D20 (11552) pixels
0x0000, 0x0000, 0x0000, 0x0000, 0x0000, 0x0000, 0x0000, 0x0000, 0x0000, 0x0000, 0x0000, 0x0000, 0x0000, 0x0000, 0x0000, 0x0000,   // 0x2D30 (11568) pixels
0x0000, 0x0000, 0x0000, 0x0000, 0x0000, 0x0000, 0x0000, 0x0000, 0x0000, 0x0000, 0x0000, 0x0000, 0x0000, 0x0000, 0x0000, 0x0000,   // 0x2D40 (11584) pixels
0x0000, 0x0000, 0x0000, 0x0000, 0x0000, 0x0000, 0x0000, 0x0000, 0x0000, 0x0000, 0x0000, 0x0000, 0x0000, 0x0000, 0x0000, 0x0000,   // 0x2D50 (11600) pixels
0x0000, 0x0000, 0x0000, 0x0000, 0x0000, 0x0000, 0x0000, 0x0000, 0x0000, 0x0000, 0x0000, 0x0000, 0x0000, 0x0000, 0x0000, 0x0000,   // 0x2D60 (11616) pixels
0x0000, 0x0000, 0x0000, 0x0000, 0x0000, 0x0000, 0x0000, 0x0000, 0x0000, 0x0000, 0x0000, 0x0000, 0x0000, 0x0000, 0x0000, 0x0000,   // 0x2D70 (11632) pixels
0x0000, 0x0000, 0x0000, 0x0000, 0x0000, 0x0000, 0x0000, 0x0000, 0x0000, 0x0000, 0x0000, 0x0000, 0x0000, 0x0000, 0x0000, 0x0000,   // 0x2D80 (11648) pixels
0x0000, 0x0000, 0x0000, 0x0000, 0x0000, 0x18C3, 0x6430, 0x5430, 0x65F8, 0x5F1F, 0x359C, 0x5D5E, 0x8D9F, 0x849E, 0x947F, 0x8C5F,   // 0x2D90 (11664) pixels
0xAD5E, 0xF7DF, 0xF7FC, 0xF7DD, 0xFFBF, 0xFFDF, 0xE7DF, 0x9E9C, 0x971F, 0x9F7F, 0x977F, 0x875F, 0x86FF, 0x8EBF, 0x8F1F, 0x8F1F,   // 0x2DA0 (11680) pixels
0x8F1F, 0x8F1F, 0x8F1F, 0x8F1F, 0x8F1F, 0x8F1F, 0x7F1F, 0x7EFF, 0x7EDF, 0x7EBF, 0x7E9F, 0x7EBF, 0x7EDF, 0x7EFF, 0xCE9F, 0xE5FF,   // 0x2DB0 (11696) pixels
0xF5FE, 0xDE1E, 0xD69F, 0xBD9F, 0x945F, 0x62FF, 0x5A5E, 0x5B9F, 0x5CFE, 0x7E5D, 0x5D55, 0x2B4E, 0x328C, 0x0001, 0x1000, 0x0020,   // 0x2DC0 (11712) pixels
0x436D, 0x6DB9, 0x4D7C, 0x357F, 0x14BF, 0x145F, 0x34DD, 0x54DA, 0x00C6, 0x0000, 0x0821, 0x0001, 0x0000, 0x0000, 0x0000, 0x0000,   // 0x2DD0 (11728) pixels
0x0000, 0x0000, 0x0000, 0x0000, 0x0000, 0x0000, 0x0000, 0x0000, 0x0000, 0x0000, 0x0000, 0x0000, 0x0000, 0x0000, 0x0000, 0x0000,   // 0x2DE0 (11744) pixels
0x0000, 0x0000, 0x0000, 0x0000, 0x0000, 0x0000, 0x0000, 0x0000, 0x0000, 0x0000, 0x0000, 0x0000, 0x0000, 0x0000, 0x0000, 0x0000,   // 0x2DF0 (11760) pixels
0x0000, 0x0000, 0x0000, 0x0000, 0x0000, 0x0000, 0x0000, 0x0000, 0x0000, 0x0000, 0x0000, 0x0000, 0x0000, 0x0000, 0x0000, 0x0000,   // 0x2E00 (11776) pixels
0x0000, 0x0000, 0x0000, 0x0000, 0x0000, 0x0000, 0x0000, 0x0000, 0x0000, 0x0000, 0x0000, 0x0000, 0x0000, 0x0000, 0x0000, 0x0000,   // 0x2E10 (11792) pixels
0x0000, 0x0000, 0x0000, 0x0000, 0x0000, 0x0000, 0x0000, 0x0000, 0x0000, 0x0000, 0x0000, 0x0000, 0x0000, 0x0000, 0x0000, 0x0000,   // 0x2E20 (11808) pixels
0x0000, 0x0000, 0x0000, 0x0000, 0x0000, 0x0000, 0x0000, 0x0000, 0x0000, 0x0000, 0x0000, 0x0000, 0x0000, 0x0000, 0x0000, 0x0000,   // 0x2E30 (11824) pixels
0x0000, 0x0000, 0x0000, 0x0000, 0x0000, 0x0000, 0x0000, 0x0000, 0x0000, 0x0000, 0x0000, 0x0000, 0x0000, 0x0000, 0x0000, 0x0000,   // 0x2E40 (11840) pixels
0x0000, 0x0000, 0x0000, 0x2104, 0x975C, 0x9FBF, 0x87BF, 0x569F, 0x1C3C, 0x2AFC, 0x52DD, 0x72FF, 0x6B5D, 0x7C1C, 0xC65F, 0xFFFF,   // 0x2E50 (11856) pixels
0xEFDD, 0xEFFE, 0xEFFF, 0xE7FF, 0xAE3E, 0x6CDB, 0x651F, 0x6CDF, 0x64BD, 0x5CDC, 0x54BC, 0x649E, 0x5CBD, 0x5CBD, 0x5CBD, 0x64DE,   // 0x2E60 (11872) pixels
0x64FE, 0x64FE, 0x651E, 0x651E, 0x5D1F, 0x54FE, 0x54DD, 0x5C9E, 0x5C5E, 0x5C7F, 0x5CBE, 0x5CFD, 0x843F, 0xBC7E, 0xED3E, 0xE5BD,   // 0x2E70 (11888) pixels
0xBD5D, 0x72F9, 0x5A3C, 0x41FD, 0x5A7F, 0x423E, 0x2A59, 0x6D1D, 0x6E9D, 0x669D, 0x5CF6, 0x0064, 0x1000, 0x0020, 0x4451, 0x7EFF,   // 0x2E80 (11904) pixels
0x2D3C, 0x0C7D, 0x147E, 0x1C5E, 0x3C5A, 0x5415, 0x08A4, 0x0000, 0x0021, 0x0001, 0x0000, 0x0020, 0x0000, 0x0000, 0x0000, 0x0000,   // 0x2E90 (11920) pixels
0x0000, 0x0000, 0x0000, 0x0000, 0x0000, 0x0000, 0x0000, 0x0000, 0x0000, 0x0000, 0x0000, 0x0000, 0x0000, 0x0000, 0x0000, 0x0000,   // 0x2EA0 (11936) pixels
0x0000, 0x0000, 0x0000, 0x0000, 0x0000, 0x0000, 0x0000, 0x0000, 0x0000, 0x0000, 0x0000, 0x0000, 0x0000, 0x0000, 0x0000, 0x0000,   // 0x2EB0 (11952) pixels
0x0000, 0x0000, 0x0000, 0x0000, 0x0000, 0x0000, 0x0000, 0x0000, 0x0000, 0x0000, 0x0000, 0x0000, 0x0000, 0x0000, 0x0000, 0x0000,   // 0x2EC0 (11968) pixels
0x0000, 0x0000, 0x0000, 0x0000, 0x0000, 0x0000, 0x0000, 0x0000, 0x0000, 0x0000, 0x0000, 0x0000, 0x0000, 0x0000, 0x0000, 0x0000,   // 0x2ED0 (11984) pixels
0x0000, 0x0000, 0x0000, 0x0000, 0x0000, 0x0000, 0x0000, 0x0000, 0x0000, 0x0000, 0x0000, 0x0000, 0x0000, 0x0000, 0x0000, 0x0000,   // 0x2EE0 (12000) pixels
0x0000, 0x0000, 0x0000, 0x0000, 0x0000, 0x0000, 0x0000, 0x0000, 0x0000, 0x0000, 0x0000, 0x0000, 0x0000, 0x0000, 0x0000, 0x0000,   // 0x2EF0 (12016) pixels
0x0000, 0x0000, 0x0000, 0x0000, 0x0000, 0x0000, 0x0000, 0x0000, 0x0000, 0x0000, 0x0000, 0x0000, 0x0020, 0x0000, 0x0000, 0x0000,   // 0x2F00 (12032) pixels
0x0000, 0x2104, 0x671A, 0x87BF, 0x879F, 0x4DBF, 0x0B1C, 0x225E, 0x39FF, 0x39BD, 0x1A59, 0x4B9A, 0xBEFF, 0xE7FF, 0xE7FF, 0xDFFE,   // 0x2F10 (12048) pixels
0xD7FE, 0xBFBD, 0x5C3F, 0x1ABC, 0x229F, 0x3A1F, 0x4A1F, 0x425E, 0x3A3E, 0x421F, 0x3A3F, 0x3A3F, 0x3A3F, 0x323F, 0x323F, 0x323F,   // 0x2F20 (12064) pixels
0x323F, 0x323F, 0x325F, 0x323E, 0x3A5F, 0x423F, 0x41DF, 0x41BF, 0x39FF, 0x321E, 0x417F, 0x929F, 0xCBFF, 0xDCFF, 0xBCDF, 0x621C,   // 0x2F30 (12080) pixels
0x499E, 0x41FF, 0x39FD, 0x39FF, 0x31DC, 0x6CDF, 0x665F, 0x569F, 0x44B7, 0x0045, 0x1000, 0x0041, 0x4CD4, 0x7F5F, 0x251D, 0x0C9D,   // 0x2F40 (12096) pixels
0x1CBF, 0x245E, 0x1251, 0x19CC, 0x0000, 0x0800, 0x0000, 0x0000, 0x0040, 0x0000, 0x0000, 0x0000, 0x0000, 0x0000, 0x0000, 0x0000,   // 0x2F50 (12112) pixels
0x0000, 0x0000, 0x0000, 0x0000, 0x0000, 0x0000, 0x0000, 0x0000, 0x0000, 0x0000, 0x0000, 0x0000, 0x0000, 0x0000, 0x0000, 0x0000,   // 0x2F60 (12128) pixels
0x0000, 0x0000, 0x0000, 0x0000, 0x0000, 0x0000, 0x0000, 0x0000, 0x0000, 0x0000, 0x0000, 0x0000, 0x0000, 0x0000, 0x0000, 0x0000,   // 0x2F70 (12144) pixels
0x0000, 0x0000, 0x0000, 0x0000, 0x0000, 0x0000, 0x0000, 0x0000, 0x0000, 0x0000, 0x0000, 0x0000, 0x0000, 0x0000, 0x0000, 0x0000,   // 0x2F80 (12160) pixels
0x0000, 0x0000, 0x0000, 0x0000, 0x0000, 0x0000, 0x0000, 0x0000, 0x0000, 0x0000, 0x0000, 0x0000, 0x0000, 0x0000, 0x0000, 0x0000,   // 0x2F90 (12176) pixels
0x0000, 0x0000, 0x0000, 0x0000, 0x0000, 0x0000, 0x0000, 0x0000, 0x0000, 0x0000, 0x0000, 0x0000, 0x0000, 0x0000, 0x0000, 0x0000,   // 0x2FA0 (12192) pixels
0x0000, 0x0000, 0x0000, 0x0000, 0x0000, 0x0000, 0x0000, 0x0000, 0x0000, 0x0000, 0x0000, 0x0000, 0x0000, 0x0000, 0x0000, 0x0000,   // 0x2FB0 (12208) pixels
0x0000, 0x0000, 0x0000, 0x0000, 0x0000, 0x0000, 0x0000, 0x0000, 0x0000, 0x0000, 0x0040, 0x0000, 0x0000, 0x0801, 0x0801, 0x18A4,   // 0x2FC0 (12224) pixels
0x6E37, 0x97FF, 0x879F, 0x44DF, 0x227D, 0x3A1F, 0x3A1F, 0x323E, 0x2A5E, 0x5BF9, 0xD79E, 0xE7FF, 0xE7FF, 0xD7FD, 0xD7FF, 0xB6BD,   // 0x2FD0 (12240) pixels
0x42BE, 0x3A3D, 0x3A1E, 0x425F, 0x423F, 0x3A3F, 0x3A3F, 0x3A3E, 0x3A3F, 0x3A3F, 0x3A3F, 0x3A3F, 0x3A3F, 0x3A3F, 0x3A3F, 0x3A3F,   // 0x2FE0 (12256) pixels
0x3A3F, 0x3A3F, 0x3A3F, 0x3A3F, 0x3A3F, 0x3A3F, 0x421F, 0x421F, 0x39DF, 0x8ADC, 0xD41F, 0xDC3E, 0xD4DF, 0x5A9A, 0x3A3E, 0x29DC,   // 0x2FF0 (12272) pixels
0x221F, 0x49FF, 0x51BC, 0x535E, 0x55BF, 0x5EBF, 0x4C75, 0x0023, 0x0003, 0x0024, 0x5453, 0x569D, 0x253D, 0x2C7F, 0x349F, 0x24BD,   // 0x3000 (12288) pixels
0x320C, 0x0044, 0x0001, 0x0000, 0x0000, 0x0000, 0x0000, 0x0000, 0x0000, 0x0000, 0x0000, 0x0000, 0x0000, 0x0000, 0x0000, 0x0000,   // 0x3010 (12304) pixels
0x0000, 0x0000, 0x0000, 0x0000, 0x0000, 0x0000, 0x0000, 0x0000, 0x0000, 0x0000, 0x0000, 0x0000, 0x0000, 0x0000, 0x0000, 0x0000,   // 0x3020 (12320) pixels
0x0000, 0x0000, 0x0000, 0x0000, 0x0000, 0x0000, 0x0000, 0x0000, 0x0000, 0x0000, 0x0000, 0x0000, 0x0000, 0x0000, 0x0000, 0x0000,   // 0x3030 (12336) pixels
0x0000, 0x0000, 0x0000, 0x0000, 0x0000, 0x0000, 0x0000, 0x0000, 0x0000, 0x0000, 0x0000, 0x0000, 0x0000, 0x0000, 0x0000, 0x0000,   // 0x3040 (12352) pixels
0x0000, 0x0000, 0x0000, 0x0000, 0x0000, 0x0000, 0x0000, 0x0000, 0x0000, 0x0000, 0x0000, 0x0000, 0x0000, 0x0000, 0x0000, 0x0000,   // 0x3050 (12368) pixels
0x0000, 0x0000, 0x0000, 0x0000, 0x0000, 0x0000, 0x0000, 0x0000, 0x0000, 0x0000, 0x0000, 0x0000, 0x0000, 0x0000, 0x0000, 0x0000,   // 0x3060 (12384) pixels
0x0000, 0x0000, 0x0000, 0x0000, 0x0000, 0x0000, 0x0000, 0x0000, 0x0000, 0x0000, 0x0000, 0x0000, 0x0000, 0x0000, 0x0000, 0x0000,   // 0x3070 (12400) pixels
0x0000, 0x0000, 0x0000, 0x0000, 0x0000, 0x0000, 0x0800, 0x0000, 0x0020, 0x0020, 0x0000, 0x0000, 0x0020, 0x00A2, 0x7698, 0x86FD,   // 0x3080 (12416) pixels
0x5D5E, 0x337D, 0x223D, 0x323F, 0x321F, 0x3A3F, 0x321C, 0x849B, 0xEFDF, 0xE7BE, 0xDFDF, 0xD7FE, 0xD7FF, 0xAE9E, 0x429D, 0x3A3D,   // 0x3090 (12432) pixels
0x3A3E, 0x425F, 0x3A3F, 0x3A3F, 0x3A3F, 0x3A3F, 0x3A3F, 0x3A3F, 0x3A3F, 0x3A3F, 0x3A3F, 0x3A3F, 0x3A3F, 0x3A3F, 0x3A3F, 0x3A3F,   // 0x30A0 (12448) pixels
0x3A3F, 0x3A3F, 0x3A3F, 0x3A3F, 0x421F, 0x421F, 0x41FF, 0x8B3E, 0xD45F, 0xDC3F, 0xCCBF, 0x5A3A, 0x39DF, 0x3A1F, 0x421F, 0x49DE,   // 0x30B0 (12464) pixels
0x397C, 0x3A7E, 0x441F, 0x553F, 0x551B, 0x22EF, 0x230D, 0x00A5, 0x4371, 0x565E, 0x35DF, 0x34DE, 0x2B56, 0x1A0F, 0x1127, 0x0002,   // 0x30C0 (12480) pixels
0x0001, 0x0000, 0x0000, 0x0020, 0x0000, 0x0000, 0x0000, 0x0000, 0x0000, 0x0000, 0x0000, 0x0000, 0x0000, 0x0000, 0x0000, 0x0000,   // 0x30D0 (12496) pixels
0x0000, 0x0000, 0x0000, 0x0000, 0x0000, 0x0000, 0x0000, 0x0000, 0x0000, 0x0000, 0x0000, 0x0000, 0x0000, 0x0000, 0x0000, 0x0000,   // 0x30E0 (12512) pixels
0x0000, 0x0000, 0x0000, 0x0000, 0x0000, 0x0000, 0x0000, 0x0000, 0x0000, 0x0000, 0x0000, 0x0000, 0x0000, 0x0000, 0x0000, 0x0000,   // 0x30F0 (12528) pixels
0x0000, 0x0000, 0x0000, 0x0000, 0x0000, 0x0000, 0x0000, 0x0000, 0x0000, 0x0000, 0x0000, 0x0000, 0x0000, 0x0000, 0x0000, 0x0000,   // 0x3100 (12544) pixels
0x0000, 0x0000, 0x0000, 0x0000, 0x0000, 0x0000, 0x0000, 0x0000, 0x0000, 0x0000, 0x0000, 0x0000, 0x0000, 0x0000, 0x0000, 0x0000,   // 0x3110 (12560) pixels
0x0000, 0x0000, 0x0000, 0x0000, 0x0000, 0x0000, 0x0000, 0x0000, 0x0000, 0x0000, 0x0000, 0x0000, 0x0000, 0x0000, 0x0000, 0x0000,   // 0x3120 (12576) pixels
0x0000, 0x0000, 0x0000, 0x0000, 0x0000, 0x0000, 0x0000, 0x0000, 0x0000, 0x0000, 0x0000, 0x0000, 0x0000, 0x0000, 0x0000, 0x0000,   // 0x3130 (12592) pixels
0x0000, 0x0000, 0x0000, 0x0000, 0x0800, 0x0000, 0x0000, 0x0041, 0x0000, 0x0041, 0x2A47, 0x3309, 0xA77E, 0x7D9E, 0x3ADC, 0x2A1E,   // 0x3140 (12608) pixels
0x323F, 0x3A5E, 0x3A3F, 0x421F, 0x423B, 0xA53E, 0xF7DF, 0xEFBE, 0xDFDF, 0xD7FF, 0xD7FF, 0xA63E, 0x3A5D, 0x3A3D, 0x3A3F, 0x3A3F,   // 0x3150 (12624) pixels
0x3A3F, 0x3A3F, 0x423F, 0x3A3E, 0x3A3F, 0x3A3F, 0x3A3F, 0x3A3F, 0x3A3F, 0x3A3F, 0x3A3F, 0x3A3F, 0x3A3F, 0x3A3F, 0x3A3F, 0x3A3F,   // 0x3160 (12640) pixels
0x3A3F, 0x3A3F, 0x421F, 0x421F, 0x31DD, 0x7B1E, 0xD47F, 0xDC5F, 0xCC7F, 0x623A, 0x397E, 0x39BF, 0x41DE, 0x3A1F, 0x321F, 0x321F,   // 0x3170 (12656) pixels
0x29DD, 0x3ADC, 0x657F, 0x669F, 0x5617, 0x00A4, 0x00C7, 0x23F7, 0x35FF, 0x353A, 0x11EB, 0x0802, 0x0042, 0x0001, 0x0020, 0x0000,   // 0x3180 (12672) pixels
0x0000, 0x0820, 0x0000, 0x0000, 0x0000, 0x0000, 0x0000, 0x0000, 0x0000, 0x0000, 0x0000, 0x0000, 0x0000, 0x0000, 0x0000, 0x0000,   // 0x3190 (12688) pixels
0x0000, 0x0000, 0x0000, 0x0000, 0x0000, 0x0000, 0x0000, 0x0000, 0x0000, 0x0000, 0x0000, 0x0000, 0x0000, 0x0000, 0x0000, 0x0000,   // 0x31A0 (12704) pixels
0x0000, 0x0000, 0x0000, 0x0000, 0x0000, 0x0000, 0x0000, 0x0000, 0x0000, 0x0000, 0x0000, 0x0000, 0x0000, 0x0000, 0x0000, 0x0000,   // 0x31B0 (12720) pixels
0x0000, 0x0000, 0x0000, 0x0000, 0x0000, 0x0000, 0x0000, 0x0000, 0x0000, 0x0000, 0x0000, 0x0000, 0x0000, 0x0000, 0x0000, 0x0000,   // 0x31C0 (12736) pixels
0x0000, 0x0000, 0x0000, 0x0000, 0x0000, 0x0000, 0x0000, 0x0000, 0x0000, 0x0000, 0x0000, 0x0000, 0x0000, 0x0000, 0x0000, 0x0000,   // 0x31D0 (12752) pixels
0x0000, 0x0000, 0x0000, 0x0000, 0x0000, 0x0000, 0x0000, 0x0000, 0x0000, 0x0000, 0x0000, 0x0000, 0x0000, 0x0000, 0x0000, 0x0000,   // 0x31E0 (12768) pixels
0x0000, 0x0000, 0x0000, 0x0000, 0x0000, 0x0000, 0x0000, 0x0000, 0x0000, 0x0000, 0x0000, 0x0000, 0x0000, 0x0000, 0x0000, 0x0000,   // 0x31F0 (12784) pixels
0x0000, 0x0000, 0x0000, 0x0000, 0x0000, 0x0000, 0x0000, 0x10E3, 0x9594, 0xBF3A, 0xBEFF, 0x747D, 0x39FC, 0x49FF, 0x49FF, 0x49FE,   // 0x3200 (12800) pixels
0x41DF, 0x399F, 0x6C1E, 0xB67F, 0xEFFF, 0xE7FD, 0xDFFD, 0xD7FE, 0xD7FF, 0x9E1A, 0x321D, 0x3A3E, 0x3A5F, 0x3A3F, 0x3A3F, 0x3A3F,   // 0x3210 (12816) pixels
0x423F, 0x3A3F, 0x3A3F, 0x3A3F, 0x3A3F, 0x3A3F, 0x3A3F, 0x3A3F, 0x3A3F, 0x3A3F, 0x3A3F, 0x3A3F, 0x3A3F, 0x3A3F, 0x3A3F, 0x3A3F,   // 0x3220 (12832) pixels
0x421F, 0x421F, 0x321E, 0x62FE, 0xCC9F, 0xE4BF, 0xCC7E, 0x8AFC, 0x623E, 0x397D, 0x29FE, 0x2A3F, 0x223F, 0x39FF, 0x395D, 0x425C,   // 0x3230 (12848) pixels
0x6D5F, 0x66FF, 0x45F7, 0x0083, 0x0803, 0x22F2, 0x563F, 0x4557, 0x0185, 0x1000, 0x0020, 0x0000, 0x0040, 0x0000, 0x0000, 0x0020,   // 0x3240 (12864) pixels
0x0000, 0x0000, 0x0000, 0x0000, 0x0000, 0x0000, 0x0000, 0x0000, 0x0000, 0x0000, 0x0000, 0x0000, 0x0000, 0x0000, 0x0000, 0x0000,   // 0x3250 (12880) pixels
0x0000, 0x0000, 0x0000, 0x0000, 0x0000, 0x0000, 0x0000, 0x0000, 0x0000, 0x0000, 0x0000, 0x0000, 0x0000, 0x0000, 0x0000, 0x0000,   // 0x3260 (12896) pixels
0x0000, 0x0000, 0x0000, 0x0000, 0x0000, 0x0000, 0x0000, 0x0000, 0x0000, 0x0000, 0x0000, 0x0000, 0x0000, 0x0000, 0x0000, 0x0000,   // 0x3270 (12912) pixels
0x0000, 0x0000, 0x0000, 0x0000, 0x0000, 0x0000, 0x0000, 0x0000, 0x0000, 0x0000, 0x0000, 0x0000, 0x0000, 0x0000, 0x0000, 0x0000,   // 0x3280 (12928) pixels
0x0000, 0x0000, 0x0000, 0x0000, 0x0000, 0x0000, 0x0000, 0x0000, 0x0000, 0x0000, 0x0000, 0x0000, 0x0000, 0x0000, 0x0000, 0x0000,   // 0x3290 (12944) pixels
0x0000, 0x0000, 0x0000, 0x0000, 0x0000, 0x0000, 0x0000, 0x0000, 0x0000, 0x0000, 0x0000, 0x0000, 0x0000, 0x0000, 0x0000, 0x0000,   // 0x32A0 (12960) pixels
0x0000, 0x0000, 0x0000, 0x0000, 0x0000, 0x0000, 0x0000, 0x0000, 0x0000, 0x0000, 0x0000, 0x0000, 0x0000, 0x0000, 0x0000, 0x0000,   // 0x32B0 (12976) pixels
0x0000, 0x0000, 0x0000, 0x0000, 0x0800, 0x18A3, 0xB639, 0xDFFF, 0xC73E, 0x7D1A, 0x435A, 0x4ADE, 0x41BD, 0x419D, 0x49FF, 0x31DF,   // 0x32C0 (12992) pixels
0x43DC, 0x74FD, 0xA63E, 0xB71E, 0xB71D, 0xB73E, 0xBF3F, 0x8D5A, 0x321D, 0x3A3E, 0x3A5F, 0x3A3F, 0x3A3F, 0x3A3F, 0x423F, 0x3A3F,   // 0x32D0 (13008) pixels
0x3A3F, 0x3A3F, 0x3A3F, 0x3A3F, 0x3A3F, 0x3A3F, 0x3A3F, 0x3A3F, 0x3A3F, 0x3A3F, 0x3A3F, 0x3A3F, 0x3A3F, 0x3A3F, 0x421F, 0x421F,   // 0x32E0 (13024) pixels
0x327E, 0x4A9D, 0xB45F, 0xE4DF, 0xDCDE, 0xCCBF, 0xAC3F, 0x521D, 0x2A1F, 0x323F, 0x321F, 0x39FE, 0x39FC, 0x433B, 0x5DDE, 0x5F3E,   // 0x32F0 (13040) pixels
0x4E1A, 0x00C4, 0x0800, 0x19AA, 0x4C96, 0x4410, 0x0102, 0x0000, 0x0020, 0x0020, 0x0020, 0x0000, 0x0000, 0x0020, 0x0000, 0x0000,   // 0x3300 (13056) pixels
0x0000, 0x0000, 0x0000, 0x0000, 0x0000, 0x0000, 0x0000, 0x0000, 0x0000, 0x0000, 0x0000, 0x0000, 0x0000, 0x0000, 0x0000, 0x0000,   // 0x3310 (13072) pixels
0x0000, 0x0000, 0x0000, 0x0000, 0x0000, 0x0000, 0x0000, 0x0000, 0x0000, 0x0000, 0x0000, 0x0000, 0x0000, 0x0000, 0x0000, 0x0000,   // 0x3320 (13088) pixels
0x0000, 0x0000, 0x0000, 0x0000, 0x0000, 0x0000, 0x0000, 0x0000, 0x0000, 0x0000, 0x0000, 0x0000, 0x0000, 0x0000, 0x0000, 0x0000,   // 0x3330 (13104) pixels
0x0000, 0x0000, 0x0000, 0x0000, 0x0000, 0x0000, 0x0000, 0x0000, 0x0000, 0x0000, 0x0000, 0x0000, 0x0000, 0x0000, 0x0000, 0x0000,   // 0x3340 (13120) pixels
0x0000, 0x0000, 0x0000, 0x0000, 0x0000, 0x0000, 0x0000, 0x0000, 0x0000, 0x0000, 0x0000, 0x0000, 0x0000, 0x0000, 0x0000, 0x0000,   // 0x3350 (13136) pixels
0x0000, 0x0000, 0x0000, 0x0000, 0x0000, 0x0000, 0x0000, 0x0000, 0x0000, 0x0000, 0x0000, 0x0000, 0x0000, 0x0000, 0x0000, 0x0000,   // 0x3360 (13152) pixels
0x0000, 0x0000, 0x0000, 0x0000, 0x0000, 0x0000, 0x0000, 0x0000, 0x0000, 0x0000, 0x0000, 0x0000, 0x0000, 0x0000, 0x0000, 0x0020,   // 0x3370 (13168) pixels
0x0000, 0x0800, 0x0000, 0x0883, 0x9E39, 0xCFFF, 0xBFFF, 0x9FBE, 0x871F, 0x7DFF, 0x539D, 0x4A9C, 0x3A3E, 0x2A5F, 0x1A9F, 0x1A7D,   // 0x3380 (13184) pixels
0x32BD, 0x435D, 0x3B3C, 0x437E, 0x5B9F, 0x4ADE, 0x321E, 0x3A5F, 0x3A5F, 0x3A3F, 0x3A3F, 0x3A5F, 0x423F, 0x423F, 0x3A3F, 0x3A3F,   // 0x3390 (13200) pixels
0x3A3F, 0x3A3F, 0x3A3F, 0x3A3F, 0x3A3F, 0x3A3F, 0x3A3F, 0x3A3F, 0x3A3F, 0x3A3F, 0x3A1F, 0x3A1F, 0x3A1F, 0x3A1F, 0x325E, 0x321D,   // 0x33A0 (13216) pixels
0x9BBE, 0xE4DE, 0xDCFD, 0xE57F, 0xCCFF, 0x521A, 0x41DF, 0x39DE, 0x423C, 0x531E, 0x647F, 0x65FF, 0x56DF, 0x473E, 0x4E7C, 0x0125,   // 0x33B0 (13232) pixels
0x0800, 0x0041, 0x00C4, 0x0883, 0x0000, 0x0001, 0x0000, 0x0000, 0x0000, 0x0000, 0x0020, 0x0000, 0x0000, 0x0000, 0x0000, 0x0000,   // 0x33C0 (13248) pixels
0x0000, 0x0000, 0x0000, 0x0000, 0x0000, 0x0000, 0x0000, 0x0000, 0x0000, 0x0000, 0x0000, 0x0000, 0x0000, 0x0000, 0x0000, 0x0000,   // 0x33D0 (13264) pixels
0x0000, 0x0000, 0x0000, 0x0000, 0x0000, 0x0000, 0x0000, 0x0000, 0x0000, 0x0000, 0x0000, 0x0000, 0x0000, 0x0000, 0x0000, 0x0000,   // 0x33E0 (13280) pixels
0x0000, 0x0000, 0x0000, 0x0000, 0x0000, 0x0000, 0x0000, 0x0000, 0x0000, 0x0000, 0x0000, 0x0000, 0x0000, 0x0000, 0x0000, 0x0000,   // 0x33F0 (13296) pixels
0x0000, 0x0000, 0x0000, 0x0000, 0x0000, 0x0000, 0x0000, 0x0000, 0x0000, 0x0000, 0x0000, 0x0000, 0x0000, 0x0000, 0x0000, 0x0000,   // 0x3400 (13312) pixels
0x0000, 0x0000, 0x0000, 0x0000, 0x0000, 0x0000, 0x0000, 0x0000, 0x0000, 0x0000, 0x0000, 0x0000, 0x0000, 0x0000, 0x0000, 0x0000,   // 0x3410 (13328) pixels
0x0000, 0x0000, 0x0000, 0x0000, 0x0000, 0x0000, 0x0000, 0x0000, 0x0000, 0x0000, 0x0000, 0x0000, 0x0000, 0x0000, 0x0000, 0x0000,   // 0x3420 (13344) pixels
0x0000, 0x0000, 0x0000, 0x0000, 0x0000, 0x0000, 0x0000, 0x0000, 0x0000, 0x0000, 0x0000, 0x0000, 0x0000, 0x0000, 0x0000, 0x0000,   // 0x3430 (13360) pixels
0x0020, 0x00E4, 0x6DD9, 0x879F, 0x5E7E, 0x4E3C, 0x4E3B, 0x76FF, 0x971F, 0x85DF, 0x3B3A, 0x2279, 0x229D, 0x223D, 0x21FD, 0x2A1D,   // 0x3440 (13376) pixels
0x223E, 0x2A3F, 0x29DF, 0x31FF, 0x3A1F, 0x3A5F, 0x3A3F, 0x3A3F, 0x3A5F, 0x3A5F, 0x3A3F, 0x425F, 0x3A3F, 0x3A3F, 0x3A3F, 0x3A3F,   // 0x3450 (13392) pixels
0x3A3F, 0x3A3F, 0x3A3F, 0x3A3F, 0x3A3F, 0x3A3F, 0x3A3F, 0x3A3F, 0x3A1F, 0x3A1F, 0x3A1F, 0x3A1F, 0x3A3F, 0x321E, 0x8B3E, 0xE4BE,   // 0x3460 (13408) pixels
0xE51E, 0xE53E, 0xC47E, 0x49F9, 0x317C, 0x427C, 0x6C5F, 0x7D7F, 0x7DFF, 0x5DBF, 0x3D7E, 0x463F, 0x5E5C, 0x00E6, 0x0000, 0x0020,   // 0x3470 (13424) pixels
0x0000, 0x0801, 0x0801, 0x0000, 0x0000, 0x0000, 0x0000, 0x0000, 0x0000, 0x0000, 0x0000, 0x0000, 0x0000, 0x0000, 0x0000, 0x0000,   // 0x3480 (13440) pixels
0x0000, 0x0000, 0x0000, 0x0000, 0x0000, 0x0000, 0x0000, 0x0000, 0x0000, 0x0000, 0x0000, 0x0000, 0x0000, 0x0000, 0x0000, 0x0000,   // 0x3490 (13456) pixels
0x0000, 0x0000, 0x0000, 0x0000, 0x0000, 0x0000, 0x0000, 0x0000, 0x0000, 0x0000, 0x0000, 0x0000, 0x0000, 0x0000, 0x0000, 0x0000,   // 0x34A0 (13472) pixels
0x0000, 0x0000, 0x0000, 0x0000, 0x0000, 0x0000, 0x0000, 0x0000, 0x0000, 0x0000, 0x0000, 0x0000, 0x0000, 0x0000, 0x0000, 0x0000,   // 0x34B0 (13488) pixels
0x0000, 0x0000, 0x0000, 0x0000, 0x0000, 0x0000, 0x0000, 0x0000, 0x0000, 0x0000, 0x0000, 0x0000, 0x0000, 0x0000, 0x0000, 0x0000,   // 0x34C0 (13504) pixels
0x0000, 0x0000, 0x0000, 0x0000, 0x0000, 0x0000, 0x0000, 0x0000, 0x0000, 0x0000, 0x0000, 0x0000, 0x0000, 0x0000, 0x0000, 0x0000,   // 0x34D0 (13520) pixels
0x0000, 0x0000, 0x0000, 0x0000, 0x0000, 0x0000, 0x0000, 0x0000, 0x0000, 0x0000, 0x0000, 0x0000, 0x0000, 0x0000, 0x0000, 0x0000,   // 0x34E0 (13536) pixels
0x0000, 0x0000, 0x0000, 0x0000, 0x0000, 0x0000, 0x0000, 0x0000, 0x0000, 0x0000, 0x0001, 0x0000, 0x0000, 0x0040, 0x2A48, 0x2B6E,   // 0x34F0 (13552) pixels
0x66BB, 0x3E7B, 0x147F, 0x149F, 0x24FB, 0x5E7D, 0x9FFF, 0x973F, 0x64F9, 0x95DF, 0x9E5D, 0x9DFF, 0x84FE, 0x747D, 0x645E, 0x53DF,   // 0x3500 (13568) pixels
0x223A, 0x325B, 0x3A3F, 0x3A5F, 0x3A3F, 0x3A3F, 0x425F, 0x3A3F, 0x3A3F, 0x425F, 0x3A1F, 0x3A1F, 0x3A1F, 0x3A1F, 0x3A1F, 0x3A1F,   // 0x3510 (13584) pixels
0x3A1F, 0x3A1F, 0x3A3F, 0x3A1F, 0x3A1F, 0x3A1F, 0x3A1F, 0x3A1F, 0x3A1F, 0x3A1F, 0x321F, 0x29DF, 0x7ABD, 0xE4BE, 0xED5F, 0xE53F,   // 0x3520 (13600) pixels
0xCCBF, 0x6B3F, 0x539F, 0x441E, 0x555E, 0x555C, 0x4C9B, 0x3379, 0x1AF9, 0x449F, 0x6DDB, 0x10C7, 0x0800, 0x0040, 0x0040, 0x0001,   // 0x3530 (13616) pixels
0x0000, 0x0020, 0x0800, 0x0001, 0x0001, 0x0001, 0x0000, 0x0000, 0x0020, 0x0000, 0x0000, 0x0000, 0x0000, 0x0000, 0x0000, 0x0000,   // 0x3540 (13632) pixels
0x0000, 0x0000, 0x0000, 0x0000, 0x0000, 0x0000, 0x0000, 0x0000, 0x0000, 0x0000, 0x0000, 0x0000, 0x0000, 0x0000, 0x0000, 0x0000,   // 0x3550 (13648) pixels
0x0000, 0x0000, 0x0000, 0x0000, 0x0000, 0x0000, 0x0000, 0x0000, 0x0000, 0x0000, 0x0000, 0x0000, 0x0000, 0x0000, 0x0000, 0x0000,   // 0x3560 (13664) pixels
0x0000, 0x0000, 0x0000, 0x0000, 0x0000, 0x0000, 0x0000, 0x0000, 0x0000, 0x0000, 0x0000, 0x0000, 0x0000, 0x0000, 0x0000, 0x0000,   // 0x3570 (13680) pixels
0x0000, 0x0000, 0x0000, 0x0000, 0x0000, 0x0000, 0x0000, 0x0000, 0x0000, 0x0000, 0x0000, 0x0000, 0x0000, 0x0000, 0x0000, 0x0000,   // 0x3580 (13696) pixels
0x0000, 0x0000, 0x0000, 0x0000, 0x0000, 0x0000, 0x0000, 0x0000, 0x0000, 0x0000, 0x0000, 0x0000, 0x0000, 0x0000, 0x0000, 0x0000,   // 0x3590 (13712) pixels
0x0000, 0x0000, 0x0000, 0x0000, 0x0000, 0x0000, 0x0000, 0x0000, 0x0000, 0x0000, 0x0000, 0x0000, 0x0000, 0x0000, 0x0000, 0x0000,   // 0x35A0 (13728) pixels
0x0000, 0x0000, 0x0000, 0x0000, 0x0000, 0x0000, 0x0000, 0x0000, 0x0800, 0x0000, 0x0800, 0x0042, 0x65D7, 0x7FFF, 0x77BF, 0x351D,   // 0x35B0 (13744) pixels
0x0C7F, 0x145F, 0x249D, 0x24DC, 0x461F, 0x4DFF, 0x6E7D, 0xAFFD, 0xD7FF, 0xD7FF, 0xCFFE, 0xC7DD, 0xC7DF, 0x8E1D, 0x337A, 0x2AFD,   // 0x35C0 (13760) pixels
0x331D, 0x331D, 0x32FD, 0x32FD, 0x32FD, 0x32FD, 0x32FD, 0x32FD, 0x32DE, 0x32DE, 0x32DE, 0x32DE, 0x32DE, 0x32DE, 0x32BD, 0x32BD,   // 0x35D0 (13776) pixels
0x32BE, 0x32BE, 0x329E, 0x329E, 0x2A9E, 0x2A9E, 0x2A9E, 0x2ABE, 0x229E, 0x323C, 0x6ABD, 0xBD1F, 0xDE1F, 0xEDBD, 0xEE1F, 0xA61F,   // 0x35E0 (13792) pixels
0x8E7F, 0x8EDF, 0x763F, 0x441D, 0x32DC, 0x2ABD, 0x1B3C, 0x1C3E, 0x55DB, 0x0926, 0x0800, 0x0821, 0x1000, 0x0800, 0x0040, 0x0020,   // 0x35F0 (13808) pixels
0x0000, 0x0000, 0x0000, 0x0000, 0x0000, 0x0000, 0x0000, 0x0000, 0x0000, 0x0000, 0x0000, 0x0000, 0x0000, 0x0000, 0x0000, 0x0000,   // 0x3600 (13824) pixels
0x0000, 0x0000, 0x0000, 0x0000, 0x0000, 0x0000, 0x0000, 0x0000, 0x0000, 0x0000, 0x0000, 0x0000, 0x0000, 0x0000, 0x0000, 0x0000,   // 0x3610 (13840) pixels
0x0000, 0x0000, 0x0000, 0x0000, 0x0000, 0x0000, 0x0000, 0x0000, 0x0000, 0x0000, 0x0000, 0x0000, 0x0000, 0x0000, 0x0000, 0x0000,   // 0x3620 (13856) pixels
0x0000, 0x0000, 0x0000, 0x0000, 0x0000, 0x0000, 0x0000, 0x0000, 0x0000, 0x0000, 0x0000, 0x0000, 0x0000, 0x0000, 0x0000, 0x0000,   // 0x3630 (13872) pixels
0x0000, 0x0000, 0x0000, 0x0000, 0x0000, 0x0000, 0x0000, 0x0000, 0x0000, 0x0000, 0x0000, 0x0000, 0x0000, 0x0000, 0x0000, 0x0000,   // 0x3640 (13888) pixels
0x0000, 0x0000, 0x0000, 0x0000, 0x0000, 0x0000, 0x0000, 0x0000, 0x0000, 0x0000, 0x0000, 0x0000, 0x0000, 0x0000, 0x0000, 0x0000,   // 0x3650 (13904) pixels
0x0000, 0x0000, 0x0000, 0x0000, 0x0000, 0x0000, 0x0000, 0x0000, 0x0000, 0x0000, 0x0000, 0x0000, 0x0000, 0x0000, 0x0000, 0x0000,   // 0x3660 (13920) pixels
0x0000, 0x0000, 0x0000, 0x0000, 0x0000, 0x0000, 0x0000, 0x0021, 0x0800, 0x0041, 0x6E18, 0x7FFF, 0x6FBF, 0x2CFC, 0x0C7F, 0x147F,   // 0x3670 (13936) pixels
0x1CBE, 0x149E, 0x14FF, 0x0C7C, 0x4D7B, 0xAFDF, 0xD7DC, 0xD7DE, 0xD7DF, 0xCFDF, 0xCFFF, 0xA75F, 0x761E, 0x761F, 0x663F, 0x661F,   // 0x3680 (13952) pixels
0x661F, 0x661F, 0x65FF, 0x65FF, 0x65FF, 0x65FF, 0x5DFF, 0x5DFF, 0x5DDF, 0x5DDF, 0x5DDF, 0x5DDF, 0x5DDF, 0x65DF, 0x5DBF, 0x5DBF,   // 0x3690 (13968) pixels
0x5DBF, 0x5DBF, 0x5DBF, 0x5DBF, 0x5DDF, 0x5DDF, 0x55DF, 0x65BF, 0x85BF, 0xB67F, 0xD69E, 0xEDFD, 0xDD9F, 0x74BC, 0x4C3C, 0x4C7D,   // 0x36A0 (13984) pixels
0x447E, 0x335C, 0x32BD, 0x2ADE, 0x1B1D, 0x243F, 0x55FD, 0x0947, 0x0000, 0x0001, 0x0800, 0x1040, 0x0040, 0x0000, 0x0000, 0x0000,   // 0x36B0 (14000) pixels
0x0000, 0x0000, 0x0000, 0x0000, 0x0000, 0x0000, 0x0000, 0x0000, 0x0000, 0x0000, 0x0000, 0x0000, 0x0000, 0x0000, 0x0000, 0x0000,   // 0x36C0 (14016) pixels
0x0000, 0x0000, 0x0000, 0x0000, 0x0000, 0x0000, 0x0000, 0x0000, 0x0000, 0x0000, 0x0000, 0x0000, 0x0000, 0x0000, 0x0000, 0x0000,   // 0x36D0 (14032) pixels
0x0000, 0x0000, 0x0000, 0x0000, 0x0000, 0x0000, 0x0000, 0x0000, 0x0000, 0x0000, 0x0000, 0x0000, 0x0000, 0x0000, 0x0000, 0x0000,   // 0x36E0 (14048) pixels
0x0000, 0x0000, 0x0000, 0x0000, 0x0000, 0x0000, 0x0000, 0x0000, 0x0000, 0x0000, 0x0000, 0x0000, 0x0000, 0x0000, 0x0000, 0x0000,   // 0x36F0 (14064) pixels
0x0000, 0x0000, 0x0000, 0x0000, 0x0000, 0x0000, 0x0000, 0x0000, 0x0000, 0x0000, 0x0000, 0x0000, 0x0000, 0x0000, 0x0000, 0x0000,   // 0x3700 (14080) pixels
0x0000, 0x0000, 0x0000, 0x0000, 0x0000, 0x0000, 0x0000, 0x0000, 0x0000, 0x0000, 0x0000, 0x0000, 0x0000, 0x0000, 0x0000, 0x0000,   // 0x3710 (14096) pixels
0x0000, 0x0000, 0x0000, 0x0000, 0x0000, 0x0000, 0x0000, 0x0000, 0x0000, 0x0000, 0x0000, 0x0000, 0x0000, 0x0000, 0x0000, 0x0000,   // 0x3720 (14112) pixels
0x0000, 0x0000, 0x0000, 0x0000, 0x0000, 0x0021, 0x0800, 0x0021, 0x6E38, 0x77FF, 0x6FDF, 0x253D, 0x0C5E, 0x1C9F, 0x1CBF, 0x0CBF,   // 0x3730 (14128) pixels
0x049F, 0x045C, 0x55FD, 0xB7FF, 0xCFFD, 0xCFFE, 0xD7FF, 0xCFFF, 0xBFFF, 0x975E, 0x76BE, 0x6EDF, 0x66FF, 0x66FF, 0x5EDF, 0x5EDF,   // 0x3740 (14144) pixels
0x5EBF, 0x5EBF, 0x5EBF, 0x5EBF, 0x5EBF, 0x5EBF, 0x5E9F, 0x5E9F, 0x5E9F, 0x5E9F, 0x5E9F, 0x5E9F, 0x66BF, 0x66BF, 0x66BF, 0x66BF,   // 0x3750 (14160) pixels
0x66DF, 0x66DF, 0x66FF, 0x66FF, 0x5EDE, 0x671F, 0x76BF, 0x969E, 0xC67E, 0xF5FF, 0xDD5F, 0x7C3C, 0x32BC, 0x22BC, 0x231E, 0x2ADE,   // 0x3760 (14176) pixels
0x32BF, 0x32DF, 0x22FE, 0x241F, 0x34FB, 0x22AD, 0x1A29, 0x11A7, 0x0000, 0x0820, 0x0020, 0x0800, 0x0000, 0x0000, 0x0000, 0x0000,   // 0x3770 (14192) pixels
0x0000, 0x0000, 0x0000, 0x0000, 0x0000, 0x0000, 0x0000, 0x0000, 0x0000, 0x0000, 0x0000, 0x0000, 0x0000, 0x0000, 0x0000, 0x0000,   // 0x3780 (14208) pixels
0x0000, 0x0000, 0x0000, 0x0000, 0x0000, 0x0000, 0x0000, 0x0000, 0x0000, 0x0000, 0x0000, 0x0000, 0x0000, 0x0000, 0x0000, 0x0000,   // 0x3790 (14224) pixels
0x0000, 0x0000, 0x0000, 0x0000, 0x0000, 0x0000, 0x0000, 0x0000, 0x0000, 0x0000, 0x0000, 0x0000, 0x0000, 0x0000, 0x0000, 0x0000,   // 0x37A0 (14240) pixels
0x0000, 0x0000, 0x0000, 0x0000, 0x0000, 0x0000, 0x0000, 0x0000, 0x0000, 0x0000, 0x0000, 0x0000, 0x0000, 0x0000, 0x0000, 0x0000,   // 0x37B0 (14256) pixels
0x0000, 0x0000, 0x0000, 0x0000, 0x0000, 0x0000, 0x0000, 0x0000, 0x0000, 0x0000, 0x0000, 0x0000, 0x0000, 0x0000, 0x0000, 0x0000,   // 0x37C0 (14272) pixels
0x0000, 0x0000, 0x0000, 0x0000, 0x0000, 0x0000, 0x0000, 0x0000, 0x0000, 0x0000, 0x0000, 0x0000, 0x0000, 0x0000, 0x0000, 0x0000,   // 0x37D0 (14288) pixels
0x0000, 0x0000, 0x0000, 0x0000, 0x0000, 0x0000, 0x0000, 0x0000, 0x0000, 0x0000, 0x0000, 0x0000, 0x0000, 0x0000, 0x0000, 0x0000,   // 0x37E0 (14304) pixels
0x0000, 0x0000, 0x0020, 0x0000, 0x0000, 0x0042, 0x6E38, 0x67DD, 0x67BF, 0x1D3C, 0x0C7F, 0x1CBF, 0x1C7F, 0x149F, 0x14BF, 0x14BE,   // 0x37F0 (14320) pixels
0x45FE, 0x7F1F, 0x977F, 0xA7BF, 0xAFDF, 0xBFFF, 0xB7FF, 0x6E3C, 0x34BB, 0x2CBF, 0x2CFE, 0x2CDE, 0x2CDE, 0x2CDE, 0x2CDE, 0x2CBE,   // 0x3800 (14336) pixels
0x2CBE, 0x2CBE, 0x349E, 0x349E, 0x349E, 0x347E, 0x347E, 0x347E, 0x347E, 0x347E, 0x347D, 0x347D, 0x347D, 0x345D, 0x345D, 0x345D,   // 0x3810 (14352) pixels
0x345D, 0x345D, 0x2C3D, 0x2C5E, 0x2C3D, 0x543C, 0xACBD, 0xECBE, 0xE4BF, 0x9C1E, 0x42BF, 0x2A9E, 0x2AFF, 0x2AFF, 0x32DF, 0x32DF,   // 0x3820 (14368) pixels
0x22FE, 0x23BF, 0x3D1D, 0x7DFB, 0x8E9A, 0x5473, 0x0042, 0x0820, 0x0020, 0x0800, 0x0000, 0x0000, 0x0000, 0x0000, 0x0000, 0x0000,   // 0x3830 (14384) pixels
0x0000, 0x0000, 0x0000, 0x0000, 0x0000, 0x0000, 0x0000, 0x0000, 0x0000, 0x0000, 0x0000, 0x0000, 0x0000, 0x0000, 0x0000, 0x0000,   // 0x3840 (14400) pixels
0x0000, 0x0000, 0x0000, 0x0000, 0x0000, 0x0000, 0x0000, 0x0000, 0x0000, 0x0000, 0x0000, 0x0000, 0x0000, 0x0000, 0x0000, 0x0000,   // 0x3850 (14416) pixels
0x0000, 0x0000, 0x0000, 0x0000, 0x0000, 0x0000, 0x0000, 0x0000, 0x0000, 0x0000, 0x0000, 0x0000, 0x0000, 0x0000, 0x0000, 0x0000,   // 0x3860 (14432) pixels
0x0000, 0x0000, 0x0000, 0x0000, 0x0000, 0x0000, 0x0000, 0x0000, 0x0000, 0x0000, 0x0000, 0x0000, 0x0000, 0x0000, 0x0000, 0x0000,   // 0x3870 (14448) pixels
0x0000, 0x0000, 0x0000, 0x0000, 0x0000, 0x0000, 0x0000, 0x0000, 0x0000, 0x0000, 0x0000, 0x0000, 0x0000, 0x0000, 0x0000, 0x0000,   // 0x3880 (14464) pixels
0x0000, 0x0000, 0x0000, 0x0000, 0x0000, 0x0000, 0x0000, 0x0000, 0x0000, 0x0000, 0x0000, 0x0000, 0x0000, 0x0000, 0x0000, 0x0000,   // 0x3890 (14480) pixels
0x0000, 0x0000, 0x0000, 0x0000, 0x0000, 0x0000, 0x0000, 0x0000, 0x0000, 0x0000, 0x0000, 0x0000, 0x0000, 0x0000, 0x0000, 0x0000,   // 0x38A0 (14496) pixels
0x0020, 0x0020, 0x0800, 0x0041, 0x6E59, 0x6FFE, 0x579F, 0x153C, 0x04BF, 0x14DF, 0x149F, 0x1CBF, 0x14BF, 0x0C9E, 0x0CBD, 0x14BC,   // 0x38B0 (14512) pixels
0x0C9B, 0x2D1C, 0x3D9C, 0x6EBF, 0x871F, 0x4D5D, 0x137C, 0x137F, 0x1BBF, 0x1BBF, 0x1BBF, 0x1B9F, 0x1B9F, 0x1B9F, 0x1B9F, 0x1B7F,   // 0x38C0 (14528) pixels
0x2B7F, 0x2B7F, 0x2B7F, 0x2B7F, 0x2B7F, 0x2B5F, 0x2B5F, 0x2B5F, 0x2B5F, 0x2B5F, 0x2B5F, 0x2B3F, 0x2B3F, 0x2B3F, 0x2B1F, 0x2B1F,   // 0x38D0 (14544) pixels
0x32FF, 0x22DF, 0x1ADE, 0x4B1D, 0xB41F, 0xEC5F, 0xECBF, 0xCCBF, 0x52FF, 0x329E, 0x2AFF, 0x2AFF, 0x32DE, 0x32DE, 0x2AFE, 0x2B7F,   // 0x38E0 (14560) pixels
0x349D, 0x7EDF, 0x8F9E, 0x54D5, 0x0002, 0x0800, 0x0020, 0x0800, 0x0000, 0x0000, 0x0000, 0x0000, 0x0000, 0x0000, 0x0000, 0x0000,   // 0x38F0 (14576) pixels
0x0000, 0x0000, 0x0000, 0x0000, 0x0000, 0x0000, 0x0000, 0x0000, 0x0000, 0x0000, 0x0000, 0x0000, 0x0000, 0x0000, 0x0000, 0x0000,   // 0x3900 (14592) pixels
0x0000, 0x0000, 0x0000, 0x0000, 0x0000, 0x0000, 0x0000, 0x0000, 0x0000, 0x0000, 0x0000, 0x0000, 0x0000, 0x0000, 0x0000, 0x0000,   // 0x3910 (14608) pixels
0x0000, 0x0000, 0x0000, 0x0000, 0x0000, 0x0000, 0x0000, 0x0000, 0x0000, 0x0000, 0x0000, 0x0000, 0x0000, 0x0000, 0x0000, 0x0000,   // 0x3920 (14624) pixels
0x0000, 0x0000, 0x0000, 0x0000, 0x0000, 0x0000, 0x0000, 0x0000, 0x0000, 0x0000, 0x0000, 0x0000, 0x0000, 0x0000, 0x0000, 0x0000,   // 0x3930 (14640) pixels
0x0000, 0x0000, 0x0000, 0x0000, 0x0000, 0x0000, 0x0000, 0x0000, 0x0000, 0x0000, 0x0000, 0x0000, 0x0000, 0x0000, 0x0000, 0x0000,   // 0x3940 (14656) pixels
0x0000, 0x0000, 0x0000, 0x0000, 0x0000, 0x0000, 0x0000, 0x0000, 0x0000, 0x0000, 0x0000, 0x0000, 0x0000, 0x0000, 0x0000, 0x0000,   // 0x3950 (14672) pixels
0x0000, 0x0000, 0x0000, 0x0000, 0x0000, 0x0000, 0x0000, 0x0000, 0x0000, 0x0000, 0x0000, 0x0000, 0x0000, 0x0000, 0x0000, 0x0041,   // 0x3960 (14688) pixels
0x0000, 0x0021, 0x65F7, 0x77FF, 0x57BF, 0x1D7D, 0x04FF, 0x04FE, 0x0CDF, 0x1CDF, 0x149F, 0x0C9F, 0x045E, 0x03FD, 0x047D, 0x045E,   // 0x3970 (14704) pixels
0x045D, 0x1CDE, 0x3D7F, 0x34BF, 0x1BBE, 0x2BDF, 0x23DF, 0x23DF, 0x23DF, 0x23DF, 0x23DF, 0x23BF, 0x23BF, 0x23BF, 0x23BF, 0x23BF,   // 0x3980 (14720) pixels
0x23BF, 0x23BF, 0x23BF, 0x23BF, 0x239F, 0x239F, 0x239F, 0x239F, 0x237F, 0x237F, 0x235F, 0x235F, 0x235F, 0x235F, 0x3B1F, 0x32FF,   // 0x3990 (14736) pixels
0x22FE, 0x4AFD, 0xBC5F, 0xE47F, 0xDCBF, 0xD4BF, 0x5AFE, 0x329D, 0x2B1E, 0x2B1F, 0x2ADE, 0x32DE, 0x2AFE, 0x235F, 0x3C7E, 0x76BF,   // 0x39A0 (14752) pixels
0x775D, 0x4CD4, 0x0002, 0x0000, 0x0020, 0x0000, 0x0000, 0x0000, 0x0000, 0x0000, 0x0000, 0x0000, 0x0000, 0x0000, 0x0000, 0x0000,   // 0x39B0 (14768) pixels
0x0000, 0x0000, 0x0000, 0x0000, 0x0000, 0x0000, 0x0000, 0x0000, 0x0000, 0x0000, 0x0000, 0x0000, 0x0000, 0x0000, 0x0000, 0x0000,   // 0x39C0 (14784) pixels
0x0000, 0x0000, 0x0000, 0x0000, 0x0000, 0x0000, 0x0000, 0x0000, 0x0000, 0x0000, 0x0000, 0x0000, 0x0000, 0x0000, 0x0000, 0x0000,   // 0x39D0 (14800) pixels
0x0000, 0x0000, 0x0000, 0x0000, 0x0000, 0x0000, 0x0000, 0x0000, 0x0000, 0x0000, 0x0000, 0x0000, 0x0000, 0x0000, 0x0000, 0x0000,   // 0x39E0 (14816) pixels
0x0000, 0x0000, 0x0000, 0x0000, 0x0000, 0x0000, 0x0000, 0x0000, 0x0000, 0x0000, 0x0000, 0x0000, 0x0000, 0x0000, 0x0000, 0x0000,   // 0x39F0 (14832) pixels
0x0000, 0x0000, 0x0000, 0x0000, 0x0000, 0x0000, 0x0000, 0x0000, 0x0000, 0x0000, 0x0000, 0x0000, 0x0000, 0x0000, 0x0000, 0x0000,   // 0x3A00 (14848) pixels
0x0000, 0x0000, 0x0000, 0x0000, 0x0000, 0x0000, 0x0000, 0x0000, 0x0000, 0x0000, 0x0000, 0x0000, 0x0000, 0x0000, 0x0000, 0x0000,   // 0x3A10 (14864) pixels
0x0000, 0x0000, 0x0000, 0x0000, 0x0000, 0x0000, 0x0000, 0x0000, 0x0000, 0x0000, 0x0000, 0x0000, 0x0000, 0x0000, 0x28C4, 0x52CC,   // 0x3A20 (14880) pixels
0x7E79, 0x6FFE, 0x579F, 0x155C, 0x04FF, 0x04DF, 0x14DF, 0x14BF, 0x1C9E, 0x3D7E, 0x55DE, 0x559E, 0x5E3F, 0x2CFD, 0x147E, 0x0C3F,   // 0x3A30 (14896) pixels
0x0C1F, 0x143F, 0x23FE, 0x2BFF, 0x241F, 0x241F, 0x241F, 0x23FF, 0x23FF, 0x23DF, 0x23DF, 0x23DE, 0x1BDE, 0x1BDE, 0x23DE, 0x1BDE,   // 0x3A40 (14912) pixels
0x23DE, 0x1BBE, 0x1BBE, 0x23BE, 0x23BE, 0x1BBE, 0x239E, 0x239E, 0x239E, 0x237E, 0x237E, 0x237E, 0x2B5D, 0x333E, 0x2B1E, 0x4AFC,   // 0x3A50 (14928) pixels
0xBC7F, 0xDCBE, 0xD4BE, 0xDCBF, 0x6B7F, 0x3ABC, 0x22FE, 0x231F, 0x2AFF, 0x32FF, 0x2AFE, 0x235F, 0x3C3E, 0x76DF, 0x6F9E, 0x4CD5,   // 0x3A60 (14944) pixels
0x0002, 0x0000, 0x0020, 0x0020, 0x0000, 0x0000, 0x0000, 0x0000, 0x0000, 0x0000, 0x0000, 0x0000, 0x0000, 0x0000, 0x0000, 0x0000,   // 0x3A70 (14960) pixels
0x0000, 0x0000, 0x0000, 0x0000, 0x0000, 0x0000, 0x0000, 0x0000, 0x0000, 0x0000, 0x0000, 0x0000, 0x0000, 0x0000, 0x0000, 0x0000,   // 0x3A80 (14976) pixels
0x0000, 0x0000, 0x0000, 0x0000, 0x0000, 0x0000, 0x0000, 0x0000, 0x0000, 0x0000, 0x0000, 0x0000, 0x0000, 0x0000, 0x0000, 0x0000,   // 0x3A90 (14992) pixels
0x0000, 0x0000, 0x0000, 0x0000, 0x0000, 0x0000, 0x0000, 0x0000, 0x0000, 0x0000, 0x0000, 0x0000, 0x0000, 0x0000, 0x0000, 0x0000,   // 0x3AA0 (15008) pixels
0x0000, 0x0000, 0x0000, 0x0000, 0x0000, 0x0000, 0x0000, 0x0000, 0x0000, 0x0000, 0x0000, 0x0000, 0x0000, 0x0000, 0x0000, 0x0000,   // 0x3AB0 (15024) pixels
0x0000, 0x0000, 0x0000, 0x0000, 0x0000, 0x0000, 0x0000, 0x0000, 0x0000, 0x0000, 0x0000, 0x0000, 0x0000, 0x0000, 0x0000, 0x0000,   // 0x3AC0 (15040) pixels
0x0000, 0x0000, 0x0000, 0x0000, 0x0000, 0x0000, 0x0000, 0x0000, 0x0000, 0x0000, 0x0000, 0x0000, 0x0000, 0x0000, 0x0000, 0x0000,   // 0x3AD0 (15056) pixels
0x0000, 0x0000, 0x0000, 0x0000, 0x0000, 0x0000, 0x0000, 0x0000, 0x0000, 0x0000, 0x0020, 0x0000, 0x83AF, 0xEF9F, 0xB7FF, 0x6FFE,   // 0x3AE0 (15072) pixels
0x57BF, 0x0D1B, 0x149F, 0x149F, 0x149F, 0x147E, 0x34FC, 0x8F3F, 0xC7FF, 0xCFFF, 0xAFFF, 0x5DBB, 0x457F, 0x2D5F, 0x0C5F, 0x145F,   // 0x3AF0 (15088) pixels
0x243F, 0x23DF, 0x23FF, 0x23FF, 0x23FF, 0x23FF, 0x23DF, 0x23DF, 0x23BF, 0x1BBF, 0x23DF, 0x23BF, 0x23BF, 0x239F, 0x239F, 0x239F,   // 0x3B00 (15104) pixels
0x239F, 0x239F, 0x23BF, 0x239F, 0x239F, 0x237F, 0x237E, 0x235E, 0x235E, 0x2B5E, 0x1B5D, 0x2B5F, 0x2B1F, 0x4ADC, 0xBC7F, 0xD4BE,   // 0x3B10 (15120) pixels
0xCCBD, 0xECBF, 0x7BDF, 0x3ABD, 0x22DE, 0x231F, 0x22FF, 0x32FF, 0x2AFE, 0x235F, 0x33FE, 0x76FF, 0x6F9E, 0x4494, 0x0002, 0x0800,   // 0x3B20 (15136) pixels
0x0040, 0x0000, 0x0000, 0x0000, 0x0000, 0x0000, 0x0000, 0x0000, 0x0000, 0x0000, 0x0000, 0x0000, 0x0000, 0x0000, 0x0000, 0x0000,   // 0x3B30 (15152) pixels
0x0000, 0x0000, 0x0000, 0x0000, 0x0000, 0x0000, 0x0000, 0x0000, 0x0000, 0x0000, 0x0000, 0x0000, 0x0000, 0x0000, 0x0000, 0x0000,   // 0x3B40 (15168) pixels
0x0000, 0x0000, 0x0000, 0x0000, 0x0000, 0x0000, 0x0000, 0x0000, 0x0000, 0x0000, 0x0000, 0x0000, 0x0000, 0x0000, 0x0000, 0x0000,   // 0x3B50 (15184) pixels
0x0000, 0x0000, 0x0000, 0x0000, 0x0000, 0x0000, 0x0000, 0x0000, 0x0000, 0x0000, 0x0000, 0x0000, 0x0000, 0x0000, 0x0000, 0x0000,   // 0x3B60 (15200) pixels
0x0000, 0x0000, 0x0000, 0x0000, 0x0000, 0x0000, 0x0000, 0x0000, 0x0000, 0x0000, 0x0000, 0x0000, 0x0000, 0x0000, 0x0000, 0x0000,   // 0x3B70 (15216) pixels
0x0000, 0x0000, 0x0000, 0x0000, 0x0000, 0x0000, 0x0000, 0x0000, 0x0000, 0x0000, 0x0000, 0x0000, 0x0000, 0x0000, 0x0000, 0x0000,   // 0x3B80 (15232) pixels
0x0000, 0x0000, 0x0000, 0x0000, 0x0000, 0x0000, 0x0000, 0x0000, 0x0000, 0x0000, 0x0000, 0x0000, 0x0000, 0x0000, 0x0000, 0x0000,   // 0x3B90 (15248) pixels
0x0000, 0x0000, 0x0000, 0x0000, 0x0000, 0x0000, 0x0000, 0x0000, 0x0000, 0x0020, 0x632B, 0xF7FE, 0xB7FC, 0x6FFD, 0x477F, 0x0D3C,   // 0x3BA0 (15264) pixels
0x1CDF, 0x249E, 0x1C7F, 0x14DF, 0x1C7A, 0xA77F, 0xD7FE, 0xCFFD, 0xBFFF, 0xB7DF, 0xB7FF, 0x6E7D, 0x141D, 0x141F, 0x1BFF, 0x241F,   // 0x3BB0 (15280) pixels
0x241F, 0x23FF, 0x23FF, 0x23FF, 0x23DF, 0x23DF, 0x23DF, 0x23DF, 0x23BF, 0x23BF, 0x23BF, 0x23BF, 0x23BF, 0x239F, 0x239F, 0x239F,   // 0x3BC0 (15296) pixels
0x239F, 0x239F, 0x239F, 0x237F, 0x237F, 0x237F, 0x237F, 0x237F, 0x233F, 0x233E, 0x233D, 0x433B, 0xB45F, 0xDC7F, 0xDC7F, 0xDC7F,   // 0x3BD0 (15312) pixels
0x93BF, 0x3A9D, 0x231F, 0x1B1E, 0x2B1E, 0x2AFF, 0x22FE, 0x2B9E, 0x2C3E, 0x66BF, 0x7F9F, 0x44B4, 0x0000, 0x0000, 0x0001, 0x0000,   // 0x3BE0 (15328) pixels
0x0000, 0x0000, 0x0000, 0x0000, 0x0000, 0x0000, 0x0000, 0x0000, 0x0000, 0x0000, 0x0000, 0x0000, 0x0000, 0x0000, 0x0000, 0x0000,   // 0x3BF0 (15344) pixels
0x0000, 0x0000, 0x0000, 0x0000, 0x0000, 0x0000, 0x0000, 0x0000, 0x0000, 0x0000, 0x0000, 0x0000, 0x0000, 0x0000, 0x0000, 0x0000,   // 0x3C00 (15360) pixels
0x0000, 0x0000, 0x0000, 0x0000, 0x0000, 0x0000, 0x0000, 0x0000, 0x0000, 0x0000, 0x0000, 0x0000, 0x0000, 0x0000, 0x0000, 0x0000,   // 0x3C10 (15376) pixels
0x0000, 0x0000, 0x0000, 0x0000, 0x0000, 0x0000, 0x0000, 0x0000, 0x0000, 0x0000, 0x0000, 0x0000, 0x0000, 0x0000, 0x0000, 0x0000,   // 0x3C20 (15392) pixels
0x0000, 0x0000, 0x0000, 0x0000, 0x0000, 0x0000, 0x0000, 0x0000, 0x0000, 0x0000, 0x0000, 0x0000, 0x0000, 0x0000, 0x0000, 0x0000,   // 0x3C30 (15408) pixels
0x0000, 0x0000, 0x0000, 0x0000, 0x0000, 0x0000, 0x0000, 0x0000, 0x0000, 0x0000, 0x0000, 0x0000, 0x0000, 0x0000, 0x0000, 0x0000,   // 0x3C40 (15424) pixels
0x0000, 0x0000, 0x0000, 0x0000, 0x0000, 0x0000, 0x0000, 0x0000, 0x0000, 0x0000, 0x0000, 0x0000, 0x0000, 0x0000, 0x0000, 0x0000,   // 0x3C50 (15440) pixels
0x0000, 0x0000, 0x0000, 0x0000, 0x0000, 0x0000, 0x0000, 0x0000, 0x632C, 0xF7FE, 0xB7DC, 0x6FFD, 0x477F, 0x0D3C, 0x047F, 0x147E,   // 0x3C60 (15456) pixels
0x147F, 0x14DF, 0x1C9C, 0xA77F, 0xD7FF, 0xCFDF, 0xBFFF, 0xBFFF, 0xB7FF, 0x769D, 0x1C3D, 0x143F, 0x1C1F, 0x23FF, 0x241F, 0x23FF,   // 0x3C70 (15472) pixels
0x23FF, 0x23FF, 0x23DF, 0x23DF, 0x23DF, 0x23DF, 0x23BF, 0x23BF, 0x23BF, 0x23BF, 0x23BF, 0x23BF, 0x239F, 0x239F, 0x239F, 0x239F,   // 0x3C80 (15488) pixels
0x239F, 0x237F, 0x237F, 0x237F, 0x237F, 0x237F, 0x235F, 0x235F, 0x1B3D, 0x431B, 0xB45F, 0xDC5F, 0xDC7F, 0xDC7F, 0x9BDF, 0x429C,   // 0x3C90 (15504) pixels
0x22FF, 0x1B1E, 0x2B1E, 0x2AFF, 0x22FE, 0x2B7E, 0x2C3E, 0x6EDF, 0x7FBF, 0x4CB4, 0x0000, 0x0000, 0x0001, 0x0000, 0x0000, 0x0000,   // 0x3CA0 (15520) pixels
0x0000, 0x0000, 0x0000, 0x0000, 0x0000, 0x0000, 0x0000, 0x0000, 0x0000, 0x0000, 0x0000, 0x0000, 0x0000, 0x0000, 0x0000, 0x0000,   // 0x3CB0 (15536) pixels
0x0000, 0x0000, 0x0000, 0x0000, 0x0000, 0x0000, 0x0000, 0x0000, 0x0000, 0x0000, 0x0000, 0x0000, 0x0000, 0x0000, 0x0000, 0x0000,   // 0x3CC0 (15552) pixels
0x0000, 0x0000, 0x0000, 0x0000, 0x0000, 0x0000, 0x0000, 0x0000, 0x0000, 0x0000, 0x0000, 0x0000, 0x0000, 0x0000, 0x0000, 0x0000,   // 0x3CD0 (15568) pixels
0x0000, 0x0000, 0x0000, 0x0000, 0x0000, 0x0000, 0x0000, 0x0000, 0x0000, 0x0000, 0x0000, 0x0000, 0x0000, 0x0000, 0x0000, 0x0000,   // 0x3CE0 (15584) pixels
0x0000, 0x0000, 0x0000, 0x0000, 0x0000, 0x0000, 0x0000, 0x0000, 0x0000, 0x0000, 0x0000, 0x0000, 0x0000, 0x0000, 0x0000, 0x0000,   // 0x3CF0 (15600) pixels
0x0000, 0x0000, 0x0000, 0x0000, 0x0000, 0x0000, 0x0000, 0x0000, 0x0000, 0x0000, 0x0000, 0x0000, 0x0000, 0x0000, 0x0000, 0x0000,   // 0x3D00 (15616) pixels
0x0000, 0x0000, 0x0000, 0x0000, 0x0000, 0x0000, 0x0000, 0x0000, 0x0000, 0x0000, 0x0000, 0x0000, 0x0000, 0x0000, 0x0000, 0x0000,   // 0x3D10 (15632) pixels
0x0000, 0x0000, 0x0000, 0x0000, 0x0000, 0x0000, 0x632B, 0xF7FE, 0xB7DC, 0x6FDD, 0x475F, 0x0D1C, 0x0CBF, 0x1CBF, 0x14BF, 0x0CDF,   // 0x3D20 (15648) pixels
0x24DC, 0xA77F, 0xD7FF, 0xCF9E, 0xB7DD, 0xAFBD, 0xAFFE, 0x6E7D, 0x141C, 0x141F, 0x1C1F, 0x1C1F, 0x241F, 0x23FF, 0x23FF, 0x23FF,   // 0x3D30 (15664) pixels
0x23DF, 0x23DF, 0x23DF, 0x23DF, 0x23BF, 0x23BF, 0x23BF, 0x23BF, 0x23BF, 0x23BF, 0x23BF, 0x239F, 0x239F, 0x239F, 0x239F, 0x237F,   // 0x3D40 (15680) pixels
0x237F, 0x237F, 0x237F, 0x237F, 0x237F, 0x1B5F, 0x1B5D, 0x433B, 0xB45F, 0xDC5F, 0xE47F, 0xE47F, 0xAC1F, 0x4A9D, 0x22FF, 0x231E,   // 0x3D50 (15696) pixels
0x2AFE, 0x2ADF, 0x22FF, 0x2B7E, 0x2C3E, 0x6EDF, 0x7FBF, 0x4CB4, 0x0000, 0x0000, 0x0001, 0x0000, 0x0000, 0x0000, 0x0000, 0x0000,   // 0x3D60 (15712) pixels
0x0000, 0x0000, 0x0000, 0x0000, 0x0000, 0x0000, 0x0000, 0x0000, 0x0000, 0x0000, 0x0000, 0x0000, 0x0000, 0x0000, 0x0000, 0x0000,   // 0x3D70 (15728) pixels
0x0000, 0x0000, 0x0000, 0x0000, 0x0000, 0x0000, 0x0000, 0x0000, 0x0000, 0x0000, 0x0000, 0x0000, 0x0000, 0x0000, 0x0000, 0x0000,   // 0x3D80 (15744) pixels
0x0000, 0x0000, 0x0000, 0x0000, 0x0000, 0x0000, 0x0000, 0x0000, 0x0000, 0x0000, 0x0000, 0x0000, 0x0000, 0x0000, 0x0000, 0x0000,   // 0x3D90 (15760) pixels
0x0000, 0x0000, 0x0000, 0x0000, 0x0000, 0x0000, 0x0000, 0x0000, 0x0000, 0x0000, 0x0000, 0x0000, 0x0000, 0x0000, 0x0000, 0x0000,   // 0x3DA0 (15776) pixels
0x0000, 0x0000, 0x0000, 0x0000, 0x0000, 0x0000, 0x0000, 0x0000, 0x0000, 0x0000, 0x0000, 0x0000, 0x0000, 0x0000, 0x0000, 0x0000,   // 0x3DB0 (15792) pixels
0x0000, 0x0000, 0x0000, 0x0000, 0x0000, 0x0000, 0x0000, 0x0000, 0x0000, 0x0000, 0x0000, 0x0000, 0x0000, 0x0000, 0x0000, 0x0000,   // 0x3DC0 (15808) pixels
0x0000, 0x0000, 0x0000, 0x0000, 0x0000, 0x0000, 0x0000, 0x0000, 0x0000, 0x0000, 0x0000, 0x0000, 0x0000, 0x0000, 0x0000, 0x0000,   // 0x3DD0 (15824) pixels
0x0000, 0x0000, 0x0000, 0x0000, 0x632B, 0xF7FE, 0xAFBC, 0x6FDD, 0x475F, 0x0D1C, 0x0C9F, 0x1CBF, 0x1C9F, 0x0CBE, 0x251B, 0xA79E,   // 0x3DE0 (15840) pixels
0xD7FE, 0xD7FE, 0xB7FF, 0xB7FF, 0xB7FF, 0x769E, 0x1C1C, 0x141F, 0x141F, 0x1C1F, 0x241F, 0x23FF, 0x23FF, 0x23FF, 0x23DF, 0x23DF,   // 0x3DF0 (15856) pixels
0x23DF, 0x23DF, 0x23DF, 0x23DF, 0x23BF, 0x23BF, 0x23BF, 0x23BF, 0x23BF, 0x239F, 0x239F, 0x239F, 0x239F, 0x237F, 0x237F, 0x237F,   // 0x3E00 (15872) pixels
0x237F, 0x237F, 0x237F, 0x1B7F, 0x1B5D, 0x433C, 0xB45F, 0xDC5F, 0xDC5F, 0xDC5F, 0xBC3F, 0x5ADD, 0x22DE, 0x231E, 0x2AFE, 0x2ADF,   // 0x3E10 (15888) pixels
0x22FF, 0x2B5E, 0x2C3E, 0x6EDF, 0x7FBF, 0x4CB4, 0x0000, 0x0000, 0x0001, 0x0000, 0x0000, 0x0000, 0x0000, 0x0000, 0x0000, 0x0000,   // 0x3E20 (15904) pixels
0x0000, 0x0000, 0x0000, 0x0000, 0x0000, 0x0000, 0x0000, 0x0000, 0x0000, 0x0000, 0x0000, 0x0000, 0x0000, 0x0000, 0x0000, 0x0000,   // 0x3E30 (15920) pixels
0x0000, 0x0000, 0x0000, 0x0000, 0x0000, 0x0000, 0x0000, 0x0000, 0x0000, 0x0000, 0x0000, 0x0000, 0x0000, 0x0000, 0x0000, 0x0000,   // 0x3E40 (15936) pixels
0x0000, 0x0000, 0x0000, 0x0000, 0x0000, 0x0000, 0x0000, 0x0000, 0x0000, 0x0000, 0x0000, 0x0000, 0x0000, 0x0000, 0x0000, 0x0000,   // 0x3E50 (15952) pixels
0x0000, 0x0000, 0x0000, 0x0000, 0x0000, 0x0000, 0x0000, 0x0000, 0x0000, 0x0000, 0x0000, 0x0000, 0x0000, 0x0000, 0x0000, 0x0000,   // 0x3E60 (15968) pixels
0x0000, 0x0000, 0x0000, 0x0000, 0x0000, 0x0000, 0x0000, 0x0000, 0x0000, 0x0000, 0x0000, 0x0000, 0x0000, 0x0000, 0x0000, 0x0000,   // 0x3E70 (15984) pixels
0x0000, 0x0000, 0x0000, 0x0000, 0x0000, 0x0000, 0x0000, 0x0000, 0x0000, 0x0000, 0x0000, 0x0000, 0x0000, 0x0000, 0x0000, 0x0000,   // 0x3E80 (16000) pixels
0x0000, 0x0000, 0x0000, 0x0000, 0x0000, 0x0000, 0x0000, 0x0000, 0x0000, 0x0000, 0x0000, 0x0000, 0x0000, 0x0000, 0x0000, 0x0000,   // 0x3E90 (16016) pixels
0x0000, 0x0000, 0x632C, 0xF7FF, 0xB7DC, 0x6FDD, 0x475F, 0x0D3C, 0x0CBF, 0x149E, 0x14BE, 0x0CDF, 0x151D, 0x667D, 0x8EDE, 0x975F,   // 0x3EA0 (16032) pixels
0x9FFF, 0xA7FF, 0xA7FF, 0x76BF, 0x1C5E, 0x141F, 0x141F, 0x1C1F, 0x241F, 0x23FF, 0x23FF, 0x23FF, 0x23DF, 0x23DF, 0x23DF, 0x23DF,   // 0x3EB0 (16048) pixels
0x23DF, 0x23DF, 0x23BF, 0x23BF, 0x23BF, 0x23BF, 0x23BF, 0x239F, 0x239F, 0x239F, 0x239F, 0x237F, 0x237F, 0x237F, 0x237F, 0x237F,   // 0x3EC0 (16064) pixels
0x237F, 0x1B7F, 0x1B7D, 0x435C, 0xB47F, 0xDC5F, 0xDC5F, 0xDC5F, 0xCC5F, 0x6B3E, 0x2ABE, 0x231E, 0x2ADE, 0x2ABF, 0x2AFF, 0x2B5E,   // 0x3ED0 (16080) pixels
0x2C3E, 0x6EDF, 0x7FBF, 0x4CB4, 0x0000, 0x0000, 0x0001, 0x0000, 0x0000, 0x0000, 0x0000, 0x0000, 0x0000, 0x0000, 0x0000, 0x0000,   // 0x3EE0 (16096) pixels
0x0000, 0x0000, 0x0000, 0x0000, 0x0000, 0x0000, 0x0000, 0x0000, 0x0000, 0x0000, 0x0000, 0x0000, 0x0000, 0x0000, 0x0000, 0x0000,   // 0x3EF0 (16112) pixels
0x0000, 0x0000, 0x0000, 0x0000, 0x0000, 0x0000, 0x0000, 0x0000, 0x0000, 0x0000, 0x0000, 0x0000, 0x0000, 0x0000, 0x0000, 0x0000,   // 0x3F00 (16128) pixels
0x0000, 0x0000, 0x0000, 0x0000, 0x0000, 0x0000, 0x0000, 0x0000, 0x0000, 0x0000, 0x0000, 0x0000, 0x0000, 0x0000, 0x0000, 0x0000,   // 0x3F10 (16144) pixels
0x0000, 0x0000, 0x0000, 0x0000, 0x0000, 0x0000, 0x0000, 0x0000, 0x0000, 0x0000, 0x0000, 0x0000, 0x0000, 0x0000, 0x0000, 0x0000,   // 0x3F20 (16160) pixels
0x0000, 0x0000, 0x0000, 0x0000, 0x0000, 0x0000, 0x0000, 0x0000, 0x0000, 0x0000, 0x0000, 0x0000, 0x0000, 0x0000, 0x0000, 0x0000,   // 0x3F30 (16176) pixels
0x0000, 0x0000, 0x0000, 0x0000, 0x0000, 0x0000, 0x0000, 0x0000, 0x0000, 0x0000, 0x0000, 0x0000, 0x0000, 0x0000, 0x0000, 0x0000,   // 0x3F40 (16192) pixels
0x0000, 0x0000, 0x0000, 0x0000, 0x0000, 0x0000, 0x0000, 0x0000, 0x0000, 0x0000, 0x0000, 0x0000, 0x0000, 0x0000, 0x0000, 0x0000,   // 0x3F50 (16208) pixels
0x6B4C, 0xF7FF, 0xB7BC, 0x67BD, 0x475F, 0x0D1C, 0x0D1F, 0x14BE, 0x14DF, 0x04FF, 0x049F, 0x147C, 0x143B, 0x24FF, 0x45DC, 0x55DE,   // 0x3F60 (16224) pixels
0x5E1F, 0x4D7F, 0x143E, 0x141F, 0x141F, 0x243F, 0x241F, 0x23FF, 0x23FF, 0x23FF, 0x23DF, 0x23DF, 0x23DF, 0x23DF, 0x23BF, 0x23BF,   // 0x3F70 (16240) pixels
0x23BF, 0x23BF, 0x23BF, 0x23BF, 0x23BF, 0x239F, 0x239F, 0x239F, 0x239F, 0x237F, 0x237F, 0x237F, 0x237F, 0x237F, 0x235F, 0x235F,   // 0x3F80 (16256) pixels
0x1B7E, 0x435C, 0xB47F, 0xDC7F, 0xDC7F, 0xD45F, 0xDC7F, 0x839F, 0x32DE, 0x22FE, 0x2ADE, 0x2ABF, 0x2AFF, 0x2B5D, 0x2C1D, 0x66BF,   // 0x3F90 (16272) pixels
0x7F9F, 0x44B4, 0x0000, 0x0000, 0x0001, 0x0000, 0x0000, 0x0000, 0x0000, 0x0000, 0x0000, 0x0000, 0x0000, 0x0000, 0x0000, 0x0000,   // 0x3FA0 (16288) pixels
0x0000, 0x0000, 0x0000, 0x0000, 0x0000, 0x0000, 0x0000, 0x0000, 0x0000, 0x0000, 0x0000, 0x0000, 0x0000, 0x0000, 0x0000, 0x0000,   // 0x3FB0 (16304) pixels
0x0000, 0x0000, 0x0000, 0x0000, 0x0000, 0x0000, 0x0000, 0x0000, 0x0000, 0x0000, 0x0000, 0x0000, 0x0000, 0x0000, 0x0000, 0x0000,   // 0x3FC0 (16320) pixels
0x0000, 0x0000, 0x0000, 0x0000, 0x0000, 0x0000, 0x0000, 0x0000, 0x0000, 0x0000, 0x0000, 0x0000, 0x0000, 0x0000, 0x0000, 0x0000,   // 0x3FD0 (16336) pixels
0x0000, 0x0000, 0x0000, 0x0000, 0x0000, 0x0000, 0x0000, 0x0000, 0x0000, 0x0000, 0x0000, 0x0000, 0x0000, 0x0000, 0x0000, 0x0000,   // 0x3FE0 (16352) pixels
0x0000, 0x0000, 0x0000, 0x0000, 0x0000, 0x0000, 0x0000, 0x0000, 0x0000, 0x0000, 0x0000, 0x0000, 0x0000, 0x0000, 0x0000, 0x0000,   // 0x3FF0 (16368) pixels
0x0000, 0x0000, 0x0000, 0x0000, 0x0000, 0x0000, 0x0000, 0x0000, 0x0000, 0x0000, 0x0000, 0x0000, 0x0000, 0x0000, 0x0000, 0x0000,   // 0x4000 (16384) pixels
0x0000, 0x0000, 0x0000, 0x0000, 0x0000, 0x0000, 0x0000, 0x0000, 0x0000, 0x0000, 0x0000, 0x0000, 0x0000, 0x0000, 0x6B4C, 0xF7FF,   // 0x4010 (16400) pixels
0xAFBC, 0x67BD, 0x475F, 0x0D1C, 0x051F, 0x14BE, 0x1CDF, 0x0CBF, 0x0CBF, 0x149D, 0x03FB, 0x045F, 0x043A, 0x0C3B, 0x143C, 0x1C5D,   // 0x4020 (16416) pixels
0x0BFF, 0x141F, 0x13FE, 0x243F, 0x241F, 0x23FF, 0x23FF, 0x23FF, 0x23DF, 0x23DF, 0x23DF, 0x23DF, 0x23BF, 0x23BF, 0x23BF, 0x23BF,   // 0x4030 (16432) pixels
0x23BF, 0x23BF, 0x239F, 0x239F, 0x239F, 0x239F, 0x239F, 0x237F, 0x237F, 0x237F, 0x237F, 0x237F, 0x2B3F, 0x235F, 0x235D, 0x435C,   // 0x4040 (16448) pixels
0xB47F, 0xD47F, 0xD49F, 0xD49F, 0xE45E, 0x93FF, 0x32FE, 0x22DE, 0x2ADE, 0x2ABF, 0x2ADF, 0x2B3D, 0x2C1D, 0x66BF, 0x779F, 0x44B4,   // 0x4050 (16464) pixels
0x0000, 0x0000, 0x0001, 0x0000, 0x0000, 0x0000, 0x0000, 0x0000, 0x0000, 0x0000, 0x0000, 0x0000, 0x0000, 0x0000, 0x0000, 0x0000,   // 0x4060 (16480) pixels
0x0000, 0x0000, 0x0000, 0x0000, 0x0000, 0x0000, 0x0000, 0x0000, 0x0000, 0x0000, 0x0000, 0x0000, 0x0000, 0x0000, 0x0000, 0x0000,   // 0x4070 (16496) pixels
0x0000, 0x0000, 0x0000, 0x0000, 0x0000, 0x0000, 0x0000, 0x0000, 0x0000, 0x0000, 0x0000, 0x0000, 0x0000, 0x0000, 0x0000, 0x0000,   // 0x4080 (16512) pixels
0x0000, 0x0000, 0x0000, 0x0000, 0x0000, 0x0000, 0x0000, 0x0000, 0x0000, 0x0000, 0x0000, 0x0000, 0x0000, 0x0000, 0x0000, 0x0000,   // 0x4090 (16528) pixels
0x0000, 0x0000, 0x0000, 0x0000, 0x0000, 0x0000, 0x0000, 0x0000, 0x0000, 0x0000, 0x0000, 0x0000, 0x0000, 0x0000, 0x0000, 0x0000,   // 0x40A0 (16544) pixels
0x0000, 0x0000, 0x0000, 0x0000, 0x0000, 0x0000, 0x0000, 0x0000, 0x0000, 0x0000, 0x0000, 0x0000, 0x0000, 0x0000, 0x0000, 0x0000,   // 0x40B0 (16560) pixels
0x0000, 0x0000, 0x0000, 0x0000, 0x0000, 0x0000, 0x0000, 0x0000, 0x0000, 0x0000, 0x0000, 0x0000, 0x0000, 0x0000, 0x0000, 0x0000,   // 0x40C0 (16576) pixels
0x0000, 0x0000, 0x0000, 0x0000, 0x0000, 0x0000, 0x0000, 0x0000, 0x0000, 0x0000, 0x0000, 0x0000, 0x632C, 0xF7FF, 0xAFBC, 0x67BD,   // 0x40D0 (16592) pixels
0x3F5F, 0x0D1C, 0x0CDF, 0x24BE, 0x249F, 0x149F, 0x357F, 0x563F, 0x45BD, 0x2D9F, 0x151F, 0x149F, 0x0C1E, 0x143F, 0x143F, 0x145F,   // 0x40E0 (16608) pixels
0x13DE, 0x1BFF, 0x241F, 0x23FF, 0x23FF, 0x23FF, 0x23DF, 0x23DF, 0x23DF, 0x23DF, 0x23BF, 0x23BF, 0x23BF, 0x23BF, 0x23BF, 0x239F,   // 0x40F0 (16624) pixels
0x239F, 0x239F, 0x239F, 0x239F, 0x239F, 0x237F, 0x237F, 0x237F, 0x237F, 0x237F, 0x2B3F, 0x2B3F, 0x235D, 0x433C, 0xB47F, 0xD49F,   // 0x4100 (16640) pixels
0xD49F, 0xCC9F, 0xE47E, 0xA43F, 0x3AFE, 0x22DE, 0x2ADE, 0x2ABF, 0x2ADF, 0x333D, 0x2C1D, 0x66BF, 0x779F, 0x44B4, 0x0000, 0x0000,   // 0x4110 (16656) pixels
0x0001, 0x0000, 0x0000, 0x0000, 0x0000, 0x0000, 0x0000, 0x0000, 0x0000, 0x0000, 0x0000, 0x0000, 0x0000, 0x0000, 0x0000, 0x0000,   // 0x4120 (16672) pixels
0x0000, 0x0000, 0x0000, 0x0000, 0x0000, 0x0000, 0x0000, 0x0000, 0x0000, 0x0000, 0x0000, 0x0000, 0x0000, 0x0000, 0x0000, 0x0000,   // 0x4130 (16688) pixels
0x0000, 0x0000, 0x0000, 0x0000, 0x0000, 0x0000, 0x0000, 0x0000, 0x0000, 0x0000, 0x0000, 0x0000, 0x0000, 0x0000, 0x0000, 0x0000,   // 0x4140 (16704) pixels
0x0000, 0x0000, 0x0000, 0x0000, 0x0000, 0x0000, 0x0000, 0x0000, 0x0000, 0x0000, 0x0000, 0x0000, 0x0000, 0x0000, 0x0000, 0x0000,   // 0x4150 (16720) pixels
0x0000, 0x0000, 0x0000, 0x0000, 0x0000, 0x0000, 0x0000, 0x0000, 0x0000, 0x0000, 0x0000, 0x0000, 0x0000, 0x0000, 0x0000, 0x0000,   // 0x4160 (16736) pixels
0x0000, 0x0000, 0x0000, 0x0000, 0x0000, 0x0000, 0x0000, 0x0000, 0x0000, 0x0000, 0x0000, 0x0000, 0x0000, 0x0000, 0x0000, 0x0000,   // 0x4170 (16752) pixels
0x0000, 0x0000, 0x0000, 0x0000, 0x0000, 0x0000, 0x0000, 0x0000, 0x0000, 0x0000, 0x0000, 0x0000, 0x0000, 0x0000, 0x0000, 0x0000,   // 0x4180 (16768) pixels
0x0000, 0x0000, 0x0000, 0x0000, 0x0000, 0x0000, 0x0000, 0x0000, 0x0000, 0x0800, 0x734D, 0xEFFF, 0xA7FC, 0x67FC, 0x475F, 0x0CDD,   // 0x4190 (16784) pixels
0x0CBE, 0x14BF, 0x149F, 0x147E, 0x6E1E, 0xD7FF, 0xC7BD, 0xAFDF, 0x7F9F, 0x5E5D, 0x2CFA, 0x1418, 0x1C7B, 0x1C3D, 0x1BFF, 0x1BFF,   // 0x41A0 (16800) pixels
0x1C1E, 0x1BFF, 0x23FF, 0x23DF, 0x23DF, 0x23DF, 0x23DF, 0x23DF, 0x23BF, 0x23BF, 0x23BF, 0x23BF, 0x23BF, 0x23BF, 0x239F, 0x239F,   // 0x41B0 (16816) pixels
0x239F, 0x239F, 0x239F, 0x237F, 0x237F, 0x237F, 0x237F, 0x237F, 0x235D, 0x333E, 0x32FF, 0x333F, 0x63FF, 0xB47F, 0xDC7F, 0xDC7F,   // 0x41C0 (16832) pixels
0xE49E, 0xC43F, 0x4ADC, 0x1ABD, 0x32BF, 0x2ABE, 0x231E, 0x331F, 0x23FD, 0x5EBF, 0x779F, 0x4C94, 0x0000, 0x0000, 0x0001, 0x0000,   // 0x41D0 (16848) pixels
0x0000, 0x0000, 0x0000, 0x0000, 0x0000, 0x0000, 0x0000, 0x0000, 0x0000, 0x0000, 0x0000, 0x0000, 0x0000, 0x0000, 0x0000, 0x0000,   // 0x41E0 (16864) pixels
0x0000, 0x0000, 0x0000, 0x0000, 0x0000, 0x0000, 0x0000, 0x0000, 0x0000, 0x0000, 0x0000, 0x0000, 0x0000, 0x0000, 0x0000, 0x0000,   // 0x41F0 (16880) pixels
0x0000, 0x0000, 0x0000, 0x0000, 0x0000, 0x0000, 0x0000, 0x0000, 0x0000, 0x0000, 0x0000, 0x0000, 0x0000, 0x0000, 0x0000, 0x0000,   // 0x4200 (16896) pixels
0x0000, 0x0000, 0x0000, 0x0000, 0x0000, 0x0000, 0x0000, 0x0000, 0x0000, 0x0000, 0x0000, 0x0000, 0x0000, 0x0000, 0x0000, 0x0000,   // 0x4210 (16912) pixels
0x0000, 0x0000, 0x0000, 0x0000, 0x0000, 0x0000, 0x0000, 0x0000, 0x0000, 0x0000, 0x0000, 0x0000, 0x0000, 0x0000, 0x0000, 0x0000,   // 0x4220 (16928) pixels
0x0000, 0x0000, 0x0000, 0x0000, 0x0000, 0x0000, 0x0000, 0x0000, 0x0000, 0x0000, 0x0000, 0x0000, 0x0000, 0x0000, 0x0000, 0x0000,   // 0x4230 (16944) pixels
0x0000, 0x0000, 0x0000, 0x0000, 0x0000, 0x0000, 0x0000, 0x0000, 0x0000, 0x0000, 0x0000, 0x0000, 0x0000, 0x0000, 0x0000, 0x0000,   // 0x4240 (16960) pixels
0x0000, 0x0000, 0x0000, 0x0000, 0x0000, 0x0000, 0x0000, 0x0000, 0x734D, 0xEFFF, 0xA7FC, 0x6FFC, 0x4F7F, 0x0CDD, 0x0CBE, 0x14BF,   // 0x4250 (16976) pixels
0x149F, 0x147E, 0x661E, 0xCFFF, 0xC7DD, 0xB7FF, 0xA7FF, 0x979F, 0x873F, 0x7EFF, 0x6EBF, 0x3D3E, 0x1C1D, 0x13FE, 0x1C1E, 0x1BFF,   // 0x4260 (16992) pixels
0x23FF, 0x23DF, 0x23DF, 0x23DF, 0x23DF, 0x23DF, 0x23BF, 0x23BF, 0x23BF, 0x23BF, 0x23BF, 0x23BF, 0x239F, 0x239F, 0x239F, 0x239F,   // 0x4270 (17008) pixels
0x239F, 0x237F, 0x237F, 0x237F, 0x237F, 0x235E, 0x237D, 0x2B1E, 0x2AFF, 0x2AFF, 0x4B3E, 0xA41E, 0xDC9F, 0xDC7F, 0xE49E, 0xC43F,   // 0x4280 (17024) pixels
0x4ADC, 0x1ADD, 0x32BF, 0x2ABE, 0x231E, 0x331F, 0x23FD, 0x5EBF, 0x77BF, 0x4C94, 0x0000, 0x0000, 0x0001, 0x0000, 0x0000, 0x0000,   // 0x4290 (17040) pixels
0x0000, 0x0000, 0x0000, 0x0000, 0x0000, 0x0000, 0x0000, 0x0000, 0x0000, 0x0000, 0x0000, 0x0000, 0x0000, 0x0000, 0x0000, 0x0000,   // 0x42A0 (17056) pixels
0x0000, 0x0000, 0x0000, 0x0000, 0x0000, 0x0000, 0x0000, 0x0000, 0x0000, 0x0000, 0x0000, 0x0000, 0x0000, 0x0000, 0x0000, 0x0000,   // 0x42B0 (17072) pixels
0x0000, 0x0000, 0x0000, 0x0000, 0x0000, 0x0000, 0x0000, 0x0000, 0x0000, 0x0000, 0x0000, 0x0000, 0x0000, 0x0000, 0x0000, 0x0000,   // 0x42C0 (17088) pixels
0x0000, 0x0000, 0x0000, 0x0000, 0x0000, 0x0000, 0x0000, 0x0000, 0x0000, 0x0000, 0x0000, 0x0000, 0x0000, 0x0000, 0x0000, 0x0000,   // 0x42D0 (17104) pixels
0x0000, 0x0000, 0x0000, 0x0000, 0x0000, 0x0000, 0x0000, 0x0000, 0x0000, 0x0000, 0x0000, 0x0000, 0x0000, 0x0000, 0x0000, 0x0000,   // 0x42E0 (17120) pixels
0x0000, 0x0000, 0x0000, 0x0000, 0x0000, 0x0000, 0x0000, 0x0000, 0x0000, 0x0000, 0x0000, 0x0000, 0x0000, 0x0000, 0x0000, 0x0000,   // 0x42F0 (17136) pixels
0x0000, 0x0000, 0x0000, 0x0000, 0x0000, 0x0000, 0x0000, 0x0000, 0x0000, 0x0000, 0x0000, 0x0000, 0x0000, 0x0000, 0x0000, 0x0000,   // 0x4300 (17152) pixels
0x0000, 0x0000, 0x0000, 0x0000, 0x0000, 0x0000, 0x736D, 0xEFFF, 0xA7DB, 0x67DB, 0x473F, 0x0CFD, 0x0CBE, 0x14BF, 0x149F, 0x0C7E,   // 0x4310 (17168) pixels
0x661E, 0xCFFF, 0xCFFE, 0xB7FF, 0xBFFE, 0xBFFF, 0xB7FF, 0xAFFF, 0x9FFF, 0x4D9D, 0x13DB, 0x13DE, 0x1C1E, 0x1BFF, 0x23FF, 0x23DF,   // 0x4320 (17184) pixels
0x23DF, 0x23DF, 0x23DF, 0x23DF, 0x23BF, 0x23BF, 0x23BF, 0x23BF, 0x23BF, 0x23BF, 0x23BF, 0x239F, 0x239F, 0x239F, 0x237F, 0x237F,   // 0x4330 (17200) pixels
0x237F, 0x237F, 0x235E, 0x235E, 0x237E, 0x2B1E, 0x2B1F, 0x22FF, 0x32BB, 0x93BD, 0xDCBF, 0xDC7F, 0xE49F, 0xC45F, 0x4ADC, 0x22DD,   // 0x4340 (17216) pixels
0x32DF, 0x2ABE, 0x231E, 0x331F, 0x2BFD, 0x5EBF, 0x77BF, 0x4CB4, 0x0000, 0x0000, 0x0001, 0x0000, 0x0000, 0x0000, 0x0000, 0x0000,   // 0x4350 (17232) pixels
0x0000, 0x0000, 0x0000, 0x0000, 0x0000, 0x0000, 0x0000, 0x0000, 0x0000, 0x0000, 0x0000, 0x0000, 0x0000, 0x0000, 0x0000, 0x0000,   // 0x4360 (17248) pixels
0x0000, 0x0000, 0x0000, 0x0000, 0x0000, 0x0000, 0x0000, 0x0000, 0x0000, 0x0000, 0x0000, 0x0000, 0x0000, 0x0000, 0x0000, 0x0000,   // 0x4370 (17264) pixels
0x0000, 0x0000, 0x0000, 0x0000, 0x0000, 0x0000, 0x0000, 0x0000, 0x0000, 0x0000, 0x0000, 0x0000, 0x0000, 0x0000, 0x0000, 0x0000,   // 0x4380 (17280) pixels
0x0000, 0x0000, 0x0000, 0x0000, 0x0000, 0x0000, 0x0000, 0x0000, 0x0000, 0x0000, 0x0000, 0x0000, 0x0000, 0x0000, 0x0000, 0x0000,   // 0x4390 (17296) pixels
0x0000, 0x0000, 0x0000, 0x0000, 0x0000, 0x0000, 0x0000, 0x0000, 0x0000, 0x0000, 0x0000, 0x0000, 0x0000, 0x0000, 0x0000, 0x0000,   // 0x43A0 (17312) pixels
0x0000, 0x0000, 0x0000, 0x0000, 0x0000, 0x0000, 0x0000, 0x0000, 0x0000, 0x0000, 0x0000, 0x0000, 0x0000, 0x0000, 0x0000, 0x0000,   // 0x43B0 (17328) pixels
0x0000, 0x0000, 0x0000, 0x0000, 0x0000, 0x0000, 0x0000, 0x0000, 0x0000, 0x0000, 0x0000, 0x0000, 0x0000, 0x0000, 0x0000, 0x0000,   // 0x43C0 (17344) pixels
0x0000, 0x0000, 0x0000, 0x0000, 0x738E, 0xEFFF, 0xAFFC, 0x6FFC, 0x473F, 0x0D1D, 0x14BE, 0x14BF, 0x14BF, 0x0C9E, 0x5DFE, 0xCFFF,   // 0x43D0 (17360) pixels
0xC7FE, 0xB7FF, 0xB7DF, 0xB7DF, 0xB7DF, 0xAFFF, 0x9FFF, 0x4D7D, 0x13DD, 0x13FF, 0x241E, 0x241F, 0x23FF, 0x23FF, 0x23DF, 0x23DF,   // 0x43E0 (17376) pixels
0x23DF, 0x23DF, 0x23BF, 0x23BF, 0x23BF, 0x23BF, 0x23BF, 0x23BF, 0x23BF, 0x239F, 0x239F, 0x239F, 0x237F, 0x237F, 0x237F, 0x237F,   // 0x43F0 (17392) pixels
0x235E, 0x235E, 0x1B7D, 0x2B3E, 0x2B5F, 0x233F, 0x2ABB, 0x8BDD, 0xDCBF, 0xDC7F, 0xE4BF, 0xC45F, 0x4AFC, 0x22DD, 0x32DF, 0x2ABE,   // 0x4400 (17408) pixels
0x22FE, 0x331F, 0x2BFD, 0x66BF, 0x77BF, 0x4CB4, 0x0000, 0x0000, 0x0001, 0x0000, 0x0000, 0x0000, 0x0000, 0x0000, 0x0000, 0x0000,   // 0x4410 (17424) pixels
0x0000, 0x0000, 0x0000, 0x0000, 0x0000, 0x0000, 0x0000, 0x0000, 0x0000, 0x0000, 0x0000, 0x0000, 0x0000, 0x0000, 0x0000, 0x0000,   // 0x4420 (17440) pixels
0x0000, 0x0000, 0x0000, 0x0000, 0x0000, 0x0000, 0x0000, 0x0000, 0x0000, 0x0000, 0x0000, 0x0000, 0x0000, 0x0000, 0x0000, 0x0000,   // 0x4430 (17456) pixels
0x0000, 0x0000, 0x0000, 0x0000, 0x0000, 0x0000, 0x0000, 0x0000, 0x0000, 0x0000, 0x0000, 0x0000, 0x0000, 0x0000, 0x0000, 0x0000,   // 0x4440 (17472) pixels
0x0000, 0x0000, 0x0000, 0x0000, 0x0000, 0x0000, 0x0000, 0x0000, 0x0000, 0x0000, 0x0000, 0x0000, 0x0000, 0x0000, 0x0000, 0x0000,   // 0x4450 (17488) pixels
0x0000, 0x0000, 0x0000, 0x0000, 0x0000, 0x0000, 0x0000, 0x0000, 0x0000, 0x0000, 0x0000, 0x0000, 0x0000, 0x0000, 0x0000, 0x0000,   // 0x4460 (17504) pixels
0x0000, 0x0000, 0x0000, 0x0000, 0x0000, 0x0000, 0x0000, 0x0000, 0x0000, 0x0000, 0x0000, 0x0000, 0x0000, 0x0000, 0x0000, 0x0000,   // 0x4470 (17520) pixels
0x0000, 0x0000, 0x0000, 0x0000, 0x0000, 0x0000, 0x0000, 0x0000, 0x0000, 0x0000, 0x0000, 0x0000, 0x0000, 0x0000, 0x0000, 0x0000,   // 0x4480 (17536) pixels
0x0020, 0x0000, 0x738D, 0xEFFF, 0xAFDC, 0x6FFC, 0x477F, 0x051D, 0x14BF, 0x14BF, 0x14BF, 0x0CBE, 0x55FE, 0xC7FF, 0xC7DE, 0xB7FF,   // 0x4490 (17552) pixels
0xAFFF, 0xAFFF, 0xA7DF, 0xA7FE, 0x9FFF, 0x4D9E, 0x13DE, 0x13FF, 0x241E, 0x241F, 0x23FF, 0x23FF, 0x23DF, 0x23DF, 0x23DF, 0x23DF,   // 0x44A0 (17568) pixels
0x23BF, 0x23BF, 0x23BF, 0x23BF, 0x23BF, 0x23BF, 0x23BF, 0x239F, 0x239F, 0x237F, 0x237F, 0x237F, 0x237F, 0x235E, 0x235E, 0x235E,   // 0x44B0 (17584) pixels
0x1B5D, 0x2B5E, 0x2B5F, 0x1B3F, 0x2AFC, 0x941E, 0xD4DF, 0xDC7F, 0xE4BF, 0xC47F, 0x4AFC, 0x22DD, 0x32BF, 0x2ABE, 0x22FE, 0x331F,   // 0x44C0 (17600) pixels
0x2BFD, 0x66BF, 0x77BF, 0x4CB4, 0x0000, 0x0000, 0x0001, 0x0000, 0x0000, 0x0000, 0x0000, 0x0000, 0x0000, 0x0000, 0x0000, 0x0000,   // 0x44D0 (17616) pixels
0x0000, 0x0000, 0x0000, 0x0000, 0x0000, 0x0000, 0x0000, 0x0000, 0x0000, 0x0000, 0x0000, 0x0000, 0x0000, 0x0000, 0x0000, 0x0000,   // 0x44E0 (17632) pixels
0x0000, 0x0000, 0x0000, 0x0000, 0x0000, 0x0000, 0x0000, 0x0000, 0x0000, 0x0000, 0x0000, 0x0000, 0x0000, 0x0000, 0x0000, 0x0000,   // 0x44F0 (17648) pixels
0x0000, 0x0000, 0x0000, 0x0000, 0x0000, 0x0000, 0x0000, 0x0000, 0x0000, 0x0000, 0x0000, 0x0000, 0x0000, 0x0000, 0x0000, 0x0000,   // 0x4500 (17664) pixels
0x0000, 0x0000, 0x0000, 0x0000, 0x0000, 0x0000, 0x0000, 0x0000, 0x0000, 0x0000, 0x0000, 0x0000, 0x0000, 0x0000, 0x0000, 0x0000,   // 0x4510 (17680) pixels
0x0000, 0x0000, 0x0000, 0x0000, 0x0000, 0x0000, 0x0000, 0x0000, 0x0000, 0x0000, 0x0000, 0x0000, 0x0000, 0x0000, 0x0000, 0x0000,   // 0x4520 (17696) pixels
0x0000, 0x0000, 0x0000, 0x0000, 0x0000, 0x0000, 0x0000, 0x0000, 0x0000, 0x0000, 0x0000, 0x0000, 0x0000, 0x0000, 0x0000, 0x0000,   // 0x4530 (17712) pixels
0x0000, 0x0000, 0x0000, 0x0000, 0x0000, 0x0000, 0x0000, 0x0000, 0x0000, 0x0000, 0x0000, 0x0000, 0x0000, 0x0000, 0x0000, 0x0000,   // 0x4540 (17728) pixels
0x8410, 0xF7FF, 0xAFBC, 0x6FBB, 0x4F7F, 0x051D, 0x14BF, 0x14BF, 0x14DF, 0x0CBF, 0x55FD, 0xC7FF, 0xC7DD, 0xB7DF, 0xA7FE, 0xA7FF,   // 0x4550 (17744) pixels
0xA7FF, 0xA7FD, 0x9FFF, 0x4D9D, 0x13FD, 0x13FF, 0x241E, 0x241F, 0x23FF, 0x23FF, 0x23FF, 0x23DF, 0x23DF, 0x23DF, 0x23BF, 0x23BF,   // 0x4560 (17760) pixels
0x23BF, 0x23BF, 0x23BF, 0x23BF, 0x23BF, 0x239F, 0x237F, 0x237F, 0x237F, 0x237F, 0x237F, 0x235E, 0x235E, 0x235E, 0x235D, 0x2B5F,   // 0x4570 (17776) pixels
0x231F, 0x1B3F, 0x2AFC, 0x943E, 0xD4BF, 0xDC7F, 0xDCBF, 0xC47F, 0x4AFC, 0x22DD, 0x32BF, 0x2A9E, 0x22FE, 0x32FF, 0x2BFD, 0x66BF,   // 0x4580 (17792) pixels
0x77BF, 0x4CB4, 0x0000, 0x0000, 0x0001, 0x0000, 0x0000, 0x0000, 0x0000, 0x0000, 0x0000, 0x0000, 0x0000, 0x0000, 0x0000, 0x0000,   // 0x4590 (17808) pixels
0x0000, 0x0000, 0x0000, 0x0000, 0x0000, 0x0000, 0x0000, 0x0000, 0x0000, 0x0000, 0x0000, 0x0000, 0x0000, 0x0000, 0x0000, 0x0000,   // 0x45A0 (17824) pixels
0x0000, 0x0000, 0x0000, 0x0000, 0x0000, 0x0000, 0x0000, 0x0000, 0x0000, 0x0000, 0x0000, 0x0000, 0x0000, 0x0000, 0x0000, 0x0000,   // 0x45B0 (17840) pixels
0x0000, 0x0000, 0x0000, 0x0000, 0x0000, 0x0000, 0x0000, 0x0000, 0x0000, 0x0000, 0x0000, 0x0000, 0x0000, 0x0000, 0x0000, 0x0000,   // 0x45C0 (17856) pixels
0x0000, 0x0000, 0x0000, 0x0000, 0x0000, 0x0000, 0x0000, 0x0000, 0x0000, 0x0000, 0x0000, 0x0000, 0x0000, 0x0000, 0x0000, 0x0000,   // 0x45D0 (17872) pixels
0x0000, 0x0000, 0x0000, 0x0000, 0x0000, 0x0000, 0x0000, 0x0000, 0x0000, 0x0000, 0x0000, 0x0000, 0x0000, 0x0000, 0x0000, 0x0000,   // 0x45E0 (17888) pixels
0x0000, 0x0000, 0x0000, 0x0000, 0x0000, 0x0000, 0x0000, 0x0000, 0x0000, 0x0000, 0x0000, 0x0000, 0x0000, 0x0000, 0x0000, 0x0000,   // 0x45F0 (17904) pixels
0x0000, 0x0000, 0x0000, 0x0000, 0x0000, 0x0000, 0x0000, 0x0000, 0x0000, 0x0000, 0x0000, 0x0000, 0x0000, 0x0040, 0x632C, 0xADD6,   // 0x4600 (17920) pixels
0xA77B, 0x7FFD, 0x4F9F, 0x053D, 0x14BF, 0x14BF, 0x0CDF, 0x04BE, 0x4DFD, 0xBFFF, 0xC7DE, 0xB7DF, 0xAFFE, 0xAFFF, 0xAFFF, 0xAFFE,   // 0x4610 (17936) pixels
0xA7DF, 0x55BD, 0x1C1D, 0x143F, 0x241E, 0x241F, 0x23FF, 0x23FF, 0x23FF, 0x23DF, 0x23DF, 0x23DF, 0x23BF, 0x23BF, 0x23BF, 0x23BF,   // 0x4620 (17952) pixels
0x23BF, 0x23BF, 0x239F, 0x239F, 0x237F, 0x237F, 0x237F, 0x237F, 0x237E, 0x235E, 0x235E, 0x235E, 0x235E, 0x2B3F, 0x231F, 0x1B3F,   // 0x4630 (17968) pixels
0x2ADC, 0x941E, 0xD49F, 0xE47F, 0xDCBF, 0xC47F, 0x4B1D, 0x1ADD, 0x32BF, 0x2A9E, 0x22DE, 0x32FF, 0x2BFD, 0x66DF, 0x77BF, 0x4CB4,   // 0x4640 (17984) pixels
0x0000, 0x0000, 0x0001, 0x0000, 0x0000, 0x0000, 0x0000, 0x0000, 0x0000, 0x0000, 0x0000, 0x0000, 0x0000, 0x0000, 0x0000, 0x0000,   // 0x4650 (18000) pixels
0x0000, 0x0000, 0x0000, 0x0000, 0x0000, 0x0000, 0x0000, 0x0000, 0x0000, 0x0000, 0x0000, 0x0000, 0x0000, 0x0000, 0x0000, 0x0000,   // 0x4660 (18016) pixels
0x0000, 0x0000, 0x0000, 0x0000, 0x0000, 0x0000, 0x0000, 0x0000, 0x0000, 0x0000, 0x0000, 0x0000, 0x0000, 0x0000, 0x0000, 0x0000,   // 0x4670 (18032) pixels
0x0000, 0x0000, 0x0000, 0x0000, 0x0000, 0x0000, 0x0000, 0x0000, 0x0000, 0x0000, 0x0000, 0x0000, 0x0000, 0x0000, 0x0000, 0x0000,   // 0x4680 (18048) pixels
0x0000, 0x0000, 0x0000, 0x0000, 0x0000, 0x0000, 0x0000, 0x0000, 0x0000, 0x0000, 0x0000, 0x0000, 0x0000, 0x0000, 0x0000, 0x0000,   // 0x4690 (18064) pixels
0x0000, 0x0000, 0x0000, 0x0000, 0x0000, 0x0000, 0x0000, 0x0000, 0x0000, 0x0000, 0x0000, 0x0000, 0x0000, 0x0000, 0x0000, 0x0000,   // 0x46A0 (18080) pixels
0x0000, 0x0000, 0x0000, 0x0000, 0x0000, 0x0000, 0x0000, 0x0000, 0x0000, 0x0000, 0x0000, 0x0000, 0x0000, 0x0000, 0x0000, 0x0000,   // 0x46B0 (18096) pixels
0x0000, 0x0000, 0x0000, 0x0000, 0x0000, 0x0000, 0x0000, 0x0000, 0x0000, 0x0000, 0x0000, 0x0020, 0x0000, 0x08E3, 0x75D5, 0x8FFE,   // 0x46C0 (18112) pixels
0x4F9F, 0x055E, 0x14BF, 0x14BF, 0x0CDF, 0x04BE, 0x45DD, 0xBFFF, 0xC7DE, 0xB7FF, 0xB7FF, 0xAFBF, 0xAF9F, 0xB7DF, 0xA7DF, 0x559D,   // 0x46D0 (18128) pixels
0x13FC, 0x13FF, 0x241E, 0x241F, 0x23FF, 0x23FF, 0x23FF, 0x23DF, 0x23DF, 0x23DF, 0x23BF, 0x23BF, 0x23BF, 0x23BF, 0x23BF, 0x23BF,   // 0x46E0 (18144) pixels
0x239F, 0x239F, 0x237F, 0x237F, 0x237F, 0x237F, 0x237E, 0x235E, 0x235E, 0x235E, 0x235E, 0x2B3E, 0x231F, 0x237F, 0x2ADC, 0x93FE,   // 0x46F0 (18160) pixels
0xDC9F, 0xE47F, 0xDCBF, 0xC47F, 0x4B1D, 0x1ADD, 0x32BF, 0x2A9D, 0x22DE, 0x32FF, 0x2C1D, 0x66DF, 0x77BF, 0x4CB4, 0x0000, 0x0000,   // 0x4700 (18176) pixels
0x0001, 0x0000, 0x0000, 0x0000, 0x0000, 0x0000, 0x0000, 0x0000, 0x0000, 0x0000, 0x0000, 0x0000, 0x0000, 0x0000, 0x0000, 0x0000,   // 0x4710 (18192) pixels
0x0000, 0x0000, 0x0000, 0x0000, 0x0000, 0x0000, 0x0000, 0x0000, 0x0000, 0x0000, 0x0000, 0x0000, 0x0000, 0x0000, 0x0000, 0x0000,   // 0x4720 (18208) pixels
0x0000, 0x0000, 0x0000, 0x0000, 0x0000, 0x0000, 0x0000, 0x0000, 0x0000, 0x0000, 0x0000, 0x0000, 0x0000, 0x0000, 0x0000, 0x0000,   // 0x4730 (18224) pixels
0x0000, 0x0000, 0x0000, 0x0000, 0x0000, 0x0000, 0x0000, 0x0000, 0x0000, 0x0000, 0x0000, 0x0000, 0x0000, 0x0000, 0x0000, 0x0000,   // 0x4740 (18240) pixels
0x0000, 0x0000, 0x0000, 0x0000, 0x0000, 0x0000, 0x0000, 0x0000, 0x0000, 0x0000, 0x0000, 0x0000, 0x0000, 0x0000, 0x0000, 0x0000,   // 0x4750 (18256) pixels
0x0000, 0x0000, 0x0000, 0x0000, 0x0000, 0x0000, 0x0000, 0x0000, 0x0000, 0x0000, 0x0000, 0x0000, 0x0000, 0x0000, 0x0000, 0x0000,   // 0x4760 (18272) pixels
0x0000, 0x0000, 0x0000, 0x0000, 0x0000, 0x0000, 0x0000, 0x0000, 0x0000, 0x0000, 0x0000, 0x0000, 0x0000, 0x0000, 0x0000, 0x0000,   // 0x4770 (18288) pixels
0x0000, 0x0000, 0x0000, 0x0000, 0x0000, 0x0000, 0x0000, 0x0000, 0x0020, 0x0000, 0x0800, 0x0000, 0x95B5, 0xAFFE, 0x675F, 0x053C,   // 0x4780 (18304) pixels
0x1C9E, 0x14DE, 0x14DF, 0x1C5E, 0x44FC, 0xA7BF, 0xC7FF, 0xBF7E, 0xBFBF, 0xBF9F, 0xB7BE, 0xB7BE, 0xAFDF, 0x4D5C, 0x13FC, 0x141F,   // 0x4790 (18320) pixels
0x1C1F, 0x1C1F, 0x1BFF, 0x1BFF, 0x1BFF, 0x1BFF, 0x1BDF, 0x1BDF, 0x23BF, 0x23BF, 0x23BF, 0x23BF, 0x23BF, 0x239F, 0x239F, 0x237F,   // 0x47A0 (18336) pixels
0x239E, 0x239E, 0x237E, 0x237E, 0x235F, 0x235F, 0x235F, 0x235F, 0x235E, 0x2B9F, 0x233E, 0x231C, 0x2AB9, 0x8C5F, 0xD4FF, 0xEC7E,   // 0x47B0 (18352) pixels
0xDCFE, 0xB4BF, 0x5ADD, 0x2A9D, 0x2AFD, 0x22FD, 0x22FE, 0x2B1F, 0x3BFD, 0x5EBF, 0x6F7E, 0x5CD4, 0x0002, 0x1000, 0x0800, 0x0000,   // 0x47C0 (18368) pixels
0x0000, 0x0000, 0x0000, 0x0000, 0x0000, 0x0000, 0x0000, 0x0000, 0x0000, 0x0000, 0x0000, 0x0000, 0x0000, 0x0000, 0x0000, 0x0000,   // 0x47D0 (18384) pixels
0x0000, 0x0000, 0x0000, 0x0000, 0x0000, 0x0000, 0x0000, 0x0000, 0x0000, 0x0000, 0x0000, 0x0000, 0x0000, 0x0000, 0x0000, 0x0000,   // 0x47E0 (18400) pixels
0x0000, 0x0000, 0x0000, 0x0000, 0x0000, 0x0000, 0x0000, 0x0000, 0x0000, 0x0000, 0x0000, 0x0000, 0x0000, 0x0000, 0x0000, 0x0000,   // 0x47F0 (18416) pixels
0x0000, 0x0000, 0x0000, 0x0000, 0x0000, 0x0000, 0x0000, 0x0000, 0x0000, 0x0000, 0x0000, 0x0000, 0x0000, 0x0000, 0x0000, 0x0000,   // 0x4800 (18432) pixels
0x0000, 0x0000, 0x0000, 0x0000, 0x0000, 0x0000, 0x0000, 0x0000, 0x0000, 0x0000, 0x0000, 0x0000, 0x0000, 0x0000, 0x0000, 0x0000,   // 0x4810 (18448) pixels
0x0000, 0x0000, 0x0000, 0x0000, 0x0000, 0x0000, 0x0000, 0x0000, 0x0000, 0x0000, 0x0000, 0x0000, 0x0000, 0x0000, 0x0000, 0x0000,   // 0x4820 (18464) pixels
0x0000, 0x0000, 0x0000, 0x0000, 0x0000, 0x0000, 0x0000, 0x0000, 0x0000, 0x0000, 0x0000, 0x0000, 0x0000, 0x0000, 0x0000, 0x0000,   // 0x4830 (18480) pixels
0x0000, 0x0000, 0x0000, 0x0000, 0x0000, 0x0000, 0x0000, 0x0000, 0x0000, 0x0001, 0x95F8, 0xA7FF, 0x5F5F, 0x053D, 0x14BF, 0x0D1F,   // 0x4840 (18496) pixels
0x0D1F, 0x14BF, 0x3D1D, 0x871F, 0xAFFF, 0xBFFF, 0xB7DF, 0xB7FE, 0xB7FD, 0xB7DD, 0xAFFF, 0x557C, 0x13DC, 0x1C1F, 0x1C1F, 0x1C1F,   // 0x4850 (18512) pixels
0x1BFF, 0x1BFF, 0x1BDF, 0x23DF, 0x1BDF, 0x23DF, 0x23BF, 0x23BF, 0x23BF, 0x23BF, 0x23BF, 0x239F, 0x239F, 0x237F, 0x239F, 0x237F,   // 0x4860 (18528) pixels
0x237F, 0x237F, 0x235F, 0x235F, 0x235F, 0x235F, 0x233E, 0x2B7E, 0x237D, 0x2BBC, 0x3359, 0x84BD, 0xCD7F, 0xDCDE, 0xD53F, 0x9C1E,   // 0x4870 (18544) pixels
0x427C, 0x2A7F, 0x2ADF, 0x22DE, 0x2ADF, 0x331F, 0x343E, 0x56BF, 0x6F7F, 0x4CB4, 0x0002, 0x0800, 0x0000, 0x0020, 0x0000, 0x0000,   // 0x4880 (18560) pixels
0x0000, 0x0000, 0x0000, 0x0000, 0x0000, 0x0000, 0x0000, 0x0000, 0x0000, 0x0000, 0x0000, 0x0000, 0x0000, 0x0000, 0x0000, 0x0000,   // 0x4890 (18576) pixels
0x0000, 0x0000, 0x0000, 0x0000, 0x0000, 0x0000, 0x0000, 0x0000, 0x0000, 0x0000, 0x0000, 0x0000, 0x0000, 0x0000, 0x0000, 0x0000,   // 0x48A0 (18592) pixels
0x0000, 0x0000, 0x0000, 0x0000, 0x0000, 0x0000, 0x0000, 0x0000, 0x0000, 0x0000, 0x0000, 0x0000, 0x0000, 0x0000, 0x0000, 0x0000,   // 0x48B0 (18608) pixels
0x0000, 0x0000, 0x0000, 0x0000, 0x0000, 0x0000, 0x0000, 0x0000, 0x0000, 0x0000, 0x0000, 0x0000, 0x0000, 0x0000, 0x0000, 0x0000,   // 0x48C0 (18624) pixels
0x0000, 0x0000, 0x0000, 0x0000, 0x0000, 0x0000, 0x0000, 0x0000, 0x0000, 0x0000, 0x0000, 0x0000, 0x0000, 0x0000, 0x0000, 0x0000,   // 0x48D0 (18640) pixels
0x0000, 0x0000, 0x0000, 0x0000, 0x0000, 0x0000, 0x0000, 0x0000, 0x0000, 0x0000, 0x0000, 0x0000, 0x0000, 0x0000, 0x0000, 0x0000,   // 0x48E0 (18656) pixels
0x0000, 0x0000, 0x0000, 0x0000, 0x0000, 0x0000, 0x0000, 0x0000, 0x0000, 0x0000, 0x0000, 0x0000, 0x0000, 0x0000, 0x0000, 0x0000,   // 0x48F0 (18672) pixels
0x0000, 0x0000, 0x0000, 0x0000, 0x0001, 0x0041, 0x0001, 0x0002, 0x95F8, 0xA7FF, 0x5F3F, 0x051C, 0x0CDF, 0x051F, 0x051F, 0x0CBF,   // 0x4900 (18688) pixels
0x1C9E, 0x3D9D, 0x6EDE, 0x8FBF, 0x9FFF, 0xA7FF, 0xA7FE, 0xA7FE, 0xAFFF, 0x557D, 0x1BBC, 0x1BFF, 0x241F, 0x1BFF, 0x23FF, 0x23DF,   // 0x4910 (18704) pixels
0x23DF, 0x23DF, 0x23DF, 0x23DF, 0x23BF, 0x23BF, 0x23BF, 0x23BF, 0x23BF, 0x239F, 0x239F, 0x237F, 0x237F, 0x237F, 0x237F, 0x237F,   // 0x4920 (18720) pixels
0x235F, 0x235F, 0x235F, 0x237F, 0x2B7F, 0x237D, 0x3C5E, 0x6E3F, 0x763F, 0x967F, 0xC67F, 0xDE1F, 0xC57F, 0x737C, 0x3A3D, 0x3ABF,   // 0x4930 (18736) pixels
0x32DF, 0x2ABF, 0x2ABF, 0x2ADF, 0x2C5E, 0x5EBF, 0x775F, 0x4453, 0x0002, 0x0821, 0x0020, 0x0020, 0x0000, 0x0000, 0x0000, 0x0000,   // 0x4940 (18752) pixels
0x0000, 0x0000, 0x0000, 0x0000, 0x0000, 0x0000, 0x0000, 0x0000, 0x0000, 0x0000, 0x0000, 0x0000, 0x0000, 0x0000, 0x0000, 0x0000,   // 0x4950 (18768) pixels
0x0000, 0x0000, 0x0000, 0x0000, 0x0000, 0x0000, 0x0000, 0x0000, 0x0000, 0x0000, 0x0000, 0x0000, 0x0000, 0x0000, 0x0000, 0x0000,   // 0x4960 (18784) pixels
0x0000, 0x0000, 0x0000, 0x0000, 0x0000, 0x0000, 0x0000, 0x0000, 0x0000, 0x0000, 0x0000, 0x0000, 0x0000, 0x0000, 0x0000, 0x0000,   // 0x4970 (18800) pixels
0x0000, 0x0000, 0x0000, 0x0000, 0x0000, 0x0000, 0x0000, 0x0000, 0x0000, 0x0000, 0x0000, 0x0000, 0x0000, 0x0000, 0x0000, 0x0000,   // 0x4980 (18816) pixels
0x0000, 0x0000, 0x0000, 0x0000, 0x0000, 0x0000, 0x0000, 0x0000, 0x0000, 0x0000, 0x0000, 0x0000, 0x0000, 0x0000, 0x0000, 0x0000,   // 0x4990 (18832) pixels
0x0000, 0x0000, 0x0000, 0x0000, 0x0000, 0x0000, 0x0000, 0x0000, 0x0000, 0x0000, 0x0000, 0x0000, 0x0000, 0x0000, 0x0000, 0x0000,   // 0x49A0 (18848) pixels
0x0000, 0x0000, 0x0000, 0x0000, 0x0000, 0x0000, 0x0000, 0x0000, 0x0000, 0x0000, 0x0000, 0x0000, 0x0000, 0x0000, 0x0000, 0x0000,   // 0x49B0 (18864) pixels
0x0000, 0x0000, 0x0000, 0x0000, 0x0000, 0x0063, 0xA65A, 0xBFFF, 0x877F, 0x14B9, 0x0CDE, 0x04DE, 0x04FF, 0x14FF, 0x149F, 0x147D,   // 0x49C0 (18880) pixels
0x251C, 0x3DBC, 0x45BD, 0x4E1D, 0x5E5D, 0x6EBE, 0x7F1F, 0x455E, 0x13DD, 0x1BFF, 0x23FE, 0x23FF, 0x23FF, 0x23DF, 0x23DF, 0x23BF,   // 0x49D0 (18896) pixels
0x23DF, 0x23BF, 0x23BF, 0x23BF, 0x23BF, 0x23BF, 0x23BF, 0x239F, 0x239F, 0x237F, 0x237F, 0x237F, 0x237F, 0x237F, 0x237F, 0x235F,   // 0x49E0 (18912) pixels
0x237F, 0x237F, 0x1B3D, 0x1B3A, 0x345B, 0x771F, 0x8F9F, 0x973E, 0xB6FE, 0xCEDF, 0xBDBF, 0x62FB, 0x3A1E, 0x3A9F, 0x2A7F, 0x229C,   // 0x49F0 (18928) pixels
0x2AFC, 0x2B3D, 0x3D1D, 0x669E, 0x979F, 0x5C93, 0x0022, 0x0000, 0x0020, 0x0020, 0x0000, 0x0000, 0x0000, 0x0000, 0x0000, 0x0000,   // 0x4A00 (18944) pixels
0x0000, 0x0000, 0x0000, 0x0000, 0x0000, 0x0000, 0x0000, 0x0000, 0x0000, 0x0000, 0x0000, 0x0000, 0x0000, 0x0000, 0x0000, 0x0000,   // 0x4A10 (18960) pixels
0x0000, 0x0000, 0x0000, 0x0000, 0x0000, 0x0000, 0x0000, 0x0000, 0x0000, 0x0000, 0x0000, 0x0000, 0x0000, 0x0000, 0x0000, 0x0000,   // 0x4A20 (18976) pixels
0x0000, 0x0000, 0x0000, 0x0000, 0x0000, 0x0000, 0x0000, 0x0000, 0x0000, 0x0000, 0x0000, 0x0000, 0x0000, 0x0000, 0x0000, 0x0000,   // 0x4A30 (18992) pixels
0x0000, 0x0000, 0x0000, 0x0000, 0x0000, 0x0000, 0x0000, 0x0000, 0x0000, 0x0000, 0x0000, 0x0000, 0x0000, 0x0000, 0x0000, 0x0000,   // 0x4A40 (19008) pixels
0x0000, 0x0000, 0x0000, 0x0000, 0x0000, 0x0000, 0x0000, 0x0000, 0x0000, 0x0000, 0x0000, 0x0000, 0x0000, 0x0000, 0x0000, 0x0000,   // 0x4A50 (19024) pixels
0x0000, 0x0000, 0x0000, 0x0000, 0x0000, 0x0000, 0x0000, 0x0000, 0x0000, 0x0000, 0x0000, 0x0000, 0x0000, 0x0000, 0x0000, 0x0000,   // 0x4A60 (19040) pixels
0x0000, 0x0000, 0x0000, 0x0000, 0x0000, 0x0000, 0x0000, 0x0000, 0x0000, 0x0000, 0x0000, 0x0000, 0x0000, 0x0000, 0x0000, 0x0000,   // 0x4A70 (19056) pixels
0x0000, 0x0000, 0x0000, 0x0841, 0x63AF, 0x74F3, 0x96BB, 0x765D, 0x459F, 0x14FD, 0x04BE, 0x14DF, 0x1CBF, 0x0C5F, 0x0C5D, 0x149C,   // 0x4A80 (19072) pixels
0x0C5F, 0x0C3E, 0x0C3C, 0x147C, 0x2CFF, 0x1C5E, 0x141E, 0x143F, 0x23FE, 0x23FF, 0x23DF, 0x23DF, 0x23DF, 0x23BF, 0x23BF, 0x23BF,   // 0x4A90 (19088) pixels
0x23BF, 0x23BF, 0x23BF, 0x23BF, 0x23BF, 0x239F, 0x239F, 0x237F, 0x237F, 0x237F, 0x237F, 0x237F, 0x237F, 0x237F, 0x237F, 0x237F,   // 0x4AA0 (19104) pixels
0x343E, 0x4D1F, 0x55BE, 0x773F, 0x7FBE, 0x877D, 0xA73E, 0xBF1E, 0xA51F, 0x527B, 0x39DE, 0x3A3F, 0x225D, 0x339D, 0x551F, 0x5D9F,   // 0x4AB0 (19120) pixels
0x5D9A, 0x2BD0, 0x5430, 0x42EB, 0x0021, 0x0000, 0x0800, 0x0000, 0x0000, 0x0000, 0x0000, 0x0000, 0x0000, 0x0000, 0x0000, 0x0000,   // 0x4AC0 (19136) pixels
0x0000, 0x0000, 0x0000, 0x0000, 0x0000, 0x0000, 0x0000, 0x0000, 0x0000, 0x0000, 0x0000, 0x0000, 0x0000, 0x0000, 0x0000, 0x0000,   // 0x4AD0 (19152) pixels
0x0000, 0x0000, 0x0000, 0x0000, 0x0000, 0x0000, 0x0000, 0x0000, 0x0000, 0x0000, 0x0000, 0x0000, 0x0000, 0x0000, 0x0000, 0x0000,   // 0x4AE0 (19168) pixels
0x0000, 0x0000, 0x0000, 0x0000, 0x0000, 0x0000, 0x0000, 0x0000, 0x0000, 0x0000, 0x0000, 0x0000, 0x0000, 0x0000, 0x0000, 0x0000,   // 0x4AF0 (19184) pixels
0x0000, 0x0000, 0x0000, 0x0000, 0x0000, 0x0000, 0x0000, 0x0000, 0x0000, 0x0000, 0x0000, 0x0000, 0x0000, 0x0000, 0x0000, 0x0000,   // 0x4B00 (19200) pixels
0x0000, 0x0000, 0x0000, 0x0000, 0x0000, 0x0000, 0x0000, 0x0000, 0x0000, 0x0000, 0x0000, 0x0000, 0x0000, 0x0000, 0x0000, 0x0000,   // 0x4B10 (19216) pixels
0x0000, 0x0000, 0x0000, 0x0000, 0x0000, 0x0000, 0x0000, 0x0000, 0x0000, 0x0000, 0x0000, 0x0000, 0x0000, 0x0000, 0x0000, 0x0000,   // 0x4B20 (19232) pixels
0x0000, 0x0000, 0x0000, 0x0000, 0x0000, 0x0000, 0x0000, 0x0000, 0x0000, 0x0000, 0x0000, 0x0000, 0x0000, 0x0000, 0x0020, 0x0000,   // 0x4B30 (19248) pixels
0x0820, 0x0000, 0x0841, 0x0060, 0x8534, 0xDFFF, 0x8F1F, 0x3D5E, 0x0C9E, 0x0C7F, 0x149F, 0x147F, 0x147F, 0x147E, 0x0C3F, 0x0C3F,   // 0x4B40 (19264) pixels
0x041F, 0x0C1E, 0x145F, 0x145F, 0x143F, 0x145F, 0x1BFE, 0x1BFF, 0x1BFF, 0x23DF, 0x1BDF, 0x23DF, 0x23BF, 0x23DF, 0x23BF, 0x23BF,   // 0x4B50 (19280) pixels
0x23BF, 0x23BF, 0x23BF, 0x239F, 0x239F, 0x237F, 0x237F, 0x237F, 0x237F, 0x237F, 0x237E, 0x237E, 0x237E, 0x237E, 0x4D1E, 0x7EBF,   // 0x4B60 (19296) pixels
0x7EFF, 0x7F5F, 0x7F7D, 0x875C, 0xA73E, 0xAEDE, 0x7C1E, 0x41FB, 0x41DF, 0x3A1F, 0x2A9C, 0x4CBD, 0x7EFF, 0x877F, 0x65B8, 0x00C2,   // 0x4B70 (19312) pixels
0x0020, 0x0061, 0x0000, 0x0800, 0x0800, 0x0000, 0x0000, 0x0000, 0x0000, 0x0000, 0x0000, 0x0000, 0x0000, 0x0000, 0x0000, 0x0000,   // 0x4B80 (19328) pixels
0x0000, 0x0000, 0x0000, 0x0000, 0x0000, 0x0000, 0x0000, 0x0000, 0x0000, 0x0000, 0x0000, 0x0000, 0x0000, 0x0000, 0x0000, 0x0000,   // 0x4B90 (19344) pixels
0x0000, 0x0000, 0x0000, 0x0000, 0x0000, 0x0000, 0x0000, 0x0000, 0x0000, 0x0000, 0x0000, 0x0000, 0x0000, 0x0000, 0x0000, 0x0000,   // 0x4BA0 (19360) pixels
0x0000, 0x0000, 0x0000, 0x0000, 0x0000, 0x0000, 0x0000, 0x0000, 0x0000, 0x0000, 0x0000, 0x0000, 0x0000, 0x0000, 0x0000, 0x0000,   // 0x4BB0 (19376) pixels
0x0000, 0x0000, 0x0000, 0x0000, 0x0000, 0x0000, 0x0000, 0x0000, 0x0000, 0x0000, 0x0000, 0x0000, 0x0000, 0x0000, 0x0000, 0x0000,   // 0x4BC0 (19392) pixels
0x0000, 0x0000, 0x0000, 0x0000, 0x0000, 0x0000, 0x0000, 0x0000, 0x0000, 0x0000, 0x0000, 0x0000, 0x0000, 0x0000, 0x0000, 0x0000,   // 0x4BD0 (19408) pixels
0x0000, 0x0000, 0x0000, 0x0000, 0x0000, 0x0000, 0x0000, 0x0000, 0x0000, 0x0000, 0x0000, 0x0000, 0x0000, 0x0000, 0x0000, 0x0000,   // 0x4BE0 (19424) pixels
0x0000, 0x0000, 0x0000, 0x0000, 0x0000, 0x0000, 0x0000, 0x0000, 0x0000, 0x0000, 0x0000, 0x0000, 0x0000, 0x0000, 0x0000, 0x0000,   // 0x4BF0 (19440) pixels
0x0000, 0x0000, 0x94F2, 0xF7FF, 0xA77F, 0x453D, 0x149F, 0x0CBF, 0x14DF, 0x0CBF, 0x0C9F, 0x145F, 0x249C, 0x2CDD, 0x247D, 0x0BFC,   // 0x4C00 (19456) pixels
0x0BFD, 0x0C1E, 0x141D, 0x143D, 0x1C1E, 0x1BFF, 0x1BFF, 0x1BDF, 0x1BDF, 0x1BDF, 0x1BDF, 0x23DF, 0x23BF, 0x23BF, 0x23BF, 0x23BF,   // 0x4C10 (19472) pixels
0x23BF, 0x239F, 0x239F, 0x237F, 0x237E, 0x237E, 0x237E, 0x237E, 0x237E, 0x237D, 0x235D, 0x235D, 0x4D5B, 0x7EFF, 0x7F1F, 0x771E,   // 0x4C20 (19488) pixels
0x7F3E, 0x871E, 0xAF5F, 0xBF1F, 0x635E, 0x41FD, 0x49DF, 0x39FF, 0x2A9B, 0x4CBC, 0x76FF, 0x6F3E, 0x75D8, 0x0082, 0x0000, 0x0000,   // 0x4C30 (19504) pixels
0x0000, 0x0000, 0x0000, 0x0020, 0x0000, 0x0000, 0x0000, 0x0000, 0x0000, 0x0000, 0x0000, 0x0000, 0x0000, 0x0000, 0x0000, 0x0000,   // 0x4C40 (19520) pixels
0x0000, 0x0000, 0x0000, 0x0000, 0x0000, 0x0000, 0x0000, 0x0000, 0x0000, 0x0000, 0x0000, 0x0000, 0x0000, 0x0000, 0x0000, 0x0000,   // 0x4C50 (19536) pixels
0x0000, 0x0000, 0x0000, 0x0000, 0x0000, 0x0000, 0x0000, 0x0000, 0x0000, 0x0000, 0x0000, 0x0000, 0x0000, 0x0000, 0x0000, 0x0000,   // 0x4C60 (19552) pixels
0x0000, 0x0000, 0x0000, 0x0000, 0x0000, 0x0000, 0x0000, 0x0000, 0x0000, 0x0000, 0x0000, 0x0000, 0x0000, 0x0000, 0x0000, 0x0000,   // 0x4C70 (19568) pixels
0x0000, 0x0000, 0x0000, 0x0000, 0x0000, 0x0000, 0x0000, 0x0000, 0x0000, 0x0000, 0x0000, 0x0000, 0x0000, 0x0000, 0x0000, 0x0000,   // 0x4C80 (19584) pixels
0x0000, 0x0000, 0x0000, 0x0000, 0x0000, 0x0000, 0x0000, 0x0000, 0x0000, 0x0000, 0x0000, 0x0000, 0x0000, 0x0000, 0x0000, 0x0000,   // 0x4C90 (19600) pixels
0x0000, 0x0000, 0x0000, 0x0000, 0x0000, 0x0000, 0x0000, 0x0000, 0x0000, 0x0000, 0x0000, 0x0000, 0x0000, 0x0000, 0x0000, 0x0000,   // 0x4CA0 (19616) pixels
0x0000, 0x0000, 0x0000, 0x0000, 0x0000, 0x0000, 0x0000, 0x0000, 0x0000, 0x0000, 0x0021, 0x0021, 0x0021, 0x0001, 0x0000, 0x0040,   // 0x4CB0 (19632) pixels
0xA553, 0xF7FE, 0xAF5F, 0x3CDC, 0x149F, 0x0CDF, 0x0D1E, 0x04DE, 0x0CBF, 0x149F, 0x871E, 0x8F7F, 0x76BF, 0x455F, 0x2CDF, 0x249E,   // 0x4CC0 (19648) pixels
0x1C5D, 0x1C7D, 0x1C1E, 0x1C1F, 0x1BFF, 0x1BFF, 0x1BFF, 0x1BDF, 0x1BDF, 0x1BDF, 0x23BF, 0x23BF, 0x23BF, 0x23BF, 0x23BF, 0x239F,   // 0x4CD0 (19664) pixels
0x239F, 0x237F, 0x237E, 0x237E, 0x237E, 0x237E, 0x237D, 0x237D, 0x235D, 0x235C, 0x55DA, 0x873F, 0x873F, 0x7F3F, 0x7F3F, 0x8F1F,   // 0x4CE0 (19680) pixels
0xAF1F, 0xB67E, 0x531E, 0x41FE, 0x49FF, 0x39DF, 0x2A9B, 0x4CDC, 0x7F3F, 0x775F, 0x6DB8, 0x0063, 0x0800, 0x0801, 0x0021, 0x0021,   // 0x4CF0 (19696) pixels
0x0000, 0x0020, 0x0000, 0x0000, 0x0000, 0x0000, 0x0000, 0x0000, 0x0000, 0x0000, 0x0000, 0x0000, 0x0000, 0x0000, 0x0000, 0x0000,   // 0x4D00 (19712) pixels
0x0000, 0x0000, 0x0000, 0x0000, 0x0000, 0x0000, 0x0000, 0x0000, 0x0000, 0x0000, 0x0000, 0x0000, 0x0000, 0x0000, 0x0000, 0x0000,   // 0x4D10 (19728) pixels
0x0000, 0x0000, 0x0000, 0x0000, 0x0000, 0x0000, 0x0000, 0x0000, 0x0000, 0x0000, 0x0000, 0x0000, 0x0000, 0x0000, 0x0000, 0x0000,   // 0x4D20 (19744) pixels
0x0000, 0x0000, 0x0000, 0x0000, 0x0000, 0x0000, 0x0000, 0x0000, 0x0000, 0x0000, 0x0000, 0x0000, 0x0000, 0x0000, 0x0000, 0x0000,   // 0x4D30 (19760) pixels
0x0000, 0x0000, 0x0000, 0x0000, 0x0000, 0x0000, 0x0000, 0x0000, 0x0000, 0x0000, 0x0000, 0x0000, 0x0000, 0x0000, 0x0000, 0x0000,   // 0x4D40 (19776) pixels
0x0000, 0x0000, 0x0000, 0x0000, 0x0000, 0x0000, 0x0000, 0x0000, 0x0000, 0x0000, 0x0000, 0x0000, 0x0000, 0x0000, 0x0000, 0x0000,   // 0x4D50 (19792) pixels
0x0000, 0x0000, 0x0000, 0x0000, 0x0000, 0x0000, 0x0000, 0x0000, 0x0000, 0x0000, 0x0000, 0x0000, 0x0000, 0x0000, 0x0000, 0x0000,   // 0x4D60 (19808) pixels
0x0000, 0x0000, 0x0000, 0x0000, 0x0000, 0x0000, 0x0000, 0x0000, 0x0020, 0x0000, 0x0000, 0x0000, 0x0000, 0x0000, 0xAD76, 0xF7BF,   // 0x4D70 (19824) pixels
0x7FDF, 0x1D7A, 0x04FD, 0x04DF, 0x149F, 0x1C9F, 0x14DF, 0x04DD, 0x76DE, 0x9FFF, 0xA7FF, 0x8F9D, 0x877F, 0x7F5F, 0x7EFF, 0x86DF,   // 0x4D80 (19840) pixels
0x669F, 0x1C1A, 0x1BBE, 0x241F, 0x1BDF, 0x1BDF, 0x1BBF, 0x23FF, 0x23DF, 0x1BDF, 0x1BBF, 0x23BF, 0x23BF, 0x23BF, 0x239F, 0x239F,   // 0x4D90 (19856) pixels
0x1B7F, 0x1B7F, 0x1B7F, 0x239F, 0x1B7F, 0x347E, 0x65FF, 0x5DFC, 0x7EBF, 0x7F1E, 0x7F5F, 0x7F5F, 0x7F5F, 0x871D, 0xAF5F, 0xA61E,   // 0x4DA0 (19872) pixels
0x3A5F, 0x39DD, 0x51FF, 0x41BF, 0x327D, 0x4D1D, 0x873F, 0x86FC, 0x7D97, 0x0063, 0x0001, 0x0800, 0x0000, 0x0020, 0x0000, 0x0801,   // 0x4DB0 (19888) pixels
0x0000, 0x0000, 0x0000, 0x0000, 0x0000, 0x0000, 0x0000, 0x0000, 0x0000, 0x0000, 0x0000, 0x0000, 0x0000, 0x0000, 0x0000, 0x0000,   // 0x4DC0 (19904) pixels
0x0000, 0x0000, 0x0000, 0x0000, 0x0000, 0x0000, 0x0000, 0x0000, 0x0000, 0x0000, 0x0000, 0x0000, 0x0000, 0x0000, 0x0000, 0x0000,   // 0x4DD0 (19920) pixels
0x0000, 0x0000, 0x0000, 0x0000, 0x0000, 0x0000, 0x0000, 0x0000, 0x0000, 0x0000, 0x0000, 0x0000, 0x0000, 0x0000, 0x0000, 0x0000,   // 0x4DE0 (19936) pixels
0x0000, 0x0000, 0x0000, 0x0000, 0x0000, 0x0000, 0x0000, 0x0000, 0x0000, 0x0000, 0x0000, 0x0000, 0x0000, 0x0000, 0x0000, 0x0000,   // 0x4DF0 (19952) pixels
0x0000, 0x0000, 0x0000, 0x0000, 0x0000, 0x0000, 0x0000, 0x0000, 0x0000, 0x0000, 0x0000, 0x0000, 0x0000, 0x0000, 0x0000, 0x0000,   // 0x4E00 (19968) pixels
0x0000, 0x0000, 0x0000, 0x0000, 0x0000, 0x0000, 0x0000, 0x0000, 0x0000, 0x0000, 0x0000, 0x0000, 0x0000, 0x0000, 0x0000, 0x0000,   // 0x4E10 (19984) pixels
0x0000, 0x0000, 0x0000, 0x0000, 0x0000, 0x0000, 0x0000, 0x0000, 0x0000, 0x0000, 0x0000, 0x0000, 0x0000, 0x0000, 0x0000, 0x0000,   // 0x4E20 (20000) pixels
0x0000, 0x0000, 0x0000, 0x0000, 0x0000, 0x0000, 0x0000, 0x0000, 0x0000, 0x0000, 0x0000, 0x0020, 0xAD96, 0xFFFF, 0x9FBE, 0x4E1A,   // 0x4E30 (20016) pixels
0x1D7D, 0x0D1F, 0x14DF, 0x149F, 0x0CBE, 0x04DE, 0x3D7C, 0x669D, 0x97FF, 0x97FE, 0x87BE, 0x87BF, 0x879F, 0x979F, 0x771F, 0x34BB,   // 0x4E40 (20032) pixels
0x1BDD, 0x23FF, 0x23FF, 0x23FF, 0x1BBF, 0x1BDF, 0x23BF, 0x1BBF, 0x1B9F, 0x1B9F, 0x239F, 0x237F, 0x237F, 0x237E, 0x2BBF, 0x239E,   // 0x4E50 (20048) pixels
0x1B7E, 0x1B7F, 0x1B7E, 0x3CBE, 0x7EFF, 0x875F, 0x873F, 0x7F3F, 0x7F5F, 0x7F5F, 0x771F, 0x8F3D, 0xB77F, 0x957C, 0x3A3F, 0x421E,   // 0x4E60 (20064) pixels
0x41FE, 0x31FD, 0x1239, 0x3CBC, 0x76FF, 0x8F3F, 0x8DF9, 0x00A4, 0x0000, 0x0800, 0x0000, 0x0020, 0x0000, 0x0001, 0x0000, 0x0000,   // 0x4E70 (20080) pixels
0x0000, 0x0000, 0x0000, 0x0000, 0x0000, 0x0000, 0x0000, 0x0000, 0x0000, 0x0000, 0x0000, 0x0000, 0x0000, 0x0000, 0x0000, 0x0000,   // 0x4E80 (20096) pixels
0x0000, 0x0000, 0x0000, 0x0000, 0x0000, 0x0000, 0x0000, 0x0000, 0x0000, 0x0000, 0x0000, 0x0000, 0x0000, 0x0000, 0x0000, 0x0000,   // 0x4E90 (20112) pixels
0x0000, 0x0000, 0x0000, 0x0000, 0x0000, 0x0000, 0x0000, 0x0000, 0x0000, 0x0000, 0x0000, 0x0000, 0x0000, 0x0000, 0x0000, 0x0000,   // 0x4EA0 (20128) pixels
0x0000, 0x0000, 0x0000, 0x0000, 0x0000, 0x0000, 0x0000, 0x0000, 0x0000, 0x0000, 0x0000, 0x0000, 0x0000, 0x0000, 0x0000, 0x0000,   // 0x4EB0 (20144) pixels
0x0000, 0x0000, 0x0000, 0x0000, 0x0000, 0x0000, 0x0000, 0x0000, 0x0000, 0x0000, 0x0000, 0x0000, 0x0000, 0x0000, 0x0000, 0x0000,   // 0x4EC0 (20160) pixels
0x0000, 0x0000, 0x0000, 0x0000, 0x0000, 0x0000, 0x0000, 0x0000, 0x0000, 0x0000, 0x0000, 0x0000, 0x0000, 0x0000, 0x0000, 0x0000,   // 0x4ED0 (20176) pixels
0x0000, 0x0000, 0x0000, 0x0000, 0x0000, 0x0000, 0x0000, 0x0000, 0x0000, 0x0000, 0x0000, 0x0000, 0x0000, 0x0000, 0x0000, 0x0000,   // 0x4EE0 (20192) pixels
0x0000, 0x0000, 0x0000, 0x0000, 0x0000, 0x0000, 0x0020, 0x0000, 0x0000, 0x10A2, 0xAD96, 0xFFFF, 0xCFBC, 0xBFFF, 0x6F5F, 0x1D7D,   // 0x4EF0 (20208) pixels
0x04BC, 0x0CDE, 0x04BE, 0x04DF, 0x0C5C, 0x355D, 0x877F, 0x97FF, 0x87DE, 0x87DE, 0x879D, 0x8F9D, 0x877F, 0x55DD, 0x243C, 0x1BBE,   // 0x4F00 (20224) pixels
0x23DF, 0x23FF, 0x1BDE, 0x1BDF, 0x23BF, 0x23BF, 0x239F, 0x239F, 0x239F, 0x239F, 0x239F, 0x239E, 0x235D, 0x239C, 0x1B7B, 0x1B7C,   // 0x4F10 (20240) pixels
0x1B9B, 0x3D1C, 0x773F, 0x7F9F, 0x7F3F, 0x771F, 0x773F, 0x773F, 0x771E, 0x8F1E, 0xB73F, 0x957F, 0x3A1D, 0x3A1D, 0x4A9D, 0x74BF,   // 0x4F20 (20256) pixels
0x551E, 0x667F, 0x771F, 0x86FF, 0x7D35, 0x00C4, 0x0801, 0x0800, 0x0000, 0x0020, 0x0000, 0x0000, 0x0000, 0x0000, 0x0000, 0x0000,   // 0x4F30 (20272) pixels
0x0000, 0x0000, 0x0000, 0x0000, 0x0000, 0x0000, 0x0000, 0x0000, 0x0000, 0x0000, 0x0000, 0x0000, 0x0000, 0x0000, 0x0000, 0x0000,   // 0x4F40 (20288) pixels
0x0000, 0x0000, 0x0000, 0x0000, 0x0000, 0x0000, 0x0000, 0x0000, 0x0000, 0x0000, 0x0000, 0x0000, 0x0000, 0x0000, 0x0000, 0x0000,   // 0x4F50 (20304) pixels
0x0000, 0x0000, 0x0000, 0x0000, 0x0000, 0x0000, 0x0000, 0x0000, 0x0000, 0x0000, 0x0000, 0x0000, 0x0000, 0x0000, 0x0000, 0x0000,   // 0x4F60 (20320) pixels
0x0000, 0x0000, 0x0000, 0x0000, 0x0000, 0x0000, 0x0000, 0x0000, 0x0000, 0x0000, 0x0000, 0x0000, 0x0000, 0x0000, 0x0000, 0x0000,   // 0x4F70 (20336) pixels
0x0000, 0x0000, 0x0000, 0x0000, 0x0000, 0x0000, 0x0000, 0x0000, 0x0000, 0x0000, 0x0000, 0x0000, 0x0000, 0x0000, 0x0000, 0x0000,   // 0x4F80 (20352) pixels
0x0000, 0x0000, 0x0000, 0x0000, 0x0000, 0x0000, 0x0000, 0x0000, 0x0000, 0x0000, 0x0000, 0x0000, 0x0000, 0x0000, 0x0000, 0x0000,   // 0x4F90 (20368) pixels
0x0000, 0x0000, 0x0000, 0x0000, 0x0000, 0x0000, 0x0000, 0x0000, 0x0000, 0x0000, 0x0000, 0x0000, 0x0000, 0x0000, 0x0000, 0x0000,   // 0x4FA0 (20384) pixels
0x0000, 0x0000, 0x0000, 0x0000, 0x0000, 0x0000, 0x0000, 0x0000, 0x31A6, 0x4208, 0x94B0, 0xD7FF, 0x9FFF, 0x463E, 0x1D5D, 0x1D5F,   // 0x4FB0 (20400) pixels
0x0C9F, 0x14DF, 0x0C7F, 0x24FF, 0x669F, 0x879F, 0x8FDF, 0x8FFF, 0x87BF, 0x8FBF, 0x8FDF, 0x7F3F, 0x455F, 0x23FE, 0x1BDE, 0x1BFE,   // 0x4FC0 (20416) pixels
0x1BFE, 0x1BDE, 0x23DF, 0x23DF, 0x23BE, 0x23BE, 0x23BF, 0x2B9E, 0x237E, 0x237E, 0x235D, 0x44BF, 0x553E, 0x557E, 0x55BE, 0x5E7E,   // 0x4FD0 (20432) pixels
0x777F, 0x775E, 0x7F5F, 0x7F5F, 0x775F, 0x775F, 0x875F, 0x7E7D, 0x7D3E, 0x6C3F, 0x52FE, 0x525C, 0x6AFB, 0xB6FF, 0x8F9F, 0x87BF,   // 0x4FE0 (20448) pixels
0x5598, 0x1ACC, 0x2A29, 0x0001, 0x0001, 0x0000, 0x0000, 0x0020, 0x0000, 0x0000, 0x0000, 0x0000, 0x0000, 0x0000, 0x0000, 0x0000,   // 0x4FF0 (20464) pixels
0x0000, 0x0000, 0x0000, 0x0000, 0x0000, 0x0000, 0x0000, 0x0000, 0x0000, 0x0000, 0x0000, 0x0000, 0x0000, 0x0000, 0x0000, 0x0000,   // 0x5000 (20480) pixels
0x0000, 0x0000, 0x0000, 0x0000, 0x0000, 0x0000, 0x0000, 0x0000, 0x0000, 0x0000, 0x0000, 0x0000, 0x0000, 0x0000, 0x0000, 0x0000,   // 0x5010 (20496) pixels
0x0000, 0x0000, 0x0000, 0x0000, 0x0000, 0x0000, 0x0000, 0x0000, 0x0000, 0x0000, 0x0000, 0x0000, 0x0000, 0x0000, 0x0000, 0x0000,   // 0x5020 (20512) pixels
0x0000, 0x0000, 0x0000, 0x0000, 0x0000, 0x0000, 0x0000, 0x0000, 0x0000, 0x0000, 0x0000, 0x0000, 0x0000, 0x0000, 0x0000, 0x0000,   // 0x5030 (20528) pixels
0x0000, 0x0000, 0x0000, 0x0000, 0x0000, 0x0000, 0x0000, 0x0000, 0x0000, 0x0000, 0x0000, 0x0000, 0x0000, 0x0000, 0x0000, 0x0000,   // 0x5040 (20544) pixels
0x0000, 0x0000, 0x0000, 0x0000, 0x0000, 0x0000, 0x0000, 0x0000, 0x0000, 0x0000, 0x0000, 0x0000, 0x0000, 0x0000, 0x0000, 0x0000,   // 0x5050 (20560) pixels
0x0000, 0x0000, 0x0000, 0x0000, 0x0000, 0x0000, 0x0000, 0x0000, 0x0000, 0x0000, 0x0000, 0x0000, 0x0000, 0x0000, 0x0000, 0x0000,   // 0x5060 (20576) pixels
0x0000, 0x0000, 0x0000, 0x0000, 0x0020, 0x0000, 0x0020, 0x0000, 0x8BEE, 0xEFFF, 0xB7FF, 0x5E5D, 0x2DBC, 0x35DF, 0x0C7E, 0x0C5F,   // 0x5070 (20592) pixels
0x047F, 0x147E, 0x2CDD, 0x4DBD, 0x5E3F, 0x5E7F, 0x669F, 0x6EBF, 0x667E, 0x6E9F, 0x451F, 0x1BFE, 0x1BDF, 0x1BDF, 0x1BDF, 0x1BDF,   // 0x5080 (20608) pixels
0x1B9D, 0x1B9E, 0x239E, 0x239E, 0x239F, 0x2B9F, 0x237F, 0x235F, 0x237D, 0x6DFF, 0x871F, 0x7F3F, 0x7F5F, 0x7F7F, 0x7F9F, 0x6F3F,   // 0x5090 (20624) pixels
0x773E, 0x775F, 0x6F5E, 0x773D, 0x873F, 0x6D7D, 0x32B9, 0x29DB, 0x529E, 0x69FC, 0x82DA, 0xBEDF, 0x8F9C, 0x879C, 0x5492, 0x0021,   // 0x50A0 (20640) pixels
0x0021, 0x0000, 0x0801, 0x0000, 0x0000, 0x0000, 0x0000, 0x0000, 0x0000, 0x0000, 0x0000, 0x0000, 0x0000, 0x0000, 0x0000, 0x0000,   // 0x50B0 (20656) pixels
0x0000, 0x0000, 0x0000, 0x0000, 0x0000, 0x0000, 0x0000, 0x0000, 0x0000, 0x0000, 0x0000, 0x0000, 0x0000, 0x0000, 0x0000, 0x0000,   // 0x50C0 (20672) pixels
0x0000, 0x0000, 0x0000, 0x0000, 0x0000, 0x0000, 0x0000, 0x0000, 0x0000, 0x0000, 0x0000, 0x0000, 0x0000, 0x0000, 0x0000, 0x0000,   // 0x50D0 (20688) pixels
0x0000, 0x0000, 0x0000, 0x0000, 0x0000, 0x0000, 0x0000, 0x0000, 0x0000, 0x0000, 0x0000, 0x0000, 0x0000, 0x0000, 0x0000, 0x0000,   // 0x50E0 (20704) pixels
0x0000, 0x0000, 0x0000, 0x0000, 0x0000, 0x0000, 0x0000, 0x0000, 0x0000, 0x0000, 0x0000, 0x0000, 0x0000, 0x0000, 0x0000, 0x0000,   // 0x50F0 (20720) pixels
0x0000, 0x0000, 0x0000, 0x0000, 0x0000, 0x0000, 0x0000, 0x0000, 0x0000, 0x0000, 0x0000, 0x0000, 0x0000, 0x0000, 0x0000, 0x0000,   // 0x5100 (20736) pixels
0x0000, 0x0000, 0x0000, 0x0000, 0x0000, 0x0000, 0x0000, 0x0000, 0x0000, 0x0000, 0x0000, 0x0000, 0x0000, 0x0000, 0x0000, 0x0000,   // 0x5110 (20752) pixels
0x0000, 0x0000, 0x0000, 0x0000, 0x0000, 0x0000, 0x0000, 0x0000, 0x0000, 0x0000, 0x0000, 0x0000, 0x0000, 0x0000, 0x0000, 0x0000,   // 0x5120 (20768) pixels
0x0020, 0x0000, 0x0000, 0x0000, 0x0020, 0x0000, 0x9430, 0xD6FC, 0x9E7B, 0x86BD, 0x66DE, 0x56BF, 0x1CDE, 0x0C3F, 0x14BF, 0x147F,   // 0x5130 (20784) pixels
0x1C1C, 0x243C, 0x245D, 0x1C3D, 0x1C1C, 0x1C1C, 0x245B, 0x349E, 0x1BFE, 0x1B9F, 0x1BDF, 0x1BBF, 0x1BDF, 0x23DF, 0x23DF, 0x23BF,   // 0x5140 (20800) pixels
0x23BF, 0x23BF, 0x23BF, 0x239F, 0x237F, 0x1B5F, 0x1BBB, 0x6E5F, 0x875F, 0x7F5E, 0x7F5D, 0x773D, 0x773F, 0x773F, 0x771F, 0x775F,   // 0x5150 (20816) pixels
0x777F, 0x7F5E, 0x7E7F, 0x64BF, 0x3A9D, 0x427E, 0x525F, 0x699B, 0x7A59, 0xB65F, 0x9FBF, 0x86BA, 0x63F1, 0x0803, 0x0000, 0x0020,   // 0x5160 (20832) pixels
0x0821, 0x0000, 0x0000, 0x0000, 0x0000, 0x0020, 0x0000, 0x0000, 0x0000, 0x0000, 0x0000, 0x0000, 0x0000, 0x0000, 0x0000, 0x0000,   // 0x5170 (20848) pixels
0x0000, 0x0000, 0x0000, 0x0000, 0x0000, 0x0000, 0x0000, 0x0000, 0x0000, 0x0000, 0x0000, 0x0000, 0x0000, 0x0000, 0x0000, 0x0000,   // 0x5180 (20864) pixels
0x0000, 0x0000, 0x0000, 0x0000, 0x0000, 0x0000, 0x0000, 0x0000, 0x0000, 0x0000, 0x0000, 0x0000, 0x0000, 0x0000, 0x0000, 0x0000,   // 0x5190 (20880) pixels
0x0000, 0x0000, 0x0000, 0x0000, 0x0000, 0x0000, 0x0000, 0x0000, 0x0000, 0x0000, 0x0000, 0x0000, 0x0000, 0x0000, 0x0000, 0x0000,   // 0x51A0 (20896) pixels
0x0000, 0x0000, 0x0000, 0x0000, 0x0000, 0x0000, 0x0000, 0x0000, 0x0000, 0x0000, 0x0000, 0x0000, 0x0000, 0x0000, 0x0000, 0x0000,   // 0x51B0 (20912) pixels
0x0000, 0x0000, 0x0000, 0x0000, 0x0000, 0x0000, 0x0000, 0x0000, 0x0000, 0x0000, 0x0000, 0x0000, 0x0000, 0x0000, 0x0000, 0x0000,   // 0x51C0 (20928) pixels
0x0000, 0x0000, 0x0000, 0x0000, 0x0000, 0x0000, 0x0000, 0x0000, 0x0000, 0x0000, 0x0000, 0x0000, 0x0000, 0x0000, 0x0000, 0x0000,   // 0x51D0 (20944) pixels
0x0000, 0x0000, 0x0000, 0x0000, 0x0000, 0x0000, 0x0000, 0x0000, 0x0000, 0x0000, 0x0000, 0x0000, 0x0000, 0x0000, 0x0000, 0x0000,   // 0x51E0 (20960) pixels
0x0000, 0x0020, 0x0020, 0x0000, 0x1082, 0x1925, 0x2229, 0x9EFC, 0xA7FF, 0x66FE, 0x14BA, 0x0CBD, 0x145E, 0x1C5E, 0x243E, 0x1C1F,   // 0x51F0 (20976) pixels
0x1C3F, 0x1C3F, 0x13FE, 0x1C1E, 0x1BFE, 0x23FE, 0x1BDE, 0x1BDF, 0x23FF, 0x1BDF, 0x1BDF, 0x23DF, 0x1BDE, 0x1BBE, 0x1BBD, 0x1B9D,   // 0x5200 (20992) pixels
0x1B9C, 0x1B9C, 0x1B7B, 0x1B7B, 0x453D, 0x76FF, 0x7F5F, 0x773E, 0x773F, 0x6F1E, 0x775F, 0x7F5F, 0x7F3F, 0x775F, 0x775F, 0x76FF,   // 0x5210 (21008) pixels
0x54DD, 0x32BD, 0x31FC, 0x4A9D, 0x629A, 0x935C, 0xA43B, 0x9DDC, 0x5D35, 0x09A6, 0x0883, 0x0001, 0x0000, 0x0000, 0x0000, 0x0000,   // 0x5220 (21024) pixels
0x0000, 0x0000, 0x0000, 0x0020, 0x0000, 0x0000, 0x0000, 0x0000, 0x0000, 0x0000, 0x0000, 0x0000, 0x0000, 0x0000, 0x0000, 0x0000,   // 0x5230 (21040) pixels
0x0000, 0x0000, 0x0000, 0x0000, 0x0000, 0x0000, 0x0000, 0x0000, 0x0000, 0x0000, 0x0000, 0x0000, 0x0000, 0x0000, 0x0000, 0x0000,   // 0x5240 (21056) pixels
0x0000, 0x0000, 0x0000, 0x0000, 0x0000, 0x0000, 0x0000, 0x0000, 0x0000, 0x0000, 0x0000, 0x0000, 0x0000, 0x0000, 0x0000, 0x0000,   // 0x5250 (21072) pixels
0x0000, 0x0000, 0x0000, 0x0000, 0x0000, 0x0000, 0x0000, 0x0000, 0x0000, 0x0000, 0x0000, 0x0000, 0x0000, 0x0000, 0x0000, 0x0000,   // 0x5260 (21088) pixels
0x0000, 0x0000, 0x0000, 0x0000, 0x0000, 0x0000, 0x0000, 0x0000, 0x0000, 0x0000, 0x0000, 0x0000, 0x0000, 0x0000, 0x0000, 0x0000,   // 0x5270 (21104) pixels
0x0000, 0x0000, 0x0000, 0x0000, 0x0000, 0x0000, 0x0000, 0x0000, 0x0000, 0x0000, 0x0000, 0x0000, 0x0000, 0x0000, 0x0000, 0x0000,   // 0x5280 (21120) pixels
0x0000, 0x0000, 0x0000, 0x0000, 0x0000, 0x0000, 0x0000, 0x0000, 0x0000, 0x0000, 0x0000, 0x0000, 0x0000, 0x0000, 0x0000, 0x0000,   // 0x5290 (21136) pixels
0x0000, 0x0000, 0x0000, 0x0000, 0x0000, 0x0000, 0x0000, 0x0000, 0x0000, 0x0000, 0x0000, 0x0000, 0x0000, 0x0000, 0x0000, 0x0000,   // 0x52A0 (21152) pixels
0x0000, 0x0000, 0x0040, 0x0000, 0x0904, 0xAEFA, 0xAFFE, 0x777D, 0x2DFB, 0x25DE, 0x1C7D, 0x1C5E, 0x2C5F, 0x1BFF, 0x13FF, 0x1C5F,   // 0x52B0 (21168) pixels
0x141F, 0x241E, 0x241F, 0x241F, 0x241E, 0x241E, 0x1BFD, 0x1BDD, 0x1BFD, 0x23FE, 0x241E, 0x241D, 0x2C5D, 0x349E, 0x3CFE, 0x4D5F,   // 0x52C0 (21184) pixels
0x559F, 0x5DBF, 0x6EDF, 0x7F7F, 0x773E, 0x7F3F, 0x7F5F, 0x771F, 0x773F, 0x771E, 0x76FF, 0x66DF, 0x66BE, 0x76DF, 0x443D, 0x21DC,   // 0x52D0 (21200) pixels
0x3A1D, 0x5B1D, 0xBD7F, 0xEEBF, 0xC63B, 0x6D35, 0x440F, 0x0060, 0x0000, 0x0020, 0x0000, 0x0000, 0x0000, 0x0000, 0x0000, 0x0000,   // 0x52E0 (21216) pixels
0x0020, 0x0000, 0x0000, 0x0000, 0x0000, 0x0000, 0x0000, 0x0000, 0x0000, 0x0000, 0x0000, 0x0000, 0x0000, 0x0000, 0x0000, 0x0000,   // 0x52F0 (21232) pixels
0x0000, 0x0000, 0x0000, 0x0000, 0x0000, 0x0000, 0x0000, 0x0000, 0x0000, 0x0000, 0x0000, 0x0000, 0x0000, 0x0000, 0x0000, 0x0000,   // 0x5300 (21248) pixels
0x0000, 0x0000, 0x0000, 0x0000, 0x0000, 0x0000, 0x0000, 0x0000, 0x0000, 0x0000, 0x0000, 0x0000, 0x0000, 0x0000, 0x0000, 0x0000,   // 0x5310 (21264) pixels
0x0000, 0x0000, 0x0000, 0x0000, 0x0000, 0x0000, 0x0000, 0x0000, 0x0000, 0x0000, 0x0000, 0x0000, 0x0000, 0x0000, 0x0000, 0x0000,   // 0x5320 (21280) pixels
0x0000, 0x0000, 0x0000, 0x0000, 0x0000, 0x0000, 0x0000, 0x0000, 0x0000, 0x0000, 0x0000, 0x0000, 0x0000, 0x0000, 0x0000, 0x0000,   // 0x5330 (21296) pixels
0x0000, 0x0000, 0x0000, 0x0000, 0x0000, 0x0000, 0x0000, 0x0000, 0x0000, 0x0000, 0x0000, 0x0000, 0x0000, 0x0000, 0x0000, 0x0000,   // 0x5340 (21312) pixels
0x0000, 0x0000, 0x0000, 0x0000, 0x0000, 0x0000, 0x0000, 0x0000, 0x0000, 0x0000, 0x0000, 0x0000, 0x0000, 0x0000, 0x0000, 0x0000,   // 0x5350 (21328) pixels
0x0000, 0x0000, 0x0000, 0x0000, 0x0000, 0x0000, 0x0000, 0x0000, 0x0000, 0x0000, 0x0000, 0x0000, 0x0000, 0x0000, 0x0000, 0x0000,   // 0x5360 (21344) pixels
0x0020, 0x0020, 0x0143, 0x9E99, 0xAFBE, 0x9FFF, 0x7FBE, 0x67FE, 0x24DE, 0x145E, 0x1C5F, 0x1C1F, 0x1BFF, 0x241F, 0x1BFF, 0x1C1F,   // 0x5370 (21360) pixels
0x1BFF, 0x1BDF, 0x23FF, 0x1BBF, 0x23DF, 0x1BBD, 0x1BFB, 0x4D9E, 0x5E7F, 0x5E7F, 0x5E9F, 0x66DF, 0x6F1F, 0x6F3F, 0x777F, 0x779F,   // 0x5380 (21376) pixels
0x775F, 0x775F, 0x775F, 0x775F, 0x773F, 0x773F, 0x773F, 0x773F, 0x6F3F, 0x349D, 0x2B5D, 0x32BD, 0x323E, 0x3A3F, 0x295D, 0x739F,   // 0x5390 (21392) pixels
0xE7BF, 0xE7FF, 0x9DF7, 0x2AAA, 0x32CA, 0x0061, 0x0000, 0x0800, 0x0000, 0x0000, 0x0000, 0x0000, 0x0000, 0x0000, 0x0000, 0x0000,   // 0x53A0 (21408) pixels
0x0000, 0x0000, 0x0000, 0x0000, 0x0000, 0x0000, 0x0000, 0x0000, 0x0000, 0x0000, 0x0000, 0x0000, 0x0000, 0x0000, 0x0000, 0x0000,   // 0x53B0 (21424) pixels
0x0000, 0x0000, 0x0000, 0x0000, 0x0000, 0x0000, 0x0000, 0x0000, 0x0000, 0x0000, 0x0000, 0x0000, 0x0000, 0x0000, 0x0000, 0x0000,   // 0x53C0 (21440) pixels
0x0000, 0x0000, 0x0000, 0x0000, 0x0000, 0x0000, 0x0000, 0x0000, 0x0000, 0x0000, 0x0000, 0x0000, 0x0000, 0x0000, 0x0000, 0x0000,   // 0x53D0 (21456) pixels
0x0000, 0x0000, 0x0000, 0x0000, 0x0000, 0x0000, 0x0000, 0x0000, 0x0000, 0x0000, 0x0000, 0x0000, 0x0000, 0x0000, 0x0000, 0x0000,   // 0x53E0 (21472) pixels
0x0000, 0x0000, 0x0000, 0x0000, 0x0000, 0x0000, 0x0000, 0x0000, 0x0000, 0x0000, 0x0000, 0x0000, 0x0000, 0x0000, 0x0000, 0x0000,   // 0x53F0 (21488) pixels
0x0000, 0x0000, 0x0000, 0x0000, 0x0000, 0x0000, 0x0000, 0x0000, 0x0000, 0x0000, 0x0000, 0x0000, 0x0000, 0x0000, 0x0000, 0x0000,   // 0x5400 (21504) pixels
0x0000, 0x0000, 0x0000, 0x0000, 0x0000, 0x0000, 0x0000, 0x0000, 0x0000, 0x0000, 0x0000, 0x0000, 0x0000, 0x0000, 0x0000, 0x0000,   // 0x5410 (21520) pixels
0x0000, 0x0000, 0x0000, 0x0000, 0x0000, 0x0000, 0x0000, 0x0000, 0x0000, 0x0000, 0x0000, 0x0000, 0x0000, 0x0000, 0x0000, 0x0020,   // 0x5420 (21536) pixels
0x1144, 0x9DF7, 0xA67A, 0x9EDB, 0xAFFF, 0x8F9E, 0x253C, 0x0C7A, 0x0C5C, 0x0C5E, 0x145F, 0x141F, 0x1C1F, 0x241F, 0x1BBF, 0x1BBF,   // 0x5430 (21552) pixels
0x23FF, 0x1BBF, 0x23DF, 0x23FF, 0x2C3E, 0x5DDF, 0x6EDF, 0x6EDF, 0x6EFF, 0x6EFF, 0x6EFF, 0x6F1F, 0x771F, 0x773F, 0x771F, 0x771F,   // 0x5440 (21568) pixels
0x771F, 0x771F, 0x771F, 0x771F, 0x7F1F, 0x7F1F, 0x869F, 0x439D, 0x29FE, 0x31DE, 0x31DD, 0x215B, 0x3A18, 0x9D3D, 0xF7FF, 0xEFFF,   // 0x5450 (21584) pixels
0xAE58, 0x3ACA, 0x2207, 0x0020, 0x0001, 0x0800, 0x0000, 0x0000, 0x0000, 0x0000, 0x0000, 0x0000, 0x0000, 0x0000, 0x0000, 0x0000,   // 0x5460 (21600) pixels
0x0000, 0x0000, 0x0000, 0x0000, 0x0000, 0x0000, 0x0000, 0x0000, 0x0000, 0x0000, 0x0000, 0x0000, 0x0000, 0x0000, 0x0000, 0x0000,   // 0x5470 (21616) pixels
0x0000, 0x0000, 0x0000, 0x0000, 0x0000, 0x0000, 0x0000, 0x0000, 0x0000, 0x0000, 0x0000, 0x0000, 0x0000, 0x0000, 0x0000, 0x0000,   // 0x5480 (21632) pixels
0x0000, 0x0000, 0x0000, 0x0000, 0x0000, 0x0000, 0x0000, 0x0000, 0x0000, 0x0000, 0x0000, 0x0000, 0x0000, 0x0000, 0x0000, 0x0000,   // 0x5490 (21648) pixels
0x0000, 0x0000, 0x0000, 0x0000, 0x0000, 0x0000, 0x0000, 0x0000, 0x0000, 0x0000, 0x0000, 0x0000, 0x0000, 0x0000, 0x0000, 0x0000,   // 0x54A0 (21664) pixels
0x0000, 0x0000, 0x0000, 0x0000, 0x0000, 0x0000, 0x0000, 0x0000, 0x0000, 0x0000, 0x0000, 0x0000, 0x0000, 0x0000, 0x0000, 0x0000,   // 0x54B0 (21680) pixels
0x0000, 0x0000, 0x0000, 0x0000, 0x0000, 0x0000, 0x0000, 0x0000, 0x0000, 0x0000, 0x0000, 0x0000, 0x0000, 0x0000, 0x0000, 0x0000,   // 0x54C0 (21696) pixels
0x0000, 0x0000, 0x0000, 0x0000, 0x0000, 0x0000, 0x0000, 0x0000, 0x0000, 0x0000, 0x0000, 0x0000, 0x0000, 0x0000, 0x0000, 0x0000,   // 0x54D0 (21712) pixels
0x0000, 0x0000, 0x0000, 0x0000, 0x0000, 0x0000, 0x0000, 0x0000, 0x0000, 0x0000, 0x0000, 0x0000, 0x0800, 0x0020, 0x0000, 0x29A7,   // 0x54E0 (21728) pixels
0x1945, 0x3A6A, 0xCF7E, 0xC7BF, 0x5E1C, 0x4DFC, 0x45FF, 0x255F, 0x0C9E, 0x03FE, 0x1BFF, 0x23FF, 0x1C1F, 0x1C1E, 0x243F, 0x1BFE,   // 0x54F0 (21744) pixels
0x1BFE, 0x1BDD, 0x1BFC, 0x3CFF, 0x451E, 0x451E, 0x453E, 0x4D3E, 0x4D5F, 0x4D7F, 0x4D7F, 0x4D7F, 0x4D3D, 0x4D3D, 0x4D1D, 0x4D1D,   // 0x5500 (21760) pixels
0x4CFD, 0x4CFC, 0x4CFD, 0x4CFD, 0x643F, 0x4ABF, 0x39DE, 0x425C, 0x743E, 0x745B, 0x84BA, 0x7C75, 0x6B8E, 0x636D, 0x4AAB, 0x08E3,   // 0x5510 (21776) pixels
0x0082, 0x0000, 0x0021, 0x0000, 0x0000, 0x0000, 0x0000, 0x0000, 0x0000, 0x0000, 0x0000, 0x0000, 0x0000, 0x0000, 0x0000, 0x0000,   // 0x5520 (21792) pixels
0x0000, 0x0000, 0x0000, 0x0000, 0x0000, 0x0000, 0x0000, 0x0000, 0x0000, 0x0000, 0x0000, 0x0000, 0x0000, 0x0000, 0x0000, 0x0000,   // 0x5530 (21808) pixels
0x0000, 0x0000, 0x0000, 0x0000, 0x0000, 0x0000, 0x0000, 0x0000, 0x0000, 0x0000, 0x0000, 0x0000, 0x0000, 0x0000, 0x0000, 0x0000,   // 0x5540 (21824) pixels
0x0000, 0x0000, 0x0000, 0x0000, 0x0000, 0x0000, 0x0000, 0x0000, 0x0000, 0x0000, 0x0000, 0x0000, 0x0000, 0x0000, 0x0000, 0x0000,   // 0x5550 (21840) pixels
0x0000, 0x0000, 0x0000, 0x0000, 0x0000, 0x0000, 0x0000, 0x0000, 0x0000, 0x0000, 0x0000, 0x0000, 0x0000, 0x0000, 0x0000, 0x0000,   // 0x5560 (21856) pixels
0x0000, 0x0000, 0x0000, 0x0000, 0x0000, 0x0000, 0x0000, 0x0000, 0x0000, 0x0000, 0x0000, 0x0000, 0x0000, 0x0000, 0x0000, 0x0000,   // 0x5570 (21872) pixels
0x0000, 0x0000, 0x0000, 0x0000, 0x0000, 0x0000, 0x0000, 0x0000, 0x0000, 0x0000, 0x0000, 0x0000, 0x0000, 0x0000, 0x0000, 0x0000,   // 0x5580 (21888) pixels
0x0000, 0x0000, 0x0000, 0x0000, 0x0000, 0x0000, 0x0000, 0x0000, 0x0000, 0x0000, 0x0000, 0x0000, 0x0000, 0x0000, 0x0000, 0x0000,   // 0x5590 (21904) pixels
0x0000, 0x0000, 0x0000, 0x0000, 0x0000, 0x0000, 0x0000, 0x0000, 0x0000, 0x0000, 0x0000, 0x0000, 0x0000, 0x0021, 0x0000, 0x3166,   // 0x55A0 (21920) pixels
0xE77D, 0xF7FF, 0xCFDF, 0xAF7F, 0x871F, 0x3DBD, 0x14DC, 0x0C1C, 0x1BFE, 0x1BBE, 0x1BBE, 0x1BBE, 0x1BBE, 0x13BD, 0x13DE, 0x13BE,   // 0x55B0 (21936) pixels
0x0B7D, 0x1BBE, 0x1AFC, 0x1B1C, 0x1B1C, 0x1B1D, 0x1B1D, 0x1B1D, 0x1AFD, 0x1AFD, 0x1ADD, 0x1ADD, 0x1ABD, 0x1A9D, 0x1A9D, 0x127D,   // 0x55C0 (21952) pixels
0x127C, 0x125C, 0x1A5B, 0x19FC, 0x21FA, 0x53B9, 0xBF7F, 0xDFFF, 0xDFDF, 0x6BF1, 0x0021, 0x0000, 0x0000, 0x0000, 0x0000, 0x0000,   // 0x55D0 (21968) pixels
0x0000, 0x0000, 0x0000, 0x0000, 0x0000, 0x0000, 0x0000, 0x0000, 0x0000, 0x0000, 0x0000, 0x0000, 0x0000, 0x0000, 0x0000, 0x0000,   // 0x55E0 (21984) pixels
0x0000, 0x0000, 0x0000, 0x0000, 0x0000, 0x0000, 0x0000, 0x0000, 0x0000, 0x0000, 0x0000, 0x0000, 0x0000, 0x0000, 0x0000, 0x0000,   // 0x55F0 (22000) pixels
0x0000, 0x0000, 0x0000, 0x0000, 0x0000, 0x0000, 0x0000, 0x0000, 0x0000, 0x0000, 0x0000, 0x0000, 0x0000, 0x0000, 0x0000, 0x0000,   // 0x5600 (22016) pixels
0x0000, 0x0000, 0x0000, 0x0000, 0x0000, 0x0000, 0x0000, 0x0000, 0x0000, 0x0000, 0x0000, 0x0000, 0x0000, 0x0000, 0x0000, 0x0000,   // 0x5610 (22032) pixels
0x0000, 0x0000, 0x0000, 0x0000, 0x0000, 0x0000, 0x0000, 0x0000, 0x0000, 0x0000, 0x0000, 0x0000, 0x0000, 0x0000, 0x0000, 0x0000,   // 0x5620 (22048) pixels
0x0000, 0x0000, 0x0000, 0x0000, 0x0000, 0x0000, 0x0000, 0x0000, 0x0000, 0x0000, 0x0000, 0x0000, 0x0000, 0x0000, 0x0000, 0x0000,   // 0x5630 (22064) pixels
0x0000, 0x0000, 0x0000, 0x0000, 0x0000, 0x0000, 0x0000, 0x0000, 0x0000, 0x0000, 0x0000, 0x0000, 0x0000, 0x0000, 0x0000, 0x0000,   // 0x5640 (22080) pixels
0x0000, 0x0000, 0x0000, 0x0000, 0x0000, 0x0000, 0x0000, 0x0000, 0x0000, 0x0000, 0x0000, 0x0000, 0x0000, 0x0000, 0x0000, 0x0000,   // 0x5650 (22096) pixels
0x0000, 0x0000, 0x0000, 0x0000, 0x0000, 0x0000, 0x0000, 0x0000, 0x0000, 0x0000, 0x0000, 0x0000, 0x0800, 0x20C3, 0x8C71, 0x84B1,   // 0x5660 (22112) pixels
0x6B6F, 0x7CB4, 0x9EDD, 0x769E, 0x45DC, 0x2D3C, 0x24BC, 0x2CBD, 0x3CBD, 0x34BD, 0x34DD, 0x2CDD, 0x2CFE, 0x34FE, 0x2C9D, 0x2C7E,   // 0x5670 (22128) pixels
0x345D, 0x345D, 0x345D, 0x345D, 0x343D, 0x2C3D, 0x2C1D, 0x2BFD, 0x2BFE, 0x341E, 0x341E, 0x341E, 0x33FE, 0x33FE, 0x33DE, 0x33DE,   // 0x5680 (22144) pixels
0x245C, 0x3C7F, 0x4C7F, 0x5D1C, 0xA73E, 0xB79C, 0xC75C, 0x42CB, 0x0000, 0x0000, 0x0800, 0x0000, 0x0000, 0x0000, 0x0000, 0x0000,   // 0x5690 (22160) pixels
0x0000, 0x0000, 0x0000, 0x0000, 0x0000, 0x0000, 0x0000, 0x0000, 0x0000, 0x0000, 0x0000, 0x0000, 0x0000, 0x0000, 0x0000, 0x0000,   // 0x56A0 (22176) pixels
0x0000, 0x0000, 0x0000, 0x0000, 0x0000, 0x0000, 0x0000, 0x0000, 0x0000, 0x0000, 0x0000, 0x0000, 0x0000, 0x0000, 0x0000, 0x0000,   // 0x56B0 (22192) pixels
0x0000, 0x0000, 0x0000, 0x0000, 0x0000, 0x0000, 0x0000, 0x0000, 0x0000, 0x0000, 0x0000, 0x0000, 0x0000, 0x0000, 0x0000, 0x0000,   // 0x56C0 (22208) pixels
0x0000, 0x0000, 0x0000, 0x0000, 0x0000, 0x0000, 0x0000, 0x0000, 0x0000, 0x0000, 0x0000, 0x0000, 0x0000, 0x0000, 0x0000, 0x0000,   // 0x56D0 (22224) pixels
0x0000, 0x0000, 0x0000, 0x0000, 0x0000, 0x0000, 0x0000, 0x0000, 0x0000, 0x0000, 0x0000, 0x0000, 0x0000, 0x0000, 0x0000, 0x0000,   // 0x56E0 (22240) pixels
0x0000, 0x0000, 0x0000, 0x0000, 0x0000, 0x0000, 0x0000, 0x0000, 0x0000, 0x0000, 0x0000, 0x0000, 0x0000, 0x0000, 0x0000, 0x0000,   // 0x56F0 (22256) pixels
0x0000, 0x0000, 0x0000, 0x0000, 0x0000, 0x0000, 0x0000, 0x0000, 0x0000, 0x0000, 0x0000, 0x0000, 0x0000, 0x0000, 0x0000, 0x0000,   // 0x5700 (22272) pixels
0x0000, 0x0000, 0x0000, 0x0000, 0x0000, 0x0000, 0x0000, 0x0000, 0x0000, 0x0000, 0x0000, 0x0000, 0x0000, 0x0000, 0x0000, 0x0000,   // 0x5710 (22288) pixels
0x0000, 0x0000, 0x0000, 0x0000, 0x0000, 0x0000, 0x0000, 0x0000, 0x0040, 0x0000, 0x0820, 0x0000, 0x0061, 0x0020, 0x0801, 0x52CC,   // 0x5720 (22304) pixels
0x9DF9, 0x7E1A, 0x65FA, 0x7F5F, 0x773F, 0x6EFF, 0x6EFF, 0x66FF, 0x671F, 0x571F, 0x56FF, 0x56DE, 0x56BF, 0x56BF, 0x4EBF, 0x4EBF,   // 0x5730 (22320) pixels
0x4EBF, 0x4EDF, 0x4EDF, 0x4EDF, 0x4EBF, 0x4EBF, 0x4E9E, 0x4E9F, 0x4EBF, 0x56BF, 0x4E9F, 0x569F, 0x4E7F, 0x4E7F, 0x567F, 0x55DF,   // 0x5740 (22336) pixels
0x553D, 0x54BA, 0x5CD6, 0x64B3, 0x7492, 0x1967, 0x0000, 0x0000, 0x0820, 0x0000, 0x0000, 0x0000, 0x0000, 0x0020, 0x0000, 0x0000,   // 0x5750 (22352) pixels
0x0000, 0x0000, 0x0000, 0x0000, 0x0000, 0x0000, 0x0000, 0x0000, 0x0000, 0x0000, 0x0000, 0x0000, 0x0000, 0x0000, 0x0000, 0x0000,   // 0x5760 (22368) pixels
0x0000, 0x0000, 0x0000, 0x0000, 0x0000, 0x0000, 0x0000, 0x0000, 0x0000, 0x0000, 0x0000, 0x0000, 0x0000, 0x0000, 0x0000, 0x0000,   // 0x5770 (22384) pixels
0x0000, 0x0000, 0x0000, 0x0000, 0x0000, 0x0000, 0x0000, 0x0000, 0x0000, 0x0000, 0x0000, 0x0000, 0x0000, 0x0000, 0x0000, 0x0000,   // 0x5780 (22400) pixels
0x0000, 0x0000, 0x0000, 0x0000, 0x0000, 0x0000, 0x0000, 0x0000, 0x0000, 0x0000, 0x0000, 0x0000, 0x0000, 0x0000, 0x0000, 0x0000,   // 0x5790 (22416) pixels
0x0000, 0x0000, 0x0000, 0x0000, 0x0000, 0x0000, 0x0000, 0x0000, 0x0000, 0x0000, 0x0000, 0x0000, 0x0000, 0x0000, 0x0000, 0x0000,   // 0x57A0 (22432) pixels
0x0000, 0x0000, 0x0000, 0x0000, 0x0000, 0x0000, 0x0000, 0x0000, 0x0000, 0x0000, 0x0000, 0x0000, 0x0000, 0x0000, 0x0000, 0x0000,   // 0x57B0 (22448) pixels
0x0000, 0x0000, 0x0000, 0x0000, 0x0000, 0x0000, 0x0000, 0x0000, 0x0000, 0x0000, 0x0000, 0x0000, 0x0000, 0x0000, 0x0000, 0x0000,   // 0x57C0 (22464) pixels
0x0000, 0x0000, 0x0000, 0x0000, 0x0000, 0x0000, 0x0000, 0x0000, 0x0000, 0x0000, 0x0000, 0x0000, 0x0000, 0x0000, 0x0000, 0x0000,   // 0x57D0 (22480) pixels
0x0000, 0x0000, 0x0000, 0x0000, 0x0000, 0x0000, 0x0000, 0x0000, 0x0000, 0x0000, 0x0020, 0x0020, 0x0000, 0x1083, 0x1905, 0x00C4,   // 0x57E0 (22496) pixels
0x1A6B, 0x865B, 0x8F3E, 0x76BD, 0x7E9E, 0x769F, 0x6EBF, 0x6EDF, 0x66BE, 0x66BE, 0x6EDF, 0x6EBF, 0x66FF, 0x66FF, 0x66FF, 0x66FF,   // 0x57F0 (22512) pixels
0x66FF, 0x66FF, 0x66DF, 0x66DF, 0x66DF, 0x66DF, 0x66DF, 0x66BF, 0x5EBF, 0x66BF, 0x5E9F, 0x5E9F, 0x761C, 0x232F, 0x0107, 0x0107,   // 0x5800 (22528) pixels
0x00C5, 0x00A3, 0x08C4, 0x0023, 0x0000, 0x0000, 0x0020, 0x0000, 0x0000, 0x0000, 0x0000, 0x0000, 0x0000, 0x0000, 0x0000, 0x0000,   // 0x5810 (22544) pixels
0x0000, 0x0000, 0x0000, 0x0000, 0x0000, 0x0000, 0x0000, 0x0000, 0x0000, 0x0000, 0x0000, 0x0000, 0x0000, 0x0000, 0x0000, 0x0000,   // 0x5820 (22560) pixels
0x0000, 0x0000, 0x0000, 0x0000, 0x0000, 0x0000, 0x0000, 0x0000, 0x0000, 0x0000, 0x0000, 0x0000, 0x0000, 0x0000, 0x0000, 0x0000,   // 0x5830 (22576) pixels
0x0000, 0x0000, 0x0000, 0x0000, 0x0000, 0x0000, 0x0000, 0x0000, 0x0000, 0x0000, 0x0000, 0x0000, 0x0000, 0x0000, 0x0000, 0x0000,   // 0x5840 (22592) pixels
0x0000, 0x0000, 0x0000, 0x0000, 0x0000, 0x0000, 0x0000, 0x0000, 0x0000, 0x0000, 0x0000, 0x0000, 0x0000, 0x0000, 0x0000, 0x0000,   // 0x5850 (22608) pixels
0x0000, 0x0000, 0x0000, 0x0000, 0x0000, 0x0000, 0x0000, 0x0000, 0x0000, 0x0000, 0x0000, 0x0000, 0x0000, 0x0000, 0x0000, 0x0000,   // 0x5860 (22624) pixels
0x0000, 0x0000, 0x0000, 0x0000, 0x0000, 0x0000, 0x0000, 0x0000, 0x0000, 0x0000, 0x0000, 0x0000, 0x0000, 0x0000, 0x0000, 0x0000,   // 0x5870 (22640) pixels
0x0000, 0x0000, 0x0000, 0x0000, 0x0000, 0x0000, 0x0000, 0x0000, 0x0000, 0x0000, 0x0000, 0x0000, 0x0000, 0x0000, 0x0000, 0x0000,   // 0x5880 (22656) pixels
0x0000, 0x0000, 0x0000, 0x0000, 0x0000, 0x0000, 0x0000, 0x0000, 0x0000, 0x0000, 0x0000, 0x0000, 0x0000, 0x0000, 0x0000, 0x0000,   // 0x5890 (22672) pixels
0x0000, 0x0000, 0x0000, 0x0020, 0x0000, 0x0021, 0x0000, 0x0800, 0x0000, 0x0000, 0x0000, 0x0000, 0x0000, 0x0001, 0x0063, 0x328C,   // 0x58A0 (22688) pixels
0x2B0E, 0x234F, 0x430D, 0x32ED, 0x2B0E, 0x2B4E, 0x2B4D, 0x2B2C, 0x332D, 0x32ED, 0x332D, 0x332D, 0x332D, 0x2B2D, 0x2B2D, 0x2B0C,   // 0x58B0 (22704) pixels
0x2B0C, 0x2B0C, 0x2B0D, 0x2B0D, 0x2B0D, 0x2AED, 0x2B0D, 0x2B0E, 0x332E, 0x332E, 0x32AB, 0x08C3, 0x0000, 0x0801, 0x0001, 0x0021,   // 0x58C0 (22720) pixels
0x0000, 0x0000, 0x0000, 0x0000, 0x0020, 0x0000, 0x0000, 0x0000, 0x0000, 0x0000, 0x0000, 0x0000, 0x0000, 0x0000, 0x0000, 0x0000,   // 0x58D0 (22736) pixels
0x0000, 0x0000, 0x0000, 0x0000, 0x0000, 0x0000, 0x0000, 0x0000, 0x0000, 0x0000, 0x0000, 0x0000, 0x0000, 0x0000, 0x0000, 0x0000,   // 0x58E0 (22752) pixels
0x0000, 0x0000, 0x0000, 0x0000, 0x0000, 0x0000, 0x0000, 0x0000, 0x0000, 0x0000, 0x0000, 0x0000, 0x0000, 0x0000, 0x0000, 0x0000,   // 0x58F0 (22768) pixels
0x0000, 0x0000, 0x0000, 0x0000, 0x0000, 0x0000, 0x0000, 0x0000, 0x0000, 0x0000, 0x0000, 0x0000, 0x0000, 0x0000, 0x0000, 0x0000,   // 0x5900 (22784) pixels
0x0000, 0x0000, 0x0000, 0x0000, 0x0000, 0x0000, 0x0000, 0x0000, 0x0000, 0x0000, 0x0000, 0x0000, 0x0000, 0x0000, 0x0000, 0x0000,   // 0x5910 (22800) pixels
0x0000, 0x0000, 0x0000, 0x0000, 0x0000, 0x0000, 0x0000, 0x0000, 0x0000, 0x0000, 0x0000, 0x0000, 0x0000, 0x0000, 0x0000, 0x0000,   // 0x5920 (22816) pixels
0x0000, 0x0000, 0x0000, 0x0000, 0x0000, 0x0000, 0x0000, 0x0000, 0x0000, 0x0000, 0x0000, 0x0000, 0x0000, 0x0000, 0x0000, 0x0000,   // 0x5930 (22832) pixels
0x0000, 0x0000, 0x0000, 0x0000, 0x0000, 0x0000, 0x0000, 0x0000, 0x0000, 0x0000, 0x0000, 0x0000, 0x0000, 0x0000, 0x0000, 0x0000,   // 0x5940 (22848) pixels
0x0000, 0x0000, 0x0000, 0x0000, 0x0000, 0x0000, 0x0000, 0x0000, 0x0000, 0x0000, 0x0000, 0x0000, 0x0000, 0x0000, 0x0000, 0x0000,   // 0x5950 (22864) pixels
0x0000, 0x0000, 0x0000, 0x0000, 0x0000, 0x0000, 0x0000, 0x0000, 0x0000, 0x0000, 0x0000, 0x0000, 0x0000, 0x0000, 0x0000, 0x0000,   // 0x5960 (22880) pixels
0x0000, 0x0000, 0x0000, 0x0000, 0x0000, 0x0000, 0x0000, 0x0000, 0x0000, 0x0000, 0x0000, 0x0000, 0x0000, 0x0000, 0x0000, 0x0000,   // 0x5970 (22896) pixels
0x0000, 0x0000, 0x0000, 0x0000, 0x0000, 0x0000, 0x0000, 0x0000, 0x0000, 0x0000, 0x0000, 0x0000, 0x0000, 0x0000, 0x0000, 0x0000,   // 0x5980 (22912) pixels
0x0000, 0x0000, 0x0000, 0x0000, 0x0000, 0x0000, 0x0000, 0x0000, 0x0000, 0x0000, 0x0000, 0x0000, 0x0000, 0x0000, 0x0000, 0x0000,   // 0x5990 (22928) pixels
0x0000, 0x0000, 0x0000, 0x0000, 0x0000, 0x0000, 0x0000, 0x0000, 0x0000, 0x0000, 0x0000, 0x0000, 0x0000, 0x0000, 0x0000, 0x0000,   // 0x59A0 (22944) pixels
0x0000, 0x0000, 0x0000, 0x0000, 0x0000, 0x0000, 0x0000, 0x0000, 0x0000, 0x0000, 0x0000, 0x0000, 0x0000, 0x0000, 0x0000, 0x0000,   // 0x59B0 (22960) pixels
0x0000, 0x0000, 0x0000, 0x0000, 0x0000, 0x0000, 0x0000, 0x0000, 0x0000, 0x0000, 0x0000, 0x0000, 0x0000, 0x0000, 0x0000, 0x0000,   // 0x59C0 (22976) pixels
0x0000, 0x0000, 0x0000, 0x0000, 0x0000, 0x0000, 0x0000, 0x0000, 0x0000, 0x0000, 0x0000, 0x0000, 0x0000, 0x0000, 0x0000, 0x0000,   // 0x59D0 (22992) pixels
0x0000, 0x0000, 0x0000, 0x0000, 0x0000, 0x0000, 0x0000, 0x0000, 0x0000, 0x0000, 0x0000, 0x0000, 0x0000, 0x0000, 0x0000, 0x0000,   // 0x59E0 (23008) pixels
0x0000, 0x0000, 0x0000, 0x0000, 0x0000, 0x0000, 0x0000, 0x0000, 0x0000, 0x0000, 0x0000, 0x0000, 0x0000, 0x0000, 0x0000, 0x0000,   // 0x59F0 (23024) pixels
0x0000, 0x0000, 0x0000, 0x0000, 0x0000, 0x0000, 0x0000, 0x0000, 0x0000, 0x0000, 0x0000, 0x0000, 0x0000, 0x0000, 0x0000, 0x0000,   // 0x5A00 (23040) pixels
0x0000, 0x0000, 0x0000, 0x0000, 0x0000, 0x0000, 0x0000, 0x0000, 0x0000, 0x0000, 0x0000, 0x0000, 0x0000, 0x0000, 0x0000, 0x0000,   // 0x5A10 (23056) pixels
0x0000, 0x0000, 0x0000, 0x0000, 0x0000, 0x0000, 0x0000, 0x0000, 0x0000, 0x0000, 0x0000, 0x0000, 0x0000, 0x0000, 0x0000, 0x0000,   // 0x5A20 (23072) pixels
0x0000, 0x0000, 0x0000, 0x0000, 0x0000, 0x0000, 0x0000, 0x0000, 0x0000, 0x0000, 0x0000, 0x0000, 0x0000, 0x0000, 0x0000, 0x0000,   // 0x5A30 (23088) pixels
0x0000, 0x0000, 0x0000, 0x0000, 0x0000, 0x0000, 0x0000, 0x0000, 0x0000, 0x0000, 0x0000, 0x0000, 0x0000, 0x0000, 0x0000, 0x0000,   // 0x5A40 (23104) pixels
0x0000, 0x0000, 0x0000, 0x0000, 0x0000, 0x0000, 0x0000, 0x0000, 0x0000, 0x0000, 0x0000, 0x0000, 0x0000, 0x0000, 0x0000, 0x0000,   // 0x5A50 (23120) pixels
0x0000, 0x0000, 0x0000, 0x0000, 0x0000, 0x0000, 0x0000, 0x0000, 0x0000, 0x0000, 0x0000, 0x0000, 0x0000, 0x0000, 0x0000, 0x0000,   // 0x5A60 (23136) pixels
0x0000, 0x0000, 0x0000, 0x0000, 0x0000, 0x0000, 0x0000, 0x0000, 0x0000, 0x0000, 0x0000, 0x0000, 0x0000, 0x0000, 0x0000, 0x0000,   // 0x5A70 (23152) pixels
0x0000, 0x0000, 0x0000, 0x0000, 0x0000, 0x0000, 0x0000, 0x0000, 0x0000, 0x0000, 0x0000, 0x0000, 0x0000, 0x0000, 0x0000, 0x0000,   // 0x5A80 (23168) pixels
0x0000, 0x0000, 0x0000, 0x0000, 0x0000, 0x0000, 0x0000, 0x0000, 0x0000, 0x0000, 0x0000, 0x0000, 0x0000, 0x0000, 0x0000, 0x0000,   // 0x5A90 (23184) pixels
0x0000, 0x0000, 0x0000, 0x0000, 0x0000, 0x0000, 0x0000, 0x0000, 0x0000, 0x0000, 0x0000, 0x0000, 0x0000, 0x0000, 0x0000, 0x0000,   // 0x5AA0 (23200) pixels
0x0000, 0x0000, 0x0000, 0x0000, 0x0000, 0x0000, 0x0000, 0x0000, 0x0000, 0x0000, 0x0000, 0x0000, 0x0000, 0x0000, 0x0000, 0x0000,   // 0x5AB0 (23216) pixels
0x0000, 0x0000, 0x0000, 0x0000, 0x0000, 0x0000, 0x0000, 0x0000, 0x0000, 0x0000, 0x0000, 0x0000, 0x0000, 0x0000, 0x0000, 0x0000,   // 0x5AC0 (23232) pixels
0x0000, 0x0000, 0x0000, 0x0000, 0x0000, 0x0000, 0x0000, 0x0000, 0x0000, 0x0000, 0x0000, 0x0000, 0x0000, 0x0000, 0x0000, 0x0000,   // 0x5AD0 (23248) pixels
0x0000, 0x0000, 0x0000, 0x0000, 0x0000, 0x0000, 0x0000, 0x0000, 0x0000, 0x0000, 0x0000, 0x0000, 0x0000, 0x0000, 0x0000, 0x0000,   // 0x5AE0 (23264) pixels
0x0000, 0x0000, 0x0000, 0x0000, 0x0000, 0x0000, 0x0000, 0x0000, 0x0000, 0x0000, 0x0000, 0x0000, 0x0000, 0x0000, 0x0000, 0x0000,   // 0x5AF0 (23280) pixels
0x0000, 0x0000, 0x0000, 0x0000, 0x0000, 0x0000, 0x0000, 0x0000, 0x0000, 0x0000, 0x0000, 0x0000, 0x0000, 0x0000, 0x0000, 0x0000,   // 0x5B00 (23296) pixels
0x0000, 0x0000, 0x0000, 0x0000, 0x0000, 0x0000, 0x0000, 0x0000, 0x0000, 0x0000, 0x0000, 0x0000, 0x0000, 0x0000, 0x0000, 0x0000,   // 0x5B10 (23312) pixels
0x0000, 0x0000, 0x0000, 0x0000, 0x0000, 0x0000, 0x0000, 0x0000, 0x0000, 0x0000, 0x0000, 0x0000, 0x0000, 0x0000, 0x0000, 0x0000,   // 0x5B20 (23328) pixels
0x0000, 0x0000, 0x0000, 0x0000, 0x0000, 0x0000, 0x0000, 0x0000, 0x0000, 0x0000, 0x0000, 0x0000, 0x0000, 0x0000, 0x0000, 0x0000,   // 0x5B30 (23344) pixels
0x0000, 0x0000, 0x0000, 0x0000, 0x0000, 0x0000, 0x0000, 0x0000, 0x0000, 0x0000, 0x0000, 0x0000, 0x0000, 0x0000, 0x0000, 0x0000,   // 0x5B40 (23360) pixels
0x0000, 0x0000, 0x0000, 0x0000, 0x0000, 0x0000, 0x0000, 0x0000, 0x0000, 0x0000, 0x0000, 0x0000, 0x0000, 0x0000, 0x0000, 0x0000,   // 0x5B50 (23376) pixels
0x0000, 0x0000, 0x0000, 0x0000, 0x0000, 0x0000, 0x0000, 0x0000, 0x0000, 0x0000, 0x0000, 0x0000, 0x0000, 0x0000, 0x0000, 0x0000,   // 0x5B60 (23392) pixels
0x0000, 0x0000, 0x0000, 0x0000, 0x0000, 0x0000, 0x0000, 0x0000, 0x0000, 0x0000, 0x0000, 0x0000, 0x0000, 0x0000, 0x0000, 0x0000,   // 0x5B70 (23408) pixels
0x0000, 0x0000, 0x0000, 0x0000, 0x0000, 0x0000, 0x0000, 0x0000, 0x0000, 0x0000, 0x0000, 0x0000, 0x0000, 0x0000, 0x0000, 0x0000,   // 0x5B80 (23424) pixels
0x0000, 0x0000, 0x0000, 0x0000, 0x0000, 0x0000, 0x0000, 0x0000, 0x0000, 0x0000, 0x0000, 0x0000, 0x0000, 0x0000, 0x0000, 0x0000,   // 0x5B90 (23440) pixels
0x0000, 0x0000, 0x0000, 0x0000, 0x0000, 0x0000, 0x0000, 0x0000, 0x0000, 0x0000, 0x0000, 0x0000, 0x0000, 0x0000, 0x0000, 0x0000,   // 0x5BA0 (23456) pixels
0x0000, 0x0000, 0x0000, 0x0000, 0x0000, 0x0000, 0x0000, 0x0000, 0x0000, 0x0000, 0x0000, 0x0000, 0x0000, 0x0000, 0x0000, 0x0000,   // 0x5BB0 (23472) pixels
0x0000, 0x0000, 0x0000, 0x0000, 0x0000, 0x0000, 0x0000, 0x0000, 0x0000, 0x0000, 0x0000, 0x0000, 0x0000, 0x0000, 0x0000, 0x0000,   // 0x5BC0 (23488) pixels
0x0000, 0x0000, 0x0000, 0x0000, 0x0000, 0x0000, 0x0000, 0x0000, 0x0000, 0x0000, 0x0000, 0x0000, 0x0000, 0x0000, 0x0000, 0x0000,   // 0x5BD0 (23504) pixels
0x0000, 0x0000, 0x0000, 0x0000, 0x0000, 0x0000, 0x0000, 0x0000, 0x0000, 0x0000, 0x0000, 0x0000, 0x0000, 0x0000, 0x0000, 0x0000,   // 0x5BE0 (23520) pixels
0x0000, 0x0000, 0x0000, 0x0000, 0x0000, 0x0000, 0x0000, 0x0000, 0x0000, 0x0000, 0x0000, 0x0000, 0x0000, 0x0000, 0x0000, 0x0000,   // 0x5BF0 (23536) pixels
0x0000, 0x0000, 0x0000, 0x0000, 0x0000, 0x0000, 0x0000, 0x0000, 0x0000, 0x0000, 0x0000, 0x0000, 0x0000, 0x0000, 0x0000, 0x0000,   // 0x5C00 (23552) pixels
0x0000, 0x0000, 0x0000, 0x0000, 0x0000, 0x0000, 0x0000, 0x0000, 0x0000, 0x0000, 0x0000, 0x0000, 0x0000, 0x0000, 0x0000, 0x0000,   // 0x5C10 (23568) pixels
0x0000, 0x0000, 0x0000, 0x0000, 0x0000, 0x0000, 0x0000, 0x0000, 0x0000, 0x0000, 0x0000, 0x0000, 0x0000, 0x0000, 0x0000, 0x0000,   // 0x5C20 (23584) pixels
0x0000, 0x0000, 0x0000, 0x0000, 0x0000, 0x0000, 0x0000, 0x0000, 0x0000, 0x0000, 0x0000, 0x0000, 0x0000, 0x0000, 0x0000, 0x0000,   // 0x5C30 (23600) pixels
0x0000, 0x0000, 0x0000, 0x0000, 0x0000, 0x0000, 0x0000, 0x0000, 0x0000, 0x0000, 0x0000, 0x0000, 0x0000, 0x0000, 0x0000, 0x0000,   // 0x5C40 (23616) pixels
0x0000, 0x0000, 0x0000, 0x0000, 0x0000, 0x0000, 0x0000, 0x0000, 0x0000, 0x0000, 0x0000, 0x0000, 0x0000, 0x0000, 0x0000, 0x0000,   // 0x5C50 (23632) pixels
0x0000, 0x0000, 0x0000, 0x0000, 0x0000, 0x0000, 0x0000, 0x0000, 0x0000, 0x0000, 0x0000, 0x0000, 0x0000, 0x0000, 0x0000, 0x0000,   // 0x5C60 (23648) pixels
0x0000, 0x0000, 0x0000, 0x0000, 0x0000, 0x0000, 0x0000, 0x0000, 0x0000, 0x0000, 0x0000, 0x0000, 0x0000, 0x0000, 0x0000, 0x0000,   // 0x5C70 (23664) pixels
0x0000, 0x0000, 0x0000, 0x0000, 0x0000, 0x0000, 0x0000, 0x0000, 0x0000, 0x0000, 0x0000, 0x0000, 0x0000, 0x0000, 0x0000, 0x0000,   // 0x5C80 (23680) pixels
0x0000, 0x0000, 0x0000, 0x0000, 0x0000, 0x0000, 0x0000, 0x0000, 0x0000, 0x0000, 0x0000, 0x0000, 0x0000, 0x0000, 0x0000, 0x0000,   // 0x5C90 (23696) pixels
0x0000, 0x0000, 0x0000, 0x0000, 0x0000, 0x0000, 0x0000, 0x0000, 0x0000, 0x0000, 0x0000, 0x0000, 0x0000, 0x0000, 0x0000, 0x0000,   // 0x5CA0 (23712) pixels
0x0000, 0x0000, 0x0000, 0x0000, 0x0000, 0x0000, 0x0000, 0x0000, 0x0000, 0x0000, 0x0000, 0x0000, 0x0000, 0x0000, 0x0000, 0x0000,   // 0x5CB0 (23728) pixels
0x0000, 0x0000, 0x0000, 0x0000, 0x0000, 0x0000, 0x0000, 0x0000, 0x0000, 0x0000, 0x0000, 0x0000, 0x0000, 0x0000, 0x0000, 0x0000,   // 0x5CC0 (23744) pixels
0x0000, 0x0000, 0x0000, 0x0000, 0x0000, 0x0000, 0x0000, 0x0000, 0x0000, 0x0000, 0x0000, 0x0000, 0x0000, 0x0000, 0x0000, 0x0000,   // 0x5CD0 (23760) pixels
0x0000, 0x0000, 0x0000, 0x0000, 0x0000, 0x0000, 0x0000, 0x0000, 0x0000, 0x0000, 0x0000, 0x0000, 0x0000, 0x0000, 0x0000, 0x0000,   // 0x5CE0 (23776) pixels
0x0000, 0x0000, 0x0000, 0x0000, 0x0000, 0x0000, 0x0000, 0x0000, 0x0000, 0x0000, 0x0000, 0x0000, 0x0000, 0x0000, 0x0000, 0x0000,   // 0x5CF0 (23792) pixels
0x0000, 0x0000, 0x0000, 0x0000, 0x0000, 0x0000, 0x0000, 0x0000, 0x0000, 0x0000, 0x0000, 0x0000, 0x0000, 0x0000, 0x0000, 0x0000,   // 0x5D00 (23808) pixels
0x0000, 0x0000, 0x0000, 0x0000, 0x0000, 0x0000, 0x0000, 0x0000, 0x0000, 0x0000, 0x0000, 0x0000, 0x0000, 0x0000, 0x0000, 0x0000,   // 0x5D10 (23824) pixels
0x0000, 0x0000, 0x0000, 0x0000, 0x0000, 0x0000, 0x0000, 0x0000, 0x0000, 0x0000, 0x0000, 0x0000, 0x0000, 0x0000, 0x0000, 0x0000,   // 0x5D20 (23840) pixels
0x0000, 0x0000, 0x0000, 0x0000, 0x0000, 0x0000, 0x0000, 0x0000, 0x0000, 0x0000, 0x0000, 0x0000, 0x0000, 0x0000, 0x0000, 0x0000,   // 0x5D30 (23856) pixels
0x0000, 0x0000, 0x0000, 0x0000, 0x0000, 0x0000, 0x0000, 0x0000, 0x0000, 0x0000, 0x0000, 0x0000, 0x0000, 0x0000, 0x0000, 0x0000,   // 0x5D40 (23872) pixels
0x0000, 0x0000, 0x0000, 0x0000, 0x0000, 0x0000, 0x0000, 0x0000, 0x0000, 0x0000, 0x0000, 0x0000, 0x0000, 0x0000, 0x0000, 0x0000,   // 0x5D50 (23888) pixels
0x0000, 0x0000, 0x0000, 0x0000, 0x0000, 0x0000, 0x0000, 0x0000, 0x0000, 0x0000, 0x0000, 0x0000, 0x0000, 0x0000, 0x0000, 0x0000,   // 0x5D60 (23904) pixels
0x0000, 0x0000, 0x0000, 0x0000, 0x0000, 0x0000, 0x0000, 0x0000, 0x0000, 0x0000, 0x0000, 0x0000, 0x0000, 0x0000, 0x0000, 0x0000,   // 0x5D70 (23920) pixels
0x0000, 0x0000, 0x0000, 0x0000, 0x0000, 0x0000, 0x0000, 0x0000, 0x0000, 0x0000, 0x0000, 0x0000, 0x0000, 0x0000, 0x0000, 0x0000,   // 0x5D80 (23936) pixels
0x0000, 0x0000, 0x0000, 0x0000, 0x0000, 0x0000, 0x0000, 0x0000, 0x0000, 0x0000, 0x0000, 0x0000, 0x0000, 0x0000, 0x0000, 0x0000,   // 0x5D90 (23952) pixels
0x0000, 0x0000, 0x0000, 0x0000, 0x0000, 0x0000, 0x0000, 0x0000, 0x0000, 0x0000, 0x0000, 0x0000, 0x0000, 0x0000, 0x0000, 0x0000,   // 0x5DA0 (23968) pixels
0x0000, 0x0000, 0x0000, 0x0000, 0x0000, 0x0000, 0x0000, 0x0000, 0x0000, 0x0000, 0x0000, 0x0000, 0x0000, 0x0000, 0x0000, 0x0000,   // 0x5DB0 (23984) pixels
0x0000, 0x0000, 0x0000, 0x0000, 0x0000, 0x0000, 0x0000, 0x0000, 0x0000, 0x0000, 0x0000, 0x0000, 0x0000, 0x0000, 0x0000, 0x0000,   // 0x5DC0 (24000) pixels
0x0000, 0x0000, 0x0000, 0x0000, 0x0000, 0x0000, 0x0000, 0x0000, 0x0000, 0x0000, 0x0000, 0x0000, 0x0000, 0x0000, 0x0000, 0x0000,   // 0x5DD0 (24016) pixels
0x0000, 0x0000, 0x0000, 0x0000, 0x0000, 0x0000, 0x0000, 0x0000, 0x0000, 0x0000, 0x0000, 0x0000, 0x0000, 0x0000, 0x0000, 0x0000,   // 0x5DE0 (24032) pixels
0x0000, 0x0000, 0x0000, 0x0000, 0x0000, 0x0000, 0x0000, 0x0000, 0x0000, 0x0000, 0x0000, 0x0000, 0x0000, 0x0000, 0x0000, 0x0000,   // 0x5DF0 (24048) pixels
0x0000, 0x0000, 0x0000, 0x0000, 0x0000, 0x0000, 0x0000, 0x0000, 0x0000, 0x0000, 0x0000, 0x0000, 0x0000, 0x0000, 0x0000, 0x0000,   // 0x5E00 (24064) pixels
0x0000, 0x0000, 0x0000, 0x0000, 0x0000, 0x0000, 0x0000, 0x0000, 0x0000, 0x0000, 0x0000, 0x0000, 0x0000, 0x0000, 0x0000, 0x0000,   // 0x5E10 (24080) pixels
0x0000, 0x0000, 0x0000, 0x0000, 0x0000, 0x0000, 0x0000, 0x0000, 0x0000, 0x0000, 0x0000, 0x0000, 0x0000, 0x0000, 0x0000, 0x0000,   // 0x5E20 (24096) pixels
0x0000, 0x0000, 0x0000, 0x0000, 0x0000, 0x0000, 0x0000, 0x0000, 0x0000, 0x0000, 0x0000, 0x0000, 0x0000, 0x0000, 0x0000, 0x0000,   // 0x5E30 (24112) pixels
0x0000, 0x0000, 0x0000, 0x0000, 0x0000, 0x0000, 0x0000, 0x0000, 0x0000, 0x0000, 0x0000, 0x0000, 0x0000, 0x0000, 0x0000, 0x0000,   // 0x5E40 (24128) pixels
0x0000, 0x0000, 0x0000, 0x0000, 0x0000, 0x0000, 0x0000, 0x0000, 0x0000, 0x0000, 0x0000, 0x0000, 0x0000, 0x0000, 0x0000, 0x0000,   // 0x5E50 (24144) pixels
0x0000, 0x0000, 0x0000, 0x0000, 0x0000, 0x0000, 0x0000, 0x0000, 0x0000, 0x0000, 0x0000, 0x0000, 0x0000, 0x0000, 0x0000, 0x0000,   // 0x5E60 (24160) pixels
0x0000, 0x0000, 0x0000, 0x0000, 0x0000, 0x0000, 0x0000, 0x0000, 0x0000, 0x0000, 0x0000, 0x0000, 0x0000, 0x0000, 0x0000, 0x0000,   // 0x5E70 (24176) pixels
0x0000, 0x0000, 0x0000, 0x0000, 0x0000, 0x0000, 0x0000, 0x0000, 0x0000, 0x0000, 0x0000, 0x0000, 0x0000, 0x0000, 0x0000, 0x0000,   // 0x5E80 (24192) pixels
0x0000, 0x0000, 0x0000, 0x0000, 0x0000, 0x0000, 0x0000, 0x0000, 0x0000, 0x0000, 0x0000, 0x0000, 0x0000, 0x0000, 0x0000, 0x0000,   // 0x5E90 (24208) pixels
0x0000, 0x0000, 0x0000, 0x0000, 0x0000, 0x0000, 0x0000, 0x0000, 0x0000, 0x0000, 0x0000, 0x0000, 0x0000, 0x0000, 0x0000, 0x0000,   // 0x5EA0 (24224) pixels
0x0000, 0x0000, 0x0000, 0x0000, 0x0000, 0x0000, 0x0000, 0x0000, 0x0000, 0x0000, 0x0000, 0x0000, 0x0000, 0x0000, 0x0000, 0x0000,   // 0x5EB0 (24240) pixels
0x0000, 0x0000, 0x0000, 0x0000, 0x0000, 0x0000, 0x0000, 0x0000, 0x0000, 0x0000, 0x0000, 0x0000, 0x0000, 0x0000, 0x0000, 0x0000,   // 0x5EC0 (24256) pixels
0x0000, 0x0000, 0x0000, 0x0000, 0x0000, 0x0000, 0x0000, 0x0000, 0x0000, 0x0000, 0x0000, 0x0000, 0x0000, 0x0000, 0x0000, 0x0000,   // 0x5ED0 (24272) pixels
0x0000, 0x0000, 0x0000, 0x0000, 0x0000, 0x0000, 0x0000, 0x0000, 0x0000, 0x0000, 0x0000, 0x0000, 0x0000, 0x0000, 0x0000, 0x0000,   // 0x5EE0 (24288) pixels
0x0000, 0x0000, 0x0000, 0x0000, 0x0000, 0x0000, 0x0000, 0x0000, 0x0000, 0x0000, 0x0000, 0x0000, 0x0000, 0x0000, 0x0000, 0x0000,   // 0x5EF0 (24304) pixels
0x0000, 0x0000, 0x0000, 0x0000, 0x0000, 0x0000, 0x0000, 0x0000, 0x0000, 0x0000, 0x0000, 0x0000, 0x0000, 0x0000, 0x0000, 0x0000,   // 0x5F00 (24320) pixels
};


#endif // WATER_H