// Generated by   : ImageConverter 565 Online
// Generated from : wood.jpg
// Time generated : Tue, 29 Jul 25 08:23:01 +0200  (Server timezone: CET)
// Image Size     : 190x128 pixels
// Memory usage   : 48640 bytes


#ifndef WOOD_H
#define WOOD_H

#include <TFT_eSPI.h>

void drawWood(TFT_eSPI &tft);

#if defined(__AVR__)
    #include <avr/pgmspace.h>
#elif defined(__PIC32MX__)
    #define PROGMEM
#elif defined(__arm__)
    #define PROGMEM
#endif




const unsigned short wood[24320] PROGMEM={
0x0000, 0x0000, 0x0000, 0x0000, 0x0000, 0x0000, 0x0000, 0x0000, 0x0000, 0x0000, 0x0000, 0x0000, 0x0000, 0x0000, 0x0000, 0x0000,   // 0x0010 (16) pixels
0x0000, 0x0000, 0x0000, 0x0000, 0x0000, 0x0000, 0x0000, 0x0000, 0x0000, 0x0000, 0x0000, 0x0000, 0x0000, 0x0000, 0x0000, 0x0000,   // 0x0020 (32) pixels
0x0000, 0x0000, 0x0000, 0x0000, 0x0000, 0x0000, 0x0000, 0x0000, 0x0000, 0x0000, 0x0000, 0x0000, 0x0000, 0x0000, 0x0000, 0x0000,   // 0x0030 (48) pixels
0x0000, 0x0000, 0x0000, 0x0000, 0x0000, 0x0000, 0x0000, 0x0000, 0x0000, 0x0000, 0x0000, 0x0000, 0x0000, 0x0000, 0x0000, 0x0000,   // 0x0040 (64) pixels
0x0000, 0x0000, 0x0000, 0x0000, 0x0000, 0x0000, 0x0000, 0x0000, 0x0000, 0x0000, 0x0000, 0x0000, 0x0000, 0x0000, 0x0000, 0x0000,   // 0x0050 (80) pixels
0x0000, 0x0000, 0x0000, 0x0000, 0x0000, 0x0000, 0x0000, 0x0000, 0x0000, 0x0000, 0x0000, 0x0000, 0x0000, 0x0000, 0x0000, 0x0000,   // 0x0060 (96) pixels
0x0000, 0x0000, 0x0000, 0x0000, 0x0000, 0x0000, 0x0000, 0x0000, 0x0000, 0x0000, 0x0000, 0x0000, 0x0000, 0x0000, 0x0000, 0x0000,   // 0x0070 (112) pixels
0x0000, 0x0000, 0x0000, 0x0000, 0x0000, 0x0000, 0x0000, 0x0000, 0x0000, 0x0000, 0x0000, 0x0000, 0x0000, 0x0000, 0x0000, 0x0000,   // 0x0080 (128) pixels
0x0000, 0x0000, 0x0000, 0x0000, 0x0000, 0x0000, 0x0000, 0x0000, 0x0000, 0x0000, 0x0000, 0x0000, 0x0000, 0x0000, 0x0000, 0x0000,   // 0x0090 (144) pixels
0x0000, 0x0000, 0x0000, 0x0000, 0x0000, 0x0000, 0x0000, 0x0000, 0x0000, 0x0000, 0x0000, 0x0000, 0x0000, 0x0000, 0x0000, 0x0000,   // 0x00A0 (160) pixels
0x0000, 0x0000, 0x0000, 0x0000, 0x0000, 0x0000, 0x0000, 0x0000, 0x0000, 0x0000, 0x0000, 0x0000, 0x0000, 0x0000, 0x0000, 0x0000,   // 0x00B0 (176) pixels
0x0000, 0x0000, 0x0000, 0x0000, 0x0000, 0x0000, 0x0000, 0x0000, 0x0000, 0x0000, 0x0000, 0x0000, 0x0000, 0x0000, 0x0000, 0x0000,   // 0x00C0 (192) pixels
0x0000, 0x0000, 0x0000, 0x0000, 0x0000, 0x0000, 0x0000, 0x0000, 0x0000, 0x0000, 0x0000, 0x0000, 0x0000, 0x0000, 0x0000, 0x0000,   // 0x00D0 (208) pixels
0x0000, 0x0000, 0x0000, 0x0000, 0x0000, 0x0000, 0x0000, 0x0000, 0x0000, 0x0000, 0x0000, 0x0000, 0x0000, 0x0000, 0x0000, 0x0000,   // 0x00E0 (224) pixels
0x0000, 0x0000, 0x0000, 0x0000, 0x0000, 0x0000, 0x0000, 0x0000, 0x0000, 0x0000, 0x0000, 0x0000, 0x0000, 0x0000, 0x0000, 0x0000,   // 0x00F0 (240) pixels
0x0000, 0x0000, 0x0000, 0x0000, 0x0000, 0x0000, 0x0000, 0x0000, 0x0000, 0x0000, 0x0000, 0x0000, 0x0000, 0x0000, 0x0000, 0x0000,   // 0x0100 (256) pixels
0x0000, 0x0000, 0x0000, 0x0000, 0x0000, 0x0000, 0x0000, 0x0000, 0x0000, 0x0000, 0x0000, 0x0000, 0x0000, 0x0000, 0x0000, 0x0000,   // 0x0110 (272) pixels
0x0000, 0x0000, 0x0000, 0x0000, 0x0000, 0x0000, 0x0000, 0x0000, 0x0000, 0x0000, 0x0000, 0x0000, 0x0000, 0x0000, 0x0000, 0x0000,   // 0x0120 (288) pixels
0x0000, 0x0000, 0x0000, 0x0000, 0x0000, 0x0000, 0x0000, 0x0000, 0x0000, 0x0000, 0x0000, 0x0000, 0x0000, 0x0000, 0x0000, 0x0000,   // 0x0130 (304) pixels
0x0000, 0x0000, 0x0000, 0x0000, 0x0000, 0x0000, 0x0000, 0x0000, 0x0000, 0x0000, 0x0000, 0x0000, 0x0000, 0x0000, 0x0000, 0x0000,   // 0x0140 (320) pixels
0x0000, 0x0000, 0x0000, 0x0000, 0x0000, 0x0000, 0x0000, 0x0000, 0x0000, 0x0000, 0x0000, 0x0000, 0x0000, 0x0000, 0x0000, 0x0000,   // 0x0150 (336) pixels
0x0000, 0x0000, 0x0000, 0x0000, 0x0000, 0x0000, 0x0000, 0x0000, 0x0000, 0x0000, 0x0000, 0x0000, 0x0000, 0x0000, 0x0000, 0x0000,   // 0x0160 (352) pixels
0x0000, 0x0000, 0x0000, 0x0000, 0x0000, 0x0000, 0x0000, 0x0000, 0x0000, 0x0000, 0x0000, 0x0000, 0x0000, 0x0000, 0x0000, 0x0000,   // 0x0170 (368) pixels
0x0000, 0x0000, 0x0000, 0x0000, 0x0000, 0x0000, 0x0000, 0x0000, 0x0000, 0x0000, 0x0000, 0x0000, 0x0000, 0x0000, 0x0000, 0x0000,   // 0x0180 (384) pixels
0x0000, 0x0000, 0x0000, 0x0000, 0x0000, 0x0000, 0x0000, 0x0000, 0x0000, 0x0000, 0x0000, 0x0000, 0x0000, 0x0000, 0x0000, 0x0000,   // 0x0190 (400) pixels
0x0000, 0x0000, 0x0000, 0x0000, 0x0000, 0x0000, 0x0000, 0x0000, 0x0000, 0x0000, 0x0000, 0x0000, 0x0000, 0x0000, 0x0000, 0x0000,   // 0x01A0 (416) pixels
0x0000, 0x0000, 0x0000, 0x0000, 0x0000, 0x0000, 0x0000, 0x0000, 0x0000, 0x0000, 0x0000, 0x0000, 0x0000, 0x0000, 0x0000, 0x0000,   // 0x01B0 (432) pixels
0x0000, 0x0000, 0x0000, 0x0000, 0x0000, 0x0000, 0x0000, 0x0000, 0x0000, 0x0000, 0x0000, 0x0000, 0x0000, 0x0000, 0x0000, 0x0000,   // 0x01C0 (448) pixels
0x0000, 0x0000, 0x0000, 0x0000, 0x0000, 0x0000, 0x0000, 0x0000, 0x0000, 0x0000, 0x0000, 0x0000, 0x0000, 0x0000, 0x0000, 0x0000,   // 0x01D0 (464) pixels
0x0000, 0x0000, 0x0000, 0x0000, 0x0000, 0x0000, 0x0000, 0x0000, 0x0000, 0x0000, 0x0000, 0x0000, 0x0000, 0x0000, 0x0000, 0x0000,   // 0x01E0 (480) pixels
0x0000, 0x0000, 0x0000, 0x0000, 0x0000, 0x0000, 0x0000, 0x0000, 0x0000, 0x0000, 0x0000, 0x0000, 0x0000, 0x0000, 0x0000, 0x0000,   // 0x01F0 (496) pixels
0x0000, 0x0000, 0x0000, 0x0000, 0x0000, 0x0000, 0x0000, 0x0000, 0x0000, 0x0000, 0x0000, 0x0000, 0x0000, 0x0000, 0x0000, 0x0000,   // 0x0200 (512) pixels
0x0000, 0x0000, 0x0000, 0x0000, 0x0000, 0x0000, 0x0000, 0x0000, 0x0000, 0x0000, 0x0000, 0x0000, 0x0000, 0x0000, 0x0000, 0x0000,   // 0x0210 (528) pixels
0x0000, 0x0000, 0x0000, 0x0000, 0x0000, 0x0000, 0x0000, 0x0000, 0x0000, 0x0000, 0x0000, 0x0000, 0x0000, 0x0000, 0x0000, 0x0000,   // 0x0220 (544) pixels
0x0000, 0x0000, 0x0000, 0x0000, 0x0000, 0x0000, 0x0000, 0x0000, 0x0000, 0x0000, 0x0000, 0x0000, 0x0000, 0x0000, 0x0000, 0x0000,   // 0x0230 (560) pixels
0x0000, 0x0000, 0x0000, 0x0000, 0x0000, 0x0000, 0x0000, 0x0000, 0x0000, 0x0000, 0x0000, 0x0000, 0x0000, 0x0000, 0x0000, 0x0000,   // 0x0240 (576) pixels
0x0000, 0x0000, 0x0000, 0x0000, 0x0000, 0x0000, 0x0000, 0x0000, 0x0000, 0x0000, 0x0000, 0x0000, 0x0000, 0x0000, 0x0000, 0x0000,   // 0x0250 (592) pixels
0x0000, 0x0000, 0x0000, 0x0000, 0x0000, 0x0000, 0x0000, 0x0000, 0x0000, 0x0000, 0x0000, 0x0000, 0x0000, 0x0000, 0x0000, 0x0000,   // 0x0260 (608) pixels
0x0000, 0x0000, 0x0000, 0x0000, 0x0000, 0x0000, 0x0000, 0x0000, 0x0000, 0x0000, 0x0000, 0x0000, 0x0000, 0x0000, 0x0000, 0x0000,   // 0x0270 (624) pixels
0x0000, 0x0000, 0x0000, 0x0000, 0x0000, 0x0000, 0x0000, 0x0000, 0x0000, 0x0000, 0x0000, 0x0000, 0x0000, 0x0000, 0x0000, 0x0000,   // 0x0280 (640) pixels
0x0000, 0x0000, 0x0000, 0x0000, 0x0000, 0x0000, 0x0000, 0x0000, 0x0000, 0x0000, 0x0000, 0x0000, 0x0000, 0x0000, 0x0000, 0x0000,   // 0x0290 (656) pixels
0x0000, 0x0000, 0x0000, 0x0000, 0x0000, 0x0000, 0x0000, 0x0000, 0x0000, 0x0000, 0x0000, 0x0000, 0x0000, 0x0000, 0x0000, 0x0000,   // 0x02A0 (672) pixels
0x0000, 0x0000, 0x0000, 0x0000, 0x0000, 0x0000, 0x0000, 0x0000, 0x0000, 0x0000, 0x0000, 0x0000, 0x0000, 0x0000, 0x0000, 0x0000,   // 0x02B0 (688) pixels
0x0000, 0x0000, 0x0000, 0x0000, 0x0000, 0x0000, 0x0000, 0x0000, 0x0000, 0x0000, 0x0000, 0x0000, 0x0000, 0x0000, 0x0000, 0x0000,   // 0x02C0 (704) pixels
0x0000, 0x0000, 0x0000, 0x0000, 0x0000, 0x0000, 0x0000, 0x0000, 0x0000, 0x0000, 0x0000, 0x0000, 0x0000, 0x0000, 0x0000, 0x0000,   // 0x02D0 (720) pixels
0x0000, 0x0000, 0x0000, 0x0000, 0x0000, 0x0000, 0x0000, 0x0000, 0x0000, 0x0000, 0x0000, 0x0000, 0x0000, 0x0000, 0x0000, 0x0000,   // 0x02E0 (736) pixels
0x0000, 0x0000, 0x0000, 0x0000, 0x0000, 0x0000, 0x0000, 0x0000, 0x0000, 0x0000, 0x0000, 0x0000, 0x0000, 0x0000, 0x0000, 0x0000,   // 0x02F0 (752) pixels
0x0000, 0x0000, 0x0000, 0x0000, 0x0000, 0x0000, 0x0000, 0x0000, 0x0000, 0x0000, 0x0000, 0x0000, 0x0000, 0x0000, 0x0000, 0x0000,   // 0x0300 (768) pixels
0x0000, 0x0000, 0x0000, 0x0000, 0x0000, 0x0000, 0x0000, 0x0000, 0x0000, 0x0000, 0x0000, 0x0000, 0x0000, 0x0000, 0x0000, 0x0000,   // 0x0310 (784) pixels
0x0000, 0x0000, 0x0000, 0x0000, 0x0000, 0x0000, 0x0000, 0x0000, 0x0000, 0x0000, 0x0000, 0x0000, 0x0000, 0x0000, 0x0000, 0x0000,   // 0x0320 (800) pixels
0x0000, 0x0000, 0x0000, 0x0000, 0x0000, 0x0000, 0x0000, 0x0000, 0x0000, 0x0000, 0x0000, 0x0000, 0x0000, 0x0000, 0x0000, 0x0000,   // 0x0330 (816) pixels
0x0000, 0x0000, 0x0000, 0x0000, 0x0000, 0x0000, 0x0000, 0x0000, 0x0000, 0x0000, 0x0000, 0x0000, 0x0000, 0x0000, 0x0000, 0x0000,   // 0x0340 (832) pixels
0x0000, 0x0000, 0x0000, 0x0000, 0x0000, 0x0000, 0x0000, 0x0000, 0x0000, 0x0000, 0x0000, 0x0000, 0x0000, 0x0000, 0x0000, 0x0000,   // 0x0350 (848) pixels
0x0000, 0x0000, 0x0000, 0x0000, 0x0000, 0x0000, 0x0000, 0x0000, 0x0000, 0x0000, 0x0000, 0x0000, 0x0000, 0x0000, 0x0000, 0x0000,   // 0x0360 (864) pixels
0x0000, 0x0000, 0x0000, 0x0000, 0x0000, 0x0000, 0x0000, 0x0000, 0x0000, 0x0000, 0x0000, 0x0000, 0x0000, 0x0000, 0x0000, 0x0000,   // 0x0370 (880) pixels
0x0000, 0x0000, 0x0000, 0x0000, 0x0000, 0x0000, 0x0000, 0x0000, 0x0000, 0x0000, 0x0000, 0x0000, 0x0000, 0x0000, 0x0000, 0x0000,   // 0x0380 (896) pixels
0x0000, 0x0000, 0x0000, 0x0000, 0x0000, 0x0000, 0x0000, 0x0000, 0x0000, 0x0000, 0x0000, 0x0000, 0x0000, 0x0000, 0x0000, 0x0000,   // 0x0390 (912) pixels
0x0000, 0x0000, 0x0000, 0x0000, 0x0000, 0x0000, 0x0000, 0x0000, 0x0000, 0x0000, 0x0000, 0x0000, 0x0000, 0x0000, 0x0000, 0x0000,   // 0x03A0 (928) pixels
0x0000, 0x0000, 0x0000, 0x0000, 0x0000, 0x0000, 0x0000, 0x0000, 0x0000, 0x0000, 0x0000, 0x0000, 0x0000, 0x0000, 0x0000, 0x0000,   // 0x03B0 (944) pixels
0x0000, 0x0000, 0x0000, 0x0000, 0x0000, 0x0000, 0x0000, 0x0000, 0x0000, 0x0000, 0x0000, 0x0000, 0x0000, 0x0000, 0x0000, 0x0000,   // 0x03C0 (960) pixels
0x0000, 0x0000, 0x0000, 0x0000, 0x0000, 0x0000, 0x0000, 0x0000, 0x0000, 0x0000, 0x0000, 0x0000, 0x0000, 0x0000, 0x0000, 0x0000,   // 0x03D0 (976) pixels
0x0000, 0x0000, 0x0000, 0x0000, 0x0000, 0x0000, 0x0000, 0x0000, 0x0000, 0x0000, 0x0000, 0x0000, 0x0000, 0x0000, 0x0000, 0x0000,   // 0x03E0 (992) pixels
0x0000, 0x0000, 0x0000, 0x0000, 0x0000, 0x0000, 0x0000, 0x0000, 0x0000, 0x0000, 0x0000, 0x0000, 0x0000, 0x0000, 0x0000, 0x0000,   // 0x03F0 (1008) pixels
0x0000, 0x0000, 0x0000, 0x0000, 0x0000, 0x0000, 0x0000, 0x0000, 0x0000, 0x0000, 0x0000, 0x0000, 0x0000, 0x0000, 0x0000, 0x0000,   // 0x0400 (1024) pixels
0x0000, 0x0000, 0x0000, 0x0000, 0x0000, 0x0000, 0x0000, 0x0000, 0x0000, 0x0000, 0x0000, 0x0000, 0x0000, 0x0000, 0x0000, 0x0000,   // 0x0410 (1040) pixels
0x0000, 0x0000, 0x0000, 0x0000, 0x0000, 0x0000, 0x0000, 0x0000, 0x0000, 0x0000, 0x0000, 0x0000, 0x0000, 0x0000, 0x0000, 0x0000,   // 0x0420 (1056) pixels
0x0000, 0x0000, 0x0000, 0x0000, 0x0000, 0x0000, 0x0000, 0x0000, 0x0000, 0x0000, 0x0000, 0x0000, 0x0000, 0x0000, 0x0000, 0x0000,   // 0x0430 (1072) pixels
0x0000, 0x0000, 0x0000, 0x0000, 0x0000, 0x0000, 0x0000, 0x0000, 0x0000, 0x0000, 0x0000, 0x0000, 0x0000, 0x0000, 0x0000, 0x0000,   // 0x0440 (1088) pixels
0x0000, 0x0000, 0x0000, 0x0000, 0x0000, 0x0000, 0x0000, 0x0000, 0x0000, 0x0000, 0x0000, 0x0000, 0x0000, 0x0000, 0x0000, 0x0000,   // 0x0450 (1104) pixels
0x0000, 0x0000, 0x0000, 0x0000, 0x0000, 0x0000, 0x0000, 0x0000, 0x0000, 0x0000, 0x0000, 0x0000, 0x0000, 0x0000, 0x0000, 0x0000,   // 0x0460 (1120) pixels
0x0000, 0x0000, 0x0000, 0x0000, 0x0000, 0x0000, 0x0000, 0x0000, 0x0000, 0x0000, 0x0000, 0x0000, 0x0000, 0x0000, 0x0000, 0x0000,   // 0x0470 (1136) pixels
0x0000, 0x0000, 0x0000, 0x0000, 0x0000, 0x0000, 0x0000, 0x0000, 0x0000, 0x0000, 0x0000, 0x0000, 0x0000, 0x0000, 0x0000, 0x0000,   // 0x0480 (1152) pixels
0x0000, 0x0000, 0x0000, 0x0000, 0x0000, 0x0000, 0x0000, 0x0000, 0x0000, 0x0000, 0x0000, 0x0000, 0x0000, 0x0000, 0x0000, 0x0000,   // 0x0490 (1168) pixels
0x0000, 0x0000, 0x0000, 0x0000, 0x0000, 0x0000, 0x0000, 0x0000, 0x0000, 0x0000, 0x0000, 0x0000, 0x0000, 0x0000, 0x0000, 0x0000,   // 0x04A0 (1184) pixels
0x0000, 0x0000, 0x0000, 0x0000, 0x0000, 0x0000, 0x0000, 0x0000, 0x0000, 0x0000, 0x0000, 0x0000, 0x0000, 0x0000, 0x0000, 0x0000,   // 0x04B0 (1200) pixels
0x0000, 0x0000, 0x0000, 0x0000, 0x0000, 0x0000, 0x0000, 0x0000, 0x0000, 0x0000, 0x0000, 0x0000, 0x0000, 0x0000, 0x0000, 0x0000,   // 0x04C0 (1216) pixels
0x0000, 0x0000, 0x0000, 0x0000, 0x0000, 0x0000, 0x0000, 0x0000, 0x0000, 0x0000, 0x0000, 0x0000, 0x0000, 0x0000, 0x0000, 0x0000,   // 0x04D0 (1232) pixels
0x0000, 0x0000, 0x0000, 0x0000, 0x0000, 0x0000, 0x0000, 0x0000, 0x0000, 0x0000, 0x0000, 0x0000, 0x0000, 0x0000, 0x0000, 0x0000,   // 0x04E0 (1248) pixels
0x0000, 0x0000, 0x0000, 0x0000, 0x0000, 0x0000, 0x0000, 0x0000, 0x0000, 0x0000, 0x0000, 0x0000, 0x0000, 0x0000, 0x0000, 0x0000,   // 0x04F0 (1264) pixels
0x0000, 0x0000, 0x0000, 0x0000, 0x0000, 0x0000, 0x0000, 0x0000, 0x0000, 0x0000, 0x0000, 0x0000, 0x0000, 0x0000, 0x0000, 0x0000,   // 0x0500 (1280) pixels
0x0000, 0x0000, 0x0000, 0x0000, 0x0000, 0x0000, 0x0000, 0x0000, 0x0000, 0x0000, 0x0000, 0x0000, 0x0000, 0x0000, 0x0000, 0x0000,   // 0x0510 (1296) pixels
0x0000, 0x0000, 0x0000, 0x0000, 0x0000, 0x0000, 0x0000, 0x0000, 0x0000, 0x0000, 0x0000, 0x0000, 0x0000, 0x0000, 0x0000, 0x0000,   // 0x0520 (1312) pixels
0x0000, 0x0000, 0x0000, 0x0000, 0x0000, 0x0000, 0x0000, 0x0000, 0x0000, 0x0000, 0x0000, 0x0000, 0x0000, 0x0000, 0x0000, 0x0000,   // 0x0530 (1328) pixels
0x0000, 0x0000, 0x0000, 0x0000, 0x0000, 0x0000, 0x0000, 0x0000, 0x0000, 0x0000, 0x0000, 0x0000, 0x0000, 0x0000, 0x0000, 0x0000,   // 0x0540 (1344) pixels
0x0000, 0x0000, 0x0000, 0x0000, 0x0000, 0x0000, 0x0000, 0x0000, 0x0000, 0x0000, 0x0000, 0x0000, 0x0000, 0x0000, 0x0000, 0x0000,   // 0x0550 (1360) pixels
0x0000, 0x0000, 0x0000, 0x0000, 0x0000, 0x0000, 0x0000, 0x0000, 0x0000, 0x0000, 0x0000, 0x0000, 0x0000, 0x0000, 0x0000, 0x0000,   // 0x0560 (1376) pixels
0x0000, 0x0000, 0x0000, 0x0000, 0x0000, 0x0000, 0x0000, 0x0000, 0x0000, 0x0000, 0x0000, 0x0000, 0x0000, 0x0000, 0x0000, 0x0000,   // 0x0570 (1392) pixels
0x0000, 0x0000, 0x0000, 0x0000, 0x0000, 0x0000, 0x0000, 0x0000, 0x0000, 0x0000, 0x0000, 0x0000, 0x0000, 0x0000, 0x0000, 0x0000,   // 0x0580 (1408) pixels
0x0000, 0x0000, 0x0000, 0x0000, 0x0000, 0x0000, 0x0000, 0x0000, 0x0000, 0x0000, 0x0000, 0x0000, 0x0000, 0x0000, 0x0000, 0x0000,   // 0x0590 (1424) pixels
0x0000, 0x0000, 0x0000, 0x0000, 0x0000, 0x0000, 0x0000, 0x0000, 0x0000, 0x0000, 0x0000, 0x0000, 0x0000, 0x0000, 0x0000, 0x0000,   // 0x05A0 (1440) pixels
0x0000, 0x0000, 0x0000, 0x0000, 0x0000, 0x0000, 0x0000, 0x0000, 0x0000, 0x0000, 0x0000, 0x0000, 0x0000, 0x0000, 0x0000, 0x0000,   // 0x05B0 (1456) pixels
0x0000, 0x0000, 0x0000, 0x0000, 0x0000, 0x0000, 0x0000, 0x0000, 0x0000, 0x0000, 0x0000, 0x0000, 0x0000, 0x0000, 0x0000, 0x0000,   // 0x05C0 (1472) pixels
0x0000, 0x0000, 0x0000, 0x0000, 0x0000, 0x0000, 0x0000, 0x0000, 0x0000, 0x0000, 0x0000, 0x0000, 0x0000, 0x0000, 0x0000, 0x0000,   // 0x05D0 (1488) pixels
0x0000, 0x0000, 0x0000, 0x0000, 0x0000, 0x0000, 0x0000, 0x0000, 0x0000, 0x0000, 0x0000, 0x0000, 0x0000, 0x0000, 0x0000, 0x0000,   // 0x05E0 (1504) pixels
0x0000, 0x0000, 0x0000, 0x0000, 0x0000, 0x0000, 0x0000, 0x0000, 0x0000, 0x0000, 0x0000, 0x0000, 0x0000, 0x0000, 0x0000, 0x0000,   // 0x05F0 (1520) pixels
0x0000, 0x0000, 0x0000, 0x0000, 0x0000, 0x0000, 0x0000, 0x0000, 0x0000, 0x0000, 0x0000, 0x0000, 0x0000, 0x0000, 0x0000, 0x0000,   // 0x0600 (1536) pixels
0x0000, 0x0000, 0x0000, 0x0000, 0x0000, 0x0000, 0x0000, 0x0000, 0x0000, 0x0000, 0x0000, 0x0000, 0x0000, 0x0000, 0x0000, 0x0000,   // 0x0610 (1552) pixels
0x0000, 0x0000, 0x0000, 0x0000, 0x0000, 0x0000, 0x0000, 0x0000, 0x0000, 0x0000, 0x0000, 0x0000, 0x0000, 0x0000, 0x0000, 0x0000,   // 0x0620 (1568) pixels
0x0000, 0x0000, 0x0000, 0x0000, 0x0000, 0x0000, 0x0000, 0x0000, 0x0000, 0x0000, 0x0000, 0x0000, 0x0000, 0x0000, 0x0000, 0x0000,   // 0x0630 (1584) pixels
0x0000, 0x0000, 0x0000, 0x0000, 0x0800, 0x0800, 0x0000, 0x0000, 0x0001, 0x0000, 0x0020, 0x0000, 0x0000, 0x0801, 0x0800, 0x0000,   // 0x0640 (1600) pixels
0x0000, 0x0000, 0x0000, 0x0000, 0x0000, 0x0000, 0x0020, 0x0040, 0x0000, 0x0000, 0x0000, 0x0000, 0x0000, 0x0000, 0x0000, 0x0000,   // 0x0650 (1616) pixels
0x0000, 0x0000, 0x0000, 0x0000, 0x0000, 0x0000, 0x0000, 0x0000, 0x0000, 0x0000, 0x0000, 0x0000, 0x0000, 0x0000, 0x0000, 0x0000,   // 0x0660 (1632) pixels
0x0000, 0x0000, 0x0000, 0x0000, 0x0000, 0x0000, 0x0000, 0x0000, 0x0000, 0x0000, 0x0000, 0x0000, 0x0000, 0x0000, 0x0000, 0x0000,   // 0x0670 (1648) pixels
0x0000, 0x0000, 0x0000, 0x0000, 0x0000, 0x0000, 0x0000, 0x0000, 0x0000, 0x0000, 0x0000, 0x0000, 0x0000, 0x0000, 0x0000, 0x0000,   // 0x0680 (1664) pixels
0x0000, 0x0000, 0x0000, 0x0000, 0x0000, 0x0000, 0x0000, 0x0000, 0x0000, 0x0000, 0x0000, 0x0000, 0x0000, 0x0000, 0x0000, 0x0000,   // 0x0690 (1680) pixels
0x0000, 0x0000, 0x0000, 0x0000, 0x0000, 0x0000, 0x0000, 0x0000, 0x0000, 0x0000, 0x0000, 0x0000, 0x0000, 0x0000, 0x0000, 0x0000,   // 0x06A0 (1696) pixels
0x0000, 0x0000, 0x0000, 0x0000, 0x0000, 0x0000, 0x0000, 0x0000, 0x0000, 0x0000, 0x0000, 0x0000, 0x0000, 0x0000, 0x0000, 0x0000,   // 0x06B0 (1712) pixels
0x0000, 0x0000, 0x0000, 0x0000, 0x0000, 0x0000, 0x0000, 0x0000, 0x0000, 0x0000, 0x0000, 0x0000, 0x0000, 0x0000, 0x0000, 0x0000,   // 0x06C0 (1728) pixels
0x0000, 0x0000, 0x0000, 0x0000, 0x0000, 0x0000, 0x0000, 0x0000, 0x0000, 0x0000, 0x0000, 0x0000, 0x0000, 0x0000, 0x0000, 0x0000,   // 0x06D0 (1744) pixels
0x0000, 0x0000, 0x0000, 0x0000, 0x0000, 0x0000, 0x0000, 0x0000, 0x0000, 0x0000, 0x0000, 0x0000, 0x0000, 0x0000, 0x0000, 0x0000,   // 0x06E0 (1760) pixels
0x0000, 0x0000, 0x0000, 0x0000, 0x0000, 0x0000, 0x0000, 0x0000, 0x0000, 0x0000, 0x0000, 0x0000, 0x0000, 0x0000, 0x0000, 0x0000,   // 0x06F0 (1776) pixels
0x0000, 0x0000, 0x0000, 0x0000, 0x0000, 0x0020, 0x0020, 0x0000, 0x0000, 0x0001, 0x0001, 0x0001, 0x0001, 0x0001, 0x0001, 0x0021,   // 0x0700 (1792) pixels
0x0000, 0x0000, 0x0000, 0x0020, 0x0000, 0x0000, 0x0000, 0x0000, 0x0000, 0x0000, 0x0000, 0x0000, 0x0000, 0x0000, 0x0000, 0x0000,   // 0x0710 (1808) pixels
0x0000, 0x0000, 0x0000, 0x0000, 0x0000, 0x0000, 0x0000, 0x0000, 0x0000, 0x0000, 0x0000, 0x0000, 0x0000, 0x0000, 0x0000, 0x0000,   // 0x0720 (1824) pixels
0x0000, 0x0000, 0x0000, 0x0000, 0x0000, 0x0000, 0x0000, 0x0000, 0x0000, 0x0000, 0x0000, 0x0000, 0x0000, 0x0000, 0x0000, 0x0000,   // 0x0730 (1840) pixels
0x0000, 0x0000, 0x0000, 0x0000, 0x0000, 0x0000, 0x0000, 0x0000, 0x0000, 0x0000, 0x0000, 0x0000, 0x0000, 0x0000, 0x0000, 0x0000,   // 0x0740 (1856) pixels
0x0000, 0x0000, 0x0000, 0x0000, 0x0000, 0x0000, 0x0000, 0x0000, 0x0000, 0x0000, 0x0000, 0x0000, 0x0000, 0x0000, 0x0000, 0x0000,   // 0x0750 (1872) pixels
0x0000, 0x0000, 0x0000, 0x0000, 0x0000, 0x0000, 0x0000, 0x0000, 0x0000, 0x0000, 0x0000, 0x0000, 0x0000, 0x0000, 0x0000, 0x0000,   // 0x0760 (1888) pixels
0x0000, 0x0000, 0x0000, 0x0000, 0x0000, 0x0000, 0x0000, 0x0000, 0x0000, 0x0000, 0x0000, 0x0000, 0x0000, 0x0000, 0x0000, 0x0000,   // 0x0770 (1904) pixels
0x0000, 0x0000, 0x0000, 0x0000, 0x0000, 0x0000, 0x0000, 0x0000, 0x0000, 0x0000, 0x0000, 0x0000, 0x0000, 0x0000, 0x0000, 0x0000,   // 0x0780 (1920) pixels
0x0000, 0x0000, 0x0000, 0x0000, 0x0000, 0x0000, 0x0000, 0x0000, 0x0000, 0x0000, 0x0000, 0x0000, 0x0000, 0x0000, 0x0000, 0x0000,   // 0x0790 (1936) pixels
0x0000, 0x0000, 0x0000, 0x0000, 0x0000, 0x0000, 0x0000, 0x0000, 0x0000, 0x0000, 0x0000, 0x0000, 0x0000, 0x0000, 0x0000, 0x0000,   // 0x07A0 (1952) pixels
0x0000, 0x0000, 0x0000, 0x0000, 0x0000, 0x0000, 0x0000, 0x0000, 0x0000, 0x0000, 0x0000, 0x0000, 0x0020, 0x0000, 0x0000, 0x0000,   // 0x07B0 (1968) pixels
0x0000, 0x0000, 0x0000, 0x0021, 0x0000, 0x0000, 0x0000, 0x0000, 0x0820, 0x0000, 0x0041, 0x0001, 0x0001, 0x0042, 0x0000, 0x0000,   // 0x07C0 (1984) pixels
0x0000, 0x0000, 0x0000, 0x0000, 0x0000, 0x0000, 0x0000, 0x0000, 0x0000, 0x0000, 0x0000, 0x0000, 0x0000, 0x0000, 0x0000, 0x0000,   // 0x07D0 (2000) pixels
0x0000, 0x0000, 0x0000, 0x0000, 0x0000, 0x0000, 0x0000, 0x0000, 0x0000, 0x0000, 0x0000, 0x0000, 0x0000, 0x0000, 0x0000, 0x0000,   // 0x07E0 (2016) pixels
0x0000, 0x0000, 0x0000, 0x0000, 0x0000, 0x0000, 0x0000, 0x0000, 0x0000, 0x0000, 0x0000, 0x0000, 0x0000, 0x0000, 0x0000, 0x0000,   // 0x07F0 (2032) pixels
0x0000, 0x0000, 0x0000, 0x0000, 0x0000, 0x0000, 0x0000, 0x0000, 0x0000, 0x0000, 0x0000, 0x0000, 0x0000, 0x0000, 0x0000, 0x0000,   // 0x0800 (2048) pixels
0x0000, 0x0000, 0x0000, 0x0000, 0x0000, 0x0000, 0x0000, 0x0000, 0x0000, 0x0000, 0x0000, 0x0000, 0x0000, 0x0000, 0x0000, 0x0000,   // 0x0810 (2064) pixels
0x0000, 0x0000, 0x0000, 0x0000, 0x0000, 0x0000, 0x0000, 0x0000, 0x0000, 0x0000, 0x0000, 0x0000, 0x0000, 0x0000, 0x0000, 0x0000,   // 0x0820 (2080) pixels
0x0000, 0x0000, 0x0000, 0x0000, 0x0000, 0x0000, 0x0000, 0x0000, 0x0000, 0x0000, 0x0000, 0x0000, 0x0000, 0x0000, 0x0000, 0x0000,   // 0x0830 (2096) pixels
0x0000, 0x0000, 0x0000, 0x0000, 0x0000, 0x0000, 0x0000, 0x0000, 0x0000, 0x0000, 0x0000, 0x0000, 0x0000, 0x0000, 0x0000, 0x0000,   // 0x0840 (2112) pixels
0x0000, 0x0000, 0x0000, 0x0000, 0x0000, 0x0000, 0x0000, 0x0000, 0x0000, 0x0000, 0x0000, 0x0000, 0x0000, 0x0000, 0x0000, 0x0000,   // 0x0850 (2128) pixels
0x0000, 0x0000, 0x0000, 0x0000, 0x0000, 0x0000, 0x0000, 0x0000, 0x0000, 0x0000, 0x0000, 0x0000, 0x0000, 0x0000, 0x0000, 0x0000,   // 0x0860 (2144) pixels
0x0000, 0x0000, 0x0000, 0x0000, 0x0000, 0x0000, 0x0000, 0x0000, 0x0000, 0x0000, 0x0000, 0x0000, 0x0000, 0x0000, 0x0000, 0x0001,   // 0x0870 (2160) pixels
0x0000, 0x0000, 0x0020, 0x0021, 0x0000, 0x1840, 0x3900, 0x30A0, 0x30C0, 0x2860, 0x1820, 0x2081, 0x0000, 0x0000, 0x0001, 0x0001,   // 0x0880 (2176) pixels
0x0000, 0x0000, 0x0000, 0x0000, 0x0000, 0x0000, 0x0000, 0x0000, 0x0000, 0x0000, 0x0000, 0x0000, 0x0000, 0x0000, 0x0000, 0x0000,   // 0x0890 (2192) pixels
0x0000, 0x0000, 0x0000, 0x0000, 0x0000, 0x0000, 0x0000, 0x0000, 0x0000, 0x0000, 0x0000, 0x0000, 0x0000, 0x0000, 0x0000, 0x0000,   // 0x08A0 (2208) pixels
0x0000, 0x0000, 0x0000, 0x0000, 0x0000, 0x0000, 0x0000, 0x0000, 0x0000, 0x0000, 0x0000, 0x0000, 0x0000, 0x0000, 0x0000, 0x0000,   // 0x08B0 (2224) pixels
0x0000, 0x0000, 0x0000, 0x0000, 0x0000, 0x0000, 0x0000, 0x0000, 0x0000, 0x0000, 0x0000, 0x0000, 0x0000, 0x0000, 0x0000, 0x0000,   // 0x08C0 (2240) pixels
0x0000, 0x0000, 0x0000, 0x0000, 0x0000, 0x0000, 0x0000, 0x0000, 0x0000, 0x0000, 0x0000, 0x0000, 0x0000, 0x0000, 0x0000, 0x0000,   // 0x08D0 (2256) pixels
0x0000, 0x0000, 0x0000, 0x0000, 0x0000, 0x0000, 0x0000, 0x0000, 0x0000, 0x0000, 0x0000, 0x0000, 0x0000, 0x0000, 0x0000, 0x0000,   // 0x08E0 (2272) pixels
0x0000, 0x0000, 0x0000, 0x0000, 0x0000, 0x0000, 0x0000, 0x0000, 0x0000, 0x0000, 0x0000, 0x0000, 0x0000, 0x0000, 0x0000, 0x0000,   // 0x08F0 (2288) pixels
0x0000, 0x0000, 0x0000, 0x0000, 0x0000, 0x0000, 0x0000, 0x0000, 0x0000, 0x0000, 0x0000, 0x0000, 0x0000, 0x0000, 0x0000, 0x0000,   // 0x0900 (2304) pixels
0x0000, 0x0000, 0x0000, 0x0000, 0x0000, 0x0000, 0x0000, 0x0000, 0x0000, 0x0000, 0x0000, 0x0000, 0x0000, 0x0000, 0x0000, 0x0000,   // 0x0910 (2320) pixels
0x0000, 0x0000, 0x0000, 0x0000, 0x0000, 0x0000, 0x0000, 0x0000, 0x0000, 0x0000, 0x0000, 0x0000, 0x0000, 0x0000, 0x0000, 0x0000,   // 0x0920 (2336) pixels
0x0000, 0x0000, 0x0000, 0x0000, 0x0000, 0x0000, 0x0000, 0x0000, 0x0800, 0x0820, 0x0020, 0x0000, 0x0000, 0x0000, 0x0020, 0x0020,   // 0x0930 (2352) pixels
0x0041, 0x0820, 0x1820, 0x69E2, 0xCC89, 0xE4C8, 0xDC68, 0xCBA7, 0x9B06, 0x7A45, 0x38A1, 0x1801, 0x1002, 0x0802, 0x0000, 0x0000,   // 0x0940 (2368) pixels
0x0000, 0x0000, 0x0000, 0x0000, 0x0000, 0x0000, 0x0000, 0x0000, 0x0000, 0x0000, 0x0000, 0x0000, 0x0000, 0x0000, 0x0000, 0x0000,   // 0x0950 (2384) pixels
0x0000, 0x0000, 0x0000, 0x0000, 0x0000, 0x0000, 0x0000, 0x0000, 0x0000, 0x0000, 0x0000, 0x0000, 0x0000, 0x0000, 0x0000, 0x0000,   // 0x0960 (2400) pixels
0x0000, 0x0000, 0x0000, 0x0000, 0x0000, 0x0000, 0x0000, 0x0000, 0x0000, 0x0000, 0x0000, 0x0000, 0x0000, 0x0000, 0x0000, 0x0000,   // 0x0970 (2416) pixels
0x0000, 0x0000, 0x0000, 0x0000, 0x0000, 0x0000, 0x0000, 0x0000, 0x0000, 0x0000, 0x0000, 0x0000, 0x0000, 0x0000, 0x0000, 0x0000,   // 0x0980 (2432) pixels
0x0000, 0x0000, 0x0000, 0x0000, 0x0000, 0x0000, 0x0000, 0x0000, 0x0000, 0x0000, 0x0000, 0x0000, 0x0000, 0x0000, 0x0000, 0x0000,   // 0x0990 (2448) pixels
0x0000, 0x0000, 0x0000, 0x0000, 0x0000, 0x0000, 0x0000, 0x0000, 0x0000, 0x0000, 0x0000, 0x0000, 0x0000, 0x0000, 0x0000, 0x0000,   // 0x09A0 (2464) pixels
0x0000, 0x0000, 0x0000, 0x0000, 0x0000, 0x0000, 0x0000, 0x0000, 0x0000, 0x0000, 0x0000, 0x0000, 0x0000, 0x0000, 0x0000, 0x0000,   // 0x09B0 (2480) pixels
0x0000, 0x0000, 0x0000, 0x0000, 0x0000, 0x0000, 0x0000, 0x0000, 0x0000, 0x0000, 0x0000, 0x0000, 0x0000, 0x0000, 0x0000, 0x0000,   // 0x09C0 (2496) pixels
0x0000, 0x0000, 0x0000, 0x0000, 0x0000, 0x0000, 0x0000, 0x0000, 0x0000, 0x0000, 0x0000, 0x0000, 0x0000, 0x0000, 0x0000, 0x0000,   // 0x09D0 (2512) pixels
0x0000, 0x0000, 0x0000, 0x0000, 0x0000, 0x0000, 0x0000, 0x0000, 0x0000, 0x0000, 0x0000, 0x0000, 0x0000, 0x0000, 0x0000, 0x0000,   // 0x09E0 (2528) pixels
0x0000, 0x0000, 0x0000, 0x0000, 0x0000, 0x0000, 0x0000, 0x0000, 0x0000, 0x0000, 0x0000, 0x0000, 0x0000, 0x0800, 0x0800, 0x6A87,   // 0x09F0 (2544) pixels
0xB44A, 0xD468, 0xF4E7, 0xF485, 0xFC85, 0xF424, 0xE467, 0xD408, 0x9286, 0x50E3, 0x38A4, 0x30C4, 0x1862, 0x0841, 0x0000, 0x0000,   // 0x0A00 (2560) pixels
0x0000, 0x0000, 0x0000, 0x0000, 0x0000, 0x0000, 0x0000, 0x0000, 0x0000, 0x0000, 0x0000, 0x0000, 0x0000, 0x0000, 0x0000, 0x0000,   // 0x0A10 (2576) pixels
0x0000, 0x0000, 0x0000, 0x0000, 0x0000, 0x0000, 0x0000, 0x0000, 0x0000, 0x0000, 0x0000, 0x0000, 0x0000, 0x0000, 0x0000, 0x0000,   // 0x0A20 (2592) pixels
0x0000, 0x0000, 0x0000, 0x0000, 0x0000, 0x0000, 0x0000, 0x0000, 0x0000, 0x0000, 0x0000, 0x0000, 0x0000, 0x0000, 0x0000, 0x0000,   // 0x0A30 (2608) pixels
0x0000, 0x0000, 0x0000, 0x0000, 0x0000, 0x0000, 0x0000, 0x0000, 0x0000, 0x0000, 0x0000, 0x0000, 0x0000, 0x0000, 0x0000, 0x0000,   // 0x0A40 (2624) pixels
0x0000, 0x0000, 0x0000, 0x0000, 0x0000, 0x0000, 0x0000, 0x0000, 0x0000, 0x0000, 0x0000, 0x0000, 0x0000, 0x0000, 0x0000, 0x0000,   // 0x0A50 (2640) pixels
0x0000, 0x0000, 0x0000, 0x0000, 0x0000, 0x0000, 0x0000, 0x0000, 0x0000, 0x0000, 0x0000, 0x0000, 0x0000, 0x0000, 0x0000, 0x0000,   // 0x0A60 (2656) pixels
0x0000, 0x0000, 0x0000, 0x0000, 0x0000, 0x0000, 0x0000, 0x0000, 0x0000, 0x0000, 0x0000, 0x0000, 0x0000, 0x0000, 0x0000, 0x0000,   // 0x0A70 (2672) pixels
0x0000, 0x0000, 0x0000, 0x0000, 0x0000, 0x0000, 0x0000, 0x0000, 0x0000, 0x0000, 0x0000, 0x0000, 0x0000, 0x0000, 0x0000, 0x0000,   // 0x0A80 (2688) pixels
0x0000, 0x0000, 0x0000, 0x0000, 0x0000, 0x0000, 0x0000, 0x0000, 0x0000, 0x0000, 0x0000, 0x0000, 0x0000, 0x0000, 0x0000, 0x0000,   // 0x0A90 (2704) pixels
0x0000, 0x0000, 0x0000, 0x0000, 0x0000, 0x0000, 0x0000, 0x0000, 0x0000, 0x0000, 0x0000, 0x0000, 0x0000, 0x0000, 0x0000, 0x0000,   // 0x0AA0 (2720) pixels
0x0000, 0x0000, 0x0000, 0x0000, 0x0000, 0x0000, 0x0000, 0x0021, 0x0000, 0x0000, 0x0800, 0x1820, 0x2000, 0x9B26, 0xF58B, 0xF4C6,   // 0x0AB0 (2736) pixels
0xF485, 0xFC65, 0xFCC7, 0xF485, 0xEC46, 0xF4C9, 0xDC28, 0x81C2, 0x6943, 0x5924, 0x40C5, 0x30A5, 0x1021, 0x0821, 0x0800, 0x0000,   // 0x0AC0 (2752) pixels
0x0000, 0x0000, 0x0000, 0x0000, 0x0000, 0x0000, 0x0000, 0x0000, 0x0000, 0x0000, 0x0000, 0x0000, 0x0000, 0x0000, 0x0000, 0x0000,   // 0x0AD0 (2768) pixels
0x0000, 0x0000, 0x0000, 0x0000, 0x0000, 0x0000, 0x0000, 0x0000, 0x0000, 0x0000, 0x0000, 0x0000, 0x0000, 0x0000, 0x0000, 0x0000,   // 0x0AE0 (2784) pixels
0x0000, 0x0000, 0x0000, 0x0000, 0x0000, 0x0000, 0x0000, 0x0000, 0x0000, 0x0000, 0x0000, 0x0000, 0x0000, 0x0000, 0x0000, 0x0000,   // 0x0AF0 (2800) pixels
0x0000, 0x0000, 0x0000, 0x0000, 0x0000, 0x0000, 0x0000, 0x0000, 0x0000, 0x0000, 0x0000, 0x0000, 0x0000, 0x0000, 0x0000, 0x0000,   // 0x0B00 (2816) pixels
0x0000, 0x0000, 0x0000, 0x0000, 0x0000, 0x0000, 0x0000, 0x0000, 0x0000, 0x0000, 0x0000, 0x0000, 0x0000, 0x0000, 0x0000, 0x0000,   // 0x0B10 (2832) pixels
0x0000, 0x0000, 0x0000, 0x0000, 0x0000, 0x0000, 0x0000, 0x0000, 0x0000, 0x0000, 0x0000, 0x0000, 0x0000, 0x0000, 0x0000, 0x0000,   // 0x0B20 (2848) pixels
0x0000, 0x0000, 0x0000, 0x0000, 0x0000, 0x0000, 0x0000, 0x0000, 0x0000, 0x0000, 0x0000, 0x0000, 0x0000, 0x0000, 0x0000, 0x0000,   // 0x0B30 (2864) pixels
0x0000, 0x0000, 0x0000, 0x0000, 0x0000, 0x0000, 0x0000, 0x0000, 0x0000, 0x0000, 0x0000, 0x0000, 0x0000, 0x0000, 0x0000, 0x0000,   // 0x0B40 (2880) pixels
0x0000, 0x0000, 0x0000, 0x0000, 0x0000, 0x0000, 0x0000, 0x0000, 0x0000, 0x0000, 0x0000, 0x0000, 0x0000, 0x0000, 0x0000, 0x0000,   // 0x0B50 (2896) pixels
0x0000, 0x0000, 0x0000, 0x0000, 0x0000, 0x0000, 0x0000, 0x0000, 0x0000, 0x0000, 0x0000, 0x0000, 0x0000, 0x0000, 0x0000, 0x0000,   // 0x0B60 (2912) pixels
0x0000, 0x0000, 0x0000, 0x0000, 0x0000, 0x0021, 0x0000, 0x1040, 0x51E5, 0x93AB, 0xA2E7, 0xC3C6, 0xF4E5, 0xF483, 0xFCC6, 0xF467,   // 0x0B70 (2928) pixels
0xEC87, 0xD424, 0xC301, 0xDBE5, 0xEC88, 0xBB03, 0xA284, 0x7985, 0x5085, 0x4066, 0x20A3, 0x1882, 0x1062, 0x0821, 0x0000, 0x0000,   // 0x0B80 (2944) pixels
0x0000, 0x0000, 0x0000, 0x0000, 0x0000, 0x0000, 0x0000, 0x0000, 0x0000, 0x0000, 0x0000, 0x0000, 0x0000, 0x0000, 0x0000, 0x0000,   // 0x0B90 (2960) pixels
0x0000, 0x0000, 0x0000, 0x0000, 0x0000, 0x0000, 0x0000, 0x0000, 0x0000, 0x0000, 0x0000, 0x0000, 0x0000, 0x0000, 0x0000, 0x0000,   // 0x0BA0 (2976) pixels
0x0000, 0x0000, 0x0000, 0x0000, 0x0000, 0x0000, 0x0000, 0x0000, 0x0000, 0x0000, 0x0000, 0x0000, 0x0000, 0x0000, 0x0000, 0x0000,   // 0x0BB0 (2992) pixels
0x0000, 0x0000, 0x0000, 0x0000, 0x0000, 0x0000, 0x0000, 0x0000, 0x0000, 0x0000, 0x0000, 0x0000, 0x0000, 0x0000, 0x0000, 0x0000,   // 0x0BC0 (3008) pixels
0x0000, 0x0000, 0x0000, 0x0000, 0x0000, 0x0000, 0x0000, 0x0000, 0x0000, 0x0000, 0x0000, 0x0000, 0x0000, 0x0000, 0x0000, 0x0000,   // 0x0BD0 (3024) pixels
0x0000, 0x0000, 0x0000, 0x0000, 0x0000, 0x0000, 0x0000, 0x0000, 0x0000, 0x0000, 0x0000, 0x0000, 0x0000, 0x0000, 0x0000, 0x0000,   // 0x0BE0 (3040) pixels
0x0000, 0x0000, 0x0000, 0x0000, 0x0000, 0x0000, 0x0000, 0x0000, 0x0000, 0x0000, 0x0000, 0x0000, 0x0000, 0x0000, 0x0000, 0x0000,   // 0x0BF0 (3056) pixels
0x0000, 0x0000, 0x0000, 0x0000, 0x0000, 0x0000, 0x0000, 0x0000, 0x0000, 0x0000, 0x0000, 0x0000, 0x0000, 0x0000, 0x0000, 0x0000,   // 0x0C00 (3072) pixels
0x0000, 0x0000, 0x0000, 0x0000, 0x0000, 0x0000, 0x0000, 0x0000, 0x0000, 0x0000, 0x0000, 0x0000, 0x0000, 0x0000, 0x0000, 0x0000,   // 0x0C10 (3088) pixels
0x0000, 0x0000, 0x0000, 0x0000, 0x0000, 0x0000, 0x0000, 0x0000, 0x0000, 0x0000, 0x0000, 0x0000, 0x0000, 0x0000, 0x0000, 0x0000,   // 0x0C20 (3104) pixels
0x0000, 0x0000, 0x0001, 0x0021, 0x0020, 0x0800, 0x9307, 0xF547, 0xFCE7, 0xFC85, 0xF4A4, 0xF484, 0xF485, 0xF465, 0xF466, 0xD362,   // 0x0C30 (3120) pixels
0xC2E3, 0xC2C5, 0xC2C4, 0xEC46, 0xE447, 0x7162, 0x40A4, 0x40C7, 0x50E6, 0x48C5, 0x48E6, 0x40C5, 0x3063, 0x2021, 0x2041, 0x1840,   // 0x0C40 (3136) pixels
0x0020, 0x0000, 0x0000, 0x0020, 0x0000, 0x0000, 0x0000, 0x0000, 0x0000, 0x0000, 0x0020, 0x0020, 0x0020, 0x0000, 0x0000, 0x0000,   // 0x0C50 (3152) pixels
0x0000, 0x0000, 0x0000, 0x0000, 0x0000, 0x0000, 0x0000, 0x0000, 0x0000, 0x0000, 0x0000, 0x0000, 0x0000, 0x0000, 0x0000, 0x0000,   // 0x0C60 (3168) pixels
0x0000, 0x0000, 0x0000, 0x0000, 0x0000, 0x0000, 0x0000, 0x0000, 0x0000, 0x0000, 0x0000, 0x0000, 0x0000, 0x0000, 0x0000, 0x0000,   // 0x0C70 (3184) pixels
0x0000, 0x0000, 0x0000, 0x0000, 0x0000, 0x0000, 0x0000, 0x0000, 0x0000, 0x0000, 0x0000, 0x0000, 0x0000, 0x0000, 0x0000, 0x0000,   // 0x0C80 (3200) pixels
0x0000, 0x0000, 0x0000, 0x0000, 0x0000, 0x0000, 0x0000, 0x0000, 0x0000, 0x0000, 0x0000, 0x0000, 0x0000, 0x0000, 0x0000, 0x0000,   // 0x0C90 (3216) pixels
0x0000, 0x0000, 0x0000, 0x0000, 0x0000, 0x0000, 0x0000, 0x0000, 0x0000, 0x0000, 0x0000, 0x0000, 0x0000, 0x0000, 0x0000, 0x0000,   // 0x0CA0 (3232) pixels
0x0000, 0x0000, 0x0000, 0x0000, 0x0000, 0x0000, 0x0000, 0x0000, 0x0000, 0x0000, 0x0000, 0x0000, 0x0000, 0x0000, 0x0000, 0x0000,   // 0x0CB0 (3248) pixels
0x0000, 0x0000, 0x0000, 0x0000, 0x0000, 0x0000, 0x0000, 0x0000, 0x0000, 0x0000, 0x0000, 0x0000, 0x0000, 0x0000, 0x0000, 0x0000,   // 0x0CC0 (3264) pixels
0x0000, 0x0000, 0x0000, 0x0000, 0x0000, 0x0000, 0x0000, 0x0000, 0x0000, 0x0000, 0x0000, 0x0000, 0x0000, 0x0000, 0x0000, 0x0000,   // 0x0CD0 (3280) pixels
0x0000, 0x0000, 0x0000, 0x0000, 0x0000, 0x0000, 0x0000, 0x0000, 0x0000, 0x0000, 0x0000, 0x0000, 0x0000, 0x0000, 0x0000, 0x0000,   // 0x0CE0 (3296) pixels
0x0022, 0x0000, 0x0020, 0x1000, 0x9284, 0xF526, 0xFCE5, 0xF4C4, 0xF4A4, 0xF4C6, 0xEC86, 0xEC86, 0xF4A6, 0xD3C2, 0xCB23, 0xC2E4,   // 0x0CF0 (3312) pixels
0xCAE3, 0xE405, 0xE447, 0x8A04, 0x48A4, 0x40E7, 0x40A4, 0x40A5, 0x40E6, 0x40E6, 0x40E6, 0x40E5, 0x38E5, 0x38E4, 0x1862, 0x0801,   // 0x0D00 (3328) pixels
0x0000, 0x0000, 0x0000, 0x0000, 0x0020, 0x0000, 0x0000, 0x0000, 0x0000, 0x0000, 0x0000, 0x0000, 0x0000, 0x0000, 0x0000, 0x0000,   // 0x0D10 (3344) pixels
0x0000, 0x0000, 0x0000, 0x0000, 0x0000, 0x0000, 0x0000, 0x0000, 0x0000, 0x0000, 0x0000, 0x0000, 0x0000, 0x0000, 0x0000, 0x0000,   // 0x0D20 (3360) pixels
0x0000, 0x0000, 0x0000, 0x0000, 0x0000, 0x0000, 0x0000, 0x0000, 0x0000, 0x0000, 0x0000, 0x0000, 0x0000, 0x0000, 0x0000, 0x0000,   // 0x0D30 (3376) pixels
0x0000, 0x0000, 0x0000, 0x0000, 0x0000, 0x0000, 0x0000, 0x0000, 0x0000, 0x0000, 0x0000, 0x0000, 0x0000, 0x0000, 0x0000, 0x0000,   // 0x0D40 (3392) pixels
0x0000, 0x0000, 0x0000, 0x0000, 0x0000, 0x0000, 0x0000, 0x0000, 0x0000, 0x0000, 0x0000, 0x0000, 0x0000, 0x0000, 0x0000, 0x0000,   // 0x0D50 (3408) pixels
0x0000, 0x0000, 0x0000, 0x0000, 0x0000, 0x0000, 0x0000, 0x0000, 0x0000, 0x0000, 0x0000, 0x0000, 0x0000, 0x0000, 0x0000, 0x0000,   // 0x0D60 (3424) pixels
0x0000, 0x0000, 0x0000, 0x0000, 0x0000, 0x0000, 0x0000, 0x0000, 0x0000, 0x0000, 0x0000, 0x0000, 0x0000, 0x0000, 0x0000, 0x0000,   // 0x0D70 (3440) pixels
0x0000, 0x0000, 0x0000, 0x0000, 0x0000, 0x0000, 0x0000, 0x0000, 0x0000, 0x0000, 0x0000, 0x0000, 0x0000, 0x0000, 0x0000, 0x0000,   // 0x0D80 (3456) pixels
0x0000, 0x0000, 0x0000, 0x0000, 0x0000, 0x0000, 0x0000, 0x0000, 0x0000, 0x0000, 0x0000, 0x0000, 0x0000, 0x0000, 0x0000, 0x0000,   // 0x0D90 (3472) pixels
0x0000, 0x0000, 0x0000, 0x0000, 0x0000, 0x0000, 0x0000, 0x0000, 0x0000, 0x0000, 0x0000, 0x0000, 0x0000, 0x0000, 0x0000, 0x0000,   // 0x0DA0 (3488) pixels
0x4142, 0x5100, 0xAB03, 0xF4C4, 0xF503, 0xF4E5, 0xD3E4, 0xDC28, 0xDC08, 0xDC27, 0xEC87, 0xF4E7, 0xDBA4, 0xD364, 0xE3A5, 0xEC45,   // 0x0DB0 (3504) pixels
0xECA7, 0xAB47, 0x50C3, 0x40C6, 0x4105, 0x4906, 0x40C5, 0x38A5, 0x40C6, 0x40E7, 0x40E6, 0x40E6, 0x38C5, 0x2883, 0x2863, 0x2062,   // 0x0DC0 (3520) pixels
0x1842, 0x1020, 0x0800, 0x0000, 0x0000, 0x0000, 0x0000, 0x0000, 0x0000, 0x0000, 0x0000, 0x0000, 0x0000, 0x0000, 0x0000, 0x0000,   // 0x0DD0 (3536) pixels
0x0000, 0x0000, 0x0000, 0x0000, 0x0000, 0x0000, 0x0000, 0x0000, 0x0000, 0x0000, 0x0000, 0x0000, 0x0000, 0x0000, 0x0000, 0x0000,   // 0x0DE0 (3552) pixels
0x0000, 0x0000, 0x0000, 0x0000, 0x0000, 0x0000, 0x0000, 0x0000, 0x0000, 0x0000, 0x0000, 0x0000, 0x0000, 0x0000, 0x0000, 0x0000,   // 0x0DF0 (3568) pixels
0x0000, 0x0000, 0x0000, 0x0000, 0x0000, 0x0000, 0x0000, 0x0000, 0x0000, 0x0000, 0x0000, 0x0000, 0x0000, 0x0000, 0x0000, 0x0000,   // 0x0E00 (3584) pixels
0x0000, 0x0000, 0x0000, 0x0000, 0x0000, 0x0000, 0x0000, 0x0000, 0x0000, 0x0000, 0x0000, 0x0000, 0x0000, 0x0000, 0x0000, 0x0000,   // 0x0E10 (3600) pixels
0x0000, 0x0000, 0x0000, 0x0000, 0x0000, 0x0000, 0x0000, 0x0000, 0x0000, 0x0000, 0x0000, 0x0000, 0x0000, 0x0000, 0x0000, 0x0000,   // 0x0E20 (3616) pixels
0x0000, 0x0000, 0x0000, 0x0000, 0x0000, 0x0000, 0x0000, 0x0000, 0x0000, 0x0000, 0x0000, 0x0000, 0x0000, 0x0000, 0x0000, 0x0000,   // 0x0E30 (3632) pixels
0x0000, 0x0000, 0x0000, 0x0000, 0x0000, 0x0000, 0x0000, 0x0000, 0x0000, 0x0000, 0x0000, 0x0000, 0x0000, 0x0000, 0x0000, 0x0000,   // 0x0E40 (3648) pixels
0x0000, 0x0000, 0x0000, 0x0000, 0x0000, 0x0000, 0x0000, 0x0000, 0x0000, 0x0000, 0x0000, 0x0000, 0x0000, 0x0000, 0x0000, 0x0000,   // 0x0E50 (3664) pixels
0x0000, 0x0000, 0x0000, 0x0000, 0x0000, 0x0000, 0x0000, 0x0000, 0x0000, 0x0000, 0x0000, 0x0020, 0x0000, 0x2081, 0xAC0A, 0xD449,   // 0x0E60 (3680) pixels
0xECA7, 0xFCE5, 0xED26, 0xDC47, 0x91C1, 0x8963, 0x8142, 0x8160, 0xA241, 0xDC48, 0xF487, 0xF487, 0xFC87, 0xF465, 0xEC86, 0xBB86,   // 0x0E70 (3696) pixels
0x58C1, 0x40A3, 0x4925, 0x48E5, 0x3884, 0x2824, 0x3044, 0x3065, 0x3065, 0x38A6, 0x4906, 0x40E6, 0x40E5, 0x40E5, 0x38E5, 0x30C4,   // 0x0E80 (3712) pixels
0x2062, 0x1000, 0x1040, 0x1040, 0x1840, 0x1841, 0x1861, 0x1861, 0x1861, 0x1861, 0x1840, 0x1840, 0x1860, 0x1861, 0x1861, 0x1881,   // 0x0E90 (3728) pixels
0x1881, 0x1881, 0x0841, 0x0000, 0x0000, 0x0000, 0x0000, 0x0000, 0x0000, 0x0000, 0x0000, 0x0000, 0x0000, 0x0000, 0x0000, 0x0000,   // 0x0EA0 (3744) pixels
0x0000, 0x0000, 0x0000, 0x0000, 0x0000, 0x0000, 0x0000, 0x0000, 0x0000, 0x0000, 0x0000, 0x0000, 0x0000, 0x0000, 0x0000, 0x0000,   // 0x0EB0 (3760) pixels
0x0000, 0x0000, 0x0000, 0x0000, 0x0000, 0x0000, 0x0000, 0x0000, 0x0000, 0x0000, 0x0000, 0x0000, 0x0000, 0x0000, 0x0000, 0x0000,   // 0x0EC0 (3776) pixels
0x0000, 0x0000, 0x0000, 0x0000, 0x0000, 0x0000, 0x0000, 0x0000, 0x0000, 0x0000, 0x0000, 0x0000, 0x0000, 0x0000, 0x0000, 0x0000,   // 0x0ED0 (3792) pixels
0x0000, 0x0000, 0x0000, 0x0000, 0x0000, 0x0000, 0x0000, 0x0000, 0x0000, 0x0000, 0x0000, 0x0000, 0x0000, 0x0000, 0x0000, 0x0000,   // 0x0EE0 (3808) pixels
0x0000, 0x0000, 0x0000, 0x0000, 0x0000, 0x0000, 0x0000, 0x0000, 0x0000, 0x0000, 0x0000, 0x0000, 0x0000, 0x0000, 0x0000, 0x0000,   // 0x0EF0 (3824) pixels
0x0000, 0x0000, 0x0000, 0x0000, 0x0000, 0x0000, 0x0000, 0x0000, 0x0000, 0x0000, 0x0000, 0x0000, 0x0000, 0x0000, 0x0000, 0x0000,   // 0x0F00 (3840) pixels
0x0000, 0x0000, 0x0000, 0x0000, 0x0000, 0x0000, 0x0000, 0x0000, 0x0000, 0x0000, 0x0000, 0x0000, 0x0000, 0x0000, 0x0000, 0x0000,   // 0x0F10 (3856) pixels
0x0000, 0x0000, 0x0000, 0x0000, 0x0000, 0x0000, 0x0000, 0x0000, 0x0000, 0x0020, 0x0000, 0x2040, 0xC44A, 0xF4C8, 0xFCA6, 0xFCC5,   // 0x0F20 (3872) pixels
0xE4C8, 0xCBA8, 0x8143, 0x8125, 0x8164, 0x7920, 0x8160, 0xB2C4, 0xECA8, 0xFCC8, 0xFC86, 0xEC04, 0xE3E4, 0xCBA5, 0x81E2, 0x71C5,   // 0x0F30 (3888) pixels
0x50E5, 0x48E5, 0x4084, 0x3865, 0x3065, 0x2004, 0x2003, 0x2044, 0x40E5, 0x48E6, 0x40C5, 0x38A4, 0x40E5, 0x5126, 0x5126, 0x4905,   // 0x0F40 (3904) pixels
0x6925, 0x6925, 0x7146, 0x7166, 0x7166, 0x7166, 0x7166, 0x7166, 0x71A6, 0x71A6, 0x69A6, 0x69A6, 0x69C7, 0x69C7, 0x69C7, 0x69C7,   // 0x0F50 (3920) pixels
0x1883, 0x0821, 0x0000, 0x0000, 0x0000, 0x0000, 0x0000, 0x0000, 0x0000, 0x0000, 0x0000, 0x0000, 0x0000, 0x0000, 0x0000, 0x0000,   // 0x0F60 (3936) pixels
0x0000, 0x0000, 0x0000, 0x0000, 0x0000, 0x0000, 0x0000, 0x0000, 0x0000, 0x0000, 0x0000, 0x0000, 0x0000, 0x0000, 0x0000, 0x0000,   // 0x0F70 (3952) pixels
0x0000, 0x0000, 0x0000, 0x0000, 0x0000, 0x0000, 0x0000, 0x0000, 0x0000, 0x0000, 0x0000, 0x0000, 0x0000, 0x0000, 0x0000, 0x0000,   // 0x0F80 (3968) pixels
0x0000, 0x0000, 0x0000, 0x0000, 0x0000, 0x0000, 0x0000, 0x0000, 0x0000, 0x0000, 0x0000, 0x0000, 0x0000, 0x0000, 0x0000, 0x0000,   // 0x0F90 (3984) pixels
0x0000, 0x0000, 0x0000, 0x0000, 0x0000, 0x0000, 0x0000, 0x0000, 0x0000, 0x0000, 0x0000, 0x0000, 0x0000, 0x0000, 0x0000, 0x0000,   // 0x0FA0 (4000) pixels
0x0000, 0x0000, 0x0000, 0x0000, 0x0000, 0x0000, 0x0000, 0x0000, 0x0000, 0x0000, 0x0000, 0x0000, 0x0000, 0x0000, 0x0000, 0x0000,   // 0x0FB0 (4016) pixels
0x0000, 0x0000, 0x0000, 0x0000, 0x0000, 0x0000, 0x0000, 0x0000, 0x0000, 0x0000, 0x0000, 0x0000, 0x0000, 0x0000, 0x0000, 0x0000,   // 0x0FC0 (4032) pixels
0x0000, 0x0000, 0x0000, 0x0000, 0x0000, 0x0000, 0x0000, 0x0000, 0x0000, 0x0000, 0x0000, 0x0000, 0x0000, 0x0000, 0x0000, 0x0000,   // 0x0FD0 (4048) pixels
0x0000, 0x0000, 0x0000, 0x0000, 0x0000, 0x0000, 0x0000, 0x0040, 0x0021, 0x2040, 0xCC28, 0xEC64, 0xFC85, 0xFCE7, 0xAAE4, 0x89C2,   // 0x0FE0 (4064) pixels
0x7922, 0xA247, 0xD3C9, 0xDC07, 0xC344, 0xAA82, 0xCBE7, 0xE467, 0xFCA7, 0xF446, 0xF445, 0xEC86, 0xD407, 0xC3CA, 0x5905, 0x50E5,   // 0x0FF0 (4080) pixels
0x48C5, 0x48E6, 0x40C6, 0x2844, 0x2023, 0x2864, 0x40E6, 0x48E6, 0x40A5, 0x3043, 0x3884, 0x48E5, 0x5126, 0x5147, 0x6925, 0x6925,   // 0x1000 (4096) pixels
0x7146, 0x7166, 0x7166, 0x7166, 0x7166, 0x7146, 0x6945, 0x6945, 0x6125, 0x6125, 0x6104, 0x58E4, 0x58E4, 0x58E4, 0x30A5, 0x2043,   // 0x1010 (4112) pixels
0x0801, 0x0000, 0x0000, 0x0020, 0x0000, 0x0000, 0x0000, 0x0000, 0x0000, 0x0000, 0x0000, 0x0000, 0x0000, 0x0000, 0x0000, 0x0000,   // 0x1020 (4128) pixels
0x0000, 0x0000, 0x0000, 0x0000, 0x0000, 0x0000, 0x0000, 0x0000, 0x0000, 0x0000, 0x0000, 0x0000, 0x0000, 0x0000, 0x0000, 0x0000,   // 0x1030 (4144) pixels
0x0000, 0x0000, 0x0000, 0x0000, 0x0000, 0x0000, 0x0000, 0x0000, 0x0000, 0x0000, 0x0000, 0x0000, 0x0000, 0x0000, 0x0000, 0x0000,   // 0x1040 (4160) pixels
0x0000, 0x0000, 0x0000, 0x0000, 0x0000, 0x0000, 0x0000, 0x0000, 0x0000, 0x0000, 0x0000, 0x0000, 0x0000, 0x0000, 0x0000, 0x0000,   // 0x1050 (4176) pixels
0x0000, 0x0000, 0x0000, 0x0000, 0x0000, 0x0000, 0x0000, 0x0000, 0x0000, 0x0000, 0x0000, 0x0000, 0x0000, 0x0000, 0x0000, 0x0000,   // 0x1060 (4192) pixels
0x0000, 0x0000, 0x0000, 0x0000, 0x0000, 0x0000, 0x0000, 0x0000, 0x0000, 0x0000, 0x0000, 0x0000, 0x0000, 0x0000, 0x0000, 0x0000,   // 0x1070 (4208) pixels
0x0000, 0x0000, 0x0000, 0x0000, 0x0000, 0x0000, 0x0000, 0x0000, 0x0000, 0x0000, 0x0000, 0x0000, 0x0000, 0x0000, 0x0000, 0x0000,   // 0x1080 (4224) pixels
0x0000, 0x0000, 0x0000, 0x0000, 0x0000, 0x0000, 0x0000, 0x0000, 0x0000, 0x0000, 0x0000, 0x0000, 0x0000, 0x0000, 0x0000, 0x0000,   // 0x1090 (4240) pixels
0x0000, 0x0000, 0x0000, 0x0000, 0x0000, 0x0020, 0x0020, 0x1820, 0xC407, 0xF483, 0xFCC6, 0xFD2A, 0xA265, 0x8142, 0x91C4, 0xBAE5,   // 0x10A0 (4256) pixels
0xEC87, 0xFD06, 0xEC86, 0xCB43, 0x9283, 0xB344, 0xEC46, 0xF446, 0xEC03, 0xEC42, 0xE425, 0xCBA7, 0x5105, 0x48C4, 0x40C5, 0x48E6,   // 0x10B0 (4272) pixels
0x40E6, 0x38C6, 0x38C5, 0x40E6, 0x48E6, 0x48E6, 0x40C5, 0x3884, 0x3884, 0x3063, 0x3084, 0x38C5, 0x40C4, 0x40C4, 0x40C4, 0x40C4,   // 0x10C0 (4288) pixels
0x40C4, 0x40C4, 0x40C4, 0x40C4, 0x48E4, 0x48E4, 0x48C4, 0x40E4, 0x40E4, 0x40C4, 0x40C4, 0x40C4, 0x40A6, 0x3085, 0x1822, 0x0801,   // 0x10D0 (4304) pixels
0x0000, 0x0000, 0x0000, 0x0000, 0x0000, 0x0000, 0x0000, 0x0000, 0x0000, 0x0000, 0x0000, 0x0000, 0x0000, 0x0000, 0x0000, 0x0000,   // 0x10E0 (4320) pixels
0x0000, 0x0000, 0x0000, 0x0000, 0x0000, 0x0000, 0x0000, 0x0000, 0x0000, 0x0000, 0x0000, 0x0000, 0x0000, 0x0000, 0x0000, 0x0000,   // 0x10F0 (4336) pixels
0x0000, 0x0000, 0x0000, 0x0000, 0x0000, 0x0000, 0x0000, 0x0000, 0x0000, 0x0000, 0x0000, 0x0000, 0x0000, 0x0000, 0x0000, 0x0000,   // 0x1100 (4352) pixels
0x0000, 0x0000, 0x0000, 0x0000, 0x0000, 0x0000, 0x0000, 0x0000, 0x0000, 0x0000, 0x0000, 0x0000, 0x0000, 0x0000, 0x0000, 0x0000,   // 0x1110 (4368) pixels
0x0000, 0x0000, 0x0000, 0x0000, 0x0000, 0x0000, 0x0000, 0x0000, 0x0000, 0x0000, 0x0000, 0x0000, 0x0000, 0x0000, 0x0000, 0x0000,   // 0x1120 (4384) pixels
0x0000, 0x0000, 0x0000, 0x0000, 0x0000, 0x0000, 0x0000, 0x0000, 0x0000, 0x0000, 0x0000, 0x0000, 0x0000, 0x0000, 0x0000, 0x0000,   // 0x1130 (4400) pixels
0x0000, 0x0000, 0x0000, 0x0000, 0x0000, 0x0000, 0x0000, 0x0000, 0x0000, 0x0000, 0x0000, 0x0000, 0x0000, 0x0000, 0x0000, 0x0000,   // 0x1140 (4416) pixels
0x0000, 0x0000, 0x0000, 0x0000, 0x0000, 0x0000, 0x0000, 0x0000, 0x0000, 0x0000, 0x0000, 0x0000, 0x0000, 0x0000, 0x0000, 0x0000,   // 0x1150 (4432) pixels
0x0000, 0x0000, 0x0000, 0x0020, 0x0062, 0x1860, 0xC427, 0xF483, 0xEC44, 0xD3E7, 0x91A4, 0x8123, 0xBAE8, 0xCB85, 0xECA4, 0xEC81,   // 0x1160 (4448) pixels
0xF4A5, 0xEC27, 0x8223, 0xA2E3, 0xEC88, 0xFCA8, 0xF424, 0xF442, 0xF464, 0xD385, 0x4905, 0x40C4, 0x40C4, 0x40E5, 0x40C5, 0x40E6,   // 0x1170 (4464) pixels
0x48E5, 0x40C4, 0x48C6, 0x48C6, 0x48C5, 0x40C5, 0x38A5, 0x2843, 0x2842, 0x30A4, 0x48E7, 0x48E7, 0x40C6, 0x40C6, 0x40C6, 0x40A6,   // 0x1180 (4480) pixels
0x40C6, 0x40C6, 0x40E5, 0x40E5, 0x40C5, 0x40C6, 0x40C6, 0x38E6, 0x38E6, 0x38E6, 0x50A6, 0x40A6, 0x2864, 0x1021, 0x0000, 0x0000,   // 0x1190 (4496) pixels
0x0000, 0x0000, 0x0000, 0x0000, 0x0000, 0x0000, 0x0000, 0x0000, 0x0000, 0x0000, 0x0000, 0x0000, 0x0000, 0x0000, 0x0000, 0x0000,   // 0x11A0 (4512) pixels
0x0000, 0x0000, 0x0000, 0x0000, 0x0000, 0x0000, 0x0000, 0x0000, 0x0000, 0x0000, 0x0000, 0x0000, 0x0000, 0x0000, 0x0000, 0x0000,   // 0x11B0 (4528) pixels
0x0000, 0x0000, 0x0000, 0x0000, 0x0000, 0x0000, 0x0000, 0x0000, 0x0000, 0x0000, 0x0000, 0x0000, 0x0000, 0x0000, 0x0000, 0x0000,   // 0x11C0 (4544) pixels
0x0000, 0x0000, 0x0000, 0x0000, 0x0000, 0x0000, 0x0000, 0x0000, 0x0000, 0x0000, 0x0000, 0x0000, 0x0000, 0x0000, 0x0000, 0x0000,   // 0x11D0 (4560) pixels
0x0000, 0x0000, 0x0000, 0x0000, 0x0000, 0x0000, 0x0000, 0x0000, 0x0000, 0x0000, 0x0000, 0x0000, 0x0000, 0x0000, 0x0000, 0x0000,   // 0x11E0 (4576) pixels
0x0000, 0x0000, 0x0000, 0x0000, 0x0000, 0x0000, 0x0000, 0x0000, 0x0000, 0x0000, 0x0000, 0x0000, 0x0000, 0x0000, 0x0000, 0x0000,   // 0x11F0 (4592) pixels
0x0000, 0x0000, 0x0000, 0x0000, 0x0000, 0x0000, 0x0000, 0x0000, 0x0000, 0x0000, 0x0000, 0x0000, 0x0000, 0x0000, 0x0000, 0x0000,   // 0x1200 (4608) pixels
0x0000, 0x0000, 0x0000, 0x0000, 0x0000, 0x0000, 0x0000, 0x0000, 0x0801, 0x0001, 0x0000, 0x0000, 0x0000, 0x0000, 0x0000, 0x0000,   // 0x1210 (4624) pixels
0x0000, 0x0000, 0x0022, 0x1860, 0xC426, 0xEC45, 0xEC28, 0xC345, 0x9145, 0x8121, 0xCBA6, 0xECA6, 0xEC43, 0xF443, 0xF464, 0xEC43,   // 0x1220 (4640) pixels
0xA242, 0x8200, 0xEC87, 0xFC85, 0xF466, 0xFC66, 0xEC04, 0xC3E6, 0x4945, 0x4104, 0x38C4, 0x40E5, 0x4105, 0x40C5, 0x48C5, 0x48C5,   // 0x1230 (4656) pixels
0x3925, 0x3105, 0x3925, 0x30C5, 0x38E5, 0x38C6, 0x3044, 0x40C6, 0x48C5, 0x48E5, 0x40C5, 0x40A5, 0x40C5, 0x40C5, 0x40C5, 0x4106,   // 0x1240 (4672) pixels
0x48E6, 0x40E6, 0x40E6, 0x48E6, 0x48E6, 0x40C5, 0x40C5, 0x48E6, 0x40A5, 0x40C5, 0x30A4, 0x1021, 0x0000, 0x0000, 0x0020, 0x0020,   // 0x1250 (4688) pixels
0x0000, 0x0000, 0x0000, 0x0000, 0x0000, 0x0000, 0x0000, 0x0000, 0x0000, 0x0000, 0x0000, 0x0000, 0x0000, 0x0000, 0x0000, 0x0000,   // 0x1260 (4704) pixels
0x0000, 0x0000, 0x0000, 0x0000, 0x0000, 0x0000, 0x0000, 0x0000, 0x0000, 0x0000, 0x0000, 0x0000, 0x0000, 0x0000, 0x0000, 0x0000,   // 0x1270 (4720) pixels
0x0000, 0x0000, 0x0000, 0x0000, 0x0000, 0x0000, 0x0000, 0x0000, 0x0000, 0x0000, 0x0000, 0x0000, 0x0000, 0x0000, 0x0000, 0x0000,   // 0x1280 (4736) pixels
0x0000, 0x0000, 0x0000, 0x0000, 0x0000, 0x0000, 0x0000, 0x0000, 0x0000, 0x0000, 0x0000, 0x0000, 0x0000, 0x0000, 0x0000, 0x0000,   // 0x1290 (4752) pixels
0x0000, 0x0000, 0x0000, 0x0000, 0x0000, 0x0000, 0x0000, 0x0000, 0x0000, 0x0000, 0x0000, 0x0000, 0x0000, 0x0000, 0x0000, 0x0000,   // 0x12A0 (4768) pixels
0x0000, 0x0000, 0x0000, 0x0000, 0x0000, 0x0000, 0x0000, 0x0000, 0x0000, 0x0000, 0x0000, 0x0000, 0x0000, 0x0000, 0x0000, 0x0000,   // 0x12B0 (4784) pixels
0x0000, 0x0000, 0x0000, 0x0000, 0x0000, 0x0000, 0x0000, 0x0000, 0x0000, 0x0000, 0x0000, 0x0000, 0x0000, 0x0000, 0x0000, 0x0000,   // 0x12C0 (4800) pixels
0x0000, 0x0000, 0x0000, 0x0000, 0x0000, 0x0000, 0x0000, 0x0000, 0x0020, 0x0000, 0x0000, 0x0000, 0x0000, 0x0000, 0x0800, 0x0000,   // 0x12D0 (4816) pixels
0x0001, 0x2060, 0xCC46, 0xFC85, 0xFC47, 0xD384, 0x9124, 0x8101, 0xC346, 0xECA7, 0xF463, 0xF443, 0xF465, 0xF4A7, 0x9A84, 0x8222,   // 0x12E0 (4832) pixels
0xE4A8, 0xFCC6, 0xF445, 0xFC45, 0xF444, 0xD406, 0x48E5, 0x48C4, 0x40C4, 0x48E5, 0x40C5, 0x38A5, 0x40A5, 0x48E7, 0x40E4, 0x4905,   // 0x12F0 (4848) pixels
0x40C4, 0x48E5, 0x48E5, 0x40A4, 0x48C5, 0x58E5, 0x48C5, 0x48E5, 0x40A5, 0x40C5, 0x48E6, 0x40E6, 0x40A5, 0x38A4, 0x40C5, 0x40C5,   // 0x1300 (4864) pixels
0x40E5, 0x48E5, 0x40E5, 0x40C5, 0x40C5, 0x48E5, 0x48C6, 0x40E6, 0x30A5, 0x1842, 0x0000, 0x0000, 0x0000, 0x0000, 0x0000, 0x0000,   // 0x1310 (4880) pixels
0x0000, 0x0000, 0x0000, 0x0000, 0x0000, 0x0000, 0x0000, 0x0000, 0x0000, 0x0000, 0x0000, 0x0000, 0x0000, 0x0000, 0x0000, 0x0000,   // 0x1320 (4896) pixels
0x0000, 0x0000, 0x0000, 0x0000, 0x0000, 0x0000, 0x0000, 0x0000, 0x0000, 0x0000, 0x0000, 0x0000, 0x0000, 0x0000, 0x0000, 0x0000,   // 0x1330 (4912) pixels
0x0000, 0x0000, 0x0000, 0x0000, 0x0000, 0x0000, 0x0000, 0x0000, 0x0000, 0x0000, 0x0000, 0x0000, 0x0000, 0x0000, 0x0000, 0x0000,   // 0x1340 (4928) pixels
0x0000, 0x0000, 0x0000, 0x0000, 0x0000, 0x0000, 0x0000, 0x0000, 0x0000, 0x0000, 0x0000, 0x0000, 0x0000, 0x0000, 0x0000, 0x0000,   // 0x1350 (4944) pixels
0x0000, 0x0000, 0x0000, 0x0000, 0x0000, 0x0000, 0x0000, 0x0000, 0x0000, 0x0000, 0x0000, 0x0000, 0x0000, 0x0000, 0x0000, 0x0000,   // 0x1360 (4960) pixels
0x0000, 0x0000, 0x0000, 0x0000, 0x0000, 0x0000, 0x0000, 0x0000, 0x0000, 0x0000, 0x0000, 0x0000, 0x0000, 0x0000, 0x0000, 0x0000,   // 0x1370 (4976) pixels
0x0000, 0x0000, 0x0000, 0x0000, 0x0000, 0x0000, 0x0000, 0x0000, 0x0000, 0x0000, 0x0000, 0x0000, 0x0000, 0x0000, 0x0000, 0x0000,   // 0x1380 (4992) pixels
0x0000, 0x0000, 0x0000, 0x0041, 0x0020, 0x0020, 0x0020, 0x0000, 0x0000, 0x0000, 0x0000, 0x0000, 0x0800, 0x0040, 0x0000, 0x2860,   // 0x1390 (5008) pixels
0xD467, 0xF444, 0xFC45, 0xEC04, 0xAA46, 0x91C4, 0xAAA6, 0xDC07, 0xF4A5, 0xFCC6, 0xDBA5, 0xB264, 0x79E3, 0x7A23, 0xDC68, 0xFCC6,   // 0x13A0 (5024) pixels
0xF445, 0xFC24, 0xFC65, 0xD3E5, 0x50E5, 0x50C5, 0x48C5, 0x48C6, 0x3885, 0x2844, 0x2044, 0x2885, 0x3064, 0x3064, 0x3044, 0x3885,   // 0x13B0 (5040) pixels
0x3885, 0x3864, 0x3864, 0x3843, 0x38A5, 0x40C6, 0x40C6, 0x40E6, 0x40E6, 0x40C5, 0x3884, 0x3884, 0x3084, 0x38C5, 0x40E5, 0x40E5,   // 0x13C0 (5056) pixels
0x40E5, 0x40E5, 0x40E5, 0x48E5, 0x40E7, 0x40E6, 0x30A5, 0x1842, 0x0800, 0x0000, 0x0000, 0x0000, 0x0000, 0x0000, 0x0000, 0x0000,   // 0x13D0 (5072) pixels
0x0000, 0x0000, 0x0000, 0x0000, 0x0000, 0x0000, 0x0000, 0x0000, 0x0000, 0x0000, 0x0000, 0x0000, 0x0000, 0x0000, 0x0000, 0x0000,   // 0x13E0 (5088) pixels
0x0000, 0x0000, 0x0000, 0x0000, 0x0000, 0x0000, 0x0000, 0x0000, 0x0000, 0x0000, 0x0000, 0x0000, 0x0000, 0x0000, 0x0000, 0x0000,   // 0x13F0 (5104) pixels
0x0000, 0x0000, 0x0000, 0x0000, 0x0000, 0x0000, 0x0000, 0x0000, 0x0000, 0x0000, 0x0000, 0x0000, 0x0000, 0x0000, 0x0000, 0x0000,   // 0x1400 (5120) pixels
0x0000, 0x0000, 0x0000, 0x0000, 0x0000, 0x0000, 0x0000, 0x0000, 0x0000, 0x0000, 0x0000, 0x0000, 0x0000, 0x0000, 0x0000, 0x0000,   // 0x1410 (5136) pixels
0x0000, 0x0000, 0x0000, 0x0000, 0x0000, 0x0000, 0x0000, 0x0000, 0x0000, 0x0000, 0x0000, 0x0000, 0x0000, 0x0000, 0x0000, 0x0000,   // 0x1420 (5152) pixels
0x0000, 0x0000, 0x0000, 0x0000, 0x0000, 0x0000, 0x0000, 0x0000, 0x0000, 0x0000, 0x0000, 0x0000, 0x0000, 0x0000, 0x0000, 0x0000,   // 0x1430 (5168) pixels
0x0000, 0x0000, 0x0000, 0x0000, 0x0000, 0x0000, 0x0000, 0x0000, 0x0000, 0x0000, 0x0000, 0x0000, 0x0000, 0x0000, 0x0000, 0x0000,   // 0x1440 (5184) pixels
0x0000, 0x0000, 0x0020, 0x0020, 0x0000, 0x0000, 0x0000, 0x0000, 0x0000, 0x0000, 0x0000, 0x0020, 0x0000, 0x30C0, 0xD4CB, 0xECA7,   // 0x1450 (5200) pixels
0xFCA6, 0xF485, 0xEC69, 0xAAA5, 0x8183, 0xAAA5, 0xD3A6, 0xDBA6, 0xB265, 0x8924, 0x81E3, 0xA305, 0xE4A8, 0xF485, 0xFC86, 0xFC67,   // 0x1460 (5216) pixels
0xF4A9, 0xCC49, 0x5906, 0x48C6, 0x40C5, 0x40C6, 0x2885, 0x1003, 0x0002, 0x0003, 0x0004, 0x0004, 0x1005, 0x0804, 0x0804, 0x1005,   // 0x1470 (5232) pixels
0x1004, 0x1025, 0x2004, 0x2024, 0x2845, 0x2845, 0x2024, 0x2003, 0x1803, 0x2003, 0x2844, 0x3085, 0x38A6, 0x38A5, 0x30A5, 0x38A5,   // 0x1480 (5248) pixels
0x38A5, 0x38A5, 0x38A6, 0x30A6, 0x2884, 0x1022, 0x0801, 0x0000, 0x0000, 0x0000, 0x0000, 0x0000, 0x0000, 0x0000, 0x0000, 0x0000,   // 0x1490 (5264) pixels
0x0000, 0x0000, 0x0000, 0x0000, 0x0000, 0x0000, 0x0000, 0x0000, 0x0000, 0x0000, 0x0000, 0x0000, 0x0000, 0x0000, 0x0000, 0x0000,   // 0x14A0 (5280) pixels
0x0000, 0x0000, 0x0000, 0x0000, 0x0000, 0x0000, 0x0000, 0x0000, 0x0000, 0x0000, 0x0000, 0x0000, 0x0000, 0x0000, 0x0000, 0x0000,   // 0x14B0 (5296) pixels
0x0000, 0x0000, 0x0000, 0x0000, 0x0000, 0x0000, 0x0000, 0x0000, 0x0000, 0x0000, 0x0000, 0x0000, 0x0000, 0x0000, 0x0000, 0x0000,   // 0x14C0 (5312) pixels
0x0000, 0x0000, 0x0000, 0x0000, 0x0000, 0x0000, 0x0000, 0x0000, 0x0000, 0x0000, 0x0000, 0x0000, 0x0000, 0x0000, 0x0000, 0x0000,   // 0x14D0 (5328) pixels
0x0000, 0x0000, 0x0000, 0x0000, 0x0000, 0x0000, 0x0000, 0x0000, 0x0000, 0x0000, 0x0000, 0x0000, 0x0000, 0x0000, 0x0000, 0x0000,   // 0x14E0 (5344) pixels
0x0000, 0x0000, 0x0000, 0x0000, 0x0000, 0x0000, 0x0000, 0x0000, 0x0000, 0x0000, 0x0000, 0x0000, 0x0000, 0x0000, 0x0000, 0x0000,   // 0x14F0 (5360) pixels
0x0000, 0x0000, 0x0000, 0x0000, 0x0000, 0x0000, 0x0000, 0x0000, 0x0000, 0x0000, 0x0000, 0x0000, 0x0000, 0x0000, 0x0020, 0x0020,   // 0x1500 (5376) pixels
0x0021, 0x0001, 0x0000, 0x0000, 0x0001, 0x0000, 0x0000, 0x0000, 0x0000, 0x0041, 0x0000, 0x20A1, 0x8B28, 0xA304, 0xE486, 0xF4C6,   // 0x1510 (5392) pixels
0xFD06, 0xCBA6, 0x8162, 0x8123, 0x9183, 0xA1E4, 0x9985, 0x78C5, 0xAAC4, 0xDC47, 0xF4E7, 0xEC64, 0xFCA6, 0xCB65, 0x9AE6, 0x7A67,   // 0x1520 (5408) pixels
0x3064, 0x2843, 0x2044, 0x2064, 0x1064, 0x0023, 0x0002, 0x0023, 0x0003, 0x0823, 0x0802, 0x0801, 0x1003, 0x1024, 0x0824, 0x0804,   // 0x1530 (5424) pixels
0x1804, 0x1804, 0x1003, 0x1004, 0x1004, 0x1004, 0x1004, 0x1004, 0x1004, 0x1804, 0x2025, 0x1824, 0x1804, 0x2024, 0x2024, 0x2024,   // 0x1540 (5440) pixels
0x2844, 0x2044, 0x1823, 0x0801, 0x0001, 0x0000, 0x0000, 0x0000, 0x0000, 0x0000, 0x0000, 0x0000, 0x0000, 0x0000, 0x0000, 0x0000,   // 0x1550 (5456) pixels
0x0000, 0x0000, 0x0000, 0x0000, 0x0000, 0x0000, 0x0000, 0x0000, 0x0000, 0x0000, 0x0000, 0x0000, 0x0000, 0x0000, 0x0000, 0x0000,   // 0x1560 (5472) pixels
0x0000, 0x0000, 0x0000, 0x0000, 0x0000, 0x0000, 0x0000, 0x0000, 0x0000, 0x0000, 0x0000, 0x0000, 0x0000, 0x0000, 0x0000, 0x0000,   // 0x1570 (5488) pixels
0x0000, 0x0000, 0x0000, 0x0000, 0x0000, 0x0000, 0x0000, 0x0000, 0x0000, 0x0000, 0x0000, 0x0000, 0x0000, 0x0000, 0x0000, 0x0000,   // 0x1580 (5504) pixels
0x0000, 0x0000, 0x0000, 0x0000, 0x0000, 0x0000, 0x0000, 0x0000, 0x0000, 0x0000, 0x0000, 0x0000, 0x0000, 0x0000, 0x0000, 0x0000,   // 0x1590 (5520) pixels
0x0000, 0x0000, 0x0000, 0x0000, 0x0000, 0x0000, 0x0000, 0x0000, 0x0000, 0x0000, 0x0000, 0x0000, 0x0000, 0x0000, 0x0000, 0x0000,   // 0x15A0 (5536) pixels
0x0000, 0x0000, 0x0000, 0x0000, 0x0000, 0x0000, 0x0000, 0x0000, 0x0000, 0x0000, 0x0000, 0x0000, 0x0000, 0x0000, 0x0000, 0x0000,   // 0x15B0 (5552) pixels
0x0000, 0x0000, 0x0000, 0x0000, 0x0000, 0x0000, 0x0000, 0x0000, 0x0000, 0x0000, 0x0000, 0x0000, 0x0000, 0x0000, 0x0000, 0x0000,   // 0x15C0 (5568) pixels
0x0000, 0x0000, 0x0020, 0x0000, 0x0000, 0x0000, 0x0000, 0x0001, 0x0001, 0x0000, 0x1820, 0x3860, 0xC406, 0xF4E7, 0xECA3, 0xECA6,   // 0x15D0 (5584) pixels
0xBB46, 0x9A05, 0x8942, 0x9122, 0x99A4, 0x91A5, 0xCB64, 0xFCA6, 0xF4C5, 0xEC64, 0xF486, 0x8A01, 0x3881, 0x1822, 0x0802, 0x0802,   // 0x15E0 (5600) pixels
0x0802, 0x0002, 0x0001, 0x0001, 0x0001, 0x0002, 0x38A2, 0x6A07, 0x61C4, 0x61A4, 0x6183, 0x40A1, 0x40A3, 0x38A4, 0x2863, 0x2843,   // 0x15F0 (5616) pixels
0x2843, 0x1823, 0x0802, 0x0802, 0x0803, 0x0804, 0x0804, 0x0804, 0x0804, 0x0804, 0x0804, 0x1003, 0x1004, 0x1004, 0x1002, 0x0802,   // 0x1600 (5632) pixels
0x0801, 0x0000, 0x0000, 0x0000, 0x0000, 0x0000, 0x0000, 0x0000, 0x0000, 0x0000, 0x0000, 0x0000, 0x0000, 0x0000, 0x0000, 0x0000,   // 0x1610 (5648) pixels
0x0000, 0x0000, 0x0000, 0x0000, 0x0000, 0x0000, 0x0000, 0x0000, 0x0000, 0x0000, 0x0000, 0x0000, 0x0000, 0x0000, 0x0000, 0x0000,   // 0x1620 (5664) pixels
0x0000, 0x0000, 0x0000, 0x0000, 0x0000, 0x0000, 0x0000, 0x0000, 0x0000, 0x0000, 0x0000, 0x0000, 0x0000, 0x0000, 0x0000, 0x0000,   // 0x1630 (5680) pixels
0x0000, 0x0000, 0x0000, 0x0000, 0x0000, 0x0000, 0x0000, 0x0000, 0x0000, 0x0000, 0x0000, 0x0000, 0x0000, 0x0000, 0x0000, 0x0000,   // 0x1640 (5696) pixels
0x0000, 0x0000, 0x0000, 0x0000, 0x0000, 0x0000, 0x0000, 0x0000, 0x0000, 0x0000, 0x0000, 0x0000, 0x0000, 0x0000, 0x0000, 0x0000,   // 0x1650 (5712) pixels
0x0000, 0x0000, 0x0000, 0x0000, 0x0000, 0x0000, 0x0000, 0x0000, 0x0000, 0x0000, 0x0000, 0x0000, 0x0000, 0x0000, 0x0000, 0x0000,   // 0x1660 (5728) pixels
0x0000, 0x0000, 0x0000, 0x0000, 0x0000, 0x0000, 0x0000, 0x0000, 0x0000, 0x0000, 0x0000, 0x0000, 0x0000, 0x0000, 0x0000, 0x0000,   // 0x1670 (5744) pixels
0x0000, 0x0000, 0x0000, 0x0000, 0x0000, 0x0000, 0x0000, 0x0000, 0x0800, 0x0800, 0x0800, 0x1840, 0x1000, 0x1800, 0x1820, 0x0800,   // 0x1680 (5760) pixels
0x0800, 0x0800, 0x0800, 0x0000, 0x1000, 0x0801, 0x0801, 0x0001, 0x0002, 0x2020, 0xD468, 0xF4C6, 0xFCC5, 0xF4E6, 0xE4A7, 0xE468,   // 0x1690 (5776) pixels
0xCB47, 0xAA03, 0xC305, 0xE469, 0xE447, 0xFCA4, 0xF4A3, 0xF4A4, 0xFCA7, 0x8A03, 0x3084, 0x1825, 0x0803, 0x0823, 0x0022, 0x0002,   // 0x16A0 (5792) pixels
0x0001, 0x1022, 0x2022, 0x2822, 0x58E2, 0xA2E9, 0xB348, 0xB326, 0xB346, 0x8A24, 0x7184, 0x79E6, 0x7A07, 0x7A07, 0x71E7, 0x5966,   // 0x16B0 (5808) pixels
0x3063, 0x1801, 0x1001, 0x0802, 0x0823, 0x0003, 0x0003, 0x0003, 0x0003, 0x0002, 0x0002, 0x0802, 0x0801, 0x0001, 0x0000, 0x0000,   // 0x16C0 (5824) pixels
0x0000, 0x0000, 0x0000, 0x0000, 0x0000, 0x0000, 0x0000, 0x0000, 0x0000, 0x0000, 0x0000, 0x0000, 0x0000, 0x0000, 0x0000, 0x0000,   // 0x16D0 (5840) pixels
0x0000, 0x0000, 0x0000, 0x0000, 0x0000, 0x0000, 0x0000, 0x0000, 0x0000, 0x0000, 0x0000, 0x0000, 0x0000, 0x0000, 0x0000, 0x0000,   // 0x16E0 (5856) pixels
0x0000, 0x0000, 0x0000, 0x0000, 0x0000, 0x0000, 0x0000, 0x0000, 0x0000, 0x0000, 0x0000, 0x0000, 0x0000, 0x0000, 0x0000, 0x0000,   // 0x16F0 (5872) pixels
0x0000, 0x0000, 0x0000, 0x0000, 0x0000, 0x0000, 0x0000, 0x0000, 0x0000, 0x0000, 0x0000, 0x0000, 0x0000, 0x0000, 0x0000, 0x0000,   // 0x1700 (5888) pixels
0x0000, 0x0000, 0x0000, 0x0000, 0x0000, 0x0000, 0x0000, 0x0000, 0x0000, 0x0000, 0x0000, 0x0000, 0x0000, 0x0000, 0x0000, 0x0000,   // 0x1710 (5904) pixels
0x0000, 0x0000, 0x0000, 0x0000, 0x0000, 0x0000, 0x0000, 0x0000, 0x0000, 0x0000, 0x0000, 0x0000, 0x0000, 0x0000, 0x0000, 0x0000,   // 0x1720 (5920) pixels
0x0000, 0x0000, 0x0000, 0x0000, 0x0000, 0x0000, 0x0000, 0x0000, 0x0000, 0x0000, 0x0000, 0x0000, 0x0000, 0x0000, 0x0000, 0x0000,   // 0x1730 (5936) pixels
0x0000, 0x0000, 0x0001, 0x0000, 0x0000, 0x0000, 0x0800, 0x1000, 0x4184, 0x7B2B, 0x9B07, 0xA348, 0x92E7, 0x69E5, 0x5123, 0x4924,   // 0x1740 (5952) pixels
0x4105, 0x38C4, 0x30C1, 0x3083, 0x28A3, 0x1884, 0x0805, 0x3082, 0xDCA9, 0xFCA5, 0xF487, 0xF4C5, 0xECE4, 0xF4E5, 0xF487, 0xE3E6,   // 0x1750 (5968) pixels
0xEC66, 0xECC5, 0xECC8, 0xF4A4, 0xECA3, 0xF4C5, 0xFCA6, 0x9203, 0x30A5, 0x1005, 0x0003, 0x0003, 0x0002, 0x0002, 0x18A4, 0x4967,   // 0x1760 (5984) pixels
0x69A8, 0x7168, 0x6925, 0x7164, 0x7961, 0x89A0, 0xDC4A, 0xE4CE, 0x8226, 0x7185, 0x89E4, 0x89E4, 0x8A26, 0x7A06, 0x5965, 0x4104,   // 0x1770 (6000) pixels
0x3904, 0x38E4, 0x0022, 0x0001, 0x0001, 0x0001, 0x0022, 0x0001, 0x0001, 0x0001, 0x0001, 0x0001, 0x0000, 0x0000, 0x0020, 0x0020,   // 0x1780 (6016) pixels
0x0000, 0x0000, 0x0000, 0x0000, 0x0000, 0x0000, 0x0000, 0x0000, 0x0000, 0x0000, 0x0000, 0x0000, 0x0000, 0x0000, 0x0000, 0x0000,   // 0x1790 (6032) pixels
0x0000, 0x0000, 0x0000, 0x0000, 0x0000, 0x0000, 0x0000, 0x0000, 0x0000, 0x0000, 0x0000, 0x0000, 0x0000, 0x0000, 0x0000, 0x0000,   // 0x17A0 (6048) pixels
0x0000, 0x0000, 0x0000, 0x0000, 0x0000, 0x0000, 0x0000, 0x0000, 0x0000, 0x0000, 0x0000, 0x0000, 0x0000, 0x0000, 0x0000, 0x0000,   // 0x17B0 (6064) pixels
0x0000, 0x0000, 0x0000, 0x0000, 0x0000, 0x0000, 0x0000, 0x0000, 0x0000, 0x0000, 0x0000, 0x0000, 0x0000, 0x0000, 0x0000, 0x0000,   // 0x17C0 (6080) pixels
0x0000, 0x0000, 0x0000, 0x0000, 0x0000, 0x0000, 0x0000, 0x0000, 0x0000, 0x0000, 0x0000, 0x0000, 0x0000, 0x0000, 0x0000, 0x0000,   // 0x17D0 (6096) pixels
0x0000, 0x0000, 0x0000, 0x0000, 0x0000, 0x0000, 0x0000, 0x0000, 0x0000, 0x0000, 0x0000, 0x0000, 0x0000, 0x0000, 0x0000, 0x0000,   // 0x17E0 (6112) pixels
0x0000, 0x0000, 0x0000, 0x0000, 0x0000, 0x0000, 0x0000, 0x0000, 0x0000, 0x0000, 0x0000, 0x0000, 0x0000, 0x0000, 0x0000, 0x0000,   // 0x17F0 (6128) pixels
0x0800, 0x0000, 0x0020, 0x0840, 0x1861, 0x2820, 0x92A3, 0xECE9, 0xF444, 0xF484, 0xF465, 0xC2E5, 0xC2EA, 0x91E6, 0x50C2, 0x48E7,   // 0x1800 (6144) pixels
0x50A6, 0x50C6, 0x40C6, 0x30A6, 0x1002, 0x30A2, 0xBC0A, 0xDC88, 0xEC87, 0xF4C7, 0xEC65, 0xFD07, 0xFCE7, 0xEC85, 0xEC86, 0xEC86,   // 0x1810 (6160) pixels
0xEC86, 0xECA6, 0xECA5, 0xD404, 0xDC6A, 0x8206, 0x3885, 0x1806, 0x0024, 0x0003, 0x0001, 0x1800, 0x4060, 0x9226, 0xA204, 0xA1C2,   // 0x1820 (6176) pixels
0x8183, 0x7943, 0x81A5, 0x79A3, 0x9262, 0xAB03, 0xBBA5, 0x9200, 0x71A6, 0x79E8, 0x8208, 0x6983, 0x6122, 0x6165, 0x6146, 0x5905,   // 0x1830 (6192) pixels
0x30C3, 0x2062, 0x1842, 0x1842, 0x1022, 0x0802, 0x0802, 0x0802, 0x2021, 0x0800, 0x0000, 0x0020, 0x0040, 0x0020, 0x0000, 0x0000,   // 0x1840 (6208) pixels
0x0040, 0x0020, 0x0000, 0x0000, 0x0000, 0x0000, 0x0000, 0x0000, 0x0000, 0x0000, 0x0000, 0x0000, 0x0000, 0x0000, 0x0000, 0x0000,   // 0x1850 (6224) pixels
0x0000, 0x0000, 0x0000, 0x0000, 0x0000, 0x0000, 0x0000, 0x0000, 0x0000, 0x0000, 0x0000, 0x0000, 0x0000, 0x0000, 0x0000, 0x0000,   // 0x1860 (6240) pixels
0x0000, 0x0000, 0x0000, 0x0000, 0x0000, 0x0000, 0x0000, 0x0000, 0x0000, 0x0000, 0x0000, 0x0000, 0x0000, 0x0000, 0x0000, 0x0000,   // 0x1870 (6256) pixels
0x0000, 0x0000, 0x0000, 0x0000, 0x0000, 0x0000, 0x0000, 0x0000, 0x0000, 0x0000, 0x0000, 0x0000, 0x0000, 0x0000, 0x0000, 0x0000,   // 0x1880 (6272) pixels
0x0000, 0x0000, 0x0000, 0x0000, 0x0000, 0x0000, 0x0000, 0x0000, 0x0000, 0x0000, 0x0000, 0x0000, 0x0000, 0x0000, 0x0000, 0x0000,   // 0x1890 (6288) pixels
0x0000, 0x0000, 0x0000, 0x0000, 0x0000, 0x0000, 0x0000, 0x0000, 0x0000, 0x0000, 0x0000, 0x0000, 0x0000, 0x0000, 0x0000, 0x0000,   // 0x18A0 (6304) pixels
0x0000, 0x0000, 0x0000, 0x0000, 0x0000, 0x0000, 0x0000, 0x0000, 0x0000, 0x0000, 0x0000, 0x0000, 0x0000, 0x0000, 0x0800, 0x0000,   // 0x18B0 (6320) pixels
0x0000, 0x4184, 0xBC4C, 0xD448, 0xDC46, 0xE466, 0xEC45, 0xE446, 0xF4C7, 0xFD47, 0xFD48, 0xBB83, 0x8A44, 0x50A6, 0x48E6, 0x3084,   // 0x18C0 (6336) pixels
0x1802, 0x2085, 0x1885, 0x1001, 0x4102, 0x5940, 0x8162, 0x9A23, 0xB2C3, 0xD3E5, 0xF4A5, 0xF4C4, 0xF4A3, 0xF4A3, 0xFC83, 0xF4A6,   // 0x18D0 (6352) pixels
0xD3C6, 0x7920, 0x6923, 0x48A4, 0x1803, 0x0803, 0x0003, 0x0002, 0x2904, 0x61E6, 0x71A3, 0xBAE6, 0xD366, 0xE3C6, 0xDC25, 0xE427,   // 0x18E0 (6368) pixels
0xC327, 0x91C6, 0x7924, 0x81A3, 0xC409, 0xAB46, 0x58E4, 0x6106, 0x6146, 0x5923, 0x5922, 0x5924, 0x5925, 0x5966, 0x5987, 0x5125,   // 0x18F0 (6384) pixels
0x4925, 0x5126, 0x4926, 0x4905, 0x4906, 0x4906, 0x4105, 0x2862, 0x0800, 0x0000, 0x0000, 0x0000, 0x0000, 0x0800, 0x0000, 0x0000,   // 0x1900 (6400) pixels
0x0000, 0x0000, 0x0020, 0x0020, 0x0020, 0x0000, 0x0000, 0x0000, 0x0000, 0x0000, 0x0000, 0x0000, 0x0000, 0x0000, 0x0000, 0x0000,   // 0x1910 (6416) pixels
0x0000, 0x0000, 0x0000, 0x0000, 0x0000, 0x0000, 0x0000, 0x0000, 0x0000, 0x0000, 0x0000, 0x0000, 0x0000, 0x0000, 0x0000, 0x0000,   // 0x1920 (6432) pixels
0x0000, 0x0000, 0x0000, 0x0000, 0x0000, 0x0000, 0x0000, 0x0000, 0x0000, 0x0000, 0x0000, 0x0000, 0x0000, 0x0000, 0x0000, 0x0000,   // 0x1930 (6448) pixels
0x0000, 0x0000, 0x0000, 0x0000, 0x0000, 0x0000, 0x0000, 0x0000, 0x0000, 0x0000, 0x0000, 0x0000, 0x0000, 0x0000, 0x0000, 0x0000,   // 0x1940 (6464) pixels
0x0000, 0x0000, 0x0000, 0x0000, 0x0000, 0x0000, 0x0000, 0x0000, 0x0000, 0x0000, 0x0000, 0x0000, 0x0000, 0x0000, 0x0000, 0x0000,   // 0x1950 (6480) pixels
0x0000, 0x0000, 0x0000, 0x0000, 0x0000, 0x0000, 0x0000, 0x0000, 0x0000, 0x0000, 0x0000, 0x0000, 0x0000, 0x0000, 0x0000, 0x0000,   // 0x1960 (6496) pixels
0x0000, 0x0000, 0x0000, 0x0000, 0x0000, 0x0000, 0x0000, 0x0000, 0x0000, 0x0000, 0x0000, 0x0000, 0x0021, 0x0001, 0x0000, 0x5181,   // 0x1970 (6512) pixels
0xDCA7, 0xFCC4, 0xFCA5, 0xFCC8, 0xECC9, 0xBB47, 0xAAC5, 0xBBA2, 0xED44, 0xED45, 0xD448, 0x7103, 0x38C3, 0x3082, 0x2062, 0x2084,   // 0x1980 (6528) pixels
0x20C6, 0x0803, 0x0801, 0x1800, 0x3802, 0x6946, 0xB36A, 0xDC6A, 0xECE8, 0xF4C6, 0xFCC5, 0xFCE6, 0xFD07, 0xFD0A, 0xDC6C, 0x58E3,   // 0x1990 (6544) pixels
0x4084, 0x30A6, 0x0803, 0x0002, 0x0043, 0x0000, 0x4103, 0x92A7, 0xB305, 0xEC47, 0xFC87, 0xFC86, 0xF482, 0xFCC4, 0xF447, 0xD32A,   // 0x19A0 (6560) pixels
0x9188, 0x68A4, 0x8A88, 0x7A24, 0x50A4, 0x58C6, 0x5906, 0x5925, 0x5944, 0x5104, 0x5146, 0x5966, 0x6167, 0x5105, 0x50E5, 0x5105,   // 0x19B0 (6576) pixels
0x50E4, 0x50E4, 0x5104, 0x5904, 0x5146, 0x40E4, 0x3082, 0x28A2, 0x28C3, 0x28C3, 0x28A3, 0x2882, 0x28A3, 0x2082, 0x1041, 0x0800,   // 0x19C0 (6592) pixels
0x0000, 0x0000, 0x0000, 0x0000, 0x0000, 0x0000, 0x0000, 0x0000, 0x0000, 0x0000, 0x0000, 0x0000, 0x0000, 0x0000, 0x0000, 0x0000,   // 0x19D0 (6608) pixels
0x0000, 0x0000, 0x0000, 0x0000, 0x0000, 0x0000, 0x0000, 0x0000, 0x0000, 0x0000, 0x0000, 0x0000, 0x0000, 0x0000, 0x0000, 0x0000,   // 0x19E0 (6624) pixels
0x0000, 0x0000, 0x0000, 0x0000, 0x0000, 0x0000, 0x0000, 0x0000, 0x0000, 0x0000, 0x0000, 0x0000, 0x0000, 0x0000, 0x0000, 0x0000,   // 0x19F0 (6640) pixels
0x0000, 0x0000, 0x0000, 0x0000, 0x0000, 0x0000, 0x0000, 0x0000, 0x0000, 0x0000, 0x0000, 0x0000, 0x0000, 0x0000, 0x0000, 0x0000,   // 0x1A00 (6656) pixels
0x0000, 0x0000, 0x0000, 0x0000, 0x0000, 0x0000, 0x0000, 0x0000, 0x0000, 0x0000, 0x0000, 0x0000, 0x0000, 0x0000, 0x0000, 0x0000,   // 0x1A10 (6672) pixels
0x0000, 0x0000, 0x0000, 0x0000, 0x0000, 0x0000, 0x0000, 0x0000, 0x0000, 0x0000, 0x0000, 0x0000, 0x0000, 0x0000, 0x0000, 0x0000,   // 0x1A20 (6688) pixels
0x0000, 0x0000, 0x0000, 0x0000, 0x0000, 0x0000, 0x0000, 0x0000, 0x0000, 0x0000, 0x0020, 0x18A1, 0x4942, 0x9281, 0xECA4, 0xEC62,   // 0x1A30 (6704) pixels
0xE424, 0xCB66, 0xBB66, 0x8185, 0x6063, 0x60C1, 0xBB66, 0xF548, 0xECC7, 0x9A02, 0x5964, 0x48E3, 0x5124, 0x48E5, 0x3085, 0x2044,   // 0x1A40 (6720) pixels
0x1804, 0x1803, 0x1802, 0x38C4, 0x6A07, 0x7A45, 0x8A64, 0x9A83, 0xBB06, 0xBB06, 0xA2A4, 0x9285, 0x8287, 0x30A2, 0x2083, 0x1044,   // 0x1A50 (6736) pixels
0x0002, 0x0003, 0x0002, 0x0800, 0x50E1, 0x9203, 0xBAC3, 0xF447, 0xF446, 0xF445, 0xEC88, 0xDBE4, 0xF486, 0xFCA8, 0xC307, 0x68A2,   // 0x1A60 (6752) pixels
0x4840, 0x4060, 0x5904, 0x50C6, 0x50E7, 0x5105, 0x48E4, 0x40A4, 0x40C5, 0x40A5, 0x38C4, 0x3883, 0x38A3, 0x48E4, 0x4905, 0x5105,   // 0x1A70 (6768) pixels
0x5104, 0x5925, 0x5925, 0x5926, 0x5166, 0x5186, 0x59A7, 0x59A7, 0x5986, 0x5166, 0x5167, 0x4926, 0x30C4, 0x1842, 0x0800, 0x0000,   // 0x1A80 (6784) pixels
0x0000, 0x0000, 0x0000, 0x0000, 0x0000, 0x0000, 0x0000, 0x0000, 0x0000, 0x0000, 0x0000, 0x0000, 0x0000, 0x0000, 0x0000, 0x0000,   // 0x1A90 (6800) pixels
0x0000, 0x0000, 0x0000, 0x0000, 0x0000, 0x0000, 0x0000, 0x0000, 0x0000, 0x0000, 0x0000, 0x0000, 0x0000, 0x0000, 0x0000, 0x0000,   // 0x1AA0 (6816) pixels
0x0000, 0x0000, 0x0000, 0x0000, 0x0000, 0x0000, 0x0000, 0x0000, 0x0000, 0x0000, 0x0000, 0x0000, 0x0000, 0x0000, 0x0000, 0x0000,   // 0x1AB0 (6832) pixels
0x0000, 0x0000, 0x0000, 0x0000, 0x0000, 0x0000, 0x0000, 0x0000, 0x0000, 0x0000, 0x0000, 0x0000, 0x0000, 0x0000, 0x0000, 0x0000,   // 0x1AC0 (6848) pixels
0x0000, 0x0000, 0x0000, 0x0000, 0x0000, 0x0000, 0x0000, 0x0000, 0x0000, 0x0000, 0x0000, 0x0000, 0x0000, 0x0000, 0x0000, 0x0000,   // 0x1AD0 (6864) pixels
0x0000, 0x0000, 0x0000, 0x0000, 0x0000, 0x0000, 0x0000, 0x0000, 0x0000, 0x0000, 0x0000, 0x0000, 0x0000, 0x0000, 0x0000, 0x0000,   // 0x1AE0 (6880) pixels
0x0000, 0x0000, 0x0000, 0x0000, 0x0000, 0x0000, 0x0000, 0x0000, 0x0020, 0x82E7, 0xE4AB, 0xF487, 0xEC86, 0xB302, 0x9A23, 0x8102,   // 0x1AF0 (6896) pixels
0x7100, 0x6881, 0x6064, 0x5804, 0x70C4, 0xA2A2, 0xF4E6, 0xEC66, 0x8A49, 0x50C4, 0x50A4, 0x58E6, 0x4085, 0x40A5, 0x38A6, 0x30C7,   // 0x1B00 (6912) pixels
0x1063, 0x0801, 0x0800, 0x0800, 0x1000, 0x3841, 0x6986, 0x6924, 0x1800, 0x1000, 0x1000, 0x0000, 0x0041, 0x0001, 0x0002, 0x0023,   // 0x1B10 (6928) pixels
0x0043, 0x2882, 0x81A5, 0xA1E3, 0xC283, 0xF449, 0xE407, 0xDBA7, 0x7985, 0x6901, 0xA2A1, 0xECE4, 0xF4E6, 0xB2C5, 0x9A44, 0xB325,   // 0x1B20 (6944) pixels
0x7A06, 0x50C4, 0x50C6, 0x48E6, 0x3883, 0x2823, 0x3885, 0x3024, 0x2023, 0x2843, 0x3084, 0x40E5, 0x4906, 0x48E5, 0x40E4, 0x48E5,   // 0x1B30 (6960) pixels
0x50C4, 0x50E4, 0x5105, 0x4905, 0x4905, 0x5125, 0x5125, 0x5125, 0x5127, 0x5106, 0x4106, 0x38E5, 0x1862, 0x0000, 0x0000, 0x0020,   // 0x1B40 (6976) pixels
0x0000, 0x0000, 0x0000, 0x0000, 0x0000, 0x0000, 0x0000, 0x0000, 0x0000, 0x0000, 0x0000, 0x0000, 0x0000, 0x0000, 0x0000, 0x0000,   // 0x1B50 (6992) pixels
0x0000, 0x0000, 0x0000, 0x0000, 0x0000, 0x0000, 0x0000, 0x0000, 0x0000, 0x0000, 0x0000, 0x0000, 0x0000, 0x0000, 0x0000, 0x0000,   // 0x1B60 (7008) pixels
0x0000, 0x0000, 0x0000, 0x0000, 0x0000, 0x0000, 0x0000, 0x0000, 0x0000, 0x0000, 0x0000, 0x0000, 0x0000, 0x0000, 0x0000, 0x0000,   // 0x1B70 (7024) pixels
0x0000, 0x0000, 0x0000, 0x0000, 0x0000, 0x0000, 0x0000, 0x0000, 0x0000, 0x0000, 0x0000, 0x0000, 0x0000, 0x0000, 0x0000, 0x0000,   // 0x1B80 (7040) pixels
0x0000, 0x0000, 0x0000, 0x0000, 0x0000, 0x0000, 0x0000, 0x0000, 0x0000, 0x0000, 0x0000, 0x0000, 0x0000, 0x0000, 0x0000, 0x0000,   // 0x1B90 (7056) pixels
0x0000, 0x0000, 0x0000, 0x0000, 0x0000, 0x0000, 0x0000, 0x0000, 0x0000, 0x0000, 0x0000, 0x0000, 0x0000, 0x0000, 0x0000, 0x0000,   // 0x1BA0 (7072) pixels
0x0000, 0x0000, 0x0000, 0x0000, 0x0000, 0x0000, 0x0800, 0x9B05, 0xFC66, 0xFC24, 0xF4AA, 0xAAC7, 0x8144, 0x88E3, 0x9983, 0xAA04,   // 0x1BB0 (7088) pixels
0xA1E3, 0x8945, 0x6862, 0x8180, 0xF528, 0xE445, 0x81C7, 0x58C5, 0x48A5, 0x48C6, 0x4085, 0x48E6, 0x40E7, 0x30C7, 0x1065, 0x0824,   // 0x1BC0 (7104) pixels
0x0003, 0x0003, 0x0002, 0x1002, 0x38E5, 0x2863, 0x0001, 0x0001, 0x0001, 0x0001, 0x0022, 0x0001, 0x0822, 0x0801, 0x0022, 0x3062,   // 0x1BD0 (7120) pixels
0x91C6, 0xA982, 0xBA43, 0xE3E9, 0xAA45, 0x8942, 0x5843, 0x5863, 0x7961, 0xD444, 0xFDA7, 0xEC86, 0xEC87, 0xF4C6, 0xA328, 0x50C3,   // 0x1BE0 (7136) pixels
0x48C6, 0x48E6, 0x38A4, 0x2823, 0x40A6, 0x40A6, 0x40C6, 0x40C6, 0x48C6, 0x4907, 0x5107, 0x48E6, 0x48C5, 0x5106, 0x5125, 0x5105,   // 0x1BF0 (7152) pixels
0x50E5, 0x48E5, 0x5105, 0x5126, 0x5946, 0x5946, 0x40A5, 0x40A5, 0x4906, 0x4926, 0x30C4, 0x0800, 0x0000, 0x0020, 0x0000, 0x0000,   // 0x1C00 (7168) pixels
0x0000, 0x0000, 0x0000, 0x0000, 0x0000, 0x0000, 0x0000, 0x0000, 0x0000, 0x0000, 0x0000, 0x0000, 0x0000, 0x0000, 0x0000, 0x0000,   // 0x1C10 (7184) pixels
0x0000, 0x0000, 0x0000, 0x0000, 0x0000, 0x0000, 0x0000, 0x0000, 0x0000, 0x0000, 0x0000, 0x0000, 0x0000, 0x0000, 0x0000, 0x0000,   // 0x1C20 (7200) pixels
0x0000, 0x0000, 0x0000, 0x0000, 0x0000, 0x0000, 0x0000, 0x0000, 0x0000, 0x0000, 0x0000, 0x0000, 0x0000, 0x0000, 0x0000, 0x0000,   // 0x1C30 (7216) pixels
0x0000, 0x0000, 0x0000, 0x0000, 0x0000, 0x0000, 0x0000, 0x0000, 0x0000, 0x0000, 0x0000, 0x0000, 0x0000, 0x0000, 0x0000, 0x0000,   // 0x1C40 (7232) pixels
0x0000, 0x0000, 0x0000, 0x0000, 0x0000, 0x0000, 0x0000, 0x0000, 0x0000, 0x0000, 0x0000, 0x0000, 0x0000, 0x0000, 0x0000, 0x0000,   // 0x1C50 (7248) pixels
0x0000, 0x0000, 0x0000, 0x0000, 0x0000, 0x0000, 0x0000, 0x0000, 0x0000, 0x0000, 0x0000, 0x0000, 0x0000, 0x0000, 0x0000, 0x0000,   // 0x1C60 (7264) pixels
0x0000, 0x0000, 0x0000, 0x0000, 0x1000, 0x9B05, 0xFC85, 0xFC65, 0xF46B, 0x9206, 0x8103, 0xA1C4, 0xC225, 0xD2A5, 0xC261, 0xBA44,   // 0x1C70 (7280) pixels
0x91A4, 0x8161, 0xC3A5, 0x91E0, 0x7142, 0x6144, 0x48C5, 0x40C6, 0x40A5, 0x48E6, 0x40E6, 0x3886, 0x2065, 0x1004, 0x0003, 0x0023,   // 0x1C80 (7296) pixels
0x0002, 0x0001, 0x0021, 0x0000, 0x0021, 0x0001, 0x2063, 0x1002, 0x1002, 0x1002, 0x1002, 0x1002, 0x0002, 0x3842, 0xAA07, 0xA9A2,   // 0x1C90 (7312) pixels
0xBA64, 0xC368, 0x7901, 0x70A2, 0xA9A6, 0xA9E7, 0x9163, 0xA264, 0xDC46, 0xF4E4, 0xFD04, 0xFCA5, 0xB389, 0x58A2, 0x48A5, 0x48E6,   // 0x1CA0 (7328) pixels
0x40C5, 0x3084, 0x40E5, 0x5106, 0x50E5, 0x50E5, 0x48C5, 0x48C5, 0x48C5, 0x40A5, 0x48C5, 0x5126, 0x4925, 0x4905, 0x48E5, 0x4905,   // 0x1CB0 (7344) pixels
0x4905, 0x4905, 0x4905, 0x4926, 0x3064, 0x3884, 0x48C6, 0x4906, 0x38C4, 0x1841, 0x0000, 0x0020, 0x0000, 0x0000, 0x0000, 0x0000,   // 0x1CC0 (7360) pixels
0x0000, 0x0000, 0x0000, 0x0000, 0x0000, 0x0000, 0x0000, 0x0000, 0x0000, 0x0000, 0x0000, 0x0000, 0x0000, 0x0000, 0x0000, 0x0000,   // 0x1CD0 (7376) pixels
0x0000, 0x0000, 0x0000, 0x0000, 0x0000, 0x0000, 0x0000, 0x0000, 0x0000, 0x0000, 0x0000, 0x0000, 0x0000, 0x0000, 0x0000, 0x0000,   // 0x1CE0 (7392) pixels
0x0000, 0x0000, 0x0000, 0x0000, 0x0000, 0x0000, 0x0000, 0x0000, 0x0000, 0x0000, 0x0000, 0x0000, 0x0000, 0x0000, 0x0000, 0x0000,   // 0x1CF0 (7408) pixels
0x0000, 0x0000, 0x0000, 0x0000, 0x0000, 0x0000, 0x0000, 0x0000, 0x0000, 0x0000, 0x0000, 0x0000, 0x0000, 0x0000, 0x0000, 0x0000,   // 0x1D00 (7424) pixels
0x0000, 0x0000, 0x0000, 0x0000, 0x0000, 0x0000, 0x0000, 0x0000, 0x0000, 0x0000, 0x0000, 0x0000, 0x0000, 0x0000, 0x0000, 0x0000,   // 0x1D10 (7440) pixels
0x0000, 0x0000, 0x0000, 0x0000, 0x0000, 0x0000, 0x0000, 0x0000, 0x0000, 0x0000, 0x0000, 0x0000, 0x0000, 0x0000, 0x0000, 0x0000,   // 0x1D20 (7456) pixels
0x0000, 0x0000, 0x1000, 0x9B67, 0xED07, 0xDBE2, 0xB2C4, 0x7921, 0x89A2, 0xB2C3, 0xD223, 0xDA44, 0xD263, 0xCAA5, 0xA1C6, 0x6882,   // 0x1D30 (7472) pixels
0xAAE7, 0xD42A, 0xCBC8, 0x92A7, 0x48E3, 0x40E5, 0x40C5, 0x40A4, 0x48A5, 0x48A6, 0x38A6, 0x2844, 0x0802, 0x0022, 0x0021, 0x0021,   // 0x1D40 (7488) pixels
0x0001, 0x0042, 0x0021, 0x1021, 0x5167, 0x5106, 0x40C5, 0x38E6, 0x2886, 0x28A7, 0x0002, 0x4083, 0xAA27, 0xA9A1, 0xB283, 0xB306,   // 0x1D50 (7504) pixels
0x68E1, 0x9208, 0xC9A3, 0xCA04, 0xA163, 0x80E2, 0xB304, 0xF4E3, 0xF4C2, 0xF466, 0xBB89, 0x58C2, 0x50C6, 0x48E6, 0x4925, 0x40E4,   // 0x1D60 (7520) pixels
0x4905, 0x5105, 0x50E4, 0x5104, 0x5104, 0x5105, 0x48E4, 0x3883, 0x3883, 0x40C4, 0x4126, 0x4926, 0x4926, 0x4906, 0x40C4, 0x3063,   // 0x1D70 (7536) pixels
0x3063, 0x3083, 0x2023, 0x3064, 0x40C6, 0x5106, 0x40E5, 0x2883, 0x0840, 0x0020, 0x0000, 0x0000, 0x0000, 0x0000, 0x0000, 0x0000,   // 0x1D80 (7552) pixels
0x0000, 0x0000, 0x0000, 0x0000, 0x0000, 0x0000, 0x0000, 0x0000, 0x0000, 0x0000, 0x0000, 0x0000, 0x0000, 0x0000, 0x0000, 0x0000,   // 0x1D90 (7568) pixels
0x0000, 0x0000, 0x0000, 0x0000, 0x0000, 0x0000, 0x0000, 0x0000, 0x0000, 0x0000, 0x0000, 0x0000, 0x0000, 0x0000, 0x0000, 0x0000,   // 0x1DA0 (7584) pixels
0x0000, 0x0000, 0x0000, 0x0000, 0x0000, 0x0000, 0x0000, 0x0000, 0x0000, 0x0000, 0x0000, 0x0000, 0x0000, 0x0000, 0x0000, 0x0000,   // 0x1DB0 (7600) pixels
0x0000, 0x0000, 0x0000, 0x0000, 0x0000, 0x0000, 0x0000, 0x0000, 0x0000, 0x0000, 0x0000, 0x0000, 0x0000, 0x0000, 0x0000, 0x0000,   // 0x1DC0 (7616) pixels
0x0000, 0x0000, 0x0000, 0x0000, 0x0000, 0x0000, 0x0000, 0x0000, 0x0000, 0x0000, 0x0000, 0x0000, 0x0000, 0x0000, 0x0000, 0x0000,   // 0x1DD0 (7632) pixels
0x0000, 0x0000, 0x0000, 0x0000, 0x0000, 0x0000, 0x0000, 0x0000, 0x0000, 0x0000, 0x0000, 0x0000, 0x0000, 0x0000, 0x0000, 0x0000,   // 0x1DE0 (7648) pixels
0x1000, 0xA3A5, 0xECA3, 0xE3E4, 0x9A04, 0x7922, 0x9182, 0xCAC4, 0xDA44, 0xD243, 0xC262, 0xC2C4, 0x99A5, 0x7042, 0xA1C3, 0xEC45,   // 0x1DF0 (7664) pixels
0xF4A4, 0xAAE5, 0x5084, 0x48C8, 0x40A6, 0x48E4, 0x40C5, 0x38A6, 0x38A7, 0x2845, 0x0803, 0x0002, 0x0002, 0x0002, 0x0002, 0x0002,   // 0x1E00 (7680) pixels
0x0002, 0x1802, 0x71A8, 0x8187, 0x70E3, 0x7965, 0x81E7, 0x79A6, 0x1863, 0x5125, 0x9248, 0x9A45, 0xAA85, 0xAAA5, 0x8921, 0xB206,   // 0x1E10 (7696) pixels
0xC1E5, 0xC1E3, 0xB1C3, 0x8100, 0xB303, 0xECC4, 0xF483, 0xFCC6, 0xBBA7, 0x50C1, 0x4105, 0x4105, 0x5104, 0x58E4, 0x50E6, 0x4907,   // 0x1E20 (7712) pixels
0x3083, 0x38E4, 0x4926, 0x4905, 0x40E5, 0x40A4, 0x40A4, 0x40C4, 0x4904, 0x4904, 0x4925, 0x4105, 0x38C4, 0x3083, 0x3083, 0x3064,   // 0x1E30 (7728) pixels
0x38C4, 0x48E6, 0x48C6, 0x50C6, 0x4907, 0x28A4, 0x0821, 0x0020, 0x0000, 0x0000, 0x0000, 0x0000, 0x0000, 0x0000, 0x0000, 0x0000,   // 0x1E40 (7744) pixels
0x0000, 0x0000, 0x0000, 0x0000, 0x0000, 0x0000, 0x0000, 0x0000, 0x0000, 0x0000, 0x0000, 0x0000, 0x0000, 0x0000, 0x0000, 0x0000,   // 0x1E50 (7760) pixels
0x0000, 0x0000, 0x0000, 0x0000, 0x0000, 0x0000, 0x0000, 0x0000, 0x0000, 0x0000, 0x0000, 0x0000, 0x0000, 0x0000, 0x0000, 0x0000,   // 0x1E60 (7776) pixels
0x0000, 0x0000, 0x0000, 0x0000, 0x0000, 0x0000, 0x0000, 0x0000, 0x0000, 0x0000, 0x0000, 0x0000, 0x0000, 0x0000, 0x0000, 0x0000,   // 0x1E70 (7792) pixels
0x0000, 0x0000, 0x0000, 0x0000, 0x0000, 0x0000, 0x0000, 0x0000, 0x0000, 0x0000, 0x0000, 0x0000, 0x0000, 0x0000, 0x0000, 0x0000,   // 0x1E80 (7808) pixels
0x0000, 0x0000, 0x0000, 0x0000, 0x0000, 0x0000, 0x0000, 0x0000, 0x0000, 0x0000, 0x0000, 0x0000, 0x0000, 0x0000, 0x0000, 0x0000,   // 0x1E90 (7824) pixels
0x0000, 0x0000, 0x0000, 0x0000, 0x0000, 0x0000, 0x0000, 0x0000, 0x0000, 0x0000, 0x0000, 0x0000, 0x0000, 0x0000, 0x1000, 0xABA5,   // 0x1EA0 (7840) pixels
0xFCC3, 0xF445, 0xA245, 0x7145, 0x8984, 0xBA65, 0xDA64, 0xCA21, 0xC2A1, 0xB263, 0x8923, 0x78A2, 0xC2E5, 0xEC43, 0xE444, 0xA2A4,   // 0x1EB0 (7856) pixels
0x4863, 0x4087, 0x4085, 0x40C4, 0x40A5, 0x3066, 0x3086, 0x2044, 0x0803, 0x0002, 0x0002, 0x0002, 0x0002, 0x0002, 0x0001, 0x1001,   // 0x1EC0 (7872) pixels
0x6987, 0x8187, 0x7124, 0x7165, 0x79C7, 0x79C7, 0x4127, 0x48C5, 0x6945, 0x7143, 0x7982, 0x9224, 0x8921, 0xB1E4, 0xC1E5, 0xC1E5,   // 0x1ED0 (7888) pixels
0xCA67, 0x8922, 0xAAA4, 0xF4E7, 0xEC85, 0xEC46, 0xBB67, 0x50C1, 0x4926, 0x4906, 0x50E4, 0x50C4, 0x50E5, 0x48E6, 0x3063, 0x38A4,   // 0x1EE0 (7904) pixels
0x40E5, 0x4906, 0x4905, 0x4905, 0x5105, 0x5126, 0x4904, 0x4905, 0x4905, 0x4905, 0x40E5, 0x40E5, 0x40E6, 0x4906, 0x40E5, 0x4906,   // 0x1EF0 (7920) pixels
0x48E6, 0x48E6, 0x48E5, 0x2883, 0x0000, 0x0020, 0x0000, 0x0000, 0x0000, 0x0000, 0x0000, 0x0000, 0x0000, 0x0000, 0x0000, 0x0000,   // 0x1F00 (7936) pixels
0x0000, 0x0000, 0x0000, 0x0000, 0x0000, 0x0000, 0x0000, 0x0000, 0x0000, 0x0000, 0x0000, 0x0000, 0x0000, 0x0000, 0x0000, 0x0000,   // 0x1F10 (7952) pixels
0x0000, 0x0000, 0x0000, 0x0000, 0x0000, 0x0000, 0x0000, 0x0000, 0x0000, 0x0000, 0x0000, 0x0000, 0x0000, 0x0000, 0x0000, 0x0000,   // 0x1F20 (7968) pixels
0x0000, 0x0000, 0x0000, 0x0000, 0x0000, 0x0000, 0x0000, 0x0000, 0x0000, 0x0000, 0x0000, 0x0000, 0x0000, 0x0000, 0x0000, 0x0000,   // 0x1F30 (7984) pixels
0x0000, 0x0000, 0x0000, 0x0000, 0x0000, 0x0000, 0x0000, 0x0000, 0x0000, 0x0000, 0x0000, 0x0000, 0x0000, 0x0000, 0x0000, 0x0000,   // 0x1F40 (8000) pixels
0x0000, 0x0000, 0x0000, 0x0000, 0x0000, 0x0000, 0x0000, 0x0000, 0x0000, 0x0000, 0x0000, 0x0000, 0x0000, 0x0000, 0x0000, 0x0000,   // 0x1F50 (8016) pixels
0x0000, 0x0000, 0x0000, 0x0000, 0x0000, 0x0000, 0x0000, 0x0000, 0x0000, 0x0000, 0x0000, 0x0000, 0x1000, 0xB3C7, 0xFCC5, 0xEC04,   // 0x1F60 (8032) pixels
0x9A24, 0x79A5, 0x89C5, 0xA1C4, 0xC203, 0xCA83, 0xCAE4, 0xA1C3, 0x9143, 0x9141, 0xDBC5, 0xEC63, 0xEC66, 0xA2C6, 0x4863, 0x3845,   // 0x1F70 (8048) pixels
0x3044, 0x38A4, 0x3065, 0x2826, 0x2045, 0x1824, 0x0803, 0x0002, 0x0002, 0x0002, 0x0002, 0x0003, 0x0021, 0x0800, 0x5946, 0x6966,   // 0x1F80 (8064) pixels
0x60E4, 0x58C3, 0x5904, 0x6105, 0x5968, 0x48A5, 0x50E5, 0x48A3, 0x50C2, 0x79A4, 0x8942, 0xB1E4, 0xC9E4, 0xB982, 0xC226, 0x8923,   // 0x1F90 (8080) pixels
0xAAA5, 0xF4A7, 0xF484, 0xF487, 0xC3A8, 0x58E1, 0x5106, 0x48E6, 0x50C5, 0x50C5, 0x50E6, 0x48E5, 0x40A5, 0x40C5, 0x48E6, 0x48E6,   // 0x1FA0 (8096) pixels
0x48E6, 0x48C5, 0x48C5, 0x48C5, 0x48E4, 0x40E5, 0x48E5, 0x48E5, 0x4906, 0x4906, 0x4906, 0x4906, 0x4125, 0x4926, 0x4906, 0x48E6,   // 0x1FB0 (8112) pixels
0x40E5, 0x2882, 0x0800, 0x0000, 0x0000, 0x0000, 0x0000, 0x0000, 0x0000, 0x0000, 0x0000, 0x0000, 0x0000, 0x0000, 0x0000, 0x0000,   // 0x1FC0 (8128) pixels
0x0000, 0x0000, 0x0000, 0x0000, 0x0000, 0x0000, 0x0000, 0x0000, 0x0000, 0x0000, 0x0000, 0x0000, 0x0000, 0x0000, 0x0000, 0x0000,   // 0x1FD0 (8144) pixels
0x0000, 0x0000, 0x0000, 0x0000, 0x0000, 0x0000, 0x0000, 0x0000, 0x0000, 0x0000, 0x0000, 0x0000, 0x0000, 0x0000, 0x0000, 0x0000,   // 0x1FE0 (8160) pixels
0x0000, 0x0000, 0x0000, 0x0000, 0x0000, 0x0000, 0x0000, 0x0000, 0x0000, 0x0000, 0x0000, 0x0000, 0x0000, 0x0000, 0x0000, 0x0000,   // 0x1FF0 (8176) pixels
0x0000, 0x0000, 0x0000, 0x0000, 0x0000, 0x0000, 0x0000, 0x0000, 0x0000, 0x0000, 0x0000, 0x0000, 0x0000, 0x0000, 0x0000, 0x0000,   // 0x2000 (8192) pixels
0x0000, 0x0000, 0x0000, 0x0000, 0x0000, 0x0000, 0x0000, 0x0000, 0x0000, 0x0000, 0x0000, 0x0000, 0x0000, 0x0000, 0x0000, 0x0000,   // 0x2010 (8208) pixels
0x0000, 0x0000, 0x0000, 0x0000, 0x0000, 0x0000, 0x0000, 0x0000, 0x0000, 0x0000, 0x0800, 0xABCA, 0xECC9, 0xEC67, 0xCBA6, 0xB347,   // 0x2020 (8224) pixels
0xA285, 0x8120, 0xA143, 0xB205, 0xA9E4, 0x8922, 0xC306, 0xCB63, 0xF4A6, 0xEC45, 0xDC49, 0xA2E8, 0x48C5, 0x3865, 0x3065, 0x3885,   // 0x2030 (8240) pixels
0x2825, 0x1805, 0x1003, 0x0803, 0x0002, 0x0002, 0x0002, 0x0002, 0x0002, 0x0002, 0x0020, 0x0800, 0x4926, 0x5905, 0x5905, 0x48C4,   // 0x2040 (8256) pixels
0x50E5, 0x58E6, 0x5106, 0x48E5, 0x5106, 0x48C5, 0x50A3, 0x7985, 0x8163, 0x9183, 0xD1E3, 0xCA03, 0xBA05, 0x8922, 0xC2E5, 0xF484,   // 0x2050 (8272) pixels
0xFC83, 0xF4A5, 0xC3CA, 0x58E2, 0x48A5, 0x48E6, 0x48E5, 0x50C6, 0x50E6, 0x4905, 0x48E7, 0x48E7, 0x48E7, 0x48E7, 0x48E6, 0x48C6,   // 0x2060 (8288) pixels
0x48C6, 0x48C5, 0x40C5, 0x40E5, 0x40E6, 0x4906, 0x4906, 0x40E6, 0x38C6, 0x38A5, 0x30C5, 0x38C5, 0x38A5, 0x38A5, 0x38A5, 0x2063,   // 0x2070 (8304) pixels
0x0800, 0x0000, 0x0000, 0x0000, 0x0000, 0x0000, 0x0000, 0x0000, 0x0000, 0x0000, 0x0000, 0x0000, 0x0000, 0x0000, 0x0000, 0x0000,   // 0x2080 (8320) pixels
0x0000, 0x0000, 0x0000, 0x0000, 0x0000, 0x0000, 0x0000, 0x0000, 0x0000, 0x0000, 0x0000, 0x0000, 0x0000, 0x0000, 0x0000, 0x0000,   // 0x2090 (8336) pixels
0x0000, 0x0000, 0x0000, 0x0000, 0x0000, 0x0000, 0x0000, 0x0000, 0x0000, 0x0000, 0x0000, 0x0000, 0x0000, 0x0000, 0x0000, 0x0000,   // 0x20A0 (8352) pixels
0x0000, 0x0000, 0x0000, 0x0000, 0x0000, 0x0000, 0x0000, 0x0000, 0x0000, 0x0000, 0x0000, 0x0000, 0x0000, 0x0000, 0x0000, 0x0000,   // 0x20B0 (8368) pixels
0x0000, 0x0000, 0x0000, 0x0000, 0x0000, 0x0000, 0x0000, 0x0000, 0x0000, 0x0000, 0x0000, 0x0000, 0x0000, 0x0000, 0x0000, 0x0000,   // 0x20C0 (8384) pixels
0x0000, 0x0000, 0x0000, 0x0000, 0x0000, 0x0000, 0x0000, 0x0000, 0x0000, 0x0000, 0x0000, 0x0000, 0x0000, 0x0000, 0x0000, 0x0000,   // 0x20D0 (8400) pixels
0x0000, 0x0000, 0x0000, 0x0000, 0x0000, 0x0000, 0x0000, 0x0000, 0x1020, 0x4985, 0x5941, 0xA2A2, 0xECA6, 0xFD27, 0xDC25, 0x9A61,   // 0x20E0 (8416) pixels
0x9124, 0x9104, 0x80C3, 0x9142, 0xE446, 0xECA2, 0xF4A5, 0xBAA4, 0x89E3, 0x6964, 0x3884, 0x3085, 0x3085, 0x3085, 0x1824, 0x0805,   // 0x20F0 (8432) pixels
0x0802, 0x0003, 0x0003, 0x0002, 0x0002, 0x0002, 0x0002, 0x0002, 0x0000, 0x0800, 0x4125, 0x40C4, 0x4905, 0x4905, 0x5106, 0x5906,   // 0x2100 (8448) pixels
0x4925, 0x4926, 0x5106, 0x50A5, 0x5884, 0x89C7, 0x8185, 0x68C1, 0xA964, 0xCAA8, 0xA1E5, 0x70C0, 0xC325, 0xF485, 0xFCE5, 0xCC04,   // 0x2110 (8464) pixels
0xB349, 0x6124, 0x48E6, 0x48E6, 0x40C6, 0x48C6, 0x40E6, 0x4105, 0x3886, 0x3886, 0x3885, 0x3885, 0x3885, 0x3885, 0x3065, 0x3065,   // 0x2120 (8480) pixels
0x2864, 0x3084, 0x3085, 0x30A5, 0x30A5, 0x2885, 0x2044, 0x1803, 0x1804, 0x1824, 0x2004, 0x2005, 0x2024, 0x1002, 0x0001, 0x0000,   // 0x2130 (8496) pixels
0x0000, 0x0000, 0x0000, 0x0000, 0x0000, 0x0000, 0x0000, 0x0000, 0x0000, 0x0000, 0x0000, 0x0000, 0x0000, 0x0000, 0x0000, 0x0000,   // 0x2140 (8512) pixels
0x0000, 0x0000, 0x0000, 0x0000, 0x0000, 0x0000, 0x0000, 0x0000, 0x0000, 0x0000, 0x0000, 0x0000, 0x0000, 0x0000, 0x0000, 0x0000,   // 0x2150 (8528) pixels
0x0000, 0x0000, 0x0000, 0x0000, 0x0000, 0x0000, 0x0000, 0x0000, 0x0000, 0x0000, 0x0000, 0x0000, 0x0000, 0x0000, 0x0000, 0x0000,   // 0x2160 (8544) pixels
0x0000, 0x0000, 0x0000, 0x0000, 0x0000, 0x0000, 0x0000, 0x0000, 0x0000, 0x0000, 0x0000, 0x0000, 0x0000, 0x0000, 0x0000, 0x0000,   // 0x2170 (8560) pixels
0x0000, 0x0000, 0x0000, 0x0000, 0x0000, 0x0000, 0x0000, 0x0000, 0x0000, 0x0000, 0x0000, 0x0000, 0x0000, 0x0000, 0x0000, 0x0000,   // 0x2180 (8576) pixels
0x0000, 0x0000, 0x0000, 0x0000, 0x0000, 0x0000, 0x0000, 0x0000, 0x0000, 0x0000, 0x0000, 0x0000, 0x0000, 0x0000, 0x0000, 0x0000,   // 0x2190 (8592) pixels
0x0000, 0x0000, 0x0000, 0x0000, 0x0000, 0x0000, 0x0000, 0x0001, 0x0800, 0x82C4, 0xF506, 0xFCC3, 0xF4E5, 0xE4E7, 0xAA26, 0x80C2,   // 0x21A0 (8608) pixels
0x8903, 0xBAC4, 0xECC4, 0xF503, 0xF4C8, 0x9183, 0x4881, 0x3862, 0x3084, 0x30C6, 0x2064, 0x1823, 0x1003, 0x0004, 0x0002, 0x0023,   // 0x21B0 (8624) pixels
0x0003, 0x0002, 0x0002, 0x0002, 0x0002, 0x0002, 0x0001, 0x1001, 0x40E6, 0x3043, 0x40E6, 0x4906, 0x5106, 0x58E6, 0x5187, 0x4966,   // 0x21C0 (8640) pixels
0x4906, 0x50C5, 0x5863, 0x91A7, 0x9206, 0x68C0, 0x78E5, 0x89A6, 0x6902, 0x7142, 0xCBC7, 0xEC65, 0xE487, 0x8A63, 0x6964, 0x48A3,   // 0x21D0 (8656) pixels
0x40E5, 0x2884, 0x2003, 0x2025, 0x2024, 0x2043, 0x2024, 0x2004, 0x1804, 0x1803, 0x1803, 0x1803, 0x1002, 0x1002, 0x1003, 0x1003,   // 0x21E0 (8672) pixels
0x1003, 0x1003, 0x1003, 0x1003, 0x0802, 0x0802, 0x0804, 0x0803, 0x0803, 0x0804, 0x0803, 0x0802, 0x0001, 0x0000, 0x0000, 0x0000,   // 0x21F0 (8688) pixels
0x0000, 0x0000, 0x0000, 0x0000, 0x0000, 0x0000, 0x0000, 0x0000, 0x0000, 0x0000, 0x0000, 0x0000, 0x0000, 0x0000, 0x0000, 0x0000,   // 0x2200 (8704) pixels
0x0000, 0x0000, 0x0000, 0x0000, 0x0000, 0x0000, 0x0000, 0x0000, 0x0000, 0x0000, 0x0000, 0x0000, 0x0000, 0x0000, 0x0000, 0x0000,   // 0x2210 (8720) pixels
0x0000, 0x0000, 0x0000, 0x0000, 0x0000, 0x0000, 0x0000, 0x0000, 0x0000, 0x0000, 0x0000, 0x0000, 0x0000, 0x0000, 0x0000, 0x0000,   // 0x2220 (8736) pixels
0x0000, 0x0000, 0x0000, 0x0000, 0x0000, 0x0000, 0x0000, 0x0000, 0x0000, 0x0000, 0x0000, 0x0000, 0x0000, 0x0000, 0x0000, 0x0000,   // 0x2230 (8752) pixels
0x0000, 0x0000, 0x0000, 0x0000, 0x0000, 0x0000, 0x0000, 0x0000, 0x0000, 0x0000, 0x0000, 0x0000, 0x0000, 0x0000, 0x0000, 0x0000,   // 0x2240 (8768) pixels
0x0000, 0x0000, 0x0000, 0x0000, 0x0000, 0x0000, 0x0000, 0x0000, 0x0000, 0x0000, 0x0000, 0x0000, 0x0000, 0x0000, 0x0000, 0x0000,   // 0x2250 (8784) pixels
0x0000, 0x0000, 0x0000, 0x0000, 0x0020, 0x0001, 0x0821, 0x8B88, 0xF56B, 0xF4C7, 0xFD28, 0xF546, 0xD3A5, 0xAA62, 0xB2A2, 0xE445,   // 0x2260 (8800) pixels
0xECC5, 0xECE7, 0xF4EC, 0x91E4, 0x5107, 0x38A5, 0x30C6, 0x28C6, 0x1843, 0x0802, 0x0003, 0x0003, 0x0002, 0x0002, 0x0002, 0x0002,   // 0x2270 (8816) pixels
0x0802, 0x0803, 0x0802, 0x0002, 0x0802, 0x1002, 0x38C6, 0x2823, 0x4106, 0x4947, 0x5106, 0x58E6, 0x5106, 0x40E5, 0x30A4, 0x48E5,   // 0x2280 (8832) pixels
0x58A3, 0x89A6, 0xAA46, 0x91A2, 0x60C4, 0x5080, 0x7181, 0xAB45, 0xF4C7, 0xFC85, 0xEC89, 0x71C4, 0x4883, 0x48C5, 0x4947, 0x28A4,   // 0x2290 (8848) pixels
0x1003, 0x1025, 0x1004, 0x1043, 0x0803, 0x0803, 0x0803, 0x0803, 0x0803, 0x0803, 0x0003, 0x0003, 0x0003, 0x0003, 0x0003, 0x0003,   // 0x22A0 (8864) pixels
0x0003, 0x0003, 0x0003, 0x0003, 0x0023, 0x0003, 0x0003, 0x0003, 0x0002, 0x0001, 0x0000, 0x0020, 0x0000, 0x0000, 0x0000, 0x0000,   // 0x22B0 (8880) pixels
0x0000, 0x0000, 0x0000, 0x0000, 0x0000, 0x0000, 0x0000, 0x0000, 0x0000, 0x0000, 0x0000, 0x0000, 0x0000, 0x0000, 0x0000, 0x0000,   // 0x22C0 (8896) pixels
0x0000, 0x0000, 0x0000, 0x0000, 0x0000, 0x0000, 0x0000, 0x0000, 0x0000, 0x0000, 0x0000, 0x0000, 0x0000, 0x0000, 0x0000, 0x0000,   // 0x22D0 (8912) pixels
0x0000, 0x0000, 0x0000, 0x0000, 0x0000, 0x0000, 0x0000, 0x0000, 0x0000, 0x0000, 0x0000, 0x0000, 0x0000, 0x0000, 0x0000, 0x0000,   // 0x22E0 (8928) pixels
0x0000, 0x0000, 0x0000, 0x0000, 0x0000, 0x0000, 0x0000, 0x0000, 0x0000, 0x0000, 0x0000, 0x0000, 0x0000, 0x0000, 0x0000, 0x0000,   // 0x22F0 (8944) pixels
0x0000, 0x0000, 0x0000, 0x0000, 0x0000, 0x0000, 0x0000, 0x0000, 0x0000, 0x0000, 0x0000, 0x0000, 0x0000, 0x0000, 0x0000, 0x0000,   // 0x2300 (8960) pixels
0x0000, 0x0000, 0x0000, 0x0000, 0x0000, 0x0000, 0x0000, 0x0000, 0x0000, 0x0000, 0x0000, 0x0000, 0x0000, 0x0000, 0x0000, 0x0000,   // 0x2310 (8976) pixels
0x0000, 0x0000, 0x0020, 0x0021, 0x0000, 0x4160, 0x71C0, 0x9201, 0xDC06, 0xECC4, 0xF4E5, 0xF4C5, 0xECA3, 0xF503, 0xCBE2, 0xB304,   // 0x2320 (8992) pixels
0xBB28, 0x8180, 0x40C7, 0x1804, 0x1003, 0x1023, 0x0802, 0x0802, 0x0043, 0x0003, 0x0002, 0x0003, 0x0803, 0x1003, 0x1844, 0x1865,   // 0x2330 (9008) pixels
0x1865, 0x1844, 0x1023, 0x1003, 0x30A6, 0x2003, 0x38E6, 0x38C5, 0x4064, 0x4843, 0x4003, 0x2802, 0x1002, 0x38C5, 0x5905, 0x89A5,   // 0x2340 (9024) pixels
0xB245, 0xB222, 0x9AA7, 0x8201, 0xCC46, 0xF528, 0xFC82, 0xFC20, 0xFCA9, 0x7984, 0x3002, 0x38A5, 0x3926, 0x1863, 0x0002, 0x0804,   // 0x2350 (9040) pixels
0x0004, 0x0803, 0x0004, 0x0003, 0x0003, 0x0003, 0x0023, 0x0023, 0x0023, 0x0023, 0x0003, 0x0003, 0x0003, 0x0003, 0x0003, 0x0003,   // 0x2360 (9056) pixels
0x0002, 0x0002, 0x0022, 0x0001, 0x0001, 0x0001, 0x0000, 0x0000, 0x0020, 0x0020, 0x0000, 0x0000, 0x0000, 0x0000, 0x0000, 0x0000,   // 0x2370 (9072) pixels
0x0000, 0x0000, 0x0000, 0x0000, 0x0000, 0x0000, 0x0000, 0x0000, 0x0000, 0x0000, 0x0000, 0x0000, 0x0000, 0x0000, 0x0000, 0x0000,   // 0x2380 (9088) pixels
0x0000, 0x0000, 0x0000, 0x0000, 0x0000, 0x0000, 0x0000, 0x0000, 0x0000, 0x0000, 0x0000, 0x0000, 0x0000, 0x0000, 0x0000, 0x0000,   // 0x2390 (9104) pixels
0x0000, 0x0000, 0x0000, 0x0000, 0x0000, 0x0000, 0x0000, 0x0000, 0x0000, 0x0000, 0x0000, 0x0000, 0x0000, 0x0000, 0x0000, 0x0000,   // 0x23A0 (9120) pixels
0x0000, 0x0000, 0x0000, 0x0000, 0x0000, 0x0000, 0x0000, 0x0000, 0x0000, 0x0000, 0x0000, 0x0000, 0x0000, 0x0000, 0x0000, 0x0000,   // 0x23B0 (9136) pixels
0x0000, 0x0000, 0x0000, 0x0000, 0x0000, 0x0000, 0x0000, 0x0000, 0x0000, 0x0000, 0x0000, 0x0000, 0x0000, 0x0000, 0x0000, 0x0000,   // 0x23C0 (9152) pixels
0x0000, 0x0000, 0x0000, 0x0000, 0x0000, 0x0000, 0x0000, 0x0000, 0x0000, 0x0000, 0x0000, 0x0000, 0x0000, 0x0000, 0x0000, 0x0000,   // 0x23D0 (9168) pixels
0x0001, 0x0000, 0x0820, 0x0000, 0x0000, 0x4941, 0xD467, 0xF4C2, 0xFC87, 0xFCE6, 0xFD05, 0xF528, 0xC3C8, 0x60C1, 0x5063, 0x58E6,   // 0x23E0 (9184) pixels
0x20C5, 0x1023, 0x0001, 0x0002, 0x0022, 0x0001, 0x0001, 0x0022, 0x0020, 0x0844, 0x0805, 0x1806, 0x4067, 0x50A7, 0x40A7, 0x1826,   // 0x23F0 (9200) pixels
0x2006, 0x2005, 0x1805, 0x2045, 0x2866, 0x2865, 0x2024, 0x2003, 0x1826, 0x1845, 0x1003, 0x3882, 0x79A4, 0xA203, 0xBA23, 0xC243,   // 0x2400 (9216) pixels
0xCB26, 0xCB64, 0xE485, 0xFD05, 0xF4C4, 0xEC65, 0xEC89, 0x89C0, 0x1802, 0x1803, 0x1823, 0x1023, 0x0803, 0x0803, 0x0003, 0x0023,   // 0x2410 (9232) pixels
0x0803, 0x0802, 0x0803, 0x0823, 0x0002, 0x0002, 0x0022, 0x0042, 0x0004, 0x1045, 0x1845, 0x1804, 0x1803, 0x1803, 0x1003, 0x1004,   // 0x2420 (9248) pixels
0x1022, 0x0001, 0x0000, 0x0001, 0x0001, 0x0001, 0x0001, 0x0001, 0x0800, 0x0020, 0x0020, 0x0000, 0x0000, 0x0800, 0x0000, 0x0000,   // 0x2430 (9264) pixels
0x0000, 0x0000, 0x0000, 0x0000, 0x0000, 0x0000, 0x0000, 0x0000, 0x0000, 0x0000, 0x0000, 0x0000, 0x0000, 0x0000, 0x0000, 0x0000,   // 0x2440 (9280) pixels
0x0000, 0x0000, 0x0000, 0x0000, 0x0000, 0x0000, 0x0000, 0x0000, 0x0000, 0x0000, 0x0000, 0x0000, 0x0000, 0x0000, 0x0000, 0x0000,   // 0x2450 (9296) pixels
0x0000, 0x0000, 0x0000, 0x0000, 0x0000, 0x0000, 0x0000, 0x0000, 0x0000, 0x0000, 0x0000, 0x0000, 0x0000, 0x0000, 0x0000, 0x0000,   // 0x2460 (9312) pixels
0x0000, 0x0000, 0x0000, 0x0000, 0x0000, 0x0000, 0x0000, 0x0000, 0x0000, 0x0000, 0x0000, 0x0000, 0x0000, 0x0000, 0x0000, 0x0000,   // 0x2470 (9328) pixels
0x0000, 0x0000, 0x0000, 0x0000, 0x0000, 0x0000, 0x0000, 0x0000, 0x0000, 0x0000, 0x0000, 0x0000, 0x0000, 0x0000, 0x0000, 0x0000,   // 0x2480 (9344) pixels
0x0000, 0x0000, 0x0000, 0x0000, 0x0000, 0x0000, 0x0000, 0x0000, 0x0000, 0x0020, 0x0000, 0x0000, 0x0000, 0x0000, 0x0020, 0x0040,   // 0x2490 (9360) pixels
0x0020, 0x0020, 0x0001, 0x30E4, 0x8AE8, 0xAB25, 0xA326, 0xA346, 0xA305, 0x9AC5, 0x79E4, 0x4061, 0x3062, 0x2063, 0x1844, 0x0802,   // 0x24A0 (9376) pixels
0x0002, 0x0002, 0x0022, 0x0002, 0x0002, 0x0023, 0x0020, 0x0802, 0x2003, 0x4084, 0x6965, 0x7165, 0x48A5, 0x2046, 0x1003, 0x0803,   // 0x24B0 (9392) pixels
0x0802, 0x1023, 0x1002, 0x0801, 0x1002, 0x1823, 0x0002, 0x0003, 0x0802, 0x40A3, 0x89E5, 0xB265, 0xC264, 0xBA63, 0xCAA3, 0xCB23,   // 0x24C0 (9408) pixels
0xFCE7, 0xFCE5, 0xDC03, 0xC344, 0xAB28, 0x71E5, 0x1003, 0x1003, 0x1003, 0x0803, 0x0803, 0x0003, 0x0003, 0x0004, 0x0803, 0x0002,   // 0x24D0 (9424) pixels
0x0002, 0x0002, 0x0002, 0x0002, 0x0002, 0x0002, 0x0003, 0x1865, 0x30E7, 0x38E6, 0x40C6, 0x40C5, 0x38A5, 0x38C5, 0x48C4, 0x40A3,   // 0x24E0 (9440) pixels
0x40E4, 0x38E3, 0x1881, 0x0000, 0x0000, 0x0000, 0x0000, 0x0000, 0x0020, 0x0020, 0x0000, 0x0000, 0x0000, 0x0000, 0x0000, 0x0000,   // 0x24F0 (9456) pixels
0x0000, 0x0000, 0x0000, 0x0000, 0x0000, 0x0000, 0x0000, 0x0000, 0x0000, 0x0000, 0x0000, 0x0000, 0x0000, 0x0000, 0x0000, 0x0000,   // 0x2500 (9472) pixels
0x0000, 0x0000, 0x0000, 0x0000, 0x0000, 0x0000, 0x0000, 0x0000, 0x0000, 0x0000, 0x0000, 0x0000, 0x0000, 0x0000, 0x0000, 0x0000,   // 0x2510 (9488) pixels
0x0000, 0x0000, 0x0000, 0x0000, 0x0000, 0x0000, 0x0000, 0x0000, 0x0000, 0x0000, 0x0000, 0x0000, 0x0000, 0x0000, 0x0000, 0x0000,   // 0x2520 (9504) pixels
0x0000, 0x0000, 0x0000, 0x0000, 0x0000, 0x0000, 0x0000, 0x0000, 0x0000, 0x0000, 0x0000, 0x0000, 0x0000, 0x0000, 0x0000, 0x0000,   // 0x2530 (9520) pixels
0x0000, 0x0000, 0x0000, 0x0000, 0x0000, 0x0000, 0x0000, 0x0000, 0x0000, 0x0000, 0x0000, 0x0000, 0x0000, 0x0000, 0x0000, 0x0000,   // 0x2540 (9536) pixels
0x0000, 0x0000, 0x0000, 0x0000, 0x0000, 0x0000, 0x0000, 0x0000, 0x0000, 0x0000, 0x0000, 0x0001, 0x0000, 0x1880, 0x1020, 0x1840,   // 0x2550 (9552) pixels
0x1821, 0x1801, 0x3021, 0x3800, 0x2860, 0x2020, 0x2021, 0x2862, 0x2041, 0x0800, 0x0821, 0x0001, 0x0802, 0x0002, 0x0002, 0x0002,   // 0x2560 (9568) pixels
0x0022, 0x0002, 0x0002, 0x0022, 0x0002, 0x2823, 0x6125, 0x9A84, 0xD406, 0xC386, 0x6124, 0x1804, 0x0023, 0x0023, 0x0002, 0x0001,   // 0x2570 (9584) pixels
0x0001, 0x0002, 0x0002, 0x0002, 0x0001, 0x0001, 0x0002, 0x30A3, 0x6964, 0x9A05, 0xBA65, 0xBA65, 0xCA83, 0xD2E3, 0xFD09, 0xF466,   // 0x2580 (9600) pixels
0xBAE2, 0x7961, 0x3841, 0x2003, 0x0803, 0x0803, 0x0803, 0x0803, 0x0003, 0x0004, 0x0004, 0x0004, 0x0802, 0x0002, 0x0002, 0x0002,   // 0x2590 (9616) pixels
0x0002, 0x0803, 0x1824, 0x1804, 0x1003, 0x2844, 0x38A5, 0x40A5, 0x50E5, 0x5926, 0x5925, 0x5925, 0x6126, 0x6125, 0x6186, 0x5985,   // 0x25A0 (9632) pixels
0x3903, 0x2060, 0x1020, 0x1020, 0x0821, 0x0000, 0x0020, 0x0041, 0x0000, 0x0000, 0x0000, 0x0020, 0x0000, 0x0000, 0x0000, 0x0000,   // 0x25B0 (9648) pixels
0x0000, 0x0000, 0x0000, 0x0000, 0x0000, 0x0000, 0x0000, 0x0000, 0x0000, 0x0000, 0x0000, 0x0000, 0x0000, 0x0000, 0x0000, 0x0000,   // 0x25C0 (9664) pixels
0x0000, 0x0000, 0x0000, 0x0000, 0x0000, 0x0000, 0x0000, 0x0000, 0x0000, 0x0000, 0x0000, 0x0000, 0x0000, 0x0000, 0x0000, 0x0000,   // 0x25D0 (9680) pixels
0x0000, 0x0000, 0x0000, 0x0000, 0x0000, 0x0000, 0x0000, 0x0000, 0x0000, 0x0000, 0x0000, 0x0000, 0x0000, 0x0000, 0x0000, 0x0000,   // 0x25E0 (9696) pixels
0x0000, 0x0000, 0x0000, 0x0000, 0x0000, 0x0000, 0x0000, 0x0000, 0x0000, 0x0000, 0x0000, 0x0000, 0x0000, 0x0000, 0x0000, 0x0000,   // 0x25F0 (9712) pixels
0x0000, 0x0000, 0x0000, 0x0000, 0x0000, 0x0000, 0x0000, 0x0000, 0x0000, 0x0000, 0x0000, 0x0000, 0x0000, 0x0000, 0x0000, 0x0000,   // 0x2600 (9728) pixels
0x0000, 0x0000, 0x0000, 0x0000, 0x0000, 0x0020, 0x0000, 0x0000, 0x0000, 0x0000, 0x71E4, 0xB3A9, 0xBB87, 0xBB86, 0xBBA7, 0xBB87,   // 0x2610 (9744) pixels
0xBB67, 0xBB05, 0xAB2A, 0x5124, 0x0801, 0x0002, 0x0001, 0x0001, 0x0002, 0x0003, 0x0002, 0x0002, 0x0002, 0x0002, 0x0002, 0x0002,   // 0x2620 (9760) pixels
0x0002, 0x0002, 0x0005, 0x3024, 0x8184, 0xBB02, 0xF4E4, 0xDC45, 0x6962, 0x2003, 0x0003, 0x0002, 0x0002, 0x0002, 0x0002, 0x0002,   // 0x2630 (9776) pixels
0x0024, 0x0004, 0x1801, 0x0001, 0x0002, 0x0021, 0x1820, 0x5943, 0xA288, 0xBAE9, 0xAA45, 0xB2C5, 0xF4AB, 0xEC69, 0xC368, 0x79C5,   // 0x2640 (9792) pixels
0x1802, 0x0004, 0x0823, 0x0023, 0x0002, 0x0002, 0x0003, 0x0003, 0x0003, 0x0002, 0x0001, 0x0002, 0x0002, 0x0002, 0x0002, 0x1804,   // 0x2650 (9808) pixels
0x3066, 0x3887, 0x38A5, 0x38A5, 0x3064, 0x3844, 0x48C5, 0x5926, 0x5905, 0x50E4, 0x5105, 0x5125, 0x48E4, 0x48E3, 0x5124, 0x5125,   // 0x2660 (9824) pixels
0x5946, 0x6188, 0x2083, 0x0000, 0x0000, 0x0000, 0x0000, 0x0000, 0x0000, 0x0000, 0x0000, 0x0000, 0x0000, 0x0000, 0x0000, 0x0000,   // 0x2670 (9840) pixels
0x0000, 0x0000, 0x0000, 0x0000, 0x0000, 0x0000, 0x0000, 0x0000, 0x0000, 0x0000, 0x0000, 0x0000, 0x0000, 0x0000, 0x0000, 0x0000,   // 0x2680 (9856) pixels
0x0000, 0x0000, 0x0000, 0x0000, 0x0000, 0x0000, 0x0000, 0x0000, 0x0000, 0x0000, 0x0000, 0x0000, 0x0000, 0x0000, 0x0000, 0x0000,   // 0x2690 (9872) pixels
0x0000, 0x0000, 0x0000, 0x0000, 0x0000, 0x0000, 0x0000, 0x0000, 0x0000, 0x0000, 0x0000, 0x0000, 0x0000, 0x0000, 0x0000, 0x0000,   // 0x26A0 (9888) pixels
0x0000, 0x0000, 0x0000, 0x0000, 0x0000, 0x0000, 0x0000, 0x0000, 0x0000, 0x0000, 0x0000, 0x0000, 0x0000, 0x0000, 0x0000, 0x0000,   // 0x26B0 (9904) pixels
0x0000, 0x0000, 0x0000, 0x0000, 0x0000, 0x0000, 0x0000, 0x0000, 0x0000, 0x0000, 0x0000, 0x0000, 0x0000, 0x0000, 0x0000, 0x0000,   // 0x26C0 (9920) pixels
0x0000, 0x0000, 0x0000, 0x0000, 0x0000, 0x0820, 0x1040, 0x1000, 0x99E1, 0xF469, 0xFC67, 0xFC46, 0xF445, 0xE425, 0xDBC3, 0xDB83,   // 0x26D0 (9936) pixels
0xDBA7, 0x8A03, 0x40C1, 0x2882, 0x2062, 0x1002, 0x0802, 0x0804, 0x0002, 0x0002, 0x0002, 0x0002, 0x0002, 0x0002, 0x0002, 0x0002,   // 0x26E0 (9952) pixels
0x0023, 0x2803, 0x8145, 0xBAA4, 0xE446, 0xC3C4, 0x79C1, 0x48C2, 0x4903, 0x40C1, 0x48E1, 0x4922, 0x40C1, 0x3081, 0x28A3, 0x30C4,   // 0x26F0 (9968) pixels
0x3863, 0x2043, 0x1084, 0x0043, 0x0000, 0x1000, 0x3061, 0x3882, 0x4082, 0x4902, 0x69E4, 0x7203, 0x7204, 0x4924, 0x1022, 0x0003,   // 0x2700 (9984) pixels
0x0021, 0x0021, 0x0001, 0x0001, 0x0001, 0x0001, 0x0001, 0x0001, 0x0001, 0x0002, 0x0002, 0x0002, 0x0803, 0x2024, 0x3045, 0x4066,   // 0x2710 (10000) pixels
0x40E6, 0x4906, 0x40E6, 0x40C6, 0x4907, 0x5127, 0x5126, 0x5125, 0x5925, 0x71C7, 0x69A5, 0x6143, 0x7185, 0x7166, 0x7147, 0x7989,   // 0x2720 (10016) pixels
0x30A3, 0x1001, 0x0000, 0x0001, 0x0001, 0x0000, 0x0820, 0x0020, 0x0000, 0x0000, 0x0000, 0x0000, 0x0000, 0x0000, 0x0000, 0x0000,   // 0x2730 (10032) pixels
0x0000, 0x0000, 0x0000, 0x0000, 0x0000, 0x0000, 0x0000, 0x0000, 0x0000, 0x0000, 0x0000, 0x0000, 0x0000, 0x0000, 0x0000, 0x0000,   // 0x2740 (10048) pixels
0x0000, 0x0000, 0x0000, 0x0000, 0x0000, 0x0000, 0x0000, 0x0000, 0x0000, 0x0000, 0x0000, 0x0000, 0x0000, 0x0000, 0x0000, 0x0000,   // 0x2750 (10064) pixels
0x0000, 0x0000, 0x0000, 0x0000, 0x0000, 0x0000, 0x0000, 0x0000, 0x0000, 0x0000, 0x0000, 0x0000, 0x0000, 0x0000, 0x0000, 0x0000,   // 0x2760 (10080) pixels
0x0000, 0x0000, 0x0000, 0x0000, 0x0000, 0x0000, 0x0000, 0x0000, 0x0000, 0x0000, 0x0000, 0x0000, 0x0000, 0x0000, 0x0000, 0x0000,   // 0x2770 (10096) pixels
0x0000, 0x0000, 0x0000, 0x0000, 0x0000, 0x0000, 0x0000, 0x0000, 0x0000, 0x0000, 0x0000, 0x0000, 0x0000, 0x0000, 0x0000, 0x0000,   // 0x2780 (10112) pixels
0x0000, 0x0020, 0x0820, 0x5A24, 0x9347, 0x92E5, 0xC364, 0xF4AA, 0xE3A7, 0xDB86, 0xD3A6, 0xD3A7, 0xCB65, 0xD325, 0xCB22, 0xC344,   // 0x2790 (10128) pixels
0xBB26, 0xAAA7, 0x8986, 0x60E5, 0x2023, 0x0002, 0x0002, 0x0002, 0x0002, 0x0002, 0x0002, 0x0002, 0x0002, 0x0803, 0x0020, 0x4104,   // 0x27A0 (10144) pixels
0x91E9, 0x91A6, 0x7962, 0x7140, 0xA2E4, 0xD46A, 0xD3C8, 0xD3C7, 0xCB85, 0xC324, 0xBB25, 0xBB47, 0x9AA5, 0x6941, 0x5945, 0x5146,   // 0x27B0 (10160) pixels
0x4948, 0x4127, 0x38E5, 0x2062, 0x0000, 0x0000, 0x0002, 0x0001, 0x0000, 0x0000, 0x0800, 0x0000, 0x0001, 0x0022, 0x0001, 0x0001,   // 0x27C0 (10176) pixels
0x0001, 0x0001, 0x0001, 0x0001, 0x0001, 0x0000, 0x0022, 0x0002, 0x0001, 0x1043, 0x28A5, 0x38A5, 0x4065, 0x4065, 0x40A4, 0x4906,   // 0x27D0 (10192) pixels
0x4947, 0x4907, 0x38C6, 0x3084, 0x38A4, 0x4945, 0x80C1, 0xAA46, 0xBAC7, 0xAA86, 0xAAA6, 0x9A46, 0x8184, 0x8185, 0x48C3, 0x2861,   // 0x27E0 (10208) pixels
0x1041, 0x0021, 0x0001, 0x0000, 0x0000, 0x0000, 0x0000, 0x0000, 0x0000, 0x0000, 0x0000, 0x0000, 0x0000, 0x0000, 0x0000, 0x0000,   // 0x27F0 (10224) pixels
0x0000, 0x0000, 0x0000, 0x0000, 0x0000, 0x0000, 0x0000, 0x0000, 0x0000, 0x0000, 0x0000, 0x0000, 0x0000, 0x0000, 0x0000, 0x0000,   // 0x2800 (10240) pixels
0x0000, 0x0000, 0x0000, 0x0000, 0x0000, 0x0000, 0x0000, 0x0000, 0x0000, 0x0000, 0x0000, 0x0000, 0x0000, 0x0000, 0x0000, 0x0000,   // 0x2810 (10256) pixels
0x0000, 0x0000, 0x0000, 0x0000, 0x0000, 0x0000, 0x0000, 0x0000, 0x0000, 0x0000, 0x0000, 0x0000, 0x0000, 0x0000, 0x0000, 0x0000,   // 0x2820 (10272) pixels
0x0000, 0x0000, 0x0000, 0x0000, 0x0000, 0x0000, 0x0000, 0x0000, 0x0000, 0x0000, 0x0000, 0x0000, 0x0000, 0x0000, 0x0000, 0x0000,   // 0x2830 (10288) pixels
0x0000, 0x0000, 0x0000, 0x0000, 0x0000, 0x0000, 0x0000, 0x0000, 0x0000, 0x0000, 0x0000, 0x0000, 0x0000, 0x0000, 0x0000, 0x0000,   // 0x2840 (10304) pixels
0x1020, 0x9327, 0xE4EB, 0xEC67, 0xE486, 0xE448, 0xA223, 0x89C3, 0x89E4, 0xA2C6, 0xBB27, 0xCB26, 0xC324, 0xCB44, 0xC303, 0xBA84,   // 0x2850 (10320) pixels
0xA984, 0x9186, 0x58E5, 0x2021, 0x0003, 0x0002, 0x0002, 0x0002, 0x0002, 0x0002, 0x0002, 0x0803, 0x0020, 0x40E3, 0x7946, 0x70E4,   // 0x2860 (10336) pixels
0x60E3, 0x7142, 0xC346, 0xEC06, 0xE3C4, 0xEBE4, 0xEBE3, 0xE3A2, 0xE3E4, 0xF489, 0xD3E8, 0x9222, 0x6163, 0x5103, 0x5105, 0x6126,   // 0x2870 (10352) pixels
0x6167, 0x4925, 0x2063, 0x0863, 0x0802, 0x0823, 0x0002, 0x0003, 0x0003, 0x0803, 0x0823, 0x0023, 0x0803, 0x0803, 0x0803, 0x0802,   // 0x2880 (10368) pixels
0x0002, 0x0001, 0x0001, 0x0001, 0x0022, 0x0001, 0x0802, 0x2084, 0x4126, 0x4926, 0x48C5, 0x48A4, 0x50E4, 0x5105, 0x4906, 0x40E5,   // 0x2890 (10384) pixels
0x3884, 0x3041, 0x40A2, 0x61A5, 0xB1C2, 0xD2C5, 0xDB45, 0xD344, 0xCB64, 0xBB25, 0xA2A4, 0x9224, 0x58A1, 0x3861, 0x1000, 0x0000,   // 0x28A0 (10400) pixels
0x0000, 0x0000, 0x0000, 0x0020, 0x0000, 0x0000, 0x0000, 0x0000, 0x0000, 0x0000, 0x0000, 0x0000, 0x0000, 0x0000, 0x0000, 0x0000,   // 0x28B0 (10416) pixels
0x0000, 0x0000, 0x0000, 0x0000, 0x0000, 0x0000, 0x0000, 0x0000, 0x0000, 0x0000, 0x0000, 0x0000, 0x0000, 0x0000, 0x0000, 0x0000,   // 0x28C0 (10432) pixels
0x0000, 0x0000, 0x0000, 0x0000, 0x0000, 0x0000, 0x0000, 0x0000, 0x0000, 0x0000, 0x0000, 0x0000, 0x0000, 0x0000, 0x0000, 0x0000,   // 0x28D0 (10448) pixels
0x0000, 0x0000, 0x0000, 0x0000, 0x0000, 0x0000, 0x0000, 0x0000, 0x0000, 0x0000, 0x0000, 0x0000, 0x0000, 0x0000, 0x0000, 0x0000,   // 0x28E0 (10464) pixels
0x0000, 0x0000, 0x0000, 0x0000, 0x0000, 0x0000, 0x0000, 0x0000, 0x0000, 0x0000, 0x0000, 0x0000, 0x0000, 0x0000, 0x0000, 0x0000,   // 0x28F0 (10480) pixels
0x0000, 0x0000, 0x0000, 0x0000, 0x0000, 0x0000, 0x0000, 0x0000, 0x0000, 0x0000, 0x0000, 0x0000, 0x0001, 0x0000, 0x1000, 0x9B05,   // 0x2900 (10496) pixels
0xEC87, 0xE381, 0xBB22, 0xBB05, 0x8143, 0x7925, 0x6904, 0x81A4, 0xA204, 0xA9E2, 0xB246, 0xBAE5, 0xBB64, 0xC344, 0xA9E3, 0xA185,   // 0x2910 (10512) pixels
0x8986, 0x6103, 0x0823, 0x0003, 0x0002, 0x0003, 0x0003, 0x0002, 0x0002, 0x0002, 0x0823, 0x50E4, 0x8185, 0x81A4, 0x7185, 0x7123,   // 0x2920 (10528) pixels
0xD328, 0xFBA6, 0xE405, 0xE3C3, 0xEC04, 0xF404, 0xDB83, 0xBB03, 0xB326, 0xB347, 0xA2C8, 0x7184, 0x6123, 0x6104, 0x60E4, 0x5904,   // 0x2930 (10544) pixels
0x4905, 0x38E6, 0x3884, 0x2023, 0x1025, 0x1005, 0x1006, 0x2006, 0x2005, 0x1804, 0x1805, 0x1825, 0x1025, 0x1004, 0x0003, 0x0002,   // 0x2940 (10560) pixels
0x0002, 0x0002, 0x0002, 0x0002, 0x0801, 0x2884, 0x4126, 0x4905, 0x48C4, 0x50E4, 0x5104, 0x48E4, 0x40C4, 0x48E5, 0x5125, 0x5965,   // 0x2950 (10576) pixels
0x7A06, 0x9AE8, 0xD324, 0xD344, 0xD363, 0xCB83, 0xD3C4, 0xD3E6, 0xBB45, 0xA263, 0x89E6, 0x6164, 0x2881, 0x0800, 0x0001, 0x0001,   // 0x2960 (10592) pixels
0x0000, 0x0000, 0x0000, 0x0000, 0x0000, 0x0000, 0x0000, 0x0000, 0x0000, 0x0000, 0x0000, 0x0000, 0x0000, 0x0000, 0x0000, 0x0000,   // 0x2970 (10608) pixels
0x0000, 0x0000, 0x0000, 0x0000, 0x0000, 0x0000, 0x0000, 0x0000, 0x0000, 0x0000, 0x0000, 0x0000, 0x0000, 0x0000, 0x0000, 0x0000,   // 0x2980 (10624) pixels
0x0000, 0x0000, 0x0000, 0x0000, 0x0000, 0x0000, 0x0000, 0x0000, 0x0000, 0x0000, 0x0000, 0x0000, 0x0000, 0x0000, 0x0000, 0x0000,   // 0x2990 (10640) pixels
0x0000, 0x0000, 0x0000, 0x0000, 0x0000, 0x0000, 0x0000, 0x0000, 0x0000, 0x0000, 0x0000, 0x0000, 0x0000, 0x0000, 0x0000, 0x0000,   // 0x29A0 (10656) pixels
0x0000, 0x0000, 0x0000, 0x0000, 0x0000, 0x0000, 0x0000, 0x0000, 0x0000, 0x0000, 0x0000, 0x0000, 0x0000, 0x0000, 0x0000, 0x0000,   // 0x29B0 (10672) pixels
0x0000, 0x0000, 0x0000, 0x0000, 0x0000, 0x0000, 0x0000, 0x0000, 0x0000, 0x0020, 0x28E0, 0x9AA4, 0xA240, 0xD3E5, 0xCBE8, 0x9A03,   // 0x29C0 (10688) pixels
0x70E7, 0x7925, 0x7122, 0x91E3, 0xAA84, 0xAA84, 0xBAE4, 0xBAE3, 0xC306, 0x8160, 0xA2A6, 0xD3CA, 0xB244, 0xA9C2, 0xA244, 0x89E2,   // 0x29D0 (10704) pixels
0x1060, 0x0001, 0x0003, 0x0043, 0x0000, 0x0001, 0x0002, 0x0803, 0x0822, 0x30C1, 0xC449, 0xDC66, 0xC381, 0xDC24, 0xE466, 0xEC46,   // 0x29E0 (10720) pixels
0xE466, 0xDC25, 0xE466, 0xEC88, 0xB2C4, 0x89A2, 0x89A5, 0x9A09, 0xAAE5, 0x81E5, 0x5906, 0x5126, 0x5144, 0x5122, 0x5123, 0x5124,   // 0x29F0 (10736) pixels
0x50E4, 0x48A3, 0x4083, 0x3884, 0x3885, 0x2824, 0x2004, 0x2825, 0x2025, 0x2004, 0x2825, 0x2804, 0x2004, 0x1844, 0x0002, 0x0022,   // 0x2A00 (10752) pixels
0x0002, 0x1003, 0x3065, 0x4085, 0x48E6, 0x40E4, 0x4904, 0x48E4, 0x50E4, 0x40E5, 0x30A5, 0x3043, 0x79A5, 0xBB27, 0xD386, 0xC324,   // 0x2A10 (10768) pixels
0xD360, 0xCB62, 0xE468, 0xF52B, 0xED29, 0xE4E7, 0xD425, 0xC364, 0xBAE5, 0x9A24, 0x6902, 0x5966, 0x2042, 0x0000, 0x0000, 0x0000,   // 0x2A20 (10784) pixels
0x0000, 0x0000, 0x0000, 0x0000, 0x0000, 0x0000, 0x0000, 0x0000, 0x0000, 0x0000, 0x0000, 0x0000, 0x0000, 0x0000, 0x0000, 0x0000,   // 0x2A30 (10800) pixels
0x0000, 0x0000, 0x0000, 0x0000, 0x0000, 0x0000, 0x0000, 0x0000, 0x0000, 0x0000, 0x0000, 0x0000, 0x0000, 0x0000, 0x0000, 0x0000,   // 0x2A40 (10816) pixels
0x0000, 0x0000, 0x0000, 0x0000, 0x0000, 0x0000, 0x0000, 0x0000, 0x0000, 0x0000, 0x0000, 0x0000, 0x0000, 0x0000, 0x0000, 0x0000,   // 0x2A50 (10832) pixels
0x0000, 0x0000, 0x0000, 0x0000, 0x0000, 0x0000, 0x0000, 0x0000, 0x0000, 0x0000, 0x0000, 0x0000, 0x0000, 0x0000, 0x0000, 0x0000,   // 0x2A60 (10848) pixels
0x0000, 0x0000, 0x0000, 0x0000, 0x0000, 0x0000, 0x0000, 0x0000, 0x0000, 0x0000, 0x0000, 0x0000, 0x0000, 0x0000, 0x0000, 0x0000,   // 0x2A70 (10864) pixels
0x0000, 0x0000, 0x0000, 0x0000, 0x0000, 0x0000, 0x0000, 0x0000, 0x49C2, 0xDCAA, 0xEC66, 0xDC46, 0xB306, 0x8164, 0x7125, 0x7122,   // 0x2A80 (10880) pixels
0x89E2, 0xC386, 0xEC8A, 0xEC68, 0xEC87, 0xF4C8, 0xE427, 0x9A22, 0x89C2, 0xB2A5, 0xD326, 0xCB04, 0xBAC5, 0x9225, 0x3061, 0x1802,   // 0x2A90 (10896) pixels
0x0804, 0x0003, 0x0001, 0x0002, 0x0003, 0x0803, 0x0002, 0x2840, 0xBBC8, 0xF4E8, 0xF4C5, 0xFD06, 0xF4A5, 0xF485, 0xEC24, 0xF485,   // 0x2AA0 (10912) pixels
0xF484, 0xEC85, 0xC343, 0x9A01, 0x8162, 0x8164, 0x8161, 0x6923, 0x5926, 0x5147, 0x4925, 0x4903, 0x5125, 0x5126, 0x5105, 0x5126,   // 0x2AB0 (10928) pixels
0x4905, 0x48E6, 0x4907, 0x38A6, 0x2804, 0x2004, 0x2024, 0x2824, 0x3865, 0x3865, 0x3065, 0x2065, 0x0822, 0x0002, 0x0002, 0x1824,   // 0x2AC0 (10944) pixels
0x38A6, 0x48A6, 0x5106, 0x4905, 0x4905, 0x48E4, 0x48C4, 0x40C4, 0x3042, 0x3020, 0x79A3, 0xBAE5, 0xD3A6, 0xD3A6, 0xCB85, 0xC346,   // 0x2AD0 (10960) pixels
0xCBC9, 0xC3E8, 0xE4EA, 0xFDAB, 0xECE8, 0xE4A7, 0xB2C4, 0x9A24, 0x7964, 0x69A7, 0x2083, 0x0001, 0x0000, 0x0000, 0x0000, 0x0000,   // 0x2AE0 (10976) pixels
0x0000, 0x0000, 0x0000, 0x0000, 0x0000, 0x0000, 0x0000, 0x0000, 0x0000, 0x0000, 0x0000, 0x0000, 0x0000, 0x0000, 0x0000, 0x0000,   // 0x2AF0 (10992) pixels
0x0000, 0x0000, 0x0000, 0x0000, 0x0000, 0x0000, 0x0000, 0x0000, 0x0000, 0x0000, 0x0000, 0x0000, 0x0000, 0x0000, 0x0000, 0x0000,   // 0x2B00 (11008) pixels
0x0000, 0x0000, 0x0000, 0x0000, 0x0000, 0x0000, 0x0000, 0x0000, 0x0000, 0x0000, 0x0000, 0x0000, 0x0000, 0x0000, 0x0000, 0x0000,   // 0x2B10 (11024) pixels
0x0000, 0x0000, 0x0000, 0x0000, 0x0000, 0x0000, 0x0000, 0x0000, 0x0000, 0x0000, 0x0000, 0x0000, 0x0000, 0x0000, 0x0000, 0x0000,   // 0x2B20 (11040) pixels
0x0000, 0x0000, 0x0000, 0x0000, 0x0000, 0x0000, 0x0000, 0x0000, 0x0000, 0x0000, 0x0000, 0x0000, 0x0000, 0x0000, 0x0000, 0x0000,   // 0x2B30 (11056) pixels
0x0000, 0x0000, 0x0000, 0x0000, 0x0002, 0x0000, 0x49A0, 0xECE8, 0xFCA5, 0xCB64, 0x89E4, 0x7906, 0x81C4, 0x9A64, 0xCBA5, 0xE486,   // 0x2B40 (11072) pixels
0xF4C7, 0xF4A6, 0xECA5, 0xECA4, 0xF487, 0xDC27, 0xBB45, 0xB2A4, 0xDB65, 0xE386, 0xD367, 0x9A24, 0x81A5, 0x5926, 0x2845, 0x1804,   // 0x2B50 (11088) pixels
0x0824, 0x0024, 0x0003, 0x0802, 0x1003, 0x5964, 0xD46A, 0xF4C6, 0xEC63, 0xF484, 0xF465, 0xF486, 0xF445, 0xFCA5, 0xF484, 0xFCC4,   // 0x2B60 (11104) pixels
0xE423, 0xC342, 0xBAE4, 0xBAE6, 0xBB08, 0x81A5, 0x58E5, 0x5107, 0x40E6, 0x48E5, 0x48E6, 0x40A6, 0x40E5, 0x4926, 0x40E5, 0x38A4,   // 0x2B70 (11120) pixels
0x40E6, 0x40C6, 0x3044, 0x2823, 0x2864, 0x3065, 0x40A6, 0x48A6, 0x48C6, 0x38A5, 0x2043, 0x1022, 0x0002, 0x2044, 0x40A6, 0x48C6,   // 0x2B80 (11136) pixels
0x50E6, 0x48E5, 0x48E5, 0x48C4, 0x40C4, 0x5966, 0x69A6, 0x81E4, 0xAAA4, 0xD386, 0xDC08, 0xBB46, 0xA266, 0x8162, 0x7121, 0x7140,   // 0x2B90 (11152) pixels
0xBB87, 0xFDAD, 0xED09, 0xDC86, 0xB2A5, 0x9A24, 0x7985, 0x71E8, 0x2083, 0x0000, 0x0000, 0x0000, 0x0000, 0x0000, 0x0000, 0x0000,   // 0x2BA0 (11168) pixels
0x0000, 0x0000, 0x0000, 0x0000, 0x0000, 0x0000, 0x0000, 0x0000, 0x0000, 0x0000, 0x0000, 0x0000, 0x0000, 0x0000, 0x0000, 0x0000,   // 0x2BB0 (11184) pixels
0x0000, 0x0000, 0x0000, 0x0000, 0x0000, 0x0000, 0x0000, 0x0000, 0x0000, 0x0000, 0x0000, 0x0000, 0x0000, 0x0000, 0x0000, 0x0000,   // 0x2BC0 (11200) pixels
0x0000, 0x0000, 0x0000, 0x0000, 0x0000, 0x0000, 0x0000, 0x0000, 0x0000, 0x0000, 0x0000, 0x0000, 0x0000, 0x0000, 0x0000, 0x0000,   // 0x2BD0 (11216) pixels
0x0000, 0x0000, 0x0000, 0x0000, 0x0000, 0x0000, 0x0000, 0x0000, 0x0000, 0x0000, 0x0000, 0x0000, 0x0000, 0x0000, 0x0000, 0x0000,   // 0x2BE0 (11232) pixels
0x0000, 0x0000, 0x0000, 0x0000, 0x0000, 0x0000, 0x0000, 0x0000, 0x0000, 0x0000, 0x0000, 0x0000, 0x0000, 0x0000, 0x0000, 0x0000,   // 0x2BF0 (11248) pixels
0x0000, 0x0000, 0x0002, 0x0000, 0x4980, 0xEC85, 0xFC43, 0xBAE3, 0x7965, 0x7107, 0x8181, 0xBB45, 0xEC87, 0xEC85, 0xEC64, 0xEC84,   // 0x2C00 (11264) pixels
0xEC84, 0xF4A4, 0xF487, 0xECA6, 0xECA6, 0xEC67, 0xDBA6, 0xBA63, 0xD346, 0xBAE4, 0xBAC7, 0x9208, 0x4065, 0x2024, 0x0823, 0x0002,   // 0x2C10 (11280) pixels
0x0801, 0x2040, 0x3040, 0x92A6, 0xF4EA, 0xF485, 0xF484, 0xFCC7, 0xEC67, 0xD385, 0xCB67, 0xC324, 0xDC25, 0xFD07, 0xF4E6, 0xEC65,   // 0x2C20 (11296) pixels
0xE3E5, 0xEC07, 0xE42B, 0x8182, 0x4820, 0x3863, 0x38A5, 0x40C6, 0x40C6, 0x3864, 0x30A4, 0x38E5, 0x3084, 0x2843, 0x40C5, 0x4906,   // 0x2C30 (11312) pixels
0x40E5, 0x40C5, 0x38C5, 0x40A5, 0x48C6, 0x50C6, 0x48A6, 0x48A6, 0x3884, 0x2843, 0x0002, 0x2044, 0x40A6, 0x48C6, 0x48C6, 0x48E5,   // 0x2C40 (11328) pixels
0x48E5, 0x48C4, 0x40A3, 0x71E7, 0xAB08, 0xC366, 0xCB44, 0xE407, 0xD409, 0x81C1, 0x8163, 0x89A3, 0x9A66, 0x89E3, 0x81A1, 0xAAA3,   // 0x2C50 (11344) pixels
0xDC47, 0xEC86, 0xB2A5, 0x9A04, 0x7984, 0x69C7, 0x1841, 0x0000, 0x0000, 0x0000, 0x0000, 0x0000, 0x0000, 0x0000, 0x0000, 0x0000,   // 0x2C60 (11360) pixels
0x0000, 0x0000, 0x0000, 0x0000, 0x0000, 0x0000, 0x0000, 0x0000, 0x0000, 0x0000, 0x0000, 0x0000, 0x0000, 0x0000, 0x0000, 0x0000,   // 0x2C70 (11376) pixels
0x0000, 0x0000, 0x0000, 0x0000, 0x0000, 0x0000, 0x0000, 0x0000, 0x0000, 0x0000, 0x0000, 0x0000, 0x0000, 0x0000, 0x0000, 0x0000,   // 0x2C80 (11392) pixels
0x0000, 0x0000, 0x0000, 0x0000, 0x0000, 0x0000, 0x0000, 0x0000, 0x0000, 0x0000, 0x0000, 0x0000, 0x0000, 0x0000, 0x0000, 0x0000,   // 0x2C90 (11408) pixels
0x0000, 0x0000, 0x0000, 0x0000, 0x0000, 0x0000, 0x0000, 0x0000, 0x0000, 0x0000, 0x0000, 0x0000, 0x0000, 0x0000, 0x0000, 0x0000,   // 0x2CA0 (11424) pixels
0x0000, 0x0000, 0x0000, 0x0000, 0x0000, 0x0000, 0x0000, 0x0000, 0x0000, 0x0000, 0x0000, 0x0000, 0x0000, 0x0000, 0x0000, 0x0000,   // 0x2CB0 (11440) pixels
0x0000, 0x0000, 0x59A1, 0xECA7, 0xFC45, 0xBAC5, 0x8185, 0x6906, 0x81C1, 0xC385, 0xEC86, 0xF485, 0xF485, 0xEC45, 0xEC45, 0xF4A6,   // 0x2CC0 (11456) pixels
0xF465, 0xE464, 0xECA4, 0xFD08, 0xEC27, 0xBA62, 0xD345, 0xBAE3, 0xBA83, 0xA246, 0x5083, 0x2823, 0x0802, 0x0000, 0x3901, 0x8AC5,   // 0x2CD0 (11472) pixels
0x9AE5, 0xD427, 0xFCE7, 0xF484, 0xFCE7, 0xF489, 0xC347, 0x9182, 0x7965, 0x7943, 0xA2C5, 0xC3A6, 0xE487, 0xFCC7, 0xE3E3, 0xEBE4,   // 0x2CE0 (11488) pixels
0xE407, 0xA262, 0x81A2, 0x6164, 0x40C4, 0x40E6, 0x40E6, 0x3883, 0x2023, 0x2843, 0x2022, 0x2823, 0x38C5, 0x40E5, 0x40C4, 0x48C5,   // 0x2CF0 (11504) pixels
0x48E5, 0x40C5, 0x48C5, 0x48C5, 0x48A5, 0x48C5, 0x40A5, 0x3044, 0x0002, 0x1864, 0x40A6, 0x50C6, 0x48E6, 0x4906, 0x4905, 0x48E5,   // 0x2D00 (11520) pixels
0x40C4, 0x79E6, 0xAAA5, 0xCB03, 0xD343, 0xD3A6, 0xB306, 0x7961, 0xAA24, 0xBAE5, 0xD3C8, 0xCB67, 0x9181, 0x8960, 0xEC28, 0xEC46,   // 0x2D10 (11536) pixels
0xB2A6, 0x91E4, 0x7964, 0x61A6, 0x1841, 0x0000, 0x0000, 0x0000, 0x0000, 0x0000, 0x0000, 0x0000, 0x0000, 0x0000, 0x0000, 0x0000,   // 0x2D20 (11552) pixels
0x0000, 0x0000, 0x0000, 0x0000, 0x0000, 0x0000, 0x0000, 0x0000, 0x0000, 0x0000, 0x0000, 0x0000, 0x0000, 0x0000, 0x0000, 0x0000,   // 0x2D30 (11568) pixels
0x0000, 0x0000, 0x0000, 0x0000, 0x0000, 0x0000, 0x0000, 0x0000, 0x0000, 0x0000, 0x0000, 0x0000, 0x0000, 0x0000, 0x0000, 0x0000,   // 0x2D40 (11584) pixels
0x0000, 0x0000, 0x0000, 0x0000, 0x0000, 0x0000, 0x0000, 0x0000, 0x0000, 0x0000, 0x0000, 0x0000, 0x0000, 0x0000, 0x0000, 0x0000,   // 0x2D50 (11600) pixels
0x0000, 0x0000, 0x0000, 0x0000, 0x0000, 0x0000, 0x0000, 0x0000, 0x0000, 0x0000, 0x0000, 0x0000, 0x0000, 0x0000, 0x0000, 0x0000,   // 0x2D60 (11616) pixels
0x0000, 0x0000, 0x0000, 0x0000, 0x0000, 0x0000, 0x0000, 0x0000, 0x0000, 0x0000, 0x0000, 0x0000, 0x0000, 0x0000, 0x0000, 0x0000,   // 0x2D70 (11632) pixels
0x51A2, 0xEC87, 0xF425, 0xB285, 0x7965, 0x6924, 0x8A23, 0xCBE8, 0xECA7, 0xEC44, 0xF444, 0xF445, 0xEC66, 0xEC86, 0xEC63, 0xF4C5,   // 0x2D80 (11648) pixels
0xE485, 0xECA6, 0xF4C8, 0xE406, 0xEC28, 0xB2A2, 0xCB22, 0xBB06, 0x58E2, 0x3063, 0x0802, 0x0000, 0x6203, 0xECEA, 0xF4E8, 0xFCC6,   // 0x2D90 (11664) pixels
0xFC84, 0xFCA6, 0xEC88, 0xB2E5, 0x91E4, 0x8122, 0x7946, 0x7124, 0x7143, 0x7140, 0xBB66, 0xFCEA, 0xF446, 0xFC65, 0xEC25, 0xE426,   // 0x2DA0 (11680) pixels
0xDC69, 0x92C6, 0x40C3, 0x38C5, 0x4905, 0x40C3, 0x38A5, 0x38A5, 0x3885, 0x40C5, 0x4906, 0x48E5, 0x48C5, 0x48E5, 0x48E5, 0x48C5,   // 0x2DB0 (11696) pixels
0x48C5, 0x48C5, 0x48A5, 0x48C6, 0x40C6, 0x3044, 0x0001, 0x1023, 0x3064, 0x48C6, 0x40C6, 0x40E6, 0x40E5, 0x48E5, 0x5105, 0x8A06,   // 0x2DC0 (11712) pixels
0xAA63, 0xCAE2, 0xDBC5, 0xBB04, 0x81A1, 0x9A45, 0xBAA3, 0xCB44, 0xD3A4, 0xDBC7, 0xAA03, 0x9120, 0xF46A, 0xEC67, 0xB2A6, 0x91C4,   // 0x2DD0 (11728) pixels
0x7964, 0x69C6, 0x2061, 0x0000, 0x0000, 0x0000, 0x0000, 0x0000, 0x0000, 0x0000, 0x0000, 0x0000, 0x0000, 0x0000, 0x0000, 0x0000,   // 0x2DE0 (11744) pixels
0x0000, 0x0000, 0x0000, 0x0000, 0x0000, 0x0000, 0x0000, 0x0000, 0x0000, 0x0000, 0x0000, 0x0000, 0x0000, 0x0000, 0x0000, 0x0000,   // 0x2DF0 (11760) pixels
0x0000, 0x0000, 0x0000, 0x0000, 0x0000, 0x0000, 0x0000, 0x0000, 0x0000, 0x0000, 0x0000, 0x0000, 0x0000, 0x0000, 0x0000, 0x0000,   // 0x2E00 (11776) pixels
0x0000, 0x0000, 0x0000, 0x0000, 0x0000, 0x0000, 0x0000, 0x0000, 0x0000, 0x0000, 0x0000, 0x0000, 0x0000, 0x0000, 0x0000, 0x0000,   // 0x2E10 (11792) pixels
0x0000, 0x0000, 0x0000, 0x0000, 0x0000, 0x0000, 0x0000, 0x0000, 0x0000, 0x0000, 0x0000, 0x0000, 0x0000, 0x0000, 0x0000, 0x0000,   // 0x2E20 (11808) pixels
0x0000, 0x0000, 0x0000, 0x0000, 0x0000, 0x0000, 0x0000, 0x0000, 0x0000, 0x0000, 0x0000, 0x0000, 0x0000, 0x0000, 0x51C2, 0xECC7,   // 0x2E30 (11824) pixels
0xF446, 0xAA65, 0x7145, 0x6944, 0x8A25, 0xC3A8, 0xF4C9, 0xEC65, 0xEC03, 0xF465, 0xEC86, 0xE465, 0xEC64, 0xECA5, 0xE464, 0xF507,   // 0x2E40 (11840) pixels
0xECA8, 0xDBE6, 0xF488, 0xDBC6, 0xEC24, 0xD408, 0x6122, 0x2863, 0x0003, 0x0000, 0x61E2, 0xF4A8, 0xF4A5, 0xF464, 0xF444, 0xF4A8,   // 0x2E50 (11856) pixels
0xCBC7, 0x8181, 0x89A3, 0xA204, 0xB245, 0xB266, 0x9A05, 0x89C4, 0xB2E7, 0xD3A7, 0xE427, 0xEC45, 0xEBE3, 0xF465, 0xECA8, 0x92A5,   // 0x2E60 (11872) pixels
0x4062, 0x3885, 0x48E6, 0x48E4, 0x48E6, 0x40C5, 0x40C5, 0x48C5, 0x40C5, 0x40C5, 0x48C5, 0x48E5, 0x48E5, 0x48C5, 0x40C5, 0x48E6,   // 0x2E70 (11888) pixels
0x40C5, 0x40C6, 0x40E6, 0x2844, 0x0001, 0x0802, 0x2003, 0x3885, 0x38A5, 0x38C5, 0x38A4, 0x38C5, 0x6126, 0x89E5, 0xB283, 0xD343,   // 0x2E80 (11904) pixels
0xE447, 0xAAE5, 0x60A0, 0xA2A7, 0xDBA7, 0xDBC5, 0xD3A3, 0xD3A5, 0xB285, 0x91A2, 0xE44A, 0xE466, 0xB287, 0x91A4, 0x7964, 0x69C6,   // 0x2E90 (11920) pixels
0x1861, 0x0000, 0x0000, 0x0000, 0x0000, 0x0000, 0x0000, 0x0000, 0x0000, 0x0000, 0x0000, 0x0000, 0x0000, 0x0000, 0x0000, 0x0000,   // 0x2EA0 (11936) pixels
0x0000, 0x0000, 0x0000, 0x0000, 0x0000, 0x0000, 0x0000, 0x0000, 0x0000, 0x0000, 0x0000, 0x0000, 0x0000, 0x0000, 0x0000, 0x0000,   // 0x2EB0 (11952) pixels
0x0000, 0x0000, 0x0000, 0x0000, 0x0000, 0x0000, 0x0000, 0x0000, 0x0000, 0x0000, 0x0000, 0x0000, 0x0000, 0x0000, 0x0000, 0x0000,   // 0x2EC0 (11968) pixels
0x0000, 0x0000, 0x0000, 0x0000, 0x0000, 0x0000, 0x0000, 0x0000, 0x0000, 0x0000, 0x0000, 0x0000, 0x0000, 0x0000, 0x0000, 0x0000,   // 0x2ED0 (11984) pixels
0x0000, 0x0000, 0x0000, 0x0000, 0x0000, 0x0000, 0x0000, 0x0000, 0x0000, 0x0000, 0x0000, 0x0000, 0x0000, 0x0000, 0x0000, 0x0000,   // 0x2EE0 (12000) pixels
0x0000, 0x0000, 0x0000, 0x0000, 0x0000, 0x0000, 0x0000, 0x0000, 0x0000, 0x0000, 0x0001, 0x0001, 0x51E2, 0xE4C6, 0xF485, 0xAA85,   // 0x2EF0 (12016) pixels
0x7145, 0x6944, 0x7163, 0x9223, 0xDC06, 0xF485, 0xF464, 0xF485, 0xE464, 0xE4A5, 0xEC67, 0xEC85, 0xECC4, 0xED06, 0xBB23, 0xAA42,   // 0x2F00 (12032) pixels
0xE427, 0xEC66, 0xE423, 0xD427, 0x6102, 0x2043, 0x0004, 0x0002, 0x69E4, 0xF488, 0xFC85, 0xEC04, 0xCB42, 0xCB64, 0xAAE5, 0x81C1,   // 0x2F10 (12048) pixels
0xBB06, 0xDB88, 0xEB43, 0xEB65, 0xD327, 0xBAC8, 0x91C3, 0x8160, 0xD3E7, 0xF4C8, 0xFC24, 0xF424, 0xEC67, 0xA2C5, 0x50E4, 0x40C6,   // 0x2F20 (12064) pixels
0x40C6, 0x48C4, 0x48A5, 0x40A5, 0x48E6, 0x5106, 0x48C5, 0x48E5, 0x4906, 0x48E5, 0x48E5, 0x48C5, 0x40C5, 0x40E6, 0x40C6, 0x40E6,   // 0x2F30 (12080) pixels
0x4107, 0x2864, 0x0021, 0x0802, 0x1802, 0x3885, 0x38A5, 0x38E5, 0x30A4, 0x38C5, 0x79C8, 0x89A4, 0xB282, 0xD364, 0xE448, 0xBB47,   // 0x2F40 (12096) pixels
0x68E0, 0xA267, 0xD387, 0xD3A5, 0xD3A3, 0xCB64, 0xAA44, 0x91A2, 0xDC49, 0xE4E6, 0xAA86, 0x89A4, 0x7964, 0x69A6, 0x1820, 0x0000,   // 0x2F50 (12112) pixels
0x0000, 0x0800, 0x0000, 0x0000, 0x0000, 0x0000, 0x0000, 0x0000, 0x0000, 0x0000, 0x0000, 0x0000, 0x0000, 0x0000, 0x0000, 0x0000,   // 0x2F60 (12128) pixels
0x0000, 0x0000, 0x0000, 0x0000, 0x0000, 0x0000, 0x0000, 0x0000, 0x0000, 0x0000, 0x0000, 0x0000, 0x0000, 0x0000, 0x0000, 0x0000,   // 0x2F70 (12144) pixels
0x0000, 0x0000, 0x0000, 0x0000, 0x0000, 0x0000, 0x0000, 0x0000, 0x0000, 0x0000, 0x0000, 0x0000, 0x0000, 0x0000, 0x0000, 0x0000,   // 0x2F80 (12160) pixels
0x0000, 0x0000, 0x0000, 0x0000, 0x0000, 0x0000, 0x0000, 0x0000, 0x0000, 0x0000, 0x0000, 0x0000, 0x0000, 0x0000, 0x0000, 0x0000,   // 0x2F90 (12176) pixels
0x0000, 0x0000, 0x0000, 0x0000, 0x0000, 0x0000, 0x0000, 0x0000, 0x0000, 0x0000, 0x0000, 0x0000, 0x0000, 0x0000, 0x0000, 0x0000,   // 0x2FA0 (12192) pixels
0x0020, 0x0020, 0x0000, 0x0000, 0x0000, 0x0000, 0x0000, 0x0000, 0x0001, 0x0800, 0x4120, 0xB3A5, 0xECA6, 0xCB84, 0x9AA5, 0x8A88,   // 0x2FB0 (12208) pixels
0x69A4, 0x79E3, 0xD448, 0xE466, 0xEC64, 0xF465, 0xF466, 0xEC47, 0xEC64, 0xEC64, 0xF4C6, 0xECC9, 0xBB05, 0x99E1, 0xEC69, 0xEC46,   // 0x2FC0 (12224) pixels
0xE444, 0xD3E7, 0x6943, 0x1803, 0x0025, 0x0802, 0x71C2, 0xF466, 0xF466, 0xEBA5, 0xDAE2, 0xDB22, 0xC2C4, 0x8922, 0xBAA6, 0xDBA5,   // 0x2FD0 (12240) pixels
0xDB65, 0xD302, 0xDB23, 0xCB05, 0xB285, 0x8120, 0xCB46, 0xF467, 0xEC27, 0xEC25, 0xE446, 0xAB07, 0x4883, 0x40C6, 0x40E6, 0x40E5,   // 0x2FE0 (12256) pixels
0x4105, 0x40E4, 0x40E4, 0x40E5, 0x4105, 0x40E5, 0x40E5, 0x4106, 0x40C6, 0x40E6, 0x40E6, 0x38C5, 0x38E6, 0x3906, 0x30C5, 0x2863,   // 0x2FF0 (12272) pixels
0x0023, 0x0002, 0x1023, 0x30A5, 0x38C5, 0x38A4, 0x38C5, 0x40E5, 0x6986, 0x7965, 0xAAA6, 0xDBE5, 0xE465, 0xBB25, 0x7920, 0xAA86,   // 0x3000 (12288) pixels
0xE3C2, 0xCB62, 0xD3E7, 0xDC29, 0x99E0, 0xC324, 0xF4A9, 0xDC67, 0xAA25, 0x89E5, 0x6184, 0x5185, 0x2061, 0x0800, 0x0000, 0x0000,   // 0x3010 (12304) pixels
0x0000, 0x0000, 0x0000, 0x0000, 0x0000, 0x0020, 0x0000, 0x0000, 0x0020, 0x0020, 0x0000, 0x0000, 0x0000, 0x0000, 0x0000, 0x0000,   // 0x3020 (12320) pixels
0x0000, 0x0000, 0x0000, 0x0000, 0x0000, 0x0000, 0x0000, 0x0000, 0x0000, 0x0000, 0x0000, 0x0000, 0x0000, 0x0000, 0x0000, 0x0000,   // 0x3030 (12336) pixels
0x0000, 0x0000, 0x0000, 0x0000, 0x0000, 0x0000, 0x0000, 0x0000, 0x0000, 0x0000, 0x0000, 0x0000, 0x0000, 0x0000, 0x0000, 0x0000,   // 0x3040 (12352) pixels
0x0000, 0x0000, 0x0000, 0x0000, 0x0000, 0x0000, 0x0000, 0x0000, 0x0000, 0x0000, 0x0000, 0x0000, 0x0000, 0x0000, 0x0000, 0x0000,   // 0x3050 (12368) pixels
0x0000, 0x0000, 0x0000, 0x0000, 0x0000, 0x0000, 0x0000, 0x0000, 0x0000, 0x0000, 0x0000, 0x0000, 0x0000, 0x0000, 0x0000, 0x0000,   // 0x3060 (12384) pixels
0x0000, 0x0000, 0x0000, 0x0000, 0x0000, 0x0000, 0x0020, 0x0020, 0x0800, 0x8241, 0xFCA5, 0xFC21, 0xEC04, 0xDC69, 0x9249, 0x7122,   // 0x3070 (12400) pixels
0x9202, 0xBB23, 0xF4A7, 0xF4A5, 0xEC64, 0xEC84, 0xF4A2, 0xFD26, 0xDC04, 0xB2C3, 0xBB05, 0xBB04, 0xEC66, 0xEC43, 0xDC44, 0xCBC7,   // 0x3080 (12416) pixels
0x6963, 0x1822, 0x0003, 0x0000, 0x69E2, 0xF4C7, 0xFCA6, 0xEBE4, 0xD2C2, 0xD303, 0xC2A6, 0x8902, 0xB265, 0xCB03, 0xDB46, 0xDB45,   // 0x3090 (12432) pixels
0xDB44, 0xD347, 0xC309, 0x8121, 0xB2E4, 0xF486, 0xF426, 0xEC44, 0xEC46, 0xAAE6, 0x48A3, 0x40E6, 0x40C6, 0x40C5, 0x40C5, 0x40C4,   // 0x30A0 (12448) pixels
0x40C5, 0x40E5, 0x38C5, 0x3064, 0x2844, 0x2824, 0x3045, 0x2865, 0x2844, 0x2023, 0x2043, 0x2043, 0x1823, 0x1001, 0x0002, 0x0002,   // 0x30B0 (12464) pixels
0x1043, 0x30C5, 0x38C5, 0x38A4, 0x38A5, 0x38A5, 0x7165, 0x81A6, 0xAA64, 0xD3A4, 0xE486, 0xBB46, 0x7922, 0x9A07, 0xD366, 0xDC0A,   // 0x30C0 (12480) pixels
0xBB27, 0x9A22, 0xAA82, 0xE427, 0xEC88, 0xDC46, 0xA206, 0x81E5, 0x40E1, 0x1840, 0x0000, 0x0000, 0x0040, 0x0040, 0x0000, 0x0000,   // 0x30D0 (12496) pixels
0x0000, 0x0000, 0x0000, 0x0000, 0x0000, 0x0020, 0x0000, 0x0000, 0x0000, 0x0000, 0x0000, 0x0000, 0x0000, 0x0000, 0x0000, 0x0000,   // 0x30E0 (12512) pixels
0x0000, 0x0000, 0x0000, 0x0000, 0x0000, 0x0000, 0x0000, 0x0000, 0x0000, 0x0000, 0x0000, 0x0000, 0x0000, 0x0000, 0x0000, 0x0000,   // 0x30F0 (12528) pixels
0x0000, 0x0000, 0x0000, 0x0000, 0x0000, 0x0000, 0x0000, 0x0000, 0x0000, 0x0000, 0x0000, 0x0000, 0x0000, 0x0000, 0x0000, 0x0000,   // 0x3100 (12544) pixels
0x0000, 0x0000, 0x0000, 0x0000, 0x0000, 0x0000, 0x0000, 0x0000, 0x0000, 0x0000, 0x0000, 0x0000, 0x0000, 0x0000, 0x0000, 0x0000,   // 0x3110 (12560) pixels
0x0000, 0x0000, 0x0000, 0x0000, 0x0000, 0x0000, 0x0000, 0x0000, 0x0000, 0x0000, 0x0000, 0x0000, 0x0000, 0x0000, 0x0000, 0x0000,   // 0x3120 (12576) pixels
0x0000, 0x0000, 0x0000, 0x0000, 0x0020, 0x0041, 0x0021, 0x7265, 0xFD08, 0xFC41, 0xFC42, 0xEC65, 0xC30A, 0x91A4, 0x8141, 0x9A03,   // 0x3130 (12592) pixels
0xE46A, 0xE468, 0xE446, 0xEC65, 0xE464, 0xFD08, 0xC344, 0x9A21, 0xD3C7, 0xEC68, 0xEC66, 0xE424, 0xD405, 0xBB67, 0x6143, 0x2062,   // 0x3140 (12608) pixels
0x0043, 0x0000, 0x6203, 0xDCE9, 0xECA3, 0xEC23, 0xD322, 0xD325, 0xB266, 0x78C2, 0xA205, 0xCB45, 0xDB45, 0xE364, 0xDB23, 0xCB06,   // 0x3150 (12624) pixels
0xBAC9, 0x7902, 0xA262, 0xF4C6, 0xF466, 0xF443, 0xE445, 0xA2A4, 0x48A2, 0x48E6, 0x38C6, 0x48E6, 0x40C5, 0x40A5, 0x40A5, 0x38A6,   // 0x3160 (12640) pixels
0x3886, 0x2845, 0x2004, 0x1804, 0x1804, 0x1804, 0x1803, 0x1003, 0x1002, 0x1002, 0x1002, 0x0801, 0x0003, 0x0003, 0x1884, 0x30C5,   // 0x3170 (12656) pixels
0x38E5, 0x40C5, 0x40A5, 0x40A5, 0x7145, 0x8985, 0xAA43, 0xD3C4, 0xE486, 0xBB67, 0x7964, 0x68E4, 0x9A27, 0xB2EA, 0x8A05, 0x7940,   // 0x3180 (12672) pixels
0xCBC6, 0xFD09, 0xECA7, 0xDC46, 0x99E6, 0x81E6, 0x28C1, 0x0000, 0x0020, 0x0041, 0x0000, 0x0000, 0x0800, 0x0000, 0x0000, 0x0000,   // 0x3190 (12688) pixels
0x0001, 0x0001, 0x0001, 0x0001, 0x0000, 0x0820, 0x0820, 0x0000, 0x0000, 0x0000, 0x0000, 0x0000, 0x0000, 0x0000, 0x0000, 0x0000,   // 0x31A0 (12704) pixels
0x0000, 0x0000, 0x0000, 0x0000, 0x0000, 0x0000, 0x0000, 0x0000, 0x0000, 0x0000, 0x0000, 0x0000, 0x0000, 0x0000, 0x0000, 0x0000,   // 0x31B0 (12720) pixels
0x0000, 0x0000, 0x0000, 0x0000, 0x0000, 0x0000, 0x0000, 0x0000, 0x0000, 0x0000, 0x0000, 0x0000, 0x0000, 0x0000, 0x0000, 0x0000,   // 0x31C0 (12736) pixels
0x0000, 0x0000, 0x0000, 0x0000, 0x0000, 0x0000, 0x0000, 0x0000, 0x0000, 0x0000, 0x0000, 0x0000, 0x0000, 0x0000, 0x0000, 0x0000,   // 0x31D0 (12752) pixels
0x0000, 0x0000, 0x0000, 0x0000, 0x0000, 0x0000, 0x0000, 0x0000, 0x0000, 0x0000, 0x0000, 0x0000, 0x0000, 0x0000, 0x0000, 0x0000,   // 0x31E0 (12768) pixels
0x0000, 0x0000, 0x0800, 0x0020, 0x0021, 0x49C6, 0xA347, 0xB2C1, 0xEC86, 0xECA6, 0xF447, 0xE3E7, 0xB2C5, 0x8162, 0x9226, 0x9A25,   // 0x31F0 (12784) pixels
0xAA65, 0xAA44, 0xA265, 0xAA65, 0xA263, 0xBB03, 0xEC86, 0xF4A7, 0xDB85, 0xC2C5, 0x9222, 0x81C4, 0x3861, 0x1021, 0x0043, 0x0001,   // 0x3200 (12800) pixels
0x30E0, 0x7A83, 0xECC5, 0xF4A5, 0xEC24, 0xEBE6, 0xC2C6, 0x8102, 0x8983, 0xB2A6, 0xD324, 0xE363, 0xDB43, 0xB263, 0x8964, 0x6881,   // 0x3210 (12816) pixels
0xA283, 0xECA6, 0xFCA6, 0xF484, 0xF4A5, 0xAAE5, 0x48C2, 0x4106, 0x38A5, 0x38A6, 0x2844, 0x2844, 0x2844, 0x2024, 0x1824, 0x1004,   // 0x3220 (12832) pixels
0x0804, 0x0803, 0x0804, 0x0804, 0x0803, 0x0803, 0x0003, 0x0002, 0x0001, 0x0001, 0x0003, 0x0002, 0x0823, 0x2063, 0x3084, 0x40A5,   // 0x3230 (12848) pixels
0x48C6, 0x48A6, 0x7167, 0x7984, 0xAA83, 0xE446, 0xE4A6, 0xD427, 0xB327, 0x8184, 0x68E3, 0x60E2, 0x79C3, 0xAB25, 0xECC9, 0xFD09,   // 0x3240 (12864) pixels
0xE447, 0xC3A6, 0x91A6, 0x6144, 0x1861, 0x0020, 0x0041, 0x0000, 0x0800, 0x1000, 0x1800, 0x1800, 0x1000, 0x0800, 0x0000, 0x0001,   // 0x3250 (12880) pixels
0x0001, 0x0001, 0x0000, 0x0000, 0x0000, 0x0000, 0x0000, 0x0000, 0x0000, 0x0000, 0x0000, 0x0000, 0x0000, 0x0000, 0x0000, 0x0000,   // 0x3260 (12896) pixels
0x0000, 0x0000, 0x0000, 0x0000, 0x0000, 0x0000, 0x0000, 0x0000, 0x0000, 0x0000, 0x0000, 0x0000, 0x0000, 0x0000, 0x0000, 0x0000,   // 0x3270 (12912) pixels
0x0000, 0x0000, 0x0000, 0x0000, 0x0000, 0x0000, 0x0000, 0x0000, 0x0000, 0x0000, 0x0000, 0x0000, 0x0000, 0x0000, 0x0000, 0x0000,   // 0x3280 (12928) pixels
0x0000, 0x0000, 0x0000, 0x0000, 0x0000, 0x0000, 0x0000, 0x0000, 0x0000, 0x0000, 0x0000, 0x0000, 0x0000, 0x0000, 0x0000, 0x0000,   // 0x3290 (12944) pixels
0x0000, 0x0000, 0x0000, 0x0000, 0x0000, 0x0000, 0x0000, 0x0000, 0x0000, 0x0000, 0x0000, 0x0000, 0x0000, 0x0000, 0x0021, 0x0021,   // 0x32A0 (12960) pixels
0x0800, 0x0000, 0x0000, 0x0041, 0x1020, 0x48E0, 0xDC68, 0xF465, 0xF4A2, 0xFCE6, 0xDC26, 0x9222, 0x89A3, 0x8183, 0x9184, 0x8943,   // 0x32B0 (12976) pixels
0x8986, 0x7922, 0xAA84, 0xE466, 0xFD05, 0xF4A5, 0xCB44, 0xAA04, 0x6923, 0x58E4, 0x2001, 0x0001, 0x0023, 0x0002, 0x0800, 0x2880,   // 0x32C0 (12992) pixels
0xDC87, 0xECC5, 0xF483, 0xFC86, 0xE3E8, 0xB2A6, 0x91A3, 0x91A3, 0xD327, 0xDB66, 0xE367, 0xAA04, 0x7081, 0x7922, 0xCBA6, 0xF4E6,   // 0x32D0 (13008) pixels
0xF465, 0xF484, 0xECA7, 0xAB06, 0x48E3, 0x38C5, 0x2024, 0x1802, 0x1004, 0x1004, 0x1004, 0x0803, 0x0003, 0x0003, 0x0003, 0x0003,   // 0x32E0 (13024) pixels
0x0003, 0x0003, 0x0003, 0x0023, 0x0002, 0x0001, 0x0001, 0x0021, 0x0002, 0x0002, 0x0001, 0x0801, 0x2064, 0x38C5, 0x48C7, 0x48C7,   // 0x32F0 (13040) pixels
0x6188, 0x71A5, 0x9A63, 0xCB84, 0xD424, 0xE486, 0xE488, 0xBB25, 0x9224, 0x81E2, 0xB386, 0xF54B, 0xF509, 0xE467, 0xB305, 0x9243,   // 0x3300 (13056) pixels
0x81C7, 0x3882, 0x0800, 0x0000, 0x0001, 0x1802, 0x4085, 0x5927, 0x6186, 0x61C7, 0x5986, 0x38C3, 0x1820, 0x1800, 0x1821, 0x1801,   // 0x3310 (13072) pixels
0x0820, 0x0000, 0x0000, 0x0000, 0x0020, 0x0000, 0x0020, 0x0020, 0x0000, 0x0000, 0x0000, 0x0000, 0x0000, 0x0000, 0x0000, 0x0000,   // 0x3320 (13088) pixels
0x0000, 0x0000, 0x0000, 0x0000, 0x0000, 0x0000, 0x0000, 0x0000, 0x0000, 0x0000, 0x0000, 0x0000, 0x0000, 0x0000, 0x0000, 0x0000,   // 0x3330 (13104) pixels
0x0000, 0x0000, 0x0000, 0x0000, 0x0000, 0x0000, 0x0000, 0x0000, 0x0000, 0x0000, 0x0000, 0x0000, 0x0000, 0x0000, 0x0000, 0x0000,   // 0x3340 (13120) pixels
0x0000, 0x0000, 0x0000, 0x0000, 0x0000, 0x0000, 0x0000, 0x0000, 0x0000, 0x0000, 0x0000, 0x0000, 0x0000, 0x0000, 0x0000, 0x0000,   // 0x3350 (13136) pixels
0x0000, 0x0000, 0x0000, 0x0000, 0x0000, 0x0000, 0x0000, 0x0000, 0x0020, 0x0020, 0x0000, 0x0000, 0x0000, 0x0000, 0x0002, 0x0000,   // 0x3360 (13152) pixels
0x0040, 0x0020, 0x0000, 0x4942, 0xED0B, 0xFC84, 0xF4C5, 0xECA5, 0xE465, 0xD426, 0xCBC6, 0xC345, 0xBB04, 0xB2C4, 0xB2C6, 0xAAA4,   // 0x3370 (13168) pixels
0xCB65, 0xF4C7, 0xEC85, 0xEC66, 0xD3A7, 0xB2A5, 0x6988, 0x5148, 0x2044, 0x0001, 0x0002, 0x0002, 0x0822, 0x1040, 0xCC29, 0xF4E7,   // 0x3380 (13184) pixels
0xF4A2, 0xF463, 0xF487, 0xDC28, 0xAA84, 0x8981, 0xA1E6, 0xA1A4, 0xA9E5, 0x9143, 0x70C1, 0xAAA5, 0xF4A8, 0xF4A4, 0xF4A6, 0xF4C6,   // 0x3390 (13200) pixels
0xE467, 0x9AA7, 0x4905, 0x30E6, 0x2085, 0x1803, 0x0824, 0x0824, 0x0824, 0x0003, 0x0003, 0x0023, 0x0022, 0x0002, 0x0001, 0x0001,   // 0x33A0 (13216) pixels
0x0001, 0x0001, 0x0001, 0x0001, 0x0021, 0x0021, 0x0023, 0x0002, 0x0001, 0x0802, 0x1863, 0x2885, 0x3085, 0x3886, 0x40C6, 0x6166,   // 0x33B0 (13232) pixels
0x81A3, 0x9A01, 0xC343, 0xDC23, 0xE464, 0xDBE5, 0xD3E7, 0xD427, 0xDC88, 0xE4A8, 0xD3E5, 0xC365, 0x89E3, 0x6963, 0x69E8, 0x3083,   // 0x33C0 (13248) pixels
0x0821, 0x0001, 0x1002, 0x3044, 0x58E7, 0x6928, 0x71A7, 0x7A08, 0x7228, 0x61A6, 0x5125, 0x5125, 0x5125, 0x4904, 0x3124, 0x1881,   // 0x33D0 (13264) pixels
0x0800, 0x0000, 0x0000, 0x0000, 0x0000, 0x0020, 0x0000, 0x0000, 0x0000, 0x0000, 0x0000, 0x0000, 0x0000, 0x0000, 0x0000, 0x0000,   // 0x33E0 (13280) pixels
0x0000, 0x0000, 0x0000, 0x0000, 0x0000, 0x0000, 0x0000, 0x0000, 0x0000, 0x0000, 0x0000, 0x0000, 0x0000, 0x0000, 0x0000, 0x0000,   // 0x33F0 (13296) pixels
0x0000, 0x0000, 0x0000, 0x0000, 0x0000, 0x0000, 0x0000, 0x0000, 0x0000, 0x0000, 0x0000, 0x0000, 0x0000, 0x0000, 0x0000, 0x0000,   // 0x3400 (13312) pixels
0x0000, 0x0000, 0x0000, 0x0000, 0x0000, 0x0000, 0x0000, 0x0000, 0x0000, 0x0000, 0x0000, 0x0000, 0x0000, 0x0000, 0x0000, 0x0000,   // 0x3410 (13328) pixels
0x0000, 0x0000, 0x0000, 0x0000, 0x0000, 0x0000, 0x0000, 0x0000, 0x0800, 0x0800, 0x1000, 0x0800, 0x0000, 0x0800, 0x0800, 0x0800,   // 0x3420 (13344) pixels
0x1801, 0x5165, 0xB3A9, 0xBB85, 0xBB67, 0xBB25, 0xC343, 0xF4C7, 0xF4E6, 0xEC84, 0xEC85, 0xECA6, 0xF466, 0xF486, 0xEC45, 0xE426,   // 0x3430 (13360) pixels
0xB2A2, 0xAA84, 0x9A85, 0x7162, 0x40A5, 0x30A6, 0x1043, 0x0000, 0x0000, 0x0001, 0x0001, 0x0000, 0xB367, 0xF4E8, 0xF462, 0xF443,   // 0x3440 (13376) pixels
0xF466, 0xF4C7, 0xDC25, 0xC344, 0x8980, 0x8120, 0x9142, 0x9182, 0x9A02, 0xD3E7, 0xEC67, 0xEC03, 0xEC65, 0xE446, 0xB2E4, 0x6102,   // 0x3450 (13392) pixels
0x2823, 0x1844, 0x1023, 0x0802, 0x0002, 0x0002, 0x0002, 0x0002, 0x0002, 0x0802, 0x0802, 0x0802, 0x1000, 0x1801, 0x1001, 0x1001,   // 0x3460 (13408) pixels
0x1001, 0x1002, 0x1002, 0x0801, 0x0002, 0x0002, 0x0001, 0x0001, 0x0822, 0x0802, 0x1003, 0x2024, 0x2004, 0x5105, 0x7964, 0x8143,   // 0x3470 (13424) pixels
0xBAE6, 0xDC05, 0xE424, 0xEC25, 0xE405, 0xEC67, 0xDC06, 0xB2A1, 0xB282, 0xAA64, 0x7984, 0x6146, 0x2862, 0x0801, 0x0001, 0x0002,   // 0x3480 (13440) pixels
0x1844, 0x40A6, 0x50C7, 0x50A6, 0x50A4, 0x50E5, 0x5125, 0x5966, 0x5986, 0x6187, 0x6166, 0x5945, 0x5166, 0x38E4, 0x2041, 0x1000,   // 0x3490 (13456) pixels
0x1020, 0x1041, 0x0800, 0x0000, 0x0000, 0x0000, 0x0000, 0x0000, 0x0000, 0x0000, 0x0000, 0x0000, 0x0000, 0x0000, 0x0000, 0x0000,   // 0x34A0 (13472) pixels
0x0000, 0x0000, 0x0000, 0x0000, 0x0000, 0x0000, 0x0000, 0x0000, 0x0000, 0x0000, 0x0000, 0x0000, 0x0000, 0x0000, 0x0000, 0x0000,   // 0x34B0 (13488) pixels
0x0000, 0x0000, 0x0000, 0x0000, 0x0000, 0x0000, 0x0000, 0x0000, 0x0000, 0x0000, 0x0000, 0x0000, 0x0000, 0x0000, 0x0000, 0x0000,   // 0x34C0 (13504) pixels
0x0000, 0x0000, 0x0000, 0x0000, 0x0000, 0x0000, 0x0000, 0x0000, 0x0000, 0x0000, 0x0000, 0x0000, 0x0000, 0x0000, 0x0000, 0x0000,   // 0x34D0 (13520) pixels
0x0000, 0x0000, 0x0821, 0x0000, 0x0000, 0x1020, 0x30C2, 0x4964, 0x51A5, 0x5184, 0x61C2, 0x61E4, 0x48E4, 0x4084, 0x48A5, 0x3043,   // 0x34E0 (13536) pixels
0x2020, 0x1000, 0x5883, 0x8184, 0xAA63, 0xFCC7, 0xFCC5, 0xF483, 0xF4C4, 0xECA5, 0xFC63, 0xFCA4, 0xFC84, 0xEC46, 0x91A1, 0x7964,   // 0x34F0 (13552) pixels
0x79A7, 0x4041, 0x1802, 0x1002, 0x0000, 0x0020, 0x0020, 0x0000, 0x0021, 0x0000, 0xB346, 0xFD49, 0xF483, 0xFC65, 0xF466, 0xF4C5,   // 0x3500 (13568) pixels
0xECC5, 0xE464, 0xDC84, 0xDC46, 0xDC08, 0xDC09, 0xDC27, 0xE487, 0xE3E5, 0xEBC5, 0xEC87, 0xE467, 0x9A42, 0x4020, 0x2003, 0x1004,   // 0x3510 (13584) pixels
0x0002, 0x0001, 0x0001, 0x0002, 0x0002, 0x0801, 0x0802, 0x1823, 0x1844, 0x2044, 0x40E3, 0x4904, 0x4925, 0x40E4, 0x38C4, 0x38C4,   // 0x3520 (13600) pixels
0x2864, 0x2002, 0x0002, 0x0002, 0x0001, 0x0001, 0x0001, 0x0001, 0x0803, 0x1844, 0x2004, 0x50C5, 0x8186, 0x8125, 0xB288, 0xD3C7,   // 0x3530 (13616) pixels
0xDBE4, 0xE3C5, 0xF425, 0xEC26, 0xEC08, 0xB262, 0xBA84, 0x9A04, 0x7145, 0x5106, 0x0800, 0x0021, 0x0042, 0x0002, 0x2065, 0x3086,   // 0x3540 (13632) pixels
0x3044, 0x3064, 0x48A5, 0x40A5, 0x40A5, 0x4905, 0x4905, 0x48E5, 0x50E4, 0x5105, 0x5926, 0x5125, 0x48E5, 0x4905, 0x4946, 0x4166,   // 0x3550 (13648) pixels
0x28C3, 0x1000, 0x0000, 0x0000, 0x0000, 0x0000, 0x0000, 0x0000, 0x0000, 0x0000, 0x0000, 0x0000, 0x0000, 0x0000, 0x0000, 0x0000,   // 0x3560 (13664) pixels
0x0000, 0x0000, 0x0000, 0x0000, 0x0000, 0x0000, 0x0000, 0x0000, 0x0000, 0x0000, 0x0000, 0x0000, 0x0000, 0x0000, 0x0000, 0x0000,   // 0x3570 (13680) pixels
0x0000, 0x0000, 0x0000, 0x0000, 0x0000, 0x0000, 0x0000, 0x0000, 0x0000, 0x0000, 0x0000, 0x0000, 0x0000, 0x0000, 0x0000, 0x0000,   // 0x3580 (13696) pixels
0x0000, 0x0000, 0x0000, 0x0000, 0x0000, 0x0000, 0x0000, 0x0000, 0x0000, 0x0020, 0x0000, 0x0020, 0x0020, 0x0001, 0x0002, 0x0002,   // 0x3590 (13712) pixels
0x0001, 0x18A2, 0x28E2, 0x2000, 0x92A3, 0xECE8, 0xEC87, 0xE428, 0xF467, 0xDC29, 0x92A7, 0x5143, 0x38C3, 0x4107, 0x2844, 0x1000,   // 0x35A0 (13728) pixels
0x1080, 0x4142, 0x7A24, 0xD3E9, 0xDBA7, 0xDBA7, 0xDBC7, 0xD3C7, 0xE3C8, 0xD387, 0xDBE9, 0xCBC9, 0x9245, 0x81C5, 0x79E6, 0x4861,   // 0x35B0 (13744) pixels
0x0001, 0x0001, 0x0001, 0x0001, 0x0001, 0x0000, 0x0000, 0x0000, 0x6A06, 0xA34A, 0xC388, 0xF447, 0xF425, 0xEC66, 0xEC65, 0xFC84,   // 0x35C0 (13760) pixels
0xFC84, 0xEC65, 0xE465, 0xF485, 0xFC85, 0xF3E5, 0xEBA4, 0xF445, 0xEC25, 0xDC09, 0x9ACA, 0x3884, 0x1844, 0x0001, 0x0002, 0x0803,   // 0x35D0 (13776) pixels
0x0022, 0x0001, 0x0822, 0x28C5, 0x2044, 0x2824, 0x3045, 0x2005, 0x60A3, 0x81A6, 0x8185, 0x8185, 0x7966, 0x7986, 0x6923, 0x6122,   // 0x35E0 (13792) pixels
0x5144, 0x3081, 0x0000, 0x0001, 0x0023, 0x0003, 0x0804, 0x1824, 0x1803, 0x40E6, 0x6167, 0x81A7, 0x89C6, 0x89A4, 0x8A06, 0x9246,   // 0x35F0 (13808) pixels
0xB306, 0xC346, 0xC326, 0x89C2, 0x79E5, 0x5124, 0x2021, 0x1800, 0x0022, 0x0001, 0x0002, 0x0003, 0x2065, 0x3065, 0x3845, 0x4045,   // 0x3600 (13824) pixels
0x4866, 0x48A3, 0x48A4, 0x4886, 0x40C4, 0x40E5, 0x30C7, 0x28C6, 0x48A3, 0x6966, 0x6905, 0x6926, 0x7166, 0x6186, 0x38E3, 0x1820,   // 0x3610 (13840) pixels
0x1020, 0x0000, 0x0000, 0x0000, 0x0000, 0x0800, 0x0020, 0x0001, 0x0000, 0x0000, 0x0000, 0x0000, 0x0000, 0x0000, 0x0000, 0x0000,   // 0x3620 (13856) pixels
0x0000, 0x0000, 0x0000, 0x0000, 0x0000, 0x0000, 0x0000, 0x0000, 0x0000, 0x0000, 0x0000, 0x0000, 0x0000, 0x0000, 0x0000, 0x0000,   // 0x3630 (13872) pixels
0x0000, 0x0000, 0x0000, 0x0000, 0x0000, 0x0000, 0x0000, 0x0000, 0x0000, 0x0000, 0x0000, 0x0000, 0x0000, 0x0000, 0x0000, 0x0000,   // 0x3640 (13888) pixels
0x0000, 0x0000, 0x0000, 0x0000, 0x0000, 0x0000, 0x0000, 0x0000, 0x0000, 0x0000, 0x0000, 0x0820, 0x0821, 0x0000, 0x0021, 0x5245,   // 0x3650 (13904) pixels
0xC4AB, 0xD428, 0xE447, 0xF4A6, 0xEC84, 0xF4C5, 0xF466, 0xF487, 0xD428, 0x9265, 0x50C2, 0x5106, 0x4906, 0x3884, 0x0001, 0x1801,   // 0x3660 (13920) pixels
0x3061, 0x6964, 0x60E2, 0x68E1, 0x6902, 0x6942, 0x7121, 0x7142, 0x79A4, 0x6943, 0x3840, 0x3000, 0x3063, 0x2002, 0x0000, 0x0000,   // 0x3670 (13936) pixels
0x0000, 0x0000, 0x0000, 0x0000, 0x0000, 0x0000, 0x0000, 0x1000, 0x6940, 0xDBC6, 0xE384, 0xE384, 0xEBA4, 0xFC04, 0xF466, 0xEC87,   // 0x3680 (13952) pixels
0xEC86, 0xF485, 0xEC04, 0xD2E2, 0xCAC3, 0xDB85, 0xBB65, 0x7161, 0x50E3, 0x2864, 0x1864, 0x0822, 0x0823, 0x0002, 0x0804, 0x1004,   // 0x3690 (13968) pixels
0x2064, 0x4947, 0x5126, 0x5105, 0x5104, 0x48C3, 0x6144, 0x79E6, 0x71A5, 0x7165, 0x7165, 0x7986, 0x79A5, 0x79A4, 0x6A07, 0x4104,   // 0x36A0 (13984) pixels
0x1841, 0x1021, 0x0021, 0x0001, 0x0001, 0x0802, 0x0802, 0x1822, 0x3062, 0x6145, 0x79A6, 0x7144, 0x7164, 0x7184, 0xA203, 0x9A04,   // 0x36B0 (14000) pixels
0x7983, 0x3000, 0x2021, 0x1022, 0x1821, 0x2000, 0x2000, 0x2001, 0x2042, 0x0001, 0x0002, 0x0803, 0x1023, 0x1023, 0x3866, 0x40C4,   // 0x36C0 (14016) pixels
0x48E6, 0x48C7, 0x40C5, 0x40C4, 0x40A5, 0x40E5, 0x81E5, 0xA2A8, 0x9A65, 0x9A24, 0x89E3, 0x81E4, 0x6985, 0x6185, 0x3923, 0x0820,   // 0x36D0 (14032) pixels
0x0000, 0x0000, 0x0000, 0x0000, 0x0000, 0x0001, 0x0000, 0x0000, 0x0000, 0x0000, 0x0000, 0x0000, 0x0000, 0x0000, 0x0000, 0x0000,   // 0x36E0 (14048) pixels
0x0000, 0x0000, 0x0000, 0x0000, 0x0000, 0x0000, 0x0000, 0x0000, 0x0000, 0x0000, 0x0000, 0x0000, 0x0000, 0x0000, 0x0000, 0x0000,   // 0x36F0 (14064) pixels
0x0000, 0x0000, 0x0000, 0x0000, 0x0000, 0x0000, 0x0000, 0x0000, 0x0000, 0x0000, 0x0000, 0x0000, 0x0000, 0x0000, 0x0000, 0x0000,   // 0x3700 (14080) pixels
0x0000, 0x0000, 0x0000, 0x0000, 0x0000, 0x0000, 0x0000, 0x0000, 0x0000, 0x0020, 0x0000, 0x0800, 0x0800, 0x6A01, 0xECE7, 0xFCE6,   // 0x3710 (14096) pixels
0xF444, 0xF485, 0xF4C4, 0xF4A4, 0xF485, 0xF483, 0xFC86, 0xB265, 0x5862, 0x50E4, 0x5945, 0x5104, 0x1023, 0x1003, 0x1803, 0x38C6,   // 0x3720 (14112) pixels
0x38A5, 0x4106, 0x4927, 0x5148, 0x5945, 0x5986, 0x5986, 0x38E4, 0x1001, 0x0001, 0x0002, 0x0003, 0x0000, 0x0000, 0x0000, 0x0000,   // 0x3730 (14128) pixels
0x0000, 0x0000, 0x0000, 0x0000, 0x0060, 0x0000, 0x59A1, 0xCBE7, 0xD3A5, 0xD3A5, 0xD383, 0xF3E3, 0xF467, 0xEC67, 0xEC86, 0xF485,   // 0x3740 (14144) pixels
0xEC05, 0xC2A3, 0xC306, 0xD3EA, 0x9B4A, 0x3040, 0x1000, 0x0802, 0x0001, 0x0001, 0x0002, 0x0803, 0x1805, 0x2004, 0x2803, 0x50E5,   // 0x3750 (14160) pixels
0x6166, 0x7185, 0x6964, 0x6964, 0x69A4, 0x7A26, 0x71C4, 0x7185, 0x6104, 0x6946, 0x6966, 0x6145, 0x61A7, 0x5965, 0x5145, 0x4965,   // 0x3760 (14176) pixels
0x30E3, 0x1020, 0x0001, 0x0001, 0x0001, 0x0001, 0x1021, 0x4124, 0x61C7, 0x61A6, 0x61A6, 0x69C7, 0x8247, 0x7A27, 0x5145, 0x1001,   // 0x3770 (14192) pixels
0x0803, 0x2884, 0x6166, 0x7965, 0x8164, 0x79C5, 0x5945, 0x1001, 0x0001, 0x0002, 0x0043, 0x0864, 0x38A5, 0x4105, 0x4107, 0x40C8,   // 0x3780 (14208) pixels
0x48A6, 0x50A3, 0x58E3, 0x6163, 0xAA84, 0xD386, 0xD3C5, 0xDBE4, 0xE426, 0xD3C7, 0xA286, 0x81A5, 0x4122, 0x1000, 0x0000, 0x0020,   // 0x3790 (14224) pixels
0x0000, 0x0000, 0x0000, 0x0000, 0x0000, 0x0000, 0x0000, 0x0000, 0x0000, 0x0000, 0x0000, 0x0000, 0x0000, 0x0000, 0x0000, 0x0000,   // 0x37A0 (14240) pixels
0x0000, 0x0000, 0x0000, 0x0000, 0x0000, 0x0000, 0x0000, 0x0000, 0x0000, 0x0000, 0x0000, 0x0000, 0x0000, 0x0000, 0x0000, 0x0000,   // 0x37B0 (14256) pixels
0x0000, 0x0000, 0x0000, 0x0000, 0x0000, 0x0000, 0x0000, 0x0000, 0x0000, 0x0000, 0x0000, 0x0000, 0x0000, 0x0000, 0x0000, 0x0000,   // 0x37C0 (14272) pixels
0x0000, 0x0000, 0x0800, 0x0000, 0x0000, 0x0020, 0x0000, 0x0020, 0x0000, 0x20E2, 0x8A85, 0xBB44, 0xFC65, 0xFC64, 0xDBE3, 0xCBE5,   // 0x37D0 (14288) pixels
0xCBA6, 0xD327, 0xCBA5, 0xD362, 0xF404, 0xD325, 0xA265, 0x71C5, 0x50E3, 0x50E4, 0x4946, 0x30C5, 0x1823, 0x1044, 0x0803, 0x0824,   // 0x37E0 (14304) pixels
0x0824, 0x1023, 0x2063, 0x2063, 0x2083, 0x0821, 0x0000, 0x0021, 0x0002, 0x0043, 0x0001, 0x0001, 0x0001, 0x0001, 0x0001, 0x0001,   // 0x37F0 (14320) pixels
0x0001, 0x0001, 0x0002, 0x0001, 0x28A2, 0x5963, 0x6182, 0x69C2, 0x8221, 0xE487, 0xFC65, 0xF444, 0xEC44, 0xF484, 0xF445, 0xAA22,   // 0x3800 (14336) pixels
0x9205, 0x8A26, 0x3945, 0x0800, 0x0001, 0x0822, 0x0042, 0x0001, 0x0802, 0x2085, 0x3065, 0x38A5, 0x3843, 0x50C4, 0x6945, 0x7986,   // 0x3810 (14352) pixels
0x7966, 0x79A6, 0x79C4, 0x79C4, 0x6943, 0x6123, 0x4882, 0x50C5, 0x5107, 0x4907, 0x6105, 0x6146, 0x6986, 0x69A6, 0x4904, 0x2082,   // 0x3820 (14368) pixels
0x1062, 0x0001, 0x0021, 0x0021, 0x0001, 0x1042, 0x2083, 0x2062, 0x2042, 0x2863, 0x2022, 0x2862, 0x30A3, 0x2841, 0x3062, 0x58E4,   // 0x3830 (14384) pixels
0x9165, 0xA143, 0x99A2, 0x89A3, 0x6923, 0x2800, 0x2022, 0x0802, 0x0002, 0x0824, 0x2044, 0x2083, 0x2065, 0x3066, 0x50C6, 0x7165,   // 0x3840 (14400) pixels
0x9224, 0xAAC5, 0xCB64, 0xE406, 0xE444, 0xEC85, 0xFCE7, 0xEC88, 0xBAE5, 0x91A2, 0x69C4, 0x40E2, 0x0820, 0x0000, 0x0000, 0x0000,   // 0x3850 (14416) pixels
0x0000, 0x0000, 0x0000, 0x0000, 0x0000, 0x0000, 0x0000, 0x0000, 0x0000, 0x0000, 0x0000, 0x0000, 0x0000, 0x0000, 0x0000, 0x0000,   // 0x3860 (14432) pixels
0x0000, 0x0000, 0x0000, 0x0000, 0x0000, 0x0000, 0x0000, 0x0000, 0x0000, 0x0000, 0x0000, 0x0000, 0x0000, 0x0000, 0x0000, 0x0000,   // 0x3870 (14448) pixels
0x0000, 0x0000, 0x0000, 0x0000, 0x0000, 0x0000, 0x0000, 0x0000, 0x0000, 0x0000, 0x0000, 0x0000, 0x0000, 0x0000, 0x0000, 0x0000,   // 0x3880 (14464) pixels
0x0800, 0x0000, 0x0000, 0x0021, 0x0041, 0x0020, 0x0020, 0x4A67, 0xCBC8, 0xDBA5, 0xFC45, 0xF406, 0xAA84, 0x6921, 0x60A3, 0x70A6,   // 0x3890 (14480) pixels
0x70C5, 0x8943, 0xDBA5, 0xFCE5, 0xED27, 0x92C4, 0x48C3, 0x5908, 0x5124, 0x40E3, 0x2883, 0x1863, 0x0002, 0x0002, 0x0002, 0x0002,   // 0x38A0 (14496) pixels
0x0001, 0x0001, 0x0001, 0x0000, 0x0001, 0x0042, 0x0001, 0x0022, 0x0003, 0x0003, 0x0003, 0x0003, 0x0003, 0x0002, 0x0002, 0x0002,   // 0x38B0 (14512) pixels
0x0802, 0x0003, 0x0003, 0x0001, 0x0801, 0x0800, 0x3080, 0xDCCA, 0xFC84, 0xF464, 0xF4A4, 0xFD06, 0xECA7, 0x91E3, 0x50A2, 0x2800,   // 0x38C0 (14528) pixels
0x0001, 0x0022, 0x0021, 0x0001, 0x0002, 0x1043, 0x2044, 0x2885, 0x5127, 0x69C9, 0x6167, 0x6987, 0x7166, 0x7186, 0x7166, 0x7166,   // 0x38D0 (14544) pixels
0x6166, 0x58E4, 0x58C3, 0x7186, 0x7185, 0x7186, 0x6986, 0x6967, 0x7145, 0x7986, 0x7966, 0x7166, 0x6986, 0x59A7, 0x3926, 0x0822,   // 0x38E0 (14560) pixels
0x0000, 0x0021, 0x0021, 0x0001, 0x0001, 0x0001, 0x0801, 0x1022, 0x1805, 0x3024, 0x7165, 0x8163, 0x8162, 0x9183, 0x9982, 0xA142,   // 0x38F0 (14576) pixels
0xA142, 0x9962, 0x9183, 0x7963, 0x6986, 0x40C4, 0x1003, 0x0003, 0x0802, 0x0802, 0x0803, 0x2004, 0x50A5, 0x91E5, 0xC346, 0xE428,   // 0x3900 (14592) pixels
0xD3E6, 0xDC06, 0xDC07, 0xDC47, 0xECC9, 0xECC9, 0xDC07, 0xCB64, 0xA307, 0x7226, 0x1840, 0x0000, 0x0000, 0x0000, 0x0020, 0x0000,   // 0x3910 (14608) pixels
0x0000, 0x0000, 0x0000, 0x0000, 0x0000, 0x0000, 0x0000, 0x0000, 0x0000, 0x0000, 0x0000, 0x0000, 0x0000, 0x0000, 0x0000, 0x0000,   // 0x3920 (14624) pixels
0x0000, 0x0000, 0x0000, 0x0000, 0x0000, 0x0000, 0x0000, 0x0000, 0x0000, 0x0000, 0x0000, 0x0000, 0x0000, 0x0000, 0x0000, 0x0000,   // 0x3930 (14640) pixels
0x0000, 0x0000, 0x0000, 0x0000, 0x0000, 0x0000, 0x0000, 0x0000, 0x0000, 0x0000, 0x0000, 0x0000, 0x0000, 0x0000, 0x0000, 0x0020,   // 0x3940 (14656) pixels
0x0001, 0x0022, 0x0001, 0x0000, 0x0800, 0x5204, 0xB2C4, 0xDB84, 0xFC87, 0xEB88, 0x99A6, 0x6085, 0x6086, 0x68C7, 0x5846, 0x6045,   // 0x3950 (14672) pixels
0xA267, 0xD424, 0xED45, 0xA302, 0x5902, 0x50E6, 0x58E3, 0x5104, 0x5126, 0x38E6, 0x1844, 0x1023, 0x0002, 0x0002, 0x0003, 0x0002,   // 0x3960 (14688) pixels
0x0002, 0x0001, 0x0802, 0x1002, 0x1003, 0x1003, 0x0804, 0x0804, 0x0804, 0x0803, 0x0803, 0x0803, 0x0803, 0x0803, 0x0802, 0x0023,   // 0x3970 (14704) pixels
0x0023, 0x0023, 0x0023, 0x0001, 0x4102, 0xC42B, 0xDC26, 0xCC06, 0xCC26, 0xCC67, 0xBC09, 0x79E5, 0x40E4, 0x1802, 0x0002, 0x0042,   // 0x3980 (14720) pixels
0x0001, 0x0001, 0x1002, 0x30A5, 0x40E5, 0x40A3, 0x50E5, 0x6146, 0x6125, 0x6965, 0x6944, 0x7185, 0x7185, 0x6965, 0x4907, 0x3864,   // 0x3990 (14736) pixels
0x50A3, 0x9268, 0xAAE7, 0xAA85, 0xA224, 0xA204, 0x89E4, 0x9205, 0x8185, 0x7125, 0x7187, 0x69E9, 0x4126, 0x0800, 0x0001, 0x0001,   // 0x39A0 (14752) pixels
0x0001, 0x0002, 0x0002, 0x0002, 0x0002, 0x1823, 0x2005, 0x3822, 0x8163, 0xA1A2, 0xA181, 0xA1A2, 0x9983, 0xA184, 0xA986, 0xA144,   // 0x39B0 (14768) pixels
0xB1C4, 0xA9C4, 0x89A4, 0x48A2, 0x1802, 0x0002, 0x0803, 0x0803, 0x1043, 0x2843, 0x5884, 0x99E4, 0xD3A5, 0xE447, 0xCBE8, 0xB306,   // 0x39C0 (14784) pixels
0x9A65, 0x9224, 0xB348, 0xE4AB, 0xECC9, 0xDC05, 0xBB06, 0x8225, 0x1800, 0x0000, 0x0041, 0x0000, 0x0020, 0x0000, 0x0000, 0x0000,   // 0x39D0 (14800) pixels
0x0000, 0x0000, 0x0000, 0x0000, 0x0000, 0x0000, 0x0000, 0x0000, 0x0000, 0x0000, 0x0000, 0x0000, 0x0000, 0x0000, 0x0000, 0x0000,   // 0x39E0 (14816) pixels
0x0000, 0x0000, 0x0000, 0x0000, 0x0000, 0x0000, 0x0000, 0x0000, 0x0000, 0x0000, 0x0000, 0x0000, 0x0000, 0x0000, 0x0000, 0x0000,   // 0x39F0 (14832) pixels
0x0000, 0x0000, 0x0000, 0x0000, 0x0000, 0x0000, 0x0000, 0x0000, 0x0000, 0x0000, 0x0000, 0x0000, 0x0000, 0x0020, 0x0001, 0x0001,   // 0x3A00 (14848) pixels
0x0000, 0x38E1, 0x5960, 0x8262, 0xB283, 0xD385, 0xDBC7, 0xA1E3, 0x9165, 0x9985, 0x99A5, 0x9144, 0x8165, 0x5003, 0x5044, 0x7983,   // 0x3A10 (14864) pixels
0xDC47, 0xDC86, 0xAB05, 0x6944, 0x50E5, 0x50E5, 0x50E6, 0x3885, 0x2844, 0x1824, 0x0803, 0x0802, 0x0003, 0x0002, 0x0002, 0x0802,   // 0x3A20 (14880) pixels
0x1844, 0x2024, 0x2824, 0x3025, 0x2065, 0x2065, 0x2045, 0x2044, 0x2044, 0x2044, 0x2044, 0x2044, 0x1823, 0x1844, 0x1824, 0x2024,   // 0x3A30 (14896) pixels
0x1825, 0x1025, 0x2023, 0x4082, 0x3840, 0x2820, 0x2040, 0x2880, 0x2880, 0x2001, 0x1002, 0x0001, 0x0002, 0x0021, 0x0801, 0x28C5,   // 0x3A40 (14912) pixels
0x38C6, 0x5107, 0x50C3, 0x6983, 0x81A3, 0x79A3, 0x7983, 0x81A4, 0x6922, 0x6944, 0x7185, 0x6966, 0x6186, 0x6144, 0x7163, 0xAAC6,   // 0x3A50 (14928) pixels
0xC345, 0xC303, 0xCAC2, 0xD2E4, 0xCB84, 0xCBC7, 0xAAC6, 0x8184, 0x7166, 0x69A7, 0x5945, 0x3061, 0x0822, 0x0001, 0x0002, 0x0002,   // 0x3A60 (14944) pixels
0x0824, 0x1004, 0x1803, 0x3865, 0x4083, 0x58A2, 0x8963, 0x9183, 0x8122, 0x7903, 0x68E4, 0x68E4, 0x7106, 0x70C3, 0xA183, 0xB1C2,   // 0x3A70 (14960) pixels
0x9981, 0x6901, 0x38A3, 0x1003, 0x0803, 0x0804, 0x20A4, 0x40C4, 0x68E4, 0xB285, 0xDC05, 0xD406, 0xA287, 0x7143, 0x58A1, 0x4840,   // 0x3A80 (14976) pixels
0x6922, 0xAB07, 0xDC48, 0xDC25, 0xC2C5, 0x8A04, 0x2840, 0x0000, 0x0021, 0x0000, 0x0000, 0x0000, 0x0000, 0x0000, 0x0000, 0x0000,   // 0x3A90 (14992) pixels
0x0000, 0x0000, 0x0000, 0x0000, 0x0000, 0x0000, 0x0000, 0x0000, 0x0000, 0x0000, 0x0000, 0x0000, 0x0000, 0x0000, 0x0000, 0x0000,   // 0x3AA0 (15008) pixels
0x0000, 0x0000, 0x0000, 0x0000, 0x0000, 0x0000, 0x0000, 0x0000, 0x0000, 0x0000, 0x0000, 0x0000, 0x0000, 0x0000, 0x0000, 0x0000,   // 0x3AB0 (15024) pixels
0x0000, 0x0000, 0x0000, 0x0000, 0x0000, 0x0000, 0x0000, 0x0000, 0x0000, 0x0000, 0x0000, 0x0000, 0x0000, 0x0000, 0x1800, 0x8AC7,   // 0x3AC0 (15040) pixels
0xD44A, 0xE468, 0xE385, 0xD3C7, 0xAAE6, 0x7141, 0xA244, 0xC2A3, 0xCA41, 0xDA03, 0x91A4, 0x5863, 0x4004, 0x5063, 0xD3E7, 0xFD68,   // 0x3AD0 (15056) pixels
0xDC28, 0x7124, 0x5926, 0x50E6, 0x50E6, 0x4885, 0x40C6, 0x38C6, 0x1843, 0x0802, 0x0021, 0x0042, 0x0001, 0x1022, 0x30C5, 0x38A5,   // 0x3AE0 (15072) pixels
0x3886, 0x4086, 0x40E6, 0x40E6, 0x40E6, 0x40C6, 0x40C6, 0x40C5, 0x40C5, 0x40C5, 0x40C6, 0x40A5, 0x4063, 0x50A3, 0x40C4, 0x28A6,   // 0x3AF0 (15088) pixels
0x20C6, 0x1842, 0x1025, 0x0805, 0x0004, 0x0002, 0x0002, 0x0804, 0x0003, 0x0002, 0x0002, 0x0001, 0x0800, 0x38C5, 0x5128, 0x58E6,   // 0x3B00 (15104) pixels
0x58E2, 0xB368, 0xE468, 0xDC28, 0xD3E8, 0xC389, 0x81A3, 0x60A2, 0x60C5, 0x58C6, 0x9244, 0xA2E6, 0xB306, 0xCBC6, 0xD3C4, 0xDBE4,   // 0x3B10 (15120) pixels
0xE3E5, 0xE3E7, 0xE422, 0xE466, 0xB325, 0x81C3, 0x7185, 0x71A6, 0x71A6, 0x6164, 0x1042, 0x0002, 0x0002, 0x0003, 0x1024, 0x2045,   // 0x3B20 (15136) pixels
0x3845, 0x50C7, 0x9964, 0xA1A5, 0x99A5, 0x7924, 0x4863, 0x2823, 0x1802, 0x1001, 0x1001, 0x3000, 0x91C3, 0xC283, 0xC263, 0xA225,   // 0x3B30 (15152) pixels
0x7187, 0x2804, 0x1003, 0x1004, 0x30E4, 0x5965, 0x8186, 0xC327, 0xE446, 0xCBC5, 0x8165, 0x68E3, 0x81E8, 0x79E8, 0x6923, 0x7961,   // 0x3B40 (15168) pixels
0xBB25, 0xE427, 0xCAE4, 0x9A45, 0x4923, 0x0801, 0x0001, 0x0000, 0x0000, 0x0000, 0x0000, 0x0000, 0x0000, 0x0000, 0x0000, 0x0000,   // 0x3B50 (15184) pixels
0x0000, 0x0000, 0x0000, 0x0000, 0x0000, 0x0000, 0x0000, 0x0000, 0x0000, 0x0000, 0x0000, 0x0000, 0x0000, 0x0000, 0x0000, 0x0000,   // 0x3B60 (15200) pixels
0x0000, 0x0000, 0x0000, 0x0000, 0x0000, 0x0000, 0x0000, 0x0000, 0x0000, 0x0000, 0x0000, 0x0000, 0x0000, 0x0000, 0x0000, 0x0000,   // 0x3B70 (15216) pixels
0x0000, 0x0020, 0x0000, 0x0000, 0x0001, 0x0800, 0x0800, 0x0000, 0x0000, 0x0000, 0x0000, 0x0800, 0x0800, 0x9246, 0xEBE6, 0xEBC4,   // 0x3B80 (15232) pixels
0xDBE5, 0xB2C4, 0x70E0, 0xA1C5, 0xC204, 0xD202, 0xD204, 0xCA26, 0xA9A6, 0xA163, 0x7883, 0x6043, 0xB367, 0xFDE7, 0xD424, 0x6081,   // 0x3B90 (15248) pixels
0x40C4, 0x3065, 0x38A7, 0x40C6, 0x40C5, 0x38A6, 0x1844, 0x0022, 0x0021, 0x0022, 0x0001, 0x2043, 0x38C5, 0x40E6, 0x5106, 0x5106,   // 0x3BA0 (15264) pixels
0x5125, 0x5105, 0x4905, 0x4904, 0x5104, 0x5104, 0x5104, 0x5104, 0x4905, 0x4905, 0x4905, 0x4905, 0x4905, 0x48E5, 0x48E5, 0x48E5,   // 0x3BB0 (15280) pixels
0x4925, 0x40E4, 0x3884, 0x2003, 0x1003, 0x1003, 0x0002, 0x0001, 0x0001, 0x0000, 0x1001, 0x3065, 0x5129, 0x50A5, 0x58A0, 0xB306,   // 0x3BC0 (15296) pixels
0xF4A6, 0xEC65, 0xF487, 0xCB67, 0x7964, 0x5883, 0x60E4, 0x81A6, 0xD327, 0xDB85, 0xDBC4, 0xDBC5, 0xDBA6, 0xD386, 0xD3C6, 0xE466,   // 0x3BD0 (15312) pixels
0xEC67, 0xECA5, 0xD3C4, 0x99E4, 0x7904, 0x7985, 0x79C5, 0x6143, 0x1000, 0x0001, 0x0021, 0x0001, 0x1003, 0x2003, 0x5884, 0x8965,   // 0x3BE0 (15328) pixels
0xB122, 0xA9C4, 0x79C4, 0x40A4, 0x2846, 0x2005, 0x3803, 0x5883, 0x2001, 0x2000, 0x5103, 0xAAC7, 0xBAA4, 0xAA22, 0x8185, 0x2803,   // 0x3BF0 (15344) pixels
0x0022, 0x1025, 0x30A5, 0x6946, 0x8104, 0xD347, 0xDC07, 0x9A04, 0x6143, 0xAAA6, 0xBA44, 0xB224, 0x91E5, 0x6901, 0xBB87, 0xE467,   // 0x3C00 (15360) pixels
0xC325, 0x9204, 0x4923, 0x0000, 0x0041, 0x0000, 0x0800, 0x0000, 0x0000, 0x0000, 0x0020, 0x0000, 0x0020, 0x0040, 0x0000, 0x0803,   // 0x3C10 (15376) pixels
0x0000, 0x0000, 0x0000, 0x0000, 0x0000, 0x0000, 0x0000, 0x0000, 0x0000, 0x0000, 0x0000, 0x0000, 0x0000, 0x0000, 0x0000, 0x0000,   // 0x3C20 (15392) pixels
0x0000, 0x0000, 0x0000, 0x0000, 0x0000, 0x0000, 0x0000, 0x0000, 0x0000, 0x0000, 0x0000, 0x0000, 0x0000, 0x0000, 0x0020, 0x0020,   // 0x3C30 (15408) pixels
0x0000, 0x0020, 0x0001, 0x0800, 0x0000, 0x0000, 0x0000, 0x0020, 0x0000, 0x0000, 0x0800, 0x8A65, 0xE3E6, 0xE3E3, 0xE405, 0xBB05,   // 0x3C40 (15424) pixels
0x7921, 0xAA05, 0xC224, 0xD223, 0xCA23, 0xC204, 0xCA66, 0xBA24, 0x9144, 0x6063, 0x9242, 0xED04, 0xE463, 0xA265, 0x40C4, 0x3865,   // 0x3C50 (15440) pixels
0x3886, 0x40A6, 0x40A5, 0x38A5, 0x1844, 0x0002, 0x0002, 0x0002, 0x0001, 0x2043, 0x38C5, 0x48E6, 0x5106, 0x5106, 0x48E5, 0x48E5,   // 0x3C60 (15456) pixels
0x48E5, 0x5105, 0x5106, 0x5105, 0x5105, 0x48E5, 0x4905, 0x4905, 0x4905, 0x4905, 0x4905, 0x5105, 0x5105, 0x5105, 0x48E4, 0x48E5,   // 0x3C70 (15472) pixels
0x48E6, 0x40C6, 0x30C6, 0x2085, 0x1043, 0x0001, 0x0042, 0x0801, 0x2042, 0x40C5, 0x48E5, 0x71E6, 0xB347, 0xCBA4, 0xF4A5, 0xF485,   // 0x3C80 (15488) pixels
0xDBC5, 0xA244, 0x6904, 0x58A4, 0x6925, 0x9226, 0xCB63, 0xDBE4, 0xDBE3, 0xD3A3, 0xE427, 0xEC6A, 0xE488, 0xECE9, 0xF4EB, 0xF4C7,   // 0x3C90 (15504) pixels
0xDC24, 0xD3A6, 0xC349, 0x9246, 0x6943, 0x6965, 0x30A3, 0x1042, 0x0001, 0x0002, 0x2885, 0x3885, 0x7146, 0xA1E5, 0xB184, 0x99A5,   // 0x3CA0 (15520) pixels
0x6124, 0x2823, 0x2804, 0x3804, 0x60C6, 0x8987, 0x7166, 0x58E4, 0x50A1, 0x91E3, 0xB283, 0xA202, 0x7164, 0x3004, 0x0042, 0x0804,   // 0x3CB0 (15536) pixels
0x2884, 0x6145, 0x8144, 0xCB67, 0xCBC6, 0x81A2, 0x7964, 0xB2A5, 0xBA41, 0xC284, 0xA225, 0x60E1, 0xB367, 0xDC46, 0xBAC4, 0x9204,   // 0x3CC0 (15552) pixels
0x5123, 0x0000, 0x0021, 0x0800, 0x0800, 0x0000, 0x0020, 0x0020, 0x0000, 0x0040, 0x0901, 0x0060, 0x0000, 0x0802, 0x0000, 0x0000,   // 0x3CD0 (15568) pixels
0x0000, 0x0000, 0x0000, 0x0000, 0x0000, 0x0000, 0x0000, 0x0000, 0x0000, 0x0000, 0x0000, 0x0000, 0x0000, 0x0000, 0x0000, 0x0000,   // 0x3CE0 (15584) pixels
0x0000, 0x0000, 0x0000, 0x0000, 0x0000, 0x0000, 0x0000, 0x0000, 0x0000, 0x0000, 0x0000, 0x0000, 0x0001, 0x0000, 0x0000, 0x0020,   // 0x3CF0 (15600) pixels
0x0000, 0x0801, 0x0000, 0x0040, 0x0000, 0x0041, 0x0020, 0x0000, 0x0000, 0x8265, 0xDC05, 0xD3E2, 0xDBE4, 0xBB04, 0x7921, 0xB266,   // 0x3D00 (15616) pixels
0xC264, 0xD243, 0xD223, 0xC223, 0xC203, 0xC203, 0xA1C5, 0x70E5, 0x81A2, 0xECA4, 0xFCC4, 0xE428, 0x5105, 0x4085, 0x40A6, 0x40A5,   // 0x3D10 (15632) pixels
0x40C4, 0x40A5, 0x2044, 0x0002, 0x0023, 0x0022, 0x0801, 0x2043, 0x40C5, 0x48E5, 0x5105, 0x50E5, 0x5106, 0x5106, 0x5106, 0x5106,   // 0x3D20 (15648) pixels
0x5106, 0x5106, 0x48E6, 0x48E6, 0x4905, 0x4905, 0x5105, 0x5105, 0x5105, 0x5105, 0x5105, 0x50E5, 0x48E4, 0x48E5, 0x48C5, 0x4907,   // 0x3D30 (15664) pixels
0x40E7, 0x2064, 0x1023, 0x0001, 0x0023, 0x0801, 0x38C4, 0x5125, 0x48C2, 0x8A65, 0xED0A, 0xEC84, 0xEC64, 0xFCC6, 0xCB64, 0x89A3,   // 0x3D40 (15680) pixels
0x60E4, 0x50A5, 0x6925, 0x9A46, 0xD3C3, 0xE445, 0xE446, 0xCBC6, 0xCBA8, 0xCBA9, 0xAAE5, 0x9262, 0xC348, 0xECC9, 0xF4E6, 0xE486,   // 0x3D50 (15696) pixels
0xDC47, 0xA2C5, 0x6923, 0x7167, 0x61A7, 0x28C4, 0x0002, 0x0802, 0x38A6, 0x50A6, 0x8165, 0xA9E3, 0x9984, 0x7104, 0x4064, 0x2002,   // 0x3D60 (15712) pixels
0x3022, 0x5862, 0x8945, 0x9986, 0xA1A7, 0x9166, 0x68A0, 0x91C1, 0xBAC3, 0x99E2, 0x6924, 0x3004, 0x0022, 0x0003, 0x2884, 0x6145,   // 0x3D70 (15728) pixels
0x7944, 0xCB67, 0xC364, 0x7981, 0x8163, 0xB263, 0xBA40, 0xC2A3, 0xAA46, 0x7942, 0xBB66, 0xDC44, 0xBAE6, 0x9A46, 0x5985, 0x0000,   // 0x3D80 (15744) pixels
0x0001, 0x0800, 0x0800, 0x0000, 0x0040, 0x0001, 0x0000, 0x21E3, 0x3AE5, 0x08A0, 0x0000, 0x0000, 0x0000, 0x0000, 0x0000, 0x0000,   // 0x3D90 (15760) pixels
0x0000, 0x0000, 0x0000, 0x0000, 0x0000, 0x0000, 0x0000, 0x0000, 0x0000, 0x0000, 0x0000, 0x0000, 0x0000, 0x0000, 0x0000, 0x0000,   // 0x3DA0 (15776) pixels
0x0000, 0x0000, 0x0000, 0x0000, 0x0000, 0x0000, 0x0000, 0x0000, 0x0000, 0x0000, 0x0000, 0x0000, 0x0020, 0x0080, 0x0081, 0x0000,   // 0x3DB0 (15792) pixels
0x0000, 0x0040, 0x0000, 0x0000, 0x0000, 0x0000, 0x0000, 0x8264, 0xE446, 0xDC23, 0xDBC4, 0xC324, 0x7920, 0xAA46, 0xBA44, 0xCA42,   // 0x3DC0 (15808) pixels
0xCA42, 0xCA23, 0xD224, 0xCA44, 0xA1A6, 0x7927, 0x8163, 0xEC67, 0xFCC5, 0xF448, 0x6145, 0x48A5, 0x3885, 0x40A4, 0x40A4, 0x38A5,   // 0x3DD0 (15824) pixels
0x2044, 0x0802, 0x0023, 0x0823, 0x0802, 0x2043, 0x40E5, 0x4905, 0x4905, 0x4904, 0x4925, 0x4905, 0x4905, 0x48E5, 0x4905, 0x4906,   // 0x3DE0 (15840) pixels
0x4906, 0x5106, 0x5105, 0x5105, 0x5105, 0x5105, 0x5105, 0x5105, 0x5105, 0x5105, 0x5105, 0x5105, 0x48C5, 0x48E6, 0x40C6, 0x1803,   // 0x3DF0 (15856) pixels
0x2044, 0x0802, 0x0002, 0x1002, 0x4905, 0x5945, 0x6103, 0x8A03, 0xDC48, 0xFCC7, 0xFCA6, 0xFCE8, 0xCBA6, 0x81E4, 0x58E5, 0x5084,   // 0x3E00 (15872) pixels
0x7124, 0x9A05, 0xD3C4, 0xEC68, 0xEC8B, 0xB2E7, 0x7102, 0x68C2, 0x7102, 0x6902, 0x7900, 0xCBA7, 0xF508, 0xF4E7, 0xDC46, 0xAAE4,   // 0x3E10 (15888) pixels
0x7143, 0x6927, 0x71A7, 0x30C4, 0x0001, 0x0802, 0x3886, 0x5085, 0x8964, 0xBA22, 0x8984, 0x4863, 0x2805, 0x2804, 0x58C4, 0x8983,   // 0x3E20 (15904) pixels
0xA9C5, 0xA964, 0xB124, 0xA985, 0x9162, 0xBAE5, 0xCB45, 0xA202, 0x7145, 0x3004, 0x0023, 0x0804, 0x30C5, 0x6965, 0x8145, 0xCB68,   // 0x3E30 (15920) pixels
0xCB85, 0x9A43, 0x7123, 0xAA66, 0xC2C5, 0xAA43, 0x9A03, 0x9A63, 0xCBE6, 0xDC24, 0xBB07, 0x8A46, 0x5186, 0x0801, 0x0000, 0x0000,   // 0x3E40 (15936) pixels
0x0000, 0x0041, 0x0100, 0x0020, 0x0020, 0x3B45, 0x3BA5, 0x0040, 0x0000, 0x0020, 0x0000, 0x0000, 0x0000, 0x0000, 0x0000, 0x0000,   // 0x3E50 (15952) pixels
0x0000, 0x0000, 0x0000, 0x0000, 0x0000, 0x0000, 0x0000, 0x0000, 0x0000, 0x0000, 0x0000, 0x0000, 0x0000, 0x0000, 0x0000, 0x0000,   // 0x3E60 (15968) pixels
0x0000, 0x0000, 0x0000, 0x0000, 0x0000, 0x0000, 0x0000, 0x0000, 0x0000, 0x0000, 0x0080, 0x2203, 0x21E4, 0x0020, 0x0020, 0x0920,   // 0x3E70 (15984) pixels
0x0801, 0x0000, 0x0000, 0x0821, 0x0800, 0x7A04, 0xE405, 0xDBE3, 0xEC45, 0xDC07, 0x91E3, 0xA246, 0xB244, 0xCA64, 0xCA63, 0xCA43,   // 0x3E80 (16000) pixels
0xCA03, 0xC204, 0x8103, 0x68A4, 0x8163, 0xEC67, 0xFC85, 0xE406, 0x6124, 0x4084, 0x3885, 0x40A4, 0x40C4, 0x38A5, 0x1824, 0x0002,   // 0x3E90 (16016) pixels
0x0002, 0x0002, 0x0802, 0x2043, 0x38E5, 0x4906, 0x4926, 0x5125, 0x5125, 0x4925, 0x4925, 0x4905, 0x4905, 0x4905, 0x4905, 0x4905,   // 0x3EA0 (16032) pixels
0x48E5, 0x48E5, 0x48E5, 0x50E5, 0x50E5, 0x50E5, 0x50E5, 0x50E5, 0x50E5, 0x5105, 0x48C5, 0x5106, 0x40C5, 0x1802, 0x2065, 0x1003,   // 0x3EB0 (16048) pixels
0x0002, 0x1022, 0x5146, 0x5905, 0x6104, 0x7963, 0x9A23, 0xC305, 0xCB44, 0xCB85, 0xAAE4, 0x81E4, 0x5904, 0x58C4, 0x89A6, 0xB266,   // 0x3EC0 (16064) pixels
0xDC25, 0xE469, 0xCBC9, 0x9225, 0x7943, 0x7963, 0x91E5, 0x9A26, 0x89C2, 0xA264, 0xCB86, 0xFD0A, 0xE489, 0xAAC5, 0x7124, 0x7147,   // 0x3ED0 (16080) pixels
0x7165, 0x3083, 0x0001, 0x0802, 0x3885, 0x58A4, 0x9183, 0xBA21, 0x89C5, 0x3803, 0x2006, 0x2805, 0x6903, 0xA9E4, 0xB9C3, 0xB163,   // 0x3EE0 (16096) pixels
0xB123, 0xA983, 0xAA03, 0xD386, 0xD365, 0xA202, 0x7945, 0x3804, 0x0803, 0x1004, 0x38A4, 0x6945, 0x8945, 0xDB68, 0xE3E6, 0xC306,   // 0x3EF0 (16112) pixels
0x79E6, 0x8A07, 0x9A68, 0x8182, 0x9A22, 0xD406, 0xEC86, 0xDBE3, 0x8A45, 0x4902, 0x2082, 0x0000, 0x0000, 0x0020, 0x0020, 0x0081,   // 0x3F00 (16128) pixels
0x22E4, 0x08E1, 0x00C0, 0x33A3, 0x2B82, 0x00E0, 0x2103, 0x08A0, 0x0000, 0x0000, 0x0000, 0x0000, 0x0000, 0x0000, 0x0000, 0x0000,   // 0x3F10 (16144) pixels
0x0000, 0x0000, 0x0000, 0x0000, 0x0000, 0x0000, 0x0000, 0x0000, 0x0000, 0x0000, 0x0000, 0x0000, 0x0000, 0x0000, 0x0000, 0x0000,   // 0x3F20 (16160) pixels
0x0000, 0x0000, 0x0000, 0x0000, 0x0000, 0x0000, 0x0000, 0x0000, 0x0060, 0x2AE4, 0x32E5, 0x0040, 0x1122, 0x32E4, 0x0820, 0x0020,   // 0x3F30 (16176) pixels
0x0000, 0x0801, 0x0800, 0x7A04, 0xE426, 0xE3E4, 0xE423, 0xEC68, 0xA244, 0x8963, 0x99A3, 0xBA44, 0xC223, 0xCA03, 0xCA44, 0xBA25,   // 0x3F40 (16192) pixels
0x70A2, 0x5862, 0x9203, 0xF486, 0xF486, 0xE448, 0x5904, 0x4884, 0x40C6, 0x40E5, 0x40E5, 0x30A5, 0x1824, 0x0002, 0x0002, 0x0002,   // 0x3F50 (16208) pixels
0x0802, 0x1823, 0x30A5, 0x38C5, 0x40C5, 0x40C6, 0x48E5, 0x4905, 0x4925, 0x5125, 0x5125, 0x4925, 0x4925, 0x4925, 0x4906, 0x4906,   // 0x3F60 (16224) pixels
0x4906, 0x5106, 0x5106, 0x5106, 0x5106, 0x5106, 0x5105, 0x5106, 0x5106, 0x5126, 0x40C5, 0x1801, 0x2064, 0x1803, 0x0022, 0x0801,   // 0x3F70 (16240) pixels
0x4906, 0x58E5, 0x60E5, 0x79A7, 0x7964, 0x8163, 0x8181, 0x91E2, 0x9243, 0x8204, 0x6124, 0x6944, 0xAAA8, 0xE3CA, 0xECC7, 0xDC47,   // 0x3F80 (16256) pixels
0x9200, 0x81A0, 0xC3A7, 0xDC49, 0xDC08, 0xDC08, 0xD3C8, 0x99E2, 0xA223, 0xF4CB, 0xEC8A, 0xAAC6, 0x7144, 0x7186, 0x7986, 0x38A3,   // 0x3F90 (16272) pixels
0x0001, 0x0802, 0x40A6, 0x60A5, 0x9163, 0xB1E1, 0x91E5, 0x3802, 0x2826, 0x2804, 0x68C3, 0xA9A3, 0xB161, 0xA943, 0xA983, 0x9962,   // 0x3FA0 (16288) pixels
0xAA43, 0xD386, 0xDB65, 0xAA44, 0x7125, 0x3004, 0x0801, 0x1004, 0x3084, 0x6946, 0x8967, 0xDB69, 0xEC26, 0xD386, 0x92C7, 0x6122,   // 0x3FB0 (16304) pixels
0x60C2, 0x7121, 0xB2E3, 0xECA7, 0xE446, 0xD384, 0x6984, 0x1000, 0x0000, 0x0000, 0x10A1, 0x1162, 0x0100, 0x0941, 0x3BE5, 0x1A42,   // 0x3FC0 (16320) pixels
0x09E0, 0x3402, 0x3422, 0x3304, 0x42C7, 0x1962, 0x0000, 0x0000, 0x0000, 0x0000, 0x0000, 0x0000, 0x0000, 0x0000, 0x0000, 0x0000,   // 0x3FD0 (16336) pixels
0x0000, 0x0000, 0x0000, 0x0000, 0x0000, 0x0000, 0x0000, 0x0000, 0x0000, 0x0000, 0x0000, 0x0000, 0x0000, 0x0000, 0x0000, 0x0000,   // 0x3FE0 (16352) pixels
0x0000, 0x0000, 0x0000, 0x0000, 0x0040, 0x08E2, 0x00C0, 0x2B22, 0x2AE2, 0x0060, 0x2203, 0x43A4, 0x0040, 0x08E1, 0x0060, 0x0020,   // 0x3FF0 (16368) pixels
0x0000, 0x8266, 0xE448, 0xE425, 0xF464, 0xF4C9, 0xB2A5, 0x8122, 0x9183, 0xBA25, 0xC225, 0xD245, 0xBA24, 0xA1C5, 0x68A4, 0x5882,   // 0x4000 (16384) pixels
0xAAE4, 0xF4C6, 0xEC67, 0xE48C, 0x5904, 0x4085, 0x38C6, 0x38E5, 0x30C4, 0x2885, 0x1024, 0x0003, 0x0022, 0x0023, 0x0002, 0x1003,   // 0x4010 (16400) pixels
0x2045, 0x2044, 0x2845, 0x2845, 0x3024, 0x3065, 0x38A5, 0x40C6, 0x4906, 0x4905, 0x4925, 0x4925, 0x4926, 0x4926, 0x4926, 0x4906,   // 0x4020 (16416) pixels
0x4906, 0x4906, 0x4906, 0x4906, 0x5126, 0x4905, 0x5126, 0x5126, 0x40E5, 0x2002, 0x2885, 0x1804, 0x0002, 0x0802, 0x40E6, 0x5926,   // 0x4030 (16432) pixels
0x5925, 0x8228, 0x8207, 0x7984, 0x9227, 0x9A66, 0x9286, 0x79C5, 0x6103, 0x7123, 0xAA65, 0xE3C7, 0xECA8, 0xD428, 0x89C0, 0x9241,   // 0x4040 (16448) pixels
0xD447, 0xDC24, 0xDBC2, 0xE3E4, 0xE427, 0xA1E2, 0xA1E2, 0xF4AA, 0xE489, 0xAAC6, 0x7143, 0x6944, 0x7166, 0x30C3, 0x0000, 0x0001,   // 0x4050 (16464) pixels
0x38A5, 0x60C5, 0x9164, 0xB1E2, 0x99C4, 0x4001, 0x3045, 0x3024, 0x70E4, 0xB1C4, 0xB183, 0xA9A4, 0xA1A4, 0x8941, 0xB2A4, 0xDBA7,   // 0x4060 (16480) pixels
0xDB45, 0xB264, 0x6924, 0x2824, 0x0000, 0x1024, 0x2884, 0x5926, 0x7927, 0xC328, 0xE466, 0xE447, 0xD3E6, 0xA283, 0x9A44, 0xBB27,   // 0x4070 (16496) pixels
0xDC07, 0xE447, 0xE428, 0xD387, 0x69A6, 0x1000, 0x0020, 0x0020, 0x1142, 0x2AE5, 0x1283, 0x0A62, 0x3404, 0x33E3, 0x23A1, 0x3462,   // 0x4080 (16512) pixels
0x3483, 0x33E4, 0x1A02, 0x0020, 0x0000, 0x0000, 0x0000, 0x0000, 0x0000, 0x0000, 0x0000, 0x0000, 0x0000, 0x0000, 0x0000, 0x0000,   // 0x4090 (16528) pixels
0x0000, 0x0000, 0x0000, 0x0000, 0x0000, 0x0000, 0x0000, 0x0000, 0x0000, 0x0000, 0x0000, 0x0000, 0x0000, 0x0000, 0x0000, 0x0000,   // 0x40A0 (16544) pixels
0x0000, 0x0000, 0x1942, 0x4B09, 0x2263, 0x3BE3, 0x2B42, 0x00E0, 0x32A4, 0x2B21, 0x0962, 0x2246, 0x0942, 0x0081, 0x0021, 0x7245,   // 0x40B0 (16560) pixels
0xCBC6, 0xCB83, 0xF483, 0xF4A8, 0xAA84, 0x70C0, 0x8943, 0xA183, 0xA962, 0xCA05, 0x9963, 0x8926, 0x68A6, 0x58C3, 0xBB66, 0xDC04,   // 0x40C0 (16576) pixels
0xB2A2, 0xA2A8, 0x58E4, 0x3864, 0x3065, 0x2864, 0x2042, 0x1803, 0x0803, 0x0003, 0x0002, 0x0002, 0x0002, 0x0803, 0x1824, 0x1804,   // 0x40D0 (16592) pixels
0x1804, 0x1805, 0x2805, 0x2805, 0x3025, 0x3025, 0x3024, 0x3044, 0x3043, 0x3063, 0x3063, 0x3063, 0x3063, 0x3063, 0x3063, 0x3063,   // 0x40E0 (16608) pixels
0x3063, 0x3063, 0x3863, 0x3863, 0x40E4, 0x4905, 0x4105, 0x2843, 0x28A5, 0x1003, 0x0003, 0x1023, 0x40C5, 0x5946, 0x50E4, 0x5944,   // 0x40F0 (16624) pixels
0x6164, 0x6143, 0x6944, 0x6964, 0x6943, 0x58E2, 0x6124, 0x89E5, 0xB2A4, 0xEBC5, 0xDBE9, 0xBB28, 0x8182, 0xAAC5, 0xDC27, 0xD3C3,   // 0x4100 (16640) pixels
0xEBE3, 0xF3E3, 0xDBC5, 0xA1E1, 0xA201, 0xF488, 0xE466, 0xA2C4, 0x6943, 0x6984, 0x7145, 0x30C3, 0x0021, 0x0001, 0x3084, 0x5084,   // 0x4110 (16656) pixels
0x8964, 0xB1E2, 0xA9C4, 0x5020, 0x2803, 0x3003, 0x70C4, 0xA984, 0xA963, 0x9983, 0x8962, 0x70C0, 0xB2A4, 0xDB86, 0xC282, 0x99C2,   // 0x4120 (16672) pixels
0x50A2, 0x1002, 0x0000, 0x0023, 0x0802, 0x3063, 0x4803, 0x9A24, 0xD424, 0xE486, 0xF423, 0xF445, 0xE406, 0xEC48, 0xD385, 0xC2E4,   // 0x4130 (16688) pixels
0xC305, 0x99E2, 0x6186, 0x1000, 0x0040, 0x0020, 0x0100, 0x2345, 0x0B43, 0x02E2, 0x0AE0, 0x2C41, 0x2420, 0x2421, 0x2C42, 0x2C02,   // 0x4140 (16704) pixels
0x0180, 0x0040, 0x0000, 0x0000, 0x0000, 0x0000, 0x0000, 0x0000, 0x0000, 0x0000, 0x0000, 0x0000, 0x0000, 0x0000, 0x0000, 0x0000,   // 0x4150 (16720) pixels
0x0000, 0x0000, 0x0000, 0x0000, 0x0000, 0x0000, 0x0000, 0x0000, 0x0000, 0x0000, 0x0000, 0x0000, 0x0881, 0x0040, 0x0060, 0x0020,   // 0x4160 (16736) pixels
0x0180, 0x3BE5, 0x3443, 0x2400, 0x2420, 0x1BA0, 0x2362, 0x2303, 0x1B44, 0x2B66, 0x0242, 0x01C3, 0x09A5, 0x1944, 0x2880, 0x7A04,   // 0x4170 (16752) pixels
0xF465, 0xEC25, 0xCB23, 0xC306, 0x89C4, 0x70E3, 0x78E4, 0x80C2, 0x68E6, 0x5884, 0x7143, 0x9A60, 0xE424, 0xD3C6, 0x60E2, 0x48E5,   // 0x4180 (16768) pixels
0x40A6, 0x3886, 0x2024, 0x1004, 0x1024, 0x0803, 0x0802, 0x0803, 0x0001, 0x0001, 0x0001, 0x0002, 0x0802, 0x1003, 0x1824, 0x1825,   // 0x4190 (16784) pixels
0x1804, 0x2005, 0x2804, 0x2004, 0x1803, 0x1804, 0x2005, 0x2805, 0x1846, 0x1003, 0x1823, 0x1803, 0x2004, 0x2005, 0x2026, 0x1805,   // 0x41A0 (16800) pixels
0x1826, 0x2005, 0x2804, 0x3865, 0x3886, 0x3886, 0x3086, 0x1003, 0x0002, 0x1803, 0x4926, 0x5926, 0x50E4, 0x5105, 0x4904, 0x4925,   // 0x41B0 (16816) pixels
0x5104, 0x48E5, 0x4907, 0x48A5, 0x7145, 0x99E5, 0xC2A5, 0xE3A7, 0xCC2A, 0x81A3, 0x7924, 0xB2C7, 0xE426, 0xE401, 0xE402, 0xE3C4,   // 0x41C0 (16832) pixels
0xE429, 0x9A43, 0x8A01, 0xEC48, 0xF428, 0xAA24, 0x7144, 0x6985, 0x69A7, 0x3082, 0x0800, 0x0002, 0x1024, 0x48E5, 0x68E2, 0xBA86,   // 0x41D0 (16848) pixels
0xAA84, 0x81A4, 0x4863, 0x2004, 0x3827, 0x4846, 0x5863, 0x6061, 0x6921, 0xBB27, 0xC324, 0xCAA1, 0xC242, 0x99C3, 0x3882, 0x0001,   // 0x41E0 (16864) pixels
0x0003, 0x0002, 0x0802, 0x2864, 0x48E6, 0x6105, 0x9247, 0xCBAA, 0xDC44, 0xE464, 0xE402, 0xEBC3, 0xD2E2, 0xAA23, 0x7144, 0x48A4,   // 0x41F0 (16880) pixels
0x1903, 0x1104, 0x00E3, 0x00C1, 0x0161, 0x1284, 0x1AE6, 0x0244, 0x0A02, 0x12A2, 0x23C4, 0x1BC4, 0x0AE3, 0x1B25, 0x2AC5, 0x0960,   // 0x4200 (16896) pixels
0x0000, 0x0000, 0x0000, 0x0020, 0x0000, 0x0000, 0x0000, 0x0000, 0x0000, 0x0000, 0x0000, 0x0000, 0x0000, 0x0000, 0x0000, 0x0000,   // 0x4210 (16912) pixels
0x0000, 0x0000, 0x0000, 0x0000, 0x0000, 0x0000, 0x0000, 0x0000, 0x0000, 0x08A1, 0x3205, 0x42E7, 0x3AE5, 0x19E0, 0x1AC0, 0x3C03,   // 0x4220 (16928) pixels
0x2C01, 0x2C40, 0x2C41, 0x2382, 0x2324, 0x1264, 0x0A84, 0x12C5, 0x0203, 0x01E4, 0x09E6, 0x1164, 0x1860, 0x59C3, 0xE488, 0xECA8,   // 0x4230 (16944) pixels
0xEC66, 0xF488, 0xCB87, 0x9A25, 0x7903, 0x78A3, 0x70E4, 0x89A5, 0xC3A8, 0xEC86, 0xFCE7, 0xD3C7, 0x6103, 0x48E7, 0x2844, 0x2044,   // 0x4240 (16960) pixels
0x1024, 0x0803, 0x0824, 0x0003, 0x0002, 0x0002, 0x0001, 0x0001, 0x0001, 0x0001, 0x0002, 0x0802, 0x0803, 0x1003, 0x0843, 0x1023,   // 0x4250 (16976) pixels
0x1804, 0x1804, 0x1024, 0x1024, 0x1024, 0x1824, 0x1801, 0x40C4, 0x5145, 0x5967, 0x3864, 0x2004, 0x1804, 0x1024, 0x1004, 0x1004,   // 0x4260 (16992) pixels
0x2004, 0x2845, 0x3065, 0x30A6, 0x30C6, 0x1023, 0x0002, 0x1023, 0x38E5, 0x48E5, 0x50E4, 0x5925, 0x4905, 0x4925, 0x5105, 0x4905,   // 0x4270 (17008) pixels
0x4926, 0x48C4, 0x7185, 0x9A25, 0xC2C4, 0xE3C6, 0xDCAA, 0x9224, 0x70E2, 0xA225, 0xDC27, 0xE424, 0xDBE3, 0xE3C5, 0xCB46, 0xB2E6,   // 0x4280 (17024) pixels
0xB326, 0xEC48, 0xF408, 0xAA45, 0x7965, 0x6145, 0x5166, 0x30A4, 0x0822, 0x0003, 0x1003, 0x48C5, 0x68E2, 0xBA86, 0xBAA3, 0xA244,   // 0x4290 (17040) pixels
0x7164, 0x3802, 0x3002, 0x3801, 0x6061, 0x78E2, 0x91E2, 0xC387, 0xCB66, 0xBAC5, 0xAA45, 0x79A5, 0x3083, 0x0022, 0x0023, 0x0023,   // 0x42A0 (17056) pixels
0x0002, 0x1864, 0x3085, 0x4083, 0x6143, 0x81E3, 0xD3E5, 0xE466, 0xEC46, 0xEC26, 0xC304, 0x9A24, 0x6144, 0x30C4, 0x1144, 0x1144,   // 0x42B0 (17072) pixels
0x0124, 0x0164, 0x0A04, 0x12A5, 0x12A5, 0x0204, 0x0183, 0x01E3, 0x0AA4, 0x0AA4, 0x0223, 0x0A25, 0x11C5, 0x00A1, 0x0000, 0x0000,   // 0x42C0 (17088) pixels
0x0000, 0x0020, 0x0000, 0x0000, 0x0000, 0x0000, 0x0000, 0x0000, 0x0000, 0x0000, 0x0000, 0x0000, 0x0000, 0x0000, 0x0000, 0x0000,   // 0x42D0 (17104) pixels
0x0000, 0x0000, 0x0000, 0x0000, 0x0000, 0x0000, 0x0000, 0x0020, 0x00E0, 0x1A41, 0x43E4, 0x4464, 0x3C02, 0x3C21, 0x2BE0, 0x3441,   // 0x42E0 (17120) pixels
0x2BC2, 0x12A2, 0x0A24, 0x0164, 0x01C4, 0x0205, 0x01A3, 0x01C5, 0x01C6, 0x0124, 0x0040, 0x3102, 0x7223, 0xBBA6, 0xEC85, 0xFCA4,   // 0x42F0 (17136) pixels
0xEC44, 0xC325, 0x91C3, 0x91C6, 0x9182, 0xAA62, 0xE447, 0xF447, 0xEC08, 0xC348, 0x6924, 0x40A5, 0x1002, 0x0803, 0x0002, 0x0002,   // 0x4300 (17152) pixels
0x0003, 0x0023, 0x0002, 0x0002, 0x0802, 0x0002, 0x0002, 0x0002, 0x0002, 0x0002, 0x0802, 0x0802, 0x0021, 0x0001, 0x0002, 0x0002,   // 0x4310 (17168) pixels
0x0024, 0x0002, 0x0001, 0x0801, 0x79E6, 0xB38C, 0xB36B, 0xB34B, 0x6125, 0x2802, 0x0802, 0x0003, 0x0002, 0x0803, 0x1003, 0x1803,   // 0x4320 (17184) pixels
0x1804, 0x2085, 0x20C5, 0x1023, 0x0002, 0x0002, 0x1802, 0x2001, 0x3883, 0x5105, 0x48E4, 0x48E5, 0x5125, 0x4905, 0x4925, 0x48C4,   // 0x4330 (17200) pixels
0x7185, 0x9A44, 0xBAE4, 0xE405, 0xE4C7, 0xB305, 0x8142, 0x8983, 0xD3C9, 0xEC89, 0xE447, 0xE428, 0x99A1, 0xBB27, 0xDC6A, 0xEC67,   // 0x4340 (17216) pixels
0xEC07, 0xAA65, 0x7166, 0x3843, 0x1822, 0x0801, 0x0001, 0x0002, 0x0802, 0x40A4, 0x7103, 0xB286, 0xC2C2, 0xBAA4, 0x9A44, 0x7142,   // 0x4350 (17232) pixels
0x60E2, 0x60A0, 0x91A4, 0xC2E8, 0xC324, 0xD387, 0xB285, 0x7963, 0x48A2, 0x2862, 0x0802, 0x0002, 0x0002, 0x0002, 0x0001, 0x0002,   // 0x4360 (17248) pixels
0x0803, 0x2843, 0x4904, 0x6143, 0xAAA5, 0xC388, 0xCBA8, 0xC368, 0x9225, 0x69A5, 0x4185, 0x2945, 0x0964, 0x0145, 0x0145, 0x01A5,   // 0x4370 (17264) pixels
0x0A46, 0x0A65, 0x0204, 0x01A3, 0x0165, 0x01A4, 0x0204, 0x0224, 0x01A4, 0x0144, 0x00C3, 0x0000, 0x0000, 0x0000, 0x0000, 0x0000,   // 0x4380 (17280) pixels
0x0000, 0x0000, 0x0000, 0x0000, 0x0000, 0x0000, 0x0000, 0x0000, 0x0000, 0x0000, 0x0000, 0x0000, 0x0000, 0x0000, 0x0000, 0x0000,   // 0x4390 (17296) pixels
0x0000, 0x0000, 0x0041, 0x0021, 0x0041, 0x0060, 0x0060, 0x0140, 0x1B21, 0x3443, 0x3C44, 0x3C23, 0x2BE2, 0x3404, 0x2343, 0x01E2,   // 0x43A0 (17312) pixels
0x0184, 0x0146, 0x0165, 0x0186, 0x0164, 0x01A6, 0x0166, 0x00E4, 0x0000, 0x0840, 0x1000, 0x8AE5, 0xECA7, 0xFC83, 0xFC63, 0xF465,   // 0x43B0 (17328) pixels
0xDC07, 0xDC09, 0xDC06, 0xEC44, 0xFCA7, 0xCB05, 0x9984, 0x8185, 0x5923, 0x4104, 0x0002, 0x0002, 0x0002, 0x0002, 0x0003, 0x0022,   // 0x43C0 (17344) pixels
0x0002, 0x0001, 0x0002, 0x0002, 0x0002, 0x0002, 0x0001, 0x0001, 0x0001, 0x0001, 0x0000, 0x0001, 0x0002, 0x0002, 0x0022, 0x0000,   // 0x43D0 (17360) pixels
0x1861, 0x59A5, 0xAAE8, 0xD42B, 0xC389, 0xC36A, 0x81E6, 0x3843, 0x1823, 0x0002, 0x0001, 0x0002, 0x0002, 0x0803, 0x0802, 0x0823,   // 0x43E0 (17376) pixels
0x1063, 0x0001, 0x0022, 0x0002, 0x0001, 0x0800, 0x3084, 0x5146, 0x5105, 0x5105, 0x50E5, 0x4905, 0x4905, 0x48C4, 0x6145, 0x81E5,   // 0x43F0 (17392) pixels
0xAA84, 0xE407, 0xECE5, 0xDC46, 0xAA84, 0x8142, 0xB2C7, 0xD3C9, 0xCBE8, 0xC386, 0x99A0, 0xCBA7, 0xED0A, 0xE466, 0xEC26, 0xAA64,   // 0x4400 (17408) pixels
0x79A6, 0x2802, 0x0001, 0x0001, 0x0001, 0x0002, 0x1003, 0x40C5, 0x6924, 0xA246, 0xC282, 0xBA83, 0xBAC5, 0xB2C5, 0xB2E6, 0xA263,   // 0x4410 (17424) pixels
0xB2A4, 0xD367, 0xD342, 0xD325, 0xA225, 0x50A3, 0x1001, 0x0002, 0x0001, 0x0002, 0x0802, 0x0002, 0x0001, 0x0002, 0x0002, 0x1844,   // 0x4420 (17440) pixels
0x4947, 0x61A7, 0x6902, 0x81C5, 0x81E6, 0x6964, 0x3040, 0x1841, 0x10E3, 0x0124, 0x0144, 0x0145, 0x0125, 0x0165, 0x09E5, 0x09E4,   // 0x4430 (17456) pixels
0x0184, 0x0185, 0x0A05, 0x1265, 0x12C4, 0x12E4, 0x1265, 0x09C4, 0x00E2, 0x0040, 0x0000, 0x0000, 0x0000, 0x0000, 0x0000, 0x0000,   // 0x4440 (17472) pixels
0x0000, 0x0000, 0x0000, 0x0000, 0x0000, 0x0000, 0x0000, 0x0000, 0x0000, 0x0000, 0x0000, 0x0000, 0x0000, 0x0000, 0x0000, 0x0000,   // 0x4450 (17488) pixels
0x0020, 0x0020, 0x0082, 0x1165, 0x11E5, 0x1244, 0x1AE4, 0x1323, 0x1B24, 0x2345, 0x1B04, 0x2325, 0x12A4, 0x01A3, 0x0185, 0x09A6,   // 0x4460 (17504) pixels
0x0147, 0x1187, 0x1165, 0x0966, 0x0125, 0x00E5, 0x0042, 0x0000, 0x0820, 0x82E8, 0xE4AB, 0xFCA8, 0xFC65, 0xF4A5, 0xFD06, 0xECA4,   // 0x4470 (17520) pixels
0xF4C8, 0xEC85, 0xF467, 0xBAA6, 0x8125, 0x6926, 0x4924, 0x3904, 0x0802, 0x0002, 0x0803, 0x0003, 0x0003, 0x0002, 0x0001, 0x0001,   // 0x4480 (17536) pixels
0x0023, 0x0023, 0x0042, 0x0042, 0x0062, 0x0062, 0x0042, 0x0041, 0x0001, 0x0823, 0x0003, 0x0001, 0x0020, 0x1820, 0x69C4, 0xCC0D,   // 0x4490 (17552) pixels
0xD42B, 0xD42B, 0xBB26, 0xAAA7, 0x9248, 0x4884, 0x2885, 0x0802, 0x0021, 0x0001, 0x0002, 0x0002, 0x0002, 0x0002, 0x0001, 0x0001,   // 0x44A0 (17568) pixels
0x0022, 0x0022, 0x0001, 0x0801, 0x30C5, 0x4926, 0x48E5, 0x5106, 0x48E5, 0x4905, 0x4905, 0x40A5, 0x48C5, 0x6905, 0x91E4, 0xD3A8,   // 0x44B0 (17584) pixels
0xECC3, 0xFD08, 0xDBE8, 0x99E3, 0x8982, 0x8981, 0x89C0, 0x89E0, 0xCB64, 0xDC46, 0xECC7, 0xDC24, 0xDBC4, 0xA242, 0x7A06, 0x2002,   // 0x44C0 (17600) pixels
0x0003, 0x0022, 0x0042, 0x0023, 0x0823, 0x3084, 0x50E3, 0x8206, 0xA203, 0xAA44, 0xBAA5, 0xBAC4, 0xCB45, 0xCB25, 0xCB45, 0xCB45,   // 0x44D0 (17616) pixels
0xD322, 0xCB05, 0x9A46, 0x48C4, 0x0823, 0x0023, 0x0022, 0x0000, 0x0802, 0x0802, 0x0001, 0x0022, 0x0003, 0x0803, 0x2884, 0x30A3,   // 0x44E0 (17632) pixels
0x5925, 0x6187, 0x5146, 0x38C5, 0x0801, 0x0062, 0x0104, 0x0145, 0x0925, 0x0946, 0x0126, 0x0125, 0x0165, 0x0964, 0x0144, 0x0966,   // 0x44F0 (17648) pixels
0x0A64, 0x1B05, 0x1B85, 0x1B65, 0x1B05, 0x1265, 0x09A2, 0x0120, 0x0882, 0x0862, 0x0021, 0x0000, 0x0000, 0x0000, 0x0000, 0x0000,   // 0x4500 (17664) pixels
0x0000, 0x0000, 0x0000, 0x0000, 0x0000, 0x0000, 0x0000, 0x0000, 0x0000, 0x0000, 0x0000, 0x0000, 0x0000, 0x0000, 0x0040, 0x0923,   // 0x4510 (17680) pixels
0x1165, 0x11A6, 0x09C6, 0x0A46, 0x0A65, 0x0203, 0x0225, 0x0245, 0x0203, 0x0224, 0x0A25, 0x01E4, 0x01C4, 0x01C5, 0x09A7, 0x11A6,   // 0x4520 (17696) pixels
0x0924, 0x00E4, 0x00C4, 0x00C5, 0x00C4, 0x0082, 0x0020, 0x3943, 0x69E4, 0x9285, 0xA2A4, 0xB323, 0xECA6, 0xEC83, 0xCBC8, 0xBB04,   // 0x4530 (17712) pixels
0xB2C4, 0x8A05, 0x6145, 0x38C4, 0x2043, 0x1802, 0x0803, 0x0002, 0x0002, 0x0002, 0x0002, 0x0022, 0x0083, 0x00A2, 0x08C4, 0x00C4,   // 0x4540 (17728) pixels
0x00E4, 0x0104, 0x0104, 0x08E4, 0x00C4, 0x00A3, 0x0842, 0x0002, 0x0802, 0x1861, 0x5A45, 0x8B06, 0xBB89, 0xE3EC, 0xBBAA, 0xAB07,   // 0x4550 (17744) pixels
0x8A24, 0x7163, 0x6967, 0x3024, 0x2865, 0x1002, 0x0021, 0x0000, 0x0021, 0x0022, 0x0001, 0x0001, 0x0001, 0x0001, 0x0001, 0x0002,   // 0x4560 (17760) pixels
0x0002, 0x0002, 0x1043, 0x2043, 0x3064, 0x48E5, 0x48E6, 0x5106, 0x5105, 0x40C5, 0x4086, 0x5085, 0x7943, 0xC368, 0xE463, 0xECA5,   // 0x4570 (17776) pixels
0xEC88, 0xD3A7, 0xC348, 0xBB27, 0xCBA7, 0xD427, 0xEC46, 0xE465, 0xE485, 0xDC66, 0xD3A5, 0xA262, 0x7A05, 0x1801, 0x0002, 0x0002,   // 0x4580 (17792) pixels
0x0001, 0x0002, 0x0002, 0x1002, 0x2842, 0x5985, 0x68E2, 0x7963, 0x9A04, 0xA223, 0xB263, 0xAA42, 0xAA63, 0xAA63, 0xB2C4, 0xA285,   // 0x4590 (17808) pixels
0x79C6, 0x2842, 0x0002, 0x0002, 0x0042, 0x0021, 0x0803, 0x0002, 0x0001, 0x0022, 0x0023, 0x0002, 0x0002, 0x0800, 0x1001, 0x1843,   // 0x45A0 (17824) pixels
0x1002, 0x0822, 0x0043, 0x00E5, 0x0146, 0x0145, 0x0904, 0x0926, 0x0926, 0x0105, 0x0124, 0x0123, 0x0104, 0x0905, 0x01C4, 0x0A85,   // 0x45B0 (17840) pixels
0x0AE4, 0x0AC3, 0x0A84, 0x0A45, 0x09E4, 0x0183, 0x0944, 0x0904, 0x0082, 0x0000, 0x0000, 0x0000, 0x0000, 0x0000, 0x0000, 0x0000,   // 0x45C0 (17856) pixels
0x0000, 0x0000, 0x0000, 0x0000, 0x0000, 0x0000, 0x0000, 0x0000, 0x0000, 0x0000, 0x0000, 0x0000, 0x0040, 0x1985, 0x11A6, 0x01A5,   // 0x45D0 (17872) pixels
0x0185, 0x01E6, 0x0205, 0x01E5, 0x0225, 0x0245, 0x0204, 0x0225, 0x0245, 0x0245, 0x0244, 0x0244, 0x0226, 0x09E4, 0x0142, 0x0103,   // 0x45E0 (17888) pixels
0x0105, 0x0125, 0x0145, 0x0924, 0x00C2, 0x0061, 0x0000, 0x1821, 0x2841, 0x5922, 0xBB87, 0xD3C5, 0x79A3, 0x7963, 0x7164, 0x5924,   // 0x45F0 (17904) pixels
0x28A3, 0x0822, 0x0002, 0x0802, 0x0002, 0x0002, 0x0002, 0x0003, 0x0023, 0x00A3, 0x0924, 0x0964, 0x0124, 0x0124, 0x0124, 0x0145,   // 0x4600 (17920) pixels
0x0145, 0x0925, 0x00E5, 0x00C4, 0x00C3, 0x1063, 0x3085, 0x69E6, 0xDD4E, 0xFE0F, 0xDC8B, 0x9A25, 0x81E6, 0x7184, 0x6143, 0x48C4,   // 0x4610 (17936) pixels
0x38A6, 0x2825, 0x2025, 0x1003, 0x0001, 0x0000, 0x0021, 0x0021, 0x0001, 0x0022, 0x0001, 0x0002, 0x0001, 0x0022, 0x0002, 0x0002,   // 0x4620 (17952) pixels
0x0002, 0x0801, 0x2843, 0x5126, 0x48E6, 0x5105, 0x5105, 0x4906, 0x40C6, 0x4884, 0x6922, 0xC387, 0xF4C6, 0xEC85, 0xEC86, 0xE427,   // 0x4630 (17968) pixels
0xEC49, 0xEC8A, 0xFD0B, 0xFD09, 0xE425, 0xE464, 0xDC45, 0xE469, 0xCB67, 0xA264, 0x7A05, 0x1001, 0x0802, 0x0002, 0x0021, 0x0001,   // 0x4640 (17984) pixels
0x0002, 0x0002, 0x0801, 0x28A3, 0x3843, 0x5905, 0x81C6, 0x91C4, 0x99E4, 0x99E4, 0xAA45, 0xA266, 0x6143, 0x4903, 0x30C4, 0x0801,   // 0x4650 (18000) pixels
0x0002, 0x0064, 0x08C5, 0x0905, 0x08A5, 0x08C4, 0x00A3, 0x00C3, 0x00C5, 0x00A5, 0x0083, 0x0062, 0x00A2, 0x08E4, 0x0083, 0x08C4,   // 0x4660 (18016) pixels
0x0125, 0x0966, 0x0146, 0x0125, 0x0124, 0x0105, 0x0126, 0x0146, 0x0144, 0x0123, 0x0144, 0x0125, 0x0165, 0x01C5, 0x0204, 0x01E3,   // 0x4670 (18032) pixels
0x01C5, 0x01C6, 0x01A6, 0x0185, 0x09A5, 0x0965, 0x00A2, 0x0000, 0x0000, 0x0000, 0x0000, 0x0000, 0x0000, 0x0000, 0x0000, 0x0000,   // 0x4680 (18048) pixels
0x0000, 0x0000, 0x0000, 0x0000, 0x0000, 0x0000, 0x0000, 0x0000, 0x0000, 0x0000, 0x0020, 0x1124, 0x0143, 0x01A5, 0x01E5, 0x0205,   // 0x4690 (18064) pixels
0x01E4, 0x0A25, 0x0204, 0x0245, 0x0A45, 0x0A45, 0x0244, 0x0244, 0x0285, 0x02A5, 0x0285, 0x0224, 0x01A3, 0x09C5, 0x09E8, 0x01A7,   // 0x46A0 (18080) pixels
0x01A6, 0x01A5, 0x0944, 0x0925, 0x00A5, 0x0045, 0x0004, 0x2044, 0x8227, 0x99E4, 0x6121, 0x5083, 0x3803, 0x1801, 0x0802, 0x0043,   // 0x46B0 (18096) pixels
0x0003, 0x0801, 0x0022, 0x0022, 0x0064, 0x08A5, 0x08C5, 0x0125, 0x0164, 0x0164, 0x0184, 0x0184, 0x0185, 0x0185, 0x0986, 0x0966,   // 0x46C0 (18112) pixels
0x0906, 0x00E5, 0x0143, 0x1905, 0x5106, 0x89E6, 0xF52D, 0xFE2E, 0xC44A, 0x6142, 0x68E4, 0x58E4, 0x48E4, 0x3084, 0x1004, 0x1826,   // 0x46D0 (18128) pixels
0x1825, 0x1804, 0x0001, 0x0000, 0x0021, 0x0000, 0x0000, 0x0021, 0x0001, 0x0802, 0x0001, 0x0001, 0x0002, 0x0002, 0x0002, 0x0802,   // 0x46E0 (18144) pixels
0x2863, 0x4926, 0x48E6, 0x48E5, 0x4904, 0x5146, 0x4927, 0x50C4, 0x6961, 0xCBC7, 0xDBE4, 0xEC86, 0xF4C6, 0xD3A3, 0xC323, 0xCB65,   // 0x46F0 (18160) pixels
0xEC67, 0xF4C7, 0xE404, 0xEC65, 0xCBC4, 0xCBA8, 0xAA45, 0x91C3, 0x69A5, 0x1002, 0x0002, 0x0001, 0x0001, 0x0001, 0x0023, 0x0003,   // 0x4700 (18176) pixels
0x0002, 0x0021, 0x1802, 0x40C5, 0x79A7, 0x7944, 0x8944, 0x8964, 0x8164, 0x68C2, 0x1801, 0x0801, 0x0042, 0x0002, 0x0844, 0x10A5,   // 0x4710 (18192) pixels
0x00E6, 0x0147, 0x0126, 0x0986, 0x0144, 0x0124, 0x0146, 0x0125, 0x0125, 0x0103, 0x0124, 0x0986, 0x0104, 0x0925, 0x0145, 0x0145,   // 0x4720 (18208) pixels
0x0105, 0x0906, 0x0965, 0x0125, 0x0146, 0x0186, 0x0185, 0x01A5, 0x01A6, 0x0186, 0x1188, 0x11A7, 0x09A5, 0x01A5, 0x01A6, 0x0187,   // 0x4730 (18224) pixels
0x0187, 0x0166, 0x01A5, 0x0164, 0x00A2, 0x0000, 0x0000, 0x0000, 0x0000, 0x0000, 0x0000, 0x0000, 0x0000, 0x0000, 0x0000, 0x0000,   // 0x4740 (18240) pixels
0x0000, 0x0000, 0x0000, 0x0000, 0x0000, 0x0000, 0x0000, 0x0000, 0x0020, 0x0040, 0x00A1, 0x0923, 0x1185, 0x09A5, 0x0184, 0x0184,   // 0x4750 (18256) pixels
0x0224, 0x0A45, 0x0A45, 0x0225, 0x0245, 0x0245, 0x0245, 0x0265, 0x0285, 0x0285, 0x0284, 0x0AA3, 0x0AA3, 0x0263, 0x0223, 0x01E3,   // 0x4760 (18272) pixels
0x09E6, 0x0185, 0x0985, 0x0945, 0x00C2, 0x0081, 0x00A1, 0x0060, 0x0023, 0x0043, 0x0023, 0x0023, 0x0023, 0x0023, 0x0003, 0x0023,   // 0x4770 (18288) pixels
0x00C4, 0x00E5, 0x0946, 0x1187, 0x0186, 0x01A4, 0x0A24, 0x01C2, 0x1A67, 0x1226, 0x09E4, 0x0A04, 0x0205, 0x01C6, 0x0187, 0x11A9,   // 0x4780 (18304) pixels
0x11C5, 0x2903, 0x5041, 0x6881, 0x9245, 0xABAA, 0x8AA8, 0x58E4, 0x48A7, 0x40A7, 0x2845, 0x1003, 0x0803, 0x1043, 0x0823, 0x0802,   // 0x4790 (18320) pixels
0x0082, 0x0001, 0x1001, 0x2801, 0x3801, 0x3001, 0x2083, 0x0001, 0x0041, 0x0042, 0x0041, 0x0022, 0x0802, 0x0802, 0x1003, 0x0843,   // 0x47A0 (18336) pixels
0x0843, 0x2042, 0x40C3, 0x5945, 0x5145, 0x48E4, 0x50E4, 0x60E4, 0x9223, 0xC3A8, 0xC385, 0xBB22, 0xBB01, 0xC302, 0xE3E7, 0xEC29,   // 0x47B0 (18352) pixels
0xF3A3, 0xDB64, 0x9202, 0x5902, 0x30A3, 0x1022, 0x0802, 0x0801, 0x0001, 0x0001, 0x0002, 0x0023, 0x0003, 0x0002, 0x0002, 0x0802,   // 0x47C0 (18368) pixels
0x0001, 0x0801, 0x0802, 0x1002, 0x1022, 0x0842, 0x0841, 0x0060, 0x0002, 0x0002, 0x0022, 0x0063, 0x00C4, 0x0125, 0x0145, 0x0145,   // 0x47D0 (18384) pixels
0x0146, 0x0145, 0x0125, 0x0125, 0x0145, 0x0946, 0x0946, 0x0946, 0x0146, 0x0145, 0x0165, 0x0164, 0x0164, 0x0145, 0x0125, 0x0905,   // 0x47E0 (18400) pixels
0x0144, 0x0185, 0x09E5, 0x0A05, 0x0A25, 0x0225, 0x0225, 0x0245, 0x0225, 0x0225, 0x09E5, 0x0984, 0x0923, 0x0944, 0x0964, 0x0964,   // 0x47F0 (18416) pixels
0x10A2, 0x0861, 0x0000, 0x0000, 0x0000, 0x0000, 0x0000, 0x0000, 0x0000, 0x0000, 0x0000, 0x0000, 0x0000, 0x0000, 0x0000, 0x0000,   // 0x4800 (18432) pixels
0x0000, 0x0000, 0x0000, 0x0000, 0x0000, 0x0000, 0x0000, 0x0000, 0x0000, 0x0040, 0x0081, 0x0081, 0x0081, 0x0081, 0x09A4, 0x09C4,   // 0x4810 (18448) pixels
0x01A3, 0x01A3, 0x0204, 0x0A45, 0x0245, 0x0265, 0x0266, 0x0A85, 0x12A5, 0x12C4, 0x12C5, 0x12C5, 0x0A85, 0x0245, 0x0A25, 0x09E5,   // 0x4820 (18464) pixels
0x0A05, 0x09E6, 0x0984, 0x09A4, 0x11E4, 0x11C4, 0x0944, 0x0944, 0x0924, 0x0104, 0x0925, 0x0925, 0x0925, 0x1146, 0x0966, 0x0966,   // 0x4830 (18480) pixels
0x0166, 0x0166, 0x0164, 0x0A24, 0x1AE5, 0x12C3, 0x1286, 0x0A45, 0x0A25, 0x0A66, 0x0266, 0x0226, 0x01C5, 0x0985, 0x11A4, 0x3945,   // 0x4840 (18496) pixels
0x5063, 0x5000, 0x6061, 0x79E6, 0x71A7, 0x58A4, 0x3845, 0x3065, 0x2044, 0x1003, 0x0802, 0x0802, 0x0002, 0x0002, 0x0000, 0x1860,   // 0x4850 (18512) pixels
0x61A3, 0x92A6, 0x9AC8, 0x8248, 0x61E8, 0x2063, 0x10C4, 0x08E4, 0x00C3, 0x0042, 0x0001, 0x0002, 0x0002, 0x0002, 0x0002, 0x1002,   // 0x4860 (18528) pixels
0x3883, 0x5946, 0x5166, 0x4925, 0x48C4, 0x5083, 0x8962, 0xAA65, 0xB2C4, 0xC324, 0xC303, 0xC2E2, 0xD365, 0xD345, 0xE3C6, 0xDBC8,   // 0x4870 (18544) pixels
0x9265, 0x40C2, 0x1001, 0x0001, 0x0002, 0x0002, 0x0042, 0x0063, 0x0884, 0x0084, 0x0044, 0x0003, 0x0022, 0x0042, 0x0021, 0x0022,   // 0x4880 (18560) pixels
0x0022, 0x0022, 0x0022, 0x0022, 0x0042, 0x0062, 0x08C4, 0x00A4, 0x08C4, 0x0905, 0x0925, 0x0946, 0x0146, 0x0145, 0x0104, 0x0124,   // 0x4890 (18576) pixels
0x0124, 0x0125, 0x0125, 0x0145, 0x0125, 0x0124, 0x0946, 0x0125, 0x0144, 0x0185, 0x01C5, 0x01A5, 0x0185, 0x0165, 0x01A6, 0x09C6,   // 0x48A0 (18592) pixels
0x0A06, 0x1226, 0x0A45, 0x0A25, 0x0225, 0x0205, 0x0226, 0x0A06, 0x0984, 0x00E2, 0x0061, 0x0060, 0x0061, 0x0060, 0x0841, 0x0020,   // 0x48B0 (18608) pixels
0x0000, 0x0000, 0x0000, 0x0000, 0x0000, 0x0000, 0x0000, 0x0000, 0x0000, 0x0000, 0x0000, 0x0000, 0x0000, 0x0000, 0x0000, 0x0000,   // 0x48C0 (18624) pixels
0x0000, 0x0000, 0x0000, 0x0000, 0x0800, 0x0000, 0x0000, 0x0000, 0x0000, 0x0000, 0x0000, 0x0020, 0x00A1, 0x00A1, 0x00A1, 0x00E2,   // 0x48D0 (18640) pixels
0x09A4, 0x0A05, 0x0A25, 0x0225, 0x0A05, 0x0A25, 0x0A24, 0x1224, 0x1264, 0x1285, 0x0A66, 0x0225, 0x0204, 0x01E4, 0x0204, 0x0205,   // 0x48E0 (18656) pixels
0x01E4, 0x0A24, 0x1285, 0x1285, 0x1285, 0x0A65, 0x0A05, 0x01C4, 0x01A5, 0x01A5, 0x0165, 0x0165, 0x0185, 0x0185, 0x0165, 0x0165,   // 0x48F0 (18672) pixels
0x01A3, 0x0A84, 0x1B44, 0x1342, 0x0AC5, 0x0243, 0x0204, 0x0245, 0x0245, 0x0244, 0x0A44, 0x0A03, 0x11A2, 0x3185, 0x50C5, 0x4802,   // 0x4900 (18688) pixels
0x5883, 0x71E8, 0x6987, 0x4023, 0x2023, 0x2044, 0x1043, 0x0822, 0x0022, 0x0001, 0x0001, 0x0042, 0x1842, 0x61A4, 0xBB25, 0xDBA6,   // 0x4910 (18704) pixels
0xBB05, 0x79C5, 0x6167, 0x3864, 0x10C4, 0x1105, 0x0104, 0x00A3, 0x0042, 0x0043, 0x0043, 0x0043, 0x0044, 0x0023, 0x2043, 0x38C5,   // 0x4920 (18720) pixels
0x38E5, 0x38C5, 0x40A5, 0x5085, 0x78C3, 0x8123, 0xA205, 0xC307, 0xCB46, 0xC305, 0xD346, 0xCB06, 0xA2A6, 0x9AE8, 0x69E6, 0x28A3,   // 0x4930 (18736) pixels
0x0802, 0x0002, 0x0002, 0x0002, 0x0084, 0x08E5, 0x0906, 0x0906, 0x00C5, 0x00A4, 0x00C4, 0x08E4, 0x0104, 0x0104, 0x08E5, 0x08E5,   // 0x4940 (18752) pixels
0x08C5, 0x00C5, 0x00C4, 0x00C4, 0x0925, 0x0145, 0x0145, 0x0145, 0x0146, 0x0145, 0x0145, 0x0145, 0x0165, 0x0185, 0x01A5, 0x0165,   // 0x4950 (18768) pixels
0x0164, 0x0165, 0x0144, 0x0124, 0x0925, 0x0144, 0x0185, 0x0A06, 0x1267, 0x0A47, 0x01E5, 0x01A4, 0x01A5, 0x01A5, 0x01A5, 0x01C4,   // 0x4960 (18784) pixels
0x09E4, 0x09E5, 0x09E4, 0x09C4, 0x09C5, 0x11A5, 0x0923, 0x0081, 0x0000, 0x0000, 0x0020, 0x0020, 0x0000, 0x0000, 0x0000, 0x0000,   // 0x4970 (18800) pixels
0x0000, 0x0000, 0x0000, 0x0000, 0x0000, 0x0000, 0x0000, 0x0000, 0x0000, 0x0000, 0x0000, 0x0000, 0x0000, 0x0000, 0x0000, 0x0000,   // 0x4980 (18816) pixels
0x0000, 0x0000, 0x0000, 0x0000, 0x0000, 0x0800, 0x0000, 0x0000, 0x0800, 0x0800, 0x0000, 0x0000, 0x0000, 0x0061, 0x0923, 0x0964,   // 0x4990 (18832) pixels
0x0164, 0x0163, 0x0944, 0x0943, 0x0122, 0x0121, 0x0162, 0x09E4, 0x0A06, 0x01E5, 0x0205, 0x0205, 0x0205, 0x0225, 0x0205, 0x0225,   // 0x49A0 (18848) pixels
0x0A85, 0x0A85, 0x0A85, 0x0A85, 0x0245, 0x0204, 0x01C5, 0x01A5, 0x0985, 0x0986, 0x0984, 0x0985, 0x01A5, 0x0A06, 0x0A65, 0x1304,   // 0x49B0 (18864) pixels
0x1BA4, 0x13A1, 0x1345, 0x0A84, 0x0224, 0x0225, 0x0225, 0x0284, 0x1B04, 0x2303, 0x1262, 0x19E3, 0x28E3, 0x2022, 0x30A3, 0x4986,   // 0x49C0 (18880) pixels
0x30E4, 0x1000, 0x0042, 0x0062, 0x0062, 0x0062, 0x00A3, 0x00C3, 0x00E3, 0x0924, 0x30E5, 0x9AA8, 0xE3A7, 0xEB86, 0xBAA6, 0x7124,   // 0x49D0 (18896) pixels
0x58E7, 0x4866, 0x10A3, 0x08E4, 0x0965, 0x0185, 0x0965, 0x0965, 0x0925, 0x0945, 0x00C5, 0x0043, 0x0002, 0x0802, 0x0801, 0x0802,   // 0x49E0 (18912) pixels
0x2023, 0x4085, 0x60A6, 0x6084, 0x7945, 0x9206, 0x9225, 0x91E4, 0x9205, 0x91E4, 0x3040, 0x2840, 0x1001, 0x0002, 0x0064, 0x0064,   // 0x49F0 (18928) pixels
0x0043, 0x0043, 0x00C5, 0x0106, 0x0946, 0x0146, 0x0125, 0x0125, 0x0165, 0x0986, 0x09C5, 0x01A5, 0x0165, 0x0145, 0x0166, 0x0966,   // 0x4A00 (18944) pixels
0x0186, 0x0166, 0x0165, 0x0166, 0x0166, 0x0165, 0x0145, 0x0145, 0x0145, 0x0165, 0x0226, 0x0A47, 0x0A47, 0x01E6, 0x01C5, 0x01E5,   // 0x4A10 (18960) pixels
0x01E5, 0x01C5, 0x0185, 0x09A5, 0x09E5, 0x1226, 0x1246, 0x1246, 0x01E5, 0x0184, 0x0965, 0x0123, 0x00E2, 0x00C1, 0x00C1, 0x00C1,   // 0x4A20 (18976) pixels
0x00A1, 0x00A1, 0x0081, 0x0081, 0x0061, 0x0000, 0x0000, 0x0000, 0x0000, 0x0000, 0x0000, 0x0000, 0x0000, 0x0000, 0x0000, 0x0000,   // 0x4A30 (18992) pixels
0x0000, 0x0000, 0x0000, 0x0000, 0x0000, 0x0000, 0x0000, 0x0000, 0x0000, 0x0000, 0x0000, 0x0000, 0x0000, 0x0000, 0x0000, 0x0000,   // 0x4A40 (19008) pixels
0x0000, 0x0000, 0x0000, 0x0000, 0x0000, 0x0000, 0x0000, 0x0000, 0x0000, 0x0000, 0x0000, 0x0021, 0x0082, 0x0082, 0x0061, 0x0061,   // 0x4A50 (19024) pixels
0x0061, 0x0061, 0x0060, 0x0060, 0x00C1, 0x0984, 0x11E6, 0x09E6, 0x0A06, 0x0A06, 0x0A07, 0x0A07, 0x01E6, 0x0206, 0x0226, 0x0225,   // 0x4A60 (19040) pixels
0x01E4, 0x01C4, 0x09C5, 0x09A5, 0x0144, 0x0125, 0x0925, 0x1146, 0x1123, 0x0924, 0x0944, 0x1206, 0x1286, 0x1304, 0x1B83, 0x1BA2,   // 0x4A70 (19056) pixels
0x1B45, 0x0A84, 0x0A25, 0x0A06, 0x0204, 0x0A84, 0x2344, 0x2B63, 0x1BA3, 0x12E4, 0x1204, 0x0923, 0x0922, 0x1163, 0x1142, 0x0922,   // 0x4A80 (19072) pixels
0x0164, 0x0164, 0x0164, 0x0985, 0x09C6, 0x09E6, 0x01C5, 0x0A06, 0x4167, 0x7A07, 0x99E3, 0x9962, 0x8165, 0x58E7, 0x5108, 0x40A7,   // 0x4A90 (19088) pixels
0x0042, 0x00C2, 0x0184, 0x01C4, 0x01E5, 0x09E5, 0x01A3, 0x01A3, 0x0165, 0x0104, 0x0083, 0x0043, 0x0022, 0x0001, 0x0802, 0x1824,   // 0x4AA0 (19104) pixels
0x3886, 0x3865, 0x38A4, 0x40C4, 0x40C3, 0x40A3, 0x40A3, 0x48C4, 0x1022, 0x0002, 0x0022, 0x0084, 0x0926, 0x0946, 0x0925, 0x0945,   // 0x4AB0 (19120) pixels
0x0126, 0x0146, 0x0145, 0x0145, 0x0145, 0x0165, 0x0165, 0x0986, 0x2AE8, 0x1A66, 0x01E5, 0x0184, 0x0185, 0x09A6, 0x09A6, 0x09A5,   // 0x4AC0 (19136) pixels
0x0165, 0x0165, 0x0165, 0x0145, 0x0124, 0x0125, 0x0945, 0x0965, 0x0226, 0x0A67, 0x0A87, 0x0A46, 0x0A46, 0x0A47, 0x0A47, 0x0226,   // 0x4AD0 (19152) pixels
0x0A06, 0x1226, 0x09E5, 0x0183, 0x0143, 0x0963, 0x0964, 0x0103, 0x08E3, 0x00A2, 0x0040, 0x0020, 0x0020, 0x0000, 0x0000, 0x0000,   // 0x4AE0 (19168) pixels
0x0000, 0x0000, 0x0000, 0x0000, 0x0000, 0x0800, 0x0800, 0x0000, 0x0000, 0x0000, 0x0000, 0x0000, 0x0000, 0x0000, 0x0000, 0x0000,   // 0x4AF0 (19184) pixels
0x0000, 0x0000, 0x0000, 0x0000, 0x0000, 0x0000, 0x0000, 0x0000, 0x0000, 0x0000, 0x0000, 0x0000, 0x0000, 0x0000, 0x0020, 0x0020,   // 0x4B00 (19200) pixels
0x0020, 0x0000, 0x0000, 0x0000, 0x0000, 0x0000, 0x0000, 0x0000, 0x0000, 0x0000, 0x0000, 0x0000, 0x0000, 0x0000, 0x0000, 0x0000,   // 0x4B10 (19216) pixels
0x0000, 0x0020, 0x0081, 0x0903, 0x0944, 0x0964, 0x0965, 0x0965, 0x0966, 0x0986, 0x0986, 0x0985, 0x0985, 0x0184, 0x0903, 0x0903,   // 0x4B20 (19232) pixels
0x0904, 0x08C3, 0x0082, 0x0042, 0x0042, 0x0042, 0x0061, 0x0041, 0x0081, 0x0943, 0x11E4, 0x0A03, 0x0A62, 0x0A82, 0x1244, 0x09A3,   // 0x4B30 (19248) pixels
0x0943, 0x0144, 0x0183, 0x0A44, 0x2325, 0x2B65, 0x1BA4, 0x0B04, 0x0A85, 0x0A45, 0x0A45, 0x0A24, 0x0A04, 0x0A25, 0x0A26, 0x0A26,   // 0x4B40 (19264) pixels
0x09E6, 0x09C5, 0x09E6, 0x01C5, 0x01A4, 0x0184, 0x2145, 0x3924, 0x5103, 0x50C3, 0x40E5, 0x30C6, 0x20C6, 0x1022, 0x08E3, 0x0164,   // 0x4B50 (19280) pixels
0x0225, 0x0244, 0x0A84, 0x1B05, 0x1AC4, 0x12A3, 0x1265, 0x0A05, 0x01A5, 0x0985, 0x0965, 0x0104, 0x0084, 0x0843, 0x0002, 0x0002,   // 0x4B60 (19296) pixels
0x0002, 0x0001, 0x0001, 0x0002, 0x0002, 0x0844, 0x08C5, 0x08E5, 0x0926, 0x0125, 0x0144, 0x0165, 0x0164, 0x0184, 0x09A6, 0x0185,   // 0x4B70 (19312) pixels
0x0185, 0x01A5, 0x01A5, 0x0185, 0x0986, 0x0986, 0x1204, 0x09C4, 0x0183, 0x0183, 0x01A5, 0x09A5, 0x0984, 0x0143, 0x00C2, 0x00C2,   // 0x4B80 (19328) pixels
0x00A2, 0x00A2, 0x0082, 0x0082, 0x00A2, 0x00C3, 0x01A4, 0x01E5, 0x0A06, 0x09E6, 0x09E5, 0x09E6, 0x09C5, 0x0184, 0x01A5, 0x09C6,   // 0x4B90 (19344) pixels
0x0984, 0x00C1, 0x0060, 0x0081, 0x0081, 0x0041, 0x0041, 0x0020, 0x0000, 0x0000, 0x0800, 0x0800, 0x0800, 0x0800, 0x0000, 0x0000,   // 0x4BA0 (19360) pixels
0x0000, 0x0000, 0x0000, 0x0000, 0x0800, 0x0000, 0x0000, 0x0000, 0x0000, 0x0000, 0x0000, 0x0000, 0x0000, 0x0000, 0x0000, 0x0000,   // 0x4BB0 (19376) pixels
0x0000, 0x0000, 0x0000, 0x0000, 0x0000, 0x0000, 0x0000, 0x0000, 0x0000, 0x0000, 0x0000, 0x0000, 0x0000, 0x0000, 0x0000, 0x0000,   // 0x4BC0 (19392) pixels
0x0000, 0x0000, 0x0000, 0x0000, 0x0000, 0x0000, 0x0000, 0x0000, 0x0000, 0x0000, 0x0000, 0x0020, 0x0000, 0x0000, 0x0000, 0x0000,   // 0x4BD0 (19408) pixels
0x0021, 0x0041, 0x0081, 0x0081, 0x00A2, 0x00C3, 0x00C3, 0x08C3, 0x08C3, 0x08E3, 0x08C2, 0x08E2, 0x0862, 0x0042, 0x0042, 0x0041,   // 0x4BE0 (19424) pixels
0x0021, 0x0000, 0x0021, 0x0000, 0x0000, 0x0000, 0x0000, 0x08A1, 0x08E2, 0x00C1, 0x0101, 0x0101, 0x0922, 0x00C1, 0x0061, 0x00A2,   // 0x4BF0 (19440) pixels
0x0143, 0x0A05, 0x1AA5, 0x22C5, 0x1AE4, 0x0A84, 0x0A65, 0x0A45, 0x1265, 0x1265, 0x0A25, 0x0A06, 0x0A26, 0x1226, 0x1206, 0x09A5,   // 0x4C00 (19456) pixels
0x09A5, 0x09C5, 0x09C5, 0x09E5, 0x0984, 0x0943, 0x1984, 0x0903, 0x08C3, 0x00E3, 0x0944, 0x0923, 0x0985, 0x01C5, 0x0285, 0x0263,   // 0x4C10 (19472) pixels
0x0AC3, 0x2BA5, 0x2383, 0x2382, 0x1B03, 0x12A4, 0x0224, 0x0205, 0x0A06, 0x01A5, 0x0125, 0x00E5, 0x00A3, 0x00E4, 0x00C4, 0x00C3,   // 0x4C20 (19488) pixels
0x00C4, 0x00C4, 0x00C4, 0x00E5, 0x0105, 0x0146, 0x09A6, 0x0164, 0x01A4, 0x0A25, 0x0A05, 0x0204, 0x0A26, 0x0205, 0x0A05, 0x0A25,   // 0x4C30 (19504) pixels
0x09E5, 0x0165, 0x0925, 0x0946, 0x0143, 0x0164, 0x0164, 0x0985, 0x0985, 0x0964, 0x0903, 0x00C1, 0x0000, 0x0000, 0x0000, 0x0000,   // 0x4C40 (19520) pixels
0x0000, 0x0000, 0x0000, 0x0000, 0x00C2, 0x00E2, 0x08E3, 0x08E3, 0x08E3, 0x00C2, 0x00A2, 0x0081, 0x00A2, 0x00C3, 0x08A2, 0x0041,   // 0x4C50 (19536) pixels
0x0000, 0x0000, 0x0000, 0x0000, 0x0000, 0x0000, 0x0000, 0x0000, 0x0000, 0x0000, 0x0000, 0x0000, 0x0000, 0x0000, 0x0000, 0x0000,   // 0x4C60 (19552) pixels
0x0000, 0x0000, 0x0000, 0x0000, 0x0000, 0x0000, 0x0000, 0x0000, 0x0000, 0x0000, 0x0000, 0x0000, 0x0000, 0x0000, 0x0000, 0x0000,   // 0x4C70 (19568) pixels
0x0000, 0x0000, 0x0000, 0x0000, 0x0000, 0x0000, 0x0000, 0x0000, 0x0000, 0x0000, 0x0000, 0x0800, 0x0800, 0x0000, 0x0000, 0x0020,   // 0x4C80 (19584) pixels
0x0000, 0x0000, 0x0000, 0x0000, 0x0000, 0x0020, 0x0040, 0x0000, 0x0000, 0x0020, 0x0000, 0x0000, 0x0000, 0x0000, 0x0000, 0x0000,   // 0x4C90 (19600) pixels
0x0020, 0x0040, 0x0020, 0x0020, 0x0000, 0x0000, 0x0020, 0x0000, 0x0000, 0x0000, 0x0801, 0x0000, 0x0000, 0x0000, 0x0000, 0x0020,   // 0x4CA0 (19616) pixels
0x0020, 0x0000, 0x0000, 0x0000, 0x0000, 0x0000, 0x0000, 0x0000, 0x0001, 0x0001, 0x0020, 0x0000, 0x0000, 0x0041, 0x0903, 0x09A4,   // 0x4CB0 (19632) pixels
0x01A3, 0x0182, 0x0941, 0x0183, 0x01C4, 0x0183, 0x0182, 0x01A4, 0x0185, 0x0187, 0x0184, 0x09A4, 0x0143, 0x00C1, 0x00A1, 0x0123,   // 0x4CC0 (19648) pixels
0x0984, 0x11C5, 0x0225, 0x0225, 0x0A87, 0x0245, 0x0A65, 0x1245, 0x1245, 0x0A45, 0x1206, 0x0205, 0x02A5, 0x02C3, 0x1323, 0x2BE4,   // 0x4CD0 (19664) pixels
0x2BC2, 0x2C02, 0x1B42, 0x1303, 0x0284, 0x0245, 0x0245, 0x01E5, 0x01A6, 0x0187, 0x0185, 0x09A6, 0x0985, 0x09A6, 0x09A6, 0x0986,   // 0x4CE0 (19680) pixels
0x09A6, 0x0186, 0x0987, 0x0166, 0x01A5, 0x01A3, 0x0224, 0x1AE7, 0x12A5, 0x0244, 0x0A45, 0x0A45, 0x0A45, 0x1265, 0x09C4, 0x0103,   // 0x4CF0 (19696) pixels
0x00A3, 0x00A4, 0x00C3, 0x00E4, 0x0105, 0x0104, 0x00E4, 0x00A2, 0x0061, 0x0040, 0x0800, 0x0800, 0x0800, 0x0800, 0x0800, 0x0000,   // 0x4D00 (19712) pixels
0x0000, 0x0000, 0x0000, 0x0000, 0x0000, 0x0000, 0x0000, 0x0000, 0x0000, 0x0000, 0x0001, 0x0000, 0x0000, 0x0800, 0x0800, 0x0000,   // 0x4D10 (19728) pixels
0x0000, 0x0021, 0x0000, 0x0000, 0x0020, 0x0000, 0x0020, 0x0020, 0x0000, 0x0001, 0x0000, 0x0000, 0x0000, 0x0020, 0x0020, 0x0000,   // 0x4D20 (19744) pixels
0x0000, 0x0000, 0x0000, 0x0000, 0x0000, 0x0000, 0x0000, 0x0000, 0x0000, 0x0000, 0x0000, 0x0000, 0x0000, 0x0000, 0x0000, 0x0000,   // 0x4D30 (19760) pixels
0x0000, 0x0000, 0x0000, 0x0000, 0x0000, 0x0000, 0x0000, 0x0000, 0x0000, 0x0000, 0x0000, 0x0000, 0x0000, 0x0000, 0x0000, 0x0000,   // 0x4D40 (19776) pixels
0x0000, 0x0000, 0x0000, 0x0000, 0x0000, 0x0000, 0x0000, 0x0000, 0x0000, 0x0000, 0x0000, 0x0000, 0x0000, 0x0000, 0x0000, 0x0000,   // 0x4D50 (19792) pixels
0x0000, 0x0000, 0x0000, 0x0000, 0x0000, 0x0000, 0x0000, 0x0000, 0x0000, 0x0000, 0x0041, 0x0020, 0x0020, 0x0021, 0x0000, 0x1041,   // 0x4D60 (19808) pixels
0x1001, 0x1001, 0x1042, 0x0001, 0x0001, 0x0000, 0x0000, 0x0000, 0x0000, 0x0000, 0x0000, 0x0000, 0x0000, 0x0020, 0x0020, 0x0020,   // 0x4D70 (19824) pixels
0x0041, 0x0041, 0x0041, 0x0041, 0x0041, 0x0041, 0x0041, 0x0041, 0x0061, 0x0041, 0x0020, 0x0020, 0x0020, 0x0020, 0x00C2, 0x11A5,   // 0x4D80 (19840) pixels
0x01A3, 0x0225, 0x0266, 0x0285, 0x0285, 0x0286, 0x0265, 0x0245, 0x0265, 0x0285, 0x0284, 0x02A3, 0x0B24, 0x23A6, 0x1B84, 0x0AE1,   // 0x4D90 (19856) pixels
0x02C5, 0x02A5, 0x0265, 0x0225, 0x01E5, 0x01C5, 0x01A6, 0x01A6, 0x01C6, 0x01C6, 0x01C6, 0x01C6, 0x01C6, 0x01C6, 0x01A6, 0x01A6,   // 0x4DA0 (19872) pixels
0x01A5, 0x0184, 0x0184, 0x01A4, 0x09E5, 0x09E5, 0x09C4, 0x0183, 0x0964, 0x0103, 0x00E2, 0x0903, 0x08C2, 0x0020, 0x0000, 0x0000,   // 0x4DB0 (19888) pixels
0x0000, 0x0000, 0x0000, 0x0000, 0x0000, 0x0000, 0x0000, 0x0000, 0x0000, 0x0000, 0x0000, 0x0000, 0x0000, 0x0000, 0x0000, 0x0000,   // 0x4DC0 (19904) pixels
0x0000, 0x0000, 0x0000, 0x0000, 0x0000, 0x0000, 0x0000, 0x0000, 0x0000, 0x0000, 0x0000, 0x0000, 0x0000, 0x0000, 0x0000, 0x0000,   // 0x4DD0 (19920) pixels
0x0000, 0x0000, 0x0000, 0x0000, 0x0000, 0x0000, 0x0000, 0x0000, 0x0000, 0x0000, 0x0000, 0x0000, 0x0000, 0x0000, 0x0000, 0x0000,   // 0x4DE0 (19936) pixels
0x0000, 0x0000, 0x0000, 0x0000, 0x0000, 0x0000, 0x0000, 0x0000, 0x0000, 0x0000, 0x0000, 0x0000, 0x0000, 0x0000, 0x0000, 0x0000,   // 0x4DF0 (19952) pixels
0x0000, 0x0000, 0x0000, 0x0000, 0x0000, 0x0000, 0x0000, 0x0000, 0x0000, 0x0000, 0x0000, 0x0000, 0x0000, 0x0000, 0x0000, 0x0000,   // 0x4E00 (19968) pixels
0x0000, 0x0000, 0x0000, 0x0000, 0x0000, 0x0000, 0x0000, 0x0000, 0x0000, 0x0000, 0x0000, 0x0000, 0x0000, 0x0000, 0x0000, 0x0000,   // 0x4E10 (19984) pixels
0x0000, 0x0000, 0x0000, 0x0000, 0x0000, 0x0000, 0x0000, 0x0000, 0x0000, 0x0021, 0x0841, 0x0800, 0x1000, 0x4964, 0x59C4, 0x5184,   // 0x4E20 (20000) pixels
0x4964, 0x2861, 0x1841, 0x0000, 0x0000, 0x0020, 0x0000, 0x0000, 0x0000, 0x0000, 0x0000, 0x0000, 0x0000, 0x0000, 0x0000, 0x0000,   // 0x4E30 (20016) pixels
0x0000, 0x0000, 0x0000, 0x0000, 0x0000, 0x0000, 0x0000, 0x0000, 0x0000, 0x0000, 0x0021, 0x0020, 0x0081, 0x08E3, 0x0122, 0x0984,   // 0x4E40 (20032) pixels
0x09E4, 0x01E4, 0x01E4, 0x0204, 0x09E4, 0x09A4, 0x01A5, 0x01C5, 0x01E4, 0x0224, 0x0A84, 0x0AC5, 0x02A3, 0x0242, 0x0265, 0x0245,   // 0x4E50 (20048) pixels
0x0245, 0x0225, 0x0206, 0x09E6, 0x09E6, 0x09C6, 0x09A6, 0x01A5, 0x01A5, 0x0185, 0x0185, 0x0185, 0x0185, 0x0185, 0x0965, 0x0924,   // 0x4E60 (20064) pixels
0x00E3, 0x00C2, 0x00E2, 0x00E2, 0x00E1, 0x00C1, 0x00A1, 0x0061, 0x0060, 0x0061, 0x0040, 0x0000, 0x0000, 0x0000, 0x0000, 0x0000,   // 0x4E70 (20080) pixels
0x0000, 0x0000, 0x0000, 0x0000, 0x0000, 0x0000, 0x0000, 0x0000, 0x0000, 0x0000, 0x0000, 0x0000, 0x0000, 0x0000, 0x0000, 0x0000,   // 0x4E80 (20096) pixels
0x0000, 0x0000, 0x0000, 0x0000, 0x0000, 0x0000, 0x0000, 0x0000, 0x0000, 0x0000, 0x0000, 0x0000, 0x0000, 0x0000, 0x0000, 0x0000,   // 0x4E90 (20112) pixels
0x0000, 0x0000, 0x0000, 0x0000, 0x0000, 0x0000, 0x0000, 0x0000, 0x0000, 0x0000, 0x0000, 0x0000, 0x0000, 0x0000, 0x0000, 0x0000,   // 0x4EA0 (20128) pixels
0x0000, 0x0000, 0x0000, 0x0000, 0x0000, 0x0000, 0x0000, 0x0000, 0x0000, 0x0000, 0x0000, 0x0000, 0x0000, 0x0000, 0x0000, 0x0000,   // 0x4EB0 (20144) pixels
0x0000, 0x0000, 0x0000, 0x0000, 0x0000, 0x0000, 0x0000, 0x0000, 0x0000, 0x0000, 0x0000, 0x0000, 0x0000, 0x0000, 0x0000, 0x0000,   // 0x4EC0 (20160) pixels
0x0000, 0x0000, 0x0000, 0x0000, 0x0000, 0x0000, 0x0000, 0x0000, 0x0000, 0x0000, 0x0000, 0x0000, 0x0000, 0x0000, 0x0000, 0x0000,   // 0x4ED0 (20176) pixels
0x0000, 0x0000, 0x0000, 0x0000, 0x0000, 0x0000, 0x0000, 0x0000, 0x1000, 0x2861, 0x5102, 0x92A8, 0xA305, 0x9AC5, 0x8A86, 0x69A4,   // 0x4EE0 (20192) pixels
0x5164, 0x2061, 0x0000, 0x0000, 0x0000, 0x0000, 0x0000, 0x0000, 0x0000, 0x0000, 0x0000, 0x0000, 0x0000, 0x0000, 0x0000, 0x0000,   // 0x4EF0 (20208) pixels
0x0000, 0x0000, 0x0000, 0x0000, 0x0000, 0x0000, 0x0000, 0x0000, 0x0000, 0x0000, 0x0000, 0x0000, 0x0041, 0x08A2, 0x00C2, 0x00C2,   // 0x4F00 (20224) pixels
0x00C2, 0x00E2, 0x00E2, 0x08C2, 0x00A3, 0x00A3, 0x0124, 0x09A5, 0x09E5, 0x01E5, 0x01E4, 0x0204, 0x0205, 0x0205, 0x01E5, 0x09E5,   // 0x4F10 (20240) pixels
0x09C5, 0x0185, 0x0164, 0x0144, 0x0944, 0x0944, 0x0944, 0x0944, 0x0944, 0x0924, 0x0924, 0x0924, 0x10C3, 0x0882, 0x0021, 0x0000,   // 0x4F20 (20256) pixels
0x0000, 0x0020, 0x0000, 0x0000, 0x0020, 0x0000, 0x0000, 0x0000, 0x0000, 0x0000, 0x0000, 0x0020, 0x0000, 0x0000, 0x0000, 0x0000,   // 0x4F30 (20272) pixels
0x0000, 0x0000, 0x0000, 0x0000, 0x0000, 0x0000, 0x0000, 0x0000, 0x0000, 0x0000, 0x0000, 0x0000, 0x0000, 0x0000, 0x0000, 0x0000,   // 0x4F40 (20288) pixels
0x0000, 0x0000, 0x0000, 0x0000, 0x0000, 0x0000, 0x0000, 0x0000, 0x0000, 0x0000, 0x0000, 0x0000, 0x0000, 0x0000, 0x0000, 0x0000,   // 0x4F50 (20304) pixels
0x0000, 0x0000, 0x0000, 0x0000, 0x0000, 0x0000, 0x0000, 0x0000, 0x0000, 0x0000, 0x0000, 0x0000, 0x0000, 0x0000, 0x0000, 0x0000,   // 0x4F60 (20320) pixels
0x0000, 0x0000, 0x0000, 0x0000, 0x0000, 0x0000, 0x0000, 0x0000, 0x0000, 0x0000, 0x0000, 0x0000, 0x0000, 0x0000, 0x0000, 0x0000,   // 0x4F70 (20336) pixels
0x0000, 0x0000, 0x0000, 0x0000, 0x0000, 0x0000, 0x0000, 0x0000, 0x0000, 0x0000, 0x0000, 0x0000, 0x0000, 0x0000, 0x0000, 0x0000,   // 0x4F80 (20352) pixels
0x0000, 0x0000, 0x0000, 0x0000, 0x0000, 0x0000, 0x0000, 0x0000, 0x0000, 0x0000, 0x0000, 0x0000, 0x0000, 0x0000, 0x0000, 0x0000,   // 0x4F90 (20368) pixels
0x0000, 0x0000, 0x0000, 0x0041, 0x0821, 0x0800, 0x2841, 0x7207, 0xAB2A, 0xC38A, 0xD408, 0xC388, 0xB307, 0x8A26, 0x71E7, 0x38C3,   // 0x4FA0 (20384) pixels
0x0800, 0x0000, 0x0000, 0x0000, 0x0000, 0x0000, 0x0000, 0x0000, 0x0000, 0x0000, 0x0000, 0x0000, 0x0000, 0x0000, 0x0000, 0x0000,   // 0x4FB0 (20400) pixels
0x0000, 0x0000, 0x0000, 0x0040, 0x0040, 0x0000, 0x0000, 0x0000, 0x0000, 0x0000, 0x0000, 0x0000, 0x0000, 0x0000, 0x0000, 0x0000,   // 0x4FC0 (20416) pixels
0x0000, 0x0000, 0x0001, 0x0001, 0x0082, 0x0904, 0x0944, 0x0124, 0x0144, 0x0965, 0x0145, 0x0945, 0x0944, 0x0124, 0x00E3, 0x00A2,   // 0x4FD0 (20432) pixels
0x0081, 0x0060, 0x0020, 0x0020, 0x0020, 0x0020, 0x0020, 0x0020, 0x0020, 0x0020, 0x0821, 0x0000, 0x0000, 0x0000, 0x0000, 0x0000,   // 0x4FE0 (20448) pixels
0x0000, 0x0000, 0x0000, 0x0000, 0x0000, 0x0000, 0x0000, 0x0000, 0x0000, 0x0000, 0x0000, 0x0000, 0x0000, 0x0000, 0x0000, 0x0000,   // 0x4FF0 (20464) pixels
0x0000, 0x0000, 0x0000, 0x0000, 0x0000, 0x0000, 0x0000, 0x0000, 0x0000, 0x0000, 0x0000, 0x0000, 0x0000, 0x0000, 0x0000, 0x0000,   // 0x5000 (20480) pixels
0x0000, 0x0000, 0x0000, 0x0000, 0x0000, 0x0000, 0x0000, 0x0000, 0x0000, 0x0000, 0x0000, 0x0000, 0x0000, 0x0000, 0x0000, 0x0000,   // 0x5010 (20496) pixels
0x0000, 0x0000, 0x0000, 0x0000, 0x0000, 0x0000, 0x0000, 0x0000, 0x0000, 0x0000, 0x0000, 0x0000, 0x0000, 0x0000, 0x0000, 0x0000,   // 0x5020 (20512) pixels
0x0000, 0x0000, 0x0000, 0x0000, 0x0000, 0x0000, 0x0000, 0x0000, 0x0000, 0x0000, 0x0000, 0x0000, 0x0000, 0x0000, 0x0000, 0x0000,   // 0x5030 (20528) pixels
0x0000, 0x0000, 0x0000, 0x0000, 0x0000, 0x0000, 0x0000, 0x0000, 0x0000, 0x0000, 0x0000, 0x0000, 0x0000, 0x0000, 0x0000, 0x0000,   // 0x5040 (20544) pixels
0x0000, 0x0000, 0x0000, 0x0000, 0x0000, 0x0000, 0x0000, 0x0000, 0x0000, 0x0000, 0x0000, 0x0000, 0x0000, 0x0000, 0x0000, 0x0000,   // 0x5050 (20560) pixels
0x0000, 0x0000, 0x0000, 0x1001, 0x38C4, 0x7A07, 0xA2A8, 0xB2E8, 0xC328, 0xB2E8, 0xA267, 0x7985, 0x6146, 0x30A3, 0x0801, 0x0000,   // 0x5060 (20576) pixels
0x0000, 0x0000, 0x0000, 0x0000, 0x0000, 0x0000, 0x0000, 0x0000, 0x0000, 0x0000, 0x0000, 0x0000, 0x0000, 0x0000, 0x0000, 0x0000,   // 0x5070 (20592) pixels
0x0020, 0x00A2, 0x08E3, 0x08C2, 0x08A2, 0x0861, 0x0020, 0x0000, 0x0000, 0x0000, 0x0000, 0x0000, 0x0000, 0x0000, 0x0000, 0x0000,   // 0x5080 (20608) pixels
0x0000, 0x0000, 0x0000, 0x0041, 0x0061, 0x0061, 0x0061, 0x0061, 0x0062, 0x0062, 0x0062, 0x0042, 0x0041, 0x0020, 0x0000, 0x0000,   // 0x5090 (20624) pixels
0x0000, 0x0000, 0x0000, 0x0000, 0x0000, 0x0000, 0x0000, 0x0000, 0x0000, 0x0000, 0x0000, 0x0000, 0x0000, 0x0000, 0x0000, 0x0000,   // 0x50A0 (20640) pixels
0x0000, 0x0000, 0x0000, 0x0000, 0x0000, 0x0000, 0x0000, 0x0000, 0x0000, 0x0000, 0x0000, 0x0000, 0x0000, 0x0000, 0x0000, 0x0000,   // 0x50B0 (20656) pixels
0x0000, 0x0000, 0x0000, 0x0000, 0x0000, 0x0000, 0x0000, 0x0000, 0x0000, 0x0000, 0x0000, 0x0000, 0x0000, 0x0000, 0x0000, 0x0000,   // 0x50C0 (20672) pixels
0x0000, 0x0000, 0x0000, 0x0000, 0x0000, 0x0000, 0x0000, 0x0000, 0x0000, 0x0000, 0x0000, 0x0000, 0x0000, 0x0000, 0x0000, 0x0000,   // 0x50D0 (20688) pixels
0x0000, 0x0000, 0x0000, 0x0000, 0x0000, 0x0000, 0x0000, 0x0000, 0x0000, 0x0000, 0x0000, 0x0000, 0x0000, 0x0000, 0x0000, 0x0000,   // 0x50E0 (20704) pixels
0x0000, 0x0000, 0x0000, 0x0000, 0x0000, 0x0000, 0x0000, 0x0000, 0x0000, 0x0000, 0x0000, 0x0000, 0x0000, 0x0000, 0x0000, 0x0000,   // 0x50F0 (20720) pixels
0x0000, 0x0000, 0x0000, 0x0000, 0x0000, 0x0000, 0x0000, 0x0000, 0x0000, 0x0000, 0x0000, 0x0000, 0x0000, 0x0000, 0x0000, 0x0000,   // 0x5100 (20736) pixels
0x0000, 0x0000, 0x0000, 0x0000, 0x0000, 0x0000, 0x0000, 0x0000, 0x0000, 0x0000, 0x0000, 0x0000, 0x0000, 0x0000, 0x0020, 0x0000,   // 0x5110 (20752) pixels
0x0000, 0x0801, 0x28A3, 0x4903, 0x5923, 0x6963, 0x7164, 0x7185, 0x7186, 0x50E5, 0x40C4, 0x2062, 0x0001, 0x0000, 0x0000, 0x0000,   // 0x5120 (20768) pixels
0x0000, 0x0000, 0x0000, 0x0000, 0x0000, 0x0000, 0x0000, 0x0000, 0x0000, 0x0000, 0x0000, 0x0000, 0x0000, 0x0000, 0x0040, 0x08C2,   // 0x5130 (20784) pixels
0x08E2, 0x00A1, 0x0081, 0x0020, 0x0000, 0x0000, 0x0020, 0x0021, 0x0000, 0x0000, 0x0000, 0x0000, 0x0000, 0x0000, 0x0000, 0x0000,   // 0x5140 (20800) pixels
0x0000, 0x0000, 0x0000, 0x0000, 0x0000, 0x0000, 0x0000, 0x0000, 0x0000, 0x0000, 0x0000, 0x0000, 0x0800, 0x0800, 0x0000, 0x0000,   // 0x5150 (20816) pixels
0x0000, 0x0000, 0x0000, 0x0000, 0x0000, 0x0000, 0x0000, 0x0000, 0x0000, 0x0000, 0x0000, 0x0000, 0x0000, 0x0000, 0x0000, 0x0000,   // 0x5160 (20832) pixels
0x0000, 0x0000, 0x0000, 0x0000, 0x0000, 0x0000, 0x0000, 0x0000, 0x0000, 0x0000, 0x0000, 0x0000, 0x0000, 0x0000, 0x0000, 0x0000,   // 0x5170 (20848) pixels
0x0000, 0x0000, 0x0000, 0x0000, 0x0000, 0x0000, 0x0000, 0x0000, 0x0000, 0x0000, 0x0000, 0x0000, 0x0000, 0x0000, 0x0000, 0x0000,   // 0x5180 (20864) pixels
0x0000, 0x0000, 0x0000, 0x0000, 0x0000, 0x0000, 0x0000, 0x0000, 0x0000, 0x0000, 0x0000, 0x0000, 0x0000, 0x0000, 0x0000, 0x0000,   // 0x5190 (20880) pixels
0x0000, 0x0000, 0x0000, 0x0000, 0x0000, 0x0000, 0x0000, 0x0000, 0x0000, 0x0000, 0x0000, 0x0000, 0x0000, 0x0000, 0x0000, 0x0000,   // 0x51A0 (20896) pixels
0x0000, 0x0000, 0x0000, 0x0000, 0x0000, 0x0000, 0x0000, 0x0000, 0x0000, 0x0000, 0x0000, 0x0000, 0x0000, 0x0000, 0x0000, 0x0000,   // 0x51B0 (20912) pixels
0x0000, 0x0000, 0x0000, 0x0000, 0x0000, 0x0000, 0x0000, 0x0000, 0x0000, 0x0000, 0x0000, 0x0000, 0x0000, 0x0000, 0x0000, 0x0000,   // 0x51C0 (20928) pixels
0x0000, 0x0000, 0x0000, 0x0000, 0x0000, 0x0000, 0x0000, 0x0000, 0x0000, 0x0000, 0x0000, 0x0000, 0x0000, 0x0000, 0x0000, 0x0000,   // 0x51D0 (20944) pixels
0x0841, 0x2082, 0x30A2, 0x38C2, 0x38C3, 0x38C3, 0x38E4, 0x2883, 0x1842, 0x0821, 0x0000, 0x0000, 0x0000, 0x0000, 0x0000, 0x0000,   // 0x51E0 (20960) pixels
0x0000, 0x0000, 0x0000, 0x0000, 0x0000, 0x0000, 0x0000, 0x0000, 0x0000, 0x0000, 0x0000, 0x0000, 0x0000, 0x0020, 0x0020, 0x0020,   // 0x51F0 (20976) pixels
0x0000, 0x0000, 0x0000, 0x0820, 0x0000, 0x0000, 0x0000, 0x0000, 0x0000, 0x0000, 0x0000, 0x0000, 0x0000, 0x0000, 0x0000, 0x0000,   // 0x5200 (20992) pixels
0x0000, 0x0000, 0x0000, 0x0000, 0x0000, 0x0000, 0x0000, 0x0000, 0x0000, 0x0000, 0x0000, 0x0000, 0x0000, 0x0000, 0x0000, 0x0000,   // 0x5210 (21008) pixels
0x0000, 0x0000, 0x0000, 0x0000, 0x0020, 0x0020, 0x0000, 0x0000, 0x0000, 0x0000, 0x0000, 0x0000, 0x0000, 0x0000, 0x0000, 0x0000,   // 0x5220 (21024) pixels
0x0020, 0x0000, 0x0000, 0x0000, 0x0000, 0x0000, 0x0000, 0x0000, 0x0000, 0x0000, 0x0000, 0x0000, 0x0000, 0x0000, 0x0000, 0x0000,   // 0x5230 (21040) pixels
0x0000, 0x0000, 0x0000, 0x0000, 0x0000, 0x0000, 0x0000, 0x0000, 0x0000, 0x0000, 0x0000, 0x0000, 0x0000, 0x0000, 0x0000, 0x0000,   // 0x5240 (21056) pixels
0x0000, 0x0000, 0x0000, 0x0000, 0x0000, 0x0000, 0x0000, 0x0000, 0x0000, 0x0000, 0x0000, 0x0000, 0x0000, 0x0000, 0x0000, 0x0000,   // 0x5250 (21072) pixels
0x0000, 0x0000, 0x0000, 0x0000, 0x0000, 0x0000, 0x0000, 0x0000, 0x0000, 0x0000, 0x0000, 0x0000, 0x0000, 0x0000, 0x0000, 0x0000,   // 0x5260 (21088) pixels
0x0000, 0x0000, 0x0000, 0x0000, 0x0000, 0x0000, 0x0000, 0x0000, 0x0000, 0x0000, 0x0000, 0x0000, 0x0000, 0x0000, 0x0000, 0x0000,   // 0x5270 (21104) pixels
0x0000, 0x0000, 0x0000, 0x0000, 0x0000, 0x0000, 0x0000, 0x0000, 0x0000, 0x0000, 0x0000, 0x0000, 0x0000, 0x0000, 0x0000, 0x0000,   // 0x5280 (21120) pixels
0x0000, 0x0000, 0x0000, 0x0000, 0x0000, 0x0000, 0x0000, 0x0000, 0x0000, 0x0000, 0x0000, 0x0000, 0x0000, 0x0000, 0x0000, 0x0000,   // 0x5290 (21136) pixels
0x0800, 0x0800, 0x0800, 0x0000, 0x0000, 0x0000, 0x0000, 0x0000, 0x0000, 0x0000, 0x0000, 0x0000, 0x0000, 0x0000, 0x0000, 0x0000,   // 0x52A0 (21152) pixels
0x0000, 0x0000, 0x0000, 0x0000, 0x0000, 0x0000, 0x0000, 0x0000, 0x0000, 0x0000, 0x0800, 0x0000, 0x0000, 0x0000, 0x0000, 0x0000,   // 0x52B0 (21168) pixels
0x0000, 0x0800, 0x0000, 0x0000, 0x0000, 0x0000, 0x0000, 0x0000, 0x0000, 0x0000, 0x0000, 0x0000, 0x0000, 0x0000, 0x0000, 0x0000,   // 0x52C0 (21184) pixels
0x0000, 0x0000, 0x0020, 0x0020, 0x0020, 0x0000, 0x0000, 0x0000, 0x0000, 0x0000, 0x0000, 0x0000, 0x0000, 0x0000, 0x0000, 0x0000,   // 0x52D0 (21200) pixels
0x0000, 0x0000, 0x0000, 0x0000, 0x0000, 0x0000, 0x0000, 0x0000, 0x0000, 0x0001, 0x0000, 0x0000, 0x0000, 0x0000, 0x0000, 0x0000,   // 0x52E0 (21216) pixels
0x0000, 0x0000, 0x0000, 0x0000, 0x0000, 0x0000, 0x0000, 0x0000, 0x0000, 0x0000, 0x0000, 0x0000, 0x0000, 0x0000, 0x0000, 0x0000,   // 0x52F0 (21232) pixels
0x0000, 0x0000, 0x0000, 0x0000, 0x0000, 0x0000, 0x0000, 0x0000, 0x0000, 0x0000, 0x0000, 0x0000, 0x0000, 0x0000, 0x0000, 0x0000,   // 0x5300 (21248) pixels
0x0000, 0x0000, 0x0000, 0x0000, 0x0000, 0x0000, 0x0000, 0x0000, 0x0000, 0x0000, 0x0000, 0x0000, 0x0000, 0x0000, 0x0000, 0x0000,   // 0x5310 (21264) pixels
0x0000, 0x0000, 0x0000, 0x0000, 0x0000, 0x0000, 0x0000, 0x0000, 0x0000, 0x0000, 0x0000, 0x0000, 0x0000, 0x0000, 0x0000, 0x0000,   // 0x5320 (21280) pixels
0x0000, 0x0000, 0x0000, 0x0000, 0x0000, 0x0000, 0x0000, 0x0000, 0x0000, 0x0000, 0x0000, 0x0000, 0x0000, 0x0000, 0x0000, 0x0000,   // 0x5330 (21296) pixels
0x0000, 0x0000, 0x0000, 0x0000, 0x0000, 0x0000, 0x0000, 0x0000, 0x0000, 0x0000, 0x0000, 0x0000, 0x0000, 0x0000, 0x0000, 0x0000,   // 0x5340 (21312) pixels
0x0000, 0x0000, 0x0000, 0x0000, 0x0000, 0x0000, 0x0000, 0x0000, 0x0000, 0x0000, 0x0000, 0x0000, 0x0000, 0x0000, 0x0000, 0x0000,   // 0x5350 (21328) pixels
0x0000, 0x0000, 0x0000, 0x0000, 0x0000, 0x0000, 0x0000, 0x0000, 0x0000, 0x0000, 0x0000, 0x0000, 0x0000, 0x0000, 0x0000, 0x0000,   // 0x5360 (21344) pixels
0x0000, 0x0000, 0x0000, 0x0000, 0x0000, 0x0000, 0x0000, 0x0000, 0x0000, 0x0000, 0x0000, 0x0000, 0x0000, 0x0000, 0x0000, 0x0000,   // 0x5370 (21360) pixels
0x0000, 0x0000, 0x0000, 0x0000, 0x0000, 0x0000, 0x0000, 0x0000, 0x0000, 0x0000, 0x0000, 0x0000, 0x0000, 0x0000, 0x0000, 0x0000,   // 0x5380 (21376) pixels
0x0000, 0x0000, 0x0000, 0x0000, 0x0000, 0x0000, 0x0000, 0x0000, 0x0000, 0x0000, 0x0000, 0x0000, 0x0000, 0x0000, 0x0000, 0x0000,   // 0x5390 (21392) pixels
0x0000, 0x0000, 0x0000, 0x0000, 0x0000, 0x0000, 0x0000, 0x0000, 0x0000, 0x0000, 0x0000, 0x0000, 0x0000, 0x0000, 0x0000, 0x0000,   // 0x53A0 (21408) pixels
0x0000, 0x0000, 0x0000, 0x0000, 0x0000, 0x0000, 0x0000, 0x0000, 0x0000, 0x0000, 0x0000, 0x0000, 0x0000, 0x0000, 0x0000, 0x0000,   // 0x53B0 (21424) pixels
0x0000, 0x0000, 0x0000, 0x0000, 0x0000, 0x0000, 0x0000, 0x0000, 0x0000, 0x0000, 0x0000, 0x0000, 0x0000, 0x0000, 0x0000, 0x0000,   // 0x53C0 (21440) pixels
0x0000, 0x0000, 0x0000, 0x0000, 0x0000, 0x0000, 0x0000, 0x0000, 0x0000, 0x0000, 0x0000, 0x0000, 0x0000, 0x0000, 0x0000, 0x0000,   // 0x53D0 (21456) pixels
0x0000, 0x0000, 0x0000, 0x0000, 0x0000, 0x0000, 0x0000, 0x0000, 0x0000, 0x0000, 0x0000, 0x0000, 0x0000, 0x0000, 0x0000, 0x0000,   // 0x53E0 (21472) pixels
0x0000, 0x0000, 0x0000, 0x0000, 0x0000, 0x0000, 0x0000, 0x0000, 0x0000, 0x0000, 0x0000, 0x0000, 0x0000, 0x0000, 0x0000, 0x0000,   // 0x53F0 (21488) pixels
0x0000, 0x0000, 0x0000, 0x0000, 0x0000, 0x0000, 0x0000, 0x0000, 0x0000, 0x0000, 0x0000, 0x0000, 0x0000, 0x0000, 0x0000, 0x0000,   // 0x5400 (21504) pixels
0x0000, 0x0000, 0x0000, 0x0000, 0x0000, 0x0000, 0x0000, 0x0000, 0x0000, 0x0000, 0x0000, 0x0000, 0x0000, 0x0000, 0x0000, 0x0000,   // 0x5410 (21520) pixels
0x0000, 0x0000, 0x0000, 0x0000, 0x0000, 0x0000, 0x0000, 0x0000, 0x0000, 0x0000, 0x0000, 0x0000, 0x0000, 0x0000, 0x0000, 0x0000,   // 0x5420 (21536) pixels
0x0000, 0x0000, 0x0000, 0x0000, 0x0000, 0x0000, 0x0000, 0x0000, 0x0000, 0x0000, 0x0000, 0x0000, 0x0000, 0x0000, 0x0000, 0x0000,   // 0x5430 (21552) pixels
0x0000, 0x0000, 0x0000, 0x0000, 0x0000, 0x0000, 0x0000, 0x0000, 0x0000, 0x0000, 0x0000, 0x0000, 0x0000, 0x0000, 0x0000, 0x0000,   // 0x5440 (21568) pixels
0x0000, 0x0000, 0x0000, 0x0000, 0x0000, 0x0000, 0x0000, 0x0000, 0x0000, 0x0000, 0x0000, 0x0000, 0x0000, 0x0000, 0x0000, 0x0000,   // 0x5450 (21584) pixels
0x0000, 0x0000, 0x0000, 0x0000, 0x0000, 0x0000, 0x0000, 0x0000, 0x0000, 0x0000, 0x0000, 0x0000, 0x0000, 0x0000, 0x0000, 0x0000,   // 0x5460 (21600) pixels
0x0000, 0x0000, 0x0000, 0x0000, 0x0000, 0x0000, 0x0000, 0x0000, 0x0000, 0x0000, 0x0000, 0x0000, 0x0000, 0x0000, 0x0000, 0x0000,   // 0x5470 (21616) pixels
0x0000, 0x0000, 0x0000, 0x0000, 0x0000, 0x0000, 0x0000, 0x0000, 0x0000, 0x0000, 0x0000, 0x0000, 0x0000, 0x0000, 0x0000, 0x0000,   // 0x5480 (21632) pixels
0x0000, 0x0000, 0x0000, 0x0000, 0x0000, 0x0000, 0x0000, 0x0000, 0x0000, 0x0000, 0x0000, 0x0000, 0x0000, 0x0000, 0x0000, 0x0000,   // 0x5490 (21648) pixels
0x0000, 0x0000, 0x0000, 0x0000, 0x0000, 0x0000, 0x0000, 0x0000, 0x0000, 0x0000, 0x0000, 0x0000, 0x0000, 0x0000, 0x0000, 0x0000,   // 0x54A0 (21664) pixels
0x0000, 0x0000, 0x0000, 0x0000, 0x0000, 0x0000, 0x0000, 0x0000, 0x0000, 0x0000, 0x0000, 0x0000, 0x0000, 0x0000, 0x0000, 0x0000,   // 0x54B0 (21680) pixels
0x0000, 0x0000, 0x0000, 0x0000, 0x0000, 0x0000, 0x0000, 0x0000, 0x0000, 0x0000, 0x0000, 0x0000, 0x0000, 0x0000, 0x0000, 0x0000,   // 0x54C0 (21696) pixels
0x0000, 0x0000, 0x0000, 0x0000, 0x0000, 0x0000, 0x0000, 0x0000, 0x0000, 0x0000, 0x0000, 0x0000, 0x0000, 0x0000, 0x0000, 0x0000,   // 0x54D0 (21712) pixels
0x0000, 0x0000, 0x0000, 0x0000, 0x0000, 0x0000, 0x0000, 0x0000, 0x0000, 0x0000, 0x0000, 0x0000, 0x0000, 0x0000, 0x0000, 0x0000,   // 0x54E0 (21728) pixels
0x0000, 0x0000, 0x0000, 0x0000, 0x0000, 0x0000, 0x0000, 0x0000, 0x0000, 0x0000, 0x0000, 0x0000, 0x0000, 0x0000, 0x0000, 0x0000,   // 0x54F0 (21744) pixels
0x0000, 0x0000, 0x0000, 0x0000, 0x0000, 0x0000, 0x0000, 0x0000, 0x0000, 0x0000, 0x0000, 0x0000, 0x0000, 0x0000, 0x0000, 0x0000,   // 0x5500 (21760) pixels
0x0000, 0x0000, 0x0000, 0x0000, 0x0000, 0x0000, 0x0000, 0x0000, 0x0000, 0x0000, 0x0000, 0x0000, 0x0000, 0x0000, 0x0000, 0x0000,   // 0x5510 (21776) pixels
0x0000, 0x0000, 0x0000, 0x0000, 0x0000, 0x0000, 0x0000, 0x0000, 0x0000, 0x0000, 0x0000, 0x0000, 0x0000, 0x0000, 0x0000, 0x0000,   // 0x5520 (21792) pixels
0x0000, 0x0000, 0x0000, 0x0000, 0x0000, 0x0000, 0x0000, 0x0000, 0x0000, 0x0000, 0x0000, 0x0000, 0x0000, 0x0000, 0x0000, 0x0000,   // 0x5530 (21808) pixels
0x0000, 0x0000, 0x0000, 0x0000, 0x0000, 0x0000, 0x0000, 0x0000, 0x0000, 0x0000, 0x0000, 0x0000, 0x0000, 0x0000, 0x0000, 0x0000,   // 0x5540 (21824) pixels
0x0000, 0x0000, 0x0000, 0x0000, 0x0000, 0x0000, 0x0000, 0x0000, 0x0000, 0x0000, 0x0000, 0x0000, 0x0000, 0x0000, 0x0000, 0x0000,   // 0x5550 (21840) pixels
0x0000, 0x0000, 0x0000, 0x0000, 0x0000, 0x0000, 0x0000, 0x0000, 0x0000, 0x0000, 0x0000, 0x0000, 0x0000, 0x0000, 0x0000, 0x0000,   // 0x5560 (21856) pixels
0x0000, 0x0000, 0x0000, 0x0000, 0x0000, 0x0000, 0x0000, 0x0000, 0x0000, 0x0000, 0x0000, 0x0000, 0x0000, 0x0000, 0x0000, 0x0000,   // 0x5570 (21872) pixels
0x0000, 0x0000, 0x0000, 0x0000, 0x0000, 0x0000, 0x0000, 0x0000, 0x0000, 0x0000, 0x0000, 0x0000, 0x0000, 0x0000, 0x0000, 0x0000,   // 0x5580 (21888) pixels
0x0000, 0x0000, 0x0000, 0x0000, 0x0000, 0x0000, 0x0000, 0x0000, 0x0000, 0x0000, 0x0000, 0x0000, 0x0000, 0x0000, 0x0000, 0x0000,   // 0x5590 (21904) pixels
0x0000, 0x0000, 0x0000, 0x0000, 0x0000, 0x0000, 0x0000, 0x0000, 0x0000, 0x0000, 0x0000, 0x0000, 0x0000, 0x0000, 0x0000, 0x0000,   // 0x55A0 (21920) pixels
0x0000, 0x0000, 0x0000, 0x0000, 0x0000, 0x0000, 0x0000, 0x0000, 0x0000, 0x0000, 0x0000, 0x0000, 0x0000, 0x0000, 0x0000, 0x0000,   // 0x55B0 (21936) pixels
0x0000, 0x0000, 0x0000, 0x0000, 0x0000, 0x0000, 0x0000, 0x0000, 0x0000, 0x0000, 0x0000, 0x0000, 0x0000, 0x0000, 0x0000, 0x0000,   // 0x55C0 (21952) pixels
0x0000, 0x0000, 0x0000, 0x0000, 0x0000, 0x0000, 0x0000, 0x0000, 0x0000, 0x0000, 0x0000, 0x0000, 0x0000, 0x0000, 0x0000, 0x0000,   // 0x55D0 (21968) pixels
0x0000, 0x0000, 0x0000, 0x0000, 0x0000, 0x0000, 0x0000, 0x0000, 0x0000, 0x0000, 0x0000, 0x0000, 0x0000, 0x0000, 0x0000, 0x0000,   // 0x55E0 (21984) pixels
0x0000, 0x0000, 0x0000, 0x0000, 0x0000, 0x0000, 0x0000, 0x0000, 0x0000, 0x0000, 0x0000, 0x0000, 0x0000, 0x0000, 0x0000, 0x0000,   // 0x55F0 (22000) pixels
0x0000, 0x0000, 0x0000, 0x0000, 0x0000, 0x0000, 0x0000, 0x0000, 0x0000, 0x0000, 0x0000, 0x0000, 0x0000, 0x0000, 0x0000, 0x0000,   // 0x5600 (22016) pixels
0x0000, 0x0000, 0x0000, 0x0000, 0x0000, 0x0000, 0x0000, 0x0000, 0x0000, 0x0000, 0x0000, 0x0000, 0x0000, 0x0000, 0x0000, 0x0000,   // 0x5610 (22032) pixels
0x0000, 0x0000, 0x0000, 0x0000, 0x0000, 0x0000, 0x0000, 0x0000, 0x0000, 0x0000, 0x0000, 0x0000, 0x0000, 0x0000, 0x0000, 0x0000,   // 0x5620 (22048) pixels
0x0000, 0x0000, 0x0000, 0x0000, 0x0000, 0x0000, 0x0000, 0x0000, 0x0000, 0x0000, 0x0000, 0x0000, 0x0000, 0x0000, 0x0000, 0x0000,   // 0x5630 (22064) pixels
0x0000, 0x0000, 0x0000, 0x0000, 0x0000, 0x0000, 0x0000, 0x0000, 0x0000, 0x0000, 0x0000, 0x0000, 0x0000, 0x0000, 0x0000, 0x0000,   // 0x5640 (22080) pixels
0x0000, 0x0000, 0x0000, 0x0000, 0x0000, 0x0000, 0x0000, 0x0000, 0x0000, 0x0000, 0x0000, 0x0000, 0x0000, 0x0000, 0x0000, 0x0000,   // 0x5650 (22096) pixels
0x0000, 0x0000, 0x0000, 0x0000, 0x0000, 0x0000, 0x0000, 0x0000, 0x0000, 0x0000, 0x0000, 0x0000, 0x0000, 0x0000, 0x0000, 0x0000,   // 0x5660 (22112) pixels
0x0000, 0x0000, 0x0000, 0x0000, 0x0000, 0x0000, 0x0000, 0x0000, 0x0000, 0x0000, 0x0000, 0x0000, 0x0000, 0x0000, 0x0000, 0x0000,   // 0x5670 (22128) pixels
0x0000, 0x0000, 0x0000, 0x0000, 0x0000, 0x0000, 0x0000, 0x0000, 0x0000, 0x0000, 0x0000, 0x0000, 0x0000, 0x0000, 0x0000, 0x0000,   // 0x5680 (22144) pixels
0x0000, 0x0000, 0x0000, 0x0000, 0x0000, 0x0000, 0x0000, 0x0000, 0x0000, 0x0000, 0x0000, 0x0000, 0x0000, 0x0000, 0x0000, 0x0000,   // 0x5690 (22160) pixels
0x0000, 0x0000, 0x0000, 0x0000, 0x0000, 0x0000, 0x0000, 0x0000, 0x0000, 0x0000, 0x0000, 0x0000, 0x0000, 0x0000, 0x0000, 0x0000,   // 0x56A0 (22176) pixels
0x0000, 0x0000, 0x0000, 0x0000, 0x0000, 0x0000, 0x0000, 0x0000, 0x0000, 0x0000, 0x0000, 0x0000, 0x0000, 0x0000, 0x0000, 0x0000,   // 0x56B0 (22192) pixels
0x0000, 0x0000, 0x0000, 0x0000, 0x0000, 0x0000, 0x0000, 0x0000, 0x0000, 0x0000, 0x0000, 0x0000, 0x0000, 0x0000, 0x0000, 0x0000,   // 0x56C0 (22208) pixels
0x0000, 0x0000, 0x0000, 0x0000, 0x0000, 0x0000, 0x0000, 0x0000, 0x0000, 0x0000, 0x0000, 0x0000, 0x0000, 0x0000, 0x0000, 0x0000,   // 0x56D0 (22224) pixels
0x0000, 0x0000, 0x0000, 0x0000, 0x0000, 0x0000, 0x0000, 0x0000, 0x0000, 0x0000, 0x0000, 0x0000, 0x0000, 0x0000, 0x0000, 0x0000,   // 0x56E0 (22240) pixels
0x0000, 0x0000, 0x0000, 0x0000, 0x0000, 0x0000, 0x0000, 0x0000, 0x0000, 0x0000, 0x0000, 0x0000, 0x0000, 0x0000, 0x0000, 0x0000,   // 0x56F0 (22256) pixels
0x0000, 0x0000, 0x0000, 0x0000, 0x0000, 0x0000, 0x0000, 0x0000, 0x0000, 0x0000, 0x0000, 0x0000, 0x0000, 0x0000, 0x0000, 0x0000,   // 0x5700 (22272) pixels
0x0000, 0x0000, 0x0000, 0x0000, 0x0000, 0x0000, 0x0000, 0x0000, 0x0000, 0x0000, 0x0000, 0x0000, 0x0000, 0x0000, 0x0000, 0x0000,   // 0x5710 (22288) pixels
0x0000, 0x0000, 0x0000, 0x0000, 0x0000, 0x0000, 0x0000, 0x0000, 0x0000, 0x0000, 0x0000, 0x0000, 0x0000, 0x0000, 0x0000, 0x0000,   // 0x5720 (22304) pixels
0x0000, 0x0000, 0x0000, 0x0000, 0x0000, 0x0000, 0x0000, 0x0000, 0x0000, 0x0000, 0x0000, 0x0000, 0x0000, 0x0000, 0x0000, 0x0000,   // 0x5730 (22320) pixels
0x0000, 0x0000, 0x0000, 0x0000, 0x0000, 0x0000, 0x0000, 0x0000, 0x0000, 0x0000, 0x0000, 0x0000, 0x0000, 0x0000, 0x0000, 0x0000,   // 0x5740 (22336) pixels
0x0000, 0x0000, 0x0000, 0x0000, 0x0000, 0x0000, 0x0000, 0x0000, 0x0000, 0x0000, 0x0000, 0x0000, 0x0000, 0x0000, 0x0000, 0x0000,   // 0x5750 (22352) pixels
0x0000, 0x0000, 0x0000, 0x0000, 0x0000, 0x0000, 0x0000, 0x0000, 0x0000, 0x0000, 0x0000, 0x0000, 0x0000, 0x0000, 0x0000, 0x0000,   // 0x5760 (22368) pixels
0x0000, 0x0000, 0x0000, 0x0000, 0x0000, 0x0000, 0x0000, 0x0000, 0x0000, 0x0000, 0x0000, 0x0000, 0x0000, 0x0000, 0x0000, 0x0000,   // 0x5770 (22384) pixels
0x0000, 0x0000, 0x0000, 0x0000, 0x0000, 0x0000, 0x0000, 0x0000, 0x0000, 0x0000, 0x0000, 0x0000, 0x0000, 0x0000, 0x0000, 0x0000,   // 0x5780 (22400) pixels
0x0000, 0x0000, 0x0000, 0x0000, 0x0000, 0x0000, 0x0000, 0x0000, 0x0000, 0x0000, 0x0000, 0x0000, 0x0000, 0x0000, 0x0000, 0x0000,   // 0x5790 (22416) pixels
0x0000, 0x0000, 0x0000, 0x0000, 0x0000, 0x0000, 0x0000, 0x0000, 0x0000, 0x0000, 0x0000, 0x0000, 0x0000, 0x0000, 0x0000, 0x0000,   // 0x57A0 (22432) pixels
0x0000, 0x0000, 0x0000, 0x0000, 0x0000, 0x0000, 0x0000, 0x0000, 0x0000, 0x0000, 0x0000, 0x0000, 0x0000, 0x0000, 0x0000, 0x0000,   // 0x57B0 (22448) pixels
0x0000, 0x0000, 0x0000, 0x0000, 0x0000, 0x0000, 0x0000, 0x0000, 0x0000, 0x0000, 0x0000, 0x0000, 0x0000, 0x0000, 0x0000, 0x0000,   // 0x57C0 (22464) pixels
0x0000, 0x0000, 0x0000, 0x0000, 0x0000, 0x0000, 0x0000, 0x0000, 0x0000, 0x0000, 0x0000, 0x0000, 0x0000, 0x0000, 0x0000, 0x0000,   // 0x57D0 (22480) pixels
0x0000, 0x0000, 0x0000, 0x0000, 0x0000, 0x0000, 0x0000, 0x0000, 0x0000, 0x0000, 0x0000, 0x0000, 0x0000, 0x0000, 0x0000, 0x0000,   // 0x57E0 (22496) pixels
0x0000, 0x0000, 0x0000, 0x0000, 0x0000, 0x0000, 0x0000, 0x0000, 0x0000, 0x0000, 0x0000, 0x0000, 0x0000, 0x0000, 0x0000, 0x0000,   // 0x57F0 (22512) pixels
0x0000, 0x0000, 0x0000, 0x0000, 0x0000, 0x0000, 0x0000, 0x0000, 0x0000, 0x0000, 0x0000, 0x0000, 0x0000, 0x0000, 0x0000, 0x0000,   // 0x5800 (22528) pixels
0x0000, 0x0000, 0x0000, 0x0000, 0x0000, 0x0000, 0x0000, 0x0000, 0x0000, 0x0000, 0x0000, 0x0000, 0x0000, 0x0000, 0x0000, 0x0000,   // 0x5810 (22544) pixels
0x0000, 0x0000, 0x0000, 0x0000, 0x0000, 0x0000, 0x0000, 0x0000, 0x0000, 0x0000, 0x0000, 0x0000, 0x0000, 0x0000, 0x0000, 0x0000,   // 0x5820 (22560) pixels
0x0000, 0x0000, 0x0000, 0x0000, 0x0000, 0x0000, 0x0000, 0x0000, 0x0000, 0x0000, 0x0000, 0x0000, 0x0000, 0x0000, 0x0000, 0x0000,   // 0x5830 (22576) pixels
0x0000, 0x0000, 0x0000, 0x0000, 0x0000, 0x0000, 0x0000, 0x0000, 0x0000, 0x0000, 0x0000, 0x0000, 0x0000, 0x0000, 0x0000, 0x0000,   // 0x5840 (22592) pixels
0x0000, 0x0000, 0x0000, 0x0000, 0x0000, 0x0000, 0x0000, 0x0000, 0x0000, 0x0000, 0x0000, 0x0000, 0x0000, 0x0000, 0x0000, 0x0000,   // 0x5850 (22608) pixels
0x0000, 0x0000, 0x0000, 0x0000, 0x0000, 0x0000, 0x0000, 0x0000, 0x0000, 0x0000, 0x0000, 0x0000, 0x0000, 0x0000, 0x0000, 0x0000,   // 0x5860 (22624) pixels
0x0000, 0x0000, 0x0000, 0x0000, 0x0000, 0x0000, 0x0000, 0x0000, 0x0000, 0x0000, 0x0000, 0x0000, 0x0000, 0x0000, 0x0000, 0x0000,   // 0x5870 (22640) pixels
0x0000, 0x0000, 0x0000, 0x0000, 0x0000, 0x0000, 0x0000, 0x0000, 0x0000, 0x0000, 0x0000, 0x0000, 0x0000, 0x0000, 0x0000, 0x0000,   // 0x5880 (22656) pixels
0x0000, 0x0000, 0x0000, 0x0000, 0x0000, 0x0000, 0x0000, 0x0000, 0x0000, 0x0000, 0x0000, 0x0000, 0x0000, 0x0000, 0x0000, 0x0000,   // 0x5890 (22672) pixels
0x0000, 0x0000, 0x0000, 0x0000, 0x0000, 0x0000, 0x0000, 0x0000, 0x0000, 0x0000, 0x0000, 0x0000, 0x0000, 0x0000, 0x0000, 0x0000,   // 0x58A0 (22688) pixels
0x0000, 0x0000, 0x0000, 0x0000, 0x0000, 0x0000, 0x0000, 0x0000, 0x0000, 0x0000, 0x0000, 0x0000, 0x0000, 0x0000, 0x0000, 0x0000,   // 0x58B0 (22704) pixels
0x0000, 0x0000, 0x0000, 0x0000, 0x0000, 0x0000, 0x0000, 0x0000, 0x0000, 0x0000, 0x0000, 0x0000, 0x0000, 0x0000, 0x0000, 0x0000,   // 0x58C0 (22720) pixels
0x0000, 0x0000, 0x0000, 0x0000, 0x0000, 0x0000, 0x0000, 0x0000, 0x0000, 0x0000, 0x0000, 0x0000, 0x0000, 0x0000, 0x0000, 0x0000,   // 0x58D0 (22736) pixels
0x0000, 0x0000, 0x0000, 0x0000, 0x0000, 0x0000, 0x0000, 0x0000, 0x0000, 0x0000, 0x0000, 0x0000, 0x0000, 0x0000, 0x0000, 0x0000,   // 0x58E0 (22752) pixels
0x0000, 0x0000, 0x0000, 0x0000, 0x0000, 0x0000, 0x0000, 0x0000, 0x0000, 0x0000, 0x0000, 0x0000, 0x0000, 0x0000, 0x0000, 0x0000,   // 0x58F0 (22768) pixels
0x0000, 0x0000, 0x0000, 0x0000, 0x0000, 0x0000, 0x0000, 0x0000, 0x0000, 0x0000, 0x0000, 0x0000, 0x0000, 0x0000, 0x0000, 0x0000,   // 0x5900 (22784) pixels
0x0000, 0x0000, 0x0000, 0x0000, 0x0000, 0x0000, 0x0000, 0x0000, 0x0000, 0x0000, 0x0000, 0x0000, 0x0000, 0x0000, 0x0000, 0x0000,   // 0x5910 (22800) pixels
0x0000, 0x0000, 0x0000, 0x0000, 0x0000, 0x0000, 0x0000, 0x0000, 0x0000, 0x0000, 0x0000, 0x0000, 0x0000, 0x0000, 0x0000, 0x0000,   // 0x5920 (22816) pixels
0x0000, 0x0000, 0x0000, 0x0000, 0x0000, 0x0000, 0x0000, 0x0000, 0x0000, 0x0000, 0x0000, 0x0000, 0x0000, 0x0000, 0x0000, 0x0000,   // 0x5930 (22832) pixels
0x0000, 0x0000, 0x0000, 0x0000, 0x0000, 0x0000, 0x0000, 0x0000, 0x0000, 0x0000, 0x0000, 0x0000, 0x0000, 0x0000, 0x0000, 0x0000,   // 0x5940 (22848) pixels
0x0000, 0x0000, 0x0000, 0x0000, 0x0000, 0x0000, 0x0000, 0x0000, 0x0000, 0x0000, 0x0000, 0x0000, 0x0000, 0x0000, 0x0000, 0x0000,   // 0x5950 (22864) pixels
0x0000, 0x0000, 0x0000, 0x0000, 0x0000, 0x0000, 0x0000, 0x0000, 0x0000, 0x0000, 0x0000, 0x0000, 0x0000, 0x0000, 0x0000, 0x0000,   // 0x5960 (22880) pixels
0x0000, 0x0000, 0x0000, 0x0000, 0x0000, 0x0000, 0x0000, 0x0000, 0x0000, 0x0000, 0x0000, 0x0000, 0x0000, 0x0000, 0x0000, 0x0000,   // 0x5970 (22896) pixels
0x0000, 0x0000, 0x0000, 0x0000, 0x0000, 0x0000, 0x0000, 0x0000, 0x0000, 0x0000, 0x0000, 0x0000, 0x0000, 0x0000, 0x0000, 0x0000,   // 0x5980 (22912) pixels
0x0000, 0x0000, 0x0000, 0x0000, 0x0000, 0x0000, 0x0000, 0x0000, 0x0000, 0x0000, 0x0000, 0x0000, 0x0000, 0x0000, 0x0000, 0x0000,   // 0x5990 (22928) pixels
0x0000, 0x0000, 0x0000, 0x0000, 0x0000, 0x0000, 0x0000, 0x0000, 0x0000, 0x0000, 0x0000, 0x0000, 0x0000, 0x0000, 0x0000, 0x0000,   // 0x59A0 (22944) pixels
0x0000, 0x0000, 0x0000, 0x0000, 0x0000, 0x0000, 0x0000, 0x0000, 0x0000, 0x0000, 0x0000, 0x0000, 0x0000, 0x0000, 0x0000, 0x0000,   // 0x59B0 (22960) pixels
0x0000, 0x0000, 0x0000, 0x0000, 0x0000, 0x0000, 0x0000, 0x0000, 0x0000, 0x0000, 0x0000, 0x0000, 0x0000, 0x0000, 0x0000, 0x0000,   // 0x59C0 (22976) pixels
0x0000, 0x0000, 0x0000, 0x0000, 0x0000, 0x0000, 0x0000, 0x0000, 0x0000, 0x0000, 0x0000, 0x0000, 0x0000, 0x0000, 0x0000, 0x0000,   // 0x59D0 (22992) pixels
0x0000, 0x0000, 0x0000, 0x0000, 0x0000, 0x0000, 0x0000, 0x0000, 0x0000, 0x0000, 0x0000, 0x0000, 0x0000, 0x0000, 0x0000, 0x0000,   // 0x59E0 (23008) pixels
0x0000, 0x0000, 0x0000, 0x0000, 0x0000, 0x0000, 0x0000, 0x0000, 0x0000, 0x0000, 0x0000, 0x0000, 0x0000, 0x0000, 0x0000, 0x0000,   // 0x59F0 (23024) pixels
0x0000, 0x0000, 0x0000, 0x0000, 0x0000, 0x0000, 0x0000, 0x0000, 0x0000, 0x0000, 0x0000, 0x0000, 0x0000, 0x0000, 0x0000, 0x0000,   // 0x5A00 (23040) pixels
0x0000, 0x0000, 0x0000, 0x0000, 0x0000, 0x0000, 0x0000, 0x0000, 0x0000, 0x0000, 0x0000, 0x0000, 0x0000, 0x0000, 0x0000, 0x0000,   // 0x5A10 (23056) pixels
0x0000, 0x0000, 0x0000, 0x0000, 0x0000, 0x0000, 0x0000, 0x0000, 0x0000, 0x0000, 0x0000, 0x0000, 0x0000, 0x0000, 0x0000, 0x0000,   // 0x5A20 (23072) pixels
0x0000, 0x0000, 0x0000, 0x0000, 0x0000, 0x0000, 0x0000, 0x0000, 0x0000, 0x0000, 0x0000, 0x0000, 0x0000, 0x0000, 0x0000, 0x0000,   // 0x5A30 (23088) pixels
0x0000, 0x0000, 0x0000, 0x0000, 0x0000, 0x0000, 0x0000, 0x0000, 0x0000, 0x0000, 0x0000, 0x0000, 0x0000, 0x0000, 0x0000, 0x0000,   // 0x5A40 (23104) pixels
0x0000, 0x0000, 0x0000, 0x0000, 0x0000, 0x0000, 0x0000, 0x0000, 0x0000, 0x0000, 0x0000, 0x0000, 0x0000, 0x0000, 0x0000, 0x0000,   // 0x5A50 (23120) pixels
0x0000, 0x0000, 0x0000, 0x0000, 0x0000, 0x0000, 0x0000, 0x0000, 0x0000, 0x0000, 0x0000, 0x0000, 0x0000, 0x0000, 0x0000, 0x0000,   // 0x5A60 (23136) pixels
0x0000, 0x0000, 0x0000, 0x0000, 0x0000, 0x0000, 0x0000, 0x0000, 0x0000, 0x0000, 0x0000, 0x0000, 0x0000, 0x0000, 0x0000, 0x0000,   // 0x5A70 (23152) pixels
0x0000, 0x0000, 0x0000, 0x0000, 0x0000, 0x0000, 0x0000, 0x0000, 0x0000, 0x0000, 0x0000, 0x0000, 0x0000, 0x0000, 0x0000, 0x0000,   // 0x5A80 (23168) pixels
0x0000, 0x0000, 0x0000, 0x0000, 0x0000, 0x0000, 0x0000, 0x0000, 0x0000, 0x0000, 0x0000, 0x0000, 0x0000, 0x0000, 0x0000, 0x0000,   // 0x5A90 (23184) pixels
0x0000, 0x0000, 0x0000, 0x0000, 0x0000, 0x0000, 0x0000, 0x0000, 0x0000, 0x0000, 0x0000, 0x0000, 0x0000, 0x0000, 0x0000, 0x0000,   // 0x5AA0 (23200) pixels
0x0000, 0x0000, 0x0000, 0x0000, 0x0000, 0x0000, 0x0000, 0x0000, 0x0000, 0x0000, 0x0000, 0x0000, 0x0000, 0x0000, 0x0000, 0x0000,   // 0x5AB0 (23216) pixels
0x0000, 0x0000, 0x0000, 0x0000, 0x0000, 0x0000, 0x0000, 0x0000, 0x0000, 0x0000, 0x0000, 0x0000, 0x0000, 0x0000, 0x0000, 0x0000,   // 0x5AC0 (23232) pixels
0x0000, 0x0000, 0x0000, 0x0000, 0x0000, 0x0000, 0x0000, 0x0000, 0x0000, 0x0000, 0x0000, 0x0000, 0x0000, 0x0000, 0x0000, 0x0000,   // 0x5AD0 (23248) pixels
0x0000, 0x0000, 0x0000, 0x0000, 0x0000, 0x0000, 0x0000, 0x0000, 0x0000, 0x0000, 0x0000, 0x0000, 0x0000, 0x0000, 0x0000, 0x0000,   // 0x5AE0 (23264) pixels
0x0000, 0x0000, 0x0000, 0x0000, 0x0000, 0x0000, 0x0000, 0x0000, 0x0000, 0x0000, 0x0000, 0x0000, 0x0000, 0x0000, 0x0000, 0x0000,   // 0x5AF0 (23280) pixels
0x0000, 0x0000, 0x0000, 0x0000, 0x0000, 0x0000, 0x0000, 0x0000, 0x0000, 0x0000, 0x0000, 0x0000, 0x0000, 0x0000, 0x0000, 0x0000,   // 0x5B00 (23296) pixels
0x0000, 0x0000, 0x0000, 0x0000, 0x0000, 0x0000, 0x0000, 0x0000, 0x0000, 0x0000, 0x0000, 0x0000, 0x0000, 0x0000, 0x0000, 0x0000,   // 0x5B10 (23312) pixels
0x0000, 0x0000, 0x0000, 0x0000, 0x0000, 0x0000, 0x0000, 0x0000, 0x0000, 0x0000, 0x0000, 0x0000, 0x0000, 0x0000, 0x0000, 0x0000,   // 0x5B20 (23328) pixels
0x0000, 0x0000, 0x0000, 0x0000, 0x0000, 0x0000, 0x0000, 0x0000, 0x0000, 0x0000, 0x0000, 0x0000, 0x0000, 0x0000, 0x0000, 0x0000,   // 0x5B30 (23344) pixels
0x0000, 0x0000, 0x0000, 0x0000, 0x0000, 0x0000, 0x0000, 0x0000, 0x0000, 0x0000, 0x0000, 0x0000, 0x0000, 0x0000, 0x0000, 0x0000,   // 0x5B40 (23360) pixels
0x0000, 0x0000, 0x0000, 0x0000, 0x0000, 0x0000, 0x0000, 0x0000, 0x0000, 0x0000, 0x0000, 0x0000, 0x0000, 0x0000, 0x0000, 0x0000,   // 0x5B50 (23376) pixels
0x0000, 0x0000, 0x0000, 0x0000, 0x0000, 0x0000, 0x0000, 0x0000, 0x0000, 0x0000, 0x0000, 0x0000, 0x0000, 0x0000, 0x0000, 0x0000,   // 0x5B60 (23392) pixels
0x0000, 0x0000, 0x0000, 0x0000, 0x0000, 0x0000, 0x0000, 0x0000, 0x0000, 0x0000, 0x0000, 0x0000, 0x0000, 0x0000, 0x0000, 0x0000,   // 0x5B70 (23408) pixels
0x0000, 0x0000, 0x0000, 0x0000, 0x0000, 0x0000, 0x0000, 0x0000, 0x0000, 0x0000, 0x0000, 0x0000, 0x0000, 0x0000, 0x0000, 0x0000,   // 0x5B80 (23424) pixels
0x0000, 0x0000, 0x0000, 0x0000, 0x0000, 0x0000, 0x0000, 0x0000, 0x0000, 0x0000, 0x0000, 0x0000, 0x0000, 0x0000, 0x0000, 0x0000,   // 0x5B90 (23440) pixels
0x0000, 0x0000, 0x0000, 0x0000, 0x0000, 0x0000, 0x0000, 0x0000, 0x0000, 0x0000, 0x0000, 0x0000, 0x0000, 0x0000, 0x0000, 0x0000,   // 0x5BA0 (23456) pixels
0x0000, 0x0000, 0x0000, 0x0000, 0x0000, 0x0000, 0x0000, 0x0000, 0x0000, 0x0000, 0x0000, 0x0000, 0x0000, 0x0000, 0x0000, 0x0000,   // 0x5BB0 (23472) pixels
0x0000, 0x0000, 0x0000, 0x0000, 0x0000, 0x0000, 0x0000, 0x0000, 0x0000, 0x0000, 0x0000, 0x0000, 0x0000, 0x0000, 0x0000, 0x0000,   // 0x5BC0 (23488) pixels
0x0000, 0x0000, 0x0000, 0x0000, 0x0000, 0x0000, 0x0000, 0x0000, 0x0000, 0x0000, 0x0000, 0x0000, 0x0000, 0x0000, 0x0000, 0x0000,   // 0x5BD0 (23504) pixels
0x0000, 0x0000, 0x0000, 0x0000, 0x0000, 0x0000, 0x0000, 0x0000, 0x0000, 0x0000, 0x0000, 0x0000, 0x0000, 0x0000, 0x0000, 0x0000,   // 0x5BE0 (23520) pixels
0x0000, 0x0000, 0x0000, 0x0000, 0x0000, 0x0000, 0x0000, 0x0000, 0x0000, 0x0000, 0x0000, 0x0000, 0x0000, 0x0000, 0x0000, 0x0000,   // 0x5BF0 (23536) pixels
0x0000, 0x0000, 0x0000, 0x0000, 0x0000, 0x0000, 0x0000, 0x0000, 0x0000, 0x0000, 0x0000, 0x0000, 0x0000, 0x0000, 0x0000, 0x0000,   // 0x5C00 (23552) pixels
0x0000, 0x0000, 0x0000, 0x0000, 0x0000, 0x0000, 0x0000, 0x0000, 0x0000, 0x0000, 0x0000, 0x0000, 0x0000, 0x0000, 0x0000, 0x0000,   // 0x5C10 (23568) pixels
0x0000, 0x0000, 0x0000, 0x0000, 0x0000, 0x0000, 0x0000, 0x0000, 0x0000, 0x0000, 0x0000, 0x0000, 0x0000, 0x0000, 0x0000, 0x0000,   // 0x5C20 (23584) pixels
0x0000, 0x0000, 0x0000, 0x0000, 0x0000, 0x0000, 0x0000, 0x0000, 0x0000, 0x0000, 0x0000, 0x0000, 0x0000, 0x0000, 0x0000, 0x0000,   // 0x5C30 (23600) pixels
0x0000, 0x0000, 0x0000, 0x0000, 0x0000, 0x0000, 0x0000, 0x0000, 0x0000, 0x0000, 0x0000, 0x0000, 0x0000, 0x0000, 0x0000, 0x0000,   // 0x5C40 (23616) pixels
0x0000, 0x0000, 0x0000, 0x0000, 0x0000, 0x0000, 0x0000, 0x0000, 0x0000, 0x0000, 0x0000, 0x0000, 0x0000, 0x0000, 0x0000, 0x0000,   // 0x5C50 (23632) pixels
0x0000, 0x0000, 0x0000, 0x0000, 0x0000, 0x0000, 0x0000, 0x0000, 0x0000, 0x0000, 0x0000, 0x0000, 0x0000, 0x0000, 0x0000, 0x0000,   // 0x5C60 (23648) pixels
0x0000, 0x0000, 0x0000, 0x0000, 0x0000, 0x0000, 0x0000, 0x0000, 0x0000, 0x0000, 0x0000, 0x0000, 0x0000, 0x0000, 0x0000, 0x0000,   // 0x5C70 (23664) pixels
0x0000, 0x0000, 0x0000, 0x0000, 0x0000, 0x0000, 0x0000, 0x0000, 0x0000, 0x0000, 0x0000, 0x0000, 0x0000, 0x0000, 0x0000, 0x0000,   // 0x5C80 (23680) pixels
0x0000, 0x0000, 0x0000, 0x0000, 0x0000, 0x0000, 0x0000, 0x0000, 0x0000, 0x0000, 0x0000, 0x0000, 0x0000, 0x0000, 0x0000, 0x0000,   // 0x5C90 (23696) pixels
0x0000, 0x0000, 0x0000, 0x0000, 0x0000, 0x0000, 0x0000, 0x0000, 0x0000, 0x0000, 0x0000, 0x0000, 0x0000, 0x0000, 0x0000, 0x0000,   // 0x5CA0 (23712) pixels
0x0000, 0x0000, 0x0000, 0x0000, 0x0000, 0x0000, 0x0000, 0x0000, 0x0000, 0x0000, 0x0000, 0x0000, 0x0000, 0x0000, 0x0000, 0x0000,   // 0x5CB0 (23728) pixels
0x0000, 0x0000, 0x0000, 0x0000, 0x0000, 0x0000, 0x0000, 0x0000, 0x0000, 0x0000, 0x0000, 0x0000, 0x0000, 0x0000, 0x0000, 0x0000,   // 0x5CC0 (23744) pixels
0x0000, 0x0000, 0x0000, 0x0000, 0x0000, 0x0000, 0x0000, 0x0000, 0x0000, 0x0000, 0x0000, 0x0000, 0x0000, 0x0000, 0x0000, 0x0000,   // 0x5CD0 (23760) pixels
0x0000, 0x0000, 0x0000, 0x0000, 0x0000, 0x0000, 0x0000, 0x0000, 0x0000, 0x0000, 0x0000, 0x0000, 0x0000, 0x0000, 0x0000, 0x0000,   // 0x5CE0 (23776) pixels
0x0000, 0x0000, 0x0000, 0x0000, 0x0000, 0x0000, 0x0000, 0x0000, 0x0000, 0x0000, 0x0000, 0x0000, 0x0000, 0x0000, 0x0000, 0x0000,   // 0x5CF0 (23792) pixels
0x0000, 0x0000, 0x0000, 0x0000, 0x0000, 0x0000, 0x0000, 0x0000, 0x0000, 0x0000, 0x0000, 0x0000, 0x0000, 0x0000, 0x0000, 0x0000,   // 0x5D00 (23808) pixels
0x0000, 0x0000, 0x0000, 0x0000, 0x0000, 0x0000, 0x0000, 0x0000, 0x0000, 0x0000, 0x0000, 0x0000, 0x0000, 0x0000, 0x0000, 0x0000,   // 0x5D10 (23824) pixels
0x0000, 0x0000, 0x0000, 0x0000, 0x0000, 0x0000, 0x0000, 0x0000, 0x0000, 0x0000, 0x0000, 0x0000, 0x0000, 0x0000, 0x0000, 0x0000,   // 0x5D20 (23840) pixels
0x0000, 0x0000, 0x0000, 0x0000, 0x0000, 0x0000, 0x0000, 0x0000, 0x0000, 0x0000, 0x0000, 0x0000, 0x0000, 0x0000, 0x0000, 0x0000,   // 0x5D30 (23856) pixels
0x0000, 0x0000, 0x0000, 0x0000, 0x0000, 0x0000, 0x0000, 0x0000, 0x0000, 0x0000, 0x0000, 0x0000, 0x0000, 0x0000, 0x0000, 0x0000,   // 0x5D40 (23872) pixels
0x0000, 0x0000, 0x0000, 0x0000, 0x0000, 0x0000, 0x0000, 0x0000, 0x0000, 0x0000, 0x0000, 0x0000, 0x0000, 0x0000, 0x0000, 0x0000,   // 0x5D50 (23888) pixels
0x0000, 0x0000, 0x0000, 0x0000, 0x0000, 0x0000, 0x0000, 0x0000, 0x0000, 0x0000, 0x0000, 0x0000, 0x0000, 0x0000, 0x0000, 0x0000,   // 0x5D60 (23904) pixels
0x0000, 0x0000, 0x0000, 0x0000, 0x0000, 0x0000, 0x0000, 0x0000, 0x0000, 0x0000, 0x0000, 0x0000, 0x0000, 0x0000, 0x0000, 0x0000,   // 0x5D70 (23920) pixels
0x0000, 0x0000, 0x0000, 0x0000, 0x0000, 0x0000, 0x0000, 0x0000, 0x0000, 0x0000, 0x0000, 0x0000, 0x0000, 0x0000, 0x0000, 0x0000,   // 0x5D80 (23936) pixels
0x0000, 0x0000, 0x0000, 0x0000, 0x0000, 0x0000, 0x0000, 0x0000, 0x0000, 0x0000, 0x0000, 0x0000, 0x0000, 0x0000, 0x0000, 0x0000,   // 0x5D90 (23952) pixels
0x0000, 0x0000, 0x0000, 0x0000, 0x0000, 0x0000, 0x0000, 0x0000, 0x0000, 0x0000, 0x0000, 0x0000, 0x0000, 0x0000, 0x0000, 0x0000,   // 0x5DA0 (23968) pixels
0x0000, 0x0000, 0x0000, 0x0000, 0x0000, 0x0000, 0x0000, 0x0000, 0x0000, 0x0000, 0x0000, 0x0000, 0x0000, 0x0000, 0x0000, 0x0000,   // 0x5DB0 (23984) pixels
0x0000, 0x0000, 0x0000, 0x0000, 0x0000, 0x0000, 0x0000, 0x0000, 0x0000, 0x0000, 0x0000, 0x0000, 0x0000, 0x0000, 0x0000, 0x0000,   // 0x5DC0 (24000) pixels
0x0000, 0x0000, 0x0000, 0x0000, 0x0000, 0x0000, 0x0000, 0x0000, 0x0000, 0x0000, 0x0000, 0x0000, 0x0000, 0x0000, 0x0000, 0x0000,   // 0x5DD0 (24016) pixels
0x0000, 0x0000, 0x0000, 0x0000, 0x0000, 0x0000, 0x0000, 0x0000, 0x0000, 0x0000, 0x0000, 0x0000, 0x0000, 0x0000, 0x0000, 0x0000,   // 0x5DE0 (24032) pixels
0x0000, 0x0000, 0x0000, 0x0000, 0x0000, 0x0000, 0x0000, 0x0000, 0x0000, 0x0000, 0x0000, 0x0000, 0x0000, 0x0000, 0x0000, 0x0000,   // 0x5DF0 (24048) pixels
0x0000, 0x0000, 0x0000, 0x0000, 0x0000, 0x0000, 0x0000, 0x0000, 0x0000, 0x0000, 0x0000, 0x0000, 0x0000, 0x0000, 0x0000, 0x0000,   // 0x5E00 (24064) pixels
0x0000, 0x0000, 0x0000, 0x0000, 0x0000, 0x0000, 0x0000, 0x0000, 0x0000, 0x0000, 0x0000, 0x0000, 0x0000, 0x0000, 0x0000, 0x0000,   // 0x5E10 (24080) pixels
0x0000, 0x0000, 0x0000, 0x0000, 0x0000, 0x0000, 0x0000, 0x0000, 0x0000, 0x0000, 0x0000, 0x0000, 0x0000, 0x0000, 0x0000, 0x0000,   // 0x5E20 (24096) pixels
0x0000, 0x0000, 0x0000, 0x0000, 0x0000, 0x0000, 0x0000, 0x0000, 0x0000, 0x0000, 0x0000, 0x0000, 0x0000, 0x0000, 0x0000, 0x0000,   // 0x5E30 (24112) pixels
0x0000, 0x0000, 0x0000, 0x0000, 0x0000, 0x0000, 0x0000, 0x0000, 0x0000, 0x0000, 0x0000, 0x0000, 0x0000, 0x0000, 0x0000, 0x0000,   // 0x5E40 (24128) pixels
0x0000, 0x0000, 0x0000, 0x0000, 0x0000, 0x0000, 0x0000, 0x0000, 0x0000, 0x0000, 0x0000, 0x0000, 0x0000, 0x0000, 0x0000, 0x0000,   // 0x5E50 (24144) pixels
0x0000, 0x0000, 0x0000, 0x0000, 0x0000, 0x0000, 0x0000, 0x0000, 0x0000, 0x0000, 0x0000, 0x0000, 0x0000, 0x0000, 0x0000, 0x0000,   // 0x5E60 (24160) pixels
0x0000, 0x0000, 0x0000, 0x0000, 0x0000, 0x0000, 0x0000, 0x0000, 0x0000, 0x0000, 0x0000, 0x0000, 0x0000, 0x0000, 0x0000, 0x0000,   // 0x5E70 (24176) pixels
0x0000, 0x0000, 0x0000, 0x0000, 0x0000, 0x0000, 0x0000, 0x0000, 0x0000, 0x0000, 0x0000, 0x0000, 0x0000, 0x0000, 0x0000, 0x0000,   // 0x5E80 (24192) pixels
0x0000, 0x0000, 0x0000, 0x0000, 0x0000, 0x0000, 0x0000, 0x0000, 0x0000, 0x0000, 0x0000, 0x0000, 0x0000, 0x0000, 0x0000, 0x0000,   // 0x5E90 (24208) pixels
0x0000, 0x0000, 0x0000, 0x0000, 0x0000, 0x0000, 0x0000, 0x0000, 0x0000, 0x0000, 0x0000, 0x0000, 0x0000, 0x0000, 0x0000, 0x0000,   // 0x5EA0 (24224) pixels
0x0000, 0x0000, 0x0000, 0x0000, 0x0000, 0x0000, 0x0000, 0x0000, 0x0000, 0x0000, 0x0000, 0x0000, 0x0000, 0x0000, 0x0000, 0x0000,   // 0x5EB0 (24240) pixels
0x0000, 0x0000, 0x0000, 0x0000, 0x0000, 0x0000, 0x0000, 0x0000, 0x0000, 0x0000, 0x0000, 0x0000, 0x0000, 0x0000, 0x0000, 0x0000,   // 0x5EC0 (24256) pixels
0x0000, 0x0000, 0x0000, 0x0000, 0x0000, 0x0000, 0x0000, 0x0000, 0x0000, 0x0000, 0x0000, 0x0000, 0x0000, 0x0000, 0x0000, 0x0000,   // 0x5ED0 (24272) pixels
0x0000, 0x0000, 0x0000, 0x0000, 0x0000, 0x0000, 0x0000, 0x0000, 0x0000, 0x0000, 0x0000, 0x0000, 0x0000, 0x0000, 0x0000, 0x0000,   // 0x5EE0 (24288) pixels
0x0000, 0x0000, 0x0000, 0x0000, 0x0000, 0x0000, 0x0000, 0x0000, 0x0000, 0x0000, 0x0000, 0x0000, 0x0000, 0x0000, 0x0000, 0x0000,   // 0x5EF0 (24304) pixels
0x0000, 0x0000, 0x0000, 0x0000, 0x0000, 0x0000, 0x0000, 0x0000, 0x0000, 0x0000, 0x0000, 0x0000, 0x0000, 0x0000, 0x0000, 0x0000,   // 0x5F00 (24320) pixels
};


#endif // WOOD_H