// Generated by   : ImageConverter 565 Online
// Generated from : water.jpg
// Time generated : Tue, 27 May 25 04:09:49 +0200  (Server timezone: CET)
// Image Size     : 190x128 pixels
// Memory usage   : 48640 bytes


#ifndef CITYCOMPLETE_H
#define CITYCOMPLETE_H

#include <TFT_eSPI.h>

void drawCityComplete(TFT_eSPI &tft);


#if defined(__AVR__)
    #include <avr/pgmspace.h>
#elif defined(__PIC32MX__)
    #define PROGMEM
#elif defined(__arm__)
    #define PROGMEM
#endif


const unsigned short cityComplete[16200] PROGMEM={
0x9D3C, 0x8D7C, 0x6D3B, 0x657C, 0x6D7E, 0x6D3D, 0x755D, 0x753C, 0x7D3C, 0x7D3D, 0x7D3C, 0x7D3D, 0x7D5D, 0x7D3C, 0x7D3C, 0x855D,   // 0x0010 (16) pixels
0x7D3D, 0x7D3D, 0x7D3D, 0x7D3D, 0x7D5C, 0x7D5C, 0x7D5C, 0x7D5C, 0x7D5C, 0x7D5C, 0x7D5C, 0x7D5C, 0x7D5C, 0x7D5C, 0x7D5C, 0x7D5C,   // 0x0020 (32) pixels
0x7D5C, 0x7D5C, 0x7D5C, 0x7D5C, 0x7D5C, 0x7D5C, 0x7D5C, 0x7D5C, 0x7D3C, 0x7D3C, 0x7D3C, 0x7D3C, 0x7D3C, 0x7D3C, 0x7D3C, 0x7D3C,   // 0x0030 (48) pixels
0x7D3C, 0x7D3C, 0x7D3C, 0x7D3C, 0x7D3C, 0x7D3C, 0x7D3C, 0x7D3C, 0x753C, 0x753C, 0x753C, 0x753C, 0x753C, 0x753C, 0x7D5C, 0x7D5C,   // 0x0040 (64) pixels
0x7D1C, 0x7D3C, 0x7D3C, 0x7D5C, 0x7D5C, 0x7D5C, 0x7D3C, 0x7D3C, 0x7D5B, 0x855C, 0x7D3C, 0x753C, 0x7D5D, 0x7D3D, 0x7D3C, 0x7D1C,   // 0x0050 (80) pixels
0x9D79, 0x9D7C, 0x8D1B, 0x955A, 0xBE7A, 0xDF3B, 0xCE9B, 0x9D18, 0x753C, 0x753C, 0x755C, 0x755D, 0x753D, 0x753D, 0x7D3C, 0x855C,   // 0x0060 (96) pixels
0x755D, 0x7D7D, 0x7D5D, 0x753C, 0x7D3C, 0x7D5D, 0x855D, 0x7D3C, 0x7D7C, 0x7D5C, 0x7D5C, 0x7D3C, 0x7D3D, 0x7D3D, 0x7D3D, 0x7D3D,   // 0x0070 (112) pixels
0x7D3D, 0x7D3C, 0x7D5C, 0x7D5C, 0x7D5C, 0x7D5C, 0x7D5C, 0x7D5C, 0xDEFB, 0xCEDC, 0x95BB, 0x751A, 0x751C, 0x751C, 0x753C, 0x757D,   // 0x0080 (128) pixels
0x753E, 0x755E, 0x753D, 0x753D, 0x7D5D, 0x7D5D, 0x755C, 0x755C, 0x7D3D, 0x7D3D, 0x7D3D, 0x7D3D, 0x7D5C, 0x7D5C, 0x7D5C, 0x7D5C,   // 0x0090 (144) pixels
0x7D5C, 0x7D5C, 0x7D5C, 0x7D5C, 0x7D5C, 0x7D5C, 0x7D5C, 0x7D5C, 0x7D5C, 0x7D5C, 0x7D5C, 0x7D5C, 0x7D5C, 0x7D5C, 0x7D5C, 0x7D5C,   // 0x00A0 (160) pixels
0x7D3C, 0x7D3C, 0x7D3C, 0x7D3C, 0x7D3C, 0x7D3C, 0x7D3C, 0x7D3C, 0x7D3C, 0x7D3C, 0x7D3C, 0x7D3C, 0x7D3C, 0x7D3C, 0x7D3C, 0x7D3C,   // 0x00B0 (176) pixels
0x7D5C, 0x7D5C, 0x7D5C, 0x7D5C, 0x7D5C, 0x7D5C, 0x7D5C, 0x7D5C, 0x855D, 0x7D5D, 0x7D5D, 0x755C, 0x755C, 0x7D5C, 0x7D5C, 0x7D3D,   // 0x00C0 (192) pixels
0x7D3C, 0x7D5C, 0x7D5C, 0x7D5C, 0x7D5D, 0x7D3C, 0x855C, 0x9DDE, 0xC69C, 0xC6BE, 0xB65D, 0xBE5B, 0xD6FA, 0xEF7B, 0xEF7C, 0xD6DB,   // 0x00D0 (208) pixels
0x95DA, 0x855A, 0x751B, 0x755D, 0x757D, 0x757C, 0x753C, 0x7D1C, 0x753C, 0x7D3C, 0x7D3C, 0x7D3C, 0x7D3C, 0x7D3C, 0x7D3C, 0x7D3C,   // 0x00E0 (224) pixels
0x7D3C, 0x7D3C, 0x7D3C, 0x7D3C, 0x7D3C, 0x7D3C, 0x7D3D, 0x7D3D, 0x7D3C, 0x7D3D, 0x7D5C, 0x7D5C, 0x7D3C, 0x7D3C, 0x7D5C, 0x7D5C,   // 0x00F0 (240) pixels
0xFFB9, 0xF79C, 0xC67B, 0xADDA, 0xB61B, 0xA61B, 0x857B, 0x6D1B, 0x6D1D, 0x755E, 0x755E, 0x753D, 0x757D, 0x757D, 0x755C, 0x6D5C,   // 0x0100 (256) pixels
0x7D3D, 0x7D3C, 0x7D3C, 0x7D3C, 0x7D3C, 0x7D3C, 0x7D3C, 0x7D3C, 0x7D5C, 0x7D5C, 0x7D5C, 0x7D5C, 0x7D5C, 0x7D5C, 0x7D5C, 0x7D5C,   // 0x0110 (272) pixels
0x7D5C, 0x7D5C, 0x7D5C, 0x7D5C, 0x7D5C, 0x7D5C, 0x7D5C, 0x7D5C, 0x7D5C, 0x7D5C, 0x7D5C, 0x7D5C, 0x7D5C, 0x7D5C, 0x7D5C, 0x7D5C,   // 0x0120 (288) pixels
0x7D5C, 0x7D5C, 0x7D5C, 0x7D5C, 0x7D5C, 0x7D5C, 0x7D5C, 0x7D5C, 0x7D5C, 0x7D5C, 0x7D5C, 0x7D5D, 0x7D5C, 0x7D5C, 0x7D5C, 0x7D5C,   // 0x0130 (304) pixels
0x7D3D, 0x7D5D, 0x755C, 0x755C, 0x755C, 0x755C, 0x7D5C, 0x7D3C, 0x7D3D, 0x7D5D, 0x7D5D, 0x7D7D, 0x8D9D, 0x8D7B, 0x959B, 0xAE5E,   // 0x0140 (320) pixels
0xC65A, 0xCEBB, 0xCEBA, 0xCE99, 0xD6B8, 0xE719, 0xF79B, 0xFFBB, 0xE77B, 0xB65A, 0x855B, 0x6CFC, 0x6D5C, 0x759C, 0x7D7C, 0x7D3D,   // 0x0150 (336) pixels
0x7D3D, 0x7D3D, 0x7D5D, 0x7D5D, 0x7D5D, 0x7D5C, 0x7D5C, 0x7D5C, 0x753C, 0x755D, 0x755D, 0x755D, 0x755D, 0x755D, 0x755D, 0x757D,   // 0x0160 (352) pixels
0x7D3C, 0x7D5D, 0x7D5D, 0x7D5C, 0x753C, 0x7D3C, 0x7D5C, 0x859D, 0xF75A, 0xEF1B, 0xE6FC, 0xE71B, 0xF77B, 0xEFBC, 0xC6DC, 0x8D5A,   // 0x0170 (368) pixels
0x6CFB, 0x751C, 0x751C, 0x751B, 0x755C, 0x755C, 0x755C, 0x757C, 0x7D3D, 0x7D3C, 0x7D3C, 0x7D3C, 0x7D3C, 0x7D3C, 0x7D3C, 0x7D3C,   // 0x0180 (384) pixels
0x7D5C, 0x7D5C, 0x7D5C, 0x7D5C, 0x7D5C, 0x7D5C, 0x7D5C, 0x7D5C, 0x7D5C, 0x7D5C, 0x7D5C, 0x7D5C, 0x7D5C, 0x7D5C, 0x7D5C, 0x7D5C,   // 0x0190 (400) pixels
0x7D5C, 0x7D5C, 0x7D5C, 0x7D5C, 0x7D5C, 0x7D5C, 0x7D5C, 0x7D5C, 0x7D5C, 0x7D5C, 0x7D5C, 0x7D5C, 0x7D5C, 0x7D5C, 0x7D5C, 0x7D5C,   // 0x01A0 (416) pixels
0x7D5C, 0x7D5C, 0x7D5D, 0x7D5D, 0x7D5C, 0x7D5C, 0x753C, 0x753C, 0x753C, 0x753D, 0x755D, 0x755D, 0x755D, 0x755C, 0x7D3C, 0x7D3B,   // 0x01B0 (432) pixels
0x753D, 0x7D5D, 0x751C, 0x855C, 0x95FD, 0x9DFC, 0xA5DB, 0xB65C, 0xCE3B, 0xD6BB, 0xDF1A, 0xDED8, 0xDE98, 0xE698, 0xF719, 0xFF79,   // 0x01C0 (448) pixels
0xFFD9, 0xE71A, 0xAE1B, 0x7D5B, 0x6D1C, 0x757E, 0x7D7E, 0x74FD, 0x755C, 0x755C, 0x755C, 0x753B, 0x753B, 0x755B, 0x755C, 0x755B,   // 0x01D0 (464) pixels
0x7D3C, 0x7D5C, 0x7D5C, 0x7D5C, 0x757C, 0x755C, 0x755C, 0x755C, 0x7D3C, 0x7D5D, 0x7D5D, 0x7D5C, 0x7D3C, 0x7D5C, 0x7D7D, 0x859D,   // 0x01E0 (480) pixels
0xCEBA, 0xBE3A, 0xCE7B, 0xE6DA, 0xF738, 0xFFDA, 0xEFBC, 0xBE7B, 0x9E1D, 0x95DC, 0x857B, 0x857B, 0x859C, 0x7D5C, 0x753C, 0x7D5C,   // 0x01F0 (496) pixels
0x7D3D, 0x7D3D, 0x7D3D, 0x7D3D, 0x7D5C, 0x7D5C, 0x7D5C, 0x7D5C, 0x7D5C, 0x7D5C, 0x7D5C, 0x7D5C, 0x7D5C, 0x7D5C, 0x7D5C, 0x7D5C,   // 0x0200 (512) pixels
0x7D5C, 0x7D5C, 0x7D5C, 0x7D5C, 0x7D5C, 0x7D5C, 0x7D5C, 0x7D5C, 0x7D5C, 0x7D5C, 0x7D5C, 0x7D5C, 0x7D5C, 0x7D5C, 0x7D5C, 0x7D5C,   // 0x0210 (528) pixels
0x7D5C, 0x7D5C, 0x7D5C, 0x7D5C, 0x7D5C, 0x7D5C, 0x7D5C, 0x7D5C, 0x753C, 0x7D5C, 0x7D5C, 0x7D5C, 0x7D5C, 0x753C, 0x753C, 0x753C,   // 0x0220 (544) pixels
0x755C, 0x7D5D, 0x7D7D, 0x7D5D, 0x755D, 0x7D3C, 0x7D3B, 0x7D3B, 0x7D3D, 0x7D3C, 0x751B, 0x7D3B, 0x9DFD, 0xB65D, 0xB63B, 0xBE5B,   // 0x0230 (560) pixels
0xCE7C, 0xE71C, 0xEF7B, 0xEF5A, 0xEF1A, 0xF73B, 0xFF59, 0xFF78, 0xFF58, 0xFF79, 0xDF3C, 0xA63C, 0x753D, 0x751F, 0x7D5F, 0x7D5E,   // 0x0240 (576) pixels
0x7D1C, 0x853D, 0x855D, 0x7D3C, 0x7D3C, 0x857D, 0x857D, 0x7D5C, 0x7D1C, 0x7D1C, 0x7D1C, 0x7D1C, 0x7D3C, 0x7D3B, 0x7D3B, 0x7D3B,   // 0x0250 (592) pixels
0x7D5D, 0x7D5D, 0x7D5C, 0x7D3C, 0x7D5C, 0x7D5C, 0x7D5C, 0x7D5C, 0xAE5A, 0xA5FA, 0xAE1C, 0xBE1B, 0xCE39, 0xDEDA, 0xDEFA, 0xC6BA,   // 0x0260 (608) pixels
0xBEFF, 0xA65D, 0x95BB, 0x95BC, 0x95DD, 0x857D, 0x7D1C, 0x7D3C, 0x7D3D, 0x7D3D, 0x7D3D, 0x7D3D, 0x7D5C, 0x7D5C, 0x7D5C, 0x7D5C,   // 0x0270 (624) pixels
0x7D5C, 0x7D5C, 0x7D5C, 0x7D5C, 0x7D5C, 0x7D5C, 0x7D5C, 0x7D5C, 0x7D5C, 0x7D5C, 0x7D5C, 0x7D5C, 0x7D5C, 0x7D5C, 0x7D5C, 0x7D5C,   // 0x0280 (640) pixels
0x7D5C, 0x7D5C, 0x7D5C, 0x7D5C, 0x7D5C, 0x7D5C, 0x7D5C, 0x7D5C, 0x7D5C, 0x7D5C, 0x7D5C, 0x7D5C, 0x7D5C, 0x7D5C, 0x7D5C, 0x7D5C,   // 0x0290 (656) pixels
0x753C, 0x753C, 0x753C, 0x7D5C, 0x753C, 0x753C, 0x753C, 0x753C, 0x753B, 0x753C, 0x753C, 0x751C, 0x751C, 0x7D3B, 0x8D7B, 0x95BC,   // 0x02A0 (672) pixels
0x8D9D, 0x8D7C, 0x855B, 0x855B, 0x9DBB, 0xAE3C, 0xBE5C, 0xC65B, 0xC67B, 0xD6BA, 0xE739, 0xE739, 0xE73A, 0xF77B, 0xF779, 0xFF78,   // 0x02B0 (688) pixels
0xFF19, 0xFF9A, 0xF7BB, 0xC6BB, 0x851A, 0x74BC, 0x853E, 0x8D9E, 0x6D1E, 0x6D3E, 0x755F, 0x755F, 0x7D5F, 0x7D7F, 0x7D7F, 0x7D3E,   // 0x02C0 (704) pixels
0x6D9F, 0x759F, 0x757E, 0x757E, 0x7D7E, 0x7D9E, 0x759E, 0x759E, 0x7D5D, 0x7D5D, 0x7D3C, 0x7D3C, 0x7D3C, 0x7D3C, 0x753B, 0x751B,   // 0x02D0 (720) pixels
0xA5FC, 0x95DC, 0x9E1D, 0xA61D, 0xB61D, 0xB61C, 0xA5DA, 0xA61B, 0x9DFD, 0x8D9B, 0x853A, 0x855B, 0x857D, 0x7D7D, 0x753C, 0x755D,   // 0x02E0 (736) pixels
0x7D5D, 0x7D5D, 0x7D5D, 0x7D5D, 0x7D5C, 0x7D5C, 0x7D5C, 0x7D5C, 0x7D5C, 0x7D5C, 0x7D5C, 0x7D5C, 0x7D5C, 0x7D5C, 0x7D5C, 0x7D5C,   // 0x02F0 (752) pixels
0x7D5C, 0x7D5C, 0x7D5C, 0x7D5C, 0x7D5C, 0x7D5C, 0x7D5C, 0x7D5C, 0x7D5C, 0x7D5C, 0x7D5C, 0x7D5C, 0x7D5C, 0x7D5C, 0x7D5C, 0x7D5C,   // 0x0300 (768) pixels
0x7D5C, 0x7D5C, 0x7D5C, 0x7D5C, 0x7D5C, 0x7D5C, 0x7D5C, 0x7D5C, 0x7D5C, 0x7D5C, 0x753C, 0x753C, 0x753C, 0x7D5C, 0x7D5C, 0x7D5C,   // 0x0310 (784) pixels
0x7D3B, 0x7D3B, 0x753C, 0x751C, 0x7D3C, 0x8D7C, 0x9DDC, 0xAE3D, 0xA63D, 0x9DDC, 0x95BC, 0x95BC, 0x9DDB, 0xADFB, 0xB63C, 0xBE5C,   // 0x0320 (800) pixels
0xBE9C, 0xC67B, 0xD6BA, 0xD6DA, 0xD6FA, 0xDEFA, 0xDED9, 0xE6F8, 0xE698, 0xF719, 0xF79A, 0xDEF9, 0xADF8, 0x9D99, 0x8D7A, 0x7D19,   // 0x0330 (816) pixels
0x759D, 0x759D, 0x7D9D, 0x7D9D, 0x859D, 0x855D, 0x855C, 0x855D, 0x7D7C, 0x7D3C, 0x851B, 0x8CFB, 0x94FB, 0x951A, 0x8D1A, 0x84F9,   // 0x0340 (832) pixels
0x7D5D, 0x7D5D, 0x7D5D, 0x7D5C, 0x7D3C, 0x7D5C, 0x7D5C, 0x7D5C, 0x951D, 0x851B, 0x7D7B, 0x8DDB, 0x95FD, 0x95BD, 0x853B, 0x855C,   // 0x0350 (848) pixels
0x855C, 0x855C, 0x7D3C, 0x753C, 0x753D, 0x753D, 0x6D3D, 0x757E, 0x7D5D, 0x7D5D, 0x7D5D, 0x7D5D, 0x7D5C, 0x7D5C, 0x7D5C, 0x7D5C,   // 0x0360 (864) pixels
0x7D5C, 0x7D5C, 0x7D5C, 0x7D5C, 0x7D5C, 0x7D5C, 0x7D5C, 0x7D5C, 0x7D5C, 0x7D5C, 0x7D5C, 0x7D5C, 0x7D5C, 0x7D5C, 0x7D5C, 0x7D5C,   // 0x0370 (880) pixels
0x7D5C, 0x7D5C, 0x7D5C, 0x7D5C, 0x7D5C, 0x7D5C, 0x7D5C, 0x7D5C, 0x7D5C, 0x7D5C, 0x7D5C, 0x7D5C, 0x7D5C, 0x7D5C, 0x7D5C, 0x7D5C,   // 0x0380 (896) pixels
0x7D5C, 0x7D5C, 0x7D5C, 0x7D5C, 0x7D5C, 0x7D5C, 0x7D5D, 0x7D5D, 0x8DBC, 0x8D9C, 0x859D, 0x857D, 0x8D9D, 0x9DDD, 0xAE3D, 0xB67D,   // 0x0390 (912) pixels
0xAE7D, 0x9DFC, 0x9DDC, 0xA61D, 0xA5FC, 0xADFC, 0xB63C, 0xBE3C, 0xB65E, 0xB61C, 0xC65C, 0xCE9C, 0xCE9B, 0xC69A, 0xCE79, 0xDEDB,   // 0x03A0 (928) pixels
0xDE99, 0xEF1A, 0xFF7A, 0xF779, 0xE759, 0xD75B, 0xB69B, 0x7D37, 0xA4D6, 0x9454, 0x9433, 0x9C34, 0x9C13, 0x9B92, 0x9B92, 0xABF3,   // 0x03B0 (944) pixels
0x9BD2, 0xA391, 0xAB10, 0xB2EF, 0xB2EF, 0xB2EF, 0xA2EE, 0x9ACD, 0x7D5D, 0x7D5D, 0x857D, 0x7D7D, 0x7D5C, 0x857D, 0x85BE, 0x8DDE,   // 0x03C0 (960) pixels
0x7D5C, 0x753C, 0x753C, 0x753C, 0x753C, 0x753C, 0x753C, 0x753C, 0x755D, 0x755D, 0x753D, 0x753D, 0x753D, 0x753D, 0x755D, 0x755D,   // 0x03D0 (976) pixels
0x7D3D, 0x7D5D, 0x7D5D, 0x7D5D, 0x7D5D, 0x7D5D, 0x7D3D, 0x7D3D, 0x7D5D, 0x7D5D, 0x7D5D, 0x7D5D, 0x7D5D, 0x7D3D, 0x7D3D, 0x7D3D,   // 0x03E0 (992) pixels
0x751C, 0x751C, 0x753C, 0x7D3C, 0x7D5C, 0x7D5C, 0x7D3C, 0x753C, 0x7D5D, 0x7D5D, 0x7D5D, 0x7D5D, 0x7D5D, 0x7D5D, 0x7D5D, 0x7D5D,   // 0x03F0 (1008) pixels
0x7D5D, 0x7D5D, 0x7D5D, 0x7D5D, 0x7D5D, 0x7D5D, 0x7D5D, 0x7D5D, 0x7D5E, 0x7D5D, 0x7D3D, 0x7D3C, 0x7D5C, 0x857D, 0x8DBD, 0x8DDD,   // 0x0400 (1024) pixels
0x95DC, 0x9E1D, 0x9E1C, 0x9DDC, 0x9DDC, 0xADFD, 0xAE1D, 0xADFC, 0xA5DB, 0xA5DB, 0xA5BB, 0xA5BB, 0xAE1C, 0xB65E, 0xB65D, 0xADFC,   // 0x0410 (1040) pixels
0x9E1E, 0xA61D, 0xAE1C, 0xB61B, 0xC65A, 0xD69A, 0xE6FB, 0xEF3B, 0xE6DD, 0xDE9A, 0xDED9, 0xF759, 0xFFDA, 0xFFBA, 0xEEB8, 0xC573,   // 0x0420 (1056) pixels
0xD535, 0xA3B0, 0x934F, 0xAB90, 0xA2ED, 0xA28B, 0xAAAC, 0xAA8C, 0xA2AE, 0xAB10, 0xA310, 0xA2AF, 0xB2AE, 0xB26C, 0xAA4C, 0xB2AE,   // 0x0430 (1072) pixels
0x757E, 0x757D, 0x7D7D, 0x7D5D, 0x7CFC, 0x9D9D, 0xBE5D, 0xC67B, 0x7D5C, 0x7D5C, 0x7D5C, 0x753C, 0x753C, 0x753C, 0x753C, 0x753C,   // 0x0440 (1088) pixels
0x755D, 0x753D, 0x753C, 0x751C, 0x751C, 0x751C, 0x753C, 0x753C, 0x7D3D, 0x7D3D, 0x7D3D, 0x7D5D, 0x7D5D, 0x7D5D, 0x7D3D, 0x7D3D,   // 0x0450 (1104) pixels
0x7D5C, 0x7D5C, 0x7D5C, 0x7D5C, 0x7D5D, 0x7D5C, 0x7D5C, 0x7D5C, 0x7D5D, 0x7D5C, 0x7D5C, 0x7D5C, 0x7D5C, 0x7D5C, 0x7D5C, 0x7D5C,   // 0x0460 (1120) pixels
0x7D3C, 0x7D3C, 0x7D3C, 0x7D3C, 0x7D3C, 0x7D3C, 0x7D3C, 0x7D3C, 0x7D3D, 0x7D3D, 0x7D3D, 0x7D3D, 0x7D3C, 0x7D3C, 0x7D3C, 0x7D3C,   // 0x0470 (1136) pixels
0x7D5D, 0x7D5D, 0x7D3D, 0x7D3C, 0x7D3C, 0x7D5C, 0x7D5C, 0x855C, 0x857C, 0x855C, 0x8D7C, 0x8D7C, 0x8D5B, 0x8D5B, 0x957B, 0x9DBC,   // 0x0480 (1152) pixels
0xA5FC, 0xA5FC, 0xA5DB, 0x9DBB, 0xA5BB, 0xADFC, 0xAE1C, 0xA5DC, 0x9DFD, 0x9DDC, 0xA5DB, 0xADFB, 0xC67B, 0xD6DC, 0xDEFB, 0xDEFB,   // 0x0490 (1168) pixels
0xC65B, 0xC639, 0xCE58, 0xDED9, 0xE73A, 0xEF1A, 0xDEB9, 0xD618, 0xC65B, 0x9D58, 0x9539, 0xA57B, 0x9CD7, 0x9435, 0x8C15, 0x83D4,   // 0x04A0 (1184) pixels
0x7CFA, 0x855B, 0x853B, 0x8D19, 0xA579, 0xB599, 0xB598, 0xAD79, 0x95BC, 0x7D5A, 0x7D3B, 0x7D5C, 0x855D, 0x9DBD, 0xBE5D, 0xCEBC,   // 0x04B0 (1200) pixels
0x7D5D, 0x7D5D, 0x7D5C, 0x7D5C, 0x7D5C, 0x7D5C, 0x7D5C, 0x7D5C, 0x7D7D, 0x7D5D, 0x7D5C, 0x7D5C, 0x7D5C, 0x7D5C, 0x7D5C, 0x7D5D,   // 0x04C0 (1216) pixels
0x7D5D, 0x7D5D, 0x7D5D, 0x7D5D, 0x7D5D, 0x7D5D, 0x7D5D, 0x7D5D, 0x7D7D, 0x7D7D, 0x7D7D, 0x7D7D, 0x859D, 0x859D, 0x857D, 0x7D7D,   // 0x04D0 (1232) pixels
0x857D, 0x7D7D, 0x7D7D, 0x7D5D, 0x7D5D, 0x7D5D, 0x857D, 0x859D, 0x7D5C, 0x7D5C, 0x7D5C, 0x7D5C, 0x7D5C, 0x7D5C, 0x7D5C, 0x7D5C,   // 0x04E0 (1248) pixels
0x7D7D, 0x7D7D, 0x7D7D, 0x7D7D, 0x7D7D, 0x7D7D, 0x7D7D, 0x7D5C, 0x7D5D, 0x7D7D, 0x7D7D, 0x857D, 0x7D5D, 0x855C, 0x7D5C, 0x7D3C,   // 0x04F0 (1264) pixels
0x751D, 0x74FC, 0x751C, 0x853C, 0x853C, 0x851B, 0x8D3B, 0x959D, 0x9DFC, 0xA61C, 0xA61D, 0x9DDC, 0x9DDC, 0xA5DC, 0xA5DC, 0x9DBB,   // 0x0500 (1280) pixels
0x9DDC, 0x9DBB, 0x9D9A, 0xA5DA, 0xB63B, 0xBE5B, 0xBE5A, 0xB619, 0xADFA, 0xADFA, 0xB61A, 0xC67A, 0xC67B, 0xC65A, 0xC65B, 0xD6BD,   // 0x0510 (1296) pixels
0xAE7D, 0x95FC, 0x8E1E, 0x965F, 0x961E, 0x8D9D, 0x7D7D, 0x755D, 0x657E, 0x659E, 0x6D9D, 0x85FC, 0xAE9C, 0xCF3D, 0xD77D, 0xD75C,   // 0x0520 (1312) pixels
0xD6DB, 0xB63A, 0x959A, 0x7D3B, 0x751C, 0x8D7C, 0xADFB, 0xC69B, 0x7D5D, 0x7D5C, 0x7D5C, 0x7D5C, 0x7D5C, 0x7D5C, 0x7D5C, 0x7D5C,   // 0x0530 (1328) pixels
0x855D, 0x855D, 0x855D, 0x855D, 0x857D, 0x857D, 0x857D, 0x857D, 0x7D5D, 0x7D5D, 0x7D5D, 0x7D5D, 0x7D5D, 0x7D5D, 0x857D, 0x857D,   // 0x0540 (1344) pixels
0x859D, 0x857C, 0x7D7C, 0x857C, 0x859D, 0x859D, 0x859D, 0x7D7C, 0x7D5D, 0x7D5D, 0x7D5D, 0x7D5D, 0x7D5D, 0x7D7D, 0x859D, 0x85BE,   // 0x0550 (1360) pixels
0x8DBE, 0x8DBE, 0x8DBE, 0x8DBE, 0x8DBE, 0x8DBE, 0x8DBE, 0x8DBE, 0x859D, 0x859D, 0x859D, 0x859D, 0x859D, 0x859D, 0x859D, 0x859D,   // 0x0560 (1376) pixels
0x7D7D, 0x857D, 0x857E, 0x859E, 0x859D, 0x857D, 0x857D, 0x855C, 0x7D7E, 0x7D5E, 0x7D3D, 0x7D3C, 0x855C, 0x859D, 0x8D9C, 0x857C,   // 0x0570 (1392) pixels
0x95DC, 0x9DFC, 0x9E1D, 0x9DFC, 0x9DDC, 0x9DFC, 0x9DFC, 0x9DDC, 0xA5FC, 0xA5FC, 0xA5FB, 0xA5FB, 0xA5FB, 0xA5DA, 0x9DD9, 0x9DB9,   // 0x0580 (1408) pixels
0x9DFB, 0x9DFB, 0x9DDB, 0xA5DB, 0xA5DB, 0x9D7A, 0xA59B, 0xB65D, 0xADDA, 0x9DBB, 0x95BC, 0x8DBD, 0x859C, 0x855C, 0x7D5D, 0x759F,   // 0x0590 (1424) pixels
0x7D3D, 0x7D1C, 0x8D7B, 0xADFB, 0xCE9A, 0xE6F9, 0xFF39, 0xFF58, 0xFF79, 0xEF5B, 0xB67C, 0x857B, 0x7D3B, 0x8D9C, 0xB63C, 0xCE9B,   // 0x05A0 (1440) pixels
0x7D5C, 0x7D5C, 0x7D5C, 0x7D5C, 0x7D5C, 0x7D5C, 0x7D5C, 0x7D5C, 0x7D3C, 0x7D3C, 0x7D3C, 0x7D5C, 0x7D5C, 0x855C, 0x855C, 0x857D,   // 0x05B0 (1456) pixels
0x7D5D, 0x7D5D, 0x7D5C, 0x7D5C, 0x7D5D, 0x7D5D, 0x7D7D, 0x857D, 0x7D7C, 0x7D5C, 0x7D5C, 0x7D5C, 0x7D7C, 0x7D7C, 0x7D5C, 0x7D3B,   // 0x05C0 (1472) pixels
0x7D3C, 0x7D5C, 0x7D5D, 0x7D5D, 0x7D5C, 0x7D5D, 0x7D7D, 0x857D, 0x7D7C, 0x7D7C, 0x7D7C, 0x7D7C, 0x7D7C, 0x7D7C, 0x7D7C, 0x7D7C,   // 0x05D0 (1488) pixels
0x7D7C, 0x7D7C, 0x7D7C, 0x7D7C, 0x7D7C, 0x7D7C, 0x7D7C, 0x7D7C, 0x7D5C, 0x7D5D, 0x7D5D, 0x7D5D, 0x857D, 0x855D, 0x855C, 0x7D5C,   // 0x05E0 (1504) pixels
0x753D, 0x755D, 0x755C, 0x753C, 0x859C, 0x8DFD, 0x961D, 0x8DDC, 0x8DDD, 0x8DBC, 0x8D9C, 0x857B, 0x8D7C, 0x8DBC, 0x95DD, 0x95DD,   // 0x05F0 (1520) pixels
0x9DDC, 0xA5FD, 0xA61D, 0xA61D, 0x9DFC, 0x9DFC, 0x9DFC, 0x9DFC, 0x9E1D, 0x9E1D, 0x95FD, 0x95BD, 0x95BD, 0x8D7C, 0x8D7C, 0x9DDD,   // 0x0600 (1536) pixels
0xB5DA, 0xA5DB, 0x959C, 0x855C, 0x853B, 0x7D1B, 0x751C, 0x755E, 0x7D3D, 0x8D7D, 0xA5FD, 0xC69D, 0xD6DB, 0xE6F9, 0xF738, 0xFF78,   // 0x0610 (1552) pixels
0xFF77, 0xFF9B, 0xD6FC, 0xA61C, 0x95FD, 0xAE5E, 0xBE9D, 0xCE9B, 0x753C, 0x753C, 0x7D5C, 0x7D5C, 0x7D5C, 0x7D5C, 0x7D5C, 0x7D5C,   // 0x0620 (1568) pixels
0x7D3C, 0x7D3C, 0x7D3C, 0x7D3C, 0x7D3C, 0x7D3C, 0x7D3C, 0x7D3C, 0x7D3C, 0x7D3C, 0x7D3C, 0x7D3C, 0x7D3C, 0x7D5C, 0x7D5C, 0x7D5C,   // 0x0630 (1584) pixels
0x7D5C, 0x7D5C, 0x7D5C, 0x7D5C, 0x7D5C, 0x7D5C, 0x7D3C, 0x753C, 0x7D5C, 0x7D5C, 0x7D5C, 0x7D5C, 0x7D5C, 0x7D3C, 0x7D3C, 0x7D5C,   // 0x0640 (1600) pixels
0x7D5C, 0x7D5C, 0x7D5C, 0x7D5C, 0x7D5C, 0x7D5C, 0x7D5C, 0x7D5C, 0x7D5C, 0x7D5C, 0x7D5C, 0x7D5C, 0x7D5C, 0x7D5C, 0x7D5C, 0x7D5C,   // 0x0650 (1616) pixels
0x7D5C, 0x7D5C, 0x7D5C, 0x7D5C, 0x7D5C, 0x7D3C, 0x7D3C, 0x7D3C, 0x7D7C, 0x7D7C, 0x7D7C, 0x7D5C, 0x7D5B, 0x7D7B, 0x7D7B, 0x7D7B,   // 0x0660 (1632) pixels
0x857C, 0x7D5C, 0x7D3B, 0x753B, 0x7D3C, 0x855C, 0x855C, 0x855C, 0x8D9C, 0x8D9C, 0x8D9C, 0x8D9C, 0x8DBD, 0x8DBD, 0x8DBD, 0x8DBD,   // 0x0670 (1648) pixels
0x855C, 0x855C, 0x7D5C, 0x7D3C, 0x7D3C, 0x7D3C, 0x7D1B, 0x7D1B, 0x8D5B, 0x859D, 0x757D, 0x6D5D, 0x753C, 0x753B, 0x753B, 0x6D5C,   // 0x0680 (1664) pixels
0x857C, 0x95FD, 0xAE5D, 0xBE7C, 0xC69B, 0xD6DA, 0xE73A, 0xF79A, 0xFF78, 0xF73A, 0xCE9B, 0xAE3C, 0xAE5D, 0xB69D, 0xBE7B, 0xC67A,   // 0x0690 (1680) pixels
0x753C, 0x753C, 0x7D5C, 0x7D5C, 0x7D5C, 0x7D5C, 0x7D5C, 0x7D5C, 0x7D5D, 0x7D5D, 0x7D5D, 0x7D5D, 0x7D5C, 0x7D5C, 0x7D3C, 0x7D3C,   // 0x06A0 (1696) pixels
0x7D3C, 0x7D5C, 0x7D5C, 0x7D5C, 0x7D5C, 0x7D5C, 0x7D5C, 0x7D5C, 0x7D5D, 0x7D5D, 0x7D5D, 0x7D5D, 0x7D5D, 0x7D5D, 0x7D5D, 0x7D5C,   // 0x06B0 (1712) pixels
0x7D5D, 0x7D5D, 0x7D5C, 0x7D5C, 0x7D5C, 0x7D5C, 0x7D3C, 0x7D3C, 0x7D5C, 0x7D5C, 0x7D5C, 0x7D5C, 0x7D5C, 0x7D5C, 0x7D5C, 0x7D5C,   // 0x06C0 (1728) pixels
0x7D5C, 0x7D5C, 0x7D5C, 0x7D5C, 0x7D5C, 0x7D5C, 0x7D5C, 0x7D5C, 0x7D5C, 0x7D5C, 0x7D5C, 0x7D5C, 0x7D5D, 0x7D5D, 0x7D5D, 0x7D5D,   // 0x06D0 (1744) pixels
0x7D5C, 0x7D5C, 0x7D5C, 0x7D5C, 0x755C, 0x753B, 0x753C, 0x753C, 0x753D, 0x753D, 0x753D, 0x753D, 0x753D, 0x7D3D, 0x751C, 0x751C,   // 0x06E0 (1760) pixels
0x7D3C, 0x7D3C, 0x7D1C, 0x7D3C, 0x7D3C, 0x7D3C, 0x7D3C, 0x7D1C, 0x7D3C, 0x751C, 0x751C, 0x7D3C, 0x7D3C, 0x7D3C, 0x7D3C, 0x751B,   // 0x06F0 (1776) pixels
0x751B, 0x6D3C, 0x653D, 0x6D3C, 0x7D5B, 0x857A, 0x857A, 0x859B, 0xB65C, 0xBE9C, 0xC67B, 0xC659, 0xC67A, 0xCE99, 0xDED9, 0xF75A,   // 0x0700 (1792) pixels
0xF739, 0xDEB9, 0xC63A, 0xB61B, 0xBE7C, 0xC69C, 0xC69B, 0xC69A, 0x753C, 0x753C, 0x7D5C, 0x7D5D, 0x7D5D, 0x7D5D, 0x7D5C, 0x7D5C,   // 0x0710 (1808) pixels
0x7D5D, 0x7D5D, 0x7D5D, 0x7D5D, 0x7D5D, 0x7D5D, 0x7D5D, 0x7D5D, 0x7D5C, 0x7D5C, 0x7D7D, 0x7D7D, 0x7D7D, 0x7D5C, 0x7D5C, 0x7D5C,   // 0x0720 (1824) pixels
0x7D3D, 0x7D3D, 0x7D3D, 0x7D5D, 0x7D5D, 0x7D5D, 0x7D5D, 0x7D5D, 0x7D5D, 0x7D5D, 0x7D5C, 0x7D5C, 0x7D5C, 0x7D5D, 0x7D5D, 0x7D5C,   // 0x0730 (1840) pixels
0x7D5D, 0x7D5D, 0x7D5D, 0x7D5D, 0x7D5D, 0x7D5D, 0x7D5D, 0x7D5D, 0x7D5D, 0x7D5D, 0x7D5D, 0x7D5D, 0x7D5D, 0x7D5D, 0x7D5C, 0x7D5C,   // 0x0740 (1856) pixels
0x7D3C, 0x7D3C, 0x7D5C, 0x7D5C, 0x7D5D, 0x7D5D, 0x855D, 0x855D, 0x7D5C, 0x7D5C, 0x7D3C, 0x7D5D, 0x7D5D, 0x7D5E, 0x7D3E, 0x753E,   // 0x0750 (1872) pixels
0x755E, 0x7D5E, 0x7D5E, 0x755E, 0x753D, 0x753D, 0x753D, 0x7D5E, 0x753D, 0x7D3D, 0x7D3D, 0x7D3D, 0x7D3D, 0x7D1D, 0x7D1C, 0x7D1C,   // 0x0760 (1888) pixels
0x855E, 0x7D1C, 0x7D3C, 0x7D7C, 0x7D3B, 0x7D3B, 0x7D5C, 0x7D5C, 0x853C, 0x7D5C, 0x7D5D, 0x8D9C, 0xA5DB, 0xBE3B, 0xCE9C, 0xCEBD,   // 0x0770 (1904) pixels
0xC69B, 0xCE9A, 0xCE79, 0xD69A, 0xDEFB, 0xD6DB, 0xD6BA, 0xEF3B, 0xEF3A, 0xDEDB, 0xCE9C, 0xCE9D, 0xCEBC, 0xCEBB, 0xC69A, 0xC67A,   // 0x0780 (1920) pixels
0x753B, 0x74FC, 0x7D1E, 0x853E, 0x7D3C, 0x7D7C, 0x7D7E, 0x753F, 0x7D5E, 0x753D, 0x753C, 0x7D3C, 0x855C, 0x855C, 0x7D3C, 0x7D5C,   // 0x0790 (1936) pixels
0x7D5E, 0x7D5E, 0x7D5E, 0x7D5D, 0x755D, 0x755D, 0x757C, 0x757C, 0x7D5D, 0x7D5D, 0x7D5D, 0x7D5D, 0x7D5D, 0x7D5D, 0x7D5D, 0x7D7D,   // 0x07A0 (1952) pixels
0x7D7D, 0x755C, 0x753D, 0x755D, 0x7D5D, 0x7D5D, 0x7D5D, 0x855D, 0x855D, 0x853D, 0x853C, 0x855D, 0x7D5C, 0x7D5C, 0x7D5C, 0x7D7C,   // 0x07B0 (1968) pixels
0x8D3D, 0x7D1C, 0x7D5C, 0x7D7C, 0x757C, 0x757C, 0x7D9D, 0x755C, 0x855D, 0x7D1C, 0x7D1C, 0x7D3C, 0x7D5D, 0x7D5D, 0x7D5D, 0x7D5E,   // 0x07C0 (1984) pixels
0x757C, 0x7D7C, 0x7D5C, 0x7D5D, 0x855D, 0x7D3C, 0x7D1C, 0x857D, 0x7D7E, 0x7D3C, 0x853C, 0x855C, 0x7D7C, 0x757D, 0x7D7E, 0x7D3D,   // 0x07D0 (2000) pixels
0x7D5D, 0x7D5D, 0x7D5D, 0x753D, 0x753D, 0x7D5D, 0x7D5D, 0x7D3D, 0x855C, 0x7D3D, 0x7D5E, 0x755D, 0x7D5C, 0x855B, 0x9D9C, 0xADDE,   // 0x07E0 (2016) pixels
0xA5FC, 0x9DBB, 0xA61C, 0xA61C, 0xAE1C, 0xBE9E, 0xBEBE, 0xBE7D, 0xAE1A, 0xB65B, 0xB69C, 0xB6BC, 0xBEBC, 0xBE9C, 0xC69B, 0xC67B,   // 0x07F0 (2032) pixels
0xD69D, 0xD69C, 0xCE7B, 0xCE9A, 0xD6DB, 0xD6DA, 0xCEB9, 0xCED9, 0xA63B, 0x959B, 0x853C, 0x7D3D, 0x7D5C, 0x7D7C, 0x7D7C, 0x7D5D,   // 0x0800 (2048) pixels
0x7D5D, 0x753C, 0x7D3C, 0x7D3C, 0x7D3B, 0x7D3B, 0x7D5C, 0x7D5C, 0x7D5C, 0x7D5C, 0x7D5D, 0x857D, 0x7D5D, 0x7D5D, 0x7D7D, 0x7D7D,   // 0x0810 (2064) pixels
0x7D5D, 0x7D3D, 0x7D3D, 0x7D3D, 0x7D3D, 0x7D5D, 0x7D5D, 0x7D5D, 0x7D5C, 0x7D5C, 0x7D5C, 0x7D7D, 0x7D7D, 0x7D5C, 0x7D3C, 0x7D5C,   // 0x0820 (2080) pixels
0x7D3D, 0x855D, 0x855D, 0x857D, 0x7D5D, 0x7D5C, 0x7D5C, 0x7D5D, 0x857E, 0x7D5D, 0x7D9D, 0x7D9D, 0x755D, 0x753D, 0x7D5D, 0x7D3D,   // 0x0830 (2096) pixels
0x7D7D, 0x7D5D, 0x7D5D, 0x7D5C, 0x7D5C, 0x7D5C, 0x7D5C, 0x7D5D, 0x7D7C, 0x7D7D, 0x7D5C, 0x7D5D, 0x857D, 0x7D5D, 0x7D3D, 0x857D,   // 0x0840 (2112) pixels
0x7D7D, 0x7D5C, 0x855C, 0x855C, 0x753C, 0x753C, 0x7D7D, 0x855D, 0x7D5C, 0x7D5C, 0x7D7D, 0x7D7C, 0x7D7C, 0x7D7D, 0x7D7D, 0x7D5C,   // 0x0850 (2128) pixels
0x7D5B, 0x7D5D, 0x7D5D, 0x755D, 0x755B, 0x857B, 0x95DD, 0xA61F, 0xA63E, 0x9DFC, 0xA61C, 0xA61B, 0x9DDA, 0xA5DA, 0xA5DB, 0xA5DA,   // 0x0860 (2144) pixels
0xA5DC, 0xA5DC, 0xA5FB, 0xAE1B, 0xA5FB, 0xADFB, 0xADFC, 0xADFC, 0xADD9, 0xB61A, 0xB5F9, 0xB619, 0xBE7B, 0xC6BC, 0xC69B, 0xBE7B,   // 0x0870 (2160) pixels
0xEFBB, 0xC6BB, 0x95BB, 0x7D5C, 0x755C, 0x757C, 0x755B, 0x7D7C, 0x7D5C, 0x7D5C, 0x7D5C, 0x755C, 0x755C, 0x755C, 0x7D7C, 0x7D7C,   // 0x0880 (2176) pixels
0x7D5C, 0x855C, 0x857C, 0x855C, 0x855C, 0x853C, 0x853D, 0x853D, 0x7D5C, 0x7D5C, 0x7D5C, 0x7D5C, 0x7D5C, 0x7D5C, 0x7D5C, 0x7D5D,   // 0x0890 (2192) pixels
0x855C, 0x855C, 0x855C, 0x855C, 0x7D5C, 0x7D5C, 0x7D7D, 0x7D7D, 0x7D5D, 0x7D5D, 0x7D5D, 0x7D5D, 0x755D, 0x755D, 0x7D5D, 0x7D7D,   // 0x08A0 (2208) pixels
0x757E, 0x755D, 0x757D, 0x755D, 0x753D, 0x7D3E, 0x855D, 0x855C, 0x7D7C, 0x7D7D, 0x7D7D, 0x7D5D, 0x7D5C, 0x7D5B, 0x7D5C, 0x7D5C,   // 0x08B0 (2224) pixels
0x7D5C, 0x7D5C, 0x753C, 0x755C, 0x7D5C, 0x753D, 0x753D, 0x755D, 0x755D, 0x7D3C, 0x853D, 0x7D5D, 0x7D7E, 0x7D7E, 0x857D, 0x855C,   // 0x08C0 (2240) pixels
0x7D7D, 0x7D7C, 0x7D7C, 0x7D5B, 0x7D5B, 0x755B, 0x7D5C, 0x7D7C, 0x7D7C, 0x7D7D, 0x755D, 0x757D, 0x757C, 0x7D7C, 0x7D5C, 0x7D3D,   // 0x08D0 (2256) pixels
0x7D3C, 0x7D1B, 0x853A, 0x95BA, 0xA61B, 0xAE1B, 0xBE7C, 0xBE9D, 0xB63E, 0xBE3D, 0xC67C, 0xCE9B, 0xCE7B, 0xBE5B, 0xB63D, 0xB63E,   // 0x08E0 (2272) pixels
0xAE5B, 0xB69C, 0xB67C, 0xAE3B, 0xB63C, 0xBE9E, 0xBE7D, 0xB61C, 0xFFF9, 0xEF9A, 0xB67B, 0x857C, 0x755D, 0x757D, 0x755C, 0x7D5B,   // 0x08F0 (2288) pixels
0x7D5C, 0x7D5C, 0x7D5D, 0x7D5D, 0x757D, 0x757D, 0x7D7D, 0x7D7D, 0x855E, 0x855D, 0x7D7D, 0x7D5C, 0x7D5C, 0x7D3C, 0x7D3C, 0x853C,   // 0x0900 (2304) pixels
0x7D5C, 0x7D5C, 0x7D5C, 0x7D5C, 0x7D5C, 0x7D5C, 0x7D5D, 0x7D5D, 0x7D3C, 0x7D3C, 0x7D5C, 0x7D5C, 0x7D5C, 0x7D5D, 0x757D, 0x755D,   // 0x0910 (2320) pixels
0x7D7D, 0x7D7D, 0x7D7D, 0x7D7D, 0x7D7D, 0x7D7D, 0x7D5D, 0x753D, 0x751C, 0x7D5D, 0x7D7C, 0x753C, 0x7D5E, 0x7D7E, 0x7D7D, 0x7D5B,   // 0x0920 (2336) pixels
0x757D, 0x757D, 0x755E, 0x755E, 0x7D7D, 0x7D7C, 0x7D7C, 0x7D3C, 0x7D5D, 0x7D7D, 0x7D7C, 0x7D7C, 0x7D7D, 0x7D5D, 0x755D, 0x753D,   // 0x0930 (2352) pixels
0x757D, 0x755C, 0x7D3C, 0x755D, 0x757F, 0x7D9F, 0x7D7D, 0x7D3B, 0x7D7D, 0x7D5C, 0x7D5C, 0x7D5C, 0x7D7C, 0x7D5C, 0x755C, 0x757C,   // 0x0940 (2368) pixels
0x755C, 0x7D7D, 0x7D7E, 0x7D7D, 0x755C, 0x755C, 0x753D, 0x753F, 0x753D, 0x7D5C, 0x7D5B, 0x9DFC, 0xAE5C, 0xB65B, 0xBE7C, 0xBE7C,   // 0x0950 (2384) pixels
0xC67C, 0xD69B, 0xEEFA, 0xFF7A, 0xFF59, 0xE6FA, 0xCEBB, 0xC69C, 0xBEBD, 0xBEBD, 0xB67C, 0xAE1B, 0xAE3C, 0xBE7D, 0xC67D, 0xC63C,   // 0x0960 (2400) pixels
0xFF35, 0xFF9A, 0xD6FC, 0x959C, 0x753D, 0x755F, 0x7D7E, 0x7D3C, 0x7D3C, 0x7D3D, 0x7D5D, 0x755E, 0x757E, 0x757E, 0x755D, 0x753C,   // 0x0970 (2416) pixels
0x7D3E, 0x7D3E, 0x755E, 0x755D, 0x757D, 0x757C, 0x7D7C, 0x7D5C, 0x7D5C, 0x7D5C, 0x7D5C, 0x7D5C, 0x7D5C, 0x7D5C, 0x7D5C, 0x7D5C,   // 0x0980 (2432) pixels
0x7D9E, 0x7D7E, 0x755D, 0x753C, 0x755C, 0x7D7D, 0x759E, 0x759E, 0x7D9D, 0x7D7C, 0x755C, 0x7D3C, 0x7D3B, 0x7D3B, 0x7D3C, 0x855C,   // 0x0990 (2448) pixels
0xA5BB, 0xAE3C, 0xA61B, 0x8D5A, 0x7D1C, 0x7D5E, 0x7D7E, 0x757D, 0x755C, 0x755E, 0x753F, 0x7D5F, 0x7D7E, 0x7D7D, 0x7D5D, 0x7D5D,   // 0x09A0 (2464) pixels
0x855C, 0x7D5C, 0x7D7D, 0x7D7C, 0x757C, 0x7D5C, 0x7D5C, 0x7D1C, 0x755C, 0x7D7C, 0x857B, 0x753B, 0x6D3C, 0x6D5E, 0x757E, 0x857D,   // 0x09B0 (2480) pixels
0x855E, 0x855D, 0x7D3D, 0x7D5D, 0x7D5D, 0x7D7D, 0x7D7D, 0x7D7D, 0x755D, 0x7D5D, 0x7D3D, 0x7D1B, 0x853A, 0x857B, 0x855D, 0x7D3E,   // 0x09C0 (2496) pixels
0x751C, 0x857D, 0x8D9C, 0x9E1C, 0xAE5C, 0xB65B, 0xBE7B, 0xBE7B, 0xC65A, 0xCE79, 0xEEF8, 0xFF78, 0xFF58, 0xEF38, 0xDEFA, 0xCEDA,   // 0x09D0 (2512) pixels
0xBE5C, 0xB63B, 0xB61B, 0xB61B, 0xBE3B, 0xC67B, 0xD6BB, 0xD6BB, 0xFF16, 0xFFBA, 0xE73B, 0x9DBA, 0x74FB, 0x753E, 0x7D7E, 0x7D5D,   // 0x09E0 (2528) pixels
0x855D, 0x7D5D, 0x755D, 0x755E, 0x755D, 0x753C, 0x7D3C, 0x853B, 0x853C, 0x853C, 0x7D3C, 0x755D, 0x757D, 0x757D, 0x757C, 0x755B,   // 0x09F0 (2544) pixels
0x7D5C, 0x7D5C, 0x7D5C, 0x7D5C, 0x7D5C, 0x7D5C, 0x7D5C, 0x7D3C, 0x6D5E, 0x6D3D, 0x751C, 0x7D3B, 0x855C, 0x7D5C, 0x755C, 0x755C,   // 0x0A00 (2560) pixels
0x7D3B, 0x753B, 0x7D3B, 0x857C, 0x8D7B, 0x8D7B, 0x959B, 0xA61D, 0xE71B, 0xF7DD, 0xE77B, 0xBE59, 0x9D7A, 0x851C, 0x74FC, 0x755D,   // 0x0A10 (2576) pixels
0x7D5B, 0x7D3C, 0x7D1E, 0x7D3F, 0x7D3D, 0x753C, 0x753C, 0x7D5E, 0x7D3C, 0x7D3C, 0x7D5C, 0x755C, 0x753C, 0x7D5B, 0x857B, 0x8D5A,   // 0x0A20 (2592) pixels
0x8DBC, 0xAE5D, 0xBE9C, 0xA61B, 0x8D9B, 0x753B, 0x753C, 0x7D5D, 0x84FB, 0x851C, 0x855D, 0x7D3D, 0x753D, 0x753D, 0x7D3C, 0x7D3C,   // 0x0A30 (2608) pixels
0x7D5D, 0x855C, 0x955C, 0xA5BB, 0xBE5C, 0xBE7C, 0xA5FB, 0x8D3A, 0x7D3B, 0x8D7C, 0x95DC, 0xA61D, 0xAE1C, 0xAE3B, 0xBE7B, 0xBE7B,   // 0x0A40 (2624) pixels
0xC69C, 0xC67B, 0xD6BA, 0xE6FA, 0xDED9, 0xE71A, 0xE73B, 0xDF3B, 0xC63B, 0xBDFA, 0xB61B, 0xBE7C, 0xC69B, 0xCE9A, 0xDEDA, 0xE6FA,   // 0x0A50 (2640) pixels
0xFF58, 0xFF99, 0xEF59, 0xBE59, 0x955B, 0x855D, 0x859E, 0x7DBD, 0x859C, 0x857C, 0x7D9D, 0x7D9D, 0x7D7C, 0x7D5B, 0x959B, 0xA61C,   // 0x0A60 (2656) pixels
0xBE3A, 0xADFA, 0x959B, 0x857C, 0x7D7D, 0x7D7D, 0x7D7D, 0x7D7C, 0x857D, 0x857D, 0x857D, 0x857D, 0x857D, 0x857D, 0x7D7C, 0x7D7C,   // 0x0A70 (2672) pixels
0x755E, 0x7D5D, 0x8D9D, 0xA63E, 0xB67E, 0xAE3D, 0x9DDC, 0x8D9B, 0x857C, 0x855B, 0x8D9C, 0xA63E, 0xB67E, 0xB63C, 0xB63C, 0xBE7C,   // 0x0A80 (2688) pixels
0xDEB9, 0xF79A, 0xFFDA, 0xEF7A, 0xDEFC, 0xBE3C, 0xA5DB, 0xAE3D, 0x9E3B, 0x8D9B, 0x853D, 0x855E, 0x859D, 0x7D9B, 0x7D7B, 0x7D5D,   // 0x0A90 (2704) pixels
0x857C, 0x857D, 0x859E, 0x7D9E, 0x7D7D, 0x95BC, 0xA61C, 0xAE1B, 0xC69D, 0xE73D, 0xFF9C, 0xEF3B, 0xC69B, 0xA5DB, 0x851A, 0x74DA,   // 0x0AA0 (2720) pixels
0x6BF5, 0x84B9, 0x8D9D, 0x8DBE, 0x7D9D, 0x7D7C, 0x855B, 0x855A, 0x853B, 0x9DBC, 0xBE5C, 0xDEFC, 0xF77B, 0xF79B, 0xDF3B, 0xCE9A,   // 0x0AB0 (2736) pixels
0xA61C, 0x95DB, 0xA5FC, 0xA5FD, 0xA5DC, 0xADFB, 0xB63B, 0xBE5B, 0xC69C, 0xBE7C, 0xC67C, 0xC67B, 0xC65A, 0xDEDB, 0xEF5B, 0xEF3A,   // 0x0AC0 (2752) pixels
0xCE5A, 0xBE19, 0xBE3A, 0xC69C, 0xC6BC, 0xC69B, 0xD6BA, 0xDEDA, 0xFF38, 0xF737, 0xF758, 0xE73B, 0xBE7C, 0x9DFE, 0x8DDE, 0x7DDD,   // 0x0AD0 (2768) pixels
0x8DDC, 0x85DC, 0x85FD, 0x85FD, 0x85BB, 0x8D9A, 0xAE3B, 0xCF1E, 0xF7BB, 0xDF1B, 0xB65A, 0x95BC, 0x8D9D, 0x859E, 0x8DBE, 0x8D9E,   // 0x0AE0 (2784) pixels
0x85BE, 0x85BE, 0x8DBE, 0x8DBE, 0x8DBE, 0x85BD, 0x859D, 0x859D, 0x859E, 0x855C, 0x957B, 0xB61C, 0xC69D, 0xC67C, 0xB65C, 0xB65C,   // 0x0AF0 (2800) pixels
0xAE7F, 0x959C, 0x8D5A, 0xA5DC, 0xB65D, 0xBE5C, 0xBE5B, 0xC67B, 0xDE7C, 0xEF1B, 0xF758, 0xFF99, 0xFFBB, 0xE71B, 0xD6FA, 0xE79C,   // 0x0B00 (2816) pixels
0xC75D, 0xA63C, 0x8D7C, 0x95BD, 0x9E3E, 0x963C, 0x85FC, 0x7DBD, 0x859C, 0x859D, 0x859E, 0x859E, 0x859D, 0x9DFD, 0xBE7D, 0xC6BC,   // 0x0B10 (2832) pixels
0xD67B, 0xF6FA, 0xFF57, 0xFF78, 0xFF9B, 0xD71D, 0xADFC, 0x8D3A, 0x6B92, 0x8497, 0x8D9C, 0x859D, 0x7D7C, 0x8DDD, 0xA65D, 0xB69D,   // 0x0B20 (2848) pixels
0x9DFC, 0xB63C, 0xCE9B, 0xE6D8, 0xF737, 0xFFB7, 0xFFB9, 0xF79A, 0xC6FD, 0xA5FA, 0xA5DB, 0xADFD, 0xADFC, 0xB61C, 0xB63B, 0xB65B,   // 0x0B30 (2864) pixels
0xC67B, 0xC67B, 0xC67C, 0xC65C, 0xC63A, 0xDEDA, 0xF75A, 0xF717, 0xE71C, 0xCEBB, 0xC6BC, 0xC6DD, 0xBE9C, 0xBE7B, 0xC69B, 0xCE9B,   // 0x0B40 (2880) pixels
0xFF39, 0xFF39, 0xF718, 0xFF39, 0xFF7B, 0xD6BB, 0x9DDB, 0x85BE, 0x8DDD, 0xA5FC, 0xCEBD, 0xC6BD, 0x9DDB, 0xA61A, 0xDEFA, 0xFF38,   // 0x0B50 (2896) pixels
0xFF16, 0xFF99, 0xE77B, 0x9E1A, 0x7D7C, 0x85DF, 0x85DF, 0x8DBE, 0x861B, 0x85FC, 0x85FE, 0x85DE, 0x85BE, 0x8DFE, 0x8DFD, 0x85BC,   // 0x0B60 (2912) pixels
0x7D9E, 0x7D9D, 0x859C, 0x8D9C, 0x95BC, 0x8DBD, 0x95DD, 0x961F, 0x95DC, 0x95BC, 0x8D9C, 0x8D9B, 0x8D9B, 0x95BC, 0x9DFD, 0x9E1D,   // 0x0B70 (2928) pixels
0xB63B, 0xB63A, 0xC65A, 0xBE5A, 0xBE7C, 0xB65D, 0xADFB, 0xB61C, 0xC69E, 0xBE9E, 0xA63C, 0xB65B, 0xCEDC, 0xCE9C, 0xAE3D, 0x9DFE,   // 0x0B80 (2944) pixels
0x7DDE, 0x759D, 0x7D7C, 0x859C, 0x95DC, 0xAE3C, 0xC69C, 0xC67B, 0xD6DA, 0xE71A, 0xF759, 0xF759, 0xFF99, 0xEF9A, 0xBE7A, 0xA59B,   // 0x0B90 (2960) pixels
0x94F5, 0x9579, 0x8DDD, 0x85BD, 0x8DBB, 0xAE3B, 0xD6DC, 0xDF3C, 0xDE99, 0xDE99, 0xE6D9, 0xE6F8, 0xE737, 0xEF78, 0xEF59, 0xE6D9,   // 0x0BA0 (2976) pixels
0xB63A, 0xB63A, 0xAE3B, 0x9DFB, 0xA61B, 0xAE5C, 0xB67C, 0xBE7C, 0xBEBC, 0xBE9B, 0xC67B, 0xCEBB, 0xD6DB, 0xD69B, 0xD6BB, 0xD6DC,   // 0x0BB0 (2992) pixels
0xE71C, 0xE73C, 0xDF1B, 0xD6DA, 0xCE9A, 0xCEBA, 0xC69A, 0xBE5A, 0xFF38, 0xFF38, 0xF738, 0xFF58, 0xFF9A, 0xDEFB, 0xAE3B, 0x8DDD,   // 0x0BC0 (3008) pixels
0xA61D, 0xBE5B, 0xE73B, 0xEF7C, 0xCEDA, 0xC699, 0xE71A, 0xFF39, 0xFF37, 0xFF78, 0xE75A, 0xAE3A, 0x8D9B, 0x8DDE, 0x8DBE, 0x859D,   // 0x0BD0 (3024) pixels
0x8DDB, 0x8DDC, 0x8DDD, 0x8DDD, 0x8DBD, 0x8DBD, 0x8DBD, 0x859C, 0x7DBE, 0x7D9D, 0x859D, 0x8D9C, 0x8D9C, 0x857C, 0x857C, 0x857C,   // 0x0BE0 (3040) pixels
0x8D9C, 0x8D9C, 0x8D9C, 0x8D9C, 0x8D9C, 0x8D9C, 0x8D9C, 0x8D7C, 0x857C, 0x8D5B, 0x8D7B, 0x8D9C, 0x859D, 0x7D5C, 0x7CFA, 0x8D3A,   // 0x0BF0 (3056) pixels
0xADB9, 0xAE1C, 0x9DDC, 0x9DDC, 0xAE1C, 0xA61C, 0x9E1C, 0x961D, 0x85BE, 0x7D7D, 0x857C, 0x8DBC, 0x9DFC, 0xB65C, 0xC69B, 0xC67A,   // 0x0C00 (3072) pixels
0xDEFA, 0xEF3A, 0xFF7A, 0xFF59, 0xFF78, 0xFF99, 0xDEFA, 0xC63B, 0x94B3, 0xADD9, 0xAE7E, 0x9E1D, 0xA61C, 0xBE7C, 0xD6DC, 0xD6DC,   // 0x0C10 (3088) pixels
0xE6DB, 0xE6FB, 0xE71C, 0xE71A, 0xDEF9, 0xDEF9, 0xD6BA, 0xCE3A, 0xADFB, 0xADFB, 0xA5FB, 0xA5FC, 0xA61D, 0xAE5D, 0xB65D, 0xBE7D,   // 0x0C20 (3104) pixels
0xBE9D, 0xBE5B, 0xBE5B, 0xCEBB, 0xDEFB, 0xD6DA, 0xCE99, 0xCE79, 0xDEBA, 0xDEDA, 0xDEFA, 0xDEDA, 0xDF1B, 0xE73C, 0xDF1C, 0xD6BB,   // 0x0C30 (3120) pixels
0xFF37, 0xFF57, 0xFF57, 0xFF58, 0xFF79, 0xEF5A, 0xC6BB, 0x9E1C, 0xB63C, 0xD69A, 0xF758, 0xFFD8, 0xEF78, 0xDEF8, 0xEEF8, 0xFF39,   // 0x0C40 (3136) pixels
0xFF38, 0xFF79, 0xF79B, 0xC6DB, 0x95BB, 0x8DBD, 0x8DDE, 0x8DFD, 0x95FC, 0x95FD, 0x95BD, 0x8D9C, 0x857C, 0x857C, 0x859D, 0x859E,   // 0x0C50 (3152) pixels
0x85DE, 0x85DE, 0x85DE, 0x8DBD, 0x8DBD, 0x8DBD, 0x85BD, 0x859D, 0x8DBC, 0x8DBC, 0x8DDD, 0x8DDD, 0x8DDD, 0x8DBC, 0x859C, 0x859C,   // 0x0C60 (3168) pixels
0x85BD, 0x7D7C, 0x7D7C, 0x757D, 0x6D7D, 0x757C, 0x8D9B, 0xAE3B, 0xCE58, 0xBE5A, 0x959A, 0x751B, 0x7D3B, 0x855B, 0x7D9B, 0x7D9B,   // 0x0C70 (3184) pixels
0x8D9D, 0x8DBD, 0x8DBD, 0x95FC, 0xAE5C, 0xB69C, 0xBE9B, 0xC69A, 0xDE99, 0xEF19, 0xFF59, 0xFF38, 0xFF37, 0xFF77, 0xFF59, 0xDE79,   // 0x0C80 (3200) pixels
0x83AE, 0xB5B7, 0xCEBC, 0xBE7C, 0xBE7B, 0xCE7B, 0xC67B, 0xC67B, 0xDEDA, 0xDEDC, 0xDEFC, 0xD6DB, 0xC67A, 0xC67A, 0xBE3C, 0xB5DD,   // 0x0C90 (3216) pixels
0xADFC, 0xA5FC, 0xA5FC, 0xA5FD, 0xA61D, 0xA5FD, 0xADFD, 0xAE1D, 0xB61C, 0xB61B, 0xC63B, 0xD69B, 0xDF1B, 0xE73B, 0xDF1A, 0xD6F9,   // 0x0CA0 (3232) pixels
0xD69A, 0xD6BA, 0xDEBA, 0xDEFA, 0xEF3B, 0xF77C, 0xEF3B, 0xE6DA, 0xFF58, 0xFF58, 0xFF58, 0xFF37, 0xFF38, 0xF75A, 0xD71C, 0xAE3B,   // 0x0CB0 (3248) pixels
0xB61C, 0xCE7A, 0xE6D8, 0xFF77, 0xFF98, 0xF738, 0xF6F7, 0xFF18, 0xFF39, 0xFF59, 0xF79B, 0xD6FB, 0xA5D9, 0x95BB, 0x95FC, 0x8DBB,   // 0x0CC0 (3264) pixels
0x8DBC, 0x95DE, 0x95DE, 0x8DBE, 0x8DDD, 0x8DDD, 0x8DDE, 0x8DDF, 0x85DE, 0x85DE, 0x85DE, 0x8DBD, 0x85BD, 0x8DBD, 0x8DDE, 0x8DDE,   // 0x0CD0 (3280) pixels
0x8DBD, 0x8DBD, 0x8DDD, 0x8DDD, 0x8DDD, 0x8DDD, 0x8DDD, 0x8DDD, 0x8DDD, 0x859C, 0x859D, 0x757D, 0x759D, 0x8DFC, 0xB69B, 0xDF3C,   // 0x0CE0 (3296) pixels
0xFFDB, 0xEF7C, 0xBE7B, 0x95DC, 0x8DBD, 0x85BD, 0x85DD, 0x85DD, 0x9DBC, 0xA61D, 0xA61D, 0xAE3C, 0xB67D, 0xBE9C, 0xC69B, 0xCEDB,   // 0x0CF0 (3312) pixels
0xD699, 0xE6FA, 0xFF3A, 0xFF39, 0xFF38, 0xFF77, 0xFF78, 0xD5F5, 0x7AEA, 0xBD54, 0xDEDB, 0xDEFB, 0xDEFB, 0xD6BA, 0xC65A, 0xC67B,   // 0x0D00 (3328) pixels
0xCE9A, 0xCE9B, 0xCE9C, 0xC67B, 0xBE5A, 0xB63B, 0xAE1C, 0xA5DD, 0xA5DB, 0xA5DB, 0xA5FC, 0xAE1C, 0xAE1C, 0xA5FC, 0xADFC, 0xAE1D,   // 0x0D10 (3344) pixels
0xBE5C, 0xC65C, 0xCE9C, 0xD69B, 0xDEDA, 0xE71B, 0xE71B, 0xDF1A, 0xCEBC, 0xD6BB, 0xD6BA, 0xD6DA, 0xDEFB, 0xE71B, 0xDEDA, 0xD699,   // 0x0D20 (3360) pixels
0xFF39, 0xFF39, 0xFF59, 0xFF18, 0xFF18, 0xFF3A, 0xE6FC, 0xBE3A, 0xB61C, 0xC65C, 0xD67A, 0xE6DA, 0xFF7B, 0xFF7A, 0xF738, 0xFF37,   // 0x0D30 (3376) pixels
0xFF39, 0xFF38, 0xF759, 0xE719, 0xCE79, 0xC69B, 0xCEDC, 0xB659, 0x8DBC, 0x8DBD, 0x85BF, 0x8DDF, 0x8DDE, 0x85DC, 0x85BD, 0x8D9D,   // 0x0D40 (3392) pixels
0x8DDD, 0x85BD, 0x8DDE, 0x8DDE, 0x859D, 0x85BD, 0x8DDD, 0x8DBD, 0x8DDD, 0x8DDD, 0x8DDD, 0x8DDD, 0x8DDD, 0x8DDD, 0x8DDD, 0x8DFE,   // 0x0D50 (3408) pixels
0x8D9C, 0x95BD, 0x9DFE, 0x8DBD, 0x859D, 0x9E1C, 0xBE7B, 0xDEDA, 0xFF38, 0xFF5A, 0xE73A, 0xCEFC, 0xAE7C, 0x8DBC, 0x8D9D, 0x95BE,   // 0x0D60 (3424) pixels
0xADFB, 0xB67D, 0xBE9D, 0xB65C, 0xB65C, 0xBE5B, 0xC67B, 0xCEBB, 0xD6DB, 0xDEFB, 0xEF3B, 0xF73B, 0xFF59, 0xFF78, 0xFF59, 0xB512,   // 0x0D70 (3440) pixels
0x7A49, 0xC4F3, 0xF6FA, 0xF73A, 0xF73A, 0xE719, 0xD6BA, 0xCEDC, 0xCE9A, 0xC69B, 0xC67B, 0xBE7B, 0xBE9B, 0xBE9B, 0xAE3B, 0xA5DC,   // 0x0D80 (3456) pixels
0xAE1A, 0xB63B, 0xBE5B, 0xBE7C, 0xB65B, 0xB61B, 0xB63C, 0xBE7D, 0xCE9C, 0xCEBD, 0xCEBC, 0xCE7A, 0xCE7A, 0xD6BA, 0xD6BA, 0xCEBA,   // 0x0D90 (3472) pixels
0xC6BD, 0xC6BC, 0xC6BB, 0xC69B, 0xCE9A, 0xCEBB, 0xCE9B, 0xC65A, 0xFF39, 0xFF3A, 0xFF5A, 0xFF39, 0xFF18, 0xFF39, 0xEEFA, 0xCE5A,   // 0x0DA0 (3488) pixels
0xC6BC, 0xCEBC, 0xC65B, 0xCE5A, 0xE6FC, 0xF75B, 0xEF39, 0xF758, 0xFF39, 0xFF18, 0xFF58, 0xFF59, 0xEEF9, 0xF75B, 0xFFBC, 0xEF59,   // 0x0DB0 (3504) pixels
0xA63C, 0x8DBC, 0x7D7E, 0x7D9E, 0x85BC, 0x95FB, 0xA61B, 0xADFB, 0x8DBC, 0x859B, 0x8DBD, 0x8DFE, 0x8DBD, 0x8DBD, 0x95DD, 0x8DBD,   // 0x0DC0 (3520) pixels
0x8DDD, 0x8DDD, 0x8DDD, 0x8DFD, 0x8DFD, 0x8DDD, 0x8DDD, 0x8DBD, 0x8DDC, 0xA63D, 0xB69E, 0xAE3D, 0x9DFC, 0xAE5C, 0xBE7B, 0xCE9A,   // 0x0DD0 (3536) pixels
0xEED8, 0xFF59, 0xFFBA, 0xF7DC, 0xCEFC, 0x9DDB, 0x959C, 0x9DBD, 0xB63B, 0xBE9C, 0xC69D, 0xBE7C, 0xBE5B, 0xC65A, 0xCE7A, 0xD69A,   // 0x0DE0 (3552) pixels
0xD6DB, 0xD6BA, 0xDEDA, 0xE6FA, 0xF739, 0xFF99, 0xF75A, 0x9430, 0x71C7, 0xBCB3, 0xF6FA, 0xFF7A, 0xF759, 0xF759, 0xE73B, 0xCEFB,   // 0x0DF0 (3568) pixels
0xC69B, 0xC69B, 0xC67C, 0xC6BC, 0xCF1C, 0xCF1C, 0xC69B, 0xB65B, 0xC6BB, 0xC6DC, 0xCEFC, 0xD6DB, 0xCEBB, 0xC67B, 0xC69B, 0xC6BC,   // 0x0E00 (3584) pixels
0xC6BB, 0xCEBB, 0xCEBB, 0xCE9A, 0xCE9B, 0xCEBC, 0xCE9C, 0xC67B, 0xBE7C, 0xBE7C, 0xBE9B, 0xBE7B, 0xBE7B, 0xC69B, 0xC69C, 0xC69C,   // 0x0E10 (3600) pixels
0xFF39, 0xFF39, 0xFF59, 0xFF58, 0xFF37, 0xFF38, 0xF719, 0xE6DA, 0xEF3A, 0xE71A, 0xD69A, 0xCE79, 0xD6BA, 0xDEDA, 0xDEF9, 0xE73A,   // 0x0E20 (3616) pixels
0xF71A, 0xF719, 0xEF18, 0xEF39, 0xE6D8, 0xE6D8, 0xFF79, 0xFF57, 0xC6FC, 0x9DFB, 0x8D7D, 0x85BD, 0x961C, 0xBEBB, 0xE73C, 0xEF1B,   // 0x0E30 (3632) pixels
0x9DFC, 0x8D7A, 0x857B, 0x8DDD, 0x8DDD, 0x8DBD, 0x95DD, 0x95BC, 0x8DDD, 0x8DDD, 0x8DDD, 0x8DDD, 0x8DDD, 0x8DBC, 0x8DBC, 0x8DBC,   // 0x0E40 (3648) pixels
0x961C, 0xAE5C, 0xCEDC, 0xC69A, 0xB639, 0xB67B, 0xBE9B, 0xC69B, 0xDF1B, 0xF75B, 0xFF7A, 0xF75B, 0xD6BB, 0xAE1A, 0xA5FB, 0xA5FB,   // 0x0E50 (3664) pixels
0xB61B, 0xBE5C, 0xBE7C, 0xC67B, 0xC67B, 0xD6BB, 0xE6DA, 0xE6D9, 0xDEDA, 0xDE98, 0xDEB8, 0xEEF9, 0xF739, 0xF779, 0xEF19, 0x732E,   // 0x0E60 (3680) pixels
0x69A7, 0xB451, 0xF6FA, 0xFFBB, 0xF758, 0xEF59, 0xE75B, 0xCEBB, 0xBE9B, 0xBE7C, 0xBE5C, 0xC67C, 0xD6FC, 0xDF1C, 0xD6DB, 0xCEBB,   // 0x0E70 (3696) pixels
0xC6BB, 0xCEDB, 0xD6DB, 0xDEDB, 0xDEDB, 0xD6DC, 0xD6DC, 0xCEDC, 0xBE7B, 0xC69B, 0xCEBB, 0xCEBB, 0xCEBB, 0xCE9C, 0xC67C, 0xBE5C,   // 0x0E80 (3712) pixels
0xC67B, 0xC67B, 0xC67B, 0xC67B, 0xC67B, 0xC69B, 0xC69C, 0xC69C, 0xFF78, 0xFF58, 0xF738, 0xFF37, 0xFF56, 0xFF37, 0xFF38, 0xF75A,   // 0x0E90 (3728) pixels
0xFF77, 0xFF58, 0xEF39, 0xE73A, 0xE71A, 0xD6B9, 0xCE99, 0xD6DB, 0xDEDC, 0xCE9A, 0xCE98, 0xD6FA, 0xD6BA, 0xD6B9, 0xEF59, 0xF757,   // 0x0EA0 (3744) pixels
0xDF5B, 0xB61A, 0x95BC, 0x95FD, 0xA65B, 0xD6FA, 0xFF59, 0xFEF7, 0xC6FF, 0xA61C, 0x95BC, 0x95FD, 0x95FE, 0x95FD, 0x9E1D, 0x9DFC,   // 0x0EB0 (3760) pixels
0x9E1D, 0x9E1D, 0x961D, 0x95FD, 0x95FD, 0x95FD, 0x95FD, 0x961D, 0x9E1D, 0xB65C, 0xD6DB, 0xDEBA, 0xC639, 0xBE3B, 0xBE5C, 0xC65C,   // 0x0EC0 (3776) pixels
0xC6FC, 0xDF1B, 0xEED9, 0xE6B9, 0xCE5A, 0xAE3A, 0xB69B, 0xB6BB, 0xB61C, 0xB61B, 0xBE5C, 0xC67B, 0xD6BB, 0xEF3C, 0xF77B, 0xF719,   // 0x0ED0 (3792) pixels
0xF73B, 0xEEF9, 0xF719, 0xF739, 0xFF79, 0xFF58, 0xE6B8, 0x624B, 0x6166, 0x9BAE, 0xE698, 0xFF9B, 0xE717, 0xDED7, 0xDEBA, 0xC63A,   // 0x0EE0 (3808) pixels
0xBE9C, 0xBE5C, 0xB61C, 0xBE1B, 0xCE7B, 0xD6BB, 0xD6BB, 0xDEBC, 0xCEBB, 0xCEBB, 0xD6BB, 0xD69A, 0xDEBB, 0xDEDC, 0xCE9B, 0xBE5B,   // 0x0EF0 (3824) pixels
0xB61A, 0xBE5B, 0xC69B, 0xCE9B, 0xC67B, 0xBE5B, 0xBE5B, 0xBE7C, 0xD67B, 0xCE7A, 0xCE7A, 0xCE7A, 0xCE9B, 0xC67B, 0xBE5B, 0xBE5B,   // 0x0F00 (3840) pixels
0xE6DA, 0xE71A, 0xF75A, 0xF77A, 0xF759, 0xF738, 0xF739, 0xFF5A, 0xFF79, 0xFF38, 0xFF58, 0xFF79, 0xFF39, 0xEED8, 0xE6D9, 0xEF1A,   // 0x0F10 (3856) pixels
0xEF5A, 0xE6FA, 0xD6B9, 0xD69A, 0xD6BB, 0xDEDB, 0xDEDA, 0xDEBA, 0xD6BB, 0xCE9B, 0xB65C, 0xAE5B, 0xBE9B, 0xE71A, 0xFF57, 0xFF54,   // 0x0F20 (3872) pixels
0xFF5A, 0xDF1A, 0xC69B, 0xA67C, 0x963D, 0x963D, 0x963D, 0x9E5D, 0x9E7B, 0x9E5D, 0x9E1D, 0xA61B, 0xBEBA, 0xD73B, 0xCEBC, 0xB5DC,   // 0x0F30 (3888) pixels
0xAE1C, 0xBE5B, 0xD69A, 0xE6D9, 0xEEF9, 0xE6DA, 0xD67A, 0xC61A, 0xC69B, 0xBE9B, 0xBE7C, 0xBE7C, 0xBE7B, 0xC67A, 0xCEB9, 0xD6D9,   // 0x0F40 (3904) pixels
0xD6DA, 0xC63A, 0xC61B, 0xD69C, 0xDEFD, 0xDF1B, 0xDF1B, 0xE71C, 0xF719, 0xFF7A, 0xFF9A, 0xEF59, 0xEF9B, 0xF7BC, 0xBD55, 0x622A,   // 0x0F50 (3920) pixels
0x79A7, 0x8AEB, 0xD636, 0xFFFB, 0xE739, 0xCE98, 0xBE7A, 0xAE7C, 0xC65A, 0xB63A, 0xA5FA, 0xA5FB, 0xA61C, 0xB65C, 0xBE5C, 0xC65B,   // 0x0F60 (3936) pixels
0xC65B, 0xC67B, 0xCE9B, 0xCEBC, 0xCEDC, 0xCEBC, 0xC65B, 0xB5FA, 0x9E1A, 0xA63A, 0xB65B, 0xBE7C, 0xBE5C, 0xB61C, 0xADFD, 0xADFD,   // 0x0F70 (3952) pixels
0xB61B, 0xBE5B, 0xC69C, 0xC69B, 0xC67A, 0xBE5A, 0xBE5B, 0xC67C, 0xD699, 0xD6B9, 0xDED9, 0xE719, 0xEF19, 0xEF18, 0xEEF9, 0xF719,   // 0x0F80 (3968) pixels
0xF738, 0xF738, 0xFF38, 0xFF59, 0xFF59, 0xF739, 0xEF19, 0xE6F9, 0xFF59, 0xF759, 0xEF19, 0xEF1A, 0xEF1A, 0xEF19, 0xEF19, 0xF718,   // 0x0F90 (3984) pixels
0xE6F9, 0xDEDA, 0xCEBB, 0xC67B, 0xCEBB, 0xE73B, 0xFF79, 0xFF78, 0xFF59, 0xF73A, 0xDF1B, 0xC6BB, 0xAE5B, 0xA61A, 0xAE3B, 0xB69C,   // 0x0FA0 (4000) pixels
0xBEFB, 0xB69C, 0xB65D, 0xB69C, 0xCEFB, 0xD71A, 0xD6DB, 0xCE7D, 0xB65D, 0xBE7C, 0xCE9A, 0xDEDA, 0xEF1B, 0xE71C, 0xD6DC, 0xC67C,   // 0x0FB0 (4016) pixels
0xBE7A, 0xBE7B, 0xBE7B, 0xBE5B, 0xBE5B, 0xC67A, 0xD6DA, 0xE71B, 0xE75B, 0xD6BB, 0xCE7B, 0xD69C, 0xD6DB, 0xD6BA, 0xCE99, 0xCE9A,   // 0x0FC0 (4032) pixels
0xEEFA, 0xF73A, 0xF73A, 0xDED8, 0xDF3A, 0xDF1B, 0x9431, 0x59E9, 0x79A7, 0x8ACB, 0xD5B5, 0xFFBC, 0xEF7B, 0xDEDA, 0xCE9B, 0xBE7C,   // 0x0FD0 (4048) pixels
0xBE5C, 0xB63C, 0xA5FC, 0x9DFC, 0xA5FD, 0xAE1C, 0xB61C, 0xB5FB, 0xB61B, 0xB63C, 0xBE5C, 0xBE7C, 0xBE7C, 0xBE7C, 0xB63B, 0xADFB,   // 0x0FE0 (4064) pixels
0xAE5B, 0xAE3B, 0xAE1B, 0xB61B, 0xB61C, 0xADFC, 0xA5DB, 0x9DBB, 0xADFC, 0xB63C, 0xBE7C, 0xBE9C, 0xBE7C, 0xB67C, 0xB65C, 0xB65D,   // 0x0FF0 (4080) pixels
0xD69A, 0xCE99, 0xD699, 0xDED9, 0xDEF9, 0xDEF9, 0xDED9, 0xDED9, 0xE6D8, 0xEEF9, 0xEEF9, 0xF718, 0xF759, 0xFF7A, 0xEF5A, 0xE6F9,   // 0x1000 (4096) pixels
0xF738, 0xF738, 0xF739, 0xEF19, 0xEF19, 0xEF39, 0xFF59, 0xFF98, 0xFF59, 0xF75A, 0xE71A, 0xD6DA, 0xD6BA, 0xDEDB, 0xE6DA, 0xE6B9,   // 0x1010 (4112) pixels
0xFF18, 0xFF59, 0xFF7B, 0xEF3B, 0xD6BA, 0xCE79, 0xCE9A, 0xDF1C, 0xDF3A, 0xCEDB, 0xC67B, 0xBE7A, 0xC699, 0xCE98, 0xD699, 0xD67B,   // 0x1020 (4128) pixels
0xC69C, 0xC69B, 0xC69B, 0xCEDB, 0xDF1C, 0xD73D, 0xCEFD, 0xC69C, 0xBE7A, 0xC69B, 0xC69C, 0xBE7C, 0xBE5B, 0xC67B, 0xD6DC, 0xE71D,   // 0x1030 (4144) pixels
0xDF5B, 0xD6FB, 0xCEBB, 0xCEBB, 0xCEBA, 0xCEBA, 0xC69A, 0xC67A, 0xD6BA, 0xDEBA, 0xDEBA, 0xC678, 0xCEDA, 0xC679, 0x6AED, 0x59CA,   // 0x1040 (4160) pixels
0x81C8, 0x926A, 0xC4D3, 0xEEFB, 0xEF5C, 0xDEDC, 0xC67B, 0xB65B, 0xBE7D, 0xB63D, 0xA61D, 0x9DDD, 0x9DBC, 0x9DBC, 0xA5BC, 0xA5BB,   // 0x1050 (4176) pixels
0xA5FC, 0xA5FC, 0xA5FB, 0xA5FB, 0xA61B, 0xA63C, 0xAE3C, 0xA61C, 0xAE3C, 0xAE1C, 0xADFB, 0xA5DB, 0xA5FB, 0xA63C, 0xA65C, 0xA65C,   // 0x1060 (4192) pixels
0x9E1D, 0x9E1C, 0x9E3C, 0x9E3B, 0x95FA, 0x8DBA, 0x8D99, 0x8579, 0xCE9B, 0xCE9B, 0xCE9A, 0xCEBB, 0xD6DB, 0xD6DB, 0xD6DB, 0xD6DB,   // 0x1070 (4208) pixels
0xDEBA, 0xDEDA, 0xDED9, 0xE6B8, 0xE6F9, 0xEF5A, 0xE73A, 0xDEF9, 0xE6FA, 0xDEFA, 0xDEDA, 0xD6BA, 0xD6B9, 0xDEF9, 0xE739, 0xEF79,   // 0x1080 (4224) pixels
0xF759, 0xF75A, 0xEF5B, 0xE6FA, 0xDEDA, 0xDEBB, 0xD69A, 0xD679, 0xEEB8, 0xF719, 0xFF7B, 0xFF7B, 0xEF1B, 0xE6DA, 0xE6FA, 0xEF3C,   // 0x1090 (4240) pixels
0xF75A, 0xEF3B, 0xDEDB, 0xCE9A, 0xC699, 0xCE98, 0xDEBA, 0xE6DC, 0xCEBB, 0xCE9B, 0xC67A, 0xC69B, 0xC6BB, 0xC6BC, 0xC69C, 0xBE7B,   // 0x10A0 (4256) pixels
0xBE7A, 0xBE7B, 0xBE7C, 0xBE7C, 0xBE5C, 0xBE3B, 0xC65B, 0xCE7C, 0xCEFA, 0xC6BB, 0xC69B, 0xC67B, 0xC69B, 0xC6BB, 0xC6BC, 0xC69C,   // 0x10B0 (4272) pixels
0xC67B, 0xCE7B, 0xCE9B, 0xBE7A, 0xC6DC, 0xB5F9, 0x520B, 0x6A2C, 0x79E8, 0x924A, 0xB3F0, 0xCE18, 0xD6FD, 0xCE9D, 0xC67C, 0xB67C,   // 0x10C0 (4288) pixels
0xB63D, 0xAE1D, 0x9DDC, 0x95BC, 0x959B, 0x95BB, 0x9DDB, 0xA5DB, 0x9DDC, 0xA5DB, 0x9DDB, 0x9DBA, 0x9DDA, 0x9DFB, 0x9DFC, 0x9DDC,   // 0x10D0 (4304) pixels
0xA5DB, 0xAE1C, 0xAE3D, 0xA61C, 0x9DFC, 0x9E1B, 0x961A, 0x8DF9, 0x7579, 0x7559, 0x6D58, 0x6D38, 0x64F6, 0x5CB6, 0x5495, 0x5475,   // 0x10E0 (4320) pixels
0xBE7B, 0xC69C, 0xC69C, 0xBE7B, 0xBE7B, 0xC67B, 0xC69B, 0xC69B, 0xCEDC, 0xD6BB, 0xD6BB, 0xD6BA, 0xDEDA, 0xD6DA, 0xD6DA, 0xCEDA,   // 0x10F0 (4336) pixels
0xDEFC, 0xD6DC, 0xCE9B, 0xC67B, 0xC67A, 0xC69A, 0xD6BA, 0xD6FA, 0xDEBA, 0xDEDA, 0xDEFB, 0xDEDB, 0xDEDB, 0xDEDB, 0xDEFC, 0xDEFC,   // 0x1100 (4352) pixels
0xD69A, 0xD69A, 0xDEDA, 0xDEDA, 0xD6BA, 0xCE79, 0xC659, 0xC67A, 0xEF19, 0xE71A, 0xDEFC, 0xD6DB, 0xCEDA, 0xD6DA, 0xDEFB, 0xE71D,   // 0x1110 (4368) pixels
0xDEDB, 0xD6DB, 0xCEBB, 0xCE9B, 0xC69B, 0xC69B, 0xC69B, 0xC69B, 0xC69C, 0xBE7B, 0xBE7C, 0xB65C, 0xB65C, 0xB63C, 0xB61C, 0xB61B,   // 0x1120 (4384) pixels
0xB65A, 0xB63B, 0xB63C, 0xB61B, 0xB63B, 0xB65B, 0xB65C, 0xB63E, 0xBE7C, 0xBE7C, 0xC69D, 0xBE9D, 0xC6DD, 0xA557, 0x4989, 0x7A4D,   // 0x1130 (4400) pixels
0x7229, 0x926A, 0xA34E, 0xB576, 0xB6BC, 0xAE3C, 0xAE1B, 0xA65A, 0xA5FB, 0xA5FB, 0x9DFB, 0x9DFB, 0x9DFB, 0xA61B, 0xAE5C, 0xB67C,   // 0x1140 (4416) pixels
0xB65D, 0xB65D, 0xAE3C, 0xAE1B, 0xA61B, 0xAE3C, 0xAE5C, 0xA63C, 0xAE3C, 0xA63C, 0x9E1C, 0x8DBB, 0x7D79, 0x7558, 0x6D16, 0x5CF5,   // 0x1150 (4432) pixels
0x4CB5, 0x4CB5, 0x4CB5, 0x4CB5, 0x4CB5, 0x54D5, 0x54F5, 0x54F5, 0xAE1B, 0xB63C, 0xB63C, 0xAE1C, 0xA5FB, 0xA5FB, 0xAE1B, 0xAE3B,   // 0x1160 (4448) pixels
0xBE7C, 0xBE7C, 0xC69C, 0xCEBC, 0xCEBB, 0xC69B, 0xC69B, 0xC6BC, 0xCEBC, 0xCE9C, 0xC67C, 0xBE5C, 0xBE5C, 0xC67B, 0xC67B, 0xCE9B,   // 0x1170 (4464) pixels
0xC67B, 0xC69C, 0xC69B, 0xC67B, 0xBE7A, 0xC69B, 0xCEBB, 0xD6DC, 0xD6FD, 0xCEDD, 0xC6BC, 0xC69C, 0xC69C, 0xBE7B, 0xB65B, 0xB65B,   // 0x1180 (4480) pixels
0xC659, 0xC639, 0xC67A, 0xCE9B, 0xC67B, 0xBE5A, 0xB65A, 0xBE9B, 0xCE9A, 0xCE9B, 0xC69B, 0xC67C, 0xBE5B, 0xBE5B, 0xBE7B, 0xBE9B,   // 0x1190 (4496) pixels
0xBE9D, 0xB65C, 0xAE3B, 0xAE3B, 0xAE3C, 0xAE3C, 0xAE1C, 0xADFB, 0xA5FB, 0xA5FC, 0xA5DC, 0xA5DB, 0xA5FB, 0xA5FB, 0xA5FC, 0xA5DD,   // 0x11A0 (4512) pixels
0xAE1C, 0xAE1C, 0xAE3C, 0xB69D, 0xAE5B, 0x7C33, 0x4148, 0x7A2C, 0x6A29, 0x9A8B, 0xA30C, 0xA535, 0xAEBC, 0xA63D, 0xA61C, 0x9E5A,   // 0x11B0 (4528) pixels
0xAE5C, 0xAE5C, 0xB67C, 0xB69C, 0xB69C, 0xB6BC, 0xB6BC, 0xB6BC, 0xB65D, 0xB65D, 0xB65C, 0xAE5B, 0xAE5B, 0xAE7C, 0xAE7C, 0xA65C,   // 0x11C0 (4544) pixels
0x9E1B, 0x8DBA, 0x7558, 0x64F7, 0x5CD6, 0x5CF6, 0x54D6, 0x54B6, 0x5517, 0x54F6, 0x4CD6, 0x4CB6, 0x4CB6, 0x4CD6, 0x4CF6, 0x54F5,   // 0x11D0 (4560) pixels
0x9DDB, 0xA5FB, 0xA5FC, 0x9DDC, 0x9DDC, 0xA5FC, 0xA63C, 0xA65C, 0xA63C, 0xA61C, 0xAE1C, 0xB63C, 0xB65C, 0xB65C, 0xB65C, 0xB65D,   // 0x11E0 (4576) pixels
0xB65B, 0xB65B, 0xAE3C, 0xAE3C, 0xAE3D, 0xB65D, 0xB65C, 0xBE7C, 0xB65D, 0xB65C, 0xAE5C, 0xA63B, 0xA61B, 0xA61B, 0xAE1B, 0xB63C,   // 0x11F0 (4592) pixels
0xBE7C, 0xB65C, 0xAE3B, 0xAE3C, 0xAE3C, 0xA63B, 0xA63C, 0xA63C, 0xAE3C, 0xAE1B, 0xB63B, 0xBE5C, 0xB63C, 0xAE1B, 0xA61B, 0xA63B,   // 0x1200 (4608) pixels
0xAE1B, 0xAE1B, 0xAE1B, 0xADFC, 0xA5FC, 0xA5FB, 0xA61B, 0xAE3B, 0xAE1C, 0xA61B, 0xA5FB, 0x9E1B, 0x9E1B, 0xA63B, 0xA61B, 0xA61C,   // 0x1210 (4624) pixels
0xA61C, 0xA61D, 0xA5FC, 0xA61C, 0xA63B, 0xA63B, 0xA61C, 0xA5FD, 0xA5FB, 0xA5FC, 0xA5FB, 0xB67D, 0x9DDA, 0x632F, 0x4948, 0x7A0B,   // 0x1220 (4640) pixels
0x6209, 0xA26B, 0xAACB, 0xA513, 0xB6FD, 0xB6BF, 0xBE9E, 0xAEDC, 0xB67E, 0xB69D, 0xBE9D, 0xBE9D, 0xBEBD, 0xBEBC, 0xB69C, 0xB67C,   // 0x1230 (4656) pixels
0xAE5D, 0xAE5D, 0xAE7D, 0xAE7C, 0xA67C, 0x9E5C, 0x961B, 0x85BA, 0x6D17, 0x64F6, 0x54D5, 0x54F6, 0x5516, 0x54F7, 0x4CB7, 0x4C96,   // 0x1240 (4672) pixels
0x4475, 0x4476, 0x4456, 0x3C56, 0x3C56, 0x4476, 0x4496, 0x4CB6, 0xAE7D, 0xAE7E, 0xA63E, 0x9DFD, 0x9DDD, 0x9DFD, 0x9E1C, 0x9DFB,   // 0x1250 (4688) pixels
0x9E3D, 0x9E1C, 0x9DDC, 0x9DDB, 0x9DDB, 0xA5DC, 0xA5DC, 0x9DDD, 0xA63B, 0x9E1B, 0x9E1C, 0x95FC, 0x95DC, 0x95FC, 0x9E1D, 0xA65D,   // 0x1260 (4704) pixels
0xA5FB, 0xA61C, 0x9E3C, 0x9E3C, 0x9E1C, 0x9E1C, 0x9E1D, 0xA61D, 0xB63B, 0xAE3C, 0xAE3C, 0xAE5D, 0xA65D, 0x9E3C, 0x9E5C, 0xA67D,   // 0x1270 (4720) pixels
0x9E5E, 0xA65E, 0xAE3C, 0xAE1C, 0xAE1D, 0xAE5E, 0xA67E, 0x9E7D, 0x9E5D, 0x9E3D, 0xA63E, 0xA63E, 0xA63E, 0xA65E, 0xA65D, 0xA65D,   // 0x1280 (4736) pixels
0xAE1D, 0xAE3D, 0xAE5D, 0xAE7D, 0xAE9D, 0xAE9D, 0xAE9D, 0xAE7D, 0xB69E, 0xAE7E, 0xAE5D, 0xB69D, 0xB69B, 0xAE7B, 0xAE5B, 0xAE5D,   // 0x1290 (4752) pixels
0xB67D, 0xB67D, 0xAE5D, 0xBEDE, 0x9DD9, 0x5ACD, 0x5988, 0x81EB, 0x69EA, 0xAA6B, 0xAA6A, 0x9C71, 0xAE9C, 0xAE5E, 0xB61D, 0xA63A,   // 0x12A0 (4768) pixels
0xAE1D, 0xAE1D, 0xAE1C, 0xAE1C, 0xB63B, 0xB63B, 0xAE3B, 0xAE3B, 0xA63D, 0x95FC, 0x859A, 0x7537, 0x6D17, 0x64F7, 0x5CD6, 0x5496,   // 0x12B0 (4784) pixels
0x5CD6, 0x54D5, 0x54F5, 0x4D15, 0x44F6, 0x3C75, 0x3C35, 0x3C15, 0x3C15, 0x3C16, 0x3BF6, 0x3BF7, 0x3BF6, 0x3C16, 0x4436, 0x4456,   // 0x12C0 (4800) pixels
0x7DFC, 0x7DFC, 0x7DDC, 0x7DBC, 0x7D9C, 0x7D9C, 0x7D9C, 0x7D9D, 0x7DBC, 0x85BC, 0x857C, 0x857D, 0x7D9D, 0x759C, 0x7DBC, 0x7D3B,   // 0x12D0 (4816) pixels
0x8517, 0x95FB, 0x967C, 0x967D, 0x9E3D, 0x9E1D, 0x9E5D, 0x963C, 0x9E3D, 0x9E3C, 0x9E3C, 0x9E3D, 0x9E3D, 0x9E3D, 0x9E1C, 0x961C,   // 0x12E0 (4832) pixels
0x9E3C, 0x9E1C, 0x9E1C, 0x9E3C, 0xA65C, 0xA67C, 0xA67C, 0xA65C, 0xA65D, 0xA65D, 0xA65D, 0xA65C, 0xA65C, 0xA65C, 0xA65C, 0xA67C,   // 0x12F0 (4848) pixels
0xAE7C, 0xA67C, 0xA65C, 0xA65C, 0xA67C, 0xAE7C, 0xAE9C, 0xAE9C, 0xB69C, 0xB69C, 0xB69C, 0xAE7D, 0xAE7D, 0xAE5D, 0xA63D, 0xA63D,   // 0x1300 (4864) pixels
0xA63D, 0xA61D, 0xA63D, 0xAE5D, 0xB67D, 0xB67D, 0xB67D, 0xB65C, 0xB65C, 0xAE9D, 0xA6BD, 0xA71C, 0x8D56, 0x49CA, 0x6169, 0x7A2A,   // 0x1310 (4880) pixels
0x61EA, 0xA28B, 0xB2AA, 0xA3B0, 0x9DFB, 0x96BE, 0x965D, 0xAE1C, 0x9E5C, 0x9E5C, 0x9E5D, 0x9E5D, 0x965E, 0x963D, 0x8DFB, 0x85DA,   // 0x1320 (4896) pixels
0x6DB7, 0x6556, 0x54F5, 0x4CB4, 0x4CB5, 0x54D5, 0x54B6, 0x4CB5, 0x54B7, 0x4C96, 0x4476, 0x4456, 0x3C36, 0x3BF6, 0x33F6, 0x33F6,   // 0x1330 (4912) pixels
0x3BF6, 0x3BF6, 0x3BF6, 0x3BF5, 0x3C16, 0x3C16, 0x3C16, 0x3C15, 0x759A, 0x759A, 0x6D7A, 0x757A, 0x755A, 0x755B, 0x755B, 0x755B,   // 0x1340 (4928) pixels
0x755A, 0x7D7B, 0x7D3B, 0x755B, 0x6D5B, 0x6D7B, 0x757B, 0x74F9, 0x6C34, 0x8559, 0x85DB, 0x85DC, 0x8DDC, 0x8DBC, 0x8DDD, 0x8DFC,   // 0x1350 (4944) pixels
0x95FD, 0x95FD, 0x95FD, 0x961D, 0x963D, 0x9E3D, 0x963D, 0x961D, 0x95FD, 0x95FD, 0x95FD, 0x961D, 0x9E3D, 0x9E5D, 0xA65D, 0xA65D,   // 0x1360 (4960) pixels
0xA65D, 0xA65D, 0xA65D, 0xA65D, 0xA67D, 0xA65D, 0xA67D, 0xA67D, 0xAE7D, 0xAE7D, 0xAE9D, 0xAE9D, 0xAE9D, 0xA67D, 0xA65D, 0xA63C,   // 0x1370 (4976) pixels
0x9E1C, 0x9E1C, 0xA63D, 0x9E1D, 0x9E1D, 0x9E1D, 0x95FD, 0x95FD, 0x8DFD, 0x95FD, 0x95FC, 0x961D, 0x9E3D, 0xA65E, 0xA65E, 0xA65D,   // 0x1380 (4992) pixels
0xA63D, 0xA63E, 0x965D, 0x965B, 0x7453, 0x4169, 0x698A, 0x824B, 0x6A0B, 0xA2AB, 0xBACB, 0xA38F, 0x9558, 0x863C, 0x85FB, 0x95BA,   // 0x1390 (5008) pixels
0x85B9, 0x7DB9, 0x7D9A, 0x7D9A, 0x757A, 0x7559, 0x6D17, 0x64F6, 0x5D16, 0x54F6, 0x54D5, 0x54D6, 0x54D6, 0x54B6, 0x4C96, 0x4C96,   // 0x13A0 (5024) pixels
0x4456, 0x4435, 0x3C35, 0x3C16, 0x3C16, 0x3BF6, 0x3BF6, 0x3C16, 0x3BF6, 0x3BF6, 0x3BF6, 0x3BF6, 0x3BF6, 0x3BF6, 0x3BF6, 0x3BF6,   // 0x13B0 (5040) pixels
0x6538, 0x6538, 0x6538, 0x6538, 0x6D39, 0x6D39, 0x6D39, 0x6D39, 0x6538, 0x6D39, 0x7539, 0x6D5A, 0x655A, 0x6D79, 0x7559, 0x6CB7,   // 0x13C0 (5056) pixels
0x5BB3, 0x74F8, 0x759B, 0x757B, 0x757B, 0x7D5B, 0x7D7C, 0x7D9C, 0x7D9C, 0x7D9C, 0x7D9C, 0x7D9C, 0x85BC, 0x85DD, 0x85DD, 0x85DD,   // 0x13D0 (5072) pixels
0x85BD, 0x85BD, 0x85BD, 0x85BD, 0x8DDD, 0x95FE, 0x961E, 0x963E, 0x9E5D, 0xA67D, 0xA67E, 0x9E5E, 0x9E3E, 0x9E3E, 0x9E1E, 0x9E1E,   // 0x13E0 (5088) pixels
0xA67E, 0xA67E, 0xA67E, 0xA67E, 0xA67E, 0x9E5E, 0x9E1D, 0x961D, 0x95FD, 0x95FD, 0x8DFD, 0x8DDD, 0x8DDD, 0x85BD, 0x85BD, 0x859D,   // 0x13F0 (5104) pixels
0x7DDD, 0x7DDD, 0x7DBC, 0x7DBC, 0x7DDC, 0x85BC, 0x85DC, 0x85DC, 0x8D9C, 0x85BD, 0x7DDC, 0x7D58, 0x5330, 0x4149, 0x71EB, 0x8A4C,   // 0x1400 (5120) pixels
0x6A0B, 0xA2AC, 0xBACB, 0xA32D, 0x8453, 0x6D58, 0x6538, 0x6CF7, 0x6516, 0x6516, 0x5CF7, 0x5CF7, 0x5CF7, 0x5CD6, 0x54B6, 0x54B5,   // 0x1410 (5136) pixels
0x4CB6, 0x54D7, 0x54D7, 0x54B7, 0x4C76, 0x4456, 0x4436, 0x4436, 0x3BF5, 0x3BF5, 0x3BF5, 0x3C16, 0x3C16, 0x3C16, 0x3C16, 0x3C17,   // 0x1420 (5152) pixels
0x3BF6, 0x3C16, 0x3C16, 0x3C16, 0x3C16, 0x3C16, 0x3C16, 0x3C16, 0x5D17, 0x5D17, 0x6517, 0x6517, 0x6517, 0x6518, 0x6518, 0x6518,   // 0x1430 (5168) pixels
0x5D37, 0x6538, 0x6518, 0x6538, 0x5D58, 0x6578, 0x6D38, 0x6454, 0x5B92, 0x74F7, 0x7579, 0x6559, 0x6D5A, 0x6D3A, 0x6D3A, 0x6D5A,   // 0x1440 (5184) pixels
0x6D5A, 0x6D3A, 0x6D3A, 0x6D3A, 0x6D5A, 0x755A, 0x757B, 0x757B, 0x757B, 0x757B, 0x757B, 0x757B, 0x7D7C, 0x7D9C, 0x85DC, 0x85DD,   // 0x1450 (5200) pixels
0x961C, 0x961C, 0x961D, 0x95FD, 0x8DFD, 0x8DDD, 0x8DDD, 0x8DBD, 0x8DDD, 0x8DDD, 0x8DDD, 0x8DDD, 0x8DDD, 0x8DDD, 0x8DBC, 0x85BC,   // 0x1460 (5216) pixels
0x85DC, 0x85DC, 0x7DDC, 0x7DBC, 0x7D9C, 0x757B, 0x757B, 0x757B, 0x6D7B, 0x757B, 0x759B, 0x759B, 0x757B, 0x6D7B, 0x6D5A, 0x6D5A,   // 0x1470 (5232) pixels
0x6D19, 0x651A, 0x653A, 0x6475, 0x4A4D, 0x4969, 0x7A2C, 0x8A4A, 0x69EA, 0x9A8B, 0xC2EB, 0xAACB, 0x838F, 0x64B6, 0x4CD7, 0x4CB6,   // 0x1480 (5248) pixels
0x4CD5, 0x4CB5, 0x54B6, 0x54D6, 0x54D6, 0x4CD6, 0x4CD6, 0x4CD6, 0x4C97, 0x4C97, 0x4C77, 0x4457, 0x3C16, 0x3BF5, 0x3BF6, 0x3BF6,   // 0x1490 (5264) pixels
0x3BF6, 0x3BF6, 0x3BF6, 0x3C16, 0x3C16, 0x3BF6, 0x3C17, 0x3C17, 0x3BF6, 0x3BF6, 0x3C16, 0x3C17, 0x3C16, 0x3BF6, 0x3BF6, 0x3BF6,   // 0x14A0 (5280) pixels
0x5D17, 0x5D17, 0x5D17, 0x5D17, 0x5D17, 0x5D17, 0x5CF7, 0x5CF7, 0x5D17, 0x5D17, 0x6517, 0x5D17, 0x5537, 0x6557, 0x6CF6, 0x53D1,   // 0x14B0 (5296) pixels
0x536F, 0x6CD5, 0x6D57, 0x5D57, 0x6558, 0x6538, 0x6D58, 0x6558, 0x6D59, 0x6558, 0x6538, 0x6538, 0x6558, 0x6558, 0x6D59, 0x6D79,   // 0x14C0 (5312) pixels
0x6D59, 0x6D59, 0x6D79, 0x6D59, 0x6D59, 0x757A, 0x757A, 0x759B, 0x7D9A, 0x7D9A, 0x7D9B, 0x7D9B, 0x7D9C, 0x7D9C, 0x85BD, 0x85BD,   // 0x14D0 (5328) pixels
0x85BC, 0x85BC, 0x85BC, 0x85BC, 0x85BC, 0x85BC, 0x85BC, 0x7D9C, 0x759A, 0x759A, 0x6D7A, 0x6D79, 0x6D79, 0x6D59, 0x6D79, 0x6D79,   // 0x14E0 (5344) pixels
0x7579, 0x6D7A, 0x6D79, 0x6D59, 0x6539, 0x6518, 0x6518, 0x5CF8, 0x54D7, 0x4CD8, 0x54D7, 0x5BD2, 0x41EA, 0x51A9, 0x7A6B, 0x8228,   // 0x14F0 (5360) pixels
0x69C9, 0x8A4A, 0xBAEB, 0xBAEA, 0x934D, 0x6455, 0x4CD8, 0x44D7, 0x44B6, 0x4495, 0x4C95, 0x4C96, 0x4C96, 0x4C95, 0x4495, 0x3C96,   // 0x1500 (5376) pixels
0x4437, 0x3C37, 0x3C16, 0x3BF6, 0x33F6, 0x3BF6, 0x3BF6, 0x3C16, 0x3C16, 0x3C16, 0x3C16, 0x4417, 0x3C16, 0x3BF6, 0x33F6, 0x3C16,   // 0x1510 (5392) pixels
0x3BF6, 0x3BF6, 0x3BF6, 0x3BF6, 0x3BF6, 0x3BF6, 0x3BF6, 0x3BF6, 0x5D37, 0x5D37, 0x5D37, 0x5D37, 0x6537, 0x6537, 0x6537, 0x6537,   // 0x1520 (5408) pixels
0x5D57, 0x6537, 0x6537, 0x5D37, 0x5D37, 0x6557, 0x6CB4, 0x4B2F, 0x63AF, 0x6CB3, 0x6535, 0x5D76, 0x5D57, 0x6557, 0x6D78, 0x6557,   // 0x1530 (5424) pixels
0x6557, 0x6557, 0x6537, 0x6537, 0x6557, 0x6578, 0x6578, 0x6578, 0x6558, 0x6D78, 0x6D78, 0x6D78, 0x6D58, 0x6D58, 0x6D79, 0x6D79,   // 0x1540 (5440) pixels
0x6D59, 0x6D79, 0x7579, 0x757A, 0x757A, 0x757A, 0x759B, 0x7DBB, 0x7DBB, 0x7DBB, 0x7DDB, 0x7DDB, 0x7DDB, 0x7DBB, 0x7D9B, 0x757A,   // 0x1550 (5456) pixels
0x6D58, 0x6D58, 0x6D58, 0x6D58, 0x6D78, 0x6D78, 0x6D98, 0x6D98, 0x6D58, 0x6538, 0x5CF7, 0x5CD6, 0x54B6, 0x5496, 0x4C96, 0x4C75,   // 0x1560 (5472) pixels
0x4CD6, 0x44D7, 0x4C95, 0x5330, 0x4189, 0x51CA, 0x724A, 0x8248, 0x69E9, 0x7A09, 0xBB0B, 0xCB29, 0x9B0B, 0x63D3, 0x3C57, 0x3476,   // 0x1570 (5488) pixels
0x3C76, 0x3C35, 0x4414, 0x4C55, 0x4C55, 0x4455, 0x3C35, 0x3456, 0x3BF6, 0x3BF6, 0x33F6, 0x33F6, 0x3BF6, 0x3C16, 0x3C16, 0x3C16,   // 0x1580 (5504) pixels
0x3C16, 0x3BF6, 0x3C16, 0x3C16, 0x3C16, 0x3BF6, 0x3C16, 0x3C36, 0x4437, 0x4436, 0x3C16, 0x3C16, 0x4436, 0x4436, 0x4436, 0x4436,   // 0x1590 (5520) pixels
0x5D17, 0x5D17, 0x5D17, 0x5D17, 0x5D17, 0x6537, 0x6557, 0x6558, 0x6558, 0x6537, 0x6538, 0x6558, 0x6557, 0x6D57, 0x6C73, 0x428C,   // 0x15A0 (5536) pixels
0x7C11, 0x74B3, 0x6D35, 0x6576, 0x5D57, 0x6537, 0x6D78, 0x6537, 0x6537, 0x5D37, 0x5D37, 0x5D37, 0x6537, 0x6558, 0x6558, 0x6558,   // 0x15B0 (5552) pixels
0x6557, 0x6557, 0x6557, 0x6558, 0x6558, 0x6538, 0x6D58, 0x6D59, 0x6D59, 0x6D59, 0x6D79, 0x6D79, 0x6D58, 0x6D79, 0x6D79, 0x6D79,   // 0x15C0 (5568) pixels
0x6D79, 0x6D79, 0x6D79, 0x6D79, 0x6D79, 0x6D79, 0x6D58, 0x6538, 0x6D58, 0x6D58, 0x6D78, 0x6D78, 0x6D78, 0x6D58, 0x6537, 0x6537,   // 0x15D0 (5584) pixels
0x54B6, 0x4C95, 0x4C75, 0x4475, 0x4475, 0x4496, 0x4496, 0x4496, 0x4496, 0x3CD7, 0x4455, 0x4AAF, 0x4949, 0x51CB, 0x622B, 0x826A,   // 0x15E0 (5600) pixels
0x7A4A, 0x7A2A, 0xBB4B, 0xDB8A, 0xA30A, 0x6392, 0x33F6, 0x3436, 0x3C36, 0x3BF5, 0x3BB4, 0x43F5, 0x4C15, 0x4415, 0x3C16, 0x3C36,   // 0x15F0 (5616) pixels
0x3C16, 0x3C16, 0x3C16, 0x3C16, 0x3C16, 0x3C16, 0x3C16, 0x3C16, 0x4416, 0x3C16, 0x4436, 0x4436, 0x3C36, 0x3C15, 0x3C36, 0x4476,   // 0x1600 (5632) pixels
0x4457, 0x4436, 0x4436, 0x4436, 0x4456, 0x4C76, 0x4C76, 0x4C76, 0x4C95, 0x4C95, 0x4CB6, 0x4CB6, 0x54D6, 0x54F6, 0x5D17, 0x6537,   // 0x1610 (5648) pixels
0x6537, 0x6517, 0x6537, 0x6557, 0x5D37, 0x6D36, 0x6412, 0x320A, 0x7C11, 0x7473, 0x64F4, 0x5D76, 0x5D37, 0x5D17, 0x6D58, 0x5D17,   // 0x1620 (5664) pixels
0x6538, 0x6538, 0x6538, 0x6538, 0x6538, 0x6558, 0x6558, 0x6538, 0x6557, 0x6537, 0x6537, 0x6538, 0x6518, 0x6538, 0x6539, 0x6D39,   // 0x1630 (5680) pixels
0x6538, 0x6538, 0x6558, 0x6D58, 0x6D78, 0x6D78, 0x6D78, 0x6D78, 0x6D78, 0x6D77, 0x6D57, 0x6557, 0x6D57, 0x6D77, 0x6D77, 0x6D77,   // 0x1640 (5696) pixels
0x7559, 0x7579, 0x7579, 0x6D79, 0x6D38, 0x64F6, 0x54B5, 0x4C75, 0x4CB6, 0x4496, 0x4495, 0x4496, 0x44B6, 0x44B7, 0x3C96, 0x3C76,   // 0x1650 (5712) pixels
0x3C15, 0x3497, 0x3C15, 0x4A6F, 0x494B, 0x51CC, 0x5A0B, 0x828C, 0x828B, 0x724A, 0xBB8C, 0xE3EB, 0xB36B, 0x6BB2, 0x3C17, 0x3C57,   // 0x1660 (5728) pixels
0x3C37, 0x3BD5, 0x3B94, 0x43B4, 0x4BF5, 0x43F6, 0x3BF6, 0x3C17, 0x3C16, 0x3C36, 0x3C36, 0x3C36, 0x3C36, 0x3C35, 0x3C36, 0x4456,   // 0x1670 (5744) pixels
0x4436, 0x4436, 0x4456, 0x4456, 0x4436, 0x3C35, 0x4456, 0x4497, 0x4456, 0x3C35, 0x3BF5, 0x3C15, 0x4435, 0x4456, 0x4476, 0x4455,   // 0x1680 (5760) pixels
0x3C16, 0x3C36, 0x3C37, 0x3C57, 0x3C57, 0x3C77, 0x4497, 0x4497, 0x4C57, 0x5496, 0x54D6, 0x4496, 0x54F7, 0x5CD6, 0x432F, 0x3A2A,   // 0x1690 (5776) pixels
0x7C30, 0x7492, 0x6CF4, 0x6577, 0x5D78, 0x5D57, 0x6537, 0x6516, 0x6537, 0x6537, 0x6537, 0x6537, 0x6558, 0x6558, 0x6558, 0x6557,   // 0x16A0 (5792) pixels
0x6538, 0x6518, 0x6518, 0x6538, 0x6538, 0x6538, 0x6538, 0x6537, 0x6538, 0x6538, 0x6538, 0x6558, 0x6558, 0x6578, 0x6578, 0x6578,   // 0x16B0 (5808) pixels
0x6579, 0x6579, 0x6558, 0x6558, 0x6D78, 0x6D77, 0x7577, 0x7577, 0x6D59, 0x6559, 0x5D18, 0x4CB6, 0x4C96, 0x4C96, 0x4C96, 0x4496,   // 0x16C0 (5824) pixels
0x4CB6, 0x4CB6, 0x4C96, 0x4476, 0x4456, 0x4456, 0x3C36, 0x3C36, 0x3418, 0x3C78, 0x4BF4, 0x422D, 0x49AA, 0x524D, 0x59E9, 0x9A8B,   // 0x16D0 (5840) pixels
0x922B, 0x7A49, 0xABCD, 0xDC4E, 0xC38D, 0x8391, 0x43F4, 0x2477, 0x3C1A, 0x4B93, 0x632D, 0x5B90, 0x3437, 0x33F6, 0x4BD5, 0x4416,   // 0x16E0 (5856) pixels
0x4436, 0x4436, 0x4436, 0x4456, 0x4C56, 0x4C56, 0x4C76, 0x4C76, 0x4C57, 0x4456, 0x4436, 0x4455, 0x4C75, 0x4C75, 0x4C75, 0x4474,   // 0x16F0 (5872) pixels
0x3C34, 0x3C34, 0x3C15, 0x3C16, 0x3C36, 0x4436, 0x4436, 0x3C35, 0x4436, 0x4436, 0x4436, 0x3C36, 0x3C36, 0x3C36, 0x3C36, 0x3C36,   // 0x1700 (5888) pixels
0x3C16, 0x3C16, 0x4436, 0x3436, 0x4477, 0x4415, 0x328E, 0x39EB, 0x7C50, 0x7492, 0x64B4, 0x5CF6, 0x5D38, 0x5D38, 0x6539, 0x6D39,   // 0x1710 (5904) pixels
0x6538, 0x6538, 0x6538, 0x6538, 0x6538, 0x6537, 0x6538, 0x6538, 0x6538, 0x6538, 0x6537, 0x6537, 0x6537, 0x6537, 0x6537, 0x6557,   // 0x1720 (5920) pixels
0x6D58, 0x6558, 0x6558, 0x6538, 0x6538, 0x6558, 0x6558, 0x6558, 0x6558, 0x6558, 0x6D78, 0x6D99, 0x7599, 0x6D98, 0x6D57, 0x6536,   // 0x1730 (5936) pixels
0x54B6, 0x4CB7, 0x4CB6, 0x4496, 0x4C96, 0x4C96, 0x4C97, 0x4C97, 0x4476, 0x4476, 0x4456, 0x3C36, 0x3C36, 0x3C16, 0x3C16, 0x3C16,   // 0x1740 (5952) pixels
0x3C38, 0x4457, 0x4393, 0x4A0C, 0x49AA, 0x522C, 0x59EA, 0x9AAC, 0xA28D, 0x7209, 0x934B, 0xC3CC, 0xBB6D, 0x8B70, 0x4B92, 0x3C76,   // 0x1750 (5968) pixels
0x3439, 0x4351, 0x6AEC, 0x6B90, 0x4457, 0x3C57, 0x4436, 0x3C37, 0x3C15, 0x3C36, 0x4436, 0x4456, 0x4456, 0x4C76, 0x4C76, 0x4C76,   // 0x1760 (5984) pixels
0x4436, 0x3C16, 0x3C15, 0x3C15, 0x4435, 0x4455, 0x4435, 0x4435, 0x3C35, 0x3C15, 0x3C16, 0x3C16, 0x3C17, 0x4416, 0x4436, 0x3C15,   // 0x1770 (6000) pixels
0x5475, 0x5475, 0x4C75, 0x4C75, 0x4C75, 0x4C75, 0x4C55, 0x4455, 0x3C36, 0x3C15, 0x3C35, 0x3C35, 0x4457, 0x3373, 0x220D, 0x3A2D,   // 0x1780 (6016) pixels
0x7C71, 0x7492, 0x6473, 0x5474, 0x54B6, 0x54D7, 0x54D7, 0x5CF8, 0x5D37, 0x6538, 0x6558, 0x6538, 0x5D37, 0x5D37, 0x6537, 0x6558,   // 0x1790 (6032) pixels
0x6537, 0x6537, 0x6537, 0x6537, 0x6537, 0x6537, 0x6537, 0x6537, 0x6D57, 0x6D57, 0x6D58, 0x6538, 0x6558, 0x6558, 0x6558, 0x6558,   // 0x17A0 (6048) pixels
0x6D58, 0x6D58, 0x6D78, 0x6D78, 0x6558, 0x5D17, 0x54D6, 0x4CB6, 0x4C55, 0x4455, 0x3C75, 0x3C75, 0x4435, 0x4435, 0x4C57, 0x4458,   // 0x17B0 (6064) pixels
0x3C36, 0x3C36, 0x3C16, 0x3BF6, 0x3BF6, 0x3C16, 0x3C17, 0x3C17, 0x4438, 0x43F5, 0x4310, 0x49EB, 0x49AA, 0x4A0C, 0x51CA, 0x9AED,   // 0x17C0 (6080) pixels
0xA2CE, 0x7229, 0x8B4B, 0xABAB, 0xB38D, 0x938F, 0x5B0F, 0x53D3, 0x2C77, 0x3ACF, 0x7A4A, 0x8B4F, 0x5416, 0x3477, 0x3C56, 0x3437,   // 0x17D0 (6096) pixels
0x3C35, 0x3C36, 0x3C36, 0x4456, 0x4456, 0x4455, 0x4455, 0x4455, 0x3C36, 0x3C16, 0x3C15, 0x3C15, 0x3C16, 0x3C36, 0x3C16, 0x3C16,   // 0x17E0 (6112) pixels
0x4416, 0x3C16, 0x3C16, 0x4416, 0x4416, 0x4436, 0x4435, 0x4435, 0x5491, 0x5491, 0x5492, 0x5492, 0x5493, 0x5493, 0x5473, 0x5473,   // 0x17F0 (6128) pixels
0x4C94, 0x4C53, 0x4C53, 0x5475, 0x5455, 0x3310, 0x29EB, 0x528D, 0x7491, 0x74B2, 0x6472, 0x4C12, 0x4C54, 0x5495, 0x4C55, 0x4C95,   // 0x1800 (6144) pixels
0x5CF6, 0x5D17, 0x5D37, 0x6537, 0x5D37, 0x5D37, 0x6537, 0x6558, 0x5D37, 0x5D37, 0x5D37, 0x5D37, 0x5D37, 0x5D37, 0x6537, 0x6537,   // 0x1810 (6160) pixels
0x6537, 0x6D37, 0x6D57, 0x6D58, 0x6D58, 0x6D58, 0x6D58, 0x6D58, 0x6D58, 0x6538, 0x5CF7, 0x54B6, 0x4CB6, 0x4C96, 0x4476, 0x4476,   // 0x1820 (6176) pixels
0x4C56, 0x4456, 0x3456, 0x3C35, 0x3BD4, 0x43B4, 0x43F6, 0x3C18, 0x3C16, 0x3C16, 0x3C16, 0x3C16, 0x3C17, 0x3C17, 0x3C37, 0x4437,   // 0x1830 (6192) pixels
0x4C37, 0x4373, 0x426D, 0x49CA, 0x49CB, 0x41EC, 0x51CA, 0x932D, 0x92AD, 0x6A08, 0x832A, 0x934A, 0x9B2A, 0x930C, 0x6A8B, 0x6B4F,   // 0x1840 (6208) pixels
0x3496, 0x424D, 0x89CA, 0xA2EE, 0x6BB4, 0x3437, 0x2C56, 0x3C17, 0x3C37, 0x3C36, 0x3C37, 0x3C36, 0x3C36, 0x3C36, 0x3C35, 0x3C35,   // 0x1850 (6224) pixels
0x3C16, 0x3C16, 0x3C16, 0x3C16, 0x3C16, 0x3C16, 0x3C16, 0x3C16, 0x4415, 0x4415, 0x4415, 0x4435, 0x4C55, 0x4C55, 0x4C54, 0x4C74,   // 0x1860 (6240) pixels
0x5CB1, 0x5C91, 0x5C91, 0x5C91, 0x5CB2, 0x5CB3, 0x5493, 0x5493, 0x4C92, 0x5471, 0x5C72, 0x6473, 0x5C13, 0x3A8E, 0x31A9, 0x5A8C,   // 0x1870 (6256) pixels
0x74B1, 0x7CD2, 0x6C71, 0x53F0, 0x5C52, 0x5CB3, 0x4C93, 0x54D4, 0x54D5, 0x5CF5, 0x5D16, 0x5D36, 0x5D16, 0x5D16, 0x5D16, 0x6536,   // 0x1880 (6272) pixels
0x6537, 0x6537, 0x6538, 0x6538, 0x6538, 0x6538, 0x6539, 0x6539, 0x6D57, 0x6D57, 0x6D58, 0x6D58, 0x6D58, 0x6538, 0x6518, 0x6518,   // 0x1890 (6288) pixels
0x5CF7, 0x54D6, 0x4C96, 0x4455, 0x4456, 0x4456, 0x4477, 0x4477, 0x4C16, 0x3C36, 0x3456, 0x3C15, 0x4BB3, 0x4BB3, 0x4BF6, 0x3C38,   // 0x18A0 (6304) pixels
0x3C17, 0x3C17, 0x3C17, 0x3C17, 0x3C37, 0x3C37, 0x4437, 0x4437, 0x4416, 0x4352, 0x422C, 0x520A, 0x522C, 0x4A0D, 0x49EA, 0x936D,   // 0x18B0 (6320) pixels
0x9B2E, 0x7269, 0x8B8C, 0x9C0D, 0xA3CD, 0xAB8D, 0x934C, 0x93F0, 0x3C54, 0x49EC, 0x99CA, 0xC32E, 0x8393, 0x4416, 0x3456, 0x4417,   // 0x18C0 (6336) pixels
0x3C37, 0x3C37, 0x3C17, 0x3C37, 0x3C17, 0x3C16, 0x3C16, 0x3C16, 0x3BF6, 0x3BF6, 0x3C16, 0x3C16, 0x3C15, 0x3C35, 0x4435, 0x4455,   // 0x18D0 (6352) pixels
0x4C54, 0x4C34, 0x4C54, 0x4C73, 0x5473, 0x5493, 0x5493, 0x4C73, 0x5C93, 0x5473, 0x5472, 0x5473, 0x5493, 0x5494, 0x5473, 0x5473,   // 0x18E0 (6368) pixels
0x4C93, 0x5452, 0x6432, 0x6C34, 0x5372, 0x320D, 0x31AA, 0x5A6C, 0x74D1, 0x74B1, 0x7471, 0x5BAF, 0x5BF0, 0x6492, 0x5492, 0x54D2,   // 0x18F0 (6384) pixels
0x54B4, 0x5CD4, 0x5CF5, 0x5CF5, 0x5CF5, 0x5CF5, 0x5CF5, 0x5CF5, 0x6516, 0x6537, 0x6517, 0x6537, 0x6538, 0x6538, 0x6D39, 0x6D39,   // 0x1900 (6400) pixels
0x6D78, 0x6D58, 0x6538, 0x6517, 0x5CF7, 0x5CD7, 0x54B7, 0x4C96, 0x4C96, 0x4C96, 0x4C76, 0x4476, 0x4456, 0x4457, 0x3C37, 0x3C36,   // 0x1910 (6416) pixels
0x43D6, 0x3C16, 0x3C57, 0x4415, 0x5372, 0x5B93, 0x5416, 0x3C58, 0x3C16, 0x3C17, 0x3C17, 0x3C37, 0x3C37, 0x3C37, 0x3C17, 0x3C17,   // 0x1920 (6432) pixels
0x4457, 0x4B52, 0x4A4C, 0x522B, 0x524C, 0x4A2D, 0x520A, 0x8B8D, 0xB410, 0xA3CD, 0xAC8F, 0xB4F1, 0xBCB0, 0xCC90, 0xC490, 0xB4D1,   // 0x1930 (6448) pixels
0x4391, 0x496A, 0x91EA, 0xC34E, 0x9392, 0x4C15, 0x3456, 0x4416, 0x3C17, 0x3C17, 0x3C17, 0x4437, 0x4437, 0x4437, 0x4436, 0x4436,   // 0x1940 (6464) pixels
0x4415, 0x4436, 0x4456, 0x4C55, 0x4C55, 0x4C74, 0x4C94, 0x54B5, 0x5494, 0x5473, 0x5472, 0x5472, 0x5492, 0x5492, 0x4C71, 0x4C51,   // 0x1950 (6480) pixels
0x4C53, 0x4C33, 0x4413, 0x4413, 0x4C33, 0x4C53, 0x4453, 0x4433, 0x4494, 0x4C53, 0x5C33, 0x5BD3, 0x42F0, 0x29ED, 0x31EB, 0x528C,   // 0x1960 (6496) pixels
0x74B1, 0x7C91, 0x7C71, 0x6BAF, 0x63AF, 0x6452, 0x5452, 0x4C93, 0x5492, 0x5493, 0x5C93, 0x5CB3, 0x5CB3, 0x5CB3, 0x5CB3, 0x5CD3,   // 0x1970 (6512) pixels
0x64F4, 0x64F4, 0x64F4, 0x6515, 0x6515, 0x6D16, 0x6D36, 0x6D37, 0x6558, 0x5D17, 0x54D6, 0x54B6, 0x4CB6, 0x4C97, 0x4476, 0x4456,   // 0x1980 (6528) pixels
0x4497, 0x4476, 0x4477, 0x4477, 0x4457, 0x4436, 0x3C16, 0x3BF6, 0x43F7, 0x3C18, 0x4437, 0x4BB4, 0x5B10, 0x6351, 0x5415, 0x3456,   // 0x1990 (6544) pixels
0x3C16, 0x3C17, 0x3C17, 0x3C16, 0x3C37, 0x3C36, 0x3C36, 0x3C16, 0x3C77, 0x4B73, 0x4A4C, 0x4A2A, 0x4A4B, 0x420C, 0x4A0A, 0x838B,   // 0x19A0 (6560) pixels
0xA40E, 0xB44E, 0xAC2D, 0x9BED, 0x938C, 0xABAC, 0xBC8F, 0xACCF, 0x4310, 0x394A, 0x7A29, 0xAB8C, 0x93B1, 0x5415, 0x3455, 0x4435,   // 0x19B0 (6576) pixels
0x4436, 0x4436, 0x4436, 0x4456, 0x4C56, 0x4C55, 0x4C55, 0x4C55, 0x4C74, 0x4C74, 0x5494, 0x4C74, 0x4C73, 0x4C73, 0x4C93, 0x5493,   // 0x19C0 (6592) pixels
0x5493, 0x5472, 0x5451, 0x5471, 0x5471, 0x5472, 0x4C32, 0x4411, 0x4C53, 0x4433, 0x4412, 0x4412, 0x4453, 0x4C73, 0x4C73, 0x4C73,   // 0x19D0 (6608) pixels
0x3494, 0x4453, 0x4C12, 0x4B92, 0x328F, 0x21EB, 0x322B, 0x4AAB, 0x6C91, 0x7491, 0x8C92, 0x7BD0, 0x6BB1, 0x7454, 0x5C54, 0x4C54,   // 0x19E0 (6624) pixels
0x5471, 0x5471, 0x5471, 0x5472, 0x5C92, 0x5CB2, 0x64B3, 0x64D3, 0x5CD1, 0x5CD1, 0x5CD2, 0x5CF2, 0x64F3, 0x64F4, 0x6514, 0x6514,   // 0x19F0 (6640) pixels
0x54F7, 0x4CB6, 0x4475, 0x4455, 0x4476, 0x4497, 0x4477, 0x4477, 0x3C97, 0x3C57, 0x3C36, 0x3C36, 0x3C16, 0x4436, 0x4437, 0x4437,   // 0x1A00 (6656) pixels
0x4C18, 0x3C18, 0x4417, 0x4B53, 0x52AE, 0x6330, 0x5C14, 0x3476, 0x3C17, 0x3C16, 0x3C16, 0x3C16, 0x3C16, 0x3C36, 0x4436, 0x4436,   // 0x1A10 (6672) pixels
0x3497, 0x4B93, 0x4A2B, 0x41E9, 0x420B, 0x39EB, 0x4A09, 0x7B6A, 0x8B6B, 0xAC0D, 0x9B8B, 0x834B, 0x7AC9, 0x8AA8, 0xAC2C, 0x9CEE,   // 0x1A20 (6688) pixels
0x5331, 0x396B, 0x6269, 0x93AB, 0x8BD0, 0x5455, 0x3495, 0x4475, 0x4C75, 0x4C75, 0x4C75, 0x4C75, 0x4C74, 0x4C54, 0x4C54, 0x4C54,   // 0x1A30 (6704) pixels
0x4C72, 0x5493, 0x5493, 0x4C72, 0x4431, 0x4411, 0x4411, 0x4432, 0x5473, 0x5452, 0x4C31, 0x4C51, 0x5452, 0x5452, 0x4C12, 0x43D2,   // 0x1A40 (6720) pixels
0x64D1, 0x64D1, 0x64D1, 0x64D1, 0x64D1, 0x64D1, 0x64D1, 0x64D1, 0x5CD2, 0x64D2, 0x6430, 0x4AAD, 0x4A2D, 0x4A0C, 0x4A0A, 0x736E,   // 0x1A50 (6736) pixels
0x8B4C, 0x732C, 0x7B8D, 0x93AD, 0xA3EC, 0x8C6D, 0x5C70, 0x4493, 0x4453, 0x4C33, 0x4C33, 0x4C33, 0x4C33, 0x4C34, 0x4C54, 0x4C75,   // 0x1A60 (6752) pixels
0x6474, 0x5CB4, 0x5CD4, 0x54D3, 0x5CD3, 0x5CD3, 0x5CD2, 0x5CF3, 0x5CD2, 0x5CD2, 0x54B2, 0x5473, 0x5474, 0x5475, 0x4C55, 0x4415,   // 0x1A70 (6768) pixels
0x3C36, 0x3C15, 0x3C16, 0x3C37, 0x4437, 0x4436, 0x4436, 0x4436, 0x3416, 0x43F8, 0x3459, 0x43B4, 0x7A2C, 0x8AED, 0x5C32, 0x4476,   // 0x1A80 (6784) pixels
0x4457, 0x4437, 0x3BF6, 0x3C17, 0x4437, 0x3C37, 0x3C57, 0x3456, 0x4497, 0x4311, 0x4A2E, 0x4A4D, 0x528E, 0x524C, 0x5A4A, 0x83EE,   // 0x1A90 (6800) pixels
0xBCEF, 0xC4B1, 0xB48D, 0xB50D, 0xB48D, 0xB3EB, 0xD56F, 0xA4EE, 0x6390, 0x49EB, 0x726A, 0xABEC, 0x9CCE, 0x6CD2, 0x4C54, 0x4C74,   // 0x1AA0 (6816) pixels
0x4C53, 0x4C51, 0x5431, 0x5C52, 0x4C72, 0x4C71, 0x4C51, 0x43F2, 0x5454, 0x43F2, 0x4412, 0x4C33, 0x4433, 0x4413, 0x3C12, 0x33F2,   // 0x1AB0 (6832) pixels
0x3BF5, 0x4455, 0x4434, 0x33D3, 0x3BF4, 0x3C15, 0x3C34, 0x4453, 0x6CF2, 0x6CF2, 0x6CF2, 0x6CF2, 0x6CF2, 0x6CF2, 0x6CF2, 0x6CF2,   // 0x1AC0 (6848) pixels
0x6533, 0x6D12, 0x6C50, 0x4AAC, 0x4A2C, 0x522D, 0x5A6C, 0x7B8F, 0xAC0C, 0xA44E, 0xB4D1, 0xC4D1, 0xCCF0, 0xAD11, 0x7CB2, 0x5CB4,   // 0x1AD0 (6864) pixels
0x5CB3, 0x5CB3, 0x64B3, 0x64B3, 0x5C92, 0x5C72, 0x5473, 0x4C53, 0x5453, 0x4C52, 0x4C52, 0x4C52, 0x4C53, 0x5453, 0x5453, 0x5453,   // 0x1AE0 (6880) pixels
0x54B2, 0x5CB2, 0x5CB3, 0x5493, 0x5494, 0x54B5, 0x5CB6, 0x5496, 0x3C55, 0x4476, 0x4C77, 0x4C97, 0x4C56, 0x4C36, 0x4C76, 0x5CB7,   // 0x1AF0 (6896) pixels
0x4475, 0x4457, 0x3C57, 0x4371, 0x69EA, 0x930C, 0x7472, 0x5CD6, 0x5CB6, 0x54B6, 0x4C55, 0x4C56, 0x4C55, 0x4455, 0x4495, 0x4474,   // 0x1B00 (6912) pixels
0x4475, 0x4310, 0x420C, 0x39CB, 0x422C, 0x4A0B, 0x49E9, 0x6B2C, 0x9C0F, 0x934F, 0x82EB, 0x93ED, 0x9BCE, 0x930B, 0x9BEE, 0x6BCF,   // 0x1B10 (6928) pixels
0x536E, 0x422B, 0x72AB, 0xA3ED, 0x8C8F, 0x5C72, 0x3C14, 0x4434, 0x4435, 0x4C34, 0x4C13, 0x4C13, 0x3C33, 0x3C52, 0x4433, 0x3BF4,   // 0x1B20 (6944) pixels
0x4435, 0x3BF4, 0x3BF4, 0x3BF4, 0x3BF3, 0x33F3, 0x33D3, 0x2BB3, 0x3395, 0x3BF5, 0x3BF4, 0x33B3, 0x3394, 0x33B4, 0x33D4, 0x3BD3,   // 0x1B30 (6960) pixels
0x6CF2, 0x6CF2, 0x6CF2, 0x6CF2, 0x6CF2, 0x6CF2, 0x6CF2, 0x6CF2, 0x6532, 0x6D31, 0x6C90, 0x4AED, 0x420B, 0x49EC, 0x522C, 0x6B0E,   // 0x1B40 (6976) pixels
0xAC0D, 0xAC6F, 0xAC70, 0xABEE, 0xB42E, 0x9CB0, 0x7CD2, 0x6CF4, 0x6D12, 0x7512, 0x7512, 0x74F1, 0x6CF1, 0x6CD1, 0x64D2, 0x64D2,   // 0x1B50 (6992) pixels
0x5CD4, 0x5493, 0x5473, 0x5473, 0x5473, 0x5474, 0x5C94, 0x5454, 0x5492, 0x5492, 0x54B3, 0x5493, 0x4C73, 0x4C73, 0x5494, 0x54B4,   // 0x1B60 (7008) pixels
0x4475, 0x4475, 0x4C75, 0x4C55, 0x4435, 0x4C35, 0x54B6, 0x6517, 0x5D16, 0x5537, 0x4C95, 0x4AED, 0x61C7, 0x930C, 0x8C31, 0x6493,   // 0x1B70 (7024) pixels
0x5C93, 0x5CD4, 0x54B4, 0x5C94, 0x5494, 0x4CB3, 0x4CD3, 0x4C92, 0x4CD5, 0x53D1, 0x4A8D, 0x39AA, 0x39EC, 0x49EC, 0x4189, 0x4A4A,   // 0x1B80 (7040) pixels
0x5A4A, 0x59CA, 0x51A8, 0x5A28, 0x6229, 0x5987, 0x5AAB, 0x4B91, 0x4BAF, 0x426B, 0x72AC, 0x9BEE, 0x8450, 0x4C12, 0x2BF4, 0x33F3,   // 0x1B90 (7056) pixels
0x33F5, 0x3BB4, 0x43B3, 0x33B3, 0x2BD3, 0x2BD2, 0x33D2, 0x33B3, 0x33B4, 0x3393, 0x33B3, 0x33B3, 0x2B93, 0x33B3, 0x33D3, 0x33B3,   // 0x1BA0 (7072) pixels
0x3372, 0x33B2, 0x3BF2, 0x3BF2, 0x3BD2, 0x3BD3, 0x3C12, 0x3C11, 0x64D2, 0x64D2, 0x64D1, 0x64B1, 0x64B1, 0x64B1, 0x64D1, 0x64D2,   // 0x1BB0 (7088) pixels
0x54CF, 0x6510, 0x74F1, 0x63AF, 0x422C, 0x41AB, 0x41AA, 0x522B, 0x6A6A, 0x6ACC, 0x6249, 0x6A29, 0x7B2C, 0x7C6F, 0x6D11, 0x6552,   // 0x1BC0 (7104) pixels
0x6D31, 0x6D31, 0x6D11, 0x6D11, 0x6D11, 0x6D11, 0x6D12, 0x6D33, 0x5514, 0x4C92, 0x5452, 0x5C93, 0x5CB3, 0x5CD3, 0x64F4, 0x5C93,   // 0x1BD0 (7120) pixels
0x5493, 0x54B3, 0x54B3, 0x5493, 0x4C73, 0x4C72, 0x4C93, 0x4C93, 0x4C94, 0x4C54, 0x4434, 0x4434, 0x4434, 0x4C54, 0x5474, 0x5CB5,   // 0x1BE0 (7136) pixels
0x54B4, 0x4CF5, 0x4BF1, 0x4A2A, 0x59C7, 0x932C, 0x93AF, 0x7411, 0x5432, 0x4472, 0x4493, 0x5494, 0x5493, 0x44B3, 0x4CB3, 0x5472,   // 0x1BF0 (7152) pixels
0x4CD5, 0x6494, 0x5B4F, 0x41EB, 0x41EC, 0x522D, 0x49EA, 0x4A09, 0x6AE9, 0x8B6D, 0x9B8E, 0x938C, 0x9B8C, 0x934C, 0x73AF, 0x5474,   // 0x1C00 (7168) pixels
0x4BF0, 0x3A2B, 0x622A, 0xA3CE, 0x8C50, 0x4BF1, 0x3412, 0x3C11, 0x3C14, 0x4371, 0x4BB2, 0x3C13, 0x3412, 0x3C11, 0x4431, 0x3BF1,   // 0x1C10 (7184) pixels
0x3BD1, 0x43F1, 0x4412, 0x4411, 0x4411, 0x4C73, 0x54B3, 0x5493, 0x5473, 0x5492, 0x5CF2, 0x5CD2, 0x4C51, 0x4C31, 0x54B2, 0x5CF2,   // 0x1C20 (7200) pixels
0x64D1, 0x64D1, 0x64D1, 0x64B1, 0x64B1, 0x64D1, 0x64D1, 0x64D1, 0x54CE, 0x6D31, 0x8593, 0x7C92, 0x52AD, 0x41AB, 0x41AA, 0x5A2A,   // 0x1C30 (7216) pixels
0x5A08, 0x6ACA, 0x6AA9, 0x7B0B, 0x842F, 0x6CD1, 0x5D12, 0x4CF1, 0x5CF2, 0x5CF2, 0x64F2, 0x64F1, 0x5CD1, 0x5CB1, 0x54B2, 0x54B2,   // 0x1C40 (7232) pixels
0x4494, 0x4413, 0x4BD1, 0x5432, 0x5493, 0x54D3, 0x5CF3, 0x5CB2, 0x5474, 0x4C74, 0x4C53, 0x4C73, 0x4C73, 0x4C93, 0x4C93, 0x4C93,   // 0x1C50 (7248) pixels
0x5495, 0x4C74, 0x4C54, 0x4C75, 0x4C75, 0x4C54, 0x4433, 0x4412, 0x4C54, 0x4453, 0x42EE, 0x49EA, 0x624A, 0x932E, 0x932E, 0x8BF0,   // 0x1C60 (7264) pixels
0x5413, 0x3433, 0x3453, 0x4434, 0x4414, 0x3453, 0x3453, 0x4C13, 0x3C33, 0x5473, 0x534F, 0x420B, 0x4A0C, 0x526D, 0x524B, 0x62AB,   // 0x1C70 (7280) pixels
0xBCEE, 0xDD92, 0xDD32, 0xCCEF, 0xE5B0, 0xE5B2, 0x8C71, 0x43F1, 0x4BD1, 0x39EB, 0x6A0A, 0xC46F, 0xAD12, 0x6491, 0x4CD2, 0x5CF1,   // 0x1C80 (7296) pixels
0x5CB2, 0x5B6D, 0x6C50, 0x5D13, 0x6513, 0x64F1, 0x6D31, 0x64D1, 0x64D1, 0x64F1, 0x6511, 0x64D0, 0x5CAF, 0x64F0, 0x6D31, 0x64F0,   // 0x1C90 (7312) pixels
0x5C92, 0x64F2, 0x6D32, 0x64F1, 0x4C0F, 0x440F, 0x5CB1, 0x6D72, 0x6D11, 0x6D11, 0x6CF1, 0x6CF1, 0x6CF1, 0x6CF1, 0x6CF1, 0x6D11,   // 0x1CA0 (7328) pixels
0x5D10, 0x6D51, 0x85B3, 0x7CD3, 0x52EE, 0x41AA, 0x520A, 0x72CD, 0xA3EB, 0xC50E, 0xD56F, 0xD5B2, 0xA553, 0x5C71, 0x4492, 0x4C92,   // 0x1CB0 (7344) pixels
0x4C93, 0x4C92, 0x4C92, 0x4C72, 0x4452, 0x4452, 0x4473, 0x4473, 0x3C55, 0x4BF5, 0x4B73, 0x53D4, 0x4C54, 0x4473, 0x4C93, 0x4C53,   // 0x1CC0 (7360) pixels
0x4C55, 0x4434, 0x4414, 0x4434, 0x4454, 0x4454, 0x4453, 0x4453, 0x4434, 0x4434, 0x4435, 0x4C56, 0x4C55, 0x4414, 0x3C13, 0x4413,   // 0x1CD0 (7376) pixels
0x4C35, 0x3B71, 0x3A0C, 0x51EB, 0x6AAD, 0x8B2F, 0x92EE, 0x9C10, 0x5C35, 0x3413, 0x2C14, 0x3BD4, 0x3393, 0x2BF4, 0x3414, 0x4BD4,   // 0x1CE0 (7392) pixels
0x3BF2, 0x4C13, 0x432F, 0x4A2C, 0x5A4D, 0x524C, 0x528B, 0x7B6C, 0xDDB0, 0xFE12, 0xE551, 0xD4EE, 0xF5EF, 0xF633, 0x8C72, 0x2B90,   // 0x1CF0 (7408) pixels
0x43B2, 0x420C, 0x828B, 0xE551, 0xC5D3, 0x64B1, 0x54F3, 0x6512, 0x644F, 0x6AEA, 0x844F, 0x6532, 0x6D53, 0x7511, 0x7571, 0x7531,   // 0x1D00 (7424) pixels
0x7532, 0x7551, 0x7551, 0x6D10, 0x6CEF, 0x7530, 0x7530, 0x6CEE, 0x5C90, 0x64D0, 0x6D30, 0x6D10, 0x5CB0, 0x5CB0, 0x64F0, 0x6D30,   // 0x1D10 (7440) pixels
0x6D31, 0x6D31, 0x6D31, 0x6D31, 0x6D11, 0x6D11, 0x6D11, 0x6D11, 0x6531, 0x6D31, 0x7D52, 0x7CD2, 0x530E, 0x39A9, 0x522A, 0x836E,   // 0x1D20 (7456) pixels
0xDD2F, 0xFE11, 0xFE51, 0xFEB4, 0xB5B4, 0x4C31, 0x4473, 0x54B4, 0x4453, 0x4453, 0x4433, 0x4432, 0x4433, 0x4433, 0x4454, 0x4475,   // 0x1D30 (7472) pixels
0x3C74, 0x5434, 0x4B52, 0x53B3, 0x4434, 0x2BF3, 0x33F3, 0x3BB3, 0x4435, 0x4415, 0x4415, 0x4435, 0x4435, 0x3C14, 0x3C14, 0x3C14,   // 0x1D40 (7488) pixels
0x3BD4, 0x3BD4, 0x3BF5, 0x3BF5, 0x33D5, 0x33D4, 0x3BF4, 0x4455, 0x3BB4, 0x32AF, 0x39AA, 0x51EB, 0x6AAD, 0x834E, 0x8B2D, 0xA3EE,   // 0x1D50 (7504) pixels
0x63F4, 0x3C13, 0x3434, 0x4393, 0x3B52, 0x3413, 0x3BF3, 0x5352, 0x4413, 0x4C53, 0x434F, 0x4A2C, 0x5A4D, 0x4A4B, 0x528A, 0x7B8D,   // 0x1D60 (7520) pixels
0xD52D, 0xF5F0, 0xE551, 0xD50E, 0xEDEE, 0xE5F1, 0x7C12, 0x2371, 0x3371, 0x3A2C, 0x82EB, 0xE5B1, 0xBDB2, 0x4C0F, 0x3C33, 0x4432,   // 0x1D70 (7536) pixels
0x534C, 0x6A4A, 0x7BB0, 0x4C72, 0x5472, 0x5C51, 0x5CB1, 0x5C92, 0x5492, 0x5492, 0x5CB2, 0x5CB2, 0x64D2, 0x6D12, 0x6D32, 0x64F1,   // 0x1D80 (7552) pixels
0x6CF1, 0x7531, 0x7551, 0x7551, 0x7572, 0x7D72, 0x7551, 0x6D2F, 0x6D10, 0x6D10, 0x6D10, 0x6D10, 0x6D10, 0x6D10, 0x6D10, 0x6D10,   // 0x1D90 (7568) pixels
0x6552, 0x6511, 0x7512, 0x74D2, 0x5B2E, 0x39A9, 0x5A2A, 0x8B8E, 0xE533, 0xED50, 0xED2E, 0xF633, 0xB5D5, 0x5493, 0x3C73, 0x4453,   // 0x1DA0 (7584) pixels
0x4434, 0x4C34, 0x5454, 0x5474, 0x5454, 0x4C55, 0x4C55, 0x4C55, 0x4492, 0x5C73, 0x5391, 0x53D3, 0x4C55, 0x2C14, 0x2BF5, 0x3BD5,   // 0x1DB0 (7600) pixels
0x33B4, 0x33B4, 0x3BD4, 0x3BF5, 0x3BD4, 0x33B4, 0x33B4, 0x33D4, 0x3BB5, 0x33D5, 0x3BD6, 0x3BD6, 0x33B5, 0x2BB5, 0x33D4, 0x3C15,   // 0x1DC0 (7616) pixels
0x43D5, 0x4B11, 0x524C, 0x626C, 0x6ACD, 0x838F, 0x938D, 0xA3AB, 0x6BD2, 0x4412, 0x4473, 0x4B92, 0x4350, 0x3C12, 0x43D1, 0x52CF,   // 0x1DD0 (7632) pixels
0x4433, 0x4C94, 0x436F, 0x420B, 0x5A0C, 0x4A4C, 0x52AB, 0x7B4D, 0xE5AE, 0xFE51, 0xE591, 0xD56F, 0xF64E, 0xEE32, 0x7432, 0x1331,   // 0x1DE0 (7648) pixels
0x2B91, 0x3A6C, 0x832A, 0xE5D1, 0xADB2, 0x43F1, 0x2BF5, 0x33B4, 0x42AD, 0x720D, 0x7B72, 0x33D2, 0x43D3, 0x4392, 0x43F2, 0x4414,   // 0x1DF0 (7664) pixels
0x3C13, 0x3BF3, 0x3BF3, 0x4412, 0x4432, 0x4C52, 0x4C32, 0x43F1, 0x5451, 0x5C91, 0x5C70, 0x542F, 0x5C71, 0x64B2, 0x6CF2, 0x7532,   // 0x1E00 (7680) pixels
0x74CE, 0x6CCF, 0x6CF1, 0x7531, 0x6CCF, 0x64AE, 0x6D0F, 0x5D10, 0x5BB0, 0x74D1, 0x8590, 0x74CF, 0x5B2E, 0x49AC, 0x51CB, 0x8B6C,   // 0x1E10 (7696) pixels
0xDDB0, 0xCD0F, 0xB38A, 0xE570, 0xC614, 0x6512, 0x54F3, 0x5C90, 0x5C92, 0x44B2, 0x53D1, 0x6B51, 0x4C73, 0x4CF4, 0x5453, 0x5473,   // 0x1E20 (7712) pixels
0x4491, 0x4BD0, 0x6A6C, 0x8370, 0x64B4, 0x4CD4, 0x5471, 0x5431, 0x43D4, 0x33D5, 0x43D4, 0x4393, 0x33D5, 0x33B4, 0x3BB4, 0x2BF5,   // 0x1E30 (7728) pixels
0x33D2, 0x3C34, 0x3414, 0x33D4, 0x3BF4, 0x3BF4, 0x43D3, 0x43F3, 0x3452, 0x4390, 0x524C, 0x6A4B, 0x730B, 0x942E, 0xB46F, 0xD4D0,   // 0x1E40 (7744) pixels
0x7BD1, 0x630F, 0x6AEF, 0x5A8D, 0x62ED, 0x5B0D, 0x4AAD, 0x3A2D, 0x5AF0, 0x52EF, 0x4AAE, 0x426D, 0x422C, 0x41EB, 0x526B, 0x7B6D,   // 0x1E50 (7760) pixels
0xE590, 0xFEB1, 0xBCCD, 0x93AD, 0xD54F, 0xF652, 0x7411, 0x1B32, 0x3330, 0x424B, 0x8AEB, 0xE573, 0xB575, 0x33F3, 0x13B3, 0x2B92,   // 0x1E60 (7776) pixels
0x422E, 0x99EA, 0x92CC, 0x4BF3, 0x33D6, 0x33B3, 0x3392, 0x3B35, 0x2BB3, 0x2BD4, 0x23D4, 0x2BF5, 0x2B94, 0x3395, 0x2353, 0x2373,   // 0x1E70 (7792) pixels
0x2BB2, 0x33B3, 0x3BF4, 0x33D4, 0x2C15, 0x3434, 0x3C13, 0x5454, 0x8592, 0x7552, 0x6D12, 0x64F2, 0x5C90, 0x64AF, 0x64D1, 0x4C2F,   // 0x1E80 (7808) pixels
0x3B4E, 0x5C91, 0x7571, 0x6CCF, 0x530D, 0x398B, 0x49AA, 0x836C, 0xE611, 0xC50F, 0xA38A, 0xDD70, 0xBDF3, 0x5CD2, 0x5514, 0x7533,   // 0x1E90 (7824) pixels
0x64F2, 0x5533, 0x63F1, 0x62EF, 0x4BF0, 0x4C71, 0x5410, 0x5431, 0x44B3, 0x4390, 0x61EB, 0x7B0F, 0x5C74, 0x54D5, 0x5CB3, 0x5C73,   // 0x1EA0 (7840) pixels
0x4C33, 0x4455, 0x5433, 0x4BD2, 0x4C75, 0x4454, 0x4C33, 0x4475, 0x4C53, 0x4C74, 0x4C74, 0x4413, 0x3BF2, 0x3BF2, 0x4412, 0x3BD2,   // 0x1EB0 (7856) pixels
0x4432, 0x4B50, 0x524C, 0x6A8B, 0x7B0B, 0x93ED, 0xA42D, 0xABEC, 0x6ACD, 0x626D, 0x72CF, 0x72AE, 0x6AAD, 0x520A, 0x41AA, 0x398B,   // 0x1EC0 (7872) pixels
0x298B, 0x31AB, 0x31CB, 0x3A0C, 0x3A0C, 0x39EB, 0x526A, 0x7B8D, 0xDD6F, 0xFEB1, 0xB48D, 0x7ACA, 0xBC8C, 0xF652, 0x7C31, 0x1B52,   // 0x1ED0 (7888) pixels
0x332F, 0x422B, 0x92EC, 0xF593, 0xAD94, 0x3C33, 0x2C35, 0x3B92, 0x498B, 0xA1CA, 0xA2EC, 0x5BD2, 0x3C15, 0x4433, 0x4432, 0x4BF5,   // 0x1EE0 (7904) pixels
0x4BD1, 0x4C12, 0x33B1, 0x3BD2, 0x43F3, 0x4BD3, 0x3B91, 0x3BD1, 0x3431, 0x3BF1, 0x43F2, 0x33B1, 0x2BD2, 0x2BF2, 0x2BD1, 0x3BF2,   // 0x1EF0 (7920) pixels
0x6CF0, 0x5CB1, 0x4C71, 0x4431, 0x4430, 0x64D2, 0x6CF3, 0x4C10, 0x334F, 0x5492, 0x7573, 0x6CD0, 0x534E, 0x39CC, 0x49CA, 0x7B6B,   // 0x1F00 (7936) pixels
0xE611, 0xC4EF, 0xABCB, 0xE5B2, 0xB5B4, 0x4C51, 0x4493, 0x5CB3, 0x5CF2, 0x5D54, 0x5B6F, 0x5A4C, 0x4B4F, 0x53F0, 0x6390, 0x6411,   // 0x1F10 (7952) pixels
0x4CB4, 0x4370, 0x61CB, 0x834F, 0x5C73, 0x4CB4, 0x5473, 0x5434, 0x5432, 0x5494, 0x5C31, 0x5BF0, 0x5CD4, 0x5472, 0x5C11, 0x5474,   // 0x1F20 (7968) pixels
0x54B4, 0x5493, 0x54B4, 0x5473, 0x4411, 0x4C52, 0x5473, 0x3BD0, 0x42EE, 0x426C, 0x49EA, 0x72AC, 0x8B4D, 0xAC6F, 0xC511, 0xA46D,   // 0x1F30 (7984) pixels
0x7ACC, 0x6A4B, 0x82EE, 0x8B70, 0x9370, 0x728C, 0x51EB, 0x416B, 0x296B, 0x298B, 0x29CB, 0x3A2D, 0x424E, 0x39EB, 0x4A4A, 0x7B8D,   // 0x1F40 (8000) pixels
0xDD70, 0xFE92, 0xB48E, 0x728A, 0xB46C, 0xFE93, 0x94D2, 0x4454, 0x43D1, 0x422B, 0x92AB, 0xF593, 0xAD73, 0x3C52, 0x3C75, 0x4371,   // 0x1F50 (8016) pixels
0x590A, 0xAA2A, 0xBAEB, 0x738F, 0x4453, 0x4C91, 0x4C30, 0x4432, 0x6C30, 0x6CB2, 0x5430, 0x5471, 0x6CD3, 0x74D3, 0x6CD2, 0x6CF2,   // 0x1F60 (8032) pixels
0x4CB1, 0x5CB2, 0x6CB2, 0x6472, 0x4C51, 0x3C31, 0x33F0, 0x3C32, 0x5CAF, 0x4C70, 0x4451, 0x3C30, 0x3C0F, 0x5492, 0x6493, 0x434F,   // 0x1F70 (8048) pixels
0x3AEF, 0x53D1, 0x6471, 0x5C0F, 0x4B0E, 0x41EC, 0x4A0A, 0x7B6B, 0xE570, 0xCCAE, 0xBC0C, 0xEDF3, 0xB5B4, 0x4411, 0x3412, 0x4411,   // 0x1F80 (8064) pixels
0x4C92, 0x4C93, 0x4A4D, 0x59CC, 0x5B30, 0x5B50, 0x62CF, 0x6BD1, 0x4C93, 0x4391, 0x726C, 0xA410, 0x6CD3, 0x4CB3, 0x4C52, 0x4C12,   // 0x1F90 (8080) pixels
0x5432, 0x54B3, 0x5BF0, 0x63AF, 0x5CD3, 0x4BF0, 0x534E, 0x5412, 0x4493, 0x4431, 0x4C72, 0x5451, 0x4BAF, 0x5C32, 0x6453, 0x432F,   // 0x1FA0 (8096) pixels
0x39CA, 0x39A9, 0x41A9, 0x624A, 0x82AB, 0xB42F, 0xCD72, 0x9CAD, 0x838D, 0x6AAB, 0x72ED, 0x8BB0, 0x9C11, 0x83B0, 0x730F, 0x49CB,   // 0x1FB0 (8112) pixels
0x39AC, 0x318B, 0x29AB, 0x322D, 0x3A4E, 0x39CB, 0x4A6A, 0x7BAD, 0xD571, 0xFE52, 0xBC6E, 0x7ACB, 0xBC8D, 0xF673, 0x94D1, 0x5CB4,   // 0x1FC0 (8128) pixels
0x6432, 0x422B, 0x8AAB, 0xE572, 0xB572, 0x4C31, 0x4412, 0x432F, 0x590A, 0x9A2A, 0xB2CA, 0x834E, 0x54B2, 0x54F2, 0x5450, 0x4411,   // 0x1FD0 (8144) pixels
0x642F, 0x6491, 0x5470, 0x4C70, 0x5470, 0x6490, 0x64D1, 0x5CB0, 0x5C91, 0x6C91, 0x84B2, 0x84D3, 0x7D13, 0x64F3, 0x4451, 0x4431,   // 0x1FE0 (8160) pixels
0x5CD0, 0x4C70, 0x54B2, 0x54D2, 0x54B0, 0x5C91, 0x4BD0, 0x2A6C, 0x31CC, 0x3A2D, 0x3A6C, 0x3A6B, 0x424C, 0x420C, 0x522A, 0x7B6B,   // 0x1FF0 (8176) pixels
0xE570, 0xCCAE, 0xBC2C, 0xEDF3, 0xAD93, 0x3C10, 0x2C52, 0x44B2, 0x5492, 0x4C31, 0x41AA, 0x6A0D, 0x73B1, 0x630F, 0x6A2C, 0x736F,   // 0x2000 (8192) pixels
0x4CB2, 0x4B8F, 0x82CC, 0xBCD1, 0x7D52, 0x5CF3, 0x54B2, 0x5472, 0x5C52, 0x4C93, 0x5BB0, 0x6B8F, 0x5C92, 0x436E, 0x52CC, 0x5BD1,   // 0x2010 (8208) pixels
0x3C73, 0x3C32, 0x4C31, 0x436F, 0x3A8D, 0x4ACE, 0x5AF0, 0x39ED, 0x418A, 0x41AA, 0x49EA, 0x59EA, 0x71E9, 0xA38D, 0xC552, 0x9C8D,   // 0x2020 (8224) pixels
0x8BCE, 0x730C, 0x6ACC, 0x7B4E, 0x9411, 0x8BF0, 0x8390, 0x6AAE, 0x49EC, 0x39AB, 0x298A, 0x29CC, 0x320E, 0x31CB, 0x524A, 0x838D,   // 0x2030 (8240) pixels
0xD572, 0xFE72, 0xC4AF, 0x8B0C, 0xBCCE, 0xEE72, 0x8C2E, 0x4BB0, 0x5B2F, 0x4A4C, 0x8B6E, 0xDD72, 0xC593, 0x7CD3, 0x53F1, 0x430D,   // 0x2040 (8256) pixels
0x516B, 0x7A4A, 0xAB0B, 0x9BCF, 0x5C91, 0x54B1, 0x6431, 0x4BD0, 0x6451, 0x5C51, 0x5492, 0x5492, 0x4C10, 0x540F, 0x64B2, 0x5CB1,   // 0x2050 (8272) pixels
0x5BF0, 0x7431, 0x94B3, 0x9CF3, 0x8D34, 0x74F3, 0x5452, 0x4C32, 0x3C0F, 0x3BCE, 0x4C50, 0x5CF2, 0x6D32, 0x6CF1, 0x538F, 0x322C,   // 0x2060 (8288) pixels
0x316A, 0x316B, 0x314A, 0x2969, 0x39EB, 0x4A0C, 0x5A4B, 0x836C, 0xDD8F, 0xC50F, 0xBC8D, 0xE5F2, 0xAD72, 0x440F, 0x3452, 0x54F2,   // 0x2070 (8304) pixels
0x5CD1, 0x5C50, 0x51C9, 0x8AEE, 0x8C72, 0x732D, 0x7A4B, 0x8BCF, 0x54F1, 0x436E, 0x828B, 0xC4D0, 0x7D10, 0x54D1, 0x54B1, 0x54B1,   // 0x2080 (8320) pixels
0x5C52, 0x4452, 0x532F, 0x6B2F, 0x5C52, 0x432D, 0x62AC, 0x6390, 0x4493, 0x4C73, 0x4BF2, 0x3AAE, 0x298A, 0x398B, 0x41AC, 0x394A,   // 0x2090 (8336) pixels
0x4189, 0x41CA, 0x522B, 0x59EB, 0x720B, 0xAB8F, 0xD573, 0xB510, 0x93CE, 0x834E, 0x6A8C, 0x6ACD, 0x8BB0, 0x836E, 0x8B90, 0x8B2F,   // 0x20A0 (8352) pixels
0x626D, 0x4A0B, 0x31AA, 0x29CC, 0x3A0D, 0x39EC, 0x522A, 0x732C, 0xC510, 0xFE73, 0xCCAF, 0x82EB, 0xBCCD, 0xF693, 0x83CD, 0x2A4B,   // 0x20B0 (8368) pixels
0x4A0B, 0x4A2C, 0x7B4E, 0xA3CD, 0xAC4E, 0x8C92, 0x5BF0, 0x4B2D, 0x49CC, 0x7ACB, 0xC450, 0xC4F2, 0x6C70, 0x4C30, 0x7453, 0x7433,   // 0x20C0 (8384) pixels
0x7473, 0x53D0, 0x5C52, 0x6453, 0x5BD1, 0x63B0, 0x7472, 0x6CB2, 0x6411, 0x8493, 0x9D14, 0x8CF3, 0x7CD2, 0x6491, 0x5411, 0x5432,   // 0x20D0 (8400) pixels
0x234F, 0x230E, 0x438F, 0x5C50, 0x6CD0, 0x6470, 0x4AED, 0x39EC, 0x41EB, 0x41CC, 0x398B, 0x3189, 0x3A0B, 0x4A2C, 0x5A6B, 0x834C,   // 0x20E0 (8416) pixels
0xD58E, 0xD5B0, 0xCD2F, 0xEDD1, 0xBD31, 0x6C10, 0x5C11, 0x7450, 0x64B0, 0x6C90, 0x624A, 0x936F, 0x8C91, 0x730C, 0x8A6A, 0x9C2F,   // 0x20F0 (8432) pixels
0x54D1, 0x432E, 0x826B, 0xC4B0, 0x6C8F, 0x4430, 0x4450, 0x4C91, 0x5C71, 0x3C51, 0x4AEE, 0x62EE, 0x5412, 0x4B4E, 0x730D, 0x636E,   // 0x2100 (8448) pixels
0x4411, 0x5432, 0x5370, 0x3A0C, 0x398A, 0x418A, 0x418A, 0x41AB, 0x39CA, 0x39CA, 0x4A0B, 0x59EB, 0x724C, 0x9B6F, 0xBC91, 0xAC4E,   // 0x2110 (8464) pixels
0x8B0D, 0x830E, 0x6A4C, 0x6A2C, 0x72AC, 0x7AAB, 0x934E, 0x8AED, 0x72AC, 0x5A4B, 0x39A9, 0x298A, 0x31CD, 0x41EC, 0x520B, 0x6AAA,   // 0x2120 (8480) pixels
0xAC6F, 0xF631, 0xC48E, 0x82EB, 0xB4CD, 0xEE73, 0x83AE, 0x29EB, 0x49EA, 0x420C, 0x626C, 0x82A9, 0x8B6B, 0x7C0F, 0x5B6E, 0x52ED,   // 0x2130 (8496) pixels
0x51EB, 0x8B0C, 0xD48F, 0xD531, 0x8CB0, 0x6491, 0x7494, 0x8474, 0x74D3, 0x6451, 0x7493, 0x7C52, 0x8C53, 0x8C52, 0x7C51, 0x7470,   // 0x2140 (8512) pixels
0x6CD1, 0x74F2, 0x7CF2, 0x64B0, 0x54B0, 0x54B1, 0x4C30, 0x43D0, 0x1B10, 0x22EF, 0x3B4F, 0x4B8E, 0x5BEE, 0x53AE, 0x426D, 0x39CD,   // 0x2150 (8528) pixels
0x3A2B, 0x420C, 0x39EC, 0x31AA, 0x3A0B, 0x420B, 0x522A, 0x7B0C, 0xCD6D, 0xEE53, 0xEDB1, 0xFDB1, 0xDCF0, 0xA431, 0x9412, 0x9BAF,   // 0x2160 (8544) pixels
0x5C50, 0x7492, 0x6A6C, 0x8B4F, 0x73EF, 0x628B, 0x822A, 0x93EF, 0x4490, 0x430E, 0x8A8D, 0xCCF2, 0x6C70, 0x3BF0, 0x4431, 0x5491,   // 0x2170 (8560) pixels
0x64D1, 0x3C70, 0x4AED, 0x6AEE, 0x5412, 0x5BAF, 0x8B8E, 0x638D, 0x3B2D, 0x536F, 0x428C, 0x398A, 0x49EB, 0x522C, 0x4A0B, 0x526C,   // 0x2180 (8576) pixels
0x424C, 0x39EB, 0x49EC, 0x59EC, 0x726D, 0x8AED, 0x9B6D, 0x930A, 0x7A6B, 0x82CE, 0x728E, 0x6A4C, 0x620A, 0x6A29, 0x9B6E, 0x82AC,   // 0x2190 (8592) pixels
0x8B4E, 0x6ACC, 0x41EA, 0x298A, 0x31CD, 0x41ED, 0x5A0B, 0x6A6A, 0xB4B0, 0xFE72, 0xCCCE, 0x9B8D, 0xC54E, 0xEE72, 0x8BEF, 0x428E,   // 0x21A0 (8608) pixels
0x526C, 0x522D, 0x7ACE, 0xB430, 0xC552, 0x8CD1, 0x532D, 0x4A2A, 0x61C9, 0x92AA, 0xBB6A, 0xBBEB, 0x9CAF, 0x6C91, 0x53AF, 0x630E,   // 0x21B0 (8624) pixels
0x6470, 0x6470, 0x74B1, 0x7C30, 0xA514, 0xAD54, 0x8490, 0x746E, 0x6510, 0x6D30, 0x6510, 0x4C8E, 0x44CF, 0x5532, 0x4CB2, 0x4C31,   // 0x21C0 (8640) pixels
0x3A8D, 0x522D, 0x69AB, 0x696A, 0x618A, 0x49CA, 0x39EC, 0x422D, 0x3A2C, 0x420B, 0x4A0B, 0x39CA, 0x3A2B, 0x424B, 0x522A, 0x7B0D,   // 0x21D0 (8656) pixels
0xC4F1, 0xFE12, 0xE56F, 0xB42E, 0xAB8F, 0xBB0D, 0xC30D, 0xBB2E, 0xA2CB, 0x9ACE, 0x9A6D, 0xA2CC, 0x8ACC, 0x628B, 0x6AAB, 0xBC50,   // 0x21E0 (8672) pixels
0x83F3, 0x4A8C, 0x62EA, 0xBD11, 0x7C2F, 0x3391, 0x23F4, 0x3C13, 0x5470, 0x4C8F, 0x528C, 0x7AF0, 0x5390, 0x5AED, 0x828D, 0x528B,   // 0x21F0 (8688) pixels
0x39AC, 0x39AC, 0x39CC, 0x39AB, 0x39CB, 0x39CB, 0x420B, 0x62EF, 0x62AD, 0x4A0B, 0x41CB, 0x51EB, 0x82ED, 0xA36E, 0x9B4E, 0xA3D0,   // 0x2200 (8704) pixels
0xA3B0, 0xBC30, 0xBC0E, 0x9B6D, 0x624B, 0x6209, 0xB40E, 0xAC2E, 0x9BEE, 0xA3AF, 0x72CD, 0x39CB, 0x29AC, 0x31EC, 0x49CA, 0x7A0A,   // 0x2210 (8720) pixels
0xD530, 0xEDF3, 0xDDD1, 0xD54F, 0xE5B1, 0xE614, 0xACD0, 0x5AC9, 0x4A4B, 0x422B, 0x836D, 0xCD0F, 0xD5F1, 0x9D31, 0x534D, 0x39EA,   // 0x2220 (8736) pixels
0x4A0D, 0x520A, 0x72AB, 0x830C, 0x7BD0, 0x64B3, 0x43F0, 0x4B0D, 0x4BEF, 0x5471, 0x4CB1, 0x4C91, 0x5470, 0x5C91, 0x64D1, 0x5490,   // 0x2230 (8752) pixels
0x3C31, 0x4430, 0x5470, 0x5490, 0x5D12, 0x4C70, 0x440E, 0x64B0, 0x322C, 0x4A0C, 0x61CB, 0x61AA, 0x59CA, 0x41AA, 0x39EB, 0x424D,   // 0x2240 (8768) pixels
0x3A2C, 0x420B, 0x41EB, 0x39CA, 0x3A2C, 0x424C, 0x4A0A, 0x7AED, 0xCD72, 0xF653, 0xC4AC, 0x7AE9, 0x728B, 0x928B, 0xAB0D, 0xA30D,   // 0x2250 (8784) pixels
0xA30D, 0xAB2F, 0xAB0E, 0xBB6F, 0x9B4D, 0x6AAC, 0x6A6B, 0xA34D, 0x92EE, 0x726A, 0x934B, 0xCD31, 0x8C2F, 0x334F, 0x232F, 0x436F,   // 0x2260 (8800) pixels
0x5C0F, 0x4C2F, 0x4A2A, 0x72AE, 0x5BD1, 0x630E, 0x7A8D, 0x62ED, 0x422D, 0x420D, 0x41EC, 0x39EC, 0x420C, 0x41EB, 0x41EA, 0x5A8D,   // 0x2270 (8816) pixels
0x5A6B, 0x41CA, 0x41AA, 0x49CA, 0x82CD, 0xA36F, 0x82AB, 0x82AC, 0x8B0D, 0x8B2C, 0x8AE9, 0x7ACA, 0x4A0A, 0x4987, 0x8B0B, 0x8B6B,   // 0x2280 (8832) pixels
0x7309, 0x830B, 0x6AAC, 0x31EB, 0x29CC, 0x31ED, 0x49EA, 0x7A0A, 0xC4F1, 0xDDD4, 0xDD92, 0xCCF0, 0xCD11, 0xC4F2, 0xAC71, 0x8BCF,   // 0x2290 (8848) pixels
0x4A4B, 0x4A2B, 0x832D, 0xC4AE, 0xC58F, 0x9D71, 0x6430, 0x530E, 0x41CB, 0x5A2A, 0x8B4D, 0x9BEF, 0x8471, 0x5CB3, 0x4BAF, 0x52CD,   // 0x22A0 (8864) pixels
0x6C90, 0x64B1, 0x5490, 0x4C70, 0x4C51, 0x4C30, 0x4410, 0x33EF, 0x2B90, 0x3BD0, 0x4BF0, 0x4BB0, 0x5452, 0x43F1, 0x33AF, 0x33EF,   // 0x22B0 (8880) pixels
0x3A0B, 0x41EB, 0x49CA, 0x49A9, 0x41C9, 0x31A9, 0x39CB, 0x4A4D, 0x422B, 0x422B, 0x41EB, 0x31CB, 0x3A2C, 0x422C, 0x4A0A, 0x830D,   // 0x22C0 (8896) pixels
0xE5F4, 0xEDD2, 0x9BAA, 0x5A68, 0x5A8B, 0x6A4A, 0x82AB, 0x830E, 0x8AEC, 0x930D, 0x9AEC, 0xAB6D, 0x7ACB, 0x522A, 0x6A6B, 0x930C,   // 0x22D0 (8912) pixels
0xA28A, 0xAB0B, 0xB3AC, 0xC48F, 0x7BAE, 0x4B4E, 0x534E, 0x736D, 0x73EF, 0x536D, 0x49C9, 0x7ACE, 0x6BD0, 0x632F, 0x82CF, 0x6B0E,   // 0x22E0 (8928) pixels
0x4A8D, 0x4A6D, 0x422C, 0x3A0C, 0x422C, 0x41EB, 0x49EA, 0x62AD, 0x62CC, 0x4A0A, 0x4A0B, 0x49CA, 0x82ED, 0xA3AF, 0x8ACC, 0x82CC,   // 0x22F0 (8944) pixels
0x9BCE, 0x9BCD, 0xA3CC, 0x836D, 0x526C, 0x5A4A, 0xA40E, 0xAC8F, 0x942C, 0x9BED, 0x734D, 0x3A4C, 0x29ED, 0x31EC, 0x41A9, 0x71E9,   // 0x2300 (8960) pixels
0x836B, 0x8B8C, 0x934B, 0x934B, 0xA3CD, 0xA40E, 0xAC2F, 0xA3EF, 0x424A, 0x520B, 0x930E, 0xCC8F, 0xC56F, 0x8D92, 0x6491, 0x536E,   // 0x2310 (8976) pixels
0x522A, 0x7ACB, 0xBC4F, 0xBCD1, 0x7491, 0x43EF, 0x3ACC, 0x5A2B, 0x5C2F, 0x542F, 0x4C70, 0x4C91, 0x5451, 0x4C31, 0x43CF, 0x33CE,   // 0x2320 (8992) pixels
0x3B50, 0x43B0, 0x436F, 0x436F, 0x5412, 0x4C32, 0x43F1, 0x3BB1, 0x52AD, 0x4A6C, 0x4A2B, 0x424B, 0x426B, 0x3A2B, 0x3A0B, 0x4A4D,   // 0x2330 (9008) pixels
0x422B, 0x4A4C, 0x3A0C, 0x31CB, 0x422D, 0x422B, 0x520A, 0x834D, 0xDD94, 0xDD31, 0x938B, 0x6AEC, 0x7390, 0x7B4D, 0x72CB, 0x6AED,   // 0x2340 (9024) pixels
0x7B4D, 0x8B6C, 0x936B, 0x9BCD, 0x62AA, 0x41E9, 0x6AED, 0x938F, 0xAB2B, 0xBB8C, 0xA34B, 0x832B, 0x5AEC, 0x5B6E, 0x7BAE, 0xAC2E,   // 0x2350 (9040) pixels
0x9431, 0x4A8C, 0x4989, 0x8ACD, 0x6B2D, 0x5AEE, 0x7AF0, 0x6AEE, 0x4A8C, 0x426C, 0x424C, 0x3A2C, 0x3A0C, 0x41EB, 0x522B, 0x732E,   // 0x2360 (9056) pixels
0x62CC, 0x41EA, 0x41EA, 0x49C9, 0x7ACC, 0xAC10, 0xABEF, 0xB471, 0xB46E, 0xBC8F, 0xC4EF, 0x93AD, 0x4A0A, 0x628A, 0xBCD0, 0xBD10,   // 0x2370 (9072) pixels
0xCD70, 0xBC90, 0x7B4D, 0x3A0B, 0x29CC, 0x31CC, 0x4189, 0x71C9, 0xB4AE, 0xC511, 0xD552, 0xCD73, 0xC592, 0xC5D2, 0xCDF2, 0xBD50,   // 0x2380 (9088) pixels
0x426A, 0x49EA, 0x92CD, 0xDCB0, 0xCDB0, 0x8551, 0x544F, 0x434D, 0x524A, 0x82EA, 0xD4AF, 0xC572, 0x6C70, 0x332D, 0x3A2B, 0x722C,   // 0x2390 (9104) pixels
0x5BD0, 0x4BD0, 0x4C31, 0x4C11, 0x4BD0, 0x5C50, 0x64B1, 0x5C8F, 0x7473, 0x7CF4, 0x6CB2, 0x6491, 0x6450, 0x63F0, 0x73F1, 0x83F2,   // 0x23A0 (9120) pixels
0x5AAD, 0x528D, 0x4A8C, 0x4ACD, 0x4ACD, 0x426C, 0x422C, 0x424C, 0x4A2B, 0x4A6D, 0x3A2D, 0x31CC, 0x420C, 0x41EB, 0x520A, 0x732D,   // 0x23B0 (9136) pixels
0xB3EF, 0xC42F, 0x9B6D, 0x62AC, 0x83D0, 0xA451, 0x7AEC, 0x4A0B, 0x5ACA, 0x8BAC, 0xA40C, 0x9C2E, 0x526A, 0x31C9, 0x62ED, 0x7B4E,   // 0x23C0 (9152) pixels
0x9B4C, 0xA32B, 0x8289, 0x4A49, 0x2A8B, 0x432D, 0x6B6C, 0xAC2D, 0x9BF0, 0x4A2B, 0x4968, 0x8ACC, 0x72EB, 0x528D, 0x62AF, 0x62CD,   // 0x23D0 (9168) pixels
0x52AC, 0x4A6B, 0x424C, 0x3A2C, 0x3A2C, 0x420B, 0x522B, 0x732E, 0x6B0E, 0x4A2C, 0x41EB, 0x520A, 0x7AEC, 0xA3EE, 0xB46F, 0xC532,   // 0x23E0 (9184) pixels
0xDD4F, 0xE590, 0xE5B1, 0xA40E, 0x5229, 0x6AAA, 0xCD0F, 0xCD4F, 0xEDD2, 0xCC8F, 0x7ACC, 0x39CA, 0x31CD, 0x39ED, 0x4989, 0x79A8,   // 0x23F0 (9200) pixels
0xC44D, 0xF614, 0xEE56, 0xAD31, 0x846D, 0x7C6B, 0x84CB, 0x94EB, 0x532B, 0x526A, 0x8AEC, 0xDCD0, 0xD590, 0x84CF, 0x4BEF, 0x4B8F,   // 0x2400 (9216) pixels
0x4A4A, 0x82EA, 0xD4CF, 0xCD72, 0x6C2F, 0x2AAC, 0x41EB, 0x824C, 0x6B4F, 0x6390, 0x63F1, 0x5390, 0x4B4E, 0x5C30, 0x64D1, 0x4C4D,   // 0x2410 (9232) pixels
0x53F0, 0x6430, 0x7430, 0x8470, 0x83CE, 0x72EB, 0x832D, 0x9BD0, 0x4A4C, 0x4A6D, 0x428D, 0x42AD, 0x428D, 0x424C, 0x3A2C, 0x3A6C,   // 0x2420 (9248) pixels
0x420B, 0x424D, 0x3A0C, 0x31AB, 0x41CB, 0x49EB, 0x520A, 0x62CC, 0x82AC, 0x9B0D, 0x8AAC, 0x5A0A, 0x836E, 0xAC91, 0x7B0C, 0x41CA,   // 0x2430 (9264) pixels
0x62AA, 0xC4F0, 0xDD91, 0xAC70, 0x4A0A, 0x3989, 0x6ACD, 0x730E, 0x82CC, 0x9ACB, 0x8A6A, 0x4A4B, 0x1A8C, 0x22EC, 0x4309, 0x6B8A,   // 0x2440 (9280) pixels
0x7B2D, 0x522C, 0x59CA, 0x9B6C, 0x9BCE, 0x5ACF, 0x3A0D, 0x5AAD, 0x62CC, 0x4A6B, 0x3A2B, 0x322C, 0x3A4D, 0x422B, 0x4A0A, 0x6AED,   // 0x2450 (9296) pixels
0x62CE, 0x420B, 0x41EB, 0x524B, 0x834C, 0xAC2D, 0xB46E, 0xBD10, 0xF5D0, 0xFE31, 0xEDD1, 0xA42E, 0x524A, 0x6248, 0xCCEF, 0xEE11,   // 0x2460 (9312) pixels
0xFE14, 0xCC70, 0x7AAB, 0x39CB, 0x39EE, 0x39ED, 0x4988, 0x81A8, 0xCB8C, 0xEDB4, 0xA4D1, 0x4AEA, 0x432A, 0x4B8A, 0x53E8, 0x6CCA,   // 0x2470 (9328) pixels
0x642C, 0x5B8C, 0x83AC, 0xD4EF, 0xD570, 0x844E, 0x536E, 0x5B8F, 0x4A8C, 0x936C, 0xE551, 0xBD11, 0x530C, 0x21AB, 0x49AB, 0x82AD,   // 0x2480 (9344) pixels
0x930D, 0x8B4F, 0x6AEE, 0x4A8C, 0x42AC, 0x5BD0, 0x6CD2, 0x4C4F, 0x4C10, 0x432D, 0x62EC, 0xABD0, 0xBBF0, 0xA32D, 0x7AAC, 0x6ACC,   // 0x2490 (9360) pixels
0x422C, 0x426D, 0x3A6D, 0x3A2C, 0x422D, 0x422D, 0x3A2D, 0x326D, 0x420B, 0x3A2C, 0x31EC, 0x39AB, 0x51EC, 0x5A4C, 0x5A6B, 0x4A8C,   // 0x24A0 (9376) pixels
0x624C, 0x8ACD, 0x8ACD, 0x622B, 0x838E, 0xC4F1, 0x93AE, 0x4A2B, 0x836D, 0xF634, 0xFE54, 0x9BEE, 0x3148, 0x3129, 0x628D, 0x730D,   // 0x24B0 (9392) pixels
0x82EC, 0xB2EB, 0xAACC, 0x5A6C, 0x1A6C, 0x1ACC, 0x32EA, 0x4B4B, 0x62AA, 0x4A2C, 0x624C, 0xB3EE, 0xB44F, 0x62EF, 0x29AC, 0x528C,   // 0x24C0 (9408) pixels
0x6AED, 0x526B, 0x3A0B, 0x320C, 0x3A4D, 0x3A2C, 0x422B, 0x630D, 0x62ED, 0x420B, 0x420B, 0x522A, 0x7B0B, 0xA40D, 0xA42C, 0xAC8E,   // 0x24D0 (9424) pixels
0xF5CF, 0xFE52, 0xE590, 0x93CD, 0x4A2B, 0x5A49, 0xCD10, 0xE632, 0xD5B2, 0xAC0E, 0x626B, 0x29CB, 0x29EE, 0x31CC, 0x4968, 0x89C8,   // 0x24E0 (9440) pixels
0xD32C, 0xB450, 0x4B2B, 0x0A28, 0x332C, 0x4BAD, 0x4BCA, 0x4C6A, 0x64AB, 0x5C6C, 0x740B, 0xBCCD, 0xDD2F, 0xA42F, 0x630E, 0x52CD,   // 0x24F0 (9456) pixels
0x426D, 0x93AE, 0xE572, 0xA46E, 0x39E9, 0x290A, 0x49CB, 0x72CD, 0xAB6F, 0x9B8F, 0x5A0B, 0x4189, 0x4A0B, 0x630E, 0x8471, 0x84F2,   // 0x2500 (9472) pixels
0x6BD1, 0x4A6B, 0x5A2A, 0x9B8F, 0xBC51, 0xABF0, 0x6A8C, 0x41C9, 0x39EB, 0x3A2C, 0x320C, 0x31EC, 0x41ED, 0x420D, 0x31EC, 0x21EB,   // 0x2510 (9488) pixels
0x39EB, 0x3A0C, 0x31CB, 0x39CB, 0x5A2C, 0x72AD, 0x62CD, 0x4A8C, 0x41AA, 0x830E, 0x8B2F, 0x5A2A, 0x836C, 0xCD72, 0xA450, 0x41CA,   // 0x2520 (9504) pixels
0x83AD, 0xEE13, 0xE5B0, 0x730B, 0x1907, 0x39AB, 0x6B0E, 0x738F, 0x9B8E, 0xC30B, 0xBACB, 0x622B, 0x1A0B, 0x1A8B, 0x3B0B, 0x4BAE,   // 0x2530 (9520) pixels
0x62CA, 0x41EC, 0x626D, 0xABED, 0xABCD, 0x528E, 0x21AC, 0x4A8C, 0x72ED, 0x524B, 0x39EB, 0x29CB, 0x320C, 0x322C, 0x426C, 0x736F,   // 0x2540 (9536) pixels
0x6B0D, 0x4A2A, 0x4A4B, 0x4A29, 0x7B0B, 0xB46E, 0xB48E, 0xBD31, 0xEDCF, 0xF652, 0xD570, 0x838D, 0x3A0B, 0x5A8B, 0xC511, 0xBD2F,   // 0x2550 (9552) pixels
0xAD10, 0x8BCD, 0x528B, 0x2A2D, 0x2A2F, 0x31AC, 0x4967, 0x91E8, 0xCAEB, 0x8B4B, 0x2AEA, 0x0AEB, 0x230C, 0x436D, 0x540C, 0x4C8B,   // 0x2560 (9568) pixels
0x5C89, 0x54AB, 0x53E9, 0x9C4A, 0xDD0F, 0xBC71, 0x730E, 0x4A2B, 0x3A6E, 0x93CF, 0xD531, 0x93CC, 0x3968, 0x310B, 0x49AB, 0x5229,   // 0x2570 (9584) pixels
0x7A8C, 0x832F, 0x51EB, 0x51CA, 0x6A6D, 0x6A4A, 0x830B, 0x93CC, 0x828D, 0x59EA, 0x5A6A, 0x7BAD, 0x83ED, 0x7B8D, 0x4A2A, 0x3989,   // 0x2580 (9600) pixels
0x71CC, 0x59EA, 0x5209, 0x69C9, 0x920B, 0x8A6D, 0x620C, 0x49CA, 0x522B, 0x626D, 0x622C, 0x5989, 0x820C, 0xAAF0, 0x82AC, 0x4208,   // 0x2590 (9616) pixels
0x398A, 0x8B8F, 0x834D, 0x41C9, 0x734E, 0xBD72, 0x8C2E, 0x31EA, 0xA370, 0xE552, 0xCCF1, 0x4A0A, 0x1907, 0x6AEB, 0x9C6F, 0x9C91,   // 0x25A0 (9632) pixels
0xB52F, 0x9A46, 0xB209, 0x8A0B, 0x628B, 0x3A69, 0x326B, 0x32F0, 0x3B0F, 0x42AC, 0x5A27, 0xB3ED, 0xAC10, 0x4A2E, 0x298C, 0x49EB,   // 0x25B0 (9648) pixels
0x428D, 0x426D, 0x2A0C, 0x1A0B, 0x1A2A, 0x2249, 0x4ACC, 0x5AEE, 0x4ACD, 0x3A4B, 0x426B, 0x62AA, 0xABED, 0xF5D3, 0xC4F0, 0xB531,   // 0x25C0 (9664) pixels
0xBD70, 0xC5F0, 0xAD2E, 0x738B, 0x4AA9, 0x530A, 0x7C6D, 0x740B, 0x4C88, 0x6C6C, 0x5BCB, 0x3B6A, 0x2A8A, 0x398B, 0x5929, 0x8A68,   // 0x25D0 (9680) pixels
0xDAAB, 0x9B2E, 0x332C, 0x032C, 0x2B2B, 0x3AE9, 0x3B69, 0x4C4D, 0x540A, 0x4C4B, 0x3BE9, 0x5C2A, 0x94CD, 0x9C8F, 0x734E, 0x3A2D,   // 0x25E0 (9696) pixels
0x4A4D, 0x8B4C, 0xE5B1, 0xA48F, 0x526B, 0x41A9, 0x49C8, 0x5A8A, 0x8B09, 0x9B4D, 0x7A0B, 0x7989, 0xB2AD, 0xAA6B, 0x9A2B, 0x798A,   // 0x25F0 (9712) pixels
0x51CB, 0x5A2B, 0x4AEC, 0x3BAD, 0x2B0B, 0x52AA, 0x6A2A, 0x69EB, 0xA2CC, 0xA2EC, 0xB30B, 0xB2EB, 0xB2CB, 0xB2ED, 0x9A8B, 0x7A4A,   // 0x2600 (9728) pixels
0x730D, 0x8B90, 0x8B4F, 0x720B, 0x69CA, 0x6A2C, 0x522B, 0x4A0A, 0x7A2B, 0x93AD, 0x7B6C, 0x4A2A, 0x6B0D, 0x9490, 0x6BCE, 0x3A4D,   // 0x2610 (9744) pixels
0x932D, 0xC48F, 0xAC0E, 0x41C9, 0x2949, 0x62AC, 0x93AF, 0xAC92, 0xC4B1, 0x9AAA, 0xA28B, 0x9A0A, 0xA24B, 0x820A, 0x59EA, 0x424D,   // 0x2620 (9760) pixels
0x3A6D, 0x428C, 0x6AEB, 0xC511, 0xB4D2, 0x428D, 0x11AB, 0x220A, 0x324A, 0x3A4C, 0x322C, 0x3A4C, 0x326B, 0x2249, 0x328B, 0x3AAC,   // 0x2630 (9776) pixels
0x322B, 0x2A0A, 0x3A4B, 0x6B0C, 0xB44F, 0xF5F4, 0xAC4E, 0x738C, 0x742A, 0x8D0C, 0x84CB, 0x6C4D, 0x640E, 0x4B8C, 0x4B8A, 0x4349,   // 0x2640 (9792) pixels
0x4C4A, 0x6C6D, 0x6C6E, 0x544D, 0x430C, 0x498B, 0x58E8, 0x9248, 0xE2CB, 0x9ACB, 0x3AAB, 0x12CB, 0x2ACB, 0x42C9, 0x436A, 0x53EC,   // 0x2650 (9808) pixels
0x640B, 0x540C, 0x43AB, 0x5BCA, 0x8C8C, 0xA4AE, 0x7BAF, 0x424D, 0x522D, 0xA3EE, 0xE5D2, 0x9C4F, 0x528C, 0x522B, 0x6A8B, 0x9BCF,   // 0x2660 (9824) pixels
0xD5B1, 0xCD32, 0xA34D, 0x89E8, 0xAA89, 0xBAEA, 0xA2CB, 0x71EA, 0x41AD, 0x41EB, 0x42AC, 0x3B2E, 0x2A6A, 0x5A4A, 0x8A4B, 0x924D,   // 0x2670 (9840) pixels
0x6A8A, 0x9A8A, 0xBAEC, 0xAAEB, 0x8ACA, 0x8ACB, 0x8ACC, 0x82AC, 0x8B0D, 0x936E, 0x934E, 0x8A6B, 0x69EA, 0x39A9, 0x3169, 0x49CC,   // 0x2680 (9856) pixels
0x92CC, 0x73AC, 0x534A, 0x4A09, 0x728C, 0x8B8D, 0x632C, 0x42AE, 0x832B, 0xB491, 0x9BEF, 0x39C9, 0x2169, 0x49EC, 0x6A4B, 0x830C,   // 0x2690 (9872) pixels
0xA3AF, 0x6A0A, 0x69A8, 0x8147, 0xB1E9, 0x99EA, 0x79EA, 0x724C, 0x526C, 0x424B, 0x5ACA, 0xC4F0, 0xBCAF, 0x5A6A, 0x2189, 0x29C9,   // 0x26A0 (9888) pixels
0x29C7, 0x39E9, 0x41EB, 0x526D, 0x5ACD, 0x3A8B, 0x226A, 0x1A6B, 0x19EB, 0x222C, 0x322B, 0x6AEC, 0xB42E, 0xE5B3, 0x8BCE, 0x3A69,   // 0x26B0 (9904) pixels
0x3B68, 0x64AA, 0x64AA, 0x5C6C, 0x5C6F, 0x4BEE, 0x2B09, 0x332A, 0x3B4A, 0x4B8C, 0x5C0D, 0x648D, 0x534C, 0x496A, 0x58A7, 0x9208,   // 0x26C0 (9920) pixels
0xF32B, 0xBB0C, 0x528A, 0x1A6A, 0x2A6B, 0x3A8A, 0x3B2A, 0x4B6B, 0x5BCB, 0x4B8B, 0x3AEA, 0x4B29, 0x7C2A, 0x9CED, 0x8C4F, 0x52AC,   // 0x26D0 (9936) pixels
0x522B, 0xA44F, 0xCD30, 0x838C, 0x5AAD, 0x5A6D, 0x728B, 0x9BAE, 0xBD2F, 0xB46E, 0xA34C, 0xA2A9, 0xC32A, 0xCBAC, 0xAB6D, 0x724B,   // 0x26E0 (9952) pixels
0x416B, 0x4129, 0x4A0B, 0x4B0E, 0x4A8C, 0x6A2B, 0x8A2C, 0x81EC, 0x39EA, 0x69CA, 0xA24D, 0x928D, 0x5A6B, 0x4A8C, 0x6AEE, 0x82EF,   // 0x26F0 (9968) pixels
0xA2EC, 0x9AEC, 0x92CB, 0x92AC, 0x7ACD, 0x524B, 0x39AB, 0x49CD, 0x52ED, 0x4BEE, 0x3BAD, 0x526B, 0x81EA, 0x9209, 0x6A07, 0x5AAB,   // 0x2700 (9984) pixels
0x5A49, 0x7B2E, 0x6AED, 0x31E9, 0x2189, 0x39CB, 0x5A4B, 0x830A, 0x9C8F, 0x5A4A, 0x5128, 0x7988, 0x92AB, 0x6A49, 0x6A29, 0x9A6B,   // 0x2710 (10000) pixels
0x72AD, 0x4A4A, 0x5AA9, 0xCCAE, 0xEC6D, 0xAA8A, 0x79C9, 0x820A, 0x628A, 0x5A2A, 0x49CA, 0x51EB, 0x5A8C, 0x4A6B, 0x2A2A, 0x1A4B,   // 0x2720 (10016) pixels
0x1A2B, 0x224D, 0x326C, 0x6ACB, 0xA3AC, 0xDD93, 0x7BCE, 0x2A4B, 0x2B08, 0x64AC, 0x648B, 0x4BAA, 0x3B0B, 0x3B4D, 0x2AAA, 0x3B0C,   // 0x2730 (10032) pixels
0x3AEB, 0x32EB, 0x3BAB, 0x546C, 0x534B, 0x4989, 0x58C7, 0x9A49, 0xEAC9, 0xCB4C, 0x6AAA, 0x1A0A, 0x226C, 0x2ACD, 0x2B2C, 0x3B6D,   // 0x2740 (10048) pixels
0x4C2D, 0x3B8D, 0x2ACB, 0x3B2A, 0x6C2A, 0x84EC, 0x744D, 0x4ACB, 0x526B, 0x9C4F, 0x9C4D, 0x62C9, 0x4A8C, 0x52AD, 0x6A8B, 0x9B6C,   // 0x2750 (10064) pixels
0xBCEE, 0xA42E, 0x82CC, 0x8A8B, 0xA2CC, 0xA2AB, 0x9AED, 0x92CE, 0x6987, 0x6926, 0x71E9, 0x6ACD, 0x5A8C, 0x6A4B, 0x722B, 0x59AA,   // 0x2760 (10080) pixels
0x2969, 0x4928, 0x79AA, 0x79EC, 0x4A2B, 0x3AAC, 0x5ACD, 0x828D, 0x9A2B, 0x9A2A, 0x8A4A, 0x82CB, 0x7ACC, 0x6A0B, 0x496A, 0x396A,   // 0x2770 (10096) pixels
0x3ACB, 0x332C, 0x2B4C, 0x532D, 0xB3B0, 0xD34E, 0x8A28, 0x5A48, 0x5A2B, 0x51CB, 0x520D, 0x524C, 0x31A8, 0x3168, 0x832D, 0xD551,   // 0x2780 (10112) pixels
0xE632, 0x938D, 0x6189, 0x69CA, 0x6AAC, 0x4A8A, 0x7AEC, 0xC32D, 0x7AAD, 0x522B, 0x62A9, 0xD48D, 0xF48E, 0xCAEC, 0xAA0B, 0xB22B,   // 0x2790 (10128) pixels
0x92CC, 0x7A4B, 0x59CA, 0x51CA, 0x5A2B, 0x5A4C, 0x422B, 0x320B, 0x19EA, 0x1A2C, 0x326D, 0x6AEC, 0xABCC, 0xEE14, 0x7BEF, 0x226D,   // 0x27A0 (10144) pixels
0x2AEB, 0x644D, 0x6C8C, 0x538B, 0x2249, 0x2A8C, 0x2A4B, 0x4AEE, 0x4AEE, 0x2ACC, 0x33CB, 0x4C4B, 0x4AE9, 0x4948, 0x50C7, 0x9269,   // 0x27B0 (10160) pixels
0xE2A8, 0xD34C, 0x830B, 0x2A6A, 0x124C, 0x12AD, 0x1B2E, 0x2AEC, 0x236C, 0x2B0C, 0x22AC, 0x3B0C, 0x53CC, 0x53CB, 0x4B2B, 0x3A6B,   // 0x27C0 (10176) pixels
0x52CB, 0x8C70, 0x948F, 0x6B4B, 0x4AAC, 0x428C, 0x62CB, 0x9BEC, 0xDDD0, 0xCD72, 0x7AEE, 0x622D, 0x720C, 0x71A9, 0x924C, 0xA2EE,   // 0x27D0 (10192) pixels
0xB2AB, 0xC28A, 0xBACB, 0x928B, 0x7A8B, 0x8ACA, 0x8B2B, 0x6ACA, 0x49CA, 0x59C9, 0x81EA, 0x8A0B, 0x6A6D, 0x5B0F, 0x72EE, 0x924C,   // 0x27E0 (10208) pixels
0x89EB, 0x8A0A, 0x8ACC, 0x93CF, 0x836E, 0x722B, 0x69CA, 0x5A0B, 0x82EB, 0x62CB, 0x32AA, 0x3AEA, 0x7B4D, 0x9AED, 0x7A4B, 0x62EC,   // 0x27F0 (10224) pixels
0x6A4C, 0x51CC, 0x622D, 0x6A8D, 0x51E9, 0x4A09, 0xA430, 0xF5F4, 0xFD70, 0xCC4F, 0x7A2B, 0x5149, 0x59CA, 0x6A6B, 0x9B0D, 0xAA6A,   // 0x2800 (10240) pixels
0x69CB, 0x5A0C, 0x72CB, 0xBC4E, 0xC3CD, 0x8A4B, 0x7189, 0x89C9, 0x9A6C, 0x720B, 0x5A0B, 0x520B, 0x622C, 0x622B, 0x5A0B, 0x4A2C,   // 0x2810 (10256) pixels
0x2A0A, 0x21EB, 0x322C, 0x6B0C, 0xB42D, 0xFE96, 0x8410, 0x222D, 0x2AAC, 0x4B6C, 0x640C, 0x53EE, 0x228C, 0x1A4C, 0x220B, 0x4AAD,   // 0x2820 (10272) pixels
0x5A8D, 0x32AC, 0x33CC, 0x4BEB, 0x4248, 0x4108, 0x50C6, 0x9249, 0xE34A, 0xD34A, 0xA3AC, 0x5B6D, 0x124A, 0x020A, 0x228C, 0x31C9,   // 0x2830 (10288) pixels
0x2A29, 0x424B, 0x526C, 0x5ACD, 0x4AAC, 0x322A, 0x31EA, 0x420B, 0x52AB, 0x7BAE, 0x944F, 0x8BEE, 0x5AEC, 0x3A4B, 0x5AAA, 0xA40D,   // 0x2840 (10304) pixels
0xF64F, 0xE634, 0x730E, 0x41AC, 0x59EC, 0x69EA, 0x820A, 0x81C8, 0x81A9, 0xA1C9, 0xA1EA, 0x81A8, 0x9249, 0xBBAC, 0xBC6C, 0x93E9,   // 0x2850 (10320) pixels
0x6ACA, 0x832B, 0x9B4C, 0x8AAB, 0x726C, 0x7AEF, 0x82CE, 0x8A6B, 0x7A4B, 0x724A, 0x7B0C, 0x8BEF, 0x736D, 0x628A, 0x7A6B, 0x826C,   // 0x2860 (10336) pixels
0x9A49, 0x7229, 0x4AAB, 0x5B8D, 0x94D2, 0xCDF8, 0xE6BC, 0xF79E, 0xFFBF, 0xFFDF, 0xFF9F, 0xFF3E, 0xE67A, 0xBDD7, 0xC596, 0xC4D2,   // 0x2870 (10352) pixels
0xDC6F, 0xD471, 0x8A8C, 0x5989, 0x6A0B, 0x9AAC, 0xAACC, 0x8988, 0x5908, 0x724C, 0x934D, 0xB42E, 0x832C, 0x41AA, 0x4129, 0x71CA,   // 0x2880 (10368) pixels
0x8AAC, 0x59EA, 0x49EB, 0x522C, 0x620B, 0x61EB, 0x5A0B, 0x526D, 0x52CC, 0x324C, 0x29EB, 0x630C, 0xAC4C, 0xFE95, 0x8C10, 0x220C,   // 0x2890 (10384) pixels
0x21CB, 0x3AAB, 0x4B2A, 0x434D, 0x1A8D, 0x122C, 0x19EA, 0x426C, 0x7A6D, 0x42AC, 0x3BAD, 0x4B6B, 0x49C8, 0x50E9, 0x60E7, 0xA249,   // 0x28A0 (10400) pixels
0xE34A, 0xCAE8, 0xB3CB, 0x8C6E, 0x4B4C, 0x2A09, 0x5209, 0x89EA, 0x9229, 0xAA4A, 0xBAAB, 0xAAAC, 0x69CB, 0x3909, 0x4989, 0x622A,   // 0x28B0 (10416) pixels
0x626A, 0x5A29, 0x72CA, 0x936C, 0x6ACC, 0x424B, 0x5AAB, 0xB46E, 0xFE4F, 0xDDD2, 0x628B, 0x3129, 0x49AA, 0x728B, 0x8AEC, 0x724A,   // 0x28C0 (10432) pixels
0x4989, 0x6149, 0x796A, 0x696A, 0x826B, 0xB3CC, 0xAC8C, 0x73E8, 0x53C8, 0x8CAB, 0x9CEC, 0x6BC9, 0x530A, 0x734D, 0x7BAE, 0x7BCC,   // 0x28D0 (10448) pixels
0x7B2D, 0x6AEB, 0x62CB, 0x62EC, 0x4A8A, 0x4ACA, 0x72EC, 0x89EA, 0xB2EC, 0xBC93, 0xE71D, 0xFFFF, 0xFFFF, 0xFFFF, 0xFFFF, 0xFFFF,   // 0x28E0 (10464) pixels
0xFFDE, 0xF7FF, 0xFFFF, 0xFFDE, 0xFFFF, 0xF7FF, 0xF7FF, 0xFFDF, 0xF6FA, 0xF617, 0xA30E, 0x6A0A, 0x7AAB, 0x9ACA, 0xB2EB, 0x9A4B,   // 0x28F0 (10480) pixels
0x79C9, 0x8AAB, 0x92EA, 0x9B2A, 0x728A, 0x41EC, 0x518C, 0x8A4C, 0x72AC, 0x3968, 0x31A9, 0x522C, 0x620C, 0x6A0B, 0x5A2B, 0x52CD,   // 0x2900 (10496) pixels
0x7B8E, 0x4ACD, 0x2A0B, 0x630C, 0xAC2C, 0xF653, 0x8BEF, 0x29CB, 0x192B, 0x4A8C, 0x4AEB, 0x3ACC, 0x1A6D, 0x226E, 0x2A0B, 0x4A4B,   // 0x2910 (10512) pixels
0x9A6E, 0x5A8C, 0x4B6D, 0x52EB, 0x4948, 0x60EA, 0x70E8, 0xA207, 0xD329, 0xD2E8, 0xBBA9, 0xB50F, 0x946F, 0x5A69, 0x81C7, 0xE2AC,   // 0x2920 (10528) pixels
0xF269, 0xFA67, 0xFA88, 0xE269, 0x8948, 0x58E8, 0x720A, 0x92EA, 0x726B, 0x4947, 0x69E8, 0xA34C, 0x830D, 0x526C, 0x5A6A, 0xAC0D,   // 0x2930 (10544) pixels
0xFE51, 0xD571, 0x72CC, 0x51EB, 0x5A0A, 0x7AED, 0x93D0, 0x8B90, 0x42CE, 0x49CA, 0x59AB, 0x51CC, 0x5A0B, 0x6ACA, 0x6BAA, 0x3B67,   // 0x2940 (10560) pixels
0x4C69, 0x5408, 0x6428, 0x74A8, 0x6CA7, 0x6C8B, 0x8CB0, 0xACF0, 0x938F, 0x730D, 0x52AC, 0x41EA, 0x61EA, 0x79CA, 0x92EE, 0xCD99,   // 0x2950 (10576) pixels
0xFFDF, 0xFFFF, 0xFFFE, 0xEFFB, 0xBFF6, 0x87F2, 0x57CE, 0x37CC, 0x1F89, 0x27AA, 0x27AA, 0x37AC, 0x57AE, 0x87D3, 0xB7F8, 0xD7FB,   // 0x2960 (10592) pixels
0xFFFF, 0xFFDF, 0xFFBF, 0xC5B7, 0x7A8B, 0x81E9, 0xA2AB, 0x9AEB, 0xAAEA, 0x8A29, 0x820B, 0x828C, 0x5A49, 0x6289, 0x9B4D, 0x928B,   // 0x2970 (10608) pixels
0x51C8, 0x3968, 0x41CA, 0x5A0B, 0x828C, 0x826B, 0x728B, 0x62AC, 0x636F, 0x528D, 0x4189, 0x6A8A, 0xAC8E, 0xF6D6, 0xA44F, 0x59E9,   // 0x2980 (10624) pixels
0x6127, 0x6A8C, 0x52EE, 0x4ACE, 0x632E, 0x42AE, 0x39EB, 0x8248, 0xB2EC, 0x82ED, 0x4A4B, 0x41A8, 0x59A9, 0x61A8, 0x7167, 0xA1E8,   // 0x2990 (10640) pixels
0xDB2D, 0xDB4A, 0xBB48, 0xBC8C, 0xB52D, 0x634C, 0x5169, 0xD28B, 0xD249, 0xDA4A, 0xDA0A, 0xD22A, 0xA1CA, 0x6948, 0x7209, 0xA32B,   // 0x29A0 (10656) pixels
0x7A08, 0x71AA, 0xA30F, 0xAB6D, 0xA38B, 0x8AEA, 0x6A07, 0xA40D, 0xE673, 0xD5D3, 0x8B4C, 0x7229, 0x8A6B, 0x92CC, 0x9BAF, 0x9BD0,   // 0x29B0 (10672) pixels
0x5AED, 0x2A2A, 0x39CA, 0x718B, 0x69AA, 0x42EA, 0x2B8A, 0x2AC8, 0x43E7, 0x5408, 0x5C09, 0x6449, 0x64A9, 0x6C8C, 0x7C6E, 0x9CAE,   // 0x29C0 (10688) pixels
0x934C, 0x7BAE, 0x52CC, 0x5A2C, 0x6A2B, 0xC556, 0xFF9F, 0xFFBF, 0xF7FD, 0xC7FA, 0x77B4, 0x378F, 0x1F8C, 0x1F8A, 0x2F4A, 0x3F2A,   // 0x29D0 (10704) pixels
0x2F69, 0x2F89, 0x27A9, 0x1FAA, 0x1F8A, 0x276B, 0x374D, 0x3F4E, 0x67D3, 0xCFFA, 0xFFFE, 0xFFFF, 0xF7DF, 0xC4F6, 0x820B, 0x61C8,   // 0x29E0 (10720) pixels
0x7A49, 0x6A29, 0x92AC, 0x8A29, 0x8268, 0x930B, 0x828C, 0x6A8D, 0x41ED, 0x41CB, 0x526C, 0x52AC, 0x5ACD, 0x626B, 0x828A, 0xAAEB,   // 0x29F0 (10736) pixels
0x7AEB, 0x626B, 0x51EA, 0x6AAB, 0x93ED, 0xE5D4, 0xBC30, 0x924B, 0x99CC, 0x822B, 0x5A6C, 0x530D, 0x638F, 0x4AAD, 0x59AA, 0xC229,   // 0x2A00 (10752) pixels
0xBB2D, 0x7ACC, 0x420A, 0x41A9, 0x59CA, 0x61CA, 0x7188, 0xA24A, 0xC32C, 0xCB29, 0xB308, 0xB3AA, 0x9BEA, 0x632D, 0x41AB, 0x89A8,   // 0x2A10 (10768) pixels
0x9A88, 0x9AAA, 0x9A29, 0xA20A, 0x89CA, 0x698A, 0x61EA, 0x7249, 0x79A8, 0x8A6B, 0x9B90, 0x7ACB, 0x72C9, 0x9BCB, 0x9B4A, 0xA32B,   // 0x2A20 (10784) pixels
0xCCEE, 0xC4CF, 0x8ACA, 0x71C8, 0x8A29, 0x9AAC, 0xAB6E, 0x9B4E, 0x7229, 0x5A08, 0x61A9, 0x798A, 0x7A0A, 0x4AEA, 0x2B29, 0x22A8,   // 0x2A30 (10800) pixels
0x43E7, 0x5C49, 0x4B68, 0x4347, 0x4BE8, 0x540B, 0x6C4D, 0x848D, 0x938A, 0x83AD, 0x8411, 0x6B4F, 0xDE7C, 0xFFDF, 0xEFFD, 0xCFFC,   // 0x2A40 (10816) pixels
0x57AF, 0x476E, 0x274B, 0x0F89, 0x0FC9, 0x0FE9, 0x17C8, 0x1788, 0x2769, 0x2789, 0x27A8, 0x1FC8, 0x17A8, 0x1788, 0x1788, 0x1769,   // 0x2A50 (10832) pixels
0x2769, 0x2F6C, 0x77D3, 0xCFFC, 0xFFDF, 0xFFDF, 0xDE9C, 0x7B2F, 0x6B0E, 0x5AEC, 0x930D, 0xBA8A, 0xC2E9, 0xC32C, 0xAB0E, 0x5AAE,   // 0x2A60 (10848) pixels
0x21CF, 0x31CC, 0x528C, 0x42CC, 0x22AC, 0x29E9, 0x71E8, 0xCA69, 0xCB4A, 0xAAEB, 0x8AAC, 0x7ACC, 0x6AA9, 0x9BAD, 0x9B0C, 0x922B,   // 0x2A70 (10864) pixels
0xA22D, 0xA2AD, 0x932E, 0x6B0C, 0x52EB, 0x3A09, 0x71A9, 0xEA6B, 0xAAEC, 0x6A4A, 0x39C8, 0x3988, 0x498A, 0x4949, 0x5968, 0x9A8B,   // 0x2A80 (10880) pixels
0x9ACA, 0x9A88, 0xC38B, 0xD44E, 0x9B6B, 0x424B, 0x3A0D, 0x8B4F, 0xB42E, 0xABEE, 0x92EB, 0x9A8B, 0x8A0C, 0x596A, 0x59EA, 0x5A49,   // 0x2A90 (10896) pixels
0x6968, 0x7A6A, 0x730C, 0x4A29, 0x5A88, 0xAC6D, 0xCC6D, 0xAA89, 0x9AC6, 0x9AE8, 0x7A48, 0x71E9, 0x926B, 0xAB0D, 0xB34D, 0xA30C,   // 0x2AA0 (10912) pixels
0x9A09, 0x922A, 0x89C9, 0x81A9, 0x7A6B, 0x5AEC, 0x32CA, 0x22AA, 0x43A9, 0x5C0B, 0x4329, 0x3B07, 0x3B67, 0x4BCB, 0x6C4F, 0x746D,   // 0x2AB0 (10928) pixels
0x9BAA, 0x8BAD, 0x8C72, 0xF7FF, 0xFFFF, 0xF7FC, 0x9FD5, 0x3F4E, 0x1789, 0x1F89, 0x27A8, 0x27A8, 0x27A8, 0x1FC8, 0x17C8, 0x0FA8,   // 0x2AC0 (10944) pixels
0x1FC9, 0x1FA9, 0x1FA8, 0x1F88, 0x2788, 0x2788, 0x2FA8, 0x2FA8, 0x1F87, 0x1FE9, 0x1769, 0x474E, 0xAFF7, 0xFFFE, 0xFFFF, 0xEFDF,   // 0x2AD0 (10960) pixels
0x9474, 0x3A2A, 0x7A6B, 0xC26A, 0xDA67, 0xEAC9, 0xCAEC, 0x728B, 0x29AE, 0x31AB, 0x4A4B, 0x3ACC, 0x228C, 0x21EA, 0x59A8, 0x9A28,   // 0x2AE0 (10976) pixels
0xF2E9, 0xDACA, 0xBA6A, 0x9A8A, 0x7A48, 0x72A9, 0x6249, 0x6A6B, 0x59CA, 0x92CD, 0xC3F0, 0xA3CF, 0x6AEB, 0x41E9, 0x6988, 0xCA8B,   // 0x2AF0 (10992) pixels
0xAACC, 0x724A, 0x41C8, 0x4188, 0x49AA, 0x398A, 0x51CA, 0x92ED, 0xA3CE, 0x8AEA, 0xAB6C, 0xD490, 0x9BCF, 0x3A2C, 0x322C, 0x8BD1,   // 0x2B00 (11008) pixels
0xE471, 0xC3CF, 0xAAAB, 0xAA8C, 0x89EB, 0x5108, 0x5A0A, 0x836D, 0x826C, 0x722A, 0x59C9, 0x49C9, 0x6248, 0x9BAB, 0xCC4D, 0xBB2A,   // 0x2B10 (11024) pixels
0xC40C, 0xABAD, 0x8B2D, 0x7AAC, 0x7A6B, 0x8A8B, 0x92AB, 0x8A8A, 0x920A, 0x9A0B, 0x81EA, 0x6A2B, 0x6ACD, 0x5AED, 0x3ACB, 0x2AEC,   // 0x2B20 (11040) pixels
0x3B0A, 0x434A, 0x4329, 0x3B68, 0x3366, 0x43AB, 0x6C71, 0x6C2F, 0x7B2A, 0x9490, 0xFFDF, 0xFFFF, 0xEFFD, 0x7F72, 0x2F4B, 0x1F89,   // 0x2B30 (11056) pixels
0x2788, 0x27A8, 0x27A8, 0x2788, 0x2768, 0x2768, 0x2F8A, 0x37AB, 0x1FA9, 0x1FA9, 0x1F89, 0x1F89, 0x1FA9, 0x1FA9, 0x17A8, 0x1788,   // 0x2B40 (11072) pixels
0x1F89, 0x1767, 0x27E8, 0x1FC8, 0x2709, 0x6FB1, 0xD7FB, 0xFFDF, 0xFF7F, 0x9453, 0x8B2E, 0xCB0C, 0xEAA8, 0xFA66, 0xEAA9, 0xA247,   // 0x2B50 (11088) pixels
0x51EB, 0x49EA, 0x4A6C, 0x52CD, 0x528D, 0x4A2B, 0x4A0A, 0x5A6B, 0xDA48, 0xEAEB, 0xDA8A, 0xCA69, 0xBAAA, 0x9269, 0x61E9, 0x624C,   // 0x2B60 (11104) pixels
0x52AD, 0x82EC, 0xCBEF, 0xCC51, 0x93B0, 0x626B, 0x6167, 0x8A0A, 0xB32E, 0x8B0D, 0x624A, 0x4168, 0x41AA, 0x39EC, 0x39C9, 0x6248,   // 0x2B70 (11120) pixels
0x7249, 0x6209, 0x6A27, 0x8288, 0x6AAB, 0x424D, 0x5AEF, 0x8BD0, 0xAB4D, 0xA2CD, 0x9A2B, 0xAA8D, 0x820C, 0x4929, 0x61CA, 0x9B0D,   // 0x2B80 (11136) pixels
0x82EC, 0x69EB, 0x616A, 0x7A0B, 0x8249, 0x8A89, 0xABAC, 0xB3CB, 0x9B8C, 0x8B4D, 0x7B2E, 0x6ACD, 0x6A8C, 0x7ACC, 0x82EC, 0x7AED,   // 0x2B90 (11152) pixels
0x6A0A, 0x71CA, 0x620A, 0x4AAB, 0x42EB, 0x4AAA, 0x3A89, 0x22A8, 0x2A6A, 0x2A89, 0x3B0A, 0x438A, 0x3326, 0x3B4A, 0x6432, 0x7452,   // 0x2BA0 (11168) pixels
0x84D1, 0xFFBE, 0xFFDF, 0xEFFC, 0x6F50, 0x278B, 0x17C9, 0x1FA8, 0x17A8, 0x1FA8, 0x27A9, 0x2FA9, 0x2F89, 0x2769, 0x1F6A, 0x1F6A,   // 0x2BB0 (11184) pixels
0x1FA9, 0x1FA9, 0x1F89, 0x1F8A, 0x1FAA, 0x1FAA, 0x1FA9, 0x17C9, 0x376A, 0x17C9, 0x0FA7, 0x2746, 0x2FA9, 0x27CC, 0x6791, 0xEFFB,   // 0x2BC0 (11200) pixels
0xFFFF, 0xF73D, 0xA453, 0xAB0C, 0xDA89, 0xF287, 0xE329, 0xB268, 0x7208, 0x59E9, 0x4A0B, 0x5A0C, 0x69EA, 0x69EA, 0x49A9, 0x3A0B,   // 0x2BD0 (11216) pixels
0xA187, 0xD2EB, 0xDACB, 0xDA69, 0xDA8B, 0xB22A, 0x9A2C, 0x9AAF, 0x5A6C, 0x82AB, 0xB36A, 0xA34A, 0x7B0C, 0x7A6C, 0x7188, 0x79CA,   // 0x2BE0 (11232) pixels
0x8A6B, 0x830D, 0x72AC, 0x51A9, 0x418A, 0x31EC, 0x31C8, 0x51C5, 0x7208, 0x72CC, 0x8B6B, 0x8308, 0x5209, 0x3A0C, 0x7390, 0x8BCF,   // 0x2BF0 (11248) pixels
0x638E, 0x630E, 0x624C, 0x61EB, 0x51AA, 0x414A, 0x61AB, 0x9A4C, 0x6A8B, 0x61AB, 0x694B, 0x8A0B, 0x924A, 0x8A6A, 0x930B, 0x8B29,   // 0x2C00 (11264) pixels
0x830C, 0x6ACC, 0x526C, 0x41EA, 0x51E9, 0x6AAC, 0x732E, 0x732F, 0x72EC, 0x72AC, 0x62EC, 0x434C, 0x3B4B, 0x4B4A, 0x538A, 0x4BE8,   // 0x2C10 (11280) pixels
0x224A, 0x2269, 0x32EB, 0x434B, 0x3309, 0x3B0C, 0x7433, 0x9D76, 0xEFDF, 0xFFFF, 0xEFFD, 0x7771, 0x276A, 0x0F87, 0x1FE9, 0x1F88,   // 0x2C20 (11296) pixels
0x1FA9, 0x1789, 0x1789, 0x1FA9, 0x1FA9, 0x1FA9, 0x1FAA, 0x1F8A, 0x27A9, 0x27A9, 0x1F8A, 0x1F6A, 0x1F69, 0x2769, 0x2789, 0x2789,   // 0x2C30 (11312) pixels
0x1F48, 0x27CA, 0x1F09, 0x3ECB, 0x77F1, 0x67B0, 0x470C, 0x5FEF, 0xE7FC, 0xFFFF, 0xE71D, 0xAC30, 0xBA28, 0xC289, 0x81E6, 0x79C9,   // 0x2C40 (11328) pixels
0x7229, 0x59EA, 0x416A, 0x4949, 0x6967, 0x9209, 0x79C9, 0x61A9, 0xA1C9, 0xBAAC, 0xBAAB, 0xAA69, 0xA229, 0x91A9, 0xA22B, 0xAA8D,   // 0x2C50 (11344) pixels
0x826C, 0xABAC, 0xCCCB, 0x93C8, 0x732A, 0x9AEC, 0x9A2A, 0x8A6C, 0x61C8, 0x6AAB, 0x72CC, 0x620A, 0x49CB, 0x39EC, 0x4A29, 0x82C8,   // 0x2C60 (11360) pixels
0xAB6C, 0x7AEC, 0xAC2E, 0xBC4D, 0x624A, 0x4A2C, 0x83F0, 0x734C, 0x330D, 0x2ACD, 0x328C, 0x3A4B, 0x39EB, 0x39AA, 0x59EA, 0x92AC,   // 0x2C70 (11376) pixels
0x72CD, 0x51AA, 0x5949, 0x71AA, 0x79E9, 0x826A, 0x82EB, 0x72AA, 0x7AEC, 0x72AD, 0x5A2B, 0x59C9, 0x6A4A, 0x7AEC, 0x7B0D, 0x62CD,   // 0x2C80 (11392) pixels
0x6A49, 0x82CC, 0x62CB, 0x3289, 0x22A9, 0x3B0A, 0x53AA, 0x64AB, 0x32EB, 0x2AAA, 0x2A8B, 0x2A8B, 0x32AA, 0x4B2E, 0x9516, 0xE7BE,   // 0x2C90 (11408) pixels
0xFF7F, 0xEFFF, 0x77B4, 0x376C, 0x1FA8, 0x1FE7, 0x1FC8, 0x278A, 0x27AA, 0x1FA9, 0x1FA9, 0x1FA8, 0x1F88, 0x1F88, 0x2789, 0x2789,   // 0x2CA0 (11424) pixels
0x1F68, 0x1F89, 0x1F89, 0x1F8A, 0x1FA9, 0x1F89, 0x1FA8, 0x27A7, 0x1FE7, 0x0FA9, 0x474F, 0xCFF9, 0xEFFC, 0x7793, 0x1F2A, 0x2789,   // 0x2CB0 (11440) pixels
0x9756, 0xEFFE, 0xF7FF, 0xE699, 0xCB2D, 0xA2AA, 0x5229, 0x51ED, 0x6A8C, 0x5A0C, 0x412A, 0x4908, 0x79A8, 0xBAEB, 0xC2AB, 0xBA2B,   // 0x2CC0 (11456) pixels
0xD24D, 0xB20A, 0x89E9, 0x7249, 0x6A49, 0x5986, 0x7A08, 0x81A6, 0x9AAC, 0xB40C, 0xCD4A, 0x9487, 0x7BCB, 0xAB6D, 0xAAAA, 0x9B2F,   // 0x2CD0 (11472) pixels
0x6AAC, 0x62CC, 0x628A, 0x620A, 0x51CB, 0x318A, 0x5209, 0xABAB, 0xD4CF, 0x7ACB, 0xBC8E, 0xDCEF, 0x6A29, 0x41EB, 0x83EF, 0x5ACA,   // 0x2CE0 (11488) pixels
0x324B, 0x224B, 0x330D, 0x4B6E, 0x4AED, 0x3A2B, 0x526A, 0x9BCD, 0x6AAE, 0x4168, 0x4148, 0x59CA, 0x620A, 0x7AAA, 0x8B0C, 0x8AEE,   // 0x2CF0 (11504) pixels
0x7AAC, 0x7A8C, 0x724B, 0x8AAC, 0xA32D, 0x930C, 0x6A6A, 0x49A8, 0x79C8, 0xA30E, 0x7ACD, 0x29C9, 0x19E9, 0x2249, 0x3AE8, 0x544A,   // 0x2D00 (11520) pixels
0x4B89, 0x3B2A, 0x2A6C, 0x31ED, 0x3AAE, 0x4BCF, 0xBEBA, 0xFFDF, 0xFFFF, 0x97F6, 0x2FAB, 0x1787, 0x1FA8, 0x1F89, 0x1F89, 0x2789,   // 0x2D10 (11536) pixels
0x1F89, 0x1F89, 0x1F89, 0x1F89, 0x1F89, 0x1F89, 0x1F89, 0x1F89, 0x17A9, 0x2789, 0x2769, 0x1F89, 0x17AA, 0x1FAA, 0x1FA9, 0x1FC8,   // 0x2D20 (11552) pixels
0x1F29, 0x776F, 0xE7FC, 0xFFFF, 0xFFFE, 0x4FEE, 0x2789, 0x276A, 0x1FAA, 0xA7F6, 0xFFDF, 0xFFDF, 0xEE37, 0x924C, 0x51CC, 0x5A2B,   // 0x2D30 (11568) pixels
0x5A8C, 0x51CD, 0x48CA, 0x6908, 0xB2E9, 0xEBE9, 0xE348, 0xDA48, 0xAA4C, 0x71EB, 0x59E9, 0x7A6A, 0x6229, 0x31E9, 0x52AB, 0x8268,   // 0x2D40 (11584) pixels
0x934D, 0x736B, 0x5BEA, 0x6409, 0x9409, 0xBBCB, 0xB32C, 0xA2EE, 0x6C0B, 0x536A, 0x52C9, 0x624A, 0x59EB, 0x41EB, 0x5209, 0xA3AC,   // 0x2D50 (11600) pixels
0xED0D, 0xCCCA, 0xDDAE, 0xB4AF, 0x61EA, 0x61EA, 0x93CE, 0x6AC8, 0x1A2C, 0x2AAC, 0x2B2B, 0x3BCB, 0x4C8C, 0x438A, 0x52CA, 0x93F1,   // 0x2D60 (11616) pixels
0x6AAD, 0x30C8, 0x4109, 0x6A2B, 0x8ACB, 0x934D, 0x8B0D, 0x8B4D, 0x7AAC, 0x726A, 0x9B8D, 0x9BAD, 0x9390, 0x6AAE, 0x49EB, 0x3149,   // 0x2D70 (11632) pixels
0x6209, 0xBB0D, 0xAA6A, 0x59C8, 0x19A9, 0x11EB, 0x226B, 0x3B8B, 0x4C09, 0x432B, 0x426C, 0x3A2D, 0x42AE, 0x8C94, 0xF7BF, 0xFFFF,   // 0x2D80 (11648) pixels
0xD7FC, 0x6771, 0x1F69, 0x1FC8, 0x2788, 0x1F89, 0x1FA9, 0x1F88, 0x1F89, 0x1F89, 0x1F89, 0x1F89, 0x1F89, 0x1F89, 0x1F89, 0x1F89,   // 0x2D90 (11664) pixels
0x1FA9, 0x1F69, 0x2789, 0x1FA9, 0x1F88, 0x2789, 0x278A, 0x1F69, 0x87F4, 0xBFF8, 0xFFFF, 0xFFFF, 0xFFFE, 0x47CD, 0x1F89, 0x1F69,   // 0x2DA0 (11680) pixels
0x1789, 0x574E, 0xE7FD, 0xFF9F, 0xFF9D, 0x82ED, 0x518B, 0x5AAD, 0x520B, 0x496A, 0x592A, 0x7989, 0xAAA9, 0xCB8A, 0xBAE9, 0xA208,   // 0x2DB0 (11696) pixels
0x6149, 0x51CA, 0x728B, 0xA2EB, 0x8A88, 0x4A27, 0x5B2B, 0x83AD, 0x5AAB, 0x2A47, 0x2B08, 0x53EA, 0x83CA, 0xA38B, 0xA34D, 0x92CD,   // 0x2DC0 (11712) pixels
0x536A, 0x434A, 0x4ACA, 0x5A4A, 0x5A0B, 0x4A0B, 0x5229, 0x9B8B, 0xFD8E, 0xF5AF, 0xFE52, 0xBC6E, 0x5988, 0x6A2A, 0x9410, 0x62CC,   // 0x2DD0 (11728) pixels
0x222B, 0x226A, 0x2AEA, 0x3BCB, 0x546C, 0x4B8A, 0x5AEA, 0x9C10, 0x82AC, 0x5907, 0x7989, 0x9A8B, 0xA2AA, 0xAB0C, 0xAB2D, 0xAB4C,   // 0x2DE0 (11744) pixels
0x9AED, 0x8A6A, 0xA36E, 0xA38E, 0x934E, 0x620B, 0x3969, 0x39CC, 0x622A, 0x9AEC, 0x926A, 0x728B, 0x29EA, 0x09CA, 0x226A, 0x3B0B,   // 0x2DF0 (11760) pixels
0x444A, 0x434A, 0x3A4B, 0x3A2D, 0x4A4D, 0xCDFA, 0xFFDF, 0xF7FF, 0x8FD4, 0x3F0C, 0x1768, 0x27E9, 0x2788, 0x1F69, 0x1FAA, 0x1F88,   // 0x2E00 (11776) pixels
0x1F89, 0x1F89, 0x1F89, 0x1F89, 0x1F89, 0x1F89, 0x1F89, 0x1F89, 0x1F69, 0x1FCA, 0x1F89, 0x1F88, 0x27C8, 0x1F68, 0x374C, 0x6FD2,   // 0x2E10 (11792) pixels
0xDFFE, 0xFFFE, 0xFFBF, 0xFFDF, 0xFFFE, 0x378C, 0x1F88, 0x1F89, 0x1FA9, 0x1F4A, 0x8FD5, 0xFFFF, 0xFFFF, 0xB5F7, 0x51AA, 0x422C,   // 0x2E20 (11808) pixels
0x51EB, 0x5148, 0x7A0B, 0x9A6B, 0xA28A, 0xAAEB, 0x8249, 0x5126, 0x3109, 0x41EB, 0x7B0C, 0xB32A, 0xAB08, 0x6286, 0x4B29, 0x4B8B,   // 0x2E30 (11824) pixels
0x428C, 0x1A29, 0x12C9, 0x3B8B, 0x5369, 0x734A, 0x7B4B, 0x5A8A, 0x32C9, 0x330B, 0x42EB, 0x5A6A, 0x520A, 0x4A2B, 0x5A49, 0xA3AB,   // 0x2E40 (11840) pixels
0xF54C, 0xDCCC, 0xED4F, 0xD4D0, 0x930C, 0x82EB, 0x83AF, 0x52AF, 0x222B, 0x224A, 0x32EA, 0x43CB, 0x4BEB, 0x3B09, 0x52A9, 0x93AF,   // 0x2E50 (11856) pixels
0xAB6D, 0x89C8, 0xBA49, 0xDB0B, 0xC2A9, 0xC30B, 0xD36C, 0xD34A, 0xBACC, 0x920A, 0x824A, 0x92CC, 0xA34D, 0x828B, 0x4189, 0x3A0D,   // 0x2E60 (11872) pixels
0x832E, 0x9BAF, 0x9B6D, 0xA3EF, 0x52AC, 0x19E9, 0x2A2A, 0x4A4A, 0x63EB, 0x4309, 0x2A4A, 0x3A4C, 0x6B30, 0xFFBF, 0xFFFF, 0xEFFD,   // 0x2E70 (11888) pixels
0x3F4C, 0x278A, 0x17A8, 0x1FA8, 0x2769, 0x1F69, 0x1FA9, 0x1FA8, 0x1F89, 0x1F89, 0x1F89, 0x1F89, 0x1F89, 0x1F89, 0x1F89, 0x1F89,   // 0x2E80 (11904) pixels
0x1F68, 0x1FCA, 0x1F89, 0x2768, 0x1FC8, 0x1F89, 0x6F91, 0xE7FC, 0xFFDF, 0xFFBF, 0xFF7F, 0xFFFF, 0xF7FE, 0x2F6B, 0x1F88, 0x2789,   // 0x2E90 (11920) pixels
0x1F89, 0x17E9, 0x3F0D, 0xE7FC, 0xEFFE, 0xEFFF, 0x72CD, 0x398A, 0x41AA, 0x4968, 0x7A4A, 0xA2AC, 0xA2AC, 0x9AEE, 0x724C, 0x4189,   // 0x2EA0 (11936) pixels
0x398A, 0x420B, 0x6AEB, 0x8AE8, 0xA3A9, 0x7BE9, 0x5C0A, 0x3368, 0x322B, 0x222B, 0x1A8A, 0x22EA, 0x3B28, 0x5BCA, 0x5BEB, 0x32E7,   // 0x2EB0 (11952) pixels
0x1A69, 0x22CA, 0x42EC, 0x526B, 0x4A0A, 0x420A, 0x5208, 0x9B8B, 0xF5AD, 0xC42A, 0xCC6C, 0xE530, 0xD4AF, 0xAC2D, 0x7B4C, 0x39CC,   // 0x2EC0 (11968) pixels
0x220B, 0x220A, 0x32AB, 0x434C, 0x3B2B, 0x3289, 0x4A29, 0x7AED, 0xC44E, 0xB288, 0xDA87, 0xEAE8, 0xCA67, 0xCACA, 0xD30A, 0xD2A6,   // 0x2ED0 (11984) pixels
0xA1C7, 0x89E9, 0x6188, 0x8AAB, 0xCBED, 0xBBAC, 0x6A49, 0x3189, 0x82CD, 0x9BEF, 0x9BAD, 0xAC0F, 0x6269, 0x29C7, 0x4A29, 0x7A4B,   // 0x2EE0 (12000) pixels
0xA34D, 0x82AB, 0x524A, 0x3A6C, 0xA557, 0xFFFF, 0xE7FC, 0xB7B7, 0x1748, 0x1FE9, 0x1FE9, 0x1F88, 0x2769, 0x1F8A, 0x1FA9, 0x1FA8,   // 0x2EF0 (12016) pixels
0x1F89, 0x1F89, 0x1F89, 0x1F89, 0x1F89, 0x1F89, 0x1F89, 0x1F89, 0x1FA9, 0x1F48, 0x27AA, 0x1FA9, 0x1748, 0x5FAF, 0xD7FA, 0xFFDF,   // 0x2F00 (12032) pixels
0xFFDF, 0xFFDF, 0xFFBF, 0xF7FF, 0xF7FD, 0x2F6A, 0x1F88, 0x2789, 0x1F88, 0x1FA8, 0x276A, 0xA796, 0xF7FE, 0xF7FF, 0xB556, 0x5A2D,   // 0x2F10 (12048) pixels
0x4A8D, 0x522B, 0x59A7, 0x6146, 0x6948, 0x698A, 0x51AA, 0x49AA, 0x49A9, 0x5209, 0x62CB, 0x5287, 0x6388, 0x7489, 0x6CEB, 0x4BE8,   // 0x2F20 (12064) pixels
0x29E9, 0x19C8, 0x1A09, 0x2289, 0x3B28, 0x5C4A, 0x648A, 0x43A7, 0x1247, 0x1248, 0x2A4A, 0x524B, 0x522B, 0x420A, 0x5208, 0xA38B,   // 0x2F30 (12080) pixels
0xE5AE, 0xC4AC, 0xCC8C, 0xCCAD, 0xD4CE, 0xDD90, 0xA46E, 0x524B, 0x21EB, 0x19AA, 0x21EB, 0x2A4B, 0x2A6B, 0x3A6B, 0x4A2B, 0x6A4C,   // 0x2F40 (12096) pixels
0xD4EF, 0xC38A, 0xDB09, 0xE328, 0xCB09, 0xC34B, 0xCB6B, 0xCB28, 0xAAEB, 0xAB8F, 0x6A2B, 0x9B2C, 0xDC6C, 0xE46C, 0xBBED, 0x72AB,   // 0x2F50 (12112) pixels
0x7A8B, 0x93EE, 0x93EC, 0xAC4D, 0x838B, 0x6329, 0x72EA, 0x926B, 0xB9CB, 0xC24D, 0x822C, 0x4ACC, 0xD75E, 0xFFFF, 0xE7FC, 0x5770,   // 0x2F60 (12128) pixels
0x17A8, 0x17C8, 0x1FA8, 0x1F89, 0x1F89, 0x1FAA, 0x1FA9, 0x1F88, 0x1F89, 0x1F89, 0x1F89, 0x1F89, 0x1F89, 0x1F89, 0x1F89, 0x1F89,   // 0x2F70 (12144) pixels
0x1FA8, 0x2F69, 0x1F89, 0x0F8A, 0x478E, 0xCFF8, 0xFFFE, 0xFFBF, 0xFFFF, 0xFFFD, 0xFFFF, 0xF7FF, 0xF7FD, 0x3F8C, 0x2788, 0x27A9,   // 0x2F80 (12160) pixels
0x27C9, 0x2788, 0x27AA, 0x5F2F, 0xF7FE, 0xFFFF, 0xF77E, 0x72CE, 0x532E, 0x630E, 0x520A, 0x5168, 0x6189, 0x598A, 0x516A, 0x51AA,   // 0x2F90 (12176) pixels
0x6146, 0x7A29, 0x830C, 0x52AA, 0x32E8, 0x43A7, 0x6489, 0x5C28, 0x32CA, 0x19C7, 0x224A, 0x32CA, 0x32E8, 0x4BC8, 0x6C69, 0x7489,   // 0x2FA0 (12192) pixels
0x43EA, 0x2B09, 0x2A29, 0x4A0B, 0x520B, 0x420A, 0x49E7, 0x9B6B, 0xE54E, 0xCCED, 0xD52E, 0xC4AD, 0xB40C, 0xBC8E, 0x93EC, 0x62EC,   // 0x2FB0 (12208) pixels
0x19EB, 0x19AB, 0x198B, 0x19AA, 0x21EB, 0x3A2C, 0x4A0C, 0x622C, 0xBCEF, 0xB3EC, 0xBB6B, 0xC36A, 0xB36A, 0xA34C, 0xA34C, 0xA32A,   // 0x2FC0 (12224) pixels
0x9B2C, 0x8B4F, 0x51A9, 0x82CA, 0xD42B, 0xEC8C, 0xDCAE, 0x934C, 0x59E8, 0x7B2C, 0x83CC, 0x8C2D, 0x842C, 0x7BEB, 0x72C9, 0x71E7,   // 0x2FD0 (12240) pixels
0x998B, 0xB24E, 0x8AAE, 0x7431, 0xF7FF, 0xFFDF, 0xD7F9, 0x274B, 0x1FC9, 0x1F88, 0x2768, 0x2789, 0x1FA9, 0x1FA9, 0x1FA9, 0x2769,   // 0x2FE0 (12256) pixels
0x1F89, 0x1F89, 0x1F89, 0x1F89, 0x1F89, 0x1F89, 0x1F89, 0x1F89, 0x1F68, 0x27EA, 0x1F89, 0x3F4D, 0xAFF8, 0xFFFF, 0xFFBF, 0xF7FF,   // 0x2FF0 (12272) pixels
0xF7FF, 0xFFFD, 0xFFFF, 0xF7FF, 0xFFFE, 0x57CE, 0x2789, 0x1FA9, 0x1FA8, 0x2769, 0x1F68, 0x372B, 0xCFFB, 0xFFDF, 0xFFFF, 0x7BAE,   // 0x3000 (12288) pixels
0x5AEB, 0x630D, 0x5A6D, 0x49CB, 0x51CA, 0x59CA, 0x5169, 0x516A, 0x7987, 0xAA29, 0xAA8B, 0x7AAC, 0x42CA, 0x3306, 0x5C08, 0x6449,   // 0x3010 (12304) pixels
0x3B2B, 0x19E8, 0x2A4B, 0x32AB, 0x2AE8, 0x4387, 0x6428, 0x84CA, 0x6CEB, 0x43AA, 0x3249, 0x49EA, 0x520C, 0x420B, 0x5209, 0xA38C,   // 0x3020 (12320) pixels
0xECCD, 0xD46B, 0xD52D, 0xBCAE, 0x8B0C, 0x72CB, 0x5A69, 0x5AED, 0x1A0A, 0x19CA, 0x21CB, 0x19CB, 0x21EB, 0x322B, 0x4A0B, 0x624C,   // 0x3030 (12336) pixels
0xAC8E, 0x9BAD, 0x934C, 0x9B6C, 0x936B, 0x8B4D, 0x834E, 0x836E, 0x728C, 0x624C, 0x51CA, 0x82EC, 0xC3EC, 0xCC0B, 0xAB6B, 0x7208,   // 0x3040 (12352) pixels
0x51A8, 0x620A, 0x7B4D, 0x6B6B, 0x5B49, 0x734A, 0x7ACA, 0x7A8A, 0x61A9, 0x61C9, 0x5ACB, 0x9D96, 0xFFFF, 0xFFDE, 0xAFD5, 0x274A,   // 0x3050 (12368) pixels
0x1F89, 0x2789, 0x2769, 0x2789, 0x1789, 0x17A9, 0x1F89, 0x2F89, 0x1F89, 0x1F89, 0x1F89, 0x1F89, 0x1F89, 0x1F89, 0x1F89, 0x1F89,   // 0x3060 (12384) pixels
0x2789, 0x0FE8, 0x1FA9, 0x8F91, 0xF7FE, 0xFFFF, 0xEFDF, 0xFFFF, 0xFFFF, 0xFFDE, 0xFFDF, 0xFFDF, 0xFFDF, 0x67F1, 0x278A, 0x17A9,   // 0x3070 (12400) pixels
0x17A7, 0x278A, 0x1F68, 0x27AA, 0xA7B8, 0xFFBF, 0xFFFF, 0x9D73, 0x62A9, 0x5A8B, 0x5A8F, 0x41ED, 0x39CA, 0x51EA, 0x4969, 0x5149,   // 0x3080 (12416) pixels
0x9209, 0xB9E8, 0xB967, 0x9A0B, 0x62AB, 0x3AA6, 0x4B67, 0x642A, 0x42CA, 0x21C8, 0x2A0B, 0x224A, 0x2B2A, 0x3C09, 0x43C6, 0x5C07,   // 0x3090 (12432) pixels
0x64C9, 0x43A8, 0x3A89, 0x520B, 0x51EC, 0x41EB, 0x49E8, 0x9B6C, 0xFCAE, 0xE48B, 0xD52C, 0xA40C, 0x622C, 0x522D, 0x422B, 0x4AAE,   // 0x30A0 (12448) pixels
0x1A29, 0x19E9, 0x21CA, 0x220B, 0x326C, 0x3A6B, 0x4A2A, 0x624A, 0xB511, 0x93EF, 0x7B0E, 0x730C, 0x6ACA, 0x5A8A, 0x526B, 0x424C,   // 0x30B0 (12464) pixels
0x51CB, 0x414A, 0x51CB, 0x724B, 0x8A89, 0x9AE9, 0x8A8A, 0x724B, 0x6A0B, 0x5928, 0x728D, 0x52AA, 0x4268, 0x72A9, 0x828B, 0x82AB,   // 0x30C0 (12480) pixels
0x2A2D, 0x3AAC, 0x532F, 0xBE39, 0xFFBF, 0xFFDF, 0x67F1, 0x376B, 0x27A9, 0x1789, 0x1FA9, 0x1FCA, 0x1F89, 0x1F89, 0x1FA9, 0x17A9,   // 0x30D0 (12496) pixels
0x1F87, 0x17E9, 0x2F8A, 0x276A, 0x1F89, 0x2769, 0x17A9, 0x17A9, 0x17A7, 0x1F49, 0x5FB1, 0xDFFB, 0xFF9F, 0xFFDF, 0xFFFF, 0xFFDE,   // 0x30E0 (12512) pixels
0xFFFE, 0xF7FF, 0xFFFF, 0xFFDF, 0xFFFE, 0xC7D7, 0x474D, 0x07E9, 0x1FA9, 0x2769, 0x2F8A, 0x2F89, 0x5FEF, 0xFFDF, 0xFFFF, 0xCE39,   // 0x30F0 (12528) pixels
0x6249, 0x5AAC, 0x42AD, 0x21AC, 0x29CC, 0x4A0D, 0x49A9, 0x5A09, 0x7A49, 0x7209, 0x61C9, 0x724B, 0x6A29, 0x5227, 0x4AC8, 0x4B6B,   // 0x3100 (12544) pixels
0x4248, 0x29E8, 0x1A09, 0x1A49, 0x22CA, 0x332B, 0x3B4B, 0x4B4C, 0x4C6A, 0x4BCB, 0x3A69, 0x41EA, 0x524C, 0x49EA, 0x59E9, 0x8B2D,   // 0x3110 (12560) pixels
0xF56F, 0xF5B0, 0xD42B, 0xBAEA, 0x9AAA, 0x524A, 0x322C, 0x322E, 0x32CB, 0x2A8A, 0x1A29, 0x1A2A, 0x326B, 0x3A2A, 0x4209, 0x5A6B,   // 0x3120 (12576) pixels
0xACB1, 0xA430, 0x6A8A, 0x626B, 0x7B90, 0x62AD, 0x498A, 0x59AC, 0x59AA, 0x4168, 0x49E9, 0x6ACC, 0x82AC, 0x924A, 0xA26B, 0xAA6B,   // 0x3130 (12592) pixels
0x79E9, 0x69E9, 0x622B, 0x4967, 0x59C9, 0x6A09, 0x5988, 0x6A2B, 0x528E, 0x6B4E, 0x73B0, 0xDF1C, 0xFFFF, 0xFFFF, 0x4FCE, 0x1F89,   // 0x3140 (12608) pixels
0x17C8, 0x1FA9, 0x2789, 0x1F69, 0x1769, 0x17A9, 0x27A9, 0x2F88, 0x1FC9, 0x17C9, 0x1F88, 0x1F89, 0x1FA9, 0x2789, 0x1F89, 0x2789,   // 0x3150 (12624) pixels
0x27A9, 0x274B, 0xB7F7, 0xFFFE, 0xFFFF, 0xFFFF, 0xEFFF, 0xFFFF, 0xFFFF, 0xFFDF, 0xFFFF, 0xEFFE, 0xB7F9, 0x67B0, 0x2729, 0x27E9,   // 0x3160 (12640) pixels
0x1FA9, 0x2769, 0x2769, 0x1F89, 0x4FEE, 0xFFDF, 0xFFFF, 0xE6DB, 0x59E8, 0x526B, 0x4AAE, 0x29CB, 0x298B, 0x41EC, 0x49E9, 0x72EB,   // 0x3170 (12656) pixels
0x82A9, 0x6A07, 0x6A29, 0x8B6F, 0x72EC, 0x4A28, 0x3248, 0x2269, 0x2A89, 0x2249, 0x1A4A, 0x1A6A, 0x1A69, 0x22C9, 0x2AE9, 0x2B0A,   // 0x3180 (12672) pixels
0x33AB, 0x330A, 0x3A4A, 0x4A4B, 0x4A0B, 0x4189, 0x51E9, 0x7AED, 0xC46E, 0xB42D, 0xA32A, 0xAAEB, 0x9B0C, 0x630C, 0x4AEC, 0x324B,   // 0x3190 (12688) pixels
0x42AC, 0x42AD, 0x322B, 0x21A9, 0x31CA, 0x39EB, 0x4A0B, 0x5A4C, 0x9BEE, 0x8B4C, 0x726A, 0x72CC, 0x7B4F, 0x62AD, 0x624D, 0x7A8F,   // 0x31A0 (12704) pixels
0x71EB, 0x59AA, 0x622B, 0x834F, 0x9B6F, 0x9ACD, 0x9AAD, 0x928C, 0x82CC, 0x7A8C, 0x728C, 0x59E9, 0x7A6B, 0x8AAC, 0x7A09, 0x71A9,   // 0x31B0 (12720) pixels
0x61CC, 0x7ACC, 0x7B2E, 0xF77D, 0xFFFF, 0xFFFE, 0x378C, 0x0FC8, 0x1F87, 0x1FA8, 0x1F89, 0x2769, 0x276A, 0x2789, 0x1F88, 0x17A8,   // 0x31C0 (12736) pixels
0x276B, 0x2769, 0x17A7, 0x1FC8, 0x1FA9, 0x1F89, 0x2769, 0x2788, 0x274A, 0x87F3, 0xEFFD, 0xFFDF, 0xFFFF, 0xF7FF, 0xFFFF, 0xF7FF,   // 0x31D0 (12752) pixels
0xFFBF, 0xFFFF, 0xDFFC, 0x7F93, 0x2F4C, 0x1FEB, 0x1FA9, 0x2747, 0x1FA9, 0x1F69, 0x1F89, 0x1F89, 0x3FAD, 0xFFFF, 0xFFFF, 0xF77E,   // 0x31E0 (12768) pixels
0x624A, 0x5A6B, 0x52AE, 0x29AB, 0x29AB, 0x4A2C, 0x522A, 0x7B4D, 0xBC4C, 0x9B8A, 0x8B6B, 0xAC90, 0x9C50, 0x6B2C, 0x3A4A, 0x2A2A,   // 0x31F0 (12784) pixels
0x1A89, 0x1A6A, 0x1A4B, 0x1A4B, 0x1A49, 0x1A68, 0x22E9, 0x2B09, 0x1A49, 0x2208, 0x52AC, 0x6B2E, 0x5A8C, 0x49EA, 0x5A2B, 0x6A6D,   // 0x3200 (12800) pixels
0x59E8, 0x51C7, 0x61C8, 0x822A, 0x724A, 0x6B0B, 0x73EE, 0x638D, 0x4A2C, 0x4A2C, 0x49CB, 0x418A, 0x418A, 0x41AB, 0x49CC, 0x5A6E,   // 0x3210 (12816) pixels
0x9BAE, 0x828A, 0x7229, 0x728B, 0x5A4A, 0x49C9, 0x59EA, 0x61CB, 0x69AB, 0x61CB, 0x622C, 0x7B0F, 0x830E, 0x82AC, 0x82AC, 0x726B,   // 0x3220 (12832) pixels
0x7ACC, 0x8B6F, 0x832E, 0x72AC, 0x9B4E, 0xB38F, 0xAB2E, 0xAACC, 0x694B, 0x71EA, 0x724C, 0xFF9F, 0xFFDF, 0xFFFE, 0x376B, 0x17C8,   // 0x3230 (12848) pixels
0x2F89, 0x27A8, 0x17A8, 0x1FA8, 0x2FA9, 0x2769, 0x1F6A, 0x1FAB, 0x6F72, 0x576E, 0x17A8, 0x17E8, 0x27C9, 0x1769, 0x2769, 0x1FA7,   // 0x3240 (12864) pixels
0x4F4F, 0xE7FB, 0xFFFF, 0xFFBF, 0xFFFF, 0xF7FF, 0xFFDF, 0xFFFF, 0xFFFE, 0xC7F9, 0x6FD2, 0x276B, 0x0F47, 0x1FA8, 0x1FC9, 0x1FA9,   // 0x3250 (12880) pixels
0x1FA9, 0x1F69, 0x1FA9, 0x17A9, 0x378C, 0xFFFF, 0xF7FF, 0xFFBF, 0x41C9, 0x4A2B, 0x4A6E, 0x29CC, 0x29CB, 0x422C, 0x422A, 0x630C,   // 0x3260 (12896) pixels
0xCCEE, 0xBCAE, 0x8BAB, 0x838C, 0x83AD, 0x630C, 0x29C9, 0x19CA, 0x2A4B, 0x2A6B, 0x220B, 0x220B, 0x222A, 0x2A29, 0x3A89, 0x4B0B,   // 0x3270 (12912) pixels
0x4A8B, 0x4A2A, 0x6ACC, 0x8B8E, 0x838E, 0x734E, 0x72EE, 0x626D, 0x49CA, 0x49A9, 0x59AA, 0x5969, 0x40E6, 0x5A09, 0x8C0F, 0x8C50,   // 0x3280 (12928) pixels
0x59EC, 0x4949, 0x4948, 0x61EB, 0x6A2C, 0x49AA, 0x418A, 0x4A4E, 0x938F, 0x7ACC, 0x722A, 0x6A4A, 0x5A29, 0x524A, 0x5A6A, 0x49A7,   // 0x3290 (12944) pixels
0x4969, 0x49AB, 0x49EC, 0x49EB, 0x51EA, 0x6229, 0x6A8A, 0x5A6A, 0x628B, 0x7B6F, 0x6AEE, 0x624C, 0x7AAD, 0x8AAC, 0x822A, 0x81E9,   // 0x32A0 (12960) pixels
0x58EA, 0x5148, 0x59EC, 0xFFDF, 0xFFDF, 0xFFFF, 0x376B, 0x17C7, 0x1F6A, 0x27AA, 0x1FC9, 0x17C8, 0x1788, 0x272A, 0x5F4F, 0x97F5,   // 0x32B0 (12976) pixels
0xE7FD, 0xAFF6, 0x278B, 0x0FA8, 0x2FA9, 0x1F68, 0x27A9, 0x17C8, 0xAFD7, 0xF7FE, 0xFFBF, 0xEFDF, 0xFFFF, 0xFF9F, 0xFFBE, 0xFFFF,   // 0x32C0 (12992) pixels
0xB7F8, 0x5F50, 0x174A, 0x0FE9, 0x1FC8, 0x2767, 0x1F68, 0x1FCA, 0x1FC9, 0x1F69, 0x1FA9, 0x17A9, 0x2F6B, 0xFFFF, 0xF7FF, 0xFFFF,   // 0x32D0 (13008) pixels
0x2168, 0x424C, 0x4ACF, 0x3A4D, 0x322C, 0x3A4C, 0x428C, 0x52ED, 0x834B, 0x8BEF, 0x736E, 0x5AEC, 0x5ACB, 0x52CC, 0x322C, 0x2A2D,   // 0x32E0 (13024) pixels
0x49CB, 0x4A2C, 0x39EB, 0x29EA, 0x320B, 0x41EA, 0x5A2A, 0x830D, 0x830D, 0x82CC, 0x8ACB, 0x8AEB, 0x832C, 0x7B4D, 0x7B2E, 0x6ACE,   // 0x32F0 (13040) pixels
0x5A6C, 0x5A0B, 0x59AA, 0x5169, 0x4907, 0x61CA, 0x82EE, 0x7B2E, 0x61EB, 0x4927, 0x4906, 0x6A29, 0x7ACC, 0x5A4A, 0x41EA, 0x424C,   // 0x3300 (13056) pixels
0x62AD, 0x626C, 0x5A0A, 0x626B, 0x734D, 0x7BEF, 0x840E, 0x734C, 0x4A2C, 0x422D, 0x320D, 0x426D, 0x5AED, 0x7B6D, 0x83EF, 0x73AE,   // 0x3310 (13072) pixels
0x6B0F, 0x7350, 0x5A8D, 0x524C, 0x62AE, 0x72AD, 0x6A4B, 0x69E8, 0x514A, 0x4988, 0x5A4D, 0xF7FF, 0xF7FF, 0xF7FF, 0x2F8B, 0x17C7,   // 0x3320 (13088) pixels
0x1F6A, 0x178A, 0x0FA9, 0x17A9, 0x378C, 0x7F92, 0xCFD9, 0xFFFE, 0xFFBF, 0xEFFC, 0x5F90, 0x1769, 0x2788, 0x1F68, 0x278A, 0x47ED,   // 0x3330 (13104) pixels
0xF7FE, 0xFFFF, 0xFFFF, 0xFFFF, 0xFFFF, 0xFFBF, 0xFFFD, 0xBFF8, 0x378C, 0x276A, 0x1F89, 0x1FA8, 0x1F88, 0x2788, 0x2789, 0x1F6A,   // 0x3340 (13120) pixels
0x1FC9, 0x1F69, 0x1F89, 0x1788, 0x376B, 0xFFFF, 0xF7FF, 0xFFDF, 0x42EC, 0x532E, 0x4AAD, 0x320B, 0x322B, 0x428C, 0x4AAC, 0x4A6C,   // 0x3350 (13136) pixels
0x51C9, 0x72ED, 0x9432, 0x9C52, 0x7B2E, 0x7B2E, 0x62CE, 0x4A6E, 0x71EC, 0x72AE, 0x62CE, 0x3A0B, 0x31AA, 0x3949, 0x5128, 0x822C,   // 0x3360 (13152) pixels
0x8ACB, 0x9B0C, 0xA30C, 0x92CB, 0x7AAA, 0x72EB, 0x732D, 0x7B2F, 0x7B6F, 0x6A8C, 0x51A9, 0x4989, 0x59AA, 0x69AB, 0x618B, 0x51AB,   // 0x3370 (13168) pixels
0x61CA, 0x5168, 0x4966, 0x5A08, 0x6AEA, 0x6B4C, 0x530C, 0x42AB, 0x422C, 0x522C, 0x51EB, 0x628C, 0x7BAF, 0x7BEF, 0x83EE, 0x83AD,   // 0x3380 (13184) pixels
0x634F, 0x428D, 0x3A6E, 0x63D2, 0x9D15, 0xB595, 0xB5B5, 0xA575, 0x83F1, 0x6B6F, 0x4A4C, 0x3A0B, 0x31AA, 0x4A6C, 0x83F0, 0x9430,   // 0x3390 (13200) pixels
0x7A0B, 0x7249, 0x72EE, 0xF77E, 0xFFFF, 0xFFFF, 0x3FAC, 0x17A7, 0x27A9, 0x1F69, 0x2F4B, 0x6791, 0xAFF8, 0xEFFD, 0xFFFF, 0xFFDF,   // 0x33A0 (13216) pixels
0xFF9F, 0xFFFF, 0xAFF7, 0x376D, 0x1F88, 0x1F68, 0x374D, 0xAFF7, 0xFFFF, 0xFFFF, 0xF7FE, 0xFFFF, 0xFFFF, 0xEFFE, 0xC7F8, 0x4FCD,   // 0x33B0 (13232) pixels
0x1788, 0x1FA9, 0x27A9, 0x27AA, 0x1FA9, 0x1F89, 0x27AA, 0x27CA, 0x1FC9, 0x1F89, 0x1F89, 0x1F89, 0x3F8C, 0xFFFF, 0xF7FF, 0xEF7E,   // 0x33C0 (13248) pixels
0x74B0, 0x7C70, 0x7C0F, 0x73AE, 0x7BCF, 0x7BD0, 0x62ED, 0x4A0A, 0x48E6, 0x5969, 0x930F, 0xB3F1, 0xA30C, 0xA32D, 0x8AED, 0x6A4B,   // 0x33D0 (13264) pixels
0x61EB, 0x72CE, 0x7B70, 0x4A4C, 0x318A, 0x418A, 0x4969, 0x69EB, 0x7208, 0x7A29, 0x8A8B, 0x8AAC, 0x726A, 0x628A, 0x6ACC, 0x6ACC,   // 0x33E0 (13280) pixels
0x7B6F, 0x7B0E, 0x6AAB, 0x62CC, 0x730D, 0x6A0C, 0x4929, 0x3949, 0x516A, 0x51AA, 0x49C9, 0x4208, 0x4AEA, 0x63CD, 0x538D, 0x32AA,   // 0x33F0 (13296) pixels
0x31EA, 0x41EB, 0x51EB, 0x6AAD, 0x7B6F, 0x732D, 0x732D, 0x834D, 0x730D, 0x4A4C, 0x426D, 0x7414, 0xA577, 0xA576, 0xA555, 0xA556,   // 0x3400 (13312) pixels
0x9CF4, 0x9492, 0x7BD0, 0x6B90, 0x3A4B, 0x4AED, 0x9D14, 0xAD53, 0x91E9, 0x8A47, 0x828B, 0xE679, 0xFFDF, 0xFFFF, 0x4FCE, 0x27A8,   // 0x3410 (13328) pixels
0x17C6, 0x3F6A, 0x8FB3, 0xDFFC, 0xFFFF, 0xFFFF, 0xFFDF, 0xF7DF, 0xFFFF, 0xFFDF, 0xE7FC, 0x4F6F, 0x1FA9, 0x27CA, 0x4F4F, 0xFFFE,   // 0x3420 (13344) pixels
0xFFFF, 0xF7DE, 0xFFFE, 0xF7FE, 0xFFDF, 0xE7FD, 0x4F6F, 0x0F86, 0x2F88, 0x1FA8, 0x1789, 0x178A, 0x276A, 0x276A, 0x1F89, 0x0FA8,   // 0x3430 (13360) pixels
0x1FC9, 0x2789, 0x27AA, 0x2789, 0x47AD, 0xFFFF, 0xF7FF, 0xDEFC, 0x5368, 0x7C2C, 0xAD52, 0xC594, 0xBD54, 0x9C51, 0x626A, 0x4967,   // 0x3440 (13376) pixels
0x5129, 0x48E8, 0x616A, 0x820B, 0x922A, 0xA2CC, 0x8A6B, 0x6A0A, 0x49C8, 0x62AC, 0x7BB0, 0x4A8C, 0x31AA, 0x4A2D, 0x4A0B, 0x522A,   // 0x3450 (13392) pixels
0x7ACC, 0x724B, 0x8ACD, 0x930F, 0x728C, 0x62AB, 0x734D, 0x734D, 0x6B0E, 0x836F, 0x7B8F, 0x73AE, 0x7BAF, 0x6A6C, 0x4128, 0x2948,   // 0x3460 (13408) pixels
0x494B, 0x51EC, 0x4A4B, 0x3A6A, 0x3B0B, 0x4BAD, 0x434B, 0x2228, 0x320A, 0x41CA, 0x59EB, 0x7AAE, 0x7AEE, 0x6A6C, 0x6A4B, 0x724B,   // 0x3470 (13424) pixels
0x8ACB, 0x6A4B, 0x528E, 0x73D3, 0x8473, 0x7C10, 0x73F1, 0x7C33, 0x94B1, 0x9490, 0x738E, 0x73AF, 0x428B, 0x52ED, 0xA533, 0x9CD0,   // 0x3480 (13440) pixels
0x61C5, 0xD247, 0xC9E7, 0xD595, 0xFFDF, 0xFFFF, 0x77B3, 0x1FA7, 0x1FA9, 0x97F3, 0xFFFC, 0xFFBF, 0xFFDF, 0xFFDF, 0xFFFF, 0xEFFE,   // 0x3490 (13456) pixels
0xFFFF, 0xEFFF, 0xFFFE, 0xCFF8, 0x178B, 0x276B, 0xCFF9, 0xFFFF, 0xFFFF, 0xFFDF, 0xFFBF, 0xFFDF, 0xDFFA, 0x57CD, 0x0FA7, 0x3769,   // 0x34A0 (13472) pixels
0x1F89, 0x1F89, 0x1F89, 0x1F89, 0x1F89, 0x1F89, 0x1F89, 0x1F89, 0x1788, 0x2F4A, 0x17A9, 0x2F8A, 0x67D1, 0xEFFE, 0xFF7F, 0xBDF6,   // 0x34B0 (13488) pixels
0x2AAB, 0x4BAD, 0x9511, 0xC594, 0xBCF3, 0x6AED, 0x4A0A, 0x39A9, 0x5169, 0x414B, 0x390A, 0x50E7, 0x79A6, 0x8209, 0x69CA, 0x59AB,   // 0x34C0 (13504) pixels
0x4A6C, 0x634E, 0x6B8E, 0x6B4F, 0x630F, 0x422C, 0x5A4B, 0x7269, 0x9AC9, 0xA2A9, 0xAA8A, 0xAA6A, 0xA24B, 0x9ACC, 0x8B2D, 0x836D,   // 0x34D0 (13520) pixels
0x620A, 0x626C, 0x7B8F, 0x6B4E, 0x5AAC, 0x6ACD, 0x5A2B, 0x4168, 0x3988, 0x4A0A, 0x42AB, 0x228B, 0x3A8B, 0x6AAB, 0x5A4A, 0x2209,   // 0x34E0 (13536) pixels
0x31CB, 0x41E9, 0x5A29, 0x6A6B, 0x6A4C, 0x5A0B, 0x61EA, 0x61CB, 0x7A4A, 0x6A2B, 0x51CB, 0x83F2, 0xADB8, 0xADF6, 0x9DB4, 0x9D94,   // 0x34F0 (13552) pixels
0x8D53, 0x8430, 0x6AEC, 0x6B4E, 0x428C, 0x530D, 0x94F3, 0x8CAF, 0x4987, 0xBA69, 0xF30C, 0xCC52, 0xFFFF, 0xF7FF, 0xA7F7, 0x2F68,   // 0x3500 (13568) pixels
0x2F69, 0x274B, 0x4F70, 0xAFD8, 0xF7FD, 0xFFFE, 0xFFFF, 0xFFBF, 0xFFFF, 0xF7FF, 0xFFDF, 0xE7FA, 0x4F8F, 0x5770, 0xE7FB, 0xFFFF,   // 0x3510 (13584) pixels
0xFFFF, 0xFFFF, 0xFFDF, 0xE7FC, 0x6FD2, 0x2F6A, 0x2F89, 0x1F68, 0x1F89, 0x1F89, 0x1F89, 0x1F89, 0x1F89, 0x1F89, 0x1F89, 0x1F89,   // 0x3520 (13600) pixels
0x1F88, 0x2F69, 0x27AA, 0x1F49, 0x9FF5, 0xF7FE, 0xFFDF, 0xB4D2, 0x5B09, 0x5B8B, 0x6BED, 0x6BAF, 0x632F, 0x3A4C, 0x3A2B, 0x4A4A,   // 0x3530 (13616) pixels
0x49CA, 0x398B, 0x394A, 0x61A9, 0x92CB, 0x932C, 0x6A2A, 0x51A9, 0x522C, 0x5ACC, 0x62EC, 0x62CD, 0x62CF, 0x522C, 0x7A8B, 0xA2CA,   // 0x3540 (13632) pixels
0xAA8A, 0xAA8A, 0x9A29, 0x9229, 0x9ACC, 0x92AC, 0x828B, 0x8B0D, 0x59A9, 0x59A9, 0x622B, 0x6A8C, 0x6AAD, 0x7AEE, 0x7AAD, 0x69EA,   // 0x3550 (13648) pixels
0x71C9, 0x61E9, 0x320A, 0x122B, 0x2A2B, 0x724B, 0x8A2A, 0x69C8, 0x4189, 0x6249, 0x936D, 0x934D, 0x82AB, 0x7ACB, 0x830C, 0x8B0D,   // 0x3560 (13664) pixels
0x92EA, 0x8B0C, 0x5A0A, 0x8BF2, 0xAD56, 0xB5F7, 0xB617, 0xA575, 0x9C72, 0x9BB0, 0x72AC, 0x630D, 0x3A6B, 0x52CC, 0xA4D3, 0xBD53,   // 0x3570 (13680) pixels
0x4169, 0x926A, 0xEB6D, 0xB30D, 0xF7FF, 0xF7FF, 0xDFFC, 0x2F29, 0x17A8, 0x1FA9, 0x17AA, 0x27AC, 0x6FD2, 0xDFFA, 0xFFDF, 0xFFBF,   // 0x3580 (13696) pixels
0xFFDF, 0xF7DF, 0xFFDF, 0xFFFE, 0xB7D7, 0xB7D7, 0xFFFE, 0xFFFF, 0xF7FF, 0xFFFF, 0xEFFE, 0x87F3, 0x178A, 0x1748, 0x2F6A, 0x1788,   // 0x3590 (13712) pixels
0x1F89, 0x1F89, 0x1F89, 0x1F89, 0x1F89, 0x1F89, 0x1F89, 0x1F89, 0x1F69, 0x1F88, 0x27A9, 0x272A, 0xEFFC, 0xFFBF, 0xFFFF, 0xAB8E,   // 0x35A0 (13728) pixels
0xA3CA, 0x7B69, 0x634B, 0x4B0D, 0x4B11, 0x328F, 0x2A0B, 0x39C9, 0x4A0B, 0x39EB, 0x41EA, 0x6A4A, 0x932D, 0x8B2D, 0x624A, 0x6228,   // 0x35B0 (13744) pixels
0x61EA, 0x5A4A, 0x522A, 0x522B, 0x524E, 0x51CC, 0x7A0A, 0xB289, 0xAA6B, 0x9A6A, 0x8229, 0x82AB, 0x8B0D, 0x724B, 0x69EA, 0x828C,   // 0x35C0 (13760) pixels
0x6AAD, 0x724C, 0x69EA, 0x82AD, 0x834E, 0x834E, 0x8B2E, 0x824B, 0xA28C, 0x828B, 0x3A2A, 0x09EA, 0x21A9, 0x820A, 0xBA4A, 0xA146,   // 0x35D0 (13776) pixels
0x59CA, 0x7A6A, 0xC42F, 0xC42F, 0xB42F, 0x9BCC, 0x9BCC, 0xAC4F, 0xBBAB, 0xC470, 0x7AAB, 0x9431, 0x8431, 0x8471, 0x9514, 0x8473,   // 0x35E0 (13792) pixels
0x934F, 0x9B0E, 0x722B, 0x628C, 0x524B, 0x6ACD, 0xAC51, 0xD513, 0x492A, 0x8249, 0xB2C9, 0xAA6A, 0xF73D, 0xFFFF, 0xF7FE, 0x478D,   // 0x35F0 (13808) pixels
0x1FA8, 0x27C8, 0x27C8, 0x1787, 0x1F6A, 0x5FD1, 0xBFF9, 0xFFFF, 0xFFBF, 0xFFBF, 0xFFBF, 0xFFFF, 0xFFFE, 0xFFFD, 0xFFFF, 0xF7FF,   // 0x3600 (13824) pixels
0xFFFF, 0xFFFF, 0x9FD6, 0x27AB, 0x17C8, 0x1F89, 0x1F69, 0x27AA, 0x1F89, 0x1F89, 0x1F89, 0x1F89, 0x1F89, 0x1F89, 0x1F89, 0x1F89,   // 0x3610 (13840) pixels
0x2789, 0x17A8, 0x1FA9, 0x4F4E, 0xFFFE, 0xFFBF, 0xEF3D, 0x92AA, 0xA2C7, 0xAC0B, 0x9C90, 0x6B6F, 0x4ACF, 0x3AB0, 0x3A4D, 0x41EB,   // 0x3620 (13856) pixels
0x31EA, 0x39EB, 0x41EA, 0x59C9, 0x69C9, 0x5969, 0x5167, 0x7269, 0x9ACC, 0x82CB, 0x6249, 0x49EA, 0x422E, 0x4A2D, 0x620A, 0x9269,   // 0x3630 (13872) pixels
0x9B0D, 0x826B, 0x728B, 0x8B8F, 0x7B6E, 0x628C, 0x72CD, 0x7B0F, 0x5AED, 0x7B2E, 0x726C, 0x8B2E, 0x83CF, 0x6B6C, 0x838D, 0x7A8A,   // 0x3640 (13888) pixels
0x926C, 0x930D, 0x524A, 0x2988, 0x3948, 0x8A09, 0xC28B, 0xA966, 0x4927, 0x8AAB, 0xC44F, 0xAB8C, 0xC490, 0xCD31, 0xBCAE, 0xBC8E,   // 0x3650 (13904) pixels
0xC3CB, 0xD4B0, 0x7269, 0x9450, 0x94D1, 0x9533, 0xA595, 0x8C93, 0x72CC, 0x82AC, 0x71C9, 0x724C, 0x728D, 0x82EE, 0x9B6E, 0xA38C,   // 0x3660 (13920) pixels
0x71AC, 0xA2AA, 0xBAC8, 0xC2CA, 0xDD76, 0xFFDF, 0xFFFF, 0x8FF5, 0x2768, 0x1787, 0x27A8, 0x2F88, 0x1789, 0x078A, 0x3F8F, 0xAFF5,   // 0x3670 (13936) pixels
0xFFFE, 0xFFFF, 0xFFFF, 0xFFDF, 0xFFFF, 0xFFFF, 0xFFFF, 0xFFFF, 0xFFFF, 0xC7D8, 0x476D, 0x0788, 0x27E9, 0x2FC8, 0x1768, 0x2F8B,   // 0x3680 (13952) pixels
0x1F89, 0x1F89, 0x1F89, 0x1F89, 0x1F89, 0x1F89, 0x1F89, 0x1F89, 0x1FC9, 0x0FA8, 0x178A, 0x9FB5, 0xF7FF, 0xFFFF, 0xCDD7, 0x82AA,   // 0x3690 (13968) pixels
0x7A67, 0x9BEC, 0xAD10, 0x8C4E, 0x634E, 0x530F, 0x428E, 0x422E, 0x3A2C, 0x39EB, 0x41CA, 0x5168, 0x5108, 0x48A7, 0x5149, 0x82AD,   // 0x36A0 (13984) pixels
0xBB8D, 0xA38B, 0x72EA, 0x420A, 0x3A2E, 0x3AB0, 0x4A6D, 0x72CC, 0xB4B2, 0x9BEF, 0x8BAE, 0xA472, 0x9431, 0x83CF, 0x8C31, 0x83F0,   // 0x36B0 (14000) pixels
0x8451, 0x9C52, 0x7AAC, 0x830D, 0x8C0F, 0x7C0E, 0x9490, 0x8B8D, 0x82EF, 0x934F, 0x7A4B, 0x69A9, 0x7168, 0x91C8, 0xB2AB, 0x9A2A,   // 0x36C0 (14016) pixels
0x3907, 0x7AAB, 0xB42F, 0x92EB, 0xA3AD, 0xBCB0, 0xCCD0, 0xD4D0, 0xBC6F, 0xDDD5, 0x838D, 0x9CF2, 0xB615, 0xCE97, 0xC5D5, 0x9430,   // 0x36D0 (14032) pixels
0x724A, 0x7A2A, 0x6188, 0x620A, 0x728D, 0x8B0F, 0x8AED, 0x7A69, 0x720C, 0xAA6A, 0xC289, 0xC28A, 0xBBAE, 0xFF9E, 0xFFFF, 0xE7FC,   // 0x36E0 (14048) pixels
0x378B, 0x2769, 0x27C9, 0x1FA9, 0x1789, 0x17AA, 0x1F69, 0x2F6A, 0xA7B6, 0xE7FB, 0xFFFE, 0xFFDF, 0xF7FF, 0xEFFF, 0xFFFF, 0xFFFF,   // 0x36F0 (14064) pixels
0xE7FB, 0x5F6F, 0x1768, 0x1FA9, 0x1FA9, 0x2788, 0x2F68, 0x176A, 0x1F89, 0x1F89, 0x1F89, 0x1F89, 0x1F89, 0x1F89, 0x1F89, 0x1F89,   // 0x3700 (14080) pixels
0x1FC9, 0x1788, 0x3F6D, 0xE7FC, 0xF7FF, 0xFFFF, 0xB491, 0x7289, 0x6AEC, 0x6B6A, 0x7C2B, 0x94CD, 0x8CCF, 0x84B1, 0x73D1, 0x5ACF,   // 0x3710 (14096) pixels
0x52AC, 0x39EB, 0x39AA, 0x5189, 0x5968, 0x4929, 0x496A, 0x6A4D, 0x8AC9, 0x938B, 0x838B, 0x526A, 0x322D, 0x2AB0, 0x328E, 0x6390,   // 0x3720 (14112) pixels
0xEEF9, 0xE6B8, 0xD616, 0xE678, 0xD637, 0xBD95, 0xBDD5, 0x9CF2, 0xB5D7, 0xBD56, 0x82ED, 0x82AC, 0x93AF, 0x9410, 0xACB2, 0x9C0F,   // 0x3730 (14128) pixels
0x72D0, 0x82CE, 0x820A, 0xA24B, 0xA20B, 0x8987, 0x8A09, 0x7A2B, 0x59EA, 0x82EC, 0xB451, 0x932E, 0x6A2A, 0x7A69, 0xAB8C, 0xC3ED,   // 0x3740 (14144) pixels
0xACD1, 0xEEFA, 0xBDD6, 0xA574, 0xB594, 0xC5B4, 0xB430, 0x92AC, 0xAACC, 0x9A8B, 0x69A8, 0x49C8, 0x49EA, 0x6A8D, 0x7A8B, 0x7A49,   // 0x3750 (14160) pixels
0x51EA, 0x69E8, 0x8188, 0x922A, 0x930B, 0xD5F7, 0xFFFF, 0xFFDF, 0x8FF3, 0x2F2B, 0x07A9, 0x1FC9, 0x2789, 0x27A9, 0x17A9, 0x1FA9,   // 0x3760 (14176) pixels
0x3F6C, 0x87F2, 0xE7FB, 0xFFDF, 0xF7FF, 0xF7FF, 0xFFFF, 0xF7FD, 0x7FF2, 0x274A, 0x1F88, 0x2FC9, 0x1F89, 0x1F89, 0x2789, 0x17A8,   // 0x3770 (14192) pixels
0x1F89, 0x1F89, 0x1F89, 0x1F89, 0x1F89, 0x1F89, 0x1F89, 0x1F89, 0x27A9, 0x278A, 0x8F94, 0xFFFF, 0xFFFF, 0xCE76, 0xA40D, 0x82EB,   // 0x3780 (14208) pixels
0x62EE, 0x5B6C, 0x642A, 0x74AA, 0x7CAB, 0x9D71, 0xB594, 0xB4B2, 0x7B8D, 0x4A8B, 0x4A6C, 0x628B, 0x5A08, 0x41A7, 0x2989, 0x29AB,   // 0x3790 (14224) pixels
0x4A48, 0x6B4A, 0x7BAC, 0x62AB, 0x422C, 0x3A8F, 0x328E, 0x63F2, 0xC5B5, 0xAD12, 0x9C90, 0xB574, 0xA512, 0x8C4F, 0x8C50, 0x6B2B,   // 0x37A0 (14240) pixels
0xA534, 0xB534, 0x82ED, 0x7A2A, 0x8A8C, 0x8A8C, 0x932E, 0x8B0D, 0x6A6F, 0x59CA, 0x5946, 0x81E9, 0x81EA, 0x6167, 0x69E9, 0x7A2C,   // 0x37B0 (14256) pixels
0x6A0A, 0x936E, 0xA3D0, 0x6A4B, 0x4907, 0x69E8, 0xAB2B, 0xAA88, 0x8AAA, 0xB451, 0xA472, 0x7B6D, 0x7B8D, 0x8B6D, 0x71E9, 0x7189,   // 0x37C0 (14272) pixels
0xC32D, 0xBAEC, 0x8249, 0x51E8, 0x3989, 0x51AA, 0x61A9, 0x7229, 0x4ACD, 0x42CB, 0x49EA, 0x72CC, 0x8B8C, 0x9BEF, 0xFFFF, 0xFFDF,   // 0x37D0 (14288) pixels
0xE7FB, 0x572E, 0x1789, 0x1FC9, 0x2767, 0x1FA9, 0x1FA9, 0x2749, 0x0F88, 0x2F8C, 0xA7D5, 0xFFFE, 0xFFDF, 0xFFDF, 0xFFDE, 0xD7DA,   // 0x37E0 (14304) pixels
0x17EA, 0x2769, 0x2789, 0x1FC8, 0x27AA, 0x1FAC, 0x0FA9, 0x27E7, 0x1F89, 0x1F89, 0x1F89, 0x1F89, 0x1F89, 0x1F89, 0x1F89, 0x1F89,   // 0x37F0 (14320) pixels
0x2747, 0x3FCD, 0xE7FB, 0xFFDF, 0xFFBF, 0xA4F0, 0xC4F0, 0xCD14, 0x93D2, 0x5B4C, 0x4BA9, 0x6CEC, 0x6C6A, 0x848C, 0xC550, 0xF592,   // 0x3800 (14336) pixels
0xB552, 0x8C92, 0x8CB3, 0x9470, 0x736A, 0x4A88, 0x2A6B, 0x228E, 0x32AB, 0x430B, 0x5AEA, 0x5208, 0x49EB, 0x4A8F, 0x3A6D, 0x6BB1,   // 0x3810 (14352) pixels
0xDEBB, 0x9492, 0x7C30, 0xA5D7, 0x9534, 0x7C51, 0x94B3, 0x62EC, 0xADB5, 0xAD54, 0x72EC, 0x69C8, 0x81EA, 0x79A9, 0x79EA, 0x71EA,   // 0x3820 (14368) pixels
0x624D, 0x49C8, 0x4186, 0x5A2A, 0x624B, 0x520A, 0x622A, 0x6969, 0x69A8, 0x8ACB, 0x69C8, 0x48E6, 0x5149, 0x828B, 0xBB6C, 0xC2C9,   // 0x3830 (14384) pixels
0xA1C9, 0x91EA, 0x8AAC, 0x5A08, 0x6289, 0x5A28, 0x38C5, 0x596A, 0x9A28, 0xA269, 0x924A, 0x7A4B, 0x61EB, 0x618B, 0x5949, 0x724A,   // 0x3840 (14400) pixels
0x72EA, 0x8B0C, 0x8AAB, 0x82EC, 0x82ED, 0x8B2E, 0xBCF5, 0xFFFF, 0xFFBF, 0xAFD6, 0x37AB, 0x0F86, 0x27C9, 0x274A, 0x2769, 0x27A9,   // 0x3850 (14416) pixels
0x1F89, 0x37A8, 0x1FA8, 0x97F4, 0xFFDF, 0xFF9F, 0xE7FB, 0x3FAE, 0x1F89, 0x1F89, 0x1F89, 0x1F89, 0x1F89, 0x1F89, 0x1F89, 0x1F89,   // 0x3860 (14432) pixels
0x1F88, 0x1FA8, 0x1FA9, 0x1F8A, 0x1FAA, 0x17A9, 0x1F88, 0x2F69, 0x3F2A, 0xB7F7, 0xF7FF, 0xFF9F, 0xDDD6, 0xB590, 0xC6B2, 0xD693,   // 0x3870 (14448) pixels
0x93B1, 0x61AB, 0x722B, 0x832A, 0x8BEA, 0x6B29, 0x734C, 0xBD54, 0xDDF4, 0xCD73, 0xACD1, 0x7C0E, 0x53AD, 0x32EB, 0x32CC, 0x326C,   // 0x3880 (14464) pixels
0x22AA, 0x2AA9, 0x52A9, 0x7A8A, 0x6A0B, 0x49EB, 0x42AD, 0x5BB0, 0xB4F5, 0x94D2, 0x8D33, 0x8555, 0x7494, 0x7434, 0x8413, 0x7390,   // 0x3890 (14480) pixels
0x9D56, 0x94D3, 0x5AEC, 0x49CA, 0x61CC, 0x8A0C, 0xB28A, 0xC265, 0xBA49, 0x6A2C, 0x29CB, 0x5A4B, 0x9A8A, 0xA229, 0x8A0B, 0x5969,   // 0x38A0 (14496) pixels
0x598B, 0x51CC, 0x396A, 0x3108, 0x4948, 0x7A4A, 0x930A, 0x8266, 0x8A67, 0x79E9, 0x69AC, 0x596B, 0x40C5, 0x59C7, 0x7B4D, 0x5A8C,   // 0x38B0 (14512) pixels
0x29CA, 0x4A8E, 0x7370, 0x838F, 0x622A, 0x61EB, 0x61EA, 0x9B8C, 0xC2C9, 0xD2EB, 0xC2CB, 0xB32B, 0x92EB, 0x8249, 0x934D, 0xE699,   // 0x38C0 (14528) pixels
0xFFFF, 0xEFFD, 0x7F71, 0x2F8B, 0x0FA9, 0x1FC9, 0x27A9, 0x2789, 0x1F89, 0x07A7, 0x1FA9, 0x3F6E, 0xA7D8, 0xEFFD, 0x8FD4, 0x274A,   // 0x38D0 (14544) pixels
0x1F89, 0x1F89, 0x1F89, 0x1F89, 0x1F89, 0x1F89, 0x1F89, 0x1F89, 0x1FEA, 0x1F69, 0x2789, 0x1FC9, 0x1768, 0x2769, 0x27CA, 0x17A9,   // 0x38E0 (14560) pixels
0x8794, 0xE7FD, 0xFFFF, 0xE6BC, 0x6A8B, 0x9490, 0xAD52, 0x9BCD, 0x624A, 0x4927, 0x61CA, 0x69E8, 0x59E6, 0x6227, 0x8B2C, 0xC4D2,   // 0x38F0 (14576) pixels
0xDDF5, 0xD5B5, 0xB4F2, 0x9470, 0x7C71, 0x432D, 0x2A4B, 0x2A0B, 0x2A6A, 0x428B, 0x626B, 0x824C, 0x824C, 0x624C, 0x4A8D, 0x42EF,   // 0x3900 (14592) pixels
0x7B2E, 0x7B8F, 0x7BCF, 0x6BAF, 0x6370, 0x6B51, 0x7310, 0x6A8D, 0x7B2F, 0x7B4E, 0x5A6A, 0x49C9, 0x5A0C, 0x826D, 0xC2EC, 0xEB09,   // 0x3910 (14608) pixels
0xCACA, 0x61C8, 0x2926, 0x6A4A, 0xB30B, 0xA269, 0x71C9, 0x4169, 0x49AA, 0x4A0C, 0x3A0C, 0x39EB, 0x4A0B, 0x836E, 0xB4B0, 0xA46D,   // 0x3920 (14624) pixels
0xC4B1, 0xB473, 0x622D, 0x2887, 0x4147, 0x836E, 0x9C92, 0x7BF1, 0x29C9, 0x41EB, 0x6ACD, 0x832D, 0x69E8, 0x69E9, 0x828A, 0xB44C,   // 0x3930 (14640) pixels
0xEA68, 0xFAA9, 0xF2AA, 0xDAEA, 0xC34B, 0xA2EB, 0x72A9, 0x73CD, 0xEFDD, 0xFFFF, 0xEFFD, 0x6F31, 0x1F8A, 0x07C7, 0x1FE9, 0x1F48,   // 0x3940 (14656) pixels
0x37AA, 0x0FA8, 0x2FEB, 0x0F4A, 0x478F, 0x8FF3, 0x378B, 0x1788, 0x1F89, 0x1F89, 0x1F89, 0x1F89, 0x1F89, 0x1F89, 0x1F89, 0x1F89,   // 0x3950 (14672) pixels
0x1F2A, 0x2F8A, 0x2768, 0x1FA7, 0x1FE9, 0x17A9, 0x2F4B, 0x5FD0, 0xE7FF, 0xFFFF, 0xFF9F, 0x7B90, 0x5A6C, 0x6B2E, 0x6AEC, 0x6187,   // 0x3960 (14688) pixels
0x3945, 0x4947, 0x69AB, 0x58E8, 0x5107, 0x7A29, 0xA32C, 0xC411, 0xC513, 0xD5B6, 0xCD75, 0xB4F3, 0x9CF3, 0x534D, 0x21C8, 0x21A9,   // 0x3970 (14704) pixels
0x4249, 0x520A, 0x59CA, 0x71EA, 0x9A8B, 0xA28B, 0x7A0A, 0x49AA, 0x8229, 0x9ACB, 0x9ACB, 0x8AAB, 0x7ACD, 0x62AE, 0x51EB, 0x5169,   // 0x3980 (14720) pixels
0x71CB, 0x824C, 0x724B, 0x520B, 0x422C, 0x624C, 0xAA8B, 0xEAEB, 0xE2A9, 0x99C6, 0x7185, 0xAA6A, 0xE32C, 0xC288, 0x6966, 0x38E8,   // 0x3990 (14736) pixels
0x398A, 0x3A2C, 0x3A8D, 0x322C, 0x4A8C, 0xA4F4, 0xEF1A, 0xDED7, 0xE6B9, 0xB577, 0x41EB, 0x20E8, 0x7B4F, 0xA492, 0x9C91, 0x8C31,   // 0x39A0 (14752) pixels
0x6B8F, 0x626C, 0x724B, 0x9ACB, 0x8A29, 0x926A, 0x9AC8, 0xB3C9, 0xDAA9, 0xDA68, 0xE269, 0xCA48, 0xBAAA, 0xA38D, 0x5B0C, 0x2289,   // 0x39B0 (14768) pixels
0x7450, 0xF7DF, 0xFFFF, 0xE7FC, 0x7791, 0x27AA, 0x0767, 0x27C9, 0x2F68, 0x2F89, 0x27AA, 0x1F49, 0x2749, 0x2FAA, 0x1F88, 0x17E8,   // 0x39C0 (14784) pixels
0x1F89, 0x1F89, 0x1F89, 0x1F89, 0x1F89, 0x1F89, 0x1F89, 0x1F89, 0x2749, 0x2FCA, 0x1F87, 0x1786, 0x17E9, 0x1F6B, 0x7731, 0xEFFB,   // 0x39D0 (14800) pixels
0xFFDF, 0xFFBF, 0x9C70, 0x8C2F, 0x6B4D, 0x632E, 0x524A, 0x5187, 0x49C9, 0x6A4B, 0x69AA, 0x58E9, 0x71EB, 0x930C, 0x8A8A, 0x9AAD,   // 0x39E0 (14816) pixels
0x93AE, 0xBCB2, 0xC4B2, 0xB491, 0x9C71, 0x636D, 0x42AB, 0x428C, 0x59C7, 0x5168, 0x4928, 0x61C8, 0xAAC9, 0xDAC8, 0xC1E7, 0x9168,   // 0x39F0 (14832) pixels
0xB207, 0xD269, 0xDAAA, 0xBA8A, 0x8A6A, 0x59CA, 0x4148, 0x4108, 0x718A, 0x8A2C, 0x826C, 0x5A6C, 0x3A6D, 0x4A6C, 0x826B, 0xC2CB,   // 0x3A00 (14848) pixels
0xF268, 0xE2C9, 0xDAC9, 0xEA8A, 0xFAEB, 0xF2CA, 0x99E8, 0x50C9, 0x3949, 0x41EC, 0x426D, 0x31EB, 0x528C, 0xC5B7, 0xF79D, 0xCE77,   // 0x3A10 (14864) pixels
0x9D32, 0x7C71, 0x3209, 0x4AAC, 0xAD34, 0xBD95, 0xB574, 0xAD33, 0xA533, 0x9C0F, 0x9AEC, 0xA26A, 0x99C9, 0x9A2A, 0x9A48, 0xAAE8,   // 0x3A20 (14880) pixels
0xBB4A, 0xAA87, 0xB267, 0xB288, 0x9ACA, 0x730C, 0x32AB, 0x0A29, 0x1A69, 0x7CB2, 0xFFFF, 0xFFFE, 0xEFFC, 0x7751, 0x2F4B, 0x1768,   // 0x3A30 (14896) pixels
0x0FC7, 0x27A8, 0x17A9, 0x2F69, 0x2F48, 0x17C8, 0x2FA9, 0x0FA9, 0x1F89, 0x1F89, 0x1F89, 0x1F89, 0x1F89, 0x1F89, 0x1F89, 0x1F89,   // 0x3A40 (14912) pixels
0x17C9, 0x1767, 0x1FE9, 0x1FEA, 0x274B, 0x7F73, 0xEFFD, 0xFFDF, 0xFFBF, 0x9C71, 0x9C6E, 0x944E, 0x52CA, 0x632D, 0x73AF, 0x5AEB,   // 0x3A50 (14928) pixels
0x5A4C, 0x622B, 0x5947, 0x71CA, 0x934D, 0xA3EE, 0x7A8A, 0x6A0C, 0x7A6C, 0x92EE, 0x92CE, 0x9B6F, 0x836F, 0x6B6E, 0x638F, 0x4AED,   // 0x3A60 (14944) pixels
0x5948, 0x490A, 0x410B, 0x61EA, 0x9AA9, 0xCA67, 0xC1E7, 0xB20A, 0xB1E7, 0xCA28, 0xE28A, 0xC24A, 0x7988, 0x4948, 0x4989, 0x518A,   // 0x3A70 (14960) pixels
0x5989, 0x71EA, 0x7A0B, 0x624C, 0x428E, 0x326D, 0x522A, 0x826A, 0xE288, 0xF349, 0xEB29, 0xEAA9, 0xF2A9, 0xFB2A, 0xC2CB, 0x694A,   // 0x3A80 (14976) pixels
0x3929, 0x41CB, 0x4A4D, 0x39EB, 0x5AAD, 0xAD36, 0xBDB6, 0x6B8C, 0x4B08, 0x534A, 0x4B2B, 0x8CD1, 0xAD73, 0xA4D0, 0xB593, 0xB5B3,   // 0x3A90 (14992) pixels
0x84CF, 0xAD10, 0xA3AD, 0x81C9, 0x7108, 0x7949, 0x81A9, 0xAACC, 0xA247, 0x9205, 0x9265, 0xB38A, 0xB46E, 0x634B, 0x2208, 0x11A9,   // 0x3AA0 (15008) pixels
0x12AA, 0x436C, 0x84B0, 0xF7BC, 0xFFFF, 0xF7FE, 0xA7F7, 0x3F4C, 0x17EA, 0x0788, 0x0FA9, 0x27A9, 0x2788, 0x1FC8, 0x1FA9, 0x1F6A,   // 0x3AB0 (15024) pixels
0x1F89, 0x1F89, 0x1F89, 0x1F89, 0x1F89, 0x1F89, 0x1F89, 0x1F89, 0x0FA8, 0x17E9, 0x176A, 0x3F0C, 0x9F95, 0xF7FD, 0xFFFF, 0xEF9F,   // 0x3AC0 (15040) pixels
0x8BF0, 0x83EE, 0x944E, 0x942E, 0x8C2F, 0x7BF0, 0x738E, 0x5B4D, 0x5A6D, 0x51A9, 0x5967, 0xA36D, 0xAC4E, 0xAC6F, 0x834D, 0x6A4C,   // 0x3AD0 (15056) pixels
0x7A4D, 0x79EC, 0x79CC, 0x8A8E, 0x6A6C, 0x528B, 0x530D, 0x3249, 0x51AC, 0x492C, 0x414D, 0x59AC, 0x71CA, 0x7987, 0x7167, 0x61A9,   // 0x3AE0 (15072) pixels
0x71A9, 0x81C9, 0x920A, 0x81E9, 0x5948, 0x5169, 0x59CB, 0x59A9, 0x51EA, 0x6A0A, 0x6A0A, 0x628D, 0x52F0, 0x3AAF, 0x3A8C, 0x528A,   // 0x3AF0 (15088) pixels
0xB328, 0xC369, 0xCB69, 0xD3CA, 0xCB68, 0xCB6A, 0xB3AD, 0x6229, 0x394A, 0x318A, 0x3A2C, 0x424C, 0x5AEE, 0x8453, 0x6BCF, 0x2207,   // 0x3B00 (15104) pixels
0x4B28, 0x4B49, 0x5BCC, 0x84F0, 0x7C4E, 0x6B6B, 0x846E, 0x7C6D, 0x43A8, 0x7CAC, 0x736A, 0x51A8, 0x598A, 0x69EB, 0x71CA, 0x9A8D,   // 0x3B10 (15120) pixels
0xCA6A, 0xCB4B, 0xBB8A, 0xD4AE, 0xD592, 0x6B8C, 0x1A08, 0x220B, 0x22CA, 0x3B6A, 0x53AA, 0x6C2D, 0xD6DB, 0xFFFF, 0xF7FE, 0xCFFA,   // 0x3B20 (15136) pixels
0x7772, 0x374E, 0x276B, 0x1F89, 0x1F88, 0x1F89, 0x1788, 0x2FAA, 0x1F89, 0x1F89, 0x1F89, 0x1F89, 0x1F89, 0x1F89, 0x1F89, 0x1F89,   // 0x3B30 (15152) pixels
0x374B, 0x2EEB, 0x77B3, 0xD7FB, 0xFFFE, 0xFFFF, 0xCE59, 0x7BAF, 0x8B8D, 0x6B4B, 0x940F, 0x834C, 0x5AA9, 0x83CF, 0x5A6A, 0x4A8A,   // 0x3B40 (15168) pixels
0x6B8E, 0x628B, 0x726A, 0xBC4F, 0xB42C, 0xABED, 0x932D, 0x828C, 0x824B, 0x79AA, 0x798A, 0x7A0B, 0x51E9, 0x52AA, 0x5BAC, 0x53AA,   // 0x3B50 (15184) pixels
0x49EA, 0x39C9, 0x41CA, 0x51CA, 0x51AA, 0x49CB, 0x4A0B, 0x49EB, 0x498A, 0x51A9, 0x51A9, 0x49A9, 0x49AA, 0x49AB, 0x51AA, 0x51C9,   // 0x3B60 (15200) pixels
0x51C9, 0x59C9, 0x5188, 0x520B, 0x4A90, 0x3A4F, 0x3A6D, 0x428B, 0xABEB, 0xB3AB, 0xBBEB, 0xDD8F, 0xBCEC, 0xABEB, 0xBC90, 0x6B09,   // 0x3B70 (15216) pixels
0x316A, 0x298A, 0x322C, 0x428D, 0x52EE, 0x532E, 0x3ACB, 0x1A28, 0x4329, 0x53CB, 0x540B, 0x4349, 0x42E9, 0x5BAC, 0x63ED, 0x436A,   // 0x3B80 (15232) pixels
0x43C9, 0x6C6A, 0x6369, 0x4A09, 0x5A4C, 0x624B, 0x69A9, 0x818A, 0xC9CA, 0xD2EC, 0xB2A8, 0xC38B, 0xCCB0, 0x52C9, 0x09A7, 0x120B,   // 0x3B90 (15248) pixels
0x2A28, 0x3B69, 0x43EA, 0x4349, 0x3A8A, 0x94F6, 0xFFBF, 0xFFBF, 0xFFFE, 0xBFF9, 0x67F1, 0x378A, 0x2789, 0x1FA9, 0x1FA9, 0x2788,   // 0x3BA0 (15264) pixels
0x1F89, 0x1F89, 0x1F89, 0x1F89, 0x1F89, 0x1F89, 0x1F89, 0x1F89, 0x6FF1, 0xCFF9, 0xFFFC, 0xFFDF, 0xFFFF, 0x94F3, 0x5A48, 0x8B0B,   // 0x3BB0 (15280) pixels
0xBCD0, 0x8C2E, 0x9C4F, 0x93EE, 0x83CD, 0x93EE, 0xA410, 0x83CF, 0x7C6E, 0x7BAE, 0x82CC, 0xB3ED, 0x9B29, 0x9AEA, 0x92AB, 0xA2EC,   // 0x3BC0 (15296) pixels
0xAB2C, 0xA2AB, 0x9AAB, 0x826A, 0x5248, 0x636A, 0x6409, 0x6449, 0x6B8A, 0x63A9, 0x63A9, 0x5AC9, 0x41E9, 0x3A0B, 0x4A2C, 0x51AA,   // 0x3BD0 (15312) pixels
0x51CB, 0x522B, 0x4209, 0x3A0A, 0x4A2C, 0x49EC, 0x4A0B, 0x6AED, 0x724C, 0x6A4B, 0x51C8, 0x522B, 0x4A6F, 0x3A0F, 0x426E, 0x4ACD,   // 0x3BE0 (15328) pixels
0xB44E, 0xAB8C, 0xABAC, 0xDE31, 0xBD6D, 0xA42C, 0xC511, 0x7329, 0x316A, 0x31AB, 0x424D, 0x428D, 0x426C, 0x322A, 0x19C8, 0x1A49,   // 0x3BF0 (15344) pixels
0x32C8, 0x43AA, 0x43EB, 0x2AE8, 0x32C9, 0x434C, 0x22A9, 0x2309, 0x3B27, 0x6409, 0x6BAA, 0x5AAB, 0x522B, 0x59E9, 0x7A08, 0xAA6C,   // 0x3C00 (15360) pixels
0xBAE9, 0xD3EE, 0xD40C, 0xE4CC, 0xC4ED, 0x52A9, 0x0988, 0x124B, 0x1A09, 0x2269, 0x2A89, 0x2289, 0x2269, 0x2A89, 0x5C0D, 0xAE96,   // 0x3C10 (15376) pixels
0xFF9D, 0xFFDF, 0xFFFF, 0xEFFE, 0xC7D9, 0x8F93, 0x5FAF, 0x3F6D, 0x27A8, 0x27CA, 0x2FAB, 0x378D, 0x57CF, 0x7FD3, 0xBFD9, 0xFFFF,   // 0x3C20 (15392) pixels
0xFFFF, 0xF7FF, 0xF7DF, 0xC556, 0x6A6C, 0x3107, 0x41C8, 0x8B6C, 0xA44F, 0x838D, 0x83CF, 0x734E, 0x62AB, 0x9430, 0x736E, 0x634E,   // 0x3C30 (15408) pixels
0x744D, 0x842F, 0x72AB, 0x7A6C, 0x69CB, 0x6149, 0x71A9, 0x79CA, 0x918A, 0x81A9, 0x7229, 0x5A47, 0x4AC7, 0x5BA8, 0x6408, 0x6428,   // 0x3C40 (15424) pixels
0x6C66, 0x7D26, 0x8545, 0x7C88, 0x5B2B, 0x422B, 0x4A2C, 0x4A0C, 0x4A0C, 0x4A2C, 0x422A, 0x3A08, 0x4AA9, 0x5B2A, 0x5B28, 0x6389,   // 0x3C50 (15440) pixels
0x6BCC, 0x6BEA, 0x6C0B, 0x63AB, 0x5B2C, 0x424E, 0x39EE, 0x4ACC, 0xC42C, 0xBC4D, 0xB48B, 0xCD8D, 0xCD6E, 0xBCCD, 0xA44E, 0x628C,   // 0x3C60 (15456) pixels
0x394D, 0x316C, 0x39CC, 0x4A8E, 0x3AAD, 0x21EA, 0x19CA, 0x19EB, 0x1A28, 0x336B, 0x2BAB, 0x1AE9, 0x2AC9, 0x3289, 0x2228, 0x2AAA,   // 0x3C70 (15472) pixels
0x438B, 0x540B, 0x5BEB, 0x52A9, 0x5947, 0x8147, 0xD2CD, 0xCA6B, 0xCB8A, 0xD42E, 0xD44D, 0xE50E, 0xBCCF, 0x4A8A, 0x0989, 0x122B,   // 0x3C80 (15488) pixels
0x1A0B, 0x1A2B, 0x226A, 0x1A09, 0x1209, 0x226A, 0x32EB, 0x4BCC, 0x648D, 0x9DF5, 0xDF5C, 0xFFFF, 0xFFFE, 0xFFFD, 0xFFFD, 0xFFFE,   // 0x3C90 (15504) pixels
0xF7FF, 0xFFFF, 0xFFFF, 0xFFFF, 0xFFFD, 0xFFDE, 0xFFBF, 0xFFDF, 0xE6FD, 0x94F5, 0x5ACC, 0x5188, 0x4908, 0x3928, 0x5209, 0x938D,   // 0x3CA0 (15520) pixels
0xA46F, 0x6289, 0x83F0, 0x7BCF, 0x5269, 0x8C0F, 0x6B6D, 0x530C, 0x846E, 0x8C0E, 0x6A6A, 0x622B, 0x59EA, 0x51EA, 0x524A, 0x5A4A,   // 0x3CB0 (15536) pixels
0x69EA, 0x6A2B, 0x526A, 0x3A88, 0x32E8, 0x3B68, 0x3B67, 0x3B67, 0x6447, 0x74C6, 0x74E5, 0x7487, 0x5B89, 0x4269, 0x39EB, 0x39CD,   // 0x3CC0 (15552) pixels
0x318B, 0x31CA, 0x3A29, 0x42A8, 0x63A9, 0x7469, 0x7446, 0x7C86, 0x5BC8, 0x5BA6, 0x6C48, 0x7CEA, 0x746A, 0x532A, 0x3A8B, 0x4B0C,   // 0x3CD0 (15568) pixels
0x9CAC, 0x73CA, 0x6BEA, 0x84AC, 0x844C, 0x946C, 0x94AE, 0x62EB, 0x39AB, 0x420C, 0x422C, 0x424C, 0x322C, 0x21CB, 0x21CB, 0x21AB,   // 0x3CE0 (15584) pixels
0x2A09, 0x3A8B, 0x3A6B, 0x29E9, 0x2A29, 0x2A49, 0x2249, 0x32EC, 0x3349, 0x4BCA, 0x5BCA, 0x5A68, 0x6947, 0x8988, 0xBAAC, 0xAA4B,   // 0x3CF0 (15600) pixels
0xC40B, 0xBC0E, 0xA3AD, 0xA3AC, 0x836D, 0x3A2B, 0x11AB, 0x19EB, 0x19EB, 0x1A2A, 0x226B, 0x1A2A, 0x1A0A, 0x228B, 0x2ACA, 0x2B0A,   // 0x3D00 (15616) pixels
0x3369, 0x3329, 0x32E9, 0x53AD, 0x9553, 0xCEFA, 0xEF9F, 0xE75F, 0xFFFF, 0xFFBF, 0xFF9F, 0xEF7C, 0xEEFA, 0xEE38, 0xB4F4, 0x63AF,   // 0x3D10 (15632) pixels
0x49CB, 0x2949, 0x3968, 0x59AA, 0x5989, 0x3928, 0x49E9, 0x8BAE, 0x946E, 0x6B4B, 0x6BAE, 0x6B6E, 0x5289, 0x842F, 0x7C4F, 0x536B,   // 0x3D20 (15648) pixels
0x7C4E, 0x7BEE, 0x6ACB, 0x6ACC, 0x62CD, 0x62CC, 0x526A, 0x41E8, 0x62AC, 0x630D, 0x42CB, 0x3289, 0x2AE9, 0x2AE8, 0x2AC7, 0x3307,   // 0x3D30 (15664) pixels
0x6409, 0x6C89, 0x6466, 0x6446, 0x6427, 0x5367, 0x3269, 0x216B, 0x29CB, 0x29EA, 0x3269, 0x4328, 0x5C28, 0x6CA7, 0x74A5, 0x7CE5,   // 0x3D40 (15680) pixels
0x53C6, 0x4345, 0x5C05, 0x74E6, 0x74C8, 0x6429, 0x538A, 0x4B2B, 0x53A9, 0x2A67, 0x3B2A, 0x4BAB, 0x4309, 0x742C, 0x84EE, 0x4B2A,   // 0x3D50 (15696) pixels
0x532A, 0x536C, 0x4B4D, 0x430D, 0x328C, 0x29E9, 0x21C8, 0x2187, 0x11C9, 0x21CA, 0x31CA, 0x29AA, 0x21A9, 0x19C9, 0x11E9, 0x226A,   // 0x3D60 (15712) pixels
0x334B, 0x4BEA, 0x5BEA, 0x4AA7, 0x5A28, 0x7A89, 0x934C, 0x8B4C, 0x8BAB, 0x7B4D, 0x62AC, 0x5A4A, 0x4A2B, 0x320D, 0x21ED, 0x19A9,   // 0x3D70 (15728) pixels
0x1989, 0x19A9, 0x220A, 0x220A, 0x19EA, 0x19EA, 0x1A09, 0x2A89, 0x2ACB, 0x2AAA, 0x2249, 0x32E9, 0x53AB, 0x6C0D, 0x6BAE, 0x52CD,   // 0x3D80 (15744) pixels
0x424C, 0x494A, 0x410A, 0x3989, 0x6A49, 0xC2CB, 0xD2EA, 0x9A67, 0x4A0C, 0x31CA, 0x41EA, 0x59C9, 0x5169, 0x398A, 0x422B, 0x7B6E,   // 0x3D90 (15760) pixels
0x73EB, 0x636B, 0x5B2C, 0x634D, 0x62AA, 0x7B6C, 0x83CD, 0x6BAC, 0x5B8A, 0x634B, 0x6ACB, 0x72ED, 0x7AED, 0x7AEE, 0x6A2A, 0x6188,   // 0x3DA0 (15776) pixels
0x528B, 0x52CC, 0x3229, 0x2208, 0x2A49, 0x2A27, 0x3267, 0x4B09, 0x53C7, 0x5BE8, 0x53E7, 0x6448, 0x6CA8, 0x5C07, 0x32A8, 0x118B,   // 0x3DB0 (15792) pixels
0x222A, 0x2249, 0x2AA9, 0x3307, 0x4387, 0x53C7, 0x5BE6, 0x6C67, 0x6467, 0x5C29, 0x6CA7, 0x64A4, 0x5C46, 0x6CAA, 0x6CCA, 0x5C2A,   // 0x3DC0 (15808) pixels
0x4B4B, 0x21C8, 0x3A8B, 0x52EA, 0x5247, 0x738A, 0x844D, 0x532C, 0x6329, 0x632A, 0x62EB, 0x5AAC, 0x520A, 0x4188, 0x59C7, 0x6A28,   // 0x3DD0 (15824) pixels
0x1A29, 0x11E9, 0x1A2A, 0x1A0A, 0x19CA, 0x19CA, 0x19E9, 0x1A0A, 0x2A8B, 0x436B, 0x4BCA, 0x4B29, 0x83AC, 0xA3ED, 0xB3ED, 0xC40E,   // 0x3DE0 (15840) pixels
0x5AEB, 0x52CD, 0x424D, 0x422C, 0x422C, 0x322E, 0x29EC, 0x2188, 0x298B, 0x2169, 0x2189, 0x218A, 0x21AB, 0x21AB, 0x21AA, 0x2A0A,   // 0x3DF0 (15856) pixels
0x222B, 0x224B, 0x2A6A, 0x434A, 0x53EA, 0x642A, 0x6C4B, 0x744D, 0x438C, 0x49CB, 0x40EA, 0x394A, 0x5189, 0xA1C8, 0xCA27, 0xBA65,   // 0x3E00 (15872) pixels
0x52AD, 0x322B, 0x3A2A, 0x49C9, 0x49AA, 0x39EC, 0x3A4C, 0x630D, 0x6B69, 0x634B, 0x73AF, 0x6AAC, 0x59A8, 0x82AA, 0x8AAA, 0x7A69,   // 0x3E10 (15888) pixels
0x6A89, 0x7269, 0x7A29, 0x720A, 0x69E9, 0x722B, 0x69EA, 0x71CA, 0x5AEE, 0x4AAD, 0x21AA, 0x21A9, 0x2A2A, 0x2208, 0x3248, 0x4B2B,   // 0x3E20 (15904) pixels
0x53E7, 0x53C7, 0x4B88, 0x642A, 0x74CA, 0x5C48, 0x4348, 0x328B, 0x2269, 0x2269, 0x2AA9, 0x2AC8, 0x3307, 0x3B27, 0x4327, 0x53A8,   // 0x3E30 (15920) pixels
0x5C28, 0x6C8B, 0x7D2A, 0x6466, 0x4366, 0x53E9, 0x6CA9, 0x6CA8, 0x53EC, 0x29E9, 0x49EA, 0x824C, 0x9A2B, 0xAA6A, 0x9A8A, 0x826C,   // 0x3E40 (15936) pixels
0x828A, 0x7A8A, 0x69EA, 0x6149, 0x6108, 0x7968, 0xAA8B, 0xCB4C, 0x6AAA, 0x3A08, 0x1A07, 0x1208, 0x19E9, 0x21A9, 0x19C9, 0x222A,   // 0x3E50 (15952) pixels
0x222C, 0x32CB, 0x4329, 0x5B29, 0xB470, 0xDC90, 0xDBEC, 0xE3EC, 0x628B, 0x5AAE, 0x4A6D, 0x420A, 0x3A0A, 0x320B, 0x2A0B, 0x3229,   // 0x3E60 (15968) pixels
0x320A, 0x3209, 0x3209, 0x29A9, 0x2169, 0x298A, 0x2188, 0x2166, 0x1A09, 0x222A, 0x328A, 0x4B6A, 0x53C9, 0x53E7, 0x6468, 0x6CCA,   // 0x3E70 (15984) pixels
0x4C49, 0x5B0A, 0x59EB, 0x394A, 0x3969, 0x828C, 0xA34D, 0x8B2A, 0x5B0D, 0x3AAB, 0x4B0C, 0x528B, 0x3989, 0x2169, 0x31CA, 0x6B2E,   // 0x3E80 (16000) pixels
0xA42D, 0x9C2F, 0x7B0E, 0x4948, 0x50C6, 0x89E9, 0x9A2A, 0x922A, 0x99E9, 0xA1EA, 0x99EA, 0x8A0A, 0x69C9, 0x624A, 0x626B, 0x6A8C,   // 0x3E90 (16016) pixels
0x5B10, 0x426D, 0x218A, 0x11AA, 0x1A0B, 0x1A29, 0x1A68, 0x2AC8, 0x4B6B, 0x53AB, 0x4B29, 0x4308, 0x53A7, 0x74A8, 0x74A9, 0x4B87,   // 0x3EA0 (16032) pixels
0x2A4A, 0x2209, 0x2208, 0x2247, 0x32C7, 0x4368, 0x53A7, 0x6407, 0x5386, 0x5BC7, 0x6467, 0x6426, 0x53A8, 0x53A9, 0x6427, 0x74C6,   // 0x3EB0 (16048) pixels
0x5469, 0x3288, 0x4148, 0x818B, 0xB9EC, 0xD20A, 0xCA09, 0xC20B, 0x926A, 0x8A2A, 0x6127, 0x5085, 0x6106, 0x9A4A, 0xCB4C, 0xD34A,   // 0x3EC0 (16064) pixels
0xBA8C, 0x7A08, 0x3A27, 0x3289, 0x3A8A, 0x2A09, 0x1188, 0x11E9, 0x1A0B, 0x2A69, 0x3AE9, 0x5B2A, 0xA490, 0xB4CE, 0x9409, 0x8BE8,   // 0x3ED0 (16080) pixels
0x7A08, 0x82AC, 0x7AAC, 0x72A8, 0x6AE9, 0x42CB, 0x32AC, 0x434D, 0x3AEA, 0x432B, 0x4B6C, 0x42EB, 0x3229, 0x29E9, 0x3A29, 0x4AEA,   // 0x3EE0 (16096) pixels
0x32CA, 0x2A28, 0x29C7, 0x4AA9, 0x6BAA, 0x7429, 0x6C47, 0x5C26, 0x53CB, 0x638D, 0x52CD, 0x420A, 0x5A8B, 0xAC51, 0xDD75, 0xCD33,   // 0x3EF0 (16112) pixels
0x6B4D, 0x4AEC, 0x63AE, 0x6B4E, 0x5A6C, 0x39EB, 0x420A, 0x7B0D, 0xB44E, 0x938D, 0x49A8, 0x30E6, 0x4927, 0x6147, 0x71E9, 0x8A6A,   // 0x3F00 (16128) pixels
0x9A8B, 0x9A8B, 0x926B, 0x8A8B, 0x6A49, 0x626A, 0x6A8C, 0x72CD, 0x522B, 0x4189, 0x3169, 0x2188, 0x21E8, 0x2A88, 0x2AE7, 0x2305,   // 0x3F10 (16144) pixels
0x3288, 0x4B68, 0x4B47, 0x32A5, 0x42E5, 0x744A, 0x84CC, 0x63A8, 0x31EA, 0x29C9, 0x29C9, 0x21E8, 0x3A88, 0x5388, 0x6428, 0x7488,   // 0x3F20 (16160) pixels
0x5BE6, 0x5BE5, 0x6406, 0x6C47, 0x7469, 0x63E9, 0x5B88, 0x6C48, 0x7447, 0x5B08, 0x4986, 0x6987, 0xA229, 0xBA68, 0xC2A9, 0xAA2A,   // 0x3F30 (16176) pixels
0x8A2A, 0x7A0A, 0x61A9, 0x59A8, 0x6A6B, 0x8B2D, 0x9B4C, 0x92CA, 0x9A8B, 0x7AAA, 0x52EA, 0x432A, 0x4B4C, 0x3A8B, 0x19C8, 0x1A09,   // 0x3F40 (16192) pixels
0x2228, 0x32A7, 0x4B69, 0x5B4B, 0x73AC, 0x7BCB, 0x73E9, 0x63A7
};

#endif // CITYCOMPLETE_H_INCLUDED