// Generated by   : ImageConverter 565 Online
// Generated from : water.jpg
// Time generated : Tue, 27 May 25 04:09:49 +0200  (Server timezone: CET)
// Image Size     : 190x128 pixels
// Memory usage   : 48640 bytes


#ifndef FORESTCOMPLETE_H
#define FORESTCOMPLETE_H

#include <TFT_eSPI.h>

void drawForestComplete(TFT_eSPI &tft);


#if defined(__AVR__)
    #include <avr/pgmspace.h>
#elif defined(__PIC32MX__)
    #define PROGMEM
#elif defined(__arm__)
    #define PROGMEM
#endif

const unsigned short forestComplete[16200] PROGMEM={
0xCF3F, 0xC73E, 0xC73D, 0xBF5D, 0xC77E, 0xC77E, 0xBF5E, 0xBF5E, 0xBF5F, 0xBF3E, 0xBF5E, 0xBF7F, 0xBF7F, 0xBF5E, 0xBF7F, 0xBF7F,   // 0x0010 (16) pixels
0xB73E, 0xBF5E, 0xC77F, 0xBF5E, 0xBF3E, 0xC75E, 0xC73E, 0xC73E, 0xC73E, 0xC75E, 0xC75E, 0xC75E, 0xBF5E, 0xBF3E, 0xBF5E, 0xBF7E,   // 0x0020 (32) pixels
0xBF5E, 0xBF5E, 0xC75E, 0xBF5E, 0xBF5E, 0xBF5E, 0xBF5E, 0xBF5E, 0xC75E, 0xC75E, 0xBF5E, 0xBF5E, 0xBF5E, 0xBF5E, 0xBF5E, 0xBF5E,   // 0x0030 (48) pixels
0xBF5F, 0xBF5F, 0xBF7F, 0xC77F, 0xC75E, 0xC75E, 0xC75E, 0xC75E, 0xC79D, 0xC71E, 0xCF7F, 0xBE79, 0xA208, 0xA089, 0x8086, 0x6864,   // 0x0040 (64) pixels
0x9C54, 0xE79F, 0xCFBF, 0xBF9F, 0xC75F, 0xCF7F, 0xC77F, 0xBF9E, 0xC77F, 0xC75F, 0xBF3E, 0xBF5F, 0xBF3E, 0xBF5E, 0xC79F, 0xB75D,   // 0x0050 (80) pixels
0xB77F, 0xBF7F, 0xC77F, 0xCF7E, 0xD77C, 0xDF7C, 0xE7BC, 0xEFFD, 0xEFBD, 0xEFBD, 0xEFBD, 0xEFBC, 0xEFBC, 0xEFBC, 0xEFDC, 0xEFDC,   // 0x0060 (96) pixels
0xEFBD, 0xEFBD, 0xEFBC, 0xEFBC, 0xEFDC, 0xF7DD, 0xF7DD, 0xF7DD, 0xDFBE, 0xDF9D, 0xDF7D, 0xE7BD, 0xEFDE, 0xF7BD, 0xF79D, 0xF79D,   // 0x0070 (112) pixels
0xEF9C, 0xF7BC, 0xFFBC, 0xF79C, 0xFF9C, 0xF7BE, 0xEF9E, 0xE77D, 0xC73F, 0xC75F, 0xC75E, 0xC77E, 0xC77E, 0xBF7E, 0xBF7E, 0xBF5E,   // 0x0080 (128) pixels
0xC77F, 0xC77F, 0xBF5F, 0xC75E, 0xBF5E, 0xBF3D, 0xBF3D, 0xC75E, 0xC77E, 0xBF5E, 0xC75E, 0xC75E, 0xC75E, 0xC77E, 0xC75E, 0xC77F,   // 0x0090 (144) pixels
0xC77F, 0xC73E, 0xBF3E, 0xC75E, 0xC77F, 0xBF5E, 0xBF5E, 0xC77E, 0xC75E, 0xC75E, 0xBF5E, 0xC75E, 0xC75E, 0xC77F, 0xC75E, 0xC75E,   // 0x00A0 (160) pixels
0xC75E, 0xC75E, 0xC75E, 0xC75E, 0xC75E, 0xC75E, 0xC75E, 0xC77E, 0xBF5E, 0xBF5E, 0xBF5E, 0xBF5E, 0xBF5E, 0xBF5E, 0xBF5E, 0xBF5E,   // 0x00B0 (176) pixels
0xB75C, 0xBF5F, 0xCFBF, 0xBE78, 0xA1C8, 0xA8CA, 0xA909, 0x90E8, 0x5929, 0xA475, 0xC6BC, 0xC79E, 0xC7DF, 0xC79E, 0xBF1D, 0xCF7F,   // 0x00C0 (192) pixels
0xBF3E, 0xBF5E, 0xC73E, 0xC75E, 0xCF7E, 0xD77E, 0xDFBE, 0xD79D, 0xC75D, 0xCF7E, 0xDFBF, 0xE7BE, 0xEFBE, 0xEFBD, 0xEFBC, 0xEFBC,   // 0x00D0 (208) pixels
0xEFBC, 0xEFBC, 0xEFBC, 0xEFBD, 0xEFBD, 0xEFBD, 0xEFDD, 0xEFDD, 0xEFBD, 0xEFBD, 0xEFBC, 0xEFBC, 0xEFBC, 0xEFBC, 0xEFBD, 0xEFBD,   // 0x00E0 (224) pixels
0xD79D, 0xD79D, 0xD77D, 0xDF9D, 0xE7BD, 0xE7BD, 0xE79D, 0xE79D, 0xE7BC, 0xEFDD, 0xEFDD, 0xEFBC, 0xEFBD, 0xEFBE, 0xE79E, 0xDF7D,   // 0x00F0 (240) pixels
0xBF5F, 0xC75F, 0xC77F, 0xC77E, 0xBF7E, 0xBF5E, 0xBF5E, 0xBF5F, 0xC75F, 0xC75E, 0xC75E, 0xC75E, 0xC73D, 0xC73D, 0xCF5D, 0xD77E,   // 0x0100 (256) pixels
0xCF7E, 0xC73C, 0xC73D, 0xC75E, 0xC77E, 0xC77F, 0xB73E, 0xBF3E, 0xC77F, 0xC75F, 0xBF3E, 0xC75E, 0xC77F, 0xC75F, 0xC75E, 0xC75E,   // 0x0110 (272) pixels
0xC75E, 0xC75E, 0xBF5E, 0xC75E, 0xC77F, 0xC77F, 0xC77F, 0xC75E, 0xC75E, 0xC75E, 0xC75E, 0xBF3D, 0xBF3D, 0xC75E, 0xC77E, 0xC77E,   // 0x0120 (288) pixels
0xD79E, 0xD77E, 0xCF7E, 0xCF5E, 0xC75E, 0xC75E, 0xC73E, 0xC75E, 0xB77D, 0xBF5F, 0xCF9F, 0xC658, 0xA9E8, 0xB0CA, 0xB909, 0xB0C9,   // 0x0130 (304) pixels
0x8069, 0x80C9, 0x89EC, 0xA3F1, 0xDEFC, 0xDFFF, 0xC7BE, 0xB77D, 0xC75D, 0xCF9E, 0xD79E, 0xDF9D, 0xE7BE, 0xEFBD, 0xF7DD, 0xF7BD,   // 0x0140 (320) pixels
0xE79D, 0xE79D, 0xEFBE, 0xF7BE, 0xFFBD, 0xFFBD, 0xF7BD, 0xF7BD, 0xF7BC, 0xF7BC, 0xF7DD, 0xF7BD, 0xF7DD, 0xF7DD, 0xEFBD, 0xEFBD,   // 0x0150 (336) pixels
0xEFBD, 0xEFBD, 0xF7DD, 0xF7DD, 0xF7DC, 0xEFDC, 0xEFBD, 0xEF9D, 0xD79E, 0xD77D, 0xD77D, 0xD79D, 0xD79D, 0xD79D, 0xD79D, 0xD7BD,   // 0x0160 (352) pixels
0xDFBD, 0xDFDD, 0xE7DD, 0xDFBD, 0xDF9D, 0xDFBD, 0xD79E, 0xCF7E, 0xBF7F, 0xBF5F, 0xBF5E, 0xBF3D, 0xBF5D, 0xC75D, 0xBF5E, 0xBF5E,   // 0x0170 (368) pixels
0xC73E, 0xC73E, 0xCF5E, 0xD77E, 0xD79E, 0xD77E, 0xDF9E, 0xE7BE, 0xDFDE, 0xD77D, 0xCF7D, 0xC75E, 0xBF5E, 0xB71D, 0x967B, 0x8E3A,   // 0x0180 (384) pixels
0xBF1E, 0xC77F, 0xC77F, 0xC73E, 0xC73E, 0xC75F, 0xC75E, 0xC73E, 0xC75E, 0xC75E, 0xC75E, 0xC75E, 0xC75E, 0xC75E, 0xC77F, 0xC77F,   // 0x0190 (400) pixels
0xC77E, 0xC77E, 0xC77E, 0xC75E, 0xC75E, 0xC75E, 0xC77E, 0xCF9F, 0xE7BD, 0xE7BE, 0xDF9D, 0xD77D, 0xD77E, 0xCF7D, 0xCF5E, 0xCF5E,   // 0x01A0 (416) pixels
0xBF5E, 0xC75F, 0xD79F, 0xCE79, 0xA9E8, 0xA0E9, 0xA8E8, 0xC0E9, 0x912B, 0x90CA, 0x9068, 0xA0E9, 0xC2AE, 0xA370, 0xC63A, 0xC79E,   // 0x01B0 (432) pixels
0xD77C, 0xE7DE, 0xE7DD, 0xEFBD, 0xF7DD, 0xF7DD, 0xF7BC, 0xFFBC, 0xF7DD, 0xF7DD, 0xF7BD, 0xF7BD, 0xF7BD, 0xF7BD, 0xF7DD, 0xF7DD,   // 0x01C0 (448) pixels
0xEFBC, 0xEFDC, 0xF7DD, 0xF7DD, 0xEFBD, 0xEFBD, 0xEF9D, 0xE79D, 0xEF9D, 0xEFBD, 0xEFDD, 0xEFDD, 0xEFDD, 0xEFDD, 0xEFBD, 0xEF9D,   // 0x01D0 (464) pixels
0xDF7E, 0xD77E, 0xD77E, 0xD77E, 0xD77E, 0xCF7D, 0xCF7D, 0xD79E, 0xD79D, 0xD7BE, 0xDFBE, 0xD79D, 0xD77D, 0xD77D, 0xCF7E, 0xCF7E,   // 0x01E0 (480) pixels
0xBF5F, 0xBF5E, 0xC73D, 0xC75D, 0xCF7E, 0xD79E, 0xCF9E, 0xCF7D, 0xCF5E, 0xCF7E, 0xD79F, 0xDFBF, 0xDFBF, 0xDFBE, 0xDFBE, 0xE7BE,   // 0x01F0 (496) pixels
0xDFDE, 0xDFBE, 0xD7BF, 0xC75E, 0xAEFD, 0x9EBC, 0x861A, 0x7DD9, 0x9E7B, 0xB71E, 0xC77F, 0xC77F, 0xC75E, 0xC75E, 0xC75E, 0xC73E,   // 0x0200 (512) pixels
0xBF3E, 0xC77E, 0xC77F, 0xC77F, 0xC75E, 0xC75E, 0xC77E, 0xCF9F, 0xD7BF, 0xD7BF, 0xCFBF, 0xCF9F, 0xCF7E, 0xC77E, 0xCF9F, 0xCF9F,   // 0x0210 (528) pixels
0xD77D, 0xD77D, 0xD77D, 0xCF7E, 0xCF7E, 0xCF7E, 0xC77F, 0xC77F, 0xC77E, 0xC75F, 0xCF7F, 0xBE37, 0x9268, 0x9A4D, 0x91EB, 0xA14A,   // 0x0220 (544) pixels
0x70E9, 0x70E8, 0x8108, 0x88A7, 0xA14A, 0x91EB, 0xCD98, 0xDFDF, 0xE77C, 0xEFBD, 0xEFBD, 0xEFBD, 0xEFBD, 0xEFBD, 0xE79C, 0xE79C,   // 0x0230 (560) pixels
0xEFBC, 0xEFBC, 0xF7DD, 0xF7DD, 0xF7DD, 0xEFBD, 0xE7BD, 0xDF9C, 0xEFBC, 0xEFBC, 0xEFBD, 0xEFBD, 0xE79D, 0xE79D, 0xDF7D, 0xDF5D,   // 0x0240 (576) pixels
0xDF5D, 0xDF7C, 0xE79C, 0xE7BC, 0xE7BC, 0xE79D, 0xE77D, 0xDF7D, 0xDF5E, 0xDF5E, 0xDF7E, 0xDF9E, 0xDF7E, 0xD77E, 0xD77E, 0xD79E,   // 0x0250 (592) pixels
0xDF5E, 0xDF7E, 0xDF9E, 0xD77D, 0xD77D, 0xD77E, 0xD77E, 0xD75F, 0xBF5D, 0xC75D, 0xCF7D, 0xDF9E, 0xE7BE, 0xE7DE, 0xE7BE, 0xDFBD,   // 0x0260 (608) pixels
0xCF5D, 0xCF5D, 0xCF5E, 0xD79E, 0xD79E, 0xD77E, 0xCF7D, 0xCF7D, 0xCF7D, 0xCF9E, 0xCFBF, 0xB71D, 0x9EBB, 0x8E7B, 0x865B, 0x865B,   // 0x0270 (624) pixels
0x85FA, 0x967B, 0xAF1E, 0xBF7F, 0xC77F, 0xC75E, 0xC73E, 0xC75E, 0xC75E, 0xCF7F, 0xCF9F, 0xCF9F, 0xC77E, 0xC75E, 0xCF7F, 0xCFBF,   // 0x0280 (640) pixels
0xCF9F, 0xCF9F, 0xCF9F, 0xCF7E, 0xCF5E, 0xC75E, 0xCF5E, 0xCF7E, 0xC75E, 0xC75E, 0xC75E, 0xC75E, 0xBF5E, 0xBF5F, 0xBF5F, 0xBF5F,   // 0x0290 (656) pixels
0xBF5D, 0xBF7F, 0xC79F, 0xB697, 0xAC8F, 0xE6FD, 0xDEDC, 0xDD7A, 0x8A6E, 0x726D, 0x8BF1, 0xACF4, 0xEE9B, 0xFF1E, 0xF79F, 0xDFBF,   // 0x02A0 (672) pixels
0xE79D, 0xEFBD, 0xEFDE, 0xE7BD, 0xE7BE, 0xDFBE, 0xD77D, 0xD77D, 0xDFBC, 0xDFBD, 0xE7BD, 0xE7BD, 0xE7BE, 0xDFBD, 0xD79D, 0xD79D,   // 0x02B0 (688) pixels
0xE79D, 0xE79D, 0xDF9D, 0xDF9D, 0xDF9D, 0xDF7D, 0xD75D, 0xD75D, 0xD75D, 0xD77D, 0xDF9D, 0xDF9D, 0xDF9D, 0xDF9D, 0xDF7D, 0xDF7D,   // 0x02C0 (704) pixels
0xDF5E, 0xDF5E, 0xDF7E, 0xDF9F, 0xDF7F, 0xD75E, 0xD75E, 0xD77E, 0xDF5F, 0xDF7E, 0xDF9E, 0xD77E, 0xD77E, 0xD77E, 0xDF7F, 0xDF7F,   // 0x02D0 (720) pixels
0xC75D, 0xCF7D, 0xDFBD, 0xEFDD, 0xF7DD, 0xF7DD, 0xEFDD, 0xEFDD, 0xCF5D, 0xCF3D, 0xC73D, 0xC73D, 0xC75E, 0xC75E, 0xC75E, 0xBF5E,   // 0x02E0 (736) pixels
0xCF7E, 0xC75E, 0xB73E, 0xA6DC, 0x967B, 0x8E7B, 0x7E5B, 0x865B, 0x7E1A, 0x7E1A, 0x967B, 0xA6FD, 0xBF5E, 0xBF5E, 0xC75E, 0xC75E,   // 0x02F0 (752) pixels
0xC75E, 0xCF7E, 0xCF9F, 0xCF7F, 0xC77E, 0xC75E, 0xC77E, 0xCF9F, 0xC75D, 0xCF5E, 0xCF5E, 0xCF5E, 0xCF5E, 0xCF5E, 0xCF5E, 0xC75D,   // 0x0300 (768) pixels
0xCF7E, 0xCF7E, 0xCF7E, 0xCF7E, 0xCF7E, 0xCF7E, 0xC75D, 0xC73D, 0xBF3C, 0xBF3E, 0xC77E, 0xA635, 0x94AE, 0xD7FF, 0xCFFF, 0xD71F,   // 0x0310 (784) pixels
0xDF3E, 0xCF3D, 0xCFFF, 0xBFBE, 0xCF9E, 0xD79E, 0xD75E, 0xD75E, 0xCF9E, 0xCF7D, 0xD7BE, 0xD79E, 0xD77E, 0xD79E, 0xD77E, 0xD75E,   // 0x0320 (800) pixels
0xD79E, 0xD79E, 0xDF9E, 0xDF7E, 0xDF7E, 0xD77E, 0xD79E, 0xD79E, 0xD77E, 0xD77E, 0xD77E, 0xD77E, 0xD77E, 0xD77E, 0xD77E, 0xD77E,   // 0x0330 (816) pixels
0xD77E, 0xD77E, 0xD79E, 0xD79D, 0xD79D, 0xD79E, 0xD79E, 0xD77E, 0xD79D, 0xD77D, 0xD77E, 0xD79E, 0xD79E, 0xCF7E, 0xCF7E, 0xD77E,   // 0x0340 (832) pixels
0xDF7F, 0xD77E, 0xCF7E, 0xCF7D, 0xCF7D, 0xCF7E, 0xD77E, 0xD75E, 0xCF9D, 0xDFBD, 0xEFDD, 0xF7BD, 0xF79C, 0xF79B, 0xF7BC, 0xF7DC,   // 0x0350 (848) pixels
0xDFDE, 0xD79E, 0xCF5D, 0xC75D, 0xC77E, 0xBF7E, 0xBF7F, 0xBF7F, 0xC77F, 0xAEDC, 0x9E9B, 0x967B, 0x969C, 0x8E9C, 0x865B, 0x7E5B,   // 0x0360 (864) pixels
0x867B, 0x7E3A, 0x7E19, 0x967A, 0xAF1D, 0xBF7E, 0xC77E, 0xC75E, 0xC77E, 0xC75E, 0xC75E, 0xC75E, 0xC75E, 0xC75E, 0xC75E, 0xC75E,   // 0x0370 (880) pixels
0xC73D, 0xC75D, 0xCF5E, 0xCF7E, 0xCF9E, 0xCF9E, 0xCF7E, 0xCF7E, 0xDF9E, 0xDFBD, 0xE7BE, 0xE7DE, 0xEFBE, 0xEFBD, 0xE79D, 0xE79C,   // 0x0380 (896) pixels
0xE7DF, 0xCF5E, 0xD77E, 0xB656, 0x9CAE, 0xC7BE, 0xAFBE, 0xCF5F, 0xCF3E, 0xD77F, 0xCF5E, 0xCF5E, 0xBF5E, 0xB75D, 0xB79E, 0xA75C,   // 0x0390 (912) pixels
0xAF1D, 0xA6FC, 0xB73D, 0xBF3D, 0xBF1D, 0xD77F, 0xD75E, 0xD75E, 0xCF5E, 0xD77E, 0xD77F, 0xD75F, 0xD75F, 0xD75E, 0xD77E, 0xD77E,   // 0x03A0 (928) pixels
0xD75F, 0xD75F, 0xD77E, 0xD77E, 0xD77E, 0xD77E, 0xD77E, 0xD79E, 0xCF7F, 0xCF7E, 0xCF7E, 0xCF7D, 0xCF7D, 0xCF7E, 0xCF7E, 0xCF5E,   // 0x03B0 (944) pixels
0xCF9D, 0xCF9D, 0xC79D, 0xCF9D, 0xCF9E, 0xCF7E, 0xCF7E, 0xCF7E, 0xD77E, 0xCF5E, 0xC75D, 0xBF7C, 0xBF7D, 0xC77D, 0xC75D, 0xCF3D,   // 0x03C0 (960) pixels
0xF7BC, 0xF7BC, 0xF7BC, 0xF7BC, 0xF7BC, 0xF7BC, 0xF7BC, 0xF7BC, 0xFF7B, 0xF7FE, 0xD7BF, 0xBF5E, 0xC77E, 0xCF5D, 0xC71D, 0xCF3E,   // 0x03D0 (976) pixels
0xAF5F, 0x969C, 0x8E5B, 0x967C, 0x8E7B, 0x865B, 0x863A, 0x863A, 0x863B, 0x863B, 0x7E3B, 0x7E1B, 0x8E5C, 0xB6FD, 0xD77E, 0xE7BE,   // 0x03E0 (992) pixels
0xE77E, 0xDF5D, 0xDF7D, 0xD7BE, 0xD79D, 0xD79D, 0xD77D, 0xDF7D, 0xE79D, 0xE79D, 0xE7BD, 0xEFBD, 0xEFBD, 0xEFBD, 0xEFBD, 0xEFBD,   // 0x03F0 (1008) pixels
0xF7BC, 0xF79C, 0xF79C, 0xF7BD, 0xF79D, 0xFFBD, 0xFFBD, 0xFF9D, 0xFFFC, 0xE7BD, 0xDFBE, 0xF6B5, 0xC46B, 0xE7DC, 0xC7BD, 0xDF3E,   // 0x0400 (1024) pixels
0xDFDF, 0xD7BF, 0xBF3D, 0xAEDC, 0x9EBC, 0x969B, 0x96BC, 0x8E7B, 0x8E5C, 0x8E5C, 0x9E9D, 0x965B, 0xA69C, 0xBF5E, 0xC73D, 0xC75E,   // 0x0410 (1040) pixels
0xC73E, 0xC75E, 0xC75E, 0xC75D, 0xCF5D, 0xCF7E, 0xC75E, 0xBF3D, 0xBF5D, 0xBF5D, 0xC75D, 0xC73D, 0xC73D, 0xBF5D, 0xBF7E, 0xBF9E,   // 0x0420 (1056) pixels
0xC75E, 0xBF3D, 0xBF5D, 0xC77D, 0xBF5D, 0xBF3D, 0xC75E, 0xC73F, 0xBF3E, 0xBF5E, 0xBF5E, 0xC77E, 0xC77F, 0xC77E, 0xBF5E, 0xB73E,   // 0x0430 (1072) pixels
0xBF5E, 0xBF5D, 0xCF7D, 0xD79D, 0xD79D, 0xC75C, 0xBF3D, 0xBF5E, 0xF7BC, 0xF7BC, 0xF7BC, 0xF7BC, 0xF7BC, 0xF7BC, 0xF7BC, 0xF7BC,   // 0x0440 (1088) pixels
0xFFBC, 0xF7FE, 0xE7DF, 0xCF7D, 0xCF5C, 0xDFBE, 0xE7FF, 0xE7DF, 0xA6FE, 0x967C, 0x8E5B, 0x8E7B, 0x8E7B, 0x8E5B, 0x863A, 0x863A,   // 0x0450 (1104) pixels
0x863A, 0x863A, 0x7E3B, 0x7E3B, 0x85FA, 0x963A, 0xBEFD, 0xE7FF, 0xF7DE, 0xEFDD, 0xEFDD, 0xEFDD, 0xEFDE, 0xF7FE, 0xF7FE, 0xEFBD,   // 0x0460 (1120) pixels
0xE7BD, 0xEFBD, 0xEFBD, 0xEFBD, 0xEFBD, 0xEFBD, 0xEFBD, 0xEFBD, 0xEFDC, 0xEFBC, 0xF7DD, 0xF7FD, 0xF7BD, 0xF7BD, 0xEFBD, 0xEF9D,   // 0x0470 (1136) pixels
0xE79B, 0xE7DE, 0xE7FF, 0xE654, 0xABEA, 0xDFDC, 0xC7FF, 0xE79F, 0xBF1D, 0xB71D, 0xA69B, 0x9E7B, 0x967B, 0x8E7B, 0x969C, 0x8E7B,   // 0x0480 (1152) pixels
0x8E7D, 0x8E5C, 0x969C, 0x8E5B, 0x965B, 0xA6DC, 0xAEFC, 0xBF5E, 0xC75E, 0xCF9F, 0xD79E, 0xD77D, 0xDFBE, 0xDFDE, 0xD79E, 0xCF5D,   // 0x0490 (1168) pixels
0xCF9E, 0xCF7E, 0xCF5D, 0xCF3D, 0xC73D, 0xC73D, 0xBF5D, 0xB75D, 0xBF5E, 0xBF5E, 0xBF3E, 0xBF5E, 0xBF5E, 0xBF5E, 0xBF5E, 0xB73F,   // 0x04A0 (1184) pixels
0xBF5E, 0xBF5E, 0xBF5E, 0xBF3E, 0xBF3E, 0xBF3E, 0xC75E, 0xC77F, 0xC77E, 0xCF7D, 0xD79D, 0xE7BD, 0xE7BD, 0xD77D, 0xCF5D, 0xC77E,   // 0x04B0 (1200) pixels
0xF7BC, 0xF7BC, 0xF7BC, 0xF7BC, 0xF7BC, 0xF7BC, 0xF7BC, 0xF7BC, 0xF7BC, 0xEFBD, 0xEFFE, 0xEFDD, 0xE79C, 0xF7FD, 0xEFFF, 0xCF3D,   // 0x04C0 (1216) pixels
0x969C, 0x8E5B, 0x8E5B, 0x8E7B, 0x8E7B, 0x8E5B, 0x865B, 0x861A, 0x8E5A, 0x863A, 0x863B, 0x865C, 0x861B, 0x85F9, 0x9E5A, 0xB71D,   // 0x04D0 (1232) pixels
0xE7DD, 0xEFFE, 0xEFDD, 0xE79C, 0xEF9C, 0xF7BC, 0xF7DD, 0xF7BC, 0xEFDD, 0xF7DD, 0xF7DD, 0xF7DD, 0xF7BD, 0xEFBD, 0xF7BD, 0xF79D,   // 0x04E0 (1248) pixels
0xEFDC, 0xEFDC, 0xF7FC, 0xF7FC, 0xEFBC, 0xEFBD, 0xE7BD, 0xDF9D, 0xD77D, 0xCFBE, 0xD7FF, 0xBD4F, 0x82E6, 0xB6D9, 0x9EFC, 0xB6BD,   // 0x04F0 (1264) pixels
0x9E9B, 0x9EBB, 0x967B, 0x965B, 0x8E7B, 0x967C, 0x969C, 0x8E7C, 0x969C, 0x8E5B, 0x969B, 0x965B, 0x8E3A, 0x8E5A, 0x967B, 0xA71D,   // 0x0500 (1280) pixels
0xCF7E, 0xDFDF, 0xDFBF, 0xD79D, 0xDF9D, 0xE7BE, 0xDF9D, 0xD77D, 0xDFBF, 0xDFBF, 0xDFBF, 0xD79E, 0xCF7E, 0xCF5E, 0xC77E, 0xC77E,   // 0x0510 (1296) pixels
0xBF5F, 0xBF5F, 0xC75E, 0xC73E, 0xC75E, 0xC77F, 0xBF7F, 0xB75F, 0xBF3E, 0xBF5E, 0xC75E, 0xC75E, 0xBF1D, 0xC73D, 0xCF9E, 0xDFDF,   // 0x0520 (1312) pixels
0xDFDE, 0xE7BE, 0xEFBD, 0xF7DD, 0xEFDD, 0xE7BD, 0xDFBD, 0xDFDE, 0xF7BC, 0xF7BC, 0xF7BC, 0xF7BC, 0xF7BC, 0xF7BC, 0xF7BC, 0xF7BC,   // 0x0530 (1328) pixels
0xF7BC, 0xEF9C, 0xEFBD, 0xF7DC, 0xFFDC, 0xF7DD, 0xD73C, 0xA65A, 0x8E5B, 0x8E5B, 0x8E5B, 0x8E7B, 0x8E7B, 0x8E7B, 0x865B, 0x861A,   // 0x0540 (1344) pixels
0x8E3A, 0x863A, 0x865B, 0x865B, 0x865B, 0x863B, 0x861A, 0x8E1A, 0xA6DB, 0xB71C, 0xCF5C, 0xD75C, 0xEF9D, 0xEF7C, 0xF7BC, 0xF7BC,   // 0x0550 (1360) pixels
0xF7DD, 0xF7DD, 0xF7BD, 0xF7BD, 0xF7BC, 0xF7BC, 0xF79C, 0xF79C, 0xEFDD, 0xEFBC, 0xEF9B, 0xF7BB, 0xEFBC, 0xEFDD, 0xDFDE, 0xCF7D,   // 0x0560 (1376) pixels
0xCFBF, 0xB77E, 0xCFBE, 0xC550, 0x9BCA, 0xAEFB, 0x8EBC, 0x963B, 0x969C, 0x969C, 0x8E7B, 0x967C, 0x969C, 0x969C, 0x969C, 0x8E7C,   // 0x0570 (1392) pixels
0x967B, 0x8E5A, 0x969B, 0x969C, 0x8E5B, 0x863A, 0x863A, 0x8E9C, 0xB6FD, 0xC77E, 0xCF9F, 0xD79E, 0xCF7D, 0xD75D, 0xD77D, 0xD77E,   // 0x0580 (1408) pixels
0xCF3D, 0xD75D, 0xD77E, 0xD77E, 0xCF7E, 0xCF7E, 0xC75E, 0xC75E, 0xC79F, 0xBF1E, 0xCF3E, 0xD75E, 0xD73D, 0xCF5D, 0xC75D, 0xBF3D,   // 0x0590 (1424) pixels
0xC73D, 0xCF5D, 0xD79E, 0xD79E, 0xDF7D, 0xDF7D, 0xE7BD, 0xEFDE, 0xF7DE, 0xF7DD, 0xF7BD, 0xF7BC, 0xF7BC, 0xF7BC, 0xEFBD, 0xF7DE,   // 0x05A0 (1440) pixels
0xF7BC, 0xF7BC, 0xF7BC, 0xF7BC, 0xF7BC, 0xF7BC, 0xF7BC, 0xF7BC, 0xF7BC, 0xF7DC, 0xEFBC, 0xF7DD, 0xFFFD, 0xE77C, 0xB69B, 0x963B,   // 0x05B0 (1456) pixels
0x8E5B, 0x8E5B, 0x8E7B, 0x8E5B, 0x8E5B, 0x8E5B, 0x865B, 0x863A, 0x8619, 0x8E5A, 0x865B, 0x863B, 0x7E3A, 0x865B, 0x865B, 0x863A,   // 0x05C0 (1472) pixels
0x7E19, 0x967A, 0xAEDC, 0xD77E, 0xF7FF, 0xF7BD, 0xF7BC, 0xF7BB, 0xF7BC, 0xF7BC, 0xF7BC, 0xF7BC, 0xF7BC, 0xF7BC, 0xF79C, 0xF79C,   // 0x05D0 (1488) pixels
0xF7BD, 0xF77C, 0xF77B, 0xF7BC, 0xF7DD, 0xEFFF, 0xD79E, 0xBEDC, 0x9EBC, 0x8E7B, 0xAE59, 0xB3EC, 0x932A, 0x9E3A, 0x8EBD, 0x8E7C,   // 0x05E0 (1504) pixels
0x8E9C, 0x8E9B, 0x8E9C, 0x8E7C, 0x8E7C, 0x8E7C, 0x8E5B, 0x8E5B, 0x967A, 0x8E7A, 0x969B, 0x969C, 0x8E7B, 0x8E7B, 0x7E3B, 0x863B,   // 0x05F0 (1520) pixels
0x863B, 0x967C, 0xAF1D, 0xC79F, 0xCF7E, 0xC75E, 0xCF5E, 0xCF5E, 0xCF3D, 0xCF5D, 0xCF7E, 0xCF9E, 0xCF9F, 0xC79F, 0xC77F, 0xBF3E,   // 0x0600 (1536) pixels
0xD7FF, 0xC73D, 0xDF9E, 0xF7FF, 0xEFDE, 0xEFDE, 0xDFBD, 0xD77D, 0xDF7D, 0xDF9D, 0xE7BD, 0xEFDD, 0xF7DD, 0xF7BC, 0xF7BC, 0xFFBC,   // 0x0610 (1552) pixels
0xF7BD, 0xF79C, 0xF79C, 0xF79C, 0xF79C, 0xF79C, 0xF79C, 0xF7BD, 0xF7BC, 0xF7BC, 0xF7BC, 0xF7BC, 0xF7BC, 0xF7BC, 0xF7BC, 0xF7BC,   // 0x0620 (1568) pixels
0xF7DC, 0xF7FD, 0xE79D, 0xE79D, 0xDF9D, 0xBEFB, 0x963A, 0x865C, 0x8E5B, 0x967B, 0x8E7B, 0x8E5B, 0x8E7B, 0x8E5B, 0x863A, 0x863A,   // 0x0630 (1584) pixels
0x8E5B, 0x863A, 0x863A, 0x863A, 0x863A, 0x863A, 0x863A, 0x865B, 0x863A, 0x8E5A, 0x9E7A, 0xBF1C, 0xEFFF, 0xEFBC, 0xF7DC, 0xF7BB,   // 0x0640 (1600) pixels
0xEFBC, 0xEFBC, 0xEFBC, 0xF7BC, 0xF7BC, 0xF7BC, 0xF7BC, 0xF79C, 0xF79D, 0xF79C, 0xFFBD, 0xFFDE, 0xEFDE, 0xDFBF, 0xC71D, 0x9E5B,   // 0x0650 (1616) pixels
0x967C, 0x96BC, 0xA577, 0xA228, 0x7986, 0x7475, 0x96BE, 0x8EBC, 0x969C, 0x8E7B, 0x8E9C, 0x8E9C, 0x8E9C, 0x967C, 0x8E5B, 0x8E7B,   // 0x0660 (1632) pixels
0x967B, 0x969B, 0x969B, 0x8E7B, 0x8E7B, 0x8E9C, 0x8E7C, 0x863B, 0x7E3B, 0x7E1B, 0x965B, 0xB73E, 0xC79F, 0xC77F, 0xC75E, 0xC75E,   // 0x0670 (1648) pixels
0xCF5D, 0xCF7E, 0xC77E, 0xBF3D, 0xAEFC, 0x9E9C, 0x9E7B, 0x9E7C, 0xB71C, 0xA67A, 0xC71C, 0xE7DE, 0xEFDE, 0xF7FE, 0xEFBD, 0xE77C,   // 0x0680 (1664) pixels
0xEFDD, 0xEFDD, 0xF7DD, 0xF7DD, 0xF7DC, 0xF7BC, 0xF7BC, 0xF79B, 0xF7BC, 0xF7BC, 0xF7BC, 0xF7DD, 0xF7DD, 0xF7DD, 0xF7BC, 0xF7BC,   // 0x0690 (1680) pixels
0xF7BC, 0xF7BC, 0xF7BC, 0xF7BC, 0xF7BC, 0xF7BC, 0xF7BC, 0xF7BC, 0xF7FD, 0xDFBD, 0xC73D, 0xBEFD, 0xBEFD, 0xAEBC, 0x967B, 0x8E7C,   // 0x06A0 (1696) pixels
0x8E5B, 0x8E7B, 0x8E5B, 0x8E5B, 0x8E7B, 0x8E5B, 0x863A, 0x865B, 0x8E7C, 0x863B, 0x861A, 0x8E3B, 0x8E5B, 0x863A, 0x861A, 0x861A,   // 0x06B0 (1712) pixels
0x8E1A, 0x8E1A, 0x8DF9, 0x9E59, 0xC77D, 0xC71B, 0xDFBD, 0xE7BD, 0xEFBD, 0xEFBD, 0xEFBD, 0xEFBD, 0xF7BD, 0xEFBD, 0xF7BD, 0xF79D,   // 0x06C0 (1728) pixels
0xF79C, 0xF7DD, 0xF7FE, 0xE79D, 0xC73C, 0xB6FC, 0xA6BC, 0x965B, 0x9EBC, 0xA71D, 0xACD6, 0xB1A8, 0x8906, 0x5B11, 0x9E5D, 0x8E9B,   // 0x06D0 (1744) pixels
0x969C, 0x967B, 0x969C, 0x969C, 0x969B, 0x969B, 0x8E7B, 0x96BB, 0x8E7C, 0x969C, 0x8E7C, 0x8E7B, 0x8E7B, 0x969C, 0x967C, 0x8E5B,   // 0x06E0 (1760) pixels
0x865C, 0x863B, 0x861A, 0xA69B, 0xC77E, 0xCF9F, 0xCF5E, 0xCF7E, 0xD79F, 0xCF9E, 0xBF5E, 0xA6FC, 0x967B, 0x863A, 0x863A, 0x8E3B,   // 0x06F0 (1776) pixels
0x8E7A, 0x8E39, 0xA6BB, 0xBF1C, 0xD79D, 0xEFFF, 0xEFBD, 0xEFBE, 0xEFBD, 0xEFBD, 0xEFBD, 0xEFBD, 0xEFBD, 0xEF9D, 0xEF9D, 0xEFBD,   // 0x0700 (1792) pixels
0xEFDD, 0xEFBD, 0xEFBD, 0xEFDD, 0xEFDE, 0xEFDD, 0xEFDD, 0xEFDD, 0xF7BC, 0xF7BC, 0xF7BC, 0xF7BC, 0xF7BC, 0xF7BC, 0xF7BC, 0xF7BC,   // 0x0710 (1808) pixels
0xDFBD, 0xBF1C, 0xAEFD, 0xAF1F, 0xB71E, 0xB71E, 0xA6FE, 0x865B, 0x8E5B, 0x8E5B, 0x8E5B, 0x8E5B, 0x8E7B, 0x865B, 0x863A, 0x865B,   // 0x0720 (1824) pixels
0x863C, 0x861B, 0x861B, 0x8E1A, 0x8E3A, 0x861A, 0x863A, 0x8E5B, 0x85FB, 0x8E5C, 0x863B, 0x861A, 0x9EFC, 0x967A, 0xB71D, 0xBF3D,   // 0x0730 (1840) pixels
0xEFDD, 0xEFDD, 0xEFDD, 0xEFDD, 0xEFBD, 0xEFBD, 0xEFBD, 0xEFBD, 0xEFBC, 0xEFFD, 0xE7FE, 0xC73C, 0x9E59, 0x8E39, 0x969B, 0x96BC,   // 0x0740 (1856) pixels
0x9E9C, 0x9E9B, 0x9BD2, 0xC148, 0x9908, 0x5A50, 0x9E5D, 0x8EBB, 0x967C, 0x965B, 0x967B, 0x967B, 0x8E7B, 0x8E9B, 0x8E7A, 0x8EBB,   // 0x0750 (1872) pixels
0x8E5C, 0x8E7C, 0x8E7C, 0x967C, 0x967C, 0x967B, 0x967B, 0x965B, 0x7E1A, 0x8E5B, 0x8DF9, 0x9E5A, 0xCF9E, 0xDFBE, 0xD75D, 0xDFBE,   // 0x0760 (1888) pixels
0xCF7F, 0xB6FC, 0x967A, 0x8639, 0x865A, 0x867B, 0x865C, 0x863B, 0x7E5B, 0x865B, 0x8E9B, 0x9679, 0xB71C, 0xDFBE, 0xDF5D, 0xE79E,   // 0x0770 (1904) pixels
0xDF7D, 0xDF9D, 0xDF9E, 0xDF9E, 0xDF9D, 0xDF9D, 0xDF9E, 0xDFBE, 0xEFDD, 0xE7BD, 0xE79C, 0xDF9C, 0xDF9D, 0xE7BD, 0xE7BD, 0xEFDD,   // 0x0780 (1920) pixels
0xEFBC, 0xF7DC, 0xF7BB, 0xF7BA, 0xF7DB, 0xEFDD, 0xEFDE, 0xE7BE, 0xB73D, 0xB71D, 0xB6FD, 0xB6FD, 0xBF1D, 0xB71D, 0xAEFC, 0xA6DC,   // 0x0790 (1936) pixels
0x967B, 0x8E5A, 0x8E5B, 0x8E9C, 0x8E7C, 0x865B, 0x8E3B, 0x8E1B, 0x863A, 0x863A, 0x863A, 0x863A, 0x863A, 0x863A, 0x863A, 0x863A,   // 0x07A0 (1952) pixels
0x863A, 0x863A, 0x863A, 0x861A, 0x861A, 0x863B, 0x8E7B, 0x8E9C, 0xEFBE, 0xEFBC, 0xF7BC, 0xF7DB, 0xF79A, 0xF7BB, 0xFFDD, 0xFFDD,   // 0x07B0 (1968) pixels
0xE7FF, 0xC77D, 0xA6BB, 0x967B, 0x969C, 0x9E9C, 0x9E9B, 0x9E7A, 0x8EBD, 0xAE79, 0xA9A9, 0xC908, 0x9149, 0x40E8, 0x6CB6, 0x967D,   // 0x07C0 (1984) pixels
0x967B, 0x8E5B, 0x967B, 0x967B, 0x96BC, 0x96BC, 0x865B, 0x8E9C, 0x967C, 0x8E7B, 0x8E7B, 0x8E7B, 0x8E7B, 0x8E7B, 0x8E5B, 0x8E5B,   // 0x07D0 (2000) pixels
0x767C, 0x7E3A, 0x8DF9, 0xB69B, 0xDF7E, 0xDFDF, 0xCF9E, 0xB71C, 0x8E5B, 0x8E5B, 0x8E5B, 0x8E5B, 0x8E5B, 0x8E5B, 0x8E5B, 0x8E5B,   // 0x07E0 (2016) pixels
0x8E5C, 0x8E5C, 0x863B, 0x863A, 0x9E9C, 0xBF5F, 0xCF9F, 0xD79F, 0xDF9E, 0xD75E, 0xD77E, 0xD79E, 0xD77E, 0xD77D, 0xDF9D, 0xDF9D,   // 0x07F0 (2032) pixels
0xD77E, 0xD77F, 0xDF7F, 0xDF7F, 0xDF7E, 0xDF7E, 0xDF7D, 0xDF7D, 0xEFBD, 0xF7DD, 0xF7DC, 0xF7BB, 0xF7DC, 0xEFFD, 0xDF9D, 0xC71C,   // 0x0800 (2048) pixels
0xAEFC, 0xB71D, 0xB71D, 0xB71D, 0xB71D, 0xB6FD, 0xAEFD, 0xAEFD, 0x9EBC, 0x965B, 0x8E3B, 0x865B, 0x863B, 0x863B, 0x8E3B, 0x8E1B,   // 0x0810 (2064) pixels
0x863A, 0x863A, 0x863A, 0x863A, 0x863A, 0x863A, 0x863A, 0x863A, 0x863B, 0x863B, 0x863A, 0x863A, 0x863A, 0x863B, 0x8E5B, 0x8E5B,   // 0x0820 (2080) pixels
0xE7BE, 0xEFBD, 0xEFBC, 0xF79B, 0xF7DC, 0xF7FD, 0xEFDD, 0xDF7D, 0xB6FB, 0xA6BA, 0x9E7B, 0x967C, 0x969C, 0x969C, 0x967B, 0x9E9B,   // 0x0830 (2096) pixels
0xA6FE, 0xA597, 0xA9A9, 0xC949, 0x99AB, 0x4909, 0x6C55, 0xAEFE, 0x969C, 0x967B, 0x969C, 0x8E7B, 0x8E7B, 0x8E9B, 0x8E7B, 0x8E9C,   // 0x0840 (2112) pixels
0x8E7B, 0x8E7B, 0x8E7B, 0x967C, 0x967C, 0x967C, 0x8E7B, 0x8E5B, 0x763B, 0x7E3A, 0x9E7B, 0xCF3D, 0xDFDF, 0xD79F, 0xB6FC, 0x9E7A,   // 0x0850 (2128) pixels
0x8E5B, 0x8E5B, 0x8E5B, 0x8E5B, 0x8E5B, 0x8E5B, 0x8E5B, 0x8E5B, 0x8E3B, 0x8E5B, 0x8E5B, 0x8E5B, 0x8E5B, 0x9E9B, 0xAEFD, 0xBF1E,   // 0x0860 (2144) pixels
0xC75E, 0xC73E, 0xC73E, 0xC75E, 0xC77E, 0xCF7E, 0xCF5E, 0xC71D, 0xC75E, 0xC75E, 0xCF5E, 0xCF5E, 0xC73E, 0xCF5D, 0xD77E, 0xD7BE,   // 0x0870 (2160) pixels
0xE79D, 0xEFBD, 0xF7DD, 0xF7BD, 0xEFDD, 0xDFBD, 0xC73C, 0xAEBB, 0xA6DB, 0xAEFC, 0xB71D, 0xB71D, 0xB6FD, 0xAEFD, 0xAEFD, 0xAF1D,   // 0x0880 (2176) pixels
0xAEDD, 0xA6BC, 0x9E9C, 0x967B, 0x865B, 0x863A, 0x863B, 0x863B, 0x863A, 0x863A, 0x863A, 0x863A, 0x863A, 0x863A, 0x863A, 0x863A,   // 0x0890 (2192) pixels
0x863B, 0x863B, 0x863B, 0x863B, 0x863B, 0x863B, 0x863A, 0x863A, 0xBEFB, 0xDFBD, 0xF7FE, 0xF7DD, 0xF7FD, 0xEFDE, 0xCF5D, 0xAEDC,   // 0x08A0 (2208) pixels
0x9E9A, 0x9E9B, 0x9E9B, 0x969C, 0x967C, 0x967C, 0x967B, 0x969B, 0xA69C, 0x93F1, 0xB168, 0xC9A9, 0x99CB, 0x40A8, 0x3A4E, 0x8DDA,   // 0x08B0 (2224) pixels
0x969C, 0x969B, 0x969C, 0x8E7B, 0x8E5B, 0x8E7B, 0x8E7B, 0x8E9B, 0x8E7B, 0x8E7B, 0x8E7B, 0x967C, 0x969C, 0x969C, 0x8E7B, 0x8E7B,   // 0x08C0 (2240) pixels
0x7E3A, 0x8E5A, 0xB71D, 0xCF9F, 0xD79F, 0xBF1D, 0x9E5A, 0x8E3A, 0x8E5B, 0x8E5B, 0x8E5B, 0x8E5B, 0x8E5B, 0x8E5B, 0x8E5B, 0x8E5B,   // 0x08D0 (2256) pixels
0x8E3B, 0x8E3B, 0x8E5B, 0x8E7B, 0x865A, 0x861A, 0x8E5A, 0x9E9C, 0xAEDD, 0xBF5E, 0xBF7F, 0xBF5F, 0xBF3E, 0xBF3F, 0xBF3F, 0xC75F,   // 0x08E0 (2272) pixels
0xC77E, 0xBF5E, 0xBF5E, 0xBF5E, 0xBF5E, 0xBF5E, 0xC79E, 0xCFDF, 0xDF5D, 0xE77D, 0xEFBE, 0xEFDE, 0xDF9D, 0xC71C, 0xAEFC, 0xA6FC,   // 0x08F0 (2288) pixels
0xA6DC, 0xAEFC, 0xB71D, 0xB71D, 0xAEFD, 0xAEDD, 0xA6FD, 0xA6FD, 0xAEDD, 0xAEFD, 0xAF1D, 0x9EDC, 0x8E7B, 0x861A, 0x863B, 0x865C,   // 0x0900 (2304) pixels
0x863B, 0x863B, 0x863B, 0x863B, 0x863A, 0x863A, 0x863A, 0x863A, 0x863B, 0x863A, 0x863A, 0x863A, 0x863B, 0x863B, 0x863A, 0x861A,   // 0x0910 (2320) pixels
0x9618, 0xC75D, 0xEFFF, 0xF7FE, 0xE79D, 0xC71C, 0xA6BC, 0x969C, 0x96BB, 0x969B, 0x969C, 0x969C, 0x969D, 0x969D, 0x9EBC, 0x9EDC,   // 0x0920 (2336) pixels
0xBE7B, 0x92AC, 0xB167, 0xC188, 0x99AB, 0x48C9, 0x39AB, 0x95DA, 0x969C, 0x967B, 0x967B, 0x967B, 0x8E7B, 0x969B, 0x969C, 0x8E9B,   // 0x0930 (2352) pixels
0x8E7B, 0x8E7B, 0x8E7B, 0x967C, 0x969C, 0x967C, 0x8E7B, 0x8E5B, 0x8E7A, 0x9EBC, 0xB75E, 0xBF5E, 0xAEDC, 0x9E5B, 0x8E3A, 0x8E7B,   // 0x0940 (2368) pixels
0x8E5B, 0x8E5B, 0x8E5B, 0x8E5B, 0x8E5B, 0x8E5B, 0x8E5B, 0x8E5B, 0x965C, 0x8E3B, 0x863A, 0x8E7B, 0x8E7B, 0x865A, 0x863A, 0x8E7A,   // 0x0950 (2384) pixels
0xA6DC, 0xB75E, 0xBF5E, 0xBF1D, 0xBF3E, 0xC73F, 0xBF3F, 0xC73F, 0xC75D, 0xBF3D, 0xBF5E, 0xBF5F, 0xBF5E, 0xB71D, 0xB71D, 0xB71C,   // 0x0960 (2400) pixels
0xD75D, 0xDF7E, 0xDF9E, 0xDF7E, 0xC71D, 0xAEBB, 0xA6DC, 0xA71D, 0xA71D, 0xAF1D, 0xAEFD, 0xAEFD, 0xAEFD, 0xA6DD, 0x9EDC, 0x9EBC,   // 0x0970 (2416) pixels
0xAEDD, 0xAEFD, 0xAF1D, 0xA6BC, 0x8E5A, 0x863A, 0x863A, 0x867C, 0x863B, 0x863B, 0x863B, 0x863B, 0x863A, 0x863A, 0x863A, 0x863A,   // 0x0980 (2432) pixels
0x863B, 0x863A, 0x861A, 0x863A, 0x863A, 0x863B, 0x863A, 0x863A, 0x85F8, 0xA6BB, 0xCF7E, 0xD77D, 0xBEBB, 0x9E7A, 0x969C, 0x8EBD,   // 0x0990 (2448) pixels
0x8E9B, 0x969C, 0x96BC, 0x9E9C, 0x969C, 0x969C, 0x969C, 0x96BC, 0xBD98, 0x99E9, 0xC188, 0xB988, 0xA1CB, 0x592A, 0x396B, 0x84F7,   // 0x09A0 (2464) pixels
0x9EBC, 0x967B, 0x965B, 0x967B, 0x969C, 0x969B, 0x969B, 0x967B, 0x8E7B, 0x8E7B, 0x8E7B, 0x8E7B, 0x8E7B, 0x8E7B, 0x8E5B, 0x8E5B,   // 0x09B0 (2480) pixels
0x969B, 0xA6FD, 0xAEFD, 0xA6BB, 0x963A, 0x8E1A, 0x8E5B, 0x8E7C, 0x8E5B, 0x8E5B, 0x8E5B, 0x8E5B, 0x8E5B, 0x8E5B, 0x8E5B, 0x8E5B,   // 0x09C0 (2496) pixels
0x8E5B, 0x8E3B, 0x863A, 0x865B, 0x8E7B, 0x8E7B, 0x867B, 0x7E5B, 0xAEFC, 0xC77E, 0xCF9E, 0xCF5D, 0xCF5D, 0xCF5E, 0xCF5E, 0xCF7F,   // 0x09D0 (2512) pixels
0xCF5D, 0xCF5D, 0xCF7E, 0xCF7F, 0xC73F, 0xB6FD, 0xAEDC, 0xAEFC, 0xCF7E, 0xD79E, 0xCF7E, 0xBF1D, 0xAEDC, 0xA6DC, 0x9EDC, 0x9EDC,   // 0x09E0 (2528) pixels
0xA6FD, 0xA6FD, 0xA6FD, 0xAEFD, 0xAEFD, 0xA6DD, 0x9EBC, 0x969B, 0xA6BD, 0xAEFD, 0xAEFC, 0xAEDB, 0xA6DB, 0x969B, 0x8E5B, 0x863B,   // 0x09F0 (2544) pixels
0x863B, 0x863B, 0x863B, 0x863B, 0x863B, 0x863B, 0x863B, 0x863B, 0x863A, 0x863A, 0x861A, 0x861A, 0x863A, 0x863B, 0x863B, 0x863B,   // 0x0A00 (2560) pixels
0x861A, 0x8E1A, 0x9E9B, 0xA6BC, 0x9E7B, 0x967B, 0x96BD, 0x96BD, 0x969C, 0x9EBC, 0x9EDC, 0x969C, 0x967B, 0x967B, 0x9E9C, 0x9EBD,   // 0x0A10 (2576) pixels
0xB412, 0xA168, 0xC1C8, 0xC1A8, 0xA9CB, 0x510A, 0x28C8, 0x52AF, 0x9E9C, 0x9EBC, 0x965B, 0x965B, 0x969B, 0x8E7B, 0x8E7B, 0x969B,   // 0x0A20 (2592) pixels
0x8E7B, 0x8E7B, 0x8E7B, 0x8E7B, 0x8E7B, 0x8E7B, 0x8E5B, 0x8E3B, 0x967B, 0x9EDC, 0x967B, 0x8E5A, 0x8E3A, 0x8E5B, 0x8E7B, 0x863B,   // 0x0A30 (2608) pixels
0x8E5B, 0x8E5B, 0x8E5B, 0x8E5B, 0x8E5B, 0x8E5B, 0x8E5B, 0x8E5B, 0x865B, 0x8E5B, 0x8E5B, 0x8E3B, 0x8E5B, 0x8E7B, 0x867B, 0x7E5B,   // 0x0A40 (2624) pixels
0x9E7A, 0xBF1D, 0xD7BE, 0xDFBE, 0xDF9D, 0xDF7D, 0xD77E, 0xDFBF, 0xE7DE, 0xE7FF, 0xE7FF, 0xD79F, 0xBF1E, 0xAEBC, 0xAEBC, 0xAEDC,   // 0x0A50 (2640) pixels
0xCF7E, 0xCF7E, 0xBF3D, 0xA6DC, 0x9EBC, 0xA6FD, 0xA6DD, 0x969C, 0x9EBC, 0x9EBC, 0xA6DC, 0xA6DD, 0xA6DD, 0x9EBC, 0x969C, 0x8E7B,   // 0x0A60 (2656) pixels
0x969C, 0xA6DC, 0xAEFC, 0xAF1C, 0xB73D, 0xA6FD, 0x967C, 0x861B, 0x863B, 0x863B, 0x863B, 0x863B, 0x863B, 0x863B, 0x863B, 0x863B,   // 0x0A70 (2672) pixels
0x863A, 0x863A, 0x863A, 0x863A, 0x863A, 0x863A, 0x863B, 0x863B, 0x8E3B, 0x861A, 0x863A, 0x8E7B, 0x96BC, 0x96BC, 0x969C, 0x969C,   // 0x0A80 (2688) pixels
0x967C, 0x969C, 0x96BC, 0x8E9B, 0x969B, 0x9EBC, 0xA6BC, 0xAEBD, 0xBB2F, 0xB988, 0xC1C7, 0xB988, 0xA9AB, 0x514A, 0x392A, 0x49CC,   // 0x0A90 (2704) pixels
0x85F9, 0x9EBC, 0x969C, 0x8E5B, 0x967B, 0x8E7B, 0x967B, 0x967B, 0x8E7B, 0x8E7B, 0x8E7B, 0x8E7B, 0x8E7B, 0x8E7B, 0x8E5B, 0x8E5B,   // 0x0AA0 (2720) pixels
0x965B, 0x967B, 0x8E5B, 0x865B, 0x8E5B, 0x8E7B, 0x8E5B, 0x863A, 0x8E5B, 0x8E5B, 0x8E5B, 0x8E5B, 0x8E5B, 0x8E5B, 0x8E5B, 0x8E5B,   // 0x0AB0 (2736) pixels
0x865B, 0x8E5B, 0x8E5B, 0x8E3B, 0x8E1B, 0x8E3B, 0x865B, 0x865B, 0x8E1A, 0x9E7B, 0xBF1C, 0xD77D, 0xDF7C, 0xD77D, 0xD77D, 0xCF7D,   // 0x0AC0 (2752) pixels
0xD77C, 0xDF9D, 0xCF7D, 0xBF1C, 0xB6DC, 0xAEDC, 0xAEFD, 0xAF1D, 0xC77D, 0xBF5D, 0xAF3D, 0x9EFC, 0x9EFD, 0x9EFD, 0x9EBD, 0x9E9C,   // 0x0AD0 (2768) pixels
0x8E7A, 0x969B, 0x9EBC, 0xA6DD, 0xA6DD, 0x9EBC, 0x967B, 0x8E7B, 0x8E7B, 0x9EDC, 0xA6DB, 0xAEDB, 0xAEFC, 0xA6DC, 0x967C, 0x8E3C,   // 0x0AE0 (2784) pixels
0x863B, 0x863B, 0x863B, 0x863B, 0x863B, 0x863B, 0x863B, 0x863B, 0x863A, 0x863B, 0x863B, 0x863B, 0x863A, 0x863A, 0x863A, 0x863A,   // 0x0AF0 (2800) pixels
0x8E3B, 0x8E5B, 0x865B, 0x867C, 0x8EBD, 0x96BD, 0x9E9C, 0xA69C, 0x9E7C, 0x9E9C, 0x969B, 0x96BB, 0x96DB, 0x9EBB, 0x9E5B, 0x95D9,   // 0x0B00 (2816) pixels
0xAA2B, 0xB947, 0xB9A6, 0xC188, 0xB1AC, 0x514A, 0x394A, 0x30C8, 0x6D36, 0x9E9C, 0x9EBC, 0x8E5B, 0x967B, 0x969B, 0x967B, 0x8E7B,   // 0x0B10 (2832) pixels
0x8E7B, 0x8E7B, 0x8E7B, 0x8E7B, 0x967C, 0x967C, 0x8E7B, 0x8E5B, 0x8E5B, 0x8E5B, 0x8E7C, 0x865B, 0x865B, 0x8E5B, 0x8E3A, 0x965A,   // 0x0B20 (2848) pixels
0x8E5B, 0x8E5B, 0x8E5B, 0x8E5B, 0x8E5B, 0x8E5B, 0x8E5B, 0x8E5B, 0x867B, 0x865B, 0x8E5B, 0x8E3B, 0x8E3B, 0x8E3B, 0x8E5B, 0x8E5C,   // 0x0B30 (2864) pixels
0x8E5C, 0xA6BD, 0xC77E, 0xDFBF, 0xD77D, 0xCF7C, 0xD79E, 0xCF9E, 0xD7BC, 0xD79C, 0xC73C, 0xB6DB, 0xAEDB, 0xAF1D, 0xA71D, 0x9EDC,   // 0x0B40 (2880) pixels
0xBF7F, 0xA6DC, 0x8E7B, 0xA6FD, 0xAEFD, 0xAEFD, 0x9E9C, 0x967B, 0x8E3B, 0x965B, 0x967C, 0x969C, 0x967B, 0x8E7B, 0x8E7B, 0x8E7B,   // 0x0B50 (2896) pixels
0x967B, 0x967B, 0x969C, 0x9EBC, 0x9EDD, 0xA6FD, 0x9EDC, 0x9EDC, 0x8E3A, 0x967B, 0x969C, 0x969C, 0x8E7B, 0x8E3A, 0x863A, 0x863A,   // 0x0B60 (2912) pixels
0x863A, 0x863A, 0x863A, 0x863B, 0x863B, 0x863B, 0x863B, 0x863B, 0x865B, 0x8E5B, 0x865B, 0x865B, 0x8E7B, 0x96BC, 0x96BC, 0x969C,   // 0x0B70 (2928) pixels
0x86DD, 0x8E7B, 0xA69B, 0x8E9B, 0xA6DD, 0x8E9C, 0x973C, 0xB517, 0xA988, 0xB9A8, 0xB1C8, 0xB9A9, 0xB9AB, 0x6129, 0x314A, 0x30EB,   // 0x0B80 (2944) pixels
0x7495, 0xAEFE, 0x8E7B, 0x867B, 0x96BC, 0x967B, 0x965B, 0x969C, 0x8E7B, 0x8E7B, 0x8E7B, 0x8E7B, 0x8E7B, 0x8E7B, 0x8E7B, 0x8E7B,   // 0x0B90 (2960) pixels
0x8E7B, 0x8E7B, 0x8E5B, 0x8E5B, 0x8E5B, 0x8E5B, 0x8E5B, 0x8E3B, 0x8E5B, 0x8E5B, 0x8E5B, 0x8E5B, 0x8E5B, 0x8E5B, 0x8E5B, 0x8E5B,   // 0x0BA0 (2976) pixels
0x8E5B, 0x8E5B, 0x8E5B, 0x8E5B, 0x8E5B, 0x8E5B, 0x8E5B, 0x8E5B, 0x8E1C, 0x963B, 0xC77D, 0xF7FE, 0xFF9D, 0xFF9C, 0xF7BD, 0xEFDD,   // 0x0BB0 (2992) pixels
0xE7FF, 0xC73D, 0xB6FC, 0xAEFC, 0xAF1D, 0xA6DC, 0xAEFD, 0xAEFE, 0xBF7F, 0x8E5A, 0x75B7, 0x969B, 0xA6DD, 0xAEDD, 0x967B, 0x8E7B,   // 0x0BC0 (3008) pixels
0x965B, 0x967B, 0x967B, 0x967B, 0x8E7B, 0x8E7B, 0x8E7B, 0x8E9B, 0x969C, 0x967B, 0x967B, 0x967B, 0x969C, 0x9EBC, 0x9EDC, 0x9EDC,   // 0x0BD0 (3024) pixels
0x9EBC, 0x9EBC, 0x9EBC, 0x96BC, 0x969C, 0x8E5B, 0x863A, 0x861A, 0x863A, 0x863A, 0x863A, 0x863A, 0x863A, 0x863B, 0x863B, 0x863B,   // 0x0BE0 (3040) pixels
0x865B, 0x865B, 0x863B, 0x865B, 0x8E5B, 0x8E9C, 0x969C, 0x969C, 0x8E9C, 0x967B, 0xA69C, 0x969C, 0x9EBD, 0x96BC, 0xA6BB, 0xA3B2,   // 0x0BF0 (3056) pixels
0xA988, 0xB9A8, 0xB1C8, 0xB9A9, 0xB9AB, 0x6929, 0x3149, 0x38EB, 0x3AEF, 0x963B, 0x96BC, 0x8E9B, 0x8E7B, 0x8E5B, 0x967B, 0x969C,   // 0x0C00 (3072) pixels
0x8E7B, 0x8E7B, 0x8E7B, 0x8E7B, 0x8E7B, 0x8E7B, 0x8E7B, 0x8E7B, 0x8E5B, 0x8E5B, 0x8E5B, 0x8E5B, 0x8E5B, 0x8E5B, 0x8E5B, 0x8E3B,   // 0x0C10 (3088) pixels
0x8E5B, 0x8E5B, 0x8E5B, 0x8E5B, 0x8E5B, 0x8E5B, 0x8E5B, 0x8E5B, 0x8E5B, 0x8E5B, 0x8E5B, 0x8E5B, 0x8E5B, 0x8E5B, 0x8E5B, 0x8E5B,   // 0x0C20 (3104) pixels
0x8E3C, 0x965B, 0xBF1C, 0xDF9D, 0xF79C, 0xFFBD, 0xF7DD, 0xE7DD, 0xCF5D, 0xBEFC, 0xAEFC, 0xA6DB, 0xAF1D, 0xAF1D, 0xA6FD, 0x965B,   // 0x0C30 (3120) pixels
0xAF1D, 0x75B8, 0x5D35, 0x865A, 0x9EBC, 0x9EBC, 0x8E7B, 0x8E9B, 0x967B, 0x967B, 0x967B, 0x8E7B, 0x8E7B, 0x967B, 0x8E9B, 0x8E9B,   // 0x0C40 (3136) pixels
0x969C, 0x967C, 0x8E7B, 0x8E7B, 0x967B, 0x969B, 0x96BC, 0x96BC, 0x9EBC, 0x9EBC, 0x969C, 0x969C, 0x969C, 0x969C, 0x8E5B, 0x863A,   // 0x0C50 (3152) pixels
0x863A, 0x863A, 0x863A, 0x863A, 0x863B, 0x863B, 0x863B, 0x863B, 0x865B, 0x863B, 0x863B, 0x865B, 0x865B, 0x8E5B, 0x8E7B, 0x96BC,   // 0x0C60 (3168) pixels
0x9E5C, 0x9E9C, 0x9E7C, 0x96BD, 0x969D, 0xA6DD, 0xAE1A, 0x9A4D, 0xB1A8, 0xB9A9, 0xB1C8, 0xB9A9, 0xB98B, 0x6949, 0x3149, 0x390B,   // 0x0C70 (3184) pixels
0x2A0C, 0x8D99, 0x9EFD, 0x96BC, 0x8E9C, 0x967C, 0x967C, 0x8E5B, 0x8E7B, 0x8E7B, 0x8E7B, 0x8E7B, 0x8E7B, 0x8E7B, 0x8E7B, 0x8E7B,   // 0x0C80 (3200) pixels
0x8E5B, 0x8E5B, 0x8E5B, 0x8E5B, 0x8E5B, 0x8E5B, 0x8E5B, 0x8E5B, 0x8E5B, 0x8E3B, 0x8E3B, 0x8E5B, 0x8E5B, 0x8E5B, 0x8E5B, 0x8E5B,   // 0x0C90 (3216) pixels
0x8E5B, 0x8E5B, 0x8E5B, 0x8E5B, 0x8E5B, 0x8E5B, 0x8E5B, 0x8E5B, 0x8E7C, 0x8E3B, 0x9639, 0xC6FB, 0xEFBD, 0xF7DE, 0xE7BD, 0xC73B,   // 0x0CA0 (3232) pixels
0xB6DC, 0xB6FC, 0xB71C, 0xA6FC, 0xA71D, 0xAF1D, 0x9EBC, 0x7DB8, 0x967A, 0x6D97, 0x5D76, 0x865A, 0x8E7B, 0x969C, 0x8E7B, 0x8E9B,   // 0x0CB0 (3248) pixels
0x8E3A, 0x8E7B, 0x969B, 0x8E7B, 0x967B, 0x8E7B, 0x8E7B, 0x969C, 0x967B, 0x967B, 0x967C, 0x967B, 0x969B, 0x969B, 0x967B, 0x967B,   // 0x0CC0 (3264) pixels
0x967B, 0x967B, 0x8E7B, 0x8E7B, 0x969C, 0x969C, 0x967B, 0x8E7B, 0x863A, 0x863A, 0x863A, 0x863A, 0x863B, 0x863B, 0x863B, 0x863A,   // 0x0CD0 (3280) pixels
0x865B, 0x863B, 0x863B, 0x865B, 0x865B, 0x863A, 0x8E7B, 0x96BC, 0xA67C, 0x9EBC, 0x967C, 0x96DD, 0x8E9D, 0xA6FD, 0xBD77, 0x99AA,   // 0x0CE0 (3296) pixels
0xB1A9, 0xB9A9, 0xB1C9, 0xB989, 0xB98A, 0x6949, 0x3149, 0x390A, 0x296A, 0x7C96, 0x967C, 0x8E9C, 0x8E7B, 0x967C, 0x8E7B, 0x8E5B,   // 0x0CF0 (3312) pixels
0x8E7B, 0x8E7B, 0x8E7B, 0x8E7B, 0x8E7B, 0x8E7B, 0x8E7B, 0x8E7B, 0x8E5B, 0x8E5B, 0x8E7B, 0x8E7B, 0x8E5B, 0x8E5B, 0x8E7B, 0x8E5B,   // 0x0D00 (3328) pixels
0x8E5B, 0x8E5B, 0x8E3B, 0x8E5B, 0x8E5B, 0x8E5B, 0x8E5B, 0x8E3B, 0x8E5B, 0x8E5B, 0x8E5B, 0x8E5B, 0x8E5B, 0x8E5B, 0x8E5B, 0x8E5B,   // 0x0D10 (3344) pixels
0x863B, 0x8E5B, 0x967A, 0xC75C, 0xEFFF, 0xE79E, 0xCF3C, 0xAEDA, 0xB71D, 0xB71D, 0xB73E, 0xAF1D, 0xA6FD, 0xA6FD, 0x967B, 0x7557,   // 0x0D20 (3360) pixels
0x7DD9, 0x6DB7, 0x65B7, 0x75F9, 0x7DF9, 0x969C, 0x969C, 0x7E5A, 0x75D8, 0x8E5B, 0x969C, 0x969C, 0x969B, 0x8E7B, 0x8E7B, 0x969C,   // 0x0D30 (3376) pixels
0x8E7B, 0x8E7C, 0x969C, 0x969C, 0x969C, 0x967B, 0x8E7B, 0x8E7B, 0x967B, 0x967B, 0x967B, 0x967B, 0x8E7B, 0x8E7B, 0x8E7B, 0x8E7B,   // 0x0D40 (3392) pixels
0x865B, 0x863B, 0x863A, 0x863A, 0x863B, 0x863B, 0x863A, 0x863A, 0x865B, 0x863B, 0x863B, 0x865B, 0x863A, 0x863A, 0x8E5B, 0x969C,   // 0x0D50 (3408) pixels
0xA69D, 0x96DC, 0x8EDC, 0x9EFD, 0x8EDD, 0x9EDC, 0xB494, 0xA9A9, 0xB1A9, 0xB989, 0xB9C9, 0xB989, 0xB98A, 0x6949, 0x3149, 0x392A,   // 0x0D60 (3424) pixels
0x2909, 0x6BD3, 0x9E5C, 0x96BC, 0x8E5B, 0x8E5B, 0x8E5B, 0x969C, 0x8E7B, 0x8E7B, 0x8E7B, 0x8E7B, 0x8E7B, 0x8E7B, 0x8E7B, 0x8E7B,   // 0x0D70 (3440) pixels
0x8E7B, 0x8E5B, 0x8E7B, 0x8E7B, 0x865B, 0x8E5B, 0x8E7B, 0x8E5B, 0x8E5B, 0x8E5B, 0x8E3B, 0x8E3B, 0x8E5B, 0x8E5B, 0x8E5B, 0x8E3B,   // 0x0D80 (3456) pixels
0x8E5B, 0x8E5B, 0x8E5B, 0x8E5B, 0x8E5B, 0x8E5B, 0x8E5B, 0x8E5B, 0x865C, 0x8E7B, 0x8E7A, 0xBF3D, 0xD7BF, 0xCF3D, 0xB6FB, 0xAEFB,   // 0x0D90 (3472) pixels
0xB75D, 0xA6DC, 0xA6FC, 0xB73E, 0xA6FD, 0xA6FC, 0x8E5A, 0x6D56, 0x7DB8, 0x75B8, 0x6597, 0x6597, 0x7577, 0x967C, 0x969C, 0x75F9,   // 0x0DA0 (3488) pixels
0x6D77, 0x863A, 0x8E9B, 0x8E9B, 0x8E9B, 0x8E7B, 0x8E5B, 0x969B, 0x967C, 0x969C, 0x969C, 0x969C, 0x967C, 0x8E7B, 0x967B, 0x969B,   // 0x0DB0 (3504) pixels
0x967B, 0x967B, 0x969C, 0x969B, 0x8E7B, 0x8E7B, 0x8E7B, 0x969C, 0x8E5B, 0x8E5B, 0x863B, 0x863B, 0x863B, 0x863B, 0x863A, 0x861A,   // 0x0DC0 (3520) pixels
0x863B, 0x863B, 0x863B, 0x863A, 0x863A, 0x863A, 0x863A, 0x8E7B, 0x9EBC, 0x8EDC, 0x96FC, 0x9E5A, 0x9EFC, 0xA67A, 0xAB4F, 0xA9A9,   // 0x0DD0 (3536) pixels
0xB9A9, 0xB989, 0xB9C9, 0xB988, 0xB98A, 0x7169, 0x3148, 0x392A, 0x3909, 0x5AF0, 0x9E1B, 0x9EDD, 0x8E7B, 0x8E7B, 0x8E7B, 0x8E7B,   // 0x0DE0 (3552) pixels
0x8E7B, 0x8E7B, 0x8E7B, 0x8E7B, 0x8E7B, 0x8E7B, 0x8E7B, 0x8E7B, 0x8E7B, 0x863A, 0x865B, 0x8E7B, 0x865B, 0x8E5B, 0x8E7B, 0x865B,   // 0x0DF0 (3568) pixels
0x8E5B, 0x8E5B, 0x8E5B, 0x8E5B, 0x8E3B, 0x8E3B, 0x8E5B, 0x8E5B, 0x8E5B, 0x8E5B, 0x8E5B, 0x8E5B, 0x8E5B, 0x8E5B, 0x8E5B, 0x8E5B,   // 0x0E00 (3584) pixels
0x8E7C, 0x865B, 0x8E5A, 0xAEDC, 0xC73D, 0xBEDC, 0xAEDC, 0xAF3D, 0xA71D, 0x8619, 0x8E3A, 0xAF1D, 0xA6FD, 0x96BC, 0x8619, 0x6556,   // 0x0E10 (3600) pixels
0x7DB8, 0x6D98, 0x6597, 0x6577, 0x6D57, 0x965B, 0x8E7B, 0x6D98, 0x6556, 0x7E19, 0x865A, 0x865A, 0x8E9B, 0x969B, 0x8E7B, 0x969B,   // 0x0E20 (3616) pixels
0x967C, 0x967C, 0x967C, 0x967C, 0x8E7B, 0x8E7B, 0x969C, 0x969C, 0x967B, 0x967B, 0x969B, 0x969B, 0x967B, 0x967B, 0x969C, 0x969C,   // 0x0E30 (3632) pixels
0x8E7C, 0x8E5B, 0x865B, 0x863B, 0x865B, 0x863B, 0x863A, 0x861A, 0x861A, 0x863A, 0x863B, 0x863A, 0x861A, 0x861A, 0x863A, 0x863A,   // 0x0E40 (3648) pixels
0x8E7B, 0x8EBB, 0xA6FB, 0x94F5, 0xAE7A, 0xADF7, 0xA24B, 0xB188, 0xB9A9, 0xB969, 0xB9C9, 0xB988, 0xB98A, 0x7169, 0x3148, 0x3909,   // 0x0E50 (3664) pixels
0x38C9, 0x318A, 0x7CF6, 0x969C, 0x8E7B, 0x8E7B, 0x8E7B, 0x8E7B, 0x8E7B, 0x8E7B, 0x8E7B, 0x8E7B, 0x8E7B, 0x8E7B, 0x8E7B, 0x8E7B,   // 0x0E60 (3680) pixels
0x865B, 0x7E1A, 0x863A, 0x8E7B, 0x8E5B, 0x8E7B, 0x8E7B, 0x863A, 0x861A, 0x863A, 0x8E5B, 0x8E5B, 0x8E5B, 0x8E5B, 0x8E5B, 0x8E5B,   // 0x0E70 (3696) pixels
0x8E5B, 0x8E5B, 0x8E5B, 0x8E5B, 0x8E5B, 0x8E5B, 0x8E5B, 0x8E5B, 0x8E3B, 0x8E5B, 0x9EDC, 0xAF1D, 0xBF1E, 0xBEFD, 0xAEDD, 0xAF3D,   // 0x0E80 (3712) pixels
0x96BB, 0x6D77, 0x7DB8, 0xA6DD, 0x967B, 0x8619, 0x75D8, 0x6576, 0x7D98, 0x6D77, 0x6597, 0x6DB8, 0x7577, 0x8E3B, 0x8E3B, 0x6D97,   // 0x0E90 (3728) pixels
0x6556, 0x75F9, 0x7E19, 0x7E19, 0x8E7B, 0x969C, 0x967B, 0x969C, 0x8E5B, 0x8E7C, 0x8E9C, 0x8E9C, 0x8E9C, 0x8E9C, 0x8E9C, 0x969C,   // 0x0EA0 (3744) pixels
0x967B, 0x967B, 0x967B, 0x967B, 0x967B, 0x8E7B, 0x8E7B, 0x8E7B, 0x8E9C, 0x8E7B, 0x8E5B, 0x865B, 0x865B, 0x863B, 0x863A, 0x7E1A,   // 0x0EB0 (3760) pixels
0x7DFA, 0x863A, 0x863A, 0x861A, 0x7E1A, 0x861A, 0x861A, 0x7E19, 0x861B, 0x8E9B, 0xA6BA, 0x83D1, 0xADD8, 0xB5B6, 0xA1A9, 0xB988,   // 0x0EC0 (3776) pixels
0xB1A9, 0xB969, 0xB9C9, 0xB988, 0xB98A, 0x7169, 0x3148, 0x3909, 0x492B, 0x20E8, 0x6C54, 0x969C, 0x8E9C, 0x865B, 0x8E3B, 0x8E7B,   // 0x0ED0 (3792) pixels
0x8E7B, 0x8E7B, 0x8E7B, 0x8E7B, 0x8E7B, 0x8E7B, 0x8E7B, 0x8E7B, 0x863A, 0x75D9, 0x7E1A, 0x8E7B, 0x8E7B, 0x8E7B, 0x8E7B, 0x863A,   // 0x0EE0 (3808) pixels
0x7DF9, 0x861A, 0x8E5B, 0x8E7B, 0x8E5B, 0x8E5B, 0x8E5B, 0x8E5B, 0x8E5B, 0x8E5B, 0x8E5B, 0x8E5B, 0x8E5B, 0x8E5B, 0x8E5B, 0x8E5B,   // 0x0EF0 (3824) pixels
0x967C, 0x8E7B, 0x969C, 0x9E7C, 0xAE9C, 0xBEFE, 0xAEFD, 0xA71D, 0x8E9B, 0x6557, 0x7598, 0x9EBC, 0x85D9, 0x6D77, 0x6D77, 0x6597,   // 0x0F00 (3840) pixels
0x6D98, 0x6D77, 0x6D77, 0x6D97, 0x75B8, 0x7E19, 0x7DF9, 0x6D97, 0x6D97, 0x6D97, 0x75B8, 0x75D8, 0x863A, 0x8E7B, 0x8E9C, 0x8E9B,   // 0x0F10 (3856) pixels
0x969B, 0x969B, 0x969C, 0x969C, 0x967B, 0x967B, 0x969C, 0x967B, 0x967B, 0x967B, 0x967B, 0x967B, 0x967B, 0x967B, 0x967B, 0x967B,   // 0x0F20 (3872) pixels
0x8E7B, 0x8E7B, 0x969B, 0x8E7B, 0x865A, 0x863A, 0x7E19, 0x7E1A, 0x861B, 0x861A, 0x861A, 0x75FA, 0x865C, 0x85FA, 0x85FA, 0x7DFB,   // 0x0F30 (3888) pixels
0x763A, 0x7E3A, 0xAE9B, 0x92EF, 0xA595, 0xB410, 0xB148, 0xB9A9, 0xA1CA, 0xB98A, 0xB9AA, 0xB1CA, 0xB1AB, 0x7949, 0x3908, 0x394A,   // 0x0F40 (3904) pixels
0x392B, 0x390B, 0x4A6F, 0x967C, 0x86BC, 0x8E5B, 0x7DFA, 0x86BC, 0x8E7B, 0x7E1A, 0x865B, 0x96BC, 0x861A, 0x75D9, 0x861A, 0x8E9C,   // 0x0F50 (3920) pixels
0x7DF9, 0x6D97, 0x7DF9, 0x863A, 0x7E19, 0x8E7B, 0x8E7B, 0x75D8, 0x75D8, 0x863A, 0x8E7B, 0x8E5B, 0x8E5B, 0x8E5B, 0x8E5B, 0x8E5B,   // 0x0F60 (3936) pixels
0x8E3B, 0x8E7B, 0x8E3B, 0x863A, 0x8E5B, 0x8E7B, 0x8E5B, 0x8E5A, 0x8E7B, 0x8E7B, 0x967B, 0x8E3A, 0x965B, 0xAF1E, 0xA71D, 0x8E19,   // 0x0F70 (3952) pixels
0x7E19, 0x6576, 0x75D8, 0x75F8, 0x6DB8, 0x6D77, 0x7598, 0x6D77, 0x6D77, 0x6536, 0x6536, 0x6556, 0x6D97, 0x75B7, 0x6D97, 0x6D76,   // 0x0F80 (3968) pixels
0x6D77, 0x6D97, 0x75B8, 0x75B8, 0x7DF9, 0x865A, 0x865A, 0x863A, 0x8E7B, 0x967B, 0x8E7B, 0x8E7B, 0x967B, 0x8E7B, 0x8E7B, 0x967B,   // 0x0F90 (3984) pixels
0x967B, 0x967B, 0x967B, 0x967B, 0x967B, 0x967B, 0x967B, 0x967B, 0x8E7B, 0x969B, 0x969C, 0x8E7B, 0x8E5B, 0x865A, 0x863A, 0x7E19,   // 0x0FA0 (4000) pixels
0x7E1A, 0x7DF9, 0x863A, 0x761A, 0x761A, 0x7DF9, 0x863B, 0x863B, 0x7619, 0x7E3A, 0xA5D9, 0x622B, 0x632C, 0xA2AC, 0xB168, 0xB988,   // 0x0FB0 (4016) pixels
0xA9EA, 0xC18A, 0xC1A9, 0xB1CA, 0xB1AB, 0x7949, 0x30E7, 0x3929, 0x390B, 0x38E9, 0x49EC, 0x9DBA, 0x963A, 0x961A, 0x7D98, 0x7E7B,   // 0x0FC0 (4032) pixels
0x865B, 0x7DD9, 0x863A, 0x8E9C, 0x7E1A, 0x6D98, 0x7DF9, 0x8E7B, 0x75D8, 0x6D77, 0x75B8, 0x7DF9, 0x75D8, 0x863A, 0x865A, 0x75B8,   // 0x0FD0 (4048) pixels
0x7598, 0x7E19, 0x8E5B, 0x8E7B, 0x8E5B, 0x8E5B, 0x8E5B, 0x865B, 0x8E5B, 0x8E5B, 0x8E5B, 0x8E5B, 0x8E5B, 0x8E5B, 0x8E5B, 0x8E7B,   // 0x0FE0 (4064) pixels
0x8E7B, 0x8E5B, 0x861A, 0x863A, 0x8E5A, 0x96BC, 0x9EBC, 0x7DD8, 0x7E19, 0x75B8, 0x54F5, 0x5D15, 0x75D8, 0x6D97, 0x6D98, 0x6D77,   // 0x0FF0 (4080) pixels
0x6D97, 0x6536, 0x5CF5, 0x6536, 0x6D97, 0x6D77, 0x6556, 0x6D97, 0x6556, 0x6D97, 0x6D97, 0x6D77, 0x6D97, 0x7DF9, 0x7DF9, 0x75B8,   // 0x1000 (4096) pixels
0x8E7B, 0x8E7B, 0x8E7B, 0x8E7B, 0x967B, 0x8E7B, 0x8E7B, 0x967B, 0x967B, 0x967B, 0x967B, 0x967B, 0x967B, 0x967B, 0x967B, 0x967B,   // 0x1010 (4112) pixels
0x8E7B, 0x969C, 0x969C, 0x8E9B, 0x8E7B, 0x8E7B, 0x865A, 0x7E19, 0x7E3A, 0x7619, 0x865A, 0x865A, 0x865A, 0x7E19, 0x7E3A, 0x7E1A,   // 0x1020 (4128) pixels
0x763A, 0x865A, 0xADDA, 0x8C73, 0x626A, 0x9968, 0xB9A9, 0xC9A9, 0xA9C9, 0xC189, 0xC1A8, 0xB9A9, 0xB9AA, 0x816A, 0x3908, 0x394A,   // 0x1030 (4144) pixels
0x390B, 0x390A, 0x3929, 0x8391, 0x8C53, 0x95B8, 0x7DB8, 0x7E3B, 0x863A, 0x75B8, 0x7DF9, 0x865B, 0x7DF9, 0x6D77, 0x75B8, 0x863A,   // 0x1040 (4160) pixels
0x75B8, 0x6D77, 0x6D98, 0x75B8, 0x6D97, 0x7DF9, 0x863A, 0x6D97, 0x6D77, 0x75D8, 0x863A, 0x8E5B, 0x865B, 0x8E5B, 0x8E5B, 0x863A,   // 0x1050 (4176) pixels
0x8E3B, 0x8E5B, 0x8E5B, 0x8E5B, 0x8E5B, 0x8E5B, 0x8E5B, 0x8E5A, 0x8E7B, 0x865B, 0x75B8, 0x7E19, 0x863A, 0x8619, 0x8639, 0x7597,   // 0x1060 (4192) pixels
0x75D8, 0x75D8, 0x3C11, 0x4432, 0x75D8, 0x7598, 0x6D77, 0x6D77, 0x6D97, 0x6535, 0x54D4, 0x5D15, 0x6D97, 0x6D77, 0x6556, 0x6D97,   // 0x1070 (4208) pixels
0x6557, 0x6D77, 0x6D77, 0x6D77, 0x6D77, 0x6D98, 0x6D97, 0x6557, 0x8E5B, 0x865A, 0x8E7B, 0x8E9B, 0x8E7B, 0x8E7B, 0x8E7B, 0x8E7B,   // 0x1080 (4224) pixels
0x967B, 0x967B, 0x967B, 0x967B, 0x967B, 0x967B, 0x967B, 0x967B, 0x967B, 0x969C, 0x967B, 0x8E9B, 0x8E9B, 0x8E7B, 0x8E7B, 0x7E1A,   // 0x1090 (4240) pixels
0x865A, 0x7E19, 0x85F8, 0x8596, 0x8DF7, 0x85F9, 0x7E1A, 0x7E3A, 0x865A, 0x863A, 0xAE1A, 0xBE19, 0x822B, 0x8907, 0xB1A9, 0xC168,   // 0x10A0 (4256) pixels
0xA1E9, 0xC1A9, 0xC188, 0xB188, 0xB9AA, 0x816A, 0x3929, 0x392B, 0x410B, 0x394A, 0x30E7, 0x6A2B, 0x730D, 0x8D96, 0x7DF8, 0x7DFA,   // 0x10B0 (4272) pixels
0x7DF9, 0x6D97, 0x75D8, 0x7E19, 0x75D8, 0x6D77, 0x6D97, 0x7DF9, 0x75B8, 0x6D77, 0x6D98, 0x6D98, 0x6D97, 0x7DF9, 0x7E19, 0x6D97,   // 0x10C0 (4288) pixels
0x6D77, 0x75B8, 0x861A, 0x865A, 0x863A, 0x865B, 0x8E7B, 0x863B, 0x863B, 0x8E5B, 0x861A, 0x7598, 0x861A, 0x969C, 0x863A, 0x7DD9,   // 0x10D0 (4304) pixels
0x867B, 0x7E1A, 0x6D97, 0x75D8, 0x7E19, 0x75B8, 0x75B7, 0x75B7, 0x75B7, 0x6515, 0x2B4E, 0x2B4E, 0x64F5, 0x7598, 0x6D97, 0x6D77,   // 0x10E0 (4320) pixels
0x6D76, 0x5D15, 0x4C93, 0x54B3, 0x6556, 0x6D97, 0x6557, 0x6557, 0x6D77, 0x6D77, 0x6D77, 0x6D77, 0x6D77, 0x6D77, 0x6D77, 0x6D77,   // 0x10F0 (4336) pixels
0x7E19, 0x75D8, 0x863A, 0x8E9B, 0x863A, 0x865A, 0x96BC, 0x8E7B, 0x967B, 0x967B, 0x967B, 0x967B, 0x967B, 0x967B, 0x967B, 0x967B,   // 0x1100 (4352) pixels
0x969C, 0x969C, 0x8E7B, 0x969C, 0x96BC, 0x8E9B, 0x8E9B, 0x865A, 0x7DF9, 0x861A, 0x95F9, 0x9514, 0x9D75, 0x961A, 0x863B, 0x7E1A,   // 0x1110 (4368) pixels
0x861A, 0x861A, 0x9E5A, 0xA473, 0x81AA, 0xA2EE, 0xA1EB, 0xB9CB, 0x9A09, 0xB9C9, 0xC1A8, 0xB188, 0xB989, 0x896A, 0x3909, 0x390A,   // 0x1120 (4384) pixels
0x40EA, 0x3149, 0x3128, 0x7A8D, 0x732E, 0x8596, 0x6DD7, 0x75B8, 0x75B8, 0x75B7, 0x75B8, 0x75D8, 0x6D97, 0x6D77, 0x6D97, 0x75B7,   // 0x1130 (4400) pixels
0x6D97, 0x6D97, 0x6D98, 0x6D97, 0x6D97, 0x75D8, 0x75D8, 0x6D77, 0x6D77, 0x6D77, 0x7E19, 0x8E7B, 0x863A, 0x865B, 0x8E7B, 0x865B,   // 0x1140 (4416) pixels
0x8E5B, 0x8E7C, 0x75B9, 0x5CB5, 0x7598, 0x96BC, 0x861A, 0x6D57, 0x7E3A, 0x75D8, 0x6D97, 0x6DB8, 0x75D8, 0x6D97, 0x6D97, 0x75D8,   // 0x1150 (4432) pixels
0x75B8, 0x4C52, 0x2B0D, 0x1A8B, 0x336F, 0x6D16, 0x7597, 0x75B8, 0x6555, 0x5CF4, 0x4C92, 0x54B3, 0x6536, 0x6D98, 0x6D97, 0x6D57,   // 0x1160 (4448) pixels
0x6D97, 0x6D77, 0x6D77, 0x6D97, 0x6D97, 0x6D77, 0x6D77, 0x6D77, 0x6D97, 0x6556, 0x7DF9, 0x865B, 0x75D8, 0x7DF9, 0x96BC, 0x8E9B,   // 0x1170 (4464) pixels
0x967B, 0x967B, 0x967B, 0x967B, 0x967B, 0x967B, 0x967B, 0x967B, 0x969C, 0x969B, 0x863A, 0x8E7B, 0x8E9B, 0x8E7B, 0x8E9C, 0x8E9B,   // 0x1180 (4480) pixels
0x8E5B, 0x863B, 0x8D98, 0x73EE, 0x73EE, 0x8557, 0x863C, 0x861A, 0x8DFB, 0x863A, 0xA69A, 0x7A4C, 0x79EA, 0xA432, 0x58E7, 0x712A,   // 0x1190 (4496) pixels
0x81C9, 0xA9AA, 0xB1C9, 0xB188, 0xB989, 0x898A, 0x4129, 0x390A, 0x38EA, 0x2929, 0x396A, 0x7ACF, 0x62CE, 0x7536, 0x65D7, 0x75B8,   // 0x11A0 (4512) pixels
0x75B7, 0x75B8, 0x75B8, 0x6D97, 0x6D97, 0x6D97, 0x6D97, 0x6D97, 0x6D77, 0x6D77, 0x6D97, 0x6D97, 0x6D97, 0x75B8, 0x6D98, 0x6D77,   // 0x11B0 (4528) pixels
0x6D76, 0x6536, 0x7DD8, 0x8E7B, 0x863A, 0x863A, 0x8E7B, 0x8E5B, 0x8E5B, 0x8E5B, 0x6D77, 0x4432, 0x6536, 0x969C, 0x85F9, 0x6D36,   // 0x11C0 (4544) pixels
0x75D9, 0x6DB8, 0x6D97, 0x6D97, 0x6D97, 0x6D97, 0x6D97, 0x75B8, 0x7DF8, 0x43F1, 0x2AED, 0x1A4B, 0x2B0D, 0x6D36, 0x6D97, 0x6576,   // 0x11D0 (4560) pixels
0x6555, 0x54F3, 0x54B3, 0x54D4, 0x5D15, 0x6D77, 0x6D98, 0x6D77, 0x6D77, 0x6D77, 0x6D77, 0x6D77, 0x6D77, 0x6D77, 0x6D77, 0x6D77,   // 0x11E0 (4576) pixels
0x6557, 0x6536, 0x75D8, 0x7E1A, 0x6D77, 0x6D98, 0x8E7B, 0x8E9C, 0x967B, 0x967B, 0x967B, 0x967B, 0x967B, 0x967B, 0x967B, 0x967B,   // 0x11F0 (4592) pixels
0x8E7B, 0x863A, 0x7DB8, 0x863A, 0x863A, 0x7E19, 0x8E7B, 0x8E9B, 0x8E5B, 0x7E3B, 0x963A, 0x8D12, 0x8D12, 0x85F9, 0x7E3C, 0x7DDA,   // 0x1200 (4608) pixels
0x8E1C, 0x865B, 0xA5D8, 0x8A0B, 0x8BCF, 0xA4D4, 0x51CC, 0x410A, 0x6948, 0x996A, 0xA9A9, 0xB1A8, 0xB9AA, 0x918A, 0x4929, 0x390A,   // 0x1210 (4624) pixels
0x4109, 0x3129, 0x41AC, 0x6A91, 0x41CD, 0x6C95, 0x75D8, 0x6DD7, 0x75B7, 0x75B7, 0x6D97, 0x6D97, 0x6D97, 0x6D97, 0x6D97, 0x6D77,   // 0x1220 (4640) pixels
0x6D97, 0x6D77, 0x6D77, 0x6D97, 0x6D97, 0x6D97, 0x6D77, 0x6D77, 0x6556, 0x54D4, 0x6D56, 0x8619, 0x7DD9, 0x7DD9, 0x8E5B, 0x8E7B,   // 0x1230 (4656) pixels
0x8E5B, 0x7DD9, 0x6536, 0x4432, 0x54B4, 0x7DF9, 0x7DD8, 0x6D77, 0x6D98, 0x6D98, 0x6D97, 0x6D97, 0x6D77, 0x6D97, 0x75B7, 0x6D56,   // 0x1240 (4672) pixels
0x4C52, 0x332E, 0x1A6B, 0x1A2A, 0x332E, 0x6D36, 0x75D8, 0x6DB8, 0x5D13, 0x4CB2, 0x4CB2, 0x54D4, 0x54D4, 0x5D15, 0x6D57, 0x6D77,   // 0x1250 (4688) pixels
0x6D77, 0x6D77, 0x6D77, 0x6557, 0x6556, 0x6D77, 0x6D77, 0x6D77, 0x6D77, 0x6557, 0x75D8, 0x7DF9, 0x6556, 0x6D77, 0x863A, 0x96BC,   // 0x1260 (4704) pixels
0x967B, 0x967B, 0x967B, 0x967B, 0x967B, 0x967B, 0x967B, 0x967B, 0x863A, 0x7DD9, 0x6D57, 0x7DD9, 0x7DF9, 0x75B8, 0x863A, 0x8E7B,   // 0x1270 (4720) pixels
0x863A, 0x6DDA, 0x7DF8, 0x8D72, 0x9DF4, 0x863A, 0x761B, 0x8E3B, 0x8E1C, 0x867B, 0x8C12, 0x8189, 0x7C70, 0x9474, 0x7BF5, 0x18EB,   // 0x1280 (4736) pixels
0x5108, 0x894A, 0xA9CA, 0xA9A9, 0xC1AA, 0x918A, 0x4108, 0x38E9, 0x3909, 0x310A, 0x59EF, 0x7AB3, 0x396D, 0x6C56, 0x7DD9, 0x6DB7,   // 0x1290 (4752) pixels
0x75B7, 0x6D97, 0x6D77, 0x6D77, 0x6D97, 0x6D77, 0x6D76, 0x6D97, 0x75B8, 0x6D97, 0x6D97, 0x6D98, 0x75B8, 0x6D77, 0x6D77, 0x6D98,   // 0x12A0 (4768) pixels
0x6535, 0x4C52, 0x54D4, 0x6D97, 0x6D56, 0x6D77, 0x863A, 0x8E7B, 0x863A, 0x6D57, 0x5CF5, 0x4C33, 0x4C53, 0x6D57, 0x7597, 0x7598,   // 0x12B0 (4784) pixels
0x6D57, 0x6D98, 0x6D77, 0x6D77, 0x6D77, 0x7597, 0x7DB8, 0x5CD4, 0x230D, 0x4BF1, 0x3B4F, 0x228C, 0x122A, 0x2B0D, 0x4C73, 0x6DD8,   // 0x12C0 (4800) pixels
0x6554, 0x4CB2, 0x4491, 0x4CF2, 0x54F3, 0x5CF4, 0x6D57, 0x6D57, 0x6D77, 0x6D77, 0x6D77, 0x6D77, 0x6D77, 0x6D77, 0x6D77, 0x6D77,   // 0x12D0 (4816) pixels
0x6576, 0x6596, 0x75D7, 0x6DD7, 0x6D76, 0x6D97, 0x7DFA, 0x863B, 0x8E7B, 0x969C, 0x8E9B, 0x969C, 0x8E9B, 0x863A, 0x863A, 0x863A,   // 0x12E0 (4832) pixels
0x75B7, 0x6D97, 0x6D97, 0x6D97, 0x6D97, 0x6D77, 0x75B8, 0x863A, 0x7DBA, 0x6DF9, 0x8556, 0x82AC, 0x7C73, 0x5DDA, 0x7DBA, 0x8E38,   // 0x12F0 (4848) pixels
0x6E5C, 0x9DDA, 0x522A, 0x8333, 0x8B0F, 0xBCCD, 0xC5D6, 0x298B, 0x58A9, 0x89CA, 0xA9AB, 0xB169, 0xA9A8, 0x89EA, 0x4909, 0x3168,   // 0x1300 (4864) pixels
0x3109, 0x30C8, 0x7B32, 0x522D, 0x4A0D, 0x6BD3, 0x75D8, 0x5DB7, 0x6D98, 0x6D97, 0x6D97, 0x6D97, 0x6D77, 0x6D77, 0x6D97, 0x6D98,   // 0x1310 (4880) pixels
0x6D97, 0x6D97, 0x75B7, 0x6D77, 0x6556, 0x6556, 0x6D97, 0x6D97, 0x5D14, 0x54B2, 0x54F3, 0x6556, 0x6D76, 0x6D76, 0x75D8, 0x865B,   // 0x1320 (4896) pixels
0x85F9, 0x6D57, 0x5CB4, 0x4C32, 0x4C32, 0x5CB4, 0x6D36, 0x7DD8, 0x75D8, 0x6DB8, 0x6DB7, 0x6DB7, 0x6DB7, 0x6D97, 0x6D56, 0x6D15,   // 0x1330 (4912) pixels
0x5CB3, 0x3BCF, 0x1A6A, 0x2AED, 0x43B0, 0x3BB0, 0x6536, 0x7597, 0x6534, 0x5CF3, 0x4C91, 0x54D2, 0x5D34, 0x6576, 0x75B8, 0x6D57,   // 0x1340 (4928) pixels
0x6D77, 0x6D77, 0x6D77, 0x6D77, 0x6D77, 0x6D77, 0x6D77, 0x6D77, 0x6576, 0x6576, 0x6D97, 0x6D97, 0x6576, 0x6D77, 0x75D9, 0x7DD9,   // 0x1350 (4944) pixels
0x8E7B, 0x96BC, 0x863A, 0x863A, 0x8E7B, 0x861A, 0x75D8, 0x7DF9, 0x75B7, 0x6D97, 0x6D97, 0x6D97, 0x6D77, 0x6D77, 0x7598, 0x7DF9,   // 0x1360 (4960) pixels
0x7599, 0x65F8, 0x8C93, 0x79A9, 0x6390, 0x6DFA, 0x7D9A, 0x7DD7, 0x863C, 0x73B3, 0x624B, 0x8311, 0x9B90, 0xBCEE, 0xACD2, 0x630F,   // 0x1370 (4976) pixels
0x38AA, 0x796A, 0xA9AB, 0xC96A, 0xB967, 0x9969, 0x50C9, 0x394A, 0x3109, 0x498B, 0x7331, 0x41CC, 0x520D, 0x5B51, 0x7598, 0x6597,   // 0x1380 (4992) pixels
0x6D97, 0x6D97, 0x6D97, 0x6D97, 0x6D77, 0x6D77, 0x6D97, 0x6D97, 0x6D98, 0x6D97, 0x6D97, 0x6D77, 0x6535, 0x6535, 0x6556, 0x6555,   // 0x1390 (5008) pixels
0x5CF3, 0x4CB2, 0x54B3, 0x5D14, 0x6535, 0x6536, 0x6D98, 0x7DF9, 0x6536, 0x5CD5, 0x5CB4, 0x5494, 0x5494, 0x5494, 0x54B4, 0x6516,   // 0x13A0 (5024) pixels
0x6557, 0x6D97, 0x6597, 0x5D56, 0x6556, 0x7597, 0x7577, 0x6515, 0x2B4D, 0x1229, 0x1229, 0x120A, 0x332E, 0x64F5, 0x6536, 0x5CD4,   // 0x13B0 (5040) pixels
0x43CF, 0x5C92, 0x4C71, 0x4CB2, 0x5D14, 0x6556, 0x6DB8, 0x6557, 0x6D77, 0x6D77, 0x6D77, 0x6D77, 0x6D77, 0x6D77, 0x6D77, 0x6D77,   // 0x13C0 (5056) pixels
0x6D77, 0x6557, 0x6557, 0x6557, 0x6557, 0x6D77, 0x6D97, 0x6D97, 0x8E5B, 0x96BC, 0x7DD9, 0x75B8, 0x8E5B, 0x7DF9, 0x6D77, 0x75B8,   // 0x13D0 (5072) pixels
0x75B7, 0x6D97, 0x6D77, 0x6D77, 0x6D77, 0x6D77, 0x6D98, 0x75B8, 0x6598, 0x65B7, 0x9B71, 0x80E8, 0x4A8C, 0x75DA, 0x7DDA, 0x75F8,   // 0x13E0 (5088) pixels
0x9556, 0x620C, 0x934F, 0x8B8F, 0xBD12, 0xD5B1, 0xB4D0, 0xBD54, 0x290B, 0x48E8, 0x9148, 0xC168, 0xC988, 0xA189, 0x58CA, 0x38EB,   // 0x13F0 (5104) pixels
0x314A, 0x6AB0, 0x7B72, 0x41CC, 0x626F, 0x426E, 0x7D78, 0x6DB8, 0x6D97, 0x6D97, 0x6D97, 0x6D77, 0x6D77, 0x6D77, 0x6D77, 0x6D97,   // 0x1400 (5120) pixels
0x6D98, 0x6D97, 0x6D97, 0x6556, 0x5D15, 0x5D15, 0x6535, 0x5D15, 0x5CF3, 0x54B2, 0x54D3, 0x5D14, 0x5D15, 0x6536, 0x6D97, 0x75B8,   // 0x1410 (5136) pixels
0x7598, 0x5CD5, 0x4C73, 0x4432, 0x4C53, 0x54B4, 0x64F5, 0x7577, 0x6D77, 0x6D97, 0x6576, 0x6556, 0x6D97, 0x7597, 0x64F5, 0x4C32,   // 0x1420 (5152) pixels
0x2B2D, 0x22CC, 0x32AC, 0x434F, 0x3B0E, 0x124B, 0x126B, 0x33B0, 0x2AAC, 0x5C72, 0x5472, 0x4C71, 0x54D3, 0x54F4, 0x6D77, 0x6557,   // 0x1430 (5168) pixels
0x6D77, 0x6D77, 0x6D77, 0x6D77, 0x6D77, 0x6D77, 0x6D77, 0x6D77, 0x6D77, 0x6D77, 0x6D57, 0x6D57, 0x6D77, 0x6D77, 0x6D97, 0x6D97,   // 0x1440 (5184) pixels
0x7E1A, 0x8E7B, 0x75B8, 0x6D77, 0x7E19, 0x75B8, 0x6556, 0x6D98, 0x6D97, 0x6D97, 0x6D77, 0x6D77, 0x6D77, 0x6D77, 0x6D77, 0x6D77,   // 0x1450 (5200) pixels
0x5DB7, 0x6D95, 0xAA6D, 0x98C8, 0x31A9, 0x64B6, 0x85DA, 0x7639, 0x83F0, 0x7A2D, 0xBC75, 0x7BAE, 0xAD33, 0xACB2, 0xB513, 0xDE56,   // 0x1460 (5216) pixels
0x4A8F, 0x3928, 0x7168, 0x9987, 0xA1C8, 0x89CA, 0x5929, 0x30EA, 0x2929, 0x5A8F, 0x4A2D, 0x2929, 0x6290, 0x39EC, 0x7537, 0x6D77,   // 0x1470 (5232) pixels
0x6D77, 0x6D97, 0x6D97, 0x6D77, 0x6D97, 0x6D97, 0x6D77, 0x6D97, 0x6D97, 0x6D77, 0x6D77, 0x6556, 0x6535, 0x6535, 0x6536, 0x6535,   // 0x1480 (5248) pixels
0x54D3, 0x54D2, 0x54F3, 0x5D14, 0x5D35, 0x6556, 0x6D77, 0x6556, 0x64F5, 0x54B4, 0x4C73, 0x4412, 0x4411, 0x4C73, 0x5CF5, 0x7598,   // 0x1490 (5264) pixels
0x75B8, 0x6556, 0x5D15, 0x6556, 0x6D97, 0x5CF4, 0x338F, 0x1A8B, 0x2B4D, 0x5C52, 0x2A6B, 0x19C9, 0x3B2E, 0x22AC, 0x0A2A, 0x43F1,   // 0x14A0 (5280) pixels
0x2AED, 0x64B4, 0x5CB3, 0x4C72, 0x4CB2, 0x54D3, 0x6556, 0x6577, 0x6D77, 0x6D77, 0x6D77, 0x6D77, 0x6D77, 0x6D77, 0x6D77, 0x6D77,   // 0x14B0 (5296) pixels
0x6D76, 0x6D77, 0x6D77, 0x6D57, 0x6D78, 0x6D77, 0x6D77, 0x6D97, 0x75D8, 0x7E19, 0x6D97, 0x6557, 0x75B8, 0x6D97, 0x6D77, 0x6D97,   // 0x14C0 (5312) pixels
0x6D76, 0x6D77, 0x6D77, 0x6D77, 0x6D77, 0x6D97, 0x6D77, 0x6D57, 0x5DB7, 0x7D13, 0xB9AB, 0xA8E9, 0x28E7, 0x4B30, 0x8599, 0x6619,   // 0x14D0 (5328) pixels
0x41EA, 0x8290, 0x9BB5, 0x52CE, 0x6B91, 0x314B, 0x7B92, 0xAD15, 0x6352, 0x39CB, 0x730F, 0x8B6F, 0x9370, 0x8B50, 0x6AAE, 0x522D,   // 0x14E0 (5344) pixels
0x31AB, 0x526F, 0x316B, 0x292A, 0x628F, 0x31AB, 0x7517, 0x7598, 0x6D77, 0x6D98, 0x6D97, 0x6D77, 0x6D98, 0x6D97, 0x6D77, 0x6D77,   // 0x14F0 (5360) pixels
0x6D77, 0x6556, 0x6556, 0x6556, 0x6535, 0x5D15, 0x6535, 0x5D15, 0x54D2, 0x54B2, 0x54D3, 0x54F3, 0x5CF4, 0x6535, 0x6556, 0x6535,   // 0x1500 (5376) pixels
0x5CB4, 0x5CB4, 0x5CB4, 0x4C73, 0x4C53, 0x5473, 0x4C53, 0x4C73, 0x6516, 0x6536, 0x6536, 0x6556, 0x6D77, 0x6D56, 0x64D4, 0x5C93,   // 0x1510 (5392) pixels
0x64F4, 0x438F, 0x2A2A, 0x1188, 0x3B4F, 0x7536, 0x5C93, 0x6CF5, 0x2AED, 0x5CB3, 0x5CD3, 0x4CB2, 0x54D2, 0x4C92, 0x54F4, 0x5D15,   // 0x1520 (5408) pixels
0x6D77, 0x6D77, 0x6D77, 0x6D77, 0x6D77, 0x6D77, 0x6D77, 0x6D77, 0x6D55, 0x6D76, 0x6D76, 0x6D57, 0x6D57, 0x6557, 0x6576, 0x6D96,   // 0x1530 (5424) pixels
0x6D97, 0x75B8, 0x6D97, 0x6D97, 0x6D97, 0x6D77, 0x6D97, 0x6D77, 0x6535, 0x6D76, 0x6D97, 0x6D77, 0x6D77, 0x6D97, 0x6D77, 0x6557,   // 0x1540 (5440) pixels
0x6D97, 0x9431, 0xB969, 0xA92A, 0x30E7, 0x3A4D, 0x8538, 0x65D9, 0x6BD0, 0xBD18, 0x93D5, 0x6BD2, 0x8C97, 0x290D, 0x9497, 0xC659,   // 0x1550 (5456) pixels
0x6312, 0x296C, 0x6331, 0x6350, 0x6331, 0x6330, 0x52CE, 0x422E, 0x424E, 0x5AAF, 0x296A, 0x318B, 0x4A2D, 0x29CB, 0x64F6, 0x6D98,   // 0x1560 (5472) pixels
0x6D77, 0x75B8, 0x6D97, 0x6D77, 0x6D98, 0x6D77, 0x6556, 0x6557, 0x6D77, 0x6536, 0x5D15, 0x6535, 0x5D15, 0x5CF5, 0x5CF5, 0x54F4,   // 0x1570 (5488) pixels
0x5CF3, 0x54D2, 0x54D2, 0x54D3, 0x54D3, 0x6535, 0x6556, 0x6556, 0x6D77, 0x64F5, 0x5494, 0x4C32, 0x4C53, 0x5CB4, 0x54B4, 0x5494,   // 0x1580 (5504) pixels
0x54B4, 0x6D57, 0x6556, 0x5D15, 0x6536, 0x7577, 0x6D56, 0x64F5, 0x3B8E, 0x1A2A, 0x2209, 0x224B, 0x0A09, 0x336F, 0x6D16, 0x7D37,   // 0x1590 (5520) pixels
0x2B4E, 0x4C72, 0x4CB2, 0x4CB2, 0x54F3, 0x4CB2, 0x54B3, 0x5CF4, 0x6D77, 0x6D77, 0x6D77, 0x6D77, 0x6D77, 0x6D77, 0x6D77, 0x6D77,   // 0x15A0 (5536) pixels
0x7593, 0x7595, 0x6D75, 0x6D36, 0x6D77, 0x6577, 0x6576, 0x6596, 0x6D97, 0x6D97, 0x6D77, 0x6D97, 0x6577, 0x6577, 0x6D97, 0x6536,   // 0x15B0 (5552) pixels
0x5CF4, 0x6536, 0x6D77, 0x6D77, 0x6D77, 0x6D77, 0x6D77, 0x6D57, 0x7557, 0xA30E, 0xB989, 0x994A, 0x40E9, 0x318A, 0x7C75, 0x65B9,   // 0x15C0 (5568) pixels
0x95F5, 0xDEBA, 0x7B71, 0x636E, 0x8C55, 0x314D, 0x8452, 0xADF4, 0x6312, 0x4A2F, 0xA518, 0xB5B7, 0xBDD9, 0xAD99, 0x8454, 0x52D0,   // 0x15D0 (5584) pixels
0x52F0, 0x5AF0, 0x31AB, 0x3A0D, 0x528F, 0x63B2, 0x7598, 0x65D8, 0x6D77, 0x6D98, 0x6D77, 0x6D77, 0x6D97, 0x6D77, 0x5D16, 0x6536,   // 0x15E0 (5600) pixels
0x6D77, 0x5D16, 0x5D15, 0x5D15, 0x5D15, 0x5CF4, 0x5CF4, 0x54D4, 0x54F2, 0x54D2, 0x54B2, 0x54D3, 0x54D3, 0x5D15, 0x6556, 0x6556,   // 0x15F0 (5616) pixels
0x5CD4, 0x4C73, 0x4C53, 0x4412, 0x4432, 0x5473, 0x5CD5, 0x6D57, 0x6516, 0x6D56, 0x6536, 0x6535, 0x6D76, 0x64F5, 0x43D0, 0x2AED,   // 0x1600 (5632) pixels
0x0A09, 0x2ACC, 0x222A, 0x5411, 0x5CD4, 0x022A, 0x1A8B, 0x53B1, 0x54B3, 0x54F4, 0x4492, 0x44B2, 0x5D34, 0x5D14, 0x5CD4, 0x5CF5,   // 0x1610 (5648) pixels
0x6D77, 0x6D77, 0x6D77, 0x6D77, 0x6D77, 0x6D77, 0x6D77, 0x6D77, 0x75B3, 0x75B4, 0x6D75, 0x6D56, 0x6D77, 0x6D77, 0x6576, 0x6576,   // 0x1620 (5664) pixels
0x6D97, 0x6D77, 0x6D77, 0x6D97, 0x6577, 0x6577, 0x6D77, 0x5CF5, 0x54B3, 0x6535, 0x6D77, 0x6D77, 0x6557, 0x6D77, 0x6D77, 0x6D57,   // 0x1630 (5680) pixels
0x8557, 0xA26C, 0xC1E9, 0x8949, 0x48E9, 0x18C7, 0x5B51, 0x5D58, 0x85D4, 0xDEF9, 0x8BF2, 0x7BB0, 0xAD19, 0x7B34, 0xA534, 0xC695,   // 0x1640 (5696) pixels
0x5AF1, 0x5A6F, 0xCDD8, 0xE657, 0xE659, 0xCE18, 0x94B3, 0x52F0, 0x52CF, 0x5AF0, 0x31AB, 0x424D, 0x528F, 0x7CB6, 0x6DB8, 0x5577,   // 0x1650 (5712) pixels
0x6557, 0x6D97, 0x6D77, 0x6556, 0x6D97, 0x6556, 0x5D15, 0x5D15, 0x6D77, 0x5D16, 0x5D15, 0x6536, 0x5D15, 0x5D15, 0x5D15, 0x5CF4,   // 0x1660 (5728) pixels
0x4C91, 0x4C91, 0x4C92, 0x54D3, 0x54D3, 0x5CF4, 0x5D15, 0x5D15, 0x5473, 0x4C32, 0x4C73, 0x5473, 0x4C52, 0x4412, 0x4C52, 0x5CF5,   // 0x1670 (5744) pixels
0x6D57, 0x6536, 0x6515, 0x6536, 0x54D4, 0x2B6F, 0x126B, 0x1A8C, 0x5C72, 0x74F5, 0x32CC, 0x1A8B, 0x6555, 0x4492, 0x1A8C, 0x222B,   // 0x1680 (5760) pixels
0x6513, 0x54B2, 0x5492, 0x4C91, 0x54D3, 0x6575, 0x6575, 0x6D76, 0x6D58, 0x6D57, 0x6D77, 0x6D77, 0x6578, 0x6557, 0x6D75, 0x75B5,   // 0x1690 (5776) pixels
0x8592, 0x7DB3, 0x6573, 0x6576, 0x6599, 0x6558, 0x6D57, 0x7576, 0x6D75, 0x6D76, 0x6D77, 0x6D77, 0x6D78, 0x6577, 0x5D15, 0x4CD3,   // 0x16A0 (5792) pixels
0x4C91, 0x5514, 0x6577, 0x6D78, 0x6D77, 0x6D77, 0x6577, 0x6577, 0x7CB2, 0x920A, 0xC1AB, 0x916A, 0x48E8, 0x312A, 0x324C, 0x6554,   // 0x16B0 (5808) pixels
0x8D95, 0xD759, 0xC5F4, 0xD617, 0xE679, 0xD65A, 0xDEDB, 0xDED7, 0x6B11, 0x83D4, 0xD699, 0xD675, 0xDEB9, 0xCE39, 0x9474, 0x5250,   // 0x16C0 (5824) pixels
0x52D1, 0x5AD1, 0x52B0, 0x52F0, 0x3AAE, 0x6474, 0x7598, 0x6D77, 0x65B6, 0x6D97, 0x6557, 0x5D55, 0x6576, 0x6516, 0x5CF5, 0x5D55,   // 0x16D0 (5840) pixels
0x6536, 0x6516, 0x5D16, 0x5D15, 0x5D35, 0x5D14, 0x54B2, 0x4C71, 0x4CB1, 0x4C91, 0x4C91, 0x4C71, 0x4C71, 0x54B3, 0x54B4, 0x4453,   // 0x16E0 (5856) pixels
0x4C52, 0x5CB4, 0x5CB5, 0x4C32, 0x4C32, 0x5473, 0x4C32, 0x43F2, 0x5C72, 0x64D4, 0x6D36, 0x6516, 0x54B5, 0x33B0, 0x336F, 0x64F5,   // 0x16F0 (5872) pixels
0x6D34, 0x5B4F, 0x29EA, 0x19C9, 0x3AAD, 0x64D4, 0x6596, 0x3BAF, 0x4CB1, 0x4C91, 0x4C92, 0x4C71, 0x4C71, 0x54D3, 0x5D14, 0x6D96,   // 0x1700 (5888) pixels
0x6D57, 0x6D57, 0x6D77, 0x6D77, 0x6558, 0x6556, 0x6D75, 0x75B4, 0x7D92, 0x7DB3, 0x6D73, 0x6576, 0x6578, 0x6558, 0x6D57, 0x6D55,   // 0x1710 (5904) pixels
0x6534, 0x6555, 0x6D56, 0x6D57, 0x6D78, 0x6577, 0x5D35, 0x54F3, 0x5492, 0x54D4, 0x6556, 0x6D98, 0x6D78, 0x6D57, 0x6D57, 0x7597,   // 0x1720 (5920) pixels
0x9B8D, 0xB1C8, 0xC968, 0xA1CA, 0x48A7, 0x38A9, 0x396B, 0x5390, 0x7D15, 0xC6F9, 0xB595, 0x7B2E, 0x6AAC, 0x730F, 0x6AEE, 0xB554,   // 0x1730 (5936) pixels
0x7BB4, 0x8C15, 0xC5D8, 0xCE15, 0xB553, 0xBDB5, 0xAD14, 0x62CD, 0x5AF1, 0x52B0, 0x52B0, 0x424E, 0x42AE, 0x6C95, 0x7577, 0x6D77,   // 0x1740 (5952) pixels
0x6575, 0x7598, 0x6D56, 0x6535, 0x6555, 0x6536, 0x64F6, 0x5D15, 0x6516, 0x6536, 0x6536, 0x5D15, 0x5CF4, 0x54F3, 0x54D3, 0x54D2,   // 0x1750 (5968) pixels
0x54D3, 0x54B2, 0x4CB1, 0x4CB1, 0x4C92, 0x54B3, 0x5CD4, 0x5CF5, 0x5CD4, 0x5473, 0x4C32, 0x4412, 0x4C32, 0x4C52, 0x5473, 0x64D5,   // 0x1760 (5984) pixels
0x5471, 0x5CF3, 0x5D35, 0x5D36, 0x5D36, 0x5516, 0x54F4, 0x54D4, 0x2ACC, 0x4AAD, 0x31CA, 0x29EA, 0x2A2B, 0x228C, 0x4452, 0x85D8,   // 0x1770 (6000) pixels
0x4CD2, 0x4491, 0x4CB1, 0x4C91, 0x4C71, 0x4C92, 0x54D3, 0x6535, 0x6D56, 0x6556, 0x6576, 0x6577, 0x6557, 0x6556, 0x6D73, 0x75B2,   // 0x1780 (6016) pixels
0x7D92, 0x7D92, 0x6D73, 0x6575, 0x6577, 0x6558, 0x6D77, 0x6D55, 0x5D33, 0x6535, 0x6556, 0x6D57, 0x6D77, 0x6556, 0x5D15, 0x54D3,   // 0x1790 (6032) pixels
0x5C94, 0x54B4, 0x6536, 0x6D98, 0x6D98, 0x6D77, 0x7577, 0x7D57, 0xA26B, 0xB9CA, 0xB168, 0x922B, 0x5129, 0x40EB, 0x30CA, 0x31EC,   // 0x17A0 (6048) pixels
0x8D16, 0xD6FB, 0xACF4, 0x728D, 0x51CA, 0x518B, 0x51AC, 0xC537, 0x8415, 0x9CD6, 0xA4F5, 0xB555, 0xAD12, 0xB534, 0xB536, 0x9C74,   // 0x17B0 (6064) pixels
0x5AF1, 0x52B0, 0x6B73, 0x528F, 0x6392, 0x8558, 0x7577, 0x6576, 0x6D35, 0x7598, 0x6536, 0x5D34, 0x6534, 0x6516, 0x6516, 0x64F5,   // 0x17C0 (6080) pixels
0x5D16, 0x6516, 0x6535, 0x5D15, 0x5D14, 0x5CF3, 0x54F3, 0x54F3, 0x4C92, 0x4C71, 0x4C91, 0x54B2, 0x54B2, 0x54B3, 0x54D4, 0x54B4,   // 0x17D0 (6096) pixels
0x5473, 0x4411, 0x4C32, 0x4C52, 0x4C32, 0x4C32, 0x5473, 0x64F5, 0x7594, 0x6D54, 0x6534, 0x5D35, 0x5515, 0x6577, 0x6556, 0x338E,   // 0x17E0 (6112) pixels
0x2ACC, 0x5B50, 0x29AA, 0x218A, 0x42EF, 0x1A8C, 0x12AB, 0x4BF1, 0x4CF2, 0x4491, 0x4491, 0x4CB2, 0x54B2, 0x4C92, 0x5492, 0x54B3,   // 0x17F0 (6128) pixels
0x54D3, 0x5CF3, 0x5D14, 0x6536, 0x6557, 0x6D76, 0x75B3, 0x75D1, 0x7D92, 0x7571, 0x6D72, 0x6D74, 0x6556, 0x6D77, 0x6D76, 0x6534,   // 0x1800 (6144) pixels
0x5CF2, 0x6514, 0x6555, 0x6D77, 0x6D77, 0x6536, 0x5D15, 0x54F3, 0x4C94, 0x54B4, 0x6535, 0x6597, 0x5D97, 0x6597, 0x6535, 0x5C72,   // 0x1810 (6160) pixels
0x61CB, 0x6949, 0x6128, 0x4989, 0x398B, 0x398C, 0x214A, 0x2A4C, 0x8CD4, 0xD6BA, 0xBD35, 0x830F, 0x59CB, 0x518B, 0x490A, 0xC495,   // 0x1820 (6176) pixels
0x9474, 0xC617, 0x7B8F, 0x628C, 0x9C52, 0x6AAE, 0x416D, 0x9C56, 0x298B, 0x296B, 0x526F, 0x39ED, 0x5330, 0x6C95, 0x7577, 0x6576,   // 0x1830 (6192) pixels
0x6515, 0x6D77, 0x5D35, 0x5D33, 0x5D33, 0x5D15, 0x6516, 0x6516, 0x5D16, 0x5D15, 0x5D15, 0x6535, 0x6535, 0x5D14, 0x54F2, 0x4CB1,   // 0x1840 (6208) pixels
0x4C71, 0x4451, 0x4C71, 0x4C91, 0x4C92, 0x54D3, 0x54B3, 0x4452, 0x4C32, 0x4C52, 0x5CD3, 0x5493, 0x4C32, 0x4C53, 0x4C52, 0x4C31,   // 0x1850 (6224) pixels
0x7511, 0x7532, 0x6D34, 0x6D35, 0x6515, 0x5C93, 0x438F, 0x1A4A, 0x4BB0, 0x3A6C, 0x2149, 0x216A, 0x328D, 0x43F1, 0x4432, 0x338F,   // 0x1860 (6240) pixels
0x4CD2, 0x4491, 0x4450, 0x4C91, 0x4CB2, 0x4C72, 0x4C72, 0x4C92, 0x4C71, 0x54B2, 0x54F3, 0x5D35, 0x6556, 0x6D75, 0x7592, 0x75B0,   // 0x1870 (6256) pixels
0x7571, 0x6D71, 0x6D72, 0x6D73, 0x6D55, 0x6556, 0x6535, 0x5D14, 0x54B1, 0x5CF2, 0x6535, 0x6D56, 0x6D77, 0x6536, 0x5D14, 0x54F3,   // 0x1880 (6272) pixels
0x4CB4, 0x54D4, 0x6534, 0x6554, 0x5D96, 0x5DB8, 0x6576, 0x5CF3, 0x7493, 0x73B1, 0x8C12, 0x632F, 0x52AF, 0x4A6F, 0x3A4E, 0x3B0F,   // 0x1890 (6288) pixels
0x634F, 0xAD55, 0xCDF9, 0x730F, 0x41A9, 0x626E, 0x494A, 0xB475, 0x9494, 0xAD35, 0x8BF1, 0x7B50, 0xC597, 0x7B71, 0x520E, 0xB518,   // 0x18A0 (6304) pixels
0x52AF, 0x4A4E, 0x524F, 0x316B, 0x3A0D, 0x3AEE, 0x6515, 0x5D55, 0x5D15, 0x5D76, 0x5D75, 0x6D53, 0x6D53, 0x5534, 0x5536, 0x5D36,   // 0x18B0 (6320) pixels
0x5D16, 0x5D15, 0x5D15, 0x6535, 0x6534, 0x5D13, 0x54D2, 0x4C91, 0x4C92, 0x4C71, 0x4470, 0x4C71, 0x4C71, 0x54B2, 0x54B3, 0x4C72,   // 0x18C0 (6336) pixels
0x4C52, 0x5492, 0x6513, 0x5492, 0x4C32, 0x5C94, 0x5CB4, 0x5491, 0x64AF, 0x7552, 0x6D33, 0x64F3, 0x6D15, 0x43D0, 0x1A4B, 0x32ED,   // 0x18D0 (6352) pixels
0x4B4F, 0x31CA, 0x396A, 0x314A, 0x1189, 0x22CD, 0x5453, 0x7D57, 0x5CF3, 0x5491, 0x4430, 0x4C51, 0x5492, 0x4C92, 0x4C92, 0x4C72,   // 0x18E0 (6368) pixels
0x4C92, 0x54B2, 0x5D13, 0x5D35, 0x6556, 0x6D74, 0x7572, 0x756F, 0x6D51, 0x6D70, 0x6D71, 0x6D53, 0x6D55, 0x6515, 0x54D3, 0x5CF3,   // 0x18F0 (6384) pixels
0x54D1, 0x5CF2, 0x6534, 0x6D56, 0x6556, 0x5D15, 0x54D4, 0x54B3, 0x4493, 0x54B2, 0x64B1, 0x64D2, 0x5D35, 0x5577, 0x5D76, 0x6575,   // 0x1900 (6400) pixels
0x85F4, 0xAE16, 0xCE79, 0xACF6, 0x7BD3, 0x62D1, 0x5290, 0x3A2E, 0x4ACE, 0x8C93, 0xA516, 0x7391, 0x5B2E, 0x630F, 0x62AE, 0xAC94,   // 0x1910 (6416) pixels
0x8413, 0x83D1, 0xAD16, 0xBD77, 0xE6DB, 0xC5F7, 0xB575, 0xCE78, 0x5B30, 0x6B51, 0x6B12, 0x62B0, 0x52B0, 0x42EE, 0x6D15, 0x5D54,   // 0x1920 (6432) pixels
0x5514, 0x5D75, 0x6D94, 0x7D31, 0x7511, 0x6553, 0x5555, 0x5D35, 0x5D15, 0x6535, 0x5D35, 0x5D14, 0x54F3, 0x54D2, 0x4CB1, 0x4CB1,   // 0x1930 (6448) pixels
0x4C92, 0x4451, 0x4C71, 0x4CB1, 0x4C91, 0x4C71, 0x4C72, 0x4C72, 0x4C32, 0x5491, 0x6511, 0x5CD1, 0x4C52, 0x5473, 0x5CD3, 0x6D73,   // 0x1940 (6464) pixels
0x7550, 0x6D30, 0x6532, 0x6534, 0x6535, 0x5C93, 0x43B0, 0x53F1, 0x3A2B, 0x526D, 0x518B, 0x414B, 0x428E, 0x226C, 0x19EA, 0x434F,   // 0x1950 (6480) pixels
0x5C92, 0x5C71, 0x4C10, 0x4C51, 0x5492, 0x54B3, 0x5CF4, 0x54D3, 0x4C93, 0x54D3, 0x5D13, 0x6534, 0x6D55, 0x7595, 0x7D93, 0x7D91,   // 0x1960 (6496) pixels
0x6D50, 0x6D70, 0x7570, 0x6D52, 0x6D54, 0x5CD4, 0x4451, 0x54D2, 0x5CF1, 0x5CF2, 0x6514, 0x6535, 0x6536, 0x5CF5, 0x54D4, 0x54B3,   // 0x1970 (6512) pixels
0x54F4, 0x74F2, 0x84B0, 0x84B1, 0x7D56, 0x6578, 0x5D56, 0x5D54, 0x7552, 0xC6B9, 0xA4D4, 0xACB5, 0x9475, 0x5AD0, 0x5270, 0x5A70,   // 0x1980 (6528) pixels
0x7BB1, 0x9CB3, 0x83D1, 0x94B4, 0xA576, 0x73CF, 0x9CB4, 0xB514, 0x7B90, 0xA4F6, 0xCDF9, 0xCDF8, 0xEF3C, 0xD6BA, 0xB5F6, 0xCEDA,   // 0x1990 (6544) pixels
0x6BB2, 0x7BF4, 0x7B93, 0x7333, 0x6311, 0x5350, 0x6514, 0x5D33, 0x54F4, 0x5D54, 0x7553, 0x842E, 0x7C0D, 0x6CF2, 0x5534, 0x5D35,   // 0x19A0 (6560) pixels
0x6535, 0x5D35, 0x5D14, 0x54D3, 0x54B2, 0x4CB1, 0x4CB1, 0x4CB1, 0x4C71, 0x4430, 0x4450, 0x4CB1, 0x4C91, 0x4450, 0x4451, 0x4451,   // 0x19B0 (6576) pixels
0x5492, 0x5CF1, 0x6D71, 0x6511, 0x5492, 0x4C52, 0x5491, 0x6D51, 0x7D91, 0x64EF, 0x6511, 0x6534, 0x5493, 0x4C32, 0x4390, 0x2A8C,   // 0x19C0 (6592) pixels
0x2A0A, 0x52AD, 0x496A, 0x520C, 0x6433, 0x5432, 0x32ED, 0x01A8, 0x436E, 0x4BCF, 0x4BF0, 0x5431, 0x4C51, 0x4C72, 0x5D34, 0x6576,   // 0x19D0 (6608) pixels
0x6536, 0x6556, 0x6575, 0x6555, 0x6D55, 0x6D74, 0x7552, 0x7550, 0x6D50, 0x7570, 0x7570, 0x6D52, 0x7554, 0x54B3, 0x3BF0, 0x4C91,   // 0x19E0 (6624) pixels
0x54D0, 0x54B1, 0x5CD3, 0x6515, 0x6536, 0x5D15, 0x5CF4, 0x5CF4, 0x54B2, 0x7470, 0x738B, 0x6B4C, 0x7452, 0x6D37, 0x5D36, 0x5513,   // 0x19F0 (6640) pixels
0x7D15, 0xCE9C, 0x4189, 0x7B51, 0x9D18, 0x4AEF, 0x52F0, 0xA4B8, 0xD5B9, 0xD5D7, 0xC556, 0xCE18, 0xDF1A, 0xAD74, 0xDE99, 0xE637,   // 0x1A00 (6656) pixels
0xB593, 0xE6FB, 0xD678, 0xA4F2, 0x7BD1, 0x632F, 0x4ACD, 0x6372, 0x3A4C, 0x5ACF, 0x6290, 0x6270, 0x5AD0, 0x5B91, 0x64D3, 0x5533,   // 0x1A10 (6672) pixels
0x5CF3, 0x5D13, 0x7CD1, 0x7B4A, 0x7B09, 0x7490, 0x5D14, 0x6535, 0x6535, 0x5D15, 0x54D3, 0x54B2, 0x54D2, 0x54B1, 0x4CB1, 0x4C90,   // 0x1A20 (6688) pixels
0x4C92, 0x4451, 0x4450, 0x4450, 0x4470, 0x4C91, 0x4C92, 0x4451, 0x5CD3, 0x6531, 0x6550, 0x5CF0, 0x5CF3, 0x6515, 0x5CF2, 0x6530,   // 0x1A30 (6704) pixels
0x74EF, 0x7510, 0x4C0E, 0x332C, 0x22AC, 0x1A2B, 0x19EA, 0x21CA, 0x436E, 0x6C32, 0x41EB, 0x4A4D, 0x5473, 0x4CD3, 0x6535, 0x3C10,   // 0x1A40 (6720) pixels
0x2A4C, 0x328D, 0x42EE, 0x32AD, 0x3B4F, 0x5432, 0x4C92, 0x5514, 0x5D54, 0x6555, 0x6D75, 0x6D75, 0x6D54, 0x6D32, 0x6D51, 0x7571,   // 0x1A50 (6736) pixels
0x7570, 0x6D50, 0x6D30, 0x6D32, 0x6D33, 0x5471, 0x3BD0, 0x4432, 0x54D1, 0x54D1, 0x5CF3, 0x6555, 0x6556, 0x5D14, 0x54D3, 0x54B2,   // 0x1A60 (6752) pixels
0x5492, 0x6CB0, 0x73EE, 0x5C71, 0x54F2, 0x6D35, 0x5535, 0x5CF3, 0x7554, 0xD69C, 0x416A, 0x6B72, 0x94D8, 0x4A6F, 0x52D0, 0x6351,   // 0x1A70 (6768) pixels
0x8C55, 0x7BF2, 0x8C94, 0x9495, 0x8433, 0x8432, 0x8412, 0x83F3, 0x7431, 0x73F0, 0x5B4F, 0x5B10, 0x3A0C, 0x31CA, 0x4A6E, 0x294C,   // 0x1A80 (6784) pixels
0x3A0B, 0x39CC, 0x396D, 0x316C, 0x19AA, 0x3B4E, 0x6513, 0x5CF3, 0x5CB2, 0x4D33, 0x7532, 0x632C, 0x53F0, 0x5513, 0x5D12, 0x6533,   // 0x1A90 (6800) pixels
0x6513, 0x5CF3, 0x5CD3, 0x5492, 0x4C51, 0x4C71, 0x54B2, 0x5491, 0x4490, 0x4451, 0x4431, 0x4C50, 0x4C50, 0x4431, 0x4C52, 0x4C71,   // 0x1AA0 (6816) pixels
0x54AF, 0x64F0, 0x6512, 0x5CD1, 0x5490, 0x5490, 0x64F1, 0x6D51, 0x6D2F, 0x6D10, 0x5C90, 0x43CE, 0x228A, 0x1229, 0x2AED, 0x3B8F,   // 0x1AB0 (6832) pixels
0x4C30, 0x5C11, 0x2A0A, 0x3ACD, 0x4BD0, 0x2B4D, 0x4C71, 0x6CD3, 0x1188, 0x1189, 0x19C9, 0x19C9, 0x32CD, 0x4C11, 0x4C51, 0x4C71,   // 0x1AC0 (6848) pixels
0x4CD2, 0x54F3, 0x5D14, 0x6534, 0x6D53, 0x6D52, 0x6D51, 0x6D50, 0x6D0F, 0x6D30, 0x6D51, 0x6512, 0x5CD2, 0x4430, 0x33AF, 0x4411,   // 0x1AD0 (6864) pixels
0x4C90, 0x54B1, 0x54D2, 0x5D13, 0x5D14, 0x5CF3, 0x54D2, 0x4CB2, 0x54B2, 0x74B0, 0x83CF, 0x6CD3, 0x5513, 0x64F3, 0x5534, 0x5D14,   // 0x1AE0 (6880) pixels
0x6D33, 0xCE7A, 0x7B2F, 0x8413, 0x8435, 0x52B0, 0x422E, 0x39CC, 0x4A8F, 0x31EB, 0x4ACE, 0x4A8E, 0x31EB, 0x5B2F, 0x6350, 0x31CB,   // 0x1AF0 (6896) pixels
0x39EB, 0x52CE, 0x3A0D, 0x5AF1, 0x7BD3, 0x7BD1, 0x7391, 0x62D1, 0x4AAE, 0x422E, 0x39AD, 0x31CD, 0x326D, 0x4BF0, 0x6554, 0x5D13,   // 0x1B00 (6912) pixels
0x64F3, 0x5533, 0x7D33, 0x630C, 0x6C93, 0x6595, 0x6553, 0x6513, 0x6513, 0x5CF3, 0x5CD3, 0x4C72, 0x4430, 0x4C51, 0x5491, 0x4C70,   // 0x1B10 (6928) pixels
0x4470, 0x4451, 0x4430, 0x4C70, 0x5470, 0x4C51, 0x4C51, 0x4CB1, 0x6510, 0x6511, 0x6511, 0x5CD0, 0x54B0, 0x5CD0, 0x64F0, 0x6531,   // 0x1B20 (6944) pixels
0x650F, 0x6D30, 0x6D11, 0x64D2, 0x5451, 0x4C30, 0x5CB3, 0x64D3, 0x5471, 0x3B2D, 0x326B, 0x2A6B, 0x3B8F, 0x4C71, 0x5451, 0x5410,   // 0x1B30 (6960) pixels
0x11E9, 0x11C9, 0x19E9, 0x2AAC, 0x4BD0, 0x5C72, 0x5471, 0x5492, 0x4471, 0x4C91, 0x54D2, 0x6513, 0x6D53, 0x6D72, 0x7571, 0x7551,   // 0x1B40 (6976) pixels
0x6D2F, 0x6D50, 0x7572, 0x6532, 0x54B1, 0x4410, 0x33B0, 0x3BF0, 0x54D0, 0x5CF1, 0x5CF2, 0x5CF2, 0x5CF3, 0x54F2, 0x54D2, 0x4CB1,   // 0x1B50 (6992) pixels
0x44F1, 0x7BCE, 0x728B, 0x6C92, 0x5533, 0x5CF3, 0x5D34, 0x5CF3, 0x6CF2, 0xD69A, 0xDE3A, 0xBDD8, 0x7C13, 0x6311, 0x424F, 0x31CD,   // 0x1B60 (7008) pixels
0x52F1, 0x31EC, 0x5B30, 0x73F4, 0x3A2D, 0x52EF, 0x7C34, 0x31CC, 0x6B33, 0x7BF5, 0x5290, 0x526F, 0x83F3, 0xBDB7, 0xB576, 0x9474,   // 0x1B70 (7024) pixels
0x5310, 0x4A6F, 0x420F, 0x4A8F, 0x53D1, 0x5CD3, 0x6574, 0x54F2, 0x6513, 0x5513, 0x6C50, 0x49C8, 0x63D1, 0x5D54, 0x6552, 0x6532,   // 0x1B80 (7040) pixels
0x6513, 0x5CF3, 0x54B2, 0x4C51, 0x4410, 0x4430, 0x4C71, 0x4C70, 0x4470, 0x4431, 0x4430, 0x546F, 0x5CB1, 0x5471, 0x4C51, 0x54B1,   // 0x1B90 (7056) pixels
0x6D31, 0x6531, 0x64F0, 0x5CD0, 0x5CD0, 0x64F0, 0x6510, 0x6510, 0x6530, 0x6510, 0x6511, 0x6D32, 0x6512, 0x5CD2, 0x64F2, 0x5CD2,   // 0x1BA0 (7072) pixels
0x5451, 0x2AAB, 0x32AC, 0x224B, 0x22EC, 0x5472, 0x4BF0, 0x3ACC, 0x43D0, 0x43D0, 0x3BAF, 0x4C10, 0x5492, 0x4C71, 0x4C71, 0x4C71,   // 0x1BB0 (7088) pixels
0x4471, 0x4471, 0x4C91, 0x5CF2, 0x6D52, 0x7572, 0x7551, 0x6D30, 0x7571, 0x6D31, 0x6D31, 0x5CF1, 0x4C70, 0x4410, 0x3BF0, 0x4431,   // 0x1BC0 (7104) pixels
0x444E, 0x4C90, 0x54D1, 0x54F2, 0x54F2, 0x54F2, 0x54D1, 0x4CB1, 0x4D11, 0x830C, 0x6127, 0x53B0, 0x5D54, 0x5D33, 0x5D34, 0x5CF3,   // 0x1BD0 (7120) pixels
0x64F1, 0xCE17, 0xEEBA, 0xBDF7, 0x6B70, 0x5AF0, 0x426F, 0x4A70, 0x4A4E, 0x5B0F, 0x6330, 0x6351, 0x6351, 0x6B91, 0x6B71, 0x6B52,   // 0x1BE0 (7136) pixels
0x7B93, 0x7B92, 0x6B31, 0x6B30, 0x8C12, 0xE6DA, 0xD679, 0x9C93, 0x6371, 0x52B0, 0x4A6F, 0x5311, 0x6CB4, 0x6D74, 0x6553, 0x54D2,   // 0x1BF0 (7152) pixels
0x5CF2, 0x5D33, 0x6BAF, 0x5127, 0x5B0F, 0x6534, 0x6552, 0x6532, 0x6513, 0x5CF3, 0x5492, 0x4430, 0x3BF0, 0x4430, 0x4C51, 0x4C50,   // 0x1C00 (7168) pixels
0x4450, 0x4430, 0x4C30, 0x54B0, 0x6511, 0x5CB1, 0x4C50, 0x5CB1, 0x6530, 0x6510, 0x5CF0, 0x5CCF, 0x5CD0, 0x6511, 0x6530, 0x6530,   // 0x1C10 (7184) pixels
0x6530, 0x6530, 0x5CF0, 0x5CF1, 0x6511, 0x6512, 0x6512, 0x54B0, 0x3B6E, 0x228B, 0x1A2A, 0x1A4A, 0x1A8B, 0x43D0, 0x5C11, 0x3AAC,   // 0x1C20 (7200) pixels
0x43D0, 0x4C51, 0x4430, 0x3C10, 0x4450, 0x4471, 0x4CD2, 0x4CD2, 0x4C91, 0x4C71, 0x4C91, 0x5CD1, 0x6511, 0x6D51, 0x6D30, 0x6D0F,   // 0x1C30 (7216) pixels
0x6D31, 0x6510, 0x6D32, 0x6532, 0x54D2, 0x4C51, 0x3C11, 0x4452, 0x4C70, 0x54B0, 0x54D1, 0x54D1, 0x54D1, 0x54F1, 0x54F1, 0x54D1,   // 0x1C40 (7232) pixels
0x5CF1, 0x9ACC, 0x68C7, 0x4B0E, 0x6554, 0x5D33, 0x5D13, 0x5D13, 0x6D12, 0xCE37, 0xE678, 0xB5D6, 0x6BB0, 0x5AF0, 0x4AB1, 0x5AF2,   // 0x1C50 (7248) pixels
0x6B10, 0x8C32, 0xB577, 0xA4F6, 0x9453, 0xB556, 0x9CB4, 0x9454, 0xB576, 0x9CB3, 0x8C32, 0xA4B4, 0xA4D3, 0xD678, 0xDE78, 0xA4B4,   // 0x1C60 (7264) pixels
0x6BB3, 0x52D1, 0x4A6F, 0x4B10, 0x6CD3, 0x6553, 0x5D32, 0x5512, 0x54F1, 0x6513, 0x730D, 0x6928, 0x522C, 0x6514, 0x6552, 0x6532,   // 0x1C70 (7280) pixels
0x6513, 0x5CF2, 0x4C71, 0x4410, 0x3BF0, 0x4410, 0x4430, 0x4C51, 0x4430, 0x4430, 0x4C4F, 0x64CF, 0x6D51, 0x5CD1, 0x4C50, 0x5CB0,   // 0x1C80 (7296) pixels
0x5CEF, 0x5CEF, 0x5CD0, 0x5CCF, 0x5CD0, 0x6510, 0x6510, 0x6510, 0x5CEF, 0x6D51, 0x6510, 0x5CD0, 0x5CF1, 0x6512, 0x5CF1, 0x4C4F,   // 0x1C90 (7312) pixels
0x22CB, 0x2ACC, 0x226B, 0x228C, 0x1A6B, 0x1A8B, 0x3AED, 0x2A2A, 0x22AC, 0x3B6F, 0x3BAF, 0x4410, 0x4451, 0x3C30, 0x4471, 0x4C91,   // 0x1CA0 (7328) pixels
0x54F3, 0x54D2, 0x5CF1, 0x5D11, 0x6D31, 0x6D51, 0x6D30, 0x6D30, 0x6510, 0x64F1, 0x6D32, 0x6533, 0x54B2, 0x4410, 0x33AF, 0x3BF0,   // 0x1CB0 (7344) pixels
0x54B1, 0x54D2, 0x54D1, 0x54D1, 0x54D1, 0x54F1, 0x54D1, 0x54D1, 0x6C2F, 0xB24C, 0x70E8, 0x426D, 0x64F3, 0x5D32, 0x54F2, 0x54F2,   // 0x1CC0 (7360) pixels
0x6491, 0xD658, 0xE698, 0xBDD6, 0x73B1, 0x4A8F, 0x4290, 0x4AB1, 0x628D, 0xA4B4, 0xB555, 0xC5B8, 0xBD77, 0xC5B7, 0xC5B7, 0xBD78,   // 0x1CD0 (7376) pixels
0xC5F6, 0xC617, 0x9C92, 0xAD15, 0xB534, 0xCDF5, 0xDE99, 0xB4F5, 0x6B93, 0x52D1, 0x4A90, 0x430F, 0x64D3, 0x5D32, 0x5511, 0x54F2,   // 0x1CE0 (7392) pixels
0x5D12, 0x5C91, 0x69EA, 0x80E9, 0x4109, 0x5C32, 0x6532, 0x6D32, 0x6513, 0x5CD2, 0x4C71, 0x4410, 0x3BF0, 0x4410, 0x4430, 0x4C51,   // 0x1CF0 (7408) pixels
0x4410, 0x4C30, 0x546F, 0x650F, 0x7550, 0x64D0, 0x5470, 0x54B0, 0x5CCF, 0x5CF0, 0x5CF0, 0x5CD0, 0x5CB0, 0x5CD0, 0x5CEF, 0x5CEF,   // 0x1D00 (7424) pixels
0x6510, 0x6D30, 0x6510, 0x6531, 0x64F1, 0x4C4F, 0x3BAE, 0x2B4C, 0x32EC, 0x32CD, 0x224B, 0x224B, 0x228C, 0x2ACC, 0x3B4E, 0x53B0,   // 0x1D10 (7440) pixels
0x1969, 0x2A2B, 0x3AED, 0x43B0, 0x43B0, 0x336E, 0x3BAF, 0x5451, 0x5CF3, 0x5D13, 0x5D12, 0x6531, 0x6D50, 0x6D50, 0x7550, 0x7550,   // 0x1D20 (7456) pixels
0x64F1, 0x5CF1, 0x54B0, 0x4C4F, 0x440F, 0x33CF, 0x33AF, 0x3C11, 0x3BEF, 0x4430, 0x4C90, 0x54F1, 0x5D12, 0x54F1, 0x4CB1, 0x4C71,   // 0x1D30 (7472) pixels
0x834D, 0xB98A, 0x78E9, 0x298A, 0x6451, 0x5D32, 0x5512, 0x54D2, 0x6CB2, 0xD659, 0xE678, 0xB5B6, 0x6B91, 0x4A6F, 0x4AB0, 0x4AAF,   // 0x1D40 (7488) pixels
0x736F, 0x9CB3, 0xAD55, 0xCE39, 0xA4B4, 0xACF4, 0xC5D7, 0x8C12, 0xBDB7, 0xBDB7, 0xAD15, 0xAD15, 0xAD34, 0xCE16, 0xDE58, 0xA4B3,   // 0x1D50 (7504) pixels
0x6B73, 0x52B0, 0x52B0, 0x4B2F, 0x64D2, 0x5D31, 0x54F1, 0x54B1, 0x5D11, 0x53EF, 0x7189, 0xA12B, 0x48A9, 0x430E, 0x6D12, 0x6D11,   // 0x1D60 (7520) pixels
0x5D12, 0x5CD2, 0x4C50, 0x3BEF, 0x3BF0, 0x3BF0, 0x4410, 0x4C51, 0x4C30, 0x4C30, 0x5C90, 0x6D0F, 0x6D2F, 0x64D0, 0x5C90, 0x5C8F,   // 0x1D70 (7536) pixels
0x5CF0, 0x5CF0, 0x5CD0, 0x5CB0, 0x54B0, 0x5CB0, 0x5CCF, 0x5CCF, 0x6D10, 0x6D10, 0x64F0, 0x6D31, 0x64F1, 0x43CE, 0x2B0C, 0x22AC,   // 0x1D80 (7552) pixels
0x226B, 0x222A, 0x19C9, 0x11C9, 0x1A4B, 0x2ACD, 0x332E, 0x3B6E, 0x20C8, 0x2949, 0x29EB, 0x2A2B, 0x222B, 0x1A4A, 0x3B2E, 0x5C52,   // 0x1D90 (7568) pixels
0x54B2, 0x54D2, 0x5CF1, 0x6510, 0x6510, 0x6D2F, 0x6D2F, 0x6D30, 0x64D0, 0x5CD1, 0x5490, 0x4C2F, 0x4C91, 0x54B2, 0x4451, 0x4C93,   // 0x1DA0 (7584) pixels
0x4431, 0x4430, 0x4450, 0x4CB1, 0x54D1, 0x54D1, 0x54B1, 0x54D2, 0x92CC, 0xC129, 0x814A, 0x2129, 0x53AF, 0x5D11, 0x5533, 0x5D12,   // 0x1DB0 (7600) pixels
0x6471, 0xC5D7, 0xE658, 0xB5B7, 0x6371, 0x424F, 0x42B0, 0x42AF, 0x630E, 0xA535, 0xC618, 0x9473, 0x6B4E, 0xBDB7, 0xC618, 0x9CB5,   // 0x1DC0 (7616) pixels
0x9CB5, 0x734F, 0x9C94, 0xAD17, 0xACF4, 0xD657, 0xD657, 0xB514, 0x7394, 0x5AB1, 0x52D0, 0x4B0F, 0x64B2, 0x5D11, 0x5CF1, 0x5CD1,   // 0x1DD0 (7632) pixels
0x54D1, 0x432C, 0x7169, 0xB14C, 0x5068, 0x220A, 0x64D1, 0x6CF1, 0x5CF1, 0x54D1, 0x4430, 0x3BEF, 0x3BF0, 0x3BF0, 0x43F0, 0x4431,   // 0x1DE0 (7648) pixels
0x4C30, 0x4C30, 0x5C90, 0x6D0F, 0x6D0E, 0x64CF, 0x5CB0, 0x5C8F, 0x5CF0, 0x5CF0, 0x5CB0, 0x5490, 0x5490, 0x5CB0, 0x5CD0, 0x5CAF,   // 0x1DF0 (7664) pixels
0x64CF, 0x6D30, 0x64EF, 0x64D0, 0x5C90, 0x43CF, 0x2B0D, 0x1A6C, 0x1A2A, 0x32AC, 0x328C, 0x2A4C, 0x11CA, 0x11E9, 0x22CC, 0x22EC,   // 0x1E00 (7680) pixels
0x19A9, 0x1969, 0x1949, 0x1128, 0x1169, 0x224B, 0x3BAF, 0x4452, 0x4C71, 0x54D1, 0x6550, 0x6550, 0x5D10, 0x6511, 0x6D51, 0x6530,   // 0x1E10 (7696) pixels
0x6510, 0x650F, 0x6530, 0x5CF1, 0x54B3, 0x4412, 0x338F, 0x43F0, 0x6473, 0x5471, 0x4CF1, 0x54D0, 0x5CD1, 0x4491, 0x44B2, 0x6452,   // 0x1E20 (7712) pixels
0xB22A, 0xB9AA, 0x7909, 0x38E8, 0x42AE, 0x5D14, 0x44F2, 0x6D12, 0xA535, 0x9C93, 0xA474, 0x83B1, 0x7BD2, 0x52EF, 0x4A8F, 0x528F,   // 0x1E30 (7728) pixels
0x5B10, 0xB596, 0xC597, 0x9413, 0xB595, 0xC636, 0xC5F7, 0xC5D6, 0xA4D6, 0xA4B3, 0xB514, 0xB4F6, 0xBD16, 0xD636, 0xE6F9, 0xC5D6,   // 0x1E40 (7744) pixels
0x6BB2, 0x5AD1, 0x5A91, 0x52F0, 0x5C91, 0x5D10, 0x5CEF, 0x5CD0, 0x5CB3, 0x4A09, 0x9189, 0xA1CB, 0x50E7, 0x3168, 0x642F, 0x6550,   // 0x1E50 (7760) pixels
0x54D2, 0x4C91, 0x4C71, 0x4411, 0x3BF0, 0x4431, 0x4431, 0x4410, 0x4C70, 0x5CD0, 0x6D0F, 0x64EE, 0x64ED, 0x6D2E, 0x6D2F, 0x64EF,   // 0x1E60 (7776) pixels
0x5D0F, 0x54AF, 0x5490, 0x4C6F, 0x54AF, 0x5CCF, 0x5490, 0x5CD2, 0x654E, 0x6D50, 0x6D32, 0x5C71, 0x2B0D, 0x120A, 0x124A, 0x22EC,   // 0x1E70 (7792) pixels
0x43D0, 0x330D, 0x22AB, 0x22AB, 0x226B, 0x1A0A, 0x19CA, 0x21EB, 0x4BD1, 0x3B0E, 0x2A6C, 0x2A4C, 0x32EE, 0x43D0, 0x4C72, 0x4C91,   // 0x1E80 (7808) pixels
0x4C71, 0x5CD1, 0x6531, 0x6550, 0x54AF, 0x4C4F, 0x5CF0, 0x6510, 0x64F0, 0x64EF, 0x5CF0, 0x5CD1, 0x5493, 0x43F2, 0x338F, 0x43F0,   // 0x1E90 (7824) pixels
0x3C31, 0x4C70, 0x5CF0, 0x5CAF, 0x5CB1, 0x4CD1, 0x4CD0, 0x5BEE, 0xC188, 0xC96A, 0x892A, 0x38E8, 0x29EB, 0x4C92, 0x5533, 0x6CD1,   // 0x1EA0 (7840) pixels
0xBDD7, 0xB556, 0xCDF9, 0x9474, 0x8C95, 0x52EF, 0x4AAE, 0x4A6D, 0x5B10, 0xB5B6, 0xBD57, 0x8BD3, 0xBDF7, 0xBDF6, 0xB577, 0xDE59,   // 0x1EB0 (7856) pixels
0x9CB6, 0xAD56, 0xC5B7, 0xACF6, 0xB516, 0xCE16, 0xDE97, 0xBD95, 0x6BF3, 0x5AF1, 0x4A90, 0x4B10, 0x5CB1, 0x5D30, 0x5D30, 0x6532,   // 0x1EC0 (7872) pixels
0x53F2, 0x4968, 0x9969, 0xB9CC, 0x6929, 0x3108, 0x532E, 0x6511, 0x54F3, 0x4450, 0x3C10, 0x3BF0, 0x33AF, 0x3BD0, 0x3BF0, 0x4430,   // 0x1ED0 (7888) pixels
0x4C30, 0x5490, 0x64D0, 0x64EF, 0x64CE, 0x5CAE, 0x5CAF, 0x5CB0, 0x54AF, 0x4C8F, 0x4C6F, 0x4C4E, 0x54AF, 0x5CEF, 0x548F, 0x5CB1,   // 0x1EE0 (7904) pixels
0x6D6E, 0x6D4E, 0x6D30, 0x64B0, 0x4C0E, 0x3B8D, 0x43CE, 0x4C2F, 0x32ED, 0x228B, 0x11C9, 0x09C9, 0x226B, 0x330E, 0x3B4F, 0x4390,   // 0x1EF0 (7920) pixels
0x4C51, 0x43F0, 0x43B0, 0x43B0, 0x4BD1, 0x4411, 0x3C10, 0x33EF, 0x4430, 0x54B1, 0x5CF1, 0x6511, 0x442F, 0x336C, 0x4C4F, 0x64F1,   // 0x1F00 (7936) pixels
0x64F1, 0x64F0, 0x5CF1, 0x54B1, 0x4431, 0x3BB1, 0x3BB0, 0x4C52, 0x2BD1, 0x440F, 0x548E, 0x4C8E, 0x44D0, 0x3CF2, 0x5C6F, 0x830B,   // 0x1F10 (7952) pixels
0xC168, 0xC149, 0x8149, 0x3908, 0x2169, 0x53F1, 0x6CB3, 0x6B2D, 0xB4B4, 0x9C73, 0xAD57, 0x6370, 0x7C15, 0x4A6F, 0x4A8F, 0x426D,   // 0x1F20 (7968) pixels
0x6330, 0xB596, 0x9C94, 0x5A6E, 0x9CF5, 0x8432, 0x7BB2, 0xC5B9, 0x4A6F, 0x8433, 0xAD76, 0x9C95, 0xB536, 0xD636, 0xDEB7, 0xC5B6,   // 0x1F30 (7984) pixels
0x6BF2, 0x52D0, 0x4AB0, 0x4B30, 0x5CB2, 0x5511, 0x54F0, 0x5D12, 0x5330, 0x5128, 0xA129, 0xB98B, 0x70E9, 0x30A8, 0x3A4C, 0x6CF4,   // 0x1F40 (8000) pixels
0x4C91, 0x3C0F, 0x3C10, 0x3BF0, 0x3BD0, 0x3BD0, 0x3BEF, 0x4430, 0x3BCF, 0x5450, 0x64D1, 0x6CF0, 0x64CF, 0x5CAF, 0x5C8F, 0x5C90,   // 0x1F50 (8016) pixels
0x4C8F, 0x546F, 0x4C4F, 0x4C6F, 0x650F, 0x6530, 0x5CCF, 0x5CD0, 0x754E, 0x6D2E, 0x6D4F, 0x7551, 0x6511, 0x5490, 0x43EE, 0x2B4C,   // 0x1F60 (8032) pixels
0x224B, 0x19EA, 0x1189, 0x19EB, 0x224C, 0x1A6B, 0x230C, 0x4C91, 0x3B6E, 0x3BAF, 0x43D0, 0x4BD0, 0x43B0, 0x3BCF, 0x3C10, 0x4450,   // 0x1F70 (8048) pixels
0x4410, 0x5470, 0x54B0, 0x5490, 0x338E, 0x22EC, 0x3BAE, 0x5CB1, 0x6D12, 0x5490, 0x442E, 0x440F, 0x4432, 0x4412, 0x3BB0, 0x43F0,   // 0x1F80 (8064) pixels
0x3C30, 0x5CAF, 0x6D0E, 0x5CEE, 0x3CD1, 0x3CB2, 0x73CF, 0xB209, 0xB9C8, 0xB9AA, 0x798A, 0x3928, 0x30C8, 0x522C, 0x7ACE, 0x7929,   // 0x1F90 (8080) pixels
0x69EB, 0x626C, 0x5B0F, 0x29CC, 0x4A50, 0x316D, 0x3A0E, 0x3A2D, 0x6330, 0xB596, 0x83D2, 0x292A, 0x7C12, 0x52EE, 0x4A4E, 0xA496,   // 0x1FA0 (8096) pixels
0x192B, 0x6370, 0x9D16, 0x8C34, 0xB536, 0xD636, 0xDE97, 0xC595, 0x73B2, 0x5AF0, 0x52F1, 0x5351, 0x6452, 0x64D2, 0x5CD1, 0x64F3,   // 0x1FB0 (8112) pixels
0x424C, 0x6128, 0xB189, 0xB96A, 0x7909, 0x38C8, 0x31AB, 0x5C53, 0x54B2, 0x4C71, 0x4C51, 0x4411, 0x3BF0, 0x3BD0, 0x33AF, 0x3BAF,   // 0x1FC0 (8128) pixels
0x4C2F, 0x5CD1, 0x6D11, 0x6CF0, 0x64CF, 0x64F0, 0x64D0, 0x5CB0, 0x5470, 0x5470, 0x5470, 0x5CAF, 0x6D50, 0x6D4F, 0x64EF, 0x64F0,   // 0x1FD0 (8144) pixels
0x6CEE, 0x750F, 0x6D2F, 0x64EF, 0x4C4E, 0x338D, 0x22EC, 0x0A2A, 0x2A6C, 0x2A6C, 0x21EB, 0x220C, 0x224C, 0x22AC, 0x230B, 0x2BCC,   // 0x1FE0 (8160) pixels
0x3B0D, 0x3B0E, 0x3B0E, 0x3B4F, 0x436F, 0x43AF, 0x43EF, 0x440F, 0x4410, 0x4C50, 0x5491, 0x440F, 0x2B2D, 0x22CC, 0x2B2D, 0x4C10,   // 0x1FF0 (8176) pixels
0x64F2, 0x5CD1, 0x5490, 0x4C50, 0x4C52, 0x4412, 0x3BB0, 0x4C10, 0x448B, 0x856D, 0x9DCD, 0x7D0E, 0x5470, 0x4C72, 0x7B4E, 0xB968,   // 0x2000 (8192) pixels
0xB987, 0xB989, 0x7949, 0x4909, 0x40C9, 0x48E9, 0x614A, 0x78A8, 0x61CB, 0x8BB1, 0x8CB4, 0x8475, 0x6333, 0x4A10, 0x422F, 0x4AD0,   // 0x2010 (8208) pixels
0x630F, 0xB5B6, 0x83D3, 0x210B, 0x7414, 0x5B30, 0x4A4F, 0x9C56, 0x21AE, 0x5B71, 0xA557, 0x8C54, 0xB536, 0xCE16, 0xE6B7, 0xC596,   // 0x2020 (8224) pixels
0x7B92, 0x62F0, 0x5AD1, 0x426E, 0x4AAE, 0x4AED, 0x4B0E, 0x536F, 0x4169, 0x7168, 0xB9A9, 0xB968, 0x7928, 0x48E8, 0x3129, 0x5370,   // 0x2030 (8240) pixels
0x5CF3, 0x5492, 0x4C51, 0x3BD0, 0x33AF, 0x3BD0, 0x3BCF, 0x4410, 0x5CB0, 0x6511, 0x6D10, 0x5CAE, 0x64AE, 0x64EF, 0x64CF, 0x5CCF,   // 0x2040 (8256) pixels
0x5470, 0x4C50, 0x546F, 0x64F0, 0x6D4F, 0x650E, 0x5CCE, 0x64D0, 0x6CEF, 0x7530, 0x6D0F, 0x546D, 0x2B4A, 0x1A89, 0x22CC, 0x2AEE,   // 0x2050 (8272) pixels
0x224B, 0x222B, 0x19AB, 0x21CB, 0x21EB, 0x32AC, 0x334C, 0x3BED, 0x1188, 0x21EA, 0x2A6C, 0x3AEE, 0x4370, 0x4BD0, 0x4C10, 0x5431,   // 0x2060 (8288) pixels
0x4C51, 0x4C50, 0x5470, 0x3B8E, 0x22ED, 0x22CE, 0x22CC, 0x336E, 0x5491, 0x6512, 0x5D12, 0x4C70, 0x4431, 0x3BB0, 0x3B8F, 0x5C91,   // 0x2070 (8304) pixels
0x7D6A, 0xA60C, 0x9DAB, 0x74EB, 0x548E, 0x5450, 0x82EC, 0xC927, 0xC968, 0xC16A, 0x8129, 0x510A, 0x490B, 0x30C9, 0x418A, 0x724D,   // 0x2080 (8320) pixels
0x7B70, 0xAD35, 0xBDF6, 0xC638, 0x8C33, 0x6311, 0x4A4E, 0x52CF, 0x6B30, 0xBDB6, 0x83D3, 0x212B, 0x73D3, 0x5B30, 0x526F, 0x9455,   // 0x2090 (8336) pixels
0x29AE, 0x5B0F, 0x9D36, 0x8C33, 0xB556, 0xCE36, 0xE6D9, 0xC5D7, 0x7B92, 0x62D0, 0x5AB0, 0x398B, 0x3129, 0x3108, 0x2908, 0x2949,   // 0x20A0 (8352) pixels
0x4929, 0x7969, 0xB188, 0xA988, 0x7168, 0x48E8, 0x38E8, 0x4A4C, 0x4C91, 0x4430, 0x3BF0, 0x33AF, 0x3BB0, 0x3BD0, 0x4410, 0x5472,   // 0x20B0 (8368) pixels
0x4C6E, 0x5CAF, 0x5CAE, 0x5CAE, 0x64CF, 0x64CF, 0x5CAE, 0x5CAF, 0x5491, 0x5450, 0x5C90, 0x6D30, 0x6D4F, 0x64ED, 0x64CF, 0x64B0,   // 0x20C0 (8384) pixels
0x6CCE, 0x7550, 0x6D50, 0x6530, 0x4C4E, 0x334C, 0x3B2D, 0x32CD, 0x1A0A, 0x19EA, 0x1989, 0x21CB, 0x1168, 0x19E9, 0x2A6A, 0x436D,   // 0x20D0 (8400) pixels
0x2A8C, 0x3AEE, 0x432F, 0x3B4F, 0x3B50, 0x3B4F, 0x438F, 0x4BF0, 0x5470, 0x4C70, 0x4C2F, 0x338E, 0x2B0E, 0x22CE, 0x1AAC, 0x2B0C,   // 0x20E0 (8416) pixels
0x4C50, 0x54B0, 0x4C6F, 0x3BEE, 0x4C51, 0x43F0, 0x336D, 0x4C2F, 0xB60C, 0xAE0D, 0x752A, 0x4C6A, 0x444D, 0x4C0E, 0x7A6A, 0xC928,   // 0x20F0 (8432) pixels
0xA968, 0xB16A, 0x796B, 0x490A, 0x410B, 0x292A, 0x42EF, 0x8CF6, 0xA578, 0xB5B6, 0xCE36, 0xD656, 0xA4F4, 0x7BD2, 0x4A8F, 0x4A6E,   // 0x2100 (8448) pixels
0x7B70, 0xBDB6, 0x83D2, 0x294C, 0x6BB2, 0x530F, 0x4A4E, 0x9C55, 0x29AD, 0x5B0F, 0xA515, 0x8C12, 0xB556, 0xCE36, 0xE6B8, 0xC5B7,   // 0x2110 (8464) pixels
0x7BD3, 0x5AF0, 0x52F0, 0x39CC, 0x392A, 0x40EA, 0x38E9, 0x394A, 0x518C, 0x822D, 0x9A0A, 0x9A6B, 0x6A4C, 0x49AB, 0x396A, 0x39CA,   // 0x2120 (8480) pixels
0x4430, 0x4430, 0x4410, 0x3BCF, 0x3BD0, 0x3BD0, 0x3BCF, 0x4410, 0x440D, 0x546E, 0x5C8F, 0x5CAF, 0x64F0, 0x64D0, 0x5C6F, 0x5C8F,   // 0x2130 (8496) pixels
0x5C90, 0x5470, 0x5CB0, 0x6D50, 0x6D2E, 0x6D0E, 0x6D10, 0x5C6F, 0x5CAE, 0x5CAE, 0x54AE, 0x5D11, 0x54B1, 0x3B8E, 0x32CD, 0x19CA,   // 0x2140 (8512) pixels
0x19AA, 0x2A0B, 0x19A9, 0x21A9, 0x21CA, 0x42CD, 0x3AAC, 0x2A4A, 0x43B0, 0x43B0, 0x3B90, 0x3B70, 0x43B1, 0x43B0, 0x43B0, 0x4BD0,   // 0x2150 (8528) pixels
0x5470, 0x4C6F, 0x440F, 0x338E, 0x332F, 0x22CE, 0x22AC, 0x2AEC, 0x2B6C, 0x5490, 0x54D1, 0x4C90, 0x54B2, 0x4410, 0x336C, 0x546F,   // 0x2160 (8544) pixels
0x84A9, 0x852C, 0x540A, 0x3349, 0x334B, 0x436C, 0x6A49, 0xB169, 0x9269, 0x9A2B, 0x7A2D, 0x49AD, 0x494D, 0x294B, 0x32AE, 0x6433,   // 0x2170 (8560) pixels
0x4330, 0x73F0, 0xD657, 0xE677, 0xB555, 0x6B71, 0x4A6F, 0x5291, 0x7B50, 0xC596, 0x8C13, 0x420F, 0x7C54, 0x6370, 0x5A8F, 0xB4F6,   // 0x2180 (8576) pixels
0x422F, 0x6B90, 0xAD76, 0x8C11, 0xB555, 0xCE16, 0xE6B9, 0xC5D8, 0x7BF3, 0x4AEF, 0x4ACF, 0x318B, 0x38EA, 0x40EA, 0x410A, 0x51AD,   // 0x2190 (8592) pixels
0x62B1, 0x8B92, 0x92EE, 0x830E, 0x5B0F, 0x4AAF, 0x4A8F, 0x3A6D, 0x3C0F, 0x4C50, 0x4C51, 0x3BAF, 0x3BB0, 0x4411, 0x3BCF, 0x3BCF,   // 0x21A0 (8608) pixels
0x442E, 0x5CD1, 0x64D1, 0x5C6F, 0x5C90, 0x5C90, 0x5C70, 0x5C90, 0x546F, 0x544F, 0x5C8F, 0x6D2F, 0x650D, 0x6D2E, 0x6D10, 0x4BEE,   // 0x21B0 (8624) pixels
0x5C8F, 0x43ED, 0x230A, 0x230B, 0x22CC, 0x1A2B, 0x220D, 0x198B, 0x29EB, 0x426D, 0x322B, 0x326C, 0x324B, 0x42AD, 0x2A2B, 0x322B,   // 0x21C0 (8640) pixels
0x3B6F, 0x43B0, 0x3B4F, 0x3B8F, 0x43B0, 0x43B0, 0x43D1, 0x3B90, 0x4C31, 0x4C11, 0x3BAF, 0x332D, 0x2ACC, 0x2AAC, 0x2ACD, 0x32ED,   // 0x21D0 (8656) pixels
0x338D, 0x4C30, 0x64F2, 0x5CD0, 0x64CE, 0x7D4E, 0x852A, 0x8D49, 0x6C49, 0x538A, 0x32CA, 0x2B0A, 0x330A, 0x432C, 0x6BF0, 0x8491,   // 0x21E0 (8672) pixels
0x94F6, 0x7C74, 0x6BD2, 0x5290, 0x5A11, 0x41AE, 0x4AF0, 0x6CD4, 0x1B0D, 0x4B8F, 0xC5F8, 0xDE39, 0xB536, 0x7BB1, 0x4A4E, 0x5AB1,   // 0x21F0 (8688) pixels
0x6B90, 0xAD77, 0x9CD4, 0x9494, 0x9CF6, 0x8CB5, 0x9D15, 0xA535, 0x9CD6, 0xA4F6, 0x7BF3, 0x8454, 0xAD15, 0xDE16, 0xE657, 0xBDB5,   // 0x2200 (8704) pixels
0x83B3, 0x4B2E, 0x2B0C, 0x1A2A, 0x2929, 0x410B, 0x412A, 0x41EC, 0x6B91, 0x8433, 0xA536, 0x8C34, 0x6B11, 0x5AB2, 0x4250, 0x4AD1,   // 0x2210 (8720) pixels
0x4C6F, 0x4C70, 0x4410, 0x3BAF, 0x3BAF, 0x3BCF, 0x3BCE, 0x440E, 0x6CEF, 0x6D31, 0x4C0E, 0x4C4E, 0x5CF0, 0x5CEF, 0x64D0, 0x544F,   // 0x2220 (8736) pixels
0x4C6E, 0x64F0, 0x6D30, 0x6D2F, 0x6D2E, 0x6D50, 0x5490, 0x3BAE, 0x3BAD, 0x64D1, 0x5C4F, 0x2249, 0x220A, 0x19EB, 0x332F, 0x1A8B,   // 0x2230 (8752) pixels
0x316A, 0x422C, 0x29CA, 0x21A9, 0x320B, 0x2969, 0x318A, 0x2109, 0x3B6F, 0x4390, 0x3B6E, 0x43D0, 0x4BF1, 0x3B8F, 0x43B0, 0x43B0,   // 0x2240 (8768) pixels
0x4C11, 0x336E, 0x22CC, 0x22AC, 0x22AB, 0x1A6B, 0x226B, 0x2AAC, 0x22AC, 0x334E, 0x5451, 0x546E, 0x64CC, 0x8DEC, 0x9E4A, 0xA648,   // 0x2250 (8784) pixels
0x9DCA, 0x7D2A, 0x64AC, 0x544D, 0x3389, 0x3BA8, 0x648B, 0x646C, 0x94F2, 0xADB6, 0x8493, 0x526D, 0x51EE, 0x5A90, 0x63D2, 0x43EF,   // 0x2260 (8800) pixels
0x0ACB, 0x2ACB, 0xA576, 0xDE7A, 0xB535, 0x7390, 0x4A6E, 0x4A6F, 0x734F, 0xA4D5, 0x9432, 0x83D1, 0x7BB1, 0x7390, 0x7B90, 0x736E,   // 0x2270 (8816) pixels
0x6B4F, 0x7BF1, 0x73D1, 0x8C94, 0xAD35, 0xDE16, 0xDE37, 0xBD95, 0x7BB3, 0x4B4E, 0x334D, 0x226B, 0x2929, 0x40EA, 0x390A, 0x398A,   // 0x2280 (8832) pixels
0x9CD3, 0xC617, 0xD678, 0xAD35, 0x9453, 0x83F4, 0x52CF, 0x6350, 0x444E, 0x4C6F, 0x4410, 0x3BB0, 0x3B91, 0x3B90, 0x3BB0, 0x4C10,   // 0x2290 (8848) pixels
0x6D2E, 0x6D0F, 0x4C2D, 0x4C6E, 0x5CEF, 0x5CEF, 0x5CCF, 0x544E, 0x4C6E, 0x5CAF, 0x64EF, 0x6D0F, 0x6D2F, 0x650F, 0x4C6F, 0x33AE,   // 0x22A0 (8864) pixels
0x232C, 0x4C6F, 0x5CEF, 0x4C2D, 0x4BEE, 0x4B8F, 0x430F, 0x2A4C, 0x29EA, 0x52AE, 0x39CA, 0x21EA, 0x19A9, 0x1948, 0x1908, 0x1928,   // 0x22B0 (8880) pixels
0x3B8F, 0x438F, 0x3B8F, 0x5451, 0x5451, 0x3BAF, 0x43B0, 0x4411, 0x338E, 0x2B0D, 0x22EC, 0x2B0D, 0x2AED, 0x1A8B, 0x22AC, 0x332E,   // 0x22C0 (8896) pixels
0x226D, 0x1A8D, 0x43B0, 0x542F, 0x5C4D, 0x6D0C, 0x858A, 0x8DEA, 0x956A, 0x856B, 0x648B, 0x43EC, 0x3BCC, 0x2BA8, 0x2326, 0x1AA6,   // 0x22D0 (8912) pixels
0x632A, 0xBE56, 0xB5D6, 0x6B4F, 0x5A8F, 0x52AF, 0x53B0, 0x440E, 0x1B2D, 0x2ACB, 0x7431, 0xBDD7, 0xB577, 0x7BB1, 0x424D, 0x52B0,   // 0x22E0 (8928) pixels
0x7B4F, 0xB536, 0xB556, 0xB536, 0xAD16, 0xAD16, 0xB536, 0xB515, 0xACF4, 0xB556, 0xA515, 0xA557, 0xB555, 0xDE17, 0xE637, 0xBD75,   // 0x22F0 (8944) pixels
0x73F2, 0x434E, 0x2B6D, 0x228B, 0x2149, 0x38EA, 0x38EA, 0x3108, 0xAD54, 0xDE98, 0xE6F9, 0xCDF7, 0xA4D4, 0xA4D6, 0x632F, 0x6BD1,   // 0x2300 (8960) pixels
0x446E, 0x444F, 0x4410, 0x3B91, 0x3370, 0x3B8F, 0x4C0F, 0x5C90, 0x6D0D, 0x544C, 0x336A, 0x336C, 0x43EE, 0x4C4F, 0x5470, 0x544F,   // 0x2310 (8976) pixels
0x548F, 0x548F, 0x64CF, 0x6D0F, 0x650E, 0x548E, 0x3BCD, 0x2B4D, 0x1AEC, 0x3C0E, 0x550F, 0x5D2F, 0x546E, 0x53AF, 0x322B, 0x31AA,   // 0x2320 (8992) pixels
0x330C, 0x5AEE, 0x3969, 0x3AAC, 0x332E, 0x328C, 0x21A9, 0x220A, 0x3B6F, 0x3B8F, 0x43EF, 0x5C91, 0x5491, 0x43CE, 0x3BCF, 0x4411,   // 0x2330 (9008) pixels
0x3BCF, 0x3BD0, 0x3BD0, 0x3B8F, 0x2B0D, 0x22AC, 0x22CC, 0x330E, 0x33AD, 0x2B6C, 0x440F, 0x5470, 0x4C2E, 0x43EC, 0x4C2B, 0x5C8C,   // 0x2340 (9024) pixels
0x5BCB, 0x5BEC, 0x332B, 0x1A8B, 0x1AAB, 0x1A8A, 0x2ACC, 0x53D2, 0xBD76, 0xC618, 0xBDF9, 0x8C14, 0x6B11, 0x4AAF, 0x3B4D, 0x340D,   // 0x2350 (9040) pixels
0x1B6E, 0x126A, 0x328A, 0x8C93, 0xAD57, 0x7BD2, 0x422D, 0x4AB0, 0x732F, 0xAD16, 0xB597, 0xBD76, 0xCDD8, 0xB4F5, 0xBD56, 0xC5D8,   // 0x2360 (9056) pixels
0xD5F8, 0xD5F8, 0xBD76, 0xAD36, 0xACD4, 0xDDD6, 0xEE58, 0xCD97, 0x6C32, 0x3B8E, 0x2B6C, 0x22CB, 0x298A, 0x390A, 0x390A, 0x3109,   // 0x2370 (9072) pixels
0x8412, 0x9C93, 0xACF4, 0xA4B4, 0x62CE, 0x7372, 0x4AAE, 0x5B50, 0x4C6F, 0x3C0F, 0x3BD0, 0x3390, 0x336E, 0x4C0E, 0x6CEE, 0x756E,   // 0x2380 (9088) pixels
0x752F, 0x4C0C, 0x2B2B, 0x230C, 0x2B4D, 0x43EF, 0x5451, 0x5450, 0x4C6E, 0x548F, 0x6D0F, 0x7550, 0x6D2F, 0x548E, 0x3BCE, 0x336E,   // 0x2390 (9104) pixels
0x2B2E, 0x3BCF, 0x4C6F, 0x4C0E, 0x330B, 0x2A2A, 0x21A9, 0x31CA, 0x4470, 0x5AED, 0x3907, 0x42ED, 0x5452, 0x3B2E, 0x222A, 0x2ACC,   // 0x23A0 (9120) pixels
0x334E, 0x3BAE, 0x4C2F, 0x5C90, 0x5470, 0x43EE, 0x3BCF, 0x43D0, 0x43F0, 0x3BD0, 0x336E, 0x2B0D, 0x22CC, 0x22CC, 0x2ACD, 0x2ACD,   // 0x23B0 (9136) pixels
0x2B8D, 0x2BAD, 0x442F, 0x5470, 0x4C2F, 0x338D, 0x22EB, 0x22EB, 0x4B8B, 0x2268, 0x2AAA, 0x438B, 0x436B, 0x538F, 0x84B6, 0xAD9B,   // 0x23C0 (9152) pixels
0x9C56, 0x3149, 0x5A8F, 0x5AB1, 0x318D, 0x3A8F, 0x3BAE, 0x23EC, 0x236E, 0x1249, 0x32AB, 0x9515, 0xAD57, 0x7BB2, 0x4A8E, 0x428F,   // 0x23D0 (9168) pixels
0x7B70, 0xA536, 0xB597, 0xB575, 0xCDB7, 0x8B8F, 0x9C73, 0xC61A, 0xC5B6, 0xC5B6, 0xB576, 0xA536, 0xA4B3, 0xD5D6, 0xE658, 0xBD97,   // 0x23E0 (9184) pixels
0x5C51, 0x3BCE, 0x2BAD, 0x2B0C, 0x29EB, 0x312A, 0x30E9, 0x392A, 0x41ED, 0x524D, 0x6AEF, 0x6B30, 0x316A, 0x424F, 0x320D, 0x3AAF,   // 0x23F0 (9200) pixels
0x4C50, 0x3BAE, 0x338F, 0x33B0, 0x338E, 0x544E, 0x754F, 0x7D6D, 0x754E, 0x5C6C, 0x440D, 0x3BCD, 0x338E, 0x43CF, 0x4C2F, 0x5470,   // 0x2400 (9216) pixels
0x5490, 0x64F0, 0x6D50, 0x7550, 0x650F, 0x4C4E, 0x2B6C, 0x1AAB, 0x228C, 0x2A8C, 0x326B, 0x29EA, 0x29CB, 0x1149, 0x3AAC, 0x432C,   // 0x2410 (9232) pixels
0x44AF, 0x5B0D, 0x4948, 0x3A2B, 0x3BAF, 0x226B, 0x2A8B, 0x338E, 0x3B6E, 0x43EF, 0x5470, 0x5CB0, 0x548F, 0x4C4F, 0x4410, 0x3BCF,   // 0x2420 (9248) pixels
0x3B8F, 0x332E, 0x22ED, 0x22CC, 0x22AC, 0x226B, 0x1A6B, 0x226C, 0x1AD0, 0x1ACE, 0x2B2D, 0x43EE, 0x544E, 0x542D, 0x4BEC, 0x4C0D,   // 0x2430 (9264) pixels
0x6D4D, 0x43EA, 0x5C8C, 0x754C, 0x6468, 0x5BC9, 0x8470, 0xA534, 0x8BF5, 0x418B, 0x7352, 0x62D2, 0x296C, 0x3AAF, 0x43EF, 0x2C0C,   // 0x2440 (9280) pixels
0x232D, 0x1AAB, 0x2AAB, 0x8493, 0xAD37, 0x83B2, 0x4A4E, 0x426F, 0x62EF, 0x9CF6, 0xBDD8, 0xC596, 0xAC51, 0x59A8, 0x626C, 0x9D17,   // 0x2450 (9296) pixels
0xA514, 0xA4F4, 0x9493, 0x8C73, 0x9C93, 0xD617, 0xDE99, 0xB5B6, 0x43EF, 0x3BCD, 0x2BAC, 0x230C, 0x19EA, 0x2109, 0x28E9, 0x394A,   // 0x2460 (9312) pixels
0x62F0, 0x8413, 0x9474, 0x9C95, 0x6B30, 0x5B11, 0x3A6E, 0x42EF, 0x4C0F, 0x3BAE, 0x3BAF, 0x338F, 0x2B4E, 0x3BAE, 0x4C0E, 0x4BCC,   // 0x2470 (9328) pixels
0x4BEB, 0x43AB, 0x3BAC, 0x336D, 0x2B0D, 0x334E, 0x43EF, 0x5450, 0x5CB0, 0x64F0, 0x6D2F, 0x6D0F, 0x64CF, 0x4C2E, 0x2B2C, 0x126A,   // 0x2480 (9344) pixels
0x220B, 0x21CA, 0x2189, 0x216A, 0x3A4E, 0x222C, 0x4BCF, 0x3BCC, 0x3C4E, 0x5B0C, 0x5169, 0x2928, 0x2A8C, 0x1A4B, 0x332E, 0x2B6D,   // 0x2490 (9360) pixels
0x43AF, 0x4C2F, 0x5CB0, 0x5CAF, 0x548E, 0x548F, 0x4C50, 0x3BCF, 0x22CD, 0x22AC, 0x22CC, 0x2ACD, 0x2AAC, 0x224B, 0x226C, 0x2AAD,   // 0x24A0 (9376) pixels
0x126E, 0x1A8B, 0x3B6A, 0x6CEB, 0x8DAC, 0x95CB, 0x95CC, 0x95ED, 0x756E, 0x546B, 0x4C09, 0x5C8A, 0x6CCA, 0x6449, 0x5368, 0x5369,   // 0x24B0 (9392) pixels
0xAD35, 0xAD36, 0xB557, 0x7B92, 0x426E, 0x3AEE, 0x3BCE, 0x2BEB, 0x2B4E, 0x22EC, 0x1A49, 0x534E, 0xA4D6, 0x8BB3, 0x522E, 0x426F,   // 0x24C0 (9408) pixels
0x6AF0, 0x9C95, 0xB557, 0xCD35, 0x9B0D, 0x822B, 0x518A, 0x528F, 0x9C93, 0xA4B4, 0xA454, 0x9C34, 0xAC73, 0xEE18, 0xE699, 0xBDD7,   // 0x24D0 (9424) pixels
0x3BAE, 0x33AC, 0x2B8B, 0x1AEB, 0x19EA, 0x218B, 0x41EC, 0x49EC, 0xA494, 0xC597, 0xC5B6, 0xBD76, 0x9C54, 0x6B51, 0x4ACE, 0x530F,   // 0x24E0 (9440) pixels
0x432E, 0x438F, 0x3BAF, 0x338E, 0x338E, 0x33AE, 0x336D, 0x332C, 0x332B, 0x332B, 0x2B0B, 0x22EB, 0x1ACC, 0x2B0E, 0x43B0, 0x4C30,   // 0x24F0 (9456) pixels
0x4C2E, 0x548E, 0x64CE, 0x64EE, 0x5CAF, 0x4C4F, 0x3BAF, 0x2B4E, 0x32AD, 0x2A8C, 0x2AAB, 0x3B2D, 0x4BD0, 0x43AF, 0x4C0E, 0x3BCB,   // 0x2500 (9472) pixels
0x4C2E, 0x52EC, 0x4148, 0x3108, 0x31EB, 0x2A4C, 0x332E, 0x12CB, 0x3BAF, 0x440F, 0x548F, 0x548E, 0x4C4D, 0x4C6E, 0x440F, 0x338E,   // 0x2510 (9488) pixels
0x332E, 0x330E, 0x330E, 0x32ED, 0x226C, 0x1A2B, 0x224B, 0x32AD, 0x228C, 0x3B2B, 0x6C6B, 0x95AB, 0x9DC9, 0x9DA8, 0x9D89, 0x8D08,   // 0x2520 (9504) pixels
0x540D, 0x3B8A, 0x332A, 0x330C, 0x43AD, 0x540B, 0x3B69, 0x330A, 0x7BEB, 0xC635, 0xCE57, 0x94B3, 0x6370, 0x3B0D, 0x440E, 0x23EB,   // 0x2530 (9520) pixels
0x230C, 0x1AAB, 0x1A6A, 0x428C, 0x6B10, 0x5A0D, 0x396B, 0x31AC, 0x49AC, 0x5A4D, 0x624C, 0x9B2E, 0x9A2A, 0xECB5, 0x828E, 0x290A,   // 0x2540 (9536) pixels
0x4948, 0x6A0B, 0x828E, 0x7A6E, 0x824C, 0xB38F, 0xABEF, 0x838E, 0x43EE, 0x33AC, 0x236B, 0x1ACA, 0x1A2A, 0x3A8E, 0x6331, 0x62D0,   // 0x2550 (9552) pixels
0xD5D6, 0xE657, 0xE657, 0xE659, 0xBD16, 0x7B71, 0x62F0, 0x5AEF, 0x2A2C, 0x432F, 0x3B8F, 0x33AD, 0x444E, 0x4C6E, 0x442D, 0x544E,   // 0x2560 (9568) pixels
0x542F, 0x540E, 0x3BAC, 0x336C, 0x336D, 0x3BAF, 0x4C0F, 0x4C0E, 0x4C4F, 0x5CAF, 0x64EE, 0x5CAD, 0x43EC, 0x2B2C, 0x22EC, 0x22EC,   // 0x2570 (9584) pixels
0x226D, 0x1A8B, 0x2B8C, 0x4C8F, 0x4CD0, 0x54D1, 0x4C4E, 0x544E, 0x5C4F, 0x52EC, 0x4169, 0x51AB, 0x39AC, 0x2A2C, 0x2B2E, 0x1B0C,   // 0x2580 (9600) pixels
0x22EB, 0x4C2F, 0x5CB0, 0x548F, 0x4C6E, 0x446E, 0x3C4F, 0x33EE, 0x334E, 0x334E, 0x332E, 0x32ED, 0x228C, 0x224B, 0x1A6B, 0x228B,   // 0x2590 (9616) pixels
0x1AEB, 0x2B2C, 0x4C4E, 0x4C0C, 0x5C4C, 0x648D, 0x5C4B, 0x43A9, 0x22AB, 0x2B09, 0x2B27, 0x1A68, 0x1A8D, 0x2AEF, 0x230C, 0x2369,   // 0x25A0 (9632) pixels
0x2B08, 0x6C4F, 0x8CD4, 0x6BF4, 0x4B51, 0x3B8E, 0x33AC, 0x2BAC, 0x1AEC, 0x1A8B, 0x1A2B, 0x326D, 0x3A0C, 0x312A, 0x390A, 0x40EB,   // 0x25B0 (9648) pixels
0x494A, 0x7168, 0x9967, 0xA20C, 0xC455, 0x93F1, 0xACB5, 0x49AC, 0x4108, 0x40C7, 0x7149, 0x9949, 0xB109, 0xA0E7, 0x81E9, 0x6AEB,   // 0x25C0 (9664) pixels
0x2C2F, 0x2B8D, 0x2B2D, 0x22AC, 0x1209, 0x3AAC, 0x73B1, 0x7B91, 0x6BF3, 0x7413, 0x6BB1, 0x6330, 0x5B31, 0x5291, 0x422E, 0x4A2E,   // 0x25D0 (9680) pixels
0x390B, 0x4A8E, 0x4BEE, 0x550E, 0x6DAE, 0x758C, 0x7D8C, 0x858C, 0x6D4D, 0x43EA, 0x3B8A, 0x4C0E, 0x43CC, 0x3BAB, 0x4C0D, 0x43CD,   // 0x25E0 (9696) pixels
0x542F, 0x64EF, 0x6D4F, 0x4C6D, 0x338C, 0x3BAD, 0x3B4E, 0x228C, 0x220B, 0x2A6C, 0x32EE, 0x3B8F, 0x5471, 0x54B1, 0x444E, 0x548F,   // 0x25F0 (9712) pixels
0x54AF, 0x5A0A, 0x5929, 0x31EA, 0x332D, 0x19A8, 0x42AB, 0x332B, 0x32ED, 0x438F, 0x5410, 0x4C0F, 0x4C4F, 0x4C70, 0x3BCF, 0x2B4D,   // 0x2600 (9728) pixels
0x2B4E, 0x2B2E, 0x332E, 0x2AED, 0x228C, 0x1A6B, 0x1A6B, 0x1A6B, 0x1A6D, 0x1A8D, 0x1A4B, 0x2ACB, 0x3B6C, 0x3B6A, 0x542C, 0x3BA9,   // 0x2610 (9744) pixels
0x4BCB, 0x750E, 0x750D, 0x4369, 0x222B, 0x1A0D, 0x1A4B, 0x22A9, 0x4B4C, 0x7430, 0x6B90, 0x3A2D, 0x3ACF, 0x43F0, 0x3BED, 0x2BAC,   // 0x2620 (9760) pixels
0x234D, 0x1AAB, 0x1A6B, 0x2A4C, 0x31CB, 0x312A, 0x412B, 0x514C, 0x69CA, 0x8947, 0xB1EA, 0xA2F0, 0x7351, 0x39EA, 0x7350, 0x9436,   // 0x2630 (9776) pixels
0x48E8, 0x38C7, 0x5969, 0x896A, 0xB14A, 0xA129, 0x7A29, 0x5B6B, 0x2BED, 0x234C, 0x22EC, 0x22AC, 0x11E9, 0x2A4B, 0x73D2, 0x9475,   // 0x2640 (9792) pixels
0x6BB2, 0x6B90, 0x6B6F, 0x630E, 0x5B11, 0x320D, 0x31ED, 0x298A, 0x30C9, 0x422C, 0x438E, 0x444D, 0x4C8C, 0x64ED, 0x6CED, 0x6CAC,   // 0x2650 (9808) pixels
0x64CF, 0x4C0D, 0x2B0B, 0x2AEC, 0x334D, 0x334C, 0x2B0C, 0x2AEC, 0x3B8C, 0x4C4C, 0x5CED, 0x5CAF, 0x440E, 0x3B8D, 0x2B0C, 0x1A4B,   // 0x2660 (9824) pixels
0x2A6D, 0x226C, 0x228B, 0x1AAB, 0x2B4C, 0x4C4F, 0x546F, 0x544E, 0x43AD, 0x520A, 0x598A, 0x3A4C, 0x3B6F, 0x2A0A, 0x3A2A, 0x1A48,   // 0x2670 (9840) pixels
0x0969, 0x11AA, 0x224B, 0x226A, 0x3B2C, 0x5410, 0x43AF, 0x2AED, 0x2B4E, 0x2B2D, 0x2B0D, 0x2AED, 0x22AC, 0x2ACC, 0x2B0D, 0x2B0E,   // 0x2680 (9856) pixels
0x432B, 0x5C2D, 0x4BAA, 0x4BA8, 0x648A, 0x752C, 0x85CF, 0x5CCB, 0x536A, 0x74CC, 0x7CEB, 0x642A, 0x4B2B, 0x326A, 0x2AA9, 0x43AA,   // 0x2690 (9872) pixels
0x536C, 0x9512, 0xB5D7, 0x73F2, 0x3AED, 0x43EE, 0x444E, 0x236B, 0x2B4D, 0x1AAB, 0x1A4A, 0x220A, 0x2989, 0x3129, 0x410A, 0x512B,   // 0x26A0 (9888) pixels
0x7147, 0xA1A8, 0xBACE, 0x93F4, 0x21CD, 0x29AB, 0x4A2C, 0x94F8, 0x728F, 0x3928, 0x3908, 0x58E8, 0x892A, 0x89CB, 0x62AB, 0x436B,   // 0x26B0 (9904) pixels
0x340D, 0x234C, 0x2B0C, 0x330D, 0x1A0A, 0x19C9, 0x428E, 0x62F0, 0x9494, 0xB557, 0xCDD8, 0xC5D9, 0xAD99, 0x4B30, 0x430F, 0x2A4C,   // 0x26C0 (9920) pixels
0x38C9, 0x318B, 0x432F, 0x3BB0, 0x336D, 0x43AE, 0x4BAE, 0x436C, 0x3B8D, 0x332C, 0x22AB, 0x1A4A, 0x22AC, 0x2ACD, 0x22AD, 0x2ACE,   // 0x26D0 (9936) pixels
0x43CD, 0x544C, 0x5CCD, 0x548F, 0x3BCE, 0x2B2C, 0x2B0C, 0x2AED, 0x228D, 0x1A6C, 0x1AAB, 0x1AA9, 0x22EA, 0x4C0E, 0x5C90, 0x540F,   // 0x26E0 (9952) pixels
0x2249, 0x3968, 0x3928, 0x220B, 0x3B2E, 0x3A4C, 0x3A2B, 0x1A49, 0x19EB, 0x19EA, 0x224B, 0x1208, 0x22AA, 0x4C0F, 0x4BF0, 0x3B6E,   // 0x26F0 (9968) pixels
0x230D, 0x22ED, 0x2AED, 0x2ACD, 0x228C, 0x22AC, 0x2B0E, 0x332E, 0x7CAA, 0x958C, 0x9E0B, 0x9E09, 0x9E2B, 0x85AB, 0x5C6A, 0x3B89,   // 0x2700 (9984) pixels
0x6449, 0x8DCD, 0x85AA, 0x6C88, 0x53C9, 0x3B2A, 0x3B6B, 0x43EB, 0x6C4D, 0x744C, 0x744D, 0x53AC, 0x4C0E, 0x3C2D, 0x2BAC, 0x2B8D,   // 0x2710 (10000) pixels
0x33AE, 0x230C, 0x22AB, 0x220A, 0x31CA, 0x41AB, 0x494B, 0x598C, 0x89AA, 0x924A, 0xBCD4, 0x5B51, 0x21AD, 0x5A70, 0x4A0D, 0x4310,   // 0x2720 (10016) pixels
0xA4F7, 0x520C, 0x496A, 0x48E9, 0x5129, 0x624B, 0x534D, 0x3BCC, 0x2BEC, 0x2B4B, 0x330C, 0x3B4E, 0x228C, 0x11CA, 0x21AA, 0x296A,   // 0x2730 (10032) pixels
0x734F, 0xBD36, 0xD5D8, 0xD619, 0x9D56, 0x32CC, 0x2ACC, 0x2AAC, 0x496C, 0x39AC, 0x42F0, 0x3B91, 0x22CE, 0x228B, 0x2ACC, 0x3B2C,   // 0x2740 (10048) pixels
0x334C, 0x2AEB, 0x3B6D, 0x332C, 0x1A6A, 0x1A6A, 0x2AED, 0x3B4F, 0x5C90, 0x64CF, 0x64EE, 0x4C6E, 0x3B8D, 0x334D, 0x332D, 0x32EE,   // 0x2750 (10064) pixels
0x228C, 0x22CC, 0x336D, 0x43EE, 0x542F, 0x544F, 0x4BAE, 0x32CB, 0x32CB, 0x420A, 0x3189, 0x220A, 0x228C, 0x31AB, 0x2969, 0x1188,   // 0x2760 (10080) pixels
0x334F, 0x3B8F, 0x5430, 0x43EE, 0x3BCD, 0x4C4F, 0x440F, 0x33AD, 0x232D, 0x2B2E, 0x332E, 0x2AED, 0x228C, 0x1A6B, 0x22AC, 0x22CC,   // 0x2770 (10096) pixels
0x4B68, 0x74AB, 0x8D8C, 0x7D0A, 0x6C89, 0x53EA, 0x2AEA, 0x2ACD, 0x3B68, 0x6D0C, 0x7D6C, 0x6CEB, 0x542B, 0x3B6A, 0x336A, 0x33AA,   // 0x2780 (10112) pixels
0x4349, 0x4368, 0x4368, 0x2B28, 0x3C0C, 0x3C4D, 0x2BAC, 0x1ACB, 0x2B6D, 0x2B4D, 0x2ACC, 0x220A, 0x29EB, 0x41EC, 0x49AC, 0x5A0D,   // 0x2790 (10128) pixels
0xABF5, 0x9BF1, 0xB5D6, 0x530F, 0x20C9, 0x72F1, 0x49ED, 0x422F, 0xAD58, 0x5AAE, 0x522D, 0x416B, 0x3109, 0x31EA, 0x3B6D, 0x3C2E,   // 0x27A0 (10144) pixels
0x2BAC, 0x2B2B, 0x2AEC, 0x3B4E, 0x2AEE, 0x1A2B, 0x21CB, 0x298A, 0x5AAD, 0xB4F5, 0xCD96, 0xCE38, 0x74B2, 0x2AEC, 0x22AC, 0x32ED,   // 0x27B0 (10160) pixels
0x498C, 0x422D, 0x430E, 0x43AF, 0x334C, 0x332A, 0x4C0D, 0x64CF, 0x4C2D, 0x43AC, 0x546E, 0x546F, 0x334B, 0x2AEA, 0x3B8D, 0x5450,   // 0x27C0 (10176) pixels
0x64B0, 0x5C8E, 0x4C4C, 0x3BAC, 0x334D, 0x334D, 0x2B0D, 0x1A4B, 0x1A6C, 0x22AC, 0x22CB, 0x43CD, 0x64B1, 0x542F, 0x3B0C, 0x2A8B,   // 0x27D0 (10192) pixels
0x436C, 0x426A, 0x29A8, 0x19E9, 0x0989, 0x1909, 0x2109, 0x1149, 0x33AE, 0x3BEE, 0x4C90, 0x4C6E, 0x3C0D, 0x3C0E, 0x3BEE, 0x3BEE,   // 0x27E0 (10208) pixels
0x336F, 0x332E, 0x330E, 0x2AAC, 0x1A2B, 0x1A2B, 0x228C, 0x22AC, 0x22A9, 0x5C2E, 0x5C2E, 0x53CC, 0x436B, 0x3B2B, 0x2AEA, 0x226A,   // 0x27F0 (10224) pixels
0x226B, 0x330B, 0x434A, 0x4BAA, 0x43AB, 0x330A, 0x22C8, 0x2309, 0x3AEB, 0x3B2B, 0x4B8C, 0x3B8C, 0x3C0E, 0x2BEC, 0x2B8C, 0x1A8B,   // 0x2800 (10240) pixels
0x22EC, 0x334D, 0x2AED, 0x222B, 0x21CA, 0x29AA, 0x314A, 0x396B, 0x39ED, 0x5AED, 0xCE38, 0x5ACE, 0x398B, 0x7310, 0x626E, 0x51CE,   // 0x2810 (10256) pixels
0xACF6, 0x52AE, 0x3A0C, 0x298B, 0x294A, 0x320B, 0x336C, 0x2C4D, 0x3BCD, 0x2AEB, 0x228A, 0x330D, 0x330E, 0x1A6C, 0x220B, 0x21CA,   // 0x2820 (10272) pixels
0x62EE, 0xACD5, 0xD5D7, 0xBDF7, 0x4BAE, 0x1B0C, 0x1A8B, 0x2A8C, 0x49EB, 0x5B8F, 0x6490, 0x5CEF, 0x54AC, 0x5C8B, 0x64EC, 0x64CC,   // 0x2830 (10288) pixels
0x4C0C, 0x43EB, 0x43CB, 0x43CB, 0x3BAC, 0x334B, 0x334A, 0x4C0D, 0x5C6F, 0x4C2C, 0x3BEB, 0x336C, 0x2B0D, 0x2B0D, 0x2AEC, 0x1A6B,   // 0x2840 (10304) pixels
0x1A2A, 0x1A6B, 0x1249, 0x332C, 0x5430, 0x4BAF, 0x3AEC, 0x432E, 0x53EF, 0x4AAC, 0x39C9, 0x21E9, 0x0988, 0x1149, 0x194A, 0x118A,   // 0x2850 (10320) pixels
0x2B6C, 0x3BEE, 0x4C4F, 0x442E, 0x440D, 0x3BEE, 0x33AE, 0x338E, 0x2B0E, 0x2AAD, 0x226C, 0x222B, 0x1A0A, 0x1A0B, 0x224B, 0x224B,   // 0x2860 (10336) pixels
0x228A, 0x32EB, 0x2A8A, 0x538D, 0x7CB1, 0xA5D5, 0xCF5A, 0xEFFD, 0xEFDF, 0xF7FF, 0xEFFE, 0xDF5C, 0xCEBB, 0xADF9, 0x7C73, 0x4B4F,   // 0x2870 (10352) pixels
0x31EB, 0x84B3, 0x8D55, 0x4BCF, 0x33AE, 0x1B2A, 0x230B, 0x22AC, 0x124A, 0x22AC, 0x22AC, 0x1A4B, 0x220B, 0x322C, 0x3A2D, 0x39EC,   // 0x2880 (10368) pixels
0x428F, 0x9CB4, 0xE6BB, 0x6B50, 0x1908, 0x7330, 0x5A2D, 0x51AD, 0xB577, 0x5AEE, 0x31EC, 0x29CC, 0x3A2E, 0x42CE, 0x3BAD, 0x23EB,   // 0x2890 (10384) pixels
0x2B4C, 0x22AB, 0x1A4A, 0x22AC, 0x2AED, 0x1A6C, 0x1A0A, 0x21CA, 0x5AEF, 0x9453, 0xCDD7, 0x9D54, 0x2B4C, 0x1B6E, 0x1A6C, 0x21EB,   // 0x28A0 (10400) pixels
0x3A0B, 0x53AF, 0x6D10, 0x654E, 0x652D, 0x6D0D, 0x5C8D, 0x43CB, 0x43EC, 0x4C2D, 0x336B, 0x2B0A, 0x3B6D, 0x334C, 0x2B2B, 0x3B8B,   // 0x28B0 (10416) pixels
0x4BED, 0x4C2C, 0x4C6D, 0x43EE, 0x334E, 0x2B0D, 0x2AED, 0x22AC, 0x2AAC, 0x32ED, 0x22AB, 0x2AEC, 0x332E, 0x32ED, 0x3B0D, 0x4B90,   // 0x28C0 (10432) pixels
0x328B, 0x39C9, 0x4169, 0x3A2B, 0x32CC, 0x332E, 0x330E, 0x330E, 0x3B8D, 0x5450, 0x546F, 0x440E, 0x4C2F, 0x4C30, 0x43B0, 0x2B0E,   // 0x28D0 (10448) pixels
0x2AAD, 0x226C, 0x224B, 0x2A4C, 0x2A6C, 0x2A6C, 0x224B, 0x19EA, 0x434F, 0x8D57, 0xD73D, 0xF7FF, 0xFFFF, 0xFFFF, 0xFFDF, 0xFFDF,   // 0x28E0 (10464) pixels
0xFFDF, 0xFFBF, 0xFFDF, 0xFFDF, 0xFFDF, 0xFFFF, 0xFFFF, 0xFFFF, 0xEF3F, 0xE71D, 0x9514, 0x3B0C, 0x338D, 0x33AD, 0x43CF, 0x2AAC,   // 0x28F0 (10480) pixels
0x2AED, 0x22AC, 0x1A4B, 0x120A, 0x19EA, 0x328E, 0x4AF0, 0x3A2D, 0x7391, 0xD598, 0xE69B, 0x5B50, 0x08E9, 0x7B11, 0x59EC, 0x39EB,   // 0x2900 (10496) pixels
0xADB7, 0x630E, 0x4A2D, 0x4A4F, 0x3AAF, 0x332E, 0x3BAD, 0x2349, 0x22CB, 0x2ACC, 0x2A8C, 0x228C, 0x1A6B, 0x122A, 0x1A2A, 0x21E9,   // 0x2910 (10512) pixels
0x6BB2, 0x8C12, 0xAD35, 0x5BAE, 0x12A9, 0x1B8E, 0x228D, 0x29CC, 0x322D, 0x3AED, 0x442D, 0x448C, 0x4C6B, 0x544D, 0x43AD, 0x330C,   // 0x2920 (10528) pixels
0x334C, 0x43CE, 0x2AEB, 0x124A, 0x228C, 0x2ACD, 0x2B0C, 0x2B0A, 0x3B8B, 0x4C0C, 0x4C4D, 0x43EE, 0x2B2D, 0x22CC, 0x1A8B, 0x122A,   // 0x2930 (10544) pixels
0x222A, 0x2A8C, 0x2A8C, 0x2AAC, 0x228C, 0x226B, 0x2A8C, 0x226B, 0x19AA, 0x3929, 0x40E9, 0x39CA, 0x332D, 0x33EF, 0x338E, 0x336E,   // 0x2940 (10560) pixels
0x548D, 0x4C6D, 0x444D, 0x446E, 0x442D, 0x442E, 0x4C4E, 0x336B, 0x22AD, 0x1A6B, 0x226B, 0x226B, 0x2A6C, 0x328C, 0x7432, 0xCEBA,   // 0x2950 (10576) pixels
0xFFDF, 0xFFFF, 0xFFFE, 0xEFFB, 0xBFF7, 0x87F2, 0x57CE, 0x37CB, 0x1F89, 0x27AA, 0x27AA, 0x37AC, 0x57AE, 0x87D3, 0xB7F8, 0xD7FB,   // 0x2960 (10592) pixels
0xFFDE, 0xFFDF, 0xFFFF, 0xBE79, 0x5C6F, 0x3C2E, 0x33EF, 0x22AD, 0x232B, 0x438D, 0x2A4A, 0x220A, 0x1A2B, 0x120C, 0x3AF0, 0x320E,   // 0x2970 (10608) pixels
0x730F, 0xBD97, 0xDE9A, 0x83AF, 0x5A8D, 0x8BF3, 0x83D1, 0x7B8E, 0xAD78, 0x6371, 0x3A0D, 0x424E, 0x3A8E, 0x336E, 0x2B8C, 0x336B,   // 0x2980 (10624) pixels
0x33CD, 0x33CD, 0x232B, 0x22EB, 0x2B2D, 0x124B, 0x120B, 0x1A6C, 0x42AE, 0x73F3, 0x8495, 0x328C, 0x1AAB, 0x236D, 0x1A8B, 0x222A,   // 0x2990 (10640) pixels
0x220D, 0x32EE, 0x3B8E, 0x442E, 0x442D, 0x2B4B, 0x228A, 0x1A4B, 0x540C, 0x438A, 0x2AA8, 0x434C, 0x3B2D, 0x1A2A, 0x228C, 0x2AAE,   // 0x29A0 (10656) pixels
0x2AEC, 0x3B8F, 0x3B8E, 0x230C, 0x22CB, 0x2B0C, 0x2AEC, 0x226B, 0x220C, 0x224C, 0x2A8D, 0x32CD, 0x32AC, 0x226B, 0x1A2A, 0x1A2A,   // 0x29B0 (10672) pixels
0x2AED, 0x41EA, 0x4128, 0x39EA, 0x330E, 0x22CE, 0x224C, 0x32ED, 0x4C2F, 0x4C50, 0x442F, 0x3BEE, 0x33CE, 0x440F, 0x5450, 0x43CD,   // 0x29C0 (10688) pixels
0x332C, 0x22CC, 0x1A8D, 0x2B0E, 0x32AC, 0x9575, 0xF7FF, 0xFFDF, 0xF7FD, 0xC7FA, 0x77B4, 0x378F, 0x1F8C, 0x1F8A, 0x2F49, 0x3F29,   // 0x29D0 (10704) pixels
0x2F69, 0x2F89, 0x27A9, 0x1FAA, 0x1F8A, 0x276B, 0x374D, 0x3F4E, 0x7FD3, 0xC7F9, 0xF7FD, 0xFFFF, 0xF7FF, 0xA5D7, 0x434E, 0x12AB,   // 0x29E0 (10720) pixels
0x1AEA, 0x3B8E, 0x332D, 0x122A, 0x1A4B, 0x224C, 0x21EC, 0x320D, 0x62F0, 0xB578, 0xAD56, 0x9494, 0x8C35, 0x9C97, 0x9CB6, 0x9CB4,   // 0x29F0 (10736) pixels
0x8C74, 0x6331, 0x422E, 0x4A6F, 0x324D, 0x2B0D, 0x3C0E, 0x440E, 0x33CD, 0x338D, 0x230B, 0x22EB, 0x334D, 0x1A8C, 0x124B, 0x1A6C,   // 0x2A00 (10752) pixels
0x324C, 0x6391, 0x6BB2, 0x220A, 0x1A8B, 0x234D, 0x1A8B, 0x222A, 0x1189, 0x224B, 0x22CC, 0x22EC, 0x1ACB, 0x230B, 0x43CE, 0x542F,   // 0x2A10 (10768) pixels
0x64CE, 0x5C6D, 0x4C0C, 0x544E, 0x43EE, 0x2AEC, 0x228B, 0x124A, 0x22CB, 0x2AEC, 0x22EB, 0x1ACB, 0x334D, 0x3B8E, 0x2AED, 0x1A2A,   // 0x2A20 (10784) pixels
0x2A4C, 0x224C, 0x226C, 0x228B, 0x1A4A, 0x226B, 0x32ED, 0x330E, 0x2A6B, 0x51AA, 0x5128, 0x39EA, 0x2B4F, 0x2B2F, 0x2A2C, 0x31CA,   // 0x2A30 (10800) pixels
0x43CF, 0x3B8E, 0x3BCF, 0x4410, 0x43F0, 0x338E, 0x334D, 0x3B8D, 0x336D, 0x230D, 0x2B4F, 0x4370, 0xCEBC, 0xFFFF, 0xEFFC, 0xDFFC,   // 0x2A40 (10816) pixels
0x57AF, 0x476D, 0x274B, 0x0F69, 0x0FC9, 0x0FE9, 0x17C8, 0x1787, 0x2769, 0x2789, 0x27A8, 0x1FC8, 0x17A8, 0x1788, 0x1788, 0x1769,   // 0x2A50 (10832) pixels
0x2F8A, 0x2F2A, 0x6FB2, 0xCFFA, 0xFFBD, 0xFFBF, 0xCEFC, 0x3B6E, 0x128A, 0x2B4D, 0x232D, 0x1ACC, 0x122B, 0x2A6C, 0x4ACF, 0x528E,   // 0x2A60 (10848) pixels
0x6B30, 0x9494, 0x9492, 0x8C52, 0x8C54, 0x7B92, 0x7BB1, 0x8410, 0x7BB1, 0x6330, 0x5A8F, 0x7352, 0x4B0F, 0x2B4C, 0x3C4F, 0x3BED,   // 0x2A70 (10864) pixels
0x3B8E, 0x2B2C, 0x22AB, 0x1A8B, 0x334E, 0x2B0D, 0x1A6B, 0x124A, 0x3A6C, 0x6391, 0x52EF, 0x19C9, 0x1A6B, 0x230D, 0x22AC, 0x222A,   // 0x2A80 (10880) pixels
0x2249, 0x330C, 0x43CE, 0x440E, 0x3BED, 0x4C4D, 0x64CF, 0x5C8E, 0x442B, 0x43EB, 0x4C4D, 0x4C4D, 0x33AC, 0x2B2B, 0x230B, 0x2B2C,   // 0x2A90 (10896) pixels
0x334C, 0x43AD, 0x43CE, 0x3BAE, 0x3B8E, 0x332D, 0x228C, 0x1A4B, 0x1A0B, 0x1A0B, 0x1A6B, 0x1A8B, 0x1A8B, 0x2ACC, 0x3B0E, 0x32AD,   // 0x2AA0 (10912) pixels
0x2A4B, 0x61EB, 0x694A, 0x41AA, 0x22ED, 0x230E, 0x21EB, 0x2908, 0x3B8B, 0x43CD, 0x4C0F, 0x43EF, 0x3BEF, 0x3BCF, 0x338D, 0x2B0B,   // 0x2AB0 (10928) pixels
0x2B0D, 0x2B0C, 0x5C11, 0xF7BF, 0xFFDF, 0xF7FD, 0xA7F6, 0x470B, 0x1788, 0x1F88, 0x2789, 0x27A9, 0x27A9, 0x1FC9, 0x17C8, 0x0FA8,   // 0x2AC0 (10944) pixels
0x1FC9, 0x1FA9, 0x1FA8, 0x1F88, 0x2788, 0x2788, 0x2FA8, 0x2FA8, 0x1788, 0x27EA, 0x1F69, 0x3F6D, 0xA7F6, 0xFFFD, 0xFFFF, 0xE7BF,   // 0x2AD0 (10960) pixels
0x6C52, 0x1A4A, 0x230D, 0x128B, 0x1A4B, 0x3A8C, 0x9495, 0x9CD5, 0xAD14, 0xC5B6, 0xDE98, 0xD637, 0xD638, 0xBD76, 0xC5D7, 0xD637,   // 0x2AE0 (10976) pixels
0xC618, 0xA4D5, 0x9435, 0x9C95, 0x63CF, 0x33AB, 0x3C4D, 0x33EC, 0x3B2E, 0x228B, 0x1A2A, 0x1A4A, 0x330D, 0x334E, 0x1A8A, 0x0A29,   // 0x2AF0 (10992) pixels
0x42CE, 0x6BD2, 0x428E, 0x21AA, 0x224B, 0x228C, 0x228B, 0x1A09, 0x32CC, 0x4BCE, 0x6D10, 0x758F, 0x652D, 0x5CED, 0x5CAD, 0x3BAB,   // 0x2B00 (11008) pixels
0x338B, 0x338B, 0x4C4E, 0x4C0E, 0x334B, 0x2AEA, 0x2B0B, 0x43AE, 0x3B6C, 0x4BEE, 0x4C2F, 0x43CE, 0x2B0B, 0x1A8A, 0x226B, 0x228C,   // 0x2B10 (11024) pixels
0x222B, 0x1A4B, 0x1A8B, 0x1AAC, 0x22EC, 0x332E, 0x32CD, 0x222B, 0x1A4A, 0x59EB, 0x6949, 0x4169, 0x2A6C, 0x2AEE, 0x32AD, 0x326C,   // 0x2B20 (11040) pixels
0x64AC, 0x64CD, 0x546C, 0x3BCB, 0x33AC, 0x440E, 0x4C50, 0x3BEE, 0x2AAD, 0x7433, 0xFFBF, 0xFFDF, 0xE7FD, 0x8753, 0x2F2B, 0x17A7,   // 0x2B30 (11056) pixels
0x27A8, 0x27A8, 0x27A8, 0x2788, 0x2768, 0x2769, 0x2F8A, 0x37AA, 0x1FA9, 0x1FA9, 0x1F89, 0x1F89, 0x1FA9, 0x1FA9, 0x17A8, 0x1788,   // 0x2B40 (11072) pixels
0x17EB, 0x1F68, 0x27A8, 0x17A7, 0x1769, 0x6FF3, 0xDFFD, 0xFFBF, 0xEFBF, 0x7C93, 0x2A6B, 0x1A4B, 0x1A0B, 0x4AEE, 0x9CF6, 0xC5D9,   // 0x2B50 (11088) pixels
0xC5B7, 0xC5B6, 0xD638, 0xDEBA, 0xC5B7, 0xB576, 0xC5B7, 0xC5D6, 0xC5F8, 0x9CB5, 0xA4D7, 0x9CB6, 0x6C10, 0x440C, 0x33EB, 0x2BAB,   // 0x2B60 (11104) pixels
0x2A8C, 0x1A2A, 0x1A2A, 0x1A4A, 0x2ACC, 0x2AEC, 0x1A6A, 0x1229, 0x42EE, 0x63B2, 0x3A4C, 0x19AA, 0x1A0B, 0x1A2A, 0x228B, 0x1A4A,   // 0x2B70 (11120) pixels
0x1A0B, 0x228B, 0x3B6B, 0x4C2C, 0x4C2B, 0x440C, 0x43CC, 0x22CA, 0x1A89, 0x22AA, 0x332C, 0x3B2D, 0x2ACC, 0x2AAB, 0x32CC, 0x3B0D,   // 0x2B80 (11136) pixels
0x3B6C, 0x334C, 0x334C, 0x2B0B, 0x1AAA, 0x22AC, 0x2ACD, 0x224C, 0x224C, 0x2AAD, 0x2AED, 0x22ED, 0x334E, 0x332E, 0x2A6C, 0x19EA,   // 0x2B90 (11152) pixels
0x2ACC, 0x524C, 0x59AA, 0x41CA, 0x2A6C, 0x2AAE, 0x2ACD, 0x2B0D, 0x6D0C, 0x6CEC, 0x5CAC, 0x4C2C, 0x3BEC, 0x3BAD, 0x338D, 0x3BCE,   // 0x2BA0 (11168) pixels
0x7C93, 0xFF9F, 0xFFDF, 0xE7FC, 0x6F70, 0x1F8A, 0x0FA8, 0x1FC9, 0x17A8, 0x1FA8, 0x27A9, 0x2F89, 0x2F8A, 0x2769, 0x1F69, 0x1F69,   // 0x2BB0 (11184) pixels
0x1FA9, 0x1FA9, 0x1F89, 0x1F8A, 0x1FAA, 0x1FAA, 0x1FA9, 0x17C9, 0x274A, 0x1789, 0x27C9, 0x2FA8, 0x1F69, 0x1F4C, 0x6F73, 0xEFFB,   // 0x2BC0 (11200) pixels
0xFFFF, 0xEFBF, 0x636F, 0x21EA, 0x19AA, 0x324C, 0x4AAD, 0x528D, 0x8C75, 0x6B50, 0x6B50, 0x8C74, 0x52CE, 0x7392, 0x5AEF, 0x73B1,   // 0x2BD0 (11216) pixels
0x83B1, 0x5A8F, 0x6B12, 0x5AF0, 0x430D, 0x3BCD, 0x2B8C, 0x22EB, 0x1A4A, 0x1A4A, 0x228B, 0x22CC, 0x1A8B, 0x1A6B, 0x124A, 0x1A6A,   // 0x2BE0 (11232) pixels
0x32AC, 0x4B50, 0x2A0C, 0x21CB, 0x220B, 0x1A4B, 0x2ACC, 0x2AEC, 0x226B, 0x224B, 0x122A, 0x1A4B, 0x228C, 0x22AC, 0x1AAB, 0x1229,   // 0x2BF0 (11248) pixels
0x2ACB, 0x2ACB, 0x228B, 0x1A29, 0x1A09, 0x222B, 0x2A4B, 0x2A4C, 0x2ACB, 0x22CA, 0x2AEB, 0x2B0B, 0x2AEC, 0x332D, 0x32ED, 0x1A0B,   // 0x2C00 (11264) pixels
0x1A2A, 0x2AAC, 0x2AED, 0x2B0D, 0x330D, 0x2AAC, 0x220B, 0x21EB, 0x2A4B, 0x41EA, 0x41A9, 0x320A, 0x22CC, 0x22CE, 0x22CD, 0x230C,   // 0x2C10 (11280) pixels
0x3369, 0x4C0C, 0x5C8F, 0x43EE, 0x43CE, 0x43AE, 0x330C, 0x5430, 0xFF9F, 0xF7DE, 0xDFFD, 0x6F71, 0x276A, 0x0FC8, 0x1FE9, 0x1F49,   // 0x2C20 (11296) pixels
0x1FA9, 0x1789, 0x1789, 0x1FA9, 0x1FA9, 0x1FAA, 0x1FAA, 0x1FA9, 0x27A9, 0x27A9, 0x1F8A, 0x1F6A, 0x1F69, 0x2769, 0x2789, 0x2789,   // 0x2C30 (11312) pixels
0x2789, 0x27EB, 0x1F4A, 0x46EC, 0x7FD1, 0x6FB1, 0x474D, 0x57EE, 0xE7FD, 0xF7FF, 0xE73E, 0x530F, 0x222C, 0x120B, 0x21EB, 0x39EB,   // 0x2C40 (11328) pixels
0x6352, 0x3A2D, 0x4A6E, 0x52D0, 0x31CC, 0x52D0, 0x3A0D, 0x5B10, 0x5AAE, 0x39ED, 0x424F, 0x3A6E, 0x3B0D, 0x3BEE, 0x33AE, 0x22AC,   // 0x2C50 (11344) pixels
0x1AAB, 0x1AAB, 0x22CC, 0x332E, 0x22AC, 0x1A4B, 0x1A4A, 0x1A4B, 0x2A6B, 0x3ACD, 0x220B, 0x21EC, 0x222C, 0x226C, 0x22CC, 0x2B0C,   // 0x2C60 (11360) pixels
0x43AE, 0x5430, 0x4BCF, 0x3B2D, 0x2ACC, 0x1A6A, 0x1A8A, 0x22CB, 0x5CB1, 0x5C91, 0x43CE, 0x2ACB, 0x226A, 0x1A2A, 0x1A0A, 0x1A2A,   // 0x2C70 (11376) pixels
0x1209, 0x22AB, 0x2B0C, 0x2B0C, 0x2AEC, 0x2AED, 0x228C, 0x1A2B, 0x224B, 0x228C, 0x228B, 0x226B, 0x224B, 0x19C9, 0x19CA, 0x2A2C,   // 0x2C80 (11392) pixels
0x220A, 0x41CA, 0x5189, 0x31E9, 0x1A8C, 0x22CD, 0x22CD, 0x22CC, 0x2B0C, 0x22EC, 0x336E, 0x22ED, 0x334E, 0x3B4E, 0x53AF, 0xC73D,   // 0x2C90 (11408) pixels
0xFF9F, 0xE7FD, 0x77F2, 0x276A, 0x1F89, 0x278A, 0x1F49, 0x27A9, 0x27AA, 0x1FA9, 0x1FA9, 0x1F89, 0x1F89, 0x1F89, 0x2789, 0x2788,   // 0x2CA0 (11424) pixels
0x1F68, 0x1F89, 0x1F89, 0x1F8A, 0x1FA9, 0x1F89, 0x1FA8, 0x27A7, 0x1FC7, 0x0FC8, 0x3F6D, 0xC7F8, 0xE7FC, 0x77D3, 0x1F49, 0x27A7,   // 0x2CB0 (11440) pixels
0xA735, 0xE7FC, 0xFFFF, 0xCEBD, 0x226D, 0x020B, 0x226D, 0x6BB2, 0x7392, 0x7BD3, 0x8434, 0x7BF3, 0x7BD3, 0x7371, 0x7BD3, 0x7BF3,   // 0x2CC0 (11456) pixels
0x7BD2, 0x6B92, 0x6393, 0x5B92, 0x43CF, 0x2BAC, 0x2B8C, 0x226B, 0x232C, 0x230C, 0x22EC, 0x336F, 0x2AED, 0x228C, 0x1A4B, 0x1A2B,   // 0x2CD0 (11472) pixels
0x226A, 0x2A8C, 0x19EB, 0x21EC, 0x19EB, 0x1A2B, 0x126A, 0x128A, 0x336A, 0x64CE, 0x754F, 0x6D0D, 0x64CC, 0x440B, 0x3BAC, 0x440F,   // 0x2CE0 (11488) pixels
0x33EC, 0x3BEC, 0x3BCC, 0x338C, 0x3B8E, 0x334D, 0x22AC, 0x32ED, 0x2AAD, 0x3B4F, 0x334E, 0x2AEC, 0x2AEC, 0x226B, 0x1A0A, 0x1A2B,   // 0x2CF0 (11504) pixels
0x2AAC, 0x226B, 0x224A, 0x222A, 0x19C9, 0x1189, 0x21CB, 0x326D, 0x22CB, 0x5A6C, 0x71EB, 0x49AA, 0x222B, 0x22CD, 0x22ED, 0x22EC,   // 0x2D00 (11520) pixels
0x232C, 0x22EC, 0x2AED, 0x336E, 0x2B6D, 0x2AEA, 0xA5F6, 0xFFFF, 0xFFFF, 0x97F6, 0x2FAB, 0x1787, 0x1FA8, 0x1F89, 0x1F89, 0x2789,   // 0x2D10 (11536) pixels
0x1F89, 0x1F89, 0x1F89, 0x1F89, 0x1F89, 0x1F89, 0x1F89, 0x1F89, 0x17A9, 0x2789, 0x2769, 0x1F89, 0x17AA, 0x1FAA, 0x1FA9, 0x1FC8,   // 0x2D20 (11552) pixels
0x1F29, 0x776F, 0xE7FC, 0xFFFF, 0xFFFE, 0x4FEE, 0x2789, 0x276A, 0x178A, 0xB7F7, 0xFFDE, 0xFFBF, 0x8D55, 0x220B, 0x220B, 0x534E,   // 0x2D30 (11568) pixels
0x9D57, 0x8C54, 0x6ACF, 0xA497, 0xA4F8, 0x6330, 0x8413, 0x9CB5, 0x62D0, 0x9415, 0x8413, 0x4BAF, 0x3BEE, 0x2B8D, 0x22EB, 0x2B2C,   // 0x2D40 (11584) pixels
0x2BAB, 0x338C, 0x228B, 0x2ACC, 0x3B6E, 0x230C, 0x1A6B, 0x1A2B, 0x1A8C, 0x1A4B, 0x19EB, 0x21EB, 0x21EB, 0x19CA, 0x1A2B, 0x1A4B,   // 0x2D50 (11600) pixels
0x226C, 0x332D, 0x546F, 0x652F, 0x5D2D, 0x448B, 0x448C, 0x3C0B, 0x332D, 0x22EC, 0x232B, 0x3C0D, 0x54EF, 0x440C, 0x334B, 0x3B2D,   // 0x2D60 (11616) pixels
0x3B6A, 0x332A, 0x330B, 0x330C, 0x22AB, 0x1A0A, 0x19EB, 0x220C, 0x22CD, 0x22CC, 0x226B, 0x1A0A, 0x120A, 0x1A2B, 0x228C, 0x228C,   // 0x2D70 (11632) pixels
0x2A6C, 0x5A6C, 0x51EA, 0x3A2B, 0x22ED, 0x1AEB, 0x32AC, 0x330E, 0x4C4D, 0x4C0D, 0x3B8C, 0x3BAD, 0x2B6C, 0x6470, 0xEFBF, 0xFFFF,   // 0x2D80 (11648) pixels
0xD7FC, 0x6771, 0x1F69, 0x1FC8, 0x2788, 0x1F89, 0x1FA9, 0x1F88, 0x1F89, 0x1F89, 0x1F89, 0x1F89, 0x1F89, 0x1F89, 0x1F89, 0x1F89,   // 0x2D90 (11664) pixels
0x1FA9, 0x1F69, 0x2789, 0x1FA9, 0x1F88, 0x2789, 0x278A, 0x1F69, 0x87F4, 0xBFF8, 0xFFFF, 0xFFFF, 0xFFFE, 0x47CD, 0x1F89, 0x1F69,   // 0x2DA0 (11680) pixels
0x17A9, 0x4F2E, 0xF7FC, 0xFFFF, 0xE7BF, 0x434F, 0x320B, 0x2ACC, 0x94F6, 0x8413, 0x3969, 0x83B2, 0xA4F7, 0x4A6D, 0x630F, 0x83F2,   // 0x2DB0 (11696) pixels
0x418B, 0x8372, 0x8C33, 0x5BF0, 0x3BEE, 0x338D, 0x2B4C, 0x3BCE, 0x33CC, 0x2B4C, 0x1A4A, 0x22AC, 0x3B8E, 0x2B4C, 0x1A8B, 0x1A4B,   // 0x2DC0 (11712) pixels
0x1A4B, 0x1A4B, 0x19EB, 0x21EB, 0x21EB, 0x21EB, 0x224B, 0x1A2A, 0x09E7, 0x22A9, 0x43EC, 0x4C4D, 0x440C, 0x3BAB, 0x43CD, 0x334C,   // 0x2DD0 (11728) pixels
0x2A4C, 0x224B, 0x228B, 0x334B, 0x4C4D, 0x3BCB, 0x2B0A, 0x2ACB, 0x330D, 0x332D, 0x330D, 0x22CC, 0x1A6B, 0x1A4A, 0x224B, 0x2A6C,   // 0x2DE0 (11744) pixels
0x226B, 0x226B, 0x226C, 0x226B, 0x226C, 0x22AC, 0x2AAC, 0x22CC, 0x226B, 0x524B, 0x49A9, 0x31AA, 0x226C, 0x228B, 0x320B, 0x29EC,   // 0x2DF0 (11760) pixels
0x4BEB, 0x6CCF, 0x43EC, 0x2B6B, 0x334C, 0xAE18, 0xFFFF, 0xFFFF, 0x8FD4, 0x3F0C, 0x1768, 0x27E9, 0x2788, 0x1F69, 0x1FAA, 0x1F88,   // 0x2E00 (11776) pixels
0x1F89, 0x1F89, 0x1F89, 0x1F89, 0x1F89, 0x1F89, 0x1F89, 0x1F89, 0x1F69, 0x1FCA, 0x1F89, 0x1F88, 0x27C8, 0x1F68, 0x374C, 0x6FD2,   // 0x2E10 (11792) pixels
0xDFFE, 0xFFFE, 0xFFBF, 0xFFDF, 0xFFFE, 0x378C, 0x1F88, 0x1F89, 0x1FEA, 0x0F29, 0x9FD4, 0xEFFD, 0xFFFF, 0x9DD8, 0x322A, 0x1249,   // 0x2E20 (11808) pixels
0x94D5, 0x8433, 0x6AEE, 0x9C95, 0x8C53, 0x52AD, 0x8433, 0x8C33, 0x6B0F, 0x9414, 0x9474, 0x5C10, 0x3BEE, 0x33AC, 0x338C, 0x3BCE,   // 0x2E30 (11824) pixels
0x33CD, 0x2B0D, 0x1A2B, 0x228C, 0x338E, 0x33AD, 0x230B, 0x1A8A, 0x224B, 0x222B, 0x19CA, 0x21EB, 0x2A0B, 0x220B, 0x2A4B, 0x228B,   // 0x2E40 (11840) pixels
0x438C, 0x4BED, 0x544F, 0x4BED, 0x3B4C, 0x32EB, 0x3AED, 0x222B, 0x318A, 0x298A, 0x21CA, 0x2A6A, 0x3B6C, 0x334B, 0x2ACA, 0x228B,   // 0x2E50 (11856) pixels
0x224D, 0x2AAD, 0x228D, 0x124B, 0x124A, 0x22CC, 0x2B0C, 0x2AEC, 0x220B, 0x222B, 0x224B, 0x228C, 0x228C, 0x228C, 0x1A8C, 0x1A6C,   // 0x2E60 (11872) pixels
0x228B, 0x522B, 0x4169, 0x2929, 0x19CA, 0x19C9, 0x2129, 0x1909, 0x3AEA, 0x434C, 0x43AD, 0x440F, 0x53F0, 0xF7DF, 0xFFFF, 0xE7FC,   // 0x2E70 (11888) pixels
0x3F4C, 0x278A, 0x17A8, 0x1FA8, 0x2769, 0x1F69, 0x1FA9, 0x1FA8, 0x1F89, 0x1F89, 0x1F89, 0x1F89, 0x1F89, 0x1F89, 0x1F89, 0x1F89,   // 0x2E80 (11904) pixels
0x1F68, 0x1FCA, 0x1F89, 0x2768, 0x1FC8, 0x1F89, 0x6F91, 0xE7FC, 0xFFDF, 0xFFBF, 0xFF7F, 0xFFFF, 0xF7FE, 0x2F6B, 0x1F88, 0x2789,   // 0x2E90 (11920) pixels
0x17C9, 0x17C8, 0x3F6C, 0xDFFB, 0xF7FF, 0xFFBF, 0x534D, 0x2A8C, 0x73F1, 0xB577, 0xB536, 0x9C93, 0x94D4, 0x9CF5, 0xA517, 0x8C14,   // 0x2EA0 (11936) pixels
0x9494, 0x9CB5, 0x8472, 0x4BCF, 0x2B8C, 0x238B, 0x33AC, 0x33CD, 0x230C, 0x228C, 0x1A0B, 0x1A0B, 0x2AEC, 0x338D, 0x232B, 0x128A,   // 0x2EB0 (11952) pixels
0x1A4A, 0x1A2A, 0x19EA, 0x220B, 0x222B, 0x222B, 0x226B, 0x2ACC, 0x43ED, 0x43CD, 0x3B8D, 0x22CB, 0x226B, 0x222B, 0x324C, 0x21AA,   // 0x2EC0 (11968) pixels
0x414A, 0x316A, 0x296A, 0x21EA, 0x2AAB, 0x2AEA, 0x22CB, 0x22EC, 0x1A2B, 0x226C, 0x228C, 0x1A8B, 0x22EC, 0x336E, 0x334D, 0x22CB,   // 0x2ED0 (11984) pixels
0x21CA, 0x19CA, 0x220B, 0x226C, 0x2AAD, 0x22AC, 0x22AC, 0x22AC, 0x2A8B, 0x5A2B, 0x4989, 0x2929, 0x11AA, 0x11A9, 0x1969, 0x198B,   // 0x2EE0 (12000) pixels
0x538D, 0x430A, 0x436B, 0x43CD, 0x9596, 0xFFFF, 0xF7FD, 0xAF96, 0x1748, 0x1FE9, 0x1FE9, 0x1F88, 0x2769, 0x1F8A, 0x1FA9, 0x1FA8,   // 0x2EF0 (12016) pixels
0x1F89, 0x1F89, 0x1F89, 0x1F89, 0x1F89, 0x1F89, 0x1F89, 0x1F89, 0x1FA9, 0x1F48, 0x27AA, 0x1FA9, 0x1748, 0x5FAF, 0xD7FA, 0xFFDF,   // 0x2F00 (12032) pixels
0xFFDF, 0xFFDF, 0xFFBF, 0xF7FF, 0xF7FD, 0x2F6A, 0x1F88, 0x2789, 0x17A9, 0x1FE8, 0x1FA9, 0xA7F6, 0xFFFF, 0xFFBF, 0xA5B7, 0x7432,   // 0x2F10 (12048) pixels
0x94B4, 0x9CD4, 0xAD35, 0xB596, 0xAD76, 0x73D0, 0x7391, 0x9434, 0x9515, 0x94D4, 0x7452, 0x43CE, 0x238C, 0x2B8C, 0x2B6C, 0x230A,   // 0x2F20 (12064) pixels
0x1A6A, 0x11A9, 0x198A, 0x1189, 0x1A4A, 0x2B2C, 0x22EB, 0x228B, 0x1A2A, 0x226B, 0x1A2B, 0x1A2B, 0x224B, 0x1A2B, 0x1A6B, 0x228B,   // 0x2F30 (12080) pixels
0x2B4E, 0x230D, 0x1AAC, 0x122A, 0x1A2B, 0x1A0B, 0x326C, 0x2A0B, 0x416A, 0x394A, 0x296B, 0x21CB, 0x224B, 0x1A8B, 0x22CC, 0x334E,   // 0x2F40 (12096) pixels
0x330B, 0x332C, 0x334D, 0x334D, 0x336E, 0x334D, 0x2ACC, 0x1229, 0x21AA, 0x19AA, 0x19EA, 0x224B, 0x228C, 0x228C, 0x226C, 0x226C,   // 0x2F50 (12112) pixels
0x2A6A, 0x5A2B, 0x51AA, 0x318B, 0x224C, 0x1A8C, 0x226B, 0x22EE, 0x648D, 0x6C6C, 0x540A, 0x43AB, 0xDF5D, 0xFFDF, 0xE7FC, 0x6730,   // 0x2F60 (12128) pixels
0x17A8, 0x17C8, 0x1FA8, 0x1F89, 0x1F89, 0x1FAA, 0x1FA9, 0x1F88, 0x1F89, 0x1F89, 0x1F89, 0x1F89, 0x1F89, 0x1F89, 0x1F89, 0x1F89,   // 0x2F70 (12144) pixels
0x1FA8, 0x2F69, 0x1F89, 0x0F8A, 0x478E, 0xCFF8, 0xFFFE, 0xFFBF, 0xFFFF, 0xFFFD, 0xFFFF, 0xF7FF, 0xF7FD, 0x3F8C, 0x2788, 0x27A9,   // 0x2F80 (12160) pixels
0x1FA9, 0x1FC8, 0x1F88, 0x574E, 0xFFFD, 0xFF9F, 0xEF7E, 0xA556, 0x9CF5, 0xAD56, 0xB556, 0x9CD4, 0x7BF1, 0x634F, 0x8C33, 0x83B2,   // 0x2F90 (12176) pixels
0x7C53, 0x8453, 0x73F1, 0x436E, 0x232D, 0x334D, 0x3B2D, 0x32EB, 0x4B2D, 0x29A9, 0x2969, 0x216A, 0x21CA, 0x2A8B, 0x226B, 0x2A6C,   // 0x2FA0 (12192) pixels
0x2A4B, 0x3ACD, 0x2A8D, 0x1A0B, 0x1A0B, 0x1A2B, 0x1A4B, 0x1A4B, 0x124B, 0x122B, 0x0A0B, 0x120B, 0x1A0B, 0x19EA, 0x324C, 0x3A4C,   // 0x2FB0 (12208) pixels
0x4989, 0x3969, 0x294A, 0x29CC, 0x220C, 0x1A4B, 0x228C, 0x330F, 0x43AD, 0x43AD, 0x3B8D, 0x332D, 0x2AEC, 0x226B, 0x1A0A, 0x11CA,   // 0x2FC0 (12224) pixels
0x21AA, 0x19AA, 0x19EA, 0x1A2B, 0x1A2B, 0x1A2B, 0x1A0B, 0x19EA, 0x2A6A, 0x59EA, 0x518A, 0x398B, 0x2AAD, 0x2B6E, 0x2B2C, 0x238E,   // 0x2FD0 (12240) pixels
0x43EB, 0x5C0B, 0x648C, 0x7D51, 0xFFFF, 0xFFDF, 0xD7FB, 0x2F0B, 0x1FC9, 0x1F88, 0x2768, 0x2789, 0x1FA9, 0x1FA9, 0x1FA9, 0x2769,   // 0x2FE0 (12256) pixels
0x1F89, 0x1F89, 0x1F89, 0x1F89, 0x1F89, 0x1F89, 0x1F89, 0x1F89, 0x1F68, 0x27EA, 0x1F89, 0x3F4D, 0xAFF8, 0xFFFF, 0xFFBF, 0xF7FF,   // 0x2FF0 (12272) pixels
0xF7FF, 0xFFFD, 0xFFFF, 0xF7FF, 0xFFFE, 0x57CE, 0x2789, 0x1FA9, 0x1F69, 0x1F88, 0x1F88, 0x2F4B, 0xD7FA, 0xFFFF, 0xFFDF, 0xB5D6,   // 0x3000 (12288) pixels
0xA515, 0xAD36, 0x8C32, 0x6B4F, 0x8453, 0x73D2, 0x83F2, 0xA475, 0x7BD1, 0x8C13, 0x83F4, 0x5B91, 0x3B0F, 0x4B2F, 0x7413, 0x9D16,   // 0x3010 (12304) pixels
0x8430, 0x49E9, 0x3929, 0x314A, 0x31CB, 0x42AE, 0x42AF, 0x4AD1, 0x4AAE, 0x5B31, 0x4AF0, 0x3A6E, 0x322D, 0x220B, 0x21EB, 0x2A0B,   // 0x3020 (12320) pixels
0x222C, 0x222C, 0x222C, 0x220B, 0x2A0C, 0x21AB, 0x39EC, 0x39ED, 0x5A09, 0x49A9, 0x314A, 0x31AC, 0x21AC, 0x29EC, 0x2A0D, 0x3A6F,   // 0x3030 (12336) pixels
0x3B4D, 0x332D, 0x2AEC, 0x228C, 0x1A2B, 0x19EA, 0x21CB, 0x29EB, 0x21AA, 0x21CB, 0x1A0B, 0x1A2B, 0x1A2B, 0x222C, 0x2A2C, 0x2A2C,   // 0x3040 (12352) pixels
0x326A, 0x59EA, 0x5149, 0x3129, 0x328D, 0x3BAE, 0x3B4C, 0x2B6C, 0x22CA, 0x436B, 0x53AB, 0x9DD5, 0xFFFF, 0xFFBE, 0xA7D4, 0x17A9,   // 0x3050 (12368) pixels
0x1F89, 0x2789, 0x2769, 0x2789, 0x1789, 0x17A9, 0x1F89, 0x2F89, 0x1F89, 0x1F89, 0x1F89, 0x1F89, 0x1F89, 0x1F89, 0x1F89, 0x1F89,   // 0x3060 (12384) pixels
0x2789, 0x0FE8, 0x1FA9, 0x8F91, 0xF7FE, 0xFFFF, 0xEFDF, 0xFFFF, 0xFFFF, 0xFFDE, 0xFFDF, 0xFFDF, 0xFFDF, 0x67F1, 0x278A, 0x17A9,   // 0x3070 (12400) pixels
0x27AA, 0x1F69, 0x17E9, 0x2F4A, 0x97F7, 0xFFDF, 0xFFDF, 0xCEF9, 0xA514, 0x83F1, 0x8C12, 0x6B70, 0x6BB1, 0x5B0F, 0x62EF, 0x93F3,   // 0x3080 (12416) pixels
0x9414, 0x93D4, 0x8393, 0x6311, 0x428E, 0x424D, 0x83B3, 0xC57A, 0xB554, 0x628C, 0x4949, 0x3909, 0x39AB, 0x52CF, 0x4A90, 0x4A71,   // 0x3090 (12432) pixels
0x62D0, 0x6B52, 0x6B52, 0x6352, 0x52F1, 0x31ED, 0x298A, 0x29AB, 0x324C, 0x322C, 0x2A0B, 0x29CB, 0x29CB, 0x294B, 0x314C, 0x310C,   // 0x30A0 (12448) pixels
0x72AA, 0x5A0A, 0x394A, 0x316C, 0x294B, 0x31AC, 0x31AC, 0x39CE, 0x228D, 0x1A8D, 0x1A6D, 0x1A4C, 0x222C, 0x21EC, 0x29CC, 0x29CC,   // 0x30B0 (12464) pixels
0x29EB, 0x220B, 0x1A0B, 0x11EA, 0x11EA, 0x1A0B, 0x2A0C, 0x320C, 0x2A8A, 0x5A0B, 0x596A, 0x30C8, 0x322C, 0x53CE, 0x538D, 0x438C,   // 0x30C0 (12480) pixels
0x1AAA, 0x1AA8, 0x2B0B, 0xBE58, 0xFFFF, 0xFFFF, 0x5FEF, 0x2F4A, 0x27A9, 0x1789, 0x1FA9, 0x1FCA, 0x1F89, 0x1F89, 0x1FA9, 0x17A9,   // 0x30D0 (12496) pixels
0x1F87, 0x17E9, 0x2F8A, 0x276A, 0x1F89, 0x2769, 0x17A9, 0x17A9, 0x17A7, 0x1F49, 0x5FB1, 0xDFFB, 0xFF9F, 0xFFDF, 0xFFFF, 0xFFDE,   // 0x30E0 (12512) pixels
0xFFFE, 0xF7FF, 0xFFFF, 0xFFDF, 0xFFFE, 0xC7D7, 0x474D, 0x07E9, 0x1FA9, 0x2769, 0x2769, 0x2FAA, 0x5FEF, 0xFFDF, 0xF7DF, 0xDEBB,   // 0x30F0 (12528) pixels
0x9CB4, 0x8412, 0x73B2, 0x6352, 0x424E, 0x214A, 0x422D, 0x52CF, 0x83D3, 0x7BD2, 0x7BF2, 0x5B30, 0x424F, 0x4A70, 0x5B0F, 0xAD96,   // 0x3100 (12544) pixels
0xBD95, 0x82C9, 0x7A07, 0x4149, 0x31AD, 0x4A70, 0x52AF, 0x4AAF, 0x5AD0, 0x6330, 0x6B90, 0x6B71, 0x52CF, 0x39CC, 0x316A, 0x318A,   // 0x3110 (12560) pixels
0x3A0D, 0x422E, 0x4A6F, 0x4A6F, 0x318C, 0x318C, 0x318C, 0x296B, 0x826B, 0x6A4C, 0x3149, 0x296B, 0x296A, 0x298B, 0x31CC, 0x31ED,   // 0x3120 (12576) pixels
0x2A8C, 0x226B, 0x222B, 0x224C, 0x224C, 0x1A6B, 0x326C, 0x3A0B, 0x2169, 0x122A, 0x2A8D, 0x29AB, 0x29CB, 0x21EB, 0x21EB, 0x21EB,   // 0x3130 (12592) pixels
0x426D, 0x5A6D, 0x49A8, 0x39C7, 0x3A68, 0x5B8B, 0x742C, 0x7429, 0x3B8E, 0x2AEA, 0x2ACB, 0xC6BA, 0xFFFF, 0xFFDF, 0x4FCE, 0x2769,   // 0x3140 (12608) pixels
0x17C8, 0x1FA9, 0x2789, 0x1F69, 0x1769, 0x17A9, 0x27A9, 0x2F88, 0x1FC9, 0x17C9, 0x1F88, 0x1F89, 0x1FA9, 0x2789, 0x1F89, 0x2789,   // 0x3150 (12624) pixels
0x27A9, 0x274B, 0xB7F7, 0xFFFE, 0xFFFF, 0xFFFF, 0xEFFF, 0xFFFF, 0xFFFF, 0xFFDF, 0xFFFF, 0xEFFE, 0xB7F9, 0x67B0, 0x2729, 0x27E9,   // 0x3160 (12640) pixels
0x1FA9, 0x2769, 0x2769, 0x2789, 0x4FCE, 0xFFFF, 0xFFFF, 0xF75D, 0xAD57, 0x7390, 0x73B2, 0x424E, 0x29AC, 0x298C, 0x298B, 0x39EC,   // 0x3170 (12656) pixels
0x6AF0, 0x83F2, 0x8C94, 0x6371, 0x3A2E, 0x422F, 0x52CE, 0x9CF4, 0xBD95, 0x8AE9, 0x7A27, 0x4969, 0x31AD, 0x4A70, 0x528F, 0x428F,   // 0x3180 (12672) pixels
0x528F, 0x6310, 0x73B1, 0x73D2, 0x6331, 0x422E, 0x39CC, 0x422C, 0x420E, 0x4A4E, 0x4A8F, 0x4A8F, 0x31CC, 0x39CC, 0x39CC, 0x31AC,   // 0x3190 (12688) pixels
0x828B, 0x6A4C, 0x316A, 0x31AC, 0x31AC, 0x31CC, 0x3A0D, 0x3A4F, 0x2A8C, 0x2A8C, 0x224B, 0x222C, 0x1A4B, 0x1A6C, 0x328C, 0x39EB,   // 0x31A0 (12704) pixels
0x3149, 0x220A, 0x328D, 0x31EC, 0x320C, 0x2A8D, 0x2A8D, 0x2A8D, 0x31EC, 0x520B, 0x61E8, 0x7AC8, 0x8B8A, 0x9C2C, 0x9C4B, 0x9429,   // 0x31B0 (12720) pixels
0x4BEF, 0x3B2B, 0x2AAB, 0xE75D, 0xFFFF, 0xFFFF, 0x378B, 0x1F89, 0x1F87, 0x1FA8, 0x1F89, 0x2769, 0x276A, 0x2789, 0x1F88, 0x17A8,   // 0x31C0 (12736) pixels
0x276B, 0x2769, 0x17A7, 0x1FC8, 0x1FA9, 0x1F89, 0x2769, 0x2788, 0x274A, 0x87F3, 0xEFFD, 0xFFDF, 0xFFFF, 0xF7FF, 0xFFFF, 0xF7FF,   // 0x31D0 (12752) pixels
0xFFBF, 0xFFFF, 0xDFFC, 0x7F93, 0x2F4C, 0x1FEB, 0x1FA9, 0x2747, 0x1FA9, 0x2769, 0x1F69, 0x1F89, 0x3F8C, 0xFFFF, 0xFFFF, 0xFFBF,   // 0x31E0 (12768) pixels
0xB599, 0x7371, 0x73D3, 0x31AC, 0x216B, 0x31CD, 0x296B, 0x214A, 0x5AAF, 0x8C54, 0x9CF5, 0x6B91, 0x3A0E, 0x422E, 0x52AE, 0x8472,   // 0x31F0 (12784) pixels
0xBD76, 0x8AEA, 0x8248, 0x51AA, 0x31AD, 0x4A6F, 0x4A8F, 0x428F, 0x52D0, 0x6330, 0x73D2, 0x8413, 0x6B51, 0x4A2E, 0x31CB, 0x39EB,   // 0x3200 (12800) pixels
0x422E, 0x4A6F, 0x4A8F, 0x5290, 0x39ED, 0x39ED, 0x3A0D, 0x3A0D, 0x7A8B, 0x624B, 0x316A, 0x39ED, 0x39ED, 0x39ED, 0x424E, 0x4AB0,   // 0x3210 (12816) pixels
0x32ED, 0x32ED, 0x2AAC, 0x2A6C, 0x226C, 0x22CC, 0x3AAD, 0x3A2B, 0x494A, 0x29CA, 0x3A8D, 0x39EC, 0x324D, 0x2ACE, 0x2ACE, 0x22ED,   // 0x3220 (12832) pixels
0x3A4D, 0x5A2B, 0x7A08, 0x9309, 0xA3A9, 0xABEA, 0xABC8, 0xA387, 0x4BAB, 0x4349, 0x32CA, 0xEFDE, 0xFFFF, 0xFFFF, 0x2F6A, 0x1FC8,   // 0x3230 (12848) pixels
0x2F89, 0x27A8, 0x17A8, 0x1FA8, 0x2FA9, 0x2769, 0x1F6A, 0x1FAB, 0x6F72, 0x576E, 0x17A8, 0x17E8, 0x27C9, 0x1769, 0x2769, 0x1FA7,   // 0x3240 (12864) pixels
0x4F4F, 0xE7FB, 0xFFFF, 0xFFBF, 0xFFFF, 0xF7FF, 0xFFDF, 0xFFFF, 0xFFFE, 0xC7F9, 0x6FD2, 0x276B, 0x0F47, 0x1FA8, 0x1FC9, 0x1FA9,   // 0x3250 (12880) pixels
0x1F89, 0x2789, 0x1FA9, 0x17A9, 0x2F6C, 0xFFFF, 0xF7FF, 0xFFDF, 0x8C54, 0x62EF, 0x5B11, 0x214B, 0x296C, 0x298C, 0x31CD, 0x214A,   // 0x3260 (12896) pixels
0x41ED, 0x7BD2, 0x8432, 0x6330, 0x39ED, 0x424F, 0x52AF, 0x7C12, 0xBD55, 0x930A, 0x8A68, 0x59CA, 0x31AC, 0x4A4F, 0x4A8F, 0x426F,   // 0x3270 (12912) pixels
0x52B0, 0x5AEF, 0x73B1, 0x8412, 0x7392, 0x52AF, 0x3A0D, 0x31CB, 0x3A0D, 0x4A4F, 0x4A8F, 0x4A8F, 0x39ED, 0x3A0D, 0x3A0D, 0x3A0D,   // 0x3280 (12928) pixels
0x728A, 0x5A0A, 0x316A, 0x31ED, 0x39ED, 0x39ED, 0x4A4E, 0x52D1, 0x3B2E, 0x332E, 0x2ACD, 0x2AAD, 0x2AAD, 0x2AED, 0x3ACD, 0x424C,   // 0x3290 (12944) pixels
0x516A, 0x31CA, 0x3A6D, 0x31CC, 0x2A0D, 0x22AD, 0x1A8C, 0x128B, 0x3A2A, 0x5A0A, 0x69E9, 0x6A48, 0x6AE9, 0x7B6A, 0x9348, 0x92E5,   // 0x32A0 (12960) pixels
0x5C2B, 0x644B, 0x4BCC, 0xFFFE, 0xF7FF, 0xFFFE, 0x2F6A, 0x1FA8, 0x1F6A, 0x27AA, 0x1FC9, 0x17C8, 0x1788, 0x272A, 0x5F4F, 0x97F5,   // 0x32B0 (12976) pixels
0xE7FD, 0xAFF6, 0x278B, 0x0FA8, 0x2FA9, 0x1F68, 0x27A9, 0x17C8, 0xAFD7, 0xF7FE, 0xFFBF, 0xEFDF, 0xFFFF, 0xFF9F, 0xFFBE, 0xFFFF,   // 0x32C0 (12992) pixels
0xB7F8, 0x5F50, 0x174A, 0x0FE9, 0x1FC8, 0x2767, 0x1F68, 0x1FCA, 0x1F89, 0x278A, 0x1FA9, 0x1FC9, 0x2F6B, 0xFFFF, 0xF7FF, 0xFFDF,   // 0x32D0 (13008) pixels
0x7BD1, 0x62EF, 0x52D0, 0x214B, 0x29AD, 0x214B, 0x31CD, 0x296B, 0x31AB, 0x7391, 0x7BF1, 0x630F, 0x39ED, 0x4A70, 0x52AF, 0x6390,   // 0x32E0 (13024) pixels
0xBCF5, 0x9B2B, 0x8A68, 0x59CA, 0x318C, 0x424E, 0x4A6E, 0x428F, 0x4A90, 0x5AF0, 0x73B1, 0x8412, 0x7BB2, 0x6331, 0x4A8F, 0x39EC,   // 0x32F0 (13040) pixels
0x3A0D, 0x4A6F, 0x4A8F, 0x4A8F, 0x39ED, 0x39ED, 0x39ED, 0x3A0D, 0x7269, 0x51E9, 0x2949, 0x31CD, 0x31CD, 0x39ED, 0x424E, 0x52F0,   // 0x3300 (13056) pixels
0x3B4E, 0x332D, 0x22AC, 0x2AAD, 0x2ACD, 0x22AC, 0x32AC, 0x426C, 0x59AA, 0x31C9, 0x3A6D, 0x31AC, 0x29EC, 0x228D, 0x1A4B, 0x122A,   // 0x3310 (13072) pixels
0x2A2A, 0x41EA, 0x4968, 0x3167, 0x2A6A, 0x434D, 0x5B4B, 0x5AE8, 0x540B, 0x646C, 0x5C2D, 0xFFFE, 0xF7FF, 0xFFFE, 0x378B, 0x1F88,   // 0x3320 (13088) pixels
0x1F6A, 0x178A, 0x0FA9, 0x17A9, 0x378C, 0x7F92, 0xCFD9, 0xFFFE, 0xFFBF, 0xEFFC, 0x5F90, 0x1769, 0x2788, 0x1F68, 0x278A, 0x47ED,   // 0x3330 (13104) pixels
0xF7FE, 0xFFFF, 0xFFFF, 0xFFFF, 0xFFFF, 0xFFBF, 0xFFFD, 0xBFF8, 0x378C, 0x276A, 0x1F89, 0x1FA8, 0x1F88, 0x2788, 0x2789, 0x1F6A,   // 0x3340 (13120) pixels
0x1FA9, 0x278A, 0x1F89, 0x1FA9, 0x376B, 0xFFFF, 0xF7FF, 0xFFDF, 0x9CD5, 0x7371, 0x6B71, 0x296B, 0x31CD, 0x296B, 0x296B, 0x296B,   // 0x3350 (13136) pixels
0x39CC, 0x8433, 0x8C52, 0x6B2F, 0x39CC, 0x4A50, 0x4A8F, 0x530F, 0xAC73, 0xA32B, 0x8A48, 0x59C9, 0x318B, 0x4A4E, 0x4A6E, 0x428F,   // 0x3360 (13152) pixels
0x4A90, 0x6331, 0x7BF2, 0x8C33, 0x7B92, 0x6331, 0x528F, 0x31EC, 0x422E, 0x4A6F, 0x4A8F, 0x4A8F, 0x3A0D, 0x3A0D, 0x3A0D, 0x422E,   // 0x3370 (13168) pixels
0x7A8A, 0x51C9, 0x314A, 0x31CD, 0x31CD, 0x3A0D, 0x426E, 0x5310, 0x3B6E, 0x2B2D, 0x22AC, 0x2AAC, 0x2ACD, 0x22AC, 0x32AC, 0x4A8C,   // 0x3380 (13184) pixels
0x61CA, 0x29A9, 0x3A6D, 0x31CC, 0x2A2D, 0x2AAE, 0x226C, 0x226B, 0x22AC, 0x39EB, 0x4128, 0x28E7, 0x226C, 0x2B6F, 0x2B6E, 0x336C,   // 0x3390 (13200) pixels
0x22A9, 0x32E9, 0x3B4C, 0xDF7C, 0xFFFF, 0xFFFF, 0x3FCC, 0x1F89, 0x27A9, 0x1F69, 0x2F4B, 0x6791, 0xAFF8, 0xEFFD, 0xFFFF, 0xFFDF,   // 0x33A0 (13216) pixels
0xFF9F, 0xFFFF, 0xAFF7, 0x376D, 0x1F88, 0x1F68, 0x374D, 0xAFF7, 0xFFFF, 0xFFFF, 0xF7FE, 0xFFFF, 0xFFFF, 0xEFFE, 0xC7F8, 0x4FCD,   // 0x33B0 (13232) pixels
0x1788, 0x1FA9, 0x27A9, 0x27AA, 0x1FA9, 0x1F89, 0x27AA, 0x27CA, 0x1FA9, 0x278A, 0x1F69, 0x2789, 0x3F8C, 0xFFFF, 0xFFFF, 0xFFBF,   // 0x33C0 (13248) pixels
0xA536, 0x6B70, 0x6B71, 0x296A, 0x29AC, 0x31AC, 0x296A, 0x31AB, 0x31AB, 0x8454, 0x8C73, 0x7370, 0x39CC, 0x422F, 0x4A90, 0x532F,   // 0x33D0 (13264) pixels
0x9BD0, 0xA30B, 0x8A47, 0x51A8, 0x318B, 0x4A4E, 0x4A4E, 0x426F, 0x4270, 0x52F0, 0x7BD1, 0x8C12, 0x7B92, 0x6B31, 0x4AAF, 0x31EC,   // 0x33E0 (13280) pixels
0x3A0D, 0x4A6F, 0x4A8F, 0x4A6F, 0x39ED, 0x3A0D, 0x3A0D, 0x422E, 0x828A, 0x59C9, 0x396B, 0x39EE, 0x31EE, 0x3A4E, 0x428E, 0x4B10,   // 0x33F0 (13296) pixels
0x3B8E, 0x2B4D, 0x1AAC, 0x228C, 0x2ACD, 0x22CC, 0x32AC, 0x4A8D, 0x69CB, 0x31A9, 0x3A8D, 0x31ED, 0x322D, 0x32CE, 0x2AAC, 0x2AAB,   // 0x3400 (13312) pixels
0x226B, 0x49CB, 0x5109, 0x3108, 0x32CE, 0x2BAF, 0x338C, 0x43EC, 0x228C, 0x224A, 0x2AAC, 0xD6DB, 0xFFFF, 0xFFDF, 0x47CD, 0x2789,   // 0x3410 (13328) pixels
0x17C6, 0x3F6A, 0x8FB3, 0xDFFC, 0xFFFF, 0xFFFF, 0xFFDF, 0xF7DF, 0xFFFF, 0xFFDF, 0xE7FC, 0x4F6F, 0x1FA9, 0x27CA, 0x4F4F, 0xFFFE,   // 0x3420 (13344) pixels
0xFFFF, 0xF7DE, 0xFFFE, 0xF7FE, 0xFFDF, 0xE7FD, 0x4F6F, 0x0F86, 0x2F88, 0x1FA8, 0x1789, 0x178A, 0x276A, 0x276A, 0x1F89, 0x0FA8,   // 0x3430 (13360) pixels
0x17A8, 0x27AA, 0x1F69, 0x2FAA, 0x47AD, 0xFFFF, 0xF7FF, 0xF75D, 0xA516, 0x6B50, 0x6B71, 0x296A, 0x296B, 0x29AB, 0x298B, 0x298A,   // 0x3440 (13376) pixels
0x31CC, 0x8C74, 0x94B4, 0x8C13, 0x524F, 0x4A50, 0x4A6F, 0x5310, 0x8B6F, 0xA30B, 0x8A47, 0x5188, 0x318B, 0x4A6E, 0x424E, 0x426F,   // 0x3450 (13392) pixels
0x4A90, 0x52CF, 0x7390, 0x8C12, 0x83D2, 0x6B52, 0x4A90, 0x29CC, 0x39ED, 0x424F, 0x4A6F, 0x4A6F, 0x39ED, 0x39ED, 0x39ED, 0x422E,   // 0x3460 (13408) pixels
0x8A69, 0x59C9, 0x398B, 0x39EF, 0x320E, 0x3A6F, 0x3AAE, 0x430F, 0x334D, 0x2B4D, 0x1A8B, 0x1A4B, 0x228C, 0x22AC, 0x32AC, 0x4A6C,   // 0x3470 (13424) pixels
0x71CB, 0x31A9, 0x428D, 0x31CD, 0x2A0D, 0x2ACE, 0x228C, 0x228B, 0x4269, 0x6A0B, 0x612A, 0x28A8, 0x224D, 0x2B4D, 0x4389, 0x744A,   // 0x3480 (13440) pixels
0x3ACC, 0x2249, 0x1A48, 0xA5F8, 0xFFDF, 0xFFFF, 0x8793, 0x07C9, 0x1FA9, 0x97F3, 0xFFFC, 0xFFBF, 0xFFDF, 0xFFDF, 0xFFFF, 0xEFFE,   // 0x3490 (13456) pixels
0xFFFF, 0xEFFF, 0xFFFE, 0xCFF8, 0x178B, 0x276B, 0xCFF9, 0xFFFF, 0xFFFF, 0xFFDF, 0xFFBF, 0xFFDF, 0xDFFA, 0x57CD, 0x0FA7, 0x3769,   // 0x34A0 (13472) pixels
0x1F89, 0x1F89, 0x1F89, 0x1F89, 0x1F89, 0x1F89, 0x1F89, 0x1F89, 0x1F88, 0x2F6A, 0x0FA9, 0x27CA, 0x6FB1, 0xFFFE, 0xFFDF, 0xCEB9,   // 0x34B0 (13488) pixels
0x83D3, 0x7372, 0x6311, 0x296C, 0x216C, 0x212B, 0x294C, 0x314C, 0x21ED, 0x83F3, 0xA430, 0xA431, 0x422E, 0x3230, 0x42D2, 0x52B2,   // 0x34C0 (13504) pixels
0x9AF0, 0x9AC7, 0x8269, 0x494C, 0x412A, 0x424D, 0x3A90, 0x426E, 0x4A4E, 0x4A4D, 0x7390, 0x8C92, 0x7BF1, 0x6310, 0x4A4E, 0x31CB,   // 0x34D0 (13520) pixels
0x39CD, 0x4A6E, 0x526D, 0x52AF, 0x42D0, 0x322F, 0x3A2D, 0x424C, 0x826A, 0x59C9, 0x396B, 0x39CD, 0x420E, 0x422D, 0x42ED, 0x434E,   // 0x34E0 (13536) pixels
0x2B2D, 0x22CB, 0x224A, 0x222B, 0x228D, 0x22CD, 0x2A8C, 0x4A6B, 0x69AA, 0x3969, 0x426D, 0x39EC, 0x326D, 0x230E, 0x1A6B, 0x420B,   // 0x34F0 (13552) pixels
0x722B, 0xA26C, 0x7988, 0x2924, 0x2A48, 0x532C, 0x636B, 0x6BEA, 0x53AD, 0x4B8C, 0x4BAC, 0x9595, 0xFFBF, 0xFFFE, 0x9FF4, 0x1FAA,   // 0x3500 (13568) pixels
0x2F69, 0x274B, 0x4F70, 0xAFD8, 0xF7FD, 0xFFFE, 0xFFFF, 0xFFBF, 0xFFFF, 0xF7FF, 0xFFDF, 0xE7FA, 0x4F8F, 0x5770, 0xE7FB, 0xFFFF,   // 0x3510 (13584) pixels
0xFFFF, 0xFFFF, 0xFFDF, 0xE7FC, 0x6FD2, 0x2F6A, 0x2F89, 0x1F68, 0x1F89, 0x1F89, 0x1F89, 0x1F89, 0x1F89, 0x1F89, 0x1F89, 0x1F89,   // 0x3520 (13600) pixels
0x2F89, 0x2789, 0x17C9, 0x1F69, 0xA7F5, 0xFFFF, 0xFFBF, 0xC616, 0x9492, 0x7BD0, 0x632E, 0x31EA, 0x3A0B, 0x39EA, 0x39EA, 0x39EA,   // 0x3530 (13616) pixels
0x422A, 0x9432, 0xACD2, 0xAD34, 0x532F, 0x32AE, 0x430D, 0x4ACC, 0x82CB, 0x9306, 0x7265, 0x4988, 0x3968, 0x3A2B, 0x3AAF, 0x4AB0,   // 0x3540 (13632) pixels
0x4A6F, 0x52AF, 0x7C12, 0x94B3, 0x8412, 0x6B31, 0x4A90, 0x3A2D, 0x3A0E, 0x422E, 0x424E, 0x4A8F, 0x428F, 0x322E, 0x320D, 0x424D,   // 0x3550 (13648) pixels
0x8249, 0x59C9, 0x316A, 0x31ED, 0x322E, 0x326D, 0x3B0D, 0x334D, 0x2B2D, 0x22EB, 0x1A29, 0x19CA, 0x1A4C, 0x1AAD, 0x32AC, 0x4A8B,   // 0x3560 (13664) pixels
0x618A, 0x3189, 0x426D, 0x31EC, 0x2A2D, 0x22ED, 0x2AAC, 0x5A6D, 0x9A08, 0xAA49, 0x9A88, 0x7B28, 0x838A, 0x9B8A, 0x9388, 0x7BE7,   // 0x3570 (13680) pixels
0x434A, 0x4BAB, 0x5C4D, 0x74B0, 0xFFFF, 0xFFFE, 0xC7F8, 0x372B, 0x17A8, 0x1FA9, 0x17AA, 0x27AC, 0x6FD2, 0xDFFA, 0xFFDF, 0xFFBF,   // 0x3580 (13696) pixels
0xFFDF, 0xF7DF, 0xFFDF, 0xFFFE, 0xB7D7, 0xB7D7, 0xFFFE, 0xFFFF, 0xF7FF, 0xFFFF, 0xEFFE, 0x87F3, 0x178A, 0x1748, 0x2F6A, 0x1788,   // 0x3590 (13712) pixels
0x1F89, 0x1F89, 0x1F89, 0x1F89, 0x1F89, 0x1F89, 0x1F89, 0x1F89, 0x2F69, 0x1788, 0x1FE9, 0x2F2A, 0xE7FB, 0xFFFF, 0xFFDF, 0xD616,   // 0x35A0 (13728) pixels
0xBD73, 0xB552, 0xB553, 0xACF2, 0xBD54, 0xB513, 0xB512, 0xB4F2, 0xACB0, 0x9C92, 0x73EF, 0x6C50, 0x3B2C, 0x3B4A, 0x6C8B, 0x8D4D,   // 0x35B0 (13744) pixels
0x9D0A, 0xC5AB, 0xACE9, 0x7BC9, 0x4A68, 0x21C8, 0x3A8F, 0x52F4, 0x4AD0, 0x52F1, 0x8413, 0x9CD4, 0x9C94, 0x7BB3, 0x52D1, 0x4A90,   // 0x35C0 (13760) pixels
0x3A8F, 0x3A2E, 0x422F, 0x428F, 0x3AAE, 0x3A8D, 0x3A2D, 0x422D, 0x7A29, 0x51A9, 0x296A, 0x2A0D, 0x2A6D, 0x22AC, 0x2B2D, 0x232D,   // 0x35D0 (13776) pixels
0x2B6E, 0x2AEC, 0x224A, 0x19EA, 0x1A6C, 0x22CD, 0x32AC, 0x4A6B, 0x59AA, 0x3189, 0x3A4D, 0x31CC, 0x2A2C, 0x2AED, 0x3ACC, 0x6AAD,   // 0x35E0 (13792) pixels
0xB2A9, 0xAA48, 0x9A67, 0x9328, 0xA3E8, 0xBBC8, 0xABA6, 0x93A5, 0x2AC8, 0x3309, 0x4BAB, 0x538C, 0xEF7E, 0xFFDE, 0xE7FC, 0x66CF,   // 0x35F0 (13808) pixels
0x1FA8, 0x27C8, 0x27C8, 0x1787, 0x1F6A, 0x5FD1, 0xBFF9, 0xFFFF, 0xFFBF, 0xFFBF, 0xFFBF, 0xFFFF, 0xFFFE, 0xFFFD, 0xFFFF, 0xF7FF,   // 0x3600 (13824) pixels
0xFFFF, 0xFFFF, 0x9FD6, 0x27AB, 0x17C8, 0x1F89, 0x1F69, 0x27AA, 0x1F89, 0x1F89, 0x1F89, 0x1F89, 0x1F89, 0x1F89, 0x1F89, 0x1F89,   // 0x3610 (13840) pixels
0x2F89, 0x17C8, 0x17C9, 0x576E, 0xFFFD, 0xFFDF, 0xEF5D, 0xCDB4, 0xD5B2, 0xCD72, 0xD592, 0xCD71, 0xD572, 0xC4F0, 0xC4F0, 0xCD10,   // 0x3620 (13856) pixels
0xCDB2, 0x840F, 0x3B0C, 0x3BCD, 0x440C, 0x7D2C, 0xAE6C, 0xC6AD, 0x9DEA, 0xA5CA, 0xADA9, 0x9D6A, 0x740B, 0x42E9, 0x3AAB, 0x3A70,   // 0x3630 (13872) pixels
0x3A6F, 0x3A6E, 0x6351, 0x8C53, 0x9453, 0x6331, 0x3A2E, 0x3A2E, 0x328E, 0x2A0E, 0x29CE, 0x2A0D, 0x3AED, 0x538E, 0x42AD, 0x3A0C,   // 0x3640 (13888) pixels
0x8209, 0x5989, 0x3169, 0x2A2D, 0x2AEE, 0x2B2E, 0x338E, 0x338E, 0x22EC, 0x1A8B, 0x1A09, 0x19EA, 0x1A4C, 0x1A8D, 0x328C, 0x4A8B,   // 0x3650 (13904) pixels
0x59CA, 0x2989, 0x324C, 0x29CC, 0x324D, 0x32ED, 0x42AC, 0x724B, 0x7A6A, 0x9A6C, 0x91EA, 0x7A27, 0x8B67, 0x9BC8, 0x9347, 0x9328,   // 0x3660 (13920) pixels
0x3B2C, 0x3B0B, 0x32EA, 0x2AAA, 0x9D36, 0xFFDF, 0xF7FE, 0xA777, 0x2768, 0x1787, 0x27A8, 0x2F88, 0x1789, 0x078A, 0x3F8F, 0xAFF5,   // 0x3670 (13936) pixels
0xFFFE, 0xFFFF, 0xFFFF, 0xFFDF, 0xFFFF, 0xFFFF, 0xFFFF, 0xFFFF, 0xFFFF, 0xC7D8, 0x476D, 0x0788, 0x27E9, 0x2FC8, 0x1768, 0x2F8B,   // 0x3680 (13952) pixels
0x1F89, 0x1F89, 0x1F89, 0x1F89, 0x1F89, 0x1F89, 0x1F89, 0x1F89, 0x27CA, 0x17E9, 0x178A, 0x9FF5, 0xF7FF, 0xFFDF, 0xBE77, 0xBD52,   // 0x3690 (13968) pixels
0xBD30, 0xB4EF, 0xB4EF, 0xBCEE, 0xBD0F, 0xB4CE, 0xBD0F, 0xC50F, 0xA512, 0x536E, 0x232C, 0x2BCC, 0x5CAC, 0xA64D, 0xBE8A, 0xB5E8,   // 0x36A0 (13984) pixels
0x6D2C, 0x4BA8, 0x7488, 0x9589, 0x7D2A, 0x6C8A, 0x4B88, 0x3AEA, 0x3AEE, 0x3AAF, 0x5B51, 0x8453, 0x9494, 0x6B92, 0x426E, 0x324E,   // 0x36B0 (14000) pixels
0x226D, 0x328E, 0x2A0D, 0x220A, 0x4B8D, 0x6C90, 0x536D, 0x426B, 0x8229, 0x5988, 0x3129, 0x29CB, 0x226C, 0x1ACB, 0x230C, 0x22CC,   // 0x36C0 (14016) pixels
0x22EC, 0x1A8B, 0x1A09, 0x19CA, 0x11EB, 0x09EA, 0x222A, 0x4A8B, 0x51CA, 0x29A9, 0x2A4C, 0x29CC, 0x2A2D, 0x32CD, 0x4A8B, 0x722A,   // 0x36D0 (14032) pixels
0x59CA, 0x7A2C, 0x79AA, 0x69C6, 0x7AE7, 0x8B67, 0x82E7, 0x82A8, 0x2ACC, 0x3AAC, 0x32AB, 0x228A, 0x4B0D, 0xFFFF, 0xFFFF, 0xE7FE,   // 0x36E0 (14048) pixels
0x378B, 0x2769, 0x27C9, 0x1FA9, 0x1789, 0x17AA, 0x1F69, 0x2F6A, 0xA7B6, 0xE7FB, 0xFFFE, 0xFFDF, 0xF7FF, 0xEFFF, 0xFFFF, 0xFFFF,   // 0x36F0 (14064) pixels
0xE7FB, 0x5F6F, 0x1768, 0x1FA9, 0x1FA9, 0x2788, 0x2F68, 0x176A, 0x1F89, 0x1F89, 0x1F89, 0x1F89, 0x1F89, 0x1F89, 0x1F89, 0x1F89,   // 0x3700 (14080) pixels
0x1789, 0x1FA9, 0x3F6E, 0xDFFC, 0xF7FF, 0xFFDD, 0xB5F3, 0xBD31, 0xCD51, 0xCD51, 0xCD51, 0xCD51, 0xCD31, 0xC4F0, 0xC531, 0xBD11,   // 0x3710 (14096) pixels
0x6C72, 0x2AEC, 0x33AC, 0x5CCC, 0x7D4B, 0xA5C9, 0xADE8, 0xA5A9, 0x54AD, 0x22CA, 0x642B, 0x8D4A, 0x6CE8, 0x6489, 0x53E8, 0x540B,   // 0x3720 (14112) pixels
0x330D, 0x328D, 0x42AE, 0x5B70, 0x7C32, 0x7413, 0x4B10, 0x326C, 0x228B, 0x4B6E, 0x434D, 0x32EA, 0x43EC, 0x5C6D, 0x4B8B, 0x3ACA,   // 0x3730 (14128) pixels
0x7269, 0x59C9, 0x3949, 0x320C, 0x2ACC, 0x2B0C, 0x334D, 0x330D, 0x334E, 0x2ACC, 0x224A, 0x222B, 0x226D, 0x1A6C, 0x2A4B, 0x526B,   // 0x3740 (14144) pixels
0x518A, 0x2989, 0x2A4D, 0x29CC, 0x2A0C, 0x2AAC, 0x4AAB, 0x824A, 0x8A0A, 0x7A09, 0x7A67, 0x8AA7, 0x9AE6, 0xA307, 0x9328, 0x7B08,   // 0x3750 (14160) pixels
0x1A0A, 0x220A, 0x2A4A, 0x22AB, 0x2AAB, 0xBE19, 0xFFDF, 0xFFFF, 0x8FF3, 0x2F2B, 0x07A9, 0x1FC9, 0x2789, 0x27A9, 0x17A9, 0x1FA9,   // 0x3760 (14176) pixels
0x3F6C, 0x87F2, 0xE7FB, 0xFFDF, 0xF7FF, 0xF7FF, 0xFFFF, 0xF7FD, 0x7FF2, 0x274A, 0x1F88, 0x2FC9, 0x1F89, 0x1F89, 0x2789, 0x17A8,   // 0x3770 (14192) pixels
0x1F89, 0x1F89, 0x1F89, 0x1F89, 0x1F89, 0x1F89, 0x1F89, 0x1F89, 0x1F88, 0x276A, 0x97B4, 0xFFFF, 0xFFFF, 0xDEF7, 0xC550, 0xB4F0,   // 0x3780 (14208) pixels
0xC4D0, 0xCD11, 0xD511, 0xD511, 0xC4F0, 0xC4F1, 0xBD12, 0xACB1, 0x336F, 0x22EB, 0x6CCD, 0xAE8E, 0xBE6C, 0xADE9, 0xA5EA, 0x8D8C,   // 0x3790 (14224) pixels
0x2BCB, 0x12AB, 0x4B8C, 0x748A, 0x5C87, 0x4C09, 0x4B89, 0x43CB, 0x332B, 0x226B, 0x222C, 0x328C, 0x534F, 0x63F2, 0x5370, 0x3AAC,   // 0x37A0 (14240) pixels
0x540D, 0x750F, 0x74EE, 0x64AC, 0x5CCD, 0x548E, 0x4BEC, 0x4B8B, 0x5AA9, 0x4A09, 0x3189, 0x322B, 0x22CC, 0x230C, 0x2B2D, 0x32CC,   // 0x37B0 (14256) pixels
0x126B, 0x1229, 0x11A8, 0x19AA, 0x1A2C, 0x124C, 0x220A, 0x39E9, 0x5149, 0x2989, 0x2A2D, 0x29CD, 0x2A2D, 0x2AAC, 0x52AB, 0x826A,   // 0x37C0 (14272) pixels
0x9A6A, 0x92E8, 0x9BA8, 0xB3E8, 0xAB47, 0x9B07, 0x8348, 0x7BA9, 0x224C, 0x21C9, 0x21E9, 0x1AAA, 0x2B0B, 0x636E, 0xFFDF, 0xFFFF,   // 0x37D0 (14288) pixels
0xE7FB, 0x572E, 0x1789, 0x1FC9, 0x2767, 0x1FA9, 0x1FA9, 0x2749, 0x0F88, 0x2F8C, 0xA7D5, 0xFFFE, 0xFFDF, 0xFFDF, 0xFFDE, 0xD7DA,   // 0x37E0 (14304) pixels
0x17EA, 0x2769, 0x2789, 0x1FC8, 0x27AA, 0x1FAC, 0x0FA9, 0x27E7, 0x1F89, 0x1F89, 0x1F89, 0x1F89, 0x1F89, 0x1F89, 0x1F89, 0x1F89,   // 0x37F0 (14320) pixels
0x2FA9, 0x378C, 0xDFFB, 0xFFBF, 0xFFDE, 0xC633, 0xDD10, 0xC532, 0xC531, 0xCD51, 0xC531, 0xC530, 0xBD11, 0xB532, 0xAD12, 0x842F,   // 0x3800 (14336) pixels
0x2B70, 0x4BEE, 0x95CD, 0xBE49, 0xB5E7, 0xA5E8, 0x9E2C, 0x64CB, 0x236D, 0x12CE, 0x32CD, 0x63C9, 0x5CA8, 0x544A, 0x53CB, 0x43EB,   // 0x3810 (14352) pixels
0x2B2A, 0x228B, 0x224C, 0x222B, 0x2A8C, 0x430E, 0x4B2E, 0x432D, 0x750E, 0x7D4D, 0x750A, 0x6D2C, 0x6D6E, 0x54AE, 0x43EC, 0x3B4A,   // 0x3820 (14368) pixels
0x4B09, 0x3A49, 0x31C9, 0x2A4B, 0x22EC, 0x1B2C, 0x2B2C, 0x2AAC, 0x1A8B, 0x22AC, 0x224B, 0x19CA, 0x11CB, 0x0A0B, 0x220A, 0x39E9,   // 0x3830 (14384) pixels
0x5149, 0x2969, 0x2A0D, 0x29CD, 0x324D, 0x32CC, 0x52CA, 0x8249, 0x82CA, 0x9B89, 0xA3A7, 0x9B65, 0x8B46, 0x6B26, 0x5AE6, 0x6B48,   // 0x3840 (14400) pixels
0x2A8B, 0x1A0A, 0x222B, 0x1A0B, 0x19CA, 0x3A8B, 0x84D3, 0xF7FF, 0xFFDF, 0xAFF8, 0x376C, 0x1767, 0x2FA8, 0x2748, 0x2789, 0x1FAA,   // 0x3850 (14416) pixels
0x1F89, 0x37A8, 0x1FA8, 0x97F4, 0xFFDF, 0xFF9F, 0xE7FB, 0x3FAE, 0x1F89, 0x1F89, 0x1F89, 0x1F89, 0x1F89, 0x1F89, 0x1F89, 0x1F89,   // 0x3860 (14432) pixels
0x1FA7, 0x1FC8, 0x27A9, 0x2769, 0x2789, 0x1FA9, 0x1FA9, 0x2789, 0x472C, 0xA7F6, 0xF7FF, 0xFFFF, 0xDEB7, 0xC591, 0xC510, 0xCD11,   // 0x3870 (14448) pixels
0xBD51, 0xCD50, 0xD570, 0xCD72, 0xCD73, 0xACD1, 0x8C91, 0x63F0, 0x3390, 0x3BAA, 0x9E6D, 0xA66A, 0x8527, 0x74EB, 0x7510, 0x43EE,   // 0x3880 (14464) pixels
0x2B2C, 0x228C, 0x2ACC, 0x436B, 0x64AA, 0x5C88, 0x43C7, 0x3349, 0x334C, 0x2A8B, 0x222A, 0x222B, 0x1A4C, 0x124C, 0x2AED, 0x542E,   // 0x3890 (14480) pixels
0x6D2E, 0x6D0D, 0x6D0D, 0x6D0D, 0x64CC, 0x4C2C, 0x43CC, 0x3B8C, 0x3B2B, 0x2B0B, 0x2B0B, 0x334D, 0x336E, 0x2B2D, 0x22EC, 0x22CC,   // 0x38A0 (14496) pixels
0x2B0C, 0x228B, 0x11A9, 0x222B, 0x1A2B, 0x1A2A, 0x220A, 0x326B, 0x51CB, 0x394A, 0x31CC, 0x21EB, 0x422B, 0x8AAC, 0xA24A, 0xA1E8,   // 0x38B0 (14512) pixels
0x91E9, 0x61A7, 0x6A48, 0x72CA, 0x632A, 0x5A87, 0x7287, 0x7329, 0x2A6A, 0x224A, 0x1A0A, 0x19EA, 0x220A, 0x1167, 0x3A8B, 0xBE9A,   // 0x38C0 (14528) pixels
0xFFFF, 0xE7FD, 0x8793, 0x2F4B, 0x0F87, 0x27E9, 0x1F68, 0x27AA, 0x1F89, 0x07A7, 0x1FA9, 0x3F6E, 0xA7D8, 0xEFFD, 0x8FD4, 0x274A,   // 0x38D0 (14544) pixels
0x1F89, 0x1F89, 0x1F89, 0x1F89, 0x1F89, 0x1F89, 0x1F89, 0x1F89, 0x17C9, 0x2789, 0x1F69, 0x1788, 0x1FA9, 0x2F69, 0x2F49, 0x278A,   // 0x38E0 (14560) pixels
0x8FB4, 0xD7FC, 0xFFFF, 0xEEDB, 0xC593, 0xC50F, 0xC4EF, 0xC510, 0xBD31, 0xCD51, 0xCD71, 0xACF0, 0x94D0, 0x7C4E, 0x644E, 0x43CE,   // 0x38F0 (14576) pixels
0x22ED, 0x3BAA, 0x95EC, 0xA608, 0x9588, 0x852B, 0x648D, 0x336B, 0x2B0D, 0x1A6C, 0x1A6C, 0x2AAA, 0x4BCA, 0x5409, 0x438A, 0x330A,   // 0x3900 (14592) pixels
0x332A, 0x2289, 0x19E9, 0x11C9, 0x120B, 0x124B, 0x332B, 0x544B, 0x756E, 0x6D0C, 0x64CB, 0x64EC, 0x64CD, 0x544D, 0x3B8B, 0x334B,   // 0x3910 (14608) pixels
0x3B4C, 0x330B, 0x22CB, 0x22CB, 0x230C, 0x2B2D, 0x2B0D, 0x22EC, 0x1A6A, 0x1A2A, 0x0968, 0x11A9, 0x11EA, 0x224B, 0x2A6B, 0x326B,   // 0x3920 (14624) pixels
0x51CB, 0x2969, 0x21EA, 0x39CA, 0x69CA, 0xA22B, 0xAA2A, 0xAA29, 0xAA2B, 0x81A8, 0x81E8, 0x8229, 0x728A, 0x7249, 0x8269, 0x8309,   // 0x3930 (14640) pixels
0x2A69, 0x2A6A, 0x2A6B, 0x222B, 0x1A0B, 0x11A9, 0x19C8, 0x536F, 0xE79D, 0xFFFF, 0xEFFD, 0x7751, 0x1F6A, 0x07C7, 0x1FE9, 0x1748,   // 0x3940 (14656) pixels
0x37AA, 0x0FA8, 0x2FEB, 0x0F4A, 0x478F, 0x8FF3, 0x378B, 0x1788, 0x1F89, 0x1F89, 0x1F89, 0x1F89, 0x1F89, 0x1F89, 0x1F89, 0x1F89,   // 0x3950 (14672) pixels
0x274B, 0x278B, 0x1F89, 0x17A8, 0x1FEA, 0x1FAA, 0x372B, 0x6790, 0xE7FD, 0xFFFF, 0xFF5E, 0xCDB6, 0xBD11, 0xCCEF, 0xCD0F, 0xCD50,   // 0x3960 (14688) pixels
0xC512, 0xC531, 0xB530, 0x848E, 0x6CAE, 0x5C8E, 0x444E, 0x23EE, 0x22CC, 0x4BCB, 0x854B, 0x9588, 0x9DCA, 0x7D0B, 0x544C, 0x33AC,   // 0x3970 (14704) pixels
0x230D, 0x1A8C, 0x22AD, 0x228A, 0x3309, 0x3B49, 0x3B2A, 0x32CB, 0x3B69, 0x32C9, 0x21E9, 0x11C9, 0x122B, 0x22CC, 0x43EB, 0x6D0B,   // 0x3980 (14720) pixels
0x750B, 0x750B, 0x6CCB, 0x64CC, 0x5C8D, 0x4C0D, 0x3B8C, 0x3B6D, 0x330C, 0x332C, 0x2B0C, 0x22EC, 0x22EC, 0x22EC, 0x22AB, 0x1A6A,   // 0x3990 (14736) pixels
0x1A4A, 0x1A4A, 0x1188, 0x11A9, 0x09A9, 0x11C9, 0x19E9, 0x220A, 0x39C9, 0x29C9, 0x524B, 0x824C, 0x9A2B, 0xAA4A, 0xB20A, 0xC20A,   // 0x39A0 (14752) pixels
0xB20B, 0x99A9, 0x99A9, 0x8969, 0x7189, 0x7188, 0x79C7, 0x8248, 0x2A49, 0x2A4A, 0x2A8B, 0x224B, 0x1A2B, 0x224C, 0x19EA, 0x0968,   // 0x39B0 (14768) pixels
0x63EF, 0xF7BF, 0xFFDF, 0xE7FC, 0x7792, 0x1F8A, 0x0FA8, 0x27E9, 0x2F68, 0x2F89, 0x27AA, 0x1F49, 0x2749, 0x2FAA, 0x1F88, 0x17E8,   // 0x39C0 (14784) pixels
0x1F89, 0x1F89, 0x1F89, 0x1F89, 0x1F89, 0x1F89, 0x1F89, 0x1F89, 0x272A, 0x2F8A, 0x27A8, 0x17A7, 0x0FE8, 0x17AB, 0x6FB2, 0xDFFA,   // 0x39D0 (14800) pixels
0xFFDF, 0xFF5D, 0xD5D7, 0xB4F2, 0xBCD0, 0xC4CF, 0xBCCF, 0xB4EF, 0xC4F2, 0xBCF0, 0x9CCF, 0x644D, 0x5CCF, 0x5D10, 0x446E, 0x136C,   // 0x39E0 (14816) pixels
0x230D, 0x43AC, 0x6CAB, 0x850A, 0x8D8B, 0x648A, 0x33CB, 0x2BAD, 0x1AAA, 0x126A, 0x22AC, 0x228A, 0x22A9, 0x2AE9, 0x3B2B, 0x32EC,   // 0x39F0 (14832) pixels
0x3309, 0x32AA, 0x2A6A, 0x2A6A, 0x2AEC, 0x336D, 0x4C2C, 0x6D0B, 0x7CE9, 0x854B, 0x7D2C, 0x648B, 0x542C, 0x43CC, 0x3BAC, 0x3BAD,   // 0x3A00 (14848) pixels
0x332C, 0x332D, 0x334D, 0x2B2D, 0x22EC, 0x1A8B, 0x1A8A, 0x228A, 0x2ACC, 0x224B, 0x1168, 0x19EA, 0x1A2B, 0x120A, 0x11C9, 0x21E9,   // 0x3A10 (14864) pixels
0x29C8, 0x39C8, 0x7A2A, 0xAA4B, 0xB1EA, 0xA1C8, 0x9988, 0xA188, 0x99C9, 0x91A9, 0x99AA, 0x894A, 0x7149, 0x7189, 0x79C8, 0x8248,   // 0x3A20 (14880) pixels
0x2A6A, 0x2A8B, 0x224A, 0x1A2A, 0x226C, 0x224B, 0x11A9, 0x11CA, 0x11C8, 0x6C11, 0xFFDF, 0xFFFF, 0xE7FC, 0x7772, 0x272A, 0x1788,   // 0x3A30 (14896) pixels
0x0FC7, 0x27A8, 0x17A9, 0x2F69, 0x2F48, 0x17C8, 0x2FA9, 0x0FA9, 0x1F89, 0x1F89, 0x1F89, 0x1F89, 0x1F89, 0x1F89, 0x1F89, 0x1F89,   // 0x3A40 (14912) pixels
0x1FE9, 0x1747, 0x27C8, 0x1FE9, 0x2729, 0x7771, 0xE7FC, 0xFFFF, 0xFF9D, 0xDE37, 0xBD11, 0xB510, 0xC551, 0xCD12, 0xC511, 0xB532,   // 0x3A50 (14928) pixels
0xC512, 0xBD11, 0x9D0F, 0x646D, 0x5CEF, 0x6510, 0x4C2D, 0x2B4B, 0x230D, 0x2B4C, 0x4C0C, 0x648B, 0x6CEC, 0x4C6C, 0x33CD, 0x23AE,   // 0x3A60 (14944) pixels
0x2AEC, 0x1A4A, 0x22AC, 0x228B, 0x228A, 0x22AA, 0x32EB, 0x32CB, 0x1A29, 0x2A8B, 0x3B0C, 0x43AD, 0x4C2E, 0x4C2E, 0x542C, 0x646A,   // 0x3A70 (14960) pixels
0xA58A, 0x9DAC, 0x850B, 0x5C4A, 0x4C0B, 0x43EC, 0x3BCC, 0x338C, 0x3B6D, 0x332C, 0x2AEC, 0x22EC, 0x22EC, 0x22CC, 0x2ACC, 0x32EC,   // 0x3A80 (14976) pixels
0x120A, 0x19C9, 0x0948, 0x19AA, 0x19EA, 0x1A2B, 0x222A, 0x2A4B, 0x5ACC, 0x728B, 0x924A, 0xAA2A, 0xB9EA, 0xB9C9, 0xA20A, 0x8229,   // 0x3A90 (14992) pixels
0x71C9, 0x7988, 0x7969, 0x6949, 0x614A, 0x61CA, 0x6A07, 0x8267, 0x2A4A, 0x2A6B, 0x224A, 0x1A2A, 0x224B, 0x19EA, 0x1189, 0x19AA,   // 0x3AA0 (15008) pixels
0x09EA, 0x3AAC, 0x7C51, 0xF79E, 0xFFFF, 0xEFFE, 0x9FF6, 0x3F4D, 0x17EA, 0x0788, 0x0FA9, 0x27A9, 0x2788, 0x1FC8, 0x1FA9, 0x1F6A,   // 0x3AB0 (15024) pixels
0x1F89, 0x1F89, 0x1F89, 0x1F89, 0x1F89, 0x1F89, 0x1F89, 0x1F89, 0x0FC8, 0x17E9, 0x1F69, 0x470C, 0xAFD5, 0xFFFD, 0xFFFF, 0xFFBF,   // 0x3AC0 (15040) pixels
0xAD72, 0xA48E, 0xA42A, 0xA42B, 0xA44D, 0xAC2E, 0xA42F, 0x9C6E, 0xA3EC, 0xA44D, 0x8C8D, 0x5C4C, 0x5CCE, 0x6D0F, 0x6CEF, 0x6490,   // 0x3AD0 (15056) pixels
0x33CE, 0x2B6C, 0x336C, 0x336A, 0x3BCA, 0x442D, 0x33EE, 0x2B6F, 0x2A6B, 0x1A0A, 0x2A6D, 0x226C, 0x1A2B, 0x120A, 0x1A49, 0x1A48,   // 0x3AE0 (15072) pixels
0x1208, 0x2A8B, 0x436C, 0x544D, 0x5CAE, 0x5C8E, 0x646C, 0x7CCB, 0xBE0B, 0x9D8A, 0x7CCA, 0x644A, 0x4C2B, 0x442C, 0x440C, 0x3BEB,   // 0x3AF0 (15088) pixels
0x334B, 0x2AEA, 0x1A8A, 0x1AAB, 0x2AED, 0x330D, 0x2AAC, 0x1A2A, 0x09A8, 0x220A, 0x1989, 0x1169, 0x0968, 0x11EA, 0x222B, 0x2A4B,   // 0x3B00 (15104) pixels
0x4A6B, 0x724B, 0x99E9, 0xAA09, 0xAA09, 0xA1EA, 0x922B, 0x6A29, 0x61E9, 0x6988, 0x6168, 0x5149, 0x4129, 0x51A9, 0x6A06, 0x9AA6,   // 0x3B10 (15120) pixels
0x19EA, 0x19EA, 0x222A, 0x1A0A, 0x11A9, 0x1989, 0x1969, 0x1108, 0x1189, 0x21EA, 0x2209, 0x538F, 0xCEFC, 0xFFFF, 0xEFFE, 0xC7FB,   // 0x3B20 (15136) pixels
0x7772, 0x374E, 0x276B, 0x1F89, 0x1F88, 0x1F89, 0x1788, 0x2FAA, 0x1F89, 0x1F89, 0x1F89, 0x1F89, 0x1F89, 0x1F89, 0x1F89, 0x1F89,   // 0x3B30 (15152) pixels
0x2F2A, 0x372C, 0x7FB3, 0xD7FA, 0xFFFF, 0xFFFF, 0xCEDB, 0x84B3, 0x8D50, 0xBD90, 0xDD8F, 0xDD4F, 0xCD30, 0xCD11, 0xC511, 0xC530,   // 0x3B40 (15168) pixels
0xCD10, 0xCD70, 0xA54F, 0x6CEE, 0x652F, 0x64ED, 0x6D0E, 0x6D10, 0x5CEE, 0x4C6E, 0x3BCD, 0x230A, 0x2B4A, 0x43CD, 0x332C, 0x22AC,   // 0x3B50 (15184) pixels
0x29A9, 0x21A9, 0x2A4C, 0x1A0B, 0x1A2B, 0x1A6B, 0x32EB, 0x332A, 0x3BCC, 0x4C0E, 0x5C6F, 0x6D0F, 0x6D2F, 0x752F, 0x8D8E, 0xAE2D,   // 0x3B60 (15200) pixels
0xB5E9, 0x9548, 0x74A9, 0x646A, 0x544B, 0x544C, 0x546C, 0x542B, 0x3B8B, 0x2B0A, 0x22CA, 0x22CB, 0x2AED, 0x22AC, 0x1A2B, 0x11C9,   // 0x3B70 (15216) pixels
0x226B, 0x2A4B, 0x1989, 0x19AA, 0x11CA, 0x120A, 0x19EA, 0x19CA, 0x29E8, 0x6209, 0x91A8, 0xAA09, 0x9A2A, 0x79EA, 0x7A0B, 0x69A9,   // 0x3B80 (15232) pixels
0x59E9, 0x6989, 0x5989, 0x498A, 0x414A, 0x51C9, 0x7A46, 0xCB28, 0x19EA, 0x19EA, 0x1A0A, 0x222A, 0x19C9, 0x1148, 0x1928, 0x2169,   // 0x3B90 (15248) pixels
0x2189, 0x1189, 0x120A, 0x1A0A, 0x3289, 0x9594, 0xFFBF, 0xFF9F, 0xFFFE, 0xBFF9, 0x67F1, 0x378A, 0x2789, 0x1FA9, 0x1FA9, 0x2788,   // 0x3BA0 (15264) pixels
0x1F89, 0x1F89, 0x1F89, 0x1F89, 0x1F89, 0x1F89, 0x1F89, 0x1F89, 0x67F2, 0xC7F9, 0xFFDE, 0xFFDF, 0xEFDF, 0x8DB7, 0x334C, 0x22C9,   // 0x3BB0 (15280) pixels
0x540B, 0xA4ED, 0xDD4D, 0xE50D, 0xD530, 0xD531, 0xD530, 0xDD6F, 0xDD51, 0xCD6F, 0x9CED, 0x6CCD, 0x654E, 0x5D0D, 0x652D, 0x5D0E,   // 0x3BC0 (15296) pixels
0x6D2C, 0x6D0F, 0x6511, 0x544F, 0x546F, 0x5C6F, 0x3AEB, 0x326B, 0x52CC, 0x428B, 0x3AAC, 0x224A, 0x2ACC, 0x43AE, 0x64AF, 0x6CEF,   // 0x3BD0 (15312) pixels
0x5CEE, 0x64EF, 0x64EF, 0x650E, 0x64ED, 0x64CC, 0x8D4A, 0xB64A, 0xAE09, 0x8D47, 0x74C8, 0x648A, 0x544B, 0x648D, 0x648C, 0x53EA,   // 0x3BE0 (15328) pixels
0x4C2D, 0x3BAC, 0x2B4B, 0x2B0C, 0x1A8B, 0x120A, 0x1A2C, 0x3ACE, 0x224B, 0x1189, 0x08E7, 0x21CA, 0x1A2B, 0x11CA, 0x0988, 0x19CA,   // 0x3BF0 (15344) pixels
0x422A, 0x5A8A, 0x71E8, 0x99E9, 0x99CA, 0x71A9, 0x720B, 0x69AA, 0x6A2B, 0x7189, 0x5948, 0x498A, 0x414A, 0x59A8, 0x8205, 0xDAC6,   // 0x3C00 (15360) pixels
0x29E9, 0x29E9, 0x21E9, 0x2209, 0x21E9, 0x19C9, 0x1988, 0x1168, 0x11A9, 0x1148, 0x218A, 0x21CA, 0x220A, 0x224A, 0x538E, 0xADF7,   // 0x3C10 (15376) pixels
0xFFBF, 0xFFFF, 0xFFFF, 0xE7FD, 0xBFD8, 0x8FD3, 0x5FCE, 0x3F8B, 0x27A8, 0x27AA, 0x2F8C, 0x3F8D, 0x57AF, 0x87D3, 0xBFF8, 0xEFFC,   // 0x3C20 (15392) pixels
0xFFFF, 0xFFFF, 0xEFFF, 0x9E18, 0x5411, 0x332D, 0x2AED, 0x330D, 0x546C, 0x7D0E, 0xA58F, 0xC5CF, 0xCDD0, 0xDDD1, 0xE5B0, 0xE56F,   // 0x3C30 (15408) pixels
0xD5AF, 0xCDCF, 0xB5AF, 0x952D, 0x74CC, 0x64CD, 0x64EE, 0x6D2F, 0x650F, 0x650F, 0x6D0F, 0x6D2F, 0x6D0F, 0x64CE, 0x64CE, 0x6D0F,   // 0x3C40 (15424) pixels
0x7C91, 0x3AC8, 0x6C8D, 0x750E, 0x6CEE, 0x6D2F, 0x650E, 0x5CCC, 0x5D0F, 0x64CE, 0x74EC, 0x7D6C, 0x6D0D, 0x3349, 0x64AA, 0x9E49,   // 0x3C50 (15440) pixels
0x95A9, 0x7C88, 0x6C2A, 0x6C0B, 0x6C4A, 0x6C8A, 0x5C4A, 0x5C2B, 0x43EB, 0x3BAC, 0x2B4D, 0x22EC, 0x22EB, 0x2B0C, 0x2AED, 0x226C,   // 0x3C60 (15456) pixels
0x11AA, 0x19EA, 0x1189, 0x220B, 0x220A, 0x19E9, 0x19E9, 0x1A2A, 0x29CA, 0x3A0B, 0x3A2B, 0x2A29, 0x41E9, 0x71C9, 0x89AA, 0x8989,   // 0x3C70 (15472) pixels
0x61C8, 0x698A, 0x598C, 0x416C, 0x5149, 0x7A68, 0x9AC5, 0xBA83, 0x21C9, 0x21E9, 0x220A, 0x21EA, 0x19C9, 0x19A9, 0x1989, 0x1988,   // 0x3C80 (15488) pixels
0x1149, 0x1149, 0x21CB, 0x21EA, 0x1A4A, 0x1A48, 0x1A27, 0x3AEA, 0x43EC, 0x9573, 0xEF1B, 0xFFDF, 0xFFFF, 0xF7FF, 0xF7FF, 0xFFFF,   // 0x3C90 (15504) pixels
0xFFFF, 0xF7FF, 0xEFFF, 0xF7FF, 0xFFFE, 0xFFDF, 0xFFBF, 0xFF9F, 0xE77D, 0xA5D7, 0x5BAF, 0x228B, 0x228B, 0x2ACC, 0x330D, 0x4BD0,   // 0x3CA0 (15520) pixels
0x64CE, 0x6CED, 0x7D2C, 0x8D6C, 0x9D8D, 0xBD8F, 0xE5B0, 0xFDB0, 0xF56F, 0xF58F, 0xE5D0, 0xD5D0, 0xBDCF, 0x9D8E, 0x7D2D, 0x6CEC,   // 0x3CB0 (15536) pixels
0x6D4E, 0x650D, 0x650E, 0x6D0E, 0x6D2E, 0x6D2F, 0x6D2F, 0x650F, 0x6C4F, 0x3AC8, 0x646D, 0x64AE, 0x542D, 0x5C6F, 0x64CF, 0x64CE,   // 0x3CC0 (15552) pixels
0x5CD1, 0x5C8E, 0x74EC, 0x95CF, 0x7510, 0x2ACA, 0x53E9, 0x95C9, 0x95CB, 0x850A, 0x7CAA, 0x74AA, 0x74A9, 0x6C8A, 0x542B, 0x53ED,   // 0x3CD0 (15568) pixels
0x43CC, 0x334C, 0x2AEC, 0x22CC, 0x22CC, 0x2AEC, 0x228C, 0x11EA, 0x19EA, 0x19EA, 0x11A9, 0x220B, 0x2A2B, 0x220A, 0x11C9, 0x11E9,   // 0x3CE0 (15584) pixels
0x21CA, 0x3A0B, 0x424A, 0x4A6A, 0x5249, 0x7229, 0x99AA, 0xA969, 0x6988, 0x5167, 0x5928, 0x58E7, 0x4946, 0x9AC9, 0xD307, 0xCAC3,   // 0x3CF0 (15600) pixels
0x19C9, 0x19EA, 0x1A0A, 0x19EA, 0x11A9, 0x1189, 0x1969, 0x1969, 0x0989, 0x1189, 0x198A, 0x21A9, 0x2A0A, 0x3A6A, 0x4A49, 0x5248,   // 0x3D00 (15616) pixels
0x8A46, 0xA267, 0xBAC9, 0xC38C, 0xBCB0, 0xCDD6, 0xE6BB, 0xFF5F, 0xFFDE, 0xFFFF, 0xFFDE, 0xFF7C, 0xF6D9, 0xDE16, 0xAD33, 0x8C70,   // 0x3D10 (15632) pixels
0x430D, 0x32AB, 0x228B, 0x22AC, 0x22ED, 0x22AC, 0x22AC, 0x438F, 0x5C0F, 0x648E, 0x6D0E, 0x6D6D, 0x6D4D, 0x7D2E, 0xA54F, 0xC590,   // 0x3D20 (15648) pixels
0xFE11, 0xF5F0, 0xF5D0, 0xEDD0, 0xEE10, 0xDE10, 0xBDCE, 0xA54C, 0x7D0C, 0x6CCB, 0x6CCC, 0x64EC, 0x64ED, 0x650E, 0x5D0E, 0x54CD,   // 0x3D30 (15664) pixels
0x53ED, 0x3B29, 0x5C6E, 0x5C70, 0x334D, 0x3B6D, 0x43CE, 0x544E, 0x5C6E, 0x7D2C, 0x95CC, 0x8DAF, 0x4BEF, 0x1A2B, 0x436B, 0x7D2C,   // 0x3D40 (15680) pixels
0x8D8A, 0x74A8, 0x6428, 0x6428, 0x6469, 0x648A, 0x542C, 0x4BCD, 0x4BCD, 0x3B4D, 0x330D, 0x2AED, 0x228B, 0x1A6A, 0x1A4A, 0x1A0B,   // 0x3D50 (15696) pixels
0x19E9, 0x19EA, 0x1188, 0x19CA, 0x19CA, 0x19CA, 0x19CA, 0x1A0B, 0x21CA, 0x2209, 0x3228, 0x6228, 0x8A09, 0x99C9, 0x8989, 0x7968,   // 0x3D60 (15712) pixels
0x59CA, 0x41C8, 0x5A28, 0x5A48, 0x41A5, 0x7A88, 0xC2C6, 0xCAA3, 0x11C9, 0x11EA, 0x11EA, 0x11EA, 0x11A9, 0x1189, 0x1969, 0x1969,   // 0x3D70 (15728) pixels
0x09C9, 0x0968, 0x1968, 0x29C9, 0x31E9, 0x41E9, 0x5A29, 0x724A, 0x922A, 0x9229, 0x9248, 0x8A67, 0x8267, 0x6A47, 0x5A48, 0x5A49,   // 0x3D80 (15744) pixels
0x8A87, 0x9A89, 0xA26A, 0x9A6A, 0x8ACA, 0x734B, 0x5B6C, 0x4B4D, 0x3B2E, 0x2ACC, 0x22CC, 0x1ACC, 0x22ED, 0x2B2E, 0x2ACC, 0x22AB,   // 0x3D90 (15760) pixels
0x2B4D, 0x4C4F, 0x6D30, 0x6D6F, 0x654E, 0x5D2E, 0x6D4E, 0x7D6E, 0xC54E, 0xD58F, 0xEDB0, 0xF590, 0xED8F, 0xED8F, 0xEDCF, 0xE5EF,   // 0x3DA0 (15776) pixels
0xD5B0, 0xC56F, 0xBDB0, 0xADB1, 0x8D4F, 0x750E, 0x64CE, 0x544C, 0x4BEB, 0x43EC, 0x544F, 0x4C30, 0x332E, 0x2AEE, 0x2AEC, 0x43AE,   // 0x3DB0 (15792) pixels
0x7D0C, 0x9DEC, 0xA62C, 0x852D, 0x438D, 0x22AC, 0x330A, 0x4388, 0x854A, 0x6C69, 0x5BE9, 0x5BEB, 0x5C0A, 0x540A, 0x43CA, 0x336A,   // 0x3DC0 (15808) pixels
0x32CA, 0x1A49, 0x1A0A, 0x226C, 0x228B, 0x224A, 0x19E9, 0x11A9, 0x222A, 0x222A, 0x1188, 0x19A9, 0x1169, 0x1189, 0x11AA, 0x19EB,   // 0x3DD0 (15824) pixels
0x21CB, 0x11E9, 0x2A08, 0x69E8, 0xA1A9, 0x9989, 0x6989, 0x4988, 0x414B, 0x6ACB, 0x8328, 0x82C4, 0x8B06, 0xC3AA, 0xD2E7, 0xCA43,   // 0x3DE0 (15840) pixels
0x11A9, 0x11C9, 0x11C9, 0x11CA, 0x11CA, 0x19AA, 0x198A, 0x196A, 0x19E9, 0x19A8, 0x1988, 0x21C9, 0x21E9, 0x29C8, 0x4209, 0x5A2A,   // 0x3DF0 (15856) pixels
0x4A2A, 0x5228, 0x6247, 0x7287, 0x7A87, 0x7A67, 0x7A47, 0x7A49, 0x6A67, 0x7248, 0x7A29, 0x7A49, 0x62CA, 0x4B4B, 0x3B6C, 0x2B6D,   // 0x3E00 (15872) pixels
0x32ED, 0x2ACC, 0x22CC, 0x128B, 0x1ACC, 0x2B4E, 0x2B0D, 0x2ACC, 0x230B, 0x43CC, 0x64AD, 0x750E, 0x750D, 0x7D2E, 0x954E, 0xA54E,   // 0x3E10 (15888) pixels
0xBD4E, 0xD5B0, 0xE5F1, 0xEDD0, 0xE58F, 0xE58E, 0xE5CF, 0xEE0F, 0xDDB0, 0xC54E, 0xBD8F, 0xB5F1, 0x9590, 0x7D2F, 0x6CEE, 0x64AD,   // 0x3E20 (15904) pixels
0x546D, 0x548E, 0x440D, 0x3B8E, 0x334F, 0x332F, 0x2AEC, 0x53EF, 0xA5CC, 0xA60C, 0x9DAC, 0x6CAD, 0x3B4C, 0x1AAB, 0x22EA, 0x330A,   // 0x3E30 (15920) pixels
0x748C, 0x640B, 0x5BEB, 0x640C, 0x5C0C, 0x4BCA, 0x438A, 0x334A, 0x32EB, 0x2A8B, 0x228C, 0x228C, 0x226B, 0x1A09, 0x1A0A, 0x220B,   // 0x3E40 (15936) pixels
0x222A, 0x1A0A, 0x0947, 0x1189, 0x19AA, 0x21CB, 0x11AA, 0x118A, 0x21AC, 0x21CB, 0x3A0A, 0x620A, 0x71EA, 0x61A9, 0x51A9, 0x51AA,   // 0x3E50 (15952) pixels
0x496A, 0x31A5, 0x7AA6, 0xA307, 0x6A44, 0x9AA6, 0xEAE7, 0xD324, 0x19EA, 0x19CA, 0x19CA, 0x19CA, 0x19CA, 0x19AA, 0x1969, 0x1149,   // 0x3E60 (15968) pixels
0x19C8, 0x19C9, 0x19A9, 0x1189, 0x19C9, 0x29EA, 0x39A9, 0x4989, 0x5227, 0x61A6, 0x7185, 0x81E6, 0x8267, 0x7A67, 0x7A27, 0x81E7,   // 0x3E70 (15984) pixels
0x62AA, 0x628A, 0x626A, 0x6A69, 0x7288, 0x7288, 0x6288, 0x5269, 0x42CB, 0x3AEC, 0x32CC, 0x228B, 0x1AAC, 0x22CC, 0x22EC, 0x3B6E,   // 0x3E80 (16000) pixels
0x332C, 0x43AC, 0x5C8C, 0x652D, 0x6D4E, 0x854E, 0xAD90, 0xD5F2, 0xD5CF, 0xD5CF, 0xDDCF, 0xDDAF, 0xE5AF, 0xEDCF, 0xEDCF, 0xEDAE,   // 0x3E90 (16016) pixels
0xA5AF, 0x84EB, 0x6CAB, 0x6D0D, 0x650D, 0x5CED, 0x5D0E, 0x652F, 0x5CAE, 0x5C8E, 0x43CC, 0x332C, 0x2B0D, 0x330D, 0x332B, 0x648F,   // 0x3EA0 (16032) pixels
0xA609, 0xA62C, 0x854C, 0x540B, 0x334C, 0x22AD, 0x2ACE, 0x2ACD, 0x42E9, 0x4B29, 0x5BCA, 0x6C6B, 0x644A, 0x4BEA, 0x4BCB, 0x43AC,   // 0x3EB0 (16048) pixels
0x330B, 0x2ACB, 0x228C, 0x1A4B, 0x09C8, 0x09A8, 0x1A0A, 0x2A4C, 0x11A9, 0x11A9, 0x0107, 0x1148, 0x1989, 0x19CA, 0x19CA, 0x19CA,   // 0x3EC0 (16064) pixels
0x216A, 0x21AA, 0x29CA, 0x41CA, 0x518A, 0x5169, 0x4989, 0x41A9, 0x31A8, 0x39E7, 0x59E6, 0x7A07, 0x7A88, 0xA308, 0xAA64, 0xA2A1,   // 0x3ED0 (16080) pixels
0x29EA, 0x220A, 0x220A, 0x21EA, 0x19CA, 0x19A9, 0x1168, 0x1148, 0x0968, 0x1189, 0x21CA, 0x19A9, 0x19C9, 0x29C9, 0x3989, 0x59EA,   // 0x3EE0 (16096) pixels
0x4A09, 0x61EA, 0x71CA, 0x71C9, 0x59C8, 0x5207, 0x5A47, 0x6268, 0x7268, 0x6248, 0x5228, 0x5A47, 0x6A47, 0x7227, 0x7A28, 0x822A,   // 0x3EF0 (16112) pixels
0x5ACB, 0x4A8A, 0x3249, 0x2249, 0x2ACC, 0x2B0D, 0x22CB, 0x2B0C, 0x2B2C, 0x3BCC, 0x5CAD, 0x6D4E, 0x6D4D, 0x7D0D, 0x9D2E, 0xC5B0,   // 0x3F00 (16128) pixels
0xEDB0, 0xE5D0, 0xE5F0, 0xD5D0, 0xD5B0, 0xDDB0, 0xE5B1, 0xE5B1, 0xA631, 0x858F, 0x6D0D, 0x650D, 0x650D, 0x64CE, 0x64CE, 0x6CEF,   // 0x3F10 (16144) pixels
0x7510, 0x648E, 0x64AE, 0x5C8F, 0x4C2F, 0x544F, 0x5C8E, 0x756F, 0x8DCA, 0x856B, 0x5429, 0x3347, 0x334B, 0x1A6C, 0x32CC, 0x3AE9,   // 0x3F20 (16160) pixels
0x42C7, 0x5369, 0x6C2A, 0x74CB, 0x646A, 0x4BC8, 0x4BEB, 0x4BEC, 0x4BEC, 0x332B, 0x228B, 0x1A6A, 0x1A6A, 0x228B, 0x1A4B, 0x11A9,   // 0x3F30 (16176) pixels
0x1189, 0x19CA, 0x1149, 0x1169, 0x1148, 0x1189, 0x19A9, 0x1A0A, 0x1988, 0x19A9, 0x19C9, 0x2189, 0x4169, 0x596A, 0x6189, 0x5188,   // 0x3F40 (16192) pixels
0x31AA, 0x6189, 0x8A08, 0xBAE9, 0xCB08, 0xBAE7, 0x9A64, 0xAAA5
};


#endif // FORESTCOMPLETE_H_INCLUDED