// Generated by   : ImageConverter 565 Online
// Generated from : water.jpg
// Time generated : Tue, 27 May 25 04:09:49 +0200  (Server timezone: CET)
// Image Size     : 190x128 pixels
// Memory usage   : 48640 bytes

#ifndef LAVACOMPLETE_H
#define LAVACOMPLETE_H

#include <TFT_eSPI.h>

void drawLavaComplete(TFT_eSPI &tft);

#if defined(__AVR__)
#include <avr/pgmspace.h>
#elif defined(__PIC32MX__)
#define PROGMEM
#elif defined(__arm__)
#define PROGMEM
#endif

const unsigned short lavaComplete[16200] PROGMEM = {
    0x30EB, 0x30EB, 0x30EB, 0x30EB, 0x30EB, 0x30EB, 0x30EB, 0x30EB, 0x30EB, 0x30EB, 0x30EB, 0x30EB, 0x30EB, 0x30EB, 0x30EB, 0x30EB, // 0x0010 (16) pixels
    0x30EC, 0x30EC, 0x30EC, 0x30EC, 0x30EC, 0x30EC, 0x30EC, 0x30EC, 0x30EB, 0x30EB, 0x30EB, 0x30EB, 0x30EB, 0x30EB, 0x30EB, 0x30EB, // 0x0020 (32) pixels
    0x390D, 0x392D, 0x392D, 0x394E, 0x414E, 0x416F, 0x49AF, 0x49D0, 0x5170, 0x492F, 0x58ED, 0x412F, 0x4150, 0x40CD, 0x392C, 0x412B, // 0x0030 (48) pixels
    0x38EC, 0x38EC, 0x38EB, 0x30EB, 0x38EC, 0x30EC, 0x30EB, 0x30EB, 0x310C, 0x310C, 0x310C, 0x310C, 0x310C, 0x310C, 0x310C, 0x310C, // 0x0040 (64) pixels
    0x310C, 0x310C, 0x310C, 0x310C, 0x310C, 0x310C, 0x310C, 0x310C, 0x38EC, 0x310C, 0x310C, 0x310C, 0x310C, 0x310C, 0x310C, 0x310C, // 0x0050 (80) pixels
    0x38CB, 0x30EB, 0x290C, 0x312C, 0x310C, 0x38EC, 0x310C, 0x290B, 0x310B, 0x38EB, 0x310B, 0x312B, 0x390B, 0x310B, 0x290A, 0x390B, // 0x0060 (96) pixels
    0x38ED, 0x38CD, 0x38CD, 0x310D, 0x312C, 0x310B, 0x40CA, 0x48A9, 0x58AB, 0x48CB, 0x390A, 0x310A, 0x30CA, 0x30AA, 0x388A, 0x308A, // 0x0070 (112) pixels
    0x308A, 0x288A, 0x20AB, 0x208A, 0x2849, 0x2848, 0x2068, 0x20A7, 0x30EB, 0x30EB, 0x30EB, 0x30EB, 0x30EB, 0x30EB, 0x30EB, 0x30EB, // 0x0080 (128) pixels
    0x30EB, 0x30EB, 0x30EB, 0x30EB, 0x30EB, 0x30EB, 0x30EB, 0x30EB, 0x30EC, 0x30EC, 0x30EC, 0x30EC, 0x30EC, 0x30EC, 0x30EC, 0x30EC, // 0x0090 (144) pixels
    0x30EB, 0x30EB, 0x30EB, 0x30EB, 0x30EB, 0x30EB, 0x30EB, 0x30EB, 0x30EC, 0x310C, 0x392D, 0x394D, 0x414E, 0x416E, 0x418F, 0x49AF, // 0x00A0 (160) pixels
    0x4171, 0x612B, 0x8108, 0x492D, 0x3951, 0x48CD, 0x410D, 0x28EC, 0x38EC, 0x30EC, 0x30EB, 0x30EB, 0x30EC, 0x38EC, 0x30EC, 0x30EB, // 0x00B0 (176) pixels
    0x310C, 0x310C, 0x310C, 0x310C, 0x310C, 0x310C, 0x310C, 0x310C, 0x310C, 0x310C, 0x310C, 0x310C, 0x310C, 0x310C, 0x310C, 0x310C, // 0x00C0 (192) pixels
    0x310C, 0x310C, 0x310C, 0x310C, 0x310C, 0x310C, 0x310C, 0x310C, 0x40EC, 0x390C, 0x310C, 0x310C, 0x38EC, 0x390C, 0x310C, 0x290B, // 0x00D0 (208) pixels
    0x28EC, 0x390C, 0x310C, 0x310C, 0x38EC, 0x310C, 0x310B, 0x390C, 0x310C, 0x310C, 0x310C, 0x310C, 0x310C, 0x390B, 0x490B, 0x590B, // 0x00E0 (224) pixels
    0x588B, 0x408A, 0x2889, 0x2089, 0x2068, 0x2069, 0x2069, 0x2089, 0x286A, 0x206A, 0x1889, 0x2089, 0x3089, 0x4089, 0x4889, 0x48A9, // 0x00F0 (240) pixels
    0x30EB, 0x30EB, 0x30EB, 0x30EB, 0x30EB, 0x30EB, 0x30EB, 0x30EB, 0x310B, 0x310B, 0x310B, 0x310B, 0x310B, 0x310B, 0x310B, 0x310B, // 0x0100 (256) pixels
    0x30EC, 0x30EC, 0x30EC, 0x30EC, 0x30EC, 0x30EC, 0x30EC, 0x30EC, 0x30EB, 0x30EB, 0x30EB, 0x30EB, 0x30EB, 0x30EB, 0x30EB, 0x30EB, // 0x0110 (272) pixels
    0x30CB, 0x30EC, 0x390D, 0x392D, 0x394E, 0x414E, 0x418E, 0x418F, 0x4930, 0x80E9, 0xB0A4, 0x68C8, 0x312D, 0x28EC, 0x310E, 0x48EF, // 0x0120 (288) pixels
    0x310C, 0x30EB, 0x30EB, 0x30EB, 0x310C, 0x38EC, 0x38EC, 0x30EC, 0x310C, 0x310C, 0x310C, 0x310C, 0x310C, 0x310C, 0x310C, 0x310C, // 0x0130 (304) pixels
    0x310C, 0x310C, 0x310C, 0x310C, 0x310C, 0x310C, 0x310C, 0x310C, 0x310C, 0x310C, 0x310C, 0x310C, 0x310C, 0x310C, 0x310C, 0x310C, // 0x0140 (320) pixels
    0x38EB, 0x310B, 0x310C, 0x310C, 0x38EC, 0x40CC, 0x38ED, 0x310D, 0x28EC, 0x390D, 0x310C, 0x28EC, 0x38EC, 0x390C, 0x310C, 0x38EC, // 0x0150 (336) pixels
    0x290A, 0x310B, 0x390C, 0x30EB, 0x30EB, 0x38EB, 0x48EB, 0x58CB, 0x60AC, 0x408B, 0x2889, 0x2089, 0x20A9, 0x2089, 0x2089, 0x20A9, // 0x0160 (352) pixels
    0x20A9, 0x2089, 0x2068, 0x3088, 0x4889, 0x58AA, 0x58AA, 0x50AA, 0x30EB, 0x30EB, 0x30EB, 0x30EB, 0x30EB, 0x30EB, 0x30EB, 0x30EB, // 0x0170 (368) pixels
    0x310B, 0x310B, 0x310B, 0x310B, 0x310B, 0x310B, 0x310B, 0x310B, 0x30EC, 0x30EC, 0x30EC, 0x30EC, 0x30EC, 0x30EC, 0x30EC, 0x30EC, // 0x0180 (384) pixels
    0x30EB, 0x30EB, 0x30EB, 0x30EB, 0x30EB, 0x30EB, 0x30EB, 0x30EB, 0x30EC, 0x30EC, 0x30EC, 0x310C, 0x390D, 0x394E, 0x418E, 0x49AF, // 0x0190 (400) pixels
    0x612E, 0x78AA, 0xB846, 0xA846, 0x78EA, 0x40CA, 0x190D, 0x38EF, 0x310C, 0x290B, 0x310B, 0x310C, 0x310C, 0x310C, 0x390C, 0x38EC, // 0x01A0 (416) pixels
    0x310C, 0x310C, 0x310C, 0x310C, 0x310C, 0x310C, 0x310C, 0x310C, 0x310C, 0x310C, 0x310C, 0x310C, 0x310C, 0x310C, 0x310C, 0x310C, // 0x01B0 (432) pixels
    0x310C, 0x310C, 0x310C, 0x310C, 0x310C, 0x310C, 0x310C, 0x38EC, 0x38CB, 0x30EB, 0x310B, 0x310C, 0x30EC, 0x30AB, 0x30EC, 0x312D, // 0x01C0 (448) pixels
    0x30EB, 0x40EC, 0x38EB, 0x30CB, 0x40EC, 0x412C, 0x310C, 0x38AB, 0x40C9, 0x48EA, 0x48EB, 0x40CB, 0x38CB, 0x38CB, 0x40AA, 0x488A, // 0x01D0 (464) pixels
    0x488B, 0x388A, 0x2089, 0x20A9, 0x28A9, 0x2889, 0x2069, 0x2089, 0x28A8, 0x2888, 0x3867, 0x4868, 0x6089, 0x58AA, 0x48CA, 0x30CA, // 0x01E0 (480) pixels
    0x30EB, 0x30EB, 0x30EB, 0x30EB, 0x30EB, 0x30EB, 0x30EB, 0x30EB, 0x310B, 0x310B, 0x310B, 0x310B, 0x310B, 0x310B, 0x310B, 0x310B, // 0x01F0 (496) pixels
    0x30EC, 0x30EC, 0x30EC, 0x30EC, 0x30EC, 0x30EC, 0x30EC, 0x30EC, 0x30EB, 0x30EB, 0x30EB, 0x30EB, 0x30EB, 0x30EB, 0x30EB, 0x30EB, // 0x0200 (512) pixels
    0x310C, 0x310C, 0x30EC, 0x30EC, 0x310C, 0x392D, 0x416E, 0x49AF, 0x516D, 0x60EC, 0xA049, 0xA808, 0xC089, 0xA868, 0x48AA, 0x08EC, // 0x0210 (528) pixels
    0x310C, 0x30EB, 0x30EB, 0x30EC, 0x310C, 0x310C, 0x390C, 0x38EC, 0x310C, 0x310C, 0x310C, 0x310C, 0x310C, 0x310C, 0x310C, 0x310C, // 0x0220 (544) pixels
    0x310C, 0x310C, 0x310C, 0x310C, 0x310C, 0x310C, 0x310C, 0x310C, 0x310C, 0x310C, 0x310C, 0x310C, 0x38EC, 0x38EC, 0x38EC, 0x38EC, // 0x0230 (560) pixels
    0x40CB, 0x40EC, 0x390B, 0x30EB, 0x30EB, 0x390B, 0x310B, 0x212B, 0x50AA, 0x60CB, 0x58EB, 0x48CA, 0x58CB, 0x58EB, 0x48CB, 0x488A, // 0x0240 (576) pixels
    0x58CA, 0x58CB, 0x58AB, 0x50AB, 0x40CB, 0x38EB, 0x38CA, 0x3869, 0x2869, 0x2069, 0x1889, 0x20A9, 0x2869, 0x3049, 0x3049, 0x3869, // 0x0250 (592) pixels
    0x4847, 0x5047, 0x5068, 0x6069, 0x608A, 0x50AB, 0x38EB, 0x210B, 0x30EB, 0x30EB, 0x30EB, 0x30EB, 0x30EB, 0x30EB, 0x30EB, 0x30EB, // 0x0260 (608) pixels
    0x310B, 0x310B, 0x310B, 0x310B, 0x310B, 0x310B, 0x310B, 0x310B, 0x30EC, 0x30EC, 0x30EC, 0x30EC, 0x30EC, 0x30EC, 0x30EC, 0x30EC, // 0x0270 (624) pixels
    0x30EB, 0x30EB, 0x30EB, 0x30EB, 0x30EB, 0x30EB, 0x30EB, 0x30EB, 0x30EB, 0x30EC, 0x310C, 0x310C, 0x392C, 0x392D, 0x394E, 0x416E, // 0x0280 (640) pixels
    0x41AE, 0x710C, 0x888A, 0x4829, 0x7089, 0xC867, 0xA089, 0x60EC, 0x38EC, 0x38EC, 0x38EC, 0x30EC, 0x390C, 0x310C, 0x310C, 0x310C, // 0x0290 (656) pixels
    0x310C, 0x310C, 0x310C, 0x310C, 0x310C, 0x310C, 0x310C, 0x310C, 0x310C, 0x310C, 0x310C, 0x310C, 0x310C, 0x310C, 0x310C, 0x310C, // 0x02A0 (672) pixels
    0x310C, 0x310C, 0x310C, 0x310C, 0x38EC, 0x38EC, 0x38EC, 0x38EC, 0x290B, 0x314C, 0x292B, 0x30CA, 0x48EB, 0x612D, 0x610C, 0x5089, // 0x02B0 (688) pixels
    0x6849, 0x78AA, 0x78EB, 0x68CA, 0x688A, 0x60AA, 0x50AA, 0x58AA, 0x58CA, 0x508A, 0x504A, 0x404A, 0x388A, 0x30CA, 0x30AA, 0x3089, // 0x02C0 (704) pixels
    0x2069, 0x1889, 0x18A9, 0x2089, 0x3069, 0x4049, 0x4869, 0x5089, 0x7849, 0x6869, 0x6089, 0x58AA, 0x508A, 0x40AB, 0x38CC, 0x28EC, // 0x02D0 (720) pixels
    0x30EB, 0x30EB, 0x30EB, 0x30EB, 0x30EB, 0x30EB, 0x30EB, 0x30EB, 0x30EB, 0x30EB, 0x30EB, 0x30EB, 0x30EB, 0x30EB, 0x30EB, 0x30EB, // 0x02E0 (736) pixels
    0x30EC, 0x30EC, 0x30EC, 0x30EC, 0x30EC, 0x30EC, 0x30EC, 0x30EC, 0x30EB, 0x30EB, 0x30EB, 0x30EB, 0x30EB, 0x30EB, 0x30EB, 0x30EB, // 0x02F0 (752) pixels
    0x30EB, 0x30EC, 0x310C, 0x310C, 0x390C, 0x392D, 0x394D, 0x394E, 0x3990, 0x792C, 0x88C8, 0x1868, 0x08C9, 0x6887, 0xA888, 0xC8CA, // 0x0300 (768) pixels
    0x40CC, 0x40CC, 0x38CC, 0x38EC, 0x38EC, 0x310C, 0x310C, 0x310C, 0x310C, 0x310C, 0x310C, 0x310C, 0x310C, 0x310C, 0x310C, 0x310C, // 0x0310 (784) pixels
    0x310C, 0x310C, 0x310C, 0x310C, 0x310C, 0x310C, 0x310C, 0x310C, 0x310C, 0x310C, 0x310C, 0x310C, 0x38EC, 0x38EC, 0x38EC, 0x38EC, // 0x0320 (800) pixels
    0x210B, 0x292C, 0x312B, 0x40CA, 0x60CB, 0x88EC, 0x88CB, 0x8069, 0x706A, 0x788A, 0x70AA, 0x60AA, 0x588A, 0x508A, 0x40AA, 0x48CB, // 0x0330 (816) pixels
    0x30A9, 0x3069, 0x3029, 0x3049, 0x2869, 0x2089, 0x2089, 0x2889, 0x2868, 0x2068, 0x2068, 0x2847, 0x4048, 0x5089, 0x58AA, 0x5089, // 0x0340 (832) pixels
    0x60AB, 0x50CB, 0x40EB, 0x38CB, 0x38CB, 0x38CC, 0x38CC, 0x30CB, 0x30EB, 0x30EB, 0x30EB, 0x30EB, 0x30EB, 0x30EB, 0x30EB, 0x30EB, // 0x0350 (848) pixels
    0x30EB, 0x30EB, 0x30EB, 0x30EB, 0x30EB, 0x30EB, 0x30EB, 0x30EB, 0x30EC, 0x30EC, 0x30EC, 0x30EC, 0x30EC, 0x30EC, 0x30EC, 0x30EC, // 0x0360 (864) pixels
    0x30EB, 0x30EB, 0x30EB, 0x30EB, 0x30EB, 0x30EB, 0x30EB, 0x30EB, 0x310C, 0x310C, 0x30EC, 0x30EB, 0x30EC, 0x310C, 0x394D, 0x394E, // 0x0370 (880) pixels
    0x416F, 0x594B, 0x8907, 0x4068, 0x08AC, 0x104A, 0x5046, 0xC083, 0x48CC, 0x40CC, 0x40CC, 0x38CC, 0x38EC, 0x310C, 0x310C, 0x310B, // 0x0380 (896) pixels
    0x310C, 0x310C, 0x310C, 0x310C, 0x310C, 0x310C, 0x310C, 0x310C, 0x310C, 0x310C, 0x310C, 0x310C, 0x310C, 0x310C, 0x310C, 0x310C, // 0x0390 (912) pixels
    0x310C, 0x310C, 0x310C, 0x38EC, 0x38EC, 0x38EC, 0x38EC, 0x38EC, 0x408C, 0x40AC, 0x48CC, 0x58CB, 0x708A, 0x7869, 0x8069, 0x80A9, // 0x03A0 (928) pixels
    0x68CB, 0x688A, 0x5069, 0x4089, 0x48AB, 0x38CB, 0x28CA, 0x28CA, 0x10C9, 0x1889, 0x208A, 0x288A, 0x20AA, 0x1889, 0x2088, 0x2888, // 0x03B0 (944) pixels
    0x3048, 0x3068, 0x2848, 0x3048, 0x4889, 0x60EA, 0x58EA, 0x48A8, 0x290B, 0x210B, 0x210B, 0x290C, 0x310D, 0x38EC, 0x38EC, 0x30EB, // 0x03C0 (960) pixels
    0x30EB, 0x30EB, 0x30EB, 0x30EB, 0x30EB, 0x38EC, 0x38EC, 0x38EC, 0x30EB, 0x30EB, 0x30EC, 0x310C, 0x310C, 0x310C, 0x310C, 0x310C, // 0x03D0 (976) pixels
    0x30EB, 0x30EB, 0x30EB, 0x310B, 0x310C, 0x30EC, 0x30EC, 0x30EB, 0x30EC, 0x30EC, 0x30EC, 0x30EC, 0x30EC, 0x30EC, 0x30EC, 0x30EC, // 0x03E0 (992) pixels
    0x30EC, 0x30EC, 0x30EC, 0x30EC, 0x30EC, 0x310C, 0x392D, 0x414D, 0x398F, 0x612A, 0xA0EB, 0x508B, 0x216E, 0x292A, 0x3066, 0x904B, // 0x03F0 (1008) pixels
    0x58CB, 0x38CA, 0x292A, 0x296C, 0x310B, 0x30CB, 0x30EC, 0x28EC, 0x30EB, 0x38EC, 0x390C, 0x390C, 0x390C, 0x38EB, 0x30EB, 0x38EB, // 0x0400 (1024) pixels
    0x30EB, 0x30EB, 0x30EB, 0x38EC, 0x390C, 0x310C, 0x310C, 0x310C, 0x38EC, 0x390D, 0x28EC, 0x212C, 0x38CB, 0x80CC, 0xA0AB, 0x9868, // 0x0410 (1040) pixels
    0x6888, 0x8069, 0x986A, 0x988B, 0x78AA, 0x60AA, 0x6089, 0x688A, 0x684A, 0x5849, 0x408A, 0x30CA, 0x20CA, 0x290A, 0x30EA, 0x2889, // 0x0420 (1056) pixels
    0x18C9, 0x20A8, 0x3087, 0x3887, 0x3868, 0x3068, 0x2869, 0x208A, 0x3868, 0x50A9, 0x6069, 0x6008, 0x6849, 0x60EB, 0x492B, 0x30E9, // 0x0430 (1072) pixels
    0x30EC, 0x30EC, 0x30EC, 0x30EC, 0x30EB, 0x30EB, 0x30EB, 0x30EB, 0x30EB, 0x30EB, 0x30EB, 0x30EB, 0x30EB, 0x30EB, 0x30EB, 0x30EB, // 0x0440 (1088) pixels
    0x30EC, 0x310C, 0x310C, 0x390C, 0x390C, 0x390C, 0x390C, 0x390C, 0x392C, 0x310B, 0x30EB, 0x30EB, 0x30EB, 0x30EB, 0x30EB, 0x310C, // 0x0450 (1104) pixels
    0x30EC, 0x30EC, 0x30EC, 0x30EC, 0x30EC, 0x30EC, 0x30EC, 0x30EC, 0x30EC, 0x30EC, 0x30EC, 0x30EC, 0x30EC, 0x30EC, 0x392D, 0x394D, // 0x0460 (1120) pixels
    0x316F, 0x68EA, 0x90EB, 0x48AB, 0x394E, 0x690C, 0x7067, 0x7888, 0x48CD, 0x40CC, 0x38CC, 0x30EC, 0x290C, 0x312D, 0x312D, 0x30EC, // 0x0470 (1136) pixels
    0x38EB, 0x390C, 0x390C, 0x390C, 0x390C, 0x38EC, 0x38EC, 0x38EC, 0x310B, 0x310C, 0x390C, 0x390C, 0x390C, 0x310C, 0x310C, 0x310C, // 0x0480 (1152) pixels
    0x292C, 0x390C, 0x30EC, 0x314C, 0x50CA, 0x90CB, 0xA0AA, 0x88A9, 0x60A9, 0x708A, 0x804A, 0x786A, 0x5889, 0x4089, 0x4069, 0x4869, // 0x0490 (1168) pixels
    0x48CB, 0x38AA, 0x288A, 0x1889, 0x1869, 0x2089, 0x2889, 0x2828, 0x288A, 0x3069, 0x4049, 0x5048, 0x5848, 0x6027, 0x5847, 0x5848, // 0x04A0 (1184) pixels
    0x5048, 0x5089, 0x50CA, 0x40AA, 0x38AA, 0x38EC, 0x38ED, 0x30ED, 0x390C, 0x390C, 0x390C, 0x390C, 0x390C, 0x390C, 0x38EC, 0x30EB, // 0x04B0 (1200) pixels
    0x310B, 0x310B, 0x310B, 0x30EB, 0x30EB, 0x30EB, 0x30EB, 0x30EB, 0x390C, 0x390C, 0x390C, 0x392C, 0x392C, 0x392C, 0x392C, 0x392C, // 0x04C0 (1216) pixels
    0x394C, 0x392C, 0x310B, 0x30EB, 0x30EB, 0x30EB, 0x30EB, 0x310C, 0x30EC, 0x30EC, 0x30EC, 0x30EC, 0x30EC, 0x30EC, 0x30EC, 0x30EC, // 0x04D0 (1232) pixels
    0x30EC, 0x30EC, 0x310C, 0x30EC, 0x30EC, 0x30EC, 0x390C, 0x392D, 0x312E, 0x70AA, 0x790A, 0x40EB, 0x490E, 0x80CB, 0xA068, 0x78A7, // 0x04E0 (1248) pixels
    0x310D, 0x30ED, 0x30AC, 0x30AB, 0x30EC, 0x310C, 0x30EC, 0x38CB, 0x390C, 0x390C, 0x392C, 0x392C, 0x390C, 0x390C, 0x390C, 0x390C, // 0x04F0 (1264) pixels
    0x310C, 0x390C, 0x390C, 0x390C, 0x38EC, 0x30EB, 0x310B, 0x310C, 0x290B, 0x28EB, 0x30CB, 0x50CA, 0x7867, 0x9868, 0x8848, 0x6848, // 0x0500 (1280) pixels
    0x48AA, 0x508A, 0x586A, 0x508A, 0x38AA, 0x20A9, 0x2068, 0x3049, 0x308A, 0x286A, 0x208A, 0x188A, 0x1889, 0x20CA, 0x28AA, 0x2889, // 0x0510 (1296) pixels
    0x286A, 0x284A, 0x384A, 0x404A, 0x504A, 0x5849, 0x6848, 0x7067, 0x60AA, 0x50AA, 0x40EB, 0x312B, 0x294C, 0x292C, 0x310C, 0x392D, // 0x0520 (1312) pixels
    0x390C, 0x390C, 0x390C, 0x390C, 0x390C, 0x390C, 0x390C, 0x390B, 0x310B, 0x310B, 0x310B, 0x310B, 0x310B, 0x310B, 0x310B, 0x310B, // 0x0530 (1328) pixels
    0x390C, 0x392C, 0x392C, 0x392C, 0x392C, 0x392C, 0x392C, 0x392C, 0x392C, 0x392C, 0x392C, 0x392C, 0x392C, 0x310C, 0x30EC, 0x30EB, // 0x0540 (1344) pixels
    0x30EC, 0x30EC, 0x30EC, 0x30EC, 0x30EC, 0x30EC, 0x30EC, 0x30EC, 0x30EB, 0x30EC, 0x310C, 0x310C, 0x30EC, 0x30EC, 0x310C, 0x310C, // 0x0550 (1360) pixels
    0x308B, 0x6869, 0x80EA, 0x40EB, 0x292C, 0x58EA, 0x88A8, 0xA0C8, 0x588A, 0x50A9, 0x4089, 0x48AA, 0x50CB, 0x48AB, 0x38CB, 0x394C, // 0x0560 (1376) pixels
    0x390C, 0x410C, 0x412C, 0x412C, 0x410C, 0x390C, 0x390C, 0x390C, 0x390C, 0x390C, 0x392C, 0x390C, 0x38EC, 0x30EB, 0x310B, 0x310C, // 0x0570 (1392) pixels
    0x392C, 0x290B, 0x40EB, 0x90CA, 0xB8C8, 0xB109, 0x88E9, 0x70AB, 0x408A, 0x406A, 0x406A, 0x38AA, 0x28EA, 0x18CA, 0x1889, 0x2069, // 0x0580 (1408) pixels
    0x2869, 0x2869, 0x2869, 0x2869, 0x2869, 0x3069, 0x3868, 0x3848, 0x4087, 0x3868, 0x3068, 0x388A, 0x38AA, 0x48AA, 0x58CA, 0x60EA, // 0x0590 (1424) pixels
    0x48EB, 0x40CA, 0x38AA, 0x38EB, 0x392B, 0x390B, 0x310A, 0x310A, 0x390C, 0x390C, 0x38EC, 0x390C, 0x390C, 0x390C, 0x390C, 0x38EB, // 0x05A0 (1440) pixels
    0x30EB, 0x30EB, 0x30EB, 0x310B, 0x310B, 0x310B, 0x310C, 0x310C, 0x392C, 0x392C, 0x392C, 0x392C, 0x392C, 0x392C, 0x392C, 0x392C, // 0x05B0 (1456) pixels
    0x390C, 0x392C, 0x392C, 0x392C, 0x392C, 0x310C, 0x30EB, 0x30EB, 0x310C, 0x310C, 0x310C, 0x310C, 0x310C, 0x310C, 0x310C, 0x310C, // 0x05C0 (1472) pixels
    0x30EB, 0x310C, 0x310C, 0x310C, 0x310C, 0x30EC, 0x30EC, 0x30EC, 0x30CB, 0x68C9, 0x98EB, 0x410B, 0x194C, 0x38E9, 0x5087, 0x8089, // 0x05D0 (1488) pixels
    0xA827, 0xA068, 0x9088, 0x80A9, 0x70CA, 0x58CA, 0x410B, 0x398D, 0x412C, 0x412C, 0x412C, 0x412C, 0x412C, 0x412C, 0x410C, 0x390C, // 0x05E0 (1504) pixels
    0x390C, 0x392C, 0x412C, 0x410C, 0x390C, 0x30EB, 0x310C, 0x312C, 0x40EC, 0x38AA, 0x68CA, 0xA8A9, 0xC8A8, 0xA0A8, 0x7088, 0x68AC, // 0x05F0 (1520) pixels
    0x388B, 0x386A, 0x306A, 0x288A, 0x20AA, 0x20AA, 0x2089, 0x2869, 0x20A8, 0x28A8, 0x3068, 0x3848, 0x4849, 0x5849, 0x6049, 0x6849, // 0x0600 (1536) pixels
    0x70C6, 0x68C7, 0x58C9, 0x510B, 0x492D, 0x492D, 0x490D, 0x490C, 0x314C, 0x394C, 0x412D, 0x410D, 0x40ED, 0x40ED, 0x40ED, 0x38EC, // 0x0610 (1552) pixels
    0x412C, 0x390C, 0x390C, 0x390C, 0x410C, 0x412C, 0x390C, 0x38EB, 0x30EB, 0x30EB, 0x38EB, 0x390B, 0x390B, 0x390B, 0x390C, 0x392C, // 0x0620 (1568) pixels
    0x410C, 0x410C, 0x390C, 0x390C, 0x390C, 0x390C, 0x410C, 0x410C, 0x390C, 0x390B, 0x390B, 0x30EB, 0x30EB, 0x30EB, 0x30EB, 0x30EB, // 0x0630 (1584) pixels
    0x310C, 0x310C, 0x310C, 0x310C, 0x310C, 0x310C, 0x310C, 0x310C, 0x30EB, 0x310C, 0x310C, 0x310C, 0x310C, 0x30EB, 0x30EB, 0x30EB, // 0x0640 (1600) pixels
    0x294C, 0x590A, 0x90EA, 0x40EA, 0x216C, 0x38CB, 0x28A8, 0x38A9, 0x9046, 0x9867, 0x9868, 0x8089, 0x60C9, 0x48EA, 0x38EB, 0x410B, // 0x0650 (1616) pixels
    0x412D, 0x412C, 0x412C, 0x412C, 0x412C, 0x412C, 0x412C, 0x410C, 0x392C, 0x392C, 0x412C, 0x410C, 0x390C, 0x390C, 0x310C, 0x312C, // 0x0660 (1632) pixels
    0x390C, 0x60CA, 0xA0EB, 0xA8C9, 0xA0C9, 0x8048, 0x5829, 0x48CB, 0x388B, 0x306A, 0x2849, 0x2849, 0x2869, 0x2869, 0x3069, 0x3089, // 0x0670 (1648) pixels
    0x3847, 0x4088, 0x4889, 0x5089, 0x58AA, 0x60CB, 0x68CB, 0x70CB, 0x68EC, 0x60CC, 0x50AC, 0x40CD, 0x38EE, 0x30EE, 0x30EE, 0x30EE, // 0x0680 (1664) pixels
    0x310D, 0x392D, 0x390E, 0x38EE, 0x38EF, 0x410F, 0x490E, 0x48ED, 0x412D, 0x412C, 0x410C, 0x412C, 0x412C, 0x412C, 0x412C, 0x410C, // 0x0690 (1680) pixels
    0x38EB, 0x38EB, 0x390B, 0x390B, 0x410C, 0x410C, 0x410C, 0x412C, 0x412C, 0x412C, 0x410C, 0x410C, 0x410C, 0x410C, 0x410C, 0x412C, // 0x06A0 (1696) pixels
    0x392C, 0x390C, 0x390B, 0x30EB, 0x30CB, 0x30CB, 0x30EB, 0x30EB, 0x310C, 0x310C, 0x310C, 0x310C, 0x310C, 0x310C, 0x310C, 0x310C, // 0x06B0 (1712) pixels
    0x310C, 0x310C, 0x310C, 0x310C, 0x310C, 0x310C, 0x310C, 0x310C, 0x292D, 0x30A8, 0x5888, 0x40AA, 0x394E, 0x390D, 0x292C, 0x292C, // 0x06C0 (1728) pixels
    0x38C8, 0x48A8, 0x5089, 0x50AA, 0x40EB, 0x390C, 0x410C, 0x48EC, 0x412D, 0x410C, 0x410C, 0x410C, 0x410C, 0x410C, 0x410C, 0x410C, // 0x06D0 (1744) pixels
    0x392C, 0x392C, 0x412C, 0x410C, 0x410C, 0x390C, 0x390C, 0x392C, 0x290B, 0x78AA, 0xB8EA, 0x90A8, 0x70C9, 0x588B, 0x406A, 0x30EB, // 0x06E0 (1760) pixels
    0x308A, 0x2869, 0x2869, 0x2869, 0x2848, 0x3028, 0x3848, 0x3869, 0x5827, 0x6089, 0x58AB, 0x50CB, 0x490C, 0x410C, 0x38EB, 0x38EB, // 0x06F0 (1776) pixels
    0x4110, 0x38EE, 0x38EC, 0x494B, 0x598B, 0x61EB, 0x722B, 0x7A6C, 0x79E9, 0x71CA, 0x618B, 0x494B, 0x390B, 0x390C, 0x410C, 0x410C, // 0x0700 (1792) pixels
    0x412C, 0x412C, 0x412C, 0x412C, 0x412C, 0x412C, 0x410C, 0x410C, 0x40EB, 0x40EB, 0x410C, 0x410C, 0x410C, 0x410C, 0x410C, 0x410C, // 0x0710 (1808) pixels
    0x412C, 0x412C, 0x410C, 0x410C, 0x410C, 0x410C, 0x412C, 0x412C, 0x392C, 0x392C, 0x390C, 0x390C, 0x38EC, 0x30EC, 0x30EC, 0x30EC, // 0x0720 (1824) pixels
    0x310C, 0x310C, 0x310C, 0x310C, 0x310C, 0x310C, 0x310C, 0x310C, 0x310C, 0x310C, 0x310C, 0x30EB, 0x310C, 0x310C, 0x310C, 0x310C, // 0x0730 (1840) pixels
    0x392F, 0x2068, 0x2046, 0x4869, 0x490D, 0x212D, 0x314D, 0x40ED, 0x316E, 0x290D, 0x290D, 0x394E, 0x392D, 0x390D, 0x412D, 0x390D, // 0x0740 (1856) pixels
    0x412D, 0x410C, 0x410C, 0x410C, 0x410C, 0x410C, 0x410C, 0x410C, 0x392C, 0x392C, 0x410C, 0x410C, 0x410C, 0x392C, 0x392C, 0x392C, // 0x0750 (1872) pixels
    0x312B, 0x810A, 0xB909, 0x8066, 0x50CA, 0x390D, 0x28AB, 0x2089, 0x2048, 0x2068, 0x2889, 0x3089, 0x3069, 0x3848, 0x3848, 0x4088, // 0x0760 (1888) pixels
    0x5869, 0x58CB, 0x50EC, 0x410C, 0x412D, 0x392D, 0x312D, 0x314E, 0x292B, 0x49AB, 0x72AB, 0xB3CB, 0xDC8B, 0xFCC9, 0xFCC7, 0xFCA6, // 0x0770 (1904) pixels
    0xFD49, 0xF50B, 0xD44C, 0x9B2C, 0x61EB, 0x410A, 0x38EC, 0x392D, 0x410C, 0x410C, 0x410C, 0x410C, 0x410C, 0x410C, 0x410C, 0x410C, // 0x0780 (1920) pixels
    0x410C, 0x410C, 0x410C, 0x410C, 0x410C, 0x410C, 0x410C, 0x410C, 0x410C, 0x410C, 0x410C, 0x38EB, 0x38EB, 0x410B, 0x410C, 0x410C, // 0x0790 (1936) pixels
    0x412C, 0x412C, 0x390C, 0x38EC, 0x30EC, 0x30EC, 0x30EB, 0x30EC, 0x30EC, 0x310C, 0x310C, 0x30EC, 0x30EC, 0x38EC, 0x390C, 0x38EC, // 0x07A0 (1952) pixels
    0x30EC, 0x310C, 0x310C, 0x40EB, 0x38CB, 0x310B, 0x312C, 0x30CB, 0x312B, 0x50AA, 0x6048, 0x38C9, 0x412E, 0x294C, 0x414C, 0x40CD, // 0x07B0 (1968) pixels
    0x410C, 0x410C, 0x412C, 0x412C, 0x412C, 0x412C, 0x412C, 0x412C, 0x412C, 0x412C, 0x412C, 0x412C, 0x412C, 0x412C, 0x412C, 0x412C, // 0x07C0 (1984) pixels
    0x412D, 0x412D, 0x412D, 0x412D, 0x412C, 0x412C, 0x412C, 0x412C, 0x490C, 0x8109, 0xA908, 0x60CA, 0x390D, 0x30AB, 0x20A9, 0x18C9, // 0x07D0 (2000) pixels
    0x1867, 0x2867, 0x3867, 0x5068, 0x6089, 0x60AB, 0x58AB, 0x508C, 0x48EA, 0x394D, 0x316D, 0x392A, 0x494C, 0x410E, 0x30AD, 0x492C, // 0x07E0 (2016) pixels
    0xAA28, 0xDBC9, 0xF4A7, 0xFCE4, 0xFCE5, 0xFCA6, 0xFCA7, 0xFCA8, 0xFCA5, 0xFCA7, 0xFCC7, 0xFD06, 0xEC87, 0xB34B, 0x79CD, 0x406B, // 0x07F0 (2032) pixels
    0x390F, 0x414E, 0x412A, 0x412A, 0x494C, 0x412C, 0x390C, 0x38EB, 0x410C, 0x410C, 0x410C, 0x410C, 0x410C, 0x410C, 0x410C, 0x410C, // 0x0800 (2048) pixels
    0x410C, 0x410C, 0x410C, 0x410B, 0x410B, 0x410C, 0x410C, 0x410C, 0x412C, 0x412C, 0x390C, 0x390C, 0x390C, 0x390C, 0x310C, 0x30EC, // 0x0810 (2064) pixels
    0x310C, 0x30EC, 0x30EB, 0x30EB, 0x30EB, 0x30EC, 0x38EC, 0x38EC, 0x30EC, 0x290C, 0x310C, 0x38EC, 0x38EB, 0x312B, 0x312C, 0x30CB, // 0x0820 (2080) pixels
    0x38C9, 0x4849, 0x5827, 0x50C9, 0x412D, 0x292C, 0x390B, 0x38CC, 0x410C, 0x410C, 0x412C, 0x412C, 0x412C, 0x410C, 0x410C, 0x392C, // 0x0830 (2096) pixels
    0x412C, 0x412C, 0x412C, 0x412C, 0x412C, 0x412C, 0x412C, 0x412D, 0x412D, 0x412D, 0x412D, 0x412D, 0x412C, 0x412C, 0x412C, 0x412C, // 0x0840 (2112) pixels
    0x310C, 0x712A, 0xA8E9, 0x6869, 0x30AB, 0x20AA, 0x2068, 0x3007, 0x3068, 0x3888, 0x4889, 0x50A9, 0x58CA, 0x50EB, 0x48EC, 0x490C, // 0x0850 (2128) pixels
    0x412D, 0x310C, 0x396D, 0x416D, 0x38EC, 0x40CB, 0x71CB, 0xAB4C, 0xF40B, 0xFC4A, 0xFC68, 0xFC66, 0xFC66, 0xFC86, 0xFCA7, 0xF445, // 0x0860 (2144) pixels
    0xEB66, 0xF3A6, 0xF3C6, 0xFC07, 0xF469, 0xECAB, 0xC3CB, 0x81C9, 0x38CB, 0x38EC, 0x414E, 0x392D, 0x410C, 0x412D, 0x410C, 0x390B, // 0x0870 (2160) pixels
    0x410C, 0x410C, 0x410C, 0x410C, 0x410C, 0x410C, 0x410C, 0x410C, 0x410C, 0x410C, 0x410C, 0x40EB, 0x410C, 0x410C, 0x410C, 0x412C, // 0x0880 (2176) pixels
    0x412C, 0x412C, 0x412C, 0x412C, 0x392C, 0x392C, 0x392C, 0x390C, 0x310C, 0x30EB, 0x30EB, 0x30EB, 0x30EB, 0x30EC, 0x30EC, 0x310C, // 0x0890 (2192) pixels
    0x30EC, 0x310C, 0x310C, 0x38EC, 0x30EB, 0x312B, 0x312C, 0x38EB, 0x58CA, 0x4869, 0x5827, 0x70A9, 0x410B, 0x310B, 0x392B, 0x390C, // 0x08A0 (2208) pixels
    0x410C, 0x412C, 0x412C, 0x412C, 0x412C, 0x410C, 0x410C, 0x392C, 0x412C, 0x412C, 0x412D, 0x412D, 0x412D, 0x412D, 0x414D, 0x414D, // 0x08B0 (2224) pixels
    0x412D, 0x414D, 0x412D, 0x412D, 0x412D, 0x412D, 0x412C, 0x412C, 0x294E, 0x592A, 0x90C9, 0x6069, 0x308B, 0x2089, 0x2887, 0x4048, // 0x08C0 (2240) pixels
    0x48AB, 0x50AB, 0x50CB, 0x50EB, 0x490C, 0x412C, 0x394D, 0x394D, 0x392F, 0x390C, 0x416E, 0x392E, 0x38AC, 0x71AA, 0xCB69, 0xFCC9, // 0x08D0 (2256) pixels
    0xFC08, 0xF3C8, 0xFBE9, 0xFBE8, 0xEB85, 0xEBC5, 0xFC67, 0xF405, 0xFB4A, 0xFB48, 0xFBA8, 0xFC09, 0xFC48, 0xFCE8, 0xFCE9, 0xD3A7, // 0x08E0 (2272) pixels
    0x79E9, 0x48CB, 0x3910, 0x392F, 0x390D, 0x492E, 0x412D, 0x394B, 0x410C, 0x410C, 0x410C, 0x410C, 0x410C, 0x410C, 0x410C, 0x410C, // 0x08F0 (2288) pixels
    0x410C, 0x410C, 0x410C, 0x410C, 0x410C, 0x410C, 0x410C, 0x412C, 0x412C, 0x410C, 0x410C, 0x412C, 0x412C, 0x412C, 0x392C, 0x392C, // 0x0900 (2304) pixels
    0x310C, 0x310B, 0x310B, 0x310B, 0x310C, 0x310C, 0x310C, 0x310C, 0x30EB, 0x310B, 0x310C, 0x38EC, 0x30EB, 0x292B, 0x310B, 0x40CB, // 0x0910 (2320) pixels
    0x78AA, 0x4868, 0x5846, 0x9889, 0x490A, 0x30EB, 0x392B, 0x394C, 0x410C, 0x412C, 0x412C, 0x412D, 0x412C, 0x412C, 0x412D, 0x412D, // 0x0920 (2336) pixels
    0x414D, 0x414D, 0x414D, 0x414D, 0x414D, 0x414D, 0x414D, 0x414D, 0x414D, 0x414D, 0x414D, 0x412D, 0x412D, 0x412D, 0x414D, 0x414D, // 0x0930 (2352) pixels
    0x39B0, 0x612B, 0x80E9, 0x5089, 0x286A, 0x2828, 0x3088, 0x38EA, 0x58ED, 0x590D, 0x510D, 0x492D, 0x412D, 0x392C, 0x314D, 0x314D, // 0x0940 (2368) pixels
    0x390E, 0x496D, 0x414E, 0x30ED, 0x596B, 0xC36A, 0xFC88, 0xFC46, 0xFB27, 0xF307, 0xFB49, 0xFBCA, 0xF3A7, 0xF386, 0xFBE9, 0xF369, // 0x0950 (2384) pixels
    0xFAE9, 0xF2A9, 0xF349, 0xFC48, 0xFC65, 0xF425, 0xFC88, 0xFCC9, 0xDC09, 0x71CA, 0x38EE, 0x312F, 0x414E, 0x490E, 0x496E, 0x396B, // 0x0960 (2400) pixels
    0x410C, 0x410C, 0x410C, 0x410C, 0x410C, 0x410C, 0x410C, 0x410C, 0x410C, 0x410C, 0x410C, 0x410C, 0x410C, 0x410C, 0x410C, 0x492C, // 0x0970 (2416) pixels
    0x490C, 0x410C, 0x410C, 0x410C, 0x410C, 0x410C, 0x412C, 0x412C, 0x392C, 0x310C, 0x310C, 0x310C, 0x390C, 0x390C, 0x390C, 0x390C, // 0x0980 (2432) pixels
    0x38EB, 0x310B, 0x30EC, 0x30EC, 0x290B, 0x290B, 0x38EB, 0x48AB, 0x8008, 0x3847, 0x5046, 0xB089, 0x60EA, 0x38EB, 0x312C, 0x392B, // 0x0990 (2448) pixels
    0x410C, 0x410C, 0x412D, 0x412D, 0x412D, 0x414D, 0x494D, 0x496E, 0x416E, 0x416E, 0x416E, 0x416E, 0x416E, 0x416E, 0x496E, 0x496E, // 0x09A0 (2464) pixels
    0x416E, 0x416E, 0x414E, 0x414D, 0x414D, 0x414D, 0x414D, 0x414D, 0x414E, 0x810B, 0xA10A, 0x4888, 0x2028, 0x3808, 0x40CA, 0x396D, // 0x09B0 (2480) pixels
    0x492D, 0x494D, 0x494D, 0x414D, 0x392D, 0x392D, 0x392D, 0x392D, 0x410C, 0x494E, 0x390D, 0x392C, 0x9B0B, 0xFC68, 0xFC47, 0xF368, // 0x09C0 (2496) pixels
    0xFAAA, 0xFAEA, 0xFB09, 0xFBC9, 0xFC08, 0xFB87, 0xEB0A, 0xEA8C, 0xEA49, 0xE229, 0xE2A8, 0xFC27, 0xFCC6, 0xFC66, 0xFC47, 0xFC68, // 0x09D0 (2512) pixels
    0xFD08, 0xC38B, 0x598C, 0x310C, 0x498E, 0x410E, 0x498E, 0x316B, 0x410C, 0x410C, 0x410C, 0x410C, 0x410C, 0x410C, 0x410C, 0x410C, // 0x09E0 (2528) pixels
    0x410C, 0x410C, 0x410C, 0x410C, 0x410C, 0x410C, 0x410C, 0x410C, 0x490C, 0x490B, 0x40EB, 0x40EB, 0x410C, 0x410C, 0x410C, 0x412C, // 0x09F0 (2544) pixels
    0x392C, 0x390C, 0x390C, 0x390C, 0x410C, 0x412C, 0x412C, 0x410C, 0x38EA, 0x390B, 0x38EC, 0x30EC, 0x290C, 0x290B, 0x40CA, 0x58AB, // 0x0A00 (2560) pixels
    0x9829, 0x3888, 0x5086, 0xB068, 0x78AA, 0x30EC, 0x312C, 0x390B, 0x410C, 0x410C, 0x412C, 0x412D, 0x414D, 0x414D, 0x496E, 0x498E, // 0x0A10 (2576) pixels
    0x418E, 0x418E, 0x498E, 0x498E, 0x498E, 0x498E, 0x498F, 0x498F, 0x496F, 0x496E, 0x416E, 0x416E, 0x416E, 0x416E, 0x416E, 0x416E, // 0x0A20 (2592) pixels
    0x412C, 0xA94C, 0xD94C, 0x6088, 0x2047, 0x4869, 0x612D, 0x414E, 0x394D, 0x414D, 0x414E, 0x414E, 0x414E, 0x414D, 0x414D, 0x494D, // 0x0A30 (2608) pixels
    0x50EB, 0x494E, 0x38ED, 0x61EB, 0xD40A, 0xFC86, 0xFB87, 0xEB0C, 0xF26C, 0xF2CB, 0xE2C7, 0xF366, 0xFC07, 0xFB88, 0xEA8A, 0xE22C, // 0x0A40 (2624) pixels
    0xE9ED, 0xF26B, 0xE289, 0xEB28, 0xFC08, 0xFC67, 0xFC07, 0xE327, 0xFC05, 0xFCCC, 0x9B0B, 0x4109, 0x494E, 0x412E, 0x498E, 0x394C, // 0x0A50 (2640) pixels
    0x410C, 0x410C, 0x410C, 0x410C, 0x410C, 0x410C, 0x410C, 0x410C, 0x410C, 0x410C, 0x410C, 0x410C, 0x410C, 0x410C, 0x410C, 0x410C, // 0x0A60 (2656) pixels
    0x490C, 0x48EB, 0x40EB, 0x40EC, 0x410C, 0x410C, 0x410C, 0x410C, 0x412C, 0x410C, 0x38EC, 0x40EC, 0x410C, 0x490C, 0x410C, 0x410C, // 0x0A70 (2672) pixels
    0x40EA, 0x410B, 0x38EC, 0x38EC, 0x310C, 0x310B, 0x40CA, 0x68AB, 0xA049, 0x30C9, 0x5087, 0xA847, 0x906A, 0x30CC, 0x312D, 0x410C, // 0x0A80 (2688) pixels
    0x410C, 0x410C, 0x410C, 0x412D, 0x412D, 0x414D, 0x494E, 0x496E, 0x418F, 0x498F, 0x498F, 0x498F, 0x498F, 0x498F, 0x498F, 0x498F, // 0x0A90 (2704) pixels
    0x498F, 0x498F, 0x498F, 0x498F, 0x498F, 0x418E, 0x416E, 0x416E, 0x49AD, 0xA18B, 0xC94B, 0x60A7, 0x2887, 0x50AA, 0x594D, 0x412E, // 0x0AA0 (2720) pixels
    0x418D, 0x418E, 0x416E, 0x416F, 0x416E, 0x496E, 0x496E, 0x496D, 0x492C, 0x4930, 0x410E, 0x928B, 0xF489, 0xFC46, 0xF328, 0xEACC, // 0x0AB0 (2736) pixels
    0xF2AC, 0xEAEA, 0xE2E5, 0xEB85, 0xFC28, 0xFBCA, 0xF2EA, 0xF28A, 0xEA0B, 0xEA6B, 0xE24A, 0xE249, 0xEAC9, 0xFB49, 0xFB49, 0xE269, // 0x0AC0 (2752) pixels
    0xF2C7, 0xFC8A, 0xD42A, 0x6189, 0x492F, 0x414F, 0x498E, 0x416D, 0x410C, 0x410C, 0x410C, 0x410C, 0x410C, 0x410C, 0x410C, 0x410C, // 0x0AD0 (2768) pixels
    0x410C, 0x410C, 0x410C, 0x410C, 0x410C, 0x410C, 0x410C, 0x40EB, 0x48EC, 0x48EB, 0x48EB, 0x490C, 0x490C, 0x410C, 0x410C, 0x410C, // 0x0AE0 (2784) pixels
    0x410C, 0x40EC, 0x40EC, 0x40EC, 0x490C, 0x490C, 0x490C, 0x40EC, 0x48EB, 0x490C, 0x40EC, 0x38ED, 0x312D, 0x310B, 0x48CA, 0x70AB, // 0x0AF0 (2800) pixels
    0x9007, 0x2067, 0x4066, 0xA046, 0xA86A, 0x30EC, 0x294E, 0x410C, 0x410C, 0x410C, 0x410C, 0x410C, 0x412D, 0x412D, 0x414D, 0x496E, // 0x0B00 (2816) pixels
    0x418F, 0x418F, 0x498F, 0x498F, 0x498F, 0x498F, 0x498F, 0x498F, 0x498F, 0x498F, 0x498F, 0x498F, 0x498F, 0x498F, 0x418E, 0x418E, // 0x0B10 (2832) pixels
    0x41AC, 0x60E7, 0x80A5, 0x40A6, 0x30E8, 0x50E9, 0x516C, 0x41CF, 0x49AE, 0x49AE, 0x498F, 0x496F, 0x498F, 0x498E, 0x498E, 0x418D, // 0x0B20 (2848) pixels
    0x518F, 0x4131, 0x510D, 0xB2EB, 0xFCCA, 0xFC48, 0xEB09, 0xF28A, 0xEAAA, 0xF349, 0xFBC8, 0xFC48, 0xFBE9, 0xF348, 0xFB08, 0xFAE8, // 0x0B30 (2864) pixels
    0xF2A8, 0xEA4A, 0xEA0B, 0xF26C, 0xF26B, 0xF24C, 0xFA6D, 0xFA4C, 0xF26B, 0xFBA7, 0xEC69, 0x79EB, 0x4930, 0x4991, 0x498E, 0x496E, // 0x0B40 (2880) pixels
    0x48CC, 0x48EC, 0x48EC, 0x40EC, 0x410C, 0x410C, 0x410C, 0x410C, 0x412C, 0x410C, 0x410B, 0x410B, 0x40EB, 0x48EB, 0x48EB, 0x48EB, // 0x0B50 (2896) pixels
    0x490C, 0x490C, 0x410C, 0x410C, 0x410C, 0x410C, 0x410C, 0x410C, 0x40EC, 0x40EC, 0x40EC, 0x40EC, 0x40EC, 0x40EC, 0x48EC, 0x48EC, // 0x0B60 (2912) pixels
    0x40EC, 0x40ED, 0x38CC, 0x492D, 0x410E, 0x28EE, 0x510A, 0x9865, 0x8006, 0x488A, 0x3889, 0xB006, 0xB867, 0x40CA, 0x392E, 0x392C, // 0x0B70 (2928) pixels
    0x410C, 0x410C, 0x410C, 0x410C, 0x410C, 0x410C, 0x492C, 0x492D, 0x498F, 0x498F, 0x498F, 0x498F, 0x498F, 0x498F, 0x498F, 0x498F, // 0x0B80 (2944) pixels
    0x51AE, 0x496E, 0x518F, 0x51B0, 0x498E, 0x49AF, 0x498F, 0x410E, 0x28C9, 0x20AB, 0x306C, 0x3048, 0x40A8, 0x40EB, 0x51AF, 0x596E, // 0x0B90 (2960) pixels
    0x594C, 0x49B0, 0x41B1, 0x4990, 0x496E, 0x498E, 0x498F, 0x418F, 0x41AD, 0x4150, 0x594B, 0xCB69, 0xFBC9, 0xFB6A, 0xF2E9, 0xF2EB, // 0x0BA0 (2976) pixels
    0xF2A8, 0xFBA7, 0xFCA6, 0xFCA7, 0xFBC8, 0xF2C8, 0xEAC8, 0xFB89, 0xF384, 0xF329, 0xF28C, 0xF22C, 0xF22C, 0xFA2D, 0xFA2D, 0xFA6D, // 0x0BB0 (2992) pixels
    0xFA4B, 0xFB08, 0xFC29, 0xA2EA, 0x494E, 0x4990, 0x49AD, 0x498F, 0x48EC, 0x48EC, 0x48EC, 0x410C, 0x410C, 0x410C, 0x410C, 0x410C, // 0x0BC0 (3008) pixels
    0x410B, 0x410B, 0x410B, 0x40EB, 0x40EB, 0x40EB, 0x48EB, 0x48EB, 0x490C, 0x490C, 0x490C, 0x410C, 0x410C, 0x410C, 0x410C, 0x410C, // 0x0BD0 (3024) pixels
    0x410C, 0x40EC, 0x40EC, 0x40EC, 0x40EC, 0x40EC, 0x40EC, 0x40EC, 0x410C, 0x40EC, 0x38CC, 0x48EC, 0x40ED, 0x40ED, 0x78CB, 0xC046, // 0x0BE0 (3040) pixels
    0xA007, 0x586A, 0x5849, 0xB807, 0xC047, 0x58CB, 0x390D, 0x390C, 0x410C, 0x410C, 0x410C, 0x410C, 0x412D, 0x492D, 0x494D, 0x494D, // 0x0BF0 (3056) pixels
    0x498F, 0x498F, 0x498F, 0x498F, 0x498F, 0x498F, 0x498F, 0x498F, 0x49AE, 0x498E, 0x498F, 0x4990, 0x418F, 0x498F, 0x498F, 0x492E, // 0x0C00 (3072) pixels
    0x5068, 0x384A, 0x402A, 0x3807, 0x4847, 0x506A, 0x514E, 0x516E, 0x518E, 0x418F, 0x4191, 0x4990, 0x518F, 0x49AF, 0x498F, 0x498F, // 0x0C10 (3088) pixels
    0x498E, 0x4930, 0x696B, 0xD32A, 0xFB28, 0xFAEA, 0xF289, 0xF2AA, 0xFAC9, 0xFB89, 0xFC28, 0xFC29, 0xFB6A, 0xF2C9, 0xF308, 0xFBC8, // 0x0C20 (3104) pixels
    0xFC66, 0xFC29, 0xF36A, 0xE2AA, 0xEA8A, 0xF2CA, 0xF2AA, 0xEA6B, 0xF24C, 0xFB08, 0xFC49, 0xAB0B, 0x512F, 0x4991, 0x49AE, 0x498F, // 0x0C30 (3120) pixels
    0x490C, 0x490C, 0x410C, 0x410C, 0x410C, 0x410C, 0x410C, 0x410C, 0x410B, 0x410B, 0x410B, 0x410B, 0x410B, 0x490B, 0x490B, 0x48EB, // 0x0C40 (3136) pixels
    0x48EC, 0x410C, 0x410C, 0x410C, 0x410C, 0x410C, 0x410C, 0x410C, 0x410C, 0x410C, 0x410C, 0x40EC, 0x40EC, 0x40EC, 0x40EC, 0x40EC, // 0x0C50 (3152) pixels
    0x50CB, 0x48EC, 0x48EC, 0x490C, 0x390C, 0x410C, 0x80CA, 0xB005, 0x7026, 0x28C8, 0x4068, 0x9826, 0xA866, 0x790B, 0x310C, 0x412D, // 0x0C60 (3168) pixels
    0x412C, 0x412C, 0x412D, 0x412D, 0x494D, 0x494D, 0x496E, 0x496E, 0x498F, 0x498F, 0x498F, 0x498F, 0x498F, 0x498F, 0x498F, 0x498F, // 0x0C70 (3184) pixels
    0x49AF, 0x498F, 0x498F, 0x4990, 0x418F, 0x498F, 0x516E, 0x514D, 0x70AA, 0x588A, 0x58EC, 0x50C9, 0x70EA, 0x810D, 0x616F, 0x498F, // 0x0C80 (3200) pixels
    0x49AF, 0x418F, 0x418F, 0x4990, 0x49B0, 0x49AF, 0x49AE, 0x49AF, 0x496E, 0x512F, 0x716B, 0xE30A, 0xFA88, 0xFA8A, 0xFA8A, 0xFAEB, // 0x0C90 (3216) pixels
    0xFA89, 0xF309, 0xF349, 0xEB2A, 0xEACB, 0xEAAA, 0xF349, 0xFC28, 0xFCC7, 0xFCE7, 0xF447, 0xE387, 0xEB68, 0xFBC8, 0xFB69, 0xEACA, // 0x0CA0 (3232) pixels
    0xEA6C, 0xFB68, 0xFC68, 0xB34B, 0x512F, 0x5192, 0x49AF, 0x418E, 0x410C, 0x410C, 0x410C, 0x410C, 0x410C, 0x410C, 0x410C, 0x410C, // 0x0CB0 (3248) pixels
    0x40EB, 0x40EB, 0x40EB, 0x410B, 0x410B, 0x410B, 0x410B, 0x490B, 0x48EC, 0x48EC, 0x410C, 0x410C, 0x410C, 0x410C, 0x410C, 0x410C, // 0x0CC0 (3264) pixels
    0x410C, 0x410C, 0x410C, 0x40EC, 0x40EC, 0x40EC, 0x40EC, 0x40EC, 0x40EB, 0x310B, 0x390C, 0x390C, 0x290B, 0x590A, 0xA0A9, 0xB806, // 0x0CD0 (3280) pixels
    0x8808, 0x38A8, 0x6028, 0xA027, 0xB046, 0xA10B, 0x40EB, 0x412D, 0x492D, 0x492D, 0x494D, 0x494D, 0x494E, 0x496E, 0x516E, 0x516E, // 0x0CE0 (3296) pixels
    0x498F, 0x498F, 0x498F, 0x498F, 0x498F, 0x498F, 0x498F, 0x498F, 0x49B0, 0x498F, 0x498F, 0x4990, 0x4990, 0x496F, 0x516E, 0x614C, // 0x0CF0 (3312) pixels
    0x6848, 0x4807, 0x4888, 0x3846, 0x6068, 0x90ED, 0x612F, 0x3990, 0x41B1, 0x498F, 0x498E, 0x4990, 0x4990, 0x49AF, 0x49AE, 0x49AF, // 0x0D00 (3328) pixels
    0x518F, 0x494F, 0x714B, 0xDB0B, 0xFA88, 0xFA6B, 0xFAAC, 0xFAEA, 0xFA89, 0xF2C9, 0xF309, 0xF2EA, 0xF2CA, 0xEAE9, 0xEB67, 0xF406, // 0x0D10 (3344) pixels
    0xFCA6, 0xFCE5, 0xF4A5, 0xF446, 0xF467, 0xFC48, 0xFBC8, 0xF349, 0xF32A, 0xFBE6, 0xFCA7, 0xB36B, 0x512E, 0x5191, 0x49AF, 0x41AE, // 0x0D20 (3360) pixels
    0x410C, 0x410B, 0x410B, 0x410B, 0x410B, 0x410B, 0x40EB, 0x40EB, 0x490B, 0x410B, 0x410B, 0x410B, 0x410B, 0x410B, 0x410B, 0x410B, // 0x0D30 (3376) pixels
    0x48EC, 0x48EC, 0x48EC, 0x410C, 0x410C, 0x410C, 0x410C, 0x410C, 0x410C, 0x410C, 0x40EB, 0x40EC, 0x40EC, 0x48EC, 0x490C, 0x490C, // 0x0D40 (3392) pixels
    0x48EB, 0x390B, 0x394D, 0x392C, 0x392A, 0x790A, 0xB068, 0xB006, 0x7828, 0x4088, 0x6028, 0xA047, 0xB026, 0xB8EA, 0x58EA, 0x492E, // 0x0D50 (3408) pixels
    0x496E, 0x496E, 0x496E, 0x496E, 0x498E, 0x518E, 0x518F, 0x518F, 0x498F, 0x498F, 0x51AF, 0x51AF, 0x51AF, 0x51AF, 0x51AF, 0x51AF, // 0x0D60 (3424) pixels
    0x49B0, 0x518F, 0x518E, 0x518F, 0x518F, 0x516F, 0x596E, 0x614C, 0x8868, 0x7867, 0x70C8, 0x4865, 0x6026, 0x98EB, 0x712D, 0x41CF, // 0x0D70 (3440) pixels
    0x3991, 0x59CE, 0x69CD, 0x5190, 0x4191, 0x49AF, 0x51AE, 0x49AF, 0x49AF, 0x4990, 0x594C, 0xCB2C, 0xFB29, 0xFA8A, 0xF2AB, 0xE2C8, // 0x0D80 (3456) pixels
    0xF289, 0xFAE9, 0xFB29, 0xFB49, 0xFB69, 0xFBA8, 0xFBE7, 0xEC25, 0xFCA5, 0xFC85, 0xFC85, 0xFCA5, 0xFC86, 0xF3C7, 0xF368, 0xFB88, // 0x0D90 (3472) pixels
    0xFBE8, 0xFC84, 0xFCC6, 0xA32B, 0x514D, 0x5191, 0x51AF, 0x418E, 0x410B, 0x410B, 0x410B, 0x410B, 0x40EB, 0x40EB, 0x40EB, 0x40EB, // 0x0DA0 (3488) pixels
    0x490C, 0x490C, 0x490C, 0x410B, 0x410B, 0x410B, 0x410C, 0x410C, 0x48EC, 0x48EC, 0x48EC, 0x48EC, 0x410C, 0x410C, 0x410C, 0x410C, // 0x0DB0 (3504) pixels
    0x48EC, 0x48EC, 0x48EC, 0x48EC, 0x48EC, 0x490C, 0x510C, 0x510C, 0x60CC, 0x50EC, 0x494E, 0x494E, 0x610B, 0x98C9, 0xA847, 0x9006, // 0x0DC0 (3520) pixels
    0x5048, 0x3087, 0x5047, 0x9067, 0xA804, 0xC0C8, 0x790B, 0x494F, 0x496F, 0x496F, 0x518F, 0x518F, 0x518F, 0x518F, 0x518F, 0x518F, // 0x0DD0 (3536) pixels
    0x51AF, 0x51AF, 0x51AF, 0x51B0, 0x51B0, 0x51B0, 0x51B0, 0x51B0, 0x49B1, 0x598E, 0x69AD, 0x69AE, 0x598F, 0x5990, 0x598E, 0x590B, // 0x0DE0 (3552) pixels
    0x9828, 0xA087, 0xA929, 0x7107, 0x7085, 0xA0E9, 0x710B, 0x498E, 0x41B2, 0x71ED, 0x81EC, 0x61AF, 0x4991, 0x51AF, 0x51CE, 0x49B0, // 0x0DF0 (3568) pixels
    0x49AF, 0x49B1, 0x496E, 0xB32D, 0xFC0A, 0xFB29, 0xF2EB, 0xE2E8, 0xF308, 0xF308, 0xFB28, 0xFB28, 0xFB67, 0xFC08, 0xFC87, 0xFCC6, // 0x0E00 (3584) pixels
    0xFCA5, 0xFC65, 0xFC45, 0xFC85, 0xFC26, 0xEB47, 0xEB27, 0xFBA7, 0xFC87, 0xFCE3, 0xE466, 0x92AB, 0x516E, 0x5190, 0x51B0, 0x498E, // 0x0E10 (3600) pixels
    0x410B, 0x490B, 0x490B, 0x490B, 0x490B, 0x490B, 0x490C, 0x490C, 0x492C, 0x492C, 0x490C, 0x410B, 0x40EB, 0x410B, 0x410C, 0x412C, // 0x0E20 (3616) pixels
    0x490C, 0x490C, 0x490C, 0x490C, 0x490C, 0x490C, 0x490C, 0x490C, 0x50EC, 0x50EC, 0x50EC, 0x50EC, 0x50EC, 0x510C, 0x510C, 0x510C, // 0x0E30 (3632) pixels
    0x590C, 0x490C, 0x394E, 0x392E, 0x78AB, 0xC068, 0xB827, 0x9808, 0x702A, 0x6048, 0x6847, 0xB049, 0xC005, 0xC866, 0xA10B, 0x494F, // 0x0E40 (3648) pixels
    0x498F, 0x498F, 0x518F, 0x51AF, 0x51B0, 0x51B0, 0x51B0, 0x51B0, 0x51B0, 0x51B0, 0x51B0, 0x51B0, 0x51D0, 0x51D0, 0x51D0, 0x51D0, // 0x0E50 (3664) pixels
    0x51B1, 0x618D, 0x79CC, 0x79CD, 0x616E, 0x61B0, 0x61AF, 0x50CA, 0x5827, 0x7847, 0x90C9, 0x6908, 0x60A7, 0x90E9, 0x810C, 0x6191, // 0x0E60 (3680) pixels
    0x51B2, 0x81CB, 0x91A9, 0x718F, 0x5191, 0x51AF, 0x59CE, 0x51B1, 0x518E, 0x49B1, 0x4190, 0x8A8B, 0xF469, 0xFBC8, 0xFB2A, 0xF329, // 0x0E70 (3696) pixels
    0xFBC8, 0xFB88, 0xFB08, 0xF2C7, 0xF2E6, 0xFBC6, 0xFC86, 0xFCC5, 0xF4A5, 0xF485, 0xF464, 0xFC46, 0xFC07, 0xF387, 0xF387, 0xFC28, // 0x0E80 (3712) pixels
    0xFCC7, 0xFCC4, 0xD3E8, 0x71CC, 0x498F, 0x51AF, 0x59B0, 0x514F, 0x490C, 0x490C, 0x490C, 0x490C, 0x490C, 0x510C, 0x510C, 0x510C, // 0x0E90 (3728) pixels
    0x512C, 0x492C, 0x490C, 0x490B, 0x410B, 0x410B, 0x410C, 0x412C, 0x490C, 0x490C, 0x490C, 0x490C, 0x490C, 0x490C, 0x490C, 0x490C, // 0x0EA0 (3744) pixels
    0x510C, 0x510C, 0x50EC, 0x50EC, 0x50EC, 0x510C, 0x58EC, 0x590C, 0x610D, 0x50EC, 0x316E, 0x314E, 0x80AB, 0xC048, 0x9805, 0x7027, // 0x0EB0 (3760) pixels
    0x5049, 0x5048, 0x5067, 0xA068, 0xC004, 0xC065, 0xB92C, 0x4950, 0x498F, 0x498F, 0x518F, 0x51B0, 0x51B0, 0x51D0, 0x51D0, 0x51D0, // 0x0EC0 (3776) pixels
    0x51D0, 0x51D0, 0x51D0, 0x51D0, 0x51D0, 0x51D0, 0x51D0, 0x51D0, 0x59B1, 0x618D, 0x81EC, 0x81EC, 0x696D, 0x61B0, 0x61AF, 0x48AA, // 0x0ED0 (3792) pixels
    0x10EA, 0x3867, 0x58A9, 0x412A, 0x40C8, 0x80AA, 0x788C, 0x6912, 0x51B1, 0x8189, 0x9967, 0x716E, 0x5192, 0x51AF, 0x59AE, 0x5191, // 0x0EE0 (3808) pixels
    0x618E, 0x49B2, 0x4170, 0x69A8, 0xE3E6, 0xFBA6, 0xF2E9, 0xFB29, 0xFC07, 0xF388, 0xF30A, 0xF289, 0xF2C8, 0xFBA7, 0xFC85, 0xF4C3, // 0x0EF0 (3824) pixels
    0xF4C6, 0xFCE4, 0xFCC4, 0xFC47, 0xFC09, 0xFBE8, 0xFC07, 0xFC68, 0xFCA7, 0xF466, 0xC36B, 0x614E, 0x4990, 0x49AF, 0x59B1, 0x514F, // 0x0F00 (3840) pixels
    0x60CC, 0x60EC, 0x610C, 0x592D, 0x592D, 0x514D, 0x494C, 0x494C, 0x412C, 0x412C, 0x410C, 0x490C, 0x48EC, 0x48EC, 0x50EC, 0x50EC, // 0x0F10 (3856) pixels
    0x510B, 0x510C, 0x592C, 0x590C, 0x58EC, 0x58EB, 0x60CB, 0x60CC, 0x612C, 0x60EC, 0x60EC, 0x592C, 0x516D, 0x416D, 0x414D, 0x494E, // 0x0F20 (3872) pixels
    0x7088, 0x594D, 0x294F, 0x50EC, 0xC0E8, 0xC045, 0xA048, 0x9808, 0x6007, 0x980B, 0x60E7, 0x8086, 0xB827, 0xB023, 0xC8A7, 0x690D, // 0x0F30 (3888) pixels
    0x4190, 0x4990, 0x598F, 0x694E, 0x69AF, 0x59AF, 0x59D1, 0x5171, 0x59B1, 0x59B1, 0x59B0, 0x59B0, 0x59B0, 0x61B0, 0x61B1, 0x61B1, // 0x0F40 (3904) pixels
    0x5190, 0x620F, 0x614A, 0x796B, 0x796C, 0x512B, 0x38C9, 0x30A7, 0x3888, 0x4868, 0x60E9, 0x692A, 0x4048, 0x3869, 0x40CA, 0x598C, // 0x0F50 (3920) pixels
    0x418B, 0x796B, 0x996C, 0x798D, 0x51AF, 0x49B1, 0x5991, 0x5970, 0x59AF, 0x5191, 0x5172, 0x598E, 0x8269, 0xDBE9, 0xFC28, 0xFAE5, // 0x0F60 (3936) pixels
    0xFB28, 0xFB8A, 0xFB6A, 0xEB28, 0xEB87, 0xF426, 0xFC85, 0xFC84, 0xFD87, 0xFD07, 0xFCA7, 0xFC86, 0xFC85, 0xFC64, 0xF465, 0xF466, // 0x0F70 (3952) pixels
    0xFCE8, 0xC38B, 0x720E, 0x5171, 0x51D1, 0x51CF, 0x518F, 0x5970, 0x590D, 0x590D, 0x592D, 0x592D, 0x514D, 0x514D, 0x494D, 0x494D, // 0x0F80 (3968) pixels
    0x414D, 0x412D, 0x412C, 0x492D, 0x492C, 0x510C, 0x510C, 0x510C, 0x514C, 0x514C, 0x512C, 0x592C, 0x590C, 0x590C, 0x590C, 0x610D, // 0x0F90 (3984) pixels
    0x514D, 0x510C, 0x510C, 0x494C, 0x416C, 0x396C, 0x414D, 0x514D, 0x6067, 0x510B, 0x390E, 0x68CC, 0xD108, 0xC065, 0x9848, 0x9848, // 0x0FA0 (4000) pixels
    0x5047, 0x806B, 0x50E8, 0x8087, 0xC029, 0xC024, 0xD086, 0x810C, 0x4170, 0x498F, 0x594C, 0x60EB, 0x716E, 0x618F, 0x69B0, 0x7190, // 0x0FB0 (4016) pixels
    0x59B0, 0x59B0, 0x61D0, 0x61D0, 0x61CF, 0x61D0, 0x61D0, 0x69B0, 0x69B1, 0x61AE, 0x4088, 0x5068, 0x50AA, 0x40CA, 0x30C9, 0x30A9, // 0x0FC0 (4032) pixels
    0x40AB, 0x4089, 0x58EA, 0x592B, 0x3869, 0x286A, 0x2869, 0x3889, 0x2889, 0x4889, 0x60E9, 0x614C, 0x596F, 0x6171, 0x59B1, 0x5210, // 0x0FD0 (4048) pixels
    0x59AD, 0x51AF, 0x59B1, 0x5990, 0x71AD, 0xAACB, 0xEBE9, 0xFC47, 0xF405, 0xFC25, 0xFC25, 0xFC44, 0xFC65, 0xFC65, 0xFC66, 0xFCA8, // 0x0FE0 (4064) pixels
    0xF5A2, 0xF503, 0xF465, 0xF426, 0xFC47, 0xFC87, 0xFC87, 0xFC87, 0xD40A, 0x926A, 0x616E, 0x5992, 0x51D1, 0x59EF, 0x59CF, 0x516F, // 0x0FF0 (4080) pixels
    0x492D, 0x492D, 0x494D, 0x494E, 0x494E, 0x494D, 0x494D, 0x414D, 0x414D, 0x414D, 0x414D, 0x494D, 0x494D, 0x494D, 0x494D, 0x512D, // 0x1000 (4096) pixels
    0x496D, 0x494D, 0x494D, 0x494D, 0x512D, 0x514D, 0x592D, 0x594D, 0x414D, 0x412D, 0x412D, 0x394C, 0x316C, 0x396C, 0x494D, 0x592D, // 0x1010 (4112) pixels
    0x5887, 0x50CA, 0x58AC, 0x908A, 0xD0C7, 0xB824, 0x8806, 0x8006, 0x4087, 0x608B, 0x38C9, 0x6868, 0xC049, 0xD005, 0xD866, 0xA90A, // 0x1020 (4128) pixels
    0x414F, 0x59AF, 0x590A, 0x6888, 0x818E, 0x79AF, 0x79D0, 0x818F, 0x71B0, 0x79B0, 0x79D0, 0x81EF, 0x81F0, 0x81D0, 0x81D0, 0x81B0, // 0x1030 (4144) pixels
    0x89B0, 0x716D, 0x4088, 0x3888, 0x38CA, 0x30CB, 0x28CA, 0x3089, 0x188A, 0x2089, 0x28A9, 0x28CA, 0x1069, 0x20CB, 0x28CB, 0x38EB, // 0x1040 (4160) pixels
    0x312C, 0x40EB, 0x50AA, 0x590C, 0x6190, 0x5991, 0x5990, 0x520F, 0x59AE, 0x51CE, 0x51EF, 0x59D1, 0x5971, 0x79AE, 0xBB0B, 0xF48A, // 0x1050 (4176) pixels
    0xFC66, 0xFC67, 0xF426, 0xF426, 0xFC67, 0xFC86, 0xFCA5, 0xFD05, 0xED44, 0xF505, 0xFC85, 0xFC45, 0xFC65, 0xFCA6, 0xFCA7, 0xEC67, // 0x1060 (4192) pixels
    0x92CC, 0x698C, 0x512F, 0x61B2, 0x59D0, 0x59EE, 0x59EF, 0x51AE, 0x414E, 0x416E, 0x416E, 0x416E, 0x416E, 0x414E, 0x414E, 0x414E, // 0x1070 (4208) pixels
    0x414D, 0x416D, 0x416E, 0x416D, 0x416D, 0x494D, 0x494D, 0x494D, 0x414D, 0x414D, 0x414D, 0x414D, 0x494D, 0x494E, 0x494E, 0x494E, // 0x1080 (4224) pixels
    0x414E, 0x394E, 0x414D, 0x396D, 0x394D, 0x416C, 0x594C, 0x610C, 0x4846, 0x4889, 0x80CC, 0xC0AA, 0xD886, 0xB065, 0x9887, 0x7868, // 0x1090 (4240) pixels
    0x4887, 0x508A, 0x1889, 0x4849, 0xB049, 0xC806, 0xD045, 0xD0E8, 0x510F, 0x69AF, 0x60C9, 0x6068, 0x89AF, 0x81F0, 0x81D0, 0x89AF, // 0x10A0 (4256) pixels
    0x89D1, 0x89D0, 0x91D0, 0x91F0, 0x99F0, 0x99CF, 0x99AF, 0x99AF, 0xA18F, 0x712C, 0x3889, 0x28A9, 0x28AB, 0x20AA, 0x208A, 0x2869, // 0x10B0 (4272) pixels
    0x1849, 0x288A, 0x28CA, 0x28EA, 0x1069, 0x18AA, 0x2089, 0x2867, 0x2089, 0x3089, 0x3868, 0x48EC, 0x61B1, 0x61B1, 0x598F, 0x61AE, // 0x10C0 (4288) pixels
    0x61D0, 0x59CE, 0x51ED, 0x51EF, 0x59B1, 0x6170, 0x81ED, 0xAAED, 0xF406, 0xFC89, 0xFCA9, 0xFC67, 0xFCA7, 0xFCE7, 0xFD05, 0xFD04, // 0x10D0 (4304) pixels
    0xFCE6, 0xFCA5, 0xFC64, 0xFC83, 0xFCC4, 0xF4A7, 0xCBC9, 0xA2EA, 0x61CE, 0x59B0, 0x6192, 0x61B2, 0x61D0, 0x61CF, 0x59EF, 0x51AF, // 0x10E0 (4320) pixels
    0x396E, 0x396E, 0x396E, 0x416E, 0x416E, 0x414E, 0x414E, 0x414E, 0x416E, 0x416E, 0x416E, 0x416E, 0x414D, 0x414D, 0x414D, 0x414D, // 0x10F0 (4336) pixels
    0x396E, 0x394E, 0x394E, 0x414E, 0x416E, 0x416E, 0x416E, 0x414E, 0x414E, 0x414E, 0x414E, 0x416E, 0x414D, 0x516D, 0x612C, 0x68AB, // 0x1100 (4352) pixels
    0x3806, 0x4889, 0xA14C, 0xD8A8, 0xC003, 0x9803, 0x8826, 0x6006, 0x6868, 0x508A, 0x106A, 0x2869, 0x9868, 0xC026, 0xC025, 0xE0C6, // 0x1110 (4368) pixels
    0x70CF, 0x714F, 0x50A9, 0x5028, 0x818E, 0x8A11, 0x81F0, 0x89CF, 0x89B0, 0x89D0, 0x91F0, 0x99EF, 0x99EF, 0x99CF, 0x99CF, 0xA1AF, // 0x1120 (4384) pixels
    0xB1CF, 0x714C, 0x38CA, 0x28CB, 0x28EB, 0x20CA, 0x28CA, 0x288A, 0x1068, 0x20A9, 0x28A8, 0x3089, 0x3029, 0x486A, 0x6049, 0x7007, // 0x1130 (4400) pixels
    0x4848, 0x38A8, 0x1867, 0x3089, 0x592E, 0x7150, 0x7990, 0x71AF, 0x61D0, 0x61D0, 0x59CF, 0x59CF, 0x59F0, 0x61B0, 0x616F, 0x698F, // 0x1140 (4416) pixels
    0xA22A, 0xCB8B, 0xE469, 0xECC5, 0xF4E3, 0xFD24, 0xFCE6, 0xFC86, 0xFCC5, 0xFCA5, 0xFC86, 0xFCA8, 0xE46A, 0xB38D, 0x824F, 0x5951, // 0x1150 (4432) pixels
    0x51B0, 0x61F2, 0x69F2, 0x6191, 0x61B0, 0x61F0, 0x61D0, 0x59AF, 0x418E, 0x418E, 0x418E, 0x416E, 0x416E, 0x416E, 0x416E, 0x416E, // 0x1160 (4448) pixels
    0x416E, 0x416E, 0x416E, 0x414E, 0x414E, 0x414E, 0x414E, 0x414E, 0x416E, 0x416E, 0x416E, 0x418F, 0x418F, 0x418F, 0x416F, 0x416E, // 0x1170 (4464) pixels
    0x416E, 0x494E, 0x516F, 0x496F, 0x496E, 0x518E, 0x614D, 0x588A, 0x3806, 0x3868, 0xA14B, 0xE8C7, 0xC824, 0xA845, 0x9088, 0x5027, // 0x1180 (4480) pixels
    0x788A, 0x48AA, 0x108A, 0x20AA, 0x9087, 0xB846, 0xA825, 0xE865, 0x98AE, 0x70CD, 0x4069, 0x3807, 0x794D, 0x91EF, 0x99CF, 0xA1CF, // 0x1190 (4496) pixels
    0xA1AF, 0xA1AF, 0xA9CE, 0xB1EE, 0xB1EE, 0xB9EE, 0xB9EE, 0xC1EE, 0xA9EF, 0x58EB, 0x2069, 0x1869, 0x2069, 0x1848, 0x1869, 0x1829, // 0x11A0 (4512) pixels
    0x10A8, 0x20E9, 0x28A8, 0x38A9, 0x406A, 0x68CB, 0x90CA, 0xA089, 0xA8AB, 0x910B, 0x70A9, 0x690B, 0x71AF, 0x6210, 0x6251, 0x6210, // 0x11B0 (4528) pixels
    0x69AE, 0x71F1, 0x69D1, 0x61B0, 0x61CF, 0x61CF, 0x5990, 0x6191, 0x5930, 0x71EF, 0x92AD, 0xAB2A, 0xCBC9, 0xE42A, 0xF42B, 0xF3EB, // 0x11C0 (4544) pixels
    0xEC29, 0xE3AA, 0xCB2C, 0xB2AD, 0x922D, 0x69AE, 0x59B1, 0x59F5, 0x59F1, 0x61D1, 0x69D0, 0x61B0, 0x61B0, 0x69D1, 0x69D0, 0x698F, // 0x11D0 (4560) pixels
    0x498F, 0x498F, 0x498F, 0x418F, 0x416E, 0x418E, 0x418E, 0x416E, 0x416F, 0x416F, 0x416F, 0x414E, 0x414E, 0x416E, 0x416E, 0x418F, // 0x11E0 (4576) pixels
    0x418F, 0x418F, 0x498F, 0x498F, 0x418F, 0x418F, 0x418F, 0x498F, 0x418E, 0x496E, 0x5190, 0x5190, 0x498F, 0x51AF, 0x516D, 0x4089, // 0x11F0 (4592) pixels
    0x3807, 0x2047, 0x88E7, 0xD864, 0xC024, 0xA826, 0x9048, 0x4828, 0x6889, 0x38A9, 0x108B, 0x28CA, 0x9866, 0xC047, 0x9826, 0xD825, // 0x1200 (4608) pixels
    0xB88A, 0x6869, 0x3069, 0x2807, 0x790A, 0xB9CC, 0xC1AD, 0xC9AE, 0xC1CE, 0xC9CD, 0xC9ED, 0xD1ED, 0xDA0C, 0xD9EC, 0xE1EC, 0xE1EC, // 0x1210 (4624) pixels
    0x91EE, 0x48CA, 0x1889, 0x1869, 0x2848, 0x2047, 0x2088, 0x1869, 0x1807, 0x3089, 0x3089, 0x38CA, 0x3089, 0x3889, 0x4867, 0x5024, // 0x1220 (4640) pixels
    0x5005, 0x6846, 0x7847, 0xA10C, 0x99CF, 0x79EF, 0x79D0, 0x812F, 0x71CF, 0x71D1, 0x71D2, 0x69B1, 0x69B0, 0x61AF, 0x61D0, 0x69D1, // 0x1230 (4656) pixels
    0x51F0, 0x59B0, 0x5170, 0x594F, 0x7190, 0x81B0, 0x89AE, 0x89CD, 0x920C, 0x89CE, 0x796F, 0x6950, 0x6170, 0x618F, 0x61D0, 0x69F1, // 0x1240 (4672) pixels
    0x7211, 0x69AF, 0x69CF, 0x69F0, 0x69D1, 0x69D1, 0x79D1, 0x798F, 0x518F, 0x518F, 0x498F, 0x498F, 0x498F, 0x418E, 0x418E, 0x418E, // 0x1250 (4688) pixels
    0x498F, 0x498F, 0x416F, 0x416F, 0x416E, 0x416F, 0x498F, 0x49AF, 0x498F, 0x498F, 0x498F, 0x498F, 0x416E, 0x416E, 0x498F, 0x498F, // 0x1260 (4704) pixels
    0x41CE, 0x498E, 0x5190, 0x4990, 0x4190, 0x41CF, 0x416D, 0x3089, 0x4029, 0x28C9, 0x8927, 0xD063, 0xB004, 0x9805, 0x8807, 0x4869, // 0x1270 (4720) pixels
    0x4868, 0x18A8, 0x088A, 0x30AA, 0xA845, 0xD027, 0x9007, 0xD004, 0xC887, 0x6026, 0x2889, 0x3047, 0x8929, 0xD9CB, 0xE98C, 0xE98D, // 0x1280 (4736) pixels
    0xD20D, 0xD20C, 0xDA0C, 0xDA0B, 0xE20A, 0xE20A, 0xE9EA, 0xE9EA, 0x60C9, 0x2847, 0x18AA, 0x28CA, 0x38C9, 0x3067, 0x2088, 0x1889, // 0x1290 (4752) pixels
    0x1089, 0x290B, 0x30CA, 0x38CB, 0x386A, 0x50EB, 0x798C, 0x99CC, 0x898B, 0x896A, 0x90C9, 0xB90C, 0xB94D, 0x896D, 0x89F0, 0x89F0, // 0x12A0 (4768) pixels
    0x81D2, 0x79B0, 0x79B0, 0x79F1, 0x71F1, 0x69B0, 0x61AF, 0x61D0, 0x59B0, 0x61F1, 0x61F1, 0x59D1, 0x59F1, 0x59D1, 0x59F1, 0x5A11, // 0x12B0 (4784) pixels
    0x61F0, 0x69D1, 0x61D2, 0x61B1, 0x69D0, 0x71F1, 0x79F2, 0x79D2, 0x79F0, 0x71CF, 0x71EF, 0x7210, 0x69F1, 0x71D1, 0x81D0, 0x89AE, // 0x12C0 (4800) pixels
    0x49AF, 0x498F, 0x498F, 0x498F, 0x498F, 0x498F, 0x498F, 0x498F, 0x498F, 0x498F, 0x498F, 0x49AF, 0x49AF, 0x49AF, 0x49AF, 0x49AF, // 0x12D0 (4816) pixels
    0x49AF, 0x49AF, 0x498F, 0x498F, 0x498F, 0x498F, 0x498F, 0x498F, 0x514E, 0x51B0, 0x4190, 0x4190, 0x49D0, 0x59AF, 0x614D, 0x50A9, // 0x12E0 (4832) pixels
    0x504B, 0x28A7, 0xA0A8, 0xC006, 0xA805, 0x9068, 0x5867, 0x8009, 0x6067, 0x2068, 0x088A, 0x4088, 0x9065, 0xC844, 0xC865, 0xB845, // 0x12F0 (4848) pixels
    0xD0A5, 0x7884, 0x1826, 0x5866, 0xA92A, 0xC9CE, 0xE9EA, 0xE9C8, 0xE20A, 0xEA2C, 0xEA4B, 0xEB2A, 0xFB47, 0xFB29, 0xDA8D, 0x70EA, // 0x1300 (4864) pixels
    0x188A, 0x2069, 0x3869, 0x50CA, 0x48A9, 0x3068, 0x2089, 0x1069, 0x284A, 0x588A, 0x6088, 0x40A7, 0x38EA, 0x50AC, 0x508B, 0x48EB, // 0x1310 (4880) pixels
    0x512B, 0x610C, 0x694C, 0x612B, 0x896C, 0xA9CE, 0xA9AE, 0x99CF, 0x89F0, 0x81F0, 0x79F0, 0x79D1, 0x81D1, 0x81B1, 0x71D0, 0x69D0, // 0x1320 (4896) pixels
    0x71B0, 0x71B0, 0x69D1, 0x61D1, 0x61D1, 0x69D0, 0x81D0, 0x91D0, 0x9A11, 0x89AF, 0x798F, 0x71CF, 0x79F0, 0x79F0, 0x81EF, 0x81CF, // 0x1330 (4912) pixels
    0x8A10, 0x81EF, 0x81CF, 0x79CF, 0x79CF, 0x8A0F, 0x922F, 0x89EE, 0x51B0, 0x51AF, 0x498F, 0x498F, 0x498F, 0x51AF, 0x498F, 0x498F, // 0x1340 (4928) pixels
    0x498F, 0x498F, 0x498F, 0x51AF, 0x51AF, 0x51AF, 0x51AF, 0x51AF, 0x51AF, 0x51AF, 0x51AF, 0x498F, 0x498F, 0x498F, 0x498F, 0x498F, // 0x1350 (4944) pixels
    0x516F, 0x51B0, 0x4990, 0x49B0, 0x49D0, 0x51AF, 0x594C, 0x4088, 0x506A, 0x3866, 0x9827, 0xA805, 0x9006, 0x7867, 0x5047, 0x8808, // 0x1360 (4960) pixels
    0x88A9, 0x3068, 0x1089, 0x608A, 0x9868, 0x8846, 0x8026, 0x9807, 0xC847, 0x9088, 0x488A, 0x70A8, 0xA96B, 0xBA30, 0xC24E, 0xBA4D, // 0x1370 (4976) pixels
    0xA9F0, 0xA98D, 0xD26E, 0xE2CB, 0xF2C8, 0xFAEB, 0xA1CC, 0x3849, 0x186A, 0x2889, 0x3889, 0x48CA, 0x40A9, 0x2848, 0x2069, 0x1049, // 0x1380 (4992) pixels
    0x38A8, 0x7888, 0x9847, 0x7846, 0x50A8, 0x40AA, 0x2888, 0x1086, 0x1866, 0x4048, 0x4028, 0x2806, 0x5088, 0xA16D, 0xC1EF, 0xB9CF, // 0x1390 (5008) pixels
    0x99CF, 0x91CF, 0x89CF, 0x89CF, 0x89B0, 0x89D0, 0x81F0, 0x7A10, 0x81D0, 0x81D0, 0x81B0, 0x79D0, 0x71D0, 0x79D0, 0x91CF, 0xA1D0, // 0x13A0 (5024) pixels
    0xAA10, 0x99F0, 0x91EF, 0x8A10, 0x8A10, 0x920F, 0x91EF, 0x9A0F, 0xA210, 0x99EF, 0x99F0, 0x99F0, 0x99D0, 0xA1F0, 0xAA0F, 0xA1CE, // 0x13B0 (5040) pixels
    0x51D0, 0x51B0, 0x51AF, 0x51AF, 0x51B0, 0x51B0, 0x51B0, 0x51AF, 0x51AF, 0x51AF, 0x51AF, 0x51B0, 0x51B0, 0x51B0, 0x51B0, 0x51B0, // 0x13C0 (5056) pixels
    0x51B0, 0x51B0, 0x51B0, 0x51B0, 0x51AF, 0x51AF, 0x51AF, 0x498F, 0x518F, 0x51B0, 0x49B0, 0x49D0, 0x51D0, 0x51CF, 0x516D, 0x3068, // 0x13D0 (5072) pixels
    0x28AB, 0x10C8, 0x3888, 0x3847, 0x3848, 0x3068, 0x08A7, 0x3868, 0x5047, 0x1868, 0x1089, 0x388A, 0x4069, 0x2049, 0x2049, 0x3829, // 0x13E0 (5088) pixels
    0x6047, 0x58AA, 0x388B, 0x5088, 0x896B, 0x9A10, 0xA230, 0x9230, 0x8A12, 0x89F0, 0x9A0F, 0xAA4D, 0xBAAD, 0xA22C, 0x50E8, 0x2888, // 0x13F0 (5104) pixels
    0x2069, 0x28AA, 0x3089, 0x38C9, 0x30A9, 0x2048, 0x1868, 0x1869, 0x5929, 0x98C9, 0xB088, 0x9888, 0x78CA, 0x610C, 0x38EA, 0x10A8, // 0x1400 (5120) pixels
    0x18C7, 0x5089, 0x5049, 0x1867, 0x2887, 0x710B, 0xA9AE, 0xC1AE, 0xB1EE, 0xA9EE, 0xA1EF, 0x99CF, 0x99CF, 0x99AF, 0x91CE, 0x89EE, // 0x1410 (5136) pixels
    0x91EF, 0x91F0, 0x99D0, 0x91D0, 0x89EF, 0x89EF, 0x99EF, 0xA9EF, 0xA9CE, 0xA9EE, 0xA1EF, 0xA20F, 0xA1EF, 0xA1CF, 0xA9EF, 0xB20F, // 0x1420 (5152) pixels
    0xA9CE, 0xA9AE, 0xA9CF, 0xA9CF, 0xA9CF, 0xB1D0, 0xB1AF, 0xA96D, 0x59D0, 0x51D0, 0x51B0, 0x51B0, 0x51D0, 0x51D0, 0x51D0, 0x51B0, // 0x1430 (5168) pixels
    0x51B0, 0x51B0, 0x51D0, 0x51D0, 0x51D0, 0x51D0, 0x51D0, 0x51D0, 0x51D0, 0x51D0, 0x51D0, 0x51D0, 0x51D0, 0x51D0, 0x51B0, 0x51B0, // 0x1440 (5184) pixels
    0x51AF, 0x51B0, 0x51B0, 0x59D0, 0x51D0, 0x59EF, 0x51AE, 0x28A9, 0x204B, 0x10AA, 0x18A9, 0x0868, 0x206A, 0x204A, 0x00C9, 0x2088, // 0x1450 (5200) pixels
    0x2026, 0x1888, 0x20CA, 0x28AA, 0x188A, 0x088B, 0x08AB, 0x10AA, 0x20A8, 0x20CB, 0x184A, 0x3869, 0x716C, 0x91F1, 0x99F2, 0x99D0, // 0x1460 (5216) pixels
    0x91F0, 0xA230, 0xA1CE, 0xB270, 0x9A90, 0x494B, 0x2087, 0x20C8, 0x2089, 0x28CA, 0x28A9, 0x28A9, 0x28C9, 0x2068, 0x2089, 0x28CA, // 0x1470 (5232) pixels
    0x40C9, 0x58C9, 0x60A8, 0x5888, 0x50AA, 0x50CC, 0x38EC, 0x10A9, 0x30A8, 0x6069, 0x586A, 0x20A9, 0x0888, 0x3088, 0x796B, 0xB9CD, // 0x1480 (5248) pixels
    0xC1AD, 0xB9CE, 0xB1EF, 0xA9EF, 0xA9F0, 0xA9EF, 0xA1EE, 0x99EE, 0x99EF, 0xA1EF, 0xA9F0, 0xA9F0, 0xA210, 0x9A0F, 0xA1EF, 0xA9CF, // 0x1490 (5264) pixels
    0xB1CD, 0xB1CE, 0xA9EE, 0xA9CF, 0xA9CE, 0xA9AE, 0xB1AE, 0xB9CE, 0xB1EE, 0xB1CE, 0xB1EF, 0xB1EF, 0xB1CF, 0xB1EF, 0xB1CF, 0xA98E, // 0x14A0 (5280) pixels
    0x59D0, 0x59D0, 0x51B0, 0x51B0, 0x51B0, 0x59D0, 0x51B0, 0x51B0, 0x59D0, 0x59D0, 0x59D0, 0x59D0, 0x59D0, 0x59D0, 0x59D0, 0x59D0, // 0x14B0 (5296) pixels
    0x59D0, 0x59D0, 0x59D0, 0x59D0, 0x59D0, 0x59D0, 0x59D0, 0x59D0, 0x59D0, 0x59D0, 0x59B0, 0x61D1, 0x59B0, 0x61F0, 0x59EF, 0x390B, // 0x14C0 (5312) pixels
    0x2808, 0x2828, 0x3028, 0x2007, 0x306A, 0x288A, 0x20C9, 0x5007, 0x3028, 0x1868, 0x2068, 0x4048, 0x4049, 0x206A, 0x1889, 0x3068, // 0x14D0 (5328) pixels
    0x30A8, 0x288B, 0x280B, 0x48AB, 0x81CE, 0x99F0, 0xA9F1, 0xB1CE, 0xC20E, 0xD1ED, 0xE9EE, 0xDA2F, 0x814B, 0x28A8, 0x20CA, 0x1849, // 0x14E0 (5344) pixels
    0x2889, 0x28EA, 0x20C9, 0x20C9, 0x20C9, 0x1888, 0x2089, 0x28CA, 0x28CB, 0x30CA, 0x28C9, 0x20A9, 0x28AA, 0x38CC, 0x30CB, 0x2089, // 0x14F0 (5360) pixels
    0x38A9, 0x608A, 0x50CA, 0x28C9, 0x1089, 0x18E9, 0x69EC, 0xDA6F, 0xD1ED, 0xC1EE, 0xB9EF, 0xB1EF, 0xB9F0, 0xB9EF, 0xB20F, 0xAA0E, // 0x1500 (5376) pixels
    0xA9EF, 0xB1CF, 0xB9CF, 0xB9CF, 0xB1EF, 0xB1EF, 0xB1CF, 0xB9AF, 0xBA0F, 0xBA0F, 0xB9EF, 0xB1CF, 0xB1CE, 0xB9CE, 0xB9CE, 0xC1CD, // 0x1510 (5392) pixels
    0xC1EE, 0xB9CE, 0xB9CE, 0xB9CE, 0xB1CE, 0xB9EF, 0xC20F, 0xB9CE, 0x59D0, 0x59D0, 0x59B0, 0x59B0, 0x59B0, 0x59D0, 0x59B0, 0x59B0, // 0x1520 (5408) pixels
    0x59D0, 0x59D0, 0x59D0, 0x59D0, 0x59D0, 0x59D0, 0x59D0, 0x59D0, 0x59D0, 0x59D0, 0x59D0, 0x59D0, 0x59D0, 0x59D0, 0x59D0, 0x59D0, // 0x1530 (5424) pixels
    0x59D0, 0x59D0, 0x61B0, 0x61D0, 0x61D0, 0x61D0, 0x69F0, 0x596E, 0x30AA, 0x28A9, 0x38C9, 0x3868, 0x38CA, 0x28C9, 0x30C9, 0x5848, // 0x1540 (5440) pixels
    0x308A, 0x10A9, 0x10C9, 0x40A9, 0x58AA, 0x388A, 0x28A9, 0x40EA, 0x30A7, 0x208A, 0x386A, 0x716D, 0xAA2E, 0xC20E, 0xCA0E, 0xE9EC, // 0x1550 (5456) pixels
    0xF249, 0xFA2B, 0xFA4E, 0xA12B, 0x4067, 0x20C9, 0x20A9, 0x2049, 0x2889, 0x28CA, 0x20C9, 0x20E9, 0x20C9, 0x1868, 0x1868, 0x1868, // 0x1560 (5472) pixels
    0x206A, 0x286A, 0x2849, 0x2848, 0x2089, 0x20AA, 0x20A9, 0x2068, 0x20C9, 0x4048, 0x3888, 0x2088, 0x206A, 0x10C9, 0x494A, 0xDA0E, // 0x1570 (5488) pixels
    0xEA4E, 0xDA2E, 0xC20E, 0xB9EE, 0xB9CF, 0xC1CE, 0xC20E, 0xC22D, 0xC9EE, 0xD1CE, 0xD9AD, 0xD1AD, 0xC9CD, 0xC9CE, 0xC9CE, 0xD1AF, // 0x1580 (5504) pixels
    0xC20E, 0xC20E, 0xC1EE, 0xC1EE, 0xC9EE, 0xD20E, 0xDA2D, 0xDA0C, 0xE20D, 0xD9ED, 0xD1ED, 0xC9ED, 0xC9ED, 0xD20D, 0xDA2D, 0xD20C, // 0x1590 (5520) pixels
    0x59D0, 0x59D0, 0x59B0, 0x59B0, 0x59D0, 0x59D0, 0x59D0, 0x59B0, 0x59D0, 0x59D0, 0x59D0, 0x59D0, 0x59D0, 0x59D0, 0x59D0, 0x59D0, // 0x15A0 (5536) pixels
    0x59D0, 0x59D0, 0x59B0, 0x59B0, 0x59B0, 0x59B0, 0x59D0, 0x59D0, 0x61D1, 0x61D0, 0x61B0, 0x69D0, 0x71B0, 0x6990, 0x71B0, 0x71B0, // 0x15B0 (5552) pixels
    0x310B, 0x08C7, 0x2907, 0x4066, 0x40A8, 0x1866, 0x2867, 0x6048, 0x5848, 0x1888, 0x10A8, 0x50A8, 0x7868, 0x5848, 0x4068, 0x50EA, // 0x15C0 (5568) pixels
    0x4888, 0x288B, 0x50E9, 0xAA0C, 0xE28C, 0xF26A, 0xF28C, 0xFA6A, 0xFA87, 0xFAAB, 0xB20D, 0x38A9, 0x10CA, 0x20EA, 0x1848, 0x2889, // 0x15D0 (5584) pixels
    0x28A9, 0x28CA, 0x28CA, 0x20EA, 0x18A9, 0x1868, 0x1868, 0x1847, 0x208A, 0x28CA, 0x28AA, 0x2889, 0x28CA, 0x20C9, 0x20C8, 0x3109, // 0x15E0 (5600) pixels
    0x1089, 0x4028, 0x4088, 0x2068, 0x286A, 0x18AA, 0x30E8, 0xB9CC, 0xF24B, 0xE22B, 0xD20C, 0xC9ED, 0xD1CD, 0xD9ED, 0xE22D, 0xE24C, // 0x15F0 (5616) pixels
    0xE20D, 0xEA0C, 0xE9EC, 0xE9EB, 0xE20C, 0xDA0C, 0xE1ED, 0xE9ED, 0xC9EC, 0xC9EC, 0xD1ED, 0xDA0C, 0xE20C, 0xEA4B, 0xF26B, 0xF26A, // 0x1600 (5632) pixels
    0xFA6C, 0xF24C, 0xF24C, 0xEA6B, 0xEA6B, 0xF2AB, 0xF2AA, 0xF269, 0x61F1, 0x59D0, 0x59D0, 0x59D0, 0x59D0, 0x59D0, 0x59D0, 0x59D0, // 0x1610 (5648) pixels
    0x59D0, 0x59D0, 0x59D0, 0x59D0, 0x59D0, 0x59D0, 0x59D0, 0x59D0, 0x59D0, 0x59D0, 0x59B0, 0x59B0, 0x59B0, 0x59B0, 0x59D0, 0x61D1, // 0x1620 (5664) pixels
    0x69B0, 0x69D1, 0x69B0, 0x71D0, 0x71B0, 0x716F, 0x7991, 0x89D2, 0x710C, 0x4846, 0x8846, 0xB006, 0x9067, 0x5845, 0x8807, 0xD00A, // 0x1630 (5680) pixels
    0xE007, 0x5865, 0x3885, 0xB827, 0xF028, 0xA046, 0x7846, 0xA849, 0x880A, 0x580B, 0x88A8, 0xE1E9, 0xFA89, 0xFAA7, 0xEB0A, 0xFAE8, // 0x1640 (5696) pixels
    0xFB0B, 0xDA8C, 0x6909, 0x18A8, 0x10E9, 0x2869, 0x306A, 0x18AC, 0x30CA, 0x30CA, 0x28C9, 0x20CA, 0x1889, 0x1868, 0x20A9, 0x2068, // 0x1650 (5712) pixels
    0x386A, 0x30EB, 0x20EB, 0x28CA, 0x38AB, 0x3069, 0x3089, 0x410A, 0x1069, 0x608A, 0x610A, 0x2067, 0x2049, 0x20CA, 0x20E7, 0x89EB, // 0x1660 (5728) pixels
    0xFA6A, 0xF26A, 0xE24B, 0xDA2C, 0xE1EC, 0xE9EC, 0xF1EB, 0xF20A, 0xE24B, 0xEA4A, 0xF24A, 0xF26A, 0xEA8A, 0xE28B, 0xE24B, 0xEA0C, // 0x1670 (5744) pixels
    0xDA0B, 0xE22C, 0xEA4D, 0xF24C, 0xFA4B, 0xFA6A, 0xFA68, 0xFA68, 0xFA8A, 0xFA6A, 0xFA8A, 0xFAAA, 0xF2A9, 0xFAC8, 0xFAE7, 0xF2A6, // 0x1680 (5760) pixels
    0x61D0, 0x61D0, 0x61D0, 0x61D0, 0x61D0, 0x61D0, 0x61D0, 0x61D0, 0x61D0, 0x61D0, 0x61D0, 0x61D0, 0x59D0, 0x59D0, 0x59D0, 0x59D0, // 0x1690 (5776) pixels
    0x59D0, 0x59D0, 0x59D0, 0x61D0, 0x61D0, 0x61D0, 0x61D1, 0x61D1, 0x69B1, 0x69B1, 0x69D1, 0x69D0, 0x71D0, 0x79B0, 0x7990, 0x816F, // 0x16A0 (5792) pixels
    0xC8A8, 0xB026, 0xB806, 0xD047, 0xB867, 0x9065, 0x9065, 0xB067, 0xA849, 0x6826, 0x6005, 0xA027, 0xC068, 0x9866, 0xA045, 0xE067, // 0x16B0 (5808) pixels
    0xC0A9, 0xA025, 0xC907, 0xFA6A, 0xFAE9, 0xFA87, 0xFA88, 0xFACA, 0x81EA, 0x412A, 0x286A, 0x388A, 0x20C8, 0x1088, 0x288A, 0x308A, // 0x16C0 (5824) pixels
    0x388B, 0x30AA, 0x28A9, 0x20A8, 0x18A8, 0x18A9, 0x1869, 0x1048, 0x28AA, 0x40AC, 0x38AC, 0x38EC, 0x38EC, 0x288A, 0x30A9, 0x48AA, // 0x16D0 (5840) pixels
    0x3026, 0x70A9, 0x80A9, 0x3067, 0x1867, 0x1847, 0x40CB, 0x390D, 0xCA2D, 0xFAAA, 0xFA29, 0xFA0B, 0xF28D, 0xF24B, 0xF20A, 0xFA6A, // 0x16E0 (5856) pixels
    0xFA88, 0xFA69, 0xFA6B, 0xFA4A, 0xFA28, 0xFA68, 0xFA89, 0xFA49, 0xFA2C, 0xFA6A, 0xFA88, 0xF246, 0xFA68, 0xFA8A, 0xFA68, 0xFA88, // 0x16F0 (5872) pixels
    0xFACA, 0xFAC9, 0xF2C9, 0xEAAB, 0xDA6C, 0xDA2D, 0xDA4E, 0xD1EC, 0x69D1, 0x69D1, 0x69D1, 0x69D1, 0x69D1, 0x69D1, 0x69D1, 0x69D1, // 0x1700 (5888) pixels
    0x61F1, 0x61D0, 0x61D0, 0x61D0, 0x61D0, 0x61D0, 0x61D0, 0x61D0, 0x59D0, 0x59D0, 0x61D0, 0x61D0, 0x61D1, 0x61D1, 0x61D1, 0x61D1, // 0x1710 (5904) pixels
    0x69D1, 0x69D1, 0x69B0, 0x71B0, 0x71D0, 0x79D0, 0x81F0, 0x89F0, 0x814A, 0x68C8, 0x6067, 0x7047, 0x6046, 0x4066, 0x4066, 0x5826, // 0x1720 (5920) pixels
    0x6087, 0x30A7, 0x3087, 0x6087, 0x70A8, 0x5086, 0x5045, 0x8065, 0x8047, 0x7846, 0xA0C8, 0xEA0B, 0xFAAA, 0xFA89, 0xFACB, 0xCA8B, // 0x1730 (5936) pixels
    0x5908, 0x48C9, 0x388B, 0x2889, 0x18A8, 0x20C9, 0x28AA, 0x30AB, 0x30AB, 0x30AA, 0x28C9, 0x20A8, 0x1888, 0x1888, 0x1869, 0x1049, // 0x1740 (5952) pixels
    0x28CA, 0x410C, 0x38EC, 0x310C, 0x38EC, 0x28A9, 0x28A9, 0x48EB, 0x2867, 0x58A9, 0x60A9, 0x2888, 0x1888, 0x1867, 0x38AA, 0x30CC, // 0x1750 (5968) pixels
    0x7909, 0xE28A, 0xFA68, 0xFA49, 0xF249, 0xFA28, 0xFA69, 0xF289, 0xF2C9, 0xF28A, 0xFA6A, 0xFA6A, 0xFA8A, 0xF28B, 0xDA8C, 0xD26D, // 0x1760 (5984) pixels
    0xE26A, 0xEA88, 0xFAA7, 0xFA87, 0xFAAA, 0xDAAD, 0xBA8D, 0xA2AD, 0xC22D, 0xC26E, 0xC24E, 0xCA4F, 0xC20F, 0xC9ED, 0xDA0C, 0xD9CA, // 0x1770 (6000) pixels
    0x69F1, 0x69F1, 0x69F1, 0x69F1, 0x69F1, 0x69F1, 0x69F1, 0x69F1, 0x69F1, 0x69F1, 0x69F1, 0x69F0, 0x69F0, 0x69F0, 0x69F0, 0x69F0, // 0x1780 (6016) pixels
    0x61D0, 0x61D0, 0x61D0, 0x61D0, 0x61D0, 0x61D1, 0x61D1, 0x69D1, 0x69D1, 0x69D1, 0x71D1, 0x71B0, 0x718F, 0x718E, 0x79AE, 0x79CE, // 0x1790 (6032) pixels
    0x80AA, 0x7089, 0x7889, 0x886A, 0x80AA, 0x710B, 0x70EB, 0x808A, 0x6889, 0x58CB, 0x58EB, 0x70AB, 0x78AB, 0x68AB, 0x70AA, 0x8889, // 0x17A0 (6048) pixels
    0x712B, 0x612B, 0x70CA, 0xB98B, 0xF22A, 0xFA6A, 0xD28C, 0x7169, 0x3888, 0x608A, 0x58AB, 0x2089, 0x18A9, 0x30A8, 0x3069, 0x30CC, // 0x17B0 (6064) pixels
    0x30CA, 0x28CA, 0x20C9, 0x18A8, 0x1888, 0x2088, 0x1889, 0x1068, 0x20A8, 0x412B, 0x38EA, 0x30EB, 0x390C, 0x28CA, 0x28A9, 0x40EB, // 0x17C0 (6080) pixels
    0x20A9, 0x30A8, 0x40A9, 0x20A9, 0x18A8, 0x1087, 0x30AA, 0x288B, 0x58C9, 0xDAEC, 0xFA89, 0xFA69, 0xFA89, 0xF269, 0xF28C, 0xDA6B, // 0x17D0 (6096) pixels
    0xE26A, 0xEA8B, 0xFA4C, 0xFA4C, 0xEA4B, 0xC9EB, 0xB1ED, 0xAA31, 0xAA30, 0xC24E, 0xDA8D, 0xE24C, 0xDA0D, 0xC1EF, 0xA1EF, 0x9A31, // 0x17E0 (6112) pixels
    0xB1EF, 0xBA10, 0xBA10, 0xC210, 0xCA2E, 0xDA6B, 0xEB0A, 0xF307, 0x69F1, 0x69F1, 0x69F1, 0x69F1, 0x69F1, 0x69F1, 0x69F1, 0x69F1, // 0x17F0 (6128) pixels
    0x69F1, 0x69F1, 0x69F1, 0x69F1, 0x69F1, 0x69D1, 0x69D1, 0x69D1, 0x61D1, 0x61D1, 0x61D1, 0x69D1, 0x69D1, 0x69F1, 0x69D1, 0x69D1, // 0x1800 (6144) pixels
    0x69D1, 0x69D1, 0x71D0, 0x696F, 0x58EC, 0x4869, 0x4048, 0x4048, 0x408A, 0x30A9, 0x3089, 0x3869, 0x3028, 0x1868, 0x1868, 0x2828, // 0x1810 (6160) pixels
    0x1866, 0x18A8, 0x18A9, 0x2088, 0x2088, 0x28AA, 0x28CA, 0x30C9, 0x4088, 0x3089, 0x40A9, 0x914A, 0xE1EA, 0xF24B, 0xA9EB, 0x40A9, // 0x1820 (6176) pixels
    0x38AA, 0x88AB, 0x70AB, 0x18A9, 0x10C9, 0x3068, 0x3048, 0x30CC, 0x30CA, 0x28CA, 0x18C9, 0x18A9, 0x2088, 0x2068, 0x1868, 0x1068, // 0x1830 (6192) pixels
    0x2087, 0x490A, 0x38CA, 0x30CA, 0x390B, 0x28CA, 0x2889, 0x408A, 0x28AA, 0x2888, 0x38A9, 0x20C9, 0x20A9, 0x1087, 0x28A9, 0x28AB, // 0x1840 (6208) pixels
    0x60CA, 0xDAED, 0xFA49, 0xF22B, 0xE24C, 0xDA2D, 0xD22F, 0xC20F, 0xE28A, 0xEA6B, 0xF24B, 0xF24C, 0xF26C, 0xE26C, 0xCA6D, 0xC290, // 0x1850 (6224) pixels
    0xB9F0, 0xB9EF, 0xBA2F, 0xC20E, 0xCA2D, 0xD22E, 0xDA2D, 0xE24E, 0xF26D, 0xF26D, 0xEA6C, 0xEAAB, 0xEB09, 0xEB88, 0xFC26, 0xF424, // 0x1860 (6240) pixels
    0x69D1, 0x69D1, 0x69D1, 0x69D1, 0x69D1, 0x69D1, 0x69D1, 0x69D1, 0x69D1, 0x69D1, 0x69D1, 0x69D1, 0x71D1, 0x71D1, 0x71D1, 0x71D1, // 0x1870 (6256) pixels
    0x69F0, 0x69F1, 0x69F1, 0x69F1, 0x69F1, 0x71F1, 0x71F1, 0x71F1, 0x69D1, 0x71F1, 0x79F1, 0x79D0, 0x71AF, 0x696D, 0x614C, 0x614C, // 0x1880 (6272) pixels
    0x408A, 0x2068, 0x2088, 0x3089, 0x2869, 0x10A8, 0x10A8, 0x1889, 0x1886, 0x1888, 0x2068, 0x2088, 0x2088, 0x20AA, 0x28AA, 0x20A8, // 0x1890 (6288) pixels
    0x3067, 0x3068, 0x698C, 0xB20C, 0xEA4B, 0xE24B, 0x7929, 0x30AA, 0x4089, 0xA08B, 0x8049, 0x20A8, 0x18C9, 0x3868, 0x3869, 0x30CB, // 0x18A0 (6304) pixels
    0x30AA, 0x28A9, 0x18A9, 0x18A9, 0x2089, 0x2068, 0x1868, 0x1067, 0x3087, 0x512B, 0x48EA, 0x38CA, 0x40EB, 0x2889, 0x2868, 0x488A, // 0x18B0 (6320) pixels
    0x38AB, 0x3068, 0x48AA, 0x30CA, 0x2089, 0x1067, 0x28A9, 0x30CB, 0x50C9, 0xD2CD, 0xF28B, 0xE22C, 0xD24D, 0xCA0C, 0xD20D, 0xDA4E, // 0x18C0 (6336) pixels
    0xFB08, 0xFAE9, 0xFACA, 0xFACA, 0xFAC9, 0xFAE9, 0xFB0A, 0xF2EA, 0xFACB, 0xF2CB, 0xF30B, 0xE30A, 0xE348, 0xF3A8, 0xF3C7, 0xFBE7, // 0x18D0 (6352) pixels
    0xFB26, 0xFB25, 0xFB25, 0xFBA4, 0xFC04, 0xFC45, 0xF465, 0xE403, 0x69D0, 0x69D0, 0x69D0, 0x69D0, 0x69D0, 0x69D0, 0x69D0, 0x69D0, // 0x18E0 (6368) pixels
    0x69D0, 0x69D0, 0x69D0, 0x69D0, 0x69D0, 0x71F0, 0x71F0, 0x71F0, 0x69F1, 0x69F1, 0x69F1, 0x71F1, 0x71F1, 0x71F1, 0x71F1, 0x71F1, // 0x18F0 (6384) pixels
    0x71F1, 0x71F1, 0x71D0, 0x79F1, 0x8211, 0x8231, 0x7A10, 0x7A10, 0x89EF, 0x492A, 0x2067, 0x2827, 0x2827, 0x1846, 0x1887, 0x2087, // 0x1900 (6400) pixels
    0x1887, 0x1848, 0x2048, 0x3068, 0x2889, 0x28AA, 0x2889, 0x2867, 0x20A8, 0x4888, 0xB22D, 0xE28D, 0xFA6D, 0xCA2D, 0x50C9, 0x20CB, // 0x1910 (6416) pixels
    0x5848, 0xA86A, 0x9028, 0x3867, 0x20C9, 0x388A, 0x4089, 0x2888, 0x48AA, 0x30A9, 0x18A9, 0x18A9, 0x2089, 0x2068, 0x1868, 0x1047, // 0x1920 (6432) pixels
    0x3088, 0x510B, 0x48EB, 0x38CB, 0x40CB, 0x2869, 0x30A9, 0x510B, 0x40AB, 0x4869, 0x58AA, 0x30AA, 0x2089, 0x1047, 0x2869, 0x30CC, // 0x1930 (6448) pixels
    0x390A, 0xB2CC, 0xFB2D, 0xEAAC, 0xDACB, 0xE2A9, 0xFAA9, 0xFAC9, 0xFAC6, 0xFAA7, 0xFAC9, 0xFAE9, 0xFAC8, 0xFB28, 0xFB29, 0xFAC9, // 0x1940 (6464) pixels
    0xCA6C, 0xCA6B, 0xDAAB, 0xEAE8, 0xFBA6, 0xFCC5, 0xFD24, 0xF502, 0xFD25, 0xFD04, 0xFCC3, 0xFCC3, 0xFCC3, 0xFCA4, 0xFC65, 0xEBC4, // 0x1950 (6480) pixels
    0x69F0, 0x69F0, 0x69F0, 0x69F0, 0x69F0, 0x69F0, 0x69F0, 0x69F0, 0x69D0, 0x69D0, 0x69D0, 0x69F0, 0x69F0, 0x69F0, 0x71F1, 0x71F1, // 0x1960 (6496) pixels
    0x69F1, 0x71D1, 0x71F1, 0x71F1, 0x71F1, 0x71F1, 0x71F1, 0x71F1, 0x7A11, 0x71F1, 0x71F0, 0x71F0, 0x7A11, 0x7A11, 0x7A11, 0x7A11, // 0x1970 (6512) pixels
    0x9252, 0x516D, 0x28AA, 0x3069, 0x386A, 0x288A, 0x28AA, 0x288A, 0x20C9, 0x18AA, 0x28AB, 0x38CB, 0x38CA, 0x310C, 0x310B, 0x38E9, // 0x1980 (6528) pixels
    0x28EA, 0x812A, 0xEA8E, 0xFACD, 0xE28E, 0x9A0E, 0x30CA, 0x28AB, 0x8067, 0xA828, 0xA028, 0x6067, 0x28C9, 0x30AB, 0x408A, 0x2887, // 0x1990 (6544) pixels
    0x60AA, 0x4089, 0x2089, 0x10A9, 0x2089, 0x2069, 0x2068, 0x1867, 0x2889, 0x48CB, 0x40CB, 0x38EB, 0x38EB, 0x28A9, 0x28E9, 0x492B, // 0x19A0 (6560) pixels
    0x38A9, 0x5068, 0x6089, 0x2889, 0x18A9, 0x1067, 0x2849, 0x28AC, 0x292C, 0x89C9, 0xF30B, 0xF2CA, 0xF309, 0xFB07, 0xFAC7, 0xFAC7, // 0x19B0 (6576) pixels
    0xFB09, 0xFAC9, 0xFAA9, 0xFAEA, 0xFB0A, 0xE2EB, 0xC22B, 0xA98A, 0x50ED, 0x508D, 0x608C, 0x8109, 0xBA88, 0xFC68, 0xFCE6, 0xFC83, // 0x19C0 (6592) pixels
    0xF4C4, 0xF484, 0xF424, 0xF404, 0xFBE4, 0xFBC5, 0xFBC7, 0xEB46, 0x71F1, 0x71F1, 0x71F1, 0x71F1, 0x71F1, 0x71F1, 0x71F1, 0x71F1, // 0x19D0 (6608) pixels
    0x69F0, 0x69F0, 0x69F0, 0x69F0, 0x69F1, 0x69F1, 0x69F1, 0x69F1, 0x71F0, 0x71F1, 0x71F1, 0x71F1, 0x71F1, 0x71F1, 0x71F1, 0x71F1, // 0x19E0 (6624) pixels
    0x71B0, 0x71F0, 0x7211, 0x7211, 0x71F1, 0x71D1, 0x79F2, 0x8213, 0x8A31, 0x498D, 0x290A, 0x30CA, 0x38AA, 0x30EA, 0x28CA, 0x30AA, // 0x19F0 (6640) pixels
    0x28CA, 0x20CC, 0x30AC, 0x408B, 0x386A, 0x28CC, 0x310C, 0x40EA, 0x30AB, 0x994B, 0xF24B, 0xE229, 0xA16A, 0x510B, 0x208B, 0x388C, // 0x1A00 (6656) pixels
    0xA087, 0xA007, 0xA808, 0x7888, 0x30C9, 0x28AB, 0x40AB, 0x4108, 0x68CB, 0x488A, 0x2089, 0x1089, 0x18A9, 0x2089, 0x2068, 0x1867, // 0x1A10 (6672) pixels
    0x28CA, 0x38CB, 0x30AB, 0x310C, 0x312C, 0x20E9, 0x18C8, 0x30A8, 0x20A8, 0x4867, 0x6068, 0x2088, 0x10C9, 0x1888, 0x2849, 0x28AC, // 0x1A20 (6688) pixels
    0x20CE, 0x6886, 0xF26A, 0xFAAA, 0xFAE9, 0xF2C8, 0xF2C9, 0xF2EB, 0xFAC9, 0xFAC9, 0xFAA8, 0xFAE9, 0xEB0A, 0xBA4A, 0x792B, 0x58AC, // 0x1A30 (6704) pixels
    0x510D, 0x48CF, 0x38D0, 0x388C, 0x6149, 0xB2C9, 0xEB68, 0xFB46, 0xF348, 0xFB49, 0xFB0A, 0xFAEB, 0xFACA, 0xF2E9, 0xF30A, 0xE2A9, // 0x1A40 (6720) pixels
    0x81D1, 0x79D1, 0x79F1, 0x79F1, 0x71F1, 0x71F1, 0x71F0, 0x69F0, 0x71F0, 0x71F1, 0x71F1, 0x71F2, 0x71F1, 0x71F1, 0x71F1, 0x69F0, // 0x1A50 (6736) pixels
    0x79F0, 0x71F1, 0x69F1, 0x69D0, 0x71F0, 0x7A10, 0x71F1, 0x71F2, 0x69F1, 0x71F1, 0x71D0, 0x79D0, 0x79F0, 0x79F0, 0x7211, 0x7211, // 0x1A60 (6752) pixels
    0x8231, 0x516D, 0x30CA, 0x38C9, 0x50C9, 0x50A9, 0x38AA, 0x20CB, 0x28CA, 0x28C9, 0x30E8, 0x5068, 0x808A, 0x5068, 0x392A, 0x40EB, // 0x1A70 (6768) pixels
    0x30EB, 0xA16B, 0xE290, 0x892B, 0x788B, 0x3829, 0x20A9, 0x8045, 0xA049, 0x6807, 0x70C7, 0xB067, 0x7889, 0x110C, 0x304A, 0x7868, // 0x1A80 (6784) pixels
    0x5888, 0x6869, 0x3848, 0x10A9, 0x20A9, 0x2068, 0x1888, 0x2087, 0x30CA, 0x30CA, 0x30AA, 0x390B, 0x392B, 0x28A9, 0x20A9, 0x20C9, // 0x1A90 (6800) pixels
    0x20A9, 0x4848, 0x5848, 0x3028, 0x18AA, 0x1088, 0x1868, 0x2089, 0x28E8, 0x48E9, 0xC2CE, 0xF30A, 0xFB07, 0xFA87, 0xFAAB, 0xF2CC, // 0x1AA0 (6816) pixels
    0xFAA4, 0xFAE7, 0xF32B, 0xD30E, 0x9A0D, 0x710B, 0x60EC, 0x692E, 0x688C, 0x60CD, 0x48CD, 0x40ED, 0x48EC, 0x58EA, 0x91EC, 0xD371, // 0x1AB0 (6832) pixels
    0xFB09, 0xFB2A, 0xFB0B, 0xF30B, 0xEB28, 0xF387, 0xF32A, 0xE28C, 0x81F1, 0x81D1, 0x79F1, 0x79D1, 0x71F1, 0x71F1, 0x71F1, 0x71F1, // 0x1AC0 (6848) pixels
    0x7210, 0x7211, 0x71F1, 0x71F1, 0x69D1, 0x69D1, 0x69D0, 0x69F0, 0x71F0, 0x69F1, 0x6A11, 0x69F1, 0x71F0, 0x79F0, 0x71F1, 0x71F2, // 0x1AD0 (6864) pixels
    0x71F2, 0x71F2, 0x79D1, 0x79F1, 0x79D1, 0x71D0, 0x7A12, 0x7211, 0x81F1, 0x594D, 0x30CA, 0x30C9, 0x40C9, 0x48A9, 0x38A9, 0x28EA, // 0x1AE0 (6880) pixels
    0x28AA, 0x28C9, 0x3109, 0x50A9, 0x80CB, 0x50A9, 0x392B, 0x38EB, 0x5069, 0xA9CC, 0xB22E, 0x3846, 0x4088, 0x4869, 0x58A9, 0xB887, // 0x1AF0 (6896) pixels
    0x9028, 0x7007, 0x7047, 0xC027, 0x9088, 0x20EA, 0x488A, 0x8087, 0x4887, 0x6869, 0x4049, 0x10A8, 0x1889, 0x2068, 0x1887, 0x2067, // 0x1B00 (6912) pixels
    0x28CA, 0x30CA, 0x30AA, 0x390B, 0x390B, 0x28A9, 0x2089, 0x20C9, 0x20A9, 0x48A9, 0x60CA, 0x3068, 0x1889, 0x1068, 0x1868, 0x20A9, // 0x1B10 (6928) pixels
    0x28AB, 0x40CB, 0xB24E, 0xFAEB, 0xFB07, 0xFAA6, 0xFAE9, 0xF30A, 0xFB2B, 0xF32C, 0xCA8C, 0x916A, 0x68EA, 0x610C, 0x610E, 0x58ED, // 0x1B20 (6944) pixels
    0x60AD, 0x58CD, 0x48CD, 0x38CD, 0x38CC, 0x408A, 0x60EA, 0x89AD, 0xC26C, 0xC26C, 0xE32D, 0xFBAB, 0xFB69, 0xFBAB, 0xFBAC, 0xEAA8, // 0x1B30 (6960) pixels
    0x81F1, 0x79F1, 0x79D1, 0x79D1, 0x71D0, 0x71F1, 0x71F1, 0x7211, 0x7210, 0x7211, 0x7211, 0x71F1, 0x71F1, 0x71F1, 0x71F0, 0x7211, // 0x1B40 (6976) pixels
    0x71D0, 0x69D1, 0x69F1, 0x71F1, 0x79F0, 0x798E, 0x71AF, 0x79D2, 0x71F2, 0x71D2, 0x79D1, 0x81D1, 0x716F, 0x716F, 0x79F1, 0x71F1, // 0x1B50 (6992) pixels
    0x89F0, 0x596D, 0x30EA, 0x28C9, 0x30C9, 0x38A8, 0x30A8, 0x20C9, 0x28AA, 0x20CA, 0x290A, 0x48CA, 0x68EB, 0x48AA, 0x392B, 0x38CB, // 0x1B60 (7008) pixels
    0x4088, 0x89AC, 0x81AC, 0x2005, 0x4088, 0x6869, 0x7848, 0xA066, 0x7848, 0x6849, 0x6028, 0xB849, 0xA8A9, 0x48C8, 0x6048, 0x7825, // 0x1B70 (7024) pixels
    0x3087, 0x6069, 0x4849, 0x1888, 0x1889, 0x1888, 0x1087, 0x2047, 0x28AA, 0x30CA, 0x30AA, 0x390B, 0x390B, 0x28A9, 0x2089, 0x20A9, // 0x1B80 (7040) pixels
    0x20A9, 0x38A8, 0x50E9, 0x2888, 0x1889, 0x1868, 0x2068, 0x18A8, 0x28CC, 0x284A, 0x810A, 0xEA4A, 0xFB09, 0xFB29, 0xF2EB, 0xDAAA, // 0x1B90 (7056) pixels
    0xBA0C, 0xA9EC, 0x894B, 0x68AA, 0x60CC, 0x692E, 0x694F, 0x58EE, 0x58ED, 0x50EE, 0x40ED, 0x38EE, 0x410E, 0x38AC, 0x406B, 0x50AC, // 0x1BA0 (7072) pixels
    0x50CD, 0x58AB, 0x8949, 0xCACA, 0xFB8A, 0xF2E8, 0xEA66, 0xF286, 0x81F1, 0x79F1, 0x79F1, 0x79F1, 0x79D1, 0x71F1, 0x71F1, 0x71F1, // 0x1BB0 (7088) pixels
    0x7210, 0x7211, 0x7A31, 0x71F1, 0x7211, 0x7A11, 0x79F0, 0x7A31, 0x81D1, 0x71B1, 0x71D1, 0x79F1, 0x81CF, 0x712C, 0x716E, 0x79D1, // 0x1BC0 (7104) pixels
    0x71F2, 0x71F1, 0x79F1, 0x81D0, 0x714E, 0x694E, 0x79F1, 0x79F1, 0x8211, 0x598E, 0x310C, 0x290B, 0x310B, 0x30EA, 0x28CA, 0x28E9, // 0x1BD0 (7120) pixels
    0x30AB, 0x20CA, 0x20EA, 0x38A9, 0x50CB, 0x38AA, 0x390B, 0x38EB, 0x2909, 0x38C8, 0x48A9, 0x3028, 0x4048, 0x7008, 0x9069, 0x78C6, // 0x1BE0 (7136) pixels
    0x5889, 0x486A, 0x3889, 0x8869, 0x98C9, 0x7129, 0x88AA, 0x7826, 0x2046, 0x5869, 0x5049, 0x2068, 0x1888, 0x1888, 0x10A8, 0x2047, // 0x1BF0 (7152) pixels
    0x28A9, 0x28CA, 0x28AA, 0x390B, 0x390B, 0x28AA, 0x20A9, 0x20A9, 0x20CA, 0x2867, 0x3087, 0x2088, 0x20CA, 0x2869, 0x2048, 0x1088, // 0x1C00 (7168) pixels
    0x28CA, 0x1888, 0x60C9, 0xDA4D, 0xF2CD, 0xCA8C, 0xA9CC, 0x910B, 0x80EC, 0x78CC, 0x70CD, 0x690E, 0x692F, 0x610E, 0x60ED, 0x58CD, // 0x1C10 (7184) pixels
    0x50EE, 0x510D, 0x48ED, 0x40ED, 0x412E, 0x410E, 0x40CD, 0x40CD, 0x30AF, 0x40CD, 0x508B, 0x792A, 0xCAEC, 0xFBAA, 0xF328, 0xF2A8, // 0x1C20 (7200) pixels
    0x79F1, 0x79F1, 0x79F1, 0x79F1, 0x79F1, 0x79F1, 0x79F1, 0x79F1, 0x71F0, 0x7210, 0x7A11, 0x71F1, 0x79F1, 0x79F0, 0x71CF, 0x8210, // 0x1C30 (7216) pixels
    0x81D1, 0x71D1, 0x71F1, 0x79F1, 0x79CF, 0x690B, 0x718E, 0x7A10, 0x6212, 0x69F1, 0x7211, 0x79F1, 0x696E, 0x614E, 0x71F1, 0x71F1, // 0x1C40 (7232) pixels
    0x7211, 0x516E, 0x30EB, 0x20CB, 0x290C, 0x310C, 0x28EB, 0x28CA, 0x30CB, 0x20CA, 0x20CA, 0x30AA, 0x38CA, 0x30AA, 0x390B, 0x30EB, // 0x1C50 (7248) pixels
    0x290A, 0x1068, 0x1848, 0x2069, 0x1849, 0x5029, 0x906A, 0x78A8, 0x48EC, 0x288A, 0x10C9, 0x4027, 0x5827, 0x690A, 0x906A, 0x6807, // 0x1C60 (7264) pixels
    0x1046, 0x506A, 0x4849, 0x2068, 0x1888, 0x1888, 0x10A8, 0x2067, 0x28CA, 0x30EA, 0x30CA, 0x390B, 0x392B, 0x30CA, 0x28A9, 0x28CA, // 0x1C70 (7280) pixels
    0x18CA, 0x2046, 0x3067, 0x1868, 0x20CA, 0x2889, 0x2868, 0x1068, 0x20A8, 0x20EA, 0x592B, 0xBA2F, 0xB1ED, 0x812B, 0x68CD, 0x68AE, // 0x1C80 (7296) pixels
    0x70CE, 0x70EE, 0x710E, 0x710E, 0x68ED, 0x60ED, 0x60CC, 0x60CC, 0x50ED, 0x50ED, 0x48CC, 0x40AB, 0x48EC, 0x490C, 0x40EC, 0x38CC, // 0x1C90 (7312) pixels
    0x40EE, 0x40ED, 0x38AC, 0x406C, 0x712B, 0xB2AC, 0xE34B, 0xE2EA, 0x79F1, 0x79F1, 0x79F1, 0x79F1, 0x79F1, 0x79F1, 0x79F1, 0x79F1, // 0x1CA0 (7328) pixels
    0x79F0, 0x79F0, 0x7A11, 0x79D0, 0x81D0, 0x81D0, 0x714D, 0x798E, 0x79F2, 0x71F2, 0x6A12, 0x7211, 0x7A0F, 0x612B, 0x71CE, 0x7A30, // 0x1CB0 (7344) pixels
    0x6212, 0x6A12, 0x71F1, 0x79F0, 0x696F, 0x696F, 0x71F0, 0x71D0, 0x7A10, 0x616D, 0x48CA, 0x38A9, 0x38CA, 0x30CB, 0x28CB, 0x28CA, // 0x1CC0 (7360) pixels
    0x30CA, 0x20EA, 0x28CA, 0x30EB, 0x310B, 0x30CA, 0x38EB, 0x28EA, 0x288A, 0x1889, 0x1868, 0x2868, 0x106A, 0x308A, 0x886A, 0x8047, // 0x1CD0 (7376) pixels
    0x306A, 0x2828, 0x10A7, 0x2827, 0x3026, 0x510A, 0x90AB, 0x6008, 0x1868, 0x508A, 0x4069, 0x1888, 0x1868, 0x1867, 0x1088, 0x1847, // 0x1CE0 (7392) pixels
    0x20CA, 0x30EA, 0x28CA, 0x390B, 0x390B, 0x30CA, 0x30CA, 0x28CA, 0x18C9, 0x3087, 0x40A8, 0x2068, 0x18AA, 0x28AA, 0x28A9, 0x1868, // 0x1CF0 (7408) pixels
    0x1889, 0x18CB, 0x38AC, 0x794D, 0x712C, 0x60EC, 0x610E, 0x6950, 0x70ED, 0x78EE, 0x790E, 0x70ED, 0x68ED, 0x690D, 0x690D, 0x690C, // 0x1D00 (7424) pixels
    0x48CC, 0x50CC, 0x48CC, 0x48AB, 0x40CB, 0x40EB, 0x40EB, 0x38CB, 0x48AB, 0x40AC, 0x40ED, 0x40ED, 0x40AD, 0x508C, 0x898B, 0xC30B, // 0x1D10 (7440) pixels
    0x79F1, 0x79F1, 0x79F1, 0x79F1, 0x79F1, 0x79F1, 0x79F1, 0x79F1, 0x79F0, 0x79F0, 0x8211, 0x81B0, 0x89D0, 0x89D0, 0x710C, 0x794C, // 0x1D20 (7456) pixels
    0x71F2, 0x71F2, 0x71F2, 0x79F0, 0x81CE, 0x68AA, 0x816D, 0x89AF, 0x79CF, 0x81CF, 0x818E, 0x898D, 0x894D, 0x812C, 0x816D, 0x814D, // 0x1D30 (7472) pixels
    0x89AD, 0x814A, 0x78E9, 0x68C8, 0x58EA, 0x48EB, 0x38EB, 0x30EA, 0x28AA, 0x20EA, 0x30CA, 0x390B, 0x310B, 0x30CA, 0x38CA, 0x20C9, // 0x1D40 (7488) pixels
    0x1869, 0x2089, 0x3045, 0x5827, 0x2809, 0x20CA, 0x790A, 0x90A8, 0x3069, 0x68A9, 0x60C7, 0x60E9, 0x38A8, 0x30C9, 0x810C, 0x5847, // 0x1D50 (7504) pixels
    0x2089, 0x508B, 0x3089, 0x1087, 0x1868, 0x2047, 0x1888, 0x1867, 0x20CA, 0x28EA, 0x28CA, 0x30EB, 0x390B, 0x30CA, 0x30CA, 0x28CA, // 0x1D60 (7520) pixels
    0x18C9, 0x40A8, 0x58EA, 0x3068, 0x1889, 0x20A9, 0x30C9, 0x2089, 0x2089, 0x188A, 0x284B, 0x50AC, 0x612C, 0x694D, 0x710E, 0x690D, // 0x1D70 (7536) pixels
    0x70ED, 0x710D, 0x710D, 0x712D, 0x712D, 0x690D, 0x58ED, 0x58EC, 0x40EC, 0x48EC, 0x48EC, 0x40CC, 0x40EC, 0x40EC, 0x40EC, 0x38EC, // 0x1D80 (7552) pixels
    0x406B, 0x48EC, 0x410C, 0x38EB, 0x40EE, 0x408E, 0x48AC, 0x698A, 0x7A11, 0x79F1, 0x79F1, 0x79F1, 0x79F1, 0x79F1, 0x79F1, 0x8211, // 0x1D90 (7568) pixels
    0x81F0, 0x81F0, 0x8A11, 0x81D0, 0x9211, 0x91F0, 0x792C, 0x814C, 0x79B2, 0x71B2, 0x79B1, 0x8190, 0x914D, 0x7828, 0x90CC, 0x90ED, // 0x1DA0 (7584) pixels
    0x890A, 0x910A, 0x90A8, 0x90A8, 0x9888, 0x9067, 0x9067, 0x8847, 0x8087, 0x8886, 0x9086, 0x88A7, 0x70C8, 0x58C9, 0x38C9, 0x30C9, // 0x1DB0 (7600) pixels
    0x28A9, 0x20EA, 0x30AA, 0x38CB, 0x28EA, 0x30A9, 0x38A9, 0x18A8, 0x2089, 0x2047, 0x5064, 0x90A8, 0x4009, 0x10CA, 0x714A, 0x9887, // 0x1DC0 (7616) pixels
    0x3027, 0x98C9, 0x9866, 0x90E9, 0x38C8, 0x0846, 0x712B, 0x58A7, 0x2069, 0x488A, 0x2889, 0x08A7, 0x1887, 0x2848, 0x1888, 0x1888, // 0x1DD0 (7632) pixels
    0x20C9, 0x28EA, 0x28CA, 0x30EA, 0x38EB, 0x30AA, 0x30CA, 0x30CA, 0x18C9, 0x4068, 0x60A9, 0x3869, 0x1889, 0x18A9, 0x28C9, 0x2889, // 0x1DE0 (7648) pixels
    0x1886, 0x2089, 0x306B, 0x388A, 0x48EB, 0x690D, 0x80ED, 0x790D, 0x710D, 0x792D, 0x712D, 0x690D, 0x60ED, 0x590D, 0x510E, 0x48CD, // 0x1DF0 (7664) pixels
    0x412D, 0x410D, 0x38ED, 0x38ED, 0x38CD, 0x38CD, 0x38ED, 0x38CD, 0x48EF, 0x40CB, 0x40EA, 0x490C, 0x40ED, 0x410D, 0x40ED, 0x386D, // 0x1E00 (7680) pixels
    0x7A10, 0x7A10, 0x79F1, 0x8211, 0x81F1, 0x89D1, 0x91F1, 0x9A31, 0x91D0, 0x8A11, 0x7A11, 0x79D1, 0x89F1, 0x998E, 0x88C9, 0x88C8, // 0x1E10 (7696) pixels
    0xA826, 0x9866, 0xA087, 0x9866, 0x8886, 0x90C7, 0x9087, 0x7865, 0x9845, 0x9866, 0x9066, 0x98A7, 0x9087, 0x8046, 0x8087, 0x80A8, // 0x1E20 (7712) pixels
    0x6889, 0x68A9, 0x60A9, 0x5089, 0x4069, 0x3889, 0x38AA, 0x30AA, 0x28A9, 0x28CA, 0x30CA, 0x30CA, 0x28AA, 0x2889, 0x2869, 0x2068, // 0x1E30 (7728) pixels
    0x1868, 0x2048, 0x38A9, 0x40EA, 0x2868, 0x2888, 0x512C, 0x58ED, 0x20C9, 0x40EB, 0x390A, 0x50EB, 0x4869, 0x2888, 0x512C, 0x58EC, // 0x1E40 (7744) pixels
    0x2889, 0x30CA, 0x2089, 0x1868, 0x1868, 0x1868, 0x1888, 0x1848, 0x28A9, 0x28CA, 0x28CA, 0x28EA, 0x310B, 0x28CA, 0x28A9, 0x28CA, // 0x1E50 (7760) pixels
    0x2889, 0x2889, 0x28CA, 0x20C9, 0x2089, 0x2089, 0x28AA, 0x30CA, 0x2068, 0x1889, 0x18A9, 0x20A9, 0x30AA, 0x40CB, 0x590D, 0x792F, // 0x1E60 (7776) pixels
    0x712D, 0x712D, 0x690D, 0x690D, 0x610D, 0x58ED, 0x58CD, 0x58CD, 0x410C, 0x410D, 0x490D, 0x40EC, 0x40CC, 0x40CC, 0x40CC, 0x48EC, // 0x1E70 (7792) pixels
    0x50ED, 0x510D, 0x490D, 0x40EC, 0x40EC, 0x40EC, 0x40EC, 0x40CC, 0x79F0, 0x81F0, 0x8211, 0x8212, 0x8212, 0x81F1, 0x89F1, 0x91F1, // 0x1E80 (7808) pixels
    0x9190, 0x89B0, 0x81D1, 0x81D1, 0x89D1, 0x894E, 0x7068, 0x7067, 0x80C9, 0x60A8, 0x6888, 0x68A8, 0x50C8, 0x58A8, 0x6088, 0x50A8, // 0x1E90 (7824) pixels
    0x5889, 0x58A9, 0x5089, 0x50CA, 0x50CB, 0x408A, 0x48AB, 0x40AB, 0x48A9, 0x48C9, 0x40C9, 0x38A9, 0x2888, 0x2888, 0x20A8, 0x2088, // 0x1EA0 (7840) pixels
    0x20A9, 0x28CA, 0x310B, 0x30EB, 0x30CA, 0x28AA, 0x2889, 0x2068, 0x1088, 0x2048, 0x3048, 0x3088, 0x2067, 0x2889, 0x490C, 0x50CC, // 0x1EB0 (7856) pixels
    0x2089, 0x38CB, 0x30CA, 0x38CB, 0x388A, 0x1888, 0x310B, 0x48EB, 0x30CA, 0x30CA, 0x2068, 0x1868, 0x1888, 0x1068, 0x1868, 0x1888, // 0x1EC0 (7872) pixels
    0x28CA, 0x30EA, 0x30EA, 0x310B, 0x310B, 0x30EA, 0x28A9, 0x28CA, 0x2889, 0x28A9, 0x28CA, 0x20A9, 0x1868, 0x2089, 0x28CA, 0x30CA, // 0x1ED0 (7888) pixels
    0x2869, 0x20A9, 0x18C9, 0x28CA, 0x30AA, 0x38AB, 0x50EC, 0x690E, 0x790D, 0x710D, 0x690D, 0x690D, 0x610D, 0x590D, 0x50ED, 0x50ED, // 0x1EE0 (7904) pixels
    0x40EC, 0x40EC, 0x40CC, 0x48EC, 0x490D, 0x510D, 0x510D, 0x48ED, 0x50CC, 0x50ED, 0x48ED, 0x48EC, 0x40EC, 0x490D, 0x410D, 0x40EC, // 0x1EF0 (7920) pixels
    0x81F0, 0x81F1, 0x81F1, 0x79F1, 0x81F1, 0x81F1, 0x81F1, 0x81D0, 0x91B1, 0x89D1, 0x8211, 0x8232, 0x8A11, 0x714D, 0x5089, 0x4867, // 0x1F00 (7936) pixels
    0x490C, 0x38EA, 0x30AA, 0x38CA, 0x30EA, 0x30CA, 0x38AA, 0x30AA, 0x28CB, 0x28CB, 0x208A, 0x20AB, 0x28CC, 0x20AC, 0x20AC, 0x188C, // 0x1F10 (7952) pixels
    0x2889, 0x28A9, 0x28A9, 0x2088, 0x1868, 0x1868, 0x1888, 0x1867, 0x2088, 0x28C9, 0x310A, 0x28EA, 0x28AA, 0x2089, 0x2068, 0x1847, // 0x1F20 (7968) pixels
    0x18A9, 0x2068, 0x2047, 0x2868, 0x2088, 0x28CA, 0x410C, 0x48EC, 0x30AA, 0x40EB, 0x38CB, 0x38EB, 0x410B, 0x28EA, 0x312A, 0x512B, // 0x1F30 (7984) pixels
    0x412B, 0x30CA, 0x1848, 0x1888, 0x2089, 0x1068, 0x1868, 0x20C9, 0x28EA, 0x30EA, 0x30EA, 0x310B, 0x310B, 0x30EA, 0x28A9, 0x28CA, // 0x1F40 (8000) pixels
    0x28A9, 0x28A9, 0x28C9, 0x20A9, 0x1868, 0x2088, 0x28CA, 0x30EA, 0x3089, 0x2088, 0x1889, 0x28CA, 0x30CA, 0x30AA, 0x40EC, 0x614E, // 0x1F50 (8016) pixels
    0x80ED, 0x78ED, 0x690D, 0x610D, 0x590D, 0x510D, 0x48ED, 0x48CD, 0x48EC, 0x48EC, 0x48CC, 0x50ED, 0x510D, 0x512D, 0x510D, 0x510D, // 0x1F60 (8032) pixels
    0x48EC, 0x48ED, 0x48EC, 0x48EC, 0x490D, 0x490D, 0x490D, 0x40EC, 0x89F1, 0x81D1, 0x79B0, 0x7190, 0x7190, 0x71B0, 0x79D0, 0x81F1, // 0x1F70 (8048) pixels
    0x81D1, 0x71D1, 0x69D0, 0x61AF, 0x596D, 0x490B, 0x30C9, 0x28A8, 0x28AA, 0x28CA, 0x208A, 0x28AA, 0x28EB, 0x28CB, 0x30CB, 0x286A, // 0x1F80 (8064) pixels
    0x30E9, 0x38EA, 0x30A9, 0x30CA, 0x38CA, 0x30AA, 0x30AA, 0x30AA, 0x394C, 0x392C, 0x30EB, 0x28A9, 0x2068, 0x1848, 0x1848, 0x2048, // 0x1F90 (8080) pixels
    0x1888, 0x20C9, 0x28EA, 0x20AA, 0x1889, 0x1868, 0x1868, 0x1867, 0x18A9, 0x20A9, 0x2048, 0x2068, 0x20A9, 0x28CA, 0x390B, 0x40EB, // 0x1FA0 (8096) pixels
    0x30A9, 0x40EA, 0x38CA, 0x38CA, 0x40EA, 0x30E9, 0x38E9, 0x58CA, 0x412C, 0x28A9, 0x1848, 0x1888, 0x2089, 0x1868, 0x1888, 0x28C9, // 0x1FB0 (8112) pixels
    0x28CA, 0x28CA, 0x28CA, 0x28EA, 0x28EA, 0x28CA, 0x28CA, 0x28CA, 0x28AA, 0x28A9, 0x28A9, 0x20A9, 0x1868, 0x2068, 0x28A9, 0x30CA, // 0x1FC0 (8128) pixels
    0x38AA, 0x2068, 0x1848, 0x28A9, 0x30CA, 0x28AA, 0x38EB, 0x514D, 0x790D, 0x710D, 0x690D, 0x590D, 0x50EC, 0x510D, 0x50ED, 0x48CC, // 0x1FD0 (8144) pixels
    0x58ED, 0x590D, 0x590D, 0x590D, 0x50ED, 0x50CC, 0x50EC, 0x50ED, 0x490D, 0x490D, 0x48ED, 0x48CC, 0x48EC, 0x490D, 0x410C, 0x38CC, // 0x1FE0 (8160) pixels
    0x81D1, 0x7970, 0x694F, 0x6950, 0x6950, 0x696F, 0x7190, 0x81F1, 0x79F1, 0x69D0, 0x514D, 0x38CA, 0x3069, 0x30CA, 0x290B, 0x210A, // 0x1FF0 (8176) pixels
    0x38C9, 0x38CA, 0x30A9, 0x30EA, 0x410B, 0x410B, 0x410B, 0x40AA, 0x40E9, 0x492A, 0x40E9, 0x48E9, 0x490A, 0x40C9, 0x48CA, 0x48EA, // 0x2000 (8192) pixels
    0x414C, 0x412C, 0x390B, 0x28AA, 0x2069, 0x2049, 0x2049, 0x2049, 0x2088, 0x28E9, 0x290A, 0x20CA, 0x1888, 0x1868, 0x1888, 0x1887, // 0x2010 (8208) pixels
    0x1088, 0x20A9, 0x2068, 0x1848, 0x1889, 0x20A9, 0x30EA, 0x38CA, 0x20C9, 0x30EA, 0x28CA, 0x30AA, 0x308A, 0x28CA, 0x30EA, 0x408A, // 0x2020 (8224) pixels
    0x412B, 0x2889, 0x1848, 0x1868, 0x1888, 0x1888, 0x1888, 0x20C9, 0x28A9, 0x28CA, 0x28CA, 0x28A9, 0x28A9, 0x28A9, 0x28CA, 0x28CA, // 0x2030 (8240) pixels
    0x28A9, 0x2089, 0x20C9, 0x20C9, 0x1888, 0x1868, 0x28A9, 0x28CA, 0x40EB, 0x2089, 0x1848, 0x2889, 0x30CA, 0x28CA, 0x28CA, 0x38CB, // 0x2040 (8256) pixels
    0x60ED, 0x610D, 0x590D, 0x50EC, 0x50EC, 0x50ED, 0x50ED, 0x50ED, 0x590D, 0x590E, 0x590E, 0x58ED, 0x50ED, 0x48CC, 0x48CC, 0x50EC, // 0x2050 (8272) pixels
    0x492D, 0x490D, 0x48ED, 0x48CC, 0x48CC, 0x48EC, 0x40EC, 0x38CB, 0x7170, 0x694F, 0x612F, 0x6950, 0x6950, 0x6950, 0x7170, 0x7990, // 0x2060 (8288) pixels
    0x698F, 0x618F, 0x492C, 0x38AA, 0x3049, 0x38AA, 0x394C, 0x290B, 0x410A, 0x48EA, 0x38C9, 0x3109, 0x410A, 0x410A, 0x410A, 0x48EA, // 0x2070 (8304) pixels
    0x30EA, 0x390B, 0x30CA, 0x30EA, 0x390B, 0x30AA, 0x30AA, 0x38EB, 0x28A9, 0x30CA, 0x28CA, 0x28A9, 0x2089, 0x2089, 0x1889, 0x1869, // 0x2080 (8320) pixels
    0x2067, 0x28C9, 0x30EA, 0x28CA, 0x2089, 0x1868, 0x1067, 0x1067, 0x1067, 0x20A9, 0x2089, 0x2069, 0x1889, 0x20A9, 0x30EA, 0x30EA, // 0x2090 (8336) pixels
    0x192B, 0x410B, 0x310B, 0x40CA, 0x38AA, 0x18EA, 0x28EC, 0x28CC, 0x390B, 0x2889, 0x2068, 0x1868, 0x1868, 0x18A9, 0x2089, 0x20A9, // 0x20A0 (8352) pixels
    0x28CA, 0x28CA, 0x28CA, 0x28CA, 0x2089, 0x28A9, 0x28CA, 0x28CA, 0x28A9, 0x2089, 0x20C9, 0x28CA, 0x2089, 0x1868, 0x2089, 0x28CA, // 0x20B0 (8368) pixels
    0x38EA, 0x2089, 0x1868, 0x2889, 0x30EA, 0x28EA, 0x28CA, 0x3089, 0x40AB, 0x48EC, 0x510D, 0x50ED, 0x50ED, 0x590D, 0x610D, 0x590D, // 0x20C0 (8384) pixels
    0x590D, 0x58ED, 0x50CD, 0x50CD, 0x50ED, 0x510D, 0x510D, 0x50ED, 0x490D, 0x490D, 0x48EC, 0x48CC, 0x48EC, 0x48ED, 0x48EC, 0x40EC, // 0x20D0 (8400) pixels
    0x614F, 0x694F, 0x6970, 0x6950, 0x6970, 0x7170, 0x7150, 0x712F, 0x50EB, 0x490C, 0x390B, 0x30CA, 0x3069, 0x308A, 0x390B, 0x20A9, // 0x20E0 (8416) pixels
    0x30A9, 0x38A9, 0x28A9, 0x20A9, 0x30A9, 0x30EA, 0x20C9, 0x2889, 0x28EB, 0x28CB, 0x208A, 0x28CB, 0x290C, 0x208A, 0x188A, 0x28EB, // 0x20F0 (8432) pixels
    0x30EB, 0x310B, 0x30EB, 0x28CA, 0x20A9, 0x20A9, 0x1888, 0x1867, 0x2067, 0x28A9, 0x28CA, 0x28A9, 0x1888, 0x1867, 0x1067, 0x1046, // 0x2100 (8448) pixels
    0x1887, 0x28A9, 0x28A9, 0x208A, 0x208A, 0x28CA, 0x392B, 0x390B, 0x40E9, 0x78AA, 0x50C9, 0x7089, 0x688A, 0x20C9, 0x30AB, 0x290D, // 0x2110 (8464) pixels
    0x412B, 0x2889, 0x2089, 0x1888, 0x1868, 0x1888, 0x1888, 0x20A9, 0x28A9, 0x28A9, 0x28CA, 0x28CA, 0x2089, 0x28A9, 0x28CA, 0x28CA, // 0x2120 (8480) pixels
    0x28A9, 0x2089, 0x20C9, 0x20EA, 0x18A9, 0x1868, 0x2089, 0x28CA, 0x30C9, 0x20A9, 0x1888, 0x2068, 0x28CA, 0x28EA, 0x28EA, 0x2889, // 0x2130 (8496) pixels
    0x286A, 0x38CB, 0x510D, 0x58ED, 0x58ED, 0x610D, 0x610D, 0x590D, 0x58ED, 0x58CD, 0x50CD, 0x50ED, 0x510D, 0x510D, 0x510D, 0x490D, // 0x2140 (8512) pixels
    0x490D, 0x490D, 0x48EC, 0x40EC, 0x40EC, 0x490D, 0x510D, 0x510D, 0x612E, 0x6990, 0x6990, 0x6150, 0x6950, 0x7991, 0x7950, 0x70EE, // 0x2150 (8528) pixels
    0x38C9, 0x30EA, 0x28EA, 0x28EA, 0x2069, 0x2869, 0x30EB, 0x2089, 0x2049, 0x388B, 0x30EB, 0x18AA, 0x28AB, 0x310C, 0x18CB, 0x2049, // 0x2160 (8544) pixels
    0x40EC, 0x38CB, 0x2869, 0x30AA, 0x392C, 0x28AA, 0x288A, 0x30EB, 0x30EC, 0x30EC, 0x30EB, 0x28A9, 0x2088, 0x2088, 0x2067, 0x2067, // 0x2170 (8560) pixels
    0x2888, 0x30C9, 0x30CA, 0x28A9, 0x2088, 0x1868, 0x1867, 0x1887, 0x1867, 0x2088, 0x2069, 0x2069, 0x2069, 0x28AA, 0x392B, 0x390A, // 0x2180 (8576) pixels
    0x7887, 0xB849, 0x8066, 0xB047, 0xA889, 0x3886, 0x4869, 0x394D, 0x414C, 0x2889, 0x2089, 0x20A9, 0x1888, 0x1888, 0x1868, 0x20A9, // 0x2190 (8592) pixels
    0x2068, 0x2089, 0x28CA, 0x28CA, 0x2089, 0x28A9, 0x28CA, 0x28A9, 0x28A9, 0x2089, 0x20C9, 0x20EA, 0x18A9, 0x1868, 0x2089, 0x28CA, // 0x21A0 (8608) pixels
    0x30EA, 0x20E9, 0x18A8, 0x1848, 0x2068, 0x28CA, 0x28CA, 0x2869, 0x2069, 0x38CB, 0x512D, 0x610D, 0x60ED, 0x58ED, 0x590D, 0x50ED, // 0x21B0 (8624) pixels
    0x58ED, 0x590D, 0x590D, 0x510D, 0x510D, 0x48ED, 0x490D, 0x490D, 0x490D, 0x490D, 0x490D, 0x410C, 0x40EC, 0x490D, 0x510D, 0x510D, // 0x21C0 (8640) pixels
    0x610E, 0x610F, 0x7170, 0x692F, 0x7150, 0x7990, 0x712D, 0x81CF, 0x512B, 0x40CA, 0x40CA, 0x410B, 0x3069, 0x308A, 0x412D, 0x2849, // 0x21D0 (8656) pixels
    0x3048, 0x40EB, 0x38CA, 0x3089, 0x40EB, 0x40EB, 0x30AA, 0x38CA, 0x490B, 0x38A9, 0x4088, 0x50E9, 0x510A, 0x30C9, 0x28CA, 0x392D, // 0x21E0 (8672) pixels
    0x30CA, 0x38EA, 0x410B, 0x38EA, 0x30A9, 0x3088, 0x30A9, 0x38C9, 0x3909, 0x38E9, 0x38C9, 0x30CA, 0x28A9, 0x2088, 0x1887, 0x1087, // 0x21F0 (8688) pixels
    0x1068, 0x20C9, 0x20A9, 0x2089, 0x2089, 0x28AA, 0x310B, 0x30EB, 0x68A8, 0xC864, 0x6866, 0xC0A7, 0xC865, 0x3048, 0x28EB, 0x314F, // 0x2200 (8704) pixels
    0x412C, 0x28A9, 0x2089, 0x1888, 0x1068, 0x1888, 0x1868, 0x2088, 0x1869, 0x20A9, 0x28EA, 0x28E9, 0x20A8, 0x20A9, 0x28CA, 0x28AA, // 0x2210 (8720) pixels
    0x20EA, 0x20AA, 0x18A9, 0x20AA, 0x20A9, 0x1869, 0x2089, 0x28AA, 0x28CB, 0x28AA, 0x2089, 0x1868, 0x1868, 0x20A9, 0x20C9, 0x20A9, // 0x2220 (8736) pixels
    0x2889, 0x38AB, 0x512D, 0x590E, 0x58CD, 0x592E, 0x512D, 0x514D, 0x492D, 0x492D, 0x510D, 0x58CD, 0x58CD, 0x60CC, 0x60EC, 0x610D, // 0x2230 (8752) pixels
    0x410C, 0x48EC, 0x50ED, 0x48CD, 0x40CC, 0x48EC, 0x60EC, 0x70CC, 0x60ED, 0x60EE, 0x692F, 0x692F, 0x712F, 0x68ED, 0x506A, 0x690C, // 0x2240 (8768) pixels
    0x596C, 0x40CA, 0x3889, 0x40CA, 0x3048, 0x3069, 0x410C, 0x286A, 0x4089, 0x50EA, 0x48CA, 0x40A9, 0x48EA, 0x48EA, 0x40A9, 0x40CA, // 0x2250 (8784) pixels
    0x590C, 0x48CA, 0x48C9, 0x610A, 0x590A, 0x40CA, 0x38EB, 0x412D, 0x30CA, 0x38EA, 0x38EA, 0x38EA, 0x30CA, 0x30A9, 0x30C9, 0x38EA, // 0x2260 (8800) pixels
    0x390A, 0x38EA, 0x38CA, 0x30A9, 0x2068, 0x1847, 0x1067, 0x10A7, 0x1868, 0x20C9, 0x20A9, 0x2089, 0x2089, 0x28A9, 0x310B, 0x30EB, // 0x2270 (8816) pixels
    0x7848, 0xC825, 0x7068, 0xC0A8, 0xC866, 0x4049, 0x30CA, 0x392D, 0x392B, 0x2089, 0x2089, 0x18A9, 0x1888, 0x1888, 0x1868, 0x2068, // 0x2280 (8832) pixels
    0x1868, 0x1889, 0x20C9, 0x18A8, 0x1887, 0x1888, 0x20A9, 0x2089, 0x1889, 0x1868, 0x1889, 0x20A9, 0x2089, 0x2069, 0x2069, 0x2089, // 0x2290 (8848) pixels
    0x28CA, 0x28CA, 0x20A9, 0x2068, 0x1868, 0x20A9, 0x20CA, 0x20CA, 0x2889, 0x38AB, 0x592E, 0x612E, 0x60EE, 0x610E, 0x590D, 0x510D, // 0x22A0 (8864) pixels
    0x48EC, 0x50ED, 0x58ED, 0x60ED, 0x60ED, 0x610E, 0x610E, 0x590D, 0x40EC, 0x48EC, 0x48ED, 0x48CD, 0x48CC, 0x590D, 0x692D, 0x70CC, // 0x22B0 (8880) pixels
    0x60ED, 0x60CD, 0x60ED, 0x60ED, 0x690E, 0x58AB, 0x4028, 0x60EB, 0x61AD, 0x510B, 0x48CA, 0x492B, 0x38A9, 0x38AA, 0x494C, 0x40EB, // 0x22C0 (8896) pixels
    0x590A, 0x592B, 0x590A, 0x50EA, 0x50EA, 0x510A, 0x50EA, 0x50EA, 0x58EB, 0x50CA, 0x50EA, 0x60EA, 0x610B, 0x48EB, 0x410B, 0x492D, // 0x22D0 (8912) pixels
    0x30EA, 0x28CA, 0x28CA, 0x30EA, 0x30CA, 0x28CA, 0x28C9, 0x30EA, 0x390A, 0x392B, 0x412C, 0x390B, 0x2889, 0x1848, 0x1067, 0x10A7, // 0x22E0 (8928) pixels
    0x2069, 0x28AA, 0x28AA, 0x28AA, 0x208A, 0x28CB, 0x394D, 0x310C, 0x78AA, 0xB867, 0x70CA, 0xA8C9, 0xA8A8, 0x406A, 0x30AA, 0x412C, // 0x22F0 (8944) pixels
    0x394C, 0x2088, 0x1888, 0x20A9, 0x1888, 0x1868, 0x1868, 0x2048, 0x2008, 0x2828, 0x2848, 0x2868, 0x2048, 0x2068, 0x2889, 0x288A, // 0x2300 (8960) pixels
    0x38E8, 0x38E8, 0x38E8, 0x38E8, 0x38C8, 0x38A7, 0x3087, 0x3087, 0x28A9, 0x28A9, 0x28A8, 0x2067, 0x1867, 0x1888, 0x20AA, 0x28CB, // 0x2310 (8976) pixels
    0x28A9, 0x38CB, 0x592E, 0x692E, 0x68EE, 0x68EE, 0x60ED, 0x58ED, 0x60ED, 0x60ED, 0x60ED, 0x690D, 0x690E, 0x610E, 0x590D, 0x50ED, // 0x2320 (8992) pixels
    0x48EC, 0x490C, 0x410D, 0x48CC, 0x58CD, 0x712E, 0x794E, 0x68EC, 0x690D, 0x690D, 0x610D, 0x610D, 0x614D, 0x50CB, 0x4068, 0x592B, // 0x2330 (9008) pixels
    0x512B, 0x48CA, 0x48CA, 0x510B, 0x40CA, 0x38CA, 0x492B, 0x38CA, 0x48CA, 0x48CA, 0x48A9, 0x4089, 0x4089, 0x40A9, 0x40A9, 0x40A9, // 0x2340 (9024) pixels
    0x48CB, 0x48EA, 0x48EA, 0x58EA, 0x510B, 0x490B, 0x412C, 0x492D, 0x28CA, 0x2089, 0x2089, 0x28AA, 0x28CA, 0x20A9, 0x20A9, 0x28CA, // 0x2350 (9040) pixels
    0x30CA, 0x38EB, 0x414D, 0x416D, 0x390C, 0x2089, 0x1067, 0x1067, 0x2069, 0x208A, 0x28AA, 0x208A, 0x2069, 0x206A, 0x310C, 0x30CB, // 0x2360 (9056) pixels
    0x50A9, 0x7048, 0x40AA, 0x6888, 0x6088, 0x286A, 0x28C9, 0x396C, 0x398C, 0x2088, 0x2088, 0x20A9, 0x2068, 0x2088, 0x28A9, 0x28A9, // 0x2370 (9072) pixels
    0x48E9, 0x4909, 0x5129, 0x5149, 0x5149, 0x496A, 0x498A, 0x498B, 0x4969, 0x518A, 0x518A, 0x5169, 0x5149, 0x5149, 0x516A, 0x5149, // 0x2380 (9088) pixels
    0x390A, 0x390A, 0x30E9, 0x28A8, 0x1867, 0x1848, 0x2069, 0x20AA, 0x28CA, 0x30CA, 0x510D, 0x610E, 0x68CE, 0x68CD, 0x68ED, 0x690D, // 0x2390 (9104) pixels
    0x710D, 0x710D, 0x710D, 0x690E, 0x610E, 0x58EE, 0x50ED, 0x48CD, 0x512D, 0x490D, 0x410C, 0x50EC, 0x68CD, 0x790E, 0x792E, 0x60CC, // 0x23A0 (9120) pixels
    0x58EB, 0x612D, 0x590D, 0x590C, 0x594D, 0x510B, 0x4089, 0x40CA, 0x40A9, 0x3889, 0x38A9, 0x40CA, 0x38A9, 0x30A9, 0x38C9, 0x2868, // 0x23B0 (9136) pixels
    0x38AA, 0x38AA, 0x38AA, 0x38AA, 0x30AA, 0x38AA, 0x38CA, 0x30AA, 0x3069, 0x30A9, 0x30C9, 0x38A9, 0x38A9, 0x30C9, 0x28EA, 0x30CA, // 0x23C0 (9152) pixels
    0x20CA, 0x1889, 0x1868, 0x2089, 0x20A9, 0x1888, 0x1888, 0x20A9, 0x2069, 0x2089, 0x30EB, 0x392C, 0x310B, 0x20A9, 0x1067, 0x1046, // 0x23D0 (9168) pixels
    0x1867, 0x2088, 0x30E9, 0x28A8, 0x28A9, 0x30A9, 0x414B, 0x412B, 0x30EA, 0x3889, 0x20AB, 0x3889, 0x30A9, 0x188B, 0x28C9, 0x316C, // 0x23E0 (9184) pixels
    0x416B, 0x2088, 0x2888, 0x28A9, 0x28A8, 0x30C9, 0x30E9, 0x390A, 0x40E8, 0x4109, 0x4929, 0x4949, 0x4949, 0x4128, 0x3128, 0x3149, // 0x23F0 (9200) pixels
    0x310A, 0x392A, 0x392A, 0x310A, 0x30EA, 0x392A, 0x412B, 0x412B, 0x412A, 0x392A, 0x3909, 0x28C8, 0x2067, 0x1868, 0x2089, 0x28CA, // 0x2400 (9216) pixels
    0x20CA, 0x30AA, 0x48EC, 0x610E, 0x70EE, 0x70CE, 0x70EE, 0x710D, 0x70ED, 0x70ED, 0x710D, 0x690D, 0x58ED, 0x50ED, 0x510E, 0x510E, // 0x2410 (9232) pixels
    0x512D, 0x48EC, 0x48EC, 0x590D, 0x70ED, 0x80EE, 0x710D, 0x60EC, 0x3889, 0x40CA, 0x38AA, 0x388A, 0x40CB, 0x40EB, 0x38A9, 0x38A9, // 0x2420 (9248) pixels
    0x38A9, 0x38A9, 0x38CA, 0x30C9, 0x2888, 0x28A9, 0x28A9, 0x2067, 0x28AA, 0x28AA, 0x28CA, 0x28CA, 0x28CA, 0x28CA, 0x28CA, 0x28AA, // 0x2430 (9264) pixels
    0x2868, 0x2088, 0x2088, 0x2068, 0x2068, 0x1888, 0x1888, 0x2068, 0x20A9, 0x1889, 0x1868, 0x1868, 0x1868, 0x1868, 0x1867, 0x1888, // 0x2440 (9280) pixels
    0x2089, 0x1868, 0x2069, 0x28AA, 0x28CA, 0x2088, 0x1887, 0x18A7, 0x20C5, 0x2906, 0x3127, 0x3107, 0x4169, 0x4128, 0x59AA, 0x518A, // 0x2450 (9296) pixels
    0x414A, 0x412C, 0x312C, 0x494A, 0x292B, 0x390C, 0x40E9, 0x394C, 0x390A, 0x3088, 0x3088, 0x30A8, 0x30A8, 0x30A8, 0x2087, 0x2087, // 0x2460 (9312) pixels
    0x3089, 0x38AA, 0x40CA, 0x40CA, 0x40EA, 0x38C9, 0x30C9, 0x30EA, 0x28EA, 0x310A, 0x310A, 0x30EA, 0x30CA, 0x38EA, 0x38EA, 0x30CA, // 0x2470 (9328) pixels
    0x38E9, 0x3909, 0x30E9, 0x30C8, 0x2087, 0x2067, 0x2088, 0x28A9, 0x20A9, 0x28AA, 0x48CB, 0x692E, 0x710F, 0x70EE, 0x710E, 0x70ED, // 0x2480 (9344) pixels
    0x68ED, 0x68ED, 0x690D, 0x58ED, 0x50ED, 0x50ED, 0x590E, 0x592E, 0x510D, 0x48CC, 0x58EC, 0x690D, 0x790D, 0x78ED, 0x710D, 0x60ED, // 0x2490 (9360) pixels
    0x2068, 0x2068, 0x1848, 0x1828, 0x2889, 0x30CB, 0x30EA, 0x30CA, 0x30CA, 0x28AA, 0x28A9, 0x28A9, 0x2088, 0x1888, 0x1888, 0x1888, // 0x24A0 (9376) pixels
    0x28EA, 0x28EA, 0x28EA, 0x28EA, 0x290A, 0x28EA, 0x20EA, 0x20EA, 0x2889, 0x20A9, 0x18A9, 0x2089, 0x2089, 0x18A8, 0x18A8, 0x2088, // 0x24B0 (9392) pixels
    0x2089, 0x2088, 0x1888, 0x1868, 0x1867, 0x1867, 0x1867, 0x1888, 0x20CA, 0x1888, 0x1868, 0x2089, 0x20A9, 0x1887, 0x18A7, 0x2108, // 0x24C0 (9408) pixels
    0x2106, 0x2927, 0x3127, 0x28E6, 0x4969, 0x4908, 0x5129, 0x48E8, 0x5907, 0x492B, 0x48C9, 0x6149, 0x314A, 0x592B, 0x5909, 0x494A, // 0x24D0 (9424) pixels
    0x596B, 0x514A, 0x514A, 0x512A, 0x514A, 0x494A, 0x30E8, 0x28C7, 0x28A9, 0x30A9, 0x38A9, 0x48C9, 0x48E9, 0x40C9, 0x38C9, 0x390A, // 0x24E0 (9440) pixels
    0x410A, 0x412A, 0x494B, 0x494B, 0x514B, 0x514B, 0x516B, 0x516B, 0x412B, 0x412A, 0x412A, 0x3929, 0x30E8, 0x28A7, 0x2087, 0x2088, // 0x24F0 (9456) pixels
    0x20C9, 0x28A9, 0x40AB, 0x692E, 0x712F, 0x70EE, 0x710D, 0x68ED, 0x690E, 0x610E, 0x590D, 0x590D, 0x510D, 0x590D, 0x590D, 0x610D, // 0x2500 (9472) pixels
    0x490D, 0x58CD, 0x68ED, 0x790D, 0x790D, 0x710D, 0x690D, 0x60ED, 0x18A8, 0x1888, 0x1068, 0x1869, 0x20AA, 0x30EB, 0x30EB, 0x28A9, // 0x2510 (9488) pixels
    0x28CA, 0x2089, 0x20A9, 0x20C9, 0x18A9, 0x1888, 0x10A8, 0x18A8, 0x2087, 0x20A8, 0x2088, 0x2087, 0x20A8, 0x1887, 0x1867, 0x1887, // 0x2520 (9504) pixels
    0x2868, 0x1848, 0x1048, 0x1848, 0x2048, 0x1888, 0x1887, 0x2888, 0x2088, 0x2088, 0x2088, 0x1868, 0x1867, 0x1867, 0x2087, 0x2088, // 0x2530 (9520) pixels
    0x20C9, 0x1888, 0x2089, 0x28A9, 0x20A8, 0x1887, 0x18A6, 0x2107, 0x18E7, 0x20E7, 0x20A7, 0x2086, 0x518B, 0x512A, 0x590A, 0x50A9, // 0x2540 (9536) pixels
    0x68E5, 0x510A, 0x5086, 0x6946, 0x3127, 0x6129, 0x60E6, 0x4908, 0x48E8, 0x5109, 0x50E9, 0x48C8, 0x4929, 0x4129, 0x28A6, 0x20A6, // 0x2550 (9552) pixels
    0x18C9, 0x20C8, 0x28A8, 0x30A8, 0x38C9, 0x30A8, 0x28A8, 0x28EA, 0x38EA, 0x38EA, 0x38EA, 0x38EA, 0x38CA, 0x38CA, 0x40CA, 0x40EA, // 0x2560 (9568) pixels
    0x412B, 0x412B, 0x496B, 0x498B, 0x498B, 0x416A, 0x392A, 0x394A, 0x28EA, 0x28AA, 0x408A, 0x610E, 0x712F, 0x68ED, 0x710D, 0x690D, // 0x2570 (9584) pixels
    0x610E, 0x590E, 0x510D, 0x512D, 0x592E, 0x612E, 0x610D, 0x60ED, 0x490D, 0x610E, 0x790E, 0x810E, 0x710D, 0x692D, 0x610D, 0x58AC, // 0x2580 (9600) pixels
    0x1888, 0x1888, 0x1888, 0x1868, 0x1868, 0x1868, 0x2068, 0x2068, 0x1868, 0x1868, 0x1868, 0x1868, 0x1868, 0x1888, 0x1868, 0x1867, // 0x2590 (9616) pixels
    0x1047, 0x1868, 0x20C9, 0x28EA, 0x28CA, 0x20A9, 0x2088, 0x1868, 0x1847, 0x1047, 0x1067, 0x1868, 0x1828, 0x2048, 0x2889, 0x20A9, // 0x25A0 (9632) pixels
    0x20AA, 0x1869, 0x1848, 0x1868, 0x1888, 0x1888, 0x1888, 0x2088, 0x20C9, 0x20C9, 0x20A9, 0x2069, 0x28AA, 0x20A9, 0x1848, 0x18A8, // 0x25B0 (9648) pixels
    0x18E7, 0x20E8, 0x18C7, 0x20C8, 0x3109, 0x414B, 0x598C, 0x48EA, 0x694A, 0x5108, 0x40E8, 0x5149, 0x50E8, 0x612A, 0x5129, 0x40E8, // 0x25C0 (9664) pixels
    0x50EA, 0x50C9, 0x58E9, 0x58C8, 0x5909, 0x48E9, 0x38E8, 0x1846, 0x18A9, 0x1888, 0x1888, 0x20A9, 0x20A9, 0x20A9, 0x28A9, 0x28EA, // 0x25D0 (9680) pixels
    0x28EA, 0x310A, 0x310B, 0x310A, 0x30EA, 0x310B, 0x30EB, 0x28CA, 0x28EA, 0x310A, 0x310A, 0x310A, 0x412B, 0x412B, 0x412B, 0x412B, // 0x25E0 (9696) pixels
    0x614C, 0x40EA, 0x38CA, 0x490C, 0x692E, 0x78EF, 0x70AE, 0x68CD, 0x492D, 0x510D, 0x60CD, 0x70EE, 0x790F, 0x68EE, 0x50ED, 0x494E, // 0x25F0 (9712) pixels
    0x58CD, 0x792E, 0x812E, 0x78CD, 0x78EC, 0x712D, 0x610D, 0x58ED, 0x1868, 0x1868, 0x1868, 0x1068, 0x1868, 0x2088, 0x28A9, 0x30CA, // 0x2600 (9728) pixels
    0x28CA, 0x20A9, 0x2088, 0x1868, 0x1868, 0x1868, 0x1867, 0x1067, 0x1867, 0x1868, 0x28C9, 0x312A, 0x394B, 0x310A, 0x28A9, 0x2068, // 0x2610 (9744) pixels
    0x18C7, 0x0866, 0x0866, 0x1887, 0x2068, 0x2068, 0x2088, 0x18A9, 0x1868, 0x1869, 0x2089, 0x2089, 0x2088, 0x1868, 0x1867, 0x1887, // 0x2620 (9760) pixels
    0x20A8, 0x20C9, 0x28A9, 0x2069, 0x28AA, 0x20A9, 0x1848, 0x18A8, 0x18A7, 0x18A8, 0x18A7, 0x20A8, 0x28C8, 0x390A, 0x492B, 0x40A9, // 0x2630 (9776) pixels
    0x48CA, 0x38CA, 0x30C9, 0x390A, 0x38A9, 0x48EA, 0x412A, 0x312A, 0x40EA, 0x40C9, 0x490A, 0x48E9, 0x4909, 0x38E9, 0x28C9, 0x1867, // 0x2640 (9792) pixels
    0x1888, 0x1868, 0x1868, 0x1888, 0x2089, 0x2088, 0x2088, 0x2089, 0x2088, 0x2088, 0x20A9, 0x20A9, 0x20A9, 0x20A9, 0x2089, 0x2069, // 0x2650 (9808) pixels
    0x28A9, 0x28EA, 0x28EA, 0x28CA, 0x390A, 0x412B, 0x412B, 0x412B, 0x596C, 0x410A, 0x30EA, 0x410C, 0x612E, 0x70EE, 0x70EE, 0x690E, // 0x2660 (9824) pixels
    0x594E, 0x612E, 0x70EE, 0x70EE, 0x690E, 0x58ED, 0x50CC, 0x58ED, 0x78ED, 0x812E, 0x810E, 0x70ED, 0x690D, 0x614D, 0x590D, 0x58ED, // 0x2670 (9840) pixels
    0x1868, 0x1868, 0x1068, 0x1068, 0x1868, 0x20A9, 0x310B, 0x414C, 0x310B, 0x28CA, 0x20A9, 0x1888, 0x1868, 0x1867, 0x1867, 0x1067, // 0x2680 (9856) pixels
    0x1847, 0x2088, 0x310A, 0x392B, 0x392B, 0x30EA, 0x28AA, 0x28AA, 0x18A7, 0x10A6, 0x10A6, 0x1087, 0x2067, 0x2088, 0x20A8, 0x1087, // 0x2690 (9872) pixels
    0x1868, 0x2089, 0x20A9, 0x2089, 0x1867, 0x1047, 0x1867, 0x2088, 0x18A8, 0x20C9, 0x28CA, 0x2089, 0x28AA, 0x20A9, 0x1868, 0x1888, // 0x26A0 (9888) pixels
    0x1867, 0x1867, 0x1867, 0x1888, 0x20A8, 0x30CA, 0x390B, 0x38CA, 0x38EC, 0x30EB, 0x28EB, 0x30EB, 0x30CA, 0x38EB, 0x30EA, 0x28EA, // 0x26B0 (9904) pixels
    0x290A, 0x28C9, 0x310A, 0x390A, 0x390A, 0x28C9, 0x20A9, 0x1068, 0x1868, 0x1868, 0x1868, 0x1888, 0x2089, 0x2088, 0x1868, 0x1868, // 0x26C0 (9920) pixels
    0x2068, 0x1868, 0x1868, 0x2089, 0x20A9, 0x2089, 0x2089, 0x2069, 0x2068, 0x2089, 0x2089, 0x2088, 0x28A9, 0x28CA, 0x28EA, 0x30EA, // 0x26D0 (9936) pixels
    0x490A, 0x30C9, 0x20C9, 0x30EB, 0x510D, 0x590D, 0x610E, 0x614E, 0x612E, 0x710E, 0x78EE, 0x68EE, 0x512D, 0x490D, 0x58ED, 0x70EE, // 0x26E0 (9952) pixels
    0x890D, 0x890E, 0x80ED, 0x70ED, 0x692D, 0x614E, 0x592D, 0x510C, 0x2088, 0x1868, 0x1868, 0x1868, 0x1868, 0x2089, 0x390B, 0x414C, // 0x26F0 (9968) pixels
    0x310B, 0x28CA, 0x20A9, 0x1888, 0x1888, 0x1868, 0x1868, 0x1888, 0x2068, 0x28A9, 0x30CA, 0x30EB, 0x392C, 0x390C, 0x30AA, 0x2869, // 0x2700 (9984) pixels
    0x3847, 0x2846, 0x1066, 0x1086, 0x1067, 0x1888, 0x18A9, 0x1888, 0x20A9, 0x20C9, 0x20A9, 0x2088, 0x1868, 0x1868, 0x1888, 0x1888, // 0x2710 (10000) pixels
    0x1888, 0x20A9, 0x28CA, 0x2089, 0x288A, 0x28A9, 0x1868, 0x1888, 0x2048, 0x1847, 0x1847, 0x1868, 0x20A9, 0x30EA, 0x390B, 0x390B, // 0x2720 (10016) pixels
    0x310C, 0x312C, 0x28EB, 0x30EB, 0x392B, 0x412B, 0x38EA, 0x390A, 0x292B, 0x20EA, 0x28EA, 0x310B, 0x310B, 0x28CA, 0x2089, 0x1869, // 0x2730 (10032) pixels
    0x1888, 0x1868, 0x1868, 0x20A9, 0x20C9, 0x20A9, 0x2088, 0x1868, 0x20A9, 0x2088, 0x2089, 0x28C9, 0x28EA, 0x28CA, 0x28AA, 0x28AA, // 0x2740 (10048) pixels
    0x2068, 0x2089, 0x2089, 0x2068, 0x2089, 0x20A9, 0x20A9, 0x20A9, 0x30A8, 0x2088, 0x18A9, 0x28EA, 0x38EB, 0x40EC, 0x490C, 0x512D, // 0x2750 (10064) pixels
    0x610E, 0x690E, 0x68EE, 0x58ED, 0x510C, 0x592D, 0x790E, 0x910F, 0x892D, 0x890D, 0x78ED, 0x70EE, 0x690E, 0x612E, 0x590D, 0x50EC, // 0x2760 (10080) pixels
    0x2088, 0x1868, 0x1888, 0x1868, 0x1848, 0x2089, 0x390B, 0x412C, 0x310A, 0x28CA, 0x20A9, 0x2089, 0x1888, 0x1868, 0x1867, 0x1888, // 0x2770 (10096) pixels
    0x1849, 0x288A, 0x30CB, 0x390C, 0x392C, 0x30EB, 0x30AB, 0x30CB, 0x78AA, 0x4007, 0x1826, 0x10A7, 0x10A8, 0x1068, 0x1868, 0x1889, // 0x2780 (10112) pixels
    0x20C9, 0x20A8, 0x2088, 0x2088, 0x2088, 0x2088, 0x1868, 0x1847, 0x1888, 0x20A9, 0x28CA, 0x2089, 0x288A, 0x28CA, 0x1888, 0x1887, // 0x2790 (10128) pixels
    0x2869, 0x2048, 0x1847, 0x1848, 0x20CA, 0x312B, 0x392C, 0x392C, 0x290C, 0x394C, 0x310C, 0x30CB, 0x30CA, 0x30AA, 0x30A9, 0x410B, // 0x27A0 (10144) pixels
    0x312C, 0x28EB, 0x28CB, 0x30EB, 0x390C, 0x30CB, 0x2889, 0x2069, 0x1868, 0x1868, 0x1888, 0x20A9, 0x28C9, 0x28CA, 0x20A9, 0x1868, // 0x27B0 (10160) pixels
    0x28A9, 0x2088, 0x20A9, 0x28CA, 0x30EA, 0x28EA, 0x28CA, 0x28CA, 0x2089, 0x28CA, 0x28CA, 0x28A9, 0x28C9, 0x20C9, 0x20A9, 0x20C9, // 0x27C0 (10176) pixels
    0x30C9, 0x28A9, 0x18A9, 0x20CA, 0x28CA, 0x30AA, 0x30AA, 0x38EA, 0x58EE, 0x610E, 0x610E, 0x590D, 0x60ED, 0x710E, 0x890E, 0x90EE, // 0x27D0 (10192) pixels
    0x910D, 0x80ED, 0x710D, 0x692E, 0x610E, 0x60ED, 0x68CD, 0x70CD, 0x2088, 0x1848, 0x1868, 0x1868, 0x1868, 0x2889, 0x390B, 0x412B, // 0x27E0 (10208) pixels
    0x310A, 0x28CA, 0x20A9, 0x20A9, 0x1888, 0x1867, 0x1047, 0x1067, 0x1849, 0x208A, 0x28CA, 0x392B, 0x414C, 0x30C9, 0x2088, 0x28A8, // 0x27F0 (10224) pixels
    0x810B, 0x4847, 0x1825, 0x0886, 0x10C7, 0x18C8, 0x20C9, 0x28C9, 0x20A8, 0x20A8, 0x20A8, 0x20A8, 0x2088, 0x1868, 0x1888, 0x20A9, // 0x2800 (10240) pixels
    0x1888, 0x20A9, 0x28CA, 0x2069, 0x2089, 0x28EA, 0x20A9, 0x1867, 0x2889, 0x2088, 0x1868, 0x1048, 0x20A9, 0x310B, 0x310B, 0x390B, // 0x2810 (10256) pixels
    0x392C, 0x390C, 0x30AB, 0x2049, 0x2069, 0x1848, 0x2049, 0x286A, 0x310B, 0x30EB, 0x28CA, 0x30EC, 0x390C, 0x38EB, 0x2889, 0x2869, // 0x2820 (10272) pixels
    0x1068, 0x1868, 0x1868, 0x1888, 0x20A9, 0x28C9, 0x20A9, 0x1868, 0x20A9, 0x20A9, 0x20A9, 0x28CA, 0x28EA, 0x28EA, 0x28CA, 0x28CA, // 0x2830 (10288) pixels
    0x2089, 0x28CA, 0x28CA, 0x28CA, 0x28CA, 0x28CA, 0x28CA, 0x28CA, 0x410A, 0x30C9, 0x20A9, 0x18A9, 0x20A9, 0x2089, 0x28A9, 0x30EA, // 0x2840 (10304) pixels
    0x40AC, 0x48EC, 0x590D, 0x710E, 0x810E, 0x890E, 0x910E, 0x90ED, 0x88EE, 0x78ED, 0x692D, 0x592D, 0x610D, 0x70CD, 0x88CD, 0x90AD, // 0x2850 (10320) pixels
    0x2089, 0x1848, 0x1868, 0x1888, 0x1848, 0x28A9, 0x390B, 0x412B, 0x310B, 0x28CA, 0x20A9, 0x20A9, 0x1888, 0x1867, 0x1047, 0x1867, // 0x2860 (10336) pixels
    0x1867, 0x20A9, 0x3129, 0x522D, 0x8C13, 0xBD78, 0xDE7B, 0xEF1E, 0xFF5F, 0xFF5F, 0xF77F, 0xE73E, 0xCE5C, 0xAD17, 0x7B92, 0x4A4D, // 0x2870 (10352) pixels
    0x28E9, 0x1887, 0x1867, 0x20A8, 0x20A8, 0x1888, 0x1848, 0x1868, 0x18A8, 0x20C9, 0x28CA, 0x2069, 0x2089, 0x30EA, 0x20C9, 0x1867, // 0x2880 (10368) pixels
    0x2088, 0x20A9, 0x20A9, 0x1868, 0x20A9, 0x310B, 0x30EB, 0x38EB, 0x48C9, 0x4869, 0x4028, 0x3007, 0x2868, 0x1868, 0x1868, 0x2048, // 0x2890 (10384) pixels
    0x28A8, 0x30EA, 0x30EA, 0x310C, 0x310B, 0x310B, 0x28A9, 0x2888, 0x1068, 0x1868, 0x1868, 0x1868, 0x2089, 0x20A9, 0x2089, 0x1868, // 0x28A0 (10400) pixels
    0x20A9, 0x28A9, 0x28C9, 0x28CA, 0x28EA, 0x30EA, 0x28EA, 0x28CA, 0x2069, 0x28AA, 0x28AA, 0x28A9, 0x28AA, 0x30AA, 0x30AA, 0x30CA, // 0x28B0 (10416) pixels
    0x40EA, 0x30CA, 0x2089, 0x1889, 0x2089, 0x20A9, 0x28C9, 0x28E9, 0x20AA, 0x40AB, 0x68EE, 0x890F, 0x90EE, 0x910E, 0x912E, 0x890D, // 0x28C0 (10432) pixels
    0x792F, 0x690E, 0x710E, 0x710D, 0x80CD, 0x88ED, 0x90EE, 0x88AD, 0x20A9, 0x1868, 0x1868, 0x1888, 0x1868, 0x28A9, 0x390B, 0x410B, // 0x28D0 (10448) pixels
    0x310B, 0x28C9, 0x20A9, 0x20A9, 0x20A8, 0x1868, 0x1867, 0x1888, 0x396A, 0x9455, 0xE6DE, 0xFFDF, 0xFFFF, 0xFFFF, 0xFFDE, 0xFFFE, // 0x28E0 (10464) pixels
    0xFFFE, 0xFFFE, 0xFFFF, 0xFFFF, 0xFFBF, 0xFFDF, 0xFFFF, 0xF7FF, 0xE6BF, 0x9456, 0x41CC, 0x1888, 0x1868, 0x1888, 0x1888, 0x1868, // 0x28F0 (10480) pixels
    0x20A8, 0x20C9, 0x28CA, 0x2069, 0x2089, 0x310A, 0x28C9, 0x1067, 0x1867, 0x20C8, 0x20E9, 0x1888, 0x20A9, 0x390B, 0x38EB, 0x410B, // 0x2900 (10496) pixels
    0x6067, 0x6047, 0x6868, 0x5047, 0x3887, 0x1846, 0x2047, 0x2006, 0x2047, 0x30E9, 0x310A, 0x312C, 0x312B, 0x312B, 0x20A8, 0x20A8, // 0x2910 (10512) pixels
    0x1868, 0x1868, 0x1868, 0x1868, 0x1888, 0x20A9, 0x2088, 0x1868, 0x2088, 0x20A9, 0x28C9, 0x28C9, 0x28CA, 0x28EA, 0x28EA, 0x28CA, // 0x2920 (10528) pixels
    0x2089, 0x28CA, 0x28CA, 0x2889, 0x30AA, 0x30AA, 0x38AA, 0x38CB, 0x48EB, 0x38AA, 0x2889, 0x2089, 0x20A9, 0x20A9, 0x20A8, 0x2088, // 0x2930 (10544) pixels
    0x18EB, 0x40CC, 0x80CE, 0xA0CF, 0x98CE, 0x80ED, 0x812D, 0x810D, 0x5970, 0x612F, 0x78EE, 0x98CE, 0xA8AD, 0xA0EE, 0x890D, 0x68EC, // 0x2940 (10560) pixels
    0x10A9, 0x1868, 0x1847, 0x1848, 0x2088, 0x28A9, 0x390A, 0x414B, 0x30CB, 0x3089, 0x28A8, 0x1087, 0x20C9, 0x1827, 0x418B, 0xA517, // 0x2950 (10576) pixels
    0xFFDF, 0xFFFF, 0xFFFE, 0xEFFB, 0xBFF6, 0x87F2, 0x57CE, 0x37CC, 0x1F89, 0x27AA, 0x27AA, 0x37AC, 0x57AE, 0x87D3, 0xB7F8, 0xD7FB, // 0x2960 (10592) pixels
    0xFFDF, 0xF7FF, 0xF7FE, 0xB536, 0x49CB, 0x1086, 0x0887, 0x0868, 0x28C9, 0x20C9, 0x20C9, 0x20C9, 0x1868, 0x28EA, 0x30EB, 0x1007, // 0x2970 (10608) pixels
    0x1888, 0x1888, 0x18A9, 0x20EA, 0x28CA, 0x2889, 0x388A, 0x48CB, 0xA087, 0xEA25, 0xD961, 0x8805, 0x482B, 0x40C9, 0x4047, 0x202A, // 0x2980 (10624) pixels
    0x2007, 0x2068, 0x28E9, 0x310A, 0x38EA, 0x30CA, 0x20AA, 0x1889, 0x2088, 0x1868, 0x1867, 0x1067, 0x1887, 0x1888, 0x2088, 0x2068, // 0x2990 (10640) pixels
    0x2087, 0x2087, 0x2088, 0x2088, 0x20A9, 0x20A9, 0x2089, 0x2089, 0x2089, 0x2069, 0x2089, 0x20A9, 0x28AA, 0x28A9, 0x28CA, 0x30EA, // 0x29A0 (10656) pixels
    0x410B, 0x30A9, 0x2068, 0x20A8, 0x2088, 0x1888, 0x20A9, 0x28CA, 0x28EA, 0x28CA, 0x512C, 0x912F, 0x98CE, 0x80EE, 0x714E, 0x692E, // 0x29B0 (10672) pixels
    0x80CC, 0x910E, 0xA10E, 0xA0CE, 0xA0AD, 0xA0CD, 0x98ED, 0x90CC, 0x18A8, 0x1868, 0x2089, 0x1868, 0x1027, 0x20A9, 0x392B, 0x390B, // 0x29C0 (10688) pixels
    0x390A, 0x20C9, 0x1869, 0x28A9, 0x20A7, 0x8C94, 0xF7DF, 0xFFDF, 0xF7FD, 0xC7FA, 0x77B4, 0x378F, 0x1F8C, 0x1F8A, 0x2F4A, 0x3F2A, // 0x29D0 (10704) pixels
    0x2F69, 0x2F89, 0x27A9, 0x1FAA, 0x1F8A, 0x276B, 0x374D, 0x3F4E, 0x6F90, 0xD7FC, 0xFFFF, 0xFFFF, 0xEFBE, 0x8C54, 0x28C9, 0x1888, // 0x29E0 (10720) pixels
    0x20C9, 0x20C9, 0x28EA, 0x20A9, 0x20A9, 0x310B, 0x28A9, 0x2889, 0x1868, 0x1868, 0x18A9, 0x28EA, 0x28EA, 0x30AA, 0x388A, 0x40AA, // 0x29F0 (10736) pixels
    0x80A7, 0xC987, 0xF2C8, 0xC227, 0x6865, 0x5068, 0x4069, 0x286A, 0x2889, 0x28C9, 0x28EA, 0x30EA, 0x30CA, 0x2889, 0x2069, 0x1068, // 0x2A00 (10752) pixels
    0x2068, 0x2068, 0x1888, 0x1888, 0x1888, 0x1868, 0x1869, 0x1848, 0x1848, 0x1868, 0x2068, 0x2089, 0x2089, 0x2089, 0x2089, 0x2089, // 0x2A10 (10768) pixels
    0x1868, 0x2069, 0x2089, 0x28AA, 0x2089, 0x2089, 0x28AA, 0x30EB, 0x410B, 0x30A9, 0x2088, 0x20A9, 0x20A9, 0x20A9, 0x20A9, 0x20A9, // 0x2A20 (10784) pixels
    0x28CA, 0x28EA, 0x490C, 0x78EE, 0x90EE, 0x88EE, 0x810E, 0x810E, 0x98EE, 0x990E, 0x98EE, 0x90CD, 0x90CD, 0x98ED, 0x98ED, 0x90CD, // 0x2A30 (10800) pixels
    0x2068, 0x1868, 0x1888, 0x1088, 0x1047, 0x28CA, 0x392C, 0x38EB, 0x2909, 0x20C9, 0x292B, 0x31AC, 0xCE5B, 0xFFFF, 0xE7FC, 0xDFFC, // 0x2A40 (10816) pixels
    0x57AF, 0x476E, 0x274B, 0x0F89, 0x0FC9, 0x0FE9, 0x17C8, 0x1788, 0x2769, 0x2789, 0x27A8, 0x1FC8, 0x17A8, 0x1788, 0x1788, 0x1769, // 0x2A50 (10832) pixels
    0x374B, 0x2F09, 0x6F90, 0xD7FB, 0xFFFF, 0xFFDF, 0xCE1A, 0x49EC, 0x20C9, 0x290A, 0x20A9, 0x28CA, 0x2049, 0x288A, 0x38EA, 0x2048, // 0x2A60 (10848) pixels
    0x1848, 0x1868, 0x20A9, 0x28EA, 0x310B, 0x28CA, 0x30AA, 0x38AA, 0x5087, 0x8027, 0xB9E8, 0xF3C8, 0xC1E3, 0x7066, 0x506B, 0x40CB, // 0x2A70 (10864) pixels
    0x30EB, 0x310B, 0x312B, 0x392B, 0x38EB, 0x30AA, 0x2089, 0x1088, 0x2088, 0x2068, 0x1888, 0x1888, 0x1868, 0x1868, 0x1869, 0x2069, // 0x2A80 (10880) pixels
    0x2069, 0x2069, 0x1869, 0x1869, 0x1868, 0x2069, 0x2089, 0x2089, 0x20A8, 0x20A9, 0x20C9, 0x28A9, 0x2089, 0x2069, 0x28AA, 0x30CB, // 0x2A90 (10896) pixels
    0x38EB, 0x2869, 0x1848, 0x2089, 0x20A9, 0x20A9, 0x20A9, 0x2089, 0x28A9, 0x290A, 0x38EB, 0x58CC, 0x80EE, 0x910F, 0x90EE, 0x98EE, // 0x2AA0 (10912) pixels
    0xA90F, 0xA10E, 0x90EE, 0x88ED, 0x890D, 0x912E, 0x910D, 0x90AC, 0x2868, 0x2088, 0x0847, 0x1088, 0x1068, 0x2089, 0x30EB, 0x390C, // 0x2AB0 (10928) pixels
    0x392B, 0x28E9, 0x528E, 0xEF9F, 0xFFFF, 0xF7FD, 0xAFF5, 0x46EB, 0x1789, 0x1F89, 0x27A8, 0x27A8, 0x27A8, 0x1FC8, 0x17C8, 0x0FA8, // 0x2AC0 (10944) pixels
    0x1FC9, 0x1FA9, 0x1FA8, 0x1F88, 0x2788, 0x2788, 0x2FA8, 0x2FA8, 0x1FA8, 0x1FC9, 0x0F68, 0x378B, 0xA7F6, 0xFFFF, 0xFFBF, 0xE79F, // 0x2AD0 (10960) pixels
    0x7331, 0x1867, 0x30EA, 0x2869, 0x30AA, 0x30AA, 0x38EB, 0x2888, 0x2069, 0x2068, 0x2068, 0x20A9, 0x28EA, 0x28EA, 0x30CA, 0x38EA, // 0x2AE0 (10976) pixels
    0x38E9, 0x502A, 0x7045, 0xE2E5, 0xFB47, 0xA085, 0x682A, 0x4069, 0x30AA, 0x28CB, 0x28EB, 0x30EC, 0x38EC, 0x38CB, 0x28A9, 0x18A8, // 0x2AF0 (10992) pixels
    0x2088, 0x2088, 0x1888, 0x18A8, 0x18A8, 0x1888, 0x2087, 0x2087, 0x1888, 0x2089, 0x20A9, 0x20A9, 0x20A9, 0x20C8, 0x20C8, 0x20C8, // 0x2B00 (11008) pixels
    0x28E8, 0x28C8, 0x20C8, 0x20A9, 0x20A9, 0x28AA, 0x28CB, 0x30CC, 0x38EB, 0x2069, 0x1848, 0x1868, 0x1889, 0x20A9, 0x28AA, 0x208A, // 0x2B10 (11024) pixels
    0x28A9, 0x28EA, 0x28EA, 0x40AB, 0x70ED, 0x910E, 0xA0EE, 0xB0CE, 0xA8EE, 0xA0EE, 0x98EE, 0x90ED, 0x892E, 0x892E, 0x890D, 0x80AC, // 0x2B20 (11040) pixels
    0x2848, 0x20A8, 0x0867, 0x18A8, 0x1848, 0x30AA, 0x414C, 0x392C, 0x30E9, 0x7B71, 0xFFBF, 0xFFFF, 0xE7FD, 0x7772, 0x2F2B, 0x27A8, // 0x2B30 (11056) pixels
    0x2788, 0x27A8, 0x27A8, 0x2788, 0x2768, 0x2768, 0x2F8A, 0x37AB, 0x1FA9, 0x1FA9, 0x1F89, 0x1F89, 0x1FA9, 0x1FA9, 0x17A8, 0x1788, // 0x2B40 (11072) pixels
    0x1FE9, 0x1768, 0x1FC9, 0x0FE8, 0x1768, 0x77D2, 0xE7FD, 0xFFBF, 0xEF3F, 0x7B72, 0x28A8, 0x38EB, 0x38EB, 0x2869, 0x30EA, 0x20A8, // 0x2B50 (11088) pixels
    0x2069, 0x2069, 0x1868, 0x2089, 0x28EA, 0x28EA, 0x28CA, 0x30EA, 0x310C, 0x48EE, 0x5808, 0xB8E3, 0xFB08, 0xC925, 0x9069, 0x5029, // 0x2B60 (11104) pixels
    0x388A, 0x308A, 0x28AA, 0x28AA, 0x30CB, 0x30EB, 0x310B, 0x290A, 0x2088, 0x2087, 0x20A8, 0x2928, 0x3149, 0x2927, 0x20C6, 0x2084, // 0x2B70 (11120) pixels
    0x1886, 0x20C7, 0x2908, 0x3149, 0x3169, 0x3149, 0x3148, 0x2928, 0x2929, 0x2908, 0x28E8, 0x20A8, 0x20A9, 0x28A9, 0x28CA, 0x28EB, // 0x2B80 (11136) pixels
    0x30EA, 0x28A9, 0x2089, 0x1889, 0x1868, 0x2089, 0x20AA, 0x288A, 0x28A9, 0x20C9, 0x20CA, 0x30CA, 0x58CC, 0x910E, 0xB10F, 0xB0AE, // 0x2B90 (11152) pixels
    0x98CE, 0x98EE, 0x98EE, 0x98EE, 0x90EE, 0x890E, 0x790E, 0x70ED, 0x1868, 0x1888, 0x1088, 0x2088, 0x2807, 0x48CA, 0x410B, 0x20C8, // 0x2BA0 (11168) pixels
    0x5B0E, 0xFF3F, 0xFFBF, 0xEFFC, 0x6F70, 0x278A, 0x0F88, 0x1FEA, 0x17A8, 0x1FA8, 0x27A9, 0x2FA9, 0x2F89, 0x2769, 0x1F6A, 0x1F6A, // 0x2BB0 (11184) pixels
    0x1FA9, 0x1FA9, 0x1F89, 0x1F8A, 0x1FAA, 0x1FAA, 0x1FA9, 0x17C9, 0x272A, 0x17A8, 0x1FE8, 0x27C9, 0x1FAA, 0x1F8A, 0x6F92, 0xF7FD, // 0x2BC0 (11200) pixels
    0xFFFF, 0xF79F, 0x6AEF, 0x390A, 0x2869, 0x30AA, 0x414C, 0x2088, 0x1868, 0x2089, 0x1868, 0x2089, 0x30EA, 0x30EA, 0x28CA, 0x28EA, // 0x2BD0 (11216) pixels
    0x30EB, 0x30AC, 0x606C, 0xA005, 0xFA47, 0xE224, 0xB085, 0x802A, 0x5089, 0x4089, 0x30AA, 0x28CB, 0x30EB, 0x38EC, 0x312B, 0x292A, // 0x2BE0 (11232) pixels
    0x2088, 0x1867, 0x1887, 0x2908, 0x3189, 0x3988, 0x3166, 0x3146, 0x2106, 0x2927, 0x2927, 0x2947, 0x2947, 0x2947, 0x2948, 0x3168, // 0x2BF0 (11248) pixels
    0x3149, 0x3169, 0x3149, 0x28E8, 0x20A7, 0x2087, 0x20A8, 0x20A9, 0x20A9, 0x2068, 0x1888, 0x1888, 0x1868, 0x1868, 0x2089, 0x2089, // 0x2C00 (11264) pixels
    0x28C9, 0x20A9, 0x20CA, 0x20EB, 0x48AB, 0x88ED, 0xB12F, 0xA8CD, 0x90ED, 0x98EE, 0x98EE, 0x98CE, 0x90CE, 0x80EE, 0x710E, 0x692E, // 0x2C10 (11280) pixels
    0x1888, 0x1088, 0x1068, 0x2027, 0x4007, 0x58A9, 0x3067, 0x4A2C, 0xF7BF, 0xFFDF, 0xEFFD, 0x6F51, 0x2749, 0x1787, 0x27E9, 0x1769, // 0x2C20 (11296) pixels
    0x1FA9, 0x1789, 0x1789, 0x1FA9, 0x1FA9, 0x1FA9, 0x1FAA, 0x1F8A, 0x27A9, 0x27A9, 0x1F8A, 0x1F6A, 0x1F69, 0x2769, 0x2789, 0x2789, // 0x2C30 (11312) pixels
    0x2768, 0x2FEC, 0x2709, 0x36EA, 0x77F1, 0x67D2, 0x470D, 0x5FED, 0xE7FD, 0xF7FF, 0xEF9F, 0x5A4E, 0x2889, 0x30AA, 0x38EB, 0x2888, // 0x2C40 (11328) pixels
    0x1068, 0x1889, 0x1868, 0x2068, 0x30CA, 0x30EA, 0x28A9, 0x28CA, 0x30EA, 0x306A, 0x608C, 0x9828, 0xE9C4, 0xFB23, 0xC0C2, 0xA809, // 0x2C50 (11344) pixels
    0x6868, 0x5088, 0x38A9, 0x28CA, 0x28EB, 0x28CB, 0x28CA, 0x28CA, 0x28CA, 0x2088, 0x1867, 0x18A8, 0x2908, 0x3148, 0x3968, 0x41A9, // 0x2C60 (11360) pixels
    0x3167, 0x3167, 0x2947, 0x2107, 0x20E6, 0x20C7, 0x2108, 0x2909, 0x2948, 0x3169, 0x3969, 0x3148, 0x28E7, 0x20C7, 0x20E7, 0x28C7, // 0x2C70 (11376) pixels
    0x20A8, 0x1887, 0x1887, 0x1887, 0x1887, 0x1888, 0x2088, 0x2068, 0x20C9, 0x2089, 0x20CA, 0x210B, 0x40CB, 0x80ED, 0xA12E, 0x990C, // 0x2C80 (11392) pixels
    0x990E, 0x98EE, 0x90EE, 0x88EE, 0x80EE, 0x80EE, 0x790E, 0x710E, 0x0888, 0x10C9, 0x1888, 0x3007, 0x68EB, 0x712B, 0x4929, 0xCE5C, // 0x2C90 (11408) pixels
    0xFF5F, 0xE7FF, 0x77F3, 0x2F8B, 0x1F89, 0x27A9, 0x2789, 0x2768, 0x27AA, 0x1FA9, 0x1FA9, 0x1FA8, 0x1F88, 0x1F88, 0x2789, 0x2789, // 0x2CA0 (11424) pixels
    0x1F68, 0x1F89, 0x1F89, 0x1F8A, 0x1FA9, 0x1F89, 0x1FA8, 0x27A7, 0x27A6, 0x0FA8, 0x3F4E, 0xC7F9, 0xEFFC, 0x77D1, 0x1F69, 0x1F88, // 0x2CB0 (11440) pixels
    0xAF16, 0xE7FD, 0xF7FF, 0xD63D, 0x414C, 0x2808, 0x492C, 0x38CA, 0x1088, 0x18A9, 0x1868, 0x1868, 0x28CA, 0x30CA, 0x28A9, 0x30CA, // 0x2CC0 (11456) pixels
    0x30C9, 0x50EC, 0x588B, 0x9047, 0xD961, 0xFC24, 0xD9C2, 0xC80A, 0x80A8, 0x68A9, 0x40C9, 0x28CA, 0x28CB, 0x28CB, 0x30EB, 0x310A, // 0x2CD0 (11472) pixels
    0x310C, 0x28CA, 0x1889, 0x1888, 0x18A8, 0x20A7, 0x28E8, 0x3129, 0x3187, 0x3188, 0x3188, 0x2948, 0x2908, 0x20E8, 0x20E9, 0x20E9, // 0x2CE0 (11488) pixels
    0x20E7, 0x2928, 0x3148, 0x3148, 0x3968, 0x3989, 0x3969, 0x3148, 0x394A, 0x2909, 0x20C8, 0x18A8, 0x1888, 0x20A8, 0x20A8, 0x2067, // 0x2CF0 (11504) pixels
    0x20C9, 0x2089, 0x20CA, 0x210B, 0x38CB, 0x78ED, 0x992D, 0x912C, 0xA0EE, 0x98EE, 0x890E, 0x812E, 0x812E, 0x790F, 0x78EE, 0x78CE, // 0x2D00 (11520) pixels
    0x1867, 0x1849, 0x10A8, 0x4825, 0xC967, 0x8106, 0x94B7, 0xFFDF, 0xFFFF, 0x97F6, 0x2FAB, 0x1787, 0x1FA8, 0x1F89, 0x1F89, 0x2789, // 0x2D10 (11536) pixels
    0x1F89, 0x1F89, 0x1F89, 0x1F89, 0x1F89, 0x1F89, 0x1F89, 0x1F89, 0x17A9, 0x2789, 0x2769, 0x1F89, 0x17AA, 0x1FAA, 0x1FA9, 0x1FC8, // 0x2D20 (11552) pixels
    0x1F29, 0x776F, 0xE7FC, 0xFFFF, 0xFFFE, 0x4FEE, 0x2789, 0x276A, 0x1FA9, 0xA7F5, 0xFFFF, 0xFFDF, 0x94F4, 0x2067, 0x40CD, 0x490B, // 0x2D30 (11568) pixels
    0x28A9, 0x2068, 0x1868, 0x2089, 0x20A9, 0x28EA, 0x30CA, 0x288A, 0x28EC, 0x40EA, 0x7888, 0xA007, 0xE084, 0xFCA4, 0xEB82, 0xD807, // 0x2D40 (11584) pixels
    0x982A, 0x6869, 0x40A8, 0x38A9, 0x308A, 0x28AB, 0x290B, 0x28EA, 0x310B, 0x28CA, 0x2089, 0x2068, 0x2068, 0x2089, 0x20A9, 0x20A9, // 0x2D50 (11600) pixels
    0x28E9, 0x2909, 0x312A, 0x3149, 0x2908, 0x2907, 0x3128, 0x2927, 0x2909, 0x20C8, 0x20C7, 0x2928, 0x3189, 0x3988, 0x39A8, 0x39A8, // 0x2D60 (11616) pixels
    0x4168, 0x4189, 0x3949, 0x20A7, 0x1887, 0x20A8, 0x2089, 0x2069, 0x2889, 0x28A9, 0x20A9, 0x28AA, 0x410B, 0x510C, 0x690D, 0x796F, // 0x2D70 (11632) pixels
    0x810E, 0x912E, 0x90EE, 0x88CD, 0x890D, 0x810D, 0x88CD, 0x90EE, 0x1848, 0x18A9, 0x1806, 0x80C6, 0xC188, 0x820B, 0xE73F, 0xFFBF, // 0x2D80 (11648) pixels
    0xD7FC, 0x6771, 0x1F69, 0x1FC8, 0x2788, 0x1F89, 0x1FA9, 0x1F88, 0x1F89, 0x1F89, 0x1F89, 0x1F89, 0x1F89, 0x1F89, 0x1F89, 0x1F89, // 0x2D90 (11664) pixels
    0x1FA9, 0x1F69, 0x2789, 0x1FA9, 0x1F88, 0x2789, 0x278A, 0x1F69, 0x87F4, 0xBFF8, 0xFFFF, 0xFFFF, 0xFFFE, 0x47CD, 0x1F89, 0x1F69, // 0x2DA0 (11680) pixels
    0x1F68, 0x570D, 0xE7FD, 0xFFBF, 0xEF9E, 0x49EC, 0x408B, 0x40EB, 0x28C9, 0x2068, 0x1848, 0x2088, 0x20C9, 0x30EA, 0x30CA, 0x2889, // 0x2DB0 (11696) pixels
    0x38CC, 0x48CA, 0x6888, 0xA008, 0xD024, 0xFBE3, 0xFC85, 0xE0C6, 0x986A, 0x6889, 0x38C9, 0x30CA, 0x30AB, 0x28CB, 0x28EB, 0x30AA, // 0x2DC0 (11712) pixels
    0x310B, 0x30EB, 0x28A9, 0x2068, 0x1868, 0x2089, 0x20C9, 0x20C9, 0x20A9, 0x1888, 0x20A8, 0x28E9, 0x28E8, 0x28E8, 0x3128, 0x3169, // 0x2DD0 (11728) pixels
    0x398A, 0x3129, 0x2908, 0x3128, 0x3149, 0x3128, 0x2928, 0x3128, 0x3908, 0x3929, 0x3108, 0x2087, 0x1887, 0x20A8, 0x20A9, 0x2089, // 0x2DE0 (11744) pixels
    0x2089, 0x2089, 0x20A9, 0x28CA, 0x30EA, 0x38CA, 0x40AA, 0x48AB, 0x50AB, 0x60CC, 0x80ED, 0x912E, 0x892E, 0x892E, 0x890E, 0x88CE, // 0x2DF0 (11760) pixels
    0x208A, 0x0087, 0x5047, 0xC947, 0x9947, 0xBD17, 0xFFFF, 0xFFDF, 0x8FD4, 0x3F0C, 0x1768, 0x27E9, 0x2788, 0x1F69, 0x1FAA, 0x1F88, // 0x2E00 (11776) pixels
    0x1F89, 0x1F89, 0x1F89, 0x1F89, 0x1F89, 0x1F89, 0x1F89, 0x1F89, 0x1F69, 0x1FCA, 0x1F89, 0x1F88, 0x27C8, 0x1F68, 0x374C, 0x6FD2, // 0x2E10 (11792) pixels
    0xDFFE, 0xFFFE, 0xFFBF, 0xFFDF, 0xFFFE, 0x378C, 0x1F88, 0x1F89, 0x2FA9, 0x1F29, 0x97D5, 0xFFFF, 0xFFFF, 0xB537, 0x4089, 0x38EB, // 0x2E20 (11808) pixels
    0x28CA, 0x1868, 0x1847, 0x2089, 0x28CA, 0x30EA, 0x30CA, 0x2889, 0x408B, 0x48A9, 0x60AA, 0xA00B, 0xB805, 0xEA61, 0xFCE6, 0xD9E2, // 0x2E30 (11824) pixels
    0xA029, 0x6868, 0x38A9, 0x28AA, 0x28CB, 0x20EB, 0x28CA, 0x3889, 0x310B, 0x392B, 0x30EA, 0x2089, 0x1848, 0x2088, 0x20C9, 0x20C9, // 0x2E40 (11840) pixels
    0x20A9, 0x1868, 0x1868, 0x20A8, 0x20A8, 0x20A7, 0x2908, 0x314A, 0x396A, 0x3128, 0x28E8, 0x28E8, 0x28E9, 0x28C9, 0x28C9, 0x28EA, // 0x2E50 (11856) pixels
    0x30A8, 0x30C9, 0x28A8, 0x2088, 0x1888, 0x2089, 0x2089, 0x20A9, 0x1868, 0x1888, 0x20A9, 0x28EA, 0x28EA, 0x310A, 0x28CA, 0x2089, // 0x2E60 (11872) pixels
    0x28AA, 0x388A, 0x60CD, 0x892F, 0x912F, 0x910E, 0x910E, 0x88CD, 0x20AA, 0x0847, 0xA0E8, 0xF187, 0x79A8, 0xF7FF, 0xFFFD, 0xEFFD, // 0x2E70 (11888) pixels
    0x3F4C, 0x278A, 0x17A8, 0x1FA8, 0x2769, 0x1F69, 0x1FA9, 0x1FA8, 0x1F89, 0x1F89, 0x1F89, 0x1F89, 0x1F89, 0x1F89, 0x1F89, 0x1F89, // 0x2E80 (11904) pixels
    0x1F68, 0x1FCA, 0x1F89, 0x2768, 0x1FC8, 0x1F89, 0x6F91, 0xE7FC, 0xFFDF, 0xFFBF, 0xFF7F, 0xFFFF, 0xF7FE, 0x2F6B, 0x1F88, 0x2789, // 0x2E90 (11920) pixels
    0x27A9, 0x17E8, 0x3F0C, 0xDFFD, 0xFFDF, 0xFFBF, 0x59EC, 0x38CB, 0x28C9, 0x1868, 0x1847, 0x20A9, 0x28CA, 0x28CA, 0x30CA, 0x30AA, // 0x2EA0 (11936) pixels
    0x508B, 0x50CA, 0x50EA, 0x902C, 0xA807, 0xD120, 0xFC85, 0xDB41, 0xB828, 0x8068, 0x48AA, 0x30AB, 0x30EC, 0x292B, 0x28EA, 0x40EB, // 0x2EB0 (11952) pixels
    0x310B, 0x392B, 0x310B, 0x28A9, 0x1868, 0x1868, 0x20A8, 0x20C9, 0x28EA, 0x20A9, 0x1868, 0x1868, 0x1888, 0x2088, 0x20C9, 0x2909, // 0x2EC0 (11968) pixels
    0x30E8, 0x28C8, 0x2088, 0x28A8, 0x28A9, 0x2889, 0x288A, 0x28AA, 0x3089, 0x28AA, 0x2089, 0x2068, 0x1888, 0x2088, 0x2088, 0x2089, // 0x2ED0 (11984) pixels
    0x2089, 0x1868, 0x20A9, 0x28CA, 0x28EA, 0x312B, 0x312B, 0x20CA, 0x210A, 0x28CA, 0x50CC, 0x80EE, 0x98EF, 0xA0CE, 0x98CD, 0x90ED, // 0x2EE0 (12000) pixels
    0x1068, 0x3869, 0xC8C6, 0xD926, 0xA453, 0xF7FF, 0xFFFE, 0x9FB6, 0x1748, 0x1FE9, 0x1FE9, 0x1F88, 0x2769, 0x1F8A, 0x1FA9, 0x1FA8, // 0x2EF0 (12016) pixels
    0x1F89, 0x1F89, 0x1F89, 0x1F89, 0x1F89, 0x1F89, 0x1F89, 0x1F89, 0x1FA9, 0x1F48, 0x27AA, 0x1FA9, 0x1748, 0x5FAF, 0xD7FA, 0xFFDF, // 0x2F00 (12032) pixels
    0xFFDF, 0xFFDF, 0xFFBF, 0xF7FF, 0xF7FD, 0x2F6A, 0x1F88, 0x2789, 0x1FA8, 0x0FC7, 0x1F89, 0x97F5, 0xFFFF, 0xFFBF, 0xA4D6, 0x40CB, // 0x2F10 (12048) pixels
    0x28A9, 0x1868, 0x1868, 0x20A9, 0x28CA, 0x28CA, 0x30CA, 0x30CA, 0x58CC, 0x50EA, 0x48EA, 0x700C, 0x9049, 0xC083, 0xFBC6, 0xFCA3, // 0x2F20 (12064) pixels
    0xD866, 0x9847, 0x686A, 0x408B, 0x30EB, 0x292A, 0x2909, 0x390B, 0x30EB, 0x30EB, 0x310B, 0x30EA, 0x20A9, 0x1868, 0x1868, 0x20A9, // 0x2F30 (12080) pixels
    0x28CA, 0x20CA, 0x2089, 0x1868, 0x1868, 0x20A9, 0x20C9, 0x20C9, 0x28A9, 0x2089, 0x2089, 0x28A9, 0x2889, 0x2089, 0x2069, 0x2069, // 0x2F40 (12096) pixels
    0x288A, 0x28AA, 0x2089, 0x2069, 0x2089, 0x20A9, 0x2088, 0x2089, 0x20A9, 0x2088, 0x2089, 0x2889, 0x28A9, 0x38EB, 0x390B, 0x30CA, // 0x2F50 (12112) pixels
    0x20EA, 0x28CB, 0x48AC, 0x70AD, 0xA8CF, 0xB8CE, 0xB0AD, 0xA8EC, 0x1846, 0x6848, 0xE0E7, 0xA0C6, 0xE73E, 0xF7FF, 0xF7FD, 0x576F, // 0x2F60 (12128) pixels
    0x17A8, 0x17C8, 0x1FA8, 0x1F89, 0x1F89, 0x1FAA, 0x1FA9, 0x1F88, 0x1F89, 0x1F89, 0x1F89, 0x1F89, 0x1F89, 0x1F89, 0x1F89, 0x1F89, // 0x2F70 (12144) pixels
    0x1FA8, 0x2F69, 0x1F89, 0x0F8A, 0x478E, 0xCFF8, 0xFFFE, 0xFFBF, 0xFFFF, 0xFFFD, 0xFFFF, 0xF7FF, 0xF7FD, 0x3F8C, 0x2788, 0x27A9, // 0x2F80 (12160) pixels
    0x1FA8, 0x1FA8, 0x17E9, 0x4F4E, 0xF7FD, 0xFFBF, 0xE73E, 0x38E9, 0x28A9, 0x1868, 0x2068, 0x20C9, 0x20C9, 0x28CA, 0x30EB, 0x30CB, // 0x2F90 (12176) pixels
    0x48AC, 0x410A, 0x40CA, 0x584B, 0x788B, 0xB047, 0xE225, 0xFCA4, 0xE925, 0xB825, 0x8009, 0x504A, 0x308A, 0x30C9, 0x30A9, 0x28EA, // 0x2FA0 (12192) pixels
    0x30EA, 0x28CA, 0x30EA, 0x310B, 0x28EA, 0x2068, 0x1867, 0x1888, 0x2089, 0x28CA, 0x20A9, 0x1868, 0x1868, 0x1888, 0x2088, 0x1888, // 0x2FB0 (12208) pixels
    0x20AA, 0x28AA, 0x28AA, 0x28AA, 0x20A9, 0x2088, 0x1868, 0x1868, 0x2869, 0x288A, 0x2089, 0x2068, 0x20A9, 0x20C9, 0x20A9, 0x28A9, // 0x2FC0 (12224) pixels
    0x2089, 0x2089, 0x2089, 0x2889, 0x30A9, 0x38CA, 0x40EB, 0x40CB, 0x3089, 0x30AA, 0x38AB, 0x68CC, 0xA90F, 0xC90F, 0xC8CD, 0xB8EB, // 0x2FD0 (12240) pixels
    0x3867, 0x9866, 0xD908, 0x91CA, 0xF7FF, 0xFFFF, 0xCFFA, 0x278B, 0x1FC9, 0x1F88, 0x2768, 0x2789, 0x1FA9, 0x1FA9, 0x1FA9, 0x2769, // 0x2FE0 (12256) pixels
    0x1F89, 0x1F89, 0x1F89, 0x1F89, 0x1F89, 0x1F89, 0x1F89, 0x1F89, 0x1F68, 0x27EA, 0x1F89, 0x3F4D, 0xAFF8, 0xFFFF, 0xFFBF, 0xF7FF, // 0x2FF0 (12272) pixels
    0xF7FF, 0xFFFD, 0xFFFF, 0xF7FF, 0xFFFE, 0x57CE, 0x2789, 0x1FA9, 0x1788, 0x278A, 0x1FC9, 0x376B, 0xC7FA, 0xFFDF, 0xFFBF, 0x4A0B, // 0x3000 (12288) pixels
    0x2089, 0x1868, 0x2068, 0x20A9, 0x28CA, 0x30EA, 0x390B, 0x30CB, 0x30AC, 0x310A, 0x40A9, 0x40AA, 0x608B, 0x982A, 0xC865, 0xF383, // 0x3010 (12304) pixels
    0xFA65, 0xC885, 0x9809, 0x604B, 0x406A, 0x58AA, 0x488A, 0x30EB, 0x28CA, 0x28CA, 0x28EA, 0x310B, 0x30EA, 0x20A9, 0x1868, 0x1868, // 0x3020 (12320) pixels
    0x2088, 0x28EA, 0x28EA, 0x2089, 0x1868, 0x1868, 0x1848, 0x1868, 0x20A9, 0x20AA, 0x20AA, 0x20A9, 0x2089, 0x2088, 0x1888, 0x2088, // 0x3030 (12336) pixels
    0x2868, 0x28A9, 0x2089, 0x1868, 0x20A9, 0x28CA, 0x28CA, 0x28A9, 0x2089, 0x2089, 0x2089, 0x20A9, 0x28CA, 0x30CA, 0x38EB, 0x490C, // 0x3040 (12352) pixels
    0x488A, 0x38AA, 0x28A9, 0x48AB, 0x910D, 0xC92F, 0xD12D, 0xC0EB, 0x5067, 0xC967, 0xC088, 0xB392, 0xF7DF, 0xFFFF, 0xB7D7, 0x17AA, // 0x3050 (12368) pixels
    0x1F89, 0x2789, 0x2769, 0x2789, 0x1789, 0x17A9, 0x1F89, 0x2F89, 0x1F89, 0x1F89, 0x1F89, 0x1F89, 0x1F89, 0x1F89, 0x1F89, 0x1F89, // 0x3060 (12384) pixels
    0x2789, 0x0FE8, 0x1FA9, 0x8F91, 0xF7FE, 0xFFFF, 0xEFDF, 0xFFFF, 0xFFFF, 0xFFDE, 0xFFDF, 0xFFDF, 0xFFDF, 0x67F1, 0x278A, 0x17A9, // 0x3070 (12400) pixels
    0x27A9, 0x274A, 0x1F89, 0x2749, 0x9FF7, 0xFFDF, 0xFFBF, 0x8432, 0x28A9, 0x2068, 0x1868, 0x20A9, 0x28CA, 0x310B, 0x390B, 0x30CA, // 0x3080 (12416) pixels
    0x28CD, 0x212A, 0x40A9, 0x38EA, 0x486A, 0x882D, 0xC806, 0xEAE3, 0xFB46, 0xD0A4, 0xA008, 0x602A, 0x506A, 0x708B, 0x606B, 0x38AB, // 0x3090 (12432) pixels
    0x28CA, 0x28CA, 0x28EA, 0x30EA, 0x310A, 0x28EA, 0x2088, 0x1847, 0x1888, 0x28C9, 0x28E9, 0x20C9, 0x20A9, 0x1868, 0x1868, 0x20A9, // 0x30A0 (12448) pixels
    0x20A9, 0x20A9, 0x20A9, 0x1889, 0x1888, 0x1868, 0x1888, 0x18A9, 0x2868, 0x30C9, 0x28A8, 0x1867, 0x2089, 0x28CA, 0x28CA, 0x2089, // 0x30B0 (12464) pixels
    0x2089, 0x20A9, 0x18A9, 0x18A9, 0x18A9, 0x2089, 0x28A9, 0x410B, 0x690C, 0x38EA, 0x18A9, 0x3089, 0x70AB, 0xB92D, 0xD14D, 0xC10A, // 0x30C0 (12480) pixels
    0xB8A3, 0xF968, 0x9049, 0xBD98, 0xF7FD, 0xFFBF, 0x67D3, 0x17E9, 0x27A9, 0x1789, 0x1FA9, 0x1FCA, 0x1F89, 0x1F89, 0x1FA9, 0x17A9, // 0x30D0 (12496) pixels
    0x1F87, 0x17E9, 0x2F8A, 0x276A, 0x1F89, 0x2769, 0x17A9, 0x17A9, 0x17A7, 0x1F49, 0x5FB1, 0xDFFB, 0xFF9F, 0xFFDF, 0xFFFF, 0xFFDE, // 0x30E0 (12512) pixels
    0xFFFE, 0xF7FF, 0xFFFF, 0xFFDF, 0xFFFE, 0xC7D7, 0x474D, 0x07E9, 0x1F89, 0x276A, 0x278A, 0x2769, 0x5FF0, 0xFFBF, 0xFFFF, 0xBD77, // 0x30F0 (12528) pixels
    0x28A9, 0x2048, 0x1868, 0x20A8, 0x28EA, 0x310B, 0x310B, 0x28CB, 0x290B, 0x38CB, 0x38CB, 0x20AC, 0x40CD, 0x788A, 0xA865, 0xF1C6, // 0x3100 (12544) pixels
    0xFC43, 0xE025, 0xC027, 0x9068, 0x7009, 0x8088, 0x7029, 0x38CB, 0x30CB, 0x30AA, 0x30AA, 0x30CB, 0x310B, 0x28EA, 0x20A8, 0x1847, // 0x3110 (12560) pixels
    0x1868, 0x1888, 0x28A9, 0x28C9, 0x28A9, 0x1868, 0x1847, 0x1868, 0x1868, 0x1868, 0x1868, 0x1868, 0x1868, 0x1868, 0x2089, 0x20A9, // 0x3120 (12576) pixels
    0x2867, 0x30EA, 0x408B, 0x1868, 0x08C8, 0x30A9, 0x30AA, 0x28AB, 0x20A9, 0x2089, 0x2089, 0x20A9, 0x20A9, 0x20A9, 0x20A9, 0x20C9, // 0x3130 (12592) pixels
    0x50CA, 0x612C, 0x50AA, 0x3889, 0x38CA, 0x692C, 0xB96E, 0xE8CC, 0xD125, 0xE127, 0x8049, 0xD65A, 0xFFFE, 0xFFDF, 0x57B0, 0x17C8, // 0x3140 (12608) pixels
    0x17C8, 0x1FA9, 0x2789, 0x1F69, 0x1769, 0x17A9, 0x27A9, 0x2F88, 0x1FC9, 0x17C9, 0x1F88, 0x1F89, 0x1FA9, 0x2789, 0x1F89, 0x2789, // 0x3150 (12624) pixels
    0x27A9, 0x274B, 0xB7F7, 0xFFFE, 0xFFFF, 0xFFFF, 0xEFFF, 0xFFFF, 0xFFFF, 0xFFDF, 0xFFFF, 0xEFFE, 0xB7F9, 0x67B0, 0x2729, 0x27E9, // 0x3160 (12640) pixels
    0x1FA9, 0x2769, 0x1F69, 0x1F69, 0x4FEF, 0xFFDF, 0xFFFF, 0xD63A, 0x20A9, 0x1868, 0x1868, 0x20A9, 0x28CA, 0x30EA, 0x310B, 0x30EB, // 0x3170 (12656) pixels
    0x30EB, 0x38AB, 0x38CB, 0x288B, 0x408C, 0x786A, 0xA866, 0xE1A7, 0xF3A3, 0xE0E4, 0xB806, 0x9029, 0x7829, 0x8089, 0x688A, 0x38CC, // 0x3180 (12672) pixels
    0x28CA, 0x28CA, 0x28AA, 0x28EB, 0x310B, 0x310B, 0x28CA, 0x2088, 0x1868, 0x1888, 0x28A9, 0x28C9, 0x28A9, 0x2088, 0x1868, 0x1888, // 0x3190 (12688) pixels
    0x1868, 0x1888, 0x1888, 0x1868, 0x1868, 0x1888, 0x2089, 0x20A9, 0x20A8, 0x40AA, 0x50AB, 0x2889, 0x1888, 0x28A9, 0x28CA, 0x28CB, // 0x31A0 (12704) pixels
    0x28CA, 0x20A9, 0x1888, 0x2089, 0x20A9, 0x20A9, 0x20A9, 0x20A9, 0x20C9, 0x590B, 0x78CB, 0x70AB, 0x488A, 0x4089, 0x790B, 0x98EA, // 0x31B0 (12720) pixels
    0xE9C7, 0xC0A7, 0x7048, 0xEF3D, 0xFFFF, 0xFFFF, 0x3F6C, 0x1FC8, 0x1F87, 0x1FA8, 0x1F89, 0x2769, 0x276A, 0x2789, 0x1F88, 0x17A8, // 0x31C0 (12736) pixels
    0x276B, 0x2769, 0x17A7, 0x1FC8, 0x1FA9, 0x1F89, 0x2769, 0x2788, 0x274A, 0x87F3, 0xEFFD, 0xFFDF, 0xFFFF, 0xF7FF, 0xFFFF, 0xF7FF, // 0x31D0 (12752) pixels
    0xFFBF, 0xFFFF, 0xDFFC, 0x7F93, 0x2F4C, 0x1FEB, 0x1FA9, 0x2747, 0x1FC9, 0x1F89, 0x1F68, 0x1F88, 0x3F8C, 0xFFFF, 0xFFFF, 0xEF1D, // 0x31E0 (12768) pixels
    0x20AA, 0x1869, 0x1888, 0x20C9, 0x28A9, 0x28AA, 0x30CB, 0x30EC, 0x28CB, 0x30CA, 0x38EA, 0x28AA, 0x388A, 0x608A, 0x9068, 0xC128, // 0x31F0 (12784) pixels
    0xF385, 0xFAE5, 0xD0A6, 0xA04A, 0x8069, 0x808A, 0x58AA, 0x30EC, 0x20CA, 0x20CA, 0x28CA, 0x28EA, 0x312B, 0x312B, 0x30EB, 0x30CA, // 0x3200 (12800) pixels
    0x1888, 0x2088, 0x2088, 0x28A9, 0x28A9, 0x28A9, 0x2089, 0x1888, 0x1888, 0x2089, 0x2089, 0x1888, 0x1888, 0x2089, 0x20A9, 0x20A9, // 0x3210 (12816) pixels
    0x20C8, 0x3889, 0x58CA, 0x5089, 0x2868, 0x18A9, 0x28CA, 0x20EB, 0x28EA, 0x28AA, 0x2089, 0x2089, 0x2089, 0x2089, 0x20A9, 0x28CA, // 0x3220 (12832) pixels
    0x20C9, 0x38CA, 0x506A, 0x68AB, 0x68CB, 0x50AA, 0x50EA, 0x48C8, 0xF1E8, 0xA067, 0x5888, 0xFFBE, 0xFFFF, 0xFFFF, 0x2F69, 0x27C9, // 0x3230 (12848) pixels
    0x2F89, 0x27A8, 0x17A8, 0x1FA8, 0x2FA9, 0x2769, 0x1F6A, 0x1FAB, 0x6F72, 0x576E, 0x17A8, 0x17E8, 0x27C9, 0x1769, 0x2769, 0x1FA7, // 0x3240 (12864) pixels
    0x4F4F, 0xE7FB, 0xFFFF, 0xFFBF, 0xFFFF, 0xF7FF, 0xFFDF, 0xFFFF, 0xFFFE, 0xC7F9, 0x6FD2, 0x276B, 0x0F47, 0x1FA8, 0x1FC9, 0x1FA9, // 0x3250 (12880) pixels
    0x1FC8, 0x1F89, 0x1F88, 0x1FC9, 0x374B, 0xFFFF, 0xFFFF, 0xF79E, 0x20CA, 0x1889, 0x1889, 0x20C9, 0x20A9, 0x208A, 0x28AB, 0x30CB, // 0x3260 (12896) pixels
    0x290C, 0x310B, 0x412A, 0x390A, 0x40AA, 0x608A, 0x8028, 0x9847, 0xCA24, 0xFC05, 0xD905, 0xA809, 0x8849, 0x7029, 0x40A9, 0x38CC, // 0x3270 (12912) pixels
    0x28CA, 0x30AA, 0x30AA, 0x30CA, 0x310B, 0x312B, 0x310B, 0x30EB, 0x28EA, 0x2089, 0x2068, 0x2089, 0x28CA, 0x28CA, 0x20A9, 0x1868, // 0x3280 (12928) pixels
    0x2089, 0x2089, 0x2089, 0x2089, 0x2089, 0x2089, 0x20A9, 0x20A9, 0x28A9, 0x28C8, 0x50C9, 0x806A, 0x4069, 0x1088, 0x286A, 0x18EA, // 0x3290 (12944) pixels
    0x28CA, 0x28EA, 0x28CA, 0x20A9, 0x1868, 0x1868, 0x2089, 0x28CA, 0x288A, 0x20AA, 0x20A9, 0x390A, 0x510C, 0x58CB, 0x50EB, 0x48AA, // 0x32A0 (12960) pixels
    0xD988, 0x8828, 0x48A9, 0xFFFF, 0xFFDF, 0xF7FF, 0x2769, 0x27A8, 0x1F6A, 0x27AA, 0x1FC9, 0x17C8, 0x1788, 0x272A, 0x5F4F, 0x97F5, // 0x32B0 (12976) pixels
    0xE7FD, 0xAFF6, 0x278B, 0x0FA8, 0x2FA9, 0x1F68, 0x27A9, 0x17C8, 0xAFD7, 0xF7FE, 0xFFBF, 0xEFDF, 0xFFFF, 0xFF9F, 0xFFBE, 0xFFFF, // 0x32C0 (12992) pixels
    0xB7F8, 0x5F50, 0x174A, 0x0FE9, 0x1FC8, 0x2767, 0x1F68, 0x1FCA, 0x1FC8, 0x1FA9, 0x1FA8, 0x1FC9, 0x2F4A, 0xFFFE, 0xF7FF, 0xFFDF, // 0x32D0 (13008) pixels
    0x20AA, 0x1868, 0x1868, 0x20A9, 0x20A9, 0x208A, 0x28AA, 0x288B, 0x30AB, 0x30AA, 0x40EA, 0x50CA, 0x60AB, 0x78AC, 0x986B, 0xB00A, // 0x32E0 (13024) pixels
    0xB0E2, 0xFC64, 0xE163, 0xB807, 0x904A, 0x684A, 0x4089, 0x388A, 0x48AA, 0x488A, 0x508A, 0x48A9, 0x38EA, 0x310A, 0x290B, 0x30EB, // 0x32F0 (13040) pixels
    0x28EA, 0x28CA, 0x2089, 0x2889, 0x28A9, 0x28A9, 0x2089, 0x1868, 0x20A9, 0x20A9, 0x20A9, 0x20A9, 0x2089, 0x2089, 0x2089, 0x2089, // 0x3300 (13056) pixels
    0x30A9, 0x20E8, 0x40C8, 0x908B, 0x688A, 0x1867, 0x2869, 0x18A9, 0x28AA, 0x28CB, 0x30EB, 0x28CB, 0x208A, 0x2069, 0x2089, 0x28AA, // 0x3310 (13072) pixels
    0x28AA, 0x28CA, 0x20CA, 0x210A, 0x292A, 0x310B, 0x48EB, 0x50AB, 0xA8C7, 0x7049, 0x40EB, 0xF7BE, 0xFFDF, 0xFFFF, 0x2F8A, 0x1F88, // 0x3320 (13088) pixels
    0x1F6A, 0x178A, 0x0FA9, 0x17A9, 0x378C, 0x7F92, 0xCFD9, 0xFFFE, 0xFFBF, 0xEFFC, 0x5F90, 0x1769, 0x2788, 0x1F68, 0x278A, 0x47ED, // 0x3330 (13104) pixels
    0xF7FE, 0xFFFF, 0xFFFF, 0xFFFF, 0xFFFF, 0xFFBF, 0xFFFD, 0xBFF8, 0x378C, 0x276A, 0x1F89, 0x1FA8, 0x1F88, 0x2788, 0x2789, 0x1F6A, // 0x3340 (13120) pixels
    0x1FC8, 0x1F88, 0x1F88, 0x1FA8, 0x374B, 0xFFFF, 0xFFFF, 0xFFBE, 0x2089, 0x1848, 0x2068, 0x28A9, 0x28A9, 0x28A9, 0x28CA, 0x28AA, // 0x3350 (13136) pixels
    0x30CB, 0x30CA, 0x30C9, 0x4889, 0x508A, 0x688A, 0x884A, 0xA80A, 0xD0E4, 0xFC46, 0xEA02, 0xC806, 0x982B, 0x688B, 0x50A9, 0x5089, // 0x3360 (13152) pixels
    0x608A, 0x706A, 0x7869, 0x6869, 0x50A9, 0x38C9, 0x30CA, 0x28CB, 0x28EA, 0x30EA, 0x30EA, 0x30CA, 0x2889, 0x2889, 0x2089, 0x2089, // 0x3370 (13168) pixels
    0x2089, 0x20A9, 0x20A9, 0x20A9, 0x20A9, 0x2089, 0x2089, 0x2089, 0x28C9, 0x28CA, 0x28C9, 0x70CB, 0x908A, 0x5046, 0x2087, 0x2069, // 0x3380 (13184) pixels
    0x2089, 0x28AA, 0x30EB, 0x30EB, 0x310B, 0x30EB, 0x208A, 0x2069, 0x308A, 0x30AA, 0x28AA, 0x20AA, 0x28CA, 0x310A, 0x310B, 0x28EA, // 0x3390 (13200) pixels
    0x8067, 0x688A, 0x38CB, 0xDF3D, 0xFFDF, 0xFFFF, 0x37AC, 0x1F89, 0x27A9, 0x1F69, 0x2F4B, 0x6791, 0xAFF8, 0xEFFD, 0xFFFF, 0xFFDF, // 0x33A0 (13216) pixels
    0xFF9F, 0xFFFF, 0xAFF7, 0x376D, 0x1F88, 0x1F68, 0x374D, 0xAFF7, 0xFFFF, 0xFFFF, 0xF7FE, 0xFFFF, 0xFFFF, 0xEFFE, 0xC7F8, 0x4FCD, // 0x33B0 (13232) pixels
    0x1788, 0x1FA9, 0x27A9, 0x27AA, 0x1FA9, 0x1F89, 0x27AA, 0x27CA, 0x1FC9, 0x1F69, 0x1F89, 0x1F89, 0x3F8D, 0xFFFF, 0xFFFF, 0xEF1D, // 0x33C0 (13248) pixels
    0x2869, 0x2868, 0x2889, 0x2888, 0x2888, 0x28A9, 0x28EA, 0x28CA, 0x30EB, 0x290A, 0x20CA, 0x3069, 0x3869, 0x4869, 0x7069, 0x984A, // 0x33D0 (13264) pixels
    0xE0A4, 0xF306, 0xEA61, 0xE085, 0x980C, 0x588B, 0x68CA, 0x68A9, 0x7869, 0x8849, 0x9849, 0x8849, 0x7068, 0x4889, 0x38AA, 0x30AB, // 0x33E0 (13280) pixels
    0x28CA, 0x30EB, 0x390B, 0x30EB, 0x30CA, 0x30CA, 0x28AA, 0x2089, 0x1888, 0x2089, 0x20A9, 0x28CA, 0x20C9, 0x20A9, 0x2089, 0x2089, // 0x33F0 (13296) pixels
    0x20C8, 0x30CB, 0x28CB, 0x40E9, 0xA0C9, 0x9867, 0x3866, 0x206A, 0x2089, 0x28AA, 0x28CA, 0x30EB, 0x310B, 0x310C, 0x28CB, 0x2089, // 0x3400 (13312) pixels
    0x2888, 0x28AA, 0x30CB, 0x30AB, 0x308A, 0x30AA, 0x28EA, 0x212A, 0x7068, 0x68CC, 0x28AB, 0xCEBB, 0xFFFF, 0xFFFF, 0x47CE, 0x1FAA, // 0x3410 (13328) pixels
    0x17C6, 0x3F6A, 0x8FB3, 0xDFFC, 0xFFFF, 0xFFFF, 0xFFDF, 0xF7DF, 0xFFFF, 0xFFDF, 0xE7FC, 0x4F6F, 0x1FA9, 0x27CA, 0x4F4F, 0xFFFE, // 0x3420 (13344) pixels
    0xFFFF, 0xF7DE, 0xFFFE, 0xF7FE, 0xFFDF, 0xE7FD, 0x4F6F, 0x0F86, 0x2F88, 0x1FA8, 0x1789, 0x178A, 0x276A, 0x276A, 0x1F89, 0x0FA8, // 0x3430 (13360) pixels
    0x1FA9, 0x1F69, 0x27AA, 0x1FA9, 0x47CE, 0xFFDF, 0xFFFF, 0xDE7B, 0x3869, 0x38A9, 0x38C9, 0x30A8, 0x2867, 0x28A8, 0x28EA, 0x28CA, // 0x3440 (13376) pixels
    0x38EB, 0x312C, 0x290B, 0x38AB, 0x388A, 0x4069, 0x6869, 0x986A, 0xE043, 0xE205, 0xF2E1, 0xF926, 0xA02D, 0x508B, 0x70A9, 0x7068, // 0x3450 (13392) pixels
    0x8069, 0x9849, 0xA829, 0xA029, 0x8048, 0x5889, 0x40AA, 0x38AB, 0x28CA, 0x30EB, 0x30EB, 0x38EB, 0x390C, 0x390B, 0x28CA, 0x2069, // 0x3460 (13408) pixels
    0x1868, 0x2089, 0x20A9, 0x28CA, 0x28CA, 0x20A9, 0x2089, 0x2089, 0x18C8, 0x30EC, 0x28CD, 0x20C8, 0x9108, 0xD088, 0x5806, 0x18CA, // 0x3470 (13424) pixels
    0x2069, 0x288A, 0x28AA, 0x28AA, 0x30CB, 0x310B, 0x310B, 0x30EB, 0x1908, 0x20C9, 0x30AB, 0x38AC, 0x30CB, 0x28CA, 0x3889, 0x408A, // 0x3480 (13440) pixels
    0x68AC, 0x488C, 0x286A, 0xB539, 0xFF9F, 0xFFFD, 0x8792, 0x1F8A, 0x1FA9, 0x97F3, 0xFFFC, 0xFFBF, 0xFFDF, 0xFFDF, 0xFFFF, 0xEFFE, // 0x3490 (13456) pixels
    0xFFFF, 0xEFFF, 0xFFFE, 0xCFF8, 0x178B, 0x276B, 0xCFF9, 0xFFFF, 0xFFFF, 0xFFDF, 0xFFBF, 0xFFDF, 0xDFFA, 0x57CD, 0x0FA7, 0x3769, // 0x34A0 (13472) pixels
    0x1F89, 0x1F89, 0x1F89, 0x1F89, 0x1F89, 0x1F89, 0x1F89, 0x1F89, 0x1FA9, 0x2F2B, 0x17A8, 0x1FA7, 0x77D3, 0xFFFF, 0xF7FF, 0xC558, // 0x34B0 (13488) pixels
    0x28CA, 0x6867, 0xA8A9, 0x2048, 0x2868, 0x3067, 0x20CC, 0x20A9, 0x292B, 0x390B, 0x38CA, 0x38AA, 0x488B, 0x4089, 0x6868, 0xC849, // 0x34C0 (13504) pixels
    0xD883, 0xE220, 0xFC03, 0xE9A1, 0xC887, 0x906A, 0x5869, 0x58AA, 0x788C, 0x686B, 0x588A, 0x4889, 0x5889, 0x686A, 0x60AA, 0x48EA, // 0x34D0 (13520) pixels
    0x490C, 0x490C, 0x490C, 0x410C, 0x390B, 0x310B, 0x28EA, 0x28EA, 0x186A, 0x1869, 0x28A9, 0x28C9, 0x28C9, 0x28C9, 0x2089, 0x20CA, // 0x34E0 (13536) pixels
    0x18A8, 0x20C9, 0x28EA, 0x2089, 0x58AA, 0xD0E9, 0xC886, 0x3806, 0x18A9, 0x306A, 0x2889, 0x1909, 0x28A9, 0x386B, 0x390D, 0x294C, // 0x34F0 (13552) pixels
    0x30EC, 0x308B, 0x284A, 0x306A, 0x38CB, 0x390A, 0x38E9, 0x30A8, 0x488A, 0x386B, 0x30CB, 0x7BB3, 0xFFFF, 0xFFFD, 0xA7F5, 0x176A, // 0x3500 (13568) pixels
    0x2F69, 0x274B, 0x4F70, 0xAFD8, 0xF7FD, 0xFFFE, 0xFFFF, 0xFFBF, 0xFFFF, 0xF7FF, 0xFFDF, 0xE7FA, 0x4F8F, 0x5770, 0xE7FB, 0xFFFF, // 0x3510 (13584) pixels
    0xFFFF, 0xFFFF, 0xFFDF, 0xE7FC, 0x6FD2, 0x2F6A, 0x2F89, 0x1F68, 0x1F89, 0x1F89, 0x1F89, 0x1F89, 0x1F89, 0x1F89, 0x1F89, 0x1F89, // 0x3520 (13600) pixels
    0x2768, 0x27AA, 0x1FA8, 0x27A9, 0xA7F6, 0xFFFF, 0xFFFF, 0x8B72, 0x1889, 0x6846, 0xB0A8, 0x3049, 0x30A9, 0x3088, 0x20AC, 0x28A9, // 0x3530 (13616) pixels
    0x28EB, 0x38EB, 0x38EA, 0x40AA, 0x606B, 0x6069, 0x7847, 0xC008, 0xE065, 0xFBC4, 0xFE04, 0xFB62, 0xD804, 0xD00A, 0x984A, 0x5867, // 0x3540 (13632) pixels
    0x4889, 0x48A9, 0x58A9, 0x7849, 0x8829, 0x784A, 0x58AB, 0x48CC, 0x38CB, 0x38CB, 0x38CB, 0x38EB, 0x30EB, 0x310B, 0x310B, 0x310B, // 0x3550 (13648) pixels
    0x2089, 0x1868, 0x2089, 0x20A9, 0x20C9, 0x28EA, 0x20AA, 0x20CA, 0x28AA, 0x20A9, 0x28A9, 0x28CA, 0x3889, 0xA0C8, 0xD929, 0x8827, // 0x3560 (13664) pixels
    0x28C9, 0x20AA, 0x20A9, 0x2109, 0x28EA, 0x388B, 0x38AC, 0x20C9, 0x390C, 0x38EC, 0x30EC, 0x28AB, 0x30AB, 0x38AB, 0x40EB, 0x410B, // 0x3570 (13680) pixels
    0x30CA, 0x30AB, 0x28EB, 0x3A0C, 0xF7FF, 0xFFFE, 0xCFFA, 0x274B, 0x17A8, 0x1FA9, 0x17AA, 0x27AC, 0x6FD2, 0xDFFA, 0xFFDF, 0xFFBF, // 0x3580 (13696) pixels
    0xFFDF, 0xF7DF, 0xFFDF, 0xFFFE, 0xB7D7, 0xB7D7, 0xFFFE, 0xFFFF, 0xF7FF, 0xFFFF, 0xEFFE, 0x87F3, 0x178A, 0x1748, 0x2F6A, 0x1788, // 0x3590 (13712) pixels
    0x1F89, 0x1F89, 0x1F89, 0x1F89, 0x1F89, 0x1F89, 0x1F89, 0x1F89, 0x2F69, 0x17C9, 0x1F88, 0x372B, 0xD7FB, 0xFFFF, 0xFFDF, 0x518C, // 0x35A0 (13728) pixels
    0x188B, 0x80A6, 0xB0C7, 0x4049, 0x30AA, 0x2888, 0x20AB, 0x30EB, 0x28CB, 0x38EB, 0x38EB, 0x588A, 0x884A, 0x8848, 0x9826, 0xD006, // 0x35B0 (13744) pixels
    0xE007, 0xF363, 0xFE21, 0xFCC2, 0xE124, 0xE009, 0xB809, 0x8027, 0x6048, 0x7049, 0x8829, 0x9829, 0x806A, 0x58CA, 0x390C, 0x30ED, // 0x35C0 (13760) pixels
    0x30CA, 0x30CA, 0x30CA, 0x28CA, 0x30EA, 0x30EB, 0x310B, 0x310B, 0x28C9, 0x2088, 0x2088, 0x2088, 0x20A9, 0x28CA, 0x20CA, 0x20CA, // 0x35D0 (13776) pixels
    0x38AB, 0x30CA, 0x30A8, 0x30CB, 0x2089, 0x58A7, 0xC96A, 0xD889, 0x4849, 0x20AA, 0x18AA, 0x30CA, 0x28EA, 0x38CB, 0x50AB, 0x50A9, // 0x35E0 (13792) pixels
    0x40AB, 0x390C, 0x294C, 0x212C, 0x28CB, 0x308B, 0x38AB, 0x38EB, 0x310B, 0x20EB, 0x20AA, 0x2909, 0xE6FE, 0xFFDF, 0xE7FC, 0x5750, // 0x35F0 (13808) pixels
    0x1FA8, 0x27C8, 0x27C8, 0x1787, 0x1F6A, 0x5FD1, 0xBFF9, 0xFFFF, 0xFFBF, 0xFFBF, 0xFFBF, 0xFFFF, 0xFFFE, 0xFFFD, 0xFFFF, 0xF7FF, // 0x3600 (13824) pixels
    0xFFFF, 0xFFFF, 0x9FD6, 0x27AB, 0x17C8, 0x1F89, 0x1F69, 0x27AA, 0x1F89, 0x1F89, 0x1F89, 0x1F89, 0x1F89, 0x1F89, 0x1F89, 0x1F89, // 0x3610 (13840) pixels
    0x2789, 0x17C8, 0x17A9, 0x5EEF, 0xF7FE, 0xF7FF, 0xEEBE, 0x30EB, 0x206A, 0x90C5, 0xA8C6, 0x4049, 0x288B, 0x2888, 0x20AA, 0x30EB, // 0x3620 (13856) pixels
    0x30EC, 0x410C, 0x40EB, 0x6869, 0xA80A, 0xB028, 0xB826, 0xE006, 0xF007, 0xF323, 0xFE60, 0xF622, 0xFB86, 0xE044, 0xC807, 0xB089, // 0x3630 (13872) pixels
    0xB809, 0xB809, 0xA029, 0x708A, 0x48EA, 0x312B, 0x292C, 0x212C, 0x290B, 0x28EB, 0x28EA, 0x28EA, 0x28CA, 0x30EA, 0x30EB, 0x310B, // 0x3640 (13888) pixels
    0x310A, 0x28C9, 0x2088, 0x1888, 0x2089, 0x20A9, 0x20AA, 0x208A, 0x308B, 0x312B, 0x30C9, 0x308A, 0x28CB, 0x30A8, 0x90E8, 0xF909, // 0x3650 (13904) pixels
    0x9008, 0x586A, 0x30AB, 0x30CB, 0x30A9, 0x38AA, 0x60AA, 0x788A, 0x606A, 0x48CA, 0x314B, 0x296C, 0x312C, 0x38CB, 0x30CB, 0x28CA, // 0x3660 (13920) pixels
    0x30CA, 0x18CA, 0x20AA, 0x3047, 0xAC55, 0xFFBF, 0xF7FE, 0xA7B6, 0x2768, 0x1787, 0x27A8, 0x2F88, 0x1789, 0x078A, 0x3F8F, 0xAFF5, // 0x3670 (13936) pixels
    0xFFFE, 0xFFFF, 0xFFFF, 0xFFDF, 0xFFFF, 0xFFFF, 0xFFFF, 0xFFFF, 0xFFFF, 0xC7D8, 0x476D, 0x0788, 0x27E9, 0x2FC8, 0x1768, 0x2F8B, // 0x3680 (13952) pixels
    0x1F89, 0x1F89, 0x1F89, 0x1F89, 0x1F89, 0x1F89, 0x1F89, 0x1F89, 0x17C9, 0x27C9, 0x0FAB, 0xA796, 0xF7FF, 0xFFFF, 0xA436, 0x18EB, // 0x3690 (13968) pixels
    0x2808, 0xA0C4, 0x98C6, 0x404A, 0x28AB, 0x2889, 0x2869, 0x208A, 0x30EC, 0x410C, 0x40CA, 0x7849, 0xC009, 0xC807, 0xC826, 0xE826, // 0x36A0 (13984) pixels
    0xD883, 0xFC23, 0xF680, 0xE680, 0xFDA4, 0xEAA2, 0xE0A4, 0xD807, 0xE009, 0xB049, 0x68CA, 0x392B, 0x310C, 0x40AB, 0x38CB, 0x20EA, // 0x36B0 (14000) pixels
    0x20EA, 0x28EA, 0x28EA, 0x28EA, 0x28CA, 0x28CA, 0x30EA, 0x30EB, 0x392B, 0x30EA, 0x20A9, 0x1888, 0x2089, 0x2889, 0x3089, 0x3069, // 0x36C0 (14016) pixels
    0x20AB, 0x292B, 0x310A, 0x3889, 0x38CB, 0x28CA, 0x5066, 0xD147, 0xD027, 0x9029, 0x488B, 0x30CA, 0x30A9, 0x30C9, 0x50CA, 0x886A, // 0x36D0 (14032) pixels
    0x886A, 0x68A9, 0x40E9, 0x310A, 0x390A, 0x40EB, 0x390A, 0x290A, 0x30A9, 0x2089, 0x28CA, 0x3007, 0x79CD, 0xFF7F, 0xF7FF, 0xE7FC, // 0x36E0 (14048) pixels
    0x378B, 0x2769, 0x27C9, 0x1FA9, 0x1789, 0x17AA, 0x1F69, 0x2F6A, 0xA7B6, 0xE7FB, 0xFFFE, 0xFFDF, 0xF7FF, 0xEFFF, 0xFFFF, 0xFFFF, // 0x36F0 (14064) pixels
    0xE7FB, 0x5F6F, 0x1768, 0x1FA9, 0x1FA9, 0x2788, 0x2F68, 0x176A, 0x1F89, 0x1F89, 0x1F89, 0x1F89, 0x1F89, 0x1F89, 0x1F89, 0x1F89, // 0x3700 (14080) pixels
    0x17C8, 0x2F89, 0x372E, 0xE7FD, 0xF7FF, 0xFFBF, 0x59AE, 0x10AA, 0x58A8, 0xC126, 0x88E8, 0x386B, 0x20AA, 0x2889, 0x3069, 0x286B, // 0x3710 (14096) pixels
    0x30CB, 0x38CB, 0x48AA, 0x8049, 0xC809, 0xD006, 0xC025, 0xE806, 0xDA83, 0xFDA5, 0xFEA0, 0xFEC0, 0xFE23, 0xFC85, 0xF163, 0xF806, // 0x3720 (14112) pixels
    0xA028, 0x68A8, 0x392A, 0x310C, 0x40CD, 0x40CC, 0x38AA, 0x3088, 0x20A9, 0x20AA, 0x28CA, 0x28CA, 0x28CA, 0x28CA, 0x30CA, 0x30EB, // 0x3730 (14128) pixels
    0x310A, 0x310A, 0x20A9, 0x2089, 0x2889, 0x3069, 0x4089, 0x4069, 0x18CA, 0x18A9, 0x312A, 0x38CA, 0x48AA, 0x38CC, 0x4088, 0x9926, // 0x3740 (14144) pixels
    0xF906, 0xB027, 0x606A, 0x30CA, 0x38C9, 0x38E9, 0x40C9, 0x6069, 0x90AB, 0x78CB, 0x58EA, 0x510B, 0x50EB, 0x510B, 0x494B, 0x416B, // 0x3750 (14160) pixels
    0x20E9, 0x308A, 0x28AA, 0x3047, 0x58C9, 0xC4F8, 0xF7FF, 0xFFFF, 0x8FF3, 0x2F2B, 0x07A9, 0x1FC9, 0x2789, 0x27A9, 0x17A9, 0x1FA9, // 0x3760 (14176) pixels
    0x3F6C, 0x87F2, 0xE7FB, 0xFFDF, 0xF7FF, 0xF7FF, 0xFFFF, 0xF7FD, 0x7FF2, 0x274A, 0x1F88, 0x2FC9, 0x1F89, 0x1F89, 0x2789, 0x17A8, // 0x3770 (14192) pixels
    0x1F89, 0x1F89, 0x1F89, 0x1F89, 0x1F89, 0x1F89, 0x1F89, 0x1F89, 0x17C8, 0x2F6B, 0x9755, 0xF7FF, 0xFFFE, 0xD539, 0x386A, 0x18A9, // 0x3780 (14208) pixels
    0x9148, 0xD947, 0x68C9, 0x288B, 0x10C9, 0x3089, 0x408A, 0x30CC, 0x30CA, 0x40AA, 0x508A, 0x8869, 0xC828, 0xC006, 0xB805, 0xE006, // 0x3790 (14224) pixels
    0xE9C4, 0xF4C3, 0xF680, 0xFDC2, 0xFB42, 0xEA05, 0xB0A4, 0x9068, 0x50A9, 0x40C9, 0x38EA, 0x38EB, 0x30EB, 0x290B, 0x28EA, 0x30A9, // 0x37A0 (14240) pixels
    0x28AA, 0x28CA, 0x30EA, 0x30CA, 0x28CA, 0x28CA, 0x28CA, 0x30CA, 0x28CA, 0x310B, 0x28CA, 0x28AA, 0x308A, 0x3869, 0x5089, 0x5868, // 0x37B0 (14256) pixels
    0x28A9, 0x3849, 0x30AA, 0x30C9, 0x40A9, 0x40AC, 0x488B, 0x88C6, 0xFA45, 0xC8E6, 0x8869, 0x588A, 0x48AA, 0x48A9, 0x4068, 0x3888, // 0x37C0 (14272) pixels
    0x5089, 0x4889, 0x408A, 0x388A, 0x3089, 0x3089, 0x30A9, 0x28A9, 0x08C8, 0x38AB, 0x2049, 0x30C9, 0x4848, 0x61CC, 0xEFDF, 0xFFFF, // 0x37D0 (14288) pixels
    0xE7FB, 0x572E, 0x1789, 0x1FC9, 0x2767, 0x1FA9, 0x1FA9, 0x2749, 0x0F88, 0x2F8C, 0xA7D5, 0xFFFE, 0xFFDF, 0xFFDF, 0xFFDE, 0xD7DA, // 0x37E0 (14304) pixels
    0x17EA, 0x2769, 0x2789, 0x1FC8, 0x27AA, 0x1FAC, 0x0FA9, 0x27E7, 0x1F89, 0x1F89, 0x1F89, 0x1F89, 0x1F89, 0x1F89, 0x1F89, 0x1F89, // 0x37F0 (14320) pixels
    0x2788, 0x378C, 0xFFFD, 0xFFFF, 0xFF9D, 0x8A0E, 0x300A, 0x20A9, 0x9926, 0xD0C5, 0x4869, 0x188B, 0x10E8, 0x3869, 0x488A, 0x38EC, // 0x3800 (14336) pixels
    0x310B, 0x48AB, 0x588A, 0x8869, 0xC048, 0xB805, 0xB005, 0xE827, 0xE005, 0xD2A1, 0xFD43, 0xFBA3, 0xE084, 0xB007, 0x708A, 0x30CB, // 0x3810 (14352) pixels
    0x310C, 0x390C, 0x310A, 0x2929, 0x2109, 0x28C9, 0x30CA, 0x28EB, 0x390B, 0x390B, 0x390B, 0x30EB, 0x30CA, 0x28AA, 0x28AA, 0x28AA, // 0x3820 (14368) pixels
    0x28CA, 0x310C, 0x28EB, 0x28CB, 0x308A, 0x4068, 0x5889, 0x6068, 0x3888, 0x586A, 0x384A, 0x20C8, 0x4109, 0x408C, 0x508C, 0x8887, // 0x3830 (14384) pixels
    0xFAE3, 0xD165, 0xA869, 0x804B, 0x606A, 0x604A, 0x5849, 0x394A, 0x210A, 0x20EA, 0x20AA, 0x208A, 0x208A, 0x18AA, 0x1889, 0x1888, // 0x3840 (14400) pixels
    0x388A, 0x288A, 0x20CA, 0x30EB, 0x3069, 0x38A9, 0x8413, 0xEFFF, 0xFFBF, 0xA7F7, 0x378B, 0x1768, 0x1FC9, 0x1FC8, 0x1F48, 0x2F6B, // 0x3850 (14416) pixels
    0x1F89, 0x37A8, 0x1FA8, 0x97F4, 0xFFDF, 0xFF9F, 0xE7FB, 0x3FAE, 0x1F89, 0x1F89, 0x1F89, 0x1F89, 0x1F89, 0x1F89, 0x1F89, 0x1F89, // 0x3860 (14432) pixels
    0x1F87, 0x1FC9, 0x1F8A, 0x1F89, 0x27C9, 0x1FC8, 0x1F87, 0x2F89, 0x1F6C, 0xBFDA, 0xF7FF, 0xFFFE, 0xFC53, 0x98A9, 0x3807, 0x3069, // 0x3870 (14448) pixels
    0xA008, 0x7028, 0x40CA, 0x20EB, 0x28CB, 0x386A, 0x58AC, 0x588D, 0x604A, 0x508A, 0x58AA, 0x806A, 0xA88B, 0xB0A9, 0xB846, 0xE826, // 0x3880 (14464) pixels
    0xD3A0, 0xFC83, 0xFB46, 0xD0C6, 0xB009, 0x800C, 0x488B, 0x294B, 0x30CA, 0x30CA, 0x30CA, 0x30CA, 0x30CA, 0x30CA, 0x30EA, 0x30EA, // 0x3890 (14480) pixels
    0x390B, 0x38EB, 0x38EB, 0x390B, 0x390B, 0x310B, 0x30CA, 0x28AA, 0x18CA, 0x28AA, 0x30AA, 0x38CB, 0x30EB, 0x20EB, 0x20EB, 0x28EB, // 0x38A0 (14496) pixels
    0x7009, 0x786A, 0x608B, 0x406A, 0x38CB, 0x50EC, 0x786B, 0x980A, 0xEB24, 0xF245, 0xC846, 0xB849, 0x9885, 0x7865, 0x60AB, 0x38CC, // 0x38B0 (14512) pixels
    0x28AA, 0x20A9, 0x20A9, 0x20A9, 0x20A9, 0x20A9, 0x1888, 0x1868, 0x390B, 0x30CA, 0x2889, 0x2889, 0x38CA, 0x1805, 0x3909, 0xDE7D, // 0x38C0 (14528) pixels
    0xFFFF, 0xF7FE, 0x7F52, 0x2FEB, 0x17A7, 0x1FC9, 0x1FAA, 0x278A, 0x1F89, 0x07A7, 0x1FA9, 0x3F6E, 0xA7D8, 0xEFFD, 0x8FD4, 0x274A, // 0x38D0 (14544) pixels
    0x1F89, 0x1F89, 0x1F89, 0x1F89, 0x1F89, 0x1F89, 0x1F89, 0x1F89, 0x1FCA, 0x1F29, 0x276A, 0x1FCA, 0x1788, 0x2788, 0x27AA, 0x0F8A, // 0x38E0 (14560) pixels
    0x87D3, 0xEFFE, 0xFFFF, 0xFE3A, 0xC8C8, 0xB88A, 0x4848, 0x3069, 0x9049, 0x6049, 0x38AA, 0x20A9, 0x28A9, 0x4069, 0x608A, 0x604A, // 0x38F0 (14576) pixels
    0x584B, 0x688A, 0x6889, 0x5889, 0x708A, 0xB807, 0xD842, 0xEAE3, 0xFCE7, 0xFBA6, 0xD984, 0xA845, 0x904A, 0x606C, 0x408B, 0x38EB, // 0x3900 (14592) pixels
    0x390B, 0x390B, 0x390B, 0x390B, 0x30EB, 0x30EA, 0x28A9, 0x2889, 0x30CA, 0x30CA, 0x30CB, 0x30EB, 0x390B, 0x392B, 0x310B, 0x30EB, // 0x3910 (14608) pixels
    0x18CA, 0x20AA, 0x30AA, 0x30EB, 0x310B, 0x30EA, 0x30AA, 0x388A, 0x4889, 0x508A, 0x4869, 0x3869, 0x38AA, 0x488A, 0x6849, 0x8829, // 0x3920 (14624) pixels
    0xC262, 0xFC28, 0xD9A5, 0xC806, 0xC08A, 0x80A9, 0x48AB, 0x28AB, 0x28AA, 0x20A9, 0x20A9, 0x2089, 0x2089, 0x1888, 0x1888, 0x1888, // 0x3930 (14640) pixels
    0x2888, 0x28A9, 0x28AB, 0x18AA, 0x1089, 0x3888, 0x88EA, 0xD1AC, 0xFF7E, 0xFFBF, 0xE7FE, 0x6770, 0x1F68, 0x17A8, 0x27C9, 0x0F47, // 0x3940 (14656) pixels
    0x37AA, 0x0FA8, 0x2FEB, 0x0F4A, 0x478F, 0x8FF3, 0x378B, 0x1788, 0x1F89, 0x1F89, 0x1F89, 0x1F89, 0x1F89, 0x1F89, 0x1F89, 0x1F89, // 0x3950 (14672) pixels
    0x276A, 0x2F6B, 0x278A, 0x27CA, 0x1FE9, 0x1768, 0x2F4B, 0x5FD1, 0xEFFB, 0xFFDF, 0xFF1F, 0xB9AB, 0xE807, 0xC069, 0x4868, 0x38A9, // 0x3960 (14688) pixels
    0x7829, 0x5869, 0x30CA, 0x20C9, 0x30C9, 0x5089, 0x608A, 0x6869, 0x608C, 0x586B, 0x68CB, 0x808A, 0xA847, 0xD926, 0xF2E4, 0xFC64, // 0x3970 (14704) pixels
    0xF245, 0xC0E3, 0x9824, 0x8069, 0x68CB, 0x48CB, 0x40CB, 0x48EC, 0x392B, 0x392B, 0x392B, 0x392C, 0x392C, 0x390B, 0x30EA, 0x28CA, // 0x3980 (14720) pixels
    0x28AA, 0x30CA, 0x30EB, 0x30EB, 0x390B, 0x390B, 0x390B, 0x390B, 0x28EB, 0x28AA, 0x30AA, 0x30CA, 0x38EB, 0x40CA, 0x508A, 0x604A, // 0x3990 (14736) pixels
    0x30EA, 0x38AA, 0x4089, 0x4089, 0x38CA, 0x40CA, 0x58AA, 0x70AA, 0x90A2, 0xE427, 0xEB64, 0xD084, 0xB84A, 0x68CB, 0x310B, 0x28AA, // 0x39A0 (14752) pixels
    0x28AA, 0x20A9, 0x2089, 0x1868, 0x1868, 0x1888, 0x1888, 0x1888, 0x306A, 0x18CA, 0x08C9, 0x28C9, 0x7089, 0xB049, 0xD088, 0xC005, // 0x39B0 (14768) pixels
    0x9AD2, 0xFFBF, 0xF7FF, 0xDFFC, 0x7FB2, 0x2F69, 0x0F66, 0x1FEA, 0x2F68, 0x2F89, 0x27AA, 0x1F49, 0x2749, 0x2FAA, 0x1F88, 0x17E8, // 0x39C0 (14784) pixels
    0x1F89, 0x1F89, 0x1F89, 0x1F89, 0x1F89, 0x1F89, 0x1F89, 0x1F89, 0x2F49, 0x2F8A, 0x2769, 0x1788, 0x0FC8, 0x1F6A, 0x7772, 0xEFFC, // 0x39D0 (14800) pixels
    0xF7FF, 0xFF5F, 0x9A90, 0xB8A9, 0xE806, 0xC0CA, 0x5088, 0x3868, 0x702A, 0x506A, 0x30CA, 0x20A9, 0x3089, 0x4069, 0x508A, 0x5089, // 0x39E0 (14816) pixels
    0x6069, 0x686B, 0x806B, 0xB026, 0xE142, 0xFC06, 0xF427, 0xD963, 0xA824, 0x8826, 0x688A, 0x58EC, 0x48EB, 0x40CA, 0x38EB, 0x38EC, // 0x39F0 (14832) pixels
    0x390B, 0x30EB, 0x30EB, 0x30EB, 0x390B, 0x392B, 0x310B, 0x310B, 0x28CA, 0x30EA, 0x30EB, 0x30EB, 0x30EB, 0x30EB, 0x38EB, 0x390B, // 0x3A00 (14848) pixels
    0x410C, 0x38CB, 0x30AA, 0x30AA, 0x38CA, 0x50CA, 0x706A, 0x882A, 0x48AA, 0x58AA, 0x6089, 0x5869, 0x488A, 0x40AB, 0x50AB, 0x588B, // 0x3A10 (14864) pixels
    0x800A, 0xBA84, 0xFCE6, 0xEAA6, 0x8887, 0x40EA, 0x212A, 0x28A9, 0x20A9, 0x2089, 0x1868, 0x1868, 0x1868, 0x1868, 0x1888, 0x1888, // 0x3A20 (14880) pixels
    0x208C, 0x2869, 0x5887, 0xA086, 0xE088, 0xD827, 0x9806, 0x80EA, 0x484A, 0x8331, 0xEFDF, 0xF7FF, 0xF7FD, 0x7F31, 0x274A, 0x17A9, // 0x3A30 (14896) pixels
    0x0FC7, 0x27A8, 0x17A9, 0x2F69, 0x2F48, 0x17C8, 0x2FA9, 0x0FA9, 0x1F89, 0x1F89, 0x1F89, 0x1F89, 0x1F89, 0x1F89, 0x1F89, 0x1F89, // 0x3A40 (14912) pixels
    0x17C7, 0x1747, 0x27C9, 0x1FEA, 0x274A, 0x7F91, 0xE7FC, 0xFFDF, 0xE7DF, 0x8332, 0x78CB, 0xB868, 0xE006, 0xB868, 0x6068, 0x3026, // 0x3A50 (14928) pixels
    0x806A, 0x608A, 0x3089, 0x20AA, 0x308B, 0x408C, 0x50AC, 0x50EC, 0x7848, 0x9008, 0xB005, 0xD9C3, 0xF444, 0xF3A4, 0xD905, 0xB008, // 0x3A60 (14944) pixels
    0x7889, 0x68AB, 0x48CD, 0x38CC, 0x390B, 0x392B, 0x390B, 0x28CB, 0x30EB, 0x30CA, 0x28AA, 0x28AA, 0x28CA, 0x28CA, 0x28CA, 0x28CA, // 0x3A70 (14960) pixels
    0x28CA, 0x30EB, 0x30EB, 0x30EB, 0x30CA, 0x30CA, 0x30CB, 0x38EB, 0x412B, 0x38EB, 0x28CA, 0x20CA, 0x30CA, 0x50CA, 0x708A, 0x902A, // 0x3A80 (14976) pixels
    0x7029, 0x8029, 0x9049, 0x8849, 0x704B, 0x704C, 0x784C, 0x802B, 0x8009, 0xA8A0, 0xFBA4, 0xD2A6, 0x5887, 0x30AA, 0x2909, 0x20A9, // 0x3A90 (14992) pixels
    0x2089, 0x2088, 0x1868, 0x1868, 0x1868, 0x1868, 0x1867, 0x1067, 0x4868, 0x8069, 0xB889, 0xD088, 0xB087, 0x80C9, 0x58EB, 0x408B, // 0x3AA0 (15008) pixels
    0x308A, 0x40EB, 0x6AF0, 0xE73E, 0xFFFF, 0xF7FE, 0xA7F7, 0x2F4B, 0x17EA, 0x0788, 0x0FA9, 0x27A9, 0x2788, 0x1FC8, 0x1FA9, 0x1F6A, // 0x3AB0 (15024) pixels
    0x1F89, 0x1F89, 0x1F89, 0x1F89, 0x1F89, 0x1F89, 0x1F89, 0x1F89, 0x17C8, 0x17EA, 0x176A, 0x3EEB, 0x9FB3, 0xF7FC, 0xFFFF, 0xDF3F, // 0x3AC0 (15040) pixels
    0x7351, 0x38CA, 0x6029, 0xB848, 0xE848, 0xC069, 0x708A, 0x40A9, 0x886A, 0x608A, 0x3869, 0x30AB, 0x40AC, 0x58AC, 0x608B, 0x60AA, // 0x3AD0 (15056) pixels
    0xA047, 0xC146, 0xEAA4, 0xFBE5, 0xFB46, 0xC0E4, 0x9807, 0x884D, 0x38CB, 0x40CC, 0x38AC, 0x38ED, 0x394C, 0x312B, 0x28EA, 0x30CA, // 0x3AE0 (15072) pixels
    0x30CA, 0x28CA, 0x28CA, 0x28CA, 0x28CA, 0x28CA, 0x28CA, 0x28A9, 0x28CA, 0x28CA, 0x28CA, 0x28CA, 0x30AA, 0x30AA, 0x30CA, 0x38CB, // 0x3AF0 (15088) pixels
    0x310A, 0x310B, 0x28EB, 0x20EA, 0x20EA, 0x38CA, 0x608A, 0x7849, 0x9829, 0xA808, 0xC007, 0xC008, 0xA808, 0xA008, 0xB008, 0xC007, // 0x3B00 (15104) pixels
    0xA8E5, 0xD903, 0xE162, 0x90E6, 0x486B, 0x388C, 0x30CA, 0x18CA, 0x2088, 0x2068, 0x1868, 0x1868, 0x1888, 0x1888, 0x1867, 0x1067, // 0x3B10 (15120) pixels
    0xA869, 0xB12C, 0x88AA, 0x70CB, 0x58CB, 0x388A, 0x390B, 0x28A9, 0x3109, 0x20C9, 0x28A9, 0x4A0C, 0xD6BD, 0xFFDF, 0xF7DD, 0xC7FA, // 0x3B20 (15136) pixels
    0x7772, 0x374E, 0x276B, 0x1F89, 0x1F88, 0x1F89, 0x1788, 0x2FAA, 0x1F89, 0x1F89, 0x1F89, 0x1F89, 0x1F89, 0x1F89, 0x1F89, 0x1F89, // 0x3B30 (15152) pixels
    0x376B, 0x2ECB, 0x7792, 0xD7FA, 0xFFFD, 0xFFFF, 0xC63C, 0x5AB1, 0x40A9, 0x40EC, 0x78CB, 0xC807, 0xD827, 0xA0EA, 0x4006, 0x58AB, // 0x3B40 (15168) pixels
    0x806A, 0x608A, 0x3869, 0x40AA, 0x584A, 0x7829, 0x8826, 0xA0A6, 0xC9E3, 0xFBE7, 0xFC67, 0xE244, 0xB804, 0x8809, 0x610D, 0x488A, // 0x3B50 (15184) pixels
    0x390D, 0x410C, 0x410C, 0x410C, 0x310C, 0x20CA, 0x20A9, 0x30C9, 0x28AA, 0x28CA, 0x28CA, 0x28CA, 0x28CA, 0x28CA, 0x28CA, 0x28CA, // 0x3B60 (15200) pixels
    0x20A9, 0x28AA, 0x28AA, 0x28AA, 0x28AA, 0x30AA, 0x30AA, 0x38CA, 0x38E9, 0x40EB, 0x38EB, 0x28EB, 0x28CB, 0x38CB, 0x50AA, 0x686A, // 0x3B70 (15216) pixels
    0xA089, 0xB847, 0xD847, 0xE006, 0xC805, 0xC064, 0xC923, 0xD982, 0xFAA7, 0xF209, 0xB0E7, 0x58A9, 0x40CE, 0x40CC, 0x30A8, 0x18AA, // 0x3B80 (15232) pixels
    0x2088, 0x2068, 0x1868, 0x1868, 0x1888, 0x1888, 0x1867, 0x1067, 0x984A, 0x708A, 0x48CB, 0x30EC, 0x38EC, 0x38CB, 0x30CA, 0x20E9, // 0x3B90 (15248) pixels
    0x2909, 0x2909, 0x290A, 0x208A, 0x3109, 0x8C92, 0xFFFF, 0xFF7F, 0xFFFE, 0xBFF9, 0x67F1, 0x378A, 0x2789, 0x1FA9, 0x1FA9, 0x2788, // 0x3BA0 (15264) pixels
    0x1F89, 0x1F89, 0x1F89, 0x1F89, 0x1F89, 0x1F89, 0x1F89, 0x1F89, 0x6FF1, 0xC7F9, 0xFFFD, 0xFFDF, 0xEFBF, 0x8C95, 0x392A, 0x406B, // 0x3BB0 (15280) pixels
    0x48AA, 0x410C, 0x786B, 0xE029, 0xC846, 0x5065, 0x410B, 0x604B, 0x706A, 0x60AA, 0x4089, 0x50AA, 0x6849, 0xA048, 0xD0C7, 0xFA09, // 0x3BC0 (15296) pixels
    0xF5A3, 0xFC23, 0xE142, 0xB004, 0x7089, 0x48CB, 0x40EC, 0x392B, 0x48AD, 0x40EB, 0x390A, 0x30E9, 0x30AB, 0x30AB, 0x30CA, 0x28C8, // 0x3BD0 (15312) pixels
    0x28A9, 0x28A9, 0x28A9, 0x2089, 0x2089, 0x2089, 0x2089, 0x20A9, 0x20A9, 0x20A9, 0x2089, 0x2889, 0x2889, 0x30AA, 0x30AA, 0x30AA, // 0x3BE0 (15328) pixels
    0x50CA, 0x50EB, 0x48CC, 0x38AC, 0x308B, 0x40AB, 0x58AB, 0x688B, 0x8847, 0xB867, 0xE886, 0xF065, 0xE0C4, 0xE265, 0xF405, 0xFCA3, // 0x3BF0 (15344) pixels
    0xF143, 0xA825, 0x6049, 0x30EB, 0x18EB, 0x3129, 0x28A6, 0x208A, 0x2088, 0x2088, 0x1868, 0x1868, 0x1888, 0x1888, 0x1867, 0x1887, // 0x3C00 (15360) pixels
    0x310B, 0x30EB, 0x30EB, 0x28EA, 0x28EA, 0x28EA, 0x28EA, 0x28EA, 0x28EB, 0x20AA, 0x20AA, 0x20C9, 0x20C9, 0x1867, 0x41AC, 0xACF9, // 0x3C10 (15376) pixels
    0xFFBF, 0xFFDF, 0xFFFF, 0xE7FC, 0xBFF9, 0x8FD4, 0x5FB0, 0x3F6D, 0x2FA9, 0x2788, 0x27A9, 0x37CB, 0x57AE, 0x8792, 0xBFD8, 0xEFFD, // 0x3C20 (15392) pixels
    0xFFFF, 0xFFFF, 0xF79F, 0xB558, 0x520D, 0x20A8, 0x28CA, 0x390C, 0x38EF, 0x60CA, 0xA8C7, 0xD087, 0x80A7, 0x30C8, 0x586A, 0x688B, // 0x3C30 (15408) pixels
    0x786A, 0x786B, 0x7008, 0x9048, 0xB026, 0xE146, 0xFBA6, 0xFD42, 0xFA03, 0xD084, 0x9048, 0x60AB, 0x410B, 0x490B, 0x48CC, 0x40AD, // 0x3C40 (15424) pixels
    0x28EB, 0x28EB, 0x28EA, 0x28CA, 0x28CA, 0x28CA, 0x28CA, 0x20C9, 0x28AA, 0x2889, 0x2889, 0x18C9, 0x18A8, 0x28A9, 0x28A8, 0x1888, // 0x3C50 (15440) pixels
    0x20E8, 0x30C9, 0x20C9, 0x18A9, 0x20A9, 0x2889, 0x3889, 0x586A, 0x7847, 0x6088, 0x48CA, 0x390C, 0x290B, 0x28CA, 0x50AA, 0x788B, // 0x3C60 (15456) pixels
    0xA849, 0xE0E6, 0xFAE5, 0xF2E3, 0xEB61, 0xFD62, 0xF442, 0xE165, 0xA06A, 0x7889, 0x48C9, 0x292A, 0x212A, 0x290A, 0x28AA, 0x308A, // 0x3C70 (15472) pixels
    0x2089, 0x2088, 0x2068, 0x1868, 0x2068, 0x2068, 0x1868, 0x1868, 0x30EB, 0x30EB, 0x30EB, 0x28EA, 0x28EA, 0x28EA, 0x28CA, 0x28CA, // 0x3C80 (15488) pixels
    0x28CA, 0x20A9, 0x20A9, 0x2089, 0x2089, 0x1888, 0x1867, 0x28EA, 0x422B, 0x8C54, 0xE6BE, 0xFFBF, 0xFFDF, 0xFFBF, 0xFFDE, 0xFFFE, // 0x3C90 (15504) pixels
    0xFFDF, 0xFFFF, 0xFFFF, 0xFFFF, 0xFFFF, 0xFFFF, 0xFFFF, 0xFFDF, 0xDEBD, 0x9495, 0x4A0C, 0x28C8, 0x2089, 0x30CB, 0x30CB, 0x30AB, // 0x3CA0 (15520) pixels
    0x38EA, 0x7888, 0xC868, 0xC048, 0x6889, 0x40AA, 0x706A, 0x7868, 0x9049, 0x9807, 0xB067, 0xC925, 0xDAC3, 0xFD05, 0xFC03, 0xFA02, // 0x3CB0 (15536) pixels
    0xC887, 0x9807, 0x684B, 0x48CC, 0x40CB, 0x40EA, 0x38EA, 0x292B, 0x28EA, 0x28CA, 0x20CA, 0x20A9, 0x2089, 0x1889, 0x1868, 0x1868, // 0x3CC0 (15552) pixels
    0x18CA, 0x20AA, 0x28A9, 0x2089, 0x2868, 0x4069, 0x4869, 0x4028, 0x30AA, 0x40AB, 0x30AB, 0x20CA, 0x28CB, 0x28AA, 0x30AB, 0x508B, // 0x3CD0 (15568) pixels
    0x8869, 0x7069, 0x608A, 0x50AC, 0x48AC, 0x488A, 0x6049, 0x8029, 0xA867, 0xE066, 0xE282, 0xEDC0, 0xFEA1, 0xFC60, 0xE982, 0xE007, // 0x3CE0 (15584) pixels
    0x906A, 0x706A, 0x48A9, 0x30EA, 0x20EA, 0x20CA, 0x2089, 0x2089, 0x2089, 0x2088, 0x2068, 0x2068, 0x2068, 0x2068, 0x2068, 0x1868, // 0x3CF0 (15600) pixels
    0x28CA, 0x28EA, 0x28EA, 0x28CA, 0x28CA, 0x28CA, 0x28A9, 0x20A9, 0x20A9, 0x28C9, 0x28EA, 0x2089, 0x1047, 0x1888, 0x20C9, 0x20A9, // 0x3D00 (15616) pixels
    0x28CA, 0x28CA, 0x310A, 0x4A0D, 0x7BD1, 0xB576, 0xD6BA, 0xE73B, 0xF7BF, 0xFFDF, 0xFFBF, 0xEF1E, 0xD65C, 0xACF7, 0x7B71, 0x4A0C, // 0x3D10 (15632) pixels
    0x312A, 0x28C9, 0x20A9, 0x28CA, 0x30EB, 0x30CA, 0x30AB, 0x38EC, 0x60C7, 0x9887, 0xE048, 0xA848, 0x5049, 0x684B, 0x9009, 0x9066, // 0x3D20 (15648) pixels
    0xA828, 0xC867, 0xF187, 0xF325, 0xECC3, 0xFD64, 0xEA63, 0xE004, 0x980B, 0x702B, 0x58CC, 0x48CC, 0x48CC, 0x40EB, 0x30EA, 0x290B, // 0x3D30 (15664) pixels
    0x28CA, 0x28CA, 0x28AA, 0x20A9, 0x2089, 0x2089, 0x20A9, 0x20A9, 0x10A9, 0x20A9, 0x28A9, 0x2089, 0x3068, 0x508A, 0x608B, 0x5849, // 0x3D40 (15680) pixels
    0x5069, 0x5869, 0x388A, 0x20C9, 0x18C9, 0x18C9, 0x28A9, 0x4889, 0x60AA, 0x50AA, 0x50AB, 0x50CC, 0x48CC, 0x40CB, 0x50AA, 0x708A, // 0x3D50 (15696) pixels
    0xC067, 0xE103, 0xF442, 0xFE43, 0xF3E3, 0xE903, 0xF026, 0xE008, 0x78AC, 0x60AB, 0x48AA, 0x30CA, 0x28AA, 0x28A9, 0x20A9, 0x20C9, // 0x3D60 (15712) pixels
    0x2088, 0x2088, 0x2088, 0x2088, 0x2068, 0x2068, 0x2088, 0x2088, 0x28EB, 0x28EA, 0x28EA, 0x28CA, 0x28CA, 0x28CA, 0x28A9, 0x20A9, // 0x3D70 (15728) pixels
    0x20C9, 0x2088, 0x1888, 0x20A9, 0x2089, 0x2089, 0x28CA, 0x28EB, 0x28CA, 0x28CB, 0x20EB, 0x20CB, 0x18AA, 0x1889, 0x2089, 0x2889, // 0x3D80 (15744) pixels
    0x2088, 0x2088, 0x20A9, 0x28EA, 0x28CA, 0x28A9, 0x2869, 0x2868, 0x2089, 0x28A9, 0x30EA, 0x310B, 0x30CA, 0x30C9, 0x390A, 0x414B, // 0x3D90 (15760) pixels
    0x5889, 0x9868, 0xD829, 0x8868, 0x50C9, 0x984A, 0xC007, 0xD065, 0xD142, 0xFB24, 0xF481, 0xFDC0, 0xFD42, 0xEA84, 0xB846, 0xA80A, // 0x3DA0 (15776) pixels
    0x786B, 0x608A, 0x58CA, 0x58AA, 0x50CB, 0x40ED, 0x38CC, 0x40AD, 0x310B, 0x28EB, 0x28CA, 0x28AA, 0x20A9, 0x2089, 0x20A9, 0x20A9, // 0x3DB0 (15792) pixels
    0x2089, 0x2869, 0x2889, 0x2089, 0x2889, 0x40AA, 0x50CB, 0x40AA, 0x7069, 0x706A, 0x508A, 0x38A9, 0x38C9, 0x40A9, 0x586A, 0x804A, // 0x3DC0 (15808) pixels
    0x5889, 0x588A, 0x60AB, 0x68AC, 0x608B, 0x58A9, 0x68A9, 0x80A9, 0xD808, 0xF222, 0xFE23, 0xE4A6, 0xD046, 0xF007, 0xE8A7, 0xB8E9, // 0x3DD0 (15824) pixels
    0x50EC, 0x40CB, 0x30CB, 0x30AB, 0x308A, 0x2889, 0x20A9, 0x18C9, 0x2068, 0x2088, 0x2088, 0x2088, 0x2068, 0x2068, 0x2088, 0x2089, // 0x3DE0 (15840) pixels
    0x30EB, 0x28EA, 0x28CA, 0x28CA, 0x28C9, 0x28C9, 0x28C9, 0x28C9, 0x20A9, 0x1888, 0x1868, 0x2089, 0x20A9, 0x20CA, 0x28EA, 0x28CA, // 0x3DF0 (15856) pixels
    0x28C9, 0x20C9, 0x18A9, 0x18AA, 0x18AA, 0x188A, 0x206A, 0x206A, 0x28A9, 0x20A9, 0x28C9, 0x30EB, 0x28CA, 0x2048, 0x2028, 0x2869, // 0x3E00 (15872) pixels
    0x28CA, 0x28AA, 0x28AA, 0x30CA, 0x30CA, 0x38EA, 0x390A, 0x38EA, 0x604B, 0x984B, 0xD00A, 0x8089, 0x512A, 0xA089, 0xD004, 0xF0E3, // 0x3E10 (15888) pixels
    0xFC04, 0xFE05, 0xE640, 0xFDA0, 0xFB03, 0xD065, 0xA808, 0x9089, 0x68CC, 0x50EA, 0x510A, 0x50CA, 0x48CB, 0x38EC, 0x30AC, 0x388C, // 0x3E20 (15904) pixels
    0x28AA, 0x28AA, 0x208A, 0x2089, 0x2089, 0x2089, 0x28A9, 0x28CA, 0x30CB, 0x38AA, 0x38AA, 0x30CA, 0x30AA, 0x3889, 0x408A, 0x38A9, // 0x3E30 (15920) pixels
    0x30C9, 0x40CA, 0x38AA, 0x38AA, 0x40AB, 0x50AB, 0x606B, 0x804B, 0x6069, 0x606A, 0x686B, 0x706B, 0x706A, 0x6869, 0x7068, 0x8848, // 0x3E40 (15936) pixels
    0xF80A, 0xF223, 0xF5E3, 0xE4A5, 0xF0C5, 0xF847, 0xB8E9, 0x58AB, 0x310B, 0x290B, 0x20EB, 0x28EB, 0x30AB, 0x28AA, 0x20A9, 0x20C9, // 0x3E50 (15952) pixels
    0x2068, 0x2088, 0x2088, 0x2088, 0x2068, 0x2068, 0x2088, 0x2089, 0x28CA, 0x28AA, 0x20A9, 0x2089, 0x2089, 0x2089, 0x2089, 0x2089, // 0x3E60 (15968) pixels
    0x1888, 0x20A9, 0x20C9, 0x1888, 0x1868, 0x28EA, 0x28EA, 0x2089, 0x208A, 0x2069, 0x2089, 0x208A, 0x20A9, 0x20A8, 0x18A8, 0x18C7, // 0x3E70 (15984) pixels
    0x18C8, 0x18A8, 0x20C9, 0x28EA, 0x30CA, 0x2069, 0x2069, 0x208A, 0x20CA, 0x28CA, 0x28CA, 0x28CA, 0x30CB, 0x30AA, 0x30AA, 0x38CB, // 0x3E80 (16000) pixels
    0x608C, 0x70AB, 0x888A, 0x706A, 0x68AB, 0xA829, 0xD824, 0xF1A4, 0xFDC1, 0xFE60, 0xFE60, 0xFCC3, 0xE143, 0xC807, 0xB00A, 0x880A, // 0x3E90 (16016) pixels
    0x606B, 0x488A, 0x38EC, 0x30CB, 0x30AA, 0x30A9, 0x20A9, 0x1909, 0x28AA, 0x28AA, 0x28AA, 0x28CA, 0x30EA, 0x310B, 0x392B, 0x394C, // 0x3EA0 (16032) pixels
    0x394D, 0x410C, 0x410C, 0x412C, 0x40EB, 0x48AA, 0x50AA, 0x48AA, 0x48A8, 0x6069, 0x684A, 0x682A, 0x784B, 0x684A, 0x606A, 0x704A, // 0x3EB0 (16048) pixels
    0x9049, 0x8849, 0x8829, 0x9049, 0x9069, 0x9089, 0xA048, 0xB008, 0xD825, 0xD264, 0xE5A3, 0xFD44, 0xF985, 0xB007, 0x60CA, 0x20E9, // 0x3EC0 (16064) pixels
    0x38CA, 0x28CA, 0x20EA, 0x20EA, 0x28CA, 0x28A9, 0x2089, 0x20A8, 0x2088, 0x2088, 0x2088, 0x2088, 0x2068, 0x2068, 0x2088, 0x2088, // 0x3ED0 (16080) pixels
    0x28AA, 0x28AA, 0x20A9, 0x2089, 0x2089, 0x2089, 0x2089, 0x20A9, 0x20A9, 0x2089, 0x2089, 0x1868, 0x20A9, 0x28C9, 0x2088, 0x28E9, // 0x3EE0 (16096) pixels
    0x18C8, 0x1888, 0x2068, 0x2068, 0x2048, 0x1867, 0x18A8, 0x2108, 0x2069, 0x2089, 0x20C9, 0x2929, 0x2929, 0x20E9, 0x20A9, 0x20A9, // 0x3EF0 (16112) pixels
    0x2929, 0x20E8, 0x20C8, 0x20A9, 0x28CA, 0x30CB, 0x30CB, 0x288A, 0x38EB, 0x4129, 0x60E8, 0x8069, 0x802B, 0x980A, 0xC808, 0xD967, // 0x3F00 (16128) pixels
    0xEDC4, 0xF5C0, 0xFDE1, 0xFCE5, 0xE1A3, 0xD805, 0xC028, 0x8849, 0x9066, 0x6807, 0x482A, 0x388B, 0x308A, 0x38A9, 0x28C9, 0x212A, // 0x3F10 (16144) pixels
    0x310B, 0x310B, 0x310B, 0x310B, 0x310B, 0x310B, 0x312B, 0x392B, 0x312C, 0x38EB, 0x38EB, 0x310B, 0x30EA, 0x40CA, 0x48CB, 0x48CB, // 0x3F20 (16160) pixels
    0x8829, 0xA00A, 0xA00A, 0x980A, 0x980B, 0x882A, 0x8049, 0x8829, 0xB808, 0xA828, 0xA028, 0xA048, 0xA068, 0xA888, 0xB828, 0xD008, // 0x3F30 (16176) pixels
    0xD222, 0xF484, 0xF5C1, 0xFC00, 0xE146, 0x706A, 0x38AB, 0x50CB, 0x5849, 0x4869, 0x3089, 0x20CA, 0x20CA, 0x2089, 0x2068, 0x1868, // 0x3F40 (16192) pixels
    0x2089, 0x2088, 0x2068, 0x2068, 0x2068, 0x2068, 0x2068, 0x1868

};

#endif // _LAVACOMPLETE_H_