// Generated by   : ImageConverter 565 Online
// Generated from : water.jpg
// Time generated : Tue, 27 May 25 04:09:49 +0200  (Server timezone: CET)
// Image Size     : 190x128 pixels
// Memory usage   : 48640 bytes

#ifndef WATERCOMPLETE_H
#define WATERCOMPLETE_H

#include <TFT_eSPI.h>

void drawWaterComplete(TFT_eSPI &tft);

#if defined(__AVR__)
#include <avr/pgmspace.h>
#elif defined(__PIC32MX__)
#define PROGMEM
#elif defined(__arm__)
#define PROGMEM
#endif

const unsigned short waterComplete[16200] PROGMEM = {
    0x3B14, 0x3B14, 0x3B14, 0x3B14, 0x3B14, 0x3B14, 0x3B14, 0x3B14, 0x32F4, 0x32F4, 0x32F4, 0x32F4, 0x32F4, 0x32F4, 0x32F4, 0x32F4, // 0x0010 (16) pixels
    0x3B14, 0x3B14, 0x3B14, 0x3B14, 0x3B14, 0x3B14, 0x3B14, 0x3B14, 0x3334, 0x32F2, 0x3334, 0x3335, 0x3AF2, 0x7372, 0x6353, 0x32D5, // 0x0020 (32) pixels
    0x3315, 0x3B55, 0x3314, 0x3333, 0x3333, 0x3B14, 0x3B35, 0x32D4, 0x3314, 0x3314, 0x3314, 0x3314, 0x3314, 0x3314, 0x3314, 0x3314, // 0x0030 (48) pixels
    0x3314, 0x3314, 0x3314, 0x3314, 0x3314, 0x3314, 0x3314, 0x3314, 0x32F4, 0x32F4, 0x32F4, 0x32F4, 0x32F4, 0x32F4, 0x32F4, 0x32F4, // 0x0040 (64) pixels
    0x3314, 0x3314, 0x3314, 0x3314, 0x3314, 0x3314, 0x3314, 0x3314, 0x3B14, 0x3B14, 0x3B14, 0x3B14, 0x3B14, 0x3B14, 0x3B14, 0x3B14, // 0x0050 (80) pixels
    0x3B14, 0x3B14, 0x3314, 0x32F4, 0x32F4, 0x32F4, 0x3314, 0x3B14, 0x3314, 0x3314, 0x32F4, 0x32F4, 0x3314, 0x3B14, 0x3B14, 0x3B14, // 0x0060 (96) pixels
    0x3B14, 0x3B14, 0x3B14, 0x3B14, 0x3B14, 0x3B14, 0x3314, 0x3314, 0x3B14, 0x32F3, 0x3B13, 0x4355, 0x4355, 0x3B13, 0x32F3, 0x3B14, // 0x0070 (112) pixels
    0x32F4, 0x3314, 0x3314, 0x3314, 0x3314, 0x3314, 0x3314, 0x3314, 0x3B14, 0x3B14, 0x3B14, 0x3B14, 0x3B14, 0x3B14, 0x3B14, 0x3B14, // 0x0080 (128) pixels
    0x32F4, 0x32F4, 0x32F4, 0x32F4, 0x32F4, 0x32F4, 0x32F4, 0x32F4, 0x3B14, 0x3B14, 0x3B14, 0x3B14, 0x3B14, 0x3B14, 0x3B14, 0x3B14, // 0x0090 (144) pixels
    0x3334, 0x3313, 0x2B14, 0x3335, 0x3AF2, 0x6B72, 0x6373, 0x32D4, 0x2AF4, 0x3335, 0x3314, 0x3334, 0x3B34, 0x32F3, 0x3B14, 0x3AF4, // 0x00A0 (160) pixels
    0x3314, 0x3314, 0x3314, 0x3314, 0x3314, 0x3314, 0x3314, 0x3314, 0x3314, 0x3314, 0x3314, 0x3314, 0x3314, 0x3314, 0x3314, 0x3314, // 0x00B0 (176) pixels
    0x32F4, 0x32F4, 0x32F4, 0x32F4, 0x32F4, 0x32F4, 0x32F4, 0x32F4, 0x3314, 0x3314, 0x3314, 0x3314, 0x3314, 0x3314, 0x3314, 0x3314, // 0x00C0 (192) pixels
    0x3B14, 0x3B14, 0x3B14, 0x3B14, 0x3B14, 0x3B14, 0x3B14, 0x3B14, 0x3B14, 0x3B14, 0x3314, 0x32F4, 0x32F4, 0x32F4, 0x3314, 0x3B14, // 0x00D0 (208) pixels
    0x3314, 0x3314, 0x3314, 0x3314, 0x3314, 0x3B14, 0x3B14, 0x3B14, 0x3B14, 0x3B14, 0x3B14, 0x3B14, 0x3B14, 0x3B14, 0x3314, 0x3314, // 0x00E0 (224) pixels
    0x3B14, 0x32F3, 0x3B13, 0x3B34, 0x4354, 0x3B13, 0x32F3, 0x3B14, 0x3314, 0x3314, 0x3314, 0x3314, 0x3B34, 0x3B34, 0x3B34, 0x3B34, // 0x00F0 (240) pixels
    0x3B14, 0x3B14, 0x3B14, 0x3B14, 0x3B14, 0x3B14, 0x3B14, 0x3B14, 0x3B14, 0x3B14, 0x3B14, 0x3B14, 0x3B14, 0x3B14, 0x3B14, 0x3B14, // 0x0100 (256) pixels
    0x3B14, 0x3B14, 0x3B14, 0x3B14, 0x3B14, 0x3B14, 0x3B14, 0x3B14, 0x32F4, 0x3AF4, 0x3314, 0x3336, 0x3AD1, 0x7BF3, 0x8455, 0x32B1, // 0x0110 (272) pixels
    0x2AF4, 0x3B35, 0x3314, 0x3313, 0x3B34, 0x32F3, 0x32D4, 0x32F4, 0x3314, 0x3314, 0x3314, 0x3314, 0x3314, 0x3314, 0x3314, 0x3314, // 0x0120 (288) pixels
    0x3B14, 0x3B14, 0x3B14, 0x3B14, 0x3B14, 0x3B14, 0x3B14, 0x3B14, 0x32F4, 0x32F4, 0x32F4, 0x32F4, 0x32F4, 0x32F4, 0x32F4, 0x32F4, // 0x0130 (304) pixels
    0x3B14, 0x3B14, 0x3B14, 0x3B14, 0x3B14, 0x3B14, 0x3B14, 0x3B14, 0x3B14, 0x3B14, 0x3B14, 0x3B14, 0x3B14, 0x3B14, 0x3B14, 0x3B14, // 0x0140 (320) pixels
    0x3B14, 0x3B14, 0x32F4, 0x32F4, 0x32F4, 0x32F4, 0x3314, 0x3314, 0x3B14, 0x3314, 0x3314, 0x3314, 0x3314, 0x3B14, 0x3B14, 0x3B14, // 0x0150 (336) pixels
    0x3B14, 0x3B14, 0x3B14, 0x3B14, 0x3B14, 0x3B14, 0x3314, 0x3314, 0x3B14, 0x3314, 0x3314, 0x3B14, 0x3B14, 0x3B14, 0x3B14, 0x3B34, // 0x0160 (352) pixels
    0x3314, 0x3314, 0x3314, 0x3314, 0x3314, 0x3314, 0x3314, 0x3314, 0x3B14, 0x3B14, 0x3B14, 0x3B14, 0x3B14, 0x3B14, 0x3B14, 0x3B14, // 0x0170 (368) pixels
    0x3B14, 0x3B14, 0x3B14, 0x3B14, 0x3B14, 0x3B14, 0x3B14, 0x3B14, 0x3B14, 0x3B14, 0x3B14, 0x3B14, 0x3B14, 0x3B14, 0x3B14, 0x3B14, // 0x0180 (384) pixels
    0x32D4, 0x3AF4, 0x3315, 0x3315, 0x3A90, 0x9CB4, 0xBDD9, 0x4B51, 0x2AD3, 0x3314, 0x32F3, 0x32F3, 0x3B14, 0x3B34, 0x3B14, 0x3B35, // 0x0190 (400) pixels
    0x3314, 0x3314, 0x3314, 0x3314, 0x3314, 0x3314, 0x3314, 0x3314, 0x3B14, 0x3B14, 0x3B14, 0x3B14, 0x3B14, 0x3B14, 0x3B14, 0x3B14, // 0x01A0 (416) pixels
    0x32F4, 0x32F4, 0x32F4, 0x32F4, 0x32F4, 0x32F4, 0x32F4, 0x32F4, 0x3B14, 0x3B14, 0x3B14, 0x3B14, 0x3B14, 0x3B14, 0x3B14, 0x3B14, // 0x01B0 (432) pixels
    0x3B14, 0x3B14, 0x3B14, 0x3B14, 0x3B14, 0x3314, 0x3314, 0x3314, 0x3B14, 0x3314, 0x32F4, 0x32F4, 0x32F4, 0x32F4, 0x3314, 0x3314, // 0x01C0 (448) pixels
    0x3B14, 0x3B14, 0x3314, 0x3314, 0x3314, 0x3B14, 0x3B14, 0x3B14, 0x3B14, 0x3B14, 0x3B14, 0x3B14, 0x3B14, 0x3B14, 0x3314, 0x3314, // 0x01D0 (464) pixels
    0x3314, 0x3314, 0x3B14, 0x3B14, 0x3B14, 0x3B14, 0x3B14, 0x3B14, 0x3314, 0x3314, 0x3314, 0x32F4, 0x32F4, 0x32F4, 0x32F4, 0x3314, // 0x01E0 (480) pixels
    0x3B14, 0x3B14, 0x3B14, 0x3B14, 0x3B14, 0x3B14, 0x3B14, 0x3B14, 0x3B14, 0x3B14, 0x3B14, 0x3B14, 0x3B14, 0x3B14, 0x3B14, 0x3B14, // 0x01F0 (496) pixels
    0x3B14, 0x3B14, 0x3B14, 0x3B14, 0x3B14, 0x3B14, 0x3B14, 0x3B14, 0x3B15, 0x3AF4, 0x32F4, 0x32F4, 0x426F, 0xACD3, 0xDE79, 0x8494, // 0x0200 (512) pixels
    0x2AB2, 0x3313, 0x3B14, 0x32F4, 0x32F4, 0x3B15, 0x32F4, 0x3314, 0x3314, 0x3314, 0x3314, 0x3314, 0x3314, 0x3314, 0x3314, 0x3314, // 0x0210 (528) pixels
    0x3B14, 0x3B14, 0x3B14, 0x3B14, 0x3B14, 0x3B14, 0x3B14, 0x3B14, 0x32F4, 0x32F4, 0x32F4, 0x32F4, 0x32F4, 0x32F4, 0x32F4, 0x32F4, // 0x0220 (544) pixels
    0x3B14, 0x3B14, 0x3B14, 0x3B14, 0x3B14, 0x3B14, 0x3B14, 0x3B14, 0x3B14, 0x3B14, 0x3B14, 0x3B14, 0x3B14, 0x3314, 0x3314, 0x3314, // 0x0230 (560) pixels
    0x3314, 0x3314, 0x32F4, 0x32F4, 0x32F4, 0x3314, 0x3314, 0x3314, 0x3B14, 0x3B14, 0x3B14, 0x3B14, 0x3314, 0x3B14, 0x3B14, 0x3B14, // 0x0240 (576) pixels
    0x3B14, 0x3B14, 0x3B14, 0x3B14, 0x3B14, 0x3B14, 0x3314, 0x3314, 0x32F4, 0x32F4, 0x3B14, 0x3B14, 0x3B14, 0x3B14, 0x3B14, 0x32F4, // 0x0250 (592) pixels
    0x3314, 0x3314, 0x3314, 0x32F4, 0x32F4, 0x32F4, 0x3314, 0x3314, 0x3B14, 0x3B14, 0x3B14, 0x3B14, 0x3B14, 0x3B14, 0x3B14, 0x3B14, // 0x0260 (608) pixels
    0x3B14, 0x3B14, 0x3B14, 0x3B14, 0x3B14, 0x3B14, 0x3B14, 0x3B14, 0x3B14, 0x3B14, 0x3B14, 0x3B14, 0x3B14, 0x3B14, 0x3B14, 0x3B14, // 0x0270 (624) pixels
    0x3315, 0x3AF4, 0x32D4, 0x3AD3, 0x52AE, 0xA42F, 0xCD53, 0xAD34, 0x2A71, 0x32D2, 0x3B34, 0x3B14, 0x32F4, 0x32F4, 0x32F4, 0x32F4, // 0x0280 (640) pixels
    0x3314, 0x3314, 0x3314, 0x3314, 0x3314, 0x3314, 0x3314, 0x3314, 0x3B14, 0x3B14, 0x3B14, 0x3B14, 0x3B14, 0x3B14, 0x3B14, 0x3B14, // 0x0290 (656) pixels
    0x3B14, 0x3B14, 0x3B14, 0x3B14, 0x3B14, 0x3B14, 0x3B14, 0x3B14, 0x3B14, 0x3B14, 0x3B14, 0x3B14, 0x3B14, 0x3B14, 0x3B14, 0x3B14, // 0x02A0 (672) pixels
    0x3B14, 0x3B14, 0x3B14, 0x3B14, 0x3314, 0x3314, 0x3314, 0x3314, 0x3314, 0x3314, 0x3314, 0x3314, 0x3B14, 0x3B14, 0x3B14, 0x3B14, // 0x02B0 (688) pixels
    0x3B14, 0x3B14, 0x3B14, 0x3B14, 0x3B14, 0x3B14, 0x3B14, 0x3B14, 0x3B14, 0x3B14, 0x3B14, 0x3B14, 0x3B14, 0x3B14, 0x3314, 0x3314, // 0x02C0 (704) pixels
    0x32F4, 0x3314, 0x3314, 0x3314, 0x3314, 0x3314, 0x3314, 0x32F4, 0x3314, 0x3314, 0x3314, 0x32F4, 0x32F4, 0x3314, 0x3314, 0x3314, // 0x02D0 (720) pixels
    0x3B14, 0x3B14, 0x3B14, 0x3B14, 0x3B14, 0x3B14, 0x3B14, 0x3B14, 0x3B14, 0x3B14, 0x3B14, 0x3B14, 0x3B14, 0x3B14, 0x3B14, 0x3B14, // 0x02E0 (736) pixels
    0x3B14, 0x3B14, 0x3B14, 0x3B14, 0x3B14, 0x3B14, 0x3B14, 0x3B14, 0x3314, 0x32F3, 0x3AF4, 0x42D3, 0x62EF, 0xB42E, 0xCCCF, 0xCD93, // 0x02F0 (752) pixels
    0x32F2, 0x2A91, 0x32F3, 0x3B15, 0x32F5, 0x3B15, 0x3B35, 0x3B35, 0x3314, 0x3314, 0x3314, 0x3314, 0x3314, 0x3314, 0x3314, 0x3314, // 0x0300 (768) pixels
    0x3314, 0x3314, 0x3314, 0x3314, 0x3314, 0x3314, 0x3314, 0x3314, 0x3B14, 0x3B14, 0x3B14, 0x3B14, 0x3B14, 0x3B14, 0x3B14, 0x3B14, // 0x0310 (784) pixels
    0x3B14, 0x3B14, 0x3B14, 0x3B14, 0x3B14, 0x3B14, 0x3B14, 0x3B14, 0x3314, 0x3314, 0x3314, 0x3314, 0x3B14, 0x3B14, 0x3B14, 0x3B14, // 0x0320 (800) pixels
    0x3314, 0x3314, 0x3B14, 0x3B14, 0x3B14, 0x3B14, 0x3B14, 0x3B14, 0x3B14, 0x3B14, 0x3B14, 0x3B14, 0x3B14, 0x3B14, 0x3B14, 0x3B14, // 0x0330 (816) pixels
    0x3B14, 0x3B14, 0x3B14, 0x3B14, 0x3B14, 0x3B14, 0x3314, 0x3314, 0x3314, 0x3314, 0x3314, 0x3314, 0x3314, 0x32F4, 0x32F4, 0x32F4, // 0x0340 (832) pixels
    0x32F4, 0x32F4, 0x32F4, 0x32F4, 0x32F4, 0x32F4, 0x3314, 0x3314, 0x3B14, 0x3B14, 0x3B14, 0x3B14, 0x3B14, 0x3B14, 0x3B14, 0x3B14, // 0x0350 (848) pixels
    0x3B14, 0x3B14, 0x3B14, 0x3B14, 0x3B14, 0x3B14, 0x3B14, 0x3B14, 0x3B14, 0x3B14, 0x3B14, 0x3B14, 0x3B14, 0x3B14, 0x3B14, 0x3B14, // 0x0360 (864) pixels
    0x3335, 0x3B13, 0x4334, 0x3AB2, 0x730F, 0xDD11, 0xF5B1, 0xF675, 0x6437, 0x3AF3, 0x3AD3, 0x3B15, 0x32F5, 0x3315, 0x32F4, 0x32F4, // 0x0370 (880) pixels
    0x3314, 0x3314, 0x3314, 0x3314, 0x3314, 0x3314, 0x3314, 0x3314, 0x3314, 0x3314, 0x3314, 0x3314, 0x3314, 0x3314, 0x3314, 0x3314, // 0x0380 (896) pixels
    0x3B14, 0x3B14, 0x3B14, 0x3B14, 0x3B14, 0x3B14, 0x3B14, 0x3B14, 0x3B14, 0x3B14, 0x3B14, 0x3B14, 0x3B14, 0x3B14, 0x3B14, 0x3B14, // 0x0390 (912) pixels
    0x32F4, 0x32F4, 0x3314, 0x3314, 0x3B14, 0x3B14, 0x3B14, 0x3B14, 0x3314, 0x3314, 0x3B14, 0x3B14, 0x3B14, 0x3B14, 0x3B14, 0x3B14, // 0x03A0 (928) pixels
    0x3B34, 0x3B14, 0x3B14, 0x3B14, 0x3B14, 0x3B14, 0x3B14, 0x3B14, 0x3B14, 0x3B14, 0x3B14, 0x3B14, 0x3B14, 0x3B14, 0x3314, 0x3314, // 0x03B0 (944) pixels
    0x3B15, 0x32F4, 0x32F4, 0x3315, 0x3315, 0x32F4, 0x32D4, 0x32F4, 0x2AD3, 0x2AD3, 0x2AD3, 0x2AB3, 0x2AD3, 0x2AD3, 0x32F4, 0x32F4, // 0x03C0 (960) pixels
    0x3335, 0x3335, 0x32F3, 0x32F3, 0x3335, 0x3335, 0x3315, 0x3B35, 0x3B14, 0x3314, 0x3314, 0x3314, 0x3B14, 0x3B35, 0x3B14, 0x3314, // 0x03D0 (976) pixels
    0x3314, 0x3314, 0x3314, 0x3314, 0x3314, 0x3314, 0x3314, 0x3314, 0x2B16, 0x4334, 0x4ACF, 0x634F, 0x732B, 0xC4F0, 0xE592, 0xF636, // 0x03E0 (992) pixels
    0xD618, 0x4B30, 0x2314, 0x2B56, 0x3314, 0x32F4, 0x3AF4, 0x3AF4, 0x32F4, 0x32F4, 0x32F4, 0x32F4, 0x32F4, 0x32F4, 0x32F4, 0x32F4, // 0x03F0 (1008) pixels
    0x3314, 0x3B14, 0x3B14, 0x3B14, 0x3B14, 0x3B14, 0x3B14, 0x3314, 0x3314, 0x3314, 0x3B14, 0x3B14, 0x3B14, 0x3B14, 0x3B14, 0x3B14, // 0x0400 (1024) pixels
    0x3B14, 0x3B14, 0x3B14, 0x3B14, 0x3B14, 0x3B14, 0x3B14, 0x3B14, 0x3314, 0x3B14, 0x3B14, 0x3B14, 0x3B14, 0x3B14, 0x3B14, 0x3314, // 0x0410 (1040) pixels
    0x3314, 0x3314, 0x3314, 0x3314, 0x3314, 0x3314, 0x3314, 0x3314, 0x3B34, 0x3B14, 0x3B14, 0x3B14, 0x3314, 0x3314, 0x3B14, 0x3B14, // 0x0420 (1056) pixels
    0x3314, 0x3B34, 0x3B34, 0x32F3, 0x3B34, 0x32F4, 0x3B14, 0x3AF4, 0x3313, 0x3B13, 0x3AF4, 0x3AF5, 0x3AF5, 0x32F3, 0x3312, 0x4373, // 0x0430 (1072) pixels
    0x3AB2, 0x7476, 0x9517, 0x6BB4, 0x5B52, 0x63F3, 0x4B72, 0x2272, 0x3314, 0x3B14, 0x3B14, 0x3B14, 0x3B14, 0x32F4, 0x32F4, 0x3B15, // 0x0440 (1088) pixels
    0x3B14, 0x3B14, 0x3314, 0x3314, 0x3314, 0x3314, 0x3314, 0x3314, 0x3314, 0x3314, 0x3314, 0x3314, 0x3314, 0x3314, 0x3314, 0x3314, // 0x0450 (1104) pixels
    0x2AF6, 0x4314, 0x4AF1, 0x4A8E, 0x49E9, 0x8B2C, 0x8AEA, 0x8B0B, 0xA471, 0x4AEF, 0x2B13, 0x2B55, 0x3335, 0x3B15, 0x3B15, 0x4315, // 0x0460 (1120) pixels
    0x32F4, 0x32F4, 0x32F4, 0x32F4, 0x3B14, 0x3B14, 0x3B14, 0x32F4, 0x3314, 0x3B14, 0x3B14, 0x3B14, 0x3B14, 0x3B14, 0x3B14, 0x3314, // 0x0470 (1136) pixels
    0x3314, 0x3314, 0x3314, 0x3B14, 0x3B14, 0x3B14, 0x3B14, 0x3B14, 0x3314, 0x3314, 0x3314, 0x3314, 0x3314, 0x3314, 0x3314, 0x3314, // 0x0480 (1152) pixels
    0x3B14, 0x3B14, 0x3B14, 0x3B14, 0x3B14, 0x3B14, 0x3B14, 0x3B14, 0x3314, 0x3314, 0x3314, 0x3314, 0x3314, 0x3314, 0x3314, 0x3314, // 0x0490 (1168) pixels
    0x3B14, 0x3B14, 0x3B14, 0x3314, 0x3314, 0x3314, 0x3314, 0x3B14, 0x3314, 0x3314, 0x3314, 0x32D3, 0x3B14, 0x3AF4, 0x3B15, 0x3B14, // 0x04A0 (1184) pixels
    0x3B14, 0x32F4, 0x3315, 0x32F5, 0x2AB2, 0x32F1, 0x74D6, 0xC73E, 0xBE39, 0xDF5B, 0xF7BC, 0xE6FA, 0xDEDA, 0xDF5A, 0xBE78, 0x9556, // 0x04B0 (1200) pixels
    0x32F4, 0x3B35, 0x3B15, 0x32F4, 0x3B15, 0x4335, 0x3B14, 0x3AF4, 0x3B14, 0x3B35, 0x3B35, 0x3B35, 0x3B14, 0x3314, 0x3314, 0x3314, // 0x04C0 (1216) pixels
    0x3314, 0x3314, 0x3314, 0x3314, 0x3314, 0x3314, 0x3314, 0x3314, 0x3334, 0x4332, 0x52EF, 0x528D, 0x6AED, 0xBCD3, 0xBCB1, 0xAC91, // 0x04D0 (1232) pixels
    0xBCD1, 0x8454, 0x4395, 0x2AF4, 0x3314, 0x3314, 0x2AD4, 0x32D4, 0x32F4, 0x3B14, 0x3B14, 0x3B14, 0x3B14, 0x3B14, 0x3B14, 0x3B14, // 0x04E0 (1248) pixels
    0x3B14, 0x3B14, 0x3B14, 0x3314, 0x3314, 0x3B14, 0x3B14, 0x3B14, 0x3B14, 0x3B14, 0x3B14, 0x3B14, 0x3B14, 0x3B14, 0x3B14, 0x3B14, // 0x04F0 (1264) pixels
    0x3314, 0x3314, 0x3314, 0x3314, 0x3314, 0x3314, 0x3314, 0x3314, 0x3B14, 0x3B14, 0x3B14, 0x3B14, 0x3B14, 0x3B14, 0x3B14, 0x3B14, // 0x0500 (1280) pixels
    0x3314, 0x3314, 0x3314, 0x3314, 0x3314, 0x3314, 0x3314, 0x3314, 0x3B14, 0x3B14, 0x3B14, 0x3314, 0x3314, 0x3314, 0x3314, 0x3B14, // 0x0510 (1296) pixels
    0x3314, 0x3314, 0x3314, 0x32F3, 0x3B14, 0x3B14, 0x3B14, 0x3AF4, 0x32F4, 0x2AD3, 0x3314, 0x4BD6, 0x6455, 0x7494, 0xA5B6, 0xDF5B, // 0x0520 (1312) pixels
    0xE719, 0xF758, 0xFF77, 0xFF17, 0xFF37, 0xFFB8, 0xEF58, 0xE73A, 0x32D3, 0x3B35, 0x3356, 0x3315, 0x32F5, 0x3B15, 0x3B15, 0x3AF5, // 0x0530 (1328) pixels
    0x3B35, 0x3B55, 0x3B55, 0x3B55, 0x3B35, 0x3314, 0x3314, 0x3314, 0x3334, 0x3334, 0x3334, 0x3B35, 0x3B35, 0x3334, 0x3334, 0x3334, // 0x0540 (1344) pixels
    0x3312, 0x5B92, 0x6351, 0x630F, 0x734F, 0xC534, 0xD5B5, 0xD5F6, 0xE5F5, 0xCE5B, 0x6C98, 0x3334, 0x3B34, 0x3B35, 0x3315, 0x3B56, // 0x0550 (1360) pixels
    0x3B14, 0x3B14, 0x3B35, 0x3B35, 0x3B35, 0x3B35, 0x3B35, 0x3B14, 0x3B35, 0x3B14, 0x3314, 0x3314, 0x3314, 0x3314, 0x3B14, 0x3B35, // 0x0560 (1376) pixels
    0x3B14, 0x3B14, 0x3B14, 0x3B14, 0x3B14, 0x3B14, 0x3B35, 0x3B35, 0x3334, 0x3334, 0x3334, 0x3334, 0x3334, 0x3334, 0x3334, 0x3334, // 0x0570 (1392) pixels
    0x3B35, 0x3B35, 0x3B14, 0x3B14, 0x3B14, 0x3B14, 0x3B35, 0x3B35, 0x3B35, 0x3334, 0x3314, 0x3314, 0x3334, 0x3B35, 0x3B35, 0x3334, // 0x0580 (1408) pixels
    0x3B14, 0x3B14, 0x3B14, 0x3314, 0x3314, 0x3314, 0x3314, 0x3B14, 0x3B34, 0x3334, 0x3B55, 0x3B35, 0x3B35, 0x3B34, 0x3314, 0x3313, // 0x0590 (1424) pixels
    0x3B34, 0x5C57, 0x8D7A, 0xB67B, 0xDF3C, 0xEF9C, 0xEF5A, 0xE6F8, 0xEF1A, 0xF6F8, 0xFEF7, 0xFED7, 0xFEF7, 0xFF18, 0xF6F9, 0xFF7B, // 0x05A0 (1440) pixels
    0x4B94, 0x3314, 0x2B56, 0x3BB8, 0x3B76, 0x3B15, 0x3B36, 0x3337, 0x3B55, 0x3B55, 0x3B76, 0x3B55, 0x3B55, 0x3B35, 0x3B35, 0x3B35, // 0x05B0 (1456) pixels
    0x3B35, 0x3B35, 0x3B55, 0x3B55, 0x3B55, 0x3B55, 0x3B35, 0x3B35, 0x3B55, 0x5395, 0x424F, 0x41ED, 0x5A4C, 0x93D0, 0x93EF, 0x83CE, // 0x05C0 (1472) pixels
    0x9B6C, 0x8C33, 0x4333, 0x3334, 0x3B55, 0x3B55, 0x3335, 0x3335, 0x3B35, 0x3B35, 0x3B35, 0x3B35, 0x3B35, 0x3B35, 0x3B35, 0x3B35, // 0x05D0 (1488) pixels
    0x3B35, 0x3B35, 0x3B35, 0x3B35, 0x3B35, 0x3B35, 0x3B35, 0x3B35, 0x3B35, 0x3B35, 0x3B35, 0x3B35, 0x3B35, 0x3B35, 0x3B35, 0x3B35, // 0x05E0 (1504) pixels
    0x3B35, 0x3B35, 0x3B35, 0x3B35, 0x3B35, 0x3B35, 0x3B35, 0x3B35, 0x3B55, 0x3B55, 0x3B35, 0x3B35, 0x3B35, 0x3B35, 0x3B55, 0x3B55, // 0x05F0 (1520) pixels
    0x3B55, 0x3B35, 0x3B35, 0x3B35, 0x3B35, 0x3B55, 0x3B55, 0x3B35, 0x3B35, 0x3B35, 0x3B35, 0x3B35, 0x3B35, 0x3B35, 0x3B35, 0x3B35, // 0x0600 (1536) pixels
    0x3B54, 0x3B55, 0x3B76, 0x3B56, 0x3B35, 0x3B55, 0x3B14, 0x4395, 0x7519, 0xAE7C, 0xD73C, 0xE719, 0xF738, 0xFF7A, 0xF75B, 0xE6FA, // 0x0610 (1552) pixels
    0xDEBA, 0xE6BA, 0xF6F9, 0xFEF8, 0xFF19, 0xFF1A, 0xEEDA, 0xEF1B, 0xADFB, 0x4BD4, 0x1AD3, 0x2B75, 0x3B54, 0x32D3, 0x3314, 0x3377, // 0x0620 (1568) pixels
    0x3B55, 0x3B56, 0x3B56, 0x3B56, 0x3B56, 0x3B55, 0x3B55, 0x3B55, 0x3B55, 0x3B55, 0x3B55, 0x3B55, 0x3B55, 0x3B55, 0x3B55, 0x3B55, // 0x0630 (1584) pixels
    0x2AF4, 0x5375, 0x4A8F, 0x526E, 0x6AEE, 0xBD14, 0xC553, 0xC5B5, 0xC4F2, 0x8C75, 0x3B13, 0x3B76, 0x3314, 0x3B35, 0x3B56, 0x3B56, // 0x0640 (1600) pixels
    0x3B55, 0x3B55, 0x3B55, 0x3B55, 0x3B55, 0x3B55, 0x3B55, 0x3B55, 0x3B55, 0x3B55, 0x3B55, 0x3B55, 0x3B55, 0x3B55, 0x3B55, 0x3B55, // 0x0650 (1616) pixels
    0x3B55, 0x3B55, 0x3B55, 0x3B55, 0x3B55, 0x3B55, 0x3B55, 0x3B55, 0x3B55, 0x3B55, 0x3B55, 0x3B55, 0x3B55, 0x3B55, 0x3B55, 0x3B55, // 0x0660 (1632) pixels
    0x3B55, 0x3B55, 0x3B55, 0x3B55, 0x3B55, 0x3B55, 0x3B55, 0x3B55, 0x3B75, 0x3B55, 0x3B55, 0x3B55, 0x3B55, 0x3B75, 0x3B55, 0x3B55, // 0x0670 (1648) pixels
    0x3B55, 0x3B55, 0x3B55, 0x3B55, 0x3B55, 0x3B55, 0x3B55, 0x3B55, 0x3B55, 0x3B75, 0x3B56, 0x3B56, 0x3B56, 0x3B55, 0x3B54, 0x6478, // 0x0680 (1664) pixels
    0x9E9D, 0xB6DC, 0xCEDA, 0xE6D7, 0xF6F7, 0xF6F8, 0xE6B9, 0xD69A, 0xCED9, 0xE73B, 0xF75B, 0xEF17, 0xEEF7, 0xEEF9, 0xD6B9, 0xD6D8, // 0x0690 (1680) pixels
    0xFFBD, 0x9DB8, 0x4393, 0x3B53, 0x53D4, 0x5393, 0x3B33, 0x3355, 0x3B55, 0x3B55, 0x3B55, 0x3B55, 0x3B56, 0x3B56, 0x3B56, 0x3B56, // 0x06A0 (1696) pixels
    0x3B55, 0x3B55, 0x3B55, 0x3B55, 0x3B55, 0x3B55, 0x3B55, 0x3B55, 0x3355, 0x4333, 0x426E, 0x4A2B, 0x72ED, 0xD595, 0x93ED, 0x838D, // 0x06B0 (1712) pixels
    0xAC51, 0x8475, 0x3B34, 0x3BB7, 0x3335, 0x3335, 0x3335, 0x3B55, 0x3B55, 0x3B55, 0x3B55, 0x3B55, 0x3B55, 0x3B55, 0x3B55, 0x3B55, // 0x06C0 (1728) pixels
    0x3B55, 0x3B55, 0x3B55, 0x3B55, 0x3B55, 0x3B55, 0x3B55, 0x3B55, 0x3B55, 0x3B55, 0x3B55, 0x3B55, 0x3B55, 0x3B55, 0x3B55, 0x3B55, // 0x06D0 (1744) pixels
    0x3B75, 0x3B75, 0x3B75, 0x3B75, 0x3B75, 0x3B75, 0x3B75, 0x3B75, 0x3B55, 0x3B55, 0x3B55, 0x3B55, 0x3B55, 0x3B55, 0x3B55, 0x3B55, // 0x06E0 (1760) pixels
    0x3B76, 0x3B55, 0x3B55, 0x3B55, 0x3B75, 0x3B75, 0x3B75, 0x3B55, 0x3B55, 0x3B55, 0x3B55, 0x3B55, 0x3B76, 0x3B55, 0x3B55, 0x3B55, // 0x06F0 (1776) pixels
    0x3B55, 0x3B76, 0x3B56, 0x3B36, 0x3B56, 0x3B55, 0x3B54, 0x753A, 0xA65C, 0xA63B, 0xB65A, 0xD6FB, 0xEF5C, 0xDEFA, 0xCE78, 0xC679, // 0x0700 (1792) pixels
    0xBEB8, 0xCEDA, 0xDF1A, 0xE718, 0xEF37, 0xE6FA, 0xD6D9, 0xD719, 0xFF18, 0xD6FA, 0x8517, 0x74D6, 0xBEBD, 0xC69D, 0x6C35, 0x3312, // 0x0710 (1808) pixels
    0x3B35, 0x3335, 0x3335, 0x3B35, 0x3B55, 0x3B56, 0x3B56, 0x3B56, 0x3B55, 0x3B55, 0x3B55, 0x3B55, 0x3B55, 0x3B55, 0x3B55, 0x3B55, // 0x0720 (1824) pixels
    0x3377, 0x4334, 0x52D1, 0x4A2D, 0x72EE, 0xDDF8, 0x7ACB, 0x5A4A, 0x9C10, 0x8CB7, 0x3334, 0x2B36, 0x3355, 0x43B6, 0x3334, 0x3B75, // 0x0730 (1840) pixels
    0x3B75, 0x3B75, 0x3B75, 0x3B75, 0x3B75, 0x3B55, 0x3B55, 0x3B55, 0x3B55, 0x3B55, 0x3B55, 0x3B55, 0x3B55, 0x3B55, 0x3B55, 0x3B55, // 0x0740 (1856) pixels
    0x3B55, 0x3B55, 0x3B55, 0x3B55, 0x3B55, 0x3B55, 0x3B55, 0x3B55, 0x3B55, 0x3B55, 0x3B55, 0x3B55, 0x3B55, 0x3B55, 0x3B55, 0x3B55, // 0x0750 (1872) pixels
    0x3B55, 0x3B55, 0x3B55, 0x3B76, 0x3B76, 0x3B55, 0x3B55, 0x3B55, 0x3B75, 0x3B55, 0x3B55, 0x3B55, 0x3B55, 0x3B75, 0x3B55, 0x3B55, // 0x0760 (1888) pixels
    0x3B55, 0x3B55, 0x3B55, 0x3B55, 0x3B76, 0x3B76, 0x3B55, 0x3B55, 0x3B54, 0x4396, 0x3B76, 0x3B57, 0x4377, 0x3B55, 0x3B53, 0x7D5A, // 0x0770 (1904) pixels
    0xB69E, 0xAE3C, 0xA5FB, 0xAE5C, 0xB69B, 0xBE9A, 0xCEDA, 0xE79D, 0xD75D, 0xC69B, 0xCE7A, 0xDEF9, 0xEF5A, 0xE6FB, 0xCE9A, 0xD6FA, // 0x0780 (1920) pixels
    0xDF3C, 0xD6DA, 0xDED9, 0xEF3A, 0xFFBD, 0xF77D, 0xBDF9, 0x7BF2, 0x8CFB, 0x42F3, 0x42F3, 0x4B96, 0x3B55, 0x3376, 0x3397, 0x33B8, // 0x0790 (1936) pixels
    0x4376, 0x4376, 0x4376, 0x4396, 0x4396, 0x3B96, 0x3B76, 0x3B76, 0x4375, 0x5331, 0x52AE, 0x5AEF, 0x7B6F, 0xDD74, 0xCCD0, 0xA3EE, // 0x07A0 (1952) pixels
    0xB4F3, 0x8C34, 0x5352, 0x3B34, 0x3377, 0x3395, 0x3395, 0x3358, 0x4375, 0x4376, 0x4376, 0x4376, 0x4376, 0x4376, 0x4376, 0x4376, // 0x07B0 (1968) pixels
    0x4376, 0x4376, 0x3B76, 0x3B55, 0x3B55, 0x3B76, 0x4376, 0x4376, 0x3B56, 0x4376, 0x3B75, 0x3B75, 0x3B96, 0x3B96, 0x3B57, 0x3337, // 0x07C0 (1984) pixels
    0x33B6, 0x3334, 0x3B34, 0x3AF4, 0x3AF5, 0x3B77, 0x3B76, 0x3B75, 0x3B75, 0x3B55, 0x3B76, 0x3B36, 0x3B36, 0x4356, 0x4315, 0x4335, // 0x07D0 (2000) pixels
    0x3B76, 0x3B76, 0x3B76, 0x3B76, 0x3B76, 0x3B76, 0x3B76, 0x3B76, 0x3B55, 0x3B55, 0x3B76, 0x3B76, 0x3B76, 0x4396, 0x4396, 0x4396, // 0x07E0 (2016) pixels
    0x4BB6, 0x3335, 0x3B97, 0x4397, 0x4355, 0x4355, 0x3B95, 0x4438, 0x95FD, 0x9E5E, 0x9E3D, 0xA63C, 0xBE7B, 0xCE99, 0xE6F8, 0xF718, // 0x07F0 (2032) pixels
    0xEF39, 0xCED9, 0xBEBB, 0xCF1B, 0xEF3A, 0xE718, 0xD6D9, 0xC6FB, 0xD6FC, 0xD6FB, 0xCEDA, 0xD6FA, 0xD6FB, 0xD71C, 0xDF3D, 0xDF5E, // 0x0800 (2048) pixels
    0xD71D, 0x9D57, 0xA5FA, 0xA5FB, 0x6435, 0x4373, 0x4354, 0x32F3, 0x4376, 0x4376, 0x4376, 0x4396, 0x4396, 0x3B96, 0x3B76, 0x3B76, // 0x0810 (2064) pixels
    0x4AF3, 0x5AF0, 0x5A8D, 0x5AAE, 0x7B4F, 0xDD74, 0xED94, 0xDD96, 0xE5D4, 0xC534, 0xAD76, 0x7496, 0x4336, 0x3B56, 0x4395, 0x4B77, // 0x0820 (2080) pixels
    0x4376, 0x4376, 0x4376, 0x4376, 0x4376, 0x4376, 0x3B56, 0x3B36, 0x4376, 0x4376, 0x4376, 0x4376, 0x3B76, 0x3B76, 0x3B76, 0x3B76, // 0x0830 (2096) pixels
    0x4396, 0x3B75, 0x3B55, 0x3B55, 0x3B75, 0x3B76, 0x3B56, 0x3B56, 0x2B56, 0x3B75, 0x5394, 0x6C36, 0x6437, 0x3B35, 0x3B56, 0x4357, // 0x0840 (2112) pixels
    0x3B76, 0x3B76, 0x3B97, 0x4398, 0x4397, 0x3B76, 0x3B75, 0x3B55, 0x3B76, 0x3B76, 0x3B76, 0x3B76, 0x3B76, 0x3B76, 0x3B76, 0x3B76, // 0x0850 (2128) pixels
    0x4376, 0x3B76, 0x3B55, 0x3B55, 0x3B75, 0x3B75, 0x3B75, 0x3B75, 0x3B76, 0x3B76, 0x3377, 0x3B56, 0x4355, 0x4355, 0x3B35, 0x3376, // 0x0860 (2144) pixels
    0x53D3, 0x9DFC, 0xB69D, 0xAE3B, 0xBE7A, 0xDEFA, 0xF75A, 0xF738, 0xEF5A, 0xD6DA, 0xBEBB, 0xC6BA, 0xDED8, 0xE6D7, 0xD6D9, 0xCEFB, // 0x0870 (2160) pixels
    0xAE1B, 0xAE5C, 0xAE5C, 0xAE3B, 0xA61A, 0xA5FA, 0xA61A, 0xB67C, 0xBE5A, 0xB65A, 0xAE3A, 0xAE1B, 0xB65D, 0x959A, 0x7476, 0x8519, // 0x0880 (2176) pixels
    0x4376, 0x4376, 0x4376, 0x4396, 0x4396, 0x3B96, 0x3B96, 0x3B96, 0x5B53, 0x6B10, 0x72EE, 0x62CE, 0x72ED, 0xA3CE, 0xABEE, 0xAC72, // 0x0890 (2192) pixels
    0xDCD0, 0xCD32, 0xCE37, 0x8CF7, 0x4335, 0x4356, 0x4374, 0x4334, 0x3B75, 0x3B75, 0x3B75, 0x3B76, 0x3B76, 0x3B76, 0x3B75, 0x3B75, // 0x08A0 (2208) pixels
    0x4376, 0x4376, 0x4376, 0x4376, 0x4376, 0x3B76, 0x3B76, 0x3B55, 0x3B95, 0x3B76, 0x4396, 0x4376, 0x3B55, 0x3B34, 0x3B13, 0x3AF3, // 0x08B0 (2224) pixels
    0x4BF7, 0x95BC, 0xD71E, 0xEFDF, 0xBE7A, 0x4B30, 0x4313, 0x4B55, 0x3314, 0x4396, 0x3335, 0x3B56, 0x3B97, 0x3355, 0x3375, 0x3375, // 0x08C0 (2240) pixels
    0x3B76, 0x3B76, 0x3B76, 0x3B76, 0x3B76, 0x3B76, 0x3B76, 0x3B76, 0x3B76, 0x3B55, 0x3B76, 0x3B76, 0x4396, 0x4396, 0x3B75, 0x3B75, // 0x08D0 (2256) pixels
    0x3377, 0x3357, 0x2B56, 0x3B76, 0x4B95, 0x4B75, 0x3B55, 0x2B15, 0x7D18, 0xAE7D, 0xAE5C, 0xADFA, 0xCEBB, 0xE75C, 0xEF3B, 0xE6F9, // 0x08E0 (2272) pixels
    0xDED8, 0xCEB9, 0xC6BB, 0xD6DA, 0xE6F9, 0xEEF8, 0xE6F9, 0xDF1B, 0x5BD5, 0x53D5, 0x4BB5, 0x4BB5, 0x4395, 0x3B33, 0x3B33, 0x4B74, // 0x08F0 (2288) pixels
    0x4B55, 0x4B54, 0x4333, 0x4B54, 0x6457, 0x6457, 0x53B4, 0x5C16, 0x4396, 0x4396, 0x4376, 0x3B76, 0x3B76, 0x3B96, 0x4396, 0x4396, // 0x0900 (2304) pixels
    0x42D1, 0x422C, 0x4A0A, 0x422B, 0x524A, 0x7AC9, 0x7AC8, 0x730B, 0x8229, 0x934D, 0x83F1, 0x4B53, 0x3335, 0x3BB6, 0x3B94, 0x3B53, // 0x0910 (2320) pixels
    0x3B75, 0x43B5, 0x43B5, 0x3B75, 0x3B74, 0x3B75, 0x4396, 0x4396, 0x4376, 0x4376, 0x3B76, 0x3B76, 0x3B76, 0x3B76, 0x3B76, 0x3B76, // 0x0920 (2336) pixels
    0x3B56, 0x3B76, 0x3B76, 0x3B56, 0x4355, 0x53D6, 0x6C98, 0x7D19, 0x8518, 0xBE7B, 0xEF5B, 0xFFDA, 0xE759, 0xA574, 0xADF8, 0xB5F9, // 0x0930 (2352) pixels
    0x53D4, 0x74B9, 0x4B95, 0x3314, 0x3B76, 0x3335, 0x3376, 0x3B96, 0x3B76, 0x3B76, 0x3B76, 0x3B76, 0x3B76, 0x3B76, 0x3B76, 0x3B76, // 0x0940 (2368) pixels
    0x3B76, 0x3B76, 0x3B76, 0x3B76, 0x3B75, 0x3B55, 0x3B55, 0x3B55, 0x3B54, 0x4BF7, 0x3312, 0x3B31, 0x9DBA, 0xADFB, 0x63F4, 0x4312, // 0x0950 (2384) pixels
    0x5C35, 0x9DFC, 0xB6BE, 0xB65B, 0xBE5B, 0xCEDC, 0xD6FC, 0xCE9A, 0xD698, 0xD6BA, 0xD6FB, 0xE71B, 0xF71A, 0xFF39, 0xF71A, 0xE71A, // 0x0960 (2400) pixels
    0x74DA, 0x4BD6, 0x3335, 0x3356, 0x3356, 0x3336, 0x3B36, 0x4376, 0x3B78, 0x3316, 0x3B57, 0x3B57, 0x32F4, 0x3B15, 0x4355, 0x4355, // 0x0970 (2416) pixels
    0x4396, 0x4396, 0x4376, 0x3B76, 0x3B76, 0x3B96, 0x4396, 0x4396, 0x53B5, 0x52CF, 0x5ACD, 0x52CD, 0x83D0, 0xDDD4, 0xF656, 0xDDD5, // 0x0980 (2432) pixels
    0xEDB5, 0xEE9A, 0x8C96, 0x3B14, 0x3396, 0x33B6, 0x3BB6, 0x3B96, 0x3B76, 0x4396, 0x4396, 0x3B75, 0x3B55, 0x3B76, 0x3B96, 0x3B76, // 0x0990 (2448) pixels
    0x4396, 0x4376, 0x3B76, 0x3B76, 0x3B76, 0x3B76, 0x3B76, 0x3B76, 0x3B57, 0x3B77, 0x3B77, 0x3B56, 0x4BB6, 0x7CFA, 0xA63D, 0xB6BE, // 0x09A0 (2464) pixels
    0xA61C, 0xB63A, 0xD699, 0xD698, 0xDF1A, 0xD71B, 0xDF7C, 0xD71B, 0x9DD9, 0xB69D, 0x8518, 0x6416, 0x5C18, 0x4376, 0x4376, 0x3B77, // 0x09B0 (2480) pixels
    0x3B76, 0x3B76, 0x3B76, 0x3B76, 0x3B76, 0x3B76, 0x3B76, 0x3B76, 0x3B76, 0x4376, 0x3B76, 0x3B75, 0x3B55, 0x4396, 0x4BD7, 0x5438, // 0x09C0 (2496) pixels
    0x6C34, 0x959A, 0x9DDA, 0x9536, 0xD6DB, 0xFFFF, 0xCEBC, 0xADD9, 0x2B13, 0x5C78, 0x8DDC, 0xAE7E, 0xB67C, 0xAE1A, 0xB639, 0xBE5A, // 0x09D0 (2512) pixels
    0xE6F9, 0xE71A, 0xE73B, 0xEF1A, 0xEEF9, 0xF719, 0xF719, 0xEF1A, 0x64D8, 0x4BF6, 0x3B95, 0x3BB7, 0x3B97, 0x3B97, 0x3B76, 0x3B55, // 0x09E0 (2528) pixels
    0x3B75, 0x43B6, 0x43B6, 0x4376, 0x4376, 0x3B56, 0x4356, 0x4377, 0x4376, 0x4376, 0x4376, 0x4376, 0x4376, 0x3B96, 0x3B96, 0x3B96, // 0x09F0 (2544) pixels
    0x4B55, 0x5B11, 0x6B0F, 0x526C, 0x834D, 0xEDB3, 0xF591, 0xA3AB, 0xF5F3, 0xFF39, 0x8CB5, 0x4315, 0x3B96, 0x3375, 0x43B8, 0x4378, // 0x0A00 (2560) pixels
    0x4377, 0x3B36, 0x3B36, 0x4377, 0x4398, 0x4377, 0x3B57, 0x4377, 0x3B96, 0x3B76, 0x3B76, 0x3B76, 0x3B76, 0x3B76, 0x3B76, 0x3B96, // 0x0A10 (2576) pixels
    0x3B77, 0x3B57, 0x4377, 0x4376, 0x4BB6, 0x6478, 0x74F9, 0x6CD7, 0x6CB9, 0x7CD9, 0xADDC, 0x9D9B, 0x957A, 0x8559, 0x8538, 0x8515, // 0x0A20 (2592) pixels
    0x8D36, 0x8D78, 0x74B7, 0x6437, 0x5BF7, 0x4376, 0x4356, 0x3B36, 0x3B76, 0x3B76, 0x3B76, 0x3B76, 0x3B76, 0x3B76, 0x3B76, 0x3B76, // 0x0A30 (2608) pixels
    0x3B55, 0x3B76, 0x4396, 0x3B76, 0x3B76, 0x4396, 0x4BF7, 0x5C59, 0x5C14, 0x6CB7, 0x9E5D, 0x8D99, 0x7474, 0xA5D9, 0xBEBD, 0x9DFB, // 0x0A40 (2624) pixels
    0x4C18, 0x3B95, 0x43D5, 0x857B, 0xAE7D, 0xA5FA, 0xAE18, 0xC69A, 0xEF3A, 0xEF3A, 0xEF3A, 0xEF19, 0xE6F9, 0xE6F9, 0xE6F9, 0xEF19, // 0x0A50 (2640) pixels
    0x3B54, 0x3B74, 0x4396, 0x4376, 0x4376, 0x4376, 0x4396, 0x4396, 0x3B95, 0x3B74, 0x3B54, 0x3B75, 0x4376, 0x4377, 0x4356, 0x3B16, // 0x0A60 (2656) pixels
    0x4376, 0x4376, 0x4376, 0x4376, 0x4376, 0x3B96, 0x3B76, 0x3B76, 0x4335, 0x6332, 0x7330, 0x5AAD, 0x836E, 0xF5D3, 0xFDD2, 0xBC4D, // 0x0A70 (2672) pixels
    0xD510, 0xEE95, 0x94D4, 0x4314, 0x3376, 0x3356, 0x4358, 0x4B36, 0x3B34, 0x4355, 0x4375, 0x3B55, 0x3B35, 0x3B35, 0x4355, 0x4356, // 0x0A80 (2688) pixels
    0x3B75, 0x3B76, 0x3B76, 0x3B96, 0x3B96, 0x3B96, 0x3B96, 0x3B76, 0x3B77, 0x3B56, 0x3B76, 0x4396, 0x3B54, 0x3B74, 0x3B95, 0x3334, // 0x0A90 (2704) pixels
    0x3377, 0x3335, 0x4376, 0x3B35, 0x3335, 0x2B15, 0x3314, 0x3B33, 0x3AF1, 0x3AF2, 0x3B13, 0x3B34, 0x3B55, 0x3B55, 0x3B55, 0x3B76, // 0x0AA0 (2720) pixels
    0x3B76, 0x3B76, 0x3B76, 0x3B76, 0x3B76, 0x3B76, 0x3B76, 0x3B76, 0x3B76, 0x3B76, 0x4376, 0x3B76, 0x3B55, 0x3B55, 0x3B55, 0x3B55, // 0x0AB0 (2736) pixels
    0x3B75, 0x3355, 0x3B96, 0x3B75, 0x4354, 0x53F5, 0x4BD6, 0x3375, 0x3B76, 0x3335, 0x4395, 0x74F9, 0x9DFB, 0xBE7A, 0xD6FA, 0xE73A, // 0x0AC0 (2752) pixels
    0xEF18, 0xF718, 0xF718, 0xEF18, 0xE719, 0xE719, 0xE6F9, 0xE6F9, 0x4396, 0x4397, 0x4356, 0x4336, 0x4356, 0x4356, 0x3B55, 0x4396, // 0x0AD0 (2768) pixels
    0x3B77, 0x4398, 0x3B77, 0x3B77, 0x3B76, 0x3B96, 0x3B96, 0x4396, 0x4376, 0x4376, 0x4376, 0x4376, 0x4376, 0x3B96, 0x3B76, 0x3B76, // 0x0AE0 (2784) pixels
    0x4334, 0x5310, 0x62EE, 0x5AED, 0x7B6D, 0xCD10, 0xDD2F, 0xBCCE, 0xBC71, 0xD635, 0x8CF5, 0x3B34, 0x3376, 0x3BB8, 0x4356, 0x4333, // 0x0AF0 (2800) pixels
    0x6476, 0x8DBC, 0x8DBC, 0x5C36, 0x4BB4, 0x6497, 0x74F9, 0x5C57, 0x3B55, 0x3B75, 0x3B76, 0x4396, 0x4396, 0x4396, 0x3B96, 0x3B76, // 0x0B00 (2816) pixels
    0x4396, 0x4375, 0x4BD6, 0x4C17, 0x3B95, 0x3355, 0x3B97, 0x3B97, 0x3B97, 0x3B96, 0x3B54, 0x3B75, 0x3BB7, 0x3377, 0x3B57, 0x4357, // 0x0B10 (2832) pixels
    0x3B57, 0x3B36, 0x3B77, 0x3336, 0x3356, 0x3BB6, 0x3375, 0x3BB5, 0x3B76, 0x3B76, 0x3B76, 0x3B76, 0x3B76, 0x3B76, 0x3B76, 0x3B76, // 0x0B20 (2848) pixels
    0x4396, 0x4376, 0x3B76, 0x3B76, 0x4396, 0x4396, 0x3B75, 0x3B75, 0x4354, 0x4396, 0x3B77, 0x3B56, 0x4355, 0x4334, 0x3334, 0x3376, // 0x0B30 (2864) pixels
    0x4356, 0x3B35, 0x6458, 0x9E1D, 0xB67C, 0xC679, 0xE719, 0xF738, 0xF738, 0xF718, 0xF6F7, 0xEF18, 0xE739, 0xDF1A, 0xDF1A, 0xE71A, // 0x0B40 (2880) pixels
    0x3B96, 0x3B96, 0x3395, 0x3375, 0x3BB5, 0x43D6, 0x3B95, 0x4375, 0x4397, 0x3B76, 0x3B76, 0x3B76, 0x3B76, 0x3B56, 0x3B76, 0x4376, // 0x0B50 (2896) pixels
    0x2B97, 0x43D7, 0x3B35, 0x4357, 0x3B57, 0x3B36, 0x5C37, 0x6456, 0x6375, 0x5B32, 0x62EF, 0x628C, 0x8B6E, 0xCD11, 0xF614, 0xD511, // 0x0B60 (2912) pixels
    0xD4F1, 0xCD96, 0x8CB7, 0x4314, 0x4B78, 0x4B77, 0x3AF3, 0x5C15, 0xCE16, 0xF7FD, 0xE7DD, 0xCEFB, 0x8D15, 0xA65C, 0xAE7D, 0x9DBB, // 0x0B70 (2928) pixels
    0x53F5, 0x6436, 0x5BF6, 0x3AF5, 0x3B57, 0x3B99, 0x4397, 0x4354, 0x4394, 0x3B74, 0x4BD6, 0x53F7, 0x4376, 0x3B56, 0x4377, 0x4377, // 0x0B80 (2944) pixels
    0x4377, 0x4357, 0x4357, 0x4357, 0x3B36, 0x4377, 0x4396, 0x3B75, 0x3B76, 0x3B76, 0x3B76, 0x3B76, 0x3B76, 0x3B76, 0x3B76, 0x3B76, // 0x0B90 (2960) pixels
    0x3B76, 0x3B76, 0x3B76, 0x4376, 0x4376, 0x4376, 0x3B76, 0x3B76, 0x4396, 0x4376, 0x4376, 0x4376, 0x4376, 0x4376, 0x3B76, 0x3B76, // 0x0BA0 (2976) pixels
    0x43B6, 0x3B55, 0x4355, 0x4B75, 0x4355, 0x4355, 0x4376, 0x3B76, 0x3B57, 0x3B55, 0x8D9C, 0xBEBD, 0xB618, 0xD699, 0xF73A, 0xF71A, // 0x0BB0 (2992) pixels
    0xFF19, 0xF6F8, 0xF718, 0xEF19, 0xEEFA, 0xEEF9, 0xF6F8, 0xF6F7, 0x3B55, 0x3B96, 0x4397, 0x4396, 0x3B76, 0x3B56, 0x3B56, 0x4398, // 0x0BC0 (3008) pixels
    0x4397, 0x3B76, 0x4397, 0x4397, 0x43B7, 0x4396, 0x3B76, 0x3B55, 0x4336, 0x4B35, 0x5395, 0x53D5, 0x3332, 0x5C34, 0xBE7B, 0xD6FC, // 0x0BD0 (3024) pixels
    0x8CB6, 0x5AEE, 0x5AAC, 0x522B, 0x5A4B, 0x830C, 0x9BAF, 0xA3D1, 0xB450, 0xC597, 0x7C75, 0x4B74, 0x4B96, 0x4B55, 0x5394, 0x9DFC, // 0x0BE0 (3040) pixels
    0xFFBC, 0xDF1A, 0xD71B, 0xCE7C, 0xBE3C, 0x9DDB, 0xA63C, 0xA5DB, 0xD6DD, 0xD6DD, 0xADB9, 0x6C34, 0x4BB5, 0x3335, 0x3B97, 0x3B77, // 0x0BF0 (3056) pixels
    0x4376, 0x4376, 0x4376, 0x4396, 0x3B76, 0x3B76, 0x3B76, 0x3B55, 0x3B96, 0x3B76, 0x4396, 0x4376, 0x3B55, 0x3B76, 0x4396, 0x3B96, // 0x0C00 (3072) pixels
    0x3B76, 0x3B76, 0x3B76, 0x3B76, 0x3B76, 0x3B76, 0x3B76, 0x3B76, 0x3B76, 0x3B76, 0x4376, 0x4376, 0x4376, 0x3B76, 0x3B76, 0x3B76, // 0x0C10 (3088) pixels
    0x4376, 0x4376, 0x4376, 0x4376, 0x4376, 0x4376, 0x4376, 0x4376, 0x3335, 0x3B96, 0x43D7, 0x4396, 0x3B56, 0x3B76, 0x3B76, 0x3B56, // 0x0C20 (3104) pixels
    0x3355, 0x43B5, 0x751A, 0x9E1B, 0xB67B, 0xCEFB, 0xE71B, 0xF75B, 0xF6F9, 0xEF19, 0xE6F8, 0xDED9, 0xDEDA, 0xDEDA, 0xE6F9, 0xE719, // 0x0C30 (3120) pixels
    0x4BB6, 0x4376, 0x4376, 0x4397, 0x4BB8, 0x4398, 0x4378, 0x4377, 0x3B76, 0x3B76, 0x3B76, 0x3B76, 0x3B55, 0x3B35, 0x3B35, 0x3B55, // 0x0C40 (3136) pixels
    0x7457, 0x84B7, 0xA5FA, 0xAE5B, 0x7D36, 0x8D97, 0xD71C, 0xE71B, 0xAD99, 0x424A, 0x39C8, 0x41CA, 0x51EB, 0x626C, 0x624B, 0x6A4D, // 0x0C50 (3152) pixels
    0x59A8, 0x522A, 0x5330, 0x5C14, 0x74D9, 0xA5FD, 0x84D7, 0xADFA, 0xE73A, 0xD71B, 0xC6BB, 0xBE7C, 0xB65D, 0x95FB, 0x8DBA, 0x95DB, // 0x0C60 (3168) pixels
    0xB61A, 0xCEDC, 0xD6DB, 0xB639, 0x8558, 0x5416, 0x53D6, 0x4335, 0x4357, 0x4397, 0x4397, 0x3B76, 0x3B96, 0x3B95, 0x43B5, 0x43D6, // 0x0C70 (3184) pixels
    0x3BB6, 0x3BB6, 0x43D6, 0x43B5, 0x3B75, 0x3B75, 0x4396, 0x3B75, 0x4376, 0x4376, 0x3B76, 0x3B76, 0x3B76, 0x3B76, 0x4376, 0x4376, // 0x0C80 (3200) pixels
    0x4376, 0x4376, 0x4376, 0x4376, 0x3B76, 0x3B76, 0x3B76, 0x3B76, 0x3B76, 0x4376, 0x4376, 0x4376, 0x4376, 0x4376, 0x4376, 0x4396, // 0x0C90 (3216) pixels
    0x3BB7, 0x3BB7, 0x3B97, 0x3355, 0x3335, 0x3B55, 0x4395, 0x4B95, 0x3B54, 0x2B12, 0x3353, 0x64B8, 0x9E3C, 0xB69C, 0xBE9A, 0xD71B, // 0x0CA0 (3232) pixels
    0xE6D9, 0xEF3A, 0xE73A, 0xD6FA, 0xD6FB, 0xD6FB, 0xD6FB, 0xDF3B, 0x3B96, 0x3B96, 0x3B76, 0x4397, 0x3B77, 0x3B56, 0x3B96, 0x3B75, // 0x0CB0 (3248) pixels
    0x3B96, 0x4396, 0x4396, 0x3B76, 0x3B55, 0x4396, 0x5C59, 0x751C, 0xA65B, 0xBEBC, 0xD71E, 0xD73E, 0xB69D, 0xA61C, 0xAE5C, 0xB65C, // 0x0CC0 (3264) pixels
    0xA57B, 0x52AF, 0x4A4D, 0x5A8F, 0x6AEF, 0x9C32, 0xACB3, 0xAC93, 0xB412, 0x9412, 0x8CB5, 0x9599, 0xA61B, 0xCEFF, 0xC67D, 0xC67B, // 0x0CD0 (3280) pixels
    0xBE38, 0xCEFC, 0xB63A, 0xADD9, 0xB63B, 0x961A, 0x85BA, 0x8DBB, 0x8DBB, 0x95DA, 0xAE3B, 0x9DFA, 0x8DBB, 0x7D3B, 0x74BA, 0x5375, // 0x0CE0 (3296) pixels
    0x4355, 0x4376, 0x4375, 0x3B75, 0x3B75, 0x3B75, 0x3B95, 0x3BB5, 0x3B96, 0x3B96, 0x3395, 0x3B95, 0x3B95, 0x3B95, 0x4396, 0x4356, // 0x0CF0 (3312) pixels
    0x4396, 0x4376, 0x4376, 0x3B76, 0x3B76, 0x4376, 0x4376, 0x4396, 0x4396, 0x4376, 0x4376, 0x4376, 0x3B76, 0x3B76, 0x3B76, 0x3B76, // 0x0D00 (3328) pixels
    0x3B76, 0x3B76, 0x4376, 0x4376, 0x4376, 0x4376, 0x4376, 0x4396, 0x43B8, 0x3335, 0x3B75, 0x5437, 0x6CB8, 0x7D19, 0x9D9A, 0xADFB, // 0x0D10 (3344) pixels
    0xA5FC, 0x6416, 0x4353, 0x751A, 0x9E5E, 0xA61C, 0xB61A, 0xC67A, 0xD677, 0xE719, 0xE719, 0xD6D9, 0xD6FA, 0xCEDA, 0xBE9A, 0xC6DB, // 0x0D20 (3360) pixels
    0x33B7, 0x3BB8, 0x3356, 0x3B76, 0x4396, 0x43B7, 0x43F7, 0x3BB6, 0x3B96, 0x4396, 0x4396, 0x3B76, 0x3B35, 0x3B55, 0x4BD7, 0x5C59, // 0x0D30 (3376) pixels
    0x5C55, 0x74B6, 0x7496, 0x7497, 0x6478, 0x4BD7, 0x43B6, 0x53F7, 0x6395, 0x4A90, 0x52AF, 0x5A8F, 0x51EB, 0x7B0C, 0xA40E, 0x938C, // 0x0D40 (3392) pixels
    0x9B8E, 0x9C52, 0xADF8, 0xB6BC, 0xCF5F, 0xC6DD, 0xC69B, 0xCE9B, 0xCEBC, 0xA557, 0x8BD1, 0xAC32, 0xCD76, 0xAD97, 0x95FB, 0x85BD, // 0x0D50 (3408) pixels
    0x7DDC, 0x85BB, 0x95DC, 0x6458, 0x3B56, 0x3357, 0x3BB8, 0x3B77, 0x43B6, 0x4395, 0x4396, 0x4396, 0x4397, 0x4377, 0x4397, 0x4377, // 0x0D60 (3424) pixels
    0x4397, 0x4397, 0x3B76, 0x3B97, 0x3BB6, 0x3B76, 0x4396, 0x4376, 0x4396, 0x4396, 0x4376, 0x4376, 0x4376, 0x4376, 0x4396, 0x4396, // 0x0D70 (3440) pixels
    0x4396, 0x4396, 0x4376, 0x3B76, 0x3B76, 0x3B76, 0x3B76, 0x3B76, 0x3B76, 0x3B76, 0x4396, 0x4376, 0x3B76, 0x3B76, 0x3B76, 0x4396, // 0x0D80 (3456) pixels
    0x3B35, 0x4B76, 0x6CB9, 0x9DFC, 0xB69C, 0xCEDC, 0xE75C, 0xF77C, 0xE73E, 0xAD98, 0x8CD6, 0xA5FB, 0xB67D, 0xB63B, 0xCEBB, 0xD6DA, // 0x0D90 (3472) pixels
    0xDEB7, 0xE6F9, 0xE6D9, 0xD6D9, 0xDF1A, 0xD6FB, 0xC69A, 0xBE7A, 0x2B15, 0x3B76, 0x3B14, 0x4335, 0x4375, 0x3B55, 0x3B96, 0x3376, // 0x0DA0 (3488) pixels
    0x3B76, 0x3B76, 0x4396, 0x43B7, 0x4396, 0x3B75, 0x3B55, 0x4375, 0x3B16, 0x3B35, 0x4354, 0x3B95, 0x2314, 0x22F3, 0x53D6, 0x6C57, // 0x0DB0 (3504) pixels
    0x84B7, 0x5B50, 0x52AE, 0x62CF, 0x72EE, 0xB492, 0xE594, 0xC490, 0xC4F1, 0xAD13, 0xC6BA, 0xB69B, 0xB69B, 0xAE19, 0xCEDB, 0xD6FA, // 0x0DC0 (3520) pixels
    0xD7BE, 0x94F4, 0x69E9, 0xDC51, 0xB36C, 0xBD94, 0x8DD9, 0x75DD, 0x85FE, 0x7D9C, 0x74DA, 0x53B7, 0x4357, 0x3B78, 0x3BB8, 0x3BB6, // 0x0DD0 (3536) pixels
    0x3B76, 0x3B76, 0x4376, 0x4377, 0x4357, 0x4357, 0x4B57, 0x4B37, 0x3B34, 0x4356, 0x3335, 0x3B97, 0x3BB7, 0x3B76, 0x4397, 0x4376, // 0x0DE0 (3552) pixels
    0x4396, 0x4396, 0x4396, 0x4376, 0x4376, 0x4396, 0x4396, 0x4396, 0x4396, 0x4376, 0x3B76, 0x3B76, 0x3B76, 0x3B76, 0x3B76, 0x3B76, // 0x0DF0 (3568) pixels
    0x3B76, 0x4376, 0x4396, 0x4376, 0x3B76, 0x3B55, 0x3B76, 0x3B76, 0x3AF4, 0x7499, 0xAE3D, 0xC6BC, 0xC699, 0xDED8, 0xF738, 0xF6F7, // 0x0E00 (3584) pixels
    0xF73A, 0xEF19, 0xDED9, 0xDEFA, 0xCEB9, 0xD6B9, 0xEF5B, 0xEF3A, 0xEF3A, 0xE71A, 0xDEB9, 0xDEB9, 0xE73B, 0xDF3B, 0xCEBA, 0xBE7A, // 0x0E10 (3600) pixels
    0x5BD3, 0x8D38, 0x9D79, 0x9D79, 0x7C97, 0x4353, 0x3B56, 0x43D9, 0x4396, 0x3B76, 0x3B75, 0x3B76, 0x4396, 0x4376, 0x4375, 0x4376, // 0x0E20 (3616) pixels
    0x4399, 0x4357, 0x4335, 0x4354, 0x32F2, 0x6436, 0xCEDE, 0xF7BF, 0xE79F, 0x8493, 0x528B, 0x5A4C, 0x830E, 0xDD74, 0xFE15, 0xE532, // 0x0E30 (3632) pixels
    0xF635, 0xD616, 0xAD96, 0x9D57, 0x6B91, 0x5AAC, 0xACF2, 0x9C4E, 0xADD5, 0x9471, 0x7208, 0xF533, 0x9AE7, 0xCDF4, 0x7CD3, 0x6CD8, // 0x0E40 (3648) pixels
    0x7CF9, 0x9D9A, 0x84B6, 0x8CF8, 0x8D5B, 0x4B95, 0x3B75, 0x4375, 0x3B97, 0x43B7, 0x3B76, 0x3B34, 0x4B75, 0x5BD6, 0x5B94, 0x5333, // 0x0E50 (3664) pixels
    0x6C35, 0x5BF5, 0x3B33, 0x3335, 0x3B97, 0x3B76, 0x4396, 0x4395, 0x4396, 0x4396, 0x4376, 0x4376, 0x4376, 0x4376, 0x4396, 0x4396, // 0x0E60 (3680) pixels
    0x4376, 0x4376, 0x3B76, 0x3B76, 0x3B76, 0x3B76, 0x3B76, 0x4376, 0x3B76, 0x4376, 0x4396, 0x3B76, 0x3B55, 0x3B55, 0x3B55, 0x3B76, // 0x0E70 (3696) pixels
    0x3B34, 0x855B, 0xBEBD, 0xCEBA, 0xD697, 0xEED7, 0xFF18, 0xFF18, 0xEED7, 0xFF58, 0xFF79, 0xEF38, 0xE6F7, 0xE6F8, 0xF73A, 0xEEF9, // 0x0E80 (3712) pixels
    0xDF1B, 0xD6BA, 0xCE7A, 0xD69A, 0xDEFA, 0xD6DA, 0xC69A, 0xBE9B, 0xC678, 0xE77C, 0xEFBC, 0xEFDE, 0xC6DC, 0x6C76, 0x3B75, 0x3377, // 0x0E90 (3728) pixels
    0x3B76, 0x3B76, 0x4396, 0x4BD7, 0x4BD7, 0x43B6, 0x4396, 0x4396, 0x3396, 0x4BB6, 0x5354, 0x5B33, 0x4AB0, 0x6BB2, 0xC5F8, 0xD636, // 0x0EA0 (3744) pixels
    0xBDFA, 0x6B6F, 0x62AC, 0x72AD, 0x8B2D, 0xDD52, 0xF5F2, 0xFE13, 0xFE76, 0xC4F2, 0x6ACC, 0x62CF, 0x624D, 0x7A8C, 0xC4B1, 0xDD11, // 0x0EB0 (3760) pixels
    0xCD13, 0xCCF3, 0xCC92, 0xFE78, 0xE571, 0xDE34, 0x83EF, 0x6B10, 0xA453, 0xCD55, 0x9BCE, 0xB575, 0xC69C, 0x4BB4, 0x2B55, 0x2B77, // 0x0EC0 (3776) pixels
    0x3376, 0x3B96, 0x3353, 0x4BB4, 0x8D9A, 0xC6FE, 0xBEBC, 0xADF8, 0xD77E, 0xAE3B, 0x5C15, 0x3B74, 0x3B96, 0x3B76, 0x43B6, 0x4395, // 0x0ED0 (3792) pixels
    0x4396, 0x4396, 0x4376, 0x4376, 0x4376, 0x4376, 0x4396, 0x4396, 0x4376, 0x3B76, 0x3B76, 0x3B76, 0x3B76, 0x3B76, 0x4376, 0x4396, // 0x0EE0 (3808) pixels
    0x3B76, 0x4376, 0x4396, 0x3B76, 0x3B55, 0x3B55, 0x3B55, 0x3B55, 0x43B5, 0x8DBB, 0xBEDD, 0xD6FA, 0xEF3A, 0xF739, 0xF6D8, 0xFEF8, // 0x0EF0 (3824) pixels
    0xF719, 0xF718, 0xF738, 0xF758, 0xF759, 0xF739, 0xEF1A, 0xEEB9, 0xCEDC, 0xC6BC, 0xCEBC, 0xD6DC, 0xCEBA, 0xC69A, 0xBE9B, 0xC6BD, // 0x0F00 (3840) pixels
    0xF717, 0xF759, 0xF77B, 0xE73A, 0xDF1B, 0xC69C, 0x5C36, 0x3356, 0x4395, 0x4395, 0x4375, 0x4BD6, 0x5418, 0x4BB7, 0x4396, 0x4396, // 0x0F10 (3856) pixels
    0x43B7, 0x4B55, 0x5270, 0x5A2D, 0x6A6C, 0x93D1, 0xA432, 0x8B50, 0x626D, 0x626C, 0x626C, 0x5A8D, 0x7B4D, 0xDDD2, 0xFE12, 0xCC8E, // 0x0F20 (3872) pixels
    0xEDD3, 0xBC72, 0x72AE, 0x626F, 0x5A10, 0x6A2E, 0xA38F, 0xBC10, 0xBC4F, 0xC451, 0xC450, 0xBC30, 0xCC93, 0xBC30, 0xC44F, 0xD4D2, // 0x0F30 (3888) pixels
    0xECF4, 0xDD14, 0xCCF2, 0xD553, 0xBD14, 0x63D3, 0x5C35, 0x5434, 0x3BD8, 0x2B14, 0x53F5, 0x9DDA, 0xCEBB, 0xEF7C, 0xF75A, 0xFF59, // 0x0F40 (3904) pixels
    0xF758, 0xF779, 0xD6B9, 0x9558, 0x4375, 0x3356, 0x3BB7, 0x3B95, 0x3B75, 0x43B6, 0x3B76, 0x4397, 0x4397, 0x4376, 0x4376, 0x4376, // 0x0F50 (3920) pixels
    0x4396, 0x4396, 0x4396, 0x4396, 0x4396, 0x3B76, 0x3B76, 0x3B76, 0x4337, 0x4398, 0x3B97, 0x3B53, 0x6C34, 0x9D79, 0x959B, 0x43B5, // 0x0F60 (3936) pixels
    0x43F8, 0x8DDC, 0xC6DA, 0xEF59, 0xFF39, 0xFED7, 0xFEF8, 0xF6F7, 0xEF3A, 0xDED9, 0xE6DA, 0xEF1B, 0xE6DB, 0xE6FB, 0xDF3B, 0xCF1A, // 0x0F70 (3952) pixels
    0xD6FB, 0xD6BA, 0xD69A, 0xCEBB, 0xC6DB, 0xBEDB, 0xC6DB, 0xCEDC, 0xE6D9, 0xEF1A, 0xE71B, 0xDEFA, 0xDF1C, 0xBE7C, 0x5C17, 0x3357, // 0x0F80 (3968) pixels
    0x3B96, 0x3B96, 0x3B96, 0x4397, 0x3B96, 0x3B76, 0x3B76, 0x4397, 0x43B7, 0x4B14, 0x4A2F, 0x51EC, 0x51EA, 0x62AC, 0x62CD, 0x628C, // 0x0F90 (3984) pixels
    0x626E, 0x6AAD, 0x6AEE, 0x62EE, 0x7B6D, 0xDD91, 0xFE12, 0xE530, 0xF613, 0xAC0F, 0x620A, 0x5A0D, 0x51CD, 0x6A6D, 0xB471, 0xABCE, // 0x0FA0 (4000) pixels
    0xDDD4, 0x9BAE, 0xAC2F, 0xBC91, 0x934D, 0xC4F2, 0x9B8B, 0xAC0E, 0xB42F, 0xB4B1, 0xA490, 0xAC6E, 0xCDD6, 0xB63B, 0xBF1F, 0xC71E, // 0x0FB0 (4016) pixels
    0x4C18, 0x3B74, 0x74D9, 0xAE5D, 0xC69B, 0xD6BA, 0xEEF9, 0xF738, 0xFF38, 0xFF38, 0xF719, 0xDEFB, 0x9558, 0x53F5, 0x4375, 0x4376, // 0x0FC0 (4032) pixels
    0x4397, 0x43B7, 0x4375, 0x4395, 0x4BB6, 0x4376, 0x4356, 0x4B97, 0x4396, 0x4396, 0x4396, 0x4396, 0x4396, 0x4396, 0x3B76, 0x3B76, // 0x0FD0 (4048) pixels
    0x4356, 0x3B56, 0x3355, 0x5C76, 0xB67B, 0xD73D, 0xC6FE, 0x959A, 0x3BB5, 0x8DBA, 0xC6DB, 0xEF3B, 0xFF5A, 0xFF39, 0xFF59, 0xEF39, // 0x0FE0 (4064) pixels
    0xE75A, 0xDED9, 0xDEB9, 0xE6BA, 0xDE9A, 0xD6DA, 0xD6FB, 0xCEDA, 0xCEBA, 0xCEBA, 0xD6BB, 0xCEDC, 0xC6FC, 0xBEDC, 0xBEBC, 0xC6BC, // 0x0FF0 (4080) pixels
    0xD69A, 0xDEFC, 0xD6DB, 0xD6DB, 0xCE9A, 0x9537, 0x4334, 0x3B57, 0x3B77, 0x3B77, 0x3BB7, 0x43B7, 0x3BB6, 0x43B6, 0x43B6, 0x43B6, // 0x1000 (4096) pixels
    0x3B55, 0x5334, 0x5270, 0x522D, 0x4A2B, 0x526B, 0x422A, 0x420A, 0x49EC, 0x628D, 0x72EE, 0x6B0F, 0x836D, 0xE591, 0xFE32, 0xFDD3, // 0x1010 (4112) pixels
    0xEDF2, 0xAC0E, 0x6229, 0x6AAE, 0x626E, 0x72EE, 0xCD73, 0xC4F1, 0xE614, 0xBCD1, 0xDDF5, 0xCD52, 0x936C, 0xF698, 0xA44D, 0xB4B0, // 0x1020 (4128) pixels
    0xA44E, 0x9C8F, 0xB551, 0xC570, 0xE6B7, 0xD6DC, 0xD73E, 0xD6FB, 0x95BC, 0x74B7, 0x95BB, 0xB69E, 0xC6BC, 0xD699, 0xEED8, 0xFF18, // 0x1030 (4144) pixels
    0xF6D8, 0xF697, 0xFEF8, 0xF739, 0xEF9C, 0xA5F9, 0x3AF2, 0x4B99, 0x3B77, 0x3B56, 0x3B55, 0x4375, 0x43B6, 0x4395, 0x3B56, 0x4377, // 0x1040 (4160) pixels
    0x4396, 0x4396, 0x4396, 0x4396, 0x4396, 0x4396, 0x4396, 0x3B76, 0x4375, 0x3355, 0x3B94, 0x7D58, 0xCF1C, 0xD6FA, 0xD6DA, 0xCEBA, // 0x1050 (4176) pixels
    0x7D16, 0xAE3B, 0xC67B, 0xD69A, 0xE6F9, 0xEF19, 0xEF3A, 0xDED9, 0xD71A, 0xCEB9, 0xD6DA, 0xDEDA, 0xDEBA, 0xD6BB, 0xD6FC, 0xD6FB, // 0x1060 (4192) pixels
    0xCEFB, 0xD6FB, 0xCEBB, 0xBE7A, 0xAE5A, 0xA65B, 0xA65B, 0xAE5C, 0xBE7B, 0xC6FD, 0xBEBC, 0xBEDB, 0xB69A, 0x8D57, 0x4BB4, 0x3B96, // 0x1070 (4208) pixels
    0x4397, 0x3B76, 0x3B96, 0x3B96, 0x43B6, 0x4BD6, 0x4395, 0x4BD5, 0x3B95, 0x4B74, 0x5AF1, 0x62F0, 0x62EE, 0x630E, 0x526C, 0x4A2C, // 0x1080 (4224) pixels
    0x4A0C, 0x628D, 0x6AEE, 0x6AEE, 0x834D, 0xE570, 0xF570, 0xDCAF, 0xEDD1, 0xC491, 0x7ACC, 0x7B0F, 0x6AD0, 0x6ACD, 0xCDB4, 0xE636, // 0x1090 (4240) pixels
    0xDD91, 0xF656, 0xEE55, 0xF675, 0xD553, 0xEE56, 0xDDB3, 0xDDD4, 0xE5F4, 0xC5B3, 0xE695, 0xE632, 0xFEF7, 0xE6FA, 0xDEFB, 0xE6D9, // 0x10A0 (4256) pixels
    0xBE9C, 0x9DB9, 0x9E1B, 0xA65C, 0xBEBC, 0xC678, 0xEEF8, 0xFF17, 0xEF38, 0xF6F8, 0xFF19, 0xEED7, 0xF7DA, 0xB679, 0x32F1, 0x3316, // 0x10B0 (4272) pixels
    0x3B56, 0x3B56, 0x3B76, 0x43B7, 0x4396, 0x3B76, 0x43B7, 0x43B7, 0x4396, 0x4396, 0x4396, 0x4396, 0x4396, 0x4396, 0x4376, 0x4376, // 0x10C0 (4288) pixels
    0x4396, 0x3375, 0x43D6, 0x95DB, 0xDF7E, 0xDED9, 0xE6F9, 0xE719, 0xD6FA, 0xDF1C, 0xCE5A, 0xCE39, 0xDED9, 0xE739, 0xE719, 0xD699, // 0x10D0 (4304) pixels
    0xB699, 0xBE99, 0xD6FB, 0xDF1C, 0xDEDB, 0xD6BB, 0xD6DC, 0xCEDC, 0xC6DB, 0xCEDC, 0xC67B, 0xAE1A, 0x95D9, 0x961B, 0x9E3C, 0x9E3C, // 0x10E0 (4320) pixels
    0xA61A, 0x9DFA, 0x7D79, 0x8DFB, 0xA69D, 0xA67D, 0x751A, 0x4C38, 0x3BB7, 0x43B7, 0x4BF8, 0x4396, 0x4395, 0x4395, 0x4395, 0x6478, // 0x10F0 (4336) pixels
    0x64F9, 0x5415, 0x5331, 0x6330, 0x630F, 0x62EE, 0x5A4D, 0x59EC, 0x420C, 0x5A8D, 0x730F, 0x730F, 0x8B6E, 0xE592, 0xDCCE, 0xB34B, // 0x1100 (4352) pixels
    0xF614, 0xC4B2, 0x7AAC, 0x6A4D, 0x6A6F, 0x72EE, 0xC554, 0xC553, 0xE5F5, 0xC4F2, 0xF677, 0xDDD4, 0x9BCE, 0xF699, 0xBCD1, 0xA40F, // 0x1110 (4368) pixels
    0xFE57, 0xBCF2, 0xCDB3, 0xE5F3, 0xF6D8, 0xEF3D, 0xDF1C, 0xEF3A, 0xB639, 0xA619, 0xA65B, 0xAE9D, 0xAE9C, 0xBE79, 0xE73A, 0xFF5A, // 0x1120 (4384) pixels
    0xE779, 0xE739, 0xEEDA, 0xFF7C, 0xE77B, 0xA658, 0x7517, 0x3B74, 0x4BB4, 0x4BD5, 0x3B35, 0x3336, 0x3B77, 0x3397, 0x3BB7, 0x3395, // 0x1130 (4400) pixels
    0x4396, 0x4396, 0x4396, 0x4396, 0x4396, 0x4396, 0x4396, 0x4376, 0x4398, 0x3B77, 0x3B76, 0x7CF9, 0xCEFD, 0xDEDA, 0xEF1A, 0xF75A, // 0x1140 (4416) pixels
    0xFF99, 0xF73A, 0xE699, 0xE6B9, 0xEF3A, 0xEF5A, 0xEF3A, 0xDEDA, 0xAE7A, 0xB67A, 0xC6BB, 0xD6FC, 0xD6BB, 0xC67B, 0xBE3B, 0xAE1A, // 0x1150 (4432) pixels
    0xAE5A, 0xBE9C, 0xC69C, 0xAE3B, 0x9E1B, 0x963B, 0x963C, 0x95FC, 0xBE7C, 0x8D59, 0x5C57, 0x651A, 0x753B, 0x64B8, 0x4BB5, 0x4394, // 0x1160 (4448) pixels
    0x3B95, 0x3355, 0x43B6, 0x3B75, 0x4BB6, 0x53F7, 0x4BB5, 0x6478, 0x6CF8, 0x5BF4, 0x5310, 0x62EE, 0x62CD, 0x6AEF, 0x624E, 0x59CC, // 0x1170 (4464) pixels
    0x4A4D, 0x5A8D, 0x62AD, 0x62AE, 0x834E, 0xEDD4, 0xF5D3, 0xED75, 0xF634, 0xABEF, 0x7A8C, 0x59EB, 0x61ED, 0x830F, 0xAC50, 0x6A27, // 0x1180 (4480) pixels
    0xFEBA, 0x728B, 0xC534, 0xD5B5, 0x51A7, 0xE639, 0x8BCF, 0x624B, 0xF5F8, 0x6209, 0x8B8E, 0xF6D9, 0xE69A, 0xCE7C, 0xBE7B, 0xDEDA, // 0x1190 (4496) pixels
    0xCEFC, 0xBE9B, 0xB67B, 0xBEDD, 0xAE3B, 0xC69B, 0xD6BA, 0xD658, 0xD6F8, 0xBDB4, 0xBD95, 0xD659, 0xD6DB, 0xC6FC, 0xC73E, 0xBE9D, // 0x11A0 (4512) pixels
    0xCF3D, 0xCF1E, 0x7CB7, 0x3B13, 0x3B55, 0x3B76, 0x3375, 0x33D5, 0x4396, 0x4396, 0x4396, 0x4396, 0x4396, 0x4396, 0x4396, 0x4396, // 0x11B0 (4528) pixels
    0x4378, 0x4398, 0x3336, 0x4BB6, 0x9DBA, 0xC65A, 0xDEDA, 0xF75B, 0xFF37, 0xF718, 0xF719, 0xF73A, 0xEF19, 0xDEF9, 0xDED9, 0xDEFA, // 0x11C0 (4544) pixels
    0xB69C, 0xB67B, 0xBE7A, 0xC69B, 0xC6BC, 0xBE7B, 0xAE1B, 0x9DBA, 0x9E1A, 0xB65C, 0xBE7D, 0xAE5C, 0x9E1B, 0x963B, 0x961C, 0x95DB, // 0x11D0 (4560) pixels
    0xEF3C, 0xB61B, 0x6477, 0x3B95, 0x3B74, 0x53D4, 0x6434, 0x8D17, 0x6C76, 0x6414, 0x7CB7, 0x7456, 0x7C56, 0x9519, 0x8477, 0x7C56, // 0x11E0 (4576) pixels
    0x63D4, 0x6BB3, 0x62EF, 0x5A8D, 0x5A8C, 0x62EE, 0x524D, 0x49AB, 0x39CC, 0x524C, 0x62AD, 0x7330, 0x836E, 0xB46F, 0xA36C, 0xABD1, // 0x11F0 (4592) pixels
    0xEDF3, 0xA3AD, 0xA3F0, 0x8B2F, 0x7A8F, 0xA3D1, 0xC4D2, 0x932B, 0xF699, 0x8B0D, 0xD5B5, 0xCD74, 0x5A08, 0xEE9A, 0x8BAE, 0x5A4B, // 0x1200 (4608) pixels
    0xFE7A, 0x51E8, 0x836E, 0xFEFB, 0xAC92, 0x7BB2, 0x7BD2, 0xAD15, 0xBD55, 0xA4B3, 0x9451, 0xACF4, 0x9C52, 0xBD56, 0xB4D4, 0xB4B3, // 0x1210 (4624) pixels
    0xB533, 0x9C2F, 0xCD95, 0xCD96, 0xC5D7, 0xAD56, 0x7B8E, 0x9410, 0xCDF5, 0xF77B, 0xD699, 0x9515, 0x9DB9, 0x855A, 0x4BB5, 0x43B5, // 0x1220 (4640) pixels
    0x4396, 0x4396, 0x4396, 0x4396, 0x4396, 0x4396, 0x4396, 0x4396, 0x4397, 0x43B8, 0x3B77, 0x4395, 0x8D9B, 0xBE9C, 0xD6FB, 0xE73B, // 0x1230 (4656) pixels
    0xF719, 0xF719, 0xF738, 0xEF18, 0xDED9, 0xCE99, 0xC67A, 0xC69A, 0xBEBD, 0xB67C, 0xBE7B, 0xC69B, 0xC6BC, 0xB69C, 0xAE3C, 0x9E1C, // 0x1240 (4672) pixels
    0x961B, 0xA61C, 0xAE1C, 0xA5FB, 0x961B, 0x961B, 0x9E1C, 0xA61C, 0xFF18, 0xEF7D, 0x95BA, 0x3B73, 0x4BD5, 0xAE5D, 0xD73E, 0xDF3C, // 0x1250 (4688) pixels
    0xC65A, 0xCE9B, 0xF79F, 0xB598, 0x6B0E, 0x62AD, 0x5A6C, 0x62AD, 0x4A0E, 0x5A6E, 0x5A0C, 0x5A2B, 0x5AAC, 0x630E, 0x5ACE, 0x5AAF, // 0x1260 (4704) pixels
    0x5AD0, 0x6B2F, 0x6B0E, 0x7B51, 0x7B4E, 0x936C, 0x7228, 0x9B90, 0xF673, 0xB42E, 0xD554, 0xAC32, 0x7A6D, 0x8B0D, 0xCCD1, 0xE594, // 0x1270 (4720) pixels
    0xD512, 0xC4B2, 0xCCF1, 0xDDB3, 0xCD53, 0xE617, 0xB4D2, 0xA431, 0xF616, 0xB4D2, 0xCDB5, 0xFEB8, 0x8B4D, 0x6ACE, 0x626C, 0xAC31, // 0x1280 (4736) pixels
    0xBC50, 0xBC0F, 0xB3CE, 0xCC70, 0xAB8D, 0xCC92, 0xB3AF, 0xC472, 0xB452, 0xA38E, 0xE5D5, 0xDDB5, 0xCD75, 0xBCF4, 0x930C, 0xAB8D, // 0x1290 (4752) pixels
    0xD571, 0xFF38, 0xFF79, 0xD676, 0xE77C, 0xCF3E, 0x6416, 0x4335, 0x4376, 0x4376, 0x4376, 0x4396, 0x4396, 0x4396, 0x4397, 0x4397, // 0x12A0 (4768) pixels
    0x4355, 0x4376, 0x4396, 0x3B95, 0x7519, 0xAE5B, 0xC6BA, 0xCED9, 0xEF3C, 0xE719, 0xE6F7, 0xDEF7, 0xDEFA, 0xCEFC, 0xBEBC, 0xB69B, // 0x12B0 (4784) pixels
    0xB67D, 0xBE9C, 0xC6BC, 0xC6BC, 0xBE9C, 0xAE5C, 0xA63C, 0x9E5D, 0x9E7D, 0xAE7D, 0xAE5D, 0xA63C, 0x9E1B, 0x961B, 0x9E1B, 0xA5FB, // 0x12C0 (4800) pixels
    0xFF18, 0xF75B, 0xD6DC, 0x8CD6, 0x8D17, 0xBE9B, 0xCEFA, 0xD719, 0xE75B, 0xE75A, 0xEF5B, 0xE71B, 0x632E, 0x39AA, 0x49EC, 0x5A0C, // 0x12D0 (4816) pixels
    0x49CB, 0x520C, 0x49CB, 0x520C, 0x628E, 0x7330, 0x62CE, 0x62CE, 0x6B4F, 0x7B4F, 0x730E, 0x6A8D, 0x62AF, 0x5A8D, 0x5A4B, 0x72EC, // 0x12E0 (4832) pixels
    0xB411, 0xC490, 0xDD34, 0x930F, 0x728E, 0x6A8C, 0xA451, 0xB493, 0xBCD3, 0xB493, 0xAC52, 0xAC71, 0xB471, 0xA3F0, 0xBC92, 0xB450, // 0x12F0 (4848) pixels
    0xAB90, 0xC430, 0xDCD2, 0xD4B3, 0xB412, 0xA3D0, 0xB451, 0xBC31, 0xBC51, 0xBC2F, 0x9B4C, 0xABAF, 0xB3CF, 0xA34C, 0x9B0B, 0xBBD0, // 0x1300 (4864) pixels
    0x9BAD, 0x934E, 0x934D, 0xBC91, 0xB471, 0xBC54, 0xBC53, 0xC470, 0xC535, 0xEF1B, 0xEF5A, 0xEF39, 0xF77C, 0xB61B, 0x5395, 0x5397, // 0x1310 (4880) pixels
    0x4396, 0x3356, 0x3BB8, 0x3397, 0x3396, 0x3B75, 0x4B96, 0x4B76, 0x3BB7, 0x3B96, 0x4C17, 0x7D7B, 0x7D79, 0x95D9, 0xB69B, 0xC6DB, // 0x1320 (4896) pixels
    0xE71B, 0xE6FA, 0xEF39, 0xEF39, 0xDED8, 0xCE99, 0xC6BB, 0xBEBC, 0xB6BC, 0xB69C, 0xBEBC, 0xB67B, 0xA61A, 0x9E1B, 0x8E1C, 0x8E3C, // 0x1330 (4912) pixels
    0xA63C, 0xAE5D, 0xAE5D, 0x9DDC, 0x8D59, 0x959A, 0xA61C, 0xAE3C, 0xE718, 0xEFBB, 0xE79D, 0xB67B, 0xBEBD, 0xCEFD, 0xCEDC, 0xCEBA, // 0x1340 (4928) pixels
    0xEF3A, 0xF75A, 0xEF19, 0xF75B, 0x8C52, 0x62EE, 0x6B0F, 0x7B0F, 0x7310, 0x6AEF, 0x7330, 0x7B51, 0x62AE, 0x62AE, 0x5A6D, 0x628E, // 0x1350 (4944) pixels
    0x528D, 0x628D, 0x6AAD, 0x6A8D, 0x6AF0, 0x6B10, 0x6ACD, 0x93D0, 0xD533, 0xDD51, 0xD4F1, 0x8ACD, 0x6A4D, 0x626A, 0x9C0F, 0x7269, // 0x1360 (4960) pixels
    0x59A9, 0x7AAC, 0x5969, 0x82AD, 0xCCF4, 0x8AED, 0x826D, 0x82AA, 0xA3CF, 0xA36B, 0x92C9, 0xA38D, 0x9B8F, 0xBCB2, 0xBCB2, 0xBC51, // 0x1370 (4976) pixels
    0xAC10, 0x82EA, 0xDDB5, 0xEE38, 0xC4B2, 0xE5D5, 0xE5B5, 0xCCF3, 0xEE36, 0xEE38, 0xDDB6, 0xE5F5, 0xCD33, 0xB411, 0xABAF, 0xDD31, // 0x1380 (4992) pixels
    0xE635, 0xE718, 0xDF38, 0xEF38, 0xEF59, 0xD6BA, 0xB619, 0xCEBC, 0xBE5B, 0x7455, 0x5BD4, 0x4BD4, 0x4394, 0x4353, 0x4396, 0x4357, // 0x1390 (5008) pixels
    0x4397, 0x3334, 0x5417, 0x8DBD, 0x855A, 0x8D7A, 0xAE5C, 0xB67C, 0xC67A, 0xCE9A, 0xDEDA, 0xDEFA, 0xCEB9, 0xC69A, 0xBE9B, 0xB69C, // 0x13A0 (5024) pixels
    0xB69D, 0xB67D, 0xB67D, 0xA61B, 0x95BB, 0x7D5A, 0x6CF9, 0x64FA, 0x64D7, 0x857A, 0x961B, 0x9DFA, 0x9DFA, 0xAE5B, 0xBE9B, 0xB65A, // 0x13B0 (5040) pixels
    0x74CD, 0x8D91, 0x95F4, 0x9E37, 0xBEFB, 0xC6DC, 0xC6BB, 0xC6BC, 0xEED9, 0xFF3A, 0xF719, 0xF75B, 0x9C93, 0x62CE, 0x6AAE, 0x72CE, // 0x13C0 (5056) pixels
    0x524D, 0x62CE, 0x628E, 0x5A6D, 0x62AE, 0x7310, 0x524C, 0x49EB, 0x6B0F, 0x5A6C, 0x72EF, 0x5A2C, 0x628E, 0x7331, 0x628C, 0xAC72, // 0x13D0 (5072) pixels
    0xFE55, 0xFEB5, 0xD531, 0x82ED, 0x7B0F, 0x730C, 0xBD12, 0xC513, 0xA3B0, 0xD573, 0xBC92, 0xABCF, 0xCD10, 0xB42E, 0xB410, 0xCCEF, // 0x13E0 (5088) pixels
    0xC4F3, 0xBC90, 0xCCF0, 0xDD74, 0xA3EF, 0xB4B1, 0xA3CD, 0xABEE, 0xB431, 0x6207, 0xB490, 0xD575, 0x830B, 0xE636, 0xCD33, 0x6208, // 0x13F0 (5104) pixels
    0xBCCF, 0xD554, 0x6206, 0xE614, 0xBC8F, 0x48C3, 0xABAE, 0xD4CF, 0xEEB8, 0xD6B9, 0xCEFA, 0xDF5B, 0xCE9A, 0xB5F9, 0xADFA, 0xBE5B, // 0x1400 (5120) pixels
    0xADD9, 0x9D79, 0x8D7A, 0x8D9B, 0x9E1D, 0x853B, 0x53D7, 0x4397, 0x4375, 0x53F7, 0x6458, 0x855B, 0x8D7B, 0x857A, 0x8D9A, 0x9DFC, // 0x1410 (5136) pixels
    0xAE7C, 0xBEBC, 0xBE9B, 0xBE7A, 0xBE7A, 0xBE9B, 0xAE7C, 0xA65D, 0x9DFB, 0x9DFB, 0x9DFB, 0x9DDB, 0x95DC, 0x7D5B, 0x5C99, 0x5479, // 0x1420 (5152) pixels
    0x5456, 0x7D79, 0xA63B, 0xB65A, 0xCEBA, 0xDF5C, 0xDF3B, 0xCEB9, 0x4429, 0x4C4A, 0x4C2A, 0x544B, 0x750F, 0x7D51, 0x9E14, 0xB6F8, // 0x1430 (5168) pixels
    0xDEB9, 0xF77B, 0xF77C, 0xF79D, 0x9473, 0x520C, 0x5A2D, 0x72EF, 0x3989, 0x62AE, 0x5A6D, 0x4A0C, 0x5A8D, 0x7B71, 0x524C, 0x4A0C, // 0x1440 (5184) pixels
    0x62AF, 0x51EB, 0x6A8E, 0x51EC, 0x522D, 0x6ACF, 0x626C, 0xAC72, 0xF633, 0xFE74, 0xBC8F, 0x59C9, 0x5A4D, 0x5209, 0x7AEA, 0xA3AD, // 0x1450 (5200) pixels
    0xB411, 0xB42F, 0xB431, 0xBC51, 0xBC6F, 0xC4D2, 0xBC71, 0xC4D0, 0xC535, 0xBC91, 0xC4D1, 0xC4F2, 0xAC50, 0xCD94, 0xCD31, 0xD553, // 0x1460 (5216) pixels
    0xB412, 0x9B4D, 0xB42F, 0xDD75, 0xAC0F, 0xD573, 0xC4D2, 0xB451, 0xD572, 0xCD13, 0xB471, 0xF676, 0xDD93, 0xB3EF, 0xBC30, 0xD4CF, // 0x1470 (5232) pixels
    0xF6FB, 0xCE9A, 0xBE9B, 0xC6FD, 0xA5FA, 0x7497, 0x53F6, 0x3B53, 0x4375, 0x3B55, 0x43B7, 0x3B54, 0x3B33, 0x4B74, 0x3B34, 0x3B76, // 0x1480 (5248) pixels
    0x5416, 0x7D5B, 0x857B, 0x857B, 0x8DDB, 0x8DDC, 0x7559, 0x7D9A, 0x95FB, 0xA65D, 0xAE9D, 0xAE9C, 0xB69C, 0xAE7D, 0xA63C, 0x9E1D, // 0x1490 (5264) pixels
    0x95DA, 0x95FA, 0x9DFB, 0x961C, 0x9E5E, 0x85BC, 0x64D9, 0x5CB9, 0x95BB, 0xB67D, 0xC69C, 0xCE79, 0xE6D9, 0xF77B, 0xF75A, 0xEF18, // 0x14A0 (5280) pixels
    0x446A, 0x4C6A, 0x4C8A, 0x4428, 0x4C68, 0x4C48, 0x54CA, 0x758D, 0x9DF4, 0xB6B7, 0xCF5A, 0xE7BD, 0x94B4, 0x524D, 0x5A6E, 0x7B30, // 0x14B0 (5296) pixels
    0x5AAE, 0x62CE, 0x5AAE, 0x5AAE, 0x5A8D, 0x7351, 0x5AAE, 0x62AE, 0x6B10, 0x628E, 0x7B30, 0x72F0, 0x6AF0, 0x7310, 0x72EE, 0xAC52, // 0x14C0 (5312) pixels
    0xFE95, 0xFE94, 0xBC90, 0x51AB, 0x418C, 0x520A, 0x8B4C, 0x8ACA, 0x7A8B, 0x7AAC, 0x82EC, 0x9BAE, 0x726B, 0xB451, 0xAC4F, 0x8B2D, // 0x14D0 (5328) pixels
    0x7ACE, 0xC4B3, 0x9B6D, 0x7249, 0xAC51, 0xA470, 0xC512, 0xBCB0, 0x9B70, 0x82EC, 0xC4D2, 0xA3EF, 0x938C, 0xAC2E, 0xAC4F, 0xAC10, // 0x14E0 (5344) pixels
    0x938B, 0x9BAF, 0xB452, 0xA40E, 0xB42F, 0xABAF, 0xBBF0, 0xED73, 0xEE98, 0xCE58, 0xC677, 0xDF3A, 0xDF5C, 0xC6DC, 0xB69C, 0x9DFA, // 0x14F0 (5360) pixels
    0x5C16, 0x43B6, 0x4C18, 0x43B6, 0x4375, 0x4B95, 0x3334, 0x43F8, 0x6CFB, 0x859C, 0x85BC, 0x857B, 0x7D59, 0x85BB, 0x7D9B, 0x7DBB, // 0x1500 (5376) pixels
    0x8D99, 0x9E1B, 0xA65C, 0xA65C, 0xA65C, 0x9E1C, 0x95DC, 0x95FD, 0x961B, 0x961C, 0x95FC, 0x8DBB, 0x8DBC, 0x7D7B, 0x6CF9, 0x753A, // 0x1510 (5392) pixels
    0xAE3C, 0xC69C, 0xCE9B, 0xDE99, 0xEF19, 0xF75A, 0xF759, 0xEF39, 0x3C2C, 0x3C0B, 0x3C4B, 0x3C09, 0x4469, 0x3C48, 0x4488, 0x44C8, // 0x1520 (5408) pixels
    0x4C4C, 0x54CC, 0x6D4F, 0x9614, 0x7C51, 0x62CE, 0x6ACE, 0x8350, 0x522C, 0x6B0F, 0x6AEF, 0x62CE, 0x5A8D, 0x7330, 0x522C, 0x62CF, // 0x1530 (5424) pixels
    0x62CF, 0x49AA, 0x8330, 0x626E, 0x5A2D, 0x7B51, 0x6ACD, 0xBCD3, 0xFE34, 0xFE95, 0xAC50, 0x5A4E, 0x4A0F, 0x62AD, 0xDDD5, 0xEDB4, // 0x1540 (5440) pixels
    0xCD11, 0xDD95, 0xEE35, 0xB48E, 0x5166, 0xDDB4, 0xEE95, 0xA3EF, 0x5148, 0xFE7A, 0xBC71, 0x828B, 0xDDD8, 0x834D, 0xC554, 0xB471, // 0x1550 (5456) pixels
    0x72CE, 0x8B8E, 0xD5F6, 0x72A9, 0xA44F, 0xF6B8, 0x8B6C, 0x830D, 0xEE36, 0xBCB4, 0x82CD, 0xEE17, 0xD553, 0x826A, 0xAB6E, 0xF573, // 0x1560 (5472) pixels
    0xEE98, 0xE6D9, 0xE738, 0xF757, 0xFF98, 0xFF79, 0xFF9A, 0xFF99, 0xC678, 0xB65A, 0x9DFA, 0x8579, 0x95DB, 0x95BC, 0x5C57, 0x4C38, // 0x1570 (5488) pixels
    0x6D3C, 0x753C, 0x7D3A, 0x959B, 0x959A, 0x959A, 0x8D7A, 0xA65D, 0xC69B, 0xBE9B, 0xB65A, 0xAE3A, 0xA63B, 0x95DB, 0x859B, 0x7D5B, // 0x1580 (5504) pixels
    0x8DDD, 0x859C, 0x751B, 0x5C78, 0x5C57, 0x6C97, 0x7D19, 0x9DDB, 0xB69B, 0xC6BB, 0xCEDA, 0xD6FA, 0xE71A, 0xE719, 0xDEF8, 0xD6D8, // 0x1590 (5520) pixels
    0x2BAC, 0x234B, 0x1B4B, 0x1B6B, 0x2BAB, 0x2BCB, 0x3C6C, 0x342A, 0x3C2B, 0x3429, 0x33E9, 0x53EC, 0x5B4D, 0x62CE, 0x72AE, 0x8330, // 0x15A0 (5536) pixels
    0x3989, 0x7350, 0x7371, 0x62EF, 0x5AAE, 0x6B0F, 0x41AA, 0x62CE, 0x6AEF, 0x3928, 0x8330, 0x5A0C, 0x49AA, 0x7330, 0x6AAC, 0xBCF3, // 0x15B0 (5552) pixels
    0xDD4F, 0xEE12, 0x9BEE, 0x626F, 0x5A90, 0x62AC, 0xDDB3, 0xFE54, 0xF632, 0xE571, 0xFE74, 0xD52F, 0x932B, 0xF655, 0xF654, 0xB430, // 0x15C0 (5568) pixels
    0x9B4D, 0xFE77, 0xBC2E, 0x8ACB, 0xDDD7, 0x5208, 0xBD14, 0x93AF, 0x49CA, 0x6ACB, 0xCDB5, 0x834B, 0x9BCD, 0xF677, 0x6A07, 0x828B, // 0x15D0 (5584) pixels
    0xFF19, 0xAC30, 0x40C4, 0xEE36, 0xEE15, 0xB3CE, 0xE533, 0xFDF4, 0xEE78, 0xE6D9, 0xEF7B, 0xEF39, 0xF6F7, 0xF6D7, 0xFF17, 0xFF35, // 0x15E0 (5600) pixels
    0xFF59, 0xDF1A, 0xB67A, 0xB67C, 0xB63C, 0xBE9D, 0x9DFB, 0x6496, 0x6D1A, 0x7D5A, 0x9DBA, 0xC69C, 0xD6FD, 0xC67A, 0xB5D8, 0xD6FC, // 0x15F0 (5616) pixels
    0xF75B, 0xE71A, 0xD6FA, 0xC6BB, 0xB69C, 0xA63C, 0x8D7B, 0x6CB8, 0x5479, 0x5458, 0x5437, 0x4C16, 0x6CB7, 0x95BA, 0xB65B, 0xCEFD, // 0x1600 (5632) pixels
    0xC6DB, 0xC6BB, 0xCEDB, 0xCEDA, 0xD6D9, 0xD6D9, 0xDF1A, 0xDF1A, 0x1B4C, 0x130C, 0x0ACC, 0x0AAD, 0x026C, 0x026A, 0x2B8D, 0x236C, // 0x1610 (5648) pixels
    0x2B89, 0x2BA9, 0x2B48, 0x3B4A, 0x5B2E, 0x7B51, 0x8311, 0x9392, 0x7351, 0x62CE, 0x41EB, 0x522C, 0x5AAE, 0x7B91, 0x524C, 0x62CF, // 0x1620 (5664) pixels
    0x6B10, 0x5A2C, 0x8B91, 0x8330, 0x626D, 0x730F, 0x7B4D, 0xAC50, 0xE56F, 0xEDF1, 0xAC4F, 0x5A6E, 0x524F, 0x736D, 0xE612, 0xFE11, // 0x1630 (5680) pixels
    0xFE11, 0xFDF0, 0xFE31, 0xFE33, 0xFE35, 0xFE13, 0xFE34, 0xFE57, 0xFE76, 0xFE13, 0xE571, 0xDD53, 0xEE59, 0x49C7, 0xBD35, 0x93B0, // 0x1640 (5696) pixels
    0x5A0B, 0x72CC, 0xCD54, 0x938D, 0xB42F, 0xFEB8, 0xC451, 0xDCF5, 0xFEF7, 0xC513, 0xB451, 0xE615, 0xF654, 0xC46F, 0xD490, 0xE530, // 0x1650 (5712) pixels
    0xEEB8, 0xCE58, 0xCEFB, 0xCEDB, 0xD6DB, 0xE71B, 0xEF59, 0xEF36, 0xEF1A, 0xD6FC, 0x9DB9, 0xAE5C, 0xBE7C, 0xC65B, 0xC69B, 0xB67A, // 0x1660 (5728) pixels
    0x859A, 0x8D78, 0xB65A, 0xE73C, 0xEF1A, 0xEF19, 0xEEF8, 0xF739, 0xFF17, 0xFF39, 0xF75A, 0xD71B, 0xBEBB, 0xAE7C, 0x95FC, 0x7D3A, // 0x1670 (5744) pixels
    0x4C37, 0x4C37, 0x5CB9, 0x755A, 0x9E5C, 0xC73D, 0xCEFB, 0xCE98, 0xC69B, 0xCEBB, 0xD6FC, 0xD6FC, 0xD6BA, 0xDEDA, 0xE6DA, 0xE6D9, // 0x1680 (5760) pixels
    0x1A8E, 0x0A0C, 0x01AB, 0x018C, 0x014B, 0x096C, 0x118D, 0x114C, 0x116B, 0x096B, 0x016B, 0x116B, 0x218D, 0x31EE, 0x3A4F, 0x3A70, // 0x1690 (5776) pixels
    0x5351, 0x21EC, 0x08E9, 0x114B, 0x2A0E, 0x2A0E, 0x21CC, 0x21AC, 0x39ED, 0x422D, 0x62EF, 0x7B90, 0x83F0, 0x734D, 0x83AD, 0xA491, // 0x16A0 (5792) pixels
    0xBCCF, 0x9C2F, 0x734F, 0x5AAF, 0x526D, 0x838F, 0xD592, 0xFE52, 0xFE13, 0xFDF2, 0xE571, 0xC46E, 0xFDD4, 0xF573, 0xED93, 0xEE14, // 0x16B0 (5808) pixels
    0xFD74, 0xFE14, 0xC54F, 0xC612, 0xBE32, 0x7C4A, 0x8D11, 0x63F0, 0x524C, 0x6B09, 0xAD2E, 0x7C2B, 0x8C4E, 0xC593, 0xD5D4, 0xD5F3, // 0x16C0 (5824) pixels
    0xD5D4, 0xEE74, 0xE692, 0xDE33, 0xBD32, 0x740E, 0x742C, 0xC4AF, 0xADB0, 0x7D0B, 0x8D4E, 0xA633, 0xB71A, 0xC6BB, 0xEF1C, 0xE71A, // 0x16D0 (5840) pixels
    0xC6BC, 0xBE7C, 0xB67D, 0xB69D, 0xB65C, 0xBE5B, 0xC67A, 0xCE7A, 0xBE5A, 0xA5BA, 0xBE5B, 0xE75A, 0xF778, 0xF739, 0xF75A, 0xEF58, // 0x16E0 (5856) pixels
    0xEF19, 0xFF7A, 0xFF18, 0xFF18, 0xEEF9, 0xCE9A, 0xB69C, 0x8DDB, 0x4C57, 0x7D7B, 0x9DFB, 0x95BA, 0xAE5C, 0xC6DE, 0xCEDD, 0xCE9B, // 0x16F0 (5872) pixels
    0xC67A, 0xCEDB, 0xDF3C, 0xE75B, 0xEF19, 0xE6F9, 0xD6FA, 0xCF1D, 0x09AC, 0x016C, 0x014B, 0x094C, 0x094D, 0x114C, 0x114C, 0x092B, // 0x1700 (5888) pixels
    0x094B, 0x096B, 0x096B, 0x012B, 0x090B, 0x112B, 0x114B, 0x114B, 0x198B, 0x114A, 0x114B, 0x116C, 0x116C, 0x114B, 0x114B, 0x116B, // 0x1710 (5904) pixels
    0x192C, 0x110A, 0x194B, 0x218C, 0x39ED, 0x31CC, 0x420D, 0x528F, 0x21CA, 0x11AA, 0x19CC, 0x2A2E, 0x3A0C, 0x6AEC, 0xB42F, 0xC42D, // 0x1720 (5920) pixels
    0xC48E, 0x9BAA, 0xB4CF, 0xB4F0, 0xA4AF, 0x9C4D, 0xB510, 0xACEF, 0x9D0E, 0x956E, 0x64CA, 0x5488, 0x5CC8, 0x54A7, 0x650B, 0x440A, // 0x1730 (5936) pixels
    0x332D, 0x32EA, 0x546C, 0x3408, 0x3408, 0x4409, 0x43E8, 0x4448, 0x4CEB, 0x75AD, 0x7D2A, 0x6468, 0x4429, 0x344B, 0x3429, 0x33E5, // 0x1740 (5952) pixels
    0x44C8, 0x4C48, 0x4449, 0x448C, 0x9696, 0xCF3C, 0xD6FB, 0xCEB9, 0xC6DC, 0xBE9B, 0xAE5B, 0xA63B, 0xA63B, 0xB65B, 0xC69B, 0xCEBB, // 0x1750 (5968) pixels
    0xCEFD, 0xAE3C, 0xAE5B, 0xCEFA, 0xDF19, 0xDEFA, 0xDEDA, 0xCEB9, 0xD6D8, 0xEF5A, 0xF73A, 0xF73A, 0xE6FA, 0xC6BB, 0xAE9D, 0x8E1D, // 0x1760 (5984) pixels
    0x64D9, 0x7D7A, 0x8D9A, 0x8D99, 0x9E1C, 0xAE9D, 0xBE9C, 0xC69B, 0xBEBC, 0xBE9B, 0xBE7A, 0xCE98, 0xE6F8, 0xEF39, 0xDF1A, 0xCEBA, // 0x1770 (6000) pixels
    0x094C, 0x096C, 0x094C, 0x092D, 0x092D, 0x094C, 0x092B, 0x092B, 0x010A, 0x094B, 0x098C, 0x096C, 0x096C, 0x096B, 0x098B, 0x09AA, // 0x1780 (6016) pixels
    0x092A, 0x116B, 0x118C, 0x118C, 0x094C, 0x094C, 0x116C, 0x118C, 0x096D, 0x012C, 0x014C, 0x012B, 0x096C, 0x096B, 0x11AC, 0x11CC, // 0x1790 (6032) pixels
    0x01ED, 0x018B, 0x01CC, 0x0A2C, 0x222A, 0x5B0C, 0x9C30, 0xAC2F, 0xBC30, 0xAC2F, 0x9C8F, 0x63EB, 0x43A9, 0x3BC8, 0x43E9, 0x4388, // 0x17A0 (6048) pixels
    0x3C89, 0x44C9, 0x44E9, 0x4467, 0x5CC7, 0x6D87, 0x5D88, 0x4509, 0x23CC, 0x12CA, 0x130B, 0x13A8, 0x2C68, 0x3408, 0x33C8, 0x3C08, // 0x17B0 (6064) pixels
    0x2468, 0x2CA9, 0x5489, 0x74A9, 0x54AA, 0x2C2B, 0x2428, 0x24C6, 0x2CA7, 0x4C07, 0x4C2A, 0x342A, 0x6CCE, 0xB657, 0xD75C, 0xC6DB, // 0x17C0 (6080) pixels
    0xBEBA, 0xAE59, 0xA63A, 0xA65B, 0xA65C, 0xAE5B, 0xB69C, 0xBEBC, 0xA65C, 0x95DB, 0x8DBA, 0xA639, 0xBE79, 0xC69B, 0xC69C, 0xBEBB, // 0x17D0 (6096) pixels
    0xBEBA, 0xC6BA, 0xCEB9, 0xD6B9, 0xCEDB, 0xBE9C, 0x95DB, 0x751A, 0x751A, 0x8D7A, 0x9DDB, 0xA63C, 0xA67C, 0xAE9D, 0xB69C, 0xBE9B, // 0x17E0 (6112) pixels
    0xAE7C, 0xB69C, 0xBE9B, 0xCEB9, 0xEEF8, 0xF738, 0xEF18, 0xDED9, 0x11CC, 0x1A0D, 0x11CD, 0x014B, 0x096C, 0x11AC, 0x11CC, 0x11CB, // 0x17F0 (6128) pixels
    0x11AC, 0x09AC, 0x098C, 0x096C, 0x098C, 0x09CC, 0x09EB, 0x09EA, 0x11AC, 0x118C, 0x096C, 0x094C, 0x096D, 0x118D, 0x118D, 0x096C, // 0x1800 (6144) pixels
    0x016B, 0x018C, 0x122D, 0x0A0B, 0x0A0A, 0x0A49, 0x1ACA, 0x1AE9, 0x1AAD, 0x0A6C, 0x128C, 0x12AB, 0x0A49, 0x2269, 0x3AEA, 0x42A9, // 0x1810 (6160) pixels
    0x72ED, 0x6B6D, 0x4B4A, 0x2B48, 0x2C29, 0x2C09, 0x33A8, 0x4BEA, 0x4C29, 0x4C49, 0x546A, 0x64AB, 0x74EA, 0x7D48, 0x6D07, 0x6508, // 0x1820 (6176) pixels
    0x4CCA, 0x33AB, 0x1AAA, 0x1AEA, 0x438B, 0x638B, 0x738C, 0x734C, 0x3B08, 0x2BCB, 0x43EB, 0x842C, 0x7BCC, 0x4B6C, 0x33AB, 0x4CC9, // 0x1830 (6192) pixels
    0x54A9, 0x7C2B, 0x842D, 0x644D, 0x638A, 0x9C90, 0xCE79, 0xB69B, 0xB6BB, 0xAE7B, 0xA67B, 0xA67C, 0x9E3C, 0x9E1C, 0x9E1C, 0xA61C, // 0x1840 (6208) pixels
    0x95FC, 0x8DDC, 0x95FC, 0xA65B, 0xBE9B, 0xCEBB, 0xC6BC, 0xC6DD, 0xB6FD, 0xB6BC, 0xC6DC, 0xCEDC, 0xC6DC, 0xAE3B, 0x8579, 0x7539, // 0x1850 (6224) pixels
    0x8D9B, 0xA61B, 0xBE9C, 0xC6DD, 0xBEBC, 0xB69B, 0xC6BB, 0xC699, 0xBE5A, 0xC69B, 0xD6FB, 0xE71A, 0xF718, 0xFEF7, 0xF718, 0xF739, // 0x1860 (6240) pixels
    0x0A0A, 0x1A8C, 0x126C, 0x01EB, 0x0A0B, 0x128C, 0x1AAD, 0x128B, 0x226F, 0x1A2E, 0x09CC, 0x018B, 0x09EC, 0x122D, 0x124D, 0x122C, // 0x1870 (6256) pixels
    0x11AC, 0x118C, 0x096C, 0x096D, 0x118D, 0x118D, 0x096C, 0x096C, 0x09AA, 0x09EA, 0x1A6C, 0x1A6B, 0x1AAA, 0x230A, 0x33AA, 0x2BA9, // 0x1880 (6272) pixels
    0x224B, 0x1A2B, 0x120B, 0x09EB, 0x01CA, 0x020A, 0x126A, 0x1ACB, 0x234D, 0x132B, 0x1B6A, 0x23CA, 0x33A9, 0x5BCB, 0x8C0E, 0x9BCE, // 0x1890 (6288) pixels
    0x9C2D, 0x7C2D, 0x3B69, 0x3C0B, 0x444A, 0x5C88, 0x74EA, 0x748A, 0x6588, 0x64EB, 0x334B, 0x1A6C, 0x2A2C, 0x4A2A, 0x622C, 0x59AC, // 0x18A0 (6304) pixels
    0x526C, 0x32ED, 0x0A8A, 0x32A9, 0x624A, 0x5A6D, 0x330C, 0x3BEB, 0x4B87, 0x842D, 0x93EF, 0x840E, 0x73CC, 0xA42F, 0xBCF4, 0xC6BB, // 0x18B0 (6320) pixels
    0xAE5B, 0xAE7B, 0xA63B, 0x95DA, 0x857A, 0x857B, 0x857B, 0x857B, 0x859C, 0x8DFC, 0x9E3C, 0xAE7C, 0xCEBB, 0xD6DA, 0xCE9A, 0xC67A, // 0x18C0 (6336) pixels
    0x9E7E, 0x8D9A, 0x8D58, 0x9DB8, 0xAE5B, 0xAE5B, 0x95DA, 0x95FB, 0xA61B, 0xBE5B, 0xCE9B, 0xCEBB, 0xC69A, 0xCEBA, 0xE75B, 0xF75A, // 0x18D0 (6352) pixels
    0xEEFA, 0xDED9, 0xDED9, 0xEF18, 0xFF37, 0xFF17, 0xFF17, 0xF739, 0x0228, 0x12CB, 0x1AEC, 0x12AB, 0x12AB, 0x1ACC, 0x12AC, 0x0A4B, // 0x18E0 (6368) pixels
    0x09EB, 0x01CB, 0x01AA, 0x01CB, 0x0A2C, 0x126D, 0x122C, 0x09CB, 0x118C, 0x118C, 0x116C, 0x118D, 0x118D, 0x096C, 0x096C, 0x118D, // 0x18F0 (6384) pixels
    0x09C9, 0x09A9, 0x11EB, 0x11EB, 0x1A6C, 0x22AC, 0x22EC, 0x1AAA, 0x094B, 0x094C, 0x094D, 0x014D, 0x016D, 0x018C, 0x01AB, 0x122B, // 0x1900 (6400) pixels
    0x0249, 0x02C9, 0x0B69, 0x33C9, 0x5389, 0x8BED, 0xB451, 0xA3AF, 0x840D, 0x6C4E, 0x1AC9, 0x0B0A, 0x0B49, 0x2BC9, 0x54EC, 0x4C4B, // 0x1910 (6416) pixels
    0x54C7, 0x5488, 0x336A, 0x1ACD, 0x09EC, 0x29EB, 0x39CC, 0x316D, 0x6A6F, 0x628F, 0x1A0A, 0x124A, 0x522C, 0x7A4E, 0x4A8C, 0x2B0C, // 0x1920 (6432) pixels
    0x3B6A, 0x4B4B, 0x7BAE, 0x738D, 0x52CA, 0xA410, 0xB452, 0xC5F8, 0xBEBC, 0xB69C, 0xAE5C, 0xA61C, 0x95DB, 0x857B, 0x855B, 0x8D9C, // 0x1930 (6448) pixels
    0x8D7B, 0x95FB, 0xA65C, 0xBE9C, 0xD6FC, 0xE73B, 0xDEFA, 0xC69B, 0x8D9B, 0x7CF8, 0x7CD6, 0x9578, 0xB69C, 0xBEFD, 0xAE7C, 0xAE9D, // 0x1940 (6464) pixels
    0xCF1D, 0xD73C, 0xD6DA, 0xD6B9, 0xCE99, 0xD6B9, 0xEF5B, 0xF719, 0xF71A, 0xEEF9, 0xE6F9, 0xF739, 0xFF58, 0xFF17, 0xF6F7, 0xF718, // 0x1950 (6480) pixels
    0x026A, 0x12CB, 0x1B2C, 0x1B0B, 0x1ACB, 0x128B, 0x0A0B, 0x018A, 0x020B, 0x0A2B, 0x1A4B, 0x1A6B, 0x1A8C, 0x124C, 0x11EC, 0x098C, // 0x1960 (6496) pixels
    0x118B, 0x094B, 0x094B, 0x094C, 0x094C, 0x094C, 0x096C, 0x116C, 0x11EB, 0x09AB, 0x098B, 0x016B, 0x09CC, 0x09AA, 0x09C9, 0x09C8, // 0x1970 (6512) pixels
    0x098C, 0x016C, 0x118D, 0x118E, 0x118E, 0x118D, 0x012B, 0x014B, 0x1209, 0x12CA, 0x236A, 0x5C6C, 0xA4EF, 0x9BEE, 0x838D, 0x73AE, // 0x1980 (6528) pixels
    0x3BCB, 0x3BCC, 0x0AAA, 0x022A, 0x0A49, 0x1B09, 0x2BEA, 0x1389, 0x2B69, 0x2B69, 0x1B29, 0x1B6C, 0x0A6B, 0x222C, 0x31CC, 0x31CB, // 0x1990 (6544) pixels
    0x620D, 0x930F, 0x626B, 0x2A0B, 0x3A0B, 0x8B0D, 0x6ACC, 0x222B, 0x3AEB, 0x3A49, 0x52CB, 0x5B0D, 0x41C8, 0x9BD1, 0xB472, 0xBD12, // 0x19A0 (6560) pixels
    0xBE7B, 0xB65A, 0xB63A, 0xB65B, 0xAE3C, 0x8D9A, 0x7D39, 0x857A, 0x9DBA, 0xA63A, 0xAE7B, 0xB65B, 0xBE7A, 0xCED9, 0xC6BA, 0xAE3B, // 0x19B0 (6576) pixels
    0x7CF7, 0x9DDA, 0xB69C, 0xC6BC, 0xC6BC, 0xB65B, 0xA61A, 0xAE5B, 0xCF1C, 0xD73C, 0xD6FA, 0xDEFA, 0xD6FB, 0xCEBB, 0xDEFB, 0xDEB9, // 0x19C0 (6592) pixels
    0xD69A, 0xD6DB, 0xDF1B, 0xE73A, 0xEF18, 0xFF17, 0xFF17, 0xFF18, 0x12AC, 0x12AB, 0x1AEB, 0x230C, 0x1A8B, 0x120B, 0x09AC, 0x014C, // 0x19D0 (6608) pixels
    0x0A6B, 0x1AAC, 0x22CC, 0x1A8A, 0x0A29, 0x01C9, 0x098B, 0x096C, 0x116B, 0x116B, 0x114C, 0x114C, 0x114C, 0x114C, 0x114B, 0x092B, // 0x19E0 (6624) pixels
    0x018C, 0x018C, 0x01AC, 0x018C, 0x120C, 0x1A6B, 0x332C, 0x4C0E, 0x2AAD, 0x120A, 0x11CA, 0x0989, 0x096A, 0x118C, 0x016C, 0x016D, // 0x19F0 (6640) pixels
    0x22AC, 0x234C, 0x2BAA, 0x53AA, 0x93CC, 0x9B2C, 0x8B8D, 0x638D, 0x33EB, 0x234A, 0x126A, 0x09EB, 0x224C, 0x434C, 0x3B8A, 0x338A, // 0x1A00 (6656) pixels
    0x0ACD, 0x0AEC, 0x1B8B, 0x242B, 0x0AC8, 0x220B, 0x316A, 0x41E9, 0x5ACD, 0x8BAD, 0x72AA, 0x420B, 0x222A, 0x636A, 0x634A, 0x2AAC, // 0x1A10 (6672) pixels
    0x522C, 0x832F, 0x7B2E, 0x7B90, 0x620C, 0x82EE, 0x8B8E, 0xB44E, 0xB618, 0xBE5A, 0xBE7A, 0xBE9B, 0xBEDC, 0xB6DD, 0xA67C, 0x9E5B, // 0x1A20 (6688) pixels
    0xBE9C, 0xC71B, 0xC73C, 0xB69C, 0xB63A, 0xBE79, 0xB6BB, 0xA63E, 0x9DD9, 0xBE9C, 0xCEFD, 0xC69C, 0xC69C, 0xBE7C, 0xB65C, 0xB67C, // 0x1A30 (6704) pixels
    0xB679, 0xCEDA, 0xCED9, 0xD71B, 0xCEFC, 0xB67B, 0xBE9B, 0xC65A, 0xB65B, 0xB67B, 0xB67B, 0xBE79, 0xDEB8, 0xFF38, 0xFF38, 0xFEF8, // 0x1A40 (6720) pixels
    0x09EC, 0x128C, 0x1AEB, 0x1AEB, 0x0A6B, 0x01CB, 0x09CC, 0x1A2E, 0x132A, 0x1B2B, 0x1ACB, 0x120B, 0x098B, 0x116C, 0x114C, 0x112C, // 0x1A50 (6736) pixels
    0x114D, 0x116D, 0x090B, 0x096B, 0x224D, 0x1A2A, 0x09E8, 0x1A89, 0x12C8, 0x230B, 0x0A2B, 0x01CA, 0x126C, 0x2B4C, 0x442B, 0x4C8A, // 0x1A60 (6752) pixels
    0x446A, 0x33E8, 0x33A9, 0x2B0B, 0x1A4D, 0x09CD, 0x01EC, 0x1ACD, 0x2389, 0x3B6A, 0x636C, 0x8B8E, 0x930E, 0x936F, 0x8C10, 0x636D, // 0x1A70 (6768) pixels
    0x1BC9, 0x1AEB, 0x122B, 0x230B, 0x4CA9, 0x6D28, 0x6CC8, 0x53E8, 0x1B4A, 0x22EB, 0x0ACB, 0x1BEB, 0x4CAA, 0x6C8A, 0x52E9, 0x49AB, // 0x1A80 (6784) pixels
    0x628B, 0x8370, 0x5A4C, 0x41CA, 0x39EA, 0x42CB, 0x63CD, 0x63EC, 0x498C, 0x5A2D, 0x93F2, 0x9BF1, 0x832D, 0x51C8, 0x72ED, 0x8390, // 0x1A90 (6800) pixels
    0xB4D4, 0xD5F9, 0xC61A, 0xC6BD, 0xC6FE, 0xB67C, 0xC6BD, 0xBE7B, 0xC6BA, 0xCEFB, 0xCEFC, 0xC6DC, 0xC6BC, 0xBEBC, 0xBEBB, 0xB69B, // 0x1AA0 (6816) pixels
    0xB69C, 0xBEDD, 0xC69D, 0xB67C, 0xB69C, 0xB6DB, 0xB69A, 0xB659, 0xB63A, 0xAE1A, 0xBE9B, 0xCEFD, 0xBE9C, 0xA61A, 0x95DA, 0x95FB, // 0x1AB0 (6832) pixels
    0x965D, 0x961C, 0x961C, 0x95FB, 0x9E39, 0xCED9, 0xEF18, 0xFF17, 0x122C, 0x1AAC, 0x1ACB, 0x128B, 0x0A2B, 0x09CC, 0x09AC, 0x11CD, // 0x1AC0 (6848) pixels
    0x1B0B, 0x1AEC, 0x126B, 0x09CB, 0x094B, 0x114C, 0x114C, 0x114D, 0x016A, 0x120B, 0x1A4B, 0x22AB, 0x3BAD, 0x43CC, 0x336A, 0x338B, // 0x1AD0 (6864) pixels
    0x2348, 0x2B6B, 0x22EC, 0x1A8C, 0x126C, 0x1ACA, 0x338A, 0x444A, 0x4C8A, 0x4C6A, 0x4C6C, 0x43AD, 0x228C, 0x09EB, 0x0A4A, 0x2B4B, // 0x1AE0 (6880) pixels
    0x2BE9, 0x4BA9, 0x9C8F, 0xAC70, 0x9BEF, 0x842F, 0x5BCC, 0x4369, 0x1B49, 0x122A, 0x118C, 0x226D, 0x3BAC, 0x5449, 0x6CEA, 0x6CEA, // 0x1AF0 (6896) pixels
    0x6D0C, 0x5C4D, 0x2B4B, 0x134A, 0x2BA9, 0x4BEA, 0x430A, 0x31C9, 0x41CA, 0x6AAD, 0x6AAE, 0x628E, 0x62F0, 0x424B, 0x4AEB, 0x5B8B, // 0x1B00 (6912) pixels
    0x5A2D, 0x4149, 0x5A0A, 0x93D0, 0x834E, 0x5A09, 0x8BB0, 0x6AAD, 0x7B4D, 0xB555, 0xCE7A, 0xBE7A, 0xB69B, 0xAE5A, 0xAE39, 0xB65A, // 0x1B10 (6928) pixels
    0xC69C, 0xCEBC, 0xCEBC, 0xCE9B, 0xC69B, 0xBE7B, 0xB65C, 0xAE5C, 0xB67A, 0xBE7B, 0xB61B, 0xA5DA, 0xA63A, 0xAE7B, 0xBE9B, 0xC6BB, // 0x1B20 (6944) pixels
    0xCEBB, 0xC67A, 0xC6BB, 0xCEDC, 0xB67B, 0xA61A, 0x9E1B, 0xA65C, 0x9DFA, 0xAE3B, 0xC69C, 0xBE5A, 0xBE18, 0xD698, 0xEEF8, 0xFF19, // 0x1B30 (6960) pixels
    0x128C, 0x1ACC, 0x128B, 0x0A2B, 0x09EC, 0x09CD, 0x098C, 0x118C, 0x0A0A, 0x09EB, 0x09CB, 0x096B, 0x094C, 0x094C, 0x114C, 0x114C, // 0x1B40 (6976) pixels
    0x0A6A, 0x2B4C, 0x33CB, 0x3C2A, 0x54AB, 0x4CAB, 0x4449, 0x444A, 0x3BE8, 0x2B48, 0x126A, 0x122C, 0x09EC, 0x09EA, 0x22AA, 0x2B2A, // 0x1B50 (6992) pixels
    0x2B89, 0x3389, 0x3BAB, 0x2B0C, 0x122A, 0x01C8, 0x0A47, 0x2328, 0x33AA, 0x63EC, 0x944E, 0x946E, 0x6C0B, 0x43E9, 0x3C27, 0x3C06, // 0x1B60 (7008) pixels
    0x1B87, 0x22CA, 0x11EC, 0x01CD, 0x0A4C, 0x2B2B, 0x3BEA, 0x3BE8, 0x6387, 0x7C2C, 0x4BAB, 0x1309, 0x12C9, 0x230B, 0x2AEB, 0x2A8B, // 0x1B70 (7024) pixels
    0x39CA, 0x5A6D, 0x7B10, 0x5A2E, 0x6290, 0x4A0C, 0x4AAC, 0x4ACA, 0x6ACF, 0x730F, 0x4188, 0x72CC, 0x93D0, 0x626B, 0x624C, 0x6A8E, // 0x1B80 (7040) pixels
    0x49A7, 0x9471, 0xC658, 0xC699, 0xBE99, 0xBEDA, 0xC6DB, 0xCEFC, 0xCEDD, 0xCE9B, 0xD69A, 0xD6BA, 0xD6DA, 0xCEBB, 0xBE5B, 0xAE1B, // 0x1B90 (7056) pixels
    0xC699, 0xCEBB, 0xC69C, 0xAE3B, 0x9E1A, 0xA63A, 0xBEDC, 0xD77E, 0xEF5C, 0xDEFB, 0xCEDB, 0xC6BC, 0xB67B, 0xA63B, 0x9E3B, 0x9E3C, // 0x1BA0 (7072) pixels
    0xB5F8, 0xCE59, 0xE6DB, 0xE6D9, 0xE6D9, 0xF75B, 0xF75B, 0xEF1B, 0x1ACD, 0x1ACC, 0x126B, 0x09EB, 0x098C, 0x096D, 0x094B, 0x094A, // 0x1BB0 (7088) pixels
    0x014A, 0x014A, 0x094C, 0x114C, 0x116D, 0x114C, 0x094C, 0x094B, 0x0A8A, 0x2B8C, 0x3C2B, 0x4489, 0x54E9, 0x4CC8, 0x4467, 0x4C89, // 0x1BC0 (7104) pixels
    0x4C6A, 0x3369, 0x1A6A, 0x120C, 0x018C, 0x018C, 0x120D, 0x122C, 0x122A, 0x122A, 0x122A, 0x120B, 0x09CB, 0x0A0A, 0x1ACA, 0x33AA, // 0x1BD0 (7120) pixels
    0x6C8E, 0x84CE, 0x742C, 0x540B, 0x33E9, 0x23A7, 0x3C48, 0x54A8, 0x4D09, 0x54AB, 0x334A, 0x01E8, 0x01CA, 0x1A8C, 0x2AAB, 0x2267, // 0x1BE0 (7136) pixels
    0x5A28, 0x8BAD, 0x63CC, 0x236A, 0x1B0B, 0x0A6A, 0x0A8B, 0x2B4D, 0x4AAC, 0x526D, 0x72F1, 0x59CE, 0x59ED, 0x5A4D, 0x5AAD, 0x4A6C, // 0x1BF0 (7152) pixels
    0x62AE, 0x83B1, 0x72ED, 0x7B2D, 0x93D0, 0x72ED, 0x49A9, 0x7B31, 0x6A8A, 0xA471, 0xBDB5, 0xDEF9, 0xDF3A, 0xCED9, 0xDF3B, 0xD6FB, // 0x1C00 (7168) pixels
    0xD6BA, 0xCE99, 0xD6B9, 0xDF1A, 0xE73A, 0xDF1A, 0xD6DA, 0xCEBA, 0xE75B, 0xDF1C, 0xCEDD, 0xBE9C, 0xB69B, 0xB69B, 0xBEBB, 0xC6DC, // 0x1C10 (7184) pixels
    0xD6DB, 0xC67A, 0xB63A, 0xAE5B, 0xA65C, 0x9E3C, 0x9E3C, 0x9E3C, 0xD699, 0xE6FA, 0xF75B, 0xEF1A, 0xDED9, 0xDEFA, 0xD71B, 0xD6FB, // 0x1C20 (7200) pixels
    0x124C, 0x122B, 0x11EB, 0x09AB, 0x118D, 0x094D, 0x114C, 0x19AB, 0x19AD, 0x118D, 0x114D, 0x114C, 0x114D, 0x114C, 0x096B, 0x098B, // 0x1C30 (7216) pixels
    0x01CB, 0x1AAB, 0x336B, 0x4429, 0x54A9, 0x5CC9, 0x54A9, 0x5489, 0x4C6A, 0x442B, 0x3B6D, 0x22AD, 0x01AC, 0x014B, 0x09AD, 0x09CC, // 0x1C40 (7232) pixels
    0x098C, 0x018B, 0x014B, 0x016B, 0x018B, 0x0A0B, 0x2B2B, 0x43EC, 0x7CEB, 0x6CAA, 0x4C28, 0x2327, 0x1B4A, 0x1B2B, 0x12C8, 0x338A, // 0x1C50 (7248) pixels
    0x5D28, 0x6D29, 0x6468, 0x4BA8, 0x4B6B, 0x52EC, 0x5A8C, 0x6B0E, 0x7AAE, 0x8B4E, 0x534B, 0x234A, 0x234C, 0x0A8A, 0x0AA8, 0x33AA, // 0x1C60 (7264) pixels
    0x4B4B, 0x322A, 0x524F, 0x622F, 0x620D, 0x626C, 0x41CB, 0x41ED, 0x41AA, 0x5A8C, 0x838F, 0x9411, 0x8B8F, 0x7B2E, 0x49A9, 0x628E, // 0x1C70 (7280) pixels
    0x82ED, 0x93AE, 0x9C0F, 0xD5F5, 0xF73A, 0xE6D9, 0xE6FA, 0xDEBA, 0xDED8, 0xDEF9, 0xE71A, 0xDF3B, 0xDEFA, 0xD6B9, 0xDEF9, 0xEF3A, // 0x1C80 (7296) pixels
    0xEF5A, 0xDEDA, 0xC67A, 0xC69B, 0xCEDC, 0xCEFB, 0xBE9A, 0xAE19, 0xAE5B, 0xA63B, 0x9E1B, 0x9E3C, 0x9E5C, 0x9E3C, 0xA63B, 0xA65C, // 0x1C90 (7312) pixels
    0xEF5A, 0xDF1A, 0xD73A, 0xC6DA, 0xB679, 0xB679, 0xBE99, 0xBEDA, 0x09AB, 0x09AB, 0x096A, 0x116C, 0x116D, 0x114D, 0x118C, 0x1A0C, // 0x1CA0 (7328) pixels
    0x19CE, 0x11AD, 0x114C, 0x112C, 0x114C, 0x116C, 0x098B, 0x098A, 0x018C, 0x120C, 0x228B, 0x2B09, 0x43EA, 0x5C8C, 0x5CAB, 0x544A, // 0x1CB0 (7344) pixels
    0x444A, 0x4C6C, 0x3BAC, 0x22CB, 0x122A, 0x09EB, 0x09EC, 0x01AB, 0x118D, 0x094C, 0x014B, 0x09EC, 0x126D, 0x22CC, 0x334B, 0x3BAB, // 0x1CC0 (7360) pixels
    0x5C8A, 0x64CB, 0x4C4A, 0x3369, 0x2B0B, 0x1AAA, 0x0A68, 0x1308, 0x4447, 0x64A8, 0x6D09, 0x6D2A, 0x6CEC, 0x638A, 0x72EB, 0xAC31, // 0x1CD0 (7376) pixels
    0x8B2D, 0x938E, 0x73ED, 0x3BAC, 0x33AD, 0x3BED, 0x3C6A, 0x4CA7, 0x542A, 0x3AE9, 0x426C, 0x522C, 0x624C, 0x6AAD, 0x394A, 0x316C, // 0x1CE0 (7392) pixels
    0x3969, 0x5A6C, 0x7B6F, 0x8BF0, 0x8BAF, 0x838F, 0x522B, 0x41AA, 0x830E, 0x936E, 0x9BAE, 0xBCB1, 0xEE97, 0xFF7B, 0xF75B, 0xE71A, // 0x1CF0 (7408) pixels
    0xEF19, 0xE71A, 0xDF1B, 0xD6DB, 0xCE9A, 0xCE79, 0xDED9, 0xEF39, 0xDEF8, 0xD6B9, 0xD6BA, 0xD6DB, 0xDEFA, 0xDEFA, 0xCEDA, 0xC67A, // 0x1D00 (7424) pixels
    0x9E3C, 0x9E3C, 0xA65C, 0xA65C, 0xA63B, 0xA61A, 0xAE3A, 0xB69C, 0xDF3A, 0xC698, 0xB678, 0xB699, 0xBEDB, 0xC6FB, 0xBEBA, 0xBE99, // 0x1D10 (7440) pixels
    0x118D, 0x118C, 0x116B, 0x114B, 0x114C, 0x094C, 0x096B, 0x09AA, 0x098B, 0x098B, 0x096B, 0x094B, 0x116C, 0x11AC, 0x11AB, 0x096A, // 0x1D20 (7456) pixels
    0x098D, 0x09AC, 0x09CB, 0x122A, 0x2B0B, 0x3BCC, 0x440C, 0x3BCA, 0x33A9, 0x442C, 0x2B6A, 0x1AC8, 0x1AEA, 0x22CC, 0x124C, 0x09EB, // 0x1D30 (7472) pixels
    0x198D, 0x096C, 0x016A, 0x120B, 0x1A8C, 0x126A, 0x1A88, 0x1AA7, 0x22A7, 0x436A, 0x434A, 0x432B, 0x330B, 0x232A, 0x3C2B, 0x4CAA, // 0x1D40 (7488) pixels
    0x54A8, 0x6D0A, 0x64EA, 0x4C88, 0x4448, 0x4B68, 0x6B09, 0xA430, 0x8B6C, 0x9BCD, 0x8CCF, 0x440C, 0x2B8B, 0x3BEB, 0x446A, 0x4447, // 0x1D50 (7504) pixels
    0x54AB, 0x4C2A, 0x5C0B, 0x4269, 0x5A6C, 0x72D0, 0x49ED, 0x39CC, 0x49EC, 0x62CE, 0x8390, 0x83AF, 0x7B6E, 0x8BD0, 0x7B8F, 0x522B, // 0x1D60 (7520) pixels
    0x6A8C, 0x834E, 0x938E, 0x938D, 0xB490, 0xDE77, 0xEF5B, 0xDEFA, 0xE6F9, 0xDEDA, 0xD6B9, 0xCE9A, 0xD6DA, 0xE71B, 0xEF3A, 0xEF1A, // 0x1D70 (7536) pixels
    0xE718, 0xDEF9, 0xE6FB, 0xE6FA, 0xEEF9, 0xF739, 0xE73B, 0xD6DB, 0x9E1B, 0x9E1A, 0xA63A, 0xB67B, 0xC69B, 0xBE5A, 0xBE5A, 0xCEDB, // 0x1D80 (7552) pixels
    0xCEDB, 0xBE79, 0xC6B9, 0xD6FA, 0xDEFA, 0xE71B, 0xDEDA, 0xCEB9, 0x092D, 0x114D, 0x114B, 0x112B, 0x114C, 0x116C, 0x098B, 0x09AA, // 0x1D90 (7568) pixels
    0x098A, 0x098B, 0x096B, 0x096B, 0x118C, 0x19EC, 0x19CC, 0x098A, 0x09AC, 0x09AC, 0x09CB, 0x0A0B, 0x126B, 0x12AA, 0x12C9, 0x0AC8, // 0x1DA0 (7584) pixels
    0x0A67, 0x33CC, 0x2B8B, 0x1AE9, 0x230B, 0x1AAB, 0x0A2B, 0x0A0C, 0x112C, 0x094B, 0x016A, 0x122B, 0x126B, 0x128A, 0x2B2B, 0x3BAC, // 0x1DB0 (7600) pixels
    0x4B6C, 0x536B, 0x5BAB, 0x3B2A, 0x1AE9, 0x1B8A, 0x3409, 0x5467, 0x7D28, 0x7CEA, 0x5C4A, 0x2B67, 0x2B68, 0x4B8A, 0x736C, 0x9BF1, // 0x1DC0 (7616) pixels
    0xB471, 0xA40E, 0x8CAE, 0x440A, 0x2B69, 0x2349, 0x2B69, 0x3BAA, 0x33C8, 0x3C27, 0x6D2B, 0x4B07, 0x524C, 0x5A2F, 0x4A0D, 0x4A4C, // 0x1DD0 (7632) pixels
    0x41AC, 0x6ACF, 0x8390, 0x732D, 0x732C, 0x732D, 0x7B6F, 0x732E, 0x730E, 0x8BAF, 0x93AF, 0x93AE, 0x8B6C, 0xACF1, 0xEF7B, 0xDF3A, // 0x1DE0 (7648) pixels
    0xE71A, 0xDF1A, 0xDEF9, 0xDEF9, 0xE719, 0xEF3A, 0xE71A, 0xE6F9, 0xE738, 0xDF1A, 0xE6FA, 0xEED9, 0xF6D7, 0xF718, 0xE6F9, 0xCE9A, // 0x1DF0 (7664) pixels
    0xB69C, 0xB67B, 0xC67A, 0xDEFC, 0xEF5C, 0xDF1B, 0xD6BA, 0xDEFB, 0xC6BC, 0xCEBB, 0xE71A, 0xEEF9, 0xFEB8, 0xFED9, 0xF6FA, 0xEF3B, // 0x1E00 (7680) pixels
    0x196C, 0x114C, 0x114B, 0x094B, 0x094B, 0x198C, 0x21AD, 0x218D, 0x114D, 0x094C, 0x096B, 0x19CC, 0x19CC, 0x19AB, 0x198B, 0x19AB, // 0x1E10 (7696) pixels
    0x118C, 0x094B, 0x096B, 0x096C, 0x098B, 0x016A, 0x01A9, 0x1A8B, 0x1B29, 0x1B2A, 0x12EA, 0x0A8A, 0x0A4B, 0x124C, 0x1A2C, 0x11AB, // 0x1E20 (7712) pixels
    0x18ED, 0x112E, 0x094D, 0x098C, 0x21AB, 0x632E, 0x8BCE, 0xB511, 0xAC71, 0x93ED, 0x94CF, 0x53AB, 0x1AC9, 0x1B0A, 0x2BA9, 0x4427, // 0x1E30 (7728) pixels
    0x6CC8, 0x5CE9, 0x4C8A, 0x3B28, 0x5B2A, 0x8C2E, 0x9C0E, 0xA40D, 0xA3AF, 0xACCF, 0x7C6B, 0x644B, 0x3B4B, 0x124A, 0x128B, 0x2B6D, // 0x1E40 (7744) pixels
    0x2B29, 0x2BA8, 0x3C69, 0x4C4A, 0x532A, 0x528D, 0x522E, 0x318B, 0x312D, 0x4A4D, 0x6B4E, 0x83AE, 0x7B4D, 0x7B0E, 0x524A, 0x73CF, // 0x1E50 (7760) pixels
    0x9B90, 0x834E, 0x83AE, 0x93CF, 0x8B2D, 0x9BAF, 0xD5B7, 0xF73C, 0xF75C, 0xEF1A, 0xF75A, 0xF739, 0xF77A, 0xEF3A, 0xF75C, 0xEF1D, // 0x1E60 (7776) pixels
    0xEF5B, 0xEF5B, 0xEF3B, 0xEF3B, 0xEF3B, 0xEF5C, 0xF75C, 0xF75C, 0xEF7B, 0xEF7B, 0xF77B, 0xF77B, 0xF77B, 0xF77B, 0xEF7B, 0xEF7B, // 0x1E70 (7792) pixels
    0xF77C, 0xF75C, 0xF75B, 0xEF5B, 0xEF3B, 0xEF5B, 0xF75C, 0xF75C, 0x094B, 0x096B, 0x118B, 0x098B, 0x098B, 0x098B, 0x096B, 0x094B, // 0x1E80 (7808) pixels
    0x114C, 0x114C, 0x118C, 0x21EC, 0x2A0D, 0x21EC, 0x29CC, 0x29CC, 0x116B, 0x114B, 0x116C, 0x116D, 0x116D, 0x094C, 0x096B, 0x220D, // 0x1E90 (7824) pixels
    0x126A, 0x126A, 0x0A49, 0x0209, 0x0A0A, 0x120C, 0x118C, 0x090B, 0x194B, 0x096C, 0x018C, 0x11AC, 0x31EC, 0x83F1, 0x9C50, 0xAC8F, // 0x1EA0 (7840) pixels
    0x8AED, 0x834C, 0x83CE, 0x42CB, 0x1A6B, 0x1AAC, 0x2B2A, 0x43E9, 0x6489, 0x64CB, 0x53CA, 0x840E, 0xAC72, 0xA3F0, 0xA3D0, 0x8B2D, // 0x1EB0 (7856) pixels
    0x9B4F, 0x9C4F, 0x6C6C, 0x544B, 0x3B6B, 0x1A8B, 0x12CB, 0x23AC, 0x23AB, 0x23A9, 0x3C48, 0x5CCA, 0x642A, 0x5B0A, 0x522B, 0x51CC, // 0x1EC0 (7872) pixels
    0x414E, 0x41AB, 0x526B, 0x7B6E, 0x834F, 0x830F, 0x624C, 0x8390, 0x93AF, 0x8BAE, 0x6B2C, 0x734C, 0x93CF, 0x93AF, 0x9C31, 0xAD14, // 0x1ED0 (7888) pixels
    0x7CB6, 0x6495, 0x5CD5, 0x5495, 0x5CB6, 0x6CD7, 0x6CD7, 0x64B6, 0x5CB5, 0x5CB5, 0x5CB5, 0x5CB6, 0x5CB6, 0x5CB6, 0x5CB6, 0x5CB6, // 0x1EE0 (7904) pixels
    0x5CB6, 0x5CB6, 0x5CB6, 0x5CB6, 0x5CB6, 0x5CB6, 0x5CB6, 0x5CB6, 0x5CB5, 0x5C95, 0x5C95, 0x5C95, 0x5C95, 0x5C95, 0x5C95, 0x5CB5, // 0x1EF0 (7920) pixels
    0x098C, 0x11CC, 0x09EC, 0x09EB, 0x0A0C, 0x09EC, 0x098B, 0x014B, 0x116C, 0x118C, 0x19AC, 0x21CC, 0x29EC, 0x29CC, 0x29AC, 0x296B, // 0x1F00 (7936) pixels
    0x196A, 0x194B, 0x196C, 0x194D, 0x194E, 0x112D, 0x112C, 0x198D, 0x09CC, 0x120C, 0x09EB, 0x09CA, 0x11CB, 0x11AC, 0x116D, 0x114E, // 0x1F10 (7952) pixels
    0x1209, 0x122B, 0x0A0B, 0x11CB, 0x3A2D, 0x8BD2, 0x93AF, 0x9BAD, 0x92CD, 0x932F, 0x72CE, 0x29AB, 0x11CC, 0x122D, 0x128A, 0x232A, // 0x1F20 (7968) pixels
    0x3368, 0x43CA, 0x5BAB, 0x836E, 0xABD1, 0xABF2, 0x832E, 0x6A8C, 0x7ACE, 0x7B6D, 0x63AB, 0x540B, 0x3BAB, 0x236B, 0x1B4A, 0x23CB, // 0x1F30 (7984) pixels
    0x2B6C, 0x2B6A, 0x4C09, 0x64E9, 0x6CE8, 0x5C28, 0x5B4A, 0x62ED, 0x41CC, 0x39A9, 0x4249, 0x738D, 0x838F, 0x832E, 0x7AAD, 0x93B0, // 0x1F40 (8000) pixels
    0x8B8D, 0x9430, 0x83CE, 0x7B8E, 0x838E, 0x7B2D, 0x7B4D, 0x83EF, 0x4393, 0x0AD0, 0x0312, 0x0334, 0x0356, 0x0314, 0x02F3, 0x0312, // 0x1F50 (8016) pixels
    0x0333, 0x0333, 0x0333, 0x0313, 0x0313, 0x0313, 0x0313, 0x0313, 0x0334, 0x0334, 0x0334, 0x0334, 0x0334, 0x0334, 0x0334, 0x0334, // 0x1F60 (8032) pixels
    0x0333, 0x0313, 0x0313, 0x0313, 0x0313, 0x0313, 0x0313, 0x0333, 0x11CD, 0x11ED, 0x09AC, 0x09AB, 0x120C, 0x11ED, 0x09AC, 0x098C, // 0x1F70 (8048) pixels
    0x094B, 0x116C, 0x198C, 0x29AC, 0x31AC, 0x31AC, 0x318C, 0x294B, 0x218B, 0x196C, 0x196C, 0x114C, 0x114C, 0x114C, 0x096B, 0x118B, // 0x1F80 (8064) pixels
    0x098B, 0x098B, 0x09AC, 0x098B, 0x096B, 0x094B, 0x094B, 0x116C, 0x1AEA, 0x236D, 0x1AAC, 0x1A0B, 0x52AF, 0x93D2, 0x8B4F, 0x938E, // 0x1F90 (8080) pixels
    0x9B6E, 0x8B4F, 0x522D, 0x192B, 0x098C, 0x0A0D, 0x024A, 0x0A89, 0x234A, 0x1B29, 0x436B, 0x7B8D, 0x9BCF, 0x8B8E, 0x5ACC, 0x52AB, // 0x1FA0 (8096) pixels
    0x628C, 0x72ED, 0x838D, 0x6C0C, 0x440A, 0x2C0A, 0x2368, 0x3B69, 0x33AB, 0x2B6A, 0x43EA, 0x5CA9, 0x5CC6, 0x5CA6, 0x6469, 0x63EB, // 0x1FB0 (8112) pixels
    0x4B0C, 0x432B, 0x436A, 0x642C, 0x6BAC, 0x734B, 0x732B, 0x83AD, 0x9BEF, 0x93EF, 0x940F, 0x83CF, 0x732C, 0x7B2D, 0x9410, 0x9430, // 0x1FC0 (8128) pixels
    0x8CB3, 0x4BB0, 0x1B92, 0x0375, 0x03B7, 0x0396, 0x0374, 0x0B73, 0x0B94, 0x0B94, 0x0B94, 0x0B94, 0x0B95, 0x0B75, 0x0B74, 0x0B75, // 0x1FD0 (8144) pixels
    0x0B55, 0x0B54, 0x0B54, 0x0354, 0x0354, 0x0B54, 0x0B54, 0x0B55, 0x0B74, 0x0B74, 0x0B74, 0x0B74, 0x0B74, 0x0B74, 0x0B74, 0x0B74, // 0x1FE0 (8160) pixels
    0x116D, 0x116C, 0x014B, 0x014B, 0x098C, 0x098C, 0x096C, 0x118D, 0x116C, 0x19AC, 0x29CD, 0x31CC, 0x39AD, 0x39AD, 0x318C, 0x294B, // 0x1FF0 (8176) pixels
    0x29AD, 0x218D, 0x196C, 0x116B, 0x096B, 0x09CA, 0x0A0A, 0x0A29, 0x19EB, 0x096A, 0x094B, 0x094C, 0x092B, 0x096A, 0x19C9, 0x11E8, // 0x2000 (8192) pixels
    0x0AA8, 0x12EA, 0x0A69, 0x09A8, 0x426C, 0x8C12, 0x93F1, 0x8BCF, 0x5B8B, 0x4B0B, 0x2A2B, 0x11AC, 0x11AC, 0x222D, 0x32AC, 0x32AB, // 0x2010 (8208) pixels
    0x32EC, 0x332B, 0x2267, 0x6B8B, 0x8BED, 0x7B8C, 0x8C2F, 0x6B2C, 0x7B2D, 0x936E, 0x9BAF, 0x83ED, 0x53EA, 0x4C29, 0x4BC9, 0x640B, // 0x2020 (8224) pixels
    0x33EA, 0x2389, 0x23CA, 0x3C2A, 0x5468, 0x64A7, 0x6CC8, 0x6C89, 0x3B6A, 0x2B8A, 0x2369, 0x33CA, 0x3BA9, 0x53EA, 0x640B, 0x6C2C, // 0x2030 (8240) pixels
    0x8BCD, 0x8BAE, 0x93AF, 0x8BAF, 0x7AEC, 0x72EC, 0x9C10, 0xB4B3, 0xB4AE, 0x944F, 0x63F1, 0x2310, 0x0332, 0x0394, 0x13B5, 0x1373, // 0x2040 (8256) pixels
    0x1353, 0x1353, 0x1373, 0x1354, 0x1354, 0x1354, 0x1353, 0x1353, 0x1373, 0x1373, 0x1353, 0x1353, 0x1353, 0x1353, 0x1373, 0x1373, // 0x2050 (8272) pixels
    0x1353, 0x1333, 0x1333, 0x1353, 0x1353, 0x1353, 0x1353, 0x1353, 0x092B, 0x096B, 0x098B, 0x098B, 0x098B, 0x096B, 0x096C, 0x19AD, // 0x2060 (8288) pixels
    0x19AC, 0x29ED, 0x320D, 0x39ED, 0x39AC, 0x318C, 0x294C, 0x212B, 0x190B, 0x192B, 0x112B, 0x094B, 0x09AA, 0x124B, 0x1B0B, 0x1B2B, // 0x2070 (8304) pixels
    0x224B, 0x118A, 0x094B, 0x092C, 0x012B, 0x1A0B, 0x332B, 0x3B8A, 0x12C9, 0x0247, 0x12A8, 0x2267, 0x3268, 0x6BAD, 0x7BEF, 0x6BAD, // 0x2080 (8320) pixels
    0x23E8, 0x1B49, 0x12AC, 0x1A4D, 0x29EB, 0x528C, 0x732F, 0x7B2F, 0x5A8D, 0x52CC, 0x4AA8, 0x62E9, 0x834A, 0x93CC, 0x9C0E, 0x832C, // 0x2090 (8336) pixels
    0xA3EF, 0x9BD0, 0x838F, 0x734C, 0x634A, 0x73EA, 0x63A9, 0x6C0B, 0x4BCA, 0x43CB, 0x334A, 0x2309, 0x3B8A, 0x5C8A, 0x64EA, 0x5D09, // 0x20A0 (8352) pixels
    0x440C, 0x238A, 0x02E8, 0x0B08, 0x2388, 0x3BE9, 0x4C0A, 0x4409, 0x73AA, 0x8C0E, 0x93AE, 0x93AF, 0x8B8F, 0x6A8B, 0x6AAB, 0x9BD0, // 0x20B0 (8368) pixels
    0xA46D, 0xA42E, 0x9431, 0x5BD2, 0x2392, 0x0352, 0x0374, 0x0B54, 0x0B74, 0x1375, 0x1375, 0x1375, 0x1375, 0x1375, 0x0B55, 0x0B55, // 0x20C0 (8384) pixels
    0x0B54, 0x0B54, 0x0B54, 0x0B53, 0x0B53, 0x0B54, 0x0B54, 0x0B54, 0x0B55, 0x0B75, 0x0B75, 0x1375, 0x1375, 0x1375, 0x1375, 0x1375, // 0x20D0 (8400) pixels
    0x11EB, 0x11EB, 0x122B, 0x1A6C, 0x124B, 0x120B, 0x120B, 0x11EB, 0x198B, 0x21AC, 0x31ED, 0x39CD, 0x398C, 0x296B, 0x216B, 0x216B, // 0x20E0 (8416) pixels
    0x294C, 0x294C, 0x194C, 0x196C, 0x096B, 0x09CA, 0x124B, 0x126A, 0x11EB, 0x096A, 0x092B, 0x012B, 0x014A, 0x1A4B, 0x3B8C, 0x440B, // 0x20F0 (8432) pixels
    0x338D, 0x2329, 0x442B, 0x5C8B, 0x5C29, 0x642A, 0x53EA, 0x438A, 0x2C29, 0x1B6B, 0x12AC, 0x224C, 0x424B, 0x730D, 0x8B2E, 0x8AEF, // 0x2100 (8448) pixels
    0x6A6C, 0x522A, 0x738C, 0x838C, 0x93AC, 0x93ED, 0x730B, 0x93EF, 0x9BCD, 0x8B8F, 0x62CE, 0x5A8D, 0x6AEC, 0x7B6B, 0x62E9, 0x5309, // 0x2110 (8464) pixels
    0x838D, 0x8C0F, 0x73AF, 0x3AAB, 0x2AAA, 0x33AB, 0x3C4A, 0x3C68, 0x542D, 0x33AC, 0x1B0A, 0x1309, 0x2B88, 0x4429, 0x4428, 0x3C08, // 0x2120 (8480) pixels
    0x6469, 0x846C, 0x83AC, 0x8B8E, 0x93D1, 0x72EE, 0x5A2A, 0x624B, 0x83AE, 0x838E, 0x93F0, 0x8C72, 0x6453, 0x2330, 0x1353, 0x0334, // 0x2130 (8496) pixels
    0x0374, 0x0374, 0x0B75, 0x0B95, 0x0B95, 0x0B75, 0x0375, 0x0375, 0x0B75, 0x0B75, 0x0B75, 0x0B75, 0x0B75, 0x0B75, 0x0B75, 0x0B75, // 0x2140 (8512) pixels
    0x0354, 0x0354, 0x0354, 0x0374, 0x0374, 0x0374, 0x0374, 0x0374, 0x22CC, 0x1A8B, 0x1AAB, 0x230C, 0x1AEC, 0x1ACB, 0x128B, 0x0A0A, // 0x2150 (8528) pixels
    0x19AC, 0x29CD, 0x39ED, 0x39CD, 0x318C, 0x294B, 0x194B, 0x196B, 0x294B, 0x294C, 0x212C, 0x194D, 0x112B, 0x092B, 0x11AB, 0x098A, // 0x2160 (8544) pixels
    0x016B, 0x014B, 0x094C, 0x096C, 0x11EB, 0x1A8B, 0x232B, 0x2349, 0x1AA9, 0x2308, 0x4C69, 0x6D4A, 0x85CB, 0x7D4B, 0x4C28, 0x33C8, // 0x2170 (8560) pixels
    0x3B89, 0x2AEA, 0x11EA, 0x21CB, 0x528C, 0x8BAF, 0x7AED, 0x622B, 0x628B, 0x6B4D, 0x842F, 0x8BED, 0x93EE, 0x7BAD, 0x5B0B, 0x73CF, // 0x2180 (8576) pixels
    0x838B, 0x7B6F, 0x5A6F, 0x522E, 0x6ACE, 0x7BAE, 0x738D, 0x73AF, 0x8B4E, 0xA411, 0xA452, 0x6B4F, 0x2A6B, 0x1AAB, 0x2B4A, 0x3B89, // 0x2190 (8592) pixels
    0x53AA, 0x4BAC, 0x3B8C, 0x336A, 0x4409, 0x5CA9, 0x54A8, 0x4CA8, 0x54A7, 0x74AA, 0x840C, 0x7B4D, 0x62AC, 0x5AAD, 0x62CE, 0x626D, // 0x21A0 (8608) pixels
    0x6B0E, 0x7B6F, 0x93CF, 0xA450, 0x9471, 0x6412, 0x4435, 0x1373, 0x0373, 0x0B73, 0x0B73, 0x0B93, 0x0B93, 0x0B94, 0x0B74, 0x0B73, // 0x21B0 (8624) pixels
    0x0B54, 0x0B75, 0x0B75, 0x0B75, 0x0B75, 0x0B75, 0x0B75, 0x0B54, 0x0B93, 0x0B93, 0x0B94, 0x0B94, 0x0B94, 0x0BB4, 0x0BB4, 0x0BB4, // 0x21C0 (8640) pixels
    0x3A4B, 0x3A4C, 0x29EB, 0x198B, 0x21CC, 0x21CC, 0x198C, 0x218C, 0x39ED, 0x39ED, 0x39ED, 0x31CD, 0x296B, 0x212B, 0x212B, 0x294B, // 0x21D0 (8656) pixels
    0x298C, 0x294C, 0x214B, 0x212B, 0x192B, 0x190B, 0x190B, 0x192B, 0x112B, 0x092B, 0x094B, 0x098B, 0x11EC, 0x224D, 0x1A4C, 0x120A, // 0x21E0 (8672) pixels
    0x09AC, 0x1A8B, 0x3BEB, 0x4C69, 0x5489, 0x6D0B, 0x64EA, 0x54A8, 0x4BA9, 0x32C7, 0x2A69, 0x428C, 0x6AEE, 0x72CE, 0x4A0B, 0x31AA, // 0x21F0 (8688) pixels
    0x7B6B, 0x942E, 0x8BED, 0x8BCD, 0x838D, 0x7B6C, 0x8BCE, 0x8BCE, 0x72ED, 0x834E, 0x8BAE, 0x730C, 0x730D, 0x7B70, 0x8BD1, 0x7B4E, // 0x2200 (8704) pixels
    0x49ED, 0x6AEF, 0x9430, 0x9C71, 0x732F, 0x316A, 0x298C, 0x21AC, 0x5209, 0x5AEC, 0x4B4C, 0x1AA9, 0x1B4A, 0x3C0B, 0x54A9, 0x5CA6, // 0x2210 (8720) pixels
    0x5CAB, 0x5469, 0x646A, 0x4B29, 0x52AC, 0x524D, 0x6AAE, 0x6AAC, 0x62ED, 0x736E, 0x734D, 0x626A, 0x9410, 0xBD96, 0xA4F4, 0x7BAF, // 0x2220 (8736) pixels
    0x02D3, 0x0B54, 0x1B54, 0x1353, 0x0B95, 0x0395, 0x0374, 0x0B53, 0x1B36, 0x0B75, 0x0393, 0x0BB4, 0x1B55, 0x12F5, 0x1355, 0x0394, // 0x2230 (8752) pixels
    0x0396, 0x0315, 0x0B73, 0x0BB2, 0x0374, 0x0BD5, 0x0373, 0x1397, 0x5AEF, 0x5ACF, 0x3A2D, 0x216B, 0x194A, 0x192A, 0x192A, 0x216B, // 0x2240 (8768) pixels
    0x39ED, 0x39ED, 0x39ED, 0x31AC, 0x296B, 0x294B, 0x296C, 0x318C, 0x298C, 0x294C, 0x212B, 0x214B, 0x214C, 0x214B, 0x192B, 0x192B, // 0x2250 (8784) pixels
    0x194C, 0x114C, 0x096B, 0x016B, 0x098B, 0x09AB, 0x09EA, 0x120A, 0x1269, 0x1AE9, 0x2BAA, 0x33A8, 0x3BA8, 0x5409, 0x5C48, 0x64E9, // 0x2260 (8800) pixels
    0x6D4C, 0x4C0A, 0x432A, 0x4AAB, 0x4A2A, 0x4188, 0x41C9, 0x5A8D, 0x8BCD, 0x93EE, 0x838C, 0x838D, 0x7B6C, 0x732C, 0x838E, 0x838E, // 0x2270 (8816) pixels
    0x72ED, 0x838E, 0x9C30, 0x730C, 0x5A4B, 0x5A4C, 0x5A6D, 0x41A9, 0x314B, 0x524C, 0x9411, 0x9C51, 0x8BB0, 0x524C, 0x2949, 0x29AB, // 0x2280 (8832) pixels
    0x82CD, 0x732E, 0x530C, 0x2269, 0x1AA9, 0x338A, 0x5CCC, 0x64EA, 0x5CAA, 0x5C68, 0x6449, 0x5348, 0x5ACB, 0x6AEF, 0x6ACD, 0x5A49, // 0x2290 (8848) pixels
    0x6B4E, 0x6B4D, 0x7B6E, 0x83AE, 0x9C30, 0x838E, 0x7B6D, 0x9C92, 0x6476, 0x1B12, 0x0313, 0x0BB6, 0x0354, 0x0332, 0x1394, 0x0373, // 0x22A0 (8864) pixels
    0x1355, 0x0B74, 0x0353, 0x0374, 0x0B75, 0x1355, 0x1B75, 0x1373, 0x1B52, 0x1352, 0x0B52, 0x0392, 0x0394, 0x03D5, 0x03D4, 0x0394, // 0x22B0 (8880) pixels
    0x5A6D, 0x524E, 0x41CC, 0x296B, 0x294B, 0x294B, 0x294B, 0x39AD, 0x39ED, 0x3A0D, 0x39CD, 0x298C, 0x294B, 0x296B, 0x318C, 0x31AD, // 0x22C0 (8896) pixels
    0x298C, 0x294C, 0x214B, 0x214C, 0x216C, 0x214C, 0x212B, 0x192B, 0x194C, 0x114C, 0x094B, 0x014B, 0x098B, 0x018A, 0x09EA, 0x1A6B, // 0x22D0 (8912) pixels
    0x234A, 0x236A, 0x2BAA, 0x2B6A, 0x3369, 0x4BEA, 0x64A9, 0x7528, 0x5D4A, 0x4C29, 0x4B6A, 0x636D, 0x5AEC, 0x4A08, 0x62AB, 0x93F1, // 0x22E0 (8928) pixels
    0x93EE, 0x8BAD, 0x836C, 0x8BAE, 0x7B4D, 0x72EB, 0x838F, 0x9411, 0x7B4D, 0x732C, 0x9410, 0x6AED, 0x41AA, 0x41AC, 0x49CC, 0x396A, // 0x22F0 (8944) pixels
    0x316A, 0x3989, 0x8BAF, 0x9C30, 0xB4D3, 0x93F1, 0x41CA, 0x41EC, 0xA391, 0x9BD1, 0x7B6F, 0x52EC, 0x2228, 0x1A07, 0x3B4A, 0x3B49, // 0x2300 (8960) pixels
    0x53A8, 0x6408, 0x744A, 0x6B8A, 0x5A8B, 0x7330, 0x7B90, 0x83CF, 0x738F, 0x7BCF, 0x83CF, 0x7B4C, 0x838D, 0x838D, 0x7B0C, 0x72CB, // 0x2310 (8976) pixels
    0xA4D4, 0x6434, 0x1B32, 0x0314, 0x0354, 0x0353, 0x0B53, 0x0332, 0x0B55, 0x0B54, 0x0353, 0x0374, 0x0395, 0x0374, 0x1332, 0x1AD0, // 0x2320 (8992) pixels
    0x6412, 0x6C93, 0x5454, 0x2393, 0x0B92, 0x0372, 0x0BF5, 0x0BD4, 0x524D, 0x4A0D, 0x39AB, 0x318B, 0x318C, 0x318C, 0x294B, 0x316C, // 0x2330 (9008) pixels
    0x420E, 0x3A0D, 0x31CD, 0x296B, 0x214B, 0x296B, 0x318C, 0x318C, 0x294C, 0x294C, 0x296C, 0x296C, 0x216C, 0x214C, 0x212B, 0x192B, // 0x2340 (9024) pixels
    0x212C, 0x112B, 0x012B, 0x098B, 0x11CC, 0x11CB, 0x120B, 0x1A8D, 0x0AAA, 0x0AC9, 0x1329, 0x1B49, 0x2369, 0x4C4B, 0x6CEA, 0x64C7, // 0x2350 (9040) pixels
    0x4428, 0x53AA, 0x634C, 0x83AF, 0x736E, 0x5AA9, 0x7B4C, 0xB471, 0xAC90, 0xA430, 0xA450, 0xAC72, 0x8BAF, 0x6AAC, 0x730E, 0x93F2, // 0x2360 (9056) pixels
    0x6AED, 0x5A49, 0x83D0, 0x7B50, 0x49CC, 0x314B, 0x41AD, 0x522E, 0x5AAD, 0x5A2A, 0x834E, 0x834C, 0xA42F, 0x9C31, 0x522B, 0x398B, // 0x2370 (9072) pixels
    0x6A2B, 0x8B4F, 0x8B6F, 0x83B0, 0x5ACC, 0x29A8, 0x3A4B, 0x3AAD, 0x52CA, 0x73AC, 0x8C4E, 0x83AF, 0x49CB, 0x41AC, 0x41EC, 0x528D, // 0x2380 (9088) pixels
    0x632D, 0x73AF, 0x83EF, 0x7B6D, 0x7B6D, 0x9C30, 0xAC71, 0x93AF, 0x83AF, 0x9493, 0x6C12, 0x2B72, 0x0B94, 0x0395, 0x03B5, 0x1BB4, // 0x2390 (9104) pixels
    0x0BB5, 0x1394, 0x1394, 0x0BD5, 0x03D5, 0x0393, 0x2352, 0x4331, 0x8BD0, 0xACB2, 0xBD58, 0x8C76, 0x74B4, 0x2B51, 0x0AF3, 0x0374, // 0x23A0 (9120) pixels
    0x420C, 0x39CB, 0x298B, 0x216B, 0x298C, 0x31CC, 0x31CD, 0x39ED, 0x420E, 0x39ED, 0x31AC, 0x296B, 0x294B, 0x296C, 0x298C, 0x296C, // 0x23B0 (9136) pixels
    0x212B, 0x294C, 0x296C, 0x296C, 0x214B, 0x212B, 0x212B, 0x212B, 0x214C, 0x194C, 0x094C, 0x118C, 0x19AC, 0x19AB, 0x11CA, 0x1A4C, // 0x23C0 (9152) pixels
    0x1B0C, 0x234B, 0x2BCB, 0x2BEA, 0x2368, 0x2B89, 0x3BAA, 0x3B48, 0x532A, 0x6B6E, 0x8370, 0x8B91, 0x7B6E, 0x730A, 0x8BAB, 0xB46F, // 0x23D0 (9168) pixels
    0xAC50, 0xA430, 0xA430, 0x9C31, 0x834F, 0x522B, 0x49AA, 0x5A6C, 0x6ACD, 0x49C9, 0x6B0E, 0x62CF, 0x398C, 0x314B, 0x41ED, 0x526E, // 0x23E0 (9184) pixels
    0x9C71, 0xACB2, 0xB4D2, 0x93AD, 0x93AD, 0x9410, 0x732F, 0x398C, 0x4A0A, 0x8370, 0x8B8F, 0x9BF1, 0x93D1, 0x522C, 0x41AC, 0x4A2F, // 0x23F0 (9200) pixels
    0x626D, 0x836F, 0x8B8E, 0x834E, 0x418B, 0x290B, 0x212B, 0x29AB, 0x528C, 0x6B2E, 0x7BD0, 0x7B6E, 0x62AA, 0x7B4D, 0xAC72, 0xB4B3, // 0x2400 (9216) pixels
    0x8BAF, 0x93EF, 0xA4B2, 0x8CF4, 0x3BB2, 0x02F1, 0x0374, 0x0B95, 0x0B94, 0x1374, 0x1394, 0x0BB4, 0x03B4, 0x1393, 0x4392, 0x6B91, // 0x2410 (9232) pixels
    0x51EA, 0x72AB, 0xB3F1, 0xABD0, 0xBD53, 0x6C11, 0x12D2, 0x0375, 0x39CB, 0x31CC, 0x29AC, 0x218B, 0x218B, 0x29CC, 0x320D, 0x3A2D, // 0x2420 (9248) pixels
    0x3A0D, 0x31CC, 0x296B, 0x296B, 0x298C, 0x31AC, 0x298C, 0x296B, 0x212B, 0x294C, 0x296C, 0x294C, 0x212B, 0x210B, 0x210B, 0x212B, // 0x2430 (9264) pixels
    0x212C, 0x194C, 0x096C, 0x096C, 0x112B, 0x192A, 0x198A, 0x19CA, 0x2B0C, 0x3BAD, 0x440C, 0x33EB, 0x232A, 0x1228, 0x2A6B, 0x4B0E, // 0x2440 (9280) pixels
    0x7B4E, 0x832F, 0x72CE, 0x72ED, 0x83CE, 0x9C4E, 0xAC6E, 0xB46E, 0xAC71, 0x93EF, 0x8B8E, 0x7B2E, 0x6AEE, 0x524C, 0x398A, 0x41CB, // 0x2450 (9296) pixels
    0x62AE, 0x49EB, 0x524C, 0x41CC, 0x316B, 0x41CD, 0x528F, 0x4A6C, 0x7B6D, 0xA492, 0xBD13, 0xB4B1, 0xA44F, 0x9C30, 0x83D2, 0x318B, // 0x2460 (9312) pixels
    0x4A6C, 0x7B90, 0x7B4E, 0x938F, 0xA432, 0x832F, 0x49AC, 0x418D, 0x5A0D, 0x834F, 0x93AE, 0x834D, 0x5A2B, 0x396B, 0x214B, 0x218B, // 0x2470 (9328) pixels
    0x41EB, 0x5AAD, 0x62EE, 0x62ED, 0x62AB, 0x7B4E, 0x93F0, 0x9C11, 0xAC92, 0x9C72, 0x9C72, 0x9CB3, 0x8C52, 0x5BB1, 0x1B11, 0x0313, // 0x2480 (9344) pixels
    0x0B32, 0x0B32, 0x0B73, 0x0354, 0x0B53, 0x2B32, 0x5310, 0x734E, 0x3A2B, 0x4A2A, 0x8B2E, 0x8AEA, 0xCD30, 0xA552, 0x4413, 0x0353, // 0x2490 (9360) pixels
    0x39AB, 0x39EC, 0x39EC, 0x29AC, 0x29AC, 0x320D, 0x3A2D, 0x3A0D, 0x39ED, 0x298B, 0x214B, 0x298C, 0x31CD, 0x31CD, 0x298C, 0x214B, // 0x24A0 (9376) pixels
    0x294C, 0x296C, 0x296C, 0x212B, 0x210B, 0x212B, 0x212B, 0x210B, 0x190C, 0x112C, 0x096C, 0x094B, 0x190A, 0x294B, 0x31AC, 0x218A, // 0x24B0 (9392) pixels
    0x0968, 0x1A09, 0x1A29, 0x224A, 0x1A0A, 0x1989, 0x4A6C, 0x8BD1, 0xA3F0, 0x836D, 0x5A8A, 0x52A8, 0x7BEC, 0xACEF, 0xACAF, 0xA44E, // 0x24C0 (9408) pixels
    0x93EF, 0x838E, 0x7B4E, 0x628C, 0x524C, 0x524D, 0x39AB, 0x398B, 0x4A0C, 0x524C, 0x526D, 0x41EC, 0x318C, 0x39CD, 0x5ACF, 0x4A8C, // 0x24D0 (9424) pixels
    0x49EA, 0x730D, 0x93CF, 0xBD12, 0xBD12, 0x9C50, 0x9C72, 0x526C, 0x39EA, 0x6B2F, 0x732E, 0x7B0D, 0x9C10, 0x9C32, 0x522C, 0x294B, // 0x24E0 (9440) pixels
    0x398B, 0x732E, 0xACD0, 0xACB0, 0x9C10, 0x628E, 0x296A, 0x214A, 0x396B, 0x39AB, 0x39AA, 0x4A6C, 0x52AC, 0x62ED, 0x6AEE, 0x6ACD, // 0x24F0 (9456) pixels
    0x624A, 0x732E, 0x6B0D, 0x5A8C, 0x93F1, 0xA4F5, 0x7453, 0x5412, 0x2B74, 0x1332, 0x0B73, 0x0B74, 0x1AF3, 0x324F, 0x4A4C, 0x7B2D, // 0x2500 (9472) pixels
    0x428C, 0x422C, 0x7B70, 0x9BCE, 0xCD52, 0xC5D3, 0x9D95, 0x4392, 0x4A0D, 0x4A0D, 0x39ED, 0x318C, 0x31AC, 0x422E, 0x422E, 0x39EC, // 0x2510 (9488) pixels
    0x3A0D, 0x298B, 0x214B, 0x31AC, 0x3A0E, 0x39ED, 0x296C, 0x212B, 0x318C, 0x296C, 0x294B, 0x212B, 0x212B, 0x212C, 0x212B, 0x190B, // 0x2520 (9504) pixels
    0x212C, 0x112C, 0x096C, 0x114C, 0x212B, 0x41AD, 0x41ED, 0x216A, 0x194B, 0x216B, 0x110A, 0x192B, 0x194B, 0x3189, 0x72AB, 0xAC0D, // 0x2530 (9520) pixels
    0xA40D, 0x83CC, 0x63AB, 0x5BAA, 0x848C, 0xA4CE, 0x9C4D, 0x9C2F, 0x7B2B, 0x7B4D, 0x8BCF, 0x6AED, 0x524C, 0x528E, 0x420D, 0x39CD, // 0x2540 (9536) pixels
    0x526D, 0x5ACD, 0x528D, 0x420D, 0x318C, 0x292B, 0x4A6D, 0x4A8C, 0x420D, 0x5A8D, 0x730D, 0xA450, 0xAC8F, 0x93ED, 0xA4B1, 0x7B6E, // 0x2550 (9552) pixels
    0x3169, 0x62EF, 0x8370, 0x730C, 0x8BAE, 0x9C92, 0x52AD, 0x218A, 0x318C, 0x526B, 0x942D, 0x9C4D, 0xAC91, 0x72CF, 0x312A, 0x292B, // 0x2560 (9568) pixels
    0x418C, 0x41AC, 0x39AB, 0x422C, 0x424B, 0x630E, 0x6B2F, 0x5A8C, 0x31C8, 0x6AED, 0x8BB1, 0x6AAD, 0x62CE, 0x9CD5, 0xBD55, 0xB4F1, // 0x2570 (9584) pixels
    0x43D6, 0x1332, 0x0352, 0x0B33, 0x1231, 0x212B, 0x49AA, 0x838D, 0x526C, 0x394B, 0x6AAF, 0x93D0, 0xAC10, 0xAC4E, 0xDDF4, 0xA453, // 0x2580 (9600) pixels
    0x4A2B, 0x420C, 0x298C, 0x296C, 0x41ED, 0x49ED, 0x398C, 0x39AD, 0x296C, 0x212B, 0x318D, 0x39EE, 0x3A0E, 0x31AD, 0x212A, 0x296B, // 0x2590 (9616) pixels
    0x316D, 0x314C, 0x210B, 0x292B, 0x296C, 0x294C, 0x212B, 0x212C, 0x096A, 0x11CC, 0x11AB, 0x114A, 0x298C, 0x41EE, 0x39AD, 0x294B, // 0x25A0 (9632) pixels
    0x314C, 0x290B, 0x292B, 0x20C9, 0x416B, 0x72CF, 0x8BAE, 0x946D, 0x83C9, 0xA4AD, 0xACAF, 0xA46F, 0x9C30, 0x9BF0, 0x8BAF, 0x7B2D, // 0x25B0 (9648) pixels
    0x626B, 0x830B, 0xB490, 0x93CE, 0x626C, 0x526E, 0x5A8F, 0x49EC, 0x5A8D, 0x5A8E, 0x420C, 0x39CC, 0x31AC, 0x292A, 0x316B, 0x4A0E, // 0x25C0 (9664) pixels
    0x4A4D, 0x524C, 0x626B, 0x832E, 0x9BEF, 0xA40F, 0xA42F, 0x9C0F, 0x3A2A, 0x39E9, 0x6B50, 0x6ACF, 0x732E, 0xA4B2, 0x83D1, 0x418C, // 0x25D0 (9680) pixels
    0x398B, 0x41CB, 0x49EB, 0x628C, 0x72ED, 0x6ACD, 0x2129, 0x194C, 0x210A, 0x316C, 0x41CD, 0x49CC, 0x49CB, 0x522C, 0x5AAD, 0x5ACD, // 0x25E0 (9696) pixels
    0x418B, 0x836E, 0xAC70, 0x9410, 0x5A8F, 0x5A90, 0x8BF1, 0xB4F1, 0x7413, 0x1B32, 0x12F2, 0x29CE, 0x398D, 0x29AC, 0x2988, 0x830C, // 0x25F0 (9712) pixels
    0x4A0C, 0x2929, 0x52AC, 0x83F1, 0x628D, 0x93B0, 0xAC6F, 0xCD31, 0x52AD, 0x424D, 0x29CC, 0x29AC, 0x420D, 0x4A2D, 0x39CC, 0x298B, // 0x2600 (9728) pixels
    0x294C, 0x212B, 0x296C, 0x31AD, 0x31AD, 0x318C, 0x214B, 0x296B, 0x314C, 0x294B, 0x212A, 0x294B, 0x31AC, 0x31AD, 0x214C, 0x192B, // 0x2610 (9744) pixels
    0x096A, 0x19CB, 0x19CB, 0x198A, 0x298B, 0x39AC, 0x318B, 0x296B, 0x316D, 0x39AD, 0x318B, 0x4A0D, 0x72F0, 0x8BB1, 0x9C30, 0x8BEC, // 0x2620 (9760) pixels
    0x83CA, 0x9C6D, 0x9C4E, 0x93CD, 0x8B8D, 0x832D, 0x7B0D, 0x72EC, 0x6AAC, 0x72AB, 0x9BCF, 0xAC72, 0x6AED, 0x526D, 0x4A4C, 0x4A2B, // 0x2630 (9776) pixels
    0x62CE, 0x5ACF, 0x420C, 0x318B, 0x318C, 0x294B, 0x316B, 0x398C, 0x424D, 0x4A4D, 0x5A6C, 0x7B0D, 0x8B8E, 0x93CE, 0x93EF, 0x838D, // 0x2640 (9792) pixels
    0x6B6F, 0x420A, 0x526D, 0x5A8E, 0x628C, 0x83AE, 0x7B6E, 0x51CB, 0x49ED, 0x41CC, 0x41EB, 0x62AC, 0x72EC, 0x730D, 0x316A, 0x190B, // 0x2650 (9808) pixels
    0x214B, 0x212A, 0x316B, 0x41CC, 0x4A0C, 0x4A0C, 0x4A2B, 0x4A2B, 0x49EC, 0x730E, 0x8BEF, 0xA4B2, 0x83AF, 0x41C9, 0x41A9, 0x83B0, // 0x2660 (9824) pixels
    0x7454, 0x3393, 0x0A70, 0x21AD, 0x314B, 0x31AC, 0x7370, 0xB491, 0x7350, 0x316A, 0x2928, 0x4A4C, 0x62AE, 0x838F, 0x9C0F, 0xB4B2, // 0x2670 (9840) pixels
    0x4A4D, 0x3A0C, 0x29AB, 0x31CC, 0x420D, 0x4A4E, 0x3A0C, 0x21CB, 0x294C, 0x212B, 0x296C, 0x296C, 0x294B, 0x294B, 0x212A, 0x214B, // 0x2680 (9856) pixels
    0x212B, 0x294B, 0x294B, 0x214B, 0x296B, 0x216C, 0x212B, 0x214C, 0x116A, 0x11AB, 0x19AB, 0x21CC, 0x31EC, 0x39CC, 0x31AB, 0x31AC, // 0x2690 (9872) pixels
    0x39AD, 0x4A4D, 0x424B, 0x62ED, 0x7B6F, 0x834F, 0x8B8E, 0x8BAC, 0x9C8E, 0xA48F, 0x93EE, 0x836D, 0x8B4D, 0x7B0C, 0x7B0D, 0x7B2D, // 0x26A0 (9888) pixels
    0x72EE, 0x6AAC, 0x72AC, 0x8BB0, 0x524B, 0x526C, 0x52CD, 0x5ACC, 0x5A8D, 0x5A8E, 0x39CC, 0x294A, 0x294B, 0x316B, 0x316C, 0x316B, // 0x26B0 (9904) pixels
    0x424E, 0x422C, 0x528C, 0x7B4E, 0x838E, 0x8BCF, 0x83AE, 0x6AEB, 0x9C52, 0x62CC, 0x41AA, 0x524D, 0x5A8D, 0x7B4C, 0x93CF, 0x7AED, // 0x26C0 (9920) pixels
    0x41EE, 0x39AC, 0x4A2C, 0x83AF, 0x93EF, 0x93D0, 0x5A4D, 0x292A, 0x194B, 0x112A, 0x192A, 0x298B, 0x39EC, 0x422C, 0x420C, 0x39CA, // 0x26D0 (9936) pixels
    0x41EB, 0x420B, 0x526B, 0x9470, 0xC5B3, 0x8C0D, 0x39C9, 0x296B, 0x5371, 0x3311, 0x09CC, 0x194B, 0x292B, 0x4A0D, 0xA453, 0xBC90, // 0x26E0 (9952) pixels
    0x9C94, 0x41CC, 0x20C9, 0x2109, 0x316A, 0x522A, 0x7B4D, 0x8350, 0x39AC, 0x318C, 0x298C, 0x318C, 0x398C, 0x41CD, 0x39EC, 0x21AB, // 0x26F0 (9968) pixels
    0x214B, 0x296B, 0x296C, 0x214B, 0x212B, 0x212A, 0x212B, 0x214B, 0x294C, 0x214B, 0x190A, 0x192B, 0x216C, 0x214C, 0x190C, 0x18EC, // 0x2700 (9984) pixels
    0x196B, 0x116B, 0x198B, 0x29CD, 0x3A2E, 0x39CD, 0x298B, 0x298B, 0x39AC, 0x422B, 0x5AEC, 0x736D, 0x83AF, 0x836E, 0x834D, 0x9C0F, // 0x2710 (10000) pixels
    0x9C6F, 0x93EE, 0x834C, 0x7B0C, 0x8B4E, 0x7AEC, 0x7B0D, 0x7B0D, 0x730C, 0x836E, 0x7ACC, 0x72CD, 0x41A9, 0x39C9, 0x52AD, 0x422B, // 0x2720 (10016) pixels
    0x4A0B, 0x4A2D, 0x39CC, 0x212A, 0x210A, 0x294B, 0x316B, 0x316C, 0x424E, 0x4A2C, 0x6B2E, 0x8BF0, 0x834D, 0x836C, 0x940F, 0x8BAE, // 0x2730 (10032) pixels
    0xAC72, 0x93F1, 0x49EB, 0x524E, 0x6B2F, 0x8BCF, 0xA490, 0xA430, 0x49CE, 0x292A, 0x39AA, 0x7B8F, 0x8BCE, 0x93CF, 0x72EE, 0x418B, // 0x2740 (10048) pixels
    0x192A, 0x194B, 0x214A, 0x2109, 0x294A, 0x4A0D, 0x4A2D, 0x318A, 0x41EB, 0x4A2D, 0x4A4C, 0x732D, 0x9C4E, 0xACD1, 0x7BB1, 0x31EE, // 0x2750 (10064) pixels
    0x326E, 0x29EC, 0x1949, 0x194A, 0x3A0E, 0x62AF, 0x9BF1, 0xA40D, 0x7B4F, 0x418B, 0x41CD, 0x294B, 0x292B, 0x39AA, 0x7B90, 0x8371, // 0x2760 (10080) pixels
    0x392C, 0x314C, 0x298C, 0x294C, 0x312B, 0x396D, 0x398D, 0x214C, 0x212A, 0x296C, 0x298C, 0x296B, 0x212B, 0x214B, 0x296C, 0x294B, // 0x2770 (10096) pixels
    0x212C, 0x212C, 0x212C, 0x214C, 0x294C, 0x210B, 0x210C, 0x294D, 0x194A, 0x110A, 0x192A, 0x298C, 0x39ED, 0x31CD, 0x318C, 0x39AC, // 0x2780 (10112) pixels
    0x420C, 0x52AC, 0x6B4D, 0x83AE, 0x8BEF, 0x7B6E, 0x7B4D, 0x93EF, 0x942F, 0x838D, 0x7B2C, 0x832D, 0x8B6E, 0x7B0C, 0x834D, 0x7B2C, // 0x2790 (10128) pixels
    0xA4D0, 0xBD33, 0xB4B3, 0x9C32, 0x6AED, 0x3189, 0x52AE, 0x4A4E, 0x420C, 0x4A0C, 0x39EC, 0x294B, 0x210A, 0x210A, 0x210B, 0x294B, // 0x27A0 (10144) pixels
    0x4A2D, 0x4A2C, 0x8BD0, 0xBCF3, 0xA42F, 0xA40F, 0xB4D2, 0xB4D2, 0xAC30, 0xAC72, 0x5A2C, 0x522E, 0x6B50, 0x8BF0, 0xA470, 0xA42F, // 0x27B0 (10160) pixels
    0x5A6F, 0x314A, 0x2969, 0x630E, 0x7B4E, 0x8B6E, 0x8B70, 0x624D, 0x210A, 0x294B, 0x296B, 0x212A, 0x292A, 0x39AC, 0x39AC, 0x312A, // 0x27C0 (10176) pixels
    0x3169, 0x4A2D, 0x526E, 0x4A0B, 0x5A0A, 0x832E, 0x8C13, 0x6352, 0x29AC, 0x39AB, 0x3148, 0x2149, 0x424F, 0x5A8F, 0x8BAF, 0xAC8F, // 0x27D0 (10192) pixels
    0x6A8C, 0x5A4D, 0x7351, 0x4A8E, 0x39CE, 0x292A, 0x5A4B, 0x7B0E, 0x396C, 0x31AC, 0x29EC, 0x29AB, 0x296B, 0x398D, 0x398E, 0x292C, // 0x27E0 (10208) pixels
    0x298B, 0x39ED, 0x39CD, 0x31AC, 0x296B, 0x214B, 0x294B, 0x212B, 0x212C, 0x212C, 0x212B, 0x296B, 0x296B, 0x212A, 0x18E9, 0x210A, // 0x27F0 (10224) pixels
    0x1929, 0x2109, 0x2129, 0x296A, 0x31AB, 0x31AB, 0x31AB, 0x41EC, 0x5AAD, 0x8BF1, 0x8C10, 0x9410, 0x7B6F, 0x5A8B, 0x732D, 0x836D, // 0x2800 (10240) pixels
    0x838D, 0x730C, 0x7B0C, 0x830D, 0x832D, 0x830C, 0x9C30, 0xA450, 0xBD71, 0xB4F1, 0xB491, 0xAC93, 0x8C11, 0x3188, 0x420C, 0x524F, // 0x2810 (10256) pixels
    0x4A2D, 0x420C, 0x39CC, 0x296B, 0x212B, 0x212B, 0x210A, 0x292B, 0x41ED, 0x49EB, 0x8BB0, 0xC533, 0xC4F2, 0xB490, 0xAC70, 0xA430, // 0x2820 (10272) pixels
    0x9BAE, 0x9BEF, 0x5A2B, 0x41AC, 0x5A8E, 0x7B8F, 0x942F, 0x93CE, 0x6AEE, 0x316A, 0x212A, 0x4A6E, 0x628D, 0x7B2E, 0x8B90, 0x72CD, // 0x2830 (10288) pixels
    0x292B, 0x210A, 0x294B, 0x31AC, 0x298C, 0x214B, 0x212B, 0x292B, 0x316B, 0x39ED, 0x31CC, 0x318B, 0x41AC, 0x41CC, 0x4A2C, 0x4A0C, // 0x2840 (10304) pixels
    0x29AD, 0x7B71, 0x7B0D, 0x3169, 0x216C, 0x31CC, 0x836F, 0xA42F, 0x72AC, 0x5A4C, 0x7370, 0x6330, 0x39CE, 0x314A, 0x626B, 0x8B6E, // 0x2850 (10320) pixels
    0x3A2C, 0x3ACD, 0x330C, 0x228B, 0x21EB, 0x29AC, 0x296C, 0x212B, 0x39EC, 0x422E, 0x420E, 0x39ED, 0x298C, 0x214B, 0x214B, 0x210B, // 0x2860 (10336) pixels
    0x210B, 0x212A, 0x296A, 0x4A6D, 0x8413, 0xB5B9, 0xD69C, 0xE71E, 0xF79F, 0xFFBF, 0xFF9F, 0xEF3F, 0xD69C, 0xAD77, 0x8C32, 0x7BB0, // 0x2870 (10352) pixels
    0x730D, 0x8BD0, 0x836F, 0x7B4F, 0x5A8D, 0x41CA, 0x62ED, 0x734D, 0x7B4D, 0x72CB, 0x8B6E, 0x8B6E, 0x938E, 0x9BCF, 0xC574, 0xCD94, // 0x2880 (10368) pixels
    0xACAF, 0x93CD, 0x9B8E, 0xA431, 0xACF3, 0x736D, 0x4A0B, 0x49ED, 0x4A2D, 0x41EC, 0x39CC, 0x294B, 0x212B, 0x294C, 0x212B, 0x290B, // 0x2890 (10384) pixels
    0x39CD, 0x41EC, 0x6ACD, 0x93CF, 0xA42F, 0x93AE, 0x7B0C, 0x7B2D, 0x9BCD, 0x93CE, 0x6ACD, 0x418B, 0x41EC, 0x6B0D, 0x8BCF, 0x8BCF, // 0x28A0 (10400) pixels
    0x7B2E, 0x39AA, 0x10C9, 0x190B, 0x316B, 0x628D, 0x7B4E, 0x6ACB, 0x41CD, 0x294B, 0x214A, 0x29CD, 0x21CD, 0x196B, 0x114B, 0x198C, // 0x28B0 (10416) pixels
    0x214C, 0x218D, 0x196C, 0x114B, 0x198C, 0x194B, 0x298B, 0x39AB, 0x212B, 0x7B90, 0xAC92, 0x522C, 0x212C, 0x29AC, 0x732E, 0xABF0, // 0x28C0 (10432) pixels
    0xAC71, 0x730E, 0x62EE, 0x5AEF, 0x296A, 0x524C, 0x93CF, 0xA3EF, 0x2A6A, 0x3B6C, 0x33CC, 0x232A, 0x124A, 0x21CB, 0x29AB, 0x298B, // 0x28D0 (10448) pixels
    0x39CC, 0x422E, 0x3A0D, 0x39ED, 0x31AC, 0x296C, 0x296C, 0x214B, 0x422D, 0x9496, 0xDF1E, 0xFFFF, 0xFFFF, 0xFFFF, 0xFFDE, 0xFFFF, // 0x28E0 (10464) pixels
    0xFFFF, 0xFFFF, 0xFFBF, 0xFFBF, 0xFFFF, 0xFFFF, 0xFFFF, 0xFFFF, 0xF71C, 0xCD77, 0x93D1, 0x72CF, 0x524E, 0x41EB, 0x4A4A, 0x5AAA, // 0x28F0 (10480) pixels
    0x7B2C, 0x72CB, 0x93AF, 0x9BCF, 0x93AE, 0x93CE, 0xBD12, 0xAC90, 0xA46F, 0xA410, 0xA3F0, 0xA410, 0xBD53, 0xB574, 0x62CC, 0x49CB, // 0x2900 (10496) pixels
    0x4A2D, 0x41EC, 0x39CC, 0x212A, 0x18EA, 0x212B, 0x210B, 0x20EA, 0x296D, 0x31AC, 0x4A0B, 0x6ACC, 0x9410, 0x93F0, 0x730D, 0x7B6F, // 0x2910 (10512) pixels
    0xAC4F, 0xAC91, 0x93F2, 0x4A0D, 0x39AC, 0x5A8C, 0x7B8E, 0x8BF0, 0x9C50, 0x5AAD, 0x214C, 0x10CC, 0x294C, 0x62AF, 0x838F, 0x6AEB, // 0x2920 (10528) pixels
    0x52D1, 0x39ED, 0x196B, 0x118B, 0x11AC, 0x09AC, 0x11AC, 0x09AC, 0x116E, 0x116D, 0x19AD, 0x11CD, 0x0A0D, 0x09AC, 0x29CD, 0x314B, // 0x2930 (10544) pixels
    0x216C, 0x4A29, 0xA491, 0x72EF, 0x318E, 0x110A, 0x4189, 0xAB6F, 0xBD32, 0x8BD0, 0x41EB, 0x39CA, 0x3189, 0x83CF, 0xB4D1, 0xABEF, // 0x2940 (10560) pixels
    0x29AB, 0x2A0C, 0x228D, 0x1A6C, 0x1A6C, 0x1A4C, 0x198B, 0x194B, 0x416E, 0x420F, 0x322F, 0x29EE, 0x31AC, 0x2909, 0x5A8E, 0xBD59, // 0x2950 (10576) pixels
    0xFFDF, 0xFFFF, 0xFFFE, 0xEFFB, 0xBFF6, 0x87F2, 0x57CE, 0x37CC, 0x1F89, 0x27AA, 0x27AA, 0x37AC, 0x57AE, 0x87D3, 0xB7F8, 0xD7FB, // 0x2960 (10592) pixels
    0xFFFD, 0xFFFF, 0xFFDF, 0xCDF9, 0x7B0E, 0x318A, 0x39EB, 0x630D, 0xBCD0, 0xBCF1, 0x9BEE, 0x7B0C, 0x7B0D, 0x834F, 0x93D1, 0x93D1, // 0x2970 (10608) pixels
    0x9C2F, 0x9C4F, 0x93EE, 0xA46F, 0xB4B0, 0xCD74, 0x7B2E, 0x41CA, 0x4A2D, 0x31AB, 0x214A, 0x214B, 0x214B, 0x192B, 0x192B, 0x192B, // 0x2980 (10624) pixels
    0x212B, 0x318C, 0x31AC, 0x39CB, 0x7370, 0xA492, 0xAC90, 0x9BED, 0xAC51, 0xB4B0, 0xB510, 0x62AB, 0x312A, 0x396C, 0x5AAF, 0x7BF0, // 0x2990 (10640) pixels
    0x7BEB, 0x73CD, 0x4A6B, 0x214A, 0x298D, 0x4A4F, 0x62EF, 0x62AD, 0x5A2D, 0x4A2D, 0x21AD, 0x11CE, 0x020F, 0x01EF, 0x01EF, 0x01EF, // 0x29A0 (10656) pixels
    0x020F, 0x0270, 0x020E, 0x0230, 0x09D0, 0x21F0, 0x214D, 0x318C, 0x296B, 0x398B, 0x7B30, 0x93D2, 0x396B, 0x290A, 0x398A, 0x9430, // 0x29B0 (10672) pixels
    0xB4B2, 0x9C12, 0x49EB, 0x20E9, 0x314A, 0x5A6D, 0x836F, 0xAC91, 0x5A4C, 0x4A0B, 0x3A0A, 0x2A0A, 0x2A0B, 0x218B, 0x210A, 0x290B, // 0x29C0 (10688) pixels
    0x39A9, 0x31CD, 0x316D, 0x28EC, 0x3149, 0x9515, 0xEFBF, 0xFFDF, 0xF7FD, 0xC7FA, 0x77B4, 0x378F, 0x1F8C, 0x1F8A, 0x2F4A, 0x3F2A, // 0x29D0 (10704) pixels
    0x2F69, 0x2F89, 0x27A9, 0x1FAA, 0x1F8A, 0x276B, 0x374D, 0x3F4E, 0x6FB1, 0xD7FB, 0xFFFF, 0xFFFF, 0xFFDF, 0xACF7, 0x7B0F, 0x9C92, // 0x29E0 (10720) pixels
    0xBCF1, 0xC512, 0xC554, 0x9C0F, 0x9C10, 0x7B0D, 0x7B0D, 0x834E, 0x834E, 0x9411, 0x8BD0, 0x9C10, 0xAC71, 0xC514, 0x7B4E, 0x4A2B, // 0x29F0 (10736) pixels
    0x420D, 0x318B, 0x214A, 0x212B, 0x212B, 0x192B, 0x210B, 0x212B, 0x294B, 0x294B, 0x316B, 0x318A, 0x4A0B, 0x7B6E, 0xACB1, 0x9C2E, // 0x2A00 (10752) pixels
    0x938E, 0x8BAD, 0xA490, 0x8C11, 0x398B, 0x396C, 0x39AB, 0x62EE, 0x93EF, 0x9431, 0x7391, 0x422D, 0x216B, 0x294B, 0x39AC, 0x39AC, // 0x2A10 (10768) pixels
    0x422E, 0x31CD, 0x118C, 0x01CE, 0x0250, 0x0270, 0x0A70, 0x0A50, 0x0270, 0x01CD, 0x09AC, 0x1A0D, 0x11CD, 0x19CD, 0x29CD, 0x39AD, // 0x2A20 (10784) pixels
    0x218B, 0x2129, 0x4A0B, 0x62AD, 0x294A, 0x296C, 0x41CB, 0x9451, 0x8BAE, 0x7B6F, 0x4A2C, 0x294A, 0x296B, 0x318A, 0x5A6C, 0x8BF0, // 0x2A30 (10800) pixels
    0xCCB1, 0xBC6F, 0xA40E, 0x7B4B, 0x6ACA, 0x6AAC, 0x620B, 0x598A, 0x31A6, 0x3928, 0x38CA, 0x524F, 0xD6BD, 0xFFFE, 0xEFFC, 0xD7FC, // 0x2A40 (10816) pixels
    0x57AF, 0x476E, 0x274B, 0x0F89, 0x0FC9, 0x0FE9, 0x17C8, 0x1788, 0x2769, 0x2789, 0x27A8, 0x1FC8, 0x17A8, 0x1788, 0x1788, 0x1769, // 0x2A50 (10832) pixels
    0x2F49, 0x2F2C, 0x6F93, 0xCFFA, 0xFFFE, 0xFFBF, 0xEEDC, 0x9C30, 0x8B4D, 0xAC91, 0xC534, 0xBCF3, 0xC534, 0xC534, 0x8B4D, 0x8B6D, // 0x2A60 (10848) pixels
    0x72CD, 0x72EE, 0x730E, 0x93D1, 0x93AF, 0xAC72, 0x83B0, 0x422B, 0x420D, 0x318B, 0x212A, 0x210B, 0x212B, 0x210B, 0x210B, 0x210B, // 0x2A70 (10864) pixels
    0x294B, 0x294B, 0x318B, 0x39AB, 0x41CA, 0x6B0D, 0xB4F2, 0xACB0, 0x938E, 0x93F0, 0x8BB0, 0x9C94, 0x7BB1, 0x3149, 0x39AB, 0x41CC, // 0x2A80 (10880) pixels
    0x5A2C, 0x6AAE, 0x7310, 0x5A8F, 0x39ED, 0x29CD, 0x21AD, 0x196C, 0x118C, 0x098C, 0x09CD, 0x1270, 0x0AB0, 0x0270, 0x0250, 0x0A2F, // 0x2A90 (10896) pixels
    0x0250, 0x19ED, 0x73D3, 0xA516, 0x6BB1, 0x1149, 0x194A, 0x39CD, 0x29CC, 0x296B, 0x316A, 0x420B, 0x316B, 0x316D, 0x39AB, 0x838F, // 0x2AA0 (10912) pixels
    0x8B6E, 0x72CD, 0x41EC, 0x294B, 0x31AD, 0x318B, 0x318A, 0x4A2B, 0xFDB2, 0xF5B2, 0xF5D2, 0xDD50, 0xCCEF, 0xCCF0, 0xC450, 0xB3AE, // 0x2AB0 (10928) pixels
    0xA410, 0x82ED, 0x9C12, 0xEF9F, 0xF7FF, 0xF7FD, 0x9FB4, 0x3F0C, 0x1789, 0x1F89, 0x27A8, 0x27A8, 0x27A8, 0x1FC8, 0x17C8, 0x0FA8, // 0x2AC0 (10944) pixels
    0x1FC9, 0x1FA9, 0x1FA8, 0x1F88, 0x2788, 0x2788, 0x2FA8, 0x2FA8, 0x1FC8, 0x27EA, 0x176A, 0x3F8D, 0xA7F5, 0xFFDC, 0xFFBE, 0xF7DE, // 0x2AD0 (10960) pixels
    0xA472, 0x7B0C, 0x8BAE, 0xA40F, 0xB4B1, 0xC553, 0xBD12, 0xA40F, 0x836E, 0x6AEC, 0x62AC, 0x834F, 0x8B6F, 0x9C11, 0x732F, 0x420B, // 0x2AE0 (10976) pixels
    0x4A2E, 0x39AC, 0x212A, 0x210B, 0x212B, 0x210B, 0x210B, 0x20EB, 0x294B, 0x39AD, 0x31AC, 0x39CC, 0x4A4C, 0x6B0E, 0x8BCF, 0x8BEE, // 0x2AF0 (10992) pixels
    0x9C10, 0x832E, 0x8391, 0x7B70, 0x83F2, 0x5AAD, 0x314A, 0x418D, 0x316A, 0x396B, 0x49ED, 0x39AD, 0x298C, 0x220F, 0x1A70, 0x1290, // 0x2B00 (11008) pixels
    0x0A70, 0x0A2F, 0x0A2F, 0x0A90, 0x026F, 0x026F, 0x0A70, 0x0A30, 0x09EF, 0x320D, 0xB4F5, 0xF69A, 0xBD55, 0x39C9, 0x1929, 0x216B, // 0x2B10 (11024) pixels
    0x216B, 0x214B, 0x294B, 0x39EC, 0x39AD, 0x396D, 0x396C, 0x6AAE, 0x72AD, 0x6A6D, 0x4A0D, 0x292B, 0x318D, 0x31AD, 0x296B, 0x318B, // 0x2B20 (11040) pixels
    0xF592, 0xDCEF, 0xE530, 0xF5D2, 0xFDF2, 0xF5B2, 0xF592, 0xFDD3, 0xFD75, 0xF679, 0xFFDF, 0xFFFF, 0xE7FD, 0x6F72, 0x376C, 0x2F89, // 0x2B30 (11056) pixels
    0x2788, 0x27A8, 0x27A8, 0x2788, 0x2768, 0x2768, 0x2F8A, 0x37AB, 0x1FA9, 0x1FA9, 0x1F89, 0x1F89, 0x1FA9, 0x1FA9, 0x17A8, 0x1788, // 0x2B40 (11072) pixels
    0x17C9, 0x1747, 0x1FE8, 0x17E8, 0x176A, 0x77F2, 0xE7FC, 0xFFDF, 0xFFBF, 0xA4D3, 0x7B6D, 0x9BEF, 0xA44F, 0xA42F, 0xBCD2, 0xBCF2, // 0x2B50 (11088) pixels
    0xB531, 0xA4D1, 0x7B8D, 0x72EC, 0x93AF, 0x93D0, 0x5A4C, 0x4A4D, 0x4A6F, 0x39AC, 0x212A, 0x190B, 0x212B, 0x212B, 0x210B, 0x20EA, // 0x2B60 (11104) pixels
    0x210A, 0x296B, 0x318C, 0x39CC, 0x5AAE, 0x7350, 0x732E, 0x7B6D, 0x93F0, 0x7B0E, 0x6AAF, 0x628E, 0x526C, 0x6B2E, 0x49EC, 0x310B, // 0x2B70 (11120) pixels
    0x298B, 0x216B, 0x218D, 0x116D, 0x016D, 0x122F, 0x128F, 0x0AAF, 0x0AF2, 0x0291, 0x0270, 0x026F, 0x02B0, 0x1312, 0x1AB1, 0x11CE, // 0x2B80 (11136) pixels
    0x21EF, 0x39EC, 0x838F, 0xAC71, 0xCD35, 0x8390, 0x4A8E, 0x196B, 0x194B, 0x114B, 0x196C, 0x21CC, 0x218C, 0x212D, 0x292C, 0x420C, // 0x2B90 (11152) pixels
    0x4A2C, 0x526E, 0x4A90, 0x218D, 0x196D, 0x196D, 0x196C, 0x218C, 0xF613, 0xE54F, 0xE54F, 0xF5B0, 0xFDF0, 0xFDF0, 0xF5F0, 0xFE32, // 0x2BA0 (11168) pixels
    0xFE77, 0xFF9D, 0xFFDF, 0xE7FB, 0x6F70, 0x1FCA, 0x0767, 0x2FAA, 0x17A8, 0x1FA8, 0x27A9, 0x2FA9, 0x2F89, 0x2769, 0x1F6A, 0x1F6A, // 0x2BB0 (11184) pixels
    0x1FA9, 0x1FA9, 0x1F89, 0x1F8A, 0x1FAA, 0x1FAA, 0x1FA9, 0x17C9, 0x2F2A, 0x1FA8, 0x1FE8, 0x1F68, 0x1789, 0x178B, 0x6F72, 0xF7FD, // 0x2BC0 (11200) pixels
    0xF7FF, 0xF7BE, 0x9CB2, 0x8BCF, 0x93CE, 0x9BCF, 0x8B8D, 0xB4B2, 0xBD51, 0xB532, 0x9C90, 0x8BAD, 0x9BEF, 0x93CF, 0x5A6C, 0x420C, // 0x2BD0 (11216) pixels
    0x422E, 0x298C, 0x190A, 0x190B, 0x212B, 0x212B, 0x210A, 0x20EA, 0x212A, 0x18E9, 0x296C, 0x39ED, 0x4A6E, 0x7370, 0x7B6F, 0x7B8E, // 0x2BE0 (11232) pixels
    0x8BAF, 0x93D2, 0x5A2D, 0x49CB, 0x522B, 0x6AEE, 0x7B51, 0x416B, 0x292A, 0x194B, 0x11AD, 0x01EE, 0x022E, 0x024F, 0x024E, 0x0A4E, // 0x2BF0 (11248) pixels
    0x022E, 0x0AB1, 0x1B13, 0x12D1, 0x0AF1, 0x2373, 0x32F2, 0x21EF, 0x420F, 0x420C, 0x524B, 0x626B, 0x93D1, 0x8371, 0x6B31, 0x4AD0, // 0x2C00 (11264) pixels
    0x222E, 0x11EE, 0x020E, 0x01ED, 0x01AC, 0x096C, 0x096C, 0x11CC, 0x19EC, 0x19ED, 0x1A0E, 0x09CD, 0x09EE, 0x0A0F, 0x09EE, 0x09EE, // 0x2C10 (11280) pixels
    0xF631, 0xFE31, 0xFE31, 0xFE10, 0xFE31, 0xFE52, 0xF631, 0xFE73, 0xFFFD, 0xFFFE, 0xE7FC, 0x7771, 0x2F8A, 0x17A7, 0x27E9, 0x1F6A, // 0x2C20 (11296) pixels
    0x1FA9, 0x1789, 0x1789, 0x1FA9, 0x1FA9, 0x1FA9, 0x1FAA, 0x1F8A, 0x27A9, 0x27A9, 0x1F8A, 0x1F6A, 0x1F69, 0x2769, 0x2789, 0x2789, // 0x2C30 (11312) pixels
    0x276A, 0x2FEA, 0x2729, 0x3EED, 0x77F3, 0x67F0, 0x472C, 0x5790, 0xE7FD, 0xF7FF, 0xEF5C, 0x9C92, 0x8B8F, 0x8B4E, 0x93AF, 0xA452, // 0x2C40 (11328) pixels
    0x8BAE, 0x7B4D, 0x9C51, 0xA450, 0x9BCE, 0x93CF, 0x7B4F, 0x41EA, 0x298C, 0x192B, 0x190A, 0x192B, 0x192B, 0x190B, 0x18EA, 0x210A, // 0x2C50 (11344) pixels
    0x210A, 0x18A9, 0x212A, 0x31AC, 0x39CC, 0x5ACE, 0x6B0E, 0x732E, 0x7B2D, 0x7B2E, 0x7B30, 0x418A, 0x524C, 0x7350, 0x7330, 0x6ACF, // 0x2C60 (11360) pixels
    0x294D, 0x214C, 0x19AC, 0x1A4E, 0x1AAF, 0x0A8F, 0x0AD0, 0x1B32, 0x1B72, 0x2BB4, 0x33B5, 0x12F2, 0x0290, 0x1290, 0x1A0F, 0x31AE, // 0x2C70 (11376) pixels
    0x4A0E, 0x41EC, 0x49EB, 0x41CB, 0x420D, 0x39AC, 0x522E, 0x6AF0, 0x22AF, 0x1270, 0x02D1, 0x028F, 0x0A8F, 0x0A4F, 0x022F, 0x026E, // 0x2C80 (11392) pixels
    0x0A4F, 0x0A4F, 0x022E, 0x0A90, 0x0A70, 0x024F, 0x022F, 0x022F, 0xFE31, 0xFE11, 0xFE12, 0xFDF2, 0xFDD2, 0xF5D2, 0xF655, 0xFF7A, // 0x2C90 (11408) pixels
    0xFFDF, 0xDFFD, 0x77B3, 0x376B, 0x1F89, 0x27A8, 0x1F48, 0x1FA9, 0x27AA, 0x1FA9, 0x1FA9, 0x1FA8, 0x1F88, 0x1F88, 0x2789, 0x2789, // 0x2CA0 (11424) pixels
    0x1F68, 0x1F89, 0x1F89, 0x1F8A, 0x1FA9, 0x1F89, 0x1FA8, 0x27A7, 0x27A9, 0x0FC8, 0x3F6E, 0xC7FA, 0xE7FC, 0x77D1, 0x1F89, 0x27C9, // 0x2CB0 (11440) pixels
    0xB6D7, 0xE7FD, 0xFFFF, 0xE6BB, 0x93F1, 0x6A6C, 0x51C9, 0x8BB0, 0x7ACF, 0x622C, 0x7B2F, 0x93AF, 0x8B4C, 0x938D, 0x9C31, 0x62EE, // 0x2CC0 (11456) pixels
    0x10EA, 0x10EA, 0x110A, 0x192B, 0x192B, 0x190A, 0x18EA, 0x210A, 0x41ED, 0x39AD, 0x296C, 0x318C, 0x318B, 0x39CB, 0x39A9, 0x41C9, // 0x2CD0 (11472) pixels
    0x5A2A, 0x628C, 0x7B70, 0x62CF, 0x398A, 0x522C, 0x5A4C, 0x524B, 0x198F, 0x192C, 0x214B, 0x52CF, 0x63F3, 0x3BB2, 0x1B93, 0x0BD5, // 0x2CE0 (11488) pixels
    0x1B31, 0x12B0, 0x1270, 0x0A71, 0x0AD1, 0x0A70, 0x114C, 0x292C, 0x39AC, 0x398B, 0x418C, 0x31AD, 0x21AD, 0x218D, 0x316B, 0x4909, // 0x2CF0 (11504) pixels
    0x226F, 0x12B1, 0x1374, 0x0B32, 0x1B73, 0x1AF2, 0x0A90, 0x028F, 0x0A91, 0x0AB1, 0x0AB1, 0x1B12, 0x0AB1, 0x0A90, 0x0AB1, 0x12D2, // 0x2D00 (11520) pixels
    0xFE30, 0xFDF1, 0xF611, 0xFE50, 0xF5EE, 0xE653, 0xF75B, 0xFFBF, 0xFFFF, 0x97F6, 0x2FAB, 0x1787, 0x1FA8, 0x1F89, 0x1F89, 0x2789, // 0x2D10 (11536) pixels
    0x1F89, 0x1F89, 0x1F89, 0x1F89, 0x1F89, 0x1F89, 0x1F89, 0x1F89, 0x17A9, 0x2789, 0x2769, 0x1F89, 0x17AA, 0x1FAA, 0x1FA9, 0x1FC8, // 0x2D20 (11552) pixels
    0x1F29, 0x776F, 0xE7FC, 0xFFFF, 0xFFFE, 0x4FEE, 0x2789, 0x276A, 0x27CB, 0xB7F6, 0xFFFF, 0xFFDF, 0xC597, 0x3949, 0x316C, 0x4A4C, // 0x2D30 (11568) pixels
    0x524C, 0x41EB, 0x39CB, 0x62AD, 0x72ED, 0x8B6E, 0x93B0, 0x9432, 0x4A6E, 0x118B, 0x01EE, 0x0230, 0x01CF, 0x094C, 0x218B, 0x52EE, // 0x2D40 (11584) pixels
    0xA475, 0xA453, 0x836F, 0x5A2C, 0x292B, 0x3A10, 0x218C, 0x1129, 0x39AC, 0x41CD, 0x4A6E, 0x4A6D, 0x3A2A, 0x31CA, 0x296C, 0x318E, // 0x2D50 (11600) pixels
    0x220F, 0x112B, 0x316B, 0x5A4E, 0x5A8F, 0x3A90, 0x1AB1, 0x02B1, 0x02F2, 0x02D2, 0x02D1, 0x0AB1, 0x0AB1, 0x0A91, 0x0250, 0x020F, // 0x2D60 (11616) pixels
    0x01EE, 0x01CD, 0x09EE, 0x122F, 0x1A70, 0x1AB1, 0x1AD1, 0x0AB0, 0x23B3, 0x4CF8, 0x5539, 0x3415, 0x1332, 0x1332, 0x1312, 0x0AF1, // 0x2D70 (11632) pixels
    0x1333, 0x0AB1, 0x0230, 0x0A30, 0x1291, 0x1AF2, 0x2353, 0x2394, 0xFE30, 0xF5F1, 0xF611, 0xFE30, 0xF610, 0xEE75, 0xFF7C, 0xFFDF, // 0x2D80 (11648) pixels
    0xD7FC, 0x6771, 0x1F69, 0x1FC8, 0x2788, 0x1F89, 0x1FA9, 0x1F88, 0x1F89, 0x1F89, 0x1F89, 0x1F89, 0x1F89, 0x1F89, 0x1F89, 0x1F89, // 0x2D90 (11664) pixels
    0x1FA9, 0x1F69, 0x2789, 0x1FA9, 0x1F88, 0x2789, 0x278A, 0x1F69, 0x87F4, 0xBFF8, 0xFFFF, 0xFFFF, 0xFFFE, 0x47CD, 0x1F89, 0x1F69, // 0x2DA0 (11680) pixels
    0x1768, 0x5F0D, 0xEFFD, 0xFFFF, 0xF79E, 0x528D, 0x20EA, 0x296A, 0x292A, 0x298B, 0x298C, 0x318B, 0x3969, 0x5A2B, 0x6AAD, 0x72CE, // 0x2DB0 (11696) pixels
    0x52AE, 0x2A4E, 0x0A6F, 0x0250, 0x1271, 0x220F, 0x298B, 0x4A0C, 0x5A2B, 0xA432, 0xDD77, 0xAC54, 0x4A0C, 0x29AC, 0x1909, 0x2108, // 0x2DC0 (11712) pixels
    0x1909, 0x210A, 0x398C, 0x398A, 0x422C, 0x42CE, 0x1A0D, 0x1A70, 0x22D1, 0x11CD, 0x114B, 0x196B, 0x11AC, 0x122E, 0x0AD1, 0x0333, // 0x2DD0 (11728) pixels
    0x0312, 0x0312, 0x02F2, 0x02D1, 0x02B1, 0x0AB1, 0x0A91, 0x0A91, 0x0A90, 0x0A90, 0x12D1, 0x1AF2, 0x1B12, 0x2353, 0x2394, 0x1B94, // 0x2DE0 (11744) pixels
    0x0B11, 0x1B93, 0x1B73, 0x1312, 0x1332, 0x2394, 0x1B94, 0x1B53, 0x1B74, 0x12F2, 0x0A91, 0x0270, 0x0A70, 0x0A90, 0x0AB1, 0x02D1, // 0x2DF0 (11760) pixels
    0xFE51, 0xFE11, 0xFE32, 0xFDF1, 0xFE33, 0xFEF9, 0xFFDE, 0xFFFF, 0x8FD4, 0x3F0C, 0x1768, 0x27E9, 0x2788, 0x1F69, 0x1FAA, 0x1F88, // 0x2E00 (11776) pixels
    0x1F89, 0x1F89, 0x1F89, 0x1F89, 0x1F89, 0x1F89, 0x1F89, 0x1F89, 0x1F69, 0x1FCA, 0x1F89, 0x1F88, 0x27C8, 0x1F68, 0x374C, 0x6FD2, // 0x2E10 (11792) pixels
    0xDFFE, 0xFFFE, 0xFFBF, 0xFFDF, 0xFFFE, 0x378C, 0x1F88, 0x1F89, 0x1FC9, 0x1F49, 0x97B4, 0xF7FE, 0xF7FF, 0xADF8, 0x396B, 0x296B, // 0x2E20 (11808) pixels
    0x316C, 0x296C, 0x192C, 0x298C, 0x4A0C, 0x8330, 0x830E, 0x622B, 0x4A0C, 0x2A2D, 0x126F, 0x0290, 0x1AF2, 0x2A50, 0x216C, 0x41CD, // 0x2E30 (11824) pixels
    0x39CA, 0x622B, 0x8AEE, 0x830F, 0x296A, 0x0909, 0x298B, 0x7351, 0x52AF, 0x394B, 0x61EE, 0x724E, 0x8B71, 0xA558, 0x6CB6, 0x3BF4, // 0x2E40 (11840) pixels
    0x0270, 0x024F, 0x024F, 0x0A6F, 0x12D1, 0x0B32, 0x0373, 0x0394, 0x0333, 0x0353, 0x0B53, 0x0B33, 0x02F2, 0x02D1, 0x02B1, 0x0AD1, // 0x2E50 (11856) pixels
    0x02B1, 0x02B1, 0x02D1, 0x02D1, 0x02B1, 0x02D1, 0x02F2, 0x0332, 0x02D1, 0x02D1, 0x02B0, 0x02B1, 0x0B12, 0x0B13, 0x0AF2, 0x02D2, // 0x2E60 (11872) pixels
    0x02F2, 0x02B1, 0x0270, 0x0270, 0x0290, 0x0290, 0x0290, 0x02B0, 0xFE31, 0xFE32, 0xFE13, 0xEDB1, 0xF656, 0xFF7D, 0xFFFF, 0xDFFD, // 0x2E70 (11888) pixels
    0x3F4C, 0x278A, 0x17A8, 0x1FA8, 0x2769, 0x1F69, 0x1FA9, 0x1FA8, 0x1F89, 0x1F89, 0x1F89, 0x1F89, 0x1F89, 0x1F89, 0x1F89, 0x1F89, // 0x2E80 (11904) pixels
    0x1F68, 0x1FCA, 0x1F89, 0x2768, 0x1FC8, 0x1F89, 0x6F91, 0xE7FC, 0xFFDF, 0xFFBF, 0xFF7F, 0xFFFF, 0xF7FE, 0x2F6B, 0x1F88, 0x2789, // 0x2E90 (11920) pixels
    0x1F88, 0x17C8, 0x470C, 0xE7FD, 0xF7FF, 0xEFFF, 0x422B, 0x28C9, 0x2929, 0x294A, 0x31ED, 0x52B0, 0x6AEF, 0x9390, 0xA3D0, 0xA3F0, // 0x2EA0 (11936) pixels
    0x5A6E, 0x320C, 0x126E, 0x1332, 0x2BB5, 0x2AF2, 0x118D, 0x090A, 0x196B, 0x18E9, 0x2929, 0x39CD, 0x19AD, 0x11CE, 0x11CE, 0x326F, // 0x2EB0 (11952) pixels
    0x3ACF, 0x192A, 0x314B, 0x394A, 0x398A, 0x4B30, 0x2B50, 0x02AF, 0x0312, 0x0B53, 0x0B73, 0x0B94, 0x13F5, 0x0BF5, 0x03D5, 0x03D5, // 0x2EC0 (11968) pixels
    0x0B94, 0x0BB4, 0x0BB4, 0x0B94, 0x0B53, 0x0B33, 0x0B33, 0x0B12, 0x0B74, 0x0B74, 0x1374, 0x0B74, 0x0333, 0x0333, 0x0353, 0x0353, // 0x2ED0 (11984) pixels
    0x0B13, 0x0312, 0x0312, 0x0B33, 0x0B33, 0x0312, 0x02F2, 0x0313, 0x02F2, 0x02D2, 0x02F2, 0x0B13, 0x0B53, 0x0B53, 0x0B53, 0x0B73, // 0x2EE0 (12000) pixels
    0xFE11, 0xF5D1, 0xF571, 0xDD10, 0xF698, 0xFFBF, 0xF7FE, 0x9FB6, 0x1748, 0x1FE9, 0x1FE9, 0x1F88, 0x2769, 0x1F8A, 0x1FA9, 0x1FA8, // 0x2EF0 (12016) pixels
    0x1F89, 0x1F89, 0x1F89, 0x1F89, 0x1F89, 0x1F89, 0x1F89, 0x1F89, 0x1FA9, 0x1F48, 0x27AA, 0x1FA9, 0x1748, 0x5FAF, 0xD7FA, 0xFFDF, // 0x2F00 (12032) pixels
    0xFFDF, 0xFFDF, 0xFFBF, 0xF7FF, 0xF7FD, 0x2F6A, 0x1F88, 0x2789, 0x1FA9, 0x1FC8, 0x2F4A, 0xA7F6, 0xFFFE, 0xFFFF, 0xAD97, 0x8311, // 0x2F10 (12048) pixels
    0x522C, 0x318B, 0x298B, 0x422D, 0x49EB, 0x5A0A, 0x7ACC, 0x9BB0, 0x7311, 0x3A4E, 0x126E, 0x0AD0, 0x02B0, 0x12D1, 0x1AF2, 0x1AD0, // 0x2F20 (12064) pixels
    0x1A91, 0x124F, 0x0A4E, 0x126F, 0x0A71, 0x1B34, 0x1333, 0x0B12, 0x1C14, 0x1BD4, 0x1333, 0x12D1, 0x0AD0, 0x0310, 0x0352, 0x0395, // 0x2F30 (12080) pixels
    0x0B94, 0x13D5, 0x03B5, 0x03B5, 0x03D5, 0x03B5, 0x0394, 0x03B5, 0x03B4, 0x0394, 0x0373, 0x0353, 0x0353, 0x0B74, 0x0B94, 0x0B94, // 0x2F40 (12096) pixels
    0x0B75, 0x0B75, 0x0B75, 0x0B74, 0x0B75, 0x0B74, 0x0B54, 0x0B54, 0x0B74, 0x0B54, 0x0B54, 0x0B54, 0x0B54, 0x0B74, 0x1394, 0x1395, // 0x2F50 (12112) pixels
    0x0B94, 0x0B74, 0x0B94, 0x13B5, 0x13B5, 0x13B4, 0x1394, 0x13B4, 0xFDF2, 0xED91, 0xE4CF, 0xDCF1, 0xF71C, 0xFFDF, 0xE7FC, 0x5F4F, // 0x2F60 (12128) pixels
    0x17A8, 0x17C8, 0x1FA8, 0x1F89, 0x1F89, 0x1FAA, 0x1FA9, 0x1F88, 0x1F89, 0x1F89, 0x1F89, 0x1F89, 0x1F89, 0x1F89, 0x1F89, 0x1F89, // 0x2F70 (12144) pixels
    0x1FA8, 0x2F69, 0x1F89, 0x0F8A, 0x478E, 0xCFF8, 0xFFFE, 0xFFBF, 0xFFFF, 0xFFFD, 0xFFFF, 0xF7FF, 0xF7FD, 0x3F8C, 0x2788, 0x27A9, // 0x2F80 (12160) pixels
    0x27A9, 0x1F69, 0x1F89, 0x570D, 0xF7FD, 0xFFBE, 0xEF9D, 0x8391, 0x8C75, 0x4ACF, 0x198C, 0x21CC, 0x216A, 0x31AA, 0x39EB, 0x3A2C, // 0x2F90 (12176) pixels
    0x320D, 0x1A2D, 0x2B93, 0x3476, 0x1353, 0x02D1, 0x0B32, 0x0B73, 0x1373, 0x0332, 0x0351, 0x0B93, 0x0B93, 0x13D5, 0x1436, 0x0C96, // 0x2FA0 (12192) pixels
    0x03B3, 0x03D4, 0x0394, 0x03D4, 0x03F4, 0x03B3, 0x03D5, 0x03B6, 0x0394, 0x03D5, 0x03D5, 0x03D5, 0x03F6, 0x03B5, 0x0394, 0x03B4, // 0x2FB0 (12208) pixels
    0x03B4, 0x0394, 0x0373, 0x0373, 0x0394, 0x0B94, 0x0B94, 0x0393, 0x0B95, 0x0B95, 0x0B95, 0x0B95, 0x0BB5, 0x1395, 0x0B75, 0x0B74, // 0x2FC0 (12224) pixels
    0x0B75, 0x0B95, 0x0B95, 0x0374, 0x0354, 0x0374, 0x0B94, 0x0B94, 0x0B95, 0x0B74, 0x0B94, 0x0BB5, 0x0BB4, 0x0374, 0x0353, 0x0353, // 0x2FD0 (12240) pixels
    0xF591, 0xE550, 0xDC8F, 0xE554, 0xFFDF, 0xFFFF, 0xC7F9, 0x376A, 0x1FC9, 0x1F88, 0x2768, 0x2789, 0x1FA9, 0x1FA9, 0x1FA9, 0x2769, // 0x2FE0 (12256) pixels
    0x1F89, 0x1F89, 0x1F89, 0x1F89, 0x1F89, 0x1F89, 0x1F89, 0x1F89, 0x1F68, 0x27EA, 0x1F89, 0x3F4D, 0xAFF8, 0xFFFF, 0xFFBF, 0xF7FF, // 0x2FF0 (12272) pixels
    0xF7FF, 0xFFFD, 0xFFFF, 0xF7FF, 0xFFFE, 0x57CE, 0x2789, 0x1FA9, 0x1F88, 0x1F8A, 0x17A9, 0x3F4B, 0xCFFA, 0xFFDF, 0xFFDF, 0x63EF, // 0x3000 (12288) pixels
    0x3B2F, 0x2AF0, 0x2311, 0x1B11, 0x0A4D, 0x128E, 0x1B31, 0x2394, 0x3C15, 0x1352, 0x1393, 0x2415, 0x1353, 0x02D1, 0x0332, 0x0373, // 0x3010 (12304) pixels
    0x0372, 0x0372, 0x0352, 0x0351, 0x0372, 0x03F4, 0x0434, 0x0413, 0x03F3, 0x03B3, 0x0BF5, 0x0C15, 0x03F3, 0x1434, 0x1C56, 0x13F6, // 0x3020 (12320) pixels
    0x0436, 0x0C36, 0x0415, 0x03F5, 0x03D4, 0x03D4, 0x03D4, 0x0BF5, 0x0BD5, 0x0BD5, 0x0BD5, 0x0BD5, 0x0BD5, 0x0BD5, 0x0BB4, 0x0BB4, // 0x3030 (12336) pixels
    0x0BF6, 0x1416, 0x0BF6, 0x0BF5, 0x0C16, 0x13F6, 0x0BB5, 0x13B5, 0x0395, 0x0BB5, 0x13F6, 0x13D5, 0x0BB4, 0x0BB4, 0x0BD4, 0x0394, // 0x3040 (12352) pixels
    0x0B54, 0x0354, 0x0374, 0x03B4, 0x0BB5, 0x0B94, 0x0B74, 0x0B74, 0xE510, 0xDCEF, 0xDC8F, 0xEDD5, 0xFFFF, 0xEFDF, 0xB7F7, 0x2788, // 0x3050 (12368) pixels
    0x1F89, 0x2789, 0x2769, 0x2789, 0x1789, 0x17A9, 0x1F89, 0x2F89, 0x1F89, 0x1F89, 0x1F89, 0x1F89, 0x1F89, 0x1F89, 0x1F89, 0x1F89, // 0x3060 (12384) pixels
    0x2789, 0x0FE8, 0x1FA9, 0x8F91, 0xF7FE, 0xFFFF, 0xEFDF, 0xFFFF, 0xFFFF, 0xFFDE, 0xFFDF, 0xFFDF, 0xFFDF, 0x67F1, 0x278A, 0x17A9, // 0x3070 (12400) pixels
    0x2788, 0x17CB, 0x17A9, 0x3789, 0x9FF7, 0xFFBF, 0xFFBF, 0x8616, 0x3C53, 0x4516, 0x55BA, 0x4DBA, 0x2475, 0x1C75, 0x1CB8, 0x0CB9, // 0x3080 (12416) pixels
    0x0C35, 0x03B2, 0x0351, 0x0332, 0x0B12, 0x02F2, 0x0353, 0x0373, 0x0373, 0x0332, 0x0312, 0x0B73, 0x03D4, 0x0435, 0x0C76, 0x1455, // 0x3090 (12432) pixels
    0x0454, 0x0435, 0x0C77, 0x0415, 0x0435, 0x0CB6, 0x0435, 0x0436, 0x0415, 0x0435, 0x0435, 0x0415, 0x03F4, 0x0BF4, 0x03F4, 0x03D4, // 0x30A0 (12448) pixels
    0x0394, 0x0BB5, 0x0BB5, 0x0BB4, 0x0394, 0x0394, 0x0BB4, 0x0BD5, 0x03D5, 0x0415, 0x0415, 0x03F5, 0x0415, 0x03F5, 0x03B5, 0x0BD5, // 0x30B0 (12464) pixels
    0x0BD6, 0x0BB5, 0x0BD5, 0x0BB5, 0x03B4, 0x0BB4, 0x0BD4, 0x0393, 0x0B75, 0x0B74, 0x0394, 0x0BB5, 0x0BD5, 0x0BB5, 0x0B74, 0x0B74, // 0x30C0 (12480) pixels
    0xE4D0, 0xD490, 0xCC4E, 0xE6BB, 0xFFFE, 0xFFFF, 0x5FF0, 0x2F89, 0x27A9, 0x1789, 0x1FA9, 0x1FCA, 0x1F89, 0x1F89, 0x1FA9, 0x17A9, // 0x30D0 (12496) pixels
    0x1F87, 0x17E9, 0x2F8A, 0x276A, 0x1F89, 0x2769, 0x17A9, 0x17A9, 0x17A7, 0x1F49, 0x5FB1, 0xDFFB, 0xFF9F, 0xFFDF, 0xFFFF, 0xFFDE, // 0x30E0 (12512) pixels
    0xFFFE, 0xF7FF, 0xFFFF, 0xFFDF, 0xFFFE, 0xC7D7, 0x474D, 0x07E9, 0x1789, 0x178A, 0x27AA, 0x2769, 0x67F0, 0xFFFF, 0xFFFF, 0xAE59, // 0x30F0 (12528) pixels
    0x0B72, 0x1BF4, 0x2455, 0x13F4, 0x0BD3, 0x0BF4, 0x03B3, 0x03B3, 0x0393, 0x03B3, 0x03B3, 0x03B3, 0x03F4, 0x0C35, 0x0C15, 0x03F4, // 0x3100 (12544) pixels
    0x0414, 0x03F4, 0x0415, 0x0435, 0x0415, 0x0456, 0x0CB7, 0x14D8, 0x0CB7, 0x0476, 0x0455, 0x0455, 0x0455, 0x0456, 0x0455, 0x0435, // 0x3110 (12560) pixels
    0x0456, 0x0435, 0x0435, 0x0435, 0x0C35, 0x0C36, 0x0C36, 0x0415, 0x03F5, 0x0415, 0x0C15, 0x0C15, 0x0BF5, 0x03F5, 0x0BF5, 0x0C16, // 0x3120 (12576) pixels
    0x0BF5, 0x0BD5, 0x03B4, 0x03B4, 0x0BB4, 0x0BB4, 0x0BB4, 0x0BB4, 0x0BB5, 0x0BD5, 0x0BD5, 0x0BD5, 0x0BB5, 0x03B4, 0x03B4, 0x0BB4, // 0x3130 (12592) pixels
    0x0BB5, 0x0BB5, 0x0BD5, 0x0BB5, 0x0BB5, 0x0BB4, 0x0B94, 0x0B94, 0xDC8F, 0xD470, 0xCC2E, 0xEF1D, 0xFFFE, 0xFFFF, 0x4FCF, 0x2788, // 0x3140 (12608) pixels
    0x17C8, 0x1FA9, 0x2789, 0x1F69, 0x1769, 0x17A9, 0x27A9, 0x2F88, 0x1FC9, 0x17C9, 0x1F88, 0x1F89, 0x1FA9, 0x2789, 0x1F89, 0x2789, // 0x3150 (12624) pixels
    0x27A9, 0x274B, 0xB7F7, 0xFFFE, 0xFFFF, 0xFFFF, 0xEFFF, 0xFFFF, 0xFFFF, 0xFFDF, 0xFFFF, 0xEFFE, 0xB7F9, 0x67B0, 0x2729, 0x27E9, // 0x3160 (12640) pixels
    0x1FA9, 0x178A, 0x1F89, 0x1F68, 0x57CE, 0xFFFF, 0xFFFF, 0xC71C, 0x03F3, 0x03F3, 0x0C55, 0x1475, 0x0C55, 0x0C55, 0x0454, 0x0434, // 0x3170 (12656) pixels
    0x0414, 0x0C35, 0x0C35, 0x0C55, 0x1476, 0x1496, 0x1476, 0x0C55, 0x0C76, 0x0C55, 0x0435, 0x0435, 0x0415, 0x0435, 0x0456, 0x0455, // 0x3180 (12672) pixels
    0x0CD7, 0x0CD7, 0x0CD7, 0x0CB7, 0x0C96, 0x0476, 0x0476, 0x0455, 0x0455, 0x0455, 0x0456, 0x0456, 0x0C56, 0x0C56, 0x0C36, 0x0C36, // 0x3190 (12688) pixels
    0x0C36, 0x0C56, 0x0C56, 0x0C36, 0x0C15, 0x03F5, 0x0BF5, 0x0BF5, 0x0BF5, 0x0BF5, 0x0BD5, 0x0BD5, 0x0BD5, 0x0BB5, 0x0BB5, 0x0BB5, // 0x31A0 (12704) pixels
    0x0BB5, 0x0BD5, 0x0BD5, 0x0BD5, 0x0BB5, 0x0BB5, 0x0BB5, 0x0BB5, 0x0BB4, 0x0BB4, 0x0BB5, 0x0BB5, 0x0BB5, 0x0BB5, 0x0BB5, 0x0BB5, // 0x31B0 (12720) pixels
    0xD44E, 0xCC2F, 0xC40D, 0xFF9E, 0xFFFE, 0xFFFF, 0x3F8D, 0x1FA8, 0x1F87, 0x1FA8, 0x1F89, 0x2769, 0x276A, 0x2789, 0x1F88, 0x17A8, // 0x31C0 (12736) pixels
    0x276B, 0x2769, 0x17A7, 0x1FC8, 0x1FA9, 0x1F89, 0x2769, 0x2788, 0x274A, 0x87F3, 0xEFFD, 0xFFDF, 0xFFFF, 0xF7FF, 0xFFFF, 0xF7FF, // 0x31D0 (12752) pixels
    0xFFBF, 0xFFFF, 0xDFFC, 0x7F93, 0x2F4C, 0x1FEB, 0x1FA9, 0x2747, 0x27A9, 0x1F89, 0x1F88, 0x1F88, 0x478C, 0xFFFF, 0xFFFF, 0xE7BE, // 0x31E0 (12768) pixels
    0x0D37, 0x1557, 0x1D98, 0x1D78, 0x04B6, 0x0475, 0x04B6, 0x0454, 0x0C76, 0x0C55, 0x0C55, 0x0C76, 0x0C76, 0x0C76, 0x0C96, 0x14B7, // 0x31F0 (12784) pixels
    0x0C76, 0x0455, 0x0435, 0x0455, 0x0456, 0x0C76, 0x0C97, 0x0476, 0x0455, 0x0476, 0x0CB7, 0x0CD7, 0x0CD7, 0x0CB7, 0x0CB7, 0x0CB7, // 0x3200 (12800) pixels
    0x0476, 0x0476, 0x0476, 0x0455, 0x0435, 0x0415, 0x0435, 0x0456, 0x0436, 0x0436, 0x0415, 0x0415, 0x03F5, 0x03F5, 0x03D4, 0x03D4, // 0x3210 (12816) pixels
    0x03D4, 0x03D5, 0x03D5, 0x0BD5, 0x0BD5, 0x0BD5, 0x0BD5, 0x0BD5, 0x0BD5, 0x0BD5, 0x0BD5, 0x0BB4, 0x0BB4, 0x0BD5, 0x0BD5, 0x0BB4, // 0x3220 (12832) pixels
    0x03B4, 0x03B4, 0x03B4, 0x0BB4, 0x0BB4, 0x0B94, 0x0B94, 0x0B94, 0xD42E, 0xCC2F, 0xBBED, 0xFFDF, 0xFFFE, 0xF7FE, 0x374C, 0x1FC9, // 0x3230 (12848) pixels
    0x2F89, 0x27A8, 0x17A8, 0x1FA8, 0x2FA9, 0x2769, 0x1F6A, 0x1FAB, 0x6F72, 0x576E, 0x17A8, 0x17E8, 0x27C9, 0x1769, 0x2769, 0x1FA7, // 0x3240 (12864) pixels
    0x4F4F, 0xE7FB, 0xFFFF, 0xFFBF, 0xFFFF, 0xF7FF, 0xFFDF, 0xFFFF, 0xFFFE, 0xC7F9, 0x6FD2, 0x276B, 0x0F47, 0x1FA8, 0x1FC9, 0x1FA9, // 0x3250 (12880) pixels
    0x27A9, 0x1F89, 0x1FA8, 0x1FC8, 0x374B, 0xFFFF, 0xFFFF, 0xF7FF, 0x0537, 0x15B9, 0x1598, 0x0517, 0x0495, 0x0495, 0x0CD6, 0x0495, // 0x3260 (12896) pixels
    0x0475, 0x0455, 0x0455, 0x0455, 0x0455, 0x0455, 0x0475, 0x0C96, 0x0455, 0x0435, 0x0435, 0x0455, 0x0455, 0x0476, 0x0C96, 0x0476, // 0x3270 (12912) pixels
    0x0434, 0x0475, 0x0CD7, 0x0CF8, 0x14F8, 0x14F7, 0x14D7, 0x14D7, 0x14F8, 0x14F8, 0x14D7, 0x0CB7, 0x0476, 0x0456, 0x0435, 0x0435, // 0x3280 (12928) pixels
    0x0C56, 0x0456, 0x0436, 0x0436, 0x0C36, 0x0C36, 0x0C36, 0x0C36, 0x0BF5, 0x0BF5, 0x0BF5, 0x0BF5, 0x0BD5, 0x03D5, 0x03D5, 0x03D5, // 0x3290 (12944) pixels
    0x0BB4, 0x0BD5, 0x0BB4, 0x0394, 0x03B4, 0x0BD5, 0x0BD5, 0x03B4, 0x0BD5, 0x0BD5, 0x0BD5, 0x0BD5, 0x0BB5, 0x0BB4, 0x0BB4, 0x0BB4, // 0x32A0 (12960) pixels
    0xD42E, 0xCC2F, 0xBBEC, 0xFFFF, 0xFFFE, 0xF7FE, 0x2F4C, 0x17C8, 0x1F6A, 0x27AA, 0x1FC9, 0x17C8, 0x1788, 0x272A, 0x5F4F, 0x97F5, // 0x32B0 (12976) pixels
    0xE7FD, 0xAFF6, 0x278B, 0x0FA8, 0x2FA9, 0x1F68, 0x27A9, 0x17C8, 0xAFD7, 0xF7FE, 0xFFBF, 0xEFDF, 0xFFFF, 0xFF9F, 0xFFBE, 0xFFFF, // 0x32C0 (12992) pixels
    0xB7F8, 0x5F50, 0x174A, 0x0FE9, 0x1FC8, 0x2767, 0x1F68, 0x1FCA, 0x2789, 0x1F89, 0x1FA8, 0x1FE8, 0x374A, 0xFFFE, 0xFFFF, 0xF7FF, // 0x32D0 (13008) pixels
    0x0557, 0x15B9, 0x04F6, 0x0474, 0x0495, 0x0475, 0x0475, 0x0455, 0x0475, 0x0475, 0x0496, 0x04B6, 0x0496, 0x0476, 0x0475, 0x0496, // 0x32E0 (13024) pixels
    0x0496, 0x0476, 0x0496, 0x0496, 0x0455, 0x0456, 0x0C96, 0x0C97, 0x0496, 0x0496, 0x0496, 0x0496, 0x0476, 0x0455, 0x0435, 0x0435, // 0x32F0 (13040) pixels
    0x0476, 0x0476, 0x0C96, 0x0C97, 0x0C97, 0x0C97, 0x0476, 0x0456, 0x0415, 0x0415, 0x03F5, 0x0415, 0x0415, 0x0415, 0x0415, 0x03F5, // 0x3300 (13056) pixels
    0x0BF5, 0x0BF5, 0x0BF5, 0x0BF5, 0x0BF5, 0x0BF5, 0x0BF5, 0x0C15, 0x0BF5, 0x0BF5, 0x0BF5, 0x0BF5, 0x0BF5, 0x0C15, 0x0BF5, 0x0BD5, // 0x3310 (13072) pixels
    0x0BF5, 0x0BF5, 0x0C15, 0x0BF5, 0x0BF5, 0x0BF5, 0x0BD5, 0x0BD5, 0xCC2E, 0xC42F, 0xBBED, 0xFFFF, 0xFFFE, 0xFFFF, 0x374C, 0x17A8, // 0x3320 (13088) pixels
    0x1F6A, 0x178A, 0x0FA9, 0x17A9, 0x378C, 0x7F92, 0xCFD9, 0xFFFE, 0xFFBF, 0xEFFC, 0x5F90, 0x1769, 0x2788, 0x1F68, 0x278A, 0x47ED, // 0x3330 (13104) pixels
    0xF7FE, 0xFFFF, 0xFFFF, 0xFFFF, 0xFFFF, 0xFFBF, 0xFFFD, 0xBFF8, 0x378C, 0x276A, 0x1F89, 0x1FA8, 0x1F88, 0x2788, 0x2789, 0x1F6A, // 0x3340 (13120) pixels
    0x2789, 0x1F89, 0x1FA8, 0x1FC8, 0x376B, 0xFFFF, 0xFFFF, 0xF7FF, 0x0517, 0x15B9, 0x0517, 0x0475, 0x04B6, 0x0CB7, 0x0CB7, 0x14B7, // 0x3350 (13136) pixels
    0x04B6, 0x04B6, 0x04D7, 0x04F7, 0x04D7, 0x04B6, 0x04B6, 0x04D7, 0x0496, 0x04B6, 0x14F7, 0x0CD7, 0x0496, 0x0C96, 0x14D7, 0x14F8, // 0x3360 (13152) pixels
    0x14F8, 0x0CD7, 0x0496, 0x0455, 0x0455, 0x0455, 0x0455, 0x0455, 0x0435, 0x0435, 0x0435, 0x0476, 0x14B7, 0x14F8, 0x1D19, 0x1519, // 0x3370 (13168) pixels
    0x14D8, 0x14B7, 0x0C97, 0x0C97, 0x0C97, 0x0C77, 0x0C56, 0x0436, 0x0BF5, 0x03F5, 0x03F5, 0x03F5, 0x0415, 0x0415, 0x0415, 0x0415, // 0x3380 (13184) pixels
    0x0415, 0x0415, 0x0415, 0x0415, 0x0415, 0x03F5, 0x03F5, 0x03F5, 0x03D5, 0x03D5, 0x0BF5, 0x0BF5, 0x0BF5, 0x0BF5, 0x0BF5, 0x0BD5, // 0x3390 (13200) pixels
    0xCC4E, 0xC40E, 0xBBEC, 0xF79E, 0xFFFE, 0xFFFF, 0x3F6D, 0x1F88, 0x27A9, 0x1F69, 0x2F4B, 0x6791, 0xAFF8, 0xEFFD, 0xFFFF, 0xFFDF, // 0x33A0 (13216) pixels
    0xFF9F, 0xFFFF, 0xAFF7, 0x376D, 0x1F88, 0x1F68, 0x374D, 0xAFF7, 0xFFFF, 0xFFFF, 0xF7FE, 0xFFFF, 0xFFFF, 0xEFFE, 0xC7F8, 0x4FCD, // 0x33B0 (13232) pixels
    0x1788, 0x1FA9, 0x27A9, 0x27AA, 0x1FA9, 0x1F89, 0x27AA, 0x27CA, 0x2789, 0x1F69, 0x1FA9, 0x1F88, 0x478C, 0xFFFF, 0xFFFF, 0xE79E, // 0x33C0 (13248) pixels
    0x04F6, 0x0D58, 0x1579, 0x0517, 0x04B6, 0x04B7, 0x04B7, 0x04B7, 0x04D7, 0x04D7, 0x04D7, 0x04D7, 0x04B6, 0x04D7, 0x04D7, 0x04D7, // 0x33D0 (13264) pixels
    0x04B6, 0x04B6, 0x0CF7, 0x0CD7, 0x0476, 0x0455, 0x0476, 0x0476, 0x0C76, 0x0455, 0x0435, 0x0415, 0x0415, 0x0435, 0x0C55, 0x0C56, // 0x33E0 (13280) pixels
    0x0C56, 0x0C35, 0x0435, 0x0415, 0x0435, 0x0456, 0x0C77, 0x0C97, 0x14D8, 0x14D8, 0x14D8, 0x14D8, 0x14B7, 0x0C97, 0x0C76, 0x0456, // 0x33F0 (13296) pixels
    0x0C36, 0x0C16, 0x0415, 0x0415, 0x0436, 0x0436, 0x0415, 0x03F5, 0x0415, 0x0415, 0x0415, 0x0436, 0x0415, 0x03F5, 0x03D4, 0x03F5, // 0x3400 (13312) pixels
    0x03F5, 0x03F5, 0x03D5, 0x03D5, 0x03D5, 0x03D5, 0x03D5, 0x0BD5, 0xCC6E, 0xBC0E, 0xB3CC, 0xEF1C, 0xFFFE, 0xFFFE, 0x4F8E, 0x2789, // 0x3410 (13328) pixels
    0x17C6, 0x3F6A, 0x8FB3, 0xDFFC, 0xFFFF, 0xFFFF, 0xFFDF, 0xF7DF, 0xFFFF, 0xFFDF, 0xE7FC, 0x4F6F, 0x1FA9, 0x27CA, 0x4F4F, 0xFFFE, // 0x3420 (13344) pixels
    0xFFFF, 0xF7DE, 0xFFFE, 0xF7FE, 0xFFDF, 0xE7FD, 0x4F6F, 0x0F86, 0x2F88, 0x1FA8, 0x1789, 0x178A, 0x276A, 0x276A, 0x1F89, 0x0FA8, // 0x3430 (13360) pixels
    0x2789, 0x1F89, 0x27CA, 0x1FA8, 0x4FCD, 0xFFFF, 0xFFDF, 0xD73D, 0x0537, 0x04D6, 0x1599, 0x15BA, 0x0517, 0x04D7, 0x04D7, 0x04B6, // 0x3440 (13376) pixels
    0x04B6, 0x04D7, 0x04D7, 0x04D7, 0x04D7, 0x04D7, 0x04D7, 0x04B6, 0x04B6, 0x04B6, 0x0CF7, 0x0CD7, 0x0496, 0x0455, 0x0455, 0x0435, // 0x3450 (13392) pixels
    0x0435, 0x0435, 0x0435, 0x0C55, 0x0C35, 0x0435, 0x0C15, 0x0C15, 0x0415, 0x0C35, 0x0C56, 0x0C56, 0x0456, 0x0435, 0x0435, 0x0435, // 0x3460 (13408) pixels
    0x0435, 0x0435, 0x0455, 0x0456, 0x0435, 0x0435, 0x0415, 0x0415, 0x0BF5, 0x03F5, 0x0C15, 0x0C56, 0x1497, 0x1CD8, 0x1CD8, 0x14B7, // 0x3470 (13424) pixels
    0x14D8, 0x14B7, 0x14B8, 0x1CF8, 0x14D8, 0x0C97, 0x0C77, 0x1497, 0x1456, 0x1436, 0x0C16, 0x0BF5, 0x03D5, 0x03D5, 0x0BD5, 0x0BF5, // 0x3480 (13440) pixels
    0xC42D, 0xC38C, 0xC3AE, 0xD678, 0xFFDF, 0xFFDF, 0x7F72, 0x0FA8, 0x1FA9, 0x97F3, 0xFFFC, 0xFFBF, 0xFFDF, 0xFFDF, 0xFFFF, 0xEFFE, // 0x3490 (13456) pixels
    0xFFFF, 0xEFFF, 0xFFFE, 0xCFF8, 0x178B, 0x276B, 0xCFF9, 0xFFFF, 0xFFFF, 0xFFDF, 0xFFBF, 0xFFDF, 0xDFFA, 0x57CD, 0x0FA7, 0x3769, // 0x34A0 (13472) pixels
    0x1F89, 0x1F89, 0x1F89, 0x1F89, 0x1F89, 0x1F89, 0x1F89, 0x1F89, 0x17A8, 0x2788, 0x27A8, 0x2789, 0x6F91, 0xFFDE, 0xF7FF, 0xA6DB, // 0x34B0 (13488) pixels
    0x04F6, 0x04F6, 0x04F6, 0x0D38, 0x1558, 0x0D18, 0x04D6, 0x0496, 0x04D6, 0x04D6, 0x04D6, 0x04F7, 0x04B6, 0x0496, 0x0CD8, 0x04B7, // 0x34C0 (13504) pixels
    0x04B7, 0x04B7, 0x04B7, 0x0CB7, 0x0CB7, 0x0CB7, 0x0C76, 0x0435, 0x0C15, 0x0C35, 0x0C35, 0x0C35, 0x0C35, 0x0435, 0x0435, 0x0435, // 0x34D0 (13520) pixels
    0x0415, 0x0415, 0x0435, 0x0435, 0x0435, 0x0435, 0x0435, 0x0435, 0x0C15, 0x0C15, 0x0C15, 0x0C15, 0x0C15, 0x0C15, 0x0BF5, 0x0BF5, // 0x34E0 (13536) pixels
    0x0BD5, 0x0BF5, 0x0BF5, 0x0C15, 0x0435, 0x0435, 0x0435, 0x0455, 0x0C15, 0x0C35, 0x0C56, 0x0C76, 0x14B7, 0x14D8, 0x14F8, 0x14F8, // 0x34F0 (13552) pixels
    0x14F8, 0x14D8, 0x0CB7, 0x0C97, 0x0C96, 0x0C96, 0x0C76, 0x0C76, 0xCC4E, 0xCBED, 0xC3AE, 0xCDB5, 0xFFFF, 0xFFDF, 0xA7F6, 0x1F89, // 0x3500 (13568) pixels
    0x2F69, 0x274B, 0x4F70, 0xAFD8, 0xF7FD, 0xFFFE, 0xFFFF, 0xFFBF, 0xFFFF, 0xF7FF, 0xFFDF, 0xE7FA, 0x4F8F, 0x5770, 0xE7FB, 0xFFFF, // 0x3510 (13584) pixels
    0xFFFF, 0xFFFF, 0xFFDF, 0xE7FC, 0x6FD2, 0x2F6A, 0x2F89, 0x1F68, 0x1F89, 0x1F89, 0x1F89, 0x1F89, 0x1F89, 0x1F89, 0x1F89, 0x1F89, // 0x3520 (13600) pixels
    0x1FA9, 0x17C9, 0x1768, 0x1FAB, 0x9FD6, 0xFFFE, 0xFFFF, 0x763A, 0x0516, 0x0517, 0x04F6, 0x04D6, 0x1579, 0x2E1B, 0x25BA, 0x0CD7, // 0x3530 (13616) pixels
    0x04B6, 0x04D6, 0x04D6, 0x04D7, 0x04D7, 0x0497, 0x04D7, 0x04B7, 0x04D7, 0x04B7, 0x0496, 0x0496, 0x0CD7, 0x14D7, 0x0C96, 0x0435, // 0x3540 (13632) pixels
    0x0C35, 0x0C35, 0x0435, 0x0435, 0x0435, 0x0435, 0x0435, 0x0435, 0x0435, 0x0435, 0x0435, 0x0435, 0x0C36, 0x0C56, 0x0C56, 0x0C56, // 0x3550 (13648) pixels
    0x0415, 0x0415, 0x0415, 0x03F5, 0x03F5, 0x03F5, 0x0BF5, 0x0C15, 0x0BD4, 0x0BD4, 0x0BD5, 0x0BD5, 0x0BF5, 0x0BF5, 0x0415, 0x0415, // 0x3560 (13664) pixels
    0x03F5, 0x0415, 0x0415, 0x0415, 0x0435, 0x0435, 0x0415, 0x0414, 0x0456, 0x0435, 0x0435, 0x0435, 0x0C36, 0x0C56, 0x0C56, 0x0C36, // 0x3570 (13680) pixels
    0xD44E, 0xD42F, 0xBBCD, 0xBCD1, 0xFFFF, 0xFFDF, 0xD7FB, 0x2F4B, 0x17A8, 0x1FA9, 0x17AA, 0x27AC, 0x6FD2, 0xDFFA, 0xFFDF, 0xFFBF, // 0x3580 (13696) pixels
    0xFFDF, 0xF7DF, 0xFFDF, 0xFFFE, 0xB7D7, 0xB7D7, 0xFFFE, 0xFFFF, 0xF7FF, 0xFFFF, 0xEFFE, 0x87F3, 0x178A, 0x1748, 0x2F6A, 0x1788, // 0x3590 (13712) pixels
    0x1F89, 0x1F89, 0x1F89, 0x1F89, 0x1F89, 0x1F89, 0x1F89, 0x1F89, 0x2F6A, 0x17EA, 0x17A9, 0x1FAD, 0xDFFD, 0xFFFF, 0xFFFF, 0x3537, // 0x35A0 (13728) pixels
    0x04F6, 0x0516, 0x04F6, 0x04D6, 0x0D17, 0x1579, 0x1D9A, 0x1D79, 0x0CF7, 0x04F7, 0x0495, 0x04B6, 0x04D7, 0x04D7, 0x04B7, 0x0496, // 0x35B0 (13744) pixels
    0x0496, 0x04B6, 0x04D7, 0x04D7, 0x04D7, 0x0CD7, 0x04B6, 0x0496, 0x0456, 0x0456, 0x0455, 0x0435, 0x0435, 0x0435, 0x0435, 0x0C35, // 0x35C0 (13760) pixels
    0x0435, 0x0435, 0x0C35, 0x0C36, 0x0C56, 0x0C56, 0x0C56, 0x0C76, 0x0C76, 0x0C56, 0x0456, 0x0435, 0x0415, 0x0415, 0x0415, 0x0415, // 0x35D0 (13776) pixels
    0x0BF5, 0x0BF5, 0x0BF5, 0x0BF5, 0x0BF5, 0x0BD5, 0x0BD5, 0x0BD5, 0x0415, 0x0415, 0x0415, 0x03F5, 0x03F5, 0x0415, 0x0C15, 0x0C35, // 0x35E0 (13792) pixels
    0x03F4, 0x03F4, 0x03F4, 0x03F5, 0x03F5, 0x0BF5, 0x03F5, 0x03D4, 0xD44E, 0xD44F, 0xBBEE, 0xBC0F, 0xF73B, 0xFFFF, 0xF7FD, 0x4F4F, // 0x35F0 (13808) pixels
    0x1FA8, 0x27C8, 0x27C8, 0x1787, 0x1F6A, 0x5FD1, 0xBFF9, 0xFFFF, 0xFFBF, 0xFFBF, 0xFFBF, 0xFFFF, 0xFFFE, 0xFFFD, 0xFFFF, 0xF7FF, // 0x3600 (13824) pixels
    0xFFFF, 0xFFFF, 0x9FD6, 0x27AB, 0x17C8, 0x1F89, 0x1F69, 0x27AA, 0x1F89, 0x1F89, 0x1F89, 0x1F89, 0x1F89, 0x1F89, 0x1F89, 0x1F89, // 0x3610 (13840) pixels
    0x3729, 0x1FA9, 0x1FC9, 0x472E, 0xFFFF, 0xFFFE, 0xE7BE, 0x14D5, 0x04F6, 0x04F6, 0x04F7, 0x04F7, 0x04D6, 0x0495, 0x04B6, 0x0CF7, // 0x3620 (13856) pixels
    0x2E3C, 0x2E1B, 0x1538, 0x04B6, 0x04B6, 0x0496, 0x04D6, 0x0CF7, 0x04D6, 0x04F7, 0x04D6, 0x04D6, 0x04F7, 0x0CF7, 0x0CF7, 0x04F7, // 0x3630 (13872) pixels
    0x0496, 0x0496, 0x0476, 0x0455, 0x0455, 0x0435, 0x0435, 0x0C35, 0x0C36, 0x0435, 0x0435, 0x0C35, 0x0C36, 0x0C56, 0x0C56, 0x0C56, // 0x3640 (13888) pixels
    0x0C96, 0x0C97, 0x0C97, 0x0C97, 0x0C96, 0x0C56, 0x0435, 0x0435, 0x0415, 0x0415, 0x0415, 0x0C15, 0x0C15, 0x0C15, 0x0C15, 0x0C15, // 0x3650 (13904) pixels
    0x0415, 0x0415, 0x0C15, 0x0C15, 0x0BF5, 0x0BF5, 0x0BF5, 0x13F5, 0x0C15, 0x0BF5, 0x0BF5, 0x0BF5, 0x0BF5, 0x0BD5, 0x0BD4, 0x03B4, // 0x3660 (13920) pixels
    0xD44E, 0xCC2E, 0xBC0E, 0xBBCE, 0xDDF6, 0xFFFF, 0xFFFE, 0x97D6, 0x2768, 0x1787, 0x27A8, 0x2F88, 0x1789, 0x078A, 0x3F8F, 0xAFF5, // 0x3670 (13936) pixels
    0xFFFE, 0xFFFF, 0xFFFF, 0xFFDF, 0xFFFF, 0xFFFF, 0xFFFF, 0xFFFF, 0xFFFF, 0xC7D8, 0x476D, 0x0788, 0x27E9, 0x2FC8, 0x1768, 0x2F8B, // 0x3680 (13952) pixels
    0x1F89, 0x1F89, 0x1F89, 0x1F89, 0x1F89, 0x1F89, 0x1F89, 0x1F89, 0x2F48, 0x2788, 0x1FCA, 0x9FD5, 0xFFDF, 0xFFDF, 0xB679, 0x2C74, // 0x3690 (13968) pixels
    0x04D6, 0x04F6, 0x04F7, 0x04D6, 0x04D6, 0x04D6, 0x04B6, 0x0475, 0x0CF7, 0x25FA, 0x365C, 0x363C, 0x1D99, 0x04B6, 0x0495, 0x0CD6, // 0x36A0 (13984) pixels
    0x04F6, 0x0517, 0x04F7, 0x04B6, 0x04B6, 0x04B6, 0x04D7, 0x04F7, 0x04D7, 0x04B6, 0x0496, 0x0476, 0x0455, 0x0455, 0x0455, 0x0455, // 0x36B0 (14000) pixels
    0x0456, 0x0456, 0x0456, 0x0435, 0x0435, 0x0435, 0x0C35, 0x0C35, 0x0456, 0x0476, 0x0476, 0x0C97, 0x0C97, 0x0C97, 0x0C76, 0x0C76, // 0x36C0 (14016) pixels
    0x0476, 0x0476, 0x0456, 0x0456, 0x0435, 0x0435, 0x0435, 0x0415, 0x0414, 0x0415, 0x0435, 0x0C36, 0x0C15, 0x0BF5, 0x0BD4, 0x0BB4, // 0x36D0 (14032) pixels
    0x0BF5, 0x0BF5, 0x0BD5, 0x0BD5, 0x0BD5, 0x0BF5, 0x0BF5, 0x0BF5, 0xDC6E, 0xC42E, 0xC40E, 0xBBAD, 0xBCB0, 0xFF9D, 0xFFFF, 0xD7FD, // 0x36E0 (14048) pixels
    0x378B, 0x2769, 0x27C9, 0x1FA9, 0x1789, 0x17AA, 0x1F69, 0x2F6A, 0xA7B6, 0xE7FB, 0xFFFE, 0xFFDF, 0xF7FF, 0xEFFF, 0xFFFF, 0xFFFF, // 0x36F0 (14064) pixels
    0xE7FB, 0x5F6F, 0x1768, 0x1FA9, 0x1FA9, 0x2788, 0x2F68, 0x176A, 0x1F89, 0x1F89, 0x1F89, 0x1F89, 0x1F89, 0x1F89, 0x1F89, 0x1F89, // 0x3700 (14080) pixels
    0x17C8, 0x17A8, 0x376C, 0xEFFC, 0xFF9E, 0xFF7F, 0x6CD4, 0x4414, 0x1537, 0x04F6, 0x04D6, 0x04D6, 0x04D6, 0x04B6, 0x04B6, 0x04F7, // 0x3710 (14096) pixels
    0x04B6, 0x0CF7, 0x1538, 0x2DFA, 0x3E9D, 0x365C, 0x2599, 0x04B5, 0x0D17, 0x1599, 0x1DB9, 0x1578, 0x0D38, 0x04F7, 0x04B6, 0x04D7, // 0x3720 (14112) pixels
    0x04D7, 0x04D6, 0x04B6, 0x04B6, 0x0496, 0x0496, 0x0496, 0x0496, 0x0496, 0x0496, 0x0476, 0x0456, 0x0455, 0x0435, 0x0435, 0x0435, // 0x3730 (14128) pixels
    0x0435, 0x0435, 0x0435, 0x0455, 0x0455, 0x0456, 0x0456, 0x0C56, 0x0CB7, 0x04B7, 0x04B7, 0x0496, 0x0496, 0x0496, 0x0476, 0x0476, // 0x3740 (14144) pixels
    0x0476, 0x0476, 0x0456, 0x0435, 0x0435, 0x0415, 0x0C15, 0x0C15, 0x0415, 0x03F5, 0x03D4, 0x03D4, 0x03D4, 0x03F5, 0x0BF5, 0x0BF5, // 0x3750 (14160) pixels
    0xDC8F, 0xC44E, 0xCC2F, 0xBBCC, 0xB3ED, 0xE5F8, 0xFFFF, 0xFFFF, 0x8FF3, 0x2F2B, 0x07A9, 0x1FC9, 0x2789, 0x27A9, 0x17A9, 0x1FA9, // 0x3760 (14176) pixels
    0x3F6C, 0x87F2, 0xE7FB, 0xFFDF, 0xF7FF, 0xF7FF, 0xFFFF, 0xF7FD, 0x7FF2, 0x274A, 0x1F88, 0x2FC9, 0x1F89, 0x1F89, 0x2789, 0x17A8, // 0x3770 (14192) pixels
    0x1F89, 0x1F89, 0x1F89, 0x1F89, 0x1F89, 0x1F89, 0x1F89, 0x1F89, 0x17A9, 0x1F89, 0x8F93, 0xFFFF, 0xFFBF, 0xAF1C, 0x4558, 0x659A, // 0x3780 (14208) pixels
    0x25DA, 0x0D17, 0x0495, 0x04D6, 0x04F7, 0x0495, 0x0495, 0x04D7, 0x04B6, 0x04B6, 0x0495, 0x04B6, 0x0CF7, 0x2599, 0x46BD, 0x573F, // 0x3790 (14224) pixels
    0x25D9, 0x2E1A, 0x25DA, 0x1DB9, 0x25DA, 0x1599, 0x04F7, 0x04D7, 0x04D7, 0x04D7, 0x04D7, 0x04D6, 0x04D6, 0x04D6, 0x04D6, 0x04D6, // 0x37A0 (14240) pixels
    0x04B7, 0x04B7, 0x04B6, 0x0496, 0x0476, 0x0476, 0x0456, 0x0455, 0x0456, 0x0455, 0x0435, 0x0435, 0x0415, 0x0415, 0x0415, 0x0415, // 0x37B0 (14256) pixels
    0x0455, 0x0456, 0x0476, 0x0C96, 0x0CB7, 0x0CD7, 0x0CD7, 0x0CF8, 0x0CD7, 0x0CB7, 0x0496, 0x0456, 0x0435, 0x0435, 0x0435, 0x0435, // 0x37C0 (14272) pixels
    0x0435, 0x0415, 0x0415, 0x0415, 0x0415, 0x0415, 0x03F5, 0x03F5, 0xE48F, 0xCC6F, 0xD44F, 0xB3CC, 0xB3AC, 0xC492, 0xFFDF, 0xFFDF, // 0x37D0 (14288) pixels
    0xE7FB, 0x572E, 0x1789, 0x1FC9, 0x2767, 0x1FA9, 0x1FA9, 0x2749, 0x0F88, 0x2F8C, 0xA7D5, 0xFFFE, 0xFFDF, 0xFFDF, 0xFFDE, 0xD7DA, // 0x37E0 (14304) pixels
    0x17EA, 0x2769, 0x2789, 0x1FC8, 0x27AA, 0x1FAC, 0x0FA9, 0x27E7, 0x1F89, 0x1F89, 0x1F89, 0x1F89, 0x1F89, 0x1F89, 0x1F89, 0x1F89, // 0x37F0 (14320) pixels
    0x2F6A, 0x37AB, 0xEFFC, 0xFFDF, 0xFFDF, 0x2D75, 0x04B6, 0x14D5, 0x0CD6, 0x0CD6, 0x04D6, 0x0CF7, 0x0D18, 0x1558, 0x0D18, 0x04D7, // 0x3800 (14336) pixels
    0x04D7, 0x04D6, 0x04B6, 0x04B6, 0x0474, 0x0494, 0x1537, 0x1D57, 0x25FA, 0x25DA, 0x1537, 0x04D6, 0x0CF7, 0x0CF7, 0x04D7, 0x04F7, // 0x3810 (14352) pixels
    0x04D6, 0x04D6, 0x04D7, 0x04D7, 0x04F7, 0x04F7, 0x04F7, 0x04F7, 0x04D7, 0x04D7, 0x04D7, 0x04D7, 0x04B7, 0x0496, 0x0476, 0x0476, // 0x3820 (14368) pixels
    0x0455, 0x0455, 0x0456, 0x0456, 0x0C36, 0x0435, 0x0435, 0x0415, 0x0C15, 0x0C15, 0x0C15, 0x0435, 0x0456, 0x0476, 0x0476, 0x0496, // 0x3830 (14384) pixels
    0x0496, 0x0496, 0x04B7, 0x0CD7, 0x0CD7, 0x0CD7, 0x04B7, 0x0496, 0x0456, 0x0455, 0x0435, 0x0456, 0x0C56, 0x0C56, 0x0C36, 0x0435, // 0x3840 (14400) pixels
    0xDCAE, 0xDC6E, 0xD42D, 0xCBEE, 0xBBCE, 0xABEF, 0xCD75, 0xFFDF, 0xFFBF, 0xA7F7, 0x3F8C, 0x1746, 0x17E8, 0x17A9, 0x2769, 0x3769, // 0x3850 (14416) pixels
    0x1F89, 0x37A8, 0x1FA8, 0x97F4, 0xFFDF, 0xFF9F, 0xE7FB, 0x3FAE, 0x1F89, 0x1F89, 0x1F89, 0x1F89, 0x1F89, 0x1F89, 0x1F89, 0x1F89, // 0x3860 (14432) pixels
    0x1FA7, 0x1FA7, 0x2FA8, 0x2F48, 0x1F89, 0x17E9, 0x0FA8, 0x1FA9, 0x1F4B, 0xAFF7, 0xFFFD, 0xFFFF, 0x869B, 0x0D16, 0x0559, 0x04F7, // 0x3870 (14448) pixels
    0x0516, 0x0CF7, 0x0CD6, 0x04D5, 0x0515, 0x0CF5, 0x0495, 0x04F9, 0x0CB6, 0x0CB6, 0x0CB6, 0x0CD6, 0x04D6, 0x04D6, 0x04D6, 0x04B6, // 0x3880 (14464) pixels
    0x0495, 0x0495, 0x0495, 0x0496, 0x04B6, 0x04B6, 0x04B6, 0x0496, 0x0496, 0x0496, 0x0496, 0x04B6, 0x04B7, 0x04D6, 0x04D6, 0x04D6, // 0x3890 (14480) pixels
    0x04D6, 0x04D6, 0x04F6, 0x04D6, 0x04B6, 0x04B6, 0x04B6, 0x04D6, 0x04F8, 0x04D7, 0x0497, 0x0476, 0x0456, 0x0C56, 0x0C36, 0x0C36, // 0x38A0 (14496) pixels
    0x0C56, 0x0C55, 0x0435, 0x0435, 0x0436, 0x0435, 0x0435, 0x0436, 0x0455, 0x0455, 0x0475, 0x0496, 0x0CB6, 0x0CB7, 0x0CD7, 0x0CD7, // 0x38B0 (14512) pixels
    0x0CD7, 0x04B7, 0x0497, 0x0496, 0x0476, 0x0456, 0x0456, 0x0456, 0xDCAE, 0xDC8E, 0xDC4E, 0xCC0E, 0xC3EE, 0xABAE, 0xBC91, 0xEE79, // 0x38C0 (14528) pixels
    0xF7FF, 0xF7FD, 0x8751, 0x278A, 0x17E8, 0x1FC8, 0x1768, 0x276A, 0x1F89, 0x07A7, 0x1FA9, 0x3F6E, 0xA7D8, 0xEFFD, 0x8FD4, 0x274A, // 0x38D0 (14544) pixels
    0x1F89, 0x1F89, 0x1F89, 0x1F89, 0x1F89, 0x1F89, 0x1F89, 0x1F89, 0x1FC8, 0x1F49, 0x1F8A, 0x1FCA, 0x27C9, 0x27A8, 0x1F69, 0x276B, // 0x38E0 (14560) pixels
    0x97B4, 0xF7FD, 0xFFBF, 0xBF5F, 0x1D76, 0x0557, 0x0557, 0x0536, 0x04D5, 0x04F7, 0x0D3A, 0x0538, 0x0537, 0x0D37, 0x04D6, 0x04D7, // 0x38F0 (14576) pixels
    0x04B6, 0x04B6, 0x04B6, 0x04B6, 0x04B6, 0x04D6, 0x04D6, 0x04D6, 0x04B6, 0x04B6, 0x04B6, 0x04B6, 0x04B6, 0x04B6, 0x0496, 0x0496, // 0x3900 (14592) pixels
    0x0496, 0x0496, 0x0496, 0x0496, 0x04B6, 0x04B6, 0x04B6, 0x04D6, 0x04F7, 0x0517, 0x0517, 0x04F6, 0x04D6, 0x04D6, 0x04D6, 0x04F7, // 0x3910 (14608) pixels
    0x04F7, 0x04D7, 0x04B7, 0x0C96, 0x0C96, 0x0C56, 0x0C35, 0x0415, 0x0435, 0x0435, 0x0455, 0x0C56, 0x0C56, 0x0C56, 0x0456, 0x0456, // 0x3920 (14624) pixels
    0x0C56, 0x0C56, 0x0C35, 0x0C55, 0x0435, 0x0435, 0x0415, 0x0415, 0x0CB7, 0x0CB7, 0x0CB7, 0x0C97, 0x0497, 0x0C97, 0x0476, 0x0476, // 0x3930 (14640) pixels
    0xE510, 0xDCAF, 0xDC8F, 0xD44F, 0xCBEE, 0xB3AD, 0xABAD, 0xBC70, 0xF7DE, 0xFFFF, 0xEFFD, 0x7791, 0x2789, 0x0FA7, 0x1FC9, 0x17AA, // 0x3940 (14656) pixels
    0x37AA, 0x0FA8, 0x2FEB, 0x0F4A, 0x478F, 0x8FF3, 0x378B, 0x1788, 0x1F89, 0x1F89, 0x1F89, 0x1F89, 0x1F89, 0x1F89, 0x1F89, 0x1F89, // 0x3950 (14672) pixels
    0x1F89, 0x0FAB, 0x1F4B, 0x2F29, 0x1FA8, 0x17A7, 0x2F4B, 0x67B2, 0xF7FC, 0xFFDF, 0xD77F, 0x45D9, 0x0577, 0x04F6, 0x2D16, 0x3533, // 0x3960 (14688) pixels
    0x1516, 0x04B6, 0x04F9, 0x04F9, 0x04D8, 0x0517, 0x0516, 0x04D6, 0x04F6, 0x04D6, 0x04B6, 0x04B6, 0x04B6, 0x0496, 0x0496, 0x04B6, // 0x3970 (14704) pixels
    0x04D6, 0x04D6, 0x04D6, 0x04D6, 0x0CD7, 0x04B7, 0x04B6, 0x0496, 0x0496, 0x0496, 0x0496, 0x0496, 0x0496, 0x04B6, 0x04D6, 0x04D6, // 0x3980 (14720) pixels
    0x1DDA, 0x1DDA, 0x15BA, 0x1599, 0x0538, 0x04F7, 0x04D6, 0x04B6, 0x04F7, 0x04D7, 0x0CD7, 0x0CD7, 0x0CB6, 0x0C96, 0x0C76, 0x0455, // 0x3990 (14736) pixels
    0x0435, 0x0455, 0x0455, 0x0455, 0x0456, 0x0456, 0x0456, 0x0436, 0x0C16, 0x0C36, 0x0C36, 0x0C36, 0x0C36, 0x0C16, 0x0C16, 0x0C15, // 0x39A0 (14752) pixels
    0x0435, 0x0435, 0x0436, 0x0456, 0x0C76, 0x0C77, 0x0C97, 0x1497, 0xED51, 0xDCCF, 0xDC8F, 0xDC4F, 0xD42E, 0xCC0E, 0xBBCD, 0xAB8C, // 0x39B0 (14768) pixels
    0xCCB3, 0xFF9E, 0xFFFF, 0xE7FC, 0x7791, 0x1F6A, 0x17A9, 0x1FEA, 0x2F68, 0x2F89, 0x27AA, 0x1F49, 0x2749, 0x2FAA, 0x1F88, 0x17E8, // 0x39C0 (14784) pixels
    0x1F89, 0x1F89, 0x1F89, 0x1F89, 0x1F89, 0x1F89, 0x1F89, 0x1F89, 0x1788, 0x2FEB, 0x27CA, 0x2768, 0x1F67, 0x17CA, 0x5FF2, 0xE7FB, // 0x39D0 (14800) pixels
    0xFFFF, 0xD7FF, 0x5DFA, 0x1D36, 0x2CF6, 0x7517, 0xBDD8, 0xD677, 0x8618, 0x2D15, 0x04B6, 0x04F9, 0x04D8, 0x04D7, 0x04F6, 0x04F6, // 0x39E0 (14816) pixels
    0x0517, 0x0517, 0x04F6, 0x04D6, 0x04B6, 0x04B6, 0x0496, 0x0496, 0x04D6, 0x04D6, 0x04D6, 0x04D6, 0x04D7, 0x0CD7, 0x04B7, 0x04B6, // 0x39F0 (14832) pixels
    0x0496, 0x0496, 0x0496, 0x0496, 0x04B6, 0x04B6, 0x0CD7, 0x0CD7, 0x0537, 0x0D78, 0x15BA, 0x1DFA, 0x1DFA, 0x15B9, 0x0D78, 0x0538, // 0x3A00 (14848) pixels
    0x04F6, 0x04F6, 0x04F6, 0x04F6, 0x04D6, 0x04D6, 0x04D6, 0x04D6, 0x0CD7, 0x0CD7, 0x0CD7, 0x0CB6, 0x0496, 0x0496, 0x0476, 0x0456, // 0x3A10 (14864) pixels
    0x0C36, 0x0C36, 0x0C36, 0x0C36, 0x0C36, 0x0C36, 0x0C36, 0x0C16, 0x0415, 0x0415, 0x0415, 0x0435, 0x0435, 0x0415, 0x0415, 0x0415, // 0x3A20 (14880) pixels
    0xED71, 0xDCCF, 0xDCAF, 0xDC8F, 0xD44E, 0xDC6F, 0xD42E, 0xC3CC, 0xBB6D, 0xD534, 0xFFDF, 0xFFFF, 0xEFFD, 0x7F93, 0x276B, 0x2767, // 0x3A30 (14896) pixels
    0x0FC7, 0x27A8, 0x17A9, 0x2F69, 0x2F48, 0x17C8, 0x2FA9, 0x0FA9, 0x1F89, 0x1F89, 0x1F89, 0x1F89, 0x1F89, 0x1F89, 0x1F89, 0x1F89, // 0x3A40 (14912) pixels
    0x27A8, 0x0F87, 0x1FC8, 0x1FC9, 0x176A, 0x6F91, 0xEFFC, 0xFFBF, 0xDFFF, 0x75F8, 0x23B2, 0x2B30, 0x324D, 0x62AE, 0xC472, 0xF512, // 0x3A50 (14928) pixels
    0xD595, 0x6D34, 0x14F4, 0x0517, 0x04F8, 0x04B6, 0x04D6, 0x0517, 0x0516, 0x0517, 0x04F7, 0x04F7, 0x04F7, 0x0CF7, 0x0CD7, 0x0CD6, // 0x3A60 (14944) pixels
    0x04F6, 0x04D6, 0x04B6, 0x04B6, 0x04D6, 0x04D7, 0x04B7, 0x04B7, 0x04B6, 0x04B6, 0x0496, 0x0496, 0x0496, 0x04B6, 0x04B6, 0x0CB6, // 0x3A70 (14960) pixels
    0x04D6, 0x04D7, 0x04F7, 0x0517, 0x0D38, 0x0D79, 0x15BA, 0x1DDA, 0x15F9, 0x15D9, 0x0DD9, 0x0D98, 0x0578, 0x0557, 0x0536, 0x0516, // 0x3A80 (14976) pixels
    0x04F7, 0x04F7, 0x04F7, 0x04B7, 0x04B7, 0x0CD7, 0x0CD7, 0x0CB7, 0x0CB7, 0x0C97, 0x0C97, 0x0477, 0x0476, 0x0436, 0x0415, 0x0415, // 0x3A90 (14992) pixels
    0x0435, 0x0436, 0x0436, 0x0436, 0x0436, 0x0415, 0x0415, 0x0415, 0xF5B1, 0xE550, 0xED50, 0xE4EF, 0xD46E, 0xD44E, 0xD44E, 0xD42E, // 0x3AA0 (15008) pixels
    0xCC0E, 0xD40F, 0xCCD3, 0xFF9E, 0xFFFF, 0xF7FD, 0xA7F5, 0x476C, 0x17EA, 0x0788, 0x0FA9, 0x27A9, 0x2788, 0x1FC8, 0x1FA9, 0x1F6A, // 0x3AB0 (15024) pixels
    0x1F89, 0x1F89, 0x1F89, 0x1F89, 0x1F89, 0x1F89, 0x1F89, 0x1F89, 0x1FC9, 0x27E9, 0x1788, 0x3F6B, 0xB7F5, 0xFFFD, 0xFFFF, 0xF7BF, // 0x3AC0 (15040) pixels
    0x6D98, 0x1A6E, 0x31AE, 0x410C, 0x396B, 0x29EA, 0x7B6E, 0xDC51, 0xD42F, 0x94D2, 0x3CF4, 0x0CD5, 0x04D5, 0x04B6, 0x04F7, 0x0517, // 0x3AD0 (15056) pixels
    0x0517, 0x0517, 0x0517, 0x0517, 0x0D17, 0x0D17, 0x0CF7, 0x04F7, 0x0D17, 0x04F7, 0x04D6, 0x04B6, 0x04B6, 0x04B6, 0x04B6, 0x04B6, // 0x3AE0 (15072) pixels
    0x0496, 0x0496, 0x0496, 0x0496, 0x0476, 0x0476, 0x0496, 0x0496, 0x04B6, 0x04B6, 0x04B6, 0x04B6, 0x04D7, 0x04F7, 0x0517, 0x0518, // 0x3AF0 (15088) pixels
    0x0D99, 0x0DB9, 0x15D9, 0x15FA, 0x15FA, 0x0DD9, 0x0DD9, 0x0DD9, 0x0537, 0x0537, 0x0517, 0x04D6, 0x04B6, 0x04B7, 0x04B7, 0x0496, // 0x3B00 (15104) pixels
    0x04D7, 0x04D7, 0x04B7, 0x04B7, 0x0497, 0x0496, 0x0476, 0x0476, 0x0415, 0x0415, 0x0435, 0x0436, 0x0436, 0x0C36, 0x0C36, 0x0C36, // 0x3B10 (15120) pixels
    0xFDF2, 0xF5B1, 0xFDD2, 0xF591, 0xDCCF, 0xD46E, 0xD44E, 0xD44E, 0xD46E, 0xC3CC, 0xC38D, 0xC472, 0xEEFB, 0xFFDF, 0xFFFD, 0xBFFA, // 0x3B20 (15136) pixels
    0x7772, 0x374E, 0x276B, 0x1F89, 0x1F88, 0x1F89, 0x1788, 0x2FAA, 0x1F89, 0x1F89, 0x1F89, 0x1F89, 0x1F89, 0x1F89, 0x1F89, 0x1F89, // 0x3B30 (15152) pixels
    0x2F2A, 0x370C, 0x7792, 0xCFF9, 0xFFDD, 0xFFBF, 0xCF5E, 0x3D96, 0x13F3, 0x020F, 0x292D, 0x492C, 0x316A, 0x2A2B, 0x3A0A, 0x932F, // 0x3B40 (15168) pixels
    0x9B0D, 0x8B90, 0x4BD2, 0x2494, 0x0D16, 0x0516, 0x0516, 0x04F7, 0x04F6, 0x0517, 0x0517, 0x0517, 0x0517, 0x0517, 0x04F7, 0x04F6, // 0x3B50 (15184) pixels
    0x0D17, 0x0CF7, 0x04F7, 0x04D6, 0x04D6, 0x04B6, 0x04B6, 0x04B6, 0x0496, 0x0496, 0x0496, 0x0496, 0x0476, 0x0475, 0x0475, 0x0475, // 0x3B60 (15200) pixels
    0x0456, 0x0456, 0x0476, 0x0476, 0x0496, 0x04B7, 0x0CD7, 0x0CF7, 0x04D6, 0x04F7, 0x0517, 0x0D58, 0x0D78, 0x0D78, 0x0598, 0x0599, // 0x3B70 (15216) pixels
    0x15DA, 0x15DA, 0x15B9, 0x0538, 0x04F7, 0x04F7, 0x04B6, 0x0496, 0x0496, 0x0496, 0x0496, 0x0496, 0x0496, 0x0476, 0x0476, 0x0476, // 0x3B80 (15232) pixels
    0x0436, 0x0436, 0x0435, 0x0435, 0x0435, 0x0415, 0x0415, 0x0415, 0xFE11, 0xF5D0, 0xFDF2, 0xF5F2, 0xED71, 0xE4F0, 0xDC8F, 0xDC6F, // 0x3B90 (15248) pixels
    0xCC4D, 0xD44E, 0xCBCD, 0xC36D, 0xB3EE, 0xC637, 0xFFFF, 0xFF7F, 0xFFFE, 0xBFF9, 0x67F1, 0x378A, 0x2789, 0x1FA9, 0x1FA9, 0x2788, // 0x3BA0 (15264) pixels
    0x1F89, 0x1F89, 0x1F89, 0x1F89, 0x1F89, 0x1F89, 0x1F89, 0x1F89, 0x6FF1, 0xCFF9, 0xFFFF, 0xFFFF, 0xFFFF, 0xDEDC, 0x7E39, 0x0E16, // 0x3BB0 (15280) pixels
    0x1538, 0x0393, 0x1A6F, 0x29AB, 0x39CA, 0x2969, 0x49CC, 0x59CB, 0x49E9, 0x416A, 0x31EE, 0x2C34, 0x1DB8, 0x0596, 0x0536, 0x04D6, // 0x3BC0 (15296) pixels
    0x04B6, 0x04D6, 0x04F6, 0x04F7, 0x0517, 0x0517, 0x0517, 0x0537, 0x0517, 0x04F7, 0x04F7, 0x04F7, 0x04D7, 0x04D7, 0x04D7, 0x04B6, // 0x3BD0 (15312) pixels
    0x04B6, 0x04B6, 0x0496, 0x0496, 0x0496, 0x0476, 0x0475, 0x0455, 0x0C56, 0x0C56, 0x0C56, 0x0456, 0x0476, 0x0476, 0x0476, 0x0496, // 0x3BE0 (15328) pixels
    0x0496, 0x0CB6, 0x0CB7, 0x04D7, 0x04D7, 0x04F7, 0x0517, 0x0538, 0x0578, 0x0D98, 0x0D78, 0x0558, 0x0537, 0x0D38, 0x1538, 0x0CF8, // 0x3BF0 (15344) pixels
    0x0CF7, 0x0CF7, 0x0CD7, 0x0CB6, 0x0C96, 0x0476, 0x0455, 0x0455, 0x0436, 0x0436, 0x0435, 0x0435, 0x0435, 0x0436, 0x0456, 0x0456, // 0x3C00 (15360) pixels
    0xFE12, 0xFE12, 0xFE13, 0xF5D2, 0xED71, 0xED31, 0xE510, 0xD4AE, 0xD44E, 0xDC6F, 0xDC4F, 0xDC0F, 0xCBCE, 0xB36D, 0xCC50, 0xF617, // 0x3C10 (15376) pixels
    0xFFBF, 0xFFDF, 0xFFFF, 0xE7FE, 0xB7FA, 0x87D4, 0x57CF, 0x378B, 0x27AA, 0x1F89, 0x27AA, 0x3FED, 0x5FAF, 0x87B3, 0xBFF9, 0xE7FD, // 0x3C20 (15392) pixels
    0xFFBF, 0xFFFF, 0xFFFE, 0xC698, 0x9CB1, 0x9430, 0xA513, 0xAE37, 0x565C, 0x24F6, 0x0453, 0x0C12, 0x2A8E, 0x314A, 0x3949, 0x40E8, // 0x3C30 (15408) pixels
    0x3A4D, 0x5AF0, 0x5310, 0x5454, 0x55D9, 0x6F5E, 0x5E9B, 0x5DFA, 0x2537, 0x14B5, 0x0CD6, 0x04D7, 0x04D7, 0x04F8, 0x04F8, 0x04F8, // 0x3C40 (15424) pixels
    0x0516, 0x0516, 0x0537, 0x0537, 0x04F5, 0x04F5, 0x0516, 0x04F5, 0x04B6, 0x04F7, 0x0517, 0x04D7, 0x04D7, 0x04D7, 0x04B6, 0x0455, // 0x3C50 (15440) pixels
    0x0496, 0x0496, 0x0496, 0x0475, 0x0475, 0x0455, 0x0455, 0x0455, 0x0455, 0x0476, 0x0476, 0x0476, 0x0496, 0x0496, 0x0496, 0x0496, // 0x3C60 (15456) pixels
    0x04D7, 0x04D7, 0x04B7, 0x04B7, 0x04B7, 0x0CB7, 0x0CD7, 0x0CD7, 0x0CF7, 0x0CF7, 0x04F7, 0x04D7, 0x04F7, 0x0CF7, 0x0CF7, 0x0D18, // 0x3C70 (15472) pixels
    0x04B7, 0x0CB7, 0x0CB7, 0x0CB6, 0x0496, 0x0476, 0x0455, 0x0435, 0xFE53, 0xFE32, 0xF5F1, 0xED70, 0xE54F, 0xED70, 0xED70, 0xE50E, // 0x3C80 (15488) pixels
    0xDCCF, 0xDCAF, 0xDC6F, 0xDC4F, 0xD44F, 0xCBEE, 0xBBCD, 0xBBEE, 0xBC71, 0xDDD6, 0xFF3C, 0xFFFF, 0xFFFF, 0xFFFE, 0xFFFD, 0xFFFD, // 0x3C90 (15504) pixels
    0xFFBF, 0xFFDE, 0xFFFE, 0xFFFE, 0xFFFE, 0xFFFF, 0xFFDF, 0xFF9F, 0xEF1E, 0xB516, 0x836F, 0x7AED, 0x830E, 0x8B2F, 0x6B4E, 0x538E, // 0x3CA0 (15520) pixels
    0x56DD, 0x56BD, 0x2DB9, 0x1D37, 0x24D6, 0x0391, 0x02AD, 0x128E, 0x3311, 0x5C76, 0x64F8, 0x4CF7, 0x1C74, 0x1CD5, 0x3DB8, 0x6EFE, // 0x3CB0 (15536) pixels
    0x6EDE, 0x563B, 0x3DBA, 0x1D38, 0x0D17, 0x0D37, 0x04F6, 0x04D5, 0x04F7, 0x04D6, 0x04D6, 0x04F7, 0x0517, 0x0517, 0x0517, 0x04F7, // 0x3CC0 (15552) pixels
    0x0517, 0x04F7, 0x04F7, 0x04F7, 0x04F7, 0x04F7, 0x0CF7, 0x0CF7, 0x04B6, 0x04B6, 0x04B6, 0x04B6, 0x04B6, 0x04B6, 0x0496, 0x0CB6, // 0x3CD0 (15568) pixels
    0x0C76, 0x0476, 0x0476, 0x0476, 0x0476, 0x0476, 0x0476, 0x0476, 0x0496, 0x0476, 0x0476, 0x0476, 0x0455, 0x0455, 0x0476, 0x0476, // 0x3CE0 (15584) pixels
    0x0476, 0x0476, 0x0475, 0x0475, 0x0475, 0x0476, 0x0476, 0x0476, 0x0C96, 0x0C96, 0x0CB7, 0x0CB7, 0x0C96, 0x0C96, 0x0476, 0x0456, // 0x3CF0 (15600) pixels
    0xFE32, 0xFE11, 0xFDF1, 0xFDD1, 0xED70, 0xE52F, 0xED30, 0xED50, 0xED50, 0xE4EF, 0xD48E, 0xD46E, 0xDC8F, 0xDC90, 0xCC4F, 0xC40E, // 0x3D00 (15616) pixels
    0xC3CC, 0xBBED, 0xABCD, 0xA42F, 0xB513, 0xD638, 0xF71C, 0xFF3D, 0xF7FF, 0xFFFF, 0xF7DF, 0xE75D, 0xD69B, 0xCDD9, 0xAC95, 0x8B71, // 0x3D10 (15632) pixels
    0x5ACF, 0x4A2C, 0x420B, 0x420B, 0x41EB, 0x418A, 0x398B, 0x424D, 0x4E7B, 0x56DD, 0x56DE, 0x3E9D, 0x165C, 0x0DFA, 0x1579, 0x0CB7, // 0x3D20 (15648) pixels
    0x1496, 0x14B6, 0x0CD6, 0x0D16, 0x0516, 0x0D16, 0x04D5, 0x04B5, 0x14B4, 0x0C94, 0x0CB5, 0x14F6, 0x2578, 0x2D98, 0x2516, 0x1CB4, // 0x3D30 (15664) pixels
    0x0495, 0x04F7, 0x0D38, 0x04D7, 0x0496, 0x04F7, 0x0518, 0x04F8, 0x0D38, 0x0517, 0x04F7, 0x0517, 0x0517, 0x04F7, 0x04D6, 0x04B6, // 0x3D40 (15680) pixels
    0x04F7, 0x04F7, 0x04F7, 0x04D7, 0x04D7, 0x04D7, 0x04D7, 0x04D7, 0x0CB7, 0x0CB7, 0x0C96, 0x0C76, 0x0456, 0x0C56, 0x0C56, 0x0C56, // 0x3D50 (15696) pixels
    0x0455, 0x0455, 0x0455, 0x0455, 0x0455, 0x0455, 0x0455, 0x0455, 0x0455, 0x0455, 0x0435, 0x0435, 0x0435, 0x0435, 0x0435, 0x0435, // 0x3D60 (15712) pixels
    0x0456, 0x0476, 0x0476, 0x0C76, 0x0C76, 0x0C56, 0x0C56, 0x0455, 0xFE51, 0xFE31, 0xFE31, 0xFE32, 0xFDB1, 0xED50, 0xED11, 0xED11, // 0x3D70 (15728) pixels
    0xE52F, 0xE52F, 0xE52F, 0xDCEF, 0xD48E, 0xCC4D, 0xD44E, 0xD46E, 0xCC2F, 0xBBCD, 0xA30A, 0x9ACA, 0xA32C, 0xA36D, 0x8B0C, 0x6A28, // 0x3D80 (15744) pixels
    0x192A, 0x212A, 0x294A, 0x316B, 0x49ED, 0x628F, 0x5A6E, 0x49EC, 0x318A, 0x3149, 0x3169, 0x2969, 0x318A, 0x41AB, 0x416B, 0x398C, // 0x3D90 (15760) pixels
    0x2597, 0x36BB, 0x3EBD, 0x263B, 0x061A, 0x0E1B, 0x1DDB, 0x0599, 0x0559, 0x0578, 0x0578, 0x0557, 0x04F6, 0x04F7, 0x0D37, 0x0517, // 0x3DA0 (15776) pixels
    0x0D16, 0x04F5, 0x04D5, 0x0474, 0x0C95, 0x1CF6, 0x3D98, 0x66BC, 0x1D98, 0x04B5, 0x0494, 0x04F6, 0x0517, 0x04F7, 0x0518, 0x0518, // 0x3DB0 (15792) pixels
    0x04F7, 0x0517, 0x0537, 0x0517, 0x04F6, 0x04F7, 0x0517, 0x0CF7, 0x0517, 0x0517, 0x04F7, 0x04F7, 0x04F7, 0x04D6, 0x04D6, 0x04D6, // 0x3DC0 (15808) pixels
    0x04F7, 0x04F7, 0x04D7, 0x04B6, 0x0496, 0x0476, 0x0C76, 0x0C76, 0x0455, 0x0455, 0x0455, 0x0C55, 0x0C56, 0x0C56, 0x0C56, 0x0C56, // 0x3DD0 (15824) pixels
    0x0C35, 0x0C35, 0x0C35, 0x0C35, 0x0C35, 0x0C35, 0x0C35, 0x0C15, 0x0435, 0x0435, 0x0455, 0x0C55, 0x0C55, 0x0435, 0x0435, 0x0415, // 0x3DE0 (15840) pixels
    0xE591, 0xEDF2, 0xFE53, 0xFE52, 0xFE52, 0xFE52, 0xF5D1, 0xE50F, 0xE52F, 0xE54F, 0xED70, 0xED70, 0xE4EF, 0xDCAE, 0xDC8F, 0xDC6F, // 0x3DF0 (15856) pixels
    0xC450, 0xC450, 0xB3AE, 0x9B0C, 0x8A6A, 0x7A4A, 0x728B, 0x6A6B, 0x39CD, 0x294B, 0x20C9, 0x18A9, 0x210A, 0x318C, 0x216B, 0x216B, // 0x3E00 (15872) pixels
    0x2109, 0x3129, 0x414A, 0x3129, 0x2929, 0x39CC, 0x4B10, 0x5455, 0x463A, 0x571D, 0x675F, 0x5EFF, 0x3E9C, 0x469C, 0x5E7D, 0x45FA, // 0x3E10 (15888) pixels
    0x261B, 0x0DDA, 0x05B9, 0x0578, 0x04F7, 0x0CF7, 0x0CF7, 0x04D6, 0x04D6, 0x0CF7, 0x1538, 0x0D17, 0x04B6, 0x0495, 0x04B5, 0x2578, // 0x3E20 (15904) pixels
    0x3E19, 0x3E1A, 0x2577, 0x04B4, 0x0494, 0x04D6, 0x04F6, 0x04D6, 0x04D6, 0x04D6, 0x04F7, 0x0517, 0x04F6, 0x04F6, 0x0517, 0x0517, // 0x3E30 (15920) pixels
    0x0517, 0x0517, 0x04F7, 0x04F7, 0x04F7, 0x04F7, 0x04F7, 0x04F7, 0x0517, 0x04F7, 0x04F7, 0x04D7, 0x04B6, 0x04B6, 0x0496, 0x0496, // 0x3E40 (15936) pixels
    0x0456, 0x0456, 0x0455, 0x0455, 0x0435, 0x0C55, 0x0C55, 0x0C55, 0x0C35, 0x0C35, 0x0C35, 0x0C35, 0x0C35, 0x0C35, 0x0C35, 0x0C15, // 0x3E50 (15952) pixels
    0x0455, 0x0455, 0x0C56, 0x0C56, 0x0C56, 0x0C35, 0x0C35, 0x0435, 0x9BF0, 0xC4F4, 0xEE37, 0xF696, 0xEE53, 0xEE32, 0xF632, 0xEDF1, // 0x3E60 (15968) pixels
    0xF5B1, 0xED70, 0xE50F, 0xE510, 0xED51, 0xED52, 0xE4F0, 0xD4AF, 0xDC4D, 0xECAF, 0xDC90, 0xC40F, 0xA32C, 0x824A, 0x7A2A, 0x720A, // 0x3E70 (15984) pixels
    0x724A, 0x59C9, 0x49A9, 0x3968, 0x2929, 0x212A, 0x210B, 0x31AE, 0x19CC, 0x19AC, 0x2AAF, 0x3BF3, 0x44D6, 0x4D99, 0x4E5C, 0x475F, // 0x3E80 (16000) pixels
    0x369B, 0x3E7B, 0x56BD, 0x5EFE, 0x46BC, 0x571D, 0x87BF, 0x875E, 0x3E5B, 0x263A, 0x1639, 0x165A, 0x0DF9, 0x0DB9, 0x0598, 0x0577, // 0x3E90 (16016) pixels
    0x04B7, 0x04D7, 0x04F8, 0x04D8, 0x0518, 0x0D18, 0x04D6, 0x04D6, 0x1CD5, 0x45F9, 0x3DF9, 0x1D16, 0x14D5, 0x0C94, 0x14D5, 0x2DB9, // 0x3EA0 (16032) pixels
    0x2DDA, 0x04F7, 0x0495, 0x04F6, 0x0517, 0x0517, 0x04F7, 0x04D6, 0x04F7, 0x04F7, 0x04F7, 0x04D7, 0x04F7, 0x04F7, 0x0CF7, 0x0CF7, // 0x3EB0 (16048) pixels
    0x0517, 0x04F7, 0x04F7, 0x04F7, 0x04F7, 0x04F7, 0x04D7, 0x04D7, 0x0C96, 0x0C96, 0x0496, 0x0476, 0x0476, 0x0455, 0x0455, 0x0455, // 0x3EC0 (16064) pixels
    0x0435, 0x0435, 0x0435, 0x0435, 0x0435, 0x0435, 0x0435, 0x0435, 0x0435, 0x0435, 0x0435, 0x0455, 0x0C55, 0x0C55, 0x0C55, 0x0C35, // 0x3ED0 (16080) pixels
    0xAC32, 0xC514, 0xE616, 0xEE35, 0xDD92, 0xDD50, 0xEDB2, 0xFE14, 0xFE13, 0xFDD2, 0xF551, 0xF531, 0xF552, 0xED32, 0xDD11, 0xDD52, // 0x3EE0 (16096) pixels
    0xD46D, 0xDC8F, 0xDC70, 0xDC91, 0xD450, 0xBBCE, 0xAB8C, 0x9B2A, 0xA2AD, 0x8A6B, 0x82AB, 0x6A8A, 0x5A6A, 0x5A4B, 0x628D, 0x8BB3, // 0x3EF0 (16112) pixels
    0x7D38, 0x7D99, 0x8EFD, 0x8F7E, 0x6EDC, 0x5E7B, 0x56BC, 0x471D, 0x1F3C, 0x1E9A, 0x0DB8, 0x15D8, 0x2DD8, 0x3DD7, 0x5679, 0x7F1C, // 0x3F00 (16128) pixels
    0x97BF, 0x7F1D, 0x4E5A, 0x3E5A, 0x25F8, 0x1E19, 0x0DB7, 0x0597, 0x15BA, 0x0D58, 0x0538, 0x04D7, 0x04D7, 0x0D18, 0x0CF7, 0x14F7, // 0x3F10 (16144) pixels
    0x1516, 0x0CD5, 0x0CD5, 0x361A, 0x4EBD, 0x2598, 0x2578, 0x5F3F, 0x56FF, 0x25BA, 0x04D6, 0x04F6, 0x04D6, 0x04D6, 0x04B5, 0x0475, // 0x3F20 (16160) pixels
    0x04B6, 0x04B6, 0x04B6, 0x04B6, 0x04B6, 0x04B6, 0x0CB6, 0x0CB7, 0x04D7, 0x04D7, 0x04D7, 0x04D7, 0x04D7, 0x04D7, 0x04F7, 0x04F7, // 0x3F30 (16176) pixels
    0x0CD7, 0x04D7, 0x0CD7, 0x04B7, 0x04B6, 0x04B6, 0x0496, 0x0496, 0x0475, 0x0475, 0x0455, 0x0455, 0x0455, 0x0455, 0x0475, 0x0476, // 0x3F40 (16192) pixels
    0x0455, 0x0455, 0x0455, 0x0455, 0x0455, 0x0455, 0x0435, 0x0435};

#endif // _WATERCOMPLETE_H_
