// Generated by   : ImageConverter 565 Online
// Generated from : babyShark.jpg
// Time generated : Tue, 27 May 25 11:49:59 +0200  (Server timezone: CET)
// Image Size     : 190x128 pixels
// Memory usage   : 48640 bytes

#ifndef BABYSHARK_H
#define BABYSHARK_H

#include <TFT_eSPI.h>


void drawBabyShark(TFT_eSPI &tft);

#if defined(__AVR__)
#include <avr/pgmspace.h>
#elif defined(__PIC32MX__)
#define PROGMEM
#elif defined(__arm__)
#define PROGMEM
#endif

const unsigned short babyShark[16200] PROGMEM={
0x0000, 0x0000, 0x0000, 0x0000, 0x0000, 0x0000, 0x0000, 0x0000, 0x0000, 0x0000, 0x0000, 0x0000, 0x0000, 0x0000, 0x0000, 0x0000,   // 0x0010 (16) pixels
0x0000, 0x0000, 0x0000, 0x0000, 0x0000, 0x0000, 0x0000, 0x0000, 0x0000, 0x0000, 0x0000, 0x0000, 0x0000, 0x0000, 0x0000, 0x0000,   // 0x0020 (32) pixels
0x0000, 0x0000, 0x0000, 0x0000, 0x0000, 0x0000, 0x0000, 0x0000, 0x0000, 0x0000, 0x0000, 0x0000, 0x0000, 0x0000, 0x0000, 0x0000,   // 0x0030 (48) pixels
0x0000, 0x0000, 0x0000, 0x0000, 0x0000, 0x0000, 0x0000, 0x0000, 0x0000, 0x0000, 0x0000, 0x0000, 0x0000, 0x0000, 0x0000, 0x0000,   // 0x0040 (64) pixels
0x0000, 0x0000, 0x0000, 0x0000, 0x0000, 0x0000, 0x0000, 0x0000, 0x0000, 0x0000, 0x0000, 0x0000, 0x0000, 0x0000, 0x0000, 0x0000,   // 0x0050 (80) pixels
0x0000, 0x0000, 0x0000, 0x0000, 0x0000, 0x0000, 0x0000, 0x0000, 0x0000, 0x0000, 0x0000, 0x0000, 0x0000, 0x0000, 0x0000, 0x0000,   // 0x0060 (96) pixels
0x0000, 0x0000, 0x0000, 0x0000, 0x0000, 0x0000, 0x0000, 0x0000, 0x0000, 0x0000, 0x0000, 0x0000, 0x0000, 0x0000, 0x0000, 0x0000,   // 0x0070 (112) pixels
0x0000, 0x0000, 0x0000, 0x0000, 0x0000, 0x0000, 0x0000, 0x0000, 0x0000, 0x0000, 0x0000, 0x0000, 0x0000, 0x0000, 0x0000, 0x0000,   // 0x0080 (128) pixels
0x0000, 0x0000, 0x0000, 0x0000, 0x0000, 0x0000, 0x0000, 0x0000, 0x0000, 0x0000, 0x0000, 0x0000, 0x0000, 0x0000, 0x0000, 0x0000,   // 0x0090 (144) pixels
0x0000, 0x0000, 0x0000, 0x0000, 0x0000, 0x0000, 0x0000, 0x0000, 0x0000, 0x0000, 0x0000, 0x0000, 0x0000, 0x0000, 0x0000, 0x0000,   // 0x00A0 (160) pixels
0x0000, 0x0000, 0x0000, 0x0000, 0x0000, 0x0000, 0x0000, 0x0000, 0x0000, 0x0000, 0x0000, 0x0000, 0x0000, 0x0000, 0x0000, 0x0000,   // 0x00B0 (176) pixels
0x0000, 0x0000, 0x0000, 0x0000, 0x0000, 0x0000, 0x0000, 0x0000, 0x0000, 0x0000, 0x0000, 0x0000, 0x0000, 0x0000, 0x0000, 0x0000,   // 0x00C0 (192) pixels
0x0000, 0x0000, 0x0000, 0x0000, 0x0000, 0x0000, 0x0000, 0x0000, 0x0000, 0x0000, 0x0000, 0x0000, 0x0000, 0x0000, 0x0000, 0x0000,   // 0x00D0 (208) pixels
0x0000, 0x0000, 0x0000, 0x0000, 0x0000, 0x0000, 0x0000, 0x0000, 0x0000, 0x0000, 0x0000, 0x0000, 0x0000, 0x0000, 0x0000, 0x0000,   // 0x00E0 (224) pixels
0x0000, 0x0000, 0x0000, 0x0000, 0x0000, 0x0000, 0x0000, 0x0000, 0x0000, 0x0000, 0x0000, 0x0000, 0x0000, 0x0000, 0x0000, 0x0000,   // 0x00F0 (240) pixels
0x0000, 0x0000, 0x0000, 0x0000, 0x0000, 0x0000, 0x0000, 0x0000, 0x0000, 0x0000, 0x0000, 0x0000, 0x0000, 0x0000, 0x0000, 0x0000,   // 0x0100 (256) pixels
0x0000, 0x0000, 0x0000, 0x0000, 0x0000, 0x0000, 0x0000, 0x0000, 0x0000, 0x0000, 0x0000, 0x0000, 0x0000, 0x0000, 0x0000, 0x0000,   // 0x0110 (272) pixels
0x0000, 0x0000, 0x0000, 0x0000, 0x0000, 0x0000, 0x0000, 0x0000, 0x0000, 0x0000, 0x0000, 0x0000, 0x0000, 0x0000, 0x0000, 0x0000,   // 0x0120 (288) pixels
0x0000, 0x0000, 0x0000, 0x0000, 0x0000, 0x0000, 0x0000, 0x0000, 0x0000, 0x0000, 0x0000, 0x0000, 0x0000, 0x0000, 0x0000, 0x0000,   // 0x0130 (304) pixels
0x0000, 0x0000, 0x0000, 0x0000, 0x0000, 0x0000, 0x0000, 0x0000, 0x0000, 0x0000, 0x0000, 0x0000, 0x0000, 0x0000, 0x0000, 0x0000,   // 0x0140 (320) pixels
0x0000, 0x0000, 0x0000, 0x0000, 0x0000, 0x0000, 0x0000, 0x0000, 0x0000, 0x0000, 0x0000, 0x0000, 0x0000, 0x0000, 0x0000, 0x0000,   // 0x0150 (336) pixels
0x0000, 0x0000, 0x0000, 0x0000, 0x0000, 0x0000, 0x0000, 0x0000, 0x0000, 0x0000, 0x0000, 0x0000, 0x0000, 0x0000, 0x0000, 0x0000,   // 0x0160 (352) pixels
0x0000, 0x0000, 0x0000, 0x0000, 0x0000, 0x0000, 0x0000, 0x0000, 0x0000, 0x0000, 0x0000, 0x0000, 0x0000, 0x0000, 0x0000, 0x0000,   // 0x0170 (368) pixels
0x0000, 0x0000, 0x0000, 0x0000, 0x0000, 0x0000, 0x0000, 0x0000, 0x0000, 0x0000, 0x0000, 0x0000, 0x0000, 0x0000, 0x0000, 0x0000,   // 0x0180 (384) pixels
0x0000, 0x0000, 0x0000, 0x0000, 0x0000, 0x0000, 0x0000, 0x0000, 0x0000, 0x0000, 0x0000, 0x0000, 0x0000, 0x0000, 0x0000, 0x0000,   // 0x0190 (400) pixels
0x0000, 0x0000, 0x0000, 0x0000, 0x0000, 0x0000, 0x0000, 0x0000, 0x0000, 0x0000, 0x0000, 0x0000, 0x0000, 0x0000, 0x0000, 0x0000,   // 0x01A0 (416) pixels
0x0000, 0x0000, 0x0000, 0x0000, 0x0000, 0x0000, 0x0000, 0x0000, 0x0000, 0x0000, 0x0000, 0x0000, 0x0000, 0x0000, 0x0000, 0x0000,   // 0x01B0 (432) pixels
0x0000, 0x0000, 0x0000, 0x0000, 0x0000, 0x0000, 0x0000, 0x0000, 0x0000, 0x0000, 0x0000, 0x0000, 0x0000, 0x0000, 0x0000, 0x0000,   // 0x01C0 (448) pixels
0x0000, 0x0000, 0x0000, 0x0000, 0x0000, 0x0000, 0x0000, 0x0000, 0x0000, 0x0000, 0x0000, 0x0000, 0x0000, 0x0000, 0x0000, 0x0000,   // 0x01D0 (464) pixels
0x0000, 0x0000, 0x0000, 0x0000, 0x0000, 0x0000, 0x0000, 0x0000, 0x0000, 0x0000, 0x0000, 0x0000, 0x0000, 0x0000, 0x0000, 0x0000,   // 0x01E0 (480) pixels
0x0000, 0x0000, 0x0000, 0x0000, 0x0000, 0x0000, 0x0000, 0x0000, 0x0000, 0x0000, 0x0000, 0x0000, 0x0000, 0x0000, 0x0000, 0x0000,   // 0x01F0 (496) pixels
0x0000, 0x0000, 0x0000, 0x0000, 0x0000, 0x0000, 0x0000, 0x0000, 0x0000, 0x0000, 0x0000, 0x0000, 0x0000, 0x0000, 0x0000, 0x0000,   // 0x0200 (512) pixels
0x0000, 0x0000, 0x0000, 0x0000, 0x0000, 0x0000, 0x0000, 0x0000, 0x0000, 0x0000, 0x0000, 0x0000, 0x0000, 0x0000, 0x0000, 0x0000,   // 0x0210 (528) pixels
0x0000, 0x0000, 0x0000, 0x0000, 0x0000, 0x0000, 0x0000, 0x0000, 0x0000, 0x0000, 0x0000, 0x0000, 0x0000, 0x0000, 0x0000, 0x0000,   // 0x0220 (544) pixels
0x0000, 0x0000, 0x0000, 0x0000, 0x0000, 0x0000, 0x0000, 0x0000, 0x0000, 0x0000, 0x0000, 0x0000, 0x0000, 0x0000, 0x0000, 0x0000,   // 0x0230 (560) pixels
0x0000, 0x0000, 0x0000, 0x0000, 0x0000, 0x0000, 0x0000, 0x0000, 0x0000, 0x0000, 0x0000, 0x0000, 0x0000, 0x0000, 0x0000, 0x0000,   // 0x0240 (576) pixels
0x0000, 0x0000, 0x0000, 0x0000, 0x0000, 0x0000, 0x0000, 0x0000, 0x0000, 0x0000, 0x0000, 0x0000, 0x0000, 0x0000, 0x0000, 0x0000,   // 0x0250 (592) pixels
0x0000, 0x0000, 0x0000, 0x0000, 0x0000, 0x0000, 0x0000, 0x0000, 0x0000, 0x0000, 0x0000, 0x0000, 0x0000, 0x0000, 0x0000, 0x0000,   // 0x0260 (608) pixels
0x0000, 0x0000, 0x0000, 0x0000, 0x0000, 0x0000, 0x0000, 0x0000, 0x0000, 0x0000, 0x0000, 0x0000, 0x0000, 0x0000, 0x0000, 0x0000,   // 0x0270 (624) pixels
0x0000, 0x0000, 0x0000, 0x0000, 0x0000, 0x0000, 0x0000, 0x0000, 0x0000, 0x0000, 0x0000, 0x0000, 0x0000, 0x0000, 0x0000, 0x0000,   // 0x0280 (640) pixels
0x0000, 0x0000, 0x0000, 0x0000, 0x0000, 0x0000, 0x0000, 0x0000, 0x0000, 0x0000, 0x0000, 0x0000, 0x0000, 0x0000, 0x0000, 0x0000,   // 0x0290 (656) pixels
0x0000, 0x0000, 0x0000, 0x0000, 0x0000, 0x0000, 0x0000, 0x0000, 0x0000, 0x0000, 0x0000, 0x0000, 0x0000, 0x0000, 0x0000, 0x0000,   // 0x02A0 (672) pixels
0x0000, 0x0000, 0x0000, 0x0000, 0x0000, 0x0000, 0x0000, 0x0000, 0x0000, 0x0000, 0x0000, 0x0000, 0x0000, 0x0000, 0x0000, 0x0000,   // 0x02B0 (688) pixels
0x0000, 0x0000, 0x0000, 0x0000, 0x0000, 0x0000, 0x0000, 0x0000, 0x0000, 0x0000, 0x0000, 0x0000, 0x0000, 0x0000, 0x0000, 0x0000,   // 0x02C0 (704) pixels
0x0000, 0x0000, 0x0000, 0x0000, 0x0000, 0x0000, 0x0000, 0x0000, 0x0000, 0x0000, 0x0000, 0x0000, 0x0000, 0x0000, 0x0000, 0x0000,   // 0x02D0 (720) pixels
0x0000, 0x0000, 0x0000, 0x0000, 0x0000, 0x0000, 0x0000, 0x0000, 0x0000, 0x0000, 0x0000, 0x0000, 0x0000, 0x0000, 0x0000, 0x0000,   // 0x02E0 (736) pixels
0x0000, 0x0000, 0x0000, 0x0000, 0x0000, 0x0000, 0x0000, 0x0000, 0x0000, 0x0000, 0x0000, 0x0000, 0x0000, 0x0000, 0x0000, 0x0000,   // 0x02F0 (752) pixels
0x0000, 0x0000, 0x0000, 0x0000, 0x0000, 0x0000, 0x0000, 0x0000, 0x0000, 0x0000, 0x0000, 0x0000, 0x0000, 0x0000, 0x0000, 0x0000,   // 0x0300 (768) pixels
0x0000, 0x0000, 0x0000, 0x0000, 0x0000, 0x0000, 0x0000, 0x0000, 0x0000, 0x0000, 0x0000, 0x0000, 0x0000, 0x0000, 0x0000, 0x0000,   // 0x0310 (784) pixels
0x0000, 0x0000, 0x0000, 0x0000, 0x0000, 0x0000, 0x0000, 0x0000, 0x0000, 0x0000, 0x0000, 0x0000, 0x0000, 0x0000, 0x0000, 0x0000,   // 0x0320 (800) pixels
0x0000, 0x0000, 0x0000, 0x0000, 0x0000, 0x0000, 0x0000, 0x0000, 0x0000, 0x0000, 0x0000, 0x0000, 0x0000, 0x0000, 0x0000, 0x0000,   // 0x0330 (816) pixels
0x0000, 0x0000, 0x0000, 0x0000, 0x0000, 0x0000, 0x0000, 0x0000, 0x0000, 0x0000, 0x0000, 0x0000, 0x0000, 0x0000, 0x0000, 0x0000,   // 0x0340 (832) pixels
0x0000, 0x0000, 0x0000, 0x0000, 0x0000, 0x0000, 0x0000, 0x0000, 0x0000, 0x0000, 0x0000, 0x0000, 0x0000, 0x0000, 0x0000, 0x0000,   // 0x0350 (848) pixels
0x0000, 0x0000, 0x0000, 0x0000, 0x0000, 0x0000, 0x0000, 0x0000, 0x0000, 0x0000, 0x0000, 0x0000, 0x0000, 0x0000, 0x0000, 0x0000,   // 0x0360 (864) pixels
0x0000, 0x0000, 0x0000, 0x0000, 0x0000, 0x0000, 0x0000, 0x0000, 0x0000, 0x0000, 0x0000, 0x0000, 0x0000, 0x0000, 0x0000, 0x0000,   // 0x0370 (880) pixels
0x0000, 0x0000, 0x0000, 0x0000, 0x0000, 0x0000, 0x0000, 0x0000, 0x0000, 0x0000, 0x0000, 0x0000, 0x0000, 0x0000, 0x0000, 0x0000,   // 0x0380 (896) pixels
0x0000, 0x0000, 0x0000, 0x0000, 0x0000, 0x0000, 0x0000, 0x0000, 0x0000, 0x0000, 0x0000, 0x0000, 0x0000, 0x0000, 0x0000, 0x0000,   // 0x0390 (912) pixels
0x0000, 0x0000, 0x0000, 0x0000, 0x0000, 0x0000, 0x0000, 0x0000, 0x0000, 0x0000, 0x0000, 0x0000, 0x0000, 0x0000, 0x0000, 0x0000,   // 0x03A0 (928) pixels
0x0000, 0x0000, 0x0000, 0x0000, 0x0000, 0x0000, 0x0000, 0x0000, 0x0000, 0x0000, 0x0000, 0x0000, 0x0000, 0x0000, 0x0000, 0x0000,   // 0x03B0 (944) pixels
0x0000, 0x0000, 0x0000, 0x0000, 0x0000, 0x0000, 0x0000, 0x0000, 0x0000, 0x0000, 0x0000, 0x0000, 0x0000, 0x0000, 0x0000, 0x0000,   // 0x03C0 (960) pixels
0x0000, 0x0000, 0x0000, 0x0000, 0x0000, 0x0000, 0x0000, 0x0000, 0x0000, 0x0000, 0x0000, 0x0000, 0x0000, 0x0000, 0x0000, 0x0000,   // 0x03D0 (976) pixels
0x0000, 0x0000, 0x0000, 0x0000, 0x0000, 0x0000, 0x0000, 0x0000, 0x0000, 0x0000, 0x0000, 0x0000, 0x0000, 0x0000, 0x0000, 0x0000,   // 0x03E0 (992) pixels
0x0000, 0x0000, 0x0000, 0x0000, 0x0000, 0x0000, 0x0000, 0x0000, 0x0000, 0x0000, 0x0000, 0x0000, 0x0000, 0x0000, 0x0000, 0x0000,   // 0x03F0 (1008) pixels
0x0000, 0x0000, 0x0000, 0x0000, 0x0000, 0x0000, 0x0000, 0x0000, 0x0000, 0x0000, 0x0000, 0x0000, 0x0000, 0x0000, 0x0000, 0x0000,   // 0x0400 (1024) pixels
0x0000, 0x0000, 0x0000, 0x0000, 0x0000, 0x0000, 0x0000, 0x0000, 0x0000, 0x0000, 0x0000, 0x0000, 0x0000, 0x0000, 0x0000, 0x0000,   // 0x0410 (1040) pixels
0x0000, 0x0000, 0x0000, 0x0000, 0x0000, 0x0000, 0x0000, 0x0000, 0x0000, 0x0000, 0x0000, 0x0000, 0x0000, 0x0000, 0x0000, 0x0000,   // 0x0420 (1056) pixels
0x0000, 0x0000, 0x0000, 0x0000, 0x0000, 0x0000, 0x0000, 0x0000, 0x0000, 0x0000, 0x0000, 0x0000, 0x0000, 0x0000, 0x0000, 0x0000,   // 0x0430 (1072) pixels
0x0000, 0x0000, 0x0000, 0x0000, 0x0000, 0x0000, 0x0000, 0x0000, 0x0000, 0x0000, 0x0000, 0x0000, 0x0000, 0x0000, 0x0000, 0x0000,   // 0x0440 (1088) pixels
0x0000, 0x0000, 0x0000, 0x0000, 0x0000, 0x0000, 0x0000, 0x0000, 0x0000, 0x0000, 0x0000, 0x0000, 0x0000, 0x0000, 0x0000, 0x0000,   // 0x0450 (1104) pixels
0x0000, 0x0000, 0x0000, 0x0000, 0x0000, 0x0000, 0x0000, 0x0000, 0x0000, 0x0000, 0x0000, 0x0000, 0x0000, 0x0000, 0x0000, 0x0000,   // 0x0460 (1120) pixels
0x0000, 0x0000, 0x0000, 0x0000, 0x0000, 0x0000, 0x0000, 0x0000, 0x0000, 0x0000, 0x0000, 0x0000, 0x0000, 0x0000, 0x0000, 0x0000,   // 0x0470 (1136) pixels
0x0000, 0x0000, 0x0000, 0x0000, 0x0000, 0x0000, 0x0000, 0x0000, 0x0000, 0x0000, 0x0000, 0x0000, 0x0000, 0x0000, 0x0000, 0x0000,   // 0x0480 (1152) pixels
0x0000, 0x0000, 0x0000, 0x0000, 0x0000, 0x0000, 0x0000, 0x0000, 0x0000, 0x0000, 0x0000, 0x0000, 0x0000, 0x0000, 0x0000, 0x0000,   // 0x0490 (1168) pixels
0x0000, 0x0000, 0x0000, 0x0000, 0x0000, 0x0000, 0x0000, 0x0000, 0x0000, 0x0000, 0x0000, 0x0000, 0x0000, 0x0000, 0x0000, 0x0000,   // 0x04A0 (1184) pixels
0x0000, 0x0000, 0x0000, 0x0000, 0x0000, 0x0000, 0x0000, 0x0000, 0x0000, 0x0000, 0x0000, 0x0000, 0x0000, 0x0000, 0x0000, 0x0000,   // 0x04B0 (1200) pixels
0x0000, 0x0000, 0x0000, 0x0000, 0x0000, 0x0000, 0x0000, 0x0000, 0x0000, 0x0000, 0x0000, 0x0000, 0x0000, 0x0000, 0x0000, 0x0000,   // 0x04C0 (1216) pixels
0x0000, 0x0000, 0x0000, 0x0000, 0x0000, 0x0000, 0x0000, 0x0000, 0x0000, 0x0000, 0x0000, 0x0000, 0x0000, 0x0000, 0x0000, 0x0000,   // 0x04D0 (1232) pixels
0x0000, 0x0000, 0x0000, 0x0000, 0x0000, 0x0000, 0x0000, 0x0000, 0x0000, 0x0000, 0x0000, 0x0000, 0x0000, 0x0000, 0x0000, 0x0000,   // 0x04E0 (1248) pixels
0x0000, 0x0000, 0x0000, 0x0000, 0x0000, 0x0000, 0x0000, 0x0000, 0x0000, 0x0000, 0x0000, 0x0000, 0x0000, 0x0000, 0x0000, 0x0000,   // 0x04F0 (1264) pixels
0x0000, 0x0000, 0x0000, 0x0000, 0x0000, 0x0000, 0x0000, 0x0000, 0x0000, 0x0000, 0x0000, 0x0000, 0x0000, 0x0000, 0x0000, 0x0000,   // 0x0500 (1280) pixels
0x0000, 0x0000, 0x0000, 0x0000, 0x0000, 0x0000, 0x0000, 0x0000, 0x0000, 0x0000, 0x0000, 0x0000, 0x0000, 0x0000, 0x0000, 0x0000,   // 0x0510 (1296) pixels
0x0000, 0x0000, 0x0000, 0x0000, 0x0000, 0x0000, 0x0000, 0x0000, 0x0000, 0x0000, 0x0000, 0x0000, 0x0000, 0x0000, 0x0000, 0x0000,   // 0x0520 (1312) pixels
0x0000, 0x0000, 0x0000, 0x0000, 0x0000, 0x0000, 0x0000, 0x0000, 0x0000, 0x0000, 0x0000, 0x0000, 0x0000, 0x0000, 0x0000, 0x0000,   // 0x0530 (1328) pixels
0x0000, 0x0000, 0x0000, 0x0000, 0x0000, 0x0000, 0x0000, 0x0000, 0x0000, 0x0000, 0x0000, 0x0000, 0x0000, 0x0000, 0x0000, 0x0000,   // 0x0540 (1344) pixels
0x0000, 0x0000, 0x0000, 0x0000, 0x0000, 0x0000, 0x0000, 0x0000, 0x0000, 0x0000, 0x0000, 0x0000, 0x0000, 0x0000, 0x0000, 0x0000,   // 0x0550 (1360) pixels
0x0000, 0x0000, 0x0000, 0x0000, 0x0000, 0x0000, 0x0000, 0x0000, 0x0000, 0x0000, 0x0000, 0x0000, 0x0000, 0x0000, 0x0000, 0x0000,   // 0x0560 (1376) pixels
0x0000, 0x0000, 0x0000, 0x0000, 0x0000, 0x0000, 0x0000, 0x0000, 0x0000, 0x0000, 0x0000, 0x0000, 0x0000, 0x0000, 0x0000, 0x0000,   // 0x0570 (1392) pixels
0x0000, 0x0000, 0x0000, 0x0000, 0x0000, 0x0000, 0x0000, 0x0000, 0x0000, 0x0000, 0x0000, 0x0000, 0x0000, 0x0000, 0x0000, 0x0000,   // 0x0580 (1408) pixels
0x0000, 0x0000, 0x0000, 0x0000, 0x0000, 0x0000, 0x0000, 0x0000, 0x0000, 0x0000, 0x0000, 0x0000, 0x0000, 0x0000, 0x0000, 0x0000,   // 0x0590 (1424) pixels
0x0000, 0x0000, 0x0000, 0x0000, 0x0000, 0x0000, 0x0000, 0x0000, 0x0000, 0x0000, 0x0000, 0x0000, 0x0000, 0x0000, 0x0000, 0x0000,   // 0x05A0 (1440) pixels
0x0000, 0x0000, 0x0000, 0x0000, 0x0000, 0x0000, 0x0000, 0x0000, 0x0000, 0x0000, 0x0000, 0x0000, 0x0000, 0x0000, 0x0000, 0x0000,   // 0x05B0 (1456) pixels
0x0000, 0x0000, 0x0000, 0x0000, 0x0000, 0x0000, 0x0000, 0x0000, 0x0000, 0x0000, 0x0000, 0x0000, 0x0000, 0x0000, 0x0000, 0x0000,   // 0x05C0 (1472) pixels
0x0000, 0x0000, 0x0000, 0x0000, 0x0000, 0x0000, 0x0000, 0x0000, 0x0000, 0x0000, 0x0000, 0x0000, 0x0000, 0x0000, 0x0000, 0x0000,   // 0x05D0 (1488) pixels
0x0000, 0x0000, 0x0000, 0x0000, 0x0000, 0x0000, 0x0000, 0x0000, 0x0000, 0x0000, 0x0000, 0x0000, 0x0000, 0x0000, 0x0000, 0x0000,   // 0x05E0 (1504) pixels
0x0000, 0x0000, 0x0000, 0x0000, 0x0000, 0x0000, 0x0000, 0x0000, 0x0000, 0x0000, 0x0000, 0x0000, 0x0000, 0x0000, 0x0000, 0x0000,   // 0x05F0 (1520) pixels
0x0000, 0x0000, 0x0000, 0x0000, 0x0000, 0x0000, 0x0000, 0x0000, 0x0000, 0x0000, 0x0000, 0x0000, 0x0000, 0x0000, 0x0000, 0x0000,   // 0x0600 (1536) pixels
0x0000, 0x0000, 0x0000, 0x0000, 0x0000, 0x0000, 0x0000, 0x0000, 0x0000, 0x0000, 0x0000, 0x0000, 0x0000, 0x0000, 0x0000, 0x0000,   // 0x0610 (1552) pixels
0x0000, 0x0000, 0x0000, 0x0000, 0x0000, 0x0000, 0x0000, 0x0000, 0x0000, 0x0000, 0x0000, 0x0000, 0x0000, 0x0000, 0x0000, 0x0000,   // 0x0620 (1568) pixels
0x0000, 0x0000, 0x0000, 0x0000, 0x0000, 0x0000, 0x0000, 0x0000, 0x0000, 0x0000, 0x0000, 0x0000, 0x0000, 0x0000, 0x0000, 0x0000,   // 0x0630 (1584) pixels
0x0000, 0x0000, 0x0000, 0x0000, 0x0000, 0x0000, 0x0000, 0x0000, 0x0000, 0x0000, 0x0000, 0x0000, 0x0000, 0x0000, 0x0000, 0x0000,   // 0x0640 (1600) pixels
0x0000, 0x0000, 0x0000, 0x0000, 0x0000, 0x0000, 0x0000, 0x0000, 0x0000, 0x0000, 0x0000, 0x0000, 0x0000, 0x0000, 0x0000, 0x0000,   // 0x0650 (1616) pixels
0x0000, 0x0000, 0x0000, 0x0000, 0x0000, 0x0000, 0x0000, 0x0000, 0x0000, 0x0000, 0x0000, 0x0000, 0x0000, 0x0000, 0x0000, 0x0000,   // 0x0660 (1632) pixels
0x0000, 0x0000, 0x0000, 0x0000, 0x0000, 0x0000, 0x0000, 0x0000, 0x0000, 0x0000, 0x0000, 0x0000, 0x0000, 0x0000, 0x0000, 0x0000,   // 0x0670 (1648) pixels
0x0000, 0x0000, 0x0000, 0x0000, 0x0000, 0x0000, 0x0000, 0x0000, 0x0000, 0x0000, 0x0000, 0x0000, 0x0000, 0x0000, 0x0000, 0x0000,   // 0x0680 (1664) pixels
0x0000, 0x0000, 0x0000, 0x0000, 0x0000, 0x0000, 0x0000, 0x0000, 0x0000, 0x0000, 0x0000, 0x0000, 0x0000, 0x0000, 0x0000, 0x0000,   // 0x0690 (1680) pixels
0x0000, 0x0000, 0x0000, 0x0000, 0x0000, 0x0000, 0x0000, 0x0000, 0x0000, 0x0000, 0x0000, 0x0000, 0x0000, 0x0000, 0x0000, 0x0000,   // 0x06A0 (1696) pixels
0x0000, 0x0000, 0x0000, 0x0000, 0x0000, 0x0000, 0x0000, 0x0000, 0x0000, 0x0000, 0x0000, 0x0000, 0x0000, 0x0000, 0x0000, 0x0000,   // 0x06B0 (1712) pixels
0x0000, 0x0000, 0x0000, 0x0000, 0x0000, 0x0000, 0x0000, 0x0000, 0x0000, 0x0000, 0x0000, 0x0000, 0x0000, 0x0000, 0x0000, 0x0000,   // 0x06C0 (1728) pixels
0x0000, 0x0000, 0x0000, 0x0000, 0x0000, 0x0000, 0x0000, 0x0000, 0x0000, 0x0000, 0x0000, 0x0000, 0x0000, 0x0000, 0x0000, 0x0000,   // 0x06D0 (1744) pixels
0x0000, 0x0000, 0x0000, 0x0000, 0x0000, 0x0000, 0x0000, 0x0000, 0x0000, 0x0000, 0x0000, 0x0000, 0x0000, 0x0000, 0x0000, 0x0000,   // 0x06E0 (1760) pixels
0x0000, 0x0000, 0x0000, 0x0000, 0x0000, 0x0000, 0x0000, 0x0000, 0x0000, 0x0000, 0x0000, 0x0000, 0x0000, 0x0000, 0x0000, 0x0000,   // 0x06F0 (1776) pixels
0x0000, 0x0000, 0x0000, 0x0000, 0x0000, 0x0000, 0x0000, 0x0000, 0x0000, 0x0000, 0x0000, 0x0000, 0x0000, 0x0000, 0x0000, 0x0000,   // 0x0700 (1792) pixels
0x0000, 0x0000, 0x0000, 0x0000, 0x0000, 0x0000, 0x0000, 0x0000, 0x0000, 0x0000, 0x0000, 0x0000, 0x0000, 0x0000, 0x0000, 0x0000,   // 0x0710 (1808) pixels
0x0000, 0x0000, 0x0000, 0x0000, 0x0000, 0x0000, 0x0000, 0x0000, 0x0000, 0x0000, 0x0000, 0x0000, 0x0000, 0x0000, 0x0000, 0x0000,   // 0x0720 (1824) pixels
0x0000, 0x0000, 0x0000, 0x0000, 0x0000, 0x0000, 0x0000, 0x0000, 0x0000, 0x0000, 0x0000, 0x0000, 0x0000, 0x0000, 0x0000, 0x0000,   // 0x0730 (1840) pixels
0x0000, 0x0000, 0x0000, 0x0000, 0x0000, 0x0000, 0x0000, 0x0000, 0x0000, 0x0000, 0x0000, 0x0000, 0x0000, 0x0000, 0x0000, 0x0000,   // 0x0740 (1856) pixels
0x0000, 0x0000, 0x0000, 0x0000, 0x0000, 0x0000, 0x0000, 0x0000, 0x0000, 0x0000, 0x0000, 0x0000, 0x0000, 0x0000, 0x0000, 0x0000,   // 0x0750 (1872) pixels
0x0000, 0x0000, 0x0000, 0x0000, 0x0000, 0x0000, 0x0000, 0x0000, 0x0000, 0x0000, 0x0000, 0x0000, 0x0000, 0x0000, 0x0000, 0x0000,   // 0x0760 (1888) pixels
0x0000, 0x0000, 0x0000, 0x0000, 0x0000, 0x0000, 0x0000, 0x0000, 0x0000, 0x0000, 0x0000, 0x0000, 0x0000, 0x0000, 0x0000, 0x0000,   // 0x0770 (1904) pixels
0x0000, 0x0000, 0x0000, 0x0000, 0x0000, 0x0000, 0x0000, 0x0000, 0x0000, 0x0000, 0x0000, 0x0000, 0x0000, 0x0000, 0x0000, 0x0000,   // 0x0780 (1920) pixels
0x0000, 0x0000, 0x0000, 0x0000, 0x0000, 0x0000, 0x0000, 0x0000, 0x0000, 0x0000, 0x0000, 0x0000, 0x0000, 0x0000, 0x0000, 0x0000,   // 0x0790 (1936) pixels
0x0000, 0x0000, 0x0000, 0x0000, 0x0000, 0x0000, 0x0000, 0x0000, 0x0000, 0x0000, 0x0000, 0x0000, 0x0000, 0x0000, 0x0000, 0x0000,   // 0x07A0 (1952) pixels
0x0000, 0x0000, 0x0000, 0x0000, 0x0000, 0x0000, 0x0000, 0x0000, 0x0000, 0x0000, 0x0000, 0x0000, 0x0000, 0x0000, 0x0000, 0x0000,   // 0x07B0 (1968) pixels
0x0000, 0x0000, 0x0000, 0x0000, 0x0000, 0x0000, 0x0000, 0x0000, 0x0000, 0x0000, 0x0000, 0x0000, 0x0000, 0x0000, 0x0000, 0x0000,   // 0x07C0 (1984) pixels
0x0000, 0x0000, 0x0000, 0x0000, 0x0000, 0x0000, 0x0000, 0x0000, 0x0000, 0x0000, 0x0000, 0x0000, 0x0000, 0x0000, 0x0000, 0x0000,   // 0x07D0 (2000) pixels
0x0000, 0x0000, 0x0000, 0x0000, 0x0000, 0x0000, 0x0000, 0x0000, 0x0000, 0x0000, 0x0000, 0x0000, 0x0000, 0x0000, 0x0000, 0x0000,   // 0x07E0 (2016) pixels
0x0000, 0x0000, 0x0000, 0x0000, 0x0000, 0x0000, 0x0000, 0x0000, 0x0000, 0x0000, 0x0000, 0x0000, 0x0000, 0x0000, 0x0000, 0x0000,   // 0x07F0 (2032) pixels
0x0000, 0x0000, 0x0000, 0x0000, 0x0000, 0x0000, 0x0000, 0x0000, 0x0000, 0x0000, 0x0000, 0x0000, 0x0000, 0x0000, 0x0000, 0x0000,   // 0x0800 (2048) pixels
0x0000, 0x0000, 0x0000, 0x0000, 0x0000, 0x0000, 0x0000, 0x0000, 0x0000, 0x0000, 0x0000, 0x0000, 0x0000, 0x0000, 0x0000, 0x0000,   // 0x0810 (2064) pixels
0x0000, 0x0000, 0x0000, 0x0000, 0x0000, 0x0000, 0x0000, 0x0000, 0x0000, 0x0000, 0x0000, 0x0000, 0x0000, 0x0000, 0x0000, 0x0000,   // 0x0820 (2080) pixels
0x0020, 0x0000, 0x0000, 0x0000, 0x0000, 0x0000, 0x0000, 0x0000, 0x0000, 0x0000, 0x0000, 0x0000, 0x0000, 0x0000, 0x0000, 0x0000,   // 0x0830 (2096) pixels
0x0000, 0x0000, 0x0000, 0x0000, 0x0000, 0x0000, 0x0000, 0x0000, 0x0000, 0x0000, 0x0000, 0x0000, 0x0000, 0x0000, 0x0000, 0x0000,   // 0x0840 (2112) pixels
0x0000, 0x0000, 0x0000, 0x0000, 0x0000, 0x0000, 0x0000, 0x0000, 0x0000, 0x0000, 0x0000, 0x0000, 0x0000, 0x0000, 0x0000, 0x0000,   // 0x0850 (2128) pixels
0x0000, 0x0000, 0x0000, 0x0000, 0x0000, 0x0000, 0x0000, 0x0000, 0x0000, 0x0000, 0x0000, 0x0000, 0x0000, 0x0000, 0x0000, 0x0000,   // 0x0860 (2144) pixels
0x0000, 0x0000, 0x0000, 0x0000, 0x0000, 0x0000, 0x0000, 0x0000, 0x0000, 0x0000, 0x0000, 0x0000, 0x0000, 0x0000, 0x0000, 0x0000,   // 0x0870 (2160) pixels
0x0000, 0x0000, 0x0000, 0x0000, 0x0000, 0x0000, 0x0000, 0x0000, 0x0000, 0x0000, 0x0000, 0x0000, 0x0000, 0x0000, 0x0000, 0x0000,   // 0x0880 (2176) pixels
0x0000, 0x0000, 0x0000, 0x0000, 0x0000, 0x0000, 0x0000, 0x0000, 0x0000, 0x0000, 0x0000, 0x0000, 0x0000, 0x0000, 0x0000, 0x0000,   // 0x0890 (2192) pixels
0x0000, 0x0000, 0x0000, 0x0000, 0x0000, 0x0000, 0x0000, 0x0000, 0x0001, 0x0001, 0x0001, 0x0021, 0x0020, 0x0000, 0x0000, 0x0000,   // 0x08A0 (2208) pixels
0x0000, 0x0000, 0x0020, 0x0000, 0x0000, 0x0001, 0x0000, 0x0001, 0x0000, 0x0000, 0x0000, 0x0000, 0x0000, 0x0000, 0x0000, 0x0000,   // 0x08B0 (2224) pixels
0x0000, 0x0000, 0x0000, 0x0000, 0x0000, 0x0000, 0x0000, 0x0000, 0x0000, 0x0000, 0x0000, 0x0000, 0x0000, 0x0000, 0x0000, 0x0000,   // 0x08C0 (2240) pixels
0x0000, 0x0000, 0x0000, 0x0000, 0x0000, 0x0000, 0x0000, 0x0000, 0x0000, 0x0000, 0x0000, 0x0000, 0x0000, 0x0000, 0x0000, 0x0000,   // 0x08D0 (2256) pixels
0x0000, 0x0000, 0x0000, 0x0000, 0x0000, 0x0000, 0x0000, 0x0000, 0x0000, 0x0000, 0x0000, 0x0000, 0x0000, 0x0000, 0x0000, 0x0000,   // 0x08E0 (2272) pixels
0x0000, 0x0000, 0x0000, 0x0000, 0x0000, 0x0000, 0x0000, 0x0000, 0x0000, 0x0000, 0x0000, 0x0000, 0x0000, 0x0000, 0x0000, 0x0000,   // 0x08F0 (2288) pixels
0x0000, 0x0000, 0x0000, 0x0000, 0x0000, 0x0000, 0x0000, 0x0000, 0x0000, 0x0000, 0x0000, 0x0000, 0x0000, 0x0000, 0x0000, 0x0000,   // 0x0900 (2304) pixels
0x0000, 0x0000, 0x0000, 0x0000, 0x0000, 0x0000, 0x0000, 0x0000, 0x0000, 0x0000, 0x0000, 0x0000, 0x0000, 0x0000, 0x0000, 0x0000,   // 0x0910 (2320) pixels
0x0001, 0x0000, 0x0000, 0x0000, 0x0000, 0x0000, 0x0000, 0x0000, 0x0000, 0x0000, 0x0000, 0x0000, 0x0000, 0x0000, 0x0000, 0x0001,   // 0x0920 (2336) pixels
0x0000, 0x0000, 0x0000, 0x0000, 0x0000, 0x0000, 0x0000, 0x0000, 0x0000, 0x0000, 0x0000, 0x0000, 0x0000, 0x0000, 0x0000, 0x0000,   // 0x0930 (2352) pixels
0x0000, 0x0000, 0x0000, 0x0000, 0x0000, 0x0000, 0x0000, 0x0000, 0x0000, 0x0000, 0x0000, 0x0000, 0x0000, 0x0000, 0x0000, 0x0000,   // 0x0940 (2368) pixels
0x0000, 0x0000, 0x0000, 0x0000, 0x0000, 0x0000, 0x0000, 0x0000, 0x0000, 0x0000, 0x0000, 0x0000, 0x0000, 0x0000, 0x0000, 0x0000,   // 0x0950 (2384) pixels
0x0000, 0x0000, 0x0000, 0x0000, 0x0000, 0x0000, 0x0000, 0x0000, 0x0000, 0x0000, 0x0000, 0x0000, 0x0000, 0x0000, 0x0000, 0x0000,   // 0x0960 (2400) pixels
0x0000, 0x0000, 0x0000, 0x0000, 0x0000, 0x0000, 0x0000, 0x0000, 0x0000, 0x0000, 0x0000, 0x0000, 0x0000, 0x0000, 0x0000, 0x0000,   // 0x0970 (2416) pixels
0x0000, 0x0000, 0x0000, 0x0000, 0x0000, 0x0000, 0x0000, 0x0000, 0x0000, 0x0000, 0x0000, 0x0000, 0x0000, 0x0000, 0x0000, 0x0000,   // 0x0980 (2432) pixels
0x0000, 0x0000, 0x0000, 0x0000, 0x0000, 0x0000, 0x0000, 0x0000, 0x0000, 0x0000, 0x0000, 0x0000, 0x0820, 0x0820, 0x0000, 0x0000,   // 0x0990 (2448) pixels
0x0000, 0x0000, 0x0800, 0x0800, 0x0800, 0x0000, 0x0000, 0x0000, 0x0000, 0x0000, 0x0000, 0x0000, 0x0000, 0x0000, 0x0000, 0x0000,   // 0x09A0 (2464) pixels
0x0000, 0x0000, 0x0000, 0x0000, 0x0000, 0x0000, 0x0000, 0x0000, 0x0000, 0x0000, 0x0000, 0x0000, 0x0000, 0x0000, 0x0000, 0x0000,   // 0x09B0 (2480) pixels
0x0000, 0x0000, 0x0000, 0x0000, 0x0000, 0x0000, 0x0000, 0x0000, 0x0000, 0x0000, 0x0000, 0x0000, 0x0000, 0x0000, 0x0000, 0x0000,   // 0x09C0 (2496) pixels
0x0000, 0x0000, 0x0000, 0x0000, 0x0000, 0x0000, 0x0000, 0x0000, 0x0000, 0x0000, 0x0000, 0x0000, 0x0000, 0x0000, 0x0000, 0x0000,   // 0x09D0 (2512) pixels
0x0000, 0x0000, 0x0000, 0x0000, 0x0000, 0x0000, 0x0000, 0x0000, 0x0000, 0x0000, 0x0000, 0x0000, 0x0000, 0x0000, 0x0000, 0x0000,   // 0x09E0 (2528) pixels
0x0000, 0x0000, 0x0000, 0x0000, 0x0000, 0x0000, 0x0000, 0x0000, 0x0000, 0x0000, 0x0000, 0x0000, 0x0000, 0x0000, 0x0000, 0x0000,   // 0x09F0 (2544) pixels
0x0000, 0x0000, 0x0000, 0x0000, 0x0000, 0x0000, 0x0000, 0x0000, 0x0000, 0x0000, 0x0000, 0x0000, 0x0000, 0x0000, 0x0000, 0x0000,   // 0x0A00 (2560) pixels
0x0000, 0x0000, 0x0000, 0x0000, 0x0000, 0x0000, 0x0001, 0x0022, 0x0002, 0x0001, 0x0021, 0x0000, 0x0000, 0x0000, 0x0000, 0x0000,   // 0x0A10 (2576) pixels
0x0000, 0x0000, 0x0000, 0x0000, 0x0000, 0x0000, 0x0000, 0x0000, 0x0000, 0x0000, 0x0000, 0x0000, 0x0000, 0x0000, 0x0000, 0x0000,   // 0x0A20 (2592) pixels
0x0000, 0x0000, 0x0000, 0x0000, 0x0000, 0x0000, 0x0000, 0x0000, 0x0000, 0x0000, 0x0000, 0x0000, 0x0000, 0x0000, 0x0000, 0x0000,   // 0x0A30 (2608) pixels
0x0000, 0x0000, 0x0000, 0x0000, 0x0000, 0x0000, 0x0000, 0x0000, 0x0000, 0x0000, 0x0000, 0x0000, 0x0000, 0x0000, 0x0000, 0x0000,   // 0x0A40 (2624) pixels
0x0000, 0x0000, 0x0000, 0x0000, 0x0000, 0x0000, 0x0000, 0x0000, 0x0000, 0x0000, 0x0000, 0x0000, 0x0000, 0x0000, 0x0000, 0x0000,   // 0x0A50 (2640) pixels
0x0000, 0x0000, 0x0000, 0x0000, 0x0000, 0x0000, 0x0000, 0x0000, 0x0000, 0x0000, 0x0000, 0x0000, 0x0000, 0x0000, 0x0000, 0x0000,   // 0x0A60 (2656) pixels
0x0000, 0x0000, 0x0000, 0x0000, 0x0000, 0x0000, 0x0000, 0x0000, 0x0000, 0x0000, 0x0000, 0x0000, 0x0000, 0x0000, 0x0000, 0x0000,   // 0x0A70 (2672) pixels
0x0000, 0x0000, 0x0000, 0x0000, 0x0000, 0x0000, 0x0000, 0x0000, 0x0000, 0x0000, 0x0000, 0x0020, 0x0061, 0x00E4, 0x19A9, 0x222C,   // 0x0A80 (2688) pixels
0x226D, 0x1A0B, 0x1968, 0x0042, 0x0000, 0x10A2, 0x0041, 0x0001, 0x0020, 0x0000, 0x0000, 0x0000, 0x0000, 0x0000, 0x0000, 0x0000,   // 0x0A90 (2704) pixels
0x0000, 0x0000, 0x0000, 0x0000, 0x0000, 0x0000, 0x0000, 0x0000, 0x0000, 0x0000, 0x0000, 0x0000, 0x0000, 0x0000, 0x0000, 0x0000,   // 0x0AA0 (2720) pixels
0x0000, 0x0000, 0x0000, 0x0000, 0x0000, 0x0000, 0x0000, 0x0000, 0x0000, 0x0000, 0x0000, 0x0000, 0x0000, 0x0000, 0x0000, 0x0000,   // 0x0AB0 (2736) pixels
0x0000, 0x0000, 0x0000, 0x0000, 0x0000, 0x0000, 0x0000, 0x0000, 0x0000, 0x0000, 0x0000, 0x0000, 0x0000, 0x0000, 0x0000, 0x0000,   // 0x0AC0 (2752) pixels
0x0000, 0x0000, 0x0000, 0x0000, 0x0000, 0x0000, 0x0000, 0x0000, 0x0000, 0x0000, 0x0000, 0x0000, 0x0000, 0x0000, 0x0000, 0x0000,   // 0x0AD0 (2768) pixels
0x0000, 0x0000, 0x0000, 0x0000, 0x0000, 0x0000, 0x0000, 0x0000, 0x0000, 0x0000, 0x0000, 0x0000, 0x0000, 0x0000, 0x0000, 0x0000,   // 0x0AE0 (2784) pixels
0x0000, 0x0000, 0x0000, 0x0000, 0x0000, 0x0000, 0x0000, 0x0000, 0x0000, 0x0000, 0x0000, 0x0000, 0x0000, 0x0000, 0x0000, 0x0000,   // 0x0AF0 (2800) pixels
0x0001, 0x0041, 0x08E3, 0x2207, 0x434D, 0x53F1, 0x5413, 0x4BD4, 0x3BB5, 0x3B93, 0x3B30, 0x2A2B, 0x3A6B, 0x636F, 0x42CC, 0x21C9,   // 0x0B00 (2816) pixels
0x0861, 0x0841, 0x0000, 0x0000, 0x0000, 0x0000, 0x0000, 0x0000, 0x0000, 0x0000, 0x0000, 0x0000, 0x0000, 0x0000, 0x0000, 0x0000,   // 0x0B10 (2832) pixels
0x0000, 0x0000, 0x0000, 0x0000, 0x0000, 0x0000, 0x0000, 0x0000, 0x0000, 0x0000, 0x0000, 0x0000, 0x0000, 0x0000, 0x0000, 0x0000,   // 0x0B20 (2848) pixels
0x0000, 0x0000, 0x0000, 0x0000, 0x0000, 0x0000, 0x0000, 0x0000, 0x0000, 0x0000, 0x0000, 0x0000, 0x0000, 0x0000, 0x0000, 0x0000,   // 0x0B30 (2864) pixels
0x0000, 0x0000, 0x0000, 0x0000, 0x0000, 0x0000, 0x0000, 0x0000, 0x0000, 0x0000, 0x0000, 0x0000, 0x0000, 0x0000, 0x0000, 0x0000,   // 0x0B40 (2880) pixels
0x0000, 0x0000, 0x0000, 0x0000, 0x0000, 0x0000, 0x0000, 0x0000, 0x0000, 0x0000, 0x0000, 0x0000, 0x0000, 0x0000, 0x0000, 0x0000,   // 0x0B50 (2896) pixels
0x0000, 0x0000, 0x0000, 0x0000, 0x0000, 0x0000, 0x0000, 0x0000, 0x0000, 0x0000, 0x0000, 0x0000, 0x0000, 0x0000, 0x0000, 0x0000,   // 0x0B60 (2912) pixels
0x0000, 0x0000, 0x0000, 0x0000, 0x0000, 0x0000, 0x0000, 0x0000, 0x00C7, 0x11CA, 0x43F2, 0x7DBA, 0x5CD7, 0x5478, 0x3C17, 0x23B6,   // 0x0B70 (2928) pixels
0x2B95, 0x2B95, 0x3395, 0x3BD6, 0x4437, 0x4457, 0x4416, 0x33D5, 0x3B70, 0x330E, 0x00E5, 0x0041, 0x0040, 0x0000, 0x0000, 0x0000,   // 0x0B80 (2944) pixels
0x0001, 0x0000, 0x0000, 0x0000, 0x0000, 0x0000, 0x0000, 0x0000, 0x0000, 0x0000, 0x0000, 0x0000, 0x0000, 0x0000, 0x0000, 0x0000,   // 0x0B90 (2960) pixels
0x0000, 0x0000, 0x0000, 0x0000, 0x0000, 0x0000, 0x0000, 0x0000, 0x0000, 0x0000, 0x0000, 0x0000, 0x0000, 0x0000, 0x0000, 0x0000,   // 0x0BA0 (2976) pixels
0x0000, 0x0000, 0x0000, 0x0000, 0x0000, 0x0000, 0x0000, 0x0000, 0x0000, 0x0000, 0x0000, 0x0000, 0x0000, 0x0000, 0x0000, 0x0000,   // 0x0BB0 (2992) pixels
0x0000, 0x0000, 0x0000, 0x0000, 0x0000, 0x0000, 0x0000, 0x0000, 0x0000, 0x0000, 0x0000, 0x0000, 0x0000, 0x0000, 0x0000, 0x0000,   // 0x0BC0 (3008) pixels
0x0000, 0x0000, 0x0000, 0x0000, 0x0000, 0x0000, 0x0000, 0x0000, 0x0000, 0x0000, 0x0000, 0x0000, 0x0000, 0x0000, 0x0000, 0x0000,   // 0x0BD0 (3024) pixels
0x0000, 0x0000, 0x0000, 0x0000, 0x0000, 0x0000, 0x0000, 0x0000, 0x0000, 0x0000, 0x0000, 0x0000, 0x0000, 0x0000, 0x0000, 0x0000,   // 0x0BE0 (3040) pixels
0x19CE, 0x53F6, 0x4C77, 0x54B9, 0x3C16, 0x2B75, 0x2354, 0x2B75, 0x2B74, 0x2354, 0x2B75, 0x33D6, 0x33D6, 0x2B95, 0x3395, 0x3BF6,   // 0x0BF0 (3056) pixels
0x4C76, 0x43F3, 0x64B6, 0x53B1, 0x00A3, 0x0000, 0x0000, 0x0800, 0x0000, 0x0000, 0x0000, 0x0000, 0x0000, 0x0000, 0x0000, 0x0000,   // 0x0C00 (3072) pixels
0x0000, 0x0000, 0x0000, 0x0000, 0x0000, 0x0000, 0x0000, 0x0000, 0x0000, 0x0000, 0x0000, 0x0000, 0x0000, 0x0000, 0x0000, 0x0000,   // 0x0C10 (3088) pixels
0x0000, 0x0000, 0x0000, 0x0000, 0x0000, 0x0000, 0x0000, 0x0000, 0x0000, 0x0000, 0x0000, 0x0000, 0x0000, 0x0000, 0x0000, 0x0000,   // 0x0C20 (3104) pixels
0x0000, 0x0000, 0x0000, 0x0000, 0x0000, 0x0000, 0x0000, 0x0000, 0x0000, 0x0000, 0x0000, 0x0000, 0x0000, 0x0000, 0x0000, 0x0000,   // 0x0C30 (3120) pixels
0x0000, 0x0000, 0x0000, 0x0000, 0x0000, 0x0000, 0x0000, 0x0000, 0x0000, 0x0000, 0x0000, 0x0000, 0x0000, 0x0000, 0x0000, 0x0000,   // 0x0C40 (3136) pixels
0x0000, 0x0000, 0x0000, 0x0000, 0x0000, 0x0000, 0x0000, 0x0000, 0x0000, 0x0000, 0x0000, 0x0000, 0x0000, 0x0000, 0x0000, 0x0000,   // 0x0C50 (3152) pixels
0x0000, 0x0000, 0x0000, 0x0000, 0x0000, 0x0000, 0x0000, 0x0000, 0x19CF, 0x5C59, 0x33D7, 0x1B76, 0x1B76, 0x1B35, 0x2B54, 0x2B54,   // 0x0C60 (3168) pixels
0x2B75, 0x2334, 0x2355, 0x2B96, 0x2B75, 0x1B13, 0x2354, 0x33D6, 0x23B5, 0x2BB5, 0x6D9C, 0x5497, 0x11EB, 0x0906, 0x0000, 0x0800,   // 0x0C70 (3184) pixels
0x0000, 0x0000, 0x0000, 0x0000, 0x0000, 0x0000, 0x0000, 0x0000, 0x0000, 0x0000, 0x0000, 0x0000, 0x0000, 0x0000, 0x0000, 0x0020,   // 0x0C80 (3200) pixels
0x0000, 0x0000, 0x0000, 0x0000, 0x0000, 0x0000, 0x0000, 0x0000, 0x0000, 0x0000, 0x0000, 0x0000, 0x0000, 0x0000, 0x0000, 0x0000,   // 0x0C90 (3216) pixels
0x0000, 0x0000, 0x0000, 0x0000, 0x0000, 0x0000, 0x0000, 0x0000, 0x0000, 0x0000, 0x0000, 0x0000, 0x0000, 0x0000, 0x0000, 0x0000,   // 0x0CA0 (3232) pixels
0x0000, 0x0000, 0x0000, 0x0000, 0x0000, 0x0000, 0x0000, 0x0000, 0x0000, 0x0000, 0x0000, 0x0000, 0x0000, 0x0000, 0x0000, 0x0000,   // 0x0CB0 (3248) pixels
0x0000, 0x0000, 0x0000, 0x0000, 0x0000, 0x0000, 0x0000, 0x0000, 0x0000, 0x0000, 0x0000, 0x0000, 0x0000, 0x0000, 0x0000, 0x0000,   // 0x0CC0 (3264) pixels
0x0000, 0x0000, 0x0000, 0x0000, 0x0000, 0x0000, 0x0000, 0x0000, 0x0000, 0x0000, 0x0000, 0x0000, 0x0000, 0x0000, 0x0000, 0x0000,   // 0x0CD0 (3280) pixels
0x118C, 0x3B33, 0x2B95, 0x1B97, 0x1B97, 0x1B76, 0x33B6, 0x2B54, 0x2B76, 0x2B75, 0x2B75, 0x2B75, 0x2355, 0x2354, 0x2B75, 0x2B95,   // 0x0CE0 (3296) pixels
0x1B54, 0x1B75, 0x3418, 0x2396, 0x3374, 0x2AAF, 0x0084, 0x0883, 0x0000, 0x0000, 0x0000, 0x0020, 0x0000, 0x0000, 0x0000, 0x0000,   // 0x0CF0 (3312) pixels
0x0000, 0x0000, 0x0000, 0x0000, 0x0000, 0x0000, 0x0000, 0x0000, 0x0000, 0x0000, 0x0000, 0x0000, 0x0000, 0x0000, 0x0000, 0x0000,   // 0x0D00 (3328) pixels
0x0000, 0x0000, 0x0000, 0x0000, 0x0000, 0x0000, 0x0000, 0x0000, 0x0000, 0x0000, 0x0000, 0x0000, 0x0000, 0x0000, 0x0000, 0x0000,   // 0x0D10 (3344) pixels
0x0000, 0x0000, 0x0000, 0x0000, 0x0000, 0x0000, 0x0000, 0x0000, 0x0000, 0x0000, 0x0000, 0x0000, 0x0000, 0x0000, 0x0000, 0x0000,   // 0x0D20 (3360) pixels
0x0000, 0x0000, 0x0000, 0x0000, 0x0000, 0x0000, 0x0000, 0x0000, 0x0000, 0x0000, 0x0000, 0x0000, 0x0000, 0x0000, 0x0000, 0x0000,   // 0x0D30 (3376) pixels
0x0000, 0x0000, 0x0000, 0x0000, 0x0000, 0x0000, 0x0000, 0x0000, 0x0000, 0x0000, 0x0000, 0x0000, 0x0000, 0x0000, 0x0000, 0x0000,   // 0x0D40 (3392) pixels
0x0000, 0x0000, 0x0000, 0x0000, 0x0000, 0x0000, 0x0000, 0x0000, 0x00A4, 0x1188, 0x2B11, 0x33D5, 0x23D6, 0x1B96, 0x2376, 0x2B75,   // 0x0D50 (3408) pixels
0x2B96, 0x2B96, 0x2B75, 0x2355, 0x2B75, 0x2B96, 0x2B95, 0x2375, 0x3395, 0x2B95, 0x2376, 0x23B7, 0x33D7, 0x2B74, 0x228F, 0x19EC,   // 0x0D60 (3424) pixels
0x0020, 0x0000, 0x0000, 0x0000, 0x0000, 0x0000, 0x0000, 0x0000, 0x0000, 0x0000, 0x0000, 0x0000, 0x0000, 0x0000, 0x0000, 0x0000,   // 0x0D70 (3440) pixels
0x0000, 0x0000, 0x0000, 0x0000, 0x0000, 0x0000, 0x0000, 0x0000, 0x0000, 0x0000, 0x0000, 0x0000, 0x0000, 0x0000, 0x0000, 0x0000,   // 0x0D80 (3456) pixels
0x0000, 0x0000, 0x0000, 0x0000, 0x0000, 0x0000, 0x0000, 0x0000, 0x0000, 0x0000, 0x0000, 0x0000, 0x0000, 0x0000, 0x0000, 0x0000,   // 0x0D90 (3472) pixels
0x0000, 0x0000, 0x0000, 0x0000, 0x0000, 0x0000, 0x0000, 0x0000, 0x0000, 0x0000, 0x0000, 0x0000, 0x0000, 0x0000, 0x0000, 0x0000,   // 0x0DA0 (3488) pixels
0x0000, 0x0000, 0x0000, 0x0000, 0x0000, 0x0000, 0x0000, 0x0000, 0x0000, 0x0000, 0x0000, 0x0000, 0x0000, 0x0000, 0x0000, 0x0000,   // 0x0DB0 (3504) pixels
0x0000, 0x0000, 0x0000, 0x0000, 0x0000, 0x0000, 0x0000, 0x0000, 0x0000, 0x0000, 0x0000, 0x0000, 0x0000, 0x0000, 0x0000, 0x0000,   // 0x0DC0 (3520) pixels
0x0020, 0x0020, 0x1167, 0x1A8E, 0x33D4, 0x2BD6, 0x1B75, 0x2396, 0x2B75, 0x2B75, 0x2B95, 0x2B95, 0x2B95, 0x2B95, 0x2B95, 0x2B75,   // 0x0DD0 (3536) pixels
0x3374, 0x2B54, 0x1B34, 0x2396, 0x23B6, 0x2355, 0x33D6, 0x2313, 0x1167, 0x00A4, 0x0001, 0x0000, 0x0000, 0x0000, 0x0000, 0x0000,   // 0x0DE0 (3552) pixels
0x0000, 0x0000, 0x0000, 0x0000, 0x0000, 0x0000, 0x0000, 0x0000, 0x0000, 0x0000, 0x0000, 0x0000, 0x0000, 0x0000, 0x0000, 0x0000,   // 0x0DF0 (3568) pixels
0x0000, 0x0000, 0x0000, 0x0000, 0x0000, 0x0000, 0x0000, 0x0000, 0x0000, 0x0000, 0x0000, 0x0000, 0x0000, 0x0000, 0x0000, 0x0000,   // 0x0E00 (3584) pixels
0x0000, 0x0000, 0x0000, 0x0000, 0x0000, 0x0000, 0x0000, 0x0000, 0x0000, 0x0000, 0x0000, 0x0000, 0x0000, 0x0000, 0x0000, 0x0000,   // 0x0E10 (3600) pixels
0x0000, 0x0000, 0x0000, 0x0000, 0x0000, 0x0000, 0x0000, 0x0000, 0x0000, 0x0000, 0x0000, 0x0000, 0x0000, 0x0000, 0x0000, 0x0000,   // 0x0E20 (3616) pixels
0x0000, 0x0000, 0x0000, 0x0000, 0x0000, 0x0000, 0x0000, 0x0000, 0x0000, 0x0000, 0x0000, 0x0000, 0x0000, 0x0000, 0x0000, 0x0000,   // 0x0E30 (3632) pixels
0x0000, 0x0000, 0x0000, 0x0000, 0x0000, 0x0000, 0x0000, 0x0000, 0x0040, 0x0000, 0x0021, 0x00C6, 0x32F0, 0x3394, 0x2BB6, 0x2396,   // 0x0E40 (3648) pixels
0x2B75, 0x2375, 0x2B75, 0x2B95, 0x2B95, 0x2375, 0x2374, 0x2B95, 0x2B95, 0x2B95, 0x2354, 0x2354, 0x2B95, 0x2374, 0x2BB6, 0x2395,   // 0x0E50 (3664) pixels
0x3311, 0x11CB, 0x0064, 0x0000, 0x0000, 0x0800, 0x0000, 0x0000, 0x0861, 0x0020, 0x0020, 0x0000, 0x0000, 0x0000, 0x0000, 0x0000,   // 0x0E60 (3680) pixels
0x0000, 0x0000, 0x0000, 0x0000, 0x0000, 0x0000, 0x0000, 0x0000, 0x0000, 0x0000, 0x0000, 0x0000, 0x0000, 0x0000, 0x0000, 0x0000,   // 0x0E70 (3696) pixels
0x0000, 0x0000, 0x0000, 0x0000, 0x0000, 0x0000, 0x0000, 0x0000, 0x0000, 0x0000, 0x0000, 0x0000, 0x0000, 0x0000, 0x0000, 0x0000,   // 0x0E80 (3712) pixels
0x0000, 0x0000, 0x0000, 0x0000, 0x0000, 0x0000, 0x0000, 0x0000, 0x0000, 0x0000, 0x0000, 0x0000, 0x0000, 0x0000, 0x0000, 0x0000,   // 0x0E90 (3728) pixels
0x0000, 0x0000, 0x0000, 0x0000, 0x0000, 0x0000, 0x0000, 0x0000, 0x0000, 0x0000, 0x0000, 0x0000, 0x0000, 0x0000, 0x0000, 0x0000,   // 0x0EA0 (3744) pixels
0x0000, 0x0000, 0x0000, 0x0000, 0x0000, 0x0000, 0x0000, 0x0000, 0x0000, 0x0000, 0x0000, 0x0000, 0x0000, 0x0000, 0x0000, 0x0000,   // 0x0EB0 (3760) pixels
0x0000, 0x0800, 0x0001, 0x0002, 0x1149, 0x124F, 0x33D6, 0x2B97, 0x2B95, 0x2B95, 0x2375, 0x2B95, 0x2B95, 0x2B95, 0x2B94, 0x2374,   // 0x0EC0 (3776) pixels
0x2396, 0x2376, 0x33D6, 0x2B74, 0x2B74, 0x2B74, 0x2374, 0x2BB6, 0x4417, 0x2AD1, 0x1168, 0x0042, 0x0000, 0x0000, 0x0020, 0x0881,   // 0x0ED0 (3792) pixels
0x0000, 0x0000, 0x0000, 0x0000, 0x0000, 0x0841, 0x1082, 0x10A2, 0x1082, 0x1082, 0x0861, 0x0841, 0x0841, 0x0020, 0x0000, 0x0000,   // 0x0EE0 (3808) pixels
0x0000, 0x0000, 0x0000, 0x0000, 0x0000, 0x0000, 0x0000, 0x0000, 0x0000, 0x0000, 0x0000, 0x0000, 0x0000, 0x0000, 0x0000, 0x0000,   // 0x0EF0 (3824) pixels
0x0000, 0x0000, 0x0000, 0x0000, 0x0000, 0x0000, 0x0000, 0x0000, 0x0000, 0x0000, 0x0000, 0x0000, 0x0000, 0x0000, 0x0000, 0x0000,   // 0x0F00 (3840) pixels
0x0000, 0x0000, 0x0000, 0x0000, 0x0000, 0x0000, 0x0000, 0x0000, 0x0000, 0x0000, 0x0000, 0x0000, 0x0000, 0x0000, 0x0000, 0x0000,   // 0x0F10 (3856) pixels
0x0000, 0x0000, 0x0000, 0x0000, 0x0000, 0x0000, 0x0000, 0x0000, 0x0000, 0x0000, 0x0000, 0x0000, 0x0000, 0x0000, 0x0000, 0x0000,   // 0x0F20 (3872) pixels
0x0000, 0x0000, 0x0000, 0x0000, 0x0000, 0x0000, 0x0000, 0x0000, 0x0000, 0x0000, 0x0000, 0x0000, 0x0020, 0x0906, 0x2A6F, 0x3B15,   // 0x0F30 (3888) pixels
0x32F6, 0x3335, 0x2B75, 0x2B54, 0x2B35, 0x3376, 0x2B95, 0x1B74, 0x23B6, 0x2395, 0x2375, 0x2B75, 0x2B75, 0x2B75, 0x2B75, 0x2B75,   // 0x0F40 (3904) pixels
0x1B73, 0x3456, 0x12F0, 0x0106, 0x0000, 0x0800, 0x0000, 0x0023, 0x5229, 0x5B2E, 0x2A6C, 0x2A4B, 0x3A4A, 0x424B, 0x5370, 0x3B71,   // 0x0F50 (3920) pixels
0x4B50, 0x4350, 0x1A4D, 0x01AA, 0x1A4D, 0x222B, 0x0906, 0x0083, 0x0083, 0x00A3, 0x00C4, 0x00A3, 0x00A3, 0x08C3, 0x0061, 0x0000,   // 0x0F60 (3936) pixels
0x0000, 0x0000, 0x0000, 0x0000, 0x0000, 0x0000, 0x0020, 0x0000, 0x0000, 0x0020, 0x0000, 0x0020, 0x0041, 0x0000, 0x0001, 0x0001,   // 0x0F70 (3952) pixels
0x0020, 0x0000, 0x0000, 0x0000, 0x0000, 0x0000, 0x0820, 0x0800, 0x0000, 0x0000, 0x0000, 0x0000, 0x0000, 0x0000, 0x0000, 0x0000,   // 0x0F80 (3968) pixels
0x0000, 0x0000, 0x0000, 0x0000, 0x0000, 0x0000, 0x0000, 0x0000, 0x0000, 0x0000, 0x0000, 0x0000, 0x0000, 0x0000, 0x0000, 0x0000,   // 0x0F90 (3984) pixels
0x0000, 0x0000, 0x0000, 0x0000, 0x0000, 0x0000, 0x0000, 0x0000, 0x0000, 0x0000, 0x0000, 0x0000, 0x0000, 0x0000, 0x0000, 0x0000,   // 0x0FA0 (4000) pixels
0x0000, 0x0000, 0x0000, 0x0000, 0x0020, 0x0042, 0x08E9, 0x21EF, 0x32F5, 0x2AF4, 0x22F3, 0x22F3, 0x2AF4, 0x3335, 0x2B75, 0x2395,   // 0x0FB0 (4016) pixels
0x2395, 0x2375, 0x2375, 0x2375, 0x2B75, 0x2B75, 0x2B75, 0x2B75, 0x33B5, 0x33B6, 0x2B53, 0x228E, 0x00A4, 0x0042, 0x08C5, 0x220C,   // 0x0FC0 (4032) pixels
0x9558, 0x95BB, 0x5CB8, 0x64F9, 0x8539, 0x74B7, 0x6CF9, 0x5CFA, 0x5CDA, 0x5CFB, 0x4459, 0x33F8, 0x4459, 0x4438, 0x3353, 0x2AF1,   // 0x0FD0 (4048) pixels
0x3332, 0x2B12, 0x3332, 0x2B12, 0x3332, 0x3311, 0x1A0D, 0x0149, 0x09E9, 0x1209, 0x224B, 0x21E9, 0x0063, 0x0001, 0x0001, 0x0000,   // 0x0FE0 (4064) pixels
0x0800, 0x0800, 0x0000, 0x0000, 0x0000, 0x0000, 0x0000, 0x0000, 0x0000, 0x0000, 0x0000, 0x0021, 0x0000, 0x0000, 0x0000, 0x0000,   // 0x0FF0 (4080) pixels
0x0000, 0x0000, 0x0000, 0x0000, 0x0000, 0x0000, 0x0000, 0x0000, 0x0000, 0x0000, 0x0000, 0x0000, 0x0000, 0x0000, 0x0000, 0x0000,   // 0x1000 (4096) pixels
0x0000, 0x0000, 0x0000, 0x0000, 0x0000, 0x0000, 0x0000, 0x0000, 0x0000, 0x0000, 0x0000, 0x0000, 0x0000, 0x0000, 0x0000, 0x0000,   // 0x1010 (4112) pixels
0x0000, 0x0000, 0x0000, 0x0000, 0x0000, 0x0000, 0x0000, 0x0000, 0x0000, 0x0000, 0x0000, 0x0000, 0x0000, 0x0000, 0x0024, 0x218C,   // 0x1020 (4128) pixels
0x3AF4, 0x2AD3, 0x2293, 0x2293, 0x32B3, 0x32D4, 0x2B35, 0x2B95, 0x2375, 0x2B75, 0x2B95, 0x2B95, 0x2395, 0x2395, 0x2395, 0x2395,   // 0x1030 (4144) pixels
0x2B55, 0x2B35, 0x3BB6, 0x3B73, 0x324D, 0x4ACF, 0x326F, 0x2A91, 0x6CD9, 0x6D5C, 0x4479, 0x54DB, 0x6D5C, 0x5458, 0x3C18, 0x345A,   // 0x1040 (4160) pixels
0x343A, 0x347B, 0x347C, 0x2C7C, 0x34BD, 0x3C9B, 0x3439, 0x3C39, 0x3C5A, 0x3439, 0x343A, 0x3439, 0x3439, 0x3C39, 0x33D7, 0x33B6,   // 0x1050 (4176) pixels
0x557B, 0x5D9B, 0x761C, 0x6518, 0x1A2D, 0x0108, 0x1149, 0x08A7, 0x0800, 0x0800, 0x0820, 0x0000, 0x0000, 0x0800, 0x0000, 0x0000,   // 0x1060 (4192) pixels
0x0000, 0x0000, 0x0000, 0x0021, 0x0021, 0x0001, 0x0000, 0x0001, 0x0000, 0x0000, 0x0000, 0x0000, 0x0000, 0x0000, 0x0000, 0x0000,   // 0x1070 (4208) pixels
0x0000, 0x0000, 0x0000, 0x0000, 0x0000, 0x0000, 0x0000, 0x0000, 0x0000, 0x0000, 0x0000, 0x0000, 0x0000, 0x0000, 0x0000, 0x0000,   // 0x1080 (4224) pixels
0x0000, 0x0000, 0x0000, 0x0000, 0x0000, 0x0000, 0x0000, 0x0000, 0x0000, 0x0000, 0x0000, 0x0000, 0x0000, 0x0000, 0x0000, 0x0000,   // 0x1090 (4240) pixels
0x0020, 0x0000, 0x0000, 0x0000, 0x0000, 0x0000, 0x0002, 0x2969, 0x3291, 0x32D3, 0x2A93, 0x2A73, 0x3293, 0x32B3, 0x32F4, 0x2B55,   // 0x10A0 (4256) pixels
0x2B55, 0x2B75, 0x2B75, 0x2395, 0x2395, 0x2395, 0x2BB5, 0x2BB5, 0x2B96, 0x2B55, 0x2B35, 0x2AF2, 0x5353, 0x8CD9, 0x4AF4, 0x19B0,   // 0x10B0 (4272) pixels
0x3B74, 0x5479, 0x3C19, 0x4459, 0x5499, 0x3BD6, 0x33B7, 0x3419, 0x3418, 0x3438, 0x3459, 0x3459, 0x2C18, 0x23D7, 0x23B6, 0x2BB5,   // 0x10C0 (4288) pixels
0x2375, 0x2375, 0x23B6, 0x2396, 0x1B75, 0x1B75, 0x2394, 0x33F6, 0x4479, 0x4499, 0x551B, 0x5CFA, 0x33D5, 0x33B4, 0x4416, 0x2B53,   // 0x10D0 (4304) pixels
0x0084, 0x0084, 0x00C5, 0x0064, 0x0064, 0x0063, 0x0000, 0x0820, 0x0000, 0x0000, 0x0000, 0x0000, 0x0000, 0x0000, 0x0000, 0x0021,   // 0x10E0 (4320) pixels
0x0000, 0x0000, 0x0000, 0x0000, 0x0000, 0x0000, 0x0000, 0x0000, 0x0000, 0x0000, 0x0000, 0x0000, 0x0000, 0x0000, 0x0000, 0x0000,   // 0x10F0 (4336) pixels
0x0000, 0x0000, 0x0000, 0x0000, 0x0000, 0x0000, 0x0000, 0x0000, 0x0000, 0x0000, 0x0000, 0x0000, 0x0000, 0x0000, 0x0000, 0x0000,   // 0x1100 (4352) pixels
0x0000, 0x0000, 0x0000, 0x0000, 0x0000, 0x0000, 0x0000, 0x0000, 0x0000, 0x0000, 0x0001, 0x0000, 0x0000, 0x0000, 0x0000, 0x1083,   // 0x1110 (4368) pixels
0x196C, 0x3A92, 0x32B4, 0x3274, 0x3A93, 0x3A93, 0x32F4, 0x2B15, 0x3335, 0x2B34, 0x2314, 0x2354, 0x2375, 0x2B95, 0x2B75, 0x2B54,   // 0x1120 (4384) pixels
0x3334, 0x22B2, 0x1230, 0x1A0F, 0x4B33, 0x7458, 0x3A92, 0x2A32, 0x22D2, 0x3396, 0x3396, 0x3396, 0x3395, 0x2B34, 0x2355, 0x2396,   // 0x1130 (4400) pixels
0x2B74, 0x2B74, 0x2B95, 0x2BB5, 0x2B74, 0x2374, 0x2B73, 0x2B53, 0x3394, 0x2B74, 0x2B95, 0x2B95, 0x2B95, 0x2B74, 0x2B53, 0x3394,   // 0x1140 (4416) pixels
0x2B34, 0x2B75, 0x2B75, 0x2B95, 0x2BB5, 0x2BF6, 0x2C17, 0x2395, 0x3394, 0x2B53, 0x2B74, 0x2B53, 0x3352, 0x224D, 0x0064, 0x0002,   // 0x1150 (4432) pixels
0x0001, 0x0000, 0x0820, 0x0800, 0x0000, 0x0000, 0x0000, 0x0020, 0x0000, 0x0000, 0x0000, 0x0000, 0x0000, 0x0000, 0x0000, 0x0000,   // 0x1160 (4448) pixels
0x0000, 0x0000, 0x0000, 0x0000, 0x0000, 0x0000, 0x0000, 0x0000, 0x0000, 0x0000, 0x0000, 0x0000, 0x0000, 0x0000, 0x0000, 0x0000,   // 0x1170 (4464) pixels
0x0000, 0x0000, 0x0000, 0x0000, 0x0000, 0x0000, 0x0000, 0x0000, 0x0000, 0x0000, 0x0000, 0x0000, 0x0000, 0x0000, 0x0000, 0x0000,   // 0x1180 (4480) pixels
0x0000, 0x0000, 0x0001, 0x0000, 0x0000, 0x0000, 0x0000, 0x0000, 0x00A7, 0x3A71, 0x3AD5, 0x3274, 0x3273, 0x3292, 0x32B3, 0x2A94,   // 0x1190 (4496) pixels
0x3B15, 0x2AF4, 0x2AF4, 0x2B54, 0x3375, 0x2B54, 0x2292, 0x1210, 0x21AF, 0x19AF, 0x21F0, 0x2250, 0x3B13, 0x4BB5, 0x2AF3, 0x3375,   // 0x11A0 (4512) pixels
0x2B75, 0x2B75, 0x2B76, 0x2B96, 0x2B95, 0x2B95, 0x2B96, 0x2376, 0x2B75, 0x2B54, 0x2B75, 0x2B75, 0x2B75, 0x2B75, 0x2B95, 0x2B75,   // 0x11B0 (4528) pixels
0x3375, 0x2334, 0x2355, 0x2355, 0x2375, 0x2B75, 0x2B55, 0x3395, 0x2333, 0x2BB5, 0x2B74, 0x2354, 0x2B75, 0x2375, 0x2B75, 0x2B95,   // 0x11C0 (4544) pixels
0x2BD7, 0x23F8, 0x2C59, 0x3C9A, 0x4CFB, 0x3BF6, 0x1A2F, 0x19ED, 0x21A9, 0x0022, 0x0001, 0x0000, 0x0000, 0x0800, 0x0000, 0x0000,   // 0x11D0 (4560) pixels
0x0000, 0x0000, 0x0000, 0x0000, 0x0000, 0x0000, 0x0000, 0x0000, 0x0000, 0x0000, 0x0000, 0x0000, 0x0000, 0x0000, 0x0000, 0x0000,   // 0x11E0 (4576) pixels
0x0000, 0x0000, 0x0000, 0x0000, 0x0000, 0x0000, 0x0000, 0x0000, 0x0000, 0x0000, 0x0000, 0x0000, 0x0000, 0x0000, 0x0000, 0x0000,   // 0x11F0 (4592) pixels
0x0000, 0x0000, 0x0000, 0x0000, 0x0000, 0x0000, 0x0000, 0x0000, 0x0000, 0x0000, 0x0001, 0x0000, 0x0000, 0x0020, 0x0000, 0x0000,   // 0x1200 (4608) pixels
0x0045, 0x3A70, 0x3AD5, 0x2A94, 0x3292, 0x3271, 0x3293, 0x2A54, 0x32B4, 0x32D4, 0x3314, 0x3335, 0x3314, 0x2AB3, 0x1A10, 0x118F,   // 0x1210 (4624) pixels
0x198F, 0x2A11, 0x32D4, 0x2B14, 0x3374, 0x33B5, 0x2B95, 0x1B75, 0x2B95, 0x2354, 0x2355, 0x2B75, 0x2375, 0x2395, 0x2B95, 0x2375,   // 0x1220 (4640) pixels
0x2B96, 0x2B75, 0x2B75, 0x2B75, 0x2B75, 0x2B96, 0x2B96, 0x2376, 0x2B75, 0x2355, 0x2B96, 0x2B97, 0x2396, 0x2B96, 0x2356, 0x2B96,   // 0x1230 (4656) pixels
0x2375, 0x2BB5, 0x2354, 0x2354, 0x2B95, 0x2B75, 0x2B75, 0x3375, 0x2396, 0x2376, 0x2396, 0x2BD7, 0x33F8, 0x3418, 0x3C59, 0x54DB,   // 0x1240 (4672) pixels
0x3B94, 0x014A, 0x0085, 0x0063, 0x0000, 0x0000, 0x0000, 0x0000, 0x0000, 0x0000, 0x0000, 0x0000, 0x0000, 0x0000, 0x0000, 0x0000,   // 0x1250 (4688) pixels
0x0000, 0x0000, 0x0000, 0x0000, 0x0000, 0x0000, 0x0000, 0x0000, 0x0000, 0x0000, 0x0000, 0x0000, 0x0000, 0x0000, 0x0000, 0x0000,   // 0x1260 (4704) pixels
0x0000, 0x0000, 0x0000, 0x0000, 0x0000, 0x0000, 0x0000, 0x0000, 0x0000, 0x0000, 0x0000, 0x0000, 0x0000, 0x0000, 0x0000, 0x0000,   // 0x1270 (4720) pixels
0x0000, 0x0000, 0x0001, 0x0001, 0x0020, 0x0000, 0x0000, 0x0000, 0x0024, 0x3A50, 0x3AD5, 0x2A94, 0x32B3, 0x3292, 0x3AB3, 0x3275,   // 0x1280 (4736) pixels
0x3273, 0x32D4, 0x32F4, 0x2AD3, 0x2272, 0x2231, 0x2A31, 0x3A52, 0x22B4, 0x2AD4, 0x2B35, 0x2355, 0x2B95, 0x2375, 0x2BB6, 0x2355,   // 0x1290 (4752) pixels
0x2B74, 0x2B74, 0x3395, 0x2B75, 0x2374, 0x2B94, 0x2B74, 0x2B54, 0x2B94, 0x2B94, 0x2B94, 0x2B74, 0x2374, 0x2B95, 0x2395, 0x2395,   // 0x12A0 (4768) pixels
0x2B74, 0x2B74, 0x2B95, 0x2395, 0x2395, 0x2BB6, 0x2375, 0x2B75, 0x2B76, 0x2B76, 0x2375, 0x2B96, 0x2B95, 0x2374, 0x2B95, 0x2374,   // 0x12B0 (4784) pixels
0x3373, 0x3353, 0x3374, 0x3375, 0x2334, 0x2376, 0x2C18, 0x2C59, 0x3418, 0x12B2, 0x3311, 0x3AAE, 0x10E5, 0x0021, 0x0000, 0x0001,   // 0x12C0 (4800) pixels
0x0000, 0x0000, 0x0000, 0x0000, 0x0000, 0x0000, 0x0000, 0x0000, 0x0000, 0x0000, 0x0000, 0x0000, 0x0000, 0x0000, 0x0000, 0x0000,   // 0x12D0 (4816) pixels
0x0000, 0x0000, 0x0000, 0x0000, 0x0000, 0x0000, 0x0000, 0x0000, 0x0000, 0x0000, 0x0000, 0x0000, 0x0000, 0x0000, 0x0000, 0x0000,   // 0x12E0 (4832) pixels
0x0000, 0x0000, 0x0000, 0x0000, 0x0000, 0x0000, 0x0000, 0x0000, 0x0000, 0x0000, 0x0000, 0x0000, 0x0000, 0x0000, 0x0000, 0x0000,   // 0x12F0 (4848) pixels
0x0001, 0x322E, 0x32B3, 0x3AF5, 0x2A93, 0x3294, 0x32B4, 0x2A92, 0x4332, 0x5BF6, 0x2231, 0x2232, 0x2A53, 0x2253, 0x2A93, 0x3B14,   // 0x1300 (4864) pixels
0x2BB5, 0x2374, 0x2B95, 0x2B95, 0x2B95, 0x3395, 0x2B55, 0x3396, 0x2B75, 0x2B75, 0x2B75, 0x2B75, 0x2B75, 0x2B75, 0x2B75, 0x2B75,   // 0x1310 (4880) pixels
0x2375, 0x2B95, 0x2B95, 0x2375, 0x2B75, 0x2B95, 0x2B75, 0x2375, 0x33B4, 0x2B35, 0x2B76, 0x2BD5, 0x33B4, 0x3B95, 0x3396, 0x1B55,   // 0x1320 (4896) pixels
0x2B75, 0x2B75, 0x2B75, 0x2B75, 0x2B75, 0x2B75, 0x2B75, 0x2B75, 0x2397, 0x2396, 0x2375, 0x2B75, 0x2334, 0x2B95, 0x2B75, 0x2B75,   // 0x1330 (4912) pixels
0x1BB5, 0x23D7, 0x2356, 0x4417, 0x09AA, 0x0020, 0x0000, 0x0800, 0x0000, 0x0000, 0x0000, 0x0000, 0x0000, 0x0000, 0x0000, 0x0000,   // 0x1340 (4928) pixels
0x0000, 0x0000, 0x0000, 0x0000, 0x0000, 0x0000, 0x0000, 0x0000, 0x0000, 0x0000, 0x0000, 0x0000, 0x0000, 0x0000, 0x0000, 0x0000,   // 0x1350 (4944) pixels
0x0000, 0x0000, 0x0000, 0x0000, 0x0000, 0x0000, 0x0000, 0x0000, 0x0000, 0x0000, 0x0000, 0x0000, 0x0000, 0x0000, 0x0000, 0x0000,   // 0x1360 (4960) pixels
0x0000, 0x0000, 0x0000, 0x0000, 0x0000, 0x0000, 0x0000, 0x0000, 0x0001, 0x00A6, 0x19EF, 0x32B3, 0x3AB3, 0x3253, 0x3273, 0x2252,   // 0x1370 (4976) pixels
0x7CF9, 0x7CFB, 0x32B2, 0x2252, 0x2A94, 0x2AD4, 0x32F4, 0x3354, 0x2B95, 0x2374, 0x2B95, 0x2375, 0x2354, 0x2B75, 0x2354, 0x2355,   // 0x1380 (4992) pixels
0x2B75, 0x2B75, 0x2B75, 0x2B75, 0x2B75, 0x2B75, 0x2B75, 0x2B75, 0x2375, 0x2B95, 0x2B95, 0x2B75, 0x2B75, 0x2B95, 0x2B75, 0x2375,   // 0x1390 (5008) pixels
0x2395, 0x3BB6, 0x2AF2, 0x09CA, 0x09A9, 0x11AC, 0x2B14, 0x2BD7, 0x2B75, 0x2B75, 0x2B75, 0x2B75, 0x2B75, 0x2B75, 0x2B75, 0x2B75,   // 0x13A0 (5024) pixels
0x2B95, 0x2B75, 0x2354, 0x2B95, 0x2B74, 0x2B95, 0x2354, 0x2334, 0x1B75, 0x1B13, 0x5CD9, 0x9E5D, 0x326B, 0x0020, 0x0000, 0x0800,   // 0x13B0 (5040) pixels
0x0000, 0x0000, 0x0000, 0x0000, 0x0000, 0x0000, 0x0000, 0x0000, 0x0000, 0x0000, 0x0000, 0x0000, 0x0000, 0x0000, 0x0000, 0x0000,   // 0x13C0 (5056) pixels
0x0000, 0x0000, 0x0000, 0x0000, 0x0000, 0x0000, 0x0000, 0x0000, 0x0000, 0x0000, 0x0000, 0x0000, 0x0000, 0x0000, 0x0000, 0x0000,   // 0x13D0 (5072) pixels
0x0000, 0x0000, 0x0000, 0x0000, 0x0000, 0x0000, 0x0000, 0x0000, 0x0000, 0x0000, 0x0000, 0x0000, 0x0000, 0x0000, 0x0000, 0x0000,   // 0x13E0 (5088) pixels
0x0800, 0x0001, 0x196A, 0x42D3, 0x42F4, 0x4B14, 0x3272, 0x2A53, 0x7CFA, 0x74DA, 0x32D3, 0x2AB3, 0x2B15, 0x3335, 0x2B55, 0x2B54,   // 0x13F0 (5104) pixels
0x2B75, 0x2B75, 0x2B95, 0x2375, 0x2375, 0x2B95, 0x2395, 0x2395, 0x2B75, 0x2B75, 0x2B75, 0x2B75, 0x2B75, 0x2B75, 0x2B75, 0x2B75,   // 0x1400 (5120) pixels
0x2B75, 0x2B75, 0x2B75, 0x2B75, 0x2B75, 0x2B75, 0x2B75, 0x2B75, 0x1B96, 0x3BB6, 0x1169, 0x0001, 0x0041, 0x0043, 0x222E, 0x2B96,   // 0x1410 (5136) pixels
0x2B75, 0x2B75, 0x2B75, 0x2B75, 0x2B75, 0x2B75, 0x2B75, 0x2B75, 0x2B53, 0x3374, 0x2B54, 0x2B74, 0x2B54, 0x2B75, 0x2375, 0x2B95,   // 0x1420 (5152) pixels
0x1AD3, 0x3BB4, 0xC75F, 0xD77D, 0x29C7, 0x0000, 0x0021, 0x0000, 0x0000, 0x0000, 0x0000, 0x0000, 0x0000, 0x0000, 0x0000, 0x0000,   // 0x1430 (5168) pixels
0x0000, 0x0000, 0x0000, 0x0000, 0x0000, 0x0000, 0x0000, 0x0000, 0x0000, 0x0000, 0x0000, 0x0000, 0x0000, 0x0000, 0x0000, 0x0000,   // 0x1440 (5184) pixels
0x0000, 0x0000, 0x0000, 0x0000, 0x0000, 0x0000, 0x0000, 0x0000, 0x0000, 0x0000, 0x0000, 0x0000, 0x0000, 0x0000, 0x0000, 0x0000,   // 0x1450 (5200) pixels
0x0000, 0x0000, 0x0000, 0x0000, 0x0000, 0x0000, 0x0000, 0x0000, 0x0800, 0x0000, 0x08C6, 0x42B2, 0x5B76, 0x8CFB, 0x42D3, 0x2A53,   // 0x1460 (5216) pixels
0x3B54, 0x4BB6, 0x2AF3, 0x3335, 0x3376, 0x2B96, 0x2375, 0x2354, 0x2355, 0x2B76, 0x2B75, 0x2375, 0x2B96, 0x2395, 0x2375, 0x23B5,   // 0x1470 (5232) pixels
0x2B75, 0x2B75, 0x2B75, 0x2B75, 0x2B75, 0x2B75, 0x2B75, 0x2B75, 0x2B75, 0x2B75, 0x2B75, 0x2B75, 0x2375, 0x2B75, 0x2B75, 0x2B95,   // 0x1480 (5248) pixels
0x3418, 0x1A4E, 0x0002, 0x5ACA, 0x83AD, 0x0820, 0x0085, 0x2AD1, 0x2B95, 0x2B95, 0x2B75, 0x2B75, 0x2355, 0x2B75, 0x2B75, 0x2B75,   // 0x1490 (5264) pixels
0x2B53, 0x2B74, 0x2B74, 0x2B75, 0x2B96, 0x2396, 0x2375, 0x2375, 0x4373, 0x8D78, 0xF7FF, 0xAD74, 0x0800, 0x0000, 0x0021, 0x0000,   // 0x14A0 (5280) pixels
0x0000, 0x0000, 0x0000, 0x0000, 0x0000, 0x0000, 0x0000, 0x0000, 0x0000, 0x0000, 0x0000, 0x0000, 0x0000, 0x0000, 0x0000, 0x0000,   // 0x14B0 (5296) pixels
0x0000, 0x0000, 0x0000, 0x0000, 0x0000, 0x0000, 0x0000, 0x0000, 0x0000, 0x0000, 0x0000, 0x0000, 0x0000, 0x0000, 0x0000, 0x0000,   // 0x14C0 (5312) pixels
0x0000, 0x0000, 0x0000, 0x0000, 0x0000, 0x0000, 0x0000, 0x0000, 0x0000, 0x0000, 0x0000, 0x0000, 0x0000, 0x0000, 0x0000, 0x0000,   // 0x14D0 (5328) pixels
0x0800, 0x0860, 0x1947, 0x4B33, 0x7458, 0x9DDD, 0x4334, 0x2A94, 0x22D2, 0x3354, 0x2B34, 0x3375, 0x2B75, 0x2375, 0x2395, 0x2395,   // 0x14E0 (5344) pixels
0x2B55, 0x2B96, 0x2355, 0x2375, 0x2BB6, 0x2375, 0x1B54, 0x2395, 0x2B75, 0x2B75, 0x2B75, 0x2B75, 0x2B75, 0x2B75, 0x2B75, 0x2B75,   // 0x14F0 (5360) pixels
0x2B75, 0x2B75, 0x2B75, 0x2B75, 0x2375, 0x2375, 0x2B75, 0x2B95, 0x3BB5, 0x00E6, 0x1904, 0xD679, 0xFF7D, 0x1881, 0x0000, 0x1969,   // 0x1500 (5376) pixels
0x2B95, 0x2B95, 0x2B75, 0x2B75, 0x2B75, 0x2B75, 0x2B75, 0x2B75, 0x2B74, 0x2375, 0x2375, 0x2396, 0x23B7, 0x1B55, 0x1B34, 0x2354,   // 0x1510 (5392) pixels
0xBE9C, 0xEFFF, 0xF7BE, 0x6B0C, 0x0800, 0x1022, 0x0000, 0x0040, 0x0000, 0x0000, 0x0000, 0x0000, 0x0000, 0x0000, 0x0000, 0x0000,   // 0x1520 (5408) pixels
0x0000, 0x0000, 0x0000, 0x0000, 0x0000, 0x0000, 0x0000, 0x0000, 0x0000, 0x0000, 0x0000, 0x0000, 0x0000, 0x0000, 0x0000, 0x0000,   // 0x1530 (5424) pixels
0x0000, 0x0000, 0x0000, 0x0000, 0x0000, 0x0000, 0x0000, 0x0000, 0x0000, 0x0000, 0x0000, 0x0000, 0x0000, 0x0000, 0x0000, 0x0000,   // 0x1540 (5440) pixels
0x0000, 0x0000, 0x0000, 0x0000, 0x0000, 0x0000, 0x0000, 0x0000, 0x0000, 0x2165, 0x6412, 0x7D39, 0x855B, 0x6478, 0x3313, 0x2B15,   // 0x1550 (5456) pixels
0x2B54, 0x3395, 0x2B75, 0x2B75, 0x2354, 0x2375, 0x2395, 0x2395, 0x2375, 0x2B96, 0x2B75, 0x2B95, 0x2B95, 0x2B95, 0x2B95, 0x2B74,   // 0x1560 (5472) pixels
0x2B75, 0x2B75, 0x2B75, 0x2B75, 0x2B75, 0x2B75, 0x2B75, 0x2B75, 0x2B75, 0x2375, 0x2B75, 0x2B75, 0x2375, 0x2375, 0x2B75, 0x2BB6,   // 0x1570 (5488) pixels
0x32D0, 0x0063, 0x8430, 0xFFFF, 0xF7BF, 0x1881, 0x0000, 0x0863, 0x2B95, 0x2B75, 0x2B75, 0x2B75, 0x2B75, 0x2B75, 0x2B75, 0x2B75,   // 0x1580 (5504) pixels
0x2375, 0x2396, 0x2396, 0x1B55, 0x1B34, 0x1AD2, 0x43F5, 0x7D9B, 0xF7FF, 0xFFFF, 0xB596, 0x20C4, 0x0800, 0x0821, 0x0000, 0x0060,   // 0x1590 (5520) pixels
0x0000, 0x0000, 0x0000, 0x0000, 0x0000, 0x0000, 0x0000, 0x0000, 0x0000, 0x0000, 0x0000, 0x0000, 0x0000, 0x0000, 0x0000, 0x0000,   // 0x15A0 (5536) pixels
0x0000, 0x0000, 0x0000, 0x0000, 0x0000, 0x0000, 0x0000, 0x0000, 0x0000, 0x0000, 0x0000, 0x0000, 0x0000, 0x0000, 0x0000, 0x0000,   // 0x15B0 (5552) pixels
0x0000, 0x0000, 0x0000, 0x0000, 0x0000, 0x0000, 0x0000, 0x0000, 0x0000, 0x0000, 0x0000, 0x0000, 0x0000, 0x0000, 0x0000, 0x0841,   // 0x15C0 (5568) pixels
0x2103, 0x5B6F, 0x95DA, 0x8DDB, 0x7539, 0x3353, 0x2314, 0x2B76, 0x2B95, 0x2B75, 0x2B95, 0x2B75, 0x2354, 0x2B75, 0x2B75, 0x2355,   // 0x15D0 (5584) pixels
0x2375, 0x2375, 0x2B95, 0x2B95, 0x2333, 0x2B54, 0x3BB5, 0x22F2, 0x2B75, 0x2B75, 0x2B75, 0x2B75, 0x2B75, 0x2B75, 0x2B75, 0x2B75,   // 0x15E0 (5600) pixels
0x2B75, 0x2375, 0x2B75, 0x2B75, 0x2375, 0x2354, 0x2B75, 0x2BB6, 0x2AB0, 0x0021, 0xCE78, 0xFFDF, 0x9CF4, 0x0840, 0x0000, 0x0864,   // 0x15F0 (5616) pixels
0x2B75, 0x2B75, 0x2B75, 0x2B75, 0x2B75, 0x2B75, 0x2B75, 0x2B75, 0x2374, 0x2395, 0x2395, 0x2334, 0x3394, 0x5415, 0xA5FA, 0xE7DF,   // 0x1600 (5632) pixels
0xFFFF, 0xF79E, 0x73AF, 0x0000, 0x0000, 0x0000, 0x0000, 0x0000, 0x0000, 0x0000, 0x0000, 0x0000, 0x0000, 0x0000, 0x0000, 0x0000,   // 0x1610 (5648) pixels
0x0000, 0x0000, 0x0000, 0x0000, 0x0000, 0x0000, 0x0000, 0x0000, 0x0000, 0x0000, 0x0000, 0x0000, 0x0000, 0x0000, 0x0000, 0x0000,   // 0x1620 (5664) pixels
0x0000, 0x0000, 0x0000, 0x0000, 0x0000, 0x0000, 0x0000, 0x0000, 0x0000, 0x0000, 0x0000, 0x0000, 0x0000, 0x0000, 0x0000, 0x0000,   // 0x1630 (5680) pixels
0x0000, 0x0000, 0x0000, 0x0000, 0x0000, 0x0000, 0x0020, 0x1082, 0xADD6, 0xBE7C, 0x7D5A, 0x4C54, 0x4414, 0x2B74, 0x2B96, 0x23B6,   // 0x1640 (5696) pixels
0x2B96, 0x2355, 0x2B95, 0x2B75, 0x2354, 0x2B95, 0x3396, 0x2B55, 0x2395, 0x1B74, 0x2B95, 0x2B74, 0x1270, 0x22D1, 0x3353, 0x09CD,   // 0x1650 (5712) pixels
0x2B75, 0x2B75, 0x2B75, 0x2B75, 0x2B75, 0x2B75, 0x2B75, 0x2B75, 0x2B75, 0x2375, 0x2B75, 0x2B75, 0x2375, 0x2354, 0x2B75, 0x33B6,   // 0x1660 (5728) pixels
0x2AD1, 0x0021, 0xDEFA, 0xCE39, 0x2125, 0x0020, 0x0000, 0x0086, 0x2B75, 0x2B75, 0x2B75, 0x2B75, 0x2B75, 0x2B75, 0x2B75, 0x2B75,   // 0x1670 (5744) pixels
0x2354, 0x2354, 0x2333, 0x3374, 0x7D59, 0xBEBD, 0xEF9F, 0xFFFF, 0xFFDF, 0xBD97, 0x3187, 0x0000, 0x0040, 0x0000, 0x0821, 0x0002,   // 0x1680 (5760) pixels
0x0000, 0x0000, 0x0000, 0x0000, 0x0000, 0x0000, 0x0000, 0x0000, 0x0000, 0x0000, 0x0000, 0x0000, 0x0000, 0x0000, 0x0000, 0x0000,   // 0x1690 (5776) pixels
0x0000, 0x0000, 0x0000, 0x0000, 0x0000, 0x0000, 0x0000, 0x0000, 0x0000, 0x0000, 0x0000, 0x0000, 0x0000, 0x0000, 0x0000, 0x0000,   // 0x16A0 (5792) pixels
0x0000, 0x0000, 0x0000, 0x0000, 0x0000, 0x0000, 0x0000, 0x0000, 0x0020, 0x0000, 0x0861, 0x0000, 0x0821, 0x0000, 0x31C7, 0x4A8B,   // 0x16B0 (5808) pixels
0xAF5F, 0x8E7E, 0x3BF5, 0x2334, 0x2B96, 0x2355, 0x2B95, 0x2394, 0x2B75, 0x2B75, 0x2B75, 0x2B75, 0x2B75, 0x2B75, 0x2B75, 0x2B75,   // 0x16C0 (5824) pixels
0x2B97, 0x2B53, 0x23B7, 0x32AF, 0x0084, 0x1AF3, 0x3312, 0x1044, 0x22F2, 0x3395, 0x3374, 0x2B74, 0x2B95, 0x2B75, 0x2B75, 0x2B75,   // 0x16D0 (5840) pixels
0x2B75, 0x2B74, 0x2BB5, 0x2B74, 0x2354, 0x2B95, 0x2395, 0x2BD7, 0x326E, 0x0064, 0xAD55, 0x73F0, 0x0001, 0x0000, 0x0001, 0x0843,   // 0x16E0 (5856) pixels
0x2395, 0x2B96, 0x2B77, 0x2355, 0x2B94, 0x2B93, 0x2354, 0x2B77, 0x23B7, 0x1AF3, 0x53D4, 0xAE1A, 0xE75E, 0xFFFF, 0xFFFF, 0xFFFF,   // 0x16F0 (5872) pixels
0xFFBF, 0x6B0E, 0x0000, 0x0000, 0x0821, 0x0000, 0x0000, 0x0000, 0x0000, 0x0000, 0x0000, 0x0000, 0x0000, 0x0000, 0x0000, 0x0000,   // 0x1700 (5888) pixels
0x0000, 0x0000, 0x0000, 0x0000, 0x0000, 0x0000, 0x0000, 0x0000, 0x0000, 0x0000, 0x0000, 0x0000, 0x0000, 0x0000, 0x0000, 0x0000,   // 0x1710 (5904) pixels
0x0000, 0x0000, 0x0000, 0x0000, 0x0000, 0x0000, 0x0000, 0x0000, 0x0000, 0x0000, 0x0000, 0x0000, 0x0000, 0x0000, 0x0000, 0x0000,   // 0x1720 (5920) pixels
0x0000, 0x0000, 0x0000, 0x0841, 0x0000, 0x0062, 0xBE5A, 0xA5D8, 0x3BD3, 0x3BF5, 0x2312, 0x2334, 0x33B6, 0x2355, 0x2B95, 0x2394,   // 0x1730 (5936) pixels
0x2B75, 0x2B75, 0x2B75, 0x2B75, 0x2B75, 0x2B75, 0x2B75, 0x2B75, 0x2356, 0x2B74, 0x2BF7, 0x222D, 0x0044, 0x22F3, 0x2A90, 0x0002,   // 0x1740 (5952) pixels
0x2334, 0x2B95, 0x2B54, 0x2B54, 0x2B75, 0x2354, 0x2354, 0x2B75, 0x2375, 0x2354, 0x2375, 0x2354, 0x2374, 0x2B95, 0x2375, 0x2BB6,   // 0x1750 (5968) pixels
0x32F1, 0x0002, 0x39C7, 0x2124, 0x0000, 0x0020, 0x0001, 0x0884, 0x2375, 0x2B96, 0x2B76, 0x2BB5, 0x2374, 0x2353, 0x2B95, 0x1B14,   // 0x1760 (5984) pixels
0x1AB0, 0x7559, 0xB6BD, 0xEFFF, 0xFFFF, 0xFFFF, 0xFFFF, 0xF7BE, 0xFF9F, 0x6B0D, 0x0801, 0x0000, 0x0000, 0x0000, 0x0000, 0x0000,   // 0x1770 (6000) pixels
0x0000, 0x0000, 0x0000, 0x0000, 0x0000, 0x0000, 0x0000, 0x0000, 0x0000, 0x0000, 0x0000, 0x0000, 0x0000, 0x0000, 0x0000, 0x0000,   // 0x1780 (6016) pixels
0x0000, 0x0000, 0x0000, 0x0000, 0x0000, 0x0000, 0x0000, 0x0000, 0x0000, 0x0000, 0x0000, 0x0000, 0x0000, 0x0000, 0x0000, 0x0000,   // 0x1790 (6032) pixels
0x0000, 0x0000, 0x0000, 0x0000, 0x0000, 0x0000, 0x0000, 0x0000, 0x0000, 0x0020, 0x0000, 0x0020, 0x1903, 0x42CC, 0xB6DD, 0x9E3C,   // 0x17A0 (6048) pixels
0x1AD1, 0x2333, 0x2B54, 0x3396, 0x33B7, 0x2375, 0x2394, 0x2394, 0x2B75, 0x2B75, 0x2B75, 0x2B75, 0x2B75, 0x2B75, 0x2B75, 0x2B75,   // 0x17B0 (6064) pixels
0x2376, 0x2BB4, 0x33F7, 0x19AB, 0x00C7, 0x2B34, 0x19CC, 0x0886, 0x2B75, 0x2B95, 0x2375, 0x2B96, 0x2B96, 0x2375, 0x2B75, 0x2B95,   // 0x17C0 (6080) pixels
0x2B96, 0x2375, 0x2B96, 0x2B96, 0x2B95, 0x2B75, 0x2B75, 0x33B6, 0x3374, 0x00A6, 0x0000, 0x0000, 0x0820, 0x0800, 0x0001, 0x1148,   // 0x17D0 (6096) pixels
0x2B76, 0x2B95, 0x2B95, 0x2B95, 0x2BB6, 0x2B95, 0x2B75, 0x2B74, 0x6C94, 0xD79F, 0xF7FF, 0xFFFF, 0xFFFE, 0xFFBD, 0xFFDF, 0xFFBF,   // 0x17E0 (6112) pixels
0xBDB8, 0x41E8, 0x0000, 0x0000, 0x0000, 0x0000, 0x0000, 0x0000, 0x0000, 0x0000, 0x0000, 0x0000, 0x0000, 0x0000, 0x0000, 0x0000,   // 0x17F0 (6128) pixels
0x0000, 0x0000, 0x0000, 0x0000, 0x0000, 0x0000, 0x0000, 0x0000, 0x0000, 0x0000, 0x0000, 0x0000, 0x0000, 0x0000, 0x0000, 0x0000,   // 0x1800 (6144) pixels
0x0000, 0x0000, 0x0000, 0x0000, 0x0000, 0x0000, 0x0000, 0x0000, 0x0000, 0x0000, 0x0000, 0x0000, 0x0000, 0x0000, 0x0000, 0x0000,   // 0x1810 (6160) pixels
0x0000, 0x0000, 0x0040, 0x0020, 0x6C30, 0xA67B, 0x4414, 0x33B4, 0x2B75, 0x2B75, 0x2B76, 0x2B76, 0x2B76, 0x2375, 0x2394, 0x2B94,   // 0x1820 (6176) pixels
0x2B75, 0x2B75, 0x2B75, 0x2B75, 0x2B75, 0x2B75, 0x2B75, 0x2B75, 0x2B75, 0x2BD5, 0x2B75, 0x1109, 0x19CC, 0x3354, 0x00A7, 0x29EC,   // 0x1830 (6192) pixels
0x2BB6, 0x2B96, 0x2375, 0x2395, 0x2375, 0x2355, 0x2375, 0x2375, 0x2376, 0x2376, 0x2376, 0x2376, 0x2355, 0x2355, 0x2B75, 0x3395,   // 0x1840 (6208) pixels
0x2BD7, 0x226E, 0x0022, 0x0000, 0x1020, 0x0000, 0x0043, 0x224E, 0x3397, 0x2B75, 0x2BB4, 0x1B53, 0x2BB6, 0x2B56, 0x1AD2, 0x64D7,   // 0x1850 (6224) pixels
0xE79E, 0xF7FF, 0xFFFF, 0xF7DD, 0xFFFE, 0xFFFF, 0xFF9F, 0xFFDF, 0x630D, 0x1062, 0x0000, 0x0000, 0x0000, 0x0020, 0x0000, 0x0000,   // 0x1860 (6240) pixels
0x0000, 0x0000, 0x0000, 0x0000, 0x0000, 0x0000, 0x0000, 0x0000, 0x0000, 0x0000, 0x0000, 0x0000, 0x0000, 0x0000, 0x0000, 0x0000,   // 0x1870 (6256) pixels
0x0000, 0x0000, 0x0000, 0x0000, 0x0000, 0x0000, 0x0000, 0x0000, 0x0000, 0x0000, 0x0000, 0x0000, 0x0000, 0x0000, 0x0000, 0x0000,   // 0x1880 (6272) pixels
0x0000, 0x0000, 0x0000, 0x0000, 0x0000, 0x0000, 0x0000, 0x0000, 0x0000, 0x0000, 0x2185, 0x3289, 0x7535, 0x7DFA, 0x1B52, 0x1B54,   // 0x1890 (6288) pixels
0x2B76, 0x2355, 0x2355, 0x2355, 0x2355, 0x2B95, 0x2B75, 0x2354, 0x2B75, 0x2B75, 0x2B75, 0x2B75, 0x2B75, 0x2B75, 0x2B75, 0x2B75,   // 0x18A0 (6304) pixels
0x2355, 0x23B5, 0x2312, 0x0066, 0x226F, 0x3354, 0x0003, 0x328F, 0x2BD7, 0x2396, 0x2375, 0x2355, 0x2B75, 0x2BB6, 0x2BB5, 0x2B95,   // 0x18B0 (6320) pixels
0x2B75, 0x2B96, 0x2B76, 0x2376, 0x2355, 0x2B75, 0x2B75, 0x2B54, 0x2397, 0x3B73, 0x0907, 0x0001, 0x0000, 0x0001, 0x1169, 0x3373,   // 0x18C0 (6336) pixels
0x3376, 0x2B95, 0x2394, 0x1B94, 0x2375, 0x22F3, 0x53F4, 0xBF1E, 0xFFFF, 0xFFDE, 0xFFDE, 0xFFFF, 0xFFFF, 0xFFDF, 0xF73F, 0xC579,   // 0x18D0 (6352) pixels
0x3166, 0x0000, 0x0000, 0x0000, 0x0000, 0x0000, 0x0000, 0x0020, 0x0000, 0x0000, 0x0000, 0x0000, 0x0000, 0x0000, 0x0000, 0x0000,   // 0x18E0 (6368) pixels
0x0000, 0x0000, 0x0000, 0x0000, 0x0000, 0x0000, 0x0000, 0x0000, 0x0000, 0x0000, 0x0000, 0x0000, 0x0000, 0x0000, 0x0000, 0x0000,   // 0x18F0 (6384) pixels
0x0000, 0x0000, 0x0000, 0x0000, 0x0000, 0x0000, 0x0000, 0x0000, 0x0000, 0x0000, 0x0000, 0x0000, 0x0000, 0x0000, 0x0000, 0x0000,   // 0x1900 (6400) pixels
0x0020, 0x0041, 0x7492, 0xC79F, 0x6537, 0x2352, 0x2394, 0x2396, 0x2B76, 0x2B76, 0x2B75, 0x2B75, 0x2B95, 0x2B95, 0x2B75, 0x2354,   // 0x1910 (6416) pixels
0x2B75, 0x2B75, 0x2B75, 0x2B75, 0x2B75, 0x2B75, 0x2B75, 0x2B75, 0x2334, 0x23F6, 0x2B12, 0x0004, 0x1A50, 0x3374, 0x0002, 0x2290,   // 0x1920 (6432) pixels
0x2BD7, 0x2395, 0x2375, 0x2375, 0x33B6, 0x2BB5, 0x2354, 0x2333, 0x22F2, 0x2B54, 0x2B95, 0x2BB6, 0x2B96, 0x2375, 0x2B75, 0x2B54,   // 0x1930 (6448) pixels
0x1B76, 0x3BD6, 0x226E, 0x0929, 0x00E7, 0x0927, 0x2AD0, 0x33D6, 0x2B34, 0x2B96, 0x1B54, 0x2BD6, 0x1B33, 0x2AF1, 0xAE1B, 0xF7FF,   // 0x1940 (6464) pixels
0xFFDF, 0xFFFF, 0xFFDF, 0xFFFF, 0xFF9F, 0xF75F, 0xDE7D, 0x49CB, 0x0861, 0x0000, 0x0000, 0x0000, 0x0000, 0x0000, 0x0000, 0x0000,   // 0x1950 (6480) pixels
0x0000, 0x0000, 0x0000, 0x0000, 0x0000, 0x0000, 0x0000, 0x0000, 0x0000, 0x0000, 0x0000, 0x0000, 0x0000, 0x0000, 0x0000, 0x0000,   // 0x1960 (6496) pixels
0x0000, 0x0000, 0x0000, 0x0000, 0x0000, 0x0000, 0x0000, 0x0000, 0x0000, 0x0000, 0x0000, 0x0000, 0x0000, 0x0000, 0x0000, 0x0000,   // 0x1970 (6512) pixels
0x0000, 0x0000, 0x0000, 0x0000, 0x0000, 0x0000, 0x0000, 0x0000, 0x08E3, 0x2A49, 0x64B4, 0x96BE, 0x4477, 0x0AF2, 0x2B96, 0x2375,   // 0x1980 (6528) pixels
0x2355, 0x2B95, 0x2375, 0x2374, 0x2B75, 0x2B95, 0x2B95, 0x2B76, 0x2B75, 0x2B75, 0x2B75, 0x2B75, 0x2B75, 0x2B75, 0x2B75, 0x2B75,   // 0x1990 (6544) pixels
0x2B54, 0x2416, 0x3B32, 0x0004, 0x1A71, 0x3374, 0x0822, 0x1290, 0x33D6, 0x2395, 0x2B95, 0x2B75, 0x2B74, 0x2313, 0x2312, 0x3BF6,   // 0x19A0 (6560) pixels
0x4BD4, 0x3B93, 0x2333, 0x2374, 0x2395, 0x2375, 0x2B95, 0x2B94, 0x2BB6, 0x33B5, 0x3374, 0x22D2, 0x2B12, 0x3332, 0x33B5, 0x1B96,   // 0x19B0 (6576) pixels
0x2B54, 0x2B96, 0x1B35, 0x1B55, 0x2B73, 0x74D6, 0xE75E, 0xFFDF, 0xFFDF, 0xFFFF, 0xFFDF, 0xFFFF, 0xFFDF, 0xF75E, 0xBD78, 0x28E6,   // 0x19C0 (6592) pixels
0x0000, 0x0000, 0x0000, 0x0000, 0x0000, 0x0000, 0x0000, 0x0000, 0x0000, 0x0000, 0x0000, 0x0000, 0x0000, 0x0000, 0x0000, 0x0000,   // 0x19D0 (6608) pixels
0x0000, 0x0000, 0x0000, 0x0000, 0x0000, 0x0000, 0x0000, 0x0000, 0x0000, 0x0000, 0x0000, 0x0000, 0x0000, 0x0000, 0x0000, 0x0000,   // 0x19E0 (6624) pixels
0x0000, 0x0000, 0x0000, 0x0000, 0x0000, 0x0000, 0x0000, 0x0000, 0x0000, 0x0000, 0x0000, 0x0000, 0x0000, 0x0000, 0x0000, 0x0000,   // 0x19F0 (6640) pixels
0x42EB, 0xC77E, 0x64F7, 0x1311, 0x1B95, 0x23B6, 0x2355, 0x2B75, 0x2374, 0x2BB5, 0x2374, 0x2374, 0x2B74, 0x2B75, 0x2B75, 0x2B55,   // 0x1A00 (6656) pixels
0x2B75, 0x2B75, 0x2B75, 0x2B75, 0x2B75, 0x2B75, 0x2B75, 0x2B75, 0x2B74, 0x1BF6, 0x3311, 0x0804, 0x1AB2, 0x3354, 0x0802, 0x1290,   // 0x1A10 (6672) pixels
0x2BB6, 0x2375, 0x2B95, 0x2B74, 0x2B74, 0x2B53, 0x4C57, 0x967F, 0xB73F, 0x755A, 0x2B53, 0x1313, 0x1B75, 0x1B54, 0x2375, 0x2374,   // 0x1A20 (6688) pixels
0x2374, 0x2353, 0x33D7, 0x2376, 0x33D7, 0x3395, 0x2B95, 0x1B96, 0x3394, 0x2335, 0x2377, 0x0AD3, 0x54B7, 0xDFFF, 0xFFFF, 0xFFBE,   // 0x1A30 (6704) pixels
0xFFFF, 0xF7DF, 0xFFFF, 0xFFBF, 0xFFDF, 0xCE18, 0x5229, 0x0800, 0x0000, 0x0020, 0x0000, 0x0000, 0x0000, 0x0000, 0x0000, 0x0000,   // 0x1A40 (6720) pixels
0x0000, 0x0000, 0x0000, 0x0000, 0x0000, 0x0000, 0x0000, 0x0000, 0x0000, 0x0000, 0x0000, 0x0000, 0x0000, 0x0000, 0x0000, 0x0000,   // 0x1A50 (6736) pixels
0x0000, 0x0000, 0x0000, 0x0000, 0x0000, 0x0000, 0x0000, 0x0000, 0x0000, 0x0000, 0x0000, 0x0000, 0x0000, 0x0000, 0x0000, 0x0000,   // 0x1A60 (6752) pixels
0x0000, 0x0041, 0x0000, 0x0020, 0x0800, 0x1000, 0x0000, 0x29E8, 0x4475, 0x6D9B, 0x3C16, 0x1B14, 0x2B76, 0x2356, 0x2355, 0x2B75,   // 0x1A70 (6768) pixels
0x2B75, 0x2B75, 0x2B75, 0x2B75, 0x2B75, 0x2B75, 0x2B75, 0x2B75, 0x2B75, 0x2B75, 0x2B75, 0x2B75, 0x2B75, 0x2B75, 0x2B75, 0x2B75,   // 0x1A80 (6784) pixels
0x2B55, 0x33F7, 0x2B12, 0x0004, 0x2250, 0x3394, 0x0023, 0x2290, 0x1BD4, 0x23D6, 0x2355, 0x22F1, 0x5C33, 0xAE59, 0xC67A, 0xFFFF,   // 0x1A90 (6800) pixels
0xEFFF, 0xCF1D, 0x84D5, 0x7CB5, 0x7D39, 0x4415, 0x1B53, 0x1354, 0x2B94, 0x2B95, 0x2376, 0x2376, 0x2B97, 0x2B96, 0x2B74, 0x2B53,   // 0x1AA0 (6816) pixels
0x1334, 0x2BB5, 0x6D19, 0x7CF6, 0xC6BC, 0xFFFF, 0xFFFF, 0xFFFF, 0xFFFF, 0xFFDF, 0xFFDF, 0xFF3F, 0xF6FF, 0xB557, 0x0862, 0x0020,   // 0x1AB0 (6832) pixels
0x0000, 0x0000, 0x0000, 0x0000, 0x0000, 0x0000, 0x0000, 0x0000, 0x0000, 0x0000, 0x0000, 0x0000, 0x0000, 0x0000, 0x0000, 0x0000,   // 0x1AC0 (6848) pixels
0x0000, 0x0000, 0x0000, 0x0000, 0x0000, 0x0000, 0x0000, 0x0000, 0x0000, 0x0000, 0x0000, 0x0000, 0x0000, 0x0000, 0x0000, 0x0000,   // 0x1AD0 (6864) pixels
0x0000, 0x0000, 0x0000, 0x0000, 0x0000, 0x0000, 0x0000, 0x0000, 0x0000, 0x0000, 0x0041, 0x0000, 0x0000, 0x0000, 0x0042, 0x9597,   // 0x1AE0 (6880) pixels
0x75FB, 0x2373, 0x1B13, 0x2B96, 0x2B76, 0x2B76, 0x2B75, 0x2B75, 0x2B75, 0x2B75, 0x2B75, 0x2B75, 0x2B75, 0x2B75, 0x2B75, 0x2B75,   // 0x1AF0 (6896) pixels
0x2B75, 0x2B75, 0x2B75, 0x2B75, 0x2B75, 0x2B75, 0x2B75, 0x2B75, 0x2B55, 0x2BD6, 0x2B12, 0x0004, 0x2250, 0x3374, 0x0003, 0x1A6F,   // 0x1B00 (6912) pixels
0x2C16, 0x2395, 0x2314, 0x43D5, 0x9DFA, 0xEFFF, 0xFFFF, 0xFFFF, 0xF7FF, 0xF7FF, 0xF7FF, 0xEFDF, 0xE7BF, 0x95DA, 0x2B10, 0x3393,   // 0x1B10 (6928) pixels
0x2B94, 0x2354, 0x2376, 0x2376, 0x2356, 0x2375, 0x2B74, 0x33B5, 0x22F1, 0x64B7, 0xD7BF, 0xEFFF, 0xFFFF, 0xFFFF, 0xFFFF, 0xFFFF,   // 0x1B20 (6944) pixels
0xFFFF, 0xFFFF, 0xFFBF, 0xFF9F, 0xB537, 0x41C9, 0x0001, 0x0000, 0x0000, 0x0000, 0x0000, 0x0000, 0x0000, 0x0000, 0x0000, 0x0000,   // 0x1B30 (6960) pixels
0x0000, 0x0000, 0x0000, 0x0000, 0x0000, 0x0000, 0x0000, 0x0000, 0x0000, 0x0000, 0x0000, 0x0000, 0x0000, 0x0000, 0x0000, 0x0000,   // 0x1B40 (6976) pixels
0x0000, 0x0000, 0x0000, 0x0000, 0x0000, 0x0000, 0x0000, 0x0000, 0x0000, 0x0000, 0x0000, 0x0000, 0x0000, 0x0000, 0x0000, 0x0000,   // 0x1B50 (6992) pixels
0x0000, 0x0000, 0x0000, 0x0000, 0x0000, 0x2145, 0x6C52, 0x85F9, 0x54D9, 0x12F2, 0x2334, 0x33B6, 0x2B55, 0x2B75, 0x2354, 0x2B94,   // 0x1B60 (7008) pixels
0x2B75, 0x2B75, 0x2B75, 0x2B75, 0x2B75, 0x2B75, 0x2B75, 0x2B75, 0x2B75, 0x2B75, 0x2B75, 0x2B75, 0x2B75, 0x2B75, 0x2B75, 0x2B75,   // 0x1B70 (7024) pixels
0x2B75, 0x2BD6, 0x2B12, 0x0824, 0x2250, 0x2B74, 0x0003, 0x1A6F, 0x23B6, 0x2376, 0x2B34, 0x7D3A, 0xE7DF, 0xF7FF, 0xFFFF, 0xFFBF,   // 0x1B80 (7040) pixels
0xFFFF, 0xFFFE, 0xFFBE, 0xFFFF, 0xFFFF, 0xE77F, 0xAE5B, 0xC71E, 0x5CB7, 0x3373, 0x3374, 0x43F6, 0x33B5, 0x3373, 0x64B8, 0xA6FF,   // 0x1B90 (7056) pixels
0xAE5B, 0xC6BC, 0xFFFF, 0xFFFF, 0xFFFF, 0xFFFE, 0xFFFF, 0xFFFF, 0xFFFF, 0xF7BF, 0xFFBF, 0xEEDD, 0x8BF1, 0x0001, 0x0000, 0x0020,   // 0x1BA0 (7072) pixels
0x0000, 0x0000, 0x0000, 0x0000, 0x0000, 0x0000, 0x0000, 0x0000, 0x0000, 0x0000, 0x0000, 0x0000, 0x0000, 0x0000, 0x0000, 0x0000,   // 0x1BB0 (7088) pixels
0x0000, 0x0000, 0x0000, 0x0000, 0x0000, 0x0000, 0x0000, 0x0000, 0x0000, 0x0000, 0x0000, 0x0000, 0x0000, 0x0000, 0x0000, 0x0000,   // 0x1BC0 (7104) pixels
0x0000, 0x0000, 0x0000, 0x0000, 0x0000, 0x0000, 0x0000, 0x0000, 0x0000, 0x0020, 0x0000, 0x1040, 0x0000, 0x3A8A, 0xBFBF, 0x54F6,   // 0x1BD0 (7120) pixels
0x1B13, 0x33D6, 0x33B6, 0x2B75, 0x2B75, 0x2B75, 0x2B94, 0x2373, 0x2B75, 0x2B75, 0x2B75, 0x2B75, 0x2B75, 0x2B75, 0x2B75, 0x2B75,   // 0x1BE0 (7136) pixels
0x2B75, 0x2B75, 0x2B75, 0x2B75, 0x2B75, 0x2B75, 0x2B75, 0x2B75, 0x2B75, 0x2BF6, 0x2B12, 0x0824, 0x2270, 0x2B74, 0x0003, 0x2290,   // 0x1BF0 (7152) pixels
0x3418, 0x2B96, 0x2291, 0x959A, 0xF7FF, 0xA554, 0x840F, 0x8C31, 0x8C0F, 0x8C0F, 0x83CE, 0xEF3B, 0xFFFF, 0xF7BE, 0xFFFF, 0xF7FF,   // 0x1C00 (7168) pixels
0xCF3E, 0xB65B, 0xB67C, 0xBEBD, 0xAE5B, 0xAE5A, 0xCF1D, 0xF7FF, 0xFFFF, 0xF7DF, 0xFFFF, 0xFFBE, 0xFFDE, 0xFFFF, 0xFFFF, 0xFFFF,   // 0x1C10 (7184) pixels
0xFFFF, 0xFFFF, 0xF79F, 0x7B8F, 0x3988, 0x0000, 0x0000, 0x0020, 0x0000, 0x0000, 0x0000, 0x0000, 0x0000, 0x0000, 0x0000, 0x0000,   // 0x1C20 (7200) pixels
0x0000, 0x0000, 0x0000, 0x0000, 0x0000, 0x0000, 0x0000, 0x0000, 0x0000, 0x0000, 0x0000, 0x0000, 0x0000, 0x0000, 0x0000, 0x0000,   // 0x1C30 (7216) pixels
0x0000, 0x0000, 0x0000, 0x0000, 0x0000, 0x0000, 0x0000, 0x0000, 0x0000, 0x0000, 0x0000, 0x0000, 0x0000, 0x0000, 0x0000, 0x0000,   // 0x1C40 (7232) pixels
0x0020, 0x0000, 0x0820, 0x0000, 0x29E8, 0x6473, 0x75BA, 0x3435, 0x2334, 0x2B96, 0x2355, 0x2B75, 0x2B75, 0x2354, 0x33B5, 0x2353,   // 0x1C50 (7248) pixels
0x2B75, 0x2B75, 0x2B75, 0x2B75, 0x2B75, 0x2B75, 0x2B75, 0x2B75, 0x2B75, 0x2B75, 0x2B75, 0x2B75, 0x2B75, 0x2B75, 0x2B75, 0x2B75,   // 0x1C60 (7264) pixels
0x2B75, 0x2BF7, 0x2B12, 0x0003, 0x2270, 0x3374, 0x0003, 0x2290, 0x2BD8, 0x2335, 0x4374, 0xCEFF, 0xEF9E, 0x4227, 0x0840, 0x0841,   // 0x1C70 (7280) pixels
0x0861, 0x0000, 0x0840, 0xB595, 0xFFBE, 0xFFFF, 0xFFFF, 0xFFFF, 0xFFFF, 0xF7DE, 0xFFFF, 0xFFFF, 0xFFFF, 0xFFFF, 0xFFFF, 0xFFDE,   // 0x1C80 (7296) pixels
0xFFDF, 0xFFDE, 0xFFFF, 0xFFFF, 0xFFFF, 0xFFFF, 0xFFFF, 0xF7FF, 0xFFFF, 0xF7BE, 0xC618, 0x20E4, 0x0000, 0x0021, 0x0000, 0x0000,   // 0x1C90 (7312) pixels
0x0000, 0x0000, 0x0000, 0x0000, 0x0000, 0x0000, 0x0000, 0x0000, 0x0000, 0x0000, 0x0000, 0x0000, 0x0000, 0x0000, 0x0000, 0x0000,   // 0x1CA0 (7328) pixels
0x0000, 0x0000, 0x0000, 0x0000, 0x0000, 0x0000, 0x0000, 0x0000, 0x0000, 0x0000, 0x0000, 0x0000, 0x0000, 0x0000, 0x0000, 0x0000,   // 0x1CB0 (7344) pixels
0x0000, 0x0000, 0x0000, 0x0000, 0x0000, 0x0000, 0x0000, 0x0000, 0x0000, 0x0000, 0x0000, 0x0000, 0x7D36, 0x9EDE, 0x2372, 0x2394,   // 0x1CC0 (7360) pixels
0x2B96, 0x2355, 0x2355, 0x2B75, 0x2B75, 0x2B75, 0x2374, 0x2B74, 0x2B75, 0x2B75, 0x2B75, 0x2B75, 0x2B75, 0x2B75, 0x2B75, 0x2B75,   // 0x1CD0 (7376) pixels
0x2B75, 0x2B75, 0x2B75, 0x2B75, 0x2B75, 0x2B75, 0x2B75, 0x2B75, 0x2355, 0x2BF6, 0x2312, 0x0003, 0x1A50, 0x2B94, 0x0003, 0x1A70,   // 0x1CE0 (7392) pixels
0x1BB7, 0x1AF3, 0x7D19, 0xEFDF, 0x9CD2, 0x0000, 0x0000, 0x0000, 0x2966, 0x5AEC, 0x4A6A, 0x31A6, 0x52AA, 0xEF9E, 0xFFFF, 0xFFFF,   // 0x1CF0 (7408) pixels
0xFFFF, 0xFFFF, 0xFFFF, 0xFFFF, 0xFFFF, 0xFFFE, 0xFFFE, 0xFFFF, 0xFFFF, 0xFFFF, 0xFFFF, 0xF7DF, 0xF7FF, 0xF7FF, 0xFFFF, 0xF7FF,   // 0x1D00 (7424) pixels
0xFFFF, 0x9CF3, 0x39C7, 0x0000, 0x0000, 0x0000, 0x0020, 0x0000, 0x0000, 0x0000, 0x0000, 0x0000, 0x0000, 0x0000, 0x0000, 0x0000,   // 0x1D10 (7440) pixels
0x0000, 0x0000, 0x0000, 0x0000, 0x0000, 0x0000, 0x0000, 0x0000, 0x0000, 0x0000, 0x0000, 0x0000, 0x0000, 0x0000, 0x0000, 0x0000,   // 0x1D20 (7456) pixels
0x0000, 0x0000, 0x0000, 0x0000, 0x0000, 0x0000, 0x0000, 0x0000, 0x0000, 0x0000, 0x0000, 0x0000, 0x0000, 0x0000, 0x0000, 0x0000,   // 0x1D30 (7472) pixels
0x0000, 0x0840, 0x0020, 0x328B, 0x965B, 0x6DBB, 0x1B53, 0x2354, 0x2355, 0x2B75, 0x2B96, 0x2354, 0x2B75, 0x2B95, 0x2334, 0x2B96,   // 0x1D40 (7488) pixels
0x2B75, 0x2B75, 0x2B75, 0x2B75, 0x2B75, 0x2B75, 0x2B75, 0x2B75, 0x2B75, 0x2B75, 0x2B75, 0x2B75, 0x2B75, 0x2B75, 0x2B75, 0x2B75,   // 0x1D50 (7504) pixels
0x2355, 0x2BD6, 0x2B52, 0x0024, 0x1A4F, 0x33B5, 0x0864, 0x1A6F, 0x23F7, 0x12D1, 0x95FB, 0xF7FF, 0x6B2B, 0x0000, 0x0020, 0x0000,   // 0x1D60 (7520) pixels
0x9CD4, 0xE73D, 0xDF1C, 0x6B8D, 0x0020, 0x5AEC, 0x5AEC, 0x6B6E, 0xEF5D, 0xFFFF, 0xFFFF, 0xFFFF, 0xFFFF, 0xFFFF, 0xFFFF, 0xFFDF,   // 0x1D70 (7536) pixels
0xFFFF, 0xFFFF, 0xFFFF, 0xFFFF, 0xFFFF, 0xFFFF, 0xFFFF, 0xF7BD, 0xE6FC, 0x630C, 0x0000, 0x0000, 0x0040, 0x0000, 0x0020, 0x0000,   // 0x1D80 (7552) pixels
0x0000, 0x0000, 0x0000, 0x0000, 0x0000, 0x0000, 0x0000, 0x0000, 0x0000, 0x0000, 0x0000, 0x0000, 0x0000, 0x0000, 0x0000, 0x0000,   // 0x1D90 (7568) pixels
0x0000, 0x0000, 0x0000, 0x0000, 0x0000, 0x0000, 0x0000, 0x0000, 0x0000, 0x0000, 0x0000, 0x0000, 0x0000, 0x0000, 0x0000, 0x0000,   // 0x1DA0 (7584) pixels
0x0000, 0x0000, 0x0000, 0x0000, 0x0000, 0x0000, 0x0000, 0x0000, 0x0000, 0x0000, 0x0000, 0x8536, 0x8E7D, 0x1353, 0x2375, 0x2B55,   // 0x1DB0 (7600) pixels
0x2B95, 0x2B75, 0x2354, 0x2B75, 0x2B75, 0x2B75, 0x2B96, 0x2B76, 0x2B75, 0x2B75, 0x2B75, 0x2B75, 0x2B75, 0x2B75, 0x2B75, 0x2B75,   // 0x1DC0 (7616) pixels
0x2B75, 0x2B75, 0x2B75, 0x2B75, 0x2B75, 0x2B75, 0x2B75, 0x2B75, 0x2375, 0x23D6, 0x3373, 0x0885, 0x1A50, 0x3BD5, 0x10A5, 0x1A4F,   // 0x1DD0 (7632) pixels
0x1BD7, 0x12F1, 0xA67C, 0xF7FF, 0x630A, 0x0800, 0x0000, 0x0001, 0xBD96, 0xFFDF, 0xFFFF, 0xBDD6, 0x0000, 0x0000, 0x0000, 0x0000,   // 0x1DE0 (7648) pixels
0x94B3, 0x9CF4, 0x9CF3, 0xCE79, 0xFFFF, 0xFFFF, 0xFFFF, 0xFFDF, 0xFFFF, 0xFFFF, 0xFFFF, 0xFFFF, 0xFFFF, 0xFFFE, 0xFFBD, 0xD657,   // 0x1DF0 (7664) pixels
0x3186, 0x10A2, 0x0000, 0x0020, 0x0000, 0x0020, 0x0000, 0x0000, 0x0000, 0x0000, 0x0000, 0x0000, 0x0000, 0x0000, 0x0000, 0x0000,   // 0x1E00 (7680) pixels
0x0000, 0x0000, 0x0000, 0x0000, 0x0000, 0x0000, 0x0000, 0x0000, 0x0000, 0x0000, 0x0000, 0x0000, 0x0000, 0x0000, 0x0000, 0x0000,   // 0x1E10 (7696) pixels
0x0000, 0x0000, 0x0000, 0x0000, 0x0000, 0x0000, 0x0000, 0x0000, 0x0000, 0x0000, 0x0000, 0x0000, 0x0020, 0x0000, 0x0000, 0x0800,   // 0x1E20 (7712) pixels
0x0020, 0x0041, 0x43D1, 0x75BA, 0x4456, 0x12D1, 0x33B6, 0x2B76, 0x2B75, 0x2B75, 0x2B75, 0x2B75, 0x2B75, 0x2B75, 0x2B75, 0x2B75,   // 0x1E30 (7728) pixels
0x2B75, 0x2B75, 0x2B75, 0x2B75, 0x2B75, 0x2B75, 0x2B75, 0x2B75, 0x2B75, 0x2B75, 0x2B75, 0x2B75, 0x2B75, 0x2B75, 0x2B75, 0x2B75,   // 0x1E40 (7744) pixels
0x3373, 0x1B55, 0x33B7, 0x118A, 0x1129, 0x3B54, 0x018C, 0x1128, 0x3332, 0x6455, 0xDF9F, 0xFFFF, 0x62EB, 0x0000, 0x0000, 0x0000,   // 0x1E50 (7760) pixels
0xCD77, 0xFFFF, 0x9D34, 0x4208, 0x3165, 0x94F2, 0x9491, 0xA492, 0x4208, 0x18C3, 0x0861, 0x5ACB, 0xDEDB, 0xC618, 0xF79E, 0xFFFF,   // 0x1E60 (7776) pixels
0xFFFF, 0xFFDF, 0xFFFF, 0xFFDF, 0xFFFF, 0xFFDF, 0xFFFF, 0x9CD3, 0x0000, 0x0000, 0x0000, 0x0000, 0x0000, 0x0000, 0x0000, 0x0000,   // 0x1E70 (7792) pixels
0x0000, 0x0000, 0x0000, 0x0000, 0x0000, 0x0000, 0x0000, 0x0000, 0x0000, 0x0000, 0x0000, 0x0000, 0x0000, 0x0000, 0x0000, 0x0000,   // 0x1E80 (7808) pixels
0x0000, 0x0000, 0x0000, 0x0000, 0x0000, 0x0000, 0x0000, 0x0000, 0x0000, 0x0000, 0x0000, 0x0000, 0x0000, 0x0000, 0x0000, 0x0000,   // 0x1E90 (7824) pixels
0x0000, 0x0020, 0x0020, 0x0000, 0x0000, 0x0000, 0x0000, 0x0800, 0x0000, 0x00A2, 0xAEFE, 0x6D7A, 0x0AB0, 0x2B74, 0x2B54, 0x2B76,   // 0x1EA0 (7840) pixels
0x2B75, 0x2B75, 0x2B75, 0x2B75, 0x2B75, 0x2B75, 0x2B75, 0x2B75, 0x2B75, 0x2B75, 0x2B75, 0x2B75, 0x2B75, 0x2B75, 0x2B75, 0x2B75,   // 0x1EB0 (7856) pixels
0x2B75, 0x2B75, 0x2B75, 0x2B75, 0x2B75, 0x2B75, 0x2B75, 0x2B75, 0x2B74, 0x23B6, 0x33D6, 0x224E, 0x00A7, 0x3B32, 0x224E, 0x0002,   // 0x1EC0 (7872) pixels
0x8D79, 0xBEBD, 0xF7FF, 0xFFFF, 0x6B2C, 0x0800, 0x0000, 0x0000, 0xAD35, 0xC679, 0x2165, 0x0000, 0x5ACA, 0xF7FF, 0xFFFF, 0xF7FF,   // 0x1ED0 (7888) pixels
0x39C7, 0x1082, 0x2945, 0x18C3, 0x39C7, 0x4A49, 0x73AE, 0xD6BA, 0xEF7D, 0xFFFF, 0xFFDF, 0xFFDF, 0xFFFF, 0xFFFF, 0xBDD7, 0x3186,   // 0x1EE0 (7904) pixels
0x0000, 0x0000, 0x0000, 0x0000, 0x0000, 0x0000, 0x0000, 0x0000, 0x0000, 0x0000, 0x0000, 0x0000, 0x0000, 0x0000, 0x0000, 0x0000,   // 0x1EF0 (7920) pixels
0x0000, 0x0000, 0x0000, 0x0000, 0x0000, 0x0000, 0x0000, 0x0000, 0x0000, 0x0000, 0x0000, 0x0000, 0x0000, 0x0000, 0x0000, 0x0000,   // 0x1F00 (7936) pixels
0x0000, 0x0000, 0x0000, 0x0000, 0x0000, 0x0000, 0x0000, 0x0000, 0x0000, 0x0000, 0x0000, 0x0000, 0x0020, 0x0000, 0x0000, 0x0000,   // 0x1F10 (7952) pixels
0x1060, 0x42AA, 0xA6DE, 0x4477, 0x024F, 0x2B95, 0x2B54, 0x2B75, 0x2B75, 0x2B75, 0x2B75, 0x2B75, 0x2B75, 0x2B75, 0x2B75, 0x2B75,   // 0x1F20 (7968) pixels
0x2B75, 0x2B75, 0x2B75, 0x2B75, 0x2B75, 0x2B75, 0x2B75, 0x2B75, 0x2B75, 0x2B75, 0x2B75, 0x2B75, 0x2B75, 0x2B75, 0x2B75, 0x2B75,   // 0x1F30 (7984) pixels
0x2375, 0x2B95, 0x3375, 0x2B13, 0x01AD, 0x8D7A, 0xA5D9, 0x426A, 0xCEFD, 0xF7FF, 0xFFFF, 0xFFFF, 0x62EC, 0x0000, 0x0000, 0x0000,   // 0x1F40 (8000) pixels
0x2A07, 0x3A28, 0x0000, 0x0000, 0x52AA, 0xFFFF, 0xE77D, 0x8491, 0x31A6, 0xA534, 0xB5B6, 0xB596, 0x18C3, 0x0000, 0x0000, 0x3186,   // 0x1F50 (8016) pixels
0x6B4D, 0x6B6D, 0x5AEB, 0x7BCF, 0x8C51, 0x94B2, 0x528A, 0x0000, 0x0000, 0x0000, 0x0000, 0x0000, 0x0000, 0x0000, 0x0000, 0x0000,   // 0x1F60 (8032) pixels
0x0000, 0x0000, 0x0000, 0x0000, 0x0000, 0x0000, 0x0000, 0x0000, 0x0000, 0x0000, 0x0000, 0x0000, 0x0000, 0x0000, 0x0000, 0x0000,   // 0x1F70 (8048) pixels
0x0000, 0x0000, 0x0000, 0x0000, 0x0000, 0x0000, 0x0000, 0x0000, 0x0000, 0x0000, 0x0000, 0x0000, 0x0000, 0x0000, 0x0000, 0x0000,   // 0x1F80 (8064) pixels
0x0000, 0x0000, 0x0000, 0x0000, 0x0020, 0x0000, 0x0000, 0x0000, 0x4206, 0xBE9A, 0x5C96, 0x2373, 0x2395, 0x2374, 0x2B95, 0x2B75,   // 0x1F90 (8080) pixels
0x2B75, 0x2B75, 0x2B75, 0x2B75, 0x2B75, 0x2B75, 0x2B75, 0x2B75, 0x2B75, 0x2B75, 0x2B75, 0x2B75, 0x2B75, 0x2B75, 0x2B75, 0x2B75,   // 0x1FA0 (8096) pixels
0x2B75, 0x2B75, 0x2B75, 0x2B75, 0x2B75, 0x2B75, 0x2B75, 0x2B75, 0x2376, 0x2B55, 0x2B54, 0x2355, 0x2B74, 0xBF1F, 0xF7FF, 0xCE59,   // 0x1FB0 (8112) pixels
0xF7BE, 0xFFFF, 0xFFFF, 0xFFFF, 0x528A, 0x0000, 0x0841, 0x0000, 0x0020, 0x1000, 0x0800, 0x0040, 0x52EB, 0xFFDF, 0x9452, 0x0000,   // 0x1FC0 (8128) pixels
0x18E3, 0xFFFF, 0xFFFF, 0xFFDF, 0x4208, 0x528A, 0x6B6D, 0x632C, 0x2124, 0x0000, 0x0000, 0x0000, 0x0020, 0x1082, 0x0841, 0x0000,   // 0x1FD0 (8144) pixels
0x0000, 0x0000, 0x0000, 0x0000, 0x0000, 0x0000, 0x0000, 0x0000, 0x0000, 0x0000, 0x0000, 0x0000, 0x0000, 0x0000, 0x0000, 0x0000,   // 0x1FE0 (8160) pixels
0x0000, 0x0000, 0x0000, 0x0000, 0x0000, 0x0000, 0x0000, 0x0000, 0x0000, 0x0000, 0x0000, 0x0000, 0x0000, 0x0000, 0x0000, 0x0000,   // 0x1FF0 (8176) pixels
0x0000, 0x0000, 0x0000, 0x0000, 0x0000, 0x0000, 0x0000, 0x0000, 0x0000, 0x0000, 0x0020, 0x0000, 0x0000, 0x0000, 0x0020, 0x0000,   // 0x2000 (8192) pixels
0x4248, 0xEFFF, 0x3BD4, 0x12F2, 0x2BB6, 0x2B95, 0x2B54, 0x2B75, 0x2B75, 0x2B75, 0x2B75, 0x2B75, 0x2B75, 0x2B75, 0x2B75, 0x2B75,   // 0x2010 (8208) pixels
0x2B75, 0x2B75, 0x2B75, 0x2B75, 0x2B75, 0x2B75, 0x2B75, 0x2B75, 0x2B75, 0x2B75, 0x2B75, 0x2B75, 0x2B75, 0x2B75, 0x2B75, 0x2B75,   // 0x2020 (8224) pixels
0x2377, 0x2B55, 0x3395, 0x1B55, 0x2395, 0x7518, 0xDF3D, 0xFFDE, 0xFFFF, 0xFFFF, 0xFFFF, 0xFFFF, 0x8430, 0x0020, 0x0000, 0x0000,   // 0x2030 (8240) pixels
0x4822, 0x7804, 0x5023, 0x0000, 0x3A68, 0xAD35, 0x3146, 0x0000, 0x2124, 0xFFDF, 0xF79E, 0x73AE, 0x2124, 0xC618, 0xFFFF, 0xE73C,   // 0x2040 (8256) pixels
0x4228, 0x738E, 0x8C51, 0x0861, 0x0020, 0x0000, 0x0000, 0x0020, 0x0000, 0x0000, 0x0000, 0x0000, 0x0000, 0x0000, 0x0000, 0x0000,   // 0x2050 (8272) pixels
0x0000, 0x0000, 0x0000, 0x0000, 0x0000, 0x0000, 0x0000, 0x0000, 0x0000, 0x0000, 0x0000, 0x0000, 0x0000, 0x0000, 0x0000, 0x0000,   // 0x2060 (8288) pixels
0x0000, 0x0000, 0x0000, 0x0000, 0x0000, 0x0000, 0x0000, 0x0000, 0x0000, 0x0000, 0x0000, 0x0000, 0x0000, 0x0000, 0x0000, 0x0000,   // 0x2070 (8304) pixels
0x0000, 0x0000, 0x0000, 0x0000, 0x0000, 0x0000, 0x0020, 0x0020, 0x42ED, 0xAEBE, 0x2B74, 0x1B35, 0x1B55, 0x2B75, 0x2B54, 0x2BB5,   // 0x2080 (8320) pixels
0x2B75, 0x2B75, 0x2B75, 0x2B75, 0x2B75, 0x2B75, 0x2B75, 0x2B75, 0x2B75, 0x2B75, 0x2B75, 0x2B75, 0x2B75, 0x2B75, 0x2B75, 0x2B75,   // 0x2090 (8336) pixels
0x2B75, 0x2B75, 0x2B75, 0x2B75, 0x2B75, 0x2B75, 0x2B75, 0x2B75, 0x2B76, 0x2B75, 0x2BB5, 0x2395, 0x1B54, 0x22F1, 0xAE1B, 0xFFFF,   // 0x20A0 (8352) pixels
0xFFDF, 0xFFFF, 0xFFFF, 0xFFFF, 0xD6BA, 0x2103, 0x0000, 0x39C6, 0xC148, 0xE047, 0xA045, 0x1000, 0x0080, 0x1061, 0x0000, 0x0041,   // 0x20B0 (8368) pixels
0x3186, 0xFFFF, 0xA534, 0x0020, 0x0000, 0xD6BA, 0xFFFF, 0x8C71, 0x18E3, 0xF79E, 0xFFDF, 0x18C3, 0x0020, 0x0000, 0x0000, 0x0000,   // 0x20C0 (8384) pixels
0x0000, 0x0000, 0x0000, 0x0000, 0x0000, 0x0000, 0x0000, 0x0000, 0x0000, 0x0000, 0x0000, 0x0000, 0x0000, 0x0000, 0x0000, 0x0000,   // 0x20D0 (8400) pixels
0x0000, 0x0000, 0x0000, 0x0000, 0x0000, 0x0000, 0x0000, 0x0000, 0x0000, 0x0000, 0x0000, 0x0000, 0x0000, 0x0000, 0x0000, 0x0000,   // 0x20E0 (8416) pixels
0x0000, 0x0000, 0x0000, 0x0000, 0x0000, 0x0000, 0x0000, 0x0000, 0x0000, 0x0000, 0x0000, 0x0000, 0x0020, 0x0000, 0x0020, 0x21C6,   // 0x20F0 (8432) pixels
0x6CF7, 0x5498, 0x1B55, 0x2BB7, 0x2375, 0x2B54, 0x2B74, 0x2B95, 0x2B75, 0x2B75, 0x2B75, 0x2B75, 0x2B75, 0x2B75, 0x2B75, 0x2B75,   // 0x2100 (8448) pixels
0x2B75, 0x2B75, 0x2B75, 0x2B75, 0x2B75, 0x2B75, 0x2B75, 0x2B75, 0x2B75, 0x2B75, 0x2B75, 0x2B75, 0x2B75, 0x2B75, 0x2B75, 0x2B75,   // 0x2110 (8464) pixels
0x2B75, 0x2396, 0x2395, 0x2B94, 0x2B95, 0x1314, 0x7519, 0xFFBF, 0xFFFF, 0xFFFF, 0xFFDF, 0xFFDF, 0xF7BE, 0x18C2, 0x2103, 0xAD75,   // 0x2120 (8480) pixels
0xFB70, 0xE805, 0xB805, 0x2840, 0x0000, 0x1000, 0x1041, 0x0020, 0x2104, 0xAD75, 0x39E7, 0x0000, 0x0020, 0xDEFB, 0xDEDB, 0x3186,   // 0x2130 (8496) pixels
0x0841, 0xFFFF, 0xBDF7, 0x0861, 0x0000, 0x0000, 0x0000, 0x0020, 0x0000, 0x0000, 0x0000, 0x0000, 0x0000, 0x0000, 0x0000, 0x0000,   // 0x2140 (8512) pixels
0x0000, 0x0000, 0x0000, 0x0000, 0x0000, 0x0000, 0x0000, 0x0000, 0x0000, 0x0000, 0x0000, 0x0000, 0x0000, 0x0000, 0x0000, 0x0000,   // 0x2150 (8528) pixels
0x0000, 0x0000, 0x0000, 0x0000, 0x0000, 0x0000, 0x0000, 0x0000, 0x0000, 0x0000, 0x0000, 0x0000, 0x0000, 0x0000, 0x0000, 0x0000,   // 0x2160 (8544) pixels
0x0000, 0x0000, 0x0000, 0x0000, 0x0821, 0x0000, 0x08E2, 0x8D33, 0x7DDC, 0x12F2, 0x1B76, 0x2377, 0x2B76, 0x3395, 0x2354, 0x2395,   // 0x2170 (8560) pixels
0x2B75, 0x2B75, 0x2B75, 0x2B75, 0x2B75, 0x2B75, 0x2B75, 0x2B75, 0x2B75, 0x2B75, 0x2B75, 0x2B75, 0x2B75, 0x2B75, 0x2B75, 0x2B75,   // 0x2180 (8576) pixels
0x2B75, 0x2B75, 0x2B75, 0x2B75, 0x2B75, 0x2B75, 0x2B75, 0x2B75, 0x3373, 0x1B96, 0x23B6, 0x2B52, 0x2BB5, 0x1377, 0x2B13, 0xBDD9,   // 0x2190 (8592) pixels
0xFFFF, 0xF7BE, 0xFFFF, 0xFFFF, 0xF77D, 0x0000, 0x4229, 0xFFFF, 0xE36E, 0xD804, 0xC866, 0x1800, 0x1860, 0x4043, 0x2001, 0x0000,   // 0x21A0 (8608) pixels
0x0841, 0x0841, 0x0000, 0x0000, 0x10A2, 0xCE79, 0x7BCF, 0x0000, 0x2945, 0xC638, 0x2945, 0x0000, 0x0000, 0x0000, 0x0000, 0x0000,   // 0x21B0 (8624) pixels
0x0000, 0x0000, 0x0000, 0x0000, 0x0000, 0x0000, 0x0000, 0x0000, 0x0000, 0x0000, 0x0000, 0x0000, 0x0000, 0x0000, 0x0000, 0x0000,   // 0x21C0 (8640) pixels
0x0023, 0x0000, 0x0000, 0x0000, 0x0000, 0x0001, 0x0000, 0x0000, 0x0000, 0x0000, 0x0000, 0x0021, 0x0000, 0x0000, 0x0020, 0x0000,   // 0x21D0 (8656) pixels
0x0000, 0x0000, 0x0000, 0x0000, 0x0000, 0x0000, 0x0000, 0x0000, 0x0800, 0x0000, 0x0001, 0x0000, 0x0800, 0x0000, 0x11A7, 0xA75F,   // 0x21E0 (8672) pixels
0x3C38, 0x2375, 0x2354, 0x2B95, 0x2375, 0x2375, 0x2B95, 0x2375, 0x2B75, 0x2B75, 0x2B75, 0x2B75, 0x2B75, 0x2B75, 0x2B75, 0x2B75,   // 0x21F0 (8688) pixels
0x2396, 0x2375, 0x2B95, 0x2B75, 0x2B54, 0x2B75, 0x2B75, 0x2B75, 0x2B95, 0x2B95, 0x2375, 0x2375, 0x2B95, 0x2375, 0x2354, 0x2B95,   // 0x2200 (8704) pixels
0x1BB5, 0x2B93, 0x3373, 0x2374, 0x1B76, 0x33F8, 0x11EE, 0x4ACF, 0xFFFF, 0xFFFF, 0xFFFF, 0xFFFF, 0xE73C, 0x31A6, 0x7BCF, 0xFFFF,   // 0x2210 (8720) pixels
0xF34E, 0xE805, 0x7802, 0x2944, 0xA886, 0xE006, 0x6843, 0x0000, 0x0020, 0x0800, 0x0020, 0x0020, 0x0800, 0x52AA, 0x19A5, 0x0000,   // 0x2220 (8736) pixels
0x18C3, 0x39E7, 0x10A2, 0x0000, 0x0020, 0x0000, 0x0000, 0x0000, 0x0000, 0x0000, 0x0000, 0x0000, 0x0000, 0x0000, 0x0000, 0x0000,   // 0x2230 (8752) pixels
0x0000, 0x0000, 0x0000, 0x0000, 0x0000, 0x0000, 0x0000, 0x0000, 0x0001, 0x0000, 0x0800, 0x0000, 0x0000, 0x0000, 0x0000, 0x0800,   // 0x2240 (8768) pixels
0x0000, 0x0000, 0x0000, 0x0000, 0x0000, 0x0000, 0x0000, 0x0000, 0x0000, 0x0000, 0x0000, 0x0000, 0x0000, 0x0000, 0x0000, 0x0000,   // 0x2250 (8784) pixels
0x0000, 0x0000, 0x0000, 0x0000, 0x0800, 0x0020, 0x222A, 0x6579, 0x2B95, 0x2354, 0x2375, 0x2B95, 0x2B75, 0x2B75, 0x2B95, 0x2375,   // 0x2260 (8800) pixels
0x2B75, 0x2B75, 0x2B75, 0x2B75, 0x2B75, 0x2B75, 0x2B75, 0x2B75, 0x2396, 0x2B95, 0x2B75, 0x2354, 0x2354, 0x2B75, 0x2B95, 0x2B96,   // 0x2270 (8816) pixels
0x2375, 0x2B95, 0x2375, 0x2375, 0x2B95, 0x2375, 0x2355, 0x2B95, 0x2375, 0x2353, 0x2B93, 0x2395, 0x2BD8, 0x33D7, 0x010A, 0x4AAD,   // 0x2280 (8832) pixels
0xFFFF, 0xFFFF, 0xFFDF, 0xFFFF, 0xFFFF, 0xBDF7, 0xD69A, 0xD69A, 0xCAAC, 0xB004, 0x8208, 0xB5B5, 0xD0C8, 0xF806, 0x7884, 0x0000,   // 0x2290 (8848) pixels
0x4800, 0x7003, 0x4002, 0x0000, 0x0800, 0x1041, 0x0040, 0x0000, 0x0000, 0x1082, 0x0000, 0x0000, 0x0000, 0x0000, 0x0020, 0x0000,   // 0x22A0 (8864) pixels
0x0000, 0x0000, 0x0000, 0x0000, 0x0000, 0x0000, 0x0000, 0x0000, 0x0000, 0x0000, 0x0000, 0x0000, 0x0000, 0x0000, 0x0000, 0x0000,   // 0x22B0 (8880) pixels
0x0000, 0x0800, 0x0800, 0x0000, 0x0000, 0x0020, 0x0020, 0x0800, 0x0000, 0x0000, 0x0800, 0x0800, 0x0000, 0x0000, 0x0000, 0x0000,   // 0x22C0 (8896) pixels
0x0000, 0x0000, 0x0000, 0x0000, 0x0000, 0x0000, 0x0000, 0x0000, 0x0000, 0x0000, 0x0021, 0x0000, 0x0800, 0x426A, 0x74F6, 0x3C56,   // 0x22D0 (8912) pixels
0x2334, 0x2354, 0x2B75, 0x2B95, 0x2B75, 0x2375, 0x2B75, 0x2B75, 0x2B75, 0x2B75, 0x2B75, 0x2B75, 0x2B75, 0x2B75, 0x2B75, 0x2B75,   // 0x22E0 (8928) pixels
0x2B75, 0x2B95, 0x2B75, 0x2B75, 0x2B95, 0x2B75, 0x2355, 0x2355, 0x2375, 0x2B95, 0x2B95, 0x2375, 0x2B75, 0x2B75, 0x2B75, 0x2B75,   // 0x22F0 (8944) pixels
0x3396, 0x2B54, 0x2BB5, 0x2395, 0x23B7, 0x3375, 0x00A7, 0x4A2A, 0xFFDF, 0xFFFF, 0xFFFF, 0xFFDF, 0xFFFF, 0xFFDF, 0xB596, 0x18E3,   // 0x2300 (8960) pixels
0x3862, 0x80C5, 0xC534, 0xFFDE, 0xE0E9, 0xF005, 0x6802, 0x30E4, 0xB8E6, 0xD026, 0x9865, 0x1000, 0x0000, 0x0800, 0x0000, 0x0820,   // 0x2310 (8976) pixels
0x0000, 0x0000, 0x0000, 0x0000, 0x0020, 0x0000, 0x0000, 0x0000, 0x0000, 0x0000, 0x0000, 0x0000, 0x0000, 0x0000, 0x0000, 0x0000,   // 0x2320 (8992) pixels
0x0000, 0x0000, 0x0000, 0x0000, 0x0000, 0x0000, 0x0000, 0x0000, 0x0000, 0x0000, 0x0000, 0x0001, 0x0043, 0x0084, 0x0063, 0x0021,   // 0x2330 (9008) pixels
0x0000, 0x0000, 0x0000, 0x0000, 0x0000, 0x0000, 0x0000, 0x0000, 0x0000, 0x0000, 0x0000, 0x0000, 0x0000, 0x0000, 0x0000, 0x0000,   // 0x2340 (9024) pixels
0x0000, 0x0000, 0x0000, 0x0000, 0x0000, 0x8493, 0xAEFF, 0x1B53, 0x2354, 0x2B95, 0x2B95, 0x2354, 0x2375, 0x2375, 0x2375, 0x2B95,   // 0x2350 (9040) pixels
0x2B75, 0x2B75, 0x2B75, 0x2B75, 0x2B75, 0x2B75, 0x2B75, 0x2B75, 0x2B75, 0x2B75, 0x2B75, 0x2B96, 0x2B76, 0x2B75, 0x2B75, 0x2B75,   // 0x2360 (9056) pixels
0x2375, 0x2B95, 0x2B95, 0x2375, 0x2375, 0x2B75, 0x2B75, 0x2B75, 0x2B55, 0x2B75, 0x2374, 0x2395, 0x2B95, 0x1A2F, 0x0064, 0x7B6E,   // 0x2370 (9072) pixels
0xFFFF, 0xFFFF, 0xFFFF, 0xFFFF, 0xFFFF, 0xFFFF, 0xA534, 0x10A2, 0x0000, 0x61C8, 0xFFFF, 0xFF9E, 0xD0A7, 0xD004, 0x91C8, 0xC556,   // 0x2380 (9088) pixels
0xD927, 0xE805, 0x9803, 0x1040, 0x0040, 0x0800, 0x0800, 0x0000, 0x0020, 0x0000, 0x0000, 0x0000, 0x0000, 0x0000, 0x0000, 0x0000,   // 0x2390 (9104) pixels
0x0000, 0x0000, 0x0000, 0x0000, 0x0000, 0x0000, 0x0000, 0x0000, 0x0000, 0x0000, 0x0000, 0x0000, 0x0000, 0x0000, 0x0000, 0x0000,   // 0x23A0 (9120) pixels
0x0000, 0x0000, 0x0001, 0x1168, 0x11CB, 0x09CB, 0x0949, 0x1127, 0x08E6, 0x08C5, 0x0063, 0x0021, 0x0000, 0x0000, 0x0000, 0x0000,   // 0x23B0 (9136) pixels
0x0000, 0x0000, 0x0000, 0x0000, 0x0000, 0x0000, 0x0000, 0x0000, 0x0000, 0x0000, 0x0000, 0x0020, 0x0000, 0x7CD5, 0x9EBF, 0x02B2,   // 0x23C0 (9152) pixels
0x2375, 0x2BB6, 0x2B95, 0x2354, 0x2B75, 0x2B95, 0x2375, 0x2B75, 0x2B75, 0x2B75, 0x2B75, 0x2B75, 0x2B75, 0x2B75, 0x2B75, 0x2B75,   // 0x23D0 (9168) pixels
0x2B74, 0x2B75, 0x2B96, 0x2355, 0x2355, 0x2B75, 0x2B34, 0x3354, 0x2B95, 0x2B95, 0x2B95, 0x2B75, 0x2375, 0x2B75, 0x2B75, 0x2B75,   // 0x23E0 (9184) pixels
0x3356, 0x33B6, 0x1B34, 0x33D6, 0x2AF2, 0x0087, 0x3188, 0xFF7D, 0xFFFF, 0xFFFF, 0xFFDF, 0xFFFF, 0xFFDF, 0xFFFF, 0xE73C, 0xBDD7,   // 0x23F0 (9200) pixels
0x422A, 0x3186, 0xD7BC, 0xF6FB, 0xB8C7, 0xB024, 0xE514, 0xFFFF, 0xD8E5, 0xE805, 0x9803, 0x632B, 0x11A5, 0x0821, 0x0800, 0x0020,   // 0x2400 (9216) pixels
0x0000, 0x0000, 0x0000, 0x0000, 0x0000, 0x0000, 0x0000, 0x0000, 0x0000, 0x0000, 0x0000, 0x0000, 0x0000, 0x0000, 0x0000, 0x0000,   // 0x2410 (9232) pixels
0x0000, 0x0000, 0x0000, 0x0000, 0x0000, 0x0000, 0x0000, 0x0000, 0x0020, 0x0021, 0x00A5, 0x3AF0, 0x3395, 0x2313, 0x1A90, 0x22AF,   // 0x2420 (9248) pixels
0x2A8E, 0x226E, 0x11CB, 0x0128, 0x0084, 0x0021, 0x0000, 0x0000, 0x0000, 0x0000, 0x0000, 0x0000, 0x0000, 0x0000, 0x0000, 0x0000,   // 0x2430 (9264) pixels
0x0000, 0x0000, 0x0000, 0x0000, 0x0021, 0x6474, 0x6D7B, 0x1314, 0x2354, 0x2B95, 0x2B75, 0x2375, 0x2B95, 0x2BB6, 0x2B75, 0x2B75,   // 0x2440 (9280) pixels
0x2B75, 0x2B75, 0x2B75, 0x2B75, 0x2B75, 0x2B75, 0x2B75, 0x2B75, 0x2B74, 0x2B75, 0x2B96, 0x2355, 0x33B6, 0x2B34, 0x01AD, 0x098B,   // 0x2450 (9296) pixels
0x33D6, 0x2B95, 0x2375, 0x2B75, 0x2B75, 0x2B75, 0x2B75, 0x2B75, 0x2B55, 0x2376, 0x2375, 0x3BD6, 0x116B, 0x0025, 0x736F, 0xFFFF,   // 0x2460 (9312) pixels
0xFFFF, 0xFFFF, 0xFFDF, 0xFFFF, 0xFFDF, 0xFFFF, 0xFFDF, 0xFFFF, 0x9D15, 0x39E7, 0x19A5, 0x5209, 0x6002, 0x8986, 0xFF7D, 0xFFDF,   // 0x2470 (9328) pixels
0xE0E6, 0xC802, 0xB9CA, 0xD699, 0x21A6, 0x0000, 0x0000, 0x0020, 0x0000, 0x0020, 0x0020, 0x0000, 0x0020, 0x0020, 0x0000, 0x0000,   // 0x2480 (9344) pixels
0x0000, 0x0000, 0x0000, 0x0000, 0x0000, 0x0000, 0x0000, 0x0000, 0x0000, 0x0000, 0x0000, 0x0000, 0x0000, 0x0000, 0x0000, 0x0000,   // 0x2490 (9360) pixels
0x0000, 0x0020, 0x00A4, 0x3B11, 0x3BF7, 0x2BD7, 0x2354, 0x2B33, 0x2B53, 0x2B54, 0x2312, 0x1A8F, 0x11EB, 0x0106, 0x0021, 0x0000,   // 0x24A0 (9376) pixels
0x0000, 0x0000, 0x0000, 0x0000, 0x0000, 0x0000, 0x0000, 0x0000, 0x0000, 0x0820, 0x0000, 0x0020, 0x11C8, 0x5455, 0x33D5, 0x2355,   // 0x24B0 (9392) pixels
0x2354, 0x2B75, 0x2B75, 0x2B75, 0x2B95, 0x2B95, 0x2B75, 0x2B75, 0x2B75, 0x2B75, 0x2B75, 0x2B75, 0x2B75, 0x2B75, 0x2B75, 0x2B75,   // 0x24C0 (9408) pixels
0x2B95, 0x2B75, 0x2B96, 0x2B75, 0x3BF6, 0x22B0, 0x0067, 0x198A, 0x3C17, 0x2B95, 0x2374, 0x2B95, 0x2B75, 0x2375, 0x2B75, 0x2B75,   // 0x24D0 (9424) pixels
0x2B96, 0x2375, 0x33D6, 0x32F2, 0x0867, 0x628E, 0xE6DD, 0xFFFF, 0xFFDF, 0xFFFF, 0xFFFF, 0xFFFF, 0xFFFF, 0xFFFF, 0xFFFF, 0xFFFF,   // 0x24E0 (9440) pixels
0xFFFF, 0xB575, 0x1041, 0x0000, 0x1000, 0x7BAC, 0xFFDD, 0xFF7F, 0xC0E5, 0xA864, 0xF577, 0xFFFF, 0x2105, 0x0000, 0x0020, 0x0020,   // 0x24F0 (9456) pixels
0x0000, 0x0000, 0x0000, 0x0000, 0x0000, 0x0000, 0x0000, 0x0000, 0x0000, 0x0000, 0x0000, 0x0000, 0x0000, 0x0000, 0x0000, 0x0000,   // 0x2500 (9472) pixels
0x0000, 0x0000, 0x0000, 0x0000, 0x0000, 0x0000, 0x0000, 0x0000, 0x0800, 0x0840, 0x0063, 0x226F, 0x2B96, 0x3419, 0x2BD6, 0x2333,   // 0x2510 (9488) pixels
0x2355, 0x2375, 0x2375, 0x2BB5, 0x3BB4, 0x32AE, 0x1905, 0x0000, 0x0000, 0x0000, 0x0000, 0x0000, 0x0000, 0x0000, 0x0000, 0x0000,   // 0x2520 (9504) pixels
0x0000, 0x0000, 0x0000, 0x0042, 0x5C32, 0x6538, 0x1B13, 0x2BB7, 0x2375, 0x2B75, 0x2B95, 0x2B95, 0x2375, 0x2354, 0x2B75, 0x2B95,   // 0x2530 (9520) pixels
0x2B75, 0x2B75, 0x2B75, 0x2B75, 0x2B75, 0x2B75, 0x2B75, 0x2B75, 0x3395, 0x2B75, 0x2B76, 0x2334, 0x3B95, 0x11ED, 0x00A6, 0x7433,   // 0x2540 (9536) pixels
0x3C38, 0x2B95, 0x2354, 0x2B95, 0x2B95, 0x2375, 0x2B75, 0x2B75, 0x2396, 0x23B6, 0x2354, 0x096B, 0x1046, 0x9C13, 0xFFBF, 0xF7FF,   // 0x2550 (9552) pixels
0xFFFF, 0xFFFF, 0xFFFF, 0xFFDF, 0xFFFF, 0xFFFF, 0xFFFF, 0xFFFF, 0xFFFF, 0xFF9E, 0x9CF4, 0x4AAB, 0x08A2, 0x5B2A, 0x8470, 0x7B8F,   // 0x2560 (9568) pixels
0x6800, 0xAACB, 0xFFDF, 0xF7FF, 0x30E6, 0x0800, 0x0000, 0x0800, 0x0020, 0x0000, 0x0000, 0x0000, 0x0000, 0x0000, 0x0000, 0x0000,   // 0x2570 (9584) pixels
0x0000, 0x0000, 0x0000, 0x0000, 0x0000, 0x0000, 0x0000, 0x0000, 0x0000, 0x0000, 0x0000, 0x0000, 0x0000, 0x0000, 0x0000, 0x0000,   // 0x2580 (9600) pixels
0x0020, 0x0000, 0x0061, 0x1926, 0x328D, 0x43F5, 0x3439, 0x243A, 0x2B97, 0x2375, 0x2374, 0x2BB5, 0x2B75, 0x3BB6, 0x3BB4, 0x01CA,   // 0x2590 (9616) pixels
0x0000, 0x0000, 0x0000, 0x0000, 0x0000, 0x0000, 0x0000, 0x0000, 0x0000, 0x0800, 0x0000, 0x0044, 0x3B75, 0x3C19, 0x2375, 0x23B5,   // 0x25A0 (9632) pixels
0x2354, 0x2B75, 0x2B95, 0x2B95, 0x2B75, 0x2B75, 0x2B75, 0x3395, 0x2396, 0x2396, 0x2355, 0x2B95, 0x2B75, 0x2B75, 0x2B96, 0x2375,   // 0x25B0 (9648) pixels
0x1B75, 0x1B75, 0x22F2, 0x74F8, 0x53B0, 0x0063, 0x11EB, 0x563C, 0x23B6, 0x1B34, 0x3395, 0x2B53, 0x3374, 0x2BB5, 0x1B94, 0x1BB5,   // 0x25C0 (9664) pixels
0x2B97, 0x4396, 0x19AC, 0x0004, 0x9433, 0xE67C, 0xD61B, 0xFFBF, 0xFFFF, 0xFFFF, 0xFFFF, 0xFFFF, 0xFFFF, 0xFFFF, 0xFFFF, 0xFFFF,   // 0x25D0 (9680) pixels
0xFFDF, 0xFFDF, 0xFFFF, 0xE71B, 0xD699, 0x9CD3, 0x1062, 0x0001, 0x0020, 0x4AAA, 0xC658, 0xAD76, 0x20E4, 0x0000, 0x0820, 0x0800,   // 0x25E0 (9696) pixels
0x0000, 0x0000, 0x0000, 0x0000, 0x0000, 0x0000, 0x0000, 0x0000, 0x0000, 0x0000, 0x0000, 0x0000, 0x0000, 0x0000, 0x0000, 0x0000,   // 0x25F0 (9712) pixels
0x0000, 0x0000, 0x0000, 0x0000, 0x0000, 0x0000, 0x0000, 0x0000, 0x0000, 0x0000, 0x0000, 0x0042, 0x1168, 0x3B52, 0x4C79, 0x3C5A,   // 0x2600 (9728) pixels
0x2BB6, 0x2B95, 0x2374, 0x2B95, 0x2355, 0x3395, 0x3BD4, 0x22EF, 0x0062, 0x0000, 0x0000, 0x0000, 0x0000, 0x0000, 0x0000, 0x0000,   // 0x2610 (9744) pixels
0x0001, 0x0000, 0x0000, 0x00E7, 0x2B13, 0x2B97, 0x2375, 0x23B5, 0x2B95, 0x2B75, 0x2375, 0x2B75, 0x2B75, 0x2355, 0x2B55, 0x2B75,   // 0x2620 (9760) pixels
0x2B54, 0x2B95, 0x2B95, 0x2BB6, 0x2375, 0x2375, 0x2375, 0x2355, 0x3BB5, 0x4C57, 0x74D8, 0xD73F, 0x6B8F, 0x0002, 0x5C54, 0x4D5A,   // 0x2630 (9776) pixels
0x2B75, 0x2B75, 0x2B95, 0x2B54, 0x2354, 0x2375, 0x2395, 0x23F6, 0x3334, 0x1A0E, 0x00C7, 0x4A4C, 0xDE7B, 0xFF5F, 0xD61A, 0xEEFE,   // 0x2640 (9792) pixels
0xFFDF, 0xFFFF, 0xFFFF, 0xFFFF, 0xFFFF, 0xFFFF, 0xFFFF, 0xFFFF, 0xFFFF, 0xFFFF, 0xFFFF, 0xFFFF, 0xFFFF, 0xBDF7, 0x4229, 0x4A4A,   // 0x2650 (9808) pixels
0x4228, 0x4A69, 0x31C7, 0x18C3, 0x0000, 0x0000, 0x0000, 0x0000, 0x0000, 0x0000, 0x0000, 0x0000, 0x0000, 0x0000, 0x0000, 0x0000,   // 0x2660 (9824) pixels
0x0000, 0x0000, 0x0000, 0x0000, 0x0000, 0x0000, 0x0000, 0x0000, 0x0000, 0x0000, 0x0000, 0x0000, 0x0000, 0x0000, 0x0000, 0x0000,   // 0x2670 (9840) pixels
0x0000, 0x0020, 0x0000, 0x0000, 0x0022, 0x1189, 0x4372, 0x4C36, 0x33D5, 0x2B74, 0x2375, 0x2B96, 0x2374, 0x2373, 0x33B4, 0x3BD5,   // 0x2680 (9856) pixels
0x21EA, 0x0084, 0x0000, 0x0000, 0x0800, 0x0000, 0x0000, 0x0000, 0x0000, 0x0000, 0x0841, 0x2A6D, 0x2B75, 0x2B96, 0x2B95, 0x2395,   // 0x2690 (9872) pixels
0x2B95, 0x2375, 0x2375, 0x2B95, 0x2B96, 0x2B95, 0x2B75, 0x2B95, 0x3394, 0x2B54, 0x2354, 0x2BB6, 0x1B55, 0x2355, 0x2333, 0x2333,   // 0x26A0 (9888) pixels
0x84F8, 0xBEBE, 0xDF7F, 0xFFDF, 0x3967, 0x00A4, 0x9EBF, 0x3436, 0x2333, 0x2B95, 0x2375, 0x2396, 0x2396, 0x33F7, 0x33D5, 0x33F5,   // 0x26B0 (9904) pixels
0x2A4E, 0x0045, 0x1948, 0xCE5A, 0xFFFF, 0xFFBF, 0xE69C, 0xCDFA, 0xEF1D, 0xFF9F, 0xFFDF, 0xFFFF, 0xFFFF, 0xFFFF, 0xFFFF, 0xFFFF,   // 0x26C0 (9920) pixels
0xF7FF, 0xFFFF, 0xFFFF, 0xFFFF, 0xFFFF, 0xF7BE, 0xD67A, 0xD67B, 0xE71C, 0xDEBB, 0x62EC, 0x0000, 0x0000, 0x0821, 0x0000, 0x0000,   // 0x26D0 (9936) pixels
0x0000, 0x0000, 0x0000, 0x0000, 0x0000, 0x0000, 0x0000, 0x0000, 0x0000, 0x0000, 0x0000, 0x0000, 0x0000, 0x0000, 0x0000, 0x0000,   // 0x26E0 (9952) pixels
0x0000, 0x0000, 0x0000, 0x0000, 0x0000, 0x0000, 0x0000, 0x0000, 0x0000, 0x0000, 0x0000, 0x0000, 0x0000, 0x0022, 0x326C, 0x8517,   // 0x26F0 (9968) pixels
0x5455, 0x3374, 0x2335, 0x2B97, 0x2B95, 0x2373, 0x2374, 0x33D6, 0x3B52, 0x11AA, 0x0063, 0x0000, 0x0800, 0x0000, 0x0000, 0x0021,   // 0x2700 (9984) pixels
0x0000, 0x0000, 0x0883, 0x4372, 0x33D6, 0x2BB6, 0x2B95, 0x2B75, 0x2B95, 0x2B75, 0x2B75, 0x2375, 0x2354, 0x2354, 0x2B55, 0x2B75,   // 0x2710 (10000) pixels
0x2B54, 0x2B95, 0x2395, 0x2396, 0x1B13, 0x3BD5, 0x7D59, 0xA65D, 0xDF1D, 0xFFFF, 0xFFFF, 0xCE18, 0x1022, 0x3AEE, 0x86BE, 0x2B75,   // 0x2720 (10016) pixels
0x2B73, 0x2B95, 0x2396, 0x2376, 0x2396, 0x33D6, 0x1AB0, 0x1A6E, 0x29A9, 0x3A2A, 0x7BF0, 0xFFFF, 0xFFFF, 0xFFBE, 0xFF7E, 0xDE7B,   // 0x2730 (10032) pixels
0xD61B, 0xE6BD, 0xFF5F, 0xFFDF, 0xFFFF, 0xFFFF, 0xF7DF, 0xFFFF, 0xF7DF, 0xFFFF, 0xFFFF, 0xFFDF, 0xFFBF, 0xFFBF, 0xFFBF, 0xEF1E,   // 0x2740 (10048) pixels
0xBDB7, 0xB597, 0x5AAB, 0x0020, 0x0000, 0x0000, 0x0000, 0x0000, 0x0000, 0x0000, 0x0000, 0x0000, 0x0000, 0x0000, 0x0000, 0x0000,   // 0x2750 (10064) pixels
0x0000, 0x0000, 0x0000, 0x0000, 0x0000, 0x0000, 0x0000, 0x0000, 0x0000, 0x0000, 0x0000, 0x0000, 0x0000, 0x0000, 0x0000, 0x0000,   // 0x2760 (10080) pixels
0x0000, 0x0000, 0x0000, 0x0000, 0x0000, 0x0000, 0x31E8, 0xA5B8, 0x8D98, 0x5435, 0x2B34, 0x2355, 0x2BB6, 0x2BB5, 0x2B95, 0x2B96,   // 0x2770 (10096) pixels
0x3394, 0x1A6E, 0x0106, 0x0001, 0x0000, 0x0000, 0x0000, 0x0001, 0x0000, 0x0000, 0x0043, 0x3352, 0x2BD6, 0x2396, 0x2354, 0x2B96,   // 0x2780 (10112) pixels
0x2B95, 0x2B95, 0x2B75, 0x2354, 0x2354, 0x2B75, 0x2B95, 0x2B75, 0x2396, 0x2396, 0x1B34, 0x2333, 0x3373, 0x8538, 0xDF5F, 0xFFFF,   // 0x2790 (10128) pixels
0xFFFF, 0xFFFF, 0xF7BD, 0x4248, 0x0884, 0x861B, 0x4519, 0x1B34, 0x2BB4, 0x1B74, 0x23B6, 0x2B96, 0x3BD7, 0x4395, 0x094A, 0x0004,   // 0x27A0 (10144) pixels
0x4209, 0xD67A, 0xE71C, 0xFFFE, 0xFFDE, 0xFFFF, 0xFFBF, 0xFF7F, 0xCDFA, 0xD61A, 0xDE5B, 0xEF1E, 0xFFDF, 0xFFFF, 0xFFDF, 0xFFFF,   // 0x27B0 (10160) pixels
0xFFDF, 0xFFBF, 0xF6FD, 0xE65B, 0xF6DD, 0xEEBD, 0xEEBE, 0xDE3C, 0x41E9, 0x2905, 0x0862, 0x0000, 0x0020, 0x0020, 0x0000, 0x0020,   // 0x27C0 (10176) pixels
0x0000, 0x0000, 0x0000, 0x0000, 0x0000, 0x0000, 0x0000, 0x0000, 0x0000, 0x0000, 0x0000, 0x0000, 0x0000, 0x0000, 0x0000, 0x0000,   // 0x27D0 (10192) pixels
0x0000, 0x0000, 0x0000, 0x0000, 0x0000, 0x0000, 0x0000, 0x0000, 0x0000, 0x0021, 0x0000, 0x0000, 0x0000, 0x0000, 0x1904, 0x6BAF,   // 0x27E0 (10208) pixels
0xAE39, 0x8D79, 0x4BF5, 0x2314, 0x2396, 0x2BD6, 0x2B95, 0x2355, 0x2B95, 0x2312, 0x11CB, 0x0084, 0x0000, 0x0000, 0x0000, 0x0000,   // 0x27F0 (10224) pixels
0x0000, 0x0000, 0x0085, 0x2B32, 0x23B6, 0x2395, 0x2354, 0x2B96, 0x2375, 0x2B75, 0x2B75, 0x2B95, 0x2B95, 0x2B95, 0x2B75, 0x2334,   // 0x2800 (10240) pixels
0x2396, 0x1B34, 0x3394, 0x6CF8, 0xAE3B, 0xDF5E, 0xFFFF, 0xFFDE, 0xFFFF, 0xFFFE, 0xF79D, 0x0041, 0x226C, 0x8EBF, 0x1BB4, 0x2374,   // 0x2810 (10256) pixels
0x2395, 0x2395, 0x3BF6, 0x22D2, 0x1A2E, 0x19AB, 0x29AA, 0x39EA, 0x9C93, 0xFFFF, 0xFFFF, 0xFFFE, 0xFFFF, 0xFFFF, 0xF7BF, 0xFFFF,   // 0x2820 (10272) pixels
0xEEDD, 0xDE5B, 0xCDF9, 0xD63B, 0xEF1E, 0xF75F, 0xF73F, 0xF77F, 0xF75F, 0xFF7F, 0xEE9C, 0xD5B9, 0xE63C, 0x9C34, 0x7B31, 0x8BD4,   // 0x2830 (10288) pixels
0x1085, 0x0001, 0x0000, 0x0000, 0x0040, 0x0020, 0x0000, 0x0000, 0x0000, 0x0000, 0x0000, 0x0000, 0x0000, 0x0000, 0x0000, 0x0000,   // 0x2840 (10304) pixels
0x0000, 0x0000, 0x0000, 0x0000, 0x0000, 0x0000, 0x0000, 0x0000, 0x0000, 0x0000, 0x0000, 0x0000, 0x0000, 0x0000, 0x0000, 0x0000,   // 0x2850 (10320) pixels
0x0000, 0x0000, 0x0000, 0x0000, 0x0000, 0x0000, 0x0861, 0x2124, 0x7C52, 0xA619, 0x7518, 0x3373, 0x2355, 0x2B97, 0x2B75, 0x2373,   // 0x2860 (10336) pixels
0x2BB6, 0x2B74, 0x22AF, 0x0989, 0x0063, 0x0000, 0x0000, 0x0000, 0x0000, 0x0001, 0x1189, 0x2B94, 0x23D6, 0x2BB5, 0x2B75, 0x2B76,   // 0x2870 (10352) pixels
0x2375, 0x2354, 0x2B75, 0x2B95, 0x2B75, 0x2334, 0x2334, 0x2B75, 0x1B12, 0x3373, 0x95BA, 0xD73E, 0xFFFF, 0xFFFF, 0xFFFF, 0xFFDE,   // 0x2880 (10368) pixels
0xFFFF, 0xFFBE, 0xBDD7, 0x0906, 0x54B7, 0x551A, 0x1B33, 0x33D5, 0x2395, 0x33D6, 0x43B5, 0x098B, 0x0045, 0x0023, 0x8C32, 0xD69A,   // 0x2890 (10384) pixels
0xF77E, 0xFFDF, 0xFFFF, 0xFFFF, 0xFFDF, 0xF7BE, 0xFFFF, 0xFFFF, 0xFFDF, 0xFF7F, 0xDE7C, 0xCDFA, 0xD63B, 0xDE3C, 0xDE1C, 0xDE3C,   // 0x28A0 (10400) pixels
0xDE9D, 0xD61B, 0xE65C, 0xEE7D, 0xDE3D, 0x49CC, 0x0004, 0x298B, 0x2127, 0x0002, 0x0041, 0x0000, 0x0000, 0x0000, 0x0000, 0x0000,   // 0x28B0 (10416) pixels
0x0000, 0x0000, 0x0000, 0x0000, 0x0000, 0x0000, 0x0000, 0x0000, 0x0000, 0x0000, 0x0000, 0x0000, 0x0000, 0x0000, 0x0000, 0x0000,   // 0x28C0 (10432) pixels
0x0000, 0x0000, 0x0000, 0x0000, 0x0000, 0x0000, 0x0000, 0x0000, 0x0021, 0x0000, 0x0000, 0x0021, 0x0000, 0x0000, 0x0061, 0x0000,   // 0x28D0 (10448) pixels
0x2986, 0xA5B7, 0x9E1A, 0x43D4, 0x2356, 0x2356, 0x2375, 0x2B93, 0x2395, 0x2374, 0x3353, 0x228E, 0x0106, 0x0001, 0x0000, 0x0800,   // 0x28E0 (10464) pixels
0x0000, 0x0001, 0x222C, 0x33D6, 0x1BB6, 0x2395, 0x3395, 0x2B56, 0x2B95, 0x2354, 0x2375, 0x2B95, 0x2354, 0x2334, 0x4438, 0x6D7D,   // 0x28F0 (10480) pixels
0x6D19, 0x8DBA, 0xF7FF, 0xFFFF, 0xFFFE, 0xFFFE, 0xFFFF, 0xFFFF, 0xFFDF, 0xE71C, 0x5A8C, 0x0065, 0x44D8, 0x2BB6, 0x4396, 0x2333,   // 0x2900 (10496) pixels
0x2376, 0x2314, 0x1A2E, 0x218A, 0x4A8C, 0x62EC, 0xF77D, 0xFFFF, 0xFFFF, 0xFFDF, 0xFFFF, 0xFFBF, 0xFFFF, 0xFFFF, 0xFFFF, 0xFFFF,   // 0x2910 (10512) pixels
0xFFDF, 0xFFDF, 0xFF7F, 0xDE9C, 0xDE3C, 0xDE3C, 0xE63D, 0xEE7E, 0x9CD6, 0x6AEF, 0x6AEF, 0x7B30, 0x7B92, 0x2129, 0x1109, 0x42D0,   // 0x2920 (10528) pixels
0x31EA, 0x0002, 0x0000, 0x0020, 0x0000, 0x0000, 0x0000, 0x0800, 0x0000, 0x0000, 0x0000, 0x0000, 0x0000, 0x0000, 0x0000, 0x0000,   // 0x2930 (10544) pixels
0x0000, 0x0000, 0x0000, 0x0000, 0x0000, 0x0000, 0x0000, 0x0000, 0x0000, 0x0000, 0x0000, 0x0000, 0x0000, 0x0000, 0x0000, 0x0000,   // 0x2940 (10560) pixels
0x0000, 0x0000, 0x0000, 0x0000, 0x0000, 0x0000, 0x0000, 0x0000, 0x0000, 0x4ACC, 0x85B9, 0x4436, 0x2B74, 0x3395, 0x2B75, 0x2374,   // 0x2950 (10576) pixels
0x2395, 0x2395, 0x2395, 0x2B53, 0x228E, 0x00E6, 0x0001, 0x0000, 0x0000, 0x0043, 0x22B0, 0x2B96, 0x2376, 0x2375, 0x2B74, 0x2B74,   // 0x2960 (10592) pixels
0x2396, 0x2BD6, 0x1B53, 0x1B53, 0x43F6, 0x8D7B, 0xB63B, 0xFFFF, 0xFFFF, 0xFFFF, 0xFFFF, 0xF7FF, 0xFFFF, 0xFFFF, 0xFFFF, 0xFFDF,   // 0x2970 (10608) pixels
0xFFDE, 0xAD56, 0x0003, 0x1A4F, 0x2B96, 0x2BB6, 0x2311, 0x2AAF, 0x2A6F, 0x116A, 0x0003, 0x6B6F, 0xF79E, 0xF79E, 0xFFFF, 0xFFFF,   // 0x2980 (10624) pixels
0xFFDF, 0xFFFF, 0xFFDF, 0xFFFF, 0xFFDF, 0xFFFF, 0xFFFF, 0xFFFF, 0xFFFF, 0xFFFF, 0xFFFE, 0xFFDF, 0xFF5F, 0xD61B, 0xDE1B, 0xEE9D,   // 0x2990 (10640) pixels
0x6B6F, 0x0001, 0x0001, 0x0002, 0x0004, 0x31EE, 0x5335, 0x4B37, 0x11AC, 0x0042, 0x0000, 0x0000, 0x0000, 0x0000, 0x0020, 0x0000,   // 0x29A0 (10656) pixels
0x0000, 0x0000, 0x0000, 0x0000, 0x0000, 0x0000, 0x0000, 0x0000, 0x0000, 0x0000, 0x0000, 0x0000, 0x0000, 0x0000, 0x0000, 0x0000,   // 0x29B0 (10672) pixels
0x0000, 0x0000, 0x0000, 0x0000, 0x0000, 0x0000, 0x0000, 0x0000, 0x0000, 0x0000, 0x0000, 0x0000, 0x0000, 0x0000, 0x0000, 0x0000,   // 0x29C0 (10688) pixels
0x0000, 0x08C3, 0x224B, 0x5414, 0x5C98, 0x3354, 0x2B75, 0x2395, 0x2BB6, 0x2BB6, 0x2374, 0x2354, 0x3332, 0x220C, 0x00A5, 0x0001,   // 0x29D0 (10704) pixels
0x0001, 0x0107, 0x3332, 0x33B6, 0x2B97, 0x2B76, 0x2B95, 0x2B94, 0x2B96, 0x1B13, 0x3393, 0x7539, 0xA63C, 0xEFFF, 0xFFFF, 0xFFFE,   // 0x29E0 (10720) pixels
0xFFFF, 0xFFFF, 0xFFFF, 0xFFFF, 0xFFFF, 0xEF5D, 0xF75E, 0xF73D, 0xFF9F, 0xA4D4, 0x0023, 0x3AF1, 0x3BD6, 0x2312, 0x120D, 0x222C,   // 0x29F0 (10736) pixels
0x5B32, 0x5B31, 0x528D, 0xA4D5, 0xFF5E, 0xF73D, 0xF75E, 0xFFDF, 0xFFDF, 0xFFFF, 0xFFFF, 0xFFFF, 0xFFFF, 0xFFFF, 0xFFDF, 0xFFDF,   // 0x2A00 (10752) pixels
0xFFFF, 0xFFFF, 0xFFFF, 0xFFDE, 0xEF1D, 0x62CD, 0x730F, 0x8390, 0x39EC, 0x2108, 0x2109, 0x2109, 0x210B, 0x3A31, 0x52F6, 0x4B17,   // 0x2A10 (10768) pixels
0x3290, 0x08E6, 0x0000, 0x0000, 0x0000, 0x0000, 0x0000, 0x0000, 0x0000, 0x0000, 0x0000, 0x0000, 0x0000, 0x0000, 0x0000, 0x0000,   // 0x2A20 (10784) pixels
0x0000, 0x0000, 0x0000, 0x0000, 0x0000, 0x0000, 0x0000, 0x0000, 0x0000, 0x0000, 0x0000, 0x0000, 0x0000, 0x0000, 0x0000, 0x0000,   // 0x2A30 (10800) pixels
0x0000, 0x0000, 0x0000, 0x0000, 0x0000, 0x0000, 0x0000, 0x0000, 0x0000, 0x0000, 0x0042, 0x42ED, 0x7CD6, 0x4BD4, 0x2B54, 0x1B75,   // 0x2A40 (10816) pixels
0x2B95, 0x2B96, 0x2375, 0x2B75, 0x3394, 0x2AF1, 0x19EB, 0x0948, 0x0968, 0x228E, 0x3394, 0x2B95, 0x2376, 0x2B75, 0x2B95, 0x2375,   // 0x2A50 (10832) pixels
0x2334, 0x3BB4, 0x7CF6, 0xDF7F, 0xFFFF, 0xFFFF, 0xFFBE, 0xFFBD, 0xFFBF, 0xFF9F, 0xFFBF, 0xFFBF, 0xF73E, 0xD63A, 0xDE3B, 0xDE1B,   // 0x2A60 (10848) pixels
0xF6FD, 0x9433, 0x0003, 0x21EC, 0x1A0D, 0x118C, 0x2A0D, 0x5B51, 0xD61E, 0xDE5E, 0xDE1C, 0xE63B, 0xF69C, 0xE65B, 0xDE1B, 0xE6BD,   // 0x2A70 (10864) pixels
0xFFBF, 0xFFBF, 0xFFDF, 0xFFFF, 0xFFDF, 0xFFDF, 0xFFDF, 0xFFFF, 0xFFDF, 0xFFFF, 0xF7BE, 0xF7BE, 0xBDD7, 0x0002, 0x0002, 0x0002,   // 0x2A80 (10880) pixels
0x212C, 0x52B2, 0x5AD3, 0x5AB4, 0x5AB5, 0x52B5, 0x52D7, 0x4A96, 0x4B76, 0x198A, 0x0000, 0x0000, 0x0000, 0x0000, 0x0000, 0x0000,   // 0x2A90 (10896) pixels
0x0000, 0x0000, 0x0000, 0x0000, 0x0000, 0x0000, 0x0000, 0x0000, 0x0000, 0x0000, 0x0000, 0x0000, 0x0000, 0x0000, 0x0000, 0x0000,   // 0x2AA0 (10912) pixels
0x0000, 0x0000, 0x0000, 0x0000, 0x0000, 0x0000, 0x0000, 0x0000, 0x0000, 0x0000, 0x0000, 0x0000, 0x0000, 0x0000, 0x0000, 0x0000,   // 0x2AB0 (10928) pixels
0x0000, 0x0020, 0x0000, 0x0882, 0x52ED, 0x6C54, 0x3BB4, 0x1B96, 0x2B75, 0x2B76, 0x2B76, 0x2B75, 0x2B75, 0x2B13, 0x22D1, 0x2AF1,   // 0x2AC0 (10944) pixels
0x22F1, 0x3394, 0x33B5, 0x2354, 0x2354, 0x2B75, 0x2B75, 0x2334, 0x2AF3, 0xA63D, 0xE75E, 0xFFDF, 0xFF5E, 0xF6FD, 0xEEDD, 0xF73E,   // 0x2AD0 (10960) pixels
0xF73F, 0xEEFE, 0xEEFE, 0xEEDE, 0xEEBD, 0xD5FA, 0xDE1B, 0xDE1B, 0xF6BE, 0x9C34, 0x0003, 0x0003, 0x0024, 0x31EB, 0x8414, 0xBD7A,   // 0x2AE0 (10976) pixels
0xE63D, 0xE63D, 0xEE3D, 0xDDDA, 0xDDDA, 0xDE1B, 0xD5FB, 0xDE5D, 0xDE9C, 0xDE9C, 0xF77F, 0xFFFF, 0xFFFF, 0xFFFF, 0xFFFF, 0xFFDF,   // 0x2AF0 (10992) pixels
0xFFFF, 0xEF7C, 0x7BCE, 0x8C51, 0x5AED, 0x2969, 0x318B, 0x214B, 0x29AF, 0x5AF5, 0x52D5, 0x5295, 0x52B6, 0x4A75, 0x4A75, 0x4234,   // 0x2B00 (11008) pixels
0x4B98, 0x21CC, 0x0001, 0x0000, 0x0000, 0x0000, 0x0000, 0x0000, 0x0000, 0x0000, 0x0000, 0x0000, 0x0000, 0x0000, 0x0000, 0x0000,   // 0x2B10 (11024) pixels
0x0000, 0x0000, 0x0000, 0x0000, 0x0000, 0x0000, 0x0000, 0x0000, 0x0000, 0x0000, 0x0000, 0x0000, 0x0000, 0x0000, 0x0000, 0x0000,   // 0x2B20 (11040) pixels
0x0000, 0x0000, 0x0000, 0x0000, 0x0000, 0x0000, 0x0000, 0x0000, 0x0000, 0x0000, 0x0000, 0x0000, 0x2104, 0x6BD0, 0x64B7, 0x2374,   // 0x2B30 (11056) pixels
0x2B75, 0x2B96, 0x2B96, 0x2B76, 0x2375, 0x2355, 0x2354, 0x2B75, 0x2B75, 0x2B95, 0x2B74, 0x2B75, 0x2B95, 0x2B96, 0x2B75, 0x2334,   // 0x2B40 (11072) pixels
0x5354, 0xCEBF, 0xDEBD, 0xE65A, 0xE5DA, 0xDDFB, 0xD5FC, 0xD63D, 0xCDDA, 0xD61B, 0xD5FB, 0xD5BA, 0xDE1B, 0xD5DB, 0xDDFC, 0xDDFB,   // 0x2B50 (11088) pixels
0xE63D, 0xBD18, 0x5A6D, 0x4A4C, 0x62AE, 0xACD6, 0xDE3C, 0xEE7E, 0xDE1C, 0xDDFB, 0xE63C, 0xE63C, 0xE63C, 0xDE3C, 0xD61C, 0xD63C,   // 0x2B60 (11104) pixels
0xD61A, 0xD61A, 0xDE7C, 0xEEFD, 0xF75E, 0xF77E, 0xF79E, 0xEF7D, 0xF79D, 0xB5B5, 0x0000, 0x0001, 0x0003, 0x4A6F, 0x6B56, 0x5AF6,   // 0x2B70 (11120) pixels
0x52F4, 0x52D4, 0x4A94, 0x4A95, 0x52B6, 0x52B5, 0x52B4, 0x52B4, 0x4B78, 0x21ED, 0x0001, 0x0000, 0x0000, 0x0000, 0x0000, 0x0000,   // 0x2B80 (11136) pixels
0x0000, 0x0000, 0x0000, 0x0000, 0x0000, 0x0000, 0x0000, 0x0000, 0x0000, 0x0000, 0x0000, 0x0000, 0x0000, 0x0000, 0x0000, 0x0000,   // 0x2B90 (11152) pixels
0x0000, 0x0000, 0x0000, 0x0000, 0x0000, 0x0000, 0x0000, 0x0000, 0x0000, 0x0000, 0x0000, 0x0000, 0x0000, 0x0000, 0x0000, 0x0000,   // 0x2BA0 (11168) pixels
0x0000, 0x0000, 0x0000, 0x0820, 0x1020, 0x5B2C, 0xA65C, 0x3BD5, 0x1B34, 0x2B75, 0x2BB6, 0x2B95, 0x2B96, 0x2B96, 0x2395, 0x2375,   // 0x2BB0 (11184) pixels
0x2396, 0x2375, 0x2374, 0x2BB5, 0x2395, 0x2395, 0x2B75, 0x33B6, 0xB5BD, 0xD65E, 0x8392, 0x72AE, 0x7B11, 0x7B32, 0x7312, 0x7B93,   // 0x2BC0 (11200) pixels
0x7B50, 0xBD58, 0xE65D, 0xDDFB, 0xE61C, 0xDDFC, 0xE63D, 0xDE1C, 0xDDFC, 0xDE3D, 0xD61C, 0xD63C, 0xD5FB, 0xE65C, 0xE63C, 0xD5BB,   // 0x2BD0 (11216) pixels
0xDE1C, 0xDDFB, 0xDE3C, 0xDE3C, 0xD61C, 0xD61C, 0xD61C, 0xD63C, 0xDE1B, 0xDE3C, 0xDE3B, 0xE69C, 0xDE9C, 0x9CB3, 0x738E, 0x73AE,   // 0x2BE0 (11232) pixels
0x842F, 0x5AEB, 0x0000, 0x0000, 0x0002, 0x2109, 0x5293, 0x6B38, 0x6335, 0x4A73, 0x4AB4, 0x52D5, 0x4AB5, 0x52B4, 0x5293, 0x5293,   // 0x2BF0 (11248) pixels
0x4378, 0x220D, 0x0000, 0x0000, 0x0000, 0x0000, 0x0000, 0x0000, 0x0000, 0x0000, 0x0000, 0x0000, 0x0000, 0x0000, 0x0000, 0x0000,   // 0x2C00 (11264) pixels
0x0000, 0x0000, 0x0000, 0x0000, 0x0000, 0x0000, 0x0000, 0x0000, 0x0000, 0x0000, 0x0000, 0x0000, 0x0000, 0x0000, 0x0000, 0x0000,   // 0x2C10 (11280) pixels
0x0000, 0x0000, 0x0000, 0x0000, 0x0000, 0x0000, 0x0000, 0x0000, 0x0000, 0x0000, 0x0000, 0x0800, 0x0000, 0x31C6, 0xA5D8, 0x74F8,   // 0x2C20 (11296) pixels
0x2354, 0x2375, 0x2B95, 0x2B95, 0x2B95, 0x2B95, 0x2B96, 0x2396, 0x2B96, 0x2B95, 0x2B74, 0x2B94, 0x2395, 0x2395, 0x2355, 0x4C38,   // 0x2C30 (11312) pixels
0xE67E, 0xBD59, 0x3989, 0x0825, 0x0006, 0x0827, 0x0806, 0x0005, 0x1003, 0x9C34, 0xEE9D, 0xDDFB, 0xDDFB, 0xDDDC, 0xDE1C, 0xDE1C,   // 0x2C40 (11328) pixels
0xDE1C, 0xD61C, 0xDE3D, 0xDE5D, 0xE63C, 0xEE3C, 0xE61C, 0xDE1D, 0xDE1C, 0xDE1C, 0xDE1C, 0xD5FC, 0xD5FC, 0xDE3D, 0xE67D, 0xE65D,   // 0x2C50 (11344) pixels
0xE63D, 0xE65D, 0xCDBA, 0xD61B, 0xCDF9, 0x526A, 0x0800, 0x0000, 0x0000, 0x0000, 0x0000, 0x0020, 0x0000, 0x0002, 0x39AC, 0x6B34,   // 0x2C60 (11360) pixels
0x5AB4, 0x5AD4, 0x52D4, 0x4AB4, 0x4AB4, 0x4A94, 0x4A93, 0x52B3, 0x4378, 0x220D, 0x0020, 0x0020, 0x0000, 0x0000, 0x0000, 0x0000,   // 0x2C70 (11376) pixels
0x0000, 0x0000, 0x0000, 0x0000, 0x0000, 0x0000, 0x0000, 0x0000, 0x0000, 0x0000, 0x0000, 0x0000, 0x0000, 0x0000, 0x0000, 0x0000,   // 0x2C80 (11392) pixels
0x0000, 0x0000, 0x0000, 0x0000, 0x0000, 0x0000, 0x0000, 0x0000, 0x0000, 0x0000, 0x0000, 0x0000, 0x0000, 0x0000, 0x0000, 0x0000,   // 0x2C90 (11408) pixels
0x0000, 0x0000, 0x0001, 0x0000, 0x0820, 0x0000, 0x3A8B, 0x7CF6, 0x3417, 0x2B95, 0x2354, 0x2B74, 0x2B95, 0x2B95, 0x2395, 0x2BB6,   // 0x2CA0 (11424) pixels
0x2B75, 0x2B75, 0x2B74, 0x2374, 0x23B5, 0x2BB6, 0x2355, 0x5479, 0x72CC, 0x3926, 0x18C5, 0x52AF, 0x31CE, 0x298E, 0x39CE, 0x18C9,   // 0x2CB0 (11440) pixels
0x0002, 0xA495, 0xFF1F, 0xE63C, 0xE61C, 0xE63D, 0xE65D, 0xDE3D, 0xDE3C, 0xD5FB, 0xD61D, 0xD5FC, 0xDDFB, 0xE61B, 0xDE1C, 0xE65D,   // 0x2CC0 (11456) pixels
0xE61C, 0xE65D, 0xE65E, 0xDE3D, 0xE63D, 0xEE7D, 0xE5FB, 0xCD39, 0xDDDC, 0xB4B7, 0x51EB, 0x3968, 0x520A, 0x1862, 0x0000, 0x0821,   // 0x2CD0 (11472) pixels
0x0001, 0x0001, 0x0000, 0x0000, 0x0000, 0x0000, 0x1084, 0x18C6, 0x39B0, 0x62F6, 0x52D5, 0x4294, 0x4AD5, 0x4AB4, 0x4AB4, 0x4A94,   // 0x2CE0 (11488) pixels
0x4397, 0x220C, 0x0020, 0x0020, 0x0000, 0x0000, 0x0000, 0x0000, 0x0000, 0x0000, 0x0000, 0x0000, 0x0000, 0x0000, 0x0000, 0x0000,   // 0x2CF0 (11504) pixels
0x0000, 0x0000, 0x0000, 0x0000, 0x0000, 0x0000, 0x0000, 0x0000, 0x0000, 0x0000, 0x0000, 0x0000, 0x0000, 0x0000, 0x0000, 0x0000,   // 0x2D00 (11520) pixels
0x0000, 0x0000, 0x0000, 0x0000, 0x0000, 0x0000, 0x0000, 0x0000, 0x0000, 0x0000, 0x0000, 0x0000, 0x0000, 0x0000, 0x0841, 0x9CD3,   // 0x2D10 (11536) pixels
0x75BB, 0x1AD2, 0x33B7, 0x2BB7, 0x1B74, 0x2BF5, 0x2374, 0x2B96, 0x3354, 0x2B54, 0x2375, 0x2376, 0x2395, 0x3394, 0x3332, 0x3331,   // 0x2D20 (11552) pixels
0x1042, 0x0000, 0x39C8, 0xAD3A, 0x6B18, 0x6AF9, 0x6335, 0x2148, 0x0802, 0x9C74, 0xEEFE, 0xDE7C, 0xD63B, 0xDE5C, 0xD63B, 0xDE5C,   // 0x2D30 (11568) pixels
0xDE3C, 0xE67D, 0xDE1C, 0xDE3C, 0xDDFB, 0xEE7D, 0xE63C, 0xE65D, 0xE67C, 0xDE5C, 0xDE3B, 0xDE5C, 0xDE5B, 0xDE7C, 0x8C12, 0x20A4,   // 0x2D40 (11584) pixels
0x3186, 0x2104, 0x0841, 0x0000, 0x0000, 0x0000, 0x0000, 0x0000, 0x0000, 0x0000, 0x0000, 0x0000, 0x0000, 0x0000, 0x0000, 0x0000,   // 0x2D50 (11600) pixels
0x2969, 0x52D2, 0x52B5, 0x4AB6, 0x4AB5, 0x52D4, 0x52B5, 0x5295, 0x4BB8, 0x220D, 0x0020, 0x0000, 0x0000, 0x0000, 0x0000, 0x0000,   // 0x2D60 (11616) pixels
0x0000, 0x0000, 0x0000, 0x0000, 0x0000, 0x0000, 0x0000, 0x0000, 0x0000, 0x0000, 0x0000, 0x0000, 0x0000, 0x0000, 0x0000, 0x0000,   // 0x2D70 (11632) pixels
0x0000, 0x0000, 0x0000, 0x0000, 0x0000, 0x0000, 0x0000, 0x0000, 0x0000, 0x0000, 0x0000, 0x0000, 0x0000, 0x0000, 0x0000, 0x0000,   // 0x2D80 (11648) pixels
0x0000, 0x0000, 0x0000, 0x0000, 0x0000, 0x0000, 0x0000, 0x528A, 0x7538, 0x4C36, 0x12F3, 0x23B6, 0x2395, 0x2333, 0x33B5, 0x2355,   // 0x2D90 (11664) pixels
0x3394, 0x2B95, 0x2396, 0x2BB7, 0x33B6, 0x1A8F, 0x0149, 0x00E7, 0x0000, 0x0000, 0x39E8, 0xBDDD, 0x62F7, 0x6B39, 0x4A51, 0x0043,   // 0x2DA0 (11680) pixels
0x0001, 0x4A0A, 0x732F, 0x6AED, 0x6AEE, 0x732F, 0x6B0E, 0x6AEE, 0xB4D6, 0xEEBE, 0xE67D, 0xE67D, 0xF6DE, 0xD5FB, 0x7B50, 0x6A8D,   // 0x2DB0 (11696) pixels
0x730E, 0x730E, 0x732E, 0x6B0E, 0x526B, 0x522A, 0x2906, 0x0001, 0x0000, 0x0000, 0x0000, 0x0000, 0x0000, 0x0000, 0x0000, 0x0000,   // 0x2DC0 (11712) pixels
0x0000, 0x0000, 0x0000, 0x0000, 0x0000, 0x0000, 0x0000, 0x0000, 0x0044, 0x18E9, 0x4251, 0x52F6, 0x4295, 0x4AB5, 0x52B5, 0x4A74,   // 0x2DD0 (11728) pixels
0x43B8, 0x220C, 0x0020, 0x0000, 0x0000, 0x0000, 0x0000, 0x0000, 0x0000, 0x0000, 0x0000, 0x0000, 0x0000, 0x0000, 0x0000, 0x0000,   // 0x2DE0 (11744) pixels
0x0000, 0x0000, 0x0000, 0x0000, 0x0000, 0x0000, 0x0000, 0x0000, 0x0000, 0x0000, 0x0000, 0x0000, 0x0000, 0x0000, 0x0000, 0x0000,   // 0x2DF0 (11760) pixels
0x0000, 0x0000, 0x0000, 0x0000, 0x0000, 0x0000, 0x0000, 0x0000, 0x0000, 0x0000, 0x0000, 0x0000, 0x0000, 0x0020, 0x0000, 0x0841,   // 0x2E00 (11776) pixels
0x5BD1, 0x7D79, 0x2BB4, 0x23B6, 0x2B96, 0x2B75, 0x3395, 0x2375, 0x2B75, 0x2375, 0x1B76, 0x33D6, 0x3373, 0x11AA, 0x0022, 0x0001,   // 0x2E10 (11792) pixels
0x0000, 0x0840, 0x3186, 0xA4D9, 0x7B78, 0x7358, 0x296B, 0x0001, 0x0000, 0x0000, 0x0801, 0x0001, 0x0821, 0x0822, 0x0822, 0x0001,   // 0x2E20 (11808) pixels
0x524B, 0x9453, 0x8BF1, 0x83D1, 0x9C94, 0x7B90, 0x20C5, 0x1022, 0x0802, 0x0822, 0x0822, 0x0842, 0x0000, 0x0000, 0x0000, 0x0000,   // 0x2E30 (11824) pixels
0x0000, 0x0000, 0x0000, 0x0000, 0x0000, 0x0000, 0x0000, 0x0000, 0x0000, 0x0000, 0x0000, 0x0000, 0x0000, 0x0000, 0x0000, 0x0000,   // 0x2E40 (11840) pixels
0x0002, 0x0003, 0x39CC, 0x52D3, 0x52D6, 0x52B6, 0x4A95, 0x4AB4, 0x4398, 0x21EC, 0x0000, 0x0000, 0x0000, 0x0000, 0x0000, 0x0000,   // 0x2E50 (11856) pixels
0x0000, 0x0000, 0x0000, 0x0000, 0x0000, 0x0000, 0x0000, 0x0000, 0x0000, 0x0000, 0x0000, 0x0000, 0x0000, 0x0000, 0x0000, 0x0000,   // 0x2E60 (11872) pixels
0x0000, 0x0000, 0x0000, 0x0000, 0x0000, 0x0000, 0x0000, 0x0000, 0x0000, 0x0000, 0x0000, 0x0000, 0x0000, 0x0000, 0x0000, 0x0000,   // 0x2E70 (11888) pixels
0x0000, 0x0000, 0x0000, 0x0000, 0x0000, 0x0020, 0x0000, 0x0000, 0x08A3, 0x5C32, 0x75DA, 0x1332, 0x2335, 0x3396, 0x2B55, 0x2B95,   // 0x2E80 (11904) pixels
0x2B95, 0x2376, 0x23B6, 0x33B5, 0x226E, 0x0084, 0x0000, 0x0800, 0x0000, 0x0000, 0x0821, 0x41EC, 0x83D8, 0x5272, 0x0025, 0x0000,   // 0x2E90 (11920) pixels
0x0020, 0x0000, 0x0000, 0x0020, 0x0000, 0x0000, 0x0000, 0x0000, 0x0001, 0x18A3, 0x1042, 0x1042, 0x1083, 0x1083, 0x0000, 0x0000,   // 0x2EA0 (11936) pixels
0x0000, 0x0000, 0x0000, 0x0000, 0x0000, 0x0000, 0x0000, 0x0000, 0x0000, 0x0000, 0x0000, 0x0000, 0x0000, 0x0000, 0x0000, 0x0020,   // 0x2EB0 (11952) pixels
0x0000, 0x0000, 0x0000, 0x0000, 0x0000, 0x0000, 0x0000, 0x0000, 0x0000, 0x0000, 0x1084, 0x298B, 0x5AF5, 0x52B6, 0x4254, 0x4AD5,   // 0x2EC0 (11968) pixels
0x4398, 0x21EC, 0x0000, 0x0000, 0x0000, 0x0000, 0x0000, 0x0000, 0x0000, 0x0000, 0x0000, 0x0000, 0x0000, 0x0000, 0x0000, 0x0000,   // 0x2ED0 (11984) pixels
0x0000, 0x0000, 0x0000, 0x0000, 0x0000, 0x0000, 0x0000, 0x0000, 0x0000, 0x0000, 0x0000, 0x0000, 0x0000, 0x0000, 0x0000, 0x0000,   // 0x2EE0 (12000) pixels
0x0000, 0x0000, 0x0000, 0x0000, 0x0000, 0x0000, 0x0000, 0x0000, 0x0000, 0x0000, 0x0000, 0x0000, 0x0000, 0x0000, 0x0020, 0x0000,   // 0x2EF0 (12016) pixels
0x0000, 0x3269, 0x967C, 0x3C15, 0x2B75, 0x2B76, 0x3396, 0x2B75, 0x2375, 0x1B55, 0x33F7, 0x3373, 0x0948, 0x0000, 0x0800, 0x0800,   // 0x2F00 (12032) pixels
0x0020, 0x0000, 0x0000, 0x1065, 0x7373, 0x39AC, 0x0002, 0x0020, 0x0000, 0x0000, 0x0020, 0x0020, 0x0000, 0x0000, 0x0000, 0x0000,   // 0x2F10 (12048) pixels
0x0000, 0x0000, 0x0000, 0x0020, 0x0000, 0x0000, 0x0020, 0x0020, 0x0000, 0x0000, 0x0000, 0x0000, 0x0020, 0x0020, 0x0000, 0x0000,   // 0x2F20 (12064) pixels
0x0000, 0x0000, 0x0000, 0x0000, 0x0000, 0x0000, 0x0000, 0x0000, 0x0000, 0x0000, 0x0000, 0x0000, 0x0000, 0x0000, 0x0000, 0x0000,   // 0x2F30 (12080) pixels
0x0000, 0x0020, 0x0000, 0x10A5, 0x4A50, 0x52B5, 0x52D6, 0x4AB4, 0x4398, 0x21EC, 0x0000, 0x0000, 0x0000, 0x0000, 0x0000, 0x0000,   // 0x2F40 (12096) pixels
0x0000, 0x0000, 0x0000, 0x0000, 0x0000, 0x0000, 0x0000, 0x0000, 0x0000, 0x0000, 0x0000, 0x0000, 0x0000, 0x0000, 0x0000, 0x0000,   // 0x2F50 (12112) pixels
0x0000, 0x0000, 0x0000, 0x0000, 0x0000, 0x0000, 0x0000, 0x0000, 0x0000, 0x0000, 0x0000, 0x0000, 0x0000, 0x0000, 0x0000, 0x0000,   // 0x2F60 (12128) pixels
0x0000, 0x0000, 0x0000, 0x0000, 0x0000, 0x0000, 0x0000, 0x0000, 0x0000, 0x08A2, 0x53D0, 0x9E7E, 0x33B6, 0x1B55, 0x2B96, 0x2B94,   // 0x2F70 (12144) pixels
0x2375, 0x1B55, 0x33D6, 0x2AB0, 0x0063, 0x0000, 0x0800, 0x0000, 0x0000, 0x0000, 0x0000, 0x0001, 0x2948, 0x1065, 0x0001, 0x0000,   // 0x2F80 (12160) pixels
0x0000, 0x0000, 0x0000, 0x0000, 0x0000, 0x0020, 0x0000, 0x0000, 0x0000, 0x0000, 0x0000, 0x0020, 0x0000, 0x0000, 0x0000, 0x0000,   // 0x2F90 (12176) pixels
0x0000, 0x0000, 0x0000, 0x0000, 0x0000, 0x0000, 0x0000, 0x0000, 0x0000, 0x0000, 0x0000, 0x0000, 0x0000, 0x0000, 0x0000, 0x0000,   // 0x2FA0 (12192) pixels
0x0000, 0x0000, 0x0000, 0x0000, 0x0000, 0x0000, 0x0000, 0x0000, 0x0000, 0x0000, 0x0000, 0x0021, 0x10A6, 0x39CE, 0x5B15, 0x4273,   // 0x2FB0 (12208) pixels
0x4398, 0x21EC, 0x0000, 0x0000, 0x0000, 0x0000, 0x0000, 0x0000, 0x0000, 0x0000, 0x0000, 0x0000, 0x0000, 0x0000, 0x0000, 0x0000,   // 0x2FC0 (12224) pixels
0x0000, 0x0000, 0x0000, 0x0000, 0x0000, 0x0000, 0x0000, 0x0000, 0x0000, 0x0000, 0x0000, 0x0000, 0x0000, 0x0000, 0x0000, 0x0000,   // 0x2FD0 (12240) pixels
0x0000, 0x0000, 0x0000, 0x0000, 0x0000, 0x0000, 0x0000, 0x0000, 0x0000, 0x0000, 0x0000, 0x0000, 0x0000, 0x0000, 0x0000, 0x0000,   // 0x2FE0 (12256) pixels
0x0000, 0x0040, 0x2987, 0xAE7D, 0x33F5, 0x1B75, 0x1B54, 0x3374, 0x33B6, 0x2B96, 0x3395, 0x11CB, 0x0001, 0x0800, 0x0000, 0x0001,   // 0x2FF0 (12272) pixels
0x0000, 0x0000, 0x0020, 0x0000, 0x0000, 0x0000, 0x0000, 0x0000, 0x0000, 0x0000, 0x0000, 0x0000, 0x0000, 0x0000, 0x0000, 0x0000,   // 0x3000 (12288) pixels
0x0000, 0x0020, 0x0000, 0x0000, 0x0000, 0x0020, 0x0000, 0x0000, 0x0000, 0x0000, 0x0000, 0x0000, 0x0000, 0x0000, 0x0000, 0x0000,   // 0x3010 (12304) pixels
0x0000, 0x0000, 0x0000, 0x0000, 0x0000, 0x0000, 0x0020, 0x0020, 0x0000, 0x0000, 0x0000, 0x0000, 0x0000, 0x0000, 0x0000, 0x0000,   // 0x3020 (12320) pixels
0x0021, 0x0000, 0x0000, 0x0000, 0x0000, 0x2128, 0x4A71, 0x5AF5, 0x43B8, 0x220C, 0x0020, 0x0000, 0x0000, 0x0000, 0x0000, 0x0000,   // 0x3030 (12336) pixels
0x0000, 0x0000, 0x0000, 0x0000, 0x0000, 0x0000, 0x0000, 0x0000, 0x0000, 0x0000, 0x0000, 0x0000, 0x0000, 0x0000, 0x0000, 0x0000,   // 0x3040 (12352) pixels
0x0000, 0x0000, 0x0000, 0x0000, 0x0000, 0x0000, 0x0000, 0x0000, 0x0000, 0x0000, 0x0000, 0x0000, 0x0000, 0x0000, 0x0000, 0x0000,   // 0x3050 (12368) pixels
0x0000, 0x0000, 0x0000, 0x0000, 0x0000, 0x0000, 0x0020, 0x0000, 0x0020, 0x0000, 0x0841, 0x2A2B, 0x1B31, 0x1395, 0x2BD6, 0x3354,   // 0x3060 (12384) pixels
0x2B75, 0x2B75, 0x2B33, 0x0128, 0x0000, 0x0800, 0x0000, 0x0022, 0x0000, 0x0020, 0x0000, 0x0000, 0x0020, 0x0000, 0x0000, 0x0000,   // 0x3070 (12400) pixels
0x0000, 0x0000, 0x0000, 0x0021, 0x0000, 0x0000, 0x0000, 0x0000, 0x0000, 0x0000, 0x0000, 0x0000, 0x0000, 0x0000, 0x0000, 0x0000,   // 0x3080 (12416) pixels
0x0000, 0x0000, 0x0821, 0x0000, 0x0000, 0x0000, 0x0020, 0x0000, 0x0000, 0x0000, 0x0000, 0x0000, 0x0000, 0x0000, 0x0000, 0x0000,   // 0x3090 (12432) pixels
0x0000, 0x0000, 0x0000, 0x0000, 0x0000, 0x0000, 0x0000, 0x0000, 0x0000, 0x0000, 0x0000, 0x0000, 0x0000, 0x0822, 0x1088, 0x5274,   // 0x30A0 (12448) pixels
0x4BB8, 0x220D, 0x0020, 0x0000, 0x0000, 0x0000, 0x0000, 0x0000, 0x0000, 0x0000, 0x0000, 0x0000, 0x0000, 0x0000, 0x0000, 0x0000,   // 0x30B0 (12464) pixels
0x0000, 0x0000, 0x0000, 0x0000, 0x0000, 0x0000, 0x0000, 0x0000, 0x0000, 0x0000, 0x0000, 0x0000, 0x0000, 0x0000, 0x0000, 0x0000,   // 0x30C0 (12480) pixels
0x0000, 0x0000, 0x0000, 0x0000, 0x0000, 0x0000, 0x0000, 0x0000, 0x0000, 0x0000, 0x0000, 0x0000, 0x0000, 0x0000, 0x0000, 0x0000,   // 0x30D0 (12496) pixels
0x0000, 0x0000, 0x0000, 0x0020, 0x5433, 0x44B8, 0x1334, 0x2B55, 0x2B74, 0x2BD7, 0x2312, 0x0042, 0x0800, 0x0000, 0x0000, 0x0000,   // 0x30E0 (12512) pixels
0x0000, 0x0000, 0x0000, 0x0000, 0x0000, 0x0000, 0x0000, 0x0000, 0x0000, 0x0000, 0x0000, 0x0000, 0x0000, 0x0000, 0x0000, 0x0000,   // 0x30F0 (12528) pixels
0x0000, 0x0000, 0x0000, 0x0000, 0x0000, 0x0000, 0x0000, 0x0000, 0x0000, 0x0000, 0x0000, 0x0000, 0x0000, 0x0000, 0x0000, 0x0000,   // 0x3100 (12544) pixels
0x0000, 0x0000, 0x0000, 0x0000, 0x0000, 0x0000, 0x0000, 0x0000, 0x0000, 0x0000, 0x0000, 0x0000, 0x0000, 0x0000, 0x0000, 0x0000,   // 0x3110 (12560) pixels
0x0000, 0x0000, 0x0000, 0x0000, 0x0001, 0x0000, 0x0022, 0x3188, 0x4B73, 0x21CB, 0x0043, 0x0000, 0x0000, 0x0000, 0x0000, 0x0000,   // 0x3120 (12576) pixels
0x0000, 0x0000, 0x0000, 0x0000, 0x0000, 0x0000, 0x0000, 0x0000, 0x0000, 0x0000, 0x0000, 0x0000, 0x0000, 0x0000, 0x0000, 0x0000,   // 0x3130 (12592) pixels
0x0000, 0x0000, 0x0000, 0x0000, 0x0000, 0x0000, 0x0000, 0x0000, 0x0000, 0x0000, 0x0000, 0x0000, 0x0000, 0x0000, 0x0000, 0x0000,   // 0x3140 (12608) pixels
0x0000, 0x0000, 0x0000, 0x0000, 0x0000, 0x0000, 0x0000, 0x0000, 0x0000, 0x0000, 0x0000, 0x08A2, 0x7D98, 0x763E, 0x1B75, 0x2B55,   // 0x3150 (12624) pixels
0x2B74, 0x2BD7, 0x2312, 0x0042, 0x0800, 0x0000, 0x0000, 0x0000, 0x0000, 0x0000, 0x0000, 0x0000, 0x0000, 0x0000, 0x0000, 0x0000,   // 0x3160 (12640) pixels
0x0000, 0x0000, 0x0000, 0x0000, 0x0000, 0x0000, 0x0000, 0x0000, 0x0000, 0x0000, 0x0000, 0x0000, 0x0000, 0x0000, 0x0000, 0x0000,   // 0x3170 (12656) pixels
0x0000, 0x0000, 0x0000, 0x0000, 0x0000, 0x0000, 0x0000, 0x0000, 0x0000, 0x0000, 0x0000, 0x0000, 0x0000, 0x0000, 0x0000, 0x0000,   // 0x3180 (12672) pixels
0x0000, 0x0000, 0x0000, 0x0000, 0x0000, 0x0000, 0x0000, 0x0000, 0x0000, 0x0020, 0x0000, 0x0000, 0x0000, 0x0000, 0x0001, 0x1083,   // 0x3190 (12688) pixels
0x198A, 0x08C6, 0x0021, 0x0000, 0x0000, 0x0000, 0x0000, 0x0021, 0x0000, 0x0000, 0x0000, 0x0000, 0x0000, 0x0000, 0x0000, 0x0000,   // 0x31A0 (12704) pixels
0x0000, 0x0000, 0x0000, 0x0000, 0x0000, 0x0000, 0x0000, 0x0000, 0x0000, 0x0000, 0x0000, 0x0000, 0x0000, 0x0000, 0x0000, 0x0000,   // 0x31B0 (12720) pixels
0x0000, 0x0000, 0x0000, 0x0000, 0x0000, 0x0000, 0x0000, 0x0000, 0x0000, 0x0000, 0x0000, 0x0000, 0x0000, 0x0000, 0x0000, 0x0000,   // 0x31C0 (12736) pixels
0x0000, 0x0000, 0x0000, 0x0041, 0x5432, 0x75FD, 0x1B55, 0x2334, 0x2B74, 0x2BD7, 0x2312, 0x0042, 0x0800, 0x0000, 0x0000, 0x0000,   // 0x31D0 (12752) pixels
0x0000, 0x0000, 0x0000, 0x0000, 0x0000, 0x0000, 0x0000, 0x0000, 0x0000, 0x0000, 0x0000, 0x0000, 0x0000, 0x0000, 0x0000, 0x0000,   // 0x31E0 (12768) pixels
0x0000, 0x0000, 0x0000, 0x0000, 0x0000, 0x0000, 0x0000, 0x0000, 0x0000, 0x0000, 0x0000, 0x0000, 0x0000, 0x0000, 0x0000, 0x0000,   // 0x31F0 (12784) pixels
0x0000, 0x0000, 0x0000, 0x0000, 0x0000, 0x0000, 0x0000, 0x0000, 0x0000, 0x0000, 0x0000, 0x0000, 0x0000, 0x0000, 0x0000, 0x0000,   // 0x3200 (12800) pixels
0x0000, 0x0000, 0x0000, 0x0000, 0x0000, 0x0000, 0x0000, 0x0000, 0x0002, 0x0001, 0x0000, 0x0000, 0x0000, 0x0000, 0x0000, 0x0000,   // 0x3210 (12816) pixels
0x0000, 0x0000, 0x0000, 0x0000, 0x0000, 0x0000, 0x0000, 0x0000, 0x0000, 0x0000, 0x0000, 0x0000, 0x0000, 0x0000, 0x0000, 0x0000,   // 0x3220 (12832) pixels
0x0000, 0x0000, 0x0000, 0x0000, 0x0000, 0x0000, 0x0000, 0x0000, 0x0000, 0x0000, 0x0000, 0x0000, 0x0000, 0x0000, 0x0000, 0x0000,   // 0x3230 (12848) pixels
0x0000, 0x0000, 0x0000, 0x0000, 0x0000, 0x0000, 0x0000, 0x0000, 0x0020, 0x0000, 0x0000, 0x0000, 0x11EA, 0x5D3A, 0x1B95, 0x2B55,   // 0x3240 (12864) pixels
0x2B74, 0x2BD7, 0x2312, 0x0042, 0x0800, 0x0000, 0x0000, 0x0000, 0x0000, 0x0000, 0x0000, 0x0000, 0x0000, 0x0000, 0x0000, 0x0000,   // 0x3250 (12880) pixels
0x0000, 0x0000, 0x0000, 0x0000, 0x0000, 0x0000, 0x0000, 0x0000, 0x0000, 0x0000, 0x0000, 0x0000, 0x0000, 0x0000, 0x0000, 0x0000,   // 0x3260 (12896) pixels
0x0000, 0x0000, 0x0000, 0x0000, 0x0000, 0x0000, 0x0000, 0x0000, 0x0000, 0x0000, 0x0000, 0x0000, 0x0000, 0x0000, 0x0000, 0x0000,   // 0x3270 (12912) pixels
0x0000, 0x0000, 0x0000, 0x0000, 0x0000, 0x0000, 0x0000, 0x0000, 0x0000, 0x0000, 0x0000, 0x0000, 0x0000, 0x0021, 0x0001, 0x0000,   // 0x3280 (12928) pixels
0x0000, 0x0000, 0x0000, 0x0000, 0x0000, 0x0000, 0x0000, 0x0000, 0x0000, 0x0000, 0x0000, 0x0000, 0x0000, 0x0000, 0x0000, 0x0000,   // 0x3290 (12944) pixels
0x0000, 0x0000, 0x0000, 0x0000, 0x0000, 0x0000, 0x0000, 0x0000, 0x0000, 0x0000, 0x0000, 0x0000, 0x0000, 0x0000, 0x0000, 0x0000,   // 0x32A0 (12960) pixels
0x0000, 0x0000, 0x0000, 0x0000, 0x0000, 0x0000, 0x0000, 0x0000, 0x0000, 0x0000, 0x0000, 0x0000, 0x0000, 0x0000, 0x0000, 0x0000,   // 0x32B0 (12976) pixels
0x0000, 0x0000, 0x0800, 0x0000, 0x0988, 0x657B, 0x23B6, 0x2354, 0x2B74, 0x2BD7, 0x2312, 0x0042, 0x0800, 0x0000, 0x0000, 0x0000,   // 0x32C0 (12992) pixels
0x0000, 0x0000, 0x0000, 0x0000, 0x0000, 0x0000, 0x0000, 0x0000, 0x0000, 0x0000, 0x0000, 0x0000, 0x0000, 0x0000, 0x0000, 0x0000,   // 0x32D0 (13008) pixels
0x0000, 0x0000, 0x0000, 0x0000, 0x0000, 0x0000, 0x0000, 0x0000, 0x0000, 0x0000, 0x0000, 0x0000, 0x0000, 0x0000, 0x0000, 0x0000,   // 0x32E0 (13024) pixels
0x0000, 0x0000, 0x0000, 0x0000, 0x0000, 0x0000, 0x0000, 0x0000, 0x0000, 0x0000, 0x0000, 0x0000, 0x0000, 0x0000, 0x0000, 0x0000,   // 0x32F0 (13040) pixels
0x0020, 0x0000, 0x0000, 0x0000, 0x0000, 0x0000, 0x0000, 0x0000, 0x0820, 0x0000, 0x0000, 0x0000, 0x0000, 0x0000, 0x0000, 0x0000,   // 0x3300 (13056) pixels
0x0000, 0x0000, 0x0000, 0x0000, 0x0000, 0x0000, 0x0000, 0x0000, 0x0000, 0x0000, 0x0000, 0x0000, 0x0000, 0x0000, 0x0000, 0x0000,   // 0x3310 (13072) pixels
0x0000, 0x0000, 0x0000, 0x0000, 0x0000, 0x0000, 0x0000, 0x0000, 0x0000, 0x0000, 0x0000, 0x0000, 0x0000, 0x0000, 0x0000, 0x0000,   // 0x3320 (13088) pixels
0x0000, 0x0000, 0x0000, 0x0000, 0x0000, 0x0000, 0x0000, 0x0000, 0x0000, 0x0000, 0x0000, 0x0000, 0x11C9, 0x657B, 0x1B54, 0x2354,   // 0x3330 (13104) pixels
0x2B74, 0x2BD7, 0x2312, 0x0042, 0x0800, 0x0000, 0x0000, 0x0000, 0x0000, 0x0000, 0x0000, 0x0000, 0x0000, 0x0000, 0x0000, 0x0000,   // 0x3340 (13120) pixels
0x0000, 0x0000, 0x0000, 0x0000, 0x0000, 0x0000, 0x0000, 0x0000, 0x0000, 0x0000, 0x0000, 0x0000, 0x0000, 0x0000, 0x0000, 0x0000,   // 0x3350 (13136) pixels
0x0000, 0x0000, 0x0000, 0x0000, 0x0000, 0x0000, 0x0000, 0x0000, 0x0000, 0x0000, 0x0000, 0x0000, 0x0000, 0x0000, 0x0000, 0x0000,   // 0x3360 (13152) pixels
0x0000, 0x0000, 0x0000, 0x0000, 0x0000, 0x0000, 0x0000, 0x0000, 0x0000, 0x0000, 0x0000, 0x0000, 0x0000, 0x0000, 0x0000, 0x0000,   // 0x3370 (13168) pixels
0x0000, 0x0000, 0x0000, 0x0000, 0x0000, 0x0000, 0x0000, 0x0020, 0x0000, 0x0000, 0x0000, 0x0000, 0x0000, 0x0000, 0x0000, 0x0000,   // 0x3380 (13184) pixels
0x0000, 0x0000, 0x0000, 0x0000, 0x0000, 0x0000, 0x0000, 0x0000, 0x0000, 0x0000, 0x0000, 0x0000, 0x0000, 0x0000, 0x0000, 0x0000,   // 0x3390 (13200) pixels
0x0000, 0x0000, 0x0000, 0x0000, 0x0000, 0x0000, 0x0000, 0x0000, 0x0000, 0x0000, 0x0000, 0x0000, 0x0000, 0x0000, 0x0000, 0x0000,   // 0x33A0 (13216) pixels
0x0020, 0x0020, 0x0800, 0x0000, 0x1188, 0x5D39, 0x1B74, 0x2B95, 0x2B74, 0x2BD7, 0x2312, 0x0042, 0x0800, 0x0000, 0x0000, 0x0000,   // 0x33B0 (13232) pixels
0x0000, 0x0000, 0x0000, 0x0000, 0x0000, 0x0000, 0x0000, 0x0000, 0x0000, 0x0000, 0x0000, 0x0000, 0x0000, 0x0000, 0x0000, 0x0000,   // 0x33C0 (13248) pixels
0x0000, 0x0000, 0x0000, 0x0000, 0x0000, 0x0000, 0x0000, 0x0000, 0x0000, 0x0000, 0x0000, 0x0000, 0x0000, 0x0000, 0x0000, 0x0000,   // 0x33D0 (13264) pixels
0x0000, 0x0000, 0x0000, 0x0000, 0x0000, 0x0000, 0x0000, 0x0000, 0x0000, 0x0000, 0x0000, 0x0000, 0x0000, 0x0000, 0x0000, 0x0000,   // 0x33E0 (13280) pixels
0x0000, 0x0000, 0x0000, 0x0000, 0x0000, 0x0000, 0x0000, 0x0000, 0x0000, 0x0000, 0x0000, 0x0000, 0x0000, 0x0000, 0x0000, 0x0000,   // 0x33F0 (13296) pixels
0x0000, 0x0000, 0x0000, 0x0000, 0x0000, 0x0000, 0x0000, 0x0000, 0x0000, 0x0000, 0x0000, 0x0000, 0x0000, 0x0000, 0x0000, 0x0000,   // 0x3400 (13312) pixels
0x0000, 0x0000, 0x0000, 0x0000, 0x0000, 0x0000, 0x0000, 0x0000, 0x0000, 0x0000, 0x0000, 0x0000, 0x0000, 0x0000, 0x0000, 0x0000,   // 0x3410 (13328) pixels
0x0000, 0x0000, 0x0000, 0x0000, 0x0000, 0x0000, 0x0000, 0x0000, 0x0000, 0x0000, 0x0800, 0x0800, 0x0947, 0x5CF9, 0x23D6, 0x2354,   // 0x3420 (13344) pixels
0x2B74, 0x2BD7, 0x2312, 0x0042, 0x0800, 0x0000, 0x0000, 0x0000, 0x0000, 0x0000, 0x0000, 0x0000, 0x0000, 0x0000, 0x0000, 0x0000,   // 0x3430 (13360) pixels
0x0000, 0x0000, 0x0000, 0x0000, 0x0000, 0x0000, 0x0000, 0x0000, 0x0000, 0x0000, 0x0000, 0x0000, 0x0000, 0x0000, 0x0000, 0x0000,   // 0x3440 (13376) pixels
0x0000, 0x0000, 0x0000, 0x0000, 0x0000, 0x0000, 0x0000, 0x0000, 0x0000, 0x0000, 0x0000, 0x0000, 0x0000, 0x0000, 0x0000, 0x0000,   // 0x3450 (13392) pixels
0x0000, 0x0000, 0x0000, 0x0000, 0x0000, 0x0000, 0x0000, 0x0000, 0x0000, 0x0841, 0x0000, 0x0000, 0x0000, 0x0000, 0x0000, 0x0000,   // 0x3460 (13408) pixels
0x0000, 0x0000, 0x0000, 0x0000, 0x0000, 0x0000, 0x0000, 0x0000, 0x0000, 0x0000, 0x0000, 0x0000, 0x0000, 0x0000, 0x0000, 0x0000,   // 0x3470 (13424) pixels
0x0000, 0x0000, 0x0000, 0x0000, 0x0000, 0x0000, 0x0000, 0x0000, 0x0000, 0x0000, 0x0000, 0x0000, 0x0000, 0x0000, 0x0000, 0x0000,   // 0x3480 (13440) pixels
0x0000, 0x0000, 0x0000, 0x0000, 0x0000, 0x0000, 0x0000, 0x0000, 0x0000, 0x0000, 0x0000, 0x0000, 0x0000, 0x0000, 0x0000, 0x0000,   // 0x3490 (13456) pixels
0x0000, 0x0000, 0x0000, 0x0001, 0x2A6C, 0x5D39, 0x1333, 0x2B76, 0x2B74, 0x2BD7, 0x2312, 0x0042, 0x0800, 0x0000, 0x0000, 0x0000,   // 0x34A0 (13472) pixels
0x0000, 0x0000, 0x0000, 0x0000, 0x0000, 0x0000, 0x0000, 0x0000, 0x0000, 0x0000, 0x0000, 0x0000, 0x0000, 0x0000, 0x0000, 0x0000,   // 0x34B0 (13488) pixels
0x0000, 0x0000, 0x0000, 0x0000, 0x0000, 0x0000, 0x0000, 0x0000, 0x0000, 0x0000, 0x0000, 0x0000, 0x0000, 0x0000, 0x0000, 0x0000,   // 0x34C0 (13504) pixels
0x0000, 0x0000, 0x0000, 0x0000, 0x0000, 0x0000, 0x0000, 0x0000, 0x0000, 0x0000, 0x0000, 0x0000, 0x0000, 0x0000, 0x0000, 0x0000,   // 0x34D0 (13520) pixels
0x0000, 0x0000, 0x0000, 0x0000, 0x0000, 0x0000, 0x0000, 0x0000, 0x0000, 0x0000, 0x0000, 0x0000, 0x0000, 0x0000, 0x0000, 0x0000,   // 0x34E0 (13536) pixels
0x0000, 0x0000, 0x0000, 0x0000, 0x0000, 0x0000, 0x0000, 0x0000, 0x0000, 0x0000, 0x0000, 0x0000, 0x0000, 0x0000, 0x0000, 0x0000,   // 0x34F0 (13552) pixels
0x0000, 0x0000, 0x0000, 0x0000, 0x0000, 0x0000, 0x0000, 0x0000, 0x0000, 0x0000, 0x0000, 0x0000, 0x0000, 0x0000, 0x0000, 0x0000,   // 0x3500 (13568) pixels
0x0000, 0x0000, 0x0000, 0x0000, 0x0000, 0x0000, 0x0000, 0x0000, 0x0000, 0x0020, 0x0000, 0x0021, 0x4B70, 0x6579, 0x1333, 0x2B76,   // 0x3510 (13584) pixels
0x2B74, 0x2BD7, 0x2312, 0x0042, 0x0800, 0x0000, 0x0000, 0x0000, 0x0000, 0x0000, 0x0000, 0x0000, 0x0000, 0x0000, 0x0000, 0x0000,   // 0x3520 (13600) pixels
0x0000, 0x0000, 0x0000, 0x0000, 0x0000, 0x0000, 0x0000, 0x0000, 0x0000, 0x0000, 0x0000, 0x0000, 0x0000, 0x0000, 0x0000, 0x0000,   // 0x3530 (13616) pixels
0x0000, 0x0000, 0x0000, 0x0000, 0x0000, 0x0000, 0x0000, 0x0000, 0x0000, 0x0000, 0x0000, 0x0000, 0x0000, 0x0000, 0x0000, 0x0000,   // 0x3540 (13632) pixels
0x0000, 0x0000, 0x0000, 0x0000, 0x0000, 0x0000, 0x0000, 0x0000, 0x0000, 0x0000, 0x0000, 0x0000, 0x0000, 0x0000, 0x0000, 0x0000,   // 0x3550 (13648) pixels
0x0000, 0x0000, 0x0000, 0x0000, 0x0000, 0x0000, 0x0000, 0x0000, 0x0000, 0x0000, 0x0000, 0x0000, 0x0000, 0x0000, 0x0000, 0x0000,   // 0x3560 (13664) pixels
0x0000, 0x0000, 0x0000, 0x0000, 0x0000, 0x0000, 0x0000, 0x0000, 0x0000, 0x0000, 0x0000, 0x0000, 0x0000, 0x0000, 0x0000, 0x0000,   // 0x3570 (13680) pixels
0x0000, 0x0000, 0x0000, 0x0000, 0x0000, 0x0000, 0x0000, 0x0000, 0x0000, 0x0000, 0x0000, 0x0000, 0x0000, 0x0000, 0x0000, 0x0000,   // 0x3580 (13696) pixels
0x0000, 0x0020, 0x0000, 0x0000, 0x3AAC, 0x5495, 0x1312, 0x2376, 0x2B74, 0x2BD7, 0x2312, 0x0042, 0x0800, 0x0000, 0x0000, 0x0000,   // 0x3590 (13712) pixels
0x0000, 0x0000, 0x0000, 0x0000, 0x0000, 0x0000, 0x0000, 0x0000, 0x0000, 0x0000, 0x0000, 0x0000, 0x0000, 0x0000, 0x0000, 0x0000,   // 0x35A0 (13728) pixels
0x0000, 0x0000, 0x0000, 0x0000, 0x0000, 0x0000, 0x0000, 0x0000, 0x0000, 0x0000, 0x0000, 0x0000, 0x0000, 0x0000, 0x0000, 0x0000,   // 0x35B0 (13744) pixels
0x0000, 0x0000, 0x0000, 0x0000, 0x0000, 0x0000, 0x0000, 0x0000, 0x0000, 0x0000, 0x0000, 0x0000, 0x0000, 0x0000, 0x0000, 0x0000,   // 0x35C0 (13760) pixels
0x0000, 0x0000, 0x0000, 0x0000, 0x0000, 0x0000, 0x0000, 0x0000, 0x0000, 0x0000, 0x0000, 0x0000, 0x0000, 0x0000, 0x0000, 0x0000,   // 0x35D0 (13776) pixels
0x0000, 0x0000, 0x0000, 0x0000, 0x0000, 0x0000, 0x0000, 0x0000, 0x0000, 0x0000, 0x0000, 0x0000, 0x0000, 0x0000, 0x0000, 0x0000,   // 0x35E0 (13792) pixels
0x0000, 0x0000, 0x0000, 0x0000, 0x0000, 0x0000, 0x0000, 0x0000, 0x0000, 0x0000, 0x0000, 0x0000, 0x0000, 0x0000, 0x0000, 0x0000,   // 0x35F0 (13808) pixels
0x0000, 0x0000, 0x0000, 0x0000, 0x0000, 0x0000, 0x0000, 0x0000, 0x0000, 0x0000, 0x0000, 0x0000, 0x00C4, 0x4C12, 0x2373, 0x2376,   // 0x3600 (13824) pixels
0x2B74, 0x2BD7, 0x2312, 0x0042, 0x0800, 0x0000, 0x0000, 0x0000, 0x0000, 0x0000, 0x0000, 0x0000, 0x0000, 0x0000, 0x0000, 0x0000,   // 0x3610 (13840) pixels
0x0000, 0x0000, 0x0000, 0x0000, 0x0000, 0x0000, 0x0000, 0x0000, 0x0000, 0x0000, 0x0000, 0x0000, 0x0000, 0x0000, 0x0000, 0x0000,   // 0x3620 (13856) pixels
0x0000, 0x0000, 0x0000, 0x0000, 0x0000, 0x0000, 0x0000, 0x0000, 0x0000, 0x0000, 0x0000, 0x0000, 0x0000, 0x0000, 0x0000, 0x0000,   // 0x3630 (13872) pixels
0x0000, 0x0000, 0x0000, 0x0000, 0x0000, 0x0000, 0x0000, 0x0000, 0x0000, 0x0000, 0x0000, 0x0000, 0x0000, 0x0000, 0x0000, 0x0000,   // 0x3640 (13888) pixels
0x0000, 0x0000, 0x0000, 0x0000, 0x0000, 0x0000, 0x0000, 0x0000, 0x0000, 0x0000, 0x0000, 0x0000, 0x0000, 0x0000, 0x0000, 0x0000,   // 0x3650 (13904) pixels
0x0000, 0x0000, 0x0000, 0x0000, 0x0000, 0x0000, 0x0000, 0x0000, 0x0000, 0x0000, 0x0000, 0x0000, 0x0000, 0x0000, 0x0000, 0x0000,   // 0x3660 (13920) pixels
0x0000, 0x0000, 0x0000, 0x0000, 0x0000, 0x0000, 0x0000, 0x0000, 0x0000, 0x0000, 0x0000, 0x0000, 0x0000, 0x0000, 0x0000, 0x0000,   // 0x3670 (13936) pixels
0x0000, 0x0000, 0x0000, 0x0000, 0x0041, 0x8597, 0x4456, 0x2356, 0x2B74, 0x2BD7, 0x2312, 0x0042, 0x0800, 0x0000, 0x0000, 0x0000,   // 0x3680 (13952) pixels
0x0000, 0x0000, 0x0000, 0x0000, 0x0000, 0x0000, 0x0000, 0x0000, 0x0000, 0x0000, 0x0000, 0x0000, 0x0000, 0x0000, 0x0000, 0x0000,   // 0x3690 (13968) pixels
0x0000, 0x0000, 0x0000, 0x0000, 0x0000, 0x0000, 0x0000, 0x0000, 0x0000, 0x0000, 0x0000, 0x0000, 0x0000, 0x0000, 0x0000, 0x0000,   // 0x36A0 (13984) pixels
0x0000, 0x0000, 0x0000, 0x0000, 0x0000, 0x0000, 0x0000, 0x0000, 0x0000, 0x0000, 0x0000, 0x0000, 0x0000, 0x0000, 0x0000, 0x0000,   // 0x36B0 (14000) pixels
0x0000, 0x0000, 0x0000, 0x0000, 0x0000, 0x0000, 0x0000, 0x0000, 0x0000, 0x0000, 0x0000, 0x0000, 0x0000, 0x0000, 0x0000, 0x0000,   // 0x36C0 (14016) pixels
0x0000, 0x0000, 0x0000, 0x0000, 0x0000, 0x0000, 0x0000, 0x0000, 0x0000, 0x0000, 0x0000, 0x0000, 0x0000, 0x0000, 0x0000, 0x0000,   // 0x36D0 (14032) pixels
0x0000, 0x0000, 0x0000, 0x0000, 0x0000, 0x0000, 0x0000, 0x0000, 0x0000, 0x0000, 0x0000, 0x0000, 0x0000, 0x0000, 0x0000, 0x0000,   // 0x36E0 (14048) pixels
0x0000, 0x0000, 0x0000, 0x0000, 0x0000, 0x0000, 0x0000, 0x0000, 0x0000, 0x0020, 0x0000, 0x0000, 0x10C2, 0xC75D, 0x5CF8, 0x12F4,   // 0x36F0 (14064) pixels
0x2B74, 0x2BD7, 0x2312, 0x0042, 0x0800, 0x0000, 0x0000, 0x0000, 0x0000, 0x0000, 0x0000, 0x0000, 0x0000, 0x0000, 0x0000, 0x0000,   // 0x3700 (14080) pixels
0x0000, 0x0000, 0x0000, 0x0000, 0x0000, 0x0000, 0x0000, 0x0000, 0x0000, 0x0000, 0x0000, 0x0000, 0x0000, 0x0000, 0x0000, 0x0000,   // 0x3710 (14096) pixels
0x0000, 0x0000, 0x0000, 0x0000, 0x0000, 0x0000, 0x0000, 0x0000, 0x0000, 0x0000, 0x0000, 0x0000, 0x0000, 0x0000, 0x0000, 0x0000,   // 0x3720 (14112) pixels
0x0000, 0x0000, 0x0000, 0x0000, 0x0000, 0x0000, 0x0000, 0x0000, 0x0000, 0x0000, 0x0000, 0x0000, 0x0000, 0x0000, 0x0000, 0x0000,   // 0x3730 (14128) pixels
0x0000, 0x0000, 0x0000, 0x0000, 0x0000, 0x0000, 0x0000, 0x0000, 0x0000, 0x0000, 0x0000, 0x0000, 0x0000, 0x0000, 0x0000, 0x0000,   // 0x3740 (14144) pixels
0x0000, 0x0000, 0x0000, 0x0000, 0x0000, 0x0000, 0x0000, 0x0000, 0x0000, 0x0000, 0x0000, 0x0000, 0x0000, 0x0000, 0x0000, 0x0000,   // 0x3750 (14160) pixels
0x0000, 0x0000, 0x0000, 0x0000, 0x0000, 0x0000, 0x0000, 0x0000, 0x0000, 0x0000, 0x0000, 0x0000, 0x0000, 0x0000, 0x0000, 0x0000,   // 0x3760 (14176) pixels
0x0800, 0x0021, 0x0000, 0x0000, 0x18C1, 0xD77D, 0x6D39, 0x0AD4, 0x2B74, 0x2BD7, 0x2312, 0x0042, 0x0800, 0x0000, 0x0000, 0x0000,   // 0x3770 (14192) pixels
0x0000, 0x0000, 0x0000, 0x0000, 0x0000, 0x0000, 0x0000, 0x0000, 0x0000, 0x0000, 0x0000, 0x0000, 0x0000, 0x0000, 0x0000, 0x0000,   // 0x3780 (14208) pixels
0x0000, 0x0000, 0x0000, 0x0000, 0x0000, 0x0000, 0x0000, 0x0000, 0x0000, 0x0000, 0x0000, 0x0000, 0x0000, 0x0000, 0x0000, 0x0000,   // 0x3790 (14224) pixels
0x0000, 0x0000, 0x0000, 0x0000, 0x0000, 0x0000, 0x0000, 0x0000, 0x0000, 0x0000, 0x0000, 0x0000, 0x0000, 0x0000, 0x0000, 0x0000,   // 0x37A0 (14240) pixels
0x0000, 0x0000, 0x0000, 0x0000, 0x0000, 0x0000, 0x0000, 0x0000, 0x0000, 0x0000, 0x0000, 0x0000, 0x0000, 0x0000, 0x0000, 0x0000,   // 0x37B0 (14256) pixels
0x0000, 0x0000, 0x0000, 0x0000, 0x0000, 0x0000, 0x0000, 0x0000, 0x0000, 0x0000, 0x0000, 0x0000, 0x0000, 0x0000, 0x0000, 0x0000,   // 0x37C0 (14272) pixels
0x0000, 0x0000, 0x0000, 0x0000, 0x0000, 0x0000, 0x0000, 0x0000, 0x0000, 0x0000, 0x0000, 0x0000, 0x0000, 0x0000, 0x0000, 0x0000,   // 0x37D0 (14288) pixels
0x0000, 0x0000, 0x0000, 0x0000, 0x0000, 0x0000, 0x0000, 0x0000, 0x0000, 0x0000, 0x0001, 0x0000, 0x1060, 0xBEBA, 0x759A, 0x1B36,   // 0x37E0 (14304) pixels
0x2B74, 0x2BD7, 0x2312, 0x0042, 0x0800, 0x0000, 0x0000, 0x0000, 0x0000, 0x0000, 0x0000, 0x0000, 0x0000, 0x0000, 0x0000, 0x0000,   // 0x37F0 (14320) pixels
0x0000, 0x0000, 0x0000, 0x0000, 0x0000, 0x0000, 0x0000, 0x0000, 0x0000, 0x0000, 0x0000, 0x0000, 0x0000, 0x0000, 0x0000, 0x0000,   // 0x3800 (14336) pixels
0x0000, 0x0000, 0x0000, 0x0000, 0x0000, 0x0000, 0x0000, 0x0000, 0x0000, 0x0000, 0x0000, 0x0000, 0x0000, 0x0000, 0x0000, 0x0000,   // 0x3810 (14352) pixels
0x0000, 0x0000, 0x0000, 0x0000, 0x0000, 0x0000, 0x0000, 0x0000, 0x0000, 0x0000, 0x0000, 0x0000, 0x0000, 0x0000, 0x0000, 0x0000,   // 0x3820 (14368) pixels
0x0000, 0x0000, 0x0000, 0x0000, 0x0000, 0x0000, 0x0000, 0x0000, 0x0000, 0x0000, 0x0000, 0x0000, 0x0000, 0x0000, 0x0000, 0x0000,   // 0x3830 (14384) pixels
0x0000, 0x0000, 0x0000, 0x0000, 0x0000, 0x0000, 0x0000, 0x0000, 0x0000, 0x0000, 0x0000, 0x0000, 0x0000, 0x0000, 0x0000, 0x0000,   // 0x3840 (14400) pixels
0x0000, 0x0000, 0x0000, 0x0000, 0x0000, 0x0000, 0x0000, 0x0000, 0x0000, 0x0000, 0x0000, 0x0000, 0x0000, 0x0000, 0x0000, 0x0000,   // 0x3850 (14416) pixels
0x0800, 0x0000, 0x0021, 0x0000, 0x0841, 0x4ACB, 0xCF9F, 0x3C14, 0x0B55, 0x33B5, 0x2A4C, 0x0842, 0x0000, 0x0000, 0x0001, 0x0000,   // 0x3860 (14432) pixels
0x0000, 0x0000, 0x0000, 0x0000, 0x0000, 0x0000, 0x0000, 0x0000, 0x0000, 0x0000, 0x0000, 0x0000, 0x0000, 0x0000, 0x0000, 0x0000,   // 0x3870 (14448) pixels
0x0000, 0x0000, 0x0000, 0x0000, 0x0000, 0x0000, 0x0000, 0x0000, 0x0000, 0x0000, 0x0000, 0x0000, 0x0000, 0x0000, 0x0000, 0x0000,   // 0x3880 (14464) pixels
0x0000, 0x0000, 0x0000, 0x0000, 0x0000, 0x0000, 0x0000, 0x0000, 0x0000, 0x0000, 0x0000, 0x0000, 0x0000, 0x0000, 0x0000, 0x0000,   // 0x3890 (14480) pixels
0x0000, 0x0000, 0x0000, 0x0000, 0x0000, 0x0000, 0x0000, 0x0000, 0x0000, 0x0000, 0x0000, 0x0000, 0x0000, 0x0000, 0x0000, 0x0000,   // 0x38A0 (14496) pixels
0x0000, 0x0000, 0x0000, 0x0000, 0x0000, 0x0000, 0x0000, 0x0000, 0x0000, 0x0000, 0x0000, 0x0000, 0x0000, 0x0000, 0x0000, 0x0000,   // 0x38B0 (14512) pixels
0x0000, 0x0000, 0x0000, 0x0000, 0x0000, 0x0000, 0x0000, 0x0000, 0x0000, 0x0000, 0x0000, 0x0000, 0x0000, 0x0000, 0x0000, 0x0000,   // 0x38C0 (14528) pixels
0x0000, 0x0000, 0x0000, 0x0000, 0x0000, 0x0000, 0x0000, 0x0000, 0x0000, 0x0000, 0x0001, 0x0000, 0x0000, 0x4249, 0xD7BF, 0x4C34,   // 0x38D0 (14544) pixels
0x1396, 0x2B32, 0x0907, 0x0001, 0x0821, 0x0000, 0x0000, 0x0000, 0x0000, 0x0000, 0x0000, 0x0000, 0x0000, 0x0000, 0x0000, 0x0000,   // 0x38E0 (14560) pixels
0x0000, 0x0000, 0x0000, 0x0000, 0x0000, 0x0000, 0x0000, 0x0000, 0x0000, 0x0000, 0x0000, 0x0000, 0x0000, 0x0000, 0x0000, 0x0000,   // 0x38F0 (14576) pixels
0x0000, 0x0000, 0x0000, 0x0000, 0x0000, 0x0000, 0x0000, 0x0000, 0x0000, 0x0000, 0x0000, 0x0000, 0x0000, 0x0000, 0x0000, 0x0000,   // 0x3900 (14592) pixels
0x0000, 0x0000, 0x0000, 0x0000, 0x0000, 0x0000, 0x0000, 0x0000, 0x0000, 0x0000, 0x0000, 0x0000, 0x0000, 0x0000, 0x0000, 0x0000,   // 0x3910 (14608) pixels
0x0000, 0x0000, 0x0000, 0x0000, 0x0000, 0x0000, 0x0000, 0x0000, 0x0000, 0x0000, 0x0000, 0x0000, 0x0000, 0x0000, 0x0000, 0x0000,   // 0x3920 (14624) pixels
0x0000, 0x0000, 0x0000, 0x0000, 0x0000, 0x0000, 0x0000, 0x0000, 0x0000, 0x0000, 0x0000, 0x0000, 0x0000, 0x0000, 0x0000, 0x0000,   // 0x3930 (14640) pixels
0x0000, 0x0000, 0x0000, 0x0000, 0x0000, 0x0000, 0x0000, 0x0000, 0x0000, 0x0000, 0x0000, 0x0000, 0x0000, 0x0000, 0x0000, 0x0000,   // 0x3940 (14656) pixels
0x0000, 0x0041, 0x0000, 0x0020, 0x0000, 0x18C2, 0x8D14, 0x8DB9, 0x2BF8, 0x22F1, 0x0044, 0x0000, 0x0841, 0x0000, 0x0000, 0x0000,   // 0x3950 (14672) pixels
0x0000, 0x0000, 0x0000, 0x0000, 0x0000, 0x0000, 0x0000, 0x0000, 0x0000, 0x0000, 0x0000, 0x0000, 0x0000, 0x0000, 0x0000, 0x0000,   // 0x3960 (14688) pixels
0x0000, 0x0000, 0x0000, 0x0000, 0x0000, 0x0000, 0x0000, 0x0000, 0x0000, 0x0000, 0x0000, 0x0000, 0x0000, 0x0000, 0x0000, 0x0000,   // 0x3970 (14704) pixels
0x0000, 0x0000, 0x0000, 0x0000, 0x0000, 0x0000, 0x0000, 0x0000, 0x0000, 0x0000, 0x0000, 0x0000, 0x0000, 0x0000, 0x0000, 0x0000,   // 0x3980 (14720) pixels
0x0000, 0x0000, 0x0000, 0x0000, 0x0000, 0x0000, 0x0000, 0x0000, 0x0000, 0x0000, 0x0000, 0x0000, 0x0000, 0x0000, 0x0000, 0x0000,   // 0x3990 (14736) pixels
0x0000, 0x0000, 0x0000, 0x0000, 0x0000, 0x0000, 0x0000, 0x0000, 0x0000, 0x0000, 0x0000, 0x0000, 0x0000, 0x0000, 0x0000, 0x0000,   // 0x39A0 (14752) pixels
0x0000, 0x0000, 0x0000, 0x0000, 0x0000, 0x0000, 0x0000, 0x0000, 0x0000, 0x0000, 0x0000, 0x0000, 0x0000, 0x0000, 0x0000, 0x0000,   // 0x39B0 (14768) pixels
0x0000, 0x0000, 0x0000, 0x0000, 0x0000, 0x0000, 0x0000, 0x0000, 0x0000, 0x0021, 0x0000, 0x0000, 0x0800, 0x0000, 0x31E7, 0xDFBF,   // 0x39C0 (14784) pixels
0x54FB, 0x2AF1, 0x0084, 0x0000, 0x0000, 0x0000, 0x0020, 0x0000, 0x0000, 0x0000, 0x0000, 0x0000, 0x0000, 0x0000, 0x0000, 0x0000,   // 0x39D0 (14800) pixels
0x0000, 0x0000, 0x0000, 0x0000, 0x0000, 0x0000, 0x0000, 0x0000, 0x0000, 0x0000, 0x0000, 0x0000, 0x0000, 0x0000, 0x0000, 0x0000,   // 0x39E0 (14816) pixels
0x0000, 0x0000, 0x0000, 0x0000, 0x0000, 0x0000, 0x0000, 0x0000, 0x0000, 0x0000, 0x0000, 0x0000, 0x0000, 0x0000, 0x0000, 0x0000,   // 0x39F0 (14832) pixels
0x0000, 0x0000, 0x0000, 0x0000, 0x0000, 0x0000, 0x0000, 0x0000, 0x0000, 0x0000, 0x0000, 0x0000, 0x0000, 0x0000, 0x0000, 0x0000,   // 0x3A00 (14848) pixels
0x0000, 0x0000, 0x0000, 0x0000, 0x0000, 0x0000, 0x0000, 0x0000, 0x0000, 0x0000, 0x0000, 0x0000, 0x0000, 0x0000, 0x0000, 0x0000,   // 0x3A10 (14864) pixels
0x0000, 0x0000, 0x0000, 0x0000, 0x0000, 0x0000, 0x0000, 0x0000, 0x0000, 0x0000, 0x0000, 0x0000, 0x0000, 0x0000, 0x0000, 0x0000,   // 0x3A20 (14880) pixels
0x0000, 0x0000, 0x0000, 0x0000, 0x0000, 0x0000, 0x0000, 0x0000, 0x0000, 0x0000, 0x0000, 0x0000, 0x0000, 0x0000, 0x0000, 0x0000,   // 0x3A30 (14896) pixels
0x0000, 0x0000, 0x0021, 0x0000, 0x0800, 0x0800, 0x1903, 0xF7FF, 0x759C, 0x11EB, 0x0042, 0x0020, 0x0000, 0x0000, 0x0000, 0x0000,   // 0x3A40 (14912) pixels
0x0000, 0x0000, 0x0000, 0x0000, 0x0000, 0x0000, 0x0000, 0x0000, 0x0000, 0x0000, 0x0000, 0x0000, 0x0000, 0x0000, 0x0000, 0x0000,   // 0x3A50 (14928) pixels
0x0000, 0x0000, 0x0000, 0x0000, 0x0000, 0x0000, 0x0000, 0x0000, 0x0000, 0x0000, 0x0000, 0x0000, 0x0000, 0x0000, 0x0000, 0x0000,   // 0x3A60 (14944) pixels
0x0000, 0x0000, 0x0000, 0x0000, 0x0000, 0x0000, 0x0000, 0x0000, 0x0000, 0x0000, 0x0000, 0x0000, 0x0000, 0x0000, 0x0000, 0x0000,   // 0x3A70 (14960) pixels
0x0000, 0x0000, 0x0000, 0x0000, 0x0000, 0x0000, 0x0000, 0x0000, 0x0000, 0x0000, 0x0000, 0x0000, 0x0000, 0x0000, 0x0000, 0x0000,   // 0x3A80 (14976) pixels
0x0000, 0x0000, 0x0000, 0x0000, 0x0000, 0x0000, 0x0000, 0x0000, 0x0000, 0x0000, 0x0000, 0x0000, 0x0000, 0x0000, 0x0000, 0x0000,   // 0x3A90 (14992) pixels
0x0000, 0x0000, 0x0000, 0x0000, 0x0000, 0x0000, 0x0000, 0x0000, 0x0000, 0x0000, 0x0000, 0x0000, 0x0000, 0x0000, 0x0000, 0x0000,   // 0x3AA0 (15008) pixels
0x0000, 0x0000, 0x0000, 0x0000, 0x0000, 0x0000, 0x0000, 0x0000, 0x0000, 0x0000, 0x0000, 0x0000, 0x0000, 0x0000, 0x10A1, 0xCEBA,   // 0x3AB0 (15024) pixels
0xA6FF, 0x0989, 0x0001, 0x0000, 0x0000, 0x0020, 0x0000, 0x0020, 0x0000, 0x0000, 0x0000, 0x0000, 0x0000, 0x0000, 0x0000, 0x0000,   // 0x3AC0 (15040) pixels
0x0000, 0x0000, 0x0000, 0x0000, 0x0000, 0x0000, 0x0000, 0x0000, 0x0000, 0x0000, 0x0000, 0x0000, 0x0000, 0x0000, 0x0000, 0x0000,   // 0x3AD0 (15056) pixels
0x0000, 0x0000, 0x0000, 0x0000, 0x0000, 0x0000, 0x0000, 0x0000, 0x0000, 0x0000, 0x0000, 0x0000, 0x0000, 0x0000, 0x0000, 0x0000,   // 0x3AE0 (15072) pixels
0x0000, 0x0000, 0x0000, 0x0000, 0x0000, 0x0000, 0x0000, 0x0000, 0x0000, 0x0000, 0x0000, 0x0000, 0x0000, 0x0000, 0x0000, 0x0000,   // 0x3AF0 (15088) pixels
0x0000, 0x0000, 0x0000, 0x0000, 0x0000, 0x0000, 0x0000, 0x0000, 0x0000, 0x0000, 0x0000, 0x0000, 0x0000, 0x0000, 0x0000, 0x0000,   // 0x3B00 (15104) pixels
0x0000, 0x0000, 0x0000, 0x0000, 0x0000, 0x0000, 0x0000, 0x0000, 0x0000, 0x0000, 0x0000, 0x0000, 0x0000, 0x0000, 0x0000, 0x0000,   // 0x3B10 (15120) pixels
0x0000, 0x0000, 0x0000, 0x0000, 0x0000, 0x0000, 0x0000, 0x0000, 0x0000, 0x0000, 0x0000, 0x0000, 0x0000, 0x0000, 0x0000, 0x0000,   // 0x3B20 (15136) pixels
0x0000, 0x0021, 0x0000, 0x0000, 0x0000, 0x0000, 0x0000, 0x634C, 0xBF9F, 0x328B, 0x0020, 0x0020, 0x0000, 0x0021, 0x0000, 0x0000,   // 0x3B30 (15152) pixels
0x0000, 0x0000, 0x0000, 0x0000, 0x0000, 0x0000, 0x0000, 0x0000, 0x0000, 0x0000, 0x0000, 0x0000, 0x0000, 0x0000, 0x0000, 0x0000,   // 0x3B40 (15168) pixels
0x0000, 0x0000, 0x0000, 0x0000, 0x0000, 0x0000, 0x0000, 0x0000, 0x0000, 0x0000, 0x0000, 0x0000, 0x0000, 0x0000, 0x0000, 0x0000,   // 0x3B50 (15184) pixels
0x0000, 0x0000, 0x0000, 0x0000, 0x0000, 0x0000, 0x0000, 0x0000, 0x0000, 0x0000, 0x0000, 0x0000, 0x0000, 0x0000, 0x0000, 0x0000,   // 0x3B60 (15200) pixels
0x0000, 0x0000, 0x0000, 0x0000, 0x0000, 0x0000, 0x0000, 0x0000, 0x0000, 0x0000, 0x0000, 0x0000, 0x0000, 0x0000, 0x0000, 0x0000,   // 0x3B70 (15216) pixels
0x0000, 0x0000, 0x0000, 0x0000, 0x0000, 0x0000, 0x0000, 0x0000, 0x0000, 0x0000, 0x0000, 0x0000, 0x0000, 0x0000, 0x0000, 0x0000,   // 0x3B80 (15232) pixels
0x0000, 0x0000, 0x0000, 0x0000, 0x0000, 0x0000, 0x0000, 0x0000, 0x0000, 0x0000, 0x0000, 0x0000, 0x0000, 0x0000, 0x0000, 0x0000,   // 0x3B90 (15248) pixels
0x0000, 0x0000, 0x0000, 0x0000, 0x0000, 0x0000, 0x0000, 0x0000, 0x0000, 0x0000, 0x0000, 0x0000, 0x0000, 0x0861, 0x0020, 0x0000,   // 0x3BA0 (15264) pixels
0x8E19, 0x328A, 0x0020, 0x0000, 0x0000, 0x0001, 0x0001, 0x0000, 0x0000, 0x0000, 0x0000, 0x0000, 0x0000, 0x0000, 0x0000, 0x0000,   // 0x3BB0 (15280) pixels
0x0000, 0x0000, 0x0000, 0x0000, 0x0000, 0x0000, 0x0000, 0x0000, 0x0000, 0x0000, 0x0000, 0x0000, 0x0000, 0x0000, 0x0000, 0x0000,   // 0x3BC0 (15296) pixels
0x0000, 0x0000, 0x0000, 0x0000, 0x0000, 0x0000, 0x0000, 0x0000, 0x0000, 0x0000, 0x0000, 0x0000, 0x0000, 0x0000, 0x0000, 0x0000,   // 0x3BD0 (15312) pixels
0x0000, 0x0000, 0x0000, 0x0000, 0x0000, 0x0000, 0x0000, 0x0000, 0x0000, 0x0000, 0x0000, 0x0000, 0x0000, 0x0000, 0x0000, 0x0000,   // 0x3BE0 (15328) pixels
0x0000, 0x0000, 0x0000, 0x0000, 0x0000, 0x0000, 0x0000, 0x0000, 0x0000, 0x0000, 0x0000, 0x0000, 0x0000, 0x0000, 0x0000, 0x0000,   // 0x3BF0 (15344) pixels
0x0000, 0x0000, 0x0000, 0x0000, 0x0000, 0x0000, 0x0000, 0x0000, 0x0000, 0x0000, 0x0000, 0x0000, 0x0000, 0x0000, 0x0000, 0x0000,   // 0x3C00 (15360) pixels
0x0000, 0x0000, 0x0000, 0x0000, 0x0000, 0x0000, 0x0000, 0x0000, 0x0000, 0x0000, 0x0000, 0x0000, 0x0000, 0x0000, 0x0000, 0x0000,   // 0x3C10 (15376) pixels
0x0000, 0x0000, 0x0000, 0x0000, 0x0000, 0x0000, 0x0000, 0x0000, 0x2945, 0x10A2, 0x0020, 0x0000, 0x0000, 0x0000, 0x0000, 0x0000,   // 0x3C20 (15392) pixels
0x0000, 0x0000, 0x0000, 0x0000, 0x0000, 0x0000, 0x0000, 0x0000, 0x0000, 0x0000, 0x0000, 0x0000, 0x0000, 0x0000, 0x0000, 0x0000,   // 0x3C30 (15408) pixels
0x0000, 0x0000, 0x0000, 0x0000, 0x0000, 0x0000, 0x0000, 0x0000, 0x0000, 0x0000, 0x0000, 0x0000, 0x0000, 0x0000, 0x0000, 0x0000,   // 0x3C40 (15424) pixels
0x0000, 0x0000, 0x0000, 0x0000, 0x0000, 0x0000, 0x0000, 0x0000, 0x0000, 0x0000, 0x0000, 0x0000, 0x0000, 0x0000, 0x0000, 0x0000,   // 0x3C50 (15440) pixels
0x0000, 0x0000, 0x0000, 0x0000, 0x0000, 0x0000, 0x0000, 0x0000, 0x0000, 0x0000, 0x0000, 0x0000, 0x0000, 0x0000, 0x0000, 0x0000,   // 0x3C60 (15456) pixels
0x0000, 0x0000, 0x0000, 0x0000, 0x0000, 0x0000, 0x0000, 0x0000, 0x0000, 0x0000, 0x0000, 0x0000, 0x0000, 0x0000, 0x0000, 0x0000,   // 0x3C70 (15472) pixels
0x0000, 0x0000, 0x0000, 0x0000, 0x0000, 0x0000, 0x0000, 0x0000, 0x0000, 0x0000, 0x0000, 0x0000, 0x0000, 0x0000, 0x0000, 0x0000,   // 0x3C80 (15488) pixels
0x0000, 0x0000, 0x0000, 0x0000, 0x0000, 0x0000, 0x0000, 0x0000, 0x0000, 0x0000, 0x0000, 0x0000, 0x0000, 0x0000, 0x0000, 0x0000,   // 0x3C90 (15504) pixels
0x0000, 0x0000, 0x0000, 0x0000, 0x0000, 0x0000, 0x0000, 0x0000, 0x0000, 0x0000, 0x0000, 0x0000, 0x0000, 0x0000, 0x0000, 0x0000,   // 0x3CA0 (15520) pixels
0x0000, 0x0000, 0x0000, 0x0000, 0x0000, 0x0000, 0x0000, 0x0000, 0x0000, 0x0000, 0x0000, 0x0000, 0x0000, 0x0000, 0x0000, 0x0000,   // 0x3CB0 (15536) pixels
0x0000, 0x0000, 0x0000, 0x0000, 0x0000, 0x0000, 0x0000, 0x0000, 0x0000, 0x0000, 0x0000, 0x0000, 0x0000, 0x0000, 0x0000, 0x0000,   // 0x3CC0 (15552) pixels
0x0000, 0x0000, 0x0000, 0x0000, 0x0000, 0x0000, 0x0000, 0x0000, 0x0000, 0x0000, 0x0000, 0x0000, 0x0000, 0x0000, 0x0000, 0x0000,   // 0x3CD0 (15568) pixels
0x0000, 0x0000, 0x0000, 0x0000, 0x0000, 0x0000, 0x0000, 0x0000, 0x0000, 0x0000, 0x0000, 0x0000, 0x0000, 0x0000, 0x0000, 0x0000,   // 0x3CE0 (15584) pixels
0x0000, 0x0000, 0x0000, 0x0000, 0x0000, 0x0000, 0x0000, 0x0000, 0x0000, 0x0000, 0x0000, 0x0000, 0x0000, 0x0000, 0x0000, 0x0000,   // 0x3CF0 (15600) pixels
0x0000, 0x0000, 0x0000, 0x0000, 0x0000, 0x0000, 0x0000, 0x0000, 0x0000, 0x0000, 0x0000, 0x0000, 0x0000, 0x0000, 0x0000, 0x0000,   // 0x3D00 (15616) pixels
0x0000, 0x0000, 0x0000, 0x0000, 0x0000, 0x0000, 0x0000, 0x0000, 0x0000, 0x0000, 0x0000, 0x0020, 0x0000, 0x0000, 0x0000, 0x0000,   // 0x3D10 (15632) pixels
0x0000, 0x0000, 0x0000, 0x0000, 0x0000, 0x0000, 0x0000, 0x0000, 0x0000, 0x0000, 0x0000, 0x0000, 0x0000, 0x0000, 0x0000, 0x0000,   // 0x3D20 (15648) pixels
0x0000, 0x0000, 0x0000, 0x0000, 0x0000, 0x0000, 0x0000, 0x0000, 0x0000, 0x0000, 0x0000, 0x0000, 0x0000, 0x0000, 0x0000, 0x0000,   // 0x3D30 (15664) pixels
0x0000, 0x0000, 0x0000, 0x0000, 0x0000, 0x0000, 0x0000, 0x0000, 0x0000, 0x0000, 0x0000, 0x0000, 0x0000, 0x0000, 0x0000, 0x0000,   // 0x3D40 (15680) pixels
0x0000, 0x0000, 0x0000, 0x0000, 0x0000, 0x0000, 0x0000, 0x0000, 0x0000, 0x0000, 0x0000, 0x0000, 0x0000, 0x0000, 0x0000, 0x0000,   // 0x3D50 (15696) pixels
0x0000, 0x0000, 0x0000, 0x0000, 0x0000, 0x0000, 0x0000, 0x0000, 0x0000, 0x0000, 0x0000, 0x0000, 0x0000, 0x0000, 0x0000, 0x0000,   // 0x3D60 (15712) pixels
0x0000, 0x0000, 0x0000, 0x0000, 0x0000, 0x0000, 0x0000, 0x0000, 0x0000, 0x0000, 0x0000, 0x0000, 0x0000, 0x0000, 0x0000, 0x0000,   // 0x3D70 (15728) pixels
0x0000, 0x0000, 0x0000, 0x0000, 0x0000, 0x0000, 0x0000, 0x0000, 0x0000, 0x0000, 0x0000, 0x0000, 0x0000, 0x0000, 0x0000, 0x0000,   // 0x3D80 (15744) pixels
0x0020, 0x0000, 0x0000, 0x0000, 0x0000, 0x0000, 0x0000, 0x0000, 0x0000, 0x0000, 0x0000, 0x0000, 0x0000, 0x0000, 0x0000, 0x0000,   // 0x3D90 (15760) pixels
0x0000, 0x0000, 0x0000, 0x0000, 0x0000, 0x0000, 0x0000, 0x0000, 0x0000, 0x0000, 0x0000, 0x0000, 0x0000, 0x0000, 0x0000, 0x0000,   // 0x3DA0 (15776) pixels
0x0000, 0x0000, 0x0000, 0x0000, 0x0000, 0x0000, 0x0000, 0x0000, 0x0000, 0x0000, 0x0000, 0x0000, 0x0000, 0x0000, 0x0000, 0x0000,   // 0x3DB0 (15792) pixels
0x0000, 0x0000, 0x0000, 0x0000, 0x0000, 0x0000, 0x0000, 0x0000, 0x0000, 0x0000, 0x0000, 0x0000, 0x0000, 0x0000, 0x0000, 0x0000,   // 0x3DC0 (15808) pixels
0x0000, 0x0000, 0x0000, 0x0000, 0x0000, 0x0000, 0x0000, 0x0000, 0x0000, 0x0000, 0x0000, 0x0000, 0x0000, 0x0000, 0x0000, 0x0000,   // 0x3DD0 (15824) pixels
0x0000, 0x0000, 0x0000, 0x0000, 0x0000, 0x0000, 0x0000, 0x0000, 0x0000, 0x0000, 0x0000, 0x0000, 0x0000, 0x0000, 0x0000, 0x0000,   // 0x3DE0 (15840) pixels
0x0000, 0x0000, 0x0000, 0x0000, 0x0000, 0x0000, 0x0000, 0x0000, 0x0000, 0x0000, 0x0000, 0x0000, 0x0000, 0x0000, 0x0000, 0x0000,   // 0x3DF0 (15856) pixels
0x0000, 0x0000, 0x0000, 0x0000, 0x0000, 0x0000, 0x0000, 0x0000, 0x0020, 0x0000, 0x0000, 0x0000, 0x0000, 0x0000, 0x0000, 0x0000,   // 0x3E00 (15872) pixels
0x0000, 0x0000, 0x0000, 0x0000, 0x0000, 0x0000, 0x0000, 0x0000, 0x0000, 0x0000, 0x0000, 0x0000, 0x0000, 0x0000, 0x0000, 0x0000,   // 0x3E10 (15888) pixels
0x0000, 0x0000, 0x0000, 0x0000, 0x0000, 0x0000, 0x0000, 0x0000, 0x0000, 0x0000, 0x0000, 0x0000, 0x0000, 0x0000, 0x0000, 0x0000,   // 0x3E20 (15904) pixels
0x0000, 0x0000, 0x0000, 0x0000, 0x0000, 0x0000, 0x0000, 0x0000, 0x0000, 0x0000, 0x0000, 0x0000, 0x0000, 0x0000, 0x0000, 0x0000,   // 0x3E30 (15920) pixels
0x0000, 0x0000, 0x0000, 0x0000, 0x0000, 0x0000, 0x0000, 0x0000, 0x0000, 0x0000, 0x0000, 0x0000, 0x0000, 0x0000, 0x0000, 0x0000,   // 0x3E40 (15936) pixels
0x0000, 0x0000, 0x0000, 0x0000, 0x0000, 0x0000, 0x0000, 0x0000, 0x0000, 0x0000, 0x0000, 0x0000, 0x0000, 0x0000, 0x0000, 0x0000,   // 0x3E50 (15952) pixels
0x0000, 0x0000, 0x0000, 0x0000, 0x0000, 0x0000, 0x0000, 0x0000, 0x0000, 0x0000, 0x0000, 0x0000, 0x0000, 0x0000, 0x0000, 0x0000,   // 0x3E60 (15968) pixels
0x0000, 0x0000, 0x0000, 0x0000, 0x0000, 0x0000, 0x0000, 0x0000, 0x0000, 0x0000, 0x0000, 0x0000, 0x0000, 0x0000, 0x0000, 0x0000,   // 0x3E70 (15984) pixels
0x0000, 0x0000, 0x0000, 0x0020, 0x0000, 0x0000, 0x0000, 0x0000, 0x0000, 0x0000, 0x0000, 0x0000, 0x0000, 0x0000, 0x0000, 0x0000,   // 0x3E80 (16000) pixels
0x0000, 0x0000, 0x0000, 0x0000, 0x0000, 0x0000, 0x0000, 0x0000, 0x0000, 0x0000, 0x0000, 0x0000, 0x0000, 0x0000, 0x0000, 0x0000,   // 0x3E90 (16016) pixels
0x0000, 0x0000, 0x0000, 0x0000, 0x0000, 0x0000, 0x0000, 0x0000, 0x0000, 0x0000, 0x0000, 0x0000, 0x0000, 0x0000, 0x0000, 0x0000,   // 0x3EA0 (16032) pixels
0x0000, 0x0000, 0x0000, 0x0000, 0x0000, 0x0000, 0x0000, 0x0000, 0x0000, 0x0000, 0x0000, 0x0000, 0x0000, 0x0000, 0x0000, 0x0000,   // 0x3EB0 (16048) pixels
0x0000, 0x0000, 0x0000, 0x0000, 0x0000, 0x0000, 0x0000, 0x0000, 0x0000, 0x0000, 0x0000, 0x0000, 0x0000, 0x0000, 0x0000, 0x0000,   // 0x3EC0 (16064) pixels
0x0000, 0x0000, 0x0000, 0x0000, 0x0000, 0x0000, 0x0000, 0x0000, 0x0000, 0x0000, 0x0000, 0x0000, 0x0000, 0x0000, 0x0000, 0x0000,   // 0x3ED0 (16080) pixels
0x0000, 0x0000, 0x0000, 0x0000, 0x0000, 0x0000, 0x0000, 0x0000, 0x0000, 0x0000, 0x0000, 0x0000, 0x0000, 0x0000, 0x0000, 0x0000,   // 0x3EE0 (16096) pixels
0x0000, 0x0000, 0x0000, 0x0000, 0x0000, 0x0000, 0x0000, 0x0000, 0x0000, 0x0000, 0x0000, 0x0000, 0x0000, 0x0000, 0x0000, 0x0000,   // 0x3EF0 (16112) pixels
0x0000, 0x0000, 0x0000, 0x0000, 0x0000, 0x0000, 0x0000, 0x0000, 0x0000, 0x0000, 0x0000, 0x0000, 0x0000, 0x0000, 0x0000, 0x0000,   // 0x3F00 (16128) pixels
0x0000, 0x0000, 0x0000, 0x0000, 0x0000, 0x0000, 0x0000, 0x0000, 0x0000, 0x0000, 0x0000, 0x0000, 0x0000, 0x0000, 0x0000, 0x0000,   // 0x3F10 (16144) pixels
0x0000, 0x0000, 0x0000, 0x0000, 0x0000, 0x0000, 0x0000, 0x0000, 0x0000, 0x0000, 0x0000, 0x0000, 0x0000, 0x0000, 0x0000, 0x0000,   // 0x3F20 (16160) pixels
0x0000, 0x0000, 0x0000, 0x0000, 0x0000, 0x0000, 0x0000, 0x0000, 0x0000, 0x0000, 0x0000, 0x0000, 0x0000, 0x0000, 0x0000, 0x0000,   // 0x3F30 (16176) pixels
0x0000, 0x0000, 0x0000, 0x0000, 0x0000, 0x0000, 0x0000, 0x0000, 0x0000, 0x0000, 0x0000, 0x0000, 0x0000, 0x0000, 0x0000, 0x0000,   // 0x3F40 (16192) pixels
0x0000, 0x0000, 0x0000, 0x0000, 0x0000, 0x0000, 0x0000, 0x0000
};


#endif // 