// Generated by   : ImageConverter 565 Online
// Generated from : babyRay.jpg
// Time generated : Thu, 29 May 25 09:21:30 +0200  (Server timezone: CET)
// Image Size     : 190x128 pixels
// Memory usage   : 48640 bytes

#ifndef BABYRAY_H
#define BABYRAY_H

#include <TFT_eSPI.h>

void drawBabyRay(TFT_eSPI &tft);

#if defined(__AVR__)
#include <avr/pgmspace.h>
#elif defined(__PIC32MX__)
#define PROGMEM
#elif defined(__arm__)
#define PROGMEM
#endif

const unsigned short babyRay[16200] PROGMEM = {
    0x0000, 0x0000, 0x0000, 0x0000, 0x0000, 0x0000, 0x0000, 0x0000, 0x0000, 0x0000, 0x0000, 0x0000, 0x0000, 0x0000, 0x0000, 0x0000, // 0x0010 (16) pixels
    0x0000, 0x0000, 0x0000, 0x0000, 0x0000, 0x0000, 0x0000, 0x0000, 0x0000, 0x0000, 0x0000, 0x0000, 0x0000, 0x0000, 0x0000, 0x0000, // 0x0020 (32) pixels
    0x0000, 0x0000, 0x0000, 0x0000, 0x0000, 0x0000, 0x0000, 0x0000, 0x0000, 0x0000, 0x0000, 0x0000, 0x0000, 0x0000, 0x0000, 0x0000, // 0x0030 (48) pixels
    0x0000, 0x0000, 0x0000, 0x0000, 0x0000, 0x0000, 0x0000, 0x0000, 0x0000, 0x0000, 0x0000, 0x0000, 0x0000, 0x0000, 0x0000, 0x0000, // 0x0040 (64) pixels
    0x0000, 0x0000, 0x0000, 0x0000, 0x0000, 0x0000, 0x0000, 0x0000, 0x0000, 0x0000, 0x0000, 0x0000, 0x0000, 0x0000, 0x0000, 0x0000, // 0x0050 (80) pixels
    0x0000, 0x0000, 0x0000, 0x0000, 0x0000, 0x0000, 0x0000, 0x0000, 0x0000, 0x0000, 0x0000, 0x0000, 0x0000, 0x0000, 0x0000, 0x0000, // 0x0060 (96) pixels
    0x0000, 0x0000, 0x0000, 0x0000, 0x0000, 0x0000, 0x0000, 0x0000, 0x0000, 0x0000, 0x0000, 0x0000, 0x0000, 0x0000, 0x0000, 0x0000, // 0x0070 (112) pixels
    0x0000, 0x0000, 0x0000, 0x0000, 0x0000, 0x0000, 0x0000, 0x0000, 0x0000, 0x0000, 0x0000, 0x0000, 0x0000, 0x0000, 0x0000, 0x0000, // 0x0080 (128) pixels
    0x0000, 0x0000, 0x0000, 0x0000, 0x0000, 0x0000, 0x0000, 0x0000, 0x0000, 0x0000, 0x0000, 0x0000, 0x0000, 0x0000, 0x0000, 0x0000, // 0x0090 (144) pixels
    0x0000, 0x0000, 0x0000, 0x0000, 0x0000, 0x0000, 0x0000, 0x0000, 0x0000, 0x0000, 0x0000, 0x0000, 0x0000, 0x0000, 0x0000, 0x0000, // 0x00A0 (160) pixels
    0x0000, 0x0000, 0x0000, 0x0000, 0x0000, 0x0000, 0x0000, 0x0000, 0x0000, 0x0000, 0x0000, 0x0000, 0x0000, 0x0000, 0x0000, 0x0000, // 0x00B0 (176) pixels
    0x0000, 0x0000, 0x0000, 0x0000, 0x0000, 0x0000, 0x0000, 0x0000, 0x0000, 0x0000, 0x0000, 0x0000, 0x0000, 0x0000, 0x0000, 0x0000, // 0x00C0 (192) pixels
    0x0000, 0x0000, 0x0000, 0x0000, 0x0000, 0x0000, 0x0000, 0x0000, 0x0000, 0x0000, 0x0000, 0x0000, 0x0000, 0x0000, 0x0000, 0x0000, // 0x00D0 (208) pixels
    0x0000, 0x0000, 0x0000, 0x0000, 0x0000, 0x0000, 0x0000, 0x0000, 0x0000, 0x0000, 0x0000, 0x0000, 0x0000, 0x0000, 0x0000, 0x0000, // 0x00E0 (224) pixels
    0x0000, 0x0000, 0x0000, 0x0000, 0x0000, 0x0000, 0x0000, 0x0000, 0x0000, 0x0000, 0x0000, 0x0000, 0x0000, 0x0000, 0x0000, 0x0000, // 0x00F0 (240) pixels
    0x0000, 0x0000, 0x0000, 0x0000, 0x0000, 0x0000, 0x0000, 0x0000, 0x0000, 0x0000, 0x0000, 0x0000, 0x0000, 0x0000, 0x0000, 0x0000, // 0x0100 (256) pixels
    0x0000, 0x0000, 0x0000, 0x0000, 0x0000, 0x0000, 0x0000, 0x0000, 0x0000, 0x0000, 0x0000, 0x0000, 0x0000, 0x0000, 0x0000, 0x0000, // 0x0110 (272) pixels
    0x0000, 0x0000, 0x0000, 0x0000, 0x0000, 0x0000, 0x0000, 0x0000, 0x0000, 0x0000, 0x0000, 0x0000, 0x0000, 0x0000, 0x0000, 0x0000, // 0x0120 (288) pixels
    0x0000, 0x0000, 0x0000, 0x0000, 0x0000, 0x0000, 0x0000, 0x0000, 0x0000, 0x0000, 0x0000, 0x0000, 0x0000, 0x0000, 0x0000, 0x0000, // 0x0130 (304) pixels
    0x0000, 0x0000, 0x0000, 0x0000, 0x0000, 0x0000, 0x0000, 0x0000, 0x0000, 0x0000, 0x0000, 0x0000, 0x0000, 0x0000, 0x0000, 0x0000, // 0x0140 (320) pixels
    0x0000, 0x0000, 0x0000, 0x0000, 0x0000, 0x0000, 0x0000, 0x0000, 0x0000, 0x0000, 0x0000, 0x0000, 0x0000, 0x0000, 0x0000, 0x0000, // 0x0150 (336) pixels
    0x0000, 0x0000, 0x0000, 0x0000, 0x0000, 0x0000, 0x0000, 0x0000, 0x0000, 0x0000, 0x0000, 0x0000, 0x0000, 0x0000, 0x0000, 0x0000, // 0x0160 (352) pixels
    0x0000, 0x0000, 0x0000, 0x0000, 0x0000, 0x0000, 0x0000, 0x0000, 0x0000, 0x0000, 0x0000, 0x0000, 0x0000, 0x0000, 0x0000, 0x0000, // 0x0170 (368) pixels
    0x0000, 0x0000, 0x0000, 0x0000, 0x0000, 0x0000, 0x0000, 0x0000, 0x0000, 0x0000, 0x0000, 0x0000, 0x0000, 0x0000, 0x0000, 0x0000, // 0x0180 (384) pixels
    0x0000, 0x0000, 0x0000, 0x0000, 0x0000, 0x0000, 0x0000, 0x0000, 0x0000, 0x0000, 0x0000, 0x0000, 0x0000, 0x0000, 0x0000, 0x0000, // 0x0190 (400) pixels
    0x0000, 0x0000, 0x0000, 0x0000, 0x0000, 0x0000, 0x0000, 0x0000, 0x0000, 0x0000, 0x0000, 0x0000, 0x0000, 0x0000, 0x0000, 0x0000, // 0x01A0 (416) pixels
    0x0000, 0x0000, 0x0000, 0x0000, 0x0000, 0x0000, 0x0000, 0x0000, 0x0000, 0x0000, 0x0000, 0x0000, 0x0000, 0x0000, 0x0000, 0x0000, // 0x01B0 (432) pixels
    0x0000, 0x0000, 0x0000, 0x0000, 0x0000, 0x0000, 0x0000, 0x0000, 0x0000, 0x0000, 0x0000, 0x0000, 0x0000, 0x0000, 0x0000, 0x0000, // 0x01C0 (448) pixels
    0x0000, 0x0000, 0x0000, 0x0000, 0x0000, 0x0000, 0x0000, 0x0000, 0x0000, 0x0000, 0x0000, 0x0000, 0x0000, 0x0000, 0x0000, 0x0000, // 0x01D0 (464) pixels
    0x0000, 0x0000, 0x0000, 0x0000, 0x0000, 0x0000, 0x0000, 0x0000, 0x0000, 0x0000, 0x0000, 0x0000, 0x0000, 0x0000, 0x0000, 0x0000, // 0x01E0 (480) pixels
    0x0000, 0x0000, 0x0000, 0x0000, 0x0000, 0x0000, 0x0000, 0x0000, 0x0000, 0x0000, 0x0000, 0x0000, 0x0000, 0x0000, 0x0000, 0x0000, // 0x01F0 (496) pixels
    0x0000, 0x0000, 0x0000, 0x0000, 0x0000, 0x0000, 0x0000, 0x0000, 0x0000, 0x0000, 0x0000, 0x0000, 0x0000, 0x0000, 0x0000, 0x0000, // 0x0200 (512) pixels
    0x0000, 0x0000, 0x0000, 0x0000, 0x0000, 0x0000, 0x0000, 0x0000, 0x0000, 0x0000, 0x0000, 0x0000, 0x0000, 0x0000, 0x0000, 0x0000, // 0x0210 (528) pixels
    0x0000, 0x0000, 0x0000, 0x0000, 0x0000, 0x0000, 0x0000, 0x0000, 0x0000, 0x0000, 0x0000, 0x0000, 0x0000, 0x0000, 0x0000, 0x0000, // 0x0220 (544) pixels
    0x0000, 0x0000, 0x0000, 0x0000, 0x0000, 0x0000, 0x0000, 0x0000, 0x0000, 0x0000, 0x0000, 0x0000, 0x0000, 0x0000, 0x0000, 0x0000, // 0x0230 (560) pixels
    0x0000, 0x0000, 0x0000, 0x0000, 0x0000, 0x0000, 0x0000, 0x0000, 0x0000, 0x0000, 0x0000, 0x0000, 0x0000, 0x0000, 0x0000, 0x0000, // 0x0240 (576) pixels
    0x0000, 0x0000, 0x0000, 0x0000, 0x0000, 0x0000, 0x0000, 0x0000, 0x0000, 0x0000, 0x0000, 0x0000, 0x0000, 0x0000, 0x0000, 0x0000, // 0x0250 (592) pixels
    0x0000, 0x0000, 0x0000, 0x0000, 0x0000, 0x0000, 0x0000, 0x0000, 0x0000, 0x0000, 0x0000, 0x0000, 0x0000, 0x0000, 0x0000, 0x0000, // 0x0260 (608) pixels
    0x0000, 0x0000, 0x0000, 0x0000, 0x0000, 0x0000, 0x0000, 0x0000, 0x0000, 0x0000, 0x0000, 0x0000, 0x0000, 0x0000, 0x0000, 0x0000, // 0x0270 (624) pixels
    0x0000, 0x0000, 0x0000, 0x0000, 0x0000, 0x0000, 0x0000, 0x0000, 0x0000, 0x0000, 0x0000, 0x0000, 0x0000, 0x0000, 0x0000, 0x0000, // 0x0280 (640) pixels
    0x0000, 0x0000, 0x0000, 0x0000, 0x0000, 0x0000, 0x0000, 0x0000, 0x0000, 0x0000, 0x0000, 0x0000, 0x0000, 0x0000, 0x0000, 0x0000, // 0x0290 (656) pixels
    0x0000, 0x0000, 0x0000, 0x0000, 0x0000, 0x0000, 0x0000, 0x0000, 0x0000, 0x0000, 0x0000, 0x0000, 0x0000, 0x0000, 0x0000, 0x0000, // 0x02A0 (672) pixels
    0x0000, 0x0000, 0x0000, 0x0000, 0x0000, 0x0000, 0x0000, 0x0000, 0x0000, 0x0000, 0x0000, 0x0000, 0x0000, 0x0000, 0x0000, 0x0000, // 0x02B0 (688) pixels
    0x0000, 0x0000, 0x0000, 0x0000, 0x0000, 0x0000, 0x0000, 0x0000, 0x0000, 0x0000, 0x0000, 0x0000, 0x0000, 0x0000, 0x0000, 0x0000, // 0x02C0 (704) pixels
    0x0000, 0x0000, 0x0000, 0x0000, 0x0000, 0x0000, 0x0000, 0x0000, 0x0000, 0x0000, 0x0000, 0x0000, 0x0000, 0x0000, 0x0000, 0x0000, // 0x02D0 (720) pixels
    0x0000, 0x0000, 0x0000, 0x0000, 0x0000, 0x0000, 0x0000, 0x0000, 0x0000, 0x0000, 0x0000, 0x0000, 0x0000, 0x0000, 0x0000, 0x0000, // 0x02E0 (736) pixels
    0x0000, 0x0000, 0x0000, 0x0000, 0x0000, 0x0000, 0x0000, 0x0000, 0x0000, 0x0000, 0x0000, 0x0000, 0x0000, 0x0000, 0x0000, 0x0000, // 0x02F0 (752) pixels
    0x0000, 0x0000, 0x0000, 0x0000, 0x0000, 0x0000, 0x0000, 0x0000, 0x0000, 0x0000, 0x0000, 0x0000, 0x0000, 0x0000, 0x0000, 0x0000, // 0x0300 (768) pixels
    0x0000, 0x0000, 0x0000, 0x0000, 0x0000, 0x0000, 0x0000, 0x0000, 0x0000, 0x0000, 0x0000, 0x0000, 0x0000, 0x0000, 0x0000, 0x0000, // 0x0310 (784) pixels
    0x0000, 0x0000, 0x0000, 0x0000, 0x0000, 0x0000, 0x0000, 0x0000, 0x0000, 0x0000, 0x0000, 0x0000, 0x0000, 0x0000, 0x0000, 0x0000, // 0x0320 (800) pixels
    0x0000, 0x0000, 0x0000, 0x0000, 0x0000, 0x0000, 0x0000, 0x0000, 0x0000, 0x0000, 0x0000, 0x0000, 0x0000, 0x0000, 0x0000, 0x0000, // 0x0330 (816) pixels
    0x0000, 0x0000, 0x0000, 0x0000, 0x0000, 0x0000, 0x0000, 0x0000, 0x0000, 0x0000, 0x0000, 0x0000, 0x0000, 0x0000, 0x0000, 0x0000, // 0x0340 (832) pixels
    0x0000, 0x0000, 0x0000, 0x0000, 0x0000, 0x0000, 0x0000, 0x0000, 0x0000, 0x0000, 0x0000, 0x0000, 0x0000, 0x0000, 0x0000, 0x0000, // 0x0350 (848) pixels
    0x0000, 0x0000, 0x0000, 0x0000, 0x0000, 0x0000, 0x0000, 0x0000, 0x0000, 0x0000, 0x0000, 0x0000, 0x0000, 0x0000, 0x0000, 0x0000, // 0x0360 (864) pixels
    0x0000, 0x0000, 0x0000, 0x0000, 0x0000, 0x0000, 0x0000, 0x0000, 0x0000, 0x0000, 0x0000, 0x0000, 0x0000, 0x0000, 0x0000, 0x0000, // 0x0370 (880) pixels
    0x0000, 0x0000, 0x0000, 0x0000, 0x0000, 0x0000, 0x0000, 0x0000, 0x0000, 0x0000, 0x0000, 0x0000, 0x0000, 0x0000, 0x0000, 0x0000, // 0x0380 (896) pixels
    0x0000, 0x0000, 0x0000, 0x0000, 0x0000, 0x0000, 0x0000, 0x0000, 0x0000, 0x0000, 0x0000, 0x0000, 0x0000, 0x0000, 0x0000, 0x0000, // 0x0390 (912) pixels
    0x0000, 0x0000, 0x0000, 0x0000, 0x0000, 0x0000, 0x0000, 0x0000, 0x0000, 0x0000, 0x0000, 0x0000, 0x0000, 0x0000, 0x0000, 0x0000, // 0x03A0 (928) pixels
    0x0000, 0x0000, 0x0000, 0x0000, 0x0000, 0x0000, 0x0000, 0x0000, 0x0000, 0x0000, 0x0000, 0x0000, 0x0000, 0x0000, 0x0000, 0x0000, // 0x03B0 (944) pixels
    0x0000, 0x0000, 0x0000, 0x0000, 0x0000, 0x0000, 0x0000, 0x0000, 0x0000, 0x0000, 0x0000, 0x0000, 0x0000, 0x0000, 0x0000, 0x0000, // 0x03C0 (960) pixels
    0x0000, 0x0000, 0x0000, 0x0000, 0x0000, 0x0000, 0x0000, 0x0000, 0x0000, 0x0000, 0x0000, 0x0000, 0x0000, 0x0000, 0x0000, 0x0000, // 0x03D0 (976) pixels
    0x0000, 0x0000, 0x0000, 0x0000, 0x0000, 0x0000, 0x0000, 0x0000, 0x0000, 0x0000, 0x0000, 0x0000, 0x0000, 0x0000, 0x0000, 0x0000, // 0x03E0 (992) pixels
    0x0000, 0x0000, 0x0000, 0x0000, 0x0000, 0x0000, 0x0000, 0x0000, 0x0000, 0x0000, 0x0000, 0x0000, 0x0000, 0x0000, 0x0000, 0x0000, // 0x03F0 (1008) pixels
    0x0000, 0x0000, 0x0000, 0x0000, 0x0000, 0x0000, 0x0000, 0x0000, 0x0000, 0x0000, 0x0000, 0x0000, 0x0000, 0x0000, 0x0000, 0x0000, // 0x0400 (1024) pixels
    0x0000, 0x0000, 0x0000, 0x0000, 0x0000, 0x0000, 0x0000, 0x0000, 0x0000, 0x0000, 0x0000, 0x0000, 0x0000, 0x0000, 0x0000, 0x0000, // 0x0410 (1040) pixels
    0x0000, 0x0000, 0x0000, 0x0000, 0x0000, 0x0000, 0x0000, 0x0000, 0x0000, 0x0000, 0x0000, 0x0000, 0x0000, 0x0000, 0x0000, 0x0000, // 0x0420 (1056) pixels
    0x0000, 0x0000, 0x0000, 0x0000, 0x0000, 0x0000, 0x0000, 0x0000, 0x0000, 0x0000, 0x0000, 0x0000, 0x0000, 0x0000, 0x0000, 0x0000, // 0x0430 (1072) pixels
    0x0000, 0x0000, 0x0000, 0x0000, 0x0000, 0x0000, 0x0000, 0x0000, 0x0000, 0x0000, 0x0000, 0x0000, 0x0000, 0x0000, 0x0000, 0x0000, // 0x0440 (1088) pixels
    0x0000, 0x0000, 0x0000, 0x0000, 0x0000, 0x0000, 0x0000, 0x0000, 0x0000, 0x0000, 0x0000, 0x0000, 0x0000, 0x0000, 0x0000, 0x0000, // 0x0450 (1104) pixels
    0x0000, 0x0000, 0x0000, 0x0000, 0x0000, 0x0000, 0x0000, 0x0000, 0x0000, 0x0000, 0x0000, 0x0000, 0x0000, 0x0000, 0x0000, 0x0000, // 0x0460 (1120) pixels
    0x0000, 0x0000, 0x0000, 0x0000, 0x0000, 0x0000, 0x0000, 0x0000, 0x0000, 0x0000, 0x0000, 0x0000, 0x0000, 0x0000, 0x0000, 0x0000, // 0x0470 (1136) pixels
    0x0000, 0x0000, 0x0000, 0x0000, 0x0000, 0x0000, 0x0000, 0x0000, 0x0000, 0x0000, 0x0000, 0x0000, 0x0000, 0x0000, 0x0000, 0x0000, // 0x0480 (1152) pixels
    0x0000, 0x0000, 0x0000, 0x0000, 0x0000, 0x0000, 0x0000, 0x0000, 0x0000, 0x0000, 0x0000, 0x0000, 0x0000, 0x0000, 0x0000, 0x0000, // 0x0490 (1168) pixels
    0x0000, 0x0000, 0x0000, 0x0000, 0x0000, 0x0000, 0x0000, 0x0000, 0x0000, 0x0000, 0x0000, 0x0000, 0x0000, 0x0000, 0x0000, 0x0000, // 0x04A0 (1184) pixels
    0x0000, 0x0000, 0x0000, 0x0000, 0x0000, 0x0000, 0x0000, 0x0000, 0x0000, 0x0000, 0x0000, 0x0000, 0x0000, 0x0000, 0x0000, 0x0000, // 0x04B0 (1200) pixels
    0x0000, 0x0000, 0x0000, 0x0000, 0x0000, 0x0000, 0x0000, 0x0000, 0x0000, 0x0000, 0x0000, 0x0000, 0x0000, 0x0000, 0x0000, 0x0000, // 0x04C0 (1216) pixels
    0x0000, 0x0000, 0x0000, 0x0000, 0x0000, 0x0000, 0x0000, 0x0000, 0x0000, 0x0000, 0x0000, 0x0000, 0x0000, 0x0000, 0x0000, 0x0000, // 0x04D0 (1232) pixels
    0x0000, 0x0000, 0x0000, 0x0000, 0x0000, 0x0000, 0x0000, 0x0000, 0x0000, 0x0000, 0x0000, 0x0000, 0x0000, 0x0000, 0x0000, 0x0000, // 0x04E0 (1248) pixels
    0x0000, 0x0000, 0x0000, 0x0000, 0x0000, 0x0000, 0x0000, 0x0000, 0x0000, 0x0000, 0x0000, 0x0000, 0x0000, 0x0000, 0x0000, 0x0000, // 0x04F0 (1264) pixels
    0x0000, 0x0000, 0x0000, 0x0000, 0x0000, 0x0000, 0x0000, 0x0000, 0x0000, 0x0000, 0x0000, 0x0000, 0x0000, 0x0000, 0x0000, 0x0000, // 0x0500 (1280) pixels
    0x0000, 0x0000, 0x0000, 0x0000, 0x0000, 0x0000, 0x0000, 0x0000, 0x0000, 0x0000, 0x0000, 0x0000, 0x0000, 0x0000, 0x0000, 0x0000, // 0x0510 (1296) pixels
    0x0000, 0x0000, 0x0000, 0x0000, 0x0000, 0x0000, 0x0000, 0x0000, 0x0000, 0x0000, 0x0000, 0x0000, 0x0000, 0x0000, 0x0000, 0x0000, // 0x0520 (1312) pixels
    0x0000, 0x0000, 0x0000, 0x0000, 0x0000, 0x0000, 0x0000, 0x0000, 0x0000, 0x0000, 0x0000, 0x0000, 0x0000, 0x0000, 0x0000, 0x0000, // 0x0530 (1328) pixels
    0x0000, 0x0000, 0x0000, 0x0000, 0x0000, 0x0000, 0x0000, 0x0000, 0x0000, 0x0000, 0x0000, 0x0000, 0x0000, 0x0000, 0x0000, 0x0000, // 0x0540 (1344) pixels
    0x0000, 0x0000, 0x0000, 0x0000, 0x0000, 0x0000, 0x0000, 0x0000, 0x0000, 0x0000, 0x0000, 0x0000, 0x0000, 0x0000, 0x0000, 0x0000, // 0x0550 (1360) pixels
    0x0000, 0x0000, 0x0000, 0x0000, 0x0000, 0x0000, 0x0000, 0x0000, 0x0000, 0x0000, 0x0000, 0x0000, 0x0000, 0x0000, 0x0000, 0x0000, // 0x0560 (1376) pixels
    0x0000, 0x0000, 0x0000, 0x0000, 0x0000, 0x0000, 0x0000, 0x0000, 0x0000, 0x0000, 0x0000, 0x0000, 0x0000, 0x0000, 0x0000, 0x0000, // 0x0570 (1392) pixels
    0x0000, 0x0000, 0x0000, 0x0000, 0x0000, 0x0000, 0x0000, 0x0000, 0x0000, 0x0000, 0x0000, 0x0000, 0x0000, 0x0000, 0x0000, 0x0000, // 0x0580 (1408) pixels
    0x0000, 0x0000, 0x0000, 0x0000, 0x0000, 0x0000, 0x0000, 0x0000, 0x0000, 0x0000, 0x0000, 0x0000, 0x0000, 0x0000, 0x0000, 0x0000, // 0x0590 (1424) pixels
    0x0000, 0x0000, 0x0000, 0x0000, 0x0000, 0x0000, 0x0000, 0x0000, 0x0000, 0x0000, 0x0000, 0x0000, 0x0000, 0x0000, 0x0000, 0x0000, // 0x05A0 (1440) pixels
    0x0000, 0x0000, 0x0000, 0x0000, 0x0000, 0x0000, 0x0000, 0x0000, 0x0000, 0x0000, 0x0000, 0x0000, 0x0000, 0x0000, 0x0000, 0x0000, // 0x05B0 (1456) pixels
    0x0000, 0x0000, 0x0000, 0x0000, 0x0000, 0x0000, 0x0000, 0x0000, 0x0000, 0x0000, 0x0000, 0x0000, 0x0000, 0x0000, 0x0000, 0x0000, // 0x05C0 (1472) pixels
    0x0000, 0x0000, 0x0000, 0x0000, 0x0000, 0x0000, 0x0000, 0x0000, 0x0000, 0x0000, 0x0000, 0x0000, 0x0000, 0x0000, 0x0000, 0x0000, // 0x05D0 (1488) pixels
    0x0000, 0x0000, 0x0000, 0x0000, 0x0000, 0x0000, 0x0000, 0x0000, 0x0000, 0x0000, 0x0000, 0x0000, 0x0000, 0x0000, 0x0000, 0x0000, // 0x05E0 (1504) pixels
    0x0000, 0x0000, 0x0000, 0x0000, 0x0000, 0x0000, 0x0000, 0x0000, 0x0000, 0x0000, 0x0000, 0x0000, 0x0000, 0x0000, 0x0000, 0x0000, // 0x05F0 (1520) pixels
    0x0000, 0x0000, 0x0000, 0x0000, 0x0000, 0x0000, 0x0000, 0x0000, 0x0000, 0x0000, 0x0000, 0x0000, 0x0000, 0x0000, 0x0000, 0x0000, // 0x0600 (1536) pixels
    0x0000, 0x0000, 0x0000, 0x0000, 0x0000, 0x0000, 0x0000, 0x0000, 0x0000, 0x0000, 0x0000, 0x0000, 0x0000, 0x0000, 0x0000, 0x0000, // 0x0610 (1552) pixels
    0x0000, 0x0000, 0x0000, 0x0000, 0x0000, 0x0000, 0x0000, 0x0000, 0x0000, 0x0000, 0x0000, 0x0000, 0x0000, 0x0000, 0x0000, 0x0000, // 0x0620 (1568) pixels
    0x0000, 0x0000, 0x0000, 0x0000, 0x0000, 0x0000, 0x0000, 0x0000, 0x0000, 0x0000, 0x0000, 0x0000, 0x0000, 0x0000, 0x0000, 0x0000, // 0x0630 (1584) pixels
    0x0000, 0x0000, 0x0000, 0x0000, 0x0000, 0x0000, 0x0000, 0x0000, 0x0000, 0x0000, 0x0000, 0x0000, 0x0000, 0x0000, 0x0000, 0x0000, // 0x0640 (1600) pixels
    0x0000, 0x0000, 0x0000, 0x0000, 0x0000, 0x0000, 0x0000, 0x0000, 0x0000, 0x0000, 0x0000, 0x0000, 0x0000, 0x0000, 0x0000, 0x0000, // 0x0650 (1616) pixels
    0x0000, 0x0000, 0x0000, 0x0000, 0x0000, 0x0000, 0x0000, 0x0000, 0x0000, 0x0000, 0x0000, 0x0000, 0x0000, 0x0000, 0x0000, 0x0000, // 0x0660 (1632) pixels
    0x0000, 0x0000, 0x0000, 0x0000, 0x0000, 0x0000, 0x0000, 0x0000, 0x0000, 0x0000, 0x0000, 0x0000, 0x0000, 0x0000, 0x0000, 0x0000, // 0x0670 (1648) pixels
    0x0000, 0x0000, 0x0000, 0x0000, 0x0000, 0x0000, 0x0000, 0x0000, 0x0000, 0x0000, 0x0000, 0x0000, 0x0000, 0x0000, 0x0000, 0x0000, // 0x0680 (1664) pixels
    0x0000, 0x0000, 0x0000, 0x0000, 0x0000, 0x0000, 0x0000, 0x0000, 0x0000, 0x0000, 0x0000, 0x0000, 0x0000, 0x0000, 0x0000, 0x0000, // 0x0690 (1680) pixels
    0x0000, 0x0000, 0x0000, 0x0000, 0x0000, 0x0000, 0x0000, 0x0000, 0x0000, 0x0000, 0x0000, 0x0000, 0x0000, 0x0000, 0x0000, 0x0000, // 0x06A0 (1696) pixels
    0x0000, 0x0000, 0x0000, 0x0000, 0x0000, 0x0000, 0x0000, 0x0000, 0x0000, 0x0000, 0x0000, 0x0000, 0x0000, 0x0000, 0x0000, 0x0000, // 0x06B0 (1712) pixels
    0x0000, 0x0000, 0x0000, 0x0000, 0x0000, 0x0000, 0x0000, 0x0000, 0x0000, 0x0000, 0x0000, 0x0000, 0x0000, 0x0000, 0x0000, 0x0000, // 0x06C0 (1728) pixels
    0x0000, 0x0000, 0x0000, 0x0000, 0x0000, 0x0000, 0x0000, 0x0000, 0x0000, 0x0000, 0x0000, 0x0000, 0x0000, 0x0000, 0x0000, 0x0000, // 0x06D0 (1744) pixels
    0x0000, 0x0000, 0x0000, 0x0000, 0x0000, 0x0000, 0x0000, 0x0000, 0x0000, 0x0000, 0x0000, 0x0000, 0x0000, 0x0000, 0x0000, 0x0000, // 0x06E0 (1760) pixels
    0x0000, 0x0000, 0x0000, 0x0000, 0x0000, 0x0000, 0x0000, 0x0000, 0x0000, 0x0000, 0x0000, 0x0000, 0x0000, 0x0000, 0x0000, 0x0000, // 0x06F0 (1776) pixels
    0x0000, 0x0000, 0x0000, 0x0000, 0x0000, 0x0000, 0x0000, 0x0000, 0x0000, 0x0000, 0x0000, 0x0000, 0x0000, 0x0000, 0x0000, 0x0000, // 0x0700 (1792) pixels
    0x0000, 0x0000, 0x0000, 0x0000, 0x0000, 0x0000, 0x0000, 0x0000, 0x0000, 0x0000, 0x0000, 0x0000, 0x0000, 0x0000, 0x0000, 0x0000, // 0x0710 (1808) pixels
    0x0000, 0x0000, 0x0000, 0x0000, 0x0000, 0x0000, 0x0000, 0x0000, 0x0000, 0x0000, 0x0000, 0x0000, 0x0000, 0x0000, 0x0000, 0x0000, // 0x0720 (1824) pixels
    0x0000, 0x0000, 0x0000, 0x0000, 0x0000, 0x0000, 0x0000, 0x0000, 0x0000, 0x0000, 0x0000, 0x0000, 0x0000, 0x0000, 0x0000, 0x0000, // 0x0730 (1840) pixels
    0x0000, 0x0000, 0x0000, 0x0000, 0x0000, 0x0000, 0x0000, 0x0000, 0x0000, 0x0000, 0x0000, 0x0000, 0x0000, 0x0000, 0x0000, 0x0000, // 0x0740 (1856) pixels
    0x0000, 0x0000, 0x0000, 0x0000, 0x0000, 0x0000, 0x0000, 0x0000, 0x0000, 0x0000, 0x0000, 0x0000, 0x0000, 0x0000, 0x0000, 0x0000, // 0x0750 (1872) pixels
    0x0000, 0x0000, 0x0000, 0x0000, 0x0000, 0x0000, 0x0000, 0x0000, 0x0000, 0x0000, 0x0000, 0x0000, 0x0000, 0x0000, 0x0000, 0x0000, // 0x0760 (1888) pixels
    0x0000, 0x0000, 0x0000, 0x0000, 0x0000, 0x0000, 0x0000, 0x0000, 0x0000, 0x0000, 0x0000, 0x0000, 0x0000, 0x0000, 0x0000, 0x0000, // 0x0770 (1904) pixels
    0x0000, 0x0000, 0x0000, 0x0000, 0x0000, 0x0000, 0x0000, 0x0000, 0x0000, 0x0000, 0x0000, 0x0000, 0x0000, 0x0000, 0x0000, 0x0000, // 0x0780 (1920) pixels
    0x0000, 0x0000, 0x0000, 0x0000, 0x0000, 0x0000, 0x0000, 0x0000, 0x0000, 0x0000, 0x0000, 0x0000, 0x0000, 0x0000, 0x0000, 0x0000, // 0x0790 (1936) pixels
    0x0000, 0x0000, 0x0000, 0x0000, 0x0000, 0x0000, 0x0000, 0x0000, 0x0000, 0x0000, 0x0000, 0x0000, 0x0000, 0x0000, 0x0000, 0x0000, // 0x07A0 (1952) pixels
    0x0000, 0x0000, 0x0000, 0x0000, 0x0000, 0x0000, 0x0000, 0x0000, 0x0000, 0x0000, 0x0000, 0x0000, 0x0000, 0x0000, 0x0000, 0x0000, // 0x07B0 (1968) pixels
    0x0000, 0x0000, 0x0000, 0x0000, 0x0000, 0x0000, 0x0000, 0x0000, 0x0000, 0x0000, 0x0000, 0x0000, 0x0000, 0x0000, 0x0000, 0x0000, // 0x07C0 (1984) pixels
    0x0000, 0x0000, 0x0000, 0x0000, 0x0000, 0x0000, 0x0000, 0x0000, 0x0000, 0x0000, 0x0000, 0x0000, 0x0000, 0x0000, 0x0000, 0x0000, // 0x07D0 (2000) pixels
    0x0000, 0x0000, 0x0000, 0x0000, 0x0000, 0x0000, 0x0000, 0x0000, 0x0000, 0x0000, 0x0000, 0x0000, 0x0000, 0x0000, 0x0000, 0x0000, // 0x07E0 (2016) pixels
    0x0000, 0x0000, 0x0000, 0x0000, 0x0000, 0x0000, 0x0000, 0x0000, 0x0000, 0x0000, 0x0000, 0x0000, 0x0000, 0x0000, 0x0000, 0x0000, // 0x07F0 (2032) pixels
    0x0000, 0x0000, 0x0000, 0x0000, 0x0000, 0x0000, 0x0000, 0x0000, 0x0000, 0x0000, 0x0000, 0x0000, 0x0000, 0x0000, 0x0000, 0x0000, // 0x0800 (2048) pixels
    0x0000, 0x0000, 0x0000, 0x0000, 0x0000, 0x0000, 0x0000, 0x0000, 0x0000, 0x0000, 0x0000, 0x0000, 0x0000, 0x0000, 0x0000, 0x0000, // 0x0810 (2064) pixels
    0x0000, 0x0000, 0x0000, 0x0000, 0x0000, 0x0000, 0x0000, 0x0000, 0x0000, 0x0000, 0x0000, 0x0000, 0x0000, 0x0000, 0x0000, 0x0000, // 0x0820 (2080) pixels
    0x0000, 0x0000, 0x0000, 0x0000, 0x0000, 0x0000, 0x0000, 0x0000, 0x0000, 0x0000, 0x0000, 0x0000, 0x0000, 0x0000, 0x0000, 0x0000, // 0x0830 (2096) pixels
    0x0000, 0x0000, 0x0000, 0x0000, 0x0000, 0x0000, 0x0000, 0x0000, 0x0000, 0x0000, 0x0000, 0x0000, 0x0000, 0x0000, 0x0000, 0x0000, // 0x0840 (2112) pixels
    0x0000, 0x0000, 0x0000, 0x0000, 0x0000, 0x0000, 0x0000, 0x0000, 0x0000, 0x0000, 0x0000, 0x0000, 0x0000, 0x0000, 0x0000, 0x0000, // 0x0850 (2128) pixels
    0x0000, 0x0000, 0x0000, 0x0000, 0x0000, 0x0000, 0x0000, 0x0000, 0x0000, 0x0000, 0x0000, 0x0000, 0x0000, 0x0000, 0x0000, 0x0000, // 0x0860 (2144) pixels
    0x0000, 0x0000, 0x0000, 0x0000, 0x0000, 0x0000, 0x0000, 0x0000, 0x0000, 0x0000, 0x0000, 0x0000, 0x0000, 0x0000, 0x0000, 0x0000, // 0x0870 (2160) pixels
    0x0000, 0x0000, 0x0000, 0x0000, 0x0000, 0x0000, 0x0000, 0x0000, 0x0000, 0x0000, 0x0000, 0x0000, 0x0000, 0x0000, 0x0000, 0x0000, // 0x0880 (2176) pixels
    0x0000, 0x0000, 0x0000, 0x0000, 0x0000, 0x0000, 0x0000, 0x0000, 0x0000, 0x0000, 0x0000, 0x0000, 0x0000, 0x0000, 0x0000, 0x0000, // 0x0890 (2192) pixels
    0x0000, 0x0000, 0x0000, 0x0000, 0x0000, 0x0000, 0x0000, 0x0000, 0x0000, 0x0000, 0x0000, 0x0000, 0x0000, 0x0000, 0x0000, 0x0000, // 0x08A0 (2208) pixels
    0x0000, 0x0000, 0x0000, 0x0000, 0x0000, 0x0000, 0x0000, 0x0000, 0x0000, 0x0000, 0x0000, 0x0000, 0x0000, 0x0000, 0x0000, 0x0000, // 0x08B0 (2224) pixels
    0x0000, 0x0000, 0x0000, 0x0000, 0x0000, 0x0000, 0x0000, 0x0000, 0x0000, 0x0000, 0x0000, 0x0000, 0x0000, 0x0000, 0x0000, 0x0000, // 0x08C0 (2240) pixels
    0x0000, 0x0000, 0x0000, 0x0000, 0x0000, 0x0000, 0x0000, 0x0000, 0x0000, 0x0000, 0x0000, 0x0000, 0x0000, 0x0000, 0x0000, 0x0000, // 0x08D0 (2256) pixels
    0x0000, 0x0000, 0x0000, 0x0000, 0x0000, 0x0000, 0x0000, 0x0000, 0x0000, 0x0000, 0x0000, 0x0000, 0x0000, 0x0000, 0x0000, 0x0000, // 0x08E0 (2272) pixels
    0x0000, 0x0000, 0x0000, 0x0000, 0x0000, 0x0000, 0x0000, 0x0000, 0x0000, 0x0000, 0x0000, 0x0000, 0x0000, 0x0000, 0x0000, 0x0000, // 0x08F0 (2288) pixels
    0x0000, 0x0000, 0x0000, 0x0000, 0x0000, 0x0000, 0x0000, 0x0000, 0x0000, 0x0000, 0x0000, 0x0000, 0x0000, 0x0000, 0x0000, 0x0000, // 0x0900 (2304) pixels
    0x0000, 0x0000, 0x0000, 0x0000, 0x0000, 0x0000, 0x0000, 0x0000, 0x0000, 0x0000, 0x0000, 0x0000, 0x0000, 0x0000, 0x0000, 0x0000, // 0x0910 (2320) pixels
    0x0000, 0x0000, 0x0000, 0x0000, 0x0000, 0x0000, 0x0000, 0x0000, 0x0000, 0x0000, 0x0000, 0x0000, 0x0000, 0x0000, 0x0000, 0x0000, // 0x0920 (2336) pixels
    0x0000, 0x0000, 0x0000, 0x0000, 0x0000, 0x0000, 0x0000, 0x0000, 0x0000, 0x0000, 0x0000, 0x0000, 0x0000, 0x0000, 0x0000, 0x0000, // 0x0930 (2352) pixels
    0x0000, 0x0000, 0x0000, 0x0000, 0x0000, 0x0000, 0x0000, 0x0000, 0x0000, 0x0000, 0x0000, 0x0000, 0x0000, 0x0000, 0x0000, 0x0000, // 0x0940 (2368) pixels
    0x0000, 0x0000, 0x0000, 0x0000, 0x0000, 0x0000, 0x0000, 0x0000, 0x0000, 0x0000, 0x0000, 0x0000, 0x0000, 0x0000, 0x0000, 0x0000, // 0x0950 (2384) pixels
    0x0000, 0x0000, 0x0000, 0x0000, 0x0000, 0x0000, 0x0000, 0x0000, 0x0000, 0x0000, 0x0000, 0x0000, 0x0000, 0x0000, 0x0000, 0x0000, // 0x0960 (2400) pixels
    0x0000, 0x0000, 0x0000, 0x0000, 0x0000, 0x0000, 0x0000, 0x0000, 0x0000, 0x0000, 0x0000, 0x0000, 0x0000, 0x0000, 0x0000, 0x0000, // 0x0970 (2416) pixels
    0x0000, 0x0000, 0x0000, 0x0000, 0x0000, 0x0000, 0x0000, 0x0000, 0x0000, 0x0000, 0x0000, 0x0000, 0x0000, 0x0000, 0x0000, 0x0000, // 0x0980 (2432) pixels
    0x0000, 0x0000, 0x0000, 0x0000, 0x0000, 0x0000, 0x0000, 0x0000, 0x0000, 0x0000, 0x0000, 0x0000, 0x0000, 0x0000, 0x0000, 0x0000, // 0x0990 (2448) pixels
    0x0000, 0x0000, 0x0000, 0x0000, 0x0000, 0x0000, 0x0000, 0x0000, 0x0000, 0x0000, 0x0000, 0x0000, 0x0000, 0x0000, 0x0000, 0x0000, // 0x09A0 (2464) pixels
    0x0000, 0x0000, 0x0000, 0x0000, 0x0000, 0x0000, 0x0000, 0x0000, 0x0000, 0x0000, 0x0000, 0x0000, 0x0000, 0x0000, 0x0000, 0x0000, // 0x09B0 (2480) pixels
    0x0000, 0x0000, 0x0000, 0x0000, 0x0000, 0x0000, 0x0000, 0x0000, 0x0000, 0x0000, 0x0000, 0x0000, 0x0000, 0x0000, 0x0000, 0x0000, // 0x09C0 (2496) pixels
    0x0000, 0x0000, 0x0000, 0x0000, 0x0000, 0x0000, 0x0000, 0x0000, 0x0000, 0x0000, 0x0000, 0x0000, 0x0000, 0x0000, 0x0000, 0x0000, // 0x09D0 (2512) pixels
    0x0000, 0x0000, 0x0000, 0x0000, 0x0000, 0x0000, 0x0000, 0x0000, 0x0000, 0x0000, 0x0000, 0x0000, 0x0000, 0x0000, 0x0000, 0x0000, // 0x09E0 (2528) pixels
    0x0000, 0x0000, 0x0000, 0x0000, 0x0000, 0x0000, 0x0000, 0x0000, 0x0000, 0x0000, 0x0000, 0x0000, 0x0000, 0x0000, 0x0000, 0x0000, // 0x09F0 (2544) pixels
    0x0000, 0x0000, 0x0000, 0x0000, 0x0000, 0x0000, 0x0000, 0x0000, 0x0000, 0x0000, 0x0000, 0x0000, 0x0000, 0x0000, 0x0000, 0x0000, // 0x0A00 (2560) pixels
    0x0000, 0x0000, 0x0000, 0x0000, 0x0000, 0x0000, 0x0000, 0x0000, 0x0000, 0x0000, 0x0000, 0x0000, 0x0000, 0x0000, 0x0000, 0x0000, // 0x0A10 (2576) pixels
    0x0000, 0x0000, 0x0000, 0x0000, 0x0000, 0x0000, 0x0000, 0x0000, 0x0000, 0x0000, 0x0000, 0x0000, 0x0000, 0x0000, 0x0000, 0x0000, // 0x0A20 (2592) pixels
    0x0000, 0x0000, 0x0000, 0x0000, 0x0000, 0x0000, 0x0000, 0x0000, 0x0000, 0x0000, 0x0000, 0x0000, 0x0000, 0x0000, 0x0000, 0x0000, // 0x0A30 (2608) pixels
    0x0000, 0x0000, 0x0000, 0x0000, 0x0000, 0x0000, 0x0000, 0x0000, 0x0000, 0x0000, 0x0000, 0x0000, 0x0000, 0x0000, 0x0000, 0x0000, // 0x0A40 (2624) pixels
    0x0000, 0x0000, 0x0000, 0x0000, 0x0000, 0x0000, 0x0000, 0x0000, 0x0000, 0x0000, 0x0000, 0x0000, 0x0000, 0x0000, 0x0000, 0x0000, // 0x0A50 (2640) pixels
    0x0000, 0x0000, 0x0000, 0x0000, 0x0000, 0x0000, 0x0000, 0x0000, 0x0000, 0x0000, 0x0000, 0x0000, 0x0000, 0x0000, 0x0000, 0x0000, // 0x0A60 (2656) pixels
    0x0000, 0x0000, 0x0000, 0x0000, 0x0000, 0x0000, 0x0000, 0x0000, 0x0000, 0x0000, 0x0000, 0x0000, 0x0000, 0x0000, 0x0000, 0x0000, // 0x0A70 (2672) pixels
    0x0000, 0x0000, 0x0000, 0x0000, 0x0000, 0x0000, 0x0000, 0x0000, 0x0000, 0x0000, 0x0000, 0x0000, 0x0000, 0x0000, 0x0000, 0x0000, // 0x0A80 (2688) pixels
    0x0000, 0x0000, 0x0000, 0x0000, 0x0000, 0x0000, 0x0000, 0x0000, 0x0000, 0x0000, 0x0000, 0x0000, 0x0000, 0x0000, 0x0000, 0x0000, // 0x0A90 (2704) pixels
    0x0000, 0x0000, 0x0000, 0x0000, 0x0000, 0x0000, 0x0000, 0x0000, 0x0000, 0x0000, 0x0000, 0x0000, 0x0000, 0x0000, 0x0000, 0x0000, // 0x0AA0 (2720) pixels
    0x0000, 0x0000, 0x0000, 0x0000, 0x0000, 0x0000, 0x0000, 0x0000, 0x0000, 0x0000, 0x0000, 0x0000, 0x0000, 0x0000, 0x0000, 0x0000, // 0x0AB0 (2736) pixels
    0x0000, 0x0000, 0x0000, 0x0000, 0x0000, 0x0000, 0x0000, 0x0000, 0x0000, 0x0000, 0x0000, 0x0000, 0x0000, 0x0000, 0x0000, 0x0000, // 0x0AC0 (2752) pixels
    0x0000, 0x0000, 0x0000, 0x0000, 0x0000, 0x0000, 0x0000, 0x0000, 0x0000, 0x0000, 0x0000, 0x0000, 0x0000, 0x0000, 0x0000, 0x0000, // 0x0AD0 (2768) pixels
    0x0000, 0x0000, 0x0000, 0x0000, 0x0000, 0x0000, 0x0000, 0x0000, 0x0000, 0x0000, 0x0000, 0x0000, 0x0000, 0x0000, 0x0000, 0x0000, // 0x0AE0 (2784) pixels
    0x0000, 0x0000, 0x0000, 0x0000, 0x0000, 0x0000, 0x0000, 0x0000, 0x0000, 0x0000, 0x0000, 0x0000, 0x0000, 0x0000, 0x0000, 0x0000, // 0x0AF0 (2800) pixels
    0x0000, 0x0000, 0x0000, 0x0000, 0x0000, 0x0000, 0x0000, 0x0000, 0x0000, 0x0000, 0x0000, 0x0000, 0x0000, 0x0000, 0x0000, 0x0000, // 0x0B00 (2816) pixels
    0x0000, 0x0000, 0x0000, 0x0000, 0x0000, 0x0000, 0x0000, 0x0000, 0x0000, 0x0000, 0x0000, 0x0000, 0x0000, 0x0000, 0x0000, 0x0000, // 0x0B10 (2832) pixels
    0x0000, 0x0000, 0x0000, 0x0000, 0x0000, 0x0000, 0x0000, 0x0000, 0x0000, 0x0000, 0x0000, 0x0000, 0x0000, 0x0000, 0x0000, 0x0000, // 0x0B20 (2848) pixels
    0x0000, 0x0000, 0x0000, 0x0000, 0x0000, 0x0000, 0x0000, 0x0000, 0x0000, 0x0000, 0x0000, 0x0000, 0x0000, 0x0000, 0x0000, 0x0000, // 0x0B30 (2864) pixels
    0x0000, 0x0000, 0x0000, 0x0000, 0x0000, 0x0000, 0x0000, 0x0000, 0x0000, 0x0000, 0x0000, 0x0000, 0x0000, 0x0000, 0x0000, 0x0000, // 0x0B40 (2880) pixels
    0x0000, 0x0000, 0x0000, 0x0000, 0x0000, 0x0000, 0x0000, 0x0000, 0x0000, 0x0000, 0x0000, 0x0000, 0x0000, 0x0000, 0x0000, 0x0000, // 0x0B50 (2896) pixels
    0x0000, 0x0000, 0x0000, 0x0000, 0x0000, 0x0000, 0x0000, 0x0000, 0x0000, 0x0000, 0x0000, 0x0000, 0x0000, 0x0000, 0x0000, 0x0000, // 0x0B60 (2912) pixels
    0x0000, 0x0000, 0x0000, 0x0000, 0x0000, 0x0000, 0x0000, 0x0000, 0x0000, 0x0000, 0x0000, 0x0000, 0x0000, 0x0000, 0x0000, 0x0000, // 0x0B70 (2928) pixels
    0x0000, 0x0000, 0x0000, 0x0000, 0x0000, 0x0000, 0x0000, 0x0000, 0x0000, 0x0000, 0x0000, 0x0000, 0x0000, 0x0000, 0x0000, 0x0000, // 0x0B80 (2944) pixels
    0x0000, 0x0000, 0x0000, 0x0000, 0x0000, 0x0000, 0x0000, 0x0000, 0x0000, 0x0000, 0x0000, 0x0000, 0x0000, 0x0000, 0x0000, 0x0000, // 0x0B90 (2960) pixels
    0x0000, 0x0000, 0x0000, 0x0000, 0x0000, 0x0000, 0x0000, 0x0000, 0x0000, 0x0000, 0x0000, 0x0000, 0x0000, 0x0000, 0x0000, 0x0000, // 0x0BA0 (2976) pixels
    0x0000, 0x0000, 0x0000, 0x0000, 0x0000, 0x0000, 0x0000, 0x0000, 0x0000, 0x0000, 0x0000, 0x0000, 0x0000, 0x0000, 0x0000, 0x0000, // 0x0BB0 (2992) pixels
    0x0000, 0x0000, 0x0000, 0x0000, 0x0000, 0x0000, 0x0000, 0x0000, 0x0000, 0x0000, 0x0000, 0x0000, 0x0000, 0x0000, 0x0000, 0x0000, // 0x0BC0 (3008) pixels
    0x0000, 0x0000, 0x0000, 0x0000, 0x0000, 0x0000, 0x0000, 0x0000, 0x0000, 0x0000, 0x0000, 0x0000, 0x0000, 0x0000, 0x0000, 0x0000, // 0x0BD0 (3024) pixels
    0x0000, 0x0000, 0x0000, 0x0000, 0x0000, 0x0000, 0x0000, 0x0000, 0x0000, 0x0000, 0x0000, 0x0000, 0x0000, 0x0000, 0x0000, 0x0000, // 0x0BE0 (3040) pixels
    0x0000, 0x0000, 0x0000, 0x0000, 0x0000, 0x0000, 0x0000, 0x0000, 0x0000, 0x0000, 0x0000, 0x0000, 0x0000, 0x0000, 0x0000, 0x0000, // 0x0BF0 (3056) pixels
    0x0000, 0x0000, 0x0000, 0x0000, 0x0000, 0x0000, 0x0000, 0x0000, 0x0000, 0x0000, 0x0000, 0x0000, 0x0000, 0x0000, 0x0000, 0x0000, // 0x0C00 (3072) pixels
    0x0000, 0x0000, 0x0000, 0x0000, 0x0000, 0x0000, 0x0000, 0x0000, 0x0000, 0x0000, 0x0000, 0x0000, 0x0000, 0x0000, 0x0000, 0x0000, // 0x0C10 (3088) pixels
    0x0000, 0x0000, 0x0000, 0x0000, 0x0000, 0x0000, 0x0000, 0x0000, 0x0000, 0x0000, 0x0000, 0x0000, 0x0000, 0x0000, 0x0000, 0x0000, // 0x0C20 (3104) pixels
    0x0000, 0x0000, 0x0000, 0x0000, 0x0000, 0x0000, 0x0000, 0x0000, 0x0000, 0x0000, 0x0000, 0x0000, 0x0000, 0x0000, 0x0000, 0x0000, // 0x0C30 (3120) pixels
    0x0000, 0x0000, 0x0000, 0x0000, 0x0000, 0x0000, 0x0000, 0x0000, 0x0000, 0x0000, 0x0000, 0x0000, 0x0000, 0x0000, 0x0000, 0x0000, // 0x0C40 (3136) pixels
    0x0000, 0x0000, 0x0000, 0x0000, 0x0000, 0x0000, 0x0000, 0x0000, 0x0000, 0x0000, 0x0000, 0x0000, 0x0000, 0x0000, 0x0000, 0x0000, // 0x0C50 (3152) pixels
    0x0000, 0x0000, 0x0000, 0x0000, 0x0000, 0x0000, 0x0000, 0x0000, 0x0000, 0x0000, 0x0000, 0x0000, 0x0000, 0x0000, 0x0000, 0x0000, // 0x0C60 (3168) pixels
    0x0000, 0x0000, 0x0000, 0x0000, 0x0000, 0x0000, 0x0000, 0x0000, 0x0000, 0x0000, 0x0000, 0x0000, 0x0000, 0x0000, 0x0000, 0x0000, // 0x0C70 (3184) pixels
    0x0000, 0x0000, 0x0000, 0x0000, 0x0000, 0x0000, 0x0000, 0x0000, 0x0000, 0x0000, 0x0000, 0x0000, 0x0000, 0x0000, 0x0000, 0x0000, // 0x0C80 (3200) pixels
    0x0000, 0x0000, 0x0000, 0x0000, 0x0000, 0x0000, 0x0000, 0x0000, 0x0000, 0x0000, 0x0000, 0x0000, 0x0000, 0x0000, 0x0000, 0x0000, // 0x0C90 (3216) pixels
    0x0000, 0x0000, 0x0000, 0x0000, 0x0000, 0x0000, 0x0000, 0x0000, 0x0000, 0x0000, 0x0000, 0x0000, 0x0000, 0x0000, 0x0000, 0x0000, // 0x0CA0 (3232) pixels
    0x0000, 0x0000, 0x0000, 0x0000, 0x0000, 0x0000, 0x0000, 0x0000, 0x0000, 0x0000, 0x0000, 0x0000, 0x0000, 0x0000, 0x0000, 0x0000, // 0x0CB0 (3248) pixels
    0x0000, 0x0000, 0x0000, 0x0000, 0x0000, 0x0000, 0x0000, 0x0000, 0x0000, 0x0000, 0x0000, 0x0000, 0x0000, 0x0000, 0x0000, 0x0000, // 0x0CC0 (3264) pixels
    0x0000, 0x0000, 0x0000, 0x0000, 0x0000, 0x0000, 0x0000, 0x0000, 0x0000, 0x0000, 0x0000, 0x0000, 0x0000, 0x0000, 0x0000, 0x0000, // 0x0CD0 (3280) pixels
    0x0000, 0x0000, 0x0000, 0x0000, 0x0000, 0x0000, 0x0000, 0x0000, 0x0000, 0x0000, 0x0000, 0x0000, 0x0000, 0x0000, 0x0000, 0x0000, // 0x0CE0 (3296) pixels
    0x0000, 0x0000, 0x0000, 0x0000, 0x0000, 0x0000, 0x0000, 0x0000, 0x0000, 0x0000, 0x0000, 0x0000, 0x0000, 0x0000, 0x0000, 0x0000, // 0x0CF0 (3312) pixels
    0x0000, 0x0000, 0x0000, 0x0000, 0x0000, 0x0000, 0x0000, 0x0000, 0x0000, 0x0000, 0x0000, 0x0000, 0x0000, 0x0000, 0x0000, 0x0000, // 0x0D00 (3328) pixels
    0x0000, 0x0000, 0x0000, 0x0000, 0x0000, 0x0000, 0x0000, 0x0000, 0x0000, 0x0000, 0x0000, 0x0000, 0x0000, 0x0000, 0x0000, 0x0000, // 0x0D10 (3344) pixels
    0x0000, 0x0000, 0x0000, 0x0000, 0x0000, 0x0000, 0x0000, 0x0000, 0x0000, 0x0000, 0x0000, 0x0000, 0x0000, 0x0000, 0x0000, 0x0000, // 0x0D20 (3360) pixels
    0x0000, 0x0000, 0x0000, 0x0000, 0x0000, 0x0000, 0x0000, 0x0000, 0x0000, 0x0000, 0x0000, 0x0000, 0x0000, 0x0000, 0x0000, 0x0000, // 0x0D30 (3376) pixels
    0x0000, 0x0000, 0x0000, 0x0000, 0x0000, 0x0000, 0x0000, 0x0000, 0x0000, 0x0000, 0x0000, 0x0000, 0x0000, 0x0000, 0x0000, 0x0000, // 0x0D40 (3392) pixels
    0x0000, 0x0000, 0x0000, 0x0000, 0x0000, 0x0000, 0x0000, 0x0000, 0x0000, 0x0000, 0x0000, 0x0000, 0x0000, 0x0000, 0x0000, 0x0000, // 0x0D50 (3408) pixels
    0x0000, 0x0000, 0x0000, 0x0000, 0x0000, 0x0000, 0x0000, 0x0000, 0x0000, 0x0000, 0x0000, 0x0000, 0x0000, 0x0000, 0x0000, 0x0000, // 0x0D60 (3424) pixels
    0x0000, 0x0000, 0x0000, 0x0000, 0x0000, 0x0000, 0x0000, 0x0000, 0x0000, 0x0000, 0x0000, 0x0000, 0x0000, 0x0000, 0x0000, 0x0000, // 0x0D70 (3440) pixels
    0x0000, 0x0000, 0x0000, 0x0000, 0x0000, 0x0000, 0x0000, 0x0000, 0x0000, 0x0000, 0x0000, 0x0000, 0x0000, 0x0000, 0x0000, 0x0000, // 0x0D80 (3456) pixels
    0x0000, 0x0000, 0x0000, 0x0000, 0x0000, 0x0000, 0x0000, 0x0000, 0x0000, 0x0000, 0x0000, 0x0000, 0x0000, 0x0000, 0x0000, 0x0000, // 0x0D90 (3472) pixels
    0x0000, 0x0000, 0x0000, 0x0000, 0x0000, 0x0000, 0x0000, 0x0000, 0x0000, 0x0000, 0x0000, 0x0000, 0x0000, 0x0000, 0x0000, 0x0000, // 0x0DA0 (3488) pixels
    0x0000, 0x0000, 0x0000, 0x0000, 0x0000, 0x0000, 0x0000, 0x0000, 0x0000, 0x0000, 0x0000, 0x0000, 0x0000, 0x0000, 0x0000, 0x0000, // 0x0DB0 (3504) pixels
    0x0000, 0x0000, 0x0000, 0x0000, 0x0000, 0x0000, 0x0000, 0x0000, 0x0000, 0x0000, 0x0000, 0x0000, 0x0000, 0x0000, 0x0000, 0x0000, // 0x0DC0 (3520) pixels
    0x0000, 0x0000, 0x0000, 0x0000, 0x0000, 0x0000, 0x0000, 0x0000, 0x0000, 0x0000, 0x0000, 0x0000, 0x0000, 0x0000, 0x0000, 0x0000, // 0x0DD0 (3536) pixels
    0x0000, 0x0000, 0x0000, 0x0000, 0x0000, 0x0000, 0x0000, 0x0000, 0x0000, 0x0000, 0x0000, 0x0000, 0x0000, 0x0000, 0x0000, 0x0000, // 0x0DE0 (3552) pixels
    0x0000, 0x0000, 0x0000, 0x0000, 0x0000, 0x0000, 0x0000, 0x0000, 0x0000, 0x0000, 0x0000, 0x0000, 0x0000, 0x0000, 0x0000, 0x0000, // 0x0DF0 (3568) pixels
    0x0000, 0x0000, 0x0000, 0x0000, 0x0000, 0x0000, 0x0000, 0x0000, 0x0000, 0x0000, 0x0000, 0x0000, 0x0000, 0x0000, 0x0000, 0x0000, // 0x0E00 (3584) pixels
    0x0000, 0x0000, 0x0000, 0x0000, 0x0000, 0x0000, 0x0000, 0x0000, 0x0000, 0x0000, 0x0000, 0x0000, 0x0000, 0x0000, 0x0000, 0x0000, // 0x0E10 (3600) pixels
    0x0000, 0x0000, 0x0000, 0x0000, 0x0000, 0x0000, 0x0000, 0x0000, 0x0000, 0x0000, 0x0000, 0x0000, 0x0000, 0x0000, 0x0000, 0x0000, // 0x0E20 (3616) pixels
    0x0000, 0x0000, 0x0000, 0x0000, 0x0000, 0x0000, 0x0000, 0x0000, 0x0000, 0x0000, 0x0000, 0x0000, 0x0000, 0x0000, 0x0000, 0x0000, // 0x0E30 (3632) pixels
    0x0000, 0x0000, 0x0000, 0x0000, 0x0000, 0x0000, 0x0000, 0x0000, 0x0000, 0x0000, 0x0000, 0x0000, 0x0000, 0x0000, 0x0000, 0x0000, // 0x0E40 (3648) pixels
    0x0000, 0x0000, 0x0000, 0x0000, 0x0000, 0x0000, 0x0000, 0x0000, 0x0000, 0x0000, 0x0000, 0x0000, 0x0000, 0x0000, 0x0000, 0x0000, // 0x0E50 (3664) pixels
    0x0000, 0x0000, 0x0000, 0x0000, 0x0000, 0x0000, 0x0000, 0x0000, 0x0000, 0x0000, 0x0000, 0x0000, 0x0000, 0x0000, 0x0000, 0x0000, // 0x0E60 (3680) pixels
    0x0000, 0x0000, 0x0000, 0x0000, 0x0000, 0x0000, 0x0000, 0x0000, 0x0000, 0x0000, 0x0000, 0x0000, 0x0000, 0x0000, 0x0000, 0x0000, // 0x0E70 (3696) pixels
    0x0000, 0x0000, 0x0000, 0x0000, 0x0000, 0x0000, 0x0000, 0x0000, 0x0000, 0x0000, 0x0000, 0x0000, 0x0000, 0x0000, 0x0000, 0x0000, // 0x0E80 (3712) pixels
    0x0000, 0x0000, 0x0000, 0x0000, 0x0000, 0x0000, 0x0000, 0x0000, 0x0000, 0x0000, 0x0000, 0x0000, 0x0000, 0x0000, 0x0000, 0x0000, // 0x0E90 (3728) pixels
    0x0000, 0x0000, 0x0000, 0x0000, 0x0000, 0x0000, 0x0000, 0x0000, 0x0000, 0x0000, 0x0000, 0x0000, 0x0000, 0x0000, 0x0000, 0x0000, // 0x0EA0 (3744) pixels
    0x0000, 0x0000, 0x0000, 0x0000, 0x0000, 0x0000, 0x0000, 0x0000, 0x0000, 0x0000, 0x0000, 0x0000, 0x0000, 0x0000, 0x0000, 0x0000, // 0x0EB0 (3760) pixels
    0x0000, 0x0000, 0x0000, 0x0000, 0x0000, 0x0000, 0x0000, 0x0000, 0x0000, 0x0000, 0x0000, 0x0000, 0x0000, 0x0000, 0x0000, 0x0000, // 0x0EC0 (3776) pixels
    0x0000, 0x0000, 0x0000, 0x0000, 0x0000, 0x0000, 0x0000, 0x0000, 0x0000, 0x0000, 0x0000, 0x0000, 0x0000, 0x0000, 0x0000, 0x0000, // 0x0ED0 (3792) pixels
    0x0000, 0x0000, 0x0000, 0x0000, 0x0000, 0x0000, 0x0000, 0x0000, 0x0000, 0x0000, 0x0000, 0x0000, 0x0000, 0x0000, 0x0000, 0x0000, // 0x0EE0 (3808) pixels
    0x0000, 0x0000, 0x0000, 0x0000, 0x0000, 0x0000, 0x0000, 0x0000, 0x0000, 0x0000, 0x0000, 0x0000, 0x0000, 0x0000, 0x0000, 0x0000, // 0x0EF0 (3824) pixels
    0x0000, 0x0000, 0x0000, 0x0000, 0x0000, 0x0000, 0x0000, 0x0000, 0x0000, 0x0000, 0x0000, 0x0000, 0x0000, 0x0000, 0x0000, 0x0000, // 0x0F00 (3840) pixels
    0x0000, 0x0000, 0x0000, 0x0000, 0x0000, 0x0000, 0x0000, 0x0000, 0x0000, 0x0000, 0x0000, 0x0000, 0x0000, 0x0000, 0x0000, 0x0000, // 0x0F10 (3856) pixels
    0x0000, 0x0000, 0x0000, 0x0000, 0x0000, 0x0000, 0x0000, 0x0000, 0x0000, 0x0000, 0x0000, 0x0000, 0x0000, 0x0000, 0x0000, 0x0000, // 0x0F20 (3872) pixels
    0x0000, 0x0000, 0x0000, 0x0000, 0x0000, 0x0000, 0x0000, 0x0000, 0x0000, 0x0000, 0x0000, 0x0000, 0x0000, 0x0000, 0x0000, 0x0000, // 0x0F30 (3888) pixels
    0x0000, 0x0000, 0x0000, 0x0000, 0x0000, 0x0000, 0x0000, 0x0000, 0x0000, 0x0000, 0x0000, 0x0000, 0x0000, 0x0000, 0x0000, 0x0000, // 0x0F40 (3904) pixels
    0x0000, 0x0000, 0x0000, 0x0000, 0x0000, 0x0000, 0x0000, 0x0000, 0x0000, 0x0000, 0x0000, 0x0000, 0x0000, 0x0000, 0x0000, 0x0000, // 0x0F50 (3920) pixels
    0x0000, 0x0000, 0x0000, 0x0000, 0x0000, 0x0000, 0x0000, 0x0000, 0x0000, 0x0000, 0x0000, 0x0000, 0x0000, 0x0000, 0x0000, 0x0000, // 0x0F60 (3936) pixels
    0x0000, 0x0000, 0x0000, 0x0000, 0x0000, 0x0000, 0x0000, 0x0000, 0x0000, 0x0000, 0x0000, 0x0000, 0x0000, 0x0000, 0x0000, 0x0000, // 0x0F70 (3952) pixels
    0x0000, 0x0000, 0x0000, 0x0000, 0x0000, 0x0000, 0x0000, 0x0000, 0x0000, 0x0000, 0x0000, 0x0000, 0x0000, 0x0000, 0x0000, 0x0000, // 0x0F80 (3968) pixels
    0x0000, 0x0000, 0x0000, 0x0000, 0x0000, 0x0000, 0x0000, 0x0000, 0x0000, 0x0000, 0x0000, 0x0000, 0x0000, 0x0000, 0x0000, 0x0000, // 0x0F90 (3984) pixels
    0x0000, 0x0000, 0x0000, 0x0000, 0x0000, 0x0000, 0x0000, 0x0000, 0x0000, 0x0000, 0x0000, 0x0000, 0x0000, 0x0000, 0x0000, 0x0000, // 0x0FA0 (4000) pixels
    0x0000, 0x0000, 0x0000, 0x0000, 0x0000, 0x0000, 0x0000, 0x0000, 0x0000, 0x0000, 0x0000, 0x0000, 0x0000, 0x0000, 0x0000, 0x0000, // 0x0FB0 (4016) pixels
    0x0000, 0x0000, 0x0000, 0x0000, 0x0000, 0x0000, 0x0000, 0x0000, 0x0000, 0x0000, 0x0000, 0x0000, 0x0000, 0x0000, 0x0000, 0x0000, // 0x0FC0 (4032) pixels
    0x0000, 0x0000, 0x0000, 0x0000, 0x0000, 0x0000, 0x0000, 0x0000, 0x0000, 0x0000, 0x0000, 0x0000, 0x0000, 0x0000, 0x0000, 0x0000, // 0x0FD0 (4048) pixels
    0x0000, 0x0000, 0x0000, 0x0000, 0x0000, 0x0000, 0x0000, 0x0000, 0x0000, 0x0000, 0x0000, 0x0000, 0x0000, 0x0000, 0x0000, 0x0000, // 0x0FE0 (4064) pixels
    0x0000, 0x0000, 0x0000, 0x0000, 0x0000, 0x0000, 0x0000, 0x0000, 0x0000, 0x0000, 0x0000, 0x0000, 0x0000, 0x0000, 0x0000, 0x0000, // 0x0FF0 (4080) pixels
    0x0000, 0x0000, 0x0000, 0x0000, 0x0000, 0x0000, 0x0000, 0x0000, 0x0000, 0x0000, 0x0000, 0x0000, 0x0000, 0x0000, 0x0000, 0x0000, // 0x1000 (4096) pixels
    0x0000, 0x0000, 0x0000, 0x0000, 0x0000, 0x0000, 0x0000, 0x0000, 0x0000, 0x0000, 0x0000, 0x0000, 0x0000, 0x0000, 0x0000, 0x0000, // 0x1010 (4112) pixels
    0x0000, 0x0000, 0x0000, 0x0000, 0x0000, 0x0000, 0x0000, 0x0000, 0x0000, 0x0000, 0x0000, 0x0000, 0x0000, 0x0000, 0x0000, 0x0000, // 0x1020 (4128) pixels
    0x0000, 0x0000, 0x0000, 0x0000, 0x0000, 0x0000, 0x0000, 0x0000, 0x0000, 0x0000, 0x0000, 0x0000, 0x0000, 0x0000, 0x0000, 0x0000, // 0x1030 (4144) pixels
    0x0000, 0x0000, 0x0000, 0x0000, 0x0000, 0x0000, 0x0000, 0x0000, 0x0000, 0x0000, 0x0000, 0x0000, 0x0000, 0x0000, 0x0000, 0x0000, // 0x1040 (4160) pixels
    0x0000, 0x0000, 0x0000, 0x0000, 0x0000, 0x0000, 0x0000, 0x0000, 0x0000, 0x0000, 0x0000, 0x0000, 0x0000, 0x0000, 0x0000, 0x0000, // 0x1050 (4176) pixels
    0x0000, 0x0000, 0x0000, 0x0000, 0x0000, 0x0000, 0x0000, 0x0000, 0x0000, 0x0000, 0x0000, 0x0000, 0x0000, 0x0000, 0x0000, 0x0000, // 0x1060 (4192) pixels
    0x0000, 0x0000, 0x0000, 0x0000, 0x0000, 0x0000, 0x0000, 0x0000, 0x0000, 0x0000, 0x0000, 0x0000, 0x0000, 0x0000, 0x0000, 0x0000, // 0x1070 (4208) pixels
    0x0000, 0x0000, 0x0000, 0x0000, 0x0000, 0x0000, 0x0000, 0x0000, 0x0000, 0x0000, 0x0000, 0x0000, 0x0000, 0x0000, 0x0000, 0x0000, // 0x1080 (4224) pixels
    0x0000, 0x0000, 0x0000, 0x0000, 0x0000, 0x0000, 0x0000, 0x0000, 0x0000, 0x0000, 0x0000, 0x0000, 0x0000, 0x0000, 0x0000, 0x0000, // 0x1090 (4240) pixels
    0x0000, 0x0000, 0x0000, 0x0000, 0x0000, 0x0000, 0x0000, 0x0000, 0x0000, 0x0000, 0x0000, 0x0000, 0x0000, 0x0000, 0x0000, 0x0000, // 0x10A0 (4256) pixels
    0x0000, 0x0000, 0x0000, 0x0000, 0x0000, 0x0000, 0x0000, 0x0000, 0x0000, 0x0000, 0x0000, 0x0000, 0x0000, 0x0000, 0x0000, 0x0000, // 0x10B0 (4272) pixels
    0x0000, 0x0000, 0x0000, 0x0000, 0x0000, 0x0000, 0x0000, 0x0000, 0x0000, 0x0000, 0x0000, 0x0000, 0x0000, 0x0000, 0x0000, 0x0000, // 0x10C0 (4288) pixels
    0x0000, 0x0000, 0x0000, 0x0000, 0x0000, 0x0000, 0x0000, 0x0000, 0x0000, 0x0000, 0x0000, 0x0000, 0x0000, 0x0000, 0x0000, 0x0000, // 0x10D0 (4304) pixels
    0x0000, 0x0000, 0x0000, 0x0000, 0x0000, 0x0000, 0x0000, 0x0000, 0x0000, 0x0000, 0x0000, 0x0000, 0x0000, 0x0000, 0x0000, 0x0000, // 0x10E0 (4320) pixels
    0x0000, 0x0000, 0x0000, 0x0000, 0x0000, 0x0000, 0x0000, 0x0000, 0x0000, 0x0000, 0x0000, 0x0000, 0x0000, 0x0000, 0x0000, 0x0000, // 0x10F0 (4336) pixels
    0x0000, 0x0000, 0x0000, 0x0000, 0x0000, 0x0000, 0x0000, 0x0000, 0x0000, 0x0000, 0x0000, 0x0000, 0x0000, 0x0000, 0x0000, 0x0000, // 0x1100 (4352) pixels
    0x0000, 0x0000, 0x0000, 0x0000, 0x0000, 0x0000, 0x0000, 0x0000, 0x0000, 0x0000, 0x0000, 0x0000, 0x0000, 0x0000, 0x0000, 0x0000, // 0x1110 (4368) pixels
    0x0000, 0x0000, 0x0000, 0x0000, 0x0000, 0x0000, 0x0000, 0x0000, 0x0000, 0x0000, 0x0000, 0x0000, 0x0000, 0x0000, 0x0000, 0x0000, // 0x1120 (4384) pixels
    0x0000, 0x0000, 0x0000, 0x0000, 0x0000, 0x0000, 0x0000, 0x0000, 0x0000, 0x0000, 0x0000, 0x0000, 0x0000, 0x0000, 0x0000, 0x0000, // 0x1130 (4400) pixels
    0x0000, 0x0000, 0x0000, 0x0000, 0x0000, 0x0000, 0x0000, 0x0000, 0x0000, 0x0000, 0x0000, 0x0000, 0x0000, 0x0000, 0x0000, 0x0000, // 0x1140 (4416) pixels
    0x0000, 0x0000, 0x0000, 0x0000, 0x0000, 0x0000, 0x0000, 0x0000, 0x0000, 0x0000, 0x0000, 0x0000, 0x0000, 0x0000, 0x0000, 0x0000, // 0x1150 (4432) pixels
    0x0000, 0x0000, 0x0000, 0x0000, 0x0000, 0x0000, 0x0000, 0x0000, 0x0000, 0x0000, 0x0000, 0x0000, 0x0000, 0x0000, 0x0000, 0x0000, // 0x1160 (4448) pixels
    0x0000, 0x0000, 0x0000, 0x0000, 0x0000, 0x0000, 0x0000, 0x0000, 0x0000, 0x0000, 0x0000, 0x0000, 0x0000, 0x0000, 0x0000, 0x0000, // 0x1170 (4464) pixels
    0x0000, 0x0000, 0x0000, 0x0000, 0x0000, 0x0000, 0x0000, 0x0000, 0x0000, 0x0000, 0x0000, 0x0000, 0x0000, 0x0000, 0x0000, 0x0000, // 0x1180 (4480) pixels
    0x0000, 0x0000, 0x0000, 0x0000, 0x0000, 0x0000, 0x0000, 0x0000, 0x0000, 0x0000, 0x0000, 0x0000, 0x0000, 0x0000, 0x0000, 0x0000, // 0x1190 (4496) pixels
    0x0000, 0x0000, 0x0000, 0x0000, 0x0000, 0x0000, 0x0000, 0x0000, 0x0000, 0x0000, 0x0000, 0x0000, 0x0000, 0x0000, 0x0000, 0x0000, // 0x11A0 (4512) pixels
    0x0000, 0x0000, 0x0000, 0x0000, 0x0000, 0x0000, 0x0000, 0x0000, 0x0000, 0x0000, 0x0000, 0x0000, 0x0000, 0x0000, 0x0000, 0x0000, // 0x11B0 (4528) pixels
    0x0000, 0x0000, 0x0000, 0x0000, 0x0000, 0x0000, 0x0000, 0x0000, 0x0000, 0x0000, 0x0000, 0x0000, 0x0000, 0x0000, 0x0000, 0x0000, // 0x11C0 (4544) pixels
    0x0000, 0x0000, 0x0000, 0x0000, 0x0000, 0x0000, 0x0000, 0x0000, 0x0000, 0x0000, 0x0000, 0x0000, 0x0000, 0x0000, 0x0000, 0x0000, // 0x11D0 (4560) pixels
    0x0000, 0x0000, 0x0000, 0x0000, 0x0000, 0x0000, 0x0000, 0x0000, 0x0000, 0x0000, 0x0000, 0x0000, 0x0000, 0x0000, 0x0000, 0x0000, // 0x11E0 (4576) pixels
    0x0000, 0x0000, 0x0000, 0x0000, 0x0000, 0x0000, 0x0000, 0x0000, 0x0000, 0x0000, 0x0000, 0x0000, 0x0000, 0x0000, 0x0000, 0x0000, // 0x11F0 (4592) pixels
    0x0000, 0x0000, 0x0000, 0x0000, 0x0000, 0x0000, 0x0000, 0x0000, 0x0000, 0x0000, 0x0000, 0x0000, 0x0000, 0x0000, 0x0000, 0x0000, // 0x1200 (4608) pixels
    0x0000, 0x0000, 0x0000, 0x0000, 0x0000, 0x0000, 0x0000, 0x0000, 0x0000, 0x0000, 0x0000, 0x0000, 0x0000, 0x0000, 0x0000, 0x0000, // 0x1210 (4624) pixels
    0x0000, 0x0000, 0x0000, 0x0000, 0x0000, 0x0000, 0x0000, 0x0000, 0x0000, 0x0000, 0x0000, 0x0000, 0x0000, 0x0000, 0x0000, 0x0000, // 0x1220 (4640) pixels
    0x0000, 0x0000, 0x0000, 0x0000, 0x0000, 0x0000, 0x0000, 0x0000, 0x0000, 0x0000, 0x0000, 0x0000, 0x0000, 0x0000, 0x0000, 0x0000, // 0x1230 (4656) pixels
    0x0000, 0x0000, 0x0000, 0x0000, 0x0000, 0x0000, 0x0000, 0x0000, 0x0000, 0x0000, 0x0000, 0x0000, 0x0000, 0x0000, 0x0000, 0x0000, // 0x1240 (4672) pixels
    0x0000, 0x0000, 0x0000, 0x0000, 0x0000, 0x0000, 0x0000, 0x0000, 0x0000, 0x0000, 0x0000, 0x0000, 0x0000, 0x0000, 0x0000, 0x0000, // 0x1250 (4688) pixels
    0x0000, 0x0000, 0x0000, 0x0000, 0x0000, 0x0000, 0x0000, 0x0000, 0x0000, 0x0000, 0x0000, 0x0000, 0x0000, 0x0000, 0x0000, 0x0000, // 0x1260 (4704) pixels
    0x0000, 0x0000, 0x0000, 0x0000, 0x0000, 0x0000, 0x0000, 0x0000, 0x0000, 0x0000, 0x0000, 0x0000, 0x0000, 0x0000, 0x0000, 0x0000, // 0x1270 (4720) pixels
    0x0000, 0x0000, 0x0000, 0x0000, 0x0000, 0x0000, 0x0000, 0x0000, 0x0000, 0x0000, 0x0000, 0x0000, 0x0000, 0x0000, 0x0000, 0x0000, // 0x1280 (4736) pixels
    0x0000, 0x0000, 0x0000, 0x0000, 0x0000, 0x0000, 0x0000, 0x0000, 0x0000, 0x0000, 0x0000, 0x0000, 0x0000, 0x0000, 0x0000, 0x0000, // 0x1290 (4752) pixels
    0x0000, 0x0000, 0x0000, 0x0000, 0x0000, 0x0000, 0x0000, 0x0000, 0x0000, 0x0000, 0x0000, 0x0000, 0x0000, 0x0000, 0x0000, 0x0000, // 0x12A0 (4768) pixels
    0x0000, 0x0000, 0x0000, 0x0000, 0x0000, 0x0000, 0x0000, 0x0000, 0x0000, 0x0000, 0x0000, 0x0000, 0x0000, 0x0000, 0x0000, 0x0000, // 0x12B0 (4784) pixels
    0x0000, 0x0000, 0x0000, 0x0000, 0x0000, 0x0000, 0x0000, 0x0000, 0x0000, 0x0000, 0x0000, 0x0000, 0x0000, 0x0000, 0x0000, 0x0000, // 0x12C0 (4800) pixels
    0x0000, 0x0000, 0x0000, 0x0000, 0x0000, 0x0000, 0x0000, 0x0000, 0x0000, 0x0000, 0x0000, 0x0000, 0x0000, 0x0000, 0x0000, 0x0000, // 0x12D0 (4816) pixels
    0x0000, 0x0000, 0x0000, 0x0000, 0x0000, 0x0000, 0x0000, 0x0000, 0x0000, 0x0000, 0x0000, 0x0000, 0x0000, 0x0000, 0x0000, 0x0000, // 0x12E0 (4832) pixels
    0x0000, 0x0000, 0x0000, 0x0000, 0x0000, 0x0000, 0x0000, 0x0000, 0x0000, 0x0000, 0x0000, 0x0000, 0x0000, 0x0000, 0x0000, 0x0000, // 0x12F0 (4848) pixels
    0x0000, 0x0000, 0x0000, 0x0000, 0x0000, 0x0000, 0x0000, 0x0000, 0x0000, 0x0000, 0x0000, 0x0000, 0x0000, 0x0000, 0x0000, 0x0000, // 0x1300 (4864) pixels
    0x0000, 0x0000, 0x0000, 0x0000, 0x0000, 0x0000, 0x0000, 0x0000, 0x0000, 0x0000, 0x0000, 0x0000, 0x0000, 0x0000, 0x0000, 0x0000, // 0x1310 (4880) pixels
    0x0000, 0x0000, 0x0000, 0x0000, 0x0000, 0x0000, 0x0000, 0x0000, 0x0000, 0x0000, 0x0000, 0x0000, 0x0000, 0x0000, 0x0000, 0x0000, // 0x1320 (4896) pixels
    0x0000, 0x0000, 0x0000, 0x0000, 0x0000, 0x0000, 0x0000, 0x0000, 0x0000, 0x0000, 0x0000, 0x0000, 0x0000, 0x0000, 0x0000, 0x0000, // 0x1330 (4912) pixels
    0x0000, 0x0000, 0x0000, 0x0000, 0x0000, 0x0000, 0x0000, 0x0000, 0x0000, 0x0000, 0x0000, 0x0000, 0x0000, 0x0000, 0x0000, 0x0000, // 0x1340 (4928) pixels
    0x0000, 0x0000, 0x0000, 0x0000, 0x0000, 0x0000, 0x0000, 0x0000, 0x0000, 0x0000, 0x0000, 0x0000, 0x0000, 0x0000, 0x0000, 0x0000, // 0x1350 (4944) pixels
    0x0000, 0x0000, 0x0000, 0x0000, 0x0000, 0x0000, 0x0000, 0x0000, 0x0000, 0x0000, 0x0000, 0x0000, 0x0000, 0x0000, 0x0000, 0x0000, // 0x1360 (4960) pixels
    0x0000, 0x0000, 0x0000, 0x0000, 0x0000, 0x0000, 0x0000, 0x0000, 0x0000, 0x0000, 0x0000, 0x0000, 0x0000, 0x0000, 0x0000, 0x0000, // 0x1370 (4976) pixels
    0x0000, 0x0000, 0x0000, 0x0000, 0x0000, 0x0000, 0x0000, 0x0000, 0x0000, 0x0000, 0x0000, 0x0000, 0x0000, 0x0000, 0x0000, 0x0000, // 0x1380 (4992) pixels
    0x0000, 0x0000, 0x0000, 0x0000, 0x0000, 0x0000, 0x0000, 0x0000, 0x0000, 0x0000, 0x0000, 0x0000, 0x0000, 0x0000, 0x0000, 0x0000, // 0x1390 (5008) pixels
    0x0000, 0x0000, 0x0000, 0x0000, 0x0000, 0x0000, 0x0000, 0x0000, 0x0000, 0x0000, 0x0000, 0x0000, 0x0000, 0x0000, 0x0000, 0x0000, // 0x13A0 (5024) pixels
    0x0000, 0x0000, 0x0000, 0x0000, 0x0000, 0x0000, 0x0000, 0x0000, 0x0000, 0x0000, 0x0000, 0x0000, 0x0000, 0x0000, 0x0000, 0x0000, // 0x13B0 (5040) pixels
    0x0000, 0x0000, 0x0000, 0x0000, 0x0000, 0x0000, 0x0000, 0x0000, 0x0000, 0x0000, 0x0000, 0x0000, 0x0000, 0x0000, 0x0000, 0x0000, // 0x13C0 (5056) pixels
    0x0000, 0x0000, 0x0000, 0x0000, 0x0000, 0x0000, 0x0000, 0x0000, 0x0000, 0x0000, 0x0000, 0x0000, 0x0000, 0x0000, 0x0000, 0x0000, // 0x13D0 (5072) pixels
    0x0000, 0x0000, 0x0000, 0x0000, 0x0000, 0x0000, 0x0000, 0x0000, 0x0000, 0x0000, 0x0000, 0x0000, 0x0000, 0x0000, 0x0000, 0x0000, // 0x13E0 (5088) pixels
    0x0000, 0x0000, 0x0000, 0x0000, 0x0000, 0x0000, 0x0000, 0x0000, 0x0000, 0x0000, 0x0000, 0x0000, 0x0000, 0x0000, 0x0000, 0x0000, // 0x13F0 (5104) pixels
    0x0000, 0x0000, 0x0000, 0x0000, 0x0000, 0x0000, 0x0000, 0x0000, 0x0000, 0x0000, 0x0000, 0x0000, 0x0000, 0x0000, 0x0000, 0x0000, // 0x1400 (5120) pixels
    0x0000, 0x0000, 0x0000, 0x0000, 0x0000, 0x0000, 0x0000, 0x0000, 0x0000, 0x0000, 0x0000, 0x0000, 0x0000, 0x0000, 0x0000, 0x0000, // 0x1410 (5136) pixels
    0x0000, 0x0000, 0x0000, 0x0000, 0x0000, 0x0000, 0x0000, 0x0000, 0x0000, 0x0000, 0x0000, 0x0000, 0x0000, 0x0000, 0x0000, 0x0000, // 0x1420 (5152) pixels
    0x0000, 0x0000, 0x0000, 0x0000, 0x0000, 0x0000, 0x0000, 0x0000, 0x0000, 0x0000, 0x0000, 0x0000, 0x0000, 0x0000, 0x0000, 0x0000, // 0x1430 (5168) pixels
    0x0000, 0x0000, 0x0000, 0x0000, 0x0000, 0x0000, 0x0000, 0x0000, 0x0000, 0x0000, 0x0000, 0x0000, 0x0020, 0x0000, 0x0000, 0x0000, // 0x1440 (5184) pixels
    0x0000, 0x0000, 0x0000, 0x0000, 0x0000, 0x0000, 0x0000, 0x0000, 0x0000, 0x0000, 0x0000, 0x0000, 0x0000, 0x0000, 0x0000, 0x0000, // 0x1450 (5200) pixels
    0x0000, 0x0000, 0x0000, 0x0000, 0x0000, 0x0000, 0x0000, 0x0000, 0x0000, 0x0000, 0x0000, 0x0000, 0x0000, 0x0000, 0x0000, 0x0000, // 0x1460 (5216) pixels
    0x0000, 0x0000, 0x0000, 0x0000, 0x0000, 0x0000, 0x0000, 0x0000, 0x0000, 0x0000, 0x0000, 0x0000, 0x0000, 0x0000, 0x0000, 0x0000, // 0x1470 (5232) pixels
    0x0000, 0x0000, 0x0000, 0x0000, 0x0000, 0x0000, 0x0000, 0x0000, 0x0000, 0x0000, 0x0000, 0x0000, 0x0000, 0x0000, 0x0000, 0x0000, // 0x1480 (5248) pixels
    0x0000, 0x0000, 0x0000, 0x0000, 0x0000, 0x0000, 0x0000, 0x0000, 0x0000, 0x0000, 0x0000, 0x0000, 0x0000, 0x0000, 0x0000, 0x0000, // 0x1490 (5264) pixels
    0x0000, 0x0000, 0x0000, 0x0000, 0x0000, 0x0000, 0x0000, 0x0000, 0x0000, 0x0000, 0x0000, 0x0000, 0x0000, 0x0000, 0x0000, 0x0000, // 0x14A0 (5280) pixels
    0x0000, 0x0000, 0x0000, 0x0000, 0x0000, 0x0000, 0x0000, 0x0000, 0x0000, 0x0000, 0x0000, 0x0000, 0x0000, 0x0000, 0x0000, 0x0000, // 0x14B0 (5296) pixels
    0x0000, 0x0000, 0x0000, 0x0000, 0x0020, 0x0000, 0x0000, 0x0000, 0x0000, 0x0000, 0x0000, 0x0000, 0x0000, 0x0000, 0x0000, 0x0000, // 0x14C0 (5312) pixels
    0x0000, 0x0000, 0x0000, 0x0000, 0x0000, 0x0000, 0x0000, 0x0000, 0x0000, 0x0000, 0x0000, 0x0000, 0x0000, 0x0000, 0x0000, 0x0000, // 0x14D0 (5328) pixels
    0x0000, 0x0000, 0x0000, 0x0000, 0x0000, 0x0000, 0x0000, 0x0000, 0x0000, 0x0000, 0x0000, 0x0000, 0x0000, 0x0000, 0x0000, 0x0000, // 0x14E0 (5344) pixels
    0x0000, 0x0000, 0x0000, 0x0000, 0x0000, 0x0000, 0x0000, 0x0000, 0x0000, 0x0000, 0x0000, 0x0000, 0x0000, 0x0000, 0x0000, 0x0000, // 0x14F0 (5360) pixels
    0x0000, 0x0000, 0x0000, 0x0000, 0x0000, 0x0000, 0x0000, 0x0000, 0x0000, 0x0000, 0x0000, 0x0000, 0x0000, 0x0000, 0x0000, 0x0000, // 0x1500 (5376) pixels
    0x0000, 0x0000, 0x0000, 0x0000, 0x0000, 0x0000, 0x0000, 0x0000, 0x0000, 0x0000, 0x0000, 0x0000, 0x0000, 0x0000, 0x0000, 0x0000, // 0x1510 (5392) pixels
    0x0000, 0x0000, 0x0000, 0x0000, 0x0000, 0x0000, 0x0000, 0x0000, 0x0000, 0x0000, 0x0000, 0x0000, 0x0000, 0x0000, 0x0000, 0x0000, // 0x1520 (5408) pixels
    0x0000, 0x0000, 0x0000, 0x0000, 0x0000, 0x0000, 0x0000, 0x0000, 0x0000, 0x0000, 0x0000, 0x0000, 0x0000, 0x0000, 0x0000, 0x0000, // 0x1530 (5424) pixels
    0x0000, 0x0000, 0x0000, 0x0000, 0x0000, 0x0000, 0x0000, 0x0000, 0x0000, 0x0000, 0x0000, 0x0000, 0x0000, 0x0000, 0x0000, 0x0000, // 0x1540 (5440) pixels
    0x0000, 0x0000, 0x0000, 0x0000, 0x0000, 0x0000, 0x0000, 0x0000, 0x0000, 0x0000, 0x0000, 0x0000, 0x0000, 0x0000, 0x0000, 0x0000, // 0x1550 (5456) pixels
    0x0000, 0x0000, 0x0000, 0x0000, 0x0000, 0x0000, 0x0000, 0x0000, 0x0000, 0x0000, 0x0000, 0x0000, 0x0000, 0x0000, 0x0000, 0x0000, // 0x1560 (5472) pixels
    0x0000, 0x0000, 0x0000, 0x0000, 0x0000, 0x0000, 0x0000, 0x0000, 0x0000, 0x0000, 0x0000, 0x0000, 0x0000, 0x0000, 0x0000, 0x0000, // 0x1570 (5488) pixels
    0x0000, 0x0000, 0x0000, 0x0000, 0x0000, 0x0000, 0x0000, 0x0000, 0x0000, 0x0000, 0x0000, 0x0000, 0x0000, 0x0000, 0x0000, 0x0000, // 0x1580 (5504) pixels
    0x0000, 0x0000, 0x0000, 0x0000, 0x0000, 0x0000, 0x0000, 0x0000, 0x0000, 0x0000, 0x0000, 0x0000, 0x0000, 0x0000, 0x0000, 0x0000, // 0x1590 (5520) pixels
    0x0000, 0x0000, 0x0000, 0x0000, 0x0000, 0x0000, 0x0000, 0x0000, 0x0000, 0x0000, 0x0000, 0x0000, 0x0000, 0x0000, 0x0000, 0x0000, // 0x15A0 (5536) pixels
    0x0000, 0x0000, 0x0000, 0x0000, 0x0000, 0x0000, 0x0000, 0x0000, 0x0000, 0x0000, 0x0000, 0x0000, 0x0000, 0x0000, 0x0000, 0x0000, // 0x15B0 (5552) pixels
    0x0000, 0x0000, 0x0000, 0x0000, 0x0000, 0x0000, 0x0000, 0x0000, 0x0000, 0x0000, 0x0000, 0x0000, 0x0000, 0x0000, 0x0000, 0x0000, // 0x15C0 (5568) pixels
    0x0000, 0x0000, 0x0000, 0x0000, 0x0000, 0x0000, 0x0000, 0x0000, 0x0000, 0x0000, 0x0000, 0x0000, 0x0000, 0x0000, 0x0000, 0x0000, // 0x15D0 (5584) pixels
    0x0000, 0x0000, 0x0000, 0x0000, 0x0000, 0x0000, 0x0000, 0x0000, 0x0000, 0x0000, 0x0000, 0x0000, 0x0000, 0x0000, 0x0000, 0x0000, // 0x15E0 (5600) pixels
    0x0000, 0x0000, 0x0000, 0x0000, 0x0000, 0x0000, 0x0000, 0x0000, 0x0000, 0x0000, 0x0000, 0x0000, 0x0000, 0x0000, 0x0000, 0x0000, // 0x15F0 (5616) pixels
    0x0000, 0x0000, 0x0000, 0x0000, 0x0000, 0x0000, 0x0000, 0x0000, 0x0000, 0x0000, 0x0000, 0x0000, 0x0000, 0x0000, 0x0000, 0x0000, // 0x1600 (5632) pixels
    0x0000, 0x0000, 0x0000, 0x0000, 0x0000, 0x0000, 0x0000, 0x0000, 0x0000, 0x0000, 0x0000, 0x0000, 0x0000, 0x0000, 0x0000, 0x0000, // 0x1610 (5648) pixels
    0x0000, 0x0000, 0x0000, 0x0000, 0x0000, 0x0000, 0x0000, 0x0000, 0x0000, 0x0000, 0x0000, 0x0000, 0x0000, 0x0000, 0x0000, 0x0000, // 0x1620 (5664) pixels
    0x0000, 0x0000, 0x0000, 0x0000, 0x0000, 0x0000, 0x0000, 0x0000, 0x0000, 0x0000, 0x0000, 0x0000, 0x0000, 0x0000, 0x0000, 0x0000, // 0x1630 (5680) pixels
    0x0000, 0x0000, 0x0000, 0x0000, 0x0000, 0x0000, 0x0000, 0x0000, 0x0000, 0x0000, 0x0000, 0x0000, 0x0000, 0x0000, 0x0000, 0x0000, // 0x1640 (5696) pixels
    0x0000, 0x0000, 0x0000, 0x0000, 0x0000, 0x0000, 0x0000, 0x0000, 0x0000, 0x0000, 0x0000, 0x0000, 0x0000, 0x0000, 0x0000, 0x0000, // 0x1650 (5712) pixels
    0x0000, 0x0000, 0x0000, 0x0000, 0x0000, 0x0000, 0x0000, 0x0000, 0x0000, 0x0000, 0x0000, 0x0000, 0x0000, 0x0000, 0x0000, 0x0000, // 0x1660 (5728) pixels
    0x0000, 0x0000, 0x0000, 0x0000, 0x0000, 0x0000, 0x0000, 0x0000, 0x0000, 0x0000, 0x0000, 0x0000, 0x0000, 0x0000, 0x0000, 0x0000, // 0x1670 (5744) pixels
    0x0000, 0x0000, 0x0000, 0x0000, 0x0000, 0x0000, 0x0000, 0x0000, 0x0000, 0x0000, 0x0000, 0x0000, 0x0000, 0x0000, 0x0000, 0x0000, // 0x1680 (5760) pixels
    0x0000, 0x0000, 0x0000, 0x0000, 0x0000, 0x0000, 0x0000, 0x0000, 0x0000, 0x0000, 0x0000, 0x0000, 0x0000, 0x0000, 0x0000, 0x0000, // 0x1690 (5776) pixels
    0x0000, 0x0000, 0x0000, 0x0000, 0x0000, 0x0000, 0x0000, 0x0000, 0x0000, 0x0000, 0x0000, 0x0000, 0x0000, 0x0000, 0x0000, 0x0000, // 0x16A0 (5792) pixels
    0x0000, 0x0000, 0x0000, 0x0000, 0x0000, 0x0000, 0x0000, 0x0000, 0x0000, 0x0000, 0x0000, 0x0000, 0x0000, 0x0000, 0x0000, 0x0000, // 0x16B0 (5808) pixels
    0x0000, 0x0000, 0x0000, 0x0000, 0x0000, 0x0000, 0x0000, 0x0000, 0x0000, 0x0000, 0x0000, 0x0000, 0x0000, 0x0000, 0x0000, 0x0000, // 0x16C0 (5824) pixels
    0x0000, 0x0000, 0x0000, 0x0000, 0x0000, 0x0000, 0x0000, 0x0000, 0x0000, 0x0000, 0x0000, 0x0000, 0x0000, 0x0000, 0x0000, 0x0000, // 0x16D0 (5840) pixels
    0x0000, 0x0000, 0x0000, 0x0000, 0x0000, 0x0000, 0x0000, 0x0000, 0x0000, 0x0000, 0x0000, 0x0000, 0x0000, 0x0000, 0x0000, 0x0000, // 0x16E0 (5856) pixels
    0x0000, 0x0000, 0x0000, 0x0000, 0x0000, 0x0000, 0x0000, 0x0000, 0x0000, 0x0000, 0x0000, 0x0000, 0x0000, 0x0000, 0x0000, 0x0000, // 0x16F0 (5872) pixels
    0x0000, 0x0000, 0x0000, 0x0000, 0x0000, 0x0000, 0x0000, 0x0000, 0x0000, 0x0000, 0x0000, 0x0000, 0x0000, 0x0000, 0x0000, 0x0000, // 0x1700 (5888) pixels
    0x0000, 0x0000, 0x0000, 0x0000, 0x0000, 0x0000, 0x0000, 0x0000, 0x0000, 0x0000, 0x0000, 0x0000, 0x0000, 0x0000, 0x0000, 0x0000, // 0x1710 (5904) pixels
    0x0000, 0x0000, 0x0000, 0x0000, 0x0000, 0x0000, 0x0000, 0x0000, 0x0000, 0x0000, 0x0000, 0x0000, 0x0000, 0x0000, 0x0000, 0x0000, // 0x1720 (5920) pixels
    0x0000, 0x0000, 0x0000, 0x0000, 0x0000, 0x0000, 0x0000, 0x0000, 0x0000, 0x0000, 0x0000, 0x0000, 0x0000, 0x0000, 0x0000, 0x0000, // 0x1730 (5936) pixels
    0x0000, 0x0000, 0x0000, 0x0000, 0x0000, 0x0000, 0x0000, 0x0000, 0x0000, 0x0000, 0x0000, 0x0000, 0x0000, 0x0000, 0x0000, 0x0000, // 0x1740 (5952) pixels
    0x0000, 0x0000, 0x0000, 0x0000, 0x0000, 0x0000, 0x0000, 0x0000, 0x0000, 0x0000, 0x0000, 0x0000, 0x0000, 0x0000, 0x0000, 0x0000, // 0x1750 (5968) pixels
    0x0000, 0x0000, 0x0000, 0x0000, 0x0000, 0x0000, 0x0000, 0x0000, 0x0000, 0x0000, 0x0000, 0x0000, 0x0000, 0x0000, 0x0000, 0x0000, // 0x1760 (5984) pixels
    0x0000, 0x0000, 0x0000, 0x0000, 0x0000, 0x0000, 0x0000, 0x0000, 0x0000, 0x0000, 0x0000, 0x0000, 0x0000, 0x0000, 0x0000, 0x0000, // 0x1770 (6000) pixels
    0x0000, 0x0000, 0x0000, 0x0000, 0x0000, 0x0000, 0x0000, 0x0000, 0x0000, 0x0000, 0x0000, 0x0000, 0x0000, 0x0000, 0x0000, 0x0000, // 0x1780 (6016) pixels
    0x0000, 0x0000, 0x0000, 0x0000, 0x0000, 0x0000, 0x0000, 0x0000, 0x0000, 0x0000, 0x0000, 0x0000, 0x0000, 0x0000, 0x0000, 0x0000, // 0x1790 (6032) pixels
    0x0000, 0x0000, 0x0000, 0x0000, 0x0000, 0x0000, 0x0000, 0x0000, 0x0000, 0x0000, 0x0000, 0x0000, 0x0000, 0x0000, 0x0000, 0x0000, // 0x17A0 (6048) pixels
    0x0000, 0x0000, 0x0000, 0x0000, 0x0000, 0x0000, 0x0000, 0x0000, 0x0000, 0x0000, 0x0000, 0x0000, 0x0000, 0x0000, 0x0000, 0x0000, // 0x17B0 (6064) pixels
    0x0000, 0x0000, 0x0000, 0x0000, 0x0000, 0x0000, 0x0000, 0x0000, 0x0000, 0x0000, 0x0000, 0x0000, 0x0000, 0x0000, 0x0000, 0x0000, // 0x17C0 (6080) pixels
    0x0000, 0x0000, 0x0000, 0x0000, 0x0000, 0x0000, 0x0000, 0x0000, 0x0000, 0x0000, 0x0000, 0x0000, 0x0000, 0x0000, 0x0000, 0x0000, // 0x17D0 (6096) pixels
    0x0000, 0x0000, 0x0000, 0x0000, 0x0000, 0x0000, 0x0000, 0x0000, 0x0000, 0x0000, 0x0000, 0x0000, 0x0000, 0x0000, 0x0000, 0x0000, // 0x17E0 (6112) pixels
    0x0000, 0x0000, 0x0000, 0x0000, 0x0000, 0x0000, 0x0000, 0x0000, 0x0000, 0x0000, 0x0000, 0x0000, 0x0000, 0x0000, 0x0000, 0x0000, // 0x17F0 (6128) pixels
    0x0000, 0x0000, 0x0000, 0x0000, 0x0000, 0x0000, 0x0000, 0x0000, 0x0000, 0x0000, 0x0000, 0x0000, 0x0000, 0x0000, 0x0000, 0x0000, // 0x1800 (6144) pixels
    0x0000, 0x0000, 0x0000, 0x0000, 0x0000, 0x0000, 0x0000, 0x0000, 0x0000, 0x0000, 0x0000, 0x0000, 0x0000, 0x0000, 0x0000, 0x0000, // 0x1810 (6160) pixels
    0x0000, 0x0000, 0x0000, 0x0000, 0x0000, 0x0000, 0x0000, 0x0000, 0x0000, 0x0000, 0x0000, 0x0000, 0x0000, 0x0000, 0x0000, 0x0000, // 0x1820 (6176) pixels
    0x0000, 0x0000, 0x0000, 0x0000, 0x0000, 0x0000, 0x0000, 0x0000, 0x0000, 0x0000, 0x0000, 0x0000, 0x0000, 0x0000, 0x0000, 0x0000, // 0x1830 (6192) pixels
    0x0000, 0x0000, 0x0000, 0x0000, 0x0000, 0x0000, 0x0000, 0x0000, 0x0000, 0x0000, 0x0000, 0x0000, 0x0000, 0x0000, 0x0000, 0x0000, // 0x1840 (6208) pixels
    0x0000, 0x0000, 0x0000, 0x0000, 0x0000, 0x0000, 0x0000, 0x0000, 0x0000, 0x0000, 0x0000, 0x0000, 0x0000, 0x0000, 0x0000, 0x0000, // 0x1850 (6224) pixels
    0x0000, 0x0000, 0x0000, 0x0000, 0x0000, 0x0000, 0x0000, 0x0000, 0x0000, 0x0000, 0x0000, 0x0000, 0x0000, 0x0000, 0x0000, 0x0000, // 0x1860 (6240) pixels
    0x0000, 0x0000, 0x0000, 0x0000, 0x0000, 0x0000, 0x0000, 0x0000, 0x0000, 0x0000, 0x0000, 0x0000, 0x0000, 0x0000, 0x0000, 0x0000, // 0x1870 (6256) pixels
    0x0000, 0x0000, 0x0000, 0x0000, 0x0000, 0x0000, 0x0000, 0x0000, 0x0000, 0x0000, 0x0000, 0x0000, 0x0000, 0x0000, 0x0000, 0x0000, // 0x1880 (6272) pixels
    0x0000, 0x0000, 0x0000, 0x0000, 0x0000, 0x0000, 0x0000, 0x0000, 0x0000, 0x0000, 0x0000, 0x0000, 0x0000, 0x0000, 0x0000, 0x0000, // 0x1890 (6288) pixels
    0x0000, 0x0000, 0x0000, 0x0000, 0x0000, 0x0000, 0x0000, 0x0000, 0x0000, 0x0000, 0x0000, 0x0000, 0x0000, 0x0000, 0x0000, 0x0000, // 0x18A0 (6304) pixels
    0x0000, 0x0000, 0x0000, 0x0000, 0x0000, 0x0000, 0x0000, 0x0000, 0x0000, 0x0000, 0x0000, 0x0000, 0x0000, 0x0000, 0x0000, 0x0000, // 0x18B0 (6320) pixels
    0x0000, 0x0000, 0x0000, 0x0000, 0x0000, 0x0000, 0x0000, 0x0000, 0x0000, 0x0000, 0x0000, 0x0000, 0x0000, 0x0000, 0x0000, 0x0000, // 0x18C0 (6336) pixels
    0x0000, 0x0000, 0x0000, 0x0000, 0x0000, 0x0000, 0x0000, 0x0000, 0x0000, 0x0000, 0x0000, 0x0000, 0x0000, 0x0000, 0x0000, 0x0000, // 0x18D0 (6352) pixels
    0x0000, 0x0000, 0x0000, 0x0000, 0x0000, 0x0000, 0x0000, 0x0000, 0x0000, 0x0000, 0x0000, 0x0000, 0x0000, 0x0000, 0x0000, 0x0000, // 0x18E0 (6368) pixels
    0x0000, 0x0000, 0x0000, 0x0000, 0x0000, 0x0000, 0x0000, 0x0000, 0x0000, 0x0000, 0x0000, 0x0000, 0x0000, 0x0000, 0x0000, 0x0000, // 0x18F0 (6384) pixels
    0x0000, 0x0000, 0x0000, 0x0000, 0x0000, 0x0000, 0x0000, 0x0000, 0x0000, 0x0000, 0x0000, 0x0000, 0x0000, 0x0000, 0x0000, 0x0000, // 0x1900 (6400) pixels
    0x0000, 0x0000, 0x0000, 0x0000, 0x0000, 0x0000, 0x0000, 0x0000, 0x0000, 0x0000, 0x0000, 0x0000, 0x0000, 0x0000, 0x0000, 0x0000, // 0x1910 (6416) pixels
    0x0000, 0x0000, 0x0000, 0x0000, 0x0000, 0x0000, 0x0000, 0x0000, 0x0000, 0x0000, 0x0000, 0x0000, 0x0000, 0x0000, 0x0000, 0x0000, // 0x1920 (6432) pixels
    0x0000, 0x0000, 0x0000, 0x0000, 0x0000, 0x0000, 0x0000, 0x0000, 0x0000, 0x0000, 0x0000, 0x0000, 0x0000, 0x0000, 0x0000, 0x0000, // 0x1930 (6448) pixels
    0x0000, 0x0000, 0x0000, 0x0000, 0x0000, 0x0000, 0x0000, 0x0000, 0x0000, 0x0000, 0x0000, 0x0000, 0x0000, 0x0000, 0x0000, 0x0000, // 0x1940 (6464) pixels
    0x0000, 0x0000, 0x0000, 0x0000, 0x0000, 0x0000, 0x0000, 0x0000, 0x0000, 0x0000, 0x0000, 0x0000, 0x0000, 0x0000, 0x0000, 0x0000, // 0x1950 (6480) pixels
    0x0000, 0x0000, 0x0000, 0x0000, 0x0000, 0x0000, 0x0000, 0x0000, 0x0000, 0x0000, 0x0000, 0x0000, 0x0000, 0x0000, 0x0000, 0x0000, // 0x1960 (6496) pixels
    0x0000, 0x0000, 0x0000, 0x0000, 0x0000, 0x0000, 0x0000, 0x0000, 0x0000, 0x0000, 0x0000, 0x0000, 0x0000, 0x0000, 0x0000, 0x0000, // 0x1970 (6512) pixels
    0x0000, 0x0000, 0x0000, 0x0000, 0x0000, 0x0000, 0x0000, 0x0000, 0x0000, 0x0000, 0x0000, 0x0000, 0x0000, 0x0000, 0x0000, 0x0000, // 0x1980 (6528) pixels
    0x0000, 0x0000, 0x0000, 0x0000, 0x0000, 0x0000, 0x0000, 0x0000, 0x0000, 0x0000, 0x0000, 0x0000, 0x0000, 0x0000, 0x0000, 0x0000, // 0x1990 (6544) pixels
    0x0000, 0x0000, 0x0000, 0x0000, 0x0000, 0x0000, 0x0000, 0x0000, 0x0000, 0x0000, 0x0000, 0x0000, 0x0000, 0x0000, 0x0000, 0x0000, // 0x19A0 (6560) pixels
    0x0000, 0x0000, 0x0000, 0x0000, 0x0000, 0x0000, 0x0000, 0x0000, 0x0000, 0x0000, 0x0000, 0x0000, 0x0000, 0x0000, 0x0000, 0x0000, // 0x19B0 (6576) pixels
    0x0000, 0x0000, 0x0000, 0x0000, 0x0000, 0x0000, 0x0000, 0x0000, 0x0000, 0x0000, 0x0000, 0x0000, 0x0000, 0x0000, 0x0000, 0x0000, // 0x19C0 (6592) pixels
    0x0000, 0x0000, 0x0000, 0x0000, 0x0000, 0x0000, 0x0000, 0x0000, 0x0000, 0x0000, 0x0000, 0x0000, 0x0000, 0x0000, 0x0000, 0x0000, // 0x19D0 (6608) pixels
    0x0000, 0x0000, 0x0000, 0x0000, 0x0000, 0x0000, 0x0000, 0x0000, 0x0000, 0x0000, 0x0000, 0x0000, 0x0000, 0x0000, 0x0000, 0x0000, // 0x19E0 (6624) pixels
    0x0000, 0x0000, 0x0000, 0x0000, 0x0000, 0x0000, 0x0000, 0x0000, 0x0000, 0x0000, 0x0000, 0x0000, 0x0000, 0x0000, 0x0000, 0x0000, // 0x19F0 (6640) pixels
    0x0000, 0x0000, 0x0000, 0x0000, 0x0000, 0x0000, 0x0000, 0x0000, 0x0000, 0x0000, 0x0000, 0x0000, 0x0000, 0x0000, 0x0000, 0x0000, // 0x1A00 (6656) pixels
    0x0000, 0x0000, 0x0000, 0x0000, 0x0000, 0x0000, 0x0000, 0x0000, 0x0000, 0x0000, 0x0000, 0x0000, 0x0000, 0x0000, 0x0000, 0x0000, // 0x1A10 (6672) pixels
    0x0000, 0x0000, 0x0000, 0x0000, 0x0000, 0x0000, 0x0000, 0x0000, 0x0000, 0x0000, 0x0000, 0x0000, 0x0000, 0x0000, 0x0000, 0x0000, // 0x1A20 (6688) pixels
    0x0000, 0x0000, 0x0000, 0x0000, 0x0000, 0x0000, 0x0000, 0x0000, 0x0000, 0x0000, 0x0000, 0x0000, 0x0000, 0x0000, 0x0000, 0x0000, // 0x1A30 (6704) pixels
    0x0000, 0x0000, 0x0000, 0x0000, 0x0000, 0x0000, 0x0000, 0x0000, 0x0000, 0x0000, 0x0000, 0x0000, 0x0000, 0x0000, 0x0000, 0x0000, // 0x1A40 (6720) pixels
    0x0020, 0x0000, 0x0001, 0x0002, 0x0000, 0x0000, 0x0000, 0x0800, 0x0000, 0x0000, 0x0000, 0x0000, 0x0000, 0x0000, 0x0000, 0x0021, // 0x1A50 (6736) pixels
    0x0000, 0x0000, 0x0000, 0x0000, 0x0000, 0x0000, 0x0000, 0x0000, 0x0000, 0x0000, 0x0000, 0x0000, 0x0000, 0x0000, 0x0020, 0x0020, // 0x1A60 (6752) pixels
    0x0000, 0x0000, 0x0000, 0x0000, 0x0000, 0x0000, 0x0000, 0x0000, 0x0000, 0x0000, 0x0000, 0x0000, 0x0000, 0x0000, 0x0000, 0x0000, // 0x1A70 (6768) pixels
    0x0020, 0x0000, 0x0000, 0x0000, 0x0000, 0x0000, 0x0000, 0x0001, 0x0000, 0x0000, 0x0000, 0x0000, 0x0000, 0x0000, 0x0000, 0x0000, // 0x1A80 (6784) pixels
    0x0000, 0x0000, 0x0000, 0x0000, 0x0000, 0x0021, 0x0000, 0x0000, 0x0001, 0x0000, 0x0020, 0x0020, 0x0000, 0x0000, 0x0000, 0x0000, // 0x1A90 (6800) pixels
    0x0000, 0x0000, 0x0000, 0x0000, 0x0000, 0x0000, 0x0000, 0x0000, 0x0000, 0x0000, 0x0000, 0x0000, 0x0000, 0x0000, 0x0000, 0x0000, // 0x1AA0 (6816) pixels
    0x0000, 0x0000, 0x0000, 0x0000, 0x0000, 0x0000, 0x0000, 0x0000, 0x0000, 0x0000, 0x0000, 0x0000, 0x0000, 0x0000, 0x0000, 0x0000, // 0x1AB0 (6832) pixels
    0x0000, 0x0000, 0x0000, 0x0000, 0x0000, 0x0000, 0x0000, 0x0000, 0x0000, 0x0042, 0x08A5, 0x10C6, 0x0884, 0x0863, 0x0842, 0x0002, // 0x1AC0 (6848) pixels
    0x0020, 0x0000, 0x0000, 0x0000, 0x0000, 0x0000, 0x0000, 0x0000, 0x0000, 0x0000, 0x0000, 0x0000, 0x0000, 0x0000, 0x0000, 0x0000, // 0x1AD0 (6864) pixels
    0x0000, 0x0000, 0x0000, 0x0000, 0x0000, 0x0000, 0x0000, 0x0000, 0x0000, 0x0000, 0x0000, 0x0000, 0x0000, 0x0000, 0x0000, 0x0000, // 0x1AE0 (6880) pixels
    0x0000, 0x0000, 0x0000, 0x0000, 0x0000, 0x0000, 0x0000, 0x0000, 0x0000, 0x0000, 0x0000, 0x0020, 0x0000, 0x0000, 0x0001, 0x0002, // 0x1AF0 (6896) pixels
    0x0002, 0x0022, 0x0043, 0x0042, 0x0022, 0x0001, 0x0001, 0x0001, 0x0001, 0x0001, 0x0000, 0x0000, 0x0000, 0x0000, 0x0000, 0x0020, // 0x1B00 (6912) pixels
    0x0000, 0x0000, 0x0000, 0x0000, 0x0000, 0x0000, 0x0000, 0x0000, 0x0000, 0x0000, 0x0000, 0x0000, 0x0000, 0x0000, 0x0000, 0x0000, // 0x1B10 (6928) pixels
    0x0000, 0x0000, 0x0000, 0x0000, 0x0000, 0x0000, 0x0000, 0x0000, 0x0000, 0x0000, 0x0000, 0x0000, 0x0000, 0x0000, 0x0000, 0x0000, // 0x1B20 (6944) pixels
    0x0000, 0x0000, 0x0000, 0x0000, 0x0000, 0x0000, 0x0000, 0x0000, 0x0000, 0x0000, 0x0000, 0x0000, 0x0000, 0x0000, 0x0000, 0x0000, // 0x1B30 (6960) pixels
    0x0000, 0x0884, 0x192A, 0x194B, 0x194A, 0x1969, 0x1949, 0x08E7, 0x10C4, 0x0883, 0x0042, 0x0021, 0x0001, 0x0000, 0x0000, 0x0000, // 0x1B40 (6976) pixels
    0x0000, 0x0000, 0x0000, 0x0000, 0x0000, 0x0000, 0x0000, 0x0000, 0x0000, 0x0000, 0x0000, 0x0000, 0x0000, 0x0000, 0x0000, 0x0000, // 0x1B50 (6992) pixels
    0x0000, 0x0000, 0x0000, 0x0000, 0x0000, 0x0000, 0x0000, 0x0000, 0x0000, 0x0000, 0x0000, 0x0000, 0x0000, 0x0000, 0x0000, 0x0000, // 0x1B60 (7008) pixels
    0x0000, 0x0000, 0x0000, 0x0021, 0x0022, 0x0044, 0x08A6, 0x10C7, 0x0887, 0x10C8, 0x1909, 0x1909, 0x10C8, 0x0886, 0x0066, 0x0066, // 0x1B70 (7024) pixels
    0x0044, 0x0024, 0x0002, 0x0002, 0x0041, 0x0000, 0x0000, 0x0800, 0x0000, 0x0000, 0x0000, 0x0000, 0x0000, 0x0000, 0x0000, 0x0000, // 0x1B80 (7040) pixels
    0x0000, 0x0000, 0x0000, 0x0000, 0x0000, 0x0000, 0x0000, 0x0000, 0x0000, 0x0000, 0x0000, 0x0000, 0x0000, 0x0000, 0x0000, 0x0000, // 0x1B90 (7056) pixels
    0x0000, 0x0000, 0x0000, 0x0000, 0x0000, 0x0000, 0x0000, 0x0000, 0x0000, 0x0000, 0x0000, 0x0000, 0x0000, 0x0000, 0x0000, 0x0000, // 0x1BA0 (7072) pixels
    0x0000, 0x0000, 0x0000, 0x0000, 0x0000, 0x0000, 0x0000, 0x0000, 0x0020, 0x10C5, 0x216C, 0x218E, 0x21AF, 0x21EE, 0x2A0E, 0x21ED, // 0x1BB0 (7088) pixels
    0x29EB, 0x21AA, 0x1948, 0x1107, 0x10C5, 0x0884, 0x0042, 0x0001, 0x0000, 0x0000, 0x0000, 0x0000, 0x0000, 0x0000, 0x0000, 0x0000, // 0x1BC0 (7104) pixels
    0x0000, 0x0000, 0x0000, 0x0000, 0x0000, 0x0000, 0x0000, 0x0020, 0x0000, 0x0000, 0x0000, 0x0000, 0x0000, 0x0000, 0x0000, 0x0000, // 0x1BD0 (7120) pixels
    0x0000, 0x0000, 0x0000, 0x0000, 0x0000, 0x0000, 0x0000, 0x0000, 0x0000, 0x0000, 0x0863, 0x10C5, 0x08A6, 0x1109, 0x218C, 0x218D, // 0x1BE0 (7136) pixels
    0x194C, 0x218D, 0x29CE, 0x29CD, 0x21AD, 0x196C, 0x196B, 0x196C, 0x1109, 0x10C8, 0x1087, 0x0886, 0x0064, 0x0002, 0x0002, 0x0001, // 0x1BF0 (7152) pixels
    0x0800, 0x0000, 0x0000, 0x0000, 0x0020, 0x0020, 0x0000, 0x0000, 0x0000, 0x0000, 0x0000, 0x0000, 0x0000, 0x0000, 0x0000, 0x0000, // 0x1C00 (7168) pixels
    0x0000, 0x0000, 0x0000, 0x0000, 0x0000, 0x0000, 0x0000, 0x0000, 0x0000, 0x0000, 0x0000, 0x0000, 0x0000, 0x0000, 0x0000, 0x0000, // 0x1C10 (7184) pixels
    0x0000, 0x0000, 0x0000, 0x0000, 0x0000, 0x0000, 0x0000, 0x0000, 0x0000, 0x0000, 0x0000, 0x0000, 0x0000, 0x0000, 0x0000, 0x0000, // 0x1C20 (7200) pixels
    0x0020, 0x0885, 0x192A, 0x216E, 0x21AE, 0x21CE, 0x21EE, 0x2A2F, 0x2A2E, 0x222E, 0x21ED, 0x21EC, 0x21CB, 0x196A, 0x1108, 0x08C6, // 0x1C30 (7216) pixels
    0x0863, 0x0042, 0x0021, 0x0001, 0x0000, 0x0000, 0x0000, 0x0000, 0x0000, 0x0000, 0x0000, 0x0000, 0x0000, 0x0000, 0x0000, 0x0000, // 0x1C40 (7232) pixels
    0x0000, 0x0000, 0x0000, 0x0000, 0x0000, 0x0000, 0x0000, 0x0000, 0x0000, 0x0000, 0x0000, 0x0000, 0x0000, 0x0000, 0x0000, 0x0021, // 0x1C50 (7248) pixels
    0x0042, 0x0864, 0x1927, 0x298A, 0x218B, 0x21AC, 0x21EE, 0x21AE, 0x21AD, 0x21CD, 0x21ED, 0x29EE, 0x29EE, 0x29ED, 0x21ED, 0x21ED, // 0x1C60 (7264) pixels
    0x21CE, 0x218D, 0x216C, 0x192B, 0x00C8, 0x00A7, 0x0867, 0x0806, 0x0001, 0x0001, 0x0000, 0x0000, 0x0000, 0x0000, 0x0000, 0x0000, // 0x1C70 (7280) pixels
    0x0000, 0x0000, 0x0000, 0x0000, 0x0000, 0x0000, 0x0000, 0x0000, 0x0000, 0x0000, 0x0000, 0x0000, 0x0000, 0x0000, 0x0000, 0x0000, // 0x1C80 (7296) pixels
    0x0000, 0x0000, 0x0000, 0x0000, 0x0000, 0x0000, 0x0000, 0x0000, 0x0000, 0x0000, 0x0000, 0x0000, 0x0000, 0x0000, 0x0000, 0x0000, // 0x1C90 (7312) pixels
    0x0000, 0x0000, 0x0000, 0x0000, 0x0000, 0x0000, 0x0000, 0x0000, 0x0000, 0x0022, 0x0866, 0x08C8, 0x0909, 0x1109, 0x196B, 0x29CE, // 0x1CA0 (7328) pixels
    0x220F, 0x220F, 0x220E, 0x220E, 0x220E, 0x220D, 0x19EC, 0x19CC, 0x2169, 0x1928, 0x10E6, 0x0885, 0x0043, 0x0022, 0x0001, 0x0001, // 0x1CB0 (7344) pixels
    0x0000, 0x0000, 0x0000, 0x0000, 0x0000, 0x0000, 0x0000, 0x0000, 0x0000, 0x0000, 0x0000, 0x0000, 0x0000, 0x0000, 0x0000, 0x0000, // 0x1CC0 (7360) pixels
    0x0000, 0x0000, 0x0000, 0x0000, 0x0000, 0x0001, 0x0043, 0x0864, 0x08C6, 0x1108, 0x21AB, 0x29ED, 0x29CD, 0x21EE, 0x2A0E, 0x21CD, // 0x1CD0 (7376) pixels
    0x21CD, 0x21CD, 0x21CC, 0x21CC, 0x21EC, 0x21ED, 0x21EC, 0x21EC, 0x220E, 0x29EE, 0x29CE, 0x21AD, 0x222E, 0x222F, 0x216D, 0x20CB, // 0x1CE0 (7392) pixels
    0x0845, 0x0024, 0x0002, 0x0001, 0x0000, 0x0000, 0x0000, 0x0000, 0x0000, 0x0000, 0x0000, 0x0000, 0x0000, 0x0000, 0x0000, 0x0000, // 0x1CF0 (7408) pixels
    0x0000, 0x0000, 0x0000, 0x0000, 0x0000, 0x0000, 0x0000, 0x0000, 0x0000, 0x0000, 0x0000, 0x0000, 0x0000, 0x0000, 0x0000, 0x0000, // 0x1D00 (7424) pixels
    0x0000, 0x0000, 0x0000, 0x0000, 0x0000, 0x0000, 0x0000, 0x0000, 0x0000, 0x0000, 0x0000, 0x0000, 0x0000, 0x0000, 0x0000, 0x0000, // 0x1D10 (7440) pixels
    0x0000, 0x0001, 0x0002, 0x0002, 0x0043, 0x0064, 0x08A7, 0x214C, 0x21CD, 0x21CE, 0x29EE, 0x21ED, 0x21CD, 0x21ED, 0x21ED, 0x220D, // 0x1D20 (7456) pixels
    0x2A0D, 0x21EC, 0x218B, 0x1949, 0x1108, 0x10E7, 0x08A6, 0x0885, 0x0821, 0x0000, 0x0000, 0x0000, 0x0000, 0x0020, 0x0000, 0x0000, // 0x1D30 (7472) pixels
    0x0000, 0x0000, 0x0000, 0x0000, 0x0000, 0x0000, 0x0000, 0x0000, 0x0000, 0x0000, 0x0000, 0x0000, 0x0000, 0x0022, 0x0865, 0x1087, // 0x1D40 (7488) pixels
    0x196B, 0x19AB, 0x21CD, 0x21CE, 0x21CD, 0x21EE, 0x2A0D, 0x2A0D, 0x21ED, 0x21CC, 0x21CC, 0x21CC, 0x21CC, 0x21EC, 0x21EC, 0x21CC, // 0x1D50 (7504) pixels
    0x19EC, 0x21ED, 0x198C, 0x222E, 0x5C76, 0x5C97, 0x220E, 0x298D, 0x190B, 0x10E9, 0x0887, 0x0044, 0x0001, 0x0000, 0x0000, 0x0000, // 0x1D60 (7520) pixels
    0x0000, 0x0000, 0x0000, 0x0000, 0x0000, 0x0000, 0x0000, 0x0000, 0x0000, 0x0000, 0x0000, 0x0000, 0x0000, 0x0000, 0x0000, 0x0000, // 0x1D70 (7536) pixels
    0x0000, 0x0000, 0x0000, 0x0000, 0x0000, 0x0000, 0x0000, 0x0000, 0x0000, 0x0000, 0x0000, 0x0000, 0x0000, 0x0000, 0x0000, 0x0000, // 0x1D80 (7552) pixels
    0x0000, 0x0000, 0x0000, 0x0000, 0x0000, 0x0000, 0x0000, 0x0000, 0x0000, 0x0800, 0x0000, 0x0000, 0x0000, 0x0001, 0x0004, 0x1068, // 0x1D90 (7568) pixels
    0x10C9, 0x192A, 0x29AC, 0x31ED, 0x2A0D, 0x2A0E, 0x2A0D, 0x220D, 0x220E, 0x21EE, 0x21CD, 0x21CD, 0x21CC, 0x21AB, 0x21AA, 0x218A, // 0x1DA0 (7584) pixels
    0x18E4, 0x1083, 0x0021, 0x0000, 0x0000, 0x0000, 0x0000, 0x0000, 0x0000, 0x0000, 0x0000, 0x0000, 0x0000, 0x0000, 0x0000, 0x0000, // 0x1DB0 (7600) pixels
    0x0000, 0x0000, 0x0000, 0x0000, 0x0001, 0x0044, 0x1087, 0x18A9, 0x21ED, 0x2A0E, 0x2A0F, 0x21EF, 0x21EE, 0x21ED, 0x21EC, 0x220B, // 0x1DC0 (7616) pixels
    0x21CD, 0x29CD, 0x29CD, 0x29CD, 0x29CD, 0x29CC, 0x21CC, 0x29CC, 0x220C, 0x220C, 0x114A, 0x226D, 0x8E5C, 0x8E3C, 0x1A2D, 0x196B, // 0x1DD0 (7632) pixels
    0x29CF, 0x218D, 0x194A, 0x10C7, 0x0043, 0x0001, 0x0000, 0x0000, 0x0000, 0x0000, 0x0000, 0x0000, 0x0000, 0x0000, 0x0000, 0x0000, // 0x1DE0 (7648) pixels
    0x0000, 0x0000, 0x0000, 0x0000, 0x0000, 0x0000, 0x0000, 0x0000, 0x0000, 0x0000, 0x0000, 0x0000, 0x0000, 0x0000, 0x0000, 0x0000, // 0x1DF0 (7664) pixels
    0x0000, 0x0000, 0x0000, 0x0000, 0x0000, 0x0000, 0x0000, 0x0000, 0x0000, 0x0000, 0x0000, 0x0000, 0x0000, 0x0000, 0x0000, 0x0000, // 0x1E00 (7680) pixels
    0x0000, 0x0000, 0x0000, 0x0000, 0x0000, 0x0000, 0x0000, 0x0000, 0x0844, 0x0846, 0x10A9, 0x192C, 0x29AE, 0x21EF, 0x220E, 0x222E, // 0x1E10 (7696) pixels
    0x2A0D, 0x21ED, 0x21EC, 0x21EC, 0x21EC, 0x21EC, 0x21AC, 0x198C, 0x218B, 0x1949, 0x08E7, 0x0084, 0x0022, 0x0000, 0x0000, 0x0000, // 0x1E20 (7712) pixels
    0x0800, 0x0000, 0x0000, 0x0000, 0x0000, 0x0000, 0x0800, 0x0800, 0x0000, 0x0000, 0x0000, 0x0022, 0x0044, 0x00A7, 0x194B, 0x29CE, // 0x1E30 (7728) pixels
    0x2A0E, 0x29ED, 0x21ED, 0x21ED, 0x21ED, 0x21ED, 0x21CD, 0x21CC, 0x21CD, 0x21CD, 0x21CD, 0x21ED, 0x21ED, 0x21ED, 0x21EC, 0x21EC, // 0x1E40 (7744) pixels
    0x29ED, 0x21AC, 0x21ED, 0x324E, 0x6C35, 0x53B3, 0x096A, 0x3AF0, 0x6D79, 0x4352, 0x21AD, 0x21CD, 0x00E8, 0x0866, 0x0002, 0x0001, // 0x1E50 (7760) pixels
    0x0000, 0x0000, 0x0000, 0x0000, 0x0000, 0x0000, 0x0000, 0x0000, 0x0000, 0x0000, 0x0000, 0x0000, 0x0000, 0x0000, 0x0000, 0x0000, // 0x1E60 (7776) pixels
    0x0000, 0x0000, 0x0000, 0x0000, 0x0000, 0x0000, 0x0000, 0x0000, 0x0000, 0x0000, 0x0000, 0x0000, 0x0000, 0x0000, 0x0000, 0x0000, // 0x1E70 (7792) pixels
    0x0000, 0x0000, 0x0000, 0x0000, 0x0000, 0x0000, 0x0000, 0x0000, 0x0000, 0x0000, 0x0000, 0x0000, 0x0000, 0x0000, 0x0000, 0x0000, // 0x1E80 (7808) pixels
    0x0002, 0x0023, 0x0045, 0x0888, 0x110A, 0x218D, 0x2A0E, 0x2A4F, 0x2A0D, 0x2A0D, 0x2A0D, 0x2A0D, 0x2A0D, 0x21ED, 0x21ED, 0x21CD, // 0x1E90 (7824) pixels
    0x21CC, 0x21CC, 0x21AA, 0x1968, 0x10C5, 0x0042, 0x0000, 0x0000, 0x0800, 0x0000, 0x0000, 0x0000, 0x0000, 0x0000, 0x0000, 0x0000, // 0x1EA0 (7840) pixels
    0x0000, 0x0000, 0x0001, 0x0044, 0x10E8, 0x216B, 0x21CD, 0x2A0F, 0x29ED, 0x21ED, 0x21ED, 0x21ED, 0x21ED, 0x21ED, 0x21CD, 0x21CD, // 0x1EB0 (7856) pixels
    0x21ED, 0x21CD, 0x21CD, 0x21CC, 0x21ED, 0x21ED, 0x21EC, 0x21EC, 0x21CC, 0x21ED, 0x2A0D, 0x198B, 0x220D, 0x11AB, 0x118B, 0x6C77, // 0x1EC0 (7872) pixels
    0xAF7F, 0x5C35, 0x096B, 0x32D1, 0x328F, 0x10E8, 0x0003, 0x0802, 0x0021, 0x0021, 0x0000, 0x0000, 0x0000, 0x0000, 0x0000, 0x0000, // 0x1ED0 (7888) pixels
    0x0000, 0x0000, 0x0000, 0x0000, 0x0000, 0x0000, 0x0000, 0x0000, 0x0000, 0x0000, 0x0000, 0x0000, 0x0000, 0x0000, 0x0000, 0x0000, // 0x1EE0 (7904) pixels
    0x0000, 0x0000, 0x0000, 0x0000, 0x0000, 0x0000, 0x0000, 0x0000, 0x0000, 0x0000, 0x0000, 0x0000, 0x0000, 0x0000, 0x0000, 0x0000, // 0x1EF0 (7920) pixels
    0x0000, 0x0000, 0x0000, 0x0000, 0x0000, 0x0000, 0x0000, 0x0000, 0x0000, 0x0000, 0x0001, 0x0003, 0x0045, 0x1109, 0x218C, 0x29CE, // 0x1F00 (7936) pixels
    0x21CD, 0x21ED, 0x29EE, 0x29EE, 0x21EE, 0x21EE, 0x21EE, 0x2A0E, 0x29EE, 0x29EE, 0x2A0D, 0x29EC, 0x2189, 0x10E6, 0x0884, 0x0063, // 0x1F10 (7952) pixels
    0x0021, 0x0000, 0x0021, 0x0041, 0x0021, 0x0000, 0x0000, 0x0000, 0x0021, 0x0001, 0x0023, 0x10E8, 0x21AC, 0x2A0E, 0x2A2E, 0x220E, // 0x1F20 (7968) pixels
    0x21ED, 0x21ED, 0x21CD, 0x21CD, 0x21ED, 0x21ED, 0x21CD, 0x21CD, 0x21ED, 0x21CD, 0x21CC, 0x21CC, 0x21ED, 0x21ED, 0x21EC, 0x21CC, // 0x1F30 (7984) pixels
    0x21CC, 0x21CC, 0x29ED, 0x198B, 0x19AC, 0x118B, 0x19CC, 0x53B3, 0x6D38, 0x32D0, 0x19ED, 0x6D19, 0x5C76, 0x118B, 0x10A8, 0x0825, // 0x1F40 (8000) pixels
    0x0001, 0x0001, 0x0000, 0x0000, 0x0000, 0x0000, 0x0000, 0x0000, 0x0000, 0x0000, 0x0000, 0x0000, 0x0000, 0x0000, 0x0000, 0x0000, // 0x1F50 (8016) pixels
    0x0000, 0x0000, 0x0000, 0x0000, 0x0000, 0x0000, 0x0000, 0x0000, 0x0000, 0x0000, 0x0000, 0x0000, 0x0000, 0x0000, 0x0000, 0x0000, // 0x1F60 (8032) pixels
    0x0000, 0x0000, 0x0000, 0x0000, 0x0000, 0x0000, 0x0000, 0x0000, 0x0000, 0x0000, 0x0000, 0x0000, 0x0000, 0x0000, 0x0000, 0x0000, // 0x1F70 (8048) pixels
    0x0000, 0x0000, 0x0000, 0x0000, 0x0002, 0x0045, 0x10A7, 0x10E9, 0x114B, 0x196C, 0x21AD, 0x21AE, 0x21AE, 0x21CD, 0x21EE, 0x2A0E, // 0x1F80 (8064) pixels
    0x21CE, 0x19AD, 0x21AD, 0x21CD, 0x29CC, 0x21AB, 0x1949, 0x1928, 0x10C6, 0x10E6, 0x1107, 0x1106, 0x08A4, 0x0042, 0x0021, 0x0000, // 0x1F90 (8080) pixels
    0x0002, 0x0044, 0x10C8, 0x218C, 0x29EE, 0x2A0E, 0x21ED, 0x19EC, 0x21ED, 0x21ED, 0x21CD, 0x21CD, 0x21CD, 0x21CD, 0x21CD, 0x21CD, // 0x1FA0 (8096) pixels
    0x19AC, 0x21AC, 0x21CD, 0x21CC, 0x21ED, 0x21CC, 0x21CC, 0x21CC, 0x21CC, 0x21CC, 0x21ED, 0x21CC, 0x21ED, 0x2A2D, 0x21EC, 0x220D, // 0x1FB0 (8112) pixels
    0x1A0C, 0x198B, 0x220E, 0x6D39, 0x5CF8, 0x1A8F, 0x116B, 0x00C9, 0x0024, 0x0022, 0x0001, 0x0000, 0x0000, 0x0000, 0x0000, 0x0000, // 0x1FC0 (8128) pixels
    0x0000, 0x0000, 0x0000, 0x0000, 0x0000, 0x0000, 0x0000, 0x0000, 0x0000, 0x0000, 0x0000, 0x0000, 0x0000, 0x0000, 0x0000, 0x0000, // 0x1FD0 (8144) pixels
    0x0000, 0x0000, 0x0000, 0x0000, 0x0000, 0x0000, 0x0000, 0x0000, 0x0000, 0x0000, 0x0000, 0x0000, 0x0000, 0x0000, 0x0000, 0x0000, // 0x1FE0 (8160) pixels
    0x0000, 0x0000, 0x0000, 0x0000, 0x0000, 0x0000, 0x0000, 0x0000, 0x0000, 0x0000, 0x0000, 0x0000, 0x0000, 0x0001, 0x0003, 0x0024, // 0x1FF0 (8176) pixels
    0x0087, 0x08E9, 0x192B, 0x216D, 0x218D, 0x198D, 0x21AD, 0x21CD, 0x196D, 0x114C, 0x112C, 0x196C, 0x218C, 0x29AD, 0x29AC, 0x29AC, // 0x2000 (8192) pixels
    0x216C, 0x29AC, 0x29AC, 0x218B, 0x194A, 0x10E8, 0x0865, 0x0024, 0x0004, 0x0086, 0x192B, 0x29CE, 0x29EF, 0x21EE, 0x21ED, 0x220D, // 0x2010 (8208) pixels
    0x29ED, 0x21ED, 0x21CD, 0x21CD, 0x21CD, 0x21CD, 0x21CC, 0x21AC, 0x116B, 0x19AC, 0x21CD, 0x21ED, 0x21CC, 0x21CC, 0x21CC, 0x21EC, // 0x2020 (8224) pixels
    0x21CC, 0x21ED, 0x29ED, 0x21CC, 0x19AC, 0x21ED, 0x21ED, 0x198B, 0x29AC, 0x31CD, 0x194B, 0x3352, 0x6D9A, 0x5CF8, 0x3352, 0x3B93, // 0x2030 (8240) pixels
    0x216A, 0x08C6, 0x0022, 0x0000, 0x0000, 0x0000, 0x0000, 0x0000, 0x0000, 0x0000, 0x0000, 0x0000, 0x0000, 0x0000, 0x0000, 0x0000, // 0x2040 (8256) pixels
    0x0000, 0x0000, 0x0000, 0x0000, 0x0000, 0x0000, 0x0000, 0x0000, 0x0000, 0x0000, 0x0000, 0x0000, 0x0000, 0x0000, 0x0000, 0x0000, // 0x2050 (8272) pixels
    0x0000, 0x0000, 0x0000, 0x0000, 0x0000, 0x0000, 0x0000, 0x0000, 0x0000, 0x0000, 0x0000, 0x0000, 0x0000, 0x0000, 0x0000, 0x0000, // 0x2060 (8288) pixels
    0x0000, 0x0000, 0x0000, 0x0000, 0x0000, 0x0000, 0x0000, 0x0022, 0x0002, 0x0065, 0x10C8, 0x192B, 0x194C, 0x194C, 0x196C, 0x196C, // 0x2070 (8304) pixels
    0x114C, 0x112C, 0x112C, 0x112C, 0x194C, 0x194C, 0x194C, 0x218D, 0x216D, 0x218D, 0x218D, 0x196D, 0x216D, 0x192B, 0x1088, 0x0847, // 0x2080 (8320) pixels
    0x08A8, 0x10E9, 0x194C, 0x21AE, 0x29EE, 0x21EE, 0x220D, 0x2A2D, 0x29ED, 0x21ED, 0x21ED, 0x21CD, 0x21CD, 0x21CD, 0x21CC, 0x21AC, // 0x2090 (8336) pixels
    0x114B, 0x198C, 0x21ED, 0x21ED, 0x21CC, 0x21CC, 0x21CC, 0x21ED, 0x21ED, 0x21CC, 0x21CC, 0x21ED, 0x21CC, 0x21CC, 0x21CC, 0x19AC, // 0x20A0 (8352) pixels
    0x29AC, 0x31AC, 0x214B, 0x2A6F, 0x5CB7, 0x6D5A, 0x64F9, 0x863E, 0x3A2E, 0x1929, 0x0024, 0x0002, 0x0000, 0x0000, 0x0000, 0x0000, // 0x20B0 (8368) pixels
    0x0000, 0x0000, 0x0000, 0x0000, 0x0000, 0x0000, 0x0000, 0x0000, 0x0000, 0x0000, 0x0000, 0x0000, 0x0000, 0x0000, 0x0000, 0x0000, // 0x20C0 (8384) pixels
    0x0000, 0x0000, 0x0000, 0x0000, 0x0000, 0x0000, 0x0000, 0x0000, 0x0000, 0x0000, 0x0000, 0x0000, 0x0000, 0x0000, 0x0000, 0x0000, // 0x20D0 (8400) pixels
    0x0000, 0x0000, 0x0000, 0x0000, 0x0000, 0x0000, 0x0000, 0x0000, 0x0000, 0x0000, 0x0000, 0x0000, 0x0000, 0x0000, 0x0000, 0x0000, // 0x20E0 (8416) pixels
    0x0000, 0x0001, 0x0844, 0x1087, 0x10AA, 0x10EB, 0x190B, 0x192B, 0x194C, 0x194B, 0x194B, 0x194C, 0x192B, 0x110B, 0x110B, 0x192C, // 0x20F0 (8432) pixels
    0x196C, 0x194C, 0x194C, 0x194D, 0x192C, 0x10AA, 0x0848, 0x0848, 0x192C, 0x192C, 0x194C, 0x218D, 0x29CD, 0x29ED, 0x21ED, 0x220D, // 0x2100 (8448) pixels
    0x29ED, 0x21ED, 0x21CD, 0x21CD, 0x21CD, 0x21CD, 0x21CD, 0x21CC, 0x198C, 0x21AC, 0x21CD, 0x21ED, 0x21ED, 0x21CC, 0x21EC, 0x21EC, // 0x2110 (8464) pixels
    0x2A0D, 0x21CC, 0x21ED, 0x21ED, 0x21ED, 0x21CC, 0x21CD, 0x29ED, 0x21ED, 0x298C, 0x31AD, 0x322E, 0x224E, 0x2AD0, 0x4BF5, 0x6519, // 0x2120 (8480) pixels
    0x31EE, 0x216C, 0x10A8, 0x0024, 0x0002, 0x0001, 0x0000, 0x0000, 0x0000, 0x0000, 0x0000, 0x0000, 0x0000, 0x0000, 0x0000, 0x0000, // 0x2130 (8496) pixels
    0x0000, 0x0000, 0x0000, 0x0000, 0x0000, 0x0000, 0x0000, 0x0000, 0x0000, 0x0000, 0x0000, 0x0000, 0x0000, 0x0000, 0x0000, 0x0000, // 0x2140 (8512) pixels
    0x0000, 0x0000, 0x0000, 0x0000, 0x0000, 0x0000, 0x0000, 0x0000, 0x0000, 0x0000, 0x0000, 0x0000, 0x0000, 0x0000, 0x0000, 0x0000, // 0x2150 (8528) pixels
    0x0000, 0x0000, 0x0000, 0x0000, 0x0000, 0x0000, 0x0000, 0x0000, 0x0000, 0x0000, 0x0002, 0x0004, 0x0027, 0x0889, 0x10EB, 0x192B, // 0x2160 (8544) pixels
    0x196C, 0x192B, 0x112B, 0x192B, 0x194C, 0x192C, 0x192C, 0x192C, 0x112A, 0x112B, 0x194C, 0x218D, 0x192C, 0x0869, 0x0849, 0x20EB, // 0x2170 (8560) pixels
    0x192D, 0x190C, 0x192C, 0x218C, 0x29ED, 0x29ED, 0x29ED, 0x21ED, 0x21ED, 0x21ED, 0x21CD, 0x21CD, 0x21ED, 0x21ED, 0x21CD, 0x21CD, // 0x2180 (8576) pixels
    0x21CD, 0x21CD, 0x21CD, 0x21ED, 0x21ED, 0x21ED, 0x21EC, 0x21EC, 0x21ED, 0x21ED, 0x21ED, 0x21CC, 0x21ED, 0x29ED, 0x21AC, 0x21CC, // 0x2190 (8592) pixels
    0x122D, 0x21ED, 0x29AC, 0x29CC, 0x198B, 0x198B, 0x2A6F, 0x226F, 0x21AE, 0x29CE, 0x298C, 0x18A7, 0x0003, 0x0001, 0x0000, 0x0000, // 0x21A0 (8608) pixels
    0x0000, 0x0000, 0x0000, 0x0000, 0x0000, 0x0000, 0x0000, 0x0000, 0x0000, 0x0000, 0x0000, 0x0000, 0x0000, 0x0000, 0x0000, 0x0000, // 0x21B0 (8624) pixels
    0x0000, 0x0000, 0x0000, 0x0000, 0x0000, 0x0000, 0x0000, 0x0000, 0x0000, 0x0000, 0x0000, 0x0000, 0x0000, 0x0000, 0x0000, 0x0000, // 0x21C0 (8640) pixels
    0x0000, 0x0000, 0x0000, 0x0000, 0x0000, 0x0000, 0x0000, 0x0000, 0x0000, 0x0000, 0x0000, 0x0000, 0x0000, 0x0000, 0x0000, 0x0000, // 0x21D0 (8656) pixels
    0x0000, 0x0000, 0x0000, 0x0000, 0x0000, 0x0023, 0x0846, 0x1088, 0x194C, 0x194C, 0x194C, 0x192C, 0x192C, 0x194C, 0x194C, 0x194C, // 0x21E0 (8672) pixels
    0x112B, 0x194C, 0x214C, 0x192C, 0x10CB, 0x088A, 0x10CB, 0x194C, 0x112B, 0x112B, 0x194B, 0x21AD, 0x29EE, 0x2A0E, 0x29ED, 0x21ED, // 0x21F0 (8688) pixels
    0x21ED, 0x21ED, 0x21ED, 0x21ED, 0x21ED, 0x21ED, 0x21ED, 0x21ED, 0x21AC, 0x29ED, 0x21ED, 0x21CC, 0x21ED, 0x21ED, 0x21CC, 0x21ED, // 0x2200 (8704) pixels
    0x29EC, 0x29CC, 0x21AC, 0x21CC, 0x29CD, 0x21CD, 0x21ED, 0x29ED, 0x21ED, 0x21ED, 0x21ED, 0x21ED, 0x21CC, 0x21CC, 0x21CC, 0x21CC, // 0x2210 (8720) pixels
    0x21EC, 0x2A0D, 0x29EE, 0x218C, 0x0025, 0x0002, 0x0000, 0x0000, 0x0000, 0x0000, 0x0000, 0x0000, 0x0000, 0x0000, 0x0000, 0x0000, // 0x2220 (8736) pixels
    0x0000, 0x0000, 0x0000, 0x0000, 0x0000, 0x0000, 0x0000, 0x0000, 0x0000, 0x0000, 0x0000, 0x0000, 0x0000, 0x0000, 0x0000, 0x0000, // 0x2230 (8752) pixels
    0x0000, 0x0000, 0x0000, 0x0000, 0x0000, 0x0000, 0x0800, 0x0800, 0x0000, 0x0000, 0x0000, 0x0000, 0x0000, 0x0000, 0x0000, 0x0000, // 0x2240 (8768) pixels
    0x0000, 0x0000, 0x0000, 0x0000, 0x0000, 0x0000, 0x0000, 0x0000, 0x0000, 0x0000, 0x0000, 0x0000, 0x0000, 0x0002, 0x0024, 0x0846, // 0x2250 (8784) pixels
    0x190B, 0x216C, 0x216D, 0x190C, 0x10EB, 0x190C, 0x194C, 0x192C, 0x194C, 0x194C, 0x192C, 0x10CA, 0x0869, 0x0889, 0x10EB, 0x192C, // 0x2260 (8800) pixels
    0x114B, 0x194B, 0x196C, 0x21CD, 0x29EE, 0x29ED, 0x21CD, 0x21CD, 0x21ED, 0x21ED, 0x21ED, 0x21ED, 0x21ED, 0x21ED, 0x21ED, 0x21ED, // 0x2270 (8816) pixels
    0x21ED, 0x2A0D, 0x21ED, 0x21CC, 0x21ED, 0x21ED, 0x21CC, 0x21ED, 0x29ED, 0x21ED, 0x21CD, 0x21CD, 0x21CD, 0x21CD, 0x21CD, 0x21CD, // 0x2280 (8832) pixels
    0x21ED, 0x21ED, 0x21ED, 0x21ED, 0x21CC, 0x21CC, 0x21CC, 0x21CC, 0x2A0D, 0x2A0E, 0x29EE, 0x29CD, 0x10E9, 0x0044, 0x0000, 0x0000, // 0x2290 (8848) pixels
    0x0000, 0x0000, 0x0000, 0x0000, 0x0000, 0x0000, 0x0000, 0x0000, 0x0000, 0x0000, 0x0000, 0x0000, 0x0000, 0x0000, 0x0000, 0x0000, // 0x22A0 (8864) pixels
    0x0000, 0x0000, 0x0000, 0x0000, 0x0000, 0x0000, 0x0000, 0x0000, 0x0000, 0x0000, 0x0000, 0x0000, 0x0000, 0x0000, 0x0000, 0x0000, // 0x22B0 (8880) pixels
    0x0000, 0x0000, 0x0000, 0x0000, 0x0000, 0x0000, 0x0000, 0x0000, 0x0000, 0x0000, 0x0000, 0x0000, 0x0000, 0x0000, 0x0000, 0x0000, // 0x22C0 (8896) pixels
    0x0000, 0x0000, 0x0000, 0x0000, 0x0000, 0x0000, 0x0002, 0x0003, 0x0888, 0x190A, 0x214C, 0x10EB, 0x08CB, 0x190C, 0x194C, 0x192C, // 0x22D0 (8912) pixels
    0x194C, 0x192B, 0x10EA, 0x0869, 0x0869, 0x10CA, 0x192C, 0x194C, 0x112B, 0x194B, 0x218C, 0x21CD, 0x29EE, 0x21ED, 0x21CD, 0x21CD, // 0x22E0 (8928) pixels
    0x21ED, 0x21ED, 0x21ED, 0x21ED, 0x21ED, 0x21ED, 0x21ED, 0x21ED, 0x21CC, 0x21CC, 0x21CC, 0x21CC, 0x29ED, 0x21ED, 0x21ED, 0x21ED, // 0x22F0 (8944) pixels
    0x21ED, 0x21ED, 0x21ED, 0x21CD, 0x21CD, 0x21CD, 0x21CC, 0x21CC, 0x21ED, 0x21ED, 0x21ED, 0x21ED, 0x21ED, 0x21CC, 0x21CC, 0x21CC, // 0x2300 (8960) pixels
    0x21EC, 0x29ED, 0x21EE, 0x29EE, 0x218C, 0x10E8, 0x0023, 0x0001, 0x0000, 0x0000, 0x0000, 0x0000, 0x0000, 0x0000, 0x0000, 0x0000, // 0x2310 (8976) pixels
    0x0000, 0x0000, 0x0000, 0x0000, 0x0000, 0x0000, 0x0000, 0x0000, 0x0000, 0x0000, 0x0000, 0x0000, 0x0000, 0x0000, 0x0000, 0x0000, // 0x2320 (8992) pixels
    0x0001, 0x0000, 0x0000, 0x0000, 0x0000, 0x0000, 0x0000, 0x0000, 0x0000, 0x0000, 0x0000, 0x0000, 0x0000, 0x0000, 0x0000, 0x0000, // 0x2330 (9008) pixels
    0x0000, 0x0000, 0x0000, 0x0000, 0x0000, 0x0000, 0x0000, 0x0000, 0x0000, 0x0000, 0x0000, 0x0000, 0x0000, 0x0000, 0x0000, 0x0001, // 0x2340 (9024) pixels
    0x0025, 0x0887, 0x10EA, 0x10EB, 0x10CB, 0x110C, 0x192C, 0x194D, 0x214C, 0x18EA, 0x1089, 0x0869, 0x10AA, 0x212C, 0x214C, 0x194C, // 0x2350 (9040) pixels
    0x112B, 0x194B, 0x218C, 0x29ED, 0x2A0D, 0x21ED, 0x21ED, 0x21ED, 0x21ED, 0x21ED, 0x21ED, 0x21ED, 0x21ED, 0x21ED, 0x21ED, 0x21ED, // 0x2360 (9056) pixels
    0x19AC, 0x21CC, 0x21CC, 0x21ED, 0x21ED, 0x21CC, 0x21CC, 0x21ED, 0x19EE, 0x21EE, 0x21EE, 0x21CD, 0x21CD, 0x21ED, 0x29ED, 0x29EC, // 0x2370 (9072) pixels
    0x21ED, 0x21ED, 0x21ED, 0x21ED, 0x21ED, 0x21ED, 0x21ED, 0x21ED, 0x29EC, 0x21ED, 0x21ED, 0x29EE, 0x2A0E, 0x29AC, 0x10A7, 0x0003, // 0x2380 (9088) pixels
    0x0000, 0x0000, 0x0000, 0x0000, 0x0000, 0x0000, 0x0000, 0x0000, 0x0000, 0x0000, 0x0000, 0x0000, 0x0000, 0x0000, 0x0000, 0x0000, // 0x2390 (9104) pixels
    0x0000, 0x0000, 0x0000, 0x0000, 0x0000, 0x0000, 0x0000, 0x0000, 0x0000, 0x0000, 0x0000, 0x0000, 0x0000, 0x0020, 0x0000, 0x0000, // 0x23A0 (9120) pixels
    0x0000, 0x0000, 0x0000, 0x0000, 0x0000, 0x0000, 0x0000, 0x0000, 0x0000, 0x0000, 0x0000, 0x0000, 0x0000, 0x0000, 0x0000, 0x0000, // 0x23B0 (9136) pixels
    0x0000, 0x0000, 0x0000, 0x0000, 0x0000, 0x0000, 0x0000, 0x0020, 0x0044, 0x0024, 0x0867, 0x18EB, 0x192C, 0x190C, 0x190C, 0x194C, // 0x23C0 (9152) pixels
    0x212B, 0x10A9, 0x0027, 0x0868, 0x18EA, 0x214C, 0x194C, 0x114B, 0x194B, 0x196C, 0x21AD, 0x29ED, 0x29ED, 0x21ED, 0x21ED, 0x21ED, // 0x23D0 (9168) pixels
    0x21CC, 0x21CC, 0x21CC, 0x21CC, 0x21CC, 0x21CC, 0x21CC, 0x21CC, 0x21CC, 0x21ED, 0x21ED, 0x21ED, 0x21CC, 0x21CC, 0x21CC, 0x21ED, // 0x23E0 (9184) pixels
    0x220E, 0x220E, 0x220E, 0x21ED, 0x21ED, 0x21ED, 0x21EC, 0x21EC, 0x21ED, 0x21ED, 0x21ED, 0x21ED, 0x21ED, 0x21ED, 0x21ED, 0x21ED, // 0x23F0 (9200) pixels
    0x21CC, 0x322E, 0x324E, 0x196B, 0x08E9, 0x1909, 0x1909, 0x0846, 0x0000, 0x0000, 0x0000, 0x0000, 0x0000, 0x0000, 0x0000, 0x0000, // 0x2400 (9216) pixels
    0x0000, 0x0000, 0x0000, 0x0000, 0x0000, 0x0000, 0x0000, 0x0000, 0x0000, 0x0000, 0x0000, 0x0000, 0x0000, 0x0000, 0x0000, 0x0000, // 0x2410 (9232) pixels
    0x0000, 0x0000, 0x0000, 0x0000, 0x0000, 0x0000, 0x0000, 0x0020, 0x0000, 0x0000, 0x0000, 0x0000, 0x0000, 0x0000, 0x0000, 0x0000, // 0x2420 (9248) pixels
    0x0000, 0x0000, 0x0000, 0x0000, 0x0000, 0x0000, 0x0000, 0x0000, 0x0000, 0x0000, 0x0000, 0x0000, 0x0000, 0x0000, 0x0000, 0x0000, // 0x2430 (9264) pixels
    0x0841, 0x0002, 0x0025, 0x18C9, 0x214D, 0x214D, 0x194C, 0x196C, 0x10C9, 0x0047, 0x0007, 0x0068, 0x190A, 0x196C, 0x198C, 0x198C, // 0x2440 (9280) pixels
    0x218C, 0x21AC, 0x21CD, 0x29ED, 0x29ED, 0x21CC, 0x21CC, 0x21CC, 0x21CC, 0x21CC, 0x21CC, 0x21CC, 0x21CC, 0x21CC, 0x21CC, 0x21CC, // 0x2450 (9296) pixels
    0x21ED, 0x21ED, 0x21ED, 0x21CC, 0x21CC, 0x21ED, 0x2A0D, 0x2A0D, 0x2A0D, 0x29EC, 0x29EC, 0x29ED, 0x29ED, 0x21ED, 0x21CC, 0x21CC, // 0x2460 (9312) pixels
    0x21ED, 0x21ED, 0x21ED, 0x21ED, 0x21ED, 0x21ED, 0x21ED, 0x21ED, 0x21CD, 0x29ED, 0x218A, 0x08A6, 0x08A6, 0x10E7, 0x1908, 0x10A8, // 0x2470 (9328) pixels
    0x0000, 0x0000, 0x0000, 0x0000, 0x0000, 0x0000, 0x0020, 0x0020, 0x0000, 0x0000, 0x0000, 0x0000, 0x0000, 0x0000, 0x0000, 0x0000, // 0x2480 (9344) pixels
    0x0000, 0x0000, 0x0000, 0x0000, 0x0000, 0x0000, 0x0000, 0x0000, 0x0862, 0x0000, 0x0000, 0x0000, 0x0000, 0x0820, 0x0000, 0x0000, // 0x2490 (9360) pixels
    0x0000, 0x0000, 0x0000, 0x0000, 0x0000, 0x0000, 0x0000, 0x0000, 0x0000, 0x0000, 0x0000, 0x0000, 0x0000, 0x0000, 0x0000, 0x0000, // 0x24A0 (9376) pixels
    0x0000, 0x0000, 0x0000, 0x0000, 0x0000, 0x0000, 0x0000, 0x0000, 0x0000, 0x0000, 0x0003, 0x0867, 0x190B, 0x216D, 0x216C, 0x194B, // 0x24B0 (9392) pixels
    0x0088, 0x0868, 0x0888, 0x10EA, 0x194B, 0x218C, 0x21CD, 0x220D, 0x29CD, 0x21CD, 0x29CD, 0x29ED, 0x29ED, 0x21CC, 0x21CC, 0x21EC, // 0x24C0 (9408) pixels
    0x21CC, 0x21CC, 0x21CC, 0x21CC, 0x21CC, 0x21CC, 0x21CC, 0x21CC, 0x21CC, 0x21CC, 0x21CC, 0x21CC, 0x21ED, 0x2A2E, 0x2A0D, 0x19AC, // 0x24D0 (9424) pixels
    0x1928, 0x1928, 0x1949, 0x21AB, 0x29EC, 0x21EC, 0x21CC, 0x21ED, 0x21ED, 0x21ED, 0x21ED, 0x21ED, 0x21ED, 0x21ED, 0x21ED, 0x21ED, // 0x24E0 (9440) pixels
    0x3250, 0x194A, 0x0885, 0x3A09, 0x9D15, 0x94B4, 0x424D, 0x1909, 0x0004, 0x0003, 0x0002, 0x0002, 0x0001, 0x0001, 0x0000, 0x0000, // 0x24F0 (9456) pixels
    0x0000, 0x0000, 0x0000, 0x0000, 0x0000, 0x0000, 0x0000, 0x0000, 0x0000, 0x0000, 0x0000, 0x0000, 0x0000, 0x0000, 0x0000, 0x0000, // 0x2500 (9472) pixels
    0x0003, 0x0065, 0x10E6, 0x0022, 0x0001, 0x0021, 0x0000, 0x0000, 0x0000, 0x0000, 0x0000, 0x0000, 0x0000, 0x0000, 0x0000, 0x0000, // 0x2510 (9488) pixels
    0x0000, 0x0000, 0x0000, 0x0000, 0x0000, 0x0000, 0x0000, 0x0000, 0x0000, 0x0000, 0x0000, 0x0000, 0x0000, 0x0000, 0x0000, 0x0000, // 0x2520 (9504) pixels
    0x0000, 0x0000, 0x0002, 0x0005, 0x08A9, 0x214C, 0x194B, 0x08C9, 0x08A8, 0x190A, 0x216C, 0x218C, 0x21AC, 0x21CD, 0x21ED, 0x19ED, // 0x2530 (9520) pixels
    0x29ED, 0x21CD, 0x21CD, 0x21ED, 0x21ED, 0x21EC, 0x21EC, 0x29ED, 0x21CC, 0x21CC, 0x21CC, 0x21CC, 0x21CC, 0x21CC, 0x21CC, 0x21CC, // 0x2540 (9536) pixels
    0x21CC, 0x21CC, 0x21ED, 0x21ED, 0x29ED, 0x2A2E, 0x19AC, 0x00C8, 0x0044, 0x0024, 0x0885, 0x1969, 0x29EC, 0x21EC, 0x21ED, 0x220E, // 0x2550 (9552) pixels
    0x21ED, 0x21ED, 0x21ED, 0x21ED, 0x21ED, 0x21ED, 0x21ED, 0x21ED, 0x2A0F, 0x192A, 0x10A5, 0x73AF, 0xFFFF, 0xC619, 0x31CA, 0x0067, // 0x2560 (9568) pixels
    0x0826, 0x0806, 0x0005, 0x0004, 0x0003, 0x0002, 0x0002, 0x0001, 0x0000, 0x0000, 0x0000, 0x0000, 0x0000, 0x0000, 0x0000, 0x0000, // 0x2570 (9584) pixels
    0x0000, 0x0000, 0x0000, 0x0000, 0x0000, 0x0000, 0x0000, 0x0020, 0x222F, 0x6416, 0x84D8, 0x324C, 0x0023, 0x0021, 0x0000, 0x0000, // 0x2580 (9600) pixels
    0x0000, 0x0000, 0x0020, 0x0000, 0x0000, 0x0000, 0x0000, 0x0000, 0x0000, 0x0000, 0x0000, 0x0800, 0x0800, 0x0000, 0x0800, 0x0800, // 0x2590 (9616) pixels
    0x0000, 0x0000, 0x0000, 0x0000, 0x0000, 0x0000, 0x0000, 0x0020, 0x0000, 0x0001, 0x0002, 0x0003, 0x0846, 0x210A, 0x20CB, 0x106A, // 0x25A0 (9632) pixels
    0x0909, 0x21CC, 0x2A0D, 0x21ED, 0x21ED, 0x29ED, 0x21ED, 0x21CC, 0x21CC, 0x21CC, 0x21CC, 0x21CC, 0x21ED, 0x2A0D, 0x29ED, 0x21CC, // 0x25B0 (9648) pixels
    0x21CC, 0x21CC, 0x21CC, 0x21ED, 0x21ED, 0x21CC, 0x21CC, 0x21CC, 0x21CC, 0x21CD, 0x21CD, 0x21CE, 0x322E, 0x29CB, 0x0864, 0x0001, // 0x25C0 (9664) pixels
    0x4AAB, 0x73AF, 0x4A4A, 0x2126, 0x29CB, 0x2A0E, 0x21CE, 0x29EE, 0x21ED, 0x21ED, 0x21ED, 0x21ED, 0x21ED, 0x21ED, 0x21ED, 0x21ED, // 0x25D0 (9680) pixels
    0x2A2E, 0x196A, 0x08C5, 0x426A, 0x6B6E, 0x31C8, 0x0864, 0x0865, 0x18EA, 0x0028, 0x0048, 0x10AA, 0x0889, 0x0047, 0x0026, 0x0025, // 0x25E0 (9696) pixels
    0x0044, 0x0024, 0x0003, 0x0002, 0x0002, 0x0001, 0x0001, 0x0801, 0x0002, 0x0023, 0x0002, 0x0023, 0x0004, 0x0004, 0x0004, 0x10A7, // 0x25F0 (9712) pixels
    0x4B33, 0xA6BF, 0xB7BF, 0x6CB6, 0x10A6, 0x1002, 0x0000, 0x0040, 0x0000, 0x0000, 0x0000, 0x0000, 0x0000, 0x0000, 0x0000, 0x0000, // 0x2600 (9728) pixels
    0x0000, 0x0000, 0x0000, 0x0000, 0x0000, 0x0000, 0x0000, 0x0000, 0x0000, 0x0000, 0x0000, 0x0000, 0x0000, 0x0000, 0x0000, 0x0000, // 0x2610 (9744) pixels
    0x0000, 0x0000, 0x0021, 0x0001, 0x0003, 0x1087, 0x1088, 0x0868, 0x116B, 0x21ED, 0x2A0D, 0x21ED, 0x21ED, 0x21ED, 0x21CC, 0x21CC, // 0x2620 (9760) pixels
    0x21ED, 0x21ED, 0x21ED, 0x21CC, 0x21CC, 0x21ED, 0x21ED, 0x21AC, 0x21ED, 0x21ED, 0x21CC, 0x21CC, 0x21CC, 0x21CC, 0x21ED, 0x21ED, // 0x2630 (9776) pixels
    0x2A0D, 0x21ED, 0x21CD, 0x2A0E, 0x29ED, 0x08A6, 0x0043, 0x3187, 0xCEBB, 0xFFFF, 0x9CB3, 0x10A4, 0x08A6, 0x2A0D, 0x21EE, 0x198C, // 0x2640 (9792) pixels
    0x21ED, 0x21ED, 0x21ED, 0x21ED, 0x21ED, 0x21ED, 0x21ED, 0x21ED, 0x2A0D, 0x198A, 0x0023, 0x0021, 0x0882, 0x0000, 0x0001, 0x0043, // 0x2650 (9808) pixels
    0x214B, 0x08A9, 0x08A9, 0x216C, 0x298D, 0x192B, 0x1109, 0x1929, 0x194A, 0x1109, 0x08C7, 0x10A7, 0x0865, 0x0024, 0x0003, 0x0002, // 0x2660 (9824) pixels
    0x0025, 0x10A7, 0x0066, 0x08A8, 0x10C9, 0x18E9, 0x212B, 0x298C, 0x21AD, 0x4393, 0x8E9D, 0x7578, 0x0084, 0x0001, 0x0000, 0x0020, // 0x2670 (9840) pixels
    0x0000, 0x0000, 0x0000, 0x0000, 0x0020, 0x0000, 0x0000, 0x0000, 0x0000, 0x0000, 0x0000, 0x0000, 0x0000, 0x0000, 0x0000, 0x0000, // 0x2680 (9856) pixels
    0x0000, 0x0000, 0x0000, 0x0000, 0x0000, 0x0000, 0x0000, 0x0000, 0x0000, 0x0000, 0x0020, 0x0000, 0x0001, 0x0044, 0x0886, 0x1909, // 0x2690 (9872) pixels
    0x21CC, 0x2A0D, 0x2A0D, 0x21ED, 0x21CC, 0x21CC, 0x21CC, 0x21ED, 0x21CC, 0x21ED, 0x21ED, 0x21CC, 0x21ED, 0x21ED, 0x21CC, 0x21AC, // 0x26A0 (9888) pixels
    0x21ED, 0x21ED, 0x21CC, 0x19AC, 0x19AC, 0x21CC, 0x21ED, 0x21ED, 0x21CC, 0x21CC, 0x19AC, 0x2A0E, 0x29ED, 0x08A6, 0x2147, 0x7BAF, // 0x26B0 (9904) pixels
    0xBE39, 0xD6DB, 0x738E, 0x0022, 0x00A6, 0x2A2D, 0x2A2E, 0x21CD, 0x21ED, 0x21ED, 0x21ED, 0x21ED, 0x21ED, 0x21ED, 0x21ED, 0x21ED, // 0x26C0 (9920) pixels
    0x29EE, 0x21AB, 0x0085, 0x0001, 0x0001, 0x0021, 0x0001, 0x0842, 0x218C, 0x110A, 0x08A9, 0x218D, 0x3A2F, 0x29ED, 0x29CC, 0x29CC, // 0x26D0 (9936) pixels
    0x29EE, 0x21CE, 0x21AD, 0x218C, 0x1109, 0x1109, 0x116A, 0x00A7, 0x08E9, 0x218C, 0x218C, 0x29AD, 0x29AD, 0x31CE, 0x29AE, 0x29AE, // 0x26E0 (9952) pixels
    0x112B, 0x228F, 0x7E1A, 0x6D56, 0x0083, 0x0000, 0x0800, 0x0000, 0x0000, 0x0000, 0x0000, 0x0000, 0x0000, 0x0000, 0x0000, 0x0000, // 0x26F0 (9968) pixels
    0x0000, 0x0000, 0x0000, 0x0000, 0x0000, 0x0000, 0x0000, 0x0000, 0x0000, 0x0000, 0x0000, 0x0000, 0x0000, 0x0000, 0x0000, 0x0000, // 0x2700 (9984) pixels
    0x0800, 0x0000, 0x0000, 0x0000, 0x0002, 0x0044, 0x10E8, 0x29AB, 0x2A0D, 0x29ED, 0x21ED, 0x21ED, 0x21CC, 0x21CC, 0x21CC, 0x21ED, // 0x2710 (10000) pixels
    0x21CC, 0x21CC, 0x21ED, 0x21ED, 0x21ED, 0x21ED, 0x21CC, 0x21CC, 0x21CC, 0x21ED, 0x21CC, 0x198B, 0x198B, 0x21CC, 0x21ED, 0x21CC, // 0x2720 (10016) pixels
    0x21EC, 0x2A2D, 0x21CC, 0x2A0D, 0x29EC, 0x08A5, 0x10A4, 0x39C7, 0x3A29, 0x39E7, 0x18A3, 0x0001, 0x1107, 0x21EC, 0x220D, 0x21CC, // 0x2730 (10032) pixels
    0x21ED, 0x21ED, 0x21ED, 0x21ED, 0x21ED, 0x21ED, 0x21ED, 0x21ED, 0x21CD, 0x29CC, 0x1928, 0x0002, 0x0001, 0x0021, 0x0001, 0x0001, // 0x2740 (10048) pixels
    0x198B, 0x21AC, 0x00A9, 0x10EA, 0x29EE, 0x2A0E, 0x2A0D, 0x220D, 0x21EE, 0x2A0F, 0x29EE, 0x21AD, 0x198C, 0x3B11, 0x64B7, 0x5455, // 0x2750 (10064) pixels
    0x3A90, 0x21EE, 0x322F, 0x29CE, 0x29EE, 0x3230, 0x112B, 0x116C, 0x53D4, 0x8DDB, 0x7DD9, 0x3B2D, 0x0021, 0x0000, 0x0000, 0x0000, // 0x2760 (10080) pixels
    0x0000, 0x0000, 0x0000, 0x0000, 0x0000, 0x0000, 0x0000, 0x0001, 0x0000, 0x0000, 0x0000, 0x0000, 0x0000, 0x0000, 0x0000, 0x0020, // 0x2770 (10096) pixels
    0x0000, 0x0000, 0x0000, 0x0000, 0x0000, 0x0000, 0x0000, 0x0000, 0x0000, 0x0000, 0x0001, 0x0043, 0x0065, 0x0087, 0x194A, 0x2A0D, // 0x2780 (10112) pixels
    0x29ED, 0x21CC, 0x21CC, 0x21ED, 0x21ED, 0x21CC, 0x21CC, 0x21CC, 0x21CC, 0x21CC, 0x21ED, 0x21ED, 0x21CC, 0x21CC, 0x21CC, 0x21ED, // 0x2790 (10128) pixels
    0x21CC, 0x21ED, 0x21CC, 0x19AC, 0x19AC, 0x21CC, 0x21ED, 0x21CC, 0x21CB, 0x21EC, 0x21CC, 0x21ED, 0x21AB, 0x08A5, 0x0001, 0x0000, // 0x27A0 (10144) pixels
    0x0021, 0x0000, 0x0000, 0x0001, 0x08C6, 0x19CC, 0x220D, 0x21CC, 0x21ED, 0x21ED, 0x21ED, 0x21ED, 0x21ED, 0x21ED, 0x21ED, 0x21ED, // 0x27B0 (10160) pixels
    0x29EE, 0x322E, 0x29AB, 0x0044, 0x0002, 0x0022, 0x0002, 0x0022, 0x118B, 0x324E, 0x08EA, 0x0068, 0x216C, 0x2A0E, 0x2A0E, 0x21ED, // 0x27C0 (10176) pixels
    0x21ED, 0x29ED, 0x21AD, 0x198C, 0x19EC, 0x5C35, 0x9EFF, 0x9F5F, 0x4B73, 0x19CD, 0x21CD, 0x21CD, 0x2A0D, 0x21ED, 0x096A, 0x224D, // 0x27D0 (10192) pixels
    0x8E7C, 0xB77F, 0x436F, 0x0083, 0x0000, 0x0000, 0x0000, 0x0000, 0x0000, 0x0000, 0x0000, 0x0800, 0x0000, 0x0001, 0x0002, 0x0002, // 0x27E0 (10208) pixels
    0x0002, 0x0001, 0x0001, 0x0001, 0x0001, 0x0000, 0x0000, 0x0800, 0x0001, 0x0001, 0x0001, 0x0022, 0x0042, 0x0021, 0x0001, 0x0001, // 0x27F0 (10224) pixels
    0x0045, 0x0045, 0x0866, 0x10E8, 0x192A, 0x194B, 0x21AD, 0x2A0E, 0x21ED, 0x21CC, 0x21CC, 0x21ED, 0x21ED, 0x21ED, 0x21ED, 0x21CC, // 0x2800 (10240) pixels
    0x21ED, 0x21ED, 0x21ED, 0x21ED, 0x21CC, 0x19AC, 0x21AC, 0x21CC, 0x21CC, 0x21ED, 0x21ED, 0x21CC, 0x21CC, 0x21ED, 0x21ED, 0x21CC, // 0x2810 (10256) pixels
    0x21EC, 0x21CC, 0x21CD, 0x2A0E, 0x21CC, 0x08A6, 0x0002, 0x0000, 0x0002, 0x0001, 0x0001, 0x0001, 0x08C6, 0x21EC, 0x2A2E, 0x21EC, // 0x2820 (10272) pixels
    0x21ED, 0x21ED, 0x21ED, 0x21ED, 0x21ED, 0x21ED, 0x21ED, 0x21ED, 0x21CD, 0x21CC, 0x29AB, 0x10E7, 0x0024, 0x0002, 0x0002, 0x0024, // 0x2830 (10288) pixels
    0x116A, 0x326E, 0x216B, 0x0048, 0x10EA, 0x29CD, 0x2A0E, 0x19CC, 0x29ED, 0x29EC, 0x21CC, 0x21CC, 0x19EC, 0x3330, 0x64F7, 0x6D78, // 0x2840 (10304) pixels
    0x328F, 0x19CC, 0x198B, 0x29EC, 0x19CB, 0x0989, 0x4391, 0x7578, 0xAFDF, 0x8E3A, 0x00C4, 0x0000, 0x1000, 0x0000, 0x0000, 0x0000, // 0x2850 (10320) pixels
    0x0020, 0x0000, 0x0000, 0x0000, 0x0000, 0x0001, 0x0044, 0x0908, 0x1109, 0x00A8, 0x0046, 0x0045, 0x0044, 0x0002, 0x0002, 0x0001, // 0x2860 (10336) pixels
    0x0045, 0x0004, 0x0024, 0x10A6, 0x18E7, 0x10C7, 0x0886, 0x0065, 0x192A, 0x194B, 0x194B, 0x21AC, 0x29ED, 0x21CD, 0x29EE, 0x29ED, // 0x2870 (10352) pixels
    0x21CC, 0x21CC, 0x21ED, 0x21ED, 0x21CC, 0x21ED, 0x29ED, 0x21CC, 0x21ED, 0x21ED, 0x21ED, 0x21ED, 0x21AC, 0x198B, 0x19AC, 0x21ED, // 0x2880 (10368) pixels
    0x21CC, 0x21ED, 0x21ED, 0x21ED, 0x21ED, 0x21ED, 0x21ED, 0x21CC, 0x21CC, 0x21CC, 0x21ED, 0x2A2E, 0x2A0D, 0x10E7, 0x0002, 0x0001, // 0x2890 (10384) pixels
    0x0023, 0x0001, 0x0001, 0x0023, 0x1949, 0x2A0D, 0x21ED, 0x21CC, 0x21ED, 0x21ED, 0x21ED, 0x21ED, 0x21ED, 0x21ED, 0x21ED, 0x21ED, // 0x28A0 (10400) pixels
    0x222D, 0x220D, 0x320D, 0x29CB, 0x10C7, 0x0004, 0x0025, 0x18E8, 0x19CB, 0x322E, 0x29CD, 0x10A9, 0x0869, 0x194C, 0x2A0E, 0x19CC, // 0x28B0 (10416) pixels
    0x21ED, 0x21ED, 0x29ED, 0x2A0D, 0x21CC, 0x19AC, 0x19ED, 0x220D, 0x21ED, 0x29ED, 0x196B, 0x21AC, 0x220C, 0x32EE, 0x8E3B, 0xB7BF, // 0x28C0 (10432) pixels
    0xAF3E, 0x6432, 0x0001, 0x0800, 0x0800, 0x0000, 0x0000, 0x0000, 0x0000, 0x0000, 0x0000, 0x0000, 0x0000, 0x0043, 0x2A0C, 0x63F4, // 0x28D0 (10448) pixels
    0x5396, 0x3292, 0x198D, 0x112B, 0x10E9, 0x08A7, 0x0885, 0x10A6, 0x190A, 0x0888, 0x0888, 0x214B, 0x31CD, 0x31CD, 0x218C, 0x214B, // 0x28E0 (10464) pixels
    0x21CE, 0x29EE, 0x21CD, 0x29EE, 0x2A0D, 0x21CD, 0x29ED, 0x21AC, 0x21ED, 0x21CC, 0x21ED, 0x21ED, 0x21CC, 0x21ED, 0x2A0D, 0x21CC, // 0x28F0 (10480) pixels
    0x21CC, 0x21CC, 0x21ED, 0x21ED, 0x21AC, 0x19AC, 0x21CC, 0x2A0D, 0x21ED, 0x21ED, 0x21ED, 0x21ED, 0x21ED, 0x21ED, 0x21ED, 0x21ED, // 0x2900 (10496) pixels
    0x21CC, 0x21CD, 0x21CD, 0x21CE, 0x320E, 0x216A, 0x0043, 0x0002, 0x0003, 0x0002, 0x0822, 0x0864, 0x1949, 0x2A0E, 0x21ED, 0x21CD, // 0x2910 (10512) pixels
    0x21ED, 0x21ED, 0x21ED, 0x21ED, 0x21ED, 0x21ED, 0x21ED, 0x21ED, 0x1A0C, 0x19CC, 0x21EC, 0x29EC, 0x216B, 0x10E9, 0x18E9, 0x216B, // 0x2920 (10528) pixels
    0x2A4D, 0x320D, 0x320E, 0x210B, 0x0028, 0x110B, 0x2A0E, 0x21ED, 0x19CD, 0x21CD, 0x21CD, 0x21CD, 0x21CD, 0x21AD, 0x216C, 0x298C, // 0x2930 (10544) pixels
    0x21CE, 0x21AD, 0x216C, 0x21AC, 0x4B52, 0x8DBA, 0xB79F, 0x971D, 0x432F, 0x1947, 0x0001, 0x0800, 0x0000, 0x0020, 0x0000, 0x0000, // 0x2940 (10560) pixels
    0x0000, 0x0800, 0x0000, 0x0020, 0x0020, 0x00E5, 0x5C95, 0xBFDF, 0xC77F, 0x64B6, 0x1A2D, 0x118C, 0x29CD, 0x298D, 0x218C, 0x198C, // 0x2950 (10576) pixels
    0x39CD, 0x298C, 0x19AC, 0x19CC, 0x11AB, 0x19CC, 0x320E, 0x31CD, 0x21ED, 0x21ED, 0x21ED, 0x21ED, 0x21CC, 0x21CC, 0x21CC, 0x21CC, // 0x2960 (10592) pixels
    0x21ED, 0x21ED, 0x21ED, 0x21ED, 0x21ED, 0x21ED, 0x21ED, 0x21ED, 0x21ED, 0x21ED, 0x21ED, 0x21ED, 0x21ED, 0x21ED, 0x21ED, 0x21ED, // 0x2970 (10608) pixels
    0x21ED, 0x21ED, 0x21ED, 0x21ED, 0x21ED, 0x21ED, 0x21ED, 0x21ED, 0x21ED, 0x21ED, 0x21ED, 0x21CC, 0x2A0D, 0x31ED, 0x192A, 0x0026, // 0x2980 (10624) pixels
    0x0004, 0x0003, 0x0025, 0x1909, 0x29CC, 0x29ED, 0x21CD, 0x21CE, 0x21ED, 0x21ED, 0x21ED, 0x21ED, 0x21ED, 0x21ED, 0x21ED, 0x21ED, // 0x2990 (10640) pixels
    0x220C, 0x19CC, 0x21EC, 0x220D, 0x21EC, 0x21ED, 0x21ED, 0x21ED, 0x21EC, 0x220D, 0x2A2E, 0x29AC, 0x0847, 0x0848, 0x29AC, 0x220D, // 0x29A0 (10656) pixels
    0x29ED, 0x19AB, 0x29ED, 0x2A0D, 0x2A0D, 0x220D, 0x21CC, 0x2A2D, 0x316D, 0x294C, 0x196C, 0x1A6E, 0x865C, 0xAFDF, 0xBFBF, 0x6CB3, // 0x29B0 (10672) pixels
    0x0000, 0x0000, 0x0000, 0x0000, 0x0000, 0x0000, 0x0000, 0x0000, 0x0000, 0x0000, 0x0000, 0x0021, 0x0001, 0x1148, 0x6476, 0x9E7F, // 0x29C0 (10688) pixels
    0xAEFE, 0x7D79, 0x226E, 0x11AC, 0x29AD, 0x31EE, 0x320E, 0x220E, 0x29CD, 0x19AC, 0x2A8F, 0x4372, 0x2AF0, 0x1A0D, 0x21ED, 0x21CC, // 0x29D0 (10704) pixels
    0x21ED, 0x21ED, 0x21ED, 0x21ED, 0x21CC, 0x21CC, 0x21CC, 0x21CC, 0x21ED, 0x21ED, 0x21ED, 0x21ED, 0x21ED, 0x21ED, 0x21ED, 0x21ED, // 0x29E0 (10720) pixels
    0x21ED, 0x21ED, 0x21ED, 0x21ED, 0x21ED, 0x21ED, 0x21ED, 0x21ED, 0x21ED, 0x21ED, 0x21ED, 0x21ED, 0x21ED, 0x21ED, 0x21ED, 0x21ED, // 0x29F0 (10736) pixels
    0x21ED, 0x21ED, 0x21CD, 0x21CC, 0x29CD, 0x29ED, 0x218B, 0x1109, 0x0045, 0x0886, 0x1909, 0x29CC, 0x320D, 0x21ED, 0x21CD, 0x21CD, // 0x2A00 (10752) pixels
    0x21ED, 0x21ED, 0x21ED, 0x21ED, 0x21ED, 0x21ED, 0x21ED, 0x21ED, 0x21EC, 0x19CC, 0x21EC, 0x2A0D, 0x21EC, 0x21ED, 0x2A0D, 0x29ED, // 0x2A10 (10768) pixels
    0x2A0D, 0x2A2D, 0x2A0D, 0x21AC, 0x10A9, 0x0047, 0x194B, 0x2A2E, 0x21ED, 0x21ED, 0x2A0D, 0x21CD, 0x21AC, 0x29CD, 0x21AC, 0x29CD, // 0x2A20 (10784) pixels
    0x196C, 0x08E9, 0x3AF0, 0x6D38, 0xA77F, 0xB7DF, 0x8DF8, 0x328B, 0x0000, 0x0000, 0x0000, 0x0000, 0x0000, 0x0000, 0x0000, 0x0000, // 0x2A30 (10800) pixels
    0x0000, 0x0000, 0x0000, 0x0001, 0x0002, 0x1108, 0x2A2E, 0x19CD, 0x4370, 0x963B, 0x7538, 0x4BD4, 0x220E, 0x21CD, 0x21CD, 0x19CD, // 0x2A40 (10816) pixels
    0x19AC, 0x118B, 0x5C35, 0xAF1F, 0x8E3C, 0x3331, 0x11AB, 0x21CC, 0x21ED, 0x21ED, 0x21ED, 0x21ED, 0x21CC, 0x21CC, 0x21CC, 0x21CC, // 0x2A50 (10832) pixels
    0x21ED, 0x21ED, 0x21ED, 0x21ED, 0x21ED, 0x21ED, 0x21ED, 0x21ED, 0x21ED, 0x21ED, 0x21ED, 0x21ED, 0x21ED, 0x21ED, 0x21ED, 0x21ED, // 0x2A60 (10848) pixels
    0x21ED, 0x21ED, 0x21ED, 0x21ED, 0x21ED, 0x21ED, 0x21ED, 0x21ED, 0x21CD, 0x21ED, 0x21CD, 0x21CC, 0x21CD, 0x29ED, 0x29ED, 0x29CD, // 0x2A70 (10864) pixels
    0x194A, 0x218B, 0x29CC, 0x2A0D, 0x29ED, 0x21CC, 0x21CC, 0x21ED, 0x21ED, 0x21ED, 0x21ED, 0x21ED, 0x21ED, 0x21ED, 0x21ED, 0x21ED, // 0x2A80 (10880) pixels
    0x21EC, 0x21EC, 0x220D, 0x21ED, 0x21CC, 0x21CC, 0x29ED, 0x29ED, 0x21AC, 0x21ED, 0x220D, 0x2A0D, 0x216C, 0x0888, 0x08C9, 0x29ED, // 0x2A90 (10896) pixels
    0x21CD, 0x21CD, 0x21ED, 0x21CD, 0x29EE, 0x29EE, 0x218C, 0x112B, 0x120C, 0x2ACF, 0x7D79, 0xBFBF, 0xC7FF, 0x9EBB, 0x328B, 0x0021, // 0x2AA0 (10912) pixels
    0x0000, 0x0000, 0x0000, 0x0000, 0x0000, 0x0000, 0x0000, 0x0000, 0x0000, 0x0000, 0x0000, 0x0000, 0x0002, 0x10C6, 0x1908, 0x0004, // 0x2AB0 (10928) pixels
    0x324C, 0xA69D, 0xC7FF, 0x8E5C, 0x2AF0, 0x096B, 0x198C, 0x21CD, 0x21ED, 0x19CC, 0x5414, 0x9E9E, 0x85DB, 0x2ACF, 0x094A, 0x29ED, // 0x2AC0 (10944) pixels
    0x21ED, 0x21ED, 0x21ED, 0x21ED, 0x21CC, 0x21CC, 0x21CC, 0x21CC, 0x21ED, 0x21ED, 0x21ED, 0x21ED, 0x21ED, 0x21ED, 0x21ED, 0x21ED, // 0x2AD0 (10960) pixels
    0x21ED, 0x21ED, 0x21ED, 0x21ED, 0x21ED, 0x21ED, 0x21ED, 0x21ED, 0x21ED, 0x21ED, 0x21ED, 0x21ED, 0x21ED, 0x21ED, 0x21ED, 0x21ED, // 0x2AE0 (10976) pixels
    0x21CD, 0x21CD, 0x21ED, 0x29ED, 0x29ED, 0x29ED, 0x29ED, 0x2A0D, 0x2A0E, 0x2A0D, 0x21ED, 0x21CC, 0x21CC, 0x21CC, 0x21EC, 0x21EC, // 0x2AF0 (10992) pixels
    0x21ED, 0x21ED, 0x21ED, 0x21ED, 0x21ED, 0x21ED, 0x21ED, 0x21ED, 0x21EC, 0x21EC, 0x21EC, 0x21CC, 0x21CC, 0x21CD, 0x21ED, 0x21CD, // 0x2B00 (11008) pixels
    0x29CC, 0x29ED, 0x220D, 0x2A2E, 0x29CD, 0x0888, 0x0068, 0x196B, 0x29EE, 0x2A0E, 0x21CD, 0x21AD, 0x19AD, 0x198C, 0x198C, 0x198C, // 0x2B10 (11024) pixels
    0x3C32, 0x8E7B, 0xBFBF, 0xC7FF, 0x7DD7, 0x436E, 0x0041, 0x0000, 0x0000, 0x0000, 0x0000, 0x0000, 0x0000, 0x0000, 0x0000, 0x0000, // 0x2B20 (11040) pixels
    0x0000, 0x0000, 0x0000, 0x0000, 0x0000, 0x0000, 0x0021, 0x0001, 0x18C6, 0x4B2F, 0x9EFD, 0x975F, 0x5D37, 0x22AF, 0x19CC, 0x21AC, // 0x2B30 (11056) pixels
    0x19AC, 0x19CC, 0x224E, 0x32AF, 0x32D0, 0x21ED, 0x114A, 0x29ED, 0x21ED, 0x21ED, 0x21ED, 0x21ED, 0x21CC, 0x21CC, 0x21CC, 0x21CC, // 0x2B40 (11072) pixels
    0x21ED, 0x21ED, 0x21ED, 0x21ED, 0x21ED, 0x21ED, 0x21ED, 0x21ED, 0x21ED, 0x21ED, 0x21ED, 0x21ED, 0x21ED, 0x21ED, 0x21ED, 0x21ED, // 0x2B50 (11088) pixels
    0x21ED, 0x21ED, 0x21ED, 0x21ED, 0x21ED, 0x21ED, 0x21ED, 0x21ED, 0x21CD, 0x21CD, 0x21CD, 0x29ED, 0x2A0D, 0x21ED, 0x21EC, 0x21EC, // 0x2B60 (11104) pixels
    0x220E, 0x220E, 0x21ED, 0x21CC, 0x21EC, 0x21EC, 0x21EC, 0x21CB, 0x21ED, 0x21ED, 0x21ED, 0x21ED, 0x21ED, 0x21ED, 0x21ED, 0x21ED, // 0x2B70 (11120) pixels
    0x21EC, 0x21EC, 0x21CC, 0x21CC, 0x29ED, 0x29ED, 0x29ED, 0x29CD, 0x31ED, 0x21EC, 0x21ED, 0x21ED, 0x218C, 0x0888, 0x0088, 0x218C, // 0x2B80 (11136) pixels
    0x21CD, 0x21AD, 0x114B, 0x118C, 0x19CC, 0x1A2D, 0x4373, 0x6CD8, 0x7E9B, 0xBFFF, 0xB75E, 0xA6BB, 0x2AAA, 0x00A2, 0x0000, 0x1001, // 0x2B90 (11152) pixels
    0x0000, 0x0000, 0x0000, 0x0000, 0x0000, 0x0000, 0x0000, 0x0000, 0x0000, 0x0000, 0x0000, 0x0020, 0x0020, 0x0000, 0x0000, 0x0000, // 0x2BA0 (11168) pixels
    0x0801, 0x08E5, 0x8E19, 0xB7FF, 0xA79F, 0x7DBA, 0x5C14, 0x3AEF, 0x326E, 0x21ED, 0x198B, 0x196B, 0x29ED, 0x320D, 0x218C, 0x29ED, // 0x2BB0 (11184) pixels
    0x21ED, 0x21ED, 0x21ED, 0x21ED, 0x21CC, 0x21CC, 0x21CC, 0x21CC, 0x21ED, 0x21ED, 0x21ED, 0x21ED, 0x21ED, 0x21ED, 0x21ED, 0x21ED, // 0x2BC0 (11200) pixels
    0x21ED, 0x21ED, 0x21ED, 0x21ED, 0x21ED, 0x21ED, 0x21ED, 0x21ED, 0x21ED, 0x21ED, 0x21ED, 0x21ED, 0x21ED, 0x21ED, 0x21ED, 0x21ED, // 0x2BD0 (11216) pixels
    0x21ED, 0x21CD, 0x21CD, 0x21ED, 0x21ED, 0x21ED, 0x21EC, 0x21EC, 0x21ED, 0x21ED, 0x220D, 0x21ED, 0x21ED, 0x21ED, 0x21EC, 0x21EC, // 0x2BE0 (11232) pixels
    0x21ED, 0x21ED, 0x21ED, 0x21ED, 0x21ED, 0x21ED, 0x21ED, 0x21ED, 0x21ED, 0x21ED, 0x21CC, 0x29ED, 0x2A0E, 0x29EE, 0x29CD, 0x29EE, // 0x2BF0 (11248) pixels
    0x21AC, 0x21CC, 0x2A2D, 0x2A0E, 0x216B, 0x0888, 0x0088, 0x21AC, 0x2A4E, 0x21EC, 0x096A, 0x2AAF, 0x5455, 0x6D58, 0x96BD, 0xAF9F, // 0x2C00 (11264) pixels
    0xB7FF, 0x9EDC, 0x53B0, 0x534E, 0x1104, 0x0020, 0x0000, 0x0800, 0x0000, 0x0000, 0x0000, 0x0000, 0x0000, 0x0000, 0x0000, 0x0000, // 0x2C10 (11280) pixels
    0x0000, 0x0000, 0x0000, 0x0000, 0x0000, 0x0000, 0x0000, 0x0020, 0x0000, 0x1946, 0x8556, 0xAEFD, 0xB71E, 0xBF7F, 0xAF5F, 0x865B, // 0x2C20 (11296) pixels
    0x74F8, 0x328F, 0x198B, 0x29AC, 0x29AD, 0x29CC, 0x19AC, 0x2A0D, 0x21ED, 0x21ED, 0x21ED, 0x21ED, 0x21CC, 0x21CC, 0x21CC, 0x21CC, // 0x2C30 (11312) pixels
    0x21ED, 0x21ED, 0x21ED, 0x21ED, 0x21ED, 0x21ED, 0x21ED, 0x21ED, 0x21ED, 0x21ED, 0x21ED, 0x21ED, 0x21ED, 0x21ED, 0x21ED, 0x21ED, // 0x2C40 (11328) pixels
    0x21ED, 0x21ED, 0x21ED, 0x21ED, 0x21ED, 0x21ED, 0x21ED, 0x21ED, 0x21ED, 0x29ED, 0x21ED, 0x21ED, 0x21ED, 0x21ED, 0x220D, 0x21EC, // 0x2C50 (11344) pixels
    0x29ED, 0x29ED, 0x29ED, 0x21ED, 0x21CD, 0x21CD, 0x21ED, 0x2A0E, 0x21ED, 0x21ED, 0x21ED, 0x21ED, 0x21ED, 0x21ED, 0x21ED, 0x21ED, // 0x2C60 (11360) pixels
    0x21ED, 0x21ED, 0x21ED, 0x29ED, 0x29ED, 0x218C, 0x196C, 0x21CD, 0x29ED, 0x220D, 0x324E, 0x29ED, 0x190A, 0x0006, 0x0088, 0x326F, // 0x2C70 (11376) pixels
    0x74F6, 0x6CB5, 0x4BF2, 0x6D57, 0xA73E, 0xB7DF, 0xB7FF, 0x9F7F, 0x9EDD, 0x5C12, 0x0063, 0x0001, 0x0000, 0x0000, 0x0000, 0x0000, // 0x2C80 (11392) pixels
    0x0000, 0x0000, 0x0000, 0x0000, 0x0000, 0x0000, 0x0000, 0x0000, 0x0000, 0x0000, 0x0000, 0x0000, 0x0000, 0x0000, 0x0000, 0x0000, // 0x2C90 (11408) pixels
    0x0020, 0x0041, 0x1966, 0x322A, 0x3ACE, 0x7D78, 0xAFBF, 0x9FFF, 0x965D, 0x2ACF, 0x198B, 0x218C, 0x194B, 0x218C, 0x21ED, 0x1A0D, // 0x2CA0 (11424) pixels
    0x21ED, 0x21ED, 0x21ED, 0x21ED, 0x21CC, 0x21CC, 0x21CC, 0x21CC, 0x21ED, 0x21ED, 0x21ED, 0x21ED, 0x21ED, 0x21ED, 0x21ED, 0x21ED, // 0x2CB0 (11440) pixels
    0x21ED, 0x21ED, 0x21ED, 0x21ED, 0x21ED, 0x21ED, 0x21ED, 0x21ED, 0x21ED, 0x21ED, 0x21ED, 0x21ED, 0x21ED, 0x21ED, 0x21ED, 0x21ED, // 0x2CC0 (11456) pixels
    0x29ED, 0x2A0E, 0x2A0E, 0x2A0D, 0x21ED, 0x21ED, 0x21EC, 0x21EC, 0x29ED, 0x29CD, 0x29CD, 0x29ED, 0x21ED, 0x21CD, 0x21CD, 0x21ED, // 0x2CD0 (11472) pixels
    0x21ED, 0x21ED, 0x21ED, 0x21ED, 0x21ED, 0x21ED, 0x21ED, 0x21ED, 0x21ED, 0x21ED, 0x29ED, 0x29ED, 0x21AC, 0x110A, 0x08EA, 0x196C, // 0x2CE0 (11488) pixels
    0x2A2E, 0x2A2D, 0x21CC, 0x110A, 0x0027, 0x0006, 0x194B, 0x6C56, 0xB79F, 0xC7FF, 0x9EFC, 0xA75D, 0xB7FF, 0xAFFF, 0x9FBE, 0x7E9A, // 0x2CF0 (11504) pixels
    0x2B0F, 0x0106, 0x0002, 0x0801, 0x0800, 0x0000, 0x0000, 0x0000, 0x0000, 0x0000, 0x0000, 0x0000, 0x0000, 0x0000, 0x0000, 0x0000, // 0x2D00 (11520) pixels
    0x0000, 0x0000, 0x0000, 0x0000, 0x0000, 0x0000, 0x0000, 0x0000, 0x0000, 0x0000, 0x0000, 0x0000, 0x0000, 0x53AF, 0xAF1E, 0xBFFF, // 0x2D10 (11536) pixels
    0x9F1E, 0x5CF7, 0x3B92, 0x3B31, 0x3290, 0x21EE, 0x21AD, 0x19AC, 0x198C, 0x19AC, 0x21ED, 0x21ED, 0x21CC, 0x29ED, 0x29CD, 0x21AD, // 0x2D20 (11552) pixels
    0x21AC, 0x21ED, 0x21ED, 0x21ED, 0x19CC, 0x21EC, 0x21ED, 0x21CC, 0x21CC, 0x21ED, 0x21CD, 0x21AC, 0x29CD, 0x29EE, 0x21CD, 0x21CD, // 0x2D30 (11568) pixels
    0x222C, 0x21AD, 0x29AE, 0x29EC, 0x21EA, 0x220D, 0x2A0F, 0x216D, 0x218C, 0x21AD, 0x29CE, 0x29EE, 0x29EE, 0x21ED, 0x21EC, 0x220B, // 0x2D40 (11584) pixels
    0x29EE, 0x21CD, 0x29EE, 0x2A0E, 0x21AD, 0x114B, 0x114C, 0x21AD, 0x29CD, 0x29AC, 0x29CD, 0x29ED, 0x29ED, 0x21CD, 0x21CD, 0x29CD, // 0x2D50 (11600) pixels
    0x21ED, 0x21CC, 0x21CD, 0x29CD, 0x29CD, 0x112B, 0x08EA, 0x21ED, 0x3250, 0x19EC, 0x10E9, 0x0003, 0x0021, 0x0005, 0x2A52, 0x6DFE, // 0x2D60 (11616) pixels
    0xB7FF, 0xBFFF, 0xB7FF, 0x9FBF, 0x8F3F, 0x765E, 0x5CF7, 0x4BAF, 0x0000, 0x0000, 0x0000, 0x0000, 0x0000, 0x0000, 0x0000, 0x0000, // 0x2D70 (11632) pixels
    0x0000, 0x0000, 0x0000, 0x0000, 0x0000, 0x0000, 0x0000, 0x0000, 0x0000, 0x0000, 0x0000, 0x0000, 0x0000, 0x0000, 0x0000, 0x0000, // 0x2D80 (11648) pixels
    0x0000, 0x0000, 0x0000, 0x0820, 0x0041, 0x3AAB, 0x7D36, 0xAF1F, 0x9F9E, 0x9F9E, 0x9F5D, 0x969C, 0x7D99, 0x6475, 0x4352, 0x2A90, // 0x2D90 (11664) pixels
    0x2A4F, 0x220D, 0x21CD, 0x29ED, 0x29CD, 0x21CD, 0x29CD, 0x29CD, 0x21AD, 0x29ED, 0x21CC, 0x19AC, 0x21CD, 0x21ED, 0x21CD, 0x29CD, // 0x2DA0 (11680) pixels
    0x21ED, 0x21CD, 0x21CD, 0x29ED, 0x21CD, 0x21AC, 0x29ED, 0x29ED, 0x29EE, 0x21EC, 0x21EC, 0x21EC, 0x21CD, 0x29CE, 0x214B, 0x0867, // 0x2DB0 (11696) pixels
    0x0865, 0x10A6, 0x18E8, 0x214A, 0x29CD, 0x320E, 0x2A0E, 0x21EE, 0x29ED, 0x21ED, 0x2A0D, 0x2A2E, 0x21CC, 0x112A, 0x112B, 0x19AC, // 0x2DC0 (11712) pixels
    0x21EE, 0x21ED, 0x21ED, 0x21ED, 0x220D, 0x222E, 0x2A2D, 0x220D, 0x2A2E, 0x21ED, 0x2A0F, 0x2A0F, 0x21CE, 0x19AD, 0x21AD, 0x2A2F, // 0x2DD0 (11728) pixels
    0x3A0D, 0x0046, 0x110A, 0x1929, 0x0044, 0x00A9, 0x3378, 0x4D3F, 0x763E, 0x971F, 0x9F5F, 0x7E3E, 0x54D9, 0x3B73, 0x19CA, 0x0083, // 0x2DE0 (11744) pixels
    0x0000, 0x0000, 0x0000, 0x0000, 0x0000, 0x0000, 0x0000, 0x0000, 0x0000, 0x0000, 0x0000, 0x0000, 0x0000, 0x0000, 0x0000, 0x0000, // 0x2DF0 (11760) pixels
    0x0000, 0x0000, 0x0000, 0x0000, 0x0000, 0x0000, 0x0000, 0x0000, 0x0000, 0x0020, 0x0000, 0x0000, 0x0000, 0x08A4, 0x19E9, 0x6453, // 0x2E00 (11776) pixels
    0x8F1E, 0xA7DF, 0xAFFF, 0xA7DF, 0xA7BE, 0x9F3D, 0x969C, 0x8E3C, 0x7D59, 0x4372, 0x11AB, 0x21AD, 0x29EE, 0x29CD, 0x29ED, 0x21CD, // 0x2E10 (11792) pixels
    0x29AD, 0x29ED, 0x29CD, 0x21AC, 0x29ED, 0x29ED, 0x29AD, 0x29CD, 0x21CD, 0x21CD, 0x198C, 0x21CD, 0x21CC, 0x19AC, 0x21EC, 0x2A0D, // 0x2E20 (11808) pixels
    0x29EE, 0x21EC, 0x220C, 0x2A0E, 0x29AE, 0x192A, 0x08A7, 0x0047, 0x0025, 0x0004, 0x0004, 0x0005, 0x10C9, 0x218C, 0x29EE, 0x29EE, // 0x2E30 (11824) pixels
    0x21EC, 0x21EC, 0x2A0D, 0x2A2D, 0x21CC, 0x114A, 0x116B, 0x21CD, 0x2A0E, 0x220E, 0x21ED, 0x19CC, 0x19EC, 0x220D, 0x2A0D, 0x2A0D, // 0x2E40 (11840) pixels
    0x21CC, 0x218C, 0x21CE, 0x21EE, 0x21CE, 0x3250, 0x322E, 0x196B, 0x0023, 0x0005, 0x53B5, 0x5BF5, 0x10E8, 0x114C, 0x443C, 0x3C7F, // 0x2E50 (11856) pixels
    0x449D, 0x659F, 0x6DBF, 0x3B96, 0x118C, 0x10C7, 0x0822, 0x0000, 0x0000, 0x0000, 0x0000, 0x0000, 0x0000, 0x0000, 0x0000, 0x0000, // 0x2E60 (11872) pixels
    0x0000, 0x0000, 0x0000, 0x0000, 0x0000, 0x0000, 0x0000, 0x0000, 0x0000, 0x0000, 0x0000, 0x0000, 0x0000, 0x0000, 0x0000, 0x0000, // 0x2E70 (11888) pixels
    0x0000, 0x0000, 0x0000, 0x0000, 0x0000, 0x0001, 0x0002, 0x2A0A, 0x5C99, 0x651A, 0x7DFB, 0x9F5E, 0xB7FF, 0xAFFF, 0xA7BE, 0xAFFF, // 0x2E80 (11904) pixels
    0xAF7F, 0x5474, 0x098A, 0x092A, 0x196C, 0x114B, 0x19AD, 0x19CD, 0x29CD, 0x21AC, 0x21ED, 0x19AC, 0x114B, 0x196B, 0x21AC, 0x29CD, // 0x2E90 (11920) pixels
    0x21CD, 0x2A0E, 0x19AC, 0x118B, 0x220D, 0x220C, 0x118A, 0x11AB, 0x21CB, 0x21AC, 0x218D, 0x216D, 0x1909, 0x0044, 0x00E9, 0x2A73, // 0x2EA0 (11936) pixels
    0x2232, 0x19D0, 0x08EB, 0x0048, 0x0026, 0x0046, 0x10E8, 0x216A, 0x21CC, 0x21CD, 0x29ED, 0x2A0E, 0x29EE, 0x21CD, 0x29ED, 0x2A0E, // 0x2EB0 (11952) pixels
    0x39ED, 0x29AC, 0x192A, 0x08E9, 0x08C8, 0x08A8, 0x10C9, 0x292B, 0x10A7, 0x10C8, 0x10E9, 0x112A, 0x112B, 0x29AC, 0x1929, 0x0025, // 0x2EC0 (11968) pixels
    0x0083, 0x4311, 0x965F, 0x6497, 0x08C6, 0x00A8, 0x2AF4, 0x2317, 0x2B37, 0x43FA, 0x4C1A, 0x11CE, 0x0004, 0x0800, 0x0800, 0x0800, // 0x2ED0 (11984) pixels
    0x0000, 0x0000, 0x0000, 0x0000, 0x0000, 0x0000, 0x0000, 0x0000, 0x0000, 0x0000, 0x0000, 0x0000, 0x0000, 0x0000, 0x0000, 0x0000, // 0x2EE0 (12000) pixels
    0x0000, 0x0000, 0x0000, 0x0000, 0x0000, 0x0000, 0x0000, 0x0000, 0x0000, 0x0000, 0x0000, 0x0000, 0x0000, 0x0001, 0x0001, 0x08A4, // 0x2EF0 (12016) pixels
    0x08CA, 0x010A, 0x2A8E, 0x7D78, 0xAF5E, 0xAFBE, 0xAFFF, 0xAFFF, 0xA7BF, 0x7DF9, 0x43D2, 0x3B31, 0x32AF, 0x21ED, 0x19EE, 0x11AD, // 0x2F00 (12032) pixels
    0x114A, 0x116B, 0x4311, 0x4B72, 0x2A6F, 0x222D, 0x220D, 0x198B, 0x00E9, 0x220D, 0x4B92, 0x5414, 0x6CD7, 0x6CF7, 0x3B71, 0x1A4D, // 0x2F10 (12048) pixels
    0x11CB, 0x196D, 0x10CB, 0x1087, 0x0886, 0x00A7, 0x1A71, 0x655E, 0x5D7F, 0x5D5D, 0x5CDA, 0x4BB4, 0x198A, 0x0003, 0x0003, 0x18C6, // 0x2F20 (12064) pixels
    0x194B, 0x216C, 0x218D, 0x218E, 0x29AE, 0x31EF, 0x31EE, 0x29AD, 0x2929, 0x0866, 0x0004, 0x0046, 0x08C9, 0x0068, 0x0007, 0x0007, // 0x2F30 (12080) pixels
    0x0003, 0x0003, 0x0004, 0x0886, 0x0886, 0x0044, 0x0002, 0x0064, 0x4C11, 0x865E, 0x759D, 0x1A2D, 0x0042, 0x0001, 0x10A6, 0x00E9, // 0x2F40 (12096) pixels
    0x00C8, 0x114B, 0x19CC, 0x00C6, 0x0000, 0x0800, 0x0000, 0x0040, 0x0000, 0x0000, 0x0000, 0x0000, 0x0000, 0x0000, 0x0000, 0x0000, // 0x2F50 (12112) pixels
    0x0000, 0x0000, 0x0000, 0x0000, 0x0000, 0x0000, 0x0000, 0x0000, 0x0000, 0x0000, 0x0000, 0x0000, 0x0000, 0x0000, 0x0000, 0x0000, // 0x2F60 (12128) pixels
    0x0020, 0x0000, 0x0000, 0x0000, 0x0000, 0x0020, 0x0000, 0x0000, 0x0001, 0x0001, 0x0083, 0x3249, 0x4B8F, 0x64F5, 0x96DD, 0x9F7F, // 0x2F70 (12144) pixels
    0xA7BF, 0xA79F, 0x9EFE, 0x967C, 0x85DA, 0x7518, 0x5C76, 0x3B72, 0x1A4D, 0x2ACF, 0x7D79, 0x9E9D, 0x859A, 0x6CF7, 0x5C55, 0x4371, // 0x2F80 (12160) pixels
    0x224D, 0x4371, 0x965C, 0xAF5F, 0xA73F, 0xB79F, 0x8E5C, 0x5CB6, 0x3B56, 0x21EF, 0x0045, 0x0003, 0x08EA, 0x22B5, 0x5D1C, 0x8F5F, // 0x2F90 (12176) pixels
    0x877F, 0x8F7F, 0x9F9F, 0x96BD, 0x3B4F, 0x0044, 0x0002, 0x0824, 0x0066, 0x08A8, 0x10C9, 0x10CA, 0x190B, 0x214B, 0x190A, 0x08A8, // 0x2FA0 (12192) pixels
    0x0003, 0x00A5, 0x19EA, 0x3B50, 0x5414, 0x4353, 0x222F, 0x198D, 0x19A9, 0x1107, 0x0002, 0x0003, 0x0002, 0x0002, 0x08C5, 0x42CC, // 0x2FB0 (12208) pixels
    0x975E, 0x86DF, 0x2AF2, 0x0023, 0x0040, 0x0020, 0x0800, 0x0001, 0x0000, 0x0000, 0x0042, 0x0000, 0x0000, 0x0000, 0x0020, 0x0020, // 0x2FC0 (12224) pixels
    0x0000, 0x0000, 0x0000, 0x0000, 0x0000, 0x0000, 0x0000, 0x0000, 0x0000, 0x0000, 0x0000, 0x0000, 0x0000, 0x0000, 0x0000, 0x0000, // 0x2FD0 (12240) pixels
    0x0000, 0x0000, 0x0000, 0x0000, 0x0000, 0x0000, 0x0000, 0x0000, 0x0000, 0x0000, 0x0000, 0x0000, 0x0000, 0x0020, 0x0020, 0x0000, // 0x2FE0 (12256) pixels
    0x0000, 0x0000, 0x0000, 0x0020, 0x0042, 0x11CA, 0x64D9, 0x865F, 0x7E5F, 0x96FF, 0xA79F, 0xAFBF, 0xAFBF, 0xAF9F, 0xA73E, 0x8E7C, // 0x2FF0 (12272) pixels
    0x75B9, 0x75B9, 0xA73F, 0xB7DF, 0xA77F, 0xA75F, 0xA71E, 0x9EBD, 0x8E3A, 0x8E5B, 0xB7DF, 0xAFFF, 0x975F, 0xAFDF, 0xB7FF, 0xA75F, // 0x3000 (12288) pixels
    0x649D, 0x21CE, 0x0025, 0x08C9, 0x1A95, 0x54FF, 0x971F, 0xB7FF, 0xA7BF, 0x9FBF, 0xA7BF, 0xA75F, 0x6D16, 0x3B2F, 0x2A0C, 0x0045, // 0x3010 (12304) pixels
    0x0002, 0x0003, 0x0025, 0x0026, 0x0847, 0x0846, 0x0024, 0x0003, 0x0064, 0x4B4F, 0x8E1A, 0xA73F, 0x9F3F, 0x869E, 0x7DDC, 0x759B, // 0x3020 (12320) pixels
    0x85DA, 0x6C74, 0x1968, 0x0002, 0x0002, 0x29E9, 0x5C32, 0x85F8, 0x9FFF, 0x5CD9, 0x0109, 0x0001, 0x0000, 0x0000, 0x0000, 0x0800, // 0x3030 (12336) pixels
    0x0000, 0x0000, 0x0000, 0x0000, 0x0000, 0x0020, 0x0000, 0x0000, 0x0000, 0x0000, 0x0000, 0x0000, 0x0000, 0x0000, 0x0000, 0x0000, // 0x3040 (12352) pixels
    0x0000, 0x0000, 0x0000, 0x0000, 0x0000, 0x0000, 0x0000, 0x0000, 0x0000, 0x0000, 0x0000, 0x0000, 0x0000, 0x0000, 0x0000, 0x0000, // 0x3050 (12368) pixels
    0x0000, 0x0000, 0x0000, 0x0000, 0x0000, 0x0000, 0x0000, 0x0020, 0x0001, 0x0000, 0x0000, 0x0000, 0x0001, 0x00A7, 0x2AD2, 0x43D8, // 0x3060 (12384) pixels
    0x33D8, 0x5D3B, 0x971F, 0xAFFF, 0xAFFF, 0xA7DE, 0xAFDE, 0xAFFF, 0xAFDF, 0xA77F, 0xAFDF, 0xA7DF, 0xAFDF, 0xAFFF, 0xAFBF, 0xB7DF, // 0x3070 (12400) pixels
    0xB7BF, 0xAF9F, 0xA7DF, 0x873D, 0x661A, 0x55B9, 0x5D99, 0x6DDB, 0x3BB8, 0x00CA, 0x0089, 0x3AF7, 0x44DF, 0x665F, 0x9F9F, 0xBF9D, // 0x3080 (12416) pixels
    0xBF7F, 0xAF3F, 0xA73F, 0xAF7F, 0xAF5F, 0xBF7F, 0x95FB, 0x222C, 0x0021, 0x0001, 0x0003, 0x0004, 0x0004, 0x0003, 0x0002, 0x0042, // 0x3090 (12432) pixels
    0x3AAD, 0x8DB9, 0xBFDF, 0xAFDF, 0x9F9F, 0x9FBF, 0xA7BF, 0x9F7F, 0xB7FF, 0xA6FF, 0x4B70, 0x08A5, 0x0064, 0x7494, 0xBFBF, 0xAFFF, // 0x30A0 (12448) pixels
    0x6E7A, 0x222E, 0x0003, 0x0800, 0x0800, 0x0000, 0x0040, 0x0001, 0x0020, 0x0000, 0x0000, 0x0000, 0x0001, 0x0001, 0x0001, 0x1000, // 0x30B0 (12464) pixels
    0x0000, 0x0000, 0x0000, 0x0000, 0x0000, 0x0000, 0x0000, 0x0000, 0x0000, 0x0000, 0x0000, 0x0000, 0x0000, 0x0000, 0x0000, 0x0000, // 0x30C0 (12480) pixels
    0x0000, 0x0000, 0x0000, 0x0000, 0x0000, 0x0000, 0x0000, 0x0000, 0x0000, 0x0000, 0x0000, 0x0000, 0x0000, 0x0000, 0x0000, 0x0000, // 0x30D0 (12496) pixels
    0x0000, 0x0000, 0x0000, 0x0000, 0x0001, 0x0022, 0x1064, 0x18A5, 0x110B, 0x3AD3, 0x753D, 0x867F, 0x7EDF, 0x873F, 0x977F, 0xA7FF, // 0x30E0 (12512) pixels
    0xA7FF, 0x9F7F, 0x96DF, 0x9F1F, 0x9F7F, 0x979E, 0x9F9F, 0x971E, 0x8F5E, 0x9FDF, 0x6E3D, 0x551B, 0x43F8, 0x19EF, 0x10E9, 0x1086, // 0x30F0 (12528) pixels
    0x10EA, 0x1A12, 0x1317, 0x3CFD, 0x767F, 0x9F3F, 0xAFBF, 0xA79F, 0xA77F, 0x9F5F, 0xA77F, 0xA79F, 0xA77F, 0xAFBF, 0x9F3E, 0x5D77, // 0x3100 (12544) pixels
    0x222C, 0x00A7, 0x0003, 0x0003, 0x0803, 0x0002, 0x0023, 0x29CA, 0x7E19, 0xB7DF, 0xAFBF, 0xA79F, 0xA79F, 0xA79F, 0x9F9E, 0xA7BF, // 0x3110 (12560) pixels
    0xAFBF, 0x9F5F, 0x869F, 0x6538, 0x64F6, 0x969C, 0x973F, 0x6E5F, 0x42EF, 0x00A5, 0x0001, 0x0000, 0x0000, 0x0800, 0x0000, 0x0000, // 0x3120 (12576) pixels
    0x0000, 0x0000, 0x0000, 0x0000, 0x0000, 0x0000, 0x0000, 0x0000, 0x0000, 0x0000, 0x0000, 0x0000, 0x0000, 0x0000, 0x0000, 0x0000, // 0x3130 (12592) pixels
    0x0000, 0x0000, 0x0000, 0x0000, 0x0000, 0x0000, 0x0000, 0x0000, 0x0000, 0x0000, 0x0000, 0x0000, 0x0000, 0x0000, 0x0000, 0x0000, // 0x3140 (12608) pixels
    0x0000, 0x0000, 0x0000, 0x0000, 0x0000, 0x0000, 0x0000, 0x0000, 0x0000, 0x0000, 0x0000, 0x0000, 0x0000, 0x0001, 0x0001, 0x0002, // 0x3150 (12624) pixels
    0x0002, 0x08C6, 0x222D, 0x2AF1, 0x3394, 0x4C78, 0x6D5B, 0x8E3E, 0x86FF, 0x763F, 0x655D, 0x659F, 0x763F, 0x7E9F, 0x761E, 0x54D9, // 0x3160 (12640) pixels
    0x5CFB, 0x7DBE, 0x4BD6, 0x1A0D, 0x0928, 0x0023, 0x0003, 0x0064, 0x11B0, 0x3B79, 0x3C5C, 0x65BF, 0xA77F, 0xB7DF, 0xAFBE, 0xA79F, // 0x3170 (12656) pixels
    0xA79F, 0xA77F, 0xA79F, 0xA79F, 0xA77F, 0xA79F, 0xAFDF, 0x9F3E, 0x9E7D, 0x5C13, 0x21EA, 0x08C6, 0x0023, 0x0023, 0x222A, 0x7CF5, // 0x3180 (12672) pixels
    0xA77F, 0xB7FF, 0xA75F, 0x9F5F, 0xA75F, 0xA79F, 0xA79F, 0xA79F, 0x9F5F, 0x9F5E, 0xAFBE, 0xAFDF, 0xA7BF, 0x971F, 0x655C, 0x2B76, // 0x3190 (12688) pixels
    0x1127, 0x0002, 0x0001, 0x0000, 0x0000, 0x0000, 0x0000, 0x0021, 0x0000, 0x0000, 0x0000, 0x0000, 0x0000, 0x0000, 0x0000, 0x0000, // 0x31A0 (12704) pixels
    0x0000, 0x0000, 0x0000, 0x0000, 0x0000, 0x0000, 0x0000, 0x0000, 0x0000, 0x0000, 0x0000, 0x0000, 0x0000, 0x0000, 0x0000, 0x0000, // 0x31B0 (12720) pixels
    0x0000, 0x0000, 0x0000, 0x0000, 0x0000, 0x0000, 0x0000, 0x0000, 0x0000, 0x0000, 0x0000, 0x0000, 0x0000, 0x0000, 0x0000, 0x0000, // 0x31C0 (12736) pixels
    0x0000, 0x0000, 0x0000, 0x0000, 0x0000, 0x0000, 0x0000, 0x0000, 0x0000, 0x0000, 0x0042, 0x0064, 0x00A7, 0x092B, 0x21EE, 0x3A91, // 0x31D0 (12752) pixels
    0x3BD7, 0x3376, 0x2AF5, 0x3358, 0x4C5C, 0x5CFE, 0x43F8, 0x120F, 0x19CD, 0x3A90, 0x2149, 0x0001, 0x0000, 0x0000, 0x08E8, 0x3252, // 0x31E0 (12768) pixels
    0x3BBB, 0x4CBF, 0x44BE, 0x65BF, 0xAF7F, 0xB7DF, 0xA79E, 0xA7BF, 0xAFBF, 0xA79F, 0xA75E, 0xA77F, 0xA75F, 0xA75F, 0xAFBF, 0xAFBF, // 0x31F0 (12784) pixels
    0xB7DF, 0x9EFE, 0x85D9, 0x5C53, 0x2AAC, 0x22AC, 0x6D36, 0xBFFF, 0xB7DF, 0xAF9F, 0x9F3F, 0xA75F, 0xA75F, 0xA77F, 0xA75F, 0xA73F, // 0x3200 (12800) pixels
    0x9F5F, 0xAFBE, 0xB7FE, 0x979E, 0x76BF, 0x65FF, 0x3B97, 0x092C, 0x0022, 0x0001, 0x0020, 0x0000, 0x0000, 0x0020, 0x0000, 0x0000, // 0x3210 (12816) pixels
    0x0000, 0x0000, 0x0000, 0x0000, 0x0000, 0x0000, 0x0000, 0x0000, 0x0000, 0x0000, 0x0000, 0x0000, 0x0000, 0x0000, 0x0000, 0x0000, // 0x3220 (12832) pixels
    0x0000, 0x0000, 0x0000, 0x0000, 0x0000, 0x0000, 0x0000, 0x0000, 0x0000, 0x0000, 0x0000, 0x0000, 0x0000, 0x0000, 0x0000, 0x0000, // 0x3230 (12848) pixels
    0x0000, 0x0000, 0x0000, 0x0000, 0x0000, 0x0000, 0x0000, 0x0000, 0x0000, 0x0000, 0x0000, 0x0000, 0x0000, 0x0000, 0x0000, 0x0000, // 0x3240 (12864) pixels
    0x0020, 0x0000, 0x0000, 0x0001, 0x0002, 0x0002, 0x0003, 0x0044, 0x00C7, 0x00C7, 0x00E8, 0x094B, 0x2210, 0x32B2, 0x21EC, 0x0064, // 0x3250 (12880) pixels
    0x0020, 0x0862, 0x0801, 0x0800, 0x0820, 0x0021, 0x190B, 0x4AD8, 0x3C3E, 0x44DF, 0x347E, 0x3CBD, 0x6DBE, 0x863E, 0x869F, 0x8EDF, // 0x3260 (12896) pixels
    0xA75F, 0xA79F, 0xA75F, 0xA75F, 0xA77F, 0xA75F, 0xA77F, 0xA77F, 0x9F7F, 0xAFDF, 0xBFFF, 0xB79F, 0x9EDC, 0x969B, 0xA77E, 0xAFDF, // 0x3270 (12912) pixels
    0xA79F, 0xA75F, 0xA77F, 0xAF9F, 0xA73E, 0xA77F, 0xA75F, 0xB7BF, 0xAFDF, 0xA79F, 0x977F, 0x6E5F, 0x451D, 0x3C3A, 0x224F, 0x0003, // 0x3280 (12928) pixels
    0x0000, 0x0000, 0x0020, 0x0000, 0x0000, 0x0020, 0x0000, 0x0000, 0x0000, 0x0000, 0x0000, 0x0000, 0x0000, 0x0000, 0x0000, 0x0000, // 0x3290 (12944) pixels
    0x0000, 0x0000, 0x0000, 0x0000, 0x0000, 0x0000, 0x0000, 0x0000, 0x0000, 0x0000, 0x0000, 0x0000, 0x0000, 0x0000, 0x0000, 0x0000, // 0x32A0 (12960) pixels
    0x0000, 0x0000, 0x0000, 0x0000, 0x0000, 0x0000, 0x0000, 0x0000, 0x0000, 0x0000, 0x0000, 0x0000, 0x0000, 0x0000, 0x0000, 0x0000, // 0x32B0 (12976) pixels
    0x0020, 0x0000, 0x0000, 0x0000, 0x0000, 0x0000, 0x0000, 0x0000, 0x0000, 0x0000, 0x0000, 0x0000, 0x0000, 0x0000, 0x0000, 0x0000, // 0x32C0 (12992) pixels
    0x0000, 0x0000, 0x0000, 0x0001, 0x0064, 0x08C5, 0x1082, 0x0800, 0x0000, 0x0000, 0x0001, 0x0000, 0x0020, 0x0020, 0x0023, 0x190B, // 0x32D0 (13008) pixels
    0x2337, 0x44BE, 0x451F, 0x2CBF, 0x2C7E, 0x3C9D, 0x4CDE, 0x4CDD, 0x8EDE, 0xAFBF, 0xAFBF, 0xA77F, 0xA77F, 0x9F5F, 0xA77F, 0x9F7E, // 0x32E0 (13024) pixels
    0x9F5F, 0x9F7F, 0xAF9F, 0xBFDF, 0xBFDF, 0xB7DF, 0xAFBF, 0x973E, 0xA75F, 0xA75F, 0xA77F, 0xA77E, 0x9F3D, 0xA79E, 0xA77E, 0xB7DF, // 0x32F0 (13040) pixels
    0xA73F, 0x65BD, 0x4D7F, 0x4D3F, 0x3BB9, 0x222F, 0x10E6, 0x0000, 0x0000, 0x0000, 0x0000, 0x0000, 0x0000, 0x0020, 0x0000, 0x0000, // 0x3300 (13056) pixels
    0x0000, 0x0000, 0x0000, 0x0000, 0x0000, 0x0000, 0x0000, 0x0000, 0x0000, 0x0000, 0x0000, 0x0000, 0x0000, 0x0000, 0x0000, 0x0000, // 0x3310 (13072) pixels
    0x0000, 0x0000, 0x0000, 0x0000, 0x0000, 0x0000, 0x0000, 0x0000, 0x0000, 0x0000, 0x0000, 0x0000, 0x0000, 0x0000, 0x0000, 0x0000, // 0x3320 (13088) pixels
    0x0000, 0x0000, 0x0000, 0x0000, 0x0000, 0x0000, 0x0000, 0x0000, 0x0000, 0x0000, 0x0000, 0x0000, 0x0000, 0x0000, 0x0000, 0x0000, // 0x3330 (13104) pixels
    0x0020, 0x0020, 0x0000, 0x0000, 0x0000, 0x0000, 0x0000, 0x0000, 0x0020, 0x0000, 0x0000, 0x0000, 0x0000, 0x0001, 0x0000, 0x0800, // 0x3340 (13120) pixels
    0x0000, 0x0000, 0x0002, 0x0001, 0x0020, 0x0020, 0x0020, 0x0001, 0x09AD, 0x3BB6, 0x4CBD, 0x347F, 0x347F, 0x343F, 0x2BFE, 0x341D, // 0x3350 (13136) pixels
    0x7E3C, 0x9F7F, 0xAFBF, 0xA79F, 0xA7BF, 0xA7BF, 0xA7BE, 0x9F9D, 0x9F5F, 0xA75F, 0xA75F, 0xA75E, 0x9F1E, 0x9F1E, 0xA77F, 0xA77F, // 0x3360 (13152) pixels
    0xA75F, 0xA77F, 0xA79F, 0xA79F, 0xA79F, 0xAFDF, 0x8EFE, 0x869E, 0x861F, 0x4CDE, 0x3C7F, 0x3399, 0x096C, 0x0022, 0x0000, 0x0000, // 0x3370 (13168) pixels
    0x0000, 0x0000, 0x0000, 0x0000, 0x0000, 0x0000, 0x0000, 0x0020, 0x0000, 0x0000, 0x0000, 0x0000, 0x0000, 0x0000, 0x0000, 0x0000, // 0x3380 (13184) pixels
    0x0000, 0x0000, 0x0000, 0x0000, 0x0000, 0x0000, 0x0000, 0x0000, 0x0000, 0x0000, 0x0000, 0x0000, 0x0000, 0x0000, 0x0000, 0x0000, // 0x3390 (13200) pixels
    0x0000, 0x0000, 0x0000, 0x0000, 0x0000, 0x0000, 0x0000, 0x0000, 0x0000, 0x0000, 0x0000, 0x0000, 0x0000, 0x0000, 0x0000, 0x0000, // 0x33A0 (13216) pixels
    0x0000, 0x0000, 0x0000, 0x0000, 0x0000, 0x0000, 0x0000, 0x0000, 0x0000, 0x0020, 0x0000, 0x0000, 0x0000, 0x0000, 0x0000, 0x0000, // 0x33B0 (13232) pixels
    0x0040, 0x0000, 0x0801, 0x0001, 0x0000, 0x0020, 0x0000, 0x0001, 0x0000, 0x0000, 0x0000, 0x0000, 0x0000, 0x0020, 0x0020, 0x0000, // 0x33C0 (13248) pixels
    0x0023, 0x1149, 0x11ED, 0x22B3, 0x443C, 0x4C9F, 0x345F, 0x349F, 0x5D3D, 0x75FF, 0x7E3F, 0x86BF, 0x973F, 0x9F7F, 0x9F9F, 0x9F9F, // 0x33D0 (13264) pixels
    0xAFBF, 0xAFBF, 0xAFBF, 0xA77F, 0xA77F, 0xA7BF, 0x9F7F, 0x9F7F, 0xA75F, 0xAF9F, 0xA79F, 0xA77F, 0x9F7F, 0x975F, 0x6E1F, 0x4D3D, // 0x33E0 (13280) pixels
    0x4CDF, 0x3C1B, 0x3B76, 0x21EC, 0x0063, 0x0000, 0x0020, 0x0020, 0x0000, 0x0000, 0x0000, 0x0021, 0x0000, 0x0000, 0x0000, 0x0000, // 0x33F0 (13296) pixels
    0x0000, 0x0000, 0x0000, 0x0000, 0x0000, 0x0000, 0x0000, 0x0000, 0x0000, 0x0000, 0x0000, 0x0000, 0x0000, 0x0000, 0x0000, 0x0000, // 0x3400 (13312) pixels
    0x0000, 0x0000, 0x0000, 0x0000, 0x0000, 0x0000, 0x0000, 0x0000, 0x0000, 0x0000, 0x0000, 0x0000, 0x0000, 0x0000, 0x0000, 0x0000, // 0x3410 (13328) pixels
    0x0000, 0x0000, 0x0000, 0x0000, 0x0000, 0x0000, 0x0000, 0x0000, 0x0000, 0x0000, 0x0000, 0x0000, 0x0000, 0x0000, 0x0000, 0x0000, // 0x3420 (13344) pixels
    0x0000, 0x0000, 0x0000, 0x0000, 0x0000, 0x0000, 0x0820, 0x0000, 0x0020, 0x0000, 0x0001, 0x0000, 0x0000, 0x0020, 0x0000, 0x0002, // 0x3430 (13360) pixels
    0x0001, 0x0000, 0x0000, 0x0800, 0x0800, 0x0000, 0x0000, 0x0020, 0x0000, 0x0001, 0x0002, 0x08E8, 0x4355, 0x5CDE, 0x44DF, 0x34DF, // 0x3440 (13376) pixels
    0x3C3D, 0x445D, 0x3C5C, 0x54FD, 0x659D, 0x6DDD, 0x765D, 0x86DE, 0x973E, 0x9F5F, 0xA79F, 0xA79F, 0xA7BF, 0xA7DF, 0x9F7F, 0x9F9F, // 0x3450 (13392) pixels
    0xAF5F, 0xA75F, 0x96DE, 0x7E7D, 0x65DD, 0x5DBF, 0x44FF, 0x345E, 0x347E, 0x1272, 0x00C6, 0x0021, 0x0020, 0x0000, 0x0000, 0x0000, // 0x3460 (13408) pixels
    0x0000, 0x0000, 0x0000, 0x0000, 0x0000, 0x0000, 0x0000, 0x0000, 0x0000, 0x0000, 0x0000, 0x0000, 0x0000, 0x0000, 0x0000, 0x0000, // 0x3470 (13424) pixels
    0x0000, 0x0000, 0x0000, 0x0000, 0x0000, 0x0000, 0x0000, 0x0000, 0x0000, 0x0000, 0x0000, 0x0000, 0x0000, 0x0000, 0x0000, 0x0000, // 0x3480 (13440) pixels
    0x0000, 0x0000, 0x0000, 0x0000, 0x0000, 0x0000, 0x0000, 0x0000, 0x0000, 0x0000, 0x0000, 0x0000, 0x0000, 0x0000, 0x0000, 0x0000, // 0x3490 (13456) pixels
    0x0000, 0x0000, 0x0000, 0x0000, 0x0000, 0x0000, 0x0000, 0x0000, 0x0000, 0x0000, 0x0000, 0x0000, 0x0000, 0x0000, 0x0000, 0x0000, // 0x34A0 (13472) pixels
    0x0000, 0x0000, 0x0000, 0x0000, 0x0000, 0x0000, 0x0000, 0x0000, 0x0000, 0x0000, 0x0000, 0x0000, 0x0000, 0x0000, 0x0000, 0x0000, // 0x34B0 (13488) pixels
    0x0000, 0x0000, 0x0000, 0x00A4, 0x220C, 0x2AB1, 0x32F5, 0x439A, 0x3C3F, 0x3C3E, 0x3C3E, 0x3C1D, 0x3C3C, 0x3C5C, 0x4CBD, 0x54FE, // 0x34C0 (13504) pixels
    0x555D, 0x65DD, 0x7E5D, 0x8EDE, 0x971E, 0x8EDE, 0x7E7E, 0x7E9F, 0x663D, 0x665F, 0x4D9F, 0x2C9F, 0x347F, 0x4C9F, 0x4BBA, 0x2A74, // 0x34D0 (13520) pixels
    0x31AB, 0x10C6, 0x0001, 0x0000, 0x0000, 0x0000, 0x0000, 0x0000, 0x0000, 0x0000, 0x0000, 0x0000, 0x0000, 0x0000, 0x0000, 0x0000, // 0x34E0 (13536) pixels
    0x0000, 0x0000, 0x0000, 0x0000, 0x0000, 0x0000, 0x0000, 0x0000, 0x0000, 0x0000, 0x0000, 0x0000, 0x0000, 0x0000, 0x0000, 0x0000, // 0x34F0 (13552) pixels
    0x0000, 0x0000, 0x0000, 0x0000, 0x0000, 0x0000, 0x0000, 0x0000, 0x0000, 0x0000, 0x0000, 0x0000, 0x0000, 0x0000, 0x0000, 0x0000, // 0x3500 (13568) pixels
    0x0000, 0x0000, 0x0000, 0x0000, 0x0000, 0x0000, 0x0000, 0x0000, 0x0000, 0x0000, 0x0000, 0x0000, 0x0000, 0x0000, 0x0000, 0x0000, // 0x3510 (13584) pixels
    0x0000, 0x0000, 0x0000, 0x0000, 0x0000, 0x0000, 0x0000, 0x0000, 0x0000, 0x0000, 0x0000, 0x0000, 0x0000, 0x0000, 0x0000, 0x0000, // 0x3520 (13600) pixels
    0x0000, 0x0000, 0x0000, 0x0000, 0x0000, 0x0000, 0x0000, 0x0000, 0x0000, 0x0000, 0x0000, 0x0021, 0x0084, 0x0086, 0x00EA, 0x19AE, // 0x3530 (13616) pixels
    0x443D, 0x445D, 0x447E, 0x447F, 0x3C5E, 0x343E, 0x343E, 0x2C3F, 0x3C7E, 0x3C9E, 0x44BD, 0x4CFD, 0x553D, 0x551D, 0x4D1E, 0x4CFE, // 0x3540 (13632) pixels
    0x4C7B, 0x445B, 0x447D, 0x4C7E, 0x3BB9, 0x2292, 0x118B, 0x00A5, 0x0044, 0x0002, 0x0000, 0x0020, 0x0020, 0x0000, 0x0000, 0x0000, // 0x3550 (13648) pixels
    0x0000, 0x0000, 0x0000, 0x0000, 0x0000, 0x0000, 0x0000, 0x0000, 0x0000, 0x0000, 0x0000, 0x0000, 0x0000, 0x0000, 0x0000, 0x0000, // 0x3560 (13664) pixels
    0x0000, 0x0000, 0x0000, 0x0000, 0x0000, 0x0000, 0x0000, 0x0000, 0x0000, 0x0000, 0x0000, 0x0000, 0x0000, 0x0000, 0x0000, 0x0000, // 0x3570 (13680) pixels
    0x0000, 0x0000, 0x0000, 0x0000, 0x0000, 0x0000, 0x0000, 0x0000, 0x0000, 0x0000, 0x0000, 0x0000, 0x0000, 0x0000, 0x0000, 0x0000, // 0x3580 (13696) pixels
    0x0000, 0x0000, 0x0000, 0x0000, 0x0000, 0x0000, 0x0000, 0x0000, 0x0000, 0x0000, 0x0000, 0x0000, 0x0000, 0x0000, 0x0000, 0x0000, // 0x3590 (13712) pixels
    0x0000, 0x0000, 0x0000, 0x0000, 0x0000, 0x0000, 0x0000, 0x0000, 0x0000, 0x0000, 0x0000, 0x0000, 0x0000, 0x0000, 0x0000, 0x0000, // 0x35A0 (13728) pixels
    0x0000, 0x0000, 0x0000, 0x0000, 0x0000, 0x0000, 0x0002, 0x1085, 0x1A50, 0x2292, 0x2B15, 0x3B99, 0x3BDB, 0x3C1E, 0x3C5F, 0x447F, // 0x35B0 (13744) pixels
    0x3C3F, 0x3C3F, 0x3C3E, 0x449F, 0x449F, 0x3C3E, 0x447E, 0x447E, 0x3AD5, 0x1A12, 0x2A73, 0x4315, 0x2A0E, 0x00A6, 0x0020, 0x0000, // 0x35C0 (13760) pixels
    0x0001, 0x0000, 0x0000, 0x0020, 0x0000, 0x0000, 0x0000, 0x0801, 0x0000, 0x0000, 0x0000, 0x0000, 0x0000, 0x0000, 0x0000, 0x0000, // 0x35D0 (13776) pixels
    0x0000, 0x0000, 0x0000, 0x0000, 0x0000, 0x0000, 0x0000, 0x0000, 0x0000, 0x0000, 0x0000, 0x0000, 0x0000, 0x0000, 0x0000, 0x0000, // 0x35E0 (13792) pixels
    0x0000, 0x0000, 0x0000, 0x0000, 0x0000, 0x0000, 0x0000, 0x0000, 0x0000, 0x0000, 0x0000, 0x0000, 0x0000, 0x0000, 0x0000, 0x0000, // 0x35F0 (13808) pixels
    0x0000, 0x0000, 0x0000, 0x0000, 0x0000, 0x0000, 0x0000, 0x0000, 0x0000, 0x0000, 0x0000, 0x0000, 0x0000, 0x0000, 0x0000, 0x0000, // 0x3600 (13824) pixels
    0x0000, 0x0000, 0x0000, 0x0000, 0x0000, 0x0000, 0x0000, 0x0000, 0x0000, 0x0000, 0x0000, 0x0000, 0x0000, 0x0000, 0x0000, 0x0000, // 0x3610 (13840) pixels
    0x0000, 0x0000, 0x0000, 0x0000, 0x0000, 0x0000, 0x0000, 0x0000, 0x0800, 0x0000, 0x0000, 0x0000, 0x0820, 0x0000, 0x0000, 0x0800, // 0x3620 (13856) pixels
    0x0022, 0x0084, 0x08E7, 0x114A, 0x19AE, 0x2252, 0x32F6, 0x3B58, 0x2AF5, 0x2AF5, 0x2B37, 0x441B, 0x3BB9, 0x22F5, 0x3356, 0x3B76, // 0x3630 (13872) pixels
    0x1949, 0x0065, 0x0065, 0x10C7, 0x0843, 0x0001, 0x0000, 0x0800, 0x0020, 0x0020, 0x0020, 0x0000, 0x0000, 0x0000, 0x0000, 0x0001, // 0x3640 (13888) pixels
    0x0000, 0x0000, 0x0000, 0x0000, 0x0000, 0x0000, 0x0000, 0x0000, 0x0000, 0x0000, 0x0000, 0x0000, 0x0000, 0x0000, 0x0000, 0x0000, // 0x3650 (13904) pixels
    0x0000, 0x0000, 0x0000, 0x0000, 0x0000, 0x0000, 0x0000, 0x0000, 0x0000, 0x0000, 0x0000, 0x0000, 0x0000, 0x0000, 0x0000, 0x0000, // 0x3660 (13920) pixels
    0x0000, 0x0000, 0x0000, 0x0000, 0x0000, 0x0000, 0x0000, 0x0000, 0x0000, 0x0000, 0x0000, 0x0000, 0x0000, 0x0000, 0x0000, 0x0000, // 0x3670 (13936) pixels
    0x0000, 0x0000, 0x0000, 0x0000, 0x0000, 0x0000, 0x0000, 0x0000, 0x0000, 0x0000, 0x0000, 0x0000, 0x0000, 0x0000, 0x0000, 0x0000, // 0x3680 (13952) pixels
    0x0000, 0x0000, 0x0000, 0x0000, 0x0000, 0x0000, 0x0000, 0x0000, 0x0000, 0x0000, 0x0000, 0x0000, 0x0000, 0x0000, 0x0000, 0x0000, // 0x3690 (13968) pixels
    0x0000, 0x0000, 0x0000, 0x0000, 0x0000, 0x0000, 0x0000, 0x0000, 0x0000, 0x0000, 0x0000, 0x0000, 0x0002, 0x0044, 0x08C7, 0x1908, // 0x36A0 (13984) pixels
    0x00A5, 0x00C6, 0x0908, 0x21CC, 0x116B, 0x00A6, 0x0907, 0x1126, 0x0040, 0x0020, 0x0000, 0x0000, 0x0000, 0x0000, 0x0000, 0x0000, // 0x36B0 (14000) pixels
    0x0000, 0x0000, 0x0000, 0x0000, 0x0000, 0x0000, 0x0000, 0x0000, 0x0000, 0x0000, 0x0000, 0x0000, 0x0000, 0x0000, 0x0000, 0x0000, // 0x36C0 (14016) pixels
    0x0000, 0x0000, 0x0000, 0x0000, 0x0000, 0x0000, 0x0000, 0x0000, 0x0000, 0x0000, 0x0000, 0x0000, 0x0000, 0x0000, 0x0000, 0x0000, // 0x36D0 (14032) pixels
    0x0000, 0x0000, 0x0000, 0x0000, 0x0000, 0x0000, 0x0000, 0x0000, 0x0000, 0x0000, 0x0000, 0x0000, 0x0000, 0x0000, 0x0000, 0x0000, // 0x36E0 (14048) pixels
    0x0000, 0x0000, 0x0000, 0x0000, 0x0000, 0x0000, 0x0000, 0x0000, 0x0000, 0x0000, 0x0000, 0x0000, 0x0000, 0x0000, 0x0000, 0x0000, // 0x36F0 (14064) pixels
    0x0000, 0x0000, 0x0000, 0x0000, 0x0000, 0x0000, 0x0000, 0x0000, 0x0000, 0x0000, 0x0000, 0x0000, 0x0000, 0x0000, 0x0000, 0x0000, // 0x3700 (14080) pixels
    0x0000, 0x0000, 0x0000, 0x0000, 0x0000, 0x0000, 0x0000, 0x0000, 0x0000, 0x0000, 0x0000, 0x0000, 0x0000, 0x0000, 0x0020, 0x0021, // 0x3710 (14096) pixels
    0x0020, 0x0020, 0x0020, 0x0000, 0x0000, 0x0000, 0x0000, 0x0020, 0x0000, 0x0000, 0x0000, 0x0021, 0x0001, 0x0000, 0x0000, 0x0000, // 0x3720 (14112) pixels
    0x0000, 0x0020, 0x0020, 0x0000, 0x0020, 0x0020, 0x0000, 0x0000, 0x0000, 0x0000, 0x0000, 0x0000, 0x0000, 0x0000, 0x0000, 0x0000, // 0x3730 (14128) pixels
    0x0000, 0x0000, 0x0000, 0x0000, 0x0000, 0x0000, 0x0000, 0x0000, 0x0000, 0x0000, 0x0000, 0x0000, 0x0000, 0x0000, 0x0000, 0x0000, // 0x3740 (14144) pixels
    0x0000, 0x0000, 0x0000, 0x0000, 0x0000, 0x0000, 0x0000, 0x0000, 0x0000, 0x0000, 0x0000, 0x0000, 0x0000, 0x0000, 0x0000, 0x0000, // 0x3750 (14160) pixels
    0x0000, 0x0000, 0x0000, 0x0000, 0x0000, 0x0000, 0x0000, 0x0000, 0x0000, 0x0000, 0x0000, 0x0000, 0x0000, 0x0000, 0x0000, 0x0000, // 0x3760 (14176) pixels
    0x0000, 0x0000, 0x0000, 0x0000, 0x0000, 0x0000, 0x0000, 0x0000, 0x0000, 0x0000, 0x0000, 0x0000, 0x0000, 0x0000, 0x0000, 0x0000, // 0x3770 (14192) pixels
    0x0000, 0x0000, 0x0000, 0x0000, 0x0000, 0x0000, 0x0000, 0x0000, 0x0000, 0x0000, 0x0000, 0x0000, 0x0000, 0x0000, 0x0000, 0x0000, // 0x3780 (14208) pixels
    0x0021, 0x0020, 0x0000, 0x0000, 0x0000, 0x0000, 0x0000, 0x0000, 0x0000, 0x0000, 0x0000, 0x0000, 0x0000, 0x0000, 0x0000, 0x0000, // 0x3790 (14224) pixels
    0x0000, 0x0820, 0x0000, 0x0000, 0x0000, 0x0000, 0x0000, 0x0000, 0x0000, 0x0001, 0x0000, 0x0000, 0x0000, 0x0000, 0x0000, 0x0000, // 0x37A0 (14240) pixels
    0x0000, 0x0000, 0x0000, 0x0000, 0x0000, 0x0000, 0x0000, 0x0020, 0x0000, 0x0000, 0x0000, 0x0000, 0x0000, 0x0000, 0x0000, 0x0000, // 0x37B0 (14256) pixels
    0x0000, 0x0000, 0x0000, 0x0000, 0x0000, 0x0000, 0x0000, 0x0000, 0x0000, 0x0000, 0x0000, 0x0000, 0x0000, 0x0000, 0x0000, 0x0000, // 0x37C0 (14272) pixels
    0x0000, 0x0000, 0x0000, 0x0000, 0x0000, 0x0000, 0x0000, 0x0000, 0x0000, 0x0000, 0x0000, 0x0000, 0x0000, 0x0000, 0x0000, 0x0000, // 0x37D0 (14288) pixels
    0x0000, 0x0000, 0x0000, 0x0000, 0x0000, 0x0000, 0x0000, 0x0000, 0x0000, 0x0000, 0x0000, 0x0000, 0x0000, 0x0000, 0x0000, 0x0000, // 0x37E0 (14304) pixels
    0x0000, 0x0000, 0x0000, 0x0000, 0x0000, 0x0000, 0x0000, 0x0000, 0x0000, 0x0000, 0x0000, 0x0000, 0x0000, 0x0000, 0x0000, 0x0000, // 0x37F0 (14320) pixels
    0x0000, 0x0000, 0x0000, 0x0000, 0x0000, 0x0000, 0x0000, 0x0000, 0x0000, 0x0000, 0x0000, 0x0000, 0x0000, 0x0000, 0x0000, 0x0000, // 0x3800 (14336) pixels
    0x0000, 0x0000, 0x0000, 0x0000, 0x0000, 0x0000, 0x0000, 0x0000, 0x0000, 0x0020, 0x0020, 0x0000, 0x0000, 0x0000, 0x0000, 0x0021, // 0x3810 (14352) pixels
    0x0000, 0x0000, 0x0000, 0x0000, 0x0001, 0x0001, 0x0000, 0x0000, 0x0000, 0x0000, 0x0000, 0x0000, 0x0000, 0x0000, 0x0000, 0x0000, // 0x3820 (14368) pixels
    0x0000, 0x0000, 0x0000, 0x0000, 0x0000, 0x0000, 0x0000, 0x0000, 0x0000, 0x0000, 0x0000, 0x0000, 0x0000, 0x0000, 0x0000, 0x0000, // 0x3830 (14384) pixels
    0x0000, 0x0000, 0x0000, 0x0000, 0x0000, 0x0000, 0x0000, 0x0000, 0x0000, 0x0000, 0x0000, 0x0000, 0x0000, 0x0000, 0x0000, 0x0000, // 0x3840 (14400) pixels
    0x0000, 0x0000, 0x0000, 0x0000, 0x0000, 0x0000, 0x0000, 0x0000, 0x0000, 0x0000, 0x0000, 0x0000, 0x0000, 0x0000, 0x0000, 0x0000, // 0x3850 (14416) pixels
    0x0000, 0x0000, 0x0000, 0x0000, 0x0000, 0x0000, 0x0000, 0x0000, 0x0000, 0x0000, 0x0000, 0x0000, 0x0000, 0x0000, 0x0000, 0x0000, // 0x3860 (14432) pixels
    0x0000, 0x0000, 0x0000, 0x0000, 0x0000, 0x0000, 0x0000, 0x0000, 0x0000, 0x0000, 0x0000, 0x0000, 0x0000, 0x0000, 0x0000, 0x0000, // 0x3870 (14448) pixels
    0x0000, 0x0000, 0x0000, 0x0000, 0x0000, 0x0000, 0x0000, 0x0000, 0x0000, 0x0000, 0x0000, 0x0000, 0x0000, 0x0000, 0x0000, 0x0000, // 0x3880 (14464) pixels
    0x0000, 0x0000, 0x0000, 0x0000, 0x0000, 0x0000, 0x0000, 0x0000, 0x0000, 0x0000, 0x0000, 0x0000, 0x0000, 0x0000, 0x0000, 0x0000, // 0x3890 (14480) pixels
    0x0000, 0x0000, 0x0000, 0x0000, 0x0000, 0x0000, 0x0000, 0x0000, 0x0000, 0x0000, 0x0000, 0x0000, 0x0000, 0x0000, 0x0000, 0x0000, // 0x38A0 (14496) pixels
    0x0000, 0x0000, 0x0000, 0x0000, 0x0000, 0x0000, 0x0000, 0x0000, 0x0000, 0x0000, 0x0000, 0x0000, 0x0000, 0x0000, 0x0000, 0x0000, // 0x38B0 (14512) pixels
    0x0000, 0x0000, 0x0000, 0x0000, 0x0000, 0x0000, 0x0000, 0x0000, 0x0000, 0x0000, 0x0000, 0x0000, 0x0000, 0x0000, 0x0000, 0x0000, // 0x38C0 (14528) pixels
    0x0000, 0x0000, 0x0000, 0x0000, 0x0000, 0x0000, 0x0000, 0x0000, 0x0000, 0x0000, 0x0000, 0x0000, 0x0000, 0x0000, 0x0000, 0x0000, // 0x38D0 (14544) pixels
    0x0000, 0x0000, 0x0000, 0x0000, 0x0000, 0x0000, 0x0000, 0x0000, 0x0000, 0x0000, 0x0000, 0x0000, 0x0000, 0x0000, 0x0000, 0x0000, // 0x38E0 (14560) pixels
    0x0000, 0x0000, 0x0000, 0x0000, 0x0000, 0x0000, 0x0000, 0x0000, 0x0000, 0x0000, 0x0000, 0x0000, 0x0000, 0x0000, 0x0000, 0x0000, // 0x38F0 (14576) pixels
    0x0000, 0x0000, 0x0000, 0x0000, 0x0000, 0x0000, 0x0000, 0x0000, 0x0000, 0x0000, 0x0000, 0x0000, 0x0000, 0x0000, 0x0000, 0x0000, // 0x3900 (14592) pixels
    0x0000, 0x0000, 0x0000, 0x0000, 0x0000, 0x0000, 0x0000, 0x0000, 0x0000, 0x0000, 0x0000, 0x0000, 0x0000, 0x0000, 0x0000, 0x0000, // 0x3910 (14608) pixels
    0x0000, 0x0000, 0x0000, 0x0000, 0x0000, 0x0000, 0x0000, 0x0000, 0x0000, 0x0000, 0x0000, 0x0000, 0x0000, 0x0000, 0x0000, 0x0000, // 0x3920 (14624) pixels
    0x0000, 0x0000, 0x0000, 0x0000, 0x0000, 0x0000, 0x0000, 0x0000, 0x0000, 0x0000, 0x0000, 0x0000, 0x0000, 0x0000, 0x0000, 0x0000, // 0x3930 (14640) pixels
    0x0000, 0x0000, 0x0000, 0x0000, 0x0000, 0x0000, 0x0000, 0x0000, 0x0000, 0x0000, 0x0000, 0x0000, 0x0000, 0x0000, 0x0000, 0x0000, // 0x3940 (14656) pixels
    0x0000, 0x0000, 0x0000, 0x0000, 0x0000, 0x0000, 0x0000, 0x0000, 0x0000, 0x0000, 0x0000, 0x0000, 0x0000, 0x0000, 0x0000, 0x0000, // 0x3950 (14672) pixels
    0x0000, 0x0000, 0x0000, 0x0000, 0x0000, 0x0000, 0x0000, 0x0000, 0x0000, 0x0000, 0x0000, 0x0000, 0x0000, 0x0000, 0x0000, 0x0000, // 0x3960 (14688) pixels
    0x0000, 0x0000, 0x0000, 0x0000, 0x0000, 0x0000, 0x0000, 0x0000, 0x0000, 0x0000, 0x0000, 0x0000, 0x0000, 0x0000, 0x0000, 0x0000, // 0x3970 (14704) pixels
    0x0000, 0x0000, 0x0000, 0x0000, 0x0000, 0x0000, 0x0000, 0x0000, 0x0000, 0x0000, 0x0000, 0x0000, 0x0000, 0x0000, 0x0000, 0x0000, // 0x3980 (14720) pixels
    0x0000, 0x0000, 0x0000, 0x0000, 0x0000, 0x0000, 0x0000, 0x0000, 0x0000, 0x0000, 0x0000, 0x0000, 0x0000, 0x0000, 0x0000, 0x0000, // 0x3990 (14736) pixels
    0x0000, 0x0000, 0x0000, 0x0000, 0x0000, 0x0000, 0x0000, 0x0000, 0x0000, 0x0000, 0x0000, 0x0000, 0x0000, 0x0000, 0x0000, 0x0000, // 0x39A0 (14752) pixels
    0x0000, 0x0000, 0x0000, 0x0000, 0x0000, 0x0000, 0x0000, 0x0000, 0x0000, 0x0000, 0x0000, 0x0000, 0x0000, 0x0000, 0x0000, 0x0000, // 0x39B0 (14768) pixels
    0x0000, 0x0000, 0x0000, 0x0000, 0x0000, 0x0000, 0x0000, 0x0000, 0x0000, 0x0000, 0x0000, 0x0000, 0x0000, 0x0000, 0x0000, 0x0000, // 0x39C0 (14784) pixels
    0x0000, 0x0000, 0x0000, 0x0000, 0x0000, 0x0000, 0x0000, 0x0000, 0x0000, 0x0000, 0x0000, 0x0000, 0x0000, 0x0000, 0x0000, 0x0000, // 0x39D0 (14800) pixels
    0x0000, 0x0000, 0x0000, 0x0000, 0x0000, 0x0000, 0x0000, 0x0000, 0x0000, 0x0000, 0x0000, 0x0000, 0x0000, 0x0000, 0x0000, 0x0000, // 0x39E0 (14816) pixels
    0x0000, 0x0000, 0x0000, 0x0000, 0x0000, 0x0000, 0x0000, 0x0000, 0x0000, 0x0000, 0x0000, 0x0000, 0x0000, 0x0000, 0x0000, 0x0000, // 0x39F0 (14832) pixels
    0x0000, 0x0000, 0x0000, 0x0000, 0x0000, 0x0000, 0x0000, 0x0000, 0x0000, 0x0000, 0x0000, 0x0000, 0x0000, 0x0000, 0x0000, 0x0000, // 0x3A00 (14848) pixels
    0x0000, 0x0000, 0x0000, 0x0000, 0x0000, 0x0000, 0x0000, 0x0000, 0x0000, 0x0000, 0x0000, 0x0000, 0x0000, 0x0000, 0x0000, 0x0000, // 0x3A10 (14864) pixels
    0x0000, 0x0000, 0x0000, 0x0000, 0x0000, 0x0000, 0x0000, 0x0000, 0x0000, 0x0000, 0x0000, 0x0000, 0x0000, 0x0000, 0x0000, 0x0000, // 0x3A20 (14880) pixels
    0x0000, 0x0000, 0x0000, 0x0000, 0x0000, 0x0000, 0x0000, 0x0000, 0x0000, 0x0000, 0x0000, 0x0000, 0x0000, 0x0000, 0x0000, 0x0000, // 0x3A30 (14896) pixels
    0x0000, 0x0000, 0x0000, 0x0000, 0x0000, 0x0000, 0x0000, 0x0000, 0x0000, 0x0000, 0x0000, 0x0000, 0x0000, 0x0000, 0x0000, 0x0000, // 0x3A40 (14912) pixels
    0x0000, 0x0000, 0x0000, 0x0000, 0x0000, 0x0000, 0x0000, 0x0000, 0x0000, 0x0000, 0x0000, 0x0000, 0x0000, 0x0000, 0x0000, 0x0000, // 0x3A50 (14928) pixels
    0x0000, 0x0000, 0x0000, 0x0000, 0x0000, 0x0000, 0x0000, 0x0000, 0x0000, 0x0000, 0x0000, 0x0000, 0x0000, 0x0000, 0x0000, 0x0000, // 0x3A60 (14944) pixels
    0x0000, 0x0000, 0x0000, 0x0000, 0x0000, 0x0000, 0x0000, 0x0000, 0x0000, 0x0000, 0x0000, 0x0000, 0x0000, 0x0000, 0x0000, 0x0000, // 0x3A70 (14960) pixels
    0x0000, 0x0000, 0x0000, 0x0000, 0x0000, 0x0000, 0x0000, 0x0000, 0x0000, 0x0000, 0x0000, 0x0000, 0x0000, 0x0000, 0x0000, 0x0000, // 0x3A80 (14976) pixels
    0x0000, 0x0000, 0x0000, 0x0000, 0x0000, 0x0000, 0x0000, 0x0000, 0x0000, 0x0000, 0x0000, 0x0000, 0x0000, 0x0000, 0x0000, 0x0000, // 0x3A90 (14992) pixels
    0x0000, 0x0000, 0x0000, 0x0000, 0x0000, 0x0000, 0x0000, 0x0000, 0x0000, 0x0000, 0x0000, 0x0000, 0x0000, 0x0000, 0x0000, 0x0000, // 0x3AA0 (15008) pixels
    0x0000, 0x0000, 0x0000, 0x0000, 0x0000, 0x0000, 0x0000, 0x0000, 0x0000, 0x0000, 0x0000, 0x0000, 0x0000, 0x0000, 0x0000, 0x0000, // 0x3AB0 (15024) pixels
    0x0000, 0x0000, 0x0000, 0x0000, 0x0000, 0x0000, 0x0000, 0x0000, 0x0000, 0x0000, 0x0000, 0x0000, 0x0000, 0x0000, 0x0000, 0x0000, // 0x3AC0 (15040) pixels
    0x0000, 0x0000, 0x0000, 0x0000, 0x0000, 0x0000, 0x0000, 0x0000, 0x0000, 0x0000, 0x0000, 0x0000, 0x0000, 0x0000, 0x0000, 0x0000, // 0x3AD0 (15056) pixels
    0x0000, 0x0000, 0x0000, 0x0000, 0x0000, 0x0000, 0x0000, 0x0000, 0x0000, 0x0000, 0x0000, 0x0000, 0x0000, 0x0000, 0x0000, 0x0000, // 0x3AE0 (15072) pixels
    0x0000, 0x0000, 0x0000, 0x0000, 0x0000, 0x0000, 0x0000, 0x0000, 0x0000, 0x0000, 0x0000, 0x0000, 0x0000, 0x0000, 0x0000, 0x0000, // 0x3AF0 (15088) pixels
    0x0000, 0x0000, 0x0000, 0x0000, 0x0000, 0x0000, 0x0000, 0x0000, 0x0000, 0x0000, 0x0000, 0x0000, 0x0000, 0x0000, 0x0000, 0x0000, // 0x3B00 (15104) pixels
    0x0000, 0x0000, 0x0000, 0x0000, 0x0000, 0x0000, 0x0000, 0x0000, 0x0000, 0x0000, 0x0000, 0x0000, 0x0000, 0x0000, 0x0000, 0x0000, // 0x3B10 (15120) pixels
    0x0000, 0x0000, 0x0000, 0x0000, 0x0000, 0x0000, 0x0000, 0x0000, 0x0000, 0x0000, 0x0000, 0x0000, 0x0000, 0x0000, 0x0000, 0x0000, // 0x3B20 (15136) pixels
    0x0000, 0x0000, 0x0000, 0x0000, 0x0000, 0x0000, 0x0000, 0x0000, 0x0000, 0x0000, 0x0000, 0x0000, 0x0000, 0x0000, 0x0000, 0x0000, // 0x3B30 (15152) pixels
    0x0000, 0x0000, 0x0000, 0x0000, 0x0000, 0x0000, 0x0000, 0x0000, 0x0000, 0x0000, 0x0000, 0x0000, 0x0000, 0x0000, 0x0000, 0x0000, // 0x3B40 (15168) pixels
    0x0000, 0x0000, 0x0000, 0x0000, 0x0000, 0x0000, 0x0000, 0x0000, 0x0000, 0x0000, 0x0000, 0x0000, 0x0000, 0x0000, 0x0000, 0x0000, // 0x3B50 (15184) pixels
    0x0000, 0x0000, 0x0000, 0x0000, 0x0000, 0x0000, 0x0000, 0x0000, 0x0000, 0x0000, 0x0000, 0x0000, 0x0000, 0x0000, 0x0000, 0x0000, // 0x3B60 (15200) pixels
    0x0000, 0x0000, 0x0000, 0x0000, 0x0000, 0x0000, 0x0000, 0x0000, 0x0000, 0x0000, 0x0000, 0x0000, 0x0000, 0x0000, 0x0000, 0x0000, // 0x3B70 (15216) pixels
    0x0000, 0x0000, 0x0000, 0x0000, 0x0000, 0x0000, 0x0000, 0x0000, 0x0000, 0x0000, 0x0000, 0x0000, 0x0000, 0x0000, 0x0000, 0x0000, // 0x3B80 (15232) pixels
    0x0000, 0x0000, 0x0000, 0x0000, 0x0000, 0x0000, 0x0000, 0x0000, 0x0000, 0x0000, 0x0000, 0x0000, 0x0000, 0x0000, 0x0000, 0x0000, // 0x3B90 (15248) pixels
    0x0000, 0x0000, 0x0000, 0x0000, 0x0000, 0x0000, 0x0000, 0x0000, 0x0000, 0x0000, 0x0000, 0x0000, 0x0000, 0x0000, 0x0000, 0x0000, // 0x3BA0 (15264) pixels
    0x0000, 0x0000, 0x0000, 0x0000, 0x0000, 0x0000, 0x0000, 0x0000, 0x0000, 0x0000, 0x0000, 0x0000, 0x0000, 0x0000, 0x0000, 0x0000, // 0x3BB0 (15280) pixels
    0x0000, 0x0000, 0x0000, 0x0000, 0x0000, 0x0000, 0x0000, 0x0000, 0x0000, 0x0000, 0x0000, 0x0000, 0x0000, 0x0000, 0x0000, 0x0000, // 0x3BC0 (15296) pixels
    0x0000, 0x0000, 0x0000, 0x0000, 0x0000, 0x0000, 0x0000, 0x0000, 0x0000, 0x0000, 0x0000, 0x0000, 0x0000, 0x0000, 0x0000, 0x0000, // 0x3BD0 (15312) pixels
    0x0000, 0x0000, 0x0000, 0x0000, 0x0000, 0x0000, 0x0000, 0x0000, 0x0000, 0x0000, 0x0000, 0x0000, 0x0000, 0x0000, 0x0000, 0x0000, // 0x3BE0 (15328) pixels
    0x0000, 0x0000, 0x0000, 0x0000, 0x0000, 0x0000, 0x0000, 0x0000, 0x0000, 0x0000, 0x0000, 0x0000, 0x0000, 0x0000, 0x0000, 0x0000, // 0x3BF0 (15344) pixels
    0x0000, 0x0000, 0x0000, 0x0000, 0x0000, 0x0000, 0x0000, 0x0000, 0x0000, 0x0000, 0x0000, 0x0000, 0x0000, 0x0000, 0x0000, 0x0000, // 0x3C00 (15360) pixels
    0x0000, 0x0000, 0x0000, 0x0000, 0x0000, 0x0000, 0x0000, 0x0000, 0x0000, 0x0000, 0x0000, 0x0000, 0x0000, 0x0000, 0x0000, 0x0000, // 0x3C10 (15376) pixels
    0x0000, 0x0000, 0x0000, 0x0000, 0x0000, 0x0000, 0x0000, 0x0000, 0x0000, 0x0000, 0x0000, 0x0000, 0x0000, 0x0000, 0x0000, 0x0000, // 0x3C20 (15392) pixels
    0x0000, 0x0000, 0x0000, 0x0000, 0x0000, 0x0000, 0x0000, 0x0000, 0x0000, 0x0000, 0x0000, 0x0000, 0x0000, 0x0000, 0x0000, 0x0000, // 0x3C30 (15408) pixels
    0x0000, 0x0000, 0x0000, 0x0000, 0x0000, 0x0000, 0x0000, 0x0000, 0x0000, 0x0000, 0x0000, 0x0000, 0x0000, 0x0000, 0x0000, 0x0000, // 0x3C40 (15424) pixels
    0x0000, 0x0000, 0x0000, 0x0000, 0x0000, 0x0000, 0x0000, 0x0000, 0x0000, 0x0000, 0x0000, 0x0000, 0x0000, 0x0000, 0x0000, 0x0000, // 0x3C50 (15440) pixels
    0x0000, 0x0000, 0x0000, 0x0000, 0x0000, 0x0000, 0x0000, 0x0000, 0x0000, 0x0000, 0x0000, 0x0020, 0x0020, 0x0000, 0x0000, 0x0000, // 0x3C60 (15456) pixels
    0x0000, 0x0000, 0x0000, 0x0000, 0x0000, 0x0000, 0x0000, 0x0000, 0x0000, 0x0000, 0x0000, 0x0000, 0x0000, 0x0000, 0x0000, 0x0000, // 0x3C70 (15472) pixels
    0x0000, 0x0000, 0x0000, 0x0000, 0x0000, 0x0000, 0x0000, 0x0000, 0x0000, 0x0000, 0x0000, 0x0000, 0x0000, 0x0000, 0x0000, 0x0000, // 0x3C80 (15488) pixels
    0x0000, 0x0000, 0x0000, 0x0000, 0x0000, 0x0000, 0x0000, 0x0000, 0x0000, 0x0000, 0x0000, 0x0000, 0x0000, 0x0000, 0x0000, 0x0000, // 0x3C90 (15504) pixels
    0x0000, 0x0000, 0x0000, 0x0000, 0x0000, 0x0000, 0x0000, 0x0000, 0x0000, 0x0000, 0x0000, 0x0000, 0x0000, 0x0000, 0x0000, 0x0000, // 0x3CA0 (15520) pixels
    0x0000, 0x0000, 0x0000, 0x0000, 0x0000, 0x0000, 0x0000, 0x0000, 0x0000, 0x0000, 0x0000, 0x0000, 0x0000, 0x0000, 0x0000, 0x0000, // 0x3CB0 (15536) pixels
    0x0000, 0x0000, 0x0000, 0x0000, 0x0000, 0x0000, 0x0000, 0x0000, 0x0000, 0x0000, 0x0000, 0x0000, 0x0000, 0x0000, 0x0000, 0x0000, // 0x3CC0 (15552) pixels
    0x0000, 0x0000, 0x0000, 0x0000, 0x0000, 0x0000, 0x0000, 0x0000, 0x0000, 0x0000, 0x0000, 0x0000, 0x0000, 0x0000, 0x0000, 0x0000, // 0x3CD0 (15568) pixels
    0x0000, 0x0000, 0x0000, 0x0000, 0x0000, 0x0000, 0x0000, 0x0000, 0x0000, 0x0000, 0x0000, 0x0000, 0x0000, 0x0000, 0x0000, 0x0000, // 0x3CE0 (15584) pixels
    0x0000, 0x0000, 0x0000, 0x0000, 0x0000, 0x0000, 0x0000, 0x0000, 0x0000, 0x0000, 0x0000, 0x0000, 0x0000, 0x0000, 0x0000, 0x0000, // 0x3CF0 (15600) pixels
    0x0000, 0x0000, 0x0000, 0x0000, 0x0000, 0x0000, 0x0000, 0x0000, 0x0000, 0x0000, 0x0000, 0x0000, 0x0000, 0x0000, 0x0000, 0x0000, // 0x3D00 (15616) pixels
    0x0000, 0x0000, 0x0000, 0x0000, 0x0000, 0x0000, 0x0000, 0x0000, 0x0000, 0x0000, 0x0000, 0x0000, 0x0000, 0x0000, 0x0000, 0x0000, // 0x3D10 (15632) pixels
    0x0000, 0x0000, 0x0000, 0x0000, 0x0000, 0x0000, 0x0000, 0x0000, 0x0000, 0x0000, 0x0000, 0x0000, 0x0000, 0x0000, 0x0000, 0x0000, // 0x3D20 (15648) pixels
    0x0000, 0x0000, 0x0000, 0x0000, 0x0000, 0x0000, 0x0000, 0x0000, 0x0000, 0x0000, 0x0000, 0x0000, 0x0000, 0x0000, 0x0000, 0x0000, // 0x3D30 (15664) pixels
    0x0000, 0x0000, 0x0000, 0x0000, 0x0000, 0x0000, 0x0000, 0x0000, 0x0000, 0x0000, 0x0000, 0x0000, 0x0000, 0x0000, 0x0000, 0x0000, // 0x3D40 (15680) pixels
    0x0000, 0x0000, 0x0000, 0x0000, 0x0000, 0x0000, 0x0000, 0x0000, 0x0000, 0x0000, 0x0000, 0x0000, 0x0000, 0x0000, 0x0000, 0x0000, // 0x3D50 (15696) pixels
    0x0000, 0x0000, 0x0000, 0x0000, 0x0000, 0x0000, 0x0000, 0x0000, 0x0000, 0x0000, 0x0000, 0x0000, 0x0000, 0x0000, 0x0000, 0x0000, // 0x3D60 (15712) pixels
    0x0000, 0x0000, 0x0000, 0x0000, 0x0000, 0x0000, 0x0000, 0x0000, 0x0000, 0x0000, 0x0000, 0x0000, 0x0000, 0x0000, 0x0000, 0x0000, // 0x3D70 (15728) pixels
    0x0000, 0x0000, 0x0000, 0x0000, 0x0000, 0x0000, 0x0000, 0x0000, 0x0000, 0x0000, 0x0000, 0x0000, 0x0000, 0x0000, 0x0000, 0x0000, // 0x3D80 (15744) pixels
    0x0000, 0x0000, 0x0000, 0x0000, 0x0000, 0x0000, 0x0000, 0x0000, 0x0000, 0x0000, 0x0000, 0x0000, 0x0000, 0x0000, 0x0000, 0x0000, // 0x3D90 (15760) pixels
    0x0000, 0x0000, 0x0000, 0x0000, 0x0000, 0x0000, 0x0000, 0x0000, 0x0000, 0x0000, 0x0000, 0x0000, 0x0000, 0x0000, 0x0000, 0x0000, // 0x3DA0 (15776) pixels
    0x0000, 0x0000, 0x0000, 0x0000, 0x0000, 0x0000, 0x0000, 0x0000, 0x0000, 0x0000, 0x0000, 0x0000, 0x0000, 0x0000, 0x0000, 0x0000, // 0x3DB0 (15792) pixels
    0x0000, 0x0000, 0x0000, 0x0000, 0x0000, 0x0000, 0x0000, 0x0000, 0x0000, 0x0000, 0x0000, 0x0000, 0x0000, 0x0000, 0x0000, 0x0000, // 0x3DC0 (15808) pixels
    0x0000, 0x0000, 0x0001, 0x0001, 0x0001, 0x0001, 0x0000, 0x0000, 0x0000, 0x0000, 0x0000, 0x0000, 0x0000, 0x0000, 0x0000, 0x0000, // 0x3DD0 (15824) pixels
    0x0000, 0x0000, 0x0000, 0x0000, 0x0000, 0x0000, 0x0000, 0x0000, 0x0000, 0x0000, 0x0000, 0x0000, 0x0000, 0x0000, 0x0000, 0x0000, // 0x3DE0 (15840) pixels
    0x0000, 0x0000, 0x0000, 0x0000, 0x0000, 0x0000, 0x0000, 0x0000, 0x0000, 0x0000, 0x0000, 0x0000, 0x0000, 0x0000, 0x0000, 0x0000, // 0x3DF0 (15856) pixels
    0x0000, 0x0000, 0x0000, 0x0000, 0x0000, 0x0000, 0x0000, 0x0000, 0x0000, 0x0000, 0x0000, 0x0000, 0x0000, 0x0000, 0x0000, 0x0000, // 0x3E00 (15872) pixels
    0x0000, 0x0000, 0x0000, 0x0000, 0x0000, 0x0000, 0x0000, 0x0000, 0x0000, 0x0000, 0x0000, 0x0000, 0x0000, 0x0000, 0x0000, 0x0000, // 0x3E10 (15888) pixels
    0x0000, 0x0000, 0x0000, 0x0000, 0x0000, 0x0000, 0x0000, 0x0000, 0x0000, 0x0000, 0x0000, 0x0000, 0x0000, 0x0000, 0x0000, 0x0000, // 0x3E20 (15904) pixels
    0x0000, 0x0000, 0x0000, 0x0000, 0x0000, 0x0000, 0x0000, 0x0000, 0x0000, 0x0000, 0x0000, 0x0000, 0x0000, 0x0000, 0x0000, 0x0000, // 0x3E30 (15920) pixels
    0x0000, 0x0000, 0x0000, 0x0000, 0x0000, 0x0000, 0x0000, 0x0000, 0x0000, 0x0000, 0x0001, 0x0822, 0x0822, 0x0001, 0x0000, 0x0000, // 0x3E40 (15936) pixels
    0x0000, 0x0000, 0x0000, 0x0000, 0x0000, 0x0000, 0x0000, 0x0000, 0x0000, 0x0000, 0x0000, 0x0000, 0x0000, 0x0000, 0x0000, 0x0000, // 0x3E50 (15952) pixels
    0x0000, 0x0000, 0x0000, 0x0000, 0x0000, 0x0000, 0x0000, 0x0000, 0x0000, 0x0000, 0x0000, 0x0000, 0x0000, 0x0000, 0x0000, 0x0000, // 0x3E60 (15968) pixels
    0x0000, 0x0000, 0x0000, 0x0000, 0x0000, 0x0000, 0x0000, 0x0000, 0x0000, 0x0000, 0x0000, 0x0000, 0x0000, 0x0000, 0x0000, 0x0000, // 0x3E70 (15984) pixels
    0x0000, 0x0000, 0x0000, 0x0000, 0x0000, 0x0000, 0x0000, 0x0000, 0x0000, 0x0000, 0x0000, 0x0000, 0x0000, 0x0000, 0x0000, 0x0000, // 0x3E80 (16000) pixels
    0x0000, 0x0000, 0x0000, 0x0000, 0x0000, 0x0000, 0x0000, 0x0000, 0x0000, 0x0000, 0x0000, 0x0000, 0x0000, 0x0000, 0x0000, 0x0000, // 0x3E90 (16016) pixels
    0x0000, 0x0000, 0x0000, 0x0000, 0x0000, 0x0000, 0x0000, 0x0000, 0x0000, 0x0000, 0x0000, 0x0000, 0x0000, 0x0000, 0x0000, 0x0000, // 0x3EA0 (16032) pixels
    0x0000, 0x0000, 0x0000, 0x0000, 0x0000, 0x0000, 0x0000, 0x0000, 0x0000, 0x0000, 0x0000, 0x0000, 0x0000, 0x0000, 0x0000, 0x0000, // 0x3EB0 (16048) pixels
    0x0000, 0x0000, 0x0001, 0x0822, 0x0822, 0x0001, 0x0000, 0x0000, 0x0000, 0x0000, 0x0000, 0x0000, 0x0000, 0x0000, 0x0000, 0x0000, // 0x3EC0 (16064) pixels
    0x0000, 0x0000, 0x0000, 0x0000, 0x0000, 0x0000, 0x0000, 0x0000, 0x0000, 0x0000, 0x0000, 0x0000, 0x0000, 0x0000, 0x0000, 0x0000, // 0x3ED0 (16080) pixels
    0x0000, 0x0000, 0x0000, 0x0000, 0x0000, 0x0000, 0x0000, 0x0000, 0x0000, 0x0000, 0x0000, 0x0000, 0x0000, 0x0000, 0x0000, 0x0000, // 0x3EE0 (16096) pixels
    0x0000, 0x0000, 0x0000, 0x0000, 0x0000, 0x0000, 0x0000, 0x0000, 0x0000, 0x0000, 0x0000, 0x0000, 0x0000, 0x0000, 0x0000, 0x0000, // 0x3EF0 (16112) pixels
    0x0000, 0x0000, 0x0000, 0x0000, 0x0000, 0x0000, 0x0000, 0x0000, 0x0000, 0x0000, 0x0000, 0x0000, 0x0000, 0x0000, 0x0000, 0x0000, // 0x3F00 (16128) pixels
    0x0000, 0x0000, 0x0000, 0x0000, 0x0000, 0x0000, 0x0000, 0x0000, 0x0000, 0x0000, 0x0000, 0x0000, 0x0000, 0x0000, 0x0000, 0x0000, // 0x3F10 (16144) pixels
    0x0000, 0x0000, 0x0000, 0x0000, 0x0000, 0x0000, 0x0000, 0x0000, 0x0000, 0x0000, 0x0000, 0x0000, 0x0000, 0x0000, 0x0000, 0x0000, // 0x3F20 (16160) pixels
    0x0000, 0x0000, 0x0000, 0x0000, 0x0000, 0x0000, 0x0000, 0x0000, 0x0000, 0x0000, 0x0001, 0x0022, 0x0022, 0x0001, 0x0000, 0x0000, // 0x3F30 (16176) pixels
    0x0000, 0x0000, 0x0000, 0x0000, 0x0000, 0x0000, 0x0000, 0x0000, 0x0000, 0x0000, 0x0000, 0x0000, 0x0000, 0x0000, 0x0000, 0x0000, // 0x3F40 (16192) pixels
    0x0000, 0x0000, 0x0000, 0x0000, 0x0000, 0x0000, 0x0000, 0x0000};

#endif // BABYRAY_H