// Generated by   : ImageConverter 565 Online
// Generated from : babyTrex.jpg
// Time generated : Tue, 29 Jul 25 07:32:16 +0200  (Server timezone: CET)
// Image Size     : 190x128 pixels
// Memory usage   : 48640 bytes

#ifndef BABYTREX_H
#define BABYTREX_H

#include <TFT_eSPI.h>

void drawBabyTrex(TFT_eSPI &tft);

#if defined(__AVR__)
#include <avr/pgmspace.h>
#elif defined(__PIC32MX__)
#define PROGMEM
#elif defined(__arm__)
#define PROGMEM
#endif

const unsigned short babyTrex[24320] PROGMEM = {
    0x0000, 0x0000, 0x0000, 0x0000, 0x0000, 0x0000, 0x0000, 0x0000, 0x0000, 0x0000, 0x0000, 0x0000, 0x0000, 0x0000, 0x0000, 0x0000, // 0x0010 (16) pixels
    0x0000, 0x0000, 0x0000, 0x0000, 0x0000, 0x0000, 0x0000, 0x0000, 0x0000, 0x0000, 0x0000, 0x0000, 0x0000, 0x0000, 0x0000, 0x0000, // 0x0020 (32) pixels
    0x0000, 0x0000, 0x0000, 0x0000, 0x0000, 0x0000, 0x0000, 0x0000, 0x0000, 0x0000, 0x0000, 0x0000, 0x0000, 0x0000, 0x0000, 0x0000, // 0x0030 (48) pixels
    0x0000, 0x0000, 0x0000, 0x0000, 0x0000, 0x0000, 0x0000, 0x0000, 0x0000, 0x0000, 0x0000, 0x0000, 0x0000, 0x0000, 0x0000, 0x0000, // 0x0040 (64) pixels
    0x0000, 0x0000, 0x0000, 0x0000, 0x0000, 0x0000, 0x0000, 0x0000, 0x0000, 0x0000, 0x0000, 0x0000, 0x0000, 0x0000, 0x0000, 0x0000, // 0x0050 (80) pixels
    0x0000, 0x0000, 0x0000, 0x0000, 0x0000, 0x0000, 0x0000, 0x0000, 0x0000, 0x0000, 0x0000, 0x0000, 0x0000, 0x0000, 0x0000, 0x0000, // 0x0060 (96) pixels
    0x0000, 0x0000, 0x0000, 0x0000, 0x0000, 0x0000, 0x0000, 0x0000, 0x0000, 0x0000, 0x0000, 0x0000, 0x0000, 0x0000, 0x0000, 0x0000, // 0x0070 (112) pixels
    0x0000, 0x0000, 0x0000, 0x0000, 0x0000, 0x0000, 0x0000, 0x0000, 0x0000, 0x0000, 0x0000, 0x0000, 0x0000, 0x0000, 0x0000, 0x0000, // 0x0080 (128) pixels
    0x0000, 0x0000, 0x0000, 0x0000, 0x0000, 0x0000, 0x0000, 0x0000, 0x0000, 0x0000, 0x0000, 0x0000, 0x0000, 0x0000, 0x0000, 0x0000, // 0x0090 (144) pixels
    0x0000, 0x0000, 0x0000, 0x0000, 0x0000, 0x0000, 0x0000, 0x0000, 0x0000, 0x0000, 0x0000, 0x0000, 0x0000, 0x0000, 0x0000, 0x0000, // 0x00A0 (160) pixels
    0x0000, 0x0000, 0x0000, 0x0000, 0x0000, 0x0000, 0x0000, 0x0000, 0x0000, 0x0000, 0x0000, 0x0000, 0x0000, 0x0000, 0x0000, 0x0000, // 0x00B0 (176) pixels
    0x0000, 0x0000, 0x0000, 0x0000, 0x0000, 0x0000, 0x0000, 0x0000, 0x0000, 0x0000, 0x0000, 0x0000, 0x0000, 0x0000, 0x0000, 0x0000, // 0x00C0 (192) pixels
    0x0000, 0x0000, 0x0000, 0x0000, 0x0000, 0x0000, 0x0000, 0x0000, 0x0000, 0x0000, 0x0000, 0x0000, 0x0000, 0x0000, 0x0000, 0x0000, // 0x00D0 (208) pixels
    0x0000, 0x0000, 0x0000, 0x0000, 0x0000, 0x0000, 0x0000, 0x0000, 0x0000, 0x0000, 0x0000, 0x0000, 0x0000, 0x0000, 0x0000, 0x0000, // 0x00E0 (224) pixels
    0x0000, 0x0000, 0x0000, 0x0000, 0x0000, 0x0000, 0x0000, 0x0000, 0x0000, 0x0000, 0x0000, 0x0000, 0x0000, 0x0000, 0x0000, 0x0000, // 0x00F0 (240) pixels
    0x0000, 0x0000, 0x0000, 0x0000, 0x0000, 0x0000, 0x0000, 0x0000, 0x0000, 0x0000, 0x0000, 0x0000, 0x0000, 0x0000, 0x0000, 0x0000, // 0x0100 (256) pixels
    0x0000, 0x0000, 0x0000, 0x0000, 0x0000, 0x0000, 0x0000, 0x0000, 0x0000, 0x0000, 0x0000, 0x0000, 0x0000, 0x0000, 0x0000, 0x0000, // 0x0110 (272) pixels
    0x0000, 0x0000, 0x0000, 0x0000, 0x0000, 0x0000, 0x0000, 0x0000, 0x0000, 0x0000, 0x0000, 0x0000, 0x0000, 0x0000, 0x0000, 0x0000, // 0x0120 (288) pixels
    0x0000, 0x0000, 0x0000, 0x0000, 0x0000, 0x0000, 0x0000, 0x0000, 0x0000, 0x0000, 0x0000, 0x0000, 0x0000, 0x0000, 0x0000, 0x0000, // 0x0130 (304) pixels
    0x0000, 0x0000, 0x0000, 0x0000, 0x0000, 0x0000, 0x0000, 0x0000, 0x0000, 0x0000, 0x0000, 0x0000, 0x0000, 0x0000, 0x0000, 0x0000, // 0x0140 (320) pixels
    0x0000, 0x0000, 0x0000, 0x0000, 0x0000, 0x0000, 0x0000, 0x0000, 0x0000, 0x0000, 0x0000, 0x0000, 0x0000, 0x0000, 0x0000, 0x0000, // 0x0150 (336) pixels
    0x0000, 0x0000, 0x0000, 0x0000, 0x0000, 0x0000, 0x0000, 0x0000, 0x0000, 0x0000, 0x0000, 0x0000, 0x0000, 0x0000, 0x0000, 0x0000, // 0x0160 (352) pixels
    0x0000, 0x0000, 0x0000, 0x0000, 0x0000, 0x0000, 0x0000, 0x0000, 0x0000, 0x0000, 0x0000, 0x0000, 0x0000, 0x0000, 0x0000, 0x0000, // 0x0170 (368) pixels
    0x0000, 0x0000, 0x0000, 0x0000, 0x0000, 0x0000, 0x0000, 0x0000, 0x0000, 0x0000, 0x0000, 0x0000, 0x0000, 0x0000, 0x0000, 0x0000, // 0x0180 (384) pixels
    0x0000, 0x0000, 0x0000, 0x0000, 0x0000, 0x0000, 0x0000, 0x0000, 0x0000, 0x0000, 0x0000, 0x0000, 0x0000, 0x0000, 0x0000, 0x0000, // 0x0190 (400) pixels
    0x0000, 0x0000, 0x0000, 0x0000, 0x0000, 0x0000, 0x0000, 0x0000, 0x0000, 0x0000, 0x0000, 0x0000, 0x0000, 0x0000, 0x0000, 0x0000, // 0x01A0 (416) pixels
    0x0000, 0x0000, 0x0000, 0x0000, 0x0000, 0x0000, 0x0000, 0x0000, 0x0000, 0x0000, 0x0000, 0x0000, 0x0000, 0x0000, 0x0000, 0x0000, // 0x01B0 (432) pixels
    0x0000, 0x0000, 0x0000, 0x0000, 0x0000, 0x0000, 0x0000, 0x0000, 0x0000, 0x0000, 0x0000, 0x0000, 0x0000, 0x0000, 0x0000, 0x0000, // 0x01C0 (448) pixels
    0x0000, 0x0000, 0x0000, 0x0000, 0x0000, 0x0000, 0x0000, 0x0000, 0x0000, 0x0000, 0x0000, 0x0000, 0x0000, 0x0000, 0x0000, 0x0000, // 0x01D0 (464) pixels
    0x0000, 0x0000, 0x0000, 0x0000, 0x0000, 0x0000, 0x0000, 0x0000, 0x0000, 0x0000, 0x0000, 0x0000, 0x0000, 0x0000, 0x0000, 0x0000, // 0x01E0 (480) pixels
    0x0000, 0x0000, 0x0000, 0x0000, 0x0000, 0x0000, 0x0000, 0x0000, 0x0000, 0x0000, 0x0000, 0x0000, 0x0000, 0x0000, 0x0000, 0x0000, // 0x01F0 (496) pixels
    0x0000, 0x0000, 0x0000, 0x0000, 0x0000, 0x0000, 0x0000, 0x0000, 0x0000, 0x0000, 0x0000, 0x0000, 0x0000, 0x0000, 0x0000, 0x0000, // 0x0200 (512) pixels
    0x0000, 0x0000, 0x0000, 0x0000, 0x0000, 0x0000, 0x0000, 0x0000, 0x0000, 0x0000, 0x0000, 0x0000, 0x0000, 0x0000, 0x0000, 0x0000, // 0x0210 (528) pixels
    0x0000, 0x0000, 0x0000, 0x0000, 0x0000, 0x0000, 0x0000, 0x0000, 0x0000, 0x0000, 0x0000, 0x0000, 0x0000, 0x0000, 0x0000, 0x0000, // 0x0220 (544) pixels
    0x0000, 0x0000, 0x0000, 0x0000, 0x0000, 0x0000, 0x0000, 0x0000, 0x0000, 0x0000, 0x0000, 0x0000, 0x0000, 0x0000, 0x0000, 0x0000, // 0x0230 (560) pixels
    0x0000, 0x0000, 0x0000, 0x0000, 0x0000, 0x0000, 0x0000, 0x0000, 0x0000, 0x0000, 0x0000, 0x0000, 0x0000, 0x0000, 0x0000, 0x0000, // 0x0240 (576) pixels
    0x0000, 0x0000, 0x0000, 0x0000, 0x0000, 0x0000, 0x0000, 0x0000, 0x0000, 0x0000, 0x0000, 0x0000, 0x0000, 0x0000, 0x0000, 0x0000, // 0x0250 (592) pixels
    0x0000, 0x0000, 0x0000, 0x0000, 0x0000, 0x0000, 0x0000, 0x0000, 0x0000, 0x0000, 0x0000, 0x0000, 0x0000, 0x0000, 0x0000, 0x0000, // 0x0260 (608) pixels
    0x0000, 0x0000, 0x0000, 0x0000, 0x0000, 0x0000, 0x0000, 0x0000, 0x0000, 0x0000, 0x0000, 0x0000, 0x0000, 0x0000, 0x0000, 0x0000, // 0x0270 (624) pixels
    0x0000, 0x0000, 0x0000, 0x0000, 0x0000, 0x0000, 0x0000, 0x0000, 0x0000, 0x0000, 0x0000, 0x0000, 0x0000, 0x0000, 0x0000, 0x0000, // 0x0280 (640) pixels
    0x0000, 0x0000, 0x0000, 0x0000, 0x0000, 0x0000, 0x0000, 0x0000, 0x0000, 0x0000, 0x0000, 0x0000, 0x0000, 0x0000, 0x0000, 0x0000, // 0x0290 (656) pixels
    0x0000, 0x0000, 0x0000, 0x0000, 0x0000, 0x0000, 0x0000, 0x0000, 0x0000, 0x0000, 0x0000, 0x0000, 0x0000, 0x0000, 0x0000, 0x0000, // 0x02A0 (672) pixels
    0x0000, 0x0000, 0x0000, 0x0000, 0x0000, 0x0000, 0x0000, 0x0000, 0x0000, 0x0000, 0x0000, 0x0000, 0x0000, 0x0000, 0x0000, 0x0000, // 0x02B0 (688) pixels
    0x0000, 0x0000, 0x0000, 0x0000, 0x0000, 0x0000, 0x0000, 0x0000, 0x0000, 0x0000, 0x0000, 0x0000, 0x0000, 0x0000, 0x0000, 0x0000, // 0x02C0 (704) pixels
    0x0000, 0x0000, 0x0000, 0x0000, 0x0000, 0x0000, 0x0000, 0x0000, 0x0000, 0x0000, 0x0000, 0x0000, 0x0000, 0x0000, 0x0000, 0x0000, // 0x02D0 (720) pixels
    0x0000, 0x0000, 0x0000, 0x0000, 0x0000, 0x0000, 0x0000, 0x0000, 0x0000, 0x0000, 0x0000, 0x0000, 0x0000, 0x0000, 0x0000, 0x0000, // 0x02E0 (736) pixels
    0x0000, 0x0000, 0x0000, 0x0000, 0x0000, 0x0000, 0x0000, 0x0000, 0x0000, 0x0000, 0x0000, 0x0000, 0x0000, 0x0000, 0x0000, 0x0000, // 0x02F0 (752) pixels
    0x0000, 0x0000, 0x0000, 0x0000, 0x0000, 0x0000, 0x0000, 0x0000, 0x0000, 0x0000, 0x0000, 0x0000, 0x0000, 0x0000, 0x0000, 0x0000, // 0x0300 (768) pixels
    0x0000, 0x0000, 0x0000, 0x0000, 0x0000, 0x0000, 0x0000, 0x0000, 0x0000, 0x0000, 0x0000, 0x0000, 0x0000, 0x0000, 0x0000, 0x0000, // 0x0310 (784) pixels
    0x0000, 0x0000, 0x0000, 0x0000, 0x0000, 0x0000, 0x0000, 0x0000, 0x0000, 0x0000, 0x0000, 0x0000, 0x0000, 0x0000, 0x0000, 0x0000, // 0x0320 (800) pixels
    0x0000, 0x0000, 0x0000, 0x0000, 0x0000, 0x0000, 0x0000, 0x0000, 0x0000, 0x0000, 0x0000, 0x0000, 0x0000, 0x0000, 0x0000, 0x0000, // 0x0330 (816) pixels
    0x0000, 0x0000, 0x0000, 0x0000, 0x0000, 0x0000, 0x0000, 0x0000, 0x0000, 0x0000, 0x0000, 0x0000, 0x0000, 0x0000, 0x0000, 0x0000, // 0x0340 (832) pixels
    0x0000, 0x0000, 0x0000, 0x0000, 0x0000, 0x0000, 0x0000, 0x0000, 0x0000, 0x0000, 0x0000, 0x0000, 0x0000, 0x0000, 0x0000, 0x0000, // 0x0350 (848) pixels
    0x0000, 0x0000, 0x0000, 0x0000, 0x0000, 0x0000, 0x0000, 0x0000, 0x0000, 0x0000, 0x0000, 0x0000, 0x0000, 0x0000, 0x0000, 0x0000, // 0x0360 (864) pixels
    0x0000, 0x0000, 0x0000, 0x0000, 0x0000, 0x0000, 0x0000, 0x0000, 0x0000, 0x0000, 0x0000, 0x0000, 0x0000, 0x0000, 0x0000, 0x0000, // 0x0370 (880) pixels
    0x0000, 0x0000, 0x0000, 0x0000, 0x0000, 0x0000, 0x0000, 0x0000, 0x0000, 0x0000, 0x0000, 0x0000, 0x0000, 0x0000, 0x0000, 0x0000, // 0x0380 (896) pixels
    0x0000, 0x0000, 0x0000, 0x0000, 0x0000, 0x0000, 0x0000, 0x0000, 0x0000, 0x0000, 0x0000, 0x0000, 0x0000, 0x0000, 0x0000, 0x0000, // 0x0390 (912) pixels
    0x0000, 0x0000, 0x0000, 0x0000, 0x0000, 0x0000, 0x0000, 0x0000, 0x0000, 0x0000, 0x0000, 0x0000, 0x0000, 0x0000, 0x0000, 0x0000, // 0x03A0 (928) pixels
    0x0000, 0x0000, 0x0000, 0x0000, 0x0000, 0x0000, 0x0000, 0x0000, 0x0000, 0x0000, 0x0000, 0x0000, 0x0000, 0x0000, 0x0000, 0x0000, // 0x03B0 (944) pixels
    0x0000, 0x0000, 0x0000, 0x0000, 0x0000, 0x0000, 0x0000, 0x0000, 0x0000, 0x0000, 0x0000, 0x0000, 0x0000, 0x0000, 0x0000, 0x0000, // 0x03C0 (960) pixels
    0x0000, 0x0000, 0x0000, 0x0000, 0x0000, 0x0000, 0x0000, 0x0000, 0x0000, 0x0000, 0x0000, 0x0000, 0x0000, 0x0000, 0x0000, 0x0000, // 0x03D0 (976) pixels
    0x0000, 0x0000, 0x0000, 0x0000, 0x0000, 0x0000, 0x0000, 0x0000, 0x0000, 0x0000, 0x0000, 0x0000, 0x0000, 0x0000, 0x0000, 0x0000, // 0x03E0 (992) pixels
    0x0000, 0x0000, 0x0000, 0x0000, 0x0000, 0x0000, 0x0000, 0x0000, 0x0000, 0x0000, 0x0000, 0x0000, 0x0000, 0x0000, 0x0000, 0x0000, // 0x03F0 (1008) pixels
    0x0000, 0x0000, 0x0000, 0x0000, 0x0000, 0x0000, 0x0000, 0x0000, 0x0000, 0x0000, 0x0000, 0x0000, 0x0000, 0x0000, 0x0000, 0x0000, // 0x0400 (1024) pixels
    0x0000, 0x0000, 0x0000, 0x0000, 0x0000, 0x0000, 0x0000, 0x0000, 0x0000, 0x0000, 0x0000, 0x0000, 0x0000, 0x0000, 0x0000, 0x0000, // 0x0410 (1040) pixels
    0x0000, 0x0000, 0x0000, 0x0000, 0x0000, 0x0000, 0x0000, 0x0000, 0x0000, 0x0000, 0x0000, 0x0000, 0x0000, 0x0000, 0x0000, 0x0000, // 0x0420 (1056) pixels
    0x0000, 0x0000, 0x0000, 0x0000, 0x0000, 0x0000, 0x0000, 0x0000, 0x0000, 0x0000, 0x0000, 0x0000, 0x0000, 0x0000, 0x0000, 0x0000, // 0x0430 (1072) pixels
    0x0000, 0x0000, 0x0000, 0x0000, 0x0000, 0x0000, 0x0000, 0x0000, 0x0000, 0x0000, 0x0000, 0x0000, 0x0000, 0x0000, 0x0000, 0x0000, // 0x0440 (1088) pixels
    0x0000, 0x0000, 0x0000, 0x0000, 0x0000, 0x0000, 0x0000, 0x0000, 0x0000, 0x0000, 0x0000, 0x0000, 0x0000, 0x0000, 0x0000, 0x0000, // 0x0450 (1104) pixels
    0x0000, 0x0000, 0x0000, 0x0000, 0x0000, 0x0000, 0x0000, 0x0000, 0x0000, 0x0000, 0x0000, 0x0000, 0x0000, 0x0000, 0x0000, 0x0000, // 0x0460 (1120) pixels
    0x0000, 0x0000, 0x0000, 0x0000, 0x0000, 0x0000, 0x0000, 0x0000, 0x0000, 0x0000, 0x0000, 0x0000, 0x0000, 0x0000, 0x0000, 0x0000, // 0x0470 (1136) pixels
    0x0000, 0x0000, 0x0000, 0x0000, 0x0000, 0x0000, 0x0000, 0x0000, 0x0000, 0x0000, 0x0000, 0x0000, 0x0000, 0x0000, 0x0000, 0x0000, // 0x0480 (1152) pixels
    0x0000, 0x0000, 0x0000, 0x0000, 0x0000, 0x0000, 0x0000, 0x0000, 0x0000, 0x0000, 0x0000, 0x0000, 0x0000, 0x0000, 0x0000, 0x0000, // 0x0490 (1168) pixels
    0x0000, 0x0000, 0x0000, 0x0000, 0x0000, 0x0000, 0x0000, 0x0000, 0x0000, 0x0000, 0x0000, 0x0000, 0x0000, 0x0000, 0x0000, 0x0000, // 0x04A0 (1184) pixels
    0x0000, 0x0000, 0x0000, 0x0000, 0x0000, 0x0000, 0x0000, 0x0000, 0x0000, 0x0000, 0x0000, 0x0000, 0x0000, 0x0000, 0x0000, 0x0000, // 0x04B0 (1200) pixels
    0x0000, 0x0000, 0x0000, 0x0000, 0x0000, 0x0000, 0x0000, 0x0000, 0x0000, 0x0000, 0x0000, 0x0000, 0x0000, 0x0000, 0x0000, 0x0000, // 0x04C0 (1216) pixels
    0x0000, 0x0000, 0x0000, 0x0000, 0x0000, 0x0000, 0x0000, 0x0000, 0x0000, 0x0000, 0x0000, 0x0000, 0x0000, 0x0000, 0x0000, 0x0000, // 0x04D0 (1232) pixels
    0x0000, 0x0000, 0x0000, 0x0000, 0x0000, 0x0000, 0x0000, 0x0000, 0x0000, 0x0000, 0x0000, 0x0000, 0x0000, 0x0000, 0x0000, 0x0000, // 0x04E0 (1248) pixels
    0x0000, 0x0000, 0x0000, 0x0000, 0x0000, 0x0000, 0x0000, 0x0000, 0x0000, 0x0000, 0x0000, 0x0000, 0x0000, 0x0000, 0x0000, 0x0000, // 0x04F0 (1264) pixels
    0x0000, 0x0000, 0x0000, 0x0000, 0x0000, 0x0000, 0x0000, 0x0000, 0x0000, 0x0000, 0x0000, 0x0000, 0x0000, 0x0000, 0x0000, 0x0000, // 0x0500 (1280) pixels
    0x0000, 0x0000, 0x0000, 0x0000, 0x0000, 0x0000, 0x0000, 0x0000, 0x0000, 0x0000, 0x0000, 0x0000, 0x0000, 0x0000, 0x0000, 0x0000, // 0x0510 (1296) pixels
    0x0000, 0x0000, 0x0000, 0x0000, 0x0000, 0x0000, 0x0000, 0x0000, 0x0000, 0x0000, 0x0000, 0x0000, 0x0000, 0x0000, 0x0000, 0x0000, // 0x0520 (1312) pixels
    0x0000, 0x0000, 0x0000, 0x0000, 0x0000, 0x0000, 0x0000, 0x0000, 0x0000, 0x0000, 0x0000, 0x0000, 0x0000, 0x0000, 0x0000, 0x0000, // 0x0530 (1328) pixels
    0x0000, 0x0000, 0x0000, 0x0000, 0x0000, 0x0000, 0x0000, 0x0000, 0x0000, 0x0000, 0x0000, 0x0000, 0x0000, 0x0000, 0x0000, 0x0000, // 0x0540 (1344) pixels
    0x0000, 0x0000, 0x0000, 0x0000, 0x0000, 0x0000, 0x0000, 0x0000, 0x0000, 0x0000, 0x0000, 0x0000, 0x0000, 0x0000, 0x0000, 0x0000, // 0x0550 (1360) pixels
    0x0000, 0x0000, 0x0000, 0x0000, 0x0000, 0x0000, 0x0000, 0x0000, 0x0000, 0x0000, 0x0000, 0x0000, 0x0000, 0x0000, 0x0000, 0x0000, // 0x0560 (1376) pixels
    0x0000, 0x0000, 0x0000, 0x0000, 0x0000, 0x0000, 0x0000, 0x0000, 0x0000, 0x0000, 0x0000, 0x0000, 0x0000, 0x0000, 0x0000, 0x0000, // 0x0570 (1392) pixels
    0x0000, 0x0000, 0x0000, 0x0000, 0x0000, 0x0000, 0x0000, 0x0000, 0x0000, 0x0000, 0x0000, 0x0000, 0x0000, 0x0000, 0x0000, 0x0000, // 0x0580 (1408) pixels
    0x0000, 0x0000, 0x0000, 0x0000, 0x0000, 0x0000, 0x0000, 0x0000, 0x0000, 0x0000, 0x0000, 0x0000, 0x0000, 0x0000, 0x0000, 0x0000, // 0x0590 (1424) pixels
    0x0000, 0x0000, 0x0000, 0x0000, 0x0000, 0x0000, 0x0000, 0x0000, 0x0000, 0x0000, 0x0000, 0x0000, 0x0000, 0x0000, 0x0000, 0x0000, // 0x05A0 (1440) pixels
    0x0000, 0x0000, 0x0000, 0x0000, 0x0000, 0x0000, 0x0000, 0x0000, 0x0000, 0x0000, 0x0000, 0x0000, 0x0000, 0x0000, 0x0000, 0x0000, // 0x05B0 (1456) pixels
    0x0000, 0x0000, 0x0000, 0x0000, 0x0000, 0x0000, 0x0000, 0x0000, 0x0000, 0x0000, 0x0000, 0x0000, 0x0000, 0x0000, 0x0000, 0x0000, // 0x05C0 (1472) pixels
    0x0000, 0x0000, 0x0000, 0x0000, 0x0000, 0x0000, 0x0000, 0x0000, 0x0000, 0x0000, 0x0000, 0x0000, 0x0000, 0x0000, 0x0000, 0x0000, // 0x05D0 (1488) pixels
    0x0000, 0x0000, 0x0000, 0x0000, 0x0000, 0x0000, 0x0000, 0x0000, 0x0000, 0x0000, 0x0000, 0x0000, 0x0000, 0x0000, 0x0000, 0x0000, // 0x05E0 (1504) pixels
    0x0000, 0x0000, 0x0000, 0x0000, 0x0000, 0x0000, 0x0000, 0x0000, 0x0000, 0x0000, 0x0000, 0x0000, 0x0000, 0x0000, 0x0000, 0x0000, // 0x05F0 (1520) pixels
    0x0000, 0x0000, 0x0000, 0x0000, 0x0000, 0x0000, 0x0000, 0x0000, 0x0000, 0x0000, 0x0000, 0x0000, 0x0000, 0x0000, 0x0000, 0x0000, // 0x0600 (1536) pixels
    0x0000, 0x0000, 0x0000, 0x0000, 0x0000, 0x0000, 0x0000, 0x0000, 0x0000, 0x0000, 0x0000, 0x0000, 0x0000, 0x0000, 0x0000, 0x0000, // 0x0610 (1552) pixels
    0x0000, 0x0000, 0x0000, 0x0000, 0x0000, 0x0000, 0x0000, 0x0000, 0x0000, 0x0000, 0x0000, 0x0000, 0x0000, 0x0000, 0x0000, 0x0000, // 0x0620 (1568) pixels
    0x0000, 0x0000, 0x0000, 0x0000, 0x0000, 0x0000, 0x0000, 0x0000, 0x0000, 0x0000, 0x0000, 0x0000, 0x0000, 0x0000, 0x0000, 0x0000, // 0x0630 (1584) pixels
    0x0000, 0x0020, 0x0000, 0x0000, 0x0000, 0x0000, 0x0000, 0x0000, 0x0000, 0x0000, 0x0000, 0x0000, 0x0000, 0x0000, 0x0000, 0x0000, // 0x0640 (1600) pixels
    0x0000, 0x0000, 0x0000, 0x0000, 0x0000, 0x0000, 0x0000, 0x0000, 0x0000, 0x0000, 0x0000, 0x0000, 0x0000, 0x0000, 0x0000, 0x0000, // 0x0650 (1616) pixels
    0x0000, 0x0000, 0x0000, 0x0000, 0x0000, 0x0000, 0x0000, 0x0000, 0x0000, 0x0000, 0x0000, 0x0000, 0x0000, 0x0000, 0x0000, 0x0000, // 0x0660 (1632) pixels
    0x0000, 0x0000, 0x0000, 0x0000, 0x0000, 0x0000, 0x0000, 0x0000, 0x0000, 0x0000, 0x0000, 0x0000, 0x0000, 0x0000, 0x0000, 0x0000, // 0x0670 (1648) pixels
    0x0000, 0x0000, 0x0000, 0x0000, 0x0000, 0x0000, 0x0000, 0x0000, 0x0000, 0x0000, 0x0000, 0x0000, 0x0000, 0x0000, 0x0000, 0x0000, // 0x0680 (1664) pixels
    0x0000, 0x0000, 0x0000, 0x0000, 0x0000, 0x0000, 0x0000, 0x0000, 0x0000, 0x0000, 0x0000, 0x0000, 0x0000, 0x0000, 0x0000, 0x0000, // 0x0690 (1680) pixels
    0x0000, 0x0000, 0x0000, 0x0000, 0x0000, 0x0000, 0x0000, 0x0000, 0x0000, 0x0000, 0x0000, 0x0000, 0x0000, 0x0000, 0x0000, 0x0000, // 0x06A0 (1696) pixels
    0x0000, 0x0000, 0x0000, 0x0000, 0x0000, 0x0000, 0x0000, 0x0000, 0x0000, 0x0000, 0x0000, 0x0000, 0x0000, 0x0000, 0x0000, 0x0000, // 0x06B0 (1712) pixels
    0x0000, 0x0000, 0x0000, 0x0000, 0x0000, 0x0000, 0x0000, 0x0000, 0x0000, 0x0000, 0x0000, 0x0000, 0x0000, 0x0000, 0x0000, 0x0000, // 0x06C0 (1728) pixels
    0x0000, 0x0000, 0x0000, 0x0000, 0x0000, 0x0000, 0x0000, 0x0000, 0x0000, 0x0000, 0x0000, 0x0000, 0x0000, 0x0000, 0x0000, 0x0000, // 0x06D0 (1744) pixels
    0x0000, 0x0000, 0x0000, 0x0000, 0x0000, 0x0000, 0x0000, 0x0000, 0x0000, 0x0000, 0x0000, 0x0000, 0x0000, 0x0000, 0x0000, 0x0000, // 0x06E0 (1760) pixels
    0x0000, 0x0000, 0x0000, 0x0000, 0x0000, 0x0000, 0x0000, 0x0020, 0x0000, 0x0000, 0x0000, 0x0000, 0x0000, 0x0000, 0x0000, 0x0000, // 0x06F0 (1776) pixels
    0x0000, 0x0000, 0x0000, 0x0000, 0x0000, 0x0000, 0x0000, 0x0000, 0x0000, 0x0000, 0x0000, 0x0000, 0x0000, 0x0000, 0x0000, 0x0000, // 0x0700 (1792) pixels
    0x0000, 0x0000, 0x0000, 0x0000, 0x0000, 0x0000, 0x0000, 0x0000, 0x0000, 0x0000, 0x0000, 0x0000, 0x0000, 0x0000, 0x0000, 0x0000, // 0x0710 (1808) pixels
    0x0000, 0x0000, 0x0000, 0x0000, 0x0000, 0x0000, 0x0000, 0x0000, 0x0000, 0x0000, 0x0000, 0x0000, 0x0000, 0x0000, 0x0000, 0x0000, // 0x0720 (1824) pixels
    0x0000, 0x0000, 0x0000, 0x0000, 0x0000, 0x0000, 0x0000, 0x0000, 0x0000, 0x0000, 0x0000, 0x0000, 0x0000, 0x0000, 0x0000, 0x0000, // 0x0730 (1840) pixels
    0x0000, 0x0000, 0x0000, 0x0000, 0x0000, 0x0000, 0x0000, 0x0000, 0x0000, 0x0000, 0x0000, 0x0000, 0x0000, 0x0000, 0x0000, 0x0000, // 0x0740 (1856) pixels
    0x0000, 0x0000, 0x0000, 0x0000, 0x0000, 0x0000, 0x0000, 0x0000, 0x0000, 0x0000, 0x0000, 0x0000, 0x0000, 0x0000, 0x0000, 0x0000, // 0x0750 (1872) pixels
    0x0000, 0x0000, 0x0000, 0x0000, 0x0000, 0x0000, 0x0000, 0x0000, 0x0000, 0x0000, 0x0000, 0x0000, 0x0000, 0x0000, 0x0000, 0x0000, // 0x0760 (1888) pixels
    0x0000, 0x0000, 0x0000, 0x0000, 0x0000, 0x0000, 0x0000, 0x0000, 0x0000, 0x0000, 0x0000, 0x0000, 0x0000, 0x0000, 0x0000, 0x0000, // 0x0770 (1904) pixels
    0x0000, 0x0000, 0x0000, 0x0000, 0x0000, 0x0000, 0x0000, 0x0000, 0x0000, 0x0000, 0x0000, 0x0000, 0x0000, 0x0000, 0x0000, 0x0000, // 0x0780 (1920) pixels
    0x0000, 0x0000, 0x0000, 0x0000, 0x0000, 0x0000, 0x0000, 0x0000, 0x0000, 0x0000, 0x0000, 0x0000, 0x0000, 0x0000, 0x0000, 0x0000, // 0x0790 (1936) pixels
    0x0000, 0x0000, 0x0000, 0x0000, 0x0000, 0x0000, 0x0000, 0x0000, 0x0000, 0x0000, 0x0000, 0x0000, 0x0000, 0x0000, 0x0000, 0x0000, // 0x07A0 (1952) pixels
    0x0000, 0x0000, 0x0000, 0x0000, 0x0020, 0x0020, 0x0020, 0x0000, 0x0000, 0x0000, 0x0000, 0x0000, 0x0000, 0x0801, 0x0000, 0x0000, // 0x07B0 (1968) pixels
    0x0000, 0x0000, 0x0000, 0x0020, 0x0000, 0x0000, 0x0000, 0x0000, 0x0000, 0x0000, 0x0000, 0x0000, 0x0000, 0x0000, 0x0000, 0x0000, // 0x07C0 (1984) pixels
    0x0000, 0x0000, 0x0000, 0x0000, 0x0000, 0x0000, 0x0000, 0x0000, 0x0000, 0x0000, 0x0000, 0x0000, 0x0000, 0x0000, 0x0000, 0x0000, // 0x07D0 (2000) pixels
    0x0000, 0x0000, 0x0000, 0x0000, 0x0000, 0x0000, 0x0000, 0x0000, 0x0000, 0x0000, 0x0000, 0x0000, 0x0000, 0x0000, 0x0000, 0x0000, // 0x07E0 (2016) pixels
    0x0000, 0x0000, 0x0000, 0x0000, 0x0000, 0x0000, 0x0000, 0x0000, 0x0000, 0x0000, 0x0000, 0x0000, 0x0000, 0x0000, 0x0000, 0x0000, // 0x07F0 (2032) pixels
    0x0000, 0x0000, 0x0000, 0x0000, 0x0000, 0x0000, 0x0000, 0x0000, 0x0000, 0x0000, 0x0000, 0x0000, 0x0000, 0x0000, 0x0000, 0x0000, // 0x0800 (2048) pixels
    0x0000, 0x0000, 0x0000, 0x0000, 0x0000, 0x0000, 0x0000, 0x0000, 0x0000, 0x0000, 0x0000, 0x0000, 0x0000, 0x0000, 0x0000, 0x0000, // 0x0810 (2064) pixels
    0x0000, 0x0000, 0x0000, 0x0000, 0x0000, 0x0000, 0x0000, 0x0000, 0x0000, 0x0000, 0x0000, 0x0000, 0x0000, 0x0000, 0x0000, 0x0000, // 0x0820 (2080) pixels
    0x0000, 0x0000, 0x0000, 0x0000, 0x0000, 0x0000, 0x0000, 0x0000, 0x0000, 0x0000, 0x0000, 0x0000, 0x0000, 0x0000, 0x0000, 0x0000, // 0x0830 (2096) pixels
    0x0000, 0x0000, 0x0000, 0x0000, 0x0000, 0x0000, 0x0000, 0x0000, 0x0000, 0x0000, 0x0000, 0x0000, 0x0000, 0x0000, 0x0000, 0x0000, // 0x0840 (2112) pixels
    0x0000, 0x0000, 0x0000, 0x0000, 0x0000, 0x0000, 0x0000, 0x0000, 0x0000, 0x0000, 0x0000, 0x0000, 0x0000, 0x0000, 0x0000, 0x0000, // 0x0850 (2128) pixels
    0x0000, 0x0000, 0x0000, 0x0000, 0x0000, 0x0000, 0x0000, 0x0000, 0x0000, 0x0000, 0x0000, 0x0000, 0x0000, 0x0000, 0x0000, 0x0000, // 0x0860 (2144) pixels
    0x0000, 0x0000, 0x0020, 0x0000, 0x0020, 0x0020, 0x0000, 0x0000, 0x0800, 0x0000, 0x0800, 0x0801, 0x0000, 0x0000, 0x0000, 0x0000, // 0x0870 (2160) pixels
    0x0000, 0x0000, 0x0000, 0x0000, 0x0000, 0x0000, 0x0000, 0x0000, 0x0000, 0x0000, 0x0000, 0x0000, 0x0000, 0x0000, 0x0000, 0x0000, // 0x0880 (2176) pixels
    0x0000, 0x0000, 0x0000, 0x0000, 0x0000, 0x0000, 0x0000, 0x0000, 0x0000, 0x0000, 0x0000, 0x0000, 0x0000, 0x0000, 0x0000, 0x0000, // 0x0890 (2192) pixels
    0x0000, 0x0000, 0x0000, 0x0000, 0x0000, 0x0000, 0x0000, 0x0000, 0x0000, 0x0000, 0x0000, 0x0000, 0x0000, 0x0000, 0x0000, 0x0000, // 0x08A0 (2208) pixels
    0x0000, 0x0000, 0x0000, 0x0000, 0x0000, 0x0000, 0x0000, 0x0000, 0x0000, 0x0000, 0x0000, 0x0000, 0x0000, 0x0000, 0x0000, 0x0000, // 0x08B0 (2224) pixels
    0x0000, 0x0000, 0x0000, 0x0000, 0x0000, 0x0000, 0x0000, 0x0000, 0x0000, 0x0000, 0x0000, 0x0000, 0x0000, 0x0000, 0x0000, 0x0000, // 0x08C0 (2240) pixels
    0x0000, 0x0000, 0x0000, 0x0000, 0x0000, 0x0000, 0x0000, 0x0000, 0x0000, 0x0000, 0x0000, 0x0000, 0x0000, 0x0000, 0x0000, 0x0000, // 0x08D0 (2256) pixels
    0x0000, 0x0000, 0x0000, 0x0000, 0x0000, 0x0000, 0x0000, 0x0000, 0x0000, 0x0000, 0x0000, 0x0000, 0x0000, 0x0000, 0x0000, 0x0000, // 0x08E0 (2272) pixels
    0x0000, 0x0000, 0x0000, 0x0000, 0x0000, 0x0000, 0x0000, 0x0000, 0x0000, 0x0000, 0x0000, 0x0000, 0x0000, 0x0000, 0x0000, 0x0000, // 0x08F0 (2288) pixels
    0x0000, 0x0000, 0x0000, 0x0000, 0x0000, 0x0000, 0x0000, 0x0000, 0x0000, 0x0000, 0x0000, 0x0000, 0x0000, 0x0000, 0x0000, 0x0000, // 0x0900 (2304) pixels
    0x0000, 0x0000, 0x0000, 0x0000, 0x0000, 0x0000, 0x0000, 0x0000, 0x0000, 0x0000, 0x0000, 0x0000, 0x0000, 0x0000, 0x0000, 0x0000, // 0x0910 (2320) pixels
    0x0000, 0x0000, 0x0000, 0x0000, 0x0000, 0x0000, 0x0000, 0x0000, 0x0000, 0x0000, 0x0000, 0x0000, 0x0000, 0x0000, 0x0000, 0x0000, // 0x0920 (2336) pixels
    0x0801, 0x0000, 0x0000, 0x0000, 0x0000, 0x0000, 0x0000, 0x0800, 0x0000, 0x0000, 0x0000, 0x0000, 0x0000, 0x0000, 0x0000, 0x0000, // 0x0930 (2352) pixels
    0x0000, 0x0000, 0x0000, 0x0000, 0x0000, 0x0000, 0x0000, 0x0000, 0x0000, 0x0000, 0x0000, 0x0000, 0x0000, 0x0000, 0x0000, 0x0000, // 0x0940 (2368) pixels
    0x0000, 0x0000, 0x0000, 0x0000, 0x0000, 0x0000, 0x0000, 0x0000, 0x0000, 0x0000, 0x0000, 0x0000, 0x0000, 0x0000, 0x0000, 0x0000, // 0x0950 (2384) pixels
    0x0000, 0x0000, 0x0000, 0x0000, 0x0000, 0x0000, 0x0000, 0x0000, 0x0000, 0x0000, 0x0000, 0x0000, 0x0000, 0x0000, 0x0000, 0x0000, // 0x0960 (2400) pixels
    0x0000, 0x0000, 0x0000, 0x0000, 0x0000, 0x0000, 0x0000, 0x0000, 0x0000, 0x0000, 0x0000, 0x0000, 0x0000, 0x0000, 0x0000, 0x0000, // 0x0970 (2416) pixels
    0x0000, 0x0000, 0x0000, 0x0000, 0x0000, 0x0000, 0x0000, 0x0000, 0x0000, 0x0000, 0x0000, 0x0000, 0x0000, 0x0000, 0x0000, 0x0000, // 0x0980 (2432) pixels
    0x0000, 0x0000, 0x0000, 0x0000, 0x0000, 0x0000, 0x0000, 0x0000, 0x0000, 0x0000, 0x0000, 0x0000, 0x0000, 0x0000, 0x0000, 0x0000, // 0x0990 (2448) pixels
    0x0000, 0x0000, 0x0000, 0x0000, 0x0000, 0x0000, 0x0000, 0x0000, 0x0000, 0x0000, 0x0000, 0x0000, 0x0000, 0x0000, 0x0000, 0x0000, // 0x09A0 (2464) pixels
    0x0000, 0x0000, 0x0000, 0x0000, 0x0000, 0x0000, 0x0000, 0x0000, 0x0000, 0x0000, 0x0000, 0x0000, 0x0000, 0x0000, 0x0000, 0x0000, // 0x09B0 (2480) pixels
    0x0000, 0x0000, 0x0000, 0x0000, 0x0000, 0x0000, 0x0000, 0x0000, 0x0000, 0x0000, 0x0000, 0x0000, 0x0000, 0x0000, 0x0000, 0x0000, // 0x09C0 (2496) pixels
    0x0000, 0x0000, 0x0000, 0x0000, 0x0000, 0x0000, 0x0000, 0x0000, 0x0000, 0x0000, 0x0000, 0x0000, 0x0000, 0x0000, 0x0000, 0x0000, // 0x09D0 (2512) pixels
    0x0000, 0x0000, 0x0000, 0x0000, 0x0000, 0x0000, 0x0000, 0x0000, 0x0000, 0x0000, 0x0000, 0x0000, 0x0000, 0x0000, 0x0001, 0x0001, // 0x09E0 (2528) pixels
    0x0021, 0x0040, 0x0040, 0x0020, 0x0000, 0x0000, 0x0080, 0x0020, 0x0000, 0x0821, 0x0001, 0x0000, 0x0000, 0x0000, 0x0000, 0x0000, // 0x09F0 (2544) pixels
    0x0000, 0x0000, 0x0000, 0x0000, 0x0000, 0x0000, 0x0000, 0x0000, 0x0000, 0x0000, 0x0000, 0x0000, 0x0000, 0x0000, 0x0000, 0x0000, // 0x0A00 (2560) pixels
    0x0000, 0x0000, 0x0000, 0x0000, 0x0000, 0x0000, 0x0000, 0x0000, 0x0000, 0x0000, 0x0000, 0x0000, 0x0000, 0x0000, 0x0000, 0x0000, // 0x0A10 (2576) pixels
    0x0000, 0x0000, 0x0000, 0x0000, 0x0000, 0x0000, 0x0000, 0x0000, 0x0000, 0x0000, 0x0000, 0x0000, 0x0000, 0x0000, 0x0000, 0x0000, // 0x0A20 (2592) pixels
    0x0000, 0x0000, 0x0000, 0x0000, 0x0000, 0x0000, 0x0000, 0x0000, 0x0000, 0x0000, 0x0000, 0x0000, 0x0000, 0x0000, 0x0000, 0x0000, // 0x0A30 (2608) pixels
    0x0000, 0x0000, 0x0000, 0x0000, 0x0000, 0x0000, 0x0000, 0x0000, 0x0000, 0x0000, 0x0000, 0x0000, 0x0000, 0x0000, 0x0000, 0x0000, // 0x0A40 (2624) pixels
    0x0000, 0x0000, 0x0000, 0x0000, 0x0000, 0x0000, 0x0000, 0x0000, 0x0000, 0x0000, 0x0000, 0x0000, 0x0000, 0x0000, 0x0000, 0x0000, // 0x0A50 (2640) pixels
    0x0000, 0x0000, 0x0000, 0x0000, 0x0000, 0x0000, 0x0000, 0x0000, 0x0000, 0x0000, 0x0000, 0x0000, 0x0000, 0x0000, 0x0000, 0x0000, // 0x0A60 (2656) pixels
    0x0000, 0x0000, 0x0000, 0x0000, 0x0000, 0x0000, 0x0000, 0x0000, 0x0000, 0x0000, 0x0000, 0x0000, 0x0000, 0x0000, 0x0000, 0x0000, // 0x0A70 (2672) pixels
    0x0000, 0x0000, 0x0000, 0x0000, 0x0000, 0x0000, 0x0000, 0x0000, 0x0000, 0x0000, 0x0000, 0x0000, 0x0000, 0x0000, 0x0000, 0x0000, // 0x0A80 (2688) pixels
    0x0000, 0x0000, 0x0000, 0x0000, 0x0000, 0x0000, 0x0000, 0x0000, 0x0000, 0x0000, 0x0000, 0x0000, 0x0000, 0x0000, 0x0000, 0x0000, // 0x0A90 (2704) pixels
    0x0000, 0x0000, 0x0000, 0x0000, 0x0000, 0x0000, 0x0000, 0x0000, 0x0000, 0x0000, 0x0000, 0x0020, 0x0020, 0x3A67, 0x5BEB, 0x5429, // 0x0AA0 (2720) pixels
    0x5448, 0x5C69, 0x5C49, 0x642A, 0x3B47, 0x0141, 0x0020, 0x0021, 0x0800, 0x0000, 0x0000, 0x0000, 0x0000, 0x0000, 0x0000, 0x0000, // 0x0AB0 (2736) pixels
    0x0000, 0x0000, 0x0000, 0x0000, 0x0000, 0x0000, 0x0000, 0x0000, 0x0000, 0x0000, 0x0000, 0x0000, 0x0000, 0x0000, 0x0000, 0x0000, // 0x0AC0 (2752) pixels
    0x0000, 0x0000, 0x0000, 0x0000, 0x0000, 0x0000, 0x0000, 0x0000, 0x0000, 0x0000, 0x0000, 0x0000, 0x0000, 0x0000, 0x0000, 0x0000, // 0x0AD0 (2768) pixels
    0x0000, 0x0000, 0x0000, 0x0000, 0x0000, 0x0000, 0x0000, 0x0000, 0x0000, 0x0000, 0x0000, 0x0000, 0x0000, 0x0000, 0x0000, 0x0000, // 0x0AE0 (2784) pixels
    0x0000, 0x0000, 0x0000, 0x0000, 0x0000, 0x0000, 0x0000, 0x0000, 0x0000, 0x0000, 0x0000, 0x0000, 0x0000, 0x0000, 0x0000, 0x0000, // 0x0AF0 (2800) pixels
    0x0000, 0x0000, 0x0000, 0x0000, 0x0000, 0x0000, 0x0000, 0x0000, 0x0000, 0x0000, 0x0000, 0x0000, 0x0000, 0x0000, 0x0000, 0x0000, // 0x0B00 (2816) pixels
    0x0000, 0x0000, 0x0000, 0x0000, 0x0000, 0x0000, 0x0000, 0x0000, 0x0000, 0x0000, 0x0000, 0x0000, 0x0000, 0x0000, 0x0000, 0x0000, // 0x0B10 (2832) pixels
    0x0000, 0x0000, 0x0000, 0x0000, 0x0000, 0x0000, 0x0000, 0x0000, 0x0000, 0x0000, 0x0000, 0x0000, 0x0000, 0x0000, 0x0000, 0x0000, // 0x0B20 (2848) pixels
    0x0000, 0x0000, 0x0000, 0x0000, 0x0000, 0x0000, 0x0000, 0x0000, 0x0000, 0x0000, 0x0000, 0x0000, 0x0000, 0x0000, 0x0000, 0x0000, // 0x0B30 (2864) pixels
    0x0000, 0x0000, 0x0000, 0x0000, 0x0000, 0x0000, 0x0000, 0x0000, 0x0000, 0x0000, 0x0000, 0x0000, 0x0000, 0x0000, 0x0000, 0x0000, // 0x0B40 (2880) pixels
    0x0000, 0x0000, 0x0000, 0x0000, 0x0000, 0x0000, 0x0000, 0x0000, 0x0000, 0x0000, 0x0000, 0x0000, 0x0000, 0x0000, 0x0000, 0x0000, // 0x0B50 (2896) pixels
    0x0000, 0x0000, 0x0000, 0x0000, 0x0000, 0x0000, 0x0000, 0x0020, 0x0020, 0x0020, 0x0080, 0x74EC, 0xC7F5, 0xBFF2, 0xAFF0, 0xB7F1, // 0x0B60 (2912) pixels
    0xB7F2, 0xB7F2, 0x8611, 0x2264, 0x0040, 0x0000, 0x0800, 0x0000, 0x0020, 0x0000, 0x0000, 0x0000, 0x0000, 0x0000, 0x0000, 0x0000, // 0x0B70 (2928) pixels
    0x0000, 0x0000, 0x0000, 0x0000, 0x0000, 0x0000, 0x0000, 0x0000, 0x0000, 0x0000, 0x0000, 0x0000, 0x0000, 0x0000, 0x0000, 0x0000, // 0x0B80 (2944) pixels
    0x0000, 0x0000, 0x0000, 0x0000, 0x0000, 0x0000, 0x0000, 0x0000, 0x0000, 0x0000, 0x0000, 0x0000, 0x0000, 0x0000, 0x0000, 0x0000, // 0x0B90 (2960) pixels
    0x0000, 0x0000, 0x0000, 0x0000, 0x0000, 0x0000, 0x0000, 0x0000, 0x0000, 0x0000, 0x0000, 0x0000, 0x0000, 0x0000, 0x0000, 0x0000, // 0x0BA0 (2976) pixels
    0x0000, 0x0000, 0x0000, 0x0000, 0x0000, 0x0000, 0x0000, 0x0000, 0x0000, 0x0000, 0x0000, 0x0000, 0x0000, 0x0000, 0x0000, 0x0000, // 0x0BB0 (2992) pixels
    0x0000, 0x0000, 0x0000, 0x0000, 0x0000, 0x0000, 0x0000, 0x0000, 0x0000, 0x0000, 0x0000, 0x0000, 0x0000, 0x0000, 0x0000, 0x0000, // 0x0BC0 (3008) pixels
    0x0000, 0x0000, 0x0000, 0x0000, 0x0000, 0x0000, 0x0000, 0x0000, 0x0000, 0x0000, 0x0000, 0x0000, 0x0000, 0x0000, 0x0000, 0x0000, // 0x0BD0 (3024) pixels
    0x0000, 0x0000, 0x0000, 0x0000, 0x0000, 0x0000, 0x0000, 0x0000, 0x0000, 0x0000, 0x0000, 0x0000, 0x0000, 0x0000, 0x0000, 0x0000, // 0x0BE0 (3040) pixels
    0x0000, 0x0000, 0x0000, 0x0000, 0x0000, 0x0000, 0x0000, 0x0000, 0x0000, 0x0000, 0x0000, 0x0000, 0x0000, 0x0000, 0x0000, 0x0000, // 0x0BF0 (3056) pixels
    0x0000, 0x0000, 0x0000, 0x0000, 0x0000, 0x0000, 0x0000, 0x0000, 0x0000, 0x0000, 0x0000, 0x0000, 0x0000, 0x0000, 0x0000, 0x0000, // 0x0C00 (3072) pixels
    0x0000, 0x0000, 0x0000, 0x0001, 0x0001, 0x0001, 0x0000, 0x0000, 0x0000, 0x0000, 0x0000, 0x0000, 0x0000, 0x0000, 0x0000, 0x0000, // 0x0C10 (3088) pixels
    0x0000, 0x0020, 0x0020, 0x00A2, 0x0081, 0x0080, 0x1201, 0x6D8B, 0x6E0A, 0x970E, 0xAFB0, 0x5E48, 0x5ECA, 0x5ECA, 0x66CA, 0x5E8A, // 0x0C20 (3104) pixels
    0x5668, 0x2323, 0x1102, 0x10C2, 0x0081, 0x0021, 0x0021, 0x0000, 0x0800, 0x0000, 0x0000, 0x0000, 0x0020, 0x0000, 0x0020, 0x0000, // 0x0C30 (3120) pixels
    0x0000, 0x0000, 0x0000, 0x0020, 0x0000, 0x0020, 0x0040, 0x0800, 0x0000, 0x0000, 0x0000, 0x0000, 0x0000, 0x0000, 0x0000, 0x0000, // 0x0C40 (3136) pixels
    0x0000, 0x0000, 0x0000, 0x0000, 0x0000, 0x0000, 0x0000, 0x0000, 0x0000, 0x0000, 0x0000, 0x0000, 0x0000, 0x0000, 0x0000, 0x0000, // 0x0C50 (3152) pixels
    0x0000, 0x0000, 0x0000, 0x0000, 0x0000, 0x0000, 0x0000, 0x0000, 0x0000, 0x0000, 0x0000, 0x0000, 0x0000, 0x0000, 0x0000, 0x0000, // 0x0C60 (3168) pixels
    0x0000, 0x0000, 0x0000, 0x0000, 0x0000, 0x0000, 0x0000, 0x0000, 0x0000, 0x0000, 0x0000, 0x0000, 0x0000, 0x0000, 0x0000, 0x0000, // 0x0C70 (3184) pixels
    0x0000, 0x0000, 0x0000, 0x0000, 0x0000, 0x0000, 0x0000, 0x0000, 0x0000, 0x0000, 0x0000, 0x0000, 0x0000, 0x0000, 0x0000, 0x0000, // 0x0C80 (3200) pixels
    0x0000, 0x0000, 0x0000, 0x0000, 0x0000, 0x0000, 0x0000, 0x0000, 0x0000, 0x0000, 0x0000, 0x0000, 0x0000, 0x0000, 0x0000, 0x0000, // 0x0C90 (3216) pixels
    0x0000, 0x0000, 0x0000, 0x0000, 0x0000, 0x0000, 0x0000, 0x0000, 0x0000, 0x0000, 0x0000, 0x0000, 0x0000, 0x0000, 0x0000, 0x0000, // 0x0CA0 (3232) pixels
    0x0000, 0x0000, 0x0000, 0x0000, 0x0000, 0x0000, 0x0000, 0x0000, 0x0000, 0x0000, 0x0000, 0x0000, 0x0000, 0x0000, 0x0000, 0x0000, // 0x0CB0 (3248) pixels
    0x0000, 0x0000, 0x0000, 0x0000, 0x0000, 0x0000, 0x0000, 0x0020, 0x0000, 0x0000, 0x0000, 0x0000, 0x0000, 0x0000, 0x0020, 0x0000, // 0x0CC0 (3264) pixels
    0x0000, 0x0000, 0x0000, 0x0000, 0x0000, 0x0000, 0x0000, 0x0000, 0x0000, 0x0000, 0x0000, 0x0000, 0x0020, 0x0020, 0x1000, 0x0000, // 0x0CD0 (3280) pixels
    0x0080, 0x2B08, 0x2B68, 0x12E4, 0x3446, 0x9FF2, 0xA7F1, 0xAFB0, 0x9F4F, 0x55E9, 0x45E9, 0x4609, 0x460A, 0x462A, 0x564B, 0x5DEB, // 0x0CE0 (3296) pixels
    0x658C, 0x54CD, 0x1A67, 0x0062, 0x0000, 0x0000, 0x0040, 0x0000, 0x0020, 0x0020, 0x0020, 0x0000, 0x0000, 0x0000, 0x0000, 0x0000, // 0x0CF0 (3312) pixels
    0x0800, 0x0800, 0x0800, 0x0000, 0x0000, 0x0000, 0x0000, 0x0000, 0x0000, 0x0000, 0x0000, 0x0000, 0x0000, 0x0000, 0x0000, 0x0000, // 0x0D00 (3328) pixels
    0x0000, 0x0000, 0x0000, 0x0000, 0x0000, 0x0000, 0x0000, 0x0000, 0x0000, 0x0000, 0x0000, 0x0000, 0x0000, 0x0000, 0x0000, 0x0000, // 0x0D10 (3344) pixels
    0x0000, 0x0000, 0x0000, 0x0000, 0x0000, 0x0000, 0x0000, 0x0000, 0x0000, 0x0000, 0x0000, 0x0000, 0x0000, 0x0000, 0x0000, 0x0000, // 0x0D20 (3360) pixels
    0x0000, 0x0000, 0x0000, 0x0000, 0x0000, 0x0000, 0x0000, 0x0000, 0x0000, 0x0000, 0x0000, 0x0000, 0x0000, 0x0000, 0x0000, 0x0000, // 0x0D30 (3376) pixels
    0x0000, 0x0000, 0x0000, 0x0000, 0x0000, 0x0000, 0x0000, 0x0000, 0x0000, 0x0000, 0x0000, 0x0000, 0x0000, 0x0000, 0x0000, 0x0000, // 0x0D40 (3392) pixels
    0x0000, 0x0000, 0x0000, 0x0000, 0x0000, 0x0000, 0x0000, 0x0000, 0x0000, 0x0000, 0x0000, 0x0000, 0x0000, 0x0000, 0x0000, 0x0000, // 0x0D50 (3408) pixels
    0x0000, 0x0000, 0x0000, 0x0000, 0x0000, 0x0000, 0x0000, 0x0000, 0x0000, 0x0000, 0x0000, 0x0000, 0x0000, 0x0000, 0x0000, 0x0000, // 0x0D60 (3424) pixels
    0x0000, 0x0000, 0x0000, 0x0000, 0x0000, 0x0000, 0x0000, 0x0000, 0x0000, 0x0000, 0x0000, 0x0000, 0x0000, 0x0000, 0x0000, 0x0000, // 0x0D70 (3440) pixels
    0x0000, 0x0000, 0x0000, 0x0000, 0x0000, 0x0020, 0x0000, 0x0000, 0x0020, 0x0000, 0x0000, 0x0000, 0x0000, 0x0000, 0x0020, 0x0020, // 0x0D80 (3456) pixels
    0x0020, 0x0000, 0x0020, 0x0000, 0x0000, 0x0000, 0x0000, 0x0000, 0x0000, 0x0000, 0x0000, 0x0000, 0x1020, 0x1142, 0x01E1, 0x1BE7, // 0x0D90 (3472) pixels
    0x3D2A, 0x55CB, 0x6E4B, 0x8F8E, 0x66AB, 0x5DEA, 0x65CB, 0x454A, 0x34E9, 0x3D0A, 0x3CEA, 0x34C9, 0x2CC9, 0x4609, 0x4EA9, 0x4DEB, // 0x0DA0 (3488) pixels
    0x12E7, 0x0082, 0x1164, 0x2A85, 0x3B26, 0x3305, 0x4387, 0x4B87, 0x5388, 0x63AB, 0x2184, 0x0000, 0x0000, 0x0000, 0x0821, 0x0001, // 0x0DB0 (3504) pixels
    0x0000, 0x0021, 0x0000, 0x0000, 0x0000, 0x0000, 0x0000, 0x0000, 0x0000, 0x0000, 0x0000, 0x0000, 0x0000, 0x0000, 0x0000, 0x0000, // 0x0DC0 (3520) pixels
    0x0000, 0x0000, 0x0000, 0x0000, 0x0000, 0x0000, 0x0000, 0x0000, 0x0000, 0x0000, 0x0000, 0x0000, 0x0000, 0x0000, 0x0000, 0x0000, // 0x0DD0 (3536) pixels
    0x0000, 0x0000, 0x0000, 0x0000, 0x0000, 0x0000, 0x0000, 0x0000, 0x0000, 0x0000, 0x0000, 0x0000, 0x0000, 0x0000, 0x0000, 0x0000, // 0x0DE0 (3552) pixels
    0x0000, 0x0000, 0x0000, 0x0000, 0x0000, 0x0000, 0x0000, 0x0000, 0x0000, 0x0000, 0x0000, 0x0000, 0x0000, 0x0000, 0x0000, 0x0000, // 0x0DF0 (3568) pixels
    0x0000, 0x0000, 0x0000, 0x0000, 0x0000, 0x0000, 0x0000, 0x0000, 0x0000, 0x0000, 0x0000, 0x0000, 0x0000, 0x0000, 0x0000, 0x0000, // 0x0E00 (3584) pixels
    0x0000, 0x0000, 0x0000, 0x0000, 0x0000, 0x0000, 0x0000, 0x0000, 0x0000, 0x0000, 0x0000, 0x0000, 0x0000, 0x0000, 0x0000, 0x0000, // 0x0E10 (3600) pixels
    0x0000, 0x0000, 0x0000, 0x0000, 0x0000, 0x0000, 0x0000, 0x0000, 0x0000, 0x0000, 0x0000, 0x0000, 0x0000, 0x0000, 0x0000, 0x0000, // 0x0E20 (3616) pixels
    0x0000, 0x0000, 0x0000, 0x0000, 0x0000, 0x0000, 0x0000, 0x0000, 0x0000, 0x0000, 0x0000, 0x0000, 0x0000, 0x0000, 0x0000, 0x0000, // 0x0E30 (3632) pixels
    0x0000, 0x0000, 0x0000, 0x0000, 0x0000, 0x0000, 0x0000, 0x0000, 0x0000, 0x0000, 0x0000, 0x0020, 0x0020, 0x0000, 0x0000, 0x0000, // 0x0E40 (3648) pixels
    0x0821, 0x0000, 0x0000, 0x0000, 0x0000, 0x0000, 0x0000, 0x0000, 0x0000, 0x0000, 0x01A1, 0x3C29, 0x2446, 0x2CA6, 0x664B, 0xA7F1, // 0x0E50 (3664) pixels
    0xA7D0, 0x972D, 0x3E49, 0x3D68, 0x4D0A, 0x3429, 0x0264, 0x1204, 0x11E4, 0x1A04, 0x1366, 0x3D87, 0x4EA7, 0x4E09, 0x1325, 0x0141, // 0x0E60 (3680) pixels
    0x1B07, 0x346C, 0x9732, 0xA7B3, 0xAFF3, 0xB7F4, 0xBFF4, 0xBF95, 0x4BA9, 0x0040, 0x0040, 0x0020, 0x0020, 0x0060, 0x0040, 0x0000, // 0x0E70 (3696) pixels
    0x0001, 0x0000, 0x0000, 0x0000, 0x0000, 0x0000, 0x0000, 0x0000, 0x0000, 0x0000, 0x0000, 0x0000, 0x0000, 0x0000, 0x0000, 0x0000, // 0x0E80 (3712) pixels
    0x0000, 0x0000, 0x0000, 0x0000, 0x0000, 0x0000, 0x0000, 0x0000, 0x0000, 0x0000, 0x0000, 0x0000, 0x0000, 0x0000, 0x0000, 0x0000, // 0x0E90 (3728) pixels
    0x0000, 0x0000, 0x0000, 0x0000, 0x0000, 0x0000, 0x0000, 0x0000, 0x0000, 0x0000, 0x0000, 0x0000, 0x0000, 0x0000, 0x0000, 0x0000, // 0x0EA0 (3744) pixels
    0x0000, 0x0000, 0x0000, 0x0000, 0x0000, 0x0000, 0x0000, 0x0000, 0x0000, 0x0000, 0x0000, 0x0000, 0x0000, 0x0000, 0x0000, 0x0000, // 0x0EB0 (3760) pixels
    0x0000, 0x0000, 0x0000, 0x0000, 0x0000, 0x0000, 0x0000, 0x0000, 0x0000, 0x0000, 0x0000, 0x0000, 0x0000, 0x0000, 0x0000, 0x0000, // 0x0EC0 (3776) pixels
    0x0000, 0x0000, 0x0000, 0x0000, 0x0000, 0x0000, 0x0000, 0x0000, 0x0000, 0x0000, 0x0000, 0x0000, 0x0000, 0x0000, 0x0000, 0x0000, // 0x0ED0 (3792) pixels
    0x0000, 0x0000, 0x0000, 0x0000, 0x0000, 0x0000, 0x0000, 0x0000, 0x0000, 0x0000, 0x0000, 0x0000, 0x0000, 0x0000, 0x0000, 0x0000, // 0x0EE0 (3808) pixels
    0x0000, 0x0000, 0x0000, 0x0000, 0x0000, 0x0000, 0x0000, 0x0000, 0x0000, 0x0000, 0x0000, 0x0000, 0x0000, 0x0000, 0x0000, 0x0000, // 0x0EF0 (3824) pixels
    0x0000, 0x0000, 0x0000, 0x0000, 0x0000, 0x0000, 0x0020, 0x0000, 0x0002, 0x0001, 0x0001, 0x0000, 0x0041, 0x0000, 0x0000, 0x0000, // 0x0F00 (3840) pixels
    0x0000, 0x0000, 0x0000, 0x0001, 0x0001, 0x0001, 0x0001, 0x0001, 0x02C2, 0x5DED, 0x664C, 0x7EAC, 0x9F4E, 0x9F6E, 0x766A, 0x666A, // 0x0F10 (3856) pixels
    0x460A, 0x23E5, 0x22C5, 0x11E5, 0x0041, 0x0001, 0x0000, 0x0000, 0x1B07, 0x4D4A, 0x5629, 0x5E2A, 0x4D69, 0x3CA8, 0x344A, 0x0265, // 0x0F20 (3872) pixels
    0x3D07, 0x666B, 0x5E69, 0x66A9, 0x6EAA, 0x7EAC, 0x4CC8, 0x2324, 0x22E5, 0x12C4, 0x0080, 0x3020, 0x4821, 0x1800, 0x0000, 0x0020, // 0x0F30 (3888) pixels
    0x0000, 0x0000, 0x0000, 0x0000, 0x0000, 0x0000, 0x0000, 0x0000, 0x0000, 0x0000, 0x0000, 0x0000, 0x0000, 0x0000, 0x0000, 0x0000, // 0x0F40 (3904) pixels
    0x0000, 0x0000, 0x0000, 0x0000, 0x0000, 0x0000, 0x0000, 0x0000, 0x0000, 0x0000, 0x0000, 0x0000, 0x0000, 0x0000, 0x0000, 0x0000, // 0x0F50 (3920) pixels
    0x0000, 0x0000, 0x0000, 0x0000, 0x0000, 0x0000, 0x0000, 0x0000, 0x0000, 0x0000, 0x0000, 0x0000, 0x0000, 0x0000, 0x0000, 0x0000, // 0x0F60 (3936) pixels
    0x0000, 0x0000, 0x0000, 0x0000, 0x0000, 0x0000, 0x0000, 0x0000, 0x0000, 0x0000, 0x0000, 0x0000, 0x0000, 0x0000, 0x0000, 0x0000, // 0x0F70 (3952) pixels
    0x0000, 0x0000, 0x0000, 0x0000, 0x0000, 0x0000, 0x0000, 0x0000, 0x0000, 0x0000, 0x0000, 0x0000, 0x0000, 0x0000, 0x0000, 0x0000, // 0x0F80 (3968) pixels
    0x0000, 0x0000, 0x0000, 0x0000, 0x0000, 0x0000, 0x0000, 0x0000, 0x0000, 0x0000, 0x0000, 0x0000, 0x0000, 0x0000, 0x0000, 0x0000, // 0x0F90 (3984) pixels
    0x0000, 0x0000, 0x0000, 0x0000, 0x0000, 0x0000, 0x0000, 0x0000, 0x0000, 0x0000, 0x0000, 0x0000, 0x0000, 0x0000, 0x0000, 0x0000, // 0x0FA0 (4000) pixels
    0x0000, 0x0000, 0x0000, 0x0000, 0x0000, 0x0000, 0x0000, 0x0000, 0x0000, 0x0000, 0x0000, 0x0000, 0x0000, 0x0000, 0x0000, 0x0000, // 0x0FB0 (4016) pixels
    0x0000, 0x0000, 0x0000, 0x0841, 0x0000, 0x0000, 0x0802, 0x0000, 0x0040, 0x0060, 0x0900, 0x00E0, 0x00A0, 0x08E0, 0x00E0, 0x00E0, // 0x0FC0 (4032) pixels
    0x00E0, 0x00E0, 0x00E0, 0x00E0, 0x00E0, 0x00E0, 0x4446, 0x9710, 0x9F70, 0xB7F0, 0xB7EF, 0x8F2C, 0x45C8, 0x362B, 0x5D6C, 0x09C1, // 0x0FD0 (4048) pixels
    0x0020, 0x0000, 0x0002, 0x0823, 0x0002, 0x0000, 0x1A25, 0x4C6B, 0x556C, 0x562B, 0x56AA, 0x5E8A, 0x4CC9, 0x00C1, 0x1323, 0x4D6A, // 0x0FE0 (4064) pixels
    0x5609, 0x4E27, 0x3DC5, 0x45C6, 0x55E8, 0x6E4B, 0x6E4C, 0x5E8D, 0x3AC3, 0xA925, 0xC907, 0x3800, 0x0020, 0x0040, 0x0000, 0x0000, // 0x0FF0 (4080) pixels
    0x0000, 0x0000, 0x0000, 0x0000, 0x0000, 0x0000, 0x0000, 0x0000, 0x0000, 0x0000, 0x0000, 0x0000, 0x0000, 0x0000, 0x0000, 0x0000, // 0x1000 (4096) pixels
    0x0000, 0x0000, 0x0000, 0x0000, 0x0000, 0x0000, 0x0000, 0x0000, 0x0000, 0x0000, 0x0000, 0x0000, 0x0000, 0x0000, 0x0000, 0x0000, // 0x1010 (4112) pixels
    0x0000, 0x0000, 0x0000, 0x0000, 0x0000, 0x0000, 0x0000, 0x0000, 0x0000, 0x0000, 0x0000, 0x0000, 0x0000, 0x0000, 0x0000, 0x0000, // 0x1020 (4128) pixels
    0x0000, 0x0000, 0x0000, 0x0000, 0x0000, 0x0000, 0x0000, 0x0000, 0x0000, 0x0000, 0x0000, 0x0000, 0x0000, 0x0000, 0x0000, 0x0000, // 0x1030 (4144) pixels
    0x0000, 0x0000, 0x0000, 0x0000, 0x0000, 0x0000, 0x0000, 0x0000, 0x0000, 0x0000, 0x0000, 0x0000, 0x0000, 0x0000, 0x0000, 0x0000, // 0x1040 (4160) pixels
    0x0000, 0x0000, 0x0000, 0x0000, 0x0000, 0x0000, 0x0000, 0x0000, 0x0000, 0x0000, 0x0000, 0x0000, 0x0000, 0x0000, 0x0000, 0x0000, // 0x1050 (4176) pixels
    0x0000, 0x0000, 0x0000, 0x0000, 0x0000, 0x0000, 0x0000, 0x0000, 0x0000, 0x0000, 0x0000, 0x0000, 0x0000, 0x0000, 0x0000, 0x0000, // 0x1060 (4192) pixels
    0x0000, 0x0000, 0x0000, 0x0000, 0x0000, 0x0000, 0x0000, 0x0000, 0x0000, 0x0000, 0x0000, 0x0000, 0x0000, 0x0000, 0x0000, 0x0000, // 0x1070 (4208) pixels
    0x0020, 0x0000, 0x0000, 0x0841, 0x0020, 0x00C0, 0x53C8, 0x6D4B, 0x864E, 0x8E8E, 0x8E4E, 0x8E4E, 0x866E, 0x866E, 0x866E, 0x8E6E, // 0x1080 (4224) pixels
    0x8E6E, 0x8E6E, 0x8E6E, 0x8E6E, 0x9F10, 0xB7F3, 0x9FAF, 0x8F6C, 0x7EEA, 0x668A, 0x2D28, 0x14C9, 0x43EA, 0x00E1, 0x0000, 0x0801, // 0x1090 (4240) pixels
    0x0803, 0x0002, 0x0001, 0x0021, 0x0060, 0x0144, 0x0286, 0x2CE8, 0x4667, 0x5688, 0x4D09, 0x09C2, 0x0122, 0x1264, 0x44A9, 0x560A, // 0x10A0 (4256) pixels
    0x5669, 0x4E27, 0x5648, 0x5E49, 0x6E8A, 0x5F2C, 0x44A6, 0x9328, 0xA208, 0x2000, 0x0020, 0x0000, 0x0000, 0x0000, 0x0000, 0x0000, // 0x10B0 (4272) pixels
    0x0000, 0x0000, 0x0000, 0x0000, 0x0000, 0x0000, 0x0000, 0x0000, 0x0000, 0x0000, 0x0000, 0x0000, 0x0000, 0x0000, 0x0000, 0x0000, // 0x10C0 (4288) pixels
    0x0000, 0x0000, 0x0000, 0x0000, 0x0000, 0x0000, 0x0000, 0x0000, 0x0000, 0x0000, 0x0000, 0x0000, 0x0000, 0x0000, 0x0000, 0x0000, // 0x10D0 (4304) pixels
    0x0000, 0x0000, 0x0000, 0x0000, 0x0000, 0x0000, 0x0000, 0x0000, 0x0000, 0x0000, 0x0000, 0x0000, 0x0000, 0x0000, 0x0000, 0x0000, // 0x10E0 (4320) pixels
    0x0000, 0x0000, 0x0000, 0x0000, 0x0000, 0x0000, 0x0000, 0x0000, 0x0000, 0x0000, 0x0000, 0x0000, 0x0000, 0x0000, 0x0000, 0x0000, // 0x10F0 (4336) pixels
    0x0000, 0x0000, 0x0000, 0x0000, 0x0000, 0x0000, 0x0000, 0x0000, 0x0000, 0x0000, 0x0000, 0x0000, 0x0000, 0x0000, 0x0000, 0x0000, // 0x1100 (4352) pixels
    0x0000, 0x0000, 0x0000, 0x0000, 0x0000, 0x0000, 0x0000, 0x0000, 0x0000, 0x0000, 0x0000, 0x0000, 0x0000, 0x0000, 0x0000, 0x0000, // 0x1110 (4368) pixels
    0x0000, 0x0000, 0x0000, 0x0000, 0x0000, 0x0000, 0x0000, 0x0000, 0x0000, 0x0000, 0x0000, 0x0000, 0x0000, 0x0000, 0x0000, 0x0000, // 0x1120 (4384) pixels
    0x0000, 0x0000, 0x0000, 0x0000, 0x0000, 0x0000, 0x0000, 0x0000, 0x0000, 0x0000, 0x0000, 0x0000, 0x0000, 0x0000, 0x0020, 0x0000, // 0x1130 (4400) pixels
    0x0861, 0x5ACB, 0x5BC9, 0x6469, 0xAF72, 0x9F8F, 0x7F2B, 0x7F2A, 0x874B, 0x872A, 0x874B, 0x874B, 0x874B, 0x874B, 0x874B, 0x874B, // 0x1140 (4416) pixels
    0x874B, 0x874B, 0x7EAC, 0x6EAB, 0x5688, 0x56C8, 0x4E06, 0x4DC8, 0x34A9, 0x2C2B, 0x0AA6, 0x1164, 0x4A4A, 0x5A4B, 0x5A4C, 0x20A5, // 0x1150 (4432) pixels
    0x0802, 0x0021, 0x0000, 0x0023, 0x0A07, 0x4D2A, 0x5687, 0x4667, 0x564C, 0x452B, 0x426C, 0x0061, 0x1264, 0x3C88, 0x4DC9, 0x4E08, // 0x1160 (4448) pixels
    0x4E08, 0x3D65, 0x7669, 0x5EEB, 0x3E8A, 0x460C, 0x2346, 0x0040, 0x0000, 0x0801, 0x0000, 0x0000, 0x0000, 0x0000, 0x0000, 0x0000, // 0x1170 (4464) pixels
    0x0000, 0x0000, 0x0000, 0x0000, 0x0000, 0x0000, 0x0000, 0x0000, 0x0000, 0x0000, 0x0000, 0x0000, 0x0000, 0x0000, 0x0000, 0x0000, // 0x1180 (4480) pixels
    0x0000, 0x0000, 0x0000, 0x0000, 0x0000, 0x0000, 0x0000, 0x0000, 0x0000, 0x0000, 0x0000, 0x0000, 0x0000, 0x0000, 0x0000, 0x0000, // 0x1190 (4496) pixels
    0x0000, 0x0000, 0x0000, 0x0000, 0x0000, 0x0000, 0x0000, 0x0000, 0x0000, 0x0000, 0x0000, 0x0000, 0x0000, 0x0000, 0x0000, 0x0000, // 0x11A0 (4512) pixels
    0x0000, 0x0000, 0x0000, 0x0000, 0x0000, 0x0000, 0x0000, 0x0000, 0x0000, 0x0000, 0x0000, 0x0000, 0x0000, 0x0000, 0x0000, 0x0000, // 0x11B0 (4528) pixels
    0x0000, 0x0000, 0x0000, 0x0000, 0x0000, 0x0000, 0x0000, 0x0000, 0x0000, 0x0000, 0x0000, 0x0000, 0x0000, 0x0000, 0x0000, 0x0000, // 0x11C0 (4544) pixels
    0x0000, 0x0000, 0x0000, 0x0000, 0x0000, 0x0000, 0x0000, 0x0000, 0x0000, 0x0000, 0x0000, 0x0000, 0x0000, 0x0000, 0x0000, 0x0000, // 0x11D0 (4560) pixels
    0x0000, 0x0000, 0x0000, 0x0000, 0x0000, 0x0000, 0x0000, 0x0000, 0x0000, 0x0000, 0x0000, 0x0000, 0x0000, 0x0000, 0x0000, 0x0000, // 0x11E0 (4576) pixels
    0x0000, 0x0000, 0x0000, 0x0000, 0x0000, 0x0000, 0x0000, 0x0000, 0x0000, 0x0000, 0x0000, 0x0000, 0x0060, 0x0940, 0x09C0, 0x968F, // 0x11F0 (4592) pixels
    0xA7F2, 0x9FB1, 0x7ECC, 0x5E28, 0x45C6, 0x4E27, 0x4E07, 0x55C7, 0x4E08, 0x4E08, 0x4DE7, 0x4E28, 0x4E08, 0x4E08, 0x5629, 0x4E08, // 0x1200 (4608) pixels
    0x4E07, 0x55E8, 0x4D88, 0x34E7, 0x3529, 0x34CA, 0x3C8B, 0x1306, 0x0103, 0x8431, 0xFFFF, 0xFFFF, 0xFFDF, 0x526A, 0x0022, 0x1803, // 0x1210 (4624) pixels
    0x0802, 0x0042, 0x0104, 0x2B6A, 0x3CCB, 0x3D49, 0x45E9, 0x5649, 0x3C8B, 0x0081, 0x0063, 0x1348, 0x45EB, 0x4E29, 0x45EA, 0x2C89, // 0x1220 (4640) pixels
    0x4DAB, 0x456A, 0x2487, 0x3549, 0x2C87, 0x0A83, 0x0040, 0x0802, 0x0001, 0x0800, 0x1040, 0x0001, 0x0000, 0x0800, 0x0000, 0x0020, // 0x1230 (4656) pixels
    0x0000, 0x0000, 0x0000, 0x0000, 0x0000, 0x0000, 0x0000, 0x0000, 0x0000, 0x0000, 0x0000, 0x0000, 0x0000, 0x0000, 0x0000, 0x0000, // 0x1240 (4672) pixels
    0x0000, 0x0000, 0x0000, 0x0000, 0x0000, 0x0000, 0x0000, 0x0000, 0x0000, 0x0000, 0x0000, 0x0000, 0x0000, 0x0000, 0x0000, 0x0000, // 0x1250 (4688) pixels
    0x0000, 0x0000, 0x0000, 0x0000, 0x0000, 0x0000, 0x0000, 0x0000, 0x0000, 0x0000, 0x0000, 0x0000, 0x0000, 0x0000, 0x0000, 0x0000, // 0x1260 (4704) pixels
    0x0000, 0x0000, 0x0000, 0x0000, 0x0000, 0x0000, 0x0000, 0x0000, 0x0000, 0x0000, 0x0000, 0x0000, 0x0000, 0x0000, 0x0000, 0x0000, // 0x1270 (4720) pixels
    0x0000, 0x0000, 0x0000, 0x0000, 0x0000, 0x0000, 0x0000, 0x0000, 0x0000, 0x0000, 0x0000, 0x0000, 0x0000, 0x0000, 0x0000, 0x0000, // 0x1280 (4736) pixels
    0x0000, 0x0000, 0x0000, 0x0000, 0x0000, 0x0000, 0x0000, 0x0000, 0x0000, 0x0000, 0x0000, 0x0000, 0x0000, 0x0000, 0x0000, 0x0000, // 0x1290 (4752) pixels
    0x0000, 0x0000, 0x0000, 0x0000, 0x0000, 0x0000, 0x0000, 0x0000, 0x0000, 0x0000, 0x0000, 0x0000, 0x0000, 0x0000, 0x0000, 0x0000, // 0x12A0 (4768) pixels
    0x0000, 0x0000, 0x0000, 0x0000, 0x0000, 0x0000, 0x0000, 0x0000, 0x0000, 0x0000, 0x1101, 0x8DD0, 0x8EAF, 0x6E0A, 0x55C9, 0x55C8, // 0x12B0 (4784) pixels
    0x55C7, 0x4DE7, 0x4607, 0x4E48, 0x5628, 0x5DE8, 0x4E28, 0x4E07, 0x4DC7, 0x4E07, 0x4E07, 0x5608, 0x5629, 0x4DE8, 0x4E8A, 0x562A, // 0x12C0 (4800) pixels
    0x4D69, 0x3468, 0x23A7, 0x01C3, 0x0123, 0x0020, 0x0020, 0x8431, 0xFFFF, 0xFFFF, 0xFFFF, 0x526A, 0x0001, 0x3024, 0x1823, 0x0002, // 0x12D0 (4816) pixels
    0x0041, 0x0A46, 0x1B87, 0x2CC8, 0x4DE9, 0x4E28, 0x346A, 0x0061, 0x0063, 0x1348, 0x45CA, 0x4E48, 0x45E9, 0x2CA8, 0x1C47, 0x1C27, // 0x12E0 (4832) pixels
    0x1C46, 0x45CA, 0x668D, 0x4488, 0x00E0, 0x0000, 0x0082, 0x0020, 0x0020, 0x0040, 0x0020, 0x0001, 0x0002, 0x0000, 0x0000, 0x0000, // 0x12F0 (4848) pixels
    0x0000, 0x0000, 0x0000, 0x0000, 0x0000, 0x0000, 0x0000, 0x0000, 0x0000, 0x0000, 0x0000, 0x0000, 0x0000, 0x0000, 0x0000, 0x0000, // 0x1300 (4864) pixels
    0x0000, 0x0000, 0x0000, 0x0000, 0x0000, 0x0000, 0x0000, 0x0000, 0x0000, 0x0000, 0x0000, 0x0000, 0x0000, 0x0000, 0x0000, 0x0000, // 0x1310 (4880) pixels
    0x0000, 0x0000, 0x0000, 0x0000, 0x0000, 0x0000, 0x0000, 0x0000, 0x0000, 0x0000, 0x0000, 0x0000, 0x0000, 0x0000, 0x0000, 0x0000, // 0x1320 (4896) pixels
    0x0000, 0x0000, 0x0000, 0x0000, 0x0000, 0x0000, 0x0000, 0x0000, 0x0000, 0x0000, 0x0000, 0x0000, 0x0000, 0x0000, 0x0000, 0x0000, // 0x1330 (4912) pixels
    0x0000, 0x0000, 0x0000, 0x0000, 0x0000, 0x0000, 0x0000, 0x0000, 0x0000, 0x0000, 0x0000, 0x0000, 0x0000, 0x0000, 0x0000, 0x0000, // 0x1340 (4928) pixels
    0x0000, 0x0000, 0x0000, 0x0000, 0x0000, 0x0000, 0x0000, 0x0000, 0x0000, 0x0000, 0x0000, 0x0000, 0x0000, 0x0000, 0x0000, 0x0000, // 0x1350 (4944) pixels
    0x0000, 0x0000, 0x0000, 0x0000, 0x0000, 0x0000, 0x0000, 0x0000, 0x0000, 0x0000, 0x0000, 0x0000, 0x0000, 0x0000, 0x0000, 0x0000, // 0x1360 (4960) pixels
    0x0000, 0x0000, 0x0000, 0x0000, 0x0000, 0x0020, 0x0000, 0x0020, 0x1162, 0xA774, 0xA7F2, 0x4DE5, 0x4DE9, 0x4DE8, 0x4DE7, 0x4E06, // 0x1370 (4976) pixels
    0x4626, 0x4627, 0x5608, 0x5DE9, 0x564A, 0x564A, 0x562A, 0x564A, 0x562A, 0x560A, 0x560A, 0x4DC9, 0x454A, 0x4D2B, 0x4CCB, 0x3BA9, // 0x1380 (4992) pixels
    0x22C8, 0x00C2, 0x0823, 0x0802, 0x0020, 0x8C51, 0xF7DE, 0xF7FE, 0xF79D, 0x62EB, 0x1801, 0x3803, 0x2823, 0x0802, 0x0063, 0x1267, // 0x1390 (5008) pixels
    0x1367, 0x34C8, 0x562A, 0x5629, 0x3C49, 0x0040, 0x0063, 0x1B28, 0x45CA, 0x5668, 0x4E29, 0x3D8A, 0x2CA9, 0x2468, 0x2486, 0x3D67, // 0x13A0 (5024) pixels
    0x4E29, 0x4508, 0x1A82, 0x00E0, 0x0000, 0x1020, 0x1000, 0x0820, 0x0020, 0x0000, 0x0002, 0x0000, 0x0000, 0x0000, 0x0000, 0x0000, // 0x13B0 (5040) pixels
    0x0000, 0x0000, 0x0000, 0x0000, 0x0000, 0x0000, 0x0000, 0x0000, 0x0000, 0x0000, 0x0000, 0x0000, 0x0000, 0x0000, 0x0000, 0x0000, // 0x13C0 (5056) pixels
    0x0000, 0x0000, 0x0000, 0x0000, 0x0000, 0x0000, 0x0000, 0x0000, 0x0000, 0x0000, 0x0000, 0x0000, 0x0000, 0x0000, 0x0000, 0x0000, // 0x13D0 (5072) pixels
    0x0000, 0x0000, 0x0000, 0x0000, 0x0000, 0x0000, 0x0000, 0x0000, 0x0000, 0x0000, 0x0000, 0x0000, 0x0000, 0x0000, 0x0000, 0x0000, // 0x13E0 (5088) pixels
    0x0000, 0x0000, 0x0000, 0x0000, 0x0000, 0x0000, 0x0000, 0x0000, 0x0000, 0x0000, 0x0000, 0x0000, 0x0000, 0x0000, 0x0000, 0x0000, // 0x13F0 (5104) pixels
    0x0000, 0x0000, 0x0000, 0x0000, 0x0000, 0x0000, 0x0000, 0x0000, 0x0000, 0x0000, 0x0000, 0x0000, 0x0000, 0x0000, 0x0000, 0x0000, // 0x1400 (5120) pixels
    0x0000, 0x0000, 0x0000, 0x0000, 0x0000, 0x0000, 0x0000, 0x0000, 0x0000, 0x0000, 0x0000, 0x0000, 0x0000, 0x0000, 0x0000, 0x0000, // 0x1410 (5136) pixels
    0x0000, 0x0000, 0x0000, 0x0000, 0x0000, 0x0000, 0x0000, 0x0000, 0x0000, 0x0000, 0x0000, 0x0000, 0x0000, 0x0000, 0x0000, 0x0000, // 0x1420 (5152) pixels
    0x0000, 0x0000, 0x1002, 0x0020, 0x0000, 0x0000, 0x1142, 0x65CC, 0x5E8A, 0x5647, 0x4608, 0x4E08, 0x5608, 0x5628, 0x4E28, 0x4608, // 0x1430 (5168) pixels
    0x55E9, 0x5588, 0x2365, 0x2B86, 0x33A6, 0x33C8, 0x33A7, 0x2B66, 0x2B67, 0x2B46, 0x0121, 0x0141, 0x0142, 0x0122, 0x01C5, 0x09C6, // 0x1440 (5184) pixels
    0x2209, 0x08C5, 0x0000, 0x2103, 0x39E7, 0x29C6, 0x31A6, 0x3063, 0x5824, 0x8046, 0x3023, 0x0801, 0x10E5, 0x2B0A, 0x1BA8, 0x2C87, // 0x1450 (5200) pixels
    0x5609, 0x5628, 0x3C69, 0x0060, 0x0043, 0x2329, 0x45CB, 0x4E27, 0x4DE7, 0x4DEA, 0x4DAA, 0x4569, 0x4588, 0x4E29, 0x4E28, 0x560A, // 0x1460 (5216) pixels
    0x658D, 0x0A03, 0x2800, 0x8905, 0xA083, 0x88A3, 0x3881, 0x0000, 0x0000, 0x0000, 0x0000, 0x0000, 0x0000, 0x0000, 0x0000, 0x0000, // 0x1470 (5232) pixels
    0x0000, 0x0000, 0x0000, 0x0000, 0x0000, 0x0000, 0x0000, 0x0000, 0x0000, 0x0000, 0x0000, 0x0000, 0x0000, 0x0000, 0x0000, 0x0000, // 0x1480 (5248) pixels
    0x0000, 0x0000, 0x0000, 0x0000, 0x0000, 0x0000, 0x0000, 0x0000, 0x0000, 0x0000, 0x0000, 0x0000, 0x0000, 0x0000, 0x0000, 0x0000, // 0x1490 (5264) pixels
    0x0000, 0x0000, 0x0000, 0x0000, 0x0000, 0x0000, 0x0000, 0x0000, 0x0000, 0x0000, 0x0000, 0x0000, 0x0000, 0x0000, 0x0000, 0x0000, // 0x14A0 (5280) pixels
    0x0000, 0x0000, 0x0000, 0x0000, 0x0000, 0x0000, 0x0000, 0x0000, 0x0000, 0x0000, 0x0000, 0x0000, 0x0000, 0x0000, 0x0000, 0x0000, // 0x14B0 (5296) pixels
    0x0000, 0x0000, 0x0000, 0x0000, 0x0000, 0x0000, 0x0000, 0x0000, 0x0000, 0x0000, 0x0000, 0x0000, 0x0000, 0x0000, 0x0000, 0x0000, // 0x14C0 (5312) pixels
    0x0000, 0x0000, 0x0000, 0x0000, 0x0000, 0x0000, 0x0000, 0x0000, 0x0000, 0x0000, 0x0000, 0x0000, 0x0000, 0x0000, 0x0000, 0x0000, // 0x14D0 (5328) pixels
    0x0000, 0x0000, 0x0000, 0x0000, 0x0000, 0x0000, 0x0000, 0x0000, 0x0000, 0x0000, 0x0000, 0x0000, 0x0000, 0x0000, 0x0000, 0x0000, // 0x14E0 (5344) pixels
    0x0801, 0x0020, 0x0080, 0x0000, 0x00C2, 0x4CEA, 0x45C8, 0x5608, 0x4608, 0x5E4A, 0x5DEA, 0x5DEB, 0x5DEA, 0x560A, 0x560A, 0x3D06, // 0x14F0 (5360) pixels
    0x0060, 0x0060, 0x0020, 0x0000, 0x0001, 0x0001, 0x0021, 0x0000, 0x0041, 0x0040, 0x0144, 0x0A26, 0x1308, 0x236A, 0x338C, 0x0124, // 0x1500 (5376) pixels
    0x0020, 0x0000, 0x0000, 0x0000, 0x0800, 0x5024, 0x9867, 0xA827, 0x38A5, 0x0801, 0x08C4, 0x2309, 0x23E8, 0x2CA6, 0x4DC8, 0x5E29, // 0x1510 (5392) pixels
    0x3447, 0x00E0, 0x0022, 0x22E8, 0x4DEB, 0x5647, 0x55E7, 0x4E4A, 0x5629, 0x5609, 0x5E29, 0x5E69, 0x4607, 0x4E09, 0x5DCC, 0x0261, // 0x1520 (5408) pixels
    0x30C1, 0xA946, 0xF927, 0xF167, 0x60C2, 0x0020, 0x0000, 0x0000, 0x0000, 0x0000, 0x0000, 0x0000, 0x0000, 0x0000, 0x0000, 0x0000, // 0x1530 (5424) pixels
    0x0000, 0x0000, 0x0000, 0x0000, 0x0000, 0x0000, 0x0000, 0x0000, 0x0000, 0x0000, 0x0000, 0x0000, 0x0000, 0x0000, 0x0000, 0x0000, // 0x1540 (5440) pixels
    0x0000, 0x0000, 0x0000, 0x0000, 0x0000, 0x0000, 0x0000, 0x0000, 0x0000, 0x0000, 0x0000, 0x0000, 0x0000, 0x0000, 0x0000, 0x0000, // 0x1550 (5456) pixels
    0x0000, 0x0000, 0x0000, 0x0000, 0x0000, 0x0000, 0x0000, 0x0000, 0x0000, 0x0000, 0x0000, 0x0000, 0x0000, 0x0000, 0x0000, 0x0000, // 0x1560 (5472) pixels
    0x0000, 0x0000, 0x0000, 0x0000, 0x0000, 0x0000, 0x0000, 0x0000, 0x0000, 0x0000, 0x0000, 0x0000, 0x0000, 0x0000, 0x0000, 0x0000, // 0x1570 (5488) pixels
    0x0000, 0x0000, 0x0000, 0x0000, 0x0000, 0x0000, 0x0000, 0x0000, 0x0000, 0x0000, 0x0000, 0x0000, 0x0000, 0x0000, 0x0000, 0x0000, // 0x1580 (5504) pixels
    0x0000, 0x0000, 0x0000, 0x0000, 0x0000, 0x0000, 0x0000, 0x0000, 0x0000, 0x0000, 0x0000, 0x0000, 0x0000, 0x0000, 0x0000, 0x0000, // 0x1590 (5520) pixels
    0x0000, 0x0000, 0x0000, 0x0000, 0x0000, 0x0000, 0x0000, 0x0000, 0x0000, 0x0000, 0x0000, 0x0000, 0x0000, 0x0000, 0x1002, 0x3AA6, // 0x15A0 (5536) pixels
    0x642A, 0x0060, 0x00A0, 0x4D2A, 0x4E09, 0x5589, 0x4608, 0x55A9, 0x2B64, 0x22C4, 0x1AE4, 0x3C47, 0x5DEA, 0x4586, 0x4C0B, 0x3B8A, // 0x15B0 (5552) pixels
    0x1A88, 0x1227, 0x1A28, 0x1A28, 0x1A48, 0x1A47, 0x12A8, 0x0A86, 0x33EA, 0x4D0C, 0x3CCB, 0x2BE9, 0x338A, 0x0122, 0x0000, 0x0001, // 0x15C0 (5568) pixels
    0x0800, 0x0000, 0x0800, 0x5804, 0xA006, 0xB027, 0x3084, 0x0001, 0x00C3, 0x1B28, 0x3D0A, 0x4588, 0x5609, 0x5E09, 0x4D89, 0x3306, // 0x15D0 (5584) pixels
    0x08A3, 0x1266, 0x3D8A, 0x4E07, 0x55C7, 0x4E09, 0x4E08, 0x4DC8, 0x5E09, 0x4DC8, 0x4607, 0x4E28, 0x55E9, 0x4D69, 0x1B05, 0x50E2, // 0x15E0 (5600) pixels
    0xE0C5, 0xF166, 0x4840, 0x0020, 0x0820, 0x0800, 0x0000, 0x0000, 0x0000, 0x0000, 0x0000, 0x0000, 0x0000, 0x0000, 0x0000, 0x0000, // 0x15F0 (5616) pixels
    0x0000, 0x0000, 0x0000, 0x0000, 0x0000, 0x0000, 0x0000, 0x0000, 0x0000, 0x0000, 0x0000, 0x0000, 0x0000, 0x0000, 0x0000, 0x0000, // 0x1600 (5632) pixels
    0x0000, 0x0000, 0x0000, 0x0000, 0x0000, 0x0000, 0x0000, 0x0000, 0x0000, 0x0000, 0x0000, 0x0000, 0x0000, 0x0000, 0x0000, 0x0000, // 0x1610 (5648) pixels
    0x0000, 0x0000, 0x0000, 0x0000, 0x0000, 0x0000, 0x0000, 0x0000, 0x0000, 0x0000, 0x0000, 0x0000, 0x0000, 0x0000, 0x0000, 0x0000, // 0x1620 (5664) pixels
    0x0000, 0x0000, 0x0000, 0x0000, 0x0000, 0x0000, 0x0000, 0x0000, 0x0000, 0x0000, 0x0000, 0x0000, 0x0000, 0x0000, 0x0000, 0x0000, // 0x1630 (5680) pixels
    0x0000, 0x0000, 0x0000, 0x0000, 0x0000, 0x0000, 0x0000, 0x0000, 0x0000, 0x0000, 0x0000, 0x0000, 0x0000, 0x0000, 0x0000, 0x0000, // 0x1640 (5696) pixels
    0x0000, 0x0000, 0x0000, 0x0000, 0x0000, 0x0000, 0x0000, 0x0000, 0x0000, 0x0000, 0x0000, 0x0000, 0x0000, 0x0000, 0x0000, 0x0000, // 0x1650 (5712) pixels
    0x0000, 0x0000, 0x0000, 0x0000, 0x0000, 0x0000, 0x0000, 0x0000, 0x0000, 0x0000, 0x0000, 0x0000, 0x0000, 0x4C07, 0x8E8F, 0x0981, // 0x1660 (5728) pixels
    0x01A1, 0x3D48, 0x4628, 0x65EA, 0x566A, 0x5529, 0x0100, 0x0020, 0x0040, 0x22C4, 0x5E0B, 0x4E47, 0x562B, 0x45AB, 0x2CC9, 0x1C48, // 0x1670 (5744) pixels
    0x1C49, 0x1C28, 0x1C48, 0x1C27, 0x2448, 0x2406, 0x4549, 0x5E4C, 0x562C, 0x3489, 0x3369, 0x0143, 0x0000, 0x0801, 0x1002, 0x0002, // 0x1680 (5760) pixels
    0x0001, 0x5825, 0x9006, 0x9046, 0x1001, 0x0021, 0x0164, 0x1367, 0x45AB, 0x4E49, 0x4E08, 0x55C8, 0x566A, 0x548A, 0x00C2, 0x01E4, // 0x1690 (5776) pixels
    0x3D8A, 0x5607, 0x6608, 0x4E29, 0x5648, 0x5609, 0x5DEA, 0x55C9, 0x5648, 0x4E27, 0x45C6, 0x5E29, 0x24AB, 0x2122, 0xA905, 0xB0E4, // 0x16A0 (5792) pixels
    0x2000, 0x0020, 0x0020, 0x0000, 0x0000, 0x0000, 0x0000, 0x0000, 0x0000, 0x0000, 0x0000, 0x0000, 0x0000, 0x0000, 0x0000, 0x0000, // 0x16B0 (5808) pixels
    0x0000, 0x0000, 0x0000, 0x0000, 0x0000, 0x0000, 0x0000, 0x0000, 0x0000, 0x0000, 0x0000, 0x0000, 0x0000, 0x0000, 0x0000, 0x0000, // 0x16C0 (5824) pixels
    0x0000, 0x0000, 0x0000, 0x0000, 0x0000, 0x0000, 0x0000, 0x0000, 0x0000, 0x0000, 0x0000, 0x0000, 0x0000, 0x0000, 0x0000, 0x0000, // 0x16D0 (5840) pixels
    0x0000, 0x0000, 0x0000, 0x0000, 0x0000, 0x0000, 0x0000, 0x0000, 0x0000, 0x0000, 0x0000, 0x0000, 0x0000, 0x0000, 0x0000, 0x0000, // 0x16E0 (5856) pixels
    0x0000, 0x0000, 0x0000, 0x0000, 0x0000, 0x0000, 0x0000, 0x0000, 0x0000, 0x0000, 0x0000, 0x0000, 0x0000, 0x0000, 0x0000, 0x0000, // 0x16F0 (5872) pixels
    0x0000, 0x0000, 0x0000, 0x0000, 0x0000, 0x0000, 0x0000, 0x0000, 0x0000, 0x0000, 0x0000, 0x0000, 0x0000, 0x0000, 0x0000, 0x0000, // 0x1700 (5888) pixels
    0x0000, 0x0000, 0x0000, 0x0000, 0x0000, 0x0000, 0x0000, 0x0000, 0x0000, 0x0000, 0x0000, 0x0000, 0x0000, 0x0000, 0x0000, 0x0000, // 0x1710 (5904) pixels
    0x0000, 0x0000, 0x0000, 0x0000, 0x0000, 0x0000, 0x0000, 0x0000, 0x0000, 0x0000, 0x0040, 0x2BC5, 0x9FD1, 0x548A, 0x54CB, 0x4E49, // 0x1720 (5920) pixels
    0x4646, 0x5DA8, 0x4E09, 0x54C9, 0x0060, 0x0801, 0x0001, 0x2AC6, 0x660B, 0x4626, 0x4E05, 0x5627, 0x4DC8, 0x4DA9, 0x4DCA, 0x4D89, // 0x1730 (5936) pixels
    0x4DA9, 0x55C8, 0x558A, 0x5588, 0x5608, 0x4E28, 0x4E29, 0x2487, 0x2368, 0x0185, 0x0882, 0x0802, 0x1802, 0x0823, 0x0002, 0x5065, // 0x1740 (5952) pixels
    0x8046, 0x6804, 0x0821, 0x1145, 0x1267, 0x0B86, 0x3DA9, 0x4E48, 0x4E08, 0x5DE9, 0x4648, 0x54EB, 0x0080, 0x01C3, 0x3DCB, 0x4DE7, // 0x1750 (5968) pixels
    0x65C7, 0x4E09, 0x4E67, 0x5608, 0x55C9, 0x5E0A, 0x4E08, 0x4E07, 0x5E69, 0x55E8, 0x242C, 0x1924, 0x9947, 0x8842, 0x1000, 0x0061, // 0x1760 (5984) pixels
    0x0000, 0x0021, 0x0000, 0x0000, 0x0000, 0x0000, 0x0000, 0x0000, 0x0000, 0x0000, 0x0000, 0x0000, 0x0000, 0x0000, 0x0000, 0x0000, // 0x1770 (6000) pixels
    0x0000, 0x0000, 0x0000, 0x0000, 0x0000, 0x0000, 0x0000, 0x0000, 0x0000, 0x0000, 0x0000, 0x0000, 0x0000, 0x0000, 0x0000, 0x0000, // 0x1780 (6016) pixels
    0x0000, 0x0000, 0x0000, 0x0000, 0x0000, 0x0000, 0x0000, 0x0000, 0x0000, 0x0000, 0x0000, 0x0000, 0x0000, 0x0000, 0x0000, 0x0000, // 0x1790 (6032) pixels
    0x0000, 0x0000, 0x0000, 0x0000, 0x0000, 0x0000, 0x0000, 0x0000, 0x0000, 0x0000, 0x0000, 0x0000, 0x0000, 0x0000, 0x0000, 0x0000, // 0x17A0 (6048) pixels
    0x0000, 0x0000, 0x0000, 0x0000, 0x0000, 0x0000, 0x0000, 0x0000, 0x0000, 0x0000, 0x0000, 0x0000, 0x0000, 0x0000, 0x0000, 0x0000, // 0x17B0 (6064) pixels
    0x0000, 0x0000, 0x0000, 0x0000, 0x0000, 0x0000, 0x0000, 0x0000, 0x0000, 0x0000, 0x0000, 0x0000, 0x0000, 0x0000, 0x0000, 0x0000, // 0x17C0 (6080) pixels
    0x0000, 0x0000, 0x0000, 0x0000, 0x0000, 0x0000, 0x0000, 0x0000, 0x0000, 0x0000, 0x0000, 0x0000, 0x0000, 0x0000, 0x0000, 0x0000, // 0x17D0 (6096) pixels
    0x0000, 0x0000, 0x0000, 0x0000, 0x0000, 0x0000, 0x0000, 0x0000, 0x0040, 0x5CC7, 0x8F4D, 0x5E09, 0x55E8, 0x5E29, 0x4DE8, 0x4E09, // 0x17E0 (6112) pixels
    0x662B, 0x4407, 0x0080, 0x00C0, 0x3387, 0x4D49, 0x5E09, 0x55C8, 0x5608, 0x5608, 0x5608, 0x5608, 0x5608, 0x5608, 0x5608, 0x5608, // 0x17F0 (6128) pixels
    0x5629, 0x5628, 0x5607, 0x5E48, 0x4DC9, 0x2CA8, 0x13C8, 0x0B49, 0x32AA, 0x00E3, 0x0001, 0x0001, 0x0001, 0x0802, 0x0002, 0x0002, // 0x1800 (6144) pixels
    0x0022, 0x2AC9, 0x3CA9, 0x45A7, 0x45C6, 0x55E9, 0x55C9, 0x5608, 0x4E86, 0x54C8, 0x0040, 0x09A5, 0x5D6E, 0x560B, 0x5669, 0x4E08, // 0x1810 (6160) pixels
    0x4DE9, 0x5609, 0x5608, 0x5608, 0x4DE9, 0x562A, 0x5628, 0x5647, 0x1C8A, 0x2986, 0x50A5, 0x3022, 0x0001, 0x0040, 0x0040, 0x0000, // 0x1820 (6176) pixels
    0x0000, 0x0000, 0x0000, 0x0000, 0x0000, 0x0000, 0x0000, 0x0000, 0x0020, 0x0000, 0x0801, 0x0800, 0x0000, 0x0000, 0x0000, 0x0001, // 0x1830 (6192) pixels
    0x0000, 0x0000, 0x0000, 0x0000, 0x0000, 0x0000, 0x0000, 0x0000, 0x0000, 0x0000, 0x0000, 0x0000, 0x0000, 0x0000, 0x0000, 0x0000, // 0x1840 (6208) pixels
    0x0000, 0x0000, 0x0000, 0x0000, 0x0000, 0x0000, 0x0000, 0x0000, 0x0000, 0x0000, 0x0000, 0x0000, 0x0000, 0x0000, 0x0000, 0x0000, // 0x1850 (6224) pixels
    0x0000, 0x0000, 0x0000, 0x0000, 0x0000, 0x0000, 0x0000, 0x0000, 0x0000, 0x0000, 0x0000, 0x0000, 0x0000, 0x0000, 0x0000, 0x0000, // 0x1860 (6240) pixels
    0x0000, 0x0000, 0x0000, 0x0000, 0x0000, 0x0000, 0x0000, 0x0000, 0x0000, 0x0000, 0x0000, 0x0000, 0x0000, 0x0000, 0x0000, 0x0000, // 0x1870 (6256) pixels
    0x0000, 0x0000, 0x0000, 0x0000, 0x0000, 0x0000, 0x0000, 0x0000, 0x0000, 0x0000, 0x0000, 0x0000, 0x0000, 0x0000, 0x0000, 0x0000, // 0x1880 (6272) pixels
    0x0000, 0x0000, 0x0000, 0x0000, 0x0000, 0x0000, 0x0000, 0x0000, 0x0000, 0x0000, 0x0000, 0x0000, 0x0000, 0x0000, 0x0000, 0x0000, // 0x1890 (6288) pixels
    0x0000, 0x0000, 0x0000, 0x0000, 0x0000, 0x0000, 0x2A46, 0x9EAF, 0x9FAE, 0x55C8, 0x4DC8, 0x4DC7, 0x4DE8, 0x4E09, 0x5608, 0x4D29, // 0x18A0 (6304) pixels
    0x2B46, 0x33A7, 0x554A, 0x5609, 0x5628, 0x55E8, 0x5608, 0x5608, 0x5608, 0x5608, 0x5608, 0x5608, 0x5608, 0x5608, 0x4DE8, 0x4DE7, // 0x18B0 (6320) pixels
    0x4DE7, 0x5628, 0x4DE8, 0x458A, 0x3D0B, 0x242A, 0x232A, 0x01E5, 0x0184, 0x0964, 0x0924, 0x0924, 0x0124, 0x0144, 0x09A6, 0x1B08, // 0x18C0 (6336) pixels
    0x34C9, 0x562A, 0x5628, 0x55E9, 0x4DE8, 0x5607, 0x5607, 0x656A, 0x3B07, 0x0122, 0x0A04, 0x1AE4, 0x3C66, 0x5E09, 0x55E9, 0x4DE8, // 0x18D0 (6352) pixels
    0x5608, 0x5608, 0x4DE9, 0x5609, 0x5628, 0x5647, 0x446A, 0x09A5, 0x1021, 0x2001, 0x2042, 0x0000, 0x0000, 0x0801, 0x0000, 0x0000, // 0x18E0 (6368) pixels
    0x0000, 0x0000, 0x0000, 0x0000, 0x0000, 0x0000, 0x0000, 0x0000, 0x0000, 0x0000, 0x0000, 0x0000, 0x0000, 0x0000, 0x0000, 0x0000, // 0x18F0 (6384) pixels
    0x0000, 0x0000, 0x0000, 0x0000, 0x0000, 0x0000, 0x0000, 0x0000, 0x0000, 0x0000, 0x0000, 0x0000, 0x0000, 0x0000, 0x0000, 0x0000, // 0x1900 (6400) pixels
    0x0000, 0x0000, 0x0000, 0x0000, 0x0000, 0x0000, 0x0000, 0x0000, 0x0000, 0x0000, 0x0000, 0x0000, 0x0000, 0x0000, 0x0000, 0x0000, // 0x1910 (6416) pixels
    0x0000, 0x0000, 0x0000, 0x0000, 0x0000, 0x0000, 0x0000, 0x0000, 0x0000, 0x0000, 0x0000, 0x0000, 0x0000, 0x0000, 0x0000, 0x0000, // 0x1920 (6432) pixels
    0x0000, 0x0000, 0x0000, 0x0000, 0x0000, 0x0000, 0x0000, 0x0000, 0x0000, 0x0000, 0x0000, 0x0000, 0x0000, 0x0000, 0x0000, 0x0000, // 0x1930 (6448) pixels
    0x0000, 0x0000, 0x0000, 0x0000, 0x0000, 0x0000, 0x0000, 0x0000, 0x0000, 0x0000, 0x0000, 0x0000, 0x0000, 0x0000, 0x0000, 0x0000, // 0x1940 (6464) pixels
    0x0000, 0x0000, 0x0000, 0x0000, 0x0000, 0x0000, 0x0000, 0x0000, 0x0000, 0x0000, 0x0000, 0x0000, 0x0000, 0x0000, 0x0000, 0x0000, // 0x1950 (6480) pixels
    0x0000, 0x0000, 0x0000, 0x0000, 0x3AE8, 0xB7B2, 0x8F6D, 0x4DA7, 0x55E9, 0x4DC8, 0x5629, 0x4E29, 0x4606, 0x5609, 0x558A, 0x5DCA, // 0x1960 (6496) pixels
    0x5E6A, 0x4E47, 0x4E27, 0x5608, 0x5608, 0x5608, 0x5608, 0x5608, 0x5608, 0x5608, 0x5608, 0x5608, 0x5609, 0x5629, 0x5629, 0x5628, // 0x1970 (6512) pixels
    0x4DE8, 0x560A, 0x4DCB, 0x2C87, 0x1409, 0x0B87, 0x1388, 0x2389, 0x2368, 0x1B68, 0x1B68, 0x1B89, 0x2369, 0x1367, 0x2CC7, 0x5609, // 0x1980 (6528) pixels
    0x55E8, 0x55C9, 0x5609, 0x4E47, 0x5E2A, 0x662B, 0x658C, 0x0203, 0x0060, 0x0080, 0x2B04, 0x5DEA, 0x5609, 0x4DE7, 0x5607, 0x5628, // 0x1990 (6544) pixels
    0x5608, 0x4DE9, 0x5629, 0x5648, 0x34A8, 0x0A85, 0x00C2, 0x4084, 0x98A7, 0x4800, 0x0040, 0x0001, 0x0000, 0x0000, 0x0000, 0x0000, // 0x19A0 (6560) pixels
    0x0000, 0x0000, 0x0000, 0x0000, 0x0800, 0x0000, 0x0020, 0x0020, 0x0020, 0x0000, 0x0020, 0x0020, 0x0000, 0x0000, 0x0000, 0x0000, // 0x19B0 (6576) pixels
    0x0000, 0x0000, 0x0000, 0x0000, 0x0000, 0x0000, 0x0000, 0x0000, 0x0000, 0x0000, 0x0000, 0x0000, 0x0000, 0x0000, 0x0000, 0x0000, // 0x19C0 (6592) pixels
    0x0000, 0x0000, 0x0000, 0x0000, 0x0000, 0x0000, 0x0000, 0x0000, 0x0000, 0x0000, 0x0000, 0x0000, 0x0000, 0x0000, 0x0000, 0x0000, // 0x19D0 (6608) pixels
    0x0000, 0x0000, 0x0000, 0x0000, 0x0000, 0x0000, 0x0000, 0x0000, 0x0000, 0x0000, 0x0000, 0x0000, 0x0000, 0x0000, 0x0000, 0x0000, // 0x19E0 (6624) pixels
    0x0000, 0x0000, 0x0000, 0x0000, 0x0000, 0x0000, 0x0000, 0x0000, 0x0000, 0x0000, 0x0000, 0x0000, 0x0000, 0x0000, 0x0000, 0x0000, // 0x19F0 (6640) pixels
    0x0000, 0x0000, 0x0000, 0x0000, 0x0000, 0x0000, 0x0000, 0x0000, 0x0000, 0x0000, 0x0000, 0x0000, 0x0000, 0x0000, 0x0000, 0x0000, // 0x1A00 (6656) pixels
    0x0000, 0x0000, 0x0000, 0x0000, 0x0000, 0x0000, 0x0000, 0x0000, 0x0000, 0x0000, 0x0000, 0x0000, 0x0000, 0x0000, 0x0000, 0x0000, // 0x1A10 (6672) pixels
    0x0000, 0x0000, 0x2AA6, 0xB7D2, 0x872C, 0x4DA7, 0x5609, 0x4DC8, 0x5629, 0x45C8, 0x4627, 0x4E28, 0x5629, 0x5628, 0x4E27, 0x4626, // 0x1A20 (6688) pixels
    0x4E08, 0x5E0A, 0x5608, 0x5608, 0x5608, 0x5608, 0x5608, 0x5608, 0x5608, 0x5608, 0x55E9, 0x5629, 0x5629, 0x5629, 0x5608, 0x5629, // 0x1A30 (6704) pixels
    0x5609, 0x3526, 0x2508, 0x24E8, 0x3509, 0x3D0A, 0x34E9, 0x34E9, 0x34E9, 0x3509, 0x3CEA, 0x2CA7, 0x3D88, 0x5649, 0x5628, 0x5E2A, // 0x1A40 (6720) pixels
    0x566A, 0x4647, 0x5609, 0x4E48, 0x4E48, 0x34A8, 0x11A4, 0x0000, 0x3326, 0x5E8A, 0x5629, 0x5607, 0x5606, 0x5627, 0x5608, 0x4DE8, // 0x1A50 (6736) pixels
    0x5629, 0x5628, 0x4DE8, 0x452B, 0x12E8, 0x5926, 0xD086, 0xA021, 0x38C1, 0x0800, 0x0000, 0x0000, 0x0000, 0x0000, 0x0000, 0x0000, // 0x1A60 (6752) pixels
    0x0000, 0x0000, 0x0000, 0x0020, 0x0020, 0x0020, 0x0000, 0x0000, 0x0000, 0x0000, 0x0000, 0x0000, 0x0000, 0x0000, 0x0000, 0x0000, // 0x1A70 (6768) pixels
    0x0000, 0x0000, 0x0000, 0x0000, 0x0000, 0x0000, 0x0000, 0x0000, 0x0000, 0x0000, 0x0000, 0x0000, 0x0000, 0x0000, 0x0000, 0x0000, // 0x1A80 (6784) pixels
    0x0000, 0x0000, 0x0000, 0x0000, 0x0000, 0x0000, 0x0000, 0x0000, 0x0000, 0x0000, 0x0000, 0x0000, 0x0000, 0x0000, 0x0000, 0x0000, // 0x1A90 (6800) pixels
    0x0000, 0x0000, 0x0000, 0x0000, 0x0000, 0x0000, 0x0000, 0x0000, 0x0000, 0x0000, 0x0000, 0x0000, 0x0000, 0x0000, 0x0000, 0x0000, // 0x1AA0 (6816) pixels
    0x0000, 0x0000, 0x0000, 0x0000, 0x0000, 0x0000, 0x0000, 0x0000, 0x0000, 0x0000, 0x0000, 0x0000, 0x0000, 0x0000, 0x0000, 0x0000, // 0x1AB0 (6832) pixels
    0x0000, 0x0000, 0x0000, 0x0000, 0x0000, 0x0000, 0x0000, 0x0000, 0x0000, 0x0000, 0x0000, 0x0000, 0x0000, 0x0000, 0x0000, 0x0000, // 0x1AC0 (6848) pixels
    0x0000, 0x0000, 0x0000, 0x0000, 0x0000, 0x0000, 0x0000, 0x0000, 0x0000, 0x0000, 0x0000, 0x0000, 0x0000, 0x0000, 0x0000, 0x0000, // 0x1AD0 (6864) pixels
    0x2AA5, 0xB7D1, 0x874C, 0x4DA8, 0x55E9, 0x4DC8, 0x5629, 0x4DE8, 0x4E29, 0x4DE8, 0x5609, 0x4E07, 0x4606, 0x4E27, 0x5609, 0x5DCB, // 0x1AE0 (6880) pixels
    0x5608, 0x5608, 0x5608, 0x5608, 0x5608, 0x5608, 0x5608, 0x5608, 0x4DE9, 0x5609, 0x4DE8, 0x5609, 0x5628, 0x5608, 0x5628, 0x4DE7, // 0x1AF0 (6896) pixels
    0x4DE9, 0x4DE9, 0x55E9, 0x560A, 0x55E9, 0x55E9, 0x560A, 0x560A, 0x5E2A, 0x4E09, 0x4E28, 0x5627, 0x55C7, 0x5DC9, 0x5E2A, 0x5648, // 0x1B00 (6912) pixels
    0x5E0A, 0x5EA8, 0x4E87, 0x6E8D, 0x2A86, 0x0020, 0x2AE4, 0x5E6B, 0x55EA, 0x5E29, 0x5607, 0x5627, 0x5608, 0x4DE9, 0x5609, 0x5608, // 0x1B10 (6928) pixels
    0x5DE6, 0x4E8C, 0x1B88, 0x48E3, 0xB8C4, 0xD8C4, 0xA146, 0x2061, 0x0000, 0x0000, 0x0000, 0x0000, 0x0000, 0x0000, 0x0000, 0x0000, // 0x1B20 (6944) pixels
    0x0042, 0x0020, 0x0000, 0x0000, 0x0000, 0x0822, 0x0822, 0x0000, 0x0000, 0x0000, 0x0000, 0x0000, 0x0000, 0x0000, 0x0000, 0x0000, // 0x1B30 (6960) pixels
    0x0000, 0x0000, 0x0000, 0x0000, 0x0000, 0x0000, 0x0000, 0x0000, 0x0000, 0x0000, 0x0000, 0x0000, 0x0000, 0x0000, 0x0000, 0x0000, // 0x1B40 (6976) pixels
    0x0000, 0x0000, 0x0000, 0x0000, 0x0000, 0x0000, 0x0000, 0x0000, 0x0000, 0x0000, 0x0000, 0x0000, 0x0000, 0x0000, 0x0000, 0x0000, // 0x1B50 (6992) pixels
    0x0000, 0x0000, 0x0000, 0x0000, 0x0000, 0x0000, 0x0000, 0x0000, 0x0000, 0x0000, 0x0000, 0x0000, 0x0000, 0x0000, 0x0000, 0x0000, // 0x1B60 (7008) pixels
    0x0000, 0x0000, 0x0000, 0x0000, 0x0000, 0x0000, 0x0000, 0x0000, 0x0000, 0x0000, 0x0000, 0x0000, 0x0000, 0x0000, 0x0000, 0x0000, // 0x1B70 (7024) pixels
    0x0000, 0x0000, 0x0000, 0x0000, 0x0000, 0x0000, 0x0000, 0x0000, 0x0000, 0x0000, 0x0000, 0x0000, 0x0000, 0x0000, 0x0000, 0x0000, // 0x1B80 (7040) pixels
    0x0000, 0x0000, 0x0000, 0x0000, 0x0000, 0x0000, 0x0000, 0x0000, 0x0000, 0x0000, 0x0000, 0x0000, 0x0000, 0x0000, 0x2AE5, 0xAFD0, // 0x1B90 (7056) pixels
    0x874C, 0x4DA8, 0x4DC9, 0x4DC8, 0x5629, 0x5608, 0x4E09, 0x4DE9, 0x55E9, 0x5608, 0x4DE7, 0x5608, 0x5DEA, 0x5DAA, 0x5608, 0x5608, // 0x1BA0 (7072) pixels
    0x5608, 0x5608, 0x5608, 0x5608, 0x5608, 0x5608, 0x5609, 0x5609, 0x4DE8, 0x5608, 0x5628, 0x4DE7, 0x5608, 0x5E49, 0x5E29, 0x5E09, // 0x1BB0 (7088) pixels
    0x55E8, 0x55E8, 0x55E8, 0x55E8, 0x5E08, 0x55E8, 0x55E8, 0x5628, 0x4E27, 0x5647, 0x5DE9, 0x54E9, 0x550A, 0x5D6A, 0x5509, 0x5D68, // 0x1BC0 (7104) pixels
    0x4D27, 0x654B, 0x2224, 0x0080, 0x2A64, 0x554A, 0x4549, 0x5E0A, 0x5608, 0x5607, 0x5608, 0x55E8, 0x5609, 0x4DE8, 0x5646, 0x3E49, // 0x1BD0 (7120) pixels
    0x1345, 0x4924, 0xB126, 0xB8A4, 0x7883, 0x1000, 0x0000, 0x0000, 0x0000, 0x0000, 0x0000, 0x0000, 0x0000, 0x0000, 0x0001, 0x2040, // 0x1BE0 (7136) pixels
    0x4000, 0x4000, 0x2000, 0x0001, 0x0001, 0x0000, 0x0000, 0x0000, 0x0000, 0x0000, 0x0000, 0x0000, 0x0000, 0x0000, 0x0000, 0x0000, // 0x1BF0 (7152) pixels
    0x0000, 0x0000, 0x0000, 0x0000, 0x0000, 0x0000, 0x0000, 0x0000, 0x0000, 0x0000, 0x0000, 0x0000, 0x0000, 0x0000, 0x0000, 0x0000, // 0x1C00 (7168) pixels
    0x0000, 0x0000, 0x0000, 0x0000, 0x0000, 0x0000, 0x0000, 0x0000, 0x0000, 0x0000, 0x0000, 0x0000, 0x0000, 0x0000, 0x0000, 0x0000, // 0x1C10 (7184) pixels
    0x0000, 0x0000, 0x0000, 0x0000, 0x0000, 0x0000, 0x0000, 0x0000, 0x0000, 0x0000, 0x0000, 0x0000, 0x0000, 0x0000, 0x0000, 0x0000, // 0x1C20 (7200) pixels
    0x0000, 0x0000, 0x0000, 0x0000, 0x0000, 0x0000, 0x0000, 0x0000, 0x0000, 0x0000, 0x0000, 0x0000, 0x0000, 0x0000, 0x0000, 0x0000, // 0x1C30 (7216) pixels
    0x0000, 0x0000, 0x0000, 0x0000, 0x0000, 0x0000, 0x0000, 0x0000, 0x0000, 0x0000, 0x0000, 0x0000, 0x0000, 0x0000, 0x0000, 0x0000, // 0x1C40 (7232) pixels
    0x0000, 0x0000, 0x0000, 0x0000, 0x0000, 0x0000, 0x0000, 0x0000, 0x0000, 0x0000, 0x0000, 0x0000, 0x3305, 0xAFD0, 0x874C, 0x4DC8, // 0x1C50 (7248) pixels
    0x55E9, 0x4DC8, 0x4DC8, 0x4DE8, 0x4DE9, 0x55E9, 0x55E9, 0x55E8, 0x4DE7, 0x4E07, 0x5608, 0x55E8, 0x5608, 0x5608, 0x5608, 0x5608, // 0x1C60 (7264) pixels
    0x5608, 0x5608, 0x5608, 0x5608, 0x5609, 0x5608, 0x4DE7, 0x5608, 0x5608, 0x5608, 0x562A, 0x5609, 0x5E0A, 0x5E0A, 0x55E9, 0x5609, // 0x1C70 (7280) pixels
    0x5609, 0x4DE8, 0x55E8, 0x4DC8, 0x55E8, 0x5649, 0x4E49, 0x5649, 0x4D09, 0x1203, 0x00E0, 0x00A0, 0x00E0, 0x00C0, 0x00A0, 0x00A0, // 0x1C80 (7296) pixels
    0x0020, 0x0040, 0x00E2, 0x1226, 0x2426, 0x55EB, 0x5609, 0x55E7, 0x5608, 0x55E8, 0x5609, 0x5608, 0x5689, 0x45E9, 0x1345, 0x4145, // 0x1C90 (7312) pixels
    0x98C6, 0x5801, 0x0800, 0x0000, 0x0000, 0x0000, 0x0000, 0x0000, 0x0000, 0x0000, 0x0000, 0x0000, 0x1800, 0x8124, 0xD1A5, 0xC184, // 0x1CA0 (7328) pixels
    0x60A2, 0x0000, 0x0000, 0x0000, 0x0000, 0x0000, 0x0000, 0x0000, 0x0000, 0x0000, 0x0000, 0x0000, 0x0000, 0x0000, 0x0000, 0x0000, // 0x1CB0 (7344) pixels
    0x0000, 0x0000, 0x0000, 0x0000, 0x0000, 0x0000, 0x0000, 0x0000, 0x0000, 0x0000, 0x0000, 0x0000, 0x0000, 0x0000, 0x0000, 0x0000, // 0x1CC0 (7360) pixels
    0x0000, 0x0000, 0x0000, 0x0000, 0x0000, 0x0000, 0x0000, 0x0000, 0x0000, 0x0000, 0x0000, 0x0000, 0x0000, 0x0000, 0x0000, 0x0000, // 0x1CD0 (7376) pixels
    0x0000, 0x0000, 0x0000, 0x0000, 0x0000, 0x0000, 0x0000, 0x0000, 0x0000, 0x0000, 0x0000, 0x0000, 0x0000, 0x0000, 0x0000, 0x0000, // 0x1CE0 (7392) pixels
    0x0000, 0x0000, 0x0000, 0x0000, 0x0000, 0x0000, 0x0000, 0x0000, 0x0000, 0x0000, 0x0000, 0x0000, 0x0000, 0x0000, 0x0000, 0x0000, // 0x1CF0 (7408) pixels
    0x0000, 0x0000, 0x0000, 0x0000, 0x0000, 0x0000, 0x0000, 0x0000, 0x0000, 0x0000, 0x0000, 0x0000, 0x0000, 0x0000, 0x0000, 0x0000, // 0x1D00 (7424) pixels
    0x0000, 0x0000, 0x0000, 0x0000, 0x0000, 0x0000, 0x0000, 0x0000, 0x0000, 0x0000, 0x2B05, 0xAFF0, 0x7F2B, 0x4DC8, 0x560A, 0x55E9, // 0x1D10 (7440) pixels
    0x55E8, 0x5628, 0x4E08, 0x5629, 0x5608, 0x5608, 0x4E08, 0x4E27, 0x4E48, 0x4627, 0x5608, 0x5608, 0x5608, 0x5608, 0x5608, 0x5608, // 0x1D20 (7456) pixels
    0x5608, 0x5608, 0x5608, 0x5608, 0x5628, 0x5628, 0x5608, 0x5609, 0x560A, 0x3D48, 0x3D08, 0x3D48, 0x3D48, 0x45C9, 0x4E0A, 0x4E0A, // 0x1D30 (7472) pixels
    0x564A, 0x4E4A, 0x560A, 0x4E2A, 0x35A7, 0x3D68, 0x3C28, 0x00E2, 0x0002, 0x1023, 0x0083, 0x1064, 0x1825, 0x0824, 0x1126, 0x1166, // 0x1D40 (7488) pixels
    0x0926, 0x0128, 0x0B64, 0x55AB, 0x5E2A, 0x4DE7, 0x5608, 0x55E8, 0x5609, 0x5608, 0x65AA, 0x564B, 0x23E8, 0x30E5, 0x5864, 0x0801, // 0x1D50 (7504) pixels
    0x0041, 0x0820, 0x0000, 0x0000, 0x0000, 0x0000, 0x0000, 0x0000, 0x0000, 0x0000, 0x4061, 0xB103, 0xF902, 0xF102, 0x80C1, 0x1040, // 0x1D60 (7520) pixels
    0x0040, 0x0000, 0x0000, 0x0000, 0x0000, 0x0000, 0x0000, 0x0000, 0x0000, 0x0000, 0x0000, 0x0000, 0x0000, 0x0000, 0x0000, 0x0000, // 0x1D70 (7536) pixels
    0x0000, 0x0000, 0x0000, 0x0000, 0x0000, 0x0000, 0x0000, 0x0000, 0x0000, 0x0000, 0x0000, 0x0000, 0x0000, 0x0000, 0x0000, 0x0000, // 0x1D80 (7552) pixels
    0x0000, 0x0000, 0x0000, 0x0000, 0x0000, 0x0000, 0x0000, 0x0000, 0x0000, 0x0000, 0x0000, 0x0000, 0x0000, 0x0000, 0x0000, 0x0000, // 0x1D90 (7568) pixels
    0x0000, 0x0000, 0x0000, 0x0000, 0x0000, 0x0000, 0x0000, 0x0000, 0x0000, 0x0000, 0x0000, 0x0000, 0x0000, 0x0000, 0x0000, 0x0000, // 0x1DA0 (7584) pixels
    0x0000, 0x0000, 0x0000, 0x0000, 0x0000, 0x0000, 0x0000, 0x0000, 0x0000, 0x0000, 0x0000, 0x0000, 0x0000, 0x0000, 0x0000, 0x0000, // 0x1DB0 (7600) pixels
    0x0000, 0x0000, 0x0000, 0x0000, 0x0000, 0x0000, 0x0000, 0x0000, 0x0000, 0x0000, 0x0000, 0x0000, 0x0000, 0x0000, 0x0000, 0x0000, // 0x1DC0 (7616) pixels
    0x0000, 0x0000, 0x0000, 0x0000, 0x0000, 0x0000, 0x0000, 0x0000, 0x2B62, 0xAFB3, 0x870E, 0x4587, 0x4E28, 0x4608, 0x4DE8, 0x4DE9, // 0x1DD0 (7632) pixels
    0x55E8, 0x4DC8, 0x5609, 0x55E9, 0x562A, 0x4DC9, 0x4DE9, 0x4DE9, 0x4DE8, 0x5608, 0x4DE8, 0x5608, 0x4DE8, 0x4DE7, 0x5608, 0x4DE7, // 0x1DE0 (7648) pixels
    0x65CA, 0x65C9, 0x4DC7, 0x4E67, 0x4626, 0x5E49, 0x6D6B, 0x0120, 0x0021, 0x0061, 0x00C1, 0x0100, 0x2A85, 0x2AC6, 0x2265, 0x2A66, // 0x1DF0 (7664) pixels
    0x2AA6, 0x2A26, 0x18E3, 0x1083, 0x0020, 0x00A1, 0x12C7, 0x1368, 0x1B4A, 0x1B69, 0x1349, 0x1BAA, 0x244B, 0x348B, 0x2AE7, 0x0020, // 0x1E00 (7680) pixels
    0x0141, 0x658A, 0x5E48, 0x4E06, 0x4E07, 0x4E07, 0x5608, 0x564A, 0x5E0B, 0x4667, 0x4607, 0x1AC4, 0x0001, 0x0000, 0x0020, 0x0000, // 0x1E10 (7696) pixels
    0x0021, 0x0061, 0x0800, 0x0800, 0x0820, 0x0000, 0x1000, 0x40C1, 0xD9C3, 0xD964, 0xC8E3, 0xD124, 0xC163, 0x7040, 0x1800, 0x0022, // 0x1E20 (7712) pixels
    0x0040, 0x0800, 0x1001, 0x0801, 0x0000, 0x1800, 0x1800, 0x1060, 0x3000, 0x0040, 0x0022, 0x0800, 0x0000, 0x0000, 0x0021, 0x0000, // 0x1E30 (7728) pixels
    0x0000, 0x0000, 0x0000, 0x0000, 0x0000, 0x0000, 0x0000, 0x0020, 0x0000, 0x0000, 0x0000, 0x0000, 0x0000, 0x0000, 0x0000, 0x0000, // 0x1E40 (7744) pixels
    0x0000, 0x0000, 0x0000, 0x0000, 0x0000, 0x0000, 0x0000, 0x0000, 0x0000, 0x0000, 0x0000, 0x0000, 0x0000, 0x0000, 0x0000, 0x0000, // 0x1E50 (7760) pixels
    0x0000, 0x0000, 0x0000, 0x0000, 0x0000, 0x0000, 0x0000, 0x0000, 0x0000, 0x0000, 0x0000, 0x0000, 0x0000, 0x0000, 0x0000, 0x0000, // 0x1E60 (7776) pixels
    0x0000, 0x0000, 0x0000, 0x0000, 0x0000, 0x0000, 0x0000, 0x0000, 0x0000, 0x0000, 0x0000, 0x0000, 0x0000, 0x0000, 0x0000, 0x0000, // 0x1E70 (7792) pixels
    0x0000, 0x0000, 0x0000, 0x0000, 0x0000, 0x0000, 0x0000, 0x0000, 0x0000, 0x0000, 0x0000, 0x0000, 0x0000, 0x0000, 0x0000, 0x0000, // 0x1E80 (7808) pixels
    0x0000, 0x0000, 0x0000, 0x0000, 0x0000, 0x0000, 0x3364, 0xAF73, 0x8F10, 0x5E0A, 0x4DE8, 0x5E4A, 0x4DE8, 0x55E9, 0x4E29, 0x4E49, // 0x1E90 (7824) pixels
    0x566A, 0x4E08, 0x4E08, 0x5608, 0x5649, 0x4DE8, 0x55E9, 0x55E9, 0x55E9, 0x55E9, 0x55E9, 0x5E09, 0x55E9, 0x55E9, 0x4E08, 0x4E08, // 0x1EA0 (7840) pixels
    0x5609, 0x4E28, 0x5629, 0x5D8A, 0x540A, 0x1943, 0x30E5, 0x1863, 0x0000, 0x0060, 0x0060, 0x0060, 0x0060, 0x0020, 0x0060, 0x0040, // 0x1EB0 (7856) pixels
    0x0001, 0x0022, 0x0043, 0x0124, 0x1AE9, 0x1B6A, 0x1B49, 0x1B88, 0x1BC7, 0x2468, 0x3D6A, 0x4DCC, 0x33A8, 0x0040, 0x0164, 0x4469, // 0x1EC0 (7872) pixels
    0x55E8, 0x4E28, 0x4E09, 0x5628, 0x5629, 0x45A9, 0x454A, 0x4E09, 0x4609, 0x0B05, 0x0022, 0x0801, 0x0000, 0x0000, 0x1000, 0x0800, // 0x1ED0 (7888) pixels
    0x0000, 0x0821, 0x0021, 0x0000, 0x60A2, 0xC946, 0xE1A3, 0xE164, 0xD0E4, 0xD103, 0xD984, 0xB124, 0x5041, 0x0000, 0x0000, 0x0000, // 0x1EE0 (7904) pixels
    0x0021, 0x0020, 0x1000, 0x8945, 0xB944, 0xC143, 0x98E4, 0x1840, 0x0800, 0x0800, 0x0000, 0x0000, 0x0020, 0x0000, 0x0000, 0x0000, // 0x1EF0 (7920) pixels
    0x0000, 0x0000, 0x0000, 0x0000, 0x0000, 0x0000, 0x0000, 0x0000, 0x0000, 0x0000, 0x0000, 0x0000, 0x0000, 0x0000, 0x0000, 0x0000, // 0x1F00 (7936) pixels
    0x0000, 0x0000, 0x0000, 0x0000, 0x0000, 0x0000, 0x0000, 0x0000, 0x0000, 0x0000, 0x0000, 0x0000, 0x0000, 0x0000, 0x0000, 0x0000, // 0x1F10 (7952) pixels
    0x0000, 0x0000, 0x0000, 0x0000, 0x0000, 0x0000, 0x0000, 0x0000, 0x0000, 0x0000, 0x0000, 0x0000, 0x0000, 0x0000, 0x0000, 0x0000, // 0x1F20 (7968) pixels
    0x0000, 0x0000, 0x0000, 0x0000, 0x0000, 0x0000, 0x0000, 0x0000, 0x0000, 0x0000, 0x0000, 0x0000, 0x0000, 0x0000, 0x0000, 0x0000, // 0x1F30 (7984) pixels
    0x0000, 0x0000, 0x0000, 0x0000, 0x0000, 0x0000, 0x0000, 0x0000, 0x0000, 0x0000, 0x0000, 0x0000, 0x0000, 0x0000, 0x0000, 0x0000, // 0x1F40 (8000) pixels
    0x0000, 0x0000, 0x0000, 0x0000, 0x00E0, 0x1A44, 0x01C0, 0x2B65, 0x4CC9, 0x54E9, 0x5509, 0x5D0A, 0x4569, 0x4D69, 0x4568, 0x55E9, // 0x1F50 (8016) pixels
    0x5629, 0x5628, 0x4E07, 0x4E07, 0x5629, 0x4E08, 0x4E08, 0x4E08, 0x4E08, 0x4E08, 0x4E08, 0x4E08, 0x3E47, 0x4E49, 0x5E2B, 0x55AA, // 0x1F60 (8032) pixels
    0x552A, 0x01C0, 0x00A1, 0x7BB1, 0xFFDE, 0x630D, 0x0021, 0x3287, 0x54EC, 0x3C89, 0x1B28, 0x1AA9, 0x12A7, 0x1288, 0x1A69, 0x2AAA, // 0x1F70 (8048) pixels
    0x228A, 0x1ACA, 0x238B, 0x1B8A, 0x1B68, 0x3489, 0x4569, 0x4DE8, 0x4E48, 0x566A, 0x4489, 0x0964, 0x0082, 0x0A44, 0x3CE8, 0x4DE9, // 0x1F80 (8064) pixels
    0x4DE9, 0x5609, 0x5609, 0x3527, 0x1C06, 0x3D09, 0x354B, 0x0AC6, 0x0042, 0x0001, 0x0800, 0x48A1, 0xA8A4, 0x7041, 0x2000, 0x0020, // 0x1F90 (8080) pixels
    0x0040, 0x1000, 0x88C3, 0xF9C6, 0xD143, 0xD904, 0xD104, 0xC923, 0xE964, 0xE965, 0x80A2, 0x0800, 0x0000, 0x0000, 0x1020, 0x3041, // 0x1FA0 (8096) pixels
    0x7081, 0xD1C5, 0xE983, 0xE941, 0xC0E4, 0x1820, 0x0020, 0x0020, 0x0020, 0x0000, 0x0000, 0x0000, 0x0000, 0x0000, 0x0000, 0x0000, // 0x1FB0 (8112) pixels
    0x0020, 0x0000, 0x0000, 0x0000, 0x0000, 0x0000, 0x0000, 0x0000, 0x0000, 0x0000, 0x0000, 0x0000, 0x0000, 0x0000, 0x0000, 0x0000, // 0x1FC0 (8128) pixels
    0x0000, 0x0000, 0x0000, 0x0000, 0x0000, 0x0000, 0x0000, 0x0000, 0x0000, 0x0000, 0x0000, 0x0000, 0x0000, 0x0000, 0x0000, 0x0000, // 0x1FD0 (8144) pixels
    0x0000, 0x0000, 0x0000, 0x0000, 0x0000, 0x0000, 0x0000, 0x0000, 0x0000, 0x0000, 0x0000, 0x0000, 0x0000, 0x0000, 0x0000, 0x0000, // 0x1FE0 (8160) pixels
    0x0000, 0x0000, 0x0000, 0x0000, 0x0000, 0x0000, 0x0000, 0x0000, 0x0000, 0x0000, 0x0000, 0x0000, 0x0000, 0x0000, 0x0000, 0x0000, // 0x1FF0 (8176) pixels
    0x0000, 0x0000, 0x0000, 0x0000, 0x0000, 0x0000, 0x0000, 0x0000, 0x0000, 0x0000, 0x0000, 0x0000, 0x0000, 0x0000, 0x0000, 0x0000, // 0x2000 (8192) pixels
    0x0000, 0x0000, 0x0000, 0x0862, 0x2144, 0x0902, 0x0902, 0x0080, 0x00A0, 0x00C0, 0x00C0, 0x0120, 0x0100, 0x33C6, 0x65AC, 0x55AA, // 0x2010 (8208) pixels
    0x4DC9, 0x560A, 0x4627, 0x4627, 0x4627, 0x4E47, 0x4627, 0x4627, 0x4E47, 0x4E68, 0x4E49, 0x3D07, 0x33E7, 0x1A83, 0x2244, 0x00A0, // 0x2020 (8224) pixels
    0x0001, 0x5AAE, 0xEF9D, 0xC67A, 0xA5D6, 0x546C, 0x664D, 0x4E2B, 0x2488, 0x1BA9, 0x1C08, 0x1BC8, 0x23C9, 0x23AA, 0x1B89, 0x1BA9, // 0x2030 (8240) pixels
    0x13A8, 0x13A7, 0x1366, 0x3D08, 0x5E29, 0x5E47, 0x4E46, 0x4E68, 0x4D6B, 0x2B4A, 0x0043, 0x01A3, 0x44EA, 0x564B, 0x4E08, 0x4E08, // 0x2040 (8256) pixels
    0x4DE8, 0x3D67, 0x1C26, 0x2489, 0x2C8A, 0x1A66, 0x0000, 0x0020, 0x2040, 0xB924, 0xF184, 0xD164, 0x68A0, 0x0020, 0x0020, 0x4822, // 0x2050 (8272) pixels
    0xA8E4, 0xD984, 0xC186, 0xC966, 0xC167, 0xB185, 0xD165, 0xE947, 0x90C4, 0x1000, 0x0040, 0x0000, 0x4860, 0xB985, 0xE9A5, 0xF1A4, // 0x2060 (8288) pixels
    0xE142, 0xE121, 0xC144, 0x1840, 0x0040, 0x0020, 0x0000, 0x0800, 0x0001, 0x0000, 0x0000, 0x0020, 0x0000, 0x0000, 0x0000, 0x0000, // 0x2070 (8304) pixels
    0x0000, 0x0000, 0x0000, 0x0000, 0x0000, 0x0000, 0x0000, 0x0000, 0x0000, 0x0000, 0x0000, 0x0000, 0x0000, 0x0000, 0x0000, 0x0000, // 0x2080 (8320) pixels
    0x0000, 0x0000, 0x0000, 0x0000, 0x0000, 0x0000, 0x0000, 0x0000, 0x0000, 0x0000, 0x0000, 0x0000, 0x0000, 0x0000, 0x0000, 0x0000, // 0x2090 (8336) pixels
    0x0000, 0x0000, 0x0000, 0x0000, 0x0000, 0x0000, 0x0000, 0x0000, 0x0000, 0x0000, 0x0000, 0x0000, 0x0000, 0x0000, 0x0000, 0x0000, // 0x20A0 (8352) pixels
    0x0000, 0x0000, 0x0000, 0x0000, 0x0000, 0x0000, 0x0000, 0x0000, 0x0000, 0x0000, 0x0000, 0x0000, 0x0000, 0x0000, 0x0000, 0x0000, // 0x20B0 (8368) pixels
    0x0000, 0x0000, 0x0000, 0x0000, 0x0000, 0x0000, 0x0000, 0x0000, 0x0000, 0x0000, 0x0000, 0x0000, 0x0000, 0x0000, 0x0000, 0x0000, // 0x20C0 (8384) pixels
    0x0801, 0x2905, 0xE6DD, 0xE6FD, 0x630D, 0x0000, 0x0000, 0x8C72, 0xC598, 0xA4B4, 0x1082, 0x08C1, 0x1162, 0x0140, 0x01A0, 0x0180, // 0x20D0 (8400) pixels
    0x3486, 0x4D49, 0x558A, 0x558A, 0x5569, 0x558A, 0x5DAA, 0x4D49, 0x5D2B, 0x1222, 0x0080, 0x0020, 0x39E6, 0xBE37, 0x94B3, 0x0001, // 0x20E0 (8416) pixels
    0x18A2, 0x9CF4, 0xEFFE, 0x652C, 0x4566, 0x4606, 0x3DA7, 0x4549, 0x4569, 0x4529, 0x4529, 0x4529, 0x4509, 0x4529, 0x4509, 0x4509, // 0x20F0 (8432) pixels
    0x452A, 0x55CA, 0x5629, 0x5608, 0x4E07, 0x4E49, 0x454A, 0x2348, 0x0063, 0x0183, 0x44AA, 0x562A, 0x4E27, 0x4E27, 0x4E08, 0x4DE9, // 0x2100 (8448) pixels
    0x45AB, 0x354B, 0x348B, 0x2266, 0x0000, 0x1800, 0x6081, 0xE186, 0xD8A3, 0xE0E5, 0xB926, 0x58E4, 0x1001, 0x3003, 0x6064, 0x5000, // 0x2110 (8464) pixels
    0x4801, 0x5802, 0x4801, 0x4000, 0x6801, 0xA085, 0x70A6, 0x1042, 0x2000, 0x60A3, 0x9861, 0xE164, 0xE9A4, 0xC8E1, 0xC8E2, 0xE925, // 0x2120 (8480) pixels
    0xB924, 0x1000, 0x0000, 0x0000, 0x0000, 0x0801, 0x0001, 0x0000, 0x0000, 0x0000, 0x0000, 0x0000, 0x0000, 0x0000, 0x0000, 0x0800, // 0x2130 (8496) pixels
    0x0000, 0x0000, 0x0000, 0x0000, 0x0000, 0x0000, 0x0000, 0x0000, 0x0000, 0x0000, 0x0000, 0x0000, 0x0000, 0x0000, 0x0000, 0x0000, // 0x2140 (8512) pixels
    0x0000, 0x0000, 0x0000, 0x0000, 0x0000, 0x0000, 0x0000, 0x0000, 0x0000, 0x0000, 0x0000, 0x0000, 0x0000, 0x0000, 0x0000, 0x0000, // 0x2150 (8528) pixels
    0x0000, 0x0000, 0x0000, 0x0000, 0x0000, 0x0000, 0x0000, 0x0000, 0x0000, 0x0000, 0x0000, 0x0000, 0x0000, 0x0000, 0x0000, 0x0000, // 0x2160 (8544) pixels
    0x0000, 0x0000, 0x0000, 0x0000, 0x0000, 0x0000, 0x0000, 0x0000, 0x0000, 0x0000, 0x0000, 0x0000, 0x0000, 0x0000, 0x0000, 0x0000, // 0x2170 (8560) pixels
    0x0000, 0x0000, 0x0000, 0x0000, 0x0000, 0x0000, 0x0000, 0x0000, 0x0000, 0x0000, 0x0000, 0x0000, 0x0000, 0x0000, 0x0000, 0x2124, // 0x2180 (8576) pixels
    0xDEDB, 0xFFFF, 0x630D, 0x0000, 0x0861, 0xD6BA, 0xFF9F, 0xDE7D, 0x1865, 0x0001, 0x0822, 0x526A, 0x9492, 0x7BAE, 0x00A0, 0x0942, // 0x2190 (8592) pixels
    0x00E1, 0x0901, 0x00E0, 0x00C0, 0x1162, 0x0942, 0x1162, 0x2144, 0x0801, 0x0801, 0x526A, 0xFFFF, 0xD6BA, 0x0021, 0x0000, 0x21A5, // 0x21A0 (8608) pixels
    0x5CAC, 0x5569, 0x5627, 0x5646, 0x4E27, 0x566A, 0x5629, 0x5628, 0x5629, 0x5628, 0x5629, 0x5629, 0x5609, 0x5609, 0x5E2B, 0x562A, // 0x21B0 (8624) pixels
    0x4E08, 0x55E9, 0x5609, 0x562A, 0x454A, 0x1B67, 0x0001, 0x00E2, 0x2387, 0x3D67, 0x4626, 0x5627, 0x5629, 0x562A, 0x562D, 0x3D6B, // 0x21C0 (8640) pixels
    0x34AA, 0x1285, 0x0800, 0x7883, 0xB125, 0xB1E6, 0xB866, 0xA065, 0x80A5, 0x5065, 0x1802, 0x0002, 0x0002, 0x0041, 0x0000, 0x0000, // 0x21D0 (8656) pixels
    0x0000, 0x0000, 0x0800, 0x2801, 0x1802, 0x0002, 0x4000, 0xA947, 0xD0E5, 0xD8C4, 0xC923, 0xC143, 0xC925, 0xD926, 0xC125, 0x1800, // 0x21E0 (8672) pixels
    0x0801, 0x0801, 0x0020, 0x0020, 0x0020, 0x0060, 0x0800, 0x0000, 0x0000, 0x0020, 0x0000, 0x0000, 0x0000, 0x0000, 0x0000, 0x0000, // 0x21F0 (8688) pixels
    0x0000, 0x0000, 0x0000, 0x0000, 0x0000, 0x0000, 0x0000, 0x0000, 0x0000, 0x0000, 0x0000, 0x0000, 0x0000, 0x0000, 0x0000, 0x0000, // 0x2200 (8704) pixels
    0x0000, 0x0000, 0x0000, 0x0000, 0x0000, 0x0000, 0x0000, 0x0000, 0x0000, 0x0000, 0x0000, 0x0000, 0x0000, 0x0000, 0x0000, 0x0000, // 0x2210 (8720) pixels
    0x0000, 0x0000, 0x0000, 0x0000, 0x0000, 0x0000, 0x0000, 0x0000, 0x0000, 0x0000, 0x0000, 0x0000, 0x0000, 0x0000, 0x0000, 0x0000, // 0x2220 (8736) pixels
    0x0000, 0x0000, 0x0000, 0x0000, 0x0000, 0x0000, 0x0000, 0x0000, 0x0000, 0x0000, 0x0000, 0x0000, 0x0000, 0x0000, 0x0000, 0x0000, // 0x2230 (8752) pixels
    0x0000, 0x0000, 0x0000, 0x0000, 0x0000, 0x0000, 0x0000, 0x0000, 0x0000, 0x0000, 0x0000, 0x0000, 0x0000, 0x0000, 0x5289, 0xEF7D, // 0x2240 (8768) pixels
    0x73AE, 0x0000, 0x0000, 0x6B6C, 0xFFBF, 0xC619, 0x0842, 0x0000, 0x0801, 0x8C11, 0xFFDF, 0xE6BB, 0x0001, 0x0822, 0x2926, 0x8C31, // 0x2250 (8784) pixels
    0x8C31, 0x2925, 0x0801, 0x0000, 0x8C90, 0xE6FC, 0x5A6C, 0x0802, 0x0021, 0x73CE, 0x94B2, 0xB596, 0x4208, 0x0120, 0x2C06, 0x4D87, // 0x2260 (8800) pixels
    0x5E08, 0x55C7, 0x4DE8, 0x4E28, 0x4E28, 0x5648, 0x4E48, 0x4E48, 0x4E48, 0x4E28, 0x4E28, 0x4E28, 0x4DE9, 0x4E08, 0x4E08, 0x55E8, // 0x2270 (8816) pixels
    0x55E8, 0x4E09, 0x452A, 0x1B88, 0x0801, 0x00A3, 0x12E7, 0x3D68, 0x4607, 0x5629, 0x55EA, 0x3D28, 0x350A, 0x24E8, 0x2C69, 0x0A66, // 0x2280 (8832) pixels
    0x0800, 0xA0E6, 0xB947, 0x5144, 0x5025, 0x2042, 0x0080, 0x0880, 0x08A1, 0x00C1, 0x01A2, 0x3B68, 0x3447, 0x3C27, 0x4408, 0x3C29, // 0x2290 (8848) pixels
    0x2BA7, 0x09E3, 0x00C0, 0x0101, 0x08E0, 0x40A2, 0x7084, 0x7864, 0x8063, 0xC146, 0xD926, 0xD8C4, 0xC906, 0x1820, 0x0020, 0x0000, // 0x22A0 (8864) pixels
    0x1000, 0x3800, 0x2800, 0x3000, 0x2022, 0x0800, 0x0000, 0x0020, 0x0020, 0x0000, 0x0000, 0x0000, 0x0000, 0x0000, 0x0000, 0x0000, // 0x22B0 (8880) pixels
    0x0000, 0x0000, 0x0000, 0x0000, 0x0000, 0x0000, 0x0000, 0x0000, 0x0000, 0x0000, 0x0000, 0x0000, 0x0000, 0x0000, 0x0000, 0x0000, // 0x22C0 (8896) pixels
    0x0000, 0x0000, 0x0000, 0x0000, 0x0000, 0x0000, 0x0000, 0x0000, 0x0000, 0x0000, 0x0000, 0x0000, 0x0000, 0x0000, 0x0000, 0x0000, // 0x22D0 (8912) pixels
    0x0000, 0x0000, 0x0000, 0x0000, 0x0000, 0x0000, 0x0000, 0x0000, 0x0000, 0x0000, 0x0000, 0x0000, 0x0000, 0x0000, 0x0000, 0x0000, // 0x22E0 (8928) pixels
    0x0000, 0x0000, 0x0000, 0x0000, 0x0000, 0x0000, 0x0000, 0x0000, 0x0000, 0x0000, 0x0000, 0x0000, 0x0000, 0x0000, 0x0000, 0x0000, // 0x22F0 (8944) pixels
    0x0000, 0x0000, 0x0000, 0x0000, 0x0000, 0x0000, 0x0000, 0x0000, 0x0000, 0x0000, 0x0000, 0x0020, 0x0821, 0x6B2D, 0x3146, 0x0000, // 0x2300 (8960) pixels
    0x0020, 0x0020, 0xCE58, 0x8450, 0x0000, 0x0860, 0x0000, 0x7C0F, 0xFFFF, 0xC679, 0x0020, 0x0000, 0x3A07, 0xF7FE, 0xFFFF, 0x4A68, // 0x2310 (8976) pixels
    0x0000, 0x0020, 0xADD5, 0xFFFF, 0x62ED, 0x4A6B, 0x1904, 0x0020, 0x2945, 0xFFBF, 0x7C10, 0x22C5, 0x668D, 0x4628, 0x5629, 0x5DA9, // 0x2320 (8992) pixels
    0x560A, 0x464A, 0x55E8, 0x5E09, 0x55E8, 0x5608, 0x5608, 0x55E8, 0x5609, 0x5609, 0x4E09, 0x4E48, 0x4E27, 0x5E07, 0x5E08, 0x5E29, // 0x2330 (9008) pixels
    0x454B, 0x1B69, 0x0802, 0x0084, 0x12A8, 0x458B, 0x4608, 0x562A, 0x4DAB, 0x1C26, 0x2428, 0x14A7, 0x2C69, 0x1247, 0x0000, 0x80A4, // 0x2340 (9024) pixels
    0x8043, 0x0000, 0x0000, 0x1162, 0x43E9, 0x4CEB, 0x3CC9, 0x3D08, 0x4D28, 0x75E9, 0x4EA8, 0x5E89, 0x5E49, 0x566A, 0x568C, 0x3D69, // 0x2350 (9040) pixels
    0x3C67, 0x5C8A, 0x3C0A, 0x0060, 0x0001, 0x0022, 0x0800, 0x8905, 0xD145, 0xE963, 0xD0E5, 0x1820, 0x0020, 0x0800, 0x60C3, 0xC987, // 0x2360 (9056) pixels
    0xD1A6, 0xD9A4, 0x38C4, 0x1801, 0x0000, 0x0000, 0x0020, 0x0020, 0x0000, 0x0000, 0x0000, 0x0000, 0x0000, 0x0000, 0x0000, 0x0000, // 0x2370 (9072) pixels
    0x0000, 0x0000, 0x0000, 0x0000, 0x0000, 0x0000, 0x0000, 0x0000, 0x0000, 0x0000, 0x0000, 0x0000, 0x0000, 0x0000, 0x0000, 0x0000, // 0x2380 (9088) pixels
    0x0000, 0x0000, 0x0000, 0x0000, 0x0000, 0x0000, 0x0000, 0x0000, 0x0000, 0x0000, 0x0000, 0x0000, 0x0000, 0x0000, 0x0000, 0x0000, // 0x2390 (9104) pixels
    0x0000, 0x0000, 0x0000, 0x0000, 0x0000, 0x0000, 0x0000, 0x0000, 0x0000, 0x0000, 0x0000, 0x0000, 0x0000, 0x0000, 0x0000, 0x0000, // 0x23A0 (9120) pixels
    0x0000, 0x0000, 0x0000, 0x0000, 0x0000, 0x0000, 0x0000, 0x0000, 0x0000, 0x0000, 0x0000, 0x0000, 0x0000, 0x0000, 0x0000, 0x0000, // 0x23B0 (9136) pixels
    0x0000, 0x0000, 0x0000, 0x0000, 0x0000, 0x0000, 0x0000, 0x0000, 0x0000, 0x0020, 0x0020, 0x0000, 0x0000, 0x0000, 0x0000, 0x0000, // 0x23C0 (9152) pixels
    0x3185, 0x18E3, 0x0020, 0x0000, 0x0041, 0x4229, 0xD69A, 0xAD35, 0x0000, 0x0001, 0x18A3, 0xCE7A, 0xD69A, 0x31C7, 0x0882, 0x0040, // 0x23D0 (9168) pixels
    0x21A4, 0x636C, 0x39E8, 0xF77E, 0x8C31, 0x0020, 0x0901, 0x6C6D, 0x4D67, 0x4DA8, 0x55E9, 0x5609, 0x5629, 0x5608, 0x4E08, 0x4E28, // 0x23E0 (9184) pixels
    0x5608, 0x5608, 0x5608, 0x5629, 0x5608, 0x5608, 0x5608, 0x5608, 0x5607, 0x5609, 0x55E9, 0x5648, 0x4E45, 0x5626, 0x4D29, 0x12C6, // 0x23F0 (9200) pixels
    0x1003, 0x0082, 0x12A5, 0x456A, 0x4E08, 0x5649, 0x4DCB, 0x2469, 0x2C4B, 0x1468, 0x24E9, 0x0246, 0x0005, 0x0803, 0x08A2, 0x0145, // 0x2400 (9216) pixels
    0x0245, 0x23C7, 0x664B, 0x668A, 0x5649, 0x5E4A, 0x5E4B, 0x562A, 0x562A, 0x562A, 0x562A, 0x562A, 0x5E69, 0x5E69, 0x5648, 0x668A, // 0x2410 (9232) pixels
    0x556A, 0x0AC3, 0x0202, 0x09A0, 0x1961, 0x2022, 0x4044, 0x5884, 0x6040, 0x5000, 0x5062, 0x5802, 0xA0E4, 0xE9A4, 0xF184, 0xE185, // 0x2420 (9248) pixels
    0x98C4, 0x1000, 0x0000, 0x0000, 0x0000, 0x0000, 0x0001, 0x0000, 0x0800, 0x0801, 0x0000, 0x0000, 0x0000, 0x0000, 0x0000, 0x0000, // 0x2430 (9264) pixels
    0x0000, 0x0000, 0x0000, 0x0000, 0x0000, 0x0000, 0x0000, 0x0000, 0x0000, 0x0000, 0x0000, 0x0000, 0x0000, 0x0000, 0x0000, 0x0000, // 0x2440 (9280) pixels
    0x0000, 0x0000, 0x0000, 0x0000, 0x0000, 0x0000, 0x0000, 0x0000, 0x0000, 0x0000, 0x0000, 0x0000, 0x0000, 0x0000, 0x0000, 0x0000, // 0x2450 (9296) pixels
    0x0000, 0x0000, 0x0000, 0x0000, 0x0000, 0x0000, 0x0000, 0x0000, 0x0000, 0x0000, 0x0000, 0x0000, 0x0000, 0x0000, 0x0000, 0x0000, // 0x2460 (9312) pixels
    0x0000, 0x0000, 0x0000, 0x0000, 0x0000, 0x0000, 0x0000, 0x0000, 0x0000, 0x0000, 0x0000, 0x0000, 0x0000, 0x0000, 0x0000, 0x0000, // 0x2470 (9328) pixels
    0x0000, 0x0000, 0x0000, 0x0000, 0x0000, 0x0000, 0x0000, 0x0000, 0x0000, 0x0000, 0x0000, 0x0000, 0x0000, 0x0000, 0x0000, 0x0000, // 0x2480 (9344) pixels
    0x0000, 0x0861, 0x0000, 0x0000, 0x0841, 0x18C3, 0x0001, 0x0000, 0x0041, 0x1082, 0x0882, 0x0000, 0x73CF, 0xCE79, 0x0822, 0x1043, // 0x2490 (9360) pixels
    0x0822, 0xFFFF, 0xE75C, 0x0101, 0x00C0, 0x548A, 0x55C8, 0x55E9, 0x55E9, 0x5608, 0x55E8, 0x4DE8, 0x4E08, 0x4E28, 0x4E08, 0x4E08, // 0x24A0 (9376) pixels
    0x4E08, 0x4E08, 0x4E08, 0x4E08, 0x4E08, 0x4E08, 0x5628, 0x5E2A, 0x55C9, 0x4DE8, 0x4E68, 0x5E6A, 0x44AA, 0x00E1, 0x0002, 0x00A2, // 0x24B0 (9392) pixels
    0x0AC5, 0x456A, 0x4E08, 0x5628, 0x4DAA, 0x2468, 0x146A, 0x1488, 0x2CC9, 0x1285, 0x0001, 0x0060, 0x22A7, 0x23CD, 0x2C0A, 0x3CEA, // 0x24C0 (9408) pixels
    0x664C, 0x5649, 0x5649, 0x4DE9, 0x3528, 0x2486, 0x2CA8, 0x2488, 0x2487, 0x2CC6, 0x4587, 0x5628, 0x5628, 0x5628, 0x5628, 0x4D89, // 0x24D0 (9424) pixels
    0x55AC, 0x556B, 0x548A, 0x11C4, 0x0020, 0x0000, 0x0000, 0x6884, 0xD189, 0xD125, 0xB943, 0xB983, 0xC944, 0xD903, 0xB125, 0x2820, // 0x24E0 (9440) pixels
    0x0041, 0x0800, 0x0020, 0x0000, 0x0800, 0x0800, 0x0000, 0x0000, 0x0000, 0x0000, 0x0000, 0x0000, 0x0000, 0x0040, 0x0000, 0x0000, // 0x24F0 (9456) pixels
    0x0000, 0x0000, 0x0000, 0x0000, 0x0000, 0x0000, 0x0000, 0x0000, 0x0000, 0x0000, 0x0000, 0x0000, 0x0000, 0x0000, 0x0000, 0x0000, // 0x2500 (9472) pixels
    0x0000, 0x0000, 0x0000, 0x0000, 0x0000, 0x0000, 0x0000, 0x0000, 0x0000, 0x0000, 0x0000, 0x0000, 0x0000, 0x0000, 0x0000, 0x0000, // 0x2510 (9488) pixels
    0x0000, 0x0000, 0x0000, 0x0000, 0x0000, 0x0000, 0x0000, 0x0000, 0x0000, 0x0000, 0x0000, 0x0000, 0x0000, 0x0000, 0x0000, 0x0000, // 0x2520 (9504) pixels
    0x0000, 0x0000, 0x0000, 0x0000, 0x0000, 0x0000, 0x0000, 0x0000, 0x0000, 0x0000, 0x0000, 0x0000, 0x0000, 0x0000, 0x0000, 0x0000, // 0x2530 (9520) pixels
    0x0000, 0x0000, 0x0000, 0x0000, 0x0020, 0x0000, 0x0000, 0x0000, 0x0000, 0x0000, 0x0000, 0x0841, 0x0841, 0x0020, 0x0020, 0x0000, // 0x2540 (9536) pixels
    0x0841, 0x1082, 0x0000, 0x0000, 0x0840, 0x0881, 0x4A89, 0x0881, 0x0020, 0x0000, 0xA554, 0xFFFF, 0x7B50, 0x0802, 0x1884, 0xAD75, // 0x2550 (9552) pixels
    0xAE35, 0x3B66, 0x1B42, 0x5DCA, 0x5E09, 0x5609, 0x5609, 0x55E8, 0x4DE8, 0x4E08, 0x4E08, 0x4E28, 0x5608, 0x5608, 0x4E08, 0x4E08, // 0x2560 (9568) pixels
    0x4E08, 0x4E08, 0x5608, 0x5608, 0x3E08, 0x5609, 0x55E8, 0x5E2A, 0x45CA, 0x34A9, 0x2B08, 0x0021, 0x08E5, 0x1227, 0x23C8, 0x45EA, // 0x2570 (9584) pixels
    0x4E48, 0x5628, 0x55EA, 0x3D09, 0x2549, 0x3D6B, 0x3C29, 0x19E5, 0x0061, 0x2284, 0x3CC9, 0x1CAB, 0x2C49, 0x34A9, 0x3D2A, 0x3527, // 0x2580 (9600) pixels
    0x4E09, 0x4DE9, 0x2CE8, 0x1C28, 0x244A, 0x242A, 0x242A, 0x1C47, 0x3527, 0x5609, 0x5608, 0x4DE8, 0x5E68, 0x5E6B, 0x5E8C, 0x4E2A, // 0x2590 (9616) pixels
    0x562A, 0x2C86, 0x1344, 0x2384, 0x0285, 0x20A2, 0x7843, 0xB8A2, 0xD123, 0xD0E4, 0xD0C4, 0xD923, 0xB924, 0x2820, 0x0020, 0x0000, // 0x25A0 (9632) pixels
    0x0020, 0x0020, 0x0000, 0x0020, 0x0000, 0x0000, 0x0000, 0x0000, 0x0020, 0x0000, 0x0000, 0x0020, 0x0000, 0x0000, 0x0000, 0x0000, // 0x25B0 (9648) pixels
    0x0000, 0x0000, 0x0000, 0x0000, 0x0000, 0x0000, 0x0000, 0x0000, 0x0000, 0x0000, 0x0000, 0x0000, 0x0000, 0x0000, 0x0000, 0x0000, // 0x25C0 (9664) pixels
    0x0000, 0x0000, 0x0000, 0x0000, 0x0000, 0x0000, 0x0000, 0x0000, 0x0000, 0x0000, 0x0000, 0x0000, 0x0000, 0x0000, 0x0000, 0x0000, // 0x25D0 (9680) pixels
    0x0000, 0x0000, 0x0000, 0x0000, 0x0000, 0x0000, 0x0000, 0x0000, 0x0000, 0x0000, 0x0000, 0x0000, 0x0000, 0x0000, 0x0000, 0x0000, // 0x25E0 (9696) pixels
    0x0000, 0x0000, 0x0000, 0x0000, 0x0000, 0x0000, 0x0000, 0x0000, 0x0000, 0x0000, 0x0000, 0x0000, 0x0000, 0x0000, 0x0000, 0x0000, // 0x25F0 (9712) pixels
    0x0000, 0x0000, 0x0000, 0x0000, 0x0000, 0x0000, 0x0000, 0x0000, 0x0020, 0x10C2, 0x8C71, 0x0840, 0x0000, 0x0800, 0x6B4D, 0x9472, // 0x2600 (9728) pixels
    0x2104, 0x0000, 0x0000, 0x2944, 0xFFFF, 0x9CB2, 0x0820, 0x0000, 0x9CB2, 0xFFFF, 0xE77D, 0x10E2, 0x0040, 0x00C0, 0x2B04, 0x760D, // 0x2610 (9744) pixels
    0x5E2A, 0x4E08, 0x55E9, 0x55E8, 0x55E8, 0x5608, 0x5609, 0x5629, 0x4E09, 0x4E08, 0x5608, 0x5608, 0x5608, 0x5608, 0x5608, 0x5608, // 0x2620 (9760) pixels
    0x5629, 0x5629, 0x4EA9, 0x4E68, 0x5648, 0x666B, 0x44EA, 0x01A2, 0x0061, 0x0000, 0x09C6, 0x236A, 0x2468, 0x45C9, 0x4E28, 0x5628, // 0x2630 (9776) pixels
    0x5E4A, 0x55EA, 0x4E27, 0x4D2A, 0x1204, 0x0064, 0x00E4, 0x4C69, 0x562A, 0x14C6, 0x1BE7, 0x1C09, 0x1C29, 0x1C66, 0x45E8, 0x45E8, // 0x2640 (9792) pixels
    0x2CE8, 0x244A, 0x1C09, 0x1C0A, 0x242B, 0x2449, 0x3508, 0x4E09, 0x5609, 0x4DC9, 0x876D, 0x7F4D, 0x772D, 0x5669, 0x4E48, 0x4E28, // 0x2650 (9808) pixels
    0x5E4A, 0x5E4B, 0x5D28, 0x0120, 0x0800, 0x5043, 0xA947, 0xD946, 0xD924, 0xC122, 0xB944, 0x2820, 0x0020, 0x0000, 0x0040, 0x0020, // 0x2660 (9824) pixels
    0x0001, 0x0000, 0x0020, 0x0000, 0x0000, 0x0000, 0x0020, 0x0020, 0x0000, 0x0000, 0x0000, 0x0000, 0x0000, 0x0000, 0x0000, 0x0000, // 0x2670 (9840) pixels
    0x0000, 0x0000, 0x0000, 0x0000, 0x0000, 0x0000, 0x0000, 0x0000, 0x0000, 0x0000, 0x0000, 0x0000, 0x0000, 0x0000, 0x0000, 0x0000, // 0x2680 (9856) pixels
    0x0000, 0x0000, 0x0000, 0x0000, 0x0000, 0x0000, 0x0000, 0x0000, 0x0000, 0x0000, 0x0000, 0x0000, 0x0000, 0x0000, 0x0000, 0x0000, // 0x2690 (9872) pixels
    0x0000, 0x0000, 0x0000, 0x0000, 0x0000, 0x0000, 0x0000, 0x0000, 0x0000, 0x0000, 0x0000, 0x0000, 0x0000, 0x0000, 0x0000, 0x0000, // 0x26A0 (9888) pixels
    0x0000, 0x0000, 0x0000, 0x0000, 0x0000, 0x0000, 0x0000, 0x0000, 0x0000, 0x0000, 0x0000, 0x0000, 0x0000, 0x0000, 0x0000, 0x0000, // 0x26B0 (9904) pixels
    0x0000, 0x0000, 0x0000, 0x0000, 0x0000, 0x0020, 0x0020, 0x10C2, 0xCEBA, 0x8430, 0x1061, 0x0000, 0x8C10, 0xFFFF, 0x8410, 0x0841, // 0x26C0 (9920) pixels
    0x0801, 0x20E4, 0xFFFF, 0xFFFF, 0x2945, 0x0000, 0x52CB, 0x8C92, 0x7DEF, 0x4448, 0x4CA9, 0x4CE8, 0x5569, 0x664A, 0x5628, 0x4E27, // 0x26D0 (9936) pixels
    0x4DE8, 0x4DE8, 0x4DE8, 0x5608, 0x5629, 0x5629, 0x5609, 0x4E08, 0x5608, 0x5608, 0x5608, 0x5608, 0x5608, 0x5608, 0x5608, 0x5608, // 0x26E0 (9952) pixels
    0x4E27, 0x4E46, 0x4E47, 0x5E0B, 0x546C, 0x0904, 0x0001, 0x0862, 0x0226, 0x2C2A, 0x2D08, 0x45E8, 0x4E07, 0x55E7, 0x5629, 0x55E9, // 0x26F0 (9968) pixels
    0x6E6A, 0x4488, 0x0142, 0x0105, 0x0A46, 0x3CE8, 0x4E29, 0x14A7, 0x242A, 0x242B, 0x1C2A, 0x1C68, 0x45E8, 0x4607, 0x3527, 0x2C88, // 0x2700 (9984) pixels
    0x2C88, 0x1C29, 0x1C09, 0x1C48, 0x3528, 0x5609, 0x4DCA, 0x456A, 0x872B, 0x8F8D, 0x8FAE, 0x6669, 0x4DE6, 0x5607, 0x5E4A, 0x55EB, // 0x2710 (10000) pixels
    0x4DC6, 0x1B42, 0x0983, 0x0043, 0x2802, 0x80C3, 0xD165, 0xE105, 0xB145, 0x2000, 0x0000, 0x0800, 0x0000, 0x0001, 0x0802, 0x0801, // 0x2720 (10016) pixels
    0x0020, 0x0020, 0x0020, 0x0000, 0x0000, 0x0000, 0x0020, 0x0000, 0x0000, 0x0000, 0x0000, 0x0000, 0x0000, 0x0000, 0x0000, 0x0000, // 0x2730 (10032) pixels
    0x0000, 0x0000, 0x0000, 0x0000, 0x0000, 0x0000, 0x0000, 0x0000, 0x0000, 0x0000, 0x0000, 0x0000, 0x0000, 0x0000, 0x0000, 0x0000, // 0x2740 (10048) pixels
    0x0000, 0x0000, 0x0000, 0x0000, 0x0000, 0x0000, 0x0000, 0x0000, 0x0000, 0x0000, 0x0000, 0x0000, 0x0000, 0x0000, 0x0000, 0x0000, // 0x2750 (10064) pixels
    0x0000, 0x0000, 0x0000, 0x0000, 0x0000, 0x0000, 0x0000, 0x0000, 0x0000, 0x0000, 0x0000, 0x0000, 0x0000, 0x0000, 0x0000, 0x0000, // 0x2760 (10080) pixels
    0x0000, 0x0000, 0x0000, 0x0000, 0x0000, 0x0000, 0x0000, 0x0000, 0x0000, 0x0000, 0x0000, 0x0000, 0x0000, 0x0000, 0x0000, 0x0000, // 0x2770 (10096) pixels
    0x0000, 0x0000, 0x0000, 0x0020, 0x0000, 0x0081, 0xD71B, 0xFFFF, 0x5ACA, 0x0000, 0x8410, 0xFFDF, 0xDEFC, 0x52EB, 0x0001, 0x1925, // 0x2780 (10112) pixels
    0xCEDB, 0xD75C, 0x21E6, 0x00A0, 0x0060, 0x0142, 0x4587, 0x5629, 0x4DE8, 0x5E6A, 0x5E49, 0x4E08, 0x4DE7, 0x5649, 0x5628, 0x4E08, // 0x2790 (10128) pixels
    0x4DE8, 0x4DE8, 0x4E08, 0x5609, 0x5609, 0x4E09, 0x4DE8, 0x4DE8, 0x4E08, 0x4E08, 0x5608, 0x5608, 0x5608, 0x4E08, 0x5E09, 0x5E6A, // 0x27A0 (10144) pixels
    0x3D47, 0x0AA2, 0x0122, 0x0001, 0x0904, 0x2A88, 0x1348, 0x456C, 0x45EA, 0x4E48, 0x5628, 0x5608, 0x55E8, 0x4DE8, 0x4D4A, 0x44CA, // 0x27B0 (10160) pixels
    0x3448, 0x3CCB, 0x34E9, 0x45E8, 0x462A, 0x146A, 0x242B, 0x1C0B, 0x1BEA, 0x1C47, 0x45C8, 0x5628, 0x55E9, 0x458A, 0x4DEA, 0x34C9, // 0x27C0 (10176) pixels
    0x1C29, 0x2448, 0x3D48, 0x562A, 0x4589, 0x2488, 0x4568, 0x5E2B, 0x5E0A, 0x4547, 0x5608, 0x5E68, 0x4DE8, 0x4D8B, 0x35E9, 0x560B, // 0x27D0 (10192) pixels
    0x5D4C, 0x1AA7, 0x08C2, 0x4081, 0x98E4, 0xB885, 0xB105, 0x2800, 0x0000, 0x0800, 0x0020, 0x0020, 0x0021, 0x0040, 0x0800, 0x0000, // 0x27E0 (10208) pixels
    0x0020, 0x0020, 0x0000, 0x0000, 0x0000, 0x0000, 0x0000, 0x0000, 0x0000, 0x0000, 0x0000, 0x0000, 0x0000, 0x0000, 0x0000, 0x0000, // 0x27F0 (10224) pixels
    0x0000, 0x0000, 0x0000, 0x0000, 0x0000, 0x0000, 0x0000, 0x0000, 0x0000, 0x0000, 0x0000, 0x0000, 0x0000, 0x0000, 0x0000, 0x0000, // 0x2800 (10240) pixels
    0x0000, 0x0000, 0x0000, 0x0000, 0x0000, 0x0000, 0x0000, 0x0000, 0x0000, 0x0000, 0x0000, 0x0000, 0x0000, 0x0000, 0x0000, 0x0000, // 0x2810 (10256) pixels
    0x0000, 0x0000, 0x0000, 0x0000, 0x0000, 0x0000, 0x0000, 0x0000, 0x0000, 0x0000, 0x0000, 0x0000, 0x0000, 0x0000, 0x0000, 0x0000, // 0x2820 (10272) pixels
    0x0000, 0x0000, 0x0000, 0x0000, 0x0000, 0x0000, 0x0000, 0x0000, 0x0000, 0x0000, 0x0000, 0x0000, 0x0820, 0x0000, 0x0020, 0x0000, // 0x2830 (10288) pixels
    0x0000, 0x0000, 0x0020, 0x1103, 0xCF1B, 0xF7FF, 0xAD75, 0x0820, 0x83EF, 0xF7BE, 0xFFFF, 0x9534, 0x0080, 0x00C0, 0x09C2, 0x43E9, // 0x2840 (10304) pixels
    0x4CAA, 0x4CCA, 0x44C9, 0x554A, 0x4E28, 0x4E28, 0x4E28, 0x4E08, 0x45E7, 0x5649, 0x5608, 0x5608, 0x4E28, 0x5628, 0x4E08, 0x4E08, // 0x2850 (10320) pixels
    0x4E08, 0x5609, 0x5609, 0x5609, 0x4DE8, 0x4E08, 0x5608, 0x5629, 0x5629, 0x5629, 0x5629, 0x5608, 0x552A, 0x5D2B, 0x4C4A, 0x0142, // 0x2860 (10336) pixels
    0x0021, 0x0042, 0x0185, 0x1308, 0x1BA8, 0x4DAC, 0x4E29, 0x4E27, 0x55E7, 0x5E09, 0x5609, 0x4E28, 0x13A5, 0x2C87, 0x4DEA, 0x562A, // 0x2870 (10352) pixels
    0x4DE8, 0x4E27, 0x4E0A, 0x142A, 0x2409, 0x1C09, 0x2469, 0x2CC7, 0x45A8, 0x5629, 0x5E2A, 0x4D8A, 0x4589, 0x2CAA, 0x1C2A, 0x1C29, // 0x2880 (10368) pixels
    0x3D48, 0x5649, 0x4589, 0x1C28, 0x1C28, 0x2489, 0x1C47, 0x2467, 0x560B, 0x5628, 0x24C4, 0x1426, 0x2427, 0x450A, 0x55CC, 0x4D6B, // 0x2890 (10384) pixels
    0x4C89, 0x2A03, 0x2040, 0x2802, 0x80A3, 0x1841, 0x0020, 0x1000, 0x1000, 0x1020, 0x1000, 0x0800, 0x2000, 0x1000, 0x0000, 0x0020, // 0x28A0 (10400) pixels
    0x0020, 0x0000, 0x0000, 0x0800, 0x0000, 0x0000, 0x0000, 0x0000, 0x0000, 0x0000, 0x0000, 0x0000, 0x0000, 0x0000, 0x0000, 0x0000, // 0x28B0 (10416) pixels
    0x0000, 0x0000, 0x0000, 0x0000, 0x0000, 0x0000, 0x0000, 0x0000, 0x0000, 0x0000, 0x0000, 0x0000, 0x0000, 0x0000, 0x0000, 0x0000, // 0x28C0 (10432) pixels
    0x0000, 0x0000, 0x0000, 0x0000, 0x0000, 0x0000, 0x0000, 0x0000, 0x0000, 0x0000, 0x0000, 0x0000, 0x0000, 0x0000, 0x0000, 0x0000, // 0x28D0 (10448) pixels
    0x0000, 0x0000, 0x0000, 0x0000, 0x0000, 0x0000, 0x0000, 0x0000, 0x0000, 0x0000, 0x0000, 0x0000, 0x0000, 0x0000, 0x0000, 0x0000, // 0x28E0 (10464) pixels
    0x0000, 0x0000, 0x0000, 0x0000, 0x0000, 0x0000, 0x0000, 0x0000, 0x0000, 0x0000, 0x0000, 0x0000, 0x0000, 0x0000, 0x0000, 0x0000, // 0x28F0 (10480) pixels
    0x0061, 0x3A28, 0x4B4B, 0x29E6, 0x2144, 0x0000, 0x18A3, 0x2145, 0x1965, 0x29E7, 0x5489, 0x54A9, 0x4CA7, 0x4D27, 0x5E2A, 0x4E07, // 0x2900 (10496) pixels
    0x4E67, 0x4647, 0x560A, 0x4DE9, 0x5629, 0x5628, 0x4DE8, 0x5608, 0x5608, 0x5608, 0x4E08, 0x4E28, 0x4E28, 0x5629, 0x5629, 0x5629, // 0x2910 (10512) pixels
    0x5609, 0x5609, 0x5608, 0x5629, 0x5649, 0x5E49, 0x5E49, 0x5E49, 0x5649, 0x5629, 0x0A63, 0x0141, 0x0903, 0x0022, 0x1906, 0x19C7, // 0x2920 (10528) pixels
    0x0AA8, 0x0B89, 0x13A6, 0x4DAA, 0x4E28, 0x4E06, 0x55E7, 0x5E0A, 0x55E9, 0x4E08, 0x4DAA, 0x45A8, 0x5649, 0x55E8, 0x5E09, 0x5DE7, // 0x2930 (10544) pixels
    0x5608, 0x350A, 0x1C08, 0x2C89, 0x456B, 0x4DCA, 0x560A, 0x55EA, 0x55AA, 0x34A7, 0x1C47, 0x1C2A, 0x242C, 0x244A, 0x3528, 0x5629, // 0x2940 (10560) pixels
    0x45A9, 0x2468, 0x1C6A, 0x1C48, 0x1C28, 0x2CAA, 0x55EC, 0x4DC9, 0x24A7, 0x1C2A, 0x1467, 0x2429, 0x2449, 0x3DC9, 0x56AB, 0x1364, // 0x2950 (10576) pixels
    0x0060, 0x0003, 0x2800, 0x0040, 0x0061, 0x2800, 0x7103, 0x99A6, 0xB144, 0xB164, 0x5986, 0x2861, 0x0800, 0x0020, 0x0020, 0x0000, // 0x2960 (10592) pixels
    0x0000, 0x0000, 0x0000, 0x0000, 0x0000, 0x0000, 0x0000, 0x0000, 0x0000, 0x0000, 0x0000, 0x0000, 0x0000, 0x0000, 0x0000, 0x0000, // 0x2970 (10608) pixels
    0x0000, 0x0000, 0x0000, 0x0000, 0x0000, 0x0000, 0x0000, 0x0000, 0x0000, 0x0000, 0x0000, 0x0000, 0x0000, 0x0000, 0x0000, 0x0000, // 0x2980 (10624) pixels
    0x0000, 0x0000, 0x0000, 0x0000, 0x0000, 0x0000, 0x0000, 0x0000, 0x0000, 0x0000, 0x0000, 0x0000, 0x0000, 0x0000, 0x0000, 0x0000, // 0x2990 (10640) pixels
    0x0000, 0x0000, 0x0000, 0x0000, 0x0000, 0x0000, 0x0000, 0x0000, 0x0000, 0x0000, 0x0000, 0x0000, 0x0000, 0x0000, 0x0000, 0x0000, // 0x29A0 (10656) pixels
    0x0000, 0x0000, 0x0000, 0x0000, 0x0000, 0x0000, 0x0000, 0x0000, 0x0000, 0x0000, 0x0000, 0x0000, 0x0020, 0x0000, 0x0061, 0x3207, // 0x29B0 (10672) pixels
    0x2466, 0x2C87, 0x2446, 0x2C48, 0x3408, 0x2BC7, 0x2C46, 0x24A5, 0x5649, 0x5649, 0x5629, 0x5629, 0x5608, 0x4E08, 0x4E08, 0x5608, // 0x29C0 (10688) pixels
    0x55E7, 0x5608, 0x5628, 0x4E08, 0x4E28, 0x4628, 0x4E49, 0x2D66, 0x3D29, 0x3D29, 0x3D29, 0x3D29, 0x3D29, 0x3D29, 0x3D29, 0x3D29, // 0x29D0 (10704) pixels
    0x4569, 0x3507, 0x4569, 0x3467, 0x33E7, 0x3C09, 0x3BE9, 0x33E9, 0x10A8, 0x0002, 0x0020, 0x0080, 0x09E8, 0x230D, 0x12C9, 0x1B29, // 0x29E0 (10720) pixels
    0x1C08, 0x45AC, 0x4E09, 0x4E27, 0x4E26, 0x4E07, 0x5608, 0x5609, 0x5629, 0x5608, 0x5608, 0x5608, 0x5608, 0x5608, 0x4DE8, 0x4DC7, // 0x29F0 (10736) pixels
    0x34C8, 0x3507, 0x4DC9, 0x5629, 0x5608, 0x5E2A, 0x55EB, 0x2CC8, 0x240A, 0x244C, 0x1C0A, 0x2428, 0x3D48, 0x560A, 0x4DAA, 0x2468, // 0x2A00 (10752) pixels
    0x244A, 0x1C29, 0x1C28, 0x2487, 0x4DEB, 0x560B, 0x2467, 0x1C28, 0x1C49, 0x144A, 0x1409, 0x1C68, 0x3548, 0x4DA9, 0x3CE9, 0x23C8, // 0x2A10 (10768) pixels
    0x0023, 0x0800, 0x8084, 0xC8C5, 0xE1A5, 0xEA44, 0xFA04, 0xF9C5, 0xCA07, 0x2840, 0x0000, 0x0800, 0x0020, 0x0000, 0x0000, 0x0000, // 0x2A20 (10784) pixels
    0x0000, 0x0000, 0x0000, 0x0000, 0x0000, 0x0000, 0x0000, 0x0000, 0x0000, 0x0000, 0x0000, 0x0000, 0x0000, 0x0000, 0x0000, 0x0000, // 0x2A30 (10800) pixels
    0x0000, 0x0000, 0x0000, 0x0000, 0x0000, 0x0000, 0x0000, 0x0000, 0x0000, 0x0000, 0x0000, 0x0000, 0x0000, 0x0000, 0x0000, 0x0000, // 0x2A40 (10816) pixels
    0x0000, 0x0000, 0x0000, 0x0000, 0x0000, 0x0000, 0x0000, 0x0000, 0x0000, 0x0000, 0x0000, 0x0000, 0x0000, 0x0000, 0x0000, 0x0000, // 0x2A50 (10832) pixels
    0x0000, 0x0000, 0x0000, 0x0000, 0x0000, 0x0000, 0x0000, 0x0000, 0x0000, 0x0000, 0x0000, 0x0000, 0x0000, 0x0000, 0x0000, 0x0000, // 0x2A60 (10848) pixels
    0x0000, 0x0000, 0x0000, 0x0000, 0x0000, 0x0000, 0x0000, 0x0000, 0x0000, 0x0000, 0x0020, 0x0000, 0x0020, 0x10E3, 0x1B64, 0x5DCC, // 0x2A70 (10864) pixels
    0x668D, 0x562B, 0x5E0B, 0x5E0B, 0x560A, 0x5649, 0x5629, 0x4E29, 0x5609, 0x4E09, 0x5609, 0x4E09, 0x4E09, 0x5609, 0x5648, 0x4E07, // 0x2A80 (10880) pixels
    0x55E8, 0x4DA9, 0x5DEB, 0x5DCB, 0x4D6A, 0x3487, 0x23E7, 0x23E8, 0x23E8, 0x23E8, 0x23E8, 0x23E8, 0x23E8, 0x23E8, 0x1C08, 0x2429, // 0x2A90 (10896) pixels
    0x23E9, 0x0A44, 0x0060, 0x0020, 0x0020, 0x0000, 0x00A2, 0x21C5, 0x4B26, 0x3B26, 0x1AE9, 0x0ACA, 0x02C7, 0x1B68, 0x1407, 0x4DCB, // 0x2AA0 (10912) pixels
    0x4DE8, 0x5607, 0x5E49, 0x5E29, 0x55E8, 0x5608, 0x5608, 0x5608, 0x5608, 0x5608, 0x5608, 0x5608, 0x4DE8, 0x4DE8, 0x4DCB, 0x4DCA, // 0x2AB0 (10928) pixels
    0x5609, 0x5629, 0x4DE8, 0x55E9, 0x4DCA, 0x3508, 0x2C88, 0x2CA9, 0x2C88, 0x2CC7, 0x4588, 0x560A, 0x4DAA, 0x2468, 0x244B, 0x1C29, // 0x2AC0 (10944) pixels
    0x1C28, 0x2486, 0x4DCA, 0x560A, 0x2CC7, 0x2487, 0x2487, 0x1C28, 0x142A, 0x1C69, 0x2D08, 0x4DE9, 0x5E4B, 0x5E0C, 0x0982, 0x0000, // 0x2AD0 (10960) pixels
    0x7063, 0xD0E6, 0xC8E3, 0xC0C2, 0xC102, 0xC162, 0xC165, 0x2800, 0x0000, 0x0800, 0x0020, 0x0000, 0x0000, 0x0000, 0x0000, 0x0000, // 0x2AE0 (10976) pixels
    0x0000, 0x0000, 0x0000, 0x0000, 0x0000, 0x0000, 0x0000, 0x0000, 0x0000, 0x0000, 0x0000, 0x0000, 0x0000, 0x0000, 0x0000, 0x0000, // 0x2AF0 (10992) pixels
    0x0000, 0x0000, 0x0000, 0x0000, 0x0000, 0x0000, 0x0000, 0x0000, 0x0000, 0x0000, 0x0000, 0x0000, 0x0000, 0x0000, 0x0000, 0x0000, // 0x2B00 (11008) pixels
    0x0000, 0x0000, 0x0000, 0x0000, 0x0000, 0x0000, 0x0000, 0x0000, 0x0000, 0x0000, 0x0000, 0x0000, 0x0000, 0x0000, 0x0000, 0x0000, // 0x2B10 (11024) pixels
    0x0000, 0x0000, 0x0000, 0x0000, 0x0000, 0x0000, 0x0000, 0x0000, 0x0000, 0x0000, 0x0000, 0x0000, 0x0000, 0x0000, 0x0000, 0x0000, // 0x2B20 (11040) pixels
    0x0000, 0x0000, 0x0000, 0x0000, 0x0000, 0x0000, 0x0000, 0x0000, 0x0000, 0x0020, 0x0000, 0x0000, 0x0140, 0x4448, 0x55CA, 0x4E28, // 0x2B30 (11056) pixels
    0x4E48, 0x5628, 0x4E07, 0x4E06, 0x5608, 0x5608, 0x5608, 0x5608, 0x5609, 0x5608, 0x5608, 0x5608, 0x4607, 0x5649, 0x660B, 0x33E6, // 0x2B40 (11072) pixels
    0x1AE4, 0x2B06, 0x2AE6, 0x2285, 0x1A86, 0x1A86, 0x1A86, 0x1A86, 0x1A86, 0x1A86, 0x1A86, 0x1A86, 0x1A47, 0x22A8, 0x2286, 0x2A86, // 0x2B50 (11088) pixels
    0x1162, 0x1923, 0x2143, 0x2142, 0x22A3, 0x4BA5, 0x64A6, 0x4C66, 0x1B68, 0x0309, 0x0B88, 0x2409, 0x1C47, 0x4DEA, 0x5608, 0x5E09, // 0x2B60 (11104) pixels
    0x5E0B, 0x5DEC, 0x55E9, 0x4E07, 0x5608, 0x5608, 0x4DE8, 0x5608, 0x5608, 0x5608, 0x5608, 0x5608, 0x560A, 0x55E9, 0x5609, 0x5608, // 0x2B70 (11120) pixels
    0x4DE8, 0x5609, 0x562A, 0x4DE9, 0x55E8, 0x55E9, 0x4DC9, 0x4DC9, 0x5608, 0x5629, 0x4DAA, 0x2467, 0x242A, 0x1C29, 0x2488, 0x2CE7, // 0x2B80 (11136) pixels
    0x4DC8, 0x5649, 0x45C8, 0x4DC9, 0x4569, 0x2488, 0x1C4A, 0x1C29, 0x24A6, 0x45C7, 0x5648, 0x5E69, 0x3CC7, 0x3B46, 0x4163, 0x6082, // 0x2B90 (11152) pixels
    0x90E4, 0xC127, 0xC0C3, 0xC142, 0xC945, 0x3000, 0x0000, 0x0000, 0x0000, 0x0020, 0x0000, 0x0000, 0x0000, 0x0000, 0x0000, 0x0000, // 0x2BA0 (11168) pixels
    0x0000, 0x0000, 0x0000, 0x0000, 0x0000, 0x0000, 0x0000, 0x0000, 0x0000, 0x0000, 0x0000, 0x0000, 0x0000, 0x0000, 0x0000, 0x0000, // 0x2BB0 (11184) pixels
    0x0000, 0x0000, 0x0000, 0x0000, 0x0000, 0x0000, 0x0000, 0x0000, 0x0000, 0x0000, 0x0000, 0x0000, 0x0000, 0x0000, 0x0000, 0x0000, // 0x2BC0 (11200) pixels
    0x0000, 0x0000, 0x0000, 0x0000, 0x0000, 0x0000, 0x0000, 0x0000, 0x0000, 0x0000, 0x0000, 0x0000, 0x0000, 0x0000, 0x0000, 0x0000, // 0x2BD0 (11216) pixels
    0x0000, 0x0000, 0x0000, 0x0000, 0x0000, 0x0000, 0x0000, 0x0000, 0x0000, 0x0000, 0x0000, 0x0000, 0x0000, 0x0000, 0x0000, 0x0000, // 0x2BE0 (11232) pixels
    0x0000, 0x0000, 0x0000, 0x0000, 0x0000, 0x0000, 0x0000, 0x0000, 0x0000, 0x0000, 0x0000, 0x0100, 0x2323, 0x5569, 0x662B, 0x55E9, // 0x2BF0 (11248) pixels
    0x4DE7, 0x5647, 0x4E27, 0x4E28, 0x5628, 0x5628, 0x5628, 0x5628, 0x5628, 0x5628, 0x4DA9, 0x4D49, 0x54CA, 0x1203, 0x0040, 0x0020, // 0x2C00 (11264) pixels
    0x0020, 0x0020, 0x0020, 0x0020, 0x0020, 0x0020, 0x0020, 0x0020, 0x0020, 0x0020, 0x0002, 0x0000, 0x00A0, 0x53E5, 0x6487, 0x5CA7, // 0x2C10 (11280) pixels
    0x5C87, 0x5C87, 0x5C85, 0x5C84, 0x5461, 0x4423, 0x1B67, 0x0B49, 0x13C9, 0x1BC8, 0x1C68, 0x4DAA, 0x5E09, 0x4D48, 0x1BA6, 0x1BA7, // 0x2C20 (11296) pixels
    0x3D28, 0x4DE6, 0x5608, 0x5608, 0x5608, 0x5608, 0x5608, 0x5608, 0x5608, 0x5608, 0x5609, 0x5609, 0x5608, 0x5609, 0x5609, 0x5608, // 0x2C30 (11312) pixels
    0x5609, 0x5609, 0x5647, 0x5628, 0x5629, 0x5629, 0x5608, 0x5609, 0x4DAA, 0x2C87, 0x1C28, 0x2C89, 0x456A, 0x4DEA, 0x5609, 0x5628, // 0x2C40 (11328) pixels
    0x4DE8, 0x5609, 0x4DA9, 0x2C68, 0x1C29, 0x2448, 0x3549, 0x564A, 0x4E28, 0x45C8, 0x5E4D, 0x7E6F, 0x32E5, 0x0000, 0x4803, 0xB947, // 0x2C50 (11344) pixels
    0xD8A3, 0xE0C3, 0xC925, 0x3000, 0x0000, 0x0800, 0x0020, 0x0020, 0x0000, 0x0000, 0x0000, 0x0000, 0x0000, 0x0000, 0x0000, 0x0000, // 0x2C60 (11360) pixels
    0x0000, 0x0000, 0x0000, 0x0000, 0x0000, 0x0000, 0x0000, 0x0000, 0x0000, 0x0000, 0x0000, 0x0000, 0x0000, 0x0000, 0x0000, 0x0000, // 0x2C70 (11376) pixels
    0x0000, 0x0000, 0x0000, 0x0000, 0x0000, 0x0000, 0x0000, 0x0000, 0x0000, 0x0000, 0x0000, 0x0000, 0x0000, 0x0000, 0x0000, 0x0000, // 0x2C80 (11392) pixels
    0x0000, 0x0000, 0x0000, 0x0000, 0x0000, 0x0000, 0x0000, 0x0000, 0x0000, 0x0000, 0x0000, 0x0000, 0x0000, 0x0000, 0x0000, 0x0000, // 0x2C90 (11408) pixels
    0x0000, 0x0000, 0x0000, 0x0000, 0x0000, 0x0000, 0x0000, 0x0000, 0x0000, 0x0000, 0x0000, 0x0000, 0x0000, 0x0000, 0x0000, 0x0000, // 0x2CA0 (11424) pixels
    0x0000, 0x0000, 0x0000, 0x0000, 0x0000, 0x0000, 0x0020, 0x0020, 0x0802, 0x0000, 0x00C1, 0x2225, 0x2285, 0x1263, 0x2BE4, 0x5E0A, // 0x2CB0 (11440) pixels
    0x564A, 0x564A, 0x564A, 0x564A, 0x564A, 0x564A, 0x562A, 0x562A, 0x4489, 0x0221, 0x0182, 0x0081, 0x0000, 0x0000, 0x0000, 0x0000, // 0x2CC0 (11456) pixels
    0x0000, 0x0000, 0x0000, 0x0000, 0x0000, 0x0000, 0x0000, 0x0000, 0x0002, 0x0000, 0x0080, 0x5C25, 0x6D07, 0x64E5, 0x64E3, 0x6502, // 0x2CD0 (11472) pixels
    0x6CE2, 0x6CC2, 0x6CC1, 0x4C02, 0x1B06, 0x0B29, 0x23EB, 0x23EA, 0x1C48, 0x4DAB, 0x660A, 0x3CA8, 0x0201, 0x0222, 0x3488, 0x5629, // 0x2CE0 (11488) pixels
    0x5608, 0x5608, 0x5608, 0x5608, 0x5608, 0x5608, 0x5608, 0x5608, 0x5608, 0x5608, 0x5609, 0x5609, 0x5609, 0x4DE8, 0x4DE7, 0x4DE7, // 0x2CF0 (11504) pixels
    0x4DE7, 0x4DE8, 0x4DE8, 0x5609, 0x4DE8, 0x55E9, 0x4DEA, 0x3508, 0x2466, 0x34E7, 0x4DC9, 0x5629, 0x5608, 0x5608, 0x5608, 0x5629, // 0x2D00 (11520) pixels
    0x4569, 0x2C87, 0x2448, 0x2CA8, 0x4DCA, 0x562A, 0x2D07, 0x1447, 0x1447, 0x3488, 0x1B25, 0x0142, 0x2042, 0x88C4, 0xC924, 0xD903, // 0x2D10 (11536) pixels
    0xB925, 0x2800, 0x0000, 0x0800, 0x0040, 0x0000, 0x0000, 0x0000, 0x0000, 0x0000, 0x0000, 0x0000, 0x0000, 0x0000, 0x0000, 0x0000, // 0x2D20 (11552) pixels
    0x0000, 0x0000, 0x0000, 0x0000, 0x0000, 0x0000, 0x0000, 0x0000, 0x0000, 0x0000, 0x0000, 0x0000, 0x0000, 0x0000, 0x0000, 0x0000, // 0x2D30 (11568) pixels
    0x0000, 0x0000, 0x0000, 0x0000, 0x0000, 0x0000, 0x0000, 0x0000, 0x0000, 0x0000, 0x0000, 0x0000, 0x0000, 0x0000, 0x0000, 0x0000, // 0x2D40 (11584) pixels
    0x0000, 0x0000, 0x0000, 0x0000, 0x0000, 0x0000, 0x0000, 0x0000, 0x0000, 0x0000, 0x0000, 0x0000, 0x0000, 0x0000, 0x0000, 0x0000, // 0x2D50 (11600) pixels
    0x0000, 0x0000, 0x0000, 0x0000, 0x0000, 0x0000, 0x0000, 0x0000, 0x0000, 0x0000, 0x0000, 0x0000, 0x0000, 0x0000, 0x0000, 0x0000, // 0x2D60 (11616) pixels
    0x0000, 0x0000, 0x0000, 0x0000, 0x0000, 0x0000, 0x0001, 0x0001, 0x0001, 0x0001, 0x0001, 0x0020, 0x0140, 0x2BA6, 0x33A7, 0x33A7, // 0x2D70 (11632) pixels
    0x33A7, 0x33A7, 0x33A7, 0x3387, 0x3387, 0x3387, 0x2A66, 0x0040, 0x0020, 0x0000, 0x0021, 0x0001, 0x0000, 0x0000, 0x0000, 0x0000, // 0x2D80 (11648) pixels
    0x0000, 0x0000, 0x0000, 0x0000, 0x0000, 0x0000, 0x0001, 0x0000, 0x0040, 0x3A45, 0x3AC5, 0x53A3, 0x8584, 0xAEC5, 0xCF69, 0xCF4A, // 0x2D90 (11664) pixels
    0xC72A, 0x7526, 0x1AC6, 0x130A, 0x23CB, 0x23EA, 0x2448, 0x4DCB, 0x5E0B, 0x558A, 0x23E7, 0x2408, 0x454A, 0x5609, 0x5608, 0x5608, // 0x2DA0 (11680) pixels
    0x5608, 0x5608, 0x5608, 0x5608, 0x5608, 0x5608, 0x4DE8, 0x5608, 0x5608, 0x5609, 0x5609, 0x5608, 0x5608, 0x5628, 0x5629, 0x5609, // 0x2DB0 (11696) pixels
    0x560A, 0x562A, 0x5609, 0x5609, 0x560A, 0x45A8, 0x4DCA, 0x4DC9, 0x5609, 0x5608, 0x4DC8, 0x4DC8, 0x4DE8, 0x55E8, 0x4DC9, 0x458A, // 0x2DC0 (11712) pixels
    0x456A, 0x4D89, 0x5E4A, 0x4E0A, 0x24A8, 0x0C09, 0x1C8A, 0x13E8, 0x24A9, 0x3D4C, 0x2A65, 0x3001, 0x8863, 0xD923, 0xB186, 0x2040, // 0x2DD0 (11728) pixels
    0x0020, 0x0800, 0x0020, 0x0000, 0x0000, 0x0000, 0x0000, 0x0000, 0x0000, 0x0000, 0x0000, 0x0000, 0x0000, 0x0000, 0x0000, 0x0000, // 0x2DE0 (11744) pixels
    0x0000, 0x0000, 0x0000, 0x0000, 0x0000, 0x0000, 0x0000, 0x0000, 0x0000, 0x0000, 0x0000, 0x0000, 0x0000, 0x0000, 0x0000, 0x0000, // 0x2DF0 (11760) pixels
    0x0000, 0x0000, 0x0000, 0x0000, 0x0000, 0x0000, 0x0000, 0x0000, 0x0000, 0x0000, 0x0000, 0x0000, 0x0000, 0x0000, 0x0000, 0x0000, // 0x2E00 (11776) pixels
    0x0000, 0x0000, 0x0000, 0x0000, 0x0000, 0x0000, 0x0000, 0x0000, 0x0000, 0x0000, 0x0000, 0x0000, 0x0000, 0x0000, 0x0000, 0x0000, // 0x2E10 (11792) pixels
    0x0000, 0x0000, 0x0000, 0x0000, 0x0000, 0x0000, 0x0000, 0x0000, 0x0000, 0x0000, 0x0000, 0x0000, 0x0000, 0x0000, 0x0000, 0x0000, // 0x2E20 (11808) pixels
    0x0000, 0x0000, 0x0000, 0x0000, 0x0001, 0x0000, 0x0000, 0x0000, 0x1001, 0x0801, 0x0020, 0x0080, 0x0020, 0x0020, 0x0020, 0x0020, // 0x2E30 (11824) pixels
    0x0000, 0x0000, 0x0000, 0x0000, 0x0000, 0x0000, 0x0000, 0x0000, 0x0000, 0x0000, 0x0000, 0x0000, 0x0000, 0x0000, 0x0000, 0x0000, // 0x2E40 (11840) pixels
    0x0000, 0x0000, 0x0000, 0x0000, 0x0000, 0x0000, 0x0000, 0x0001, 0x0020, 0x19A0, 0x74C3, 0xB706, 0xE7E9, 0xE7A9, 0xE7EB, 0x8566, // 0x2E50 (11856) pixels
    0x1AE5, 0x1B6B, 0x1BEA, 0x1C09, 0x1C46, 0x4DAA, 0x55E9, 0x5E2A, 0x5E0B, 0x5E0C, 0x55EA, 0x4DA7, 0x4DE8, 0x5608, 0x5608, 0x5629, // 0x2E60 (11872) pixels
    0x5608, 0x5608, 0x5608, 0x5608, 0x5629, 0x5609, 0x5629, 0x5608, 0x5608, 0x5608, 0x5609, 0x5608, 0x5609, 0x5609, 0x4DE9, 0x5609, // 0x2E70 (11888) pixels
    0x5609, 0x5608, 0x5629, 0x5608, 0x560A, 0x5609, 0x5608, 0x5608, 0x5609, 0x5609, 0x5609, 0x55E8, 0x4E28, 0x562A, 0x560B, 0x560A, // 0x2E80 (11904) pixels
    0x5629, 0x45A8, 0x24C8, 0x1429, 0x1C4B, 0x13E8, 0x2D29, 0x4E2C, 0x2B87, 0x0020, 0x5042, 0xC0E6, 0x9144, 0x1860, 0x0061, 0x0000, // 0x2E90 (11920) pixels
    0x0000, 0x0000, 0x0800, 0x0020, 0x0000, 0x0000, 0x0000, 0x0000, 0x0000, 0x0000, 0x0000, 0x0000, 0x0000, 0x0000, 0x0000, 0x0000, // 0x2EA0 (11936) pixels
    0x0000, 0x0000, 0x0000, 0x0000, 0x0000, 0x0000, 0x0000, 0x0000, 0x0000, 0x0000, 0x0000, 0x0000, 0x0000, 0x0000, 0x0000, 0x0000, // 0x2EB0 (11952) pixels
    0x0000, 0x0000, 0x0000, 0x0000, 0x0000, 0x0000, 0x0000, 0x0000, 0x0000, 0x0000, 0x0000, 0x0000, 0x0000, 0x0000, 0x0000, 0x0000, // 0x2EC0 (11968) pixels
    0x0000, 0x0000, 0x0000, 0x0000, 0x0000, 0x0000, 0x0000, 0x0000, 0x0000, 0x0000, 0x0000, 0x0000, 0x0000, 0x0000, 0x0000, 0x0000, // 0x2ED0 (11984) pixels
    0x0000, 0x0000, 0x0000, 0x0000, 0x0000, 0x0000, 0x0000, 0x0000, 0x0000, 0x0000, 0x0000, 0x0040, 0x0000, 0x0000, 0x0000, 0x0000, // 0x2EE0 (12000) pixels
    0x0000, 0x0000, 0x0000, 0x0020, 0x0040, 0x0020, 0x0000, 0x0800, 0x0001, 0x0001, 0x0000, 0x0000, 0x0000, 0x0000, 0x0000, 0x0000, // 0x2EF0 (12016) pixels
    0x0000, 0x0000, 0x0000, 0x0001, 0x0000, 0x0000, 0x0020, 0x0000, 0x0000, 0x0000, 0x0000, 0x0000, 0x0000, 0x0000, 0x0000, 0x0000, // 0x2F00 (12032) pixels
    0x0000, 0x0000, 0x0040, 0x0000, 0x0820, 0x0000, 0x0000, 0x1160, 0x7484, 0xB6E7, 0xEFE7, 0xDFA7, 0xEFEB, 0x85A6, 0x1B05, 0x138A, // 0x2F10 (12048) pixels
    0x0BC8, 0x13E7, 0x2465, 0x4DE9, 0x4E08, 0x5627, 0x4DE7, 0x5607, 0x5608, 0x5608, 0x4DE8, 0x5608, 0x5608, 0x5629, 0x5608, 0x5608, // 0x2F20 (12064) pixels
    0x5608, 0x5608, 0x5609, 0x55E8, 0x5609, 0x5608, 0x4DE8, 0x5609, 0x5629, 0x55E9, 0x5628, 0x5628, 0x4DE8, 0x5608, 0x5608, 0x4E07, // 0x2F30 (12080) pixels
    0x5628, 0x5628, 0x55E9, 0x5608, 0x5608, 0x5608, 0x55E9, 0x55E9, 0x5609, 0x5608, 0x4E46, 0x4E48, 0x560A, 0x560A, 0x5628, 0x4DE8, // 0x2F40 (12096) pixels
    0x3D68, 0x24C8, 0x0C0C, 0x2468, 0x3D67, 0x5E0B, 0x44AB, 0x0AA6, 0x21E5, 0x4023, 0x6000, 0x0000, 0x0041, 0x0000, 0x0000, 0x0020, // 0x2F50 (12112) pixels
    0x0000, 0x0000, 0x0000, 0x0000, 0x0000, 0x0000, 0x0000, 0x0000, 0x0000, 0x0000, 0x0000, 0x0000, 0x0000, 0x0000, 0x0000, 0x0000, // 0x2F60 (12128) pixels
    0x0000, 0x0000, 0x0000, 0x0000, 0x0000, 0x0000, 0x0000, 0x0000, 0x0000, 0x0000, 0x0000, 0x0000, 0x0000, 0x0000, 0x0000, 0x0000, // 0x2F70 (12144) pixels
    0x0000, 0x0000, 0x0000, 0x0000, 0x0000, 0x0000, 0x0000, 0x0000, 0x0000, 0x0000, 0x0000, 0x0000, 0x0000, 0x0000, 0x0000, 0x0000, // 0x2F80 (12160) pixels
    0x0000, 0x0000, 0x0000, 0x0000, 0x0000, 0x0000, 0x0000, 0x0000, 0x0000, 0x0000, 0x0000, 0x0000, 0x0000, 0x0000, 0x0000, 0x0000, // 0x2F90 (12176) pixels
    0x0000, 0x0000, 0x0000, 0x0000, 0x0000, 0x0000, 0x0000, 0x0000, 0x0000, 0x0000, 0x0000, 0x0000, 0x0000, 0x0000, 0x0000, 0x0000, // 0x2FA0 (12192) pixels
    0x0000, 0x0000, 0x0000, 0x0000, 0x0000, 0x0000, 0x0000, 0x0000, 0x0000, 0x0000, 0x0000, 0x0000, 0x0000, 0x0000, 0x0000, 0x0000, // 0x2FB0 (12208) pixels
    0x0000, 0x0000, 0x0000, 0x0000, 0x0000, 0x0000, 0x0000, 0x0000, 0x0000, 0x0000, 0x0000, 0x0000, 0x0000, 0x0000, 0x0000, 0x0000, // 0x2FC0 (12224) pixels
    0x0000, 0x0020, 0x0000, 0x0000, 0x0000, 0x1960, 0x7CC5, 0xB6A7, 0xE7EB, 0xE7E7, 0xE7C9, 0x9E46, 0x33C4, 0x0B29, 0x2C8A, 0x3D24, // 0x2FD0 (12240) pixels
    0x4587, 0x4DAA, 0x4DEB, 0x5628, 0x5606, 0x5E29, 0x45E8, 0x3E47, 0x5609, 0x5609, 0x5609, 0x5609, 0x5608, 0x4DE8, 0x5608, 0x5608, // 0x2FE0 (12256) pixels
    0x55C6, 0x5E28, 0x5608, 0x5649, 0x4E08, 0x5628, 0x5608, 0x5E08, 0x5609, 0x5609, 0x5609, 0x5609, 0x5609, 0x5609, 0x5609, 0x5609, // 0x2FF0 (12272) pixels
    0x5DC9, 0x55C8, 0x4DE8, 0x4E08, 0x5628, 0x5609, 0x4DE9, 0x4E09, 0x5DEA, 0x5DE9, 0x5E09, 0x5E09, 0x55E9, 0x5E29, 0x5E69, 0x5629, // 0x3000 (12288) pixels
    0x3549, 0x4589, 0x5E0A, 0x4DE8, 0x4E29, 0x55EC, 0x4C6B, 0x0060, 0x0801, 0x0800, 0x0020, 0x0020, 0x0000, 0x0001, 0x0000, 0x0000, // 0x3010 (12304) pixels
    0x1000, 0x0020, 0x0040, 0x0000, 0x0000, 0x0000, 0x0000, 0x0000, 0x0000, 0x0000, 0x0000, 0x0000, 0x0000, 0x0000, 0x0000, 0x0000, // 0x3020 (12320) pixels
    0x0000, 0x0000, 0x0000, 0x0000, 0x0000, 0x0000, 0x0000, 0x0000, 0x0000, 0x0020, 0x0000, 0x0000, 0x0000, 0x0000, 0x0801, 0x0801, // 0x3030 (12336) pixels
    0x0000, 0x0000, 0x0000, 0x0000, 0x0000, 0x0000, 0x0000, 0x0000, 0x0000, 0x0000, 0x0000, 0x0000, 0x0000, 0x0000, 0x0000, 0x0000, // 0x3040 (12352) pixels
    0x0000, 0x0000, 0x0000, 0x0000, 0x0000, 0x0000, 0x0000, 0x0000, 0x0000, 0x0000, 0x0000, 0x0000, 0x0000, 0x0000, 0x0000, 0x0000, // 0x3050 (12368) pixels
    0x0000, 0x0000, 0x0000, 0x0000, 0x0000, 0x0000, 0x0000, 0x0000, 0x0000, 0x0000, 0x0000, 0x0000, 0x0000, 0x0000, 0x0000, 0x0000, // 0x3060 (12384) pixels
    0x0000, 0x0000, 0x0000, 0x0000, 0x0000, 0x0000, 0x0000, 0x0000, 0x0000, 0x0000, 0x0000, 0x0000, 0x0000, 0x0000, 0x0000, 0x0000, // 0x3070 (12400) pixels
    0x0000, 0x0000, 0x0000, 0x0000, 0x0000, 0x0000, 0x0000, 0x0000, 0x0000, 0x0000, 0x0000, 0x0000, 0x0000, 0x0000, 0x0000, 0x0000, // 0x3080 (12416) pixels
    0x0000, 0x0000, 0x0021, 0x1902, 0x5345, 0x6C44, 0x9DE8, 0xB686, 0xB6A8, 0x9628, 0x4C47, 0x1B4A, 0x3CCB, 0x5E08, 0x5DA9, 0x5DEA, // 0x3090 (12432) pixels
    0x4E09, 0x4606, 0x4E28, 0x5DEB, 0x5DEC, 0x564C, 0x4DC8, 0x55E8, 0x5609, 0x5609, 0x5608, 0x5608, 0x5608, 0x5608, 0x5608, 0x55E8, // 0x30A0 (12448) pixels
    0x4DE8, 0x4E09, 0x4E08, 0x5629, 0x5609, 0x5609, 0x5609, 0x5609, 0x5609, 0x5609, 0x5609, 0x5609, 0x5609, 0x5609, 0x5608, 0x55E9, // 0x30B0 (12464) pixels
    0x5609, 0x560A, 0x55E9, 0x5608, 0x5627, 0x5667, 0x4E47, 0x4E47, 0x4E48, 0x4E28, 0x4E07, 0x4DE8, 0x5608, 0x5609, 0x4E2A, 0x5609, // 0x30C0 (12480) pixels
    0x5E09, 0x5629, 0x566B, 0x3D29, 0x33E8, 0x0183, 0x0042, 0x2021, 0x60E3, 0x80E3, 0x7040, 0x6860, 0x6080, 0x5020, 0x2040, 0x0000, // 0x30D0 (12496) pixels
    0x0020, 0x0000, 0x0000, 0x0000, 0x0000, 0x0000, 0x0000, 0x0000, 0x0000, 0x0000, 0x0000, 0x0000, 0x0000, 0x0000, 0x0000, 0x0000, // 0x30E0 (12512) pixels
    0x0020, 0x0000, 0x0000, 0x0000, 0x0000, 0x0000, 0x0000, 0x0020, 0x0000, 0x0000, 0x0000, 0x0000, 0x0000, 0x0000, 0x0000, 0x0000, // 0x30F0 (12528) pixels
    0x0000, 0x0000, 0x0000, 0x0000, 0x0000, 0x0000, 0x0000, 0x0000, 0x0000, 0x0000, 0x0000, 0x0000, 0x0000, 0x0000, 0x0000, 0x0000, // 0x3100 (12544) pixels
    0x0000, 0x0000, 0x0000, 0x0000, 0x0000, 0x0000, 0x0000, 0x0000, 0x0000, 0x0000, 0x0000, 0x0000, 0x0000, 0x0000, 0x0000, 0x0000, // 0x3110 (12560) pixels
    0x0000, 0x0000, 0x0000, 0x0000, 0x0000, 0x0000, 0x0000, 0x0000, 0x0000, 0x0000, 0x0000, 0x0000, 0x0000, 0x0000, 0x0000, 0x0000, // 0x3120 (12576) pixels
    0x0000, 0x0000, 0x0000, 0x0000, 0x0000, 0x0000, 0x0000, 0x0000, 0x0000, 0x0000, 0x0000, 0x0000, 0x0000, 0x0000, 0x0000, 0x0000, // 0x3130 (12592) pixels
    0x0000, 0x0000, 0x0000, 0x0000, 0x0000, 0x0000, 0x0000, 0x0000, 0x0000, 0x0000, 0x0000, 0x0000, 0x0000, 0x0000, 0x0000, 0x0000, // 0x3140 (12608) pixels
    0x0001, 0x0001, 0x0060, 0x0040, 0x4322, 0x74A3, 0x6C82, 0x6CC4, 0x3BE5, 0x1307, 0x3CCA, 0x5E29, 0x560A, 0x4E09, 0x4E47, 0x4E87, // 0x3150 (12624) pixels
    0x55EA, 0x2B46, 0x2AA6, 0x2AE5, 0x45A7, 0x4DE8, 0x5609, 0x5609, 0x5608, 0x5608, 0x5608, 0x5608, 0x5609, 0x5609, 0x5609, 0x4E09, // 0x3160 (12640) pixels
    0x4E29, 0x562A, 0x560A, 0x55E9, 0x5609, 0x5609, 0x5609, 0x5609, 0x5609, 0x5609, 0x5609, 0x5609, 0x4E48, 0x4E09, 0x55E9, 0x5DEA, // 0x3170 (12656) pixels
    0x4DE9, 0x5649, 0x5647, 0x5605, 0x4667, 0x4647, 0x4627, 0x4607, 0x4E28, 0x5628, 0x5609, 0x5629, 0x4E28, 0x5608, 0x55E7, 0x6669, // 0x3180 (12672) pixels
    0x6F0D, 0x3D4A, 0x2C49, 0x33EB, 0x1A48, 0x1001, 0x7863, 0xD166, 0xE143, 0xD963, 0xD163, 0xD185, 0x38A2, 0x0800, 0x0000, 0x0000, // 0x3190 (12688) pixels
    0x0000, 0x0000, 0x0000, 0x0000, 0x0000, 0x0000, 0x0000, 0x0000, 0x0000, 0x0000, 0x0000, 0x0000, 0x0000, 0x0000, 0x0020, 0x0000, // 0x31A0 (12704) pixels
    0x0000, 0x0000, 0x0000, 0x0000, 0x0021, 0x0021, 0x0000, 0x0000, 0x0000, 0x0000, 0x0020, 0x0020, 0x0000, 0x0000, 0x0000, 0x0000, // 0x31B0 (12720) pixels
    0x0000, 0x0000, 0x0000, 0x0000, 0x0000, 0x0000, 0x0000, 0x0000, 0x0000, 0x0000, 0x0000, 0x0000, 0x0000, 0x0000, 0x0000, 0x0000, // 0x31C0 (12736) pixels
    0x0000, 0x0000, 0x0000, 0x0000, 0x0000, 0x0000, 0x0000, 0x0000, 0x0000, 0x0000, 0x0000, 0x0000, 0x0000, 0x0000, 0x0000, 0x0000, // 0x31D0 (12752) pixels
    0x0000, 0x0000, 0x0000, 0x0000, 0x0000, 0x0000, 0x0000, 0x0000, 0x0000, 0x0000, 0x0000, 0x0000, 0x0000, 0x0000, 0x0000, 0x0000, // 0x31E0 (12768) pixels
    0x0000, 0x0000, 0x0000, 0x0000, 0x0000, 0x0000, 0x0000, 0x0000, 0x0000, 0x0000, 0x0000, 0x0000, 0x0000, 0x0000, 0x0000, 0x0000, // 0x31F0 (12784) pixels
    0x0000, 0x0000, 0x0000, 0x0000, 0x0000, 0x0000, 0x0000, 0x0000, 0x0000, 0x0000, 0x0001, 0x0000, 0x0000, 0x0020, 0x0001, 0x0001, // 0x3200 (12800) pixels
    0x0021, 0x0000, 0x3B22, 0x8545, 0x74C2, 0x74E2, 0x5463, 0x2BC6, 0x4529, 0x5629, 0x464A, 0x4608, 0x5668, 0x562A, 0x4C8A, 0x00C0, // 0x3210 (12816) pixels
    0x0040, 0x0080, 0x45A7, 0x55E8, 0x5629, 0x5608, 0x55E8, 0x5608, 0x5629, 0x5608, 0x5609, 0x5629, 0x5649, 0x4E08, 0x4E09, 0x5609, // 0x3220 (12832) pixels
    0x4E09, 0x5609, 0x5609, 0x5609, 0x5609, 0x5609, 0x5609, 0x5609, 0x5609, 0x5609, 0x4628, 0x5629, 0x5E29, 0x5609, 0x4608, 0x4E2A, // 0x3230 (12848) pixels
    0x5DEA, 0x75EB, 0x65CC, 0x6E0D, 0x660C, 0x5DEB, 0x5E0A, 0x562A, 0x4DE8, 0x4E08, 0x4E28, 0x5628, 0x55E7, 0x55E8, 0x564A, 0x24C7, // 0x3240 (12864) pixels
    0x1406, 0x2C29, 0x1369, 0x00A1, 0x3863, 0x9905, 0xC944, 0xE143, 0xE0E2, 0xF945, 0x40A3, 0x0800, 0x0000, 0x0000, 0x0000, 0x0000, // 0x3250 (12880) pixels
    0x0000, 0x0000, 0x0000, 0x0000, 0x0000, 0x0000, 0x0000, 0x0000, 0x0000, 0x0000, 0x0000, 0x0000, 0x0000, 0x0000, 0x0000, 0x0000, // 0x3260 (12896) pixels
    0x0000, 0x0000, 0x0000, 0x0021, 0x0021, 0x0001, 0x0001, 0x0000, 0x0020, 0x0040, 0x0000, 0x0000, 0x0000, 0x0000, 0x0000, 0x0000, // 0x3270 (12912) pixels
    0x0000, 0x0000, 0x0000, 0x0000, 0x0000, 0x0000, 0x0000, 0x0000, 0x0000, 0x0000, 0x0000, 0x0000, 0x0000, 0x0000, 0x0000, 0x0000, // 0x3280 (12928) pixels
    0x0000, 0x0000, 0x0000, 0x0000, 0x0000, 0x0000, 0x0000, 0x0000, 0x0000, 0x0000, 0x0000, 0x0000, 0x0000, 0x0000, 0x0000, 0x0000, // 0x3290 (12944) pixels
    0x0000, 0x0000, 0x0000, 0x0000, 0x0000, 0x0000, 0x0000, 0x0000, 0x0000, 0x0000, 0x0000, 0x0000, 0x0000, 0x0000, 0x0000, 0x0000, // 0x32A0 (12960) pixels
    0x0000, 0x0000, 0x0000, 0x0000, 0x0000, 0x0000, 0x0000, 0x0000, 0x0000, 0x0000, 0x0000, 0x0000, 0x0000, 0x0000, 0x0000, 0x0000, // 0x32B0 (12976) pixels
    0x0000, 0x0000, 0x0000, 0x0000, 0x0000, 0x0000, 0x0000, 0x0000, 0x0001, 0x0000, 0x0000, 0x0020, 0x0000, 0x0000, 0x0020, 0x0000, // 0x32C0 (12992) pixels
    0x7465, 0xCFAA, 0xCF88, 0xCFA9, 0xB74A, 0x75C8, 0x4D87, 0x4E49, 0x4E49, 0x5628, 0x5568, 0x2B25, 0x11A5, 0x0123, 0x3367, 0x3446, // 0x32D0 (13008) pixels
    0x4DC8, 0x5609, 0x5629, 0x55E8, 0x4DE8, 0x5608, 0x5608, 0x5608, 0x4E28, 0x4E07, 0x5608, 0x4E08, 0x5608, 0x5608, 0x4DE7, 0x5629, // 0x32E0 (13024) pixels
    0x5609, 0x5609, 0x5609, 0x5609, 0x5609, 0x5609, 0x5609, 0x5609, 0x55E8, 0x5608, 0x5627, 0x4E67, 0x4E89, 0x4DAA, 0x1B05, 0x2205, // 0x32F0 (13040) pixels
    0x21C5, 0x19E5, 0x1A24, 0x1AC3, 0x3C67, 0x55EA, 0x4E09, 0x4607, 0x5628, 0x5E29, 0x5E08, 0x55E8, 0x4E09, 0x3D88, 0x3D89, 0x458A, // 0x3300 (13056) pixels
    0x458B, 0x3449, 0x2A47, 0x2821, 0x7021, 0xC105, 0xD0C3, 0xD8C3, 0x40A3, 0x0800, 0x0000, 0x0800, 0x0000, 0x0000, 0x0020, 0x0000, // 0x3310 (13072) pixels
    0x0000, 0x0000, 0x0000, 0x0000, 0x0000, 0x0000, 0x0000, 0x0000, 0x0020, 0x0000, 0x0000, 0x0000, 0x0000, 0x0000, 0x0020, 0x0080, // 0x3320 (13088) pixels
    0x0060, 0x0020, 0x0000, 0x0000, 0x0000, 0x0000, 0x0000, 0x0020, 0x0000, 0x0000, 0x0000, 0x0000, 0x0000, 0x0000, 0x0000, 0x0000, // 0x3330 (13104) pixels
    0x0000, 0x0000, 0x0000, 0x0000, 0x0000, 0x0000, 0x0000, 0x0000, 0x0000, 0x0000, 0x0000, 0x0000, 0x0000, 0x0000, 0x0000, 0x0000, // 0x3340 (13120) pixels
    0x0000, 0x0000, 0x0000, 0x0000, 0x0000, 0x0000, 0x0000, 0x0000, 0x0000, 0x0000, 0x0000, 0x0000, 0x0000, 0x0000, 0x0000, 0x0000, // 0x3350 (13136) pixels
    0x0000, 0x0000, 0x0000, 0x0000, 0x0000, 0x0000, 0x0000, 0x0000, 0x0000, 0x0000, 0x0000, 0x0000, 0x0000, 0x0000, 0x0000, 0x0000, // 0x3360 (13152) pixels
    0x0000, 0x0000, 0x0000, 0x0000, 0x0000, 0x0000, 0x0000, 0x0000, 0x0000, 0x0000, 0x0000, 0x0000, 0x0000, 0x0000, 0x0000, 0x0000, // 0x3370 (13168) pixels
    0x0000, 0x0000, 0x0000, 0x0000, 0x0000, 0x0000, 0x0001, 0x0000, 0x0000, 0x0020, 0x0020, 0x0000, 0x0020, 0x0000, 0x7C83, 0xE7E9, // 0x3380 (13184) pixels
    0xDFE6, 0xE7E7, 0xD7E8, 0x8625, 0x4523, 0x4609, 0x4E48, 0x4E6A, 0x4D0A, 0x1123, 0x0002, 0x2287, 0x65EC, 0x5E49, 0x5609, 0x5629, // 0x3390 (13200) pixels
    0x5609, 0x4DE8, 0x4DE8, 0x5608, 0x5608, 0x5608, 0x4E27, 0x4DE7, 0x5608, 0x5E2A, 0x4DC8, 0x5E29, 0x4DE8, 0x5648, 0x5609, 0x5609, // 0x33A0 (13216) pixels
    0x5609, 0x5609, 0x5609, 0x5609, 0x5609, 0x5609, 0x5E09, 0x5608, 0x4E27, 0x4E28, 0x5E2B, 0x54EB, 0x0142, 0x0042, 0x0020, 0x0020, // 0x33B0 (13232) pixels
    0x00C0, 0x01C0, 0x2BC5, 0x55CA, 0x5649, 0x4E48, 0x4E08, 0x55E8, 0x5609, 0x55E8, 0x4DE8, 0x4E09, 0x564A, 0x4E09, 0x4E07, 0x4DCA, // 0x33C0 (13248) pixels
    0x1B66, 0x0040, 0x3801, 0xA126, 0xC125, 0xC903, 0x3882, 0x0800, 0x0000, 0x0000, 0x0000, 0x0000, 0x0000, 0x0000, 0x0000, 0x0000, // 0x33D0 (13264) pixels
    0x0000, 0x0000, 0x0000, 0x0000, 0x0000, 0x0000, 0x0020, 0x0000, 0x0000, 0x0000, 0x0000, 0x0000, 0x0060, 0x1983, 0x648C, 0x1A23, // 0x33E0 (13280) pixels
    0x0060, 0x0000, 0x0800, 0x0800, 0x0000, 0x0000, 0x0000, 0x0000, 0x0000, 0x0000, 0x0000, 0x0000, 0x0000, 0x0000, 0x0000, 0x0000, // 0x33F0 (13296) pixels
    0x0000, 0x0000, 0x0000, 0x0000, 0x0000, 0x0000, 0x0000, 0x0000, 0x0000, 0x0000, 0x0000, 0x0000, 0x0000, 0x0000, 0x0000, 0x0000, // 0x3400 (13312) pixels
    0x0000, 0x0000, 0x0000, 0x0000, 0x0000, 0x0000, 0x0000, 0x0000, 0x0000, 0x0000, 0x0000, 0x0000, 0x0000, 0x0000, 0x0000, 0x0000, // 0x3410 (13328) pixels
    0x0000, 0x0000, 0x0000, 0x0000, 0x0000, 0x0000, 0x0000, 0x0000, 0x0000, 0x0000, 0x0000, 0x0000, 0x0000, 0x0000, 0x0000, 0x0000, // 0x3420 (13344) pixels
    0x0000, 0x0000, 0x0000, 0x0000, 0x0000, 0x0000, 0x0000, 0x0000, 0x0000, 0x0000, 0x0000, 0x0000, 0x0000, 0x0000, 0x0000, 0x0000, // 0x3430 (13360) pixels
    0x0000, 0x0000, 0x0000, 0x0000, 0x0020, 0x0000, 0x0000, 0x0000, 0x0000, 0x0000, 0x0000, 0x0000, 0x7445, 0xE7EA, 0xDFC6, 0xE7C5, // 0x3440 (13376) pixels
    0xE7E7, 0xB6E6, 0x6DE5, 0x4DE9, 0x4E28, 0x3609, 0x2C69, 0x0063, 0x0001, 0x3BA8, 0x5E4A, 0x5E28, 0x5609, 0x5609, 0x5609, 0x55E8, // 0x3450 (13392) pixels
    0x5608, 0x5608, 0x5608, 0x5608, 0x5608, 0x55E8, 0x5E2B, 0x558A, 0x2425, 0x4D89, 0x5E2A, 0x4E08, 0x5609, 0x5609, 0x5609, 0x5609, // 0x3460 (13408) pixels
    0x5609, 0x5609, 0x5609, 0x5609, 0x5608, 0x5609, 0x5E2B, 0x3467, 0x1A83, 0x19E4, 0x00A0, 0x32A9, 0x4C8A, 0x4C69, 0x550A, 0x552A, // 0x3470 (13424) pixels
    0x5589, 0x5E0A, 0x4DE8, 0x4DE8, 0x5608, 0x5608, 0x5E29, 0x5609, 0x4E09, 0x5628, 0x5608, 0x4DE7, 0x5607, 0x4E29, 0x2CC7, 0x12C5, // 0x3480 (13440) pixels
    0x2143, 0x5062, 0x90A3, 0xC124, 0x3062, 0x0800, 0x0000, 0x0000, 0x0000, 0x0000, 0x0000, 0x0000, 0x0000, 0x0000, 0x0000, 0x0000, // 0x3490 (13456) pixels
    0x0000, 0x0000, 0x0000, 0x0000, 0x0000, 0x0000, 0x0000, 0x0000, 0x0000, 0x0000, 0x0060, 0x2A25, 0x76AE, 0x3406, 0x0A01, 0x00E0, // 0x34A0 (13472) pixels
    0x0000, 0x0000, 0x0000, 0x0000, 0x0000, 0x0000, 0x0000, 0x0000, 0x0000, 0x0000, 0x0000, 0x0000, 0x0000, 0x0000, 0x0000, 0x0000, // 0x34B0 (13488) pixels
    0x0000, 0x0000, 0x0000, 0x0000, 0x0000, 0x0000, 0x0000, 0x0000, 0x0000, 0x0000, 0x0000, 0x0000, 0x0000, 0x0000, 0x0000, 0x0000, // 0x34C0 (13504) pixels
    0x0000, 0x0000, 0x0000, 0x0000, 0x0000, 0x0000, 0x0000, 0x0000, 0x0000, 0x0000, 0x0000, 0x0000, 0x0000, 0x0000, 0x0000, 0x0000, // 0x34D0 (13520) pixels
    0x0000, 0x0000, 0x0000, 0x0000, 0x0000, 0x0000, 0x0000, 0x0000, 0x0000, 0x0000, 0x0000, 0x0000, 0x0000, 0x0000, 0x0000, 0x0000, // 0x34E0 (13536) pixels
    0x0000, 0x0000, 0x0000, 0x0000, 0x0000, 0x0000, 0x0000, 0x0000, 0x0000, 0x0000, 0x0000, 0x0000, 0x0000, 0x0000, 0x0000, 0x0000, // 0x34F0 (13552) pixels
    0x0000, 0x0000, 0x0000, 0x0000, 0x0020, 0x0001, 0x0001, 0x0001, 0x0000, 0x0000, 0x7407, 0xE7ED, 0xE7C8, 0xE786, 0xEFA6, 0xDFCA, // 0x3500 (13568) pixels
    0x96EA, 0x4568, 0x65E9, 0x3587, 0x13A6, 0x0022, 0x0841, 0x44C9, 0x46A9, 0x4E28, 0x5629, 0x5609, 0x55E8, 0x5609, 0x5609, 0x5608, // 0x3510 (13584) pixels
    0x5608, 0x5608, 0x5609, 0x5E2B, 0x660C, 0x2C27, 0x01C0, 0x3487, 0x5E2B, 0x4DE9, 0x5609, 0x5609, 0x5609, 0x5609, 0x5609, 0x5609, // 0x3520 (13600) pixels
    0x5609, 0x5609, 0x5607, 0x5629, 0x662E, 0x3349, 0x0040, 0x0000, 0x0060, 0x4C0A, 0x5ECA, 0x4E28, 0x5669, 0x5649, 0x5608, 0x5629, // 0x3530 (13616) pixels
    0x55E8, 0x55E9, 0x5607, 0x5628, 0x5609, 0x4DE8, 0x4E09, 0x5629, 0x5608, 0x5E28, 0x4DE9, 0x4609, 0x3DEA, 0x354B, 0x0A85, 0x1000, // 0x3540 (13632) pixels
    0x7062, 0xC104, 0x2861, 0x0820, 0x0020, 0x0000, 0x0000, 0x0000, 0x0000, 0x0000, 0x0000, 0x0000, 0x0000, 0x0000, 0x0000, 0x0000, // 0x3550 (13648) pixels
    0x0000, 0x0000, 0x0020, 0x0000, 0x0000, 0x0000, 0x0820, 0x0000, 0x0040, 0x2205, 0x4E69, 0x560A, 0x65AD, 0x3B48, 0x0080, 0x0000, // 0x3560 (13664) pixels
    0x0021, 0x0000, 0x0000, 0x0000, 0x0000, 0x0000, 0x0000, 0x0000, 0x0000, 0x0000, 0x0000, 0x0000, 0x0000, 0x0000, 0x0000, 0x0000, // 0x3570 (13680) pixels
    0x0000, 0x0000, 0x0000, 0x0000, 0x0000, 0x0000, 0x0000, 0x0000, 0x0000, 0x0000, 0x0000, 0x0000, 0x0000, 0x0000, 0x0000, 0x0000, // 0x3580 (13696) pixels
    0x0000, 0x0000, 0x0000, 0x0000, 0x0000, 0x0000, 0x0000, 0x0000, 0x0000, 0x0000, 0x0000, 0x0000, 0x0000, 0x0000, 0x0000, 0x0000, // 0x3590 (13712) pixels
    0x0000, 0x0000, 0x0000, 0x0000, 0x0000, 0x0000, 0x0000, 0x0000, 0x0000, 0x0000, 0x0000, 0x0000, 0x0000, 0x0000, 0x0000, 0x0000, // 0x35A0 (13728) pixels
    0x0000, 0x0000, 0x0000, 0x0000, 0x0000, 0x0000, 0x0000, 0x0000, 0x0800, 0x0000, 0x0000, 0x0000, 0x0000, 0x0020, 0x0040, 0x0020, // 0x35B0 (13744) pixels
    0x0800, 0x0000, 0x0000, 0x0000, 0x0000, 0x0000, 0x0000, 0x0000, 0x2122, 0x39E2, 0xA528, 0xEFAA, 0xE7C6, 0xD7C7, 0x9EE9, 0x5508, // 0x35C0 (13760) pixels
    0x3DAB, 0x3548, 0x23A7, 0x0043, 0x00E4, 0x558A, 0x5648, 0x5DE9, 0x4E29, 0x4E08, 0x5609, 0x5608, 0x5627, 0x5628, 0x3D2A, 0x1B8A, // 0x35D0 (13776) pixels
    0x1CE8, 0x3D08, 0x53EA, 0x2A0B, 0x0124, 0x44C6, 0x5627, 0x4E09, 0x5608, 0x55E9, 0x55E8, 0x5609, 0x5629, 0x4E28, 0x4E28, 0x5648, // 0x35E0 (13792) pixels
    0x4E47, 0x34A7, 0x22A7, 0x2107, 0x0021, 0x3368, 0x34C7, 0x45E8, 0x5608, 0x5608, 0x5608, 0x5608, 0x5608, 0x5608, 0x5608, 0x5608, // 0x35F0 (13808) pixels
    0x5609, 0x5609, 0x5609, 0x5609, 0x5609, 0x5609, 0x5609, 0x5609, 0x5609, 0x5606, 0x4DE7, 0x4DEB, 0x4D8C, 0x22C7, 0x0021, 0x3060, // 0x3600 (13824) pixels
    0x0841, 0x0020, 0x0020, 0x2942, 0x70C0, 0x7820, 0x78E2, 0x30A1, 0x0000, 0x0000, 0x0000, 0x0000, 0x0000, 0x0000, 0x0000, 0x0000, // 0x3610 (13840) pixels
    0x0000, 0x0000, 0x0000, 0x0000, 0x0000, 0x0000, 0x0000, 0x0020, 0x2122, 0x1AE3, 0x566C, 0x24E7, 0x0222, 0x0081, 0x0000, 0x0020, // 0x3620 (13856) pixels
    0x0000, 0x0000, 0x0000, 0x0000, 0x0000, 0x0000, 0x0000, 0x0000, 0x0000, 0x0000, 0x0000, 0x0000, 0x0000, 0x0000, 0x0000, 0x0000, // 0x3630 (13872) pixels
    0x0000, 0x0000, 0x0000, 0x0000, 0x0000, 0x0000, 0x0000, 0x0000, 0x0000, 0x0000, 0x0000, 0x0000, 0x0000, 0x0000, 0x0000, 0x0000, // 0x3640 (13888) pixels
    0x0000, 0x0000, 0x0000, 0x0000, 0x0000, 0x0000, 0x0000, 0x0000, 0x0000, 0x0000, 0x0000, 0x0000, 0x0000, 0x0000, 0x0000, 0x0000, // 0x3650 (13904) pixels
    0x0000, 0x0000, 0x0000, 0x0000, 0x0000, 0x0000, 0x0000, 0x0000, 0x0000, 0x0000, 0x0000, 0x0000, 0x0000, 0x0000, 0x0000, 0x0000, // 0x3660 (13920) pixels
    0x0000, 0x0000, 0x0020, 0x0020, 0x0000, 0x0000, 0x0000, 0x0000, 0x0020, 0x0020, 0x0000, 0x0000, 0x0000, 0x0000, 0x0000, 0x0000, // 0x3670 (13936) pixels
    0x0000, 0x0000, 0x0000, 0x0000, 0x0000, 0x0000, 0x0022, 0x0020, 0x8CA7, 0xEFEA, 0xE7C5, 0xDFE7, 0xA6A8, 0x4423, 0x4569, 0x34E8, // 0x3680 (13952) pixels
    0x2B48, 0x0003, 0x00E3, 0x558A, 0x5668, 0x5DE9, 0x4E29, 0x5609, 0x5E09, 0x5E09, 0x5627, 0x4E08, 0x34E9, 0x0B29, 0x242A, 0x3C2A, // 0x3690 (13968) pixels
    0x11E5, 0x0043, 0x0143, 0x4D29, 0x5608, 0x4E0A, 0x55E8, 0x55E9, 0x5609, 0x5609, 0x4E28, 0x4E28, 0x4E09, 0x5629, 0x5E4B, 0x2BC7, // 0x36A0 (13984) pixels
    0x00A2, 0x0001, 0x0080, 0x3C69, 0x5E2B, 0x4DE9, 0x5608, 0x5608, 0x5608, 0x5608, 0x5608, 0x5608, 0x5608, 0x5608, 0x5609, 0x5609, // 0x36B0 (14000) pixels
    0x5609, 0x5609, 0x5609, 0x5609, 0x5609, 0x5609, 0x4DAA, 0x5E29, 0x5629, 0x4E09, 0x560B, 0x2366, 0x0060, 0x0800, 0x1800, 0x5062, // 0x36C0 (14016) pixels
    0x7821, 0xA923, 0xF9C5, 0xF9A5, 0xF1A8, 0x90A4, 0x0000, 0x0000, 0x0000, 0x0000, 0x0000, 0x0000, 0x0000, 0x0000, 0x0000, 0x0000, // 0x36D0 (14032) pixels
    0x0000, 0x0000, 0x0000, 0x0000, 0x0000, 0x0000, 0x0000, 0x1222, 0x6E8E, 0x4E0A, 0x44A9, 0x11A3, 0x0000, 0x0000, 0x0000, 0x0000, // 0x36E0 (14048) pixels
    0x0000, 0x0000, 0x0000, 0x0000, 0x0000, 0x0000, 0x0000, 0x0000, 0x0000, 0x0000, 0x0000, 0x0000, 0x0000, 0x0000, 0x0000, 0x0000, // 0x36F0 (14064) pixels
    0x0000, 0x0000, 0x0000, 0x0000, 0x0000, 0x0000, 0x0000, 0x0000, 0x0000, 0x0000, 0x0000, 0x0000, 0x0000, 0x0000, 0x0000, 0x0000, // 0x3700 (14080) pixels
    0x0000, 0x0000, 0x0000, 0x0000, 0x0000, 0x0000, 0x0000, 0x0000, 0x0000, 0x0000, 0x0000, 0x0000, 0x0000, 0x0000, 0x0000, 0x0000, // 0x3710 (14096) pixels
    0x0000, 0x0000, 0x0000, 0x0000, 0x0000, 0x0000, 0x0000, 0x0000, 0x0000, 0x0000, 0x0000, 0x0000, 0x0000, 0x0000, 0x0000, 0x0000, // 0x3720 (14112) pixels
    0x0000, 0x0000, 0x0000, 0x0000, 0x0000, 0x0000, 0x0000, 0x0000, 0x0000, 0x0000, 0x0000, 0x0000, 0x0040, 0x0040, 0x0020, 0x0000, // 0x3730 (14128) pixels
    0x0000, 0x0000, 0x0000, 0x0841, 0x0968, 0x00C2, 0x7CAA, 0xCF0B, 0xD765, 0xE7E7, 0xBEE6, 0x9606, 0x5546, 0x2C06, 0x22A8, 0x0002, // 0x3740 (14144) pixels
    0x0102, 0x55AA, 0x5669, 0x5DE9, 0x4E29, 0x4E08, 0x5E09, 0x5608, 0x5627, 0x4E08, 0x3CC9, 0x12E9, 0x1206, 0x2268, 0x0103, 0x0122, // 0x3750 (14160) pixels
    0x1305, 0x55CA, 0x4DE8, 0x4DE9, 0x5608, 0x5609, 0x5609, 0x5609, 0x4E08, 0x4E29, 0x55E9, 0x4D69, 0x4489, 0x2A87, 0x0062, 0x11A5, // 0x3760 (14176) pixels
    0x2366, 0x4568, 0x5E4A, 0x55E9, 0x5609, 0x5609, 0x5609, 0x5609, 0x5609, 0x5609, 0x5609, 0x5609, 0x5609, 0x5609, 0x5609, 0x5609, // 0x3770 (14192) pixels
    0x5609, 0x5609, 0x5609, 0x5609, 0x560C, 0x3D29, 0x4568, 0x5629, 0x5E4A, 0x4508, 0x22C5, 0x10E4, 0x3000, 0xA106, 0xE946, 0xD162, // 0x3780 (14208) pixels
    0xD162, 0xD102, 0xD145, 0x8061, 0x0000, 0x0000, 0x0000, 0x0000, 0x0000, 0x0000, 0x0000, 0x0000, 0x0000, 0x0000, 0x0000, 0x0000, // 0x3790 (14224) pixels
    0x0000, 0x0000, 0x0000, 0x0000, 0x0002, 0x00C0, 0x2BA4, 0x55C9, 0x76AE, 0x3367, 0x0060, 0x0803, 0x0000, 0x0000, 0x0000, 0x0000, // 0x37A0 (14240) pixels
    0x0000, 0x0000, 0x0000, 0x0000, 0x0000, 0x0000, 0x0000, 0x0000, 0x0000, 0x0000, 0x0000, 0x0000, 0x0000, 0x0000, 0x0000, 0x0000, // 0x37B0 (14256) pixels
    0x0000, 0x0000, 0x0000, 0x0000, 0x0000, 0x0000, 0x0000, 0x0000, 0x0000, 0x0000, 0x0000, 0x0000, 0x0000, 0x0000, 0x0000, 0x0000, // 0x37C0 (14272) pixels
    0x0000, 0x0000, 0x0000, 0x0000, 0x0000, 0x0000, 0x0000, 0x0000, 0x0000, 0x0000, 0x0000, 0x0000, 0x0000, 0x0000, 0x0000, 0x0000, // 0x37D0 (14288) pixels
    0x0000, 0x0000, 0x0000, 0x0000, 0x0000, 0x0000, 0x0000, 0x0000, 0x0000, 0x0000, 0x0000, 0x0000, 0x0000, 0x0000, 0x0000, 0x0000, // 0x37E0 (14304) pixels
    0x0000, 0x0000, 0x0800, 0x0800, 0x0000, 0x0000, 0x0000, 0x0040, 0x0020, 0x0020, 0x0020, 0x0020, 0x0000, 0x0000, 0x0000, 0x0000, // 0x37F0 (14320) pixels
    0x0041, 0x0082, 0x1ACA, 0x11C6, 0x0921, 0x1960, 0x84C3, 0xEFEA, 0xE7E7, 0xE7E6, 0x75C6, 0x2B84, 0x1A07, 0x0002, 0x0921, 0x55CA, // 0x3800 (14336) pixels
    0x4E69, 0x55E8, 0x4E29, 0x55E8, 0x55E8, 0x55E8, 0x5608, 0x5629, 0x44EA, 0x1B0A, 0x0001, 0x0043, 0x0144, 0x3C08, 0x4568, 0x5629, // 0x3810 (14352) pixels
    0x4E08, 0x5628, 0x5608, 0x5609, 0x5609, 0x5609, 0x4E28, 0x562A, 0x4D69, 0x3427, 0x0963, 0x0041, 0x0021, 0x2B88, 0x5E2C, 0x5607, // 0x3820 (14368) pixels
    0x4DC7, 0x560A, 0x5609, 0x5609, 0x5609, 0x5609, 0x5609, 0x5609, 0x5609, 0x5609, 0x5609, 0x5609, 0x5609, 0x5609, 0x5609, 0x5609, // 0x3830 (14384) pixels
    0x5609, 0x5609, 0x3547, 0x02C2, 0x1BC5, 0x5DEA, 0x562A, 0x4E08, 0x4D09, 0x1247, 0x0020, 0x6042, 0xC0A4, 0xC903, 0xC8C4, 0xC883, // 0x3840 (14400) pixels
    0xC987, 0x68C0, 0x0000, 0x0000, 0x0000, 0x0000, 0x0000, 0x0000, 0x0000, 0x0000, 0x0000, 0x0000, 0x0000, 0x0000, 0x0000, 0x0000, // 0x3850 (14416) pixels
    0x0000, 0x0000, 0x0802, 0x0000, 0x00E0, 0x658A, 0x6ECD, 0x2C47, 0x0060, 0x0001, 0x0000, 0x0000, 0x0000, 0x0000, 0x0000, 0x0000, // 0x3860 (14432) pixels
    0x0000, 0x0000, 0x0000, 0x0000, 0x0000, 0x0000, 0x0000, 0x0000, 0x0000, 0x0000, 0x0000, 0x0000, 0x0000, 0x0000, 0x0000, 0x0000, // 0x3870 (14448) pixels
    0x0000, 0x0000, 0x0000, 0x0000, 0x0000, 0x0000, 0x0000, 0x0000, 0x0000, 0x0000, 0x0000, 0x0000, 0x0000, 0x0000, 0x0000, 0x0000, // 0x3880 (14464) pixels
    0x0000, 0x0000, 0x0000, 0x0000, 0x0000, 0x0000, 0x0000, 0x0000, 0x0000, 0x0000, 0x0000, 0x0000, 0x0000, 0x0000, 0x0000, 0x0000, // 0x3890 (14480) pixels
    0x0000, 0x0000, 0x0000, 0x0000, 0x0000, 0x0000, 0x0000, 0x0000, 0x0000, 0x0000, 0x0000, 0x0000, 0x0000, 0x0020, 0x0000, 0x0000, // 0x38A0 (14496) pixels
    0x0000, 0x0000, 0x0000, 0x0000, 0x0000, 0x0000, 0x0000, 0x0000, 0x0000, 0x0000, 0x0000, 0x0801, 0x0000, 0x0061, 0x11A6, 0x1A48, // 0x38B0 (14512) pixels
    0x0AC7, 0x1A68, 0x0021, 0x0020, 0x7427, 0xCF6C, 0xDFC6, 0xE7E3, 0xA6C8, 0x43E3, 0x21E5, 0x0002, 0x0941, 0x55AA, 0x4E69, 0x55E8, // 0x38C0 (14528) pixels
    0x4E09, 0x55E8, 0x55E9, 0x55E8, 0x5608, 0x5629, 0x44AA, 0x12A9, 0x1003, 0x0003, 0x11E6, 0x5DAB, 0x5649, 0x4E08, 0x4E08, 0x4E07, // 0x38D0 (14544) pixels
    0x4E28, 0x5608, 0x5609, 0x5608, 0x5628, 0x5E2A, 0x44A9, 0x1284, 0x0863, 0x0001, 0x0183, 0x2C68, 0x5E6A, 0x6627, 0x55C7, 0x4E29, // 0x38E0 (14560) pixels
    0x5609, 0x5609, 0x5609, 0x5609, 0x5609, 0x5609, 0x5609, 0x5609, 0x5609, 0x5609, 0x5609, 0x5609, 0x5609, 0x5609, 0x5609, 0x5609, // 0x38F0 (14576) pixels
    0x4E28, 0x1BA6, 0x2368, 0x3C89, 0x458A, 0x4608, 0x55E9, 0x2C08, 0x1B86, 0x3163, 0x6044, 0x80A5, 0xC106, 0xD8E5, 0xC986, 0x5880, // 0x3900 (14592) pixels
    0x0000, 0x0000, 0x0000, 0x0000, 0x0000, 0x0000, 0x0000, 0x0000, 0x0000, 0x0000, 0x0000, 0x0000, 0x0000, 0x0000, 0x0000, 0x0000, // 0x3910 (14608) pixels
    0x0000, 0x1021, 0x0060, 0x5489, 0x562B, 0x3508, 0x01E1, 0x0040, 0x0000, 0x0000, 0x0000, 0x0000, 0x0000, 0x0000, 0x0000, 0x0000, // 0x3920 (14624) pixels
    0x0000, 0x0000, 0x0000, 0x0000, 0x0000, 0x0000, 0x0000, 0x0000, 0x0000, 0x0000, 0x0000, 0x0000, 0x0000, 0x0000, 0x0000, 0x0000, // 0x3930 (14640) pixels
    0x0000, 0x0000, 0x0000, 0x0000, 0x0000, 0x0000, 0x0000, 0x0000, 0x0000, 0x0000, 0x0000, 0x0000, 0x0000, 0x0000, 0x0000, 0x0000, // 0x3940 (14656) pixels
    0x0000, 0x0000, 0x0000, 0x0000, 0x0000, 0x0000, 0x0000, 0x0000, 0x0000, 0x0000, 0x0000, 0x0000, 0x0000, 0x0000, 0x0000, 0x0000, // 0x3950 (14672) pixels
    0x0000, 0x0000, 0x0000, 0x0000, 0x0000, 0x0000, 0x0000, 0x0000, 0x0000, 0x0000, 0x0000, 0x0000, 0x0020, 0x0103, 0x0183, 0x09A3, // 0x3960 (14688) pixels
    0x0943, 0x00A1, 0x0020, 0x0000, 0x0000, 0x0800, 0x0800, 0x0000, 0x0021, 0x08A3, 0x00A2, 0x0144, 0x1AA9, 0x230A, 0x1349, 0x1A69, // 0x3970 (14704) pixels
    0x0043, 0x0021, 0x21C1, 0x6C44, 0xC728, 0xEFE9, 0xBF48, 0x6D04, 0x3284, 0x0000, 0x0942, 0x4D8A, 0x4E69, 0x5609, 0x4E09, 0x5609, // 0x3980 (14720) pixels
    0x5609, 0x5609, 0x4E08, 0x55E9, 0x3429, 0x01E7, 0x0802, 0x0045, 0x1247, 0x4D6A, 0x5628, 0x5609, 0x560A, 0x5629, 0x4E48, 0x55E8, // 0x3990 (14736) pixels
    0x5609, 0x5608, 0x5649, 0x5E2B, 0x3C29, 0x0143, 0x1022, 0x0943, 0x3C6A, 0x45EA, 0x4DE7, 0x5DE7, 0x5E28, 0x4609, 0x5609, 0x5609, // 0x39A0 (14752) pixels
    0x5609, 0x5609, 0x5609, 0x5609, 0x5609, 0x5609, 0x5609, 0x5609, 0x5609, 0x5609, 0x5609, 0x5609, 0x5609, 0x5609, 0x5668, 0x552B, // 0x39B0 (14768) pixels
    0x1A67, 0x01A2, 0x3CC9, 0x4E28, 0x4E28, 0x560B, 0x6E6C, 0x3347, 0x0822, 0x1802, 0x90E4, 0xD944, 0xD165, 0x70A2, 0x0000, 0x0000, // 0x39C0 (14784) pixels
    0x0000, 0x0000, 0x0000, 0x0000, 0x0000, 0x0000, 0x0000, 0x0000, 0x0000, 0x0000, 0x0000, 0x0000, 0x0000, 0x0000, 0x0000, 0x0821, // 0x39D0 (14800) pixels
    0x0000, 0x1222, 0x45A8, 0x564A, 0x65AC, 0x21E3, 0x0000, 0x0000, 0x0000, 0x0000, 0x0000, 0x0000, 0x0000, 0x0000, 0x0000, 0x0000, // 0x39E0 (14816) pixels
    0x0000, 0x0000, 0x0000, 0x0000, 0x0000, 0x0000, 0x0000, 0x0000, 0x0000, 0x0000, 0x0000, 0x0000, 0x0000, 0x0000, 0x0000, 0x0000, // 0x39F0 (14832) pixels
    0x0000, 0x0000, 0x0000, 0x0000, 0x0000, 0x0000, 0x0000, 0x0000, 0x0000, 0x0000, 0x0000, 0x0000, 0x0000, 0x0000, 0x0000, 0x0000, // 0x3A00 (14848) pixels
    0x0000, 0x0000, 0x0000, 0x0000, 0x0000, 0x0000, 0x0000, 0x0000, 0x0000, 0x0000, 0x0000, 0x0000, 0x0000, 0x0000, 0x0000, 0x0000, // 0x3A10 (14864) pixels
    0x0000, 0x0000, 0x0000, 0x0000, 0x0000, 0x0000, 0x0000, 0x0000, 0x0020, 0x0060, 0x00C1, 0x1A47, 0x2C4B, 0x344C, 0x2BAA, 0x1266, // 0x3A20 (14880) pixels
    0x0143, 0x00C1, 0x0081, 0x0082, 0x0020, 0x0081, 0x0123, 0x2248, 0x1AA8, 0x12A8, 0x1B4A, 0x0B09, 0x0AE8, 0x1A07, 0x0043, 0x0000, // 0x3A30 (14896) pixels
    0x1101, 0x4B85, 0x9E2A, 0xAE89, 0xA684, 0x8E25, 0x4B83, 0x0000, 0x0922, 0x4D8A, 0x4E48, 0x55E9, 0x4E09, 0x5609, 0x5E29, 0x5609, // 0x3A40 (14912) pixels
    0x4E08, 0x4DC9, 0x33E8, 0x0186, 0x0000, 0x00E4, 0x12E7, 0x4569, 0x5628, 0x5609, 0x4DE9, 0x4E09, 0x4E48, 0x4DE8, 0x5609, 0x5608, // 0x3A50 (14928) pixels
    0x4E28, 0x5E2B, 0x3BEA, 0x0082, 0x0000, 0x1A64, 0x4D8A, 0x566A, 0x4E08, 0x5608, 0x5609, 0x4DE8, 0x5609, 0x5609, 0x5609, 0x5609, // 0x3A60 (14944) pixels
    0x5609, 0x5609, 0x5609, 0x5609, 0x5609, 0x5609, 0x5609, 0x5609, 0x5609, 0x5609, 0x5609, 0x5609, 0x4627, 0x5D6B, 0x1206, 0x00C1, // 0x3A70 (14960) pixels
    0x44EA, 0x566A, 0x4608, 0x5628, 0x566B, 0x2406, 0x0162, 0x20C2, 0x88C4, 0xC905, 0xC126, 0x7082, 0x0000, 0x0000, 0x0000, 0x0000, // 0x3A80 (14976) pixels
    0x0000, 0x0820, 0x0000, 0x0000, 0x0000, 0x0000, 0x0000, 0x0000, 0x0000, 0x0000, 0x0000, 0x0000, 0x0020, 0x0001, 0x0000, 0x1A62, // 0x3A90 (14992) pixels
    0x5E29, 0x4E47, 0x6E2C, 0x09E2, 0x0000, 0x0000, 0x0000, 0x0000, 0x0000, 0x0000, 0x0000, 0x0000, 0x0000, 0x0000, 0x0000, 0x0000, // 0x3AA0 (15008) pixels
    0x0000, 0x0000, 0x0000, 0x0000, 0x0000, 0x0000, 0x0000, 0x0000, 0x0000, 0x0000, 0x0000, 0x0000, 0x0000, 0x0000, 0x0000, 0x0000, // 0x3AB0 (15024) pixels
    0x0000, 0x0000, 0x0000, 0x0000, 0x0000, 0x0000, 0x0000, 0x0000, 0x0000, 0x0000, 0x0000, 0x0000, 0x0000, 0x0000, 0x0000, 0x0000, // 0x3AC0 (15040) pixels
    0x0000, 0x0000, 0x0000, 0x0000, 0x0000, 0x0000, 0x0000, 0x0000, 0x0000, 0x0000, 0x0000, 0x0000, 0x0000, 0x0000, 0x0000, 0x0000, // 0x3AD0 (15056) pixels
    0x0000, 0x0000, 0x0000, 0x0000, 0x0000, 0x0000, 0x1924, 0x1185, 0x0184, 0x22E9, 0x0BC9, 0x1C0A, 0x240B, 0x1B8A, 0x1B09, 0x1AE8, // 0x3AE0 (15072) pixels
    0x22C9, 0x22A9, 0x22A9, 0x1A88, 0x0A47, 0x1AE9, 0x1309, 0x0AE9, 0x132A, 0x02E8, 0x0AE7, 0x2227, 0x0843, 0x0001, 0x0040, 0x00C0, // 0x3AF0 (15088) pixels
    0x1A60, 0x5C43, 0x7D40, 0x96A4, 0x5C23, 0x0000, 0x0923, 0x4DAB, 0x4E48, 0x55E9, 0x4E09, 0x5609, 0x5609, 0x5609, 0x4E08, 0x55C9, // 0x3B00 (15104) pixels
    0x3409, 0x01A7, 0x0020, 0x0122, 0x1B46, 0x4DC9, 0x5648, 0x5E28, 0x5608, 0x4E28, 0x4E28, 0x4DE8, 0x5E09, 0x5608, 0x4E08, 0x5E0B, // 0x3B10 (15120) pixels
    0x3BCA, 0x0063, 0x19A4, 0x54EA, 0x5E4A, 0x4E07, 0x5649, 0x4E2A, 0x4DE9, 0x5DE8, 0x5609, 0x5609, 0x5609, 0x5609, 0x5609, 0x5609, // 0x3B20 (15136) pixels
    0x5609, 0x5609, 0x5609, 0x5609, 0x5609, 0x5609, 0x5609, 0x5609, 0x5609, 0x5609, 0x4E49, 0x4CE9, 0x19E5, 0x0103, 0x4468, 0x4DE8, // 0x3B30 (15152) pixels
    0x4E29, 0x4DE7, 0x3529, 0x3549, 0x4549, 0x3469, 0x2943, 0x2801, 0x3862, 0x0820, 0x0000, 0x0000, 0x0000, 0x0841, 0x1061, 0x0841, // 0x3B40 (15168) pixels
    0x0000, 0x0000, 0x0000, 0x0000, 0x0000, 0x0000, 0x0000, 0x0000, 0x0000, 0x0000, 0x0020, 0x0001, 0x0020, 0x6CEB, 0x97ED, 0x5686, // 0x3B50 (15184) pixels
    0x55AA, 0x0A24, 0x0000, 0x0000, 0x0000, 0x0000, 0x0000, 0x0000, 0x0000, 0x0000, 0x0000, 0x0000, 0x0000, 0x0000, 0x0000, 0x0000, // 0x3B60 (15200) pixels
    0x0000, 0x0000, 0x0000, 0x0000, 0x0000, 0x0000, 0x0000, 0x0000, 0x0000, 0x0000, 0x0000, 0x0000, 0x0000, 0x0000, 0x0000, 0x0000, // 0x3B70 (15216) pixels
    0x0000, 0x0000, 0x0000, 0x0000, 0x0000, 0x0000, 0x0000, 0x0000, 0x0000, 0x0000, 0x0000, 0x0000, 0x0000, 0x0000, 0x0000, 0x0000, // 0x3B80 (15232) pixels
    0x0000, 0x0000, 0x0000, 0x0000, 0x0000, 0x0000, 0x0000, 0x0000, 0x0000, 0x0000, 0x0000, 0x0000, 0x0000, 0x0000, 0x0000, 0x0000, // 0x3B90 (15248) pixels
    0x0000, 0x0800, 0x0800, 0x0020, 0x1246, 0x340D, 0x232A, 0x09E5, 0x0142, 0x1B09, 0x1BCC, 0x138B, 0x0AE9, 0x1B2A, 0x1308, 0x0AE7, // 0x3BA0 (15264) pixels
    0x1309, 0x0AE8, 0x132A, 0x0AE9, 0x0AC8, 0x1308, 0x12E7, 0x1B08, 0x1A69, 0x1205, 0x00C0, 0x0020, 0x0042, 0x0020, 0x1120, 0xA5E9, // 0x3BB0 (15280) pixels
    0xCFC8, 0xD7C8, 0x7C43, 0x0020, 0x0145, 0x554A, 0x4E47, 0x4628, 0x4E08, 0x4DE8, 0x5E29, 0x4E07, 0x4E07, 0x55EA, 0x2C0A, 0x01C6, // 0x3BC0 (15296) pixels
    0x0000, 0x00E4, 0x1B46, 0x4DAB, 0x5629, 0x5606, 0x55EA, 0x5609, 0x5609, 0x4E0A, 0x45E8, 0x4E47, 0x5609, 0x5D2C, 0x4B6A, 0x0040, // 0x3BD0 (15312) pixels
    0x11E2, 0x75CD, 0x55C8, 0x4DE7, 0x5609, 0x560A, 0x5609, 0x5627, 0x5609, 0x5609, 0x5609, 0x5609, 0x5609, 0x5609, 0x5609, 0x5609, // 0x3BE0 (15328) pixels
    0x5627, 0x4E08, 0x560A, 0x55EA, 0x55E8, 0x5628, 0x5649, 0x4E09, 0x3E6C, 0x558C, 0x3225, 0x0080, 0x348A, 0x4E4B, 0x5E0A, 0x4569, // 0x3BF0 (15344) pixels
    0x13E9, 0x1C66, 0x4E28, 0x4DC8, 0x0AE3, 0x00A0, 0x0001, 0x1001, 0x0000, 0x0000, 0x2820, 0x7903, 0xD146, 0xB105, 0x1840, 0x0020, // 0x3C00 (15360) pixels
    0x0040, 0x0020, 0x0800, 0x0800, 0x0800, 0x0800, 0x0040, 0x0000, 0x0000, 0x0000, 0x0020, 0x652B, 0x8FCF, 0x5648, 0x5D8A, 0x1222, // 0x3C10 (15376) pixels
    0x0040, 0x0000, 0x0020, 0x0000, 0x0000, 0x0000, 0x0000, 0x0000, 0x0000, 0x0000, 0x0000, 0x0000, 0x0000, 0x0000, 0x0000, 0x0000, // 0x3C20 (15392) pixels
    0x0000, 0x0000, 0x0000, 0x0000, 0x0000, 0x0000, 0x0000, 0x0000, 0x0000, 0x0000, 0x0000, 0x0000, 0x0000, 0x0000, 0x0000, 0x0000, // 0x3C30 (15408) pixels
    0x0000, 0x0000, 0x0000, 0x0000, 0x0000, 0x0000, 0x0000, 0x0000, 0x0000, 0x0000, 0x0000, 0x0000, 0x0000, 0x0000, 0x0000, 0x0000, // 0x3C40 (15424) pixels
    0x0000, 0x0000, 0x0000, 0x0000, 0x0000, 0x0000, 0x0000, 0x0000, 0x0000, 0x0000, 0x0000, 0x0000, 0x0000, 0x0000, 0x0020, 0x0000, // 0x3C50 (15440) pixels
    0x0000, 0x0040, 0x1226, 0x1B09, 0x01A4, 0x0964, 0x12C9, 0x234B, 0x232B, 0x1248, 0x09E6, 0x1A89, 0x132A, 0x0329, 0x0AE9, 0x0B09, // 0x3C60 (15456) pixels
    0x132A, 0x0AE9, 0x0AC9, 0x12AA, 0x1229, 0x1229, 0x0926, 0x00A2, 0x0020, 0x0000, 0x0001, 0x0001, 0x1920, 0x7449, 0xCF45, 0xF7E9, // 0x3C70 (15472) pixels
    0x94A4, 0x0000, 0x0944, 0x5D6B, 0x5628, 0x4E2A, 0x5629, 0x55E8, 0x5E29, 0x5628, 0x4E28, 0x4DCA, 0x2BC9, 0x01C6, 0x0002, 0x0103, // 0x3C80 (15488) pixels
    0x2383, 0x55E9, 0x5628, 0x5628, 0x4E09, 0x4E27, 0x5607, 0x5E29, 0x5649, 0x5669, 0x3CC7, 0x1A66, 0x08E4, 0x0001, 0x01A0, 0x65AC, // 0x3C90 (15504) pixels
    0x5E29, 0x4E48, 0x5629, 0x560A, 0x5609, 0x5628, 0x5609, 0x5609, 0x5609, 0x5609, 0x5609, 0x5609, 0x5609, 0x5609, 0x4E07, 0x4E08, // 0x3CA0 (15520) pixels
    0x560A, 0x560A, 0x5609, 0x5628, 0x5629, 0x4DE8, 0x358B, 0x448B, 0x31E6, 0x00A1, 0x2C69, 0x4609, 0x55E9, 0x4DC9, 0x2CA9, 0x3D49, // 0x3CB0 (15536) pixels
    0x4E2B, 0x3D69, 0x3449, 0x3369, 0x21C6, 0x0000, 0x0001, 0x50A3, 0xB924, 0xE143, 0xF145, 0xB146, 0x1020, 0x0800, 0x0000, 0x0000, // 0x3CC0 (15552) pixels
    0x0800, 0x0000, 0x0040, 0x0000, 0x0000, 0x0000, 0x0001, 0x0020, 0x00E0, 0x3C46, 0x4E08, 0x4607, 0x5E0B, 0x3407, 0x0041, 0x0000, // 0x3CD0 (15568) pixels
    0x0020, 0x0000, 0x0000, 0x0000, 0x0000, 0x0000, 0x0000, 0x0000, 0x0000, 0x0000, 0x0000, 0x0000, 0x0000, 0x0000, 0x0000, 0x0000, // 0x3CE0 (15584) pixels
    0x0000, 0x0000, 0x0000, 0x0000, 0x0000, 0x0000, 0x0000, 0x0000, 0x0000, 0x0000, 0x0000, 0x0000, 0x0000, 0x0000, 0x0000, 0x0000, // 0x3CF0 (15600) pixels
    0x0000, 0x0000, 0x0000, 0x0000, 0x0000, 0x0000, 0x0000, 0x0000, 0x0000, 0x0000, 0x0000, 0x0000, 0x0000, 0x0000, 0x0000, 0x0000, // 0x3D00 (15616) pixels
    0x0000, 0x0000, 0x0000, 0x0000, 0x0000, 0x0000, 0x0000, 0x0000, 0x0000, 0x0000, 0x0000, 0x0000, 0x0040, 0x0000, 0x0820, 0x4AAA, // 0x3D10 (15632) pixels
    0x53AD, 0x0184, 0x00A1, 0x2A07, 0x234C, 0x1A69, 0x19A6, 0x00A2, 0x00A1, 0x09E6, 0x2B4C, 0x130B, 0x1AE9, 0x1B0A, 0x12E9, 0x0A88, // 0x3D20 (15648) pixels
    0x1269, 0x11C8, 0x0085, 0x0003, 0x0002, 0x0000, 0x0000, 0x0800, 0x0802, 0x0002, 0x0001, 0x0860, 0xB5E6, 0xF78D, 0x9C88, 0x0000, // 0x3D30 (15664) pixels
    0x0081, 0x4468, 0x4D87, 0x55E9, 0x5629, 0x5609, 0x5629, 0x5628, 0x5629, 0x4D8B, 0x33A9, 0x11E7, 0x0002, 0x0122, 0x2BC3, 0x55C8, // 0x3D40 (15680) pixels
    0x5609, 0x5E4A, 0x4E0A, 0x5689, 0x5607, 0x55E8, 0x55E8, 0x5629, 0x3407, 0x00C3, 0x0003, 0x0864, 0x0A61, 0x5569, 0x4E08, 0x4E28, // 0x3D50 (15696) pixels
    0x4E09, 0x560A, 0x5609, 0x5628, 0x5609, 0x5609, 0x5609, 0x5609, 0x5609, 0x5609, 0x5609, 0x5609, 0x5608, 0x5629, 0x560A, 0x55E9, // 0x3D60 (15712) pixels
    0x4DE8, 0x5628, 0x5629, 0x4DC9, 0x1387, 0x0A05, 0x08A3, 0x00C2, 0x348A, 0x566A, 0x5608, 0x55E9, 0x5E0B, 0x55EB, 0x3D8B, 0x1427, // 0x3D70 (15728) pixels
    0x2469, 0x3C2A, 0x22C6, 0x00E0, 0x0000, 0x68C3, 0xE945, 0xF8E2, 0xF0E3, 0xA945, 0x0000, 0x0001, 0x0001, 0x0000, 0x0000, 0x0020, // 0x3D80 (15744) pixels
    0x0020, 0x0000, 0x0000, 0x0000, 0x0800, 0x1963, 0x75AE, 0x55EA, 0x3DC7, 0x4608, 0x4E0A, 0x3D29, 0x0061, 0x0000, 0x0000, 0x0000, // 0x3D90 (15760) pixels
    0x0000, 0x0000, 0x0000, 0x0000, 0x0000, 0x0000, 0x0000, 0x0000, 0x0000, 0x0000, 0x0000, 0x0000, 0x0000, 0x0000, 0x0000, 0x0000, // 0x3DA0 (15776) pixels
    0x0000, 0x0000, 0x0000, 0x0000, 0x0000, 0x0000, 0x0000, 0x0000, 0x0000, 0x0000, 0x0000, 0x0000, 0x0000, 0x0000, 0x0000, 0x0000, // 0x3DB0 (15792) pixels
    0x0000, 0x0000, 0x0000, 0x0000, 0x0000, 0x0000, 0x0000, 0x0000, 0x0000, 0x0000, 0x0000, 0x0000, 0x0000, 0x0000, 0x0000, 0x0000, // 0x3DC0 (15808) pixels
    0x0000, 0x0000, 0x0000, 0x0000, 0x0000, 0x0000, 0x0000, 0x0000, 0x0000, 0x0000, 0x0000, 0x0000, 0x0820, 0xCE79, 0xEFFF, 0x2A27, // 0x3DD0 (15824) pixels
    0x0020, 0x10A2, 0x0125, 0x0041, 0x0020, 0x1122, 0x4329, 0x2287, 0x0165, 0x0925, 0x10E4, 0x1124, 0x0102, 0x0163, 0x09E5, 0x09A4, // 0x3DE0 (15840) pixels
    0x0943, 0x1163, 0x0922, 0x0921, 0x0080, 0x0000, 0x0001, 0x1024, 0x0002, 0x0000, 0x4A64, 0x7367, 0x4A25, 0x0001, 0x00E2, 0x3C67, // 0x3DF0 (15856) pixels
    0x4DE7, 0x4DE7, 0x4DE8, 0x55E8, 0x5628, 0x5628, 0x45A8, 0x2C47, 0x0A24, 0x0082, 0x10C2, 0x32C5, 0x2BA3, 0x1BC2, 0x3CC6, 0x666B, // 0x3E00 (15872) pixels
    0x4E29, 0x4607, 0x5629, 0x560A, 0x562A, 0x5E4B, 0x33C7, 0x0061, 0x0022, 0x3AA9, 0x44C8, 0x5DEA, 0x4608, 0x4628, 0x4E09, 0x560A, // 0x3E10 (15888) pixels
    0x55E9, 0x5628, 0x5609, 0x5609, 0x5609, 0x5609, 0x5609, 0x5609, 0x5609, 0x5609, 0x5608, 0x5609, 0x5609, 0x4DE8, 0x5628, 0x5E49, // 0x3E20 (15904) pixels
    0x55EA, 0x4D69, 0x1AE9, 0x0061, 0x0002, 0x0103, 0x2C69, 0x566A, 0x5627, 0x4DE8, 0x5DE9, 0x4DA9, 0x3529, 0x0C07, 0x1C4A, 0x246A, // 0x3E30 (15920) pixels
    0x3CAA, 0x3C67, 0x0242, 0x21A2, 0x68A1, 0x9840, 0xD8C3, 0xB125, 0x1000, 0x0001, 0x0000, 0x0020, 0x0020, 0x0000, 0x0000, 0x0020, // 0x3E40 (15936) pixels
    0x0820, 0x0000, 0x0800, 0x1982, 0xB7F6, 0x564A, 0x3DE7, 0x4E29, 0x4E09, 0x3546, 0x0882, 0x0020, 0x0000, 0x0000, 0x0000, 0x0000, // 0x3E50 (15952) pixels
    0x0000, 0x0000, 0x0000, 0x0000, 0x0000, 0x0000, 0x0000, 0x0000, 0x0000, 0x0000, 0x0000, 0x0000, 0x0000, 0x0000, 0x0000, 0x0000, // 0x3E60 (15968) pixels
    0x0000, 0x0000, 0x0000, 0x0000, 0x0000, 0x0000, 0x0000, 0x0000, 0x0000, 0x0000, 0x0000, 0x0000, 0x0000, 0x0000, 0x0000, 0x0000, // 0x3E70 (15984) pixels
    0x0000, 0x0000, 0x0000, 0x0000, 0x0000, 0x0000, 0x0000, 0x0000, 0x0000, 0x0000, 0x0000, 0x0000, 0x0000, 0x0000, 0x0000, 0x0000, // 0x3E80 (16000) pixels
    0x0000, 0x0000, 0x0000, 0x0000, 0x0000, 0x0000, 0x0000, 0x0000, 0x0000, 0x0000, 0x0020, 0xC638, 0xF7FF, 0x4269, 0x0041, 0x0000, // 0x3E90 (16016) pixels
    0x0001, 0x0000, 0x0000, 0x5349, 0xD7DA, 0x646E, 0x0020, 0x0842, 0x0801, 0x0000, 0x0060, 0x22C5, 0x552C, 0x4D8B, 0x45AA, 0x4DEA, // 0x3EA0 (16032) pixels
    0x5D6B, 0x5D0A, 0x22E4, 0x0080, 0x0020, 0x0000, 0x0020, 0x0020, 0x0020, 0x0040, 0x08E2, 0x11C6, 0x1B07, 0x456A, 0x5668, 0x4E07, // 0x3EB0 (16048) pixels
    0x4DE9, 0x5609, 0x5628, 0x5649, 0x4DA9, 0x2BE8, 0x09C4, 0x0021, 0x3A23, 0x854A, 0x5CC5, 0x1300, 0x3405, 0x6E4D, 0x6669, 0x4E47, // 0x3EC0 (16064) pixels
    0x4E08, 0x4E09, 0x4E49, 0x4E4A, 0x2386, 0x0021, 0x0041, 0x3BC9, 0x5DCA, 0x5609, 0x45E7, 0x4628, 0x4E09, 0x560A, 0x55E8, 0x5628, // 0x3ED0 (16080) pixels
    0x5609, 0x5609, 0x5609, 0x5609, 0x5609, 0x5609, 0x5609, 0x5609, 0x55E8, 0x4E09, 0x4E09, 0x4E08, 0x5628, 0x55E9, 0x3D08, 0x2C27, // 0x3EE0 (16096) pixels
    0x32EB, 0x0022, 0x08A5, 0x1A48, 0x2C68, 0x4E29, 0x4E27, 0x55E8, 0x5E09, 0x55E9, 0x45A9, 0x1C67, 0x1409, 0x1C28, 0x45AA, 0x5649, // 0x3EF0 (16112) pixels
    0x55CC, 0x2BA6, 0x0060, 0x2800, 0x90E6, 0x8906, 0x1860, 0x0800, 0x3000, 0x3020, 0x0000, 0x0000, 0x0000, 0x0000, 0x0000, 0x0020, // 0x3F00 (16128) pixels
    0x0840, 0x0981, 0x8F32, 0x5609, 0x4E08, 0x4DE8, 0x5609, 0x3525, 0x08A2, 0x0020, 0x0000, 0x0000, 0x0000, 0x0000, 0x0000, 0x0000, // 0x3F10 (16144) pixels
    0x0000, 0x0000, 0x0000, 0x0000, 0x0000, 0x0000, 0x0000, 0x0000, 0x0000, 0x0000, 0x0000, 0x0000, 0x0000, 0x0000, 0x0000, 0x0000, // 0x3F20 (16160) pixels
    0x0000, 0x0000, 0x0000, 0x0000, 0x0000, 0x0000, 0x0000, 0x0000, 0x0000, 0x0000, 0x0000, 0x0000, 0x0000, 0x0000, 0x0000, 0x0000, // 0x3F30 (16176) pixels
    0x0000, 0x0000, 0x0000, 0x0000, 0x0000, 0x0000, 0x0000, 0x0000, 0x0000, 0x0000, 0x0000, 0x0000, 0x0000, 0x0000, 0x0000, 0x0000, // 0x3F40 (16192) pixels
    0x0000, 0x0000, 0x0000, 0x0000, 0x0000, 0x0000, 0x0000, 0x0000, 0x0000, 0x2986, 0x4249, 0x0882, 0x0000, 0x0821, 0x0000, 0x0020, // 0x3F50 (16208) pixels
    0x0020, 0x4A67, 0xB635, 0x5B8B, 0x0020, 0x0061, 0x0A05, 0x0225, 0x0264, 0x344A, 0x5E2E, 0x568C, 0x4EA9, 0x3E87, 0x5689, 0x5E6B, // 0x3F60 (16224) pixels
    0x4D29, 0x2365, 0x22C4, 0x2284, 0x22C3, 0x22C2, 0x1AC5, 0x1AA4, 0x2B66, 0x4CEB, 0x3D4A, 0x45C9, 0x4E28, 0x5628, 0x562A, 0x4E08, // 0x3F70 (16240) pixels
    0x4E07, 0x5629, 0x4DCB, 0x3409, 0x11A4, 0x0000, 0x2983, 0x9E09, 0x85E5, 0x4402, 0x2B26, 0x2B27, 0x3C85, 0x6E69, 0x5648, 0x5628, // 0x3F80 (16256) pixels
    0x4E48, 0x462A, 0x2BA7, 0x0063, 0x0021, 0x23E8, 0x4D67, 0x45A7, 0x4607, 0x4E28, 0x4E09, 0x5609, 0x5609, 0x4E28, 0x5609, 0x5609, // 0x3F90 (16272) pixels
    0x5609, 0x5609, 0x5609, 0x5609, 0x5609, 0x5609, 0x5608, 0x5609, 0x4E09, 0x4E29, 0x5649, 0x4DAA, 0x3C89, 0x23A9, 0x326A, 0x0002, // 0x3FA0 (16288) pixels
    0x1947, 0x2B4B, 0x2C89, 0x4E49, 0x4E47, 0x55E9, 0x5609, 0x5608, 0x4DE8, 0x34E7, 0x2488, 0x24A8, 0x45E9, 0x4626, 0x4E0C, 0x452B, // 0x3FB0 (16304) pixels
    0x1AA5, 0x1164, 0x2023, 0x2000, 0x1800, 0x68C1, 0xC145, 0xA966, 0x3060, 0x1000, 0x0000, 0x0020, 0x0000, 0x1984, 0x4328, 0x2305, // 0x3FC0 (16320) pixels
    0x2C66, 0x45A8, 0x5629, 0x55C8, 0x5E2A, 0x4528, 0x08A2, 0x0020, 0x0000, 0x0000, 0x0000, 0x0000, 0x0000, 0x0000, 0x0000, 0x0000, // 0x3FD0 (16336) pixels
    0x0000, 0x0000, 0x0000, 0x0000, 0x0000, 0x0000, 0x0000, 0x0000, 0x0000, 0x0000, 0x0000, 0x0000, 0x0000, 0x0000, 0x0000, 0x0000, // 0x3FE0 (16352) pixels
    0x0000, 0x0000, 0x0000, 0x0000, 0x0000, 0x0000, 0x0000, 0x0000, 0x0000, 0x0000, 0x0000, 0x0000, 0x0000, 0x0000, 0x0000, 0x0000, // 0x3FF0 (16368) pixels
    0x0000, 0x0000, 0x0000, 0x0000, 0x0000, 0x0000, 0x0000, 0x0000, 0x0000, 0x0000, 0x0000, 0x0000, 0x0000, 0x0000, 0x0000, 0x0000, // 0x4000 (16384) pixels
    0x0000, 0x0000, 0x0000, 0x0000, 0x0800, 0x0000, 0x0000, 0x0000, 0x0000, 0x0821, 0x0000, 0x0000, 0x0000, 0x0000, 0x0000, 0x0800, // 0x4010 (16400) pixels
    0x20C3, 0x0020, 0x0020, 0x00A1, 0x2CEC, 0x454F, 0x3C8D, 0x3C2B, 0x2387, 0x1B84, 0x3D48, 0x564A, 0x3E07, 0x4E29, 0x5E4B, 0x5DEA, // 0x4020 (16416) pixels
    0x65CA, 0x65EA, 0x660B, 0x662B, 0x662A, 0x5DEA, 0x5DC9, 0x5E6A, 0x4E29, 0x4629, 0x4DE9, 0x5E09, 0x4E09, 0x4E08, 0x5627, 0x5E6A, // 0x4030 (16432) pixels
    0x4DAC, 0x33CA, 0x21C6, 0x0000, 0x2983, 0x95E6, 0x9622, 0x7D63, 0x4344, 0x0140, 0x12A0, 0x4CA6, 0x5589, 0x5DAA, 0x4DE9, 0x45CA, // 0x4040 (16448) pixels
    0x3369, 0x0844, 0x0041, 0x3D2B, 0x766A, 0x5E49, 0x5628, 0x5649, 0x5609, 0x5609, 0x5629, 0x4E28, 0x5609, 0x5609, 0x5609, 0x5609, // 0x4050 (16464) pixels
    0x5609, 0x5609, 0x5609, 0x5609, 0x5608, 0x5609, 0x4E09, 0x4E49, 0x562A, 0x456A, 0x344B, 0x2B8C, 0x2208, 0x0001, 0x1166, 0x1B6A, // 0x4060 (16480) pixels
    0x2C88, 0x4E29, 0x4E28, 0x5DC9, 0x4DE8, 0x5608, 0x5609, 0x55EA, 0x560A, 0x4DE9, 0x5649, 0x4607, 0x04A6, 0x2D4A, 0x3CCB, 0x13A8, // 0x4070 (16496) pixels
    0x0122, 0x0000, 0x3060, 0xC166, 0xF1A6, 0xC9A7, 0x3040, 0x0800, 0x0000, 0x0040, 0x0040, 0x32E6, 0xA7F4, 0x65EC, 0x0BA3, 0x3547, // 0x4080 (16512) pixels
    0x4E29, 0x5E4A, 0x5DEC, 0x3469, 0x0881, 0x0000, 0x0000, 0x0000, 0x0000, 0x0000, 0x0000, 0x0000, 0x0000, 0x0000, 0x0000, 0x0000, // 0x4090 (16528) pixels
    0x0000, 0x0000, 0x0000, 0x0000, 0x0000, 0x0000, 0x0000, 0x0000, 0x0000, 0x0000, 0x0000, 0x0000, 0x0000, 0x0000, 0x0000, 0x0000, // 0x40A0 (16544) pixels
    0x0000, 0x0000, 0x0000, 0x0000, 0x0000, 0x0000, 0x0000, 0x0000, 0x0000, 0x0000, 0x0000, 0x0000, 0x0000, 0x0000, 0x0000, 0x0000, // 0x40B0 (16560) pixels
    0x0000, 0x0000, 0x0000, 0x0000, 0x0000, 0x0000, 0x0000, 0x0000, 0x0000, 0x0000, 0x0000, 0x0000, 0x0000, 0x0000, 0x0000, 0x0000, // 0x40C0 (16576) pixels
    0x0000, 0x0000, 0x0000, 0x0000, 0x0000, 0x0020, 0x0020, 0x0000, 0x0000, 0x0000, 0x0800, 0x0000, 0x0022, 0x0001, 0x0801, 0x0801, // 0x40D0 (16592) pixels
    0x3A08, 0x640F, 0x2BE8, 0x3389, 0x1A46, 0x11A5, 0x0102, 0x0140, 0x23C7, 0x456B, 0x564A, 0x4DC9, 0x5609, 0x5608, 0x5E48, 0x5627, // 0x40E0 (16608) pixels
    0x4E49, 0x4E4A, 0x4E27, 0x5628, 0x5628, 0x4E67, 0x4646, 0x4E68, 0x5609, 0x5DC8, 0x4E0A, 0x5649, 0x5668, 0x45C8, 0x1BE5, 0x0203, // 0x40F0 (16624) pixels
    0x0903, 0x0801, 0x6BC7, 0xC767, 0xB741, 0xBF65, 0xAE69, 0x74A7, 0x5C63, 0x2B42, 0x2366, 0x3BE8, 0x2C26, 0x2467, 0x2287, 0x0802, // 0x4100 (16640) pixels
    0x0080, 0x668D, 0xA7CF, 0x76CB, 0x4DE7, 0x4DE8, 0x5609, 0x55E8, 0x4E28, 0x4E28, 0x4E09, 0x4E09, 0x4E09, 0x4E09, 0x4E09, 0x4E09, // 0x4110 (16656) pixels
    0x4E09, 0x4E09, 0x5608, 0x5609, 0x4E29, 0x4608, 0x3D87, 0x2426, 0x02A6, 0x0208, 0x0924, 0x0000, 0x0986, 0x1BAA, 0x2CA9, 0x564A, // 0x4120 (16672) pixels
    0x4608, 0x5DEA, 0x4E07, 0x5629, 0x55E9, 0x5DE9, 0x5E08, 0x5607, 0x5628, 0x4DE8, 0x2C67, 0x1BE6, 0x1C28, 0x0CA9, 0x2489, 0x4429, // 0x4130 (16688) pixels
    0x3284, 0x7966, 0xA060, 0x90C2, 0x1800, 0x0800, 0x0821, 0x0922, 0x1941, 0x3BE7, 0x6F2C, 0x564B, 0x3528, 0x4E0A, 0x4E6A, 0x4E09, // 0x4140 (16704) pixels
    0x2C88, 0x0AE7, 0x0081, 0x0000, 0x0000, 0x0000, 0x0000, 0x0000, 0x0000, 0x0000, 0x0000, 0x0000, 0x0000, 0x0000, 0x0000, 0x0000, // 0x4150 (16720) pixels
    0x0000, 0x0000, 0x0000, 0x0000, 0x0000, 0x0000, 0x0000, 0x0000, 0x0000, 0x0000, 0x0000, 0x0000, 0x0000, 0x0000, 0x0000, 0x0000, // 0x4160 (16736) pixels
    0x0000, 0x0000, 0x0000, 0x0000, 0x0000, 0x0000, 0x0000, 0x0000, 0x0000, 0x0000, 0x0000, 0x0000, 0x0000, 0x0000, 0x0000, 0x0000, // 0x4170 (16752) pixels
    0x0000, 0x0000, 0x0000, 0x0000, 0x0000, 0x0000, 0x0000, 0x0000, 0x0000, 0x0000, 0x0000, 0x0000, 0x0000, 0x0000, 0x0000, 0x0000, // 0x4180 (16768) pixels
    0x0000, 0x0000, 0x0000, 0x0000, 0x0000, 0x0000, 0x0000, 0x0000, 0x0000, 0x0000, 0x0000, 0x0020, 0x0000, 0x0000, 0xAD55, 0xFFFF, // 0x4190 (16784) pixels
    0x4268, 0x0000, 0x0001, 0x0022, 0x0041, 0x0964, 0x3349, 0x44CC, 0x4DCA, 0x4DEA, 0x55CB, 0x4DAB, 0x4DAA, 0x4DE9, 0x5628, 0x5668, // 0x41A0 (16800) pixels
    0x4E06, 0x55E9, 0x5E4B, 0x5647, 0x4E05, 0x4E47, 0x5689, 0x4E46, 0x4648, 0x3E07, 0x45EA, 0x552C, 0x3329, 0x0041, 0x0000, 0x1902, // 0x41B0 (16816) pixels
    0xC728, 0xE7E8, 0xE7E7, 0xE7E8, 0xE7EA, 0xDFEC, 0xBF2C, 0x3B41, 0x00C6, 0x08E7, 0x0926, 0x1185, 0x10C4, 0x0803, 0x0101, 0x666D, // 0x41C0 (16832) pixels
    0x9F8F, 0x6E6A, 0x5608, 0x5649, 0x5609, 0x55E9, 0x4E29, 0x4E29, 0x5627, 0x5609, 0x4E0A, 0x4E0A, 0x4E28, 0x5647, 0x5647, 0x5627, // 0x41D0 (16848) pixels
    0x5646, 0x5E27, 0x34A7, 0x1C29, 0x1408, 0x23EB, 0x09E7, 0x0020, 0x0001, 0x0021, 0x11C7, 0x2B89, 0x34A8, 0x4E0A, 0x4E28, 0x4627, // 0x41E0 (16864) pixels
    0x5608, 0x5628, 0x4E27, 0x4E07, 0x4E28, 0x5629, 0x55C9, 0x55AA, 0x1C28, 0x2449, 0x1407, 0x3507, 0x5E4A, 0x668B, 0x454B, 0x0346, // 0x41F0 (16880) pixels
    0x0061, 0x0040, 0x00A0, 0x0040, 0x0120, 0x442B, 0x4D8E, 0x24E9, 0x25C6, 0x4E69, 0x5E69, 0x4E26, 0x4625, 0x568A, 0x34CA, 0x0A86, // 0x4200 (16896) pixels
    0x0020, 0x0020, 0x0000, 0x0000, 0x0000, 0x0000, 0x0000, 0x0000, 0x0000, 0x0000, 0x0000, 0x0000, 0x0000, 0x0000, 0x0000, 0x0000, // 0x4210 (16912) pixels
    0x0000, 0x0000, 0x0000, 0x0000, 0x0000, 0x0000, 0x0000, 0x0000, 0x0000, 0x0000, 0x0000, 0x0000, 0x0000, 0x0000, 0x0000, 0x0000, // 0x4220 (16928) pixels
    0x0000, 0x0000, 0x0000, 0x0000, 0x0000, 0x0000, 0x0000, 0x0000, 0x0000, 0x0000, 0x0000, 0x0000, 0x0000, 0x0000, 0x0000, 0x0000, // 0x4230 (16944) pixels
    0x0000, 0x0000, 0x0000, 0x0000, 0x0000, 0x0000, 0x0000, 0x0000, 0x0000, 0x0000, 0x0000, 0x0000, 0x0000, 0x0000, 0x0000, 0x0000, // 0x4240 (16960) pixels
    0x0000, 0x0000, 0x0000, 0x0000, 0x0000, 0x0000, 0x0000, 0x0000, 0x0000, 0x0000, 0x0000, 0x0000, 0x738E, 0xAD55, 0x31E7, 0x0020, // 0x4250 (16976) pixels
    0x2925, 0x0061, 0x11C6, 0x2B6A, 0x3C4C, 0x2348, 0x1AC3, 0x1AC4, 0x1AA4, 0x12C5, 0x1B46, 0x3428, 0x454A, 0x55CB, 0x5E2A, 0x55CC, // 0x4260 (16992) pixels
    0x55CC, 0x5E2B, 0x5E29, 0x55EA, 0x55EA, 0x5E2A, 0x4E2C, 0x3D6A, 0x2C68, 0x33C9, 0x2246, 0x00A0, 0x1981, 0x2A41, 0xAE88, 0xCF68, // 0x4270 (17008) pixels
    0xE7E9, 0xE7A7, 0xDF86, 0xE7E9, 0xD78A, 0x8543, 0x3240, 0x2182, 0x00A2, 0x0062, 0x0002, 0x0802, 0x0121, 0x664D, 0x9FAF, 0x6E6A, // 0x4280 (17024) pixels
    0x4DC7, 0x4DC8, 0x5609, 0x5609, 0x4E08, 0x4E29, 0x5628, 0x5609, 0x4DE8, 0x4DE8, 0x5609, 0x55EA, 0x4D6A, 0x554D, 0x4D6A, 0x456B, // 0x4290 (17040) pixels
    0x1C49, 0x1BC9, 0x1B48, 0x2AC9, 0x1146, 0x0023, 0x00E5, 0x11A6, 0x1248, 0x12E7, 0x2409, 0x4D8C, 0x45A9, 0x4DE8, 0x4DE8, 0x4DE8, // 0x42A0 (17056) pixels
    0x5609, 0x5609, 0x5629, 0x5629, 0x4E09, 0x4E29, 0x3D29, 0x3D29, 0x3529, 0x4568, 0x4DE9, 0x4DEA, 0x350A, 0x1BEA, 0x2B8B, 0x2B69, // 0x42B0 (17072) pixels
    0x4C4A, 0x4448, 0x2BC6, 0x3449, 0x2489, 0x1468, 0x1D05, 0x45E9, 0x5628, 0x5E48, 0x5648, 0x55CA, 0x33E8, 0x2267, 0x0020, 0x0000, // 0x42C0 (17088) pixels
    0x0000, 0x0000, 0x0000, 0x0000, 0x0000, 0x0000, 0x0000, 0x0000, 0x0000, 0x0000, 0x0000, 0x0000, 0x0000, 0x0000, 0x0000, 0x0000, // 0x42D0 (17104) pixels
    0x0000, 0x0000, 0x0000, 0x0000, 0x0000, 0x0000, 0x0000, 0x0000, 0x0000, 0x0000, 0x0000, 0x0000, 0x0000, 0x0000, 0x0000, 0x0000, // 0x42E0 (17120) pixels
    0x0000, 0x0000, 0x0000, 0x0000, 0x0000, 0x0000, 0x0000, 0x0000, 0x0000, 0x0000, 0x0000, 0x0000, 0x0000, 0x0000, 0x0000, 0x0000, // 0x42F0 (17136) pixels
    0x0000, 0x0000, 0x0000, 0x0000, 0x0000, 0x0000, 0x0000, 0x0000, 0x0000, 0x0000, 0x0000, 0x0000, 0x0000, 0x0000, 0x0000, 0x0000, // 0x4300 (17152) pixels
    0x0000, 0x0000, 0x0000, 0x0000, 0x0000, 0x0000, 0x0000, 0x0020, 0x0020, 0x0000, 0x0020, 0x0000, 0x0000, 0x4269, 0xEF9D, 0x3206, // 0x4310 (17168) pixels
    0x0204, 0x2C2B, 0x23CA, 0x0142, 0x0020, 0x0000, 0x0000, 0x0020, 0x00C2, 0x09E5, 0x2329, 0x33EB, 0x2447, 0x2C6A, 0x242A, 0x2469, // 0x4320 (17184) pixels
    0x2CA8, 0x34A9, 0x2C69, 0x3489, 0x3C8C, 0x23CA, 0x01A3, 0x00A1, 0x0060, 0x1120, 0x6468, 0x6506, 0x6CA3, 0x8565, 0xD78A, 0xE7E8, // 0x4330 (17200) pixels
    0xE7C6, 0xE7E8, 0xDFE8, 0xD7A8, 0xDFE8, 0x9D68, 0x21A2, 0x0020, 0x0001, 0x0801, 0x0921, 0x664D, 0x9FAE, 0x7F0C, 0x666A, 0x4DC8, // 0x4340 (17216) pixels
    0x4DE8, 0x5629, 0x4DE8, 0x4E08, 0x55E9, 0x55E9, 0x5609, 0x5629, 0x5E4A, 0x4D8A, 0x23E8, 0x1B8A, 0x1B88, 0x1BCB, 0x13CA, 0x1B49, // 0x4350 (17232) pixels
    0x0924, 0x0822, 0x0002, 0x0004, 0x09C7, 0x1AA9, 0x1AE9, 0x0AC8, 0x0B0A, 0x1328, 0x1365, 0x4D09, 0x4E49, 0x4E49, 0x562A, 0x560A, // 0x4360 (17248) pixels
    0x560A, 0x564A, 0x5629, 0x5649, 0x5649, 0x4DE9, 0x560A, 0x5609, 0x5609, 0x4DC9, 0x2CA9, 0x1C2A, 0x1C4B, 0x2489, 0x4DEB, 0x666B, // 0x4370 (17264) pixels
    0x4588, 0x2C87, 0x1C07, 0x2C8A, 0x3D48, 0x5609, 0x55E7, 0x5609, 0x5DEB, 0x3C08, 0x0141, 0x0020, 0x0020, 0x0000, 0x0000, 0x0000, // 0x4380 (17280) pixels
    0x0000, 0x0000, 0x0000, 0x0000, 0x0000, 0x0000, 0x0000, 0x0000, 0x0000, 0x0000, 0x0000, 0x0000, 0x0000, 0x0000, 0x0000, 0x0000, // 0x4390 (17296) pixels
    0x0000, 0x0000, 0x0000, 0x0000, 0x0000, 0x0000, 0x0000, 0x0000, 0x0000, 0x0000, 0x0000, 0x0000, 0x0000, 0x0000, 0x0000, 0x0000, // 0x43A0 (17312) pixels
    0x0000, 0x0000, 0x0000, 0x0000, 0x0000, 0x0000, 0x0000, 0x0000, 0x0000, 0x0000, 0x0000, 0x0000, 0x0000, 0x0000, 0x0000, 0x0000, // 0x43B0 (17328) pixels
    0x0000, 0x0000, 0x0000, 0x0000, 0x0000, 0x0000, 0x0000, 0x0000, 0x0000, 0x0000, 0x0000, 0x0000, 0x0000, 0x0000, 0x0000, 0x0000, // 0x43C0 (17344) pixels
    0x0000, 0x0000, 0x0000, 0x0000, 0x0020, 0x0000, 0x0000, 0x0000, 0x0000, 0x0000, 0x0001, 0x52CB, 0xF7FE, 0x5BEB, 0x3388, 0x12E6, // 0x43D0 (17360) pixels
    0x0A05, 0x0081, 0x0800, 0x0801, 0x0801, 0x0002, 0x0002, 0x0083, 0x0945, 0x11A6, 0x0A85, 0x1B08, 0x12E9, 0x1B09, 0x1B08, 0x2329, // 0x43E0 (17376) pixels
    0x1AC9, 0x2B0A, 0x2B0B, 0x2ACA, 0x0104, 0x0002, 0x0000, 0x2161, 0x74E8, 0x5503, 0x5C83, 0x64A4, 0xA669, 0xC748, 0xD7A8, 0xD769, // 0x43F0 (17392) pixels
    0xD78A, 0xDFEA, 0xE7E7, 0xA606, 0x3AC1, 0x19C2, 0x10E4, 0x0001, 0x0100, 0x5E0B, 0xAFF0, 0x9FEF, 0x876E, 0x5E6A, 0x4DE8, 0x5629, // 0x4400 (17408) pixels
    0x4E07, 0x4E07, 0x5DEA, 0x55EA, 0x5609, 0x4E28, 0x5648, 0x45A8, 0x1C26, 0x13A7, 0x3349, 0x1AC9, 0x2B2A, 0x32C9, 0x0042, 0x0000, // 0x4410 (17424) pixels
    0x0881, 0x0082, 0x0A86, 0x12C8, 0x0AA8, 0x0288, 0x028A, 0x0227, 0x0A86, 0x548C, 0x4DE9, 0x564A, 0x564A, 0x4E29, 0x4608, 0x4DE8, // 0x4420 (17440) pixels
    0x55E8, 0x55C8, 0x5628, 0x45C7, 0x4E08, 0x4E08, 0x5608, 0x4DC8, 0x2CC7, 0x2468, 0x1C88, 0x24E7, 0x45E8, 0x5648, 0x4DC8, 0x3D28, // 0x4430 (17456) pixels
    0x3CE9, 0x556C, 0x5E0A, 0x5E69, 0x4E07, 0x560A, 0x5DCE, 0x3BAA, 0x08E3, 0x0000, 0x0000, 0x0000, 0x0000, 0x0000, 0x0000, 0x0000, // 0x4440 (17472) pixels
    0x0000, 0x0000, 0x0000, 0x0000, 0x0000, 0x0000, 0x0000, 0x0000, 0x0000, 0x0000, 0x0000, 0x0000, 0x0000, 0x0000, 0x0000, 0x0000, // 0x4450 (17488) pixels
    0x0000, 0x0000, 0x0000, 0x0000, 0x0000, 0x0000, 0x0000, 0x0000, 0x0000, 0x0000, 0x0000, 0x0000, 0x0000, 0x0000, 0x0000, 0x0000, // 0x4460 (17504) pixels
    0x0000, 0x0000, 0x0000, 0x0000, 0x0000, 0x0000, 0x0000, 0x0000, 0x0000, 0x0000, 0x0000, 0x0000, 0x0000, 0x0000, 0x0000, 0x0000, // 0x4470 (17520) pixels
    0x0000, 0x0000, 0x0000, 0x0000, 0x0000, 0x0000, 0x0000, 0x0000, 0x0000, 0x0000, 0x0000, 0x0000, 0x0000, 0x0000, 0x0000, 0x0000, // 0x4480 (17536) pixels
    0x0000, 0x0000, 0x0020, 0x0000, 0x0000, 0x0020, 0x0000, 0x0020, 0x0001, 0x1041, 0x3A46, 0x9E13, 0xBF58, 0x00E0, 0x0020, 0x0001, // 0x4490 (17552) pixels
    0x0000, 0x0000, 0x0000, 0x0000, 0x0000, 0x0000, 0x0000, 0x0021, 0x0040, 0x0082, 0x0083, 0x08A4, 0x0061, 0x0061, 0x0041, 0x0064, // 0x44A0 (17568) pixels
    0x0061, 0x00A2, 0x0022, 0x0002, 0x1002, 0x2102, 0x6408, 0x54A5, 0x6545, 0x5CC4, 0x5CC3, 0x64E0, 0x7D62, 0x7D44, 0x8565, 0x8543, // 0x44B0 (17584) pixels
    0x8563, 0x7D24, 0x64A4, 0x64E8, 0x42C8, 0x0002, 0x0121, 0x668C, 0xA7EF, 0x7EEB, 0x6629, 0x4DC7, 0x4DE8, 0x5629, 0x4E08, 0x4DE7, // 0x44C0 (17600) pixels
    0x5627, 0x4E08, 0x4E29, 0x4E28, 0x4E47, 0x4E48, 0x4E09, 0x4DEB, 0x3328, 0x0061, 0x0000, 0x0841, 0x0020, 0x2244, 0x5C46, 0x4BE4, // 0x44D0 (17616) pixels
    0x3406, 0x33E8, 0x238A, 0x0AA9, 0x0268, 0x0247, 0x01E6, 0x0A06, 0x2306, 0x33E7, 0x34C7, 0x45E8, 0x4E88, 0x4E47, 0x5648, 0x5E28, // 0x44E0 (17632) pixels
    0x5608, 0x5609, 0x5629, 0x5629, 0x5628, 0x5628, 0x4DE8, 0x4DC9, 0x4DA9, 0x55E9, 0x5628, 0x4E08, 0x4E09, 0x560A, 0x55EA, 0x5E2A, // 0x44F0 (17648) pixels
    0x5608, 0x5668, 0x4627, 0x3548, 0x2C09, 0x11E5, 0x0061, 0x0800, 0x0000, 0x0000, 0x0000, 0x0000, 0x0000, 0x0000, 0x0000, 0x0000, // 0x4500 (17664) pixels
    0x0000, 0x0000, 0x0000, 0x0000, 0x0000, 0x0000, 0x0000, 0x0000, 0x0000, 0x0000, 0x0000, 0x0000, 0x0000, 0x0000, 0x0000, 0x0000, // 0x4510 (17680) pixels
    0x0000, 0x0000, 0x0000, 0x0000, 0x0000, 0x0000, 0x0000, 0x0000, 0x0000, 0x0000, 0x0000, 0x0000, 0x0000, 0x0000, 0x0000, 0x0000, // 0x4520 (17696) pixels
    0x0000, 0x0000, 0x0000, 0x0000, 0x0000, 0x0000, 0x0000, 0x0000, 0x0000, 0x0000, 0x0000, 0x0000, 0x0000, 0x0000, 0x0000, 0x0000, // 0x4530 (17712) pixels
    0x0000, 0x0000, 0x0000, 0x0000, 0x0000, 0x0000, 0x0000, 0x0000, 0x0000, 0x0000, 0x0000, 0x0000, 0x0000, 0x0000, 0x0020, 0x0000, // 0x4540 (17728) pixels
    0x0000, 0x0000, 0x0020, 0x0020, 0x0000, 0x0000, 0x0000, 0x0800, 0x0000, 0x8531, 0xB676, 0x1060, 0x0800, 0x0000, 0x0020, 0x0020, // 0x4550 (17744) pixels
    0x0020, 0x0020, 0x0000, 0x0000, 0x0000, 0x0020, 0x0000, 0x0800, 0x0000, 0x0001, 0x0000, 0x29E5, 0x2A26, 0x00E4, 0x0123, 0x0144, // 0x4560 (17760) pixels
    0x0104, 0x0063, 0x0002, 0x0000, 0x1962, 0x2201, 0x64C4, 0x6D26, 0x6505, 0x5CC3, 0x64E3, 0x5C83, 0x64C4, 0x5CA3, 0x5C66, 0x64C5, // 0x4570 (17776) pixels
    0x5D03, 0x6DA7, 0x32C5, 0x0002, 0x0122, 0x5E2C, 0x9FCF, 0x7ECB, 0x5E08, 0x5608, 0x5629, 0x4E29, 0x5629, 0x5629, 0x5E67, 0x5648, // 0x4580 (17792) pixels
    0x5649, 0x5649, 0x4E27, 0x4E07, 0x5629, 0x5E2A, 0x3B88, 0x0080, 0x0000, 0x0000, 0x0081, 0x43A6, 0x6D45, 0x6D61, 0x54A3, 0x3C24, // 0x4590 (17808) pixels
    0x2BA7, 0x1B27, 0x1B28, 0x1B09, 0x1268, 0x0145, 0x0065, 0x0945, 0x0A43, 0x3487, 0x5E4A, 0x5649, 0x4E28, 0x5649, 0x4DE8, 0x562A, // 0x45A0 (17824) pixels
    0x5609, 0x4DE9, 0x4DE7, 0x4E07, 0x5628, 0x4E08, 0x55C8, 0x5628, 0x5628, 0x4DE8, 0x4E2A, 0x564B, 0x4E49, 0x4E47, 0x5627, 0x4608, // 0x45B0 (17840) pixels
    0x460A, 0x2CC9, 0x12C6, 0x00A1, 0x0000, 0x0000, 0x0000, 0x0000, 0x0000, 0x0000, 0x0000, 0x0000, 0x0000, 0x0000, 0x0000, 0x0000, // 0x45C0 (17856) pixels
    0x0000, 0x0000, 0x0000, 0x0000, 0x0000, 0x0000, 0x0000, 0x0000, 0x0000, 0x0000, 0x0000, 0x0000, 0x0000, 0x0000, 0x0000, 0x0000, // 0x45D0 (17872) pixels
    0x0000, 0x0000, 0x0000, 0x0000, 0x0000, 0x0000, 0x0000, 0x0000, 0x0000, 0x0000, 0x0000, 0x0000, 0x0000, 0x0000, 0x0000, 0x0000, // 0x45E0 (17888) pixels
    0x0000, 0x0000, 0x0000, 0x0000, 0x0000, 0x0000, 0x0000, 0x0000, 0x0000, 0x0000, 0x0000, 0x0000, 0x0000, 0x0000, 0x0000, 0x0000, // 0x45F0 (17904) pixels
    0x0000, 0x0000, 0x0000, 0x0000, 0x0000, 0x0000, 0x0000, 0x0000, 0x0000, 0x0000, 0x0000, 0x0000, 0x0000, 0x0000, 0x0000, 0x0000, // 0x4600 (17920) pixels
    0x0000, 0x0000, 0x0000, 0x0000, 0x0000, 0x0840, 0x0000, 0x0881, 0x1103, 0x0040, 0x0000, 0x0800, 0x0020, 0x0000, 0x0000, 0x0000, // 0x4610 (17936) pixels
    0x0000, 0x0000, 0x0000, 0x0000, 0x0000, 0x0020, 0x0020, 0x0000, 0x0080, 0x64CB, 0x7E2F, 0x23E8, 0x1A69, 0x1AC9, 0x1AE9, 0x1247, // 0x4620 (17952) pixels
    0x1186, 0x0042, 0x0020, 0x0040, 0x4B45, 0x6407, 0x6C88, 0x6487, 0x6D07, 0x64E5, 0x5CC4, 0x5CC4, 0x6CC6, 0x64C5, 0x54C2, 0x6545, // 0x4630 (17968) pixels
    0x3283, 0x0001, 0x00C2, 0x2C07, 0x5568, 0x86ED, 0x8F4E, 0x6E8A, 0x4DE7, 0x45E8, 0x562A, 0x55CA, 0x5D4B, 0x552A, 0x4CE9, 0x5DCA, // 0x4640 (17984) pixels
    0x664A, 0x55E7, 0x5608, 0x5E09, 0x4D29, 0x33E6, 0x32E7, 0x00A3, 0x0040, 0x1981, 0x2260, 0x5C81, 0x9646, 0x6503, 0x4443, 0x33E5, // 0x4650 (18000) pixels
    0x33C8, 0x2389, 0x1B09, 0x0A47, 0x01A8, 0x09A7, 0x0185, 0x1A46, 0x3B88, 0x33A7, 0x2385, 0x3448, 0x5629, 0x562A, 0x560A, 0x562A, // 0x4660 (18016) pixels
    0x5629, 0x5629, 0x5628, 0x4E07, 0x4DE8, 0x5608, 0x5628, 0x5628, 0x5629, 0x4E4A, 0x4E48, 0x4E47, 0x5609, 0x2D08, 0x24AB, 0x23EB, // 0x4670 (18032) pixels
    0x1A47, 0x0061, 0x0000, 0x0000, 0x0000, 0x0000, 0x0000, 0x0000, 0x0000, 0x0000, 0x0000, 0x0000, 0x0000, 0x0000, 0x0000, 0x0000, // 0x4680 (18048) pixels
    0x0000, 0x0000, 0x0000, 0x0000, 0x0000, 0x0000, 0x0000, 0x0000, 0x0000, 0x0000, 0x0000, 0x0000, 0x0000, 0x0000, 0x0000, 0x0000, // 0x4690 (18064) pixels
    0x0000, 0x0000, 0x0000, 0x0000, 0x0000, 0x0000, 0x0000, 0x0000, 0x0000, 0x0000, 0x0000, 0x0000, 0x0000, 0x0000, 0x0000, 0x0000, // 0x46A0 (18080) pixels
    0x0000, 0x0000, 0x0000, 0x0000, 0x0000, 0x0000, 0x0000, 0x0000, 0x0000, 0x0000, 0x0000, 0x0000, 0x0000, 0x0000, 0x0000, 0x0000, // 0x46B0 (18096) pixels
    0x0000, 0x0000, 0x0000, 0x0000, 0x0000, 0x0000, 0x0000, 0x0000, 0x0000, 0x0000, 0x0020, 0x0000, 0x0000, 0x0000, 0x0000, 0x0000, // 0x46C0 (18112) pixels
    0x0020, 0x0000, 0x0020, 0x0000, 0x0000, 0x0800, 0x0000, 0x0040, 0x0020, 0x0800, 0x0001, 0x0001, 0x0000, 0x0800, 0x0000, 0x0000, // 0x46D0 (18128) pixels
    0x0000, 0x0000, 0x0001, 0x0000, 0x0020, 0x0020, 0x0080, 0x54E7, 0x7F2E, 0x3D89, 0x12CA, 0x0AE9, 0x0308, 0x0B09, 0x1ACA, 0x00E5, // 0x46E0 (18144) pixels
    0x0001, 0x0021, 0x0001, 0x0060, 0x0900, 0x0920, 0x4365, 0x7547, 0x7545, 0x6D05, 0x6D23, 0x6D04, 0x6504, 0x6547, 0x3242, 0x1001, // 0x46F0 (18160) pixels
    0x0882, 0x1284, 0x1BA2, 0x974F, 0xAFF1, 0x6EAA, 0x4DE7, 0x566A, 0x562B, 0x2465, 0x00A2, 0x00A2, 0x0100, 0x2B85, 0x5DC9, 0x5607, // 0x4700 (18176) pixels
    0x5608, 0x5608, 0x4627, 0x568A, 0x4D4C, 0x0164, 0x0000, 0x0800, 0x0000, 0x6C28, 0xB6E7, 0x9E66, 0x75A5, 0x4C84, 0x2BC7, 0x1B28, // 0x4710 (18192) pixels
    0x1B49, 0x1B29, 0x0BEA, 0x1BAB, 0x1249, 0x0064, 0x0003, 0x0003, 0x0042, 0x2208, 0x5608, 0x5608, 0x5609, 0x560A, 0x562A, 0x562A, // 0x4720 (18208) pixels
    0x564A, 0x5E4A, 0x5E4C, 0x5E4A, 0x5E48, 0x5E48, 0x5E49, 0x5E29, 0x5E49, 0x5648, 0x55AB, 0x13C7, 0x02E9, 0x128A, 0x19A7, 0x0021, // 0x4730 (18224) pixels
    0x0000, 0x0020, 0x0000, 0x0000, 0x0000, 0x0000, 0x0000, 0x0000, 0x0000, 0x0000, 0x0000, 0x0000, 0x0000, 0x0000, 0x0000, 0x0000, // 0x4740 (18240) pixels
    0x0000, 0x0000, 0x0000, 0x0000, 0x0000, 0x0000, 0x0000, 0x0000, 0x0000, 0x0000, 0x0000, 0x0000, 0x0000, 0x0000, 0x0000, 0x0000, // 0x4750 (18256) pixels
    0x0000, 0x0000, 0x0000, 0x0000, 0x0000, 0x0000, 0x0000, 0x0000, 0x0000, 0x0000, 0x0000, 0x0000, 0x0000, 0x0000, 0x0000, 0x0000, // 0x4760 (18272) pixels
    0x0000, 0x0000, 0x0000, 0x0000, 0x0000, 0x0000, 0x0000, 0x0000, 0x0000, 0x0000, 0x0000, 0x0000, 0x0000, 0x0000, 0x0000, 0x0000, // 0x4770 (18288) pixels
    0x0000, 0x0000, 0x0000, 0x0000, 0x0000, 0x0000, 0x0000, 0x0000, 0x0000, 0x0000, 0x0000, 0x0000, 0x0000, 0x0000, 0x0000, 0x0000, // 0x4780 (18304) pixels
    0x0000, 0x0000, 0x0000, 0x0000, 0x0000, 0x0000, 0x0000, 0x0000, 0x0000, 0x0000, 0x0000, 0x0000, 0x0000, 0x0000, 0x0000, 0x0000, // 0x4790 (18320) pixels
    0x0000, 0x0000, 0x0801, 0x0000, 0x0040, 0x1AA5, 0x3CEA, 0x358A, 0x1BAA, 0x0B08, 0x0AE8, 0x12C9, 0x1289, 0x1A8A, 0x1229, 0x01A6, // 0x47A0 (18336) pixels
    0x0044, 0x0023, 0x0001, 0x0040, 0x2183, 0x42C6, 0x4B26, 0x4B04, 0x4B06, 0x6466, 0x6D64, 0x5D02, 0x5C24, 0x1140, 0x0000, 0x0824, // 0x47B0 (18352) pixels
    0x0A40, 0x8ECE, 0xA7F0, 0x668A, 0x4E28, 0x45E7, 0x560B, 0x1C07, 0x0164, 0x0165, 0x0184, 0x2B68, 0x5D8A, 0x5E28, 0x5628, 0x4E28, // 0x47C0 (18368) pixels
    0x5E28, 0x5628, 0x4587, 0x2CA7, 0x1325, 0x0A05, 0x0924, 0x2966, 0x6BE4, 0x7CE7, 0x5C81, 0xA6C6, 0xA645, 0x8526, 0x546A, 0x1B89, // 0x47D0 (18384) pixels
    0x23A7, 0x2B88, 0x2328, 0x0285, 0x02A5, 0x0AC7, 0x09E6, 0x1124, 0x1A45, 0x2286, 0x1205, 0x0A24, 0x1AA5, 0x3C08, 0x3C47, 0x3C46, // 0x47E0 (18400) pixels
    0x3C49, 0x3C28, 0x3C07, 0x4407, 0x3C07, 0x2C07, 0x1406, 0x0C06, 0x138A, 0x1B29, 0x1206, 0x0020, 0x0000, 0x0000, 0x0000, 0x0000, // 0x47F0 (18416) pixels
    0x0000, 0x0000, 0x0000, 0x0000, 0x0000, 0x0000, 0x0000, 0x0000, 0x0000, 0x0000, 0x0000, 0x0000, 0x0000, 0x0000, 0x0000, 0x0000, // 0x4800 (18432) pixels
    0x0000, 0x0000, 0x0000, 0x0000, 0x0000, 0x0000, 0x0000, 0x0000, 0x0000, 0x0000, 0x0000, 0x0000, 0x0000, 0x0000, 0x0000, 0x0000, // 0x4810 (18448) pixels
    0x0000, 0x0000, 0x0000, 0x0000, 0x0000, 0x0000, 0x0000, 0x0000, 0x0000, 0x0000, 0x0000, 0x0000, 0x0000, 0x0000, 0x0000, 0x0000, // 0x4820 (18464) pixels
    0x0000, 0x0000, 0x0000, 0x0000, 0x0000, 0x0000, 0x0000, 0x0000, 0x0000, 0x0000, 0x0000, 0x0000, 0x0000, 0x0000, 0x0000, 0x0000, // 0x4830 (18480) pixels
    0x0000, 0x0000, 0x0000, 0x0000, 0x0000, 0x0000, 0x0000, 0x0000, 0x0000, 0x0000, 0x0000, 0x0000, 0x0000, 0x0000, 0x0000, 0x0000, // 0x4840 (18496) pixels
    0x0000, 0x0000, 0x0000, 0x0000, 0x0000, 0x0000, 0x0000, 0x0000, 0x0000, 0x0000, 0x0000, 0x0000, 0x0000, 0x0000, 0x0020, 0x0000, // 0x4850 (18512) pixels
    0x0000, 0x0000, 0x0020, 0x0182, 0x2387, 0x34A9, 0x3C8D, 0x23CA, 0x0AE8, 0x12C9, 0x12EA, 0x1AAA, 0x1289, 0x1248, 0x0966, 0x00E5, // 0x4860 (18528) pixels
    0x0021, 0x0000, 0x0020, 0x0040, 0x0020, 0x0020, 0x0080, 0x3263, 0x5C86, 0x6CE7, 0x74A9, 0x31E4, 0x0021, 0x0001, 0x0120, 0x5D4B, // 0x4870 (18544) pixels
    0x666A, 0x5647, 0x66C9, 0x5607, 0x4DA9, 0x2C88, 0x33A9, 0x2B89, 0x2368, 0x3C6A, 0x5DCA, 0x5608, 0x5608, 0x5609, 0x55E9, 0x5629, // 0x4880 (18560) pixels
    0x5E4A, 0x5E2C, 0x554C, 0x3BEA, 0x09A4, 0x0080, 0x0020, 0x0020, 0x0920, 0xAE49, 0xEFEA, 0xDFE9, 0x9EA7, 0x54C3, 0x4CA8, 0x33C8, // 0x4890 (18576) pixels
    0x2B8B, 0x33ED, 0x23EB, 0x23EA, 0x1B8A, 0x01E6, 0x00C5, 0x00A4, 0x0084, 0x00C4, 0x0063, 0x0084, 0x0085, 0x0065, 0x0084, 0x0063, // 0x48A0 (18592) pixels
    0x0083, 0x0063, 0x0043, 0x00A4, 0x0927, 0x1168, 0x12A8, 0x1A87, 0x11A5, 0x0040, 0x0020, 0x0000, 0x0000, 0x0000, 0x0000, 0x0000, // 0x48B0 (18608) pixels
    0x0000, 0x0000, 0x0000, 0x0000, 0x0000, 0x0000, 0x0000, 0x0000, 0x0000, 0x0000, 0x0000, 0x0000, 0x0000, 0x0000, 0x0000, 0x0000, // 0x48C0 (18624) pixels
    0x0000, 0x0000, 0x0000, 0x0000, 0x0000, 0x0000, 0x0000, 0x0000, 0x0000, 0x0000, 0x0000, 0x0000, 0x0000, 0x0000, 0x0000, 0x0000, // 0x48D0 (18640) pixels
    0x0000, 0x0000, 0x0000, 0x0000, 0x0000, 0x0000, 0x0000, 0x0000, 0x0000, 0x0000, 0x0000, 0x0000, 0x0000, 0x0000, 0x0000, 0x0000, // 0x48E0 (18656) pixels
    0x0000, 0x0000, 0x0000, 0x0000, 0x0000, 0x0000, 0x0000, 0x0000, 0x0000, 0x0000, 0x0000, 0x0000, 0x0000, 0x0000, 0x0000, 0x0000, // 0x48F0 (18672) pixels
    0x0000, 0x0000, 0x0000, 0x0000, 0x0000, 0x0000, 0x0000, 0x0000, 0x0000, 0x0000, 0x0000, 0x0000, 0x0000, 0x0000, 0x0000, 0x0000, // 0x4900 (18688) pixels
    0x0000, 0x0000, 0x0000, 0x0000, 0x0000, 0x0000, 0x0000, 0x0000, 0x0000, 0x0000, 0x0000, 0x0000, 0x0020, 0x0000, 0x0000, 0x0000, // 0x4910 (18704) pixels
    0x0000, 0x0060, 0x0182, 0x1244, 0x0AA6, 0x2369, 0x1329, 0x0AC8, 0x0AE9, 0x12C9, 0x1AE9, 0x12A9, 0x22AA, 0x1208, 0x0165, 0x0925, // 0x4920 (18720) pixels
    0x1145, 0x1105, 0x0042, 0x0001, 0x0001, 0x0060, 0x0900, 0x00E0, 0x1141, 0x0060, 0x0000, 0x0000, 0x1164, 0x3C0A, 0x34E7, 0x6F4B, // 0x4930 (18736) pixels
    0x97ED, 0x76AA, 0x55C9, 0x3DA9, 0x3D08, 0x450A, 0x34E9, 0x4549, 0x55C8, 0x4DE7, 0x4DC7, 0x5609, 0x560A, 0x5629, 0x4E08, 0x55E9, // 0x4940 (18752) pixels
    0x4D89, 0x4D0B, 0x2B67, 0x1265, 0x10E3, 0x0000, 0x18C0, 0xADA9, 0xEFE9, 0xE7E7, 0xD7E7, 0xC7A6, 0xBFAA, 0x7587, 0x3BC6, 0x33A8, // 0x4950 (18768) pixels
    0x2BC7, 0x2C27, 0x2448, 0x0388, 0x2B6A, 0x2329, 0x2B49, 0x2B49, 0x1246, 0x1226, 0x1228, 0x09E7, 0x1206, 0x0A26, 0x1267, 0x1289, // 0x4960 (18784) pixels
    0x1269, 0x2249, 0x1987, 0x0043, 0x00A1, 0x00A1, 0x0081, 0x0000, 0x0000, 0x0000, 0x0000, 0x0000, 0x0000, 0x0000, 0x0000, 0x0000, // 0x4970 (18800) pixels
    0x0000, 0x0000, 0x0000, 0x0000, 0x0000, 0x0000, 0x0000, 0x0000, 0x0000, 0x0000, 0x0000, 0x0000, 0x0000, 0x0000, 0x0000, 0x0000, // 0x4980 (18816) pixels
    0x0000, 0x0000, 0x0000, 0x0000, 0x0000, 0x0000, 0x0000, 0x0000, 0x0000, 0x0000, 0x0000, 0x0000, 0x0000, 0x0000, 0x0000, 0x0000, // 0x4990 (18832) pixels
    0x0000, 0x0000, 0x0000, 0x0000, 0x0000, 0x0000, 0x0000, 0x0000, 0x0000, 0x0000, 0x0000, 0x0000, 0x0000, 0x0000, 0x0000, 0x0000, // 0x49A0 (18848) pixels
    0x0000, 0x0000, 0x0000, 0x0000, 0x0000, 0x0000, 0x0000, 0x0000, 0x0000, 0x0000, 0x0000, 0x0000, 0x0000, 0x0000, 0x0000, 0x0000, // 0x49B0 (18864) pixels
    0x0000, 0x0000, 0x0000, 0x0000, 0x0000, 0x0000, 0x0000, 0x0000, 0x0000, 0x0000, 0x0000, 0x0000, 0x0000, 0x0000, 0x0000, 0x0000, // 0x49C0 (18880) pixels
    0x0000, 0x0000, 0x0000, 0x0000, 0x0000, 0x0000, 0x0000, 0x0000, 0x0000, 0x0000, 0x0000, 0x0000, 0x0000, 0x0000, 0x0000, 0x0000, // 0x49D0 (18896) pixels
    0x0020, 0x0040, 0x00E0, 0x2AE8, 0x2B4A, 0x0AE8, 0x0AE8, 0x02C8, 0x12E9, 0x0AC8, 0x1309, 0x12E9, 0x12A9, 0x1AA9, 0x2ACA, 0x2229, // 0x49E0 (18912) pixels
    0x0905, 0x0002, 0x0002, 0x0000, 0x0000, 0x0000, 0x0020, 0x0000, 0x0000, 0x0020, 0x0001, 0x0102, 0x0282, 0x6E8B, 0x8F8D, 0x76CB, // 0x49F0 (18928) pixels
    0x5629, 0x4E48, 0x4E47, 0x5669, 0x5629, 0x5629, 0x5648, 0x5627, 0x4E08, 0x562A, 0x4E09, 0x5628, 0x5627, 0x5606, 0x4DC7, 0x5E0A, // 0x4A00 (18944) pixels
    0x454A, 0x3CEA, 0x2229, 0x0002, 0x0801, 0x5A65, 0x6B85, 0x6BE5, 0x7446, 0x84A7, 0xD7C8, 0xBF47, 0xAEE5, 0xAEE5, 0xBF47, 0x9688, // 0x4A10 (18960) pixels
    0x3C86, 0x1C09, 0x1BC8, 0x1BE9, 0x1BEA, 0x1BCA, 0x13C9, 0x242A, 0x2C8B, 0x2C8B, 0x2CA9, 0x2CAA, 0x1C6A, 0x13E9, 0x23EB, 0x33CB, // 0x4A20 (18976) pixels
    0x1A66, 0x0060, 0x0000, 0x0000, 0x0000, 0x0000, 0x0020, 0x0000, 0x0000, 0x0000, 0x0000, 0x0000, 0x0000, 0x0000, 0x0000, 0x0000, // 0x4A30 (18992) pixels
    0x0000, 0x0000, 0x0000, 0x0000, 0x0000, 0x0000, 0x0000, 0x0000, 0x0000, 0x0000, 0x0000, 0x0000, 0x0000, 0x0000, 0x0000, 0x0000, // 0x4A40 (19008) pixels
    0x0000, 0x0000, 0x0000, 0x0000, 0x0000, 0x0000, 0x0000, 0x0000, 0x0000, 0x0000, 0x0000, 0x0000, 0x0000, 0x0000, 0x0000, 0x0000, // 0x4A50 (19024) pixels
    0x0000, 0x0000, 0x0000, 0x0000, 0x0000, 0x0000, 0x0000, 0x0000, 0x0000, 0x0000, 0x0000, 0x0000, 0x0000, 0x0000, 0x0000, 0x0000, // 0x4A60 (19040) pixels
    0x0000, 0x0000, 0x0000, 0x0000, 0x0000, 0x0000, 0x0000, 0x0000, 0x0000, 0x0000, 0x0000, 0x0000, 0x0000, 0x0000, 0x0000, 0x0000, // 0x4A70 (19056) pixels
    0x0000, 0x0000, 0x0000, 0x0000, 0x0000, 0x0000, 0x0000, 0x0000, 0x0000, 0x0000, 0x0000, 0x0000, 0x0000, 0x0000, 0x0000, 0x0000, // 0x4A80 (19072) pixels
    0x0000, 0x0000, 0x0000, 0x0000, 0x0000, 0x0000, 0x0000, 0x0000, 0x0000, 0x0000, 0x0000, 0x0000, 0x0000, 0x0801, 0x0000, 0x0000, // 0x4A90 (19088) pixels
    0x0060, 0x21C5, 0x1A26, 0x1288, 0x1B09, 0x12E9, 0x12E9, 0x0AE8, 0x12E8, 0x1329, 0x0B08, 0x0AE8, 0x12E9, 0x1AC9, 0x1268, 0x1228, // 0x4AA0 (19104) pixels
    0x10A3, 0x0000, 0x0000, 0x0000, 0x0000, 0x0000, 0x0020, 0x0020, 0x0801, 0x0000, 0x0102, 0x4408, 0x44A7, 0x55EB, 0x562A, 0x4E67, // 0x4AB0 (19120) pixels
    0x4E25, 0x4E47, 0x4E48, 0x4E28, 0x4E27, 0x4E28, 0x4E08, 0x4E09, 0x4E08, 0x5628, 0x5647, 0x5E67, 0x5627, 0x5649, 0x3D88, 0x3548, // 0x4AC0 (19136) pixels
    0x1B48, 0x0103, 0x0022, 0x0001, 0x0020, 0x0040, 0x0021, 0x0862, 0xBE69, 0xCF4A, 0xD789, 0xD787, 0xDF68, 0xBEA8, 0x85A6, 0x6567, // 0x4AD0 (19152) pixels
    0x75C8, 0x75A8, 0x6547, 0x5D08, 0x5D4A, 0x4CE9, 0x3C67, 0x44A8, 0x346A, 0x3C6B, 0x2328, 0x01A3, 0x0122, 0x1144, 0x08E2, 0x0020, // 0x4AE0 (19168) pixels
    0x0800, 0x0800, 0x0000, 0x0000, 0x0020, 0x0000, 0x0000, 0x0000, 0x0000, 0x0000, 0x0000, 0x0000, 0x0000, 0x0000, 0x0000, 0x0000, // 0x4AF0 (19184) pixels
    0x0000, 0x0000, 0x0000, 0x0000, 0x0000, 0x0000, 0x0000, 0x0000, 0x0000, 0x0000, 0x0000, 0x0000, 0x0000, 0x0000, 0x0000, 0x0000, // 0x4B00 (19200) pixels
    0x0000, 0x0000, 0x0000, 0x0000, 0x0000, 0x0000, 0x0000, 0x0000, 0x0000, 0x0000, 0x0000, 0x0000, 0x0000, 0x0000, 0x0000, 0x0000, // 0x4B10 (19216) pixels
    0x0000, 0x0000, 0x0000, 0x0000, 0x0000, 0x0000, 0x0000, 0x0000, 0x0000, 0x0000, 0x0000, 0x0000, 0x0000, 0x0000, 0x0000, 0x0000, // 0x4B20 (19232) pixels
    0x0000, 0x0000, 0x0000, 0x0000, 0x0000, 0x0000, 0x0000, 0x0000, 0x0000, 0x0000, 0x0000, 0x0000, 0x0000, 0x0000, 0x0000, 0x0000, // 0x4B30 (19248) pixels
    0x0000, 0x0000, 0x0000, 0x0000, 0x0000, 0x0000, 0x0000, 0x0000, 0x0000, 0x0000, 0x0000, 0x0000, 0x0000, 0x0000, 0x0000, 0x0000, // 0x4B40 (19264) pixels
    0x0000, 0x0000, 0x0000, 0x0000, 0x0000, 0x0000, 0x0000, 0x0000, 0x0000, 0x0000, 0x0000, 0x0000, 0x0000, 0x0801, 0x0000, 0x0040, // 0x4B50 (19280) pixels
    0x0061, 0x0144, 0x1A68, 0x1AA9, 0x1AE9, 0x1AE9, 0x12A8, 0x12E8, 0x0AE8, 0x0308, 0x0B09, 0x0AE8, 0x12E8, 0x1B29, 0x1123, 0x0020, // 0x4B60 (19296) pixels
    0x0000, 0x0800, 0x0821, 0x0000, 0x0000, 0x0020, 0x0800, 0x0000, 0x0000, 0x00E1, 0x0181, 0x3C49, 0x454A, 0x4DC9, 0x5E6A, 0x5E4A, // 0x4B70 (19312) pixels
    0x5E4B, 0x560A, 0x560A, 0x562A, 0x560A, 0x560B, 0x5E4B, 0x5E2B, 0x560A, 0x5609, 0x4E07, 0x5669, 0x4E28, 0x4609, 0x4569, 0x2348, // 0x4B80 (19328) pixels
    0x21E9, 0x0001, 0x0020, 0x0020, 0x0020, 0x0040, 0x1980, 0x2A01, 0x2180, 0x3180, 0x3180, 0x5B22, 0xAE8A, 0xB769, 0xB728, 0xB728, // 0x4B90 (19344) pixels
    0xB708, 0xB74A, 0xB70C, 0x6465, 0x11E0, 0x0980, 0x09A1, 0x11C2, 0x08E0, 0x0000, 0x0000, 0x0800, 0x0000, 0x0000, 0x0800, 0x0000, // 0x4BA0 (19360) pixels
    0x0000, 0x0000, 0x0000, 0x0000, 0x0000, 0x0000, 0x0000, 0x0000, 0x0000, 0x0000, 0x0000, 0x0000, 0x0000, 0x0000, 0x0000, 0x0000, // 0x4BB0 (19376) pixels
    0x0000, 0x0000, 0x0000, 0x0000, 0x0000, 0x0000, 0x0000, 0x0000, 0x0000, 0x0000, 0x0000, 0x0000, 0x0000, 0x0000, 0x0000, 0x0000, // 0x4BC0 (19392) pixels
    0x0000, 0x0000, 0x0000, 0x0000, 0x0000, 0x0000, 0x0000, 0x0000, 0x0000, 0x0000, 0x0000, 0x0000, 0x0000, 0x0000, 0x0000, 0x0000, // 0x4BD0 (19408) pixels
    0x0000, 0x0000, 0x0000, 0x0000, 0x0000, 0x0000, 0x0000, 0x0000, 0x0000, 0x0000, 0x0000, 0x0000, 0x0000, 0x0000, 0x0000, 0x0000, // 0x4BE0 (19424) pixels
    0x0000, 0x0000, 0x0000, 0x0000, 0x0000, 0x0000, 0x0000, 0x0000, 0x0000, 0x0000, 0x0000, 0x0000, 0x0000, 0x0000, 0x0000, 0x0000, // 0x4BF0 (19440) pixels
    0x0000, 0x0000, 0x0000, 0x0000, 0x0000, 0x0000, 0x0000, 0x0000, 0x0000, 0x0000, 0x0000, 0x0000, 0x0000, 0x0000, 0x0000, 0x0000, // 0x4C00 (19456) pixels
    0x0000, 0x0000, 0x0000, 0x0000, 0x0000, 0x0000, 0x0020, 0x0020, 0x0000, 0x0000, 0x0000, 0x0000, 0x0000, 0x0000, 0x0000, 0x0041, // 0x4C10 (19472) pixels
    0x00C3, 0x1165, 0x19C7, 0x19E7, 0x19E7, 0x1A68, 0x12C9, 0x0AE9, 0x12E9, 0x12C8, 0x12C8, 0x12E9, 0x0964, 0x0060, 0x0000, 0x0000, // 0x4C20 (19488) pixels
    0x0000, 0x0000, 0x0000, 0x0020, 0x0000, 0x0840, 0x0040, 0x0000, 0x0020, 0x1183, 0x0A23, 0x1306, 0x2C69, 0x2C49, 0x2C69, 0x2C48, // 0x4C30 (19504) pixels
    0x2C68, 0x34A9, 0x3489, 0x34A9, 0x34A9, 0x34AA, 0x34CB, 0x34C9, 0x3508, 0x5609, 0x5649, 0x5648, 0x4DAB, 0x1B89, 0x1A2A, 0x0003, // 0x4C40 (19520) pixels
    0x0821, 0x0840, 0x0000, 0x0000, 0x0002, 0x0002, 0x0001, 0x0001, 0x0020, 0x0080, 0x3AA3, 0x42C2, 0x3AA3, 0x3261, 0x2A41, 0x3281, // 0x4C50 (19536) pixels
    0x3AA4, 0x1122, 0x0021, 0x0003, 0x0020, 0x0020, 0x0000, 0x0000, 0x0820, 0x0820, 0x0000, 0x0000, 0x0000, 0x0020, 0x0000, 0x0020, // 0x4C60 (19552) pixels
    0x0000, 0x0000, 0x0000, 0x0000, 0x0000, 0x0000, 0x0000, 0x0000, 0x0000, 0x0000, 0x0000, 0x0000, 0x0000, 0x0000, 0x0000, 0x0000, // 0x4C70 (19568) pixels
    0x0000, 0x0000, 0x0000, 0x0000, 0x0000, 0x0000, 0x0000, 0x0000, 0x0000, 0x0000, 0x0000, 0x0000, 0x0000, 0x0000, 0x0000, 0x0000, // 0x4C80 (19584) pixels
    0x0000, 0x0000, 0x0000, 0x0000, 0x0000, 0x0000, 0x0000, 0x0000, 0x0000, 0x0000, 0x0000, 0x0000, 0x0000, 0x0000, 0x0000, 0x0000, // 0x4C90 (19600) pixels
    0x0000, 0x0000, 0x0000, 0x0000, 0x0000, 0x0000, 0x0000, 0x0000, 0x0000, 0x0000, 0x0000, 0x0000, 0x0000, 0x0000, 0x0000, 0x0000, // 0x4CA0 (19616) pixels
    0x0000, 0x0000, 0x0000, 0x0000, 0x0000, 0x0000, 0x0000, 0x0000, 0x0000, 0x0000, 0x0000, 0x0000, 0x0000, 0x0000, 0x0000, 0x0000, // 0x4CB0 (19632) pixels
    0x0000, 0x0000, 0x0000, 0x0000, 0x0000, 0x0000, 0x0000, 0x0000, 0x0000, 0x0000, 0x0000, 0x0000, 0x0000, 0x0000, 0x0000, 0x0000, // 0x4CC0 (19648) pixels
    0x0000, 0x0000, 0x0000, 0x0000, 0x0000, 0x0000, 0x0000, 0x0020, 0x0040, 0x0000, 0x0000, 0x0000, 0x0822, 0x0022, 0x0001, 0x0001, // 0x4CD0 (19664) pixels
    0x0021, 0x0000, 0x0022, 0x0986, 0x1AAA, 0x1ACA, 0x1ACA, 0x1AC9, 0x1AA9, 0x12A9, 0x22A9, 0x0964, 0x0040, 0x0000, 0x0000, 0x0000, // 0x4CE0 (19680) pixels
    0x0000, 0x0000, 0x0000, 0x0020, 0x0020, 0x0001, 0x1002, 0x0000, 0x0040, 0x09C7, 0x1B6A, 0x134A, 0x1B8A, 0x1B69, 0x1B69, 0x2389, // 0x4CF0 (19696) pixels
    0x1B68, 0x2388, 0x1B89, 0x1B8A, 0x136A, 0x0B88, 0x1C07, 0x4DCA, 0x5E49, 0x5E48, 0x4DE9, 0x23E6, 0x22E8, 0x0061, 0x0801, 0x0801, // 0x4D00 (19712) pixels
    0x0000, 0x0040, 0x0020, 0x0800, 0x0801, 0x0001, 0x0040, 0x0060, 0x0020, 0x0001, 0x0001, 0x0001, 0x0001, 0x0000, 0x0020, 0x0000, // 0x4D10 (19728) pixels
    0x0020, 0x0000, 0x0801, 0x0801, 0x0001, 0x0000, 0x0000, 0x0000, 0x0001, 0x0001, 0x0020, 0x0020, 0x0000, 0x0020, 0x0000, 0x0000, // 0x4D20 (19744) pixels
    0x0000, 0x0000, 0x0000, 0x0000, 0x0000, 0x0000, 0x0000, 0x0000, 0x0000, 0x0000, 0x0000, 0x0000, 0x0000, 0x0000, 0x0000, 0x0000, // 0x4D30 (19760) pixels
    0x0000, 0x0000, 0x0000, 0x0000, 0x0000, 0x0000, 0x0000, 0x0000, 0x0000, 0x0000, 0x0000, 0x0000, 0x0000, 0x0000, 0x0000, 0x0000, // 0x4D40 (19776) pixels
    0x0000, 0x0000, 0x0000, 0x0000, 0x0000, 0x0000, 0x0000, 0x0000, 0x0000, 0x0000, 0x0000, 0x0000, 0x0000, 0x0000, 0x0000, 0x0000, // 0x4D50 (19792) pixels
    0x0000, 0x0000, 0x0000, 0x0000, 0x0000, 0x0000, 0x0000, 0x0000, 0x0000, 0x0000, 0x0000, 0x0000, 0x0000, 0x0000, 0x0000, 0x0000, // 0x4D60 (19808) pixels
    0x0000, 0x0000, 0x0000, 0x0000, 0x0000, 0x0000, 0x0000, 0x0000, 0x0000, 0x0000, 0x0000, 0x0000, 0x0000, 0x0000, 0x0000, 0x0000, // 0x4D70 (19824) pixels
    0x0000, 0x0000, 0x0000, 0x0000, 0x0000, 0x0000, 0x0000, 0x0000, 0x0020, 0x0000, 0x0000, 0x0000, 0x0820, 0x0000, 0x0000, 0x0000, // 0x4D80 (19840) pixels
    0x0000, 0x0000, 0x0020, 0x0000, 0x0000, 0x0000, 0x0000, 0x0000, 0x0000, 0x0061, 0x2228, 0x1A49, 0x01A6, 0x09E7, 0x01E6, 0x0206, // 0x4D90 (19856) pixels
    0x0245, 0x0286, 0x12C8, 0x1AE9, 0x1AC9, 0x1AC9, 0x1AC9, 0x1ACA, 0x22EA, 0x0965, 0x0021, 0x0000, 0x0000, 0x0000, 0x0000, 0x0000, // 0x4DA0 (19872) pixels
    0x0000, 0x0000, 0x0000, 0x0000, 0x0000, 0x0000, 0x0020, 0x1082, 0x2229, 0x2208, 0x19E7, 0x2206, 0x1A06, 0x1206, 0x1207, 0x1228, // 0x4DB0 (19888) pixels
    0x1226, 0x1246, 0x1A87, 0x2B2A, 0x236A, 0x3C8B, 0x3508, 0x4608, 0x5629, 0x4E28, 0x4D49, 0x0942, 0x0002, 0x0001, 0x0000, 0x0000, // 0x4DC0 (19904) pixels
    0x0000, 0x0000, 0x0000, 0x0000, 0x0000, 0x0000, 0x0000, 0x0000, 0x0000, 0x0000, 0x0000, 0x0000, 0x0000, 0x0000, 0x0000, 0x0000, // 0x4DD0 (19920) pixels
    0x0000, 0x0000, 0x0000, 0x0000, 0x0000, 0x0000, 0x0000, 0x0000, 0x0000, 0x0000, 0x0000, 0x0000, 0x0000, 0x0000, 0x0000, 0x0000, // 0x4DE0 (19936) pixels
    0x0000, 0x0000, 0x0000, 0x0000, 0x0000, 0x0000, 0x0000, 0x0000, 0x0000, 0x0000, 0x0000, 0x0000, 0x0000, 0x0000, 0x0000, 0x0000, // 0x4DF0 (19952) pixels
    0x0000, 0x0000, 0x0000, 0x0000, 0x0000, 0x0000, 0x0000, 0x0000, 0x0000, 0x0000, 0x0000, 0x0000, 0x0000, 0x0000, 0x0000, 0x0000, // 0x4E00 (19968) pixels
    0x0000, 0x0000, 0x0000, 0x0000, 0x0000, 0x0000, 0x0000, 0x0000, 0x0000, 0x0000, 0x0000, 0x0000, 0x0000, 0x0000, 0x0000, 0x0000, // 0x4E10 (19984) pixels
    0x0000, 0x0000, 0x0000, 0x0000, 0x0000, 0x0000, 0x0000, 0x0000, 0x0000, 0x0000, 0x0000, 0x0000, 0x0000, 0x0000, 0x0000, 0x0000, // 0x4E20 (20000) pixels
    0x0000, 0x0000, 0x0000, 0x0000, 0x0000, 0x0000, 0x0000, 0x0000, 0x0000, 0x0000, 0x0000, 0x0000, 0x0000, 0x0000, 0x0000, 0x0000, // 0x4E30 (20016) pixels
    0x0000, 0x0000, 0x0000, 0x0000, 0x0000, 0x0000, 0x0020, 0x0000, 0x0000, 0x0000, 0x0000, 0x0000, 0x0000, 0x0020, 0x0821, 0x0000, // 0x4E40 (20032) pixels
    0x0000, 0x0000, 0x0000, 0x0040, 0x08E3, 0x08E3, 0x0922, 0x0183, 0x2309, 0x232A, 0x1B2A, 0x33CC, 0x33EB, 0x2BEA, 0x33EC, 0x236A, // 0x4E50 (20048) pixels
    0x12E9, 0x12A8, 0x12A8, 0x12C9, 0x12C9, 0x12C9, 0x22CA, 0x0965, 0x0021, 0x0000, 0x0000, 0x0000, 0x0000, 0x0020, 0x0000, 0x0000, // 0x4E60 (20064) pixels
    0x0000, 0x0000, 0x0000, 0x0000, 0x0000, 0x0020, 0x0020, 0x0020, 0x0020, 0x0020, 0x0020, 0x0040, 0x0020, 0x0020, 0x0020, 0x0040, // 0x4E70 (20080) pixels
    0x00C2, 0x19C7, 0x09C7, 0x0A46, 0x1305, 0x3CE9, 0x5649, 0x4E48, 0x4D68, 0x09A2, 0x0021, 0x0000, 0x0000, 0x0000, 0x0000, 0x0000, // 0x4E80 (20096) pixels
    0x0000, 0x0000, 0x0000, 0x0000, 0x0000, 0x0000, 0x0000, 0x0000, 0x0000, 0x0000, 0x0000, 0x0000, 0x0000, 0x0000, 0x0000, 0x0000, // 0x4E90 (20112) pixels
    0x0000, 0x0000, 0x0000, 0x0000, 0x0000, 0x0000, 0x0000, 0x0000, 0x0000, 0x0000, 0x0000, 0x0000, 0x0000, 0x0000, 0x0000, 0x0000, // 0x4EA0 (20128) pixels
    0x0000, 0x0000, 0x0000, 0x0000, 0x0000, 0x0000, 0x0000, 0x0000, 0x0000, 0x0000, 0x0000, 0x0000, 0x0000, 0x0000, 0x0000, 0x0000, // 0x4EB0 (20144) pixels
    0x0000, 0x0000, 0x0000, 0x0000, 0x0000, 0x0000, 0x0000, 0x0000, 0x0000, 0x0000, 0x0000, 0x0000, 0x0000, 0x0000, 0x0000, 0x0000, // 0x4EC0 (20160) pixels
    0x0000, 0x0000, 0x0000, 0x0000, 0x0000, 0x0000, 0x0000, 0x0000, 0x0000, 0x0000, 0x0000, 0x0000, 0x0000, 0x0000, 0x0000, 0x0000, // 0x4ED0 (20176) pixels
    0x0000, 0x0000, 0x0000, 0x0000, 0x0000, 0x0000, 0x0000, 0x0000, 0x0000, 0x0000, 0x0000, 0x0000, 0x0000, 0x0000, 0x0000, 0x0000, // 0x4EE0 (20192) pixels
    0x0000, 0x0000, 0x0000, 0x0000, 0x0000, 0x0000, 0x0000, 0x0000, 0x0000, 0x0000, 0x0000, 0x0000, 0x0000, 0x0000, 0x0000, 0x0000, // 0x4EF0 (20208) pixels
    0x0000, 0x0000, 0x0000, 0x0000, 0x0000, 0x0020, 0x0841, 0x0000, 0x0000, 0x0000, 0x0020, 0x0000, 0x0800, 0x0801, 0x0000, 0x0020, // 0x4F00 (20224) pixels
    0x0060, 0x0122, 0x2AE8, 0x338A, 0x33C9, 0x2BC9, 0x2C2A, 0x1BE9, 0x13C9, 0x2C6B, 0x2C6B, 0x2408, 0x2B8B, 0x1B29, 0x12C8, 0x12C8, // 0x4F10 (20240) pixels
    0x12E9, 0x12E9, 0x12E9, 0x12E9, 0x2289, 0x0944, 0x0021, 0x0000, 0x0000, 0x0000, 0x0000, 0x0000, 0x0000, 0x0000, 0x0000, 0x0000, // 0x4F20 (20256) pixels
    0x0000, 0x0000, 0x0000, 0x0000, 0x0020, 0x0000, 0x0000, 0x0000, 0x0000, 0x0800, 0x0000, 0x0000, 0x0801, 0x0000, 0x0001, 0x0043, // 0x4F30 (20272) pixels
    0x0063, 0x0104, 0x0A66, 0x4CED, 0x5629, 0x4E27, 0x4567, 0x1AC4, 0x0923, 0x0020, 0x0000, 0x0000, 0x0000, 0x0000, 0x0000, 0x0000, // 0x4F40 (20288) pixels
    0x0000, 0x0000, 0x0000, 0x0000, 0x0000, 0x0000, 0x0000, 0x0000, 0x0000, 0x0000, 0x0000, 0x0000, 0x0000, 0x0000, 0x0000, 0x0000, // 0x4F50 (20304) pixels
    0x0000, 0x0000, 0x0000, 0x0000, 0x0000, 0x0000, 0x0000, 0x0000, 0x0000, 0x0000, 0x0000, 0x0000, 0x0000, 0x0000, 0x0000, 0x0000, // 0x4F60 (20320) pixels
    0x0000, 0x0000, 0x0000, 0x0000, 0x0000, 0x0000, 0x0000, 0x0000, 0x0000, 0x0000, 0x0000, 0x0000, 0x0000, 0x0000, 0x0000, 0x0000, // 0x4F70 (20336) pixels
    0x0000, 0x0000, 0x0000, 0x0000, 0x0000, 0x0000, 0x0000, 0x0000, 0x0000, 0x0000, 0x0000, 0x0000, 0x0000, 0x0000, 0x0000, 0x0000, // 0x4F80 (20352) pixels
    0x0000, 0x0000, 0x0000, 0x0000, 0x0000, 0x0000, 0x0000, 0x0000, 0x0000, 0x0000, 0x0000, 0x0000, 0x0000, 0x0000, 0x0000, 0x0000, // 0x4F90 (20368) pixels
    0x0000, 0x0000, 0x0000, 0x0000, 0x0000, 0x0000, 0x0000, 0x0000, 0x0000, 0x0000, 0x0000, 0x0000, 0x0000, 0x0000, 0x0000, 0x0000, // 0x4FA0 (20384) pixels
    0x0000, 0x0000, 0x0000, 0x0000, 0x0000, 0x0000, 0x0000, 0x0000, 0x0000, 0x0000, 0x0000, 0x0000, 0x0000, 0x0000, 0x0000, 0x0000, // 0x4FB0 (20400) pixels
    0x0000, 0x0000, 0x0020, 0x0000, 0x0000, 0x0000, 0x0000, 0x0000, 0x0000, 0x0000, 0x0000, 0x0000, 0x0020, 0x19A4, 0x1224, 0x0AA4, // 0x4FC0 (20416) pixels
    0x2408, 0x350B, 0x3D0A, 0x34EA, 0x2CEA, 0x24EA, 0x24CA, 0x34EB, 0x34AA, 0x2408, 0x12C8, 0x12C8, 0x12E9, 0x1309, 0x1309, 0x12C9, // 0x4FD0 (20432) pixels
    0x12C9, 0x12C9, 0x0985, 0x0082, 0x0000, 0x0000, 0x0000, 0x0000, 0x0000, 0x0000, 0x0000, 0x0000, 0x0000, 0x0000, 0x0000, 0x0000, // 0x4FE0 (20448) pixels
    0x0000, 0x0000, 0x0000, 0x0000, 0x0000, 0x0820, 0x0000, 0x0000, 0x0000, 0x0000, 0x0042, 0x0904, 0x1165, 0x1A08, 0x1269, 0x12E9, // 0x4FF0 (20464) pixels
    0x1BA9, 0x454C, 0x5608, 0x4E48, 0x564A, 0x556B, 0x43CA, 0x08E2, 0x0000, 0x0000, 0x0000, 0x0000, 0x0000, 0x0000, 0x0000, 0x0000, // 0x5000 (20480) pixels
    0x0000, 0x0000, 0x0000, 0x0000, 0x0000, 0x0000, 0x0000, 0x0000, 0x0000, 0x0000, 0x0000, 0x0000, 0x0000, 0x0000, 0x0000, 0x0000, // 0x5010 (20496) pixels
    0x0000, 0x0000, 0x0000, 0x0000, 0x0000, 0x0000, 0x0000, 0x0000, 0x0000, 0x0000, 0x0000, 0x0000, 0x0000, 0x0000, 0x0000, 0x0000, // 0x5020 (20512) pixels
    0x0000, 0x0000, 0x0000, 0x0000, 0x0000, 0x0000, 0x0000, 0x0000, 0x0000, 0x0000, 0x0000, 0x0000, 0x0000, 0x0000, 0x0000, 0x0000, // 0x5030 (20528) pixels
    0x0000, 0x0000, 0x0000, 0x0000, 0x0000, 0x0000, 0x0000, 0x0000, 0x0000, 0x0000, 0x0000, 0x0000, 0x0000, 0x0000, 0x0000, 0x0000, // 0x5040 (20544) pixels
    0x0000, 0x0000, 0x0000, 0x0000, 0x0000, 0x0000, 0x0000, 0x0000, 0x0000, 0x0000, 0x0000, 0x0000, 0x0000, 0x0000, 0x0000, 0x0000, // 0x5050 (20560) pixels
    0x0000, 0x0000, 0x0000, 0x0000, 0x0000, 0x0000, 0x0000, 0x0000, 0x0000, 0x0000, 0x0000, 0x0000, 0x0000, 0x0000, 0x0000, 0x0000, // 0x5060 (20576) pixels
    0x0000, 0x0000, 0x0000, 0x0000, 0x0000, 0x0000, 0x0000, 0x0000, 0x0000, 0x0000, 0x0000, 0x0000, 0x0000, 0x0000, 0x0000, 0x0000, // 0x5070 (20592) pixels
    0x0000, 0x0000, 0x0000, 0x0000, 0x0000, 0x0020, 0x0020, 0x0061, 0x00C1, 0x0080, 0x0121, 0x43AB, 0x5CED, 0x3CCA, 0x2CE8, 0x2D48, // 0x5080 (20608) pixels
    0x3D28, 0x3508, 0x2D08, 0x352A, 0x350B, 0x34AB, 0x2C2A, 0x23A9, 0x12C9, 0x12C8, 0x12C8, 0x12E9, 0x12E9, 0x12C9, 0x1AC9, 0x22C9, // 0x5090 (20624) pixels
    0x00C2, 0x0020, 0x0000, 0x0000, 0x0000, 0x0020, 0x0000, 0x0000, 0x0000, 0x0000, 0x0000, 0x0000, 0x0000, 0x0000, 0x0000, 0x0000, // 0x50A0 (20640) pixels
    0x0000, 0x0000, 0x0000, 0x0001, 0x0000, 0x0882, 0x0061, 0x0041, 0x1248, 0x2B4A, 0x2349, 0x1B48, 0x1BA9, 0x2449, 0x2CE7, 0x45C8, // 0x50B0 (20656) pixels
    0x5607, 0x4E08, 0x4E29, 0x4DEB, 0x444A, 0x00A1, 0x0000, 0x0000, 0x0000, 0x0000, 0x0000, 0x0000, 0x0000, 0x0000, 0x0000, 0x0000, // 0x50C0 (20672) pixels
    0x0000, 0x0000, 0x0000, 0x0000, 0x0000, 0x0000, 0x0000, 0x0000, 0x0000, 0x0000, 0x0000, 0x0000, 0x0000, 0x0000, 0x0000, 0x0000, // 0x50D0 (20688) pixels
    0x0000, 0x0000, 0x0000, 0x0000, 0x0000, 0x0000, 0x0000, 0x0000, 0x0000, 0x0000, 0x0000, 0x0000, 0x0000, 0x0000, 0x0000, 0x0000, // 0x50E0 (20704) pixels
    0x0000, 0x0000, 0x0000, 0x0000, 0x0000, 0x0000, 0x0000, 0x0000, 0x0000, 0x0000, 0x0000, 0x0000, 0x0000, 0x0000, 0x0000, 0x0000, // 0x50F0 (20720) pixels
    0x0000, 0x0000, 0x0000, 0x0000, 0x0000, 0x0000, 0x0000, 0x0000, 0x0000, 0x0000, 0x0000, 0x0000, 0x0000, 0x0000, 0x0000, 0x0000, // 0x5100 (20736) pixels
    0x0000, 0x0000, 0x0000, 0x0000, 0x0000, 0x0000, 0x0000, 0x0000, 0x0000, 0x0000, 0x0000, 0x0000, 0x0000, 0x0000, 0x0000, 0x0000, // 0x5110 (20752) pixels
    0x0000, 0x0000, 0x0000, 0x0000, 0x0000, 0x0000, 0x0000, 0x0000, 0x0000, 0x0000, 0x0000, 0x0000, 0x0000, 0x0000, 0x0000, 0x0000, // 0x5120 (20768) pixels
    0x0000, 0x0000, 0x0000, 0x0000, 0x0000, 0x0000, 0x0000, 0x0000, 0x0000, 0x0000, 0x0000, 0x0000, 0x0000, 0x0000, 0x0000, 0x0000, // 0x5130 (20784) pixels
    0x0000, 0x0020, 0x0000, 0x0020, 0x0020, 0x1123, 0x2B49, 0x2B49, 0x2B49, 0x338A, 0x3BEA, 0x3449, 0x2C88, 0x2D29, 0x3D28, 0x34E8, // 0x5140 (20800) pixels
    0x34C8, 0x34C9, 0x2C8A, 0x1BE9, 0x1B28, 0x1AE9, 0x1AE9, 0x0AA8, 0x0AA8, 0x12C8, 0x1B0A, 0x22E9, 0x1A68, 0x11E6, 0x0081, 0x0020, // 0x5150 (20816) pixels
    0x0000, 0x0000, 0x0000, 0x0000, 0x0000, 0x0000, 0x0000, 0x0000, 0x0000, 0x0000, 0x0000, 0x0000, 0x0000, 0x0000, 0x0800, 0x0801, // 0x5160 (20832) pixels
    0x0001, 0x0001, 0x0041, 0x2A48, 0x2AC9, 0x2288, 0x1B88, 0x2C2A, 0x2448, 0x2488, 0x352A, 0x45CA, 0x4E08, 0x5666, 0x5628, 0x5629, // 0x5170 (20848) pixels
    0x4E29, 0x4609, 0x3C68, 0x00A1, 0x0000, 0x0000, 0x0000, 0x0000, 0x0000, 0x0000, 0x0000, 0x0000, 0x0000, 0x0000, 0x0000, 0x0000, // 0x5180 (20864) pixels
    0x0000, 0x0000, 0x0000, 0x0000, 0x0000, 0x0000, 0x0000, 0x0000, 0x0000, 0x0000, 0x0000, 0x0000, 0x0000, 0x0000, 0x0000, 0x0000, // 0x5190 (20880) pixels
    0x0000, 0x0000, 0x0000, 0x0000, 0x0000, 0x0000, 0x0000, 0x0000, 0x0000, 0x0000, 0x0000, 0x0000, 0x0000, 0x0000, 0x0000, 0x0000, // 0x51A0 (20896) pixels
    0x0000, 0x0000, 0x0000, 0x0000, 0x0000, 0x0000, 0x0000, 0x0000, 0x0000, 0x0000, 0x0000, 0x0000, 0x0000, 0x0000, 0x0000, 0x0000, // 0x51B0 (20912) pixels
    0x0000, 0x0000, 0x0000, 0x0000, 0x0000, 0x0000, 0x0000, 0x0000, 0x0000, 0x0000, 0x0000, 0x0000, 0x0000, 0x0000, 0x0000, 0x0000, // 0x51C0 (20928) pixels
    0x0000, 0x0000, 0x0000, 0x0000, 0x0000, 0x0000, 0x0000, 0x0000, 0x0000, 0x0000, 0x0000, 0x0000, 0x0000, 0x0000, 0x0000, 0x0000, // 0x51D0 (20944) pixels
    0x0000, 0x0000, 0x0000, 0x0000, 0x0000, 0x0000, 0x0000, 0x0000, 0x0000, 0x0000, 0x0000, 0x0000, 0x0000, 0x0000, 0x0000, 0x0000, // 0x51E0 (20960) pixels
    0x0000, 0x0000, 0x0000, 0x0000, 0x0000, 0x0000, 0x0000, 0x0000, 0x0000, 0x0000, 0x0000, 0x0000, 0x0000, 0x0861, 0x41E7, 0x94B2, // 0x51F0 (20976) pixels
    0x9D14, 0x636D, 0x00A2, 0x08E3, 0x23EA, 0x2BEB, 0x2B6B, 0x01A5, 0x0143, 0x0183, 0x0203, 0x2388, 0x452A, 0x3CEA, 0x3CC9, 0x348A, // 0x5200 (20992) pixels
    0x2C6A, 0x1BA9, 0x0AC8, 0x1269, 0x12C9, 0x12C9, 0x0AC8, 0x12C8, 0x1AC9, 0x1A47, 0x0944, 0x0060, 0x0020, 0x0000, 0x0800, 0x0000, // 0x5210 (21008) pixels
    0x0000, 0x0000, 0x0020, 0x0000, 0x0000, 0x0000, 0x0000, 0x0000, 0x0000, 0x0000, 0x0000, 0x0000, 0x0000, 0x0000, 0x0020, 0x0081, // 0x5220 (21024) pixels
    0x00E1, 0x1B08, 0x1BA8, 0x1C09, 0x55AB, 0x55EB, 0x45A9, 0x4DEA, 0x564C, 0x564B, 0x5628, 0x4E06, 0x4E08, 0x562A, 0x4E29, 0x4629, // 0x5230 (21040) pixels
    0x3488, 0x00A1, 0x0001, 0x0000, 0x0000, 0x0000, 0x0000, 0x0000, 0x0000, 0x0000, 0x0000, 0x0000, 0x0000, 0x0000, 0x0000, 0x0000, // 0x5240 (21056) pixels
    0x0000, 0x0000, 0x0000, 0x0000, 0x0000, 0x0000, 0x0000, 0x0000, 0x0000, 0x0000, 0x0000, 0x0000, 0x0000, 0x0000, 0x0000, 0x0000, // 0x5250 (21072) pixels
    0x0000, 0x0000, 0x0000, 0x0000, 0x0000, 0x0000, 0x0000, 0x0000, 0x0000, 0x0000, 0x0000, 0x0000, 0x0000, 0x0000, 0x0000, 0x0000, // 0x5260 (21088) pixels
    0x0000, 0x0000, 0x0000, 0x0000, 0x0000, 0x0000, 0x0000, 0x0000, 0x0000, 0x0000, 0x0000, 0x0000, 0x0000, 0x0000, 0x0000, 0x0000, // 0x5270 (21104) pixels
    0x0000, 0x0000, 0x0000, 0x0000, 0x0000, 0x0000, 0x0000, 0x0000, 0x0000, 0x0000, 0x0000, 0x0000, 0x0000, 0x0000, 0x0000, 0x0000, // 0x5280 (21120) pixels
    0x0000, 0x0000, 0x0000, 0x0000, 0x0000, 0x0000, 0x0000, 0x0000, 0x0000, 0x0000, 0x0000, 0x0000, 0x0000, 0x0000, 0x0000, 0x0000, // 0x5290 (21136) pixels
    0x0000, 0x0000, 0x0000, 0x0000, 0x0000, 0x0000, 0x0000, 0x0000, 0x0000, 0x0000, 0x0000, 0x0000, 0x0000, 0x0000, 0x0000, 0x0000, // 0x52A0 (21152) pixels
    0x0000, 0x0000, 0x0000, 0x0000, 0x0000, 0x0000, 0x0000, 0x0000, 0x0000, 0x0000, 0x0841, 0x6B6D, 0xC638, 0xFFFF, 0xFFFF, 0xCEBA, // 0x52B0 (21168) pixels
    0x3A89, 0x00E2, 0x0B67, 0x02C7, 0x338C, 0x434E, 0x4B2E, 0x1987, 0x0082, 0x2A89, 0x2428, 0x2407, 0x1BC7, 0x0B66, 0x0B88, 0x0B69, // 0x52C0 (21184) pixels
    0x0AC9, 0x1AAA, 0x12C9, 0x12E9, 0x12E9, 0x0A88, 0x0226, 0x0985, 0x00C2, 0x0020, 0x0000, 0x0000, 0x0800, 0x0800, 0x0000, 0x0000, // 0x52D0 (21200) pixels
    0x0000, 0x0000, 0x0000, 0x0000, 0x0000, 0x0000, 0x0000, 0x0000, 0x0000, 0x0000, 0x0020, 0x0020, 0x1184, 0x3349, 0x2389, 0x2CAB, // 0x52E0 (21216) pixels
    0x14E9, 0x25CC, 0x5E28, 0x5E48, 0x5627, 0x5649, 0x564B, 0x4E0A, 0x562A, 0x5608, 0x5608, 0x560A, 0x4E09, 0x4629, 0x3488, 0x0080, // 0x52F0 (21232) pixels
    0x0001, 0x0000, 0x0000, 0x0000, 0x0000, 0x0000, 0x0000, 0x0000, 0x0000, 0x0000, 0x0000, 0x0000, 0x0000, 0x0000, 0x0000, 0x0000, // 0x5300 (21248) pixels
    0x0000, 0x0000, 0x0000, 0x0000, 0x0000, 0x0000, 0x0000, 0x0000, 0x0000, 0x0000, 0x0000, 0x0000, 0x0000, 0x0000, 0x0000, 0x0000, // 0x5310 (21264) pixels
    0x0000, 0x0000, 0x0000, 0x0000, 0x0000, 0x0000, 0x0000, 0x0000, 0x0000, 0x0000, 0x0000, 0x0000, 0x0000, 0x0000, 0x0000, 0x0000, // 0x5320 (21280) pixels
    0x0000, 0x0000, 0x0000, 0x0000, 0x0000, 0x0000, 0x0000, 0x0000, 0x0000, 0x0000, 0x0000, 0x0000, 0x0000, 0x0000, 0x0000, 0x0000, // 0x5330 (21296) pixels
    0x0000, 0x0000, 0x0000, 0x0000, 0x0000, 0x0000, 0x0000, 0x0000, 0x0000, 0x0000, 0x0000, 0x0000, 0x0000, 0x0000, 0x0000, 0x0000, // 0x5340 (21312) pixels
    0x0000, 0x0000, 0x0000, 0x0000, 0x0000, 0x0000, 0x0000, 0x0000, 0x0000, 0x0000, 0x0000, 0x0000, 0x0000, 0x0000, 0x0000, 0x0000, // 0x5350 (21328) pixels
    0x0000, 0x0000, 0x0000, 0x0000, 0x0000, 0x0000, 0x0000, 0x0000, 0x0000, 0x0000, 0x0000, 0x0000, 0x0000, 0x0000, 0x0000, 0x0000, // 0x5360 (21344) pixels
    0x0000, 0x0000, 0x0000, 0x0000, 0x0000, 0x0000, 0x0000, 0x0000, 0x0800, 0xD67A, 0xFFFF, 0xFFFF, 0xF7FF, 0xD6FB, 0x534C, 0x0903, // 0x5370 (21360) pixels
    0x08C3, 0x0000, 0x9CF4, 0xF7BF, 0xFFFF, 0x84B2, 0x11E7, 0x0185, 0x1309, 0x0AE9, 0x0AC9, 0x12C9, 0x12C9, 0x1AE9, 0x1AE9, 0x1AC9, // 0x5380 (21376) pixels
    0x1AE9, 0x1AE9, 0x22E9, 0x2268, 0x00A1, 0x0020, 0x0020, 0x0000, 0x0000, 0x0000, 0x0000, 0x0000, 0x0000, 0x0000, 0x0000, 0x0000, // 0x5390 (21392) pixels
    0x0000, 0x0000, 0x0000, 0x0000, 0x0000, 0x0000, 0x0000, 0x0000, 0x0800, 0x0020, 0x11E5, 0x3C2D, 0x2C2A, 0x2448, 0x5E0B, 0x5E4A, // 0x53A0 (21408) pixels
    0x5E66, 0x4E46, 0x5689, 0x56AA, 0x4E6A, 0x5669, 0x5649, 0x5E49, 0x4E07, 0x4E49, 0x4E2A, 0x2C48, 0x2308, 0x0082, 0x0020, 0x0000, // 0x53B0 (21424) pixels
    0x0000, 0x0000, 0x0000, 0x0000, 0x0000, 0x0000, 0x0000, 0x0000, 0x0000, 0x0000, 0x0000, 0x0000, 0x0000, 0x0000, 0x0000, 0x0000, // 0x53C0 (21440) pixels
    0x0000, 0x0000, 0x0000, 0x0000, 0x0000, 0x0000, 0x0000, 0x0000, 0x0000, 0x0000, 0x0000, 0x0000, 0x0000, 0x0000, 0x0000, 0x0000, // 0x53D0 (21456) pixels
    0x0000, 0x0000, 0x0000, 0x0000, 0x0000, 0x0000, 0x0000, 0x0000, 0x0000, 0x0000, 0x0000, 0x0000, 0x0000, 0x0000, 0x0000, 0x0000, // 0x53E0 (21472) pixels
    0x0000, 0x0000, 0x0000, 0x0000, 0x0000, 0x0000, 0x0000, 0x0000, 0x0000, 0x0000, 0x0000, 0x0000, 0x0000, 0x0000, 0x0000, 0x0000, // 0x53F0 (21488) pixels
    0x0000, 0x0000, 0x0000, 0x0000, 0x0000, 0x0000, 0x0000, 0x0000, 0x0000, 0x0000, 0x0000, 0x0000, 0x0000, 0x0000, 0x0000, 0x0000, // 0x5400 (21504) pixels
    0x0000, 0x0000, 0x0000, 0x0000, 0x0000, 0x0000, 0x0000, 0x0000, 0x0000, 0x0000, 0x0000, 0x0000, 0x0000, 0x0000, 0x0000, 0x0000, // 0x5410 (21520) pixels
    0x0000, 0x0000, 0x0000, 0x0000, 0x0000, 0x0000, 0x0000, 0x0000, 0x0000, 0x0000, 0x0000, 0x0000, 0x0000, 0x0000, 0x0000, 0x0000, // 0x5420 (21536) pixels
    0x0000, 0x0000, 0x0000, 0x0000, 0x0000, 0x0841, 0x83D0, 0xEF5D, 0xFFFF, 0xFFFF, 0xDF1C, 0xBE59, 0x638E, 0x00A2, 0x3A09, 0x9CF4, // 0x5430 (21552) pixels
    0xDEDC, 0xFFFF, 0xFFFF, 0xD75D, 0x7CD3, 0x1A27, 0x0B09, 0x0AE9, 0x0AE9, 0x12E9, 0x1309, 0x12E9, 0x12C9, 0x0A88, 0x0984, 0x0984, // 0x5440 (21568) pixels
    0x1185, 0x1164, 0x0041, 0x0020, 0x0020, 0x0000, 0x0000, 0x0000, 0x0000, 0x0000, 0x0000, 0x0000, 0x0000, 0x0000, 0x0000, 0x0000, // 0x5450 (21584) pixels
    0x0000, 0x0020, 0x0000, 0x0000, 0x0841, 0x0000, 0x0000, 0x0041, 0x00C3, 0x11C6, 0x0205, 0x02A5, 0x1B86, 0x4CEA, 0x4647, 0x66AC, // 0x5460 (21600) pixels
    0x554A, 0x33E7, 0x4469, 0x44A9, 0x3D08, 0x45E9, 0x560A, 0x4E2A, 0x45AA, 0x23E7, 0x1AA7, 0x00A2, 0x0021, 0x0000, 0x0000, 0x0000, // 0x5470 (21616) pixels
    0x0000, 0x0000, 0x0000, 0x0000, 0x0000, 0x0000, 0x0000, 0x0000, 0x0000, 0x0000, 0x0000, 0x0000, 0x0000, 0x0000, 0x0000, 0x0000, // 0x5480 (21632) pixels
    0x0000, 0x0000, 0x0000, 0x0000, 0x0000, 0x0000, 0x0000, 0x0000, 0x0000, 0x0000, 0x0000, 0x0000, 0x0000, 0x0000, 0x0000, 0x0000, // 0x5490 (21648) pixels
    0x0000, 0x0000, 0x0000, 0x0000, 0x0000, 0x0000, 0x0000, 0x0000, 0x0000, 0x0000, 0x0000, 0x0000, 0x0000, 0x0000, 0x0000, 0x0000, // 0x54A0 (21664) pixels
    0x0000, 0x0000, 0x0000, 0x0000, 0x0000, 0x0000, 0x0000, 0x0000, 0x0000, 0x0000, 0x0000, 0x0000, 0x0000, 0x0000, 0x0000, 0x0000, // 0x54B0 (21680) pixels
    0x0000, 0x0000, 0x0000, 0x0000, 0x0000, 0x0000, 0x0000, 0x0000, 0x0000, 0x0000, 0x0000, 0x0000, 0x0000, 0x0000, 0x0000, 0x0000, // 0x54C0 (21696) pixels
    0x0000, 0x0000, 0x0000, 0x0000, 0x0000, 0x0000, 0x0000, 0x0000, 0x0000, 0x0000, 0x0000, 0x0000, 0x0000, 0x0000, 0x0000, 0x0000, // 0x54D0 (21712) pixels
    0x0000, 0x0000, 0x0000, 0x0000, 0x0000, 0x0000, 0x0000, 0x0000, 0x0000, 0x0000, 0x0000, 0x0000, 0x0000, 0x0000, 0x0000, 0x0000, // 0x54E0 (21728) pixels
    0x0000, 0x0000, 0x0020, 0x1082, 0xFFDF, 0xFFFF, 0xE71C, 0xA535, 0x39E8, 0x18E4, 0x10C3, 0x0000, 0x5ACB, 0xF7BF, 0xFFFF, 0xFFFF, // 0x54F0 (21744) pixels
    0xFFFF, 0xEFBE, 0x9554, 0x19C6, 0x1AC9, 0x1AC9, 0x1AC9, 0x1AC9, 0x1AA9, 0x1A88, 0x1268, 0x1247, 0x0020, 0x0000, 0x0000, 0x0021, // 0x5500 (21760) pixels
    0x0000, 0x0000, 0x0000, 0x0000, 0x0000, 0x0000, 0x0000, 0x0000, 0x0000, 0x0000, 0x0000, 0x0000, 0x0000, 0x0020, 0x0000, 0x0000, // 0x5510 (21776) pixels
    0x0000, 0x0000, 0x0000, 0x0841, 0x63AF, 0xAD57, 0xAD36, 0x5B2E, 0x0124, 0x0164, 0x00C1, 0x1226, 0x3D8A, 0x5D8D, 0x3328, 0x0081, // 0x5520 (21792) pixels
    0x0040, 0x0080, 0x0A63, 0x450B, 0x3D09, 0x3509, 0x2C89, 0x23C9, 0x22A9, 0x00C3, 0x0000, 0x0000, 0x0000, 0x0000, 0x0000, 0x0000, // 0x5530 (21808) pixels
    0x0000, 0x0000, 0x0000, 0x0000, 0x0000, 0x0000, 0x0000, 0x0000, 0x0000, 0x0000, 0x0000, 0x0000, 0x0000, 0x0000, 0x0000, 0x0000, // 0x5540 (21824) pixels
    0x0000, 0x0000, 0x0000, 0x0000, 0x0000, 0x0000, 0x0000, 0x0000, 0x0000, 0x0000, 0x0000, 0x0000, 0x0000, 0x0000, 0x0000, 0x0000, // 0x5550 (21840) pixels
    0x0000, 0x0000, 0x0000, 0x0000, 0x0000, 0x0000, 0x0000, 0x0000, 0x0000, 0x0000, 0x0000, 0x0000, 0x0000, 0x0000, 0x0000, 0x0000, // 0x5560 (21856) pixels
    0x0000, 0x0000, 0x0000, 0x0000, 0x0000, 0x0000, 0x0000, 0x0000, 0x0000, 0x0000, 0x0000, 0x0000, 0x0000, 0x0000, 0x0000, 0x0000, // 0x5570 (21872) pixels
    0x0000, 0x0000, 0x0000, 0x0000, 0x0000, 0x0000, 0x0000, 0x0000, 0x0000, 0x0000, 0x0000, 0x0000, 0x0000, 0x0000, 0x0000, 0x0000, // 0x5580 (21888) pixels
    0x0000, 0x0000, 0x0000, 0x0000, 0x0000, 0x0000, 0x0000, 0x0000, 0x0000, 0x0000, 0x0000, 0x0000, 0x0000, 0x0000, 0x0000, 0x0000, // 0x5590 (21904) pixels
    0x0000, 0x0000, 0x0000, 0x0000, 0x0000, 0x0000, 0x0000, 0x0000, 0x0000, 0x0000, 0x0000, 0x0000, 0x0000, 0x0000, 0x0000, 0x0000, // 0x55A0 (21920) pixels
    0x0020, 0x0861, 0x8C92, 0x94D3, 0x7BEF, 0x52CB, 0x10A3, 0x0000, 0x0000, 0x0841, 0xA514, 0xFFFF, 0xFFFF, 0xB576, 0xAD56, 0x9CF4, // 0x55B0 (21936) pixels
    0x530C, 0x0903, 0x0903, 0x00E3, 0x00E3, 0x00C2, 0x00C2, 0x00A2, 0x00A2, 0x0082, 0x0000, 0x0000, 0x0000, 0x0000, 0x0000, 0x0000, // 0x55C0 (21952) pixels
    0x0000, 0x0000, 0x0000, 0x0000, 0x0000, 0x0000, 0x0000, 0x0000, 0x0000, 0x0000, 0x0000, 0x0000, 0x0000, 0x0000, 0x0000, 0x0020, // 0x55D0 (21968) pixels
    0x0000, 0x2965, 0xC6BB, 0xFFFF, 0xFFDF, 0xC63A, 0x32AB, 0x1208, 0x0083, 0x1147, 0x2B27, 0x1225, 0x2A28, 0x3209, 0x3A2A, 0x2187, // 0x55E0 (21984) pixels
    0x1164, 0x1A06, 0x0B05, 0x1BC8, 0x1BC8, 0x2369, 0x1A07, 0x0883, 0x0000, 0x0000, 0x0000, 0x0000, 0x0000, 0x0000, 0x0000, 0x0000, // 0x55F0 (22000) pixels
    0x0000, 0x0000, 0x0000, 0x0000, 0x0000, 0x0000, 0x0000, 0x0000, 0x0000, 0x0000, 0x0000, 0x0000, 0x0000, 0x0000, 0x0000, 0x0000, // 0x5600 (22016) pixels
    0x0000, 0x0000, 0x0000, 0x0000, 0x0000, 0x0000, 0x0000, 0x0000, 0x0000, 0x0000, 0x0000, 0x0000, 0x0000, 0x0000, 0x0000, 0x0000, // 0x5610 (22032) pixels
    0x0000, 0x0000, 0x0000, 0x0000, 0x0000, 0x0000, 0x0000, 0x0000, 0x0000, 0x0000, 0x0000, 0x0000, 0x0000, 0x0000, 0x0000, 0x0000, // 0x5620 (22048) pixels
    0x0000, 0x0000, 0x0000, 0x0000, 0x0000, 0x0000, 0x0000, 0x0000, 0x0000, 0x0000, 0x0000, 0x0000, 0x0000, 0x0000, 0x0000, 0x0000, // 0x5630 (22064) pixels
    0x0000, 0x0000, 0x0000, 0x0000, 0x0000, 0x0000, 0x0000, 0x0000, 0x0000, 0x0000, 0x0000, 0x0000, 0x0000, 0x0000, 0x0000, 0x0000, // 0x5640 (22080) pixels
    0x0000, 0x0000, 0x0000, 0x0000, 0x0000, 0x0000, 0x0000, 0x0000, 0x0000, 0x0000, 0x0000, 0x0000, 0x0000, 0x0000, 0x0000, 0x0000, // 0x5650 (22096) pixels
    0x0000, 0x0000, 0x0000, 0x0000, 0x0000, 0x0000, 0x0000, 0x0000, 0x0000, 0x0000, 0x0000, 0x0000, 0x0000, 0x0000, 0x0000, 0x0020, // 0x5660 (22112) pixels
    0x0000, 0x0041, 0x0000, 0x0000, 0x0020, 0x0000, 0x0821, 0x20E4, 0xE71C, 0xFFFF, 0xFF9E, 0x41E8, 0x0000, 0x0000, 0x0000, 0x0040, // 0x5670 (22128) pixels
    0x0800, 0x0000, 0x0000, 0x0000, 0x0000, 0x0000, 0x0000, 0x0000, 0x0020, 0x0020, 0x0000, 0x0000, 0x0020, 0x0000, 0x0000, 0x0000, // 0x5680 (22144) pixels
    0x0000, 0x0000, 0x0000, 0x0000, 0x0000, 0x0000, 0x0000, 0x0000, 0x0000, 0x0000, 0x0020, 0x0000, 0x0000, 0x0000, 0x1082, 0x6B6D, // 0x5690 (22160) pixels
    0xFFFF, 0xFFFF, 0xFFFF, 0xD73C, 0x2B0B, 0x0A48, 0x00E5, 0x0865, 0x0001, 0x08C3, 0x9D34, 0xEFDF, 0xFFFF, 0xC63A, 0x526C, 0x0002, // 0x56A0 (22176) pixels
    0x01E5, 0x2B8A, 0x2BAA, 0x1A87, 0x0082, 0x0001, 0x0000, 0x0000, 0x0000, 0x0000, 0x0000, 0x0000, 0x0000, 0x0000, 0x0000, 0x0000, // 0x56B0 (22192) pixels
    0x0000, 0x0000, 0x0000, 0x0000, 0x0000, 0x0000, 0x0000, 0x0000, 0x0000, 0x0000, 0x0000, 0x0000, 0x0000, 0x0000, 0x0000, 0x0000, // 0x56C0 (22208) pixels
    0x0000, 0x0000, 0x0000, 0x0000, 0x0000, 0x0000, 0x0000, 0x0000, 0x0000, 0x0000, 0x0000, 0x0000, 0x0000, 0x0000, 0x0000, 0x0000, // 0x56D0 (22224) pixels
    0x0000, 0x0000, 0x0000, 0x0000, 0x0000, 0x0000, 0x0000, 0x0000, 0x0000, 0x0000, 0x0000, 0x0000, 0x0000, 0x0000, 0x0000, 0x0000, // 0x56E0 (22240) pixels
    0x0000, 0x0000, 0x0000, 0x0000, 0x0000, 0x0000, 0x0000, 0x0000, 0x0000, 0x0000, 0x0000, 0x0000, 0x0000, 0x0000, 0x0000, 0x0000, // 0x56F0 (22256) pixels
    0x0000, 0x0000, 0x0000, 0x0000, 0x0000, 0x0000, 0x0000, 0x0000, 0x0000, 0x0000, 0x0000, 0x0000, 0x0000, 0x0000, 0x0000, 0x0000, // 0x5700 (22272) pixels
    0x0000, 0x0000, 0x0000, 0x0000, 0x0000, 0x0000, 0x0000, 0x0000, 0x0000, 0x0000, 0x0000, 0x0000, 0x0000, 0x0000, 0x0000, 0x0000, // 0x5710 (22288) pixels
    0x0000, 0x0000, 0x0000, 0x0000, 0x0000, 0x0000, 0x0000, 0x0000, 0x0000, 0x0000, 0x0000, 0x0000, 0x0000, 0x0000, 0x0000, 0x0000, // 0x5720 (22304) pixels
    0x0000, 0x0000, 0x0000, 0x0000, 0x0000, 0x1082, 0x4A29, 0x4A49, 0x528A, 0x0861, 0x0000, 0x0000, 0x0000, 0x0000, 0x0000, 0x0000, // 0x5730 (22320) pixels
    0x0000, 0x0000, 0x0000, 0x0000, 0x0000, 0x0000, 0x0020, 0x0000, 0x0000, 0x0000, 0x0000, 0x0000, 0x0000, 0x0000, 0x0000, 0x0000, // 0x5740 (22336) pixels
    0x0000, 0x0000, 0x0000, 0x0000, 0x0000, 0x0000, 0x0000, 0x0000, 0x0000, 0x0841, 0x0000, 0x0000, 0x8430, 0xE71C, 0xFFFE, 0xFFFE, // 0x5750 (22352) pixels
    0xF7DE, 0xDFDD, 0x43CC, 0x1A68, 0x1166, 0x0001, 0x0844, 0x5AED, 0xE71C, 0xFFFE, 0xFFFE, 0xE71C, 0x6B4E, 0x0003, 0x1A07, 0x332B, // 0x5760 (22368) pixels
    0x2AE9, 0x19C5, 0x0021, 0x0001, 0x0800, 0x0020, 0x0000, 0x0000, 0x0000, 0x0000, 0x0000, 0x0000, 0x0000, 0x0000, 0x0000, 0x0000, // 0x5770 (22384) pixels
    0x0000, 0x0000, 0x0000, 0x0000, 0x0000, 0x0000, 0x0000, 0x0000, 0x0000, 0x0000, 0x0000, 0x0000, 0x0000, 0x0000, 0x0000, 0x0000, // 0x5780 (22400) pixels
    0x0000, 0x0000, 0x0000, 0x0000, 0x0000, 0x0000, 0x0000, 0x0000, 0x0000, 0x0000, 0x0000, 0x0000, 0x0000, 0x0000, 0x0000, 0x0000, // 0x5790 (22416) pixels
    0x0000, 0x0000, 0x0000, 0x0000, 0x0000, 0x0000, 0x0000, 0x0000, 0x0000, 0x0000, 0x0000, 0x0000, 0x0000, 0x0000, 0x0000, 0x0000, // 0x57A0 (22432) pixels
    0x0000, 0x0000, 0x0000, 0x0000, 0x0000, 0x0000, 0x0000, 0x0000, 0x0000, 0x0000, 0x0000, 0x0000, 0x0000, 0x0000, 0x0000, 0x0000, // 0x57B0 (22448) pixels
    0x0000, 0x0000, 0x0000, 0x0000, 0x0000, 0x0000, 0x0000, 0x0000, 0x0000, 0x0000, 0x0000, 0x0000, 0x0000, 0x0000, 0x0000, 0x0000, // 0x57C0 (22464) pixels
    0x0000, 0x0000, 0x0000, 0x0000, 0x0000, 0x0000, 0x0000, 0x0000, 0x0000, 0x0000, 0x0000, 0x0000, 0x0000, 0x0000, 0x0000, 0x0000, // 0x57D0 (22480) pixels
    0x0000, 0x0000, 0x0000, 0x0000, 0x0000, 0x0000, 0x0000, 0x0000, 0x0000, 0x0000, 0x0000, 0x0000, 0x0020, 0x0000, 0x0000, 0x0000, // 0x57E0 (22496) pixels
    0x0000, 0x0000, 0x0000, 0x0000, 0x0000, 0x0000, 0x0000, 0x0020, 0x0020, 0x0000, 0x0000, 0x0000, 0x0000, 0x0000, 0x0000, 0x0000, // 0x57F0 (22512) pixels
    0x0000, 0x0000, 0x0000, 0x0000, 0x0000, 0x0000, 0x0020, 0x0000, 0x0000, 0x0000, 0x0020, 0x0020, 0x0000, 0x0000, 0x0000, 0x0000, // 0x5800 (22528) pixels
    0x0000, 0x0000, 0x0000, 0x0000, 0x0000, 0x0000, 0x0000, 0x0020, 0x0000, 0x0000, 0xBDF7, 0xFFFF, 0xFFFF, 0xD6B9, 0x73EF, 0x63AE, // 0x5810 (22544) pixels
    0x1985, 0x0020, 0x0020, 0x0000, 0xA536, 0xEF5E, 0xFFFF, 0xFFDE, 0xF77C, 0xE73C, 0x73CF, 0x0021, 0x0083, 0x00E3, 0x0080, 0x0080, // 0x5820 (22560) pixels
    0x0000, 0x0000, 0x0000, 0x0000, 0x0000, 0x0000, 0x0000, 0x0000, 0x0000, 0x0000, 0x0000, 0x0000, 0x0000, 0x0000, 0x0000, 0x0000, // 0x5830 (22576) pixels
    0x0000, 0x0000, 0x0000, 0x0000, 0x0000, 0x0000, 0x0000, 0x0000, 0x0000, 0x0000, 0x0000, 0x0000, 0x0000, 0x0000, 0x0000, 0x0000, // 0x5840 (22592) pixels
    0x0000, 0x0000, 0x0000, 0x0000, 0x0000, 0x0000, 0x0000, 0x0000, 0x0000, 0x0000, 0x0000, 0x0000, 0x0000, 0x0000, 0x0000, 0x0000, // 0x5850 (22608) pixels
    0x0000, 0x0000, 0x0000, 0x0000, 0x0000, 0x0000, 0x0000, 0x0000, 0x0000, 0x0000, 0x0000, 0x0000, 0x0000, 0x0000, 0x0000, 0x0000, // 0x5860 (22624) pixels
    0x0000, 0x0000, 0x0000, 0x0000, 0x0000, 0x0000, 0x0000, 0x0000, 0x0000, 0x0000, 0x0000, 0x0000, 0x0000, 0x0000, 0x0000, 0x0000, // 0x5870 (22640) pixels
    0x0000, 0x0000, 0x0000, 0x0000, 0x0000, 0x0000, 0x0000, 0x0000, 0x0000, 0x0000, 0x0000, 0x0000, 0x0000, 0x0000, 0x0000, 0x0000, // 0x5880 (22656) pixels
    0x0000, 0x0000, 0x0000, 0x0000, 0x0000, 0x0000, 0x0000, 0x0000, 0x0000, 0x0000, 0x0000, 0x0000, 0x0000, 0x0000, 0x0000, 0x0000, // 0x5890 (22672) pixels
    0x0000, 0x0000, 0x0000, 0x0000, 0x0000, 0x0000, 0x0000, 0x0000, 0x0000, 0x0000, 0x0000, 0x0000, 0x0820, 0x0000, 0x0000, 0x0000, // 0x58A0 (22688) pixels
    0x0000, 0x0020, 0x0000, 0x0020, 0x0000, 0x0000, 0x0020, 0x0000, 0x0820, 0x0000, 0x0000, 0x0000, 0x0000, 0x0000, 0x0000, 0x0000, // 0x58B0 (22704) pixels
    0x0000, 0x0020, 0x0000, 0x0000, 0x0000, 0x0000, 0x0000, 0x0000, 0x0000, 0x0000, 0x0000, 0x0000, 0x0000, 0x0000, 0x0000, 0x0000, // 0x58C0 (22720) pixels
    0x0000, 0x0000, 0x0000, 0x0000, 0x0000, 0x0000, 0x0000, 0x0000, 0xAD55, 0xE71C, 0xC679, 0x94F3, 0x0061, 0x0000, 0x0000, 0x0000, // 0x58D0 (22736) pixels
    0x0000, 0x0000, 0xC5B7, 0xFFFF, 0xF79F, 0xE73D, 0xC679, 0xB5D7, 0x636D, 0x0020, 0x0001, 0x0020, 0x0020, 0x0040, 0x0000, 0x0800, // 0x58E0 (22752) pixels
    0x0000, 0x0020, 0x0000, 0x0000, 0x0000, 0x0000, 0x0000, 0x0000, 0x0000, 0x0000, 0x0000, 0x0000, 0x0000, 0x0000, 0x0000, 0x0000, // 0x58F0 (22768) pixels
    0x0000, 0x0000, 0x0000, 0x0000, 0x0000, 0x0000, 0x0000, 0x0000, 0x0000, 0x0000, 0x0000, 0x0000, 0x0000, 0x0000, 0x0000, 0x0000, // 0x5900 (22784) pixels
    0x0000, 0x0000, 0x0000, 0x0000, 0x0000, 0x0000, 0x0000, 0x0000, 0x0000, 0x0000, 0x0000, 0x0000, 0x0000, 0x0000, 0x0000, 0x0000, // 0x5910 (22800) pixels
    0x0000, 0x0000, 0x0000, 0x0000, 0x0000, 0x0000, 0x0000, 0x0000, 0x0000, 0x0000, 0x0000, 0x0000, 0x0000, 0x0000, 0x0000, 0x0000, // 0x5920 (22816) pixels
    0x0000, 0x0000, 0x0000, 0x0000, 0x0000, 0x0000, 0x0000, 0x0000, 0x0000, 0x0000, 0x0000, 0x0000, 0x0000, 0x0000, 0x0000, 0x0000, // 0x5930 (22832) pixels
    0x0000, 0x0000, 0x0000, 0x0000, 0x0000, 0x0000, 0x0000, 0x0000, 0x0000, 0x0000, 0x0000, 0x0000, 0x0000, 0x0000, 0x0000, 0x0000, // 0x5940 (22848) pixels
    0x0000, 0x0000, 0x0000, 0x0000, 0x0000, 0x0000, 0x0000, 0x0000, 0x0000, 0x0000, 0x0000, 0x0000, 0x0000, 0x0000, 0x0000, 0x0000, // 0x5950 (22864) pixels
    0x0000, 0x0000, 0x0000, 0x0000, 0x0000, 0x0000, 0x0000, 0x0000, 0x0000, 0x0000, 0x0000, 0x0000, 0x0000, 0x0000, 0x0000, 0x0000, // 0x5960 (22880) pixels
    0x0000, 0x0000, 0x0000, 0x0000, 0x0000, 0x0000, 0x0000, 0x0000, 0x0000, 0x0000, 0x0000, 0x0000, 0x0000, 0x0000, 0x0000, 0x0000, // 0x5970 (22896) pixels
    0x0000, 0x0000, 0x0000, 0x0000, 0x0000, 0x0000, 0x0000, 0x0000, 0x0000, 0x0000, 0x0000, 0x0000, 0x0000, 0x0000, 0x0000, 0x0000, // 0x5980 (22912) pixels
    0x0000, 0x0000, 0x0000, 0x0000, 0x0000, 0x0000, 0x0841, 0x1082, 0x0861, 0x0841, 0x0020, 0x0000, 0x0000, 0x0000, 0x0000, 0x0000, // 0x5990 (22928) pixels
    0xC638, 0xFFFF, 0xB5B6, 0x18C3, 0x0861, 0x1082, 0x0841, 0x0020, 0x0000, 0x0000, 0x0000, 0x0000, 0x0000, 0x0000, 0x0000, 0x0000, // 0x59A0 (22944) pixels
    0x0000, 0x0000, 0x0000, 0x0000, 0x0000, 0x0000, 0x0000, 0x0000, 0x0000, 0x0000, 0x0000, 0x0000, 0x0000, 0x0000, 0x0000, 0x0000, // 0x59B0 (22960) pixels
    0x0000, 0x0000, 0x0000, 0x0000, 0x0000, 0x0000, 0x0000, 0x0000, 0x0000, 0x0000, 0x0000, 0x0000, 0x0000, 0x0000, 0x0000, 0x0000, // 0x59C0 (22976) pixels
    0x0000, 0x0000, 0x0000, 0x0000, 0x0000, 0x0000, 0x0000, 0x0000, 0x0000, 0x0000, 0x0000, 0x0000, 0x0000, 0x0000, 0x0000, 0x0000, // 0x59D0 (22992) pixels
    0x0000, 0x0000, 0x0000, 0x0000, 0x0000, 0x0000, 0x0000, 0x0000, 0x0000, 0x0000, 0x0000, 0x0000, 0x0000, 0x0000, 0x0000, 0x0000, // 0x59E0 (23008) pixels
    0x0000, 0x0000, 0x0000, 0x0000, 0x0000, 0x0000, 0x0000, 0x0000, 0x0000, 0x0000, 0x0000, 0x0000, 0x0000, 0x0000, 0x0000, 0x0000, // 0x59F0 (23024) pixels
    0x0000, 0x0000, 0x0000, 0x0000, 0x0000, 0x0000, 0x0000, 0x0000, 0x0000, 0x0000, 0x0000, 0x0000, 0x0000, 0x0000, 0x0000, 0x0000, // 0x5A00 (23040) pixels
    0x0000, 0x0000, 0x0000, 0x0000, 0x0000, 0x0000, 0x0000, 0x0000, 0x0000, 0x0000, 0x0000, 0x0000, 0x0000, 0x0000, 0x0000, 0x0000, // 0x5A10 (23056) pixels
    0x0000, 0x0000, 0x0000, 0x0000, 0x0000, 0x0000, 0x0000, 0x0000, 0x0000, 0x0000, 0x0000, 0x0000, 0x0000, 0x0000, 0x0000, 0x0000, // 0x5A20 (23072) pixels
    0x0000, 0x0000, 0x0000, 0x0000, 0x0000, 0x0000, 0x0000, 0x0000, 0x0000, 0x0000, 0x0000, 0x0000, 0x0000, 0x0000, 0x0000, 0x0000, // 0x5A30 (23088) pixels
    0x0000, 0x0000, 0x0000, 0x0000, 0x0000, 0x0000, 0x0000, 0x0000, 0x0000, 0x0000, 0x0000, 0x0000, 0x0000, 0x0000, 0x0000, 0x0000, // 0x5A40 (23104) pixels
    0x0000, 0x0000, 0x0000, 0x0000, 0x0000, 0x0020, 0x0000, 0x0000, 0x0000, 0x0000, 0x0000, 0x0000, 0x0000, 0x0000, 0x738E, 0x9492, // 0x5A50 (23120) pixels
    0x630C, 0x0020, 0x0000, 0x0000, 0x0000, 0x0000, 0x0000, 0x0000, 0x0000, 0x0000, 0x0000, 0x0000, 0x0000, 0x0000, 0x0000, 0x0000, // 0x5A60 (23136) pixels
    0x0000, 0x0000, 0x0000, 0x0000, 0x0000, 0x0000, 0x0000, 0x0000, 0x0000, 0x0000, 0x0000, 0x0000, 0x0000, 0x0000, 0x0000, 0x0000, // 0x5A70 (23152) pixels
    0x0000, 0x0000, 0x0000, 0x0000, 0x0000, 0x0000, 0x0000, 0x0000, 0x0000, 0x0000, 0x0000, 0x0000, 0x0000, 0x0000, 0x0000, 0x0000, // 0x5A80 (23168) pixels
    0x0000, 0x0000, 0x0000, 0x0000, 0x0000, 0x0000, 0x0000, 0x0000, 0x0000, 0x0000, 0x0000, 0x0000, 0x0000, 0x0000, 0x0000, 0x0000, // 0x5A90 (23184) pixels
    0x0000, 0x0000, 0x0000, 0x0000, 0x0000, 0x0000, 0x0000, 0x0000, 0x0000, 0x0000, 0x0000, 0x0000, 0x0000, 0x0000, 0x0000, 0x0000, // 0x5AA0 (23200) pixels
    0x0000, 0x0000, 0x0000, 0x0000, 0x0000, 0x0000, 0x0000, 0x0000, 0x0000, 0x0000, 0x0000, 0x0000, 0x0000, 0x0000, 0x0000, 0x0000, // 0x5AB0 (23216) pixels
    0x0000, 0x0000, 0x0000, 0x0000, 0x0000, 0x0000, 0x0000, 0x0000, 0x0000, 0x0000, 0x0000, 0x0000, 0x0000, 0x0000, 0x0000, 0x0000, // 0x5AC0 (23232) pixels
    0x0000, 0x0000, 0x0000, 0x0000, 0x0000, 0x0000, 0x0000, 0x0000, 0x0000, 0x0000, 0x0000, 0x0000, 0x0000, 0x0000, 0x0000, 0x0000, // 0x5AD0 (23248) pixels
    0x0000, 0x0000, 0x0000, 0x0000, 0x0000, 0x0000, 0x0000, 0x0000, 0x0000, 0x0000, 0x0000, 0x0000, 0x0000, 0x0000, 0x0000, 0x0000, // 0x5AE0 (23264) pixels
    0x0000, 0x0000, 0x0000, 0x0000, 0x0000, 0x0000, 0x0000, 0x0000, 0x0000, 0x0000, 0x0000, 0x0000, 0x0000, 0x0000, 0x0000, 0x0000, // 0x5AF0 (23280) pixels
    0x0000, 0x0000, 0x0000, 0x0000, 0x0000, 0x0000, 0x0000, 0x0000, 0x0000, 0x0000, 0x0000, 0x0000, 0x0000, 0x0000, 0x0000, 0x0000, // 0x5B00 (23296) pixels
    0x0000, 0x0000, 0x0000, 0x0000, 0x0000, 0x0000, 0x0000, 0x0000, 0x0000, 0x0000, 0x0000, 0x0000, 0x0000, 0x0020, 0x0020, 0x0000, // 0x5B10 (23312) pixels
    0x0000, 0x0000, 0x0000, 0x0000, 0x0000, 0x0000, 0x0000, 0x0000, 0x0000, 0x0000, 0x0000, 0x0000, 0x0000, 0x0000, 0x0000, 0x0000, // 0x5B20 (23328) pixels
    0x0000, 0x0000, 0x0000, 0x0000, 0x0000, 0x0000, 0x0000, 0x0000, 0x0000, 0x0000, 0x0000, 0x0000, 0x0000, 0x0000, 0x0000, 0x0000, // 0x5B30 (23344) pixels
    0x0000, 0x0000, 0x0000, 0x0000, 0x0000, 0x0000, 0x0000, 0x0000, 0x0000, 0x0000, 0x0000, 0x0000, 0x0000, 0x0000, 0x0000, 0x0000, // 0x5B40 (23360) pixels
    0x0000, 0x0000, 0x0000, 0x0000, 0x0000, 0x0000, 0x0000, 0x0000, 0x0000, 0x0000, 0x0000, 0x0000, 0x0000, 0x0000, 0x0000, 0x0000, // 0x5B50 (23376) pixels
    0x0000, 0x0000, 0x0000, 0x0000, 0x0000, 0x0000, 0x0000, 0x0000, 0x0000, 0x0000, 0x0000, 0x0000, 0x0000, 0x0000, 0x0000, 0x0000, // 0x5B60 (23392) pixels
    0x0000, 0x0000, 0x0000, 0x0000, 0x0000, 0x0000, 0x0000, 0x0000, 0x0000, 0x0000, 0x0000, 0x0000, 0x0000, 0x0000, 0x0000, 0x0000, // 0x5B70 (23408) pixels
    0x0000, 0x0000, 0x0000, 0x0000, 0x0000, 0x0000, 0x0000, 0x0000, 0x0000, 0x0000, 0x0000, 0x0000, 0x0000, 0x0000, 0x0000, 0x0000, // 0x5B80 (23424) pixels
    0x0000, 0x0000, 0x0000, 0x0000, 0x0000, 0x0000, 0x0000, 0x0000, 0x0000, 0x0000, 0x0000, 0x0000, 0x0000, 0x0000, 0x0000, 0x0000, // 0x5B90 (23440) pixels
    0x0000, 0x0000, 0x0000, 0x0000, 0x0000, 0x0000, 0x0000, 0x0000, 0x0000, 0x0000, 0x0000, 0x0000, 0x0000, 0x0000, 0x0000, 0x0000, // 0x5BA0 (23456) pixels
    0x0000, 0x0000, 0x0000, 0x0000, 0x0000, 0x0000, 0x0000, 0x0000, 0x0000, 0x0000, 0x0000, 0x0000, 0x0000, 0x0000, 0x0000, 0x0000, // 0x5BB0 (23472) pixels
    0x0000, 0x0000, 0x0000, 0x0000, 0x0000, 0x0000, 0x0000, 0x0000, 0x0000, 0x0000, 0x0000, 0x0000, 0x0000, 0x0000, 0x0000, 0x0000, // 0x5BC0 (23488) pixels
    0x0000, 0x0000, 0x0000, 0x0000, 0x0000, 0x0000, 0x0000, 0x0000, 0x0000, 0x0000, 0x0020, 0x0000, 0x0000, 0x0000, 0x0841, 0x0000, // 0x5BD0 (23504) pixels
    0x0000, 0x0000, 0x0000, 0x0000, 0x0000, 0x0000, 0x0000, 0x0000, 0x0000, 0x0000, 0x0000, 0x0000, 0x0000, 0x0000, 0x0000, 0x0000, // 0x5BE0 (23520) pixels
    0x0000, 0x0000, 0x0000, 0x0000, 0x0000, 0x0000, 0x0000, 0x0000, 0x0000, 0x0000, 0x0000, 0x0000, 0x0000, 0x0000, 0x0000, 0x0000, // 0x5BF0 (23536) pixels
    0x0000, 0x0000, 0x0000, 0x0000, 0x0000, 0x0000, 0x0000, 0x0000, 0x0000, 0x0000, 0x0000, 0x0000, 0x0000, 0x0000, 0x0000, 0x0000, // 0x5C00 (23552) pixels
    0x0000, 0x0000, 0x0000, 0x0000, 0x0000, 0x0000, 0x0000, 0x0000, 0x0000, 0x0000, 0x0000, 0x0000, 0x0000, 0x0000, 0x0000, 0x0000, // 0x5C10 (23568) pixels
    0x0000, 0x0000, 0x0000, 0x0000, 0x0000, 0x0000, 0x0000, 0x0000, 0x0000, 0x0000, 0x0000, 0x0000, 0x0000, 0x0000, 0x0000, 0x0000, // 0x5C20 (23584) pixels
    0x0000, 0x0000, 0x0000, 0x0000, 0x0000, 0x0000, 0x0000, 0x0000, 0x0000, 0x0000, 0x0000, 0x0000, 0x0000, 0x0000, 0x0000, 0x0000, // 0x5C30 (23600) pixels
    0x0000, 0x0000, 0x0000, 0x0000, 0x0000, 0x0000, 0x0000, 0x0000, 0x0000, 0x0000, 0x0000, 0x0000, 0x0000, 0x0000, 0x0000, 0x0000, // 0x5C40 (23616) pixels
    0x0000, 0x0000, 0x0000, 0x0000, 0x0000, 0x0000, 0x0000, 0x0000, 0x0000, 0x0000, 0x0000, 0x0000, 0x0000, 0x0000, 0x0000, 0x0000, // 0x5C50 (23632) pixels
    0x0000, 0x0000, 0x0000, 0x0000, 0x0000, 0x0000, 0x0000, 0x0000, 0x0000, 0x0000, 0x0000, 0x0000, 0x0000, 0x0000, 0x0000, 0x0000, // 0x5C60 (23648) pixels
    0x0000, 0x0000, 0x0000, 0x0000, 0x0000, 0x0000, 0x0000, 0x0000, 0x0000, 0x0000, 0x0000, 0x0000, 0x0000, 0x0000, 0x0000, 0x0000, // 0x5C70 (23664) pixels
    0x0000, 0x0000, 0x0000, 0x0000, 0x0000, 0x0000, 0x0000, 0x0000, 0x0000, 0x0000, 0x0000, 0x0000, 0x0000, 0x0000, 0x0000, 0x0000, // 0x5C80 (23680) pixels
    0x0000, 0x0000, 0x0000, 0x0000, 0x0000, 0x0000, 0x0000, 0x0000, 0x0000, 0x0000, 0x0000, 0x0000, 0x0000, 0x0000, 0x0000, 0x0000, // 0x5C90 (23696) pixels
    0x0000, 0x0000, 0x0000, 0x0000, 0x0000, 0x0000, 0x0000, 0x0000, 0x0000, 0x0000, 0x0000, 0x0000, 0x0000, 0x0000, 0x0000, 0x0000, // 0x5CA0 (23712) pixels
    0x0000, 0x0000, 0x0000, 0x0000, 0x0000, 0x0000, 0x0000, 0x0000, 0x0000, 0x0000, 0x0000, 0x0000, 0x0000, 0x0000, 0x0000, 0x0000, // 0x5CB0 (23728) pixels
    0x0000, 0x0000, 0x0000, 0x0000, 0x0000, 0x0000, 0x0000, 0x0000, 0x0000, 0x0000, 0x0000, 0x0000, 0x0000, 0x0000, 0x0000, 0x0000, // 0x5CC0 (23744) pixels
    0x0000, 0x0000, 0x0000, 0x0000, 0x0000, 0x0000, 0x0000, 0x0000, 0x0000, 0x0000, 0x0000, 0x0000, 0x0000, 0x0000, 0x0000, 0x0000, // 0x5CD0 (23760) pixels
    0x0000, 0x0000, 0x0000, 0x0000, 0x0000, 0x0000, 0x0000, 0x0000, 0x0000, 0x0000, 0x0000, 0x0000, 0x0000, 0x0000, 0x0000, 0x0000, // 0x5CE0 (23776) pixels
    0x0000, 0x0000, 0x0000, 0x0000, 0x0000, 0x0000, 0x0000, 0x0000, 0x0000, 0x0000, 0x0000, 0x0000, 0x0000, 0x0000, 0x0000, 0x0000, // 0x5CF0 (23792) pixels
    0x0000, 0x0000, 0x0000, 0x0000, 0x0000, 0x0000, 0x0000, 0x0000, 0x0000, 0x0000, 0x0000, 0x0000, 0x0000, 0x0000, 0x0000, 0x0000, // 0x5D00 (23808) pixels
    0x0000, 0x0000, 0x0000, 0x0000, 0x0000, 0x0000, 0x0000, 0x0000, 0x0000, 0x0000, 0x0000, 0x0000, 0x0000, 0x0000, 0x0000, 0x0000, // 0x5D10 (23824) pixels
    0x0000, 0x0000, 0x0000, 0x0000, 0x0000, 0x0000, 0x0000, 0x0000, 0x0000, 0x0000, 0x0000, 0x0000, 0x0000, 0x0000, 0x0000, 0x0000, // 0x5D20 (23840) pixels
    0x0000, 0x0000, 0x0000, 0x0000, 0x0000, 0x0000, 0x0000, 0x0000, 0x0000, 0x0000, 0x0000, 0x0000, 0x0000, 0x0000, 0x0000, 0x0000, // 0x5D30 (23856) pixels
    0x0000, 0x0000, 0x0000, 0x0000, 0x0000, 0x0000, 0x0020, 0x0000, 0x0000, 0x0000, 0x0000, 0x0000, 0x0000, 0x0000, 0x0000, 0x0000, // 0x5D40 (23872) pixels
    0x0000, 0x0000, 0x0000, 0x0000, 0x0000, 0x0000, 0x0000, 0x0000, 0x0000, 0x0000, 0x0000, 0x0000, 0x0000, 0x0000, 0x0000, 0x0000, // 0x5D50 (23888) pixels
    0x0000, 0x0000, 0x0000, 0x0000, 0x0000, 0x0000, 0x0000, 0x0000, 0x0000, 0x0000, 0x0000, 0x0000, 0x0000, 0x0000, 0x0000, 0x0000, // 0x5D60 (23904) pixels
    0x0000, 0x0000, 0x0000, 0x0000, 0x0000, 0x0000, 0x0000, 0x0000, 0x0000, 0x0000, 0x0000, 0x0000, 0x0000, 0x0000, 0x0000, 0x0000, // 0x5D70 (23920) pixels
    0x0000, 0x0000, 0x0000, 0x0000, 0x0000, 0x0000, 0x0000, 0x0000, 0x0000, 0x0000, 0x0000, 0x0000, 0x0000, 0x0000, 0x0000, 0x0000, // 0x5D80 (23936) pixels
    0x0000, 0x0000, 0x0000, 0x0000, 0x0000, 0x0000, 0x0000, 0x0000, 0x0000, 0x0000, 0x0000, 0x0000, 0x0000, 0x0000, 0x0000, 0x0000, // 0x5D90 (23952) pixels
    0x0000, 0x0000, 0x0000, 0x0000, 0x0000, 0x0000, 0x0000, 0x0000, 0x0000, 0x0000, 0x0000, 0x0000, 0x0000, 0x0000, 0x0000, 0x0000, // 0x5DA0 (23968) pixels
    0x0000, 0x0000, 0x0000, 0x0000, 0x0000, 0x0000, 0x0000, 0x0000, 0x0000, 0x0000, 0x0000, 0x0000, 0x0000, 0x0000, 0x0000, 0x0000, // 0x5DB0 (23984) pixels
    0x0000, 0x0000, 0x0000, 0x0000, 0x0000, 0x0000, 0x0000, 0x0000, 0x0000, 0x0000, 0x0000, 0x0000, 0x0000, 0x0000, 0x0000, 0x0000, // 0x5DC0 (24000) pixels
    0x0000, 0x0000, 0x0000, 0x0000, 0x0000, 0x0000, 0x0000, 0x0000, 0x0000, 0x0000, 0x0000, 0x0000, 0x0000, 0x0000, 0x0000, 0x0000, // 0x5DD0 (24016) pixels
    0x0000, 0x0000, 0x0000, 0x0000, 0x0000, 0x0000, 0x0000, 0x0000, 0x0000, 0x0000, 0x0000, 0x0000, 0x0000, 0x0000, 0x0000, 0x0000, // 0x5DE0 (24032) pixels
    0x0000, 0x0000, 0x0000, 0x0000, 0x0000, 0x0000, 0x0000, 0x0000, 0x0000, 0x0000, 0x0000, 0x0000, 0x0000, 0x0000, 0x0000, 0x0000, // 0x5DF0 (24048) pixels
    0x0000, 0x0000, 0x0000, 0x0000, 0x0000, 0x0000, 0x0000, 0x0000, 0x0000, 0x0000, 0x0000, 0x0000, 0x0000, 0x0000, 0x0000, 0x0000, // 0x5E00 (24064) pixels
    0x0000, 0x0000, 0x0000, 0x0000, 0x0000, 0x0020, 0x0000, 0x0000, 0x0000, 0x0000, 0x0000, 0x0000, 0x0000, 0x0000, 0x0000, 0x0000, // 0x5E10 (24080) pixels
    0x0000, 0x0000, 0x0000, 0x0000, 0x0000, 0x0000, 0x0000, 0x0000, 0x0000, 0x0000, 0x0000, 0x0000, 0x0000, 0x0000, 0x0000, 0x0000, // 0x5E20 (24096) pixels
    0x0000, 0x0000, 0x0000, 0x0000, 0x0000, 0x0000, 0x0000, 0x0000, 0x0000, 0x0000, 0x0000, 0x0000, 0x0000, 0x0000, 0x0000, 0x0000, // 0x5E30 (24112) pixels
    0x0000, 0x0000, 0x0000, 0x0000, 0x0000, 0x0000, 0x0000, 0x0000, 0x0000, 0x0000, 0x0000, 0x0000, 0x0000, 0x0000, 0x0000, 0x0000, // 0x5E40 (24128) pixels
    0x0000, 0x0000, 0x0000, 0x0000, 0x0000, 0x0000, 0x0000, 0x0000, 0x0000, 0x0000, 0x0000, 0x0000, 0x0000, 0x0000, 0x0000, 0x0000, // 0x5E50 (24144) pixels
    0x0000, 0x0000, 0x0000, 0x0000, 0x0000, 0x0000, 0x0000, 0x0000, 0x0000, 0x0000, 0x0000, 0x0000, 0x0000, 0x0000, 0x0000, 0x0000, // 0x5E60 (24160) pixels
    0x0000, 0x0000, 0x0000, 0x0000, 0x0000, 0x0000, 0x0000, 0x0000, 0x0000, 0x0000, 0x0000, 0x0000, 0x0000, 0x0000, 0x0000, 0x0000, // 0x5E70 (24176) pixels
    0x0000, 0x0000, 0x0000, 0x0000, 0x0000, 0x0000, 0x0000, 0x0000, 0x0000, 0x0000, 0x0000, 0x0000, 0x0000, 0x0000, 0x0000, 0x0000, // 0x5E80 (24192) pixels
    0x0000, 0x0000, 0x0000, 0x0000, 0x0000, 0x0000, 0x0000, 0x0000, 0x0000, 0x0000, 0x0000, 0x0000, 0x0000, 0x0000, 0x0000, 0x0000, // 0x5E90 (24208) pixels
    0x0000, 0x0000, 0x0000, 0x0000, 0x0000, 0x0000, 0x0000, 0x0000, 0x0000, 0x0000, 0x0000, 0x0000, 0x0000, 0x0000, 0x0000, 0x0000, // 0x5EA0 (24224) pixels
    0x0000, 0x0000, 0x0000, 0x0000, 0x0000, 0x0000, 0x0000, 0x0000, 0x0000, 0x0000, 0x0000, 0x0000, 0x0000, 0x0000, 0x0000, 0x0000, // 0x5EB0 (24240) pixels
    0x0000, 0x0000, 0x0000, 0x0000, 0x0000, 0x0000, 0x0000, 0x0000, 0x0000, 0x0000, 0x0000, 0x0000, 0x0000, 0x0000, 0x0000, 0x0000, // 0x5EC0 (24256) pixels
    0x0000, 0x0000, 0x0000, 0x0000, 0x0000, 0x0000, 0x0000, 0x0000, 0x0000, 0x0000, 0x0000, 0x0000, 0x0000, 0x0000, 0x0000, 0x0000, // 0x5ED0 (24272) pixels
    0x0000, 0x0000, 0x0000, 0x0000, 0x0000, 0x0000, 0x0000, 0x0000, 0x0000, 0x0000, 0x0000, 0x0000, 0x0000, 0x0000, 0x0000, 0x0000, // 0x5EE0 (24288) pixels
    0x0000, 0x0000, 0x0000, 0x0000, 0x0000, 0x0000, 0x0000, 0x0000, 0x0000, 0x0000, 0x0000, 0x0000, 0x0000, 0x0000, 0x0000, 0x0000, // 0x5EF0 (24304) pixels
    0x0000, 0x0000, 0x0000, 0x0000, 0x0000, 0x0000, 0x0000, 0x0000, 0x0000, 0x0000, 0x0000, 0x0000, 0x0000, 0x0000, 0x0000, 0x0000, // 0x5F00 (24320) pixels
};

#endif // BABYTREX_H