// Generated by   : ImageConverter 565 Online
// Generated from : babyDragon.jpg
// Time generated : Tue, 29 Jul 25 07:21:36 +0200  (Server timezone: CET)
// Image Size     : 190x128 pixels
// Memory usage   : 48640 bytes

#ifndef BABYDRAGON_H
#define BABYDRAGON_H

#include <TFT_eSPI.h>

void drawBabyDragon(TFT_eSPI &tft);

#if defined(__AVR__)
    #include <avr/pgmspace.h>
#elif defined(__PIC32MX__)
    #define PROGMEM
#elif defined(__arm__)
    #define PROGMEM
#endif

const unsigned short babyDragon[16200] PROGMEM={
0x0000, 0x0000, 0x0000, 0x0000, 0x0000, 0x0000, 0x0000, 0x0000, 0x0000, 0x0000, 0x0000, 0x0000, 0x0000, 0x0000, 0x0000, 0x0000,   // 0x0010 (16) pixels
0x0000, 0x0000, 0x0000, 0x0000, 0x0000, 0x0000, 0x0000, 0x0000, 0x0000, 0x0000, 0x0000, 0x0000, 0x0000, 0x0000, 0x0000, 0x0000,   // 0x0020 (32) pixels
0x0000, 0x0000, 0x0000, 0x0000, 0x0000, 0x0000, 0x0000, 0x0000, 0x0000, 0x0000, 0x0000, 0x0000, 0x0000, 0x0000, 0x0000, 0x0000,   // 0x0030 (48) pixels
0x0000, 0x0000, 0x0000, 0x0000, 0x0000, 0x0000, 0x0000, 0x0000, 0x0000, 0x0000, 0x0000, 0x0000, 0x0000, 0x0000, 0x0000, 0x0000,   // 0x0040 (64) pixels
0x0000, 0x0000, 0x0000, 0x0000, 0x0000, 0x0000, 0x0000, 0x0000, 0x0000, 0x0000, 0x0000, 0x0000, 0x0000, 0x0000, 0x0000, 0x0000,   // 0x0050 (80) pixels
0x0000, 0x0000, 0x0000, 0x0000, 0x0000, 0x0000, 0x0000, 0x0000, 0x0000, 0x0000, 0x0000, 0x0000, 0x0000, 0x0000, 0x0000, 0x0000,   // 0x0060 (96) pixels
0x0000, 0x0000, 0x0000, 0x0000, 0x0000, 0x0000, 0x0000, 0x0000, 0x0000, 0x0000, 0x0000, 0x0000, 0x0000, 0x0000, 0x0000, 0x0000,   // 0x0070 (112) pixels
0x0000, 0x0000, 0x0000, 0x0000, 0x0000, 0x0000, 0x0000, 0x0000, 0x0000, 0x0000, 0x0000, 0x0000, 0x0000, 0x0000, 0x0000, 0x0000,   // 0x0080 (128) pixels
0x0000, 0x0000, 0x0000, 0x0000, 0x0000, 0x0000, 0x0000, 0x0000, 0x0000, 0x0000, 0x0000, 0x0000, 0x0000, 0x0000, 0x0000, 0x0000,   // 0x0090 (144) pixels
0x0000, 0x0000, 0x0000, 0x0000, 0x0000, 0x0000, 0x0000, 0x0000, 0x0000, 0x0000, 0x0000, 0x0000, 0x0000, 0x0000, 0x0000, 0x0000,   // 0x00A0 (160) pixels
0x0000, 0x0000, 0x0000, 0x0000, 0x0000, 0x0000, 0x0000, 0x0000, 0x0000, 0x0000, 0x0000, 0x0000, 0x0000, 0x0000, 0x0000, 0x0000,   // 0x00B0 (176) pixels
0x0000, 0x0000, 0x0000, 0x0000, 0x0000, 0x0000, 0x0000, 0x0000, 0x0000, 0x0000, 0x0000, 0x0000, 0x0000, 0x0000, 0x0000, 0x0000,   // 0x00C0 (192) pixels
0x0000, 0x0000, 0x0000, 0x0000, 0x0000, 0x0000, 0x0000, 0x0000, 0x0000, 0x0000, 0x0000, 0x0000, 0x0000, 0x0000, 0x0000, 0x0000,   // 0x00D0 (208) pixels
0x0000, 0x0000, 0x0000, 0x0000, 0x0000, 0x0000, 0x0000, 0x0000, 0x0000, 0x0000, 0x0000, 0x0000, 0x0000, 0x0000, 0x0000, 0x0000,   // 0x00E0 (224) pixels
0x0000, 0x0000, 0x0000, 0x0000, 0x0000, 0x0000, 0x0000, 0x0000, 0x0000, 0x0000, 0x0000, 0x0000, 0x0000, 0x0000, 0x0000, 0x0000,   // 0x00F0 (240) pixels
0x0000, 0x0000, 0x0000, 0x0000, 0x0000, 0x0000, 0x0000, 0x0000, 0x0000, 0x0000, 0x0000, 0x0000, 0x0000, 0x0000, 0x0000, 0x0000,   // 0x0100 (256) pixels
0x0000, 0x0000, 0x0000, 0x0000, 0x0000, 0x0000, 0x0000, 0x0000, 0x0000, 0x0000, 0x0000, 0x0000, 0x0000, 0x0000, 0x0000, 0x0000,   // 0x0110 (272) pixels
0x0000, 0x0000, 0x0000, 0x0000, 0x0000, 0x0000, 0x0000, 0x0000, 0x0000, 0x0000, 0x0000, 0x0000, 0x0000, 0x0000, 0x0000, 0x0000,   // 0x0120 (288) pixels
0x0000, 0x0000, 0x0000, 0x0000, 0x0000, 0x0000, 0x0000, 0x0000, 0x0000, 0x0000, 0x0000, 0x0000, 0x0000, 0x0000, 0x0000, 0x0000,   // 0x0130 (304) pixels
0x0000, 0x0000, 0x0000, 0x0000, 0x0000, 0x0000, 0x0000, 0x0000, 0x0000, 0x0000, 0x0000, 0x0000, 0x0000, 0x0000, 0x0000, 0x0000,   // 0x0140 (320) pixels
0x0000, 0x0000, 0x0000, 0x0000, 0x0000, 0x0000, 0x0000, 0x0000, 0x0000, 0x0000, 0x0000, 0x0000, 0x0000, 0x0000, 0x0000, 0x0000,   // 0x0150 (336) pixels
0x0000, 0x0000, 0x0000, 0x0000, 0x0000, 0x0000, 0x0000, 0x0000, 0x0000, 0x0000, 0x0000, 0x0000, 0x0000, 0x0000, 0x0000, 0x0000,   // 0x0160 (352) pixels
0x0000, 0x0000, 0x0000, 0x0000, 0x0000, 0x0000, 0x0000, 0x0000, 0x0000, 0x0000, 0x0000, 0x0000, 0x0000, 0x0000, 0x0000, 0x0000,   // 0x0170 (368) pixels
0x0000, 0x0000, 0x0000, 0x0000, 0x0000, 0x0000, 0x0000, 0x0000, 0x0000, 0x0000, 0x0000, 0x0000, 0x0000, 0x0000, 0x0000, 0x0000,   // 0x0180 (384) pixels
0x0000, 0x0000, 0x0000, 0x0000, 0x0000, 0x0000, 0x0000, 0x0000, 0x0000, 0x0000, 0x0000, 0x0000, 0x0000, 0x0000, 0x0000, 0x0000,   // 0x0190 (400) pixels
0x0000, 0x0000, 0x0000, 0x0000, 0x0000, 0x0000, 0x0000, 0x0000, 0x0000, 0x0000, 0x0000, 0x0000, 0x0000, 0x0000, 0x0000, 0x0000,   // 0x01A0 (416) pixels
0x0000, 0x0000, 0x0000, 0x0000, 0x0000, 0x0000, 0x0000, 0x0000, 0x0000, 0x0000, 0x0000, 0x0000, 0x0000, 0x0000, 0x0000, 0x0000,   // 0x01B0 (432) pixels
0x0000, 0x0000, 0x0000, 0x0000, 0x0000, 0x0000, 0x0000, 0x0000, 0x0000, 0x0000, 0x0000, 0x0000, 0x0000, 0x0000, 0x0000, 0x0000,   // 0x01C0 (448) pixels
0x0000, 0x0000, 0x0000, 0x0000, 0x0000, 0x0000, 0x0000, 0x0000, 0x0000, 0x0000, 0x0000, 0x0000, 0x0000, 0x0000, 0x0000, 0x0000,   // 0x01D0 (464) pixels
0x0000, 0x0000, 0x0000, 0x0000, 0x0000, 0x0000, 0x0000, 0x0000, 0x0000, 0x0000, 0x0000, 0x0000, 0x0000, 0x0000, 0x0000, 0x0000,   // 0x01E0 (480) pixels
0x0000, 0x0000, 0x0000, 0x0000, 0x0000, 0x0000, 0x0000, 0x0000, 0x0000, 0x0000, 0x0000, 0x0000, 0x0000, 0x0000, 0x0000, 0x0000,   // 0x01F0 (496) pixels
0x0000, 0x0000, 0x0000, 0x0000, 0x0000, 0x0000, 0x0000, 0x0000, 0x0000, 0x0000, 0x0000, 0x0000, 0x0000, 0x0000, 0x0000, 0x0000,   // 0x0200 (512) pixels
0x0000, 0x0000, 0x0000, 0x0000, 0x0000, 0x0000, 0x0000, 0x0000, 0x0000, 0x0000, 0x0000, 0x0000, 0x0000, 0x0000, 0x0000, 0x0000,   // 0x0210 (528) pixels
0x0000, 0x0000, 0x0000, 0x0000, 0x0000, 0x0000, 0x0000, 0x0000, 0x0000, 0x0000, 0x0000, 0x0000, 0x0000, 0x0000, 0x0000, 0x0000,   // 0x0220 (544) pixels
0x0000, 0x0000, 0x0000, 0x0000, 0x0000, 0x0000, 0x0000, 0x0000, 0x0000, 0x0000, 0x0000, 0x0000, 0x0000, 0x0000, 0x0000, 0x0000,   // 0x0230 (560) pixels
0x0000, 0x0000, 0x0000, 0x0000, 0x0000, 0x0000, 0x0000, 0x0000, 0x0000, 0x0000, 0x0000, 0x0000, 0x0000, 0x0000, 0x0000, 0x0000,   // 0x0240 (576) pixels
0x0000, 0x0000, 0x0000, 0x0000, 0x0000, 0x0000, 0x0000, 0x0000, 0x0000, 0x0000, 0x0000, 0x0000, 0x0000, 0x0000, 0x0000, 0x0000,   // 0x0250 (592) pixels
0x0000, 0x0000, 0x0000, 0x0000, 0x0000, 0x0000, 0x0000, 0x0000, 0x0000, 0x0000, 0x0000, 0x0000, 0x0000, 0x0000, 0x0000, 0x0000,   // 0x0260 (608) pixels
0x0000, 0x0000, 0x0000, 0x0000, 0x0000, 0x0000, 0x0000, 0x0000, 0x0000, 0x0000, 0x0000, 0x0000, 0x0000, 0x0000, 0x0000, 0x0000,   // 0x0270 (624) pixels
0x0000, 0x0000, 0x0000, 0x0000, 0x0000, 0x0000, 0x0000, 0x0000, 0x0000, 0x0000, 0x0000, 0x0000, 0x0000, 0x0000, 0x0000, 0x0000,   // 0x0280 (640) pixels
0x0000, 0x0000, 0x0000, 0x0000, 0x0000, 0x0000, 0x0000, 0x0000, 0x0000, 0x0000, 0x0000, 0x0000, 0x0000, 0x0000, 0x0000, 0x0000,   // 0x0290 (656) pixels
0x0000, 0x0000, 0x0000, 0x0000, 0x0000, 0x0000, 0x0000, 0x0000, 0x0000, 0x0000, 0x0000, 0x0000, 0x0000, 0x0000, 0x0000, 0x0000,   // 0x02A0 (672) pixels
0x0000, 0x0000, 0x0000, 0x0000, 0x0000, 0x0000, 0x0000, 0x0000, 0x0000, 0x0000, 0x0000, 0x0000, 0x0000, 0x0000, 0x0000, 0x0000,   // 0x02B0 (688) pixels
0x0000, 0x0000, 0x0000, 0x0000, 0x0000, 0x0000, 0x0000, 0x0000, 0x0000, 0x0000, 0x0000, 0x0000, 0x0000, 0x0000, 0x0000, 0x0000,   // 0x02C0 (704) pixels
0x0000, 0x0000, 0x0000, 0x0000, 0x0000, 0x0000, 0x0000, 0x0000, 0x0000, 0x0000, 0x0000, 0x0000, 0x0000, 0x0000, 0x0000, 0x0000,   // 0x02D0 (720) pixels
0x0000, 0x0000, 0x0000, 0x0000, 0x0000, 0x0000, 0x0000, 0x0000, 0x0000, 0x0000, 0x0000, 0x0000, 0x0000, 0x0000, 0x0000, 0x0000,   // 0x02E0 (736) pixels
0x0000, 0x0000, 0x0000, 0x0000, 0x0000, 0x0000, 0x0000, 0x0000, 0x0000, 0x0000, 0x0000, 0x0000, 0x0000, 0x0000, 0x0000, 0x0000,   // 0x02F0 (752) pixels
0x0000, 0x0000, 0x0000, 0x0000, 0x0000, 0x0000, 0x0000, 0x0000, 0x0000, 0x0000, 0x0000, 0x0000, 0x0000, 0x0000, 0x0000, 0x0000,   // 0x0300 (768) pixels
0x0000, 0x0000, 0x0000, 0x0000, 0x0000, 0x0000, 0x0000, 0x0000, 0x0000, 0x0000, 0x0000, 0x0000, 0x0000, 0x0000, 0x0000, 0x0000,   // 0x0310 (784) pixels
0x0000, 0x0000, 0x0000, 0x0000, 0x0000, 0x0000, 0x0000, 0x0000, 0x0000, 0x0000, 0x0000, 0x0000, 0x0000, 0x0000, 0x0000, 0x0000,   // 0x0320 (800) pixels
0x0000, 0x0000, 0x0000, 0x0000, 0x0000, 0x0000, 0x0000, 0x0000, 0x0000, 0x0000, 0x0000, 0x0000, 0x0000, 0x0000, 0x0000, 0x0000,   // 0x0330 (816) pixels
0x0000, 0x0000, 0x0000, 0x0000, 0x0000, 0x0000, 0x0000, 0x0000, 0x0000, 0x0000, 0x0000, 0x0000, 0x0000, 0x0000, 0x0000, 0x0000,   // 0x0340 (832) pixels
0x0000, 0x0000, 0x0000, 0x0000, 0x0000, 0x0000, 0x0000, 0x0000, 0x0000, 0x0000, 0x0000, 0x0000, 0x0000, 0x0000, 0x0000, 0x0000,   // 0x0350 (848) pixels
0x0000, 0x0000, 0x0000, 0x0000, 0x0000, 0x0000, 0x0000, 0x0000, 0x0000, 0x0000, 0x0000, 0x0000, 0x0000, 0x0000, 0x0000, 0x0000,   // 0x0360 (864) pixels
0x0000, 0x0000, 0x0000, 0x0000, 0x0000, 0x0000, 0x0000, 0x0000, 0x0000, 0x0000, 0x0000, 0x0000, 0x0000, 0x0000, 0x0000, 0x0000,   // 0x0370 (880) pixels
0x0000, 0x0000, 0x0000, 0x0000, 0x0000, 0x0000, 0x0000, 0x0000, 0x0000, 0x0000, 0x0000, 0x0000, 0x0000, 0x0000, 0x0000, 0x0000,   // 0x0380 (896) pixels
0x0000, 0x0000, 0x0000, 0x0000, 0x0000, 0x0000, 0x0000, 0x0000, 0x0000, 0x0000, 0x0000, 0x0000, 0x0000, 0x0000, 0x0000, 0x0000,   // 0x0390 (912) pixels
0x0000, 0x0000, 0x0000, 0x0000, 0x0000, 0x0000, 0x0000, 0x0000, 0x0000, 0x0000, 0x0000, 0x0000, 0x0000, 0x0000, 0x0000, 0x0000,   // 0x03A0 (928) pixels
0x0000, 0x0000, 0x0000, 0x0000, 0x0000, 0x0000, 0x0000, 0x0000, 0x0000, 0x0000, 0x0000, 0x0000, 0x0000, 0x0000, 0x0000, 0x0000,   // 0x03B0 (944) pixels
0x0000, 0x0000, 0x0000, 0x0000, 0x0000, 0x0000, 0x0000, 0x0000, 0x0000, 0x0000, 0x0000, 0x0000, 0x0000, 0x0000, 0x0000, 0x0000,   // 0x03C0 (960) pixels
0x0000, 0x0000, 0x0000, 0x0000, 0x0000, 0x0000, 0x0000, 0x0000, 0x0000, 0x0000, 0x0000, 0x0000, 0x0000, 0x0000, 0x0000, 0x0000,   // 0x03D0 (976) pixels
0x0000, 0x1840, 0x1000, 0x0000, 0x0061, 0x0001, 0x0801, 0x0000, 0x0000, 0x0000, 0x0000, 0x0000, 0x0000, 0x0000, 0x0000, 0x0000,   // 0x03E0 (992) pixels
0x0000, 0x0000, 0x0000, 0x0000, 0x0000, 0x0000, 0x0000, 0x0000, 0x0000, 0x0000, 0x0820, 0x0000, 0x0000, 0x0000, 0x0000, 0x0000,   // 0x03F0 (1008) pixels
0x0000, 0x0000, 0x0000, 0x0000, 0x0000, 0x0000, 0x0000, 0x0000, 0x0000, 0x0000, 0x0000, 0x0000, 0x0000, 0x0000, 0x0000, 0x0000,   // 0x0400 (1024) pixels
0x0000, 0x0800, 0x0041, 0x0000, 0x0020, 0x0000, 0x1000, 0x0040, 0x0000, 0x0000, 0x0000, 0x0000, 0x0000, 0x0000, 0x0000, 0x0000,   // 0x0410 (1040) pixels
0x0000, 0x0000, 0x0000, 0x0000, 0x0000, 0x0000, 0x0000, 0x0000, 0x0000, 0x0000, 0x0000, 0x0000, 0x0000, 0x0000, 0x0000, 0x0000,   // 0x0420 (1056) pixels
0x0000, 0x0000, 0x0000, 0x0000, 0x0000, 0x0000, 0x0000, 0x0000, 0x0800, 0x0000, 0x0020, 0x0020, 0x0000, 0x0000, 0x0000, 0x0040,   // 0x0430 (1072) pixels
0x0000, 0x0800, 0x0000, 0x0020, 0x0020, 0x0000, 0x0000, 0x0020, 0x0000, 0x0000, 0x0000, 0x0000, 0x0000, 0x0000, 0x0000, 0x0000,   // 0x0440 (1088) pixels
0x0000, 0x0000, 0x0000, 0x0000, 0x0000, 0x0000, 0x0000, 0x0000, 0x0000, 0x28E3, 0x7249, 0x2800, 0x0000, 0x0882, 0x0000, 0x0800,   // 0x0450 (1104) pixels
0x0000, 0x0000, 0x0000, 0x0000, 0x0000, 0x0000, 0x0000, 0x0000, 0x0000, 0x0000, 0x0000, 0x0000, 0x0000, 0x0000, 0x0000, 0x0000,   // 0x0460 (1120) pixels
0x0000, 0x0020, 0x0000, 0x0000, 0x0000, 0x0000, 0x0000, 0x0000, 0x0000, 0x0000, 0x0000, 0x0000, 0x0000, 0x0000, 0x0000, 0x0000,   // 0x0470 (1136) pixels
0x0000, 0x0000, 0x0000, 0x0000, 0x0000, 0x0000, 0x0000, 0x0000, 0x0000, 0x0800, 0x0000, 0x0820, 0x2000, 0x79A9, 0x4105, 0x0000,   // 0x0480 (1152) pixels
0x0000, 0x0000, 0x0000, 0x0000, 0x0000, 0x0000, 0x0000, 0x0000, 0x0000, 0x0000, 0x0000, 0x0000, 0x0000, 0x0000, 0x0000, 0x0000,   // 0x0490 (1168) pixels
0x0000, 0x0000, 0x0000, 0x0000, 0x0000, 0x0000, 0x0000, 0x0000, 0x0000, 0x0000, 0x0000, 0x0000, 0x0000, 0x0000, 0x0000, 0x0000,   // 0x04A0 (1184) pixels
0x0800, 0x0000, 0x0000, 0x0000, 0x0000, 0x0000, 0x0000, 0x0000, 0x0000, 0x0020, 0x0020, 0x0000, 0x0000, 0x0000, 0x0000, 0x0000,   // 0x04B0 (1200) pixels
0x0000, 0x0000, 0x0000, 0x0000, 0x0000, 0x0000, 0x0000, 0x0000, 0x0000, 0x0000, 0x0000, 0x0000, 0x0000, 0x0000, 0x0000, 0x0000,   // 0x04C0 (1216) pixels
0x0000, 0x1061, 0x928B, 0x91A9, 0x2000, 0x0020, 0x0040, 0x0800, 0x0000, 0x0000, 0x0000, 0x0000, 0x0000, 0x0000, 0x0000, 0x0000,   // 0x04D0 (1232) pixels
0x0000, 0x0000, 0x0000, 0x0000, 0x0000, 0x0000, 0x0000, 0x0000, 0x0000, 0x0000, 0x0000, 0x0820, 0x0000, 0x1061, 0x0000, 0x0000,   // 0x04E0 (1248) pixels
0x0000, 0x0000, 0x0000, 0x0000, 0x0000, 0x0000, 0x0000, 0x0000, 0x0000, 0x0000, 0x0000, 0x0000, 0x0000, 0x0000, 0x0000, 0x0000,   // 0x04F0 (1264) pixels
0x0801, 0x0820, 0x0000, 0x3942, 0xCAED, 0xD24D, 0x40E4, 0x0000, 0x0000, 0x0000, 0x0000, 0x0000, 0x0000, 0x0000, 0x0000, 0x0000,   // 0x0500 (1280) pixels
0x0000, 0x0000, 0x0000, 0x0000, 0x0000, 0x0000, 0x0000, 0x0000, 0x0000, 0x0000, 0x0000, 0x0000, 0x0000, 0x0000, 0x0000, 0x0000,   // 0x0510 (1296) pixels
0x0000, 0x0000, 0x0000, 0x0000, 0x0000, 0x0000, 0x0000, 0x0000, 0x0000, 0x0000, 0x0000, 0x0000, 0x0800, 0x0800, 0x0800, 0x0000,   // 0x0520 (1312) pixels
0x0000, 0x0020, 0x0020, 0x0800, 0x0800, 0x0000, 0x0000, 0x0000, 0x0000, 0x0000, 0x0000, 0x0000, 0x0000, 0x0000, 0x0000, 0x0000,   // 0x0530 (1328) pixels
0x0000, 0x0000, 0x0000, 0x0000, 0x0000, 0x0000, 0x0000, 0x0000, 0x0001, 0x0000, 0x58A4, 0xCA6D, 0x79A9, 0x0000, 0x0020, 0x0800,   // 0x0540 (1344) pixels
0x0000, 0x0000, 0x0000, 0x0000, 0x0000, 0x0000, 0x0000, 0x0000, 0x0000, 0x0000, 0x0000, 0x0000, 0x0000, 0x0000, 0x0000, 0x0000,   // 0x0550 (1360) pixels
0x0001, 0x0000, 0x0021, 0x0820, 0x0000, 0x0800, 0x0800, 0x1000, 0x0000, 0x0000, 0x0000, 0x0000, 0x0000, 0x0000, 0x0000, 0x0000,   // 0x0560 (1376) pixels
0x0000, 0x0000, 0x0000, 0x0000, 0x0000, 0x0000, 0x0000, 0x0000, 0x0802, 0x0800, 0x3942, 0xCC4E, 0xF2CD, 0x8864, 0x0800, 0x0000,   // 0x0570 (1392) pixels
0x0000, 0x0000, 0x0000, 0x0000, 0x0000, 0x0000, 0x0000, 0x0000, 0x0000, 0x0000, 0x0000, 0x0000, 0x0000, 0x0000, 0x0000, 0x0000,   // 0x0580 (1408) pixels
0x0000, 0x0000, 0x0000, 0x0000, 0x0000, 0x0000, 0x0000, 0x0000, 0x0000, 0x0000, 0x0000, 0x0000, 0x0000, 0x0000, 0x0000, 0x0000,   // 0x0590 (1424) pixels
0x0000, 0x0000, 0x0000, 0x0000, 0x0000, 0x0000, 0x0000, 0x0000, 0x0040, 0x0000, 0x0000, 0x1820, 0x0800, 0x0000, 0x0000, 0x0000,   // 0x05A0 (1440) pixels
0x0000, 0x0000, 0x0000, 0x0000, 0x0000, 0x0000, 0x0000, 0x0000, 0x0000, 0x0000, 0x0000, 0x0000, 0x0000, 0x0000, 0x0000, 0x0000,   // 0x05B0 (1456) pixels
0x0801, 0x0020, 0x2800, 0x9107, 0xBAAF, 0x5988, 0x0801, 0x0020, 0x0000, 0x0000, 0x0000, 0x0000, 0x0000, 0x0000, 0x0000, 0x0000,   // 0x05C0 (1472) pixels
0x0000, 0x0000, 0x0000, 0x0000, 0x0000, 0x0000, 0x0000, 0x0000, 0x0000, 0x0021, 0x0000, 0x0000, 0x1040, 0x1000, 0x38C3, 0x5165,   // 0x05D0 (1488) pixels
0x0000, 0x0000, 0x0000, 0x0000, 0x0000, 0x0000, 0x0000, 0x0000, 0x0000, 0x0000, 0x0000, 0x0000, 0x0000, 0x0800, 0x0800, 0x0800,   // 0x05E0 (1504) pixels
0x1021, 0x2020, 0xB44D, 0xFC2F, 0xB0C5, 0x2800, 0x0000, 0x0800, 0x0000, 0x0000, 0x0000, 0x0000, 0x0000, 0x0000, 0x0000, 0x0000,   // 0x05F0 (1520) pixels
0x0000, 0x0000, 0x0000, 0x0000, 0x0000, 0x0000, 0x0000, 0x0000, 0x0000, 0x0000, 0x0000, 0x0000, 0x0000, 0x0000, 0x0000, 0x0000,   // 0x0600 (1536) pixels
0x0000, 0x0000, 0x0000, 0x0000, 0x0000, 0x0000, 0x0000, 0x0000, 0x0000, 0x0000, 0x0000, 0x0000, 0x0000, 0x0000, 0x0020, 0x0020,   // 0x0610 (1552) pixels
0x0000, 0x2041, 0x3021, 0x1000, 0x0000, 0x0040, 0x0000, 0x0800, 0x0000, 0x0000, 0x0000, 0x0000, 0x0000, 0x0000, 0x0000, 0x0000,   // 0x0620 (1568) pixels
0x0000, 0x0000, 0x0000, 0x0000, 0x0000, 0x0000, 0x0000, 0x0000, 0x0000, 0x0020, 0x0800, 0x5002, 0xA9AC, 0xA2AF, 0x49A9, 0x0000,   // 0x0630 (1584) pixels
0x0000, 0x0000, 0x0000, 0x0000, 0x0000, 0x0000, 0x0000, 0x0000, 0x0000, 0x0000, 0x0000, 0x0000, 0x0000, 0x0000, 0x0000, 0x0000,   // 0x0640 (1600) pixels
0x0000, 0x0820, 0x0000, 0x0800, 0x1800, 0x3881, 0xAB8E, 0x8A28, 0x0800, 0x0800, 0x0000, 0x0000, 0x0000, 0x0000, 0x0000, 0x0000,   // 0x0650 (1616) pixels
0x0000, 0x0000, 0x0000, 0x0000, 0x0000, 0x0800, 0x0800, 0x0800, 0x1000, 0x8AE9, 0xFD32, 0xD9E8, 0x88C5, 0x0840, 0x0061, 0x0800,   // 0x0660 (1632) pixels
0x0000, 0x0000, 0x0000, 0x0000, 0x0000, 0x0000, 0x0000, 0x0000, 0x0000, 0x0000, 0x0000, 0x0000, 0x0000, 0x0000, 0x0000, 0x0000,   // 0x0670 (1648) pixels
0x0000, 0x0000, 0x0000, 0x0000, 0x0000, 0x0000, 0x0000, 0x0000, 0x0000, 0x0000, 0x0000, 0x0000, 0x0000, 0x0000, 0x0000, 0x0000,   // 0x0680 (1664) pixels
0x0000, 0x0000, 0x0000, 0x0020, 0x0020, 0x0000, 0x0800, 0x1000, 0x2820, 0x8A4A, 0x824A, 0x2081, 0x0020, 0x0020, 0x0000, 0x0800,   // 0x0690 (1680) pixels
0x0000, 0x0000, 0x0000, 0x0000, 0x0000, 0x0000, 0x0000, 0x0000, 0x0000, 0x0000, 0x0000, 0x0000, 0x0000, 0x0000, 0x0000, 0x0000,   // 0x06A0 (1696) pixels
0x0000, 0x0000, 0x0000, 0x2021, 0x78A8, 0xA1EE, 0x8331, 0x2107, 0x0841, 0x0800, 0x0000, 0x0000, 0x0000, 0x0000, 0x0000, 0x0000,   // 0x06B0 (1712) pixels
0x0000, 0x0000, 0x0000, 0x0000, 0x0000, 0x0000, 0x0000, 0x0000, 0x0000, 0x0000, 0x0800, 0x1800, 0x2800, 0x9289, 0xE430, 0x80C3,   // 0x06C0 (1728) pixels
0x0800, 0x0800, 0x0000, 0x0000, 0x0000, 0x0000, 0x0000, 0x0000, 0x0000, 0x0000, 0x0000, 0x0000, 0x0800, 0x0800, 0x0800, 0x1000,   // 0x06D0 (1744) pixels
0x40E1, 0xED92, 0xFBCE, 0xE1C9, 0x5002, 0x0001, 0x0000, 0x0000, 0x0000, 0x0000, 0x0000, 0x0000, 0x0000, 0x0000, 0x0000, 0x0000,   // 0x06E0 (1760) pixels
0x0000, 0x0000, 0x0000, 0x0000, 0x0000, 0x0000, 0x0000, 0x0000, 0x0000, 0x0000, 0x0000, 0x0000, 0x0000, 0x0000, 0x0000, 0x0000,   // 0x06F0 (1776) pixels
0x0000, 0x0000, 0x0000, 0x0000, 0x0000, 0x0000, 0x0000, 0x0000, 0x0000, 0x0000, 0x0000, 0x0820, 0x0000, 0x0800, 0x3021, 0x58C5,   // 0x0700 (1792) pixels
0xCAEE, 0xAACC, 0x5124, 0x0000, 0x0020, 0x0040, 0x0000, 0x0000, 0x0000, 0x0000, 0x0000, 0x0000, 0x0000, 0x0000, 0x0000, 0x0000,   // 0x0710 (1808) pixels
0x0000, 0x0000, 0x0000, 0x0000, 0x0000, 0x0000, 0x0000, 0x0000, 0x0041, 0x1000, 0x0000, 0x0000, 0x6868, 0x80EC, 0x7AD1, 0x7B72,   // 0x0720 (1824) pixels
0x1062, 0x0821, 0x0000, 0x0000, 0x0000, 0x0000, 0x0000, 0x0000, 0x0000, 0x0000, 0x0000, 0x0000, 0x0000, 0x0000, 0x0000, 0x0000,   // 0x0730 (1840) pixels
0x0820, 0x0800, 0x0800, 0x1800, 0x5964, 0xECF2, 0xCB0C, 0x7800, 0x0800, 0x0800, 0x0000, 0x0000, 0x0000, 0x0000, 0x0000, 0x0000,   // 0x0740 (1856) pixels
0x0000, 0x0000, 0x0000, 0x0000, 0x0800, 0x0800, 0x0800, 0x1000, 0xAB4A, 0xFE14, 0xFA8B, 0xD168, 0x3002, 0x1002, 0x0801, 0x0000,   // 0x0750 (1872) pixels
0x0000, 0x0000, 0x0000, 0x0000, 0x0000, 0x0000, 0x0000, 0x0000, 0x0000, 0x0000, 0x0000, 0x0000, 0x0000, 0x0000, 0x0000, 0x0000,   // 0x0760 (1888) pixels
0x0000, 0x0000, 0x0000, 0x0000, 0x0000, 0x0000, 0x0000, 0x0000, 0x0000, 0x0000, 0x0000, 0x0000, 0x0000, 0x0000, 0x0000, 0x0000,   // 0x0770 (1904) pixels
0x0000, 0x0000, 0x0800, 0x1000, 0x1000, 0x3842, 0x89EA, 0xDB92, 0xD9CB, 0x6042, 0x1000, 0x0820, 0x0820, 0x0000, 0x0000, 0x0020,   // 0x0780 (1920) pixels
0x0000, 0x0000, 0x0000, 0x0000, 0x0000, 0x0000, 0x0000, 0x0000, 0x0000, 0x0000, 0x0000, 0x0000, 0x0000, 0x0000, 0x0000, 0x0000,   // 0x0790 (1936) pixels
0x0000, 0x0800, 0x0000, 0x0820, 0x3083, 0x7846, 0x894D, 0x7AF3, 0x7B50, 0x0823, 0x0001, 0x0021, 0x0800, 0x0820, 0x0000, 0x0020,   // 0x07A0 (1952) pixels
0x0000, 0x0000, 0x0000, 0x0000, 0x0000, 0x0000, 0x0000, 0x0800, 0x0800, 0x1001, 0x2001, 0x1800, 0xCCCE, 0xFB6D, 0xC107, 0x3822,   // 0x07B0 (1968) pixels
0x1000, 0x0800, 0x0800, 0x0000, 0x0000, 0x0000, 0x0000, 0x0000, 0x0000, 0x0000, 0x0000, 0x0020, 0x0000, 0x1001, 0x1800, 0x2840,   // 0x07C0 (1984) pixels
0xCD6D, 0xFC6F, 0xE9AB, 0xA949, 0x2021, 0x0000, 0x0000, 0x0000, 0x0000, 0x0000, 0x0000, 0x0000, 0x0000, 0x0000, 0x0000, 0x0000,   // 0x07D0 (2000) pixels
0x0000, 0x0000, 0x0000, 0x0000, 0x0000, 0x0000, 0x0000, 0x0000, 0x0000, 0x0000, 0x0000, 0x0000, 0x0000, 0x0000, 0x0000, 0x0000,   // 0x07E0 (2016) pixels
0x0000, 0x0000, 0x0000, 0x0020, 0x0020, 0x0020, 0x0000, 0x0800, 0x0020, 0x0820, 0x0821, 0x0001, 0x4907, 0xC2B1, 0xEA92, 0xC94D,   // 0x07F0 (2032) pixels
0x30E4, 0x1021, 0x0000, 0x0020, 0x0020, 0x0000, 0x0000, 0x0000, 0x0000, 0x0000, 0x0000, 0x0000, 0x0000, 0x0000, 0x0000, 0x0000,   // 0x0800 (2048) pixels
0x0000, 0x0000, 0x0000, 0x0000, 0x0000, 0x0000, 0x0000, 0x0000, 0x0020, 0x0800, 0x0000, 0x0000, 0x2862, 0x8047, 0x808A, 0x6A30,   // 0x0810 (2064) pixels
0x7330, 0x6B50, 0x0883, 0x0000, 0x0000, 0x0000, 0x0000, 0x0020, 0x0000, 0x0000, 0x0000, 0x0000, 0x0000, 0x0000, 0x0800, 0x0800,   // 0x0820 (2080) pixels
0x0800, 0x1802, 0x2001, 0x7267, 0xE510, 0xFACC, 0xB0E7, 0x2001, 0x1000, 0x0800, 0x0000, 0x0000, 0x0000, 0x0000, 0x0000, 0x0000,   // 0x0830 (2096) pixels
0x0000, 0x0000, 0x0000, 0x0000, 0x0800, 0x1801, 0x1800, 0x4923, 0xF691, 0xFCD0, 0xF1CC, 0x98E8, 0x1800, 0x0000, 0x0000, 0x0041,   // 0x0840 (2112) pixels
0x0000, 0x0000, 0x0000, 0x0000, 0x0000, 0x0000, 0x0000, 0x0000, 0x0000, 0x0000, 0x0000, 0x0000, 0x0000, 0x0000, 0x0000, 0x0000,   // 0x0850 (2128) pixels
0x0000, 0x0000, 0x0000, 0x0000, 0x0000, 0x0000, 0x0000, 0x0000, 0x0821, 0x0000, 0x0000, 0x0040, 0x0000, 0x0000, 0x0820, 0x0000,   // 0x0860 (2144) pixels
0x0020, 0x0800, 0x0001, 0x5A6C, 0xAB72, 0xB20F, 0xA96C, 0x8067, 0x1821, 0x0800, 0x0000, 0x0020, 0x0020, 0x0000, 0x0000, 0x0000,   // 0x0870 (2160) pixels
0x0000, 0x0000, 0x0000, 0x0000, 0x0000, 0x0000, 0x0000, 0x0000, 0x0000, 0x0000, 0x0000, 0x0000, 0x0000, 0x0000, 0x0000, 0x0000,   // 0x0880 (2176) pixels
0x0000, 0x0000, 0x0000, 0x0000, 0x2041, 0x90A8, 0x8028, 0x694D, 0x5A6F, 0x8C35, 0x4A8C, 0x0042, 0x0000, 0x0000, 0x0841, 0x0000,   // 0x0890 (2192) pixels
0x0000, 0x0000, 0x0000, 0x0000, 0x0000, 0x0000, 0x0800, 0x0800, 0x1800, 0x1801, 0x2000, 0xC4AE, 0xEC4D, 0xD9C9, 0x98A7, 0x1000,   // 0x08A0 (2208) pixels
0x1000, 0x0800, 0x0000, 0x0000, 0x0000, 0x0000, 0x0000, 0x0000, 0x0000, 0x0020, 0x0000, 0x0000, 0x0800, 0x1000, 0x1800, 0x7246,   // 0x08B0 (2224) pixels
0xEE10, 0xEBAD, 0xE96A, 0x90A7, 0x1000, 0x0000, 0x0000, 0x0000, 0x0000, 0x0000, 0x0000, 0x0000, 0x0000, 0x0000, 0x0000, 0x0000,   // 0x08C0 (2240) pixels
0x0000, 0x0000, 0x0000, 0x0000, 0x0000, 0x0000, 0x0000, 0x0000, 0x0000, 0x0000, 0x0000, 0x0000, 0x0000, 0x0000, 0x0000, 0x0000,   // 0x08D0 (2256) pixels
0x0000, 0x0000, 0x0000, 0x0000, 0x0020, 0x0000, 0x0000, 0x1061, 0x0000, 0x28E6, 0x8372, 0xA394, 0x91CF, 0xA9AE, 0x78E8, 0x2801,   // 0x08E0 (2272) pixels
0x0800, 0x0800, 0x0000, 0x0020, 0x0000, 0x0000, 0x0000, 0x0000, 0x0000, 0x0000, 0x0000, 0x0000, 0x0000, 0x0000, 0x0000, 0x0000,   // 0x08F0 (2288) pixels
0x0000, 0x0000, 0x0000, 0x0000, 0x0000, 0x0000, 0x0000, 0x0000, 0x0020, 0x0000, 0x0000, 0x0000, 0x1800, 0x90C8, 0x8807, 0x6869,   // 0x0900 (2304) pixels
0x6250, 0x5A8F, 0x94D6, 0x3A4A, 0x0000, 0x0821, 0x0800, 0x0000, 0x0000, 0x0000, 0x0000, 0x0000, 0x0000, 0x0000, 0x0800, 0x1000,   // 0x0910 (2320) pixels
0x2000, 0x1000, 0x61C6, 0xFDB2, 0xF36B, 0xD969, 0x7866, 0x0800, 0x0800, 0x0800, 0x0000, 0x0000, 0x0000, 0x0000, 0x0000, 0x0000,   // 0x0920 (2336) pixels
0x0000, 0x0000, 0x0000, 0x0000, 0x0801, 0x1800, 0x2000, 0xABCC, 0xFE11, 0xE30B, 0xE98B, 0x8887, 0x1000, 0x0020, 0x0000, 0x0000,   // 0x0930 (2352) pixels
0x0000, 0x0000, 0x0000, 0x0000, 0x0000, 0x0000, 0x0000, 0x0000, 0x0000, 0x0000, 0x0000, 0x0000, 0x0000, 0x0000, 0x0000, 0x0000,   // 0x0940 (2368) pixels
0x0000, 0x0000, 0x0000, 0x0000, 0x0000, 0x0000, 0x0000, 0x0000, 0x0000, 0x0000, 0x0000, 0x0000, 0x0000, 0x0000, 0x0000, 0x0000,   // 0x0950 (2384) pixels
0x4A0B, 0x9455, 0x8B73, 0x9A52, 0xA10E, 0x8869, 0x4864, 0x0020, 0x0800, 0x0800, 0x0000, 0x0000, 0x0000, 0x0000, 0x0000, 0x0000,   // 0x0960 (2400) pixels
0x0000, 0x0000, 0x0000, 0x0000, 0x0000, 0x0000, 0x0000, 0x0000, 0x0000, 0x0000, 0x0000, 0x0000, 0x0000, 0x0000, 0x0000, 0x0000,   // 0x0970 (2416) pixels
0x0020, 0x0000, 0x0000, 0x0020, 0x0800, 0x98E8, 0xA028, 0x7808, 0x614D, 0x622F, 0x6B72, 0x8CB5, 0x31E9, 0x0000, 0x0800, 0x0800,   // 0x0980 (2432) pixels
0x0000, 0x0000, 0x0000, 0x0000, 0x0000, 0x0800, 0x0800, 0x1001, 0x2800, 0x2820, 0xBC8E, 0xFD51, 0xF26A, 0xC96A, 0x5003, 0x0821,   // 0x0990 (2448) pixels
0x1000, 0x0800, 0x0800, 0x0000, 0x0000, 0x0000, 0x0000, 0x0000, 0x0000, 0x0000, 0x0000, 0x0800, 0x1001, 0x1800, 0x40C1, 0xDD71,   // 0x09A0 (2464) pixels
0xFE32, 0xEB0C, 0xF9CD, 0x88A7, 0x0800, 0x0020, 0x0000, 0x0000, 0x0000, 0x0000, 0x0000, 0x0000, 0x0000, 0x0000, 0x0000, 0x0000,   // 0x09B0 (2480) pixels
0x0000, 0x0000, 0x0000, 0x0000, 0x0000, 0x0000, 0x0000, 0x0000, 0x0000, 0x0000, 0x0000, 0x0000, 0x0000, 0x0000, 0x0000, 0x0000,   // 0x09C0 (2496) pixels
0x0000, 0x0841, 0x0000, 0x0000, 0x0821, 0x0000, 0x18C4, 0x630E, 0x9455, 0x7B52, 0x7A30, 0x88ED, 0x982B, 0x8089, 0x2801, 0x0040,   // 0x09D0 (2512) pixels
0x0000, 0x0000, 0x0000, 0x0000, 0x0000, 0x0000, 0x0000, 0x0000, 0x0000, 0x0000, 0x0000, 0x0000, 0x0000, 0x0000, 0x0000, 0x0000,   // 0x09E0 (2528) pixels
0x0000, 0x0000, 0x0000, 0x0000, 0x0000, 0x0000, 0x0000, 0x0000, 0x0020, 0x0000, 0x0000, 0x0020, 0x0800, 0x98E7, 0xB8A9, 0x9028,   // 0x09F0 (2544) pixels
0x5808, 0x71CE, 0x49ED, 0x7C35, 0x7C13, 0x18C5, 0x0000, 0x0000, 0x0000, 0x0000, 0x0000, 0x0000, 0x0000, 0x0800, 0x1000, 0x1801,   // 0x0A00 (2560) pixels
0x2800, 0x59C4, 0xFE54, 0xFC4F, 0xE9AA, 0xB949, 0x2800, 0x1021, 0x1000, 0x1000, 0x0800, 0x0800, 0x0000, 0x0000, 0x0000, 0x0000,   // 0x0A10 (2576) pixels
0x0000, 0x0820, 0x0820, 0x0800, 0x1000, 0x2000, 0x69E4, 0xFE53, 0xFD70, 0xE2AB, 0xF9CD, 0x88C8, 0x0800, 0x0020, 0x0000, 0x0000,   // 0x0A20 (2592) pixels
0x0000, 0x0000, 0x0000, 0x0000, 0x0000, 0x0000, 0x0000, 0x0000, 0x0000, 0x0000, 0x0000, 0x0000, 0x0000, 0x0000, 0x0000, 0x0000,   // 0x0A30 (2608) pixels
0x0000, 0x0000, 0x0000, 0x0000, 0x0000, 0x0000, 0x0000, 0x0000, 0x0000, 0x0000, 0x0020, 0x0000, 0x0001, 0x41EA, 0x8BF3, 0x9C76,   // 0x0A40 (2624) pixels
0x6AB1, 0x82B2, 0x814D, 0x8808, 0xA88A, 0x70A7, 0x1000, 0x0040, 0x0000, 0x0000, 0x0000, 0x0000, 0x0000, 0x0020, 0x0000, 0x0000,   // 0x0A50 (2640) pixels
0x0000, 0x0000, 0x0000, 0x0000, 0x0000, 0x0000, 0x0000, 0x0000, 0x0000, 0x0000, 0x0000, 0x0000, 0x0000, 0x0000, 0x0000, 0x0000,   // 0x0A60 (2656) pixels
0x0020, 0x0800, 0x0000, 0x0040, 0x0800, 0x90E7, 0xC0A9, 0xA048, 0x7808, 0x5808, 0x7271, 0x422F, 0x73F5, 0x6BD2, 0x0022, 0x0000,   // 0x0A70 (2672) pixels
0x0000, 0x0000, 0x0000, 0x0000, 0x0000, 0x0800, 0x1000, 0x1801, 0x2801, 0xAC0C, 0xFE73, 0xFB6D, 0xF9AC, 0xA128, 0x1800, 0x1802,   // 0x0A80 (2688) pixels
0x1800, 0x1000, 0x1000, 0x0800, 0x0800, 0x0000, 0x0800, 0x0800, 0x0000, 0x0000, 0x0000, 0x0800, 0x1001, 0x2800, 0x8AA7, 0xFE52,   // 0x0A90 (2704) pixels
0xFCEF, 0xEAAB, 0xF98D, 0x88E8, 0x0000, 0x0020, 0x0000, 0x0000, 0x0000, 0x0000, 0x0000, 0x0000, 0x0000, 0x0000, 0x0000, 0x0000,   // 0x0AA0 (2720) pixels
0x0000, 0x0000, 0x0000, 0x0000, 0x0000, 0x0000, 0x0000, 0x0000, 0x0000, 0x0000, 0x0000, 0x0000, 0x0000, 0x0000, 0x0000, 0x0000,   // 0x0AB0 (2736) pixels
0x0000, 0x0840, 0x0000, 0x0042, 0x52AD, 0xA4F7, 0x9C77, 0x6291, 0x8AB3, 0x712C, 0x8849, 0xA828, 0xA8E9, 0x5084, 0x0800, 0x0000,   // 0x0AC0 (2752) pixels
0x0000, 0x0000, 0x0000, 0x0000, 0x0000, 0x0000, 0x0000, 0x0000, 0x0000, 0x0000, 0x0000, 0x0000, 0x0000, 0x0000, 0x0000, 0x0000,   // 0x0AD0 (2768) pixels
0x0000, 0x0000, 0x0000, 0x0000, 0x0000, 0x0000, 0x0000, 0x0000, 0x0000, 0x0800, 0x0000, 0x0020, 0x0820, 0x90E6, 0xC0A9, 0xB089,   // 0x0AE0 (2784) pixels
0x9028, 0x6808, 0x512C, 0x4A30, 0x5312, 0x8CD7, 0x5B4E, 0x0020, 0x0000, 0x0000, 0x0000, 0x0000, 0x0000, 0x0800, 0x1000, 0x1801,   // 0x0AF0 (2800) pixels
0x3843, 0xE591, 0xED2D, 0xE26B, 0xF16D, 0x88C5, 0x1820, 0x1802, 0x1800, 0x1800, 0x1000, 0x1000, 0x0800, 0x0800, 0x0800, 0x0800,   // 0x0B00 (2816) pixels
0x0820, 0x0000, 0x0000, 0x1001, 0x1801, 0x2000, 0x8AA7, 0xED6F, 0xEC4D, 0xE26B, 0xE94B, 0x88C8, 0x0000, 0x0020, 0x0000, 0x0000,   // 0x0B10 (2832) pixels
0x0000, 0x0000, 0x0000, 0x0000, 0x0000, 0x0000, 0x0000, 0x0000, 0x0000, 0x0000, 0x0000, 0x0000, 0x0000, 0x0000, 0x0000, 0x0000,   // 0x0B20 (2848) pixels
0x0000, 0x0000, 0x0000, 0x0000, 0x0000, 0x0000, 0x0000, 0x0000, 0x0800, 0x0000, 0x1904, 0x7BF1, 0xB5B9, 0x83F5, 0x5A71, 0x7B15,   // 0x0B30 (2864) pixels
0x694E, 0x6829, 0xA028, 0xB847, 0xA0E7, 0x3020, 0x0000, 0x0001, 0x0020, 0x0020, 0x0000, 0x0000, 0x0000, 0x0000, 0x0000, 0x0020,   // 0x0B40 (2880) pixels
0x0000, 0x0000, 0x0000, 0x0000, 0x0000, 0x0000, 0x0000, 0x0000, 0x0000, 0x0000, 0x0000, 0x0000, 0x0000, 0x0000, 0x0000, 0x0000,   // 0x0B50 (2896) pixels
0x0000, 0x0000, 0x0000, 0x0041, 0x1000, 0xB906, 0xC127, 0xC0A8, 0xA868, 0x8827, 0x5006, 0x61CE, 0x4A6F, 0x5372, 0x7C75, 0x52EE,   // 0x0B60 (2912) pixels
0x0000, 0x0800, 0x0040, 0x0000, 0x0000, 0x0020, 0x0000, 0x0800, 0x6A06, 0xFE97, 0xF4B1, 0xEACF, 0xE9AE, 0x60C4, 0x1800, 0x1042,   // 0x0B70 (2928) pixels
0x1020, 0x2000, 0x71E9, 0x2082, 0x1000, 0x0800, 0x1800, 0x3022, 0x1000, 0x1800, 0x0000, 0x0841, 0x1801, 0x2800, 0xCBAC, 0xFE72,   // 0x0B80 (2944) pixels
0xECD0, 0xEA2B, 0xE8EB, 0x9888, 0x2802, 0x0800, 0x0820, 0x0000, 0x0000, 0x0000, 0x0000, 0x0000, 0x0000, 0x0000, 0x0000, 0x0000,   // 0x0B90 (2960) pixels
0x0000, 0x0000, 0x0000, 0x0000, 0x0000, 0x0000, 0x0000, 0x0000, 0x0000, 0x0000, 0x0000, 0x0000, 0x0000, 0x0000, 0x0000, 0x0020,   // 0x0BA0 (2976) pixels
0x0001, 0x2968, 0x9497, 0xA55B, 0x6354, 0x5A91, 0x82B2, 0x714D, 0x7808, 0x9848, 0xC828, 0xD8A9, 0x80E7, 0x1000, 0x0800, 0x0020,   // 0x0BB0 (2992) pixels
0x0000, 0x0000, 0x0000, 0x0000, 0x0000, 0x0000, 0x0000, 0x0000, 0x0000, 0x0000, 0x0000, 0x0000, 0x0000, 0x0000, 0x0000, 0x0000,   // 0x0BC0 (3008) pixels
0x0000, 0x0000, 0x0000, 0x0000, 0x0000, 0x0000, 0x0000, 0x0000, 0x0000, 0x0000, 0x0000, 0x0021, 0x1000, 0xC147, 0xC948, 0xC0C8,   // 0x0BD0 (3024) pixels
0xB068, 0x9007, 0x6828, 0x4889, 0x5A70, 0x42AF, 0x63D3, 0x7C95, 0x39E8, 0x0000, 0x0000, 0x0000, 0x0000, 0x0820, 0x0800, 0x0800,   // 0x0BE0 (3040) pixels
0x3902, 0xCCF1, 0xE471, 0xF26F, 0xD14B, 0x78A4, 0x5904, 0x1000, 0x0800, 0x71E7, 0xCBD0, 0x2820, 0x1800, 0x1861, 0x5144, 0x9B0B,   // 0x0BF0 (3056) pixels
0x0800, 0x2000, 0x0840, 0x0000, 0x2001, 0x48A3, 0xF4F1, 0xFE32, 0xEC2E, 0xE1EB, 0xE8EC, 0xB92B, 0x4064, 0x0800, 0x0000, 0x0000,   // 0x0C00 (3072) pixels
0x0000, 0x0000, 0x0000, 0x0000, 0x0000, 0x0000, 0x0000, 0x0000, 0x0000, 0x0000, 0x0000, 0x0000, 0x0000, 0x0000, 0x0000, 0x0000,   // 0x0C10 (3088) pixels
0x0020, 0x0000, 0x0000, 0x0000, 0x0000, 0x0000, 0x0000, 0x0041, 0x530E, 0x9D38, 0x8C77, 0x52D2, 0x5AB2, 0x7AD3, 0x690C, 0x6008,   // 0x0C20 (3104) pixels
0x9009, 0xA869, 0xD068, 0xD8C9, 0x78E6, 0x0800, 0x0800, 0x0020, 0x0000, 0x0000, 0x0000, 0x0000, 0x0000, 0x0000, 0x0000, 0x0000,   // 0x0C30 (3120) pixels
0x0000, 0x0000, 0x0000, 0x0000, 0x0000, 0x0000, 0x0000, 0x0000, 0x0000, 0x0000, 0x0000, 0x0000, 0x0000, 0x0000, 0x0000, 0x0000,   // 0x0C40 (3136) pixels
0x0000, 0x0000, 0x0000, 0x0020, 0x1820, 0xC988, 0xC9A8, 0xC908, 0xC0C8, 0xA888, 0x8048, 0x5808, 0x492C, 0x4A4F, 0x42B0, 0x7CD7,   // 0x0C50 (3152) pixels
0x7433, 0x1967, 0x0000, 0x0020, 0x0000, 0x0000, 0x0000, 0x0800, 0x1881, 0x5206, 0xC430, 0xF22E, 0xC9CC, 0xD2CE, 0x7946, 0x2000,   // 0x0C60 (3168) pixels
0x3962, 0xEC91, 0xC26A, 0x3800, 0x1800, 0x1881, 0xC44F, 0xCB0A, 0x1801, 0x1000, 0x0840, 0x0800, 0x2021, 0x4882, 0xE4B1, 0xE4EF,   // 0x0C70 (3184) pixels
0xE34D, 0xE18B, 0xE8EC, 0xD16E, 0x5865, 0x0000, 0x0000, 0x0000, 0x0000, 0x0000, 0x0000, 0x0000, 0x0000, 0x0000, 0x0000, 0x0000,   // 0x0C80 (3200) pixels
0x0000, 0x0000, 0x0000, 0x0000, 0x0000, 0x0000, 0x0000, 0x0000, 0x0041, 0x0000, 0x0020, 0x0000, 0x0000, 0x0021, 0x10C4, 0x7C52,   // 0x0C90 (3216) pixels
0x9DDA, 0x7C76, 0x6333, 0x5A71, 0x6A72, 0x58CB, 0x6808, 0x8809, 0xB049, 0xC0A9, 0xE0A9, 0xE10A, 0x68C5, 0x0800, 0x0000, 0x0000,   // 0x0CA0 (3232) pixels
0x0000, 0x0000, 0x0000, 0x0000, 0x0000, 0x0000, 0x0000, 0x0000, 0x0000, 0x0000, 0x0000, 0x0000, 0x0000, 0x0000, 0x0000, 0x0000,   // 0x0CB0 (3248) pixels
0x0000, 0x0000, 0x0000, 0x0000, 0x0000, 0x0000, 0x0000, 0x0000, 0x0000, 0x0000, 0x0000, 0x0000, 0x1820, 0xD1E9, 0xD1E9, 0xC949,   // 0x0CC0 (3264) pixels
0xD14A, 0xB8C8, 0x9868, 0x7029, 0x4008, 0x51CE, 0x3A4F, 0x4311, 0x7CD7, 0x6C13, 0x1926, 0x0000, 0x0820, 0x0000, 0x0000, 0x0820,   // 0x0CD0 (3280) pixels
0x1882, 0x18E2, 0x5166, 0xE1AC, 0xCACE, 0xE30F, 0x5842, 0x2000, 0xBC6D, 0xFBCF, 0xB907, 0x3800, 0x1000, 0x72E8, 0xFD33, 0xD186,   // 0x0CE0 (3296) pixels
0x3843, 0x1000, 0x1040, 0x1000, 0x1800, 0x5124, 0xDCB1, 0xE4B0, 0xE2AD, 0xD94B, 0xE0CC, 0xD14E, 0x5004, 0x0000, 0x0020, 0x0000,   // 0x0CF0 (3312) pixels
0x0000, 0x0000, 0x0000, 0x0000, 0x0000, 0x0000, 0x0000, 0x0000, 0x0000, 0x0000, 0x0000, 0x0000, 0x0000, 0x0000, 0x0000, 0x0000,   // 0x0D00 (3328) pixels
0x0000, 0x0841, 0x0000, 0x0000, 0x0000, 0x31E9, 0x9D78, 0x8D38, 0x6C56, 0x4AF2, 0x5271, 0x7293, 0x508B, 0x6809, 0x9829, 0xB029,   // 0x0D10 (3344) pixels
0xC86A, 0xD0E9, 0xE8E9, 0xE16A, 0x60C4, 0x0000, 0x0000, 0x0000, 0x0000, 0x0000, 0x0000, 0x0000, 0x0000, 0x0000, 0x0000, 0x0000,   // 0x0D20 (3360) pixels
0x0000, 0x0000, 0x0000, 0x0000, 0x0000, 0x0000, 0x0000, 0x0000, 0x0000, 0x0000, 0x0000, 0x0000, 0x0000, 0x0000, 0x0000, 0x0000,   // 0x0D30 (3376) pixels
0x0000, 0x0000, 0x0000, 0x0000, 0x2040, 0xDA2A, 0xD229, 0xD1A9, 0xD989, 0xB8A7, 0xB0A9, 0x8008, 0x6829, 0x48AA, 0x4A4F, 0x2A0E,   // 0x0D40 (3392) pixels
0x4B73, 0x7CD8, 0x6391, 0x0063, 0x0000, 0x0840, 0x0000, 0x1061, 0x28E5, 0x10E3, 0x1861, 0xD24C, 0xF493, 0xD2AD, 0x3800, 0x7288,   // 0x0D50 (3408) pixels
0xFD30, 0xE168, 0xD12A, 0x2800, 0x30A0, 0xD531, 0xFBAE, 0xF909, 0x5024, 0x2001, 0x1021, 0x1000, 0x2840, 0xAC0E, 0xFE98, 0xFDB6,   // 0x0D60 (3424) pixels
0xEA4E, 0xD0EB, 0xD08C, 0xB92C, 0x4002, 0x0000, 0x0040, 0x0000, 0x0000, 0x0000, 0x0000, 0x0000, 0x0000, 0x0000, 0x0000, 0x0000,   // 0x0D70 (3440) pixels
0x0000, 0x0000, 0x0000, 0x0000, 0x0000, 0x0000, 0x0000, 0x0000, 0x0000, 0x0000, 0x0000, 0x0063, 0x532E, 0x9D79, 0x8519, 0x5BD5,   // 0x0D80 (3456) pixels
0x42D1, 0x62F3, 0x7252, 0x506B, 0x6829, 0x8808, 0xB86A, 0xC829, 0xD089, 0xE129, 0xF109, 0xE9AA, 0x58C3, 0x0000, 0x0000, 0x0000,   // 0x0D90 (3472) pixels
0x0000, 0x0000, 0x0000, 0x0000, 0x0000, 0x0000, 0x0000, 0x0000, 0x0000, 0x0000, 0x0000, 0x0000, 0x0000, 0x0000, 0x0000, 0x0000,   // 0x0DA0 (3488) pixels
0x0000, 0x0000, 0x0000, 0x0000, 0x0000, 0x0000, 0x0000, 0x0000, 0x0000, 0x0000, 0x0000, 0x0000, 0x2860, 0xE24A, 0xDA49, 0xD1EA,   // 0x0DB0 (3504) pixels
0xD189, 0xC949, 0xB088, 0xA068, 0x8049, 0x5008, 0x494C, 0x4A4F, 0x21EE, 0x5373, 0x7CB6, 0x534F, 0x08E4, 0x0000, 0x0000, 0x1882,   // 0x0DC0 (3520) pixels
0x20C4, 0x0882, 0x20C2, 0xCB4D, 0xFC92, 0xB9A9, 0x4841, 0xD4D1, 0xFB0C, 0xF089, 0xC0CB, 0x2000, 0x8A88, 0xFC70, 0xE9EB, 0xF8AB,   // 0x0DD0 (3536) pixels
0x7886, 0x2001, 0x1001, 0x1800, 0x4103, 0xE636, 0xFEFA, 0xF515, 0xEA2F, 0xC8AB, 0xC0AC, 0x992B, 0x2801, 0x0000, 0x0020, 0x0000,   // 0x0DE0 (3552) pixels
0x0000, 0x0000, 0x0000, 0x0000, 0x0000, 0x0000, 0x0000, 0x0000, 0x0000, 0x0000, 0x0000, 0x0000, 0x0000, 0x0000, 0x0000, 0x0000,   // 0x0DF0 (3568) pixels
0x0000, 0x0000, 0x1926, 0x7474, 0x95BA, 0x7C98, 0x63B5, 0x4291, 0x5AD2, 0x620F, 0x586A, 0x7009, 0x9009, 0xB069, 0xB848, 0xD8C9,   // 0x0E00 (3584) pixels
0xD8E9, 0xE189, 0xF169, 0xEA0A, 0x50A3, 0x0000, 0x0000, 0x0000, 0x0000, 0x0000, 0x0000, 0x0000, 0x0000, 0x0000, 0x0000, 0x0000,   // 0x0E10 (3600) pixels
0x0000, 0x0000, 0x0000, 0x0000, 0x0000, 0x0000, 0x0000, 0x0000, 0x0000, 0x0000, 0x0000, 0x0000, 0x0000, 0x0000, 0x0000, 0x0000,   // 0x0E20 (3616) pixels
0x0000, 0x0000, 0x0000, 0x0000, 0x2860, 0xE26A, 0xD249, 0xDA2A, 0xD1E9, 0xD9EA, 0xB8C8, 0xB8EA, 0x9028, 0x6828, 0x3847, 0x51ED,   // 0x0E30 (3632) pixels
0x216D, 0x320E, 0x5BB3, 0x7D16, 0x536F, 0x08C3, 0x0000, 0x1882, 0x20C3, 0x2104, 0x1861, 0xCCB0, 0xFB2D, 0xA865, 0xAACC, 0xF410,   // 0x0E40 (3648) pixels
0xF16B, 0xF86C, 0xB06A, 0x4043, 0xDB2E, 0xFA6C, 0xE0CA, 0xE88D, 0x80A8, 0x1801, 0x1001, 0x1800, 0x61E5, 0xFED8, 0xF698, 0xE454,   // 0x0E50 (3664) pixels
0xD9AF, 0xC88C, 0xC0ED, 0x70E9, 0x0801, 0x0020, 0x0000, 0x0000, 0x0000, 0x0000, 0x0000, 0x0000, 0x0000, 0x0000, 0x0000, 0x0000,   // 0x0E60 (3680) pixels
0x0000, 0x0000, 0x0000, 0x0000, 0x0000, 0x0000, 0x0000, 0x0020, 0x0001, 0x42AC, 0x8D57, 0x8539, 0x6C98, 0x5B74, 0x4210, 0x5A92,   // 0x0E70 (3696) pixels
0x59EE, 0x4869, 0x7009, 0x9808, 0xB029, 0xC089, 0xE16B, 0xD909, 0xE16A, 0xE9EA, 0xF9A9, 0xEA4B, 0x50A2, 0x0000, 0x0000, 0x0000,   // 0x0E80 (3712) pixels
0x0000, 0x0000, 0x0000, 0x0000, 0x0000, 0x0000, 0x0000, 0x0000, 0x0000, 0x0000, 0x0000, 0x0000, 0x0000, 0x0000, 0x0000, 0x0000,   // 0x0E90 (3728) pixels
0x0000, 0x0000, 0x0000, 0x0000, 0x0000, 0x0000, 0x0000, 0x0000, 0x0000, 0x0000, 0x0000, 0x0000, 0x2860, 0xE26A, 0xD249, 0xDA4A,   // 0x0EA0 (3744) pixels
0xDA4B, 0xC988, 0xD1AB, 0xB088, 0xA069, 0x7828, 0x4827, 0x40E9, 0x39EE, 0x218C, 0x328F, 0x5C33, 0x8556, 0x536E, 0x0862, 0x20A3,   // 0x0EB0 (3760) pixels
0x18C2, 0x0821, 0x1840, 0xD592, 0xE988, 0xD949, 0xF432, 0xE24B, 0xE08C, 0xF80C, 0xA849, 0x6947, 0xEA4D, 0xE889, 0xE06B, 0xD08E,   // 0x0EC0 (3776) pixels
0x8087, 0x2843, 0x3926, 0x38C3, 0x82E9, 0xFF19, 0xE637, 0xCB30, 0xC94E, 0xC8AD, 0xB92E, 0x4887, 0x0000, 0x0020, 0x0000, 0x0000,   // 0x0ED0 (3792) pixels
0x0000, 0x0000, 0x0000, 0x0000, 0x0000, 0x0000, 0x0000, 0x0000, 0x0000, 0x0000, 0x0000, 0x0000, 0x0000, 0x0000, 0x0020, 0x0861,   // 0x0EE0 (3808) pixels
0x536F, 0x8D37, 0x7D59, 0x5C56, 0x32D1, 0x320F, 0x62B2, 0x59EF, 0x3868, 0x6049, 0x904A, 0xB84A, 0xC028, 0xC888, 0xD94A, 0xE9CB,   // 0x0EF0 (3824) pixels
0xE9CA, 0xEA2A, 0xF9E9, 0xF26B, 0x50A2, 0x0000, 0x0000, 0x0000, 0x0000, 0x0000, 0x0000, 0x0000, 0x0000, 0x0000, 0x0000, 0x0000,   // 0x0F00 (3840) pixels
0x0000, 0x0000, 0x0000, 0x0000, 0x0000, 0x0000, 0x0000, 0x0000, 0x0000, 0x0000, 0x0000, 0x0000, 0x0000, 0x0000, 0x0000, 0x0000,   // 0x0F10 (3856) pixels
0x0000, 0x0000, 0x0000, 0x0800, 0x58C2, 0xDACA, 0xE2A9, 0xD2C9, 0xD289, 0xD229, 0xC9A9, 0xC109, 0xA8A8, 0x8868, 0x6828, 0x4807,   // 0x0F20 (3872) pixels
0x39CC, 0x296C, 0x216C, 0x3A91, 0x6456, 0x8599, 0x7452, 0x20C4, 0x1884, 0x1843, 0x0901, 0xBBEE, 0xE0CB, 0xD1AC, 0xFAAE, 0xF88B,   // 0x0F30 (3888) pixels
0xF04D, 0xC04C, 0x98AC, 0x712D, 0x79F1, 0x7A52, 0x7A72, 0x7251, 0x5A6F, 0x6A32, 0x69D2, 0x61CD, 0xA472, 0xFF3A, 0xED16, 0xBA30,   // 0x0F40 (3904) pixels
0xC08F, 0xD0EE, 0xA94B, 0x2822, 0x0000, 0x0000, 0x0800, 0x0800, 0x0000, 0x0820, 0x0000, 0x0000, 0x0020, 0x0020, 0x0000, 0x0000,   // 0x0F50 (3920) pixels
0x0001, 0x0000, 0x0000, 0x0820, 0x0000, 0x0021, 0x3AAC, 0x8537, 0x75DC, 0x6457, 0x5B34, 0x31EF, 0x29CD, 0x52D1, 0x51EE, 0x3848,   // 0x0F60 (3936) pixels
0x7809, 0x8809, 0xA84A, 0xC08A, 0xD8CA, 0xE12A, 0xE98A, 0xE9EA, 0xF22A, 0xF26A, 0xFA29, 0xE2AB, 0x4061, 0x0820, 0x0800, 0x0000,   // 0x0F70 (3952) pixels
0x0000, 0x0000, 0x0000, 0x0000, 0x0000, 0x0000, 0x0000, 0x0000, 0x0000, 0x0000, 0x0000, 0x0000, 0x0000, 0x0000, 0x0000, 0x0000,   // 0x0F80 (3968) pixels
0x0000, 0x0000, 0x0000, 0x0000, 0x0000, 0x0000, 0x0000, 0x0000, 0x0000, 0x0000, 0x0001, 0x0800, 0x6944, 0xDACA, 0xE2A9, 0xD309,   // 0x0F90 (3984) pixels
0xD2C9, 0xD269, 0xD1E9, 0xC949, 0xB0E9, 0x9089, 0x7048, 0x5807, 0x2888, 0x41EE, 0x192B, 0x320F, 0x4332, 0x5434, 0x9598, 0x8493,   // 0x0FA0 (4000) pixels
0x1884, 0x1841, 0x10E0, 0x89E7, 0xE86B, 0xD92B, 0xE9EC, 0xE84C, 0xA08B, 0x88CC, 0x718E, 0x7291, 0x7B54, 0x7B55, 0x7B75, 0x7B54,   // 0x0FB0 (4016) pixels
0x6B52, 0x6AD3, 0x6232, 0x49AC, 0xCDD7, 0xFF1A, 0xCBD2, 0xA96E, 0xB88E, 0xB96E, 0x68E8, 0x1000, 0x0020, 0x0000, 0x0800, 0x0000,   // 0x0FC0 (4032) pixels
0x0000, 0x0000, 0x0000, 0x0000, 0x0000, 0x0000, 0x0000, 0x0000, 0x0801, 0x0000, 0x0000, 0x0020, 0x2186, 0x6C52, 0x95FA, 0x7D58,   // 0x0FD0 (4048) pixels
0x5C16, 0x4B13, 0x31EF, 0x29AE, 0x4A91, 0x49CE, 0x3827, 0x6049, 0x8829, 0x986A, 0xB8AB, 0xD0EB, 0xE12B, 0xE98A, 0xF1EA, 0xF24A,   // 0x0FE0 (4064) pixels
0xF24A, 0xF28A, 0xFA4A, 0xE2AB, 0x3861, 0x0820, 0x0800, 0x0000, 0x0000, 0x0000, 0x0000, 0x0000, 0x0000, 0x0000, 0x0000, 0x0000,   // 0x0FF0 (4080) pixels
0x0000, 0x0000, 0x0000, 0x0000, 0x0000, 0x0000, 0x0000, 0x0000, 0x0000, 0x0000, 0x0000, 0x0000, 0x0000, 0x0000, 0x0000, 0x0000,   // 0x1000 (4096) pixels
0x0000, 0x0000, 0x0021, 0x1000, 0x89E6, 0xDACA, 0xDAA9, 0xDB2A, 0xD309, 0xD2AA, 0xD22A, 0xC9AA, 0xB92A, 0xA0C9, 0x8068, 0x6827,   // 0x1010 (4112) pixels
0x3807, 0x392B, 0x214B, 0x190B, 0x21AD, 0x4331, 0x74B5, 0xA61A, 0x624B, 0x49A5, 0x49E3, 0x7063, 0xF04C, 0xD8AA, 0xC92B, 0xA82C,   // 0x1020 (4128) pixels
0x694D, 0x61CE, 0x6271, 0x7375, 0x73B6, 0x7395, 0x6BB5, 0x6374, 0x6394, 0x52B2, 0x4A10, 0x41EB, 0xE69A, 0xF639, 0xBAD0, 0xA90E,   // 0x1030 (4144) pixels
0xC8EF, 0xA9EF, 0x3884, 0x0000, 0x0020, 0x0000, 0x0020, 0x0000, 0x0000, 0x0000, 0x0000, 0x0020, 0x0000, 0x0000, 0x0000, 0x0020,   // 0x1040 (4160) pixels
0x0800, 0x0000, 0x08C3, 0x538F, 0x961A, 0x8DFA, 0x64B6, 0x4BF4, 0x52D2, 0x29CE, 0x29CE, 0x3A2F, 0x49CE, 0x50AA, 0x6007, 0x882A,   // 0x1050 (4176) pixels
0xA049, 0xB08A, 0xC8EA, 0xD94B, 0xE9AB, 0xF1EA, 0xF24A, 0xF28B, 0xF2AB, 0xF2CA, 0xFA8A, 0xE2AB, 0x3860, 0x0000, 0x0800, 0x0020,   // 0x1060 (4192) pixels
0x0000, 0x0000, 0x0000, 0x0000, 0x0000, 0x0000, 0x0000, 0x0000, 0x0000, 0x0000, 0x0000, 0x0000, 0x0000, 0x0000, 0x0000, 0x0000,   // 0x1070 (4208) pixels
0x0000, 0x0000, 0x0000, 0x0000, 0x0000, 0x0000, 0x0000, 0x0000, 0x0000, 0x0000, 0x0800, 0x2000, 0xAA89, 0xDAE9, 0xDAE9, 0xDB4A,   // 0x1080 (4224) pixels
0xD309, 0xD2C9, 0xD249, 0xD1C9, 0xC14A, 0xA8E9, 0x8888, 0x7827, 0x4807, 0x3888, 0x292B, 0x10EA, 0x10CA, 0x3A6F, 0x53D3, 0x7D17,   // 0x1090 (4240) pixels
0xB433, 0x9BCB, 0xABAA, 0x9866, 0xF80C, 0xD86A, 0xA90B, 0x708E, 0x59F0, 0x6AB3, 0x7334, 0x8C17, 0x83D6, 0x7BB6, 0x7BF6, 0x6394,   // 0x10A0 (4256) pixels
0x5354, 0x4291, 0x31CD, 0x5ACE, 0xEE9C, 0xD474, 0xA9AE, 0xA8AE, 0xC0EE, 0x794A, 0x1041, 0x0000, 0x1021, 0x0000, 0x0020, 0x0020,   // 0x10B0 (4272) pixels
0x0000, 0x0000, 0x0000, 0x0000, 0x0000, 0x0000, 0x0020, 0x0020, 0x0000, 0x3229, 0x7D15, 0x967C, 0x7599, 0x5476, 0x53D5, 0x3291,   // 0x10C0 (4288) pixels
0x31AD, 0x214C, 0x422F, 0x49CE, 0x3828, 0x5808, 0x884A, 0x9809, 0xB069, 0xC0CA, 0xD92A, 0xE18B, 0xF20B, 0xF26A, 0xF2AA, 0xF2EB,   // 0x10D0 (4304) pixels
0xF2EB, 0xF30A, 0xFAAA, 0xE2CB, 0x3860, 0x0000, 0x0800, 0x0020, 0x0000, 0x0000, 0x0000, 0x0000, 0x0000, 0x0000, 0x0000, 0x0000,   // 0x10E0 (4320) pixels
0x0000, 0x0000, 0x0000, 0x0000, 0x0000, 0x0000, 0x0000, 0x0000, 0x0000, 0x0000, 0x0000, 0x0000, 0x0000, 0x0000, 0x0000, 0x0000,   // 0x10F0 (4336) pixels
0x0000, 0x0000, 0x0800, 0x4040, 0xC2EA, 0xDB09, 0xDB09, 0xDB4B, 0xD329, 0xD2E9, 0xD269, 0xD1E9, 0xC16A, 0xB109, 0x98A8, 0x8047,   // 0x1100 (4352) pixels
0x5827, 0x3847, 0x292A, 0x210A, 0x10A9, 0x4AB0, 0x6C15, 0x84D8, 0xCC33, 0xD4EF, 0xEC2E, 0xC0A9, 0xE80C, 0xC04A, 0x78CB, 0x59B1,   // 0x1110 (4368) pixels
0x6272, 0x7375, 0x7BF7, 0x9499, 0x8C38, 0x7C17, 0x7416, 0x53D4, 0x4AB3, 0x4AB2, 0x31AC, 0x9414, 0xF5FB, 0xAA6F, 0x908B, 0xA8CE,   // 0x1120 (4384) pixels
0xA16D, 0x3044, 0x0000, 0x0000, 0x0800, 0x0000, 0x0020, 0x0020, 0x0000, 0x0000, 0x0000, 0x0000, 0x0820, 0x0000, 0x0000, 0x0000,   // 0x1130 (4400) pixels
0x32EC, 0x8DD8, 0x969C, 0x5D17, 0x3BD4, 0x32F2, 0x3A10, 0x398F, 0x08EA, 0x29CD, 0x41AD, 0x388A, 0x5008, 0x7809, 0x9029, 0xA08A,   // 0x1140 (4416) pixels
0xC8CA, 0xD92B, 0xE18A, 0xF20B, 0xFA8B, 0xFACB, 0xF30B, 0xFB4C, 0xF32B, 0xF32A, 0xFACA, 0xE2EB, 0x4081, 0x0000, 0x0800, 0x0000,   // 0x1150 (4432) pixels
0x0000, 0x0000, 0x0000, 0x0000, 0x0000, 0x0000, 0x0000, 0x0000, 0x0000, 0x0000, 0x0000, 0x0000, 0x0000, 0x0000, 0x0000, 0x0000,   // 0x1160 (4448) pixels
0x0000, 0x0000, 0x0000, 0x0000, 0x0000, 0x0000, 0x0000, 0x0000, 0x0020, 0x0000, 0x0800, 0x6924, 0xD30B, 0xDB29, 0xDB4A, 0xDB6B,   // 0x1170 (4464) pixels
0xDB2A, 0xDAEA, 0xDA6A, 0xD1EA, 0xC98A, 0xB94A, 0x98C9, 0x8868, 0x6848, 0x3826, 0x28A8, 0x314B, 0x31AC, 0x63B4, 0x84B8, 0x94B8,   // 0x1180 (4480) pixels
0xCBD0, 0xF5B2, 0xF32D, 0xD84A, 0xE04D, 0x98AB, 0x48CB, 0x4A72, 0x6B95, 0x7416, 0x7457, 0x84D8, 0x7C97, 0x6C15, 0x5BF5, 0x4BD4,   // 0x1190 (4496) pixels
0x52B4, 0x4250, 0x41ED, 0xBCB8, 0xCBD6, 0x88CB, 0x90AC, 0xA14F, 0x48C7, 0x1000, 0x1020, 0x18A1, 0x0000, 0x0000, 0x0000, 0x0800,   // 0x11A0 (4512) pixels
0x0000, 0x0000, 0x0000, 0x0000, 0x0000, 0x0000, 0x00A3, 0x42ED, 0x7E19, 0x5D16, 0x4C34, 0x43F4, 0x32F2, 0x29EF, 0x294D, 0x186A,   // 0x11B0 (4528) pixels
0x21AC, 0x398D, 0x38AA, 0x4808, 0x704A, 0x8869, 0x9869, 0xB12B, 0xD10A, 0xE18B, 0xE9CB, 0xF24A, 0xFACA, 0xF30B, 0xF32B, 0xF36C,   // 0x11C0 (4544) pixels
0xF36B, 0xF36B, 0xFAEA, 0xEB0B, 0x50E2, 0x0800, 0x0800, 0x0000, 0x0000, 0x0000, 0x0000, 0x0000, 0x0000, 0x0000, 0x0000, 0x0000,   // 0x11D0 (4560) pixels
0x0000, 0x0000, 0x0000, 0x0000, 0x0000, 0x0000, 0x0000, 0x0000, 0x0000, 0x0000, 0x0000, 0x0000, 0x0000, 0x0000, 0x0000, 0x0000,   // 0x11E0 (4576) pixels
0x0000, 0x0020, 0x1800, 0x9A28, 0xDB0A, 0xDB29, 0xD349, 0xD34A, 0xE32A, 0xDACA, 0xDA6A, 0xD1EA, 0xC9AA, 0xB94A, 0xA0E9, 0x9088,   // 0x11F0 (4592) pixels
0x6828, 0x5068, 0x2826, 0x5A8F, 0x63B2, 0x7475, 0x9D18, 0x9C57, 0xDC51, 0xFE13, 0xEA0A, 0xE00A, 0xD06D, 0x790D, 0x418F, 0x5B54,   // 0x1200 (4608) pixels
0x7497, 0x7CF8, 0x7D17, 0x7D17, 0x8518, 0x7C76, 0x6C15, 0x63F5, 0x6335, 0x3A0F, 0x5A8F, 0xA3B5, 0x814E, 0x702B, 0x78CC, 0x690C,   // 0x1210 (4624) pixels
0x4824, 0x5803, 0x91A8, 0x8249, 0x2082, 0x0021, 0x0000, 0x0000, 0x0000, 0x0000, 0x0000, 0x0000, 0x0000, 0x08C4, 0x5370, 0x9DFB,   // 0x1220 (4640) pixels
0x6518, 0x5C97, 0x3B32, 0x2A2F, 0x29CE, 0x190B, 0x10A9, 0x18EA, 0x39ED, 0x30AA, 0x4808, 0x6809, 0x7829, 0x8869, 0xA8CA, 0xC0EB,   // 0x1230 (4656) pixels
0xD94B, 0xE1CB, 0xEA0A, 0xEA6A, 0xF30A, 0xF32B, 0xEB2A, 0xF38C, 0xF38B, 0xF38B, 0xFAEA, 0xFB4C, 0x6964, 0x1000, 0x0800, 0x0000,   // 0x1240 (4672) pixels
0x0000, 0x0000, 0x0000, 0x0000, 0x0000, 0x0000, 0x0000, 0x0000, 0x0000, 0x0000, 0x0000, 0x0000, 0x0000, 0x0000, 0x0000, 0x0000,   // 0x1250 (4688) pixels
0x0000, 0x0000, 0x0000, 0x0000, 0x0000, 0x0000, 0x0000, 0x0000, 0x0000, 0x0040, 0x2040, 0xBB0C, 0xDAEA, 0xDB29, 0xD349, 0xD34A,   // 0x1260 (4704) pixels
0xE30B, 0xDACA, 0xDA4A, 0xD1EA, 0xC98A, 0xB94A, 0xA0E9, 0x9088, 0x7028, 0x5007, 0x594B, 0x8BF4, 0x8CF7, 0x8D78, 0x94F7, 0xBD19,   // 0x1270 (4720) pixels
0xE4B1, 0xF613, 0xE169, 0xF00B, 0xB84C, 0x612D, 0x5AD4, 0x8457, 0x84D8, 0x8D79, 0x95B9, 0x8D58, 0xA579, 0x9CB8, 0x83D6, 0x7354,   // 0x1280 (4736) pixels
0x5B15, 0x3A2F, 0x5A8F, 0x69CE, 0x684B, 0x80EE, 0x586A, 0x3067, 0x90A8, 0xC8EA, 0xF1CC, 0xA1A8, 0x1000, 0x0000, 0x0021, 0x0000,   // 0x1290 (4752) pixels
0x0000, 0x0000, 0x0000, 0x0000, 0x10C3, 0x63F1, 0x8D99, 0x5C35, 0x3B54, 0x3292, 0x29EF, 0x31CE, 0x210B, 0x0047, 0x08E9, 0x2A0D,   // 0x12A0 (4768) pixels
0x30EA, 0x4029, 0x6009, 0x782A, 0x888A, 0x98AA, 0xB8EB, 0xD8EB, 0xD98C, 0xEA0C, 0xEA6B, 0xF2AA, 0xFB4B, 0xFB6B, 0xF36B, 0xFBCD,   // 0x12B0 (4784) pixels
0xF3AB, 0xFBAB, 0xFB0A, 0xFB6D, 0x71A6, 0x1800, 0x1000, 0x0000, 0x0000, 0x0000, 0x0000, 0x0000, 0x0000, 0x0000, 0x0000, 0x0000,   // 0x12C0 (4800) pixels
0x0000, 0x0000, 0x0000, 0x0000, 0x0000, 0x0000, 0x0000, 0x0000, 0x0800, 0x0000, 0x0020, 0x0020, 0x0000, 0x0000, 0x0000, 0x0041,   // 0x12D0 (4816) pixels
0x0022, 0x1000, 0x8125, 0xDAEA, 0xDB09, 0xD328, 0xD34A, 0xD30B, 0xDAEA, 0xDAAA, 0xD229, 0xD1C9, 0xC96A, 0xB92A, 0xA8E9, 0x98A9,   // 0x12E0 (4832) pixels
0x7047, 0x612A, 0x8C14, 0x7495, 0x95BA, 0x8D17, 0xAD79, 0xA4B6, 0xDD2F, 0xF4F2, 0xE0EB, 0xC80C, 0x712E, 0x4B32, 0x6C56, 0x74D6,   // 0x12F0 (4848) pixels
0x8539, 0x7DD9, 0x867A, 0x7D98, 0x7BF5, 0x7AF3, 0x51EF, 0x424F, 0x29AD, 0x416D, 0x40EB, 0x60CC, 0x60AB, 0x2889, 0x10EA, 0x28EB,   // 0x1300 (4864) pixels
0x88AA, 0xE08C, 0xC1AB, 0x2840, 0x0820, 0x0020, 0x0020, 0x0800, 0x0001, 0x0000, 0x0040, 0x0061, 0x6BF2, 0x8539, 0x5416, 0x3394,   // 0x1310 (4880) pixels
0x3290, 0x29AD, 0x290C, 0x20EB, 0x0047, 0x00A8, 0x29AD, 0x290A, 0x4009, 0x5029, 0x6829, 0x8049, 0x98AA, 0xA8EA, 0xC10A, 0xD94B,   // 0x1320 (4896) pixels
0xE1CA, 0xEA0A, 0xF26B, 0xF2AB, 0xFB0B, 0xFB6B, 0xFBAB, 0xF3CA, 0xFBEC, 0xF3AB, 0xFB6C, 0xFB4C, 0xBACA, 0x1000, 0x0000, 0x0800,   // 0x1330 (4912) pixels
0x0000, 0x0000, 0x0000, 0x0000, 0x0000, 0x0000, 0x0000, 0x0000, 0x0000, 0x0000, 0x0000, 0x0000, 0x0000, 0x0000, 0x0000, 0x0000,   // 0x1340 (4928) pixels
0x0000, 0x0000, 0x0000, 0x0000, 0x0000, 0x0000, 0x0000, 0x0000, 0x0020, 0x2820, 0xA228, 0xE32A, 0xDB08, 0xDB6A, 0xD30A, 0xDAEA,   // 0x1350 (4944) pixels
0xDA69, 0xDA29, 0xD9E9, 0xD1AA, 0xC94A, 0xB90A, 0xA0A9, 0x9068, 0x78A9, 0x8A6F, 0x9CD7, 0x7CD6, 0x95B9, 0x9558, 0xAD99, 0x9CD6,   // 0x1360 (4960) pixels
0xED92, 0xFBF1, 0xC86A, 0x986C, 0x7312, 0x74F8, 0x95BA, 0x9E1A, 0x75B8, 0x861B, 0x859A, 0x63D5, 0x39AE, 0x30CB, 0x30CB, 0x2089,   // 0x1370 (4976) pixels
0x1889, 0x28CA, 0x2869, 0x3849, 0x3828, 0x1068, 0x112B, 0x394D, 0x908A, 0xD0CC, 0x8907, 0x0800, 0x0820, 0x0000, 0x0000, 0x0000,   // 0x1380 (4992) pixels
0x0000, 0x0000, 0x0000, 0x424A, 0x7C55, 0x5BB5, 0x3B12, 0x2290, 0x21CD, 0x192B, 0x20CA, 0x0828, 0x0047, 0x194B, 0x290A, 0x2069,   // 0x1390 (5008) pixels
0x4809, 0x5829, 0x7029, 0x8849, 0x98AA, 0xB0EA, 0xC90A, 0xD94B, 0xE9EB, 0xF24C, 0xFA8C, 0xFACC, 0xFB2C, 0xFB8C, 0xFBCC, 0xF3CB,   // 0x13A0 (5024) pixels
0xF3CC, 0xF3AB, 0xF36A, 0xFB4C, 0xDB6C, 0x3880, 0x0000, 0x0801, 0x0000, 0x0000, 0x0000, 0x0000, 0x0000, 0x0000, 0x0000, 0x0000,   // 0x13B0 (5040) pixels
0x0000, 0x0000, 0x0000, 0x0000, 0x0000, 0x0000, 0x0000, 0x0000, 0x0000, 0x0000, 0x0000, 0x0800, 0x0000, 0x0000, 0x0000, 0x0000,   // 0x13C0 (5056) pixels
0x0000, 0x5923, 0xC2EA, 0xE2E9, 0xD287, 0xDAC9, 0xD289, 0xDA6A, 0xD24A, 0xD20A, 0xC9A9, 0xC149, 0xB12A, 0xA10A, 0x98EA, 0x88CA,   // 0x13D0 (5072) pixels
0x6068, 0xA373, 0xA518, 0x8537, 0x8DB9, 0x9D99, 0xADB9, 0x9CF7, 0xFD95, 0xEA8F, 0x98CA, 0x6A6F, 0x7CD8, 0x8DDB, 0x8DFA, 0x963A,   // 0x13E0 (5088) pixels
0x85B9, 0x7C77, 0x5A32, 0x388C, 0x386A, 0x2848, 0x2868, 0x2828, 0x2047, 0x2067, 0x1847, 0x1807, 0x1868, 0x090A, 0x11AC, 0x314D,   // 0x13F0 (5104) pixels
0xA12D, 0x992B, 0x2801, 0x0000, 0x0820, 0x0020, 0x0021, 0x0000, 0x0000, 0x0000, 0x0821, 0x7BB2, 0x7BD5, 0x4231, 0x21AE, 0x118C,   // 0x1400 (5120) pixels
0x192B, 0x18CA, 0x0868, 0x0026, 0x10E9, 0x296B, 0x2889, 0x3008, 0x5829, 0x6849, 0x8049, 0x9069, 0xA8AA, 0xB90A, 0xD12B, 0xE96C,   // 0x1410 (5136) pixels
0xE1CB, 0xEA0C, 0xF26C, 0xF2AC, 0xF30C, 0xFB6C, 0xF3AC, 0xF3CC, 0xF3EB, 0xF3EB, 0xEB8A, 0xFB6A, 0xF3AD, 0x7985, 0x0800, 0x0041,   // 0x1420 (5152) pixels
0x0000, 0x0000, 0x0000, 0x0000, 0x0000, 0x0000, 0x0000, 0x0000, 0x0000, 0x0000, 0x0000, 0x0000, 0x0000, 0x0000, 0x0000, 0x0000,   // 0x1430 (5168) pixels
0x0040, 0x0000, 0x0000, 0x0800, 0x0000, 0x0000, 0x0020, 0x0000, 0x2800, 0x9A68, 0xD2EA, 0xE289, 0xE269, 0xDA28, 0xE22A, 0xD9EA,   // 0x1440 (5184) pixels
0xD18A, 0xC949, 0xC109, 0xB8E9, 0xA8CA, 0x98AA, 0x888A, 0x8089, 0x5889, 0xA415, 0xA558, 0x95B9, 0x95F9, 0x9DFA, 0xA5DA, 0x9D58,   // 0x1450 (5200) pixels
0xF4F5, 0xB9ED, 0x7A8E, 0x64F6, 0x95FB, 0x9DFB, 0x865B, 0x865A, 0x7538, 0x4AF2, 0x390D, 0x2007, 0x2846, 0x1043, 0x0002, 0x0024,   // 0x1460 (5216) pixels
0x1003, 0x1045, 0x1887, 0x1868, 0x10EA, 0x11ED, 0x222E, 0x31CE, 0x710B, 0x4845, 0x1000, 0x2841, 0x1800, 0x0000, 0x0000, 0x0800,   // 0x1470 (5232) pixels
0x0000, 0x0000, 0x1063, 0x8393, 0x5A72, 0x398F, 0x20EC, 0x190B, 0x18EA, 0x1088, 0x0006, 0x08C8, 0x216B, 0x18A8, 0x3028, 0x4808,   // 0x1480 (5248) pixels
0x6049, 0x7069, 0x8849, 0xA06A, 0xB0CA, 0xC10A, 0xD12B, 0xE96C, 0xE1AB, 0xE9EB, 0xF24C, 0xF28C, 0xFAEC, 0xFB6C, 0xFBAC, 0xF3EC,   // 0x1490 (5264) pixels
0xF3CB, 0xF40B, 0xF3CA, 0xFB8A, 0xFB8C, 0xB269, 0x2020, 0x0020, 0x0000, 0x0000, 0x0000, 0x0000, 0x0000, 0x0000, 0x0000, 0x0000,   // 0x14A0 (5280) pixels
0x0000, 0x0000, 0x0000, 0x0000, 0x0000, 0x0000, 0x0000, 0x0000, 0x0020, 0x0000, 0x0000, 0x0000, 0x0040, 0x0040, 0x0020, 0x0000,   // 0x14B0 (5296) pixels
0x8102, 0xD2CB, 0xDA6A, 0xD9E8, 0xE1E9, 0xC968, 0xD169, 0xC929, 0xC8A9, 0xC089, 0xB869, 0xA869, 0xA049, 0x8829, 0x7808, 0x7008,   // 0x14C0 (5312) pixels
0x4888, 0x8BB3, 0x8CF6, 0x8DD8, 0x8DF9, 0x95F9, 0x9DF9, 0x95B9, 0xC455, 0x8ACF, 0x7494, 0x75F9, 0x8D9A, 0x85BA, 0x765A, 0x7577,   // 0x14D0 (5328) pixels
0x4AB2, 0x18EB, 0x1868, 0x3045, 0x4042, 0x4881, 0x3861, 0x1800, 0x0801, 0x0002, 0x10A7, 0x2089, 0x190B, 0x1A2E, 0x222F, 0x29CD,   // 0x14E0 (5344) pixels
0x612B, 0x7047, 0x9128, 0x922A, 0x3082, 0x0040, 0x0000, 0x1000, 0x0000, 0x0000, 0x1022, 0x6AB0, 0x416E, 0x392E, 0x20CB, 0x18EA,   // 0x14F0 (5360) pixels
0x1088, 0x0027, 0x0026, 0x1929, 0x1909, 0x1026, 0x3807, 0x5809, 0x6028, 0x7049, 0x884A, 0x988A, 0xA8CA, 0xB8EA, 0xC90A, 0xE12B,   // 0x1500 (5376) pixels
0xE1AB, 0xE9EB, 0xF22B, 0xF26B, 0xF2AB, 0xF30B, 0xFB6B, 0xF38A, 0xF38B, 0xF3AB, 0xF3CA, 0xFB69, 0xFB4A, 0xE32C, 0x5904, 0x0000,   // 0x1510 (5392) pixels
0x0000, 0x0000, 0x0000, 0x0000, 0x0000, 0x0000, 0x0000, 0x0000, 0x0000, 0x0000, 0x0000, 0x0000, 0x0000, 0x0000, 0x0000, 0x0000,   // 0x1520 (5408) pixels
0x0020, 0x0000, 0x0000, 0x0020, 0x0040, 0x0020, 0x0800, 0x40C3, 0xDA8B, 0xDA4B, 0xC9C9, 0xC128, 0xC129, 0xB90A, 0xA8A8, 0xA8C9,   // 0x1530 (5424) pixels
0x90EA, 0x90EA, 0x88EA, 0x812B, 0x792C, 0x712C, 0x692C, 0x610B, 0x492A, 0x83D3, 0x8D37, 0x9619, 0x9619, 0x9619, 0x9E3A, 0xA65B,   // 0x1540 (5440) pixels
0xA537, 0x8D36, 0x967B, 0x967C, 0x8DDA, 0x6E3A, 0x65F9, 0x5BF3, 0x494F, 0x2869, 0x1804, 0x50A4, 0x78C3, 0xA104, 0xA8A3, 0x9801,   // 0x1550 (5456) pixels
0x2021, 0x0001, 0x1066, 0x20AA, 0x192C, 0x1A0F, 0x21EE, 0x29AD, 0x710C, 0xC02B, 0xE18D, 0x99CA, 0x1800, 0x0000, 0x0000, 0x0000,   // 0x1560 (5472) pixels
0x0000, 0x0000, 0x0000, 0x49EB, 0x498D, 0x30ED, 0x20AB, 0x18CA, 0x0868, 0x0027, 0x10E9, 0x10E9, 0x0867, 0x2047, 0x4028, 0x5849,   // 0x1570 (5488) pixels
0x5849, 0x706A, 0x806A, 0x988B, 0xA0CB, 0xB0EB, 0xC0EB, 0xD10C, 0xD94A, 0xE18A, 0xE1CA, 0xE9EA, 0xEA4A, 0xF28A, 0xF2EA, 0xF30A,   // 0x1580 (5504) pixels
0xFB4C, 0xFB4B, 0xFB6B, 0xFB4A, 0xFB2A, 0xFB4D, 0x99E7, 0x1800, 0x0000, 0x0000, 0x0000, 0x0000, 0x0000, 0x0000, 0x0000, 0x0000,   // 0x1590 (5520) pixels
0x0000, 0x0000, 0x0000, 0x0000, 0x0000, 0x0000, 0x0000, 0x0000, 0x0020, 0x0000, 0x0000, 0x0020, 0x0020, 0x0000, 0x4062, 0x99A9,   // 0x15A0 (5536) pixels
0xD9AA, 0xC128, 0xB129, 0xB14A, 0xB16C, 0xB1CE, 0xA9CE, 0xA9EE, 0x8A4F, 0x8A4F, 0x824F, 0x7A6F, 0x6A4F, 0x622E, 0x520E, 0x49ED,   // 0x15B0 (5552) pixels
0x414B, 0x7BD3, 0x9598, 0x8DF8, 0x8E18, 0x8DF8, 0x8DF8, 0x965A, 0x9DB9, 0x7E39, 0x8E7B, 0x9E5B, 0x75FA, 0x55B8, 0x5495, 0x326F,   // 0x15C0 (5568) pixels
0x20AA, 0x1046, 0x41C9, 0x6AAB, 0x3021, 0x6041, 0x9861, 0xD923, 0x5863, 0x1001, 0x2086, 0x28EB, 0x118D, 0x1A50, 0x29EF, 0x41EF,   // 0x15D0 (5584) pixels
0x78EC, 0xC02B, 0xA088, 0x3842, 0x0800, 0x0000, 0x0020, 0x0000, 0x0000, 0x0000, 0x0000, 0x28E5, 0x4A0D, 0x292C, 0x18CB, 0x10CB,   // 0x15E0 (5600) pixels
0x0868, 0x0868, 0x18EA, 0x0868, 0x0827, 0x2868, 0x3849, 0x4829, 0x504A, 0x604B, 0x784A, 0x884A, 0x908B, 0x98AB, 0xA8AB, 0xC0EC,   // 0x15F0 (5616) pixels
0xC8EB, 0xD10B, 0xD94B, 0xE16B, 0xE9CB, 0xF22B, 0xFA6C, 0xFA8B, 0xFAEC, 0xFACB, 0xFAEA, 0xF30A, 0xFB0B, 0xFAEB, 0xD2CB, 0x58A1,   // 0x1600 (5632) pixels
0x0000, 0x0000, 0x0000, 0x0000, 0x0000, 0x0000, 0x0000, 0x0000, 0x0000, 0x0000, 0x0000, 0x0000, 0x0000, 0x0000, 0x0000, 0x0000,   // 0x1610 (5648) pixels
0x0000, 0x0000, 0x0800, 0x0000, 0x0000, 0x2882, 0x8968, 0xC9CB, 0xB8A7, 0xC14A, 0xB16B, 0xB1CE, 0xA9CE, 0x99AE, 0x91CE, 0x796C,   // 0x1620 (5664) pixels
0x70AA, 0x6889, 0x5848, 0x4828, 0x3828, 0x3828, 0x3849, 0x3869, 0x20A8, 0x6B92, 0x95D9, 0x85D8, 0x9679, 0x967A, 0x963A, 0x9EDC,   // 0x1630 (5680) pixels
0xB69C, 0x767A, 0x7619, 0x8E5B, 0x5E19, 0x44B5, 0x4352, 0x11ED, 0x20A8, 0x1804, 0xBCF6, 0xCDF9, 0x0001, 0x3822, 0x98C2, 0xF1A3,   // 0x1640 (5696) pixels
0x9967, 0x3002, 0x1846, 0x210B, 0x1A0F, 0x22B1, 0x31CE, 0x416D, 0x810D, 0x98CB, 0x3863, 0x0020, 0x1040, 0x0040, 0x0020, 0x0800,   // 0x1650 (5712) pixels
0x0001, 0x0000, 0x0820, 0x0801, 0x49EC, 0x318D, 0x10CB, 0x10EC, 0x0868, 0x10CA, 0x0848, 0x0827, 0x1027, 0x1807, 0x3028, 0x3008,   // 0x1660 (5728) pixels
0x4009, 0x500A, 0x600A, 0x7009, 0x782A, 0x884A, 0x984A, 0xA88B, 0xC08B, 0xC8AB, 0xD0CB, 0xD8EB, 0xE10B, 0xE96B, 0xF1AB, 0xF1CB,   // 0x1670 (5744) pixels
0xF24A, 0xFA4A, 0xFA4A, 0xF2CA, 0xF2EB, 0xF28A, 0xFB6D, 0xA227, 0x0020, 0x0000, 0x0000, 0x0000, 0x0000, 0x0000, 0x0000, 0x0000,   // 0x1680 (5760) pixels
0x0000, 0x0000, 0x0000, 0x0000, 0x0000, 0x0000, 0x0000, 0x0000, 0x0001, 0x0000, 0x0020, 0x0000, 0x3861, 0x9949, 0xB96C, 0xA92B,   // 0x1690 (5776) pixels
0xA98E, 0x912C, 0x80CA, 0x8089, 0x8889, 0x8007, 0x8007, 0x7805, 0x8806, 0x8006, 0x7807, 0x7007, 0x6807, 0x6007, 0x5807, 0x5007,   // 0x16A0 (5792) pixels
0x3806, 0x8392, 0x8D98, 0x85F8, 0x967A, 0x9E9B, 0x8E7A, 0x867A, 0x8639, 0x869B, 0x6E5B, 0x5DFA, 0x555A, 0x43D5, 0x322F, 0x20CB,   // 0x16B0 (5808) pixels
0x2826, 0x68A4, 0x8209, 0x6148, 0x0802, 0x0001, 0x7881, 0xFB85, 0xB304, 0x4083, 0x2827, 0x290B, 0x120F, 0x226F, 0x398C, 0x514F,   // 0x16C0 (5824) pixels
0x812C, 0x4045, 0x1000, 0x2040, 0x1820, 0x0800, 0x0000, 0x0800, 0x0000, 0x0000, 0x0000, 0x0000, 0x3149, 0x41CE, 0x1869, 0x20AB,   // 0x16D0 (5840) pixels
0x10C9, 0x0848, 0x20CA, 0x210B, 0x110B, 0x198C, 0x21AD, 0x31AE, 0x41CE, 0x41EF, 0x4A0F, 0x5A0F, 0x61CE, 0x698E, 0x798E, 0x816F,   // 0x16E0 (5856) pixels
0x814C, 0x810B, 0x90EB, 0xA0CB, 0xB8AB, 0xC8CB, 0xD0CB, 0xD8CB, 0xE12B, 0xE96B, 0xF1AB, 0xFA0B, 0xF24A, 0xF28A, 0xF2CA, 0xF30A,   // 0x16F0 (5872) pixels
0x6186, 0x1800, 0x0000, 0x0022, 0x0001, 0x0800, 0x0000, 0x0040, 0x0000, 0x0000, 0x0000, 0x0000, 0x0000, 0x0000, 0x0000, 0x0000,   // 0x1700 (5888) pixels
0x0001, 0x0000, 0x0000, 0x3082, 0x91A9, 0xC18B, 0xA8A9, 0x8868, 0x8807, 0x8007, 0x8827, 0x8827, 0x9828, 0x9807, 0xA868, 0xA047,   // 0x1710 (5904) pixels
0xA048, 0xA048, 0x9848, 0x9028, 0x8028, 0x7828, 0x6808, 0x6008, 0x4867, 0x7B51, 0x9DD9, 0x967A, 0x9E9A, 0x9E9A, 0x9EBB, 0x96DB,   // 0x1720 (5920) pixels
0x869B, 0x7E9B, 0x65FA, 0x4D59, 0x3C55, 0x22B0, 0x216D, 0x28CB, 0x1024, 0x8123, 0xAA03, 0x7042, 0x2004, 0x0003, 0x69A1, 0xFDA6,   // 0x1730 (5936) pixels
0xAAE6, 0x40A5, 0x2048, 0x214C, 0x1A50, 0x226F, 0x418D, 0x616F, 0x992D, 0x98A9, 0xA969, 0xA28B, 0x4165, 0x0040, 0x0000, 0x0000,   // 0x1740 (5952) pixels
0x0000, 0x0000, 0x0000, 0x0000, 0x20E7, 0x41ED, 0x20CB, 0x18AA, 0x10E9, 0x0006, 0x0827, 0x1089, 0x10C9, 0x110A, 0x212B, 0x314C,   // 0x1750 (5968) pixels
0x29AD, 0x31CD, 0x3A0E, 0x4A2F, 0x522F, 0x622F, 0x7250, 0x7A70, 0x92B1, 0x9AB2, 0xAAB2, 0xB271, 0xB230, 0xB9EF, 0xB9CE, 0xB9AE,   // 0x1760 (5984) pixels
0xB8EB, 0xC10A, 0xC90A, 0xD129, 0xD969, 0xE9A9, 0xF209, 0xFA4A, 0xE2CD, 0x5081, 0x0000, 0x0020, 0x0800, 0x0000, 0x0020, 0x0020,   // 0x1770 (6000) pixels
0x0000, 0x0000, 0x0000, 0x0000, 0x0000, 0x0000, 0x0000, 0x0000, 0x0001, 0x0000, 0x0020, 0x40E4, 0x7907, 0x8086, 0x8827, 0x9027,   // 0x1780 (6016) pixels
0xA027, 0xA027, 0xB088, 0xB888, 0xB888, 0xC087, 0xC8A8, 0xC8A8, 0xC0C9, 0xB8A9, 0xB089, 0xA889, 0xA069, 0x9049, 0x8029, 0x7828,   // 0x1790 (6032) pixels
0x4827, 0x72AE, 0xADD9, 0xA69A, 0x9E9A, 0x9E7A, 0x9EFB, 0x869A, 0x76BB, 0x767B, 0x5DB9, 0x44B7, 0x2332, 0x11CD, 0x212C, 0x392C,   // 0x17A0 (6048) pixels
0x0001, 0x70C1, 0xEB04, 0xC980, 0x6800, 0x3860, 0xB384, 0xFDE5, 0x8A26, 0x30A6, 0x1089, 0x19AD, 0x1A90, 0x224F, 0x416D, 0x716F,   // 0x17B0 (6064) pixels
0xA84B, 0xC88B, 0xD96B, 0x9188, 0x2061, 0x0000, 0x0020, 0x0020, 0x0000, 0x0000, 0x0000, 0x0000, 0x1064, 0x41ED, 0x314C, 0x188A,   // 0x17C0 (6080) pixels
0x192A, 0x0047, 0x0006, 0x0827, 0x0847, 0x0827, 0x1807, 0x2008, 0x2808, 0x2808, 0x3028, 0x3008, 0x3807, 0x4007, 0x4807, 0x5007,   // 0x17D0 (6096) pixels
0x5049, 0x5869, 0x60AA, 0x70EB, 0x812D, 0x91AF, 0xAA51, 0xB2B2, 0xD2D3, 0xCA92, 0xCA0F, 0xC18C, 0xC12A, 0xD109, 0xE14A, 0xF16A,   // 0x17E0 (6112) pixels
0xFA2C, 0xD24A, 0x58A2, 0x0000, 0x0040, 0x0841, 0x0000, 0x0000, 0x0000, 0x0000, 0x0000, 0x0000, 0x0000, 0x0000, 0x0000, 0x0000,   // 0x17F0 (6128) pixels
0x0000, 0x0000, 0x0000, 0x1861, 0x1000, 0x1000, 0x5824, 0xA8A9, 0xC0E9, 0xC0A8, 0xD0E8, 0xD908, 0xD108, 0xD128, 0xD928, 0xD928,   // 0x1800 (6144) pixels
0xD129, 0xC909, 0xC8E9, 0xC0C9, 0xB0A9, 0x9869, 0x8849, 0x8028, 0x5027, 0x6A2D, 0xADD9, 0xAEBA, 0xAEBA, 0x9E7A, 0xA6FC, 0x867A,   // 0x1810 (6160) pixels
0x5E3A, 0x5DDA, 0x4CD7, 0x2B73, 0x1A4F, 0x198C, 0x290B, 0x28A9, 0x0023, 0x3002, 0xB2A6, 0xFB44, 0xEA82, 0xDB44, 0xFCC9, 0xBBA6,   // 0x1820 (6176) pixels
0x5105, 0x20A8, 0x08EB, 0x19EF, 0x1A70, 0x21EE, 0x514D, 0x814E, 0xB84B, 0xB0AA, 0x78A5, 0x2800, 0x0000, 0x0820, 0x0021, 0x0000,   // 0x1830 (6192) pixels
0x0000, 0x0000, 0x0000, 0x0000, 0x0002, 0x39AB, 0x41AD, 0x18AB, 0x112A, 0x10A8, 0x0867, 0x0826, 0x0827, 0x1848, 0x2828, 0x3808,   // 0x1840 (6208) pixels
0x5009, 0x5009, 0x5809, 0x6009, 0x6829, 0x7029, 0x7829, 0x7829, 0x8009, 0x8009, 0x8009, 0x8008, 0x8008, 0x8008, 0x8009, 0x802A,   // 0x1850 (6224) pixels
0x88AB, 0x992D, 0xB1CF, 0xC250, 0xD250, 0xD1EE, 0xC94C, 0xC8EB, 0xC909, 0xE1AB, 0xB9AA, 0x48C3, 0x0020, 0x0040, 0x0841, 0x0800,   // 0x1860 (6240) pixels
0x0000, 0x0000, 0x0000, 0x0000, 0x0000, 0x0000, 0x0000, 0x0000, 0x0000, 0x0020, 0x0000, 0x0000, 0x0020, 0x0020, 0x1801, 0x6886,   // 0x1870 (6256) pixels
0xC169, 0xC928, 0xD927, 0xD968, 0xD9C8, 0xD9E8, 0xD9C8, 0xD9C9, 0xD1A9, 0xD169, 0xC929, 0xC109, 0xB0C9, 0xA0A9, 0x8869, 0x7848,   // 0x1880 (6272) pixels
0x4848, 0x622D, 0xADF9, 0xAE9A, 0xAEBA, 0x9E59, 0x9EDB, 0x86BB, 0x55B9, 0x4CF7, 0x3BD4, 0x1A70, 0x11EE, 0x2A0E, 0x318C, 0x1868,   // 0x1890 (6288) pixels
0x0005, 0x0806, 0x38A4, 0x91C4, 0xD285, 0xCAA4, 0x91E5, 0x48C7, 0x2887, 0x18EA, 0x118E, 0x1A0F, 0x220E, 0x316D, 0x612D, 0x994E,   // 0x18A0 (6304) pixels
0x9089, 0x5044, 0x1020, 0x0000, 0x0840, 0x0821, 0x0000, 0x0000, 0x0000, 0x0000, 0x0000, 0x0000, 0x0001, 0x2948, 0x41EE, 0x20CB,   // 0x18B0 (6320) pixels
0x112A, 0x10E9, 0x1088, 0x1067, 0x1067, 0x2048, 0x3849, 0x5069, 0x5829, 0x6029, 0x682A, 0x7829, 0x8029, 0x8829, 0x9028, 0x9028,   // 0x18C0 (6336) pixels
0xB029, 0xB029, 0xB829, 0xB849, 0xB849, 0xB829, 0xB009, 0xA808, 0xA029, 0x9808, 0x8808, 0x8808, 0x8848, 0x98CA, 0xB14D, 0xC1AE,   // 0x18D0 (6352) pixels
0xB96E, 0xB94D, 0xD1CE, 0xC1EC, 0x6906, 0x0800, 0x0020, 0x0821, 0x0000, 0x0000, 0x0000, 0x0000, 0x0000, 0x0000, 0x0000, 0x0000,   // 0x18E0 (6368) pixels
0x0000, 0x0000, 0x0800, 0x0800, 0x0800, 0x0020, 0x0000, 0x0000, 0xA988, 0xD1E9, 0xD9A8, 0xE208, 0xDA68, 0xD289, 0xD249, 0xD209,   // 0x18F0 (6384) pixels
0xD209, 0xD1C9, 0xC969, 0xC129, 0xB10A, 0x98CA, 0x8089, 0x7068, 0x3827, 0x628E, 0xB69B, 0xA6BA, 0xAEBA, 0xA69A, 0x969B, 0x7E5A,   // 0x1900 (6400) pixels
0x863C, 0x64B7, 0x4353, 0x2A50, 0x222F, 0x2A70, 0x218C, 0x0006, 0x0803, 0x1866, 0x2005, 0x3845, 0x5085, 0x4885, 0x2845, 0x20C9,   // 0x1910 (6416) pixels
0x190A, 0x218C, 0x19EF, 0x21EF, 0x296C, 0x412D, 0x712E, 0xB14D, 0x5845, 0x1800, 0x0020, 0x0020, 0x0020, 0x0020, 0x0000, 0x0800,   // 0x1920 (6432) pixels
0x0000, 0x0000, 0x0000, 0x0020, 0x0000, 0x20E6, 0x41ED, 0x28EC, 0x110A, 0x10CA, 0x0888, 0x10C9, 0x18C9, 0x1027, 0x2807, 0x4029,   // 0x1930 (6448) pixels
0x6009, 0x6809, 0x7829, 0x8829, 0x9829, 0xA829, 0xB049, 0xB849, 0xC8A9, 0xC8A9, 0xC889, 0xD089, 0xD0A9, 0xD0A9, 0xD0A9, 0xD0A8,   // 0x1940 (6464) pixels
0xD069, 0xC869, 0xC069, 0xB048, 0xA828, 0x9828, 0x9008, 0x9008, 0xA06C, 0xB0ED, 0xB8CB, 0xD10C, 0xE1EE, 0x9128, 0x1800, 0x0040,   // 0x1950 (6480) pixels
0x0000, 0x0000, 0x0000, 0x0000, 0x0000, 0x0000, 0x0000, 0x0000, 0x0020, 0x0000, 0x0000, 0x0000, 0x0800, 0x0800, 0x0020, 0x0020,   // 0x1960 (6496) pixels
0x68A2, 0xBA29, 0xD228, 0xDA48, 0xD2A8, 0xCAC9, 0xD2A9, 0xDA29, 0xDA4A, 0xD1E9, 0xD189, 0xC949, 0xB10A, 0x98C9, 0x8069, 0x6848,   // 0x1970 (6512) pixels
0x30A9, 0x5AF0, 0xAE9B, 0x9EBA, 0xA6DA, 0xA6DC, 0x8E7B, 0x6DD9, 0x74F7, 0x42D0, 0x29EE, 0x3230, 0x2A91, 0x2AB0, 0x220D, 0x194B,   // 0x1980 (6528) pixels
0x2908, 0x2108, 0x290A, 0x20CA, 0x18CA, 0x18CA, 0x112B, 0x114A, 0x19CE, 0x19AC, 0x19AE, 0x216E, 0x390B, 0x58ED, 0x810F, 0xB10C,   // 0x1990 (6544) pixels
0xA10A, 0x8127, 0x5966, 0x1840, 0x0000, 0x0000, 0x0000, 0x0000, 0x0000, 0x0000, 0x0000, 0x0000, 0x0000, 0x1084, 0x41ED, 0x290D,   // 0x19A0 (6560) pixels
0x10CA, 0x18CA, 0x0868, 0x10C9, 0x214B, 0x20EA, 0x2889, 0x3828, 0x5829, 0x6849, 0x7869, 0x906A, 0xA06A, 0xB08A, 0xB8AA, 0xC0CA,   // 0x19B0 (6576) pixels
0xD10A, 0xD92A, 0xD92A, 0xE12A, 0xE14A, 0xE129, 0xE149, 0xE149, 0xE909, 0xE8E9, 0xE0E9, 0xD8C9, 0xD8C9, 0xC8A9, 0xC0A9, 0xC089,   // 0x19C0 (6592) pixels
0xA809, 0xA829, 0x9868, 0x90C8, 0xA929, 0xB9EC, 0x71C9, 0x0040, 0x0000, 0x0000, 0x0000, 0x0000, 0x0000, 0x0000, 0x0000, 0x0000,   // 0x19D0 (6608) pixels
0x0020, 0x0820, 0x0000, 0x0020, 0x0061, 0x0000, 0x0000, 0x0820, 0x3800, 0xB269, 0xDA8A, 0xDAA9, 0xD2E9, 0xD30A, 0xDAEB, 0xE26A,   // 0x19E0 (6624) pixels
0xDA49, 0xD9E9, 0xD189, 0xC929, 0xB0E9, 0x98A9, 0x7848, 0x6008, 0x416C, 0x4AAF, 0x8DD8, 0x8E38, 0x9E79, 0x967A, 0x7DD9, 0x6599,   // 0x19F0 (6640) pixels
0x42D0, 0x0067, 0x0048, 0x320F, 0x3B13, 0x2B12, 0x32D1, 0x42F2, 0x3292, 0x1A4F, 0x2A72, 0x11F0, 0x2290, 0x19EE, 0x1A31, 0x2270,   // 0x1A00 (6656) pixels
0x1A0F, 0x116B, 0x114C, 0x210C, 0x48AA, 0x68CD, 0x80CE, 0xA88B, 0xE88B, 0xD14B, 0x8988, 0x1840, 0x0020, 0x0801, 0x0000, 0x0020,   // 0x1A10 (6672) pixels
0x0000, 0x0000, 0x0000, 0x0000, 0x0020, 0x0863, 0x41ED, 0x312D, 0x18CB, 0x210C, 0x0048, 0x0006, 0x08EA, 0x298C, 0x392B, 0x3048,   // 0x1A20 (6688) pixels
0x5828, 0x6849, 0x8069, 0x906A, 0xA08A, 0xB0AA, 0xC10B, 0xC92B, 0xD92B, 0xE14B, 0xF18B, 0xF18B, 0xF18B, 0xF18A, 0xF9AA, 0xF9CA,   // 0x1A30 (6704) pixels
0xE9EA, 0xF1CA, 0xF18A, 0xF16A, 0xF129, 0xE909, 0xE0E9, 0xD8C8, 0xD0CA, 0xA0E8, 0x5884, 0x3041, 0x1800, 0x1800, 0x28A3, 0x1000,   // 0x1A40 (6720) pixels
0x0000, 0x0000, 0x0000, 0x0000, 0x0000, 0x0000, 0x0000, 0x0000, 0x0000, 0x0000, 0x0000, 0x0000, 0x0000, 0x0000, 0x0000, 0x0000,   // 0x1A50 (6736) pixels
0x1000, 0x79C7, 0xDAEA, 0xE2C9, 0xD329, 0xC32A, 0xD30A, 0xE2AA, 0xDA4B, 0xD1EA, 0xC1A9, 0xB929, 0xB089, 0x9009, 0x588A, 0x422F,   // 0x1A60 (6752) pixels
0x396C, 0x422E, 0x6414, 0x8E7C, 0x763B, 0x75FA, 0x6CD7, 0x5393, 0x1086, 0x0066, 0x0929, 0x32B0, 0x3B53, 0x32F2, 0x32F2, 0x2A91,   // 0x1A70 (6768) pixels
0x22B1, 0x1A4F, 0x222F, 0x21EE, 0x21AD, 0x29AD, 0x292C, 0x28CA, 0x112A, 0x192B, 0x20A9, 0x3889, 0x504A, 0x788D, 0x910D, 0x8867,   // 0x1A80 (6784) pixels
0x28A3, 0x2042, 0x0800, 0x0000, 0x0000, 0x0000, 0x0000, 0x0000, 0x0000, 0x0000, 0x0021, 0x0000, 0x0000, 0x0842, 0x4A2D, 0x292C,   // 0x1A90 (6800) pixels
0x20EA, 0x20EA, 0x0847, 0x0026, 0x0847, 0x18A9, 0x29AD, 0x324F, 0x3829, 0x586B, 0x784A, 0x904A, 0xB0AB, 0xC0EB, 0xD0EB, 0xE12B,   // 0x1AA0 (6816) pixels
0xE16A, 0xE98A, 0xF1CA, 0xFA0A, 0xFA2A, 0xFA49, 0xF249, 0xF249, 0xF269, 0xFA29, 0xF24A, 0xE22A, 0xE9EA, 0xF148, 0xF169, 0xD9C9,   // 0x1AB0 (6832) pixels
0x8189, 0x3842, 0x0000, 0x0000, 0x0000, 0x0000, 0x0000, 0x0020, 0x0000, 0x0000, 0x0000, 0x0000, 0x0000, 0x0000, 0x0000, 0x0000,   // 0x1AC0 (6848) pixels
0x0000, 0x0000, 0x0000, 0x0000, 0x0000, 0x0000, 0x0000, 0x0000, 0x0000, 0x6124, 0xD30A, 0xE309, 0xDB49, 0xD36A, 0xD2EA, 0xE2AA,   // 0x1AD0 (6864) pixels
0xDA2A, 0xC9A9, 0xD149, 0xC8CA, 0x9869, 0x68EA, 0x620E, 0x390B, 0x310A, 0x6352, 0x4B72, 0x6518, 0x5D58, 0x54B7, 0x4BB4, 0x114B,   // 0x1AE0 (6880) pixels
0x08A7, 0x322D, 0x4312, 0x3B12, 0x2AB1, 0x2A71, 0x3291, 0x2A71, 0x220F, 0x19AD, 0x29AE, 0x216C, 0x110A, 0x10EA, 0x10A9, 0x1868,   // 0x1AF0 (6896) pixels
0x2828, 0x3069, 0x40AA, 0x608A, 0x808C, 0x90CE, 0x78CB, 0x4844, 0x1001, 0x0800, 0x0000, 0x0000, 0x0000, 0x0020, 0x0000, 0x0000,   // 0x1B00 (6912) pixels
0x0000, 0x0000, 0x0020, 0x0000, 0x0000, 0x0842, 0x422D, 0x292D, 0x18CA, 0x18EA, 0x10A8, 0x0847, 0x0806, 0x0806, 0x20EA, 0x298C,   // 0x1B10 (6928) pixels
0x4A6F, 0x408A, 0x7009, 0xA04B, 0xA08A, 0xA8CA, 0xC92B, 0xE10B, 0xE9AB, 0xE9CB, 0xF22B, 0xF26A, 0xF28A, 0xF2CA, 0xFACA, 0xF2EA,   // 0x1B20 (6944) pixels
0xFACA, 0xFACB, 0xF28A, 0xEA6A, 0xF22A, 0xF9CA, 0xF24B, 0xA946, 0x3822, 0x1000, 0x0000, 0x0020, 0x0000, 0x0000, 0x0000, 0x0000,   // 0x1B30 (6960) pixels
0x0000, 0x0000, 0x0000, 0x0000, 0x0000, 0x0000, 0x0000, 0x0000, 0x0000, 0x0000, 0x0000, 0x0000, 0x0000, 0x0000, 0x0000, 0x0000,   // 0x1B40 (6976) pixels
0x0000, 0x4081, 0xCB0A, 0xE329, 0xDB49, 0xDB8B, 0xD2C9, 0xE289, 0xDA2A, 0xD169, 0xC889, 0xA86A, 0x70EB, 0x5A2E, 0x310A, 0x3048,   // 0x1B50 (6992) pixels
0x38C9, 0x83D4, 0x4B52, 0x3BB3, 0x33D5, 0x2B12, 0x3271, 0x10EB, 0x2A4F, 0x4312, 0x3AD1, 0x2A30, 0x220F, 0x2A0F, 0x29EF, 0x218D,   // 0x1B60 (7008) pixels
0x29CE, 0x216C, 0x294C, 0x28EA, 0x2089, 0x2068, 0x2848, 0x3069, 0x604A, 0x5829, 0x682A, 0x780A, 0xA0CD, 0xA14F, 0x50A8, 0x1000,   // 0x1B70 (7024) pixels
0x0800, 0x0000, 0x0000, 0x0000, 0x0000, 0x0000, 0x0000, 0x0000, 0x0000, 0x0000, 0x0000, 0x0000, 0x0000, 0x0822, 0x422E, 0x294D,   // 0x1B80 (7040) pixels
0x18CA, 0x18EA, 0x10A9, 0x1067, 0x1026, 0x1006, 0x1848, 0x2069, 0x220D, 0x5A2F, 0x70ED, 0x7809, 0x984A, 0xB0EB, 0xC10A, 0xD94B,   // 0x1B90 (7056) pixels
0xE9AB, 0xE9CB, 0xEA2B, 0xEA6A, 0xF2CA, 0xF2EA, 0xF30A, 0xF32B, 0xF32B, 0xF30A, 0xFB2B, 0xF2AA, 0xFA6A, 0xFA8B, 0xC229, 0x5041,   // 0x1BA0 (7072) pixels
0x1000, 0x0000, 0x0020, 0x0020, 0x0000, 0x0800, 0x0800, 0x0000, 0x0000, 0x0000, 0x0000, 0x0000, 0x0000, 0x0000, 0x0000, 0x0000,   // 0x1BB0 (7088) pixels
0x0000, 0x0000, 0x0000, 0x0000, 0x0000, 0x0000, 0x0000, 0x0000, 0x0021, 0x2840, 0xC30A, 0xE349, 0xDB28, 0xDB6A, 0xDAC9, 0xE249,   // 0x1BC0 (7104) pixels
0xD1EA, 0xC8E8, 0xA869, 0x78CB, 0x6A0F, 0x390A, 0x3848, 0x3807, 0x4888, 0x7AF2, 0x5B73, 0x2AD1, 0x1270, 0x1A0F, 0x19AF, 0x29EF,   // 0x1BD0 (7120) pixels
0x1A0F, 0x220F, 0x21CE, 0x21CF, 0x29CF, 0x216D, 0x216C, 0x296C, 0x298C, 0x20EA, 0x28A9, 0x3089, 0x4069, 0x5069, 0x5869, 0x688A,   // 0x1BE0 (7136) pixels
0x6849, 0x788B, 0x90ED, 0x88AB, 0x80CC, 0x60CB, 0x2845, 0x0000, 0x0800, 0x0000, 0x0000, 0x0000, 0x0000, 0x0000, 0x0000, 0x0000,   // 0x1BF0 (7152) pixels
0x0000, 0x0000, 0x0000, 0x0000, 0x0000, 0x0843, 0x422E, 0x316E, 0x20EB, 0x18CA, 0x1088, 0x1067, 0x1868, 0x2007, 0x2828, 0x2808,   // 0x1C00 (7168) pixels
0x1868, 0x39AD, 0x6270, 0x698E, 0x784A, 0xA86A, 0xD12B, 0xC92A, 0xE98B, 0xE9CB, 0xF22B, 0xF28B, 0xF2EA, 0xF32A, 0xF34B, 0xFB6B,   // 0x1C10 (7184) pixels
0xF36B, 0xEB2A, 0xFBAB, 0xF2C9, 0xFAEB, 0xE2AB, 0x68E3, 0x0800, 0x0800, 0x0020, 0x0040, 0x0000, 0x0000, 0x0800, 0x0000, 0x0000,   // 0x1C20 (7200) pixels
0x0000, 0x0000, 0x0000, 0x0000, 0x0000, 0x0000, 0x0000, 0x0000, 0x0000, 0x0000, 0x0000, 0x0000, 0x0000, 0x0000, 0x0000, 0x0000,   // 0x1C30 (7216) pixels
0x0041, 0x2820, 0xC32A, 0xE369, 0xDB29, 0xDB2A, 0xDA8A, 0xD9E9, 0xC949, 0xA8E9, 0x810A, 0x7A0E, 0x48EA, 0x5049, 0x6029, 0x6028,   // 0x1C40 (7232) pixels
0x6028, 0x594C, 0x5AF2, 0x3270, 0x19CF, 0x19AF, 0x194D, 0x218E, 0x196D, 0x194C, 0x216D, 0x216D, 0x294D, 0x292C, 0x294B, 0x314B,   // 0x1C50 (7248) pixels
0x30AA, 0x3089, 0x38A9, 0x48AA, 0x58AA, 0x68AB, 0x708A, 0x78AB, 0x710B, 0x710B, 0x712B, 0x5088, 0x3827, 0x2006, 0x2065, 0x0820,   // 0x1C60 (7264) pixels
0x0000, 0x0000, 0x0000, 0x0000, 0x0000, 0x0000, 0x0000, 0x0020, 0x0000, 0x0000, 0x0000, 0x0000, 0x0000, 0x10A5, 0x422E, 0x298F,   // 0x1C70 (7280) pixels
0x18CA, 0x18EA, 0x18C9, 0x1068, 0x2088, 0x2007, 0x3829, 0x4009, 0x3808, 0x2048, 0x318C, 0x5A70, 0x71CE, 0x888A, 0xB08A, 0xD12B,   // 0x1C80 (7296) pixels
0xE12B, 0xE98C, 0xF20C, 0xFA8C, 0xFACB, 0xFB0B, 0xFB4B, 0xFB6B, 0xFBEC, 0xF3AB, 0xF3AA, 0xF309, 0xFB4B, 0xAA07, 0x2800, 0x0020,   // 0x1C90 (7312) pixels
0x0000, 0x0000, 0x0000, 0x0000, 0x0000, 0x0000, 0x0000, 0x0020, 0x0000, 0x0000, 0x0000, 0x0000, 0x0000, 0x0000, 0x0000, 0x0000,   // 0x1CA0 (7328) pixels
0x0000, 0x0000, 0x0000, 0x0000, 0x0000, 0x0000, 0x0000, 0x0000, 0x0000, 0x2840, 0xC34A, 0xE369, 0xDB29, 0xD2EA, 0xD22A, 0xC969,   // 0x1CB0 (7344) pixels
0xB8EA, 0x812A, 0x720D, 0x50E9, 0x5828, 0x6808, 0x8029, 0x8808, 0x6829, 0x4848, 0x49EE, 0x3A2F, 0x29AE, 0x294D, 0x212C, 0x10EB,   // 0x1CC0 (7360) pixels
0x292C, 0x210B, 0x292C, 0x290C, 0x28EB, 0x30EA, 0x30C9, 0x2867, 0x4849, 0x508A, 0x50EB, 0x50EB, 0x58EB, 0x58A9, 0x5048, 0x5068,   // 0x1CD0 (7376) pixels
0x4006, 0x3026, 0x30C8, 0x3928, 0x490A, 0x3868, 0x30C7, 0x0000, 0x0000, 0x0000, 0x0000, 0x0000, 0x0000, 0x0000, 0x0000, 0x0000,   // 0x1CE0 (7392) pixels
0x0000, 0x0000, 0x0000, 0x0000, 0x0000, 0x2147, 0x422F, 0x298F, 0x18CB, 0x210B, 0x18C9, 0x0847, 0x20C9, 0x2027, 0x4029, 0x5829,   // 0x1CF0 (7408) pixels
0x5029, 0x4808, 0x3007, 0x390B, 0x626F, 0x7A0E, 0x90CB, 0xB88B, 0xD0EB, 0xD92B, 0xE9CC, 0xFA2B, 0xFA8B, 0xFAEB, 0xFB2B, 0xFB6B,   // 0x1D00 (7424) pixels
0xF3AB, 0xFC0C, 0xEB69, 0xFB8B, 0xE36B, 0x60E2, 0x0800, 0x0041, 0x0000, 0x0000, 0x0000, 0x0000, 0x0000, 0x0000, 0x0000, 0x0020,   // 0x1D10 (7440) pixels
0x0000, 0x0000, 0x0000, 0x0000, 0x0000, 0x0000, 0x0000, 0x0000, 0x0000, 0x0000, 0x0000, 0x0000, 0x0000, 0x0000, 0x0000, 0x0000,   // 0x1D20 (7456) pixels
0x0000, 0x3861, 0xD38B, 0xE329, 0xDAE9, 0xD28B, 0xC18A, 0xB8E9, 0x88EB, 0x81AD, 0x58A8, 0x6047, 0x8008, 0x8828, 0x9008, 0x9008,   // 0x1D30 (7472) pixels
0x704A, 0x4828, 0x416B, 0x398C, 0x394C, 0x30CA, 0x310B, 0x210B, 0x28C9, 0x28A9, 0x28EA, 0x20A9, 0x2048, 0x2847, 0x3868, 0x50EA,   // 0x1D40 (7488) pixels
0x60AB, 0x50EB, 0x410A, 0x30A8, 0x2888, 0x3067, 0x2826, 0x2826, 0x3025, 0x3087, 0x3909, 0x596A, 0x696C, 0x4049, 0x30A7, 0x0021,   // 0x1D50 (7504) pixels
0x0000, 0x0000, 0x0000, 0x0000, 0x0000, 0x0000, 0x0000, 0x0000, 0x0000, 0x0000, 0x0000, 0x0000, 0x0021, 0x31CA, 0x422F, 0x216F,   // 0x1D60 (7520) pixels
0x20EB, 0x212C, 0x10A9, 0x0026, 0x290A, 0x2868, 0x4028, 0x602A, 0x686A, 0x6009, 0x6809, 0x5009, 0x40CA, 0x620E, 0x8A30, 0x88CC,   // 0x1D70 (7536) pixels
0xB8CB, 0xC92B, 0xE18C, 0xF20C, 0xFA8B, 0xFAEB, 0xFB6B, 0xFBAC, 0xF3AA, 0xFBEB, 0xF38A, 0xFBCD, 0xBAC9, 0x2820, 0x0000, 0x0001,   // 0x1D80 (7552) pixels
0x0000, 0x0020, 0x0020, 0x0000, 0x0000, 0x0000, 0x0000, 0x0020, 0x0000, 0x0000, 0x0000, 0x0000, 0x0000, 0x0000, 0x0000, 0x0000,   // 0x1D90 (7568) pixels
0x0000, 0x0000, 0x0000, 0x0000, 0x0000, 0x0000, 0x0000, 0x0000, 0x0000, 0x40A1, 0xDBCC, 0xDAE8, 0xD2A9, 0xCA4B, 0xB129, 0xB089,   // 0x1DA0 (7584) pixels
0x71EF, 0x6049, 0x7008, 0x8868, 0x9048, 0xA049, 0xA069, 0x9089, 0x682A, 0x5089, 0x498C, 0x20A8, 0x38C9, 0x40CA, 0x38CA, 0x28C9,   // 0x1DB0 (7600) pixels
0x30C9, 0x2067, 0x2067, 0x2068, 0x3089, 0x4068, 0x4027, 0x5889, 0x616D, 0x496C, 0x28E9, 0x0846, 0x1046, 0x20A7, 0x2887, 0x30A7,   // 0x1DC0 (7616) pixels
0x2907, 0x30A8, 0x50A9, 0x794C, 0x9A10, 0x610C, 0x38E8, 0x0801, 0x0800, 0x0000, 0x0000, 0x0000, 0x0000, 0x0000, 0x0000, 0x0000,   // 0x1DD0 (7632) pixels
0x0000, 0x0000, 0x0000, 0x0000, 0x0021, 0x3A2B, 0x424F, 0x216F, 0x20EB, 0x292C, 0x10A9, 0x0046, 0x294A, 0x2888, 0x4829, 0x604A,   // 0x1DE0 (7648) pixels
0x6809, 0x804B, 0x802A, 0x7009, 0x5829, 0x48AA, 0x61AE, 0x82F3, 0xA08A, 0xB0EA, 0xC94B, 0xE1CB, 0xEA2B, 0xF2CB, 0xEB4B, 0xEBAC,   // 0x1DF0 (7664) pixels
0xFBEC, 0xFBAB, 0xFC0D, 0xFBED, 0x89E6, 0x1000, 0x0841, 0x1001, 0x0000, 0x0000, 0x0000, 0x0000, 0x0000, 0x0000, 0x0000, 0x0000,   // 0x1E00 (7680) pixels
0x0000, 0x0000, 0x0000, 0x0000, 0x0000, 0x0000, 0x0000, 0x0000, 0x0000, 0x0000, 0x0000, 0x0000, 0x0000, 0x0000, 0x0000, 0x0800,   // 0x1E10 (7696) pixels
0x0801, 0x5984, 0xCB68, 0xEAA8, 0xE9C9, 0xB90A, 0x916C, 0x79CC, 0x7048, 0x8828, 0xA007, 0xB088, 0xB8C9, 0xB089, 0xA88A, 0x9049,   // 0x1E20 (7712) pixels
0x6869, 0x6A0E, 0x3087, 0x3027, 0x3068, 0x490B, 0x388A, 0x310B, 0x38E9, 0x3088, 0x3027, 0x3067, 0x2845, 0x2824, 0x2003, 0x4085,   // 0x1E30 (7728) pixels
0x49CC, 0x228F, 0x020E, 0x00C8, 0x0825, 0x30C9, 0x38A8, 0x3087, 0x40C8, 0x40E9, 0x4909, 0x71EC, 0x8A4C, 0x820B, 0x4908, 0x1005,   // 0x1E40 (7744) pixels
0x0000, 0x0000, 0x0000, 0x0000, 0x0000, 0x0000, 0x0000, 0x0020, 0x0041, 0x0000, 0x1000, 0x0000, 0x18E8, 0x4291, 0x2A2F, 0x114B,   // 0x1E50 (7760) pixels
0x18AA, 0x214C, 0x1889, 0x1807, 0x2068, 0x39CD, 0x3828, 0x780B, 0x7829, 0x884A, 0x886A, 0x8828, 0x9029, 0x8009, 0x6009, 0x610C,   // 0x1E60 (7776) pixels
0x82B2, 0x916E, 0xB0CB, 0xD90B, 0xE9AA, 0xF26A, 0xFB0B, 0xFB2A, 0xF38B, 0xFBEB, 0xFBCA, 0xFC0D, 0x7124, 0x1041, 0x0040, 0x0020,   // 0x1E70 (7792) pixels
0x0000, 0x0000, 0x0000, 0x0000, 0x0000, 0x0000, 0x0000, 0x0000, 0x0000, 0x0000, 0x0000, 0x0000, 0x0000, 0x0000, 0x0000, 0x0000,   // 0x1E80 (7808) pixels
0x0000, 0x0000, 0x0000, 0x0000, 0x0000, 0x0000, 0x0000, 0x0000, 0x0800, 0x8227, 0xDAC9, 0xDA08, 0xC9CA, 0xA12B, 0x88EA, 0x70A8,   // 0x1E90 (7824) pixels
0x8828, 0xA068, 0xB088, 0xC0E9, 0xC109, 0xB8A9, 0xB0AA, 0x988A, 0x688A, 0x598C, 0x3047, 0x3827, 0x3068, 0x410B, 0x308A, 0x290B,   // 0x1EA0 (7840) pixels
0x41CD, 0x394B, 0x2005, 0x1824, 0x1003, 0x0801, 0x1001, 0x2001, 0x498B, 0x4311, 0x1A90, 0x092A, 0x0887, 0x20A8, 0x38E9, 0x40C8,   // 0x1EB0 (7856) pixels
0x40C8, 0x4109, 0x4929, 0x71EB, 0x9AAE, 0xAB30, 0x69CB, 0x1804, 0x0000, 0x0000, 0x0000, 0x0000, 0x0000, 0x0800, 0x0000, 0x0020,   // 0x1EC0 (7872) pixels
0x0000, 0x0820, 0x0800, 0x0802, 0x31CC, 0x4291, 0x29EE, 0x218C, 0x18CA, 0x214C, 0x1889, 0x2007, 0x1847, 0x39AC, 0x40AA, 0x700B,   // 0x1ED0 (7888) pixels
0x882A, 0xA08B, 0xA08B, 0x9849, 0xA029, 0xA009, 0x8009, 0x6849, 0x60CB, 0x91EF, 0xA98E, 0xB0CA, 0xD14A, 0xF20B, 0xFA6B, 0xFAEB,   // 0x1EE0 (7904) pixels
0xF36B, 0xFBEB, 0xFBEA, 0xFC0D, 0x7124, 0x0800, 0x0020, 0x0000, 0x0000, 0x0000, 0x0000, 0x0000, 0x0000, 0x0000, 0x0000, 0x0000,   // 0x1EF0 (7920) pixels
0x0000, 0x0000, 0x0000, 0x0000, 0x0000, 0x0000, 0x0000, 0x0000, 0x0000, 0x0000, 0x0000, 0x0000, 0x0000, 0x0000, 0x0000, 0x0020,   // 0x1F00 (7936) pixels
0x1020, 0xBAAA, 0xEA0A, 0xC169, 0x996B, 0x80EA, 0x8069, 0x8807, 0xA848, 0xC0C9, 0xC909, 0xC94A, 0xC94A, 0xC0EA, 0xB0AA, 0x988A,   // 0x1F10 (7952) pixels
0x710C, 0x510B, 0x3828, 0x4828, 0x3848, 0x390B, 0x20A9, 0x214C, 0x3A0E, 0x422E, 0x1025, 0x0001, 0x0021, 0x0000, 0x0000, 0x1020,   // 0x1F20 (7968) pixels
0x5969, 0x4311, 0x1AF0, 0x09EC, 0x0929, 0x0887, 0x390A, 0x4909, 0x4108, 0x4109, 0x5129, 0x71CB, 0xAB2F, 0xD453, 0x8A8D, 0x2804,   // 0x1F30 (7984) pixels
0x0000, 0x0000, 0x0020, 0x0000, 0x0000, 0x0800, 0x0000, 0x0000, 0x0000, 0x0840, 0x0000, 0x20C7, 0x4A90, 0x3A50, 0x29CE, 0x194B,   // 0x1F40 (8000) pixels
0x18EA, 0x212B, 0x2068, 0x2007, 0x1827, 0x314B, 0x514C, 0x602A, 0x980A, 0xA86B, 0xB86A, 0xB86A, 0xC06A, 0xC04A, 0xB04A, 0x8808,   // 0x1F50 (8016) pixels
0x7829, 0x708A, 0x898D, 0xA1CE, 0xB0EB, 0xD10A, 0xFA0C, 0xFA8B, 0xFB2B, 0xFBAA, 0xFBA9, 0xFC0C, 0x7164, 0x0800, 0x0020, 0x0800,   // 0x1F60 (8032) pixels
0x0000, 0x0000, 0x0000, 0x0000, 0x0000, 0x0000, 0x0000, 0x0000, 0x0000, 0x0000, 0x0000, 0x0000, 0x0000, 0x0000, 0x0000, 0x0000,   // 0x1F70 (8048) pixels
0x0020, 0x0000, 0x0800, 0x0000, 0x0000, 0x0040, 0x0020, 0x0020, 0x3880, 0xD2AB, 0xD98A, 0xA92A, 0x78CA, 0x7849, 0x9828, 0xB088,   // 0x1F80 (8064) pixels
0xC0E8, 0xD149, 0xD969, 0xD189, 0xD18A, 0xD12A, 0xB08A, 0x9829, 0x796E, 0x50AA, 0x4828, 0x5829, 0x4849, 0x390B, 0x18CA, 0x196C,   // 0x1F90 (8080) pixels
0x29EE, 0x52D1, 0x18C7, 0x0001, 0x0020, 0x0020, 0x0000, 0x3944, 0x8AAE, 0x5351, 0x2352, 0x1AAF, 0x09CB, 0x00A8, 0x392A, 0x598B,   // 0x1FA0 (8096) pixels
0x498A, 0x494A, 0x598A, 0x7A0C, 0xAB4F, 0xDC94, 0xB390, 0x6148, 0x0000, 0x0000, 0x0020, 0x0020, 0x0000, 0x0000, 0x0000, 0x0000,   // 0x1FB0 (8112) pixels
0x0000, 0x0000, 0x0803, 0x422D, 0x52D2, 0x3210, 0x29CE, 0x190B, 0x212B, 0x210B, 0x2048, 0x3028, 0x2026, 0x28C9, 0x59AD, 0x588B,   // 0x1FC0 (8128) pixels
0x980A, 0xB04A, 0xB84A, 0xC8AA, 0xD8EA, 0xD8AA, 0xD0AA, 0xB869, 0xA029, 0x8828, 0x706A, 0x894E, 0xA1AF, 0xB12C, 0xC94A, 0xF22C,   // 0x1FD0 (8144) pixels
0xFACB, 0xFB2A, 0xF348, 0xF3CB, 0x81C5, 0x0800, 0x0021, 0x0800, 0x0000, 0x0000, 0x0000, 0x0000, 0x0000, 0x0000, 0x0000, 0x0000,   // 0x1FE0 (8160) pixels
0x0000, 0x0000, 0x0000, 0x0000, 0x0000, 0x0000, 0x0000, 0x0000, 0x0020, 0x0000, 0x0800, 0x0000, 0x0000, 0x0040, 0x0000, 0x0000,   // 0x1FF0 (8176) pixels
0x8143, 0xCA2A, 0xB94A, 0x98EB, 0x784A, 0x9829, 0xB869, 0xC929, 0xD189, 0xD9C9, 0xD9E9, 0xD1C9, 0xD9AA, 0xD92B, 0xB08A, 0x9049,   // 0x2000 (8192) pixels
0x798E, 0x5849, 0x6029, 0x6829, 0x5029, 0x38CA, 0x190A, 0x194B, 0x29EE, 0x52D1, 0x41EB, 0x0842, 0x0000, 0x0000, 0x1020, 0x51C6,   // 0x2010 (8208) pixels
0x9B71, 0x4330, 0x2352, 0x0A8F, 0x01CB, 0x00E8, 0x2909, 0x620D, 0x51EA, 0x51AB, 0x6A0C, 0x826D, 0xA34E, 0xCC92, 0xD493, 0xAB2F,   // 0x2020 (8224) pixels
0x1841, 0x0000, 0x0020, 0x0020, 0x0000, 0x0000, 0x0000, 0x0000, 0x0020, 0x0001, 0x316A, 0x6333, 0x42B2, 0x21CE, 0x214C, 0x18CB,   // 0x2030 (8240) pixels
0x296C, 0x28CA, 0x2807, 0x3848, 0x2807, 0x2847, 0x598D, 0x590C, 0x882A, 0xB08B, 0xC08A, 0xD0EA, 0xE14B, 0xE10A, 0xE0EA, 0xD0E9,   // 0x2040 (8256) pixels
0xD089, 0xB849, 0x9009, 0x784A, 0x814D, 0x99AE, 0xB16C, 0xC94B, 0xF20C, 0xF2AA, 0xFB09, 0xFB8B, 0x9A27, 0x1000, 0x0041, 0x0800,   // 0x2050 (8272) pixels
0x0000, 0x0000, 0x0000, 0x0000, 0x0000, 0x0000, 0x0000, 0x0000, 0x0000, 0x0000, 0x0000, 0x0000, 0x0000, 0x0000, 0x0000, 0x0000,   // 0x2060 (8288) pixels
0x0000, 0x0000, 0x0800, 0x0000, 0x0000, 0x0000, 0x0800, 0x1800, 0xC209, 0xB9AA, 0x98C9, 0x8068, 0x9008, 0xC8AA, 0xD929, 0xC9A8,   // 0x2070 (8304) pixels
0xD229, 0xDA29, 0xDA49, 0xDA09, 0xD9AA, 0xD10A, 0xA8AA, 0x910C, 0x692B, 0x6008, 0x7029, 0x7829, 0x6008, 0x4089, 0x212A, 0x210A,   // 0x2080 (8320) pixels
0x21AE, 0x3A0E, 0x5A8F, 0x3969, 0x0001, 0x0800, 0x1000, 0x38C4, 0x8BD3, 0x4BD3, 0x33F5, 0x1AF1, 0x0A4D, 0x016A, 0x10C8, 0x49EC,   // 0x2090 (8336) pixels
0x520A, 0x59EB, 0x722D, 0x826D, 0x930D, 0xBC70, 0xE575, 0xD492, 0x38C4, 0x0800, 0x0000, 0x0020, 0x0000, 0x0000, 0x0000, 0x0000,   // 0x20A0 (8352) pixels
0x0001, 0x20C7, 0x5AB1, 0x52F3, 0x3250, 0x29EE, 0x212C, 0x20EB, 0x316C, 0x3069, 0x3807, 0x5049, 0x3827, 0x3007, 0x510B, 0x616D,   // 0x20B0 (8368) pixels
0x7829, 0xA8AB, 0xC0CB, 0xD10A, 0xE18B, 0xE98B, 0xE96A, 0xE149, 0xF12A, 0xD868, 0xC84A, 0xA86A, 0x7849, 0x80CA, 0xA16C, 0xB10C,   // 0x20C0 (8384) pixels
0xD98C, 0xE22B, 0xFAA9, 0xFB2B, 0xB269, 0x1800, 0x0020, 0x0000, 0x0000, 0x0000, 0x0000, 0x0000, 0x0000, 0x0000, 0x0000, 0x0000,   // 0x20D0 (8400) pixels
0x0000, 0x0000, 0x0000, 0x0000, 0x0000, 0x0000, 0x0000, 0x0000, 0x0000, 0x0000, 0x0800, 0x0000, 0x0020, 0x0000, 0x1000, 0x48A4,   // 0x20E0 (8416) pixels
0xD1CC, 0xA0C8, 0x9088, 0x8827, 0xB888, 0xD908, 0xD9A8, 0xD228, 0xD289, 0xD289, 0xDA89, 0xDA29, 0xD989, 0xB8A9, 0x908A, 0x81AE,   // 0x20F0 (8432) pixels
0x5888, 0x6808, 0x8029, 0x884A, 0x7009, 0x4869, 0x316B, 0x28A9, 0x114C, 0x298D, 0x524F, 0x5A8F, 0x3168, 0x1843, 0x1000, 0x2822,   // 0x2100 (8448) pixels
0x5B51, 0x33D4, 0x2BD5, 0x2332, 0x126E, 0x09AB, 0x08E9, 0x296A, 0x5A8C, 0x622C, 0x7A2D, 0x8ACD, 0x936D, 0xB46F, 0xEDD5, 0xDCF3,   // 0x2110 (8464) pixels
0x82AC, 0x2022, 0x0000, 0x0020, 0x0000, 0x0000, 0x0000, 0x0040, 0x20C6, 0x524F, 0x62F4, 0x3A51, 0x2A0F, 0x21CD, 0x190A, 0x28EC,   // 0x2120 (8480) pixels
0x390B, 0x3829, 0x5008, 0x5829, 0x5028, 0x4027, 0x4069, 0x69CE, 0x786B, 0x986B, 0xC0AB, 0xD10A, 0xE18A, 0xF1EB, 0xF1EA, 0xE9EA,   // 0x2130 (8496) pixels
0xE989, 0xF16A, 0xE0E9, 0xD089, 0xC08A, 0x9808, 0x8829, 0xA96E, 0xB90D, 0xC98A, 0xEA09, 0xFAAA, 0xDAEB, 0x3861, 0x0000, 0x0000,   // 0x2140 (8512) pixels
0x0000, 0x0000, 0x0000, 0x0000, 0x0000, 0x0000, 0x0000, 0x0000, 0x0000, 0x0000, 0x0000, 0x0000, 0x0000, 0x0000, 0x0000, 0x0000,   // 0x2150 (8528) pixels
0x0020, 0x0000, 0x0000, 0x0000, 0x0040, 0x0000, 0x2000, 0x79A9, 0xB8AA, 0x9007, 0x9868, 0xA868, 0xD949, 0xD947, 0xD1C6, 0xDA88,   // 0x2160 (8544) pixels
0xDAEA, 0xD2A9, 0xD289, 0xDA09, 0xD149, 0xA868, 0x7868, 0x69CD, 0x5006, 0x7808, 0x904A, 0x986A, 0x8029, 0x5089, 0x418C, 0x3089,   // 0x2170 (8560) pixels
0x094B, 0x29CD, 0x39EE, 0x6B12, 0x6B30, 0x3148, 0x1802, 0x40C5, 0x5393, 0x3416, 0x23B5, 0x3353, 0x1A6E, 0x09CC, 0x094A, 0x1109,   // 0x2180 (8576) pixels
0x732E, 0x728D, 0x7A4D, 0x932F, 0xA40F, 0xB4D0, 0xEE15, 0xDCF2, 0xDCF6, 0x4926, 0x0800, 0x0000, 0x0000, 0x0000, 0x0861, 0x1944,   // 0x2190 (8592) pixels
0x5A6E, 0x62D2, 0x4A32, 0x3211, 0x222F, 0x114A, 0x18EA, 0x394D, 0x30CA, 0x4008, 0x5809, 0x6029, 0x5829, 0x5028, 0x4007, 0x69EE,   // 0x21A0 (8608) pixels
0x80ED, 0x982A, 0xC06A, 0xD8EA, 0xE16A, 0xF1EB, 0xF20B, 0xF22B, 0xF20A, 0xE9C9, 0xE98A, 0xE90A, 0xE06A, 0xD04A, 0xA86B, 0x802A,   // 0x21B0 (8624) pixels
0xA0ED, 0xB12A, 0xD967, 0xFA29, 0xF32D, 0x50C3, 0x0800, 0x0000, 0x0000, 0x0000, 0x0000, 0x0000, 0x0000, 0x0000, 0x0000, 0x0000,   // 0x21C0 (8640) pixels
0x0000, 0x0000, 0x0000, 0x0000, 0x0000, 0x0000, 0x0000, 0x0000, 0x0000, 0x0000, 0x0841, 0x0000, 0x0040, 0x0800, 0x4801, 0xB9CB,   // 0x21D0 (8656) pixels
0xA088, 0x9847, 0xB0E8, 0xC969, 0xE188, 0xE9E8, 0xDA27, 0xDAE8, 0xD2E9, 0xDAE9, 0xDA89, 0xD1CA, 0xC10A, 0x9829, 0x914C, 0x58C8,   // 0x21E0 (8672) pixels
0x7007, 0x8828, 0x9029, 0x9828, 0x9869, 0x7068, 0x48C9, 0x41AC, 0x20E9, 0x298B, 0x2AAF, 0x3BB2, 0x5372, 0x6270, 0x61CD, 0x51AC,   // 0x21F0 (8688) pixels
0x4415, 0x33F5, 0x3415, 0x2393, 0x0AAF, 0x0A0D, 0x11AC, 0x0909, 0x4A4C, 0x62CD, 0x72CD, 0x830D, 0xAC52, 0xAC52, 0xCD13, 0xE573,   // 0x2200 (8704) pixels
0xFDD4, 0xBBF0, 0x2823, 0x0001, 0x0003, 0x2889, 0x49EF, 0x4B32, 0x4AD2, 0x4251, 0x3A10, 0x29AE, 0x110B, 0x190B, 0x316C, 0x414B,   // 0x2210 (8720) pixels
0x4808, 0x5808, 0x7008, 0x8029, 0x7828, 0x6808, 0x5829, 0x60CB, 0x8A0E, 0x7868, 0xB88A, 0xD8CB, 0xE94B, 0xF20B, 0xF24B, 0xFAAB,   // 0x2220 (8736) pixels
0xEA6A, 0xF28B, 0xEA49, 0xE9A8, 0xF148, 0xE909, 0xD088, 0xB827, 0x9008, 0xA12C, 0xA96C, 0xD129, 0xFA4B, 0xA206, 0x0000, 0x0020,   // 0x2230 (8752) pixels
0x0000, 0x0000, 0x0000, 0x0000, 0x0000, 0x0000, 0x0000, 0x0000, 0x0000, 0x0000, 0x0000, 0x0000, 0x0000, 0x0000, 0x0000, 0x0000,   // 0x2240 (8768) pixels
0x0021, 0x0000, 0x0000, 0x0000, 0x0020, 0x0800, 0x71C8, 0x9148, 0x4803, 0x4802, 0x5843, 0x78C5, 0xA987, 0xD269, 0xDAA9, 0xD2A8,   // 0x2250 (8784) pixels
0xDAE9, 0xE30A, 0xD248, 0xD1A9, 0xB8EA, 0x986A, 0x914C, 0x5887, 0x8007, 0x9029, 0x9849, 0xA049, 0xA049, 0x8069, 0x60EA, 0x518C,   // 0x2260 (8800) pixels
0x298B, 0x324E, 0x3B51, 0x43F4, 0x53B3, 0x52D1, 0x52B0, 0x5B31, 0x3C15, 0x33F5, 0x3435, 0x2BF4, 0x1B31, 0x126F, 0x11AC, 0x00E9,   // 0x2270 (8816) pixels
0x2949, 0x730F, 0x834F, 0x8B4E, 0x9BD0, 0xA430, 0xC4B1, 0xF635, 0xFEB7, 0xDCD2, 0x722A, 0x2907, 0x420D, 0x5A50, 0x5271, 0x42B1,   // 0x2280 (8832) pixels
0x3A50, 0x3A30, 0x31CF, 0x194D, 0x110B, 0x294C, 0x394C, 0x38AA, 0x5809, 0x6829, 0x7829, 0x8829, 0x8829, 0x7809, 0x6009, 0x606A,   // 0x2290 (8848) pixels
0x81EE, 0x80CA, 0xA86A, 0xD8AB, 0xE94B, 0xF20B, 0xEA4A, 0xF2CB, 0xFAAB, 0xFACB, 0xF2CA, 0xF2AA, 0xF26A, 0xE989, 0xD8C8, 0xD888,   // 0x22A0 (8864) pixels
0xA86A, 0x9069, 0x990B, 0xB12A, 0xE22C, 0xBA49, 0x3040, 0x0800, 0x0000, 0x0000, 0x0000, 0x0000, 0x0000, 0x0000, 0x0000, 0x0020,   // 0x22B0 (8880) pixels
0x0000, 0x0000, 0x0000, 0x0000, 0x0000, 0x0000, 0x0000, 0x0000, 0x0020, 0x0000, 0x0800, 0x0820, 0x0000, 0x0820, 0x61E8, 0x4022,   // 0x22C0 (8896) pixels
0x0020, 0x0800, 0x1000, 0x2801, 0x50A2, 0x89A6, 0xC289, 0xE2AA, 0xDAA9, 0xDAE9, 0xD208, 0xD169, 0xB0A9, 0x90CB, 0x812C, 0x6827,   // 0x22D0 (8912) pixels
0x9828, 0xA869, 0xB0A9, 0xB089, 0xA849, 0x9089, 0x70CA, 0x590B, 0x3A0D, 0x3AF0, 0x3B92, 0x43D4, 0x4BD4, 0x4372, 0x3B71, 0x43D3,   // 0x22E0 (8928) pixels
0x4415, 0x33F4, 0x2C14, 0x2BF4, 0x1B51, 0x128F, 0x11CC, 0x010A, 0x1928, 0x83D2, 0x9C12, 0x93CF, 0xA431, 0xC534, 0xCD12, 0xFE76,   // 0x22F0 (8944) pixels
0xFE95, 0xE552, 0xBC31, 0x49AB, 0x4A2F, 0x4A50, 0x3A0F, 0x2A0F, 0x29AE, 0x298E, 0x194D, 0x110B, 0x192C, 0x314C, 0x40CB, 0x4809,   // 0x2300 (8960) pixels
0x7009, 0x804A, 0x904A, 0x9829, 0x9849, 0x8829, 0x7009, 0x6009, 0x798D, 0x914D, 0x9849, 0xC8AB, 0xE94B, 0xF1EB, 0xEA4A, 0xF30A,   // 0x2310 (8976) pixels
0xF30B, 0xFB6C, 0xFB2B, 0xF268, 0xF228, 0xFA0A, 0xF1A9, 0xE128, 0xD8AA, 0xB009, 0x982A, 0xA06A, 0xB92B, 0xC9CC, 0x7906, 0x0800,   // 0x2320 (8992) pixels
0x0000, 0x0000, 0x0000, 0x0000, 0x0000, 0x0000, 0x0000, 0x0000, 0x0000, 0x0000, 0x0000, 0x0000, 0x0000, 0x0000, 0x0000, 0x0000,   // 0x2330 (9008) pixels
0x0020, 0x0000, 0x0800, 0x0800, 0x0820, 0x0820, 0x1882, 0x1000, 0x0040, 0x0020, 0x0000, 0x0000, 0x0800, 0x3020, 0x8945, 0xE2CB,   // 0x2340 (9024) pixels
0xDA68, 0xD288, 0xD208, 0xD149, 0xA869, 0x912C, 0x78AA, 0x8008, 0xB068, 0xB8A9, 0xC8EA, 0xC8C9, 0xB868, 0xA069, 0x808A, 0x6889,   // 0x2350 (9040) pixels
0x498C, 0x42B0, 0x3B92, 0x3B93, 0x3BB4, 0x33F3, 0x2BF3, 0x33D3, 0x4415, 0x3414, 0x3455, 0x3456, 0x23B3, 0x1AD0, 0x120D, 0x096B,   // 0x2360 (9056) pixels
0x0086, 0x6B50, 0x9C52, 0x9BF0, 0xAC92, 0xDDD6, 0xD593, 0xE5F3, 0xEE34, 0xEDF3, 0xEDB5, 0x7AAF, 0x292C, 0x216C, 0x218C, 0x216D,   // 0x2370 (9072) pixels
0x214D, 0x190B, 0x10CB, 0x190C, 0x294C, 0x30CA, 0x4828, 0x6809, 0x882A, 0x984A, 0xA86A, 0xB04A, 0xB04A, 0xA04A, 0x8809, 0x7808,   // 0x2380 (9088) pixels
0x70EB, 0xA1AF, 0x986A, 0xC0AB, 0xE12B, 0xF1CB, 0xEA69, 0xF32A, 0xF34B, 0xF34A, 0xFB2A, 0xFAEA, 0xFA89, 0xFA08, 0xF1A8, 0xE989,   // 0x2390 (9104) pixels
0xF888, 0xE8AA, 0xC00A, 0xB02B, 0xA829, 0xD0CB, 0xC1EB, 0x1800, 0x0000, 0x0000, 0x0000, 0x0020, 0x0000, 0x0000, 0x0000, 0x0000,   // 0x23A0 (9120) pixels
0x0000, 0x0000, 0x0000, 0x0000, 0x0000, 0x0000, 0x0000, 0x0000, 0x0020, 0x0000, 0x0800, 0x0800, 0x0820, 0x0020, 0x0000, 0x0000,   // 0x23B0 (9136) pixels
0x0000, 0x0000, 0x0001, 0x0001, 0x0000, 0x0800, 0x3820, 0xA229, 0xE2C9, 0xCA48, 0xD1E9, 0xC8E9, 0xA089, 0x916D, 0x7028, 0xA029,   // 0x23C0 (9152) pixels
0xC087, 0xC8C8, 0xD109, 0xD0C9, 0xC068, 0xB089, 0x988A, 0x7849, 0x5049, 0x418D, 0x4311, 0x3BB3, 0x33D4, 0x2C34, 0x3435, 0x3BF4,   // 0x23D0 (9168) pixels
0x3BF4, 0x3C34, 0x3C96, 0x3CB7, 0x2C15, 0x1B11, 0x124E, 0x11CC, 0x00E8, 0x424C, 0x9432, 0xA431, 0xB4D2, 0xD5B5, 0xD5B4, 0xCD30,   // 0x23E0 (9184) pixels
0xE614, 0xFE94, 0xFEB7, 0xC4B5, 0x30EA, 0x10EA, 0x194C, 0x10EC, 0x18EB, 0x18CA, 0x18AA, 0x28EB, 0x38EB, 0x4049, 0x6008, 0x882A,   // 0x23F0 (9200) pixels
0xA04A, 0xA84A, 0xC08A, 0xC8AA, 0xC08A, 0xB029, 0xA009, 0x9809, 0x6829, 0xA1AF, 0x98EC, 0xB0AB, 0xD8EB, 0xF1AB, 0xF26A, 0xF30A,   // 0x2400 (9216) pixels
0xFB4B, 0xFB4B, 0xFB4A, 0xFB4A, 0xF2EA, 0xF28A, 0xF22A, 0xF9CA, 0xE1A8, 0xD1AA, 0xA8A9, 0x98AA, 0x9048, 0xC0A9, 0xDA2C, 0x60E3,   // 0x2410 (9232) pixels
0x0000, 0x0000, 0x0000, 0x0000, 0x0000, 0x0000, 0x0020, 0x0000, 0x0000, 0x0000, 0x0000, 0x0000, 0x0000, 0x0000, 0x0000, 0x0000,   // 0x2420 (9248) pixels
0x0020, 0x0000, 0x0000, 0x0000, 0x0000, 0x0000, 0x0020, 0x0040, 0x0800, 0x0000, 0x0000, 0x0020, 0x0061, 0x0020, 0x0800, 0x40E3,   // 0x2430 (9264) pixels
0xD2CA, 0xD249, 0xD9A9, 0xB8A8, 0x98EA, 0x894C, 0x8007, 0xC049, 0xD908, 0xD949, 0xD969, 0xD929, 0xC8A8, 0xB889, 0xA88A, 0x9049,   // 0x2440 (9280) pixels
0x6809, 0x4889, 0x3A0E, 0x4393, 0x3414, 0x3435, 0x3C35, 0x43F5, 0x33F3, 0x3C55, 0x44D7, 0x3CF7, 0x3455, 0x2352, 0x126F, 0x11ED,   // 0x2450 (9296) pixels
0x010A, 0x10E8, 0x7B4F, 0xA431, 0xAC71, 0xB4D2, 0xCD73, 0xC510, 0xD572, 0xF695, 0xFF37, 0xF617, 0x516A, 0x1047, 0x10AA, 0x108A,   // 0x2460 (9312) pixels
0x1089, 0x28CA, 0x30AA, 0x3869, 0x4849, 0x6049, 0x8029, 0xA02A, 0xB86A, 0xC08A, 0xD0CA, 0xD8EB, 0xD0AA, 0xC069, 0xB849, 0xB049,   // 0x2470 (9328) pixels
0x7008, 0x912D, 0xA16E, 0xA8AB, 0xC8AA, 0xF16B, 0xF22A, 0xF2CA, 0xF30A, 0xFB0A, 0xFB0A, 0xF2EA, 0xEB0A, 0xE30C, 0xC24A, 0xA147,   // 0x2480 (9344) pixels
0x58E1, 0x3861, 0x2821, 0x2822, 0x3802, 0x7064, 0xA968, 0xB1E9, 0x0841, 0x0000, 0x0000, 0x0020, 0x0000, 0x0000, 0x0000, 0x0000,   // 0x2490 (9360) pixels
0x0000, 0x0000, 0x0000, 0x0000, 0x0000, 0x0000, 0x0000, 0x0000, 0x0000, 0x0000, 0x0000, 0x0000, 0x0000, 0x0000, 0x0000, 0x0000,   // 0x24A0 (9376) pixels
0x0800, 0x0000, 0x0000, 0x0020, 0x0020, 0x0820, 0x0000, 0x0020, 0xA9E7, 0xDA4A, 0xD969, 0xB0A9, 0x994B, 0x78A9, 0x9848, 0xD069,   // 0x24B0 (9392) pixels
0xE9A9, 0xE9EA, 0xEA0A, 0xE1AA, 0xD109, 0xC8A9, 0xB06A, 0x9849, 0x788A, 0x5869, 0x414B, 0x3B11, 0x3C14, 0x3C15, 0x33F4, 0x33F4,   // 0x24C0 (9408) pixels
0x3C14, 0x4496, 0x4D38, 0x4D79, 0x44F8, 0x33D4, 0x1AB0, 0x09CD, 0x012C, 0x0087, 0x6AEE, 0xB4D4, 0xAC92, 0xB4F2, 0xDE15, 0xEE55,   // 0x24D0 (9424) pixels
0xD554, 0xEE95, 0xFF77, 0xFE95, 0x9B0D, 0x2868, 0x0849, 0x18CB, 0x1868, 0x3089, 0x406A, 0x5008, 0x6008, 0x8049, 0xA049, 0xB04A,   // 0x24E0 (9440) pixels
0xC8AA, 0xD0CA, 0xE10B, 0xE92B, 0xE0EA, 0xD8C9, 0xC8A9, 0xB869, 0x9009, 0x808A, 0xA1AF, 0xA0CB, 0xC88A, 0xF12B, 0xF1EA, 0xF28A,   // 0x24F0 (9456) pixels
0xF34B, 0xF30A, 0xFB2B, 0xFB2B, 0xC269, 0x7944, 0x3841, 0x1000, 0x0820, 0x0000, 0x0040, 0x0000, 0x0000, 0x1000, 0x48A3, 0xA1EB,   // 0x2500 (9472) pixels
0x10A2, 0x0000, 0x0000, 0x0020, 0x0000, 0x0000, 0x0000, 0x0000, 0x0000, 0x0000, 0x0000, 0x0000, 0x0000, 0x0000, 0x0000, 0x0000,   // 0x2510 (9488) pixels
0x0800, 0x0000, 0x0000, 0x0000, 0x0000, 0x0000, 0x0000, 0x0000, 0x0800, 0x0000, 0x0020, 0x0000, 0x0800, 0x1000, 0x1000, 0x0000,   // 0x2520 (9504) pixels
0x78A2, 0xDA0A, 0xD929, 0xB0C9, 0x996C, 0x7007, 0xA869, 0xD869, 0xE9C9, 0xF20A, 0xF26B, 0xF20B, 0xE18B, 0xD0EA, 0xB08A, 0xA06A,   // 0x2530 (9520) pixels
0x810B, 0x68AA, 0x514C, 0x42F0, 0x3BF4, 0x3C15, 0x3414, 0x2C55, 0x4455, 0x4CD7, 0x4D38, 0x4539, 0x3CD7, 0x33F4, 0x1AD0, 0x09ED,   // 0x2540 (9536) pixels
0x11AE, 0x08C8, 0x526D, 0xB4D4, 0xB4B2, 0xC574, 0xDE16, 0xE656, 0xEDF7, 0xE696, 0xF735, 0xFE72, 0xE514, 0x596C, 0x1029, 0x18AA,   // 0x2550 (9552) pixels
0x28A9, 0x3028, 0x4808, 0x6009, 0x7829, 0x9029, 0xA849, 0xB88A, 0xD0AA, 0xE0EA, 0xF14B, 0xF14B, 0xE92A, 0xE92A, 0xD8EA, 0xC068,   // 0x2560 (9568) pixels
0xA04A, 0x7808, 0xA1EF, 0x98CB, 0xC08A, 0xE90B, 0xF1A9, 0xF24A, 0xF289, 0xFAEB, 0xF30B, 0xB207, 0x5880, 0x1000, 0x0000, 0x0061,   // 0x2570 (9584) pixels
0x0801, 0x0801, 0x0000, 0x0000, 0x0800, 0x0040, 0x0020, 0x3803, 0x10A2, 0x0000, 0x0000, 0x0000, 0x0000, 0x0000, 0x0020, 0x0000,   // 0x2580 (9600) pixels
0x0000, 0x0000, 0x0000, 0x0000, 0x0000, 0x0000, 0x0000, 0x0000, 0x0000, 0x0000, 0x0000, 0x0000, 0x0000, 0x0000, 0x0000, 0x0000,   // 0x2590 (9616) pixels
0x0000, 0x0000, 0x0000, 0x0000, 0x0000, 0x0000, 0x0000, 0x0000, 0x2820, 0xD9EB, 0xC929, 0xA149, 0x88C9, 0x9809, 0xC849, 0xD8C8,   // 0x25A0 (9632) pixels
0xE989, 0xF1EA, 0xF20B, 0xF1CB, 0xE12B, 0xD92C, 0xB0EB, 0x98EB, 0xB889, 0x88CA, 0x620E, 0x4311, 0x3BF5, 0x33F4, 0x3BF4, 0x5496,   // 0x25B0 (9648) pixels
0x5C96, 0x54D7, 0x65BA, 0x55B9, 0x3CF7, 0x3455, 0x2332, 0x124F, 0x11AC, 0x114C, 0x29CC, 0x9494, 0xB514, 0xC595, 0xE678, 0xE676,   // 0x25C0 (9664) pixels
0xE696, 0xE6B5, 0xF6F7, 0xF636, 0xEDB4, 0x9AED, 0x508A, 0x3009, 0x5808, 0x5808, 0x6049, 0x788A, 0x8048, 0xA028, 0xC08A, 0xD8CA,   // 0x25D0 (9680) pixels
0xE8CA, 0xF12A, 0xF18A, 0xF1AA, 0xE989, 0xE14A, 0xD8E9, 0xD8A9, 0xC08B, 0x9809, 0x88CA, 0xB1EF, 0xB809, 0xE8CA, 0xF20B, 0xFA2A,   // 0x25E0 (9696) pixels
0xFA68, 0xFB6D, 0x9207, 0x1840, 0x0000, 0x0801, 0x0800, 0x0020, 0x0000, 0x0000, 0x0000, 0x0000, 0x0000, 0x0000, 0x0000, 0x0000,   // 0x25F0 (9712) pixels
0x0000, 0x0000, 0x0000, 0x0000, 0x0000, 0x0000, 0x0000, 0x0000, 0x0000, 0x0000, 0x0000, 0x0000, 0x0000, 0x0000, 0x0000, 0x0000,   // 0x2600 (9728) pixels
0x0000, 0x0000, 0x0000, 0x0000, 0x0000, 0x0000, 0x0000, 0x0000, 0x0000, 0x0000, 0x0000, 0x0000, 0x0000, 0x0000, 0x0000, 0x0000,   // 0x2610 (9744) pixels
0x1000, 0xC1AA, 0xC8E8, 0xA0E8, 0x9048, 0xA809, 0xD069, 0xE0E9, 0xE169, 0xF1AA, 0xF9AB, 0xF9CB, 0xE16B, 0xD14B, 0xB90C, 0xB10C,   // 0x2620 (9760) pixels
0xA12B, 0x796B, 0x7373, 0x4BB4, 0x2BB3, 0x33F5, 0x4435, 0x5496, 0x5CD7, 0x5D18, 0x5599, 0x4578, 0x3CF7, 0x2C35, 0x1AF1, 0x0A0E,   // 0x2630 (9776) pixels
0x118C, 0x090B, 0x214A, 0x8C32, 0xACD3, 0xB4F4, 0xD5B6, 0xD5D4, 0xE615, 0xE614, 0xEE55, 0xF636, 0xFE15, 0xBB6F, 0x60CA, 0x484A,   // 0x2640 (9792) pixels
0x6808, 0x7008, 0x7808, 0x8829, 0x9849, 0xB06A, 0xC8CA, 0xD0EA, 0xE18B, 0xE9AB, 0xE9CB, 0xF1CA, 0xF1AA, 0xF98A, 0xF12A, 0xF0CA,   // 0x2650 (9808) pixels
0xD06B, 0xB009, 0x9069, 0xB1AE, 0xB88A, 0xD90A, 0xE9CA, 0xF209, 0xFACA, 0xC228, 0x50C2, 0x0800, 0x0000, 0x0801, 0x0000, 0x0000,   // 0x2660 (9824) pixels
0x0000, 0x0000, 0x0000, 0x0000, 0x0000, 0x0000, 0x0000, 0x0000, 0x0000, 0x0000, 0x0000, 0x0000, 0x0000, 0x0000, 0x0000, 0x0000,   // 0x2670 (9840) pixels
0x0000, 0x0000, 0x0000, 0x0000, 0x0000, 0x0000, 0x0000, 0x0000, 0x0000, 0x0000, 0x0000, 0x0000, 0x0000, 0x0000, 0x0000, 0x0000,   // 0x2680 (9856) pixels
0x0000, 0x0000, 0x0000, 0x0000, 0x0000, 0x0000, 0x0000, 0x0000, 0x0020, 0x9128, 0xC0C8, 0xA888, 0x9848, 0xB849, 0xD0EA, 0xD949,   // 0x2690 (9872) pixels
0xD9AA, 0xE9EB, 0xF1AB, 0xF18A, 0xE14A, 0xD14B, 0xB92B, 0xB12C, 0x616A, 0x5A2D, 0x74D7, 0x4CB7, 0x3415, 0x3C35, 0x43F4, 0x4C35,   // 0x26A0 (9888) pixels
0x4C55, 0x54F7, 0x5599, 0x4578, 0x34F7, 0x2C35, 0x1B11, 0x124F, 0x118C, 0x090B, 0x10E9, 0x7B90, 0xA4B3, 0xB4F4, 0xCDB6, 0xDE15,   // 0x26B0 (9904) pixels
0xDD74, 0xDD93, 0xE5B4, 0xFE97, 0xFEB6, 0xDC51, 0x794B, 0x58AA, 0x8049, 0x8849, 0x9029, 0xA009, 0xB029, 0xC08A, 0xD0CA, 0xD92B,   // 0x26C0 (9920) pixels
0xE149, 0xE9AA, 0xF1EB, 0xF1EA, 0xF1CA, 0xF1AA, 0xE94A, 0xE0E9, 0xD86B, 0xC02A, 0x9849, 0xA98D, 0xB10B, 0xC90A, 0xE98A, 0xF9EA,   // 0x26D0 (9936) pixels
0xDAAB, 0x68C2, 0x1800, 0x0000, 0x0000, 0x0000, 0x0000, 0x0000, 0x0000, 0x0000, 0x0000, 0x0000, 0x0000, 0x0000, 0x0000, 0x0000,   // 0x26E0 (9952) pixels
0x0000, 0x0000, 0x0000, 0x0000, 0x0000, 0x0000, 0x0000, 0x0000, 0x0000, 0x0000, 0x0000, 0x0000, 0x0000, 0x0000, 0x0000, 0x0000,   // 0x26F0 (9968) pixels
0x0000, 0x0000, 0x0000, 0x0000, 0x0000, 0x0000, 0x0000, 0x0000, 0x0000, 0x0000, 0x0000, 0x0000, 0x0000, 0x0000, 0x0000, 0x0000,   // 0x2700 (9984) pixels
0x0020, 0x70A6, 0xC8EA, 0xB8EA, 0xA0EA, 0xA0A9, 0x98C7, 0x8084, 0x88C5, 0xA168, 0xC9CA, 0xE1CB, 0xE9AC, 0xD18C, 0xA98B, 0x91CC,   // 0x2710 (10000) pixels
0x5B10, 0x6413, 0x6558, 0x3CB6, 0x3C76, 0x33F4, 0x3393, 0x5435, 0x54B6, 0x4CD7, 0x4537, 0x3D17, 0x2C96, 0x2414, 0x1B11, 0x0A2F,   // 0x2720 (10016) pixels
0x096C, 0x090B, 0x10C8, 0x6B4F, 0xA493, 0xAC93, 0xBD14, 0xC573, 0xD533, 0xD512, 0xD552, 0xFEB6, 0xFED6, 0xE4B1, 0x7929, 0x4026,   // 0x2730 (10032) pixels
0x5826, 0x7888, 0x9089, 0xA86A, 0xB84A, 0xC869, 0xD0AA, 0xE12B, 0xF169, 0xF9AA, 0xF9CA, 0xF1A9, 0xF1A9, 0xF1AA, 0xE98A, 0xE14A,   // 0x2740 (10048) pixels
0xE0AB, 0xD04A, 0xA008, 0x98EB, 0xA92C, 0xC8EA, 0xF14A, 0xF9EB, 0x91E8, 0x2800, 0x0800, 0x0801, 0x0000, 0x0000, 0x0000, 0x0000,   // 0x2750 (10064) pixels
0x0000, 0x0000, 0x0000, 0x0000, 0x0000, 0x0000, 0x0000, 0x0000, 0x0000, 0x0000, 0x0000, 0x0000, 0x0000, 0x0000, 0x0000, 0x0000,   // 0x2760 (10080) pixels
0x0000, 0x0000, 0x0000, 0x0000, 0x0000, 0x0000, 0x0000, 0x0000, 0x0000, 0x0000, 0x0000, 0x0000, 0x0000, 0x0000, 0x0000, 0x0000,   // 0x2770 (10096) pixels
0x0000, 0x0000, 0x0000, 0x0000, 0x0000, 0x0000, 0x0000, 0x0000, 0x0000, 0x5023, 0xC10A, 0xA8E9, 0x7908, 0x6086, 0x4043, 0x2000,   // 0x2780 (10112) pixels
0x2801, 0x3882, 0x6925, 0xB1AA, 0xE1ED, 0xC9CD, 0x926E, 0x6B70, 0x5455, 0x54D6, 0x3CB6, 0x23F4, 0x23B3, 0x1AF0, 0x3372, 0x5476,   // 0x2790 (10128) pixels
0x3BF3, 0x3C55, 0x3CD6, 0x3D17, 0x2CB6, 0x23F4, 0x1AF1, 0x09CE, 0x098C, 0x116C, 0x10E9, 0x62EE, 0xA493, 0xACB3, 0xBD14, 0xC574,   // 0x27A0 (10144) pixels
0xDDD6, 0xDD73, 0xDD93, 0xFF18, 0xFEF5, 0xED33, 0x798A, 0x2804, 0x1001, 0x3003, 0x5845, 0x8088, 0xB0AA, 0xC8AA, 0xD889, 0xF0CA,   // 0x27B0 (10160) pixels
0xF149, 0xF18A, 0xF1AA, 0xF18A, 0xF1AA, 0xF9CB, 0xF98B, 0xF12A, 0xE8CB, 0xE04A, 0xB008, 0x9829, 0xB0EB, 0xD0AA, 0xF14B, 0xF1CB,   // 0x27C0 (10176) pixels
0x48A3, 0x1000, 0x0020, 0x0821, 0x0000, 0x0000, 0x0020, 0x0000, 0x0000, 0x0000, 0x0000, 0x0000, 0x0000, 0x0000, 0x0000, 0x0000,   // 0x27D0 (10192) pixels
0x0000, 0x0000, 0x0000, 0x0000, 0x0000, 0x0000, 0x0000, 0x0000, 0x0000, 0x0000, 0x0000, 0x0000, 0x0000, 0x0000, 0x0000, 0x0000,   // 0x27E0 (10208) pixels
0x0000, 0x0000, 0x0000, 0x0000, 0x0000, 0x0000, 0x0000, 0x0000, 0x0000, 0x0000, 0x0000, 0x0000, 0x0000, 0x0000, 0x0000, 0x0000,   // 0x27F0 (10224) pixels
0x0000, 0x3001, 0xB90A, 0x8066, 0x4084, 0x2822, 0x0861, 0x0881, 0x0882, 0x0081, 0x1882, 0x5926, 0xAA4E, 0xB332, 0x83F3, 0x54B4,   // 0x2800 (10240) pixels
0x3C34, 0x2BF4, 0x1B92, 0x1351, 0x0A6F, 0x0A0D, 0x43D4, 0x4C55, 0x5CF7, 0x5D59, 0x44F7, 0x2475, 0x1BF3, 0x1311, 0x0A4F, 0x09EE,   // 0x2810 (10256) pixels
0x012A, 0x090B, 0x0887, 0x4A4C, 0x9411, 0xA473, 0xC556, 0xD5D6, 0xDDF7, 0xDD33, 0xDD53, 0xEED7, 0xF694, 0xED33, 0x81EB, 0x2865,   // 0x2820 (10272) pixels
0x0000, 0x0000, 0x1801, 0x4824, 0x80A7, 0xB8E9, 0xE0CA, 0xF0AA, 0xF10A, 0xF16A, 0xF1CB, 0xE1CB, 0xD9CA, 0xD1AA, 0xD18A, 0xC949,   // 0x2830 (10288) pixels
0xD8C9, 0xD88A, 0xC829, 0xA829, 0xB0AB, 0xC849, 0xE14B, 0xB188, 0x1000, 0x0800, 0x0020, 0x0000, 0x0000, 0x0000, 0x0000, 0x0000,   // 0x2840 (10304) pixels
0x0000, 0x0000, 0x0000, 0x0000, 0x0000, 0x0000, 0x0000, 0x0000, 0x0000, 0x0000, 0x0000, 0x0000, 0x0000, 0x0000, 0x0000, 0x0000,   // 0x2850 (10320) pixels
0x0000, 0x0000, 0x0000, 0x0000, 0x0000, 0x0000, 0x0000, 0x0000, 0x0000, 0x0000, 0x0000, 0x0000, 0x0000, 0x0000, 0x0000, 0x0000,   // 0x2860 (10336) pixels
0x0000, 0x0000, 0x0000, 0x0000, 0x0000, 0x0000, 0x0000, 0x0000, 0x0000, 0x2001, 0xB18A, 0x6044, 0x2042, 0x1801, 0x0041, 0x1082,   // 0x2870 (10352) pixels
0x0924, 0x1986, 0x29C7, 0x424A, 0x7C12, 0x8CF7, 0x6CF8, 0x4C76, 0x3C16, 0x1B52, 0x1B32, 0x12B0, 0x01AC, 0x1A2E, 0x5456, 0x5476,   // 0x2880 (10368) pixels
0x4C76, 0x54F7, 0x3C96, 0x2455, 0x2414, 0x1B32, 0x1250, 0x09AE, 0x012A, 0x112B, 0x10C9, 0x5A8D, 0x9432, 0x9C32, 0xBCF5, 0xCD95,   // 0x2890 (10384) pixels
0xD5B6, 0xDCF2, 0xDCF2, 0xF696, 0xFE75, 0xF514, 0x920D, 0x38C7, 0x0040, 0x0020, 0x0000, 0x1000, 0x4843, 0x98E7, 0xD92A, 0xF0EA,   // 0x28A0 (10400) pixels
0xE18B, 0xC949, 0xA107, 0x78A5, 0x5043, 0x4001, 0x4001, 0x4001, 0x7084, 0x8086, 0xA0A9, 0x988A, 0xB0AB, 0xC829, 0xD14B, 0x68E4,   // 0x28B0 (10416) pixels
0x0000, 0x0820, 0x0000, 0x0000, 0x0000, 0x0000, 0x0000, 0x0000, 0x0000, 0x0000, 0x0000, 0x0000, 0x0000, 0x0000, 0x0000, 0x0000,   // 0x28C0 (10432) pixels
0x0000, 0x0000, 0x0000, 0x0000, 0x0000, 0x0000, 0x0000, 0x0000, 0x0000, 0x0000, 0x0000, 0x0000, 0x0000, 0x0000, 0x0000, 0x0000,   // 0x28D0 (10448) pixels
0x0000, 0x0000, 0x0000, 0x0000, 0x0000, 0x0000, 0x0000, 0x0000, 0x0000, 0x0000, 0x0000, 0x0000, 0x0000, 0x0000, 0x0000, 0x0000,   // 0x28E0 (10464) pixels
0x0000, 0x1000, 0xA189, 0x4802, 0x1000, 0x2022, 0x1863, 0x2884, 0x21C8, 0x52EC, 0x6C10, 0x5C92, 0x5DB6, 0x5598, 0x4CD7, 0x43B5,   // 0x28F0 (10480) pixels
0x3394, 0x12D1, 0x1AF1, 0x0A2E, 0x098C, 0x32D1, 0x5C97, 0x54B6, 0x64F8, 0x5D18, 0x3C76, 0x1BD3, 0x0310, 0x024E, 0x09EE, 0x096D,   // 0x2900 (10496) pixels
0x012A, 0x090B, 0x08A8, 0x526D, 0x8BD1, 0x8B70, 0xA452, 0xBCF3, 0xCD34, 0xD470, 0xDC71, 0xF615, 0xFE34, 0xEC72, 0x816B, 0x3067,   // 0x2910 (10512) pixels
0x0800, 0x0820, 0x0040, 0x0000, 0x2000, 0x70A5, 0xC129, 0xE0E9, 0x9948, 0x6884, 0x3000, 0x1000, 0x0000, 0x0020, 0x0020, 0x0000,   // 0x2920 (10528) pixels
0x0020, 0x0800, 0x4864, 0x6867, 0xA0EB, 0xD06A, 0xC94B, 0x3820, 0x0020, 0x0820, 0x0800, 0x0000, 0x0020, 0x0800, 0x0000, 0x0020,   // 0x2930 (10544) pixels
0x0000, 0x0000, 0x0000, 0x0000, 0x0000, 0x0000, 0x0000, 0x0000, 0x0000, 0x0000, 0x0000, 0x0000, 0x0000, 0x0000, 0x0000, 0x0000,   // 0x2940 (10560) pixels
0x0000, 0x0000, 0x0000, 0x0000, 0x0000, 0x0000, 0x0000, 0x0000, 0x0000, 0x0000, 0x0000, 0x0020, 0x0841, 0x0000, 0x0000, 0x0000,   // 0x2950 (10576) pixels
0x0020, 0x0000, 0x0020, 0x0040, 0x0020, 0x0020, 0x0000, 0x0821, 0x0020, 0x1800, 0x79C9, 0x3822, 0x1822, 0x00A3, 0x21A7, 0x5B0D,   // 0x2960 (10592) pixels
0x6454, 0x74D6, 0x74D7, 0x64D7, 0x4CB7, 0x3435, 0x2BB3, 0x2332, 0x12F1, 0x1A90, 0x118C, 0x118C, 0x098B, 0x5C55, 0x6D17, 0x7538,   // 0x2970 (10608) pixels
0x5538, 0x44B7, 0x2BD4, 0x1311, 0x0A90, 0x120F, 0x09AD, 0x094C, 0x012B, 0x00A9, 0x20A8, 0x624E, 0x7B50, 0x7B4E, 0x9BF0, 0xAC52,   // 0x2980 (10624) pixels
0xBC51, 0xCC73, 0xC471, 0xE5D4, 0xFDD5, 0xEC13, 0x794B, 0x2086, 0x0000, 0x0000, 0x0000, 0x0000, 0x0800, 0x3842, 0x81C9, 0x70E6,   // 0x2990 (10640) pixels
0x0000, 0x0000, 0x0000, 0x0000, 0x0000, 0x0000, 0x0000, 0x0000, 0x0000, 0x0841, 0x0000, 0x2041, 0x9087, 0xD90B, 0x8127, 0x0020,   // 0x29A0 (10656) pixels
0x0000, 0x0000, 0x0000, 0x0000, 0x0000, 0x0000, 0x0000, 0x0000, 0x0000, 0x0000, 0x0000, 0x0000, 0x0000, 0x0000, 0x0000, 0x0000,   // 0x29B0 (10672) pixels
0x0000, 0x0000, 0x0000, 0x0000, 0x0000, 0x0000, 0x0000, 0x0000, 0x0000, 0x0000, 0x0000, 0x0000, 0x0000, 0x0000, 0x0000, 0x0000,   // 0x29C0 (10688) pixels
0x0000, 0x0021, 0x0000, 0x0000, 0x0000, 0x0000, 0x0000, 0x0000, 0x0000, 0x0000, 0x0000, 0x0000, 0x0000, 0x1061, 0x1081, 0x0840,   // 0x29D0 (10704) pixels
0x1020, 0x2821, 0x6187, 0x2823, 0x20E5, 0x42CC, 0x63F1, 0x7CB4, 0x74F7, 0x6CD7, 0x5C55, 0x4414, 0x33F4, 0x2BB3, 0x2352, 0x2312,   // 0x29E0 (10720) pixels
0x1290, 0x09CD, 0x19CD, 0x010A, 0x3B52, 0x6CF8, 0x7DBA, 0x7DDB, 0x5579, 0x44B7, 0x2393, 0x12B0, 0x0A2E, 0x09AD, 0x096C, 0x092B,   // 0x29F0 (10736) pixels
0x010A, 0x08C9, 0x292A, 0x6ACF, 0x8390, 0x7B6F, 0x93D0, 0x9BF0, 0xB451, 0xC412, 0xC410, 0xD511, 0xFDF5, 0xE3D2, 0x7109, 0x3107,   // 0x2A00 (10752) pixels
0x0800, 0x0000, 0x0020, 0x0000, 0x0000, 0x0800, 0x3062, 0x2000, 0x0000, 0x0000, 0x0000, 0x0000, 0x0000, 0x0000, 0x0000, 0x0000,   // 0x2A10 (10768) pixels
0x0000, 0x0020, 0x0000, 0x1000, 0x7845, 0xC94B, 0x6085, 0x0020, 0x0000, 0x0000, 0x0000, 0x0000, 0x0000, 0x0000, 0x0000, 0x0000,   // 0x2A20 (10784) pixels
0x0000, 0x0000, 0x0000, 0x0000, 0x0000, 0x0000, 0x0000, 0x0000, 0x0000, 0x0000, 0x0000, 0x0000, 0x0000, 0x0000, 0x0000, 0x0000,   // 0x2A30 (10800) pixels
0x0000, 0x0000, 0x0000, 0x0000, 0x0000, 0x0000, 0x0000, 0x0000, 0x0000, 0x0000, 0x0000, 0x0000, 0x0000, 0x0020, 0x0020, 0x0000,   // 0x2A40 (10816) pixels
0x0000, 0x0001, 0x0000, 0x0000, 0x0000, 0x1841, 0x28A2, 0x30C3, 0x3862, 0x2821, 0x3906, 0x39A8, 0x4AED, 0x6C94, 0x7D58, 0x7D78,   // 0x2A50 (10832) pixels
0x6518, 0x5435, 0x43B3, 0x3352, 0x2352, 0x1B11, 0x12B0, 0x1270, 0x09CD, 0x012B, 0x094B, 0x096A, 0x64B7, 0x6558, 0x6D99, 0x6558,   // 0x2A60 (10848) pixels
0x3CD6, 0x2BF4, 0x12F1, 0x124F, 0x09CD, 0x094B, 0x00EA, 0x00A9, 0x012A, 0x08C9, 0x292A, 0x62AE, 0x734F, 0x734E, 0x93D0, 0x9BF1,   // 0x2A70 (10864) pixels
0xA3D0, 0xB390, 0xDC92, 0xFD94, 0xFDD6, 0xC30F, 0x6108, 0x20A5, 0x0000, 0x0000, 0x0020, 0x0020, 0x0040, 0x0020, 0x0020, 0x0000,   // 0x2A80 (10880) pixels
0x0000, 0x0000, 0x0000, 0x0000, 0x0000, 0x0000, 0x0000, 0x0000, 0x0000, 0x0000, 0x0840, 0x0800, 0x6024, 0xB9CC, 0x3801, 0x0020,   // 0x2A90 (10896) pixels
0x0000, 0x0000, 0x0000, 0x0000, 0x0000, 0x0000, 0x0000, 0x0000, 0x0000, 0x0000, 0x0000, 0x0000, 0x0000, 0x0000, 0x0000, 0x0000,   // 0x2AA0 (10912) pixels
0x0000, 0x0000, 0x0000, 0x0000, 0x0000, 0x0000, 0x0000, 0x0000, 0x0000, 0x0000, 0x0000, 0x0000, 0x0000, 0x0000, 0x0000, 0x0000,   // 0x2AB0 (10928) pixels
0x0000, 0x0000, 0x0000, 0x0000, 0x0000, 0x0000, 0x0000, 0x0000, 0x0001, 0x0001, 0x0000, 0x0000, 0x0800, 0x2001, 0x50A4, 0x6906,   // 0x2AC0 (10944) pixels
0x6948, 0x5188, 0x528C, 0x7453, 0x74B5, 0x7D38, 0x6D18, 0x54D7, 0x4C76, 0x3372, 0x2B11, 0x22D0, 0x12B0, 0x0A8F, 0x0A0E, 0x09CD,   // 0x2AD0 (10960) pixels
0x11AD, 0x094B, 0x0109, 0x4371, 0x7599, 0x75FB, 0x65BA, 0x5D39, 0x44D7, 0x2392, 0x0A4E, 0x09AD, 0x092B, 0x08EA, 0x090A, 0x112A,   // 0x2AE0 (10976) pixels
0x090A, 0x10C8, 0x2929, 0x522C, 0x62AD, 0x6AED, 0x8BB0, 0x93D0, 0xA3F1, 0xB390, 0xE472, 0xFD34, 0xF4F4, 0x89CB, 0x6149, 0x20A5,   // 0x2AF0 (10992) pixels
0x0000, 0x0000, 0x0000, 0x0000, 0x0040, 0x0020, 0x0020, 0x0040, 0x0000, 0x0000, 0x0000, 0x0000, 0x0000, 0x0000, 0x0000, 0x0000,   // 0x2B00 (11008) pixels
0x0000, 0x0000, 0x0020, 0x0000, 0x5084, 0x9A0B, 0x1800, 0x0020, 0x0000, 0x0000, 0x0000, 0x0000, 0x0000, 0x0000, 0x0000, 0x0000,   // 0x2B10 (11024) pixels
0x0000, 0x0000, 0x0000, 0x0000, 0x0000, 0x0000, 0x0000, 0x0000, 0x0000, 0x0000, 0x0000, 0x0000, 0x0000, 0x0000, 0x0000, 0x0000,   // 0x2B20 (11040) pixels
0x0000, 0x0000, 0x0000, 0x0000, 0x0000, 0x0000, 0x0000, 0x0000, 0x0000, 0x0000, 0x0000, 0x0000, 0x0000, 0x0000, 0x0000, 0x0800,   // 0x2B30 (11056) pixels
0x0000, 0x0020, 0x0020, 0x0020, 0x0800, 0x3822, 0x78E7, 0x9929, 0x7A2D, 0x8391, 0x7C94, 0x8598, 0x64D6, 0x6CF8, 0x5497, 0x3414,   // 0x2B40 (11072) pixels
0x33B4, 0x1AB0, 0x1A6F, 0x1A2F, 0x0A0E, 0x0A0E, 0x01AD, 0x098D, 0x114B, 0x00C9, 0x11AB, 0x6CD6, 0x6DD9, 0x6DFA, 0x5D79, 0x4CD8,   // 0x2B50 (11088) pixels
0x2BD3, 0x12AF, 0x09CD, 0x116C, 0x110B, 0x08A9, 0x0088, 0x0087, 0x08C8, 0x18E8, 0x396A, 0x524C, 0x5A8C, 0x62CD, 0x7B2E, 0x830E,   // 0x2B60 (11104) pixels
0x9B90, 0xB390, 0xCBCF, 0xEC92, 0xE494, 0x6109, 0x5109, 0x30C6, 0x0000, 0x0000, 0x0000, 0x0000, 0x0000, 0x0000, 0x0000, 0x0000,   // 0x2B70 (11120) pixels
0x0000, 0x0000, 0x0000, 0x0000, 0x0000, 0x0000, 0x0000, 0x0000, 0x0000, 0x0000, 0x0000, 0x0000, 0x38A3, 0x5947, 0x0000, 0x0020,   // 0x2B80 (11136) pixels
0x0000, 0x0000, 0x0000, 0x0000, 0x0000, 0x0000, 0x0000, 0x0000, 0x0000, 0x0000, 0x0000, 0x0000, 0x0000, 0x0000, 0x0000, 0x0000,   // 0x2B90 (11152) pixels
0x0000, 0x0000, 0x0000, 0x0000, 0x0000, 0x0000, 0x0000, 0x0000, 0x0000, 0x0000, 0x0000, 0x0000, 0x0000, 0x0000, 0x0000, 0x0000,   // 0x2BA0 (11168) pixels
0x0000, 0x0000, 0x0020, 0x0000, 0x0800, 0x1021, 0x1000, 0x1000, 0x1000, 0x0800, 0x0000, 0x0820, 0x1000, 0x3003, 0x796A, 0xA20D,   // 0x2BB0 (11184) pixels
0x8B93, 0x9496, 0x7D17, 0x7558, 0x5455, 0x5456, 0x3BD4, 0x2B52, 0x22F1, 0x1A2F, 0x19EE, 0x19CD, 0x09AD, 0x098C, 0x016B, 0x094B,   // 0x2BC0 (11200) pixels
0x090A, 0x00A8, 0x53D3, 0x7DB9, 0x765A, 0x661A, 0x4D38, 0x3C36, 0x2B72, 0x122E, 0x014B, 0x08EA, 0x08A9, 0x0888, 0x10E8, 0x10E8,   // 0x2BD0 (11216) pixels
0x0887, 0x20E9, 0x49AB, 0x5A4C, 0x62AD, 0x6ACD, 0x72EE, 0x7ACE, 0x82CD, 0xAB6F, 0xDC31, 0xF515, 0xB3B2, 0x3848, 0x40EA, 0x38C8,   // 0x2BE0 (11232) pixels
0x0021, 0x0000, 0x0000, 0x0000, 0x0800, 0x0000, 0x0800, 0x0000, 0x0000, 0x0000, 0x0000, 0x0000, 0x0000, 0x0000, 0x0000, 0x0000,   // 0x2BF0 (11248) pixels
0x0000, 0x0000, 0x0000, 0x0020, 0x1841, 0x1862, 0x0000, 0x0020, 0x0000, 0x0000, 0x0000, 0x0000, 0x0000, 0x0000, 0x0000, 0x0000,   // 0x2C00 (11264) pixels
0x0000, 0x0000, 0x0000, 0x0000, 0x0000, 0x0000, 0x0000, 0x0000, 0x0000, 0x0000, 0x0000, 0x0000, 0x0000, 0x0000, 0x0000, 0x0000,   // 0x2C10 (11280) pixels
0x0000, 0x0000, 0x0000, 0x0000, 0x0000, 0x0000, 0x0000, 0x0000, 0x0000, 0x0000, 0x0000, 0x0800, 0x1000, 0x1000, 0x1000, 0x2842,   // 0x2C20 (11296) pixels
0x2800, 0x2800, 0x2000, 0x2801, 0x2001, 0x2824, 0x6A6E, 0x8BB3, 0x94F8, 0x84F7, 0x6CD7, 0x5CB6, 0x4BF4, 0x3B52, 0x226F, 0x228F,   // 0x2C30 (11312) pixels
0x120E, 0x11AD, 0x112C, 0x112C, 0x114B, 0x012A, 0x00E9, 0x00E9, 0x0067, 0x19AB, 0x8578, 0x7DD8, 0x765A, 0x5DD9, 0x44D7, 0x2353,   // 0x2C40 (11328) pixels
0x120D, 0x014B, 0x00C9, 0x08CA, 0x0889, 0x0888, 0x08A7, 0x0886, 0x1887, 0x3129, 0x51CB, 0x5A2C, 0x628C, 0x6ACD, 0x7AEE, 0x82EE,   // 0x2C50 (11344) pixels
0x92EE, 0xB390, 0xE4B3, 0xDC93, 0x616A, 0x1007, 0x38EC, 0x594C, 0x20C4, 0x0000, 0x0000, 0x0000, 0x0000, 0x0000, 0x0000, 0x0000,   // 0x2C60 (11360) pixels
0x0000, 0x0000, 0x0000, 0x0000, 0x0000, 0x0000, 0x0000, 0x0000, 0x0000, 0x0000, 0x0000, 0x0000, 0x0000, 0x0000, 0x0040, 0x0800,   // 0x2C70 (11376) pixels
0x0000, 0x0000, 0x0000, 0x0000, 0x0000, 0x0000, 0x0000, 0x0000, 0x0000, 0x0000, 0x0000, 0x0000, 0x0000, 0x0000, 0x0000, 0x0000,   // 0x2C80 (11392) pixels
0x0000, 0x0000, 0x0000, 0x0000, 0x0000, 0x0000, 0x0000, 0x0000, 0x0000, 0x0000, 0x0000, 0x0000, 0x0000, 0x0000, 0x0000, 0x0000,   // 0x2C90 (11408) pixels
0x0020, 0x0000, 0x0000, 0x1000, 0x1801, 0x1800, 0x3062, 0x7A6B, 0xBBED, 0xBBAD, 0xA2AB, 0x89CA, 0x6128, 0x51EB, 0x7414, 0x74F7,   // 0x2CA0 (11424) pixels
0x7497, 0x6476, 0x5435, 0x3B72, 0x2B10, 0x228F, 0x11CC, 0x1A0E, 0x098D, 0x114C, 0x088A, 0x08A9, 0x08EA, 0x00C9, 0x00C8, 0x00A8,   // 0x2CB0 (11440) pixels
0x0067, 0x5392, 0x95FA, 0x75B7, 0x5597, 0x4536, 0x3455, 0x024F, 0x19ED, 0x092A, 0x00A9, 0x0889, 0x0047, 0x0867, 0x08A7, 0x0066,   // 0x2CC0 (11456) pixels
0x20A8, 0x416A, 0x59EC, 0x5A0B, 0x5A6C, 0x6AAD, 0x72AE, 0x82CF, 0x9AEE, 0xB3B0, 0xD451, 0xA30D, 0x3046, 0x1009, 0x288C, 0x614D,   // 0x2CD0 (11472) pixels
0x49A8, 0x0800, 0x0801, 0x0000, 0x0000, 0x0020, 0x0020, 0x0020, 0x0000, 0x0000, 0x0000, 0x0000, 0x0000, 0x0000, 0x0000, 0x0000,   // 0x2CE0 (11488) pixels
0x0000, 0x0000, 0x0000, 0x0000, 0x0000, 0x0020, 0x0060, 0x0800, 0x0000, 0x0000, 0x0000, 0x0000, 0x0000, 0x0000, 0x0000, 0x0000,   // 0x2CF0 (11504) pixels
0x0000, 0x0000, 0x0000, 0x0000, 0x0000, 0x0000, 0x0000, 0x0000, 0x0000, 0x0000, 0x0000, 0x0000, 0x0000, 0x0000, 0x0000, 0x0000,   // 0x2D00 (11520) pixels
0x0000, 0x0000, 0x0000, 0x0000, 0x0020, 0x0000, 0x0000, 0x0000, 0x0800, 0x0800, 0x1000, 0x0800, 0x1020, 0x2000, 0x3800, 0xA26B,   // 0x2D10 (11536) pixels
0xFC8D, 0xFC90, 0xFBB1, 0xD2D0, 0xA353, 0x84B6, 0x74F7, 0x6C95, 0x6496, 0x5C35, 0x4393, 0x2AD0, 0x1A2C, 0x3A8E, 0x8B92, 0xB3D4,   // 0x2D20 (11552) pixels
0xC3B3, 0xAB73, 0x8A50, 0x40EB, 0x0067, 0x00A8, 0x08C8, 0x0047, 0x21CA, 0x6495, 0x75FA, 0x5E1A, 0x5E1B, 0x3C76, 0x2AF1, 0x1A0E,   // 0x2D30 (11568) pixels
0x10A7, 0x0867, 0x0046, 0x0867, 0x0867, 0x1047, 0x1006, 0x28A9, 0x38C8, 0x414A, 0x5A0C, 0x626D, 0x626D, 0x624D, 0x726D, 0x7AAE,   // 0x2D40 (11584) pixels
0xAA8B, 0xC3F1, 0xB433, 0x3129, 0x0005, 0x1869, 0x2849, 0x510C, 0x71EE, 0x2865, 0x0000, 0x0020, 0x0000, 0x0000, 0x0000, 0x0000,   // 0x2D50 (11600) pixels
0x0000, 0x0000, 0x0000, 0x0000, 0x0000, 0x0000, 0x0000, 0x0000, 0x0000, 0x0000, 0x0000, 0x0000, 0x0000, 0x0000, 0x0000, 0x0000,   // 0x2D60 (11616) pixels
0x0000, 0x0000, 0x0000, 0x0000, 0x0000, 0x0000, 0x0000, 0x0000, 0x0000, 0x0000, 0x0000, 0x0000, 0x0000, 0x0000, 0x0000, 0x0000,   // 0x2D70 (11632) pixels
0x0000, 0x0000, 0x0000, 0x0000, 0x0000, 0x0000, 0x0000, 0x0000, 0x0000, 0x0000, 0x0000, 0x0000, 0x0000, 0x0000, 0x0000, 0x0000,   // 0x2D80 (11648) pixels
0x0000, 0x0800, 0x1001, 0x1801, 0x2022, 0x2801, 0x3000, 0x7166, 0xF20B, 0xE22C, 0xBA6E, 0x93B2, 0x9518, 0x9D9A, 0x8519, 0x64B6,   // 0x2D90 (11664) pixels
0x4435, 0x22AF, 0x222E, 0x42AF, 0x8C35, 0xCD5A, 0xD518, 0xDD38, 0xE477, 0xDC37, 0xCB96, 0x9A72, 0x414C, 0x1068, 0x0006, 0x0026,   // 0x2DA0 (11680) pixels
0x4B71, 0x6D38, 0x763C, 0x4D58, 0x34B6, 0x2393, 0x1A2E, 0x090B, 0x08A8, 0x0067, 0x0046, 0x0026, 0x0026, 0x1867, 0x2067, 0x38EA,   // 0x2DB0 (11696) pixels
0x4109, 0x416A, 0x49CB, 0x5A2C, 0x6A8D, 0x6A6D, 0x724C, 0x7A6D, 0xBB4F, 0xBBD1, 0x620B, 0x1046, 0x0827, 0x1828, 0x306A, 0x50EC,   // 0x2DC0 (11712) pixels
0x79EE, 0x38A6, 0x0000, 0x0020, 0x0000, 0x0000, 0x0000, 0x0000, 0x0000, 0x0000, 0x0000, 0x0000, 0x0000, 0x0000, 0x0000, 0x0000,   // 0x2DD0 (11728) pixels
0x0000, 0x0000, 0x0000, 0x0000, 0x0000, 0x0000, 0x0000, 0x0000, 0x0000, 0x0000, 0x0000, 0x0000, 0x0000, 0x0000, 0x0000, 0x0000,   // 0x2DE0 (11744) pixels
0x0000, 0x0000, 0x0000, 0x0000, 0x0000, 0x0000, 0x0000, 0x0000, 0x0000, 0x0000, 0x0000, 0x0000, 0x0000, 0x0000, 0x0000, 0x0000,   // 0x2DF0 (11760) pixels
0x0000, 0x0000, 0x0000, 0x0000, 0x0000, 0x0000, 0x0000, 0x0000, 0x0800, 0x1001, 0x1821, 0x1801, 0x2001, 0x3022, 0x3001, 0x58A5,   // 0x2E00 (11776) pixels
0xE16E, 0xBA70, 0x93F4, 0x8538, 0x85DB, 0x757A, 0x64B7, 0x5C56, 0x2BD4, 0x22F1, 0x42D0, 0xAC98, 0xED9B, 0xF57A, 0xF5B9, 0xE578,   // 0x2E10 (11792) pixels
0xECB8, 0xD416, 0xDB56, 0xC294, 0x81D0, 0x38AA, 0x1007, 0x08C8, 0x6CB7, 0x5C96, 0x5D79, 0x4D18, 0x3435, 0x1AF1, 0x018C, 0x094B,   // 0x2E20 (11808) pixels
0x08E9, 0x00A8, 0x0067, 0x0026, 0x0005, 0x1866, 0x28A8, 0x4109, 0x416A, 0x496A, 0x49AB, 0x5A2C, 0x6A8D, 0x7A8D, 0x826D, 0x9ACE,   // 0x2E30 (11824) pixels
0xAB91, 0x7A8D, 0x1805, 0x0004, 0x0848, 0x1828, 0x388A, 0x48CC, 0x81EF, 0x5149, 0x0800, 0x0020, 0x0000, 0x0000, 0x0000, 0x0000,   // 0x2E40 (11840) pixels
0x0000, 0x0000, 0x0000, 0x0000, 0x0000, 0x0000, 0x0000, 0x0000, 0x0000, 0x0000, 0x0000, 0x0000, 0x0000, 0x0000, 0x0000, 0x0000,   // 0x2E50 (11856) pixels
0x0000, 0x0000, 0x0000, 0x0000, 0x0000, 0x0000, 0x0000, 0x0000, 0x0000, 0x0000, 0x0000, 0x0000, 0x0000, 0x0000, 0x0000, 0x0000,   // 0x2E60 (11872) pixels
0x0000, 0x0000, 0x0000, 0x0000, 0x0000, 0x0000, 0x0000, 0x0000, 0x0000, 0x0000, 0x0000, 0x0000, 0x0000, 0x0000, 0x0800, 0x0800,   // 0x2E70 (11888) pixels
0x2022, 0x1800, 0x1800, 0x2800, 0x2800, 0x3842, 0x3803, 0x4825, 0xA333, 0x9476, 0x8599, 0x7DDA, 0x7D9A, 0x6519, 0x4497, 0x4456,   // 0x2E80 (11904) pixels
0x1331, 0x3B32, 0xA4D9, 0xEE1D, 0xEDBA, 0xDD78, 0xE5D9, 0xE5DA, 0xDD79, 0xC477, 0xCB55, 0xC253, 0x99D1, 0x592D, 0x2068, 0x08E8,   // 0x2E90 (11920) pixels
0x4373, 0x3BB4, 0x4476, 0x3C97, 0x3476, 0x2C14, 0x1B11, 0x126E, 0x096C, 0x00EA, 0x08E9, 0x08A8, 0x0846, 0x2087, 0x30C8, 0x4129,   // 0x2EA0 (11936) pixels
0x416A, 0x416A, 0x49CB, 0x5A2C, 0x6A4C, 0x7A6C, 0x92CE, 0xAB0F, 0x728F, 0x2866, 0x0004, 0x0026, 0x0847, 0x2089, 0x388B, 0x48CC,   // 0x2EB0 (11952) pixels
0x81AF, 0x618B, 0x0800, 0x0000, 0x0020, 0x0000, 0x0000, 0x0000, 0x0000, 0x0000, 0x0000, 0x0000, 0x0000, 0x0000, 0x0000, 0x0000,   // 0x2EC0 (11968) pixels
0x0000, 0x0000, 0x0000, 0x0000, 0x0000, 0x0000, 0x0000, 0x0000, 0x0000, 0x0000, 0x0000, 0x0000, 0x0000, 0x0000, 0x0000, 0x0000,   // 0x2ED0 (11984) pixels
0x0000, 0x0000, 0x0000, 0x0000, 0x0000, 0x0000, 0x0000, 0x0000, 0x0000, 0x0000, 0x0000, 0x0000, 0x0000, 0x0000, 0x0000, 0x0000,   // 0x2EE0 (12000) pixels
0x0000, 0x0000, 0x0000, 0x0000, 0x0000, 0x0800, 0x1000, 0x1000, 0x1000, 0x2000, 0x6103, 0xB2C9, 0xBB0B, 0xAAED, 0x92CF, 0x8B52,   // 0x2EF0 (12016) pixels
0x7D79, 0x8DB9, 0x7DB9, 0x6578, 0x5517, 0x4C76, 0x33D4, 0x1BD3, 0x2330, 0x7C76, 0xD5BB, 0xDDFB, 0xBE19, 0xBEDB, 0xCEDC, 0xCDFA,   // 0x2F00 (12032) pixels
0xB599, 0xACF8, 0xBBD6, 0xAA53, 0x91D1, 0x716F, 0x38A9, 0x10C8, 0x3290, 0x3312, 0x2B53, 0x3415, 0x3456, 0x2C76, 0x2434, 0x0371,   // 0x2F10 (12048) pixels
0x122F, 0x098C, 0x116B, 0x110A, 0x18A8, 0x2087, 0x30C8, 0x4129, 0x414A, 0x414A, 0x51AB, 0x59CB, 0x61EB, 0x7A6D, 0x8A8D, 0x822C,   // 0x2F20 (12064) pixels
0x30E9, 0x0004, 0x0026, 0x0868, 0x0828, 0x20AA, 0x388B, 0x50ED, 0x896F, 0x79ED, 0x1000, 0x0000, 0x0020, 0x0000, 0x0000, 0x0000,   // 0x2F30 (12080) pixels
0x0000, 0x0000, 0x0000, 0x0000, 0x0000, 0x0000, 0x0000, 0x0000, 0x0000, 0x0000, 0x0000, 0x0000, 0x0000, 0x0000, 0x0000, 0x0000,   // 0x2F40 (12096) pixels
0x0000, 0x0000, 0x0000, 0x0000, 0x0000, 0x0000, 0x0000, 0x0000, 0x0000, 0x0000, 0x0000, 0x0000, 0x0000, 0x0000, 0x0000, 0x0000,   // 0x2F50 (12112) pixels
0x0000, 0x0000, 0x0000, 0x0000, 0x0000, 0x0000, 0x0000, 0x0000, 0x0000, 0x0000, 0x0000, 0x0000, 0x0800, 0x1000, 0x1000, 0x1801,   // 0x2F60 (12128) pixels
0x0842, 0x3041, 0x8966, 0xFB8F, 0xFBB0, 0xC350, 0x9C14, 0x8D59, 0x85BA, 0x7D59, 0x64D7, 0x4C75, 0x3C54, 0x2BD3, 0x1B52, 0x1B11,   // 0x2F70 (12144) pixels
0x3350, 0xA5BA, 0xC5FA, 0xBE1A, 0xB71B, 0xA77D, 0xBF7E, 0xB67C, 0xAE5B, 0x9DBA, 0x9C37, 0x8231, 0x714F, 0x692E, 0x408A, 0x1047,   // 0x2F80 (12160) pixels
0x198C, 0x19CD, 0x11CD, 0x22F1, 0x2373, 0x1BF4, 0x2CB6, 0x1C95, 0x2353, 0x1270, 0x19EE, 0x196C, 0x210A, 0x2088, 0x30A8, 0x410A,   // 0x2F90 (12176) pixels
0x416A, 0x496A, 0x598B, 0x61AB, 0x69EC, 0x7A6D, 0x61EB, 0x3886, 0x0805, 0x0005, 0x0046, 0x0047, 0x0868, 0x208A, 0x388B, 0x592E,   // 0x2FA0 (12192) pixels
0x914F, 0x8A2E, 0x1801, 0x0000, 0x0000, 0x0000, 0x0000, 0x0000, 0x0000, 0x0000, 0x0000, 0x0000, 0x0000, 0x0000, 0x0000, 0x0000,   // 0x2FB0 (12208) pixels
0x0000, 0x0000, 0x0000, 0x0000, 0x0000, 0x0000, 0x0000, 0x0000, 0x0000, 0x0000, 0x0000, 0x0000, 0x0000, 0x0000, 0x0000, 0x0000,   // 0x2FC0 (12224) pixels
0x0000, 0x0000, 0x0000, 0x0000, 0x0000, 0x0000, 0x0000, 0x0000, 0x0000, 0x0000, 0x0000, 0x0000, 0x0000, 0x0000, 0x0000, 0x0000,   // 0x2FD0 (12240) pixels
0x0000, 0x0000, 0x0000, 0x0000, 0x0800, 0x1000, 0x1801, 0x2001, 0x2062, 0x2801, 0x5802, 0xA98A, 0xC24F, 0xAB32, 0x9497, 0x859A,   // 0x2FE0 (12256) pixels
0x8519, 0x5C97, 0x43D4, 0x3352, 0x2B72, 0x1351, 0x0AB0, 0x1A4F, 0x5433, 0x9E1A, 0xB6DD, 0xAEBB, 0xAF3C, 0xA75C, 0x96DB, 0x9EFC,   // 0x2FF0 (12272) pixels
0xA6FD, 0x7E1A, 0x6C56, 0x5AB1, 0x49AF, 0x512E, 0x40CB, 0x1889, 0x0067, 0x194B, 0x198C, 0x118C, 0x09CD, 0x1B12, 0x23F4, 0x2414,   // 0x3000 (12288) pixels
0x2BF5, 0x1B32, 0x1A90, 0x19AD, 0x214C, 0x20CA, 0x28A9, 0x38EA, 0x496A, 0x516A, 0x596B, 0x69AC, 0x71ED, 0x59CB, 0x30C7, 0x0803,   // 0x3010 (12304) pixels
0x0005, 0x0846, 0x0026, 0x0046, 0x1068, 0x2069, 0x38AC, 0x592F, 0x88EE, 0x8A0F, 0x1802, 0x0000, 0x0020, 0x0021, 0x0000, 0x0820,   // 0x3020 (12320) pixels
0x0000, 0x0000, 0x0000, 0x0000, 0x0000, 0x0000, 0x0000, 0x0000, 0x0000, 0x0000, 0x0000, 0x0000, 0x0000, 0x0000, 0x0000, 0x0000,   // 0x3030 (12336) pixels
0x0000, 0x0000, 0x0000, 0x0000, 0x0000, 0x0000, 0x0000, 0x0000, 0x0000, 0x0000, 0x0000, 0x0000, 0x0000, 0x0000, 0x0000, 0x0000,   // 0x3040 (12352) pixels
0x0000, 0x0000, 0x0000, 0x0000, 0x0000, 0x0000, 0x0000, 0x0000, 0x0000, 0x0000, 0x0000, 0x0000, 0x0800, 0x1000, 0x1801, 0x2001,   // 0x3050 (12368) pixels
0x3801, 0x4023, 0x5887, 0x924F, 0xB396, 0xBCBA, 0xA51A, 0x84B8, 0x4477, 0x43F6, 0x2B33, 0x1AD1, 0x12B1, 0x1270, 0x0A2F, 0x0A6F,   // 0x3060 (12384) pixels
0x6CF6, 0x863A, 0x8EBA, 0xA71C, 0xB6FC, 0xAE9B, 0xA71D, 0x7EDB, 0x86BC, 0x55B8, 0x4495, 0x4394, 0x3A71, 0x316D, 0x28CB, 0x10A9,   // 0x3070 (12400) pixels
0x0004, 0x10E9, 0x214B, 0x192B, 0x114C, 0x1A0F, 0x0A4F, 0x2B93, 0x1BF5, 0x1B53, 0x1AB1, 0x19AD, 0x298D, 0x310C, 0x30CB, 0x390C,   // 0x3080 (12416) pixels
0x4108, 0x5129, 0x592A, 0x69AC, 0x69AC, 0x38C8, 0x0804, 0x0004, 0x0826, 0x0005, 0x0046, 0x0047, 0x0848, 0x208A, 0x40CD, 0x510F,   // 0x3090 (12432) pixels
0x9930, 0x9A50, 0x2843, 0x0020, 0x0000, 0x0000, 0x0000, 0x0000, 0x0000, 0x0000, 0x0000, 0x0000, 0x0000, 0x0000, 0x0000, 0x0000,   // 0x30A0 (12448) pixels
0x0000, 0x0000, 0x0000, 0x0000, 0x0000, 0x0000, 0x0000, 0x0000, 0x0000, 0x0000, 0x0000, 0x0000, 0x0000, 0x0000, 0x0000, 0x0000,   // 0x30B0 (12464) pixels
0x0000, 0x0000, 0x0000, 0x0000, 0x0000, 0x0000, 0x0000, 0x0000, 0x0000, 0x0000, 0x0000, 0x0000, 0x0000, 0x0000, 0x0000, 0x0000,   // 0x30C0 (12480) pixels
0x0020, 0x0000, 0x0800, 0x0800, 0x0821, 0x1841, 0x2800, 0x8188, 0xCA6B, 0xCAAF, 0xC333, 0xB3F6, 0xA4D8, 0x9519, 0x7CB8, 0x6416,   // 0x30D0 (12496) pixels
0x4374, 0x2AB1, 0x1A4F, 0x1A2F, 0x1A0E, 0x11AC, 0x00EA, 0x3270, 0x7D78, 0x7D78, 0x8E1A, 0x8E5B, 0x863A, 0x969C, 0x8EBC, 0x8E9C,   // 0x30E0 (12512) pixels
0x5DB9, 0x4CD6, 0x3BD4, 0x3AD1, 0x320F, 0x296D, 0x210B, 0x1089, 0x0826, 0x0026, 0x110A, 0x196C, 0x116C, 0x09AD, 0x11CE, 0x2AB1,   // 0x30F0 (12528) pixels
0x2B93, 0x2393, 0x1B52, 0x1A90, 0x19AE, 0x290C, 0x30CB, 0x38EC, 0x48E9, 0x40E9, 0x496A, 0x3949, 0x18A6, 0x0824, 0x0004, 0x0025,   // 0x3100 (12544) pixels
0x0025, 0x0025, 0x0826, 0x0847, 0x1068, 0x208A, 0x38EC, 0x510E, 0x898F, 0xA271, 0x48E7, 0x0000, 0x0020, 0x0800, 0x0800, 0x0020,   // 0x3110 (12560) pixels
0x0000, 0x0000, 0x0000, 0x0000, 0x0000, 0x0000, 0x0000, 0x0000, 0x0000, 0x0000, 0x0000, 0x0000, 0x0000, 0x0000, 0x0000, 0x0000,   // 0x3120 (12576) pixels
0x0000, 0x0000, 0x0000, 0x0000, 0x0000, 0x0000, 0x0000, 0x0000, 0x0000, 0x0000, 0x0000, 0x0000, 0x0000, 0x0000, 0x0000, 0x0000,   // 0x3130 (12592) pixels
0x0000, 0x0000, 0x0000, 0x0000, 0x0000, 0x0000, 0x0000, 0x0000, 0x0000, 0x0000, 0x1001, 0x1842, 0x1021, 0x1800, 0x3802, 0x9A2B,   // 0x3140 (12608) pixels
0xE2EF, 0xD331, 0xC394, 0xAC57, 0xA539, 0x957A, 0x74B8, 0x5BD5, 0x32D1, 0x1A2F, 0x09AD, 0x09AD, 0x098C, 0x094B, 0x010A, 0x3AD1,   // 0x3150 (12624) pixels
0x7D99, 0x7D99, 0x85FA, 0x863B, 0x7E1A, 0x7E3A, 0x7E7B, 0x765A, 0x4537, 0x3C75, 0x3393, 0x32B1, 0x21CE, 0x214C, 0x18EB, 0x10A9,   // 0x3160 (12640) pixels
0x0846, 0x0005, 0x0888, 0x110A, 0x114B, 0x096C, 0x096C, 0x1A2F, 0x0A8F, 0x12D0, 0x12F1, 0x1A90, 0x21CE, 0x292D, 0x390C, 0x412C,   // 0x3170 (12656) pixels
0x512B, 0x490A, 0x3909, 0x20A6, 0x0824, 0x0004, 0x0025, 0x0025, 0x0046, 0x0025, 0x0826, 0x0847, 0x0868, 0x1889, 0x30CB, 0x510D,   // 0x3180 (12672) pixels
0x816F, 0xA251, 0x5929, 0x0000, 0x0020, 0x0000, 0x0000, 0x0020, 0x0000, 0x0000, 0x0000, 0x0000, 0x0000, 0x0000, 0x0000, 0x0000,   // 0x3190 (12688) pixels
0x0000, 0x0000, 0x0000, 0x0000, 0x0000, 0x0000, 0x0000, 0x0000, 0x0000, 0x0000, 0x0000, 0x0000, 0x0000, 0x0000, 0x0000, 0x0000,   // 0x31A0 (12704) pixels
0x0000, 0x0000, 0x0000, 0x0000, 0x0000, 0x0000, 0x0000, 0x0000, 0x0000, 0x0000, 0x0000, 0x0000, 0x0000, 0x0000, 0x0000, 0x0000,   // 0x31B0 (12720) pixels
0x0020, 0x0800, 0x0800, 0x1000, 0x1800, 0x2802, 0x4002, 0x68A6, 0xC20E, 0xCB13, 0xC457, 0xACF9, 0x9538, 0x74D8, 0x53F5, 0x3AF2,   // 0x31C0 (12736) pixels
0x222F, 0x118D, 0x094B, 0x094B, 0x092B, 0x010A, 0x00E9, 0x4B12, 0x64B6, 0x64D7, 0x6517, 0x6D99, 0x6599, 0x5D78, 0x5DB9, 0x4D57,   // 0x31D0 (12752) pixels
0x34D6, 0x2C35, 0x2B73, 0x2A91, 0x21AE, 0x192C, 0x10CA, 0x0869, 0x0866, 0x0005, 0x0846, 0x10A8, 0x192A, 0x196C, 0x094B, 0x11AD,   // 0x31E0 (12768) pixels
0x128F, 0x1AF0, 0x1B11, 0x1AB0, 0x19CE, 0x292D, 0x310C, 0x30EC, 0x512C, 0x38CA, 0x2047, 0x0825, 0x0004, 0x0004, 0x0025, 0x0006,   // 0x31F0 (12784) pixels
0x0046, 0x0025, 0x0826, 0x0867, 0x0888, 0x1089, 0x28AB, 0x490D, 0x814F, 0x9A31, 0x79CC, 0x0800, 0x0020, 0x0000, 0x0000, 0x0020,   // 0x3200 (12800) pixels
0x0000, 0x0000, 0x0000, 0x0000, 0x0000, 0x0000, 0x0000, 0x0000, 0x0000, 0x0000, 0x0000, 0x0000, 0x0000, 0x0000, 0x0000, 0x0000,   // 0x3210 (12816) pixels
0x0000, 0x0000, 0x0000, 0x0000, 0x0000, 0x0000, 0x0000, 0x0000, 0x0000, 0x0000, 0x0000, 0x0000, 0x0000, 0x0000, 0x0000, 0x0000,   // 0x3220 (12832) pixels
0x0000, 0x0000, 0x0000, 0x0000, 0x0000, 0x0000, 0x0000, 0x0000, 0x0841, 0x0800, 0x1000, 0x2021, 0x2801, 0x6107, 0x9A2C, 0xCB31,   // 0x3230 (12848) pixels
0xE2D4, 0xDBF7, 0xC4F9, 0x9D39, 0x7CF7, 0x5C55, 0x3B52, 0x224F, 0x19CD, 0x094C, 0x090B, 0x090B, 0x08EA, 0x0088, 0x00A9, 0x4B11,   // 0x3240 (12864) pixels
0x5456, 0x5456, 0x4C55, 0x4CB6, 0x4CD7, 0x4CF7, 0x4537, 0x3CD6, 0x2C75, 0x23B3, 0x1AD1, 0x1A0F, 0x116D, 0x10EB, 0x08AA, 0x0048,   // 0x3250 (12880) pixels
0x0066, 0x0846, 0x1067, 0x1067, 0x20C9, 0x216B, 0x114B, 0x118C, 0x018B, 0x0A2E, 0x12D1, 0x22D1, 0x222F, 0x31AE, 0x396E, 0x394D,   // 0x3260 (12896) pixels
0x48EC, 0x3069, 0x0806, 0x0025, 0x0045, 0x0005, 0x0026, 0x0006, 0x0046, 0x0025, 0x0026, 0x0847, 0x0888, 0x1089, 0x20AA, 0x410C,   // 0x3270 (12912) pixels
0x712E, 0x99F1, 0x922F, 0x1802, 0x0000, 0x0000, 0x0000, 0x0020, 0x0000, 0x0000, 0x0000, 0x0000, 0x0000, 0x0000, 0x0000, 0x0000,   // 0x3280 (12928) pixels
0x0000, 0x0000, 0x0000, 0x0000, 0x0000, 0x0000, 0x0000, 0x0000, 0x0000, 0x0000, 0x0000, 0x0000, 0x0000, 0x0000, 0x0000, 0x0000,   // 0x3290 (12944) pixels
0x0000, 0x0000, 0x0000, 0x0000, 0x0000, 0x0000, 0x0000, 0x0000, 0x0000, 0x0000, 0x0000, 0x0000, 0x0000, 0x0000, 0x0000, 0x0000,   // 0x32A0 (12960) pixels
0x0000, 0x0800, 0x1821, 0x2000, 0x4884, 0xB2EF, 0xD393, 0xC2B0, 0xEB77, 0xDC59, 0xACF9, 0x7CB6, 0x5414, 0x4373, 0x2A70, 0x098C,   // 0x32B0 (12976) pixels
0x114B, 0x08EA, 0x08C9, 0x08A9, 0x0088, 0x0047, 0x0087, 0x42D1, 0x4BF5, 0x4BF5, 0x4C16, 0x3C15, 0x3C15, 0x3C55, 0x3435, 0x23F4,   // 0x32C0 (12992) pixels
0x23B3, 0x12F1, 0x0A0E, 0x094C, 0x08CB, 0x08AA, 0x08A9, 0x0068, 0x0005, 0x1066, 0x1867, 0x1826, 0x1867, 0x20E9, 0x192A, 0x116B,   // 0x32D0 (13008) pixels
0x11AC, 0x122E, 0x12B0, 0x12B0, 0x19EF, 0x218E, 0x294D, 0x290C, 0x48CC, 0x308A, 0x0806, 0x0026, 0x0066, 0x0026, 0x0026, 0x0006,   // 0x32E0 (13024) pixels
0x0046, 0x0826, 0x0826, 0x0047, 0x0888, 0x0889, 0x188A, 0x390C, 0x690E, 0x91B0, 0x9A50, 0x3085, 0x0000, 0x0020, 0x0000, 0x0020,   // 0x32F0 (13040) pixels
0x0000, 0x0000, 0x0000, 0x0000, 0x0000, 0x0000, 0x0000, 0x0000, 0x0000, 0x0000, 0x0000, 0x0000, 0x0000, 0x0000, 0x0000, 0x0000,   // 0x3300 (13056) pixels
0x0000, 0x0000, 0x0000, 0x0000, 0x0000, 0x0000, 0x0000, 0x0000, 0x0000, 0x0000, 0x0000, 0x0000, 0x0000, 0x0000, 0x0000, 0x0000,   // 0x3310 (13072) pixels
0x0000, 0x0000, 0x0000, 0x0000, 0x0000, 0x0000, 0x0000, 0x0000, 0x0000, 0x0821, 0x1841, 0x2000, 0x4001, 0x916A, 0xC290, 0xDB33,   // 0x3320 (13088) pixels
0xE376, 0xD478, 0xA539, 0x74D7, 0x4BD4, 0x3AD1, 0x21EE, 0x094B, 0x08EA, 0x0889, 0x0868, 0x0868, 0x0847, 0x0047, 0x00A8, 0x4AF1,   // 0x3330 (13104) pixels
0x3312, 0x3B33, 0x4394, 0x3353, 0x2B32, 0x2332, 0x1AF0, 0x12D0, 0x1AB0, 0x124F, 0x11CE, 0x114C, 0x08CA, 0x0889, 0x0888, 0x0067,   // 0x3340 (13120) pixels
0x0005, 0x1066, 0x2066, 0x2046, 0x2066, 0x1887, 0x18C9, 0x216B, 0x092A, 0x098C, 0x0A6F, 0x1AD0, 0x2250, 0x29EF, 0x318E, 0x292D,   // 0x3350 (13136) pixels
0x48ED, 0x390C, 0x1889, 0x0006, 0x0005, 0x0026, 0x0847, 0x0006, 0x0826, 0x1046, 0x0826, 0x0826, 0x0868, 0x0888, 0x1889, 0x30EC,   // 0x3360 (13152) pixels
0x510E, 0x816F, 0x9A10, 0x5128, 0x0000, 0x0000, 0x0000, 0x0020, 0x0000, 0x0000, 0x0000, 0x0000, 0x0000, 0x0000, 0x0000, 0x0000,   // 0x3370 (13168) pixels
0x0000, 0x0000, 0x0000, 0x0000, 0x0000, 0x0000, 0x0000, 0x0000, 0x0000, 0x0000, 0x0000, 0x0000, 0x0000, 0x0000, 0x0000, 0x0000,   // 0x3380 (13184) pixels
0x0000, 0x0000, 0x0000, 0x0000, 0x0000, 0x0000, 0x0000, 0x0000, 0x0000, 0x0000, 0x0000, 0x0000, 0x0000, 0x0000, 0x0000, 0x0000,   // 0x3390 (13200) pixels
0x0801, 0x1021, 0x0800, 0x3841, 0x89A9, 0xD2F1, 0xE333, 0xF3B6, 0xEBF7, 0xCC98, 0x9CF7, 0x6455, 0x4332, 0x3210, 0x194C, 0x08CA,   // 0x33A0 (13216) pixels
0x08C9, 0x0868, 0x0848, 0x0827, 0x0827, 0x0847, 0x0087, 0x42AF, 0x32D2, 0x2AB1, 0x2A70, 0x2270, 0x224F, 0x1A2F, 0x1A2E, 0x1A4F,   // 0x33B0 (13232) pixels
0x11ED, 0x11AD, 0x196D, 0x192C, 0x10CA, 0x0888, 0x0067, 0x0046, 0x0826, 0x1867, 0x2066, 0x2886, 0x30A7, 0x2087, 0x18A8, 0x210A,   // 0x33C0 (13248) pixels
0x194B, 0x096B, 0x0A2E, 0x12B0, 0x1A50, 0x29EF, 0x29AE, 0x294D, 0x40EC, 0x412D, 0x30EB, 0x0827, 0x0005, 0x0026, 0x0826, 0x0827,   // 0x33D0 (13264) pixels
0x1026, 0x1867, 0x1027, 0x0806, 0x0047, 0x0868, 0x1869, 0x30CB, 0x40EE, 0x710E, 0x91CF, 0x71EC, 0x0801, 0x0800, 0x0800, 0x0000,   // 0x33E0 (13280) pixels
0x0000, 0x0000, 0x0000, 0x0000, 0x0000, 0x0000, 0x0000, 0x0000, 0x0000, 0x0000, 0x0000, 0x0000, 0x0000, 0x0000, 0x0000, 0x0000,   // 0x33F0 (13296) pixels
0x0000, 0x0000, 0x0000, 0x0000, 0x0000, 0x0000, 0x0000, 0x0000, 0x0000, 0x0000, 0x0000, 0x0000, 0x0000, 0x0000, 0x0000, 0x0000,   // 0x3400 (13312) pixels
0x0000, 0x0000, 0x0000, 0x0000, 0x0000, 0x0000, 0x0000, 0x0000, 0x0801, 0x1021, 0x0800, 0x69C8, 0xDBD2, 0xEB93, 0xDAB1, 0xEB75,   // 0x3410 (13328) pixels
0xE416, 0xC496, 0x8CB5, 0x53D3, 0x3A91, 0x298F, 0x18EB, 0x08A9, 0x0888, 0x0848, 0x0828, 0x0807, 0x0806, 0x0826, 0x0026, 0x320D,   // 0x3420 (13344) pixels
0x3AD2, 0x2A2F, 0x118D, 0x19CE, 0x21EE, 0x11AD, 0x118D, 0x11AD, 0x116B, 0x08EA, 0x08AA, 0x0889, 0x0868, 0x0868, 0x0867, 0x0045,   // 0x3430 (13360) pixels
0x1026, 0x2087, 0x2066, 0x2865, 0x30A6, 0x28A7, 0x2088, 0x20A9, 0x192B, 0x012A, 0x01ED, 0x1290, 0x1A70, 0x21CF, 0x216D, 0x210C,   // 0x3440 (13376) pixels
0x38AB, 0x410C, 0x392C, 0x1868, 0x0805, 0x0805, 0x0005, 0x0847, 0x1847, 0x2088, 0x1847, 0x0806, 0x0047, 0x0868, 0x1869, 0x288B,   // 0x3450 (13392) pixels
0x38ED, 0x68EE, 0x898E, 0x826E, 0x1001, 0x0800, 0x0800, 0x0000, 0x0000, 0x0000, 0x0000, 0x0000, 0x0000, 0x0000, 0x0000, 0x0000,   // 0x3460 (13408) pixels
0x0000, 0x0000, 0x0000, 0x0000, 0x0000, 0x0000, 0x0000, 0x0000, 0x0000, 0x0000, 0x0000, 0x0000, 0x0000, 0x0000, 0x0000, 0x0000,   // 0x3470 (13424) pixels
0x0000, 0x0000, 0x0000, 0x0000, 0x0000, 0x0000, 0x0000, 0x0000, 0x0000, 0x0000, 0x0000, 0x0000, 0x0000, 0x0000, 0x0000, 0x0000,   // 0x3480 (13440) pixels
0x0821, 0x1001, 0x2021, 0x60E6, 0xD28F, 0xE2B1, 0xE354, 0xE3B6, 0xEC17, 0xCC97, 0x94B6, 0x5392, 0x2A4F, 0x216D, 0x18AA, 0x1889,   // 0x3490 (13456) pixels
0x0828, 0x1028, 0x1047, 0x1867, 0x0826, 0x1047, 0x1068, 0x294B, 0x21CE, 0x196C, 0x112C, 0x112C, 0x112C, 0x112C, 0x112C, 0x110C,   // 0x34A0 (13472) pixels
0x090A, 0x00C9, 0x00A9, 0x08A9, 0x0888, 0x0847, 0x0806, 0x0806, 0x1867, 0x2087, 0x20A8, 0x28A8, 0x28A8, 0x28A8, 0x28A7, 0x2867,   // 0x34B0 (13488) pixels
0x20A9, 0x292B, 0x218C, 0x096B, 0x11CD, 0x19EE, 0x198D, 0x31CF, 0x290C, 0x390C, 0x40CC, 0x30AA, 0x0027, 0x0005, 0x1047, 0x2006,   // 0x34C0 (13504) pixels
0x2806, 0x2846, 0x0803, 0x0003, 0x0866, 0x0027, 0x1048, 0x20C9, 0x28CC, 0x492E, 0x614D, 0x79EE, 0x3045, 0x0800, 0x0021, 0x0020,   // 0x34D0 (13520) pixels
0x0000, 0x0021, 0x0000, 0x0000, 0x0000, 0x0821, 0x0000, 0x0001, 0x0000, 0x0000, 0x0000, 0x0000, 0x0000, 0x0000, 0x0000, 0x0000,   // 0x34E0 (13536) pixels
0x0000, 0x0000, 0x0000, 0x0000, 0x0000, 0x0000, 0x0000, 0x0000, 0x0000, 0x0000, 0x0000, 0x0000, 0x0000, 0x0000, 0x0000, 0x0000,   // 0x34F0 (13552) pixels
0x0000, 0x0000, 0x0000, 0x0000, 0x0000, 0x0000, 0x0000, 0x0000, 0x0801, 0x1000, 0x1800, 0x6926, 0xE311, 0xD22F, 0xE374, 0xEBD6,   // 0x3500 (13568) pixels
0xE3D6, 0xCC76, 0x9475, 0x5372, 0x2A2F, 0x192C, 0x18A9, 0x1047, 0x1087, 0x1046, 0x1025, 0x1045, 0x0824, 0x0845, 0x0865, 0x2149,   // 0x3510 (13584) pixels
0x21AD, 0x194C, 0x110B, 0x110B, 0x08CA, 0x08CA, 0x08CA, 0x08AA, 0x08E9, 0x00C9, 0x00A8, 0x0068, 0x0047, 0x0006, 0x0806, 0x0826,   // 0x3520 (13600) pixels
0x2067, 0x2887, 0x2887, 0x2867, 0x2887, 0x3087, 0x3087, 0x3087, 0x28C8, 0x20E9, 0x216B, 0x19CD, 0x19ED, 0x1A0E, 0x21CE, 0x21CE,   // 0x3530 (13616) pixels
0x292D, 0x392D, 0x492D, 0x412C, 0x1088, 0x0005, 0x20A8, 0x40EA, 0x5889, 0x5929, 0x3086, 0x0803, 0x0805, 0x0868, 0x1089, 0x1088,   // 0x3540 (13632) pixels
0x28AB, 0x410C, 0x614D, 0x79EE, 0x48A7, 0x1802, 0x0800, 0x0820, 0x0801, 0x0000, 0x0801, 0x0800, 0x0820, 0x0820, 0x0000, 0x0020,   // 0x3550 (13648) pixels
0x0000, 0x0000, 0x0000, 0x0000, 0x0000, 0x0000, 0x0000, 0x0000, 0x0000, 0x0000, 0x0000, 0x0000, 0x0000, 0x0000, 0x0000, 0x0000,   // 0x3560 (13664) pixels
0x0000, 0x0000, 0x0000, 0x0000, 0x0000, 0x0000, 0x0000, 0x0000, 0x0000, 0x0000, 0x0000, 0x0000, 0x0000, 0x0000, 0x0000, 0x0000,   // 0x3570 (13680) pixels
0x0800, 0x1821, 0x2000, 0x926B, 0xE310, 0xDA4F, 0xE333, 0xF3B6, 0xFC16, 0xE4B7, 0xAC76, 0x6BB4, 0x3250, 0x190B, 0x10A8, 0x1045,   // 0x3580 (13696) pixels
0x0823, 0x0803, 0x0801, 0x0822, 0x0822, 0x0001, 0x0002, 0x08A5, 0x216C, 0x110A, 0x08C9, 0x08A9, 0x0889, 0x0889, 0x0889, 0x0888,   // 0x3590 (13712) pixels
0x0067, 0x0047, 0x0046, 0x0026, 0x0005, 0x0805, 0x1046, 0x1887, 0x3067, 0x3087, 0x3087, 0x3067, 0x3066, 0x3087, 0x3087, 0x3066,   // 0x35A0 (13728) pixels
0x28E6, 0x1886, 0x10E8, 0x19AC, 0x11AC, 0x11CE, 0x222F, 0x19EE, 0x216D, 0x290C, 0x38EC, 0x412C, 0x28EA, 0x1046, 0x2067, 0x38A8,   // 0x35B0 (13744) pixels
0x60E9, 0x48A6, 0x2002, 0x1003, 0x1067, 0x0848, 0x0848, 0x0889, 0x20CA, 0x38EB, 0x616E, 0x8230, 0x71ED, 0x5169, 0x2023, 0x1001,   // 0x35C0 (13760) pixels
0x0802, 0x1002, 0x1842, 0x0800, 0x0800, 0x0800, 0x0840, 0x0000, 0x0000, 0x0000, 0x0000, 0x0000, 0x0000, 0x0000, 0x0000, 0x0000,   // 0x35D0 (13776) pixels
0x0000, 0x0000, 0x0000, 0x0000, 0x0000, 0x0000, 0x0000, 0x0000, 0x0000, 0x0000, 0x0000, 0x0000, 0x0000, 0x0000, 0x0000, 0x0000,   // 0x35E0 (13792) pixels
0x0000, 0x0000, 0x0000, 0x0000, 0x0000, 0x0000, 0x0000, 0x0000, 0x0800, 0x2021, 0x3082, 0xA2CD, 0xCA4E, 0xEAB1, 0xE2F2, 0xF395,   // 0x35F0 (13808) pixels
0xFBD5, 0xEC56, 0xB435, 0x7B93, 0x4270, 0x18EA, 0x0825, 0x1002, 0x0802, 0x0802, 0x0801, 0x0801, 0x0801, 0x0001, 0x0001, 0x10C5,   // 0x3600 (13824) pixels
0x214B, 0x10C9, 0x0888, 0x0868, 0x0867, 0x0867, 0x0867, 0x0847, 0x0047, 0x0046, 0x0026, 0x0025, 0x0004, 0x0824, 0x1865, 0x20A6,   // 0x3610 (13840) pixels
0x2886, 0x2886, 0x30A7, 0x30A7, 0x30A7, 0x30C6, 0x30A6, 0x30A6, 0x1042, 0x0822, 0x0044, 0x114A, 0x11CD, 0x11CD, 0x1A2F, 0x120F,   // 0x3620 (13856) pixels
0x198D, 0x192C, 0x28EB, 0x310C, 0x290A, 0x1066, 0x0804, 0x1004, 0x2064, 0x2083, 0x0801, 0x0002, 0x0846, 0x0848, 0x1069, 0x18CB,   // 0x3630 (13872) pixels
0x214C, 0x396D, 0x598F, 0x7211, 0x82D3, 0x8B54, 0x7AF0, 0x726E, 0x5A2D, 0x6AAF, 0x72CF, 0x626D, 0x30E6, 0x1001, 0x0800, 0x1040,   // 0x3640 (13888) pixels
0x0000, 0x0000, 0x0000, 0x0000, 0x0000, 0x0000, 0x0000, 0x0000, 0x0000, 0x0000, 0x0000, 0x0000, 0x0000, 0x0000, 0x0000, 0x0000,   // 0x3650 (13904) pixels
0x0000, 0x0000, 0x0000, 0x0000, 0x0000, 0x0000, 0x0000, 0x0000, 0x0000, 0x0000, 0x0000, 0x0000, 0x0000, 0x0000, 0x0000, 0x0000,   // 0x3660 (13920) pixels
0x1022, 0x1000, 0x38C4, 0x6947, 0xB9CC, 0xEAD2, 0xE2F3, 0xEB14, 0xF374, 0xF436, 0xDC97, 0xAC15, 0x7312, 0x314A, 0x1003, 0x1802,   // 0x3670 (13936) pixels
0x1803, 0x1803, 0x1802, 0x1002, 0x1002, 0x1002, 0x0002, 0x1085, 0x214B, 0x10C9, 0x0888, 0x0847, 0x0026, 0x0026, 0x0026, 0x0006,   // 0x3680 (13952) pixels
0x0026, 0x0025, 0x0005, 0x0024, 0x0845, 0x1065, 0x18A5, 0x20A5, 0x2085, 0x2085, 0x1885, 0x1864, 0x1844, 0x1023, 0x0802, 0x0802,   // 0x3690 (13968) pixels
0x0800, 0x0001, 0x0002, 0x00A6, 0x118B, 0x11CD, 0x122F, 0x1A70, 0x1A0F, 0x19AD, 0x214C, 0x294C, 0x316C, 0x292A, 0x1867, 0x0804,   // 0x36A0 (13984) pixels
0x0002, 0x0002, 0x0001, 0x0043, 0x1087, 0x0848, 0x1049, 0x18AA, 0x192C, 0x294D, 0x41B0, 0x51F1, 0x6272, 0x6AF4, 0x8375, 0x8B75,   // 0x36B0 (14000) pixels
0x7B12, 0x7AF2, 0x622F, 0x7AF2, 0x728F, 0x51AA, 0x1002, 0x1001, 0x0000, 0x0000, 0x0000, 0x0000, 0x0000, 0x0000, 0x0000, 0x0000,   // 0x36C0 (14016) pixels
0x0000, 0x0000, 0x0000, 0x0000, 0x0000, 0x0000, 0x0000, 0x0000, 0x0000, 0x0000, 0x0000, 0x0000, 0x0000, 0x0000, 0x0000, 0x0000,   // 0x36D0 (14032) pixels
0x0000, 0x0000, 0x0000, 0x0000, 0x0000, 0x0000, 0x0000, 0x0000, 0x1022, 0x1001, 0x2042, 0x4002, 0xA9AC, 0xF313, 0xDA72, 0xDA93,   // 0x36E0 (14048) pixels
0xF375, 0xFBF6, 0xEC56, 0xCC55, 0xAC14, 0x72AF, 0x3086, 0x2001, 0x2804, 0x2803, 0x2002, 0x2003, 0x1803, 0x1824, 0x1004, 0x20A6,   // 0x36F0 (14064) pixels
0x214B, 0x10C9, 0x0867, 0x0027, 0x0026, 0x0026, 0x0026, 0x0005, 0x0026, 0x0025, 0x0005, 0x0004, 0x0003, 0x0823, 0x0822, 0x0002,   // 0x3700 (14080) pixels
0x0002, 0x0001, 0x0001, 0x0001, 0x0001, 0x0001, 0x0001, 0x0001, 0x0000, 0x0000, 0x0001, 0x0044, 0x1128, 0x096A, 0x018C, 0x09EE,   // 0x3710 (14096) pixels
0x1A70, 0x1A0E, 0x220E, 0x29EE, 0x3A4F, 0x4A70, 0x420E, 0x318C, 0x20C8, 0x1044, 0x0002, 0x0824, 0x1067, 0x0007, 0x0868, 0x18E9,   // 0x3720 (14112) pixels
0x298D, 0x294D, 0x312D, 0x290D, 0x294E, 0x296E, 0x4A31, 0x6293, 0x7B54, 0x7333, 0x390C, 0x390B, 0x7290, 0xAC56, 0x624C, 0x1001,   // 0x3730 (14128) pixels
0x0800, 0x0000, 0x0000, 0x0000, 0x0000, 0x0000, 0x0000, 0x0000, 0x0000, 0x0000, 0x0000, 0x0000, 0x0000, 0x0000, 0x0000, 0x0000,   // 0x3740 (14144) pixels
0x0000, 0x0000, 0x0000, 0x0000, 0x0000, 0x0000, 0x0000, 0x0000, 0x0000, 0x0000, 0x0000, 0x0000, 0x0000, 0x0000, 0x0000, 0x0000,   // 0x3750 (14160) pixels
0x0802, 0x1802, 0x1802, 0x3002, 0xA16B, 0xD1F0, 0xC1AF, 0xCA12, 0xEB36, 0xF375, 0xF3B3, 0xEC54, 0xED37, 0xCCF7, 0x828E, 0x4025,   // 0x3760 (14176) pixels
0x3003, 0x2802, 0x2802, 0x3024, 0x2002, 0x1802, 0x1803, 0x30C7, 0x296C, 0x10EA, 0x0868, 0x0047, 0x0026, 0x0026, 0x0026, 0x0025,   // 0x3770 (14192) pixels
0x0005, 0x0005, 0x0005, 0x0004, 0x0003, 0x0002, 0x0002, 0x0001, 0x0802, 0x0001, 0x0001, 0x0001, 0x0001, 0x0001, 0x0000, 0x0021,   // 0x3780 (14208) pixels
0x0000, 0x0000, 0x0001, 0x0001, 0x0064, 0x1149, 0x19ED, 0x1A50, 0x22D1, 0x22D1, 0x3B73, 0x4394, 0x4B33, 0x4B33, 0x5313, 0x5B34,   // 0x3790 (14224) pixels
0x6333, 0x5B11, 0x424C, 0x2969, 0x10A7, 0x0006, 0x0026, 0x0866, 0x20CA, 0x396C, 0x418D, 0x1048, 0x0868, 0x08A9, 0x210C, 0x312D,   // 0x37A0 (14240) pixels
0x6310, 0x9477, 0x8394, 0x30A9, 0x410A, 0x9372, 0x9BB2, 0x38A5, 0x0800, 0x0000, 0x0000, 0x0000, 0x0000, 0x0000, 0x0000, 0x0000,   // 0x37B0 (14256) pixels
0x0000, 0x0000, 0x0000, 0x0000, 0x0000, 0x0000, 0x0000, 0x0000, 0x0000, 0x0000, 0x0000, 0x0000, 0x0000, 0x0000, 0x0000, 0x0000,   // 0x37C0 (14272) pixels
0x0000, 0x0000, 0x0000, 0x0000, 0x0000, 0x0000, 0x0000, 0x0000, 0x0802, 0x1023, 0x1843, 0x2801, 0x994B, 0x8808, 0xB12E, 0xC1B0,   // 0x37D0 (14288) pixels
0xC232, 0xEB34, 0xFBF3, 0xFC53, 0xECD5, 0xDCF6, 0xB392, 0x6909, 0x58E7, 0x5907, 0x71EA, 0x826C, 0x5127, 0x2803, 0x1002, 0x2865,   // 0x37E0 (14304) pixels
0x31CE, 0x212B, 0x10A9, 0x0868, 0x0047, 0x0026, 0x0026, 0x0005, 0x0006, 0x0046, 0x0866, 0x0045, 0x0024, 0x0023, 0x0022, 0x0022,   // 0x37F0 (14320) pixels
0x0801, 0x0801, 0x0001, 0x0801, 0x0001, 0x0000, 0x0000, 0x0000, 0x0001, 0x0000, 0x0821, 0x0000, 0x0043, 0x21CB, 0x3AF1, 0x4354,   // 0x3800 (14336) pixels
0x43B4, 0x3393, 0x5497, 0x64F9, 0x5C57, 0x5375, 0x4B14, 0x5354, 0x4BF6, 0x53F4, 0x5BF3, 0x6C13, 0x52D0, 0x18C9, 0x0805, 0x1045,   // 0x3810 (14352) pixels
0x28A9, 0x7AF1, 0x93D5, 0x2929, 0x0046, 0x0067, 0x1089, 0x188A, 0x424B, 0x8C75, 0xBD9A, 0x51ED, 0x2846, 0x38A6, 0x7AAD, 0x4947,   // 0x3820 (14368) pixels
0x0800, 0x0800, 0x0000, 0x0000, 0x0000, 0x0000, 0x0000, 0x0000, 0x0000, 0x0000, 0x0000, 0x0000, 0x0000, 0x0000, 0x0000, 0x0000,   // 0x3830 (14384) pixels
0x0000, 0x0000, 0x0000, 0x0000, 0x0000, 0x0000, 0x0000, 0x0000, 0x0000, 0x0000, 0x0000, 0x0000, 0x0000, 0x0000, 0x0000, 0x0000,   // 0x3840 (14400) pixels
0x0841, 0x1001, 0x1802, 0x2023, 0x40A7, 0x68CA, 0x906B, 0xC0AE, 0xE1D1, 0xDA52, 0xEB34, 0xFC16, 0xF455, 0xE494, 0xECF4, 0xECD3,   // 0x3850 (14416) pixels
0xCCCF, 0xFD53, 0xFD76, 0xD350, 0x60A7, 0x2805, 0x2805, 0x2803, 0x292A, 0x31AD, 0x21CE, 0x014C, 0x014C, 0x00CA, 0x08A8, 0x1086,   // 0x3860 (14432) pixels
0x00C8, 0x0088, 0x0068, 0x0047, 0x0868, 0x0867, 0x0826, 0x0866, 0x0805, 0x0804, 0x0802, 0x0801, 0x0801, 0x0001, 0x0002, 0x0023,   // 0x3870 (14448) pixels
0x0001, 0x0000, 0x0020, 0x0020, 0x0022, 0x11A9, 0x5C76, 0x4457, 0x33B5, 0x2311, 0x2AF0, 0x4BB5, 0x5C58, 0x5478, 0x4394, 0x3A2F,   // 0x3880 (14464) pixels
0x192D, 0x218D, 0x29EE, 0x52B1, 0x5A90, 0x93D4, 0x38E7, 0x1002, 0x28C7, 0x5A4D, 0x93F3, 0x3969, 0x0002, 0x0803, 0x1044, 0x1024,   // 0x3890 (14480) pixels
0x394A, 0x5A4D, 0xA455, 0x93B1, 0x1001, 0x1801, 0x2023, 0x2044, 0x0801, 0x0801, 0x0801, 0x0000, 0x0000, 0x0000, 0x0000, 0x0000,   // 0x38A0 (14496) pixels
0x0000, 0x0000, 0x0000, 0x0000, 0x0000, 0x0000, 0x0000, 0x0000, 0x0000, 0x0000, 0x0000, 0x0000, 0x0000, 0x0000, 0x0000, 0x0000,   // 0x38B0 (14512) pixels
0x0000, 0x0000, 0x0000, 0x0000, 0x0000, 0x0000, 0x0000, 0x0000, 0x0821, 0x1001, 0x1001, 0x1802, 0x2845, 0x4867, 0x7049, 0xA8CD,   // 0x38C0 (14528) pixels
0xB90E, 0xB98F, 0xD272, 0xE313, 0xEB94, 0xEC54, 0xF4B4, 0xFCD4, 0xE512, 0xF4D1, 0xE3EF, 0xA1C9, 0x4803, 0x3002, 0x3803, 0x3001,   // 0x38D0 (14544) pixels
0x2802, 0x4968, 0x41EC, 0x29CD, 0x2A50, 0x19CE, 0x114B, 0x08A8, 0x08EA, 0x110B, 0x194C, 0x10EA, 0x0889, 0x0868, 0x0847, 0x1088,   // 0x38E0 (14560) pixels
0x1046, 0x1005, 0x0802, 0x0801, 0x1001, 0x1001, 0x0801, 0x0802, 0x0022, 0x0022, 0x0821, 0x0802, 0x0803, 0x2169, 0x5435, 0x4477,   // 0x38F0 (14576) pixels
0x3B13, 0x09AD, 0x0109, 0x118C, 0x32F2, 0x4C36, 0x4BB4, 0x424F, 0x18EA, 0x0088, 0x10EA, 0x298C, 0x5A6F, 0xAC97, 0x9392, 0x1803,   // 0x3900 (14592) pixels
0x1003, 0x3948, 0x7310, 0x3107, 0x0802, 0x0802, 0x0803, 0x0803, 0x1805, 0x28C7, 0x72CE, 0x832F, 0x2863, 0x2002, 0x1802, 0x1002,   // 0x3910 (14608) pixels
0x0801, 0x0801, 0x0801, 0x0000, 0x0000, 0x0000, 0x0000, 0x0000, 0x0000, 0x0000, 0x0000, 0x0000, 0x0000, 0x0000, 0x0000, 0x0000,   // 0x3920 (14624) pixels
0x0000, 0x0000, 0x0000, 0x0000, 0x0000, 0x0000, 0x0000, 0x0000, 0x0000, 0x0000, 0x0000, 0x0000, 0x0000, 0x0000, 0x0000, 0x0000,   // 0x3930 (14640) pixels
0x0801, 0x1001, 0x1001, 0x0801, 0x1003, 0x2804, 0x4827, 0x80AB, 0x802A, 0x888C, 0xA92E, 0xC9B0, 0xEAD3, 0xFBD5, 0xF435, 0xFC96,   // 0x3940 (14656) pixels
0xECD2, 0xFD13, 0xF4F2, 0xD3CF, 0x9A4A, 0x81A8, 0x926A, 0xAB0B, 0xD3EE, 0xC411, 0x6A6D, 0x294C, 0x3251, 0x32B2, 0x3291, 0x19CD,   // 0x3950 (14672) pixels
0x10A9, 0x190B, 0x31EE, 0x3A30, 0x29AD, 0x190A, 0x0848, 0x0827, 0x392B, 0x414B, 0x2086, 0x0802, 0x0802, 0x0822, 0x0022, 0x0043,   // 0x3960 (14688) pixels
0x1002, 0x1001, 0x0801, 0x0800, 0x0801, 0x2128, 0x5BD3, 0x5455, 0x39CE, 0x0888, 0x0066, 0x1109, 0x11AC, 0x2A8F, 0x5BD4, 0xA4F8,   // 0x3970 (14704) pixels
0x5A8F, 0x0866, 0x0866, 0x18C8, 0x416B, 0x728F, 0xA434, 0x38E7, 0x0802, 0x2044, 0x51CA, 0x28A6, 0x1003, 0x0802, 0x1002, 0x1002,   // 0x3980 (14720) pixels
0x0803, 0x1003, 0x30C6, 0x4988, 0x2023, 0x2002, 0x1001, 0x1802, 0x0801, 0x0801, 0x0000, 0x0000, 0x0000, 0x0000, 0x0000, 0x0000,   // 0x3990 (14736) pixels
0x0000, 0x0000, 0x0000, 0x0000, 0x0000, 0x0000, 0x0000, 0x0000, 0x0000, 0x0000, 0x0000, 0x0000, 0x0000, 0x0000, 0x0000, 0x0000,   // 0x39A0 (14752) pixels
0x0000, 0x0000, 0x0000, 0x0000, 0x0000, 0x0000, 0x0000, 0x0000, 0x0800, 0x1001, 0x1001, 0x0802, 0x0802, 0x1003, 0x2804, 0x4867,   // 0x39B0 (14768) pixels
0x602A, 0x684A, 0x802B, 0xB0AE, 0xD9D1, 0xE293, 0xE333, 0xFBD5, 0xFC94, 0xFCB4, 0xECB2, 0xF513, 0xFCF4, 0xECB2, 0xF513, 0xFD72,   // 0x39C0 (14784) pixels
0xFCD1, 0xC3AF, 0x50E7, 0x1027, 0x31EF, 0x42D3, 0x4B54, 0x326F, 0x10C9, 0x0068, 0x196C, 0x3250, 0x3A90, 0x4250, 0x294C, 0x0007,   // 0x39D0 (14800) pixels
0x398B, 0x524E, 0x398A, 0x1003, 0x0802, 0x1002, 0x0802, 0x1043, 0x2001, 0x2822, 0x3883, 0x4863, 0x60A5, 0x814A, 0xA2B1, 0x9AB1,   // 0x39E0 (14816) pixels
0x6A91, 0x20A8, 0x0824, 0x1086, 0x08E8, 0x19AB, 0x6372, 0xCDDB, 0xA495, 0x1065, 0x0003, 0x1024, 0x2066, 0x3086, 0x8B71, 0x72CE,   // 0x39F0 (14832) pixels
0x1003, 0x1002, 0x28A5, 0x1823, 0x1823, 0x1823, 0x1002, 0x1023, 0x1823, 0x1803, 0x1002, 0x2023, 0x1001, 0x1802, 0x1001, 0x1002,   // 0x3A00 (14848) pixels
0x0801, 0x0801, 0x0000, 0x0000, 0x0000, 0x0000, 0x0000, 0x0000, 0x0000, 0x0000, 0x0000, 0x0000, 0x0000, 0x0000, 0x0000, 0x0000,   // 0x3A10 (14864) pixels
0x0000, 0x0000, 0x0000, 0x0000, 0x0000, 0x0000, 0x0000, 0x0000, 0x0000, 0x0000, 0x0000, 0x0000, 0x0000, 0x0000, 0x0000, 0x0000,   // 0x3A20 (14880) pixels
0x0000, 0x0801, 0x0801, 0x0802, 0x0022, 0x0002, 0x1003, 0x1824, 0x4889, 0x58AA, 0x680A, 0x984C, 0xB0EE, 0xA8ED, 0xB1AF, 0xCA71,   // 0x3A30 (14896) pixels
0xEB33, 0xFBF3, 0xFC33, 0xFC53, 0xF453, 0xF431, 0xF471, 0xF470, 0xF44F, 0xE451, 0xB36F, 0x8AAF, 0x728F, 0x624E, 0x93D2, 0xAC74,   // 0x3A40 (14912) pixels
0x394A, 0x1046, 0x1067, 0x2129, 0x39ED, 0x6B11, 0x62B0, 0x30E9, 0x1823, 0x4988, 0x5968, 0x50A5, 0x68C6, 0x8107, 0x8107, 0x9149,   // 0x3A50 (14928) pixels
0xC24E, 0xC20D, 0xCA0D, 0xC9AC, 0xC94B, 0xB0EA, 0xA14C, 0x916C, 0x59ED, 0x1865, 0x0002, 0x0002, 0x0865, 0x2149, 0x522C, 0x9351,   // 0x3A60 (14944) pixels
0xBCF6, 0x2084, 0x0803, 0x1003, 0x1003, 0x2003, 0x4969, 0x5A0B, 0x1823, 0x0801, 0x1002, 0x1002, 0x1822, 0x1002, 0x1002, 0x1002,   // 0x3A70 (14960) pixels
0x1002, 0x1823, 0x1002, 0x1802, 0x1002, 0x1001, 0x0801, 0x0800, 0x0000, 0x0000, 0x0000, 0x0000, 0x0000, 0x0000, 0x0000, 0x0000,   // 0x3A80 (14976) pixels
0x0000, 0x0000, 0x0000, 0x0000, 0x0000, 0x0000, 0x0000, 0x0000, 0x0000, 0x0000, 0x0000, 0x0000, 0x0000, 0x0000, 0x0000, 0x0000,   // 0x3A90 (14992) pixels
0x0000, 0x0000, 0x0000, 0x0000, 0x0000, 0x0000, 0x0000, 0x0000, 0x0000, 0x0800, 0x0000, 0x0001, 0x0001, 0x0001, 0x0002, 0x0801,   // 0x3AA0 (15008) pixels
0x1805, 0x3887, 0x4848, 0x788B, 0x888C, 0x7009, 0x788B, 0x890D, 0xC990, 0xDA10, 0xE26F, 0xEAB0, 0xF332, 0xFB93, 0xFBF3, 0xFBF2,   // 0x3AB0 (15024) pixels
0xFBEF, 0xFC30, 0xF452, 0xFC94, 0xF494, 0xDBD1, 0xEC73, 0xF4B3, 0xDC12, 0xBB2E, 0xB30F, 0xB30F, 0xB30F, 0xCBD2, 0xDBF2, 0xBB0F,   // 0x3AC0 (15040) pixels
0xB22C, 0xD2EF, 0xDAEF, 0xDA8E, 0xEA8F, 0xEA4E, 0xE1EC, 0xE1ED, 0xC8CD, 0xB06B, 0x98AA, 0x8068, 0x6026, 0x4005, 0x4949, 0x6ACF,   // 0x3AD0 (15056) pixels
0x3929, 0x1044, 0x0001, 0x0001, 0x0002, 0x1065, 0x4169, 0x8AEF, 0xBCD5, 0x28A4, 0x1023, 0x1023, 0x1803, 0x2003, 0x1802, 0x2064,   // 0x3AE0 (15072) pixels
0x1823, 0x1001, 0x1002, 0x1001, 0x1002, 0x0801, 0x0801, 0x1001, 0x0801, 0x1001, 0x1001, 0x1002, 0x1002, 0x0801, 0x0000, 0x0000,   // 0x3AF0 (15088) pixels
0x0000, 0x0000, 0x0000, 0x0000, 0x0000, 0x0000, 0x0000, 0x0000, 0x0000, 0x0000, 0x0000, 0x0000, 0x0000, 0x0000, 0x0000, 0x0000,   // 0x3B00 (15104) pixels
0x0000, 0x0000, 0x0000, 0x0000, 0x0000, 0x0000, 0x0000, 0x0000, 0x0000, 0x0000, 0x0000, 0x0000, 0x0000, 0x0000, 0x0000, 0x0000,   // 0x3B10 (15120) pixels
0x0020, 0x0020, 0x0000, 0x0800, 0x0001, 0x0001, 0x0801, 0x0001, 0x0001, 0x1043, 0x2025, 0x5069, 0x608A, 0x5009, 0x504A, 0x606A,   // 0x3B20 (15136) pixels
0x780B, 0xA08C, 0xD14E, 0xE1D0, 0xD210, 0xD251, 0xDAB1, 0xEB12, 0xF2F1, 0xEAD0, 0xE28F, 0xEAAF, 0xFB10, 0xF2D0, 0xFB31, 0xFB32,   // 0x3B30 (15152) pixels
0xFB50, 0xFAEF, 0xFB52, 0xFB72, 0xF2F1, 0xEAB0, 0xF2AF, 0xF2D0, 0xF270, 0xEA2F, 0xD9AE, 0xC94D, 0xB90C, 0xA08A, 0x8007, 0x7806,   // 0x3B40 (15168) pixels
0x788A, 0x5848, 0x38A7, 0x1845, 0x1023, 0x0803, 0x20E6, 0x528D, 0x1003, 0x0001, 0x0001, 0x1043, 0x1023, 0x0002, 0x1823, 0x4106,   // 0x3B50 (15184) pixels
0xABF2, 0x30A5, 0x1002, 0x1003, 0x1803, 0x2023, 0x1001, 0x1001, 0x1022, 0x1022, 0x1002, 0x1001, 0x0801, 0x0800, 0x0801, 0x0801,   // 0x3B60 (15200) pixels
0x0820, 0x0000, 0x0801, 0x0001, 0x0801, 0x0000, 0x0000, 0x0040, 0x0000, 0x0000, 0x0000, 0x0000, 0x0000, 0x0000, 0x0000, 0x0000,   // 0x3B70 (15216) pixels
0x0000, 0x0000, 0x0000, 0x0000, 0x0000, 0x0000, 0x0000, 0x0000, 0x0000, 0x0000, 0x0000, 0x0000, 0x0000, 0x0000, 0x0000, 0x0000,   // 0x3B80 (15232) pixels
0x0000, 0x0000, 0x0000, 0x0000, 0x0000, 0x0000, 0x0000, 0x0000, 0x0020, 0x0021, 0x0000, 0x0801, 0x0801, 0x0801, 0x0821, 0x0801,   // 0x3B90 (15248) pixels
0x0021, 0x0042, 0x0802, 0x2005, 0x4048, 0x4069, 0x488A, 0x506A, 0x580B, 0x780B, 0xA86C, 0xA82B, 0x902A, 0x88AC, 0x98ED, 0xA92E,   // 0x3BA0 (15264) pixels
0xB8F0, 0xC950, 0xD14F, 0xD14E, 0xE9D0, 0xE190, 0xD971, 0xD131, 0xD16E, 0xD16F, 0xD9B0, 0xD9B1, 0xD171, 0xC0EE, 0xB06C, 0xB08D,   // 0x3BB0 (15280) pixels
0xA08B, 0x902A, 0x880A, 0x800A, 0x702B, 0x684B, 0x586B, 0x504A, 0x3046, 0x1804, 0x1024, 0x0802, 0x1803, 0x1802, 0x1802, 0x2885,   // 0x3BC0 (15296) pixels
0x0803, 0x0843, 0x0822, 0x0801, 0x0802, 0x0803, 0x1023, 0x1822, 0x40C6, 0x2003, 0x1823, 0x1003, 0x1002, 0x1802, 0x1822, 0x1021,   // 0x3BD0 (15312) pixels
0x0801, 0x1021, 0x0800, 0x0800, 0x0800, 0x0800, 0x0800, 0x0000, 0x0000, 0x0000, 0x0801, 0x0001, 0x0801, 0x0000, 0x0000, 0x0020,   // 0x3BE0 (15328) pixels
0x0000, 0x0000, 0x0000, 0x0000, 0x0000, 0x0000, 0x0000, 0x0000, 0x0000, 0x0000, 0x0000, 0x0000, 0x0000, 0x0000, 0x0000, 0x0000,   // 0x3BF0 (15344) pixels
0x0000, 0x0000, 0x0000, 0x0000, 0x0000, 0x0000, 0x0000, 0x0000, 0x0000, 0x0000, 0x0000, 0x0000, 0x0000, 0x0000, 0x0000, 0x0000,   // 0x3C00 (15360) pixels
0x0000, 0x0000, 0x0000, 0x0000, 0x0000, 0x0000, 0x0001, 0x0001, 0x0801, 0x0802, 0x0002, 0x0002, 0x0802, 0x1023, 0x1885, 0x28A6,   // 0x3C10 (15376) pixels
0x4068, 0x5068, 0x6049, 0x706A, 0x682A, 0x6009, 0x600A, 0x702C, 0x686B, 0x7009, 0x8009, 0xA06B, 0xA88C, 0x882A, 0x784A, 0x706B,   // 0x3C20 (15392) pixels
0x702A, 0x7809, 0x880A, 0x982B, 0x984B, 0x800A, 0x7009, 0x6008, 0x780B, 0x702B, 0x684A, 0x5869, 0x4068, 0x2846, 0x1804, 0x1003,   // 0x3C30 (15408) pixels
0x1002, 0x1002, 0x1002, 0x1003, 0x1003, 0x1003, 0x1003, 0x1003, 0x1002, 0x1002, 0x1002, 0x1002, 0x1002, 0x1802, 0x1802, 0x1802,   // 0x3C40 (15424) pixels
0x1802, 0x1802, 0x1802, 0x1002, 0x1002, 0x1001, 0x1001, 0x1001, 0x0000, 0x0000, 0x0000, 0x0000, 0x0000, 0x0000, 0x0000, 0x0000,   // 0x3C50 (15440) pixels
0x0000, 0x0000, 0x0000, 0x0000, 0x0000, 0x0000, 0x0000, 0x0000, 0x0000, 0x0000, 0x0000, 0x0000, 0x0000, 0x0000, 0x0000, 0x0000,   // 0x3C60 (15456) pixels
0x0000, 0x0000, 0x0000, 0x0000, 0x0000, 0x0000, 0x0000, 0x0000, 0x0000, 0x0000, 0x0000, 0x0000, 0x0000, 0x0000, 0x0000, 0x0000,   // 0x3C70 (15472) pixels
0x0000, 0x0000, 0x0000, 0x0000, 0x0000, 0x0000, 0x0000, 0x0000, 0x0000, 0x0000, 0x0000, 0x0000, 0x0000, 0x0000, 0x0000, 0x0000,   // 0x3C80 (15488) pixels
0x0801, 0x0801, 0x0001, 0x0001, 0x0001, 0x0002, 0x0802, 0x1003, 0x1804, 0x2804, 0x3806, 0x4868, 0x5089, 0x4889, 0x5069, 0x586A,   // 0x3C90 (15504) pixels
0x5049, 0x5829, 0x6009, 0x780A, 0x782A, 0x6829, 0x6049, 0x5029, 0x504B, 0x584A, 0x604A, 0x684A, 0x686A, 0x608B, 0x508A, 0x486A,   // 0x3CA0 (15520) pixels
0x3887, 0x3066, 0x2845, 0x1804, 0x1002, 0x0802, 0x0822, 0x0021, 0x0802, 0x0802, 0x0802, 0x0802, 0x1002, 0x1002, 0x1002, 0x1002,   // 0x3CB0 (15536) pixels
0x1002, 0x1002, 0x1002, 0x1002, 0x1002, 0x1002, 0x1002, 0x1002, 0x1002, 0x1002, 0x1001, 0x1001, 0x0801, 0x0801, 0x0801, 0x0800,   // 0x3CC0 (15552) pixels
0x0000, 0x0000, 0x0000, 0x0000, 0x0000, 0x0000, 0x0000, 0x0000, 0x0000, 0x0000, 0x0000, 0x0000, 0x0000, 0x0000, 0x0000, 0x0000,   // 0x3CD0 (15568) pixels
0x0000, 0x0000, 0x0000, 0x0000, 0x0000, 0x0000, 0x0000, 0x0000, 0x0000, 0x0000, 0x0000, 0x0000, 0x0000, 0x0000, 0x0000, 0x0000,   // 0x3CE0 (15584) pixels
0x0000, 0x0000, 0x0000, 0x0000, 0x0000, 0x0000, 0x0000, 0x0000, 0x0000, 0x0000, 0x0000, 0x0000, 0x0000, 0x0000, 0x0000, 0x0000,   // 0x3CF0 (15600) pixels
0x0000, 0x0000, 0x0000, 0x0000, 0x0000, 0x0000, 0x0000, 0x0000, 0x0800, 0x0001, 0x0801, 0x0021, 0x0802, 0x0802, 0x0802, 0x1002,   // 0x3D00 (15616) pixels
0x0001, 0x0001, 0x0802, 0x1003, 0x1044, 0x1865, 0x2065, 0x2046, 0x4047, 0x4868, 0x4828, 0x5028, 0x5049, 0x5049, 0x5069, 0x4027,   // 0x3D10 (15632) pixels
0x3868, 0x3868, 0x3847, 0x3005, 0x3005, 0x2805, 0x2005, 0x1804, 0x0801, 0x0801, 0x0801, 0x0801, 0x0801, 0x0801, 0x0821, 0x0821,   // 0x3D20 (15648) pixels
0x0000, 0x0000, 0x0000, 0x0000, 0x0000, 0x0000, 0x0000, 0x0000, 0x0801, 0x0801, 0x0801, 0x0801, 0x0801, 0x0801, 0x0801, 0x0801,   // 0x3D30 (15664) pixels
0x0801, 0x0801, 0x0801, 0x0000, 0x0000, 0x0000, 0x0000, 0x0000, 0x0000, 0x0000, 0x0000, 0x0000, 0x0000, 0x0000, 0x0000, 0x0000,   // 0x3D40 (15680) pixels
0x0000, 0x0000, 0x0000, 0x0000, 0x0000, 0x0000, 0x0000, 0x0000, 0x0000, 0x0000, 0x0000, 0x0000, 0x0000, 0x0000, 0x0000, 0x0000,   // 0x3D50 (15696) pixels
0x0000, 0x0000, 0x0000, 0x0000, 0x0000, 0x0000, 0x0000, 0x0000, 0x0000, 0x0000, 0x0000, 0x0000, 0x0000, 0x0000, 0x0000, 0x0000,   // 0x3D60 (15712) pixels
0x0000, 0x0000, 0x0000, 0x0000, 0x0000, 0x0000, 0x0000, 0x0000, 0x0000, 0x0000, 0x0000, 0x0000, 0x0000, 0x0000, 0x0000, 0x0000,   // 0x3D70 (15728) pixels
0x0800, 0x0800, 0x0801, 0x0001, 0x0801, 0x0801, 0x0801, 0x1002, 0x0041, 0x0821, 0x0801, 0x0001, 0x0001, 0x0022, 0x0802, 0x1002,   // 0x3D80 (15744) pixels
0x0802, 0x0803, 0x0803, 0x1004, 0x1004, 0x1004, 0x1003, 0x1002, 0x1003, 0x0802, 0x0801, 0x0821, 0x0841, 0x0821, 0x0021, 0x0002,   // 0x3D90 (15760) pixels
0x1001, 0x1001, 0x1001, 0x0801, 0x0801, 0x0001, 0x0001, 0x0000, 0x0000, 0x0000, 0x0000, 0x0000, 0x0000, 0x0000, 0x0000, 0x0000,   // 0x3DA0 (15776) pixels
0x0000, 0x0000, 0x0000, 0x0000, 0x0000, 0x0000, 0x0000, 0x0000, 0x0000, 0x0000, 0x0000, 0x0000, 0x0000, 0x0000, 0x0020, 0x0020,   // 0x3DB0 (15792) pixels
0x0000, 0x0000, 0x0000, 0x0000, 0x0000, 0x0000, 0x0000, 0x0000, 0x0000, 0x0000, 0x0000, 0x0000, 0x0000, 0x0000, 0x0000, 0x0000,   // 0x3DC0 (15808) pixels
0x0000, 0x0000, 0x0000, 0x0000, 0x0000, 0x0000, 0x0000, 0x0000, 0x0000, 0x0000, 0x0000, 0x0000, 0x0000, 0x0000, 0x0000, 0x0000,   // 0x3DD0 (15824) pixels
0x0000, 0x0000, 0x0000, 0x0000, 0x0000, 0x0000, 0x0000, 0x0000, 0x0000, 0x0000, 0x0000, 0x0000, 0x0000, 0x0000, 0x0000, 0x0000,   // 0x3DE0 (15840) pixels
0x0000, 0x0000, 0x0000, 0x0000, 0x0000, 0x0000, 0x0000, 0x0000, 0x0800, 0x0800, 0x0000, 0x0001, 0x0801, 0x0801, 0x0801, 0x1001,   // 0x3DF0 (15856) pixels
0x0801, 0x1001, 0x1001, 0x1001, 0x0801, 0x0001, 0x0801, 0x0801, 0x0801, 0x0821, 0x0802, 0x0802, 0x0802, 0x0802, 0x1002, 0x0801,   // 0x3E00 (15872) pixels
0x1002, 0x1002, 0x0801, 0x0801, 0x0821, 0x0001, 0x0801, 0x0801, 0x0800, 0x0800, 0x0801, 0x0001, 0x0001, 0x0000, 0x0000, 0x0000,   // 0x3E10 (15888) pixels
0x0020, 0x0020, 0x0020, 0x0000, 0x0000, 0x0000, 0x0000, 0x0000, 0x0000, 0x0000, 0x0000, 0x0000, 0x0000, 0x0000, 0x0000, 0x0000,   // 0x3E20 (15904) pixels
0x0000, 0x0000, 0x0000, 0x0000, 0x0000, 0x0000, 0x0000, 0x0000, 0x0000, 0x0000, 0x0000, 0x0000, 0x0000, 0x0000, 0x0000, 0x0000,   // 0x3E30 (15920) pixels
0x0000, 0x0000, 0x0000, 0x0000, 0x0000, 0x0000, 0x0000, 0x0000, 0x0000, 0x0000, 0x0000, 0x0000, 0x0000, 0x0000, 0x0000, 0x0000,   // 0x3E40 (15936) pixels
0x0000, 0x0000, 0x0000, 0x0000, 0x0000, 0x0000, 0x0000, 0x0000, 0x0000, 0x0000, 0x0000, 0x0000, 0x0000, 0x0000, 0x0000, 0x0000,   // 0x3E50 (15952) pixels
0x0000, 0x0000, 0x0000, 0x0000, 0x0000, 0x0000, 0x0000, 0x0000, 0x0000, 0x0000, 0x0000, 0x0000, 0x0000, 0x0000, 0x0000, 0x0000,   // 0x3E60 (15968) pixels
0x0000, 0x0000, 0x0001, 0x0001, 0x0801, 0x0801, 0x0802, 0x0802, 0x0022, 0x0802, 0x0801, 0x0802, 0x0822, 0x0842, 0x0822, 0x0802,   // 0x3E70 (15984) pixels
0x0821, 0x1042, 0x0822, 0x0802, 0x0801, 0x0801, 0x0822, 0x0801, 0x0801, 0x0801, 0x0801, 0x0800, 0x0800, 0x0020, 0x0021, 0x0021,   // 0x3E80 (16000) pixels
0x0001, 0x0000, 0x0000, 0x0000, 0x0000, 0x0000, 0x0000, 0x0000, 0x0000, 0x0000, 0x0000, 0x0000, 0x0000, 0x0000, 0x0000, 0x0000,   // 0x3E90 (16016) pixels
0x0000, 0x0000, 0x0000, 0x0000, 0x0000, 0x0000, 0x0000, 0x0000, 0x0000, 0x0000, 0x0000, 0x0000, 0x0000, 0x0000, 0x0000, 0x0000,   // 0x3EA0 (16032) pixels
0x0000, 0x0000, 0x0000, 0x0000, 0x0000, 0x0000, 0x0000, 0x0000, 0x0000, 0x0000, 0x0000, 0x0000, 0x0000, 0x0000, 0x0000, 0x0000,   // 0x3EB0 (16048) pixels
0x0000, 0x0000, 0x0000, 0x0000, 0x0000, 0x0000, 0x0000, 0x0000, 0x0000, 0x0000, 0x0000, 0x0000, 0x0000, 0x0000, 0x0000, 0x0000,   // 0x3EC0 (16064) pixels
0x0000, 0x0000, 0x0000, 0x0000, 0x0000, 0x0000, 0x0000, 0x0000, 0x0000, 0x0000, 0x0000, 0x0000, 0x0000, 0x0000, 0x0000, 0x0000,   // 0x3ED0 (16080) pixels
0x0000, 0x0000, 0x0000, 0x0000, 0x0000, 0x0000, 0x0000, 0x0000, 0x0800, 0x0001, 0x0001, 0x0001, 0x0001, 0x0001, 0x0801, 0x0802,   // 0x3EE0 (16096) pixels
0x0823, 0x1003, 0x1802, 0x1803, 0x1803, 0x1003, 0x1003, 0x1803, 0x0002, 0x0802, 0x0802, 0x1002, 0x1002, 0x0802, 0x0802, 0x0002,   // 0x3EF0 (16112) pixels
0x0001, 0x0001, 0x0801, 0x1001, 0x1001, 0x0000, 0x0000, 0x0001, 0x0802, 0x0802, 0x0801, 0x0001, 0x0000, 0x0000, 0x0000, 0x0000,   // 0x3F00 (16128) pixels
0x0000, 0x0000, 0x0000, 0x0000, 0x0000, 0x0000, 0x0000, 0x0000, 0x0000, 0x0000, 0x0000, 0x0000, 0x0000, 0x0800, 0x0800, 0x0800,   // 0x3F10 (16144) pixels
0x0801, 0x0801, 0x0800, 0x0800, 0x0800, 0x0800, 0x0000, 0x0000, 0x0000, 0x0000, 0x0000, 0x0000, 0x0000, 0x0000, 0x0000, 0x0000,   // 0x3F20 (16160) pixels
0x0000, 0x0000, 0x0000, 0x0000, 0x0000, 0x0000, 0x0000, 0x0000, 0x0000, 0x0000, 0x0000, 0x0000, 0x0000, 0x0000, 0x0000, 0x0000,   // 0x3F30 (16176) pixels
0x0000, 0x0000, 0x0000, 0x0000, 0x0000, 0x0000, 0x0000, 0x0000, 0x0000, 0x0000, 0x0000, 0x0000, 0x0000, 0x0000, 0x0000, 0x0000,   // 0x3F40 (16192) pixels
0x0000, 0x0000, 0x0000, 0x0000, 0x0000, 0x0000, 0x0000, 0x0000
};

#endif // __BABYDRAGON_C__