// Generated by   : ImageConverter 565 Online
// Generated from : flameLily.jpg
// Time generated : Tue, 29 Jul 25 08:12:05 +0200  (Server timezone: CET)
// Image Size     : 190x128 pixels
// Memory usage   : 48640 bytes


#ifndef FLAMELILY_H
#define FLAMELILY_H

#include <TFT_eSPI.h>

void drawFlameLily(TFT_eSPI &tft);

#if defined(__AVR__)
    #include <avr/pgmspace.h>
#elif defined(__PIC32MX__)
    #define PROGMEM
#elif defined(__arm__)
    #define PROGMEM
#endif


const unsigned short flameLily[24320] PROGMEM={
0x0000, 0x0000, 0x0000, 0x0000, 0x0000, 0x0000, 0x0000, 0x0000, 0x0000, 0x0000, 0x0000, 0x0000, 0x0000, 0x0000, 0x0000, 0x0000,   // 0x0010 (16) pixels
0x0000, 0x0000, 0x0000, 0x0000, 0x0000, 0x0000, 0x0000, 0x0000, 0x0000, 0x0000, 0x0000, 0x0000, 0x0000, 0x0000, 0x0000, 0x0000,   // 0x0020 (32) pixels
0x0000, 0x0000, 0x0000, 0x0000, 0x0000, 0x0000, 0x0000, 0x0000, 0x0000, 0x0000, 0x0000, 0x0000, 0x0000, 0x0000, 0x0000, 0x0000,   // 0x0030 (48) pixels
0x0000, 0x0000, 0x0000, 0x0000, 0x0000, 0x0000, 0x0000, 0x0000, 0x0000, 0x0000, 0x0000, 0x0000, 0x0000, 0x0000, 0x0000, 0x0000,   // 0x0040 (64) pixels
0x0000, 0x0000, 0x0000, 0x0000, 0x0000, 0x0000, 0x0000, 0x0000, 0x0000, 0x0000, 0x0000, 0x0000, 0x0000, 0x0000, 0x0000, 0x0000,   // 0x0050 (80) pixels
0x0000, 0x0000, 0x0000, 0x0000, 0x0000, 0x0000, 0x0000, 0x0000, 0x0000, 0x0000, 0x0020, 0x0000, 0x0000, 0x0021, 0x0021, 0x0021,   // 0x0060 (96) pixels
0x0021, 0x0800, 0x0040, 0x0000, 0x0800, 0x0800, 0x0020, 0x0022, 0x0000, 0x0000, 0x0000, 0x0000, 0x0000, 0x0000, 0x0000, 0x0000,   // 0x0070 (112) pixels
0x0000, 0x0000, 0x0000, 0x0000, 0x0000, 0x0000, 0x0000, 0x0000, 0x0020, 0x0020, 0x0020, 0x0020, 0x0020, 0x0020, 0x0020, 0x0020,   // 0x0080 (128) pixels
0x0000, 0x0000, 0x0000, 0x0000, 0x0000, 0x0000, 0x0000, 0x0000, 0x0000, 0x0000, 0x0000, 0x0000, 0x0000, 0x0000, 0x0000, 0x0000,   // 0x0090 (144) pixels
0x0000, 0x0000, 0x0000, 0x0000, 0x0000, 0x0000, 0x0000, 0x0000, 0x0000, 0x0000, 0x0000, 0x0000, 0x0000, 0x0000, 0x0000, 0x0000,   // 0x00A0 (160) pixels
0x0000, 0x0000, 0x0000, 0x0000, 0x0000, 0x0000, 0x0000, 0x0000, 0x0000, 0x0000, 0x0000, 0x0000, 0x0000, 0x0000, 0x0000, 0x0000,   // 0x00B0 (176) pixels
0x0000, 0x0000, 0x0000, 0x0000, 0x0000, 0x0000, 0x0000, 0x0000, 0x0000, 0x0000, 0x0000, 0x0000, 0x0000, 0x0000, 0x0000, 0x0000,   // 0x00C0 (192) pixels
0x0000, 0x0000, 0x0000, 0x0000, 0x0000, 0x0000, 0x0000, 0x0000, 0x0000, 0x0000, 0x0000, 0x0000, 0x0000, 0x0000, 0x0000, 0x0000,   // 0x00D0 (208) pixels
0x0000, 0x0000, 0x0000, 0x0000, 0x0000, 0x0000, 0x0000, 0x0000, 0x0000, 0x0000, 0x0000, 0x0000, 0x0000, 0x0000, 0x0000, 0x0000,   // 0x00E0 (224) pixels
0x0000, 0x0000, 0x0000, 0x0000, 0x0000, 0x0000, 0x0000, 0x0000, 0x0000, 0x0000, 0x0000, 0x0000, 0x0000, 0x0000, 0x0000, 0x0000,   // 0x00F0 (240) pixels
0x0000, 0x0000, 0x0000, 0x0000, 0x0000, 0x0000, 0x0000, 0x0000, 0x0000, 0x0000, 0x0000, 0x0000, 0x0000, 0x0000, 0x0000, 0x0000,   // 0x0100 (256) pixels
0x0000, 0x0000, 0x0000, 0x0000, 0x0000, 0x0000, 0x0000, 0x0000, 0x0000, 0x0000, 0x0000, 0x0000, 0x0000, 0x0000, 0x0000, 0x0000,   // 0x0110 (272) pixels
0x0000, 0x0000, 0x0000, 0x0000, 0x0000, 0x0000, 0x0000, 0x0000, 0x0000, 0x0000, 0x0000, 0x0020, 0x0000, 0x0000, 0x0002, 0x0800,   // 0x0120 (288) pixels
0x0020, 0x0001, 0x0000, 0x0020, 0x0020, 0x0001, 0x0000, 0x0000, 0x0000, 0x0000, 0x0000, 0x0000, 0x0000, 0x0000, 0x0000, 0x0000,   // 0x0130 (304) pixels
0x0000, 0x0000, 0x0000, 0x0000, 0x0000, 0x0000, 0x0000, 0x0000, 0x0000, 0x0000, 0x0000, 0x0000, 0x0000, 0x0000, 0x0000, 0x0000,   // 0x0140 (320) pixels
0x0000, 0x0000, 0x0000, 0x0000, 0x0000, 0x0000, 0x0000, 0x0000, 0x0000, 0x0000, 0x0000, 0x0000, 0x0000, 0x0000, 0x0000, 0x0000,   // 0x0150 (336) pixels
0x0000, 0x0000, 0x0000, 0x0000, 0x0000, 0x0000, 0x0000, 0x0000, 0x0000, 0x0000, 0x0000, 0x0000, 0x0000, 0x0000, 0x0000, 0x0000,   // 0x0160 (352) pixels
0x0000, 0x0000, 0x0000, 0x0000, 0x0000, 0x0000, 0x0000, 0x0000, 0x0000, 0x0000, 0x0000, 0x0000, 0x0000, 0x0000, 0x0000, 0x0000,   // 0x0170 (368) pixels
0x0000, 0x0000, 0x0000, 0x0000, 0x0000, 0x0000, 0x0000, 0x0000, 0x0000, 0x0000, 0x0000, 0x0000, 0x0000, 0x0000, 0x0000, 0x0000,   // 0x0180 (384) pixels
0x0000, 0x0000, 0x0000, 0x0000, 0x0000, 0x0000, 0x0000, 0x0000, 0x0000, 0x0000, 0x0000, 0x0000, 0x0000, 0x0000, 0x0000, 0x0000,   // 0x0190 (400) pixels
0x0000, 0x0000, 0x0000, 0x0000, 0x0000, 0x0000, 0x0000, 0x0000, 0x0000, 0x0000, 0x0000, 0x0000, 0x0000, 0x0000, 0x0000, 0x0000,   // 0x01A0 (416) pixels
0x0000, 0x0000, 0x0000, 0x0000, 0x0000, 0x0000, 0x0000, 0x0000, 0x0000, 0x0000, 0x0000, 0x0000, 0x0000, 0x0000, 0x0000, 0x0000,   // 0x01B0 (432) pixels
0x0000, 0x0000, 0x0000, 0x0000, 0x0000, 0x0000, 0x0000, 0x0000, 0x0000, 0x0000, 0x0000, 0x0000, 0x0000, 0x0000, 0x0000, 0x0000,   // 0x01C0 (448) pixels
0x0000, 0x0000, 0x0000, 0x0000, 0x0000, 0x0000, 0x0000, 0x0000, 0x0000, 0x0000, 0x0000, 0x0000, 0x0000, 0x0000, 0x0000, 0x0000,   // 0x01D0 (464) pixels
0x0000, 0x0000, 0x0000, 0x0000, 0x0000, 0x0000, 0x0000, 0x0000, 0x0000, 0x0000, 0x0000, 0x0000, 0x0802, 0x0000, 0x0000, 0x0001,   // 0x01E0 (480) pixels
0x0021, 0x0040, 0x0000, 0x0000, 0x0000, 0x0000, 0x0000, 0x0000, 0x0000, 0x0000, 0x0000, 0x0000, 0x0000, 0x0000, 0x0000, 0x0000,   // 0x01F0 (496) pixels
0x0000, 0x0000, 0x0000, 0x0000, 0x0000, 0x0000, 0x0000, 0x0000, 0x0000, 0x0000, 0x0000, 0x0000, 0x0000, 0x0000, 0x0000, 0x0000,   // 0x0200 (512) pixels
0x0000, 0x0000, 0x0000, 0x0000, 0x0000, 0x0000, 0x0000, 0x0000, 0x0000, 0x0000, 0x0000, 0x0000, 0x0000, 0x0000, 0x0000, 0x0000,   // 0x0210 (528) pixels
0x0000, 0x0000, 0x0000, 0x0000, 0x0000, 0x0000, 0x0000, 0x0000, 0x0000, 0x0000, 0x0000, 0x0000, 0x0000, 0x0000, 0x0000, 0x0000,   // 0x0220 (544) pixels
0x0000, 0x0000, 0x0000, 0x0000, 0x0000, 0x0000, 0x0000, 0x0000, 0x0000, 0x0000, 0x0000, 0x0000, 0x0000, 0x0000, 0x0000, 0x0000,   // 0x0230 (560) pixels
0x0000, 0x0000, 0x0000, 0x0000, 0x0000, 0x0000, 0x0000, 0x0000, 0x0000, 0x0000, 0x0000, 0x0000, 0x0000, 0x0000, 0x0000, 0x0000,   // 0x0240 (576) pixels
0x0000, 0x0000, 0x0000, 0x0000, 0x0000, 0x0000, 0x0000, 0x0000, 0x0000, 0x0000, 0x0000, 0x0000, 0x0000, 0x0000, 0x0000, 0x0000,   // 0x0250 (592) pixels
0x0000, 0x0000, 0x0000, 0x0000, 0x0000, 0x0000, 0x0000, 0x0000, 0x0000, 0x0000, 0x0000, 0x0000, 0x0000, 0x0000, 0x0000, 0x0000,   // 0x0260 (608) pixels
0x0000, 0x0000, 0x0000, 0x0000, 0x0000, 0x0000, 0x0000, 0x0000, 0x0000, 0x0000, 0x0000, 0x0000, 0x0000, 0x0000, 0x0000, 0x0000,   // 0x0270 (624) pixels
0x0000, 0x0000, 0x0000, 0x0000, 0x0000, 0x0000, 0x0000, 0x0000, 0x0000, 0x0000, 0x0000, 0x0000, 0x0000, 0x0000, 0x0000, 0x0000,   // 0x0280 (640) pixels
0x0000, 0x0000, 0x0000, 0x0000, 0x0000, 0x0000, 0x0000, 0x0000, 0x0000, 0x0000, 0x0000, 0x0000, 0x0000, 0x0000, 0x0000, 0x0000,   // 0x0290 (656) pixels
0x0000, 0x0000, 0x0000, 0x0000, 0x0000, 0x0000, 0x0020, 0x0000, 0x0000, 0x1000, 0x2000, 0x1060, 0x1000, 0x0800, 0x0040, 0x0040,   // 0x02A0 (672) pixels
0x0000, 0x1001, 0x0000, 0x0000, 0x0000, 0x0000, 0x0000, 0x0000, 0x0000, 0x0000, 0x0000, 0x0000, 0x0000, 0x0000, 0x0000, 0x0000,   // 0x02B0 (688) pixels
0x0000, 0x0000, 0x0000, 0x0000, 0x0000, 0x0000, 0x0000, 0x0000, 0x0000, 0x0000, 0x0000, 0x0000, 0x0000, 0x0000, 0x0000, 0x0000,   // 0x02C0 (704) pixels
0x0000, 0x0000, 0x0000, 0x0000, 0x0000, 0x0000, 0x0000, 0x0000, 0x0000, 0x0000, 0x0000, 0x0000, 0x0000, 0x0000, 0x0000, 0x0000,   // 0x02D0 (720) pixels
0x0000, 0x0000, 0x0000, 0x0000, 0x0000, 0x0000, 0x0000, 0x0000, 0x0000, 0x0000, 0x0000, 0x0000, 0x0000, 0x0000, 0x0000, 0x0000,   // 0x02E0 (736) pixels
0x0000, 0x0000, 0x0000, 0x0000, 0x0000, 0x0000, 0x0000, 0x0000, 0x0000, 0x0000, 0x0000, 0x0000, 0x0000, 0x0000, 0x0000, 0x0000,   // 0x02F0 (752) pixels
0x0000, 0x0000, 0x0000, 0x0000, 0x0000, 0x0000, 0x0000, 0x0000, 0x0000, 0x0000, 0x0000, 0x0000, 0x0000, 0x0000, 0x0000, 0x0000,   // 0x0300 (768) pixels
0x0000, 0x0000, 0x0000, 0x0000, 0x0000, 0x0000, 0x0000, 0x0000, 0x0000, 0x0000, 0x0000, 0x0000, 0x0000, 0x0000, 0x0000, 0x0000,   // 0x0310 (784) pixels
0x0000, 0x0000, 0x0000, 0x0000, 0x0000, 0x0000, 0x0000, 0x0000, 0x0000, 0x0000, 0x0000, 0x0000, 0x0000, 0x0000, 0x0000, 0x0000,   // 0x0320 (800) pixels
0x0000, 0x0000, 0x0000, 0x0000, 0x0000, 0x0000, 0x0000, 0x0000, 0x0000, 0x0000, 0x0000, 0x0000, 0x0000, 0x0000, 0x0000, 0x0000,   // 0x0330 (816) pixels
0x0000, 0x0000, 0x0000, 0x0000, 0x0000, 0x0000, 0x0000, 0x0000, 0x0000, 0x0000, 0x0000, 0x0000, 0x0000, 0x0000, 0x0000, 0x0000,   // 0x0340 (832) pixels
0x0000, 0x0000, 0x0000, 0x0000, 0x0000, 0x0000, 0x0000, 0x0000, 0x0000, 0x0000, 0x0000, 0x0000, 0x0000, 0x0000, 0x0000, 0x0000,   // 0x0350 (848) pixels
0x0000, 0x0000, 0x0000, 0x0000, 0x0040, 0x0020, 0x0800, 0x2021, 0xC8A0, 0xC203, 0xA840, 0x6000, 0x0000, 0x0020, 0x0020, 0x0001,   // 0x0360 (864) pixels
0x0000, 0x0000, 0x0000, 0x0000, 0x0000, 0x0000, 0x0000, 0x0000, 0x0000, 0x0000, 0x0000, 0x0000, 0x0000, 0x0000, 0x0000, 0x0000,   // 0x0370 (880) pixels
0x0000, 0x0000, 0x0000, 0x0000, 0x0000, 0x0000, 0x0000, 0x0000, 0x0000, 0x0000, 0x0000, 0x0000, 0x0000, 0x0000, 0x0000, 0x0000,   // 0x0380 (896) pixels
0x0000, 0x0000, 0x0000, 0x0000, 0x0000, 0x0000, 0x0000, 0x0000, 0x0000, 0x0000, 0x0000, 0x0000, 0x0000, 0x0000, 0x0000, 0x0000,   // 0x0390 (912) pixels
0x0000, 0x0000, 0x0000, 0x0000, 0x0000, 0x0000, 0x0000, 0x0000, 0x0000, 0x0000, 0x0000, 0x0000, 0x0000, 0x0000, 0x0000, 0x0000,   // 0x03A0 (928) pixels
0x0000, 0x0000, 0x0000, 0x0000, 0x0000, 0x0000, 0x0000, 0x0000, 0x0000, 0x0000, 0x0000, 0x0000, 0x0000, 0x0000, 0x0000, 0x0000,   // 0x03B0 (944) pixels
0x0000, 0x0000, 0x0000, 0x0000, 0x0000, 0x0000, 0x0000, 0x0000, 0x0000, 0x0000, 0x0000, 0x0000, 0x0000, 0x0000, 0x0000, 0x0000,   // 0x03C0 (960) pixels
0x0000, 0x0000, 0x0000, 0x0000, 0x0000, 0x0000, 0x0000, 0x0000, 0x0000, 0x0000, 0x0000, 0x0000, 0x0000, 0x0000, 0x0000, 0x0000,   // 0x03D0 (976) pixels
0x0000, 0x0000, 0x0000, 0x0000, 0x0000, 0x0000, 0x0000, 0x0000, 0x0000, 0x0000, 0x0000, 0x0000, 0x0000, 0x0000, 0x0000, 0x0000,   // 0x03E0 (992) pixels
0x0000, 0x0000, 0x0000, 0x0000, 0x0000, 0x0000, 0x0000, 0x0000, 0x0000, 0x0000, 0x0000, 0x0000, 0x0000, 0x0000, 0x0000, 0x0000,   // 0x03F0 (1008) pixels
0x0000, 0x0000, 0x0000, 0x0000, 0x0000, 0x0000, 0x0000, 0x0000, 0x0000, 0x0000, 0x0000, 0x0000, 0x0000, 0x0000, 0x0000, 0x0000,   // 0x0400 (1024) pixels
0x0000, 0x0000, 0x0000, 0x0000, 0x0000, 0x0000, 0x0000, 0x0000, 0x0000, 0x0000, 0x0000, 0x0000, 0x0000, 0x0000, 0x0000, 0x0000,   // 0x0410 (1040) pixels
0x0000, 0x0000, 0x0020, 0x0000, 0x0800, 0x2821, 0xF2C0, 0xFD28, 0xF1C3, 0x8021, 0x0000, 0x0000, 0x0000, 0x0001, 0x0000, 0x0000,   // 0x0420 (1056) pixels
0x0000, 0x0000, 0x0000, 0x0000, 0x0000, 0x0000, 0x0000, 0x0000, 0x0000, 0x0000, 0x0000, 0x0000, 0x0000, 0x0000, 0x0000, 0x0000,   // 0x0430 (1072) pixels
0x0000, 0x0000, 0x0000, 0x0000, 0x0000, 0x0000, 0x0000, 0x0000, 0x0000, 0x0000, 0x0000, 0x0000, 0x0000, 0x0000, 0x0000, 0x0000,   // 0x0440 (1088) pixels
0x0000, 0x0000, 0x0000, 0x0000, 0x0000, 0x0000, 0x0000, 0x0000, 0x0000, 0x0000, 0x0000, 0x0000, 0x0000, 0x0000, 0x0000, 0x0000,   // 0x0450 (1104) pixels
0x0000, 0x0000, 0x0000, 0x0000, 0x0000, 0x0000, 0x0000, 0x0000, 0x0000, 0x0000, 0x0000, 0x0000, 0x0000, 0x0000, 0x0000, 0x0000,   // 0x0460 (1120) pixels
0x0000, 0x0000, 0x0000, 0x0000, 0x0000, 0x0000, 0x0000, 0x0000, 0x0000, 0x0000, 0x0000, 0x0000, 0x0000, 0x0000, 0x0000, 0x0000,   // 0x0470 (1136) pixels
0x0000, 0x0000, 0x0000, 0x0000, 0x0000, 0x0000, 0x0000, 0x0000, 0x0000, 0x0000, 0x0000, 0x0000, 0x0000, 0x0000, 0x0000, 0x0000,   // 0x0480 (1152) pixels
0x0000, 0x0000, 0x0000, 0x0000, 0x0000, 0x0000, 0x0000, 0x0000, 0x0000, 0x0000, 0x0000, 0x0000, 0x0000, 0x0000, 0x0000, 0x0000,   // 0x0490 (1168) pixels
0x0000, 0x0000, 0x0000, 0x0000, 0x0000, 0x0000, 0x0000, 0x0000, 0x0000, 0x0000, 0x0000, 0x0000, 0x0000, 0x0000, 0x0000, 0x0000,   // 0x04A0 (1184) pixels
0x0000, 0x0000, 0x0000, 0x0000, 0x0000, 0x0000, 0x0000, 0x0000, 0x0000, 0x0000, 0x0000, 0x0000, 0x0000, 0x0000, 0x0000, 0x0000,   // 0x04B0 (1200) pixels
0x0000, 0x0000, 0x0000, 0x0000, 0x0000, 0x0000, 0x0000, 0x0000, 0x0000, 0x0000, 0x0000, 0x0000, 0x0000, 0x0000, 0x0000, 0x0000,   // 0x04C0 (1216) pixels
0x0000, 0x0000, 0x0000, 0x0000, 0x0000, 0x0000, 0x0000, 0x0000, 0x0000, 0x0000, 0x0000, 0x0000, 0x0000, 0x0000, 0x0000, 0x0000,   // 0x04D0 (1232) pixels
0x0020, 0x0000, 0x1000, 0x3821, 0xEB80, 0xFDC7, 0xE961, 0x8801, 0x0000, 0x0000, 0x0000, 0x0000, 0x0000, 0x0000, 0x0000, 0x0000,   // 0x04E0 (1248) pixels
0x0000, 0x0000, 0x0000, 0x0000, 0x0000, 0x0000, 0x0000, 0x0000, 0x0000, 0x0000, 0x0000, 0x0000, 0x0000, 0x0000, 0x0000, 0x0000,   // 0x04F0 (1264) pixels
0x0000, 0x0000, 0x0000, 0x0000, 0x0000, 0x0000, 0x0000, 0x0000, 0x0000, 0x0000, 0x0000, 0x0000, 0x0000, 0x0000, 0x0000, 0x0000,   // 0x0500 (1280) pixels
0x0000, 0x0000, 0x0000, 0x0000, 0x0000, 0x0000, 0x0000, 0x0000, 0x0000, 0x0000, 0x0000, 0x0000, 0x0000, 0x0000, 0x0000, 0x0000,   // 0x0510 (1296) pixels
0x0000, 0x0000, 0x0000, 0x0000, 0x0000, 0x0000, 0x0000, 0x0000, 0x0000, 0x0000, 0x0000, 0x0000, 0x0000, 0x0000, 0x0000, 0x0000,   // 0x0520 (1312) pixels
0x0000, 0x0000, 0x0000, 0x0000, 0x0000, 0x0000, 0x0000, 0x0000, 0x0000, 0x0000, 0x0000, 0x0000, 0x0000, 0x0000, 0x0000, 0x0000,   // 0x0530 (1328) pixels
0x0000, 0x0000, 0x0000, 0x0000, 0x0000, 0x0000, 0x0000, 0x0000, 0x0000, 0x0000, 0x0000, 0x0000, 0x0000, 0x0000, 0x0000, 0x0000,   // 0x0540 (1344) pixels
0x0000, 0x0000, 0x0000, 0x0000, 0x0000, 0x0000, 0x0000, 0x0000, 0x0000, 0x0000, 0x0000, 0x0000, 0x0000, 0x0000, 0x0000, 0x0000,   // 0x0550 (1360) pixels
0x0000, 0x0000, 0x0000, 0x0000, 0x0000, 0x0000, 0x0000, 0x0000, 0x0000, 0x0000, 0x0000, 0x0000, 0x0000, 0x0000, 0x0000, 0x0000,   // 0x0560 (1376) pixels
0x0000, 0x0000, 0x0000, 0x0000, 0x0000, 0x0000, 0x0000, 0x0000, 0x0000, 0x0000, 0x0000, 0x0000, 0x0000, 0x0000, 0x0000, 0x0000,   // 0x0570 (1392) pixels
0x0000, 0x0000, 0x0000, 0x0000, 0x0000, 0x0000, 0x0000, 0x0000, 0x0000, 0x0000, 0x0000, 0x0000, 0x0000, 0x0000, 0x0000, 0x0000,   // 0x0580 (1408) pixels
0x0000, 0x0000, 0x0000, 0x0000, 0x0000, 0x0000, 0x0000, 0x0000, 0x0000, 0x0000, 0x0000, 0x0000, 0x0000, 0x0000, 0x0020, 0x0020,   // 0x0590 (1424) pixels
0x1800, 0x4883, 0xF460, 0xEDC6, 0xD8C0, 0x9002, 0x0000, 0x0000, 0x0040, 0x0020, 0x0000, 0x0000, 0x0000, 0x0000, 0x0000, 0x0000,   // 0x05A0 (1440) pixels
0x0000, 0x0000, 0x0000, 0x0000, 0x0000, 0x0000, 0x0000, 0x0000, 0x0000, 0x0000, 0x0000, 0x0000, 0x0000, 0x0000, 0x0000, 0x0000,   // 0x05B0 (1456) pixels
0x0000, 0x0000, 0x0000, 0x0000, 0x0000, 0x0000, 0x0000, 0x0000, 0x0000, 0x0000, 0x0000, 0x0000, 0x0000, 0x0000, 0x0000, 0x0000,   // 0x05C0 (1472) pixels
0x0000, 0x0000, 0x0000, 0x0000, 0x0000, 0x0000, 0x0000, 0x0000, 0x0000, 0x0000, 0x0000, 0x0000, 0x0000, 0x0000, 0x0000, 0x0000,   // 0x05D0 (1488) pixels
0x0000, 0x0000, 0x0000, 0x0000, 0x0000, 0x0000, 0x0000, 0x0000, 0x0000, 0x0000, 0x0000, 0x0000, 0x0000, 0x0000, 0x0000, 0x0000,   // 0x05E0 (1504) pixels
0x0000, 0x0000, 0x0000, 0x0000, 0x0000, 0x0000, 0x0000, 0x0000, 0x0000, 0x0000, 0x0000, 0x0000, 0x0000, 0x0000, 0x0000, 0x0000,   // 0x05F0 (1520) pixels
0x0000, 0x0000, 0x0000, 0x0000, 0x0000, 0x0000, 0x0000, 0x0000, 0x0000, 0x0000, 0x0000, 0x0000, 0x0000, 0x0000, 0x0000, 0x0000,   // 0x0600 (1536) pixels
0x0000, 0x0000, 0x0000, 0x0000, 0x0000, 0x0000, 0x0000, 0x0000, 0x0000, 0x0000, 0x0000, 0x0000, 0x0000, 0x0000, 0x0000, 0x0000,   // 0x0610 (1552) pixels
0x0000, 0x0000, 0x0000, 0x0000, 0x0000, 0x0000, 0x0000, 0x0000, 0x0000, 0x0000, 0x0000, 0x0000, 0x0000, 0x0000, 0x0000, 0x0000,   // 0x0620 (1568) pixels
0x0000, 0x0000, 0x0000, 0x0000, 0x0000, 0x0000, 0x0000, 0x0000, 0x0000, 0x0000, 0x0000, 0x0000, 0x0000, 0x0000, 0x0000, 0x0000,   // 0x0630 (1584) pixels
0x0000, 0x0000, 0x0000, 0x0020, 0x0021, 0x0000, 0x0000, 0x0020, 0x0020, 0x0020, 0x0800, 0x1000, 0x0800, 0x0020, 0x0020, 0x1000,   // 0x0640 (1600) pixels
0x0001, 0x0001, 0x0000, 0x0000, 0x0800, 0x0800, 0x0000, 0x0020, 0x0801, 0x0020, 0x0800, 0x1001, 0x0000, 0x1000, 0x78E0, 0xFC24,   // 0x0650 (1616) pixels
0xFF07, 0xF3A3, 0xE8A1, 0x9001, 0x0800, 0x0080, 0x0000, 0x1000, 0x0040, 0x0020, 0x0000, 0x0000, 0x0000, 0x0000, 0x0000, 0x0000,   // 0x0660 (1632) pixels
0x0000, 0x0000, 0x0000, 0x0000, 0x0000, 0x0000, 0x0000, 0x0000, 0x0001, 0x0040, 0x0000, 0x0020, 0x0020, 0x1000, 0x0000, 0x0021,   // 0x0670 (1648) pixels
0x0000, 0x0000, 0x0000, 0x0000, 0x0000, 0x0000, 0x0000, 0x0000, 0x0000, 0x0000, 0x0000, 0x0000, 0x0000, 0x0000, 0x0000, 0x0000,   // 0x0680 (1664) pixels
0x0000, 0x0000, 0x0000, 0x0000, 0x0000, 0x0000, 0x0000, 0x0000, 0x0000, 0x0000, 0x0000, 0x0000, 0x0000, 0x0000, 0x0000, 0x0000,   // 0x0690 (1680) pixels
0x0000, 0x0000, 0x0000, 0x0000, 0x0000, 0x0000, 0x0000, 0x0000, 0x0000, 0x0000, 0x0000, 0x0000, 0x0000, 0x0000, 0x0000, 0x0000,   // 0x06A0 (1696) pixels
0x0000, 0x0000, 0x0000, 0x0000, 0x0000, 0x0000, 0x0000, 0x0000, 0x0000, 0x0000, 0x0000, 0x0000, 0x0000, 0x0000, 0x0000, 0x0000,   // 0x06B0 (1712) pixels
0x0000, 0x0000, 0x0000, 0x0000, 0x0000, 0x0000, 0x0000, 0x0000, 0x0000, 0x0000, 0x0000, 0x0000, 0x0000, 0x0000, 0x0000, 0x0000,   // 0x06C0 (1728) pixels
0x0000, 0x0000, 0x0000, 0x0000, 0x0000, 0x0000, 0x0000, 0x0000, 0x0000, 0x0000, 0x0000, 0x0000, 0x0000, 0x0000, 0x0000, 0x0000,   // 0x06D0 (1744) pixels
0x0000, 0x0000, 0x0000, 0x0000, 0x0000, 0x0000, 0x0000, 0x0000, 0x0000, 0x0000, 0x0000, 0x0000, 0x0000, 0x0000, 0x0000, 0x0000,   // 0x06E0 (1760) pixels
0x0000, 0x0000, 0x0000, 0x0000, 0x0000, 0x0000, 0x0000, 0x0000, 0x0000, 0x0000, 0x0000, 0x0000, 0x0000, 0x0000, 0x0000, 0x0000,   // 0x06F0 (1776) pixels
0x0000, 0x0000, 0x0000, 0x0000, 0x0000, 0x0000, 0x0800, 0x0000, 0x0000, 0x0000, 0x0000, 0x0000, 0x0000, 0x0000, 0x0000, 0x0000,   // 0x0700 (1792) pixels
0x0000, 0x0020, 0x0020, 0x0000, 0x0000, 0x0000, 0x0020, 0x0021, 0x0001, 0x0801, 0x4020, 0xA0E1, 0xF3C4, 0xFEC4, 0xE484, 0xC120,   // 0x0710 (1808) pixels
0xD001, 0xB024, 0x3800, 0x0020, 0x0080, 0x0800, 0x0000, 0x0000, 0x0000, 0x0000, 0x0000, 0x0000, 0x0000, 0x0000, 0x0000, 0x0000,   // 0x0720 (1824) pixels
0x0000, 0x0000, 0x0000, 0x0000, 0x0000, 0x0000, 0x0000, 0x1040, 0x0000, 0x0020, 0x0000, 0x0000, 0x0020, 0x1001, 0x0000, 0x0000,   // 0x0730 (1840) pixels
0x0000, 0x0000, 0x0000, 0x0000, 0x0000, 0x0000, 0x0000, 0x0000, 0x0000, 0x0000, 0x0000, 0x0000, 0x0000, 0x0000, 0x0000, 0x0000,   // 0x0740 (1856) pixels
0x0000, 0x0000, 0x0000, 0x0000, 0x0000, 0x0000, 0x0000, 0x0000, 0x0000, 0x0000, 0x0000, 0x0000, 0x0000, 0x0000, 0x0000, 0x0000,   // 0x0750 (1872) pixels
0x0000, 0x0000, 0x0000, 0x0000, 0x0000, 0x0000, 0x0000, 0x0000, 0x0000, 0x0000, 0x0000, 0x0000, 0x0000, 0x0000, 0x0000, 0x0000,   // 0x0760 (1888) pixels
0x0000, 0x0000, 0x0000, 0x0000, 0x0000, 0x0000, 0x0000, 0x0000, 0x0000, 0x0000, 0x0000, 0x0000, 0x0000, 0x0000, 0x0000, 0x0000,   // 0x0770 (1904) pixels
0x0000, 0x0000, 0x0000, 0x0000, 0x0000, 0x0000, 0x0000, 0x0000, 0x0000, 0x0000, 0x0000, 0x0000, 0x0000, 0x0000, 0x0000, 0x0000,   // 0x0780 (1920) pixels
0x0000, 0x0000, 0x0000, 0x0000, 0x0000, 0x0000, 0x0000, 0x0000, 0x0000, 0x0000, 0x0000, 0x0000, 0x0000, 0x0000, 0x0000, 0x0000,   // 0x0790 (1936) pixels
0x0000, 0x0000, 0x0000, 0x0000, 0x0000, 0x0000, 0x0000, 0x0000, 0x0000, 0x0000, 0x0000, 0x0000, 0x0000, 0x0000, 0x0000, 0x0000,   // 0x07A0 (1952) pixels
0x0000, 0x0000, 0x0000, 0x0000, 0x0000, 0x0000, 0x0000, 0x0000, 0x0000, 0x0000, 0x0000, 0x0000, 0x0020, 0x0000, 0x0000, 0x0000,   // 0x07B0 (1968) pixels
0x0000, 0x0020, 0x0000, 0x0000, 0x0001, 0x0001, 0x0001, 0x0021, 0x0000, 0x0800, 0x0000, 0x0020, 0x0800, 0x0000, 0x0020, 0x0040,   // 0x07C0 (1984) pixels
0x0040, 0x0020, 0x0000, 0x0000, 0x0020, 0x0021, 0x0800, 0x6862, 0xC0E1, 0xF340, 0xFE43, 0xE660, 0xDA25, 0xC021, 0xD003, 0xD846,   // 0x07D0 (2000) pixels
0x9824, 0x1800, 0x0040, 0x0001, 0x0800, 0x0000, 0x0000, 0x0000, 0x0000, 0x0000, 0x0000, 0x0000, 0x0000, 0x0000, 0x0000, 0x0000,   // 0x07E0 (2016) pixels
0x0000, 0x0000, 0x0000, 0x0000, 0x5080, 0x40E2, 0x0000, 0x0001, 0x0001, 0x0000, 0x0800, 0x0000, 0x0000, 0x0000, 0x0000, 0x0000,   // 0x07F0 (2032) pixels
0x0000, 0x0000, 0x0000, 0x0000, 0x0000, 0x0000, 0x0000, 0x0000, 0x0000, 0x0000, 0x0000, 0x0000, 0x0000, 0x0000, 0x0000, 0x0000,   // 0x0800 (2048) pixels
0x0000, 0x0000, 0x0000, 0x0000, 0x0000, 0x0000, 0x0000, 0x0000, 0x0000, 0x0000, 0x0000, 0x0000, 0x0000, 0x0000, 0x0000, 0x0000,   // 0x0810 (2064) pixels
0x0000, 0x0000, 0x0000, 0x0000, 0x0000, 0x0000, 0x0000, 0x0000, 0x0000, 0x0000, 0x0000, 0x0000, 0x0000, 0x0000, 0x0000, 0x0000,   // 0x0820 (2080) pixels
0x0000, 0x0000, 0x0000, 0x0000, 0x0000, 0x0000, 0x0000, 0x0000, 0x0000, 0x0000, 0x0000, 0x0000, 0x0000, 0x0000, 0x0000, 0x0000,   // 0x0830 (2096) pixels
0x0000, 0x0000, 0x0000, 0x0000, 0x0000, 0x0000, 0x0000, 0x0000, 0x0000, 0x0000, 0x0000, 0x0000, 0x0000, 0x0000, 0x0000, 0x0000,   // 0x0840 (2112) pixels
0x0000, 0x0000, 0x0000, 0x0000, 0x0000, 0x0000, 0x0000, 0x0000, 0x0000, 0x0000, 0x0000, 0x0000, 0x0000, 0x0000, 0x0000, 0x0000,   // 0x0850 (2128) pixels
0x0000, 0x0000, 0x0000, 0x0000, 0x0000, 0x0000, 0x0000, 0x0000, 0x0000, 0x0000, 0x0000, 0x0000, 0x0000, 0x0000, 0x0000, 0x0000,   // 0x0860 (2144) pixels
0x0000, 0x0000, 0x0000, 0x0000, 0x0000, 0x0000, 0x0000, 0x0000, 0x0000, 0x0000, 0x0000, 0x0000, 0x0000, 0x0000, 0x0000, 0x0020,   // 0x0870 (2160) pixels
0x0000, 0x0000, 0x0040, 0x0020, 0x1000, 0x0000, 0x0000, 0x0800, 0x0000, 0x0020, 0x0800, 0x0000, 0x0020, 0x0000, 0x0000, 0x0020,   // 0x0880 (2176) pixels
0x0000, 0x0020, 0x0000, 0x4000, 0x8040, 0xDAC3, 0xFD05, 0xFE62, 0xF600, 0xEBE2, 0xD085, 0xD025, 0xD004, 0xD804, 0xD065, 0x7041,   // 0x0890 (2192) pixels
0x1000, 0x0000, 0x0000, 0x0020, 0x0021, 0x0020, 0x0000, 0x0000, 0x0000, 0x0000, 0x0000, 0x0000, 0x0000, 0x0000, 0x0000, 0x0000,   // 0x08A0 (2208) pixels
0x0000, 0x0020, 0xB8A2, 0x7143, 0x0000, 0x0801, 0x0801, 0x0041, 0x0800, 0x0020, 0x0000, 0x0000, 0x0000, 0x0000, 0x0000, 0x0000,   // 0x08B0 (2224) pixels
0x0000, 0x0000, 0x0000, 0x0000, 0x0000, 0x0000, 0x0000, 0x0000, 0x0000, 0x0000, 0x0000, 0x0000, 0x0000, 0x0000, 0x0000, 0x0000,   // 0x08C0 (2240) pixels
0x0000, 0x0000, 0x0000, 0x0000, 0x0000, 0x0000, 0x0000, 0x0000, 0x0000, 0x0000, 0x0000, 0x0000, 0x0000, 0x0000, 0x0000, 0x0000,   // 0x08D0 (2256) pixels
0x0000, 0x0000, 0x0000, 0x0000, 0x0000, 0x0000, 0x0000, 0x0000, 0x0000, 0x0000, 0x0000, 0x0000, 0x0000, 0x0000, 0x0000, 0x0000,   // 0x08E0 (2272) pixels
0x0000, 0x0000, 0x0000, 0x0000, 0x0000, 0x0000, 0x0000, 0x0000, 0x0000, 0x0000, 0x0000, 0x0000, 0x0000, 0x0000, 0x0000, 0x0000,   // 0x08F0 (2288) pixels
0x0000, 0x0000, 0x0000, 0x0000, 0x0000, 0x0000, 0x0000, 0x0000, 0x0000, 0x0000, 0x0000, 0x0000, 0x0000, 0x0000, 0x0000, 0x0000,   // 0x0900 (2304) pixels
0x0000, 0x0000, 0x0000, 0x0000, 0x0000, 0x0000, 0x0000, 0x0000, 0x0000, 0x0000, 0x0000, 0x0000, 0x0000, 0x0000, 0x0000, 0x0000,   // 0x0910 (2320) pixels
0x0000, 0x0000, 0x0000, 0x0000, 0x0000, 0x0000, 0x0000, 0x0000, 0x0000, 0x0000, 0x0000, 0x0000, 0x0000, 0x0000, 0x0000, 0x0000,   // 0x0920 (2336) pixels
0x0000, 0x0000, 0x0000, 0x0000, 0x0000, 0x0000, 0x0000, 0x0000, 0x0000, 0x0000, 0x0000, 0x0001, 0x0020, 0x0020, 0x0000, 0x0801,   // 0x0930 (2352) pixels
0x4000, 0x5882, 0x4082, 0x0800, 0x0000, 0x0800, 0x0000, 0x0020, 0x0000, 0x0000, 0x0000, 0x0801, 0x0000, 0x0020, 0x0800, 0x3000,   // 0x0940 (2368) pixels
0x78A0, 0xB963, 0xF4A7, 0xFEE7, 0xF6A3, 0xFDC0, 0xF3C1, 0xD8C4, 0xC805, 0xC805, 0xD805, 0xD803, 0xD022, 0xB842, 0x7842, 0x1800,   // 0x0950 (2384) pixels
0x0000, 0x0020, 0x0020, 0x0000, 0x0000, 0x0800, 0x0000, 0x0020, 0x0000, 0x0000, 0x0000, 0x0000, 0x0000, 0x0000, 0x0000, 0x0020,   // 0x0960 (2400) pixels
0xA081, 0xC083, 0x6000, 0x1800, 0x0000, 0x0040, 0x0000, 0x0000, 0x0000, 0x0000, 0x0000, 0x0000, 0x0000, 0x0000, 0x0000, 0x0000,   // 0x0970 (2416) pixels
0x0000, 0x0000, 0x0000, 0x0000, 0x0000, 0x0000, 0x0000, 0x0000, 0x0000, 0x0000, 0x0000, 0x0000, 0x0000, 0x0000, 0x0000, 0x0000,   // 0x0980 (2432) pixels
0x0000, 0x0000, 0x0000, 0x0000, 0x0000, 0x0000, 0x0000, 0x0000, 0x0000, 0x0000, 0x0000, 0x0000, 0x0000, 0x0000, 0x0000, 0x0000,   // 0x0990 (2448) pixels
0x0000, 0x0000, 0x0000, 0x0000, 0x0000, 0x0000, 0x0000, 0x0000, 0x0000, 0x0000, 0x0000, 0x0000, 0x0000, 0x0000, 0x0000, 0x0000,   // 0x09A0 (2464) pixels
0x0000, 0x0000, 0x0000, 0x0000, 0x0000, 0x0000, 0x0000, 0x0000, 0x0000, 0x0000, 0x0000, 0x0000, 0x0000, 0x0000, 0x0000, 0x0000,   // 0x09B0 (2480) pixels
0x0000, 0x0000, 0x0000, 0x0000, 0x0000, 0x0000, 0x0000, 0x0000, 0x0000, 0x0000, 0x0000, 0x0000, 0x0000, 0x0000, 0x0000, 0x0000,   // 0x09C0 (2496) pixels
0x0000, 0x0000, 0x0000, 0x0000, 0x0000, 0x0000, 0x0000, 0x0000, 0x0000, 0x0000, 0x0000, 0x0000, 0x0000, 0x0000, 0x0000, 0x0000,   // 0x09D0 (2512) pixels
0x0000, 0x0000, 0x0000, 0x0000, 0x0000, 0x0000, 0x0000, 0x0000, 0x0000, 0x0000, 0x0000, 0x0000, 0x0000, 0x0000, 0x0000, 0x0000,   // 0x09E0 (2528) pixels
0x0000, 0x0000, 0x0000, 0x0000, 0x0000, 0x0000, 0x0000, 0x0000, 0x0001, 0x0021, 0x0020, 0x0000, 0x2000, 0x4842, 0xD043, 0x9883,   // 0x09F0 (2544) pixels
0x3840, 0x0000, 0x0020, 0x0000, 0x0000, 0x0020, 0x0000, 0x0001, 0x0801, 0x0801, 0x0000, 0x1040, 0x4000, 0x9062, 0xEA42, 0xECC6,   // 0x0A00 (2560) pixels
0xFFCB, 0xF766, 0xECE1, 0xFB82, 0xF1E4, 0xE006, 0xC825, 0xD026, 0xD805, 0xD803, 0xD022, 0xE022, 0xC064, 0x6842, 0x1800, 0x0000,   // 0x0A10 (2576) pixels
0x0020, 0x0000, 0x0001, 0x0800, 0x0000, 0x0020, 0x0000, 0x0000, 0x0000, 0x0000, 0x0000, 0x0000, 0x0000, 0x0000, 0x6081, 0xD104,   // 0x0A20 (2592) pixels
0xE965, 0x8901, 0x0840, 0x0040, 0x0000, 0x0000, 0x0000, 0x0000, 0x0000, 0x0000, 0x0000, 0x0000, 0x0000, 0x0000, 0x0000, 0x0000,   // 0x0A30 (2608) pixels
0x0000, 0x0000, 0x0000, 0x0000, 0x0000, 0x0000, 0x0000, 0x0000, 0x0000, 0x0000, 0x0000, 0x0000, 0x0000, 0x0000, 0x0000, 0x0000,   // 0x0A40 (2624) pixels
0x0000, 0x0000, 0x0000, 0x0000, 0x0000, 0x0000, 0x0000, 0x0000, 0x0000, 0x0000, 0x0000, 0x0000, 0x0000, 0x0000, 0x0000, 0x0000,   // 0x0A50 (2640) pixels
0x0000, 0x0000, 0x0000, 0x0000, 0x0000, 0x0000, 0x0000, 0x0000, 0x0000, 0x0000, 0x0000, 0x0000, 0x0000, 0x0000, 0x0000, 0x0000,   // 0x0A60 (2656) pixels
0x0000, 0x0000, 0x0000, 0x0000, 0x0000, 0x0000, 0x0000, 0x0000, 0x0000, 0x0000, 0x0000, 0x0000, 0x0000, 0x0000, 0x0000, 0x0000,   // 0x0A70 (2672) pixels
0x0000, 0x0000, 0x0000, 0x0000, 0x0000, 0x0000, 0x0000, 0x0000, 0x0000, 0x0000, 0x0000, 0x0000, 0x0000, 0x0000, 0x0000, 0x0000,   // 0x0A80 (2688) pixels
0x0000, 0x0000, 0x0000, 0x0000, 0x0000, 0x0000, 0x0000, 0x0000, 0x0000, 0x0000, 0x0000, 0x0000, 0x0000, 0x0000, 0x0000, 0x0000,   // 0x0A90 (2704) pixels
0x0000, 0x0000, 0x0000, 0x0000, 0x0000, 0x0000, 0x0000, 0x0000, 0x0000, 0x0000, 0x0000, 0x0000, 0x0000, 0x0000, 0x0000, 0x0000,   // 0x0AA0 (2720) pixels
0x0000, 0x0000, 0x0000, 0x0000, 0x0000, 0x0000, 0x0000, 0x0000, 0x0000, 0x2000, 0x7080, 0xB123, 0xC0A5, 0x6821, 0x0800, 0x0020,   // 0x0AB0 (2736) pixels
0x0000, 0x0000, 0x0000, 0x0020, 0x0020, 0x0800, 0x0801, 0x0020, 0x0000, 0x6060, 0xA0E1, 0xEAE6, 0xFE4A, 0xFF6B, 0xFE46, 0xF4C1,   // 0x0AC0 (2752) pixels
0xFC23, 0xE204, 0xC803, 0xD804, 0xC803, 0xD025, 0xC804, 0xD004, 0xD824, 0xD823, 0xD023, 0xC044, 0x7801, 0x4800, 0x1000, 0x0020,   // 0x0AD0 (2768) pixels
0x0001, 0x0001, 0x0000, 0x0000, 0x0000, 0x0000, 0x0000, 0x0000, 0x0000, 0x0000, 0x0000, 0x0000, 0x2000, 0x6100, 0xF243, 0xF982,   // 0x0AE0 (2784) pixels
0x7020, 0x1840, 0x0000, 0x0800, 0x0000, 0x0000, 0x0000, 0x0000, 0x0000, 0x0000, 0x0000, 0x0000, 0x0000, 0x0000, 0x0000, 0x0000,   // 0x0AF0 (2800) pixels
0x0000, 0x0000, 0x0000, 0x0000, 0x0000, 0x0000, 0x0000, 0x0000, 0x0000, 0x0000, 0x0000, 0x0000, 0x0000, 0x0000, 0x0000, 0x0000,   // 0x0B00 (2816) pixels
0x0000, 0x0000, 0x0000, 0x0000, 0x0000, 0x0000, 0x0000, 0x0000, 0x0000, 0x0000, 0x0000, 0x0000, 0x0000, 0x0000, 0x0000, 0x0000,   // 0x0B10 (2832) pixels
0x0000, 0x0000, 0x0000, 0x0000, 0x0000, 0x0000, 0x0000, 0x0000, 0x0000, 0x0000, 0x0000, 0x0000, 0x0000, 0x0000, 0x0000, 0x0000,   // 0x0B20 (2848) pixels
0x0000, 0x0000, 0x0000, 0x0000, 0x0000, 0x0000, 0x0000, 0x0000, 0x0000, 0x0000, 0x0000, 0x0000, 0x0000, 0x0000, 0x0000, 0x0000,   // 0x0B30 (2864) pixels
0x0000, 0x0000, 0x0000, 0x0000, 0x0000, 0x0000, 0x0000, 0x0000, 0x0000, 0x0000, 0x0000, 0x0000, 0x0000, 0x0000, 0x0000, 0x0000,   // 0x0B40 (2880) pixels
0x0000, 0x0000, 0x0000, 0x0000, 0x0000, 0x0000, 0x0000, 0x0000, 0x0000, 0x0000, 0x0000, 0x0000, 0x0000, 0x0000, 0x0000, 0x0000,   // 0x0B50 (2896) pixels
0x0000, 0x0000, 0x0000, 0x0000, 0x0000, 0x0000, 0x0000, 0x0000, 0x0000, 0x0000, 0x0000, 0x0000, 0x0000, 0x0000, 0x0000, 0x0000,   // 0x0B60 (2912) pixels
0x0000, 0x0000, 0x0020, 0x0000, 0x0000, 0x0000, 0x0800, 0x5040, 0xB942, 0xFA06, 0x3860, 0x0000, 0x0020, 0x0021, 0x0001, 0x0001,   // 0x0B70 (2928) pixels
0x0000, 0x0000, 0x0040, 0x0800, 0x0000, 0x0040, 0x2800, 0xB862, 0xFA24, 0xFDAB, 0xFFEE, 0xEE86, 0xEC00, 0xFB80, 0xF323, 0xC0E4,   // 0x0B80 (2944) pixels
0xC805, 0xC843, 0xE044, 0xD005, 0xC005, 0xD027, 0xD804, 0xC803, 0xC844, 0xE804, 0xD885, 0x8843, 0x2820, 0x0020, 0x0020, 0x0000,   // 0x0B90 (2960) pixels
0x0000, 0x0000, 0x0000, 0x0000, 0x0000, 0x0000, 0x0000, 0x0000, 0x0000, 0x0000, 0x0002, 0x3080, 0xDAC1, 0xFAE3, 0xE0A1, 0x9804,   // 0x0BA0 (2976) pixels
0x1000, 0x0060, 0x0000, 0x0000, 0x0000, 0x0000, 0x0000, 0x0000, 0x0000, 0x0000, 0x0000, 0x0000, 0x0000, 0x0000, 0x0000, 0x0000,   // 0x0BB0 (2992) pixels
0x0000, 0x0000, 0x0000, 0x0000, 0x0000, 0x0000, 0x0000, 0x0000, 0x0000, 0x0000, 0x0000, 0x0000, 0x0000, 0x0000, 0x0000, 0x0000,   // 0x0BC0 (3008) pixels
0x0000, 0x0000, 0x0000, 0x0000, 0x0000, 0x0000, 0x0000, 0x0000, 0x0000, 0x0000, 0x0000, 0x0000, 0x0000, 0x0000, 0x0000, 0x0000,   // 0x0BD0 (3024) pixels
0x0000, 0x0000, 0x0000, 0x0000, 0x0000, 0x0000, 0x0000, 0x0000, 0x0000, 0x0000, 0x0000, 0x0000, 0x0000, 0x0000, 0x0000, 0x0000,   // 0x0BE0 (3040) pixels
0x0000, 0x0000, 0x0000, 0x0000, 0x0000, 0x0000, 0x0000, 0x0000, 0x0000, 0x0000, 0x0000, 0x0000, 0x0000, 0x0000, 0x0000, 0x0000,   // 0x0BF0 (3056) pixels
0x0000, 0x0000, 0x0000, 0x0000, 0x0000, 0x0000, 0x0000, 0x0000, 0x0000, 0x0000, 0x0000, 0x0000, 0x0000, 0x0000, 0x0000, 0x0000,   // 0x0C00 (3072) pixels
0x0000, 0x0000, 0x0000, 0x0000, 0x0000, 0x0000, 0x0000, 0x0000, 0x0000, 0x0000, 0x0000, 0x0000, 0x0000, 0x0000, 0x0000, 0x0000,   // 0x0C10 (3088) pixels
0x0000, 0x0000, 0x0000, 0x0000, 0x0000, 0x0000, 0x0000, 0x0000, 0x0000, 0x0000, 0x0000, 0x0000, 0x0000, 0x0000, 0x0000, 0x0000,   // 0x0C20 (3104) pixels
0x0800, 0x0040, 0x0020, 0x1000, 0x5041, 0xB081, 0xFB23, 0xC462, 0x0800, 0x0040, 0x0001, 0x0001, 0x0000, 0x0020, 0x0000, 0x0000,   // 0x0C30 (3120) pixels
0x0800, 0x00A0, 0x0800, 0x1002, 0x6001, 0xB0C0, 0xFEEA, 0xFF8A, 0xF501, 0xECA0, 0xFCA4, 0xC982, 0xC003, 0xD003, 0xD003, 0xC805,   // 0x0C40 (3136) pixels
0xC0E1, 0xD8C6, 0xD005, 0xD805, 0xC803, 0xD044, 0xD004, 0xE004, 0xD042, 0xD022, 0x7040, 0x0020, 0x0000, 0x0001, 0x0000, 0x0020,   // 0x0C50 (3152) pixels
0x0000, 0x0800, 0x0000, 0x0020, 0x0000, 0x0800, 0x0000, 0x0021, 0x0002, 0x3000, 0xE280, 0xFD83, 0xDA80, 0xC803, 0x4842, 0x0800,   // 0x0C60 (3168) pixels
0x0000, 0x0000, 0x0000, 0x0000, 0x0000, 0x0000, 0x0000, 0x0000, 0x0000, 0x0000, 0x0000, 0x0000, 0x0000, 0x0000, 0x0000, 0x0000,   // 0x0C70 (3184) pixels
0x0000, 0x0000, 0x0000, 0x0000, 0x0000, 0x0000, 0x0000, 0x0000, 0x0000, 0x0000, 0x0000, 0x0000, 0x0000, 0x0000, 0x0000, 0x0000,   // 0x0C80 (3200) pixels
0x0000, 0x0000, 0x0000, 0x0000, 0x0000, 0x0000, 0x0000, 0x0000, 0x0000, 0x0000, 0x0000, 0x0000, 0x0000, 0x0000, 0x0000, 0x0000,   // 0x0C90 (3216) pixels
0x0000, 0x0000, 0x0000, 0x0000, 0x0000, 0x0000, 0x0000, 0x0000, 0x0000, 0x0000, 0x0000, 0x0000, 0x0000, 0x0000, 0x0000, 0x0000,   // 0x0CA0 (3232) pixels
0x0000, 0x0000, 0x0000, 0x0000, 0x0000, 0x0000, 0x0000, 0x0000, 0x0000, 0x0000, 0x0000, 0x0000, 0x0000, 0x0000, 0x0000, 0x0000,   // 0x0CB0 (3248) pixels
0x0000, 0x0000, 0x0000, 0x0000, 0x0000, 0x0000, 0x0000, 0x0000, 0x0000, 0x0000, 0x0000, 0x0000, 0x0000, 0x0000, 0x0000, 0x0000,   // 0x0CC0 (3264) pixels
0x0000, 0x0000, 0x0000, 0x0000, 0x0000, 0x0000, 0x0000, 0x0000, 0x0000, 0x0000, 0x0000, 0x0000, 0x0000, 0x0000, 0x0000, 0x0000,   // 0x0CD0 (3280) pixels
0x0000, 0x0000, 0x0000, 0x0000, 0x0000, 0x0000, 0x0000, 0x0000, 0x0000, 0x0000, 0x0000, 0x0000, 0x0000, 0x0000, 0x0000, 0x0000,   // 0x0CE0 (3296) pixels
0x0000, 0x2000, 0x9843, 0xE964, 0xFC44, 0xC440, 0x0080, 0x0000, 0x1001, 0x0801, 0x0040, 0x0000, 0x0800, 0x0020, 0x0800, 0x0020,   // 0x0CF0 (3312) pixels
0x0000, 0x5001, 0xC0A3, 0xF384, 0xF728, 0xFEE6, 0xECA0, 0xFD02, 0xFC25, 0xD983, 0xD025, 0xD805, 0xD825, 0xC003, 0xE408, 0xF32A,   // 0x0D00 (3328) pixels
0xC865, 0xD005, 0xD804, 0xD024, 0xD004, 0xD003, 0xD823, 0xE002, 0xA822, 0x4861, 0x0800, 0x0001, 0x0801, 0x0800, 0x0000, 0x0801,   // 0x0D10 (3344) pixels
0x0801, 0x0000, 0x0020, 0x0040, 0x0020, 0x0000, 0x0022, 0x3800, 0xD1A0, 0xFE86, 0xE565, 0xE8A2, 0xA803, 0x4001, 0x0020, 0x0000,   // 0x0D20 (3360) pixels
0x0000, 0x0000, 0x0000, 0x0000, 0x0000, 0x0000, 0x0000, 0x0000, 0x0000, 0x0000, 0x0000, 0x0000, 0x0000, 0x0000, 0x0000, 0x0000,   // 0x0D30 (3376) pixels
0x0000, 0x0000, 0x0000, 0x0000, 0x0000, 0x0000, 0x0000, 0x0000, 0x0000, 0x0000, 0x0000, 0x0000, 0x0000, 0x0000, 0x0000, 0x0000,   // 0x0D40 (3392) pixels
0x0000, 0x0000, 0x0000, 0x0000, 0x0000, 0x0000, 0x0000, 0x0000, 0x0000, 0x0000, 0x0000, 0x0000, 0x0000, 0x0000, 0x0000, 0x0000,   // 0x0D50 (3408) pixels
0x0000, 0x0000, 0x0000, 0x0000, 0x0000, 0x0000, 0x0000, 0x0000, 0x0000, 0x0000, 0x0000, 0x0000, 0x0000, 0x0000, 0x0000, 0x0000,   // 0x0D60 (3424) pixels
0x0000, 0x0000, 0x0000, 0x0000, 0x0000, 0x0000, 0x0000, 0x0000, 0x0000, 0x0000, 0x0000, 0x0000, 0x0000, 0x0000, 0x0000, 0x0000,   // 0x0D70 (3440) pixels
0x0000, 0x0000, 0x0000, 0x0000, 0x0000, 0x0000, 0x0000, 0x0000, 0x0000, 0x0000, 0x0000, 0x0000, 0x0000, 0x0000, 0x0000, 0x0000,   // 0x0D80 (3456) pixels
0x0000, 0x0000, 0x0000, 0x0000, 0x0000, 0x0000, 0x0000, 0x0000, 0x0000, 0x0000, 0x0000, 0x0000, 0x0000, 0x0000, 0x0000, 0x0000,   // 0x0D90 (3472) pixels
0x0000, 0x0000, 0x0000, 0x0000, 0x0000, 0x0000, 0x0000, 0x0000, 0x0000, 0x0000, 0x0000, 0x0000, 0x0000, 0x0800, 0x0820, 0x6882,   // 0x0DA0 (3488) pixels
0xD824, 0xE0E1, 0xF4A2, 0xE520, 0x7944, 0x2800, 0x0000, 0x0000, 0x0800, 0x0000, 0x0000, 0x0800, 0x0000, 0x0000, 0x3080, 0xA820,   // 0x0DB0 (3504) pixels
0xF9E2, 0xFE67, 0xEE62, 0xFD20, 0xFCE0, 0xFC42, 0xDA22, 0xC041, 0xD806, 0xD007, 0xC004, 0xB881, 0xEE4A, 0xF50B, 0xB8E3, 0xC804,   // 0x0DC0 (3520) pixels
0xE006, 0xD004, 0xD024, 0xC823, 0xD823, 0xE002, 0xE004, 0x9864, 0x2020, 0x0000, 0x1001, 0x0800, 0x0001, 0x0000, 0x0000, 0x0800,   // 0x0DD0 (3536) pixels
0x0800, 0x0000, 0x0000, 0x0020, 0x0000, 0x6040, 0xE2A1, 0xFEA4, 0xF5A5, 0xF040, 0xD002, 0x6842, 0x0800, 0x0000, 0x0000, 0x0000,   // 0x0DE0 (3552) pixels
0x0000, 0x0000, 0x0000, 0x0000, 0x0000, 0x0000, 0x0000, 0x0000, 0x0000, 0x0000, 0x0000, 0x0000, 0x0000, 0x0000, 0x0000, 0x0000,   // 0x0DF0 (3568) pixels
0x0000, 0x0000, 0x0000, 0x0000, 0x0000, 0x0000, 0x0000, 0x0000, 0x0000, 0x0000, 0x0000, 0x0000, 0x0000, 0x0000, 0x0000, 0x0000,   // 0x0E00 (3584) pixels
0x0000, 0x0000, 0x0000, 0x0000, 0x0000, 0x0000, 0x0000, 0x0000, 0x0000, 0x0000, 0x0000, 0x0000, 0x0000, 0x0000, 0x0000, 0x0000,   // 0x0E10 (3600) pixels
0x0000, 0x0000, 0x0000, 0x0000, 0x0000, 0x0000, 0x0000, 0x0000, 0x0000, 0x0000, 0x0000, 0x0000, 0x0000, 0x0000, 0x0000, 0x0000,   // 0x0E20 (3616) pixels
0x0000, 0x0000, 0x0000, 0x0000, 0x0000, 0x0000, 0x0000, 0x0000, 0x0000, 0x0000, 0x0000, 0x0000, 0x0000, 0x0000, 0x0000, 0x0000,   // 0x0E30 (3632) pixels
0x0000, 0x0000, 0x0000, 0x0000, 0x0000, 0x0000, 0x0000, 0x0000, 0x0000, 0x0000, 0x0000, 0x0000, 0x0000, 0x0000, 0x0000, 0x0000,   // 0x0E40 (3648) pixels
0x0000, 0x0000, 0x0000, 0x0000, 0x0000, 0x0000, 0x0000, 0x0000, 0x0000, 0x0000, 0x0000, 0x0000, 0x0000, 0x0000, 0x0000, 0x0000,   // 0x0E50 (3664) pixels
0x0000, 0x0000, 0x0000, 0x0000, 0x0000, 0x0000, 0x0000, 0x0000, 0x0000, 0x0000, 0x0000, 0x0020, 0x4061, 0xC084, 0xE803, 0xC8A0,   // 0x0E60 (3680) pixels
0xF4E1, 0xFEC3, 0xF205, 0x9820, 0x4021, 0x0041, 0x0021, 0x0000, 0x0020, 0x1801, 0x0020, 0x0000, 0x6081, 0xE921, 0xF3A1, 0xF725,   // 0x0E70 (3696) pixels
0xF520, 0xFCA0, 0xFC83, 0xE282, 0xC8C2, 0xC803, 0xE007, 0xD007, 0xC8C4, 0xFB45, 0xEEC7, 0xFDE9, 0xC202, 0xC003, 0xE007, 0xD004,   // 0x0E80 (3712) pixels
0xD024, 0xC843, 0xD803, 0xD002, 0xE803, 0xB824, 0x3020, 0x0000, 0x0800, 0x0000, 0x0021, 0x0020, 0x0800, 0x0000, 0x0040, 0x0020,   // 0x0E90 (3728) pixels
0x4803, 0xA003, 0x8820, 0xC202, 0xFE65, 0xEF21, 0xFCC3, 0xE060, 0xC802, 0xA882, 0x2021, 0x0000, 0x0020, 0x0020, 0x0000, 0x0000,   // 0x0EA0 (3744) pixels
0x0000, 0x0000, 0x0000, 0x0000, 0x0000, 0x0000, 0x0000, 0x0000, 0x0000, 0x0000, 0x0000, 0x0000, 0x0000, 0x0000, 0x0000, 0x0000,   // 0x0EB0 (3760) pixels
0x0000, 0x0000, 0x0000, 0x0000, 0x0000, 0x0000, 0x0000, 0x0000, 0x0000, 0x0000, 0x0000, 0x0000, 0x0000, 0x0000, 0x0000, 0x0000,   // 0x0EC0 (3776) pixels
0x0000, 0x0000, 0x0000, 0x0000, 0x0000, 0x0000, 0x0000, 0x0000, 0x0000, 0x0000, 0x0000, 0x0000, 0x0000, 0x0000, 0x0000, 0x0000,   // 0x0ED0 (3792) pixels
0x0000, 0x0000, 0x0000, 0x0000, 0x0000, 0x0000, 0x0000, 0x0000, 0x0000, 0x0000, 0x0000, 0x0000, 0x0000, 0x0000, 0x0000, 0x0000,   // 0x0EE0 (3808) pixels
0x0000, 0x0000, 0x0000, 0x0000, 0x0000, 0x0000, 0x0000, 0x0000, 0x0000, 0x0000, 0x0000, 0x0000, 0x0000, 0x0000, 0x0000, 0x0000,   // 0x0EF0 (3824) pixels
0x0000, 0x0000, 0x0000, 0x0000, 0x0000, 0x0000, 0x0000, 0x0000, 0x0000, 0x0000, 0x0000, 0x0000, 0x0000, 0x0000, 0x0000, 0x0000,   // 0x0F00 (3840) pixels
0x0000, 0x0000, 0x0000, 0x0000, 0x0000, 0x0000, 0x0000, 0x0000, 0x0000, 0x0000, 0x0000, 0x0000, 0x0000, 0x0000, 0x0000, 0x0000,   // 0x0F10 (3856) pixels
0x0000, 0x0000, 0x0000, 0x0000, 0x0000, 0x0000, 0x0000, 0x0000, 0x0000, 0x0040, 0x7062, 0xE003, 0xD802, 0xD1A1, 0xFD63, 0xFEE2,   // 0x0F20 (3872) pixels
0xFB41, 0xD100, 0xA820, 0x5801, 0x2801, 0x0000, 0x0000, 0x0800, 0x0021, 0x0000, 0x7841, 0xFAC4, 0xF4E1, 0xFDE1, 0xFC80, 0xFD22,   // 0x0F30 (3888) pixels
0xEAA2, 0xC0E2, 0xC004, 0xD806, 0xD006, 0xC003, 0xD1A1, 0xFCC3, 0xF5C2, 0xFDA4, 0xDAE2, 0xB863, 0xD007, 0xD005, 0xD003, 0xD023,   // 0x0F40 (3904) pixels
0xD004, 0xC802, 0xE002, 0xC803, 0x6041, 0x1000, 0x0000, 0x0040, 0x0002, 0x0020, 0x0800, 0x2841, 0x4060, 0x5800, 0xA021, 0xF8C1,   // 0x0F50 (3920) pixels
0xF2C1, 0xF482, 0xFF63, 0xEE80, 0xFC42, 0xD0A2, 0xC803, 0xD044, 0x5083, 0x1000, 0x0040, 0x0020, 0x0000, 0x0000, 0x0020, 0x0000,   // 0x0F60 (3936) pixels
0x0000, 0x0000, 0x0000, 0x0000, 0x0000, 0x0000, 0x0000, 0x0000, 0x0000, 0x0000, 0x0000, 0x0000, 0x0000, 0x0000, 0x0000, 0x0000,   // 0x0F70 (3952) pixels
0x0000, 0x0000, 0x0000, 0x0000, 0x0000, 0x0000, 0x0000, 0x0000, 0x0000, 0x0000, 0x0000, 0x0000, 0x0000, 0x0000, 0x0000, 0x0000,   // 0x0F80 (3968) pixels
0x0000, 0x0000, 0x0000, 0x0000, 0x0000, 0x0000, 0x0000, 0x0000, 0x0000, 0x0000, 0x0000, 0x0000, 0x0000, 0x0000, 0x0000, 0x0000,   // 0x0F90 (3984) pixels
0x0000, 0x0000, 0x0000, 0x0000, 0x0000, 0x0000, 0x0000, 0x0000, 0x0000, 0x0000, 0x0000, 0x0000, 0x0000, 0x0000, 0x0000, 0x0000,   // 0x0FA0 (4000) pixels
0x0000, 0x0000, 0x0000, 0x0000, 0x0000, 0x0000, 0x0000, 0x0000, 0x0000, 0x0000, 0x0000, 0x0000, 0x0000, 0x0000, 0x0000, 0x0000,   // 0x0FB0 (4016) pixels
0x0000, 0x0000, 0x0000, 0x0000, 0x0000, 0x0000, 0x0000, 0x0000, 0x0000, 0x0000, 0x0000, 0x0000, 0x0000, 0x0000, 0x0000, 0x0000,   // 0x0FC0 (4032) pixels
0x0000, 0x0000, 0x0000, 0x0000, 0x0000, 0x0000, 0x0000, 0x0000, 0x0000, 0x0000, 0x0000, 0x0000, 0x0000, 0x0000, 0x0000, 0x0000,   // 0x0FD0 (4048) pixels
0x0000, 0x0000, 0x0000, 0x0000, 0x0000, 0x0000, 0x0000, 0x4041, 0xA864, 0xE002, 0xD002, 0xDA24, 0xFD63, 0xFE21, 0xFE03, 0xEC41,   // 0x0FE0 (4064) pixels
0xDA61, 0xD080, 0xC022, 0x7041, 0x2020, 0x0000, 0x0040, 0x0800, 0x9001, 0xFB24, 0xFD21, 0xFD00, 0xFCC0, 0xF4E3, 0xD102, 0xC023,   // 0x0FF0 (4080) pixels
0xC005, 0xE008, 0xD806, 0xC861, 0xF382, 0xFD40, 0xFD00, 0xFD00, 0xF3C2, 0xB8C2, 0xC806, 0xD805, 0xD003, 0xD004, 0xD804, 0xD023,   // 0x1000 (4096) pixels
0xE002, 0xD803, 0xA063, 0x4021, 0x0800, 0x0040, 0x0003, 0x0000, 0x1800, 0x8040, 0xD882, 0xE8E0, 0xE2C1, 0xE4C1, 0xFE83, 0xFEC5,   // 0x1010 (4112) pixels
0xF620, 0xFDA0, 0xFC64, 0xC881, 0xD804, 0xD805, 0x7022, 0x2000, 0x0020, 0x0000, 0x0000, 0x0000, 0x0000, 0x0000, 0x0000, 0x0000,   // 0x1020 (4128) pixels
0x0000, 0x0000, 0x0000, 0x0000, 0x0000, 0x0000, 0x0000, 0x0000, 0x0000, 0x0000, 0x0000, 0x0000, 0x0000, 0x0000, 0x0000, 0x0000,   // 0x1030 (4144) pixels
0x0000, 0x0000, 0x0000, 0x0000, 0x0000, 0x0000, 0x0000, 0x0000, 0x0000, 0x0000, 0x0000, 0x0000, 0x0000, 0x0000, 0x0000, 0x0000,   // 0x1040 (4160) pixels
0x0000, 0x0000, 0x0000, 0x0000, 0x0000, 0x0000, 0x0000, 0x0000, 0x0000, 0x0000, 0x0000, 0x0000, 0x0000, 0x0000, 0x0000, 0x0000,   // 0x1050 (4176) pixels
0x0000, 0x0000, 0x0000, 0x0000, 0x0000, 0x0000, 0x0000, 0x0000, 0x0000, 0x0000, 0x0000, 0x0000, 0x0000, 0x0000, 0x0000, 0x0000,   // 0x1060 (4192) pixels
0x0000, 0x0000, 0x0000, 0x0000, 0x0000, 0x0000, 0x0000, 0x0000, 0x0000, 0x0000, 0x0000, 0x0000, 0x0000, 0x0000, 0x0000, 0x0000,   // 0x1070 (4208) pixels
0x0000, 0x0000, 0x0000, 0x0000, 0x0000, 0x0000, 0x0000, 0x0000, 0x0000, 0x0000, 0x0000, 0x0000, 0x0000, 0x0000, 0x0000, 0x0000,   // 0x1080 (4224) pixels
0x0000, 0x0000, 0x0000, 0x0000, 0x0000, 0x0000, 0x0000, 0x0000, 0x0000, 0x0000, 0x0000, 0x0000, 0x0000, 0x0000, 0x0000, 0x0000,   // 0x1090 (4240) pixels
0x0000, 0x0000, 0x0000, 0x0000, 0x1800, 0x8023, 0xC844, 0xD802, 0xD003, 0xD964, 0xFC42, 0xFD81, 0xFE82, 0xFE23, 0xFD42, 0xF3E0,   // 0x10A0 (4256) pixels
0xFB42, 0xD9A1, 0x9060, 0x4860, 0x2000, 0x0000, 0x8801, 0xFA82, 0xFD20, 0xF500, 0xFD03, 0xFC63, 0xD8A4, 0xD043, 0xD005, 0xD808,   // 0x10B0 (4272) pixels
0xC805, 0xC900, 0xFC82, 0xF560, 0xFD60, 0xFD40, 0xFCC4, 0xC983, 0xC825, 0xD805, 0xD004, 0xD005, 0xD005, 0xD824, 0xD802, 0xE002,   // 0x10C0 (4288) pixels
0xD064, 0x6843, 0x1000, 0x0800, 0x3800, 0x6000, 0x9080, 0xDAA5, 0xFCAC, 0xFD4A, 0xFDC5, 0xFE42, 0xF5E0, 0xEDC1, 0xE480, 0xF4A0,   // 0x10D0 (4304) pixels
0xD303, 0xC822, 0xE004, 0xE804, 0x9803, 0x3000, 0x0020, 0x0000, 0x0801, 0x0000, 0x0000, 0x0000, 0x0000, 0x0000, 0x0000, 0x0000,   // 0x10E0 (4320) pixels
0x0000, 0x0000, 0x0000, 0x0000, 0x0000, 0x0000, 0x0000, 0x0000, 0x0000, 0x0000, 0x0000, 0x0000, 0x0000, 0x0000, 0x0000, 0x0000,   // 0x10F0 (4336) pixels
0x0000, 0x0000, 0x0000, 0x0000, 0x0000, 0x0000, 0x0000, 0x0000, 0x0000, 0x0000, 0x0000, 0x0000, 0x0000, 0x0000, 0x0000, 0x0000,   // 0x1100 (4352) pixels
0x0000, 0x0000, 0x0000, 0x0000, 0x0000, 0x0000, 0x0000, 0x0000, 0x0000, 0x0000, 0x0000, 0x0000, 0x0000, 0x0000, 0x0000, 0x0000,   // 0x1110 (4368) pixels
0x0000, 0x0000, 0x0000, 0x0000, 0x0000, 0x0000, 0x0000, 0x0000, 0x0000, 0x0000, 0x0000, 0x0000, 0x0000, 0x0000, 0x0000, 0x0000,   // 0x1120 (4384) pixels
0x0000, 0x0000, 0x0000, 0x0000, 0x0000, 0x0000, 0x0000, 0x0000, 0x0000, 0x0000, 0x0000, 0x0000, 0x0000, 0x0000, 0x0000, 0x0000,   // 0x1130 (4400) pixels
0x0000, 0x0000, 0x0000, 0x0000, 0x0000, 0x0000, 0x0000, 0x0000, 0x0000, 0x0000, 0x0000, 0x0000, 0x0000, 0x0000, 0x0000, 0x0000,   // 0x1140 (4416) pixels
0x0000, 0x0000, 0x0000, 0x0000, 0x0000, 0x0000, 0x0000, 0x0000, 0x0000, 0x0000, 0x0000, 0x0000, 0x0000, 0x0000, 0x0000, 0x0000,   // 0x1150 (4432) pixels
0x0000, 0x0000, 0x4802, 0xA864, 0xD803, 0xD802, 0xD004, 0xD062, 0xEAC0, 0xEC80, 0xF4C0, 0xFE41, 0xFEE1, 0xFF01, 0xFF43, 0xE4C2,   // 0x1160 (4448) pixels
0xF1A3, 0xF825, 0x9842, 0x0040, 0x78E2, 0xFA61, 0xFD20, 0xECE0, 0xFC82, 0xF422, 0xE8A6, 0xC801, 0xD824, 0xD007, 0xC805, 0xD1A0,   // 0x1170 (4464) pixels
0xFCC2, 0xF581, 0xF540, 0xF540, 0xFD23, 0xD1E3, 0xC825, 0xD805, 0xD004, 0xC806, 0xC805, 0xD824, 0xD001, 0xE001, 0xD824, 0x7042,   // 0x1180 (4480) pixels
0x1000, 0x1000, 0xC061, 0xE0E3, 0xE242, 0xF5CA, 0xFFF5, 0xF7F0, 0xF686, 0xED00, 0xFD21, 0xF4E2, 0xFCA1, 0xFBA0, 0xD040, 0xD806,   // 0x1190 (4496) pixels
0xC044, 0xC841, 0xC086, 0x5042, 0x0060, 0x0000, 0x0001, 0x0000, 0x0000, 0x0020, 0x0000, 0x0000, 0x0000, 0x0000, 0x0000, 0x0000,   // 0x11A0 (4512) pixels
0x0000, 0x0000, 0x0000, 0x0000, 0x0000, 0x0000, 0x0000, 0x0000, 0x0000, 0x0000, 0x0000, 0x0000, 0x0000, 0x0000, 0x0000, 0x0000,   // 0x11B0 (4528) pixels
0x0000, 0x0000, 0x0000, 0x0000, 0x0000, 0x0000, 0x0000, 0x0000, 0x0000, 0x0000, 0x0000, 0x0000, 0x0000, 0x0000, 0x0000, 0x0000,   // 0x11C0 (4544) pixels
0x0000, 0x0000, 0x0000, 0x0000, 0x0000, 0x0000, 0x0000, 0x0000, 0x0000, 0x0000, 0x0000, 0x0000, 0x0000, 0x0000, 0x0000, 0x0000,   // 0x11D0 (4560) pixels
0x0000, 0x0000, 0x0000, 0x0000, 0x0000, 0x0000, 0x0000, 0x0000, 0x0000, 0x0000, 0x0000, 0x0000, 0x0000, 0x0000, 0x0000, 0x0000,   // 0x11E0 (4576) pixels
0x0000, 0x0000, 0x0000, 0x0000, 0x0000, 0x0000, 0x0000, 0x0000, 0x0000, 0x0000, 0x0000, 0x0000, 0x0000, 0x0000, 0x0000, 0x0000,   // 0x11F0 (4592) pixels
0x0000, 0x0000, 0x0000, 0x0000, 0x0000, 0x0000, 0x0000, 0x0000, 0x0000, 0x0000, 0x0000, 0x0000, 0x0000, 0x0000, 0x0000, 0x0000,   // 0x1200 (4608) pixels
0x0020, 0x0000, 0x0000, 0x0000, 0x0000, 0x0800, 0x0000, 0x0040, 0x0041, 0x3801, 0x3020, 0x0020, 0x0000, 0x0000, 0x0040, 0x0000,   // 0x1210 (4624) pixels
0x5802, 0xB844, 0xD003, 0xC844, 0xC804, 0xD842, 0xFA83, 0xF421, 0xFB42, 0xF3E1, 0xFD82, 0xFEC2, 0xFF21, 0xFEA1, 0xF540, 0xEC20,   // 0x1220 (4640) pixels
0xE143, 0x7082, 0x3003, 0xAA63, 0xFD02, 0xED00, 0xFC84, 0xE0E0, 0xD006, 0xC021, 0xC864, 0xC003, 0xC981, 0xF483, 0xFD63, 0xFD20,   // 0x1230 (4656) pixels
0xFD20, 0xFCE1, 0xFD44, 0xEB83, 0xC042, 0xD027, 0xC004, 0xD806, 0xD003, 0xE805, 0xD802, 0xE021, 0xC043, 0x48A3, 0x2021, 0xB004,   // 0x1240 (4672) pixels
0xE240, 0xFDA6, 0xF726, 0xEEE5, 0xF664, 0xFE05, 0xFD02, 0xFC81, 0xFC61, 0xFC41, 0xFC23, 0xFA82, 0xD061, 0xC803, 0xD024, 0xD002,   // 0x1250 (4688) pixels
0xD803, 0x7082, 0x0000, 0x0020, 0x0000, 0x0000, 0x0020, 0x0000, 0x0800, 0x0020, 0x0000, 0x0020, 0x0021, 0x1022, 0x0000, 0x0000,   // 0x1260 (4704) pixels
0x0000, 0x0000, 0x0000, 0x0000, 0x0000, 0x0000, 0x0000, 0x0000, 0x0000, 0x0000, 0x0000, 0x0000, 0x0000, 0x0000, 0x0000, 0x0000,   // 0x1270 (4720) pixels
0x0000, 0x0000, 0x0000, 0x0000, 0x0000, 0x0000, 0x0000, 0x0000, 0x0000, 0x0000, 0x0000, 0x0000, 0x0000, 0x0000, 0x0000, 0x0000,   // 0x1280 (4736) pixels
0x0000, 0x0000, 0x0000, 0x0000, 0x0000, 0x0000, 0x0000, 0x0000, 0x0000, 0x0000, 0x0000, 0x0000, 0x0000, 0x0000, 0x0000, 0x0000,   // 0x1290 (4752) pixels
0x0000, 0x0000, 0x0000, 0x0000, 0x0000, 0x0000, 0x0000, 0x0000, 0x0000, 0x0000, 0x0000, 0x0000, 0x0000, 0x0000, 0x0000, 0x0000,   // 0x12A0 (4768) pixels
0x0000, 0x0000, 0x0000, 0x0000, 0x0000, 0x0000, 0x0000, 0x0000, 0x0000, 0x0000, 0x0000, 0x0000, 0x0000, 0x0000, 0x0000, 0x0000,   // 0x12B0 (4784) pixels
0x0000, 0x0000, 0x0000, 0x0000, 0x0000, 0x0000, 0x0000, 0x0000, 0x0000, 0x0000, 0x0000, 0x0000, 0x0000, 0x0000, 0x0000, 0x0000,   // 0x12C0 (4800) pixels
0x0021, 0x0020, 0x0000, 0x0000, 0x0000, 0x0020, 0x0000, 0x78C3, 0x9861, 0x0820, 0x0801, 0x0821, 0x0020, 0x0000, 0x6801, 0xC845,   // 0x12D0 (4816) pixels
0xD803, 0xC804, 0xC804, 0xD002, 0xE9C2, 0xF3A3, 0xFB42, 0xF320, 0xF3C0, 0xF4C1, 0xFDA1, 0xFE42, 0xFEA3, 0xFEC4, 0xE381, 0xB120,   // 0x12E0 (4832) pixels
0x3802, 0x71A2, 0xFC84, 0xF522, 0xFC22, 0xD943, 0xD006, 0xC805, 0xD026, 0xD065, 0xFAE3, 0xFD22, 0xF520, 0xFD00, 0xF540, 0xFD41,   // 0x12F0 (4848) pixels
0xFCE1, 0xEB62, 0xC021, 0xC805, 0xC805, 0xC805, 0xE005, 0xE005, 0xD825, 0xE086, 0xB004, 0x3801, 0x2820, 0xC0C2, 0xF4C0, 0xFF06,   // 0x1300 (4864) pixels
0xFF26, 0xFE04, 0xFD22, 0xFCC3, 0xF401, 0xFBA0, 0xF3A0, 0xF361, 0xF2C2, 0xE141, 0xC822, 0xD004, 0xD004, 0xD004, 0xD803, 0x7062,   // 0x1310 (4880) pixels
0x0000, 0x0000, 0x0000, 0x0000, 0x0000, 0x0000, 0x0000, 0x0041, 0x0000, 0x2041, 0x0821, 0x0000, 0x0000, 0x0000, 0x0000, 0x0000,   // 0x1320 (4896) pixels
0x0000, 0x0000, 0x0000, 0x0000, 0x0000, 0x0000, 0x0000, 0x0000, 0x0000, 0x0000, 0x0000, 0x0000, 0x0000, 0x0000, 0x0000, 0x0000,   // 0x1330 (4912) pixels
0x0000, 0x0000, 0x0000, 0x0000, 0x0000, 0x0000, 0x0000, 0x0000, 0x0000, 0x0000, 0x0000, 0x0000, 0x0000, 0x0000, 0x0000, 0x0000,   // 0x1340 (4928) pixels
0x0000, 0x0000, 0x0000, 0x0000, 0x0000, 0x0000, 0x0000, 0x0000, 0x0000, 0x0000, 0x0000, 0x0000, 0x0000, 0x0000, 0x0000, 0x0000,   // 0x1350 (4944) pixels
0x0000, 0x0000, 0x0000, 0x0000, 0x0000, 0x0000, 0x0000, 0x0000, 0x0000, 0x0000, 0x0000, 0x0000, 0x0000, 0x0000, 0x0000, 0x0000,   // 0x1360 (4960) pixels
0x0000, 0x0000, 0x0000, 0x0000, 0x0000, 0x0000, 0x0000, 0x0000, 0x0000, 0x0000, 0x0000, 0x0000, 0x0000, 0x0000, 0x0000, 0x0000,   // 0x1370 (4976) pixels
0x0000, 0x0000, 0x0000, 0x0000, 0x0000, 0x0000, 0x0000, 0x0000, 0x0000, 0x0000, 0x0000, 0x0000, 0x0800, 0x0000, 0x0020, 0x0000,   // 0x1380 (4992) pixels
0x0000, 0x0000, 0x0021, 0x0001, 0x0000, 0xA902, 0xE883, 0x1840, 0x0002, 0x0821, 0x0000, 0x0820, 0x8801, 0xD845, 0xE003, 0xC004,   // 0x1390 (5008) pixels
0xC805, 0xC803, 0xC882, 0xE243, 0xFB21, 0xFB01, 0xFAC1, 0xFB21, 0xFBC1, 0xEC80, 0xF5E1, 0xFF23, 0xFE22, 0xFBC2, 0x9A07, 0x2881,   // 0x13A0 (5024) pixels
0x89E0, 0xFC63, 0xFC83, 0xC123, 0xD805, 0xD827, 0xC807, 0xC002, 0xFB22, 0xFD20, 0xFCE0, 0xFCC0, 0xECE0, 0xFCC0, 0xF4A0, 0xFCE5,   // 0x13B0 (5040) pixels
0xE1E6, 0xD005, 0xD006, 0xC825, 0xD825, 0xC802, 0xD022, 0xA823, 0x5844, 0x68E5, 0xB264, 0xF4C5, 0xEE80, 0xFEC3, 0xED40, 0xEBC0,   // 0x13C0 (5056) pixels
0xF340, 0xF362, 0xF341, 0xFB20, 0xFB82, 0xFAC3, 0xE184, 0xC823, 0xD004, 0xD805, 0xD004, 0xD005, 0xE003, 0x7042, 0x0000, 0x0000,   // 0x13D0 (5072) pixels
0x0800, 0x0000, 0x0000, 0x0000, 0x0000, 0x0020, 0x0800, 0x5883, 0x4842, 0x0000, 0x0820, 0x0000, 0x0000, 0x0000, 0x0000, 0x0000,   // 0x13E0 (5088) pixels
0x0000, 0x0000, 0x0000, 0x0000, 0x0000, 0x0000, 0x0000, 0x0000, 0x0000, 0x0000, 0x0000, 0x0000, 0x0000, 0x0000, 0x0000, 0x0000,   // 0x13F0 (5104) pixels
0x0000, 0x0000, 0x0000, 0x0000, 0x0000, 0x0000, 0x0000, 0x0000, 0x0000, 0x0000, 0x0000, 0x0000, 0x0000, 0x0000, 0x0000, 0x0000,   // 0x1400 (5120) pixels
0x0000, 0x0000, 0x0000, 0x0000, 0x0000, 0x0000, 0x0000, 0x0000, 0x0000, 0x0000, 0x0000, 0x0000, 0x0000, 0x0000, 0x0000, 0x0000,   // 0x1410 (5136) pixels
0x0000, 0x0000, 0x0000, 0x0000, 0x0000, 0x0000, 0x0000, 0x0000, 0x0000, 0x0000, 0x0000, 0x0000, 0x0000, 0x0000, 0x0000, 0x0000,   // 0x1420 (5152) pixels
0x0000, 0x0000, 0x0000, 0x0000, 0x0000, 0x0000, 0x0000, 0x0000, 0x0000, 0x0000, 0x0000, 0x0000, 0x0000, 0x0000, 0x0000, 0x0000,   // 0x1430 (5168) pixels
0x0000, 0x0000, 0x0000, 0x0000, 0x0000, 0x0000, 0x0000, 0x0000, 0x0000, 0x0000, 0x0800, 0x0000, 0x0000, 0x0000, 0x0001, 0x0020,   // 0x1440 (5184) pixels
0x0000, 0x1000, 0x4900, 0xC923, 0xC8A3, 0x1820, 0x0000, 0x0000, 0x0000, 0x2021, 0xB023, 0xE004, 0xE003, 0xC804, 0xC846, 0xC805,   // 0x1450 (5200) pixels
0xB803, 0xD0C4, 0xDAC0, 0xF302, 0xFAA2, 0xFAA2, 0xFAC3, 0xEAE0, 0xEBE0, 0xF501, 0xFE21, 0xFD40, 0xEAC8, 0x2003, 0x48E3, 0xFC07,   // 0x1460 (5216) pixels
0xFD03, 0xB960, 0xD003, 0xD005, 0xC805, 0xC080, 0xEB40, 0xFCA0, 0xFCC1, 0xFCA2, 0xFCA1, 0xFC80, 0xF500, 0xFE69, 0xF36A, 0xD025,   // 0x1470 (5232) pixels
0xC804, 0xC803, 0xC081, 0xD2A1, 0xFAA2, 0x88A2, 0x0003, 0x8126, 0xFB45, 0xEE82, 0xFEE4, 0xFDA2, 0xEBA0, 0xF2C0, 0xFAC3, 0xFAE2,   // 0x1480 (5248) pixels
0xFB01, 0xFB21, 0xFB03, 0xE9C3, 0xD064, 0xC005, 0xD005, 0xD824, 0xD003, 0xD805, 0xE003, 0x7022, 0x0000, 0x0000, 0x0000, 0x0000,   // 0x1490 (5264) pixels
0x0000, 0x0000, 0x0000, 0x0000, 0x1000, 0x7063, 0x8862, 0x2000, 0x0000, 0x0801, 0x0000, 0x0000, 0x0000, 0x0000, 0x0000, 0x0000,   // 0x14A0 (5280) pixels
0x0000, 0x0000, 0x0000, 0x0000, 0x0000, 0x0000, 0x0000, 0x0000, 0x0000, 0x0000, 0x0000, 0x0000, 0x0000, 0x0000, 0x0000, 0x0000,   // 0x14B0 (5296) pixels
0x0000, 0x0000, 0x0000, 0x0000, 0x0000, 0x0000, 0x0000, 0x0000, 0x0000, 0x0000, 0x0000, 0x0000, 0x0000, 0x0000, 0x0000, 0x0000,   // 0x14C0 (5312) pixels
0x0000, 0x0000, 0x0000, 0x0000, 0x0000, 0x0000, 0x0000, 0x0000, 0x0000, 0x0000, 0x0000, 0x0000, 0x0000, 0x0000, 0x0000, 0x0000,   // 0x14D0 (5328) pixels
0x0000, 0x0000, 0x0000, 0x0000, 0x0000, 0x0000, 0x0000, 0x0000, 0x0000, 0x0000, 0x0000, 0x0000, 0x0000, 0x0000, 0x0000, 0x0000,   // 0x14E0 (5344) pixels
0x0000, 0x0000, 0x0000, 0x0000, 0x0000, 0x0000, 0x0000, 0x0000, 0x0000, 0x0000, 0x0000, 0x0000, 0x0000, 0x0000, 0x0000, 0x0000,   // 0x14F0 (5360) pixels
0x0000, 0x0000, 0x0000, 0x0000, 0x0000, 0x0000, 0x0000, 0x0000, 0x0000, 0x0000, 0x0000, 0x0800, 0x0001, 0x0020, 0x0800, 0x69A2,   // 0x1500 (5376) pixels
0xD3A5, 0xC923, 0x6082, 0x0800, 0x0020, 0x0000, 0x0800, 0x3001, 0xC863, 0xD802, 0xD802, 0xC823, 0xC825, 0xC806, 0xC005, 0xC805,   // 0x1510 (5392) pixels
0xDA41, 0xFB03, 0xFAE2, 0xFAC2, 0xFAC4, 0xFA83, 0xFAA2, 0xFB02, 0xFCE3, 0xF561, 0xEA44, 0x6866, 0x40C7, 0x99A2, 0xE481, 0xF3C2,   // 0x1520 (5408) pixels
0xD064, 0xC803, 0xE985, 0xFB43, 0xFC62, 0xFCA2, 0xFCC2, 0xF480, 0xFC63, 0xFC40, 0xF4C0, 0xF565, 0xD245, 0xC803, 0xC822, 0xC8C2,   // 0x1530 (5424) pixels
0xF2E2, 0xFD84, 0xF484, 0x68C2, 0x1803, 0x9925, 0xFB44, 0xF5A2, 0xE422, 0xEB41, 0xF262, 0xFA64, 0xFAC5, 0xF2C2, 0xFB22, 0xFB41,   // 0x1540 (5440) pixels
0xFA83, 0xD0E2, 0xC805, 0xC806, 0xD004, 0xD822, 0xD822, 0xD803, 0xE824, 0x7042, 0x0000, 0x0000, 0x0000, 0x0000, 0x0000, 0x0000,   // 0x1550 (5456) pixels
0x0001, 0x0000, 0x0800, 0x5840, 0xD1C4, 0x7920, 0x0040, 0x0802, 0x0000, 0x0000, 0x0000, 0x0000, 0x0000, 0x0000, 0x0000, 0x0000,   // 0x1560 (5472) pixels
0x0000, 0x0000, 0x0000, 0x0000, 0x0000, 0x0000, 0x0000, 0x0000, 0x0000, 0x0000, 0x0000, 0x0000, 0x0000, 0x0000, 0x0000, 0x0000,   // 0x1570 (5488) pixels
0x0000, 0x0000, 0x0000, 0x0000, 0x0000, 0x0000, 0x0000, 0x0000, 0x0000, 0x0000, 0x0000, 0x0000, 0x0000, 0x0000, 0x0000, 0x0000,   // 0x1580 (5504) pixels
0x0000, 0x0000, 0x0000, 0x0000, 0x0000, 0x0000, 0x0000, 0x0000, 0x0000, 0x0000, 0x0000, 0x0000, 0x0000, 0x0000, 0x0000, 0x0000,   // 0x1590 (5520) pixels
0x0000, 0x0000, 0x0000, 0x0000, 0x0000, 0x0000, 0x0000, 0x0000, 0x0000, 0x0000, 0x0000, 0x0000, 0x0000, 0x0000, 0x0000, 0x0000,   // 0x15A0 (5536) pixels
0x0000, 0x0000, 0x0000, 0x0000, 0x0000, 0x0000, 0x0000, 0x0000, 0x0000, 0x0000, 0x0000, 0x0000, 0x0000, 0x0000, 0x0000, 0x0000,   // 0x15B0 (5552) pixels
0x0000, 0x0000, 0x0000, 0x0000, 0x0000, 0x0000, 0x0020, 0x0000, 0x0800, 0x0800, 0x0800, 0x1000, 0x61E0, 0xE4E7, 0xFC25, 0xA881,   // 0x15C0 (5568) pixels
0x0020, 0x0000, 0x0020, 0x0000, 0x0000, 0x3001, 0xC883, 0xD802, 0xD822, 0xD043, 0xC803, 0xC004, 0xC006, 0xC806, 0xE143, 0xFAA4,   // 0x15D0 (5584) pixels
0xFB22, 0xFAE1, 0xFAC3, 0xFA85, 0xFA45, 0xFA44, 0xEAA3, 0xF402, 0xEA85, 0xE22E, 0x610A, 0x2800, 0xEC03, 0xFCC2, 0xD0E4, 0xB802,   // 0x15E0 (5600) pixels
0xE1E2, 0xFC41, 0xF480, 0xF481, 0xFCA1, 0xFC80, 0xFC85, 0xFC41, 0xF440, 0xF402, 0xC8E1, 0xC802, 0xD962, 0xEB24, 0xFC81, 0xFCA4,   // 0x15F0 (5616) pixels
0x9AA2, 0x40C4, 0x998A, 0xF248, 0xFAC4, 0xFB65, 0xEA83, 0xFA64, 0xFA66, 0xFAA6, 0xFAE5, 0xF2C3, 0xFB23, 0xF301, 0xE1C3, 0xC062,   // 0x1600 (5632) pixels
0xC005, 0xD027, 0xC803, 0xD841, 0xD841, 0xD822, 0xE044, 0x6842, 0x0000, 0x0021, 0x0000, 0x0000, 0x0000, 0x0000, 0x0000, 0x0040,   // 0x1610 (5648) pixels
0x0000, 0x4860, 0xFBA7, 0xD304, 0x0860, 0x0001, 0x0000, 0x0000, 0x0000, 0x0000, 0x0000, 0x0000, 0x0000, 0x0000, 0x0000, 0x0000,   // 0x1620 (5664) pixels
0x0000, 0x0000, 0x0000, 0x0000, 0x0000, 0x0000, 0x0000, 0x0000, 0x0000, 0x0000, 0x0000, 0x0000, 0x0000, 0x0000, 0x0000, 0x0000,   // 0x1630 (5680) pixels
0x0000, 0x0000, 0x0000, 0x0000, 0x0000, 0x0000, 0x0000, 0x0000, 0x0000, 0x0000, 0x0000, 0x0000, 0x0000, 0x0000, 0x0000, 0x0000,   // 0x1640 (5696) pixels
0x0000, 0x0000, 0x0000, 0x0000, 0x0000, 0x0000, 0x0000, 0x0000, 0x0000, 0x0000, 0x0000, 0x0000, 0x0000, 0x0000, 0x0000, 0x0000,   // 0x1650 (5712) pixels
0x0000, 0x0000, 0x0000, 0x0000, 0x0000, 0x0000, 0x0000, 0x0000, 0x0000, 0x0000, 0x0000, 0x0000, 0x0000, 0x0000, 0x0000, 0x0000,   // 0x1660 (5728) pixels
0x0000, 0x0000, 0x0000, 0x0000, 0x0000, 0x0000, 0x0000, 0x0000, 0x0000, 0x0000, 0x0000, 0x0000, 0x0000, 0x0000, 0x0000, 0x0000,   // 0x1670 (5744) pixels
0x0000, 0x0000, 0x0000, 0x0000, 0x0020, 0x0000, 0x0000, 0x0001, 0x1800, 0x58E0, 0xD424, 0xFEA6, 0xFAC2, 0x9800, 0x0000, 0x0021,   // 0x1680 (5760) pixels
0x0000, 0x0000, 0x0000, 0x2020, 0xB842, 0xD043, 0xD863, 0xD062, 0xC822, 0xC002, 0xB805, 0xC006, 0xC022, 0xE9A4, 0xFAE3, 0xFAC1,   // 0x1690 (5776) pixels
0xF283, 0xF285, 0xF265, 0xFA65, 0xEA06, 0xFA44, 0xE9C6, 0xF9EC, 0x7908, 0x1841, 0xDC07, 0xFCC3, 0xE1C4, 0xC022, 0xE1A3, 0xFC61,   // 0x16A0 (5792) pixels
0xF480, 0xFC82, 0xFC02, 0xFBE3, 0xFBE5, 0xFC43, 0xFC40, 0xFC04, 0xE0E3, 0xD042, 0xEAC3, 0xFCA4, 0xFD00, 0xD2C4, 0x3801, 0x2002,   // 0x16B0 (5808) pixels
0xD1C8, 0xF9C6, 0xEA05, 0xF206, 0xF265, 0xFA25, 0xFA65, 0xF284, 0xF2A3, 0xFAA2, 0xFAE4, 0xE242, 0xB862, 0xA802, 0xB004, 0xB805,   // 0x16C0 (5824) pixels
0xC803, 0xD862, 0xE042, 0xE022, 0xD043, 0x5821, 0x0020, 0x0041, 0x0000, 0x0000, 0x0000, 0x0000, 0x0001, 0x0040, 0x1000, 0x6040,   // 0x16D0 (5840) pixels
0xFC65, 0xEBA4, 0x4840, 0x0800, 0x0000, 0x0000, 0x0000, 0x0000, 0x0000, 0x0000, 0x0000, 0x0000, 0x0000, 0x0000, 0x0000, 0x0000,   // 0x16E0 (5856) pixels
0x0000, 0x0000, 0x0000, 0x0000, 0x0000, 0x0000, 0x0000, 0x0000, 0x0000, 0x0000, 0x0000, 0x0000, 0x0000, 0x0000, 0x0000, 0x0000,   // 0x16F0 (5872) pixels
0x0000, 0x0000, 0x0000, 0x0000, 0x0000, 0x0000, 0x0000, 0x0000, 0x0000, 0x0000, 0x0000, 0x0000, 0x0000, 0x0000, 0x0000, 0x0000,   // 0x1700 (5888) pixels
0x0000, 0x0000, 0x0000, 0x0000, 0x0000, 0x0000, 0x0000, 0x0000, 0x0000, 0x0000, 0x0000, 0x0000, 0x0000, 0x0000, 0x0000, 0x0000,   // 0x1710 (5904) pixels
0x0000, 0x0000, 0x0000, 0x0000, 0x0000, 0x0000, 0x0000, 0x0000, 0x0000, 0x0000, 0x0000, 0x0000, 0x0000, 0x0000, 0x0000, 0x0000,   // 0x1720 (5920) pixels
0x0000, 0x0000, 0x0000, 0x0000, 0x0000, 0x0000, 0x0000, 0x0000, 0x0000, 0x0000, 0x0000, 0x0000, 0x0000, 0x0000, 0x0000, 0x0000,   // 0x1730 (5936) pixels
0x0000, 0x0000, 0x0000, 0x0000, 0x0020, 0x0022, 0x2801, 0x99A2, 0xFD24, 0xFDC0, 0xF263, 0xA060, 0x1800, 0x0021, 0x0002, 0x0801,   // 0x1740 (5952) pixels
0x0020, 0x0820, 0x9800, 0xC863, 0xD062, 0xD062, 0xD862, 0xC022, 0xB004, 0xB806, 0xA824, 0xD164, 0xFAA4, 0xFA82, 0xFA63, 0xFA65,   // 0x1750 (5968) pixels
0xF244, 0xF262, 0xF9E8, 0xF9A7, 0xF96A, 0xF1C9, 0x8947, 0x1801, 0x7A21, 0xEC03, 0xF262, 0xC843, 0xE164, 0xFC63, 0xFCA0, 0xF3A2,   // 0x1760 (5984) pixels
0xD180, 0xD163, 0xC9A0, 0xFBA2, 0xF400, 0xFBC4, 0xD8C3, 0xD0A2, 0xFB63, 0xFC60, 0xFC20, 0x9A66, 0x2005, 0x5864, 0xEA27, 0xF9E6,   // 0x1770 (6000) pixels
0xF227, 0xFA06, 0xEA63, 0xF223, 0xF243, 0xEA82, 0xF2A1, 0xFA42, 0xFA65, 0xD1C3, 0xA803, 0xA805, 0xB005, 0xB004, 0xC823, 0xD883,   // 0x1780 (6016) pixels
0xD842, 0xE043, 0xC002, 0x5000, 0x0020, 0x0041, 0x0000, 0x0000, 0x0000, 0x0800, 0x0801, 0x0000, 0x2800, 0x8020, 0xFC63, 0xFC24,   // 0x1790 (6032) pixels
0xB124, 0x3062, 0x0000, 0x0000, 0x0000, 0x0000, 0x0000, 0x0000, 0x0000, 0x0000, 0x0000, 0x0000, 0x0000, 0x0000, 0x0000, 0x0000,   // 0x17A0 (6048) pixels
0x0000, 0x0000, 0x0000, 0x0000, 0x0000, 0x0000, 0x0000, 0x0000, 0x0000, 0x0000, 0x0000, 0x0000, 0x0000, 0x0000, 0x0000, 0x0000,   // 0x17B0 (6064) pixels
0x0000, 0x0000, 0x0000, 0x0000, 0x0000, 0x0000, 0x0000, 0x0000, 0x0000, 0x0000, 0x0000, 0x0000, 0x0000, 0x0000, 0x0000, 0x0000,   // 0x17C0 (6080) pixels
0x0000, 0x0000, 0x0000, 0x0000, 0x0000, 0x0000, 0x0000, 0x0000, 0x0000, 0x0000, 0x0000, 0x0000, 0x0000, 0x0000, 0x0000, 0x0000,   // 0x17D0 (6096) pixels
0x0000, 0x0000, 0x0000, 0x0000, 0x0000, 0x0000, 0x0000, 0x0000, 0x0000, 0x0000, 0x0000, 0x0000, 0x0000, 0x0000, 0x0000, 0x0000,   // 0x17E0 (6112) pixels
0x0000, 0x0000, 0x0000, 0x0000, 0x0000, 0x0000, 0x0000, 0x0000, 0x0000, 0x0000, 0x0000, 0x0000, 0x0000, 0x0000, 0x0000, 0x0000,   // 0x17F0 (6128) pixels
0x0020, 0x0000, 0x0041, 0x0040, 0x7840, 0xE2E1, 0xFC00, 0xFDC3, 0xFA26, 0xA862, 0x3800, 0x0020, 0x0800, 0x0040, 0x0040, 0x0800,   // 0x1800 (6144) pixels
0x3041, 0xD083, 0xF800, 0xD0A0, 0xD0C1, 0xD0A3, 0xB824, 0xB805, 0xB005, 0xB024, 0xB063, 0xA842, 0xC104, 0xEA07, 0xFA27, 0xF9E6,   // 0x1810 (6160) pixels
0xE9E6, 0xF9A7, 0xF9A7, 0xE9EB, 0x9926, 0x4801, 0x0001, 0xBA05, 0xFB62, 0xC8C0, 0xD9A2, 0xFCA3, 0xEB80, 0xD0E3, 0xC806, 0xC865,   // 0x1820 (6176) pixels
0xD004, 0xD8C6, 0xF282, 0xFBA4, 0xC0E1, 0xEA45, 0xFBC1, 0xFC22, 0xF3E5, 0x5964, 0x2001, 0x98C4, 0xF9A9, 0xF1A7, 0xF247, 0xF9E8,   // 0x1830 (6192) pixels
0xF225, 0xF246, 0xF268, 0xD9A6, 0xB083, 0xA823, 0xB065, 0xB045, 0xB802, 0xA005, 0x9823, 0xD064, 0xD084, 0xE082, 0xD861, 0xF024,   // 0x1840 (6208) pixels
0x9085, 0x2800, 0x0000, 0x0000, 0x0801, 0x0020, 0x0000, 0x1000, 0x0040, 0x1820, 0x8800, 0xF2E3, 0xFD63, 0xEC20, 0xF0E1, 0x4022,   // 0x1850 (6224) pixels
0x0000, 0x0000, 0x0000, 0x0000, 0x0000, 0x0000, 0x0000, 0x0000, 0x0000, 0x0000, 0x0000, 0x0000, 0x0000, 0x0000, 0x0000, 0x0000,   // 0x1860 (6240) pixels
0x0000, 0x0000, 0x0000, 0x0000, 0x0000, 0x0000, 0x0000, 0x0000, 0x0000, 0x0000, 0x0000, 0x0000, 0x0000, 0x0000, 0x0000, 0x0000,   // 0x1870 (6256) pixels
0x0000, 0x0000, 0x0000, 0x0000, 0x0000, 0x0000, 0x0000, 0x0000, 0x0000, 0x0000, 0x0000, 0x0000, 0x0000, 0x0000, 0x0000, 0x0000,   // 0x1880 (6272) pixels
0x0000, 0x0000, 0x0000, 0x0000, 0x0000, 0x0000, 0x0000, 0x0000, 0x0000, 0x0000, 0x0000, 0x0000, 0x0000, 0x0000, 0x0000, 0x0000,   // 0x1890 (6288) pixels
0x0000, 0x0000, 0x0000, 0x0000, 0x0000, 0x0000, 0x0000, 0x0000, 0x0000, 0x0000, 0x0000, 0x0000, 0x0000, 0x0000, 0x0000, 0x0000,   // 0x18A0 (6304) pixels
0x0000, 0x0000, 0x0000, 0x0000, 0x0000, 0x0000, 0x0000, 0x0000, 0x0000, 0x0000, 0x0000, 0x0000, 0x0000, 0x0000, 0x0000, 0x0000,   // 0x18B0 (6320) pixels
0x0021, 0x4042, 0xD0C3, 0xFB23, 0xF360, 0xF4C1, 0xFA83, 0xC861, 0xB803, 0x7842, 0x2800, 0x2801, 0x5003, 0x5000, 0x3802, 0x9063,   // 0x18C0 (6336) pixels
0xC840, 0xE8A0, 0xF101, 0xE8E3, 0xC042, 0xA802, 0xB004, 0xB003, 0xA823, 0xA002, 0xA843, 0xC906, 0xE186, 0xFA06, 0xFA07, 0xF166,   // 0x18D0 (6352) pixels
0xF166, 0xE9AA, 0xD1A9, 0x90E7, 0x0042, 0x99C3, 0xFBA2, 0xE9E3, 0xE1E2, 0xFC22, 0xEAE0, 0xC842, 0xD006, 0xC004, 0xC803, 0xC824,   // 0x18E0 (6368) pixels
0xE221, 0xFBA3, 0xD181, 0xFB26, 0xFC01, 0xFC22, 0xC2A3, 0x3862, 0x5046, 0xC928, 0xF989, 0xE988, 0xE9E7, 0xE9A7, 0xF205, 0xF226,   // 0x18F0 (6384) pixels
0xE1C6, 0xB8C4, 0xA002, 0xA003, 0xA804, 0xA804, 0x9824, 0xB808, 0xC043, 0xD880, 0xE0C0, 0xF8E1, 0xC0C1, 0x8841, 0x4801, 0x3000,   // 0x1900 (6400) pixels
0x2840, 0x2840, 0x2800, 0x1800, 0x1000, 0x1040, 0x6043, 0x9843, 0xC8C0, 0xF3E4, 0xF481, 0xEA80, 0xF8E2, 0x2840, 0x0000, 0x0000,   // 0x1910 (6416) pixels
0x0000, 0x0000, 0x0000, 0x0000, 0x0000, 0x0000, 0x0000, 0x0000, 0x0000, 0x0000, 0x0000, 0x0000, 0x0000, 0x0000, 0x0000, 0x0000,   // 0x1920 (6432) pixels
0x0000, 0x0000, 0x0000, 0x0000, 0x0000, 0x0000, 0x0000, 0x0000, 0x0000, 0x0000, 0x0000, 0x0000, 0x0000, 0x0000, 0x0000, 0x0000,   // 0x1930 (6448) pixels
0x0000, 0x0000, 0x0000, 0x0000, 0x0000, 0x0000, 0x0000, 0x0000, 0x0000, 0x0000, 0x0000, 0x0000, 0x0000, 0x0000, 0x0000, 0x0000,   // 0x1940 (6464) pixels
0x0000, 0x0000, 0x0000, 0x0000, 0x0000, 0x0000, 0x0000, 0x0000, 0x0000, 0x0000, 0x0000, 0x0000, 0x0000, 0x0000, 0x0000, 0x0000,   // 0x1950 (6480) pixels
0x0000, 0x0000, 0x0000, 0x0000, 0x0000, 0x0000, 0x0000, 0x0000, 0x0000, 0x0000, 0x0000, 0x0000, 0x0000, 0x0000, 0x0000, 0x0000,   // 0x1960 (6496) pixels
0x0000, 0x0000, 0x0000, 0x0000, 0x0000, 0x0000, 0x0000, 0x0000, 0x0000, 0x0000, 0x0000, 0x0000, 0x0020, 0x0000, 0x0800, 0x5000,   // 0x1970 (6512) pixels
0xE8C2, 0xFAC1, 0xF2E0, 0xFC84, 0xFC82, 0xE120, 0xD803, 0xC084, 0x9883, 0xB846, 0xD047, 0xC022, 0xB825, 0x3841, 0x68C3, 0xE0A4,   // 0x1980 (6528) pixels
0xE880, 0xE0E0, 0xF122, 0xC8C2, 0xB803, 0xB003, 0xA824, 0x9804, 0x9804, 0xB024, 0xC8E5, 0xF1C6, 0xF9C7, 0xE967, 0xF187, 0xE969,   // 0x1990 (6544) pixels
0xF18A, 0xC14A, 0x1043, 0x89C3, 0xFC04, 0xFB05, 0xE1E0, 0xFBC2, 0xF2A2, 0xC803, 0xD808, 0xD004, 0xD026, 0xC024, 0xE201, 0xFB82,   // 0x19A0 (6560) pixels
0xD1E0, 0xFBA4, 0xFC00, 0xF3E1, 0xA1C2, 0x1002, 0x78CA, 0xF96B, 0xF129, 0xE969, 0xF1C8, 0xE9C9, 0xF9E6, 0xE9C7, 0xC0E4, 0xA003,   // 0x19B0 (6576) pixels
0x9804, 0xA005, 0xA005, 0xA805, 0xA004, 0xC866, 0xD921, 0xF140, 0xE101, 0xD882, 0x8863, 0x3820, 0xB824, 0xC024, 0xC803, 0xD003,   // 0x19C0 (6592) pixels
0xD024, 0xC024, 0xB825, 0xB846, 0xC024, 0xD800, 0xFA82, 0xFD46, 0xF3A0, 0xFA00, 0xF942, 0x3080, 0x0000, 0x0000, 0x0000, 0x0000,   // 0x19D0 (6608) pixels
0x0000, 0x0000, 0x0000, 0x0000, 0x0000, 0x0000, 0x0000, 0x0000, 0x0000, 0x0000, 0x0000, 0x0000, 0x0000, 0x0000, 0x0000, 0x0000,   // 0x19E0 (6624) pixels
0x0000, 0x0000, 0x0000, 0x0000, 0x0000, 0x0000, 0x0000, 0x0000, 0x0000, 0x0000, 0x0000, 0x0000, 0x0000, 0x0000, 0x0000, 0x0000,   // 0x19F0 (6640) pixels
0x0000, 0x0000, 0x0000, 0x0000, 0x0000, 0x0000, 0x0000, 0x0000, 0x0000, 0x0000, 0x0000, 0x0000, 0x0000, 0x0000, 0x0000, 0x0000,   // 0x1A00 (6656) pixels
0x0000, 0x0000, 0x0000, 0x0000, 0x0000, 0x0000, 0x0000, 0x0000, 0x0000, 0x0000, 0x0000, 0x0000, 0x0000, 0x0000, 0x0000, 0x0000,   // 0x1A10 (6672) pixels
0x0000, 0x0000, 0x0000, 0x0000, 0x0000, 0x0000, 0x0000, 0x0000, 0x0000, 0x0000, 0x0000, 0x0000, 0x0000, 0x0000, 0x0000, 0x0000,   // 0x1A20 (6688) pixels
0x0000, 0x0000, 0x0000, 0x0000, 0x0000, 0x0000, 0x0000, 0x0000, 0x0000, 0x0000, 0x0000, 0x0800, 0x0000, 0x4880, 0xEA03, 0xFB61,   // 0x1A30 (6704) pixels
0xEA60, 0xFB83, 0xFDC1, 0xEB82, 0xC902, 0xC002, 0xD023, 0xE003, 0xE003, 0xD823, 0xD864, 0x8801, 0x4023, 0x4044, 0xB125, 0xF9E2,   // 0x1A40 (6720) pixels
0xFA01, 0xE182, 0xD0C3, 0xB002, 0xA005, 0xA007, 0x9806, 0xA004, 0xB843, 0xD946, 0xF967, 0xF168, 0xF1A8, 0xE929, 0xF149, 0xC8E9,   // 0x1A50 (6736) pixels
0x1003, 0x8983, 0xFBA3, 0xFB23, 0xD1A0, 0xFB63, 0xFAA5, 0xB803, 0xC006, 0xB804, 0xB825, 0xB024, 0xDA03, 0xFB82, 0xE2A0, 0xFBC2,   // 0x1A60 (6752) pixels
0xFBE0, 0xF341, 0xA963, 0x0802, 0x890B, 0xF96B, 0xE929, 0xF169, 0xF988, 0xE9C9, 0xF9C7, 0xD926, 0xA824, 0x9804, 0x9826, 0xA025,   // 0x1A70 (6768) pixels
0xA005, 0xB045, 0xB881, 0xD182, 0xFA20, 0xF982, 0xA8C4, 0x4002, 0x4824, 0x9003, 0xD043, 0xD043, 0xD823, 0xE003, 0xD803, 0xD043,   // 0x1A80 (6784) pixels
0xD003, 0xE803, 0xD062, 0xE200, 0xFC42, 0xFC03, 0xF260, 0xF300, 0xE9E2, 0x4000, 0x0000, 0x0000, 0x0000, 0x0000, 0x0000, 0x0000,   // 0x1A90 (6800) pixels
0x0000, 0x0000, 0x0000, 0x0000, 0x0000, 0x0000, 0x0000, 0x0000, 0x0000, 0x0000, 0x0000, 0x0000, 0x0000, 0x0000, 0x0000, 0x0000,   // 0x1AA0 (6816) pixels
0x0000, 0x0000, 0x0000, 0x0000, 0x0000, 0x0000, 0x0000, 0x0000, 0x0000, 0x0000, 0x0000, 0x0000, 0x0000, 0x0000, 0x0000, 0x0000,   // 0x1AB0 (6832) pixels
0x0000, 0x0000, 0x0000, 0x0000, 0x0000, 0x0000, 0x0000, 0x0000, 0x0000, 0x0000, 0x0000, 0x0000, 0x0000, 0x0000, 0x0000, 0x0000,   // 0x1AC0 (6848) pixels
0x0000, 0x0000, 0x0000, 0x0000, 0x0000, 0x0000, 0x0000, 0x0000, 0x0000, 0x0000, 0x0000, 0x0000, 0x0000, 0x0000, 0x0000, 0x0000,   // 0x1AD0 (6864) pixels
0x0000, 0x0000, 0x0000, 0x0000, 0x0000, 0x0000, 0x0000, 0x0000, 0x0000, 0x0000, 0x0000, 0x0000, 0x0000, 0x0000, 0x0000, 0x0000,   // 0x1AE0 (6880) pixels
0x0000, 0x0000, 0x0000, 0x0000, 0x0000, 0x0000, 0x0000, 0x0000, 0x0000, 0x0000, 0x0020, 0x48E0, 0xF2E4, 0xFCA4, 0xEAC0, 0xF241,   // 0x1AF0 (6896) pixels
0xFCE0, 0xFDE4, 0xEB43, 0xD001, 0xC804, 0xD025, 0xD804, 0xC825, 0xC004, 0xE964, 0xA9E3, 0x1820, 0x40A3, 0xB182, 0xFA82, 0xFA62,   // 0x1B00 (6912) pixels
0xF223, 0xC081, 0xA004, 0xA007, 0xA026, 0x9802, 0xA003, 0xC0A7, 0xF969, 0xF149, 0xF148, 0xE929, 0xF189, 0xC929, 0x1803, 0x88A2,   // 0x1B10 (6928) pixels
0xFAC2, 0xFB22, 0xDA40, 0xFB23, 0xEA46, 0x9824, 0x9825, 0x9002, 0x9003, 0x9804, 0xD1C4, 0xFBC4, 0xFB81, 0xFBC1, 0xFB60, 0xEA20,   // 0x1B20 (6944) pixels
0xB0A3, 0x0802, 0x8109, 0xF169, 0xE168, 0xF949, 0xF927, 0xE187, 0xE168, 0xB864, 0xA004, 0x9805, 0x9805, 0x9803, 0xA822, 0xB8C3,   // 0x1B30 (6960) pixels
0xF282, 0xFAE1, 0xF281, 0x98E2, 0x5023, 0x2820, 0x8144, 0xEAE6, 0xD124, 0xC022, 0xD004, 0xE006, 0xD806, 0xD025, 0xD003, 0xE002,   // 0x1B40 (6976) pixels
0xD1E1, 0xFD45, 0xFCC2, 0xF260, 0xFAA0, 0xFCE1, 0xFB24, 0x4801, 0x0000, 0x0000, 0x0000, 0x0000, 0x0000, 0x0000, 0x0000, 0x0000,   // 0x1B50 (6992) pixels
0x0000, 0x0000, 0x0000, 0x0000, 0x0000, 0x0000, 0x0000, 0x0000, 0x0000, 0x0000, 0x0000, 0x0000, 0x0000, 0x0000, 0x0000, 0x0000,   // 0x1B60 (7008) pixels
0x0000, 0x0000, 0x0000, 0x0000, 0x0000, 0x0000, 0x0000, 0x0000, 0x0000, 0x0000, 0x0000, 0x0000, 0x0000, 0x0000, 0x0000, 0x0000,   // 0x1B70 (7024) pixels
0x0000, 0x0000, 0x0000, 0x0000, 0x0000, 0x0000, 0x0000, 0x0000, 0x0000, 0x0000, 0x0000, 0x0000, 0x0000, 0x0000, 0x0000, 0x0000,   // 0x1B80 (7040) pixels
0x0000, 0x0000, 0x0000, 0x0000, 0x0000, 0x0000, 0x0000, 0x0000, 0x0000, 0x0000, 0x0000, 0x0000, 0x0000, 0x0000, 0x0000, 0x0000,   // 0x1B90 (7056) pixels
0x0000, 0x0000, 0x0000, 0x0000, 0x0000, 0x0000, 0x0000, 0x0000, 0x0000, 0x0000, 0x0000, 0x0000, 0x0000, 0x0000, 0x0000, 0x0000,   // 0x1BA0 (7072) pixels
0x0000, 0x0000, 0x0000, 0x0000, 0x0000, 0x0000, 0x0800, 0x0041, 0x0020, 0x5800, 0xF202, 0xFD23, 0xF3C0, 0xFA41, 0xFB20, 0xFD81,   // 0x1BB0 (7088) pixels
0xF4E1, 0xD981, 0xD004, 0xC805, 0xC844, 0xB803, 0xD805, 0xEC86, 0xFE25, 0xBA80, 0x48C2, 0x2000, 0xB1E2, 0xFAC1, 0xFAE2, 0xD9A1,   // 0x1BC0 (7104) pixels
0xB063, 0x9803, 0x9803, 0x9803, 0x9803, 0xA825, 0xE128, 0xF14A, 0xF128, 0xE929, 0xE988, 0xB948, 0x2025, 0x9084, 0xF1E3, 0xFB83,   // 0x1BD0 (7120) pixels
0xFB40, 0xF2C2, 0xC123, 0x8824, 0x8044, 0x8002, 0x8804, 0x9004, 0xB0E3, 0xEAE3, 0xFBA2, 0xFBA0, 0xFB21, 0xE981, 0xB062, 0x1042,   // 0x1BE0 (7136) pixels
0x8108, 0xE987, 0xE1A8, 0xF929, 0xF948, 0xE167, 0xC0C6, 0xA004, 0x9805, 0xA026, 0x9004, 0x9821, 0xC122, 0xE1E3, 0xFB01, 0xFB01,   // 0x1BF0 (7152) pixels
0xBA43, 0x2022, 0x5924, 0xCB03, 0xFC83, 0xFE65, 0xDB08, 0xC8A3, 0xD004, 0xD006, 0xC806, 0xD004, 0xC822, 0xC923, 0xF3E3, 0xECA1,   // 0x1C00 (7168) pixels
0xFB60, 0xF9E0, 0xF340, 0xF561, 0xF303, 0x3801, 0x0000, 0x0000, 0x0000, 0x0000, 0x0000, 0x0000, 0x0000, 0x0000, 0x0000, 0x0000,   // 0x1C10 (7184) pixels
0x0000, 0x0000, 0x0000, 0x0000, 0x0000, 0x0000, 0x0000, 0x0000, 0x0000, 0x0000, 0x0000, 0x0000, 0x0000, 0x0000, 0x0000, 0x0000,   // 0x1C20 (7200) pixels
0x0000, 0x0000, 0x0000, 0x0000, 0x0000, 0x0000, 0x0000, 0x0000, 0x0000, 0x0000, 0x0000, 0x0000, 0x0000, 0x0000, 0x0000, 0x0000,   // 0x1C30 (7216) pixels
0x0000, 0x0000, 0x0000, 0x0000, 0x0000, 0x0000, 0x0000, 0x0000, 0x0000, 0x0000, 0x0000, 0x0000, 0x0000, 0x0000, 0x0000, 0x0000,   // 0x1C40 (7232) pixels
0x0000, 0x0000, 0x0000, 0x0000, 0x0000, 0x0000, 0x0000, 0x0000, 0x0000, 0x0000, 0x0000, 0x0000, 0x0000, 0x0000, 0x0000, 0x0000,   // 0x1C50 (7248) pixels
0x0000, 0x0000, 0x0000, 0x0000, 0x0000, 0x0000, 0x0000, 0x0000, 0x0000, 0x0000, 0x0000, 0x0000, 0x0000, 0x0000, 0x0000, 0x0000,   // 0x1C60 (7264) pixels
0x0000, 0x0000, 0x0000, 0x0000, 0x0800, 0x0020, 0x0000, 0x6800, 0xF180, 0xF522, 0xF460, 0xFA60, 0xFA80, 0xFC40, 0xF582, 0xEC63,   // 0x1C70 (7280) pixels
0xEA22, 0xD1A0, 0xCA81, 0xE222, 0xD1E0, 0xED42, 0xFF00, 0xFDC0, 0xDC09, 0x3022, 0x7183, 0xFB42, 0xFB00, 0xF2C1, 0xDA02, 0xB8C1,   // 0x1C80 (7296) pixels
0xA002, 0xA024, 0x9804, 0x9003, 0xB885, 0xD909, 0xF949, 0xF129, 0xE947, 0xB908, 0x1845, 0x8084, 0xD8E2, 0xFB02, 0xFBA0, 0xF261,   // 0x1C90 (7312) pixels
0xA822, 0x8003, 0x8825, 0x9003, 0x8824, 0x9004, 0x9802, 0xD1E2, 0xFB81, 0xFB60, 0xFAE2, 0xE943, 0x98A3, 0x0843, 0x8908, 0xF988,   // 0x1CA0 (7328) pixels
0xE968, 0xF92B, 0xF18A, 0xD907, 0xA045, 0x9805, 0x9806, 0x9806, 0x9803, 0xB902, 0xEA63, 0xFB02, 0xFB01, 0xF361, 0xBA85, 0x2803,   // 0x1CB0 (7344) pixels
0x92A7, 0xFE44, 0xFE20, 0xFE20, 0xE3E3, 0xDA20, 0xE1A0, 0xE202, 0xD9C2, 0xE1A0, 0xEA61, 0xF404, 0xFD44, 0xEB20, 0xFA60, 0xFAE0,   // 0x1CC0 (7360) pixels
0xEC40, 0xF4C2, 0xE9C2, 0x3861, 0x0000, 0x0000, 0x0000, 0x0000, 0x0000, 0x0000, 0x0000, 0x0000, 0x0000, 0x0000, 0x0000, 0x0000,   // 0x1CD0 (7376) pixels
0x0000, 0x0000, 0x0000, 0x0000, 0x0000, 0x0000, 0x0000, 0x0000, 0x0000, 0x0000, 0x0000, 0x0000, 0x0000, 0x0000, 0x0000, 0x0000,   // 0x1CE0 (7392) pixels
0x0000, 0x0000, 0x0000, 0x0000, 0x0000, 0x0000, 0x0000, 0x0000, 0x0000, 0x0000, 0x0000, 0x0000, 0x0000, 0x0000, 0x0000, 0x0000,   // 0x1CF0 (7408) pixels
0x0000, 0x0000, 0x0000, 0x0000, 0x0000, 0x0000, 0x0000, 0x0000, 0x0000, 0x0000, 0x0000, 0x0000, 0x0000, 0x0000, 0x0000, 0x0000,   // 0x1D00 (7424) pixels
0x0000, 0x0000, 0x0000, 0x0000, 0x0000, 0x0000, 0x0000, 0x0000, 0x0000, 0x0000, 0x0000, 0x0000, 0x0000, 0x0000, 0x0000, 0x0000,   // 0x1D10 (7440) pixels
0x0000, 0x0000, 0x0000, 0x0000, 0x0000, 0x0000, 0x0000, 0x0000, 0x0000, 0x0000, 0x0000, 0x0000, 0x0000, 0x0000, 0x0000, 0x0000,   // 0x1D20 (7456) pixels
0x0000, 0x0000, 0x0000, 0x0000, 0x0001, 0x6001, 0xE1A0, 0xFD62, 0xFCE1, 0xF2C0, 0xFA82, 0xF280, 0xEB80, 0xFD83, 0xFE63, 0xF661,   // 0x1D30 (7472) pixels
0xFE21, 0xFD62, 0xFE40, 0xFDE2, 0xF620, 0xF6C0, 0xED46, 0x4001, 0x7965, 0xFB42, 0xFB00, 0xFB40, 0xFB42, 0xE223, 0xB8C5, 0x9806,   // 0x1D40 (7488) pixels
0x9004, 0x9042, 0x9803, 0xC0A7, 0xE929, 0xF0E9, 0xF927, 0xD149, 0x1025, 0x5801, 0xC821, 0xE260, 0xFBA0, 0xFAC4, 0xC084, 0x9005,   // 0x1D50 (7504) pixels
0x9025, 0xA804, 0x8824, 0x9005, 0xA003, 0xD1A3, 0xFB82, 0xF320, 0xEA20, 0xD061, 0x80A3, 0x0002, 0x98A7, 0xF968, 0xE929, 0xF10B,   // 0x1D60 (7520) pixels
0xE16A, 0xB846, 0x9004, 0x9005, 0x9806, 0x9005, 0xA022, 0xD1C3, 0xFB03, 0xFB20, 0xFB23, 0xF340, 0xCA84, 0x1802, 0x82C5, 0xFE41,   // 0x1D70 (7536) pixels
0xFDC0, 0xEE61, 0xFDE1, 0xFDE1, 0xFDE1, 0xF602, 0xFE02, 0xFDC1, 0xFDA1, 0xF5E1, 0xF420, 0xFB01, 0xFA21, 0xEBC0, 0xFD82, 0xF424,   // 0x1D80 (7552) pixels
0xE0A1, 0x3840, 0x0000, 0x0000, 0x0000, 0x0000, 0x0000, 0x0000, 0x0000, 0x0000, 0x0000, 0x0000, 0x0000, 0x0000, 0x0000, 0x0000,   // 0x1D90 (7568) pixels
0x0000, 0x0000, 0x0000, 0x0000, 0x0000, 0x0000, 0x0000, 0x0000, 0x0000, 0x0000, 0x0000, 0x0000, 0x0000, 0x0000, 0x0000, 0x0000,   // 0x1DA0 (7584) pixels
0x0000, 0x0000, 0x0000, 0x0000, 0x0000, 0x0000, 0x0000, 0x0000, 0x0000, 0x0000, 0x0000, 0x0000, 0x0000, 0x0000, 0x0000, 0x0000,   // 0x1DB0 (7600) pixels
0x0000, 0x0000, 0x0000, 0x0000, 0x0000, 0x0000, 0x0000, 0x0000, 0x0000, 0x0000, 0x0000, 0x0000, 0x0000, 0x0000, 0x0000, 0x0000,   // 0x1DC0 (7616) pixels
0x0000, 0x0000, 0x0000, 0x0000, 0x0000, 0x0000, 0x0000, 0x0000, 0x0000, 0x0000, 0x0000, 0x0000, 0x0000, 0x0000, 0x0000, 0x0000,   // 0x1DD0 (7632) pixels
0x0000, 0x0000, 0x0000, 0x0000, 0x0000, 0x0000, 0x0000, 0x0000, 0x0000, 0x0000, 0x0000, 0x0000, 0x0000, 0x0000, 0x0020, 0x0000,   // 0x1DE0 (7648) pixels
0x0020, 0x0800, 0x0000, 0x5801, 0xF1E3, 0xFCC2, 0xFDC3, 0xFBE1, 0xFA60, 0xFA40, 0xFAA0, 0xFB41, 0xFBE2, 0xFCC2, 0xFD61, 0xFDA0,   // 0x1DF0 (7664) pixels
0xFDA0, 0xF582, 0xFD80, 0xFD80, 0xF4E7, 0x5083, 0x6884, 0xD263, 0xFB02, 0xFAE0, 0xFB00, 0xFB23, 0xB922, 0x9802, 0x9005, 0x8845,   // 0x1E00 (7680) pixels
0x9004, 0x9044, 0xF928, 0xE906, 0xE927, 0xD109, 0x2003, 0x0825, 0xA064, 0x98A5, 0x88E6, 0x70C5, 0x5064, 0x4003, 0x4003, 0x4025,   // 0x1E10 (7696) pixels
0x4023, 0x4003, 0x4822, 0x6084, 0x68C4, 0x7904, 0x8125, 0x7082, 0x0804, 0x1002, 0x90E7, 0xE969, 0xE147, 0xE968, 0xD8C8, 0x9024,   // 0x1E20 (7712) pixels
0x9804, 0x9005, 0x8845, 0x9003, 0xC103, 0xFA85, 0xFAE1, 0xFB20, 0xFAC0, 0xCA44, 0x7987, 0x2800, 0x82A2, 0xFDA6, 0xFD21, 0xFD21,   // 0x1E30 (7728) pixels
0xF580, 0xFDC0, 0xFDC1, 0xFD61, 0xF460, 0xFC00, 0xFC22, 0xEB80, 0xFA43, 0xFA61, 0xFB60, 0xFD60, 0xF600, 0xFC23, 0xC903, 0x2840,   // 0x1E40 (7744) pixels
0x0000, 0x0000, 0x0000, 0x0000, 0x0000, 0x0000, 0x0000, 0x0000, 0x0000, 0x0000, 0x0000, 0x0000, 0x0000, 0x0000, 0x0000, 0x0000,   // 0x1E50 (7760) pixels
0x0000, 0x0000, 0x0000, 0x0000, 0x0000, 0x0000, 0x0000, 0x0000, 0x0000, 0x0000, 0x0000, 0x0000, 0x0000, 0x0000, 0x0000, 0x0000,   // 0x1E60 (7776) pixels
0x0000, 0x0000, 0x0000, 0x0000, 0x0000, 0x0000, 0x0000, 0x0000, 0x0000, 0x0000, 0x0000, 0x0000, 0x0000, 0x0000, 0x0000, 0x0000,   // 0x1E70 (7792) pixels
0x0000, 0x0000, 0x0000, 0x0000, 0x0000, 0x0000, 0x0000, 0x0000, 0x0000, 0x0000, 0x0000, 0x0000, 0x0000, 0x0000, 0x0000, 0x0000,   // 0x1E80 (7808) pixels
0x0000, 0x0000, 0x0000, 0x0000, 0x0000, 0x0000, 0x0000, 0x0000, 0x0000, 0x0000, 0x0000, 0x0000, 0x0000, 0x0000, 0x0000, 0x0000,   // 0x1E90 (7824) pixels
0x0000, 0x0000, 0x0000, 0x0000, 0x0000, 0x0000, 0x0000, 0x0000, 0x0000, 0x0000, 0x0000, 0x0000, 0x0000, 0x0000, 0x0020, 0x0020,   // 0x1EA0 (7840) pixels
0x0000, 0x2800, 0xB901, 0xF360, 0xFDE3, 0xFD22, 0xFAE1, 0xF220, 0xFA00, 0xFA20, 0xF240, 0xEAC0, 0xEB40, 0xFC00, 0xF462, 0xEC21,   // 0x1EB0 (7856) pixels
0xF440, 0xFC20, 0xD365, 0x4824, 0x4805, 0x7861, 0xF2E4, 0xFAE1, 0xFAE0, 0xFB02, 0xD161, 0xA822, 0x9805, 0x7805, 0x9005, 0x9044,   // 0x1EC0 (7872) pixels
0xF109, 0xF128, 0xF16A, 0xD14B, 0x2844, 0x0004, 0x2002, 0x1802, 0x1002, 0x0822, 0x0023, 0x0023, 0x0824, 0x1045, 0x0844, 0x0824,   // 0x1ED0 (7888) pixels
0x0823, 0x0823, 0x0801, 0x0801, 0x1842, 0x1000, 0x0004, 0x1002, 0x9108, 0xF1AC, 0xF149, 0xE909, 0xC846, 0x8804, 0x8065, 0x8005,   // 0x1EE0 (7904) pixels
0x8805, 0x9823, 0xC941, 0xFAA1, 0xFAE0, 0xFB00, 0xFB03, 0x88A1, 0x3804, 0x2801, 0x9222, 0xFC83, 0xFC20, 0xF420, 0xFC61, 0xF420,   // 0x1EF0 (7920) pixels
0xF3E1, 0xFBA2, 0xFAC1, 0xF240, 0xFA80, 0xFA80, 0xEA60, 0xFB00, 0xF4A0, 0xFDC0, 0xECA0, 0xCA60, 0x8040, 0x2000, 0x0000, 0x0000,   // 0x1F00 (7936) pixels
0x0000, 0x0000, 0x0000, 0x0000, 0x0000, 0x0000, 0x0000, 0x0000, 0x0000, 0x0000, 0x0000, 0x0000, 0x0000, 0x0000, 0x0000, 0x0000,   // 0x1F10 (7952) pixels
0x0000, 0x0000, 0x0000, 0x0000, 0x0000, 0x0000, 0x0000, 0x0000, 0x0000, 0x0000, 0x0000, 0x0000, 0x0000, 0x0000, 0x0000, 0x0000,   // 0x1F20 (7968) pixels
0x0000, 0x0000, 0x0000, 0x0000, 0x0000, 0x0000, 0x0000, 0x0000, 0x0000, 0x0000, 0x0000, 0x0000, 0x0000, 0x0000, 0x0000, 0x0000,   // 0x1F30 (7984) pixels
0x0000, 0x0000, 0x0000, 0x0000, 0x0000, 0x0000, 0x0000, 0x0000, 0x0000, 0x0000, 0x0000, 0x0000, 0x0000, 0x0000, 0x0000, 0x0000,   // 0x1F40 (8000) pixels
0x0000, 0x0000, 0x0000, 0x0000, 0x0000, 0x0000, 0x0000, 0x0000, 0x0000, 0x0000, 0x0000, 0x0000, 0x0000, 0x0000, 0x0000, 0x0000,   // 0x1F50 (8016) pixels
0x0000, 0x0000, 0x0000, 0x0000, 0x0000, 0x0000, 0x0000, 0x0000, 0x0000, 0x0000, 0x0000, 0x0000, 0x0000, 0x0000, 0x0000, 0x0800,   // 0x1F60 (8032) pixels
0x7861, 0xD9C0, 0xF563, 0xF661, 0xFCC4, 0xEB60, 0xEAA0, 0xF200, 0xF1A1, 0xF9E1, 0xFA40, 0xFB21, 0xFB83, 0xFB62, 0xFB41, 0xF2C0,   // 0x1F70 (8048) pixels
0xB9E2, 0x4802, 0x4005, 0x6026, 0xA921, 0xF2C4, 0xFB01, 0xFAE0, 0xFA82, 0xC902, 0x8002, 0x7026, 0x8004, 0x7845, 0xC0E9, 0xB108,   // 0x1F80 (8064) pixels
0xA8E8, 0x90A8, 0x2024, 0x0004, 0x2005, 0x2025, 0x2887, 0x3909, 0x496B, 0x516C, 0x512B, 0x510B, 0x512B, 0x512B, 0x512B, 0x490A,   // 0x1F90 (8080) pixels
0x38A8, 0x3067, 0x3087, 0x2846, 0x1065, 0x0803, 0x5845, 0x9887, 0xA8C7, 0xB8E8, 0xB026, 0x8004, 0x7045, 0x6803, 0x7803, 0xB923,   // 0x1FA0 (8096) pixels
0xF282, 0xFB01, 0xFAE0, 0xF2C1, 0xA982, 0x6023, 0x3805, 0x4002, 0xA9A1, 0xFB60, 0xF340, 0xF380, 0xFB62, 0xFB22, 0xF281, 0xF201,   // 0x1FB0 (8112) pixels
0xF9E1, 0xFA42, 0xFA61, 0xF260, 0xF360, 0xF4C1, 0xFE21, 0xF663, 0xF341, 0xA860, 0x1000, 0x0800, 0x0000, 0x0000, 0x0000, 0x0000,   // 0x1FC0 (8128) pixels
0x0000, 0x0000, 0x0000, 0x0000, 0x0000, 0x0000, 0x0000, 0x0000, 0x0000, 0x0000, 0x0000, 0x0000, 0x0000, 0x0000, 0x0000, 0x0000,   // 0x1FD0 (8144) pixels
0x0000, 0x0000, 0x0000, 0x0000, 0x0000, 0x0000, 0x0000, 0x0000, 0x0000, 0x0000, 0x0000, 0x0000, 0x0000, 0x0000, 0x0000, 0x0000,   // 0x1FE0 (8160) pixels
0x0000, 0x0000, 0x0000, 0x0000, 0x0000, 0x0000, 0x0000, 0x0000, 0x0000, 0x0000, 0x0000, 0x0000, 0x0000, 0x0000, 0x0000, 0x0000,   // 0x1FF0 (8176) pixels
0x0000, 0x0000, 0x0000, 0x0000, 0x0000, 0x0000, 0x0000, 0x0000, 0x0000, 0x0000, 0x0000, 0x0000, 0x0000, 0x0000, 0x0000, 0x0000,   // 0x2000 (8192) pixels
0x0000, 0x0000, 0x0000, 0x0000, 0x0000, 0x0000, 0x0000, 0x0000, 0x0000, 0x0000, 0x0000, 0x0000, 0x0000, 0x0000, 0x0000, 0x0000,   // 0x2010 (8208) pixels
0x0000, 0x0000, 0x0000, 0x0000, 0x0000, 0x0000, 0x0020, 0x0000, 0x0000, 0x0000, 0x0001, 0x0000, 0x0820, 0x0040, 0x3041, 0xA8A0,   // 0x2020 (8224) pixels
0xFBE1, 0xF620, 0xFE22, 0xED00, 0xEC20, 0xEAE0, 0xE9E0, 0xF9A1, 0xF9C1, 0xFA20, 0xFAE0, 0xFB41, 0xFB20, 0xFAE1, 0xE2A3, 0x8942,   // 0x2030 (8240) pixels
0x5022, 0x6006, 0x6801, 0xA903, 0xE222, 0xFB01, 0xFB01, 0xD9E1, 0x9081, 0x5803, 0x6805, 0x4804, 0x4824, 0x2802, 0x2001, 0x3004,   // 0x2040 (8256) pixels
0x2065, 0x3087, 0x40C9, 0x410A, 0x494A, 0x598B, 0x61AC, 0x618C, 0x696C, 0x694B, 0x698C, 0x698C, 0x698D, 0x69AD, 0x616C, 0x594B,   // 0x2050 (8272) pixels
0x512B, 0x40A9, 0x3887, 0x1824, 0x1803, 0x2803, 0x3844, 0x60A6, 0x7825, 0x7004, 0x7005, 0x7003, 0x9102, 0xDA62, 0xFB23, 0xFB03,   // 0x2060 (8288) pixels
0xDA22, 0x9920, 0x6023, 0x5825, 0x5805, 0x8083, 0xDA42, 0xFB41, 0xFB20, 0xFB61, 0xFB02, 0xFA61, 0xFA01, 0xFA02, 0xFA22, 0xFA60,   // 0x2070 (8304) pixels
0xEAE0, 0xFC01, 0xFCE1, 0xEE20, 0xF6A0, 0xFDC3, 0xFAC5, 0xA063, 0x0040, 0x0000, 0x0000, 0x0000, 0x0000, 0x0000, 0x0000, 0x0000,   // 0x2080 (8320) pixels
0x0000, 0x0000, 0x0000, 0x0000, 0x0000, 0x0000, 0x0000, 0x0000, 0x0000, 0x0000, 0x0000, 0x0000, 0x0000, 0x0000, 0x0000, 0x0000,   // 0x2090 (8336) pixels
0x0000, 0x0000, 0x0000, 0x0000, 0x0000, 0x0000, 0x0000, 0x0000, 0x0000, 0x0000, 0x0000, 0x0000, 0x0000, 0x0000, 0x0000, 0x0000,   // 0x20A0 (8352) pixels
0x0000, 0x0000, 0x0000, 0x0000, 0x0000, 0x0000, 0x0000, 0x0000, 0x0000, 0x0000, 0x0000, 0x0000, 0x0000, 0x0000, 0x0000, 0x0000,   // 0x20B0 (8368) pixels
0x0000, 0x0000, 0x0000, 0x0000, 0x0000, 0x0000, 0x0000, 0x0000, 0x0000, 0x0000, 0x0000, 0x0000, 0x0000, 0x0000, 0x0000, 0x0000,   // 0x20C0 (8384) pixels
0x0000, 0x0000, 0x0000, 0x0000, 0x0000, 0x0000, 0x0000, 0x0000, 0x0000, 0x0000, 0x0000, 0x0000, 0x0000, 0x0000, 0x0000, 0x0000,   // 0x20D0 (8400) pixels
0x0000, 0x0000, 0x0000, 0x0000, 0x0000, 0x0000, 0x0000, 0x0000, 0x0001, 0x0000, 0x0000, 0x0000, 0x0021, 0x6821, 0xFA21, 0xFD20,   // 0x20E0 (8416) pixels
0xF660, 0xFE80, 0xFDE0, 0xFCC1, 0xFB21, 0xFA00, 0xFA00, 0xF200, 0xFB60, 0xFB60, 0xFB00, 0xFAE0, 0xFB43, 0xDAE3, 0x9121, 0x6802,   // 0x20F0 (8432) pixels
0x6006, 0x6803, 0x98A1, 0xD1E1, 0xFAE2, 0xFAA3, 0xB943, 0x7001, 0x4866, 0x2044, 0x1003, 0x0023, 0x1065, 0x38E8, 0x49AB, 0x596B,   // 0x2100 (8448) pixels
0x59AC, 0x59CC, 0x59CC, 0x59AB, 0x518B, 0x598B, 0x59AB, 0x61AB, 0x59AC, 0x598B, 0x598B, 0x518B, 0x59AC, 0x59CD, 0x59AC, 0x496B,   // 0x2110 (8464) pixels
0x614B, 0x492A, 0x3909, 0x20C7, 0x0864, 0x0802, 0x2002, 0x3003, 0x6006, 0x7822, 0xC181, 0xFB03, 0xFAE4, 0xC982, 0x88A2, 0x5822,   // 0x2120 (8480) pixels
0x5826, 0x6002, 0x90C2, 0xDA84, 0xFB63, 0xFB61, 0xFB40, 0xFB41, 0xFA40, 0xFA20, 0xFA01, 0xF9E0, 0xEA40, 0xEB20, 0xF460, 0xFE25,   // 0x2130 (8496) pixels
0xFE41, 0xFE81, 0xF620, 0xFB61, 0xD943, 0x4862, 0x0000, 0x0040, 0x0000, 0x0000, 0x0000, 0x0000, 0x0000, 0x0000, 0x0000, 0x0000,   // 0x2140 (8512) pixels
0x0000, 0x0000, 0x0000, 0x0000, 0x0000, 0x0000, 0x0000, 0x0000, 0x0000, 0x0000, 0x0000, 0x0000, 0x0000, 0x0000, 0x0000, 0x0000,   // 0x2150 (8528) pixels
0x0000, 0x0000, 0x0000, 0x0000, 0x0000, 0x0000, 0x0000, 0x0000, 0x0000, 0x0000, 0x0000, 0x0000, 0x0000, 0x0000, 0x0000, 0x0000,   // 0x2160 (8544) pixels
0x0000, 0x0000, 0x0000, 0x0000, 0x0000, 0x0000, 0x0000, 0x0000, 0x0000, 0x0000, 0x0000, 0x0000, 0x0000, 0x0000, 0x0000, 0x0000,   // 0x2170 (8560) pixels
0x0000, 0x0000, 0x0000, 0x0000, 0x0000, 0x0000, 0x0000, 0x0000, 0x0000, 0x0000, 0x0000, 0x0000, 0x0000, 0x0000, 0x0000, 0x0000,   // 0x2180 (8576) pixels
0x0000, 0x0000, 0x0000, 0x0000, 0x0000, 0x0000, 0x0000, 0x0000, 0x0000, 0x0000, 0x0000, 0x0000, 0x0000, 0x0000, 0x0000, 0x0000,   // 0x2190 (8592) pixels
0x0000, 0x0000, 0x0000, 0x0000, 0x0000, 0x0000, 0x0021, 0x0000, 0x0000, 0x0800, 0x0021, 0x3001, 0xC880, 0xF300, 0xF5C0, 0xF640,   // 0x21A0 (8608) pixels
0xF640, 0xFE01, 0xFC81, 0xF300, 0xFB22, 0xFB21, 0xF360, 0xFB40, 0xFB40, 0xFB21, 0xFB00, 0xFB83, 0xDA83, 0x98A0, 0x5824, 0x6004,   // 0x21B0 (8624) pixels
0x7024, 0x8881, 0xC1A1, 0xEA44, 0xC144, 0x8002, 0x0803, 0x0824, 0x2086, 0x3909, 0x494A, 0x596C, 0x59CC, 0x516B, 0x694C, 0x696C,   // 0x21C0 (8640) pixels
0x696C, 0x696C, 0x618C, 0x618C, 0x618C, 0x618C, 0x618C, 0x596C, 0x618C, 0x596C, 0x596C, 0x618D, 0x618D, 0x618D, 0x618B, 0x618C,   // 0x21D0 (8656) pixels
0x618C, 0x514B, 0x38E9, 0x1866, 0x0823, 0x0843, 0x2025, 0x6021, 0xC101, 0xF1E3, 0xC183, 0x7062, 0x5003, 0x5846, 0x6002, 0xA123,   // 0x21E0 (8672) pixels
0xE241, 0xFB61, 0xFB60, 0xF340, 0xFB41, 0xFB41, 0xFAE0, 0xFB41, 0xFB01, 0xEAE0, 0xEBE0, 0xFD61, 0xFE41, 0xF6A0, 0xF680, 0xFE01,   // 0x21F0 (8688) pixels
0xFC61, 0xE120, 0x7020, 0x0020, 0x0800, 0x0040, 0x0000, 0x0000, 0x0000, 0x0000, 0x0000, 0x0000, 0x0000, 0x0000, 0x0000, 0x0000,   // 0x2200 (8704) pixels
0x0000, 0x0000, 0x0000, 0x0000, 0x0000, 0x0000, 0x0000, 0x0000, 0x0000, 0x0000, 0x0000, 0x0000, 0x0000, 0x0000, 0x0000, 0x0000,   // 0x2210 (8720) pixels
0x0000, 0x0000, 0x0000, 0x0000, 0x0000, 0x0000, 0x0000, 0x0000, 0x0000, 0x0000, 0x0000, 0x0000, 0x0000, 0x0000, 0x0000, 0x0000,   // 0x2220 (8736) pixels
0x0000, 0x0000, 0x0000, 0x0000, 0x0000, 0x0000, 0x0000, 0x0000, 0x0000, 0x0000, 0x0000, 0x0000, 0x0000, 0x0000, 0x0000, 0x0000,   // 0x2230 (8752) pixels
0x0000, 0x0000, 0x0000, 0x0000, 0x0000, 0x0000, 0x0000, 0x0000, 0x0000, 0x0000, 0x0000, 0x0000, 0x0000, 0x0000, 0x0000, 0x0000,   // 0x2240 (8768) pixels
0x0000, 0x0000, 0x0000, 0x0000, 0x0000, 0x0000, 0x0000, 0x0000, 0x0000, 0x0000, 0x0000, 0x0000, 0x0000, 0x0000, 0x0000, 0x0000,   // 0x2250 (8784) pixels
0x0000, 0x0821, 0x0800, 0x0800, 0x0000, 0x0000, 0x0000, 0x0800, 0x0041, 0x0801, 0x7001, 0xD121, 0xFCC6, 0xFD43, 0xF601, 0xFE62,   // 0x2260 (8800) pixels
0xFD42, 0xF3A0, 0xF361, 0xF381, 0xF340, 0xFB40, 0xFB82, 0xFB62, 0xF2E0, 0xFB40, 0xFB63, 0xDA82, 0x90C1, 0x6801, 0x6006, 0x4803,   // 0x2270 (8816) pixels
0x5000, 0x78A1, 0x78E4, 0x4002, 0x1805, 0x30C8, 0x514B, 0x61AD, 0x616C, 0x614C, 0x61AC, 0x59AC, 0x598C, 0x61AC, 0x598C, 0x596C,   // 0x2280 (8832) pixels
0x596C, 0x598C, 0x598C, 0x516C, 0x598C, 0x598C, 0x61CD, 0x598C, 0x598C, 0x61AD, 0x598C, 0x598C, 0x61AC, 0x69AC, 0x616C, 0x614C,   // 0x2290 (8848) pixels
0x614C, 0x492A, 0x28A7, 0x1044, 0x0803, 0x4084, 0x78C4, 0x7021, 0x5802, 0x5845, 0x5805, 0x6804, 0x98A0, 0xEAC4, 0xFB42, 0xFB00,   // 0x22A0 (8864) pixels
0xF320, 0xFB62, 0xF341, 0xFB40, 0xFBA1, 0xF380, 0xF3A0, 0xFCA1, 0xFDE3, 0xFE82, 0xFEA0, 0xEE60, 0xFDE1, 0xFD02, 0xF262, 0x8840,   // 0x22B0 (8880) pixels
0x2021, 0x0020, 0x0040, 0x0800, 0x0000, 0x0000, 0x0000, 0x0000, 0x0000, 0x0000, 0x0000, 0x0000, 0x0000, 0x0000, 0x0000, 0x0000,   // 0x22C0 (8896) pixels
0x0000, 0x0000, 0x0000, 0x0000, 0x0000, 0x0000, 0x0000, 0x0000, 0x0000, 0x0000, 0x0000, 0x0000, 0x0000, 0x0000, 0x0000, 0x0000,   // 0x22D0 (8912) pixels
0x0000, 0x0000, 0x0000, 0x0000, 0x0000, 0x0000, 0x0000, 0x0000, 0x0000, 0x0000, 0x0000, 0x0000, 0x0000, 0x0000, 0x0000, 0x0000,   // 0x22E0 (8928) pixels
0x0000, 0x0000, 0x0000, 0x0000, 0x0000, 0x0000, 0x0000, 0x0000, 0x0000, 0x0000, 0x0000, 0x0000, 0x0000, 0x0000, 0x0000, 0x0000,   // 0x22F0 (8944) pixels
0x0000, 0x0000, 0x0000, 0x0000, 0x0000, 0x0000, 0x0000, 0x0000, 0x0000, 0x0000, 0x0000, 0x0000, 0x0000, 0x0000, 0x0000, 0x0000,   // 0x2300 (8960) pixels
0x0000, 0x0000, 0x0000, 0x0000, 0x0000, 0x0000, 0x0000, 0x0000, 0x0000, 0x0000, 0x0000, 0x0000, 0x0000, 0x0000, 0x0800, 0x1882,   // 0x2310 (8976) pixels
0x1862, 0x1000, 0x0800, 0x0020, 0x0000, 0x0020, 0x0020, 0x0001, 0x2000, 0xB002, 0xF162, 0xDA80, 0xDC40, 0xF560, 0xFCC0, 0xFB80,   // 0x2320 (8992) pixels
0xFB40, 0xFBA2, 0xFBA2, 0xFB41, 0xF321, 0xFBA2, 0xFB82, 0xFB20, 0xFB40, 0xFB81, 0xF262, 0xA0A2, 0x5806, 0x2005, 0x1803, 0x1000,   // 0x2330 (9008) pixels
0x0802, 0x0065, 0x48A9, 0x512B, 0x596C, 0x59AC, 0x598C, 0x596C, 0x61AC, 0x618C, 0x51AB, 0x59AB, 0x59AC, 0x598B, 0x598C, 0x618C,   // 0x2340 (9024) pixels
0x598D, 0x598C, 0x616C, 0x616C, 0x698C, 0x616B, 0x616B, 0x618B, 0x596A, 0x618B, 0x59AC, 0x618C, 0x598C, 0x61CD, 0x61AD, 0x512B,   // 0x2350 (9040) pixels
0x40C8, 0x4088, 0x2024, 0x0802, 0x0003, 0x0803, 0x3005, 0x5805, 0x6803, 0x8844, 0xEA61, 0xFB22, 0xFB21, 0xFB41, 0xF300, 0xFB42,   // 0x2360 (9056) pixels
0xFB62, 0xFB81, 0xFB83, 0xFBA3, 0xFBC1, 0xFC61, 0xFD01, 0xF560, 0xFDE0, 0xFDC0, 0xEB80, 0xE2E0, 0xB942, 0x3801, 0x0001, 0x0000,   // 0x2370 (9072) pixels
0x0040, 0x0000, 0x0000, 0x0000, 0x0020, 0x0020, 0x0020, 0x0020, 0x0000, 0x0000, 0x0000, 0x0000, 0x0000, 0x0000, 0x0000, 0x0000,   // 0x2380 (9088) pixels
0x0000, 0x0000, 0x0000, 0x0000, 0x0000, 0x0000, 0x0000, 0x0000, 0x0000, 0x0000, 0x0000, 0x0000, 0x0000, 0x0000, 0x0000, 0x0000,   // 0x2390 (9104) pixels
0x0000, 0x0000, 0x0000, 0x0000, 0x0000, 0x0000, 0x0000, 0x0000, 0x0000, 0x0000, 0x0000, 0x0000, 0x0000, 0x0000, 0x0000, 0x0000,   // 0x23A0 (9120) pixels
0x0000, 0x0000, 0x0000, 0x0000, 0x0000, 0x0000, 0x0000, 0x0000, 0x0000, 0x0000, 0x0000, 0x0000, 0x0000, 0x0000, 0x0000, 0x0000,   // 0x23B0 (9136) pixels
0x0000, 0x0000, 0x0000, 0x0000, 0x0000, 0x0000, 0x0000, 0x0000, 0x0000, 0x0000, 0x0000, 0x0000, 0x0000, 0x0000, 0x0000, 0x0000,   // 0x23C0 (9152) pixels
0x0000, 0x0000, 0x0000, 0x0000, 0x0000, 0x0000, 0x0000, 0x0000, 0x0002, 0x1000, 0x0000, 0x0001, 0x1000, 0x7821, 0x6020, 0x0800,   // 0x23D0 (9168) pixels
0x0001, 0x0000, 0x0000, 0x0000, 0x0000, 0x0001, 0x0820, 0x0820, 0x9000, 0xB8C1, 0xF1E3, 0xEA64, 0xA9E3, 0x7142, 0x6162, 0x71A3,   // 0x23E0 (9184) pixels
0x7964, 0x7165, 0x6945, 0x9182, 0xEB03, 0xFB00, 0xFAE1, 0xE241, 0xEA22, 0xB164, 0x3002, 0x0825, 0x20C8, 0x2068, 0x1827, 0x38A9,   // 0x23F0 (9200) pixels
0x512B, 0x596C, 0x61AC, 0x598B, 0x516A, 0x598B, 0x618B, 0x61AB, 0x618C, 0x618C, 0x618C, 0x618C, 0x618C, 0x618C, 0x618C, 0x618C,   // 0x2400 (9216) pixels
0x598C, 0x618C, 0x618C, 0x618C, 0x618C, 0x618C, 0x61AC, 0x61AC, 0x61AC, 0x618C, 0x618C, 0x618C, 0x69AD, 0x69AD, 0x592B, 0x50EB,   // 0x2410 (9232) pixels
0x20A8, 0x2886, 0x40A7, 0x3807, 0x0005, 0x1823, 0x9082, 0xD1E1, 0xF320, 0xFB01, 0xFB42, 0xFB20, 0xFBA1, 0xEB23, 0x8982, 0x5966,   // 0x2420 (9248) pixels
0x7982, 0x7983, 0x7163, 0x79A4, 0x7982, 0x91C0, 0xEC05, 0xFC44, 0xF061, 0xC022, 0x6043, 0x1042, 0x0000, 0x0800, 0x0000, 0x0000,   // 0x2430 (9264) pixels
0x0800, 0x0801, 0x0001, 0x50C3, 0x6842, 0x0000, 0x0801, 0x0040, 0x0000, 0x0000, 0x0000, 0x0000, 0x0000, 0x0000, 0x0000, 0x0000,   // 0x2440 (9280) pixels
0x0000, 0x0000, 0x0000, 0x0000, 0x0000, 0x0000, 0x0000, 0x0000, 0x0000, 0x0000, 0x0000, 0x0000, 0x0000, 0x0000, 0x0000, 0x0000,   // 0x2450 (9296) pixels
0x0000, 0x0000, 0x0000, 0x0000, 0x0000, 0x0000, 0x0000, 0x0000, 0x0000, 0x0000, 0x0000, 0x0000, 0x0000, 0x0000, 0x0000, 0x0000,   // 0x2460 (9312) pixels
0x0000, 0x0000, 0x0000, 0x0000, 0x0000, 0x0000, 0x0000, 0x0000, 0x0000, 0x0000, 0x0000, 0x0000, 0x0000, 0x0000, 0x0000, 0x0000,   // 0x2470 (9328) pixels
0x0000, 0x0000, 0x0000, 0x0000, 0x0000, 0x0000, 0x0000, 0x0000, 0x0000, 0x0000, 0x0000, 0x0000, 0x0000, 0x0000, 0x0000, 0x0000,   // 0x2480 (9344) pixels
0x0000, 0x0000, 0x0000, 0x0000, 0x0000, 0x0000, 0x0000, 0x1800, 0x0041, 0x0001, 0x6081, 0xC962, 0x5880, 0x0022, 0x0020, 0x0000,   // 0x2490 (9360) pixels
0x0000, 0x0000, 0x0000, 0x0000, 0x0000, 0x0000, 0x1003, 0x3023, 0x5083, 0x4882, 0x2002, 0x0003, 0x0003, 0x1003, 0x1000, 0x1001,   // 0x24A0 (9376) pixels
0x0800, 0x2000, 0x8123, 0xC9C4, 0xF1C2, 0xF140, 0xA120, 0x3020, 0x1804, 0x592C, 0x590C, 0x590C, 0x590C, 0x490A, 0x596C, 0x618D,   // 0x24B0 (9392) pixels
0x598C, 0x598C, 0x61AC, 0x61CC, 0x598B, 0x596B, 0x618C, 0x618C, 0x618C, 0x618C, 0x618C, 0x618C, 0x618C, 0x618C, 0x596C, 0x598C,   // 0x24C0 (9408) pixels
0x618C, 0x618C, 0x618C, 0x598C, 0x618C, 0x61AC, 0x598C, 0x596C, 0x618C, 0x618C, 0x618C, 0x61AD, 0x598C, 0x596B, 0x58AA, 0x50C8,   // 0x24D0 (9424) pixels
0x612A, 0x68CA, 0x2026, 0x2002, 0xB123, 0xFAC4, 0xFAE3, 0xF321, 0xFB40, 0xFAE2, 0xDA23, 0x68E1, 0x1000, 0x1000, 0x0002, 0x0803,   // 0x24E0 (9440) pixels
0x0804, 0x0004, 0x0002, 0x2000, 0x88C4, 0xC0E5, 0x68E0, 0x2040, 0x0000, 0x0001, 0x0020, 0x0020, 0x0000, 0x0000, 0x0800, 0x0001,   // 0x24F0 (9456) pixels
0x0020, 0x4880, 0xA8C0, 0x2820, 0x0001, 0x0021, 0x0000, 0x0000, 0x0000, 0x0000, 0x0000, 0x0000, 0x0000, 0x0000, 0x0000, 0x0000,   // 0x2500 (9472) pixels
0x0000, 0x0000, 0x0000, 0x0000, 0x0000, 0x0000, 0x0000, 0x0000, 0x0000, 0x0000, 0x0000, 0x0000, 0x0000, 0x0000, 0x0000, 0x0000,   // 0x2510 (9488) pixels
0x0000, 0x0000, 0x0000, 0x0000, 0x0000, 0x0000, 0x0000, 0x0000, 0x0000, 0x0000, 0x0000, 0x0000, 0x0000, 0x0000, 0x0000, 0x0000,   // 0x2520 (9504) pixels
0x0000, 0x0000, 0x0000, 0x0000, 0x0000, 0x0000, 0x0000, 0x0000, 0x0000, 0x0000, 0x0000, 0x0000, 0x0000, 0x0000, 0x0000, 0x0000,   // 0x2530 (9520) pixels
0x0000, 0x0000, 0x0000, 0x0000, 0x0000, 0x0000, 0x0000, 0x0000, 0x0000, 0x0000, 0x0000, 0x0000, 0x0000, 0x0000, 0x0000, 0x0000,   // 0x2540 (9536) pixels
0x0000, 0x0000, 0x0000, 0x0000, 0x0020, 0x0000, 0x0001, 0x0800, 0xB1C4, 0xF365, 0x5080, 0x0004, 0x0020, 0x0820, 0x0800, 0x0000,   // 0x2550 (9552) pixels
0x0020, 0x0000, 0x1000, 0x3002, 0x6844, 0x7002, 0x7000, 0x7843, 0x8989, 0x9AAF, 0x9AAF, 0x922C, 0x926E, 0x9A4D, 0x89AA, 0x48C6,   // 0x2560 (9568) pixels
0x1003, 0x3823, 0xA082, 0xF943, 0xA103, 0x0000, 0x2108, 0x68EB, 0x5088, 0x4047, 0x4027, 0x38C8, 0x594B, 0x61AD, 0x61AD, 0x618C,   // 0x2570 (9584) pixels
0x596C, 0x61AC, 0x61AC, 0x61AC, 0x618C, 0x618C, 0x618C, 0x618C, 0x618C, 0x618C, 0x618C, 0x618C, 0x596C, 0x598C, 0x618C, 0x618C,   // 0x2580 (9600) pixels
0x618C, 0x598C, 0x598C, 0x618C, 0x61AD, 0x616C, 0x618C, 0x69CD, 0x69ED, 0x494A, 0x2865, 0x2065, 0x3805, 0x2844, 0x38A6, 0x60EA,   // 0x2590 (9616) pixels
0x1845, 0x2800, 0xC881, 0xF9C0, 0xE160, 0xFA41, 0xEA21, 0x8140, 0x1820, 0x0002, 0x5129, 0x91EC, 0x9A4B, 0x9A2B, 0xA26C, 0xA26D,   // 0x25A0 (9632) pixels
0x9A4B, 0x7166, 0x5081, 0x4000, 0x5800, 0x3801, 0x1001, 0x0001, 0x0020, 0x0060, 0x0060, 0x0800, 0x0040, 0x0000, 0x0001, 0x3820,   // 0x25B0 (9648) pixels
0xF242, 0x9181, 0x1000, 0x0002, 0x0000, 0x0000, 0x0000, 0x0000, 0x0000, 0x0000, 0x0000, 0x0000, 0x0000, 0x0000, 0x0000, 0x0000,   // 0x25C0 (9664) pixels
0x0000, 0x0000, 0x0000, 0x0000, 0x0000, 0x0000, 0x0000, 0x0000, 0x0000, 0x0000, 0x0000, 0x0000, 0x0000, 0x0000, 0x0000, 0x0000,   // 0x25D0 (9680) pixels
0x0000, 0x0000, 0x0000, 0x0000, 0x0000, 0x0000, 0x0000, 0x0000, 0x0000, 0x0000, 0x0000, 0x0000, 0x0000, 0x0000, 0x0000, 0x0000,   // 0x25E0 (9696) pixels
0x0000, 0x0000, 0x0000, 0x0000, 0x0000, 0x0000, 0x0000, 0x0000, 0x0000, 0x0000, 0x0000, 0x0000, 0x0000, 0x0000, 0x0000, 0x0000,   // 0x25F0 (9712) pixels
0x0000, 0x0000, 0x0000, 0x0000, 0x0000, 0x0000, 0x0000, 0x0000, 0x0000, 0x0000, 0x0000, 0x0000, 0x0000, 0x0000, 0x0000, 0x0000,   // 0x2600 (9728) pixels
0x0000, 0x0000, 0x0040, 0x0020, 0x0800, 0x1000, 0xBA63, 0xF3E4, 0x6060, 0x0003, 0x0000, 0x0800, 0x0801, 0x0001, 0x0040, 0x1020,   // 0x2610 (9744) pixels
0x5001, 0x9845, 0xD863, 0xE8E4, 0xE924, 0xE9A7, 0xF2ED, 0xFBF2, 0xFC53, 0xFC52, 0xFC74, 0xFC12, 0xFB4F, 0xAA2C, 0x2845, 0x1003,   // 0x2620 (9760) pixels
0x4802, 0x98E4, 0xB0A4, 0x2801, 0x18C6, 0x3086, 0x0800, 0x0801, 0x1842, 0x0000, 0x3026, 0x512A, 0x618C, 0x69AD, 0x594C, 0x598C,   // 0x2630 (9776) pixels
0x598C, 0x598C, 0x618C, 0x618C, 0x618C, 0x618C, 0x618C, 0x618C, 0x618C, 0x618C, 0x598C, 0x618C, 0x618C, 0x618C, 0x618C, 0x618C,   // 0x2640 (9792) pixels
0x618C, 0x618C, 0x596D, 0x596C, 0x618C, 0x512A, 0x40C7, 0x30A5, 0x1023, 0x0001, 0x0002, 0x0001, 0x0842, 0x38C7, 0x1885, 0x5022,   // 0x2650 (9808) pixels
0xF083, 0xF900, 0xF940, 0xD983, 0x68C1, 0x0841, 0x0802, 0x68E9, 0xE332, 0xFBD4, 0xFC32, 0xFC12, 0xFC32, 0xFC12, 0xFBB1, 0xF26C,   // 0x2660 (9824) pixels
0xC106, 0xA8A4, 0xA004, 0xA805, 0x7024, 0x2021, 0x0000, 0x0020, 0x0020, 0x0800, 0x0020, 0x1000, 0x0002, 0x2000, 0xE3C4, 0xB342,   // 0x2670 (9840) pixels
0x1020, 0x0022, 0x0000, 0x0000, 0x0000, 0x0000, 0x0000, 0x0000, 0x0000, 0x0000, 0x0000, 0x0000, 0x0000, 0x0000, 0x0000, 0x0000,   // 0x2680 (9856) pixels
0x0000, 0x0000, 0x0000, 0x0000, 0x0000, 0x0000, 0x0000, 0x0000, 0x0000, 0x0000, 0x0000, 0x0000, 0x0000, 0x0000, 0x0000, 0x0000,   // 0x2690 (9872) pixels
0x0000, 0x0000, 0x0000, 0x0000, 0x0000, 0x0000, 0x0000, 0x0000, 0x0000, 0x0000, 0x0000, 0x0000, 0x0000, 0x0000, 0x0000, 0x0000,   // 0x26A0 (9888) pixels
0x0000, 0x0000, 0x0000, 0x0000, 0x0000, 0x0000, 0x0000, 0x0000, 0x0000, 0x0000, 0x0000, 0x0000, 0x0000, 0x0000, 0x0000, 0x0000,   // 0x26B0 (9904) pixels
0x0000, 0x0000, 0x0000, 0x0000, 0x0000, 0x0000, 0x0000, 0x0000, 0x0000, 0x0000, 0x0000, 0x0000, 0x0000, 0x0000, 0x0000, 0x0000,   // 0x26C0 (9920) pixels
0x0020, 0x0000, 0x0800, 0x0020, 0x99E0, 0xFBE1, 0x99A0, 0x1800, 0x0040, 0x0021, 0x0002, 0x0001, 0x2820, 0x6020, 0xA821, 0xE885,   // 0x26D0 (9936) pixels
0xE126, 0xF9A7, 0xF9E8, 0xE9C8, 0xE1A9, 0xD9A9, 0xD989, 0xE1C9, 0xF1A9, 0xE9A9, 0xE1C8, 0xE1A9, 0xC907, 0xA969, 0x50A5, 0x1042,   // 0x26E0 (9952) pixels
0x6822, 0x4845, 0x0804, 0x0063, 0x0000, 0x0840, 0x0020, 0x0040, 0x2003, 0x38A7, 0x510A, 0x69AD, 0x616C, 0x618D, 0x61AD, 0x59AC,   // 0x26F0 (9968) pixels
0x618C, 0x618C, 0x618C, 0x618C, 0x618C, 0x618C, 0x618C, 0x618C, 0x61AC, 0x618C, 0x618C, 0x618C, 0x618C, 0x618C, 0x618C, 0x618C,   // 0x2700 (9984) pixels
0x598C, 0x61AC, 0x598B, 0x38C7, 0x1803, 0x0801, 0x0000, 0x0000, 0x0041, 0x0000, 0x0000, 0x1002, 0x0002, 0x5803, 0xE064, 0xD0E0,   // 0x2710 (10000) pixels
0xA8A1, 0x5081, 0x2042, 0x796A, 0xD1AC, 0xE16A, 0xEA0B, 0xD9EA, 0xE1AC, 0xE9AB, 0xE16A, 0xE1AA, 0xE1CA, 0xD989, 0xE129, 0xF96A,   // 0x2720 (10016) pixels
0xE127, 0xC8A4, 0xB002, 0x8022, 0x3020, 0x0800, 0x0000, 0x0041, 0x0040, 0x0020, 0x1002, 0x60C0, 0xF483, 0x9AE0, 0x0000, 0x0021,   // 0x2730 (10032) pixels
0x0000, 0x0000, 0x0000, 0x0000, 0x0000, 0x0000, 0x0000, 0x0000, 0x0000, 0x0000, 0x0000, 0x0000, 0x0000, 0x0000, 0x0000, 0x0000,   // 0x2740 (10048) pixels
0x0000, 0x0000, 0x0000, 0x0000, 0x0000, 0x0000, 0x0000, 0x0000, 0x0000, 0x0000, 0x0000, 0x0000, 0x0000, 0x0000, 0x0000, 0x0000,   // 0x2750 (10064) pixels
0x0000, 0x0000, 0x0000, 0x0000, 0x0000, 0x0000, 0x0000, 0x0000, 0x0000, 0x0000, 0x0000, 0x0000, 0x0000, 0x0000, 0x0000, 0x0000,   // 0x2760 (10080) pixels
0x0000, 0x0000, 0x0000, 0x0000, 0x0000, 0x0000, 0x0000, 0x0000, 0x0000, 0x0000, 0x0000, 0x0000, 0x0000, 0x0000, 0x0000, 0x0000,   // 0x2770 (10096) pixels
0x0000, 0x0000, 0x0000, 0x0000, 0x0000, 0x0000, 0x0000, 0x0000, 0x0000, 0x0000, 0x0000, 0x0000, 0x0000, 0x0000, 0x0000, 0x1000,   // 0x2780 (10112) pixels
0x0022, 0x0000, 0xA1A0, 0xFD64, 0xDCE4, 0x78C0, 0x5020, 0x4001, 0x4802, 0x6822, 0xA041, 0xD0C1, 0xE944, 0xF986, 0xF1A9, 0xF1A8,   // 0x2790 (10128) pixels
0xF168, 0xF168, 0xF18A, 0xF98A, 0xF148, 0xF127, 0xF8C9, 0xE909, 0xE109, 0xF148, 0xF967, 0xFA0A, 0xA968, 0x5064, 0x2000, 0x2804,   // 0x27A0 (10144) pixels
0x0805, 0x0023, 0x0800, 0x1821, 0x4A6A, 0x2105, 0x0801, 0x1844, 0x3066, 0x618C, 0x616C, 0x596C, 0x596B, 0x598C, 0x618C, 0x618C,   // 0x27B0 (10160) pixels
0x618C, 0x618C, 0x618C, 0x618C, 0x618C, 0x618C, 0x61AC, 0x618C, 0x618C, 0x618C, 0x618C, 0x618C, 0x618C, 0x618C, 0x61CC, 0x516A,   // 0x27C0 (10176) pixels
0x4129, 0x1823, 0x0801, 0x20E4, 0x2925, 0x0000, 0x0000, 0x0800, 0x0000, 0x0001, 0x0003, 0x3865, 0x8864, 0x70E1, 0x1801, 0x5064,   // 0x27D0 (10192) pixels
0x98C7, 0xF1AA, 0xF989, 0xE906, 0xF127, 0xE907, 0xE149, 0xE948, 0xE907, 0xF947, 0xF947, 0xF167, 0xE9A8, 0xE1C8, 0xF188, 0xE986,   // 0x27E0 (10208) pixels
0xF144, 0xD8C3, 0x9821, 0x5800, 0x3801, 0x3001, 0x2000, 0x3821, 0x6000, 0xDB82, 0xFE45, 0xAA21, 0x2001, 0x0800, 0x0000, 0x0000,   // 0x27F0 (10224) pixels
0x0000, 0x0000, 0x0000, 0x0000, 0x0000, 0x0000, 0x0000, 0x0000, 0x0000, 0x0000, 0x0000, 0x0000, 0x0000, 0x0000, 0x0000, 0x0000,   // 0x2800 (10240) pixels
0x0000, 0x0000, 0x0000, 0x0000, 0x0000, 0x0000, 0x0000, 0x0000, 0x0000, 0x0000, 0x0000, 0x0000, 0x0000, 0x0000, 0x0000, 0x0000,   // 0x2810 (10256) pixels
0x0000, 0x0000, 0x0000, 0x0000, 0x0000, 0x0000, 0x0000, 0x0000, 0x0000, 0x0000, 0x0000, 0x0000, 0x0000, 0x0000, 0x0000, 0x0000,   // 0x2820 (10272) pixels
0x0000, 0x0000, 0x0000, 0x0000, 0x0000, 0x0000, 0x0000, 0x0000, 0x0000, 0x0000, 0x0000, 0x0000, 0x0000, 0x0000, 0x0000, 0x0000,   // 0x2830 (10288) pixels
0x0000, 0x0000, 0x0000, 0x0000, 0x0000, 0x0000, 0x0000, 0x0000, 0x0000, 0x0000, 0x0000, 0x0000, 0x0000, 0x1000, 0x0040, 0x1000,   // 0x2840 (10304) pixels
0xA161, 0xFD24, 0xF685, 0xDB00, 0xE0E0, 0xD040, 0xD002, 0xE062, 0xF942, 0xFA44, 0xFA66, 0xD9E5, 0xE0C8, 0xE0C7, 0xE0E7, 0xE0C6,   // 0x2850 (10320) pixels
0xD8A6, 0xE0C7, 0xE928, 0xE968, 0xE18A, 0xE18A, 0xE96A, 0xE128, 0xE968, 0xE988, 0xF9AA, 0xF16B, 0x6823, 0x3024, 0x0805, 0x1024,   // 0x2860 (10336) pixels
0x0800, 0x3946, 0xEEFD, 0x738F, 0x0000, 0x1042, 0x1002, 0x40E9, 0x596C, 0x69CD, 0x618C, 0x59AB, 0x618C, 0x618C, 0x618C, 0x618C,   // 0x2870 (10352) pixels
0x618C, 0x618C, 0x618C, 0x618C, 0x598C, 0x598C, 0x598C, 0x618C, 0x618C, 0x618C, 0x598C, 0x596B, 0x516A, 0x2845, 0x1844, 0x0001,   // 0x2880 (10368) pixels
0x1062, 0xA4F4, 0xAD34, 0x0800, 0x0000, 0x0800, 0x0020, 0x1863, 0x2866, 0x1025, 0x1802, 0x1801, 0x5065, 0xC1AB, 0xF9CB, 0xE967,   // 0x2890 (10384) pixels
0xE146, 0xF148, 0xF949, 0xF129, 0xF12A, 0xE169, 0xD989, 0xE968, 0xE0A6, 0xE8A7, 0xE108, 0xC927, 0xE0E7, 0xF186, 0xFA46, 0xFA04,   // 0x28A0 (10400) pixels
0xE8C2, 0xC062, 0xB042, 0xC801, 0xB882, 0xD962, 0xCAA0, 0xFE64, 0xFEC6, 0xA9E3, 0x1801, 0x0000, 0x0000, 0x0000, 0x0000, 0x0000,   // 0x28B0 (10416) pixels
0x0000, 0x0000, 0x0000, 0x0000, 0x0000, 0x0000, 0x0000, 0x0000, 0x0000, 0x0000, 0x0000, 0x0000, 0x0000, 0x0000, 0x0000, 0x0000,   // 0x28C0 (10432) pixels
0x0000, 0x0000, 0x0000, 0x0000, 0x0000, 0x0000, 0x0000, 0x0000, 0x0000, 0x0000, 0x0000, 0x0000, 0x0000, 0x0000, 0x0000, 0x0000,   // 0x28D0 (10448) pixels
0x0000, 0x0000, 0x0000, 0x0000, 0x0000, 0x0000, 0x0000, 0x0000, 0x0000, 0x0000, 0x0000, 0x0000, 0x0000, 0x0000, 0x0000, 0x0000,   // 0x28E0 (10464) pixels
0x0000, 0x0000, 0x0000, 0x0000, 0x0000, 0x0000, 0x0000, 0x0000, 0x0000, 0x0000, 0x0000, 0x0000, 0x0000, 0x0000, 0x0000, 0x0000,   // 0x28F0 (10480) pixels
0x0000, 0x0000, 0x0000, 0x0000, 0x0000, 0x0000, 0x0000, 0x0000, 0x0000, 0x0000, 0x0002, 0x1000, 0x0060, 0x1000, 0x78A0, 0xE240,   // 0x2900 (10496) pixels
0xFDA1, 0xFE42, 0xECC3, 0xEB22, 0xF1E2, 0xF9C2, 0xEA82, 0xF303, 0xE9E3, 0xC821, 0xD006, 0xD005, 0xD025, 0xD004, 0xD003, 0xE065,   // 0x2910 (10512) pixels
0xF107, 0xF148, 0xF146, 0xE947, 0xF149, 0xE909, 0xF98C, 0xE92A, 0xF1AA, 0xE188, 0xE847, 0x68E7, 0x0803, 0x1002, 0x0040, 0x0080,   // 0x2920 (10528) pixels
0x2124, 0x638E, 0x6BEE, 0x632C, 0x1844, 0x1804, 0x4088, 0x618C, 0x618C, 0x61AB, 0x618C, 0x618C, 0x618C, 0x618C, 0x618C, 0x618C,   // 0x2930 (10544) pixels
0x618C, 0x618C, 0x596B, 0x596C, 0x598C, 0x618C, 0x61AC, 0x618C, 0x596B, 0x514B, 0x38A6, 0x1803, 0x0001, 0x1083, 0x8C72, 0xFFFF,   // 0x2940 (10560) pixels
0xBD96, 0x1021, 0x0000, 0x0000, 0x0040, 0x40A6, 0x60AA, 0x1827, 0x1805, 0x48A8, 0xC8E6, 0xE9A9, 0xF989, 0xF108, 0xF169, 0xE1AA,   // 0x2950 (10576) pixels
0xD969, 0xF149, 0xF169, 0xE928, 0xF148, 0xF107, 0xD003, 0xD005, 0xD825, 0xD005, 0xD806, 0xD022, 0xD941, 0xEA84, 0xEAA4, 0xF183,   // 0x2960 (10592) pixels
0xF102, 0xE941, 0xE2E5, 0xFCC3, 0xFE61, 0xF6A3, 0xD401, 0x90E0, 0x0040, 0x0061, 0x0000, 0x0000, 0x0000, 0x0000, 0x0000, 0x0000,   // 0x2970 (10608) pixels
0x0000, 0x0000, 0x0000, 0x0000, 0x0000, 0x0000, 0x0000, 0x0000, 0x0000, 0x0000, 0x0000, 0x0000, 0x0000, 0x0000, 0x0000, 0x0000,   // 0x2980 (10624) pixels
0x0000, 0x0000, 0x0000, 0x0000, 0x0000, 0x0000, 0x0000, 0x0000, 0x0000, 0x0000, 0x0000, 0x0000, 0x0000, 0x0000, 0x0000, 0x0000,   // 0x2990 (10640) pixels
0x0000, 0x0000, 0x0000, 0x0000, 0x0000, 0x0000, 0x0000, 0x0000, 0x0000, 0x0000, 0x0000, 0x0000, 0x0000, 0x0000, 0x0000, 0x0000,   // 0x29A0 (10656) pixels
0x0000, 0x0000, 0x0000, 0x0000, 0x0000, 0x0000, 0x0000, 0x0000, 0x0000, 0x0000, 0x0000, 0x0000, 0x0000, 0x0000, 0x0000, 0x0000,   // 0x29B0 (10672) pixels
0x0000, 0x0000, 0x0000, 0x0000, 0x0000, 0x0000, 0x0000, 0x0000, 0x0800, 0x0020, 0x0800, 0x0060, 0x2821, 0xC822, 0xFAA3, 0xFD43,   // 0x29C0 (10688) pixels
0xFE81, 0xFD43, 0xE2A1, 0xE9E4, 0xF1C5, 0xD0C3, 0xD043, 0xD803, 0xD006, 0xD005, 0xD004, 0xD0C4, 0xDA22, 0xF362, 0xFB82, 0xF2C2,   // 0x29D0 (10704) pixels
0xFAE3, 0xF243, 0xF1C6, 0xE947, 0xE148, 0xE188, 0xC106, 0xA884, 0xA068, 0x4886, 0x0802, 0x0842, 0x0801, 0x0801, 0x0040, 0xB636,   // 0x29E0 (10720) pixels
0xEFFF, 0xE6FC, 0x08C3, 0x0041, 0x2085, 0x48A6, 0x596A, 0x59CE, 0x694C, 0x594C, 0x2847, 0x38E8, 0x594A, 0x58AA, 0x58EB, 0x40EA,   // 0x29F0 (10736) pixels
0x3087, 0x30A6, 0x612A, 0x59AE, 0x516D, 0x616B, 0x4128, 0x3005, 0x0041, 0x0801, 0x1967, 0x9D15, 0xFFFE, 0xF7FE, 0xD5B8, 0x5824,   // 0x2A00 (10752) pixels
0x0800, 0x0041, 0x0002, 0x3087, 0x48C9, 0x2845, 0x2803, 0x7949, 0xC0E6, 0xC0E6, 0xC928, 0xC928, 0xD969, 0xF1CA, 0xF189, 0xF988,   // 0x2A10 (10768) pixels
0xFA82, 0xFA81, 0xFAC1, 0xFAC3, 0xD984, 0xD907, 0xC805, 0xE005, 0xD807, 0xD806, 0xD005, 0xD865, 0xE926, 0xE9A6, 0xEA05, 0xEA46,   // 0x2A20 (10784) pixels
0xF661, 0xFEE2, 0xFEC2, 0xFCE4, 0xB162, 0x2800, 0x0021, 0x0020, 0x0000, 0x0000, 0x0000, 0x0000, 0x0000, 0x0000, 0x0000, 0x0000,   // 0x2A30 (10800) pixels
0x0000, 0x0000, 0x0000, 0x0000, 0x0000, 0x0000, 0x0000, 0x0000, 0x0000, 0x0000, 0x0000, 0x0000, 0x0000, 0x0000, 0x0000, 0x0000,   // 0x2A40 (10816) pixels
0x0000, 0x0000, 0x0000, 0x0000, 0x0000, 0x0000, 0x0000, 0x0000, 0x0000, 0x0000, 0x0000, 0x0000, 0x0000, 0x0000, 0x0000, 0x0000,   // 0x2A50 (10832) pixels
0x0000, 0x0000, 0x0000, 0x0000, 0x0000, 0x0000, 0x0000, 0x0000, 0x0000, 0x0000, 0x0000, 0x0000, 0x0000, 0x0000, 0x0000, 0x0000,   // 0x2A60 (10848) pixels
0x0000, 0x0000, 0x0000, 0x0000, 0x0000, 0x0000, 0x0000, 0x0000, 0x0000, 0x0000, 0x0000, 0x0000, 0x0000, 0x0000, 0x0000, 0x0000,   // 0x2A70 (10864) pixels
0x0000, 0x0000, 0x0000, 0x0000, 0x0000, 0x0000, 0x0000, 0x0800, 0x0020, 0x0020, 0x0800, 0x6800, 0xD920, 0xF3A1, 0xEBE0, 0xFB81,   // 0x2A80 (10880) pixels
0xE181, 0xD022, 0xD004, 0xD005, 0xD006, 0xC805, 0xC842, 0xC8A2, 0xDA03, 0xF3E3, 0xFD43, 0xFD22, 0xFC00, 0xFB00, 0xFB43, 0xEA64,   // 0x2A90 (10896) pixels
0xE1E7, 0xD168, 0xB066, 0x9004, 0x8803, 0x8003, 0x7804, 0x2803, 0x1004, 0x20A5, 0x0801, 0x0801, 0x0060, 0xC573, 0xFFFF, 0xFFDD,   // 0x2AA0 (10912) pixels
0x9CAD, 0x0880, 0x0801, 0x1802, 0x40E7, 0x514B, 0x61AD, 0x618D, 0x3888, 0x2886, 0x48E8, 0x50CA, 0x48CA, 0x2887, 0x2028, 0x492C,   // 0x2AB0 (10928) pixels
0x714D, 0x618C, 0x5189, 0x40A5, 0x1863, 0x1023, 0x0000, 0x6A89, 0xD6F9, 0xFFFC, 0xFFB8, 0xFFD7, 0xED31, 0x5820, 0x0000, 0x0041,   // 0x2AC0 (10944) pixels
0x0002, 0x3087, 0x48C9, 0x2846, 0x1802, 0x5065, 0x8003, 0x8003, 0x8804, 0x8803, 0xA024, 0xC927, 0xD966, 0xE186, 0xFA83, 0xFB24,   // 0x2AD0 (10960) pixels
0xE300, 0xFCC1, 0xFD82, 0xFC83, 0xD1E2, 0xC063, 0xD004, 0xD004, 0xC804, 0xD005, 0xC824, 0xC042, 0xC8A2, 0xD963, 0xFD03, 0xF4E1,   // 0x2AE0 (10976) pixels
0xFBA0, 0xFA01, 0x9861, 0x1000, 0x0020, 0x0000, 0x0000, 0x0000, 0x0000, 0x0000, 0x0000, 0x0000, 0x0000, 0x0000, 0x0000, 0x0000,   // 0x2AF0 (10992) pixels
0x0000, 0x0000, 0x0000, 0x0000, 0x0000, 0x0000, 0x0000, 0x0000, 0x0000, 0x0000, 0x0000, 0x0000, 0x0000, 0x0000, 0x0000, 0x0000,   // 0x2B00 (11008) pixels
0x0000, 0x0000, 0x0000, 0x0000, 0x0000, 0x0000, 0x0000, 0x0000, 0x0000, 0x0000, 0x0000, 0x0000, 0x0000, 0x0000, 0x0000, 0x0000,   // 0x2B10 (11024) pixels
0x0000, 0x0000, 0x0000, 0x0000, 0x0000, 0x0000, 0x0000, 0x0000, 0x0000, 0x0000, 0x0000, 0x0000, 0x0000, 0x0000, 0x0000, 0x0000,   // 0x2B20 (11040) pixels
0x0000, 0x0000, 0x0000, 0x0000, 0x0000, 0x0000, 0x0000, 0x0000, 0x0000, 0x0000, 0x0000, 0x0000, 0x0000, 0x0000, 0x0000, 0x0000,   // 0x2B30 (11056) pixels
0x0000, 0x0000, 0x0000, 0x0000, 0x0000, 0x0800, 0x0040, 0x0000, 0x0021, 0x2880, 0xB901, 0xFAE5, 0xFB00, 0xFB42, 0xF223, 0xD882,   // 0x2B40 (11072) pixels
0xD004, 0xD806, 0xD006, 0xC805, 0xD003, 0xC883, 0xE2C4, 0xFD64, 0xFDE1, 0xE440, 0xEB00, 0xFB22, 0xFB44, 0xA8E0, 0x8801, 0x8823,   // 0x2B50 (11088) pixels
0x8024, 0x7805, 0x7805, 0x7823, 0x6804, 0x1003, 0x2066, 0x3908, 0x0802, 0x0000, 0x0000, 0xBB4B, 0xFF97, 0xFFD2, 0xFEEB, 0x6280,   // 0x2B60 (11104) pixels
0x0000, 0x0002, 0x1801, 0x3085, 0x49AB, 0x61AD, 0x48EA, 0x1805, 0x2866, 0x48C9, 0x3067, 0x1024, 0x2847, 0x698D, 0x716D, 0x496B,   // 0x2B70 (11120) pixels
0x28C6, 0x1001, 0x0001, 0x0020, 0x0803, 0x93A8, 0xFFF0, 0xFF6B, 0xF707, 0xEE07, 0xEAC6, 0x5800, 0x0000, 0x0000, 0x0002, 0x3887,   // 0x2B80 (11136) pixels
0x48C9, 0x30A7, 0x1803, 0x2804, 0x7843, 0x7824, 0x7824, 0x7804, 0x7803, 0x8823, 0x8802, 0x8800, 0xD9C1, 0xF344, 0xE3C0, 0xFDC1,   // 0x2B90 (11152) pixels
0xFE40, 0xF5A0, 0xFCC2, 0xEB42, 0xD8A4, 0xD044, 0xC804, 0xD006, 0xD005, 0xC003, 0xC862, 0xE123, 0xD960, 0xE180, 0xE8A0, 0xC840,   // 0x2BA0 (11168) pixels
0x5841, 0x0021, 0x0021, 0x0800, 0x0000, 0x0000, 0x0000, 0x0000, 0x0000, 0x0000, 0x0000, 0x0000, 0x0000, 0x0000, 0x0000, 0x0000,   // 0x2BB0 (11184) pixels
0x0000, 0x0000, 0x0000, 0x0000, 0x0000, 0x0000, 0x0000, 0x0000, 0x0000, 0x0000, 0x0000, 0x0000, 0x0000, 0x0000, 0x0000, 0x0000,   // 0x2BC0 (11200) pixels
0x0000, 0x0000, 0x0000, 0x0000, 0x0000, 0x0000, 0x0000, 0x0000, 0x0000, 0x0000, 0x0000, 0x0000, 0x0000, 0x0000, 0x0000, 0x0000,   // 0x2BD0 (11216) pixels
0x0000, 0x0000, 0x0000, 0x0000, 0x0000, 0x0000, 0x0000, 0x0000, 0x0000, 0x0000, 0x0000, 0x0000, 0x0000, 0x0000, 0x0000, 0x0000,   // 0x2BE0 (11232) pixels
0x0000, 0x0000, 0x0000, 0x0000, 0x0000, 0x0000, 0x0000, 0x0000, 0x0000, 0x0000, 0x0000, 0x0000, 0x0000, 0x0000, 0x0000, 0x0000,   // 0x2BF0 (11248) pixels
0x0000, 0x0000, 0x0000, 0x0020, 0x0000, 0x0000, 0x0001, 0x0000, 0x5860, 0xC923, 0xFA60, 0xFB42, 0xFB43, 0xEA43, 0xE0E3, 0xD804,   // 0x2C00 (11264) pixels
0xD004, 0xD005, 0xE008, 0xC004, 0xC0C1, 0xE301, 0xFC82, 0xFC41, 0xFB61, 0xFB41, 0xFB66, 0xA0A1, 0x8002, 0x7823, 0x7003, 0x7005,   // 0x2C10 (11280) pixels
0x7826, 0x7843, 0x5825, 0x0803, 0x2067, 0x40E9, 0x1003, 0x0020, 0x0800, 0xA984, 0xFE87, 0xF6E2, 0xFF43, 0xACA5, 0x0000, 0x0002,   // 0x2C20 (11296) pixels
0x0000, 0x0005, 0x2085, 0x40E9, 0x490A, 0x1825, 0x1845, 0x40E9, 0x2845, 0x0822, 0x5109, 0x50E8, 0x3868, 0x1868, 0x0003, 0x1860,   // 0x2C30 (11312) pixels
0x49E5, 0x0860, 0x0002, 0x8B82, 0xFF84, 0xFF20, 0xF760, 0xFD81, 0xF162, 0x4842, 0x0000, 0x0000, 0x0802, 0x3888, 0x48CA, 0x38E9,   // 0x2C40 (11328) pixels
0x1825, 0x1824, 0x8022, 0x7803, 0x7824, 0x7845, 0x7825, 0x7845, 0x7824, 0x7023, 0xD200, 0xF342, 0xEB80, 0xFCC0, 0xF4C0, 0xF4A0,   // 0x2C50 (11344) pixels
0xFCC3, 0xF3A1, 0xE105, 0xD064, 0xC805, 0xD006, 0xD006, 0xD004, 0xD042, 0xE0E2, 0xE880, 0xF8E3, 0xE882, 0x8061, 0x1040, 0x0021,   // 0x2C60 (11360) pixels
0x0000, 0x0000, 0x0000, 0x0000, 0x0000, 0x0000, 0x0000, 0x0000, 0x0000, 0x0000, 0x0000, 0x0000, 0x0000, 0x0000, 0x0000, 0x0000,   // 0x2C70 (11376) pixels
0x0000, 0x0000, 0x0000, 0x0000, 0x0000, 0x0000, 0x0000, 0x0000, 0x0000, 0x0000, 0x0000, 0x0000, 0x0000, 0x0000, 0x0000, 0x0000,   // 0x2C80 (11392) pixels
0x0000, 0x0000, 0x0000, 0x0000, 0x0000, 0x0000, 0x0000, 0x0000, 0x0000, 0x0000, 0x0000, 0x0000, 0x0000, 0x0000, 0x0000, 0x0000,   // 0x2C90 (11408) pixels
0x0000, 0x0000, 0x0000, 0x0000, 0x0000, 0x0000, 0x0000, 0x0000, 0x0000, 0x0000, 0x0000, 0x0000, 0x0000, 0x0000, 0x0000, 0x0000,   // 0x2CA0 (11424) pixels
0x0000, 0x0000, 0x0000, 0x0000, 0x0000, 0x0000, 0x0000, 0x0000, 0x0000, 0x0000, 0x0000, 0x0000, 0x0000, 0x0000, 0x0000, 0x0000,   // 0x2CB0 (11440) pixels
0x0800, 0x0040, 0x0000, 0x0801, 0x0001, 0x0000, 0x1060, 0x7862, 0xE941, 0xFA82, 0xFB41, 0xFB41, 0xEA62, 0xD923, 0xD884, 0xC803,   // 0x2CC0 (11456) pixels
0xD808, 0xD005, 0xC821, 0xC8C1, 0xEA42, 0xFBC3, 0xFC20, 0xF3E0, 0xFB02, 0xB0C0, 0x9041, 0x9082, 0x7821, 0x7804, 0x8026, 0x8003,   // 0x2CD0 (11472) pixels
0x4824, 0x0003, 0x2867, 0x40C9, 0x1804, 0x0021, 0x0800, 0x98E2, 0xFD22, 0xFF20, 0xFFC0, 0x8400, 0x0022, 0x632E, 0x9CD1, 0x0086,   // 0x2CE0 (11488) pixels
0x1000, 0x2003, 0x2887, 0x1024, 0x2046, 0x410A, 0x2066, 0x0842, 0x3068, 0x4087, 0x2005, 0x0802, 0x3180, 0xBDA6, 0xE6AD, 0x20A0,   // 0x2CF0 (11504) pixels
0x0060, 0x8340, 0xFF21, 0xFF60, 0xF740, 0xFC81, 0xD8A0, 0x1800, 0x0020, 0x0000, 0x2024, 0x40C9, 0x48CA, 0x38C9, 0x1825, 0x1025,   // 0x2D00 (11520) pixels
0x7804, 0x7804, 0x8004, 0x8004, 0x7802, 0x8043, 0x9083, 0x8862, 0xDA81, 0xFB43, 0xF320, 0xFBC0, 0xFC42, 0xFB83, 0xE1E2, 0xD0C2,   // 0x2D10 (11536) pixels
0xC043, 0xC004, 0xC805, 0xC806, 0xD005, 0xD003, 0xE0A2, 0xE901, 0xF8A1, 0xF0C3, 0xA0A2, 0x3060, 0x0000, 0x0001, 0x0021, 0x0040,   // 0x2D20 (11552) pixels
0x0000, 0x0000, 0x0000, 0x0000, 0x0000, 0x0000, 0x0000, 0x0000, 0x0000, 0x0000, 0x0000, 0x0000, 0x0000, 0x0000, 0x0000, 0x0000,   // 0x2D30 (11568) pixels
0x0000, 0x0000, 0x0000, 0x0000, 0x0000, 0x0000, 0x0000, 0x0000, 0x0000, 0x0000, 0x0000, 0x0000, 0x0000, 0x0000, 0x0000, 0x0000,   // 0x2D40 (11584) pixels
0x0000, 0x0000, 0x0000, 0x0000, 0x0000, 0x0000, 0x0000, 0x0000, 0x0000, 0x0000, 0x0000, 0x0000, 0x0000, 0x0000, 0x0000, 0x0000,   // 0x2D50 (11600) pixels
0x0000, 0x0000, 0x0000, 0x0000, 0x0000, 0x0000, 0x0000, 0x0000, 0x0000, 0x0000, 0x0000, 0x0000, 0x0000, 0x0000, 0x0000, 0x0000,   // 0x2D60 (11616) pixels
0x0000, 0x0000, 0x0000, 0x0000, 0x0000, 0x0000, 0x0000, 0x0000, 0x0000, 0x0000, 0x0000, 0x0000, 0x0000, 0x0000, 0x0000, 0x0020,   // 0x2D70 (11632) pixels
0x0000, 0x0800, 0x1000, 0x0000, 0x0020, 0x2000, 0xB881, 0xE9E2, 0xFAE1, 0xFB80, 0xFB80, 0xF322, 0xF284, 0xD942, 0xD005, 0xD004,   // 0x2D80 (11648) pixels
0xD004, 0xD806, 0xD003, 0xD900, 0xEAC0, 0xF3E0, 0xFB40, 0xEAA1, 0xF2C5, 0xE284, 0xB121, 0x9843, 0x9005, 0x8804, 0x4023, 0x0803,   // 0x2D90 (11664) pixels
0x38A9, 0x50EA, 0x2846, 0x0002, 0x0800, 0x7081, 0xF3A1, 0xFEE1, 0xFFE0, 0x8C62, 0x0802, 0x734A, 0xFFF3, 0xAD6B, 0x5924, 0x1801,   // 0x2DA0 (11680) pixels
0x0002, 0x0002, 0x2826, 0x490A, 0x2066, 0x0001, 0x0845, 0x0801, 0x1000, 0x6183, 0xD521, 0xFFE0, 0xDEA5, 0x0800, 0x0041, 0x93C2,   // 0x2DB0 (11696) pixels
0xFEE1, 0xFF60, 0xFEE3, 0xEB83, 0x9841, 0x0020, 0x0000, 0x0802, 0x3086, 0x490A, 0x40CA, 0x38A9, 0x1805, 0x1024, 0x7807, 0x7806,   // 0x2DC0 (11712) pixels
0x8804, 0x9862, 0xA8C1, 0xC981, 0xF2A4, 0xFAE4, 0xF2C1, 0xFB41, 0xFB80, 0xFBA2, 0xF2E4, 0xD964, 0xC803, 0xD004, 0xC824, 0xC825,   // 0x2DD0 (11728) pixels
0xD026, 0xD005, 0xD004, 0xE063, 0xE8C1, 0xE900, 0xF8A3, 0xA060, 0x3040, 0x0020, 0x0800, 0x0001, 0x0041, 0x0800, 0x0000, 0x0000,   // 0x2DE0 (11744) pixels
0x0000, 0x0000, 0x0000, 0x0000, 0x0000, 0x0000, 0x0000, 0x0000, 0x0000, 0x0000, 0x0000, 0x0000, 0x0000, 0x0000, 0x0000, 0x0000,   // 0x2DF0 (11760) pixels
0x0000, 0x0000, 0x0000, 0x0000, 0x0000, 0x0000, 0x0000, 0x0000, 0x0000, 0x0000, 0x0000, 0x0000, 0x0000, 0x0000, 0x0000, 0x0000,   // 0x2E00 (11776) pixels
0x0000, 0x0000, 0x0000, 0x0000, 0x0000, 0x0000, 0x0000, 0x0000, 0x0000, 0x0000, 0x0000, 0x0000, 0x0000, 0x0000, 0x0000, 0x0000,   // 0x2E10 (11792) pixels
0x0000, 0x0000, 0x0000, 0x0000, 0x0000, 0x0000, 0x0000, 0x0000, 0x0000, 0x0000, 0x0000, 0x0000, 0x0000, 0x0000, 0x0000, 0x0000,   // 0x2E20 (11808) pixels
0x0000, 0x0000, 0x0000, 0x0000, 0x0000, 0x0000, 0x0000, 0x0000, 0x0000, 0x0000, 0x0000, 0x0000, 0x0000, 0x0000, 0x0020, 0x0000,   // 0x2E30 (11824) pixels
0x1000, 0x0000, 0x0020, 0x0000, 0x4800, 0x90A1, 0xE9E2, 0xFAE0, 0xFB80, 0xF400, 0xFBE2, 0xFB43, 0xE1A4, 0xC0A1, 0xC042, 0xD026,   // 0x2E40 (11840) pixels
0xD005, 0xD003, 0xE9A2, 0xFB22, 0xFB20, 0xFB00, 0xFB42, 0xFB22, 0xF2C2, 0xEA44, 0xC124, 0x9802, 0x4842, 0x0802, 0x38A8, 0x510B,   // 0x2E50 (11856) pixels
0x40A9, 0x1805, 0x0001, 0x4041, 0xC1E1, 0xFE02, 0xFFA0, 0xAD43, 0x1800, 0x83A2, 0xFFC6, 0xFDC5, 0x91C5, 0x1820, 0x0021, 0x0803,   // 0x2E60 (11872) pixels
0x3847, 0x48EB, 0x28A7, 0x1003, 0x0021, 0x0000, 0x1020, 0x9224, 0xFE04, 0xFFE0, 0xDE60, 0x49A1, 0x0020, 0xC585, 0xFF82, 0xFF40,   // 0x2E70 (11888) pixels
0xFD82, 0xC223, 0x4822, 0x0001, 0x0001, 0x1844, 0x38C8, 0x490A, 0x40CA, 0x40A9, 0x2005, 0x1824, 0x7802, 0x8822, 0xB143, 0xEA84,   // 0x2E80 (11904) pixels
0xFAE3, 0xFAE1, 0xFB01, 0xFAC0, 0xFB62, 0xFB01, 0xFAA1, 0xF224, 0xC8C4, 0xB804, 0xC805, 0xD804, 0xC825, 0xC805, 0xD005, 0xD004,   // 0x2E90 (11920) pixels
0xE043, 0xE8C3, 0xF102, 0xE8E0, 0xD084, 0x5040, 0x0040, 0x0020, 0x0800, 0x0020, 0x0020, 0x1000, 0x0000, 0x0000, 0x0000, 0x0000,   // 0x2EA0 (11936) pixels
0x0000, 0x0000, 0x0000, 0x0000, 0x0000, 0x0000, 0x0000, 0x0000, 0x0000, 0x0000, 0x0000, 0x0000, 0x0000, 0x0000, 0x0000, 0x0000,   // 0x2EB0 (11952) pixels
0x0000, 0x0000, 0x0000, 0x0000, 0x0000, 0x0000, 0x0000, 0x0000, 0x0000, 0x0000, 0x0000, 0x0000, 0x0000, 0x0000, 0x0000, 0x0000,   // 0x2EC0 (11968) pixels
0x0000, 0x0000, 0x0000, 0x0000, 0x0000, 0x0000, 0x0000, 0x0000, 0x0000, 0x0000, 0x0000, 0x0000, 0x0000, 0x0000, 0x0000, 0x0000,   // 0x2ED0 (11984) pixels
0x0000, 0x0000, 0x0000, 0x0000, 0x0000, 0x0000, 0x0000, 0x0000, 0x0000, 0x0000, 0x0000, 0x0000, 0x0000, 0x0000, 0x0000, 0x0000,   // 0x2EE0 (12000) pixels
0x0000, 0x0000, 0x0000, 0x0000, 0x0000, 0x0000, 0x0000, 0x0000, 0x0000, 0x0000, 0x0000, 0x0800, 0x0020, 0x0020, 0x0800, 0x0000,   // 0x2EF0 (12016) pixels
0x0040, 0x0000, 0x0021, 0x3000, 0xA883, 0xF1E3, 0xFB41, 0xF400, 0xF3E0, 0xFBC3, 0xFC41, 0xF3E2, 0xF3A5, 0xE285, 0xC8A2, 0xC842,   // 0x2F00 (12032) pixels
0xF1C3, 0xFAE1, 0xF302, 0xFB01, 0xFB00, 0xFAC0, 0xFAE0, 0xFB21, 0xF2A3, 0xDA25, 0x58E4, 0x1002, 0x3067, 0x50EA, 0x510B, 0x2847,   // 0x2F10 (12048) pixels
0x0002, 0x0800, 0x7802, 0xE423, 0xFF40, 0xEF05, 0x93C3, 0xE6C5, 0xFF01, 0xEB01, 0x7860, 0x0800, 0x0061, 0x28E7, 0x5089, 0x48AB,   // 0x2F20 (12064) pixels
0x3909, 0x30E6, 0x1884, 0x0820, 0x0000, 0x6042, 0xDBE3, 0xFF40, 0xFFC2, 0xD5A4, 0xA4A1, 0xF784, 0xFF20, 0xFE80, 0xEB81, 0x7800,   // 0x2F30 (12080) pixels
0x1001, 0x0000, 0x0822, 0x28A6, 0x490A, 0x40EA, 0x40A9, 0x48C9, 0x2805, 0x1824, 0xC9C3, 0xDA23, 0xEAA2, 0xFB21, 0xFB00, 0xFB00,   // 0x2F40 (12096) pixels
0xFB61, 0xF300, 0xF340, 0xFAA2, 0xD8A1, 0xD003, 0xD824, 0xC824, 0xD026, 0xC806, 0xD026, 0xD005, 0xD004, 0xD823, 0xE062, 0xE8C2,   // 0x2F50 (12112) pixels
0xE8E2, 0xE0A0, 0x6001, 0x0000, 0x0021, 0x0801, 0x0800, 0x0020, 0x0020, 0x0000, 0x0000, 0x0000, 0x0000, 0x0000, 0x0000, 0x0000,   // 0x2F60 (12128) pixels
0x0000, 0x0000, 0x0000, 0x0000, 0x0000, 0x0000, 0x0000, 0x0000, 0x0000, 0x0000, 0x0000, 0x0000, 0x0000, 0x0000, 0x0000, 0x0000,   // 0x2F70 (12144) pixels
0x0000, 0x0000, 0x0000, 0x0000, 0x0000, 0x0000, 0x0000, 0x0000, 0x0000, 0x0000, 0x0000, 0x0000, 0x0000, 0x0000, 0x0000, 0x0000,   // 0x2F80 (12160) pixels
0x0000, 0x0000, 0x0000, 0x0000, 0x0000, 0x0000, 0x0000, 0x0000, 0x0000, 0x0000, 0x0000, 0x0000, 0x0000, 0x0000, 0x0000, 0x0000,   // 0x2F90 (12176) pixels
0x0000, 0x0000, 0x0000, 0x0000, 0x0000, 0x0000, 0x0000, 0x0000, 0x0000, 0x0000, 0x0000, 0x0000, 0x0000, 0x0000, 0x0000, 0x0000,   // 0x2FA0 (12192) pixels
0x0000, 0x0000, 0x0000, 0x0000, 0x0000, 0x0000, 0x0000, 0x0000, 0x0000, 0x0000, 0x0000, 0x0000, 0x0000, 0x0000, 0x0000, 0x0000,   // 0x2FB0 (12208) pixels
0x0000, 0x0800, 0x2800, 0x80A3, 0xDA05, 0xFB24, 0xFBE0, 0xF400, 0xFC80, 0xFE43, 0xFEA2, 0xFD02, 0xE240, 0xFA21, 0xFAC0, 0xF360,   // 0x2FC0 (12224) pixels
0xFB00, 0xFB40, 0xF360, 0xF360, 0xFB20, 0xFAC1, 0xFA82, 0xFAC4, 0x78E6, 0x0822, 0x28C8, 0x58CC, 0x50CA, 0x4909, 0x1844, 0x0002,   // 0x2FD0 (12240) pixels
0x1000, 0x6140, 0xE4E4, 0xFF42, 0xFFE0, 0xFFA3, 0xE485, 0xB0A1, 0x1061, 0x0800, 0x1823, 0x3909, 0x492B, 0x490A, 0x510A, 0x48E9,   // 0x2FE0 (12256) pixels
0x4088, 0x0824, 0x0002, 0x2000, 0x88A0, 0xF343, 0xFE04, 0xFFC4, 0xF7E0, 0xFF64, 0xFDA6, 0xC281, 0x6880, 0x3000, 0x0000, 0x0020,   // 0x2FF0 (12272) pixels
0x3047, 0x390A, 0x390A, 0x40CA, 0x48CA, 0x3888, 0x2004, 0x3866, 0xF281, 0xFAE2, 0xFAC0, 0xFB00, 0xFB00, 0xFB20, 0xFAE1, 0xFAE2,   // 0x3000 (12288) pixels
0xF340, 0xFA83, 0xE8E4, 0xC805, 0xC827, 0xC805, 0xD826, 0xD004, 0xC807, 0xD005, 0xE043, 0xE8A0, 0xE921, 0xD942, 0xB8E3, 0x9842,   // 0x3010 (12304) pixels
0x0000, 0x0000, 0x0000, 0x0000, 0x0000, 0x0000, 0x0000, 0x0000, 0x0000, 0x0000, 0x0000, 0x0000, 0x0000, 0x0000, 0x0000, 0x0000,   // 0x3020 (12320) pixels
0x0000, 0x0000, 0x0000, 0x0000, 0x0000, 0x0000, 0x0000, 0x0000, 0x0000, 0x0000, 0x0000, 0x0000, 0x0000, 0x0000, 0x0000, 0x0000,   // 0x3030 (12336) pixels
0x0000, 0x0000, 0x0000, 0x0000, 0x0000, 0x0000, 0x0000, 0x0000, 0x0000, 0x0000, 0x0000, 0x0000, 0x0000, 0x0000, 0x0000, 0x0000,   // 0x3040 (12352) pixels
0x0000, 0x0000, 0x0000, 0x0000, 0x0000, 0x0000, 0x0000, 0x0000, 0x0000, 0x0000, 0x0000, 0x0000, 0x0000, 0x0000, 0x0000, 0x0000,   // 0x3050 (12368) pixels
0x0000, 0x0000, 0x0000, 0x0000, 0x0000, 0x0000, 0x0000, 0x0000, 0x0000, 0x0000, 0x0000, 0x0000, 0x0000, 0x0000, 0x0000, 0x0000,   // 0x3060 (12384) pixels
0x0000, 0x0000, 0x0000, 0x0000, 0x0000, 0x0000, 0x0000, 0x0000, 0x0000, 0x0000, 0x0000, 0x0000, 0x0000, 0x0000, 0x0000, 0x0021,   // 0x3070 (12400) pixels
0x0000, 0x2000, 0x7060, 0xC141, 0xF281, 0xFBA1, 0xF561, 0xFE01, 0xFE20, 0xFE80, 0xEE00, 0xFE03, 0xFCE5, 0xFB83, 0xFB42, 0xFB42,   // 0x3080 (12416) pixels
0xFB21, 0xFB01, 0xFAE2, 0xEA62, 0xC9A0, 0xB140, 0x50A4, 0x0842, 0x30A8, 0x590C, 0x512B, 0x616B, 0x40E8, 0x1865, 0x0001, 0x2000,   // 0x3090 (12432) pixels
0x91C2, 0xE2E1, 0xFB40, 0xEB42, 0x81C2, 0x2000, 0x0800, 0x1822, 0x3908, 0x51AC, 0x59AD, 0x598D, 0x618C, 0x618B, 0x518B, 0x2909,   // 0x30A0 (12448) pixels
0x00A5, 0x0001, 0x1800, 0x68E0, 0xB200, 0xE2E0, 0xF340, 0xEB63, 0xBAA3, 0x50E0, 0x0800, 0x0001, 0x0002, 0x2845, 0x514A, 0x518B,   // 0x30B0 (12464) pixels
0x412A, 0x40CA, 0x48CA, 0x38C9, 0x2005, 0x2825, 0x9100, 0xB9C2, 0xDA42, 0xFB43, 0xFB82, 0xFBC2, 0xFB82, 0xFB62, 0xFB82, 0xFBA3,   // 0x30C0 (12480) pixels
0xE262, 0xD0A1, 0xD804, 0xC805, 0xC805, 0xD003, 0xD805, 0xD863, 0xE8A1, 0xF8C0, 0xF8E1, 0xD8C2, 0x6841, 0x0800, 0x0000, 0x0000,   // 0x30D0 (12496) pixels
0x0000, 0x0000, 0x0000, 0x0000, 0x0000, 0x0000, 0x0000, 0x0000, 0x0000, 0x0000, 0x0000, 0x0000, 0x0000, 0x0000, 0x0000, 0x0000,   // 0x30E0 (12512) pixels
0x0000, 0x0000, 0x0000, 0x0000, 0x0000, 0x0000, 0x0000, 0x0000, 0x0000, 0x0000, 0x0000, 0x0000, 0x0000, 0x0000, 0x0000, 0x0000,   // 0x30F0 (12528) pixels
0x0000, 0x0000, 0x0000, 0x0000, 0x0000, 0x0000, 0x0000, 0x0000, 0x0000, 0x0000, 0x0000, 0x0000, 0x0000, 0x0000, 0x0000, 0x0000,   // 0x3100 (12544) pixels
0x0000, 0x0000, 0x0000, 0x0000, 0x0000, 0x0000, 0x0000, 0x0000, 0x0000, 0x0000, 0x0000, 0x0000, 0x0000, 0x0000, 0x0000, 0x0000,   // 0x3110 (12560) pixels
0x0000, 0x0000, 0x0000, 0x0000, 0x0000, 0x0000, 0x0000, 0x0000, 0x0000, 0x0000, 0x0000, 0x0000, 0x0000, 0x0000, 0x0000, 0x0000,   // 0x3120 (12576) pixels
0x0000, 0x0000, 0x0000, 0x0000, 0x0000, 0x0000, 0x0000, 0x0000, 0x0000, 0x0000, 0x0000, 0x0000, 0x0020, 0x0001, 0x0001, 0x0000,   // 0x3130 (12592) pixels
0x1800, 0x5800, 0xA0A0, 0xD182, 0xEB60, 0xFCC2, 0xF540, 0xFE20, 0xFE60, 0xFE82, 0xC443, 0x6120, 0x8943, 0x8143, 0x8943, 0x8943,   // 0x3140 (12608) pixels
0x8924, 0x70C4, 0x4822, 0x2000, 0x1801, 0x0022, 0x30A8, 0x616D, 0x59AD, 0x69AD, 0x69AC, 0x410A, 0x1824, 0x0002, 0x0000, 0x3020,   // 0x3150 (12624) pixels
0x5800, 0x5800, 0x2000, 0x0002, 0x1002, 0x38E7, 0x59CC, 0x59CD, 0x61AD, 0x618C, 0x618C, 0x596B, 0x696B, 0x614A, 0x40E9, 0x1845,   // 0x3160 (12640) pixels
0x0002, 0x0000, 0x2000, 0x4820, 0x6000, 0x5820, 0x3821, 0x0000, 0x0002, 0x0065, 0x28A7, 0x594B, 0x61EB, 0x620D, 0x598C, 0x50CA,   // 0x3170 (12656) pixels
0x48AA, 0x30C9, 0x1825, 0x1824, 0x0003, 0x2003, 0x4022, 0x7103, 0x7942, 0x7182, 0x71A2, 0x71A2, 0x7920, 0xC9C3, 0xF942, 0xE000,   // 0x3180 (12672) pixels
0xC803, 0xC827, 0xD847, 0xE004, 0xD880, 0xE8A1, 0xF8C1, 0xF8C1, 0xC8A1, 0x7861, 0x2020, 0x0021, 0x0000, 0x0000, 0x0000, 0x0000,   // 0x3190 (12688) pixels
0x0000, 0x0000, 0x0000, 0x0000, 0x0000, 0x0000, 0x0000, 0x0000, 0x0000, 0x0000, 0x0000, 0x0000, 0x0000, 0x0000, 0x0000, 0x0000,   // 0x31A0 (12704) pixels
0x0000, 0x0000, 0x0000, 0x0000, 0x0000, 0x0000, 0x0000, 0x0000, 0x0000, 0x0000, 0x0000, 0x0000, 0x0000, 0x0000, 0x0000, 0x0000,   // 0x31B0 (12720) pixels
0x0000, 0x0000, 0x0000, 0x0000, 0x0000, 0x0000, 0x0000, 0x0000, 0x0000, 0x0000, 0x0000, 0x0000, 0x0000, 0x0000, 0x0000, 0x0000,   // 0x31C0 (12736) pixels
0x0000, 0x0000, 0x0000, 0x0000, 0x0000, 0x0000, 0x0000, 0x0000, 0x0000, 0x0000, 0x0000, 0x0000, 0x0000, 0x0000, 0x0000, 0x0000,   // 0x31D0 (12752) pixels
0x0000, 0x0000, 0x0000, 0x0000, 0x0000, 0x0000, 0x0000, 0x0000, 0x0000, 0x0000, 0x0000, 0x0000, 0x0000, 0x0000, 0x0000, 0x0000,   // 0x31E0 (12768) pixels
0x0000, 0x0000, 0x0000, 0x0000, 0x0000, 0x0000, 0x0000, 0x0000, 0x0000, 0x0000, 0x0000, 0x0000, 0x0001, 0x0001, 0x0000, 0x0000,   // 0x31F0 (12784) pixels
0x3000, 0x7801, 0xE061, 0xE8C1, 0xD9E0, 0xEC22, 0xECC2, 0xD403, 0x6A03, 0x0062, 0x0003, 0x0003, 0x0003, 0x0803, 0x1003, 0x0804,   // 0x3200 (12800) pixels
0x0004, 0x0026, 0x2002, 0x0023, 0x2867, 0x616C, 0x59CD, 0x61AC, 0x69CE, 0x59AE, 0x51A9, 0x28C6, 0x0043, 0x0002, 0x0000, 0x0800,   // 0x3210 (12816) pixels
0x1823, 0x3928, 0x38E8, 0x518B, 0x61ED, 0x59AD, 0x598D, 0x61AD, 0x61AC, 0x618B, 0x59AA, 0x59AB, 0x61AC, 0x594B, 0x40E9, 0x2066,   // 0x3220 (12832) pixels
0x0003, 0x0002, 0x0021, 0x0001, 0x0802, 0x0803, 0x2086, 0x416A, 0x51AB, 0x69ED, 0x61CB, 0x61CC, 0x61AD, 0x612C, 0x48CA, 0x28A8,   // 0x3230 (12848) pixels
0x1025, 0x1004, 0x0068, 0x0006, 0x0004, 0x1805, 0x1003, 0x0803, 0x0003, 0x0003, 0x0063, 0x5884, 0xB8E6, 0xC885, 0xC084, 0xC022,   // 0x3240 (12864) pixels
0xD062, 0xE8E3, 0xF161, 0xF122, 0xD8E2, 0x98A2, 0x4040, 0x0800, 0x0000, 0x0000, 0x0000, 0x0000, 0x0000, 0x0000, 0x0000, 0x0000,   // 0x3250 (12880) pixels
0x0000, 0x0000, 0x0000, 0x0000, 0x0000, 0x0000, 0x0000, 0x0000, 0x0000, 0x0000, 0x0000, 0x0000, 0x0000, 0x0000, 0x0000, 0x0000,   // 0x3260 (12896) pixels
0x0000, 0x0000, 0x0000, 0x0000, 0x0000, 0x0000, 0x0000, 0x0000, 0x0000, 0x0000, 0x0000, 0x0000, 0x0000, 0x0000, 0x0000, 0x0000,   // 0x3270 (12912) pixels
0x0000, 0x0000, 0x0000, 0x0000, 0x0000, 0x0000, 0x0000, 0x0000, 0x0000, 0x0000, 0x0000, 0x0000, 0x0000, 0x0000, 0x0000, 0x0000,   // 0x3280 (12928) pixels
0x0000, 0x0000, 0x0000, 0x0000, 0x0000, 0x0000, 0x0000, 0x0000, 0x0000, 0x0000, 0x0000, 0x0000, 0x0000, 0x0000, 0x0000, 0x0000,   // 0x3290 (12944) pixels
0x0000, 0x0000, 0x0000, 0x0000, 0x0000, 0x0000, 0x0000, 0x0000, 0x0000, 0x0000, 0x0000, 0x0000, 0x0000, 0x0000, 0x0000, 0x0000,   // 0x32A0 (12960) pixels
0x0000, 0x0000, 0x0000, 0x0000, 0x0000, 0x0000, 0x0000, 0x0000, 0x0800, 0x0000, 0x0000, 0x0000, 0x0001, 0x0000, 0x0000, 0x2042,   // 0x32B0 (12976) pixels
0x6803, 0x4000, 0x7841, 0xD8E5, 0x9862, 0x0800, 0x1022, 0x996E, 0xB2CF, 0xB2EF, 0xBB50, 0xC350, 0xC26E, 0xB14A, 0xA8E8, 0xA8E9,   // 0x32C0 (12992) pixels
0x58A7, 0x0844, 0x2026, 0x590B, 0x59AC, 0x51CB, 0x51CD, 0x61CF, 0x59CB, 0x516A, 0x50A9, 0x4087, 0x40C7, 0x38E6, 0x38E7, 0x598B,   // 0x32D0 (13008) pixels
0x61CD, 0x59AD, 0x59AD, 0x61CD, 0x59AD, 0x61AC, 0x61CC, 0x61CC, 0x59CC, 0x51EC, 0x51EC, 0x59EC, 0x61CD, 0x594B, 0x40C8, 0x40E9,   // 0x32E0 (13024) pixels
0x3128, 0x38E7, 0x40C7, 0x4909, 0x518B, 0x59EC, 0x59CC, 0x61CC, 0x61CB, 0x59AB, 0x698C, 0x614C, 0x40EA, 0x2087, 0x1004, 0x2004,   // 0x32F0 (13040) pixels
0x80E8, 0x88E8, 0x9929, 0xBA8D, 0xBAEF, 0xBB30, 0xBB11, 0xBAD0, 0x798A, 0x1843, 0x1021, 0x68A3, 0xE9A5, 0xF982, 0xF960, 0xF9E1,   // 0x3300 (13056) pixels
0xD8C2, 0x9881, 0x4060, 0x1020, 0x0000, 0x0001, 0x0000, 0x0021, 0x0000, 0x0000, 0x0000, 0x0000, 0x0000, 0x0000, 0x0000, 0x0000,   // 0x3310 (13072) pixels
0x0000, 0x0000, 0x0000, 0x0000, 0x0000, 0x0000, 0x0000, 0x0000, 0x0000, 0x0000, 0x0000, 0x0000, 0x0000, 0x0000, 0x0000, 0x0000,   // 0x3320 (13088) pixels
0x0000, 0x0000, 0x0000, 0x0000, 0x0000, 0x0000, 0x0000, 0x0000, 0x0000, 0x0000, 0x0000, 0x0000, 0x0000, 0x0000, 0x0000, 0x0000,   // 0x3330 (13104) pixels
0x0000, 0x0000, 0x0000, 0x0000, 0x0000, 0x0000, 0x0000, 0x0000, 0x0000, 0x0000, 0x0000, 0x0000, 0x0000, 0x0000, 0x0000, 0x0000,   // 0x3340 (13120) pixels
0x0000, 0x0000, 0x0000, 0x0000, 0x0000, 0x0000, 0x0000, 0x0000, 0x0000, 0x0000, 0x0000, 0x0000, 0x0000, 0x0000, 0x0000, 0x0000,   // 0x3350 (13136) pixels
0x0000, 0x0000, 0x0000, 0x0000, 0x0000, 0x0000, 0x0000, 0x0000, 0x0000, 0x0000, 0x0000, 0x0000, 0x0000, 0x0000, 0x0000, 0x0000,   // 0x3360 (13152) pixels
0x0000, 0x0000, 0x0000, 0x0000, 0x0000, 0x0000, 0x0040, 0x0000, 0x0800, 0x0000, 0x0020, 0x0000, 0x0000, 0x0041, 0x0800, 0x0000,   // 0x3370 (13168) pixels
0x1020, 0x2801, 0x2803, 0x3865, 0x89AA, 0xFBF4, 0xFB70, 0xF32E, 0xEB0D, 0xF2ED, 0xF24B, 0xF1A9, 0xF989, 0xF9A9, 0x80A8, 0x1003,   // 0x3380 (13184) pixels
0x1004, 0x50C9, 0x61CC, 0x5A0C, 0x51CC, 0x59CE, 0x618D, 0x69CE, 0x61CE, 0x61CD, 0x620D, 0x620D, 0x59CD, 0x61CE, 0x61ED, 0x59AC,   // 0x3390 (13200) pixels
0x59CC, 0x620D, 0x61ED, 0x59CC, 0x59ED, 0x59ED, 0x69CF, 0x61AE, 0x61AD, 0x61CD, 0x59ED, 0x5A0D, 0x59CC, 0x620D, 0x71CC, 0x71AC,   // 0x33A0 (13216) pixels
0x69AC, 0x61AC, 0x61ED, 0x61ED, 0x59CC, 0x61AC, 0x61CC, 0x61AC, 0x69AD, 0x512B, 0x30C9, 0x1045, 0x1804, 0x4845, 0xE129, 0xE96A,   // 0x33B0 (13232) pixels
0xF1AA, 0xFAAD, 0xFAED, 0xFB2E, 0xFAEE, 0xFA8D, 0xF1CE, 0x8109, 0x2885, 0x1800, 0x78C1, 0xD9A4, 0xD963, 0xB8E2, 0x6823, 0x3000,   // 0x33C0 (13248) pixels
0x0020, 0x0040, 0x0000, 0x1001, 0x0001, 0x0021, 0x0000, 0x0000, 0x0000, 0x0000, 0x0000, 0x0000, 0x0000, 0x0000, 0x0000, 0x0000,   // 0x33D0 (13264) pixels
0x0000, 0x0000, 0x0000, 0x0000, 0x0000, 0x0000, 0x0000, 0x0000, 0x0000, 0x0000, 0x0000, 0x0000, 0x0000, 0x0000, 0x0000, 0x0000,   // 0x33E0 (13280) pixels
0x0000, 0x0000, 0x0000, 0x0000, 0x0000, 0x0000, 0x0000, 0x0000, 0x0000, 0x0000, 0x0000, 0x0000, 0x0000, 0x0000, 0x0000, 0x0000,   // 0x33F0 (13296) pixels
0x0000, 0x0000, 0x0000, 0x0000, 0x0000, 0x0000, 0x0000, 0x0000, 0x0000, 0x0000, 0x0000, 0x0000, 0x0000, 0x0000, 0x0000, 0x0000,   // 0x3400 (13312) pixels
0x0000, 0x0000, 0x0000, 0x0000, 0x0000, 0x0000, 0x0000, 0x0000, 0x0000, 0x0000, 0x0000, 0x0000, 0x0000, 0x0000, 0x0000, 0x0000,   // 0x3410 (13328) pixels
0x0000, 0x0000, 0x0000, 0x0000, 0x0000, 0x0000, 0x0000, 0x0000, 0x0000, 0x0000, 0x0000, 0x0000, 0x0000, 0x0000, 0x0000, 0x0000,   // 0x3420 (13344) pixels
0x0000, 0x0000, 0x0000, 0x0000, 0x0040, 0x0020, 0x0800, 0x0000, 0x0020, 0x0000, 0x0000, 0x0001, 0x0020, 0x0080, 0x0040, 0x2000,   // 0x3430 (13360) pixels
0x99AA, 0xFB51, 0xFAEE, 0xF2AC, 0xF149, 0xE128, 0xD928, 0xE949, 0xF14A, 0xF129, 0xE108, 0xD0C7, 0x8026, 0x1803, 0x0804, 0x38A8,   // 0x3440 (13376) pixels
0x59AB, 0x69CC, 0x61AC, 0x59CD, 0x618D, 0x59AD, 0x59CE, 0x59CD, 0x59CD, 0x61CD, 0x59EE, 0x59EE, 0x59CC, 0x61EC, 0x620C, 0x620D,   // 0x3450 (13392) pixels
0x622D, 0x622D, 0x5A0D, 0x622E, 0x5A2E, 0x61ED, 0x6A0D, 0x69ED, 0x61CC, 0x59ED, 0x59ED, 0x5A0D, 0x5A2C, 0x622D, 0x61ED, 0x61CD,   // 0x3460 (13408) pixels
0x61AD, 0x61AD, 0x61CD, 0x61CD, 0x61AD, 0x61AD, 0x61AD, 0x40C9, 0x2067, 0x0803, 0x3003, 0x7066, 0xC8C8, 0xE12A, 0xE90A, 0xF129,   // 0x3470 (13424) pixels
0xE128, 0xE949, 0xE948, 0xE928, 0xE98D, 0xFAD1, 0xDB93, 0x5946, 0x2000, 0x3000, 0x3000, 0x2000, 0x0000, 0x0000, 0x0000, 0x0000,   // 0x3480 (13440) pixels
0x0000, 0x0000, 0x0000, 0x0000, 0x0000, 0x0000, 0x0000, 0x0000, 0x0000, 0x0000, 0x0000, 0x0000, 0x0000, 0x0000, 0x0000, 0x0000,   // 0x3490 (13456) pixels
0x0000, 0x0000, 0x0000, 0x0000, 0x0000, 0x0000, 0x0000, 0x0000, 0x0000, 0x0000, 0x0000, 0x0000, 0x0000, 0x0000, 0x0000, 0x0000,   // 0x34A0 (13472) pixels
0x0000, 0x0000, 0x0000, 0x0000, 0x0000, 0x0000, 0x0000, 0x0000, 0x0000, 0x0000, 0x0000, 0x0000, 0x0000, 0x0000, 0x0000, 0x0000,   // 0x34B0 (13488) pixels
0x0000, 0x0000, 0x0000, 0x0000, 0x0000, 0x0000, 0x0000, 0x0000, 0x0000, 0x0000, 0x0000, 0x0000, 0x0000, 0x0000, 0x0000, 0x0000,   // 0x34C0 (13504) pixels
0x0000, 0x0000, 0x0000, 0x0000, 0x0000, 0x0000, 0x0000, 0x0000, 0x0000, 0x0000, 0x0000, 0x0000, 0x0000, 0x0000, 0x0000, 0x0000,   // 0x34D0 (13520) pixels
0x0000, 0x0000, 0x0000, 0x0000, 0x0000, 0x0000, 0x0000, 0x0000, 0x0000, 0x0000, 0x0000, 0x0000, 0x0000, 0x0000, 0x0000, 0x0000,   // 0x34E0 (13536) pixels
0x0000, 0x0000, 0x1001, 0x0001, 0x0020, 0x0000, 0x0800, 0x0000, 0x0000, 0x0000, 0x1000, 0x6043, 0xA0A6, 0xCA2A, 0xF3AF, 0xF2CC,   // 0x34F0 (13552) pixels
0xE127, 0xE948, 0xF948, 0xF128, 0xE949, 0xF14A, 0xE94A, 0xD129, 0xA0C6, 0x7002, 0x7805, 0x2844, 0x0804, 0x1866, 0x4108, 0x692A,   // 0x3500 (13568) pixels
0x718C, 0x59CD, 0x622B, 0x61CB, 0x61AB, 0x61ED, 0x5A0D, 0x5A0C, 0x61EC, 0x61AC, 0x61EC, 0x6A4D, 0x620C, 0x49AA, 0x51CB, 0x51CC,   // 0x3510 (13584) pixels
0x498B, 0x49AC, 0x49C9, 0x49C9, 0x524B, 0x5A4C, 0x5A0C, 0x6A0D, 0x69ED, 0x61ED, 0x5A0C, 0x620D, 0x61ED, 0x61CD, 0x61CD, 0x61CD,   // 0x3520 (13600) pixels
0x61EC, 0x59CB, 0x61AD, 0x618D, 0x514C, 0x2868, 0x1846, 0x1003, 0x4003, 0x8026, 0x7002, 0xA8E7, 0xD929, 0xF16A, 0xF149, 0xF16A,   // 0x3530 (13616) pixels
0xE949, 0xF149, 0xE90A, 0xE1E9, 0xFB8D, 0xEAAA, 0xB926, 0x6822, 0x1000, 0x0060, 0x0020, 0x0000, 0x0000, 0x0000, 0x0000, 0x0000,   // 0x3540 (13632) pixels
0x0000, 0x0000, 0x0000, 0x0000, 0x0000, 0x0000, 0x0000, 0x0000, 0x0000, 0x0000, 0x0000, 0x0000, 0x0000, 0x0000, 0x0000, 0x0000,   // 0x3550 (13648) pixels
0x0000, 0x0000, 0x0000, 0x0000, 0x0000, 0x0000, 0x0000, 0x0000, 0x0000, 0x0000, 0x0000, 0x0000, 0x0000, 0x0000, 0x0000, 0x0000,   // 0x3560 (13664) pixels
0x0000, 0x0000, 0x0000, 0x0000, 0x0000, 0x0000, 0x0000, 0x0000, 0x0000, 0x0000, 0x0000, 0x0000, 0x0000, 0x0000, 0x0000, 0x0000,   // 0x3570 (13680) pixels
0x0000, 0x0000, 0x0000, 0x0000, 0x0000, 0x0000, 0x0000, 0x0000, 0x0000, 0x0000, 0x0000, 0x0000, 0x0000, 0x0000, 0x0000, 0x0000,   // 0x3580 (13696) pixels
0x0000, 0x0000, 0x0000, 0x0000, 0x0000, 0x0000, 0x0000, 0x0000, 0x0000, 0x0000, 0x0000, 0x0000, 0x0000, 0x0000, 0x0000, 0x0000,   // 0x3590 (13712) pixels
0x0000, 0x0000, 0x0000, 0x0000, 0x0000, 0x0000, 0x0000, 0x0000, 0x0000, 0x0000, 0x0000, 0x0000, 0x0000, 0x0000, 0x0000, 0x0000,   // 0x35A0 (13728) pixels
0x0040, 0x0800, 0x0800, 0x0000, 0x0000, 0x0000, 0x0020, 0x0000, 0x0800, 0x9822, 0xF1E7, 0xFBAB, 0xF28B, 0xF0E9, 0xF129, 0xF189,   // 0x35B0 (13744) pixels
0xE989, 0xE9C6, 0xF244, 0xFAA3, 0xE203, 0xB081, 0x8802, 0x8805, 0x8026, 0x4005, 0x1001, 0x1002, 0x2027, 0x410B, 0x61CB, 0x71AC,   // 0x35C0 (13760) pixels
0x520B, 0x51EB, 0x59CB, 0x6A0D, 0x620D, 0x418A, 0x31CB, 0x1128, 0x18A6, 0x5ACE, 0x2948, 0x2927, 0x3189, 0x1064, 0x2947, 0x3188,   // 0x35D0 (13776) pixels
0x2988, 0x18E6, 0x18C6, 0x41EA, 0x1085, 0x4A2C, 0x41CB, 0x28E8, 0x52EF, 0x1907, 0x418B, 0x6A4E, 0x618B, 0x618C, 0x61ED, 0x59CC,   // 0x35E0 (13792) pixels
0x69AE, 0x614B, 0x4088, 0x0805, 0x0044, 0x1801, 0x5023, 0x8027, 0x7804, 0x8803, 0xA802, 0xE165, 0xFA46, 0xF206, 0xF187, 0xF94A,   // 0x35F0 (13808) pixels
0xF149, 0xF929, 0xE968, 0xFAAD, 0xF9EA, 0xC841, 0x7860, 0x0001, 0x0000, 0x0800, 0x0000, 0x0000, 0x0800, 0x0000, 0x0000, 0x0000,   // 0x3600 (13824) pixels
0x0000, 0x0000, 0x0000, 0x0000, 0x0000, 0x0000, 0x0000, 0x0000, 0x0000, 0x0000, 0x0000, 0x0000, 0x0000, 0x0000, 0x0000, 0x0000,   // 0x3610 (13840) pixels
0x0000, 0x0000, 0x0000, 0x0000, 0x0000, 0x0000, 0x0000, 0x0000, 0x0000, 0x0000, 0x0000, 0x0000, 0x0000, 0x0000, 0x0000, 0x0000,   // 0x3620 (13856) pixels
0x0000, 0x0000, 0x0000, 0x0000, 0x0000, 0x0000, 0x0000, 0x0000, 0x0000, 0x0000, 0x0000, 0x0000, 0x0000, 0x0000, 0x0000, 0x0000,   // 0x3630 (13872) pixels
0x0000, 0x0000, 0x0000, 0x0000, 0x0000, 0x0000, 0x0000, 0x0000, 0x0000, 0x0000, 0x0000, 0x0000, 0x0000, 0x0000, 0x0000, 0x0000,   // 0x3640 (13888) pixels
0x0000, 0x0000, 0x0000, 0x0000, 0x0000, 0x0000, 0x0000, 0x0000, 0x0000, 0x0000, 0x0000, 0x0000, 0x0000, 0x0000, 0x0000, 0x0000,   // 0x3650 (13904) pixels
0x0000, 0x0000, 0x0000, 0x0000, 0x0000, 0x0000, 0x0000, 0x0000, 0x0000, 0x0000, 0x0000, 0x0000, 0x0000, 0x0000, 0x0000, 0x0801,   // 0x3660 (13920) pixels
0x0801, 0x0000, 0x0000, 0x0020, 0x0000, 0x1821, 0x6821, 0xB060, 0xE9A2, 0xF288, 0xE9E9, 0xF109, 0xF149, 0xE147, 0xEA22, 0xF2A2,   // 0x3670 (13936) pixels
0xFB42, 0xFB83, 0xFB04, 0xD1A4, 0xB084, 0xA025, 0xA005, 0x9845, 0x6064, 0x1803, 0x0005, 0x1848, 0x40EA, 0x51CB, 0x61AD, 0x61EE,   // 0x3680 (13952) pixels
0x620E, 0x624D, 0x5A2B, 0x3988, 0x526B, 0x5ACC, 0x18C6, 0x4A4C, 0x3189, 0x4A2B, 0x5AAD, 0x420A, 0x5ACD, 0x630E, 0x630E, 0x420A,   // 0x3690 (13968) pixels
0x3168, 0x420A, 0x20E6, 0x398A, 0x3128, 0x28E7, 0x520B, 0x20C6, 0x41AA, 0x5AAE, 0x5A4D, 0x622D, 0x69EC, 0x61AC, 0x516A, 0x2868,   // 0x36A0 (13984) pixels
0x1827, 0x1804, 0x3003, 0x6844, 0xA046, 0xB804, 0x9004, 0xB0A4, 0xD143, 0xEA62, 0xFB22, 0xFB23, 0xFA84, 0xE984, 0xF929, 0xE989,   // 0x36B0 (14000) pixels
0xE928, 0xF9CA, 0xEA6A, 0xE9A5, 0xA8C2, 0x0800, 0x0000, 0x0000, 0x0000, 0x0000, 0x0800, 0x0000, 0x0000, 0x0000, 0x0000, 0x0000,   // 0x36C0 (14016) pixels
0x0000, 0x0000, 0x0000, 0x0000, 0x0000, 0x0000, 0x0000, 0x0000, 0x0000, 0x0000, 0x0000, 0x0000, 0x0000, 0x0000, 0x0000, 0x0000,   // 0x36D0 (14032) pixels
0x0000, 0x0000, 0x0000, 0x0000, 0x0000, 0x0000, 0x0000, 0x0000, 0x0000, 0x0000, 0x0000, 0x0000, 0x0000, 0x0000, 0x0000, 0x0000,   // 0x36E0 (14048) pixels
0x0000, 0x0000, 0x0000, 0x0000, 0x0000, 0x0000, 0x0000, 0x0000, 0x0000, 0x0000, 0x0000, 0x0000, 0x0000, 0x0000, 0x0000, 0x0000,   // 0x36F0 (14064) pixels
0x0000, 0x0000, 0x0000, 0x0000, 0x0000, 0x0000, 0x0000, 0x0000, 0x0000, 0x0000, 0x0000, 0x0000, 0x0000, 0x0000, 0x0000, 0x0000,   // 0x3700 (14080) pixels
0x0000, 0x0000, 0x0000, 0x0000, 0x0000, 0x0000, 0x0000, 0x0000, 0x0000, 0x0000, 0x0000, 0x0000, 0x0000, 0x0000, 0x0000, 0x0000,   // 0x3710 (14096) pixels
0x0000, 0x0000, 0x0000, 0x0000, 0x0000, 0x0000, 0x0000, 0x0000, 0x0000, 0x0000, 0x0000, 0x0000, 0x0002, 0x0001, 0x0000, 0x0000,   // 0x3720 (14112) pixels
0x0820, 0x0000, 0x0800, 0x4042, 0xD8E6, 0xFAE3, 0xFAC3, 0xF186, 0xF149, 0xE0E7, 0xD8C7, 0xD987, 0xFAE0, 0xFB61, 0xFBA1, 0xFB21,   // 0x3730 (14128) pixels
0xE242, 0xC902, 0xB843, 0xB005, 0xC002, 0xC885, 0x8826, 0x3004, 0x0842, 0x0803, 0x1005, 0x2046, 0x61EC, 0x6A6E, 0x6AAF, 0x6AAE,   // 0x3740 (14144) pixels
0x62AD, 0x5A2B, 0x6ACD, 0x72EF, 0x528D, 0x62EF, 0x528D, 0x62EF, 0x630F, 0x5AAD, 0x62EE, 0x5AAD, 0x62ED, 0x5AAC, 0x5AAD, 0x62EE,   // 0x3750 (14160) pixels
0x5A8C, 0x526C, 0x4A0B, 0x4A2B, 0x72AD, 0x51CA, 0x524B, 0x5AAD, 0x5AAD, 0x628D, 0x5A0C, 0x59CB, 0x30E6, 0x1004, 0x0004, 0x1043,   // 0x3760 (14176) pixels
0x78A5, 0xC806, 0xD804, 0xD023, 0xB845, 0xC8A4, 0xE1A2, 0xFB01, 0xFBC0, 0xFBA0, 0xF322, 0xEA42, 0xF108, 0xD127, 0xE8C7, 0xF169,   // 0x3770 (14192) pixels
0xEAEB, 0xFB29, 0xE1C5, 0x5041, 0x0800, 0x0000, 0x0000, 0x0000, 0x0800, 0x0000, 0x0000, 0x0000, 0x0000, 0x0000, 0x0000, 0x0000,   // 0x3780 (14208) pixels
0x0000, 0x0000, 0x0000, 0x0000, 0x0000, 0x0000, 0x0000, 0x0000, 0x0000, 0x0000, 0x0000, 0x0000, 0x0000, 0x0000, 0x0000, 0x0000,   // 0x3790 (14224) pixels
0x0000, 0x0000, 0x0000, 0x0000, 0x0000, 0x0000, 0x0000, 0x0000, 0x0000, 0x0000, 0x0000, 0x0000, 0x0000, 0x0000, 0x0000, 0x0000,   // 0x37A0 (14240) pixels
0x0000, 0x0000, 0x0000, 0x0000, 0x0000, 0x0000, 0x0000, 0x0000, 0x0000, 0x0000, 0x0000, 0x0000, 0x0000, 0x0000, 0x0000, 0x0000,   // 0x37B0 (14256) pixels
0x0000, 0x0000, 0x0000, 0x0000, 0x0000, 0x0000, 0x0000, 0x0000, 0x0000, 0x0000, 0x0000, 0x0000, 0x0000, 0x0000, 0x0000, 0x0000,   // 0x37C0 (14272) pixels
0x0000, 0x0000, 0x0000, 0x0000, 0x0000, 0x0000, 0x0000, 0x0000, 0x0000, 0x0000, 0x0000, 0x0000, 0x0000, 0x0000, 0x0000, 0x0000,   // 0x37D0 (14288) pixels
0x0000, 0x0000, 0x0000, 0x0000, 0x0000, 0x0000, 0x0000, 0x0000, 0x0000, 0x0000, 0x0000, 0x0020, 0x0040, 0x0040, 0x0000, 0x0000,   // 0x37E0 (14304) pixels
0x1000, 0x4001, 0xE822, 0xFC01, 0xFBE3, 0xF106, 0xE8A7, 0xD065, 0xC804, 0xD946, 0xFA63, 0xFA84, 0xEA64, 0xD9A3, 0xC8A2, 0xC003,   // 0x37F0 (14320) pixels
0xC005, 0xC807, 0xE804, 0x9885, 0x4004, 0x5023, 0x9943, 0x9143, 0x4042, 0x0002, 0x2085, 0x3929, 0x5A0D, 0x626E, 0x6AEF, 0x5AAD,   // 0x3800 (14336) pixels
0x5ACE, 0x52CF, 0x62CE, 0x5AAD, 0x5AAE, 0x62CE, 0x5ACE, 0x5ACD, 0x62EE, 0x5ACE, 0x5ACD, 0x62CD, 0x62EE, 0x62CD, 0x62CE, 0x5AAD,   // 0x3810 (14352) pixels
0x5AAD, 0x6AEE, 0x62AD, 0x628D, 0x6AAE, 0x728E, 0x728E, 0x5A2D, 0x3108, 0x1886, 0x0802, 0x60A5, 0x70E6, 0x2802, 0x5003, 0xC846,   // 0x3820 (14368) pixels
0xE004, 0xC024, 0xC805, 0xC803, 0xD0A2, 0xEA03, 0xF2E2, 0xF322, 0xFB05, 0xFA86, 0xD8E6, 0xD044, 0xD865, 0xE148, 0xF28A, 0xFB27,   // 0x3830 (14384) pixels
0xDA02, 0x9841, 0x2000, 0x0020, 0x0020, 0x0000, 0x0000, 0x0000, 0x0000, 0x0000, 0x0000, 0x0000, 0x0000, 0x0000, 0x0000, 0x0000,   // 0x3840 (14400) pixels
0x0000, 0x0000, 0x0000, 0x0000, 0x0000, 0x0000, 0x0000, 0x0000, 0x0000, 0x0000, 0x0000, 0x0000, 0x0000, 0x0000, 0x0000, 0x0000,   // 0x3850 (14416) pixels
0x0000, 0x0000, 0x0000, 0x0000, 0x0000, 0x0000, 0x0000, 0x0000, 0x0000, 0x0000, 0x0000, 0x0000, 0x0000, 0x0000, 0x0000, 0x0000,   // 0x3860 (14432) pixels
0x0000, 0x0000, 0x0000, 0x0000, 0x0000, 0x0000, 0x0000, 0x0000, 0x0000, 0x0000, 0x0000, 0x0000, 0x0000, 0x0000, 0x0000, 0x0000,   // 0x3870 (14448) pixels
0x0000, 0x0000, 0x0000, 0x0000, 0x0000, 0x0000, 0x0000, 0x0000, 0x0000, 0x0000, 0x0000, 0x0000, 0x0000, 0x0000, 0x0000, 0x0000,   // 0x3880 (14464) pixels
0x0000, 0x0000, 0x0000, 0x0000, 0x0000, 0x0000, 0x0000, 0x0000, 0x0000, 0x0000, 0x0000, 0x0000, 0x0000, 0x0000, 0x0000, 0x0000,   // 0x3890 (14480) pixels
0x0000, 0x0000, 0x0000, 0x0000, 0x0000, 0x0000, 0x0000, 0x0000, 0x0000, 0x0000, 0x0060, 0x0020, 0x0000, 0x0001, 0x0800, 0x5062,   // 0x38A0 (14496) pixels
0xD0C0, 0xDC20, 0xF443, 0xF147, 0xD805, 0xC804, 0xD004, 0xC822, 0xC802, 0xC022, 0xC023, 0xC023, 0xC804, 0xD004, 0xC806, 0xC806,   // 0x38B0 (14512) pixels
0x9805, 0x5004, 0x3841, 0x9962, 0xFA43, 0xFA62, 0xB1E2, 0x60C3, 0x0003, 0x0005, 0x20C9, 0x398C, 0x5A8E, 0x5A8C, 0x5A8D, 0x62AE,   // 0x38C0 (14528) pixels
0x62CE, 0x62CE, 0x6B0F, 0x62CE, 0x5A8D, 0x5AAE, 0x5AAE, 0x62EE, 0x6AEE, 0x5A8D, 0x62AD, 0x5A8D, 0x62EE, 0x5AAD, 0x5AAD, 0x62CD,   // 0x38D0 (14544) pixels
0x5ACE, 0x5AAE, 0x520C, 0x49AB, 0x498B, 0x30E8, 0x1004, 0x0803, 0x3021, 0xB8A4, 0xF947, 0xA0A3, 0x3800, 0x5843, 0x9825, 0xC005,   // 0x38E0 (14560) pixels
0xD005, 0xD005, 0xC804, 0xC003, 0xC082, 0xC8E2, 0xD0C4, 0xC822, 0xC084, 0xD003, 0xD025, 0xD928, 0xFA08, 0xFB46, 0xDAC2, 0xD080,   // 0x38F0 (14576) pixels
0x4001, 0x0020, 0x0040, 0x0000, 0x0000, 0x0000, 0x0000, 0x0000, 0x0000, 0x0000, 0x0000, 0x0000, 0x0000, 0x0000, 0x0000, 0x0000,   // 0x3900 (14592) pixels
0x0000, 0x0000, 0x0000, 0x0000, 0x0000, 0x0000, 0x0000, 0x0000, 0x0000, 0x0000, 0x0000, 0x0000, 0x0000, 0x0000, 0x0000, 0x0000,   // 0x3910 (14608) pixels
0x0000, 0x0000, 0x0000, 0x0000, 0x0000, 0x0000, 0x0000, 0x0000, 0x0000, 0x0000, 0x0000, 0x0000, 0x0000, 0x0000, 0x0000, 0x0000,   // 0x3920 (14624) pixels
0x0000, 0x0000, 0x0000, 0x0000, 0x0000, 0x0000, 0x0000, 0x0000, 0x0000, 0x0000, 0x0000, 0x0000, 0x0000, 0x0000, 0x0000, 0x0000,   // 0x3930 (14640) pixels
0x0000, 0x0000, 0x0000, 0x0000, 0x0000, 0x0000, 0x0000, 0x0000, 0x0000, 0x0000, 0x0000, 0x0000, 0x0000, 0x0000, 0x0000, 0x0000,   // 0x3940 (14656) pixels
0x0000, 0x0000, 0x0000, 0x0000, 0x0000, 0x0000, 0x0000, 0x0000, 0x0000, 0x0000, 0x0000, 0x0000, 0x0000, 0x0000, 0x0000, 0x0000,   // 0x3950 (14672) pixels
0x0000, 0x0000, 0x0000, 0x0000, 0x0000, 0x0000, 0x1841, 0x1000, 0x0820, 0x0000, 0x0843, 0x0001, 0x0800, 0x8245, 0xFCC6, 0xFDA3,   // 0x3960 (14688) pixels
0xF425, 0xE106, 0xD005, 0xD025, 0xD004, 0xC802, 0xD005, 0xC805, 0xC804, 0xD004, 0xD003, 0xD004, 0xC044, 0xA844, 0x2844, 0x6043,   // 0x3970 (14704) pixels
0xB1A1, 0xF321, 0xF2E0, 0xF240, 0xFA81, 0xD9E2, 0x68C4, 0x3802, 0x2804, 0x1005, 0x1886, 0x18A5, 0x20A6, 0x30C8, 0x62CE, 0x62CE,   // 0x3980 (14720) pixels
0x62CE, 0x5AAD, 0x62CE, 0x6B0F, 0x62AE, 0x62AE, 0x628E, 0x5A8D, 0x6ACF, 0x628D, 0x62AE, 0x62CE, 0x62EE, 0x5AAD, 0x5A4E, 0x41CB,   // 0x3990 (14736) pixels
0x10C6, 0x0023, 0x1044, 0x1803, 0x3004, 0x5887, 0xB8C2, 0xD861, 0xF902, 0xF9E3, 0xA9C3, 0x58A3, 0x5002, 0x9005, 0xC044, 0xC805,   // 0x39A0 (14752) pixels
0xC806, 0xC806, 0xC806, 0xC825, 0xD025, 0xD005, 0xC843, 0xC804, 0xD005, 0xD867, 0xF187, 0xFBC6, 0xFC04, 0xE940, 0x6802, 0x0800,   // 0x39B0 (14768) pixels
0x0040, 0x0000, 0x0000, 0x0000, 0x0000, 0x0000, 0x0000, 0x0000, 0x0000, 0x0000, 0x0000, 0x0000, 0x0000, 0x0000, 0x0000, 0x0000,   // 0x39C0 (14784) pixels
0x0000, 0x0000, 0x0000, 0x0000, 0x0000, 0x0000, 0x0000, 0x0000, 0x0000, 0x0000, 0x0000, 0x0000, 0x0000, 0x0000, 0x0000, 0x0000,   // 0x39D0 (14800) pixels
0x0000, 0x0000, 0x0000, 0x0000, 0x0000, 0x0000, 0x0000, 0x0000, 0x0000, 0x0000, 0x0000, 0x0000, 0x0000, 0x0000, 0x0000, 0x0000,   // 0x39E0 (14816) pixels
0x0000, 0x0000, 0x0000, 0x0000, 0x0000, 0x0000, 0x0000, 0x0000, 0x0000, 0x0000, 0x0000, 0x0000, 0x0000, 0x0000, 0x0000, 0x0000,   // 0x39F0 (14832) pixels
0x0000, 0x0000, 0x0000, 0x0000, 0x0000, 0x0000, 0x0000, 0x0000, 0x0000, 0x0000, 0x0000, 0x0000, 0x0000, 0x0000, 0x0000, 0x0000,   // 0x3A00 (14848) pixels
0x0000, 0x0000, 0x0000, 0x0000, 0x0000, 0x0000, 0x0000, 0x0000, 0x0000, 0x0000, 0x0000, 0x0000, 0x0000, 0x0000, 0x0000, 0x0000,   // 0x3A10 (14864) pixels
0x0000, 0x0000, 0x0000, 0x0000, 0x3041, 0x3800, 0x1800, 0x0800, 0x0801, 0x0800, 0x3940, 0xB484, 0xFEC7, 0xFD25, 0xEA83, 0xC823,   // 0x3A20 (14880) pixels
0xD005, 0xD026, 0xC004, 0xD024, 0xD005, 0xC805, 0xC804, 0xC803, 0xC802, 0xC043, 0x9884, 0x7043, 0x70E4, 0xBA64, 0xF382, 0xFC20,   // 0x3A30 (14896) pixels
0xFB40, 0xFA60, 0xFAA1, 0xF2A0, 0xF984, 0xB022, 0x8005, 0x4804, 0x1803, 0x0802, 0x0803, 0x0825, 0x28E6, 0x28E6, 0x28E6, 0x3968,   // 0x3A40 (14912) pixels
0x522C, 0x628E, 0x5A6D, 0x5A6D, 0x626E, 0x626E, 0x5A4D, 0x398A, 0x28E7, 0x2907, 0x3127, 0x2927, 0x3066, 0x2865, 0x1803, 0x1802,   // 0x3A50 (14928) pixels
0x3823, 0x5003, 0x7004, 0x9866, 0xF942, 0xF1C2, 0xE200, 0xFAE0, 0xFB44, 0xCA24, 0x6841, 0x4802, 0xA063, 0xB845, 0xC806, 0xD806,   // 0x3A60 (14944) pixels
0xD826, 0xC803, 0xC804, 0xD006, 0xD004, 0xD025, 0xC805, 0xD806, 0xD884, 0xEB43, 0xFC64, 0xE9A0, 0x9003, 0x1000, 0x0040, 0x0000,   // 0x3A70 (14960) pixels
0x0000, 0x0001, 0x0000, 0x0000, 0x0000, 0x0000, 0x0000, 0x0000, 0x0000, 0x0000, 0x0000, 0x0000, 0x0000, 0x0000, 0x0000, 0x0000,   // 0x3A80 (14976) pixels
0x0000, 0x0000, 0x0000, 0x0000, 0x0000, 0x0000, 0x0000, 0x0000, 0x0000, 0x0000, 0x0000, 0x0000, 0x0000, 0x0000, 0x0000, 0x0000,   // 0x3A90 (14992) pixels
0x0000, 0x0000, 0x0000, 0x0000, 0x0000, 0x0000, 0x0000, 0x0000, 0x0000, 0x0000, 0x0000, 0x0000, 0x0000, 0x0000, 0x0000, 0x0000,   // 0x3AA0 (15008) pixels
0x0000, 0x0000, 0x0000, 0x0000, 0x0000, 0x0000, 0x0000, 0x0000, 0x0000, 0x0000, 0x0000, 0x0000, 0x0000, 0x0000, 0x0000, 0x0000,   // 0x3AB0 (15024) pixels
0x0000, 0x0000, 0x0000, 0x0000, 0x0000, 0x0000, 0x0000, 0x0000, 0x0000, 0x0000, 0x0000, 0x0000, 0x0000, 0x0000, 0x0000, 0x0000,   // 0x3AC0 (15040) pixels
0x0000, 0x0000, 0x0000, 0x0000, 0x0000, 0x0000, 0x0000, 0x0000, 0x0000, 0x0000, 0x0000, 0x0000, 0x0000, 0x0000, 0x0000, 0x0000,   // 0x3AD0 (15056) pixels
0x0000, 0x0000, 0x3820, 0x8165, 0x5082, 0x3082, 0x2861, 0x59C1, 0xDE29, 0xFFA7, 0xDDC0, 0xEAA0, 0xE0E1, 0xC843, 0xC805, 0xC806,   // 0x3AE0 (15072) pixels
0xC044, 0xC804, 0xC804, 0xC805, 0xC825, 0xD004, 0xD024, 0xB8A5, 0x7865, 0x3002, 0xD943, 0xFC25, 0xFC81, 0xF3A0, 0xFBA0, 0xFB42,   // 0x3AF0 (15088) pixels
0xFB23, 0xFB20, 0xF202, 0xB020, 0x9824, 0x8847, 0x7046, 0x5824, 0x5023, 0x5845, 0x0802, 0x0802, 0x0002, 0x0803, 0x1865, 0x1024,   // 0x3B00 (15104) pixels
0x1024, 0x1845, 0x1805, 0x1805, 0x1845, 0x1845, 0x0803, 0x0803, 0x0002, 0x0002, 0x2003, 0x4065, 0x5885, 0x7065, 0x8865, 0x9824,   // 0x3B10 (15120) pixels
0xA803, 0xA802, 0xEA62, 0xFAE3, 0xFB21, 0xEBA0, 0xF3A0, 0xFB42, 0xB1A3, 0x4044, 0x7001, 0xA866, 0xC826, 0xC804, 0xD003, 0xC823,   // 0x3B20 (15136) pixels
0xC844, 0xC825, 0xD003, 0xD005, 0xC806, 0xD806, 0xD002, 0xD2A0, 0xFCE4, 0xF260, 0xA803, 0x1800, 0x0040, 0x0000, 0x0001, 0x0021,   // 0x3B30 (15152) pixels
0x0000, 0x0000, 0x0000, 0x0000, 0x0000, 0x0000, 0x0000, 0x0000, 0x0000, 0x0000, 0x0000, 0x0000, 0x0000, 0x0000, 0x0000, 0x0000,   // 0x3B40 (15168) pixels
0x0000, 0x0000, 0x0000, 0x0000, 0x0000, 0x0000, 0x0000, 0x0000, 0x0000, 0x0000, 0x0000, 0x0000, 0x0000, 0x0000, 0x0000, 0x0000,   // 0x3B50 (15184) pixels
0x0000, 0x0000, 0x0000, 0x0000, 0x0000, 0x0000, 0x0000, 0x0000, 0x0000, 0x0000, 0x0000, 0x0000, 0x0000, 0x0000, 0x0000, 0x0000,   // 0x3B60 (15200) pixels
0x0000, 0x0000, 0x0000, 0x0000, 0x0000, 0x0000, 0x0000, 0x0000, 0x0000, 0x0000, 0x0000, 0x0000, 0x0000, 0x0000, 0x0000, 0x0000,   // 0x3B70 (15216) pixels
0x0000, 0x0000, 0x0000, 0x0000, 0x0000, 0x0000, 0x0000, 0x0000, 0x0000, 0x0000, 0x0000, 0x0000, 0x0000, 0x0000, 0x0000, 0x0000,   // 0x3B80 (15232) pixels
0x0000, 0x0000, 0x0000, 0x0000, 0x0000, 0x0000, 0x0000, 0x0000, 0x0000, 0x0000, 0x0000, 0x0000, 0x0000, 0x0000, 0x0000, 0x0000,   // 0x3B90 (15248) pixels
0x0020, 0x5861, 0xC924, 0xE181, 0xD2A0, 0xF584, 0xFF06, 0xEDA0, 0xF321, 0xF302, 0xE201, 0xD961, 0xD922, 0xE103, 0xE104, 0xC841,   // 0x3BA0 (15264) pixels
0xC003, 0xD004, 0xD005, 0xD004, 0xC843, 0x8027, 0x5826, 0x98C0, 0xEB40, 0xFC01, 0xFBC1, 0xF380, 0xFC01, 0xF381, 0xFB23, 0xF2A0,   // 0x3BB0 (15280) pixels
0xC0A0, 0xA002, 0x9826, 0xA827, 0x9801, 0xB0C1, 0xE9E4, 0xF081, 0x4841, 0x1000, 0x0000, 0x0020, 0x0000, 0x0800, 0x0003, 0x0087,   // 0x3BC0 (15296) pixels
0x0828, 0x0849, 0x0028, 0x0867, 0x0002, 0x0000, 0x0000, 0x0020, 0x0801, 0xA862, 0xF921, 0xF940, 0xA880, 0x8023, 0x8865, 0xA003,   // 0x3BD0 (15312) pixels
0xA8A3, 0xE2A2, 0xFBC0, 0xFB60, 0xFB80, 0xFBE1, 0xE385, 0x88E2, 0x2020, 0xB805, 0xE005, 0xB864, 0xC804, 0xD806, 0xD808, 0xD806,   // 0x3BE0 (15328) pixels
0xD806, 0xD064, 0xD943, 0xD901, 0xD0A0, 0xEA25, 0xFCC9, 0xFE28, 0xDA64, 0x6040, 0x1002, 0x0003, 0x0040, 0x0040, 0x0800, 0x3864,   // 0x3BF0 (15344) pixels
0x0841, 0x0820, 0x0000, 0x0000, 0x0000, 0x0000, 0x0000, 0x0000, 0x0000, 0x0000, 0x0000, 0x0000, 0x0000, 0x0000, 0x0000, 0x0000,   // 0x3C00 (15360) pixels
0x0000, 0x0000, 0x0000, 0x0000, 0x0000, 0x0000, 0x0000, 0x0000, 0x0000, 0x0000, 0x0000, 0x0000, 0x0000, 0x0000, 0x0000, 0x0000,   // 0x3C10 (15376) pixels
0x0000, 0x0000, 0x0000, 0x0000, 0x0000, 0x0000, 0x0000, 0x0000, 0x0000, 0x0000, 0x0000, 0x0000, 0x0000, 0x0000, 0x0000, 0x0000,   // 0x3C20 (15392) pixels
0x0000, 0x0000, 0x0000, 0x0000, 0x0000, 0x0000, 0x0000, 0x0000, 0x0000, 0x0000, 0x0000, 0x0000, 0x0000, 0x0000, 0x0000, 0x0000,   // 0x3C30 (15408) pixels
0x0000, 0x0000, 0x0000, 0x0000, 0x0000, 0x0000, 0x0000, 0x0000, 0x0000, 0x0000, 0x0000, 0x0000, 0x0000, 0x0000, 0x0000, 0x0000,   // 0x3C40 (15424) pixels
0x0000, 0x0000, 0x0000, 0x0000, 0x0000, 0x0000, 0x0000, 0x0000, 0x0000, 0x0000, 0x0000, 0x0000, 0x0000, 0x0000, 0x0060, 0x0000,   // 0x3C50 (15440) pixels
0x4060, 0xA182, 0xEA84, 0xFBA6, 0xFBA4, 0xEAC0, 0xFA81, 0xFAA2, 0xFA21, 0xFA02, 0xFA03, 0xF9E3, 0xFA43, 0xF9E2, 0xE0C5, 0xC863,   // 0x3C60 (15456) pixels
0xC003, 0xD804, 0xB863, 0x5803, 0x6824, 0xE284, 0xFBA4, 0xDA21, 0xEAE1, 0xFC01, 0xF3E0, 0xF3C0, 0xFC04, 0xDA04, 0xA801, 0xB005,   // 0x3C70 (15472) pixels
0x9004, 0x9802, 0xC0C2, 0xE223, 0xF243, 0xF8E1, 0x4882, 0x1800, 0x0000, 0x0020, 0x0000, 0x0000, 0x0002, 0x00A7, 0x0888, 0x08A9,   // 0x3C80 (15488) pixels
0x0068, 0x08A7, 0x0022, 0x0000, 0x0000, 0x0000, 0x1001, 0xA822, 0xF9C2, 0xF2A3, 0xD142, 0xA002, 0x9004, 0xA005, 0x9803, 0xD1E3,   // 0x3C90 (15504) pixels
0xFBA2, 0xFBC1, 0xFB82, 0xFBC4, 0xFBC5, 0xB1E0, 0x3000, 0x9045, 0xE006, 0xC804, 0xB843, 0xD004, 0xC844, 0xC842, 0xC001, 0xD962,   // 0x3CA0 (15520) pixels
0xF2A3, 0xFAE3, 0xFAA4, 0xF2C3, 0xEC02, 0xEDA4, 0xF786, 0x9C23, 0x2040, 0x0002, 0x0802, 0x4001, 0x90E4, 0x9822, 0x0821, 0x0000,   // 0x3CB0 (15536) pixels
0x0000, 0x0000, 0x0000, 0x0000, 0x0000, 0x0000, 0x0000, 0x0000, 0x0000, 0x0000, 0x0000, 0x0000, 0x0000, 0x0000, 0x0000, 0x0000,   // 0x3CC0 (15552) pixels
0x0000, 0x0000, 0x0000, 0x0000, 0x0000, 0x0000, 0x0000, 0x0000, 0x0000, 0x0000, 0x0000, 0x0000, 0x0000, 0x0000, 0x0000, 0x0000,   // 0x3CD0 (15568) pixels
0x0000, 0x0000, 0x0000, 0x0000, 0x0000, 0x0000, 0x0000, 0x0000, 0x0000, 0x0000, 0x0000, 0x0000, 0x0000, 0x0000, 0x0000, 0x0000,   // 0x3CE0 (15584) pixels
0x0000, 0x0000, 0x0000, 0x0000, 0x0000, 0x0000, 0x0000, 0x0000, 0x0000, 0x0000, 0x0000, 0x0000, 0x0000, 0x0000, 0x0000, 0x0000,   // 0x3CF0 (15600) pixels
0x0000, 0x0000, 0x0000, 0x0000, 0x0000, 0x0000, 0x0000, 0x0000, 0x0000, 0x0000, 0x0000, 0x0000, 0x0000, 0x0000, 0x0000, 0x0000,   // 0x3D00 (15616) pixels
0x0000, 0x0000, 0x0000, 0x0000, 0x0000, 0x0000, 0x0000, 0x0000, 0x0000, 0x0000, 0x0000, 0x0000, 0x0802, 0x0000, 0x0000, 0x3840,   // 0x3D10 (15632) pixels
0x8040, 0xB040, 0xB060, 0xA8C0, 0xB8E1, 0xC0C1, 0xC880, 0xD8C2, 0xE8E2, 0xE8A0, 0xF0E1, 0xF0E0, 0xF8A5, 0xE083, 0xE023, 0xD845,   // 0x3D20 (15648) pixels
0x9864, 0x5801, 0x98C2, 0xFB64, 0xE225, 0xB881, 0xD1A3, 0xFB83, 0xFC61, 0xFBE0, 0xDA82, 0xA884, 0xA806, 0xB007, 0x9803, 0xA860,   // 0x3D30 (15664) pixels
0xE202, 0xFB04, 0xFA43, 0xE0C1, 0x3862, 0x1000, 0x0000, 0x0020, 0x0000, 0x0000, 0x0002, 0x00A6, 0x00A6, 0x00C7, 0x00C7, 0x08E7,   // 0x3D40 (15680) pixels
0x0022, 0x0000, 0x0000, 0x0020, 0x1821, 0x9042, 0xE9C4, 0xFB65, 0xF283, 0xC8C1, 0xB004, 0xA806, 0xA804, 0xC0E3, 0xF303, 0xFBA2,   // 0x3D50 (15696) pixels
0xEA20, 0xD142, 0xE223, 0xF302, 0xB187, 0x50A3, 0xA805, 0xE005, 0xC802, 0xD882, 0xE163, 0xF1A2, 0xE9C1, 0xF281, 0xF320, 0xFB41,   // 0x3D60 (15712) pixels
0xFB42, 0xFAE0, 0xEB60, 0xF4A0, 0xF762, 0xFEE5, 0xC3E0, 0xC2A1, 0xDA44, 0xC102, 0x90C2, 0x4840, 0x0000, 0x0000, 0x0000, 0x0000,   // 0x3D70 (15728) pixels
0x0000, 0x0000, 0x0000, 0x0000, 0x0000, 0x0000, 0x0000, 0x0000, 0x0000, 0x0000, 0x0000, 0x0000, 0x0000, 0x0000, 0x0000, 0x0000,   // 0x3D80 (15744) pixels
0x0000, 0x0000, 0x0000, 0x0000, 0x0000, 0x0000, 0x0000, 0x0000, 0x0000, 0x0000, 0x0000, 0x0000, 0x0000, 0x0000, 0x0000, 0x0000,   // 0x3D90 (15760) pixels
0x0000, 0x0000, 0x0000, 0x0000, 0x0000, 0x0000, 0x0000, 0x0000, 0x0000, 0x0000, 0x0000, 0x0000, 0x0000, 0x0000, 0x0000, 0x0000,   // 0x3DA0 (15776) pixels
0x0000, 0x0000, 0x0000, 0x0000, 0x0000, 0x0000, 0x0000, 0x0000, 0x0000, 0x0000, 0x0000, 0x0000, 0x0000, 0x0000, 0x0000, 0x0000,   // 0x3DB0 (15792) pixels
0x0000, 0x0000, 0x0000, 0x0000, 0x0000, 0x0000, 0x0000, 0x0000, 0x0000, 0x0000, 0x0000, 0x0000, 0x0000, 0x0000, 0x0000, 0x0000,   // 0x3DC0 (15808) pixels
0x0000, 0x0000, 0x0000, 0x0000, 0x0000, 0x0000, 0x0000, 0x0000, 0x0000, 0x0000, 0x0801, 0x0801, 0x0021, 0x0000, 0x0800, 0x1800,   // 0x3DD0 (15824) pixels
0x1800, 0x1800, 0x0000, 0x0800, 0x2000, 0x4821, 0x7063, 0x8842, 0x9842, 0xA042, 0xA802, 0xA061, 0xA882, 0x8864, 0x5843, 0x80A2,   // 0x3DE0 (15840) pixels
0xE285, 0xFBC2, 0xD085, 0xC003, 0xC004, 0xC8E2, 0xFB02, 0xF281, 0xB882, 0xB007, 0xA808, 0x9804, 0xC062, 0xEA03, 0xF342, 0xFAC3,   // 0x3DF0 (15856) pixels
0xF122, 0x9000, 0x1800, 0x0000, 0x0000, 0x0020, 0x0020, 0x0000, 0x0001, 0x00C5, 0x1186, 0x11C8, 0x0989, 0x1188, 0x0083, 0x0000,   // 0x3E00 (15872) pixels
0x0000, 0x0020, 0x0000, 0x4020, 0xC0A1, 0xFA23, 0xFB41, 0xE261, 0xD8C3, 0xB004, 0xC806, 0xB003, 0xC8E2, 0xFA43, 0xE142, 0xC002,   // 0x3E10 (15888) pixels
0xC883, 0xFAC5, 0xFA07, 0x4860, 0x5802, 0xB845, 0xD022, 0xF0E2, 0xF9E3, 0xFA42, 0xFA64, 0xFA83, 0xF281, 0xF260, 0xFA62, 0xFA62,   // 0x3E20 (15904) pixels
0xFA80, 0xF2E0, 0xDB60, 0xFDC5, 0xFE44, 0xFDA3, 0xF505, 0x8AA2, 0x1040, 0x0021, 0x0000, 0x0000, 0x0000, 0x0000, 0x0000, 0x0000,   // 0x3E30 (15920) pixels
0x0000, 0x0000, 0x0000, 0x0000, 0x0000, 0x0000, 0x0000, 0x0000, 0x0000, 0x0000, 0x0000, 0x0000, 0x0000, 0x0000, 0x0000, 0x0000,   // 0x3E40 (15936) pixels
0x0000, 0x0000, 0x0000, 0x0000, 0x0000, 0x0000, 0x0000, 0x0000, 0x0000, 0x0000, 0x0000, 0x0000, 0x0000, 0x0000, 0x0000, 0x0000,   // 0x3E50 (15952) pixels
0x0000, 0x0000, 0x0000, 0x0000, 0x0000, 0x0000, 0x0000, 0x0000, 0x0000, 0x0000, 0x0000, 0x0000, 0x0000, 0x0000, 0x0000, 0x0000,   // 0x3E60 (15968) pixels
0x0000, 0x0000, 0x0000, 0x0000, 0x0000, 0x0000, 0x0000, 0x0000, 0x0000, 0x0000, 0x0000, 0x0000, 0x0000, 0x0000, 0x0000, 0x0000,   // 0x3E70 (15984) pixels
0x0000, 0x0000, 0x0000, 0x0000, 0x0000, 0x0000, 0x0000, 0x0000, 0x0000, 0x0000, 0x0000, 0x0000, 0x0000, 0x0000, 0x0000, 0x0000,   // 0x3E80 (16000) pixels
0x0000, 0x0000, 0x0000, 0x0000, 0x0000, 0x0000, 0x0000, 0x0000, 0x0000, 0x0000, 0x0000, 0x0000, 0x0021, 0x0041, 0x0021, 0x0000,   // 0x3E90 (16016) pixels
0x0020, 0x0000, 0x0000, 0x0000, 0x0800, 0x0000, 0x0000, 0x0000, 0x1000, 0x0800, 0x0840, 0x0000, 0x2000, 0x9141, 0xFB84, 0xDAC0,   // 0x3EA0 (16032) pixels
0xD826, 0xD005, 0xD007, 0xD005, 0xE905, 0xE0C4, 0xB804, 0xC006, 0xB843, 0xA040, 0xD9C1, 0xFB83, 0xFB62, 0xFA02, 0xD0E3, 0x4860,   // 0x3EB0 (16048) pixels
0x0800, 0x0000, 0x0000, 0x0000, 0x0020, 0x0000, 0x0020, 0x08E4, 0x1A87, 0x1248, 0x09C7, 0x0987, 0x0083, 0x0000, 0x0000, 0x0020,   // 0x3EC0 (16064) pixels
0x0000, 0x1080, 0x8881, 0xF962, 0xFB41, 0xFBA1, 0xFA62, 0xC922, 0xC004, 0xB805, 0xC006, 0xE0E5, 0xD864, 0xC804, 0xC822, 0xFA45,   // 0x3ED0 (16080) pixels
0xF241, 0x98A0, 0x3000, 0x3800, 0x8042, 0xB8A2, 0xC0A1, 0xB120, 0xD842, 0xD861, 0xD8A1, 0xD881, 0xD861, 0xE082, 0xE082, 0xD840,   // 0x3EE0 (16096) pixels
0xD0A2, 0xD881, 0xE8A1, 0xC860, 0x7840, 0x2840, 0x0000, 0x0002, 0x0000, 0x0000, 0x0000, 0x0000, 0x0000, 0x0000, 0x0000, 0x0000,   // 0x3EF0 (16112) pixels
0x0000, 0x0000, 0x0000, 0x0000, 0x0000, 0x0000, 0x0000, 0x0000, 0x0000, 0x0000, 0x0000, 0x0000, 0x0000, 0x0000, 0x0000, 0x0000,   // 0x3F00 (16128) pixels
0x0000, 0x0000, 0x0000, 0x0000, 0x0000, 0x0000, 0x0000, 0x0000, 0x0000, 0x0000, 0x0000, 0x0000, 0x0000, 0x0000, 0x0000, 0x0000,   // 0x3F10 (16144) pixels
0x0000, 0x0000, 0x0000, 0x0000, 0x0000, 0x0000, 0x0000, 0x0000, 0x0000, 0x0000, 0x0000, 0x0000, 0x0000, 0x0000, 0x0000, 0x0000,   // 0x3F20 (16160) pixels
0x0000, 0x0000, 0x0000, 0x0000, 0x0000, 0x0000, 0x0000, 0x0000, 0x0000, 0x0000, 0x0000, 0x0000, 0x0000, 0x0000, 0x0000, 0x0000,   // 0x3F30 (16176) pixels
0x0000, 0x0000, 0x0000, 0x0000, 0x0000, 0x0000, 0x0000, 0x0000, 0x0000, 0x0000, 0x0000, 0x0000, 0x0000, 0x0000, 0x0000, 0x0000,   // 0x3F40 (16192) pixels
0x0000, 0x0000, 0x0000, 0x0000, 0x0000, 0x0000, 0x0060, 0x0020, 0x0020, 0x0000, 0x0000, 0x0000, 0x0001, 0x0021, 0x0000, 0x0020,   // 0x3F50 (16208) pixels
0x0000, 0x0000, 0x0000, 0x0000, 0x0000, 0x0001, 0x0021, 0x0040, 0x00A0, 0x0000, 0x6822, 0xCAA1, 0xFC84, 0xD160, 0xD804, 0xD005,   // 0x3F60 (16224) pixels
0xD825, 0xD805, 0xD807, 0xC804, 0xC822, 0xD0C3, 0xF262, 0xF2C1, 0xFBC2, 0xFBE2, 0xFA40, 0xE0E0, 0x7860, 0x0860, 0x0000, 0x0000,   // 0x3F70 (16240) pixels
0x0000, 0x0000, 0x0020, 0x0000, 0x0020, 0x10E4, 0x4C4B, 0x338A, 0x1268, 0x11C7, 0x00A3, 0x0000, 0x0000, 0x0000, 0x0000, 0x0020,   // 0x3F80 (16256) pixels
0x2840, 0x98C0, 0xF1A0, 0xFAE1, 0xFB83, 0xF2E3, 0xE202, 0xD9A4, 0xB863, 0xB803, 0xC003, 0xD846, 0xC843, 0xE184, 0xFC23, 0xD143,   // 0x3F90 (16272) pixels
0x3001, 0x0021, 0x1800, 0x2020, 0x4000, 0x4000, 0x2820, 0x2840, 0x2860, 0x2840, 0x2840, 0x3040, 0x3020, 0x3820, 0x2061, 0x3000,   // 0x3FA0 (16288) pixels
0x3000, 0x2020, 0x0000, 0x0000, 0x0021, 0x0000, 0x0000, 0x0000, 0x0000, 0x0000, 0x0000, 0x0000, 0x0000, 0x0000, 0x0000, 0x0000,   // 0x3FB0 (16304) pixels
0x0000, 0x0000, 0x0000, 0x0000, 0x0000, 0x0000, 0x0000, 0x0000, 0x0000, 0x0000, 0x0000, 0x0000, 0x0000, 0x0000, 0x0000, 0x0000,   // 0x3FC0 (16320) pixels
0x0000, 0x0000, 0x0000, 0x0000, 0x0000, 0x0000, 0x0000, 0x0000, 0x0000, 0x0000, 0x0000, 0x0000, 0x0000, 0x0000, 0x0000, 0x0000,   // 0x3FD0 (16336) pixels
0x0000, 0x0000, 0x0000, 0x0000, 0x0000, 0x0000, 0x0000, 0x0000, 0x0000, 0x0000, 0x0000, 0x0000, 0x0000, 0x0000, 0x0000, 0x0000,   // 0x3FE0 (16352) pixels
0x0000, 0x0000, 0x0000, 0x0000, 0x0000, 0x0000, 0x0000, 0x0000, 0x0000, 0x0000, 0x0000, 0x0000, 0x0000, 0x0000, 0x0000, 0x0000,   // 0x3FF0 (16368) pixels
0x0000, 0x0000, 0x0000, 0x0000, 0x0000, 0x0000, 0x0000, 0x0000, 0x0000, 0x0000, 0x0000, 0x0000, 0x0000, 0x0000, 0x0000, 0x0000,   // 0x4000 (16384) pixels
0x0000, 0x0000, 0x0000, 0x0000, 0x0000, 0x0000, 0x0020, 0x0801, 0x1001, 0x1000, 0x0800, 0x0000, 0x0020, 0x0020, 0x0000, 0x0000,   // 0x4010 (16400) pixels
0x0000, 0x0000, 0x0001, 0x0021, 0x0800, 0x1000, 0x0040, 0x2801, 0xC063, 0xFBC1, 0xFD84, 0xD081, 0xC803, 0xC823, 0xC881, 0xC060,   // 0x4020 (16416) pixels
0xC022, 0xC081, 0xEA62, 0xFB83, 0xFBE2, 0xFBC1, 0xFBC2, 0xFAA1, 0xE141, 0x8880, 0x1820, 0x0000, 0x0020, 0x0020, 0x0000, 0x0000,   // 0x4030 (16432) pixels
0x0000, 0x0000, 0x0000, 0x18E3, 0x4CAA, 0x33E9, 0x1287, 0x11C6, 0x00A2, 0x0000, 0x0000, 0x0000, 0x0000, 0x0000, 0x0000, 0x3040,   // 0x4040 (16448) pixels
0x9080, 0xD9C2, 0xFB24, 0xFB84, 0xFC22, 0xFCE3, 0xEBC1, 0xD242, 0xB061, 0xB842, 0xB801, 0xD105, 0xFD63, 0xC9A1, 0x3801, 0x0042,   // 0x4050 (16464) pixels
0x0000, 0x0040, 0x0020, 0x1001, 0x0000, 0x0000, 0x0000, 0x0000, 0x0000, 0x0000, 0x0000, 0x0000, 0x0801, 0x1021, 0x0000, 0x0040,   // 0x4060 (16480) pixels
0x0040, 0x0800, 0x0800, 0x0021, 0x0000, 0x0000, 0x0000, 0x0000, 0x0000, 0x0000, 0x0000, 0x0000, 0x0000, 0x0000, 0x0000, 0x0000,   // 0x4070 (16496) pixels
0x0000, 0x0000, 0x0000, 0x0000, 0x0000, 0x0000, 0x0000, 0x0000, 0x0000, 0x0000, 0x0000, 0x0000, 0x0000, 0x0000, 0x0000, 0x0000,   // 0x4080 (16512) pixels
0x0000, 0x0000, 0x0000, 0x0000, 0x0000, 0x0000, 0x0000, 0x0000, 0x0000, 0x0000, 0x0000, 0x0000, 0x0000, 0x0000, 0x0000, 0x0000,   // 0x4090 (16528) pixels
0x0000, 0x0000, 0x0000, 0x0000, 0x0000, 0x0000, 0x0000, 0x0000, 0x0000, 0x0000, 0x0000, 0x0000, 0x0000, 0x0000, 0x0000, 0x0000,   // 0x40A0 (16544) pixels
0x0000, 0x0000, 0x0000, 0x0000, 0x0000, 0x0000, 0x0000, 0x0000, 0x0000, 0x0000, 0x0000, 0x0000, 0x0000, 0x0000, 0x0000, 0x0000,   // 0x40B0 (16560) pixels
0x0000, 0x0000, 0x0000, 0x0000, 0x0000, 0x0000, 0x0000, 0x0000, 0x0000, 0x0000, 0x0000, 0x0000, 0x0000, 0x0000, 0x0000, 0x0000,   // 0x40C0 (16576) pixels
0x0000, 0x0000, 0x0000, 0x0020, 0x0000, 0x0000, 0x0000, 0x0000, 0x0020, 0x0040, 0x0021, 0x0000, 0x0000, 0x0000, 0x0800, 0x0800,   // 0x40D0 (16592) pixels
0x0000, 0x0001, 0x0080, 0x1800, 0x0000, 0x2000, 0xC840, 0xFC00, 0xF624, 0xC885, 0xC024, 0xD122, 0xEA64, 0xFB06, 0xF2E4, 0xEAE2,   // 0x40E0 (16608) pixels
0xFC64, 0xF4A0, 0xF441, 0xE320, 0xFA00, 0xF8C1, 0xA841, 0x2840, 0x0021, 0x0802, 0x0000, 0x0000, 0x0000, 0x0000, 0x0020, 0x0000,   // 0x40F0 (16624) pixels
0x0000, 0x18C2, 0x4CC9, 0x3C29, 0x2308, 0x1A48, 0x08C3, 0x0000, 0x0000, 0x0800, 0x0800, 0x0021, 0x0001, 0x0001, 0x2000, 0x9060,   // 0x4100 (16640) pixels
0xE920, 0xE1C0, 0xDC22, 0xFDE0, 0xFE20, 0xFD83, 0xEB64, 0xEA65, 0xD122, 0xD946, 0xFDA0, 0xD220, 0x5000, 0x0000, 0x0800, 0x0820,   // 0x4110 (16656) pixels
0x0000, 0x0001, 0x0800, 0x0000, 0x0001, 0x0000, 0x0000, 0x0000, 0x0021, 0x0001, 0x0000, 0x0001, 0x0002, 0x0802, 0x0001, 0x0040,   // 0x4120 (16672) pixels
0x0020, 0x0000, 0x0000, 0x0000, 0x0000, 0x0000, 0x0000, 0x0000, 0x0000, 0x0000, 0x0000, 0x0000, 0x0000, 0x0000, 0x0000, 0x0000,   // 0x4130 (16688) pixels
0x0000, 0x0000, 0x0000, 0x0000, 0x0000, 0x0000, 0x0000, 0x0000, 0x0000, 0x0000, 0x0000, 0x0000, 0x0000, 0x0000, 0x0000, 0x0000,   // 0x4140 (16704) pixels
0x0000, 0x0000, 0x0000, 0x0000, 0x0000, 0x0000, 0x0000, 0x0000, 0x0000, 0x0000, 0x0000, 0x0000, 0x0000, 0x0000, 0x0000, 0x0000,   // 0x4150 (16720) pixels
0x0000, 0x0000, 0x0000, 0x0000, 0x0000, 0x0000, 0x0000, 0x0000, 0x0000, 0x0000, 0x0000, 0x0000, 0x0000, 0x0000, 0x0000, 0x0000,   // 0x4160 (16736) pixels
0x0000, 0x0000, 0x0000, 0x0000, 0x0000, 0x0000, 0x0000, 0x0000, 0x0000, 0x0000, 0x0000, 0x0000, 0x0000, 0x0000, 0x0000, 0x0000,   // 0x4170 (16752) pixels
0x0000, 0x0000, 0x0000, 0x0000, 0x0000, 0x0000, 0x0000, 0x0000, 0x0000, 0x0000, 0x0000, 0x0000, 0x0000, 0x0000, 0x0000, 0x0000,   // 0x4180 (16768) pixels
0x0000, 0x0000, 0x0000, 0x0000, 0x0000, 0x0000, 0x0000, 0x0000, 0x0000, 0x0000, 0x0000, 0x0000, 0x0000, 0x0000, 0x0000, 0x0000,   // 0x4190 (16784) pixels
0x0000, 0x0020, 0x0000, 0x1821, 0xC860, 0xF481, 0xF661, 0xE560, 0xE500, 0xF580, 0xFDC1, 0xFE41, 0xF5E0, 0xFDE0, 0xFD61, 0xFCC0,   // 0x41A0 (16800) pixels
0xFA24, 0xD901, 0xA000, 0x7001, 0x4022, 0x1001, 0x0000, 0x0020, 0x0000, 0x0020, 0x0020, 0x0020, 0x0000, 0x0001, 0x0000, 0x1102,   // 0x41B0 (16816) pixels
0x54EA, 0x3C09, 0x22E8, 0x2AA9, 0x08C3, 0x0000, 0x0000, 0x0001, 0x0000, 0x0000, 0x0001, 0x0041, 0x0020, 0x1000, 0x6001, 0xB885,   // 0x41C0 (16832) pixels
0xF8C1, 0xFB23, 0xFDC4, 0xEE81, 0xFEC1, 0xFE41, 0xFE00, 0xF600, 0xF6C1, 0xEA60, 0x9800, 0x0800, 0x0041, 0x0000, 0x0000, 0x0020,   // 0x41D0 (16848) pixels
0x0000, 0x0000, 0x0000, 0x0000, 0x0000, 0x0000, 0x0000, 0x0000, 0x0000, 0x0000, 0x0000, 0x0000, 0x0000, 0x0000, 0x0000, 0x0000,   // 0x41E0 (16864) pixels
0x0000, 0x0000, 0x0000, 0x0000, 0x0000, 0x0000, 0x0000, 0x0000, 0x0000, 0x0000, 0x0000, 0x0000, 0x0000, 0x0000, 0x0000, 0x0000,   // 0x41F0 (16880) pixels
0x0000, 0x0000, 0x0000, 0x0000, 0x0000, 0x0000, 0x0000, 0x0000, 0x0000, 0x0000, 0x0000, 0x0000, 0x0000, 0x0000, 0x0000, 0x0000,   // 0x4200 (16896) pixels
0x0000, 0x0000, 0x0000, 0x0000, 0x0000, 0x0000, 0x0000, 0x0000, 0x0000, 0x0000, 0x0000, 0x0000, 0x0000, 0x0000, 0x0000, 0x0000,   // 0x4210 (16912) pixels
0x0000, 0x0000, 0x0000, 0x0000, 0x0000, 0x0000, 0x0000, 0x0000, 0x0000, 0x0000, 0x0000, 0x0000, 0x0000, 0x0000, 0x0000, 0x0000,   // 0x4220 (16928) pixels
0x0000, 0x0000, 0x0000, 0x0000, 0x0000, 0x0000, 0x0000, 0x0000, 0x0000, 0x0000, 0x0000, 0x0000, 0x0000, 0x0000, 0x0000, 0x0000,   // 0x4230 (16944) pixels
0x0000, 0x0000, 0x0000, 0x0000, 0x0000, 0x0000, 0x0000, 0x0000, 0x0000, 0x0000, 0x0000, 0x0000, 0x0000, 0x0000, 0x0000, 0x0000,   // 0x4240 (16960) pixels
0x0000, 0x0000, 0x0000, 0x0000, 0x0000, 0x0000, 0x0000, 0x0000, 0x0000, 0x0000, 0x0000, 0x0000, 0x0000, 0x0000, 0x0000, 0x0000,   // 0x4250 (16976) pixels
0x0800, 0x2000, 0xD0C0, 0xFCA1, 0xFE61, 0xFE02, 0xFEC3, 0xFE04, 0xE3E0, 0xF3C3, 0xFBA3, 0xF362, 0xFB62, 0xFAC0, 0xD8C3, 0x9040,   // 0x4260 (16992) pixels
0x3800, 0x0000, 0x0020, 0x0000, 0x0000, 0x0800, 0x0000, 0x0020, 0x0020, 0x0020, 0x0000, 0x0000, 0x0000, 0x08E1, 0x550A, 0x3C29,   // 0x4270 (17008) pixels
0x1B08, 0x2268, 0x00A2, 0x0000, 0x0000, 0x0001, 0x0020, 0x0000, 0x0800, 0x0000, 0x0080, 0x0040, 0x1000, 0x3800, 0x9842, 0xA040,   // 0x4280 (17024) pixels
0xEA02, 0xFAA1, 0xFAA0, 0xFB81, 0xF4A3, 0xDD23, 0xFE44, 0xF281, 0xA041, 0x1000, 0x0000, 0x0000, 0x0000, 0x0000, 0x0000, 0x0000,   // 0x4290 (17040) pixels
0x0000, 0x0000, 0x0000, 0x0000, 0x0000, 0x0000, 0x0000, 0x0000, 0x0000, 0x0000, 0x0000, 0x0000, 0x0000, 0x0000, 0x0000, 0x0000,   // 0x42A0 (17056) pixels
0x0000, 0x0000, 0x0000, 0x0000, 0x0000, 0x0000, 0x0000, 0x0000, 0x0000, 0x0000, 0x0000, 0x0000, 0x0000, 0x0000, 0x0000, 0x0000,   // 0x42B0 (17072) pixels
0x0000, 0x0000, 0x0000, 0x0000, 0x0000, 0x0000, 0x0000, 0x0000, 0x0000, 0x0000, 0x0000, 0x0000, 0x0000, 0x0000, 0x0000, 0x0000,   // 0x42C0 (17088) pixels
0x0000, 0x0000, 0x0000, 0x0000, 0x0000, 0x0000, 0x0000, 0x0000, 0x0000, 0x0000, 0x0000, 0x0000, 0x0000, 0x0000, 0x0000, 0x0000,   // 0x42D0 (17104) pixels
0x0000, 0x0000, 0x0000, 0x0000, 0x0000, 0x0000, 0x0000, 0x0000, 0x0000, 0x0000, 0x0000, 0x0000, 0x0000, 0x0000, 0x0000, 0x0000,   // 0x42E0 (17120) pixels
0x0000, 0x0000, 0x0000, 0x0000, 0x0000, 0x0000, 0x0000, 0x0000, 0x0000, 0x0000, 0x0000, 0x0000, 0x0000, 0x0000, 0x0000, 0x0000,   // 0x42F0 (17136) pixels
0x0000, 0x0000, 0x0000, 0x0000, 0x0000, 0x0000, 0x0000, 0x0000, 0x0000, 0x0000, 0x0000, 0x0000, 0x0000, 0x0000, 0x0000, 0x0000,   // 0x4300 (17152) pixels
0x0000, 0x0000, 0x0000, 0x0000, 0x0000, 0x0000, 0x0000, 0x0000, 0x0000, 0x0000, 0x0000, 0x0000, 0x0000, 0x0040, 0x0000, 0x2800,   // 0x4310 (17168) pixels
0xD0C2, 0xF341, 0xFC01, 0xFBC2, 0xFBC0, 0xFB22, 0xD0E0, 0xC841, 0xC842, 0xC021, 0xC862, 0xC820, 0x4861, 0x3000, 0x1800, 0x0000,   // 0x4320 (17184) pixels
0x0020, 0x0040, 0x0020, 0x0020, 0x0000, 0x0020, 0x0000, 0x0000, 0x0001, 0x0801, 0x0000, 0x1121, 0x4CE9, 0x3429, 0x1AE7, 0x1A47,   // 0x4330 (17200) pixels
0x0081, 0x0000, 0x0000, 0x0000, 0x0020, 0x0840, 0x0000, 0x10C0, 0x32E6, 0x3BA7, 0x3365, 0x4BA6, 0x3287, 0x3060, 0x9040, 0xD021,   // 0x4340 (17216) pixels
0xD000, 0xD800, 0xD060, 0xD060, 0xFB63, 0xF964, 0xB823, 0x1000, 0x0020, 0x0040, 0x0000, 0x0001, 0x0000, 0x0000, 0x0000, 0x0000,   // 0x4350 (17232) pixels
0x0000, 0x0000, 0x0000, 0x0000, 0x0000, 0x0000, 0x0000, 0x0000, 0x0000, 0x0000, 0x0000, 0x0000, 0x0000, 0x0000, 0x0000, 0x0000,   // 0x4360 (17248) pixels
0x0000, 0x0000, 0x0000, 0x0000, 0x0000, 0x0000, 0x0000, 0x0000, 0x0000, 0x0000, 0x0000, 0x0000, 0x0000, 0x0000, 0x0000, 0x0000,   // 0x4370 (17264) pixels
0x0000, 0x0000, 0x0000, 0x0000, 0x0000, 0x0000, 0x0000, 0x0000, 0x0000, 0x0000, 0x0000, 0x0000, 0x0000, 0x0000, 0x0000, 0x0000,   // 0x4380 (17280) pixels
0x0000, 0x0000, 0x0000, 0x0000, 0x0000, 0x0000, 0x0000, 0x0000, 0x0000, 0x0000, 0x0000, 0x0000, 0x0000, 0x0000, 0x0000, 0x0000,   // 0x4390 (17296) pixels
0x0000, 0x0000, 0x0000, 0x0000, 0x0000, 0x0000, 0x0000, 0x0000, 0x0000, 0x0000, 0x0000, 0x0000, 0x0000, 0x0000, 0x0000, 0x0000,   // 0x43A0 (17312) pixels
0x0000, 0x0000, 0x0000, 0x0000, 0x0000, 0x0000, 0x0000, 0x0000, 0x0000, 0x0000, 0x0000, 0x0000, 0x0000, 0x0000, 0x0000, 0x0000,   // 0x43B0 (17328) pixels
0x0000, 0x0000, 0x0000, 0x0000, 0x0000, 0x0000, 0x0000, 0x0000, 0x0000, 0x0000, 0x0000, 0x0000, 0x0000, 0x0000, 0x0000, 0x0000,   // 0x43C0 (17344) pixels
0x0000, 0x0000, 0x0000, 0x0000, 0x0000, 0x0000, 0x0000, 0x0000, 0x0000, 0x0000, 0x0020, 0x0040, 0x0800, 0x3001, 0xA803, 0xB881,   // 0x43D0 (17360) pixels
0xB040, 0xC002, 0xC040, 0xB861, 0xA062, 0x6800, 0x3800, 0x2020, 0x1020, 0x1000, 0x0020, 0x0000, 0x1000, 0x0800, 0x0000, 0x0000,   // 0x43E0 (17376) pixels
0x0000, 0x0000, 0x0000, 0x0000, 0x0000, 0x0000, 0x0801, 0x0800, 0x0020, 0x1141, 0x4D09, 0x3429, 0x2328, 0x2288, 0x08C2, 0x0000,   // 0x43F0 (17392) pixels
0x0000, 0x0000, 0x0040, 0x1943, 0x2204, 0x3367, 0x554C, 0x5E0D, 0x5DCB, 0x65AB, 0x55CE, 0x4429, 0x4326, 0x4265, 0x39C5, 0x40C3,   // 0x4400 (17408) pixels
0x6802, 0xB044, 0xB080, 0xC842, 0x9823, 0x1000, 0x0020, 0x0040, 0x0000, 0x0001, 0x0000, 0x0000, 0x0000, 0x0000, 0x0000, 0x0000,   // 0x4410 (17424) pixels
0x0000, 0x0000, 0x0000, 0x0000, 0x0000, 0x0000, 0x0000, 0x0000, 0x0000, 0x0000, 0x0000, 0x0000, 0x0000, 0x0000, 0x0000, 0x0000,   // 0x4420 (17440) pixels
0x0000, 0x0000, 0x0000, 0x0000, 0x0000, 0x0000, 0x0000, 0x0000, 0x0000, 0x0000, 0x0000, 0x0000, 0x0000, 0x0000, 0x0000, 0x0000,   // 0x4430 (17456) pixels
0x0000, 0x0000, 0x0000, 0x0000, 0x0000, 0x0000, 0x0000, 0x0000, 0x0000, 0x0000, 0x0000, 0x0000, 0x0000, 0x0000, 0x0000, 0x0000,   // 0x4440 (17472) pixels
0x0000, 0x0000, 0x0000, 0x0000, 0x0000, 0x0000, 0x0000, 0x0000, 0x0000, 0x0000, 0x0000, 0x0000, 0x0000, 0x0000, 0x0000, 0x0000,   // 0x4450 (17488) pixels
0x0000, 0x0000, 0x0000, 0x0000, 0x0000, 0x0000, 0x0000, 0x0000, 0x0000, 0x0000, 0x0000, 0x0000, 0x0000, 0x0000, 0x0000, 0x0000,   // 0x4460 (17504) pixels
0x0000, 0x0000, 0x0000, 0x0000, 0x0000, 0x0000, 0x0000, 0x0000, 0x0000, 0x0000, 0x0000, 0x0000, 0x0000, 0x0000, 0x0000, 0x0000,   // 0x4470 (17520) pixels
0x0000, 0x0000, 0x0000, 0x0000, 0x0000, 0x0000, 0x0000, 0x0000, 0x0000, 0x0000, 0x0000, 0x0000, 0x0000, 0x0000, 0x0000, 0x0000,   // 0x4480 (17536) pixels
0x0000, 0x0000, 0x0000, 0x0000, 0x0000, 0x0000, 0x0000, 0x0000, 0x0000, 0x0000, 0x0000, 0x0040, 0x2001, 0x1040, 0x0020, 0x0021,   // 0x4490 (17552) pixels
0x0000, 0x0800, 0x1040, 0x0000, 0x0000, 0x0000, 0x0000, 0x1000, 0x0000, 0x0020, 0x0040, 0x0020, 0x0000, 0x0800, 0x0800, 0x0800,   // 0x44A0 (17568) pixels
0x0000, 0x0020, 0x0000, 0x0000, 0x0800, 0x0000, 0x0060, 0x32C5, 0x4D0A, 0x3408, 0x2308, 0x2A68, 0x08C2, 0x0000, 0x0000, 0x0061,   // 0x44B0 (17584) pixels
0x2226, 0x3308, 0x3BEA, 0x3C8A, 0x34E9, 0x34E9, 0x44C8, 0x4468, 0x2CA8, 0x3CE9, 0x3469, 0x344B, 0x23CC, 0x01E6, 0x0040, 0x1040,   // 0x44C0 (17600) pixels
0x0820, 0x3840, 0x4042, 0x0800, 0x0000, 0x0000, 0x0000, 0x0001, 0x0000, 0x0000, 0x0000, 0x0000, 0x0000, 0x0000, 0x0000, 0x0000,   // 0x44D0 (17616) pixels
0x0000, 0x0000, 0x0000, 0x0000, 0x0000, 0x0000, 0x0000, 0x0000, 0x0000, 0x0000, 0x0000, 0x0000, 0x0000, 0x0000, 0x0000, 0x0000,   // 0x44E0 (17632) pixels
0x0000, 0x0000, 0x0000, 0x0000, 0x0000, 0x0000, 0x0000, 0x0000, 0x0000, 0x0000, 0x0000, 0x0000, 0x0000, 0x0000, 0x0000, 0x0000,   // 0x44F0 (17648) pixels
0x0000, 0x0000, 0x0000, 0x0000, 0x0000, 0x0000, 0x0000, 0x0000, 0x0000, 0x0000, 0x0000, 0x0000, 0x0000, 0x0000, 0x0000, 0x0000,   // 0x4500 (17664) pixels
0x0000, 0x0000, 0x0000, 0x0000, 0x0000, 0x0000, 0x0000, 0x0000, 0x0000, 0x0000, 0x0000, 0x0000, 0x0000, 0x0000, 0x0000, 0x0000,   // 0x4510 (17680) pixels
0x0000, 0x0000, 0x0000, 0x0000, 0x0000, 0x0000, 0x0000, 0x0000, 0x0000, 0x0000, 0x0000, 0x0000, 0x0000, 0x0000, 0x0000, 0x0000,   // 0x4520 (17696) pixels
0x0000, 0x0000, 0x0000, 0x0000, 0x0000, 0x0000, 0x0000, 0x0000, 0x0000, 0x0000, 0x0000, 0x0000, 0x0000, 0x0000, 0x0000, 0x0000,   // 0x4530 (17712) pixels
0x0000, 0x0000, 0x0000, 0x0000, 0x0000, 0x0000, 0x0000, 0x0000, 0x0000, 0x0000, 0x0000, 0x0000, 0x0000, 0x0000, 0x0000, 0x0000,   // 0x4540 (17728) pixels
0x0000, 0x0000, 0x0000, 0x0000, 0x0000, 0x0000, 0x0000, 0x0000, 0x0000, 0x0020, 0x0800, 0x0000, 0x0000, 0x0020, 0x0002, 0x0802,   // 0x4550 (17744) pixels
0x0801, 0x1021, 0x1944, 0x0943, 0x1A44, 0x3306, 0x32C6, 0x2AA5, 0x22A4, 0x2AE5, 0x32C6, 0x2A25, 0x10E2, 0x0000, 0x0000, 0x0000,   // 0x4560 (17760) pixels
0x0000, 0x0000, 0x0000, 0x0000, 0x0921, 0x646B, 0x550B, 0x33E9, 0x22E8, 0x2248, 0x08A2, 0x0000, 0x00A1, 0x1184, 0x1B08, 0x1B28,   // 0x4570 (17776) pixels
0x33E9, 0x3429, 0x2BE8, 0x3409, 0x3BE8, 0x33A8, 0x2B06, 0x3BC8, 0x2BC9, 0x2369, 0x1207, 0x08A3, 0x0800, 0x1000, 0x0040, 0x0020,   // 0x4580 (17792) pixels
0x0820, 0x0000, 0x0000, 0x0000, 0x0000, 0x0001, 0x0000, 0x0000, 0x0000, 0x0000, 0x0000, 0x0000, 0x0000, 0x0000, 0x0000, 0x0000,   // 0x4590 (17808) pixels
0x0000, 0x0000, 0x0000, 0x0000, 0x0000, 0x0000, 0x0000, 0x0000, 0x0000, 0x0000, 0x0000, 0x0000, 0x0000, 0x0000, 0x0000, 0x0000,   // 0x45A0 (17824) pixels
0x0000, 0x0000, 0x0000, 0x0000, 0x0000, 0x0000, 0x0000, 0x0000, 0x0000, 0x0000, 0x0000, 0x0000, 0x0000, 0x0000, 0x0000, 0x0000,   // 0x45B0 (17840) pixels
0x0000, 0x0000, 0x0000, 0x0000, 0x0000, 0x0000, 0x0000, 0x0000, 0x0000, 0x0000, 0x0000, 0x0000, 0x0000, 0x0000, 0x0000, 0x0000,   // 0x45C0 (17856) pixels
0x0000, 0x0000, 0x0000, 0x0000, 0x0000, 0x0000, 0x0000, 0x0000, 0x0000, 0x0000, 0x0000, 0x0000, 0x0000, 0x0000, 0x0000, 0x0000,   // 0x45D0 (17872) pixels
0x0000, 0x0000, 0x0000, 0x0000, 0x0000, 0x0000, 0x0000, 0x0000, 0x0000, 0x0000, 0x0000, 0x0000, 0x0000, 0x0000, 0x0000, 0x0000,   // 0x45E0 (17888) pixels
0x0000, 0x0000, 0x0000, 0x0000, 0x0000, 0x0000, 0x0000, 0x0000, 0x0000, 0x0000, 0x0000, 0x0000, 0x0000, 0x0000, 0x0000, 0x0000,   // 0x45F0 (17904) pixels
0x0000, 0x0000, 0x0000, 0x0000, 0x0000, 0x0000, 0x0000, 0x0000, 0x0000, 0x0000, 0x0000, 0x0000, 0x0000, 0x0000, 0x0000, 0x0000,   // 0x4600 (17920) pixels
0x0000, 0x0000, 0x0000, 0x0000, 0x0021, 0x0001, 0x0000, 0x0020, 0x0000, 0x0000, 0x0800, 0x0820, 0x0040, 0x0020, 0x0000, 0x00E3,   // 0x4610 (17936) pixels
0x1A89, 0x1B29, 0x346A, 0x4D4C, 0x6D6C, 0x6D6B, 0x6D8B, 0x65CC, 0x5DCD, 0x4CEC, 0x2AA7, 0x08A1, 0x0040, 0x0020, 0x0000, 0x0000,   // 0x4620 (17952) pixels
0x0001, 0x0000, 0x00E0, 0x5C8A, 0x54EB, 0x33EA, 0x2AE9, 0x2228, 0x00A2, 0x0040, 0x1985, 0x32C9, 0x1AE8, 0x1B07, 0x33AA, 0x3BAA,   // 0x4630 (17968) pixels
0x3B6A, 0x3309, 0x1226, 0x1246, 0x12A5, 0x33C9, 0x444A, 0x3328, 0x00C2, 0x0000, 0x0000, 0x0040, 0x1001, 0x0000, 0x0000, 0x0000,   // 0x4640 (17984) pixels
0x0000, 0x0020, 0x0000, 0x0000, 0x0000, 0x0000, 0x0000, 0x0000, 0x0000, 0x0000, 0x0000, 0x0000, 0x0000, 0x0000, 0x0000, 0x0000,   // 0x4650 (18000) pixels
0x0000, 0x0000, 0x0000, 0x0000, 0x0000, 0x0000, 0x0000, 0x0000, 0x0000, 0x0000, 0x0000, 0x0000, 0x0000, 0x0000, 0x0000, 0x0000,   // 0x4660 (18016) pixels
0x0000, 0x0000, 0x0000, 0x0000, 0x0000, 0x0000, 0x0000, 0x0000, 0x0000, 0x0000, 0x0000, 0x0000, 0x0000, 0x0000, 0x0000, 0x0000,   // 0x4670 (18032) pixels
0x0000, 0x0000, 0x0000, 0x0000, 0x0000, 0x0000, 0x0000, 0x0000, 0x0000, 0x0000, 0x0000, 0x0000, 0x0000, 0x0000, 0x0000, 0x0000,   // 0x4680 (18048) pixels
0x0000, 0x0000, 0x0000, 0x0000, 0x0000, 0x0000, 0x0000, 0x0000, 0x0000, 0x0000, 0x0000, 0x0000, 0x0000, 0x0000, 0x0000, 0x0000,   // 0x4690 (18064) pixels
0x0000, 0x0000, 0x0000, 0x0000, 0x0000, 0x0000, 0x0000, 0x0000, 0x0000, 0x0000, 0x0000, 0x0000, 0x0000, 0x0000, 0x0000, 0x0000,   // 0x46A0 (18080) pixels
0x0000, 0x0000, 0x0000, 0x0000, 0x0000, 0x0000, 0x0000, 0x0000, 0x0000, 0x0000, 0x0000, 0x0000, 0x0000, 0x0000, 0x0000, 0x0000,   // 0x46B0 (18096) pixels
0x0000, 0x0000, 0x0000, 0x0000, 0x0000, 0x0000, 0x0000, 0x0000, 0x0000, 0x0000, 0x0000, 0x0000, 0x0000, 0x0000, 0x0000, 0x0000,   // 0x46C0 (18112) pixels
0x0000, 0x0000, 0x0000, 0x0000, 0x0800, 0x0000, 0x0020, 0x0001, 0x0000, 0x0020, 0x1000, 0x0800, 0x0800, 0x0020, 0x0165, 0x22C9,   // 0x46D0 (18128) pixels
0x2B48, 0x3B88, 0x4507, 0x4D88, 0x55A8, 0x4D68, 0x5529, 0x54CA, 0x3BEA, 0x1B07, 0x31E6, 0x1103, 0x0040, 0x0000, 0x0001, 0x0000,   // 0x46E0 (18144) pixels
0x00E0, 0x548A, 0x4429, 0x2B68, 0x2289, 0x19A7, 0x0041, 0x0020, 0x19E6, 0x332B, 0x2AE8, 0x22E7, 0x22E8, 0x0A05, 0x09C5, 0x11C6,   // 0x46F0 (18160) pixels
0x11E7, 0x436E, 0x44EB, 0x4CEB, 0x3C48, 0x1A64, 0x0040, 0x0001, 0x0001, 0x0001, 0x0001, 0x0020, 0x0000, 0x0000, 0x0801, 0x0000,   // 0x4700 (18176) pixels
0x0000, 0x0000, 0x0000, 0x0000, 0x0000, 0x0000, 0x0000, 0x0000, 0x0000, 0x0000, 0x0000, 0x0000, 0x0000, 0x0000, 0x0000, 0x0000,   // 0x4710 (18192) pixels
0x0000, 0x0000, 0x0000, 0x0000, 0x0000, 0x0000, 0x0000, 0x0000, 0x0000, 0x0000, 0x0000, 0x0000, 0x0000, 0x0000, 0x0000, 0x0000,   // 0x4720 (18208) pixels
0x0000, 0x0000, 0x0000, 0x0000, 0x0000, 0x0000, 0x0000, 0x0000, 0x0000, 0x0000, 0x0000, 0x0000, 0x0000, 0x0000, 0x0000, 0x0000,   // 0x4730 (18224) pixels
0x0000, 0x0000, 0x0000, 0x0000, 0x0000, 0x0000, 0x0000, 0x0000, 0x0000, 0x0000, 0x0000, 0x0000, 0x0000, 0x0000, 0x0000, 0x0000,   // 0x4740 (18240) pixels
0x0000, 0x0000, 0x0000, 0x0000, 0x0000, 0x0000, 0x0000, 0x0000, 0x0000, 0x0000, 0x0000, 0x0000, 0x0000, 0x0000, 0x0000, 0x0000,   // 0x4750 (18256) pixels
0x0000, 0x0000, 0x0000, 0x0000, 0x0000, 0x0000, 0x0000, 0x0000, 0x0000, 0x0000, 0x0000, 0x0000, 0x0000, 0x0000, 0x0000, 0x0000,   // 0x4760 (18272) pixels
0x0000, 0x0000, 0x0000, 0x0000, 0x0000, 0x0000, 0x0000, 0x0000, 0x0000, 0x0000, 0x0000, 0x0000, 0x0000, 0x0000, 0x0000, 0x0000,   // 0x4770 (18288) pixels
0x0000, 0x0000, 0x0000, 0x0000, 0x0000, 0x0000, 0x0000, 0x0000, 0x0000, 0x0000, 0x0000, 0x0000, 0x0000, 0x0000, 0x0000, 0x0000,   // 0x4780 (18304) pixels
0x0000, 0x0000, 0x0000, 0x0000, 0x0000, 0x0000, 0x0000, 0x0000, 0x0000, 0x0000, 0x0000, 0x0000, 0x0000, 0x1984, 0x3369, 0x1B87,   // 0x4790 (18320) pixels
0x2B87, 0x3BE8, 0x3C68, 0x3426, 0x3447, 0x3C49, 0x2B68, 0x2328, 0x2B8A, 0x2226, 0x0020, 0x0000, 0x0001, 0x1000, 0x0080, 0x54CA,   // 0x47A0 (18336) pixels
0x444B, 0x2308, 0x2AC9, 0x1965, 0x0840, 0x0020, 0x2226, 0x22E9, 0x230A, 0x22A9, 0x0184, 0x0121, 0x1A65, 0x4408, 0x44A8, 0x3CC7,   // 0x47B0 (18352) pixels
0x3CE9, 0x4CCB, 0x2AC7, 0x0081, 0x0001, 0x0001, 0x0000, 0x0000, 0x0000, 0x0000, 0x0000, 0x0000, 0x0000, 0x0000, 0x0000, 0x0000,   // 0x47C0 (18368) pixels
0x0000, 0x0000, 0x0000, 0x0000, 0x0000, 0x0000, 0x0000, 0x0000, 0x0000, 0x0000, 0x0000, 0x0000, 0x0000, 0x0000, 0x0000, 0x0000,   // 0x47D0 (18384) pixels
0x0000, 0x0000, 0x0000, 0x0000, 0x0000, 0x0000, 0x0000, 0x0000, 0x0000, 0x0000, 0x0000, 0x0000, 0x0000, 0x0000, 0x0000, 0x0000,   // 0x47E0 (18400) pixels
0x0000, 0x0000, 0x0000, 0x0000, 0x0000, 0x0000, 0x0000, 0x0000, 0x0000, 0x0000, 0x0000, 0x0000, 0x0000, 0x0000, 0x0000, 0x0000,   // 0x47F0 (18416) pixels
0x0000, 0x0000, 0x0000, 0x0000, 0x0000, 0x0000, 0x0000, 0x0000, 0x0000, 0x0000, 0x0000, 0x0000, 0x0000, 0x0000, 0x0000, 0x0000,   // 0x4800 (18432) pixels
0x0000, 0x0000, 0x0000, 0x0000, 0x0000, 0x0000, 0x0000, 0x0000, 0x0000, 0x0000, 0x0000, 0x0000, 0x0000, 0x0000, 0x0000, 0x0000,   // 0x4810 (18448) pixels
0x0000, 0x0000, 0x0000, 0x0000, 0x0000, 0x0000, 0x0000, 0x0000, 0x0000, 0x0000, 0x0000, 0x0000, 0x0000, 0x0000, 0x0000, 0x0000,   // 0x4820 (18464) pixels
0x0000, 0x0000, 0x0000, 0x0000, 0x0000, 0x0000, 0x0000, 0x0000, 0x0000, 0x0000, 0x0000, 0x0000, 0x0000, 0x0000, 0x0000, 0x0000,   // 0x4830 (18480) pixels
0x0000, 0x0000, 0x0000, 0x0000, 0x0000, 0x0000, 0x0000, 0x0000, 0x0000, 0x0000, 0x0000, 0x0000, 0x0000, 0x0000, 0x0000, 0x0000,   // 0x4840 (18496) pixels
0x0000, 0x0000, 0x0000, 0x0000, 0x0000, 0x0000, 0x0000, 0x0000, 0x0000, 0x0000, 0x0000, 0x00C2, 0x22C7, 0x3C0A, 0x2B68, 0x12A6,   // 0x4850 (18512) pixels
0x22E7, 0x3369, 0x3BA9, 0x3BEA, 0x33A8, 0x2346, 0x2328, 0x2A87, 0x0903, 0x0062, 0x0001, 0x0000, 0x00E0, 0x44A8, 0x442B, 0x2349,   // 0x4860 (18528) pixels
0x2288, 0x0904, 0x0000, 0x0000, 0x19E6, 0x232A, 0x1A88, 0x1A87, 0x1246, 0x2286, 0x3368, 0x4C6A, 0x4CCA, 0x44C8, 0x4CCB, 0x3BE9,   // 0x4870 (18544) pixels
0x11E4, 0x0040, 0x0000, 0x0001, 0x0000, 0x0000, 0x0000, 0x0000, 0x0000, 0x0000, 0x0000, 0x0000, 0x0000, 0x0000, 0x0000, 0x0000,   // 0x4880 (18560) pixels
0x0000, 0x0000, 0x0000, 0x0000, 0x0000, 0x0000, 0x0000, 0x0000, 0x0000, 0x0000, 0x0000, 0x0000, 0x0000, 0x0000, 0x0000, 0x0000,   // 0x4890 (18576) pixels
0x0000, 0x0000, 0x0000, 0x0000, 0x0000, 0x0000, 0x0000, 0x0000, 0x0000, 0x0000, 0x0000, 0x0000, 0x0000, 0x0000, 0x0000, 0x0000,   // 0x48A0 (18592) pixels
0x0000, 0x0000, 0x0000, 0x0000, 0x0000, 0x0000, 0x0000, 0x0000, 0x0000, 0x0000, 0x0000, 0x0000, 0x0000, 0x0000, 0x0000, 0x0000,   // 0x48B0 (18608) pixels
0x0000, 0x0000, 0x0000, 0x0000, 0x0000, 0x0000, 0x0000, 0x0000, 0x0000, 0x0000, 0x0000, 0x0000, 0x0000, 0x0000, 0x0000, 0x0000,   // 0x48C0 (18624) pixels
0x0000, 0x0000, 0x0000, 0x0000, 0x0000, 0x0000, 0x0000, 0x0000, 0x0000, 0x0000, 0x0000, 0x0000, 0x0000, 0x0000, 0x0000, 0x0000,   // 0x48D0 (18640) pixels
0x0000, 0x0000, 0x0000, 0x0000, 0x0000, 0x0000, 0x0000, 0x0000, 0x0000, 0x0000, 0x0000, 0x0000, 0x0000, 0x0000, 0x0000, 0x0000,   // 0x48E0 (18656) pixels
0x0000, 0x0000, 0x0000, 0x0000, 0x0000, 0x0000, 0x0000, 0x0000, 0x0000, 0x0000, 0x0000, 0x0000, 0x0000, 0x0000, 0x0000, 0x0000,   // 0x48F0 (18672) pixels
0x0000, 0x0000, 0x0000, 0x0000, 0x0000, 0x0000, 0x0000, 0x0000, 0x0000, 0x0000, 0x0000, 0x0000, 0x0000, 0x0000, 0x0000, 0x0000,   // 0x4900 (18688) pixels
0x0000, 0x0000, 0x0000, 0x0000, 0x0000, 0x0000, 0x0000, 0x0000, 0x0000, 0x0020, 0x1183, 0x440B, 0x448B, 0x2B89, 0x1A87, 0x09A6,   // 0x4910 (18704) pixels
0x0985, 0x1A67, 0x2B08, 0x2326, 0x1B28, 0x3329, 0x2A68, 0x1125, 0x0001, 0x0000, 0x11E2, 0x3CA7, 0x33C9, 0x2B4A, 0x2289, 0x00C4,   // 0x4920 (18720) pixels
0x0001, 0x0021, 0x11C7, 0x1AAA, 0x09A8, 0x09A7, 0x1A49, 0x2AEA, 0x2B0A, 0x334A, 0x336A, 0x2B49, 0x3348, 0x1204, 0x0080, 0x0000,   // 0x4930 (18736) pixels
0x0000, 0x0000, 0x0000, 0x0000, 0x0000, 0x0000, 0x0000, 0x0000, 0x0000, 0x0000, 0x0000, 0x0000, 0x0000, 0x0000, 0x0000, 0x0000,   // 0x4940 (18752) pixels
0x0000, 0x0000, 0x0000, 0x0000, 0x0000, 0x0000, 0x0000, 0x0000, 0x0000, 0x0000, 0x0000, 0x0000, 0x0000, 0x0000, 0x0000, 0x0000,   // 0x4950 (18768) pixels
0x0000, 0x0000, 0x0000, 0x0000, 0x0000, 0x0000, 0x0000, 0x0000, 0x0000, 0x0000, 0x0000, 0x0000, 0x0000, 0x0000, 0x0000, 0x0000,   // 0x4960 (18784) pixels
0x0000, 0x0000, 0x0000, 0x0000, 0x0000, 0x0000, 0x0000, 0x0000, 0x0000, 0x0000, 0x0000, 0x0000, 0x0000, 0x0000, 0x0000, 0x0000,   // 0x4970 (18800) pixels
0x0000, 0x0000, 0x0000, 0x0000, 0x0000, 0x0000, 0x0000, 0x0000, 0x0000, 0x0000, 0x0000, 0x0000, 0x0000, 0x0000, 0x0000, 0x0000,   // 0x4980 (18816) pixels
0x0000, 0x0000, 0x0000, 0x0000, 0x0000, 0x0000, 0x0000, 0x0000, 0x0000, 0x0000, 0x0000, 0x0000, 0x0000, 0x0000, 0x0000, 0x0000,   // 0x4990 (18832) pixels
0x0000, 0x0000, 0x0000, 0x0000, 0x0000, 0x0000, 0x0000, 0x0000, 0x0000, 0x0000, 0x0000, 0x0000, 0x0000, 0x0000, 0x0000, 0x0000,   // 0x49A0 (18848) pixels
0x0000, 0x0000, 0x0000, 0x0000, 0x0000, 0x0000, 0x0000, 0x0000, 0x0000, 0x0000, 0x0000, 0x0000, 0x0000, 0x0000, 0x0000, 0x0000,   // 0x49B0 (18864) pixels
0x0000, 0x0000, 0x0000, 0x0000, 0x0000, 0x0000, 0x0000, 0x0000, 0x0000, 0x0000, 0x0000, 0x0000, 0x0000, 0x0000, 0x0000, 0x0000,   // 0x49C0 (18880) pixels
0x0000, 0x0000, 0x0800, 0x0000, 0x0000, 0x0000, 0x0821, 0x0000, 0x0080, 0x2AA7, 0x44C8, 0x54EB, 0x4C6B, 0x43CB, 0x330A, 0x0185,   // 0x49D0 (18896) pixels
0x0144, 0x330A, 0x2308, 0x22E8, 0x22A9, 0x1166, 0x0002, 0x0061, 0x3B88, 0x3CE8, 0x3389, 0x2B4A, 0x228A, 0x00A5, 0x0022, 0x08A4,   // 0x49E0 (18912) pixels
0x19C8, 0x01A8, 0x00A7, 0x00A6, 0x0927, 0x1188, 0x0967, 0x0147, 0x0947, 0x0947, 0x0903, 0x0061, 0x0000, 0x0000, 0x0000, 0x0000,   // 0x49F0 (18928) pixels
0x0000, 0x0000, 0x0000, 0x0000, 0x0000, 0x0000, 0x0000, 0x0000, 0x0000, 0x0000, 0x0000, 0x0000, 0x0000, 0x0000, 0x0000, 0x0000,   // 0x4A00 (18944) pixels
0x0000, 0x0000, 0x0000, 0x0000, 0x0000, 0x0000, 0x0000, 0x0000, 0x0000, 0x0000, 0x0000, 0x0000, 0x0000, 0x0000, 0x0000, 0x0000,   // 0x4A10 (18960) pixels
0x0000, 0x0000, 0x0000, 0x0000, 0x0000, 0x0000, 0x0000, 0x0000, 0x0000, 0x0000, 0x0000, 0x0000, 0x0000, 0x0000, 0x0000, 0x0000,   // 0x4A20 (18976) pixels
0x0000, 0x0000, 0x0000, 0x0000, 0x0000, 0x0000, 0x0000, 0x0000, 0x0000, 0x0000, 0x0000, 0x0000, 0x0000, 0x0000, 0x0000, 0x0000,   // 0x4A30 (18992) pixels
0x0000, 0x0000, 0x0000, 0x0000, 0x0000, 0x0000, 0x0000, 0x0000, 0x0000, 0x0000, 0x0000, 0x0000, 0x0000, 0x0000, 0x0000, 0x0000,   // 0x4A40 (19008) pixels
0x0000, 0x0000, 0x0000, 0x0000, 0x0000, 0x0000, 0x0000, 0x0000, 0x0000, 0x0000, 0x0000, 0x0000, 0x0000, 0x0000, 0x0000, 0x0000,   // 0x4A50 (19024) pixels
0x0000, 0x0000, 0x0000, 0x0000, 0x0000, 0x0000, 0x0000, 0x0000, 0x0000, 0x0000, 0x0000, 0x0000, 0x0000, 0x0000, 0x0000, 0x0000,   // 0x4A60 (19040) pixels
0x0000, 0x0000, 0x0000, 0x0000, 0x0000, 0x0000, 0x0000, 0x0000, 0x0000, 0x0000, 0x0000, 0x0000, 0x0000, 0x0000, 0x0000, 0x0000,   // 0x4A70 (19056) pixels
0x0000, 0x0000, 0x0000, 0x0000, 0x0000, 0x0000, 0x0000, 0x0000, 0x0000, 0x0000, 0x0000, 0x0000, 0x0000, 0x0000, 0x0000, 0x0000,   // 0x4A80 (19072) pixels
0x0000, 0x0000, 0x0000, 0x0000, 0x0801, 0x0000, 0x0020, 0x0922, 0x33E6, 0x4CEA, 0x44E9, 0x3C89, 0x33C8, 0x01C3, 0x00E2, 0x29E8,   // 0x4A90 (19088) pixels
0x2B09, 0x1AE8, 0x1AA9, 0x0945, 0x0001, 0x0060, 0x43E9, 0x3466, 0x3388, 0x336A, 0x1A6A, 0x00E6, 0x00A5, 0x1127, 0x1167, 0x00C5,   // 0x4AA0 (19104) pixels
0x0002, 0x0002, 0x0042, 0x0041, 0x0021, 0x0021, 0x0043, 0x0023, 0x0001, 0x0000, 0x0000, 0x0000, 0x0000, 0x0000, 0x0000, 0x0000,   // 0x4AB0 (19120) pixels
0x0000, 0x0000, 0x0000, 0x0000, 0x0000, 0x0000, 0x0000, 0x0000, 0x0000, 0x0000, 0x0000, 0x0000, 0x0000, 0x0000, 0x0000, 0x0000,   // 0x4AC0 (19136) pixels
0x0000, 0x0000, 0x0000, 0x0000, 0x0000, 0x0000, 0x0000, 0x0000, 0x0000, 0x0000, 0x0000, 0x0000, 0x0000, 0x0000, 0x0000, 0x0000,   // 0x4AD0 (19152) pixels
0x0000, 0x0000, 0x0000, 0x0000, 0x0000, 0x0000, 0x0000, 0x0000, 0x0000, 0x0000, 0x0000, 0x0000, 0x0000, 0x0000, 0x0000, 0x0000,   // 0x4AE0 (19168) pixels
0x0000, 0x0000, 0x0000, 0x0000, 0x0000, 0x0000, 0x0000, 0x0000, 0x0000, 0x0000, 0x0000, 0x0000, 0x0000, 0x0000, 0x0000, 0x0000,   // 0x4AF0 (19184) pixels
0x0000, 0x0000, 0x0000, 0x0000, 0x0000, 0x0000, 0x0000, 0x0000, 0x0000, 0x0000, 0x0000, 0x0000, 0x0000, 0x0000, 0x0000, 0x0000,   // 0x4B00 (19200) pixels
0x0000, 0x0000, 0x0000, 0x0000, 0x0000, 0x0000, 0x0000, 0x0000, 0x0000, 0x0000, 0x0000, 0x0000, 0x0000, 0x0000, 0x0000, 0x0000,   // 0x4B10 (19216) pixels
0x0000, 0x0000, 0x0000, 0x0000, 0x0000, 0x0000, 0x0000, 0x0000, 0x0000, 0x0000, 0x0000, 0x0000, 0x0000, 0x0000, 0x0000, 0x0000,   // 0x4B20 (19232) pixels
0x0000, 0x0000, 0x0000, 0x0000, 0x0000, 0x0000, 0x0000, 0x0000, 0x0000, 0x0000, 0x0000, 0x0000, 0x0000, 0x0000, 0x0000, 0x0000,   // 0x4B30 (19248) pixels
0x0000, 0x0000, 0x0000, 0x0000, 0x0000, 0x0000, 0x0000, 0x0000, 0x0000, 0x0000, 0x0000, 0x0000, 0x0000, 0x0000, 0x0000, 0x0000,   // 0x4B40 (19264) pixels
0x0000, 0x0000, 0x0000, 0x0000, 0x0000, 0x0040, 0x1A45, 0x43EA, 0x448A, 0x2406, 0x2BC6, 0x33A8, 0x32C8, 0x1965, 0x1A07, 0x1AE9,   // 0x4B50 (19280) pixels
0x22EA, 0x1145, 0x0001, 0x0020, 0x43E9, 0x3C68, 0x2B67, 0x334A, 0x1A4A, 0x0127, 0x1948, 0x1926, 0x0083, 0x0021, 0x0800, 0x0800,   // 0x4B60 (19296) pixels
0x0000, 0x0000, 0x0000, 0x0000, 0x0000, 0x0000, 0x0001, 0x0001, 0x0801, 0x0000, 0x0000, 0x0000, 0x0020, 0x0020, 0x0000, 0x0000,   // 0x4B70 (19312) pixels
0x0000, 0x0000, 0x0000, 0x0000, 0x0000, 0x0000, 0x0000, 0x0000, 0x0000, 0x0000, 0x0000, 0x0000, 0x0000, 0x0000, 0x0000, 0x0000,   // 0x4B80 (19328) pixels
0x0000, 0x0000, 0x0000, 0x0000, 0x0000, 0x0000, 0x0000, 0x0000, 0x0000, 0x0000, 0x0000, 0x0000, 0x0000, 0x0000, 0x0000, 0x0000,   // 0x4B90 (19344) pixels
0x0000, 0x0000, 0x0000, 0x0000, 0x0000, 0x0000, 0x0000, 0x0000, 0x0000, 0x0000, 0x0000, 0x0000, 0x0000, 0x0000, 0x0000, 0x0000,   // 0x4BA0 (19360) pixels
0x0000, 0x0000, 0x0000, 0x0000, 0x0000, 0x0000, 0x0000, 0x0000, 0x0000, 0x0000, 0x0000, 0x0000, 0x0000, 0x0000, 0x0000, 0x0000,   // 0x4BB0 (19376) pixels
0x0000, 0x0000, 0x0000, 0x0000, 0x0000, 0x0000, 0x0000, 0x0000, 0x0000, 0x0000, 0x0000, 0x0000, 0x0000, 0x0000, 0x0000, 0x0000,   // 0x4BC0 (19392) pixels
0x0000, 0x0000, 0x0000, 0x0000, 0x0000, 0x0000, 0x0000, 0x0000, 0x0000, 0x0000, 0x0000, 0x0000, 0x0000, 0x0000, 0x0000, 0x0000,   // 0x4BD0 (19408) pixels
0x0000, 0x0000, 0x0000, 0x0000, 0x0000, 0x0000, 0x0000, 0x0000, 0x0000, 0x0000, 0x0000, 0x0000, 0x0000, 0x0000, 0x0000, 0x0000,   // 0x4BE0 (19424) pixels
0x0000, 0x0000, 0x0000, 0x0000, 0x0000, 0x0000, 0x0000, 0x0000, 0x0000, 0x0000, 0x0000, 0x0000, 0x0000, 0x0000, 0x0000, 0x0000,   // 0x4BF0 (19440) pixels
0x0000, 0x0000, 0x0000, 0x0000, 0x0000, 0x0000, 0x0000, 0x0000, 0x0000, 0x0000, 0x0000, 0x0000, 0x0000, 0x0020, 0x0020, 0x0000,   // 0x4C00 (19456) pixels
0x0000, 0x0000, 0x0000, 0x0000, 0x0061, 0x19C5, 0x32E9, 0x336B, 0x2B4A, 0x334B, 0x3B0B, 0x19E7, 0x1146, 0x22A9, 0x230A, 0x1124,   // 0x4C10 (19472) pixels
0x0000, 0x0040, 0x43C9, 0x3C68, 0x2B67, 0x336A, 0x1A49, 0x0127, 0x1126, 0x0883, 0x0000, 0x0000, 0x0000, 0x0000, 0x0000, 0x0000,   // 0x4C20 (19488) pixels
0x0000, 0x0000, 0x0000, 0x0000, 0x0000, 0x0000, 0x0000, 0x0000, 0x0000, 0x0000, 0x0020, 0x0020, 0x0000, 0x0000, 0x0000, 0x0000,   // 0x4C30 (19504) pixels
0x0000, 0x0000, 0x0000, 0x0000, 0x0000, 0x0000, 0x0000, 0x0000, 0x0000, 0x0000, 0x0000, 0x0000, 0x0000, 0x0000, 0x0000, 0x0000,   // 0x4C40 (19520) pixels
0x0000, 0x0000, 0x0000, 0x0000, 0x0000, 0x0000, 0x0000, 0x0000, 0x0000, 0x0000, 0x0000, 0x0000, 0x0000, 0x0000, 0x0000, 0x0000,   // 0x4C50 (19536) pixels
0x0000, 0x0000, 0x0000, 0x0000, 0x0000, 0x0000, 0x0000, 0x0000, 0x0000, 0x0000, 0x0000, 0x0000, 0x0000, 0x0000, 0x0000, 0x0000,   // 0x4C60 (19552) pixels
0x0000, 0x0000, 0x0000, 0x0000, 0x0000, 0x0000, 0x0000, 0x0000, 0x0000, 0x0000, 0x0000, 0x0000, 0x0000, 0x0000, 0x0000, 0x0000,   // 0x4C70 (19568) pixels
0x0000, 0x0000, 0x0000, 0x0000, 0x0000, 0x0000, 0x0000, 0x0000, 0x0000, 0x0000, 0x0000, 0x0000, 0x0000, 0x0000, 0x0000, 0x0000,   // 0x4C80 (19584) pixels
0x0000, 0x0000, 0x0000, 0x0000, 0x0000, 0x0000, 0x0000, 0x0000, 0x0000, 0x0000, 0x0000, 0x0000, 0x0000, 0x0000, 0x0000, 0x0000,   // 0x4C90 (19600) pixels
0x0000, 0x0000, 0x0000, 0x0000, 0x0000, 0x0000, 0x0000, 0x0000, 0x0000, 0x0000, 0x0000, 0x0000, 0x0000, 0x0000, 0x0000, 0x0000,   // 0x4CA0 (19616) pixels
0x0000, 0x0000, 0x0000, 0x0000, 0x0000, 0x0000, 0x0000, 0x0000, 0x0000, 0x0000, 0x0000, 0x0000, 0x0000, 0x0000, 0x0000, 0x0000,   // 0x4CB0 (19632) pixels
0x0000, 0x0000, 0x0000, 0x0000, 0x0000, 0x0000, 0x0000, 0x0000, 0x0000, 0x0000, 0x0000, 0x0020, 0x0020, 0x0020, 0x0800, 0x0000,   // 0x4CC0 (19648) pixels
0x0000, 0x0000, 0x0000, 0x0041, 0x0084, 0x0908, 0x0909, 0x0108, 0x0189, 0x0167, 0x08A5, 0x09E7, 0x0A26, 0x00A1, 0x0800, 0x08C1,   // 0x4CD0 (19664) pixels
0x542B, 0x3C28, 0x33A8, 0x336A, 0x1229, 0x00C5, 0x0042, 0x0000, 0x0000, 0x1020, 0x0020, 0x0000, 0x0000, 0x0000, 0x0000, 0x0000,   // 0x4CE0 (19680) pixels
0x0000, 0x0000, 0x0000, 0x0000, 0x0000, 0x0000, 0x0000, 0x0000, 0x0000, 0x0000, 0x0000, 0x0000, 0x0000, 0x0000, 0x0000, 0x0000,   // 0x4CF0 (19696) pixels
0x0000, 0x0000, 0x0000, 0x0000, 0x0000, 0x0000, 0x0000, 0x0000, 0x0000, 0x0000, 0x0000, 0x0000, 0x0000, 0x0000, 0x0000, 0x0000,   // 0x4D00 (19712) pixels
0x0000, 0x0000, 0x0000, 0x0000, 0x0000, 0x0000, 0x0000, 0x0000, 0x0000, 0x0000, 0x0000, 0x0000, 0x0000, 0x0000, 0x0000, 0x0000,   // 0x4D10 (19728) pixels
0x0000, 0x0000, 0x0000, 0x0000, 0x0000, 0x0000, 0x0000, 0x0000, 0x0000, 0x0000, 0x0000, 0x0000, 0x0000, 0x0000, 0x0000, 0x0000,   // 0x4D20 (19744) pixels
0x0000, 0x0000, 0x0000, 0x0000, 0x0000, 0x0000, 0x0000, 0x0000, 0x0000, 0x0000, 0x0000, 0x0000, 0x0000, 0x0000, 0x0000, 0x0000,   // 0x4D30 (19760) pixels
0x0000, 0x0000, 0x0000, 0x0000, 0x0000, 0x0000, 0x0000, 0x0000, 0x0000, 0x0000, 0x0000, 0x0000, 0x0000, 0x0000, 0x0000, 0x0000,   // 0x4D40 (19776) pixels
0x0000, 0x0000, 0x0000, 0x0000, 0x0000, 0x0000, 0x0000, 0x0000, 0x0000, 0x0000, 0x0000, 0x0000, 0x0000, 0x0000, 0x0000, 0x0000,   // 0x4D50 (19792) pixels
0x0000, 0x0000, 0x0000, 0x0000, 0x0000, 0x0000, 0x0000, 0x0000, 0x0000, 0x0000, 0x0000, 0x0000, 0x0000, 0x0000, 0x0000, 0x0000,   // 0x4D60 (19808) pixels
0x0000, 0x0000, 0x0000, 0x0000, 0x0000, 0x0000, 0x0000, 0x0000, 0x0000, 0x0000, 0x0000, 0x0000, 0x0000, 0x0000, 0x0000, 0x0000,   // 0x4D70 (19824) pixels
0x0000, 0x0000, 0x0000, 0x0000, 0x0000, 0x0000, 0x0000, 0x0800, 0x0000, 0x0000, 0x0000, 0x0000, 0x0000, 0x0000, 0x0000, 0x0000,   // 0x4D80 (19840) pixels
0x0000, 0x0000, 0x0000, 0x0020, 0x0021, 0x0000, 0x0000, 0x0000, 0x0041, 0x0082, 0x08C3, 0x0002, 0x0002, 0x5429, 0x6DEA, 0x23C8,   // 0x4D90 (19856) pixels
0x2BC7, 0x33AA, 0x1A07, 0x0022, 0x0800, 0x0820, 0x0000, 0x0001, 0x0000, 0x0000, 0x0000, 0x0000, 0x0000, 0x0000, 0x0000, 0x0000,   // 0x4DA0 (19872) pixels
0x0000, 0x0000, 0x0000, 0x0000, 0x0000, 0x0000, 0x0000, 0x0020, 0x0000, 0x0000, 0x0000, 0x0000, 0x0000, 0x0000, 0x0000, 0x0000,   // 0x4DB0 (19888) pixels
0x0000, 0x0000, 0x0000, 0x0000, 0x0000, 0x0000, 0x0000, 0x0000, 0x0000, 0x0000, 0x0000, 0x0000, 0x0000, 0x0000, 0x0000, 0x0000,   // 0x4DC0 (19904) pixels
0x0000, 0x0000, 0x0000, 0x0000, 0x0000, 0x0000, 0x0000, 0x0000, 0x0000, 0x0000, 0x0000, 0x0000, 0x0000, 0x0000, 0x0000, 0x0000,   // 0x4DD0 (19920) pixels
0x0000, 0x0000, 0x0000, 0x0000, 0x0000, 0x0000, 0x0000, 0x0000, 0x0000, 0x0000, 0x0000, 0x0000, 0x0000, 0x0000, 0x0000, 0x0000,   // 0x4DE0 (19936) pixels
0x0000, 0x0000, 0x0000, 0x0000, 0x0000, 0x0000, 0x0000, 0x0000, 0x0000, 0x0000, 0x0000, 0x0000, 0x0000, 0x0000, 0x0000, 0x0000,   // 0x4DF0 (19952) pixels
0x0000, 0x0000, 0x0000, 0x0000, 0x0000, 0x0000, 0x0000, 0x0000, 0x0000, 0x0000, 0x0000, 0x0000, 0x0000, 0x0000, 0x0000, 0x0000,   // 0x4E00 (19968) pixels
0x0000, 0x0000, 0x0000, 0x0000, 0x0000, 0x0000, 0x0000, 0x0000, 0x0000, 0x0000, 0x0000, 0x0000, 0x0000, 0x0000, 0x0000, 0x0000,   // 0x4E10 (19984) pixels
0x0000, 0x0000, 0x0000, 0x0000, 0x0000, 0x0000, 0x0000, 0x0000, 0x0000, 0x0000, 0x0000, 0x0000, 0x0000, 0x0000, 0x0000, 0x0000,   // 0x4E20 (20000) pixels
0x0000, 0x0000, 0x0000, 0x0000, 0x0000, 0x0000, 0x0000, 0x0000, 0x0000, 0x0000, 0x0000, 0x0000, 0x0000, 0x0000, 0x0000, 0x0000,   // 0x4E30 (20016) pixels
0x0000, 0x0000, 0x0000, 0x0000, 0x0000, 0x0000, 0x0000, 0x0000, 0x0000, 0x0000, 0x0000, 0x0000, 0x0000, 0x0000, 0x0000, 0x0000,   // 0x4E40 (20032) pixels
0x0000, 0x0000, 0x0000, 0x0000, 0x0000, 0x0000, 0x0000, 0x0021, 0x08C3, 0x0884, 0x0023, 0x4BE8, 0x5D89, 0x2BC8, 0x2B88, 0x338A,   // 0x4E50 (20048) pixels
0x1A27, 0x0062, 0x0000, 0x0000, 0x0000, 0x0000, 0x0820, 0x0000, 0x0000, 0x0000, 0x0000, 0x0000, 0x0000, 0x0000, 0x0000, 0x0000,   // 0x4E60 (20064) pixels
0x0000, 0x0000, 0x0000, 0x0000, 0x0000, 0x0000, 0x0000, 0x0000, 0x0000, 0x0000, 0x0000, 0x0000, 0x0000, 0x0000, 0x0000, 0x0000,   // 0x4E70 (20080) pixels
0x0000, 0x0000, 0x0000, 0x0000, 0x0000, 0x0000, 0x0000, 0x0000, 0x0000, 0x0000, 0x0000, 0x0000, 0x0000, 0x0000, 0x0000, 0x0000,   // 0x4E80 (20096) pixels
0x0000, 0x0000, 0x0000, 0x0000, 0x0000, 0x0000, 0x0000, 0x0000, 0x0000, 0x0000, 0x0000, 0x0000, 0x0000, 0x0000, 0x0000, 0x0000,   // 0x4E90 (20112) pixels
0x0000, 0x0000, 0x0000, 0x0000, 0x0000, 0x0000, 0x0000, 0x0000, 0x0000, 0x0000, 0x0000, 0x0000, 0x0000, 0x0000, 0x0000, 0x0000,   // 0x4EA0 (20128) pixels
0x0000, 0x0000, 0x0000, 0x0000, 0x0000, 0x0000, 0x0000, 0x0000, 0x0000, 0x0000, 0x0000, 0x0000, 0x0000, 0x0000, 0x0000, 0x0000,   // 0x4EB0 (20144) pixels
0x0000, 0x0000, 0x0000, 0x0000, 0x0000, 0x0000, 0x0000, 0x0000, 0x0000, 0x0000, 0x0000, 0x0000, 0x0000, 0x0000, 0x0000, 0x0000,   // 0x4EC0 (20160) pixels
0x0000, 0x0000, 0x0000, 0x0000, 0x0000, 0x0000, 0x0000, 0x0000, 0x0000, 0x0000, 0x0000, 0x0000, 0x0000, 0x0000, 0x0000, 0x0000,   // 0x4ED0 (20176) pixels
0x0000, 0x0000, 0x0000, 0x0000, 0x0000, 0x0000, 0x0000, 0x0000, 0x0000, 0x0000, 0x0000, 0x0000, 0x0000, 0x0000, 0x0000, 0x0000,   // 0x4EE0 (20192) pixels
0x0000, 0x0000, 0x0000, 0x0000, 0x0000, 0x0000, 0x0000, 0x0000, 0x0000, 0x0000, 0x0000, 0x0000, 0x0000, 0x0000, 0x0000, 0x0000,   // 0x4EF0 (20208) pixels
0x0000, 0x0000, 0x0000, 0x0000, 0x0000, 0x0000, 0x0000, 0x0000, 0x0000, 0x0000, 0x0000, 0x0000, 0x0000, 0x0000, 0x0000, 0x0000,   // 0x4F00 (20224) pixels
0x0000, 0x0000, 0x0000, 0x0000, 0x0000, 0x0001, 0x08C3, 0x1967, 0x0106, 0x3C08, 0x4D28, 0x2BA8, 0x3369, 0x2B29, 0x11E7, 0x0062,   // 0x4F10 (20240) pixels
0x0000, 0x0000, 0x0000, 0x0000, 0x0000, 0x0000, 0x0000, 0x0000, 0x0000, 0x0000, 0x0000, 0x0800, 0x0000, 0x0000, 0x0000, 0x0000,   // 0x4F20 (20256) pixels
0x0000, 0x0000, 0x0000, 0x0000, 0x0000, 0x0000, 0x0000, 0x0000, 0x0000, 0x0000, 0x0000, 0x0000, 0x0000, 0x0000, 0x0000, 0x0000,   // 0x4F30 (20272) pixels
0x0000, 0x0000, 0x0000, 0x0000, 0x0000, 0x0000, 0x0000, 0x0000, 0x0000, 0x0000, 0x0000, 0x0000, 0x0000, 0x0000, 0x0000, 0x0000,   // 0x4F40 (20288) pixels
0x0000, 0x0000, 0x0000, 0x0000, 0x0000, 0x0000, 0x0000, 0x0000, 0x0000, 0x0000, 0x0000, 0x0000, 0x0000, 0x0000, 0x0000, 0x0000,   // 0x4F50 (20304) pixels
0x0000, 0x0000, 0x0000, 0x0000, 0x0000, 0x0000, 0x0000, 0x0000, 0x0000, 0x0000, 0x0000, 0x0000, 0x0000, 0x0000, 0x0000, 0x0000,   // 0x4F60 (20320) pixels
0x0000, 0x0000, 0x0000, 0x0000, 0x0000, 0x0000, 0x0000, 0x0000, 0x0000, 0x0000, 0x0000, 0x0000, 0x0000, 0x0000, 0x0000, 0x0000,   // 0x4F70 (20336) pixels
0x0000, 0x0000, 0x0000, 0x0000, 0x0000, 0x0000, 0x0000, 0x0000, 0x0000, 0x0000, 0x0000, 0x0000, 0x0000, 0x0000, 0x0000, 0x0000,   // 0x4F80 (20352) pixels
0x0000, 0x0000, 0x0000, 0x0000, 0x0000, 0x0000, 0x0000, 0x0000, 0x0000, 0x0000, 0x0000, 0x0000, 0x0000, 0x0000, 0x0000, 0x0000,   // 0x4F90 (20368) pixels
0x0000, 0x0000, 0x0000, 0x0000, 0x0000, 0x0000, 0x0000, 0x0000, 0x0000, 0x0000, 0x0000, 0x0000, 0x0000, 0x0000, 0x0000, 0x0000,   // 0x4FA0 (20384) pixels
0x0000, 0x0000, 0x0000, 0x0000, 0x0000, 0x0000, 0x0000, 0x0000, 0x0000, 0x0000, 0x0000, 0x0000, 0x0000, 0x0000, 0x0000, 0x0000,   // 0x4FB0 (20400) pixels
0x0020, 0x0020, 0x0000, 0x0000, 0x0000, 0x0000, 0x0000, 0x0000, 0x0000, 0x0000, 0x0020, 0x0020, 0x0020, 0x0000, 0x0800, 0x0000,   // 0x4FC0 (20416) pixels
0x0000, 0x0000, 0x0800, 0x0000, 0x08A2, 0x1947, 0x0126, 0x3407, 0x4D07, 0x2B88, 0x3B6A, 0x22A8, 0x0125, 0x0022, 0x0000, 0x0020,   // 0x4FD0 (20432) pixels
0x0000, 0x0000, 0x0000, 0x0001, 0x0000, 0x0000, 0x0000, 0x0000, 0x0000, 0x0000, 0x0000, 0x0000, 0x0000, 0x0000, 0x0000, 0x0000,   // 0x4FE0 (20448) pixels
0x0000, 0x0000, 0x0000, 0x0000, 0x0000, 0x0000, 0x0000, 0x0000, 0x0000, 0x0000, 0x0000, 0x0000, 0x0000, 0x0000, 0x0000, 0x0000,   // 0x4FF0 (20464) pixels
0x0000, 0x0000, 0x0000, 0x0000, 0x0000, 0x0000, 0x0000, 0x0000, 0x0000, 0x0000, 0x0000, 0x0000, 0x0000, 0x0000, 0x0000, 0x0000,   // 0x5000 (20480) pixels
0x0000, 0x0000, 0x0000, 0x0000, 0x0000, 0x0000, 0x0000, 0x0000, 0x0000, 0x0000, 0x0000, 0x0000, 0x0000, 0x0000, 0x0000, 0x0000,   // 0x5010 (20496) pixels
0x0000, 0x0000, 0x0000, 0x0000, 0x0000, 0x0000, 0x0000, 0x0000, 0x0000, 0x0000, 0x0000, 0x0000, 0x0000, 0x0000, 0x0000, 0x0000,   // 0x5020 (20512) pixels
0x0000, 0x0000, 0x0000, 0x0000, 0x0000, 0x0000, 0x0000, 0x0000, 0x0000, 0x0000, 0x0000, 0x0000, 0x0000, 0x0000, 0x0000, 0x0000,   // 0x5030 (20528) pixels
0x0000, 0x0000, 0x0000, 0x0000, 0x0000, 0x0000, 0x0000, 0x0000, 0x0000, 0x0000, 0x0000, 0x0000, 0x0000, 0x0000, 0x0000, 0x0000,   // 0x5040 (20544) pixels
0x0000, 0x0000, 0x0000, 0x0000, 0x0000, 0x0000, 0x0000, 0x0000, 0x0000, 0x0000, 0x0000, 0x0000, 0x0000, 0x0000, 0x0000, 0x0000,   // 0x5050 (20560) pixels
0x0000, 0x0000, 0x0000, 0x0000, 0x0000, 0x0000, 0x0000, 0x0000, 0x0000, 0x0000, 0x0000, 0x0000, 0x0000, 0x0000, 0x0000, 0x0000,   // 0x5060 (20576) pixels
0x0000, 0x0000, 0x0000, 0x0000, 0x0000, 0x0000, 0x0000, 0x0000, 0x0000, 0x0000, 0x0000, 0x0000, 0x0000, 0x0000, 0x0000, 0x0000,   // 0x5070 (20592) pixels
0x0000, 0x0000, 0x0000, 0x0000, 0x0000, 0x0000, 0x0000, 0x0000, 0x0000, 0x0020, 0x0020, 0x0000, 0x0000, 0x0000, 0x0000, 0x0000,   // 0x5080 (20608) pixels
0x0000, 0x0000, 0x0000, 0x0043, 0x0084, 0x2BC7, 0x4D08, 0x2B68, 0x3B6A, 0x1A47, 0x00E4, 0x0002, 0x0001, 0x0020, 0x0000, 0x0000,   // 0x5090 (20624) pixels
0x0041, 0x0020, 0x0000, 0x0000, 0x0000, 0x0000, 0x0020, 0x0020, 0x0000, 0x0000, 0x0000, 0x0000, 0x0000, 0x0000, 0x0800, 0x0800,   // 0x50A0 (20640) pixels
0x0000, 0x0000, 0x0000, 0x0000, 0x0000, 0x0000, 0x0000, 0x0000, 0x0000, 0x0000, 0x0000, 0x0000, 0x0000, 0x0000, 0x0000, 0x0000,   // 0x50B0 (20656) pixels
0x0000, 0x0000, 0x0000, 0x0000, 0x0000, 0x0000, 0x0000, 0x0000, 0x0000, 0x0000, 0x0000, 0x0000, 0x0000, 0x0000, 0x0000, 0x0000,   // 0x50C0 (20672) pixels
0x0000, 0x0000, 0x0000, 0x0000, 0x0000, 0x0000, 0x0000, 0x0000, 0x0000, 0x0000, 0x0000, 0x0000, 0x0000, 0x0000, 0x0000, 0x0000,   // 0x50D0 (20688) pixels
0x0000, 0x0000, 0x0000, 0x0000, 0x0000, 0x0000, 0x0000, 0x0000, 0x0000, 0x0000, 0x0000, 0x0000, 0x0000, 0x0000, 0x0000, 0x0000,   // 0x50E0 (20704) pixels
0x0000, 0x0000, 0x0000, 0x0000, 0x0000, 0x0000, 0x0000, 0x0000, 0x0000, 0x0000, 0x0000, 0x0000, 0x0000, 0x0000, 0x0000, 0x0000,   // 0x50F0 (20720) pixels
0x0000, 0x0000, 0x0000, 0x0000, 0x0000, 0x0000, 0x0000, 0x0000, 0x0000, 0x0000, 0x0000, 0x0000, 0x0000, 0x0000, 0x0000, 0x0000,   // 0x5100 (20736) pixels
0x0000, 0x0000, 0x0000, 0x0000, 0x0000, 0x0000, 0x0000, 0x0000, 0x0000, 0x0000, 0x0000, 0x0000, 0x0000, 0x0000, 0x0000, 0x0000,   // 0x5110 (20752) pixels
0x0000, 0x0000, 0x0000, 0x0000, 0x0000, 0x0000, 0x0000, 0x0000, 0x0000, 0x0000, 0x0000, 0x0000, 0x0000, 0x0000, 0x0000, 0x0000,   // 0x5120 (20768) pixels
0x0000, 0x0000, 0x0000, 0x0000, 0x0000, 0x0000, 0x0000, 0x0000, 0x0000, 0x0000, 0x0000, 0x0000, 0x0000, 0x0000, 0x0060, 0x0040,   // 0x5130 (20784) pixels
0x0040, 0x0020, 0x0020, 0x0020, 0x0020, 0x0020, 0x1001, 0x0800, 0x0000, 0x0060, 0x0923, 0x0943, 0x0923, 0x1123, 0x0060, 0x0000,   // 0x5140 (20800) pixels
0x0800, 0x1002, 0x0043, 0x33C7, 0x5529, 0x2B48, 0x338A, 0x1A68, 0x08E5, 0x0803, 0x1001, 0x0000, 0x0020, 0x00A2, 0x0984, 0x11A4,   // 0x5150 (20816) pixels
0x19A5, 0x21A5, 0x10E3, 0x0000, 0x0000, 0x0000, 0x0020, 0x0020, 0x0020, 0x0020, 0x0020, 0x0020, 0x0040, 0x0040, 0x0000, 0x0000,   // 0x5160 (20832) pixels
0x0000, 0x0000, 0x0000, 0x0000, 0x0000, 0x0000, 0x0000, 0x0000, 0x0000, 0x0000, 0x0000, 0x0000, 0x0000, 0x0000, 0x0000, 0x0000,   // 0x5170 (20848) pixels
0x0000, 0x0000, 0x0000, 0x0000, 0x0000, 0x0000, 0x0000, 0x0000, 0x0000, 0x0000, 0x0000, 0x0000, 0x0000, 0x0000, 0x0000, 0x0000,   // 0x5180 (20864) pixels
0x0000, 0x0000, 0x0000, 0x0000, 0x0000, 0x0000, 0x0000, 0x0000, 0x0000, 0x0000, 0x0000, 0x0000, 0x0000, 0x0000, 0x0000, 0x0000,   // 0x5190 (20880) pixels
0x0000, 0x0000, 0x0000, 0x0000, 0x0000, 0x0000, 0x0000, 0x0000, 0x0000, 0x0000, 0x0000, 0x0000, 0x0000, 0x0000, 0x0000, 0x0000,   // 0x51A0 (20896) pixels
0x0000, 0x0000, 0x0000, 0x0000, 0x0000, 0x0000, 0x0000, 0x0000, 0x0000, 0x0000, 0x0000, 0x0000, 0x0000, 0x0000, 0x0000, 0x0000,   // 0x51B0 (20912) pixels
0x0000, 0x0000, 0x0000, 0x0000, 0x0000, 0x0000, 0x0000, 0x0000, 0x0000, 0x0000, 0x0000, 0x0000, 0x0000, 0x0000, 0x0000, 0x0000,   // 0x51C0 (20928) pixels
0x0000, 0x0000, 0x0000, 0x0000, 0x0000, 0x0000, 0x0000, 0x0000, 0x0000, 0x0000, 0x0000, 0x0000, 0x0000, 0x0000, 0x0000, 0x0000,   // 0x51D0 (20944) pixels
0x0000, 0x0000, 0x0000, 0x0000, 0x0000, 0x0000, 0x0000, 0x0000, 0x0000, 0x0000, 0x0000, 0x0000, 0x0000, 0x0000, 0x0000, 0x0000,   // 0x51E0 (20960) pixels
0x0000, 0x0000, 0x0000, 0x0000, 0x0000, 0x0000, 0x0000, 0x0000, 0x0000, 0x0800, 0x0800, 0x1000, 0x0020, 0x0000, 0x0000, 0x0800,   // 0x51F0 (20976) pixels
0x1000, 0x1000, 0x1000, 0x1000, 0x3002, 0x1800, 0x0000, 0x0943, 0x2B09, 0x3BAB, 0x3B8A, 0x438B, 0x09A4, 0x10E4, 0x2022, 0x3004,   // 0x5200 (20992) pixels
0x1045, 0x43A8, 0x5529, 0x2368, 0x33A9, 0x22A8, 0x1926, 0x2024, 0x2003, 0x0001, 0x00A2, 0x11A7, 0x3B49, 0x3BAA, 0x3BAA, 0x3BAB,   // 0x5210 (21008) pixels
0x2247, 0x0861, 0x1801, 0x2801, 0x1000, 0x1000, 0x1000, 0x0800, 0x0800, 0x0000, 0x0000, 0x0000, 0x0800, 0x0800, 0x0800, 0x0000,   // 0x5220 (21024) pixels
0x0000, 0x0000, 0x0000, 0x0000, 0x0000, 0x0000, 0x0000, 0x0000, 0x0000, 0x0000, 0x0000, 0x0000, 0x0000, 0x0000, 0x0000, 0x0000,   // 0x5230 (21040) pixels
0x0000, 0x0000, 0x0000, 0x0000, 0x0000, 0x0000, 0x0000, 0x0000, 0x0000, 0x0000, 0x0000, 0x0000, 0x0000, 0x0000, 0x0000, 0x0000,   // 0x5240 (21056) pixels
0x0000, 0x0000, 0x0000, 0x0000, 0x0000, 0x0000, 0x0000, 0x0000, 0x0000, 0x0000, 0x0000, 0x0000, 0x0000, 0x0000, 0x0000, 0x0000,   // 0x5250 (21072) pixels
0x0000, 0x0000, 0x0000, 0x0000, 0x0000, 0x0000, 0x0000, 0x0000, 0x0000, 0x0000, 0x0000, 0x0000, 0x0000, 0x0000, 0x0000, 0x0000,   // 0x5260 (21088) pixels
0x0000, 0x0000, 0x0000, 0x0000, 0x0000, 0x0000, 0x0000, 0x0000, 0x0000, 0x0000, 0x0000, 0x0000, 0x0000, 0x0000, 0x0000, 0x0000,   // 0x5270 (21104) pixels
0x0000, 0x0000, 0x0000, 0x0000, 0x0000, 0x0000, 0x0000, 0x0000, 0x0000, 0x0000, 0x0000, 0x0000, 0x0000, 0x0000, 0x0000, 0x0000,   // 0x5280 (21120) pixels
0x0000, 0x0000, 0x0000, 0x0000, 0x0000, 0x0000, 0x0000, 0x0000, 0x0000, 0x0000, 0x0000, 0x0000, 0x0000, 0x0000, 0x0000, 0x0000,   // 0x5290 (21136) pixels
0x0000, 0x0000, 0x0000, 0x0000, 0x0000, 0x0000, 0x0000, 0x0000, 0x0000, 0x0000, 0x0000, 0x0000, 0x0000, 0x0000, 0x0000, 0x0000,   // 0x52A0 (21152) pixels
0x0000, 0x0000, 0x0000, 0x0000, 0x0000, 0x0000, 0x0800, 0x1001, 0x1821, 0x2042, 0x5002, 0x5803, 0x6804, 0x7805, 0x8825, 0x9006,   // 0x52B0 (21168) pixels
0x9006, 0x9806, 0x6846, 0x4865, 0x2104, 0x1A47, 0x238A, 0x23AA, 0x1B28, 0x2328, 0x2B29, 0x29E7, 0x3883, 0x4025, 0x2025, 0x3B47,   // 0x52C0 (21184) pixels
0x4CE8, 0x2389, 0x2BC9, 0x22E8, 0x2146, 0x3045, 0x3044, 0x1042, 0x0104, 0x226A, 0x2B07, 0x2347, 0x1347, 0x1BC9, 0x22E8, 0x2144,   // 0x52D0 (21200) pixels
0x48A5, 0x6886, 0x9005, 0x9025, 0x8846, 0x8045, 0x8045, 0x7024, 0x6804, 0x6804, 0x1021, 0x1021, 0x1000, 0x0800, 0x0000, 0x0000,   // 0x52E0 (21216) pixels
0x0000, 0x0000, 0x0000, 0x0000, 0x0000, 0x0000, 0x0000, 0x0000, 0x0000, 0x0000, 0x0000, 0x0000, 0x0000, 0x0000, 0x0000, 0x0000,   // 0x52F0 (21232) pixels
0x0000, 0x0000, 0x0000, 0x0000, 0x0000, 0x0000, 0x0000, 0x0000, 0x0000, 0x0000, 0x0000, 0x0000, 0x0000, 0x0000, 0x0000, 0x0000,   // 0x5300 (21248) pixels
0x0000, 0x0000, 0x0000, 0x0000, 0x0000, 0x0000, 0x0000, 0x0000, 0x0000, 0x0000, 0x0000, 0x0000, 0x0000, 0x0000, 0x0000, 0x0000,   // 0x5310 (21264) pixels
0x0000, 0x0000, 0x0000, 0x0000, 0x0000, 0x0000, 0x0000, 0x0000, 0x0000, 0x0000, 0x0000, 0x0000, 0x0000, 0x0000, 0x0000, 0x0000,   // 0x5320 (21280) pixels
0x0000, 0x0000, 0x0000, 0x0000, 0x0000, 0x0000, 0x0000, 0x0000, 0x0000, 0x0000, 0x0000, 0x0000, 0x0000, 0x0000, 0x0000, 0x0000,   // 0x5330 (21296) pixels
0x0000, 0x0000, 0x0000, 0x0000, 0x0000, 0x0000, 0x0000, 0x0000, 0x0000, 0x0000, 0x0000, 0x0000, 0x0000, 0x0000, 0x0000, 0x0000,   // 0x5340 (21312) pixels
0x0000, 0x0000, 0x0000, 0x0000, 0x0000, 0x0000, 0x0000, 0x0000, 0x0000, 0x0000, 0x0000, 0x0000, 0x0000, 0x0000, 0x0000, 0x0000,   // 0x5350 (21328) pixels
0x0040, 0x0000, 0x0800, 0x0000, 0x0000, 0x0020, 0x0020, 0x0020, 0x0821, 0x0001, 0x0001, 0x0022, 0x0021, 0x0020, 0x0040, 0x0820,   // 0x5360 (21344) pixels
0x2800, 0x4061, 0x5042, 0x6823, 0x7825, 0x8026, 0x8868, 0x8027, 0x9006, 0x8006, 0x7006, 0x5805, 0x5005, 0x5026, 0x5826, 0x5005,   // 0x5370 (21360) pixels
0x1083, 0x1925, 0x3B0A, 0x3B8B, 0x2B2A, 0x2ACB, 0x1988, 0x10C6, 0x1208, 0x2A49, 0x1947, 0x0022, 0x0040, 0x4389, 0x4CEB, 0x2445,   // 0x5380 (21376) pixels
0x2BC8, 0x2B28, 0x11C7, 0x0044, 0x00C6, 0x19E9, 0x1248, 0x1B09, 0x00E7, 0x11A7, 0x1A47, 0x2307, 0x3C09, 0x544B, 0x3AA7, 0x10C1,   // 0x5390 (21392) pixels
0x4026, 0x4805, 0x5005, 0x5805, 0x6005, 0x7806, 0x8827, 0x8007, 0x8005, 0x9026, 0x9046, 0x8805, 0x7804, 0x6043, 0x4041, 0x2820,   // 0x53A0 (21408) pixels
0x0040, 0x0800, 0x0000, 0x0040, 0x0060, 0x0800, 0x0800, 0x0020, 0x0001, 0x0020, 0x0020, 0x0020, 0x0001, 0x0000, 0x0000, 0x0000,   // 0x53B0 (21424) pixels
0x0000, 0x0000, 0x0000, 0x0000, 0x0000, 0x0000, 0x0000, 0x0000, 0x0000, 0x0000, 0x0000, 0x0000, 0x0000, 0x0000, 0x0000, 0x0000,   // 0x53C0 (21440) pixels
0x0000, 0x0000, 0x0000, 0x0000, 0x0000, 0x0000, 0x0000, 0x0000, 0x0000, 0x0000, 0x0000, 0x0000, 0x0000, 0x0000, 0x0000, 0x0000,   // 0x53D0 (21456) pixels
0x0000, 0x0000, 0x0000, 0x0000, 0x0000, 0x0000, 0x0000, 0x0000, 0x0000, 0x0000, 0x0000, 0x0000, 0x0000, 0x0000, 0x0000, 0x0000,   // 0x53E0 (21472) pixels
0x0000, 0x0000, 0x0000, 0x0000, 0x0000, 0x0000, 0x0000, 0x0000, 0x0000, 0x0000, 0x0000, 0x0000, 0x0000, 0x0000, 0x0000, 0x0000,   // 0x53F0 (21488) pixels
0x0000, 0x0000, 0x0000, 0x0000, 0x0000, 0x0000, 0x0000, 0x0000, 0x0000, 0x0000, 0x0000, 0x0000, 0x0000, 0x0000, 0x0000, 0x0000,   // 0x5400 (21504) pixels
0x0000, 0x0000, 0x0000, 0x0000, 0x0000, 0x0000, 0x0000, 0x0000, 0x0000, 0x0000, 0x0000, 0x0000, 0x0000, 0x0000, 0x0000, 0x0801,   // 0x5410 (21520) pixels
0x1000, 0x1000, 0x0800, 0x0800, 0x0801, 0x1001, 0x1000, 0x1040, 0x0000, 0x0800, 0x3002, 0x5023, 0x6003, 0x5803, 0x9046, 0x9046,   // 0x5420 (21536) pixels
0x8805, 0x8005, 0x6805, 0x5805, 0x4846, 0x3025, 0x2845, 0x2004, 0x1804, 0x1025, 0x1025, 0x0824, 0x0803, 0x0803, 0x11A4, 0x32E8,   // 0x5430 (21552) pixels
0x440B, 0x2388, 0x0AA5, 0x01E4, 0x0184, 0x1A08, 0x19C8, 0x1168, 0x18C7, 0x18A6, 0x0063, 0x2A48, 0x3389, 0x1B66, 0x1B88, 0x2329,   // 0x5440 (21568) pixels
0x1A29, 0x00A6, 0x0886, 0x1927, 0x0946, 0x19E7, 0x224A, 0x09A6, 0x1266, 0x1B06, 0x1345, 0x3C4A, 0x544B, 0x2A86, 0x0804, 0x0803,   // 0x5450 (21584) pixels
0x0804, 0x1025, 0x1005, 0x1004, 0x1004, 0x1004, 0x3003, 0x3804, 0x4824, 0x5845, 0x7046, 0x8046, 0x9047, 0xA047, 0x8025, 0x6844,   // 0x5460 (21600) pixels
0x4802, 0x3801, 0x2001, 0x0000, 0x0040, 0x0000, 0x0801, 0x0800, 0x0800, 0x0800, 0x0001, 0x0000, 0x0820, 0x0000, 0x0000, 0x0000,   // 0x5470 (21616) pixels
0x0000, 0x0000, 0x0000, 0x0000, 0x0000, 0x0000, 0x0000, 0x0000, 0x0000, 0x0000, 0x0000, 0x0000, 0x0000, 0x0000, 0x0000, 0x0000,   // 0x5480 (21632) pixels
0x0000, 0x0000, 0x0000, 0x0000, 0x0000, 0x0000, 0x0000, 0x0000, 0x0000, 0x0000, 0x0000, 0x0000, 0x0000, 0x0000, 0x0000, 0x0000,   // 0x5490 (21648) pixels
0x0000, 0x0000, 0x0000, 0x0000, 0x0000, 0x0000, 0x0000, 0x0000, 0x0000, 0x0000, 0x0000, 0x0000, 0x0000, 0x0000, 0x0000, 0x0000,   // 0x54A0 (21664) pixels
0x0000, 0x0000, 0x0000, 0x0000, 0x0000, 0x0000, 0x0000, 0x0000, 0x0000, 0x0000, 0x0000, 0x0000, 0x0000, 0x0000, 0x0000, 0x0000,   // 0x54B0 (21680) pixels
0x0000, 0x0000, 0x0000, 0x0000, 0x0000, 0x0000, 0x0000, 0x0000, 0x0000, 0x0000, 0x0000, 0x0000, 0x0000, 0x0000, 0x0000, 0x0000,   // 0x54C0 (21696) pixels
0x0000, 0x0000, 0x0000, 0x0000, 0x0000, 0x0000, 0x0000, 0x0000, 0x0000, 0x0000, 0x0000, 0x0000, 0x0000, 0x0021, 0x0000, 0x0040,   // 0x54D0 (21712) pixels
0x0020, 0x0000, 0x1801, 0x3842, 0x8162, 0x9AA7, 0x61A4, 0x3020, 0x6803, 0xA806, 0xA807, 0x9807, 0x7807, 0x6806, 0x4005, 0x2804,   // 0x54E0 (21728) pixels
0x1804, 0x1805, 0x2005, 0x2004, 0x1025, 0x1005, 0x1005, 0x1005, 0x0805, 0x0004, 0x1085, 0x2127, 0x2307, 0x33E9, 0x3429, 0x23C7,   // 0x54F0 (21744) pixels
0x23A7, 0x2347, 0x2308, 0x336A, 0x1128, 0x0866, 0x0806, 0x2088, 0x0825, 0x1106, 0x1A07, 0x22E9, 0x1308, 0x1AA8, 0x2209, 0x10C7,   // 0x5500 (21760) pixels
0x1026, 0x1045, 0x0824, 0x10A4, 0x2A89, 0x2AC9, 0x2B49, 0x2368, 0x1B87, 0x2C29, 0x448B, 0x3C0A, 0x2147, 0x1065, 0x0804, 0x1005,   // 0x5510 (21776) pixels
0x1006, 0x1005, 0x0825, 0x0824, 0x1804, 0x1004, 0x1003, 0x1004, 0x2004, 0x3005, 0x4806, 0x5807, 0x8807, 0x9807, 0xB007, 0xA005,   // 0x5520 (21792) pixels
0x7044, 0x1800, 0x0000, 0x0000, 0x0040, 0x0020, 0x0000, 0x0000, 0x0801, 0x0001, 0x0020, 0x0020, 0x0000, 0x0000, 0x0000, 0x0000,   // 0x5530 (21808) pixels
0x0000, 0x0000, 0x0000, 0x0000, 0x0000, 0x0000, 0x0000, 0x0000, 0x0000, 0x0000, 0x0000, 0x0000, 0x0000, 0x0000, 0x0000, 0x0000,   // 0x5540 (21824) pixels
0x0000, 0x0000, 0x0000, 0x0000, 0x0000, 0x0000, 0x0000, 0x0000, 0x0000, 0x0000, 0x0000, 0x0000, 0x0000, 0x0000, 0x0000, 0x0000,   // 0x5550 (21840) pixels
0x0000, 0x0000, 0x0000, 0x0000, 0x0000, 0x0000, 0x0000, 0x0000, 0x0000, 0x0000, 0x0000, 0x0000, 0x0000, 0x0000, 0x0000, 0x0000,   // 0x5560 (21856) pixels
0x0000, 0x0000, 0x0000, 0x0000, 0x0000, 0x0000, 0x0000, 0x0000, 0x0000, 0x0000, 0x0000, 0x0000, 0x0000, 0x0000, 0x0000, 0x0000,   // 0x5570 (21872) pixels
0x0000, 0x0000, 0x0000, 0x0000, 0x0000, 0x0000, 0x0000, 0x0000, 0x0000, 0x0000, 0x0000, 0x0000, 0x0000, 0x0000, 0x0000, 0x0000,   // 0x5580 (21888) pixels
0x0000, 0x0000, 0x0000, 0x0000, 0x0000, 0x0000, 0x0000, 0x0000, 0x0000, 0x0000, 0x2000, 0x0000, 0x0000, 0x2042, 0x1863, 0x0020,   // 0x5590 (21904) pixels
0x0820, 0x4821, 0x8122, 0x9A47, 0x5984, 0x2860, 0x6003, 0xA006, 0x8806, 0x5025, 0x1826, 0x1005, 0x0805, 0x0805, 0x0805, 0x0825,   // 0x55A0 (21920) pixels
0x0826, 0x0826, 0x1005, 0x1004, 0x1005, 0x1005, 0x0824, 0x0885, 0x19A8, 0x32CB, 0x338A, 0x33AA, 0x3369, 0x3369, 0x3349, 0x2B08,   // 0x55B0 (21936) pixels
0x22A8, 0x1226, 0x0865, 0x0825, 0x0805, 0x1807, 0x1006, 0x0845, 0x10E6, 0x2A09, 0x2269, 0x21E8, 0x2169, 0x1887, 0x1006, 0x1005,   // 0x55C0 (21952) pixels
0x1004, 0x1004, 0x0965, 0x328A, 0x330A, 0x2B09, 0x336A, 0x2349, 0x2328, 0x440B, 0x32EB, 0x11A7, 0x0885, 0x0826, 0x1806, 0x1806,   // 0x55D0 (21968) pixels
0x1805, 0x1825, 0x1046, 0x0846, 0x0826, 0x0826, 0x0826, 0x0826, 0x1026, 0x1047, 0x0823, 0x4065, 0x8847, 0x9826, 0x6884, 0x0820,   // 0x55E0 (21984) pixels
0x0020, 0x1041, 0x0060, 0x2101, 0x2080, 0x1000, 0x0800, 0x0001, 0x0001, 0x0040, 0x0000, 0x0000, 0x0000, 0x0000, 0x0000, 0x0000,   // 0x55F0 (22000) pixels
0x0000, 0x0000, 0x0000, 0x0000, 0x0000, 0x0000, 0x0000, 0x0000, 0x0000, 0x0000, 0x0000, 0x0000, 0x0000, 0x0000, 0x0000, 0x0000,   // 0x5600 (22016) pixels
0x0000, 0x0000, 0x0000, 0x0000, 0x0000, 0x0000, 0x0000, 0x0000, 0x0000, 0x0000, 0x0000, 0x0000, 0x0000, 0x0000, 0x0000, 0x0000,   // 0x5610 (22032) pixels
0x0000, 0x0000, 0x0000, 0x0000, 0x0000, 0x0000, 0x0000, 0x0000, 0x0000, 0x0000, 0x0000, 0x0000, 0x0000, 0x0000, 0x0000, 0x0000,   // 0x5620 (22048) pixels
0x0000, 0x0000, 0x0000, 0x0000, 0x0000, 0x0000, 0x0000, 0x0000, 0x0000, 0x0000, 0x0000, 0x0000, 0x0000, 0x0000, 0x0000, 0x0000,   // 0x5630 (22064) pixels
0x0000, 0x0000, 0x0000, 0x0000, 0x0000, 0x0000, 0x0000, 0x0000, 0x0000, 0x0000, 0x0000, 0x0000, 0x0000, 0x0000, 0x0000, 0x0000,   // 0x5640 (22080) pixels
0x0000, 0x0000, 0x0000, 0x0000, 0x0000, 0x0000, 0x0000, 0x0000, 0x1841, 0x5880, 0xAA61, 0xF5C7, 0xEE48, 0xA2E2, 0x4880, 0x0800,   // 0x5650 (22096) pixels
0x0800, 0x1020, 0x0000, 0x0020, 0x5043, 0x8826, 0x6825, 0x1022, 0x0805, 0x0025, 0x0825, 0x0846, 0x1026, 0x1006, 0x1806, 0x1806,   // 0x5660 (22112) pixels
0x1005, 0x1005, 0x1005, 0x1005, 0x1025, 0x10A5, 0x1146, 0x11A7, 0x0125, 0x0925, 0x0905, 0x1125, 0x08C4, 0x0084, 0x08C5, 0x0043,   // 0x5670 (22128) pixels
0x0803, 0x1845, 0x1005, 0x1805, 0x1005, 0x1005, 0x0824, 0x10A6, 0x10A5, 0x0824, 0x0804, 0x0805, 0x1005, 0x1005, 0x1005, 0x1005,   // 0x5680 (22144) pixels
0x0043, 0x0884, 0x10C5, 0x08C5, 0x08C5, 0x08C4, 0x1104, 0x1965, 0x11E7, 0x0946, 0x08A6, 0x1046, 0x1006, 0x1005, 0x1805, 0x1805,   // 0x5690 (22160) pixels
0x1006, 0x1006, 0x1006, 0x1006, 0x0806, 0x0806, 0x1006, 0x0805, 0x0803, 0x2824, 0x7005, 0xA005, 0x7023, 0x0800, 0x2061, 0x7065,   // 0x56A0 (22176) pixels
0xCC80, 0xFEA9, 0xF567, 0x8A40, 0x48A0, 0x2020, 0x0000, 0x0001, 0x0000, 0x0000, 0x0000, 0x0000, 0x0000, 0x0000, 0x0000, 0x0000,   // 0x56B0 (22192) pixels
0x0000, 0x0000, 0x0000, 0x0000, 0x0000, 0x0000, 0x0000, 0x0000, 0x0000, 0x0000, 0x0000, 0x0000, 0x0000, 0x0000, 0x0000, 0x0000,   // 0x56C0 (22208) pixels
0x0000, 0x0000, 0x0000, 0x0000, 0x0000, 0x0000, 0x0000, 0x0000, 0x0000, 0x0000, 0x0000, 0x0000, 0x0000, 0x0000, 0x0000, 0x0000,   // 0x56D0 (22224) pixels
0x0000, 0x0000, 0x0000, 0x0000, 0x0000, 0x0000, 0x0000, 0x0000, 0x0000, 0x0000, 0x0000, 0x0000, 0x0000, 0x0000, 0x0000, 0x0000,   // 0x56E0 (22240) pixels
0x0000, 0x0000, 0x0000, 0x0000, 0x0000, 0x0000, 0x0000, 0x0000, 0x0000, 0x0000, 0x0000, 0x0000, 0x0000, 0x0000, 0x0000, 0x0000,   // 0x56F0 (22256) pixels
0x0000, 0x0000, 0x0000, 0x0000, 0x0000, 0x0000, 0x0000, 0x0000, 0x0000, 0x0000, 0x0000, 0x0000, 0x0000, 0x0000, 0x0000, 0x0000,   // 0x5700 (22272) pixels
0x0000, 0x0000, 0x0000, 0x0000, 0x0000, 0x0000, 0x1801, 0x3801, 0x60C1, 0x9243, 0x8A83, 0x4901, 0x1800, 0x0000, 0x0021, 0x0020,   // 0x5710 (22288) pixels
0x0000, 0x3042, 0x7845, 0xA807, 0x9826, 0x5824, 0x2025, 0x2025, 0x1825, 0x1004, 0x0804, 0x0804, 0x0805, 0x1005, 0x1006, 0x1806,   // 0x5720 (22304) pixels
0x1807, 0x1806, 0x1806, 0x1806, 0x1025, 0x0804, 0x0825, 0x0826, 0x0805, 0x1006, 0x1006, 0x1006, 0x1026, 0x0805, 0x1003, 0x1804,   // 0x5730 (22320) pixels
0x1805, 0x1805, 0x1005, 0x1805, 0x1004, 0x0804, 0x1805, 0x1805, 0x1805, 0x1806, 0x1005, 0x1005, 0x0806, 0x1026, 0x2046, 0x1005,   // 0x5740 (22336) pixels
0x0805, 0x1005, 0x0804, 0x1004, 0x1025, 0x0804, 0x1004, 0x1005, 0x1806, 0x2007, 0x1806, 0x1806, 0x1006, 0x0805, 0x1806, 0x1806,   // 0x5750 (22352) pixels
0x1026, 0x0005, 0x0004, 0x1004, 0x1805, 0x2005, 0x3845, 0x5805, 0x8806, 0x9825, 0x6043, 0x1000, 0x1800, 0x4802, 0x6900, 0x9AC5,   // 0x5760 (22368) pixels
0x8223, 0x4860, 0x3000, 0x1801, 0x0000, 0x0040, 0x0000, 0x0000, 0x0000, 0x0000, 0x0000, 0x0000, 0x0000, 0x0000, 0x0000, 0x0000,   // 0x5770 (22384) pixels
0x0000, 0x0000, 0x0000, 0x0000, 0x0000, 0x0000, 0x0000, 0x0000, 0x0000, 0x0000, 0x0000, 0x0000, 0x0000, 0x0000, 0x0000, 0x0000,   // 0x5780 (22400) pixels
0x0000, 0x0000, 0x0000, 0x0000, 0x0000, 0x0000, 0x0000, 0x0000, 0x0000, 0x0000, 0x0000, 0x0000, 0x0000, 0x0000, 0x0000, 0x0000,   // 0x5790 (22416) pixels
0x0000, 0x0000, 0x0000, 0x0000, 0x0000, 0x0000, 0x0000, 0x0000, 0x0000, 0x0000, 0x0000, 0x0000, 0x0000, 0x0000, 0x0000, 0x0000,   // 0x57A0 (22432) pixels
0x0000, 0x0000, 0x0000, 0x0000, 0x0000, 0x0000, 0x0000, 0x0000, 0x0000, 0x0000, 0x0000, 0x0000, 0x0000, 0x0000, 0x0000, 0x0000,   // 0x57B0 (22448) pixels
0x0000, 0x0000, 0x0000, 0x0000, 0x0000, 0x0000, 0x0000, 0x0000, 0x0000, 0x0000, 0x0000, 0x0000, 0x0000, 0x0000, 0x0000, 0x0000,   // 0x57C0 (22464) pixels
0x0000, 0x0000, 0x0000, 0x0000, 0x0000, 0x0800, 0x0800, 0x0800, 0x0000, 0x0000, 0x0000, 0x0840, 0x0001, 0x0000, 0x1000, 0x5043,   // 0x57D0 (22480) pixels
0x9025, 0xA805, 0xA806, 0x9806, 0x8806, 0x7805, 0x5845, 0x3024, 0x1824, 0x1864, 0x1024, 0x1025, 0x0804, 0x1025, 0x0826, 0x0806,   // 0x57E0 (22496) pixels
0x0805, 0x0826, 0x1026, 0x1005, 0x1006, 0x1806, 0x1806, 0x1806, 0x1807, 0x1006, 0x1005, 0x0805, 0x1005, 0x1004, 0x1005, 0x1005,   // 0x57F0 (22512) pixels
0x1005, 0x1005, 0x1805, 0x1005, 0x1805, 0x1805, 0x1805, 0x1025, 0x1005, 0x1005, 0x1005, 0x1006, 0x1805, 0x1005, 0x1005, 0x1026,   // 0x5800 (22528) pixels
0x1826, 0x1806, 0x1806, 0x1806, 0x1026, 0x0805, 0x0805, 0x1006, 0x1006, 0x0806, 0x0805, 0x0004, 0x0825, 0x0805, 0x1004, 0x2004,   // 0x5810 (22544) pixels
0x3004, 0x4004, 0x5825, 0x6846, 0x7866, 0x9806, 0xB006, 0x9825, 0x6844, 0x4802, 0x5883, 0x5063, 0x0800, 0x0800, 0x0000, 0x0000,   // 0x5820 (22560) pixels
0x0821, 0x0000, 0x0000, 0x0020, 0x0000, 0x0000, 0x0000, 0x0000, 0x0000, 0x0000, 0x0000, 0x0000, 0x0000, 0x0000, 0x0000, 0x0000,   // 0x5830 (22576) pixels
0x0000, 0x0000, 0x0000, 0x0000, 0x0000, 0x0000, 0x0000, 0x0000, 0x0000, 0x0000, 0x0000, 0x0000, 0x0000, 0x0000, 0x0000, 0x0000,   // 0x5840 (22592) pixels
0x0000, 0x0000, 0x0000, 0x0000, 0x0000, 0x0000, 0x0000, 0x0000, 0x0000, 0x0000, 0x0000, 0x0000, 0x0000, 0x0000, 0x0000, 0x0000,   // 0x5850 (22608) pixels
0x0000, 0x0000, 0x0000, 0x0000, 0x0000, 0x0000, 0x0000, 0x0000, 0x0000, 0x0000, 0x0000, 0x0000, 0x0000, 0x0000, 0x0000, 0x0000,   // 0x5860 (22624) pixels
0x0000, 0x0000, 0x0000, 0x0000, 0x0000, 0x0000, 0x0000, 0x0000, 0x0000, 0x0000, 0x0000, 0x0000, 0x0000, 0x0000, 0x0000, 0x0000,   // 0x5870 (22640) pixels
0x0000, 0x0000, 0x0000, 0x0000, 0x0000, 0x0000, 0x0000, 0x0000, 0x0000, 0x0000, 0x0000, 0x0000, 0x0000, 0x0000, 0x0000, 0x0000,   // 0x5880 (22656) pixels
0x0000, 0x0000, 0x0020, 0x0000, 0x0000, 0x0000, 0x0000, 0x0020, 0x0000, 0x0800, 0x0000, 0x0020, 0x0000, 0x2820, 0x5842, 0x5802,   // 0x5890 (22672) pixels
0x6003, 0x7045, 0x9025, 0x9805, 0xA806, 0xA006, 0x9006, 0x7847, 0x5026, 0x3805, 0x4025, 0x3025, 0x2005, 0x1005, 0x1005, 0x1025,   // 0x58A0 (22688) pixels
0x1004, 0x1003, 0x1004, 0x1005, 0x1005, 0x1005, 0x1005, 0x1005, 0x0825, 0x0824, 0x1005, 0x1006, 0x1005, 0x1005, 0x1806, 0x1006,   // 0x58B0 (22704) pixels
0x1005, 0x1806, 0x1806, 0x1826, 0x1005, 0x1004, 0x1025, 0x1005, 0x1005, 0x1806, 0x1805, 0x1005, 0x0825, 0x0825, 0x0805, 0x1005,   // 0x58C0 (22720) pixels
0x1006, 0x0806, 0x1025, 0x0804, 0x1005, 0x2025, 0x2005, 0x2805, 0x3805, 0x3806, 0x3026, 0x4006, 0x6006, 0x8027, 0x9807, 0x9806,   // 0x58D0 (22736) pixels
0x9805, 0x9825, 0x8845, 0x8804, 0x7804, 0x5002, 0x3000, 0x2800, 0x5063, 0x5801, 0x0801, 0x0000, 0x0000, 0x0021, 0x0001, 0x0001,   // 0x58E0 (22752) pixels
0x0021, 0x0000, 0x0000, 0x0000, 0x0000, 0x0000, 0x0000, 0x0000, 0x0000, 0x0000, 0x0000, 0x0000, 0x0000, 0x0000, 0x0000, 0x0000,   // 0x58F0 (22768) pixels
0x0000, 0x0000, 0x0000, 0x0000, 0x0000, 0x0000, 0x0000, 0x0000, 0x0000, 0x0000, 0x0000, 0x0000, 0x0000, 0x0000, 0x0000, 0x0000,   // 0x5900 (22784) pixels
0x0000, 0x0000, 0x0000, 0x0000, 0x0000, 0x0000, 0x0000, 0x0000, 0x0000, 0x0000, 0x0000, 0x0000, 0x0000, 0x0000, 0x0000, 0x0000,   // 0x5910 (22800) pixels
0x0000, 0x0000, 0x0000, 0x0000, 0x0000, 0x0000, 0x0000, 0x0000, 0x0000, 0x0000, 0x0000, 0x0000, 0x0000, 0x0000, 0x0000, 0x0000,   // 0x5920 (22816) pixels
0x0000, 0x0000, 0x0000, 0x0000, 0x0000, 0x0000, 0x0000, 0x0000, 0x0000, 0x0000, 0x0000, 0x0000, 0x0000, 0x0000, 0x0000, 0x0000,   // 0x5930 (22832) pixels
0x0000, 0x0000, 0x0000, 0x0000, 0x0000, 0x0000, 0x0000, 0x0000, 0x0000, 0x0000, 0x0000, 0x0000, 0x0000, 0x0000, 0x0000, 0x0000,   // 0x5940 (22848) pixels
0x0000, 0x0000, 0x0000, 0x0000, 0x0000, 0x0000, 0x0000, 0x0000, 0x0000, 0x0000, 0x0000, 0x0000, 0x0000, 0x0000, 0x0020, 0x0020,   // 0x5950 (22864) pixels
0x4001, 0x5022, 0x6863, 0x7864, 0x8845, 0x9825, 0xA826, 0xB026, 0xA805, 0xA005, 0x8805, 0x7004, 0x5805, 0x5825, 0x5005, 0x4805,   // 0x5960 (22880) pixels
0x3826, 0x3806, 0x3806, 0x3806, 0x3006, 0x3006, 0x3006, 0x3006, 0x1005, 0x1005, 0x1005, 0x1005, 0x1005, 0x1005, 0x1005, 0x1005,   // 0x5970 (22896) pixels
0x0805, 0x0805, 0x0805, 0x0805, 0x0805, 0x0805, 0x0805, 0x0805, 0x1804, 0x2025, 0x2845, 0x3046, 0x3005, 0x3805, 0x4005, 0x4006,   // 0x5980 (22912) pixels
0x4004, 0x4804, 0x5804, 0x7025, 0x8845, 0x9825, 0xA025, 0xA805, 0xA846, 0x9805, 0x9825, 0x9045, 0x8044, 0x7064, 0x6843, 0x5802,   // 0x5990 (22928) pixels
0x1862, 0x1021, 0x0800, 0x0000, 0x0000, 0x0020, 0x0000, 0x0000, 0x0000, 0x0000, 0x0000, 0x0000, 0x0000, 0x0000, 0x0000, 0x0000,   // 0x59A0 (22944) pixels
0x0000, 0x0000, 0x0000, 0x0000, 0x0000, 0x0000, 0x0000, 0x0000, 0x0000, 0x0000, 0x0000, 0x0000, 0x0000, 0x0000, 0x0000, 0x0000,   // 0x59B0 (22960) pixels
0x0000, 0x0000, 0x0000, 0x0000, 0x0000, 0x0000, 0x0000, 0x0000, 0x0000, 0x0000, 0x0000, 0x0000, 0x0000, 0x0000, 0x0000, 0x0000,   // 0x59C0 (22976) pixels
0x0000, 0x0000, 0x0000, 0x0000, 0x0000, 0x0000, 0x0000, 0x0000, 0x0000, 0x0000, 0x0000, 0x0000, 0x0000, 0x0000, 0x0000, 0x0000,   // 0x59D0 (22992) pixels
0x0000, 0x0000, 0x0000, 0x0000, 0x0000, 0x0000, 0x0000, 0x0000, 0x0000, 0x0000, 0x0000, 0x0000, 0x0000, 0x0000, 0x0000, 0x0000,   // 0x59E0 (23008) pixels
0x0000, 0x0000, 0x0000, 0x0000, 0x0000, 0x0000, 0x0000, 0x0000, 0x0000, 0x0000, 0x0000, 0x0000, 0x0000, 0x0000, 0x0000, 0x0000,   // 0x59F0 (23024) pixels
0x0000, 0x0000, 0x0000, 0x0000, 0x0000, 0x0000, 0x0000, 0x0000, 0x0000, 0x0000, 0x0000, 0x0000, 0x0000, 0x0000, 0x0000, 0x0000,   // 0x5A00 (23040) pixels
0x0000, 0x0000, 0x0000, 0x0000, 0x0000, 0x0000, 0x0000, 0x0000, 0x0000, 0x0000, 0x0000, 0x0000, 0x0000, 0x0020, 0x0000, 0x0000,   // 0x5A10 (23056) pixels
0x0800, 0x1800, 0x2000, 0x2801, 0x3001, 0x3802, 0x6803, 0x6844, 0x7065, 0x7045, 0x7805, 0x8806, 0x9828, 0xA828, 0xA026, 0xA026,   // 0x5A20 (23072) pixels
0xA026, 0xA026, 0xA026, 0xA026, 0xA026, 0xA026, 0x7006, 0x7006, 0x7006, 0x7006, 0x7006, 0x7006, 0x7006, 0x7006, 0x7026, 0x7026,   // 0x5A30 (23088) pixels
0x7026, 0x7026, 0x7026, 0x7026, 0x7026, 0x7026, 0x9006, 0x9006, 0x9806, 0x9807, 0xA007, 0xA807, 0xA807, 0xA827, 0xA028, 0xA028,   // 0x5A40 (23104) pixels
0x9027, 0x8826, 0x8025, 0x7024, 0x6823, 0x6843, 0x5043, 0x4022, 0x3802, 0x3001, 0x2000, 0x1800, 0x1000, 0x0800, 0x1020, 0x0800,   // 0x5A50 (23120) pixels
0x0000, 0x0000, 0x0000, 0x0020, 0x0020, 0x0020, 0x0000, 0x0000, 0x0000, 0x0000, 0x0000, 0x0000, 0x0000, 0x0000, 0x0000, 0x0000,   // 0x5A60 (23136) pixels
0x0000, 0x0000, 0x0000, 0x0000, 0x0000, 0x0000, 0x0000, 0x0000, 0x0000, 0x0000, 0x0000, 0x0000, 0x0000, 0x0000, 0x0000, 0x0000,   // 0x5A70 (23152) pixels
0x0000, 0x0000, 0x0000, 0x0000, 0x0000, 0x0000, 0x0000, 0x0000, 0x0000, 0x0000, 0x0000, 0x0000, 0x0000, 0x0000, 0x0000, 0x0000,   // 0x5A80 (23168) pixels
0x0000, 0x0000, 0x0000, 0x0000, 0x0000, 0x0000, 0x0000, 0x0000, 0x0000, 0x0000, 0x0000, 0x0000, 0x0000, 0x0000, 0x0000, 0x0000,   // 0x5A90 (23184) pixels
0x0000, 0x0000, 0x0000, 0x0000, 0x0000, 0x0000, 0x0000, 0x0000, 0x0000, 0x0000, 0x0000, 0x0000, 0x0000, 0x0000, 0x0000, 0x0000,   // 0x5AA0 (23200) pixels
0x0000, 0x0000, 0x0000, 0x0000, 0x0000, 0x0000, 0x0000, 0x0000, 0x0000, 0x0000, 0x0000, 0x0000, 0x0000, 0x0000, 0x0000, 0x0000,   // 0x5AB0 (23216) pixels
0x0000, 0x0000, 0x0000, 0x0000, 0x0000, 0x0000, 0x0000, 0x0000, 0x0000, 0x0000, 0x0000, 0x0000, 0x0000, 0x0000, 0x0000, 0x0000,   // 0x5AC0 (23232) pixels
0x0000, 0x0000, 0x0000, 0x0000, 0x0000, 0x0000, 0x0000, 0x0000, 0x0000, 0x0000, 0x0000, 0x0000, 0x0020, 0x0020, 0x0020, 0x0000,   // 0x5AD0 (23248) pixels
0x0000, 0x0000, 0x0000, 0x0021, 0x0000, 0x0020, 0x0040, 0x0820, 0x1000, 0x2000, 0x3802, 0x4003, 0x5002, 0x5002, 0x5002, 0x5802,   // 0x5AE0 (23264) pixels
0x5802, 0x5802, 0x5802, 0x5802, 0x8024, 0x8024, 0x8024, 0x8024, 0x8024, 0x8024, 0x8024, 0x8024, 0x9025, 0x9025, 0x9025, 0x9025,   // 0x5AF0 (23280) pixels
0x9025, 0x9025, 0x9025, 0x9025, 0x6884, 0x6043, 0x5822, 0x5822, 0x5822, 0x5822, 0x5022, 0x5001, 0x4803, 0x4002, 0x3801, 0x2000,   // 0x5B00 (23296) pixels
0x1000, 0x0000, 0x0000, 0x0020, 0x1021, 0x0800, 0x0000, 0x0000, 0x0000, 0x0020, 0x0041, 0x0040, 0x0000, 0x0000, 0x0000, 0x0000,   // 0x5B10 (23312) pixels
0x0000, 0x0000, 0x0000, 0x0000, 0x0000, 0x0000, 0x0000, 0x0000, 0x0000, 0x0000, 0x0000, 0x0000, 0x0000, 0x0000, 0x0000, 0x0000,   // 0x5B20 (23328) pixels
0x0000, 0x0000, 0x0000, 0x0000, 0x0000, 0x0000, 0x0000, 0x0000, 0x0000, 0x0000, 0x0000, 0x0000, 0x0000, 0x0000, 0x0000, 0x0000,   // 0x5B30 (23344) pixels
0x0000, 0x0000, 0x0000, 0x0000, 0x0000, 0x0000, 0x0000, 0x0000, 0x0000, 0x0000, 0x0000, 0x0000, 0x0000, 0x0000, 0x0000, 0x0000,   // 0x5B40 (23360) pixels
0x0000, 0x0000, 0x0000, 0x0000, 0x0000, 0x0000, 0x0000, 0x0000, 0x0000, 0x0000, 0x0000, 0x0000, 0x0000, 0x0000, 0x0000, 0x0000,   // 0x5B50 (23376) pixels
0x0000, 0x0000, 0x0000, 0x0000, 0x0000, 0x0000, 0x0000, 0x0000, 0x0000, 0x0000, 0x0000, 0x0000, 0x0000, 0x0000, 0x0000, 0x0000,   // 0x5B60 (23392) pixels
0x0000, 0x0000, 0x0000, 0x0000, 0x0000, 0x0000, 0x0000, 0x0000, 0x0000, 0x0000, 0x0000, 0x0000, 0x0000, 0x0000, 0x0000, 0x0000,   // 0x5B70 (23408) pixels
0x0000, 0x0000, 0x0000, 0x0000, 0x0000, 0x0000, 0x0000, 0x0000, 0x0000, 0x0000, 0x0000, 0x0000, 0x0000, 0x0000, 0x0000, 0x0000,   // 0x5B80 (23424) pixels
0x0000, 0x0000, 0x0000, 0x0000, 0x0000, 0x0000, 0x0000, 0x0000, 0x0000, 0x0000, 0x0800, 0x0800, 0x0000, 0x0000, 0x0000, 0x0000,   // 0x5B90 (23440) pixels
0x0000, 0x0000, 0x0800, 0x0800, 0x0000, 0x0000, 0x0000, 0x0000, 0x0000, 0x0000, 0x0000, 0x0000, 0x0000, 0x0000, 0x0020, 0x0020,   // 0x5BA0 (23456) pixels
0x0020, 0x0020, 0x0800, 0x0800, 0x0800, 0x0800, 0x0800, 0x0800, 0x0800, 0x0800, 0x1000, 0x1000, 0x1000, 0x1000, 0x1000, 0x1000,   // 0x5BB0 (23472) pixels
0x1000, 0x1000, 0x1040, 0x0820, 0x0000, 0x0000, 0x0020, 0x0020, 0x0020, 0x0020, 0x0000, 0x0020, 0x0020, 0x0020, 0x0020, 0x0000,   // 0x5BC0 (23488) pixels
0x0020, 0x0020, 0x0000, 0x0000, 0x0000, 0x0000, 0x0000, 0x0000, 0x0000, 0x0000, 0x0000, 0x0000, 0x0000, 0x0000, 0x0000, 0x0000,   // 0x5BD0 (23504) pixels
0x0000, 0x0000, 0x0000, 0x0000, 0x0000, 0x0000, 0x0000, 0x0000, 0x0000, 0x0000, 0x0000, 0x0000, 0x0000, 0x0000, 0x0000, 0x0000,   // 0x5BE0 (23520) pixels
0x0000, 0x0000, 0x0000, 0x0000, 0x0000, 0x0000, 0x0000, 0x0000, 0x0000, 0x0000, 0x0000, 0x0000, 0x0000, 0x0000, 0x0000, 0x0000,   // 0x5BF0 (23536) pixels
0x0000, 0x0000, 0x0000, 0x0000, 0x0000, 0x0000, 0x0000, 0x0000, 0x0000, 0x0000, 0x0000, 0x0000, 0x0000, 0x0000, 0x0000, 0x0000,   // 0x5C00 (23552) pixels
0x0000, 0x0000, 0x0000, 0x0000, 0x0000, 0x0000, 0x0000, 0x0000, 0x0000, 0x0000, 0x0000, 0x0000, 0x0000, 0x0000, 0x0000, 0x0000,   // 0x5C10 (23568) pixels
0x0000, 0x0000, 0x0000, 0x0000, 0x0000, 0x0000, 0x0000, 0x0000, 0x0000, 0x0000, 0x0000, 0x0000, 0x0000, 0x0000, 0x0000, 0x0000,   // 0x5C20 (23584) pixels
0x0000, 0x0000, 0x0000, 0x0000, 0x0000, 0x0000, 0x0000, 0x0000, 0x0000, 0x0000, 0x0000, 0x0000, 0x0000, 0x0000, 0x0000, 0x0000,   // 0x5C30 (23600) pixels
0x0000, 0x0000, 0x0000, 0x0000, 0x0000, 0x0000, 0x0000, 0x0000, 0x0000, 0x0000, 0x0000, 0x0000, 0x0000, 0x0000, 0x0000, 0x0000,   // 0x5C40 (23616) pixels
0x0000, 0x0000, 0x0000, 0x0000, 0x0000, 0x0000, 0x0000, 0x0000, 0x0000, 0x0000, 0x0000, 0x0000, 0x0020, 0x0020, 0x0020, 0x0000,   // 0x5C50 (23632) pixels
0x0800, 0x0800, 0x0000, 0x0000, 0x0000, 0x0000, 0x0000, 0x0000, 0x0000, 0x0000, 0x0000, 0x0000, 0x0000, 0x0000, 0x0000, 0x0000,   // 0x5C60 (23648) pixels
0x0800, 0x0800, 0x0800, 0x0800, 0x0800, 0x0800, 0x0800, 0x0800, 0x0000, 0x0000, 0x0000, 0x0000, 0x0000, 0x0000, 0x0000, 0x0000,   // 0x5C70 (23664) pixels
0x0000, 0x0000, 0x0000, 0x0000, 0x0000, 0x0000, 0x0000, 0x0000, 0x0000, 0x0000, 0x0000, 0x0000, 0x0000, 0x0000, 0x0000, 0x0000,   // 0x5C80 (23680) pixels
0x0000, 0x0020, 0x0020, 0x0020, 0x0020, 0x0000, 0x0000, 0x0000, 0x0000, 0x0000, 0x0000, 0x0000, 0x0000, 0x0000, 0x0000, 0x0000,   // 0x5C90 (23696) pixels
0x0000, 0x0000, 0x0000, 0x0000, 0x0000, 0x0000, 0x0000, 0x0000, 0x0000, 0x0000, 0x0000, 0x0000, 0x0000, 0x0000, 0x0000, 0x0000,   // 0x5CA0 (23712) pixels
0x0000, 0x0000, 0x0000, 0x0000, 0x0000, 0x0000, 0x0000, 0x0000, 0x0000, 0x0000, 0x0000, 0x0000, 0x0000, 0x0000, 0x0000, 0x0000,   // 0x5CB0 (23728) pixels
0x0000, 0x0000, 0x0000, 0x0000, 0x0000, 0x0000, 0x0000, 0x0000, 0x0000, 0x0000, 0x0000, 0x0000, 0x0000, 0x0000, 0x0000, 0x0000,   // 0x5CC0 (23744) pixels
0x0000, 0x0000, 0x0000, 0x0000, 0x0000, 0x0000, 0x0000, 0x0000, 0x0000, 0x0000, 0x0000, 0x0000, 0x0000, 0x0000, 0x0000, 0x0000,   // 0x5CD0 (23760) pixels
0x0000, 0x0000, 0x0000, 0x0000, 0x0000, 0x0000, 0x0000, 0x0000, 0x0000, 0x0000, 0x0000, 0x0000, 0x0000, 0x0000, 0x0000, 0x0000,   // 0x5CE0 (23776) pixels
0x0000, 0x0000, 0x0000, 0x0000, 0x0000, 0x0000, 0x0000, 0x0000, 0x0000, 0x0000, 0x0000, 0x0000, 0x0001, 0x0001, 0x0001, 0x0001,   // 0x5CF0 (23792) pixels
0x0001, 0x0001, 0x0001, 0x0001, 0x0001, 0x0001, 0x0001, 0x0001, 0x0001, 0x0001, 0x0001, 0x0001, 0x0001, 0x0001, 0x0001, 0x0001,   // 0x5D00 (23808) pixels
0x0001, 0x0001, 0x0001, 0x0001, 0x0001, 0x0001, 0x0000, 0x0000, 0x0000, 0x0000, 0x0000, 0x0000, 0x0000, 0x0000, 0x0021, 0x0001,   // 0x5D10 (23824) pixels
0x0001, 0x0021, 0x0021, 0x0021, 0x0021, 0x0041, 0x0001, 0x0001, 0x0001, 0x0000, 0x0000, 0x0000, 0x0000, 0x0000, 0x0000, 0x0000,   // 0x5D20 (23840) pixels
0x0000, 0x0000, 0x0000, 0x0000, 0x0000, 0x0000, 0x0020, 0x0020, 0x0020, 0x0020, 0x0020, 0x0020, 0x0020, 0x0020, 0x0001, 0x0001,   // 0x5D30 (23856) pixels
0x0821, 0x0801, 0x0001, 0x0001, 0x0001, 0x0801, 0x0021, 0x0021, 0x0021, 0x0021, 0x0001, 0x0001, 0x0021, 0x0021, 0x0000, 0x0000,   // 0x5D40 (23872) pixels
0x0000, 0x0000, 0x0000, 0x0000, 0x0000, 0x0020, 0x0001, 0x0001, 0x0001, 0x0001, 0x0001, 0x0001, 0x0001, 0x0001, 0x0001, 0x0001,   // 0x5D50 (23888) pixels
0x0001, 0x0001, 0x0001, 0x0001, 0x0001, 0x0001, 0x0001, 0x0001, 0x0001, 0x0001, 0x0001, 0x0001, 0x0001, 0x0001, 0x0020, 0x0000,   // 0x5D60 (23904) pixels
0x0000, 0x0000, 0x0000, 0x0000, 0x0000, 0x0000, 0x0000, 0x0000, 0x0000, 0x0000, 0x0000, 0x0000, 0x0000, 0x0000, 0x0000, 0x0000,   // 0x5D70 (23920) pixels
0x0000, 0x0000, 0x0000, 0x0000, 0x0000, 0x0000, 0x0000, 0x0000, 0x0000, 0x0000, 0x0000, 0x0000, 0x0000, 0x0000, 0x0000, 0x0000,   // 0x5D80 (23936) pixels
0x0000, 0x0000, 0x0000, 0x0000, 0x0000, 0x0000, 0x0000, 0x0000, 0x0000, 0x0000, 0x0000, 0x0000, 0x0000, 0x0000, 0x0000, 0x0000,   // 0x5D90 (23952) pixels
0x0000, 0x0000, 0x0000, 0x0000, 0x0000, 0x0000, 0x0000, 0x0000, 0x0000, 0x0000, 0x0000, 0x0000, 0x0000, 0x0000, 0x0000, 0x0000,   // 0x5DA0 (23968) pixels
0x0000, 0x0000, 0x0000, 0x0000, 0x0000, 0x0000, 0x0000, 0x0000, 0x0001, 0x0822, 0x0842, 0x0842, 0x1063, 0x1063, 0x1063, 0x1063,   // 0x5DB0 (23984) pixels
0x1063, 0x1063, 0x1063, 0x1063, 0x1063, 0x1063, 0x1063, 0x1063, 0x1063, 0x1063, 0x1063, 0x1063, 0x1063, 0x1063, 0x0863, 0x1063,   // 0x5DC0 (24000) pixels
0x1063, 0x1064, 0x1063, 0x1063, 0x1063, 0x1063, 0x1043, 0x1043, 0x1043, 0x1843, 0x1843, 0x1843, 0x0884, 0x0883, 0x0883, 0x0883,   // 0x5DD0 (24016) pixels
0x0863, 0x0043, 0x0063, 0x0083, 0x1064, 0x1064, 0x1064, 0x1064, 0x1064, 0x1064, 0x1064, 0x1064, 0x1043, 0x1043, 0x1043, 0x1043,   // 0x5DE0 (24032) pixels
0x1043, 0x1043, 0x1043, 0x1043, 0x1083, 0x1083, 0x1083, 0x1083, 0x1083, 0x1083, 0x1083, 0x1083, 0x0863, 0x1063, 0x1063, 0x1063,   // 0x5DF0 (24048) pixels
0x1063, 0x1063, 0x1063, 0x1063, 0x0863, 0x0863, 0x0843, 0x0843, 0x1043, 0x1043, 0x1063, 0x1063, 0x1063, 0x1083, 0x1063, 0x0843,   // 0x5E00 (24064) pixels
0x1063, 0x1063, 0x1043, 0x1063, 0x0863, 0x0863, 0x0863, 0x0863, 0x1063, 0x1063, 0x1063, 0x1063, 0x0863, 0x0863, 0x0863, 0x0863,   // 0x5E10 (24080) pixels
0x0863, 0x0863, 0x0863, 0x0863, 0x1063, 0x1063, 0x1063, 0x1063, 0x1063, 0x1063, 0x1063, 0x1063, 0x0841, 0x0000, 0x0000, 0x0000,   // 0x5E20 (24096) pixels
0x0000, 0x0000, 0x0000, 0x0000, 0x0000, 0x0000, 0x0000, 0x0000, 0x0000, 0x0000, 0x0000, 0x0000, 0x0000, 0x0000, 0x0000, 0x0000,   // 0x5E30 (24112) pixels
0x0000, 0x0000, 0x0000, 0x0000, 0x0000, 0x0000, 0x0000, 0x0000, 0x0000, 0x0000, 0x0000, 0x0000, 0x0000, 0x0000, 0x0000, 0x0000,   // 0x5E40 (24128) pixels
0x0000, 0x0000, 0x0000, 0x0000, 0x0000, 0x0000, 0x0000, 0x0000, 0x0000, 0x0000, 0x0000, 0x0000, 0x0000, 0x0000, 0x0000, 0x0000,   // 0x5E50 (24144) pixels
0x0000, 0x0000, 0x0000, 0x0000, 0x0000, 0x0000, 0x0000, 0x0000, 0x0000, 0x0000, 0x0000, 0x0000, 0x0000, 0x0000, 0x0000, 0x0000,   // 0x5E60 (24160) pixels
0x0000, 0x0000, 0x0000, 0x0000, 0x0000, 0x0000, 0x0001, 0x0843, 0x1063, 0x1064, 0x1064, 0x1064, 0x1064, 0x1064, 0x1064, 0x1064,   // 0x5E70 (24176) pixels
0x1064, 0x1064, 0x1064, 0x1064, 0x1064, 0x1064, 0x1064, 0x1064, 0x1064, 0x1064, 0x1064, 0x1064, 0x0864, 0x1064, 0x1064, 0x1084,   // 0x5E80 (24192) pixels
0x1064, 0x1064, 0x0064, 0x0064, 0x0864, 0x0885, 0x0885, 0x0885, 0x0864, 0x0864, 0x1064, 0x0844, 0x1044, 0x1044, 0x1064, 0x1044,   // 0x5E90 (24208) pixels
0x1044, 0x1065, 0x0864, 0x0864, 0x1064, 0x1064, 0x1064, 0x1064, 0x1064, 0x1064, 0x0864, 0x0864, 0x0864, 0x0864, 0x0864, 0x0864,   // 0x5EA0 (24224) pixels
0x0864, 0x0864, 0x1044, 0x1044, 0x1044, 0x1044, 0x1044, 0x1044, 0x1044, 0x1044, 0x1064, 0x0864, 0x0844, 0x0844, 0x0864, 0x0864,   // 0x5EB0 (24240) pixels
0x0864, 0x0844, 0x0844, 0x0844, 0x0864, 0x1064, 0x1064, 0x1064, 0x1043, 0x1043, 0x0844, 0x1065, 0x0844, 0x0844, 0x1085, 0x1065,   // 0x5EC0 (24256) pixels
0x0844, 0x0844, 0x0864, 0x0864, 0x0864, 0x0864, 0x1064, 0x1064, 0x1044, 0x0843, 0x1064, 0x1064, 0x1064, 0x1064, 0x1064, 0x1064,   // 0x5ED0 (24272) pixels
0x1064, 0x1064, 0x1064, 0x1064, 0x1064, 0x1064, 0x1064, 0x1064, 0x1064, 0x1064, 0x0861, 0x0000, 0x0000, 0x0000, 0x0000, 0x0000,   // 0x5EE0 (24288) pixels
0x0000, 0x0000, 0x0000, 0x0000, 0x0000, 0x0000, 0x0000, 0x0000, 0x0000, 0x0000, 0x0000, 0x0000, 0x0000, 0x0000, 0x0000, 0x0000,   // 0x5EF0 (24304) pixels
0x0000, 0x0000, 0x0000, 0x0000, 0x0000, 0x0000, 0x0000, 0x0000, 0x0000, 0x0000, 0x0000, 0x0000, 0x0000, 0x0000, 0x0000, 0x0000,   // 0x5F00 (24320) pixels
};


#endif // FLAMELILY_H