// Generated by   : ImageConverter 565 Online
// Generated from : flameLily.jpg
// Time generated : Tue, 29 Jul 25 08:12:05 +0200  (Server timezone: CET)
// Image Size     : 190x128 pixels
// Memory usage   : 48640 bytes

#ifndef FLAMINGO_H
#define FLAMINGO_H

#include <TFT_eSPI.h>

void drawFlamingo(TFT_eSPI &tft);

#if defined(__AVR__)
#include <avr/pgmspace.h>
#elif defined(__PIC32MX__)
#define PROGMEM
#elif defined(__arm__)
#define PROGMEM
#endif

const unsigned short flamingo[16200] PROGMEM = {
    0x0000, 0x0000, 0x0000, 0x0000, 0x0000, 0x0000, 0x0000, 0x0000, 0x0000, 0x0000, 0x0000, 0x0000, 0x0000, 0x0000, 0x0000, 0x0000, // 0x0010 (16) pixels
    0x0000, 0x0000, 0x0000, 0x0000, 0x0000, 0x0000, 0x0000, 0x0000, 0x0000, 0x0000, 0x0000, 0x0000, 0x0000, 0x0000, 0x0000, 0x0000, // 0x0020 (32) pixels
    0x0000, 0x0000, 0x0000, 0x0000, 0x0000, 0x0000, 0x0000, 0x0020, 0x0801, 0x1000, 0x1000, 0x0000, 0x0000, 0x0021, 0x1020, 0x38A0, // 0x0030 (48) pixels
    0x3864, 0x1801, 0x0800, 0x0000, 0x0000, 0x0001, 0x0001, 0x0000, 0x0020, 0x0000, 0x0800, 0x0020, 0x0020, 0x0000, 0x0000, 0x0020, // 0x0040 (64) pixels
    0x0000, 0x0000, 0x0000, 0x0000, 0x0000, 0x0000, 0x0000, 0x0000, 0x0000, 0x0000, 0x0000, 0x0000, 0x0000, 0x0000, 0x0000, 0x0000, // 0x0050 (80) pixels
    0x0000, 0x0000, 0x0000, 0x0000, 0x0000, 0x0000, 0x0000, 0x0000, 0x0000, 0x0000, 0x0000, 0x0000, 0x0000, 0x0000, 0x0000, 0x0000, // 0x0060 (96) pixels
    0x0000, 0x0000, 0x0000, 0x0000, 0x0000, 0x0000, 0x0000, 0x0000, 0x0000, 0x0000, 0x0000, 0x0000, 0x0000, 0x0000, 0x0000, 0x0000, // 0x0070 (112) pixels
    0x0000, 0x0000, 0x0000, 0x0000, 0x0000, 0x0000, 0x0000, 0x0000, 0x0000, 0x0000, 0x0000, 0x0000, 0x0000, 0x0000, 0x0000, 0x0000, // 0x0080 (128) pixels
    0x0000, 0x0000, 0x0000, 0x0000, 0x0000, 0x0000, 0x0000, 0x0000, 0x0000, 0x0000, 0x0000, 0x0000, 0x0000, 0x0000, 0x0000, 0x0000, // 0x0090 (144) pixels
    0x0000, 0x0000, 0x0000, 0x0000, 0x0000, 0x0000, 0x0000, 0x0000, 0x0000, 0x0000, 0x0000, 0x0000, 0x0000, 0x0000, 0x0020, 0x0000, // 0x00A0 (160) pixels
    0x0001, 0x0800, 0x0800, 0x0000, 0x0000, 0x0021, 0x20A1, 0x71A5, 0x9183, 0x6103, 0x2001, 0x0000, 0x0020, 0x0040, 0x1860, 0x2881, // 0x00B0 (176) pixels
    0x1820, 0x0800, 0x0000, 0x0000, 0x0000, 0x0000, 0x0000, 0x0020, 0x0000, 0x0000, 0x0000, 0x0000, 0x0000, 0x0000, 0x0000, 0x0000, // 0x00C0 (192) pixels
    0x0000, 0x0000, 0x0000, 0x0000, 0x0000, 0x0000, 0x0000, 0x0000, 0x0000, 0x0000, 0x0000, 0x0000, 0x0000, 0x0000, 0x0000, 0x0000, // 0x00D0 (208) pixels
    0x0000, 0x0000, 0x0000, 0x0000, 0x0000, 0x0000, 0x0000, 0x0000, 0x0000, 0x0000, 0x0000, 0x0000, 0x0000, 0x0000, 0x0000, 0x0000, // 0x00E0 (224) pixels
    0x0000, 0x0000, 0x0000, 0x0000, 0x0000, 0x0000, 0x0000, 0x0000, 0x0000, 0x0000, 0x0000, 0x0000, 0x0000, 0x0000, 0x0000, 0x0000, // 0x00F0 (240) pixels
    0x0000, 0x0000, 0x0000, 0x0000, 0x0000, 0x0000, 0x0000, 0x0000, 0x0000, 0x0000, 0x0000, 0x0000, 0x0000, 0x0000, 0x0000, 0x0000, // 0x0100 (256) pixels
    0x0000, 0x0000, 0x0000, 0x0000, 0x0000, 0x0000, 0x0000, 0x0000, 0x0000, 0x0000, 0x0000, 0x0000, 0x0000, 0x0000, 0x0000, 0x0000, // 0x0110 (272) pixels
    0x0000, 0x0000, 0x0000, 0x0000, 0x0000, 0x0020, 0x0000, 0x0000, 0x0040, 0x0000, 0x0000, 0x0021, 0x0021, 0x0000, 0x2860, 0x8964, // 0x0120 (288) pixels
    0xEAC3, 0xAA04, 0x3041, 0x0000, 0x0040, 0x1060, 0x40C0, 0x7164, 0x50C2, 0x2020, 0x0020, 0x0000, 0x0000, 0x0000, 0x0000, 0x0000, // 0x0130 (304) pixels
    0x0000, 0x0000, 0x0000, 0x0000, 0x0000, 0x0000, 0x0000, 0x0000, 0x0000, 0x0000, 0x0000, 0x0000, 0x0000, 0x0000, 0x0000, 0x0000, // 0x0140 (320) pixels
    0x0000, 0x0000, 0x0000, 0x0000, 0x0000, 0x0000, 0x0000, 0x0000, 0x0000, 0x0000, 0x0000, 0x0000, 0x0000, 0x0000, 0x0000, 0x0000, // 0x0150 (336) pixels
    0x0000, 0x0000, 0x0000, 0x0000, 0x0000, 0x0000, 0x0000, 0x0000, 0x0000, 0x0000, 0x0000, 0x0000, 0x0000, 0x0000, 0x0000, 0x0000, // 0x0160 (352) pixels
    0x0000, 0x0000, 0x0000, 0x0000, 0x0000, 0x0000, 0x0000, 0x0000, 0x0000, 0x0000, 0x0000, 0x0000, 0x0000, 0x0000, 0x0000, 0x0000, // 0x0170 (368) pixels
    0x0000, 0x0000, 0x0000, 0x0000, 0x0000, 0x0000, 0x0000, 0x0000, 0x0000, 0x0000, 0x0000, 0x0000, 0x0000, 0x0000, 0x0000, 0x0000, // 0x0180 (384) pixels
    0x0000, 0x0000, 0x0000, 0x0000, 0x0000, 0x0000, 0x0000, 0x0000, 0x0000, 0x0000, 0x0000, 0x0000, 0x0000, 0x0000, 0x0000, 0x0800, // 0x0190 (400) pixels
    0x0020, 0x0800, 0x0000, 0x0021, 0x0001, 0x1000, 0x4880, 0xA1E3, 0xFB63, 0xB2A3, 0x38C0, 0x0000, 0x0001, 0x2000, 0x7102, 0xB205, // 0x01A0 (416) pixels
    0x79A5, 0x28A0, 0x0040, 0x0000, 0x0000, 0x0000, 0x0000, 0x0000, 0x0000, 0x0000, 0x0000, 0x0000, 0x0000, 0x0000, 0x0000, 0x0000, // 0x01B0 (432) pixels
    0x0000, 0x0000, 0x0000, 0x0000, 0x0000, 0x0000, 0x0000, 0x0000, 0x0000, 0x0000, 0x0000, 0x0000, 0x0000, 0x0000, 0x0000, 0x0000, // 0x01C0 (448) pixels
    0x0000, 0x0000, 0x0000, 0x0000, 0x0000, 0x0000, 0x0000, 0x0000, 0x0000, 0x0000, 0x0000, 0x0000, 0x0000, 0x0000, 0x0000, 0x0000, // 0x01D0 (464) pixels
    0x0000, 0x0000, 0x0000, 0x0000, 0x0000, 0x0000, 0x0000, 0x0000, 0x0000, 0x0000, 0x0000, 0x0000, 0x0000, 0x0000, 0x0000, 0x0000, // 0x01E0 (480) pixels
    0x0000, 0x0000, 0x0000, 0x0000, 0x0000, 0x0000, 0x0000, 0x0000, 0x0000, 0x0000, 0x0000, 0x0000, 0x0000, 0x0000, 0x0000, 0x0000, // 0x01F0 (496) pixels
    0x0000, 0x0000, 0x0000, 0x0000, 0x0000, 0x0000, 0x0000, 0x0000, 0x0000, 0x0000, 0x0000, 0x0000, 0x0000, 0x0000, 0x0000, 0x0000, // 0x0200 (512) pixels
    0x0020, 0x0000, 0x0800, 0x0000, 0x0000, 0x0000, 0x0800, 0x2060, 0x48A1, 0x40E3, 0x1041, 0x0000, 0x2800, 0x4840, 0x9221, 0xDBE6, // 0x0210 (528) pixels
    0xD364, 0x79E2, 0x1840, 0x0001, 0x0800, 0x4840, 0xA183, 0xC9C3, 0x6163, 0x1860, 0x0020, 0x0000, 0x0000, 0x0000, 0x0000, 0x0000, // 0x0220 (544) pixels
    0x0000, 0x0000, 0x0000, 0x0000, 0x0000, 0x0000, 0x0000, 0x0000, 0x0000, 0x0000, 0x0000, 0x0000, 0x0000, 0x0000, 0x0000, 0x0000, // 0x0230 (560) pixels
    0x0000, 0x0000, 0x0000, 0x0000, 0x0000, 0x0000, 0x0000, 0x0000, 0x0000, 0x0000, 0x0000, 0x0000, 0x0000, 0x0000, 0x0000, 0x0000, // 0x0240 (576) pixels
    0x0000, 0x0000, 0x0000, 0x0000, 0x0000, 0x0000, 0x0000, 0x0000, 0x0000, 0x0000, 0x0000, 0x0000, 0x0000, 0x0000, 0x0000, 0x0000, // 0x0250 (592) pixels
    0x0000, 0x0000, 0x0000, 0x0000, 0x0000, 0x0000, 0x0000, 0x0000, 0x0000, 0x0000, 0x0000, 0x0000, 0x0000, 0x0000, 0x0000, 0x0000, // 0x0260 (608) pixels
    0x0000, 0x0000, 0x0000, 0x0000, 0x0000, 0x0000, 0x0000, 0x0000, 0x0000, 0x0000, 0x0000, 0x0000, 0x0000, 0x0000, 0x0000, 0x0000, // 0x0270 (624) pixels
    0x0000, 0x0000, 0x0000, 0x0000, 0x0000, 0x0000, 0x0000, 0x0000, 0x0020, 0x0000, 0x0800, 0x0000, 0x0000, 0x0020, 0x1840, 0x4923, // 0x0280 (640) pixels
    0xA1E4, 0x8184, 0x2820, 0x2800, 0x7120, 0xB2A1, 0xDCA4, 0xFDC6, 0xBC05, 0x5980, 0x1000, 0x2861, 0x71C3, 0xAAE4, 0xC2C4, 0xA161, // 0x0290 (656) pixels
    0x2860, 0x1000, 0x0800, 0x0800, 0x0000, 0x0000, 0x0000, 0x0000, 0x0000, 0x0000, 0x0000, 0x0000, 0x0000, 0x0000, 0x0000, 0x0000, // 0x02A0 (672) pixels
    0x0000, 0x0000, 0x0000, 0x0000, 0x0000, 0x0000, 0x0000, 0x0000, 0x0000, 0x0000, 0x0000, 0x0000, 0x0000, 0x0000, 0x0000, 0x0000, // 0x02B0 (688) pixels
    0x0000, 0x0000, 0x0000, 0x0000, 0x0000, 0x0000, 0x0000, 0x0000, 0x0000, 0x0000, 0x0000, 0x0000, 0x0000, 0x0000, 0x0000, 0x0000, // 0x02C0 (704) pixels
    0x0000, 0x0000, 0x0000, 0x0000, 0x0000, 0x0000, 0x0000, 0x0000, 0x0000, 0x0000, 0x0000, 0x0000, 0x0000, 0x0000, 0x0000, 0x0000, // 0x02D0 (720) pixels
    0x0000, 0x0000, 0x0000, 0x0000, 0x0000, 0x0000, 0x0000, 0x0000, 0x0000, 0x0000, 0x0000, 0x0000, 0x0000, 0x0000, 0x0000, 0x0000, // 0x02E0 (736) pixels
    0x0000, 0x0000, 0x0000, 0x0000, 0x0000, 0x0000, 0x0000, 0x0000, 0x0000, 0x0000, 0x0000, 0x0000, 0x0000, 0x0000, 0x0000, 0x0000, // 0x02F0 (752) pixels
    0x0040, 0x0000, 0x0800, 0x0000, 0x0000, 0x0020, 0x1840, 0x5964, 0xC223, 0xA9C4, 0x5860, 0x6100, 0xC344, 0xFD45, 0xFEC5, 0xFEE3, // 0x0300 (768) pixels
    0xE5A5, 0x9B61, 0x79E0, 0x9A83, 0xE406, 0xEC87, 0xAB05, 0x5901, 0x1000, 0x3000, 0x4842, 0x3021, 0x0800, 0x0020, 0x0000, 0x0000, // 0x0310 (784) pixels
    0x0000, 0x0000, 0x0000, 0x0000, 0x0000, 0x0000, 0x0000, 0x0000, 0x0000, 0x0000, 0x0000, 0x0000, 0x0000, 0x0000, 0x0000, 0x0000, // 0x0320 (800) pixels
    0x0000, 0x0000, 0x0000, 0x0000, 0x0000, 0x0000, 0x0000, 0x0000, 0x0000, 0x0000, 0x0000, 0x0000, 0x0000, 0x0000, 0x0000, 0x0000, // 0x0330 (816) pixels
    0x0000, 0x0000, 0x0000, 0x0000, 0x0000, 0x0000, 0x0000, 0x0000, 0x0000, 0x0000, 0x0000, 0x0000, 0x0000, 0x0000, 0x0000, 0x0000, // 0x0340 (832) pixels
    0x0000, 0x0000, 0x0000, 0x0000, 0x0000, 0x0000, 0x0000, 0x0000, 0x0000, 0x0000, 0x0000, 0x0000, 0x0000, 0x0000, 0x0000, 0x0000, // 0x0350 (848) pixels
    0x0000, 0x0000, 0x0000, 0x0000, 0x0000, 0x0000, 0x0000, 0x0000, 0x0000, 0x0000, 0x0000, 0x0000, 0x0000, 0x0000, 0x0000, 0x0000, // 0x0360 (864) pixels
    0x0000, 0x0000, 0x0000, 0x0000, 0x0000, 0x0000, 0x0000, 0x0000, 0x0040, 0x0000, 0x0000, 0x0000, 0x0020, 0x0000, 0x1800, 0x5923, // 0x0370 (880) pixels
    0xCA02, 0xD246, 0x9983, 0xAA84, 0xECA6, 0xFE24, 0xFF63, 0xFF61, 0xFE81, 0xFDE2, 0xFD04, 0xFCA5, 0xFC65, 0xC343, 0x5981, 0x0860, // 0x0380 (896) pixels
    0x1821, 0x60C5, 0x8906, 0x5042, 0x1000, 0x0000, 0x0000, 0x0000, 0x0000, 0x0000, 0x0000, 0x0000, 0x0000, 0x0000, 0x0000, 0x0000, // 0x0390 (912) pixels
    0x0000, 0x0000, 0x0000, 0x0000, 0x0000, 0x0000, 0x0000, 0x0000, 0x0000, 0x0000, 0x0000, 0x0000, 0x0000, 0x0000, 0x0000, 0x0000, // 0x03A0 (928) pixels
    0x0000, 0x0000, 0x0000, 0x0000, 0x0000, 0x0000, 0x0000, 0x0000, 0x0000, 0x0000, 0x0000, 0x0000, 0x0000, 0x0000, 0x0000, 0x0000, // 0x03B0 (944) pixels
    0x0000, 0x0000, 0x0000, 0x0000, 0x0000, 0x0000, 0x0000, 0x0000, 0x0000, 0x0000, 0x0000, 0x0000, 0x0000, 0x0000, 0x0000, 0x0000, // 0x03C0 (960) pixels
    0x0000, 0x0000, 0x0000, 0x0000, 0x0000, 0x0000, 0x0000, 0x0000, 0x0000, 0x0000, 0x0000, 0x0000, 0x0000, 0x0000, 0x0000, 0x0000, // 0x03D0 (976) pixels
    0x0000, 0x0000, 0x0000, 0x0000, 0x0000, 0x0000, 0x0000, 0x0000, 0x0000, 0x0000, 0x0000, 0x0000, 0x0000, 0x0000, 0x0000, 0x0000, // 0x03E0 (992) pixels
    0x0000, 0x0000, 0x0000, 0x0000, 0x0000, 0x0000, 0x1800, 0x48A3, 0xC205, 0xEBC7, 0xEC42, 0xF4E1, 0xFD82, 0xFE25, 0xFEA5, 0xF704, // 0x03F0 (1008) pixels
    0xFEC3, 0xFF42, 0xFF23, 0xDD64, 0x8AC4, 0x3082, 0x0000, 0x0020, 0x5060, 0xA903, 0xA906, 0x4841, 0x0000, 0x0000, 0x0800, 0x0000, // 0x0400 (1024) pixels
    0x0000, 0x0000, 0x0000, 0x0000, 0x0000, 0x0000, 0x0000, 0x0000, 0x0000, 0x0000, 0x0000, 0x0000, 0x0000, 0x0000, 0x0000, 0x0000, // 0x0410 (1040) pixels
    0x0000, 0x0000, 0x0000, 0x0000, 0x0000, 0x0000, 0x0000, 0x0000, 0x0000, 0x0000, 0x0000, 0x0000, 0x0000, 0x0000, 0x0000, 0x0000, // 0x0420 (1056) pixels
    0x0000, 0x0000, 0x0000, 0x0000, 0x0000, 0x0000, 0x0000, 0x0000, 0x0000, 0x0000, 0x0000, 0x0000, 0x0000, 0x0000, 0x0000, 0x0000, // 0x0430 (1072) pixels
    0x0000, 0x0000, 0x0000, 0x0000, 0x0000, 0x0000, 0x0000, 0x0000, 0x0000, 0x0000, 0x0000, 0x0000, 0x0000, 0x0000, 0x0000, 0x0000, // 0x0440 (1088) pixels
    0x0000, 0x0000, 0x0000, 0x0000, 0x0000, 0x0000, 0x0000, 0x0000, 0x0000, 0x0000, 0x0000, 0x0000, 0x0000, 0x0000, 0x0000, 0x0000, // 0x0450 (1104) pixels
    0x0000, 0x0000, 0x0000, 0x0000, 0x0000, 0x0000, 0x0000, 0x0000, 0x0000, 0x0000, 0x0000, 0x0000, 0x0000, 0x0000, 0x1800, 0x48C3, // 0x0460 (1120) pixels
    0xD245, 0xFC67, 0xFD43, 0xFDE2, 0xFE43, 0xFE64, 0xFE83, 0xFEA2, 0xFEE1, 0xFEE1, 0xFE62, 0xDCA3, 0x8221, 0x3040, 0x1800, 0x3060, // 0x0470 (1136) pixels
    0x98C1, 0xB0E3, 0x90A4, 0x3841, 0x0020, 0x0020, 0x0000, 0x0000, 0x0000, 0x0000, 0x0000, 0x0000, 0x0000, 0x0000, 0x0000, 0x0000, // 0x0480 (1152) pixels
    0x0000, 0x0000, 0x0000, 0x0000, 0x0000, 0x0000, 0x0000, 0x0000, 0x0000, 0x0000, 0x0000, 0x0000, 0x0000, 0x0000, 0x0000, 0x0000, // 0x0490 (1168) pixels
    0x0000, 0x0000, 0x0000, 0x0000, 0x0000, 0x0000, 0x0000, 0x0000, 0x0000, 0x0000, 0x0000, 0x0000, 0x0000, 0x0000, 0x0000, 0x0000, // 0x04A0 (1184) pixels
    0x0000, 0x0000, 0x0000, 0x0000, 0x0000, 0x0000, 0x0000, 0x0000, 0x0000, 0x0000, 0x0000, 0x0000, 0x0000, 0x0000, 0x0000, 0x0000, // 0x04B0 (1200) pixels
    0x0000, 0x0000, 0x0000, 0x0000, 0x0000, 0x0000, 0x0000, 0x0000, 0x0000, 0x0000, 0x0000, 0x0000, 0x0000, 0x0000, 0x0000, 0x0000, // 0x04C0 (1216) pixels
    0x0000, 0x0000, 0x0000, 0x0000, 0x0000, 0x0000, 0x0000, 0x0000, 0x0000, 0x0000, 0x0000, 0x0000, 0x0000, 0x0000, 0x0000, 0x0000, // 0x04D0 (1232) pixels
    0x0000, 0x0000, 0x0000, 0x0000, 0x0000, 0x0000, 0x1800, 0x40A3, 0xCA82, 0xFCA6, 0xFDA3, 0xFE42, 0xF662, 0xFEA3, 0xFEC3, 0xFEE2, // 0x04E0 (1248) pixels
    0xF742, 0xFEC2, 0xFDC3, 0xF484, 0xC323, 0x9222, 0x91C1, 0xA9A1, 0xE945, 0xB0C3, 0x6041, 0x1800, 0x0020, 0x0020, 0x0000, 0x0000, // 0x04F0 (1264) pixels
    0x0000, 0x0000, 0x0000, 0x0000, 0x0000, 0x0000, 0x0000, 0x0000, 0x0000, 0x0000, 0x0000, 0x0000, 0x0000, 0x0000, 0x0000, 0x0000, // 0x0500 (1280) pixels
    0x0000, 0x0000, 0x0000, 0x0000, 0x0000, 0x0000, 0x0000, 0x0000, 0x0000, 0x0000, 0x0000, 0x0000, 0x0000, 0x0000, 0x0000, 0x0000, // 0x0510 (1296) pixels
    0x0000, 0x0000, 0x0000, 0x0000, 0x0000, 0x0000, 0x0000, 0x0000, 0x0000, 0x0000, 0x0000, 0x0000, 0x0000, 0x0000, 0x0000, 0x0000, // 0x0520 (1312) pixels
    0x0000, 0x0000, 0x0000, 0x0000, 0x0000, 0x0000, 0x0000, 0x0000, 0x0000, 0x0000, 0x0000, 0x0000, 0x0000, 0x0000, 0x0000, 0x0000, // 0x0530 (1328) pixels
    0x0000, 0x0000, 0x0000, 0x0000, 0x0000, 0x0000, 0x0000, 0x0000, 0x0000, 0x0000, 0x0000, 0x0000, 0x0000, 0x0000, 0x0000, 0x0000, // 0x0540 (1344) pixels
    0x0000, 0x0000, 0x0000, 0x0000, 0x0000, 0x0000, 0x0000, 0x0000, 0x0000, 0x0000, 0x0000, 0x0000, 0x0000, 0x0000, 0x1000, 0x3082, // 0x0550 (1360) pixels
    0xBA42, 0xFC25, 0xFD24, 0xFD83, 0xFD62, 0xFDA3, 0xFDC3, 0xFE02, 0xE704, 0xF6E5, 0xFE25, 0xFD04, 0xFC44, 0xF3E5, 0xFB44, 0xFAA3, // 0x0560 (1376) pixels
    0xE186, 0x88C2, 0x2820, 0x0000, 0x0000, 0x0001, 0x0000, 0x0000, 0x0000, 0x0000, 0x0000, 0x0000, 0x0000, 0x0000, 0x0000, 0x0000, // 0x0570 (1392) pixels
    0x0000, 0x0000, 0x0000, 0x0000, 0x0000, 0x0000, 0x0000, 0x0000, 0x0000, 0x0000, 0x0000, 0x0000, 0x0000, 0x0000, 0x0000, 0x0000, // 0x0580 (1408) pixels
    0x0000, 0x0000, 0x0000, 0x0000, 0x0000, 0x0000, 0x0000, 0x0000, 0x0000, 0x0000, 0x0000, 0x0000, 0x0000, 0x0000, 0x0000, 0x0000, // 0x0590 (1424) pixels
    0x0000, 0x0000, 0x0000, 0x0000, 0x0000, 0x0000, 0x0000, 0x0000, 0x0000, 0x0000, 0x0000, 0x0000, 0x0000, 0x0000, 0x0000, 0x0000, // 0x05A0 (1440) pixels
    0x0000, 0x0000, 0x0000, 0x0000, 0x0000, 0x0000, 0x0000, 0x0000, 0x0000, 0x0000, 0x0000, 0x0000, 0x0000, 0x0000, 0x0000, 0x0000, // 0x05B0 (1456) pixels
    0x0000, 0x0000, 0x0000, 0x0000, 0x0000, 0x0000, 0x0000, 0x0000, 0x0000, 0x0000, 0x0000, 0x0000, 0x0000, 0x0000, 0x0000, 0x0000, // 0x05C0 (1472) pixels
    0x0000, 0x0000, 0x0000, 0x0000, 0x0000, 0x0000, 0x0800, 0x2020, 0x9121, 0xCAC4, 0xEB83, 0xF3C3, 0xEB83, 0xEB83, 0xFB82, 0xFBA1, // 0x05D0 (1488) pixels
    0xF584, 0xF604, 0xFDE3, 0xFD22, 0xFC43, 0xFBA4, 0xDAC4, 0xB9C1, 0x8103, 0x38A0, 0x0040, 0x0000, 0x0001, 0x0001, 0x0000, 0x0000, // 0x05E0 (1504) pixels
    0x0000, 0x0000, 0x0000, 0x0000, 0x0000, 0x0000, 0x0000, 0x0000, 0x0000, 0x0000, 0x0000, 0x0000, 0x0000, 0x0000, 0x0000, 0x0000, // 0x05F0 (1520) pixels
    0x0000, 0x0000, 0x0000, 0x0000, 0x0000, 0x0000, 0x0000, 0x0000, 0x0000, 0x0000, 0x0000, 0x0000, 0x0000, 0x0000, 0x0000, 0x0000, // 0x0600 (1536) pixels
    0x0000, 0x0000, 0x0000, 0x0000, 0x0000, 0x0000, 0x0000, 0x0000, 0x0000, 0x0000, 0x0000, 0x0000, 0x0000, 0x0000, 0x0000, 0x0000, // 0x0610 (1552) pixels
    0x0000, 0x0000, 0x0000, 0x0000, 0x0000, 0x0000, 0x0000, 0x0000, 0x0000, 0x0000, 0x0000, 0x0000, 0x0000, 0x0000, 0x0000, 0x0000, // 0x0620 (1568) pixels
    0x0000, 0x0000, 0x0000, 0x0000, 0x0000, 0x0000, 0x0000, 0x0000, 0x0000, 0x0000, 0x0000, 0x0000, 0x0000, 0x0000, 0x0000, 0x0000, // 0x0630 (1584) pixels
    0x0000, 0x0000, 0x0000, 0x0000, 0x0000, 0x0000, 0x0000, 0x0000, 0x0000, 0x0000, 0x0000, 0x0000, 0x0000, 0x0000, 0x0000, 0x1000, // 0x0640 (1600) pixels
    0x3860, 0x5941, 0x7180, 0x79C1, 0x7981, 0x99A3, 0xC9C2, 0xF222, 0xFBA2, 0xFCC3, 0xFDA3, 0xFD23, 0xE3E4, 0xAA84, 0x6962, 0x3880, // 0x0650 (1616) pixels
    0x2040, 0x0060, 0x0060, 0x0020, 0x0801, 0x0000, 0x0000, 0x0000, 0x0000, 0x0000, 0x0000, 0x0000, 0x0000, 0x0000, 0x0000, 0x0000, // 0x0660 (1632) pixels
    0x0000, 0x0000, 0x0000, 0x0000, 0x0000, 0x0000, 0x0000, 0x0000, 0x0000, 0x0000, 0x0000, 0x0000, 0x0000, 0x0000, 0x0000, 0x0000, // 0x0670 (1648) pixels
    0x0000, 0x0000, 0x0000, 0x0000, 0x0000, 0x0000, 0x0000, 0x0000, 0x0000, 0x0000, 0x0000, 0x0000, 0x0000, 0x0000, 0x0000, 0x0000, // 0x0680 (1664) pixels
    0x0000, 0x0000, 0x0000, 0x0000, 0x0000, 0x0000, 0x0000, 0x0000, 0x0000, 0x0000, 0x0000, 0x0000, 0x0000, 0x0000, 0x0000, 0x0000, // 0x0690 (1680) pixels
    0x0000, 0x0000, 0x0000, 0x0000, 0x0000, 0x0000, 0x0000, 0x0000, 0x0000, 0x0000, 0x0000, 0x0000, 0x0000, 0x0000, 0x0000, 0x0000, // 0x06A0 (1696) pixels
    0x0000, 0x0000, 0x0000, 0x0000, 0x0000, 0x0000, 0x0000, 0x0000, 0x0000, 0x0000, 0x0000, 0x0000, 0x0000, 0x0000, 0x0000, 0x0000, // 0x06B0 (1712) pixels
    0x0000, 0x0000, 0x0000, 0x0000, 0x0000, 0x0000, 0x0000, 0x0800, 0x0800, 0x1820, 0x1800, 0x1800, 0x1000, 0x3001, 0x6000, 0x9080, // 0x06C0 (1728) pixels
    0xE1C2, 0xF364, 0xFCA5, 0xDC25, 0x9264, 0x4103, 0x1042, 0x0000, 0x0000, 0x0020, 0x0020, 0x0800, 0x0800, 0x0000, 0x0020, 0x0000, // 0x06D0 (1744) pixels
    0x0000, 0x0000, 0x0000, 0x0000, 0x0000, 0x0000, 0x0000, 0x0000, 0x0000, 0x0000, 0x0000, 0x0000, 0x0000, 0x0000, 0x0000, 0x0000, // 0x06E0 (1760) pixels
    0x0000, 0x0000, 0x0000, 0x0000, 0x0000, 0x0000, 0x0000, 0x0000, 0x0000, 0x0000, 0x0000, 0x0000, 0x0000, 0x0000, 0x0000, 0x0000, // 0x06F0 (1776) pixels
    0x0000, 0x0000, 0x0000, 0x0000, 0x0000, 0x0000, 0x0000, 0x0000, 0x0000, 0x0000, 0x0000, 0x0000, 0x0000, 0x0000, 0x0000, 0x0000, // 0x0700 (1792) pixels
    0x0000, 0x0000, 0x0000, 0x0000, 0x0000, 0x0000, 0x0000, 0x0000, 0x0000, 0x0000, 0x0000, 0x0000, 0x0000, 0x0000, 0x0000, 0x0000, // 0x0710 (1808) pixels
    0x0000, 0x0000, 0x0000, 0x0000, 0x0000, 0x0000, 0x0000, 0x0000, 0x0000, 0x0000, 0x0000, 0x0000, 0x0000, 0x0000, 0x0000, 0x0000, // 0x0720 (1824) pixels
    0x0000, 0x0000, 0x0000, 0x0000, 0x0000, 0x0000, 0x0000, 0x0000, 0x0000, 0x0000, 0x0000, 0x0000, 0x0000, 0x0020, 0x0020, 0x0000, // 0x0730 (1840) pixels
    0x3845, 0x5045, 0x6045, 0x60A7, 0x4888, 0x4086, 0x4801, 0x6840, 0x9022, 0xB1A3, 0xBA82, 0x89A1, 0x4061, 0x0802, 0x0001, 0x0000, // 0x0740 (1856) pixels
    0x0802, 0x0801, 0x0800, 0x0800, 0x0000, 0x0000, 0x0020, 0x0000, 0x0000, 0x0000, 0x0000, 0x0000, 0x0000, 0x0000, 0x0000, 0x0000, // 0x0750 (1872) pixels
    0x0000, 0x0000, 0x0000, 0x0000, 0x0000, 0x0000, 0x0000, 0x0000, 0x0000, 0x0000, 0x0000, 0x0000, 0x0000, 0x0000, 0x0000, 0x0000, // 0x0760 (1888) pixels
    0x0000, 0x0000, 0x0000, 0x0000, 0x0000, 0x0000, 0x0000, 0x0000, 0x0000, 0x0000, 0x0000, 0x0000, 0x0000, 0x0000, 0x0000, 0x0000, // 0x0770 (1904) pixels
    0x0000, 0x0000, 0x0000, 0x0000, 0x0000, 0x0000, 0x0000, 0x0000, 0x0000, 0x0000, 0x0000, 0x0000, 0x0000, 0x0000, 0x0000, 0x0000, // 0x0780 (1920) pixels
    0x0000, 0x0000, 0x0000, 0x0000, 0x0000, 0x0000, 0x0000, 0x0000, 0x0000, 0x0000, 0x0000, 0x0000, 0x0000, 0x0000, 0x0000, 0x0000, // 0x0790 (1936) pixels
    0x0000, 0x0000, 0x0000, 0x0000, 0x0000, 0x0000, 0x0000, 0x0000, 0x0000, 0x0000, 0x0000, 0x0000, 0x0000, 0x0000, 0x0000, 0x0000, // 0x07A0 (1952) pixels
    0x0000, 0x0000, 0x0800, 0x0000, 0x0020, 0x0800, 0x3001, 0x6906, 0xB1AE, 0xD292, 0xCA91, 0xCA90, 0xDAD1, 0xCA8F, 0xB20C, 0x9989, // 0x07B0 (1968) pixels
    0x6866, 0x4002, 0x2842, 0x08A1, 0x0060, 0x0000, 0x0000, 0x0000, 0x0000, 0x0000, 0x0000, 0x0000, 0x0000, 0x0000, 0x0000, 0x0000, // 0x07C0 (1984) pixels
    0x0000, 0x0000, 0x0000, 0x0000, 0x0000, 0x0000, 0x0000, 0x0000, 0x0000, 0x0000, 0x0000, 0x0000, 0x0000, 0x0000, 0x0000, 0x0000, // 0x07D0 (2000) pixels
    0x0000, 0x0000, 0x0000, 0x0000, 0x0000, 0x0000, 0x0000, 0x0000, 0x0000, 0x0000, 0x0000, 0x0000, 0x0000, 0x0000, 0x0000, 0x0000, // 0x07E0 (2016) pixels
    0x0000, 0x0000, 0x0000, 0x0000, 0x0000, 0x0000, 0x0000, 0x0000, 0x0000, 0x0000, 0x0000, 0x0000, 0x0000, 0x0000, 0x0000, 0x0000, // 0x07F0 (2032) pixels
    0x0000, 0x0000, 0x0000, 0x0000, 0x0000, 0x0000, 0x0000, 0x0000, 0x0000, 0x0000, 0x0000, 0x0000, 0x0000, 0x0000, 0x0000, 0x0000, // 0x0800 (2048) pixels
    0x0000, 0x0000, 0x0000, 0x0000, 0x0000, 0x0000, 0x0000, 0x0000, 0x0000, 0x0000, 0x0000, 0x0000, 0x0000, 0x0000, 0x0000, 0x0000, // 0x0810 (2064) pixels
    0x0000, 0x0000, 0x0000, 0x0000, 0x0000, 0x0000, 0x0000, 0x0000, 0x0000, 0x0000, 0x0000, 0x0000, 0x0000, 0x28C3, 0x820A, 0xCB51, // 0x0820 (2080) pixels
    0xFC37, 0xFC57, 0xFC57, 0xFC77, 0xFC76, 0xFC76, 0xFC75, 0xDBB2, 0xB26E, 0x68E6, 0x2000, 0x0000, 0x0020, 0x0020, 0x0000, 0x0000, // 0x0830 (2096) pixels
    0x0000, 0x0000, 0x0000, 0x0000, 0x0000, 0x0000, 0x0000, 0x0000, 0x0000, 0x0000, 0x0000, 0x0000, 0x0000, 0x0000, 0x0000, 0x0000, // 0x0840 (2112) pixels
    0x0000, 0x0000, 0x0000, 0x0000, 0x0000, 0x0000, 0x0000, 0x0000, 0x0000, 0x0000, 0x0000, 0x0000, 0x0000, 0x0000, 0x0000, 0x0000, // 0x0850 (2128) pixels
    0x0000, 0x0000, 0x0000, 0x0000, 0x0000, 0x0000, 0x0000, 0x0000, 0x0000, 0x0000, 0x0000, 0x0000, 0x0000, 0x0000, 0x0000, 0x0000, // 0x0860 (2144) pixels
    0x0000, 0x0000, 0x0000, 0x0000, 0x0000, 0x0000, 0x0000, 0x0000, 0x0000, 0x0000, 0x0000, 0x0000, 0x0000, 0x0000, 0x0000, 0x0000, // 0x0870 (2160) pixels
    0x0000, 0x0000, 0x0000, 0x0000, 0x0000, 0x0000, 0x0000, 0x0000, 0x0000, 0x0000, 0x0000, 0x0000, 0x0000, 0x0000, 0x0000, 0x0000, // 0x0880 (2176) pixels
    0x0000, 0x0000, 0x0000, 0x0000, 0x0000, 0x0000, 0x0000, 0x0000, 0x0000, 0x0000, 0x0000, 0x0000, 0x0000, 0x0000, 0x0000, 0x0000, // 0x0890 (2192) pixels
    0x0040, 0x0000, 0x0000, 0x0821, 0x3925, 0x82AD, 0xDBF4, 0xFC57, 0xFC56, 0xFC97, 0xFCD7, 0xFCD7, 0xFC76, 0xFC55, 0xFC96, 0xFCB6, // 0x08A0 (2208) pixels
    0xFC97, 0xB2CE, 0x50C5, 0x1000, 0x0000, 0x0020, 0x0000, 0x0020, 0x0000, 0x0000, 0x0000, 0x0000, 0x0000, 0x0000, 0x0000, 0x0000, // 0x08B0 (2224) pixels
    0x0000, 0x0000, 0x0000, 0x0000, 0x0000, 0x0000, 0x0000, 0x0000, 0x0000, 0x0000, 0x0000, 0x0000, 0x0000, 0x0000, 0x0000, 0x0000, // 0x08C0 (2240) pixels
    0x0000, 0x0000, 0x0000, 0x0000, 0x0000, 0x0000, 0x0000, 0x0000, 0x0000, 0x0000, 0x0000, 0x0000, 0x0000, 0x0000, 0x0000, 0x0000, // 0x08D0 (2256) pixels
    0x0000, 0x0000, 0x0000, 0x0000, 0x0000, 0x0000, 0x0000, 0x0000, 0x0000, 0x0000, 0x0000, 0x0000, 0x0000, 0x0000, 0x0000, 0x0000, // 0x08E0 (2272) pixels
    0x0000, 0x0000, 0x0000, 0x0000, 0x0000, 0x0000, 0x0000, 0x0000, 0x0000, 0x0000, 0x0000, 0x0000, 0x0000, 0x0000, 0x0000, 0x0000, // 0x08F0 (2288) pixels
    0x0000, 0x0000, 0x0000, 0x0000, 0x0000, 0x0000, 0x0000, 0x0000, 0x0000, 0x0000, 0x0000, 0x0000, 0x0000, 0x0000, 0x0000, 0x0000, // 0x0900 (2304) pixels
    0x0000, 0x0000, 0x0000, 0x0000, 0x0000, 0x0000, 0x0000, 0x0000, 0x0000, 0x0000, 0x1000, 0x5126, 0x9AEF, 0xDC15, 0xFC78, 0xFBF7, // 0x0910 (2320) pixels
    0xFC14, 0xEC13, 0xDC13, 0xEC13, 0xFC55, 0xFC15, 0xFC15, 0xFC96, 0xFCD8, 0xEC34, 0x9A8C, 0x48A4, 0x1800, 0x0000, 0x0000, 0x0000, // 0x0920 (2336) pixels
    0x0000, 0x0000, 0x0000, 0x0000, 0x0000, 0x0000, 0x0000, 0x0000, 0x0000, 0x0000, 0x0000, 0x0000, 0x0000, 0x0000, 0x0000, 0x0000, // 0x0930 (2352) pixels
    0x0000, 0x0000, 0x0000, 0x0000, 0x0000, 0x0000, 0x0000, 0x0000, 0x0000, 0x0000, 0x0000, 0x0000, 0x0000, 0x0000, 0x0000, 0x0000, // 0x0940 (2368) pixels
    0x0000, 0x0000, 0x0000, 0x0000, 0x0000, 0x0000, 0x0000, 0x0000, 0x0000, 0x0000, 0x0000, 0x0000, 0x0000, 0x0000, 0x0000, 0x0000, // 0x0950 (2384) pixels
    0x0000, 0x0000, 0x0000, 0x0000, 0x0000, 0x0000, 0x0000, 0x0000, 0x0000, 0x0000, 0x0000, 0x0000, 0x0000, 0x0000, 0x0000, 0x0000, // 0x0960 (2400) pixels
    0x0000, 0x0000, 0x0000, 0x0000, 0x0000, 0x0000, 0x0000, 0x0000, 0x0000, 0x0000, 0x0000, 0x0000, 0x0000, 0x0000, 0x0000, 0x0000, // 0x0970 (2416) pixels
    0x0000, 0x0000, 0x0000, 0x0000, 0x0000, 0x0000, 0x0000, 0x0000, 0x0000, 0x0000, 0x0000, 0x0000, 0x0000, 0x0000, 0x0000, 0x0000, // 0x0980 (2432) pixels
    0x0020, 0x0820, 0x3883, 0x922C, 0xE3D4, 0xFC57, 0xFC58, 0xFBF6, 0xE3D1, 0xB30D, 0x9AAC, 0xAACD, 0xE392, 0xFBF4, 0xFBF4, 0xFC35, // 0x0990 (2448) pixels
    0xFC56, 0xFCB7, 0xDBF3, 0x9A2C, 0x50A5, 0x1000, 0x0000, 0x0020, 0x0000, 0x0000, 0x0000, 0x0000, 0x0000, 0x0000, 0x0000, 0x0000, // 0x09A0 (2464) pixels
    0x0000, 0x0000, 0x0000, 0x0000, 0x0000, 0x0000, 0x0000, 0x0000, 0x0000, 0x0000, 0x0000, 0x0000, 0x0000, 0x0000, 0x0000, 0x0000, // 0x09B0 (2480) pixels
    0x0000, 0x0000, 0x0000, 0x0000, 0x0000, 0x0000, 0x0000, 0x0000, 0x0000, 0x0000, 0x0000, 0x0000, 0x0000, 0x0000, 0x0000, 0x0000, // 0x09C0 (2496) pixels
    0x0000, 0x0000, 0x0000, 0x0000, 0x0000, 0x0000, 0x0000, 0x0000, 0x0000, 0x0000, 0x0000, 0x0000, 0x0000, 0x0000, 0x0000, 0x0000, // 0x09D0 (2512) pixels
    0x0000, 0x0000, 0x0000, 0x0000, 0x0000, 0x0000, 0x0000, 0x0000, 0x0000, 0x0000, 0x0000, 0x0000, 0x0000, 0x0000, 0x0000, 0x0000, // 0x09E0 (2528) pixels
    0x0000, 0x0000, 0x0000, 0x0000, 0x0000, 0x0000, 0x0000, 0x0000, 0x0000, 0x0000, 0x0000, 0x0000, 0x0000, 0x0000, 0x0000, 0x0000, // 0x09F0 (2544) pixels
    0x0000, 0x0000, 0x0000, 0x0000, 0x0000, 0x0000, 0x0000, 0x0000, 0x0020, 0x0800, 0x2801, 0x89CA, 0xF3D4, 0xFC98, 0xFC36, 0xD372, // 0x0A00 (2560) pixels
    0x822A, 0x59E7, 0x7B2C, 0x9BAF, 0xBB2F, 0xEBB3, 0xFC55, 0xF496, 0xFC56, 0xFCD7, 0xFC76, 0xDB32, 0x896A, 0x2022, 0x0000, 0x0020, // 0x0A10 (2576) pixels
    0x0000, 0x0000, 0x0000, 0x0000, 0x0000, 0x0000, 0x0000, 0x0000, 0x0000, 0x0000, 0x0000, 0x0000, 0x0000, 0x0000, 0x0000, 0x0000, // 0x0A20 (2592) pixels
    0x0000, 0x0000, 0x0000, 0x0000, 0x0000, 0x0000, 0x0000, 0x0000, 0x0000, 0x0000, 0x0000, 0x0000, 0x0000, 0x0000, 0x0000, 0x0000, // 0x0A30 (2608) pixels
    0x0000, 0x0000, 0x0000, 0x0000, 0x0000, 0x0000, 0x0000, 0x0000, 0x0000, 0x0000, 0x0000, 0x0000, 0x0000, 0x0000, 0x0000, 0x0000, // 0x0A40 (2624) pixels
    0x0000, 0x0000, 0x0000, 0x0000, 0x0000, 0x0000, 0x0000, 0x0000, 0x0000, 0x0000, 0x0000, 0x0000, 0x0000, 0x0000, 0x0000, 0x0000, // 0x0A50 (2640) pixels
    0x0000, 0x0000, 0x0000, 0x0000, 0x0000, 0x0000, 0x0000, 0x0000, 0x0000, 0x0000, 0x0000, 0x0000, 0x0000, 0x0000, 0x0000, 0x0000, // 0x0A60 (2656) pixels
    0x0000, 0x0000, 0x0000, 0x0000, 0x0000, 0x0000, 0x0000, 0x0000, 0x0000, 0x0000, 0x0000, 0x0000, 0x0000, 0x0000, 0x0000, 0x0000, // 0x0A70 (2672) pixels
    0x0000, 0x0841, 0x30C4, 0x928C, 0xEC75, 0xFD18, 0xEC55, 0x9A8D, 0x2842, 0x10A2, 0x530B, 0x83CF, 0x9AED, 0xDB92, 0xFC55, 0xF495, // 0x0A80 (2688) pixels
    0xFC96, 0xFCD7, 0xFC56, 0xFB54, 0xA98C, 0x3023, 0x0000, 0x0000, 0x0000, 0x0000, 0x0000, 0x0000, 0x0000, 0x0000, 0x0000, 0x0000, // 0x0A90 (2704) pixels
    0x0000, 0x0000, 0x0000, 0x0000, 0x0000, 0x0000, 0x0000, 0x0000, 0x0000, 0x0000, 0x0000, 0x0000, 0x0000, 0x0000, 0x0000, 0x0000, // 0x0AA0 (2720) pixels
    0x0000, 0x0000, 0x0000, 0x0000, 0x0000, 0x0000, 0x0000, 0x0000, 0x0000, 0x0000, 0x0000, 0x0000, 0x0000, 0x0000, 0x0000, 0x0000, // 0x0AB0 (2736) pixels
    0x0000, 0x0000, 0x0000, 0x0000, 0x0000, 0x0000, 0x0000, 0x0000, 0x0000, 0x0000, 0x0000, 0x0000, 0x0000, 0x0000, 0x0000, 0x0000, // 0x0AC0 (2752) pixels
    0x0000, 0x0000, 0x0000, 0x0000, 0x0000, 0x0000, 0x0000, 0x0000, 0x0000, 0x0000, 0x0000, 0x0000, 0x0000, 0x0000, 0x0000, 0x0000, // 0x0AD0 (2768) pixels
    0x0000, 0x0000, 0x0000, 0x0000, 0x0000, 0x0000, 0x0000, 0x0000, 0x0000, 0x0000, 0x0000, 0x0000, 0x0000, 0x0000, 0x0000, 0x0000, // 0x0AE0 (2784) pixels
    0x0000, 0x0000, 0x0000, 0x0000, 0x0000, 0x0000, 0x0000, 0x0000, 0x0841, 0x4A49, 0x8C30, 0xCD96, 0xF5D9, 0xFD98, 0xDC94, 0x8A4A, // 0x0AF0 (2800) pixels
    0x2083, 0x0020, 0x00E2, 0x3165, 0x79C9, 0xE392, 0xFC75, 0xFCB6, 0xF4B6, 0xFCD7, 0xFC57, 0xFB34, 0xB16C, 0x3823, 0x0820, 0x0000, // 0x0B00 (2816) pixels
    0x0000, 0x0000, 0x0000, 0x0000, 0x0000, 0x0000, 0x0000, 0x0000, 0x0000, 0x0000, 0x0000, 0x0000, 0x0000, 0x0000, 0x0000, 0x0000, // 0x0B10 (2832) pixels
    0x0000, 0x0000, 0x0000, 0x0000, 0x0000, 0x0000, 0x0000, 0x0000, 0x0000, 0x0000, 0x0000, 0x0000, 0x0000, 0x0000, 0x0000, 0x0000, // 0x0B20 (2848) pixels
    0x0000, 0x0000, 0x0000, 0x0000, 0x0000, 0x0000, 0x0000, 0x0000, 0x0000, 0x0000, 0x0000, 0x0000, 0x0000, 0x0000, 0x0000, 0x0000, // 0x0B30 (2864) pixels
    0x0000, 0x0000, 0x0000, 0x0000, 0x0000, 0x0000, 0x0000, 0x0000, 0x0000, 0x0000, 0x0000, 0x0000, 0x0000, 0x0000, 0x0000, 0x0000, // 0x0B40 (2880) pixels
    0x0000, 0x0000, 0x0000, 0x0000, 0x0000, 0x0000, 0x0000, 0x0000, 0x0000, 0x0000, 0x0000, 0x0000, 0x0000, 0x0000, 0x0000, 0x0000, // 0x0B50 (2896) pixels
    0x0000, 0x0000, 0x0000, 0x0000, 0x0000, 0x0000, 0x0000, 0x0000, 0x0000, 0x0000, 0x0000, 0x0000, 0x0840, 0x0040, 0x0840, 0x10A4, // 0x0B60 (2912) pixels
    0x5AE8, 0xBE16, 0xEFDF, 0xFFDF, 0xFEFC, 0xFDD8, 0xEC93, 0xBAAC, 0x3924, 0x1000, 0x1000, 0x48C4, 0xA2AD, 0xEC55, 0xFCD8, 0xFC77, // 0x0B70 (2928) pixels
    0xFC75, 0xFC76, 0xFC17, 0xFBB6, 0xD2B2, 0x7149, 0x1822, 0x0000, 0x0000, 0x0000, 0x0000, 0x0000, 0x0000, 0x0000, 0x0000, 0x0000, // 0x0B80 (2944) pixels
    0x0020, 0x0000, 0x0000, 0x0000, 0x0000, 0x0000, 0x0000, 0x0000, 0x0000, 0x0000, 0x0001, 0x0001, 0x0000, 0x0000, 0x0020, 0x0001, // 0x0B90 (2960) pixels
    0x0800, 0x0040, 0x0040, 0x0000, 0x0801, 0x0001, 0x0000, 0x0020, 0x0000, 0x0000, 0x0000, 0x0000, 0x0000, 0x0000, 0x0000, 0x0000, // 0x0BA0 (2976) pixels
    0x0000, 0x0000, 0x0000, 0x0000, 0x0000, 0x0000, 0x0000, 0x0000, 0x0000, 0x0000, 0x0000, 0x0000, 0x0000, 0x0000, 0x0000, 0x0000, // 0x0BB0 (2992) pixels
    0x0000, 0x0000, 0x0000, 0x0000, 0x0000, 0x0000, 0x0000, 0x0000, 0x0000, 0x0000, 0x0000, 0x0000, 0x0000, 0x0000, 0x0000, 0x0000, // 0x0BC0 (3008) pixels
    0x0000, 0x0000, 0x0000, 0x0000, 0x0000, 0x0000, 0x0000, 0x0000, 0x0000, 0x0000, 0x0000, 0x0000, 0x0000, 0x0000, 0x0000, 0x0000, // 0x0BD0 (3024) pixels
    0x0000, 0x0000, 0x0000, 0x0040, 0x2104, 0x4A69, 0x73AF, 0x8C73, 0xCE5A, 0xEFBF, 0xFFFF, 0xFFFD, 0xFF7A, 0xFE36, 0xECB3, 0xD350, // 0x0BE0 (3040) pixels
    0x8A6C, 0x71C9, 0x71E9, 0x9ACE, 0xD413, 0xFCB6, 0xFCD7, 0xFC96, 0xFCB5, 0xFC75, 0xFC36, 0xFBF7, 0xDB13, 0x81AB, 0x2863, 0x0000, // 0x0BF0 (3056) pixels
    0x0000, 0x0000, 0x0000, 0x0000, 0x0000, 0x0000, 0x0000, 0x0000, 0x0000, 0x0000, 0x0000, 0x0020, 0x0000, 0x0000, 0x0000, 0x0000, // 0x0C00 (3072) pixels
    0x0001, 0x0000, 0x0800, 0x0021, 0x0000, 0x0840, 0x3881, 0x5041, 0x2082, 0x0000, 0x0800, 0x2020, 0x1001, 0x0000, 0x0000, 0x0800, // 0x0C10 (3088) pixels
    0x0000, 0x0000, 0x0000, 0x0000, 0x0000, 0x0000, 0x0000, 0x0000, 0x0000, 0x0000, 0x0000, 0x0000, 0x0000, 0x0000, 0x0000, 0x0000, // 0x0C20 (3104) pixels
    0x0000, 0x0000, 0x0000, 0x0000, 0x0000, 0x0000, 0x0000, 0x0000, 0x0000, 0x0000, 0x0000, 0x0000, 0x0000, 0x0000, 0x0000, 0x0000, // 0x0C30 (3120) pixels
    0x0000, 0x0000, 0x0000, 0x0000, 0x0000, 0x0000, 0x0000, 0x0000, 0x0000, 0x0000, 0x0000, 0x0000, 0x0000, 0x0000, 0x0000, 0x0000, // 0x0C40 (3136) pixels
    0x0000, 0x0000, 0x0000, 0x0000, 0x0000, 0x0000, 0x0000, 0x0000, 0x0840, 0x0000, 0x0000, 0x10C3, 0x52AB, 0xAD77, 0xEF7E, 0xFFBE, // 0x0C50 (3152) pixels
    0xFFDF, 0xFFFF, 0xFFD9, 0xFFF5, 0xFF92, 0xFE50, 0xF4B0, 0xEBD2, 0xE3B4, 0xDBB3, 0xDC14, 0xEC95, 0xFCB6, 0xFCB6, 0xFCB6, 0xF495, // 0x0C60 (3168) pixels
    0xFC95, 0xF475, 0xFC35, 0xFC16, 0xE373, 0x9A0C, 0x3884, 0x0000, 0x0000, 0x0000, 0x0000, 0x0000, 0x0000, 0x0000, 0x0000, 0x0000, // 0x0C70 (3184) pixels
    0x0000, 0x0000, 0x0020, 0x0000, 0x0000, 0x0000, 0x0000, 0x0000, 0x0000, 0x0000, 0x0020, 0x0020, 0x0000, 0x40C1, 0xA2A6, 0xCAC5, // 0x0C80 (3200) pixels
    0x4186, 0x1820, 0x4020, 0x68E3, 0x3882, 0x0020, 0x0020, 0x1000, 0x0000, 0x0000, 0x0000, 0x0000, 0x0000, 0x0000, 0x0000, 0x0000, // 0x0C90 (3216) pixels
    0x0000, 0x0000, 0x0000, 0x0000, 0x0000, 0x0000, 0x0000, 0x0000, 0x0000, 0x0000, 0x0000, 0x0000, 0x0000, 0x0000, 0x0000, 0x0000, // 0x0CA0 (3232) pixels
    0x0000, 0x0000, 0x0000, 0x0000, 0x0000, 0x0000, 0x0000, 0x0000, 0x0000, 0x0000, 0x0000, 0x0000, 0x0000, 0x0000, 0x0000, 0x0000, // 0x0CB0 (3248) pixels
    0x0000, 0x0000, 0x0000, 0x0000, 0x0000, 0x0000, 0x0000, 0x0000, 0x0000, 0x0000, 0x0000, 0x0000, 0x0000, 0x0000, 0x0000, 0x0000, // 0x0CC0 (3264) pixels
    0x0820, 0x0000, 0x0000, 0x10C3, 0x4A8C, 0xAD78, 0xF7BE, 0xFFFC, 0xFFFA, 0xFF95, 0xF74D, 0xF768, 0xFF27, 0xF609, 0xF48E, 0xFBD3, // 0x0CD0 (3280) pixels
    0xFC16, 0xFC77, 0xFCD7, 0xFCD7, 0xFCB6, 0xFC95, 0xFC95, 0xF4B5, 0xFC33, 0xF3F3, 0xF3F4, 0xFC15, 0xF3B4, 0xC26E, 0x68E6, 0x2000, // 0x0CE0 (3296) pixels
    0x0000, 0x0000, 0x0000, 0x0000, 0x0000, 0x0000, 0x0000, 0x0000, 0x0000, 0x0000, 0x0000, 0x0000, 0x0000, 0x0000, 0x0820, 0x0820, // 0x0CF0 (3312) pixels
    0x0800, 0x0020, 0x0020, 0x0000, 0x3040, 0xA305, 0xF5AB, 0xDD06, 0x2984, 0x3840, 0x8882, 0xA946, 0x58C2, 0x0020, 0x0020, 0x0800, // 0x0D00 (3328) pixels
    0x0000, 0x0000, 0x0000, 0x0000, 0x0000, 0x0000, 0x0000, 0x0000, 0x0000, 0x0000, 0x0000, 0x0000, 0x0000, 0x0000, 0x0000, 0x0000, // 0x0D10 (3344) pixels
    0x0000, 0x0000, 0x0000, 0x0000, 0x0000, 0x0000, 0x0000, 0x0000, 0x0000, 0x0000, 0x0000, 0x0000, 0x0000, 0x0000, 0x0000, 0x0000, // 0x0D20 (3360) pixels
    0x0000, 0x0000, 0x0000, 0x0000, 0x0000, 0x0000, 0x0000, 0x0000, 0x0000, 0x0000, 0x0000, 0x0000, 0x0000, 0x0000, 0x0000, 0x0000, // 0x0D30 (3376) pixels
    0x0000, 0x0000, 0x0000, 0x0000, 0x0000, 0x0000, 0x0000, 0x0000, 0x0000, 0x0001, 0x0883, 0x10C4, 0x1928, 0x5AF0, 0xBDB5, 0xF796, // 0x0D40 (3392) pixels
    0xFFAD, 0xF707, 0xEEA0, 0xF6E0, 0xFEC0, 0xF5C5, 0xFC2C, 0xFB72, 0xFB95, 0xFC56, 0xFCB7, 0xF496, 0xFC75, 0xFC75, 0xFC55, 0xFC34, // 0x0D50 (3408) pixels
    0xFB71, 0xFB72, 0xFBD3, 0xFC35, 0xFBF5, 0xEAF1, 0x998A, 0x4083, 0x0000, 0x0000, 0x0000, 0x0000, 0x0000, 0x0000, 0x0000, 0x0000, // 0x0D60 (3424) pixels
    0x0000, 0x0000, 0x0000, 0x0000, 0x0000, 0x0000, 0x0000, 0x0000, 0x0040, 0x0000, 0x0800, 0x4101, 0xA343, 0xF627, 0xF6C9, 0x8C42, // 0x0D70 (3440) pixels
    0x1820, 0x6040, 0xA8C3, 0x9103, 0x3860, 0x0000, 0x0000, 0x0000, 0x0000, 0x0000, 0x0000, 0x0000, 0x0000, 0x0000, 0x0000, 0x0000, // 0x0D80 (3456) pixels
    0x0000, 0x0000, 0x0000, 0x0000, 0x0000, 0x0000, 0x0000, 0x0000, 0x0000, 0x0000, 0x0000, 0x0000, 0x0000, 0x0000, 0x0000, 0x0000, // 0x0D90 (3472) pixels
    0x0000, 0x0000, 0x0000, 0x0000, 0x0000, 0x0000, 0x0000, 0x0000, 0x0000, 0x0000, 0x0000, 0x0000, 0x0000, 0x0000, 0x0000, 0x0000, // 0x0DA0 (3488) pixels
    0x0000, 0x0000, 0x0000, 0x0000, 0x0000, 0x0000, 0x0000, 0x0000, 0x0000, 0x0000, 0x0000, 0x0000, 0x0000, 0x0000, 0x0000, 0x0000, // 0x0DB0 (3504) pixels
    0x0001, 0x1084, 0x2147, 0x2188, 0x1909, 0x318C, 0x8C4F, 0xE710, 0xFF84, 0xFF21, 0xF6A0, 0xFF00, 0xFF02, 0xFDC7, 0xFC0D, 0xFAF2, // 0x0DC0 (3520) pixels
    0xF373, 0xFC35, 0xFC97, 0xFC96, 0xFC56, 0xFC15, 0xFB93, 0xF311, 0xFAF0, 0xFB31, 0xFBB3, 0xFC35, 0xFBF5, 0xFAF1, 0xA98B, 0x4864, // 0x0DD0 (3536) pixels
    0x0000, 0x0000, 0x0000, 0x0000, 0x0000, 0x0000, 0x0000, 0x0000, 0x0000, 0x0000, 0x0000, 0x0000, 0x0000, 0x0000, 0x0000, 0x0000, // 0x0DE0 (3552) pixels
    0x0000, 0x2000, 0x68C2, 0xBB65, 0xF685, 0xFFC5, 0xCDE5, 0x6A61, 0x5840, 0xA124, 0xB165, 0x50C1, 0x0800, 0x0000, 0x0800, 0x0000, // 0x0DF0 (3568) pixels
    0x0000, 0x0000, 0x0000, 0x0000, 0x0000, 0x0000, 0x0000, 0x0000, 0x0000, 0x0000, 0x0000, 0x0000, 0x0000, 0x0000, 0x0000, 0x0000, // 0x0E00 (3584) pixels
    0x0000, 0x0000, 0x0000, 0x0000, 0x0000, 0x0000, 0x0000, 0x0000, 0x0000, 0x0000, 0x0000, 0x0000, 0x0000, 0x0000, 0x0000, 0x0000, // 0x0E10 (3600) pixels
    0x0000, 0x0000, 0x0000, 0x0000, 0x0000, 0x0000, 0x0000, 0x0000, 0x0000, 0x0000, 0x0000, 0x0000, 0x0000, 0x0000, 0x0000, 0x0000, // 0x0E20 (3616) pixels
    0x0000, 0x0000, 0x0000, 0x0000, 0x0000, 0x0000, 0x0000, 0x0000, 0x0821, 0x18C5, 0x29A8, 0x322B, 0x29AD, 0x210C, 0x5AC9, 0xB589, // 0x0E30 (3632) pixels
    0xF7A4, 0xFFC5, 0xFF04, 0xEE43, 0xD5A4, 0xCC68, 0xE34E, 0xF252, 0xFB12, 0xFB93, 0xFBF4, 0xF3D4, 0xFB73, 0xF2F1, 0xEA50, 0xEA2F, // 0x0E40 (3648) pixels
    0xF2B0, 0xFB11, 0xFBF4, 0xFC55, 0xFBF4, 0xFAD1, 0xA16A, 0x3843, 0x0000, 0x0000, 0x0000, 0x0000, 0x0000, 0x0000, 0x0000, 0x0000, // 0x0E50 (3664) pixels
    0x0000, 0x0000, 0x0000, 0x0000, 0x0000, 0x0000, 0x0000, 0x0841, 0x40C0, 0x91E4, 0xDB47, 0xFD47, 0xFF04, 0xEEC2, 0xCC63, 0xBA06, // 0x0E60 (3680) pixels
    0xC9C5, 0xD227, 0x8984, 0x2060, 0x0020, 0x0001, 0x0800, 0x0000, 0x0000, 0x0000, 0x0000, 0x0000, 0x0000, 0x0000, 0x0000, 0x0000, // 0x0E70 (3696) pixels
    0x0000, 0x0000, 0x0000, 0x0000, 0x0000, 0x0000, 0x0000, 0x0000, 0x0000, 0x0000, 0x0000, 0x0000, 0x0000, 0x0000, 0x0000, 0x0000, // 0x0E80 (3712) pixels
    0x0000, 0x0000, 0x0000, 0x0000, 0x0000, 0x0000, 0x0000, 0x0000, 0x0000, 0x0000, 0x0000, 0x0000, 0x0000, 0x0000, 0x0000, 0x0000, // 0x0E90 (3728) pixels
    0x0000, 0x0000, 0x0000, 0x0000, 0x0000, 0x0000, 0x0000, 0x0000, 0x0000, 0x0000, 0x0000, 0x0000, 0x0000, 0x0000, 0x0000, 0x0000, // 0x0EA0 (3744) pixels
    0x0820, 0x2126, 0x320A, 0x3A8C, 0x29AE, 0x104A, 0x3144, 0x8402, 0xD6C3, 0xFF48, 0xE5E6, 0x9BC0, 0x6A20, 0x69A1, 0xA9EB, 0xD1B0, // 0x0EB0 (3760) pixels
    0xF1EE, 0xEA2F, 0xDA4E, 0xD22E, 0xC9CD, 0xC94C, 0xD12C, 0xD98D, 0xEA6F, 0xFB11, 0xFC14, 0xF495, 0xFC14, 0xF2F2, 0xA18B, 0x3864, // 0x0EC0 (3776) pixels
    0x0000, 0x0000, 0x0000, 0x0000, 0x0000, 0x0000, 0x0000, 0x0000, 0x0000, 0x0000, 0x0000, 0x0000, 0x0000, 0x0000, 0x0820, 0x20E3, // 0x0ED0 (3792) pixels
    0xC2C4, 0xFCA9, 0xFD6A, 0xFD85, 0xEDE2, 0xED21, 0xEB64, 0xFA49, 0xFAA9, 0xCA26, 0x58C0, 0x0800, 0x0000, 0x0001, 0x0000, 0x0040, // 0x0EE0 (3808) pixels
    0x0000, 0x0000, 0x0000, 0x0000, 0x0000, 0x0000, 0x0000, 0x0000, 0x0000, 0x0000, 0x0000, 0x0000, 0x0000, 0x0000, 0x0000, 0x0000, // 0x0EF0 (3824) pixels
    0x0000, 0x0000, 0x0000, 0x0000, 0x0000, 0x0000, 0x0000, 0x0000, 0x0000, 0x0000, 0x0000, 0x0000, 0x0000, 0x0000, 0x0000, 0x0000, // 0x0F00 (3840) pixels
    0x0000, 0x0000, 0x0000, 0x0000, 0x0000, 0x0000, 0x0000, 0x0000, 0x0000, 0x0000, 0x0000, 0x0000, 0x0000, 0x0000, 0x0000, 0x0000, // 0x0F10 (3856) pixels
    0x0000, 0x0000, 0x0000, 0x0000, 0x0000, 0x0000, 0x0000, 0x0000, 0x0822, 0x2126, 0x3A4B, 0x42AD, 0x2A0A, 0x10E5, 0x1904, 0x4227, // 0x0F20 (3872) pixels
    0x9BC5, 0x93C6, 0x6AA5, 0x28E1, 0x1000, 0x1801, 0x40A5, 0x6189, 0x9129, 0x8929, 0x8928, 0x80C8, 0x68A6, 0x5065, 0x7046, 0xB0EA, // 0x0F30 (3888) pixels
    0xDA0F, 0xFAF3, 0xFBD5, 0xFC56, 0xFBF5, 0xF312, 0xA9AA, 0x4822, 0x0000, 0x0000, 0x0000, 0x0000, 0x0000, 0x0000, 0x0000, 0x0000, // 0x0F40 (3904) pixels
    0x0021, 0x0000, 0x0000, 0x0000, 0x1801, 0x3822, 0x70C1, 0xB223, 0xF567, 0xFDE6, 0xFDC4, 0xFCC3, 0xF365, 0xF268, 0xFA0C, 0xF18B, // 0x0F50 (3920) pixels
    0xD9CA, 0x68C3, 0x1040, 0x0020, 0x0020, 0x0020, 0x0000, 0x0000, 0x0801, 0x0001, 0x0020, 0x0020, 0x0820, 0x0801, 0x0001, 0x0002, // 0x0F60 (3936) pixels
    0x0020, 0x0020, 0x0000, 0x0000, 0x0001, 0x0000, 0x0000, 0x0000, 0x0000, 0x0000, 0x0000, 0x0000, 0x0000, 0x0000, 0x0000, 0x0000, // 0x0F70 (3952) pixels
    0x0000, 0x0000, 0x0000, 0x0000, 0x0000, 0x0000, 0x0000, 0x0000, 0x0000, 0x0000, 0x0000, 0x0000, 0x0000, 0x0000, 0x0000, 0x0000, // 0x0F80 (3968) pixels
    0x0000, 0x0000, 0x0000, 0x0000, 0x0000, 0x0000, 0x0000, 0x0000, 0x0000, 0x0000, 0x0000, 0x0000, 0x0000, 0x0000, 0x0000, 0x0000, // 0x0F90 (3984) pixels
    0x0842, 0x2947, 0x426C, 0x428C, 0x21A8, 0x0883, 0x0861, 0x18C2, 0x30C0, 0x3100, 0x18A0, 0x0000, 0x0000, 0x0800, 0x1801, 0x2042, // 0x0FA0 (4000) pixels
    0x3022, 0x2022, 0x2001, 0x2001, 0x1801, 0x0800, 0x3002, 0x88E8, 0xDA0F, 0xFB13, 0xFBD5, 0xFC56, 0xFC15, 0xE2F1, 0x9189, 0x3842, // 0x0FB0 (4016) pixels
    0x0000, 0x0000, 0x0000, 0x0000, 0x0000, 0x0000, 0x0000, 0x0000, 0x0000, 0x0040, 0x0020, 0x0800, 0x5062, 0xAA05, 0xE3A5, 0xFCE5, // 0x0FC0 (4032) pixels
    0xED85, 0xFD48, 0xFC6A, 0xFB0B, 0xF20C, 0xF1CE, 0xF1EF, 0xD16D, 0x7125, 0x2061, 0x0020, 0x0000, 0x0001, 0x0801, 0x0801, 0x1821, // 0x0FD0 (4048) pixels
    0x1002, 0x1000, 0x1840, 0x30A0, 0x40A1, 0x3040, 0x1000, 0x0000, 0x0000, 0x0000, 0x0000, 0x0000, 0x0000, 0x0000, 0x0800, 0x0801, // 0x0FE0 (4064) pixels
    0x0000, 0x0000, 0x0000, 0x0000, 0x0000, 0x0000, 0x0000, 0x0000, 0x0000, 0x0000, 0x0000, 0x0000, 0x0000, 0x0000, 0x0000, 0x0000, // 0x0FF0 (4080) pixels
    0x0000, 0x0000, 0x0000, 0x0000, 0x0000, 0x0000, 0x0000, 0x0000, 0x0000, 0x0000, 0x0000, 0x0000, 0x0000, 0x0000, 0x0000, 0x0000, // 0x1000 (4096) pixels
    0x0000, 0x0000, 0x0000, 0x0000, 0x0000, 0x0000, 0x0000, 0x0000, 0x1083, 0x31A8, 0x52AD, 0x426B, 0x1926, 0x0042, 0x0000, 0x0000, // 0x1010 (4112) pixels
    0x0000, 0x0000, 0x0000, 0x0001, 0x0001, 0x0021, 0x0000, 0x0000, 0x0000, 0x0020, 0x0000, 0x0000, 0x0000, 0x0000, 0x2843, 0x898A, // 0x1020 (4128) pixels
    0xE22F, 0xFB33, 0xFBF5, 0xFC56, 0xF3F4, 0xC28E, 0x6906, 0x2021, 0x0000, 0x0000, 0x0000, 0x0000, 0x0000, 0x0000, 0x0000, 0x0000, // 0x1030 (4144) pixels
    0x0800, 0x0001, 0x0021, 0x2821, 0x9123, 0xF365, 0xFD65, 0xFEC4, 0xFD66, 0xF449, 0xEA8C, 0xF1B0, 0xF9B3, 0xFA33, 0xEA11, 0xB92D, // 0x1040 (4160) pixels
    0x3821, 0x1800, 0x1822, 0x4064, 0x60A5, 0x7145, 0x71C4, 0x7A44, 0x6AC3, 0x7B02, 0x9B82, 0xB365, 0x9244, 0x50C1, 0x1800, 0x0020, // 0x1050 (4176) pixels
    0x0001, 0x0000, 0x0000, 0x0020, 0x0020, 0x0000, 0x0000, 0x0000, 0x0000, 0x0000, 0x0000, 0x0000, 0x0000, 0x0000, 0x0000, 0x0000, // 0x1060 (4192) pixels
    0x0000, 0x0000, 0x0000, 0x0000, 0x0000, 0x0000, 0x0000, 0x0000, 0x0000, 0x0000, 0x0000, 0x0000, 0x0000, 0x0000, 0x0000, 0x0000, // 0x1070 (4208) pixels
    0x0000, 0x0000, 0x0000, 0x0000, 0x0000, 0x0000, 0x0000, 0x0000, 0x0000, 0x0000, 0x0000, 0x0000, 0x0000, 0x0000, 0x0000, 0x0000, // 0x1080 (4224) pixels
    0x1083, 0x3187, 0x4A6B, 0x31C9, 0x0883, 0x0000, 0x0000, 0x0000, 0x0001, 0x0001, 0x0001, 0x0001, 0x0021, 0x0021, 0x0020, 0x0020, // 0x1090 (4240) pixels
    0x0000, 0x0020, 0x0020, 0x0000, 0x0000, 0x0000, 0x2822, 0x894A, 0xE250, 0xFB74, 0xFC15, 0xFC56, 0xE3B3, 0x91CA, 0x3842, 0x0000, // 0x10A0 (4256) pixels
    0x0000, 0x0000, 0x0000, 0x0000, 0x0000, 0x0000, 0x0000, 0x0000, 0x1001, 0x0000, 0x1040, 0x7182, 0xD2E7, 0xFC27, 0xFD25, 0xEE04, // 0x10B0 (4272) pixels
    0xFCAA, 0xFB6B, 0xF20E, 0xF9F2, 0xFA33, 0xF251, 0xD9CD, 0xB0E9, 0x80A4, 0x7864, 0x98C7, 0xC128, 0xE1C8, 0xF308, 0xF427, 0xF527, // 0x10C0 (4288) pixels
    0xEE07, 0xFE26, 0xFE46, 0xF546, 0xA2C3, 0x4080, 0x0800, 0x0002, 0x0000, 0x0001, 0x0001, 0x0001, 0x0001, 0x0000, 0x0820, 0x0000, // 0x10D0 (4304) pixels
    0x0820, 0x0000, 0x0000, 0x0000, 0x0000, 0x0000, 0x0000, 0x0000, 0x0000, 0x0000, 0x0000, 0x0000, 0x0000, 0x0000, 0x0000, 0x0000, // 0x10E0 (4320) pixels
    0x0000, 0x0000, 0x0000, 0x0000, 0x0000, 0x0000, 0x0000, 0x0000, 0x0000, 0x0000, 0x0000, 0x0000, 0x0000, 0x0000, 0x0000, 0x0000, // 0x10F0 (4336) pixels
    0x0000, 0x0000, 0x0000, 0x0000, 0x0000, 0x0000, 0x0000, 0x0000, 0x0841, 0x18C4, 0x2125, 0x18E4, 0x0021, 0x0000, 0x0000, 0x0000, // 0x1100 (4352) pixels
    0x0000, 0x0000, 0x0000, 0x0000, 0x0000, 0x0000, 0x0000, 0x0000, 0x0000, 0x0040, 0x0040, 0x0000, 0x0020, 0x0000, 0x3023, 0x914A, // 0x1110 (4368) pixels
    0xE230, 0xFB94, 0xFC36, 0xFC56, 0xDB72, 0x7948, 0x1800, 0x0000, 0x0000, 0x0000, 0x0000, 0x0000, 0x0000, 0x0000, 0x0000, 0x0000, // 0x1120 (4384) pixels
    0x0000, 0x1020, 0x5920, 0xBAA3, 0xFB68, 0xFB49, 0xF349, 0xEBA9, 0xF2CB, 0xFA6D, 0xF9F0, 0xF9F2, 0xF1D0, 0xD9CC, 0xDA2A, 0xD227, // 0x1130 (4400) pixels
    0xEA0C, 0xE96A, 0xF10A, 0xF8EA, 0xF929, 0xFA08, 0xFB06, 0xFBE6, 0xFC48, 0xFC46, 0xFC64, 0xEC44, 0xBB63, 0x7A62, 0x5202, 0x39C2, // 0x1140 (4416) pixels
    0x2120, 0x3980, 0x41A2, 0x4162, 0x3901, 0x5122, 0x6963, 0x6101, 0x20C3, 0x0820, 0x0000, 0x0000, 0x0020, 0x0000, 0x0000, 0x0000, // 0x1150 (4432) pixels
    0x0000, 0x0000, 0x0000, 0x0000, 0x0000, 0x0000, 0x0000, 0x0000, 0x0000, 0x0000, 0x0000, 0x0000, 0x0000, 0x0000, 0x0000, 0x0000, // 0x1160 (4448) pixels
    0x0000, 0x0000, 0x0000, 0x0000, 0x0000, 0x0000, 0x0000, 0x0000, 0x0000, 0x0000, 0x0000, 0x0000, 0x0000, 0x0000, 0x0000, 0x0000, // 0x1170 (4464) pixels
    0x0021, 0x0021, 0x0821, 0x0021, 0x0000, 0x0000, 0x0000, 0x0000, 0x0000, 0x0000, 0x0000, 0x0000, 0x0000, 0x0000, 0x0000, 0x0000, // 0x1180 (4480) pixels
    0x0800, 0x0000, 0x0000, 0x0000, 0x0000, 0x0801, 0x4865, 0xB18C, 0xE250, 0xF394, 0xFC36, 0xFC56, 0xDB51, 0x7127, 0x1800, 0x0020, // 0x1190 (4496) pixels
    0x0000, 0x0000, 0x0000, 0x0000, 0x0000, 0x0000, 0x0000, 0x0020, 0x2861, 0x79C3, 0xD305, 0xFB87, 0xFB2A, 0xF2AD, 0xF290, 0xFA90, // 0x11A0 (4512) pixels
    0xEA6F, 0xF9F1, 0xF932, 0xF0F1, 0xD92E, 0xD9EB, 0xEAC9, 0xEAC6, 0xF96B, 0xF8A9, 0xF84A, 0xF84A, 0xF029, 0xF869, 0xE8C9, 0xE169, // 0x11B0 (4528) pixels
    0xE92B, 0xE108, 0xE1A6, 0xF346, 0xFD07, 0xFE27, 0xEE46, 0xDDC3, 0xCDE4, 0xDE26, 0xE606, 0xF5A7, 0xF527, 0xFCA8, 0xE3A7, 0xBA23, // 0x11C0 (4544) pixels
    0x28C3, 0x0800, 0x0000, 0x0000, 0x0020, 0x0000, 0x0000, 0x0000, 0x0000, 0x0000, 0x0000, 0x0000, 0x0000, 0x0000, 0x0000, 0x0000, // 0x11D0 (4560) pixels
    0x0000, 0x0000, 0x0000, 0x0000, 0x0000, 0x0000, 0x0000, 0x0000, 0x0000, 0x0000, 0x0000, 0x0000, 0x0000, 0x0000, 0x0000, 0x0000, // 0x11E0 (4576) pixels
    0x0000, 0x0000, 0x0000, 0x0000, 0x0000, 0x0000, 0x0000, 0x0000, 0x0020, 0x0000, 0x0000, 0x0000, 0x0020, 0x0000, 0x0000, 0x0000, // 0x11F0 (4592) pixels
    0x0000, 0x0000, 0x0000, 0x0000, 0x0000, 0x0000, 0x0821, 0x0000, 0x0800, 0x0000, 0x0000, 0x0800, 0x0800, 0x2863, 0x8149, 0xE22F, // 0x1200 (4608) pixels
    0xF2B2, 0xF3B4, 0xFC35, 0xFC15, 0xDB11, 0x7127, 0x1821, 0x0020, 0x0000, 0x0000, 0x0000, 0x0000, 0x0000, 0x0000, 0x0000, 0x0841, // 0x1210 (4624) pixels
    0x7920, 0xCAE7, 0xFB89, 0xFB0A, 0xFAAD, 0xFAB1, 0xFA93, 0xF1F1, 0xE190, 0xE110, 0xE06E, 0xE10C, 0xE24A, 0xF349, 0xFB49, 0xFA26, // 0x1220 (4640) pixels
    0xE86A, 0xF008, 0xF869, 0xF90A, 0xF14A, 0xF929, 0xF129, 0xF16A, 0xE98A, 0xE169, 0xE1A7, 0xEB25, 0xFD44, 0xFEC2, 0xFF21, 0xFF01, // 0x1230 (4656) pixels
    0xFEE2, 0xFE81, 0xFDE2, 0xFD63, 0xECA5, 0xD3E5, 0xA2A4, 0x6920, 0x1821, 0x0800, 0x0000, 0x0000, 0x0000, 0x0000, 0x0000, 0x0000, // 0x1240 (4672) pixels
    0x0000, 0x0000, 0x0000, 0x0000, 0x0000, 0x0000, 0x0000, 0x0000, 0x0000, 0x0000, 0x0000, 0x0000, 0x0000, 0x0000, 0x0000, 0x0000, // 0x1250 (4688) pixels
    0x0000, 0x0000, 0x0000, 0x0000, 0x0000, 0x0000, 0x0000, 0x0000, 0x0000, 0x0000, 0x0000, 0x0000, 0x0000, 0x0000, 0x0000, 0x0000, // 0x1260 (4704) pixels
    0x0000, 0x0000, 0x0000, 0x0000, 0x0000, 0x0000, 0x0000, 0x0000, 0x0001, 0x0001, 0x0001, 0x0000, 0x0000, 0x0000, 0x0000, 0x0000, // 0x1270 (4720) pixels
    0x0000, 0x0020, 0x0020, 0x0000, 0x0800, 0x30C4, 0x91CB, 0xF291, 0xFB34, 0xFBF5, 0xFC35, 0xFBF5, 0xDAD0, 0x7107, 0x1800, 0x0000, // 0x1280 (4736) pixels
    0x0000, 0x0000, 0x0000, 0x0000, 0x0000, 0x0000, 0x0020, 0x0861, 0xA280, 0xE409, 0xFBCE, 0xF2CE, 0xFA70, 0xFA92, 0xFA51, 0xF1AF, // 0x1290 (4752) pixels
    0xD02D, 0xD00D, 0xD8AB, 0xEA89, 0xF426, 0xFC45, 0xFAA6, 0xF086, 0xE82B, 0xF009, 0xF8E9, 0xF249, 0xEAE7, 0xFAE6, 0xFB06, 0xFB87, // 0x12A0 (4768) pixels
    0xF425, 0xFC08, 0xFC09, 0xFCC7, 0xFE24, 0xFF01, 0xFF21, 0xFF43, 0xFE22, 0xFD82, 0xE442, 0xB2C2, 0x6920, 0x3040, 0x1062, 0x0021, // 0x12B0 (4784) pixels
    0x0800, 0x0800, 0x0800, 0x0000, 0x0000, 0x0000, 0x0000, 0x0000, 0x0000, 0x0000, 0x0000, 0x0000, 0x0000, 0x0000, 0x0000, 0x0000, // 0x12C0 (4800) pixels
    0x0000, 0x0000, 0x0000, 0x0000, 0x0000, 0x0000, 0x0000, 0x0000, 0x0000, 0x0000, 0x0000, 0x0000, 0x0000, 0x0000, 0x0000, 0x0000, // 0x12D0 (4816) pixels
    0x0000, 0x0000, 0x0000, 0x0000, 0x0000, 0x0000, 0x0000, 0x0000, 0x0000, 0x0000, 0x0000, 0x0000, 0x0000, 0x0000, 0x0000, 0x0000, // 0x12E0 (4832) pixels
    0x0000, 0x0000, 0x0000, 0x0000, 0x0000, 0x0000, 0x0000, 0x0000, 0x1000, 0x0000, 0x0020, 0x0000, 0x0800, 0x3802, 0x98E9, 0xEA10, // 0x12F0 (4848) pixels
    0xF394, 0xFC16, 0xFC36, 0xFBB4, 0xAA2C, 0x3883, 0x0000, 0x0000, 0x1001, 0x0000, 0x0020, 0x0000, 0x0001, 0x0000, 0x0800, 0x4060, // 0x1300 (4864) pixels
    0xCB03, 0xFBE9, 0xFBCF, 0xF2B0, 0xEA71, 0xFAD1, 0xF9F0, 0xE0AF, 0xD80E, 0xC84A, 0xD228, 0xF3C7, 0xFBA5, 0xFA04, 0xF8A7, 0xF80B, // 0x1310 (4880) pixels
    0xE809, 0xF00A, 0xF02A, 0xF929, 0xFA87, 0xFBA6, 0xFC05, 0xF426, 0xF4E6, 0xFCA6, 0xFCA6, 0xFCA6, 0xF4E5, 0xFD85, 0xFDC5, 0xFD62, // 0x1320 (4896) pixels
    0xFCC5, 0xFBC4, 0xEAC4, 0xA183, 0x3080, 0x0020, 0x0021, 0x0002, 0x0000, 0x0000, 0x0000, 0x0000, 0x0000, 0x0000, 0x0000, 0x0000, // 0x1330 (4912) pixels
    0x0000, 0x0000, 0x0000, 0x0000, 0x0000, 0x0000, 0x0000, 0x0000, 0x0000, 0x0000, 0x0000, 0x0000, 0x0000, 0x0000, 0x0000, 0x0000, // 0x1340 (4928) pixels
    0x0000, 0x0000, 0x0000, 0x0000, 0x0000, 0x0000, 0x0000, 0x0000, 0x0000, 0x0000, 0x0000, 0x0000, 0x0000, 0x0000, 0x0000, 0x0000, // 0x1350 (4944) pixels
    0x0000, 0x0000, 0x0000, 0x0000, 0x0000, 0x0000, 0x0000, 0x0000, 0x0000, 0x0000, 0x0000, 0x0000, 0x0000, 0x0000, 0x0000, 0x0000, // 0x1360 (4960) pixels
    0x0800, 0x0000, 0x0040, 0x0020, 0x1001, 0x60A6, 0xC1EE, 0xFAF3, 0xFBD6, 0xFC37, 0xFBD5, 0xD28F, 0x70E6, 0x1800, 0x0000, 0x0000, // 0x1370 (4976) pixels
    0x0000, 0x0000, 0x0020, 0x0000, 0x0001, 0x0840, 0x4941, 0xA284, 0xDB66, 0xFB8B, 0xFB50, 0xFAD1, 0xF290, 0xE1CE, 0xD0CD, 0xC80D, // 0x1380 (4992) pixels
    0xE06D, 0xEA2A, 0xFBE8, 0xFC07, 0xFA88, 0xF0C9, 0xF029, 0xE808, 0xE808, 0xE809, 0xE80A, 0xE849, 0xF148, 0xFA49, 0xFAEA, 0xFB2C, // 0x1390 (5008) pixels
    0xF329, 0xFB09, 0xFAE8, 0xFAC7, 0xFAE5, 0xFB25, 0xEBA5, 0xE3C5, 0xFAE7, 0xF266, 0xC9C5, 0x80E3, 0x2020, 0x0000, 0x0020, 0x0000, // 0x13A0 (5024) pixels
    0x0000, 0x0000, 0x0000, 0x0000, 0x0000, 0x0000, 0x0000, 0x0000, 0x0000, 0x0000, 0x0000, 0x0000, 0x0000, 0x0000, 0x0000, 0x0000, // 0x13B0 (5040) pixels
    0x0000, 0x0000, 0x0000, 0x0000, 0x0000, 0x0000, 0x0000, 0x0000, 0x0000, 0x0000, 0x0000, 0x0000, 0x0000, 0x0000, 0x0000, 0x0000, // 0x13C0 (5056) pixels
    0x0000, 0x0000, 0x0000, 0x0000, 0x0000, 0x0000, 0x0000, 0x0000, 0x0000, 0x0000, 0x0000, 0x0000, 0x0000, 0x0000, 0x0000, 0x0000, // 0x13D0 (5072) pixels
    0x0000, 0x0000, 0x0000, 0x0000, 0x0000, 0x0000, 0x0000, 0x0000, 0x0000, 0x0000, 0x0000, 0x0000, 0x1800, 0x80C8, 0xE290, 0xFB54, // 0x13E0 (5088) pixels
    0xFC16, 0xFC37, 0xF333, 0xA96A, 0x4022, 0x0000, 0x0000, 0x0800, 0x0000, 0x0000, 0x0000, 0x0001, 0x0000, 0x1040, 0x8222, 0xF428, // 0x13F0 (5104) pixels
    0xF369, 0xFAEE, 0xFA71, 0xFA70, 0xF20F, 0xC8AC, 0xB80B, 0xC82C, 0xE9E9, 0xFBC8, 0xFCA6, 0xFB46, 0xF109, 0xF80C, 0xF82A, 0xF0C6, // 0x1400 (5120) pixels
    0xF967, 0xF969, 0xE929, 0xD908, 0xE188, 0xF209, 0xFA4A, 0xFA4A, 0xF26B, 0xF28B, 0xFA69, 0xFA28, 0xE185, 0xB0C2, 0x8082, 0x60C4, // 0x1410 (5136) pixels
    0x7061, 0x6862, 0x5883, 0x3062, 0x0800, 0x0000, 0x0800, 0x0800, 0x0000, 0x0000, 0x0000, 0x0000, 0x0000, 0x0000, 0x0000, 0x0000, // 0x1420 (5152) pixels
    0x0000, 0x0000, 0x0000, 0x0000, 0x0000, 0x0000, 0x0000, 0x0000, 0x0000, 0x0000, 0x0000, 0x0000, 0x0000, 0x0000, 0x0000, 0x0000, // 0x1430 (5168) pixels
    0x0000, 0x0000, 0x0000, 0x0000, 0x0000, 0x0000, 0x0000, 0x0000, 0x0000, 0x0000, 0x0000, 0x0000, 0x0000, 0x0000, 0x0000, 0x0000, // 0x1440 (5184) pixels
    0x0000, 0x0000, 0x0000, 0x0000, 0x0000, 0x0000, 0x0000, 0x0000, 0x0000, 0x0000, 0x0000, 0x0000, 0x0000, 0x0000, 0x0000, 0x0000, // 0x1450 (5200) pixels
    0x0020, 0x0000, 0x0000, 0x0000, 0x3001, 0xA10A, 0xF2B2, 0xFB74, 0xFC16, 0xFBB5, 0xD22F, 0x7886, 0x2000, 0x0020, 0x0020, 0x0000, // 0x1460 (5216) pixels
    0x0000, 0x0000, 0x0000, 0x0001, 0x0000, 0x2040, 0x9A41, 0xFC25, 0xFB6B, 0xFAD0, 0xF9F2, 0xF9AF, 0xE0ED, 0xB80C, 0xC02C, 0xE98B, // 0x1470 (5232) pixels
    0xF3C6, 0xFC47, 0xFB85, 0xE985, 0xF008, 0xF80A, 0xF849, 0xF8E6, 0xFAA7, 0xFAE7, 0xF327, 0xF366, 0xF3E7, 0xFC07, 0xF385, 0xF345, // 0x1480 (5248) pixels
    0xEC07, 0xFCA9, 0xFD2A, 0xFD09, 0xDBE6, 0x89E2, 0x3020, 0x1001, 0x0800, 0x0000, 0x0040, 0x0021, 0x0000, 0x0800, 0x0800, 0x0000, // 0x1490 (5264) pixels
    0x0000, 0x0000, 0x0000, 0x0000, 0x0000, 0x0000, 0x0000, 0x0000, 0x0000, 0x0000, 0x0000, 0x0000, 0x0000, 0x0000, 0x0000, 0x0000, // 0x14A0 (5280) pixels
    0x0000, 0x0000, 0x0000, 0x0000, 0x0000, 0x0000, 0x0000, 0x0000, 0x0000, 0x0000, 0x0000, 0x0000, 0x0000, 0x0000, 0x0000, 0x0000, // 0x14B0 (5296) pixels
    0x0000, 0x0000, 0x0000, 0x0000, 0x0000, 0x0000, 0x0000, 0x0000, 0x0000, 0x0000, 0x0000, 0x0000, 0x0000, 0x0000, 0x0000, 0x0000, // 0x14C0 (5312) pixels
    0x0000, 0x0000, 0x0000, 0x0000, 0x0000, 0x0000, 0x0000, 0x0000, 0x0020, 0x0000, 0x0800, 0x1842, 0x6085, 0xC9AD, 0xFB34, 0xFBF5, // 0x14D0 (5328) pixels
    0xFC16, 0xF333, 0xA94A, 0x4802, 0x0800, 0x0020, 0x0020, 0x0000, 0x0000, 0x0000, 0x0001, 0x0001, 0x1000, 0x50E0, 0xBAE2, 0xFC24, // 0x14E0 (5344) pixels
    0xFB6E, 0xFAB2, 0xF9B2, 0xE8EF, 0xC82D, 0xB80D, 0xD14C, 0xFB2A, 0xFD47, 0xFC27, 0xF227, 0xE888, 0xF809, 0xF80A, 0xF829, 0xF889, // 0x14F0 (5360) pixels
    0xFA09, 0xFAC8, 0xFBA7, 0xFCA6, 0xFD26, 0xFD05, 0xFCE4, 0xFD05, 0xEE43, 0xFEE4, 0xFF45, 0xFF44, 0xE6E3, 0xBD63, 0x8B23, 0x69A3, // 0x1500 (5376) pixels
    0x6924, 0x38A2, 0x0840, 0x0000, 0x0001, 0x0801, 0x0000, 0x0020, 0x0000, 0x0000, 0x0000, 0x0000, 0x0000, 0x0000, 0x0000, 0x0000, // 0x1510 (5392) pixels
    0x0000, 0x0000, 0x0000, 0x0000, 0x0000, 0x0000, 0x0000, 0x0000, 0x0000, 0x0000, 0x0000, 0x0000, 0x0000, 0x0000, 0x0000, 0x0000, // 0x1520 (5408) pixels
    0x0000, 0x0000, 0x0000, 0x0000, 0x0000, 0x0000, 0x0000, 0x0000, 0x0000, 0x0000, 0x0000, 0x0000, 0x0000, 0x0000, 0x0000, 0x0000, // 0x1530 (5424) pixels
    0x0000, 0x0000, 0x0000, 0x0000, 0x0000, 0x0000, 0x0000, 0x0000, 0x0000, 0x0000, 0x0000, 0x0000, 0x0000, 0x0000, 0x0000, 0x0000, // 0x1540 (5440) pixels
    0x0020, 0x0000, 0x0000, 0x3022, 0x88E8, 0xE20F, 0xFB95, 0xFC76, 0xFC16, 0xE2D1, 0x88C8, 0x3001, 0x0020, 0x0020, 0x0000, 0x0800, // 0x1550 (5456) pixels
    0x0000, 0x0000, 0x0000, 0x0000, 0x3881, 0x9A25, 0xEBE7, 0xFCC7, 0xFB2E, 0xF20F, 0xE8F0, 0xD84E, 0xC00C, 0xC0AB, 0xE269, 0xFC07, // 0x1560 (5472) pixels
    0xFC67, 0xFAE7, 0xF128, 0xF84A, 0xF82B, 0xF00B, 0xE80A, 0xE82B, 0xE86B, 0xF14A, 0xFA69, 0xFB47, 0xFB86, 0xF3A5, 0xFC46, 0xFD29, // 0x1570 (5488) pixels
    0xFF44, 0xFF64, 0xFF62, 0xFF80, 0xFFE1, 0xFF44, 0xFD65, 0xE384, 0xB1A7, 0x68C3, 0x2000, 0x0000, 0x0000, 0x0801, 0x0001, 0x0020, // 0x1580 (5504) pixels
    0x0000, 0x0000, 0x0000, 0x0000, 0x0000, 0x0000, 0x0000, 0x0000, 0x0000, 0x0000, 0x0000, 0x0000, 0x0000, 0x0000, 0x0000, 0x0000, // 0x1590 (5520) pixels
    0x0000, 0x0000, 0x0000, 0x0000, 0x0000, 0x0000, 0x0000, 0x0000, 0x0000, 0x0000, 0x0000, 0x0000, 0x0000, 0x0000, 0x0000, 0x0000, // 0x15A0 (5536) pixels
    0x0000, 0x0000, 0x0000, 0x0000, 0x0000, 0x0000, 0x0000, 0x0000, 0x0000, 0x0000, 0x0000, 0x0000, 0x0000, 0x0000, 0x0000, 0x0000, // 0x15B0 (5552) pixels
    0x0000, 0x0000, 0x0000, 0x0000, 0x0000, 0x0000, 0x0000, 0x0000, 0x0820, 0x0000, 0x0000, 0x4003, 0xA10A, 0xF271, 0xFBB5, 0xF496, // 0x15C0 (5568) pixels
    0xFBF6, 0xD290, 0x70A6, 0x1801, 0x0060, 0x0020, 0x0000, 0x0000, 0x0000, 0x0000, 0x0000, 0x0800, 0x50A1, 0xCA88, 0xFC2A, 0xFCE9, // 0x15D0 (5584) pixels
    0xF2EE, 0xE16D, 0xD02D, 0xD00C, 0xD089, 0xE228, 0xFBA8, 0xF3E6, 0xE9E7, 0xE107, 0xE848, 0xF029, 0xF869, 0xF0A9, 0xE8E9, 0xE0EA, // 0x15E0 (5600) pixels
    0xE8AA, 0xE909, 0xF169, 0xF188, 0xF1A9, 0xF1C8, 0xF268, 0xFB48, 0xF506, 0xFD46, 0xFD85, 0xFDE3, 0xFE23, 0xFDA4, 0xD3E4, 0xA9E1, // 0x15F0 (5616) pixels
    0x5882, 0x3040, 0x0000, 0x0020, 0x0020, 0x0020, 0x0000, 0x0000, 0x0000, 0x0000, 0x0000, 0x0000, 0x0000, 0x0000, 0x0000, 0x0000, // 0x1600 (5632) pixels
    0x0000, 0x0000, 0x0000, 0x0000, 0x0000, 0x0000, 0x0000, 0x0000, 0x0000, 0x0000, 0x0000, 0x0000, 0x0000, 0x0000, 0x0000, 0x0000, // 0x1610 (5648) pixels
    0x0000, 0x0000, 0x0000, 0x0000, 0x0000, 0x0000, 0x0000, 0x0000, 0x0000, 0x0000, 0x0000, 0x0000, 0x0000, 0x0000, 0x0000, 0x0000, // 0x1620 (5664) pixels
    0x0000, 0x0000, 0x0000, 0x0000, 0x0000, 0x0000, 0x0000, 0x0000, 0x0000, 0x0000, 0x0000, 0x0000, 0x0000, 0x0000, 0x0000, 0x0000, // 0x1630 (5680) pixels
    0x0800, 0x0020, 0x0821, 0x5865, 0xC9AD, 0xFB13, 0xFC16, 0xF4B7, 0xFBF6, 0xCA4F, 0x5844, 0x0800, 0x0040, 0x0000, 0x0000, 0x0000, // 0x1640 (5696) pixels
    0x0000, 0x0000, 0x0020, 0x0800, 0x5860, 0xDA27, 0xFBAA, 0xEC48, 0xFB30, 0xD96E, 0xC80D, 0xC80B, 0xE148, 0xFBA7, 0xFC88, 0xE386, // 0x1650 (5712) pixels
    0xF8A9, 0xE829, 0xE80A, 0xF869, 0xF927, 0xFA27, 0xFAA9, 0xF2A9, 0xFACA, 0xFA89, 0xF1E8, 0xF16A, 0xF92C, 0xF12B, 0xD906, 0xC902, // 0x1660 (5728) pixels
    0xB121, 0xA962, 0xA9E1, 0xA220, 0xA240, 0x9A41, 0x6983, 0x3043, 0x0000, 0x0000, 0x0021, 0x0021, 0x0000, 0x0000, 0x0000, 0x0000, // 0x1670 (5744) pixels
    0x0000, 0x0000, 0x0000, 0x0000, 0x0000, 0x0000, 0x0000, 0x0000, 0x0000, 0x0000, 0x0000, 0x0000, 0x0000, 0x0000, 0x0000, 0x0000, // 0x1680 (5760) pixels
    0x0000, 0x0000, 0x0000, 0x0000, 0x0000, 0x0000, 0x0000, 0x0000, 0x0000, 0x0000, 0x0000, 0x0000, 0x0000, 0x0000, 0x0000, 0x0000, // 0x1690 (5776) pixels
    0x0000, 0x0000, 0x0000, 0x0000, 0x0000, 0x0000, 0x0000, 0x0000, 0x0000, 0x0000, 0x0000, 0x0000, 0x0000, 0x0000, 0x0000, 0x0000, // 0x16A0 (5792) pixels
    0x0000, 0x0000, 0x0000, 0x0000, 0x0000, 0x0000, 0x0000, 0x0000, 0x0000, 0x0000, 0x3823, 0xA90B, 0xFA51, 0xFB54, 0xFC55, 0xFCD6, // 0x16B0 (5808) pixels
    0xFC56, 0x9A4C, 0x2022, 0x0020, 0x0020, 0x0020, 0x0000, 0x0800, 0x0800, 0x0000, 0x0020, 0x0000, 0x4821, 0xC1A7, 0xFA6B, 0xFA6B, // 0x16C0 (5824) pixels
    0xF190, 0xD8AD, 0xC80C, 0xD0AA, 0xEAC8, 0xFCC7, 0xFC68, 0xFAC9, 0xF869, 0xF028, 0xF028, 0xF068, 0xF928, 0xFA67, 0xFC07, 0xFD27, // 0x16D0 (5840) pixels
    0xFDC5, 0xFDE6, 0xF4E4, 0xEC05, 0xFB89, 0xF2CA, 0xD9C8, 0xB925, 0x90E0, 0x7902, 0x4082, 0x1800, 0x1020, 0x1020, 0x0800, 0x0800, // 0x16E0 (5856) pixels
    0x0000, 0x0000, 0x0000, 0x0000, 0x0000, 0x0000, 0x0000, 0x0000, 0x0000, 0x0000, 0x0000, 0x0000, 0x0000, 0x0000, 0x0000, 0x0000, // 0x16F0 (5872) pixels
    0x0000, 0x0000, 0x0000, 0x0000, 0x0000, 0x0000, 0x0000, 0x0000, 0x0000, 0x0000, 0x0000, 0x0000, 0x0000, 0x0000, 0x0000, 0x0000, // 0x1700 (5888) pixels
    0x0000, 0x0000, 0x0000, 0x0000, 0x0000, 0x0000, 0x0000, 0x0000, 0x0000, 0x0000, 0x0000, 0x0000, 0x0000, 0x0000, 0x0000, 0x0000, // 0x1710 (5904) pixels
    0x0000, 0x0000, 0x0000, 0x0000, 0x0000, 0x0000, 0x0000, 0x0000, 0x0000, 0x0000, 0x0000, 0x0000, 0x0000, 0x0000, 0x0000, 0x0000, // 0x1720 (5920) pixels
    0x0000, 0x0821, 0x4084, 0xB16C, 0xFA51, 0xFB53, 0xFC55, 0xFCD6, 0xF3F4, 0x922B, 0x2022, 0x0000, 0x0000, 0x0000, 0x0000, 0x0000, // 0x1730 (5936) pixels
    0x0020, 0x0000, 0x0000, 0x1000, 0x5842, 0xC968, 0xF9AB, 0xF90A, 0xD8CC, 0xC00B, 0xC00B, 0xE18A, 0xFB87, 0xFC25, 0xF306, 0xE969, // 0x1740 (5952) pixels
    0xF809, 0xF809, 0xF00A, 0xF009, 0xF048, 0xF928, 0xFA69, 0xFB6A, 0xFD85, 0xFE65, 0xFEA3, 0xF682, 0xFE64, 0xFDE5, 0xFD65, 0xF4C4, // 0x1750 (5968) pixels
    0xFC04, 0xD3C6, 0x6A03, 0x1820, 0x0000, 0x0000, 0x0000, 0x0800, 0x0000, 0x0000, 0x0000, 0x0000, 0x0000, 0x0000, 0x0000, 0x0000, // 0x1760 (5984) pixels
    0x0000, 0x0000, 0x0000, 0x0000, 0x0000, 0x0000, 0x0000, 0x0000, 0x0000, 0x0000, 0x0000, 0x0000, 0x0000, 0x0000, 0x0000, 0x0000, // 0x1770 (6000) pixels
    0x0000, 0x0000, 0x0000, 0x0000, 0x0000, 0x0000, 0x0000, 0x0000, 0x0000, 0x0000, 0x0000, 0x0000, 0x0000, 0x0000, 0x0000, 0x0000, // 0x1780 (6016) pixels
    0x0000, 0x0000, 0x0000, 0x0000, 0x0000, 0x0000, 0x0000, 0x0000, 0x0000, 0x0000, 0x0000, 0x0000, 0x0000, 0x0000, 0x0000, 0x0000, // 0x1790 (6032) pixels
    0x0000, 0x0000, 0x0000, 0x0000, 0x0000, 0x0000, 0x0000, 0x0000, 0x0000, 0x0821, 0x4085, 0xB18C, 0xFA71, 0xFB54, 0xFC55, 0xFCD6, // 0x17A0 (6048) pixels
    0xF3F4, 0x922B, 0x2021, 0x0000, 0x0000, 0x0800, 0x0000, 0x0020, 0x0020, 0x1801, 0x5065, 0x78E7, 0xB18A, 0xEA6E, 0xFA0F, 0xF12D, // 0x17B0 (6064) pixels
    0xC84C, 0xC00B, 0xD0AB, 0xF2EA, 0xFC27, 0xFB25, 0xE167, 0xD829, 0xF008, 0xF0AA, 0xF92B, 0xF10A, 0xE8E8, 0xF107, 0xF1A7, 0xFA28, // 0x17C0 (6080) pixels
    0xF364, 0xFCC3, 0xF661, 0xF781, 0xF7C1, 0xF742, 0xF6C4, 0xF623, 0xFCC3, 0xDC25, 0x6A23, 0x1020, 0x0001, 0x0001, 0x0000, 0x0800, // 0x17D0 (6096) pixels
    0x0000, 0x0000, 0x0000, 0x0000, 0x0000, 0x0000, 0x0000, 0x0000, 0x0000, 0x0000, 0x0000, 0x0000, 0x0000, 0x0000, 0x0000, 0x0000, // 0x17E0 (6112) pixels
    0x0000, 0x0000, 0x0000, 0x0000, 0x0000, 0x0000, 0x0000, 0x0000, 0x0000, 0x0000, 0x0000, 0x0000, 0x0000, 0x0000, 0x0000, 0x0000, // 0x17F0 (6128) pixels
    0x0000, 0x0000, 0x0000, 0x0000, 0x0000, 0x0000, 0x0000, 0x0000, 0x0000, 0x0000, 0x0000, 0x0000, 0x0000, 0x0000, 0x0000, 0x0000, // 0x1800 (6144) pixels
    0x0000, 0x0000, 0x0000, 0x0000, 0x0000, 0x0000, 0x0000, 0x0000, 0x0000, 0x0000, 0x0000, 0x0000, 0x0000, 0x0000, 0x0000, 0x0000, // 0x1810 (6160) pixels
    0x0000, 0x0000, 0x3864, 0xA96B, 0xFA71, 0xFB74, 0xFC55, 0xFCB6, 0xFC76, 0xAACE, 0x3083, 0x0000, 0x0000, 0x0020, 0x0000, 0x0000, // 0x1820 (6176) pixels
    0x2802, 0x78C8, 0xC1EE, 0xE2B0, 0xF352, 0xFBB4, 0xFAD3, 0xE1B1, 0xC00D, 0xD06C, 0xE9EA, 0xFBC8, 0xFBC7, 0xF207, 0xE889, 0xE80B, // 0x1830 (6192) pixels
    0xE926, 0xF208, 0xFAE9, 0xFB48, 0xF346, 0xF365, 0xF385, 0xEBA4, 0xEBC5, 0xF4C4, 0xFE23, 0xFF43, 0xFF03, 0xF5E3, 0xF4C3, 0xEBA2, // 0x1840 (6208) pixels
    0xCA62, 0x91C2, 0x38A1, 0x0001, 0x0022, 0x0001, 0x0000, 0x0800, 0x0000, 0x0000, 0x0000, 0x0000, 0x0000, 0x0000, 0x0000, 0x0000, // 0x1850 (6224) pixels
    0x0000, 0x0000, 0x0000, 0x0000, 0x0000, 0x0000, 0x0000, 0x0000, 0x0000, 0x0000, 0x0000, 0x0000, 0x0000, 0x0000, 0x0000, 0x0000, // 0x1860 (6240) pixels
    0x0000, 0x0000, 0x0000, 0x0000, 0x0000, 0x0000, 0x0000, 0x0000, 0x0000, 0x0000, 0x0000, 0x0000, 0x0000, 0x0000, 0x0000, 0x0000, // 0x1870 (6256) pixels
    0x0000, 0x0000, 0x0000, 0x0000, 0x0000, 0x0000, 0x0000, 0x0000, 0x0000, 0x0000, 0x0000, 0x0000, 0x0000, 0x0000, 0x0000, 0x0000, // 0x1880 (6272) pixels
    0x0000, 0x0000, 0x0000, 0x0000, 0x0000, 0x0000, 0x0000, 0x0000, 0x0000, 0x0020, 0x3864, 0xA98B, 0xFA92, 0xFB74, 0xFC35, 0xFC75, // 0x1890 (6288) pixels
    0xFCB7, 0xCBB2, 0x6188, 0x1862, 0x0020, 0x0020, 0x0800, 0x3863, 0xA12A, 0xE250, 0xFB54, 0xFBF5, 0xF455, 0xF3D4, 0xE232, 0xC8AF, // 0x18A0 (6304) pixels
    0xB80D, 0xE12C, 0xFAE8, 0xF385, 0xEA66, 0xE8CA, 0xF02B, 0xF84B, 0xF1E8, 0xFAA8, 0xFB87, 0xF406, 0xFCA5, 0xFD65, 0xFDE5, 0xFE05, // 0x18B0 (6320) pixels
    0xEE64, 0xF6C3, 0xFEE3, 0xFE84, 0xFD24, 0xF384, 0xFA84, 0xF983, 0x80E4, 0x4802, 0x1001, 0x0001, 0x0020, 0x0000, 0x0000, 0x0020, // 0x18C0 (6336) pixels
    0x0000, 0x0000, 0x0000, 0x0000, 0x0000, 0x0000, 0x0000, 0x0000, 0x0000, 0x0000, 0x0000, 0x0000, 0x0000, 0x0000, 0x0000, 0x0000, // 0x18D0 (6352) pixels
    0x0000, 0x0000, 0x0000, 0x0000, 0x0000, 0x0000, 0x0000, 0x0000, 0x0000, 0x0000, 0x0000, 0x0000, 0x0000, 0x0000, 0x0000, 0x0000, // 0x18E0 (6368) pixels
    0x0000, 0x0000, 0x0000, 0x0000, 0x0000, 0x0000, 0x0000, 0x0000, 0x0000, 0x0000, 0x0000, 0x0000, 0x0000, 0x0000, 0x0000, 0x0000, // 0x18F0 (6384) pixels
    0x0000, 0x0000, 0x0000, 0x0000, 0x0000, 0x0000, 0x0000, 0x0000, 0x0000, 0x0000, 0x0000, 0x0000, 0x0000, 0x0000, 0x0000, 0x0000, // 0x1900 (6400) pixels
    0x0000, 0x0040, 0x38A4, 0xA9AC, 0xFAB1, 0xFB73, 0xFC14, 0xFC54, 0xFCB7, 0xEC34, 0xA26D, 0x48C5, 0x1000, 0x1801, 0x4843, 0x918A, // 0x1910 (6416) pixels
    0xEB12, 0xFBB5, 0xFC16, 0xFC56, 0xFC55, 0xF333, 0xD94F, 0xB80C, 0xC84B, 0xF22B, 0xFB67, 0xF2A5, 0xE107, 0xE80B, 0xF00B, 0xF048, // 0x1920 (6432) pixels
    0xF9AB, 0xFA4A, 0xFAE8, 0xF366, 0xFC05, 0xFCC5, 0xFD66, 0xFD86, 0xFE43, 0xFE64, 0xFDA4, 0xE443, 0xB282, 0xA183, 0xA965, 0xA145, // 0x1930 (6448) pixels
    0x5083, 0x2801, 0x0800, 0x0000, 0x0000, 0x0000, 0x0000, 0x0001, 0x0000, 0x0000, 0x0000, 0x0000, 0x0000, 0x0000, 0x0000, 0x0000, // 0x1940 (6464) pixels
    0x0000, 0x0000, 0x0000, 0x0000, 0x0000, 0x0000, 0x0000, 0x0000, 0x0000, 0x0000, 0x0000, 0x0000, 0x0000, 0x0000, 0x0000, 0x0000, // 0x1950 (6480) pixels
    0x0000, 0x0000, 0x0000, 0x0000, 0x0000, 0x0000, 0x0000, 0x0000, 0x0000, 0x0000, 0x0000, 0x0000, 0x0000, 0x0000, 0x0000, 0x0000, // 0x1960 (6496) pixels
    0x0000, 0x0000, 0x0000, 0x0000, 0x0000, 0x0000, 0x0000, 0x0000, 0x0000, 0x0000, 0x0000, 0x0000, 0x0000, 0x0000, 0x0000, 0x0000, // 0x1970 (6512) pixels
    0x0000, 0x0000, 0x0000, 0x0000, 0x0000, 0x0000, 0x0000, 0x0000, 0x0000, 0x0020, 0x3083, 0xA18B, 0xF291, 0xFB73, 0xFC14, 0xFC34, // 0x1980 (6528) pixels
    0xFC96, 0xFC35, 0xDB11, 0xA1AB, 0x78C7, 0x8108, 0xA18B, 0xDAB0, 0xF414, 0xFC77, 0xFC77, 0xFC77, 0xFBF4, 0xEA30, 0xD0AC, 0xB00C, // 0x1990 (6544) pixels
    0xE169, 0xFAE9, 0xFB48, 0xF1C8, 0xE86A, 0xF00B, 0xF029, 0xF066, 0xF90A, 0xF9AA, 0xFA6A, 0xFAC8, 0xF2E7, 0xF306, 0xF346, 0xEB46, // 0x19A0 (6560) pixels
    0xF326, 0xF2E5, 0xD203, 0x9902, 0x5801, 0x2800, 0x1821, 0x1040, 0x1840, 0x0800, 0x0000, 0x0020, 0x0000, 0x0000, 0x0000, 0x0000, // 0x19B0 (6576) pixels
    0x0000, 0x0000, 0x0000, 0x0000, 0x0000, 0x0000, 0x0000, 0x0000, 0x0000, 0x0000, 0x0000, 0x0000, 0x0000, 0x0000, 0x0000, 0x0000, // 0x19C0 (6592) pixels
    0x0000, 0x0000, 0x0000, 0x0000, 0x0000, 0x0000, 0x0000, 0x0000, 0x0000, 0x0000, 0x0000, 0x0000, 0x0000, 0x0000, 0x0000, 0x0000, // 0x19D0 (6608) pixels
    0x0000, 0x0000, 0x0000, 0x0000, 0x0000, 0x0000, 0x0000, 0x0000, 0x0000, 0x0000, 0x0000, 0x0000, 0x0000, 0x0000, 0x0000, 0x0000, // 0x19E0 (6624) pixels
    0x0000, 0x0000, 0x0000, 0x0000, 0x0000, 0x0000, 0x0000, 0x0000, 0x0000, 0x0000, 0x0000, 0x0000, 0x0000, 0x0000, 0x0000, 0x0000, // 0x19F0 (6640) pixels
    0x0000, 0x0000, 0x2021, 0x9129, 0xF270, 0xFB73, 0xFC35, 0xFC55, 0xFC96, 0xFC35, 0xFB94, 0xFB12, 0xF270, 0xFAD2, 0xF2F2, 0xFB53, // 0x1A00 (6656) pixels
    0xFBF4, 0xFC97, 0xF4B7, 0xF496, 0xEB52, 0xC90B, 0xB809, 0xB84C, 0xF206, 0xF2E7, 0xEAA9, 0xE90A, 0xF82C, 0xF86B, 0xF8A9, 0xF087, // 0x1A10 (6672) pixels
    0xE086, 0xF168, 0xFA8A, 0xFACA, 0xFA89, 0xF248, 0xF229, 0xF249, 0xF1AA, 0xD8E7, 0xB845, 0x9845, 0x6865, 0x2802, 0x0020, 0x0040, // 0x1A20 (6688) pixels
    0x0020, 0x0020, 0x0001, 0x0001, 0x0800, 0x0800, 0x0000, 0x0000, 0x0000, 0x0000, 0x0000, 0x0000, 0x0000, 0x0000, 0x0000, 0x0000, // 0x1A30 (6704) pixels
    0x0000, 0x0000, 0x0000, 0x0000, 0x0000, 0x0000, 0x0000, 0x0000, 0x0000, 0x0000, 0x0000, 0x0000, 0x0000, 0x0000, 0x0000, 0x0000, // 0x1A40 (6720) pixels
    0x0000, 0x0000, 0x0000, 0x0000, 0x0000, 0x0000, 0x0000, 0x0000, 0x0000, 0x0000, 0x0000, 0x0000, 0x0000, 0x0000, 0x0000, 0x0000, // 0x1A50 (6736) pixels
    0x0000, 0x0000, 0x0000, 0x0000, 0x0000, 0x0000, 0x0000, 0x0000, 0x0000, 0x0000, 0x0000, 0x0000, 0x0000, 0x0000, 0x0000, 0x0000, // 0x1A60 (6752) pixels
    0x0000, 0x0000, 0x0000, 0x0000, 0x0000, 0x0000, 0x0000, 0x0000, 0x0800, 0x0000, 0x1800, 0x8908, 0xEA70, 0xFB53, 0xFC15, 0xFC56, // 0x1A70 (6768) pixels
    0xFC55, 0xFC55, 0xFC35, 0xFC34, 0xFC14, 0xFC14, 0xFC34, 0xFC55, 0xFC76, 0xFC95, 0xFCB5, 0xFBF5, 0xDA11, 0xB82C, 0xB80C, 0xD08E, // 0x1A80 (6784) pixels
    0xF188, 0xF96A, 0xF0CA, 0xE849, 0xF0C9, 0xF9C9, 0xFA88, 0xF2C7, 0xF1C9, 0xF288, 0xF3A6, 0xFCC7, 0xFCC6, 0xECA5, 0xF566, 0xEDC7, // 0x1A90 (6800) pixels
    0xE583, 0xDC63, 0xDB24, 0xDA87, 0xA9A7, 0x5084, 0x0801, 0x0021, 0x0000, 0x0000, 0x0000, 0x0000, 0x0000, 0x0000, 0x0020, 0x0020, // 0x1AA0 (6816) pixels
    0x0000, 0x0000, 0x0000, 0x0000, 0x0000, 0x0000, 0x0000, 0x0000, 0x0000, 0x0000, 0x0000, 0x0000, 0x0000, 0x0000, 0x0000, 0x0000, // 0x1AB0 (6832) pixels
    0x0000, 0x0000, 0x0000, 0x0000, 0x0000, 0x0000, 0x0000, 0x0000, 0x0000, 0x0000, 0x0000, 0x0000, 0x0000, 0x0000, 0x0000, 0x0000, // 0x1AC0 (6848) pixels
    0x0000, 0x0000, 0x0000, 0x0000, 0x0000, 0x0000, 0x0000, 0x0000, 0x0000, 0x0000, 0x0000, 0x0000, 0x0000, 0x0000, 0x0000, 0x0000, // 0x1AD0 (6864) pixels
    0x0000, 0x0000, 0x0000, 0x0000, 0x0000, 0x0000, 0x0000, 0x0000, 0x0000, 0x0000, 0x0000, 0x0000, 0x0000, 0x0000, 0x0000, 0x0000, // 0x1AE0 (6880) pixels
    0x0000, 0x0000, 0x1021, 0x6907, 0xCA0D, 0xF2D1, 0xFBB4, 0xFC35, 0xFC55, 0xFC55, 0xFC55, 0xFC75, 0xFC76, 0xFC76, 0xFC76, 0xFC75, // 0x1AF0 (6896) pixels
    0xF435, 0xFC95, 0xFC96, 0xF394, 0xD18F, 0xB80B, 0xC00A, 0xD08B, 0xF068, 0xF049, 0xF00A, 0xF00A, 0xF88A, 0xF98A, 0xFA8A, 0xFB2A, // 0x1B00 (6912) pixels
    0xFC67, 0xFD05, 0xF5E3, 0xFEC3, 0xFEE3, 0xFF05, 0xFF48, 0xFF48, 0xFF47, 0xFDC6, 0xFC06, 0xDAA5, 0x8123, 0x2800, 0x0800, 0x0020, // 0x1B10 (6928) pixels
    0x0000, 0x0000, 0x0000, 0x0000, 0x0000, 0x0000, 0x0000, 0x0000, 0x0000, 0x0000, 0x0000, 0x0000, 0x0000, 0x0000, 0x0000, 0x0000, // 0x1B20 (6944) pixels
    0x0000, 0x0000, 0x0000, 0x0000, 0x0000, 0x0000, 0x0000, 0x0000, 0x0000, 0x0000, 0x0000, 0x0000, 0x0000, 0x0000, 0x0000, 0x0000, // 0x1B30 (6960) pixels
    0x0000, 0x0000, 0x0000, 0x0000, 0x0000, 0x0000, 0x0000, 0x0000, 0x0000, 0x0000, 0x0000, 0x0000, 0x0000, 0x0000, 0x0000, 0x0000, // 0x1B40 (6976) pixels
    0x0000, 0x0000, 0x0000, 0x0000, 0x0000, 0x0000, 0x0000, 0x0000, 0x0000, 0x0000, 0x0000, 0x0000, 0x0000, 0x0000, 0x0000, 0x0000, // 0x1B50 (6992) pixels
    0x0000, 0x0000, 0x0000, 0x0000, 0x0000, 0x0000, 0x0000, 0x0000, 0x0020, 0x0020, 0x0020, 0x30A3, 0x8928, 0xD9EE, 0xFB33, 0xF3F4, // 0x1B60 (7008) pixels
    0xFC55, 0xFC55, 0xFC55, 0xFC55, 0xFC75, 0xFC75, 0xFC55, 0xFC34, 0xFC75, 0xFCB6, 0xFC75, 0xEB13, 0xD12E, 0xC00A, 0xD049, 0xE909, // 0x1B70 (7024) pixels
    0xF949, 0xF8E9, 0xF049, 0xF009, 0xF82A, 0xF8CA, 0xF989, 0xFA4A, 0xFC86, 0xF544, 0xF602, 0xF6A0, 0xFEA1, 0xFE84, 0xFE86, 0xFE25, // 0x1B80 (7040) pixels
    0xF3E5, 0xEAC3, 0xD9A3, 0xB0E4, 0x6842, 0x2001, 0x0021, 0x0021, 0x0020, 0x0000, 0x0000, 0x0020, 0x0000, 0x0000, 0x0000, 0x0000, // 0x1B90 (7056) pixels
    0x0000, 0x0000, 0x0000, 0x0000, 0x0000, 0x0000, 0x0000, 0x0000, 0x0000, 0x0000, 0x0000, 0x0000, 0x0000, 0x0000, 0x0000, 0x0000, // 0x1BA0 (7072) pixels
    0x0000, 0x0000, 0x0000, 0x0000, 0x0000, 0x0000, 0x0000, 0x0000, 0x0000, 0x0000, 0x0000, 0x0000, 0x0000, 0x0000, 0x0000, 0x0000, // 0x1BB0 (7088) pixels
    0x0000, 0x0000, 0x0000, 0x0000, 0x0000, 0x0000, 0x0000, 0x0000, 0x0000, 0x0000, 0x0000, 0x0000, 0x0000, 0x0000, 0x0000, 0x0000, // 0x1BC0 (7104) pixels
    0x0000, 0x0000, 0x0000, 0x0000, 0x0000, 0x0000, 0x0000, 0x0000, 0x0000, 0x0000, 0x0000, 0x0000, 0x0000, 0x0000, 0x0000, 0x0000, // 0x1BD0 (7120) pixels
    0x0020, 0x0000, 0x0000, 0x0821, 0x5885, 0xD1AD, 0xFAF3, 0xFB93, 0xFC55, 0xFC75, 0xFC75, 0xFC75, 0xFC55, 0xFC55, 0xFC55, 0xFC35, // 0x1BE0 (7136) pixels
    0xFC95, 0xFC75, 0xFC15, 0xEAF2, 0xD12E, 0xC829, 0xE0A8, 0xF9C9, 0xFB48, 0xFAE8, 0xFA07, 0xF968, 0xF929, 0xF109, 0xE947, 0xF1A7, // 0x1BF0 (7152) pixels
    0xFAA8, 0xFB47, 0xFBA6, 0xFBC5, 0xFBA6, 0xFB87, 0xFB46, 0xE305, 0xD0E9, 0xB867, 0xB068, 0xB8EB, 0xB18D, 0x91ED, 0x5188, 0x1062, // 0x1C00 (7168) pixels
    0x0000, 0x0000, 0x0000, 0x0020, 0x0000, 0x0000, 0x0000, 0x0000, 0x0000, 0x0000, 0x0000, 0x0000, 0x0000, 0x0000, 0x0000, 0x0000, // 0x1C10 (7184) pixels
    0x0000, 0x0000, 0x0000, 0x0000, 0x0000, 0x0000, 0x0000, 0x0000, 0x0000, 0x0000, 0x0000, 0x0000, 0x0000, 0x0000, 0x0000, 0x0000, // 0x1C20 (7200) pixels
    0x0000, 0x0000, 0x0000, 0x0000, 0x0000, 0x0000, 0x0000, 0x0000, 0x0000, 0x0000, 0x0000, 0x0000, 0x0000, 0x0000, 0x0000, 0x0000, // 0x1C30 (7216) pixels
    0x0000, 0x0000, 0x0000, 0x0000, 0x0000, 0x0000, 0x0000, 0x0000, 0x0000, 0x0000, 0x0000, 0x0000, 0x0000, 0x0000, 0x0000, 0x0000, // 0x1C40 (7232) pixels
    0x0000, 0x0000, 0x0000, 0x0000, 0x0000, 0x0000, 0x0000, 0x0000, 0x0000, 0x0800, 0x0000, 0x0040, 0x48C5, 0xC1ED, 0xFAD2, 0xFAF2, // 0x1C50 (7248) pixels
    0xF3D3, 0xFC34, 0xFC75, 0xFC75, 0xF455, 0xFC55, 0xFC55, 0xFC75, 0xFC75, 0xFC75, 0xFC55, 0xFB94, 0xE1AF, 0xC849, 0xD8C7, 0xFA0A, // 0x1C60 (7264) pixels
    0xEBA7, 0xFBC7, 0xFB67, 0xFB07, 0xFB29, 0xFB68, 0xF3C6, 0xEC03, 0xF284, 0xEA24, 0xE164, 0xD8C6, 0xE08A, 0xE0AB, 0xC8EA, 0xB0E8, // 0x1C70 (7280) pixels
    0xB0EC, 0xA8CB, 0xB12D, 0xD1CF, 0xF2B2, 0xFB53, 0xDAAE, 0x9106, 0x2022, 0x1000, 0x0000, 0x0020, 0x0000, 0x0000, 0x0000, 0x0000, // 0x1C80 (7296) pixels
    0x0000, 0x0000, 0x0000, 0x0000, 0x0000, 0x0000, 0x0000, 0x0000, 0x0000, 0x0000, 0x0000, 0x0000, 0x0000, 0x0000, 0x0000, 0x0000, // 0x1C90 (7312) pixels
    0x0000, 0x0000, 0x0000, 0x0000, 0x0000, 0x0000, 0x0000, 0x0000, 0x0000, 0x0000, 0x0000, 0x0000, 0x0000, 0x0000, 0x0000, 0x0000, // 0x1CA0 (7328) pixels
    0x0000, 0x0000, 0x0000, 0x0000, 0x0000, 0x0000, 0x0000, 0x0000, 0x0000, 0x0000, 0x0000, 0x0000, 0x0000, 0x0000, 0x0000, 0x0000, // 0x1CB0 (7344) pixels
    0x0000, 0x0000, 0x0000, 0x0000, 0x0000, 0x0000, 0x0000, 0x0000, 0x0000, 0x0000, 0x0000, 0x0000, 0x0000, 0x0000, 0x0000, 0x0000, // 0x1CC0 (7360) pixels
    0x0800, 0x0800, 0x0000, 0x0000, 0x2883, 0x898A, 0xD22F, 0xF271, 0xEB11, 0xFBD3, 0xFC75, 0xFC75, 0xF455, 0xF434, 0xFC35, 0xFC35, // 0x1CD0 (7376) pixels
    0xFC55, 0xFC75, 0xFCB6, 0xFC56, 0xEA71, 0xC08A, 0xC847, 0xE948, 0xF26A, 0xFB0A, 0xFB48, 0xFB47, 0xFC07, 0xFD47, 0xFE65, 0xFF03, // 0x1CE0 (7392) pixels
    0xFE62, 0xF523, 0xDB45, 0xC907, 0xC80B, 0xD00E, 0xC8AE, 0xC16E, 0xCA0D, 0xD22E, 0xE24F, 0xEA50, 0xFA90, 0xFB32, 0xFB52, 0xFACF, // 0x1CF0 (7408) pixels
    0x79CA, 0x4063, 0x1000, 0x0000, 0x0020, 0x0000, 0x0000, 0x0000, 0x0000, 0x0000, 0x0000, 0x0000, 0x0000, 0x0000, 0x0000, 0x0000, // 0x1D00 (7424) pixels
    0x0000, 0x0000, 0x0000, 0x0000, 0x0000, 0x0000, 0x0000, 0x0000, 0x0000, 0x0000, 0x0000, 0x0000, 0x0000, 0x0000, 0x0000, 0x0000, // 0x1D10 (7440) pixels
    0x0000, 0x0000, 0x0000, 0x0000, 0x0000, 0x0000, 0x0000, 0x0000, 0x0000, 0x0000, 0x0000, 0x0000, 0x0000, 0x0000, 0x0000, 0x0000, // 0x1D20 (7456) pixels
    0x0000, 0x0000, 0x0000, 0x0000, 0x0000, 0x0000, 0x0000, 0x0000, 0x0000, 0x0000, 0x0000, 0x0000, 0x0000, 0x0000, 0x0000, 0x0000, // 0x1D30 (7472) pixels
    0x0000, 0x0000, 0x0000, 0x0000, 0x0000, 0x0000, 0x0000, 0x0000, 0x0800, 0x0000, 0x0000, 0x0000, 0x0020, 0x30A4, 0x8929, 0xE1EF, // 0x1D40 (7488) pixels
    0xF2D0, 0xFB93, 0xFC35, 0xFC76, 0xFC75, 0xFC75, 0xFC55, 0xFC55, 0xFC15, 0xFC55, 0xFCB5, 0xFC76, 0xEB13, 0xC94D, 0xB849, 0xC027, // 0x1D50 (7504) pixels
    0xE10B, 0xFA0B, 0xFAAA, 0xFAA7, 0xF327, 0xF467, 0xFDE5, 0xFF03, 0xFFE3, 0xFF05, 0xE4C7, 0xC1C8, 0xB82A, 0xD04E, 0xD92F, 0xE20F, // 0x1D60 (7520) pixels
    0xEA0E, 0xF26F, 0xFAD1, 0xFAB1, 0xEA70, 0xEA90, 0xF353, 0xFC15, 0xE3B3, 0x99EB, 0x4084, 0x1001, 0x0000, 0x0020, 0x0020, 0x0000, // 0x1D70 (7536) pixels
    0x0000, 0x0000, 0x0000, 0x0000, 0x0000, 0x0000, 0x0000, 0x0000, 0x0000, 0x0000, 0x0000, 0x0000, 0x0000, 0x0000, 0x0000, 0x0000, // 0x1D80 (7552) pixels
    0x0000, 0x0000, 0x0000, 0x0000, 0x0000, 0x0000, 0x0000, 0x0000, 0x0000, 0x0000, 0x0000, 0x0000, 0x0000, 0x0000, 0x0000, 0x0000, // 0x1D90 (7568) pixels
    0x0000, 0x0000, 0x0000, 0x0000, 0x0000, 0x0000, 0x0000, 0x0000, 0x0000, 0x0000, 0x0000, 0x0000, 0x0000, 0x0000, 0x0000, 0x0000, // 0x1DA0 (7584) pixels
    0x0000, 0x0000, 0x0000, 0x0000, 0x0000, 0x0000, 0x0000, 0x0000, 0x0000, 0x0000, 0x0000, 0x0000, 0x0000, 0x0000, 0x0000, 0x0000, // 0x1DB0 (7600) pixels
    0x0000, 0x0000, 0x0021, 0x0020, 0x0020, 0x0020, 0x5064, 0xD18D, 0xEA4F, 0xFAF1, 0xFBB3, 0xFC14, 0xF434, 0xFC75, 0xFC75, 0xFC55, // 0x1DC0 (7616) pixels
    0xFC16, 0xFC55, 0xF4B5, 0xF495, 0xFBF6, 0xF2B3, 0xD94E, 0xB82A, 0xB807, 0xE949, 0xFA29, 0xFA29, 0xFA28, 0xF2C8, 0xFBE6, 0xFCE4, // 0x1DD0 (7632) pixels
    0xED62, 0xF505, 0xE388, 0xB928, 0xC04B, 0xE10F, 0xEA10, 0xF2CF, 0xEA10, 0xEAB1, 0xF373, 0xFB74, 0xFAD2, 0xEA50, 0xEAD1, 0xF414, // 0x1DE0 (7648) pixels
    0xFC57, 0xDB92, 0x8A4C, 0x38E4, 0x0000, 0x0000, 0x0000, 0x0000, 0x0000, 0x0000, 0x0000, 0x0000, 0x0000, 0x0000, 0x0000, 0x0000, // 0x1DF0 (7664) pixels
    0x0000, 0x0000, 0x0000, 0x0000, 0x0000, 0x0000, 0x0000, 0x0000, 0x0000, 0x0000, 0x0000, 0x0000, 0x0000, 0x0000, 0x0000, 0x0000, // 0x1E00 (7680) pixels
    0x0000, 0x0000, 0x0000, 0x0000, 0x0000, 0x0000, 0x0000, 0x0000, 0x0000, 0x0000, 0x0000, 0x0000, 0x0000, 0x0000, 0x0000, 0x0000, // 0x1E10 (7696) pixels
    0x0000, 0x0000, 0x0000, 0x0000, 0x0000, 0x0000, 0x0000, 0x0000, 0x0000, 0x0000, 0x0000, 0x0000, 0x0000, 0x0000, 0x0000, 0x0000, // 0x1E20 (7712) pixels
    0x0000, 0x0000, 0x0000, 0x0000, 0x0000, 0x0000, 0x0000, 0x0000, 0x0000, 0x0000, 0x0000, 0x0020, 0x0000, 0x0800, 0x3063, 0x69E9, // 0x1E30 (7728) pixels
    0xD1CC, 0xEA6F, 0xEAD0, 0xF332, 0xFC15, 0xFC76, 0xFC55, 0xFC75, 0xFC14, 0xFC55, 0xFC75, 0xF475, 0xFC95, 0xFC76, 0xEB52, 0xC1AC, // 0x1E40 (7744) pixels
    0xA847, 0xB807, 0xE089, 0xF90C, 0xF8EA, 0xF0E9, 0xF909, 0xF929, 0xE128, 0xC8C7, 0xA025, 0xA006, 0xB0C9, 0xDA4F, 0xFBD4, 0xFC35, // 0x1E50 (7760) pixels
    0xF2F1, 0xDAAF, 0xE372, 0xFC76, 0xFC55, 0xE331, 0xE2D0, 0xFB12, 0xF455, 0xFC57, 0xFBD5, 0xA9EC, 0x4043, 0x0000, 0x0000, 0x0020, // 0x1E60 (7776) pixels
    0x0000, 0x0000, 0x0000, 0x0000, 0x0000, 0x0000, 0x0000, 0x0000, 0x0000, 0x0000, 0x0000, 0x0000, 0x0000, 0x0000, 0x0000, 0x0000, // 0x1E70 (7792) pixels
    0x0000, 0x0000, 0x0000, 0x0000, 0x0000, 0x0000, 0x0000, 0x0000, 0x0000, 0x0000, 0x0000, 0x0000, 0x0000, 0x0000, 0x0000, 0x0000, // 0x1E80 (7808) pixels
    0x0000, 0x0000, 0x0000, 0x0000, 0x0000, 0x0000, 0x0000, 0x0000, 0x0000, 0x0000, 0x0000, 0x0000, 0x0000, 0x0000, 0x0000, 0x0000, // 0x1E90 (7824) pixels
    0x0000, 0x0000, 0x0000, 0x0000, 0x0000, 0x0000, 0x0000, 0x0000, 0x0000, 0x0000, 0x0000, 0x0000, 0x0000, 0x0000, 0x0000, 0x0000, // 0x1EA0 (7840) pixels
    0x0000, 0x0000, 0x0000, 0x0000, 0x0000, 0x0000, 0x1000, 0x3063, 0x6084, 0xA18A, 0xE22E, 0xFAD1, 0xFB73, 0xFBF4, 0xFC34, 0xFC55, // 0x1EB0 (7856) pixels
    0xFC14, 0xFC34, 0xFC55, 0xFC55, 0xFC76, 0xFCB7, 0xFC35, 0xE351, 0xB92C, 0xB049, 0xB809, 0xD04A, 0xD86B, 0xD08A, 0xD069, 0xC828, // 0x1EC0 (7872) pixels
    0xB807, 0xB068, 0xB0A9, 0xB92B, 0xC9AD, 0xE2B0, 0xFC15, 0xFCD7, 0xFC15, 0xEB72, 0xE392, 0xFC75, 0xFCD7, 0xFC35, 0xF372, 0xEB11, // 0x1ED0 (7888) pixels
    0xE3D3, 0xFC76, 0xFC76, 0xE351, 0x9A0B, 0x50E5, 0x0800, 0x0020, 0x0000, 0x0000, 0x0000, 0x0000, 0x0000, 0x0000, 0x0000, 0x0000, // 0x1EE0 (7904) pixels
    0x0000, 0x0000, 0x0000, 0x0000, 0x0000, 0x0000, 0x0000, 0x0000, 0x0000, 0x0000, 0x0000, 0x0000, 0x0000, 0x0000, 0x0000, 0x0000, // 0x1EF0 (7920) pixels
    0x0000, 0x0000, 0x0000, 0x0000, 0x0000, 0x0000, 0x0000, 0x0000, 0x0000, 0x0000, 0x0000, 0x0000, 0x0000, 0x0000, 0x0000, 0x0000, // 0x1F00 (7936) pixels
    0x0000, 0x0000, 0x0000, 0x0000, 0x0000, 0x0000, 0x0000, 0x0000, 0x0000, 0x0000, 0x0000, 0x0000, 0x0000, 0x0000, 0x0000, 0x0000, // 0x1F10 (7952) pixels
    0x0000, 0x0000, 0x0000, 0x0000, 0x0000, 0x0000, 0x0000, 0x0000, 0x0000, 0x0020, 0x0000, 0x0000, 0x0020, 0x0000, 0x0000, 0x0800, // 0x1F20 (7968) pixels
    0x0840, 0x6947, 0xE26F, 0xFAD2, 0xF290, 0xDA6F, 0xE2F0, 0xFB73, 0xFC55, 0xFC55, 0xFC55, 0xFC14, 0xFC35, 0xFC96, 0xFCB6, 0xF475, // 0x1F30 (7984) pixels
    0xEB54, 0xC18E, 0xB04A, 0xB82A, 0xB84B, 0xB88B, 0xB86B, 0xB02A, 0xB04A, 0xB90C, 0xD250, 0xEB33, 0xEB32, 0xEB32, 0xFC15, 0xFCB7, // 0x1F40 (8000) pixels
    0xFCB7, 0xFC55, 0xF455, 0xFC96, 0xFCD7, 0xFCB6, 0xFC55, 0xF3D3, 0xE3D3, 0xFC96, 0xFCF7, 0xFC76, 0xF3B3, 0x99EB, 0x2822, 0x0000, // 0x1F50 (8016) pixels
    0x0000, 0x0000, 0x0000, 0x0000, 0x0000, 0x0000, 0x0000, 0x0000, 0x0000, 0x0000, 0x0000, 0x0000, 0x0000, 0x0000, 0x0000, 0x0000, // 0x1F60 (8032) pixels
    0x0000, 0x0000, 0x0000, 0x0000, 0x0000, 0x0000, 0x0000, 0x0000, 0x0000, 0x0000, 0x0000, 0x0000, 0x0000, 0x0000, 0x0000, 0x0000, // 0x1F70 (8048) pixels
    0x0000, 0x0000, 0x0000, 0x0000, 0x0000, 0x0000, 0x0000, 0x0000, 0x0000, 0x0000, 0x0000, 0x0000, 0x0000, 0x0000, 0x0000, 0x0000, // 0x1F80 (8064) pixels
    0x0000, 0x0000, 0x0000, 0x0000, 0x0000, 0x0000, 0x0000, 0x0000, 0x0000, 0x0000, 0x0000, 0x0000, 0x0000, 0x0000, 0x0000, 0x0000, // 0x1F90 (8080) pixels
    0x0000, 0x0000, 0x0000, 0x0000, 0x0020, 0x0020, 0x0000, 0x0000, 0x0040, 0x38C4, 0xA9CB, 0xEA6F, 0xEA0E, 0xD18C, 0xE1EE, 0xFAB1, // 0x1FA0 (8096) pixels
    0xFC34, 0xFC55, 0xFC55, 0xFC35, 0xF414, 0xFC55, 0xFC96, 0xFCB7, 0xFC77, 0xE2F1, 0xC9AD, 0xC94C, 0xC96D, 0xC98E, 0xD1CF, 0xD9CF, // 0x1FB0 (8112) pixels
    0xD1F0, 0xDA91, 0xEB94, 0xFC56, 0xFC55, 0xFBF4, 0xFC55, 0xF495, 0xFC96, 0xFCB6, 0xFCB6, 0xFC96, 0xF455, 0xFC75, 0xFCB6, 0xFCB6, // 0x1FC0 (8128) pixels
    0xFC96, 0xFCF7, 0xFCF7, 0xFCD7, 0xFC76, 0xCB10, 0x60E6, 0x1000, 0x0000, 0x0000, 0x0020, 0x0000, 0x0000, 0x0000, 0x0000, 0x0000, // 0x1FD0 (8144) pixels
    0x0000, 0x0000, 0x0000, 0x0000, 0x0000, 0x0000, 0x0000, 0x0000, 0x0000, 0x0000, 0x0000, 0x0000, 0x0000, 0x0000, 0x0000, 0x0000, // 0x1FE0 (8160) pixels
    0x0000, 0x0000, 0x0000, 0x0000, 0x0000, 0x0000, 0x0000, 0x0000, 0x0000, 0x0000, 0x0000, 0x0000, 0x0000, 0x0000, 0x0000, 0x0000, // 0x1FF0 (8176) pixels
    0x0000, 0x0000, 0x0000, 0x0000, 0x0000, 0x0000, 0x0000, 0x0000, 0x0000, 0x0000, 0x0000, 0x0000, 0x0000, 0x0000, 0x0000, 0x0000, // 0x2000 (8192) pixels
    0x0000, 0x0000, 0x0000, 0x0000, 0x0000, 0x0000, 0x0000, 0x0000, 0x0000, 0x0000, 0x0000, 0x0000, 0x0000, 0x0000, 0x0000, 0x0020, // 0x2010 (8208) pixels
    0x0000, 0x1000, 0x4043, 0x8908, 0xC9AC, 0xF20F, 0xFA0F, 0xF20F, 0xEAD0, 0xF372, 0xFC14, 0xFC75, 0xF475, 0xF455, 0xFC55, 0xFC56, // 0x2020 (8224) pixels
    0xFC75, 0xFBB2, 0xF311, 0xF311, 0xEAF1, 0xE2F1, 0xEB12, 0xFB33, 0xFBF5, 0xFC14, 0xF434, 0xFC74, 0xFC74, 0xFC54, 0xFC95, 0xF475, // 0x2030 (8240) pixels
    0xFC96, 0xFC96, 0xFC96, 0xFC96, 0xFC55, 0xFC75, 0xFC96, 0xFC96, 0xFCB6, 0xFCB6, 0xFCD6, 0xFCF7, 0xFCD7, 0xEC55, 0xA28E, 0x5064, // 0x2040 (8256) pixels
    0x1000, 0x0000, 0x0000, 0x0020, 0x0000, 0x0000, 0x0000, 0x0000, 0x0000, 0x0000, 0x0000, 0x0000, 0x0000, 0x0000, 0x0000, 0x0000, // 0x2050 (8272) pixels
    0x0000, 0x0000, 0x0000, 0x0000, 0x0000, 0x0000, 0x0000, 0x0000, 0x0000, 0x0000, 0x0000, 0x0000, 0x0000, 0x0000, 0x0000, 0x0000, // 0x2060 (8288) pixels
    0x0000, 0x0000, 0x0000, 0x0000, 0x0000, 0x0000, 0x0000, 0x0000, 0x0000, 0x0000, 0x0000, 0x0000, 0x0000, 0x0000, 0x0000, 0x0000, // 0x2070 (8304) pixels
    0x0000, 0x0000, 0x0000, 0x0000, 0x0000, 0x0000, 0x0000, 0x0000, 0x0000, 0x0000, 0x0000, 0x0000, 0x0000, 0x0000, 0x0000, 0x0000, // 0x2080 (8320) pixels
    0x0020, 0x0000, 0x0000, 0x0000, 0x0000, 0x0000, 0x0000, 0x0000, 0x1000, 0x0800, 0x0800, 0x2801, 0x8128, 0xD24E, 0xEA4F, 0xE1AD, // 0x2090 (8336) pixels
    0xD9CC, 0xEAB0, 0xFBB3, 0xFC75, 0xFC96, 0xFC55, 0xFC14, 0xFC15, 0xFC75, 0xFC14, 0xFBF4, 0xFBF4, 0xFBF4, 0xFBD4, 0xFBD4, 0xFBD5, // 0x20A0 (8352) pixels
    0xFC95, 0xFC95, 0xFC94, 0xFC94, 0xFC54, 0xFC55, 0xFC96, 0xF475, 0xFC96, 0xFC55, 0xFC75, 0xFC96, 0xFC76, 0xFC55, 0xFC35, 0xF3D3, // 0x20B0 (8368) pixels
    0xF3B3, 0xEB92, 0xF3F4, 0xFC76, 0xF4D7, 0xFD18, 0xE3F4, 0x998B, 0x3002, 0x1000, 0x0000, 0x0040, 0x0000, 0x0000, 0x0000, 0x0000, // 0x20C0 (8384) pixels
    0x0000, 0x0000, 0x0000, 0x0000, 0x0000, 0x0000, 0x0000, 0x0000, 0x0000, 0x0000, 0x0000, 0x0000, 0x0000, 0x0000, 0x0000, 0x0000, // 0x20D0 (8400) pixels
    0x0000, 0x0000, 0x0000, 0x0000, 0x0000, 0x0000, 0x0000, 0x0000, 0x0000, 0x0000, 0x0000, 0x0000, 0x0000, 0x0000, 0x0000, 0x0000, // 0x20E0 (8416) pixels
    0x0000, 0x0000, 0x0000, 0x0000, 0x0000, 0x0000, 0x0000, 0x0000, 0x0000, 0x0000, 0x0000, 0x0000, 0x0000, 0x0000, 0x0000, 0x0000, // 0x20F0 (8432) pixels
    0x0000, 0x0000, 0x0000, 0x0000, 0x0000, 0x0000, 0x0000, 0x0000, 0x0000, 0x0000, 0x0000, 0x0000, 0x0000, 0x0020, 0x0000, 0x0000, // 0x2100 (8448) pixels
    0x0000, 0x0020, 0x0000, 0x0000, 0x3083, 0x7148, 0xA9AB, 0xC9ED, 0xEA0E, 0xF2B0, 0xFB32, 0xFB93, 0xFBF4, 0xFBF4, 0xFC14, 0xFC35, // 0x2110 (8464) pixels
    0xFC55, 0xFC34, 0xFC14, 0xFC14, 0xFC35, 0xFC75, 0xFC76, 0xFC55, 0xFC34, 0xFC75, 0xFC95, 0xFC96, 0xFC35, 0xFC15, 0xFC56, 0xF434, // 0x2120 (8480) pixels
    0xFBD4, 0xF393, 0xFBB3, 0xFBD4, 0xFBD4, 0xFBB3, 0xF372, 0xEB11, 0xE28F, 0xEA8F, 0xF2D0, 0xF352, 0xF3D4, 0xFC76, 0xFC36, 0xDAF1, // 0x2130 (8496) pixels
    0x7128, 0x3022, 0x0000, 0x0020, 0x0020, 0x0000, 0x0000, 0x0000, 0x0000, 0x0000, 0x0000, 0x0000, 0x0000, 0x0000, 0x0000, 0x0000, // 0x2140 (8512) pixels
    0x0000, 0x0000, 0x0000, 0x0000, 0x0000, 0x0000, 0x0000, 0x0000, 0x0000, 0x0000, 0x0000, 0x0000, 0x0000, 0x0000, 0x0000, 0x0000, // 0x2150 (8528) pixels
    0x0000, 0x0000, 0x0000, 0x0000, 0x0000, 0x0000, 0x0000, 0x0000, 0x0000, 0x0000, 0x0000, 0x0000, 0x0000, 0x0000, 0x0000, 0x0000, // 0x2160 (8544) pixels
    0x0000, 0x0000, 0x0000, 0x0000, 0x0000, 0x0000, 0x0000, 0x0000, 0x0000, 0x0000, 0x0000, 0x0000, 0x0000, 0x0000, 0x0000, 0x0000, // 0x2170 (8560) pixels
    0x0000, 0x0000, 0x0020, 0x0000, 0x0000, 0x0000, 0x0000, 0x0000, 0x0020, 0x0020, 0x0000, 0x0020, 0x0020, 0x0800, 0x5885, 0xBA0D, // 0x2180 (8576) pixels
    0xF26F, 0xF290, 0xEA4F, 0xE22E, 0xE26F, 0xEB11, 0xF3B3, 0xFC35, 0xF454, 0xFC54, 0xFC34, 0xFC13, 0xF454, 0xF494, 0xF474, 0xF413, // 0x2190 (8592) pixels
    0xFC35, 0xFC56, 0xFC56, 0xFC36, 0xF394, 0xEB33, 0xEB73, 0xE372, 0xE2B0, 0xDA8F, 0xDAAF, 0xE2B0, 0xDAB0, 0xE2B0, 0xE2B0, 0xDA4F, // 0x21A0 (8608) pixels
    0xEA2E, 0xF22F, 0xE9EE, 0xF24F, 0xF2D1, 0xFB53, 0xFBF5, 0xFBF5, 0xB28E, 0x50C5, 0x0000, 0x0020, 0x0020, 0x0000, 0x0000, 0x0000, // 0x21B0 (8624) pixels
    0x0000, 0x0000, 0x0000, 0x0000, 0x0000, 0x0000, 0x0000, 0x0000, 0x0000, 0x0000, 0x0000, 0x0000, 0x0000, 0x0000, 0x0000, 0x0000, // 0x21C0 (8640) pixels
    0x0000, 0x0000, 0x0000, 0x0000, 0x0000, 0x0000, 0x0000, 0x0000, 0x0000, 0x0000, 0x0000, 0x0000, 0x0000, 0x0000, 0x0000, 0x0000, // 0x21D0 (8656) pixels
    0x0000, 0x0000, 0x0000, 0x0000, 0x0000, 0x0000, 0x0000, 0x0000, 0x0000, 0x0000, 0x0000, 0x0000, 0x0000, 0x0000, 0x0000, 0x0000, // 0x21E0 (8672) pixels
    0x0000, 0x0000, 0x0000, 0x0000, 0x0000, 0x0000, 0x0000, 0x0000, 0x0000, 0x0000, 0x0000, 0x0000, 0x0000, 0x0000, 0x0000, 0x0000, // 0x21F0 (8688) pixels
    0x0000, 0x0000, 0x0020, 0x0000, 0x0000, 0x0800, 0x2883, 0x5988, 0xE20F, 0xFA70, 0xF1CF, 0xE98D, 0xE1EE, 0xDA6F, 0xE311, 0xF373, // 0x2200 (8704) pixels
    0xFC34, 0xFC55, 0xF475, 0xFC54, 0xFC34, 0xFC35, 0xFC95, 0xF4D5, 0xFC55, 0xF393, 0xF2F1, 0xF2B1, 0xEA90, 0xEA90, 0xEA90, 0xE26F, // 0x2210 (8720) pixels
    0xF24F, 0xEA4F, 0xE24F, 0xEA4F, 0xF24F, 0xF22F, 0xF24F, 0xF270, 0xF22F, 0xFA91, 0xF250, 0xE9CE, 0xE9EE, 0xF22F, 0xFA70, 0xFAD2, // 0x2220 (8736) pixels
    0xE22F, 0x78E8, 0x1001, 0x0000, 0x0000, 0x0020, 0x0000, 0x0000, 0x0000, 0x0000, 0x0000, 0x0000, 0x0000, 0x0000, 0x0000, 0x0000, // 0x2230 (8752) pixels
    0x0000, 0x0000, 0x0000, 0x0000, 0x0000, 0x0000, 0x0000, 0x0000, 0x0000, 0x0000, 0x0000, 0x0000, 0x0000, 0x0000, 0x0000, 0x0000, // 0x2240 (8768) pixels
    0x0000, 0x0000, 0x0000, 0x0000, 0x0000, 0x0000, 0x0000, 0x0000, 0x0000, 0x0000, 0x0000, 0x0000, 0x0000, 0x0000, 0x0000, 0x0000, // 0x2250 (8784) pixels
    0x0000, 0x0000, 0x0000, 0x0000, 0x0000, 0x0000, 0x0000, 0x0000, 0x0000, 0x0000, 0x0000, 0x0000, 0x0000, 0x0000, 0x0000, 0x0000, // 0x2260 (8800) pixels
    0x0000, 0x0000, 0x0000, 0x0000, 0x0000, 0x0000, 0x0000, 0x0000, 0x0800, 0x0000, 0x0000, 0x0000, 0x0000, 0x0000, 0x1000, 0x2842, // 0x2270 (8816) pixels
    0x68A6, 0xA16A, 0xD18D, 0xF1EF, 0xFA50, 0xEA2F, 0xE24F, 0xE270, 0xF372, 0xF3D3, 0xFC34, 0xFC35, 0xFC14, 0xFC35, 0xFC75, 0xFCB5, // 0x2280 (8832) pixels
    0xF3D4, 0xDAD0, 0xD20E, 0xDA0E, 0xE22F, 0xEA4F, 0xEA50, 0xF270, 0xF24F, 0xF24F, 0xF270, 0xFA90, 0xFAD1, 0xF2D0, 0xC24D, 0x99CA, // 0x2290 (8848) pixels
    0x91CA, 0x91EB, 0x8989, 0x8128, 0x9929, 0xB12A, 0xD98D, 0xFA50, 0xF2B2, 0xBA0D, 0x5907, 0x1041, 0x0000, 0x0000, 0x0000, 0x0000, // 0x22A0 (8864) pixels
    0x0000, 0x0000, 0x0000, 0x0000, 0x0000, 0x0000, 0x0000, 0x0000, 0x0000, 0x0000, 0x0000, 0x0000, 0x0000, 0x0000, 0x0000, 0x0000, // 0x22B0 (8880) pixels
    0x0000, 0x0000, 0x0000, 0x0000, 0x0000, 0x0000, 0x0000, 0x0000, 0x0000, 0x0000, 0x0000, 0x0000, 0x0000, 0x0000, 0x0000, 0x0000, // 0x22C0 (8896) pixels
    0x0000, 0x0000, 0x0000, 0x0000, 0x0000, 0x0000, 0x0000, 0x0000, 0x0000, 0x0000, 0x0000, 0x0000, 0x0000, 0x0000, 0x0000, 0x0000, // 0x22D0 (8912) pixels
    0x0000, 0x0000, 0x0000, 0x0000, 0x0000, 0x0000, 0x0000, 0x0000, 0x0000, 0x0000, 0x0000, 0x0000, 0x0000, 0x0000, 0x0000, 0x0000, // 0x22E0 (8928) pixels
    0x0800, 0x0000, 0x0000, 0x0000, 0x0020, 0x0000, 0x0000, 0x0800, 0x0000, 0x3863, 0x8929, 0xD20E, 0xF250, 0xEA0F, 0xEA0F, 0xEA0F, // 0x22F0 (8944) pixels
    0xF2F1, 0xFB72, 0xFBB3, 0xFB93, 0xFB72, 0xFB73, 0xFB93, 0xF3B3, 0xF2F1, 0xE26F, 0xE26F, 0xEAB0, 0xF2B1, 0xF290, 0xF270, 0xF250, // 0x2300 (8960) pixels
    0xEA6F, 0xE290, 0xDA8F, 0xCA4E, 0xC26E, 0xAA4C, 0x7168, 0x3862, 0x1821, 0x1041, 0x1041, 0x1021, 0x2001, 0x4802, 0x88A7, 0xC9ED, // 0x2310 (8976) pixels
    0xF2D2, 0xEA91, 0x996A, 0x2822, 0x0000, 0x0000, 0x0000, 0x0000, 0x0000, 0x0000, 0x0000, 0x0000, 0x0000, 0x0000, 0x0000, 0x0000, // 0x2320 (8992) pixels
    0x0000, 0x0000, 0x0000, 0x0000, 0x0000, 0x0000, 0x0000, 0x0000, 0x0000, 0x0000, 0x0000, 0x0000, 0x0000, 0x0000, 0x0000, 0x0000, // 0x2330 (9008) pixels
    0x0000, 0x0000, 0x0000, 0x0000, 0x0000, 0x0000, 0x0000, 0x0000, 0x0000, 0x0000, 0x0000, 0x0000, 0x0000, 0x0000, 0x0000, 0x0000, // 0x2340 (9024) pixels
    0x0000, 0x0000, 0x0000, 0x0000, 0x0000, 0x0000, 0x0000, 0x0000, 0x0000, 0x0000, 0x0000, 0x0000, 0x0000, 0x0000, 0x0000, 0x0000, // 0x2350 (9040) pixels
    0x0000, 0x0000, 0x0000, 0x0000, 0x0000, 0x0000, 0x0000, 0x0000, 0x0000, 0x0000, 0x0000, 0x0020, 0x0020, 0x0020, 0x0000, 0x0020, // 0x2360 (9056) pixels
    0x0040, 0x0841, 0x48C5, 0x8169, 0xA9AB, 0xB9AC, 0xDA0E, 0xF270, 0xE20E, 0xE24F, 0xDA6F, 0xDA2E, 0xDA4F, 0xE26F, 0xE26F, 0xE24F, // 0x2370 (9072) pixels
    0xF20F, 0xEA4F, 0xDAB0, 0xD2D0, 0xC26E, 0xC22E, 0xBA2D, 0xB20C, 0xA1CB, 0x89AA, 0x6127, 0x4063, 0x3022, 0x3042, 0x2042, 0x1000, // 0x2380 (9088) pixels
    0x0000, 0x0000, 0x0040, 0x0040, 0x0000, 0x0800, 0x3863, 0x6968, 0xD20E, 0xFA71, 0xB94B, 0x3002, 0x0000, 0x0020, 0x0000, 0x0020, // 0x2390 (9104) pixels
    0x0000, 0x0000, 0x0000, 0x0000, 0x0000, 0x0000, 0x0000, 0x0000, 0x0000, 0x0000, 0x0000, 0x0000, 0x0000, 0x0000, 0x0000, 0x0000, // 0x23A0 (9120) pixels
    0x0000, 0x0000, 0x0000, 0x0000, 0x0000, 0x0000, 0x0000, 0x0000, 0x0000, 0x0000, 0x0000, 0x0000, 0x0000, 0x0000, 0x0000, 0x0000, // 0x23B0 (9136) pixels
    0x0000, 0x0000, 0x0000, 0x0000, 0x0000, 0x0000, 0x0000, 0x0000, 0x0000, 0x0000, 0x0000, 0x0000, 0x0000, 0x0000, 0x0000, 0x0000, // 0x23C0 (9152) pixels
    0x0000, 0x0000, 0x0000, 0x0000, 0x0000, 0x0000, 0x0000, 0x0000, 0x0000, 0x0000, 0x0000, 0x0000, 0x0000, 0x0000, 0x0000, 0x0000, // 0x23D0 (9168) pixels
    0x0000, 0x0000, 0x0000, 0x0000, 0x0000, 0x0000, 0x0020, 0x0000, 0x0020, 0x0000, 0x0000, 0x1021, 0x2021, 0x4843, 0x8908, 0xCA2E, // 0x23E0 (9184) pixels
    0xEA2F, 0xEA4F, 0xDA0E, 0xD1ED, 0xDA2E, 0xE26F, 0xE20F, 0xE1AD, 0xD18C, 0xA94A, 0x70E7, 0x4884, 0x3002, 0x2801, 0x2022, 0x1841, // 0x23F0 (9200) pixels
    0x1801, 0x1041, 0x0861, 0x0040, 0x0000, 0x0000, 0x0000, 0x0000, 0x0800, 0x0000, 0x0000, 0x0000, 0x0000, 0x0000, 0x0000, 0x0820, // 0x2400 (9216) pixels
    0x88C8, 0xD1EE, 0xB98C, 0x4064, 0x0020, 0x0000, 0x0000, 0x0020, 0x0000, 0x0000, 0x0000, 0x0000, 0x0000, 0x0000, 0x0000, 0x0000, // 0x2410 (9232) pixels
    0x0000, 0x0000, 0x0000, 0x0000, 0x0000, 0x0000, 0x0000, 0x0000, 0x0000, 0x0000, 0x0000, 0x0000, 0x0000, 0x0000, 0x0000, 0x0000, // 0x2420 (9248) pixels
    0x0000, 0x0000, 0x0000, 0x0000, 0x0000, 0x0000, 0x0000, 0x0000, 0x0000, 0x0000, 0x0000, 0x0000, 0x0000, 0x0000, 0x0000, 0x0000, // 0x2430 (9264) pixels
    0x0000, 0x0000, 0x0000, 0x0000, 0x0000, 0x0000, 0x0000, 0x0000, 0x0000, 0x0000, 0x0000, 0x0000, 0x0000, 0x0000, 0x0000, 0x0000, // 0x2440 (9280) pixels
    0x0000, 0x0000, 0x0000, 0x0000, 0x0000, 0x0000, 0x0000, 0x0000, 0x0000, 0x0000, 0x0000, 0x0000, 0x0000, 0x0000, 0x0000, 0x0000, // 0x2450 (9296) pixels
    0x0800, 0x0000, 0x0020, 0x0040, 0x0020, 0x1000, 0x58E6, 0xB24D, 0xFAB1, 0xFAD1, 0xE22F, 0xC1AD, 0xCA0D, 0xDA4F, 0xEA0F, 0xF1CE, // 0x2460 (9312) pixels
    0xB9AC, 0x78E8, 0x3843, 0x1001, 0x0800, 0x0021, 0x0040, 0x0040, 0x0020, 0x0020, 0x0040, 0x0020, 0x0000, 0x0000, 0x0000, 0x0020, // 0x2470 (9328) pixels
    0x0000, 0x0000, 0x0000, 0x0000, 0x0800, 0x0800, 0x0000, 0x0000, 0x3002, 0x7908, 0x8129, 0x3884, 0x0841, 0x0000, 0x0000, 0x0000, // 0x2480 (9344) pixels
    0x0000, 0x0000, 0x0000, 0x0000, 0x0000, 0x0000, 0x0000, 0x0000, 0x0000, 0x0000, 0x0000, 0x0000, 0x0000, 0x0000, 0x0000, 0x0000, // 0x2490 (9360) pixels
    0x0000, 0x0000, 0x0000, 0x0000, 0x0000, 0x0000, 0x0000, 0x0000, 0x0000, 0x0000, 0x0000, 0x0000, 0x0000, 0x0000, 0x0000, 0x0000, // 0x24A0 (9376) pixels
    0x0000, 0x0000, 0x0000, 0x0000, 0x0000, 0x0000, 0x0000, 0x0000, 0x0000, 0x0000, 0x0000, 0x0000, 0x0000, 0x0000, 0x0000, 0x0000, // 0x24B0 (9392) pixels
    0x0000, 0x0000, 0x0000, 0x0000, 0x0000, 0x0000, 0x0000, 0x0000, 0x0000, 0x0000, 0x0000, 0x0000, 0x0000, 0x0000, 0x0000, 0x0000, // 0x24C0 (9408) pixels
    0x0020, 0x0000, 0x0000, 0x0000, 0x0000, 0x0000, 0x0000, 0x0000, 0x0000, 0x0000, 0x0020, 0x0040, 0x0020, 0x0800, 0x4084, 0x89EB, // 0x24D0 (9424) pixels
    0xF2B1, 0xFB13, 0xEAB1, 0xC20D, 0xBA0D, 0xCA4E, 0xEA2F, 0xFA10, 0xC9AD, 0x9929, 0x6107, 0x5106, 0x58E6, 0x58C6, 0x4064, 0x2822, // 0x24E0 (9440) pixels
    0x1800, 0x0800, 0x0000, 0x0800, 0x0800, 0x0800, 0x0000, 0x0020, 0x0000, 0x0000, 0x0000, 0x0000, 0x0000, 0x0000, 0x0000, 0x0000, // 0x24F0 (9456) pixels
    0x0000, 0x1822, 0x2863, 0x2042, 0x0821, 0x0020, 0x0000, 0x0800, 0x0000, 0x0000, 0x0000, 0x0000, 0x0000, 0x0000, 0x0000, 0x0000, // 0x2500 (9472) pixels
    0x0000, 0x0000, 0x0000, 0x0000, 0x0000, 0x0000, 0x0000, 0x0000, 0x0000, 0x0000, 0x0000, 0x0000, 0x0000, 0x0000, 0x0000, 0x0000, // 0x2510 (9488) pixels
    0x0000, 0x0000, 0x0000, 0x0000, 0x0000, 0x0000, 0x0000, 0x0000, 0x0000, 0x0000, 0x0000, 0x0000, 0x0000, 0x0000, 0x0000, 0x0000, // 0x2520 (9504) pixels
    0x0000, 0x0000, 0x0000, 0x0000, 0x0000, 0x0000, 0x0000, 0x0000, 0x0000, 0x0000, 0x0000, 0x0000, 0x0000, 0x0000, 0x0000, 0x0000, // 0x2530 (9520) pixels
    0x0000, 0x0000, 0x0000, 0x0000, 0x0000, 0x0000, 0x0000, 0x0000, 0x0020, 0x0000, 0x0000, 0x0000, 0x0000, 0x0000, 0x0000, 0x0000, // 0x2540 (9536) pixels
    0x0000, 0x0000, 0x0000, 0x0000, 0x0000, 0x0800, 0x2801, 0x6927, 0xDA0E, 0xF2F2, 0xEAF2, 0xC22E, 0xA9CC, 0xA9AC, 0xC94C, 0xE14D, // 0x2550 (9552) pixels
    0xF9AF, 0xE20F, 0xCA8F, 0xCA8F, 0xDA4F, 0xEA2F, 0xDA0F, 0xC1CD, 0x99AB, 0x7948, 0x48C5, 0x2042, 0x1000, 0x0800, 0x0000, 0x0000, // 0x2560 (9568) pixels
    0x0000, 0x0000, 0x0000, 0x0020, 0x0000, 0x0000, 0x0000, 0x0000, 0x0041, 0x0020, 0x0000, 0x0800, 0x0000, 0x0020, 0x0000, 0x1000, // 0x2570 (9584) pixels
    0x0000, 0x0000, 0x0000, 0x0000, 0x0000, 0x0000, 0x0000, 0x0000, 0x0000, 0x0000, 0x0000, 0x0000, 0x0000, 0x0000, 0x0000, 0x0000, // 0x2580 (9600) pixels
    0x0000, 0x0000, 0x0000, 0x0000, 0x0000, 0x0000, 0x0000, 0x0000, 0x0000, 0x0000, 0x0000, 0x0000, 0x0000, 0x0000, 0x0000, 0x0000, // 0x2590 (9616) pixels
    0x0000, 0x0000, 0x0000, 0x0000, 0x0000, 0x0000, 0x0000, 0x0000, 0x0000, 0x0000, 0x0000, 0x0000, 0x0000, 0x0000, 0x0000, 0x0000, // 0x25A0 (9632) pixels
    0x0000, 0x0000, 0x0000, 0x0000, 0x0000, 0x0000, 0x0000, 0x0000, 0x0000, 0x0000, 0x0000, 0x0000, 0x0000, 0x0000, 0x0000, 0x0000, // 0x25B0 (9648) pixels
    0x0000, 0x0000, 0x0000, 0x0000, 0x0000, 0x0000, 0x0000, 0x0000, 0x0000, 0x0000, 0x0000, 0x0000, 0x0000, 0x0000, 0x0820, 0x1082, // 0x25C0 (9664) pixels
    0x892A, 0xDA90, 0xFAF2, 0xE28F, 0x7188, 0x1882, 0x2883, 0x5065, 0x78E7, 0x7948, 0x79A9, 0x7188, 0x7948, 0xA1AB, 0xDA6F, 0xFAF2, // 0x25D0 (9680) pixels
    0xFAD3, 0xEAB2, 0xD250, 0xB9CD, 0x992A, 0x88E9, 0x8149, 0x81CA, 0x5188, 0x2863, 0x0800, 0x0000, 0x0020, 0x0000, 0x0000, 0x0800, // 0x25E0 (9696) pixels
    0x0000, 0x0000, 0x0020, 0x0000, 0x0800, 0x0800, 0x0000, 0x0020, 0x0000, 0x0000, 0x0000, 0x0000, 0x0000, 0x0000, 0x0000, 0x0000, // 0x25F0 (9712) pixels
    0x0000, 0x0000, 0x0000, 0x0000, 0x0000, 0x0000, 0x0000, 0x0000, 0x0000, 0x0000, 0x0000, 0x0000, 0x0000, 0x0000, 0x0000, 0x0000, // 0x2600 (9728) pixels
    0x0000, 0x0000, 0x0000, 0x0000, 0x0000, 0x0000, 0x0000, 0x0000, 0x0000, 0x0000, 0x0000, 0x0000, 0x0000, 0x0000, 0x0000, 0x0000, // 0x2610 (9744) pixels
    0x0000, 0x0000, 0x0000, 0x0000, 0x0000, 0x0000, 0x0000, 0x0000, 0x0000, 0x0000, 0x0000, 0x0000, 0x0000, 0x0000, 0x0000, 0x0000, // 0x2620 (9760) pixels
    0x0000, 0x0000, 0x0000, 0x0000, 0x0000, 0x0000, 0x0000, 0x0000, 0x0000, 0x0000, 0x0000, 0x0000, 0x0000, 0x0000, 0x0000, 0x0000, // 0x2630 (9776) pixels
    0x0000, 0x0000, 0x0000, 0x0000, 0x0000, 0x0000, 0x0000, 0x1061, 0x8109, 0xD290, 0xFAF2, 0xE26F, 0x7128, 0x1000, 0x0000, 0x1800, // 0x2640 (9792) pixels
    0x1800, 0x1801, 0x1021, 0x0800, 0x1000, 0x3843, 0x60E6, 0x8169, 0x81AB, 0x796A, 0x7969, 0x91CC, 0xC28F, 0xEB12, 0xFB33, 0xFB13, // 0x2650 (9808) pixels
    0xD24F, 0xB18C, 0x914A, 0x7969, 0x6168, 0x4906, 0x2863, 0x1801, 0x1000, 0x0000, 0x0000, 0x0000, 0x0000, 0x0800, 0x0000, 0x0020, // 0x2660 (9824) pixels
    0x0000, 0x0000, 0x0000, 0x0000, 0x0000, 0x0000, 0x0000, 0x0000, 0x0000, 0x0000, 0x0000, 0x0000, 0x0000, 0x0000, 0x0000, 0x0000, // 0x2670 (9840) pixels
    0x0000, 0x0000, 0x0000, 0x0000, 0x0000, 0x0000, 0x0000, 0x0000, 0x0000, 0x0000, 0x0000, 0x0000, 0x0000, 0x0000, 0x0000, 0x0000, // 0x2680 (9856) pixels
    0x0000, 0x0000, 0x0000, 0x0000, 0x0000, 0x0000, 0x0000, 0x0000, 0x0000, 0x0000, 0x0000, 0x0000, 0x0000, 0x0000, 0x0000, 0x0000, // 0x2690 (9872) pixels
    0x0000, 0x0000, 0x0000, 0x0000, 0x0000, 0x0000, 0x0000, 0x0000, 0x0000, 0x0000, 0x0000, 0x0000, 0x0000, 0x0000, 0x0000, 0x0000, // 0x26A0 (9888) pixels
    0x0000, 0x0000, 0x0000, 0x0000, 0x0000, 0x0000, 0x0000, 0x0000, 0x0000, 0x0000, 0x0000, 0x0000, 0x0000, 0x0000, 0x0000, 0x0821, // 0x26B0 (9904) pixels
    0x60C7, 0xBA4E, 0xFB13, 0xF2B1, 0x8969, 0x1821, 0x0000, 0x0000, 0x0000, 0x0020, 0x0020, 0x0020, 0x0000, 0x0000, 0x0000, 0x1000, // 0x26C0 (9920) pixels
    0x0841, 0x0001, 0x0801, 0x3063, 0x6128, 0x91CB, 0xA9EC, 0xA9AC, 0xB9EE, 0xC20E, 0xBA0E, 0xC22E, 0xC28F, 0xC2F0, 0xAA6E, 0x8169, // 0x26D0 (9936) pixels
    0x38C4, 0x1000, 0x0000, 0x0000, 0x0000, 0x0000, 0x0000, 0x0000, 0x0000, 0x0000, 0x0000, 0x0000, 0x0000, 0x0000, 0x0000, 0x0000, // 0x26E0 (9952) pixels
    0x0000, 0x0000, 0x0000, 0x0000, 0x0000, 0x0000, 0x0000, 0x0000, 0x0000, 0x0000, 0x0000, 0x0000, 0x0000, 0x0000, 0x0000, 0x0000, // 0x26F0 (9968) pixels
    0x0000, 0x0000, 0x0000, 0x0000, 0x0000, 0x0000, 0x0000, 0x0000, 0x0000, 0x0000, 0x0000, 0x0000, 0x0000, 0x0000, 0x0000, 0x0000, // 0x2700 (9984) pixels
    0x0000, 0x0000, 0x0000, 0x0000, 0x0000, 0x0000, 0x0000, 0x0000, 0x0000, 0x0000, 0x0000, 0x0000, 0x0000, 0x0000, 0x0000, 0x0000, // 0x2710 (10000) pixels
    0x0000, 0x0000, 0x0000, 0x0000, 0x0000, 0x0000, 0x0000, 0x0000, 0x0000, 0x0000, 0x0000, 0x0000, 0x0000, 0x0000, 0x0000, 0x0000, // 0x2720 (10016) pixels
    0x0000, 0x0000, 0x0000, 0x0000, 0x0000, 0x0000, 0x0000, 0x0000, 0x3023, 0x89CB, 0xE2D1, 0xF2D1, 0xA1AA, 0x2822, 0x0000, 0x0020, // 0x2730 (10032) pixels
    0x0000, 0x0000, 0x0000, 0x0020, 0x0000, 0x0000, 0x0000, 0x0000, 0x0000, 0x0000, 0x0000, 0x0000, 0x0800, 0x0801, 0x1021, 0x1041, // 0x2740 (10048) pixels
    0x1863, 0x38C5, 0x50A6, 0x78E8, 0xBA2E, 0xFBB5, 0xFBF6, 0xE2B1, 0x6168, 0x2022, 0x0000, 0x0000, 0x0000, 0x0000, 0x0000, 0x0000, // 0x2750 (10064) pixels
    0x0000, 0x0000, 0x0000, 0x0000, 0x0000, 0x0000, 0x0000, 0x0000, 0x0000, 0x0000, 0x0000, 0x0000, 0x0000, 0x0000, 0x0000, 0x0000, // 0x2760 (10080) pixels
    0x0000, 0x0000, 0x0000, 0x0000, 0x0000, 0x0000, 0x0000, 0x0000, 0x0000, 0x0000, 0x0000, 0x0000, 0x0000, 0x0000, 0x0000, 0x0000, // 0x2770 (10096) pixels
    0x0000, 0x0000, 0x0000, 0x0000, 0x0000, 0x0000, 0x0000, 0x0000, 0x0000, 0x0000, 0x0000, 0x0000, 0x0000, 0x0000, 0x0000, 0x0000, // 0x2780 (10112) pixels
    0x0000, 0x0000, 0x0000, 0x0000, 0x0000, 0x0000, 0x0000, 0x0000, 0x0000, 0x0000, 0x0000, 0x0000, 0x0000, 0x0000, 0x0000, 0x0000, // 0x2790 (10128) pixels
    0x0000, 0x0000, 0x0000, 0x0000, 0x0000, 0x0000, 0x0000, 0x0000, 0x0000, 0x0000, 0x0000, 0x0000, 0x0000, 0x0000, 0x0000, 0x0000, // 0x27A0 (10144) pixels
    0x0000, 0x48E6, 0xA9EC, 0xDA6F, 0xB1CB, 0x4063, 0x0000, 0x0020, 0x0800, 0x0000, 0x0800, 0x0800, 0x0000, 0x0000, 0x0000, 0x0000, // 0x27B0 (10160) pixels
    0x1000, 0x0800, 0x0000, 0x0020, 0x0000, 0x0000, 0x0000, 0x1042, 0x2064, 0x40A5, 0x58A6, 0x8909, 0xBA2E, 0xEB53, 0xF373, 0xCA4F, // 0x27C0 (10176) pixels
    0x5927, 0x1821, 0x0000, 0x0000, 0x0000, 0x0000, 0x0000, 0x0000, 0x0000, 0x0000, 0x0000, 0x0000, 0x0000, 0x0000, 0x0000, 0x0000, // 0x27D0 (10192) pixels
    0x0000, 0x0000, 0x0000, 0x0000, 0x0000, 0x0000, 0x0000, 0x0000, 0x0000, 0x0000, 0x0000, 0x0000, 0x0000, 0x0000, 0x0000, 0x0000, // 0x27E0 (10208) pixels
    0x0000, 0x0000, 0x0000, 0x0000, 0x0000, 0x0000, 0x0000, 0x0000, 0x0000, 0x0000, 0x0000, 0x0000, 0x0000, 0x0000, 0x0000, 0x0000, // 0x27F0 (10224) pixels
    0x0000, 0x0000, 0x0000, 0x0000, 0x0000, 0x0000, 0x0000, 0x0000, 0x0000, 0x0000, 0x0000, 0x0000, 0x0000, 0x0000, 0x0000, 0x0000, // 0x2800 (10240) pixels
    0x0000, 0x0000, 0x0000, 0x0000, 0x0000, 0x0000, 0x0000, 0x0000, 0x0000, 0x0000, 0x0000, 0x0000, 0x0000, 0x0000, 0x0000, 0x0000, // 0x2810 (10256) pixels
    0x0000, 0x0000, 0x0000, 0x0000, 0x0000, 0x0000, 0x0000, 0x0000, 0x0000, 0x2062, 0x6907, 0xB1EB, 0xB20C, 0x6106, 0x1821, 0x0020, // 0x2820 (10272) pixels
    0x0000, 0x0000, 0x0000, 0x0000, 0x0000, 0x0000, 0x0020, 0x0020, 0x0000, 0x0000, 0x0000, 0x0000, 0x0801, 0x2802, 0x60A6, 0x912A, // 0x2830 (10288) pixels
    0xDA2F, 0xDA30, 0xDA50, 0xD270, 0xB20D, 0x89AB, 0x6968, 0x48E5, 0x2842, 0x0800, 0x0000, 0x0020, 0x0000, 0x0000, 0x0000, 0x0020, // 0x2840 (10304) pixels
    0x0000, 0x0000, 0x0000, 0x0000, 0x0000, 0x0000, 0x0000, 0x0000, 0x0000, 0x0000, 0x0000, 0x0000, 0x0000, 0x0000, 0x0000, 0x0000, // 0x2850 (10320) pixels
    0x0000, 0x0000, 0x0000, 0x0000, 0x0000, 0x0000, 0x0000, 0x0000, 0x0000, 0x0000, 0x0000, 0x0000, 0x0000, 0x0000, 0x0000, 0x0000, // 0x2860 (10336) pixels
    0x0000, 0x0000, 0x0000, 0x0000, 0x0000, 0x0000, 0x0000, 0x0000, 0x0000, 0x0000, 0x0000, 0x0000, 0x0000, 0x0000, 0x0000, 0x0000, // 0x2870 (10352) pixels
    0x0000, 0x0000, 0x0000, 0x0000, 0x0000, 0x0000, 0x0000, 0x0000, 0x0000, 0x0000, 0x0000, 0x0000, 0x0000, 0x0000, 0x0000, 0x0000, // 0x2880 (10368) pixels
    0x0000, 0x0000, 0x0000, 0x0000, 0x0000, 0x0000, 0x0000, 0x0000, 0x0000, 0x0000, 0x0000, 0x0000, 0x0000, 0x0000, 0x0000, 0x0000, // 0x2890 (10384) pixels
    0x0021, 0x0841, 0x40A4, 0x8968, 0xA1CA, 0x6926, 0x2021, 0x0000, 0x0000, 0x0000, 0x0020, 0x0020, 0x0020, 0x0000, 0x0000, 0x0800, // 0x28A0 (10400) pixels
    0x0000, 0x2062, 0x40C5, 0x6107, 0x7949, 0xA1ED, 0xCA90, 0xE2F2, 0xE250, 0xC9EE, 0xB1ED, 0x918A, 0x5085, 0x1801, 0x0000, 0x0000, // 0x28B0 (10416) pixels
    0x0800, 0x0000, 0x0020, 0x0000, 0x0000, 0x0000, 0x0000, 0x0020, 0x0000, 0x0000, 0x0000, 0x0000, 0x0000, 0x0000, 0x0000, 0x0000, // 0x28C0 (10432) pixels
    0x0000, 0x0000, 0x0000, 0x0000, 0x0000, 0x0000, 0x0000, 0x0000, 0x0000, 0x0000, 0x0000, 0x0000, 0x0000, 0x0000, 0x0000, 0x0000, // 0x28D0 (10448) pixels
    0x0000, 0x0000, 0x0000, 0x0000, 0x0000, 0x0000, 0x0000, 0x0000, 0x0000, 0x0000, 0x0000, 0x0000, 0x0000, 0x0000, 0x0000, 0x0000, // 0x28E0 (10464) pixels
    0x0000, 0x0000, 0x0000, 0x0000, 0x0000, 0x0000, 0x0000, 0x0000, 0x0000, 0x0000, 0x0000, 0x0000, 0x0000, 0x0000, 0x0000, 0x0000, // 0x28F0 (10480) pixels
    0x0000, 0x0000, 0x0000, 0x0000, 0x0000, 0x0000, 0x0000, 0x0000, 0x0000, 0x0000, 0x0000, 0x0000, 0x0000, 0x0000, 0x0000, 0x0000, // 0x2900 (10496) pixels
    0x0000, 0x0000, 0x0000, 0x0000, 0x0000, 0x0000, 0x0000, 0x0000, 0x0000, 0x0020, 0x3083, 0x7127, 0x91A9, 0x7167, 0x3083, 0x0800, // 0x2910 (10512) pixels
    0x0800, 0x0000, 0x0000, 0x0020, 0x0000, 0x0800, 0x1801, 0x2842, 0x6927, 0x99CB, 0xDA4F, 0xFA92, 0xFAD3, 0xE2D2, 0xBA0F, 0x892B, // 0x2920 (10528) pixels
    0x40E5, 0x2022, 0x1821, 0x1000, 0x0000, 0x0020, 0x0000, 0x0020, 0x0000, 0x0000, 0x0020, 0x0000, 0x0800, 0x0800, 0x0000, 0x0020, // 0x2930 (10544) pixels
    0x0000, 0x0000, 0x0000, 0x0000, 0x0000, 0x0000, 0x0000, 0x0000, 0x0000, 0x0000, 0x0000, 0x0000, 0x0000, 0x0000, 0x0000, 0x0000, // 0x2940 (10560) pixels
    0x0000, 0x0000, 0x0000, 0x0000, 0x0000, 0x0000, 0x0000, 0x0000, 0x0000, 0x0000, 0x0000, 0x0000, 0x0000, 0x0000, 0x0000, 0x0000, // 0x2950 (10576) pixels
    0x0000, 0x0000, 0x0000, 0x0000, 0x0000, 0x0000, 0x0000, 0x0000, 0x0000, 0x0000, 0x0000, 0x0000, 0x0000, 0x0000, 0x0000, 0x0000, // 0x2960 (10592) pixels
    0x0000, 0x0000, 0x0000, 0x0000, 0x0000, 0x0000, 0x0000, 0x0000, 0x0000, 0x0000, 0x0000, 0x0000, 0x0000, 0x0000, 0x0000, 0x0000, // 0x2970 (10608) pixels
    0x0000, 0x0000, 0x0000, 0x0000, 0x0000, 0x0000, 0x0000, 0x0000, 0x0000, 0x0000, 0x0000, 0x0000, 0x0000, 0x0000, 0x0000, 0x0000, // 0x2980 (10624) pixels
    0x0000, 0x1021, 0x0820, 0x40E5, 0x8928, 0x9189, 0x2862, 0x0000, 0x0001, 0x0000, 0x0000, 0x2043, 0x4085, 0x68C7, 0x89AB, 0xA24D, // 0x2990 (10640) pixels
    0xE9CE, 0xEA50, 0xE290, 0xBA4E, 0x89CA, 0x5947, 0x30A4, 0x1021, 0x0000, 0x0000, 0x0000, 0x0000, 0x0000, 0x0000, 0x0000, 0x0000, // 0x29A0 (10656) pixels
    0x0000, 0x0000, 0x0000, 0x0000, 0x0000, 0x0000, 0x0000, 0x0000, 0x0000, 0x0000, 0x0000, 0x0000, 0x0000, 0x0000, 0x0000, 0x0000, // 0x29B0 (10672) pixels
    0x0000, 0x0000, 0x0000, 0x0000, 0x0000, 0x0000, 0x0000, 0x0000, 0x0000, 0x0000, 0x0000, 0x0000, 0x0000, 0x0000, 0x0000, 0x0000, // 0x29C0 (10688) pixels
    0x0000, 0x0000, 0x0000, 0x0000, 0x0000, 0x0000, 0x0000, 0x0000, 0x0000, 0x0000, 0x0000, 0x0000, 0x0000, 0x0000, 0x0000, 0x0000, // 0x29D0 (10704) pixels
    0x0000, 0x0000, 0x0000, 0x0000, 0x0000, 0x0000, 0x0000, 0x0000, 0x0000, 0x0000, 0x0000, 0x0000, 0x0000, 0x0000, 0x0000, 0x0000, // 0x29E0 (10720) pixels
    0x0000, 0x0000, 0x0000, 0x0000, 0x0000, 0x0000, 0x0000, 0x0000, 0x0000, 0x0000, 0x0000, 0x0000, 0x0000, 0x0000, 0x0000, 0x0000, // 0x29F0 (10736) pixels
    0x0000, 0x0000, 0x0000, 0x0000, 0x0000, 0x0000, 0x0000, 0x0000, 0x0000, 0x0841, 0x0000, 0x40C4, 0x998A, 0x99CA, 0x30A3, 0x0020, // 0x2A00 (10752) pixels
    0x0000, 0x2043, 0x48A6, 0x898B, 0xCA4F, 0xEAB2, 0xEAF2, 0xD290, 0x8189, 0x7148, 0x58A5, 0x3022, 0x1800, 0x0000, 0x0000, 0x0020, // 0x2A10 (10768) pixels
    0x0000, 0x0000, 0x0000, 0x0000, 0x0000, 0x0000, 0x0000, 0x0000, 0x0000, 0x0000, 0x0000, 0x0000, 0x0000, 0x0000, 0x0000, 0x0000, // 0x2A20 (10784) pixels
    0x0000, 0x0000, 0x0000, 0x0000, 0x0000, 0x0000, 0x0000, 0x0000, 0x0000, 0x0000, 0x0000, 0x0000, 0x0000, 0x0000, 0x0000, 0x0000, // 0x2A30 (10800) pixels
    0x0000, 0x0000, 0x0000, 0x0000, 0x0000, 0x0000, 0x0000, 0x0000, 0x0000, 0x0000, 0x0000, 0x0000, 0x0000, 0x0000, 0x0000, 0x0000, // 0x2A40 (10816) pixels
    0x0000, 0x0000, 0x0000, 0x0000, 0x0000, 0x0000, 0x0000, 0x0000, 0x0000, 0x0000, 0x0000, 0x0000, 0x0000, 0x0000, 0x0000, 0x0000, // 0x2A50 (10832) pixels
    0x0000, 0x0000, 0x0000, 0x0000, 0x0000, 0x0000, 0x0000, 0x0000, 0x0000, 0x0000, 0x0000, 0x0000, 0x0000, 0x0000, 0x0000, 0x0000, // 0x2A60 (10848) pixels
    0x0000, 0x0000, 0x0000, 0x0000, 0x0000, 0x0000, 0x0000, 0x0000, 0x0020, 0x0040, 0x0000, 0x0000, 0x0000, 0x0000, 0x0000, 0x0000, // 0x2A70 (10864) pixels
    0x0800, 0x0821, 0x0800, 0x40A4, 0xA18A, 0xA9CC, 0x7127, 0x5926, 0x894A, 0xA1EC, 0xB20D, 0xBA0D, 0xB9ED, 0xB1ED, 0x918B, 0x68E7, // 0x2A80 (10880) pixels
    0x1882, 0x0820, 0x0000, 0x0000, 0x0000, 0x0000, 0x0020, 0x0040, 0x0000, 0x0000, 0x0000, 0x0000, 0x0000, 0x0000, 0x0000, 0x0000, // 0x2A90 (10896) pixels
    0x0000, 0x0000, 0x0000, 0x0000, 0x0000, 0x0000, 0x0000, 0x0000, 0x0000, 0x0000, 0x0000, 0x0000, 0x0000, 0x0000, 0x0000, 0x0000, // 0x2AA0 (10912) pixels
    0x0000, 0x0000, 0x0000, 0x0000, 0x0000, 0x0000, 0x0000, 0x0000, 0x0000, 0x0000, 0x0000, 0x0000, 0x0000, 0x0000, 0x0000, 0x0000, // 0x2AB0 (10928) pixels
    0x0000, 0x0000, 0x0000, 0x0000, 0x0000, 0x0000, 0x0000, 0x0000, 0x0000, 0x0000, 0x0000, 0x0000, 0x0000, 0x0000, 0x0000, 0x0000, // 0x2AC0 (10944) pixels
    0x0000, 0x0000, 0x0000, 0x0000, 0x0000, 0x0000, 0x0000, 0x0000, 0x0000, 0x0000, 0x0000, 0x0000, 0x0000, 0x0000, 0x0000, 0x0000, // 0x2AD0 (10960) pixels
    0x0000, 0x0000, 0x0000, 0x0000, 0x0000, 0x0000, 0x0000, 0x0000, 0x0000, 0x0000, 0x0000, 0x0000, 0x0000, 0x0000, 0x0000, 0x0000, // 0x2AE0 (10976) pixels
    0x0000, 0x0020, 0x0000, 0x0000, 0x0020, 0x0000, 0x0000, 0x0821, 0x1021, 0x0821, 0x0800, 0x40C5, 0x99AA, 0xC1CC, 0xB9AC, 0xB1CC, // 0x2AF0 (10992) pixels
    0xEA70, 0xD2B0, 0xA22D, 0x5907, 0x3023, 0x2022, 0x1021, 0x0000, 0x0020, 0x0000, 0x0000, 0x0020, 0x0841, 0x0800, 0x0800, 0x0800, // 0x2B00 (11008) pixels
    0x0000, 0x0000, 0x0000, 0x0000, 0x0000, 0x0000, 0x0000, 0x0000, 0x0000, 0x0000, 0x0000, 0x0000, 0x0000, 0x0000, 0x0000, 0x0000, // 0x2B10 (11024) pixels
    0x0000, 0x0000, 0x0000, 0x0000, 0x0000, 0x0000, 0x0000, 0x0000, 0x0000, 0x0000, 0x0000, 0x0000, 0x0000, 0x0000, 0x0000, 0x0000, // 0x2B20 (11040) pixels
    0x0000, 0x0000, 0x0000, 0x0000, 0x0000, 0x0000, 0x0000, 0x0000, 0x0000, 0x0000, 0x0000, 0x0000, 0x0000, 0x0000, 0x0000, 0x0000, // 0x2B30 (11056) pixels
    0x0000, 0x0000, 0x0000, 0x0000, 0x0000, 0x0000, 0x0000, 0x0000, 0x0000, 0x0000, 0x0000, 0x0000, 0x0000, 0x0000, 0x0000, 0x0000, // 0x2B40 (11072) pixels
    0x0000, 0x0000, 0x0000, 0x0000, 0x0000, 0x0000, 0x0000, 0x0000, 0x0000, 0x0000, 0x0000, 0x0000, 0x0000, 0x0000, 0x0000, 0x0000, // 0x2B50 (11088) pixels
    0x0000, 0x0000, 0x0000, 0x0000, 0x0000, 0x0000, 0x0000, 0x0000, 0x0000, 0x0000, 0x0020, 0x0020, 0x0800, 0x0800, 0x1801, 0x3063, // 0x2B60 (11104) pixels
    0x2042, 0x1821, 0x3063, 0x7148, 0xA9EC, 0xC1ED, 0xCA2D, 0xA9AB, 0x6928, 0x5106, 0x28C4, 0x0000, 0x0000, 0x0000, 0x0020, 0x0020, // 0x2B70 (11120) pixels
    0x0000, 0x0000, 0x0000, 0x0000, 0x0000, 0x0800, 0x0800, 0x0800, 0x0000, 0x0000, 0x0000, 0x0000, 0x0000, 0x0000, 0x0000, 0x0000, // 0x2B80 (11136) pixels
    0x0000, 0x0000, 0x0000, 0x0000, 0x0000, 0x0000, 0x0000, 0x0000, 0x0000, 0x0000, 0x0000, 0x0000, 0x0000, 0x0000, 0x0000, 0x0000, // 0x2B90 (11152) pixels
    0x0000, 0x0000, 0x0000, 0x0000, 0x0000, 0x0000, 0x0000, 0x0000, 0x0000, 0x0000, 0x0000, 0x0000, 0x0000, 0x0000, 0x0000, 0x0000, // 0x2BA0 (11168) pixels
    0x0000, 0x0000, 0x0000, 0x0000, 0x0000, 0x0000, 0x0000, 0x0000, 0x0000, 0x0000, 0x0000, 0x0000, 0x0000, 0x0000, 0x0000, 0x0000, // 0x2BB0 (11184) pixels
    0x0000, 0x0000, 0x0000, 0x0000, 0x0000, 0x0000, 0x0000, 0x0000, 0x0000, 0x0000, 0x0000, 0x0000, 0x0000, 0x0000, 0x0000, 0x0000, // 0x2BC0 (11200) pixels
    0x0000, 0x0000, 0x0000, 0x0000, 0x0000, 0x0000, 0x0000, 0x0000, 0x0000, 0x0000, 0x0000, 0x0000, 0x0000, 0x0000, 0x0000, 0x0000, // 0x2BD0 (11216) pixels
    0x0000, 0x0020, 0x0000, 0x0800, 0x1000, 0x3823, 0x6107, 0x89CB, 0x6948, 0x6948, 0x99AB, 0xCA0E, 0xDA2F, 0xCA0E, 0xC22E, 0x7948, // 0x2BE0 (11232) pixels
    0x0020, 0x0000, 0x0000, 0x0000, 0x0800, 0x1000, 0x0000, 0x0000, 0x0000, 0x0000, 0x0020, 0x0000, 0x0000, 0x0000, 0x0020, 0x0020, // 0x2BF0 (11248) pixels
    0x0000, 0x0000, 0x0000, 0x0000, 0x0000, 0x0000, 0x0000, 0x0000, 0x0000, 0x0000, 0x0000, 0x0000, 0x0000, 0x0000, 0x0000, 0x0000, // 0x2C00 (11264) pixels
    0x0000, 0x0000, 0x0000, 0x0000, 0x0000, 0x0000, 0x0000, 0x0000, 0x0000, 0x0000, 0x0000, 0x0000, 0x0000, 0x0000, 0x0000, 0x0000, // 0x2C10 (11280) pixels
    0x0000, 0x0000, 0x0000, 0x0000, 0x0000, 0x0000, 0x0000, 0x0000, 0x0000, 0x0000, 0x0000, 0x0000, 0x0000, 0x0000, 0x0000, 0x0000, // 0x2C20 (11296) pixels
    0x0000, 0x0000, 0x0000, 0x0000, 0x0000, 0x0000, 0x0000, 0x0000, 0x0000, 0x0000, 0x0000, 0x0000, 0x0000, 0x0000, 0x0000, 0x0000, // 0x2C30 (11312) pixels
    0x0000, 0x0000, 0x0000, 0x0000, 0x0000, 0x0000, 0x0000, 0x0000, 0x0000, 0x0000, 0x0000, 0x0000, 0x0000, 0x0000, 0x0000, 0x0000, // 0x2C40 (11328) pixels
    0x0000, 0x0000, 0x0000, 0x0000, 0x0000, 0x0000, 0x0000, 0x0000, 0x0000, 0x0000, 0x0000, 0x1000, 0x4064, 0x8A0B, 0xCB11, 0xDAF1, // 0x2C50 (11344) pixels
    0xA20D, 0x9A2C, 0xBA4E, 0xC1ED, 0xB9ED, 0xB1CC, 0xC24E, 0x7948, 0x1862, 0x0000, 0x0000, 0x0000, 0x0800, 0x0800, 0x0000, 0x0040, // 0x2C60 (11360) pixels
    0x0000, 0x0020, 0x0020, 0x0000, 0x0000, 0x0000, 0x0020, 0x0000, 0x0000, 0x0000, 0x0000, 0x0000, 0x0000, 0x0000, 0x0000, 0x0000, // 0x2C70 (11376) pixels
    0x0000, 0x0000, 0x0000, 0x0000, 0x0000, 0x0000, 0x0000, 0x0000, 0x0000, 0x0000, 0x0000, 0x0000, 0x0000, 0x0000, 0x0000, 0x0000, // 0x2C80 (11392) pixels
    0x0000, 0x0000, 0x0000, 0x0000, 0x0000, 0x0000, 0x0000, 0x0000, 0x0000, 0x0000, 0x0000, 0x0000, 0x0000, 0x0000, 0x0000, 0x0000, // 0x2C90 (11408) pixels
    0x0000, 0x0000, 0x0000, 0x0000, 0x0000, 0x0000, 0x0000, 0x0000, 0x0000, 0x0000, 0x0000, 0x0000, 0x0000, 0x0000, 0x0000, 0x0000, // 0x2CA0 (11424) pixels
    0x0000, 0x0000, 0x0000, 0x0000, 0x0000, 0x0000, 0x0000, 0x0000, 0x0000, 0x0000, 0x0000, 0x0000, 0x0000, 0x0000, 0x0000, 0x0000, // 0x2CB0 (11440) pixels
    0x0000, 0x0000, 0x0000, 0x0000, 0x0000, 0x0000, 0x0000, 0x0000, 0x0000, 0x0000, 0x0000, 0x0000, 0x0000, 0x0000, 0x0000, 0x0000, // 0x2CC0 (11456) pixels
    0x0000, 0x0000, 0x0801, 0x3084, 0x79EA, 0xDBB3, 0xFBD5, 0xE270, 0x7908, 0x5907, 0x50A5, 0x4023, 0x50E6, 0x7969, 0xC24E, 0x996A, // 0x2CD0 (11472) pixels
    0x2001, 0x0000, 0x0020, 0x0040, 0x0020, 0x0020, 0x0000, 0x0800, 0x0000, 0x0000, 0x0000, 0x0000, 0x0000, 0x0000, 0x0000, 0x0000, // 0x2CE0 (11488) pixels
    0x0000, 0x0000, 0x0000, 0x0000, 0x0000, 0x0000, 0x0000, 0x0000, 0x0000, 0x0000, 0x0000, 0x0000, 0x0000, 0x0000, 0x0000, 0x0000, // 0x2CF0 (11504) pixels
    0x0000, 0x0000, 0x0000, 0x0000, 0x0000, 0x0000, 0x0000, 0x0000, 0x0000, 0x0000, 0x0000, 0x0000, 0x0000, 0x0000, 0x0000, 0x0000, // 0x2D00 (11520) pixels
    0x0000, 0x0000, 0x0000, 0x0000, 0x0000, 0x0000, 0x0000, 0x0000, 0x0000, 0x0000, 0x0000, 0x0000, 0x0000, 0x0000, 0x0000, 0x0000, // 0x2D10 (11536) pixels
    0x0000, 0x0000, 0x0000, 0x0000, 0x0000, 0x0000, 0x0000, 0x0000, 0x0000, 0x0000, 0x0000, 0x0000, 0x0000, 0x0000, 0x0000, 0x0000, // 0x2D20 (11552) pixels
    0x0000, 0x0000, 0x0000, 0x0000, 0x0000, 0x0000, 0x0000, 0x0000, 0x0000, 0x0000, 0x0000, 0x0000, 0x0000, 0x0000, 0x0000, 0x0000, // 0x2D30 (11568) pixels
    0x0000, 0x0000, 0x0000, 0x0000, 0x0000, 0x0000, 0x0000, 0x0000, 0x0020, 0x0000, 0x3063, 0x8949, 0xE290, 0xEB12, 0xB310, 0x4988, // 0x2D40 (11584) pixels
    0x1082, 0x0820, 0x0000, 0x0000, 0x1041, 0x48C5, 0xA9EB, 0xC18B, 0x5885, 0x1000, 0x0020, 0x0000, 0x0800, 0x0000, 0x0020, 0x0000, // 0x2D50 (11600) pixels
    0x0000, 0x0000, 0x0000, 0x0000, 0x0000, 0x0000, 0x0000, 0x0000, 0x0000, 0x0000, 0x0000, 0x0000, 0x0000, 0x0000, 0x0000, 0x0000, // 0x2D60 (11616) pixels
    0x0000, 0x0000, 0x0000, 0x0000, 0x0000, 0x0000, 0x0000, 0x0000, 0x0000, 0x0000, 0x0000, 0x0000, 0x0000, 0x0000, 0x0000, 0x0000, // 0x2D70 (11632) pixels
    0x0000, 0x0000, 0x0000, 0x0000, 0x0000, 0x0000, 0x0000, 0x0000, 0x0000, 0x0000, 0x0000, 0x0000, 0x0000, 0x0000, 0x0000, 0x0000, // 0x2D80 (11648) pixels
    0x0000, 0x0000, 0x0000, 0x0000, 0x0000, 0x0000, 0x0000, 0x0000, 0x0000, 0x0000, 0x0000, 0x0000, 0x0000, 0x0000, 0x0000, 0x0000, // 0x2D90 (11664) pixels
    0x0000, 0x0000, 0x0000, 0x0000, 0x0000, 0x0000, 0x0000, 0x0000, 0x0000, 0x0000, 0x0000, 0x0000, 0x0000, 0x0000, 0x0000, 0x0000, // 0x2DA0 (11680) pixels
    0x0000, 0x0000, 0x0000, 0x0000, 0x0000, 0x0000, 0x0000, 0x0000, 0x0000, 0x0000, 0x0000, 0x0000, 0x0000, 0x0000, 0x0000, 0x0000, // 0x2DB0 (11696) pixels
    0x0000, 0x1841, 0x6127, 0xA9EC, 0xCA2E, 0xA9CC, 0x6148, 0x1021, 0x0000, 0x0000, 0x0000, 0x0020, 0x1041, 0x48A4, 0xAA0C, 0xD20D, // 0x2DC0 (11712) pixels
    0x8169, 0x2022, 0x0020, 0x0000, 0x0000, 0x0000, 0x0020, 0x0000, 0x0000, 0x0000, 0x0000, 0x0000, 0x0000, 0x0000, 0x0000, 0x0000, // 0x2DD0 (11728) pixels
    0x0000, 0x0000, 0x0000, 0x0000, 0x0000, 0x0000, 0x0000, 0x0000, 0x0000, 0x0000, 0x0000, 0x0000, 0x0000, 0x0000, 0x0000, 0x0000, // 0x2DE0 (11744) pixels
    0x0000, 0x0000, 0x0000, 0x0000, 0x0000, 0x0000, 0x0000, 0x0000, 0x0000, 0x0000, 0x0000, 0x0000, 0x0000, 0x0000, 0x0000, 0x0000, // 0x2DF0 (11760) pixels
    0x0000, 0x0000, 0x0000, 0x0000, 0x0000, 0x0000, 0x0000, 0x0000, 0x0000, 0x0000, 0x0000, 0x0000, 0x0000, 0x0000, 0x0000, 0x0000, // 0x2E00 (11776) pixels
    0x0000, 0x0000, 0x0000, 0x0000, 0x0000, 0x0000, 0x0000, 0x0000, 0x0000, 0x0000, 0x0000, 0x0000, 0x0000, 0x0000, 0x0000, 0x0000, // 0x2E10 (11792) pixels
    0x0000, 0x0000, 0x0000, 0x0000, 0x0000, 0x0000, 0x0000, 0x0000, 0x0000, 0x0000, 0x0000, 0x0000, 0x0000, 0x0000, 0x0000, 0x0000, // 0x2E20 (11808) pixels
    0x0000, 0x0000, 0x0000, 0x0000, 0x0000, 0x0000, 0x0000, 0x0000, 0x0020, 0x3063, 0x91CA, 0xC24E, 0xB1EC, 0x6907, 0x2063, 0x0000, // 0x2E30 (11824) pixels
    0x0000, 0x0000, 0x0000, 0x0000, 0x1020, 0x4063, 0xAA0C, 0xEA90, 0xA20C, 0x3863, 0x0020, 0x0000, 0x0000, 0x0000, 0x0000, 0x0000, // 0x2E40 (11840) pixels
    0x0000, 0x0000, 0x0000, 0x0000, 0x0000, 0x0000, 0x0000, 0x0000, 0x0000, 0x0000, 0x0000, 0x0000, 0x0000, 0x0000, 0x0000, 0x0000, // 0x2E50 (11856) pixels
    0x0000, 0x0000, 0x0000, 0x0000, 0x0000, 0x0000, 0x0000, 0x0000, 0x0000, 0x0000, 0x0000, 0x0000, 0x0000, 0x0000, 0x0000, 0x0000, // 0x2E60 (11872) pixels
    0x0000, 0x0000, 0x0000, 0x0000, 0x0000, 0x0000, 0x0000, 0x0000, 0x0000, 0x0000, 0x0000, 0x0000, 0x0000, 0x0000, 0x0000, 0x0000, // 0x2E70 (11888) pixels
    0x0000, 0x0000, 0x0000, 0x0000, 0x0000, 0x0000, 0x0000, 0x0000, 0x0000, 0x0000, 0x0000, 0x0000, 0x0000, 0x0000, 0x0000, 0x0000, // 0x2E80 (11904) pixels
    0x0000, 0x0000, 0x0000, 0x0000, 0x0000, 0x0000, 0x0000, 0x0000, 0x0000, 0x0000, 0x0000, 0x0000, 0x0000, 0x0000, 0x0000, 0x0000, // 0x2E90 (11920) pixels
    0x0000, 0x0000, 0x0000, 0x0000, 0x0000, 0x0000, 0x0000, 0x0000, 0x0000, 0x0000, 0x0000, 0x0000, 0x0000, 0x0000, 0x0000, 0x0000, // 0x2EA0 (11936) pixels
    0x0000, 0x3022, 0x998A, 0xB9ED, 0x91AA, 0x40A5, 0x0821, 0x0040, 0x0000, 0x0000, 0x0000, 0x0000, 0x1020, 0x4063, 0xB20C, 0xEAB0, // 0x2EB0 (11952) pixels
    0xA1CB, 0x3043, 0x0020, 0x0000, 0x0000, 0x0000, 0x0000, 0x0800, 0x0000, 0x0000, 0x0000, 0x0000, 0x0000, 0x0000, 0x0000, 0x0000, // 0x2EC0 (11968) pixels
    0x0000, 0x0000, 0x0000, 0x0000, 0x0000, 0x0000, 0x0000, 0x0000, 0x0000, 0x0000, 0x0000, 0x0000, 0x0000, 0x0000, 0x0000, 0x0000, // 0x2ED0 (11984) pixels
    0x0000, 0x0000, 0x0000, 0x0000, 0x0000, 0x0000, 0x0000, 0x0000, 0x0000, 0x0000, 0x0000, 0x0000, 0x0000, 0x0000, 0x0000, 0x0000, // 0x2EE0 (12000) pixels
    0x0000, 0x0000, 0x0000, 0x0000, 0x0000, 0x0000, 0x0000, 0x0000, 0x0000, 0x0000, 0x0000, 0x0000, 0x0000, 0x0000, 0x0000, 0x0000, // 0x2EF0 (12016) pixels
    0x0000, 0x0000, 0x0000, 0x0000, 0x0000, 0x0000, 0x0000, 0x0000, 0x0000, 0x0000, 0x0000, 0x0000, 0x0000, 0x0000, 0x0000, 0x0000, // 0x2F00 (12032) pixels
    0x0000, 0x0000, 0x0000, 0x0000, 0x0000, 0x0000, 0x0000, 0x0000, 0x0000, 0x0000, 0x0000, 0x0000, 0x0000, 0x0000, 0x0000, 0x0000, // 0x2F10 (12048) pixels
    0x0000, 0x0000, 0x0000, 0x0000, 0x0000, 0x0000, 0x0000, 0x0000, 0x0020, 0x3022, 0xA1AB, 0xB9ED, 0x89AA, 0x30A4, 0x0000, 0x0020, // 0x2F20 (12064) pixels
    0x0000, 0x0000, 0x0000, 0x0000, 0x1021, 0x4884, 0xB20C, 0xEA90, 0x998A, 0x3022, 0x0000, 0x0000, 0x0000, 0x0000, 0x0000, 0x0000, // 0x2F30 (12080) pixels
    0x0000, 0x0000, 0x0000, 0x0000, 0x0000, 0x0000, 0x0000, 0x0000, 0x0000, 0x0000, 0x0000, 0x0000, 0x0000, 0x0000, 0x0000, 0x0000, // 0x2F40 (12096) pixels
    0x0000, 0x0000, 0x0000, 0x0000, 0x0000, 0x0000, 0x0000, 0x0000, 0x0000, 0x0000, 0x0000, 0x0000, 0x0000, 0x0000, 0x0000, 0x0000, // 0x2F50 (12112) pixels
    0x0000, 0x0000, 0x0000, 0x0000, 0x0000, 0x0000, 0x0000, 0x0000, 0x0000, 0x0000, 0x0000, 0x0000, 0x0000, 0x0000, 0x0000, 0x0000, // 0x2F60 (12128) pixels
    0x0000, 0x0000, 0x0000, 0x0000, 0x0000, 0x0000, 0x0000, 0x0000, 0x0000, 0x0000, 0x0000, 0x0000, 0x0000, 0x0000, 0x0000, 0x0000, // 0x2F70 (12144) pixels
    0x0000, 0x0000, 0x0000, 0x0000, 0x0000, 0x0000, 0x0000, 0x0000, 0x0000, 0x0000, 0x0000, 0x0000, 0x0000, 0x0000, 0x0000, 0x0000, // 0x2F80 (12160) pixels
    0x0000, 0x0000, 0x0000, 0x0000, 0x0000, 0x0000, 0x0000, 0x0000, 0x0000, 0x0000, 0x0000, 0x0000, 0x0000, 0x0000, 0x0000, 0x0000, // 0x2F90 (12176) pixels
    0x0040, 0x48E5, 0xB24D, 0xBA2D, 0x81AA, 0x30A4, 0x0000, 0x0000, 0x0000, 0x0000, 0x0000, 0x0000, 0x0800, 0x5084, 0xC26D, 0xF290, // 0x2FA0 (12192) pixels
    0x898A, 0x2022, 0x0020, 0x0000, 0x0000, 0x0000, 0x0000, 0x0000, 0x0000, 0x0000, 0x0000, 0x0000, 0x0000, 0x0000, 0x0000, 0x0000, // 0x2FB0 (12208) pixels
    0x0000, 0x0000, 0x0000, 0x0000, 0x0000, 0x0000, 0x0000, 0x0000, 0x0000, 0x0000, 0x0000, 0x0000, 0x0000, 0x0000, 0x0000, 0x0000, // 0x2FC0 (12224) pixels
    0x0000, 0x0000, 0x0000, 0x0000, 0x0000, 0x0000, 0x0000, 0x0000, 0x0000, 0x0000, 0x0000, 0x0000, 0x0000, 0x0000, 0x0000, 0x0000, // 0x2FD0 (12240) pixels
    0x0000, 0x0000, 0x0000, 0x0000, 0x0000, 0x0000, 0x0000, 0x0000, 0x0000, 0x0000, 0x0000, 0x0000, 0x0000, 0x0000, 0x0000, 0x0000, // 0x2FE0 (12256) pixels
    0x0000, 0x0000, 0x0000, 0x0000, 0x0000, 0x0000, 0x0000, 0x0000, 0x0000, 0x0000, 0x0000, 0x0000, 0x0000, 0x0000, 0x0000, 0x0000, // 0x2FF0 (12272) pixels
    0x0000, 0x0000, 0x0000, 0x0000, 0x0000, 0x0000, 0x0000, 0x0000, 0x0000, 0x0000, 0x0000, 0x0000, 0x0000, 0x0000, 0x0000, 0x0000, // 0x3000 (12288) pixels
    0x0000, 0x0000, 0x0000, 0x0000, 0x0000, 0x0000, 0x0000, 0x0000, 0x1061, 0x5947, 0xB28D, 0xA9EC, 0x7127, 0x3063, 0x0800, 0x0000, // 0x3010 (12304) pixels
    0x0020, 0x0000, 0x0000, 0x0000, 0x0800, 0x58E5, 0xCA8E, 0xEA4F, 0x6907, 0x1000, 0x0020, 0x0000, 0x0000, 0x0000, 0x0000, 0x0000, // 0x3020 (12320) pixels
    0x0000, 0x0000, 0x0000, 0x0000, 0x0000, 0x0000, 0x0000, 0x0000, 0x0000, 0x0000, 0x0000, 0x0000, 0x0000, 0x0000, 0x0000, 0x0000, // 0x3030 (12336) pixels
    0x0000, 0x0000, 0x0000, 0x0000, 0x0000, 0x0000, 0x0000, 0x0000, 0x0000, 0x0000, 0x0000, 0x0000, 0x0000, 0x0000, 0x0000, 0x0000, // 0x3040 (12352) pixels
    0x0000, 0x0000, 0x0000, 0x0000, 0x0000, 0x0000, 0x0000, 0x0000, 0x0000, 0x0000, 0x0000, 0x0000, 0x0000, 0x0000, 0x0000, 0x0000, // 0x3050 (12368) pixels
    0x0000, 0x0000, 0x0000, 0x0000, 0x0000, 0x0000, 0x0000, 0x0000, 0x0000, 0x0000, 0x0000, 0x0000, 0x0000, 0x0000, 0x0000, 0x0000, // 0x3060 (12384) pixels
    0x0000, 0x0000, 0x0000, 0x0000, 0x0000, 0x0000, 0x0000, 0x0000, 0x0000, 0x0000, 0x0000, 0x0000, 0x0000, 0x0000, 0x0000, 0x0000, // 0x3070 (12400) pixels
    0x0000, 0x0000, 0x0000, 0x0000, 0x0000, 0x0000, 0x0000, 0x0000, 0x0000, 0x0000, 0x0000, 0x0000, 0x0000, 0x0000, 0x0000, 0x0000, // 0x3080 (12416) pixels
    0x2062, 0x6988, 0xB2AE, 0xA1CB, 0x68E6, 0x3062, 0x0821, 0x0000, 0x0000, 0x0000, 0x0020, 0x0000, 0x1821, 0x6947, 0xCA8F, 0xD18C, // 0x3090 (12432) pixels
    0x4064, 0x0000, 0x0040, 0x0000, 0x0000, 0x0000, 0x0000, 0x0800, 0x0000, 0x0000, 0x0000, 0x0000, 0x0000, 0x0000, 0x0000, 0x0000, // 0x30A0 (12448) pixels
    0x0000, 0x0000, 0x0000, 0x0000, 0x0000, 0x0000, 0x0000, 0x0000, 0x0000, 0x0000, 0x0000, 0x0000, 0x0000, 0x0000, 0x0000, 0x0000, // 0x30B0 (12464) pixels
    0x0000, 0x0000, 0x0000, 0x0000, 0x0000, 0x0000, 0x0000, 0x0000, 0x0000, 0x0000, 0x0000, 0x0000, 0x0000, 0x0000, 0x0000, 0x0000, // 0x30C0 (12480) pixels
    0x0000, 0x0000, 0x0000, 0x0000, 0x0000, 0x0000, 0x0000, 0x0000, 0x0000, 0x0000, 0x0000, 0x0000, 0x0000, 0x0000, 0x0000, 0x0000, // 0x30D0 (12496) pixels
    0x0000, 0x0000, 0x0000, 0x0000, 0x0000, 0x0000, 0x0000, 0x0000, 0x0000, 0x0000, 0x0000, 0x0000, 0x0000, 0x0000, 0x0000, 0x0000, // 0x30E0 (12512) pixels
    0x0000, 0x0000, 0x0000, 0x0000, 0x0000, 0x0000, 0x0000, 0x0000, 0x0000, 0x0000, 0x0000, 0x0000, 0x0000, 0x0000, 0x0000, 0x0000, // 0x30F0 (12528) pixels
    0x0000, 0x0000, 0x0000, 0x0000, 0x0000, 0x0000, 0x0000, 0x0820, 0x1882, 0x7189, 0xB26E, 0xA24C, 0x4906, 0x1842, 0x1041, 0x0000, // 0x3100 (12544) pixels
    0x0000, 0x0000, 0x0020, 0x0020, 0x2842, 0x9969, 0xD28F, 0x9169, 0x0861, 0x0000, 0x0000, 0x0000, 0x0000, 0x0000, 0x0000, 0x0000, // 0x3110 (12560) pixels
    0x0000, 0x0000, 0x0000, 0x0000, 0x0000, 0x0000, 0x0000, 0x0000, 0x0000, 0x0000, 0x0000, 0x0000, 0x0000, 0x0000, 0x0000, 0x0000, // 0x3120 (12576) pixels
    0x0000, 0x0000, 0x0000, 0x0000, 0x0000, 0x0000, 0x0000, 0x0000, 0x0000, 0x0000, 0x0000, 0x0000, 0x0000, 0x0000, 0x0000, 0x0000, // 0x3130 (12592) pixels
    0x0000, 0x0000, 0x0000, 0x0000, 0x0000, 0x0000, 0x0000, 0x0000, 0x0000, 0x0000, 0x0000, 0x0000, 0x0000, 0x0000, 0x0000, 0x0000, // 0x3140 (12608) pixels
    0x0000, 0x0000, 0x0000, 0x0000, 0x0000, 0x0000, 0x0000, 0x0000, 0x0000, 0x0000, 0x0000, 0x0000, 0x0000, 0x0000, 0x0000, 0x0000, // 0x3150 (12624) pixels
    0x0000, 0x0000, 0x0000, 0x0000, 0x0000, 0x0000, 0x0000, 0x0000, 0x0000, 0x0000, 0x0000, 0x0000, 0x0000, 0x0000, 0x0000, 0x0000, // 0x3160 (12640) pixels
    0x0000, 0x0000, 0x0000, 0x0000, 0x0000, 0x0000, 0x0000, 0x0000, 0x0000, 0x0000, 0x0000, 0x0000, 0x0000, 0x0000, 0x0000, 0x0820, // 0x3170 (12656) pixels
    0x3905, 0x81CA, 0xA22C, 0x81A9, 0x30A3, 0x1041, 0x1041, 0x0000, 0x0000, 0x0000, 0x0020, 0x0020, 0x3042, 0xA16A, 0xC20D, 0x7927, // 0x3180 (12672) pixels
    0x0841, 0x0000, 0x0000, 0x0000, 0x0000, 0x0000, 0x0000, 0x0000, 0x0000, 0x0000, 0x0000, 0x0000, 0x0000, 0x0000, 0x0000, 0x0000, // 0x3190 (12688) pixels
    0x0000, 0x0000, 0x0000, 0x0000, 0x0000, 0x0000, 0x0000, 0x0000, 0x0000, 0x0000, 0x0000, 0x0000, 0x0000, 0x0000, 0x0000, 0x0000, // 0x31A0 (12704) pixels
    0x0000, 0x0000, 0x0000, 0x0000, 0x0000, 0x0000, 0x0000, 0x0000, 0x0000, 0x0000, 0x0000, 0x0000, 0x0000, 0x0000, 0x0000, 0x0000, // 0x31B0 (12720) pixels
    0x0000, 0x0000, 0x0000, 0x0000, 0x0000, 0x0000, 0x0000, 0x0000, 0x0000, 0x0000, 0x0000, 0x0000, 0x0000, 0x0000, 0x0000, 0x0000, // 0x31C0 (12736) pixels
    0x0000, 0x0000, 0x0000, 0x0000, 0x0000, 0x0000, 0x0000, 0x0000, 0x0000, 0x0000, 0x0000, 0x0000, 0x0000, 0x0000, 0x0000, 0x0000, // 0x31D0 (12752) pixels
    0x0000, 0x0000, 0x0000, 0x0000, 0x0000, 0x0000, 0x0000, 0x0000, 0x0000, 0x0000, 0x0000, 0x0000, 0x0000, 0x0000, 0x0000, 0x0000, // 0x31E0 (12768) pixels
    0x0000, 0x0000, 0x0000, 0x0000, 0x0000, 0x0000, 0x0000, 0x0820, 0x4926, 0x8A0B, 0x922C, 0x5927, 0x1842, 0x0821, 0x1041, 0x0800, // 0x31F0 (12784) pixels
    0x0000, 0x0000, 0x0020, 0x0040, 0x50C5, 0xB9CC, 0xA98A, 0x48A4, 0x0020, 0x0000, 0x0000, 0x0000, 0x0000, 0x0000, 0x0000, 0x0000, // 0x3200 (12800) pixels
    0x0000, 0x0000, 0x0000, 0x0000, 0x0000, 0x0000, 0x0000, 0x0000, 0x0000, 0x0000, 0x0000, 0x0000, 0x0000, 0x0000, 0x0000, 0x0000, // 0x3210 (12816) pixels
    0x0000, 0x0000, 0x0000, 0x0000, 0x0000, 0x0000, 0x0000, 0x0000, 0x0000, 0x0000, 0x0000, 0x0000, 0x0000, 0x0000, 0x0000, 0x0000, // 0x3220 (12832) pixels
    0x0000, 0x0000, 0x0000, 0x0000, 0x0000, 0x0000, 0x0000, 0x0000, 0x0000, 0x0000, 0x0000, 0x0000, 0x0000, 0x0000, 0x0000, 0x0000, // 0x3230 (12848) pixels
    0x0000, 0x0000, 0x0000, 0x0000, 0x0000, 0x0000, 0x0000, 0x0000, 0x0000, 0x0000, 0x0000, 0x0000, 0x0000, 0x0000, 0x0000, 0x0000, // 0x3240 (12864) pixels
    0x0000, 0x0000, 0x0000, 0x0000, 0x0000, 0x0000, 0x0000, 0x0000, 0x0000, 0x0000, 0x0000, 0x0000, 0x0000, 0x0000, 0x0000, 0x0000, // 0x3250 (12880) pixels
    0x0000, 0x0000, 0x0000, 0x0000, 0x0000, 0x0000, 0x0000, 0x0000, 0x0000, 0x0000, 0x0000, 0x0000, 0x0000, 0x0000, 0x0000, 0x0821, // 0x3260 (12896) pixels
    0x50C5, 0x8A2B, 0x8A4C, 0x4126, 0x0841, 0x0020, 0x0821, 0x0800, 0x0000, 0x0000, 0x0020, 0x0840, 0x7148, 0xD26E, 0x9169, 0x2062, // 0x3270 (12912) pixels
    0x0000, 0x0000, 0x0000, 0x0000, 0x0000, 0x0000, 0x0000, 0x0000, 0x0000, 0x0000, 0x0000, 0x0000, 0x0000, 0x0000, 0x0000, 0x0000, // 0x3280 (12928) pixels
    0x0000, 0x0000, 0x0000, 0x0000, 0x0000, 0x0000, 0x0000, 0x0000, 0x0000, 0x0000, 0x0000, 0x0000, 0x0000, 0x0000, 0x0000, 0x0000, // 0x3290 (12944) pixels
    0x0000, 0x0000, 0x0000, 0x0000, 0x0000, 0x0000, 0x0000, 0x0000, 0x0000, 0x0000, 0x0000, 0x0000, 0x0000, 0x0000, 0x0000, 0x0000, // 0x32A0 (12960) pixels
    0x0000, 0x0000, 0x0000, 0x0000, 0x0000, 0x0000, 0x0000, 0x0000, 0x0000, 0x0000, 0x0000, 0x0000, 0x0000, 0x0000, 0x0000, 0x0000, // 0x32B0 (12976) pixels
    0x0000, 0x0000, 0x0000, 0x0000, 0x0000, 0x0000, 0x0000, 0x0000, 0x0000, 0x0000, 0x0000, 0x0000, 0x0000, 0x0000, 0x0000, 0x0000, // 0x32C0 (12992) pixels
    0x0000, 0x0000, 0x0000, 0x0000, 0x0000, 0x0000, 0x0000, 0x0000, 0x0000, 0x0000, 0x0000, 0x0000, 0x0000, 0x0000, 0x0000, 0x0000, // 0x32D0 (13008) pixels
    0x0000, 0x0000, 0x0000, 0x0000, 0x0000, 0x0000, 0x0000, 0x0841, 0x50E6, 0x822B, 0x726B, 0x2925, 0x0041, 0x0841, 0x0800, 0x0000, // 0x32E0 (13024) pixels
    0x0000, 0x0000, 0x0000, 0x1000, 0x8969, 0xD26E, 0x7927, 0x0840, 0x0000, 0x0000, 0x0000, 0x0000, 0x0000, 0x0000, 0x0000, 0x0000, // 0x32F0 (13040) pixels
    0x0000, 0x0000, 0x0000, 0x0000, 0x0000, 0x0000, 0x0000, 0x0000, 0x0000, 0x0000, 0x0000, 0x0000, 0x0000, 0x0000, 0x0000, 0x0000, // 0x3300 (13056) pixels
    0x0000, 0x0000, 0x0000, 0x0000, 0x0000, 0x0000, 0x0000, 0x0000, 0x0000, 0x0000, 0x0000, 0x0000, 0x0000, 0x0000, 0x0000, 0x0000, // 0x3310 (13072) pixels
    0x0000, 0x0000, 0x0000, 0x0000, 0x0000, 0x0000, 0x0000, 0x0000, 0x0000, 0x0000, 0x0000, 0x0000, 0x0000, 0x0000, 0x0000, 0x0000, // 0x3320 (13088) pixels
    0x0000, 0x0000, 0x0000, 0x0000, 0x0000, 0x0000, 0x0000, 0x0000, 0x0000, 0x0000, 0x0000, 0x0000, 0x0000, 0x0000, 0x0000, 0x0000, // 0x3330 (13104) pixels
    0x0000, 0x0000, 0x0000, 0x0000, 0x0000, 0x0000, 0x0000, 0x0000, 0x0000, 0x0000, 0x0000, 0x0000, 0x0000, 0x0000, 0x0000, 0x0000, // 0x3340 (13120) pixels
    0x0000, 0x0000, 0x0000, 0x0000, 0x0000, 0x0000, 0x0000, 0x0000, 0x0000, 0x0000, 0x0000, 0x0000, 0x0000, 0x0000, 0x0000, 0x0841, // 0x3350 (13136) pixels
    0x5147, 0x6A0A, 0x5A09, 0x18C3, 0x0020, 0x0821, 0x0800, 0x0000, 0x0800, 0x0000, 0x0000, 0x4063, 0xA1AB, 0xB22C, 0x50E5, 0x0000, // 0x3360 (13152) pixels
    0x0000, 0x0000, 0x0000, 0x0000, 0x0000, 0x0000, 0x0000, 0x0000, 0x0000, 0x0000, 0x0000, 0x0000, 0x0000, 0x0000, 0x0000, 0x0000, // 0x3370 (13168) pixels
    0x0000, 0x0000, 0x0000, 0x0000, 0x0000, 0x0000, 0x0000, 0x0000, 0x0000, 0x0000, 0x0000, 0x0000, 0x0000, 0x0000, 0x0000, 0x0000, // 0x3380 (13184) pixels
    0x0000, 0x0000, 0x0000, 0x0000, 0x0000, 0x0000, 0x0000, 0x0000, 0x0000, 0x0000, 0x0000, 0x0000, 0x0000, 0x0000, 0x0000, 0x0000, // 0x3390 (13200) pixels
    0x0000, 0x0000, 0x0000, 0x0000, 0x0000, 0x0000, 0x0000, 0x0000, 0x0000, 0x0000, 0x0000, 0x0000, 0x0000, 0x0000, 0x0000, 0x0000, // 0x33A0 (13216) pixels
    0x0000, 0x0000, 0x0000, 0x0000, 0x0000, 0x0000, 0x0000, 0x0000, 0x0000, 0x0000, 0x0000, 0x0000, 0x0000, 0x0000, 0x0000, 0x0000, // 0x33B0 (13232) pixels
    0x0000, 0x0000, 0x0000, 0x0000, 0x0000, 0x0000, 0x0000, 0x0000, 0x0000, 0x0000, 0x0000, 0x0000, 0x0000, 0x0000, 0x0000, 0x0000, // 0x33C0 (13248) pixels
    0x0000, 0x0000, 0x0000, 0x0000, 0x0000, 0x0000, 0x0000, 0x1061, 0x4125, 0x49A7, 0x41A7, 0x10A2, 0x0000, 0x1000, 0x0800, 0x0000, // 0x33D0 (13264) pixels
    0x0000, 0x0020, 0x1021, 0x7128, 0xBA2D, 0x8989, 0x3083, 0x0000, 0x0000, 0x0000, 0x0000, 0x0000, 0x0000, 0x0000, 0x0000, 0x0000, // 0x33E0 (13280) pixels
    0x0000, 0x0000, 0x0000, 0x0000, 0x0000, 0x0000, 0x0000, 0x0000, 0x0000, 0x0000, 0x0000, 0x0000, 0x0000, 0x0000, 0x0000, 0x0000, // 0x33F0 (13296) pixels
    0x0000, 0x0000, 0x0000, 0x0000, 0x0000, 0x0000, 0x0000, 0x0000, 0x0000, 0x0000, 0x0000, 0x0000, 0x0000, 0x0000, 0x0000, 0x0000, // 0x3400 (13312) pixels
    0x0000, 0x0000, 0x0000, 0x0000, 0x0000, 0x0000, 0x0000, 0x0000, 0x0000, 0x0000, 0x0000, 0x0000, 0x0000, 0x0000, 0x0000, 0x0000, // 0x3410 (13328) pixels
    0x0000, 0x0000, 0x0000, 0x0000, 0x0000, 0x0000, 0x0000, 0x0000, 0x0000, 0x0000, 0x0000, 0x0000, 0x0000, 0x0000, 0x0000, 0x0000, // 0x3420 (13344) pixels
    0x0000, 0x0000, 0x0000, 0x0000, 0x0000, 0x0000, 0x0000, 0x0000, 0x0000, 0x0000, 0x0000, 0x0000, 0x0000, 0x0000, 0x0000, 0x0000, // 0x3430 (13360) pixels
    0x0000, 0x0000, 0x0000, 0x0000, 0x0000, 0x0000, 0x0000, 0x0000, 0x0000, 0x0000, 0x0000, 0x0000, 0x0000, 0x0000, 0x0000, 0x1061, // 0x3440 (13376) pixels
    0x28A3, 0x3125, 0x3186, 0x10C3, 0x0000, 0x1000, 0x0800, 0x0020, 0x0000, 0x0040, 0x0800, 0x9169, 0xC20D, 0x68E6, 0x1821, 0x0000, // 0x3450 (13392) pixels
    0x0000, 0x0000, 0x0000, 0x0000, 0x0000, 0x0000, 0x0000, 0x0000, 0x0000, 0x0000, 0x0000, 0x0000, 0x0000, 0x0000, 0x0000, 0x0000, // 0x3460 (13408) pixels
    0x0000, 0x0000, 0x0000, 0x0000, 0x0000, 0x0000, 0x0000, 0x0000, 0x0000, 0x0000, 0x0000, 0x0000, 0x0000, 0x0000, 0x0000, 0x0000, // 0x3470 (13424) pixels
    0x0000, 0x0000, 0x0000, 0x0000, 0x0000, 0x0000, 0x0000, 0x0000, 0x0000, 0x0000, 0x0000, 0x0000, 0x0000, 0x0000, 0x0000, 0x0000, // 0x3480 (13440) pixels
    0x0000, 0x0000, 0x0000, 0x0000, 0x0000, 0x0000, 0x0000, 0x0000, 0x0000, 0x0000, 0x0000, 0x0000, 0x0000, 0x0000, 0x0000, 0x0000, // 0x3490 (13456) pixels
    0x0000, 0x0000, 0x0000, 0x0000, 0x0000, 0x0000, 0x0000, 0x0000, 0x0000, 0x0000, 0x0000, 0x0000, 0x0000, 0x0000, 0x0000, 0x0000, // 0x34A0 (13472) pixels
    0x0000, 0x0000, 0x0000, 0x0000, 0x0000, 0x0000, 0x0000, 0x0000, 0x0000, 0x0000, 0x0000, 0x0000, 0x0000, 0x0000, 0x0000, 0x0000, // 0x34B0 (13488) pixels
    0x0000, 0x0000, 0x0000, 0x0000, 0x0000, 0x0000, 0x0000, 0x0000, 0x1061, 0x18C3, 0x18E3, 0x0841, 0x0000, 0x0821, 0x1021, 0x1001, // 0x34C0 (13504) pixels
    0x0040, 0x0000, 0x3022, 0xA1AB, 0x99AA, 0x3042, 0x0000, 0x0000, 0x0000, 0x0000, 0x0000, 0x0000, 0x0000, 0x0000, 0x0000, 0x0000, // 0x34D0 (13520) pixels
    0x0000, 0x0000, 0x0000, 0x0000, 0x0000, 0x0000, 0x0000, 0x0000, 0x0000, 0x0000, 0x0000, 0x0000, 0x0000, 0x0000, 0x0000, 0x0000, // 0x34E0 (13536) pixels
    0x0000, 0x0000, 0x0000, 0x0000, 0x0000, 0x0000, 0x0000, 0x0000, 0x0000, 0x0000, 0x0000, 0x0000, 0x0000, 0x0000, 0x0000, 0x0000, // 0x34F0 (13552) pixels
    0x0000, 0x0000, 0x0000, 0x0000, 0x0000, 0x0000, 0x0000, 0x0000, 0x0000, 0x0000, 0x0000, 0x0000, 0x0000, 0x0000, 0x0000, 0x0000, // 0x3500 (13568) pixels
    0x0000, 0x0000, 0x0000, 0x0000, 0x0000, 0x0000, 0x0000, 0x0000, 0x0000, 0x0000, 0x0000, 0x0000, 0x0000, 0x0000, 0x0000, 0x0000, // 0x3510 (13584) pixels
    0x0000, 0x0000, 0x0000, 0x0000, 0x0000, 0x0000, 0x0000, 0x0000, 0x0000, 0x0000, 0x0000, 0x0000, 0x0000, 0x0000, 0x0000, 0x0000, // 0x3520 (13600) pixels
    0x0000, 0x0000, 0x0000, 0x0000, 0x0000, 0x0000, 0x0000, 0x0000, 0x0000, 0x0000, 0x0000, 0x0000, 0x0000, 0x0000, 0x0000, 0x0000, // 0x3530 (13616) pixels
    0x0000, 0x0000, 0x0020, 0x0000, 0x0000, 0x0820, 0x0800, 0x0000, 0x0020, 0x0820, 0x48A4, 0xAA0C, 0x91AA, 0x2022, 0x0000, 0x0000, // 0x3540 (13632) pixels
    0x0000, 0x0000, 0x0000, 0x0000, 0x0000, 0x0000, 0x0000, 0x0000, 0x0000, 0x0000, 0x0000, 0x0000, 0x0000, 0x0000, 0x0000, 0x0000, // 0x3550 (13648) pixels
    0x0000, 0x0000, 0x0000, 0x0000, 0x0000, 0x0000, 0x0000, 0x0000, 0x0000, 0x0000, 0x0000, 0x0000, 0x0000, 0x0000, 0x0000, 0x0000, // 0x3560 (13664) pixels
    0x0000, 0x0000, 0x0000, 0x0000, 0x0000, 0x0000, 0x0000, 0x0000, 0x0000, 0x0000, 0x0000, 0x0000, 0x0000, 0x0000, 0x0000, 0x0000, // 0x3570 (13680) pixels
    0x0000, 0x0000, 0x0000, 0x0000, 0x0000, 0x0000, 0x0000, 0x0000, 0x0000, 0x0000, 0x0000, 0x0000, 0x0000, 0x0000, 0x0000, 0x0000, // 0x3580 (13696) pixels
    0x0000, 0x0000, 0x0000, 0x0000, 0x0000, 0x0000, 0x0000, 0x0000, 0x0000, 0x0000, 0x0000, 0x0000, 0x0000, 0x0000, 0x0000, 0x0000, // 0x3590 (13712) pixels
    0x0000, 0x0000, 0x0000, 0x0000, 0x0000, 0x0000, 0x0000, 0x0000, 0x0000, 0x0000, 0x0000, 0x0000, 0x0000, 0x0000, 0x0000, 0x0000, // 0x35A0 (13728) pixels
    0x0000, 0x0000, 0x0000, 0x0000, 0x0000, 0x0000, 0x0000, 0x0000, 0x0000, 0x0000, 0x0000, 0x0000, 0x0020, 0x0020, 0x0000, 0x0000, // 0x35B0 (13744) pixels
    0x0020, 0x1841, 0x6906, 0xA9EC, 0x7948, 0x1821, 0x0000, 0x0800, 0x0000, 0x0000, 0x0000, 0x0000, 0x0000, 0x0000, 0x0000, 0x0000, // 0x35C0 (13760) pixels
    0x0000, 0x0000, 0x0000, 0x0000, 0x0000, 0x0000, 0x0000, 0x0000, 0x0000, 0x0000, 0x0000, 0x0000, 0x0000, 0x0000, 0x0000, 0x0000, // 0x35D0 (13776) pixels
    0x0000, 0x0000, 0x0000, 0x0000, 0x0000, 0x0000, 0x0000, 0x0000, 0x0000, 0x0000, 0x0000, 0x0000, 0x0000, 0x0000, 0x0000, 0x0000, // 0x35E0 (13792) pixels
    0x0000, 0x0000, 0x0000, 0x0000, 0x0000, 0x0000, 0x0000, 0x0000, 0x0000, 0x0000, 0x0000, 0x0000, 0x0000, 0x0000, 0x0000, 0x0000, // 0x35F0 (13808) pixels
    0x0000, 0x0000, 0x0000, 0x0000, 0x0000, 0x0000, 0x0000, 0x0000, 0x0000, 0x0000, 0x0000, 0x0000, 0x0000, 0x0000, 0x0000, 0x0000, // 0x3600 (13824) pixels
    0x0000, 0x0000, 0x0000, 0x0000, 0x0000, 0x0000, 0x0000, 0x0000, 0x0000, 0x0000, 0x0000, 0x0000, 0x0000, 0x0000, 0x0000, 0x0000, // 0x3610 (13840) pixels
    0x0000, 0x0000, 0x0000, 0x0000, 0x0000, 0x0000, 0x0000, 0x0000, 0x0000, 0x0000, 0x0000, 0x0000, 0x0000, 0x0000, 0x0000, 0x0000, // 0x3620 (13856) pixels
    0x0000, 0x0000, 0x0000, 0x0000, 0x0000, 0x0000, 0x0000, 0x0000, 0x0020, 0x3883, 0x8148, 0x8969, 0x48A4, 0x0820, 0x0000, 0x0000, // 0x3630 (13872) pixels
    0x0000, 0x0000, 0x0000, 0x0000, 0x0000, 0x0000, 0x0000, 0x0000, 0x0000, 0x0000, 0x0000, 0x0000, 0x0000, 0x0000, 0x0000, 0x0000, // 0x3640 (13888) pixels
    0x0000, 0x0000, 0x0000, 0x0000, 0x0000, 0x0000, 0x0000, 0x0000, 0x0000, 0x0000, 0x0000, 0x0000, 0x0000, 0x0000, 0x0000, 0x0000, // 0x3650 (13904) pixels
    0x0000, 0x0000, 0x0000, 0x0000, 0x0000, 0x0000, 0x0000, 0x0000, 0x0000, 0x0000, 0x0000, 0x0000, 0x0000, 0x0000, 0x0000, 0x0000, // 0x3660 (13920) pixels
    0x0000, 0x0000, 0x0000, 0x0000, 0x0000, 0x0000, 0x0000, 0x0000, 0x0000, 0x0000, 0x0000, 0x0000, 0x0000, 0x0000, 0x0000, 0x0000, // 0x3670 (13936) pixels
    0x0000, 0x0000, 0x0000, 0x0000, 0x0000, 0x0000, 0x0000, 0x0000, 0x0000, 0x0000, 0x0000, 0x0000, 0x0000, 0x0000, 0x0000, 0x0000, // 0x3680 (13952) pixels
    0x0000, 0x0000, 0x0000, 0x0000, 0x0000, 0x0000, 0x0000, 0x0000, 0x0000, 0x0000, 0x0000, 0x0000, 0x0000, 0x0000, 0x0000, 0x0000, // 0x3690 (13968) pixels
    0x0000, 0x0000, 0x0000, 0x0000, 0x0000, 0x0000, 0x0000, 0x0000, 0x0000, 0x0000, 0x0000, 0x0000, 0x0000, 0x0020, 0x0000, 0x0020, // 0x36A0 (13984) pixels
    0x1000, 0x6106, 0x9189, 0x68C6, 0x2001, 0x0000, 0x0000, 0x0000, 0x0000, 0x0000, 0x0000, 0x0000, 0x0000, 0x0000, 0x0000, 0x0000, // 0x36B0 (14000) pixels
    0x0000, 0x0000, 0x0000, 0x0000, 0x0000, 0x0000, 0x0000, 0x0000, 0x0000, 0x0000, 0x0000, 0x0000, 0x0000, 0x0000, 0x0000, 0x0000, // 0x36C0 (14016) pixels
    0x0000, 0x0000, 0x0000, 0x0000, 0x0000, 0x0000, 0x0000, 0x0000, 0x0000, 0x0000, 0x0000, 0x0000, 0x0000, 0x0000, 0x0000, 0x0000, // 0x36D0 (14032) pixels
    0x0000, 0x0000, 0x0000, 0x0000, 0x0000, 0x0000, 0x0000, 0x0000, 0x0000, 0x0000, 0x0000, 0x0000, 0x0000, 0x0000, 0x0000, 0x0000, // 0x36E0 (14048) pixels
    0x0000, 0x0000, 0x0000, 0x0000, 0x0000, 0x0000, 0x0000, 0x0000, 0x0000, 0x0000, 0x0000, 0x0000, 0x0000, 0x0000, 0x0000, 0x0000, // 0x36F0 (14064) pixels
    0x0000, 0x0000, 0x0000, 0x0000, 0x0000, 0x0000, 0x0000, 0x0000, 0x0000, 0x0000, 0x0000, 0x0000, 0x0000, 0x0000, 0x0000, 0x0000, // 0x3700 (14080) pixels
    0x0000, 0x0000, 0x0000, 0x0000, 0x0000, 0x0000, 0x0000, 0x0000, 0x0000, 0x0000, 0x0000, 0x0000, 0x0000, 0x0000, 0x0000, 0x0000, // 0x3710 (14096) pixels
    0x0000, 0x0000, 0x0000, 0x0000, 0x0020, 0x0820, 0x0000, 0x0800, 0x3842, 0x8169, 0x91AA, 0x4884, 0x0000, 0x0000, 0x0000, 0x0000, // 0x3720 (14112) pixels
    0x0000, 0x0000, 0x0000, 0x0000, 0x0000, 0x0000, 0x0000, 0x0000, 0x0000, 0x0000, 0x0000, 0x0000, 0x0000, 0x0000, 0x0000, 0x0000, // 0x3730 (14128) pixels
    0x0000, 0x0000, 0x0000, 0x0000, 0x0000, 0x0000, 0x0000, 0x0000, 0x0000, 0x0000, 0x0000, 0x0000, 0x0000, 0x0000, 0x0000, 0x0000, // 0x3740 (14144) pixels
    0x0000, 0x0000, 0x0000, 0x0000, 0x0000, 0x0000, 0x0000, 0x0000, 0x0000, 0x0000, 0x0000, 0x0000, 0x0000, 0x0000, 0x0000, 0x0000, // 0x3750 (14160) pixels
    0x0000, 0x0000, 0x0000, 0x0000, 0x0000, 0x0000, 0x0000, 0x0000, 0x0000, 0x0000, 0x0000, 0x0000, 0x0000, 0x0000, 0x0000, 0x0000, // 0x3760 (14176) pixels
    0x0000, 0x0000, 0x0000, 0x0000, 0x0000, 0x0000, 0x0000, 0x0000, 0x0000, 0x0000, 0x0000, 0x0000, 0x0000, 0x0000, 0x0000, 0x0000, // 0x3770 (14192) pixels
    0x0000, 0x0000, 0x0000, 0x0000, 0x0000, 0x0000, 0x0000, 0x0000, 0x0000, 0x0000, 0x0000, 0x0000, 0x0000, 0x0000, 0x0000, 0x0000, // 0x3780 (14208) pixels
    0x0000, 0x0000, 0x0000, 0x0000, 0x0000, 0x0000, 0x0000, 0x0000, 0x0000, 0x0000, 0x0000, 0x0000, 0x0000, 0x0800, 0x0800, 0x2042, // 0x3790 (14224) pixels
    0x7147, 0xA1CB, 0x7948, 0x2842, 0x0000, 0x0000, 0x0000, 0x0000, 0x0000, 0x0000, 0x0000, 0x0000, 0x0000, 0x0000, 0x0000, 0x0000, // 0x37A0 (14240) pixels
    0x0000, 0x0000, 0x0000, 0x0000, 0x0000, 0x0000, 0x0000, 0x0000, 0x0000, 0x0000, 0x0000, 0x0000, 0x0000, 0x0000, 0x0000, 0x0000, // 0x37B0 (14256) pixels
    0x0000, 0x0000, 0x0000, 0x0000, 0x0000, 0x0000, 0x0000, 0x0000, 0x0000, 0x0000, 0x0000, 0x0000, 0x0000, 0x0000, 0x0000, 0x0000, // 0x37C0 (14272) pixels
    0x0000, 0x0000, 0x0000, 0x0000, 0x0000, 0x0000, 0x0000, 0x0000, 0x0000, 0x0000, 0x0000, 0x0000, 0x0000, 0x0000, 0x0000, 0x0000, // 0x37D0 (14288) pixels
    0x0000, 0x0000, 0x0000, 0x0000, 0x0000, 0x0000, 0x0000, 0x0000, 0x0000, 0x0000, 0x0000, 0x0000, 0x0000, 0x0000, 0x0000, 0x0000, // 0x37E0 (14304) pixels
    0x0000, 0x0000, 0x0000, 0x0000, 0x0000, 0x0000, 0x0000, 0x0000, 0x0000, 0x0000, 0x0000, 0x0000, 0x0000, 0x0000, 0x0000, 0x0000, // 0x37F0 (14320) pixels
    0x0000, 0x0000, 0x0000, 0x0000, 0x0000, 0x0000, 0x0000, 0x0000, 0x0000, 0x0000, 0x0000, 0x0000, 0x0000, 0x0000, 0x0000, 0x0000, // 0x3800 (14336) pixels
    0x0000, 0x0000, 0x0000, 0x0000, 0x0800, 0x0800, 0x2021, 0x4967, 0xA22C, 0xA9EB, 0x60A5, 0x0800, 0x0040, 0x0000, 0x0000, 0x0020, // 0x3810 (14352) pixels
    0x0000, 0x0000, 0x0000, 0x0000, 0x0000, 0x0000, 0x0000, 0x0000, 0x0000, 0x0000, 0x0000, 0x0000, 0x0000, 0x0000, 0x0000, 0x0000, // 0x3820 (14368) pixels
    0x0000, 0x0000, 0x0000, 0x0000, 0x0000, 0x0000, 0x0000, 0x0000, 0x0000, 0x0000, 0x0000, 0x0000, 0x0000, 0x0000, 0x0000, 0x0000, // 0x3830 (14384) pixels
    0x0000, 0x0000, 0x0000, 0x0000, 0x0000, 0x0000, 0x0000, 0x0000, 0x0000, 0x0000, 0x0000, 0x0000, 0x0000, 0x0000, 0x0000, 0x0000, // 0x3840 (14400) pixels
    0x0000, 0x0000, 0x0000, 0x0000, 0x0000, 0x0000, 0x0000, 0x0000, 0x0000, 0x0000, 0x0000, 0x0001, 0x0001, 0x0000, 0x0000, 0x0020, // 0x3850 (14416) pixels
    0x0000, 0x0000, 0x0001, 0x0000, 0x0000, 0x0020, 0x0000, 0x0021, 0x0800, 0x0800, 0x0000, 0x0000, 0x0000, 0x0000, 0x0000, 0x0020, // 0x3860 (14432) pixels
    0x0000, 0x0000, 0x0000, 0x0000, 0x0000, 0x0020, 0x0020, 0x0000, 0x0022, 0x0063, 0x08A4, 0x08C4, 0x00C3, 0x00A3, 0x00A3, 0x00C3, // 0x3870 (14448) pixels
    0x00E4, 0x00C3, 0x00C4, 0x00C4, 0x08A4, 0x0884, 0x0884, 0x10A4, 0x00A5, 0x0885, 0x10A5, 0x0062, 0x0041, 0x0842, 0x50A5, 0xB1EC, // 0x3880 (14464) pixels
    0xEA2C, 0x8168, 0x28C5, 0x0084, 0x0063, 0x0062, 0x0042, 0x1002, 0x0022, 0x0042, 0x0042, 0x0021, 0x0001, 0x0000, 0x0000, 0x0800, // 0x3890 (14480) pixels
    0x0000, 0x0000, 0x0000, 0x0000, 0x0000, 0x0800, 0x0800, 0x0800, 0x0000, 0x0000, 0x0000, 0x0000, 0x0000, 0x0000, 0x0020, 0x0020, // 0x38A0 (14496) pixels
    0x0021, 0x0001, 0x0000, 0x0000, 0x0000, 0x0000, 0x0000, 0x0000, 0x0000, 0x0000, 0x0000, 0x0000, 0x0000, 0x0000, 0x0000, 0x0000, // 0x38B0 (14512) pixels
    0x0000, 0x0000, 0x0000, 0x0000, 0x0000, 0x0000, 0x0000, 0x0000, 0x0000, 0x0000, 0x0000, 0x0000, 0x0000, 0x0000, 0x0000, 0x0000, // 0x38C0 (14528) pixels
    0x0000, 0x0000, 0x0000, 0x0000, 0x0000, 0x0000, 0x0000, 0x0000, 0x0020, 0x0000, 0x0000, 0x0000, 0x0000, 0x0020, 0x0000, 0x0021, // 0x38D0 (14544) pixels
    0x0001, 0x0001, 0x0001, 0x0001, 0x0001, 0x0021, 0x0022, 0x0083, 0x1126, 0x1147, 0x0946, 0x0947, 0x1167, 0x11C9, 0x11C9, 0x11C9, // 0x38E0 (14560) pixels
    0x224E, 0x32AF, 0x3B11, 0x4332, 0x3B31, 0x3B31, 0x3B31, 0x3B32, 0x3331, 0x3B51, 0x3B71, 0x3B72, 0x3B51, 0x3331, 0x3B32, 0x3B32, // 0x38F0 (14576) pixels
    0x2B70, 0x3371, 0x3350, 0x126B, 0x09E9, 0x420A, 0x924D, 0xDAB1, 0xB9EC, 0x722C, 0x3AAE, 0x2B10, 0x2B30, 0x230F, 0x2ACF, 0x326E, // 0x3900 (14592) pixels
    0x2AAD, 0x32AE, 0x328D, 0x220B, 0x1168, 0x00E6, 0x00C5, 0x08E6, 0x00E5, 0x00C5, 0x0084, 0x0043, 0x0021, 0x0001, 0x0000, 0x0000, // 0x3910 (14608) pixels
    0x0000, 0x0000, 0x0000, 0x0000, 0x0000, 0x0000, 0x0000, 0x0000, 0x0000, 0x0000, 0x0020, 0x0000, 0x0000, 0x0000, 0x0020, 0x0020, // 0x3920 (14624) pixels
    0x0020, 0x0000, 0x0000, 0x0000, 0x0000, 0x0000, 0x0000, 0x0000, 0x0000, 0x0000, 0x0000, 0x0000, 0x0000, 0x0000, 0x0000, 0x0000, // 0x3930 (14640) pixels
    0x0000, 0x0000, 0x0000, 0x0000, 0x0000, 0x0000, 0x0000, 0x0000, 0x0000, 0x0000, 0x0000, 0x0000, 0x0000, 0x0000, 0x0000, 0x0000, // 0x3940 (14656) pixels
    0x0000, 0x0000, 0x0000, 0x0001, 0x0001, 0x0001, 0x0001, 0x10A4, 0x0989, 0x19EA, 0x224C, 0x2A6C, 0x2A8D, 0x2A8D, 0x2AAD, 0x32EF, // 0x3950 (14672) pixels
    0x4BF4, 0x43F3, 0x43D3, 0x43D3, 0x43F3, 0x4414, 0x4435, 0x4435, 0x5436, 0x5457, 0x5478, 0x5478, 0x5458, 0x5458, 0x5479, 0x5479, // 0x3960 (14688) pixels
    0x5438, 0x5458, 0x5478, 0x4C78, 0x4458, 0x4C78, 0x4C58, 0x5458, 0x4C57, 0x5498, 0x4C57, 0x2B72, 0x2ACF, 0x7331, 0xCB13, 0xFAD3, // 0x3970 (14704) pixels
    0xAA6F, 0x6B51, 0x4475, 0x44F9, 0x54F9, 0x54D8, 0x4CD9, 0x4C99, 0x5497, 0x5CB8, 0x5CD8, 0x5476, 0x43F4, 0x3B93, 0x3BB2, 0x43D3, // 0x3980 (14720) pixels
    0x4BB3, 0x4372, 0x3310, 0x2AAF, 0x226D, 0x224C, 0x222C, 0x222B, 0x19A8, 0x0926, 0x00A4, 0x0042, 0x0022, 0x0022, 0x0001, 0x0000, // 0x3990 (14736) pixels
    0x0000, 0x0000, 0x0000, 0x0000, 0x0000, 0x0000, 0x0000, 0x0020, 0x0800, 0x0000, 0x0000, 0x0000, 0x0000, 0x0000, 0x0000, 0x0000, // 0x39A0 (14752) pixels
    0x0000, 0x0000, 0x0000, 0x0000, 0x0000, 0x0000, 0x0000, 0x0000, 0x0000, 0x0000, 0x0000, 0x0000, 0x0000, 0x0000, 0x0000, 0x0000, // 0x39B0 (14768) pixels
    0x0000, 0x0000, 0x0000, 0x0000, 0x0000, 0x0000, 0x0022, 0x0023, 0x0083, 0x00E5, 0x1188, 0x222C, 0x2A6D, 0x224C, 0x2A6C, 0x3AEE, // 0x39C0 (14784) pixels
    0x4C55, 0x54B7, 0x5CF8, 0x5CF8, 0x5CD8, 0x54B7, 0x54B7, 0x5CB8, 0x5498, 0x4C77, 0x4C36, 0x4416, 0x4416, 0x4436, 0x4436, 0x4416, // 0x39D0 (14800) pixels
    0x43F4, 0x43B3, 0x3B73, 0x3352, 0x3353, 0x3353, 0x3354, 0x3353, 0x3B34, 0x3B34, 0x3354, 0x3374, 0x3374, 0x2B74, 0x3354, 0x3354, // 0x39E0 (14816) pixels
    0x3B55, 0x3375, 0x2B54, 0x1AD1, 0x2A8F, 0x7AF1, 0xD2F2, 0xFA92, 0xA2B1, 0x5B51, 0x23F3, 0x2C15, 0x43D5, 0x43D4, 0x3BF5, 0x3C16, // 0x39F0 (14832) pixels
    0x3BB5, 0x3BD6, 0x43F6, 0x4417, 0x4457, 0x4C77, 0x4C97, 0x4C98, 0x5CD9, 0x5CB8, 0x5498, 0x5477, 0x5497, 0x5C97, 0x5CB7, 0x64B8, // 0x3A00 (14848) pixels
    0x5C96, 0x43F3, 0x2B10, 0x226D, 0x224C, 0x222B, 0x19EA, 0x19C9, 0x1905, 0x0883, 0x0001, 0x0000, 0x0000, 0x0000, 0x0800, 0x0800, // 0x3A10 (14864) pixels
    0x0800, 0x0000, 0x0000, 0x0000, 0x0000, 0x0000, 0x0000, 0x0000, 0x0000, 0x0000, 0x0000, 0x0000, 0x0000, 0x0000, 0x0000, 0x0000, // 0x3A20 (14880) pixels
    0x0000, 0x0000, 0x0000, 0x0000, 0x0000, 0x0000, 0x0000, 0x0000, 0x0800, 0x0000, 0x0000, 0x0041, 0x0083, 0x00E6, 0x1189, 0x21EC, // 0x3A30 (14896) pixels
    0x1A6C, 0x2B30, 0x3BF3, 0x4C97, 0x54D9, 0x4CD8, 0x4CD7, 0x4CD7, 0x4C57, 0x4C37, 0x4416, 0x3BD5, 0x3BB5, 0x3394, 0x3394, 0x3395, // 0x3A40 (14912) pixels
    0x3313, 0x32F2, 0x2AF2, 0x2AD2, 0x2AF2, 0x2AF2, 0x2AF2, 0x2AD2, 0x2AF0, 0x2AD0, 0x22D0, 0x22D0, 0x2AD0, 0x2AD1, 0x2AD1, 0x2AD1, // 0x3A50 (14928) pixels
    0x22D2, 0x1AB1, 0x1AB1, 0x22F2, 0x2312, 0x1AD1, 0x1A90, 0x22B1, 0x1AD1, 0x12B0, 0x128F, 0x1A6F, 0x426E, 0x8AB0, 0xDAF1, 0xFA91, // 0x3A60 (14944) pixels
    0x9291, 0x42AF, 0x0AF0, 0x1B11, 0x32D1, 0x32B0, 0x2AB0, 0x2AD1, 0x2AD2, 0x2AB2, 0x22B2, 0x2AD2, 0x2B13, 0x3333, 0x2B33, 0x2B33, // 0x3A70 (14960) pixels
    0x3354, 0x3354, 0x3374, 0x3BB5, 0x43F6, 0x4C36, 0x5456, 0x5457, 0x4C99, 0x5499, 0x5499, 0x54B8, 0x5498, 0x5476, 0x4C35, 0x4414, // 0x3A80 (14976) pixels
    0x4392, 0x3310, 0x224C, 0x11A9, 0x0927, 0x0084, 0x0002, 0x0001, 0x0000, 0x0000, 0x0000, 0x0000, 0x0000, 0x0000, 0x0000, 0x0000, // 0x3A90 (14992) pixels
    0x0000, 0x0000, 0x0000, 0x0000, 0x0000, 0x0000, 0x0000, 0x0000, 0x0000, 0x0000, 0x0000, 0x0000, 0x0000, 0x0000, 0x0000, 0x0000, // 0x3AA0 (15008) pixels
    0x0800, 0x0841, 0x0906, 0x120B, 0x22CF, 0x3311, 0x4B93, 0x6436, 0x8516, 0x8D79, 0x74F8, 0x4416, 0x33B6, 0x33D7, 0x3C17, 0x33F5, // 0x3AB0 (15024) pixels
    0x3333, 0x32F3, 0x2AD2, 0x2AB2, 0x2A92, 0x2AB2, 0x2AB2, 0x2A92, 0x2AB1, 0x2A90, 0x2A90, 0x32B1, 0x32B1, 0x32B1, 0x32B1, 0x32B1, // 0x3AC0 (15040) pixels
    0x22D2, 0x2AF2, 0x2AF3, 0x2B13, 0x32F3, 0x32F3, 0x3313, 0x3313, 0x2333, 0x22F3, 0x22D2, 0x2AD2, 0x2AB2, 0x2271, 0x2A71, 0x32B2, // 0x3AD0 (15056) pixels
    0x42AF, 0x4AD0, 0x5AB0, 0x72B1, 0xA2B1, 0xD2D2, 0xFAB2, 0xFA30, 0x82B2, 0x3A90, 0x0AB0, 0x22F1, 0x3AD1, 0x3AD1, 0x32D1, 0x2AB1, // 0x3AE0 (15072) pixels
    0x32D2, 0x32D1, 0x32D1, 0x32B1, 0x32B1, 0x2AB1, 0x2AB1, 0x2AB1, 0x22B1, 0x22B1, 0x22D1, 0x2AD1, 0x2AD1, 0x2AD1, 0x22D1, 0x22B1, // 0x3AF0 (15088) pixels
    0x22B3, 0x3335, 0x43D7, 0x4C18, 0x4C17, 0x4417, 0x4416, 0x4C57, 0x5519, 0x5D5A, 0x5D39, 0x4CB6, 0x3BF3, 0x330F, 0x19EB, 0x00E7, // 0x3B00 (15104) pixels
    0x0043, 0x0001, 0x0000, 0x0000, 0x0000, 0x0000, 0x0000, 0x0000, 0x0000, 0x0000, 0x0000, 0x0000, 0x0000, 0x0000, 0x0000, 0x0000, // 0x3B10 (15120) pixels
    0x0000, 0x0000, 0x0000, 0x0000, 0x0000, 0x0000, 0x0000, 0x0020, 0x0843, 0x21CA, 0x3B72, 0x4498, 0x4CD9, 0x4436, 0x6455, 0x9579, // 0x3B20 (15136) pixels
    0xEEFA, 0xEF5C, 0xADF8, 0x5392, 0x1A0F, 0x1210, 0x2292, 0x2AB2, 0x2AD1, 0x2AB1, 0x2AB1, 0x2AB1, 0x2A91, 0x3292, 0x3292, 0x2A51, // 0x3B30 (15152) pixels
    0x2AD1, 0x2AD1, 0x2AD1, 0x32D2, 0x32D1, 0x2AB1, 0x2AB1, 0x32D2, 0x2AD3, 0x2AD3, 0x2AF3, 0x32F3, 0x2AD2, 0x2A91, 0x1A4F, 0x1A0E, // 0x3B40 (15168) pixels
    0x2A0E, 0x4270, 0x5AD1, 0x6AB2, 0x7271, 0x7271, 0x82B1, 0x82D2, 0xBB54, 0xCB95, 0xD375, 0xE375, 0xF375, 0xEAF3, 0xDA91, 0xC9EE, // 0x3B50 (15184) pixels
    0x5A0E, 0x220E, 0x0A2E, 0x122F, 0x2A4F, 0x2AD0, 0x2B12, 0x32F3, 0x2AD1, 0x32F1, 0x32F1, 0x32F1, 0x32D1, 0x2AD1, 0x32D1, 0x32D2, // 0x3B60 (15200) pixels
    0x32D2, 0x32F2, 0x32F2, 0x2AF2, 0x2AD2, 0x2AD1, 0x22B1, 0x22B1, 0x2A92, 0x32B2, 0x32D2, 0x32D2, 0x2AD2, 0x22B1, 0x2AD2, 0x2B12, // 0x3B70 (15216) pixels
    0x3BD5, 0x4477, 0x5539, 0x65BB, 0x65BB, 0x5D5A, 0x5497, 0x43F5, 0x224C, 0x0947, 0x0022, 0x0000, 0x0000, 0x0000, 0x0000, 0x0000, // 0x3B80 (15232) pixels
    0x0000, 0x0000, 0x0000, 0x0000, 0x0000, 0x0000, 0x0000, 0x0000, 0x0000, 0x0000, 0x0000, 0x0000, 0x0000, 0x0000, 0x0841, 0x0861, // 0x3B90 (15248) pixels
    0x320C, 0x4BB4, 0x5D3C, 0x4D9E, 0x34DB, 0x2B94, 0x5C13, 0xB5F9, 0xFF76, 0xFFFA, 0xDF39, 0x84D4, 0x2A8F, 0x11CE, 0x2271, 0x2AD1, // 0x3BA0 (15264) pixels
    0x2B11, 0x22F1, 0x2AF1, 0x2AF1, 0x2AD1, 0x2AF2, 0x32F2, 0x32D2, 0x2AF2, 0x2AF1, 0x2AF2, 0x2AF2, 0x2AD2, 0x22B1, 0x2AB2, 0x2AF2, // 0x3BB0 (15280) pixels
    0x2AD2, 0x2AD2, 0x32D1, 0x32F1, 0x3AF1, 0x226E, 0x096A, 0x00A7, 0x40C7, 0x7A0D, 0xB332, 0xDB74, 0xEB74, 0xF394, 0xFB94, 0xF394, // 0x3BC0 (15296) pixels
    0xF375, 0xFB75, 0xEAF3, 0xE2D2, 0xCA91, 0x89ED, 0x5189, 0x2926, 0x30C8, 0x0929, 0x016A, 0x014B, 0x098B, 0x128E, 0x2332, 0x2B13, // 0x3BD0 (15312) pixels
    0x2B11, 0x2B11, 0x2B12, 0x2AF2, 0x2AF1, 0x2AD2, 0x2AF2, 0x2AD2, 0x32D2, 0x32D2, 0x32D2, 0x2AD2, 0x2AD2, 0x2AD2, 0x2AD2, 0x2AF3, // 0x3BE0 (15328) pixels
    0x3AF1, 0x32B1, 0x2A90, 0x2A90, 0x2AD1, 0x32F1, 0x2AD1, 0x2290, 0x224F, 0x228F, 0x2B32, 0x3C76, 0x555A, 0x5D9B, 0x65BC, 0x6DDD, // 0x3BF0 (15344) pixels
    0x64D7, 0x3AEF, 0x1106, 0x0021, 0x0800, 0x0000, 0x0000, 0x0000, 0x0000, 0x0000, 0x0000, 0x0000, 0x0000, 0x0000, 0x0000, 0x0000, // 0x3C00 (15360) pixels
    0x0000, 0x0000, 0x0000, 0x0000, 0x0000, 0x0000, 0x0841, 0x1083, 0x226D, 0x64D8, 0x6DDE, 0x451C, 0x2439, 0x33B4, 0x7451, 0xC5B0, // 0x3C10 (15376) pixels
    0xF774, 0xFFF7, 0xFF16, 0xB4D1, 0x4ACE, 0x022E, 0x12B1, 0x22D2, 0x2AF1, 0x32F2, 0x2AF2, 0x2AD1, 0x2AD2, 0x2AF2, 0x2AF2, 0x2AD2, // 0x3C20 (15392) pixels
    0x2AD2, 0x2AD2, 0x2AD2, 0x2AD2, 0x2AD2, 0x2AD2, 0x32D2, 0x32D2, 0x2AD2, 0x2AD1, 0x2AD2, 0x32F2, 0x32D1, 0x224F, 0x116B, 0x00C8, // 0x3C30 (15408) pixels
    0x28C6, 0x518A, 0x820D, 0xA22E, 0xC2B0, 0xE373, 0xEB94, 0xE352, 0xBAD0, 0x920C, 0x5949, 0x3927, 0x2147, 0x1127, 0x08E6, 0x00C6, // 0x3C40 (15424) pixels
    0x0128, 0x0149, 0x0169, 0x098B, 0x11ED, 0x228F, 0x32D1, 0x32F2, 0x2B13, 0x2AF2, 0x2AF2, 0x2AF1, 0x2AF1, 0x2AF2, 0x2AD2, 0x22D2, // 0x3C50 (15440) pixels
    0x3AD2, 0x32D2, 0x32B2, 0x32B2, 0x32B1, 0x32D2, 0x32F2, 0x32F2, 0x32D1, 0x32F2, 0x32F2, 0x2AF1, 0x2AD1, 0x2AD1, 0x2AF1, 0x2AF2, // 0x3C60 (15456) pixels
    0x322F, 0x220F, 0x22B0, 0x3BF4, 0x4CF8, 0x5559, 0x559B, 0x65FC, 0x6E1E, 0x4C76, 0x19EA, 0x0041, 0x0800, 0x0000, 0x0000, 0x0021, // 0x3C70 (15472) pixels
    0x0000, 0x0000, 0x0000, 0x0000, 0x0000, 0x0000, 0x0000, 0x0000, 0x0000, 0x0000, 0x0000, 0x0000, 0x0000, 0x0000, 0x0000, 0x0021, // 0x3C80 (15488) pixels
    0x1128, 0x4312, 0x5CFA, 0x4D7D, 0x3CFB, 0x4456, 0x84B2, 0xC58F, 0xFE2E, 0xFED1, 0xF611, 0xA42E, 0x426D, 0x0A0F, 0x0A93, 0x22B4, // 0x3C90 (15504) pixels
    0x2AB1, 0x2A91, 0x2291, 0x22B1, 0x2AD2, 0x2AD2, 0x2AD2, 0x2AD2, 0x2AB1, 0x2AB1, 0x2AD2, 0x2AD2, 0x2AB1, 0x2AB1, 0x32B1, 0x32B2, // 0x3CA0 (15520) pixels
    0x2AF2, 0x2AD2, 0x2AD2, 0x2AF2, 0x2AF2, 0x2AB1, 0x2A90, 0x2A6F, 0x11EB, 0x19EB, 0x19AB, 0x29AB, 0x3A0C, 0x4A8E, 0x52EF, 0x52EF, // 0x3CB0 (15536) pixels
    0x2A0D, 0x19AB, 0x0149, 0x016A, 0x018A, 0x018B, 0x09AC, 0x11CD, 0x11EC, 0x1A2D, 0x226E, 0x228F, 0x2AD0, 0x32F1, 0x2AF1, 0x2AD1, // 0x3CC0 (15552) pixels
    0x2AB2, 0x2AB2, 0x2AD1, 0x32D1, 0x32F1, 0x32D2, 0x2AD2, 0x2AB2, 0x2AD2, 0x2AD2, 0x2AF2, 0x2AF2, 0x22F2, 0x22D1, 0x22F1, 0x22F1, // 0x3CD0 (15568) pixels
    0x2AD2, 0x22D1, 0x22D1, 0x2AD2, 0x22D1, 0x22B1, 0x22D1, 0x2AF2, 0x3312, 0x3B73, 0x4415, 0x54F8, 0x5D7A, 0x5D9A, 0x5D7A, 0x5D59, // 0x3CE0 (15584) pixels
    0x5CB7, 0x3B50, 0x0926, 0x0000, 0x0800, 0x0800, 0x0000, 0x0000, 0x0000, 0x0000, 0x0000, 0x0000, 0x0000, 0x0000, 0x0000, 0x0000, // 0x3CF0 (15600) pixels
    0x0000, 0x0000, 0x0000, 0x0000, 0x0000, 0x0000, 0x0000, 0x0000, 0x0001, 0x08C6, 0x228E, 0x3C56, 0x451A, 0x54DA, 0x7CB6, 0xA513, // 0x3D00 (15616) pixels
    0xCD52, 0xC592, 0xA4F1, 0x7C11, 0x53B3, 0x33B5, 0x33D6, 0x3354, 0x32F2, 0x2AB1, 0x2A90, 0x2AB1, 0x2AD1, 0x2AB1, 0x2AB1, 0x2AD1, // 0x3D10 (15632) pixels
    0x32B1, 0x2AB1, 0x2AB1, 0x2AD2, 0x32D2, 0x32D2, 0x32B2, 0x32B2, 0x2AB1, 0x2AD1, 0x2AD2, 0x2AD2, 0x2AF2, 0x32F2, 0x32F2, 0x3AF2, // 0x3D20 (15648) pixels
    0x22F2, 0x1AB1, 0x1A91, 0x1AB1, 0x1AD1, 0x1AD2, 0x1AD2, 0x1AB1, 0x1AD1, 0x1AB0, 0x1A91, 0x1A91, 0x2291, 0x2A91, 0x2A92, 0x2AB2, // 0x3D30 (15664) pixels
    0x2A91, 0x2AD1, 0x32F2, 0x32F2, 0x32F2, 0x32F2, 0x2AF1, 0x2AD1, 0x32D3, 0x32D2, 0x32D1, 0x2AD1, 0x2AB1, 0x2AB1, 0x2AB2, 0x2AB2, // 0x3D40 (15680) pixels
    0x22D1, 0x22D1, 0x22D1, 0x22D0, 0x22B0, 0x22D0, 0x2AF1, 0x2B11, 0x2B12, 0x2B12, 0x3333, 0x3B94, 0x3B94, 0x3394, 0x3B94, 0x43D5, // 0x3D50 (15696) pixels
    0x54B9, 0x5D1A, 0x655B, 0x655B, 0x653A, 0x64F9, 0x5477, 0x43D4, 0x29CA, 0x1126, 0x0042, 0x0000, 0x0000, 0x0000, 0x0000, 0x0000, // 0x3D60 (15712) pixels
    0x0000, 0x0000, 0x0000, 0x0000, 0x0000, 0x0000, 0x0000, 0x0000, 0x0000, 0x0000, 0x0000, 0x0000, 0x0000, 0x0000, 0x0000, 0x0000, // 0x3D70 (15728) pixels
    0x0000, 0x0000, 0x0062, 0x01A8, 0x1A8E, 0x22B1, 0x3AF2, 0x6BD3, 0x7497, 0x6496, 0x5475, 0x54D7, 0x553B, 0x559C, 0x557B, 0x54F8, // 0x3D80 (15744) pixels
    0x5457, 0x4C16, 0x43F5, 0x43D5, 0x3BB5, 0x3394, 0x2B53, 0x2312, 0x2AD1, 0x2AF2, 0x2B12, 0x2B12, 0x2AF1, 0x22D1, 0x22B1, 0x22B1, // 0x3D90 (15760) pixels
    0x32B1, 0x2A90, 0x2A91, 0x2AB2, 0x2AD2, 0x2AB2, 0x2AB2, 0x2A71, 0x2AB2, 0x2AD2, 0x2AF2, 0x2313, 0x2B13, 0x2AF3, 0x2AB3, 0x2A92, // 0x3DA0 (15776) pixels
    0x22F1, 0x22F1, 0x2AD1, 0x2AD1, 0x32D1, 0x2AF1, 0x22F1, 0x22F1, 0x32D3, 0x32F3, 0x32F3, 0x2AB2, 0x2AB1, 0x2AB1, 0x2AB1, 0x2AB1, // 0x3DB0 (15792) pixels
    0x22D2, 0x22D1, 0x2AF1, 0x2AF1, 0x2AF1, 0x2AD1, 0x2AD2, 0x2AF2, 0x3313, 0x3333, 0x3333, 0x3333, 0x3333, 0x3353, 0x3B94, 0x43B5, // 0x3DC0 (15808) pixels
    0x33F5, 0x3C36, 0x4C97, 0x54F9, 0x5D19, 0x54F9, 0x54F8, 0x5D19, 0x6DBC, 0x657B, 0x54B9, 0x43F5, 0x3B52, 0x32B0, 0x21ED, 0x090A, // 0x3DD0 (15824) pixels
    0x0800, 0x0000, 0x0000, 0x0000, 0x0000, 0x0000, 0x0000, 0x0000, 0x0000, 0x0000, 0x0000, 0x0000, 0x0000, 0x0000, 0x0000, 0x0000, // 0x3DE0 (15840) pixels
    0x0000, 0x0000, 0x0000, 0x0000, 0x0000, 0x0000, 0x0000, 0x0000, 0x0021, 0x0000, 0x0800, 0x0000, 0x0020, 0x0043, 0x00E6, 0x2A09, // 0x3DF0 (15856) pixels
    0x326F, 0x2AF0, 0x2B71, 0x4456, 0x4CD9, 0x44FA, 0x4D3A, 0x5D39, 0x5D5B, 0x657B, 0x5D5B, 0x551A, 0x551A, 0x551B, 0x4CD9, 0x3C78, // 0x3E00 (15872) pixels
    0x4BF6, 0x4C36, 0x4C57, 0x4436, 0x33D4, 0x2B93, 0x2B73, 0x3373, 0x3B73, 0x3332, 0x22F2, 0x22D2, 0x1AD2, 0x22F2, 0x22F2, 0x2AF2, // 0x3E10 (15888) pixels
    0x32D1, 0x32F1, 0x2AF1, 0x2AF1, 0x2AF2, 0x32F2, 0x32F2, 0x32D2, 0x2B12, 0x2AF2, 0x32D2, 0x32B1, 0x32B1, 0x32D1, 0x2AF1, 0x2AF1, // 0x3E20 (15904) pixels
    0x22B2, 0x2AF3, 0x2AF3, 0x2AF2, 0x2AF2, 0x2B12, 0x2B32, 0x2B32, 0x2312, 0x2B53, 0x33B4, 0x43F5, 0x4415, 0x3BD4, 0x3394, 0x3374, // 0x3E30 (15920) pixels
    0x4417, 0x4438, 0x4C78, 0x5499, 0x5499, 0x5499, 0x5C99, 0x5CB9, 0x5D1B, 0x653C, 0x655C, 0x653B, 0x5CFA, 0x54B8, 0x4C57, 0x4436, // 0x3E40 (15936) pixels
    0x3B90, 0x2B0E, 0x122A, 0x0967, 0x00E5, 0x0084, 0x0002, 0x0001, 0x1000, 0x0800, 0x0000, 0x0000, 0x0000, 0x0000, 0x0000, 0x0000, // 0x3E50 (15952) pixels
    0x0000, 0x0000, 0x0000, 0x0000, 0x0000, 0x0000, 0x0000, 0x0000, 0x0000, 0x0000, 0x0000, 0x0000, 0x0000, 0x0000, 0x0000, 0x0000, // 0x3E60 (15968) pixels
    0x0020, 0x0000, 0x1000, 0x1000, 0x0800, 0x0000, 0x0000, 0x0000, 0x0003, 0x0064, 0x00E5, 0x19A9, 0x2A2C, 0x226C, 0x32AC, 0x3AAC, // 0x3E70 (15984) pixels
    0x3BB3, 0x3BD3, 0x3BD3, 0x3BD3, 0x4C35, 0x5CD8, 0x6D39, 0x6519, 0x6D1A, 0x653A, 0x653A, 0x653A, 0x5D3A, 0x5D19, 0x5CF9, 0x54D8, // 0x3E80 (16000) pixels
    0x54D8, 0x4C97, 0x4457, 0x3C36, 0x33F6, 0x3C16, 0x4436, 0x4C36, 0x5417, 0x4BF6, 0x43D6, 0x43D6, 0x4416, 0x4417, 0x4417, 0x3C16, // 0x3E90 (16016) pixels
    0x3C16, 0x3C16, 0x4416, 0x43F7, 0x43D6, 0x43D6, 0x4BD7, 0x4BD7, 0x4436, 0x4457, 0x4457, 0x4457, 0x4457, 0x4C77, 0x4C97, 0x4497, // 0x3EA0 (16032) pixels
    0x4C78, 0x5498, 0x5CD8, 0x655A, 0x6D5A, 0x6519, 0x5CF9, 0x5CD9, 0x6D39, 0x6D39, 0x6D19, 0x64D8, 0x5C97, 0x5C56, 0x5435, 0x5415, // 0x3EB0 (16048) pixels
    0x4B93, 0x5393, 0x4B51, 0x3AAF, 0x2A2C, 0x21EB, 0x1189, 0x0907, 0x0081, 0x0040, 0x0000, 0x0000, 0x0800, 0x0800, 0x0800, 0x1000, // 0x3EC0 (16064) pixels
    0x0001, 0x0001, 0x0021, 0x0000, 0x0020, 0x0000, 0x0000, 0x0000, 0x0000, 0x0000, 0x0000, 0x0000, 0x0000, 0x0000, 0x0000, 0x0000, // 0x3ED0 (16080) pixels
    0x0000, 0x0000, 0x0000, 0x0000, 0x0000, 0x0000, 0x0000, 0x0021, 0x0040, 0x0041, 0x0023, 0x0023, 0x0023, 0x0003, 0x0000, 0x1000, // 0x3EE0 (16096) pixels
    0x0000, 0x0040, 0x0820, 0x0800, 0x0001, 0x0002, 0x00A3, 0x08C4, 0x0128, 0x0148, 0x0129, 0x0149, 0x11AB, 0x2A6E, 0x3B10, 0x4331, // 0x3EF0 (16112) pixels
    0x2AF1, 0x2AF1, 0x2B12, 0x3394, 0x4436, 0x5497, 0x54B8, 0x5497, 0x5497, 0x5498, 0x54D9, 0x5CFA, 0x653A, 0x6D1A, 0x6CF9, 0x6CD8, // 0x3F00 (16128) pixels
    0x4D39, 0x5539, 0x5D19, 0x5CF8, 0x5CD8, 0x5D18, 0x5D18, 0x54F7, 0x6CF8, 0x64D7, 0x5CD7, 0x5518, 0x4D18, 0x4CF8, 0x54D8, 0x54F9, // 0x3F10 (16144) pixels
    0x6D39, 0x6519, 0x64F8, 0x5CD8, 0x5CF9, 0x6519, 0x6D3A, 0x653A, 0x5C98, 0x5457, 0x4C36, 0x4C36, 0x4C15, 0x43D4, 0x3BB4, 0x3BB5, // 0x3F20 (16160) pixels
    0x4371, 0x3B51, 0x32EF, 0x2A6E, 0x1A0C, 0x11AA, 0x0969, 0x0949, 0x0906, 0x08E5, 0x00C4, 0x0063, 0x0042, 0x0021, 0x0000, 0x0000, // 0x3F30 (16176) pixels
    0x0022, 0x0001, 0x0001, 0x0002, 0x0022, 0x0001, 0x0021, 0x0041, 0x0043, 0x0043, 0x0021, 0x0000, 0x0000, 0x0000, 0x0000, 0x0000, // 0x3F40 (16192) pixels
    0x0000, 0x0000, 0x0000, 0x0000, 0x0000, 0x0000, 0x0000, 0x0000};

#endif // FLAMENGO_C_INCLUDED