// Generated by   : ImageConverter 565 Online
// Generated from : kitten.jpg
// Time generated : Tue, 29 Jul 25 08:13:51 +0200  (Server timezone: CET)
// Image Size     : 190x128 pixels
// Memory usage   : 48640 bytes


#ifndef KITTEN_H
#define KITTEN_H

#include <TFT_eSPI.h>

void drawKitten(TFT_eSPI &tft);

#if defined(__AVR__)
    #include <avr/pgmspace.h>
#elif defined(__PIC32MX__)
    #define PROGMEM
#elif defined(__arm__)
    #define PROGMEM
#endif


const unsigned short kitten[16200] PROGMEM={
0x0000, 0x0000, 0x0000, 0x0000, 0x0000, 0x0000, 0x0000, 0x0000, 0x0000, 0x0000, 0x0000, 0x0000, 0x0000, 0x0000, 0x0000, 0x0000,   // 0x0010 (16) pixels
0x0000, 0x0000, 0x0000, 0x0000, 0x0000, 0x0000, 0x0000, 0x0000, 0x0001, 0x0021, 0x0000, 0x0000, 0x0000, 0x0000, 0x0000, 0x0001,   // 0x0020 (32) pixels
0x0000, 0x0000, 0x0000, 0x0000, 0x0000, 0x0000, 0x0000, 0x0000, 0x0000, 0x0000, 0x0000, 0x0000, 0x0000, 0x0000, 0x0000, 0x0000,   // 0x0030 (48) pixels
0x0000, 0x0000, 0x0000, 0x0000, 0x0000, 0x0000, 0x0000, 0x0000, 0x0000, 0x0000, 0x0000, 0x0000, 0x0000, 0x0000, 0x0000, 0x0000,   // 0x0040 (64) pixels
0x0000, 0x0000, 0x0000, 0x0000, 0x0000, 0x0000, 0x0000, 0x0000, 0x0000, 0x0000, 0x0000, 0x0000, 0x0000, 0x0000, 0x0000, 0x0000,   // 0x0050 (80) pixels
0x0800, 0x0000, 0x0800, 0x0000, 0x0001, 0x0001, 0x0001, 0x0001, 0x0800, 0x0000, 0x0000, 0x0000, 0x0000, 0x0000, 0x0000, 0x0000,   // 0x0060 (96) pixels
0x0000, 0x0000, 0x0000, 0x0000, 0x0000, 0x0000, 0x0000, 0x0000, 0x0000, 0x0000, 0x0000, 0x0000, 0x0000, 0x0000, 0x0000, 0x0000,   // 0x0070 (112) pixels
0x0000, 0x0000, 0x0000, 0x0000, 0x0000, 0x0000, 0x0000, 0x0000, 0x0000, 0x0000, 0x0000, 0x0000, 0x0000, 0x0000, 0x0000, 0x0000,   // 0x0080 (128) pixels
0x0000, 0x0000, 0x0000, 0x0000, 0x0000, 0x0000, 0x0000, 0x0000, 0x0000, 0x0000, 0x0000, 0x0000, 0x0000, 0x0000, 0x0000, 0x0000,   // 0x0090 (144) pixels
0x0000, 0x0000, 0x0000, 0x0000, 0x0000, 0x0000, 0x0000, 0x0000, 0x0000, 0x0000, 0x0000, 0x0000, 0x0000, 0x0000, 0x0000, 0x0000,   // 0x00A0 (160) pixels
0x0000, 0x0000, 0x0000, 0x0000, 0x0000, 0x0000, 0x0000, 0x0000, 0x0000, 0x0000, 0x0000, 0x0000, 0x0000, 0x0000, 0x0000, 0x0000,   // 0x00B0 (176) pixels
0x0000, 0x0000, 0x0000, 0x0000, 0x0000, 0x0000, 0x0000, 0x0000, 0x0000, 0x0000, 0x0000, 0x0000, 0x0000, 0x0000, 0x0000, 0x0000,   // 0x00C0 (192) pixels
0x0000, 0x0000, 0x0000, 0x0000, 0x0000, 0x0000, 0x0000, 0x0000, 0x0000, 0x0000, 0x0000, 0x0000, 0x0000, 0x0000, 0x0021, 0x0000,   // 0x00D0 (208) pixels
0x0000, 0x0000, 0x0021, 0x0021, 0x0000, 0x0000, 0x0000, 0x0000, 0x0000, 0x0000, 0x0000, 0x0000, 0x0000, 0x0000, 0x0000, 0x0000,   // 0x00E0 (224) pixels
0x0000, 0x0000, 0x0000, 0x0000, 0x0000, 0x0000, 0x0000, 0x0000, 0x0000, 0x0000, 0x0000, 0x0000, 0x0000, 0x0000, 0x0000, 0x0000,   // 0x00F0 (240) pixels
0x0000, 0x0000, 0x0000, 0x0000, 0x0000, 0x0000, 0x0000, 0x0000, 0x0000, 0x0000, 0x0000, 0x0000, 0x0000, 0x0000, 0x0000, 0x0000,   // 0x0100 (256) pixels
0x0000, 0x0000, 0x0000, 0x0000, 0x0000, 0x0000, 0x0000, 0x0000, 0x0000, 0x0000, 0x0000, 0x0000, 0x0000, 0x0000, 0x0820, 0x0020,   // 0x0110 (272) pixels
0x0000, 0x0000, 0x0000, 0x0000, 0x0000, 0x0000, 0x0000, 0x0000, 0x0000, 0x0000, 0x0000, 0x0000, 0x0000, 0x0000, 0x0000, 0x0000,   // 0x0120 (288) pixels
0x0000, 0x0000, 0x0000, 0x0000, 0x0000, 0x0000, 0x0000, 0x0000, 0x0000, 0x0000, 0x0000, 0x0000, 0x0000, 0x0000, 0x0000, 0x0000,   // 0x0130 (304) pixels
0x0000, 0x0000, 0x0000, 0x0000, 0x0000, 0x0000, 0x0000, 0x0000, 0x0000, 0x0000, 0x0000, 0x0000, 0x0000, 0x0000, 0x0000, 0x0000,   // 0x0140 (320) pixels
0x0020, 0x0020, 0x0000, 0x0000, 0x0820, 0x0020, 0x0020, 0x0020, 0x0001, 0x0001, 0x0001, 0x0001, 0x0000, 0x0000, 0x0000, 0x0000,   // 0x0150 (336) pixels
0x0000, 0x0000, 0x0000, 0x0000, 0x0000, 0x0000, 0x0000, 0x0000, 0x0000, 0x0000, 0x0000, 0x0000, 0x0000, 0x0000, 0x0000, 0x0000,   // 0x0160 (352) pixels
0x0000, 0x0000, 0x0000, 0x0000, 0x0000, 0x0000, 0x0000, 0x0000, 0x0000, 0x0000, 0x0000, 0x0000, 0x0000, 0x0000, 0x0000, 0x0000,   // 0x0170 (368) pixels
0x0000, 0x0000, 0x0000, 0x0000, 0x0000, 0x0000, 0x0000, 0x0000, 0x0000, 0x0000, 0x0000, 0x0000, 0x0000, 0x0000, 0x0000, 0x0000,   // 0x0180 (384) pixels
0x0000, 0x0000, 0x0000, 0x0021, 0x0021, 0x0000, 0x0000, 0x0000, 0x0000, 0x0000, 0x0000, 0x0000, 0x0000, 0x0000, 0x0000, 0x0000,   // 0x0190 (400) pixels
0x0000, 0x0000, 0x0000, 0x0000, 0x0000, 0x0000, 0x0000, 0x0000, 0x0000, 0x0000, 0x0000, 0x0000, 0x0000, 0x0000, 0x0000, 0x0000,   // 0x01A0 (416) pixels
0x0000, 0x0000, 0x0000, 0x0000, 0x0000, 0x0000, 0x0000, 0x0000, 0x0000, 0x0000, 0x0000, 0x0000, 0x0000, 0x0000, 0x0000, 0x0000,   // 0x01B0 (432) pixels
0x0000, 0x0000, 0x0000, 0x0000, 0x0000, 0x0000, 0x0000, 0x0000, 0x0020, 0x0000, 0x0000, 0x0000, 0x0020, 0x0000, 0x1060, 0x20C0,   // 0x01C0 (448) pixels
0x2080, 0x2080, 0x2080, 0x2081, 0x1040, 0x0000, 0x0000, 0x0001, 0x0000, 0x0000, 0x0000, 0x0000, 0x0000, 0x0000, 0x0000, 0x0000,   // 0x01D0 (464) pixels
0x0000, 0x0000, 0x0000, 0x0000, 0x0000, 0x0000, 0x0000, 0x0000, 0x0000, 0x0000, 0x0000, 0x0000, 0x0000, 0x0000, 0x0000, 0x0000,   // 0x01E0 (480) pixels
0x0000, 0x0000, 0x0000, 0x0000, 0x0000, 0x0000, 0x0000, 0x0000, 0x0000, 0x0000, 0x0000, 0x0000, 0x0000, 0x0000, 0x0000, 0x0000,   // 0x01F0 (496) pixels
0x0000, 0x0000, 0x0000, 0x0000, 0x0000, 0x0000, 0x0000, 0x0000, 0x0000, 0x0000, 0x0000, 0x0000, 0x0000, 0x0000, 0x0000, 0x0021,   // 0x0200 (512) pixels
0x0000, 0x0000, 0x0000, 0x0000, 0x0000, 0x0000, 0x0000, 0x0000, 0x0000, 0x0000, 0x0000, 0x0000, 0x0000, 0x0000, 0x0000, 0x0000,   // 0x0210 (528) pixels
0x0000, 0x0000, 0x0000, 0x0000, 0x0000, 0x0000, 0x0000, 0x0000, 0x0000, 0x0000, 0x0000, 0x0000, 0x0000, 0x0000, 0x0000, 0x0000,   // 0x0220 (544) pixels
0x0000, 0x0000, 0x0000, 0x0000, 0x0000, 0x0000, 0x0000, 0x0000, 0x0000, 0x0000, 0x0000, 0x0000, 0x0000, 0x0000, 0x0000, 0x0000,   // 0x0230 (560) pixels
0x0000, 0x0000, 0x0001, 0x0002, 0x0021, 0x20A1, 0x7B08, 0xC4CE, 0xBC6A, 0xC4AB, 0xC4AC, 0xA40B, 0x51E4, 0x0800, 0x0000, 0x0042,   // 0x0240 (576) pixels
0x0000, 0x0000, 0x0000, 0x0000, 0x0000, 0x0000, 0x0000, 0x0000, 0x0000, 0x0000, 0x0000, 0x0000, 0x0000, 0x0000, 0x0000, 0x0000,   // 0x0250 (592) pixels
0x0000, 0x0000, 0x0000, 0x0000, 0x0000, 0x0000, 0x0000, 0x0000, 0x0000, 0x0000, 0x0000, 0x0000, 0x0000, 0x0000, 0x0000, 0x0000,   // 0x0260 (608) pixels
0x0000, 0x0000, 0x0000, 0x0000, 0x0000, 0x0000, 0x0000, 0x0000, 0x0000, 0x0000, 0x0000, 0x0000, 0x0000, 0x0000, 0x0000, 0x0000,   // 0x0270 (624) pixels
0x0000, 0x0000, 0x0820, 0x0000, 0x0000, 0x0820, 0x0000, 0x0000, 0x0000, 0x0000, 0x0000, 0x0000, 0x0000, 0x0000, 0x0000, 0x0000,   // 0x0280 (640) pixels
0x0000, 0x0000, 0x0000, 0x0000, 0x0000, 0x0000, 0x0000, 0x0000, 0x0000, 0x0000, 0x0000, 0x0000, 0x0000, 0x0000, 0x0000, 0x0000,   // 0x0290 (656) pixels
0x0000, 0x0000, 0x0000, 0x0000, 0x0000, 0x0000, 0x0000, 0x0000, 0x0000, 0x0000, 0x0000, 0x0000, 0x0000, 0x0000, 0x0000, 0x0000,   // 0x02A0 (672) pixels
0x0000, 0x0000, 0x0000, 0x0000, 0x0000, 0x0000, 0x0000, 0x0000, 0x0800, 0x0000, 0x0001, 0x0000, 0x0800, 0x30A0, 0xABC9, 0xFE31,   // 0x02B0 (688) pixels
0xFE30, 0xFE10, 0xFE11, 0xEDB0, 0x8B28, 0x1020, 0x0000, 0x0000, 0x0000, 0x0000, 0x0000, 0x0000, 0x0000, 0x0000, 0x0000, 0x0000,   // 0x02C0 (704) pixels
0x0000, 0x0000, 0x0000, 0x0000, 0x0000, 0x0000, 0x0000, 0x0000, 0x0000, 0x0000, 0x0000, 0x0000, 0x0000, 0x0000, 0x0000, 0x0000,   // 0x02D0 (720) pixels
0x0000, 0x0000, 0x0000, 0x0000, 0x0000, 0x0000, 0x0000, 0x0000, 0x0000, 0x0000, 0x0000, 0x0000, 0x0000, 0x0000, 0x0000, 0x0000,   // 0x02E0 (736) pixels
0x0000, 0x0000, 0x0000, 0x0000, 0x0000, 0x0000, 0x0000, 0x0000, 0x1020, 0x49C5, 0x7B28, 0x8326, 0x8306, 0x72A6, 0x3102, 0x0800,   // 0x02F0 (752) pixels
0x0000, 0x0000, 0x0000, 0x0000, 0x0000, 0x0000, 0x0000, 0x0000, 0x0000, 0x0000, 0x0000, 0x0000, 0x0000, 0x0000, 0x0000, 0x0000,   // 0x0300 (768) pixels
0x0000, 0x0000, 0x0000, 0x0000, 0x0000, 0x0000, 0x0000, 0x0000, 0x0000, 0x0000, 0x0000, 0x0000, 0x0000, 0x0000, 0x0000, 0x0000,   // 0x0310 (784) pixels
0x0000, 0x0000, 0x0000, 0x0000, 0x0000, 0x0000, 0x0000, 0x0000, 0x0000, 0x0000, 0x0000, 0x0000, 0x0000, 0x0000, 0x0000, 0x0000,   // 0x0320 (800) pixels
0x0000, 0x1881, 0x51E5, 0x7AC7, 0x9327, 0x9B25, 0xDD0C, 0xFDCE, 0xB3CB, 0x9AE8, 0xAB69, 0xDD51, 0xC4CF, 0x5A26, 0x18A1, 0x0020,   // 0x0330 (816) pixels
0x0000, 0x0000, 0x0000, 0x0000, 0x0000, 0x0000, 0x0000, 0x0000, 0x0000, 0x0000, 0x0000, 0x0000, 0x0000, 0x0000, 0x0000, 0x0000,   // 0x0340 (832) pixels
0x0000, 0x0000, 0x0000, 0x0000, 0x0000, 0x0000, 0x0000, 0x0000, 0x0000, 0x0000, 0x0000, 0x0000, 0x0000, 0x0000, 0x0000, 0x0000,   // 0x0350 (848) pixels
0x0000, 0x0000, 0x0000, 0x0000, 0x0000, 0x0000, 0x0000, 0x0000, 0x0000, 0x0000, 0x0000, 0x0000, 0x0000, 0x0000, 0x0000, 0x0000,   // 0x0360 (864) pixels
0x2020, 0x8329, 0xE5D1, 0xFE51, 0xFE51, 0xDD6F, 0x72A7, 0x2040, 0x0861, 0x0841, 0x0841, 0x0020, 0x0020, 0x0000, 0x0000, 0x0000,   // 0x0370 (880) pixels
0x0000, 0x0000, 0x0000, 0x0000, 0x0000, 0x0000, 0x0000, 0x0000, 0x0000, 0x0000, 0x0000, 0x0000, 0x0000, 0x0000, 0x0000, 0x0000,   // 0x0380 (896) pixels
0x0000, 0x0000, 0x0000, 0x0000, 0x0000, 0x0000, 0x0000, 0x0000, 0x0000, 0x0000, 0x0000, 0x0000, 0x0000, 0x0000, 0x0000, 0x0000,   // 0x0390 (912) pixels
0x0000, 0x0000, 0x0000, 0x0000, 0x0000, 0x0000, 0x0000, 0x0000, 0x0020, 0x2922, 0x8B48, 0xE52D, 0xFE0F, 0xFDAC, 0xFE0E, 0xDD0A,   // 0x03A0 (928) pixels
0x59A8, 0x3842, 0x5965, 0xDD74, 0xFED9, 0xAC6F, 0x41A5, 0x0000, 0x0000, 0x0000, 0x0000, 0x0000, 0x0000, 0x0000, 0x0000, 0x0000,   // 0x03B0 (944) pixels
0x0000, 0x0000, 0x0000, 0x0000, 0x0000, 0x0000, 0x0000, 0x0000, 0x0000, 0x0000, 0x0000, 0x0000, 0x0000, 0x0000, 0x0000, 0x0000,   // 0x03C0 (960) pixels
0x0000, 0x0000, 0x0000, 0x0000, 0x0000, 0x0000, 0x0000, 0x0000, 0x0000, 0x0000, 0x0000, 0x0000, 0x0000, 0x0000, 0x0000, 0x0000,   // 0x03D0 (976) pixels
0x0000, 0x0000, 0x0000, 0x0000, 0x0000, 0x0000, 0x0000, 0x0861, 0x3962, 0xAC4D, 0xFDF2, 0xE4EE, 0xDCAD, 0xDD2E, 0xC4CB, 0xB468,   // 0x03E0 (992) pixels
0xC40A, 0x9BAA, 0x5247, 0x1082, 0x0020, 0x0020, 0x0000, 0x0000, 0x0000, 0x0000, 0x0000, 0x0000, 0x0000, 0x0000, 0x0020, 0x0000,   // 0x03F0 (1008) pixels
0x0020, 0x0000, 0x0000, 0x0000, 0x0000, 0x0000, 0x0000, 0x0000, 0x0000, 0x0000, 0x0000, 0x0000, 0x0000, 0x0000, 0x0000, 0x0000,   // 0x0400 (1024) pixels
0x0000, 0x0800, 0x0800, 0x0000, 0x0000, 0x0000, 0x0000, 0x0000, 0x0800, 0x0800, 0x0000, 0x0000, 0x0020, 0x0820, 0x59C4, 0x92C6,   // 0x0410 (1040) pixels
0x9A45, 0xA306, 0xCC69, 0xED6A, 0xFD8A, 0xFD6D, 0xC40C, 0x8ACC, 0x5045, 0x5885, 0x8A29, 0xED94, 0xFEB6, 0xACAE, 0x3984, 0x0000,   // 0x0420 (1056) pixels
0x0000, 0x0000, 0x0000, 0x0000, 0x0000, 0x0000, 0x0000, 0x0000, 0x0000, 0x0000, 0x0000, 0x0000, 0x0000, 0x0000, 0x0000, 0x0000,   // 0x0430 (1072) pixels
0x0000, 0x0000, 0x0000, 0x0000, 0x0000, 0x0000, 0x0000, 0x0000, 0x0000, 0x0000, 0x0000, 0x0000, 0x0000, 0x0000, 0x0000, 0x0000,   // 0x0440 (1088) pixels
0x0000, 0x0000, 0x0000, 0x0000, 0x0000, 0x0000, 0x0000, 0x0000, 0x0000, 0x0000, 0x0000, 0x0000, 0x0000, 0x0000, 0x0000, 0x2944,   // 0x0450 (1104) pixels
0x9BEC, 0xEDF4, 0xF554, 0xA269, 0x7964, 0xAB8B, 0xE5B0, 0xFF34, 0xFEB0, 0xDDAE, 0x8389, 0x28C1, 0x0800, 0x0800, 0x0800, 0x0001,   // 0x0460 (1120) pixels
0x0000, 0x0000, 0x0000, 0x0000, 0x0000, 0x0000, 0x0000, 0x0000, 0x0000, 0x0000, 0x0000, 0x0000, 0x0000, 0x0000, 0x0000, 0x0021,   // 0x0470 (1136) pixels
0x0020, 0x0000, 0x0000, 0x0000, 0x0000, 0x0000, 0x0000, 0x0000, 0x0000, 0x0000, 0x0000, 0x0000, 0x0000, 0x0000, 0x0000, 0x0000,   // 0x0480 (1152) pixels
0x0000, 0x0000, 0x0000, 0x0000, 0x0000, 0x1860, 0x8B07, 0xDD0E, 0xED0F, 0xED0D, 0xED0B, 0xFD8B, 0xFDAC, 0xED4E, 0x8AA8, 0x3062,   // 0x0490 (1168) pixels
0x68C7, 0x9A2C, 0xCBF1, 0xFDF6, 0xEE14, 0x9C2C, 0x3984, 0x0000, 0x0000, 0x0000, 0x0000, 0x0000, 0x0000, 0x0000, 0x0000, 0x0000,   // 0x04A0 (1184) pixels
0x0000, 0x0000, 0x0000, 0x0000, 0x0000, 0x0000, 0x0000, 0x0000, 0x0000, 0x0000, 0x0000, 0x0000, 0x0000, 0x0000, 0x0000, 0x0000,   // 0x04B0 (1200) pixels
0x0000, 0x0000, 0x0000, 0x0000, 0x0000, 0x0000, 0x0000, 0x0000, 0x0000, 0x0000, 0x0000, 0x0000, 0x0000, 0x0000, 0x0000, 0x0000,   // 0x04C0 (1216) pixels
0x0000, 0x0000, 0x0000, 0x0000, 0x0000, 0x0000, 0x0000, 0x3185, 0xC4CF, 0xFE37, 0xF4D5, 0xA1EC, 0x68A7, 0x81E9, 0x9B6B, 0xD54F,   // 0x04D0 (1232) pixels
0xF62A, 0xE5CB, 0xB489, 0x7AA4, 0x7224, 0x6A26, 0x3103, 0x0001, 0x0000, 0x0000, 0x0000, 0x0000, 0x0000, 0x0000, 0x0020, 0x0000,   // 0x04E0 (1248) pixels
0x0020, 0x0020, 0x0000, 0x0000, 0x0000, 0x0000, 0x0000, 0x0000, 0x0020, 0x0000, 0x0000, 0x0000, 0x0000, 0x0000, 0x0000, 0x0021,   // 0x04F0 (1264) pixels
0x0000, 0x0000, 0x0000, 0x0000, 0x0000, 0x0000, 0x0000, 0x0000, 0x0001, 0x0000, 0x0800, 0x1840, 0x2080, 0x38A0, 0x92E5, 0xE4CB,   // 0x0500 (1280) pixels
0xE50C, 0xF52B, 0xFD0A, 0xFD4B, 0xDC8B, 0xA349, 0x61A6, 0x40E5, 0xAA2D, 0xCB71, 0xE493, 0xFDF6, 0xEDD3, 0xA42D, 0x3984, 0x0000,   // 0x0510 (1296) pixels
0x0000, 0x0000, 0x0000, 0x0000, 0x0000, 0x0000, 0x0000, 0x0000, 0x0000, 0x0000, 0x0000, 0x0000, 0x0000, 0x0000, 0x0000, 0x0000,   // 0x0520 (1312) pixels
0x0000, 0x0000, 0x0000, 0x0000, 0x0000, 0x0000, 0x0000, 0x0000, 0x0000, 0x0000, 0x0000, 0x0000, 0x0000, 0x0000, 0x0000, 0x0000,   // 0x0530 (1328) pixels
0x0000, 0x0000, 0x0000, 0x0000, 0x0000, 0x0000, 0x0000, 0x0000, 0x0000, 0x0000, 0x0000, 0x0000, 0x0000, 0x0000, 0x0000, 0x3144,   // 0x0540 (1344) pixels
0xBC2D, 0xFD54, 0xFCB6, 0xEBD5, 0xB290, 0x7989, 0x4882, 0x6184, 0xE54B, 0xFE2F, 0xFE70, 0xFDCE, 0xFDCE, 0xDD4E, 0x72C7, 0x0840,   // 0x0550 (1360) pixels
0x0000, 0x0000, 0x0000, 0x0000, 0x0000, 0x0001, 0x0000, 0x0000, 0x0001, 0x0000, 0x0000, 0x0000, 0x0000, 0x0000, 0x0000, 0x0000,   // 0x0560 (1376) pixels
0x0000, 0x0000, 0x0000, 0x0000, 0x0000, 0x0000, 0x0000, 0x0000, 0x0000, 0x0000, 0x0000, 0x0000, 0x0001, 0x0000, 0x0000, 0x0000,   // 0x0570 (1392) pixels
0x0042, 0x0000, 0x2060, 0x6A26, 0x9B6A, 0xA368, 0xC3E8, 0xD448, 0xD468, 0xF52A, 0xFD8B, 0xFD8D, 0x9B48, 0x48A3, 0x50A5, 0x9A8D,   // 0x0580 (1408) pixels
0xD330, 0xCB10, 0xCB6F, 0xFD75, 0xF5F5, 0xAC2D, 0x3964, 0x0000, 0x0000, 0x0000, 0x0000, 0x0000, 0x0000, 0x0000, 0x0000, 0x0000,   // 0x0590 (1424) pixels
0x0000, 0x0000, 0x0000, 0x0000, 0x0000, 0x0000, 0x0000, 0x0000, 0x0000, 0x0000, 0x0000, 0x0000, 0x0000, 0x0000, 0x0000, 0x0000,   // 0x05A0 (1440) pixels
0x0000, 0x0000, 0x0000, 0x0000, 0x0000, 0x0000, 0x0000, 0x0000, 0x0000, 0x0000, 0x0000, 0x0000, 0x0000, 0x0000, 0x0000, 0x0000,   // 0x05B0 (1456) pixels
0x0000, 0x0000, 0x0000, 0x0000, 0x0000, 0x0000, 0x0800, 0x4A07, 0xDCF1, 0xFD34, 0xFC74, 0xFC55, 0xDB72, 0xA26C, 0x6906, 0x6946,   // 0x05C0 (1472) pixels
0xABCC, 0xC46D, 0xDD2D, 0xF56B, 0xFDCB, 0xED4B, 0xA367, 0x59C3, 0x4982, 0x3942, 0x20A1, 0x0820, 0x0000, 0x0000, 0x0000, 0x0000,   // 0x05D0 (1488) pixels
0x0000, 0x0000, 0x0800, 0x0800, 0x1020, 0x1840, 0x1860, 0x1881, 0x2061, 0x1040, 0x1041, 0x1062, 0x1062, 0x1021, 0x1021, 0x1861,   // 0x05E0 (1504) pixels
0x1840, 0x2061, 0x1841, 0x0801, 0x0000, 0x0000, 0x0000, 0x0020, 0x0021, 0x0000, 0x38E1, 0x92E8, 0xD4AE, 0xD48C, 0xDC69, 0xD427,   // 0x05F0 (1520) pixels
0xECA9, 0xF54B, 0xE50A, 0xBC4B, 0x6206, 0x3023, 0x68C7, 0xD332, 0xE3B2, 0xDB91, 0xD3D0, 0xFD95, 0xF5D4, 0x9BEC, 0x3123, 0x0000,   // 0x0600 (1536) pixels
0x0000, 0x0000, 0x0000, 0x0000, 0x0000, 0x0000, 0x0000, 0x0000, 0x0000, 0x0000, 0x0000, 0x0000, 0x0000, 0x0000, 0x0000, 0x0000,   // 0x0610 (1552) pixels
0x0000, 0x0000, 0x0000, 0x0000, 0x0000, 0x0000, 0x0000, 0x0000, 0x0000, 0x0000, 0x0000, 0x0000, 0x0000, 0x0000, 0x0000, 0x0000,   // 0x0620 (1568) pixels
0x0000, 0x0000, 0x0000, 0x0000, 0x0000, 0x0000, 0x0000, 0x0000, 0x0000, 0x0000, 0x0000, 0x0000, 0x0000, 0x0000, 0x20E2, 0x838C,   // 0x0630 (1584) pixels
0xFE56, 0xFDB5, 0xEC11, 0xE370, 0xDB70, 0xDBF2, 0xBB2F, 0x91EA, 0x38A5, 0x2862, 0x5983, 0xABC7, 0xFDAC, 0xFDCD, 0xF50C, 0xE4AD,   // 0x0640 (1600) pixels
0xE56F, 0xB46C, 0x6A66, 0x20A1, 0x0000, 0x0000, 0x0000, 0x0820, 0x0000, 0x0000, 0x0800, 0x30C3, 0x59E6, 0x7268, 0x6A47, 0x61E5,   // 0x0650 (1616) pixels
0x5185, 0x4124, 0x3904, 0x3925, 0x3925, 0x3905, 0x4145, 0x51A6, 0x7268, 0x7269, 0x6208, 0x3904, 0x1821, 0x0800, 0x0000, 0x0000,   // 0x0660 (1632) pixels
0x0000, 0x28C1, 0x7A65, 0xBB89, 0xD42A, 0xCBC8, 0xD428, 0xE488, 0xFD4B, 0xE4EB, 0x9B26, 0x4963, 0x2821, 0x4865, 0x918B, 0xE311,   // 0x0670 (1648) pixels
0xEC73, 0xFD16, 0xFD36, 0xFE17, 0xF5F4, 0xA40D, 0x3964, 0x0000, 0x0000, 0x0000, 0x0000, 0x0000, 0x0000, 0x0000, 0x0000, 0x0000,   // 0x0680 (1664) pixels
0x0000, 0x0000, 0x0000, 0x0000, 0x0000, 0x0000, 0x0000, 0x0000, 0x0000, 0x0000, 0x0000, 0x0000, 0x0000, 0x0000, 0x0000, 0x0000,   // 0x0690 (1680) pixels
0x0000, 0x0000, 0x0000, 0x0000, 0x0000, 0x0000, 0x0000, 0x0000, 0x0000, 0x0000, 0x0000, 0x0000, 0x0000, 0x0000, 0x0000, 0x0000,   // 0x06A0 (1696) pixels
0x0000, 0x0000, 0x0000, 0x0000, 0x0000, 0x0820, 0x3123, 0x9C4F, 0xFED7, 0xFDF6, 0xE432, 0xDB50, 0xE391, 0xF453, 0xDBB1, 0xA1EA,   // 0x06B0 (1712) pixels
0x3024, 0x1801, 0x3063, 0x82C9, 0xDCEE, 0xFD8E, 0xFD6D, 0xFD8E, 0xFDEE, 0xDCEC, 0x8AC6, 0x38E1, 0x1000, 0x0000, 0x0000, 0x0000,   // 0x06C0 (1728) pixels
0x0020, 0x0800, 0x2061, 0x51A5, 0x8AEA, 0xABAC, 0xAB8B, 0x9B09, 0x7227, 0x61A6, 0x5166, 0x5186, 0x4987, 0x5166, 0x5986, 0x7207,   // 0x06D0 (1744) pixels
0x9B2A, 0xA38C, 0x92EB, 0x5986, 0x2841, 0x1800, 0x1840, 0x1840, 0x1840, 0x59C3, 0xB3A9, 0xD409, 0xD409, 0xCBC8, 0xDC69, 0xECEB,   // 0x06E0 (1760) pixels
0xFD6D, 0xCC6C, 0x7227, 0x3063, 0x3003, 0x7108, 0xAA0C, 0xD310, 0xECF4, 0xFDB8, 0xFDD8, 0xFE37, 0xE5B4, 0x9BEC, 0x3964, 0x0000,   // 0x06F0 (1776) pixels
0x0000, 0x0000, 0x0000, 0x0000, 0x0000, 0x0000, 0x0000, 0x0000, 0x0000, 0x0000, 0x0000, 0x0000, 0x0000, 0x0000, 0x0000, 0x0000,   // 0x0700 (1792) pixels
0x0000, 0x0000, 0x0000, 0x0000, 0x0000, 0x0000, 0x0000, 0x0000, 0x0000, 0x0000, 0x0000, 0x0000, 0x0000, 0x0000, 0x0000, 0x0000,   // 0x0710 (1808) pixels
0x0000, 0x0000, 0x0000, 0x0000, 0x0000, 0x0000, 0x0000, 0x0000, 0x0000, 0x0000, 0x0000, 0x0000, 0x0000, 0x0800, 0x2902, 0x93EE,   // 0x0720 (1824) pixels
0xEEB5, 0xFE57, 0xF4B5, 0xE393, 0xE352, 0xDB51, 0xD350, 0xCAEE, 0xAACE, 0x79CB, 0x5949, 0x5168, 0x6A07, 0x9B27, 0xCC69, 0xED8C,   // 0x0730 (1840) pixels
0xFD8B, 0xF52B, 0xC42A, 0x8B09, 0x6268, 0x41A6, 0x20E3, 0x1061, 0x20E2, 0x3143, 0x49C5, 0x61E6, 0x7205, 0x8226, 0x9266, 0x9AA7,   // 0x0740 (1856) pixels
0x8A68, 0x71E6, 0x5986, 0x5987, 0x5166, 0x5105, 0x5924, 0x6985, 0x8245, 0x92E8, 0x92CA, 0x69A6, 0x48E4, 0x5165, 0x6A27, 0x72A8,   // 0x0750 (1872) pixels
0x6A67, 0x9328, 0xC3C9, 0xCB87, 0xD3C7, 0xD409, 0xDC8B, 0xDCAA, 0xCC09, 0x92E7, 0x61A7, 0x616A, 0x81EC, 0xBAEF, 0xCB50, 0xE432,   // 0x0760 (1888) pixels
0xE514, 0xFDB7, 0xFDD7, 0xFE17, 0xC4F0, 0x6A87, 0x1880, 0x0000, 0x0000, 0x0000, 0x0000, 0x0000, 0x0000, 0x0000, 0x0000, 0x0000,   // 0x0770 (1904) pixels
0x0000, 0x0000, 0x0000, 0x0000, 0x0000, 0x0000, 0x0000, 0x0000, 0x0000, 0x0000, 0x0000, 0x0000, 0x0000, 0x0000, 0x0000, 0x0000,   // 0x0780 (1920) pixels
0x0000, 0x0000, 0x0000, 0x0000, 0x0000, 0x0000, 0x0000, 0x0000, 0x0000, 0x0000, 0x0000, 0x0000, 0x0000, 0x0000, 0x0000, 0x0000,   // 0x0790 (1936) pixels
0x0000, 0x0000, 0x0000, 0x0000, 0x0000, 0x0000, 0x2902, 0x8BCB, 0xEEB6, 0xFEB9, 0xFD77, 0xEC54, 0xD350, 0xD32F, 0xDB50, 0xEB72,   // 0x07A0 (1952) pixels
0xFC14, 0xD371, 0x81EA, 0x2865, 0x0002, 0x1040, 0x8264, 0xF50A, 0xFD8C, 0xFD6B, 0xF509, 0xFD2B, 0xF54D, 0xC42A, 0x7A66, 0x4101,   // 0x07B0 (1968) pixels
0x6123, 0x92E9, 0xA38C, 0x7207, 0x48A3, 0x40A3, 0x5985, 0x82E9, 0xA347, 0xA349, 0x8288, 0x6187, 0x5147, 0x5146, 0x4944, 0x4964,   // 0x07C0 (1984) pixels
0x61A4, 0x9309, 0x9309, 0x61A5, 0x40E3, 0x61C5, 0xB3AA, 0xFD4E, 0xFD4D, 0xE4A9, 0xCBC7, 0xC388, 0xC3A8, 0xD429, 0xF54D, 0xD449,   // 0x07D0 (2000) pixels
0x6204, 0x2821, 0x4044, 0xB28D, 0xFC73, 0xFD15, 0xFDD8, 0xFDF8, 0xF597, 0xFDD7, 0xFDB6, 0xF5F5, 0x938B, 0x1060, 0x0000, 0x0000,   // 0x07E0 (2016) pixels
0x0000, 0x0000, 0x0000, 0x0000, 0x0000, 0x0000, 0x0000, 0x0000, 0x0000, 0x0000, 0x0000, 0x0000, 0x0000, 0x0000, 0x0000, 0x0000,   // 0x07F0 (2032) pixels
0x0000, 0x0000, 0x0000, 0x0000, 0x0000, 0x0000, 0x0000, 0x0000, 0x0000, 0x0000, 0x0000, 0x0000, 0x0000, 0x0000, 0x0000, 0x0000,   // 0x0800 (2048) pixels
0x0000, 0x0000, 0x0000, 0x0000, 0x0000, 0x0000, 0x0000, 0x0000, 0x0000, 0x0000, 0x0000, 0x0000, 0x0000, 0x0000, 0x2902, 0x8BCB,   // 0x0810 (2064) pixels
0xF6D6, 0xFEB8, 0xFD57, 0xEC74, 0xDBB1, 0xDBD1, 0xDBB1, 0xE371, 0xEBB2, 0xCB0F, 0x99EA, 0x50A6, 0x2003, 0x2862, 0x6A45, 0xCCCB,   // 0x0820 (2080) pixels
0xF56D, 0xFD8C, 0xF50A, 0xF4EA, 0xE4CA, 0xBBC9, 0x92C7, 0x7225, 0x92A6, 0xABA9, 0xBC0B, 0x9308, 0x71E5, 0x5964, 0x5985, 0x7247,   // 0x0830 (2096) pixels
0x92E7, 0x9B49, 0x8A88, 0x6186, 0x5125, 0x4925, 0x4945, 0x4985, 0x5965, 0x7A47, 0x8287, 0x7226, 0x61C5, 0x61C5, 0x92C8, 0xCC0C,   // 0x0840 (2112) pixels
0xDC8A, 0xE4CA, 0xDC48, 0xCBE9, 0xCBC9, 0xD429, 0xF52C, 0xD449, 0x51C4, 0x2821, 0x5086, 0xAA6D, 0xF413, 0xFCB5, 0xFD98, 0xFDD8,   // 0x0850 (2128) pixels
0xF577, 0xFDB7, 0xFDB6, 0xF5F6, 0x93AC, 0x1880, 0x0000, 0x0000, 0x0000, 0x0000, 0x0000, 0x0000, 0x0000, 0x0000, 0x0000, 0x0000,   // 0x0860 (2144) pixels
0x0000, 0x0000, 0x0000, 0x0000, 0x0000, 0x0000, 0x0000, 0x0000, 0x0000, 0x0000, 0x0000, 0x0000, 0x0000, 0x0000, 0x0000, 0x0000,   // 0x0870 (2160) pixels
0x0000, 0x0000, 0x0000, 0x0000, 0x0000, 0x0000, 0x0000, 0x0000, 0x0000, 0x0000, 0x0000, 0x0000, 0x0000, 0x0000, 0x0000, 0x0000,   // 0x0880 (2176) pixels
0x0000, 0x0000, 0x0000, 0x0000, 0x0000, 0x0000, 0x2902, 0x8BCC, 0xF6B5, 0xFE78, 0xFD77, 0xFD37, 0xFD36, 0xFD57, 0xF4D5, 0xEC54,   // 0x0890 (2192) pixels
0xDB71, 0xD2EF, 0xCAAE, 0xBA8E, 0x9A6E, 0x71EA, 0x51C6, 0x6286, 0xAB88, 0xE50D, 0xFDAE, 0xFD6C, 0xECAA, 0xCBE8, 0xB389, 0xAB8A,   // 0x08A0 (2208) pixels
0xC429, 0xD4AB, 0xE52C, 0xE50C, 0xC44B, 0x92E8, 0x6185, 0x5125, 0x7205, 0x92E8, 0x92C9, 0x71E6, 0x5965, 0x5145, 0x5166, 0x4986,   // 0x08B0 (2224) pixels
0x4945, 0x6185, 0x8246, 0x9B29, 0x8B09, 0x61C5, 0x5143, 0x69C6, 0xCC09, 0xF54C, 0xF52B, 0xDC4A, 0xCBC8, 0xCC08, 0xF54C, 0xDC89,   // 0x08C0 (2240) pixels
0x51C5, 0x2843, 0x4886, 0x99AB, 0xCACF, 0xDBB2, 0xF517, 0xFDD8, 0xF577, 0xFD76, 0xFD96, 0xF5D6, 0x938C, 0x1880, 0x0000, 0x0001,   // 0x08D0 (2256) pixels
0x0000, 0x0000, 0x0000, 0x0000, 0x0000, 0x0000, 0x0000, 0x0000, 0x0000, 0x0000, 0x0000, 0x0000, 0x0000, 0x0000, 0x0000, 0x0000,   // 0x08E0 (2272) pixels
0x0000, 0x0000, 0x0000, 0x0000, 0x0000, 0x0000, 0x0000, 0x0000, 0x0000, 0x0000, 0x0000, 0x0000, 0x0000, 0x0000, 0x0000, 0x0000,   // 0x08F0 (2288) pixels
0x0000, 0x0000, 0x0000, 0x0000, 0x0000, 0x0000, 0x0000, 0x0000, 0x0000, 0x0000, 0x0000, 0x0000, 0x0000, 0x0000, 0x2922, 0x93EC,   // 0x0900 (2304) pixels
0xEE95, 0xFE57, 0xFD77, 0xFD78, 0xFDB8, 0xFDD8, 0xF556, 0xECB5, 0xCB50, 0xCAEE, 0xE32F, 0xEB91, 0xD351, 0x922D, 0x3885, 0x1001,   // 0x0910 (2320) pixels
0x61A3, 0xBC4C, 0xFDD0, 0xFD8D, 0xECAA, 0xD408, 0xC3A8, 0xBB68, 0xBB87, 0xCC28, 0xED0A, 0xFDAC, 0xED4C, 0xAB89, 0x6164, 0x3041,   // 0x0920 (2336) pixels
0x6184, 0x82A8, 0x9B2A, 0x8A88, 0x71C5, 0x5965, 0x4966, 0x4146, 0x4946, 0x5125, 0x71E5, 0x9B28, 0x9B28, 0x61C5, 0x38E3, 0x4105,   // 0x0930 (2352) pixels
0xAB68, 0xED2C, 0xFD8D, 0xE4AA, 0xD408, 0xD448, 0xF56C, 0xDCA9, 0x6227, 0x2863, 0x4066, 0x916B, 0xC24D, 0xCB10, 0xECF6, 0xFDF9,   // 0x0940 (2368) pixels
0xFD57, 0xFD97, 0xFDF8, 0xFE37, 0x9BEE, 0x20C2, 0x0000, 0x0000, 0x0000, 0x0000, 0x0000, 0x0000, 0x0000, 0x0000, 0x0000, 0x0000,   // 0x0950 (2384) pixels
0x0000, 0x0000, 0x0000, 0x0000, 0x0000, 0x0000, 0x0000, 0x0000, 0x0000, 0x0000, 0x0000, 0x0000, 0x0000, 0x0000, 0x0000, 0x0000,   // 0x0960 (2400) pixels
0x0000, 0x0000, 0x0000, 0x0000, 0x0000, 0x0000, 0x0000, 0x0000, 0x0000, 0x0000, 0x0000, 0x0000, 0x0000, 0x0000, 0x0000, 0x0000,   // 0x0970 (2416) pixels
0x0000, 0x0000, 0x0000, 0x0000, 0x0000, 0x0000, 0x2922, 0x93EC, 0xF6B5, 0xFE77, 0xFD77, 0xFD37, 0xFD56, 0xFD96, 0xF556, 0xED16,   // 0x0980 (2432) pixels
0xF4B5, 0xF4B4, 0xFCD3, 0xF432, 0xD330, 0x99ED, 0x58A8, 0x3805, 0x4124, 0x8309, 0xC46C, 0xED2C, 0xFD4C, 0xF4EB, 0xE44A, 0xCBA8,   // 0x0990 (2448) pixels
0xBB68, 0xCBE8, 0xECCA, 0xFD4B, 0xED0B, 0xBBC8, 0x8225, 0x50E2, 0x5985, 0x7A47, 0x92E9, 0x92C8, 0x7A06, 0x6185, 0x5166, 0x4967,   // 0x09A0 (2464) pixels
0x4946, 0x5145, 0x69E5, 0x92C7, 0x9B07, 0x7225, 0x4945, 0x4147, 0x79E4, 0xBC09, 0xED4C, 0xF50B, 0xE48A, 0xE4CA, 0xFD8D, 0xD469,   // 0x09B0 (2480) pixels
0x61C6, 0x2802, 0x4025, 0x91AC, 0xCAD0, 0xCB50, 0xE494, 0xFD96, 0xFD77, 0xFDD8, 0xFDD7, 0xD513, 0x72CA, 0x1881, 0x0000, 0x0000,   // 0x09C0 (2496) pixels
0x0000, 0x0000, 0x0000, 0x0000, 0x0000, 0x0000, 0x0000, 0x0000, 0x0000, 0x0000, 0x0000, 0x0000, 0x0000, 0x0000, 0x0000, 0x0000,   // 0x09D0 (2512) pixels
0x0000, 0x0000, 0x0000, 0x0000, 0x0000, 0x0000, 0x0000, 0x0000, 0x0000, 0x0000, 0x0000, 0x0000, 0x0000, 0x0000, 0x0000, 0x0000,   // 0x09E0 (2528) pixels
0x0000, 0x0000, 0x0000, 0x0000, 0x0000, 0x0000, 0x0000, 0x0000, 0x0000, 0x0000, 0x0000, 0x0000, 0x0000, 0x0000, 0x2922, 0x93EC,   // 0x09F0 (2544) pixels
0xF695, 0xFE77, 0xFD97, 0xFD57, 0xF536, 0xFD96, 0xFD97, 0xFD98, 0xFD57, 0xFD77, 0xFD76, 0xF4B3, 0xD350, 0xAA0D, 0x790A, 0x5027,   // 0x0A00 (2560) pixels
0x1001, 0x30A1, 0x7244, 0xCC8A, 0xFD8D, 0xFD2B, 0xE48A, 0xD3E8, 0xC388, 0xD42A, 0xECAB, 0xF52C, 0xF52B, 0xE4EB, 0xCC6C, 0xAB8A,   // 0x0A10 (2576) pixels
0x69E6, 0x69E5, 0x8267, 0x8AC9, 0x7A67, 0x61A5, 0x5145, 0x4946, 0x4925, 0x5166, 0x6A07, 0x8AC8, 0x9B08, 0x92C8, 0x69E7, 0x4966,   // 0x0A20 (2592) pixels
0x5943, 0x9B47, 0xE52B, 0xF54C, 0xF4EB, 0xF52C, 0xFD8D, 0xDCA9, 0x6183, 0x3021, 0x4044, 0x89AB, 0xCB10, 0xCB51, 0xDC53, 0xF535,   // 0x0A30 (2608) pixels
0xFD97, 0xFE19, 0xED76, 0x8B0C, 0x28C2, 0x0000, 0x0000, 0x0000, 0x0000, 0x0000, 0x0000, 0x0000, 0x0000, 0x0000, 0x0000, 0x0000,   // 0x0A40 (2624) pixels
0x0000, 0x0000, 0x0000, 0x0000, 0x0000, 0x0000, 0x0000, 0x0000, 0x0000, 0x0000, 0x0000, 0x0000, 0x0000, 0x0000, 0x0000, 0x0000,   // 0x0A50 (2640) pixels
0x0000, 0x0000, 0x0000, 0x0000, 0x0000, 0x0000, 0x0000, 0x0000, 0x0000, 0x0000, 0x0000, 0x0000, 0x0000, 0x0000, 0x0000, 0x0000,   // 0x0A60 (2656) pixels
0x0000, 0x0000, 0x0000, 0x0000, 0x0000, 0x0020, 0x2922, 0x93EC, 0xF695, 0xFE77, 0xFD97, 0xFD57, 0xFD56, 0xFD76, 0xF576, 0xFD77,   // 0x0A70 (2672) pixels
0xFD98, 0xFDB8, 0xFD96, 0xF4F4, 0xD370, 0xAA0C, 0x794A, 0x4845, 0x1043, 0x1000, 0x59C3, 0xD4CB, 0xFDEE, 0xF52B, 0xE4AA, 0xDC4A,   // 0x0A80 (2688) pixels
0xCC28, 0xDC6A, 0xE4CB, 0xECEC, 0xE4EA, 0xED2B, 0xF56C, 0xDCCA, 0x8AE9, 0x69C5, 0x69E5, 0x82A9, 0x7A68, 0x5985, 0x5124, 0x5145,   // 0x0A90 (2704) pixels
0x5965, 0x5165, 0x5186, 0x7227, 0x92E8, 0xA329, 0x8288, 0x61C6, 0x5966, 0x9B28, 0xE54C, 0xFD4C, 0xF50C, 0xF50C, 0xF52C, 0xE4EB,   // 0x0AA0 (2720) pixels
0xBBC9, 0x92E8, 0x7A28, 0x81A8, 0x91AA, 0x91AB, 0xB2EF, 0xDC52, 0xF556, 0xFE5A, 0xEDB7, 0x7AAA, 0x1061, 0x0000, 0x0020, 0x0000,   // 0x0AB0 (2736) pixels
0x0000, 0x0000, 0x0000, 0x0000, 0x0000, 0x0000, 0x0000, 0x0000, 0x0000, 0x0000, 0x0000, 0x0000, 0x0000, 0x0000, 0x0000, 0x0000,   // 0x0AC0 (2752) pixels
0x0000, 0x0000, 0x0000, 0x0000, 0x0000, 0x0000, 0x0000, 0x0000, 0x0000, 0x0000, 0x0000, 0x0000, 0x0000, 0x0000, 0x0000, 0x0000,   // 0x0AD0 (2768) pixels
0x0000, 0x0000, 0x0000, 0x0000, 0x0000, 0x0000, 0x0000, 0x0000, 0x0000, 0x0000, 0x0000, 0x0000, 0x0000, 0x0020, 0x2922, 0x940C,   // 0x0AE0 (2784) pixels
0xFED6, 0xFE98, 0xFD77, 0xFD37, 0xFD36, 0xFD96, 0xFD97, 0xFD78, 0xFD57, 0xFD97, 0xF535, 0xEC73, 0xC2CE, 0xA20C, 0x9ACE, 0x82CD,   // 0x0AF0 (2800) pixels
0x2947, 0x1882, 0x59E3, 0xCCCB, 0xFDCD, 0xED2A, 0xECEB, 0xECCC, 0xE509, 0xE50A, 0xE4EB, 0xE4EB, 0xE4CA, 0xED2A, 0xFDAB, 0xED09,   // 0x0B00 (2816) pixels
0x9B6A, 0x6184, 0x5123, 0x7248, 0x7A69, 0x61C6, 0x61C6, 0x7228, 0x7227, 0x5986, 0x4945, 0x59A6, 0x8A88, 0xA2E8, 0x8A87, 0x69A5,   // 0x0B10 (2832) pixels
0x5967, 0x9328, 0xE54C, 0xF52C, 0xF50C, 0xECCB, 0xE4CA, 0xED2C, 0xFD8D, 0xDD2F, 0xABAC, 0x7146, 0x5003, 0x5005, 0x89AB, 0xCB91,   // 0x0B20 (2848) pixels
0xED55, 0xFE5A, 0xF5D7, 0x7AEB, 0x18A2, 0x0020, 0x0020, 0x0000, 0x0000, 0x0000, 0x0000, 0x0000, 0x0000, 0x0000, 0x0000, 0x0000,   // 0x0B30 (2864) pixels
0x0000, 0x0000, 0x0000, 0x0000, 0x0000, 0x0000, 0x0000, 0x0000, 0x0000, 0x0000, 0x0000, 0x0000, 0x0000, 0x0000, 0x0000, 0x0000,   // 0x0B40 (2880) pixels
0x0000, 0x0000, 0x0000, 0x0000, 0x0000, 0x0000, 0x0000, 0x0000, 0x0000, 0x0000, 0x0000, 0x0000, 0x0000, 0x0000, 0x0000, 0x0000,   // 0x0B50 (2896) pixels
0x0001, 0x0020, 0x0000, 0x0000, 0x0000, 0x0000, 0x2943, 0x6B4B, 0xD594, 0xFE16, 0xFDF6, 0xFD35, 0xFD37, 0xFD57, 0xFD98, 0xFD56,   // 0x0B60 (2912) pixels
0xFCF7, 0xDC54, 0xB330, 0xAA6E, 0x8909, 0x89AB, 0xB4F5, 0xAE79, 0x4AEC, 0x0883, 0x28A3, 0x9309, 0xED2C, 0xFD8B, 0xF50A, 0xF4EB,   // 0x0B70 (2928) pixels
0xECEB, 0xED0B, 0xECCB, 0xECEB, 0xE4CA, 0xECEB, 0xFD6D, 0xECEB, 0xA3A9, 0x69E5, 0x5125, 0x6A49, 0x7268, 0x61A4, 0x7206, 0x928A,   // 0x0B80 (2944) pixels
0x82A8, 0x61C7, 0x4125, 0x5986, 0x82A8, 0x9329, 0x7AA8, 0x59C6, 0x5166, 0x9B29, 0xECEB, 0xFD2A, 0xF4C9, 0xECCB, 0xECCC, 0xECCD,   // 0x0B90 (2960) pixels
0xFD6C, 0xFD6C, 0xD428, 0xAAE7, 0x7946, 0x60A7, 0x796A, 0xBB71, 0xFCF4, 0xFE58, 0xE5F5, 0x6B0A, 0x1882, 0x0000, 0x0000, 0x0020,   // 0x0BA0 (2976) pixels
0x0000, 0x0000, 0x0000, 0x0000, 0x0000, 0x0000, 0x0000, 0x0000, 0x0000, 0x0000, 0x0000, 0x0000, 0x0000, 0x0000, 0x0000, 0x0000,   // 0x0BB0 (2992) pixels
0x0000, 0x0000, 0x0000, 0x0000, 0x0000, 0x0000, 0x0000, 0x0000, 0x0000, 0x0000, 0x0000, 0x0000, 0x0000, 0x0000, 0x0000, 0x0000,   // 0x0BC0 (3008) pixels
0x0000, 0x0000, 0x0000, 0x0000, 0x0000, 0x0000, 0x0000, 0x0000, 0x0000, 0x0000, 0x0000, 0x0000, 0x0020, 0x0000, 0x0820, 0x2123,   // 0x0BD0 (3024) pixels
0x6A68, 0xC4B0, 0xFDF6, 0xFD96, 0xFDB8, 0xFD98, 0xFD77, 0xECB3, 0xCB30, 0x9A2C, 0x7128, 0x78E8, 0x6826, 0x7129, 0xB4F6, 0xC73C,   // 0x0BE0 (3040) pixels
0xAE5B, 0x7413, 0x5209, 0x5984, 0xA326, 0xED0B, 0xFD4C, 0xECAB, 0xECCB, 0xECEB, 0xECCA, 0xECEB, 0xECCA, 0xECEB, 0xFD6D, 0xECEB,   // 0x0BF0 (3056) pixels
0xABCB, 0x69C5, 0x48E4, 0x6A28, 0x7AA8, 0x6A04, 0x7A25, 0x8A68, 0x82A8, 0x61A6, 0x4104, 0x5165, 0x8287, 0x9B29, 0x82A7, 0x61C6,   // 0x0C00 (3072) pixels
0x5164, 0x9B49, 0xED2C, 0xFD8B, 0xF52A, 0xF50B, 0xECCB, 0xECCA, 0xECCA, 0xED0A, 0xED0A, 0xECED, 0xBB6C, 0x7927, 0x6086, 0x920C,   // 0x0C10 (3088) pixels
0xF493, 0xFDB6, 0xBCB1, 0x41C5, 0x0800, 0x0000, 0x0000, 0x0000, 0x0000, 0x0000, 0x0000, 0x0000, 0x0000, 0x0000, 0x0000, 0x0000,   // 0x0C20 (3104) pixels
0x0000, 0x0000, 0x0000, 0x0000, 0x0000, 0x0000, 0x0000, 0x0000, 0x0000, 0x0000, 0x0000, 0x0000, 0x0000, 0x0000, 0x0000, 0x0000,   // 0x0C30 (3120) pixels
0x0000, 0x0000, 0x0000, 0x0000, 0x0000, 0x0000, 0x0000, 0x0000, 0x0000, 0x0000, 0x0000, 0x0000, 0x0000, 0x0000, 0x0000, 0x0000,   // 0x0C40 (3136) pixels
0x0000, 0x0000, 0x0000, 0x0000, 0x0020, 0x0000, 0x0000, 0x0000, 0x2080, 0xA40E, 0xFE57, 0xFDD6, 0xFDD8, 0xFDD9, 0xFDB7, 0xE493,   // 0x0C50 (3152) pixels
0xBAAE, 0x8989, 0x6086, 0x68A7, 0x6046, 0x6109, 0x9C74, 0xC6FD, 0xE7FF, 0xCEFC, 0x9C51, 0x6A26, 0x9AE5, 0xECEA, 0xFD4C, 0xF4AB,   // 0x0C60 (3168) pixels
0xECCA, 0xECEB, 0xECCA, 0xECEB, 0xECCA, 0xECEB, 0xFD4D, 0xECEB, 0xB3CA, 0x69A4, 0x48A2, 0x6A07, 0x8B09, 0x82C7, 0x8AC7, 0x92C9,   // 0x0C70 (3184) pixels
0x8AC8, 0x7206, 0x5985, 0x61C6, 0x8AA7, 0x9B08, 0x8AA7, 0x7206, 0x59A3, 0x9B48, 0xDCEC, 0xED4C, 0xED2B, 0xED2B, 0xECEA, 0xECEA,   // 0x0C80 (3200) pixels
0xECEB, 0xECEA, 0xF56B, 0xFD8D, 0xCC0B, 0x81A6, 0x5824, 0x794A, 0xEC74, 0xED35, 0x9BAD, 0x28E2, 0x0000, 0x0820, 0x0020, 0x0000,   // 0x0C90 (3216) pixels
0x0000, 0x0000, 0x0000, 0x0000, 0x0000, 0x0000, 0x0000, 0x0000, 0x0000, 0x0000, 0x0000, 0x0000, 0x0000, 0x0000, 0x0000, 0x0000,   // 0x0CA0 (3232) pixels
0x0000, 0x0000, 0x0000, 0x0000, 0x0000, 0x0000, 0x0000, 0x0000, 0x0000, 0x0000, 0x0000, 0x0000, 0x0000, 0x0000, 0x0000, 0x0000,   // 0x0CB0 (3248) pixels
0x0000, 0x0000, 0x0000, 0x0000, 0x0000, 0x0000, 0x0000, 0x0000, 0x0000, 0x0020, 0x0000, 0x0000, 0x0000, 0x0000, 0x0020, 0x0840,   // 0x0CC0 (3264) pixels
0x2902, 0xAC6F, 0xFE97, 0xFDD6, 0xED76, 0xED16, 0xECD5, 0xDBD1, 0xBAAF, 0x91CB, 0x7108, 0x6908, 0x5887, 0x5108, 0x9412, 0xD6DC,   // 0x0CD0 (3280) pixels
0xE737, 0xE6B6, 0xD571, 0xC46B, 0xD489, 0xED09, 0xECEA, 0xECEB, 0xECEB, 0xECEB, 0xECCB, 0xECEB, 0xECCA, 0xECEB, 0xF52C, 0xECEB,   // 0x0CE0 (3296) pixels
0xBBC9, 0x8244, 0x69A4, 0x8267, 0x9329, 0x9328, 0x9308, 0x92E9, 0x92C7, 0x82A8, 0x7A88, 0x8288, 0x92C7, 0x9AC7, 0x8AA7, 0x8287,   // 0x0CF0 (3312) pixels
0x82A7, 0x82A6, 0x9307, 0xAB67, 0xCC4A, 0xED2C, 0xED2B, 0xECE9, 0xECCC, 0xED0A, 0xF54A, 0xED4A, 0xDC89, 0xBB6A, 0x89E8, 0x91EC,   // 0x0D00 (3328) pixels
0xEC74, 0xE515, 0x938E, 0x28E2, 0x0000, 0x0000, 0x0000, 0x0000, 0x0000, 0x0000, 0x0000, 0x0000, 0x0000, 0x0000, 0x0000, 0x0000,   // 0x0D10 (3344) pixels
0x0000, 0x0000, 0x0000, 0x0000, 0x0000, 0x0000, 0x0000, 0x0000, 0x0000, 0x0000, 0x0000, 0x0000, 0x0000, 0x0000, 0x0000, 0x0000,   // 0x0D20 (3360) pixels
0x0000, 0x0000, 0x0000, 0x0000, 0x0000, 0x0000, 0x0000, 0x0000, 0x0000, 0x0000, 0x0000, 0x0000, 0x0000, 0x0000, 0x0000, 0x0000,   // 0x0D30 (3376) pixels
0x0000, 0x0000, 0x0000, 0x0000, 0x0000, 0x0000, 0x0000, 0x0840, 0x4164, 0xB470, 0xFE97, 0xFE37, 0xF555, 0xD412, 0xCB50, 0xC28D,   // 0x0D40 (3392) pixels
0xBA8E, 0x91AB, 0x68E8, 0x58C7, 0x50E7, 0x61C9, 0xA451, 0xDE99, 0xEE0E, 0xE58D, 0xE50C, 0xED0C, 0xF52B, 0xE4C9, 0xE4C9, 0xE4EB,   // 0x0D50 (3408) pixels
0xECEB, 0xECEB, 0xECEB, 0xECEB, 0xECCB, 0xECEB, 0xF50B, 0xECEB, 0xDCAA, 0xCC2A, 0xBBCA, 0xAB89, 0x9B08, 0x92C7, 0x8AC8, 0x92C9,   // 0x0D60 (3424) pixels
0x92C7, 0x92E8, 0x9309, 0x92E9, 0x92C7, 0x92A7, 0x92C7, 0x92E9, 0x9B2A, 0x7226, 0x61A3, 0x7A25, 0xBBEA, 0xF54E, 0xF54C, 0xECCA,   // 0x0D70 (3440) pixels
0xECEC, 0xED0B, 0xED29, 0xED29, 0xF54A, 0xF52E, 0xBB4C, 0xAA8C, 0xDC32, 0xDD15, 0x93AE, 0x2903, 0x0000, 0x0000, 0x0000, 0x0000,   // 0x0D80 (3456) pixels
0x0000, 0x0000, 0x0000, 0x0000, 0x0000, 0x0000, 0x0000, 0x0000, 0x0000, 0x0000, 0x0000, 0x0000, 0x0000, 0x0000, 0x0000, 0x0000,   // 0x0D90 (3472) pixels
0x0000, 0x0000, 0x0000, 0x0000, 0x0000, 0x0000, 0x0000, 0x0000, 0x0000, 0x0000, 0x0000, 0x0000, 0x0000, 0x0000, 0x0000, 0x0000,   // 0x0DA0 (3488) pixels
0x0000, 0x0000, 0x0000, 0x0000, 0x0000, 0x0000, 0x0000, 0x0000, 0x0000, 0x0000, 0x0000, 0x0020, 0x0000, 0x0000, 0x0000, 0x0000,   // 0x0DB0 (3504) pixels
0x20A1, 0x8B4B, 0xEDD4, 0xFE77, 0xFD96, 0xD3B1, 0xC2CE, 0xC22C, 0xBA6E, 0x812A, 0x5887, 0x616A, 0x8B4F, 0xBCD2, 0xCD51, 0xDD70,   // 0x0DC0 (3520) pixels
0xFD4B, 0xF50A, 0xECAA, 0xECCB, 0xECCA, 0xECCA, 0xED0C, 0xE4EC, 0xECEB, 0xECEB, 0xECEB, 0xECEB, 0xECEB, 0xECEB, 0xECEB, 0xECEB,   // 0x0DD0 (3536) pixels
0xF52B, 0xF56D, 0xED0D, 0xBBC9, 0x9285, 0x8245, 0x8A87, 0x92EA, 0x92C7, 0x8AE7, 0x8AE8, 0x8AC7, 0x92A7, 0x92A7, 0x92C8, 0x9309,   // 0x0DE0 (3552) pixels
0x930A, 0x7206, 0x69A5, 0x8246, 0xBBEA, 0xED2D, 0xF52C, 0xECEB, 0xED0C, 0xECEB, 0xECEA, 0xED0A, 0xF52A, 0xED0B, 0xCBCA, 0xC34B,   // 0x0DF0 (3568) pixels
0xECD2, 0xED75, 0x9BEF, 0x2924, 0x0000, 0x0000, 0x0000, 0x0000, 0x0000, 0x0000, 0x0000, 0x0000, 0x0000, 0x0000, 0x0000, 0x0000,   // 0x0E00 (3584) pixels
0x0000, 0x0000, 0x0000, 0x0000, 0x0000, 0x0000, 0x0000, 0x0000, 0x0000, 0x0000, 0x0000, 0x0000, 0x0000, 0x0000, 0x0000, 0x0000,   // 0x0E10 (3600) pixels
0x0000, 0x0000, 0x0000, 0x0000, 0x0000, 0x0000, 0x0000, 0x0000, 0x0000, 0x0000, 0x0000, 0x0000, 0x0000, 0x0000, 0x0000, 0x0000,   // 0x0E20 (3616) pixels
0x0000, 0x0000, 0x0000, 0x0000, 0x0000, 0x0000, 0x0000, 0x0000, 0x0000, 0x51E5, 0xBCCF, 0xFE36, 0xFDF7, 0xDC53, 0xD350, 0xCA8E,   // 0x0E30 (3632) pixels
0xB22E, 0x78C9, 0x5067, 0x61EB, 0xAC93, 0xEE76, 0xF5F0, 0xE4CA, 0xECCA, 0xF50B, 0xF4EB, 0xF4EB, 0xECCB, 0xECEB, 0xED2C, 0xE4EB,   // 0x0E40 (3648) pixels
0xECEB, 0xECEB, 0xECEB, 0xECEB, 0xECEB, 0xECEB, 0xECEB, 0xECEB, 0xECEA, 0xF50B, 0xE4CB, 0xBBA7, 0x9AC5, 0x92C6, 0x92C7, 0x92E9,   // 0x0E50 (3664) pixels
0x92C7, 0x8AC7, 0x82C7, 0x8AC7, 0x92C7, 0x9AC8, 0x92C8, 0x8AE8, 0x92E9, 0x7A47, 0x7A26, 0x9AE7, 0xCC29, 0xED0B, 0xED0B, 0xECEB,   // 0x0E60 (3680) pixels
0xECCA, 0xECEB, 0xECCC, 0xF52C, 0xED0A, 0xECEA, 0xE48A, 0xECCD, 0xFDB3, 0xDD32, 0x7B2C, 0x20E3, 0x0000, 0x0000, 0x0000, 0x0000,   // 0x0E70 (3696) pixels
0x0000, 0x0000, 0x0000, 0x0000, 0x0000, 0x0000, 0x0000, 0x0000, 0x0000, 0x0000, 0x0000, 0x0000, 0x0000, 0x0000, 0x0000, 0x0000,   // 0x0E80 (3712) pixels
0x0000, 0x0000, 0x0000, 0x0000, 0x0000, 0x0000, 0x0000, 0x0000, 0x0000, 0x0000, 0x0000, 0x0000, 0x0000, 0x0000, 0x0000, 0x0000,   // 0x0E90 (3728) pixels
0x0000, 0x0000, 0x0000, 0x0000, 0x0000, 0x0000, 0x0000, 0x0000, 0x0000, 0x0000, 0x0020, 0x0000, 0x0000, 0x0000, 0x0000, 0x0000,   // 0x0EA0 (3744) pixels
0x0000, 0x41E4, 0xAC8E, 0xF676, 0xFE99, 0xED36, 0xEC34, 0xD30F, 0xB20D, 0x78C9, 0x5068, 0x4108, 0x6AEB, 0xB4EE, 0xE54C, 0xFD09,   // 0x0EB0 (3760) pixels
0xE4EB, 0xED0B, 0xE4CB, 0xED0B, 0xED0B, 0xE4CA, 0xED0A, 0xE4E9, 0xECEB, 0xECEB, 0xECEB, 0xECEB, 0xECEB, 0xECEB, 0xECEB, 0xECEB,   // 0x0EC0 (3776) pixels
0xF50A, 0xF50B, 0xECEB, 0xD44A, 0xCC2A, 0xC42B, 0xA369, 0x8AC7, 0x92C7, 0x8AE7, 0x8B08, 0x9308, 0x9B09, 0x9AE8, 0x92C8, 0x82A8,   // 0x0ED0 (3792) pixels
0x8AA7, 0x8AC8, 0xABAB, 0xCC8C, 0xED2B, 0xFD4A, 0xF50A, 0xED2B, 0xED0A, 0xED0C, 0xECAD, 0xECED, 0xECCA, 0xED09, 0xF50A, 0xFD6D,   // 0x0EE0 (3808) pixels
0xED2F, 0xA38B, 0x4164, 0x0800, 0x0000, 0x0000, 0x0000, 0x0020, 0x0000, 0x0000, 0x0000, 0x0000, 0x0000, 0x0000, 0x0000, 0x0000,   // 0x0EF0 (3824) pixels
0x0000, 0x0000, 0x0000, 0x0000, 0x0000, 0x0000, 0x0000, 0x0000, 0x0000, 0x0000, 0x0000, 0x0000, 0x0000, 0x0000, 0x0000, 0x0000,   // 0x0F00 (3840) pixels
0x0000, 0x0000, 0x0000, 0x0000, 0x0000, 0x0000, 0x0000, 0x0000, 0x0000, 0x0000, 0x0000, 0x0000, 0x0000, 0x0000, 0x0000, 0x0000,   // 0x0F10 (3856) pixels
0x0000, 0x0000, 0x0000, 0x0000, 0x0000, 0x0000, 0x0000, 0x0000, 0x0800, 0x5227, 0xB4F0, 0xEE75, 0xFEB7, 0xFDB5, 0xFC93, 0xDB0F,   // 0x0F20 (3872) pixels
0xA9CB, 0x794A, 0x48C8, 0x2003, 0x3862, 0x9266, 0xDC8B, 0xF58C, 0xECEB, 0xECEB, 0xECEB, 0xECEB, 0xECEB, 0xECEB, 0xECEB, 0xECEB,   // 0x0F30 (3888) pixels
0xECEB, 0xECEB, 0xECEB, 0xECEB, 0xECEB, 0xECEB, 0xECEB, 0xE4EB, 0xECEC, 0xECEB, 0xED0B, 0xFD2A, 0xFD2A, 0xF4CB, 0xC3AA, 0x8A47,   // 0x0F40 (3904) pixels
0x7A46, 0x8AA8, 0xA349, 0xCC4B, 0xCC4A, 0xA348, 0x8AC7, 0x8286, 0x7A07, 0x9B28, 0xC469, 0xF56C, 0xFD8D, 0xFCEB, 0xF50C, 0xF52C,   // 0x0F50 (3920) pixels
0xE52A, 0xE50A, 0xECEA, 0xF4EB, 0xF4CB, 0xF4CB, 0xFD4C, 0xFD8D, 0xCC4A, 0x59C3, 0x0000, 0x0000, 0x0020, 0x0000, 0x0800, 0x0001,   // 0x0F60 (3936) pixels
0x0000, 0x0000, 0x0000, 0x0000, 0x0000, 0x0000, 0x0000, 0x0000, 0x0000, 0x0000, 0x0000, 0x0000, 0x0000, 0x0000, 0x0000, 0x0000,   // 0x0F70 (3952) pixels
0x0000, 0x0000, 0x0000, 0x0000, 0x0000, 0x0000, 0x0000, 0x0000, 0x0000, 0x0000, 0x0000, 0x0000, 0x0000, 0x0000, 0x0000, 0x0000,   // 0x0F80 (3968) pixels
0x0000, 0x0000, 0x0000, 0x0000, 0x0000, 0x0000, 0x0000, 0x0000, 0x0000, 0x0000, 0x0000, 0x0000, 0x0000, 0x0000, 0x0000, 0x0000,   // 0x0F90 (3984) pixels
0x0000, 0x41C6, 0xACD0, 0xF696, 0xFED7, 0xFD95, 0xEC93, 0xD350, 0xAA2D, 0x68E8, 0x4086, 0x3884, 0x6185, 0xA307, 0xE4AB, 0xFDAC,   // 0x0FA0 (4000) pixels
0xECEB, 0xECEB, 0xECEB, 0xECEB, 0xECEB, 0xECEB, 0xECEB, 0xECEB, 0xED0B, 0xED0B, 0xED0B, 0xED0B, 0xECEB, 0xECEB, 0xECEB, 0xECEB,   // 0x0FB0 (4016) pixels
0xECCA, 0xED0B, 0xED4C, 0xF56C, 0xF52B, 0xECCB, 0xCC09, 0xA307, 0x8A86, 0x92A7, 0xAB68, 0xDCAB, 0xD48B, 0xA328, 0x8AC7, 0x9308,   // 0x0FC0 (4032) pixels
0xA307, 0xBBE9, 0xD4EA, 0xF5AD, 0xF54D, 0xC3A9, 0xAB69, 0xBC4C, 0xD50B, 0xED8D, 0xED2C, 0xE4CB, 0xE4AA, 0xECEB, 0xFD6D, 0xF56C,   // 0x0FD0 (4048) pixels
0xCC8C, 0x61E4, 0x0800, 0x0021, 0x0040, 0x0000, 0x0000, 0x0002, 0x0000, 0x0000, 0x0000, 0x0000, 0x0000, 0x0000, 0x0000, 0x0000,   // 0x0FE0 (4064) pixels
0x0000, 0x0000, 0x0000, 0x0000, 0x0000, 0x0000, 0x0000, 0x0000, 0x0000, 0x0000, 0x0000, 0x0000, 0x0000, 0x0000, 0x0000, 0x0000,   // 0x0FF0 (4080) pixels
0x0000, 0x0000, 0x0000, 0x0000, 0x0000, 0x0000, 0x0000, 0x0000, 0x0000, 0x0000, 0x0000, 0x0000, 0x0000, 0x0000, 0x0000, 0x0000,   // 0x1000 (4096) pixels
0x0000, 0x0000, 0x0000, 0x0000, 0x0000, 0x0000, 0x0000, 0x0000, 0x0000, 0x20E2, 0x62A7, 0xAC8E, 0xEDF4, 0xFDF6, 0xFDB8, 0xEC95,   // 0x1010 (4112) pixels
0xBAD1, 0x5887, 0x3823, 0x69C6, 0xBBEC, 0xECED, 0xF52B, 0xED0A, 0xECEB, 0xECEB, 0xECEB, 0xECEB, 0xECEB, 0xECEB, 0xECEB, 0xECEB,   // 0x1020 (4128) pixels
0xECEB, 0xECEB, 0xECEB, 0xECEB, 0xECEB, 0xECEB, 0xECEB, 0xECEB, 0xFD4A, 0xE50B, 0xCCAC, 0xC44B, 0xCC6B, 0xE4EB, 0xED2C, 0xDCEA,   // 0x1030 (4144) pixels
0xBBE9, 0xBBA9, 0xCC2A, 0xED2C, 0xD46A, 0x92A5, 0x8A86, 0xA38A, 0xE4CB, 0xF56C, 0xF5ED, 0xFE2F, 0xD4EC, 0x7204, 0x40E2, 0x6228,   // 0x1040 (4160) pixels
0xD52C, 0xFE51, 0xFDEF, 0xE50B, 0xDCAA, 0xE4EA, 0xFD8D, 0xF56C, 0xD4CC, 0x59C4, 0x0000, 0x0001, 0x0021, 0x0020, 0x0000, 0x0002,   // 0x1050 (4176) pixels
0x0000, 0x0000, 0x0000, 0x0000, 0x0000, 0x0000, 0x0000, 0x0000, 0x0000, 0x0000, 0x0000, 0x0000, 0x0000, 0x0000, 0x0000, 0x0000,   // 0x1060 (4192) pixels
0x0000, 0x0000, 0x0000, 0x0000, 0x0000, 0x0000, 0x0000, 0x0000, 0x0000, 0x0000, 0x0000, 0x0000, 0x0000, 0x0000, 0x0000, 0x0000,   // 0x1070 (4208) pixels
0x0000, 0x0000, 0x0000, 0x0000, 0x0000, 0x0000, 0x0000, 0x0000, 0x0000, 0x0000, 0x0000, 0x0000, 0x0000, 0x0000, 0x0000, 0x0000,   // 0x1080 (4224) pixels
0x0000, 0x0000, 0x1860, 0x5204, 0xBCAF, 0xFE58, 0xFE7A, 0xED37, 0xB312, 0x58A6, 0x4882, 0x8A86, 0xE50D, 0xFDAE, 0xF52B, 0xE4C9,   // 0x1090 (4240) pixels
0xECEB, 0xECEB, 0xECEB, 0xECEB, 0xECEB, 0xECEB, 0xECEB, 0xECEB, 0xECEB, 0xE4EB, 0xECEB, 0xECEB, 0xECEB, 0xECEB, 0xF4EB, 0xF50B,   // 0x10A0 (4256) pixels
0xF52A, 0xC429, 0x82A6, 0x61A4, 0x8286, 0xCC6A, 0xF58C, 0xF58B, 0xED6D, 0xE4EC, 0xED0D, 0xF56C, 0xD448, 0x9AC5, 0x92C6, 0xB3EA,   // 0x10B0 (4272) pixels
0xF4EA, 0xFDAD, 0xFE4E, 0xFE6F, 0xD50C, 0x7224, 0x40E1, 0x51E6, 0xD52C, 0xFEB1, 0xFE90, 0xF5AD, 0xE50A, 0xDCA9, 0xF54B, 0xFD6C,   // 0x10C0 (4288) pixels
0xD48A, 0x7223, 0x2040, 0x0000, 0x0000, 0x0000, 0x0000, 0x0001, 0x0000, 0x0000, 0x0000, 0x0000, 0x0000, 0x0000, 0x0000, 0x0000,   // 0x10D0 (4304) pixels
0x0000, 0x0000, 0x0000, 0x0000, 0x0000, 0x0000, 0x0000, 0x0000, 0x0000, 0x0000, 0x0000, 0x0000, 0x0000, 0x0000, 0x0000, 0x0000,   // 0x10E0 (4320) pixels
0x0000, 0x0000, 0x0000, 0x0000, 0x0000, 0x0000, 0x0000, 0x0000, 0x0000, 0x0000, 0x0000, 0x0000, 0x0000, 0x0000, 0x0000, 0x0000,   // 0x10F0 (4336) pixels
0x0000, 0x0000, 0x0000, 0x0000, 0x0000, 0x0000, 0x0000, 0x0000, 0x0000, 0x0000, 0x1040, 0x41C4, 0xB4D0, 0xFED9, 0xFE99, 0xC451,   // 0x1100 (4352) pixels
0x81CC, 0x6947, 0x8A87, 0xC409, 0xED0B, 0xF4EA, 0xECEA, 0xECEA, 0xECEB, 0xECEB, 0xECEB, 0xECEB, 0xECEB, 0xECEB, 0xECEB, 0xECEB,   // 0x1110 (4368) pixels
0xED0B, 0xED0B, 0xED0B, 0xECEB, 0xE4CA, 0xE4CA, 0xF52C, 0xFD8D, 0xFE2F, 0xCC8C, 0x6A06, 0x3882, 0x69C5, 0xC46C, 0xFE0F, 0xFE4E,   // 0x1120 (4384) pixels
0xFE0E, 0xF58D, 0xF54C, 0xF52B, 0xE4CA, 0xCC29, 0xC40A, 0xCC6B, 0xECCA, 0xFD8C, 0xFE4F, 0xFE6F, 0xE56C, 0xB3C8, 0x9348, 0xAC2C,   // 0x1130 (4400) pixels
0xE5CE, 0xFEF2, 0xFED1, 0xFE70, 0xFDCD, 0xE4EA, 0xECEA, 0xFD2B, 0xF52B, 0xC429, 0x8AE7, 0x3922, 0x0820, 0x0000, 0x0000, 0x0800,   // 0x1140 (4416) pixels
0x0000, 0x0000, 0x0000, 0x0000, 0x0000, 0x0000, 0x0000, 0x0000, 0x0000, 0x0000, 0x0000, 0x0000, 0x0000, 0x0000, 0x0000, 0x0000,   // 0x1150 (4432) pixels
0x0000, 0x0000, 0x0000, 0x0000, 0x0000, 0x0000, 0x0000, 0x0000, 0x0000, 0x0000, 0x0000, 0x0000, 0x0000, 0x0000, 0x0000, 0x0000,   // 0x1160 (4448) pixels
0x0000, 0x0000, 0x0000, 0x0000, 0x0000, 0x0000, 0x0000, 0x0000, 0x0000, 0x0000, 0x0000, 0x0000, 0x0000, 0x0000, 0x0000, 0x0000,   // 0x1170 (4464) pixels
0x0000, 0x0000, 0x0861, 0x41C5, 0xACF1, 0xFF19, 0xFE57, 0xB3AC, 0x60C5, 0x81E6, 0xCC4B, 0xF56D, 0xFD4C, 0xECC9, 0xECCA, 0xED0B,   // 0x1180 (4480) pixels
0xECEB, 0xECEB, 0xECEB, 0xECEB, 0xECEB, 0xECEB, 0xECEB, 0xECEB, 0xECEB, 0xED0B, 0xED0B, 0xED0B, 0xDCCA, 0xDCCA, 0xED6C, 0xFE2F,   // 0x1190 (4496) pixels
0xFED2, 0xD52E, 0x7267, 0x38A1, 0x6163, 0xBC0A, 0xFDEF, 0xFEB0, 0xFE6F, 0xFDEE, 0xF56D, 0xECEA, 0xECCA, 0xECEC, 0xE4EC, 0xE50C,   // 0x11A0 (4512) pixels
0xECCA, 0xF56C, 0xFE2F, 0xFE4F, 0xF62E, 0xF60F, 0xF631, 0xFEB4, 0xF6B2, 0xFEF3, 0xFEB3, 0xFE92, 0xFE71, 0xFDCE, 0xF54B, 0xF52A,   // 0x11B0 (4528) pixels
0xFD6B, 0xFDAE, 0xDCEE, 0x7246, 0x1860, 0x0000, 0x0000, 0x0800, 0x0000, 0x0000, 0x0000, 0x0000, 0x0000, 0x0000, 0x0000, 0x0000,   // 0x11C0 (4544) pixels
0x0000, 0x0000, 0x0000, 0x0000, 0x0000, 0x0000, 0x0000, 0x0000, 0x0000, 0x0000, 0x0000, 0x0000, 0x0000, 0x0000, 0x0000, 0x0000,   // 0x11D0 (4560) pixels
0x0000, 0x0000, 0x0000, 0x0000, 0x0000, 0x0000, 0x0000, 0x0000, 0x0000, 0x0000, 0x0000, 0x0000, 0x0000, 0x0000, 0x0000, 0x0000,   // 0x11E0 (4576) pixels
0x0000, 0x0000, 0x0000, 0x0000, 0x0000, 0x0000, 0x0000, 0x0000, 0x0000, 0x0000, 0x0000, 0x10A1, 0x6B09, 0xC531, 0xEDD3, 0xD48D,   // 0x11F0 (4592) pixels
0x9A67, 0xAAE7, 0xDC8A, 0xED2B, 0xF52B, 0xECEB, 0xECEB, 0xE4CB, 0xECEB, 0xECEB, 0xECEB, 0xECEB, 0xECEB, 0xECEB, 0xECEB, 0xECEB,   // 0x1200 (4608) pixels
0xECCB, 0xECCA, 0xECEB, 0xED4C, 0xED8C, 0xEDAD, 0xF60E, 0xFE70, 0xFED2, 0xE5F0, 0xAC2B, 0x8AE6, 0x9B26, 0xCC6A, 0xEDCE, 0xFEB1,   // 0x1210 (4624) pixels
0xFED0, 0xFE4F, 0xF5CE, 0xE4E9, 0xE4A9, 0xECEB, 0xECEC, 0xED2B, 0xF4EB, 0xF54C, 0xF62F, 0xFE91, 0xFED2, 0xF691, 0xCD6F, 0xACAD,   // 0x1220 (4640) pixels
0x9C8D, 0x9C6D, 0x942C, 0x93EB, 0xBCCD, 0xF611, 0xFE2F, 0xF5AC, 0xF509, 0xFD8D, 0xE4ED, 0x7245, 0x1040, 0x0020, 0x0000, 0x0000,   // 0x1230 (4656) pixels
0x0000, 0x0000, 0x0000, 0x0000, 0x0000, 0x0000, 0x0000, 0x0000, 0x0000, 0x0000, 0x0000, 0x0000, 0x0000, 0x0000, 0x0000, 0x0000,   // 0x1240 (4672) pixels
0x0000, 0x0000, 0x0000, 0x0000, 0x0000, 0x0000, 0x0000, 0x0000, 0x0000, 0x0000, 0x0000, 0x0000, 0x0000, 0x0000, 0x0000, 0x0000,   // 0x1250 (4688) pixels
0x0000, 0x0000, 0x0000, 0x0000, 0x0000, 0x0000, 0x0000, 0x0000, 0x0000, 0x0000, 0x0000, 0x0000, 0x0000, 0x0000, 0x0000, 0x0000,   // 0x1260 (4704) pixels
0x0000, 0x0021, 0x0041, 0x0020, 0x20C1, 0x72A7, 0xDD2F, 0xFE12, 0xF4EF, 0xDC6B, 0xE4EA, 0xE4E9, 0xED0A, 0xECEB, 0xED0C, 0xE4CB,   // 0x1270 (4720) pixels
0xECEB, 0xECEB, 0xECEB, 0xECEB, 0xECEB, 0xECEB, 0xECEB, 0xECEB, 0xF4EB, 0xE4AA, 0xECEB, 0xFDAE, 0xFE90, 0xFED1, 0xFED1, 0xFEB0,   // 0x1280 (4736) pixels
0xFEF2, 0xFF13, 0xFED3, 0xFE72, 0xFE30, 0xFE0E, 0xF62E, 0xF690, 0xFEF0, 0xF650, 0xF5CE, 0xE50A, 0xECE9, 0xECEB, 0xECCA, 0xECC9,   // 0x1290 (4752) pixels
0xF4C9, 0xED2B, 0xF630, 0xFF13, 0xFF54, 0xCDAF, 0x5A44, 0x0000, 0x0040, 0x0840, 0x0840, 0x0820, 0x5A45, 0xCD8F, 0xFEB1, 0xF64D,   // 0x12A0 (4768) pixels
0xFD8B, 0xFDAE, 0xE4EE, 0x6A46, 0x0841, 0x0021, 0x0020, 0x0000, 0x0000, 0x0000, 0x0000, 0x0000, 0x0000, 0x0000, 0x0000, 0x0000,   // 0x12B0 (4784) pixels
0x0000, 0x0000, 0x0000, 0x0000, 0x0000, 0x0000, 0x0000, 0x0000, 0x0000, 0x0000, 0x0000, 0x0000, 0x0000, 0x0000, 0x0000, 0x0000,   // 0x12C0 (4800) pixels
0x0000, 0x0000, 0x0000, 0x0000, 0x0000, 0x0000, 0x0000, 0x0000, 0x0000, 0x0000, 0x0000, 0x0000, 0x0000, 0x0000, 0x0000, 0x0000,   // 0x12D0 (4816) pixels
0x0000, 0x0000, 0x0000, 0x0000, 0x0000, 0x0000, 0x0000, 0x0000, 0x0020, 0x0000, 0x0000, 0x0020, 0x1081, 0x5206, 0xB44D, 0xFDD1,   // 0x12E0 (4832) pixels
0xF50B, 0xFD4B, 0xECEA, 0xECCA, 0xECEB, 0xECEB, 0xECEB, 0xE4EB, 0xF4EC, 0xED0B, 0xE52B, 0xE50B, 0xECEB, 0xECEC, 0xED0B, 0xE54B,   // 0x12F0 (4848) pixels
0xED2B, 0xED2B, 0xEDAC, 0xE5EE, 0xEE31, 0xD5D1, 0xD5D2, 0xE633, 0xDE12, 0xDDF2, 0xDDD2, 0xE5F1, 0xFE71, 0xFE90, 0xFE4F, 0xFE2F,   // 0x1300 (4864) pixels
0xFE70, 0xFE50, 0xFD8E, 0xF50C, 0xE4CA, 0xE50B, 0xE4CA, 0xF4EA, 0xE4EA, 0xED6C, 0xFE4F, 0xF692, 0xCDB2, 0x7B6C, 0x3985, 0x0000,   // 0x1310 (4880) pixels
0x0000, 0x0000, 0x0000, 0x0000, 0x08A2, 0x39A4, 0xA42B, 0xE58D, 0xDD2D, 0xBC4A, 0x8B07, 0x4983, 0x0840, 0x0001, 0x0001, 0x0001,   // 0x1320 (4896) pixels
0x0000, 0x0000, 0x0000, 0x0000, 0x0000, 0x0000, 0x0000, 0x0000, 0x0000, 0x0000, 0x0000, 0x0000, 0x0000, 0x0000, 0x0000, 0x0000,   // 0x1330 (4912) pixels
0x0000, 0x0000, 0x0000, 0x0000, 0x0000, 0x0000, 0x0000, 0x0000, 0x0000, 0x0000, 0x0000, 0x0000, 0x0000, 0x0000, 0x0000, 0x0000,   // 0x1340 (4928) pixels
0x0000, 0x0000, 0x0000, 0x0000, 0x0000, 0x0000, 0x0000, 0x0000, 0x0000, 0x0000, 0x0000, 0x0000, 0x0000, 0x0000, 0x0000, 0x0000,   // 0x1350 (4944) pixels
0x0000, 0x0000, 0x0000, 0x0000, 0x0000, 0x1040, 0x4922, 0x8A65, 0xF4EA, 0xFD4C, 0xF50B, 0xECEA, 0xECEB, 0xECEB, 0xECEC, 0xE4EB,   // 0x1360 (4960) pixels
0xE4AB, 0xE4EB, 0xE50B, 0xE4CB, 0xECCB, 0xECCB, 0xED0B, 0xED6C, 0xFE0E, 0xFED0, 0xFEF2, 0xC52D, 0x6AC5, 0x28C0, 0x28E0, 0x3962,   // 0x1370 (4976) pixels
0x3922, 0x3922, 0x3102, 0x4142, 0x8B88, 0xEE30, 0xFF12, 0xFED1, 0xF690, 0xFE70, 0xFD8E, 0xED0C, 0xE4CA, 0xE50B, 0xE4CA, 0xF4EA,   // 0x1380 (4992) pixels
0xED0B, 0xFE2F, 0xFEB1, 0xB4AB, 0x51E4, 0x1881, 0x4A28, 0x6B6D, 0x4A4A, 0x20E3, 0x0000, 0x0020, 0x0041, 0x0820, 0x6225, 0xABCA,   // 0x1390 (5008) pixels
0xA32A, 0x7A05, 0x4902, 0x28A2, 0x1041, 0x0020, 0x0000, 0x0000, 0x0000, 0x0000, 0x0000, 0x0000, 0x0000, 0x0000, 0x0000, 0x0000,   // 0x13A0 (5024) pixels
0x0000, 0x0000, 0x0000, 0x0000, 0x0000, 0x0000, 0x0000, 0x0000, 0x0000, 0x0000, 0x0000, 0x0000, 0x0000, 0x0000, 0x0000, 0x0000,   // 0x13B0 (5040) pixels
0x0000, 0x0000, 0x0000, 0x0000, 0x0000, 0x0000, 0x0000, 0x0000, 0x0000, 0x0000, 0x0000, 0x0000, 0x0000, 0x0000, 0x0000, 0x0000,   // 0x13C0 (5056) pixels
0x0000, 0x0000, 0x0000, 0x0000, 0x0000, 0x0000, 0x0000, 0x0000, 0x0000, 0x0020, 0x0000, 0x0001, 0x0001, 0x0800, 0x3060, 0x7A04,   // 0x13D0 (5072) pixels
0xECCA, 0xFD4C, 0xF54C, 0xECEB, 0xECCA, 0xECCB, 0xED0C, 0xE4CB, 0xF4EB, 0xED0C, 0xE4CB, 0xECCB, 0xF4CB, 0xF4CB, 0xED2B, 0xF5AD,   // 0x13E0 (5088) pixels
0xFE4E, 0xFED1, 0xEEB3, 0xA4CE, 0x4206, 0x0000, 0x0000, 0x0000, 0x0000, 0x0000, 0x0000, 0x0000, 0x41E4, 0xACEE, 0xDE31, 0xF6F3,   // 0x13F0 (5104) pixels
0xEED0, 0xFEB1, 0xF5AD, 0xED0B, 0xE4AA, 0xE4EB, 0xE4CA, 0xECCA, 0xECEA, 0xFE2F, 0xFE91, 0x8367, 0x18A0, 0x18A2, 0x9D13, 0xFFFE,   // 0x1400 (5120) pixels
0x9494, 0x3186, 0x0020, 0x08E3, 0x1125, 0x0001, 0x2061, 0x61A4, 0x7184, 0x71C5, 0x5945, 0x28A3, 0x0801, 0x0000, 0x0000, 0x0020,   // 0x1410 (5136) pixels
0x0000, 0x0000, 0x0000, 0x0000, 0x0000, 0x0000, 0x0000, 0x0000, 0x0000, 0x0000, 0x0000, 0x0000, 0x0000, 0x0000, 0x0000, 0x0000,   // 0x1420 (5152) pixels
0x0000, 0x0000, 0x0000, 0x0000, 0x0000, 0x0000, 0x0000, 0x0000, 0x0000, 0x0000, 0x0000, 0x0000, 0x0000, 0x0000, 0x0000, 0x0000,   // 0x1430 (5168) pixels
0x0000, 0x0000, 0x0000, 0x0000, 0x0000, 0x0000, 0x0000, 0x0000, 0x0000, 0x0000, 0x0000, 0x0000, 0x0000, 0x0000, 0x0000, 0x0000,   // 0x1440 (5184) pixels
0x0001, 0x0001, 0x0000, 0x0001, 0x0842, 0x28E2, 0x7AA7, 0xCCAC, 0xECEA, 0xF54C, 0xF52B, 0xECEB, 0xECCA, 0xECCB, 0xED0B, 0xE4EB,   // 0x1450 (5200) pixels
0xECC9, 0xECEB, 0xE4EC, 0xF4EC, 0xF4AB, 0xEC89, 0xED2B, 0xFDED, 0xFE90, 0xB4AA, 0x6265, 0x20E2, 0x0883, 0x2146, 0x634E, 0x636E,   // 0x1460 (5216) pixels
0x2104, 0x0001, 0x0022, 0x0001, 0x0861, 0x3142, 0x5A44, 0xA46B, 0xEEF1, 0xFEF1, 0xF5CE, 0xED0B, 0xE4CA, 0xE4EA, 0xE4CA, 0xECCB,   // 0x1470 (5232) pixels
0xECEA, 0xFE0F, 0xF671, 0x7307, 0x10A0, 0x2124, 0xA575, 0xEFDD, 0x83F1, 0x2124, 0x0080, 0x3247, 0x326A, 0x0001, 0x1840, 0x61C5,   // 0x1480 (5248) pixels
0xB3A6, 0xD4CD, 0xA3CC, 0x4965, 0x0800, 0x0001, 0x0001, 0x0000, 0x0000, 0x0000, 0x0000, 0x0000, 0x0000, 0x0000, 0x0000, 0x0000,   // 0x1490 (5264) pixels
0x0000, 0x0000, 0x0000, 0x0000, 0x0000, 0x0000, 0x0000, 0x0000, 0x0000, 0x0000, 0x0000, 0x0000, 0x0000, 0x0000, 0x0000, 0x0000,   // 0x14A0 (5280) pixels
0x0000, 0x0000, 0x0000, 0x0000, 0x0000, 0x0000, 0x0000, 0x0000, 0x0000, 0x0000, 0x0000, 0x0000, 0x0000, 0x0000, 0x0000, 0x0000,   // 0x14B0 (5296) pixels
0x0000, 0x0000, 0x0000, 0x0000, 0x0000, 0x0000, 0x0000, 0x0000, 0x0000, 0x0000, 0x0000, 0x0000, 0x0840, 0x49E4, 0xB44A, 0xFDED,   // 0x14C0 (5312) pixels
0xED0B, 0xED0B, 0xE4EA, 0xECEB, 0xECEB, 0xECCA, 0xED0B, 0xECEB, 0xED09, 0xED4C, 0xED2D, 0xED2E, 0xECEB, 0xECEA, 0xF5AC, 0xFE0E,   // 0x14D0 (5328) pixels
0xFE73, 0x8308, 0x1000, 0x0000, 0x31E9, 0x94F5, 0xE75E, 0xD6BB, 0x4A27, 0x0020, 0x0000, 0x0000, 0x0000, 0x0000, 0x20A0, 0x8B8B,   // 0x14E0 (5344) pixels
0xEF12, 0xFF12, 0xF5CE, 0xED2B, 0xE4CA, 0xE4EA, 0xE4CA, 0xECCB, 0xECEA, 0xFE0F, 0xF651, 0x6B07, 0x10A1, 0x0061, 0x4AEB, 0x63AC,   // 0x14F0 (5360) pixels
0x2946, 0x0881, 0x1983, 0x4B8B, 0x32A9, 0x0020, 0x3121, 0x9B89, 0xF5AB, 0xFE0F, 0xB40A, 0x59A3, 0x1800, 0x0800, 0x0000, 0x0000,   // 0x1500 (5376) pixels
0x0000, 0x0000, 0x0000, 0x0000, 0x0000, 0x0000, 0x0000, 0x0000, 0x0000, 0x0000, 0x0000, 0x0000, 0x0000, 0x0000, 0x0000, 0x0000,   // 0x1510 (5392) pixels
0x0000, 0x0000, 0x0000, 0x0000, 0x0000, 0x0000, 0x0000, 0x0000, 0x0000, 0x0000, 0x0000, 0x0000, 0x0000, 0x0000, 0x0000, 0x0000,   // 0x1520 (5408) pixels
0x0000, 0x0000, 0x0000, 0x0000, 0x0000, 0x0000, 0x0000, 0x0000, 0x0000, 0x0000, 0x0000, 0x0000, 0x0000, 0x0000, 0x0000, 0x0000,   // 0x1530 (5424) pixels
0x0000, 0x0000, 0x0000, 0x0000, 0x1060, 0x6264, 0xCCCA, 0xFDAA, 0xED2B, 0xE4EB, 0xE4CA, 0xECEB, 0xECEB, 0xECEB, 0xED0B, 0xED0B,   // 0x1540 (5440) pixels
0xE4E9, 0xC429, 0xA328, 0xA328, 0xC409, 0xED4C, 0xF5CE, 0xD4EB, 0x8B2A, 0x3903, 0x0000, 0x18E5, 0x7C51, 0xE79E, 0xFFFF, 0xD67A,   // 0x1550 (5456) pixels
0x5A87, 0x0860, 0x0000, 0x0000, 0x0000, 0x0800, 0x28C2, 0x8B6C, 0xEEF1, 0xFF12, 0xF5CD, 0xED0A, 0xE4C9, 0xE4EA, 0xE4EB, 0xE4CB,   // 0x1560 (5472) pixels
0xECEA, 0xFDEF, 0xEE10, 0x7B28, 0x18E2, 0x0061, 0x21C6, 0x19C4, 0x0021, 0x0040, 0x21E4, 0x4BAB, 0x32A8, 0x0020, 0x4161, 0xABC8,   // 0x1570 (5488) pixels
0xED6C, 0xC449, 0x8A83, 0x8AA5, 0x7A86, 0x49A3, 0x1880, 0x0020, 0x0000, 0x0000, 0x0000, 0x0000, 0x0000, 0x0000, 0x0000, 0x0000,   // 0x1580 (5504) pixels
0x0000, 0x0000, 0x0000, 0x0000, 0x0000, 0x0000, 0x0000, 0x0000, 0x0000, 0x0000, 0x0000, 0x0000, 0x0000, 0x0000, 0x0000, 0x0000,   // 0x1590 (5520) pixels
0x0000, 0x0000, 0x0000, 0x0000, 0x0000, 0x0000, 0x0000, 0x0000, 0x0000, 0x0000, 0x0000, 0x0000, 0x0000, 0x0000, 0x0000, 0x0000,   // 0x15A0 (5536) pixels
0x0000, 0x0000, 0x0000, 0x0000, 0x0000, 0x0000, 0x0000, 0x0000, 0x0000, 0x0000, 0x0000, 0x0800, 0x30E2, 0x8B28, 0xE4EB, 0xFD8A,   // 0x15B0 (5552) pixels
0xE50B, 0xE4EB, 0xE4EA, 0xED0B, 0xE4EB, 0xECEA, 0xF52C, 0xF52C, 0xDCAB, 0x9AE7, 0x5123, 0x5944, 0x8AC7, 0xCCAC, 0xE54F, 0xB3CA,   // 0x15C0 (5568) pixels
0x2881, 0x0800, 0x0000, 0x1144, 0x63EE, 0xC6B9, 0xEFBD, 0xC617, 0x39A6, 0x0020, 0x0060, 0x08E2, 0x08C3, 0x0000, 0x1020, 0x6AA9,   // 0x15D0 (5584) pixels
0xE691, 0xFEF2, 0xF58D, 0xF4EA, 0xECC9, 0xE4EA, 0xE4EB, 0xE4EC, 0xECCA, 0xFE0F, 0xEDF0, 0x7B07, 0x20E1, 0x08A2, 0x2A47, 0x32A8,   // 0x15E0 (5600) pixels
0x0882, 0x0080, 0x21E4, 0x436B, 0x2A89, 0x0040, 0x4962, 0xAB88, 0xD44C, 0x9AC5, 0x79A1, 0xC40A, 0xD4CD, 0x9348, 0x3101, 0x0000,   // 0x15F0 (5616) pixels
0x0000, 0x0000, 0x0000, 0x0000, 0x0000, 0x0000, 0x0000, 0x0000, 0x0000, 0x0000, 0x0000, 0x0000, 0x0000, 0x0000, 0x0000, 0x0000,   // 0x1600 (5632) pixels
0x0000, 0x0000, 0x0000, 0x0000, 0x0000, 0x0000, 0x0000, 0x0000, 0x0000, 0x0000, 0x0000, 0x0000, 0x0000, 0x0000, 0x0000, 0x0000,   // 0x1610 (5648) pixels
0x0000, 0x0000, 0x0000, 0x0000, 0x0000, 0x0000, 0x0000, 0x0000, 0x0000, 0x0000, 0x0000, 0x0000, 0x0000, 0x0000, 0x0000, 0x0000,   // 0x1620 (5664) pixels
0x0020, 0x0020, 0x0000, 0x0800, 0x4986, 0xA3AB, 0xECEC, 0xFD4A, 0xE4EB, 0xE50B, 0xED0B, 0xED0B, 0xE4CA, 0xECEB, 0xFD6C, 0xFD4C,   // 0x1630 (5680) pixels
0xD46C, 0x92A9, 0x4906, 0x4105, 0x5163, 0x8286, 0xA36A, 0x8268, 0x1861, 0x0000, 0x0061, 0x0122, 0x2A86, 0x63EC, 0x73ED, 0x4A28,   // 0x1640 (5696) pixels
0x20C5, 0x0001, 0x1124, 0x42EB, 0x3A69, 0x0040, 0x0000, 0x5A67, 0xE650, 0xFEB2, 0xF54C, 0xF4C9, 0xECC9, 0xE4EA, 0xE50B, 0xE4EC,   // 0x1650 (5712) pixels
0xECC9, 0xFE0F, 0xEDCF, 0x8327, 0x28E1, 0x10C2, 0x3268, 0x3B09, 0x0882, 0x08E2, 0x2A47, 0x4B8C, 0x2228, 0x0000, 0x59C4, 0xD48C,   // 0x1660 (5728) pixels
0xE4CF, 0xC3AA, 0xAB06, 0xED0E, 0xED4F, 0x9B69, 0x3102, 0x0000, 0x0000, 0x0000, 0x0000, 0x0000, 0x0000, 0x0000, 0x0000, 0x0000,   // 0x1670 (5744) pixels
0x0000, 0x0000, 0x0000, 0x0000, 0x0000, 0x0000, 0x0000, 0x0000, 0x0000, 0x0000, 0x0000, 0x0000, 0x0000, 0x0000, 0x0000, 0x0000,   // 0x1680 (5760) pixels
0x0000, 0x0000, 0x0000, 0x0000, 0x0000, 0x0000, 0x0000, 0x0000, 0x0000, 0x0000, 0x0000, 0x0000, 0x0000, 0x0000, 0x0000, 0x0000,   // 0x1690 (5776) pixels
0x0000, 0x0000, 0x0000, 0x0000, 0x0000, 0x0000, 0x0000, 0x0000, 0x0021, 0x0000, 0x1040, 0x59E4, 0xB3E9, 0xE4EC, 0xF52C, 0xECEB,   // 0x16A0 (5792) pixels
0xF4EB, 0xECCC, 0xF4CC, 0xF4EC, 0xF50B, 0xE4EB, 0xD48B, 0xC40B, 0x93CA, 0x7267, 0x6986, 0x81E8, 0x8A06, 0x9245, 0xA307, 0xAB69,   // 0x16B0 (5808) pixels
0x8267, 0x4103, 0x0020, 0x0943, 0x2AC6, 0x4327, 0x2183, 0x0000, 0x0000, 0x0062, 0x2207, 0x4BED, 0x3B4A, 0x00C1, 0x0020, 0x3965,   // 0x16C0 (5824) pixels
0xCD4D, 0xFE70, 0xF5CD, 0xED09, 0xECEA, 0xECCB, 0xED2B, 0xE4EA, 0xFCEA, 0xFD2C, 0xFD2D, 0xCCAC, 0x8C0B, 0x5B8A, 0x3AC9, 0x2207,   // 0x16D0 (5840) pixels
0x2205, 0x2266, 0x32C9, 0x2206, 0x29C5, 0x5266, 0xAC8A, 0xEE6F, 0xF5AB, 0xD4A8, 0xC408, 0xBBEA, 0xA36A, 0x6227, 0x28C2, 0x0000,   // 0x16E0 (5856) pixels
0x0000, 0x0000, 0x0000, 0x0000, 0x0000, 0x0000, 0x0000, 0x0000, 0x0000, 0x0000, 0x0000, 0x0000, 0x0000, 0x0000, 0x0000, 0x0000,   // 0x16F0 (5872) pixels
0x0000, 0x0000, 0x0000, 0x0000, 0x0000, 0x0000, 0x0000, 0x0000, 0x0000, 0x0000, 0x0000, 0x0000, 0x0000, 0x0000, 0x0000, 0x0000,   // 0x1700 (5888) pixels
0x0000, 0x0000, 0x0000, 0x0000, 0x0000, 0x0000, 0x0000, 0x0000, 0x0000, 0x0000, 0x0000, 0x0000, 0x0000, 0x0000, 0x0000, 0x0000,   // 0x1710 (5904) pixels
0x0000, 0x0000, 0x1880, 0x7AE7, 0xDD4E, 0xFE0F, 0xFDAD, 0xED0B, 0xF50B, 0xF50C, 0xF50C, 0xFD4D, 0xFD6D, 0xDCCB, 0xA347, 0x71E3,   // 0x1720 (5920) pixels
0x59C6, 0x5144, 0x69C6, 0xA36A, 0xCC8C, 0xE52C, 0xED8C, 0xED8C, 0xEDB1, 0x7AC8, 0x0820, 0x00E3, 0x2AC9, 0x4BAB, 0x2206, 0x0060,   // 0x1730 (5936) pixels
0x0000, 0x0060, 0x19C5, 0x43AC, 0x3B2A, 0x00C1, 0x0000, 0x2082, 0x8347, 0xDDAE, 0xFE4F, 0xF56A, 0xE4E9, 0xECCB, 0xECEC, 0xECCB,   // 0x1740 (5952) pixels
0xE4A9, 0xE4A9, 0xF58C, 0xFED1, 0xF775, 0xBE32, 0x4AE8, 0x0040, 0x1924, 0x1103, 0x08C2, 0x0060, 0x4A47, 0xBD30, 0xFEB2, 0xFED0,   // 0x1750 (5968) pixels
0xF56E, 0xAB68, 0x69A3, 0x4103, 0x30C3, 0x1882, 0x0020, 0x0000, 0x0000, 0x0000, 0x0000, 0x0000, 0x0000, 0x0000, 0x0000, 0x0000,   // 0x1760 (5984) pixels
0x0000, 0x0000, 0x0000, 0x0000, 0x0000, 0x0000, 0x0000, 0x0000, 0x0000, 0x0000, 0x0000, 0x0000, 0x0000, 0x0000, 0x0000, 0x0000,   // 0x1770 (6000) pixels
0x0000, 0x0000, 0x0000, 0x0000, 0x0000, 0x0000, 0x0000, 0x0000, 0x0000, 0x0000, 0x0000, 0x0000, 0x0000, 0x0000, 0x0000, 0x0000,   // 0x1780 (6016) pixels
0x0000, 0x0000, 0x0000, 0x0000, 0x0000, 0x0000, 0x0000, 0x0000, 0x0000, 0x0000, 0x1040, 0x6265, 0xB46B, 0xDD0D, 0xDCEC, 0xD48B,   // 0x1790 (6032) pixels
0xDCAA, 0xDCAA, 0xDC8B, 0xDCCC, 0xDD0D, 0xC48C, 0x9308, 0x61A4, 0x5147, 0x5145, 0x61E5, 0x9348, 0xC48B, 0xE54C, 0xF5AB, 0xFDEA,   // 0x17A0 (6048) pixels
0xFE0F, 0xB42A, 0x3964, 0x00A2, 0x09A6, 0x3B4B, 0x32E9, 0x11A5, 0x1122, 0x21E5, 0x3B0A, 0x4BCD, 0x2247, 0x0040, 0x2103, 0x62A9,   // 0x17B0 (6064) pixels
0x838A, 0xBCAC, 0xED8D, 0xFD6C, 0xFD6C, 0xF52D, 0xDCCD, 0xE50E, 0xED6E, 0xDCEC, 0xDD2C, 0xD58D, 0xF713, 0xF777, 0x9CAE, 0x4205,   // 0x17C0 (6080) pixels
0x20A4, 0x1883, 0x18A2, 0x20C1, 0x7B6A, 0xEE74, 0xFEF3, 0xFE2E, 0xF50D, 0xAB27, 0x5143, 0x2062, 0x0002, 0x0001, 0x0000, 0x0000,   // 0x17D0 (6096) pixels
0x0000, 0x0000, 0x0000, 0x0000, 0x0000, 0x0000, 0x0000, 0x0000, 0x0000, 0x0000, 0x0000, 0x0000, 0x0000, 0x0000, 0x0000, 0x0000,   // 0x17E0 (6112) pixels
0x0000, 0x0000, 0x0000, 0x0000, 0x0000, 0x0000, 0x0000, 0x0000, 0x0000, 0x0000, 0x0000, 0x0000, 0x0000, 0x0000, 0x0000, 0x0000,   // 0x17F0 (6128) pixels
0x0000, 0x0000, 0x0000, 0x0000, 0x0000, 0x0000, 0x0000, 0x0000, 0x0000, 0x0000, 0x0000, 0x0000, 0x0000, 0x0000, 0x0000, 0x0000,   // 0x1800 (6144) pixels
0x0002, 0x0000, 0x0000, 0x28E2, 0x51C4, 0x6A25, 0x8AC8, 0x9AE9, 0x8AE7, 0x8AC7, 0x8AA7, 0x8AC7, 0x8AE7, 0x82C7, 0x7247, 0x61C7,   // 0x1810 (6160) pixels
0x61A7, 0x61C6, 0x6205, 0x6A25, 0x7A67, 0x9B08, 0xD44A, 0xFD6C, 0xFD8A, 0xF5AE, 0xAC4C, 0x39E5, 0x00C0, 0x19E5, 0x32C9, 0x3B0B,   // 0x1820 (6176) pixels
0x3A67, 0x4309, 0x4B4B, 0x32A8, 0x0101, 0x1101, 0x8C2D, 0xF718, 0xBD72, 0xBCCE, 0xD46C, 0xDC2B, 0xECEE, 0xFD92, 0xED92, 0xFE34,   // 0x1830 (6192) pixels
0xFE57, 0xF5B4, 0xBC4E, 0x6A04, 0x8B69, 0xF717, 0xF779, 0xCE95, 0xACCF, 0xA4AE, 0xACEF, 0xACEE, 0xCDF1, 0xFEF3, 0xFE8F, 0xF60C,   // 0x1840 (6208) pixels
0xFD49, 0xDCA9, 0xABA8, 0x6225, 0x20A2, 0x0000, 0x0000, 0x0000, 0x0000, 0x0000, 0x0000, 0x0000, 0x0000, 0x0000, 0x0000, 0x0000,   // 0x1850 (6224) pixels
0x0000, 0x0000, 0x0000, 0x0000, 0x0000, 0x0000, 0x0000, 0x0000, 0x0000, 0x0000, 0x0000, 0x0000, 0x0000, 0x0000, 0x0000, 0x0000,   // 0x1860 (6240) pixels
0x0000, 0x0000, 0x0000, 0x0000, 0x0000, 0x0000, 0x0000, 0x0000, 0x0000, 0x0000, 0x0000, 0x0000, 0x0000, 0x0000, 0x0000, 0x0000,   // 0x1870 (6256) pixels
0x0000, 0x0000, 0x0000, 0x0000, 0x0000, 0x0000, 0x0000, 0x0000, 0x0001, 0x0001, 0x0000, 0x0000, 0x0820, 0x2061, 0x4903, 0x5944,   // 0x1880 (6272) pixels
0x4965, 0x4946, 0x4945, 0x5165, 0x5163, 0x5163, 0x5185, 0x59C8, 0x61C5, 0x6A06, 0x61E5, 0x4924, 0x48A3, 0x6964, 0xB348, 0xF54C,   // 0x1890 (6288) pixels
0xFD8B, 0xFE0E, 0xF610, 0xBD4E, 0x7388, 0x3A64, 0x1963, 0x1104, 0x1964, 0x08E2, 0x08E2, 0x0902, 0x3225, 0x8C4C, 0xD673, 0xFFB7,   // 0x18A0 (6304) pixels
0xFF98, 0xE674, 0xB44D, 0x69C4, 0x71C7, 0xCC11, 0xFD15, 0xFD56, 0xFD38, 0xD412, 0x726A, 0x28C3, 0x6ACA, 0xEED7, 0xFFF9, 0xF7B6,   // 0x18B0 (6320) pixels
0xFFD6, 0xFFB5, 0xFFD7, 0xF796, 0xFF75, 0xFF33, 0xEE2E, 0xE5AC, 0xFD4B, 0xFDCE, 0xE54E, 0x9328, 0x38C0, 0x1000, 0x0800, 0x0000,   // 0x18C0 (6336) pixels
0x0000, 0x0000, 0x0000, 0x0000, 0x0000, 0x0000, 0x0000, 0x0000, 0x0000, 0x0000, 0x0000, 0x0000, 0x0000, 0x0000, 0x0000, 0x0000,   // 0x18D0 (6352) pixels
0x0000, 0x0000, 0x0000, 0x0000, 0x0000, 0x0000, 0x0000, 0x0000, 0x0000, 0x0000, 0x0000, 0x0000, 0x0000, 0x0000, 0x0000, 0x0000,   // 0x18E0 (6368) pixels
0x0000, 0x0000, 0x0000, 0x0000, 0x0000, 0x0000, 0x0000, 0x0000, 0x0000, 0x0000, 0x0000, 0x0000, 0x0000, 0x0000, 0x0000, 0x0000,   // 0x18F0 (6384) pixels
0x0000, 0x0020, 0x0020, 0x0020, 0x0040, 0x2903, 0x6206, 0x7A66, 0x6208, 0x61C8, 0x5966, 0x5965, 0x5984, 0x59A4, 0x59C6, 0x61E8,   // 0x1900 (6400) pixels
0x61E6, 0x59C5, 0x61C6, 0x69E6, 0x7A06, 0x9AA6, 0xCC08, 0xF54A, 0xFCEA, 0xFD6C, 0xFE4F, 0xFF94, 0xF713, 0xAD2E, 0x5266, 0x18A2,   // 0x1910 (6416) pixels
0x2123, 0x10A1, 0x2123, 0x4A87, 0xA52F, 0xFFB7, 0xFFF7, 0xFF53, 0xFFF9, 0xF777, 0xA50F, 0x2142, 0x0800, 0x60E7, 0xCA2D, 0xFA4E,   // 0x1920 (6432) pixels
0xEA8F, 0x70A6, 0x1000, 0x21A5, 0x9511, 0xFF98, 0xFFD6, 0xFF73, 0xFF75, 0xE6D4, 0xB591, 0x946D, 0x940C, 0xAC6C, 0xABEA, 0x9B27,   // 0x1930 (6448) pixels
0x9AE7, 0xAB6A, 0x9B4A, 0x61E5, 0x2040, 0x0000, 0x0000, 0x0000, 0x0000, 0x0000, 0x0000, 0x0000, 0x0000, 0x0000, 0x0000, 0x0000,   // 0x1940 (6464) pixels
0x0000, 0x0000, 0x0000, 0x0000, 0x0000, 0x0000, 0x0000, 0x0000, 0x0000, 0x0000, 0x0000, 0x0000, 0x0000, 0x0000, 0x0000, 0x0000,   // 0x1950 (6480) pixels
0x0000, 0x0000, 0x0000, 0x0000, 0x0000, 0x0000, 0x0000, 0x0000, 0x0000, 0x0000, 0x0000, 0x0000, 0x0000, 0x0000, 0x0000, 0x0000,   // 0x1960 (6496) pixels
0x0000, 0x0000, 0x0000, 0x0000, 0x0000, 0x0000, 0x0000, 0x0000, 0x0000, 0x0000, 0x0000, 0x0020, 0x10C2, 0x5226, 0xAC0B, 0xDCEC,   // 0x1970 (6512) pixels
0xBBEB, 0xB36A, 0xA2E8, 0x9AC7, 0x9AE7, 0x92E7, 0x7A47, 0x6186, 0x5186, 0x5145, 0x7227, 0xB3CB, 0xDCED, 0xED4C, 0xF56C, 0xF54B,   // 0x1980 (6528) pixels
0xF56E, 0xFDEF, 0xFE71, 0xFF33, 0xFF34, 0xEED4, 0xCDD3, 0xBD52, 0xBD93, 0xC5B3, 0xCDF4, 0xCDF3, 0xE6B4, 0xFF76, 0xFF75, 0xFF54,   // 0x1990 (6544) pixels
0xFF97, 0xF776, 0xBE32, 0x6BEB, 0x2943, 0x3822, 0x98C6, 0xE96A, 0xC9EB, 0x70E5, 0x3143, 0x742C, 0xD6D5, 0xFF76, 0xFF75, 0xFF74,   // 0x19A0 (6560) pixels
0xFFD8, 0xDE95, 0x8C2E, 0x6289, 0x51C5, 0x61E5, 0x69C3, 0x6941, 0x6122, 0x40A1, 0x2040, 0x0800, 0x0000, 0x0000, 0x0020, 0x0000,   // 0x19B0 (6576) pixels
0x0000, 0x0000, 0x0000, 0x0000, 0x0000, 0x0000, 0x0000, 0x0000, 0x0000, 0x0000, 0x0000, 0x0000, 0x0000, 0x0000, 0x0000, 0x0000,   // 0x19C0 (6592) pixels
0x0000, 0x0000, 0x0000, 0x0000, 0x0000, 0x0000, 0x0000, 0x0000, 0x0000, 0x0000, 0x0000, 0x0000, 0x0000, 0x0000, 0x0000, 0x0000,   // 0x19D0 (6608) pixels
0x0000, 0x0000, 0x0000, 0x0000, 0x0000, 0x0000, 0x0000, 0x0000, 0x0000, 0x0000, 0x0000, 0x0000, 0x0000, 0x0000, 0x0000, 0x0000,   // 0x19E0 (6624) pixels
0x0800, 0x0800, 0x0000, 0x0000, 0x1041, 0x51A3, 0xB3E8, 0xF52B, 0xFD2B, 0xFD0C, 0xF4EC, 0xECEC, 0xED2D, 0xDCCD, 0xA349, 0x69A5,   // 0x19F0 (6640) pixels
0x4146, 0x4905, 0x7A47, 0xCC6B, 0xF56C, 0xF54A, 0xE4AA, 0xCC2B, 0xBC4A, 0xC48B, 0xC4CC, 0xCD2D, 0xBCEC, 0xBCEE, 0xC530, 0xD5D3,   // 0x1A00 (6656) pixels
0xEED6, 0xFF57, 0xFF78, 0xFF37, 0xFF36, 0xFF36, 0xFF15, 0xFF56, 0xFF16, 0xFF56, 0xFFB7, 0xFFF8, 0xBDD2, 0x7AC9, 0x8986, 0xA906,   // 0x1A10 (6672) pixels
0x8907, 0x92AB, 0xA4CF, 0xE736, 0xFFD8, 0xFF15, 0xFF36, 0xEF55, 0xF754, 0xE6D4, 0xD654, 0xEEF8, 0xF6F7, 0xEE32, 0xED8E, 0xED2C,   // 0x1A20 (6688) pixels
0xE52E, 0x8AE6, 0x28E1, 0x0020, 0x0001, 0x0001, 0x0000, 0x0800, 0x0000, 0x0000, 0x0000, 0x0000, 0x0000, 0x0000, 0x0000, 0x0000,   // 0x1A30 (6704) pixels
0x0000, 0x0000, 0x0000, 0x0000, 0x0000, 0x0000, 0x0000, 0x0000, 0x0000, 0x0000, 0x0000, 0x0000, 0x0000, 0x0000, 0x0000, 0x0000,   // 0x1A40 (6720) pixels
0x0000, 0x0000, 0x0000, 0x0000, 0x0000, 0x0000, 0x0000, 0x0000, 0x0000, 0x0000, 0x0000, 0x0000, 0x0000, 0x0000, 0x0000, 0x0000,   // 0x1A50 (6736) pixels
0x0000, 0x0000, 0x0000, 0x0000, 0x0000, 0x0000, 0x0000, 0x0000, 0x0021, 0x0000, 0x0000, 0x0000, 0x0000, 0x0000, 0x1881, 0x5A89,   // 0x1A60 (6752) pixels
0xE50B, 0xFDAD, 0xFD8C, 0xFD49, 0xFD6A, 0xE50A, 0xA368, 0x61E4, 0x4964, 0x5145, 0x61A7, 0x7A68, 0x7AA7, 0x5A44, 0x3983, 0x3144,   // 0x1A70 (6768) pixels
0x4124, 0x3904, 0x3924, 0x28C3, 0x3923, 0x5205, 0x7B08, 0xBCEE, 0xDE95, 0xF758, 0xFF57, 0xFF36, 0xFF35, 0xFF35, 0xFF55, 0xFF56,   // 0x1A80 (6784) pixels
0xFF36, 0xFF56, 0xFF76, 0xFF75, 0xFFD6, 0xFF97, 0x942D, 0x3945, 0x2140, 0x8C6C, 0xFFD8, 0xFFF7, 0xFF54, 0xFF55, 0xFF56, 0xFF77,   // 0x1A90 (6800) pixels
0xEEB3, 0x9C6C, 0x6308, 0x7BCC, 0xB531, 0xE5F1, 0xFDCE, 0xECC8, 0xCCCE, 0x7A87, 0x38C1, 0x1000, 0x0000, 0x0000, 0x0000, 0x0020,   // 0x1AA0 (6816) pixels
0x0000, 0x0000, 0x0000, 0x0000, 0x0000, 0x0000, 0x0000, 0x0000, 0x0000, 0x0000, 0x0000, 0x0000, 0x0000, 0x0000, 0x0000, 0x0000,   // 0x1AB0 (6832) pixels
0x0000, 0x0000, 0x0000, 0x0000, 0x0000, 0x0000, 0x0000, 0x0000, 0x0000, 0x0000, 0x0000, 0x0000, 0x0000, 0x0000, 0x0000, 0x0000,   // 0x1AC0 (6848) pixels
0x0000, 0x0000, 0x0000, 0x0000, 0x0000, 0x0000, 0x0000, 0x0000, 0x0000, 0x0000, 0x0000, 0x0000, 0x0000, 0x0000, 0x0000, 0x0000,   // 0x1AD0 (6864) pixels
0x0000, 0x0000, 0x0000, 0x0000, 0x0000, 0x0000, 0x0800, 0x3144, 0xA368, 0xC44B, 0xD46B, 0xD42A, 0xD46A, 0xBC0B, 0x82E8, 0x59C6,   // 0x1AE0 (6880) pixels
0x6186, 0x5967, 0x48E6, 0x3063, 0x3881, 0x5962, 0x8AA6, 0xAB88, 0x9BC8, 0x9BC8, 0x93CA, 0x8BAB, 0xA46F, 0xC594, 0xD5F5, 0xEED8,   // 0x1AF0 (6896) pixels
0xE6D6, 0xFF99, 0xFF98, 0xFF36, 0xFF35, 0xFF35, 0xFF35, 0xF715, 0xFF35, 0xFF56, 0xFF56, 0xF735, 0xFFB7, 0xFFF9, 0xACF0, 0x49E7,   // 0x1B00 (6912) pixels
0x2942, 0x94AE, 0xFFFA, 0xFFD8, 0xF734, 0xFF35, 0xFF55, 0xFF36, 0xFF77, 0xEEF6, 0xA4EF, 0x5A85, 0x4182, 0x72A5, 0xA388, 0x92E5,   // 0x1B10 (6928) pixels
0x30C1, 0x1820, 0x0800, 0x0000, 0x0000, 0x0020, 0x0000, 0x0020, 0x0000, 0x0000, 0x0000, 0x0000, 0x0000, 0x0000, 0x0000, 0x0000,   // 0x1B20 (6944) pixels
0x0000, 0x0000, 0x0000, 0x0000, 0x0000, 0x0000, 0x0000, 0x0000, 0x0000, 0x0000, 0x0000, 0x0000, 0x0000, 0x0000, 0x0000, 0x0000,   // 0x1B30 (6960) pixels
0x0000, 0x0000, 0x0000, 0x0000, 0x0000, 0x0000, 0x0000, 0x0000, 0x0000, 0x0000, 0x0000, 0x0000, 0x0000, 0x0000, 0x0000, 0x0000,   // 0x1B40 (6976) pixels
0x0000, 0x0000, 0x0000, 0x0000, 0x0000, 0x0000, 0x0000, 0x0000, 0x0000, 0x0000, 0x0020, 0x0000, 0x0000, 0x0000, 0x0000, 0x0820,   // 0x1B50 (6992) pixels
0x2040, 0x4944, 0x69E6, 0x69C5, 0x69C5, 0x61A5, 0x5165, 0x4125, 0x5924, 0x7A28, 0x8AE9, 0x8AE8, 0xA349, 0xDC8C, 0xFD8E, 0xFDCD,   // 0x1B60 (7008) pixels
0xFE6F, 0xEE0F, 0xD58F, 0xA42C, 0x6AC7, 0x49E5, 0x5226, 0x7B8C, 0xE6B5, 0xFF98, 0xFF77, 0xFF15, 0xFF35, 0xFF55, 0xFF76, 0xFF35,   // 0x1B70 (7024) pixels
0xFF34, 0xFF77, 0xFF98, 0xFFD9, 0xFF98, 0xD674, 0x6B6B, 0x18E2, 0x2124, 0x8C4F, 0xF79A, 0xFFFA, 0xFF77, 0xFF56, 0xFF35, 0xFF35,   // 0x1B80 (7040) pixels
0xF757, 0xFF97, 0xFF36, 0xE611, 0xAC4B, 0x7B07, 0x6226, 0x3943, 0x20E4, 0x0001, 0x0000, 0x0000, 0x0000, 0x0000, 0x0000, 0x0020,   // 0x1B90 (7056) pixels
0x0000, 0x0000, 0x0000, 0x0000, 0x0000, 0x0000, 0x0000, 0x0000, 0x0000, 0x0000, 0x0000, 0x0000, 0x0000, 0x0000, 0x0000, 0x0000,   // 0x1BA0 (7072) pixels
0x0000, 0x0000, 0x0000, 0x0000, 0x0000, 0x0000, 0x0000, 0x0000, 0x0000, 0x0000, 0x0000, 0x0000, 0x0000, 0x0000, 0x0000, 0x0000,   // 0x1BB0 (7088) pixels
0x0000, 0x0000, 0x0000, 0x0000, 0x0000, 0x0000, 0x0000, 0x0000, 0x0000, 0x0000, 0x0000, 0x0000, 0x0000, 0x0000, 0x0000, 0x0000,   // 0x1BC0 (7104) pixels
0x0000, 0x0000, 0x0000, 0x0000, 0x0000, 0x0000, 0x0000, 0x0000, 0x0000, 0x1883, 0x30E5, 0x4105, 0x4925, 0x5145, 0x5144, 0x5965,   // 0x1BD0 (7120) pixels
0x61A5, 0xA368, 0xDCEA, 0xF54A, 0xFD4B, 0xFDAE, 0xEDAF, 0xD54D, 0xA40B, 0x7AA6, 0x5A04, 0x5A25, 0x62A7, 0x6AC7, 0x7369, 0x9CAE,   // 0x1BE0 (7136) pixels
0xF716, 0xFF98, 0xFF77, 0xFF35, 0xFF15, 0xFF35, 0xFF56, 0xFF35, 0xFF35, 0xDE33, 0xBD71, 0xC593, 0x948E, 0x5266, 0x10A1, 0x0000,   // 0x1BF0 (7152) pixels
0x0800, 0x20E3, 0x6309, 0xAD30, 0xEEF6, 0xFFB8, 0xFF76, 0xFF56, 0xFF77, 0xFF35, 0xFF13, 0xFEB2, 0xD50D, 0x7AE8, 0x39A6, 0x18E5,   // 0x1C00 (7168) pixels
0x2967, 0x18E5, 0x0862, 0x0020, 0x0000, 0x0000, 0x0000, 0x0000, 0x0000, 0x0000, 0x0000, 0x0000, 0x0000, 0x0000, 0x0000, 0x0000,   // 0x1C10 (7184) pixels
0x0000, 0x0000, 0x0000, 0x0000, 0x0000, 0x0000, 0x0000, 0x0000, 0x0000, 0x0000, 0x0000, 0x0000, 0x0000, 0x0000, 0x0000, 0x0000,   // 0x1C20 (7200) pixels
0x0000, 0x0000, 0x0000, 0x0000, 0x0000, 0x0000, 0x0000, 0x0000, 0x0000, 0x0000, 0x0000, 0x0000, 0x0000, 0x0000, 0x0000, 0x0000,   // 0x1C30 (7216) pixels
0x0000, 0x0000, 0x0000, 0x0000, 0x0000, 0x0000, 0x0000, 0x0000, 0x0020, 0x0000, 0x0000, 0x0000, 0x0000, 0x0000, 0x0000, 0x0020,   // 0x1C40 (7232) pixels
0x0001, 0x0001, 0x0801, 0x2083, 0x4986, 0x7A68, 0x9B08, 0xAB69, 0xBBEB, 0xDCCB, 0xFD6B, 0xED0A, 0xC3E8, 0x8AC7, 0x5A06, 0x41C4,   // 0x1C50 (7248) pixels
0x3122, 0x5A47, 0x942E, 0xCDB3, 0xEED7, 0xEF16, 0xEEF5, 0xEF15, 0xF737, 0xFF77, 0xFF36, 0xFF35, 0xFF35, 0xFF14, 0xFF56, 0xFF76,   // 0x1C60 (7264) pixels
0xF6F5, 0x93EB, 0x28C1, 0x1860, 0x20C1, 0x3143, 0x5268, 0x738D, 0x62EA, 0x20C1, 0x1040, 0x62C7, 0xD633, 0xFFD9, 0xFF97, 0xFF35,   // 0x1C70 (7280) pixels
0xFF76, 0xFF13, 0xFE70, 0xF58D, 0xA346, 0x40E0, 0x0821, 0x0044, 0x2104, 0x41E7, 0x41E7, 0x20C2, 0x0000, 0x0000, 0x0820, 0x0000,   // 0x1C80 (7296) pixels
0x0000, 0x0000, 0x0000, 0x0000, 0x0000, 0x0000, 0x0000, 0x0000, 0x0000, 0x0000, 0x0000, 0x0000, 0x0000, 0x0000, 0x0000, 0x0000,   // 0x1C90 (7312) pixels
0x0000, 0x0000, 0x0000, 0x0000, 0x0000, 0x0000, 0x0000, 0x0000, 0x0000, 0x0000, 0x0000, 0x0000, 0x0000, 0x0000, 0x0000, 0x0000,   // 0x1CA0 (7328) pixels
0x0000, 0x0000, 0x0000, 0x0000, 0x0000, 0x0000, 0x0000, 0x0000, 0x0000, 0x0000, 0x0000, 0x0000, 0x0000, 0x0000, 0x0000, 0x0000,   // 0x1CB0 (7344) pixels
0x0000, 0x0000, 0x0000, 0x0000, 0x0000, 0x0000, 0x0000, 0x0020, 0x0000, 0x0000, 0x0000, 0x0820, 0x28A2, 0x61E5, 0xABA9, 0xED2E,   // 0x1CC0 (7360) pixels
0xFD6C, 0xE4EB, 0xBBE9, 0x7A65, 0x40C1, 0x2040, 0x3963, 0x6AC8, 0xAD0F, 0xD653, 0xF717, 0xF716, 0xFF36, 0xFF97, 0xFFB7, 0xFF76,   // 0x1CD0 (7376) pixels
0xFF36, 0xFF36, 0xFF15, 0xFF35, 0xFF35, 0xFF35, 0xFF76, 0xFF97, 0xFF77, 0xB50F, 0x51E5, 0x4185, 0x6AE9, 0xB552, 0xE6F9, 0xFF9C,   // 0x1CE0 (7392) pixels
0xF739, 0xB531, 0x8BEB, 0xACEE, 0xE694, 0xFF77, 0xFF56, 0xFF56, 0xFEF3, 0xE5F0, 0xC48B, 0xA367, 0x61A2, 0x1800, 0x0000, 0x0001,   // 0x1CF0 (7408) pixels
0x0800, 0x28E2, 0x3964, 0x3944, 0x1881, 0x0800, 0x0000, 0x0001, 0x0000, 0x0000, 0x0000, 0x0000, 0x0000, 0x0000, 0x0000, 0x0000,   // 0x1D00 (7424) pixels
0x0000, 0x0000, 0x0000, 0x0000, 0x0000, 0x0000, 0x0000, 0x0000, 0x0000, 0x0000, 0x0000, 0x0000, 0x0000, 0x0000, 0x0000, 0x0000,   // 0x1D10 (7440) pixels
0x0000, 0x0000, 0x0000, 0x0000, 0x0000, 0x0000, 0x0000, 0x0000, 0x0000, 0x0000, 0x0000, 0x0000, 0x0000, 0x0000, 0x0000, 0x0000,   // 0x1D20 (7456) pixels
0x0000, 0x0000, 0x0000, 0x0000, 0x0000, 0x0000, 0x0000, 0x0000, 0x0000, 0x0000, 0x0000, 0x0000, 0x0000, 0x0000, 0x0000, 0x0000,   // 0x1D30 (7472) pixels
0x0000, 0x0000, 0x0020, 0x0000, 0x0000, 0x2060, 0x7A86, 0xCC8C, 0xED4D, 0x9B05, 0x48C0, 0x3880, 0x59C5, 0x9369, 0xC50D, 0xEE30,   // 0x1D40 (7488) pixels
0xFEF4, 0xFEF4, 0xFEB3, 0xEE51, 0xF672, 0xFEF4, 0xFF35, 0xF735, 0xFF36, 0xFF36, 0xFF35, 0xFF35, 0xFF35, 0xFF14, 0xFF55, 0xFF55,   // 0x1D50 (7504) pixels
0xF775, 0xF756, 0xE6B6, 0xDE95, 0xE6B5, 0xFF97, 0xFFB8, 0xFF77, 0xFFB7, 0xFF97, 0xF736, 0xFF36, 0xF6F5, 0xFEF5, 0xF6D4, 0xFEF5,   // 0x1D60 (7520) pixels
0xFF55, 0xD5B1, 0x7B08, 0x30E1, 0x0800, 0x0800, 0x0820, 0x0000, 0x0000, 0x0800, 0x20C2, 0x4A07, 0x49E7, 0x1882, 0x0000, 0x0000,   // 0x1D70 (7536) pixels
0x0000, 0x0000, 0x0000, 0x0000, 0x0000, 0x0000, 0x0000, 0x0000, 0x0000, 0x0000, 0x0000, 0x0000, 0x0000, 0x0000, 0x0000, 0x0000,   // 0x1D80 (7552) pixels
0x0000, 0x0000, 0x0000, 0x0000, 0x0000, 0x0000, 0x0000, 0x0000, 0x0000, 0x0000, 0x0000, 0x0000, 0x0000, 0x0000, 0x0000, 0x0000,   // 0x1D90 (7568) pixels
0x0000, 0x0000, 0x0000, 0x0000, 0x0000, 0x0000, 0x0000, 0x0000, 0x0000, 0x0000, 0x0000, 0x0000, 0x0000, 0x0000, 0x0000, 0x0000,   // 0x1DA0 (7584) pixels
0x0000, 0x0020, 0x0000, 0x0000, 0x0000, 0x0000, 0x0000, 0x0000, 0x0800, 0x0000, 0x0020, 0x0041, 0x0000, 0x0800, 0x4143, 0x7A86,   // 0x1DB0 (7600) pixels
0x5205, 0x4123, 0x48E3, 0x8247, 0xC46B, 0xEDCE, 0xFE70, 0xFEB2, 0xFDF1, 0xF5D0, 0xF5AF, 0xF5F0, 0xF631, 0xF672, 0xFEF4, 0xFF55,   // 0x1DC0 (7616) pixels
0xF6F5, 0xFF35, 0xFF15, 0xFF35, 0xFF35, 0xFF35, 0xFF56, 0xF735, 0xF753, 0xF775, 0xFF97, 0xFFD8, 0xFF96, 0xFF95, 0xFF54, 0xFF54,   // 0x1DD0 (7632) pixels
0xFF54, 0xFFB5, 0xFF75, 0xFF55, 0xF6B3, 0xEE73, 0xD5B0, 0xC52E, 0xCDB0, 0x940C, 0x41E6, 0x0884, 0x0002, 0x0001, 0x0000, 0x0000,   // 0x1DE0 (7648) pixels
0x0020, 0x0020, 0x0821, 0x20E4, 0x2904, 0x1062, 0x0021, 0x0000, 0x0000, 0x0000, 0x0000, 0x0000, 0x0000, 0x0000, 0x0000, 0x0000,   // 0x1DF0 (7664) pixels
0x0000, 0x0000, 0x0000, 0x0000, 0x0000, 0x0000, 0x0000, 0x0000, 0x0000, 0x0000, 0x0000, 0x0000, 0x0000, 0x0000, 0x0000, 0x0000,   // 0x1E00 (7680) pixels
0x0000, 0x0000, 0x0000, 0x0000, 0x0000, 0x0000, 0x0000, 0x0000, 0x0000, 0x0000, 0x0000, 0x0000, 0x0000, 0x0000, 0x0000, 0x0000,   // 0x1E10 (7696) pixels
0x0000, 0x0000, 0x0000, 0x0000, 0x0000, 0x0000, 0x0000, 0x0000, 0x0000, 0x0000, 0x0000, 0x0000, 0x0000, 0x0000, 0x0000, 0x0000,   // 0x1E20 (7712) pixels
0x0000, 0x0000, 0x0000, 0x0000, 0x0000, 0x0821, 0x20A4, 0x20A4, 0x0042, 0x0000, 0x4963, 0xBBEA, 0xFD6E, 0xFDEE, 0xFDCD, 0xF58C,   // 0x1E30 (7728) pixels
0xFCC9, 0xECCA, 0xED2C, 0xF610, 0xF672, 0xF672, 0xF653, 0xFE73, 0xF653, 0xF693, 0xFED5, 0xFF36, 0xFF35, 0xFF35, 0xFF55, 0xFF96,   // 0x1E40 (7744) pixels
0xFF56, 0xFF56, 0xFF56, 0xFF76, 0xFF56, 0xFF56, 0xFF15, 0xFEF5, 0xFF36, 0xFEF4, 0xFF13, 0xFEF2, 0xFF14, 0xEE94, 0x838B, 0x3123,   // 0x1E50 (7760) pixels
0x2924, 0x20E3, 0x1861, 0x0820, 0x0000, 0x0000, 0x0000, 0x0000, 0x0000, 0x0020, 0x0000, 0x0000, 0x1081, 0x3165, 0x3145, 0x1861,   // 0x1E60 (7776) pixels
0x0000, 0x0000, 0x0000, 0x0000, 0x0000, 0x0000, 0x0000, 0x0000, 0x0000, 0x0000, 0x0000, 0x0000, 0x0000, 0x0000, 0x0000, 0x0000,   // 0x1E70 (7792) pixels
0x0000, 0x0000, 0x0000, 0x0000, 0x0000, 0x0000, 0x0000, 0x0000, 0x0000, 0x0000, 0x0000, 0x0000, 0x0000, 0x0000, 0x0000, 0x0000,   // 0x1E80 (7808) pixels
0x0000, 0x0000, 0x0000, 0x0000, 0x0000, 0x0000, 0x0000, 0x0000, 0x0000, 0x0000, 0x0000, 0x0000, 0x0000, 0x0000, 0x0000, 0x0000,   // 0x1E90 (7824) pixels
0x0000, 0x0000, 0x0000, 0x0000, 0x0000, 0x0000, 0x0000, 0x0000, 0x0020, 0x0000, 0x0000, 0x0000, 0x0821, 0x1883, 0x3105, 0x28C4,   // 0x1EA0 (7840) pixels
0x0801, 0x1001, 0x4104, 0x82A8, 0xB3AA, 0xBBEA, 0xD46A, 0xE4CB, 0xF4EA, 0xECEA, 0xED4C, 0xF630, 0xFEB2, 0xFE92, 0xF631, 0xEE10,   // 0x1EB0 (7856) pixels
0xEE32, 0xF673, 0xFEB3, 0xFEF4, 0xFEF4, 0xFF14, 0xF714, 0xF6F3, 0xFEF5, 0xFF15, 0xFF15, 0xF714, 0xF6D3, 0xF692, 0xF672, 0xFE72,   // 0x1EC0 (7872) pixels
0xF6B4, 0xEE32, 0xEE11, 0xE5D1, 0xE5F3, 0xC552, 0x6288, 0x0800, 0x0820, 0x0000, 0x0000, 0x0000, 0x0000, 0x0000, 0x0000, 0x0000,   // 0x1ED0 (7888) pixels
0x0000, 0x0000, 0x0000, 0x0000, 0x1081, 0x2924, 0x3124, 0x20C3, 0x0000, 0x0000, 0x0000, 0x0000, 0x0000, 0x0000, 0x0000, 0x0000,   // 0x1EE0 (7904) pixels
0x0000, 0x0000, 0x0000, 0x0000, 0x0000, 0x0000, 0x0000, 0x0000, 0x0000, 0x0000, 0x0000, 0x0000, 0x0000, 0x0000, 0x0000, 0x0000,   // 0x1EF0 (7920) pixels
0x0000, 0x0000, 0x0000, 0x0000, 0x0000, 0x0000, 0x0000, 0x0000, 0x0000, 0x0000, 0x0000, 0x0000, 0x0000, 0x0000, 0x0000, 0x0000,   // 0x1F00 (7936) pixels
0x0000, 0x0000, 0x0000, 0x0000, 0x0000, 0x0000, 0x0000, 0x0000, 0x0000, 0x0000, 0x0000, 0x0000, 0x0000, 0x0000, 0x0000, 0x0000,   // 0x1F10 (7952) pixels
0x0000, 0x0000, 0x0020, 0x10A2, 0x2904, 0x3124, 0x3925, 0x30E4, 0x40A5, 0x38A4, 0x38C4, 0x38C4, 0x38A2, 0x48C2, 0x7A05, 0xB38A,   // 0x1F20 (7968) pixels
0xE4EC, 0xDCCC, 0xD4EC, 0xDD4E, 0xE5CF, 0xEE30, 0xF651, 0xFE91, 0xEE52, 0xF672, 0xF672, 0xEE51, 0xEE51, 0xF672, 0xF692, 0xEE72,   // 0x1F30 (7984) pixels
0xEE32, 0xF673, 0xF693, 0xF693, 0xEE72, 0xEE31, 0xEE11, 0xEDF0, 0xEE73, 0xCD30, 0xABEC, 0x7A67, 0x61C6, 0x61E7, 0x4145, 0x2081,   // 0x1F40 (8000) pixels
0x0841, 0x0000, 0x0000, 0x0000, 0x0020, 0x0000, 0x0000, 0x0000, 0x0000, 0x0000, 0x0000, 0x0000, 0x0000, 0x0840, 0x18A2, 0x20E3,   // 0x1F50 (8016) pixels
0x2104, 0x1082, 0x0000, 0x0000, 0x0000, 0x0000, 0x0000, 0x0000, 0x0000, 0x0000, 0x0000, 0x0000, 0x0000, 0x0000, 0x0000, 0x0000,   // 0x1F60 (8032) pixels
0x0000, 0x0000, 0x0000, 0x0000, 0x0000, 0x0000, 0x0000, 0x0000, 0x0000, 0x0000, 0x0000, 0x0000, 0x0000, 0x0000, 0x0000, 0x0000,   // 0x1F70 (8048) pixels
0x0000, 0x0000, 0x0000, 0x0000, 0x0000, 0x0000, 0x0000, 0x0000, 0x0000, 0x0000, 0x0000, 0x0000, 0x0000, 0x0000, 0x0000, 0x0000,   // 0x1F80 (8064) pixels
0x0000, 0x0000, 0x0000, 0x0000, 0x0000, 0x0000, 0x0000, 0x0000, 0x0000, 0x0020, 0x10A2, 0x2945, 0x2924, 0x2082, 0x30A2, 0x4104,   // 0x1F90 (8080) pixels
0x5926, 0x5926, 0x4905, 0x38C4, 0x2842, 0x2821, 0x48E3, 0x71C7, 0x8AA8, 0x8288, 0x7A67, 0x7266, 0x7AC7, 0xA40B, 0xDDD1, 0xFF16,   // 0x1FA0 (8096) pixels
0xF694, 0xFE94, 0xFE93, 0xF653, 0xF632, 0xF632, 0xF632, 0xFE32, 0xF652, 0xF673, 0xF653, 0xEE53, 0xFE94, 0xFEB5, 0xEDF3, 0xCCEF,   // 0x1FB0 (8112) pixels
0x9BAC, 0x82C8, 0x69E6, 0x40A2, 0x2800, 0x3882, 0x4104, 0x4105, 0x10A3, 0x0842, 0x0000, 0x0000, 0x0000, 0x0000, 0x0000, 0x0000,   // 0x1FC0 (8128) pixels
0x0000, 0x0000, 0x0000, 0x0000, 0x0000, 0x0000, 0x18A2, 0x2944, 0x39A6, 0x18C3, 0x0000, 0x0000, 0x0000, 0x0000, 0x0000, 0x0020,   // 0x1FD0 (8144) pixels
0x0000, 0x0000, 0x0000, 0x0000, 0x0000, 0x0000, 0x0000, 0x0000, 0x0000, 0x0000, 0x0000, 0x0000, 0x0000, 0x0000, 0x0000, 0x0000,   // 0x1FE0 (8160) pixels
0x0000, 0x0000, 0x0000, 0x0000, 0x0000, 0x0000, 0x0000, 0x0000, 0x0000, 0x0000, 0x0000, 0x0000, 0x0000, 0x0000, 0x0000, 0x0000,   // 0x1FF0 (8176) pixels
0x0000, 0x0000, 0x0000, 0x0000, 0x0000, 0x0000, 0x0000, 0x0000, 0x0000, 0x0000, 0x0000, 0x0000, 0x0000, 0x0000, 0x0000, 0x0000,   // 0x2000 (8192) pixels
0x0020, 0x0021, 0x1082, 0x18A2, 0x1861, 0x1820, 0x38E3, 0x6A08, 0x71A8, 0x6986, 0x69C6, 0x7226, 0x7247, 0x6207, 0x5165, 0x38C4,   // 0x2010 (8208) pixels
0x3063, 0x3884, 0x3063, 0x2822, 0x2862, 0x4945, 0x7AA9, 0x9BCD, 0xA3EB, 0xB44C, 0xCCEF, 0xDD71, 0xE571, 0xDD50, 0xDD30, 0xE530,   // 0x2020 (8224) pixels
0xDD8E, 0xE5B0, 0xDD6F, 0xC4CE, 0xB46D, 0xAC2D, 0x8B4B, 0x7268, 0x40C3, 0x40A2, 0x5143, 0x69C5, 0x7206, 0x7A69, 0x69E8, 0x48E5,   // 0x2030 (8240) pixels
0x1062, 0x0801, 0x0000, 0x0000, 0x0020, 0x0000, 0x0000, 0x0000, 0x0000, 0x0000, 0x0000, 0x0000, 0x0000, 0x0000, 0x0861, 0x18C2,   // 0x2040 (8256) pixels
0x18C3, 0x0841, 0x0000, 0x0000, 0x0000, 0x0000, 0x0000, 0x0000, 0x0000, 0x0000, 0x0000, 0x0000, 0x0000, 0x0000, 0x0000, 0x0000,   // 0x2050 (8272) pixels
0x0000, 0x0000, 0x0000, 0x0000, 0x0000, 0x0000, 0x0000, 0x0000, 0x0000, 0x0000, 0x0000, 0x0000, 0x0000, 0x0000, 0x0000, 0x0000,   // 0x2060 (8288) pixels
0x0000, 0x0000, 0x0000, 0x0000, 0x0000, 0x0000, 0x0000, 0x0000, 0x0000, 0x0000, 0x0000, 0x0000, 0x0000, 0x0000, 0x0000, 0x0000,   // 0x2070 (8304) pixels
0x0000, 0x0000, 0x0000, 0x0000, 0x0000, 0x0000, 0x0000, 0x0000, 0x0000, 0x0000, 0x0000, 0x1020, 0x28A2, 0x4944, 0x61C6, 0x8289,   // 0x2080 (8320) pixels
0x7A28, 0x7A06, 0x7A25, 0x8AA6, 0x9308, 0x9309, 0x7268, 0x5166, 0x4905, 0x5126, 0x5146, 0x5146, 0x5125, 0x4904, 0x48E4, 0x48E3,   // 0x2090 (8336) pixels
0x5120, 0x69C3, 0x8AE7, 0xABEB, 0xBC2C, 0xB3EB, 0xB3CB, 0xB3EB, 0xABE8, 0xBC6B, 0xBC6B, 0x9B68, 0x7225, 0x5983, 0x5163, 0x59A4,   // 0x20A0 (8352) pixels
0x6185, 0x69C5, 0x8266, 0x9B28, 0xA38A, 0xA38B, 0x8A89, 0x6145, 0x1821, 0x0800, 0x0000, 0x0000, 0x0020, 0x0000, 0x0000, 0x0000,   // 0x20B0 (8368) pixels
0x0000, 0x0000, 0x0000, 0x0000, 0x0000, 0x0000, 0x0000, 0x0000, 0x0000, 0x0000, 0x0000, 0x0000, 0x0000, 0x0000, 0x0000, 0x0000,   // 0x20C0 (8384) pixels
0x0000, 0x0000, 0x0000, 0x0000, 0x0000, 0x0000, 0x0000, 0x0000, 0x0000, 0x0000, 0x0000, 0x0000, 0x0000, 0x0000, 0x0000, 0x0000,   // 0x20D0 (8400) pixels
0x0000, 0x0000, 0x0000, 0x0000, 0x0000, 0x0000, 0x0000, 0x0000, 0x0000, 0x0000, 0x0000, 0x0000, 0x0000, 0x0000, 0x0000, 0x0000,   // 0x20E0 (8416) pixels
0x0000, 0x0000, 0x0000, 0x0000, 0x0000, 0x0000, 0x0000, 0x0000, 0x0000, 0x0000, 0x0000, 0x0000, 0x0000, 0x0000, 0x0000, 0x0000,   // 0x20F0 (8432) pixels
0x0001, 0x0000, 0x0800, 0x1881, 0x49A5, 0x7268, 0x7227, 0x71E6, 0x8206, 0x8A87, 0x92C7, 0x8AA6, 0x92C7, 0x92E7, 0x92C8, 0x92C8,   // 0x2100 (8448) pixels
0x9B07, 0x9B08, 0xA329, 0xA329, 0xA329, 0x92E8, 0x8AA7, 0x8AA6, 0x8AE6, 0x9B48, 0xABEA, 0xBC6C, 0xBC6C, 0xBC4C, 0xBC4B, 0xBC4C,   // 0x2110 (8464) pixels
0xBC6C, 0xC48C, 0xC44C, 0xB3C9, 0xAB47, 0xA327, 0xAB88, 0xB3E9, 0xC3C9, 0xC3EA, 0xBBEA, 0xAB89, 0xA349, 0x9B08, 0x8AA7, 0x71E5,   // 0x2120 (8480) pixels
0x38E3, 0x2881, 0x1020, 0x0000, 0x0000, 0x0000, 0x0000, 0x0000, 0x0000, 0x0000, 0x0000, 0x0020, 0x0020, 0x0020, 0x0000, 0x0000,   // 0x2130 (8496) pixels
0x0000, 0x0000, 0x0000, 0x0000, 0x0000, 0x0000, 0x0000, 0x0000, 0x0000, 0x0000, 0x0000, 0x0000, 0x0000, 0x0000, 0x0000, 0x0000,   // 0x2140 (8512) pixels
0x0000, 0x0000, 0x0000, 0x0000, 0x0000, 0x0000, 0x0000, 0x0000, 0x0000, 0x0000, 0x0000, 0x0000, 0x0000, 0x0000, 0x0000, 0x0000,   // 0x2150 (8528) pixels
0x0000, 0x0000, 0x0000, 0x0000, 0x0000, 0x0000, 0x0000, 0x0000, 0x0000, 0x0000, 0x0000, 0x0000, 0x0000, 0x0000, 0x0000, 0x0000,   // 0x2160 (8544) pixels
0x0000, 0x0000, 0x0000, 0x0000, 0x0000, 0x0000, 0x0000, 0x0000, 0x0000, 0x0000, 0x0820, 0x20A2, 0x51C6, 0x7268, 0x7206, 0x71C6,   // 0x2170 (8560) pixels
0xA2A7, 0xB38A, 0xABAB, 0x92E8, 0x8AA7, 0x8A86, 0x9AC7, 0xB348, 0xD447, 0xD468, 0xDC69, 0xDC6A, 0xCC09, 0xC3E8, 0xC429, 0xCC6A,   // 0x2180 (8576) pixels
0xE5B0, 0xEDD1, 0xEDD1, 0xE5B0, 0xE5B0, 0xE5B0, 0xE5D0, 0xE5D0, 0xE591, 0xE550, 0xDCCE, 0xD44B, 0xE46B, 0xECEC, 0xF52C, 0xF52B,   // 0x2190 (8592) pixels
0xFD4B, 0xF50B, 0xCBE9, 0x9AE7, 0x8A86, 0x92E8, 0x9328, 0x8B07, 0x82CA, 0x6227, 0x3923, 0x0840, 0x0000, 0x0000, 0x0000, 0x0000,   // 0x21A0 (8608) pixels
0x0000, 0x0000, 0x0000, 0x0000, 0x0000, 0x0000, 0x0000, 0x0000, 0x0000, 0x0000, 0x0000, 0x0000, 0x0000, 0x0000, 0x0000, 0x0000,   // 0x21B0 (8624) pixels
0x0000, 0x0000, 0x0000, 0x0000, 0x0000, 0x0000, 0x0000, 0x0000, 0x0000, 0x0000, 0x0000, 0x0000, 0x0000, 0x0000, 0x0000, 0x0000,   // 0x21C0 (8640) pixels
0x0000, 0x0000, 0x0000, 0x0000, 0x0000, 0x0000, 0x0000, 0x0000, 0x0000, 0x0000, 0x0000, 0x0000, 0x0000, 0x0000, 0x0000, 0x0000,   // 0x21D0 (8656) pixels
0x0000, 0x0000, 0x0000, 0x0000, 0x0000, 0x0000, 0x0000, 0x0000, 0x0000, 0x0000, 0x0000, 0x0000, 0x0000, 0x0000, 0x0000, 0x0000,   // 0x21E0 (8672) pixels
0x0000, 0x0000, 0x0821, 0x30C2, 0x5984, 0x7A26, 0x7205, 0x6A06, 0x8B06, 0xABC9, 0xC40A, 0xB368, 0x9AC7, 0x9AC7, 0xA328, 0xB368,   // 0x21F0 (8688) pixels
0xD42A, 0xDC4A, 0xDC4A, 0xDC49, 0xD429, 0xCBE8, 0xCC29, 0xDCAB, 0xEE10, 0xEE31, 0xF652, 0xEE51, 0xEE11, 0xEE11, 0xEE32, 0xF673,   // 0x2200 (8704) pixels
0xE673, 0xEE52, 0xEDAF, 0xE50B, 0xE4A9, 0xECCA, 0xF50B, 0xED2B, 0xF54C, 0xED0C, 0xCC2A, 0xAB26, 0x9AC5, 0xA327, 0xAB29, 0xA2C9,   // 0x2210 (8720) pixels
0x930A, 0x7268, 0x3944, 0x0841, 0x0020, 0x0000, 0x0000, 0x0000, 0x0000, 0x0000, 0x0000, 0x0000, 0x0000, 0x0000, 0x0000, 0x0000,   // 0x2220 (8736) pixels
0x0000, 0x0000, 0x0000, 0x0000, 0x0000, 0x0000, 0x0000, 0x0000, 0x0000, 0x0000, 0x0000, 0x0000, 0x0000, 0x0000, 0x0000, 0x0000,   // 0x2230 (8752) pixels
0x0000, 0x0000, 0x0000, 0x0000, 0x0000, 0x0000, 0x0000, 0x0000, 0x0000, 0x0000, 0x0000, 0x0000, 0x0000, 0x0000, 0x0000, 0x0000,   // 0x2240 (8768) pixels
0x0000, 0x0000, 0x0000, 0x0000, 0x0000, 0x0000, 0x0000, 0x0000, 0x0000, 0x0000, 0x0000, 0x0000, 0x0000, 0x0000, 0x0000, 0x0000,   // 0x2250 (8784) pixels
0x0000, 0x0000, 0x0000, 0x0000, 0x0000, 0x0000, 0x0000, 0x0000, 0x0020, 0x0841, 0x28C3, 0x4944, 0x69E6, 0x7A67, 0x7226, 0x6A06,   // 0x2260 (8800) pixels
0x69E5, 0x8A86, 0xBBA8, 0xDC8A, 0xDCCB, 0xD48A, 0xD46A, 0xE48B, 0xECEB, 0xECCB, 0xE4AA, 0xE4AA, 0xE4AA, 0xE4AA, 0xE4EB, 0xF56D,   // 0x2270 (8816) pixels
0xE631, 0xF672, 0xFED3, 0xFEF4, 0xFED4, 0xFEB3, 0xFED4, 0xFED4, 0xFF35, 0xFEF4, 0xFE31, 0xED2D, 0xE4AA, 0xEC8A, 0xECCA, 0xECCB,   // 0x2280 (8832) pixels
0xECEA, 0xECEB, 0xE4AB, 0xDC6A, 0xDCAA, 0xDCAB, 0xC3E9, 0x9AC6, 0x8288, 0x6A06, 0x3903, 0x0840, 0x0020, 0x0000, 0x0000, 0x0000,   // 0x2290 (8848) pixels
0x0000, 0x0000, 0x0000, 0x0000, 0x0000, 0x0000, 0x0000, 0x0000, 0x0000, 0x0000, 0x0000, 0x0000, 0x0000, 0x0000, 0x0000, 0x0000,   // 0x22A0 (8864) pixels
0x0000, 0x0000, 0x0000, 0x0000, 0x0000, 0x0000, 0x0000, 0x0000, 0x0000, 0x0000, 0x0000, 0x0000, 0x0000, 0x0000, 0x0000, 0x0000,   // 0x22B0 (8880) pixels
0x0000, 0x0000, 0x0000, 0x0000, 0x0000, 0x0000, 0x0000, 0x0000, 0x0000, 0x0000, 0x0000, 0x0000, 0x0000, 0x0000, 0x0000, 0x0000,   // 0x22C0 (8896) pixels
0x0000, 0x0000, 0x0000, 0x0000, 0x0000, 0x0000, 0x0000, 0x0000, 0x0000, 0x0000, 0x0000, 0x0000, 0x0000, 0x0000, 0x0000, 0x0000,   // 0x22D0 (8912) pixels
0x0000, 0x1841, 0x3904, 0x5165, 0x69E6, 0x7227, 0x6A06, 0x59E6, 0x5926, 0x79C6, 0xB367, 0xF54B, 0xFE0E, 0xF58C, 0xED0B, 0xFD0C,   // 0x22E0 (8928) pixels
0xE4EA, 0xE50A, 0xE4EA, 0xE4EA, 0xE4EA, 0xE50B, 0xED4C, 0xFDCE, 0xEE51, 0xF6B3, 0xFF14, 0xFF35, 0xFF35, 0xFF15, 0xFF15, 0xFF15,   // 0x22F0 (8944) pixels
0xFF76, 0xFF35, 0xFE72, 0xED8E, 0xE4CC, 0xE4AB, 0xE4AB, 0xE4CC, 0xE4EA, 0xED0B, 0xED0B, 0xF52C, 0xFD6D, 0xF54D, 0xC429, 0x92A4,   // 0x2300 (8960) pixels
0x8267, 0x6A06, 0x3923, 0x1020, 0x0000, 0x0000, 0x0000, 0x0000, 0x0000, 0x0000, 0x0000, 0x0000, 0x0000, 0x0000, 0x0000, 0x0000,   // 0x2310 (8976) pixels
0x0000, 0x0000, 0x0000, 0x0000, 0x0000, 0x0000, 0x0000, 0x0000, 0x0000, 0x0000, 0x0000, 0x0000, 0x0000, 0x0000, 0x0000, 0x0000,   // 0x2320 (8992) pixels
0x0000, 0x0000, 0x0000, 0x0000, 0x0000, 0x0000, 0x0000, 0x0000, 0x0000, 0x0000, 0x0000, 0x0000, 0x0000, 0x0000, 0x0000, 0x0000,   // 0x2330 (9008) pixels
0x0000, 0x0000, 0x0000, 0x0000, 0x0000, 0x0000, 0x0000, 0x0000, 0x0000, 0x0000, 0x0000, 0x0000, 0x0000, 0x0000, 0x0000, 0x0000,   // 0x2340 (9024) pixels
0x0000, 0x0000, 0x0000, 0x0000, 0x0000, 0x0000, 0x0000, 0x0000, 0x0800, 0x2883, 0x4945, 0x61A6, 0x71E6, 0x7A47, 0x7248, 0x6207,   // 0x2350 (9040) pixels
0x61A9, 0x79E8, 0x9AE8, 0xC40A, 0xCC8A, 0xCC6A, 0xDC89, 0xF4EA, 0xE54B, 0xF5CD, 0xFE0F, 0xF60F, 0xEDEF, 0xEDCF, 0xF5EF, 0xFE51,   // 0x2360 (9056) pixels
0xF6B3, 0xF6F4, 0xFF15, 0xFF35, 0xFF35, 0xFF15, 0xFF15, 0xFF35, 0xFF56, 0xFF35, 0xFED4, 0xF631, 0xEDD0, 0xF5D0, 0xF5D0, 0xFDF0,   // 0x2370 (9072) pixels
0xF5CE, 0xF5AE, 0xED4C, 0xDC8A, 0xD44A, 0xC42A, 0xA389, 0x8AC7, 0x8246, 0x7A46, 0x51A5, 0x20C2, 0x0820, 0x0000, 0x0000, 0x0000,   // 0x2380 (9088) pixels
0x0000, 0x0000, 0x0000, 0x0000, 0x0000, 0x0000, 0x0000, 0x0000, 0x0000, 0x0000, 0x0000, 0x0000, 0x0000, 0x0000, 0x0000, 0x0000,   // 0x2390 (9104) pixels
0x0000, 0x0000, 0x0000, 0x0000, 0x0000, 0x0000, 0x0000, 0x0000, 0x0000, 0x0000, 0x0000, 0x0000, 0x0000, 0x0000, 0x0000, 0x0000,   // 0x23A0 (9120) pixels
0x0000, 0x0000, 0x0000, 0x0000, 0x0000, 0x0000, 0x0000, 0x0000, 0x0000, 0x0000, 0x0000, 0x0000, 0x0000, 0x0000, 0x0000, 0x0000,   // 0x23B0 (9136) pixels
0x0000, 0x0000, 0x0000, 0x0000, 0x0000, 0x0000, 0x0000, 0x0000, 0x0000, 0x0000, 0x0000, 0x0000, 0x0000, 0x0000, 0x0000, 0x0020,   // 0x23C0 (9152) pixels
0x28A3, 0x4946, 0x61E7, 0x7207, 0x7207, 0x7207, 0x6A06, 0x69E6, 0x61E7, 0x69C6, 0x71A6, 0x71A6, 0x71A5, 0x8245, 0xB387, 0xE4C9,   // 0x23D0 (9168) pixels
0xF60E, 0xFE91, 0xFEF3, 0xFF14, 0xFF15, 0xFEF4, 0xFED4, 0xFF14, 0xFF35, 0xFF35, 0xFF55, 0xFF35, 0xFF35, 0xFF35, 0xFF35, 0xFF56,   // 0x23E0 (9184) pixels
0xFF15, 0xFF35, 0xFF35, 0xFF35, 0xFF14, 0xFF14, 0xFF14, 0xFF14, 0xFED2, 0xFE91, 0xED6E, 0xB3A8, 0x8A45, 0x71E5, 0x71E6, 0x6A07,   // 0x23F0 (9200) pixels
0x8225, 0x8267, 0x7268, 0x4185, 0x1862, 0x0000, 0x0000, 0x0000, 0x0000, 0x0000, 0x0000, 0x0000, 0x0000, 0x0000, 0x0000, 0x0000,   // 0x2400 (9216) pixels
0x0000, 0x0000, 0x0000, 0x0000, 0x0000, 0x0000, 0x0000, 0x0000, 0x0000, 0x0000, 0x0000, 0x0000, 0x0000, 0x0000, 0x0000, 0x0000,   // 0x2410 (9232) pixels
0x0000, 0x0000, 0x0000, 0x0000, 0x0000, 0x0000, 0x0000, 0x0000, 0x0000, 0x0000, 0x0000, 0x0000, 0x0000, 0x0000, 0x0000, 0x0000,   // 0x2420 (9248) pixels
0x0000, 0x0000, 0x0000, 0x0000, 0x0000, 0x0000, 0x0000, 0x0000, 0x0000, 0x0000, 0x0000, 0x0000, 0x0000, 0x0000, 0x0000, 0x0000,   // 0x2430 (9264) pixels
0x0000, 0x0000, 0x0000, 0x0000, 0x0000, 0x0000, 0x0000, 0x0821, 0x38C4, 0x5186, 0x69E7, 0x7207, 0x69E6, 0x69C5, 0x7A26, 0x8265,   // 0x2440 (9280) pixels
0x7A86, 0x7A46, 0x79E6, 0x6986, 0x6145, 0x71C5, 0xAB47, 0xDCCA, 0xF5AD, 0xF5EE, 0xEE31, 0xF6B3, 0xFF36, 0xFF77, 0xFF36, 0xFF56,   // 0x2450 (9296) pixels
0xFF35, 0xFF35, 0xFF35, 0xFF35, 0xFF35, 0xFF35, 0xFF35, 0xFF35, 0xFF35, 0xFF35, 0xFF56, 0xFF76, 0xFF75, 0xFF14, 0xF6B2, 0xEE50,   // 0x2460 (9312) pixels
0xF62F, 0xFE30, 0xE54D, 0xAB68, 0x79C4, 0x6964, 0x71C6, 0x7A48, 0x8A86, 0x8AA7, 0x7A68, 0x4985, 0x1882, 0x0000, 0x0000, 0x0020,   // 0x2470 (9328) pixels
0x0000, 0x0000, 0x0000, 0x0000, 0x0000, 0x0000, 0x0000, 0x0000, 0x0000, 0x0000, 0x0000, 0x0000, 0x0000, 0x0000, 0x0000, 0x0000,   // 0x2480 (9344) pixels
0x0000, 0x0000, 0x0000, 0x0000, 0x0000, 0x0000, 0x0000, 0x0000, 0x0000, 0x0000, 0x0000, 0x0000, 0x0000, 0x0000, 0x0000, 0x0000,   // 0x2490 (9360) pixels
0x0000, 0x0000, 0x0000, 0x0000, 0x0000, 0x0000, 0x0000, 0x0000, 0x0000, 0x0000, 0x0000, 0x0000, 0x0000, 0x0000, 0x0000, 0x0000,   // 0x24A0 (9376) pixels
0x0000, 0x0000, 0x0000, 0x0000, 0x0000, 0x0000, 0x0000, 0x0000, 0x0000, 0x0000, 0x0000, 0x0000, 0x0000, 0x0000, 0x0000, 0x0841,   // 0x24B0 (9392) pixels
0x3062, 0x5145, 0x69C7, 0x6A07, 0x69E6, 0x7226, 0xA348, 0xC40A, 0xC42A, 0xC409, 0xBBC9, 0xB3AA, 0xAB8A, 0xABAA, 0xCC4A, 0xECEA,   // 0x24C0 (9408) pixels
0xECE9, 0xE4EA, 0xDD2C, 0xE611, 0xFF15, 0xFF77, 0xFF56, 0xFF55, 0xFF15, 0xFF15, 0xFF15, 0xFF15, 0xFF15, 0xFF15, 0xFF15, 0xFF15,   // 0x24D0 (9424) pixels
0xFF36, 0xFF16, 0xFF36, 0xFF56, 0xFF35, 0xF6B2, 0xE5AE, 0xDCEA, 0xE4EA, 0xED2B, 0xE50B, 0xCC2A, 0xB389, 0xB38A, 0xBBEA, 0xC42A,   // 0x24E0 (9440) pixels
0xAB69, 0x92C8, 0x7226, 0x4144, 0x1841, 0x0000, 0x0000, 0x0020, 0x0000, 0x0000, 0x0000, 0x0000, 0x0000, 0x0000, 0x0000, 0x0000,   // 0x24F0 (9456) pixels
0x0000, 0x0000, 0x0000, 0x0000, 0x0000, 0x0000, 0x0000, 0x0000, 0x0000, 0x0000, 0x0000, 0x0000, 0x0000, 0x0000, 0x0000, 0x0000,   // 0x2500 (9472) pixels
0x0000, 0x0000, 0x0000, 0x0000, 0x0000, 0x0000, 0x0000, 0x0000, 0x0000, 0x0000, 0x0000, 0x0000, 0x0000, 0x0000, 0x0000, 0x0000,   // 0x2510 (9488) pixels
0x0000, 0x0000, 0x0000, 0x0000, 0x0000, 0x0000, 0x0000, 0x0000, 0x0000, 0x0000, 0x0000, 0x0000, 0x0000, 0x0000, 0x0000, 0x0000,   // 0x2520 (9504) pixels
0x0000, 0x0000, 0x0000, 0x0000, 0x0000, 0x0000, 0x0000, 0x0841, 0x38A3, 0x5986, 0x69E7, 0x69E7, 0x61A6, 0x7205, 0xB3C9, 0xED0C,   // 0x2530 (9520) pixels
0xFD6D, 0xF54C, 0xF50A, 0xE50A, 0xDD0B, 0xE52C, 0xE50B, 0xECCA, 0xFCA8, 0xECC9, 0xE52C, 0xF610, 0xFF15, 0xFF56, 0xFF55, 0xFF55,   // 0x2540 (9536) pixels
0xFF35, 0xFF35, 0xFF35, 0xFF15, 0xFF15, 0xFF15, 0xFF15, 0xFF15, 0xFF36, 0xFF36, 0xFF56, 0xFF77, 0xFF76, 0xFEB2, 0xFD8D, 0xECA9,   // 0x2550 (9552) pixels
0xECA8, 0xECE9, 0xECEA, 0xE4CB, 0xE4CC, 0xF52D, 0xF56B, 0xED69, 0xBBEB, 0x92E8, 0x69E5, 0x4123, 0x2062, 0x0800, 0x0000, 0x0000,   // 0x2560 (9568) pixels
0x0000, 0x0000, 0x0000, 0x0000, 0x0000, 0x0000, 0x0000, 0x0000, 0x0000, 0x0000, 0x0000, 0x0000, 0x0000, 0x0000, 0x0000, 0x0000,   // 0x2570 (9584) pixels
0x0000, 0x0000, 0x0000, 0x0000, 0x0000, 0x0000, 0x0000, 0x0000, 0x0000, 0x0000, 0x0000, 0x0000, 0x0000, 0x0000, 0x0000, 0x0000,   // 0x2580 (9600) pixels
0x0000, 0x0000, 0x0000, 0x0000, 0x0000, 0x0000, 0x0000, 0x0000, 0x0000, 0x0000, 0x0000, 0x0000, 0x0000, 0x0000, 0x0000, 0x0000,   // 0x2590 (9616) pixels
0x0000, 0x0000, 0x0000, 0x0000, 0x0000, 0x0000, 0x0000, 0x0000, 0x0000, 0x0000, 0x0021, 0x0001, 0x0000, 0x1820, 0x2862, 0x30C4,   // 0x25A0 (9632) pixels
0x30E4, 0x5165, 0x6A06, 0x6A06, 0x6A07, 0x6206, 0x7225, 0x9308, 0xCC09, 0xECCC, 0xFD4D, 0xFD0B, 0xF4EA, 0xECEA, 0xDCCA, 0xE52B,   // 0x25B0 (9648) pixels
0xED8D, 0xEDEF, 0xF651, 0xFEF3, 0xFF35, 0xFF35, 0xFF35, 0xFF35, 0xFF35, 0xFF35, 0xFF35, 0xFF56, 0xFF35, 0xFF35, 0xFF35, 0xFF56,   // 0x25C0 (9664) pixels
0xFF55, 0xFF35, 0xFF15, 0xFF35, 0xFF55, 0xFF55, 0xF6B2, 0xEDEF, 0xECEB, 0xE4EB, 0xE4CB, 0xED0B, 0xED2B, 0xF56C, 0xF5AC, 0xDCE9,   // 0x25D0 (9680) pixels
0xAB09, 0x8A46, 0x59A4, 0x3923, 0x1882, 0x0021, 0x0000, 0x0000, 0x0000, 0x0000, 0x0000, 0x0000, 0x0000, 0x0000, 0x0000, 0x0000,   // 0x25E0 (9696) pixels
0x0000, 0x0000, 0x0000, 0x0000, 0x0000, 0x0000, 0x0000, 0x0000, 0x0000, 0x0000, 0x0000, 0x0000, 0x0000, 0x0000, 0x0000, 0x0000,   // 0x25F0 (9712) pixels
0x0000, 0x0000, 0x0000, 0x0000, 0x0000, 0x0000, 0x0000, 0x0000, 0x0000, 0x0000, 0x0000, 0x0000, 0x0000, 0x0000, 0x0000, 0x0000,   // 0x2600 (9728) pixels
0x0000, 0x0000, 0x0000, 0x0000, 0x0000, 0x0000, 0x0000, 0x0000, 0x0000, 0x0000, 0x0000, 0x0000, 0x0000, 0x0000, 0x0000, 0x0000,   // 0x2610 (9744) pixels
0x0800, 0x0000, 0x0001, 0x0000, 0x0820, 0x2882, 0x30C3, 0x3906, 0x30A4, 0x5145, 0x7206, 0x7206, 0x6A06, 0x61E6, 0x5984, 0x7205,   // 0x2620 (9760) pixels
0xBBE8, 0xE4EC, 0xFD8D, 0xF50B, 0xECC9, 0xECEA, 0xE4C9, 0xED2B, 0xEDAE, 0xF630, 0xFED3, 0xFEF4, 0xFF35, 0xFF56, 0xFF56, 0xFF55,   // 0x2630 (9776) pixels
0xFF55, 0xFF35, 0xFF15, 0xFF35, 0xFF35, 0xFF35, 0xFF15, 0xFF15, 0xFF55, 0xFF55, 0xFF15, 0xFF35, 0xFF96, 0xFF75, 0xFEB2, 0xEDCF,   // 0x2640 (9792) pixels
0xF4EB, 0xF4EB, 0xECCA, 0xECEA, 0xE4EA, 0xED2B, 0xF56D, 0xE4EB, 0x9AE9, 0x7A26, 0x59A5, 0x3924, 0x1862, 0x0000, 0x0000, 0x0000,   // 0x2650 (9808) pixels
0x0000, 0x0000, 0x0000, 0x0000, 0x0000, 0x0000, 0x0000, 0x0000, 0x0000, 0x0000, 0x0000, 0x0000, 0x0000, 0x0000, 0x0000, 0x0000,   // 0x2660 (9824) pixels
0x0000, 0x0000, 0x0000, 0x0000, 0x0000, 0x0000, 0x0000, 0x0000, 0x0000, 0x0000, 0x0000, 0x0000, 0x0000, 0x0000, 0x0000, 0x0000,   // 0x2670 (9840) pixels
0x0000, 0x0000, 0x0000, 0x0000, 0x0000, 0x0000, 0x0000, 0x0000, 0x0000, 0x0000, 0x0000, 0x0000, 0x0000, 0x0000, 0x0000, 0x0000,   // 0x2680 (9856) pixels
0x0000, 0x0000, 0x0000, 0x0000, 0x0000, 0x0000, 0x0000, 0x0000, 0x0800, 0x0000, 0x0000, 0x0000, 0x2082, 0x3904, 0x4104, 0x38E5,   // 0x2690 (9872) pixels
0x38A4, 0x61A6, 0x8288, 0x8AA8, 0x7A88, 0x6A27, 0x59C6, 0x69E6, 0x82A5, 0xABA8, 0xD4AA, 0xED0A, 0xF52A, 0xF50A, 0xE4A9, 0xED0A,   // 0x26A0 (9888) pixels
0xEDCE, 0xFE71, 0xFEF3, 0xFED3, 0xF6B3, 0xFEF5, 0xFF36, 0xFF35, 0xFF55, 0xFF35, 0xFF35, 0xFF35, 0xFF35, 0xFF55, 0xFF35, 0xFF35,   // 0x26B0 (9904) pixels
0xFF55, 0xFF35, 0xFF15, 0xFF15, 0xFF96, 0xFF96, 0xFED3, 0xEDCF, 0xF4CA, 0xF4A9, 0xF4E9, 0xFD4A, 0xED2B, 0xDCAA, 0xBBE9, 0x9AE7,   // 0x26C0 (9920) pixels
0x7A28, 0x7207, 0x6A07, 0x59E7, 0x3104, 0x0801, 0x0000, 0x0000, 0x0000, 0x0000, 0x0000, 0x0000, 0x0000, 0x0000, 0x0000, 0x0000,   // 0x26D0 (9936) pixels
0x0000, 0x0000, 0x0000, 0x0000, 0x0000, 0x0000, 0x0000, 0x0000, 0x0000, 0x0000, 0x0000, 0x0000, 0x0000, 0x0000, 0x0000, 0x0000,   // 0x26E0 (9952) pixels
0x0000, 0x0000, 0x0000, 0x0000, 0x0000, 0x0000, 0x0000, 0x0000, 0x0000, 0x0000, 0x0000, 0x0000, 0x0000, 0x0000, 0x0000, 0x0000,   // 0x26F0 (9968) pixels
0x0000, 0x0000, 0x0000, 0x0000, 0x0000, 0x0000, 0x0000, 0x0000, 0x0000, 0x0000, 0x0000, 0x0000, 0x0000, 0x0000, 0x0000, 0x0000,   // 0x2700 (9984) pixels
0x0000, 0x0000, 0x0000, 0x0841, 0x3103, 0x59A6, 0x4945, 0x30A4, 0x38A4, 0x71E8, 0x9B0A, 0x9B09, 0x7A87, 0x6207, 0x61C7, 0x6A08,   // 0x2710 (10000) pixels
0x59A4, 0x7265, 0xABC9, 0xE52C, 0xFD8D, 0xF50A, 0xE489, 0xF4EA, 0xEDEE, 0xFE71, 0xFED3, 0xF693, 0xEE73, 0xF6B4, 0xFF36, 0xFF56,   // 0x2720 (10016) pixels
0xFF35, 0xFF35, 0xFF35, 0xFF35, 0xFF35, 0xFF35, 0xFF55, 0xFF35, 0xFF56, 0xFF56, 0xFF36, 0xFF35, 0xFF76, 0xFF76, 0xFED3, 0xFDF0,   // 0x2730 (10032) pixels
0xF4AA, 0xEC89, 0xED0A, 0xFDAC, 0xED6D, 0xC44B, 0x8A87, 0x5923, 0x6186, 0x69E6, 0x7268, 0x6A48, 0x4145, 0x1842, 0x0800, 0x0000,   // 0x2740 (10048) pixels
0x0000, 0x0000, 0x0000, 0x0000, 0x0000, 0x0000, 0x0000, 0x0000, 0x0000, 0x0000, 0x0000, 0x0000, 0x0000, 0x0000, 0x0000, 0x0000,   // 0x2750 (10064) pixels
0x0000, 0x0000, 0x0000, 0x0000, 0x0000, 0x0000, 0x0000, 0x0000, 0x0000, 0x0000, 0x0000, 0x0000, 0x0000, 0x0000, 0x0000, 0x0000,   // 0x2760 (10080) pixels
0x0000, 0x0000, 0x0000, 0x0000, 0x0000, 0x0000, 0x0000, 0x0000, 0x0000, 0x0000, 0x0000, 0x0000, 0x0000, 0x0000, 0x0000, 0x0000,   // 0x2770 (10096) pixels
0x0000, 0x0000, 0x0000, 0x0000, 0x0000, 0x0000, 0x0000, 0x0000, 0x0000, 0x0000, 0x0000, 0x1020, 0x3903, 0x61E7, 0x5166, 0x3084,   // 0x2780 (10112) pixels
0x3884, 0x71E8, 0x9B09, 0x9B08, 0x7A66, 0x61E6, 0x61E7, 0x6A08, 0x59A7, 0x6A07, 0x9309, 0xC42B, 0xE4CC, 0xECEB, 0xECAA, 0xFCEB,   // 0x2790 (10128) pixels
0xED8D, 0xEDCE, 0xF630, 0xF672, 0xFED4, 0xFEF5, 0xFF16, 0xFF36, 0xFF35, 0xFF35, 0xFF35, 0xFF35, 0xFF35, 0xFF35, 0xFF15, 0xFF15,   // 0x27A0 (10144) pixels
0xF735, 0xFF55, 0xFF36, 0xFF15, 0xFF14, 0xF6B2, 0xF60F, 0xED4D, 0xECEB, 0xECEB, 0xE50B, 0xDCCB, 0xBC4A, 0x9B69, 0x7228, 0x5166,   // 0x27B0 (10160) pixels
0x61C6, 0x7A67, 0x82A8, 0x7227, 0x4925, 0x30C4, 0x20A3, 0x1061, 0x0020, 0x0000, 0x0000, 0x0000, 0x0000, 0x0000, 0x0000, 0x0000,   // 0x27C0 (10176) pixels
0x0000, 0x0000, 0x0000, 0x0000, 0x0000, 0x0000, 0x0000, 0x0000, 0x0000, 0x0000, 0x0000, 0x0000, 0x0000, 0x0000, 0x0000, 0x0000,   // 0x27D0 (10192) pixels
0x0000, 0x0000, 0x0000, 0x0000, 0x0000, 0x0000, 0x0000, 0x0000, 0x0000, 0x0000, 0x0000, 0x0000, 0x0000, 0x0000, 0x0000, 0x0000,   // 0x27E0 (10208) pixels
0x0000, 0x0000, 0x0000, 0x0000, 0x0000, 0x0000, 0x0000, 0x0000, 0x0000, 0x0000, 0x0000, 0x0000, 0x0000, 0x0000, 0x0000, 0x0000,   // 0x27F0 (10224) pixels
0x0820, 0x0000, 0x0000, 0x0800, 0x38C2, 0x61C6, 0x5146, 0x3884, 0x30A4, 0x69E7, 0x92C8, 0x9AE7, 0x8266, 0x6A05, 0x6A06, 0x6A06,   // 0x2800 (10240) pixels
0x61C6, 0x61A5, 0x69C4, 0x8224, 0xB367, 0xE4CC, 0xFD2C, 0xF50B, 0xED0A, 0xE4EA, 0xE54D, 0xF651, 0xFF15, 0xFF56, 0xFF35, 0xFEF5,   // 0x2810 (10256) pixels
0xFF35, 0xFF15, 0xFF15, 0xFF35, 0xFF55, 0xFF35, 0xFF35, 0xFF35, 0xFF35, 0xFF35, 0xFF35, 0xFEF4, 0xF692, 0xE5EF, 0xE50C, 0xE489,   // 0x2820 (10272) pixels
0xED2B, 0xF54C, 0xE4EB, 0xAB66, 0x7203, 0x61C3, 0x61A5, 0x59A6, 0x8267, 0x9308, 0x9B08, 0x7226, 0x5945, 0x5167, 0x4986, 0x3123,   // 0x2830 (10288) pixels
0x0020, 0x0000, 0x0000, 0x0000, 0x0000, 0x0000, 0x0000, 0x0000, 0x0000, 0x0000, 0x0000, 0x0000, 0x0000, 0x0000, 0x0000, 0x0000,   // 0x2840 (10304) pixels
0x0000, 0x0000, 0x0000, 0x0000, 0x0000, 0x0000, 0x0000, 0x0000, 0x0000, 0x0000, 0x0000, 0x0000, 0x0000, 0x0000, 0x0000, 0x0000,   // 0x2850 (10320) pixels
0x0000, 0x0000, 0x0000, 0x0000, 0x0000, 0x0000, 0x0000, 0x0000, 0x0000, 0x0000, 0x0000, 0x0000, 0x0000, 0x0000, 0x0000, 0x0000,   // 0x2860 (10336) pixels
0x0000, 0x0000, 0x0000, 0x0000, 0x0000, 0x0000, 0x0000, 0x0000, 0x0000, 0x0000, 0x0820, 0x28A2, 0x5984, 0x69E7, 0x5125, 0x3884,   // 0x2870 (10352) pixels
0x30E4, 0x69E7, 0x92C8, 0xA308, 0x8A86, 0x7245, 0x7A87, 0x82A7, 0x8AC7, 0x8265, 0x7A24, 0x8223, 0xAB47, 0xE4EC, 0xF54C, 0xED0A,   // 0x2880 (10368) pixels
0xF4EA, 0xE4A9, 0xE50B, 0xF610, 0xFEF4, 0xFF35, 0xFF35, 0xFF55, 0xFF35, 0xFF35, 0xFF35, 0xFF35, 0xFF15, 0xF6D4, 0xFEF4, 0xFF56,   // 0x2890 (10384) pixels
0xFF75, 0xFF35, 0xFEF4, 0xFED3, 0xF650, 0xE5AD, 0xE4EA, 0xECA9, 0xED09, 0xF54B, 0xE4EB, 0xAB67, 0x8224, 0x7A04, 0x7A45, 0x7A86,   // 0x28A0 (10400) pixels
0xA327, 0xB3A9, 0xAB88, 0x7A26, 0x5945, 0x5987, 0x51A6, 0x3943, 0x0020, 0x0000, 0x0000, 0x0000, 0x0000, 0x0000, 0x0000, 0x0000,   // 0x28B0 (10416) pixels
0x0000, 0x0000, 0x0000, 0x0000, 0x0000, 0x0000, 0x0000, 0x0000, 0x0000, 0x0000, 0x0000, 0x0000, 0x0000, 0x0000, 0x0000, 0x0000,   // 0x28C0 (10432) pixels
0x0000, 0x0000, 0x0000, 0x0000, 0x0000, 0x0000, 0x0000, 0x0000, 0x0000, 0x0000, 0x0000, 0x0000, 0x0000, 0x0000, 0x0000, 0x0000,   // 0x28D0 (10448) pixels
0x0000, 0x0000, 0x0000, 0x0000, 0x0000, 0x0000, 0x0000, 0x0000, 0x0000, 0x0000, 0x0000, 0x0000, 0x0000, 0x0000, 0x0000, 0x0000,   // 0x28E0 (10464) pixels
0x0000, 0x0000, 0x20C3, 0x5207, 0x82C9, 0x8289, 0x5946, 0x3884, 0x28C3, 0x6207, 0x9AE8, 0xAB69, 0xA328, 0x9B29, 0xAC0C, 0xC48D,   // 0x28F0 (10480) pixels
0xD4AA, 0xC46A, 0xCC6B, 0xCC6B, 0xD4AB, 0xE4EC, 0xE4EB, 0xED0A, 0xFCC9, 0xECA9, 0xE4CA, 0xED6D, 0xEE10, 0xEE92, 0xF714, 0xFF76,   // 0x2900 (10496) pixels
0xFF15, 0xFF35, 0xFF56, 0xFF35, 0xEE72, 0xD5F0, 0xE651, 0xFF14, 0xFF34, 0xF6B2, 0xF651, 0xEE30, 0xE5CE, 0xDD4B, 0xECEA, 0xFCCA,   // 0x2910 (10512) pixels
0xF507, 0xF509, 0xF50B, 0xDC6B, 0xCC2B, 0xCC2B, 0xC42A, 0xC46B, 0xD44B, 0xDCCC, 0xC42A, 0x8A66, 0x5925, 0x5146, 0x5185, 0x3922,   // 0x2920 (10528) pixels
0x0020, 0x0000, 0x0000, 0x0000, 0x0000, 0x0000, 0x0000, 0x0000, 0x0000, 0x0000, 0x0000, 0x0000, 0x0000, 0x0000, 0x0000, 0x0000,   // 0x2930 (10544) pixels
0x0000, 0x0000, 0x0000, 0x0000, 0x0000, 0x0000, 0x0000, 0x0000, 0x0000, 0x0000, 0x0000, 0x0000, 0x0000, 0x0000, 0x0000, 0x0000,   // 0x2940 (10560) pixels
0x0000, 0x0000, 0x0000, 0x0000, 0x0000, 0x0000, 0x0000, 0x0000, 0x0000, 0x0000, 0x0000, 0x0000, 0x0000, 0x0000, 0x0000, 0x0000,   // 0x2950 (10576) pixels
0x0000, 0x0020, 0x0000, 0x0000, 0x0000, 0x0000, 0x0000, 0x0000, 0x0021, 0x0820, 0x4902, 0x92A7, 0xB34A, 0x8A88, 0x4945, 0x2084,   // 0x2960 (10592) pixels
0x28A2, 0x6206, 0x9B2A, 0xA329, 0xA349, 0xAB68, 0xCC8A, 0xF58D, 0xFD6A, 0xFD6B, 0xF54C, 0xFD4C, 0xF54B, 0xECEA, 0xE4AB, 0xED0D,   // 0x2970 (10608) pixels
0xED0B, 0xECEB, 0xECCA, 0xED0B, 0xED8D, 0xF650, 0xFF14, 0xFF96, 0xFF56, 0xFF35, 0xFF35, 0xFF35, 0xE611, 0xC52E, 0xDDF1, 0xFEF4,   // 0x2980 (10624) pixels
0xF734, 0xEE92, 0xE5EF, 0xE58D, 0xE52C, 0xE4EB, 0xE4EC, 0xED0C, 0xECCA, 0xECEB, 0xECEC, 0xE4EC, 0xED2C, 0xED4B, 0xED2B, 0xED2C,   // 0x2990 (10640) pixels
0xE4EB, 0xED2B, 0xCC4A, 0x8A86, 0x5966, 0x5167, 0x5165, 0x4101, 0x1000, 0x0800, 0x0001, 0x0001, 0x0000, 0x0000, 0x0020, 0x0020,   // 0x29A0 (10656) pixels
0x0000, 0x0000, 0x0000, 0x0000, 0x0000, 0x0000, 0x0000, 0x0000, 0x0000, 0x0000, 0x0000, 0x0000, 0x0000, 0x0000, 0x0000, 0x0000,   // 0x29B0 (10672) pixels
0x0000, 0x0000, 0x0000, 0x0000, 0x0000, 0x0000, 0x0000, 0x0000, 0x0000, 0x0000, 0x0000, 0x0000, 0x0000, 0x0000, 0x0000, 0x0000,   // 0x29C0 (10688) pixels
0x0000, 0x0000, 0x0000, 0x0000, 0x0000, 0x0000, 0x0000, 0x0000, 0x0000, 0x0020, 0x0000, 0x0000, 0x0000, 0x0000, 0x0000, 0x0000,   // 0x29D0 (10704) pixels
0x0021, 0x3103, 0x7246, 0xA329, 0xAB09, 0x8268, 0x4945, 0x2083, 0x30C4, 0x6A07, 0xA349, 0xAB48, 0xAB89, 0xA368, 0xAB89, 0xB388,   // 0x29E0 (10720) pixels
0xB3E8, 0xB3EA, 0xAB89, 0xAB68, 0xC408, 0xE4CA, 0xECEB, 0xF4EB, 0xECEA, 0xECEA, 0xECEA, 0xED0B, 0xF5AE, 0xFE72, 0xFF15, 0xFF56,   // 0x29F0 (10736) pixels
0xFF35, 0xFF36, 0xFF36, 0xFF15, 0xDE11, 0xC52D, 0xDDD0, 0xFED4, 0xFF56, 0xFF14, 0xF651, 0xED6D, 0xE4EA, 0xE4C9, 0xECE9, 0xED0A,   // 0x2A00 (10752) pixels
0xF50A, 0xDC6A, 0xBBA8, 0xAB68, 0xABA9, 0xAB88, 0xAB47, 0xAB68, 0xC3E8, 0xDC8A, 0xC409, 0x8246, 0x4925, 0x4946, 0x59A6, 0x61C4,   // 0x2A10 (10768) pixels
0x3902, 0x1841, 0x0000, 0x0001, 0x0000, 0x0000, 0x0000, 0x0000, 0x0000, 0x0000, 0x0000, 0x0000, 0x0000, 0x0000, 0x0000, 0x0000,   // 0x2A20 (10784) pixels
0x0000, 0x0000, 0x0000, 0x0000, 0x0000, 0x0000, 0x0000, 0x0000, 0x0000, 0x0000, 0x0000, 0x0000, 0x0000, 0x0000, 0x0000, 0x0000,   // 0x2A30 (10800) pixels
0x0000, 0x0000, 0x0000, 0x0000, 0x0000, 0x0000, 0x0000, 0x0000, 0x0000, 0x0000, 0x0000, 0x0000, 0x0000, 0x0000, 0x0000, 0x0000,   // 0x2A40 (10816) pixels
0x0000, 0x0000, 0x0000, 0x0000, 0x0000, 0x0000, 0x0000, 0x0000, 0x1040, 0x51C5, 0x9B4A, 0xB38A, 0xAB08, 0x8247, 0x5145, 0x2063,   // 0x2A50 (10832) pixels
0x30A5, 0x69E7, 0xA349, 0xAB68, 0xABA9, 0x9B49, 0x8267, 0x6963, 0x5142, 0x59A5, 0x5985, 0x5964, 0x8AA5, 0xCC69, 0xFD6C, 0xFD8C,   // 0x2A60 (10848) pixels
0xF54C, 0xF54C, 0xF52C, 0xED4D, 0xF5AF, 0xF672, 0xFF16, 0xFF77, 0xFF15, 0xFF56, 0xFF56, 0xFF15, 0xE652, 0xCD6E, 0xDDF0, 0xFED4,   // 0x2A70 (10864) pixels
0xFF56, 0xFF15, 0xFE92, 0xF5AF, 0xF52C, 0xFD2B, 0xFD4A, 0xFD6A, 0xF56C, 0xBBC8, 0x7A24, 0x6184, 0x61C5, 0x59A5, 0x6184, 0x71E5,   // 0x2A80 (10880) pixels
0xA306, 0xCC0A, 0xC40A, 0x8246, 0x48E4, 0x5146, 0x7A68, 0x92E8, 0x82E8, 0x3943, 0x0020, 0x0000, 0x0000, 0x0000, 0x0000, 0x0000,   // 0x2A90 (10896) pixels
0x0000, 0x0000, 0x0000, 0x0000, 0x0000, 0x0000, 0x0000, 0x0000, 0x0000, 0x0000, 0x0000, 0x0000, 0x0000, 0x0000, 0x0000, 0x0000,   // 0x2AA0 (10912) pixels
0x0000, 0x0000, 0x0000, 0x0000, 0x0000, 0x0000, 0x0000, 0x0000, 0x0000, 0x0000, 0x0000, 0x0000, 0x0000, 0x0000, 0x0000, 0x0000,   // 0x2AB0 (10928) pixels
0x0000, 0x0000, 0x0000, 0x0000, 0x0000, 0x0000, 0x0000, 0x0000, 0x0000, 0x0000, 0x0000, 0x0000, 0x0000, 0x0000, 0x0000, 0x0020,   // 0x2AC0 (10944) pixels
0x2040, 0x61E5, 0x9B29, 0xAB49, 0xA2E7, 0x8A67, 0x61C6, 0x3904, 0x38A5, 0x69E7, 0xA329, 0xAB68, 0xABAA, 0x9B49, 0x8AA8, 0x71C5,   // 0x2AD0 (10960) pixels
0x61C5, 0x59A6, 0x5166, 0x5165, 0x7A87, 0xB42A, 0xDD2C, 0xED2C, 0xDCAC, 0xDC8B, 0xDCAC, 0xE52E, 0xEDD0, 0xF652, 0xFEB4, 0xFF15,   // 0x2AE0 (10976) pixels
0xF6B3, 0xFF15, 0xFF15, 0xFF35, 0xF6F4, 0xE672, 0xEE93, 0xFF15, 0xFF95, 0xFF14, 0xF652, 0xDD2E, 0xD48C, 0xDCAC, 0xE4CC, 0xE50C,   // 0x2AF0 (10992) pixels
0xD4ED, 0xA369, 0x6A06, 0x51A7, 0x59C8, 0x59A7, 0x61A6, 0x7206, 0xAB28, 0xCC0B, 0xC40B, 0x8267, 0x48E4, 0x5125, 0x8288, 0xAB69,   // 0x2B00 (11008) pixels
0x8B08, 0x4142, 0x0000, 0x0000, 0x0020, 0x0000, 0x0000, 0x0000, 0x0000, 0x0000, 0x0000, 0x0000, 0x0000, 0x0000, 0x0000, 0x0000,   // 0x2B10 (11024) pixels
0x0000, 0x0000, 0x0000, 0x0000, 0x0000, 0x0000, 0x0000, 0x0000, 0x0000, 0x0000, 0x0000, 0x0000, 0x0000, 0x0000, 0x0000, 0x0000,   // 0x2B20 (11040) pixels
0x0000, 0x0000, 0x0000, 0x0000, 0x0000, 0x0000, 0x0000, 0x0000, 0x0000, 0x0000, 0x0000, 0x0000, 0x0000, 0x0000, 0x0000, 0x0000,   // 0x2B30 (11056) pixels
0x0000, 0x0000, 0x0000, 0x0000, 0x0000, 0x0000, 0x0000, 0x0841, 0x4124, 0x7A68, 0xA34A, 0xA328, 0xA2E8, 0x9AE9, 0x8289, 0x59C6,   // 0x2B40 (11072) pixels
0x38A4, 0x69A7, 0x9AE9, 0xA308, 0xA328, 0x9B28, 0xABAA, 0xB3C9, 0x92C8, 0x71C6, 0x5105, 0x4925, 0x61E6, 0x7287, 0x82A7, 0x8286,   // 0x2B50 (11088) pixels
0x8AA8, 0x7A05, 0x8245, 0xB3CA, 0xE590, 0xFE52, 0xF650, 0xEE0F, 0xE5F1, 0xF693, 0xF6D4, 0xFF35, 0xFF76, 0xFF15, 0xFF35, 0xFF56,   // 0x2B60 (11104) pixels
0xFF94, 0xF6F3, 0xCD6F, 0x82E7, 0x61C4, 0x7A47, 0x8AC8, 0x8AE8, 0x8AE8, 0x7267, 0x59C6, 0x4946, 0x5146, 0x61A6, 0x8287, 0xA369,   // 0x2B70 (11120) pixels
0xB368, 0xC3EA, 0xB3C9, 0x7A46, 0x4904, 0x4925, 0x7A47, 0xAB49, 0x82C7, 0x4102, 0x0000, 0x0000, 0x0000, 0x0000, 0x0000, 0x0000,   // 0x2B80 (11136) pixels
0x0000, 0x0000, 0x0000, 0x0000, 0x0000, 0x0000, 0x0000, 0x0000, 0x0000, 0x0000, 0x0000, 0x0000, 0x0000, 0x0000, 0x0000, 0x0000,   // 0x2B90 (11152) pixels
0x0000, 0x0000, 0x0000, 0x0000, 0x0000, 0x0000, 0x0000, 0x0000, 0x0000, 0x0000, 0x0000, 0x0000, 0x0000, 0x0000, 0x0000, 0x0000,   // 0x2BA0 (11168) pixels
0x0000, 0x0000, 0x0000, 0x0000, 0x0000, 0x0000, 0x0000, 0x0000, 0x0000, 0x0000, 0x0000, 0x0000, 0x0000, 0x0000, 0x0000, 0x1061,   // 0x2BB0 (11184) pixels
0x4966, 0x7269, 0x930A, 0x9AE8, 0xA308, 0xA34A, 0x8AC9, 0x61A5, 0x30A3, 0x61A6, 0xA329, 0xB369, 0xA347, 0xA347, 0xC429, 0xE4CB,   // 0x2BC0 (11200) pixels
0xC3A9, 0xA2C8, 0x8227, 0x7A07, 0x61C6, 0x5164, 0x5144, 0x5125, 0x4905, 0x3041, 0x3881, 0x8AE9, 0xE5B2, 0xFEF4, 0xFE91, 0xE5CD,   // 0x2BD0 (11216) pixels
0xE5D0, 0xF673, 0xFEF4, 0xFF55, 0xFF76, 0xFF35, 0xFF35, 0xFF15, 0xFF95, 0xF6F4, 0xB4EF, 0x4964, 0x1800, 0x38A3, 0x4925, 0x5125,   // 0x2BE0 (11232) pixels
0x5143, 0x6A05, 0x7A46, 0x7A26, 0x7A05, 0x8A86, 0xB388, 0xD48B, 0xCBE9, 0xD42A, 0xBBC9, 0x7A45, 0x4924, 0x4945, 0x7A27, 0x9B08,   // 0x2BF0 (11248) pixels
0x8287, 0x4943, 0x1041, 0x0000, 0x0000, 0x0000, 0x0000, 0x0000, 0x0000, 0x0000, 0x0000, 0x0000, 0x0000, 0x0000, 0x0000, 0x0000,   // 0x2C00 (11264) pixels
0x0000, 0x0000, 0x0000, 0x0000, 0x0000, 0x0000, 0x0000, 0x0000, 0x0000, 0x0000, 0x0000, 0x0000, 0x0000, 0x0000, 0x0000, 0x0000,   // 0x2C10 (11280) pixels
0x0000, 0x0000, 0x0000, 0x0000, 0x0000, 0x0000, 0x0000, 0x0000, 0x0000, 0x0000, 0x0000, 0x0000, 0x0000, 0x0000, 0x0000, 0x0000,   // 0x2C20 (11296) pixels
0x0000, 0x0000, 0x0000, 0x0000, 0x0000, 0x0000, 0x0000, 0x1082, 0x3084, 0x4945, 0x69C6, 0x7A46, 0x9AE8, 0xA36A, 0x8AA8, 0x6163,   // 0x2C30 (11312) pixels
0x30A4, 0x7227, 0xC42B, 0xDCCB, 0xD4AA, 0xCC28, 0xDC8A, 0xECCB, 0xECEB, 0xE4AC, 0xDC8C, 0xC42B, 0xA368, 0x8AC6, 0x7A27, 0x61A7,   // 0x2C40 (11328) pixels
0x40E5, 0x3883, 0x40E4, 0x7268, 0xB48F, 0xE5F2, 0xF672, 0xF671, 0xEE11, 0xFE93, 0xFF14, 0xFF55, 0xFF55, 0xFF35, 0xFF15, 0xF693,   // 0x2C50 (11344) pixels
0xEE53, 0xC530, 0x836B, 0x3945, 0x2062, 0x40E4, 0x5965, 0x7A07, 0x8265, 0xAB89, 0xD48C, 0xE4CC, 0xE4CC, 0xE4AB, 0xE4CB, 0xED0A,   // 0x2C60 (11360) pixels
0xECCB, 0xF52C, 0xD48A, 0x82A6, 0x4944, 0x4945, 0x69E6, 0x8A46, 0x61A5, 0x4944, 0x28C4, 0x1862, 0x0800, 0x0000, 0x0000, 0x0000,   // 0x2C70 (11376) pixels
0x0000, 0x0000, 0x0000, 0x0000, 0x0000, 0x0000, 0x0000, 0x0000, 0x0000, 0x0000, 0x0000, 0x0000, 0x0000, 0x0000, 0x0000, 0x0000,   // 0x2C80 (11392) pixels
0x0000, 0x0000, 0x0000, 0x0000, 0x0000, 0x0000, 0x0000, 0x0000, 0x0000, 0x0000, 0x0000, 0x0000, 0x0000, 0x0000, 0x0000, 0x0000,   // 0x2C90 (11408) pixels
0x0000, 0x0000, 0x0000, 0x0000, 0x0000, 0x0000, 0x0000, 0x0000, 0x0000, 0x0000, 0x0000, 0x0000, 0x0000, 0x0000, 0x0020, 0x10A2,   // 0x2CA0 (11424) pixels
0x3906, 0x40E5, 0x5123, 0x7205, 0x9B28, 0xAB8A, 0x8AA7, 0x6983, 0x3083, 0x7247, 0xD4CB, 0xFDAC, 0xFDAB, 0xED2A, 0xF50C, 0xF4AC,   // 0x2CB0 (11440) pixels
0xED09, 0xF52A, 0xF54A, 0xED2A, 0xED4A, 0xED6C, 0xC46B, 0x92C7, 0x5166, 0x4946, 0x4105, 0x38C3, 0x4943, 0x8307, 0xCD4F, 0xFED4,   // 0x2CC0 (11456) pixels
0xF632, 0xFE73, 0xF6D4, 0xFF55, 0xFF55, 0xFF76, 0xFF55, 0xF693, 0x9B8B, 0x5184, 0x2861, 0x2082, 0x3904, 0x5985, 0x8267, 0xCC0C,   // 0x2CD0 (11472) pixels
0xD46C, 0xE4EC, 0xF52B, 0xF50A, 0xFD0A, 0xFD2B, 0xF50A, 0xECEA, 0xF4CA, 0xFD6C, 0xDCCA, 0x82C6, 0x4944, 0x4966, 0x6A07, 0x8246,   // 0x2CE0 (11488) pixels
0x61A5, 0x59C7, 0x49A8, 0x28E5, 0x1000, 0x0800, 0x0000, 0x0020, 0x0000, 0x0000, 0x0000, 0x0000, 0x0000, 0x0000, 0x0000, 0x0000,   // 0x2CF0 (11504) pixels
0x0000, 0x0000, 0x0000, 0x0000, 0x0000, 0x0000, 0x0000, 0x0000, 0x0000, 0x0000, 0x0000, 0x0000, 0x0000, 0x0000, 0x0000, 0x0000,   // 0x2D00 (11520) pixels
0x0000, 0x0000, 0x0000, 0x0000, 0x0000, 0x0000, 0x0000, 0x0000, 0x0000, 0x0000, 0x0000, 0x0000, 0x0000, 0x0000, 0x0000, 0x0000,   // 0x2D10 (11536) pixels
0x0000, 0x0000, 0x0000, 0x0000, 0x0000, 0x0000, 0x28A2, 0x69E8, 0x82A9, 0x61C7, 0x4925, 0x7247, 0x9B48, 0xA388, 0x8B08, 0x59A6,   // 0x2D20 (11552) pixels
0x2883, 0x40C4, 0x8207, 0xC369, 0xF4A9, 0xFD6A, 0xF54B, 0xE50C, 0xE50C, 0xE4EB, 0xED0B, 0xECEA, 0xFD2B, 0xFD4C, 0xECCB, 0xD449,   // 0x2D30 (11568) pixels
0xCBE7, 0xCC69, 0xBC49, 0x61E3, 0x38C3, 0x59C8, 0xC531, 0xFF14, 0xFE72, 0xF631, 0xF632, 0xF652, 0xF671, 0xF692, 0xFF15, 0xE5F2,   // 0x2D40 (11584) pixels
0x834A, 0x40C3, 0x48E3, 0xA368, 0xCCA8, 0xCC48, 0xDC8A, 0xECCB, 0xFD2A, 0xECCA, 0xE4EA, 0xED0C, 0xED2D, 0xF52D, 0xF50C, 0xF4EB,   // 0x2D50 (11600) pixels
0xDCA9, 0xB388, 0x8288, 0x4927, 0x3885, 0x5126, 0x8267, 0xAB89, 0xB368, 0x9B29, 0x7268, 0x3124, 0x0000, 0x0020, 0x0000, 0x0800,   // 0x2D60 (11616) pixels
0x0000, 0x0000, 0x0000, 0x0000, 0x0000, 0x0000, 0x0000, 0x0000, 0x0000, 0x0000, 0x0000, 0x0000, 0x0000, 0x0000, 0x0000, 0x0000,   // 0x2D70 (11632) pixels
0x0000, 0x0000, 0x0000, 0x0000, 0x0000, 0x0000, 0x0000, 0x0000, 0x0000, 0x0000, 0x0000, 0x0000, 0x0000, 0x0000, 0x0000, 0x0000,   // 0x2D80 (11648) pixels
0x0000, 0x0000, 0x0000, 0x0000, 0x0000, 0x0000, 0x0000, 0x0000, 0x0000, 0x0020, 0x0000, 0x0000, 0x0000, 0x0800, 0x38E3, 0x7A69,   // 0x2D90 (11664) pixels
0xA34A, 0x71E7, 0x48E3, 0x7206, 0xA348, 0xB3A8, 0x9B28, 0x61A5, 0x30A5, 0x3042, 0x6124, 0xAB08, 0xECCB, 0xFDAC, 0xF56B, 0xE50A,   // 0x2DA0 (11680) pixels
0xE4EA, 0xE4E9, 0xECEA, 0xF50A, 0xF50B, 0xED0C, 0xE50C, 0xE52D, 0xED2D, 0xFDEF, 0xE58E, 0x7A86, 0x40E3, 0x61E7, 0xCD30, 0xFF14,   // 0x2DB0 (11696) pixels
0xFE52, 0xF632, 0xEE12, 0xEE11, 0xE610, 0xEE30, 0xFEF5, 0xEE33, 0x8348, 0x40E2, 0x6185, 0xCCAD, 0xFE0F, 0xF56D, 0xED0C, 0xED0C,   // 0x2DC0 (11712) pixels
0xECCB, 0xECCB, 0xECEB, 0xECEA, 0xECCA, 0xECEA, 0xF52C, 0xF52C, 0xD489, 0x9B27, 0x61C5, 0x30A3, 0x2842, 0x5144, 0x8AC7, 0xBC0B,   // 0x2DD0 (11728) pixels
0xCC2A, 0xB3AA, 0x7A88, 0x3123, 0x0000, 0x0020, 0x0000, 0x0001, 0x0000, 0x0000, 0x0000, 0x0000, 0x0000, 0x0000, 0x0000, 0x0000,   // 0x2DE0 (11744) pixels
0x0000, 0x0000, 0x0000, 0x0000, 0x0000, 0x0000, 0x0000, 0x0000, 0x0000, 0x0000, 0x0000, 0x0000, 0x0000, 0x0000, 0x0000, 0x0000,   // 0x2DF0 (11760) pixels
0x0000, 0x0000, 0x0000, 0x0000, 0x0000, 0x0000, 0x0000, 0x0000, 0x0000, 0x0000, 0x0000, 0x0000, 0x0000, 0x0000, 0x0000, 0x0000,   // 0x2E00 (11776) pixels
0x0020, 0x0000, 0x0000, 0x0000, 0x0820, 0x20A1, 0x59C5, 0x8AE9, 0xAB29, 0x8226, 0x6144, 0x7A26, 0xAB48, 0xB389, 0xA308, 0x6984,   // 0x2E10 (11792) pixels
0x30A6, 0x3043, 0x5965, 0x9B29, 0xCC4B, 0xDCCB, 0xDCC9, 0xE50A, 0xED29, 0xF52A, 0xF52A, 0xECEA, 0xCC08, 0xA325, 0x9B06, 0xA368,   // 0x2E20 (11808) pixels
0xAB48, 0xBC0A, 0xB3EA, 0x69E4, 0x48E3, 0x6A07, 0xCCF0, 0xFEF4, 0xF631, 0xFE53, 0xEE12, 0xEDF0, 0xE610, 0xEE51, 0xFEB5, 0xE5F4,   // 0x2E30 (11824) pixels
0x834A, 0x4925, 0x5125, 0x9B0A, 0xBBEB, 0xB369, 0xAB08, 0xAB07, 0xAB06, 0xCBE9, 0xECCB, 0xF50A, 0xF4E9, 0xF50A, 0xECEB, 0xDC8B,   // 0x2E40 (11840) pixels
0xBC0A, 0x82A7, 0x5185, 0x38E4, 0x38C2, 0x5963, 0x8AA6, 0xBBEA, 0xD44A, 0xBBCA, 0x7A67, 0x30E3, 0x0000, 0x0021, 0x0001, 0x0003,   // 0x2E50 (11856) pixels
0x0000, 0x0000, 0x0000, 0x0000, 0x0000, 0x0000, 0x0000, 0x0000, 0x0000, 0x0000, 0x0000, 0x0000, 0x0000, 0x0000, 0x0000, 0x0000,   // 0x2E60 (11872) pixels
0x0000, 0x0000, 0x0000, 0x0000, 0x0000, 0x0000, 0x0000, 0x0000, 0x0000, 0x0000, 0x0000, 0x0000, 0x0000, 0x0000, 0x0000, 0x0000,   // 0x2E70 (11888) pixels
0x0000, 0x0000, 0x0000, 0x0000, 0x0000, 0x0000, 0x0000, 0x0000, 0x0000, 0x0000, 0x0000, 0x0000, 0x18A1, 0x51E5, 0x9308, 0xAB89,   // 0x2E80 (11904) pixels
0xA308, 0x92A8, 0x8268, 0x8AA8, 0x9B08, 0xAB69, 0x9B08, 0x69A4, 0x38A5, 0x2842, 0x38C3, 0x59A5, 0x69E6, 0x7A25, 0x9B06, 0xC44A,   // 0x2E90 (11920) pixels
0xFD6C, 0xFD8D, 0xF56D, 0xE4EC, 0xAB68, 0x71E3, 0x61A3, 0x6A05, 0x71E5, 0x7205, 0x69C5, 0x4903, 0x38A3, 0x40E4, 0x6A47, 0x9BCB,   // 0x2EA0 (11936) pixels
0xE5D0, 0xF653, 0xF632, 0xF651, 0xF671, 0xEE52, 0xBCCE, 0x7AC9, 0x4986, 0x3084, 0x3885, 0x5105, 0x6165, 0x71C6, 0x71A5, 0x6985,   // 0x2EB0 (11952) pixels
0x71E4, 0xAB69, 0xECEC, 0xFD8D, 0xFD6C, 0xF52D, 0xCC2A, 0x9AC6, 0x7206, 0x4924, 0x38E4, 0x4966, 0x61C6, 0x7A26, 0x9B07, 0xBBCA,   // 0x2EC0 (11968) pixels
0xD46B, 0xBBCB, 0x7A47, 0x38E2, 0x0800, 0x0000, 0x0000, 0x0002, 0x0000, 0x0000, 0x0000, 0x0000, 0x0000, 0x0000, 0x0000, 0x0000,   // 0x2ED0 (11984) pixels
0x0000, 0x0000, 0x0000, 0x0000, 0x0000, 0x0000, 0x0000, 0x0000, 0x0000, 0x0000, 0x0000, 0x0000, 0x0000, 0x0000, 0x0000, 0x0000,   // 0x2EE0 (12000) pixels
0x0000, 0x0000, 0x0000, 0x0000, 0x0000, 0x0000, 0x0000, 0x0000, 0x0000, 0x0000, 0x0000, 0x0000, 0x0000, 0x0000, 0x0000, 0x0000,   // 0x2EF0 (12016) pixels
0x0000, 0x0000, 0x0000, 0x0000, 0x28C1, 0x72A7, 0xBC4B, 0xDCCC, 0xBBAB, 0x9B09, 0x7A67, 0x7227, 0x8268, 0x9B09, 0x9B4A, 0x8287,   // 0x2F00 (12032) pixels
0x6A29, 0x4104, 0x30A3, 0x38E4, 0x40E4, 0x5925, 0x7A07, 0xAB4B, 0xCC09, 0xCC2B, 0xC40B, 0xB3CB, 0x92E9, 0x71E6, 0x69E7, 0x7208,   // 0x2F10 (12048) pixels
0x7208, 0x59A7, 0x4925, 0x4106, 0x30A5, 0x2023, 0x2022, 0x51A6, 0xDD8F, 0xFE94, 0xFE53, 0xF651, 0xFE92, 0xEE32, 0x8B49, 0x2840,   // 0x2F20 (12064) pixels
0x1861, 0x2082, 0x3905, 0x4906, 0x5145, 0x6A06, 0x6A07, 0x61C7, 0x6A26, 0x8B09, 0xB3EA, 0xCC2A, 0xCC4A, 0xC40B, 0x9B09, 0x61C5,   // 0x2F30 (12080) pixels
0x48E5, 0x3084, 0x28A5, 0x51A7, 0x7A69, 0x92E9, 0xA329, 0xA329, 0xAB49, 0x92C8, 0x8267, 0x7AA8, 0x6226, 0x3942, 0x1040, 0x0000,   // 0x2F40 (12096) pixels
0x0000, 0x0000, 0x0000, 0x0000, 0x0000, 0x0000, 0x0000, 0x0000, 0x0000, 0x0000, 0x0000, 0x0000, 0x0000, 0x0000, 0x0000, 0x0000,   // 0x2F50 (12112) pixels
0x0000, 0x0000, 0x0000, 0x0000, 0x0000, 0x0000, 0x0000, 0x0000, 0x0000, 0x0000, 0x0000, 0x0000, 0x0000, 0x0000, 0x0000, 0x0000,   // 0x2F60 (12128) pixels
0x0000, 0x0000, 0x0000, 0x0000, 0x0000, 0x0000, 0x0000, 0x0000, 0x0000, 0x0000, 0x0000, 0x0000, 0x2880, 0x8286, 0xD4CC, 0xFDCE,   // 0x2F70 (12144) pixels
0xD46D, 0x8AA7, 0x5142, 0x4902, 0x6185, 0x8288, 0x9B4A, 0x9B49, 0x8B2A, 0x59A5, 0x38E4, 0x38C4, 0x4104, 0x5145, 0x6965, 0x79C7,   // 0x2F80 (12160) pixels
0x8225, 0x7A25, 0x7A26, 0x7A27, 0x7227, 0x69E7, 0x71E7, 0x7207, 0x7207, 0x61A6, 0x4904, 0x40E5, 0x3084, 0x1803, 0x1802, 0x51E9,   // 0x2F90 (12176) pixels
0xD570, 0xFED5, 0xFE73, 0xF651, 0xFE91, 0xF673, 0x832A, 0x2842, 0x1001, 0x2041, 0x38E3, 0x40C4, 0x4924, 0x69E5, 0x7226, 0x7249,   // 0x2FA0 (12192) pixels
0x6247, 0x6A46, 0x7246, 0x7A25, 0x7A25, 0x7A46, 0x7206, 0x5984, 0x5125, 0x38A4, 0x28A4, 0x5187, 0x82A8, 0xA309, 0x9AC8, 0x8226,   // 0x2FB0 (12208) pixels
0x6162, 0x6142, 0x8246, 0xCCAE, 0xCD0E, 0x8348, 0x3101, 0x0800, 0x0000, 0x0000, 0x0000, 0x0000, 0x0000, 0x0000, 0x0000, 0x0000,   // 0x2FC0 (12224) pixels
0x0000, 0x0000, 0x0000, 0x0000, 0x0000, 0x0000, 0x0000, 0x0000, 0x0000, 0x0000, 0x0000, 0x0000, 0x0000, 0x0000, 0x0000, 0x0000,   // 0x2FD0 (12240) pixels
0x0000, 0x0000, 0x0000, 0x0000, 0x0000, 0x0000, 0x0000, 0x0000, 0x0000, 0x0000, 0x0000, 0x0000, 0x0000, 0x0000, 0x0000, 0x0000,   // 0x2FE0 (12256) pixels
0x0000, 0x0000, 0x0000, 0x0000, 0x38E1, 0x9B47, 0xED2C, 0xFDCC, 0xE4AC, 0xA326, 0x7203, 0x69E4, 0x71E6, 0x8247, 0x9B08, 0xA368,   // 0x2FF0 (12272) pixels
0x9349, 0x61A5, 0x38A3, 0x40E3, 0x6205, 0x82C7, 0x8286, 0x79C6, 0x69E5, 0x61C5, 0x61E6, 0x6A07, 0x6A06, 0x6A05, 0x7A26, 0x8AA7,   // 0x3000 (12288) pixels
0x92A5, 0x8A85, 0x7A05, 0x7226, 0x61A5, 0x40E3, 0x2021, 0x59E9, 0xC52F, 0xFED5, 0xFE73, 0xFE51, 0xFE71, 0xEE53, 0x7AEA, 0x2864,   // 0x3010 (12304) pixels
0x3883, 0x5164, 0x7A47, 0x71E6, 0x71E5, 0x8A86, 0x8265, 0x7A47, 0x6A46, 0x6206, 0x6A07, 0x69E6, 0x61A6, 0x69C5, 0x7A25, 0x8286,   // 0x3020 (12320) pixels
0x71E6, 0x40E3, 0x2862, 0x51A5, 0x8AA7, 0x9AC7, 0xA2E8, 0x92C8, 0x7A24, 0x8223, 0xA2E6, 0xED0D, 0xE54E, 0x9B68, 0x3122, 0x0000,   // 0x3030 (12336) pixels
0x0000, 0x0000, 0x0000, 0x0000, 0x0000, 0x0000, 0x0000, 0x0000, 0x0000, 0x0000, 0x0000, 0x0000, 0x0000, 0x0000, 0x0000, 0x0000,   // 0x3040 (12352) pixels
0x0000, 0x0000, 0x0000, 0x0000, 0x0000, 0x0000, 0x0000, 0x0000, 0x0000, 0x0000, 0x0000, 0x0000, 0x0000, 0x0000, 0x0000, 0x0000,   // 0x3050 (12368) pixels
0x0000, 0x0000, 0x0000, 0x0000, 0x0000, 0x0000, 0x0000, 0x0000, 0x0000, 0x0021, 0x0000, 0x0800, 0x59E5, 0xCC8C, 0xFDAD, 0xFD6A,   // 0x3060 (12384) pixels
0xF4EC, 0xD46A, 0xC46B, 0xBC2C, 0xA32A, 0x92A7, 0x9AE6, 0xA346, 0x9327, 0x5943, 0x3842, 0x5165, 0xAC2A, 0xE5CE, 0xCCCB, 0x9AE7,   // 0x3070 (12400) pixels
0x6206, 0x59E6, 0x6A48, 0x6227, 0x6205, 0x7224, 0x92E6, 0xBBEA, 0xDCA9, 0xDCAA, 0xD48B, 0xDCEE, 0xBC4C, 0x7A87, 0x3060, 0x4965,   // 0x3080 (12416) pixels
0xC52F, 0xFED5, 0xF652, 0xFE50, 0xFE71, 0xEE12, 0x72AA, 0x3085, 0x69A5, 0xABAA, 0xE52F, 0xD48D, 0xCC4B, 0xDCEB, 0xC428, 0xA327,   // 0x3090 (12432) pixels
0x7225, 0x69E6, 0x6A07, 0x69E8, 0x61A6, 0x7206, 0xAB69, 0xD4AC, 0xB3EB, 0x6A05, 0x4123, 0x6A46, 0x92E7, 0x9284, 0xA327, 0xBC0C,   // 0x30A0 (12448) pixels
0xCCAC, 0xD48B, 0xE48A, 0xFD6D, 0xE4EB, 0x9326, 0x3102, 0x0001, 0x0000, 0x0000, 0x0000, 0x0000, 0x0000, 0x0000, 0x0000, 0x0000,   // 0x30B0 (12464) pixels
0x0000, 0x0000, 0x0000, 0x0000, 0x0000, 0x0000, 0x0000, 0x0000, 0x0000, 0x0000, 0x0000, 0x0000, 0x0000, 0x0000, 0x0000, 0x0000,   // 0x30C0 (12480) pixels
0x0000, 0x0000, 0x0000, 0x0000, 0x0000, 0x0000, 0x0000, 0x0000, 0x0000, 0x0000, 0x0000, 0x0000, 0x0000, 0x0000, 0x0000, 0x0000,   // 0x30D0 (12496) pixels
0x0800, 0x0000, 0x0000, 0x0800, 0x7266, 0xED2D, 0xFD8C, 0xFD0A, 0xF50B, 0xFD4C, 0xFD4C, 0xECEB, 0xC3C8, 0x9AC5, 0x92E6, 0x9328,   // 0x30E0 (12512) pixels
0x9329, 0x5965, 0x4083, 0x61C5, 0xB4CB, 0xFEB0, 0xE52C, 0xB2A6, 0x6185, 0x5964, 0x69E6, 0x61E6, 0x5985, 0x61C4, 0x9326, 0xCD0A,   // 0x30F0 (12528) pixels
0xFD6C, 0xFD8D, 0xF56D, 0xFDF0, 0xE50D, 0x9B48, 0x2860, 0x3965, 0xCD2F, 0xFEB5, 0xFE73, 0xF652, 0xFEB3, 0xFED5, 0x8309, 0x30A2,   // 0x3100 (12544) pixels
0x7206, 0xC46B, 0xFDED, 0xF58C, 0xFD4D, 0xFDAF, 0xDCCD, 0xAB28, 0x6A08, 0x5165, 0x61E6, 0x6A07, 0x6185, 0x71C4, 0xC3E9, 0xF56C,   // 0x3110 (12560) pixels
0xC44E, 0x8246, 0x6164, 0x8288, 0x9349, 0x82A5, 0x82A5, 0xA389, 0xDCA9, 0xF56B, 0xFD8B, 0xFDAD, 0xD4AC, 0x82E9, 0x20E3, 0x0020,   // 0x3120 (12576) pixels
0x0000, 0x0000, 0x0000, 0x0000, 0x0000, 0x0000, 0x0000, 0x0000, 0x0000, 0x0000, 0x0000, 0x0000, 0x0000, 0x0000, 0x0000, 0x0000,   // 0x3130 (12592) pixels
0x0000, 0x0000, 0x0000, 0x0000, 0x0000, 0x0000, 0x0000, 0x0000, 0x0000, 0x0000, 0x0000, 0x0000, 0x0000, 0x0000, 0x0000, 0x0000,   // 0x3140 (12608) pixels
0x0000, 0x0000, 0x0000, 0x0000, 0x0000, 0x0000, 0x0000, 0x0000, 0x0000, 0x0021, 0x0001, 0x0000, 0x5162, 0xB3A8, 0xE489, 0xF50A,   // 0x3150 (12624) pixels
0xF50B, 0xFD2C, 0xF52C, 0xE4CB, 0xC3E8, 0xAB67, 0xAB88, 0xA388, 0x9348, 0x7A48, 0x6167, 0x5125, 0x6A45, 0xA408, 0xCC69, 0xCBE8,   // 0x3160 (12640) pixels
0xA308, 0x9AE7, 0xA348, 0xA328, 0x9AE8, 0xA308, 0xB3C8, 0xDCCB, 0xFD0B, 0xF52B, 0xED2B, 0xFDAC, 0xDCCA, 0x92E6, 0x3060, 0x41A7,   // 0x3170 (12656) pixels
0xCD70, 0xFEB5, 0xF652, 0xF672, 0xF673, 0xDDD3, 0x6AA9, 0x30C4, 0x71E4, 0xCC69, 0xFDEC, 0xF54A, 0xECEA, 0xF50B, 0xDCAB, 0xC3E9,   // 0x3180 (12672) pixels
0x9B29, 0x92E8, 0x9B29, 0x9B07, 0xA327, 0xAB68, 0xBBC9, 0xAB27, 0x6A06, 0x5144, 0x5964, 0x8AE9, 0xB3CA, 0xAB88, 0xA326, 0xAB47,   // 0x3190 (12688) pixels
0xCC29, 0xF52B, 0xFD6B, 0xF52C, 0xAB48, 0x5143, 0x1000, 0x0000, 0x0000, 0x0000, 0x0000, 0x0000, 0x0000, 0x0000, 0x0000, 0x0000,   // 0x31A0 (12704) pixels
0x0000, 0x0000, 0x0000, 0x0000, 0x0000, 0x0000, 0x0000, 0x0000, 0x0000, 0x0000, 0x0000, 0x0000, 0x0000, 0x0000, 0x0000, 0x0000,   // 0x31B0 (12720) pixels
0x0000, 0x0000, 0x0000, 0x0000, 0x0000, 0x0000, 0x0000, 0x0000, 0x0000, 0x0000, 0x0000, 0x0000, 0x0000, 0x0000, 0x0000, 0x0000,   // 0x31C0 (12736) pixels
0x0000, 0x0001, 0x0001, 0x0800, 0x40E0, 0x9AC5, 0xCC28, 0xF54C, 0xF54D, 0xF54D, 0xED0C, 0xED0B, 0xE4CB, 0xDCCC, 0xD4AC, 0xC40A,   // 0x31D0 (12752) pixels
0x9B47, 0x92E8, 0x7A08, 0x3863, 0x2000, 0x61A4, 0xBC2A, 0xFDCE, 0xF54E, 0xED2C, 0xED2B, 0xECCB, 0xE48B, 0xE48C, 0xE4AC, 0xECEC,   // 0x31E0 (12768) pixels
0xF4CA, 0xF50A, 0xF56B, 0xFE0D, 0xDD0A, 0x92E6, 0x3081, 0x4168, 0xD5D3, 0xFF17, 0xFEF4, 0xF652, 0xB48D, 0x6A88, 0x28A3, 0x2084,   // 0x31F0 (12784) pixels
0x8A66, 0xD4AB, 0xFDED, 0xFD8B, 0xF50A, 0xED0A, 0xECEA, 0xECEC, 0xECCB, 0xECCC, 0xECCC, 0xE4AA, 0xF56C, 0xF58E, 0xC40C, 0x79A5,   // 0x3200 (12800) pixels
0x1800, 0x3082, 0x59A5, 0x9309, 0xC44B, 0xE4CB, 0xECCB, 0xECCA, 0xDCAB, 0xFD4D, 0xFD6D, 0xF50C, 0xA2E7, 0x48E2, 0x1000, 0x0001,   // 0x3210 (12816) pixels
0x0000, 0x0000, 0x0000, 0x0000, 0x0000, 0x0000, 0x0000, 0x0000, 0x0000, 0x0000, 0x0000, 0x0000, 0x0000, 0x0000, 0x0000, 0x0000,   // 0x3220 (12832) pixels
0x0000, 0x0000, 0x0000, 0x0000, 0x0000, 0x0000, 0x0000, 0x0000, 0x0000, 0x0000, 0x0000, 0x0000, 0x0000, 0x0000, 0x0000, 0x0000,   // 0x3230 (12848) pixels
0x0000, 0x0000, 0x0000, 0x0000, 0x0000, 0x0000, 0x0000, 0x0000, 0x0020, 0x0000, 0x0001, 0x28C1, 0x7245, 0xBBA8, 0xDC69, 0xF50C,   // 0x3240 (12864) pixels
0xE52D, 0xDCAB, 0xD469, 0xE4CB, 0xF54D, 0xF52C, 0xDC8B, 0xBBA7, 0x9306, 0x9B07, 0x8A68, 0x5105, 0x2803, 0x40C4, 0x8AC7, 0xC44A,   // 0x3250 (12880) pixels
0xD46B, 0xD489, 0xE4C9, 0xF50A, 0xFD0B, 0xFCEC, 0xF4CB, 0xECEB, 0xF4EA, 0xECCA, 0xDCCA, 0xDD0C, 0xC44A, 0x82A7, 0x38C4, 0x30E7,   // 0x3260 (12896) pixels
0x8B8C, 0xDDD2, 0xFED4, 0xF673, 0x93AB, 0x28A2, 0x0801, 0x2085, 0x7A28, 0xB3CB, 0xCC8B, 0xDCAA, 0xECEA, 0xED2A, 0xED2A, 0xED0B,   // 0x3270 (12912) pixels
0xF509, 0xFD4B, 0xFD4C, 0xE4AA, 0xDC8A, 0xC42B, 0x92C9, 0x5925, 0x3082, 0x5185, 0x7A47, 0x92C7, 0xAB67, 0xD429, 0xECEB, 0xFD6C,   // 0x3280 (12928) pixels
0xF52E, 0xED0B, 0xE4A9, 0xECEC, 0xC3EB, 0x7226, 0x28A1, 0x0000, 0x0000, 0x0000, 0x0000, 0x0000, 0x0000, 0x0000, 0x0000, 0x0000,   // 0x3290 (12944) pixels
0x0000, 0x0000, 0x0000, 0x0000, 0x0000, 0x0000, 0x0000, 0x0000, 0x0000, 0x0000, 0x0000, 0x0000, 0x0000, 0x0000, 0x0000, 0x0000,   // 0x32A0 (12960) pixels
0x0000, 0x0000, 0x0000, 0x0000, 0x0000, 0x0000, 0x0000, 0x0000, 0x0000, 0x0000, 0x0000, 0x0000, 0x0000, 0x0000, 0x0000, 0x0000,   // 0x32B0 (12976) pixels
0x0000, 0x0000, 0x1061, 0x51C5, 0xAB89, 0xE4AB, 0xECAA, 0xEC89, 0xD4CB, 0xBBC7, 0xB365, 0xD469, 0xF52C, 0xED0B, 0xDC69, 0xC3C6,   // 0x32C0 (12992) pixels
0xBBEA, 0xB3A9, 0xA349, 0x8289, 0x5127, 0x3064, 0x40C3, 0x5942, 0x6982, 0x8244, 0xB3A7, 0xE50C, 0xFD8E, 0xFD4D, 0xF50C, 0xF52B,   // 0x32D0 (13008) pixels
0xFD4C, 0xD46A, 0x9B07, 0x7A46, 0x69C5, 0x5144, 0x2883, 0x1043, 0x2081, 0x8B69, 0xEDF1, 0xFE93, 0xA42E, 0x28A4, 0x1002, 0x2043,   // 0x32E0 (13024) pixels
0x40C5, 0x5965, 0x69C4, 0x92A6, 0xCC4A, 0xED2B, 0xF54B, 0xECEB, 0xF52A, 0xFD8C, 0xF56D, 0xC40A, 0x8246, 0x5944, 0x38C3, 0x4124,   // 0x32F0 (13040) pixels
0x7206, 0x92E9, 0xAB69, 0xAB47, 0xAB05, 0xB346, 0xCC29, 0xED0C, 0xF54C, 0xE4A9, 0xD426, 0xE4CB, 0xCC6C, 0x8B09, 0x3122, 0x0000,   // 0x3300 (13056) pixels
0x0000, 0x0000, 0x0000, 0x0000, 0x0000, 0x0000, 0x0000, 0x0000, 0x0000, 0x0000, 0x0000, 0x0000, 0x0000, 0x0000, 0x0000, 0x0000,   // 0x3310 (13072) pixels
0x0000, 0x0000, 0x0000, 0x0000, 0x0000, 0x0000, 0x0000, 0x0000, 0x0000, 0x0000, 0x0000, 0x0000, 0x0000, 0x0000, 0x0000, 0x0000,   // 0x3320 (13088) pixels
0x0000, 0x0000, 0x0000, 0x0000, 0x0000, 0x0000, 0x0000, 0x0000, 0x0000, 0x0000, 0x0820, 0x3902, 0x8A86, 0xCBE9, 0xECAA, 0xF4EA,   // 0x3330 (13104) pixels
0xDD0C, 0xC428, 0xBBC6, 0xDC89, 0xF50B, 0xF50B, 0xECEB, 0xE4CA, 0xD4AD, 0xC40A, 0xAB68, 0x8AC8, 0x5166, 0x2843, 0x3043, 0x40C4,   // 0x3340 (13120) pixels
0x40C3, 0x61A4, 0x8AC7, 0xBC0B, 0xCC4C, 0xCC2A, 0xDCCB, 0xF56B, 0xFDAD, 0xD46B, 0x92C7, 0x6984, 0x6164, 0x69C5, 0x5185, 0x2882,   // 0x3350 (13136) pixels
0x1000, 0x72C8, 0xE611, 0xFEB4, 0xA44F, 0x28A4, 0x2862, 0x4923, 0x61A7, 0x6185, 0x5943, 0x8266, 0xCC4B, 0xF56C, 0xFD8C, 0xE4AB,   // 0x3360 (13152) pixels
0xD48B, 0xC44A, 0xBC0A, 0x9309, 0x6187, 0x40C5, 0x2062, 0x30E3, 0x7A26, 0xA329, 0xC40A, 0xD44A, 0xD429, 0xCC09, 0xD48A, 0xED4D,   // 0x3370 (13168) pixels
0xF54C, 0xECC9, 0xDC67, 0xDCAA, 0xABA9, 0x6225, 0x20C1, 0x0000, 0x0000, 0x0000, 0x0000, 0x0000, 0x0000, 0x0000, 0x0000, 0x0000,   // 0x3380 (13184) pixels
0x0000, 0x0000, 0x0000, 0x0000, 0x0000, 0x0000, 0x0000, 0x0000, 0x0000, 0x0000, 0x0000, 0x0000, 0x0000, 0x0000, 0x0000, 0x0000,   // 0x3390 (13200) pixels
0x0000, 0x0000, 0x0000, 0x0000, 0x0000, 0x0000, 0x0000, 0x0000, 0x0000, 0x0000, 0x0000, 0x0000, 0x0000, 0x0000, 0x0000, 0x0000,   // 0x33A0 (13216) pixels
0x0000, 0x0000, 0x0000, 0x0800, 0x48E1, 0x9AE6, 0xE48B, 0xFD6D, 0xF56D, 0xE50B, 0xE4AA, 0xECEA, 0xF50B, 0xED0B, 0xED0B, 0xE4AA,   // 0x33B0 (13232) pixels
0xBBC9, 0xB368, 0xA2E7, 0x8A87, 0x5145, 0x2842, 0x3084, 0x4906, 0x5166, 0x59A6, 0x59A5, 0x61C5, 0x6984, 0x79E4, 0xB387, 0xE50B,   // 0x33C0 (13248) pixels
0xFD4C, 0xE4EB, 0xC42A, 0xB3A9, 0xBBEA, 0xCC4B, 0xBC0B, 0x7A65, 0x1843, 0x72C8, 0xEE52, 0xFED5, 0x9C2F, 0x2882, 0x61A5, 0xB3CA,   // 0x33D0 (13264) pixels
0xCC8C, 0xC42B, 0xB389, 0xC3EA, 0xE4EC, 0xF58B, 0xF56C, 0xDC2A, 0x8A86, 0x69A3, 0x5963, 0x59A6, 0x5187, 0x4947, 0x2883, 0x2884,   // 0x33E0 (13280) pixels
0x69C4, 0x9AE7, 0xBBC9, 0xD44A, 0xECCB, 0xECEC, 0xECEB, 0xED4C, 0xF50C, 0xF50B, 0xE4A9, 0xC42A, 0x7225, 0x2881, 0x0000, 0x0020,   // 0x33F0 (13296) pixels
0x0000, 0x0000, 0x0000, 0x0000, 0x0000, 0x0000, 0x0000, 0x0000, 0x0000, 0x0000, 0x0000, 0x0000, 0x0000, 0x0000, 0x0000, 0x0000,   // 0x3400 (13312) pixels
0x0000, 0x0000, 0x0000, 0x0000, 0x0000, 0x0000, 0x0000, 0x0000, 0x0000, 0x0000, 0x0000, 0x0000, 0x0000, 0x0000, 0x0000, 0x0000,   // 0x3410 (13328) pixels
0x0000, 0x0000, 0x0000, 0x0000, 0x0000, 0x0000, 0x0000, 0x0000, 0x0000, 0x0042, 0x0022, 0x0000, 0x30A1, 0x8AA6, 0xDC8B, 0xFD4E,   // 0x3420 (13344) pixels
0xED2C, 0xED4C, 0xED2B, 0xF52B, 0xF52B, 0xF54C, 0xED2C, 0xD469, 0xAB46, 0xB348, 0xAB29, 0x9AEA, 0x59A6, 0x2862, 0x2862, 0x30A3,   // 0x3430 (13360) pixels
0x5185, 0x59C6, 0x59C6, 0x59A6, 0x5945, 0x7184, 0xB369, 0xECEC, 0xFD0A, 0xF50B, 0xED2B, 0xE52A, 0xFD8B, 0xFD8C, 0xED2C, 0xA305,   // 0x3440 (13376) pixels
0x2065, 0x6247, 0xDDD1, 0xEE94, 0x940E, 0x2861, 0x7205, 0xDCCC, 0xFD8B, 0xFD8B, 0xED0B, 0xED0C, 0xED2B, 0xF56A, 0xF54B, 0xD40A,   // 0x3450 (13392) pixels
0x8A69, 0x6165, 0x5945, 0x59C7, 0x51A5, 0x4144, 0x3083, 0x38C7, 0x7206, 0x92E8, 0xB367, 0xCBC7, 0xECAA, 0xFD4C, 0xFD2B, 0xED0A,   // 0x3460 (13408) pixels
0xFCEC, 0xF50C, 0xE4AB, 0xB3C9, 0x5963, 0x1000, 0x0001, 0x0022, 0x0000, 0x0000, 0x0000, 0x0000, 0x0000, 0x0000, 0x0000, 0x0000,   // 0x3470 (13424) pixels
0x0000, 0x0000, 0x0000, 0x0000, 0x0000, 0x0000, 0x0000, 0x0000, 0x0000, 0x0000, 0x0000, 0x0000, 0x0000, 0x0000, 0x0000, 0x0000,   // 0x3480 (13440) pixels
0x0000, 0x0000, 0x0000, 0x0000, 0x0000, 0x0000, 0x0000, 0x0000, 0x0000, 0x0000, 0x0000, 0x0000, 0x0000, 0x0000, 0x0000, 0x0000,   // 0x3490 (13456) pixels
0x0000, 0x0000, 0x0000, 0x0000, 0x0861, 0x3924, 0x7A87, 0xB3AA, 0xDC0B, 0xF4CC, 0xF50B, 0xF50A, 0xF52C, 0xF50C, 0xF50C, 0xECAA,   // 0x34A0 (13472) pixels
0xCC89, 0xD489, 0xD468, 0xCC08, 0x9AE6, 0x69C5, 0x2022, 0x30E7, 0x92E5, 0xBC2A, 0xC44A, 0xBBC9, 0xB369, 0xBB69, 0xD42B, 0xECEC,   // 0x34B0 (13488) pixels
0xECEA, 0xED0B, 0xE50B, 0xE4CB, 0xFD2C, 0xFD6C, 0xED2C, 0xA327, 0x30A3, 0x38E4, 0x6A6A, 0x72ED, 0x51A9, 0x2842, 0x69E5, 0xD4AC,   // 0x34C0 (13504) pixels
0xFD4D, 0xFD4C, 0xECEB, 0xECEB, 0xF50B, 0xF50B, 0xED0B, 0xE4AA, 0xBC2B, 0xBBCA, 0xC3A8, 0xCC29, 0x9AE7, 0x58E6, 0x4045, 0x6967,   // 0x34D0 (13520) pixels
0xC3C9, 0xD44B, 0xD44A, 0xDC6A, 0xECEB, 0xF54C, 0xED4B, 0xE4EA, 0xEC8A, 0xE48B, 0xCC2B, 0x7A86, 0x28E1, 0x0840, 0x0000, 0x0000,   // 0x34E0 (13536) pixels
0x0000, 0x0000, 0x0000, 0x0000, 0x0000, 0x0000, 0x0000, 0x0000, 0x0000, 0x0000, 0x0000, 0x0000, 0x0000, 0x0000, 0x0000, 0x0000,   // 0x34F0 (13552) pixels
0x0000, 0x0000, 0x0000, 0x0000, 0x0000, 0x0000, 0x0000, 0x0000, 0x0000, 0x0000, 0x0000, 0x0000, 0x0000, 0x0000, 0x0000, 0x0000,   // 0x3500 (13568) pixels
0x0000, 0x0000, 0x0000, 0x0000, 0x0000, 0x0000, 0x0000, 0x0000, 0x0000, 0x0020, 0x0000, 0x0000, 0x0000, 0x0800, 0x40E1, 0x8264,   // 0x3510 (13584) pixels
0xD40B, 0xECCC, 0xF54B, 0xFD6B, 0xF54B, 0xECEB, 0xED0C, 0xED0C, 0xF52C, 0xF54C, 0xF50B, 0xF50C, 0xCC0B, 0x8AA9, 0x3063, 0x2865,   // 0x3520 (13600) pixels
0xB3CB, 0xE54F, 0xFDEF, 0xFDAD, 0xF56C, 0xF50C, 0xF4EC, 0xECCB, 0xECEA, 0xE4EA, 0xE50B, 0xECEC, 0xF50C, 0xFD4C, 0xF54D, 0xB388,   // 0x3530 (13616) pixels
0x38E5, 0x1801, 0x1822, 0x1822, 0x1002, 0x2821, 0x8265, 0xD4CB, 0xF52C, 0xFD4C, 0xED0B, 0xECEB, 0xECEB, 0xECEB, 0xF50B, 0xECEB,   // 0x3540 (13632) pixels
0xF56C, 0xF52B, 0xFD6C, 0xFE0E, 0xB42A, 0x5965, 0x48C3, 0x7A67, 0xE4CB, 0xF54D, 0xF52C, 0xF50C, 0xF50C, 0xED0C, 0xED0C, 0xE4EC,   // 0x3550 (13648) pixels
0xDC28, 0xD44A, 0xB3CB, 0x6205, 0x1040, 0x0000, 0x0000, 0x0040, 0x0000, 0x0000, 0x0000, 0x0000, 0x0000, 0x0000, 0x0000, 0x0000,   // 0x3560 (13664) pixels
0x0000, 0x0000, 0x0000, 0x0000, 0x0000, 0x0000, 0x0000, 0x0000, 0x0000, 0x0000, 0x0000, 0x0000, 0x0000, 0x0000, 0x0000, 0x0000,   // 0x3570 (13680) pixels
0x0000, 0x0000, 0x0000, 0x0000, 0x0000, 0x0000, 0x0000, 0x0000, 0x0000, 0x0000, 0x0000, 0x0000, 0x0000, 0x0000, 0x0000, 0x0000,   // 0x3580 (13696) pixels
0x0000, 0x0000, 0x0000, 0x0020, 0x0000, 0x0800, 0x38E1, 0x8AC7, 0xD409, 0xDC69, 0xDC88, 0xDCA9, 0xDCEB, 0xDCEB, 0xED0B, 0xF54B,   // 0x3590 (13712) pixels
0xFD2B, 0xFD4B, 0xFD0B, 0xECCB, 0xC3C9, 0x8A87, 0x4083, 0x2864, 0x7227, 0xA38B, 0xC46B, 0xCC68, 0xDC88, 0xE4EA, 0xF50B, 0xECEB,   // 0x35A0 (13728) pixels
0xECEB, 0xE4EA, 0xE50B, 0xECEB, 0xF50B, 0xFD4B, 0xFD6D, 0xBBC9, 0x4127, 0x1802, 0x0801, 0x0801, 0x28A3, 0x69E6, 0xB3E9, 0xED2B,   // 0x35B0 (13744) pixels
0xF52C, 0xF52C, 0xED0B, 0xECEB, 0xECEB, 0xECEB, 0xF52C, 0xED0B, 0xECEA, 0xDC8A, 0xCC69, 0xB429, 0x7AC6, 0x5183, 0x6183, 0x9B06,   // 0x35C0 (13760) pixels
0xE4C9, 0xF52B, 0xF52B, 0xF52C, 0xF52D, 0xED0C, 0xECCC, 0xDC4A, 0xD429, 0xAB47, 0x7246, 0x3923, 0x0840, 0x0000, 0x0000, 0x0000,   // 0x35D0 (13776) pixels
0x0000, 0x0000, 0x0000, 0x0000, 0x0000, 0x0000, 0x0000, 0x0000, 0x0000, 0x0000, 0x0000, 0x0000, 0x0000, 0x0000, 0x0000, 0x0000,   // 0x35E0 (13792) pixels
0x0000, 0x0000, 0x0000, 0x0000, 0x0000, 0x0000, 0x0000, 0x0000, 0x0000, 0x0000, 0x0000, 0x0000, 0x0000, 0x0000, 0x0000, 0x0000,   // 0x35F0 (13808) pixels
0x0000, 0x0000, 0x0000, 0x0000, 0x0000, 0x0000, 0x0000, 0x0000, 0x0000, 0x0000, 0x0000, 0x0000, 0x0000, 0x0000, 0x3922, 0x8B08,   // 0x3600 (13824) pixels
0xD409, 0xD428, 0xC3A6, 0xB365, 0xB3C7, 0xCC6A, 0xED0C, 0xFD6C, 0xFD8D, 0xF52C, 0xDC69, 0xD429, 0xBBA9, 0x92C8, 0x40E4, 0x2022,   // 0x3610 (13840) pixels
0x1001, 0x38C3, 0x5964, 0x7A04, 0xA306, 0xCC4A, 0xE52C, 0xED4C, 0xECEB, 0xE4EA, 0xE50B, 0xECEC, 0xF50B, 0xFD6B, 0xFD8D, 0xBBC9,   // 0x3620 (13856) pixels
0x4105, 0x1001, 0x0802, 0x0822, 0x4145, 0x9349, 0xDD0B, 0xFDAB, 0xED0B, 0xED0B, 0xECEB, 0xECEB, 0xED0B, 0xED0B, 0xF52C, 0xECEB,   // 0x3630 (13872) pixels
0xBB8A, 0xA308, 0x7205, 0x38A1, 0x1000, 0x3081, 0x7A26, 0xC3EA, 0xBBC6, 0xDCCA, 0xED6D, 0xF58D, 0xF54D, 0xECEB, 0xE489, 0xDC07,   // 0x3640 (13888) pixels
0xBB87, 0x6182, 0x1800, 0x0000, 0x0000, 0x0000, 0x0000, 0x0000, 0x0000, 0x0000, 0x0000, 0x0000, 0x0000, 0x0000, 0x0000, 0x0000,   // 0x3650 (13904) pixels
0x0000, 0x0000, 0x0000, 0x0000, 0x0000, 0x0000, 0x0000, 0x0000, 0x0000, 0x0000, 0x0000, 0x0000, 0x0000, 0x0000, 0x0000, 0x0000,   // 0x3660 (13920) pixels
0x0000, 0x0000, 0x0000, 0x0000, 0x0000, 0x0000, 0x0000, 0x0000, 0x0000, 0x0000, 0x0000, 0x0000, 0x0000, 0x0000, 0x0000, 0x0000,   // 0x3670 (13936) pixels
0x0000, 0x0000, 0x0000, 0x0000, 0x0021, 0x0020, 0x28E2, 0x6246, 0xA348, 0xCBE9, 0xD3E8, 0xCB86, 0xC3C8, 0xCC4B, 0xCC4B, 0xD44C,   // 0x3680 (13952) pixels
0xCC4C, 0xC44B, 0xB389, 0xA328, 0x8AA7, 0x6A07, 0x38E5, 0x1802, 0x1023, 0x2884, 0x5165, 0x8267, 0xB388, 0xD48A, 0xED2B, 0xED6C,   // 0x3690 (13968) pixels
0xECEB, 0xED0B, 0xE50B, 0xECEB, 0xF50B, 0xFD6B, 0xFD8C, 0xB3A8, 0x4926, 0x1002, 0x0003, 0x0002, 0x38E3, 0x9B08, 0xE50C, 0xFDCC,   // 0x36A0 (13984) pixels
0xED0B, 0xECEB, 0xECEB, 0xECEB, 0xECEB, 0xED0B, 0xF54C, 0xECEB, 0xCC0A, 0xAB48, 0x7A27, 0x30A4, 0x1002, 0x2043, 0x5985, 0x9AA8,   // 0x36B0 (14000) pixels
0x9307, 0xA369, 0xABAA, 0xBBEA, 0xCC4B, 0xDC8A, 0xE48A, 0xDC27, 0xB3C9, 0x59A3, 0x0800, 0x0000, 0x0021, 0x0000, 0x0000, 0x0020,   // 0x36C0 (14016) pixels
0x0000, 0x0000, 0x0000, 0x0000, 0x0000, 0x0000, 0x0000, 0x0000, 0x0000, 0x0000, 0x0000, 0x0000, 0x0000, 0x0000, 0x0000, 0x0000,   // 0x36D0 (14032) pixels
0x0000, 0x0000, 0x0000, 0x0000, 0x0000, 0x0000, 0x0000, 0x0000, 0x0000, 0x0000, 0x0000, 0x0000, 0x0000, 0x0000, 0x0000, 0x0000,   // 0x36E0 (14048) pixels
0x0000, 0x0000, 0x0000, 0x0000, 0x0000, 0x0000, 0x0000, 0x0000, 0x0000, 0x0000, 0x0000, 0x0000, 0x0000, 0x0000, 0x0000, 0x1820,   // 0x36F0 (14064) pixels
0x30E2, 0x8AC7, 0xE44B, 0xF48A, 0xDC29, 0xA307, 0x5983, 0x38C2, 0x3060, 0x40E1, 0x40C0, 0x40E1, 0x38C2, 0x38C3, 0x2884, 0x0801,   // 0x3700 (14080) pixels
0x0801, 0x30E4, 0x932A, 0xDCED, 0xF54C, 0xED0A, 0xECE9, 0xED0B, 0xECEB, 0xED0B, 0xE50B, 0xECEB, 0xF50B, 0xFD6B, 0xF56C, 0xBBE8,   // 0x3710 (14096) pixels
0x48A4, 0x1802, 0x0845, 0x0804, 0x38C4, 0x9AC8, 0xE4AC, 0xFDAD, 0xED0B, 0xED0B, 0xECEB, 0xECEB, 0xE4CA, 0xECEB, 0xF54C, 0xED0B,   // 0x3720 (14112) pixels
0xFD8A, 0xF52A, 0xBC2A, 0x5165, 0x0001, 0x0000, 0x2081, 0x38E3, 0x40C2, 0x38A1, 0x3060, 0x38A0, 0x5142, 0x8A85, 0xCC4B, 0xED0D,   // 0x3730 (14128) pixels
0xB42C, 0x51E5, 0x0000, 0x0001, 0x0021, 0x0000, 0x0000, 0x0000, 0x0000, 0x0000, 0x0000, 0x0000, 0x0000, 0x0000, 0x0000, 0x0000,   // 0x3740 (14144) pixels
0x0000, 0x0000, 0x0000, 0x0000, 0x0000, 0x0000, 0x0000, 0x0000, 0x0000, 0x0000, 0x0000, 0x0000, 0x0000, 0x0000, 0x0000, 0x0000,   // 0x3750 (14160) pixels
0x0000, 0x0000, 0x0000, 0x0000, 0x0000, 0x0000, 0x0000, 0x0000, 0x0000, 0x0000, 0x0000, 0x0000, 0x0000, 0x0000, 0x0000, 0x0000,   // 0x3760 (14176) pixels
0x0000, 0x0000, 0x0000, 0x0000, 0x0000, 0x0001, 0x0000, 0x0000, 0x1082, 0x7288, 0xD48D, 0xE4CD, 0xB3CA, 0x6A25, 0x3944, 0x49C7,   // 0x3770 (14192) pixels
0xA46E, 0xAC6E, 0x9C0C, 0xA42D, 0xAC6E, 0xAC6F, 0x8BAD, 0x51C6, 0x0000, 0x2081, 0x7A87, 0xD48D, 0xF54D, 0xFD4B, 0xF4EA, 0xECEB,   // 0x3780 (14208) pixels
0xECCB, 0xED0B, 0xE4EB, 0xE4CB, 0xF52B, 0xF52A, 0xF56B, 0xCC6A, 0x7184, 0x3082, 0x1043, 0x0002, 0x48E4, 0xAB49, 0xECAB, 0xFD6C,   // 0x3790 (14224) pixels
0xED0B, 0xECEB, 0xECEB, 0xED0B, 0xE4CA, 0xECEB, 0xF52C, 0xE4CA, 0xED0A, 0xDCEA, 0xB3C9, 0x4903, 0x1862, 0x4A46, 0x8C0C, 0xACCF,   // 0x37A0 (14240) pixels
0xA42D, 0xA44E, 0x9C2E, 0x8BAC, 0x6226, 0x5183, 0x82C7, 0xBC2C, 0xA3AB, 0x49C5, 0x0000, 0x0000, 0x0000, 0x0800, 0x0000, 0x0001,   // 0x37B0 (14256) pixels
0x0000, 0x0000, 0x0000, 0x0000, 0x0000, 0x0000, 0x0000, 0x0000, 0x0000, 0x0000, 0x0000, 0x0000, 0x0000, 0x0000, 0x0000, 0x0000,   // 0x37C0 (14272) pixels
0x0000, 0x0000, 0x0000, 0x0000, 0x0000, 0x0000, 0x0000, 0x0000, 0x0000, 0x0000, 0x0000, 0x0000, 0x0000, 0x0000, 0x0000, 0x0000,   // 0x37D0 (14288) pixels
0x0000, 0x0000, 0x0000, 0x0000, 0x0000, 0x0000, 0x0000, 0x0000, 0x0021, 0x0000, 0x0000, 0x0000, 0x0000, 0x0001, 0x0020, 0x0000,   // 0x37E0 (14304) pixels
0x0820, 0x28A0, 0x4942, 0x4122, 0x28C1, 0x20E2, 0x5A68, 0xC533, 0xF736, 0xFF98, 0xFF56, 0xFF35, 0xFF35, 0xFF56, 0xFF16, 0xCD90,   // 0x37F0 (14320) pixels
0x638D, 0x2904, 0x1800, 0x4881, 0x9246, 0xDC4B, 0xF52C, 0xF54D, 0xECCB, 0xE4EB, 0xDCCA, 0xE4CB, 0xF50B, 0xECE9, 0xF54B, 0xDCEC,   // 0x3800 (14336) pixels
0xE4EE, 0x7AC7, 0x2924, 0x0820, 0x6A05, 0xDC8B, 0xFD4B, 0xF549, 0xED0B, 0xE4EB, 0xE4EB, 0xED2C, 0xED0B, 0xED2C, 0xED2C, 0xDC89,   // 0x3810 (14352) pixels
0x8B09, 0x5962, 0x3860, 0x3043, 0x72EC, 0xD633, 0xFF76, 0xFF56, 0xFF54, 0xFF35, 0xFF98, 0xFF9A, 0xBD72, 0x6287, 0x3901, 0x38C0,   // 0x3820 (14368) pixels
0x38A0, 0x1860, 0x0020, 0x0020, 0x0800, 0x0800, 0x0800, 0x0001, 0x0000, 0x0000, 0x0000, 0x0000, 0x0000, 0x0000, 0x0000, 0x0000,   // 0x3830 (14384) pixels
0x0000, 0x0000, 0x0000, 0x0000, 0x0000, 0x0000, 0x0000, 0x0000, 0x0000, 0x0000, 0x0000, 0x0000, 0x0000, 0x0000, 0x0000, 0x0000,   // 0x3840 (14400) pixels
0x0000, 0x0000, 0x0000, 0x0000, 0x0000, 0x0000, 0x0000, 0x0000, 0x0000, 0x0000, 0x0000, 0x0000, 0x0000, 0x0000, 0x0000, 0x0000,   // 0x3850 (14416) pixels
0x0000, 0x0000, 0x0000, 0x0000, 0x0000, 0x0000, 0x0000, 0x0000, 0x0000, 0x0000, 0x0001, 0x0000, 0x18C1, 0x6307, 0xB5B0, 0xFFD8,   // 0x3860 (14432) pixels
0xFF94, 0xF714, 0xE654, 0xCD72, 0xD631, 0xFFB4, 0xF7D4, 0xEF96, 0xACAD, 0x41C4, 0x0000, 0x0000, 0x59A3, 0xCC6A, 0xF54B, 0xED2A,   // 0x3870 (14448) pixels
0xE4E9, 0xE50A, 0xE4EA, 0xED0B, 0xE4A9, 0xE50A, 0xED29, 0xF58B, 0xFDAC, 0xA3A8, 0x3923, 0x2041, 0x8245, 0xF56B, 0xFD8A, 0xE50A,   // 0x3880 (14464) pixels
0xE52A, 0xE50A, 0xE4EB, 0xE50B, 0xE50B, 0xF54C, 0xF52C, 0xD448, 0x7A42, 0x2860, 0x0000, 0x18A3, 0x8BEC, 0xFF56, 0xFFD6, 0xFF95,   // 0x3890 (14480) pixels
0xFEB3, 0xDE34, 0xD655, 0xF797, 0xFFD6, 0xD651, 0x5A67, 0x0000, 0x0000, 0x0000, 0x0000, 0x0000, 0x0000, 0x0000, 0x0000, 0x0000,   // 0x38A0 (14496) pixels
0x0000, 0x0000, 0x0000, 0x0000, 0x0000, 0x0000, 0x0000, 0x0000, 0x0000, 0x0000, 0x0000, 0x0000, 0x0000, 0x0000, 0x0000, 0x0000,   // 0x38B0 (14512) pixels
0x0000, 0x0000, 0x0000, 0x0000, 0x0000, 0x0000, 0x0000, 0x0000, 0x0000, 0x0000, 0x0000, 0x0000, 0x0000, 0x0000, 0x0000, 0x0000,   // 0x38C0 (14528) pixels
0x0000, 0x0000, 0x0000, 0x0000, 0x0000, 0x0000, 0x0000, 0x0000, 0x0000, 0x0000, 0x0000, 0x0000, 0x0000, 0x0000, 0x0000, 0x0000,   // 0x38D0 (14544) pixels
0x0000, 0x0000, 0x0801, 0x3144, 0x83EB, 0xD653, 0xF776, 0xFFF8, 0xFFF6, 0xCDF0, 0x7B49, 0x49A4, 0x8BAA, 0xF754, 0xFFF7, 0xE736,   // 0x38E0 (14560) pixels
0xACAE, 0x3122, 0x0000, 0x41A5, 0xAC2C, 0xFE31, 0xFE70, 0xFE0E, 0xF5CE, 0xF5CE, 0xF58D, 0xFDAE, 0xFDAE, 0xFDEF, 0xF5CD, 0xFE0E,   // 0x38F0 (14576) pixels
0xFE70, 0xA40A, 0x3103, 0x1001, 0x6A05, 0xED6C, 0xFE4E, 0xFE70, 0xFE2E, 0xFE0F, 0xFDEF, 0xF5CE, 0xF5CD, 0xFDEE, 0xFE2F, 0xF5AD,   // 0x3900 (14592) pixels
0xD50C, 0xA42B, 0x62C9, 0x3144, 0x732A, 0xF6F6, 0xFFF9, 0xF776, 0xBD0D, 0x6286, 0x4A47, 0xB590, 0xFFF8, 0xFFF8, 0xB572, 0x5A69,   // 0x3910 (14608) pixels
0x0841, 0x0000, 0x0000, 0x0000, 0x0000, 0x0000, 0x0000, 0x0000, 0x0000, 0x0000, 0x0000, 0x0000, 0x0000, 0x0000, 0x0000, 0x0000,   // 0x3920 (14624) pixels
0x0000, 0x0000, 0x0000, 0x0000, 0x0000, 0x0000, 0x0000, 0x0000, 0x0000, 0x0000, 0x0000, 0x0000, 0x0000, 0x0000, 0x0000, 0x0000,   // 0x3930 (14640) pixels
0x0000, 0x0000, 0x0000, 0x0000, 0x0000, 0x0000, 0x0000, 0x0000, 0x0000, 0x0000, 0x0000, 0x0000, 0x0000, 0x0000, 0x0000, 0x0000,   // 0x3940 (14656) pixels
0x0000, 0x0000, 0x0000, 0x0000, 0x0000, 0x0000, 0x0000, 0x0000, 0x0000, 0x0000, 0x1881, 0x62A8, 0xCDF2, 0xFFB6, 0xFF75, 0xFF14,   // 0x3950 (14672) pixels
0xFFF7, 0xC5B1, 0x6267, 0x1821, 0x6A87, 0xF716, 0xFFF9, 0xEEF6, 0xA48F, 0x2902, 0x1880, 0x8BCB, 0xF693, 0xFF54, 0xFEF3, 0xFED3,   // 0x3960 (14688) pixels
0xFEB3, 0xFE92, 0xFE71, 0xFE70, 0xFE51, 0xFE72, 0xF651, 0xFEF4, 0xFEF3, 0x9C6C, 0x2103, 0x0000, 0x5A05, 0xDDAE, 0xFED1, 0xFEF3,   // 0x3970 (14704) pixels
0xFEF1, 0xFED2, 0xFEB3, 0xFED2, 0xFE90, 0xF66F, 0xFEB0, 0xFE91, 0xFF14, 0xFEF4, 0xB52E, 0x49C3, 0x49C5, 0xB512, 0xFF99, 0xF7B7,   // 0x3980 (14720) pixels
0xBD0E, 0x4184, 0x2903, 0xAD30, 0xFFF7, 0xFFF8, 0xEEF6, 0x9C6E, 0x10A2, 0x0000, 0x0000, 0x0000, 0x0000, 0x0000, 0x0000, 0x0000,   // 0x3990 (14736) pixels
0x0000, 0x0000, 0x0000, 0x0000, 0x0000, 0x0000, 0x0000, 0x0000, 0x0000, 0x0000, 0x0000, 0x0000, 0x0000, 0x0000, 0x0000, 0x0000,   // 0x39A0 (14752) pixels
0x0000, 0x0000, 0x0000, 0x0000, 0x0000, 0x0000, 0x0000, 0x0000, 0x0000, 0x0000, 0x0000, 0x0000, 0x0000, 0x0000, 0x0000, 0x0000,   // 0x39B0 (14768) pixels
0x0000, 0x0000, 0x0000, 0x0000, 0x0000, 0x0000, 0x0000, 0x0000, 0x0000, 0x0000, 0x0000, 0x0000, 0x0000, 0x0000, 0x0000, 0x0000,   // 0x39C0 (14784) pixels
0x0000, 0x0000, 0x18A1, 0x7309, 0xDE32, 0xFF54, 0xFEF2, 0xFF13, 0xFFF7, 0xC5F2, 0x62A9, 0x28A3, 0x7B2B, 0xFF98, 0xFFB8, 0xC550,   // 0x39D0 (14800) pixels
0x5A69, 0x28E2, 0x5A46, 0xC58F, 0xFF74, 0xFF53, 0xD5AF, 0xB4CE, 0xB4AD, 0xDDD0, 0xFEF3, 0xFF13, 0xEE31, 0xCD4F, 0xAC2B, 0xBCEF,   // 0x39E0 (14816) pixels
0xFEF3, 0xC5B0, 0x6AEA, 0x28E4, 0x6A67, 0xDDCF, 0xFF33, 0xFF34, 0xDE10, 0xAC8C, 0x9C0B, 0xD5B0, 0xFF13, 0xFF12, 0xEE71, 0xC52E,   // 0x39F0 (14832) pixels
0xB44B, 0xD5CF, 0xDE50, 0x8BA8, 0x49A4, 0x6268, 0xCDD3, 0xFFB6, 0xBD2F, 0x51E6, 0x3944, 0xB530, 0xFFB6, 0xFF75, 0xF6D4, 0x9C2B,   // 0x3A00 (14848) pixels
0x18E3, 0x0000, 0x0000, 0x0000, 0x0000, 0x0000, 0x0000, 0x0000, 0x0000, 0x0000, 0x0000, 0x0000, 0x0000, 0x0000, 0x0000, 0x0000,   // 0x3A10 (14864) pixels
0x0000, 0x0000, 0x0000, 0x0000, 0x0000, 0x0000, 0x0000, 0x0000, 0x0000, 0x0000, 0x0000, 0x0000, 0x0000, 0x0000, 0x0000, 0x0000,   // 0x3A20 (14880) pixels
0x0000, 0x0000, 0x0000, 0x0000, 0x0000, 0x0000, 0x0000, 0x0000, 0x0000, 0x0000, 0x0000, 0x0000, 0x0000, 0x0000, 0x0000, 0x0000,   // 0x3A30 (14896) pixels
0x0000, 0x0000, 0x0000, 0x0000, 0x0000, 0x0000, 0x0000, 0x0000, 0x0020, 0x0000, 0x18A1, 0x7309, 0xDE32, 0xFF34, 0xF691, 0xF671,   // 0x3A40 (14912) pixels
0xFFD6, 0xC5F1, 0x62E9, 0x28E3, 0x836B, 0xFF97, 0xF6F4, 0x8B89, 0x1021, 0x3923, 0xA44C, 0xEE71, 0xFF93, 0xFF74, 0xA48C, 0x5225,   // 0x3A50 (14928) pixels
0x5205, 0xAC8C, 0xFF54, 0xFFB5, 0xDE11, 0x8BAA, 0x4162, 0x5A26, 0xEE90, 0xFF35, 0xCD72, 0x6A88, 0x7287, 0xCD6D, 0xFF12, 0xFF33,   // 0x3A60 (14944) pixels
0xB50F, 0x51E4, 0x3922, 0xA46D, 0xFF55, 0xFF95, 0xD611, 0x8369, 0x38E2, 0x8BC8, 0xFF12, 0xEE93, 0x93AC, 0x51A5, 0xACCD, 0xFF73,   // 0x3A70 (14960) pixels
0xCD4F, 0x6226, 0x4124, 0xB4AE, 0xFF13, 0xFEF2, 0xFED4, 0xAC6C, 0x18E3, 0x0000, 0x0000, 0x0000, 0x0000, 0x0000, 0x0000, 0x0000,   // 0x3A80 (14976) pixels
0x0000, 0x0000, 0x0000, 0x0000, 0x0000, 0x0000, 0x0000, 0x0000, 0x0000, 0x0000, 0x0000, 0x0000, 0x0000, 0x0000, 0x0000, 0x0000,   // 0x3A90 (14992) pixels
0x0000, 0x0000, 0x0000, 0x0000, 0x0000, 0x0000, 0x0000, 0x0000, 0x0000, 0x0000, 0x0000, 0x0000, 0x0000, 0x0000, 0x0000, 0x0000,   // 0x3AA0 (15008) pixels
0x0000, 0x0000, 0x0000, 0x0000, 0x0000, 0x0000, 0x0000, 0x0000, 0x0000, 0x0000, 0x0000, 0x0000, 0x0000, 0x0000, 0x0000, 0x0000,   // 0x3AB0 (15024) pixels
0x0000, 0x0000, 0x1062, 0x49E6, 0xA48D, 0xDE31, 0xEE72, 0xFED3, 0xFFD6, 0xC5F1, 0x62E8, 0x28C2, 0x7B4A, 0xFF97, 0xEED4, 0x8348,   // 0x3AC0 (15040) pixels
0x0801, 0x41A5, 0xC4EE, 0xF670, 0xFF72, 0xFF94, 0x9C6C, 0x49A5, 0x4184, 0x9C6C, 0xFF95, 0xFFD5, 0xD5F0, 0x7B29, 0x28A1, 0x49C6,   // 0x3AD0 (15056) pixels
0xE62E, 0xFF75, 0xE613, 0x82A8, 0x82A6, 0xD56D, 0xFF32, 0xFEF1, 0xB510, 0x4184, 0x28A2, 0xA48E, 0xFF96, 0xFF95, 0xD5F1, 0x72E8,   // 0x3AE0 (15072) pixels
0x20A3, 0x7B48, 0xFEF2, 0xFEF4, 0xAC4D, 0x51C5, 0xACAD, 0xF711, 0xCD2E, 0x6206, 0x4924, 0xBCCE, 0xFEF3, 0xFE91, 0xDDF1, 0x8B89,   // 0x3AF0 (15088) pixels
0x10A2, 0x0000, 0x0000, 0x0000, 0x0000, 0x0000, 0x0000, 0x0000, 0x0000, 0x0000, 0x0000, 0x0000, 0x0000, 0x0000, 0x0000, 0x0000,   // 0x3B00 (15104) pixels
0x0000, 0x0000, 0x0000, 0x0000, 0x0000, 0x0000, 0x0000, 0x0000, 0x0000, 0x0000, 0x0000, 0x0000, 0x0000, 0x0000, 0x0000, 0x0000,   // 0x3B10 (15120) pixels
0x0000, 0x0000, 0x0000, 0x0000, 0x0000, 0x0000, 0x0000, 0x0000, 0x0000, 0x0000, 0x0000, 0x0000, 0x0000, 0x0000, 0x0000, 0x0000,   // 0x3B20 (15136) pixels
0x0000, 0x0000, 0x0000, 0x0000, 0x0000, 0x0000, 0x0000, 0x0000, 0x0000, 0x0000, 0x0000, 0x0820, 0x41A3, 0x940A, 0xDE12, 0xFFB8,   // 0x3B30 (15152) pixels
0xFFF9, 0xCDF2, 0x6AC9, 0x2903, 0x83AB, 0xFFB8, 0xF715, 0x93AB, 0x0821, 0x4164, 0xBCAD, 0xF670, 0xFF72, 0xFF54, 0x9C4D, 0x51C6,   // 0x3B40 (15168) pixels
0x49A6, 0xA48D, 0xFF94, 0xFFB4, 0xD610, 0x836A, 0x30C2, 0x5A49, 0xE66F, 0xFF34, 0xDD91, 0x8287, 0x8B08, 0xDDD0, 0xFF74, 0xF6F2,   // 0x3B50 (15184) pixels
0xBD2F, 0x51A5, 0x30C2, 0xAC8E, 0xFF94, 0xFF93, 0xD5F0, 0x7B09, 0x28E4, 0x8348, 0xFED2, 0xFE92, 0xA42D, 0x5A27, 0xBD50, 0xFF95,   // 0x3B60 (15200) pixels
0xC550, 0x6268, 0x51A7, 0xCD92, 0xFF97, 0xE632, 0x838A, 0x18A1, 0x0841, 0x0000, 0x0000, 0x0000, 0x0000, 0x0000, 0x0000, 0x0000,   // 0x3B70 (15216) pixels
0x0000, 0x0000, 0x0000, 0x0000, 0x0000, 0x0000, 0x0000, 0x0000, 0x0000, 0x0000, 0x0000, 0x0000, 0x0000, 0x0000, 0x0000, 0x0000,   // 0x3B80 (15232) pixels
0x0000, 0x0000, 0x0000, 0x0000, 0x0000, 0x0000, 0x0000, 0x0000, 0x0000, 0x0000, 0x0000, 0x0000, 0x0000, 0x0000, 0x0000, 0x0000,   // 0x3B90 (15248) pixels
0x0000, 0x0000, 0x0000, 0x0000, 0x0000, 0x0000, 0x0000, 0x0000, 0x0000, 0x0000, 0x0000, 0x0000, 0x0000, 0x0000, 0x0000, 0x0000,   // 0x3BA0 (15264) pixels
0x0020, 0x0001, 0x0001, 0x0000, 0x1860, 0x5204, 0x8BEA, 0xC550, 0xBD2F, 0x8BEB, 0x5227, 0x20C2, 0x5246, 0xB54F, 0xACAD, 0x6226,   // 0x3BB0 (15280) pixels
0x0000, 0x4183, 0xBCAD, 0xFE91, 0xFF93, 0xF734, 0x9C4D, 0x59C6, 0x49C6, 0xA48C, 0xFF93, 0xFFB3, 0xD610, 0x836A, 0x28A2, 0x5A29,   // 0x3BC0 (15296) pixels
0xE690, 0xFF34, 0xDD91, 0x8AA9, 0x8B09, 0xCD8F, 0xFF54, 0xF713, 0xBD0E, 0x5A05, 0x3902, 0xAC6C, 0xFF72, 0xFF91, 0xD5EF, 0x8308,   // 0x3BD0 (15312) pixels
0x28C3, 0x8327, 0xFED2, 0xFE72, 0xA3EC, 0x4184, 0x838B, 0xACCC, 0x838A, 0x4186, 0x28E4, 0x8BEC, 0xBD4F, 0x83A9, 0x2943, 0x0001,   // 0x3BE0 (15328) pixels
0x0000, 0x0000, 0x0000, 0x0000, 0x0000, 0x0000, 0x0000, 0x0000, 0x0000, 0x0000, 0x0000, 0x0000, 0x0000, 0x0000, 0x0000, 0x0000,   // 0x3BF0 (15344) pixels
0x0000, 0x0000, 0x0000, 0x0000, 0x0000, 0x0000, 0x0000, 0x0000, 0x0000, 0x0000, 0x0000, 0x0000, 0x0000, 0x0000, 0x0000, 0x0000,   // 0x3C00 (15360) pixels
0x0000, 0x0000, 0x0000, 0x0000, 0x0000, 0x0000, 0x0000, 0x0000, 0x0000, 0x0000, 0x0000, 0x0000, 0x0000, 0x0000, 0x0000, 0x0000,   // 0x3C10 (15376) pixels
0x0000, 0x0000, 0x0000, 0x0000, 0x0000, 0x0000, 0x0000, 0x0000, 0x0000, 0x0000, 0x0000, 0x0000, 0x0000, 0x0841, 0x0861, 0x1082,   // 0x3C20 (15392) pixels
0x1082, 0x1061, 0x0821, 0x0000, 0x0821, 0x1062, 0x1041, 0x0000, 0x0001, 0x18E3, 0x62A7, 0xB50D, 0xFF55, 0xFF55, 0xAC6D, 0x59E6,   // 0x3C30 (15408) pixels
0x5206, 0x9C8D, 0xFFB6, 0xFFB5, 0xDE51, 0x8389, 0x3102, 0x6289, 0xF6F0, 0xF714, 0x942E, 0x41A7, 0x3966, 0x83AB, 0xEEF3, 0xFF92,   // 0x3C40 (15424) pixels
0xC58F, 0x5A26, 0x38E3, 0xAC8F, 0xFF74, 0xFFB2, 0xDE50, 0x7B08, 0x38E2, 0x9389, 0xFEF5, 0xCD90, 0x6288, 0x1082, 0x0000, 0x1080,   // 0x3C50 (15440) pixels
0x0841, 0x0841, 0x1041, 0x1061, 0x1062, 0x1041, 0x0820, 0x0000, 0x0000, 0x0000, 0x0000, 0x0000, 0x0000, 0x0000, 0x0000, 0x0000,   // 0x3C60 (15456) pixels
0x0000, 0x0000, 0x0000, 0x0000, 0x0000, 0x0000, 0x0000, 0x0000, 0x0000, 0x0000, 0x0000, 0x0000, 0x0000, 0x0000, 0x0000, 0x0000,   // 0x3C70 (15472) pixels
0x0000, 0x0000, 0x0000, 0x0000, 0x0000, 0x0000, 0x0000, 0x0000, 0x0000, 0x0000, 0x0000, 0x0000, 0x0000, 0x0000, 0x0000, 0x0000,   // 0x3C80 (15488) pixels
0x0000, 0x0000, 0x0000, 0x0000, 0x0000, 0x0000, 0x0000, 0x0000, 0x0000, 0x0000, 0x0000, 0x0000, 0x0000, 0x0000, 0x0000, 0x0000,   // 0x3C90 (15504) pixels
0x0020, 0x0000, 0x0000, 0x0000, 0x0000, 0x0000, 0x0000, 0x0000, 0x0000, 0x0000, 0x0000, 0x0000, 0x0000, 0x0000, 0x0000, 0x0000,   // 0x3CA0 (15520) pixels
0x0041, 0x0000, 0x1060, 0x6AC5, 0xDE72, 0xFF97, 0xACCE, 0x49A5, 0x5205, 0xA4CD, 0xFFB6, 0xFFD5, 0xDE51, 0x8389, 0x3942, 0x5A67,   // 0x3CB0 (15536) pixels
0xF6F3, 0xD5F1, 0x62A8, 0x1020, 0x0800, 0x49E4, 0xCDD0, 0xFFD5, 0xCDB0, 0x6245, 0x3902, 0xACAE, 0xFFB5, 0xFFB3, 0xDE30, 0x8B89,   // 0x3CC0 (15552) pixels
0x28E1, 0x9C0D, 0xF695, 0x93EB, 0x20C1, 0x0000, 0x0000, 0x0000, 0x0000, 0x0000, 0x0000, 0x0000, 0x0000, 0x0000, 0x0000, 0x0000,   // 0x3CD0 (15568) pixels
0x0000, 0x0000, 0x0000, 0x0000, 0x0000, 0x0000, 0x0000, 0x0000, 0x0000, 0x0000, 0x0000, 0x0000, 0x0000, 0x0000, 0x0000, 0x0000,   // 0x3CE0 (15584) pixels
0x0000, 0x0000, 0x0000, 0x0000, 0x0000, 0x0000, 0x0000, 0x0000, 0x0000, 0x0000, 0x0000, 0x0000, 0x0000, 0x0000, 0x0000, 0x0000,   // 0x3CF0 (15600) pixels
0x0000, 0x0000, 0x0000, 0x0000, 0x0000, 0x0000, 0x0000, 0x0000, 0x0000, 0x0000, 0x0000, 0x0000, 0x0000, 0x0000, 0x0000, 0x0000,   // 0x3D00 (15616) pixels
0x0000, 0x0000, 0x0000, 0x0000, 0x0000, 0x0000, 0x0000, 0x0000, 0x0000, 0x0000, 0x0000, 0x0000, 0x0000, 0x0000, 0x0000, 0x0000,   // 0x3D10 (15632) pixels
0x0000, 0x0000, 0x0000, 0x0000, 0x0000, 0x0000, 0x0000, 0x0000, 0x0000, 0x0000, 0x1060, 0x39C3, 0x840B, 0xA4EE, 0x6B09, 0x3123,   // 0x3D20 (15648) pixels
0x28E2, 0x6AE8, 0xACCE, 0xACCE, 0x8BCC, 0x51E6, 0x28A1, 0x3964, 0x9C2D, 0x836B, 0x3944, 0x0800, 0x0800, 0x28E2, 0x732A, 0xACCF,   // 0x3D30 (15664) pixels
0x7B4A, 0x4164, 0x2881, 0x6288, 0xA48D, 0xA4CD, 0x8BAB, 0x49E5, 0x18A1, 0x5A88, 0x940F, 0x5A48, 0x1081, 0x0020, 0x0000, 0x0000,   // 0x3D40 (15680) pixels
0x0000, 0x0000, 0x0000, 0x0000, 0x0000, 0x0000, 0x0000, 0x0000, 0x0000, 0x0000, 0x0000, 0x0000, 0x0000, 0x0000, 0x0000, 0x0000,   // 0x3D50 (15696) pixels
0x0000, 0x0000, 0x0000, 0x0000, 0x0000, 0x0000, 0x0000, 0x0000, 0x0000, 0x0000, 0x0000, 0x0000, 0x0000, 0x0000, 0x0000, 0x0000,   // 0x3D60 (15712) pixels
0x0000, 0x0000, 0x0000, 0x0000, 0x0000, 0x0000, 0x0000, 0x0000, 0x0000, 0x0000, 0x0000, 0x0000, 0x0000, 0x0000, 0x0000, 0x0000,   // 0x3D70 (15728) pixels
0x0000, 0x0000, 0x0000, 0x0000, 0x0000, 0x0000, 0x0000, 0x0000, 0x0000, 0x0000, 0x0000, 0x0000, 0x0000, 0x0000, 0x0000, 0x0000,   // 0x3D80 (15744) pixels
0x0000, 0x0000, 0x0000, 0x0000, 0x0000, 0x0000, 0x0000, 0x0000, 0x0000, 0x0000, 0x0000, 0x0000, 0x0000, 0x0000, 0x0000, 0x0000,   // 0x3D90 (15760) pixels
0x0000, 0x0000, 0x0000, 0x0000, 0x0000, 0x0020, 0x0000, 0x0000, 0x0000, 0x0820, 0x0800, 0x0800, 0x0800, 0x0801, 0x0000, 0x0000,   // 0x3DA0 (15776) pixels
0x0800, 0x0800, 0x0000, 0x0000, 0x0020, 0x0000, 0x0000, 0x0800, 0x0000, 0x0801, 0x0800, 0x0000, 0x0000, 0x0800, 0x0820, 0x0000,   // 0x3DB0 (15792) pixels
0x0020, 0x0000, 0x0800, 0x0000, 0x0000, 0x0000, 0x0000, 0x0000, 0x0000, 0x0000, 0x0000, 0x0000, 0x0000, 0x0000, 0x0000, 0x0000,   // 0x3DC0 (15808) pixels
0x0000, 0x0000, 0x0000, 0x0000, 0x0000, 0x0000, 0x0000, 0x0000, 0x0000, 0x0000, 0x0000, 0x0000, 0x0000, 0x0000, 0x0000, 0x0000,   // 0x3DD0 (15824) pixels
0x0000, 0x0000, 0x0000, 0x0000, 0x0000, 0x0000, 0x0000, 0x0000, 0x0000, 0x0000, 0x0000, 0x0000, 0x0000, 0x0000, 0x0000, 0x0000,   // 0x3DE0 (15840) pixels
0x0000, 0x0000, 0x0000, 0x0000, 0x0000, 0x0000, 0x0000, 0x0000, 0x0000, 0x0000, 0x0000, 0x0000, 0x0000, 0x0000, 0x0000, 0x0000,   // 0x3DF0 (15856) pixels
0x0000, 0x0000, 0x0000, 0x0000, 0x0000, 0x0000, 0x0000, 0x0000, 0x0000, 0x0000, 0x0000, 0x0000, 0x0000, 0x0000, 0x0000, 0x0000,   // 0x3E00 (15872) pixels
0x0000, 0x0000, 0x0000, 0x0000, 0x0000, 0x0000, 0x0000, 0x0000, 0x0000, 0x0001, 0x0002, 0x0001, 0x0041, 0x0020, 0x0000, 0x0001,   // 0x3E10 (15888) pixels
0x0000, 0x0000, 0x0000, 0x0000, 0x0000, 0x0001, 0x0021, 0x0000, 0x0000, 0x0000, 0x0000, 0x0020, 0x0020, 0x0000, 0x0000, 0x0020,   // 0x3E20 (15904) pixels
0x0000, 0x0000, 0x0000, 0x0000, 0x0020, 0x0000, 0x0000, 0x0001, 0x0020, 0x0000, 0x0821, 0x0801, 0x0000, 0x0000, 0x0020, 0x0000,   // 0x3E30 (15920) pixels
0x0000, 0x0000, 0x0000, 0x0000, 0x0000, 0x0000, 0x0000, 0x0000, 0x0000, 0x0000, 0x0000, 0x0000, 0x0000, 0x0000, 0x0000, 0x0000,   // 0x3E40 (15936) pixels
0x0000, 0x0000, 0x0000, 0x0000, 0x0000, 0x0000, 0x0000, 0x0000, 0x0000, 0x0000, 0x0000, 0x0000, 0x0000, 0x0000, 0x0000, 0x0000,   // 0x3E50 (15952) pixels
0x0000, 0x0000, 0x0000, 0x0000, 0x0000, 0x0000, 0x0000, 0x0000, 0x0000, 0x0000, 0x0000, 0x0000, 0x0000, 0x0000, 0x0000, 0x0000,   // 0x3E60 (15968) pixels
0x0000, 0x0000, 0x0000, 0x0000, 0x0000, 0x0000, 0x0000, 0x0000, 0x0000, 0x0000, 0x0000, 0x0000, 0x0000, 0x0000, 0x0000, 0x0000,   // 0x3E70 (15984) pixels
0x0000, 0x0000, 0x0000, 0x0000, 0x0000, 0x0000, 0x0000, 0x0000, 0x0000, 0x0000, 0x0000, 0x0000, 0x0000, 0x0000, 0x0000, 0x0000,   // 0x3E80 (16000) pixels
0x0000, 0x0001, 0x0001, 0x0000, 0x0000, 0x0000, 0x0000, 0x0001, 0x0021, 0x0000, 0x0000, 0x0000, 0x0000, 0x0001, 0x0021, 0x0020,   // 0x3E90 (16016) pixels
0x0001, 0x0001, 0x0000, 0x0001, 0x0041, 0x0000, 0x0000, 0x0000, 0x0000, 0x0000, 0x0001, 0x0020, 0x0020, 0x0020, 0x0020, 0x0001,   // 0x3EA0 (16032) pixels
0x0040, 0x0000, 0x0800, 0x0800, 0x0000, 0x0000, 0x0000, 0x0000, 0x0000, 0x0000, 0x0000, 0x0000, 0x0000, 0x0000, 0x0000, 0x0000,   // 0x3EB0 (16048) pixels
0x0000, 0x0000, 0x0000, 0x0000, 0x0000, 0x0000, 0x0000, 0x0000, 0x0000, 0x0000, 0x0000, 0x0000, 0x0000, 0x0000, 0x0000, 0x0000,   // 0x3EC0 (16064) pixels
0x0000, 0x0000, 0x0000, 0x0000, 0x0000, 0x0000, 0x0000, 0x0000, 0x0000, 0x0000, 0x0000, 0x0000, 0x0000, 0x0000, 0x0000, 0x0000,   // 0x3ED0 (16080) pixels
0x0000, 0x0000, 0x0000, 0x0000, 0x0000, 0x0000, 0x0000, 0x0000, 0x0000, 0x0000, 0x0000, 0x0000, 0x0000, 0x0000, 0x0000, 0x0000,   // 0x3EE0 (16096) pixels
0x0000, 0x0000, 0x0000, 0x0000, 0x0000, 0x0000, 0x0000, 0x0000, 0x0020, 0x0000, 0x0000, 0x0000, 0x0000, 0x0000, 0x0000, 0x0000,   // 0x3EF0 (16112) pixels
0x0000, 0x0000, 0x0000, 0x0000, 0x0000, 0x0000, 0x0000, 0x0000, 0x0020, 0x0000, 0x0000, 0x0800, 0x0800, 0x0800, 0x0000, 0x0000,   // 0x3F00 (16128) pixels
0x0001, 0x0000, 0x0000, 0x0800, 0x0800, 0x0000, 0x0000, 0x0000, 0x0800, 0x1020, 0x0800, 0x0800, 0x0800, 0x0800, 0x0820, 0x0000,   // 0x3F10 (16144) pixels
0x0800, 0x0000, 0x0000, 0x0820, 0x0000, 0x0000, 0x1040, 0x0800, 0x0020, 0x0800, 0x1000, 0x0800, 0x0000, 0x0000, 0x0000, 0x0000,   // 0x3F20 (16160) pixels
0x0000, 0x0000, 0x0000, 0x0000, 0x0000, 0x0000, 0x0000, 0x0000, 0x0000, 0x0000, 0x0000, 0x0000, 0x0000, 0x0000, 0x0000, 0x0000,   // 0x3F30 (16176) pixels
0x0000, 0x0000, 0x0000, 0x0000, 0x0000, 0x0000, 0x0000, 0x0000, 0x0000, 0x0000, 0x0000, 0x0000, 0x0000, 0x0000, 0x0000, 0x0000,   // 0x3F40 (16192) pixels
0x0000, 0x0000, 0x0000, 0x0000, 0x0000, 0x0000, 0x0000, 0x0000
};


#endif // __KITTTEN_C__