// Generated by   : ImageConverter 565 Online
// Generated from : puppy.jpg
// Time generated : Tue, 29 Jul 25 08:14:43 +0200  (Server timezone: CET)
// Image Size     : 190x128 pixels
// Memory usage   : 48640 bytes


#ifndef PUPPY_H
#define PUPPY_H

#include <TFT_eSPI.h>

void drawPuppy(TFT_eSPI &tft);

#if defined(__AVR__)
    #include <avr/pgmspace.h>
#elif defined(__PIC32MX__)
    #define PROGMEM
#elif defined(__arm__)
    #define PROGMEM
#endif


const unsigned short puppy[24320] PROGMEM={
0x0000, 0x0000, 0x0000, 0x0000, 0x0000, 0x0000, 0x0000, 0x0000, 0x0000, 0x0000, 0x0000, 0x0000, 0x0000, 0x0000, 0x0000, 0x0000,   // 0x0010 (16) pixels
0x0000, 0x0000, 0x0000, 0x0000, 0x0000, 0x0000, 0x0000, 0x0000, 0x0000, 0x0000, 0x0000, 0x0000, 0x0000, 0x0000, 0x0000, 0x0000,   // 0x0020 (32) pixels
0x0000, 0x0000, 0x0000, 0x0000, 0x0000, 0x0000, 0x0000, 0x0000, 0x0000, 0x0000, 0x0000, 0x0000, 0x0000, 0x0000, 0x0000, 0x0000,   // 0x0030 (48) pixels
0x0000, 0x0000, 0x0000, 0x0000, 0x0000, 0x0000, 0x0000, 0x0000, 0x0000, 0x0000, 0x0000, 0x0000, 0x0000, 0x0000, 0x0000, 0x0000,   // 0x0040 (64) pixels
0x0000, 0x0000, 0x0000, 0x0000, 0x0000, 0x0000, 0x0000, 0x0000, 0x0000, 0x0000, 0x0000, 0x0000, 0x0000, 0x0000, 0x0000, 0x0000,   // 0x0050 (80) pixels
0x0000, 0x0000, 0x0000, 0x0000, 0x0000, 0x0000, 0x0000, 0x0000, 0x0000, 0x0000, 0x0000, 0x0000, 0x0000, 0x0000, 0x0000, 0x0000,   // 0x0060 (96) pixels
0x0000, 0x0000, 0x0000, 0x0000, 0x0000, 0x0000, 0x0000, 0x0000, 0x0000, 0x0000, 0x0000, 0x0000, 0x0000, 0x0000, 0x0000, 0x0000,   // 0x0070 (112) pixels
0x0000, 0x0000, 0x0000, 0x0000, 0x0000, 0x0000, 0x0000, 0x0000, 0x0000, 0x0000, 0x0000, 0x0000, 0x0000, 0x0000, 0x0000, 0x0000,   // 0x0080 (128) pixels
0x0000, 0x0000, 0x0000, 0x0000, 0x0000, 0x0000, 0x0000, 0x0000, 0x0000, 0x0000, 0x0000, 0x0000, 0x0000, 0x0000, 0x0000, 0x0000,   // 0x0090 (144) pixels
0x0000, 0x0000, 0x0000, 0x0000, 0x0000, 0x0000, 0x0000, 0x0000, 0x0000, 0x0000, 0x0000, 0x0000, 0x0000, 0x0000, 0x0000, 0x0000,   // 0x00A0 (160) pixels
0x0000, 0x0000, 0x0000, 0x0000, 0x0000, 0x0000, 0x0000, 0x0000, 0x0000, 0x0000, 0x0000, 0x0000, 0x0000, 0x0000, 0x0000, 0x0000,   // 0x00B0 (176) pixels
0x0000, 0x0000, 0x0000, 0x0000, 0x0000, 0x0000, 0x0000, 0x0000, 0x0000, 0x0000, 0x0000, 0x0000, 0x0000, 0x0000, 0x0000, 0x0000,   // 0x00C0 (192) pixels
0x0000, 0x0000, 0x0000, 0x0000, 0x0000, 0x0000, 0x0000, 0x0000, 0x0000, 0x0000, 0x0000, 0x0000, 0x0000, 0x0000, 0x0000, 0x0000,   // 0x00D0 (208) pixels
0x0000, 0x0000, 0x0000, 0x0000, 0x0000, 0x0000, 0x0000, 0x0000, 0x0000, 0x0000, 0x0000, 0x0000, 0x0000, 0x0000, 0x0000, 0x0000,   // 0x00E0 (224) pixels
0x0000, 0x0000, 0x0000, 0x0000, 0x0000, 0x0000, 0x0000, 0x0000, 0x0000, 0x0000, 0x0000, 0x0000, 0x0000, 0x0000, 0x0000, 0x0000,   // 0x00F0 (240) pixels
0x0000, 0x0000, 0x0000, 0x0000, 0x0000, 0x0000, 0x0000, 0x0000, 0x0000, 0x0000, 0x0000, 0x0000, 0x0000, 0x0000, 0x0000, 0x0000,   // 0x0100 (256) pixels
0x0000, 0x0000, 0x0000, 0x0000, 0x0000, 0x0000, 0x0000, 0x0000, 0x0000, 0x0000, 0x0000, 0x0000, 0x0000, 0x0000, 0x0000, 0x0000,   // 0x0110 (272) pixels
0x0000, 0x0000, 0x0000, 0x0000, 0x0000, 0x0000, 0x0000, 0x0000, 0x0000, 0x0000, 0x0000, 0x0000, 0x0000, 0x0000, 0x0000, 0x0000,   // 0x0120 (288) pixels
0x0000, 0x0000, 0x0000, 0x0000, 0x0000, 0x0000, 0x0000, 0x0000, 0x0000, 0x0000, 0x0000, 0x0000, 0x0000, 0x0000, 0x0000, 0x0000,   // 0x0130 (304) pixels
0x0000, 0x0000, 0x0000, 0x0000, 0x0000, 0x0000, 0x0000, 0x0000, 0x0000, 0x0000, 0x0000, 0x0000, 0x0000, 0x0000, 0x0000, 0x0000,   // 0x0140 (320) pixels
0x0000, 0x0000, 0x0000, 0x0000, 0x0000, 0x0000, 0x0000, 0x0000, 0x0000, 0x0000, 0x0000, 0x0000, 0x0000, 0x0000, 0x0000, 0x0000,   // 0x0150 (336) pixels
0x0000, 0x0000, 0x0000, 0x0000, 0x0000, 0x0000, 0x0000, 0x0000, 0x0000, 0x0000, 0x0000, 0x0000, 0x0000, 0x0000, 0x0000, 0x0000,   // 0x0160 (352) pixels
0x0000, 0x0000, 0x0000, 0x0000, 0x0000, 0x0000, 0x0000, 0x0000, 0x0000, 0x0000, 0x0000, 0x0000, 0x0000, 0x0000, 0x0000, 0x0000,   // 0x0170 (368) pixels
0x0000, 0x0000, 0x0000, 0x0000, 0x0000, 0x0000, 0x0000, 0x0000, 0x0000, 0x0000, 0x0000, 0x0000, 0x0000, 0x0000, 0x0000, 0x0000,   // 0x0180 (384) pixels
0x0000, 0x0000, 0x0000, 0x0000, 0x0000, 0x0000, 0x0000, 0x0000, 0x0000, 0x0000, 0x0000, 0x0000, 0x0000, 0x0000, 0x0000, 0x0000,   // 0x0190 (400) pixels
0x0000, 0x0000, 0x0000, 0x0000, 0x0000, 0x0000, 0x0000, 0x0000, 0x0000, 0x0000, 0x0000, 0x0000, 0x0000, 0x0000, 0x0000, 0x0000,   // 0x01A0 (416) pixels
0x0000, 0x0000, 0x0000, 0x0000, 0x0000, 0x0000, 0x0000, 0x0000, 0x0000, 0x0000, 0x0000, 0x0000, 0x0000, 0x0000, 0x0000, 0x0000,   // 0x01B0 (432) pixels
0x0000, 0x0000, 0x0000, 0x0000, 0x0000, 0x0000, 0x0000, 0x0000, 0x0000, 0x0000, 0x0000, 0x0000, 0x0000, 0x0000, 0x0000, 0x0000,   // 0x01C0 (448) pixels
0x0000, 0x0000, 0x0000, 0x0000, 0x0000, 0x0000, 0x0000, 0x0000, 0x0000, 0x0000, 0x0000, 0x0000, 0x0000, 0x0000, 0x0000, 0x0000,   // 0x01D0 (464) pixels
0x0000, 0x0000, 0x0000, 0x0000, 0x0000, 0x0000, 0x0000, 0x0000, 0x0000, 0x0000, 0x0000, 0x0000, 0x0000, 0x0000, 0x0000, 0x0000,   // 0x01E0 (480) pixels
0x0000, 0x0000, 0x0000, 0x0000, 0x0000, 0x0000, 0x0000, 0x0000, 0x0000, 0x0000, 0x0000, 0x0000, 0x0000, 0x0000, 0x0000, 0x0000,   // 0x01F0 (496) pixels
0x0000, 0x0000, 0x0000, 0x0000, 0x0000, 0x0000, 0x0000, 0x0000, 0x0000, 0x0000, 0x0000, 0x0000, 0x0000, 0x0000, 0x0000, 0x0000,   // 0x0200 (512) pixels
0x0000, 0x0000, 0x0000, 0x0000, 0x0000, 0x0000, 0x0000, 0x0000, 0x0000, 0x0000, 0x0000, 0x0000, 0x0000, 0x0000, 0x0000, 0x0000,   // 0x0210 (528) pixels
0x0000, 0x0000, 0x0000, 0x0000, 0x0000, 0x0000, 0x0000, 0x0000, 0x0000, 0x0000, 0x0000, 0x0000, 0x0000, 0x0000, 0x0000, 0x0000,   // 0x0220 (544) pixels
0x0000, 0x0000, 0x0000, 0x0000, 0x0000, 0x0000, 0x0000, 0x0000, 0x0000, 0x0000, 0x0000, 0x0000, 0x0000, 0x0000, 0x0000, 0x0000,   // 0x0230 (560) pixels
0x0000, 0x0000, 0x0000, 0x0000, 0x0000, 0x0000, 0x0000, 0x0000, 0x0000, 0x0000, 0x0000, 0x0000, 0x0000, 0x0000, 0x0000, 0x0000,   // 0x0240 (576) pixels
0x0000, 0x0000, 0x0000, 0x0000, 0x0000, 0x0000, 0x0000, 0x0000, 0x0000, 0x0000, 0x0000, 0x0000, 0x0000, 0x0000, 0x0000, 0x0000,   // 0x0250 (592) pixels
0x0000, 0x0000, 0x0000, 0x0000, 0x0000, 0x0000, 0x0000, 0x0000, 0x0000, 0x0000, 0x0000, 0x0000, 0x0000, 0x0000, 0x0000, 0x0000,   // 0x0260 (608) pixels
0x0000, 0x0000, 0x0000, 0x0000, 0x0000, 0x0000, 0x0000, 0x0020, 0x0020, 0x0020, 0x0020, 0x0020, 0x0020, 0x0020, 0x0021, 0x0041,   // 0x0270 (624) pixels
0x0841, 0x0841, 0x0862, 0x0882, 0x1082, 0x1082, 0x1082, 0x1082, 0x1082, 0x1082, 0x10A3, 0x10A3, 0x10A3, 0x10A3, 0x10A3, 0x10A3,   // 0x0280 (640) pixels
0x10A2, 0x10A2, 0x10A3, 0x10A3, 0x10A3, 0x10A3, 0x10A2, 0x10A2, 0x10A2, 0x10A2, 0x10A3, 0x10A3, 0x10A3, 0x10A3, 0x10C3, 0x10C3,   // 0x0290 (656) pixels
0x10C3, 0x10C3, 0x10C3, 0x10C3, 0x10C3, 0x10C3, 0x18E3, 0x18E4, 0x18E4, 0x18E4, 0x1904, 0x1904, 0x1904, 0x1904, 0x2124, 0x2124,   // 0x02A0 (672) pixels
0x2124, 0x2124, 0x2124, 0x2124, 0x2124, 0x2124, 0x1904, 0x1904, 0x1904, 0x1904, 0x18E4, 0x18E4, 0x18E4, 0x18E4, 0x18E3, 0x18E3,   // 0x02B0 (688) pixels
0x18E3, 0x10C3, 0x18C3, 0x18C3, 0x18C3, 0x10C3, 0x10A3, 0x10A3, 0x10A2, 0x10A2, 0x1082, 0x1082, 0x1082, 0x1082, 0x1082, 0x1082,   // 0x02C0 (704) pixels
0x1082, 0x1082, 0x0862, 0x0862, 0x0862, 0x0862, 0x0862, 0x0862, 0x0862, 0x0862, 0x0861, 0x0861, 0x0861, 0x0841, 0x0841, 0x0041,   // 0x02D0 (720) pixels
0x0021, 0x0021, 0x0020, 0x0020, 0x0020, 0x0000, 0x0000, 0x0000, 0x0000, 0x0000, 0x0000, 0x0000, 0x0000, 0x0000, 0x0000, 0x0000,   // 0x02E0 (736) pixels
0x0000, 0x0000, 0x0000, 0x0000, 0x0000, 0x0000, 0x0000, 0x0000, 0x0000, 0x0000, 0x0000, 0x0000, 0x0000, 0x0000, 0x0000, 0x0000,   // 0x02F0 (752) pixels
0x0000, 0x0000, 0x0000, 0x0000, 0x0000, 0x0000, 0x0000, 0x0000, 0x0000, 0x0000, 0x0000, 0x0000, 0x0000, 0x0000, 0x0000, 0x0000,   // 0x0300 (768) pixels
0x0000, 0x0000, 0x0000, 0x0000, 0x0000, 0x0000, 0x0000, 0x0000, 0x0000, 0x0000, 0x0000, 0x0000, 0x0000, 0x0000, 0x0000, 0x0000,   // 0x0310 (784) pixels
0x0000, 0x0000, 0x0000, 0x0000, 0x0000, 0x0000, 0x0000, 0x0000, 0x0000, 0x0000, 0x0000, 0x0000, 0x0000, 0x0000, 0x0000, 0x0000,   // 0x0320 (800) pixels
0x0000, 0x0000, 0x0000, 0x0020, 0x0020, 0x0020, 0x0020, 0x0020, 0x0021, 0x0021, 0x0021, 0x0841, 0x0841, 0x0861, 0x0862, 0x1082,   // 0x0330 (816) pixels
0x0882, 0x0882, 0x10A2, 0x10A3, 0x10C3, 0x10C3, 0x10C3, 0x10C3, 0x18E3, 0x18E3, 0x18E3, 0x18E3, 0x18E3, 0x18E3, 0x18E3, 0x18E3,   // 0x0340 (832) pixels
0x18E4, 0x18E3, 0x18E3, 0x18E3, 0x18E3, 0x18E3, 0x18E3, 0x18E3, 0x1904, 0x1904, 0x1904, 0x1904, 0x1904, 0x1904, 0x1924, 0x1924,   // 0x0350 (848) pixels
0x2125, 0x2125, 0x2125, 0x2125, 0x2145, 0x2145, 0x2145, 0x2145, 0x2966, 0x2966, 0x2986, 0x2986, 0x2986, 0x2986, 0x2986, 0x2986,   // 0x0360 (864) pixels
0x2986, 0x2986, 0x2986, 0x2986, 0x2986, 0x2986, 0x2986, 0x2986, 0x2965, 0x2965, 0x2165, 0x2165, 0x2145, 0x2145, 0x2145, 0x2124,   // 0x0370 (880) pixels
0x2124, 0x1904, 0x1904, 0x1904, 0x18E4, 0x18E3, 0x18E3, 0x10C3, 0x10C3, 0x10C3, 0x10C3, 0x10A3, 0x10A2, 0x10A2, 0x10A2, 0x10A2,   // 0x0380 (896) pixels
0x10C3, 0x10C3, 0x10C3, 0x10A3, 0x10A3, 0x10A3, 0x10A2, 0x10A2, 0x10A2, 0x1082, 0x1082, 0x1082, 0x0862, 0x0861, 0x0841, 0x0841,   // 0x0390 (912) pixels
0x0040, 0x0020, 0x0020, 0x0020, 0x0000, 0x0000, 0x0000, 0x0000, 0x0000, 0x0000, 0x0000, 0x0000, 0x0000, 0x0000, 0x0000, 0x0000,   // 0x03A0 (928) pixels
0x0000, 0x0000, 0x0000, 0x0000, 0x0000, 0x0000, 0x0000, 0x0000, 0x0000, 0x0000, 0x0000, 0x0000, 0x0000, 0x0000, 0x0000, 0x0000,   // 0x03B0 (944) pixels
0x0000, 0x0000, 0x0000, 0x0000, 0x0000, 0x0000, 0x0000, 0x0000, 0x0000, 0x0000, 0x0000, 0x0000, 0x0000, 0x0000, 0x0000, 0x0000,   // 0x03C0 (960) pixels
0x0000, 0x0000, 0x0000, 0x0000, 0x0000, 0x0000, 0x0000, 0x0000, 0x0000, 0x0000, 0x0000, 0x0000, 0x0000, 0x0000, 0x0000, 0x0000,   // 0x03D0 (976) pixels
0x0000, 0x0000, 0x0000, 0x0000, 0x0000, 0x0000, 0x0000, 0x0000, 0x0000, 0x0000, 0x0000, 0x0000, 0x0000, 0x0000, 0x0000, 0x0020,   // 0x03E0 (992) pixels
0x0020, 0x0020, 0x0020, 0x0020, 0x0020, 0x0020, 0x0041, 0x0041, 0x0041, 0x0041, 0x0861, 0x0882, 0x10A2, 0x10A2, 0x10C3, 0x10E3,   // 0x03F0 (1008) pixels
0x18E4, 0x1904, 0x1924, 0x2125, 0x2125, 0x2145, 0x2125, 0x2125, 0x2145, 0x2145, 0x2145, 0x2145, 0x2145, 0x2145, 0x2145, 0x2145,   // 0x0400 (1024) pixels
0x2145, 0x2145, 0x2145, 0x2145, 0x2145, 0x2145, 0x2165, 0x2165, 0x2166, 0x2166, 0x2986, 0x2986, 0x2986, 0x2986, 0x29A6, 0x29A6,   // 0x0410 (1040) pixels
0x29A6, 0x29C7, 0x29C7, 0x31C7, 0x31C7, 0x31E7, 0x31E8, 0x31E8, 0x3A08, 0x3A08, 0x3A08, 0x3A08, 0x3A08, 0x3A08, 0x3A08, 0x3A08,   // 0x0420 (1056) pixels
0x3A08, 0x3208, 0x3208, 0x3208, 0x31E8, 0x31E8, 0x31C7, 0x31C7, 0x31C7, 0x31C7, 0x29A7, 0x29A6, 0x2986, 0x2986, 0x2966, 0x2966,   // 0x0430 (1072) pixels
0x2145, 0x2145, 0x2125, 0x2125, 0x1924, 0x1904, 0x1904, 0x1904, 0x1904, 0x18E4, 0x18E4, 0x18E4, 0x18E3, 0x18E3, 0x10C3, 0x10C3,   // 0x0440 (1088) pixels
0x10C3, 0x10C3, 0x10C3, 0x10C3, 0x10C3, 0x10A3, 0x10A3, 0x10A3, 0x10A2, 0x0882, 0x0882, 0x0861, 0x0041, 0x0041, 0x0841, 0x0041,   // 0x0450 (1104) pixels
0x0020, 0x0020, 0x0000, 0x0000, 0x0000, 0x0000, 0x0000, 0x0000, 0x0000, 0x0000, 0x0000, 0x0000, 0x0000, 0x0000, 0x0000, 0x0000,   // 0x0460 (1120) pixels
0x0000, 0x0000, 0x0000, 0x0000, 0x0000, 0x0000, 0x0000, 0x0000, 0x0000, 0x0000, 0x0000, 0x0000, 0x0000, 0x0000, 0x0000, 0x0000,   // 0x0470 (1136) pixels
0x0000, 0x0000, 0x0000, 0x0000, 0x0000, 0x0000, 0x0000, 0x0000, 0x0000, 0x0000, 0x0000, 0x0000, 0x0000, 0x0000, 0x0000, 0x0000,   // 0x0480 (1152) pixels
0x0000, 0x0000, 0x0000, 0x0000, 0x0000, 0x0000, 0x0000, 0x0000, 0x0000, 0x0000, 0x0000, 0x0000, 0x0000, 0x0000, 0x0000, 0x0000,   // 0x0490 (1168) pixels
0x0000, 0x0000, 0x0000, 0x0000, 0x0000, 0x0000, 0x0000, 0x0000, 0x0000, 0x0000, 0x0000, 0x0000, 0x0020, 0x0020, 0x0020, 0x0020,   // 0x04A0 (1184) pixels
0x0020, 0x0020, 0x0040, 0x0041, 0x0041, 0x0861, 0x0861, 0x0862, 0x0882, 0x10A2, 0x10C3, 0x18E3, 0x10E4, 0x1904, 0x1904, 0x1925,   // 0x04B0 (1200) pixels
0x2145, 0x2165, 0x2166, 0x2986, 0x29A6, 0x29A6, 0x29A6, 0x29A7, 0x29A7, 0x29A7, 0x31C7, 0x31C7, 0x31C7, 0x31C7, 0x31C7, 0x31C7,   // 0x04C0 (1216) pixels
0x31C7, 0x31C7, 0x31C7, 0x31C7, 0x31E7, 0x31E7, 0x31E8, 0x3208, 0x3208, 0x3A08, 0x3A28, 0x3A28, 0x3A28, 0x3A29, 0x3A29, 0x3A49,   // 0x04D0 (1232) pixels
0x3A49, 0x4249, 0x4269, 0x4269, 0x428A, 0x428A, 0x428A, 0x428A, 0x428A, 0x428A, 0x428A, 0x428A, 0x428A, 0x428A, 0x428A, 0x428A,   // 0x04E0 (1248) pixels
0x426A, 0x426A, 0x426A, 0x426A, 0x4249, 0x4249, 0x3A49, 0x3A29, 0x3A28, 0x3A08, 0x3208, 0x31E7, 0x31C7, 0x31C7, 0x31C7, 0x29A7,   // 0x04F0 (1264) pixels
0x29A6, 0x2986, 0x2166, 0x2166, 0x2145, 0x2145, 0x2145, 0x2145, 0x2125, 0x2125, 0x2125, 0x1924, 0x2125, 0x2125, 0x2125, 0x2125,   // 0x0500 (1280) pixels
0x1924, 0x1904, 0x1904, 0x1904, 0x18E3, 0x18E3, 0x10C3, 0x10A3, 0x10A2, 0x0882, 0x0861, 0x0861, 0x0861, 0x0841, 0x0040, 0x0020,   // 0x0510 (1296) pixels
0x0020, 0x0000, 0x0000, 0x0020, 0x0000, 0x0000, 0x0000, 0x0000, 0x0000, 0x0000, 0x0000, 0x0000, 0x0000, 0x0000, 0x0000, 0x0000,   // 0x0520 (1312) pixels
0x0000, 0x0000, 0x0000, 0x0000, 0x0000, 0x0000, 0x0000, 0x0000, 0x0000, 0x0000, 0x0000, 0x0000, 0x0000, 0x0000, 0x0000, 0x0000,   // 0x0530 (1328) pixels
0x0000, 0x0000, 0x0000, 0x0000, 0x0000, 0x0000, 0x0000, 0x0000, 0x0000, 0x0000, 0x0000, 0x0000, 0x0000, 0x0000, 0x0000, 0x0000,   // 0x0540 (1344) pixels
0x0000, 0x0000, 0x0000, 0x0000, 0x0000, 0x0000, 0x0000, 0x0000, 0x0000, 0x0000, 0x0000, 0x0000, 0x0000, 0x0000, 0x0000, 0x0000,   // 0x0550 (1360) pixels
0x0000, 0x0000, 0x0000, 0x0000, 0x0000, 0x0000, 0x0000, 0x0000, 0x0000, 0x0000, 0x0020, 0x0020, 0x0020, 0x0020, 0x0020, 0x0040,   // 0x0560 (1376) pixels
0x0041, 0x0041, 0x0862, 0x0882, 0x0882, 0x0882, 0x10A3, 0x10C3, 0x18E4, 0x1904, 0x2145, 0x2145, 0x2166, 0x2986, 0x29A7, 0x31C7,   // 0x0570 (1392) pixels
0x31E7, 0x31E7, 0x3A08, 0x3A08, 0x3A08, 0x3A08, 0x3A28, 0x3A28, 0x3A29, 0x3A29, 0x3A29, 0x3A29, 0x4249, 0x4249, 0x4249, 0x4249,   // 0x0580 (1408) pixels
0x4249, 0x4269, 0x4269, 0x4269, 0x4269, 0x428A, 0x428A, 0x4A8A, 0x4AAA, 0x4AAA, 0x4AAA, 0x4AAA, 0x4AAB, 0x4ACB, 0x4ACB, 0x52EB,   // 0x0590 (1424) pixels
0x52EB, 0x52EC, 0x530C, 0x5B0C, 0x5B0C, 0x5B0C, 0x5B0C, 0x5B0C, 0x530C, 0x530C, 0x5B0C, 0x530C, 0x530C, 0x530C, 0x530C, 0x52EC,   // 0x05A0 (1440) pixels
0x52EC, 0x52EC, 0x52CB, 0x52CB, 0x4ACB, 0x4AAB, 0x4AAA, 0x428A, 0x426A, 0x4269, 0x4249, 0x4249, 0x3A29, 0x3A08, 0x3A08, 0x31E8,   // 0x05B0 (1456) pixels
0x31E7, 0x31C7, 0x29A6, 0x29A6, 0x2986, 0x2986, 0x2986, 0x2966, 0x2966, 0x2966, 0x2165, 0x2165, 0x2145, 0x2145, 0x2145, 0x2145,   // 0x05C0 (1472) pixels
0x2145, 0x2145, 0x2124, 0x1904, 0x1904, 0x18E4, 0x10C3, 0x10A3, 0x10A2, 0x0882, 0x0861, 0x0841, 0x0040, 0x0020, 0x0020, 0x0000,   // 0x05D0 (1488) pixels
0x0000, 0x0020, 0x0000, 0x0000, 0x0000, 0x0000, 0x0000, 0x0000, 0x0000, 0x0000, 0x0000, 0x0000, 0x0000, 0x0000, 0x0000, 0x0000,   // 0x05E0 (1504) pixels
0x0000, 0x0000, 0x0000, 0x0000, 0x0000, 0x0000, 0x0000, 0x0000, 0x0000, 0x0000, 0x0000, 0x0000, 0x0000, 0x0000, 0x0000, 0x0000,   // 0x05F0 (1520) pixels
0x0000, 0x0000, 0x0000, 0x0000, 0x0000, 0x0000, 0x0000, 0x0000, 0x0000, 0x0000, 0x0000, 0x0000, 0x0000, 0x0000, 0x0000, 0x0000,   // 0x0600 (1536) pixels
0x0000, 0x0000, 0x0000, 0x0000, 0x0000, 0x0000, 0x0000, 0x0000, 0x0000, 0x0000, 0x0000, 0x0000, 0x0000, 0x0000, 0x0000, 0x0000,   // 0x0610 (1552) pixels
0x0000, 0x0000, 0x0000, 0x0000, 0x0020, 0x0020, 0x0020, 0x0000, 0x0000, 0x0020, 0x0020, 0x0020, 0x0041, 0x0041, 0x0061, 0x0862,   // 0x0620 (1568) pixels
0x0861, 0x0882, 0x10A2, 0x10C3, 0x18E3, 0x1904, 0x2125, 0x2965, 0x2986, 0x29A6, 0x31C7, 0x31E8, 0x3208, 0x3A29, 0x3A49, 0x426A,   // 0x0630 (1584) pixels
0x426A, 0x4A8A, 0x4A8A, 0x52EC, 0x428A, 0x4ACB, 0x4AAB, 0x52EC, 0x4AAB, 0x52EC, 0x52CB, 0x52EC, 0x5B0C, 0x52EC, 0x52CC, 0x52EC,   // 0x0640 (1600) pixels
0x5B0D, 0x52EC, 0x5B2D, 0x5B0C, 0x530C, 0x5B4D, 0x5B4D, 0x5B4D, 0x534C, 0x5B6D, 0x5B6D, 0x5B6D, 0x638E, 0x63AE, 0x638F, 0x63AF,   // 0x0650 (1616) pixels
0x638E, 0x6BAF, 0x638E, 0x6BCF, 0x6BCF, 0x636E, 0x638E, 0x6BCF, 0x638E, 0x63AE, 0x638E, 0x63AE, 0x636E, 0x636E, 0x6BAF, 0x634E,   // 0x0660 (1632) pixels
0x634D, 0x5B4D, 0x634D, 0x636D, 0x5B4D, 0x530C, 0x52EB, 0x52EB, 0x4ACB, 0x4ACB, 0x4A8A, 0x4AAA, 0x4269, 0x426A, 0x3A29, 0x3A49,   // 0x0670 (1648) pixels
0x3A28, 0x3A08, 0x31E8, 0x31E7, 0x31E7, 0x31E7, 0x31C7, 0x31C7, 0x31C7, 0x31C7, 0x31C7, 0x31C7, 0x31C7, 0x31A7, 0x2986, 0x2986,   // 0x0680 (1664) pixels
0x2986, 0x2165, 0x2145, 0x1924, 0x1904, 0x10E3, 0x10C3, 0x0882, 0x0861, 0x0861, 0x0041, 0x0020, 0x0020, 0x0000, 0x0000, 0x0000,   // 0x0690 (1680) pixels
0x0020, 0x0000, 0x0000, 0x0000, 0x0000, 0x0000, 0x0000, 0x0000, 0x0000, 0x0000, 0x0000, 0x0000, 0x0000, 0x0000, 0x0000, 0x0000,   // 0x06A0 (1696) pixels
0x0000, 0x0000, 0x0000, 0x0000, 0x0000, 0x0000, 0x0000, 0x0000, 0x0000, 0x0000, 0x0000, 0x0000, 0x0000, 0x0000, 0x0000, 0x0000,   // 0x06B0 (1712) pixels
0x0000, 0x0000, 0x0000, 0x0000, 0x0000, 0x0000, 0x0000, 0x0000, 0x0000, 0x0000, 0x0000, 0x0000, 0x0000, 0x0000, 0x0000, 0x0000,   // 0x06C0 (1728) pixels
0x0000, 0x0000, 0x0000, 0x0000, 0x0000, 0x0000, 0x0000, 0x0000, 0x0000, 0x0000, 0x0000, 0x0000, 0x0000, 0x0000, 0x0000, 0x0000,   // 0x06D0 (1744) pixels
0x0000, 0x0000, 0x0000, 0x0020, 0x0020, 0x0020, 0x0020, 0x0020, 0x0020, 0x0041, 0x0041, 0x0061, 0x0862, 0x0882, 0x0882, 0x10A3,   // 0x06E0 (1760) pixels
0x10E3, 0x1904, 0x1924, 0x2145, 0x2966, 0x2986, 0x31E7, 0x3A08, 0x3A49, 0x4269, 0x426A, 0x428A, 0x4ACB, 0x4ACC, 0x52EC, 0x530C,   // 0x06F0 (1776) pixels
0x530C, 0x5B2D, 0x5B2D, 0x5B6E, 0x5B4D, 0x5B6D, 0x638E, 0x638E, 0x2166, 0x10A3, 0x1925, 0x18E4, 0x2125, 0x1905, 0x1904, 0x2186,   // 0x0700 (1792) pixels
0x52CC, 0x73D0, 0x7410, 0x6BCF, 0x63AE, 0x6BF0, 0x7410, 0x6BEF, 0x73F0, 0x7410, 0x7410, 0x73F0, 0x7410, 0x73F0, 0x7C31, 0x8472,   // 0x0710 (1808) pixels
0x7410, 0x7410, 0x7C51, 0x8451, 0x7C51, 0x7C10, 0x8472, 0x7C51, 0x73F0, 0x73F0, 0x7C11, 0x7C10, 0x5B0D, 0x1925, 0x2145, 0x1925,   // 0x0720 (1824) pixels
0x1924, 0x1904, 0x10C3, 0x1904, 0x4249, 0x6B8E, 0x636D, 0x5B0C, 0x5B4D, 0x52EB, 0x4AAB, 0x5B2C, 0x4AAA, 0x4AAB, 0x4A8A, 0x4A8A,   // 0x0730 (1840) pixels
0x426A, 0x4269, 0x4269, 0x4249, 0x4249, 0x3A29, 0x4229, 0x3A28, 0x3A08, 0x3A08, 0x3A08, 0x39E8, 0x31E7, 0x31C7, 0x31C7, 0x29A6,   // 0x0740 (1856) pixels
0x2966, 0x2145, 0x2125, 0x1904, 0x18E4, 0x10C3, 0x0882, 0x0862, 0x0041, 0x0040, 0x0020, 0x0020, 0x0000, 0x0000, 0x0020, 0x0000,   // 0x0750 (1872) pixels
0x0000, 0x0000, 0x0000, 0x0000, 0x0000, 0x0000, 0x0000, 0x0000, 0x0000, 0x0000, 0x0000, 0x0000, 0x0000, 0x0000, 0x0000, 0x0000,   // 0x0760 (1888) pixels
0x0000, 0x0000, 0x0000, 0x0000, 0x0000, 0x0000, 0x0000, 0x0000, 0x0000, 0x0000, 0x0000, 0x0000, 0x0000, 0x0000, 0x0000, 0x0000,   // 0x0770 (1904) pixels
0x0000, 0x0000, 0x0000, 0x0000, 0x0000, 0x0000, 0x0000, 0x0000, 0x0000, 0x0000, 0x0000, 0x0000, 0x0000, 0x0000, 0x0000, 0x0000,   // 0x0780 (1920) pixels
0x0000, 0x0000, 0x0000, 0x0000, 0x0000, 0x0000, 0x0000, 0x0000, 0x0000, 0x0000, 0x0000, 0x0000, 0x0000, 0x0000, 0x0000, 0x0000,   // 0x0790 (1936) pixels
0x0000, 0x0000, 0x0020, 0x0020, 0x0020, 0x0020, 0x0041, 0x0041, 0x0061, 0x0062, 0x0882, 0x08A2, 0x10C3, 0x10E4, 0x1924, 0x2145,   // 0x07A0 (1952) pixels
0x2166, 0x29A6, 0x31C7, 0x3A08, 0x4249, 0x426A, 0x4AAA, 0x4ACB, 0x52EC, 0x530C, 0x5B2D, 0x5B4E, 0x638E, 0x63AF, 0x63AF, 0x63AF,   // 0x07B0 (1968) pixels
0x6BF0, 0x6BCF, 0x6BF0, 0x6BF0, 0x73B0, 0x52AB, 0x0042, 0x0001, 0x0842, 0x0001, 0x0001, 0x0001, 0x0001, 0x0001, 0x18E4, 0x52CC,   // 0x07C0 (1984) pixels
0x8452, 0x8CB3, 0x8472, 0x8CB3, 0x8472, 0x6BCF, 0x7BF0, 0x7C31, 0x4A8B, 0x18E5, 0x10A4, 0x2105, 0x6B8F, 0x6B6E, 0x39E8, 0x0862,   // 0x07D0 (2000) pixels
0x10C4, 0x52AC, 0x7C11, 0x7C11, 0x7410, 0x8CD4, 0x8C93, 0x94F4, 0x8CB3, 0x4A6A, 0x08A3, 0x0001, 0x0000, 0x0000, 0x0001, 0x0021,   // 0x07E0 (2016) pixels
0x0001, 0x0001, 0x2946, 0x5ACC, 0x6B8F, 0x73CF, 0x6BAF, 0x6B8E, 0x6BAF, 0x634D, 0x5B2D, 0x530C, 0x5B2C, 0x5B0C, 0x52EC, 0x52EB,   // 0x07F0 (2032) pixels
0x52CB, 0x52CB, 0x4ACB, 0x4AAB, 0x4AAB, 0x4AAA, 0x4A8A, 0x4A8A, 0x4A8A, 0x426A, 0x4249, 0x4249, 0x3A28, 0x3A08, 0x31C7, 0x29A7,   // 0x0800 (2048) pixels
0x2986, 0x2165, 0x1925, 0x1904, 0x10C3, 0x08A2, 0x0861, 0x0041, 0x0040, 0x0020, 0x0020, 0x0000, 0x0020, 0x0000, 0x0000, 0x0000,   // 0x0810 (2064) pixels
0x0000, 0x0000, 0x0000, 0x0000, 0x0000, 0x0000, 0x0000, 0x0000, 0x0000, 0x0000, 0x0000, 0x0000, 0x0000, 0x0000, 0x0000, 0x0000,   // 0x0820 (2080) pixels
0x0000, 0x0000, 0x0000, 0x0000, 0x0000, 0x0000, 0x0000, 0x0000, 0x0000, 0x0000, 0x0000, 0x0000, 0x0000, 0x0000, 0x0000, 0x0000,   // 0x0830 (2096) pixels
0x0000, 0x0000, 0x0000, 0x0000, 0x0000, 0x0000, 0x0000, 0x0000, 0x0000, 0x0000, 0x0000, 0x0000, 0x0000, 0x0000, 0x0000, 0x0000,   // 0x0840 (2112) pixels
0x0000, 0x0000, 0x0000, 0x0000, 0x0000, 0x0000, 0x0000, 0x0000, 0x0000, 0x0000, 0x0000, 0x0000, 0x0000, 0x0000, 0x0000, 0x0020,   // 0x0850 (2128) pixels
0x0020, 0x0020, 0x0040, 0x0040, 0x0041, 0x0061, 0x0062, 0x0882, 0x08A3, 0x08C3, 0x1104, 0x1924, 0x2165, 0x29A6, 0x31C7, 0x3208,   // 0x0860 (2144) pixels
0x3A49, 0x4269, 0x4AAB, 0x52CB, 0x530C, 0x5B4D, 0x5B6D, 0x638E, 0x63AF, 0x6BCF, 0x6BF0, 0x6C10, 0x7451, 0x7431, 0x7451, 0x7451,   // 0x0870 (2160) pixels
0x84B3, 0x7451, 0x4209, 0x1063, 0x0001, 0x1083, 0x18C5, 0x18C5, 0x18C4, 0x20E5, 0x18E5, 0x0863, 0x0022, 0x1905, 0x5B2D, 0x8CB3,   // 0x0880 (2176) pixels
0x94B4, 0x8CB3, 0x634E, 0x18C4, 0x0001, 0x0022, 0x0022, 0x0001, 0x0842, 0x0002, 0x0022, 0x0022, 0x0001, 0x0022, 0x0022, 0x0001,   // 0x0890 (2192) pixels
0x0002, 0x0001, 0x10E4, 0x7C11, 0x9D36, 0x94D4, 0x632E, 0x10A4, 0x0001, 0x10A4, 0x2926, 0x20E5, 0x20E5, 0x2105, 0x18A4, 0x0001,   // 0x08A0 (2208) pixels
0x0001, 0x0842, 0x632D, 0x7C31, 0x8451, 0x73F0, 0x7410, 0x6BAF, 0x6BCF, 0x6BAF, 0x6B8E, 0x638E, 0x636E, 0x634D, 0x5B4D, 0x5B4D,   // 0x08B0 (2224) pixels
0x5B2D, 0x5B2C, 0x5B2C, 0x5B2C, 0x5B0C, 0x530C, 0x530C, 0x52EC, 0x52CB, 0x4AAB, 0x4A8A, 0x4269, 0x3A49, 0x3A08, 0x31E7, 0x29A6,   // 0x08C0 (2240) pixels
0x2165, 0x1925, 0x10E3, 0x10C3, 0x0882, 0x0061, 0x0041, 0x0040, 0x0020, 0x0020, 0x0020, 0x0000, 0x0000, 0x0000, 0x0000, 0x0000,   // 0x08D0 (2256) pixels
0x0000, 0x0000, 0x0000, 0x0000, 0x0000, 0x0000, 0x0000, 0x0000, 0x0000, 0x0000, 0x0000, 0x0000, 0x0000, 0x0000, 0x0000, 0x0000,   // 0x08E0 (2272) pixels
0x0000, 0x0000, 0x0000, 0x0000, 0x0000, 0x0000, 0x0000, 0x0000, 0x0000, 0x0000, 0x0000, 0x0000, 0x0000, 0x0000, 0x0000, 0x0000,   // 0x08F0 (2288) pixels
0x0000, 0x0000, 0x0000, 0x0000, 0x0000, 0x0000, 0x0000, 0x0000, 0x0000, 0x0000, 0x0000, 0x0000, 0x0000, 0x0000, 0x0000, 0x0000,   // 0x0900 (2304) pixels
0x0000, 0x0000, 0x0000, 0x0000, 0x0000, 0x0000, 0x0000, 0x0000, 0x0000, 0x0000, 0x0000, 0x0000, 0x0000, 0x0020, 0x0020, 0x0020,   // 0x0910 (2320) pixels
0x0041, 0x0041, 0x0061, 0x0082, 0x0882, 0x08A3, 0x10C3, 0x10E4, 0x1925, 0x1965, 0x29A7, 0x31E8, 0x3A29, 0x426A, 0x4AAA, 0x4AEB,   // 0x0920 (2336) pixels
0x5B2D, 0x5B6D, 0x63AE, 0x6BCF, 0x6C10, 0x7431, 0x7451, 0x7C72, 0x7C92, 0x84D3, 0x8CF4, 0x84B3, 0x84D3, 0x9515, 0x7C52, 0x29C7,   // 0x0930 (2352) pixels
0x18C5, 0x0822, 0x1084, 0x20E5, 0x20C5, 0x2106, 0x20E5, 0x20C5, 0x2126, 0x2967, 0x18E5, 0x0001, 0x0001, 0x18E5, 0x18E5, 0x10A4,   // 0x0940 (2368) pixels
0x0842, 0x0842, 0x18C4, 0x18A4, 0x0001, 0x1084, 0x3147, 0x2906, 0x0001, 0x0002, 0x1084, 0x3167, 0x2947, 0x1063, 0x0822, 0x0822,   // 0x0950 (2384) pixels
0x0001, 0x10C4, 0x1905, 0x10C4, 0x0022, 0x0842, 0x2946, 0x2946, 0x2105, 0x18C4, 0x18C4, 0x20E5, 0x2105, 0x18C4, 0x1083, 0x1063,   // 0x0960 (2400) pixels
0x0883, 0x31A7, 0x8C72, 0x8472, 0x7C11, 0x8492, 0x7431, 0x7411, 0x7C31, 0x7410, 0x7410, 0x73F0, 0x6BEF, 0x6BCF, 0x6BCF, 0x6BAF,   // 0x0970 (2416) pixels
0x6BAF, 0x638E, 0x638E, 0x638E, 0x636E, 0x636E, 0x5B4D, 0x5B2D, 0x52EC, 0x4ACB, 0x4A8A, 0x4269, 0x3A29, 0x31E7, 0x29A6, 0x2165,   // 0x0980 (2432) pixels
0x1904, 0x10E3, 0x08A2, 0x0081, 0x0061, 0x0041, 0x0040, 0x0020, 0x0020, 0x0020, 0x0000, 0x0000, 0x0000, 0x0000, 0x0000, 0x0000,   // 0x0990 (2448) pixels
0x0000, 0x0000, 0x0000, 0x0000, 0x0000, 0x0000, 0x0000, 0x0000, 0x0000, 0x0000, 0x0000, 0x0000, 0x0000, 0x0000, 0x0000, 0x0000,   // 0x09A0 (2464) pixels
0x0000, 0x0000, 0x0000, 0x0000, 0x0000, 0x0000, 0x0000, 0x0000, 0x0000, 0x0000, 0x0000, 0x0000, 0x0000, 0x0000, 0x0000, 0x0000,   // 0x09B0 (2480) pixels
0x0000, 0x0000, 0x0000, 0x0000, 0x0000, 0x0000, 0x0000, 0x0000, 0x0000, 0x0000, 0x0000, 0x0000, 0x0000, 0x0000, 0x0000, 0x0000,   // 0x09C0 (2496) pixels
0x0000, 0x0000, 0x0000, 0x0000, 0x0000, 0x0000, 0x0000, 0x0000, 0x0000, 0x0000, 0x0000, 0x0020, 0x0020, 0x0040, 0x0061, 0x0061,   // 0x09D0 (2512) pixels
0x0082, 0x08A2, 0x08A3, 0x10E3, 0x1124, 0x1945, 0x2186, 0x29C7, 0x3208, 0x3A69, 0x42AA, 0x4AEB, 0x532C, 0x5B6D, 0x63AF, 0x6BCF,   // 0x09E0 (2528) pixels
0x7430, 0x7C51, 0x7C72, 0x84B3, 0x84D3, 0x8CF4, 0x8D14, 0x8D15, 0x8CF4, 0x9515, 0x9D56, 0xBE39, 0x8452, 0x0001, 0x0022, 0x20E5,   // 0x09F0 (2544) pixels
0x18C5, 0x18C5, 0x20C5, 0x1884, 0x18A5, 0x18A4, 0x18A4, 0x2927, 0x31A8, 0x20E6, 0x0822, 0x0001, 0x0001, 0x0043, 0x0001, 0x1083,   // 0x0A00 (2560) pixels
0x2947, 0x2947, 0x20C5, 0x3127, 0x3988, 0x2906, 0x2926, 0x3167, 0x2947, 0x2947, 0x2947, 0x2947, 0x3167, 0x2106, 0x0002, 0x0001,   // 0x0A10 (2576) pixels
0x0001, 0x0001, 0x0822, 0x20E5, 0x3188, 0x2927, 0x18C5, 0x18C5, 0x18C5, 0x18C4, 0x18C5, 0x18C5, 0x18C5, 0x18C5, 0x0001, 0x0042,   // 0x0A20 (2592) pixels
0x7BF1, 0xADB7, 0x9514, 0x8CD3, 0x84B3, 0x84B3, 0x8492, 0x8492, 0x8472, 0x7C51, 0x7C51, 0x7C51, 0x7C31, 0x7431, 0x7431, 0x7410,   // 0x0A30 (2608) pixels
0x7410, 0x7410, 0x73F0, 0x6BEF, 0x6BCF, 0x63AF, 0x636D, 0x5B4D, 0x530C, 0x4ACB, 0x428A, 0x3A49, 0x31E7, 0x29A6, 0x2145, 0x1924,   // 0x0A40 (2624) pixels
0x10E3, 0x08A2, 0x0882, 0x0081, 0x0061, 0x0040, 0x0020, 0x0020, 0x0020, 0x0000, 0x0000, 0x0000, 0x0000, 0x0000, 0x0000, 0x0000,   // 0x0A50 (2640) pixels
0x0000, 0x0000, 0x0000, 0x0000, 0x0000, 0x0000, 0x0000, 0x0000, 0x0000, 0x0000, 0x0000, 0x0000, 0x0000, 0x0000, 0x0000, 0x0000,   // 0x0A60 (2656) pixels
0x0000, 0x0000, 0x0000, 0x0000, 0x0000, 0x0000, 0x0000, 0x0000, 0x0000, 0x0000, 0x0000, 0x0000, 0x0000, 0x0000, 0x0000, 0x0000,   // 0x0A70 (2672) pixels
0x0000, 0x0000, 0x0000, 0x0000, 0x0000, 0x0000, 0x0000, 0x0000, 0x0000, 0x0000, 0x0000, 0x0000, 0x0000, 0x0000, 0x0000, 0x0000,   // 0x0A80 (2688) pixels
0x0000, 0x0000, 0x0000, 0x0000, 0x0000, 0x0000, 0x0000, 0x0000, 0x0020, 0x0020, 0x0041, 0x0041, 0x0062, 0x0082, 0x08A2, 0x08C3,   // 0x0A90 (2704) pixels
0x10E3, 0x1124, 0x1945, 0x2186, 0x29E7, 0x3228, 0x3A8A, 0x4AEB, 0x532D, 0x5B6E, 0x63CF, 0x6BF0, 0x7431, 0x7C71, 0x84B3, 0x8CD3,   // 0x0AA0 (2720) pixels
0x8CF4, 0x8D35, 0x9555, 0x9556, 0x9555, 0x9D96, 0xA597, 0xB639, 0x94D4, 0x8C93, 0x52CC, 0x0001, 0x0843, 0x2106, 0x20E5, 0x18E5,   // 0x0AB0 (2736) pixels
0x20E5, 0x1084, 0x18A4, 0x18C5, 0x20C5, 0x18A4, 0x2947, 0x3188, 0x2926, 0x1064, 0x0843, 0x18C5, 0x2126, 0x2106, 0x2947, 0x3188,   // 0x0AC0 (2752) pixels
0x3168, 0x2927, 0x3127, 0x3147, 0x2967, 0x2927, 0x2926, 0x3188, 0x3188, 0x2947, 0x2947, 0x2106, 0x18E5, 0x18E5, 0x1063, 0x0822,   // 0x0AD0 (2768) pixels
0x2926, 0x39C9, 0x2926, 0x18A4, 0x18A4, 0x18E5, 0x2105, 0x20E5, 0x18E5, 0x20E5, 0x20E5, 0x20E5, 0x0842, 0x0021, 0x39E8, 0x7C31,   // 0x0AE0 (2784) pixels
0x8CD4, 0x9515, 0x9535, 0x8D14, 0x9514, 0x8CF4, 0x8CD4, 0x8CD3, 0x8CD3, 0x8CB3, 0x84B3, 0x84B3, 0x8493, 0x8493, 0x8492, 0x8472,   // 0x0AF0 (2800) pixels
0x8472, 0x7C52, 0x7C31, 0x7411, 0x73F0, 0x6BCF, 0x638E, 0x5B4D, 0x52EC, 0x42AA, 0x3A49, 0x3208, 0x29A6, 0x2165, 0x1104, 0x08C3,   // 0x0B00 (2816) pixels
0x08A2, 0x0882, 0x0061, 0x0041, 0x0020, 0x0020, 0x0020, 0x0020, 0x0000, 0x0000, 0x0000, 0x0000, 0x0000, 0x0000, 0x0000, 0x0000,   // 0x0B10 (2832) pixels
0x0000, 0x0000, 0x0000, 0x0000, 0x0000, 0x0000, 0x0000, 0x0000, 0x0000, 0x0000, 0x0000, 0x0000, 0x0000, 0x0000, 0x0000, 0x0000,   // 0x0B20 (2848) pixels
0x0000, 0x0000, 0x0000, 0x0000, 0x0000, 0x0000, 0x0000, 0x0000, 0x0000, 0x0000, 0x0000, 0x0000, 0x0000, 0x0000, 0x0000, 0x0000,   // 0x0B30 (2864) pixels
0x0000, 0x0000, 0x0000, 0x0000, 0x0000, 0x0000, 0x0000, 0x0000, 0x0000, 0x0000, 0x0000, 0x0000, 0x0000, 0x0000, 0x0000, 0x0000,   // 0x0B40 (2880) pixels
0x0000, 0x0000, 0x0000, 0x0000, 0x0000, 0x0000, 0x0020, 0x0020, 0x0041, 0x0041, 0x0082, 0x08A2, 0x08C3, 0x08E3, 0x1104, 0x1945,   // 0x0B50 (2896) pixels
0x2186, 0x21A7, 0x3228, 0x3A6A, 0x42CB, 0x532D, 0x5B8E, 0x63CF, 0x7430, 0x7451, 0x84B3, 0x8CF4, 0x9535, 0x9D55, 0x9D96, 0x9DB7,   // 0x0B60 (2912) pixels
0xA5B7, 0xA5D8, 0xAE18, 0xB659, 0xB619, 0xB619, 0x3A09, 0x0001, 0x0001, 0x18C4, 0x18E6, 0x18C5, 0x2927, 0x18E6, 0x18A5, 0x2106,   // 0x0B70 (2928) pixels
0x18C5, 0x18C5, 0x20E6, 0x1884, 0x20E6, 0x2927, 0x2906, 0x20E6, 0x18A5, 0x18A5, 0x3167, 0x3188, 0x3168, 0x3168, 0x3168, 0x3168,   // 0x0B80 (2944) pixels
0x3148, 0x3989, 0x3188, 0x3188, 0x3168, 0x3168, 0x2967, 0x3168, 0x39A9, 0x2947, 0x2947, 0x1084, 0x1084, 0x2927, 0x3188, 0x2927,   // 0x0B90 (2960) pixels
0x1884, 0x20E6, 0x18E5, 0x18C5, 0x18C5, 0x18C5, 0x18E5, 0x18E5, 0x18E5, 0x18E5, 0x18E5, 0x18C4, 0x0022, 0x0021, 0x52CC, 0xADF8,   // 0x0BA0 (2976) pixels
0xA5B7, 0xA5B7, 0x9D76, 0x9D76, 0x9D55, 0x9555, 0x9535, 0x9535, 0x9535, 0x9535, 0x94F4, 0x8CF4, 0x8CF4, 0x8CD3, 0x8CD3, 0x84B3,   // 0x0BB0 (2992) pixels
0x8492, 0x7C72, 0x7C51, 0x7410, 0x6BCF, 0x638E, 0x5B4D, 0x4AEC, 0x428A, 0x3A49, 0x31E7, 0x21A6, 0x1945, 0x10E3, 0x08C3, 0x08A2,   // 0x0BC0 (3008) pixels
0x0061, 0x0041, 0x0040, 0x0020, 0x0020, 0x0020, 0x0000, 0x0000, 0x0000, 0x0000, 0x0000, 0x0000, 0x0000, 0x0000, 0x0000, 0x0000,   // 0x0BD0 (3024) pixels
0x0000, 0x0000, 0x0000, 0x0000, 0x0000, 0x0000, 0x0000, 0x0000, 0x0000, 0x0000, 0x0000, 0x0000, 0x0000, 0x0000, 0x0000, 0x0000,   // 0x0BE0 (3040) pixels
0x0000, 0x0000, 0x0000, 0x0000, 0x0000, 0x0000, 0x0000, 0x0000, 0x0000, 0x0000, 0x0000, 0x0000, 0x0000, 0x0000, 0x0000, 0x0000,   // 0x0BF0 (3056) pixels
0x0000, 0x0000, 0x0000, 0x0000, 0x0000, 0x0000, 0x0000, 0x0000, 0x0000, 0x0000, 0x0000, 0x0000, 0x0000, 0x0000, 0x0000, 0x0000,   // 0x0C00 (3072) pixels
0x0000, 0x0000, 0x0020, 0x0020, 0x0020, 0x0041, 0x0061, 0x0882, 0x0082, 0x08C3, 0x10E3, 0x1104, 0x1145, 0x1986, 0x21E8, 0x2A29,   // 0x0C10 (3088) pixels
0x3A8A, 0x42EC, 0x534D, 0x5BAE, 0x6410, 0x6C51, 0x7C92, 0x8CF4, 0x9535, 0x9556, 0x9576, 0xA5D7, 0xA5D7, 0xAE18, 0xAE17, 0xB638,   // 0x0C20 (3104) pixels
0xC67B, 0x9D56, 0xADB8, 0x9CF5, 0x2967, 0x0001, 0x18A5, 0x20E6, 0x1905, 0x2105, 0x2926, 0x18C5, 0x18A5, 0x2127, 0x18C6, 0x1885,   // 0x0C30 (3120) pixels
0x2106, 0x18C6, 0x2106, 0x18E6, 0x18C5, 0x18E6, 0x10A5, 0x10A5, 0x3168, 0x3168, 0x3168, 0x3188, 0x3188, 0x3188, 0x3168, 0x3168,   // 0x0C40 (3136) pixels
0x3168, 0x3168, 0x3168, 0x3168, 0x3168, 0x3168, 0x3168, 0x3188, 0x2927, 0x1085, 0x1064, 0x18C6, 0x20E6, 0x20E6, 0x20E6, 0x20C6,   // 0x0C50 (3152) pixels
0x20C5, 0x20E6, 0x18C5, 0x20E6, 0x18C5, 0x20E6, 0x2106, 0x20E6, 0x20E5, 0x2106, 0x18A4, 0x0001, 0x4A4B, 0x9D16, 0x94F5, 0xA556,   // 0x0C60 (3168) pixels
0xA618, 0x9596, 0xA5D8, 0x9D97, 0x9D97, 0x9D97, 0x9596, 0x9596, 0x9596, 0x9576, 0x9576, 0x9576, 0x9556, 0x8D35, 0x8CF4, 0x84D4,   // 0x0C70 (3184) pixels
0x84B3, 0x7C72, 0x6C31, 0x6410, 0x5BAF, 0x536D, 0x530C, 0x42AB, 0x3249, 0x29E8, 0x2186, 0x1924, 0x1103, 0x08C3, 0x0881, 0x0061,   // 0x0C80 (3200) pixels
0x0061, 0x0041, 0x0020, 0x0020, 0x0020, 0x0000, 0x0000, 0x0000, 0x0000, 0x0000, 0x0000, 0x0000, 0x0000, 0x0000, 0x0000, 0x0000,   // 0x0C90 (3216) pixels
0x0000, 0x0000, 0x0000, 0x0000, 0x0000, 0x0000, 0x0000, 0x0000, 0x0000, 0x0000, 0x0000, 0x0000, 0x0000, 0x0000, 0x0000, 0x0000,   // 0x0CA0 (3232) pixels
0x0000, 0x0000, 0x0000, 0x0000, 0x0000, 0x0000, 0x0000, 0x0000, 0x0000, 0x0000, 0x0000, 0x0000, 0x0000, 0x0000, 0x0000, 0x0000,   // 0x0CB0 (3248) pixels
0x0000, 0x0000, 0x0000, 0x0000, 0x0000, 0x0000, 0x0000, 0x0000, 0x0000, 0x0000, 0x0000, 0x0000, 0x0000, 0x0000, 0x0000, 0x0000,   // 0x0CC0 (3264) pixels
0x0020, 0x0020, 0x0020, 0x0041, 0x0062, 0x0882, 0x08A2, 0x08C3, 0x1104, 0x1145, 0x1966, 0x21C7, 0x2A29, 0x326A, 0x42CB, 0x4B2D,   // 0x0CD0 (3280) pixels
0x538E, 0x5BEF, 0x6C51, 0x74B2, 0x84D3, 0x8D35, 0x9556, 0xA5B7, 0xAE18, 0xAE38, 0xB659, 0xC6BA, 0xC6BA, 0xCEFB, 0xBE3A, 0x31C8,   // 0x0CE0 (3296) pixels
0x0001, 0x0043, 0x0002, 0x0002, 0x18C5, 0x20C5, 0x2126, 0x20E5, 0x18E5, 0x20E6, 0x18C5, 0x1884, 0x18A5, 0x1064, 0x0823, 0x0843,   // 0x0CF0 (3312) pixels
0x10A5, 0x18A5, 0x18A5, 0x18C5, 0x18A5, 0x20E6, 0x3168, 0x3168, 0x3168, 0x3188, 0x3188, 0x3188, 0x3168, 0x3168, 0x3168, 0x3168,   // 0x0D00 (3328) pixels
0x3188, 0x3188, 0x3189, 0x3189, 0x3189, 0x3189, 0x2927, 0x18C6, 0x18A5, 0x18A5, 0x1885, 0x1085, 0x1085, 0x1085, 0x1064, 0x1064,   // 0x0D10 (3344) pixels
0x1884, 0x18C5, 0x18C6, 0x18C6, 0x20E6, 0x20E6, 0x20E6, 0x20E6, 0x18C5, 0x0002, 0x0022, 0x0022, 0x0042, 0x31E9, 0xB639, 0xBE9A,   // 0x0D20 (3360) pixels
0xB65A, 0xAE19, 0xADF8, 0xA5D7, 0x9DF8, 0xA639, 0x9DD7, 0x9DB7, 0x9DB7, 0x9DB7, 0x9DB7, 0x9576, 0x8D55, 0x8D15, 0x84F4, 0x7CB3,   // 0x0D30 (3376) pixels
0x7492, 0x6C51, 0x6410, 0x5BAE, 0x534D, 0x4AEC, 0x3A6A, 0x3228, 0x21C7, 0x1965, 0x1124, 0x1103, 0x08C2, 0x0081, 0x0061, 0x0061,   // 0x0D40 (3392) pixels
0x0041, 0x0020, 0x0020, 0x0000, 0x0000, 0x0000, 0x0000, 0x0000, 0x0000, 0x0000, 0x0000, 0x0000, 0x0000, 0x0000, 0x0000, 0x0000,   // 0x0D50 (3408) pixels
0x0000, 0x0000, 0x0000, 0x0000, 0x0000, 0x0000, 0x0000, 0x0000, 0x0000, 0x0000, 0x0000, 0x0000, 0x0000, 0x0000, 0x0000, 0x0000,   // 0x0D60 (3424) pixels
0x0000, 0x0000, 0x0000, 0x0000, 0x0000, 0x0000, 0x0000, 0x0000, 0x0000, 0x0000, 0x0000, 0x0000, 0x0000, 0x0000, 0x0000, 0x0000,   // 0x0D70 (3440) pixels
0x0000, 0x0000, 0x0000, 0x0000, 0x0000, 0x0000, 0x0000, 0x0000, 0x0000, 0x0000, 0x0000, 0x0000, 0x0000, 0x0000, 0x0020, 0x0020,   // 0x0D80 (3456) pixels
0x0021, 0x0041, 0x0062, 0x0882, 0x08C3, 0x1104, 0x1145, 0x1966, 0x19A7, 0x2208, 0x326A, 0x32AB, 0x430C, 0x536E, 0x5BCF, 0x6430,   // 0x0D90 (3472) pixels
0x7492, 0x7CF4, 0x8D35, 0x9D96, 0xA5F8, 0xA5F8, 0xAE18, 0xC6BB, 0xCEBB, 0x7C31, 0x4A8A, 0x52CC, 0x4A8B, 0x0043, 0x0001, 0x0863,   // 0x0DA0 (3488) pixels
0x0843, 0x1084, 0x2106, 0x20E6, 0x18E5, 0x2106, 0x18C5, 0x18C5, 0x20E6, 0x39A9, 0x526C, 0x1884, 0x0003, 0x0002, 0x0002, 0x0002,   // 0x0DB0 (3504) pixels
0x0823, 0x1085, 0x2106, 0x39A9, 0x3188, 0x3188, 0x3188, 0x3188, 0x3188, 0x3188, 0x3188, 0x3188, 0x3168, 0x3188, 0x3188, 0x3189,   // 0x0DC0 (3520) pixels
0x3189, 0x3189, 0x3189, 0x3188, 0x39A9, 0x3168, 0x20E6, 0x1064, 0x0823, 0x0002, 0x0002, 0x0003, 0x0002, 0x20E5, 0x526C, 0x2947,   // 0x0DD0 (3536) pixels
0x18A5, 0x18A5, 0x20E6, 0x20E6, 0x2106, 0x2906, 0x20E5, 0x1064, 0x0843, 0x0002, 0x0001, 0x10C5, 0x428B, 0x3A4A, 0x3209, 0x8493,   // 0x0DE0 (3552) pixels
0xC6BB, 0xB659, 0xA5F8, 0xA638, 0xAE19, 0xAE19, 0xAE19, 0xA618, 0xA5F8, 0x9DD8, 0x9D97, 0x9576, 0x8515, 0x7CD3, 0x74B2, 0x6C72,   // 0x0DF0 (3568) pixels
0x6430, 0x5BEF, 0x538E, 0x4B2C, 0x3ACB, 0x326A, 0x2A08, 0x21A6, 0x1965, 0x1124, 0x08E3, 0x08A2, 0x0882, 0x0061, 0x0041, 0x0020,   // 0x0E00 (3584) pixels
0x0020, 0x0020, 0x0000, 0x0000, 0x0000, 0x0000, 0x0000, 0x0000, 0x0000, 0x0000, 0x0000, 0x0000, 0x0000, 0x0000, 0x0000, 0x0000,   // 0x0E10 (3600) pixels
0x0000, 0x0000, 0x0000, 0x0000, 0x0000, 0x0000, 0x0000, 0x0000, 0x0000, 0x0000, 0x0000, 0x0000, 0x0000, 0x0000, 0x0000, 0x0000,   // 0x0E20 (3616) pixels
0x0000, 0x0000, 0x0000, 0x0000, 0x0000, 0x0000, 0x0000, 0x0000, 0x0000, 0x0000, 0x0000, 0x0000, 0x0000, 0x0000, 0x0000, 0x0000,   // 0x0E30 (3632) pixels
0x0000, 0x0000, 0x0000, 0x0000, 0x0000, 0x0000, 0x0000, 0x0000, 0x0000, 0x0000, 0x0000, 0x0000, 0x0020, 0x0020, 0x0041, 0x0061,   // 0x0E40 (3648) pixels
0x0882, 0x08A2, 0x08E3, 0x1124, 0x1965, 0x19A6, 0x21E7, 0x2A49, 0x32AA, 0x3AEC, 0x4B4D, 0x53CF, 0x5C10, 0x6471, 0x74D3, 0x7D34,   // 0x0E50 (3664) pixels
0x8D76, 0x9DD7, 0xA618, 0xBEBB, 0xB639, 0xB619, 0xB5F8, 0x424A, 0x0001, 0x0001, 0x0002, 0x0023, 0x10A4, 0x1084, 0x0002, 0x1064,   // 0x0E60 (3680) pixels
0x2927, 0x2927, 0x2106, 0x2927, 0x20E6, 0x18C5, 0x20C5, 0x630E, 0x9C94, 0x20E5, 0x0002, 0x0002, 0x0002, 0x0023, 0x1084, 0x18C6,   // 0x0E70 (3696) pixels
0x2927, 0x3189, 0x39A9, 0x39A9, 0x3989, 0x3188, 0x3188, 0x3188, 0x3189, 0x3189, 0x3189, 0x3189, 0x3188, 0x3188, 0x3188, 0x3188,   // 0x0E80 (3712) pixels
0x3168, 0x3168, 0x39A9, 0x3188, 0x2107, 0x1885, 0x1064, 0x0823, 0x0002, 0x0002, 0x0001, 0x39C9, 0x9CB4, 0x420A, 0x18A5, 0x20E6,   // 0x0E90 (3728) pixels
0x20E6, 0x20E6, 0x20E6, 0x2927, 0x20E6, 0x1064, 0x1084, 0x10A5, 0x0863, 0x0022, 0x0001, 0x0001, 0x0043, 0x636F, 0xBE3A, 0xA5B7,   // 0x0EA0 (3744) pixels
0xAE7A, 0xB69B, 0xB65A, 0xB65A, 0xAE5A, 0xAE5A, 0xAE39, 0xA639, 0x9DF8, 0x95B7, 0x8555, 0x7CF4, 0x74D3, 0x6CB2, 0x5C51, 0x5C10,   // 0x0EB0 (3760) pixels
0x53AF, 0x4B4D, 0x430C, 0x3AAB, 0x2A49, 0x21E7, 0x19A6, 0x1945, 0x1104, 0x08E3, 0x08A2, 0x0882, 0x0061, 0x0041, 0x0020, 0x0020,   // 0x0EC0 (3776) pixels
0x0000, 0x0000, 0x0000, 0x0000, 0x0000, 0x0000, 0x0000, 0x0000, 0x0000, 0x0000, 0x0000, 0x0000, 0x0000, 0x0000, 0x0000, 0x0000,   // 0x0ED0 (3792) pixels
0x0000, 0x0000, 0x0000, 0x0000, 0x0000, 0x0000, 0x0000, 0x0000, 0x0000, 0x0000, 0x0000, 0x0000, 0x0000, 0x0000, 0x0000, 0x0000,   // 0x0EE0 (3808) pixels
0x0000, 0x0000, 0x0000, 0x0000, 0x0000, 0x0000, 0x0000, 0x0000, 0x0000, 0x0000, 0x0000, 0x0000, 0x0000, 0x0000, 0x0000, 0x0000,   // 0x0EF0 (3824) pixels
0x0000, 0x0000, 0x0000, 0x0000, 0x0000, 0x0000, 0x0000, 0x0000, 0x0000, 0x0020, 0x0020, 0x0021, 0x0041, 0x0062, 0x08A2, 0x08C3,   // 0x0F00 (3840) pixels
0x08E3, 0x1124, 0x1986, 0x19C7, 0x2208, 0x2A6A, 0x32CB, 0x3B2C, 0x438E, 0x53EF, 0x5430, 0x6492, 0x74F3, 0x8555, 0x9596, 0xA5F8,   // 0x0F10 (3856) pixels
0xA618, 0xC71C, 0x6BF0, 0x0022, 0x1084, 0x18A4, 0x2947, 0x39A9, 0x2947, 0x18C5, 0x0843, 0x0823, 0x1064, 0x18C5, 0x2106, 0x2906,   // 0x0F20 (3872) pixels
0x2927, 0x20E6, 0x20E6, 0x18A5, 0x18A4, 0x62EE, 0xA4F5, 0x18A4, 0x0002, 0x0823, 0x0844, 0x18A5, 0x2107, 0x2106, 0x2106, 0x2947,   // 0x0F30 (3888) pixels
0x39A9, 0x39A9, 0x39A9, 0x3989, 0x3989, 0x3189, 0x3189, 0x3989, 0x3989, 0x3989, 0x3189, 0x3188, 0x3188, 0x3188, 0x3189, 0x3189,   // 0x0F40 (3904) pixels
0x3188, 0x3168, 0x2907, 0x2106, 0x2106, 0x1085, 0x0003, 0x0002, 0x0001, 0x39A8, 0xA4F5, 0x41EA, 0x1064, 0x2106, 0x18C6, 0x2107,   // 0x0F50 (3920) pixels
0x2906, 0x20E6, 0x2906, 0x20E6, 0x1084, 0x1064, 0x0843, 0x18A5, 0x31A8, 0x39C9, 0x3168, 0x0863, 0x0883, 0x08A4, 0x84F4, 0xC6FC,   // 0x0F60 (3936) pixels
0xB67B, 0xB69B, 0xB69B, 0xB67A, 0xAE7A, 0xAE5A, 0x9E19, 0x95D7, 0x8597, 0x7D55, 0x6D14, 0x64D3, 0x5C92, 0x5431, 0x53F0, 0x4BAE,   // 0x0F70 (3952) pixels
0x3B2C, 0x32EB, 0x2A6A, 0x2208, 0x21C7, 0x1985, 0x1124, 0x0903, 0x08C3, 0x08A2, 0x0062, 0x0041, 0x0021, 0x0020, 0x0020, 0x0000,   // 0x0F80 (3968) pixels
0x0000, 0x0000, 0x0000, 0x0000, 0x0000, 0x0000, 0x0000, 0x0000, 0x0000, 0x0000, 0x0000, 0x0000, 0x0000, 0x0000, 0x0000, 0x0000,   // 0x0F90 (3984) pixels
0x0000, 0x0000, 0x0000, 0x0000, 0x0000, 0x0000, 0x0000, 0x0000, 0x0000, 0x0000, 0x0000, 0x0000, 0x0000, 0x0000, 0x0000, 0x0000,   // 0x0FA0 (4000) pixels
0x0000, 0x0000, 0x0000, 0x0000, 0x0000, 0x0000, 0x0000, 0x0000, 0x0000, 0x0000, 0x0000, 0x0000, 0x0000, 0x0000, 0x0000, 0x0000,   // 0x0FB0 (4016) pixels
0x0000, 0x0000, 0x0000, 0x0000, 0x0000, 0x0000, 0x0000, 0x0020, 0x0020, 0x0041, 0x0061, 0x0882, 0x08C3, 0x10E3, 0x1104, 0x1145,   // 0x0FC0 (4032) pixels
0x19A6, 0x21E7, 0x2249, 0x2AAA, 0x330C, 0x3B4D, 0x43CF, 0x4C10, 0x5471, 0x64B2, 0x7534, 0x8576, 0x95D7, 0xA639, 0xC71C, 0xADF8,   // 0x0FD0 (4048) pixels
0x4ACC, 0x0002, 0x20E6, 0x3127, 0x3988, 0x2947, 0x3988, 0x2906, 0x1064, 0x1064, 0x20C5, 0x2106, 0x2106, 0x2106, 0x20E7, 0x18C6,   // 0x0FE0 (4064) pixels
0x20C6, 0x1884, 0x3147, 0x7B90, 0x9C94, 0x18A4, 0x0002, 0x1084, 0x18C5, 0x20E6, 0x2106, 0x20E6, 0x2106, 0x2947, 0x3188, 0x3188,   // 0x0FF0 (4080) pixels
0x3189, 0x3989, 0x39A9, 0x39A9, 0x3989, 0x3989, 0x3989, 0x3989, 0x3989, 0x3989, 0x39A9, 0x39A9, 0x39A9, 0x39A9, 0x3989, 0x2948,   // 0x1000 (4096) pixels
0x2106, 0x2907, 0x2927, 0x20C6, 0x1084, 0x1064, 0x0001, 0x39A8, 0x9CB4, 0x62ED, 0x2106, 0x18C5, 0x18A5, 0x2106, 0x2927, 0x2106,   // 0x1010 (4112) pixels
0x2106, 0x20E6, 0x1084, 0x0823, 0x1084, 0x2947, 0x39C9, 0x3188, 0x41EA, 0x2906, 0x1084, 0x0022, 0x6BB0, 0xB61A, 0xBEBB, 0xBEDC,   // 0x1020 (4128) pixels
0xBEDC, 0xB6BB, 0xAE9B, 0xAE9A, 0xA659, 0x95F8, 0x85B7, 0x7576, 0x6D35, 0x64F3, 0x5492, 0x5451, 0x4C10, 0x43AF, 0x3B6D, 0x330C,   // 0x1030 (4144) pixels
0x2AAA, 0x2249, 0x2208, 0x19A6, 0x1145, 0x1124, 0x10E3, 0x08A3, 0x0882, 0x0061, 0x0041, 0x0021, 0x0020, 0x0020, 0x0000, 0x0000,   // 0x1040 (4160) pixels
0x0000, 0x0000, 0x0000, 0x0000, 0x0000, 0x0000, 0x0000, 0x0000, 0x0000, 0x0000, 0x0000, 0x0000, 0x0000, 0x0000, 0x0000, 0x0000,   // 0x1050 (4176) pixels
0x0000, 0x0000, 0x0000, 0x0000, 0x0000, 0x0000, 0x0000, 0x0000, 0x0000, 0x0000, 0x0000, 0x0000, 0x0000, 0x0000, 0x0000, 0x0000,   // 0x1060 (4192) pixels
0x0000, 0x0000, 0x0000, 0x0000, 0x0000, 0x0000, 0x0000, 0x0000, 0x0000, 0x0000, 0x0000, 0x0000, 0x0000, 0x0000, 0x0000, 0x0000,   // 0x1070 (4208) pixels
0x0000, 0x0000, 0x0000, 0x0000, 0x0000, 0x0020, 0x0020, 0x0041, 0x0061, 0x08A2, 0x08C3, 0x10E3, 0x1145, 0x1966, 0x21C7, 0x2228,   // 0x1080 (4224) pixels
0x2A8A, 0x2AEB, 0x334C, 0x3B8E, 0x43EF, 0x4C51, 0x5492, 0x64D3, 0x7555, 0x85B7, 0x9E19, 0xAE7A, 0x9DB7, 0x1966, 0x0002, 0x20E6,   // 0x1090 (4240) pixels
0x49EA, 0x3148, 0x2107, 0x2927, 0x4A0B, 0x49EA, 0x2907, 0x1043, 0x1885, 0x2907, 0x2927, 0x20E6, 0x20E7, 0x2907, 0x20E6, 0x20C5,   // 0x10A0 (4256) pixels
0x62EE, 0x8C12, 0x6B0E, 0x18A4, 0x0002, 0x18E6, 0x2106, 0x2106, 0x2107, 0x20E6, 0x2106, 0x2927, 0x2927, 0x2947, 0x3168, 0x3188,   // 0x10B0 (4272) pixels
0x39A9, 0x39A9, 0x3989, 0x3189, 0x3189, 0x3989, 0x39A9, 0x39A9, 0x39A9, 0x3189, 0x3188, 0x3168, 0x2948, 0x2106, 0x20E6, 0x20E6,   // 0x10C0 (4288) pixels
0x2106, 0x2907, 0x2907, 0x20E6, 0x0001, 0x2946, 0x6B4F, 0x8C53, 0x5ACD, 0x20E5, 0x18C5, 0x20E6, 0x2106, 0x2947, 0x2927, 0x2106,   // 0x10D0 (4304) pixels
0x18A5, 0x1884, 0x3148, 0x41EA, 0x4A4B, 0x20C5, 0x2906, 0x41CA, 0x39A9, 0x0843, 0x0022, 0x29A8, 0xC6DC, 0xC6FD, 0xC6FD, 0xBEDC,   // 0x10E0 (4320) pixels
0xB6DC, 0xAEDB, 0xA69A, 0x9639, 0x85F8, 0x7596, 0x6535, 0x5CF3, 0x5492, 0x4C51, 0x4C30, 0x43CF, 0x438E, 0x3B4D, 0x32EB, 0x2A8A,   // 0x10F0 (4336) pixels
0x2229, 0x21E7, 0x1986, 0x1145, 0x1104, 0x10C3, 0x08A2, 0x0062, 0x0041, 0x0041, 0x0041, 0x0021, 0x0020, 0x0000, 0x0000, 0x0000,   // 0x1100 (4352) pixels
0x0000, 0x0000, 0x0000, 0x0000, 0x0000, 0x0000, 0x0000, 0x0000, 0x0000, 0x0000, 0x0000, 0x0000, 0x0000, 0x0000, 0x0000, 0x0000,   // 0x1110 (4368) pixels
0x0000, 0x0000, 0x0000, 0x0000, 0x0000, 0x0000, 0x0000, 0x0000, 0x0000, 0x0000, 0x0000, 0x0000, 0x0000, 0x0000, 0x0000, 0x0000,   // 0x1120 (4384) pixels
0x0000, 0x0000, 0x0000, 0x0000, 0x0000, 0x0000, 0x0000, 0x0000, 0x0000, 0x0000, 0x0000, 0x0000, 0x0000, 0x0000, 0x0000, 0x0000,   // 0x1130 (4400) pixels
0x0000, 0x0000, 0x0020, 0x0020, 0x0040, 0x0061, 0x0081, 0x08A2, 0x10E3, 0x1104, 0x1965, 0x1986, 0x21E8, 0x2A49, 0x2AAA, 0x330C,   // 0x1140 (4416) pixels
0x3B6D, 0x3BAE, 0x4410, 0x4C71, 0x5CB2, 0x6514, 0x7D96, 0x8DF8, 0x9E5A, 0xB6DB, 0xAE18, 0x0083, 0x0843, 0x41CA, 0x3989, 0x20E6,   // 0x1150 (4432) pixels
0x20E6, 0x2968, 0x49EA, 0x4A0B, 0x3148, 0x1885, 0x20C5, 0x2927, 0x2927, 0x2927, 0x2928, 0x2107, 0x1085, 0x20E6, 0x7BD1, 0x5AAC,   // 0x1160 (4448) pixels
0x0822, 0x0001, 0x0844, 0x2127, 0x2107, 0x2106, 0x2107, 0x20E6, 0x2106, 0x2106, 0x20E6, 0x2107, 0x2947, 0x3168, 0x3989, 0x39A9,   // 0x1170 (4464) pixels
0x39A9, 0x3189, 0x3188, 0x3989, 0x39A9, 0x39A9, 0x3188, 0x3168, 0x2927, 0x2927, 0x2106, 0x20E6, 0x2107, 0x2107, 0x20E6, 0x2927,   // 0x1180 (4480) pixels
0x2907, 0x18A5, 0x0843, 0x0001, 0x0822, 0x7390, 0x6B4F, 0x18A4, 0x20E6, 0x2106, 0x2106, 0x2947, 0x18E6, 0x2107, 0x20E6, 0x18A5,   // 0x1190 (4496) pixels
0x41A9, 0x526C, 0x422A, 0x2927, 0x20C5, 0x3147, 0x2927, 0x2927, 0x0002, 0x2967, 0xC71D, 0xCF3D, 0xC73D, 0xBF1D, 0xBEFC, 0xB6FC,   // 0x11A0 (4512) pixels
0xA6BB, 0x9E59, 0x8639, 0x7DD7, 0x6D76, 0x5D14, 0x54B2, 0x4C72, 0x4C51, 0x4410, 0x43AE, 0x3B6D, 0x330C, 0x2AAA, 0x2A69, 0x2208,   // 0x11B0 (4528) pixels
0x19C7, 0x1966, 0x1904, 0x10E4, 0x08C3, 0x0882, 0x0862, 0x0041, 0x0041, 0x0041, 0x0020, 0x0020, 0x0000, 0x0000, 0x0000, 0x0000,   // 0x11C0 (4544) pixels
0x0000, 0x0000, 0x0000, 0x0000, 0x0000, 0x0000, 0x0000, 0x0000, 0x0000, 0x0000, 0x0000, 0x0000, 0x0000, 0x0000, 0x0000, 0x0000,   // 0x11D0 (4560) pixels
0x0000, 0x0000, 0x0000, 0x0000, 0x0000, 0x0000, 0x0000, 0x0000, 0x0000, 0x0000, 0x0000, 0x0000, 0x0000, 0x0000, 0x0000, 0x0000,   // 0x11E0 (4576) pixels
0x0000, 0x0000, 0x0000, 0x0000, 0x0000, 0x0000, 0x0000, 0x0000, 0x0000, 0x0000, 0x0000, 0x0000, 0x0000, 0x0000, 0x0020, 0x0020,   // 0x11F0 (4592) pixels
0x0000, 0x0021, 0x0041, 0x0061, 0x0082, 0x08A3, 0x0904, 0x1125, 0x1166, 0x19C7, 0x2228, 0x2A8A, 0x32EB, 0x332C, 0x3B8E, 0x43CF,   // 0x1200 (4608) pixels
0x4C51, 0x54B2, 0x5CF3, 0x6D35, 0x7DB6, 0x9618, 0xA67A, 0xBEFC, 0xB67A, 0x0084, 0x0843, 0x41CA, 0x2106, 0x2106, 0x18A5, 0x3948,   // 0x1210 (4624) pixels
0x4A2B, 0x3989, 0x2927, 0x2907, 0x2907, 0x2907, 0x2907, 0x20E6, 0x20E7, 0x28E7, 0x1885, 0x41A9, 0x83F1, 0x528B, 0x0001, 0x0863,   // 0x1220 (4640) pixels
0x2107, 0x2107, 0x2106, 0x20E6, 0x20E6, 0x2107, 0x2107, 0x2106, 0x20E6, 0x20E6, 0x20E6, 0x2106, 0x2927, 0x3148, 0x3188, 0x39A9,   // 0x1230 (4656) pixels
0x3189, 0x39A9, 0x39A9, 0x3189, 0x2947, 0x2106, 0x20E6, 0x20E6, 0x2107, 0x20E6, 0x20E6, 0x2107, 0x2107, 0x20E6, 0x20E6, 0x2107,   // 0x1240 (4672) pixels
0x2106, 0x0843, 0x0001, 0x736F, 0x7BB0, 0x3168, 0x1885, 0x20C7, 0x20E6, 0x2907, 0x2107, 0x2107, 0x2107, 0x20E6, 0x2927, 0x4A2B,   // 0x1250 (4688) pixels
0x4A0B, 0x2927, 0x1906, 0x2106, 0x20E6, 0x2906, 0x0002, 0x2167, 0xCF3D, 0xC73D, 0xC73D, 0xC73D, 0xBF3D, 0xBF1D, 0xAEDB, 0xA69A,   // 0x1260 (4704) pixels
0x8E39, 0x85F8, 0x6D76, 0x6534, 0x5CF3, 0x54B2, 0x4C71, 0x4430, 0x43EF, 0x3BAE, 0x334D, 0x2AEB, 0x2AAA, 0x2249, 0x19E7, 0x11A6,   // 0x1270 (4720) pixels
0x1145, 0x0904, 0x08C3, 0x00A2, 0x0062, 0x0041, 0x0041, 0x0020, 0x0020, 0x0020, 0x0000, 0x0000, 0x0000, 0x0000, 0x0000, 0x0000,   // 0x1280 (4736) pixels
0x0000, 0x0000, 0x0000, 0x0000, 0x0000, 0x0000, 0x0000, 0x0000, 0x0000, 0x0000, 0x0000, 0x0000, 0x0000, 0x0000, 0x0000, 0x0000,   // 0x1290 (4752) pixels
0x0000, 0x0000, 0x0000, 0x0000, 0x0000, 0x0000, 0x0000, 0x0000, 0x0000, 0x0000, 0x0000, 0x0000, 0x0000, 0x0000, 0x0000, 0x0000,   // 0x12A0 (4768) pixels
0x0000, 0x0000, 0x0000, 0x0000, 0x0000, 0x0000, 0x0000, 0x0000, 0x0000, 0x0000, 0x0000, 0x0000, 0x0020, 0x0020, 0x0020, 0x0021,   // 0x12B0 (4784) pixels
0x0041, 0x0062, 0x0882, 0x08C3, 0x1104, 0x1145, 0x1986, 0x21E8, 0x2249, 0x2AAA, 0x330C, 0x334D, 0x3BAE, 0x43EF, 0x4C51, 0x54B2,   // 0x12C0 (4800) pixels
0x6514, 0x6D75, 0x85D7, 0x9639, 0xAE9B, 0xBF1D, 0xB67B, 0x08A5, 0x0823, 0x41CA, 0x2927, 0x20E6, 0x2106, 0x3148, 0x4A2B, 0x3148,   // 0x12D0 (4816) pixels
0x20E6, 0x20E6, 0x2907, 0x2907, 0x2927, 0x2927, 0x20C7, 0x20E7, 0x28E6, 0x734F, 0xACF5, 0x526B, 0x0001, 0x0883, 0x2927, 0x2106,   // 0x12E0 (4832) pixels
0x2106, 0x2927, 0x2907, 0x2106, 0x2106, 0x2107, 0x20E6, 0x2106, 0x2106, 0x20E6, 0x2106, 0x2927, 0x3168, 0x3189, 0x39A9, 0x3989,   // 0x12F0 (4848) pixels
0x3168, 0x2927, 0x2107, 0x20E6, 0x20E6, 0x20E6, 0x20E6, 0x20E6, 0x2106, 0x2107, 0x2106, 0x2907, 0x2927, 0x2927, 0x2106, 0x1084,   // 0x1300 (4864) pixels
0x0001, 0x630D, 0xA4F5, 0x6B2E, 0x28E7, 0x20A6, 0x20E6, 0x2907, 0x2107, 0x2107, 0x2927, 0x20E6, 0x20E6, 0x3189, 0x522B, 0x2927,   // 0x1310 (4880) pixels
0x2126, 0x2927, 0x2906, 0x20E6, 0x0002, 0x29C8, 0xCF3D, 0xC73D, 0xC73D, 0xC73D, 0xBF3D, 0xB71C, 0xAEDB, 0xA69B, 0x8E59, 0x8618,   // 0x1320 (4896) pixels
0x6D96, 0x6555, 0x5D14, 0x54D3, 0x4C72, 0x4431, 0x440F, 0x3BAF, 0x336D, 0x330C, 0x2ACA, 0x2269, 0x1A08, 0x19C7, 0x1165, 0x1124,   // 0x1330 (4912) pixels
0x08E3, 0x08A2, 0x0882, 0x0862, 0x0041, 0x0021, 0x0020, 0x0020, 0x0000, 0x0000, 0x0000, 0x0000, 0x0000, 0x0000, 0x0000, 0x0000,   // 0x1340 (4928) pixels
0x0000, 0x0000, 0x0000, 0x0000, 0x0000, 0x0000, 0x0000, 0x0000, 0x0000, 0x0000, 0x0000, 0x0000, 0x0000, 0x0000, 0x0000, 0x0000,   // 0x1350 (4944) pixels
0x0000, 0x0000, 0x0000, 0x0000, 0x0000, 0x0000, 0x0000, 0x0000, 0x0000, 0x0000, 0x0000, 0x0000, 0x0000, 0x0000, 0x0000, 0x0000,   // 0x1360 (4960) pixels
0x0000, 0x0000, 0x0000, 0x0000, 0x0000, 0x0000, 0x0000, 0x0000, 0x0000, 0x0020, 0x0020, 0x0020, 0x0021, 0x0041, 0x0862, 0x0882,   // 0x1370 (4976) pixels
0x08A3, 0x08E3, 0x1125, 0x1965, 0x19A7, 0x2208, 0x2A69, 0x2ACB, 0x332D, 0x3B8E, 0x3BCF, 0x4C30, 0x5472, 0x5CD3, 0x6D35, 0x7596,   // 0x1380 (4992) pixels
0x8E18, 0x9E7A, 0xAEDC, 0xBF3E, 0xBE7B, 0x0864, 0x1864, 0x41A9, 0x2907, 0x18C5, 0x2127, 0x3168, 0x4A0B, 0x3148, 0x20E6, 0x20E6,   // 0x1390 (5008) pixels
0x2907, 0x20E6, 0x20E6, 0x20E6, 0x20C7, 0x18A6, 0x1884, 0x83B0, 0xAD16, 0x4209, 0x0001, 0x10A4, 0x2106, 0x20E6, 0x20E6, 0x2107,   // 0x13A0 (5024) pixels
0x20E6, 0x20E6, 0x20E6, 0x18C6, 0x20E6, 0x2106, 0x2106, 0x20E6, 0x20E6, 0x20E6, 0x2927, 0x2927, 0x3989, 0x3168, 0x2927, 0x20E6,   // 0x13B0 (5040) pixels
0x20E6, 0x20E6, 0x2106, 0x2106, 0x2107, 0x2106, 0x2107, 0x2107, 0x20E6, 0x20E6, 0x2107, 0x20E6, 0x2106, 0x18A4, 0x0001, 0x6B0D,   // 0x13C0 (5056) pixels
0xAD56, 0x736F, 0x1885, 0x20C6, 0x20E6, 0x2107, 0x2106, 0x2107, 0x2927, 0x2106, 0x20E6, 0x2947, 0x524C, 0x2947, 0x2106, 0x20E6,   // 0x13D0 (5072) pixels
0x28E6, 0x28C6, 0x0002, 0x31C8, 0xC73D, 0xC73D, 0xBF3D, 0xBF1D, 0xB71D, 0xB6FC, 0xAEDC, 0xA6BB, 0x967A, 0x8618, 0x75B6, 0x6575,   // 0x13E0 (5088) pixels
0x5D34, 0x54F3, 0x4CB2, 0x4C71, 0x4430, 0x43EF, 0x3B8E, 0x332D, 0x2AEB, 0x2A8A, 0x2228, 0x19E7, 0x1986, 0x1145, 0x0904, 0x08C3,   // 0x13F0 (5104) pixels
0x08A2, 0x0882, 0x0041, 0x0021, 0x0020, 0x0020, 0x0000, 0x0000, 0x0000, 0x0000, 0x0000, 0x0000, 0x0000, 0x0000, 0x0000, 0x0000,   // 0x1400 (5120) pixels
0x0000, 0x0000, 0x0000, 0x0000, 0x0000, 0x0000, 0x0000, 0x0000, 0x0000, 0x0000, 0x0000, 0x0000, 0x0000, 0x0000, 0x0000, 0x0000,   // 0x1410 (5136) pixels
0x0000, 0x0000, 0x0000, 0x0000, 0x0000, 0x0000, 0x0000, 0x0000, 0x0000, 0x0000, 0x0000, 0x0000, 0x0000, 0x0000, 0x0000, 0x0000,   // 0x1420 (5152) pixels
0x0000, 0x0000, 0x0000, 0x0000, 0x0000, 0x0000, 0x0000, 0x0020, 0x0020, 0x0020, 0x0041, 0x0041, 0x0882, 0x08A2, 0x08C3, 0x0904,   // 0x1430 (5168) pixels
0x1145, 0x1986, 0x19C7, 0x2249, 0x2A8A, 0x32EB, 0x3B4D, 0x3BAE, 0x43F0, 0x4C51, 0x5492, 0x64F4, 0x6D55, 0x7DB7, 0x8E39, 0x9E7A,   // 0x1440 (5184) pixels
0xAEDC, 0xBF1D, 0xB67B, 0x0002, 0x0803, 0x28C6, 0x20E6, 0x2127, 0x20E6, 0x2106, 0x3168, 0x2107, 0x20E6, 0x2927, 0x2927, 0x2107,   // 0x1450 (5200) pixels
0x2107, 0x2106, 0x20E7, 0x18A5, 0x20E6, 0x83B0, 0x9C94, 0x4A2A, 0x0822, 0x0864, 0x2927, 0x20E6, 0x20E6, 0x20E6, 0x2907, 0x3989,   // 0x1460 (5216) pixels
0x39A9, 0x3148, 0x20E6, 0x20E6, 0x2106, 0x2106, 0x20E6, 0x20E6, 0x2106, 0x20E6, 0x2927, 0x2927, 0x2106, 0x20E6, 0x2106, 0x2106,   // 0x1470 (5232) pixels
0x2106, 0x20E6, 0x20C6, 0x2907, 0x3168, 0x3989, 0x2907, 0x20C6, 0x20E6, 0x20E6, 0x2927, 0x0822, 0x0001, 0x5ACC, 0xA4D5, 0x7B90,   // 0x1480 (5248) pixels
0x18A5, 0x20C6, 0x20E6, 0x2907, 0x2107, 0x2106, 0x2907, 0x2907, 0x2107, 0x2947, 0x3148, 0x2106, 0x2106, 0x20E6, 0x3927, 0x28E6,   // 0x1490 (5264) pixels
0x0002, 0x1946, 0xBF3D, 0xBF3D, 0xB71D, 0xB6FC, 0xAEFC, 0xA6DC, 0xA6DB, 0x9EBB, 0x8E7A, 0x8639, 0x75D7, 0x6596, 0x5D55, 0x5514,   // 0x14A0 (5280) pixels
0x54D3, 0x4C92, 0x4430, 0x4410, 0x3BAF, 0x3B6D, 0x330C, 0x2AAA, 0x2249, 0x1A08, 0x19A6, 0x1965, 0x1124, 0x08E3, 0x08A2, 0x0882,   // 0x14B0 (5296) pixels
0x0061, 0x0041, 0x0020, 0x0020, 0x0000, 0x0000, 0x0000, 0x0000, 0x0000, 0x0000, 0x0000, 0x0000, 0x0000, 0x0000, 0x0000, 0x0000,   // 0x14C0 (5312) pixels
0x0000, 0x0000, 0x0000, 0x0000, 0x0000, 0x0000, 0x0000, 0x0000, 0x0000, 0x0000, 0x0000, 0x0000, 0x0000, 0x0000, 0x0000, 0x0000,   // 0x14D0 (5328) pixels
0x0000, 0x0000, 0x0000, 0x0000, 0x0000, 0x0000, 0x0000, 0x0000, 0x0000, 0x0000, 0x0000, 0x0000, 0x0000, 0x0000, 0x0000, 0x0000,   // 0x14E0 (5344) pixels
0x0000, 0x0000, 0x0000, 0x0000, 0x0000, 0x0020, 0x0020, 0x0020, 0x0041, 0x0041, 0x0082, 0x08A2, 0x08E3, 0x1124, 0x1165, 0x19A6,   // 0x14F0 (5360) pixels
0x1A08, 0x2A49, 0x2AAB, 0x330C, 0x3B8E, 0x3BCF, 0x4430, 0x4C71, 0x5CB3, 0x6514, 0x6D76, 0x75B7, 0x8619, 0x965A, 0x9E9B, 0xAEDC,   // 0x1500 (5376) pixels
0x9E18, 0x21A8, 0x0003, 0x0802, 0x20E6, 0x2927, 0x18E6, 0x2107, 0x20E6, 0x20E6, 0x2907, 0x2927, 0x2107, 0x2107, 0x2927, 0x20E6,   // 0x1510 (5392) pixels
0x1885, 0x3168, 0x7BB1, 0x8C12, 0x3967, 0x0002, 0x0002, 0x18E6, 0x2906, 0x2906, 0x2927, 0x3147, 0x39A9, 0x526C, 0x5A8D, 0x4A2B,   // 0x1520 (5408) pixels
0x3168, 0x2106, 0x20E6, 0x2106, 0x20E6, 0x2106, 0x2927, 0x2907, 0x20E6, 0x20E6, 0x2106, 0x2106, 0x2106, 0x2106, 0x2106, 0x2106,   // 0x1530 (5424) pixels
0x2906, 0x41EA, 0x526C, 0x5A8C, 0x41EA, 0x3168, 0x3148, 0x20E6, 0x20C6, 0x20E6, 0x1063, 0x0822, 0x39A8, 0x9CB4, 0x7B90, 0x2927,   // 0x1540 (5440) pixels
0x20E6, 0x2927, 0x2927, 0x2107, 0x2107, 0x2106, 0x20E6, 0x2107, 0x2107, 0x2127, 0x2127, 0x2907, 0x28C6, 0x0802, 0x0002, 0x21C8,   // 0x1550 (5456) pixels
0xB73D, 0xB71D, 0xAEFC, 0xA6DC, 0xA6BB, 0x9EBB, 0x969B, 0x969B, 0x8E79, 0x7E38, 0x75F7, 0x6596, 0x5D75, 0x5534, 0x54F3, 0x4CD3,   // 0x1560 (5472) pixels
0x4C51, 0x4430, 0x3BCF, 0x3B8E, 0x332D, 0x2ACB, 0x2269, 0x2228, 0x19A6, 0x1966, 0x1124, 0x08E3, 0x08C3, 0x0882, 0x0061, 0x0041,   // 0x1570 (5488) pixels
0x0020, 0x0020, 0x0020, 0x0000, 0x0000, 0x0000, 0x0000, 0x0000, 0x0000, 0x0000, 0x0000, 0x0000, 0x0000, 0x0000, 0x0000, 0x0000,   // 0x1580 (5504) pixels
0x0000, 0x0000, 0x0000, 0x0000, 0x0000, 0x0000, 0x0000, 0x0000, 0x0000, 0x0000, 0x0000, 0x0000, 0x0000, 0x0000, 0x0000, 0x0000,   // 0x1590 (5520) pixels
0x0000, 0x0000, 0x0000, 0x0000, 0x0000, 0x0000, 0x0000, 0x0000, 0x0000, 0x0000, 0x0000, 0x0000, 0x0000, 0x0000, 0x0000, 0x0000,   // 0x15A0 (5536) pixels
0x0000, 0x0000, 0x0000, 0x0020, 0x0020, 0x0040, 0x0041, 0x0061, 0x0082, 0x08C3, 0x08E3, 0x1124, 0x1986, 0x19C6, 0x2228, 0x2A8A,   // 0x15B0 (5552) pixels
0x32EB, 0x332C, 0x3BAE, 0x43EF, 0x4450, 0x4C92, 0x5CF3, 0x6535, 0x6576, 0x6DB6, 0x7E18, 0x8639, 0x8E59, 0x969A, 0xA6FB, 0x9DF8,   // 0x15C0 (5568) pixels
0x31C9, 0x0823, 0x2927, 0x2106, 0x1906, 0x2947, 0x20E6, 0x2107, 0x2927, 0x2107, 0x20E6, 0x20E6, 0x2107, 0x20E6, 0x20E6, 0x3168,   // 0x15D0 (5584) pixels
0x9CB5, 0x9432, 0x0801, 0x0802, 0x2107, 0x2127, 0x20C5, 0x3168, 0x4A0A, 0x524B, 0x526C, 0x5A8C, 0x5A8C, 0x526C, 0x526C, 0x3168,   // 0x15E0 (5600) pixels
0x20E6, 0x2106, 0x20E6, 0x20E6, 0x2107, 0x2106, 0x20E6, 0x20E6, 0x2106, 0x2106, 0x20E6, 0x20E6, 0x20E6, 0x2106, 0x41EA, 0x5AAD,   // 0x15F0 (5616) pixels
0x62CD, 0x5AAD, 0x5A8D, 0x526C, 0x524B, 0x3168, 0x20C6, 0x20E6, 0x18C5, 0x0001, 0x18A4, 0xA4F5, 0x9473, 0x2906, 0x18C6, 0x20E6,   // 0x1600 (5632) pixels
0x2907, 0x2907, 0x2107, 0x20E6, 0x20E6, 0x20E6, 0x20E6, 0x20E6, 0x2106, 0x2927, 0x20C6, 0x0002, 0x4ACC, 0xA659, 0xAF1D, 0xAEFC,   // 0x1610 (5648) pixels
0xA6DC, 0x9EBB, 0x967A, 0x8E7A, 0x8E5A, 0x865A, 0x8639, 0x7618, 0x6DD7, 0x6596, 0x5D75, 0x5D55, 0x5514, 0x4CD3, 0x4C71, 0x4451,   // 0x1620 (5664) pixels
0x43F0, 0x3BAE, 0x3B4D, 0x32EB, 0x2A8A, 0x2249, 0x21C7, 0x1986, 0x1144, 0x08E3, 0x08C3, 0x0882, 0x0061, 0x0041, 0x0040, 0x0020,   // 0x1630 (5680) pixels
0x0020, 0x0000, 0x0020, 0x0000, 0x0000, 0x0000, 0x0000, 0x0000, 0x0000, 0x0000, 0x0000, 0x0000, 0x0000, 0x0000, 0x0000, 0x0000,   // 0x1640 (5696) pixels
0x0000, 0x0000, 0x0000, 0x0000, 0x0000, 0x0000, 0x0000, 0x0000, 0x0000, 0x0000, 0x0000, 0x0000, 0x0000, 0x0000, 0x0000, 0x0000,   // 0x1650 (5712) pixels
0x0000, 0x0000, 0x0000, 0x0000, 0x0000, 0x0000, 0x0000, 0x0000, 0x0000, 0x0000, 0x0000, 0x0000, 0x0000, 0x0000, 0x0000, 0x0000,   // 0x1660 (5728) pixels
0x0020, 0x0020, 0x0020, 0x0040, 0x0041, 0x0062, 0x08A2, 0x08C3, 0x0904, 0x1145, 0x19A6, 0x19E7, 0x2249, 0x2AAB, 0x330C, 0x334D,   // 0x1670 (5744) pixels
0x3BCF, 0x4410, 0x4451, 0x4CB2, 0x5514, 0x5D55, 0x6575, 0x65B6, 0x6DF7, 0x7618, 0x7E18, 0x8659, 0x8699, 0xB71C, 0x322A, 0x0002,   // 0x1680 (5760) pixels
0x1885, 0x18E6, 0x18E6, 0x20E6, 0x20E6, 0x20E6, 0x2106, 0x2107, 0x20E6, 0x2107, 0x2927, 0x2107, 0x18A5, 0x3168, 0xA4B5, 0x9453,   // 0x1690 (5776) pixels
0x0802, 0x0802, 0x18C6, 0x18C6, 0x3148, 0x4A2B, 0x5A8D, 0x5A8C, 0x5A8C, 0x5A8C, 0x5A6C, 0x5A8C, 0x5ACE, 0x3168, 0x18C5, 0x20E6,   // 0x16A0 (5792) pixels
0x20E6, 0x20E6, 0x20E6, 0x20E6, 0x2106, 0x20E6, 0x20E6, 0x20E6, 0x20E6, 0x20E6, 0x18C6, 0x18C5, 0x4A2B, 0x62CD, 0x526C, 0x526C,   // 0x16B0 (5808) pixels
0x5AAD, 0x5A8D, 0x5A8D, 0x522B, 0x3989, 0x20E6, 0x1084, 0x0001, 0x20E5, 0xA515, 0x9453, 0x18A5, 0x20E6, 0x20E6, 0x20E6, 0x2107,   // 0x16C0 (5824) pixels
0x2907, 0x2107, 0x2107, 0x2107, 0x2907, 0x20E6, 0x2106, 0x20C6, 0x1044, 0x0002, 0x5BAF, 0xBF9E, 0xA71C, 0xA6FC, 0x9EBB, 0x969A,   // 0x16D0 (5840) pixels
0x8E5A, 0x8639, 0x7E19, 0x7E19, 0x75F8, 0x75D7, 0x65B7, 0x5D96, 0x5D75, 0x5555, 0x5514, 0x4CF3, 0x4C92, 0x4C71, 0x4410, 0x3BCF,   // 0x16E0 (5856) pixels
0x3B6D, 0x330C, 0x2AAA, 0x2269, 0x21E7, 0x19A6, 0x1145, 0x0904, 0x08C3, 0x08A2, 0x0062, 0x0041, 0x0040, 0x0020, 0x0020, 0x0020,   // 0x16F0 (5872) pixels
0x0020, 0x0000, 0x0000, 0x0000, 0x0000, 0x0000, 0x0000, 0x0000, 0x0000, 0x0000, 0x0000, 0x0000, 0x0000, 0x0000, 0x0000, 0x0000,   // 0x1700 (5888) pixels
0x0000, 0x0000, 0x0000, 0x0000, 0x0000, 0x0000, 0x0000, 0x0000, 0x0000, 0x0000, 0x0000, 0x0000, 0x0000, 0x0000, 0x0000, 0x0000,   // 0x1710 (5904) pixels
0x0000, 0x0000, 0x0000, 0x0000, 0x0000, 0x0000, 0x0000, 0x0000, 0x0000, 0x0000, 0x0000, 0x0000, 0x0000, 0x0000, 0x0020, 0x0020,   // 0x1720 (5920) pixels
0x0020, 0x0040, 0x0061, 0x0082, 0x08A2, 0x08E3, 0x1124, 0x1165, 0x19C6, 0x21E7, 0x226A, 0x32CB, 0x330C, 0x3B6D, 0x3BCF, 0x4430,   // 0x1730 (5936) pixels
0x4471, 0x4CD3, 0x5514, 0x5D55, 0x5D75, 0x5DB6, 0x65D7, 0x6DF7, 0x75F7, 0x7E38, 0x7E78, 0xA6FB, 0x42ED, 0x1084, 0x0823, 0x2106,   // 0x1740 (5952) pixels
0x2127, 0x2106, 0x2927, 0x20E6, 0x20E6, 0x2927, 0x2107, 0x2106, 0x20E6, 0x20E6, 0x3188, 0x5AAC, 0x9C74, 0x83D1, 0x1023, 0x0002,   // 0x1750 (5968) pixels
0x18A5, 0x31AA, 0x4A2B, 0x5A6C, 0x41E9, 0x3147, 0x41EA, 0x5A8C, 0x5AAC, 0x5A8C, 0x526C, 0x20E6, 0x0843, 0x18C5, 0x2107, 0x2106,   // 0x1760 (5984) pixels
0x2106, 0x20E6, 0x2106, 0x20E6, 0x20E6, 0x2106, 0x2107, 0x20E6, 0x18A5, 0x1064, 0x4A0A, 0x62CD, 0x5AAD, 0x5AAD, 0x524B, 0x3168,   // 0x1770 (6000) pixels
0x39A8, 0x4A2A, 0x4A2C, 0x3168, 0x18A5, 0x0001, 0x1883, 0x8C32, 0x9453, 0x524B, 0x3168, 0x2927, 0x20E6, 0x20E6, 0x2107, 0x2907,   // 0x1780 (6016) pixels
0x2107, 0x2107, 0x28E6, 0x20E6, 0x2927, 0x1884, 0x0843, 0x08A4, 0x5C31, 0xA73C, 0xA6FC, 0xA6DC, 0x9EBB, 0x8E7A, 0x8639, 0x7E18,   // 0x1790 (6032) pixels
0x75F8, 0x75D8, 0x75D7, 0x6DB7, 0x65B6, 0x5D96, 0x5D95, 0x5555, 0x5514, 0x4CF3, 0x4CB2, 0x4C71, 0x4430, 0x43CF, 0x3B8E, 0x332C,   // 0x17A0 (6048) pixels
0x2ACB, 0x226A, 0x21E7, 0x19A6, 0x1165, 0x1104, 0x08E3, 0x08A2, 0x0062, 0x0041, 0x0040, 0x0020, 0x0020, 0x0020, 0x0020, 0x0000,   // 0x17B0 (6064) pixels
0x0000, 0x0000, 0x0000, 0x0000, 0x0000, 0x0000, 0x0000, 0x0000, 0x0000, 0x0000, 0x0000, 0x0000, 0x0000, 0x0000, 0x0000, 0x0000,   // 0x17C0 (6080) pixels
0x0000, 0x0000, 0x0000, 0x0000, 0x0000, 0x0000, 0x0000, 0x0000, 0x0000, 0x0000, 0x0000, 0x0000, 0x0000, 0x0000, 0x0000, 0x0000,   // 0x17D0 (6096) pixels
0x0000, 0x0000, 0x0000, 0x0000, 0x0000, 0x0000, 0x0000, 0x0000, 0x0000, 0x0000, 0x0000, 0x0000, 0x0000, 0x0020, 0x0040, 0x0041,   // 0x17E0 (6112) pixels
0x0061, 0x0882, 0x08A2, 0x10E3, 0x1124, 0x1186, 0x19E7, 0x1A28, 0x228A, 0x2ACB, 0x332D, 0x3BAE, 0x3BF0, 0x4451, 0x4C92, 0x4CB3,   // 0x17F0 (6128) pixels
0x54F4, 0x5535, 0x5D76, 0x6596, 0x6596, 0x65B7, 0x6DF7, 0x6E18, 0x7E18, 0x8EDB, 0x8EBA, 0x7D56, 0x08A5, 0x2085, 0x28E6, 0x2105,   // 0x1800 (6144) pixels
0x20E6, 0x18C6, 0x2927, 0x20E6, 0x2106, 0x20E6, 0x20E6, 0x20E5, 0x7B90, 0x9CB5, 0x3968, 0x1064, 0x0002, 0x0823, 0x3168, 0x5AAD,   // 0x1810 (6160) pixels
0x526D, 0x3168, 0x2927, 0x20C5, 0x2906, 0x39A8, 0x526C, 0x5AAD, 0x4A4C, 0x2107, 0x1064, 0x20C6, 0x2907, 0x2106, 0x20E6, 0x2107,   // 0x1820 (6176) pixels
0x2106, 0x20E6, 0x2106, 0x2107, 0x2106, 0x20E6, 0x18C5, 0x0844, 0x41EB, 0x5A8D, 0x62CD, 0x4A0A, 0x2926, 0x18A5, 0x20C5, 0x3148,   // 0x1830 (6192) pixels
0x524D, 0x62CE, 0x3168, 0x0002, 0x0002, 0x1884, 0x4A0A, 0xAD15, 0x6B0E, 0x28E6, 0x20E6, 0x20E6, 0x2927, 0x20E6, 0x2106, 0x2106,   // 0x1840 (6208) pixels
0x1146, 0x2127, 0x2085, 0x1885, 0x2A0A, 0x8DF8, 0x967A, 0x969B, 0x9EBC, 0x96BB, 0x8E7A, 0x865A, 0x7639, 0x6DF8, 0x6DF7, 0x65D7,   // 0x1850 (6224) pixels
0x5DB7, 0x5DB6, 0x5D96, 0x5D96, 0x5D75, 0x5555, 0x5534, 0x4D14, 0x4CB3, 0x4C92, 0x4451, 0x43F0, 0x3BAE, 0x334D, 0x2ACB, 0x228A,   // 0x1860 (6240) pixels
0x2228, 0x19C7, 0x1166, 0x1145, 0x08E3, 0x08A2, 0x0061, 0x0061, 0x0041, 0x0040, 0x0020, 0x0000, 0x0000, 0x0000, 0x0000, 0x0000,   // 0x1870 (6256) pixels
0x0000, 0x0000, 0x0000, 0x0000, 0x0000, 0x0000, 0x0000, 0x0000, 0x0000, 0x0000, 0x0000, 0x0000, 0x0000, 0x0000, 0x0000, 0x0000,   // 0x1880 (6272) pixels
0x0000, 0x0000, 0x0000, 0x0000, 0x0000, 0x0000, 0x0000, 0x0000, 0x0000, 0x0000, 0x0000, 0x0000, 0x0000, 0x0000, 0x0000, 0x0000,   // 0x1890 (6288) pixels
0x0000, 0x0000, 0x0000, 0x0000, 0x0000, 0x0000, 0x0000, 0x0000, 0x0000, 0x0000, 0x0000, 0x0020, 0x0041, 0x0041, 0x0061, 0x0882,   // 0x18A0 (6304) pixels
0x08C3, 0x10E4, 0x1125, 0x1986, 0x19E7, 0x2228, 0x228A, 0x2AEB, 0x334D, 0x3BAF, 0x4410, 0x4451, 0x4CB2, 0x4CD3, 0x54F4, 0x5535,   // 0x18B0 (6320) pixels
0x5D55, 0x5D76, 0x5D96, 0x65B6, 0x65D7, 0x6DF8, 0x7E17, 0x7E38, 0x96FB, 0x85B8, 0x0023, 0x0002, 0x20A5, 0x2926, 0x2927, 0x2106,   // 0x18C0 (6336) pixels
0x2927, 0x18C6, 0x20E6, 0x2927, 0x2927, 0x20C5, 0x6B2E, 0x9CB5, 0x20E6, 0x0002, 0x0802, 0x1084, 0x3168, 0x3168, 0x20E7, 0x1885,   // 0x18D0 (6352) pixels
0x20E6, 0x18A5, 0x18A5, 0x20C5, 0x2907, 0x2927, 0x2107, 0x1064, 0x1064, 0x18C6, 0x2107, 0x2107, 0x2106, 0x20E6, 0x2106, 0x20E6,   // 0x18E0 (6368) pixels
0x2106, 0x2107, 0x2106, 0x2106, 0x18C5, 0x1064, 0x1885, 0x3128, 0x3148, 0x18A4, 0x1064, 0x20C5, 0x20E6, 0x20C6, 0x2928, 0x2928,   // 0x18F0 (6384) pixels
0x3168, 0x2906, 0x0802, 0x0001, 0x39A8, 0xAD15, 0x6B0E, 0x18A5, 0x2906, 0x2927, 0x2907, 0x2927, 0x2927, 0x2107, 0x1906, 0x20E6,   // 0x1900 (6400) pixels
0x1864, 0x0002, 0x21E9, 0xA6DC, 0x8E9A, 0x8659, 0x8E7B, 0x8E7A, 0x865A, 0x7E39, 0x7618, 0x6DF8, 0x65D7, 0x65D7, 0x5DB7, 0x5DB6,   // 0x1910 (6416) pixels
0x5D96, 0x5D96, 0x5D76, 0x5555, 0x5534, 0x4D14, 0x4CD3, 0x4C92, 0x4451, 0x4410, 0x3BAF, 0x3B4D, 0x32EB, 0x2AAA, 0x2249, 0x19E7,   // 0x1920 (6432) pixels
0x1186, 0x1145, 0x0904, 0x08A2, 0x0081, 0x0061, 0x0041, 0x0040, 0x0020, 0x0000, 0x0000, 0x0000, 0x0000, 0x0000, 0x0000, 0x0000,   // 0x1930 (6448) pixels
0x0000, 0x0000, 0x0000, 0x0000, 0x0000, 0x0000, 0x0000, 0x0000, 0x0000, 0x0000, 0x0000, 0x0000, 0x0000, 0x0000, 0x0000, 0x0000,   // 0x1940 (6464) pixels
0x0000, 0x0000, 0x0000, 0x0000, 0x0000, 0x0000, 0x0000, 0x0000, 0x0000, 0x0000, 0x0000, 0x0000, 0x0000, 0x0000, 0x0000, 0x0000,   // 0x1950 (6480) pixels
0x0000, 0x0000, 0x0000, 0x0000, 0x0000, 0x0000, 0x0000, 0x0000, 0x0000, 0x0020, 0x0041, 0x0041, 0x0081, 0x08A2, 0x10C3, 0x1104,   // 0x1960 (6496) pixels
0x1145, 0x19A6, 0x1A08, 0x2249, 0x2ACB, 0x2B0C, 0x3B6E, 0x43CF, 0x4430, 0x4C72, 0x4CB2, 0x54D3, 0x5514, 0x5535, 0x5D55, 0x5D76,   // 0x1970 (6512) pixels
0x5D96, 0x5D96, 0x65B7, 0x65D7, 0x75F7, 0x7618, 0x869A, 0x6D36, 0x00C5, 0x0023, 0x1043, 0x28E6, 0x2927, 0x20E6, 0x2927, 0x2106,   // 0x1980 (6528) pixels
0x2927, 0x2906, 0x20E6, 0x20E6, 0x7BB1, 0xA4B5, 0x20C5, 0x0002, 0x1064, 0x18A5, 0x2927, 0x18A5, 0x18A6, 0x28E7, 0x20C6, 0x20C5,   // 0x1990 (6544) pixels
0x2927, 0x20C5, 0x1885, 0x1065, 0x0844, 0x1064, 0x18C6, 0x2106, 0x2107, 0x2107, 0x2107, 0x20E6, 0x2106, 0x20E6, 0x2106, 0x2106,   // 0x19A0 (6560) pixels
0x20E6, 0x2106, 0x20E6, 0x1084, 0x1886, 0x1044, 0x0823, 0x18A5, 0x3147, 0x2906, 0x20C6, 0x1885, 0x18A5, 0x20E6, 0x2927, 0x2907,   // 0x19B0 (6576) pixels
0x1063, 0x0002, 0x41E9, 0xB557, 0x6B0E, 0x20C5, 0x20C5, 0x2927, 0x20C6, 0x2927, 0x2106, 0x20E6, 0x3107, 0x28E6, 0x0823, 0x0023,   // 0x19C0 (6592) pixels
0x226A, 0x8639, 0x7E39, 0x7E79, 0x8639, 0x7E39, 0x7E39, 0x7618, 0x6DF8, 0x6DD7, 0x65D7, 0x5DB6, 0x5DB6, 0x5DB6, 0x5D96, 0x5D96,   // 0x19D0 (6608) pixels
0x5D76, 0x5555, 0x5535, 0x4D14, 0x54D3, 0x4CB2, 0x4C71, 0x4430, 0x43CF, 0x3B6D, 0x330C, 0x2ACB, 0x2249, 0x1A08, 0x11A6, 0x1145,   // 0x19E0 (6624) pixels
0x1104, 0x08C3, 0x0082, 0x0861, 0x0041, 0x0040, 0x0020, 0x0020, 0x0000, 0x0000, 0x0000, 0x0000, 0x0000, 0x0000, 0x0000, 0x0000,   // 0x19F0 (6640) pixels
0x0000, 0x0000, 0x0000, 0x0000, 0x0000, 0x0000, 0x0000, 0x0000, 0x0000, 0x0000, 0x0000, 0x0000, 0x0000, 0x0000, 0x0000, 0x0000,   // 0x1A00 (6656) pixels
0x0000, 0x0000, 0x0000, 0x0000, 0x0000, 0x0000, 0x0000, 0x0000, 0x0000, 0x0000, 0x0000, 0x0000, 0x0000, 0x0000, 0x0000, 0x0000,   // 0x1A10 (6672) pixels
0x0000, 0x0000, 0x0000, 0x0000, 0x0000, 0x0000, 0x0000, 0x0020, 0x0041, 0x0861, 0x0882, 0x08A2, 0x10C3, 0x1104, 0x1945, 0x19A7,   // 0x1A20 (6688) pixels
0x2228, 0x2269, 0x2ACB, 0x332C, 0x3B8E, 0x43EF, 0x4431, 0x4C92, 0x4CD3, 0x4CF3, 0x5514, 0x5535, 0x5D75, 0x5D76, 0x5D76, 0x5D96,   // 0x1A30 (6704) pixels
0x5DB6, 0x65D7, 0x6DB6, 0x7618, 0x7618, 0x7E19, 0x74F5, 0x530E, 0x0002, 0x2064, 0x20E6, 0x2106, 0x2106, 0x20E6, 0x2906, 0x20E6,   // 0x1A40 (6720) pixels
0x39A9, 0x7B90, 0x83F2, 0x7370, 0x1884, 0x0002, 0x1084, 0x20E6, 0x2127, 0x20E6, 0x18A6, 0x3148, 0x62EE, 0x630E, 0x62ED, 0x526C,   // 0x1A50 (6736) pixels
0x0844, 0x0824, 0x1064, 0x18C6, 0x2907, 0x2907, 0x2106, 0x2107, 0x2907, 0x2106, 0x2106, 0x20E6, 0x2106, 0x2106, 0x20E6, 0x2106,   // 0x1A60 (6752) pixels
0x20E6, 0x18A5, 0x0824, 0x0824, 0x0003, 0x39A9, 0x7BB0, 0x7370, 0x6B2F, 0x4A0B, 0x1084, 0x18A5, 0x20E6, 0x2106, 0x1063, 0x0001,   // 0x1A70 (6768) pixels
0x2947, 0x83F1, 0x8C12, 0x6AEE, 0x2927, 0x2907, 0x20C6, 0x20E6, 0x20E6, 0x2107, 0x30A6, 0x2085, 0x0884, 0x5BF1, 0x7596, 0x75F7,   // 0x1A80 (6784) pixels
0x6E18, 0x65D7, 0x75F8, 0x75F8, 0x75F8, 0x6DF8, 0x6DD7, 0x65D7, 0x65B6, 0x5DB6, 0x5DB6, 0x5DB6, 0x5D96, 0x5D96, 0x5D76, 0x5555,   // 0x1A90 (6800) pixels
0x5535, 0x5534, 0x54F3, 0x4CB3, 0x4C71, 0x4430, 0x43EF, 0x3B6D, 0x330C, 0x2ACB, 0x2249, 0x1A08, 0x11A6, 0x1165, 0x1124, 0x08C3,   // 0x1AA0 (6816) pixels
0x0882, 0x0081, 0x0041, 0x0040, 0x0020, 0x0020, 0x0020, 0x0000, 0x0000, 0x0000, 0x0000, 0x0000, 0x0000, 0x0000, 0x0000, 0x0000,   // 0x1AB0 (6832) pixels
0x0000, 0x0000, 0x0000, 0x0000, 0x0000, 0x0000, 0x0000, 0x0000, 0x0000, 0x0000, 0x0000, 0x0000, 0x0000, 0x0000, 0x0000, 0x0000,   // 0x1AC0 (6848) pixels
0x0000, 0x0000, 0x0000, 0x0000, 0x0000, 0x0000, 0x0000, 0x0000, 0x0000, 0x0000, 0x0000, 0x0000, 0x0000, 0x0000, 0x0000, 0x0000,   // 0x1AD0 (6864) pixels
0x0000, 0x0000, 0x0000, 0x0000, 0x0020, 0x0020, 0x0041, 0x0861, 0x0882, 0x08A2, 0x10E3, 0x1104, 0x1965, 0x19C7, 0x2228, 0x2A69,   // 0x1AE0 (6880) pixels
0x2AEC, 0x332C, 0x3B8E, 0x43EF, 0x4431, 0x4C92, 0x4CD3, 0x54F4, 0x5535, 0x5D55, 0x5D76, 0x5D96, 0x5D96, 0x5D96, 0x5DB6, 0x65D7,   // 0x1AF0 (6896) pixels
0x7618, 0x6E18, 0x6596, 0x7618, 0x8E5A, 0x53D0, 0x0002, 0x1885, 0x20E6, 0x2927, 0x2106, 0x20E6, 0x2927, 0x20C5, 0x41CA, 0xA4F5,   // 0x1B00 (6912) pixels
0x62CD, 0x20E5, 0x0002, 0x0002, 0x1064, 0x2126, 0x18A5, 0x18A5, 0x39CA, 0x62EE, 0x39A9, 0x3187, 0x2926, 0x0822, 0x0002, 0x1084,   // 0x1B10 (6928) pixels
0x1064, 0x18C5, 0x20E6, 0x20E6, 0x20E6, 0x20E6, 0x2107, 0x2907, 0x2106, 0x20E6, 0x2106, 0x2106, 0x20E6, 0x2106, 0x2106, 0x18C5,   // 0x1B20 (6944) pixels
0x1085, 0x0003, 0x0002, 0x0001, 0x2926, 0x39A8, 0x39C9, 0x526C, 0x4A4B, 0x18C5, 0x1084, 0x2926, 0x0843, 0x0001, 0x0843, 0x2926,   // 0x1B30 (6960) pixels
0x83B1, 0x9453, 0x2906, 0x20E6, 0x2927, 0x20E6, 0x2927, 0x2907, 0x38E7, 0x0002, 0x0063, 0x6CF4, 0x7E38, 0x6596, 0x6E38, 0x6618,   // 0x1B40 (6976) pixels
0x6DD7, 0x6DD7, 0x6DD7, 0x6DD7, 0x65D7, 0x65D7, 0x65B6, 0x5DB6, 0x5DB6, 0x5DB6, 0x5D96, 0x5D96, 0x5D96, 0x5D75, 0x5555, 0x5534,   // 0x1B50 (6992) pixels
0x4CF3, 0x4CD3, 0x4C91, 0x4430, 0x3BEF, 0x3B8E, 0x332C, 0x2AEB, 0x2269, 0x1A08, 0x11A6, 0x1165, 0x1124, 0x08C3, 0x0882, 0x0081,   // 0x1B60 (7008) pixels
0x0041, 0x0040, 0x0020, 0x0020, 0x0020, 0x0000, 0x0000, 0x0000, 0x0000, 0x0000, 0x0000, 0x0000, 0x0000, 0x0000, 0x0000, 0x0000,   // 0x1B70 (7024) pixels
0x0000, 0x0000, 0x0000, 0x0000, 0x0000, 0x0000, 0x0000, 0x0000, 0x0000, 0x0000, 0x0000, 0x0000, 0x0000, 0x0000, 0x0000, 0x0000,   // 0x1B80 (7040) pixels
0x0000, 0x0000, 0x0000, 0x0000, 0x0000, 0x0000, 0x0000, 0x0000, 0x0000, 0x0000, 0x0000, 0x0000, 0x0000, 0x0000, 0x0000, 0x0000,   // 0x1B90 (7056) pixels
0x0000, 0x0000, 0x0020, 0x0040, 0x0041, 0x0861, 0x0882, 0x08A2, 0x10E3, 0x1924, 0x1966, 0x21C7, 0x2249, 0x2A8A, 0x2B0C, 0x334D,   // 0x1BA0 (7072) pixels
0x3BAE, 0x4410, 0x4451, 0x4C92, 0x4CD3, 0x54F4, 0x5535, 0x5555, 0x5D76, 0x5D96, 0x5D96, 0x5D96, 0x5DB6, 0x5DB7, 0x5D96, 0x65B7,   // 0x1BB0 (7088) pixels
0x65B7, 0x6DD8, 0x6DF8, 0x4C52, 0x0987, 0x0022, 0x1064, 0x20E6, 0x2927, 0x2927, 0x2106, 0x18A5, 0x41EA, 0xAD16, 0x526B, 0x0001,   // 0x1BC0 (7104) pixels
0x0002, 0x0022, 0x0843, 0x2106, 0x18E6, 0x39CA, 0x6B70, 0x4A4B, 0x0001, 0x0001, 0x0000, 0x0001, 0x0843, 0x0001, 0x1064, 0x18C5,   // 0x1BD0 (7120) pixels
0x20E6, 0x20E6, 0x2107, 0x2106, 0x20E6, 0x2106, 0x2106, 0x20E6, 0x2106, 0x2106, 0x20E6, 0x2106, 0x2106, 0x18C5, 0x1064, 0x0002,   // 0x1BE0 (7136) pixels
0x0863, 0x0001, 0x0021, 0x0001, 0x0022, 0x41E9, 0x7390, 0x4A6B, 0x2946, 0x20E5, 0x1084, 0x0022, 0x0002, 0x0001, 0x7B90, 0x9454,   // 0x1BF0 (7152) pixels
0x2906, 0x20C5, 0x2906, 0x2106, 0x2927, 0x18A5, 0x0823, 0x0063, 0x1A4A, 0x6555, 0x65B6, 0x6596, 0x5DB6, 0x5DB6, 0x65D7, 0x65D7,   // 0x1C00 (7168) pixels
0x65D7, 0x65D7, 0x65D7, 0x5DB7, 0x5DB6, 0x5DB6, 0x5DB6, 0x5D96, 0x5D96, 0x5D96, 0x5D96, 0x5D75, 0x5555, 0x5535, 0x4CF3, 0x4CD3,   // 0x1C10 (7184) pixels
0x4491, 0x4430, 0x43EF, 0x338E, 0x2B2C, 0x2AEB, 0x2269, 0x2228, 0x19C6, 0x1165, 0x1124, 0x08C3, 0x0082, 0x0081, 0x0041, 0x0040,   // 0x1C20 (7200) pixels
0x0020, 0x0020, 0x0020, 0x0020, 0x0000, 0x0000, 0x0000, 0x0000, 0x0000, 0x0000, 0x0000, 0x0000, 0x0000, 0x0000, 0x0000, 0x0000,   // 0x1C30 (7216) pixels
0x0000, 0x0000, 0x0000, 0x0000, 0x0000, 0x0000, 0x0000, 0x0000, 0x0000, 0x0000, 0x0000, 0x0000, 0x0000, 0x0000, 0x0000, 0x0000,   // 0x1C40 (7232) pixels
0x0000, 0x0000, 0x0000, 0x0000, 0x0000, 0x0000, 0x0000, 0x0000, 0x0000, 0x0000, 0x0000, 0x0000, 0x0000, 0x0000, 0x0000, 0x0000,   // 0x1C50 (7248) pixels
0x0020, 0x0040, 0x0041, 0x0861, 0x0882, 0x08C2, 0x10E4, 0x1925, 0x1986, 0x21E7, 0x2A49, 0x2AAA, 0x332C, 0x3B4D, 0x43CF, 0x4410,   // 0x1C60 (7264) pixels
0x4C71, 0x4CB2, 0x4CD3, 0x5514, 0x5555, 0x5555, 0x5D75, 0x5D96, 0x5D96, 0x5D96, 0x5DB6, 0x5DB6, 0x5DD7, 0x65D7, 0x65B7, 0x5D97,   // 0x1C70 (7280) pixels
0x5DF7, 0x6DF8, 0x64F4, 0x226A, 0x0002, 0x18A5, 0x2927, 0x2106, 0x18A5, 0x41C9, 0x6B2F, 0x9474, 0x41EA, 0x0002, 0x0822, 0x0002,   // 0x1C80 (7296) pixels
0x0823, 0x10A4, 0x2947, 0x52AD, 0x2126, 0x0001, 0x0000, 0x8C51, 0xB596, 0xB5B7, 0x8C52, 0x0842, 0x0844, 0x18C6, 0x2907, 0x2107,   // 0x1C90 (7312) pixels
0x2107, 0x2107, 0x20E6, 0x20E6, 0x2106, 0x20E6, 0x2106, 0x2106, 0x20E6, 0x2106, 0x2106, 0x18C5, 0x0002, 0x0022, 0x9493, 0xBDF8,   // 0x1CA0 (7328) pixels
0xCE7A, 0x8431, 0x0000, 0x0842, 0x3187, 0x4A6B, 0x39A8, 0x18A4, 0x0843, 0x0002, 0x0001, 0x0022, 0x734F, 0x7BB1, 0x5A8C, 0x4A0A,   // 0x1CB0 (7344) pixels
0x20C5, 0x2907, 0x2927, 0x1064, 0x0064, 0x432D, 0x6555, 0x6DF7, 0x65D7, 0x6DF7, 0x5D96, 0x5DF7, 0x65D7, 0x65D7, 0x5DB7, 0x5DB7,   // 0x1CC0 (7360) pixels
0x5DB6, 0x5DB6, 0x5DB6, 0x5DB6, 0x5DB6, 0x5D96, 0x5D96, 0x5D96, 0x5D96, 0x5D75, 0x5555, 0x5555, 0x4D13, 0x4CD3, 0x4492, 0x4450,   // 0x1CD0 (7376) pixels
0x3BEF, 0x3BAE, 0x334C, 0x2AEB, 0x2A8A, 0x2228, 0x19C7, 0x1185, 0x1124, 0x08E3, 0x08A2, 0x0082, 0x0041, 0x0040, 0x0020, 0x0020,   // 0x1CE0 (7392) pixels
0x0020, 0x0020, 0x0000, 0x0000, 0x0000, 0x0000, 0x0000, 0x0000, 0x0000, 0x0000, 0x0000, 0x0000, 0x0000, 0x0000, 0x0000, 0x0000,   // 0x1CF0 (7408) pixels
0x0000, 0x0000, 0x0000, 0x0000, 0x0000, 0x0000, 0x0000, 0x0000, 0x0000, 0x0000, 0x0000, 0x0000, 0x0000, 0x0000, 0x0000, 0x0000,   // 0x1D00 (7424) pixels
0x0000, 0x0000, 0x0000, 0x0000, 0x0000, 0x0000, 0x0000, 0x0000, 0x0000, 0x0000, 0x0000, 0x0000, 0x0000, 0x0000, 0x0020, 0x0040,   // 0x1D10 (7440) pixels
0x0861, 0x0861, 0x08A2, 0x10C3, 0x1104, 0x1945, 0x2186, 0x2208, 0x2A69, 0x32AA, 0x332C, 0x3B6D, 0x43CF, 0x4430, 0x4C71, 0x4CB2,   // 0x1D20 (7456) pixels
0x4CF3, 0x5514, 0x5555, 0x5555, 0x5575, 0x5D76, 0x5D96, 0x5D96, 0x5DB6, 0x5DB6, 0x5DD7, 0x5DB7, 0x6597, 0x65D8, 0x5DF7, 0x5DD7,   // 0x1D30 (7472) pixels
0x7E38, 0x6CF4, 0x0823, 0x18C6, 0x2927, 0x20E6, 0x3147, 0x83D2, 0x7370, 0x1884, 0x0822, 0x0002, 0x0002, 0x0002, 0x0843, 0x0002,   // 0x1D40 (7488) pixels
0x0002, 0x0023, 0x0001, 0x0021, 0x0001, 0x7BCF, 0xF79E, 0xE73D, 0x4229, 0x0000, 0x0002, 0x18A5, 0x2106, 0x20E6, 0x20E6, 0x2907,   // 0x1D50 (7504) pixels
0x2107, 0x2106, 0x2106, 0x20E6, 0x2107, 0x2106, 0x20E6, 0x2106, 0x2106, 0x18C5, 0x0001, 0x0021, 0x4208, 0xDEDB, 0xF7BE, 0x4229,   // 0x1D60 (7520) pixels
0x0000, 0x0000, 0x0001, 0x0822, 0x0022, 0x0022, 0x0002, 0x0001, 0x0002, 0x0002, 0x0802, 0x20C5, 0x7370, 0x7B91, 0x20C6, 0x2927,   // 0x1D70 (7536) pixels
0x2907, 0x1064, 0x1167, 0x7D96, 0x6DF7, 0x5595, 0x65D7, 0x6596, 0x5DB6, 0x6617, 0x5DD7, 0x5DD7, 0x5DB6, 0x5DB6, 0x5DB6, 0x5DB6,   // 0x1D80 (7552) pixels
0x5DB6, 0x5DB6, 0x5DB6, 0x5D96, 0x5D96, 0x5D96, 0x5D96, 0x5D76, 0x5555, 0x5555, 0x4D13, 0x4CD3, 0x4492, 0x4451, 0x440F, 0x3BAE,   // 0x1D90 (7568) pixels
0x334C, 0x2B0B, 0x2A8A, 0x2248, 0x19C7, 0x1186, 0x1144, 0x08E3, 0x08A2, 0x0882, 0x0041, 0x0040, 0x0020, 0x0020, 0x0020, 0x0020,   // 0x1DA0 (7584) pixels
0x0000, 0x0000, 0x0000, 0x0000, 0x0000, 0x0000, 0x0000, 0x0000, 0x0000, 0x0000, 0x0000, 0x0000, 0x0000, 0x0000, 0x0000, 0x0000,   // 0x1DB0 (7600) pixels
0x0000, 0x0000, 0x0000, 0x0000, 0x0000, 0x0000, 0x0000, 0x0000, 0x0000, 0x0000, 0x0000, 0x0000, 0x0000, 0x0000, 0x0000, 0x0000,   // 0x1DC0 (7616) pixels
0x0000, 0x0000, 0x0000, 0x0000, 0x0000, 0x0000, 0x0000, 0x0000, 0x0000, 0x0000, 0x0000, 0x0000, 0x0020, 0x0020, 0x0041, 0x0861,   // 0x1DD0 (7632) pixels
0x08A2, 0x10C3, 0x1104, 0x1945, 0x21A7, 0x2208, 0x2A8A, 0x32CB, 0x332D, 0x3B8E, 0x43CF, 0x4430, 0x4C72, 0x54B3, 0x54F4, 0x5514,   // 0x1DE0 (7648) pixels
0x5555, 0x5555, 0x5D76, 0x5D96, 0x5D96, 0x5D96, 0x5DB6, 0x5DB6, 0x5DB6, 0x5DB6, 0x5DB7, 0x5DB6, 0x5DB6, 0x65D7, 0x65D7, 0x5555,   // 0x1DF0 (7664) pixels
0x0063, 0x1044, 0x28E6, 0x2106, 0x3147, 0x8C53, 0x6B4F, 0x0801, 0x0002, 0x0002, 0x0002, 0x0843, 0x1063, 0x0002, 0x0002, 0x1084,   // 0x1E00 (7680) pixels
0x9C32, 0x41E9, 0x0001, 0x0802, 0x9C74, 0xD65B, 0x0022, 0x0001, 0x0002, 0x0843, 0x2126, 0x2126, 0x20E6, 0x2927, 0x20E6, 0x2107,   // 0x1E10 (7696) pixels
0x20E6, 0x20E6, 0x20E6, 0x2907, 0x20E6, 0x2106, 0x2907, 0x1064, 0x0804, 0x0002, 0x0802, 0xAD15, 0xEF3D, 0x18C4, 0x0001, 0x1063,   // 0x1E20 (7712) pixels
0x9451, 0x49E8, 0x0801, 0x0001, 0x0823, 0x0823, 0x0002, 0x0002, 0x0001, 0x0022, 0x7BF2, 0x7BD1, 0x3107, 0x2907, 0x18C5, 0x0063,   // 0x1E30 (7728) pixels
0x0167, 0x7D77, 0x75D8, 0x5D96, 0x5DD7, 0x5DB6, 0x5DB6, 0x65B7, 0x5DB6, 0x5DB6, 0x5DB6, 0x5DB6, 0x5D96, 0x5D96, 0x5D96, 0x5DB6,   // 0x1E40 (7744) pixels
0x5DB6, 0x5D96, 0x5D96, 0x5D96, 0x5D96, 0x5D76, 0x5575, 0x5555, 0x5534, 0x4CF3, 0x44B2, 0x4451, 0x3C10, 0x33AE, 0x336D, 0x2B2C,   // 0x1E50 (7760) pixels
0x228A, 0x2249, 0x19E7, 0x11A6, 0x1145, 0x0904, 0x08C3, 0x0882, 0x0061, 0x0041, 0x0021, 0x0020, 0x0020, 0x0000, 0x0000, 0x0000,   // 0x1E60 (7776) pixels
0x0000, 0x0000, 0x0000, 0x0000, 0x0000, 0x0000, 0x0000, 0x0000, 0x0000, 0x0000, 0x0000, 0x0000, 0x0000, 0x0000, 0x0000, 0x0000,   // 0x1E70 (7792) pixels
0x0000, 0x0000, 0x0000, 0x0000, 0x0000, 0x0000, 0x0000, 0x0000, 0x0000, 0x0000, 0x0000, 0x0000, 0x0000, 0x0000, 0x0000, 0x0000,   // 0x1E80 (7808) pixels
0x0000, 0x0000, 0x0000, 0x0000, 0x0000, 0x0000, 0x0000, 0x0000, 0x0000, 0x0000, 0x0020, 0x0020, 0x0041, 0x0861, 0x08A2, 0x10C3,   // 0x1E90 (7824) pixels
0x1904, 0x1945, 0x21A7, 0x2208, 0x2A8A, 0x32CB, 0x332D, 0x3B8E, 0x43EF, 0x4431, 0x4C72, 0x4CD3, 0x5514, 0x5514, 0x5555, 0x5555,   // 0x1EA0 (7840) pixels
0x5D76, 0x5D96, 0x5D96, 0x5D96, 0x5DB6, 0x5DB6, 0x5DB6, 0x5DB6, 0x5DB7, 0x5DB7, 0x5DB6, 0x65D7, 0x65D7, 0x5576, 0x0987, 0x0002,   // 0x1EB0 (7856) pixels
0x1085, 0x41EA, 0x526B, 0x4A8B, 0x29A7, 0x0802, 0x0002, 0x0002, 0x1064, 0x18C5, 0x18A5, 0x0002, 0x0002, 0x18C5, 0xEEDB, 0x5249,   // 0x1EC0 (7872) pixels
0x0020, 0x0000, 0x2145, 0x39C8, 0x0001, 0x0042, 0x0002, 0x0843, 0x2106, 0x2106, 0x18C6, 0x2106, 0x20E6, 0x2107, 0x2907, 0x2106,   // 0x1ED0 (7888) pixels
0x20E6, 0x20E6, 0x18C6, 0x20E6, 0x2106, 0x1064, 0x0001, 0x0042, 0x0022, 0x1966, 0x29A7, 0x0801, 0x1000, 0x38A3, 0xEF1C, 0x62CC,   // 0x1EE0 (7904) pixels
0x0801, 0x0002, 0x18C5, 0x20E6, 0x0843, 0x0022, 0x0002, 0x0001, 0x3A09, 0x5A8C, 0x520B, 0x3127, 0x1064, 0x0023, 0x1A8B, 0x6D36,   // 0x1EF0 (7920) pixels
0x6576, 0x5576, 0x5DB6, 0x5DB6, 0x5DB6, 0x5D96, 0x5DB6, 0x5DB6, 0x5DB6, 0x5DB6, 0x5DB6, 0x5DB6, 0x5DB6, 0x5DB6, 0x5DB6, 0x5DB6,   // 0x1F00 (7936) pixels
0x5D96, 0x5D96, 0x5D96, 0x5D96, 0x5575, 0x5555, 0x5534, 0x4CF3, 0x44B2, 0x4451, 0x3C10, 0x33AE, 0x2B6D, 0x2B2C, 0x228A, 0x2269,   // 0x1F10 (7952) pixels
0x1A08, 0x11A6, 0x1145, 0x0904, 0x08C3, 0x0882, 0x0061, 0x0061, 0x0041, 0x0020, 0x0020, 0x0020, 0x0000, 0x0000, 0x0000, 0x0000,   // 0x1F20 (7968) pixels
0x0000, 0x0000, 0x0000, 0x0000, 0x0000, 0x0000, 0x0000, 0x0000, 0x0000, 0x0000, 0x0000, 0x0000, 0x0000, 0x0000, 0x0000, 0x0000,   // 0x1F30 (7984) pixels
0x0000, 0x0000, 0x0000, 0x0000, 0x0000, 0x0000, 0x0000, 0x0000, 0x0000, 0x0000, 0x0000, 0x0000, 0x0000, 0x0000, 0x0000, 0x0000,   // 0x1F40 (8000) pixels
0x0000, 0x0000, 0x0000, 0x0000, 0x0000, 0x0000, 0x0000, 0x0000, 0x0020, 0x0040, 0x0041, 0x0861, 0x08A2, 0x10C3, 0x1904, 0x1965,   // 0x1F50 (8016) pixels
0x21A7, 0x2208, 0x2A8A, 0x32CB, 0x334D, 0x3BAE, 0x43F0, 0x4431, 0x4C92, 0x4CD3, 0x5514, 0x5534, 0x5555, 0x5555, 0x5D76, 0x5D96,   // 0x1F60 (8032) pixels
0x5D96, 0x5D96, 0x5DB6, 0x5DB6, 0x5DB7, 0x5DB6, 0x5DB7, 0x5DB7, 0x5DB6, 0x5DB7, 0x5DB7, 0x5DB6, 0x6CF4, 0x10E5, 0x1885, 0x49EA,   // 0x1F70 (8048) pixels
0x4188, 0x0001, 0x0082, 0x0001, 0x0002, 0x0002, 0x1084, 0x2106, 0x20E6, 0x1084, 0x0002, 0x0823, 0xE5F8, 0x8A8B, 0x3021, 0x0800,   // 0x1F80 (8064) pixels
0x0020, 0x0020, 0x0001, 0x0001, 0x0001, 0x0843, 0x2126, 0x2927, 0x20E6, 0x2107, 0x20E6, 0x2907, 0x20E6, 0x2106, 0x20E6, 0x2106,   // 0x1F90 (8080) pixels
0x20E6, 0x2927, 0x2927, 0x1064, 0x0000, 0x0021, 0x0042, 0x0021, 0x0000, 0x1800, 0x5041, 0x9166, 0xEF3D, 0x3966, 0x0001, 0x18A5,   // 0x1FA0 (8096) pixels
0x18A5, 0x20E6, 0x18A5, 0x0023, 0x0001, 0x0001, 0x0042, 0x0002, 0x49CA, 0x3947, 0x1884, 0x2947, 0x5D35, 0x75D8, 0x5D96, 0x5DB6,   // 0x1FB0 (8112) pixels
0x5596, 0x5596, 0x5DB6, 0x5D76, 0x5DB6, 0x5DB6, 0x5DB6, 0x5DB6, 0x5DB6, 0x5DB6, 0x5DB6, 0x5DB6, 0x5DB6, 0x5DB6, 0x5D96, 0x5D96,   // 0x1FC0 (8128) pixels
0x5D96, 0x5D96, 0x5575, 0x5555, 0x4D14, 0x4CF3, 0x44B2, 0x4471, 0x3C10, 0x33CF, 0x336D, 0x2B2C, 0x2AAA, 0x2269, 0x1A08, 0x11A6,   // 0x1FD0 (8144) pixels
0x1165, 0x1104, 0x08C3, 0x08A2, 0x0062, 0x0061, 0x0041, 0x0020, 0x0020, 0x0020, 0x0000, 0x0000, 0x0000, 0x0000, 0x0000, 0x0000,   // 0x1FE0 (8160) pixels
0x0000, 0x0000, 0x0000, 0x0000, 0x0000, 0x0000, 0x0000, 0x0000, 0x0000, 0x0000, 0x0000, 0x0000, 0x0000, 0x0000, 0x0000, 0x0000,   // 0x1FF0 (8176) pixels
0x0000, 0x0000, 0x0000, 0x0000, 0x0000, 0x0000, 0x0000, 0x0000, 0x0000, 0x0000, 0x0000, 0x0000, 0x0000, 0x0000, 0x0000, 0x0000,   // 0x2000 (8192) pixels
0x0000, 0x0000, 0x0000, 0x0000, 0x0000, 0x0000, 0x0020, 0x0040, 0x0041, 0x0861, 0x08A2, 0x10C3, 0x1904, 0x1966, 0x21A7, 0x2A29,   // 0x2010 (8208) pixels
0x2A8A, 0x32EB, 0x336D, 0x3BAE, 0x4410, 0x4451, 0x4C92, 0x4CF3, 0x4D14, 0x5534, 0x5555, 0x5D75, 0x5D76, 0x5D96, 0x5D96, 0x5D96,   // 0x2020 (8224) pixels
0x5DB6, 0x5DB6, 0x5DB7, 0x5DB6, 0x5DB6, 0x5DB7, 0x5DB6, 0x5DB6, 0x5DB7, 0x65D7, 0x75B6, 0x0083, 0x1023, 0x3907, 0x2884, 0x1083,   // 0x2030 (8240) pixels
0x5B2D, 0x18A4, 0x0002, 0x0002, 0x18A5, 0x20C5, 0x20E6, 0x2927, 0x18A5, 0x0002, 0xC514, 0xE3D1, 0x9004, 0x6021, 0x1800, 0x1000,   // 0x2040 (8256) pixels
0x0800, 0x0821, 0x0001, 0x0843, 0x2106, 0x2126, 0x20E6, 0x2106, 0x20E6, 0x2927, 0x2907, 0x2927, 0x2106, 0x20E6, 0x20E6, 0x2907,   // 0x2050 (8272) pixels
0x2907, 0x1064, 0x2802, 0x1000, 0x1842, 0x0800, 0x1800, 0x4000, 0x7863, 0xFB90, 0xCE39, 0x1883, 0x0001, 0x2907, 0x20E6, 0x20E6,   // 0x2060 (8288) pixels
0x18A5, 0x0002, 0x0021, 0x10C4, 0x428B, 0x0001, 0x2906, 0x20A5, 0x0001, 0x2987, 0x6E18, 0x5DB7, 0x5596, 0x55B6, 0x5596, 0x5D96,   // 0x2070 (8304) pixels
0x5D96, 0x5D75, 0x5D96, 0x5D96, 0x5D96, 0x5DB6, 0x5DB6, 0x5DB6, 0x5DB6, 0x5DB6, 0x5DB6, 0x5DB6, 0x5D96, 0x5D96, 0x5D96, 0x5D96,   // 0x2080 (8320) pixels
0x5575, 0x5555, 0x4D34, 0x4CF3, 0x44B2, 0x4471, 0x3C30, 0x3BCF, 0x338D, 0x2B4D, 0x2ACA, 0x2289, 0x1A28, 0x19C7, 0x1165, 0x1124,   // 0x2090 (8336) pixels
0x08E3, 0x08A2, 0x0082, 0x0061, 0x0041, 0x0020, 0x0020, 0x0020, 0x0000, 0x0000, 0x0000, 0x0000, 0x0000, 0x0000, 0x0000, 0x0000,   // 0x20A0 (8352) pixels
0x0000, 0x0000, 0x0000, 0x0000, 0x0000, 0x0000, 0x0000, 0x0000, 0x0000, 0x0000, 0x0000, 0x0000, 0x0000, 0x0000, 0x0000, 0x0000,   // 0x20B0 (8368) pixels
0x0000, 0x0000, 0x0000, 0x0000, 0x0000, 0x0000, 0x0000, 0x0000, 0x0000, 0x0000, 0x0000, 0x0000, 0x0000, 0x0000, 0x0000, 0x0000,   // 0x20C0 (8384) pixels
0x0000, 0x0000, 0x0000, 0x0000, 0x0020, 0x0040, 0x0041, 0x0861, 0x08A2, 0x10E3, 0x1924, 0x2166, 0x21C7, 0x2A29, 0x32AA, 0x32EB,   // 0x20D0 (8400) pixels
0x336E, 0x3BCF, 0x4410, 0x4C71, 0x4CB2, 0x4CF3, 0x5534, 0x5535, 0x5555, 0x5D75, 0x5D96, 0x5D96, 0x5D96, 0x5D96, 0x5DB6, 0x5DB6,   // 0x20E0 (8416) pixels
0x5DB7, 0x5DB6, 0x5DB6, 0x5DB7, 0x5DB7, 0x5D96, 0x5DB6, 0x65F7, 0x5514, 0x00C4, 0x0023, 0x0002, 0x0002, 0x1966, 0x7CD3, 0x10A4,   // 0x20F0 (8432) pixels
0x0002, 0x1064, 0x20E6, 0x18A5, 0x20C6, 0x41EA, 0x526C, 0x4A4B, 0x1965, 0x736D, 0x5165, 0x68E4, 0x8803, 0x9004, 0x5844, 0x0020,   // 0x2100 (8448) pixels
0x0001, 0x0863, 0x20E6, 0x20E6, 0x20E6, 0x2907, 0x2927, 0x3168, 0x39C9, 0x39C9, 0x3168, 0x2907, 0x20E6, 0x2106, 0x20E6, 0x1064,   // 0x2110 (8464) pixels
0x0042, 0x0802, 0x4843, 0x80A5, 0x8043, 0x7084, 0x48A3, 0x836D, 0x39A8, 0x39A8, 0x4A2B, 0x41EA, 0x2927, 0x18C6, 0x10A5, 0x1064,   // 0x2120 (8480) pixels
0x0022, 0x10E5, 0x5B8F, 0x0042, 0x0001, 0x0022, 0x0022, 0x21C8, 0x5DD6, 0x5575, 0x5575, 0x5575, 0x5595, 0x5596, 0x5D76, 0x5D96,   // 0x2130 (8496) pixels
0x5D96, 0x5D96, 0x5D96, 0x5DB6, 0x5DB6, 0x5DB6, 0x5DB6, 0x5D96, 0x5DB6, 0x5D96, 0x5D96, 0x5D96, 0x5D96, 0x5D76, 0x5575, 0x5555,   // 0x2140 (8512) pixels
0x4D34, 0x4CF3, 0x44B3, 0x4492, 0x4450, 0x3BEF, 0x338E, 0x2B4D, 0x2AEB, 0x228A, 0x1A28, 0x19C7, 0x1185, 0x1124, 0x08E3, 0x08C3,   // 0x2150 (8528) pixels
0x0082, 0x0061, 0x0041, 0x0020, 0x0020, 0x0020, 0x0000, 0x0000, 0x0000, 0x0000, 0x0000, 0x0000, 0x0000, 0x0000, 0x0000, 0x0000,   // 0x2160 (8544) pixels
0x0000, 0x0000, 0x0000, 0x0000, 0x0000, 0x0000, 0x0000, 0x0000, 0x0000, 0x0000, 0x0000, 0x0000, 0x0000, 0x0000, 0x0000, 0x0000,   // 0x2170 (8560) pixels
0x0000, 0x0000, 0x0000, 0x0000, 0x0000, 0x0000, 0x0000, 0x0000, 0x0000, 0x0000, 0x0000, 0x0000, 0x0000, 0x0000, 0x0000, 0x0000,   // 0x2180 (8576) pixels
0x0000, 0x0000, 0x0020, 0x0040, 0x0861, 0x0861, 0x08A3, 0x10E3, 0x1924, 0x2166, 0x21C7, 0x2A29, 0x32AA, 0x32EB, 0x3B6E, 0x43CF,   // 0x2190 (8592) pixels
0x4C30, 0x4C71, 0x4CB2, 0x54F4, 0x5534, 0x5535, 0x5555, 0x5D75, 0x5D96, 0x5D96, 0x5D96, 0x5D96, 0x5DB6, 0x5DB6, 0x5DB6, 0x5DB6,   // 0x21A0 (8608) pixels
0x5DB6, 0x5DB6, 0x5DB7, 0x5D96, 0x5D96, 0x65D7, 0x55D6, 0x4411, 0x4BD0, 0x4BD0, 0x4BF0, 0x4C71, 0x7534, 0x0042, 0x0002, 0x18A5,   // 0x21B0 (8624) pixels
0x20E6, 0x18A5, 0x18C5, 0x39A9, 0x528C, 0x5AAD, 0x2A09, 0x8C52, 0x626A, 0x2041, 0x3862, 0x3000, 0x2021, 0x0020, 0x0002, 0x1084,   // 0x21C0 (8640) pixels
0x2906, 0x3168, 0x39A9, 0x41CA, 0x41CA, 0x49EA, 0x420B, 0x4A2B, 0x41EA, 0x39C9, 0x39A9, 0x3168, 0x2947, 0x18C5, 0x0003, 0x1044,   // 0x21D0 (8656) pixels
0x1800, 0x2820, 0x3060, 0x30C2, 0x5A6B, 0x83F1, 0x39C8, 0x62EE, 0x5ACD, 0x3169, 0x18C6, 0x20E6, 0x2106, 0x1064, 0x0002, 0x00A4,   // 0x21E0 (8672) pixels
0x6C92, 0x4BCF, 0x4BCF, 0x4BCF, 0x4BD0, 0x4C10, 0x5DB6, 0x5596, 0x5DB6, 0x5575, 0x5575, 0x5575, 0x5575, 0x5DB6, 0x5D96, 0x5D96,   // 0x21F0 (8688) pixels
0x5D96, 0x5D96, 0x5D96, 0x5D96, 0x5D96, 0x5D96, 0x5D96, 0x5D96, 0x5D96, 0x5D96, 0x5D96, 0x5D75, 0x5555, 0x5535, 0x4D14, 0x4CF3,   // 0x2200 (8704) pixels
0x44D3, 0x4492, 0x4451, 0x3BEF, 0x33AE, 0x2B6D, 0x2AEB, 0x2AAA, 0x2249, 0x19E7, 0x1186, 0x1144, 0x1103, 0x08C3, 0x0882, 0x0062,   // 0x2210 (8720) pixels
0x0041, 0x0041, 0x0020, 0x0020, 0x0000, 0x0000, 0x0000, 0x0000, 0x0000, 0x0000, 0x0000, 0x0000, 0x0000, 0x0000, 0x0000, 0x0000,   // 0x2220 (8736) pixels
0x0000, 0x0000, 0x0000, 0x0000, 0x0000, 0x0000, 0x0000, 0x0000, 0x0000, 0x0000, 0x0000, 0x0000, 0x0000, 0x0000, 0x0000, 0x0000,   // 0x2230 (8752) pixels
0x0000, 0x0000, 0x0000, 0x0000, 0x0000, 0x0000, 0x0000, 0x0000, 0x0000, 0x0000, 0x0000, 0x0000, 0x0000, 0x0000, 0x0000, 0x0000,   // 0x2240 (8768) pixels
0x0020, 0x0041, 0x0861, 0x0861, 0x08A3, 0x10E3, 0x1924, 0x2166, 0x21C7, 0x2A49, 0x32AA, 0x3B0C, 0x3B6E, 0x4BCF, 0x4C10, 0x5451,   // 0x2250 (8784) pixels
0x54B3, 0x54F4, 0x5D34, 0x5D35, 0x5D75, 0x5D76, 0x5D96, 0x5D96, 0x5D96, 0x5D96, 0x5DB6, 0x5DB6, 0x5DB6, 0x5DB7, 0x5DB6, 0x5D96,   // 0x2260 (8800) pixels
0x5DB6, 0x5D96, 0x5D96, 0x5DB7, 0x5E17, 0x6DD8, 0x6DB7, 0x6618, 0x6638, 0x5DF7, 0x6535, 0x0084, 0x0002, 0x18C5, 0x20E6, 0x20E6,   // 0x2270 (8816) pixels
0x20C6, 0x18A5, 0x20E6, 0x18A5, 0x3188, 0x7B90, 0x8C12, 0x6BAF, 0x6BD0, 0x10E4, 0x0001, 0x1022, 0x18C5, 0x2947, 0x39A9, 0x41CA,   // 0x2280 (8832) pixels
0x4A2B, 0x4A2B, 0x4A0B, 0x49EB, 0x41CA, 0x420A, 0x41EA, 0x4A0B, 0x4A0B, 0x41EA, 0x39CA, 0x3188, 0x28C7, 0x0002, 0x0001, 0x0061,   // 0x2290 (8848) pixels
0x638D, 0x8451, 0x8C73, 0x83F3, 0x2127, 0x1084, 0x0864, 0x2107, 0x2107, 0x18C6, 0x20E6, 0x18A5, 0x0002, 0x0084, 0x64D4, 0x6DD7,   // 0x22A0 (8864) pixels
0x6DD7, 0x65B6, 0x65D7, 0x5D96, 0x5555, 0x5535, 0x5D96, 0x5575, 0x5D96, 0x5575, 0x5575, 0x5575, 0x5D96, 0x5D96, 0x5D96, 0x5D96,   // 0x22B0 (8880) pixels
0x5D96, 0x5D96, 0x5D96, 0x5576, 0x5596, 0x5596, 0x5576, 0x5576, 0x5575, 0x5575, 0x5555, 0x5534, 0x4D14, 0x4CF3, 0x44D3, 0x4492,   // 0x22C0 (8896) pixels
0x4451, 0x3C0F, 0x33AE, 0x2B6D, 0x2B0B, 0x2AAA, 0x2249, 0x19E7, 0x11A6, 0x1145, 0x0904, 0x08C3, 0x0882, 0x0082, 0x0041, 0x0041,   // 0x22D0 (8912) pixels
0x0020, 0x0020, 0x0000, 0x0000, 0x0000, 0x0000, 0x0000, 0x0000, 0x0000, 0x0000, 0x0000, 0x0000, 0x0000, 0x0000, 0x0000, 0x0000,   // 0x22E0 (8928) pixels
0x0000, 0x0000, 0x0000, 0x0000, 0x0000, 0x0000, 0x0000, 0x0000, 0x0000, 0x0000, 0x0000, 0x0000, 0x0000, 0x0000, 0x0000, 0x0000,   // 0x22F0 (8944) pixels
0x0000, 0x0000, 0x0000, 0x0000, 0x0000, 0x0000, 0x0000, 0x0000, 0x0000, 0x0000, 0x0000, 0x0000, 0x0000, 0x0000, 0x0020, 0x0041,   // 0x2300 (8960) pixels
0x0861, 0x0861, 0x08A3, 0x10E3, 0x1925, 0x2186, 0x21C7, 0x2A49, 0x32CB, 0x3B0C, 0x436E, 0x4BCF, 0x5431, 0x5452, 0x5493, 0x5CF4,   // 0x2310 (8976) pixels
0x5D14, 0x5D35, 0x5D75, 0x5D76, 0x5D96, 0x5D96, 0x5D96, 0x5D96, 0x5DB6, 0x5DB6, 0x5D96, 0x5DB7, 0x5DB6, 0x5D96, 0x5DB6, 0x5DB6,   // 0x2320 (8992) pixels
0x5D96, 0x5DB6, 0x5597, 0x6D97, 0x5D76, 0x55F7, 0x45B5, 0x55F7, 0x6515, 0x0044, 0x0843, 0x2907, 0x20E6, 0x20E6, 0x20E6, 0x18A5,   // 0x2330 (9008) pixels
0x20E6, 0x18C5, 0x1084, 0x18C5, 0x3948, 0x4969, 0x3128, 0x0003, 0x0023, 0x2927, 0x420A, 0x4A2B, 0x41EA, 0x41C9, 0x41CA, 0x41A9,   // 0x2340 (9024) pixels
0x3989, 0x3989, 0x39A9, 0x39A9, 0x3188, 0x39A9, 0x39C9, 0x39C9, 0x420A, 0x420B, 0x41EA, 0x3989, 0x0823, 0x0002, 0x3969, 0x39A9,   // 0x2350 (9040) pixels
0x2948, 0x0885, 0x0864, 0x18E6, 0x20E6, 0x18C6, 0x18A6, 0x18A6, 0x20E6, 0x20E6, 0x1024, 0x0064, 0x5CD3, 0x5DB6, 0x4DB5, 0x55F7,   // 0x2360 (9056) pixels
0x4DB6, 0x4DB6, 0x5D96, 0x5555, 0x5D55, 0x5535, 0x5D75, 0x5555, 0x5575, 0x4D75, 0x5576, 0x5D96, 0x5D96, 0x5D96, 0x5D96, 0x5D96,   // 0x2370 (9072) pixels
0x5575, 0x5575, 0x5596, 0x5575, 0x5575, 0x5575, 0x5575, 0x5555, 0x5535, 0x4D34, 0x4D14, 0x4D13, 0x44D3, 0x4492, 0x4451, 0x3C10,   // 0x2380 (9088) pixels
0x33AE, 0x2B6D, 0x2B0B, 0x2ACA, 0x2269, 0x1A07, 0x19A6, 0x1145, 0x0904, 0x08E3, 0x0882, 0x0082, 0x0041, 0x0041, 0x0020, 0x0020,   // 0x2390 (9104) pixels
0x0000, 0x0000, 0x0000, 0x0000, 0x0000, 0x0000, 0x0000, 0x0000, 0x0000, 0x0000, 0x0000, 0x0000, 0x0000, 0x0000, 0x0000, 0x0000,   // 0x23A0 (9120) pixels
0x0000, 0x0000, 0x0000, 0x0000, 0x0000, 0x0000, 0x0000, 0x0000, 0x0000, 0x0000, 0x0000, 0x0000, 0x0000, 0x0000, 0x0000, 0x0000,   // 0x23B0 (9136) pixels
0x0000, 0x0000, 0x0000, 0x0000, 0x0000, 0x0000, 0x0000, 0x0000, 0x0000, 0x0000, 0x0000, 0x0000, 0x0020, 0x0041, 0x0862, 0x0882,   // 0x23C0 (9152) pixels
0x08A3, 0x10E4, 0x1945, 0x2186, 0x29E8, 0x3249, 0x3AAB, 0x430D, 0x438F, 0x4BCF, 0x5431, 0x5C72, 0x5CB4, 0x64F4, 0x6515, 0x6535,   // 0x23D0 (9168) pixels
0x6536, 0x6556, 0x5D76, 0x5D96, 0x5DB6, 0x5DB6, 0x5DB6, 0x5DB6, 0x5D96, 0x5D96, 0x5D96, 0x5D96, 0x5D96, 0x5D96, 0x5D96, 0x5D96,   // 0x23E0 (9184) pixels
0x55B6, 0x5596, 0x5D76, 0x5D96, 0x5DF7, 0x55B6, 0x64B3, 0x0843, 0x1043, 0x28E6, 0x3107, 0x2927, 0x18E6, 0x10C5, 0x20E6, 0x20A6,   // 0x23F0 (9200) pixels
0x18C5, 0x1064, 0x0823, 0x0002, 0x0002, 0x1064, 0x2927, 0x41CA, 0x49CB, 0x49EB, 0x41CA, 0x3988, 0x3988, 0x3967, 0x3127, 0x3947,   // 0x2400 (9216) pixels
0x2967, 0x2967, 0x3167, 0x3167, 0x2947, 0x2106, 0x3148, 0x4A2B, 0x4A2A, 0x39A9, 0x3188, 0x18C5, 0x0002, 0x0002, 0x0803, 0x0823,   // 0x2410 (9232) pixels
0x1085, 0x20E7, 0x20C6, 0x18A6, 0x20C6, 0x20E6, 0x20C6, 0x20C6, 0x1802, 0x0083, 0x5CD3, 0x5D96, 0x5DD7, 0x5DB6, 0x5D55, 0x5D55,   // 0x2420 (9248) pixels
0x5555, 0x5555, 0x4D55, 0x4D55, 0x5555, 0x5555, 0x5575, 0x5575, 0x5575, 0x5575, 0x5575, 0x5575, 0x5575, 0x5575, 0x5575, 0x5555,   // 0x2430 (9264) pixels
0x5575, 0x5575, 0x5555, 0x5555, 0x5555, 0x4D35, 0x4D34, 0x4D34, 0x4514, 0x44F3, 0x44B2, 0x4492, 0x4451, 0x3C10, 0x33CE, 0x338E,   // 0x2440 (9280) pixels
0x2B2C, 0x2AEB, 0x1A69, 0x1A08, 0x11A6, 0x1165, 0x1104, 0x08E3, 0x08A2, 0x0882, 0x0061, 0x0041, 0x0021, 0x0020, 0x0000, 0x0000,   // 0x2450 (9296) pixels
0x0000, 0x0000, 0x0000, 0x0000, 0x0000, 0x0000, 0x0000, 0x0000, 0x0000, 0x0000, 0x0000, 0x0000, 0x0000, 0x0000, 0x0000, 0x0000,   // 0x2460 (9312) pixels
0x0000, 0x0000, 0x0000, 0x0000, 0x0000, 0x0000, 0x0000, 0x0000, 0x0000, 0x0000, 0x0000, 0x0000, 0x0000, 0x0000, 0x0000, 0x0000,   // 0x2470 (9328) pixels
0x0000, 0x0000, 0x0000, 0x0000, 0x0000, 0x0000, 0x0000, 0x0000, 0x0000, 0x0000, 0x0020, 0x0041, 0x0862, 0x0882, 0x08A3, 0x10E4,   // 0x2480 (9344) pixels
0x1945, 0x2187, 0x29E8, 0x3249, 0x3AAB, 0x430D, 0x438F, 0x4BD0, 0x5431, 0x5C73, 0x64B4, 0x64F4, 0x6515, 0x6536, 0x6536, 0x6556,   // 0x2490 (9360) pixels
0x5D76, 0x5D96, 0x5D96, 0x5DB6, 0x5DB6, 0x5D96, 0x5D96, 0x5D96, 0x5D96, 0x5D96, 0x5D96, 0x5D96, 0x5D96, 0x5D96, 0x5595, 0x5DB6,   // 0x24A0 (9376) pixels
0x65B7, 0x5D76, 0x4D95, 0x55B5, 0x64D3, 0x0063, 0x0822, 0x20C5, 0x3107, 0x2927, 0x2127, 0x18E6, 0x18C6, 0x20A5, 0x18A5, 0x18C6,   // 0x24B0 (9392) pixels
0x18A5, 0x1064, 0x1885, 0x2907, 0x3989, 0x41EA, 0x41CA, 0x3168, 0x3168, 0x10A5, 0x0002, 0x0002, 0x0843, 0x0802, 0x0022, 0x0822,   // 0x24C0 (9408) pixels
0x0002, 0x0002, 0x0842, 0x0822, 0x18A4, 0x39A8, 0x4A2A, 0x41EA, 0x420A, 0x2947, 0x1064, 0x1064, 0x18A5, 0x18C6, 0x18A6, 0x20C6,   // 0x24D0 (9424) pixels
0x18C6, 0x18A6, 0x2927, 0x3989, 0x3148, 0x20C6, 0x1843, 0x0063, 0x5CB3, 0x5DB6, 0x5596, 0x5D96, 0x5555, 0x5D75, 0x4D55, 0x4D55,   // 0x24E0 (9440) pixels
0x4D55, 0x4D34, 0x4D55, 0x4D55, 0x5555, 0x5555, 0x5575, 0x5575, 0x5575, 0x5575, 0x5575, 0x5575, 0x5555, 0x5555, 0x5555, 0x5555,   // 0x24F0 (9456) pixels
0x5555, 0x5555, 0x4D35, 0x4D34, 0x4D34, 0x4D14, 0x4514, 0x44F3, 0x44B2, 0x4492, 0x4451, 0x3C10, 0x33CE, 0x338E, 0x2B2C, 0x2AEB,   // 0x2500 (9472) pixels
0x1A69, 0x1A08, 0x19C6, 0x1165, 0x1104, 0x08E3, 0x08A2, 0x0882, 0x0061, 0x0041, 0x0021, 0x0020, 0x0000, 0x0000, 0x0000, 0x0000,   // 0x2510 (9488) pixels
0x0000, 0x0000, 0x0000, 0x0000, 0x0000, 0x0000, 0x0000, 0x0000, 0x0000, 0x0000, 0x0000, 0x0000, 0x0000, 0x0000, 0x0000, 0x0000,   // 0x2520 (9504) pixels
0x0000, 0x0000, 0x0000, 0x0000, 0x0000, 0x0000, 0x0000, 0x0000, 0x0000, 0x0000, 0x0000, 0x0000, 0x0000, 0x0000, 0x0000, 0x0000,   // 0x2530 (9520) pixels
0x0000, 0x0000, 0x0000, 0x0000, 0x0000, 0x0000, 0x0000, 0x0000, 0x0020, 0x0041, 0x0862, 0x0882, 0x10C3, 0x10E4, 0x1945, 0x2187,   // 0x2540 (9536) pixels
0x29E8, 0x3249, 0x3ACB, 0x430D, 0x4BAF, 0x4BF0, 0x5C31, 0x5C93, 0x64D4, 0x64F5, 0x6515, 0x6D36, 0x6556, 0x6556, 0x5D76, 0x5D76,   // 0x2550 (9552) pixels
0x5D96, 0x5D96, 0x5D96, 0x5D96, 0x5D96, 0x5D96, 0x5D96, 0x5D96, 0x5D96, 0x5D96, 0x5D96, 0x5D96, 0x5575, 0x5596, 0x65B7, 0x5D76,   // 0x2560 (9568) pixels
0x55B6, 0x5DF7, 0x5CD3, 0x0022, 0x0002, 0x18C5, 0x3147, 0x2906, 0x2106, 0x18E6, 0x18C6, 0x28E6, 0x18A5, 0x20E6, 0x18A5, 0x1085,   // 0x2570 (9584) pixels
0x2907, 0x39A9, 0x41CA, 0x41CA, 0x41EA, 0x20E6, 0x0023, 0x0002, 0x08A5, 0x08A5, 0x0064, 0x0064, 0x0845, 0x1065, 0x1045, 0x1045,   // 0x2580 (9600) pixels
0x0825, 0x0002, 0x0822, 0x18E4, 0x3188, 0x39A9, 0x41EA, 0x3168, 0x1085, 0x1064, 0x18A5, 0x20C6, 0x18C6, 0x18C6, 0x18C6, 0x20E6,   // 0x2590 (9616) pixels
0x2927, 0x3168, 0x2907, 0x1064, 0x0802, 0x0022, 0x54B3, 0x65D7, 0x5596, 0x5596, 0x5555, 0x5575, 0x4D34, 0x4D34, 0x4D34, 0x4D34,   // 0x25A0 (9632) pixels
0x4D34, 0x4D34, 0x4D55, 0x4D55, 0x5575, 0x5575, 0x5575, 0x5575, 0x5575, 0x5555, 0x5555, 0x5555, 0x5555, 0x5555, 0x4D55, 0x4D55,   // 0x25B0 (9648) pixels
0x4D34, 0x4D34, 0x4D34, 0x4D14, 0x44F3, 0x44F3, 0x44B2, 0x4492, 0x4451, 0x3C10, 0x33CE, 0x338E, 0x2B2C, 0x2AEB, 0x2269, 0x1A08,   // 0x25C0 (9664) pixels
0x19C7, 0x1165, 0x1104, 0x08E3, 0x08A2, 0x0882, 0x0061, 0x0041, 0x0021, 0x0020, 0x0020, 0x0000, 0x0000, 0x0000, 0x0000, 0x0000,   // 0x25D0 (9680) pixels
0x0000, 0x0000, 0x0000, 0x0000, 0x0000, 0x0000, 0x0000, 0x0000, 0x0000, 0x0000, 0x0000, 0x0000, 0x0000, 0x0000, 0x0000, 0x0000,   // 0x25E0 (9696) pixels
0x0000, 0x0000, 0x0000, 0x0000, 0x0000, 0x0000, 0x0000, 0x0000, 0x0000, 0x0000, 0x0000, 0x0000, 0x0000, 0x0000, 0x0000, 0x0000,   // 0x25F0 (9712) pixels
0x0000, 0x0000, 0x0000, 0x0000, 0x0000, 0x0000, 0x0020, 0x0041, 0x0862, 0x0882, 0x10C3, 0x10E4, 0x1945, 0x21A7, 0x29E8, 0x326A,   // 0x2600 (9728) pixels
0x3ACC, 0x430D, 0x4BAF, 0x53F0, 0x5C32, 0x6493, 0x64D4, 0x64F5, 0x6D15, 0x6D36, 0x6D36, 0x6556, 0x6576, 0x5D76, 0x5D76, 0x5D76,   // 0x2610 (9744) pixels
0x5D76, 0x5D76, 0x5D96, 0x5D96, 0x5D96, 0x5D76, 0x5D76, 0x5D76, 0x5D76, 0x5D76, 0x5D96, 0x5596, 0x5576, 0x5D56, 0x5D96, 0x5DD6,   // 0x2620 (9760) pixels
0x4C92, 0x00C4, 0x0042, 0x0043, 0x2907, 0x28E6, 0x18C5, 0x18E6, 0x20E6, 0x20C6, 0x18C6, 0x18A5, 0x0844, 0x1085, 0x3168, 0x41EA,   // 0x2630 (9776) pixels
0x41CA, 0x39A9, 0x20E6, 0x1084, 0x0002, 0x1107, 0x9D59, 0x7C56, 0x194B, 0x298D, 0x294C, 0x294D, 0x296E, 0x318E, 0x318E, 0x294B,   // 0x2640 (9792) pixels
0x1087, 0x0003, 0x2926, 0x39A9, 0x420A, 0x420A, 0x3189, 0x20E6, 0x1085, 0x18C5, 0x20C6, 0x18A6, 0x20C6, 0x20E6, 0x20E6, 0x20E6,   // 0x2650 (9808) pixels
0x18A5, 0x1064, 0x0002, 0x00E4, 0x4C72, 0x5D96, 0x5596, 0x5596, 0x4D75, 0x4D75, 0x4D34, 0x4D34, 0x4D34, 0x4D34, 0x4D34, 0x4D34,   // 0x2660 (9824) pixels
0x4D34, 0x4D55, 0x5555, 0x5555, 0x5555, 0x5555, 0x5555, 0x5555, 0x4D55, 0x4D55, 0x4D34, 0x4D34, 0x4D34, 0x4D34, 0x4D34, 0x4D14,   // 0x2670 (9840) pixels
0x4D14, 0x4514, 0x44F3, 0x44D3, 0x44B2, 0x4491, 0x4451, 0x3C10, 0x33CE, 0x338E, 0x2B2C, 0x2AEB, 0x2269, 0x1A08, 0x19C7, 0x1165,   // 0x2680 (9856) pixels
0x1104, 0x08E3, 0x08A2, 0x0882, 0x0061, 0x0041, 0x0021, 0x0020, 0x0020, 0x0000, 0x0000, 0x0000, 0x0000, 0x0000, 0x0000, 0x0000,   // 0x2690 (9872) pixels
0x0000, 0x0000, 0x0000, 0x0000, 0x0000, 0x0000, 0x0000, 0x0000, 0x0000, 0x0000, 0x0000, 0x0000, 0x0000, 0x0000, 0x0000, 0x0000,   // 0x26A0 (9888) pixels
0x0000, 0x0000, 0x0000, 0x0000, 0x0000, 0x0000, 0x0000, 0x0000, 0x0000, 0x0000, 0x0000, 0x0000, 0x0000, 0x0000, 0x0000, 0x0000,   // 0x26B0 (9904) pixels
0x0000, 0x0000, 0x0000, 0x0000, 0x0020, 0x0041, 0x0862, 0x0882, 0x10C3, 0x1904, 0x2145, 0x21A7, 0x2A08, 0x326A, 0x3ACC, 0x432D,   // 0x26C0 (9920) pixels
0x4BAF, 0x53F0, 0x5C52, 0x6493, 0x64D4, 0x6CF5, 0x6D15, 0x6D36, 0x6D56, 0x6D56, 0x6556, 0x6576, 0x5D76, 0x5D76, 0x5D76, 0x5D55,   // 0x26D0 (9936) pixels
0x5D76, 0x5D76, 0x5D76, 0x5D76, 0x5D76, 0x5D76, 0x5D76, 0x5D76, 0x5D96, 0x5596, 0x5576, 0x5D56, 0x5D76, 0x5596, 0x5D34, 0x3BCF,   // 0x26E0 (9952) pixels
0x324A, 0x0043, 0x18A5, 0x20E6, 0x18C5, 0x18C5, 0x20E6, 0x1885, 0x20E6, 0x1064, 0x0823, 0x20E6, 0x39CA, 0x41CA, 0x39A9, 0x41CA,   // 0x26F0 (9968) pixels
0x20E6, 0x0002, 0x1908, 0x6372, 0xADFD, 0xA59D, 0x847A, 0x7C3A, 0x8CBB, 0x847B, 0x845B, 0x7C3A, 0x845A, 0x8479, 0x4AF1, 0x0066,   // 0x2700 (9984) pixels
0x0843, 0x2947, 0x39A9, 0x41C9, 0x41EA, 0x2927, 0x0823, 0x0803, 0x18A5, 0x20C6, 0x20C6, 0x18C5, 0x18C6, 0x20E6, 0x10A5, 0x0843,   // 0x2710 (10000) pixels
0x2A2A, 0x438F, 0x5D55, 0x5596, 0x5596, 0x5575, 0x4D75, 0x4D95, 0x4D55, 0x4D34, 0x4D34, 0x4D34, 0x4D34, 0x4D34, 0x4D34, 0x4D55,   // 0x2720 (10016) pixels
0x4D55, 0x4D55, 0x4D55, 0x4D55, 0x4D55, 0x4D55, 0x4D54, 0x4D34, 0x4D34, 0x4D34, 0x4D34, 0x4D34, 0x4D34, 0x4514, 0x4514, 0x4514,   // 0x2730 (10032) pixels
0x44F3, 0x44D3, 0x44B2, 0x4491, 0x4451, 0x3C10, 0x33CE, 0x338E, 0x2B2C, 0x2AEB, 0x2269, 0x1A28, 0x19C7, 0x1165, 0x1124, 0x08E3,   // 0x2740 (10048) pixels
0x08A2, 0x0882, 0x0062, 0x0041, 0x0041, 0x0020, 0x0020, 0x0000, 0x0000, 0x0000, 0x0000, 0x0000, 0x0000, 0x0000, 0x0000, 0x0000,   // 0x2750 (10064) pixels
0x0000, 0x0000, 0x0000, 0x0000, 0x0000, 0x0000, 0x0000, 0x0000, 0x0000, 0x0000, 0x0000, 0x0000, 0x0000, 0x0000, 0x0000, 0x0000,   // 0x2760 (10080) pixels
0x0000, 0x0000, 0x0000, 0x0000, 0x0000, 0x0000, 0x0000, 0x0000, 0x0000, 0x0000, 0x0000, 0x0000, 0x0000, 0x0000, 0x0000, 0x0000,   // 0x2770 (10096) pixels
0x0000, 0x0000, 0x0020, 0x0041, 0x0882, 0x0882, 0x10C3, 0x1904, 0x2165, 0x21A7, 0x2A08, 0x326A, 0x42EC, 0x4B2D, 0x4BAF, 0x53F0,   // 0x2780 (10112) pixels
0x5C32, 0x6493, 0x64B4, 0x6CF5, 0x6D15, 0x6D36, 0x6D36, 0x6D56, 0x6556, 0x6576, 0x5D76, 0x5D76, 0x5D56, 0x5D55, 0x5D76, 0x5D76,   // 0x2790 (10128) pixels
0x5D76, 0x5D76, 0x5D76, 0x5D76, 0x5D76, 0x5D56, 0x5D55, 0x5576, 0x5576, 0x5D56, 0x6576, 0x5D96, 0x65D7, 0x7617, 0x4B6E, 0x0042,   // 0x27A0 (10144) pixels
0x0843, 0x28E6, 0x20E6, 0x10A5, 0x20E6, 0x20A5, 0x1064, 0x0823, 0x1085, 0x3189, 0x41EA, 0x3168, 0x3168, 0x41CA, 0x20E5, 0x0002,   // 0x27B0 (10160) pixels
0x2128, 0x31EC, 0x426F, 0x4A91, 0x52B3, 0x5AD5, 0x4AF2, 0x4AD2, 0x52F3, 0x4AD2, 0x42B0, 0x428F, 0x29CA, 0x0023, 0x1063, 0x3988,   // 0x27C0 (10176) pixels
0x3988, 0x3147, 0x41CA, 0x39A9, 0x20C6, 0x0823, 0x1044, 0x18A5, 0x18A5, 0x18A5, 0x2106, 0x2106, 0x0863, 0x0002, 0x43F0, 0x6D96,   // 0x27D0 (10192) pixels
0x65D7, 0x5576, 0x5596, 0x5555, 0x4D54, 0x4D94, 0x4D55, 0x4D55, 0x4D34, 0x4D34, 0x4D34, 0x4D34, 0x4D34, 0x4D34, 0x4D54, 0x4D54,   // 0x27E0 (10208) pixels
0x4D55, 0x4D54, 0x4D54, 0x4D34, 0x4D34, 0x4D34, 0x4D34, 0x4D34, 0x4D34, 0x4D34, 0x4514, 0x4514, 0x4514, 0x4513, 0x44F3, 0x44D3,   // 0x27F0 (10224) pixels
0x44B2, 0x3C71, 0x3C51, 0x3C10, 0x33CE, 0x338E, 0x2B2C, 0x2AEB, 0x2289, 0x1A28, 0x19C7, 0x1986, 0x1124, 0x08E3, 0x08A2, 0x0882,   // 0x2800 (10240) pixels
0x0062, 0x0041, 0x0041, 0x0020, 0x0020, 0x0000, 0x0000, 0x0000, 0x0000, 0x0000, 0x0000, 0x0000, 0x0000, 0x0000, 0x0000, 0x0000,   // 0x2810 (10256) pixels
0x0000, 0x0000, 0x0000, 0x0000, 0x0000, 0x0000, 0x0000, 0x0000, 0x0000, 0x0000, 0x0000, 0x0000, 0x0000, 0x0000, 0x0000, 0x0000,   // 0x2820 (10272) pixels
0x0000, 0x0000, 0x0000, 0x0000, 0x0000, 0x0000, 0x0000, 0x0000, 0x0000, 0x0000, 0x0000, 0x0000, 0x0000, 0x0000, 0x0000, 0x0000,   // 0x2830 (10288) pixels
0x0021, 0x0861, 0x0882, 0x0882, 0x10C3, 0x1904, 0x2165, 0x29A7, 0x2A08, 0x326A, 0x42EC, 0x4B2D, 0x538F, 0x53D0, 0x5C32, 0x6473,   // 0x2840 (10304) pixels
0x64B4, 0x6CD5, 0x6CF5, 0x6D16, 0x7536, 0x6D36, 0x6556, 0x6576, 0x6576, 0x5D76, 0x5D56, 0x5D56, 0x5D76, 0x5D76, 0x5D76, 0x5D76,   // 0x2850 (10320) pixels
0x5D56, 0x5D56, 0x5D56, 0x5D56, 0x5D56, 0x5555, 0x5556, 0x5D56, 0x5D36, 0x5555, 0x5575, 0x65D6, 0x434D, 0x0042, 0x0002, 0x1884,   // 0x2860 (10336) pixels
0x2906, 0x18C5, 0x20E6, 0x1885, 0x0003, 0x0823, 0x20E6, 0x41CA, 0x39A9, 0x3148, 0x3168, 0x41CA, 0x3167, 0x0001, 0x0002, 0x0023,   // 0x2870 (10352) pixels
0x0045, 0x10C7, 0x10A8, 0x0847, 0x0866, 0x08A7, 0x10C7, 0x10A6, 0x0024, 0x0002, 0x0002, 0x0002, 0x18C5, 0x41C9, 0x39A9, 0x2927,   // 0x2880 (10368) pixels
0x3989, 0x41EA, 0x3168, 0x1044, 0x0803, 0x1885, 0x20C5, 0x18C6, 0x2106, 0x1084, 0x0022, 0x0063, 0x33F0, 0x5D76, 0x4D55, 0x4D55,   // 0x2890 (10384) pixels
0x5555, 0x5555, 0x5554, 0x4D54, 0x4D55, 0x4D34, 0x4D34, 0x4D34, 0x4D34, 0x4D34, 0x4D34, 0x4D34, 0x4D34, 0x4D34, 0x4D34, 0x4D34,   // 0x28A0 (10400) pixels
0x4D34, 0x4D34, 0x4534, 0x4534, 0x4534, 0x4534, 0x4534, 0x4514, 0x4514, 0x4514, 0x4514, 0x4513, 0x44F3, 0x44D2, 0x3C92, 0x3C71,   // 0x28B0 (10416) pixels
0x3C51, 0x3C10, 0x33CE, 0x338E, 0x2B2C, 0x2AEB, 0x2289, 0x1A28, 0x19E7, 0x1986, 0x1124, 0x08E3, 0x08A2, 0x0882, 0x0062, 0x0041,   // 0x28C0 (10432) pixels
0x0041, 0x0020, 0x0020, 0x0000, 0x0000, 0x0000, 0x0000, 0x0000, 0x0000, 0x0000, 0x0000, 0x0000, 0x0000, 0x0000, 0x0000, 0x0000,   // 0x28D0 (10448) pixels
0x0000, 0x0000, 0x0000, 0x0000, 0x0000, 0x0000, 0x0000, 0x0000, 0x0000, 0x0000, 0x0000, 0x0000, 0x0000, 0x0000, 0x0000, 0x0000,   // 0x28E0 (10464) pixels
0x0000, 0x0000, 0x0000, 0x0000, 0x0000, 0x0000, 0x0000, 0x0000, 0x0000, 0x0000, 0x0000, 0x0000, 0x0000, 0x0000, 0x0021, 0x0861,   // 0x28F0 (10480) pixels
0x0882, 0x10A2, 0x10C3, 0x1904, 0x2165, 0x29A7, 0x2A09, 0x328A, 0x42EC, 0x4B4E, 0x538F, 0x53D0, 0x5C32, 0x6473, 0x64B4, 0x6CD5,   // 0x2900 (10496) pixels
0x6CF5, 0x6D15, 0x7536, 0x6D36, 0x6D56, 0x6556, 0x6576, 0x6576, 0x6556, 0x6556, 0x5D76, 0x5D76, 0x5D56, 0x5D56, 0x5D56, 0x5D56,   // 0x2910 (10512) pixels
0x5556, 0x5556, 0x6576, 0x5576, 0x5596, 0x6557, 0x6536, 0x5575, 0x5595, 0x55D5, 0x6472, 0x1987, 0x0023, 0x0002, 0x20C6, 0x20E6,   // 0x2920 (10528) pixels
0x20E6, 0x1865, 0x0003, 0x0844, 0x2948, 0x41EA, 0x3989, 0x3168, 0x39A9, 0x41CA, 0x2946, 0x0001, 0x0022, 0x0022, 0x0002, 0x0022,   // 0x2930 (10544) pixels
0x0002, 0x20E6, 0x18A6, 0x20C6, 0x1084, 0x0002, 0x0002, 0x0802, 0x0801, 0x0801, 0x18C5, 0x39C9, 0x39C9, 0x3168, 0x39A9, 0x420A,   // 0x2940 (10560) pixels
0x3168, 0x0003, 0x0803, 0x1885, 0x20C6, 0x20E6, 0x18A5, 0x0002, 0x0883, 0x3A09, 0x3C92, 0x5596, 0x4D96, 0x4D96, 0x5555, 0x5D55,   // 0x2950 (10576) pixels
0x5D55, 0x5554, 0x4D34, 0x4D34, 0x4D34, 0x4D34, 0x4D14, 0x4D14, 0x4D34, 0x4D34, 0x4D34, 0x4D34, 0x4D34, 0x4D34, 0x4D34, 0x4534,   // 0x2960 (10592) pixels
0x4534, 0x4514, 0x4514, 0x4514, 0x4514, 0x4514, 0x4514, 0x4514, 0x4514, 0x4513, 0x44F3, 0x44D2, 0x3C92, 0x3C71, 0x3C51, 0x3C10,   // 0x2970 (10608) pixels
0x33CE, 0x338E, 0x2B2C, 0x2AEB, 0x2289, 0x1A28, 0x19E7, 0x1986, 0x1124, 0x08E3, 0x08A2, 0x0882, 0x0062, 0x0041, 0x0041, 0x0020,   // 0x2980 (10624) pixels
0x0020, 0x0000, 0x0000, 0x0000, 0x0000, 0x0000, 0x0000, 0x0000, 0x0000, 0x0000, 0x0000, 0x0000, 0x0000, 0x0000, 0x0000, 0x0000,   // 0x2990 (10640) pixels
0x0000, 0x0000, 0x0000, 0x0000, 0x0000, 0x0000, 0x0000, 0x0000, 0x0000, 0x0000, 0x0000, 0x0000, 0x0000, 0x0000, 0x0000, 0x0000,   // 0x29A0 (10656) pixels
0x0000, 0x0000, 0x0000, 0x0000, 0x0000, 0x0000, 0x0000, 0x0000, 0x0000, 0x0000, 0x0000, 0x0000, 0x0021, 0x0062, 0x0862, 0x08A3,   // 0x29B0 (10672) pixels
0x08C3, 0x1104, 0x1965, 0x21C7, 0x2A29, 0x328A, 0x3AED, 0x434E, 0x4BB0, 0x53F1, 0x5C32, 0x6473, 0x64B4, 0x6CD4, 0x6CF5, 0x7515,   // 0x29C0 (10688) pixels
0x6D36, 0x6D36, 0x6D56, 0x6D56, 0x6555, 0x6555, 0x6555, 0x6555, 0x5D55, 0x5D55, 0x5D55, 0x5D55, 0x5D56, 0x5D56, 0x5D56, 0x5D56,   // 0x29D0 (10704) pixels
0x5D55, 0x5D55, 0x5D55, 0x5D75, 0x5D75, 0x5D75, 0x5D75, 0x5D75, 0x6597, 0x6554, 0x334D, 0x0043, 0x0842, 0x08E5, 0x2086, 0x18E6,   // 0x29E0 (10720) pixels
0x0803, 0x18A5, 0x39A9, 0x41EA, 0x39C9, 0x2106, 0x2947, 0x39E9, 0x39A9, 0x2927, 0x1044, 0x0002, 0x0002, 0x0002, 0x0823, 0x18C5,   // 0x29F0 (10736) pixels
0x18E6, 0x18C6, 0x0864, 0x0002, 0x0002, 0x0001, 0x0843, 0x2105, 0x41CA, 0x39A9, 0x3168, 0x20E6, 0x3189, 0x41EA, 0x39A9, 0x20E6,   // 0x2A00 (10752) pixels
0x0802, 0x10C5, 0x20C6, 0x20A6, 0x1064, 0x0802, 0x42CD, 0x5575, 0x5595, 0x5575, 0x5574, 0x5574, 0x5574, 0x5574, 0x5574, 0x5554,   // 0x2A10 (10768) pixels
0x4D54, 0x4D53, 0x4D54, 0x4D34, 0x4D34, 0x4534, 0x4534, 0x4514, 0x4D14, 0x4D14, 0x4D14, 0x4D34, 0x4D34, 0x4D34, 0x4D34, 0x4D34,   // 0x2A20 (10784) pixels
0x4514, 0x4D34, 0x4D34, 0x4D34, 0x4D34, 0x4513, 0x4513, 0x4513, 0x3CF3, 0x3CD2, 0x3CB1, 0x3C91, 0x3C50, 0x3C0F, 0x33CE, 0x338D,   // 0x2A30 (10800) pixels
0x334C, 0x2AEB, 0x2289, 0x1A48, 0x19C7, 0x1186, 0x1145, 0x08E4, 0x08C2, 0x08A2, 0x0061, 0x0061, 0x0041, 0x0041, 0x0020, 0x0000,   // 0x2A40 (10816) pixels
0x0000, 0x0000, 0x0000, 0x0000, 0x0000, 0x0000, 0x0000, 0x0000, 0x0000, 0x0000, 0x0000, 0x0000, 0x0000, 0x0000, 0x0000, 0x0000,   // 0x2A50 (10832) pixels
0x0000, 0x0000, 0x0000, 0x0000, 0x0000, 0x0000, 0x0000, 0x0000, 0x0000, 0x0000, 0x0000, 0x0000, 0x0000, 0x0000, 0x0000, 0x0000,   // 0x2A60 (10848) pixels
0x0000, 0x0000, 0x0000, 0x0000, 0x0000, 0x0000, 0x0000, 0x0000, 0x0000, 0x0000, 0x0021, 0x0061, 0x0882, 0x08A3, 0x10E3, 0x1124,   // 0x2A70 (10864) pixels
0x1986, 0x21C7, 0x2A29, 0x32AB, 0x3B0D, 0x4B4E, 0x4BD0, 0x53F1, 0x5C52, 0x6493, 0x64B3, 0x6CF4, 0x6D15, 0x7535, 0x7556, 0x7556,   // 0x2A80 (10880) pixels
0x6D56, 0x6D75, 0x6D55, 0x6D75, 0x6575, 0x6575, 0x6555, 0x6555, 0x6555, 0x6575, 0x6555, 0x5D55, 0x5D55, 0x5D55, 0x5D55, 0x5D55,   // 0x2A90 (10896) pixels
0x5D75, 0x5D75, 0x6575, 0x6575, 0x6595, 0x6595, 0x5D54, 0x75F6, 0x5533, 0x19A7, 0x0001, 0x0042, 0x1044, 0x0003, 0x0003, 0x1085,   // 0x2AA0 (10912) pixels
0x3189, 0x41EA, 0x41EA, 0x3168, 0x31A8, 0x39C9, 0x39A9, 0x39A9, 0x2927, 0x1064, 0x0002, 0x0002, 0x0823, 0x18A5, 0x18A5, 0x10A5,   // 0x2AB0 (10928) pixels
0x0844, 0x0002, 0x0002, 0x0843, 0x2106, 0x39C8, 0x39A9, 0x3168, 0x39A9, 0x3989, 0x41CA, 0x41EA, 0x39CA, 0x2107, 0x0023, 0x0002,   // 0x2AC0 (10944) pixels
0x1043, 0x0042, 0x0021, 0x1166, 0x5CD3, 0x55B5, 0x5D74, 0x5574, 0x5574, 0x5D74, 0x5D74, 0x5D74, 0x5D73, 0x5D73, 0x5574, 0x5553,   // 0x2AD0 (10960) pixels
0x4D53, 0x4D53, 0x4D33, 0x4D33, 0x4D34, 0x4D34, 0x4D34, 0x4D34, 0x4D34, 0x4D34, 0x4D34, 0x4D34, 0x4D34, 0x4D33, 0x4D33, 0x4D33,   // 0x2AE0 (10976) pixels
0x4D33, 0x4D33, 0x4D33, 0x4D13, 0x4513, 0x44F3, 0x44F2, 0x44D2, 0x3CB1, 0x4471, 0x3C50, 0x3C0F, 0x3BCE, 0x338D, 0x334C, 0x2AEA,   // 0x2AF0 (10992) pixels
0x22A9, 0x2248, 0x19C7, 0x1186, 0x1145, 0x08E4, 0x08C2, 0x08A2, 0x0061, 0x0061, 0x0041, 0x0041, 0x0020, 0x0000, 0x0000, 0x0000,   // 0x2B00 (11008) pixels
0x0000, 0x0000, 0x0000, 0x0000, 0x0000, 0x0000, 0x0000, 0x0000, 0x0000, 0x0000, 0x0000, 0x0000, 0x0000, 0x0000, 0x0000, 0x0000,   // 0x2B10 (11024) pixels
0x0000, 0x0000, 0x0000, 0x0000, 0x0000, 0x0000, 0x0000, 0x0000, 0x0000, 0x0000, 0x0000, 0x0000, 0x0000, 0x0000, 0x0000, 0x0000,   // 0x2B20 (11040) pixels
0x0000, 0x0000, 0x0000, 0x0000, 0x0000, 0x0000, 0x0000, 0x0000, 0x0041, 0x0061, 0x0882, 0x08A3, 0x10E4, 0x1924, 0x2186, 0x29E7,   // 0x2B30 (11056) pixels
0x2A49, 0x32AA, 0x430C, 0x4B6D, 0x4BCF, 0x5410, 0x5C71, 0x64B2, 0x6CD3, 0x6D13, 0x6D34, 0x7554, 0x7555, 0x7575, 0x7574, 0x7574,   // 0x2B40 (11072) pixels
0x7574, 0x6D74, 0x6D94, 0x6D74, 0x6D74, 0x6D74, 0x6574, 0x6574, 0x6575, 0x6574, 0x6574, 0x6575, 0x6574, 0x6574, 0x6574, 0x6594,   // 0x2B50 (11088) pixels
0x6594, 0x6D94, 0x6D94, 0x6DB4, 0x65B4, 0x6D93, 0x6654, 0x5C50, 0x3147, 0x1001, 0x1001, 0x0001, 0x0843, 0x18A5, 0x39A9, 0x41CA,   // 0x2B60 (11104) pixels
0x41EA, 0x39A9, 0x41A9, 0x3168, 0x3168, 0x39A9, 0x39A9, 0x2947, 0x1084, 0x0002, 0x0002, 0x0003, 0x0002, 0x0003, 0x0002, 0x0002,   // 0x2B70 (11120) pixels
0x0863, 0x2106, 0x3188, 0x41E9, 0x3168, 0x2907, 0x39A9, 0x41CA, 0x39CA, 0x39A9, 0x39A9, 0x20E6, 0x0023, 0x0802, 0x1800, 0x0000,   // 0x2B80 (11136) pixels
0x19A6, 0x542F, 0x5DB4, 0x5572, 0x5D73, 0x5D73, 0x5D73, 0x5D93, 0x6593, 0x6593, 0x6573, 0x5D72, 0x5D73, 0x5D73, 0x5D52, 0x5553,   // 0x2B90 (11152) pixels
0x5553, 0x5553, 0x5533, 0x5533, 0x5533, 0x5533, 0x5553, 0x5553, 0x5553, 0x5553, 0x5553, 0x5553, 0x5553, 0x5553, 0x5553, 0x5553,   // 0x2BA0 (11168) pixels
0x5533, 0x5532, 0x4D12, 0x4D12, 0x4CF2, 0x44D1, 0x44B1, 0x4490, 0x4450, 0x440E, 0x3BCD, 0x338C, 0x334B, 0x2AEA, 0x2AA9, 0x2248,   // 0x2BB0 (11184) pixels
0x19C6, 0x1985, 0x1145, 0x08E3, 0x08C2, 0x08A2, 0x0081, 0x0061, 0x0041, 0x0041, 0x0020, 0x0000, 0x0000, 0x0000, 0x0000, 0x0000,   // 0x2BC0 (11200) pixels
0x0000, 0x0000, 0x0000, 0x0000, 0x0000, 0x0000, 0x0000, 0x0000, 0x0000, 0x0000, 0x0000, 0x0000, 0x0000, 0x0000, 0x0000, 0x0000,   // 0x2BD0 (11216) pixels
0x0000, 0x0000, 0x0000, 0x0000, 0x0000, 0x0000, 0x0000, 0x0000, 0x0000, 0x0000, 0x0000, 0x0000, 0x0000, 0x0000, 0x0000, 0x0000,   // 0x2BE0 (11232) pixels
0x0000, 0x0000, 0x0000, 0x0000, 0x0000, 0x0000, 0x0040, 0x0861, 0x0882, 0x10C3, 0x1104, 0x1945, 0x2186, 0x29E7, 0x3248, 0x3AAA,   // 0x2BF0 (11248) pixels
0x432B, 0x4B6C, 0x4BEE, 0x542F, 0x5C70, 0x64D1, 0x6CF1, 0x6D32, 0x7552, 0x7573, 0x7573, 0x7593, 0x7593, 0x7593, 0x7593, 0x7593,   // 0x2C00 (11264) pixels
0x7592, 0x7592, 0x7593, 0x7593, 0x6D93, 0x6D93, 0x6D93, 0x6D93, 0x6D93, 0x6D93, 0x6D93, 0x6D93, 0x6D93, 0x6D92, 0x6DB2, 0x6DB2,   // 0x2C10 (11280) pixels
0x6DB2, 0x6DB2, 0x75B2, 0x6D50, 0x6E53, 0x546F, 0x20E5, 0x4822, 0x6063, 0x1022, 0x0022, 0x1064, 0x3168, 0x39C9, 0x41C9, 0x39A9,   // 0x2C20 (11296) pixels
0x49EA, 0x3989, 0x3988, 0x3148, 0x3989, 0x39C9, 0x3168, 0x2106, 0x20E6, 0x18C6, 0x1064, 0x18E6, 0x2106, 0x2106, 0x3168, 0x39C9,   // 0x2C30 (11312) pixels
0x39C9, 0x39A9, 0x39A9, 0x3148, 0x39A9, 0x39A9, 0x39C9, 0x39C9, 0x39A9, 0x18A5, 0x0022, 0x1801, 0x6843, 0x4021, 0x1903, 0x4BEE,   // 0x2C40 (11328) pixels
0x6DD3, 0x6591, 0x6592, 0x6592, 0x6592, 0x6D92, 0x6DB2, 0x6DB2, 0x6D92, 0x6D91, 0x6592, 0x6591, 0x6571, 0x6571, 0x5D51, 0x5D51,   // 0x2C50 (11344) pixels
0x5D51, 0x5D52, 0x5D52, 0x5D52, 0x5D52, 0x5D52, 0x5D52, 0x5D71, 0x5D71, 0x5D71, 0x5D71, 0x5D71, 0x5D71, 0x5D72, 0x5D51, 0x5D31,   // 0x2C60 (11360) pixels
0x5531, 0x5511, 0x5511, 0x54F0, 0x4CD0, 0x4C8F, 0x4C6E, 0x442E, 0x43CD, 0x3BAC, 0x3B4A, 0x3309, 0x2AA8, 0x2A47, 0x19E6, 0x1985,   // 0x2C70 (11376) pixels
0x1144, 0x1103, 0x08C2, 0x08A2, 0x0081, 0x0061, 0x0041, 0x0041, 0x0020, 0x0000, 0x0000, 0x0000, 0x0000, 0x0000, 0x0000, 0x0000,   // 0x2C80 (11392) pixels
0x0000, 0x0000, 0x0000, 0x0000, 0x0000, 0x0000, 0x0000, 0x0000, 0x0000, 0x0000, 0x0000, 0x0000, 0x0000, 0x0000, 0x0000, 0x0000,   // 0x2C90 (11408) pixels
0x0000, 0x0000, 0x0000, 0x0000, 0x0000, 0x0000, 0x0000, 0x0000, 0x0000, 0x0000, 0x0000, 0x0000, 0x0000, 0x0000, 0x0000, 0x0000,   // 0x2CA0 (11424) pixels
0x0000, 0x0000, 0x0000, 0x0000, 0x0041, 0x0861, 0x08A1, 0x10C2, 0x1103, 0x1944, 0x21A5, 0x2A06, 0x3267, 0x3AC9, 0x434A, 0x4B8B,   // 0x2CB0 (11440) pixels
0x540D, 0x5C4E, 0x648E, 0x64CF, 0x6D10, 0x6D30, 0x7570, 0x7591, 0x7D91, 0x7D91, 0x7DB1, 0x7DB1, 0x7DB1, 0x7DB1, 0x7DB1, 0x7DB1,   // 0x2CC0 (11456) pixels
0x75B1, 0x75B1, 0x75B1, 0x75B1, 0x75B1, 0x75B1, 0x75B1, 0x75B1, 0x75B1, 0x75B1, 0x75B1, 0x75B1, 0x75B0, 0x75D0, 0x75D0, 0x75D0,   // 0x2CD0 (11472) pixels
0x7DAF, 0x85D0, 0x8651, 0x3B6A, 0x0001, 0x7823, 0xC0E6, 0x2862, 0x0001, 0x0822, 0x2947, 0x41C9, 0x39A9, 0x3168, 0x41AA, 0x41A9,   // 0x2CE0 (11488) pixels
0x41EA, 0x3148, 0x3148, 0x39A9, 0x39A9, 0x39A9, 0x3189, 0x2968, 0x10A4, 0x2967, 0x39C9, 0x39C9, 0x39C9, 0x39C9, 0x39A9, 0x39A9,   // 0x2CF0 (11504) pixels
0x39A9, 0x39A9, 0x39A9, 0x3168, 0x39A9, 0x41EA, 0x3188, 0x0823, 0x0063, 0x1800, 0xB0C6, 0x9063, 0x0000, 0x32A9, 0x85D2, 0x75EF,   // 0x2D00 (11520) pixels
0x75B0, 0x75B0, 0x75B0, 0x75D0, 0x75D0, 0x7DD0, 0x75B0, 0x75B0, 0x6DB0, 0x6DB0, 0x6D90, 0x6D90, 0x6570, 0x6570, 0x6570, 0x6570,   // 0x2D10 (11536) pixels
0x6570, 0x6570, 0x6570, 0x6570, 0x6D70, 0x6D70, 0x6D90, 0x6D90, 0x6DB0, 0x6DB0, 0x6DB0, 0x6D90, 0x6D70, 0x6570, 0x6550, 0x6550,   // 0x2D20 (11552) pixels
0x5D30, 0x5D0F, 0x5CEF, 0x54AE, 0x548D, 0x544D, 0x4BEC, 0x43CB, 0x436A, 0x3B08, 0x32A7, 0x2A66, 0x21E5, 0x19A4, 0x1944, 0x1103,   // 0x2D30 (11568) pixels
0x10C2, 0x08A2, 0x0881, 0x0061, 0x0041, 0x0041, 0x0020, 0x0000, 0x0000, 0x0000, 0x0000, 0x0000, 0x0000, 0x0000, 0x0000, 0x0000,   // 0x2D40 (11584) pixels
0x0000, 0x0000, 0x0000, 0x0000, 0x0000, 0x0000, 0x0000, 0x0000, 0x0000, 0x0000, 0x0000, 0x0000, 0x0000, 0x0000, 0x0000, 0x0000,   // 0x2D50 (11600) pixels
0x0000, 0x0000, 0x0000, 0x0000, 0x0000, 0x0000, 0x0000, 0x0000, 0x0000, 0x0000, 0x0000, 0x0000, 0x0000, 0x0000, 0x0000, 0x0000,   // 0x2D60 (11616) pixels
0x0000, 0x0000, 0x0040, 0x0881, 0x08A1, 0x10E2, 0x1103, 0x1944, 0x21A5, 0x2A06, 0x3287, 0x3AE8, 0x4B69, 0x4BAA, 0x542C, 0x5C6C,   // 0x2D70 (11632) pixels
0x64AD, 0x6CEE, 0x6D2E, 0x754E, 0x758E, 0x7DAF, 0x7DAF, 0x7DAF, 0x7DCF, 0x7DCF, 0x85CF, 0x85CF, 0x85CF, 0x85CE, 0x7DCF, 0x7DCF,   // 0x2D80 (11648) pixels
0x7DCF, 0x7DCF, 0x7DCF, 0x7DCF, 0x7DCF, 0x7DCF, 0x7DCF, 0x7DCF, 0x7DCF, 0x7DCF, 0x7DCE, 0x7DEE, 0x85EE, 0x85EE, 0x8DED, 0x85EE,   // 0x2D90 (11664) pixels
0x964F, 0x4BAA, 0x0021, 0x8801, 0xE043, 0x3801, 0x0802, 0x0802, 0x20E6, 0x3989, 0x39A9, 0x3148, 0x3169, 0x3189, 0x39A9, 0x3989,   // 0x2DA0 (11680) pixels
0x3989, 0x39C9, 0x39A9, 0x3188, 0x2106, 0x1084, 0x0001, 0x1084, 0x2126, 0x3188, 0x39CA, 0x39CA, 0x39A9, 0x39A9, 0x3989, 0x39A9,   // 0x2DB0 (11696) pixels
0x39A9, 0x2927, 0x39A9, 0x39C9, 0x2107, 0x0002, 0x0001, 0x1820, 0xB823, 0xA022, 0x0840, 0x42EA, 0x85B0, 0x760C, 0x7DCF, 0x7DCE,   // 0x2DC0 (11712) pixels
0x7DCE, 0x7DEE, 0x85EF, 0x85EE, 0x85EE, 0x85CE, 0x7DCE, 0x7DCE, 0x75CE, 0x75AE, 0x75AE, 0x75AE, 0x75AE, 0x75AE, 0x75AF, 0x75AF,   // 0x2DD0 (11728) pixels
0x75AF, 0x75AF, 0x75AF, 0x75AE, 0x75AE, 0x75AE, 0x7DCE, 0x7DCE, 0x7DCE, 0x75CE, 0x75AF, 0x758F, 0x756F, 0x6D6E, 0x6D4E, 0x6D2E,   // 0x2DE0 (11744) pixels
0x650D, 0x64ED, 0x5CAC, 0x5C6B, 0x540B, 0x4BEA, 0x4B69, 0x4308, 0x3AC7, 0x3266, 0x2A05, 0x21A4, 0x1964, 0x1123, 0x10C2, 0x08A2,   // 0x2DF0 (11760) pixels
0x0881, 0x0861, 0x0841, 0x0040, 0x0020, 0x0000, 0x0000, 0x0000, 0x0000, 0x0000, 0x0000, 0x0000, 0x0000, 0x0000, 0x0000, 0x0000,   // 0x2E00 (11776) pixels
0x0000, 0x0000, 0x0000, 0x0000, 0x0000, 0x0000, 0x0000, 0x0000, 0x0000, 0x0000, 0x0000, 0x0000, 0x0000, 0x0000, 0x0000, 0x0000,   // 0x2E10 (11792) pixels
0x0000, 0x0000, 0x0000, 0x0000, 0x0000, 0x0000, 0x0000, 0x0000, 0x0000, 0x0000, 0x0000, 0x0000, 0x0000, 0x0000, 0x0000, 0x0000,   // 0x2E20 (11808) pixels
0x0040, 0x0881, 0x08A1, 0x10E2, 0x1922, 0x2163, 0x29C4, 0x3245, 0x32A6, 0x4327, 0x4B88, 0x53E9, 0x5C4A, 0x648B, 0x6CCC, 0x750C,   // 0x2E30 (11824) pixels
0x754C, 0x7D6D, 0x7D8D, 0x7DAD, 0x85ED, 0x85ED, 0x85ED, 0x85ED, 0x860D, 0x8E0D, 0x8E0D, 0x8E0D, 0x85ED, 0x85ED, 0x860E, 0x860E,   // 0x2E40 (11840) pixels
0x860E, 0x85EE, 0x85EE, 0x85EE, 0x85ED, 0x85ED, 0x85ED, 0x860D, 0x860D, 0x860D, 0x8E0D, 0x8E0D, 0x860C, 0x862D, 0x8E4E, 0x4BA9,   // 0x2E50 (11856) pixels
0x0001, 0x8000, 0xD820, 0x5800, 0x1002, 0x0801, 0x1043, 0x28E6, 0x39A9, 0x3189, 0x31AA, 0x39CA, 0x3168, 0x3988, 0x39A9, 0x39C9,   // 0x2E60 (11872) pixels
0x3188, 0x2127, 0x1084, 0x0002, 0x0001, 0x0022, 0x1084, 0x2927, 0x39A9, 0x39A9, 0x3189, 0x39A9, 0x39A9, 0x41CA, 0x41CA, 0x3168,   // 0x2E70 (11888) pixels
0x39A9, 0x2927, 0x18A5, 0x0003, 0x1000, 0x3020, 0xC022, 0x9042, 0x0000, 0x3AE9, 0x8E50, 0x862B, 0x8E0D, 0x860D, 0x860D, 0x8DED,   // 0x2E80 (11904) pixels
0x8E0D, 0x8E0D, 0x8DED, 0x8DED, 0x85ED, 0x85ED, 0x85ED, 0x7DED, 0x7DED, 0x7DED, 0x7DED, 0x7DED, 0x7DCE, 0x7DCE, 0x7DED, 0x7DED,   // 0x2E90 (11920) pixels
0x85ED, 0x85ED, 0x85ED, 0x85ED, 0x860C, 0x85ED, 0x85ED, 0x85ED, 0x7DCD, 0x7DCD, 0x7DAD, 0x7D8D, 0x758D, 0x756D, 0x6D2C, 0x6D0C,   // 0x2EA0 (11936) pixels
0x64CB, 0x648B, 0x5C2A, 0x5409, 0x4B88, 0x4327, 0x3AC6, 0x3286, 0x2A05, 0x21A4, 0x1983, 0x1922, 0x10E2, 0x08C2, 0x0881, 0x0861,   // 0x2EB0 (11952) pixels
0x0861, 0x0840, 0x0020, 0x0000, 0x0000, 0x0000, 0x0000, 0x0000, 0x0000, 0x0000, 0x0000, 0x0000, 0x0000, 0x0000, 0x0000, 0x0000,   // 0x2EC0 (11968) pixels
0x0000, 0x0000, 0x0000, 0x0000, 0x0000, 0x0000, 0x0000, 0x0000, 0x0000, 0x0000, 0x0000, 0x0000, 0x0000, 0x0000, 0x0000, 0x0000,   // 0x2ED0 (11984) pixels
0x0000, 0x0000, 0x0000, 0x0000, 0x0000, 0x0000, 0x0000, 0x0000, 0x0000, 0x0000, 0x0000, 0x0000, 0x0000, 0x0000, 0x0040, 0x0881,   // 0x2EE0 (12000) pixels
0x08A1, 0x10E2, 0x1922, 0x2163, 0x29E4, 0x3245, 0x3AC6, 0x4347, 0x53A8, 0x5C09, 0x646A, 0x6CAB, 0x74EB, 0x752C, 0x7D4C, 0x7D8C,   // 0x2EF0 (12016) pixels
0x85AC, 0x85CC, 0x85EC, 0x860C, 0x860C, 0x8E0C, 0x8E2C, 0x8E2C, 0x8E2C, 0x8E2C, 0x8E0D, 0x8E0D, 0x8E0D, 0x8E2D, 0x8E0D, 0x860D,   // 0x2F00 (12032) pixels
0x860D, 0x860D, 0x8E0D, 0x8E0D, 0x8E0C, 0x8E0C, 0x8E2C, 0x8E2C, 0x8E2C, 0x8E2C, 0x8E6C, 0x8E8D, 0x868D, 0x4BA9, 0x0001, 0x7000,   // 0x2F10 (12048) pixels
0xD8A1, 0x90A5, 0x2884, 0x1002, 0x0802, 0x1844, 0x3168, 0x31A9, 0x31CA, 0x31CA, 0x41EA, 0x3988, 0x2927, 0x20E6, 0x18A5, 0x0843,   // 0x2F20 (12064) pixels
0x0002, 0x0002, 0x0022, 0x0001, 0x0001, 0x0843, 0x18C5, 0x18C6, 0x2107, 0x3989, 0x41CA, 0x3989, 0x39A9, 0x3168, 0x2927, 0x0844,   // 0x2F30 (12080) pixels
0x0002, 0x0002, 0x4864, 0x68C3, 0xD062, 0x8041, 0x0000, 0x432A, 0x96B1, 0x9E09, 0x8E2D, 0x8E2C, 0x8E0C, 0x8E0C, 0x8E0C, 0x8E0C,   // 0x2F40 (12096) pixels
0x8E0C, 0x8E0C, 0x8E0C, 0x8E0C, 0x8E0C, 0x860C, 0x860C, 0x860D, 0x860D, 0x860D, 0x860D, 0x860D, 0x860D, 0x860D, 0x8E0D, 0x8E0D,   // 0x2F50 (12112) pixels
0x8E0D, 0x8E0D, 0x860B, 0x860C, 0x860C, 0x860C, 0x85ED, 0x85CD, 0x85CD, 0x7DAD, 0x7D8D, 0x756C, 0x754C, 0x750B, 0x6CEB, 0x64AA,   // 0x2F60 (12128) pixels
0x5C49, 0x5428, 0x5388, 0x4327, 0x42E6, 0x3A86, 0x2A04, 0x21C4, 0x2183, 0x1922, 0x10E2, 0x10A2, 0x0881, 0x0861, 0x0861, 0x0840,   // 0x2F70 (12144) pixels
0x0020, 0x0000, 0x0000, 0x0000, 0x0000, 0x0000, 0x0000, 0x0000, 0x0000, 0x0000, 0x0000, 0x0000, 0x0000, 0x0000, 0x0000, 0x0000,   // 0x2F80 (12160) pixels
0x0000, 0x0000, 0x0000, 0x0000, 0x0000, 0x0000, 0x0000, 0x0000, 0x0000, 0x0000, 0x0000, 0x0000, 0x0000, 0x0000, 0x0000, 0x0000,   // 0x2F90 (12176) pixels
0x0000, 0x0000, 0x0000, 0x0000, 0x0000, 0x0000, 0x0000, 0x0000, 0x0000, 0x0000, 0x0000, 0x0000, 0x0860, 0x08A1, 0x10C1, 0x18E2,   // 0x2FA0 (12192) pixels
0x1942, 0x2183, 0x2A04, 0x3A64, 0x42C5, 0x4B45, 0x5BC6, 0x5C07, 0x6C88, 0x6CC8, 0x7D09, 0x7D4A, 0x856A, 0x85AA, 0x8DEB, 0x8DEB,   // 0x2FB0 (12208) pixels
0x8E0A, 0x8E0A, 0x962A, 0x962B, 0x962B, 0x962B, 0x962A, 0x962A, 0x964A, 0x962A, 0x962A, 0x962A, 0x962B, 0x962A, 0x962B, 0x962B,   // 0x2FC0 (12224) pixels
0x8E2B, 0x962B, 0x962A, 0x964B, 0x964B, 0x964B, 0x964B, 0x964A, 0x9649, 0x8E69, 0x966B, 0x63E9, 0x0021, 0x0802, 0x90A3, 0xF820,   // 0x2FD0 (12240) pixels
0x60A3, 0x1000, 0x0002, 0x0824, 0x1864, 0x2126, 0x1906, 0x28E8, 0x30C8, 0x28E8, 0x10A5, 0x0083, 0x0001, 0x0801, 0x3885, 0x6928,   // 0x2FE0 (12256) pixels
0x71A8, 0x6988, 0x30A3, 0x0000, 0x0001, 0x0064, 0x1866, 0x3088, 0x2928, 0x20E7, 0x20E6, 0x2906, 0x1864, 0x1002, 0x0002, 0x0022,   // 0x2FF0 (12272) pixels
0x7020, 0xD883, 0xA062, 0x1820, 0x0043, 0x18C4, 0x4306, 0xA66C, 0x8E2B, 0x966C, 0x962B, 0x964B, 0x962B, 0x8E2A, 0x966B, 0x8E4A,   // 0x3000 (12288) pixels
0x966B, 0x966B, 0x8E4A, 0x964B, 0x8E0B, 0x962C, 0x8E2B, 0x8E4A, 0x964A, 0x962A, 0x8E2B, 0x8E4B, 0x8E4A, 0x8E4A, 0x8E2A, 0x960B,   // 0x3010 (12304) pixels
0x962B, 0x962B, 0x962B, 0x960B, 0x8E0B, 0x8DEB, 0x8DCB, 0x8DCA, 0x85CA, 0x85AA, 0x7D6A, 0x7529, 0x7509, 0x6CC9, 0x6468, 0x5C27,   // 0x3020 (12320) pixels
0x5BC7, 0x5366, 0x42E5, 0x3A84, 0x3224, 0x29C3, 0x2162, 0x1922, 0x1902, 0x10C1, 0x08A1, 0x0881, 0x0060, 0x0040, 0x0040, 0x0000,   // 0x3030 (12336) pixels
0x0000, 0x0000, 0x0000, 0x0000, 0x0000, 0x0000, 0x0000, 0x0000, 0x0000, 0x0000, 0x0000, 0x0000, 0x0000, 0x0000, 0x0000, 0x0000,   // 0x3040 (12352) pixels
0x0000, 0x0000, 0x0000, 0x0000, 0x0000, 0x0000, 0x0000, 0x0000, 0x0000, 0x0000, 0x0000, 0x0000, 0x0000, 0x0000, 0x0000, 0x0000,   // 0x3050 (12368) pixels
0x0000, 0x0000, 0x0000, 0x0000, 0x0000, 0x0000, 0x0000, 0x0000, 0x0000, 0x0000, 0x0860, 0x08A1, 0x10C1, 0x18E2, 0x1942, 0x2183,   // 0x3060 (12384) pixels
0x2A03, 0x3A64, 0x42E5, 0x4B45, 0x5BC7, 0x6427, 0x6C87, 0x74C8, 0x7D29, 0x7D4A, 0x858A, 0x85CA, 0x8DEB, 0x8DEB, 0x8E0A, 0x8E0A,   // 0x3070 (12400) pixels
0x962A, 0x962B, 0x962B, 0x962B, 0x962B, 0x962A, 0x964A, 0x962A, 0x962A, 0x962A, 0x962A, 0x962A, 0x8E2B, 0x8E2B, 0x8E2B, 0x8E2B,   // 0x3080 (12416) pixels
0x962A, 0x962A, 0x962A, 0x964B, 0x964B, 0x964B, 0x9649, 0x9EAC, 0x9E4E, 0x4B08, 0x0042, 0x0823, 0x5800, 0xD881, 0xA041, 0x4800,   // 0x3090 (12432) pixels
0x1021, 0x0002, 0x0003, 0x0844, 0x0863, 0x0843, 0x1084, 0x0843, 0x0822, 0x1042, 0x38A4, 0x7188, 0xBAAD, 0xEB71, 0xEB50, 0xEB30,   // 0x30A0 (12448) pixels
0xC26C, 0x8989, 0x5106, 0x1022, 0x0002, 0x0884, 0x0083, 0x1844, 0x2045, 0x1085, 0x0043, 0x0001, 0x2022, 0x3042, 0xA800, 0xD0A4,   // 0x30B0 (12464) pixels
0x7882, 0x0820, 0x0002, 0x0001, 0x3204, 0x95CD, 0x966C, 0x8E0A, 0x962B, 0x964B, 0x962B, 0x9E8C, 0x964B, 0x8E2A, 0x8E4B, 0x8E4A,   // 0x30C0 (12480) pixels
0x964A, 0x8E2A, 0x964B, 0x964B, 0x85C9, 0x9E6B, 0x9609, 0x960A, 0x9E6C, 0x8E4B, 0x8E4A, 0x968A, 0x8E0A, 0x964C, 0x962B, 0x962B,   // 0x30D0 (12496) pixels
0x962B, 0x962B, 0x960B, 0x8E0B, 0x8DEA, 0x8DEA, 0x85CA, 0x85AA, 0x7D89, 0x7D49, 0x7509, 0x6CC9, 0x6468, 0x6427, 0x5BC7, 0x5366,   // 0x30E0 (12512) pixels
0x42E5, 0x3A84, 0x3223, 0x29C3, 0x2162, 0x1922, 0x10E2, 0x10C1, 0x08A1, 0x0881, 0x0060, 0x0040, 0x0040, 0x0000, 0x0000, 0x0000,   // 0x30F0 (12528) pixels
0x0000, 0x0000, 0x0000, 0x0000, 0x0000, 0x0000, 0x0000, 0x0000, 0x0000, 0x0000, 0x0000, 0x0000, 0x0000, 0x0000, 0x0000, 0x0000,   // 0x3100 (12544) pixels
0x0000, 0x0000, 0x0000, 0x0000, 0x0000, 0x0000, 0x0000, 0x0000, 0x0000, 0x0000, 0x0000, 0x0000, 0x0000, 0x0000, 0x0000, 0x0000,   // 0x3110 (12560) pixels
0x0000, 0x0000, 0x0000, 0x0000, 0x0000, 0x0000, 0x0000, 0x0000, 0x0860, 0x08A1, 0x10C1, 0x18E2, 0x1942, 0x2183, 0x3203, 0x3A64,   // 0x3120 (12576) pixels
0x42E5, 0x4B66, 0x5BC7, 0x6428, 0x6CA7, 0x74E8, 0x7D29, 0x7D69, 0x858A, 0x85CA, 0x8DEA, 0x8E0A, 0x8E0A, 0x962B, 0x962A, 0x962B,   // 0x3130 (12592) pixels
0x964B, 0x964B, 0x962B, 0x964A, 0x962A, 0x962A, 0x962A, 0x962A, 0x8E2A, 0x8E2A, 0x8E0A, 0x8E0A, 0x8E0A, 0x8E0A, 0x8E2A, 0x8E2A,   // 0x3140 (12608) pixels
0x962A, 0x964B, 0x964B, 0x964B, 0xA6AB, 0x8DAB, 0x4B06, 0x1082, 0x0002, 0x0001, 0x3000, 0x98A3, 0xD861, 0xC022, 0x7842, 0x1042,   // 0x3150 (12624) pixels
0x0003, 0x0803, 0x1803, 0x0041, 0x0022, 0x0001, 0x0800, 0x38A3, 0x8A2A, 0xDB6F, 0xFB70, 0xFAEE, 0xF2EE, 0xFB2F, 0xFB30, 0xDB10,   // 0x3160 (12640) pixels
0x9A6C, 0x4106, 0x0001, 0x0021, 0x0000, 0x0001, 0x0002, 0x0804, 0x0023, 0x0040, 0x5081, 0xC063, 0xE042, 0xA082, 0x3021, 0x0001,   // 0x3170 (12656) pixels
0x0864, 0x0802, 0x0840, 0x2A05, 0x7548, 0x8E2B, 0x964B, 0x964B, 0x964A, 0x9E6B, 0x8E0A, 0x964B, 0x964B, 0x964B, 0x966B, 0x964A,   // 0x3180 (12672) pixels
0x9E8B, 0x964B, 0x9E4C, 0x9E4C, 0xA64D, 0xA66E, 0x962D, 0x964C, 0x964A, 0x968A, 0x964A, 0x964B, 0x964A, 0x964A, 0x964A, 0x962B,   // 0x3190 (12688) pixels
0x962A, 0x8E0A, 0x8DEA, 0x8DEA, 0x85C9, 0x85A9, 0x7D89, 0x7D49, 0x7508, 0x74C8, 0x6468, 0x5C27, 0x53A7, 0x4B66, 0x42E5, 0x3A84,   // 0x31A0 (12704) pixels
0x3223, 0x29C3, 0x2162, 0x1922, 0x10E2, 0x10C1, 0x08A1, 0x0881, 0x0060, 0x0040, 0x0040, 0x0000, 0x0000, 0x0000, 0x0000, 0x0000,   // 0x31B0 (12720) pixels
0x0000, 0x0000, 0x0000, 0x0000, 0x0000, 0x0000, 0x0000, 0x0000, 0x0000, 0x0000, 0x0000, 0x0000, 0x0000, 0x0000, 0x0000, 0x0000,   // 0x31C0 (12736) pixels
0x0000, 0x0000, 0x0000, 0x0000, 0x0000, 0x0000, 0x0000, 0x0000, 0x0000, 0x0000, 0x0000, 0x0000, 0x0000, 0x0000, 0x0000, 0x0000,   // 0x31D0 (12752) pixels
0x0000, 0x0000, 0x0000, 0x0000, 0x0000, 0x0000, 0x0860, 0x08A1, 0x10C1, 0x18E2, 0x1942, 0x21A2, 0x3203, 0x3A64, 0x42E5, 0x4B66,   // 0x31E0 (12768) pixels
0x5BE7, 0x6448, 0x6CA7, 0x74E8, 0x7D49, 0x7D69, 0x8589, 0x85CA, 0x8DEA, 0x8E0A, 0x8E0A, 0x8E0A, 0x962A, 0x962B, 0x962B, 0x962B,   // 0x31F0 (12784) pixels
0x962B, 0x962A, 0x962A, 0x962A, 0x962A, 0x8E2A, 0x8E2A, 0x8E0A, 0x8E0A, 0x8E0A, 0x8E0A, 0x8E0A, 0x8E0A, 0x8E0A, 0x8E2A, 0x962A,   // 0x3200 (12800) pixels
0x964B, 0x964B, 0xA66C, 0x4B65, 0x0040, 0x0803, 0x18E7, 0x0083, 0x0800, 0x3001, 0xB800, 0xD842, 0xC021, 0x6821, 0x1821, 0x0002,   // 0x3210 (12816) pixels
0x0002, 0x0801, 0x0002, 0x0823, 0x1043, 0x1802, 0x4064, 0x79C9, 0xA26B, 0xAA8B, 0x9A8B, 0xA28C, 0xA26C, 0x79A9, 0x40A5, 0x2043,   // 0x3220 (12832) pixels
0x1844, 0x1844, 0x0001, 0x0843, 0x0002, 0x0001, 0x0800, 0x5060, 0xB061, 0xF000, 0xB822, 0x4841, 0x0001, 0x0824, 0x20E7, 0x20E5,   // 0x3230 (12848) pixels
0x0822, 0x0001, 0x5C46, 0xA6AE, 0x8E2B, 0x8E09, 0x966A, 0x9629, 0x960A, 0xA66C, 0x964B, 0x966B, 0x8E2A, 0x964A, 0x8E29, 0x8DE9,   // 0x3240 (12864) pixels
0xAEAE, 0x6CA8, 0x3A83, 0x42E5, 0x32A3, 0x7D2A, 0x9E4C, 0x8E29, 0x964A, 0x962A, 0x964A, 0x964A, 0x964A, 0x962A, 0x962A, 0x8E0A,   // 0x3250 (12880) pixels
0x8DEA, 0x8DEA, 0x85C9, 0x85A9, 0x7D89, 0x7D48, 0x7508, 0x6CC8, 0x6467, 0x5C26, 0x53A6, 0x4B45, 0x42E4, 0x3A64, 0x3223, 0x29C3,   // 0x3260 (12896) pixels
0x2162, 0x1922, 0x10E1, 0x08A1, 0x0880, 0x0880, 0x0060, 0x0040, 0x0040, 0x0000, 0x0000, 0x0000, 0x0000, 0x0000, 0x0000, 0x0000,   // 0x3270 (12912) pixels
0x0000, 0x0000, 0x0000, 0x0000, 0x0000, 0x0000, 0x0000, 0x0000, 0x0000, 0x0000, 0x0000, 0x0000, 0x0000, 0x0000, 0x0000, 0x0000,   // 0x3280 (12928) pixels
0x0000, 0x0000, 0x0000, 0x0000, 0x0000, 0x0000, 0x0000, 0x0000, 0x0000, 0x0000, 0x0000, 0x0000, 0x0000, 0x0000, 0x0000, 0x0000,   // 0x3290 (12944) pixels
0x0000, 0x0000, 0x0000, 0x0000, 0x0860, 0x08A1, 0x10C1, 0x18E2, 0x1942, 0x21A2, 0x3203, 0x3A64, 0x42E5, 0x4B65, 0x5BE7, 0x6448,   // 0x32A0 (12960) pixels
0x6CA7, 0x74E7, 0x7D28, 0x7D69, 0x8589, 0x85C9, 0x8DE9, 0x8DEA, 0x8E0A, 0x8E0A, 0x962A, 0x962A, 0x962A, 0x962A, 0x962A, 0x962A,   // 0x32B0 (12976) pixels
0x8E2A, 0x8E2A, 0x8E2A, 0x8E2A, 0x8E0A, 0x8E0A, 0x8E0A, 0x8E0A, 0x8E0A, 0x8E0A, 0x8E0A, 0x8E0A, 0x8E0A, 0x8E2A, 0x962A, 0x964A,   // 0x32C0 (12992) pixels
0x95AD, 0x2162, 0x0002, 0x1005, 0x20E7, 0x10E5, 0x0001, 0x1023, 0x5821, 0xB0A3, 0xE062, 0xD061, 0x7861, 0x2020, 0x0001, 0x0002,   // 0x32D0 (13008) pixels
0x0003, 0x1045, 0x2908, 0x18C7, 0x0844, 0x0843, 0x0001, 0x0000, 0x0822, 0x0801, 0x0802, 0x1004, 0x1886, 0x2148, 0x2107, 0x0023,   // 0x32E0 (13024) pixels
0x0003, 0x0003, 0x1001, 0x3000, 0x7821, 0xC821, 0xE042, 0xD020, 0x5000, 0x0841, 0x0044, 0x1846, 0x20E6, 0x1946, 0x18A5, 0x0804,   // 0x32F0 (13040) pixels
0x5BE8, 0x95AE, 0x8DCB, 0x8E2A, 0x9649, 0x8E29, 0x960A, 0x960A, 0x8E2A, 0x966B, 0x8E4B, 0x966B, 0x966A, 0x9E6B, 0x9E0E, 0x4B46,   // 0x3300 (13056) pixels
0x0000, 0x0020, 0x0060, 0x63EA, 0x95CD, 0x962B, 0x964A, 0x964A, 0x9629, 0x9629, 0x962A, 0x8E2A, 0x8E0A, 0x8DEA, 0x8DE9, 0x85C9,   // 0x3310 (13072) pixels
0x85A9, 0x85A9, 0x7D69, 0x7D28, 0x74E8, 0x74C8, 0x6467, 0x5C06, 0x5386, 0x4B45, 0x3AC4, 0x3263, 0x3203, 0x29A3, 0x2162, 0x1921,   // 0x3320 (13088) pixels
0x10E1, 0x08A0, 0x0880, 0x0880, 0x0040, 0x0040, 0x0040, 0x0000, 0x0000, 0x0000, 0x0000, 0x0000, 0x0000, 0x0000, 0x0000, 0x0000,   // 0x3330 (13104) pixels
0x0000, 0x0000, 0x0000, 0x0000, 0x0000, 0x0000, 0x0000, 0x0000, 0x0000, 0x0000, 0x0000, 0x0000, 0x0000, 0x0000, 0x0000, 0x0000,   // 0x3340 (13120) pixels
0x0000, 0x0000, 0x0000, 0x0000, 0x0000, 0x0000, 0x0000, 0x0000, 0x0000, 0x0000, 0x0000, 0x0000, 0x0000, 0x0000, 0x0000, 0x0000,   // 0x3350 (13136) pixels
0x0000, 0x0000, 0x0860, 0x08A1, 0x10C1, 0x18E2, 0x1942, 0x21A2, 0x3203, 0x3A84, 0x42E4, 0x4B65, 0x5BE6, 0x6427, 0x6C87, 0x74C7,   // 0x3360 (13152) pixels
0x7D28, 0x7D49, 0x7D69, 0x85A9, 0x85C9, 0x85C9, 0x8DEA, 0x8E0A, 0x8E0A, 0x962A, 0x962A, 0x962A, 0x962A, 0x8E2A, 0x8E0A, 0x8E0A,   // 0x3370 (13168) pixels
0x8E0A, 0x8E0A, 0x8E0A, 0x8E0A, 0x8E0A, 0x8E0A, 0x8E0A, 0x8E0A, 0x8E0A, 0x8E0A, 0x8E0A, 0x8E2A, 0x8E2A, 0x962A, 0x3A85, 0x0000,   // 0x3380 (13184) pixels
0x0803, 0x20C8, 0x2107, 0x1905, 0x0863, 0x0003, 0x0801, 0x6042, 0xC042, 0xE861, 0xD041, 0x8800, 0x4801, 0x2022, 0x0042, 0x0002,   // 0x3390 (13200) pixels
0x0044, 0x00A6, 0x1108, 0x1928, 0x18E7, 0x18C6, 0x10C6, 0x18C7, 0x20A7, 0x20C8, 0x10C7, 0x00A5, 0x0043, 0x0022, 0x1803, 0x2822,   // 0x33A0 (13216) pixels
0x5000, 0xA021, 0xE842, 0xF043, 0xB862, 0x7081, 0x1001, 0x0083, 0x0085, 0x2867, 0x2126, 0x1145, 0x10A5, 0x1845, 0x08A0, 0x1961,   // 0x33B0 (13232) pixels
0x6C89, 0x964C, 0x8609, 0x8E29, 0x964B, 0x960B, 0x8E09, 0x962A, 0x8E2B, 0x8609, 0x8E29, 0x960B, 0x4305, 0x1101, 0x1086, 0x20E7,   // 0x33C0 (13248) pixels
0x10C5, 0x1103, 0x2A22, 0x8DAB, 0x8E0A, 0x8E29, 0x8E09, 0x8E0A, 0x8E0A, 0x8E0A, 0x8DEA, 0x8DEA, 0x85CA, 0x85A9, 0x85A9, 0x8589,   // 0x33D0 (13264) pixels
0x7D69, 0x7D28, 0x74E8, 0x6CA8, 0x6447, 0x5BE6, 0x5386, 0x4B25, 0x3AC4, 0x3243, 0x2A03, 0x21A2, 0x1942, 0x1901, 0x10E1, 0x08A0,   // 0x33E0 (13280) pixels
0x0880, 0x0880, 0x0040, 0x0040, 0x0040, 0x0000, 0x0000, 0x0000, 0x0000, 0x0000, 0x0000, 0x0000, 0x0000, 0x0000, 0x0000, 0x0000,   // 0x33F0 (13296) pixels
0x0000, 0x0000, 0x0000, 0x0000, 0x0000, 0x0000, 0x0000, 0x0000, 0x0000, 0x0000, 0x0000, 0x0000, 0x0000, 0x0000, 0x0000, 0x0000,   // 0x3400 (13312) pixels
0x0000, 0x0000, 0x0000, 0x0000, 0x0000, 0x0000, 0x0000, 0x0000, 0x0000, 0x0000, 0x0000, 0x0000, 0x0000, 0x0000, 0x0000, 0x0000,   // 0x3410 (13328) pixels
0x0860, 0x08A1, 0x10C1, 0x18E2, 0x1942, 0x21A2, 0x2A03, 0x3A64, 0x42E4, 0x4B45, 0x5BC6, 0x6427, 0x6C87, 0x74C8, 0x7D09, 0x7D49,   // 0x3420 (13344) pixels
0x7D69, 0x85AA, 0x85CA, 0x85CA, 0x8DEA, 0x8DEA, 0x8E0A, 0x8E0A, 0x8E0A, 0x8E0A, 0x8E0A, 0x8E0A, 0x8E09, 0x8E0A, 0x8E0A, 0x8E0A,   // 0x3430 (13360) pixels
0x8E0A, 0x8E0A, 0x8E0A, 0x8E0A, 0x8E0A, 0x8E0A, 0x8E0A, 0x8E0A, 0x8E0A, 0x8E0A, 0x8E0A, 0x8E0A, 0x10A1, 0x0001, 0x0844, 0x18E7,   // 0x3440 (13376) pixels
0x2126, 0x20E5, 0x2907, 0x1065, 0x0802, 0x1822, 0x5042, 0xB042, 0xE862, 0xD882, 0xB8A3, 0xA884, 0x4020, 0x2800, 0x1000, 0x0802,   // 0x3450 (13392) pixels
0x0844, 0x1045, 0x2086, 0x2886, 0x18E6, 0x20C6, 0x1886, 0x1886, 0x1084, 0x0821, 0x1800, 0x2800, 0x6822, 0xA0A3, 0xC882, 0xD040,   // 0x3460 (13408) pixels
0xD841, 0xB843, 0x6843, 0x0801, 0x0843, 0x00A4, 0x18C6, 0x28E7, 0x2926, 0x1926, 0x2106, 0x2908, 0x0002, 0x0040, 0x640A, 0x962D,   // 0x3470 (13424) pixels
0x966B, 0x8E2A, 0x8E0A, 0x8DEA, 0x9609, 0x8E0A, 0x8E0B, 0x8E2A, 0x8E29, 0x9E2D, 0x1981, 0x0001, 0x1044, 0x2908, 0x2928, 0x0000,   // 0x3480 (13440) pixels
0x00A0, 0x95CD, 0x964B, 0x85E8, 0x8E0A, 0x8E0A, 0x8E0A, 0x8DEA, 0x8DEA, 0x85CA, 0x85AA, 0x85AA, 0x8589, 0x8589, 0x7D49, 0x7509,   // 0x3490 (13456) pixels
0x74C8, 0x6C88, 0x6427, 0x5BC6, 0x4B66, 0x4325, 0x3AA4, 0x3243, 0x29E3, 0x21A2, 0x1942, 0x1901, 0x10E1, 0x08A0, 0x0880, 0x0880,   // 0x34A0 (13472) pixels
0x0040, 0x0040, 0x0040, 0x0000, 0x0000, 0x0000, 0x0000, 0x0000, 0x0000, 0x0000, 0x0000, 0x0000, 0x0000, 0x0000, 0x0000, 0x0000,   // 0x34B0 (13488) pixels
0x0000, 0x0000, 0x0000, 0x0000, 0x0000, 0x0000, 0x0000, 0x0000, 0x0000, 0x0000, 0x0000, 0x0000, 0x0000, 0x0000, 0x0000, 0x0000,   // 0x34C0 (13504) pixels
0x0000, 0x0000, 0x0000, 0x0000, 0x0000, 0x0000, 0x0000, 0x0000, 0x0000, 0x0000, 0x0000, 0x0000, 0x0000, 0x0000, 0x0860, 0x08A1,   // 0x34D0 (13520) pixels
0x10C1, 0x18E2, 0x1941, 0x21A2, 0x2A03, 0x3A64, 0x42C4, 0x4B45, 0x5BC6, 0x5C07, 0x6C87, 0x74C8, 0x7D09, 0x7D49, 0x7D69, 0x85AA,   // 0x34E0 (13536) pixels
0x85CA, 0x85CA, 0x8DEA, 0x8DEA, 0x8DEA, 0x8E0A, 0x8E0A, 0x8E0A, 0x8E0A, 0x8E09, 0x8E09, 0x8E0A, 0x8E0A, 0x8E0A, 0x8E0A, 0x8E0A,   // 0x34F0 (13552) pixels
0x8E0A, 0x8E0A, 0x8E0A, 0x8E0A, 0x8E0A, 0x8E0A, 0x8E0A, 0x8E0A, 0x8E0A, 0x8E09, 0x18C5, 0x0803, 0x2107, 0x1906, 0x2125, 0x3105,   // 0x3500 (13568) pixels
0x28A5, 0x2086, 0x1043, 0x0022, 0x0021, 0x3061, 0x9081, 0xD840, 0xF001, 0xE801, 0xC062, 0xA062, 0x6801, 0x3001, 0x0801, 0x0001,   // 0x3510 (13584) pixels
0x0022, 0x0001, 0x0001, 0x0042, 0x0022, 0x0001, 0x0000, 0x3000, 0x7062, 0xA083, 0xD821, 0xE061, 0xE840, 0xE840, 0xB061, 0x4820,   // 0x3520 (13600) pixels
0x0802, 0x0005, 0x1003, 0x1844, 0x20E6, 0x2926, 0x28E6, 0x28E6, 0x2107, 0x18E7, 0x0804, 0x0001, 0x21C2, 0x53E5, 0x8E2A, 0x862A,   // 0x3530 (13616) pixels
0x8E2A, 0x8E2B, 0x9628, 0x8E0A, 0x85EA, 0x968B, 0x8E09, 0x9E2E, 0x29A4, 0x0003, 0x20A5, 0x28E6, 0x28E7, 0x1062, 0x10E0, 0x8D6C,   // 0x3540 (13632) pixels
0x8E0A, 0x8E29, 0x8E0A, 0x8E0A, 0x8E0A, 0x8DEA, 0x8DEA, 0x85CA, 0x85AA, 0x85AA, 0x8589, 0x7D69, 0x7D49, 0x7509, 0x74C9, 0x6C88,   // 0x3550 (13648) pixels
0x6427, 0x53C6, 0x4B65, 0x4325, 0x3AA4, 0x3243, 0x29E3, 0x2182, 0x1942, 0x1101, 0x10E1, 0x08A0, 0x0880, 0x0880, 0x0040, 0x0040,   // 0x3560 (13664) pixels
0x0040, 0x0000, 0x0000, 0x0000, 0x0000, 0x0000, 0x0000, 0x0000, 0x0000, 0x0000, 0x0000, 0x0000, 0x0000, 0x0000, 0x0000, 0x0000,   // 0x3570 (13680) pixels
0x0000, 0x0000, 0x0000, 0x0000, 0x0000, 0x0000, 0x0000, 0x0000, 0x0000, 0x0000, 0x0000, 0x0000, 0x0000, 0x0000, 0x0000, 0x0000,   // 0x3580 (13696) pixels
0x0000, 0x0000, 0x0000, 0x0000, 0x0000, 0x0000, 0x0000, 0x0000, 0x0000, 0x0000, 0x0000, 0x0000, 0x0841, 0x0881, 0x10C1, 0x1901,   // 0x3590 (13712) pixels
0x1941, 0x21A3, 0x2A03, 0x3263, 0x42E5, 0x4B45, 0x53C6, 0x6427, 0x6C68, 0x74C8, 0x7509, 0x7548, 0x7D89, 0x7DAA, 0x85CA, 0x85EB,   // 0x35A0 (13728) pixels
0x85EA, 0x85EA, 0x8DEA, 0x95EA, 0x95EA, 0x95EA, 0x8DEA, 0x8DEA, 0x8E0B, 0x8E0B, 0x8E2B, 0x862B, 0x862A, 0x8E0A, 0x8E0A, 0x8E0A,   // 0x35B0 (13744) pixels
0x85EA, 0x8DEA, 0x8DE9, 0x8DEA, 0x8E2B, 0x8608, 0x9E4A, 0x9DF0, 0x18C5, 0x0823, 0x3989, 0x2927, 0x20E6, 0x20E6, 0x2907, 0x20E6,   // 0x35C0 (13760) pixels
0x1063, 0x0864, 0x0022, 0x0001, 0x3001, 0x8882, 0xD082, 0xF041, 0xE020, 0xD841, 0xC841, 0xB021, 0x9000, 0x7000, 0x6021, 0x5862,   // 0x35D0 (13776) pixels
0x6042, 0x5841, 0x5861, 0x6041, 0x7821, 0xA862, 0xD062, 0xE021, 0xF020, 0xE041, 0xB8A3, 0x7884, 0x3002, 0x0001, 0x0022, 0x1064,   // 0x35E0 (13792) pixels
0x1885, 0x18C5, 0x20E6, 0x2107, 0x2107, 0x2106, 0x20E6, 0x20E6, 0x0021, 0x0001, 0x0001, 0x29C5, 0x8D4D, 0x95CB, 0x8E0A, 0x8E29,   // 0x35F0 (13808) pixels
0x95E9, 0x962A, 0x85E9, 0x8E49, 0x9649, 0x9E2D, 0x21A3, 0x0003, 0x1887, 0x2906, 0x2906, 0x0824, 0x08C2, 0x958B, 0x9629, 0x8E0B,   // 0x3600 (13824) pixels
0x8E0A, 0x8DEA, 0x8DEA, 0x8DEA, 0x8DEA, 0x85CA, 0x85A9, 0x85A9, 0x8589, 0x7D69, 0x7D29, 0x74E8, 0x6CA8, 0x6467, 0x5C06, 0x53C6,   // 0x3610 (13840) pixels
0x4B46, 0x4305, 0x3A84, 0x3223, 0x29C3, 0x2182, 0x1922, 0x18E1, 0x10C1, 0x08A1, 0x0880, 0x0860, 0x0840, 0x0840, 0x0020, 0x0000,   // 0x3620 (13856) pixels
0x0000, 0x0000, 0x0000, 0x0000, 0x0000, 0x0000, 0x0000, 0x0000, 0x0000, 0x0000, 0x0000, 0x0000, 0x0000, 0x0000, 0x0000, 0x0000,   // 0x3630 (13872) pixels
0x0000, 0x0000, 0x0000, 0x0000, 0x0000, 0x0000, 0x0000, 0x0000, 0x0000, 0x0000, 0x0000, 0x0000, 0x0000, 0x0000, 0x0000, 0x0000,   // 0x3640 (13888) pixels
0x0000, 0x0000, 0x0000, 0x0000, 0x0000, 0x0000, 0x0000, 0x0000, 0x0000, 0x0000, 0x0841, 0x0881, 0x10C1, 0x1901, 0x1941, 0x21A3,   // 0x3650 (13904) pixels
0x29E3, 0x3244, 0x42E5, 0x4B45, 0x53C6, 0x6427, 0x6C68, 0x74C8, 0x7509, 0x7548, 0x7D89, 0x85AA, 0x85AA, 0x8DCB, 0x8DEA, 0x8DEA,   // 0x3660 (13920) pixels
0x95EA, 0x95EA, 0x95EB, 0x95EA, 0x95EA, 0x95CA, 0x95EB, 0x95EB, 0x960B, 0x8E0B, 0x8E0A, 0x8E0A, 0x8E0A, 0x8E0A, 0x8E0A, 0x8DEA,   // 0x3670 (13936) pixels
0x8DE9, 0x8DEA, 0x8E2B, 0x8E29, 0x8DC9, 0x5367, 0x0844, 0x0823, 0x3188, 0x2907, 0x20E6, 0x2106, 0x2107, 0x2107, 0x28E6, 0x2106,   // 0x3680 (13952) pixels
0x08C5, 0x0043, 0x0801, 0x3021, 0x6041, 0x8861, 0xC8A2, 0xC882, 0xC861, 0xD042, 0xD842, 0xD842, 0xD822, 0xD821, 0xD841, 0xD801,   // 0x3690 (13968) pixels
0xD821, 0xE042, 0xD842, 0xD862, 0xD861, 0xD861, 0xB862, 0x8021, 0x4800, 0x2021, 0x0802, 0x0823, 0x1064, 0x1064, 0x20C6, 0x20E6,   // 0x36A0 (13984) pixels
0x2107, 0x2907, 0x2107, 0x2106, 0x20E6, 0x20E6, 0x0844, 0x0844, 0x0003, 0x0021, 0x21C2, 0x6C88, 0x962B, 0x8E09, 0x8DEB, 0x962B,   // 0x36B0 (14000) pixels
0x8E2A, 0x85E8, 0x8E09, 0xA62E, 0x2182, 0x0841, 0x398A, 0x2927, 0x20E6, 0x0004, 0x08A1, 0x95AC, 0x9629, 0x8E0A, 0x8E0A, 0x8DEA,   // 0x36C0 (14016) pixels
0x8DEA, 0x8DEA, 0x8DEA, 0x85CA, 0x85A9, 0x85A9, 0x8589, 0x7D69, 0x7D29, 0x74E8, 0x6CA8, 0x6467, 0x5C06, 0x53C6, 0x4B46, 0x42E5,   // 0x36D0 (14032) pixels
0x3A84, 0x3223, 0x29C3, 0x2182, 0x1922, 0x18E1, 0x10C1, 0x08A1, 0x0880, 0x0860, 0x0840, 0x0840, 0x0020, 0x0000, 0x0000, 0x0000,   // 0x36E0 (14048) pixels
0x0000, 0x0000, 0x0000, 0x0000, 0x0000, 0x0000, 0x0000, 0x0000, 0x0000, 0x0000, 0x0000, 0x0000, 0x0000, 0x0000, 0x0000, 0x0000,   // 0x36F0 (14064) pixels
0x0000, 0x0000, 0x0000, 0x0000, 0x0000, 0x0000, 0x0000, 0x0000, 0x0000, 0x0000, 0x0000, 0x0000, 0x0000, 0x0000, 0x0000, 0x0000,   // 0x3700 (14080) pixels
0x0000, 0x0000, 0x0000, 0x0000, 0x0000, 0x0000, 0x0000, 0x0000, 0x0840, 0x0881, 0x10C1, 0x18E1, 0x1921, 0x21A2, 0x29E3, 0x3244,   // 0x3710 (14096) pixels
0x42E4, 0x4B45, 0x53A6, 0x6427, 0x6468, 0x74E8, 0x7529, 0x7D49, 0x8569, 0x8D8A, 0x8D8A, 0x95AB, 0x95CB, 0x95CB, 0x9DCB, 0x9DCB,   // 0x3720 (14112) pixels
0xA5AB, 0x9DCB, 0x9DCB, 0x9DAB, 0xA5AB, 0x9DAB, 0x9DCB, 0x95EB, 0x960A, 0x960A, 0x960A, 0x960A, 0x8E0A, 0x8E0A, 0x960A, 0x8E0A,   // 0x3730 (14128) pixels
0x85EB, 0x964A, 0x8569, 0x0900, 0x0002, 0x1044, 0x3168, 0x20E6, 0x20E6, 0x20E6, 0x2106, 0x2106, 0x30E7, 0x2907, 0x1906, 0x08C5,   // 0x3740 (14144) pixels
0x0084, 0x0043, 0x1022, 0x1822, 0x4861, 0x5020, 0x6800, 0x8821, 0xB062, 0xD083, 0xD862, 0xD841, 0xD880, 0xD840, 0xE020, 0xE042,   // 0x3750 (14160) pixels
0xC842, 0x9800, 0x6800, 0x5820, 0x3022, 0x1801, 0x0001, 0x0023, 0x1065, 0x18A6, 0x18A6, 0x1084, 0x2107, 0x2907, 0x2907, 0x2907,   // 0x3760 (14176) pixels
0x2107, 0x2106, 0x2106, 0x2106, 0x0802, 0x0804, 0x1045, 0x0843, 0x0060, 0x5C07, 0x9E6B, 0x8628, 0x964B, 0x85E9, 0x8E4A, 0x9E8C,   // 0x3770 (14192) pixels
0x858B, 0x746B, 0x1922, 0x2104, 0x4A0B, 0x2926, 0x2107, 0x0024, 0x10E2, 0x95AC, 0x8DE9, 0x8E09, 0x8E0A, 0x8E0A, 0x8DEA, 0x8DEA,   // 0x3780 (14208) pixels
0x8DEA, 0x85CA, 0x85A9, 0x85A9, 0x8589, 0x7D69, 0x7D29, 0x74E8, 0x6CA8, 0x6447, 0x5C06, 0x53C6, 0x4B46, 0x42E5, 0x3A84, 0x2A23,   // 0x3790 (14224) pixels
0x29C3, 0x2182, 0x1922, 0x18E1, 0x10C1, 0x08A1, 0x0880, 0x0860, 0x0840, 0x0020, 0x0020, 0x0000, 0x0000, 0x0000, 0x0000, 0x0000,   // 0x37A0 (14240) pixels
0x0000, 0x0000, 0x0000, 0x0000, 0x0000, 0x0000, 0x0000, 0x0000, 0x0000, 0x0000, 0x0000, 0x0000, 0x0000, 0x0000, 0x0000, 0x0000,   // 0x37B0 (14256) pixels
0x0000, 0x0000, 0x0000, 0x0000, 0x0000, 0x0000, 0x0000, 0x0000, 0x0000, 0x0000, 0x0000, 0x0000, 0x0000, 0x0000, 0x0000, 0x0000,   // 0x37C0 (14272) pixels
0x0000, 0x0000, 0x0000, 0x0000, 0x0000, 0x0000, 0x0840, 0x0881, 0x10A0, 0x18E1, 0x1921, 0x2183, 0x29E3, 0x3244, 0x42E5, 0x4B45,   // 0x37D0 (14288) pixels
0x53A6, 0x6427, 0x6488, 0x74E9, 0x7509, 0x7D49, 0x8569, 0x8D8A, 0x956A, 0x9D8B, 0xA58B, 0xA58B, 0xAD8B, 0xAD6B, 0xB56B, 0xAD6B,   // 0x37E0 (14304) pixels
0xAD6B, 0xAD6B, 0xAD6B, 0xAD8B, 0xA5AB, 0x9DCB, 0x95EA, 0x960A, 0x962A, 0x962A, 0x8E09, 0x8E0A, 0x960A, 0x960B, 0x85CA, 0x964B,   // 0x37F0 (14320) pixels
0x8D8B, 0x0060, 0x0002, 0x1064, 0x3148, 0x20E6, 0x20E6, 0x2907, 0x2927, 0x2107, 0x2106, 0x2106, 0x18E6, 0x10C6, 0x0885, 0x0844,   // 0x3800 (14336) pixels
0x0024, 0x0004, 0x0023, 0x0002, 0x0802, 0x2002, 0x3842, 0x4862, 0x5062, 0x5041, 0x5081, 0x5041, 0x5821, 0x6042, 0x5063, 0x2801,   // 0x3810 (14352) pixels
0x0001, 0x0043, 0x0043, 0x0003, 0x0804, 0x1045, 0x1086, 0x18C7, 0x2907, 0x28C6, 0x2907, 0x2907, 0x2107, 0x2107, 0x2107, 0x2107,   // 0x3820 (14368) pixels
0x2106, 0x20E6, 0x1021, 0x0803, 0x1886, 0x18C5, 0x0020, 0x6448, 0x9E6B, 0x8E28, 0x8E29, 0x9649, 0x9EAB, 0x960C, 0x2A43, 0x0081,   // 0x3830 (14384) pixels
0x10A5, 0x39A9, 0x3988, 0x2906, 0x20E7, 0x0003, 0x08E1, 0x8DAC, 0x8E09, 0x8E29, 0x8E0A, 0x8E0A, 0x8DEA, 0x8DEA, 0x8DEA, 0x8DEA,   // 0x3840 (14400) pixels
0x85C9, 0x85A9, 0x8589, 0x7D69, 0x7D29, 0x74E8, 0x6CA8, 0x6447, 0x5BE6, 0x53A5, 0x4B46, 0x42E5, 0x3A64, 0x2A03, 0x29C3, 0x2162,   // 0x3850 (14416) pixels
0x1922, 0x10E1, 0x10A1, 0x0880, 0x0860, 0x0860, 0x0840, 0x0020, 0x0020, 0x0000, 0x0000, 0x0000, 0x0000, 0x0000, 0x0000, 0x0000,   // 0x3860 (14432) pixels
0x0000, 0x0000, 0x0000, 0x0000, 0x0000, 0x0000, 0x0000, 0x0000, 0x0000, 0x0000, 0x0000, 0x0000, 0x0000, 0x0000, 0x0000, 0x0000,   // 0x3870 (14448) pixels
0x0000, 0x0000, 0x0000, 0x0000, 0x0000, 0x0000, 0x0000, 0x0000, 0x0000, 0x0000, 0x0000, 0x0000, 0x0000, 0x0000, 0x0000, 0x0000,   // 0x3880 (14464) pixels
0x0000, 0x0000, 0x0000, 0x0000, 0x0840, 0x0880, 0x10A0, 0x10E1, 0x1922, 0x2183, 0x29E3, 0x3244, 0x42C5, 0x4B45, 0x53A6, 0x6427,   // 0x3890 (14480) pixels
0x6488, 0x74E9, 0x7D29, 0x7D49, 0x8D69, 0x958A, 0x9D6A, 0x9D8B, 0xAD4B, 0xB54B, 0xB54B, 0xBD4B, 0xBD2B, 0xBD4B, 0xBD4B, 0xB52B,   // 0x38A0 (14496) pixels
0xB54B, 0xAD6B, 0xA58B, 0xA5CB, 0x9DEB, 0x960A, 0x962A, 0x962A, 0x8E4A, 0x962A, 0x960A, 0x962B, 0x85EA, 0x964A, 0x95AC, 0x08A2,   // 0x38B0 (14512) pixels
0x0002, 0x1064, 0x2907, 0x20E6, 0x2106, 0x3148, 0x3989, 0x2947, 0x18E5, 0x2106, 0x28E6, 0x20A5, 0x1864, 0x1865, 0x1865, 0x1845,   // 0x38C0 (14528) pixels
0x0825, 0x0805, 0x0804, 0x0804, 0x0803, 0x0002, 0x0002, 0x0002, 0x0002, 0x0003, 0x0002, 0x0802, 0x0823, 0x0004, 0x0004, 0x0046,   // 0x38D0 (14544) pixels
0x1085, 0x1065, 0x1065, 0x1085, 0x10A5, 0x18E6, 0x3107, 0x38C6, 0x2107, 0x2106, 0x20E6, 0x20E6, 0x2107, 0x2107, 0x2106, 0x20E6,   // 0x38E0 (14560) pixels
0x0000, 0x0803, 0x1866, 0x1085, 0x0020, 0x746B, 0x9E2E, 0x962C, 0x9E4D, 0xA68D, 0x858A, 0x5387, 0x0081, 0x10A5, 0x41CB, 0x39A9,   // 0x38F0 (14576) pixels
0x28E6, 0x20E6, 0x18A5, 0x0041, 0x19A2, 0x8DCC, 0x9629, 0x964A, 0x960A, 0x960A, 0x8E0A, 0x8DEA, 0x8DEA, 0x8DEA, 0x8DC9, 0x85A9,   // 0x3900 (14592) pixels
0x8589, 0x7D69, 0x7D29, 0x74E8, 0x6CA8, 0x6447, 0x5BE6, 0x53A5, 0x4B26, 0x42E5, 0x3264, 0x2A03, 0x29A3, 0x2162, 0x1921, 0x10E1,   // 0x3910 (14608) pixels
0x10A1, 0x0880, 0x0860, 0x0840, 0x0040, 0x0020, 0x0020, 0x0000, 0x0000, 0x0000, 0x0000, 0x0000, 0x0000, 0x0000, 0x0000, 0x0000,   // 0x3920 (14624) pixels
0x0000, 0x0000, 0x0000, 0x0000, 0x0000, 0x0000, 0x0000, 0x0000, 0x0000, 0x0000, 0x0000, 0x0000, 0x0000, 0x0000, 0x0000, 0x0000,   // 0x3930 (14640) pixels
0x0000, 0x0000, 0x0000, 0x0000, 0x0000, 0x0000, 0x0000, 0x0000, 0x0000, 0x0000, 0x0000, 0x0000, 0x0000, 0x0000, 0x0000, 0x0000,   // 0x3940 (14656) pixels
0x0000, 0x0000, 0x0040, 0x0880, 0x08A0, 0x10E1, 0x1922, 0x2183, 0x29E3, 0x3244, 0x42C5, 0x4B45, 0x53A6, 0x6407, 0x6468, 0x74E9,   // 0x3950 (14672) pixels
0x7D29, 0x7D49, 0x8D8A, 0x958A, 0x958A, 0x9D8B, 0xAD4B, 0xB54B, 0xB54B, 0xBD2B, 0xBD4B, 0xBD2B, 0xBD2B, 0xBD4B, 0xB56B, 0xAD8B,   // 0x3960 (14688) pixels
0xADAB, 0xA5CB, 0x9E0B, 0x962B, 0x962A, 0x962A, 0x8E6B, 0x962A, 0x960A, 0x962B, 0x8E0A, 0x964A, 0x8D8B, 0x08A2, 0x0803, 0x1885,   // 0x3970 (14704) pixels
0x2106, 0x20E6, 0x2107, 0x2948, 0x3989, 0x2927, 0x2907, 0x2906, 0x28C5, 0x2084, 0x20A4, 0x20C5, 0x18C5, 0x10A4, 0x1023, 0x1043,   // 0x3980 (14720) pixels
0x1843, 0x1023, 0x0803, 0x0803, 0x0823, 0x0844, 0x1025, 0x0825, 0x0044, 0x0043, 0x0043, 0x0843, 0x1044, 0x1845, 0x2064, 0x1884,   // 0x3990 (14736) pixels
0x18A5, 0x18A5, 0x18A5, 0x20C6, 0x2106, 0x1926, 0x2927, 0x2107, 0x20E6, 0x20E6, 0x2107, 0x2107, 0x2106, 0x20E6, 0x0802, 0x0804,   // 0x39A0 (14752) pixels
0x1066, 0x1066, 0x0001, 0x29A4, 0x3224, 0x2A44, 0x2A03, 0x3244, 0x21A3, 0x08C1, 0x10A4, 0x39A9, 0x39A8, 0x3987, 0x28C6, 0x1885,   // 0x39B0 (14768) pixels
0x0883, 0x3A66, 0x6C69, 0x9E4C, 0x9609, 0x964A, 0x962A, 0x962A, 0x960A, 0x960A, 0x8E0A, 0x8DEA, 0x8DCA, 0x85C9, 0x8589, 0x7D69,   // 0x39C0 (14784) pixels
0x7D29, 0x7508, 0x6CA8, 0x6447, 0x5BE6, 0x53A5, 0x4B26, 0x42E5, 0x3264, 0x2A03, 0x29A3, 0x2162, 0x1901, 0x10E1, 0x08A1, 0x0880,   // 0x39D0 (14800) pixels
0x0060, 0x0040, 0x0040, 0x0020, 0x0020, 0x0000, 0x0000, 0x0000, 0x0000, 0x0000, 0x0000, 0x0000, 0x0000, 0x0000, 0x0000, 0x0000,   // 0x39E0 (14816) pixels
0x0000, 0x0000, 0x0000, 0x0000, 0x0000, 0x0000, 0x0000, 0x0000, 0x0000, 0x0000, 0x0000, 0x0000, 0x0000, 0x0000, 0x0000, 0x0000,   // 0x39F0 (14832) pixels
0x0000, 0x0000, 0x0000, 0x0000, 0x0000, 0x0000, 0x0000, 0x0000, 0x0000, 0x0000, 0x0000, 0x0000, 0x0000, 0x0000, 0x0000, 0x0000,   // 0x3A00 (14848) pixels
0x0040, 0x0880, 0x08A0, 0x10E1, 0x1921, 0x2183, 0x29E3, 0x3244, 0x3AC5, 0x4B25, 0x53A6, 0x5C07, 0x6C68, 0x74E9, 0x7D29, 0x7D49,   // 0x3A10 (14864) pixels
0x8D8A, 0x8DAA, 0x958A, 0x9D8B, 0xA58B, 0xAD8B, 0xAD8B, 0xB58B, 0xB56B, 0xB56B, 0xB56B, 0xAD6B, 0xAD8B, 0xADAB, 0xA5CB, 0x9DEB,   // 0x3A20 (14880) pixels
0x9E0B, 0x962B, 0x962A, 0x962A, 0x8E6B, 0x962B, 0x960A, 0x962B, 0x8E2A, 0x9E6A, 0x8D8B, 0x08A1, 0x0823, 0x20E6, 0x2106, 0x20E6,   // 0x3A30 (14896) pixels
0x2107, 0x2107, 0x2927, 0x2106, 0x41CA, 0x3148, 0x20C6, 0x1085, 0x1085, 0x18A5, 0x10C4, 0x10A4, 0x10C3, 0x18C4, 0x18C4, 0x18A4,   // 0x3A40 (14912) pixels
0x18A5, 0x18A5, 0x18A5, 0x18A5, 0x18A5, 0x18A5, 0x18C6, 0x18E6, 0x10C5, 0x18C5, 0x18E5, 0x18C4, 0x1085, 0x1085, 0x18A5, 0x1885,   // 0x3A50 (14928) pixels
0x2064, 0x20A5, 0x2127, 0x1967, 0x3168, 0x2948, 0x2107, 0x2106, 0x2107, 0x2107, 0x2106, 0x20E6, 0x0863, 0x0003, 0x1066, 0x1885,   // 0x3A60 (14944) pixels
0x0822, 0x0000, 0x0001, 0x0002, 0x0042, 0x0022, 0x0002, 0x18A6, 0x41EB, 0x4A0B, 0x20E5, 0x20C4, 0x28A6, 0x1024, 0x0040, 0x744A,   // 0x3A70 (14960) pixels
0xAE8E, 0x9E6B, 0x960A, 0x962A, 0x962A, 0x962A, 0x962A, 0x960A, 0x960A, 0x8E0A, 0x8DE9, 0x8DC9, 0x8589, 0x7D69, 0x7D49, 0x7508,   // 0x3A80 (14976) pixels
0x6CC8, 0x6467, 0x5C06, 0x53C6, 0x4B26, 0x42E5, 0x3263, 0x2A03, 0x21A2, 0x2162, 0x1901, 0x10E1, 0x08A1, 0x0880, 0x0060, 0x0040,   // 0x3A90 (14992) pixels
0x0040, 0x0020, 0x0000, 0x0000, 0x0000, 0x0000, 0x0000, 0x0000, 0x0000, 0x0000, 0x0000, 0x0000, 0x0000, 0x0000, 0x0000, 0x0000,   // 0x3AA0 (15008) pixels
0x0000, 0x0000, 0x0000, 0x0000, 0x0000, 0x0000, 0x0000, 0x0000, 0x0000, 0x0000, 0x0000, 0x0000, 0x0000, 0x0000, 0x0000, 0x0000,   // 0x3AB0 (15024) pixels
0x0000, 0x0000, 0x0000, 0x0000, 0x0000, 0x0000, 0x0000, 0x0000, 0x0000, 0x0000, 0x0000, 0x0000, 0x0000, 0x0000, 0x0040, 0x0880,   // 0x3AC0 (15040) pixels
0x08A0, 0x10E1, 0x1922, 0x2183, 0x29E3, 0x3244, 0x3AC5, 0x4B25, 0x53A6, 0x5C07, 0x6C68, 0x74E9, 0x7D29, 0x7D49, 0x858A, 0x8DAA,   // 0x3AD0 (15056) pixels
0x8DAA, 0x95AB, 0x9DCB, 0xA5CB, 0xA5CB, 0xADAB, 0xADAB, 0xADAB, 0xADAB, 0xA5AB, 0xADAB, 0xADAB, 0xA5CB, 0x9E0B, 0x962B, 0x962B,   // 0x3AE0 (15072) pixels
0x964B, 0x964B, 0x862A, 0x8E2B, 0x9E4B, 0x964B, 0x8E09, 0x9EA9, 0x95AB, 0x08A1, 0x0002, 0x20E6, 0x20E6, 0x20E6, 0x2907, 0x20E6,   // 0x3AF0 (15088) pixels
0x2106, 0x2107, 0x2948, 0x2127, 0x20E7, 0x18E7, 0x18A6, 0x1085, 0x1885, 0x20A5, 0x18A5, 0x1885, 0x1885, 0x20C6, 0x2907, 0x2928,   // 0x3B00 (15104) pixels
0x2107, 0x18E7, 0x10C5, 0x1085, 0x20C7, 0x30E8, 0x28C7, 0x18A6, 0x18A5, 0x10A4, 0x18A6, 0x2086, 0x20A6, 0x18A5, 0x10C5, 0x1906,   // 0x3B10 (15120) pixels
0x2907, 0x28A6, 0x39CA, 0x3188, 0x2927, 0x2107, 0x2107, 0x2907, 0x2106, 0x20E6, 0x0062, 0x0002, 0x10A4, 0x0842, 0x0821, 0x0001,   // 0x3B20 (15136) pixels
0x0823, 0x0004, 0x1884, 0x3989, 0x394A, 0x394B, 0x3129, 0x20A6, 0x20C7, 0x18A6, 0x20A7, 0x1024, 0x0020, 0x6C68, 0xA68C, 0x9629,   // 0x3B30 (15152) pixels
0x9E4B, 0x962B, 0x962A, 0x962A, 0x962A, 0x960A, 0x960A, 0x960A, 0x8DEA, 0x8DC9, 0x85AA, 0x8589, 0x7D49, 0x7509, 0x6CC8, 0x6467,   // 0x3B40 (15168) pixels
0x5C06, 0x53C6, 0x4B26, 0x42E5, 0x3263, 0x2A03, 0x21A2, 0x2162, 0x1901, 0x10C1, 0x08A1, 0x0880, 0x0060, 0x0040, 0x0040, 0x0020,   // 0x3B50 (15184) pixels
0x0000, 0x0000, 0x0000, 0x0000, 0x0000, 0x0000, 0x0000, 0x0000, 0x0000, 0x0000, 0x0000, 0x0000, 0x0000, 0x0000, 0x0000, 0x0000,   // 0x3B60 (15200) pixels
0x0000, 0x0000, 0x0000, 0x0000, 0x0000, 0x0000, 0x0000, 0x0000, 0x0000, 0x0000, 0x0000, 0x0000, 0x0000, 0x0000, 0x0000, 0x0000,   // 0x3B70 (15216) pixels
0x0000, 0x0000, 0x0000, 0x0000, 0x0000, 0x0000, 0x0000, 0x0000, 0x0000, 0x0000, 0x0000, 0x0000, 0x0040, 0x0861, 0x0881, 0x10C2,   // 0x3B80 (15232) pixels
0x1921, 0x2183, 0x29C3, 0x3223, 0x3AA4, 0x4B25, 0x5386, 0x6407, 0x6C68, 0x74C9, 0x7D29, 0x8569, 0x85A9, 0x8DCA, 0x8E0A, 0x8DEA,   // 0x3B90 (15248) pixels
0x9DEA, 0x9E0A, 0x9E0A, 0x9E0A, 0x9E0A, 0x9E0A, 0x9E0A, 0x9E0A, 0x9E0B, 0x9E2B, 0x962B, 0x962B, 0x962B, 0x964B, 0x964B, 0x964B,   // 0x3BA0 (15264) pixels
0x9649, 0x962B, 0x962A, 0x964A, 0x8E4A, 0x9EA9, 0x95AA, 0x10C3, 0x0003, 0x1085, 0x2907, 0x20C6, 0x2107, 0x2106, 0x2106, 0x20E6,   // 0x3BB0 (15280) pixels
0x20E6, 0x2106, 0x20E6, 0x18C5, 0x18A5, 0x18A5, 0x18A5, 0x1885, 0x1085, 0x18A5, 0x18A5, 0x2927, 0x39A9, 0x39A9, 0x3168, 0x3189,   // 0x3BC0 (15296) pixels
0x2948, 0x2947, 0x3168, 0x3189, 0x2948, 0x20C6, 0x1885, 0x18A5, 0x18A5, 0x18A5, 0x1885, 0x20E6, 0x18A5, 0x20E6, 0x2106, 0x2107,   // 0x3BD0 (15312) pixels
0x2106, 0x20E6, 0x2927, 0x3168, 0x3168, 0x2927, 0x20E6, 0x2106, 0x0843, 0x0823, 0x0843, 0x0843, 0x0003, 0x0002, 0x0803, 0x0002,   // 0x3BE0 (15328) pixels
0x0864, 0x20E5, 0x20C5, 0x20E6, 0x1885, 0x1065, 0x2126, 0x10A2, 0x0822, 0x1902, 0x42E4, 0x7D48, 0x9EAA, 0x968A, 0x962A, 0x9E6C,   // 0x3BF0 (15344) pixels
0x962A, 0x962B, 0x962B, 0x962B, 0x962A, 0x8E0A, 0x8E0A, 0x8DEA, 0x85AA, 0x8589, 0x7D49, 0x7509, 0x74C9, 0x6C68, 0x5BE6, 0x53A5,   // 0x3C00 (15360) pixels
0x4B26, 0x42C5, 0x3263, 0x2A03, 0x21A3, 0x1942, 0x1902, 0x10C1, 0x0881, 0x0861, 0x0060, 0x0040, 0x0040, 0x0020, 0x0000, 0x0000,   // 0x3C10 (15376) pixels
0x0000, 0x0000, 0x0000, 0x0000, 0x0000, 0x0000, 0x0000, 0x0000, 0x0000, 0x0000, 0x0000, 0x0000, 0x0000, 0x0000, 0x0000, 0x0000,   // 0x3C20 (15392) pixels
0x0000, 0x0000, 0x0000, 0x0000, 0x0000, 0x0000, 0x0000, 0x0000, 0x0000, 0x0000, 0x0000, 0x0000, 0x0000, 0x0000, 0x0000, 0x0000,   // 0x3C30 (15408) pixels
0x0000, 0x0000, 0x0000, 0x0000, 0x0000, 0x0000, 0x0000, 0x0000, 0x0000, 0x0000, 0x0040, 0x0860, 0x0881, 0x10C1, 0x1921, 0x2162,   // 0x3C40 (15424) pixels
0x29C3, 0x3223, 0x3AA4, 0x4B25, 0x5386, 0x6407, 0x6C68, 0x74C8, 0x7D29, 0x8569, 0x8589, 0x8DCA, 0x8DEA, 0x8DEA, 0x960A, 0x960A,   // 0x3C50 (15440) pixels
0x9E0A, 0x9E2B, 0x9E2B, 0x9E2A, 0x9E2A, 0x9E2A, 0x9E2B, 0x9E2B, 0x962B, 0x962B, 0x962B, 0x964B, 0x964B, 0x964B, 0x9649, 0x9E2B,   // 0x3C60 (15456) pixels
0x962A, 0x966A, 0x8E4A, 0x9689, 0x8DAA, 0x10A3, 0x0002, 0x1064, 0x2107, 0x20E6, 0x2106, 0x20E6, 0x2106, 0x2106, 0x20E6, 0x2106,   // 0x3C70 (15472) pixels
0x20E6, 0x18A5, 0x1084, 0x1085, 0x18A5, 0x18A5, 0x18A5, 0x18A5, 0x18A5, 0x2106, 0x3189, 0x39A9, 0x3188, 0x3168, 0x3168, 0x3188,   // 0x3C80 (15488) pixels
0x3989, 0x39A9, 0x2948, 0x20C6, 0x1885, 0x1085, 0x18A5, 0x18A5, 0x1085, 0x1885, 0x1064, 0x20E6, 0x2107, 0x20E6, 0x2107, 0x20E6,   // 0x3C90 (15504) pixels
0x2107, 0x2947, 0x2947, 0x2107, 0x20E6, 0x2107, 0x20C6, 0x1064, 0x0823, 0x0803, 0x0823, 0x1044, 0x0844, 0x0003, 0x0000, 0x0002,   // 0x3CA0 (15520) pixels
0x18A6, 0x1886, 0x20A6, 0x2106, 0x1084, 0x0023, 0x0040, 0x63AA, 0xAE70, 0xA6AD, 0x8E49, 0x9669, 0x9E6B, 0x9E4B, 0x964A, 0x964B,   // 0x3CB0 (15536) pixels
0x964B, 0x962B, 0x962A, 0x8E0A, 0x8E0A, 0x8DEA, 0x85AA, 0x8589, 0x7D49, 0x7509, 0x74C8, 0x6C68, 0x5BE6, 0x53A5, 0x4B26, 0x42C5,   // 0x3CC0 (15552) pixels
0x3263, 0x29E3, 0x21A3, 0x1942, 0x1902, 0x10C1, 0x0881, 0x0861, 0x0060, 0x0040, 0x0040, 0x0020, 0x0000, 0x0000, 0x0000, 0x0000,   // 0x3CD0 (15568) pixels
0x0000, 0x0000, 0x0000, 0x0000, 0x0000, 0x0000, 0x0000, 0x0000, 0x0000, 0x0000, 0x0000, 0x0000, 0x0000, 0x0000, 0x0000, 0x0000,   // 0x3CE0 (15584) pixels
0x0000, 0x0000, 0x0000, 0x0000, 0x0000, 0x0000, 0x0000, 0x0000, 0x0000, 0x0000, 0x0000, 0x0000, 0x0000, 0x0000, 0x0000, 0x0000,   // 0x3CF0 (15600) pixels
0x0000, 0x0000, 0x0000, 0x0000, 0x0000, 0x0000, 0x0000, 0x0000, 0x0040, 0x0860, 0x0881, 0x10C1, 0x1901, 0x2162, 0x29A3, 0x3203,   // 0x3D00 (15616) pixels
0x3A84, 0x4305, 0x5366, 0x5BE7, 0x6467, 0x6CA8, 0x7D09, 0x7D49, 0x8589, 0x8DC9, 0x8DEA, 0x8DEA, 0x962A, 0x962B, 0x962B, 0x962B,   // 0x3D10 (15632) pixels
0x9E4B, 0x9E4B, 0x9E4B, 0x9E4B, 0x9E2B, 0x9E4B, 0x962B, 0x962B, 0x962B, 0x962B, 0x964A, 0x964A, 0x9649, 0x9E4B, 0x9E4A, 0x9E6A,   // 0x3D20 (15648) pixels
0x8E6A, 0x9689, 0x8D8A, 0x0882, 0x0002, 0x18A5, 0x2927, 0x20E6, 0x2107, 0x20E6, 0x2107, 0x2106, 0x2107, 0x2106, 0x2106, 0x18C5,   // 0x3D30 (15664) pixels
0x0844, 0x0844, 0x1885, 0x18A5, 0x18A5, 0x18A5, 0x1885, 0x20C6, 0x3168, 0x39A9, 0x3189, 0x3168, 0x3168, 0x3189, 0x39A9, 0x3188,   // 0x3D40 (15680) pixels
0x2927, 0x20E6, 0x18A5, 0x18A5, 0x18A5, 0x18A5, 0x1084, 0x0844, 0x0844, 0x20E6, 0x2907, 0x20E6, 0x2107, 0x20E6, 0x20E6, 0x2107,   // 0x3D50 (15696) pixels
0x2107, 0x20E6, 0x20E6, 0x2107, 0x2927, 0x1885, 0x0003, 0x0002, 0x0823, 0x1084, 0x18A5, 0x1084, 0x0861, 0x0001, 0x1045, 0x1066,   // 0x3D60 (15712) pixels
0x1885, 0x1084, 0x0001, 0x0084, 0x42E4, 0x7D0B, 0xA68E, 0x966B, 0x8629, 0x966A, 0x9E8B, 0x962A, 0x964A, 0x964B, 0x964B, 0x962B,   // 0x3D70 (15728) pixels
0x962A, 0x8E0A, 0x8DEA, 0x8DEA, 0x85AA, 0x8589, 0x7D49, 0x7508, 0x74A8, 0x6467, 0x5BE6, 0x53A5, 0x4B05, 0x42C5, 0x3263, 0x29E3,   // 0x3D80 (15744) pixels
0x21A2, 0x1942, 0x1902, 0x10C1, 0x0881, 0x0861, 0x0060, 0x0040, 0x0020, 0x0020, 0x0000, 0x0000, 0x0000, 0x0000, 0x0000, 0x0000,   // 0x3D90 (15760) pixels
0x0000, 0x0000, 0x0000, 0x0000, 0x0000, 0x0000, 0x0000, 0x0000, 0x0000, 0x0000, 0x0000, 0x0000, 0x0000, 0x0000, 0x0000, 0x0000,   // 0x3DA0 (15776) pixels
0x0000, 0x0000, 0x0000, 0x0000, 0x0000, 0x0000, 0x0000, 0x0000, 0x0000, 0x0000, 0x0000, 0x0000, 0x0000, 0x0000, 0x0000, 0x0000,   // 0x3DB0 (15792) pixels
0x0000, 0x0000, 0x0000, 0x0000, 0x0000, 0x0000, 0x0020, 0x0060, 0x0880, 0x10A1, 0x1101, 0x2142, 0x21A3, 0x2A03, 0x3A84, 0x42E4,   // 0x3DC0 (15808) pixels
0x4B45, 0x5BC7, 0x6447, 0x6CA8, 0x7D08, 0x7D49, 0x8589, 0x85C9, 0x8DEA, 0x8DEA, 0x962A, 0x962A, 0x962B, 0x964B, 0x964B, 0x964B,   // 0x3DD0 (15824) pixels
0x964B, 0x964B, 0x9E4B, 0x964B, 0x962B, 0x962A, 0x962A, 0x964A, 0x964A, 0x964B, 0x9669, 0x9E4B, 0x9E4A, 0x9E8A, 0x966A, 0x9689,   // 0x3DE0 (15840) pixels
0x8D6A, 0x0042, 0x0823, 0x2107, 0x2947, 0x2106, 0x2907, 0x2106, 0x2107, 0x2106, 0x2107, 0x20E6, 0x2107, 0x20E6, 0x0844, 0x0823,   // 0x3DF0 (15856) pixels
0x1084, 0x18A5, 0x18A5, 0x18A5, 0x18A5, 0x18A5, 0x2107, 0x3168, 0x3989, 0x3188, 0x3168, 0x3189, 0x3188, 0x2927, 0x20E6, 0x18A5,   // 0x3E00 (15872) pixels
0x18A5, 0x18A5, 0x18A5, 0x18A5, 0x1064, 0x0823, 0x1064, 0x20E6, 0x2907, 0x20E6, 0x2907, 0x20E6, 0x20E6, 0x20E6, 0x20E6, 0x20E6,   // 0x3E10 (15888) pixels
0x20E6, 0x2907, 0x2927, 0x18A5, 0x0823, 0x0002, 0x0823, 0x1084, 0x20E6, 0x2907, 0x20E6, 0x18C5, 0x0002, 0x0002, 0x0002, 0x0001,   // 0x3E20 (15904) pixels
0x21A4, 0x5BA9, 0xA68D, 0x966C, 0x8E2A, 0x8E4A, 0x968A, 0x966A, 0x964B, 0x9E4B, 0x964B, 0x964B, 0x964B, 0x962A, 0x962A, 0x8E0A,   // 0x3E30 (15920) pixels
0x8DEA, 0x8DEA, 0x85AA, 0x8569, 0x7D29, 0x74E8, 0x6CA8, 0x6467, 0x5BE6, 0x53A5, 0x4B05, 0x42C4, 0x3243, 0x29E3, 0x21A2, 0x1942,   // 0x3E40 (15936) pixels
0x1101, 0x10C1, 0x0881, 0x0861, 0x0060, 0x0040, 0x0020, 0x0020, 0x0000, 0x0000, 0x0000, 0x0000, 0x0000, 0x0000, 0x0000, 0x0000,   // 0x3E50 (15952) pixels
0x0000, 0x0000, 0x0000, 0x0000, 0x0000, 0x0000, 0x0000, 0x0000, 0x0000, 0x0000, 0x0000, 0x0000, 0x0000, 0x0000, 0x0000, 0x0000,   // 0x3E60 (15968) pixels
0x0000, 0x0000, 0x0000, 0x0000, 0x0000, 0x0000, 0x0000, 0x0000, 0x0000, 0x0000, 0x0000, 0x0000, 0x0000, 0x0000, 0x0000, 0x0000,   // 0x3E70 (15984) pixels
0x0000, 0x0000, 0x0000, 0x0000, 0x0020, 0x0040, 0x0860, 0x08A1, 0x10E1, 0x1922, 0x2182, 0x29E3, 0x3263, 0x42C4, 0x4B45, 0x5BA6,   // 0x3E80 (16000) pixels
0x6427, 0x6C88, 0x74E8, 0x7D28, 0x8568, 0x85A9, 0x8DEA, 0x8DEA, 0x8E0A, 0x8E0A, 0x8E2A, 0x964B, 0x964B, 0x964A, 0x964A, 0x964A,   // 0x3E90 (16016) pixels
0x964B, 0x964B, 0x962B, 0x962A, 0x962A, 0x962A, 0x964A, 0x964A, 0x9669, 0x9E4B, 0x9E4A, 0x9E8A, 0x966A, 0x9689, 0x854A, 0x0022,   // 0x3EA0 (16032) pixels
0x18A5, 0x3168, 0x2927, 0x20E6, 0x2106, 0x2107, 0x2907, 0x20E6, 0x2107, 0x20E6, 0x2907, 0x2106, 0x1064, 0x0823, 0x0844, 0x1084,   // 0x3EB0 (16048) pixels
0x18A5, 0x18A5, 0x18A5, 0x1885, 0x18C5, 0x2927, 0x3168, 0x3189, 0x3989, 0x39A9, 0x3168, 0x20E6, 0x1085, 0x1085, 0x1085, 0x1085,   // 0x3EC0 (16064) pixels
0x18A5, 0x1064, 0x0844, 0x0844, 0x18A5, 0x20E6, 0x2107, 0x2107, 0x2107, 0x2106, 0x20E6, 0x2106, 0x2106, 0x20E6, 0x2106, 0x2107,   // 0x3ED0 (16080) pixels
0x2106, 0x18A5, 0x0823, 0x0002, 0x0823, 0x1064, 0x20C6, 0x2927, 0x20E7, 0x3148, 0x1083, 0x0000, 0x08A1, 0x3244, 0x74A9, 0xA66D,   // 0x3EE0 (16096) pixels
0x968A, 0x966A, 0x8E6A, 0x8E6A, 0x8E4A, 0x964A, 0x966B, 0x9E4B, 0x964B, 0x964B, 0x962B, 0x962A, 0x8E0A, 0x8E0A, 0x8DEA, 0x8DEA,   // 0x3EF0 (16112) pixels
0x85A9, 0x8569, 0x7D28, 0x74E8, 0x6CA8, 0x6447, 0x5BE6, 0x53A6, 0x4B05, 0x42A4, 0x3243, 0x29E2, 0x2182, 0x1942, 0x10E1, 0x10C1,   // 0x3F00 (16128) pixels
0x0881, 0x0860, 0x0040, 0x0040, 0x0020, 0x0020, 0x0000, 0x0000, 0x0000, 0x0000, 0x0000, 0x0000, 0x0000, 0x0000, 0x0000, 0x0000,   // 0x3F10 (16144) pixels
0x0000, 0x0000, 0x0000, 0x0000, 0x0000, 0x0000, 0x0000, 0x0000, 0x0000, 0x0000, 0x0000, 0x0000, 0x0000, 0x0000, 0x0000, 0x0000,   // 0x3F20 (16160) pixels
0x0000, 0x0000, 0x0000, 0x0000, 0x0000, 0x0000, 0x0000, 0x0000, 0x0000, 0x0000, 0x0000, 0x0000, 0x0000, 0x0000, 0x0000, 0x0000,   // 0x3F30 (16176) pixels
0x0000, 0x0000, 0x0020, 0x0040, 0x0860, 0x08A1, 0x10C1, 0x1922, 0x2162, 0x29C2, 0x3243, 0x3AA4, 0x4B25, 0x5386, 0x5C06, 0x6C67,   // 0x3F40 (16192) pixels
0x74C8, 0x7D28, 0x7D68, 0x85A9, 0x85C9, 0x8DEA, 0x8DEA, 0x8E0A, 0x8E0A, 0x962A, 0x962A, 0x962A, 0x962A, 0x962A, 0x8E4A, 0x8E4A,   // 0x3F50 (16208) pixels
0x962A, 0x962A, 0x962A, 0x962A, 0x962A, 0x964A, 0x9668, 0x9E4B, 0x964A, 0x9E6A, 0x966B, 0x968A, 0x854A, 0x0022, 0x18A5, 0x3188,   // 0x3F60 (16224) pixels
0x2927, 0x20E6, 0x20E6, 0x2107, 0x2907, 0x20E6, 0x2107, 0x2106, 0x2107, 0x2107, 0x18C6, 0x0844, 0x0823, 0x1044, 0x18A5, 0x18A5,   // 0x3F70 (16240) pixels
0x18A5, 0x18A5, 0x1085, 0x18C6, 0x2927, 0x3148, 0x3168, 0x3168, 0x2927, 0x18C5, 0x1085, 0x1085, 0x18A5, 0x18A5, 0x18A5, 0x0844,   // 0x3F80 (16256) pixels
0x0823, 0x1064, 0x2106, 0x20E6, 0x2106, 0x2907, 0x2107, 0x2107, 0x2107, 0x2107, 0x2107, 0x2107, 0x2107, 0x2107, 0x2927, 0x18A5,   // 0x3F90 (16272) pixels
0x0002, 0x0002, 0x0823, 0x1064, 0x18A5, 0x2106, 0x2907, 0x2908, 0x20C7, 0x0000, 0x3A45, 0xA62E, 0xA68C, 0x9649, 0x8E28, 0x9649,   // 0x3FA0 (16288) pixels
0x968A, 0x966A, 0x964A, 0x966B, 0x9E6B, 0x964A, 0x964A, 0x962B, 0x962A, 0x8E0A, 0x8E0A, 0x8DEA, 0x8DEA, 0x8DEA, 0x85A9, 0x7D69,   // 0x3FB0 (16304) pixels
0x7528, 0x74E8, 0x6CA8, 0x6447, 0x5BE6, 0x53A6, 0x4B05, 0x42A4, 0x3243, 0x29E2, 0x2182, 0x1942, 0x10E1, 0x08A1, 0x0881, 0x0860,   // 0x3FC0 (16320) pixels
0x0040, 0x0040, 0x0020, 0x0020, 0x0000, 0x0000, 0x0000, 0x0000, 0x0000, 0x0000, 0x0000, 0x0000, 0x0000, 0x0000, 0x0000, 0x0000,   // 0x3FD0 (16336) pixels
0x0000, 0x0000, 0x0000, 0x0000, 0x0000, 0x0000, 0x0000, 0x0000, 0x0000, 0x0000, 0x0000, 0x0000, 0x0000, 0x0000, 0x0000, 0x0000,   // 0x3FE0 (16352) pixels
0x0000, 0x0000, 0x0000, 0x0000, 0x0000, 0x0000, 0x0000, 0x0000, 0x0000, 0x0000, 0x0000, 0x0000, 0x0000, 0x0000, 0x0000, 0x0000,   // 0x3FF0 (16368) pixels
0x0020, 0x0040, 0x0060, 0x0881, 0x10C1, 0x1902, 0x2162, 0x29A2, 0x3223, 0x3AA4, 0x4B05, 0x5386, 0x5C06, 0x6467, 0x74C8, 0x7508,   // 0x4000 (16384) pixels
0x7D68, 0x85A9, 0x85C9, 0x8DCA, 0x8DE9, 0x8DEA, 0x8E0A, 0x962A, 0x962A, 0x962A, 0x962A, 0x962A, 0x8E2A, 0x8E2A, 0x8E2A, 0x962A,   // 0x4010 (16400) pixels
0x962A, 0x962A, 0x962A, 0x964A, 0x9668, 0x9E4A, 0x9629, 0x966A, 0x8E6A, 0x9669, 0x854A, 0x0022, 0x1085, 0x39A9, 0x2947, 0x2107,   // 0x4020 (16416) pixels
0x2106, 0x2106, 0x2107, 0x2106, 0x2107, 0x2107, 0x20E6, 0x2907, 0x2107, 0x1084, 0x0003, 0x0843, 0x18A5, 0x1085, 0x18A5, 0x18A5,   // 0x4030 (16432) pixels
0x1085, 0x18A5, 0x20E6, 0x20E6, 0x20E6, 0x20E6, 0x18C6, 0x18A5, 0x18A5, 0x18A5, 0x18C5, 0x18C6, 0x1085, 0x0823, 0x0823, 0x1064,   // 0x4040 (16448) pixels
0x2927, 0x2107, 0x2107, 0x2907, 0x2107, 0x2107, 0x2107, 0x2107, 0x2107, 0x2107, 0x2107, 0x2107, 0x2927, 0x18A5, 0x0002, 0x0002,   // 0x4050 (16464) pixels
0x1044, 0x1084, 0x18A5, 0x20E6, 0x3147, 0x20C7, 0x1886, 0x0001, 0x4286, 0xAE4F, 0xA6AC, 0x8E28, 0x964A, 0x8E09, 0x8E2A, 0x962A,   // 0x4060 (16480) pixels
0x962A, 0x8E2A, 0x966A, 0x966A, 0x962A, 0x962A, 0x8E0A, 0x8E0A, 0x8E0A, 0x8DEA, 0x8DEA, 0x8DEA, 0x8589, 0x7D69, 0x7508, 0x74E8,   // 0x4070 (16496) pixels
0x6C88, 0x6447, 0x5BE6, 0x53A6, 0x4B05, 0x42A4, 0x3243, 0x29E2, 0x2182, 0x1922, 0x10E1, 0x08A0, 0x0881, 0x0860, 0x0040, 0x0040,   // 0x4080 (16512) pixels
0x0020, 0x0020, 0x0000, 0x0000, 0x0000, 0x0000, 0x0000, 0x0000, 0x0000, 0x0000, 0x0000, 0x0000, 0x0000, 0x0000, 0x0000, 0x0000,   // 0x4090 (16528) pixels
0x0000, 0x0000, 0x0000, 0x0000, 0x0000, 0x0000, 0x0000, 0x0000, 0x0000, 0x0000, 0x0000, 0x0000, 0x0000, 0x0000, 0x0000, 0x0000,   // 0x40A0 (16544) pixels
0x0000, 0x0000, 0x0000, 0x0000, 0x0000, 0x0000, 0x0000, 0x0000, 0x0000, 0x0000, 0x0000, 0x0000, 0x0000, 0x0000, 0x0020, 0x0040,   // 0x40B0 (16560) pixels
0x0060, 0x0881, 0x10A1, 0x1902, 0x2142, 0x29A2, 0x3223, 0x3AA4, 0x4B04, 0x5366, 0x5C06, 0x6467, 0x74C7, 0x7508, 0x7D48, 0x85A9,   // 0x40C0 (16576) pixels
0x85C9, 0x8DCA, 0x8DC9, 0x8DEA, 0x960A, 0x962A, 0x962A, 0x962A, 0x962A, 0x962A, 0x8E2A, 0x8E2A, 0x8E2A, 0x962A, 0x962A, 0x962A,   // 0x40D0 (16592) pixels
0x962A, 0x962A, 0x9648, 0x962A, 0x9629, 0x966A, 0x8E4A, 0x9669, 0x854A, 0x0022, 0x1084, 0x41EA, 0x3189, 0x3148, 0x2907, 0x2106,   // 0x40E0 (16608) pixels
0x2106, 0x2106, 0x2107, 0x2907, 0x20E6, 0x2107, 0x2947, 0x1885, 0x0002, 0x0823, 0x18C5, 0x1085, 0x18A5, 0x18C6, 0x18A5, 0x1085,   // 0x40F0 (16624) pixels
0x18A5, 0x1885, 0x18A5, 0x1885, 0x1085, 0x1885, 0x18A5, 0x1885, 0x1085, 0x1085, 0x1064, 0x0823, 0x0823, 0x1064, 0x2927, 0x2907,   // 0x4100 (16640) pixels
0x2107, 0x2107, 0x2107, 0x2107, 0x2107, 0x2106, 0x2106, 0x2107, 0x2107, 0x2107, 0x2907, 0x18A5, 0x0002, 0x0002, 0x1064, 0x1885,   // 0x4110 (16656) pixels
0x18A5, 0x2106, 0x20E7, 0x2927, 0x20E5, 0x10C3, 0x2184, 0x4B46, 0x7D69, 0x9EA9, 0x9E4C, 0x960B, 0x960A, 0x962B, 0x962A, 0x964A,   // 0x4120 (16672) pixels
0x966A, 0x8E6A, 0x962A, 0x962A, 0x8E0A, 0x8E0A, 0x8DEA, 0x8DEA, 0x8DEA, 0x8DEA, 0x8589, 0x7D69, 0x7508, 0x74C8, 0x6C88, 0x6447,   // 0x4130 (16688) pixels
0x5BE6, 0x53A6, 0x4B05, 0x42A4, 0x3243, 0x29C2, 0x2182, 0x1922, 0x10E1, 0x08A0, 0x0881, 0x0860, 0x0040, 0x0040, 0x0020, 0x0020,   // 0x4140 (16704) pixels
0x0000, 0x0000, 0x0000, 0x0000, 0x0000, 0x0000, 0x0000, 0x0000, 0x0000, 0x0000, 0x0000, 0x0000, 0x0000, 0x0000, 0x0000, 0x0000,   // 0x4150 (16720) pixels
0x0000, 0x0000, 0x0000, 0x0000, 0x0000, 0x0000, 0x0000, 0x0000, 0x0000, 0x0000, 0x0000, 0x0000, 0x0000, 0x0000, 0x0000, 0x0000,   // 0x4160 (16736) pixels
0x0000, 0x0000, 0x0000, 0x0000, 0x0000, 0x0000, 0x0000, 0x0000, 0x0000, 0x0000, 0x0000, 0x0000, 0x0000, 0x0020, 0x0840, 0x0861,   // 0x4170 (16752) pixels
0x08A0, 0x10E1, 0x1922, 0x2183, 0x3204, 0x3A64, 0x42E4, 0x5366, 0x5BC6, 0x6C48, 0x74C8, 0x7528, 0x7548, 0x7D88, 0x85A9, 0x8DCA,   // 0x4180 (16768) pixels
0x9609, 0x8DC8, 0x8DE9, 0x962A, 0x964B, 0x962A, 0x8E2A, 0x8E09, 0x8E0A, 0x85EA, 0x8E49, 0x8E27, 0x8E8B, 0x8E6E, 0x966D, 0x9E29,   // 0x4190 (16784) pixels
0x964B, 0x964A, 0x9609, 0x8E2A, 0x9689, 0x9649, 0x8D2D, 0x0022, 0x1885, 0x39A9, 0x41CA, 0x3169, 0x2106, 0x2106, 0x18E5, 0x2125,   // 0x41A0 (16800) pixels
0x2106, 0x2927, 0x2106, 0x20E6, 0x2907, 0x18A5, 0x0823, 0x0003, 0x0003, 0x1085, 0x18A5, 0x1885, 0x18A5, 0x18A5, 0x18A5, 0x18A5,   // 0x41B0 (16816) pixels
0x18A5, 0x18A5, 0x18A5, 0x18A5, 0x18A5, 0x18A5, 0x18A5, 0x0844, 0x0803, 0x0002, 0x1064, 0x20E6, 0x2107, 0x20E6, 0x2107, 0x2107,   // 0x41C0 (16832) pixels
0x20E6, 0x20E6, 0x2106, 0x2927, 0x2927, 0x2106, 0x20E6, 0x2106, 0x2107, 0x18A5, 0x0002, 0x0002, 0x1064, 0x1085, 0x18C6, 0x18C6,   // 0x41D0 (16848) pixels
0x28E7, 0x2106, 0x2106, 0x2928, 0x1065, 0x0000, 0x74A9, 0x9E8A, 0x9629, 0x964A, 0x9649, 0x9629, 0x964A, 0x964B, 0x964B, 0x8E0A,   // 0x41E0 (16864) pixels
0x8DEA, 0x8E2A, 0x8609, 0x8E09, 0x8E0A, 0x8DEA, 0x95C9, 0x8D88, 0x85A9, 0x7D48, 0x7D28, 0x74E8, 0x6C87, 0x6427, 0x5BE6, 0x5365,   // 0x41F0 (16880) pixels
0x4B05, 0x42A4, 0x3223, 0x29C3, 0x2162, 0x1922, 0x10E1, 0x10A0, 0x0861, 0x0860, 0x0040, 0x0020, 0x0020, 0x0020, 0x0000, 0x0000,   // 0x4200 (16896) pixels
0x0000, 0x0000, 0x0000, 0x0000, 0x0000, 0x0000, 0x0000, 0x0000, 0x0000, 0x0000, 0x0000, 0x0000, 0x0000, 0x0000, 0x0000, 0x0000,   // 0x4210 (16912) pixels
0x0000, 0x0000, 0x0000, 0x0000, 0x0000, 0x0000, 0x0000, 0x0000, 0x0000, 0x0000, 0x0000, 0x0000, 0x0000, 0x0000, 0x0000, 0x0000,   // 0x4220 (16928) pixels
0x0000, 0x0000, 0x0000, 0x0000, 0x0000, 0x0000, 0x0000, 0x0000, 0x0000, 0x0000, 0x0000, 0x0020, 0x0840, 0x0861, 0x08A0, 0x10E1,   // 0x4230 (16944) pixels
0x1921, 0x2182, 0x29E3, 0x3244, 0x42C4, 0x4B45, 0x5BA6, 0x6406, 0x6CA7, 0x7507, 0x7527, 0x7D68, 0x8589, 0x85A9, 0x85C8, 0x8E09,   // 0x4240 (16960) pixels
0x8DE9, 0x85E9, 0x962A, 0x962A, 0x8DE9, 0x8E09, 0x960A, 0x8E0A, 0x9649, 0x9648, 0x862A, 0x656A, 0x7DCB, 0x9E4A, 0x8E09, 0x9629,   // 0x4250 (16976) pixels
0x9629, 0x962A, 0x8E49, 0x8E29, 0x850C, 0x0022, 0x1043, 0x39A9, 0x41EA, 0x3168, 0x2107, 0x2127, 0x1906, 0x2146, 0x2106, 0x2107,   // 0x4260 (16992) pixels
0x2106, 0x2106, 0x2907, 0x20E6, 0x1064, 0x0823, 0x0803, 0x1085, 0x18A5, 0x18A5, 0x18A5, 0x18A5, 0x18A5, 0x18A5, 0x18A5, 0x18A5,   // 0x4270 (17008) pixels
0x18A5, 0x18A5, 0x18A5, 0x18A5, 0x18A5, 0x0844, 0x0823, 0x0823, 0x1885, 0x2107, 0x2107, 0x2106, 0x2107, 0x2107, 0x2907, 0x2106,   // 0x4280 (17024) pixels
0x20E6, 0x20E6, 0x20E6, 0x18C6, 0x20E6, 0x2106, 0x2107, 0x18A5, 0x0002, 0x0002, 0x1084, 0x18A5, 0x2107, 0x2927, 0x2907, 0x2106,   // 0x4290 (17040) pixels
0x2106, 0x2928, 0x1065, 0x0000, 0x74A9, 0x9E8A, 0x964A, 0x8E09, 0x8E29, 0x9E6A, 0x964A, 0x8E2A, 0x8E0A, 0x8E0A, 0x960A, 0x8E2A,   // 0x42A0 (17056) pixels
0x8E29, 0x8E0A, 0x8E0B, 0x8DEA, 0x8DE9, 0x95E8, 0x8589, 0x7D48, 0x7D28, 0x74E8, 0x6C87, 0x6427, 0x5BC6, 0x4B64, 0x4AE5, 0x4284,   // 0x42B0 (17072) pixels
0x3223, 0x21A2, 0x2162, 0x1922, 0x10C1, 0x08A0, 0x0861, 0x0860, 0x0040, 0x0020, 0x0020, 0x0020, 0x0000, 0x0000, 0x0000, 0x0000,   // 0x42C0 (17088) pixels
0x0000, 0x0000, 0x0000, 0x0000, 0x0000, 0x0000, 0x0000, 0x0000, 0x0000, 0x0000, 0x0000, 0x0000, 0x0000, 0x0000, 0x0000, 0x0000,   // 0x42D0 (17104) pixels
0x0000, 0x0000, 0x0000, 0x0000, 0x0000, 0x0000, 0x0000, 0x0000, 0x0000, 0x0000, 0x0000, 0x0000, 0x0000, 0x0000, 0x0000, 0x0000,   // 0x42E0 (17120) pixels
0x0000, 0x0000, 0x0000, 0x0000, 0x0000, 0x0000, 0x0000, 0x0000, 0x0000, 0x0020, 0x0840, 0x0860, 0x0880, 0x10C1, 0x1901, 0x1942,   // 0x42F0 (17136) pixels
0x29C3, 0x3223, 0x3AA4, 0x4B25, 0x5B85, 0x63E6, 0x6C67, 0x74E7, 0x7527, 0x7D48, 0x8588, 0x85A9, 0x85EA, 0x8E4B, 0x8E0A, 0x85C9,   // 0x4300 (17152) pixels
0x8E0A, 0x962A, 0x8DE9, 0x8DE9, 0x8DC9, 0x8DEA, 0x8E09, 0x9668, 0x8609, 0x4467, 0x6529, 0x964A, 0x8E2A, 0x9649, 0x9629, 0x8E09,   // 0x4310 (17168) pixels
0x8609, 0x8E29, 0x850C, 0x0020, 0x0802, 0x3188, 0x39CA, 0x2948, 0x2107, 0x2927, 0x20E5, 0x2126, 0x2107, 0x2106, 0x2107, 0x2907,   // 0x4320 (17184) pixels
0x2107, 0x2107, 0x18C5, 0x0843, 0x0803, 0x1084, 0x18A5, 0x18A5, 0x18A5, 0x18A5, 0x18A5, 0x18A5, 0x18A5, 0x18A5, 0x18A5, 0x18A5,   // 0x4330 (17200) pixels
0x18A5, 0x18A5, 0x18A5, 0x0844, 0x0823, 0x1064, 0x20C6, 0x2907, 0x2107, 0x2107, 0x2107, 0x2107, 0x2907, 0x2107, 0x2106, 0x20E6,   // 0x4340 (17216) pixels
0x18C5, 0x18A5, 0x18C6, 0x2106, 0x2907, 0x18A5, 0x0003, 0x0823, 0x1885, 0x20C6, 0x2107, 0x2927, 0x2907, 0x2106, 0x2126, 0x2908,   // 0x4350 (17232) pixels
0x1065, 0x0000, 0x74A9, 0x968A, 0x8E4A, 0x8E29, 0x8E29, 0x964A, 0x966A, 0x8E29, 0x8DE9, 0x8E0A, 0x8DE9, 0x85C9, 0x85E9, 0x860A,   // 0x4360 (17248) pixels
0x8E0B, 0x8E0B, 0x85E9, 0x85A7, 0x8589, 0x7D48, 0x7508, 0x74C8, 0x6C87, 0x6427, 0x5BC6, 0x4B44, 0x42E5, 0x3A84, 0x3203, 0x21A2,   // 0x4370 (17264) pixels
0x1942, 0x1901, 0x10C0, 0x08A0, 0x0860, 0x0860, 0x0040, 0x0020, 0x0020, 0x0020, 0x0000, 0x0000, 0x0000, 0x0000, 0x0000, 0x0000,   // 0x4380 (17280) pixels
0x0000, 0x0000, 0x0000, 0x0000, 0x0000, 0x0000, 0x0000, 0x0000, 0x0000, 0x0000, 0x0000, 0x0000, 0x0000, 0x0000, 0x0000, 0x0000,   // 0x4390 (17296) pixels
0x0000, 0x0000, 0x0000, 0x0000, 0x0000, 0x0000, 0x0000, 0x0000, 0x0000, 0x0000, 0x0000, 0x0000, 0x0000, 0x0000, 0x0000, 0x0000,   // 0x43A0 (17312) pixels
0x0000, 0x0000, 0x0000, 0x0000, 0x0000, 0x0000, 0x0000, 0x0020, 0x0840, 0x0840, 0x0880, 0x10A1, 0x10E1, 0x1942, 0x21A3, 0x2A03,   // 0x43B0 (17328) pixels
0x3263, 0x4305, 0x5B85, 0x5BC6, 0x6426, 0x6CA7, 0x7507, 0x7D48, 0x8568, 0x8DA9, 0x75C9, 0x7DCA, 0x85EA, 0x8E0A, 0x8DEA, 0x8DE9,   // 0x43C0 (17344) pixels
0x8DCA, 0x8DEA, 0x8E0A, 0x8E0A, 0x8E09, 0x9669, 0x860A, 0x3C26, 0x5509, 0x966B, 0x8E4A, 0x9668, 0x9649, 0x8E0A, 0x8E2A, 0x966B,   // 0x43D0 (17360) pixels
0x7CEA, 0x0020, 0x0002, 0x18E5, 0x3188, 0x2948, 0x2107, 0x2927, 0x2106, 0x18E5, 0x2907, 0x20E6, 0x2907, 0x2907, 0x20E6, 0x2927,   // 0x43E0 (17376) pixels
0x2106, 0x1044, 0x0823, 0x1064, 0x18A5, 0x18A5, 0x18A5, 0x18A5, 0x18A5, 0x18A5, 0x18A5, 0x18A5, 0x18A5, 0x18A5, 0x18A5, 0x18A5,   // 0x43F0 (17392) pixels
0x18A5, 0x0844, 0x0823, 0x1885, 0x2107, 0x2107, 0x2106, 0x2107, 0x2907, 0x2106, 0x20E6, 0x2106, 0x2907, 0x2106, 0x20E6, 0x18C6,   // 0x4400 (17408) pixels
0x20E6, 0x2106, 0x18C5, 0x1064, 0x0823, 0x0844, 0x18A5, 0x20E6, 0x2106, 0x20E6, 0x2907, 0x2106, 0x2126, 0x2908, 0x1065, 0x0000,   // 0x4410 (17424) pixels
0x74A9, 0x968A, 0x8E4A, 0x968B, 0x8E4A, 0x8608, 0x964A, 0x8E29, 0x85A8, 0x85C9, 0x85C9, 0x8E0A, 0x8E2A, 0x860A, 0x7DCB, 0x7DCA,   // 0x4420 (17440) pixels
0x85E9, 0x85C7, 0x8589, 0x7D28, 0x7508, 0x74C8, 0x6C67, 0x6427, 0x53A6, 0x4B44, 0x42C4, 0x3A64, 0x2A03, 0x2182, 0x1942, 0x1902,   // 0x4430 (17456) pixels
0x10C1, 0x0880, 0x0860, 0x0860, 0x0040, 0x0020, 0x0020, 0x0020, 0x0000, 0x0000, 0x0000, 0x0000, 0x0000, 0x0000, 0x0000, 0x0000,   // 0x4440 (17472) pixels
0x0000, 0x0000, 0x0000, 0x0000, 0x0000, 0x0000, 0x0000, 0x0000, 0x0000, 0x0000, 0x0000, 0x0000, 0x0000, 0x0000, 0x0000, 0x0000,   // 0x4450 (17488) pixels
0x0000, 0x0000, 0x0000, 0x0000, 0x0000, 0x0000, 0x0000, 0x0000, 0x0000, 0x0000, 0x0000, 0x0000, 0x0000, 0x0000, 0x0000, 0x0000,   // 0x4460 (17504) pixels
0x0000, 0x0000, 0x0000, 0x0000, 0x0000, 0x0020, 0x0020, 0x0840, 0x0860, 0x10A1, 0x10C1, 0x1922, 0x2182, 0x29E2, 0x3243, 0x42C4,   // 0x4470 (17520) pixels
0x5345, 0x5BA5, 0x6407, 0x6487, 0x6CC8, 0x7508, 0x7D48, 0x8569, 0x5D07, 0x5CE7, 0x6D48, 0x7DEA, 0x8E0B, 0x85CA, 0x85A9, 0x8DCA,   // 0x4480 (17536) pixels
0x860B, 0x85EA, 0x8E2A, 0x9649, 0x860B, 0x3C47, 0x5509, 0x966B, 0x8E2A, 0x8E28, 0x8E08, 0x85C9, 0x7DA9, 0x85E9, 0x6CC9, 0x1181,   // 0x4490 (17552) pixels
0x0842, 0x0822, 0x2947, 0x39A9, 0x2107, 0x20E7, 0x2927, 0x20E6, 0x2907, 0x20E6, 0x2907, 0x2907, 0x20E6, 0x2927, 0x2107, 0x1064,   // 0x44A0 (17568) pixels
0x0823, 0x1044, 0x18A5, 0x18A5, 0x18A5, 0x18A5, 0x18A5, 0x18A5, 0x18A5, 0x18A5, 0x18A5, 0x18A5, 0x18A5, 0x18A5, 0x18A5, 0x0844,   // 0x44B0 (17584) pixels
0x0003, 0x18A5, 0x2107, 0x2107, 0x20E6, 0x2107, 0x2907, 0x2107, 0x20E6, 0x2106, 0x2907, 0x2107, 0x2106, 0x20E6, 0x2106, 0x2107,   // 0x44C0 (17600) pixels
0x0843, 0x0002, 0x0002, 0x0844, 0x18A5, 0x2106, 0x2107, 0x2107, 0x2907, 0x2106, 0x2126, 0x2107, 0x1045, 0x0000, 0x74A9, 0x966A,   // 0x44D0 (17616) pixels
0x862A, 0x7DE9, 0x8609, 0x8E4A, 0x8E29, 0x85E9, 0x7DA8, 0x7D88, 0x7D68, 0x85C9, 0x85E9, 0x7DC9, 0x64E7, 0x5CA6, 0x7568, 0x7DC8,   // 0x44E0 (17632) pixels
0x8569, 0x7D28, 0x74E8, 0x6CA8, 0x6467, 0x6407, 0x53A6, 0x4B24, 0x42C4, 0x3A64, 0x29E3, 0x2182, 0x1942, 0x1902, 0x10C1, 0x08A0,   // 0x44F0 (17648) pixels
0x0860, 0x0840, 0x0020, 0x0020, 0x0020, 0x0020, 0x0000, 0x0000, 0x0000, 0x0000, 0x0000, 0x0000, 0x0000, 0x0000, 0x0000, 0x0000,   // 0x4500 (17664) pixels
0x0000, 0x0000, 0x0000, 0x0000, 0x0000, 0x0000, 0x0000, 0x0000, 0x0000, 0x0000, 0x0000, 0x0000, 0x0000, 0x0000, 0x0000, 0x0000,   // 0x4510 (17680) pixels
0x0000, 0x0000, 0x0000, 0x0000, 0x0000, 0x0000, 0x0000, 0x0000, 0x0000, 0x0000, 0x0000, 0x0000, 0x0000, 0x0000, 0x0000, 0x0000,   // 0x4520 (17696) pixels
0x0000, 0x0000, 0x0000, 0x0020, 0x0020, 0x0040, 0x0860, 0x0880, 0x10C1, 0x1101, 0x2162, 0x21A2, 0x2A22, 0x3AA4, 0x4B24, 0x5386,   // 0x4530 (17712) pixels
0x5C07, 0x6448, 0x64A8, 0x6CE8, 0x7529, 0x7D48, 0x6D49, 0x64E7, 0x5486, 0x5D08, 0x7DEB, 0x85EB, 0x7DA9, 0x85A9, 0x5D08, 0x6549,   // 0x4540 (17728) pixels
0x85EA, 0x8E29, 0x860B, 0x4467, 0x5D29, 0x862A, 0x8E2B, 0x8E28, 0x9608, 0x8DEA, 0x85CA, 0x7DE9, 0x8E0C, 0x7D0C, 0x10C4, 0x0001,   // 0x4550 (17744) pixels
0x2967, 0x41EA, 0x2927, 0x18C6, 0x2907, 0x2906, 0x2907, 0x20E6, 0x2107, 0x2107, 0x20E6, 0x2106, 0x2106, 0x1084, 0x0803, 0x0844,   // 0x4560 (17760) pixels
0x1885, 0x18A5, 0x18A5, 0x18A5, 0x18A5, 0x18A5, 0x18A5, 0x18A5, 0x18A5, 0x18A5, 0x18A5, 0x18A5, 0x18A5, 0x0844, 0x0002, 0x18A5,   // 0x4570 (17776) pixels
0x2107, 0x20E6, 0x20E6, 0x2107, 0x2107, 0x2107, 0x2106, 0x2106, 0x2106, 0x20E6, 0x2106, 0x2107, 0x2907, 0x2106, 0x0823, 0x0002,   // 0x4580 (17792) pixels
0x0803, 0x1064, 0x18A5, 0x20E6, 0x2106, 0x2907, 0x2907, 0x2106, 0x2106, 0x2107, 0x1044, 0x0000, 0x7489, 0x964A, 0x7DEA, 0x54A5,   // 0x4590 (17808) pixels
0x6D47, 0x968C, 0x8E2A, 0x7DA8, 0x85C9, 0x7D88, 0x7DCA, 0x75A8, 0x75A7, 0x75E9, 0x6D88, 0x6D48, 0x7DA9, 0x85A8, 0x7D49, 0x74E8,   // 0x45A0 (17824) pixels
0x6CA7, 0x6C87, 0x6447, 0x5BE7, 0x5386, 0x4304, 0x3AA4, 0x3243, 0x29C2, 0x2162, 0x1922, 0x1101, 0x10C1, 0x0880, 0x0860, 0x0040,   // 0x45B0 (17840) pixels
0x0020, 0x0020, 0x0020, 0x0020, 0x0000, 0x0000, 0x0000, 0x0000, 0x0000, 0x0000, 0x0000, 0x0000, 0x0000, 0x0000, 0x0000, 0x0000,   // 0x45C0 (17856) pixels
0x0000, 0x0000, 0x0000, 0x0000, 0x0000, 0x0000, 0x0000, 0x0000, 0x0000, 0x0000, 0x0000, 0x0000, 0x0000, 0x0000, 0x0000, 0x0000,   // 0x45D0 (17872) pixels
0x0000, 0x0000, 0x0000, 0x0000, 0x0000, 0x0000, 0x0000, 0x0000, 0x0000, 0x0000, 0x0000, 0x0000, 0x0000, 0x0000, 0x0000, 0x0000,   // 0x45E0 (17888) pixels
0x0000, 0x0020, 0x0020, 0x0020, 0x0840, 0x0860, 0x1081, 0x10E1, 0x1942, 0x2182, 0x29E2, 0x3A83, 0x4304, 0x4B66, 0x4BA7, 0x4BC7,   // 0x45F0 (17904) pixels
0x4C07, 0x5C88, 0x6D08, 0x7528, 0x858A, 0x756A, 0x54A7, 0x4466, 0x5D29, 0x75CA, 0x7DC9, 0x7D87, 0x44A7, 0x54E8, 0x75A9, 0x85E9,   // 0x4600 (17920) pixels
0x85EA, 0x4447, 0x6529, 0x7DC8, 0x85EB, 0x8E29, 0x8E08, 0x8DCA, 0x7D89, 0x7587, 0x7DA8, 0x858B, 0x1905, 0x0022, 0x2126, 0x39A9,   // 0x4610 (17936) pixels
0x3168, 0x20E7, 0x20C6, 0x20E6, 0x2107, 0x20E6, 0x2106, 0x2107, 0x20E6, 0x2106, 0x2106, 0x18C5, 0x0803, 0x0823, 0x1085, 0x18A5,   // 0x4620 (17952) pixels
0x1885, 0x1085, 0x18A5, 0x18A5, 0x18A5, 0x18A5, 0x18A5, 0x18A5, 0x18A5, 0x18A5, 0x18A5, 0x0844, 0x0003, 0x18A5, 0x2107, 0x2106,   // 0x4630 (17968) pixels
0x2106, 0x2107, 0x2106, 0x2107, 0x2107, 0x2106, 0x20E6, 0x20E6, 0x2106, 0x2107, 0x20E6, 0x18A5, 0x0823, 0x0003, 0x1064, 0x18A5,   // 0x4640 (17984) pixels
0x18C6, 0x20E6, 0x20E6, 0x2106, 0x28E7, 0x2106, 0x2106, 0x20E7, 0x1044, 0x0000, 0x7489, 0x8E49, 0x75CA, 0x4C86, 0x5D07, 0x862B,   // 0x4650 (18000) pixels
0x860A, 0x7D88, 0x7DA9, 0x7D89, 0x6549, 0x5D27, 0x6DC7, 0x75E8, 0x75C9, 0x85EB, 0x7D8A, 0x7528, 0x7508, 0x6CA7, 0x6487, 0x6447,   // 0x4660 (18016) pixels
0x5C07, 0x5BC6, 0x4B65, 0x3AE3, 0x3A63, 0x3223, 0x21A2, 0x1942, 0x1922, 0x10E1, 0x10A1, 0x0880, 0x0860, 0x0040, 0x0020, 0x0020,   // 0x4670 (18032) pixels
0x0020, 0x0020, 0x0000, 0x0000, 0x0000, 0x0000, 0x0000, 0x0000, 0x0000, 0x0000, 0x0000, 0x0000, 0x0000, 0x0000, 0x0000, 0x0000,   // 0x4680 (18048) pixels
0x0000, 0x0000, 0x0000, 0x0000, 0x0000, 0x0000, 0x0000, 0x0000, 0x0000, 0x0000, 0x0000, 0x0000, 0x0000, 0x0000, 0x0000, 0x0000,   // 0x4690 (18064) pixels
0x0000, 0x0000, 0x0000, 0x0000, 0x0000, 0x0000, 0x0000, 0x0000, 0x0000, 0x0000, 0x0000, 0x0000, 0x0000, 0x0000, 0x0000, 0x0020,   // 0x46A0 (18080) pixels
0x0020, 0x0020, 0x0040, 0x0860, 0x0881, 0x10C1, 0x1921, 0x1961, 0x29C2, 0x3263, 0x32C3, 0x4305, 0x3B25, 0x3304, 0x3324, 0x4BE6,   // 0x46B0 (18096) pixels
0x64A8, 0x6CE8, 0x74C7, 0x7D6A, 0x6D4B, 0x4467, 0x3C46, 0x5D28, 0x7DA9, 0x7D87, 0x554A, 0x5D6A, 0x6D89, 0x85C8, 0x7DCA, 0x3C27,   // 0x46C0 (18112) pixels
0x6D8A, 0x85C8, 0x7DEB, 0x8E09, 0x8DC7, 0x7D69, 0x7D89, 0x75A8, 0x7587, 0x7D89, 0x1904, 0x0001, 0x10A4, 0x2927, 0x39CA, 0x3169,   // 0x46D0 (18128) pixels
0x20E6, 0x2907, 0x2106, 0x20E6, 0x2106, 0x2907, 0x2106, 0x2106, 0x2106, 0x20E6, 0x0003, 0x0823, 0x1084, 0x18A5, 0x1085, 0x1085,   // 0x46E0 (18144) pixels
0x18A5, 0x18A5, 0x18A5, 0x18A5, 0x18A5, 0x18A5, 0x18A5, 0x18A5, 0x18A5, 0x0844, 0x0823, 0x18C6, 0x2107, 0x2107, 0x2107, 0x2106,   // 0x46F0 (18160) pixels
0x20E6, 0x2106, 0x20E6, 0x20E6, 0x20E6, 0x20E6, 0x2907, 0x2107, 0x18A5, 0x0843, 0x0003, 0x0002, 0x18A5, 0x20E6, 0x2107, 0x2927,   // 0x4700 (18176) pixels
0x2107, 0x2107, 0x28E7, 0x2106, 0x2106, 0x20E7, 0x1044, 0x0000, 0x7489, 0x8E49, 0x75EC, 0x75CB, 0x6548, 0x6D68, 0x7DCA, 0x7D89,   // 0x4710 (18192) pixels
0x6D27, 0x7548, 0x4CC7, 0x6568, 0x8ECB, 0x7608, 0x6526, 0x7D89, 0x7D49, 0x7D29, 0x74E7, 0x6486, 0x6466, 0x6426, 0x5BE6, 0x53A6,   // 0x4720 (18208) pixels
0x4B45, 0x3AC3, 0x3263, 0x2A02, 0x21A2, 0x1941, 0x1102, 0x10E1, 0x08A0, 0x0880, 0x0840, 0x0040, 0x0020, 0x0020, 0x0020, 0x0020,   // 0x4730 (18224) pixels
0x0000, 0x0000, 0x0000, 0x0000, 0x0000, 0x0000, 0x0000, 0x0000, 0x0000, 0x0000, 0x0000, 0x0000, 0x0000, 0x0000, 0x0000, 0x0000,   // 0x4740 (18240) pixels
0x0000, 0x0000, 0x0000, 0x0000, 0x0000, 0x0000, 0x0000, 0x0000, 0x0000, 0x0000, 0x0000, 0x0000, 0x0000, 0x0000, 0x0000, 0x0000,   // 0x4750 (18256) pixels
0x0000, 0x0000, 0x0000, 0x0000, 0x0000, 0x0000, 0x0000, 0x0000, 0x0000, 0x0000, 0x0000, 0x0000, 0x0000, 0x0000, 0x0000, 0x0000,   // 0x4760 (18272) pixels
0x0840, 0x0860, 0x0881, 0x10C1, 0x1101, 0x1921, 0x21A2, 0x3203, 0x3A85, 0x3AC4, 0x4B65, 0x4B86, 0x3B27, 0x2AE5, 0x3385, 0x5CE8,   // 0x4770 (18288) pixels
0x6CE7, 0x6D08, 0x6D68, 0x54C8, 0x3C0B, 0x54A9, 0x6D47, 0x754A, 0x5507, 0x8E89, 0x7566, 0x6D2A, 0x6D8A, 0x3C48, 0x7627, 0x75A9,   // 0x4780 (18304) pixels
0x756A, 0x7DCA, 0x7DC8, 0x7D88, 0x7548, 0x6D08, 0x7569, 0x7569, 0x08A3, 0x0003, 0x0866, 0x18C6, 0x39A7, 0x3166, 0x20C5, 0x2908,   // 0x4790 (18320) pixels
0x2106, 0x2106, 0x2106, 0x2106, 0x2106, 0x2106, 0x2106, 0x2106, 0x0823, 0x0002, 0x0823, 0x1064, 0x1885, 0x18C6, 0x18A5, 0x1885,   // 0x47A0 (18336) pixels
0x1085, 0x18A6, 0x18A5, 0x18A6, 0x18C6, 0x1044, 0x0003, 0x0824, 0x1044, 0x18A5, 0x20E6, 0x2927, 0x2907, 0x2106, 0x2106, 0x2107,   // 0x47B0 (18352) pixels
0x2106, 0x2107, 0x2107, 0x2107, 0x2907, 0x20E6, 0x1064, 0x0002, 0x0002, 0x0823, 0x1885, 0x20E6, 0x2907, 0x2107, 0x2106, 0x2907,   // 0x47C0 (18368) pixels
0x20E8, 0x2906, 0x20C4, 0x18A4, 0x0023, 0x0020, 0x6C6B, 0x8DAA, 0x6D67, 0x8E89, 0x6DA6, 0x54E7, 0x6D8A, 0x7508, 0x7D48, 0x6D26,   // 0x47D0 (18384) pixels
0x4CEB, 0x5549, 0x4D07, 0x4CC8, 0x5CE9, 0x6D48, 0x7569, 0x64C8, 0x64A7, 0x6467, 0x5C26, 0x5BE6, 0x53C6, 0x5385, 0x4304, 0x3282,   // 0x47E0 (18400) pixels
0x2A23, 0x21E3, 0x1962, 0x1121, 0x10E1, 0x10C1, 0x0881, 0x0861, 0x0840, 0x0040, 0x0020, 0x0020, 0x0000, 0x0000, 0x0000, 0x0000,   // 0x47F0 (18416) pixels
0x0000, 0x0000, 0x0000, 0x0000, 0x0000, 0x0000, 0x0000, 0x0000, 0x0000, 0x0000, 0x0000, 0x0000, 0x0000, 0x0000, 0x0000, 0x0000,   // 0x4800 (18432) pixels
0x0000, 0x0000, 0x0000, 0x0000, 0x0000, 0x0000, 0x0000, 0x0000, 0x0000, 0x0000, 0x0000, 0x0000, 0x0000, 0x0000, 0x0000, 0x0000,   // 0x4810 (18448) pixels
0x0000, 0x0000, 0x0000, 0x0000, 0x0000, 0x0000, 0x0000, 0x0000, 0x0000, 0x0000, 0x0000, 0x0000, 0x0000, 0x0000, 0x0040, 0x0040,   // 0x4820 (18464) pixels
0x0880, 0x08A1, 0x10E0, 0x1121, 0x2182, 0x29E3, 0x3244, 0x3263, 0x3AE3, 0x4345, 0x4387, 0x3346, 0x3BC6, 0x758B, 0x6CC5, 0x5C66,   // 0x4830 (18480) pixels
0x5CC7, 0x5CE8, 0x4C69, 0x4428, 0x54A8, 0x6D49, 0x5D28, 0x8E89, 0x7DC7, 0x6509, 0x5D29, 0x3407, 0x7E48, 0x85E9, 0x64E8, 0x7569,   // 0x4840 (18496) pixels
0x7588, 0x7547, 0x7528, 0x7549, 0x758A, 0x6D69, 0x1121, 0x0020, 0x0003, 0x0824, 0x2926, 0x3167, 0x2906, 0x20C7, 0x2106, 0x2106,   // 0x4850 (18512) pixels
0x2106, 0x2106, 0x2106, 0x2106, 0x2106, 0x2106, 0x18A5, 0x0003, 0x0823, 0x0844, 0x1064, 0x18A5, 0x18A5, 0x18A5, 0x1085, 0x18A6,   // 0x4860 (18528) pixels
0x18A5, 0x18A5, 0x18A6, 0x0844, 0x0003, 0x1044, 0x18A5, 0x20E6, 0x2107, 0x2907, 0x2107, 0x20E6, 0x20E6, 0x2106, 0x2106, 0x2107,   // 0x4870 (18544) pixels
0x2107, 0x2107, 0x2107, 0x20E6, 0x1064, 0x0002, 0x0002, 0x0823, 0x18A5, 0x2106, 0x2907, 0x2106, 0x20E6, 0x2106, 0x2907, 0x2927,   // 0x4880 (18560) pixels
0x1884, 0x0002, 0x0002, 0x00A0, 0x6449, 0x8589, 0x6D48, 0x9688, 0x8E49, 0x5D29, 0x6528, 0x7527, 0x85AA, 0x7DCA, 0x4488, 0x5D69,   // 0x4890 (18576) pixels
0x4CC6, 0x4C87, 0x5CA8, 0x64C7, 0x6D07, 0x6CC8, 0x6487, 0x5C46, 0x5406, 0x53C6, 0x5386, 0x4B25, 0x3AA3, 0x3242, 0x2A03, 0x21C3,   // 0x48A0 (18592) pixels
0x1962, 0x1101, 0x10E1, 0x10A1, 0x0881, 0x0860, 0x0840, 0x0040, 0x0020, 0x0000, 0x0000, 0x0000, 0x0000, 0x0000, 0x0000, 0x0000,   // 0x48B0 (18608) pixels
0x0000, 0x0000, 0x0000, 0x0000, 0x0000, 0x0000, 0x0000, 0x0000, 0x0000, 0x0000, 0x0000, 0x0000, 0x0000, 0x0000, 0x0000, 0x0000,   // 0x48C0 (18624) pixels
0x0000, 0x0000, 0x0000, 0x0000, 0x0000, 0x0000, 0x0000, 0x0000, 0x0000, 0x0000, 0x0000, 0x0000, 0x0000, 0x0000, 0x0000, 0x0000,   // 0x48D0 (18640) pixels
0x0000, 0x0000, 0x0000, 0x0000, 0x0000, 0x0000, 0x0000, 0x0000, 0x0000, 0x0000, 0x0000, 0x0000, 0x0020, 0x0040, 0x0860, 0x08A0,   // 0x48E0 (18656) pixels
0x08C0, 0x1101, 0x1942, 0x21A3, 0x2A04, 0x3264, 0x32A3, 0x3B04, 0x4BA6, 0x3B45, 0x3344, 0x5447, 0x8588, 0x6CC7, 0x5C87, 0x6528,   // 0x48F0 (18672) pixels
0x5CC8, 0x3BE8, 0x4409, 0x5D27, 0x5508, 0x8629, 0x8E28, 0x64C7, 0x5D08, 0x3407, 0x8669, 0x8E29, 0x54A8, 0x6D6A, 0x7568, 0x6D27,   // 0x4900 (18688) pixels
0x6D28, 0x6D29, 0x6D29, 0x6508, 0x6427, 0x29E3, 0x0042, 0x0824, 0x20E7, 0x2927, 0x2927, 0x20C7, 0x2106, 0x2106, 0x2106, 0x2106,   // 0x4910 (18704) pixels
0x2106, 0x2106, 0x2106, 0x2106, 0x2107, 0x0823, 0x0002, 0x0823, 0x0823, 0x1064, 0x1085, 0x1085, 0x1085, 0x18A5, 0x1885, 0x1885,   // 0x4920 (18720) pixels
0x18A5, 0x0844, 0x0823, 0x1085, 0x2107, 0x2907, 0x2907, 0x2107, 0x2106, 0x20E6, 0x2106, 0x2107, 0x2106, 0x2107, 0x2107, 0x2107,   // 0x4930 (18736) pixels
0x2106, 0x18C6, 0x1064, 0x0002, 0x0803, 0x0844, 0x18A5, 0x2107, 0x2927, 0x2107, 0x2107, 0x2107, 0x2106, 0x2927, 0x1064, 0x0843,   // 0x4940 (18752) pixels
0x3A47, 0x6409, 0x7D29, 0x7D68, 0x6548, 0x8E67, 0xA6EA, 0x6D69, 0x5CC7, 0x6D66, 0x7DCA, 0x6D8D, 0x4CC8, 0x7E0C, 0x6549, 0x5CA8,   // 0x4950 (18768) pixels
0x64E9, 0x64A7, 0x64C7, 0x6487, 0x5C47, 0x5C06, 0x53C6, 0x4B85, 0x4B45, 0x42E4, 0x3263, 0x2A02, 0x29E3, 0x21A2, 0x1942, 0x1101,   // 0x4960 (18784) pixels
0x10C1, 0x08A1, 0x0860, 0x0840, 0x0840, 0x0020, 0x0020, 0x0000, 0x0000, 0x0000, 0x0000, 0x0000, 0x0000, 0x0000, 0x0000, 0x0000,   // 0x4970 (18800) pixels
0x0000, 0x0000, 0x0000, 0x0000, 0x0000, 0x0000, 0x0000, 0x0000, 0x0000, 0x0000, 0x0000, 0x0000, 0x0000, 0x0000, 0x0000, 0x0000,   // 0x4980 (18816) pixels
0x0000, 0x0000, 0x0000, 0x0000, 0x0000, 0x0000, 0x0000, 0x0000, 0x0000, 0x0000, 0x0000, 0x0000, 0x0000, 0x0000, 0x0000, 0x0000,   // 0x4990 (18832) pixels
0x0000, 0x0000, 0x0000, 0x0000, 0x0000, 0x0000, 0x0000, 0x0000, 0x0000, 0x0000, 0x0020, 0x0020, 0x0860, 0x0880, 0x08A0, 0x10E1,   // 0x49A0 (18848) pixels
0x1922, 0x2162, 0x21A3, 0x2A23, 0x3263, 0x32C3, 0x4365, 0x4BA6, 0x3B65, 0x3344, 0x7D08, 0x7506, 0x6466, 0x64A8, 0x6528, 0x4C49,   // 0x49B0 (18864) pixels
0x33E9, 0x4CC7, 0x4CA8, 0x7587, 0x9648, 0x6506, 0x6568, 0x3C08, 0x8669, 0x8E28, 0x4C88, 0x6529, 0x6D48, 0x6D67, 0x7548, 0x6D08,   // 0x49C0 (18880) pixels
0x6D28, 0x6D69, 0x8DC9, 0x3AE3, 0x0021, 0x0824, 0x20E7, 0x20E6, 0x20E6, 0x2107, 0x2106, 0x2106, 0x2106, 0x2106, 0x2106, 0x2106,   // 0x49D0 (18896) pixels
0x2106, 0x2106, 0x2107, 0x0843, 0x0002, 0x0803, 0x0003, 0x0823, 0x0823, 0x0823, 0x0823, 0x0823, 0x0823, 0x0823, 0x0823, 0x0002,   // 0x49E0 (18912) pixels
0x0003, 0x1084, 0x2927, 0x2907, 0x2107, 0x2106, 0x2106, 0x2107, 0x2107, 0x2907, 0x2106, 0x2106, 0x2107, 0x2106, 0x20E6, 0x18A5,   // 0x49F0 (18928) pixels
0x0844, 0x0002, 0x0003, 0x0844, 0x18A5, 0x20E6, 0x20E6, 0x20E6, 0x20E6, 0x2106, 0x20E6, 0x1064, 0x0001, 0x00A0, 0x5BC6, 0x95EB,   // 0x4A00 (18944) pixels
0x7D68, 0x7DA8, 0x6D8A, 0x8E25, 0xA6C9, 0x6D08, 0x5CE7, 0x75C7, 0x5D07, 0x3409, 0x54A5, 0x7589, 0x6509, 0x5CA8, 0x64A7, 0x6486,   // 0x4A10 (18960) pixels
0x6466, 0x5C06, 0x53E6, 0x53C6, 0x4B85, 0x4B45, 0x4305, 0x3AA4, 0x3244, 0x2A03, 0x21A3, 0x1982, 0x1922, 0x10E1, 0x08A1, 0x0880,   // 0x4A20 (18976) pixels
0x0860, 0x0840, 0x0040, 0x0020, 0x0020, 0x0000, 0x0000, 0x0000, 0x0000, 0x0000, 0x0000, 0x0000, 0x0000, 0x0000, 0x0000, 0x0000,   // 0x4A30 (18992) pixels
0x0000, 0x0000, 0x0000, 0x0000, 0x0000, 0x0000, 0x0000, 0x0000, 0x0000, 0x0000, 0x0000, 0x0000, 0x0000, 0x0000, 0x0000, 0x0000,   // 0x4A40 (19008) pixels
0x0000, 0x0000, 0x0000, 0x0000, 0x0000, 0x0000, 0x0000, 0x0000, 0x0000, 0x0000, 0x0000, 0x0000, 0x0000, 0x0000, 0x0000, 0x0000,   // 0x4A50 (19024) pixels
0x0000, 0x0000, 0x0000, 0x0000, 0x0000, 0x0000, 0x0000, 0x0000, 0x0020, 0x0040, 0x0840, 0x0860, 0x0880, 0x08C1, 0x1102, 0x1942,   // 0x4A60 (19040) pixels
0x2183, 0x29C3, 0x3243, 0x32A3, 0x3B04, 0x53E6, 0x5C48, 0x4BA5, 0x4BA6, 0x7525, 0x7506, 0x6488, 0x756A, 0x6509, 0x3C08, 0x3427,   // 0x4A70 (19056) pixels
0x3C68, 0x6506, 0x9E68, 0x7DA7, 0x6DC8, 0x3C08, 0x8629, 0x9648, 0x54A9, 0x5D08, 0x6D68, 0x85C9, 0x7DA9, 0x6D07, 0x6D28, 0x7DEA,   // 0x4A80 (19072) pixels
0x9E89, 0x5C26, 0x0081, 0x0004, 0x20C7, 0x20C6, 0x20E6, 0x2107, 0x2106, 0x2106, 0x2106, 0x2106, 0x2106, 0x2106, 0x2106, 0x2106,   // 0x4A90 (19088) pixels
0x2107, 0x1084, 0x0803, 0x0803, 0x0003, 0x0002, 0x0002, 0x0002, 0x0002, 0x0002, 0x0002, 0x0002, 0x0002, 0x0002, 0x0823, 0x18A5,   // 0x4AA0 (19104) pixels
0x2907, 0x2107, 0x2106, 0x2106, 0x2107, 0x2107, 0x2107, 0x2107, 0x2106, 0x2106, 0x2106, 0x2106, 0x20E6, 0x1885, 0x0843, 0x0002,   // 0x4AB0 (19120) pixels
0x0823, 0x0844, 0x1084, 0x1885, 0x18A5, 0x18A5, 0x18A5, 0x18C5, 0x1064, 0x0001, 0x21A4, 0x7489, 0x9609, 0x9688, 0x7565, 0x7DC9,   // 0x4AC0 (19136) pixels
0x75CB, 0x9645, 0xAEC8, 0x6D28, 0x6D8A, 0x868B, 0x5D48, 0x3C29, 0x7566, 0x6D07, 0x64A8, 0x6487, 0x5C66, 0x6486, 0x6467, 0x5406,   // 0x4AD0 (19152) pixels
0x53E6, 0x53C6, 0x4B85, 0x4325, 0x3AC5, 0x3264, 0x2A24, 0x29E3, 0x1962, 0x1942, 0x1102, 0x10C1, 0x08A0, 0x0860, 0x0840, 0x0020,   // 0x4AE0 (19168) pixels
0x0020, 0x0020, 0x0000, 0x0000, 0x0000, 0x0000, 0x0000, 0x0000, 0x0000, 0x0000, 0x0000, 0x0000, 0x0000, 0x0000, 0x0000, 0x0000,   // 0x4AF0 (19184) pixels
0x0000, 0x0000, 0x0000, 0x0000, 0x0000, 0x0000, 0x0000, 0x0000, 0x0000, 0x0000, 0x0000, 0x0000, 0x0000, 0x0000, 0x0000, 0x0000,   // 0x4B00 (19200) pixels
0x0000, 0x0000, 0x0000, 0x0000, 0x0000, 0x0000, 0x0000, 0x0000, 0x0000, 0x0000, 0x0000, 0x0000, 0x0000, 0x0000, 0x0000, 0x0000,   // 0x4B10 (19216) pixels
0x0000, 0x0000, 0x0000, 0x0000, 0x0000, 0x0000, 0x0020, 0x0040, 0x0840, 0x0840, 0x0860, 0x08A1, 0x10E1, 0x1102, 0x2184, 0x29C3,   // 0x4B20 (19232) pixels
0x3243, 0x3AC4, 0x3AA3, 0x4345, 0x5C27, 0x5405, 0x3345, 0x6D06, 0x85A7, 0x74C8, 0x7509, 0x6509, 0x3C07, 0x23A7, 0x3C49, 0x6506,   // 0x4B30 (19248) pixels
0xA6C9, 0x9668, 0x75C7, 0x33E9, 0x8609, 0xA688, 0x5CE9, 0x6528, 0x75A8, 0x8E4A, 0x8E09, 0x7547, 0x7D87, 0x8E49, 0xA6EA, 0x858B,   // 0x4B40 (19264) pixels
0x1964, 0x0003, 0x20A7, 0x2907, 0x2927, 0x18E6, 0x2106, 0x2106, 0x2106, 0x2106, 0x2106, 0x2106, 0x2106, 0x2106, 0x2927, 0x20C6,   // 0x4B50 (19280) pixels
0x0823, 0x0803, 0x0823, 0x0803, 0x0003, 0x0003, 0x0003, 0x0003, 0x0003, 0x0803, 0x0803, 0x0823, 0x1885, 0x2927, 0x2907, 0x2107,   // 0x4B60 (19296) pixels
0x2107, 0x2107, 0x2107, 0x2106, 0x2106, 0x20E6, 0x2107, 0x2106, 0x2106, 0x2106, 0x20C6, 0x1084, 0x0823, 0x0003, 0x0002, 0x0002,   // 0x4B70 (19312) pixels
0x0003, 0x0003, 0x0002, 0x0002, 0x0003, 0x0003, 0x0804, 0x0001, 0x4B08, 0xAE8F, 0x9669, 0x8606, 0x7DE7, 0x8E6B, 0x5D29, 0x9666,   // 0x4B80 (19328) pixels
0xB6E7, 0x6D07, 0x54E8, 0x5D48, 0x4486, 0x54A8, 0x9EC9, 0x7D89, 0x6CC9, 0x5C67, 0x5C45, 0x64A7, 0x5C67, 0x4BC6, 0x5C06, 0x53C6,   // 0x4B90 (19344) pixels
0x4B65, 0x4304, 0x3AA4, 0x3244, 0x21E3, 0x21A3, 0x1122, 0x1102, 0x10E1, 0x08C1, 0x0881, 0x0860, 0x0040, 0x0020, 0x0020, 0x0020,   // 0x4BA0 (19360) pixels
0x0000, 0x0000, 0x0000, 0x0000, 0x0000, 0x0000, 0x0000, 0x0000, 0x0000, 0x0000, 0x0000, 0x0000, 0x0000, 0x0000, 0x0000, 0x0000,   // 0x4BB0 (19376) pixels
0x0000, 0x0000, 0x0000, 0x0000, 0x0000, 0x0000, 0x0000, 0x0000, 0x0000, 0x0000, 0x0000, 0x0000, 0x0000, 0x0000, 0x0000, 0x0000,   // 0x4BC0 (19392) pixels
0x0000, 0x0000, 0x0000, 0x0000, 0x0000, 0x0000, 0x0000, 0x0000, 0x0000, 0x0000, 0x0000, 0x0000, 0x0000, 0x0000, 0x0000, 0x0000,   // 0x4BD0 (19408) pixels
0x0000, 0x0000, 0x0000, 0x0000, 0x0000, 0x0020, 0x0840, 0x0040, 0x0060, 0x08A1, 0x10C1, 0x10C2, 0x1922, 0x2182, 0x29E2, 0x3A84,   // 0x4BE0 (19424) pixels
0x3AA4, 0x3AC4, 0x5384, 0x5C24, 0x2B64, 0x43C4, 0x7506, 0x74E5, 0x6446, 0x64C9, 0x4C67, 0x2BC8, 0x3409, 0x64E7, 0xA6A8, 0xA6C8,   // 0x4BF0 (19440) pixels
0x6DA7, 0x33E9, 0x8609, 0xAEA7, 0x5CE8, 0x6507, 0x7DA7, 0x9669, 0x9629, 0x85C8, 0x9629, 0x9E69, 0x75C6, 0x750A, 0x1122, 0x0002,   // 0x4C00 (19456) pixels
0x20A6, 0x2906, 0x2946, 0x18E6, 0x2106, 0x2106, 0x2106, 0x2106, 0x2106, 0x2106, 0x2106, 0x2106, 0x2927, 0x2107, 0x0823, 0x0003,   // 0x4C10 (19472) pixels
0x1085, 0x1084, 0x0843, 0x0803, 0x0002, 0x0002, 0x0002, 0x0002, 0x0002, 0x0002, 0x1884, 0x2927, 0x2107, 0x2107, 0x2107, 0x2107,   // 0x4C20 (19488) pixels
0x2106, 0x2106, 0x2106, 0x2106, 0x2107, 0x2106, 0x2106, 0x2106, 0x18C6, 0x1064, 0x0823, 0x0803, 0x1064, 0x1885, 0x18A5, 0x1085,   // 0x4C30 (19504) pixels
0x1064, 0x1064, 0x1084, 0x1084, 0x0804, 0x0001, 0x2A04, 0x74EB, 0x7569, 0x75A8, 0x7DE8, 0x7E29, 0x4CC7, 0x9666, 0xB728, 0x6D26,   // 0x4C40 (19520) pixels
0x3C88, 0x3447, 0x4C66, 0x85E9, 0x9E87, 0x6D06, 0x5427, 0x5C46, 0x64A6, 0x5C86, 0x4BE6, 0x43A5, 0x5406, 0x53C5, 0x4B44, 0x3AE4,   // 0x4C50 (19536) pixels
0x3284, 0x2A03, 0x21A2, 0x1962, 0x10E2, 0x08E1, 0x08C1, 0x08A1, 0x0880, 0x0840, 0x0820, 0x0020, 0x0020, 0x0020, 0x0000, 0x0000,   // 0x4C60 (19552) pixels
0x0000, 0x0000, 0x0000, 0x0000, 0x0000, 0x0000, 0x0000, 0x0000, 0x0000, 0x0000, 0x0000, 0x0000, 0x0000, 0x0000, 0x0000, 0x0000,   // 0x4C70 (19568) pixels
0x0000, 0x0000, 0x0000, 0x0000, 0x0000, 0x0000, 0x0000, 0x0000, 0x0000, 0x0000, 0x0000, 0x0000, 0x0000, 0x0000, 0x0000, 0x0000,   // 0x4C80 (19584) pixels
0x0000, 0x0000, 0x0000, 0x0000, 0x0000, 0x0000, 0x0000, 0x0000, 0x0000, 0x0000, 0x0000, 0x0000, 0x0000, 0x0000, 0x0000, 0x0000,   // 0x4C90 (19600) pixels
0x0000, 0x0000, 0x0000, 0x0020, 0x0020, 0x0020, 0x0040, 0x0881, 0x08A1, 0x08C1, 0x10E2, 0x2182, 0x1980, 0x3222, 0x42E6, 0x3AC4,   // 0x4CA0 (19616) pixels
0x4343, 0x6423, 0x3C05, 0x22C4, 0x6486, 0x7D43, 0x6445, 0x6CAA, 0x5CC9, 0x3C28, 0x2BC9, 0x5CC6, 0x9E67, 0xA6C8, 0x6DA6, 0x3BEA,   // 0x4CB0 (19632) pixels
0x8609, 0xAE86, 0x6528, 0x6D67, 0x85E7, 0x9668, 0x9628, 0x9608, 0x9E68, 0x9627, 0x75C8, 0x6CCA, 0x08E1, 0x0002, 0x28E6, 0x20C5,   // 0x4CC0 (19648) pixels
0x2126, 0x2127, 0x2106, 0x2106, 0x2106, 0x2106, 0x2106, 0x2106, 0x2106, 0x2106, 0x20E6, 0x2107, 0x0823, 0x0003, 0x20C6, 0x18C6,   // 0x4CD0 (19664) pixels
0x0844, 0x0002, 0x0002, 0x0002, 0x0002, 0x0002, 0x0002, 0x0002, 0x18A5, 0x2927, 0x2107, 0x2107, 0x2107, 0x2107, 0x2106, 0x2107,   // 0x4CE0 (19680) pixels
0x2107, 0x2927, 0x2107, 0x2106, 0x2106, 0x2106, 0x18C5, 0x1064, 0x0823, 0x0823, 0x18A5, 0x20E6, 0x2106, 0x20E6, 0x20C6, 0x20E6,   // 0x4CF0 (19696) pixels
0x20E6, 0x20E6, 0x18A6, 0x10A4, 0x0040, 0x1A23, 0x5469, 0x6529, 0x6526, 0x6DA6, 0x5529, 0x9687, 0xAEE7, 0x6546, 0x3CA9, 0x3429,   // 0x4D00 (19712) pixels
0x54A7, 0x9668, 0x9685, 0x6CC5, 0x4BC6, 0x7529, 0x85EA, 0x5C86, 0x43C5, 0x5427, 0x53E5, 0x4BA4, 0x4324, 0x3AC3, 0x3263, 0x2A03,   // 0x4D10 (19728) pixels
0x21A2, 0x1961, 0x08C1, 0x08C1, 0x08A1, 0x08A1, 0x0860, 0x0840, 0x0820, 0x0020, 0x0020, 0x0000, 0x0000, 0x0000, 0x0000, 0x0000,   // 0x4D20 (19744) pixels
0x0000, 0x0000, 0x0000, 0x0000, 0x0000, 0x0000, 0x0000, 0x0000, 0x0000, 0x0000, 0x0000, 0x0000, 0x0000, 0x0000, 0x0000, 0x0000,   // 0x4D30 (19760) pixels
0x0000, 0x0000, 0x0000, 0x0000, 0x0000, 0x0000, 0x0000, 0x0000, 0x0000, 0x0000, 0x0000, 0x0000, 0x0000, 0x0000, 0x0000, 0x0000,   // 0x4D40 (19776) pixels
0x0000, 0x0000, 0x0000, 0x0000, 0x0000, 0x0000, 0x0000, 0x0000, 0x0000, 0x0000, 0x0000, 0x0000, 0x0000, 0x0000, 0x0000, 0x0000,   // 0x4D50 (19792) pixels
0x0000, 0x0020, 0x0020, 0x0020, 0x0040, 0x0860, 0x0881, 0x10C1, 0x1902, 0x1922, 0x1942, 0x29C2, 0x3222, 0x42C2, 0x4B43, 0x53A3,   // 0x4D60 (19808) pixels
0x53E3, 0x3B05, 0x4B85, 0x7506, 0x6486, 0x4BE6, 0x6CE8, 0x6D07, 0x2BCA, 0x5CC7, 0x9EA7, 0x9666, 0x85E8, 0x4C65, 0x85E8, 0xA6C8,   // 0x4D70 (19824) pixels
0x9E48, 0x9E69, 0x9629, 0x7DA8, 0x6D48, 0x6D69, 0x6D8A, 0x54A7, 0x4C0A, 0x43AA, 0x0902, 0x0001, 0x1044, 0x1044, 0x2907, 0x2907,   // 0x4D80 (19840) pixels
0x2107, 0x2107, 0x2907, 0x2107, 0x2106, 0x20E6, 0x2106, 0x2107, 0x2126, 0x18E5, 0x0843, 0x0803, 0x18A6, 0x18A6, 0x0823, 0x0002,   // 0x4D90 (19856) pixels
0x0002, 0x0002, 0x0022, 0x0002, 0x0022, 0x0002, 0x1885, 0x2907, 0x2107, 0x2907, 0x2927, 0x2907, 0x2107, 0x2107, 0x2927, 0x2927,   // 0x4DA0 (19872) pixels
0x2106, 0x2106, 0x20E6, 0x1085, 0x1044, 0x18A5, 0x0002, 0x0823, 0x18A5, 0x20E6, 0x20E6, 0x1064, 0x20C6, 0x20E6, 0x20E6, 0x18A5,   // 0x4DB0 (19888) pixels
0x20C5, 0x20C6, 0x0845, 0x0022, 0x19E5, 0x5C8B, 0x54CA, 0x54E9, 0x64E9, 0xA6A8, 0xAEC5, 0x7548, 0x442B, 0x33E8, 0x5CE6, 0x9E27,   // 0x4DC0 (19904) pixels
0x9607, 0x6CC3, 0x7D47, 0x8569, 0x6467, 0x53E6, 0x4BC6, 0x53E6, 0x5386, 0x3AE4, 0x3AA4, 0x3A84, 0x3223, 0x21C3, 0x2182, 0x1921,   // 0x4DD0 (19920) pixels
0x08A1, 0x08A1, 0x08A1, 0x0861, 0x0060, 0x0040, 0x0020, 0x0020, 0x0000, 0x0000, 0x0000, 0x0000, 0x0000, 0x0000, 0x0000, 0x0000,   // 0x4DE0 (19936) pixels
0x0000, 0x0000, 0x0000, 0x0000, 0x0000, 0x0000, 0x0000, 0x0000, 0x0000, 0x0000, 0x0000, 0x0000, 0x0000, 0x0000, 0x0000, 0x0000,   // 0x4DF0 (19952) pixels
0x0000, 0x0000, 0x0000, 0x0000, 0x0000, 0x0000, 0x0000, 0x0000, 0x0000, 0x0000, 0x0000, 0x0000, 0x0000, 0x0000, 0x0000, 0x0000,   // 0x4E00 (19968) pixels
0x0000, 0x0000, 0x0000, 0x0000, 0x0000, 0x0000, 0x0000, 0x0000, 0x0000, 0x0000, 0x0000, 0x0000, 0x0000, 0x0000, 0x0000, 0x0000,   // 0x4E10 (19984) pixels
0x0020, 0x0020, 0x0040, 0x0060, 0x0881, 0x10A1, 0x10E1, 0x1901, 0x1942, 0x2182, 0x29E2, 0x3262, 0x42E2, 0x4B23, 0x53C4, 0x4325,   // 0x4E20 (20000) pixels
0x2AA2, 0x5404, 0x6D07, 0x4BE5, 0x5426, 0x85A8, 0x3C08, 0x5464, 0x9626, 0x9E47, 0x8629, 0x5486, 0x7548, 0x85A7, 0x7DA8, 0x7568,   // 0x4E30 (20016) pixels
0x6507, 0x6508, 0x54C8, 0x4447, 0x4448, 0x4428, 0x3307, 0x2246, 0x00A2, 0x0001, 0x0003, 0x0803, 0x1044, 0x0843, 0x20C6, 0x20E6,   // 0x4E40 (20032) pixels
0x2107, 0x2907, 0x2927, 0x2927, 0x2927, 0x2947, 0x2147, 0x2106, 0x0843, 0x0803, 0x18A6, 0x18C6, 0x0843, 0x0002, 0x2186, 0x08E3,   // 0x4E50 (20048) pixels
0x0062, 0x0021, 0x0001, 0x0002, 0x18C5, 0x3168, 0x2927, 0x2927, 0x2927, 0x2107, 0x2107, 0x2107, 0x2907, 0x2927, 0x1085, 0x1084,   // 0x4E60 (20064) pixels
0x1885, 0x1064, 0x0823, 0x0843, 0x0002, 0x1064, 0x18C6, 0x20E6, 0x18A5, 0x0823, 0x1085, 0x20E6, 0x2106, 0x18A5, 0x0802, 0x20A6,   // 0x4E70 (20080) pixels
0x20C7, 0x0023, 0x00A1, 0x2AC5, 0x33C7, 0x4489, 0x6509, 0xA6C8, 0xAEE6, 0x7547, 0x4448, 0x4CA8, 0x7DA6, 0x9E05, 0x95E7, 0x8566,   // 0x4E80 (20096) pixels
0x8568, 0x6465, 0x4B84, 0x4BA5, 0x4364, 0x3B24, 0x4325, 0x3283, 0x3263, 0x3243, 0x21C2, 0x2182, 0x1942, 0x1101, 0x0881, 0x0881,   // 0x4E90 (20112) pixels
0x0881, 0x0860, 0x0040, 0x0020, 0x0020, 0x0020, 0x0000, 0x0000, 0x0000, 0x0000, 0x0000, 0x0000, 0x0000, 0x0000, 0x0000, 0x0000,   // 0x4EA0 (20128) pixels
0x0000, 0x0000, 0x0000, 0x0000, 0x0000, 0x0000, 0x0000, 0x0000, 0x0000, 0x0000, 0x0000, 0x0000, 0x0000, 0x0000, 0x0000, 0x0000,   // 0x4EB0 (20144) pixels
0x0000, 0x0000, 0x0000, 0x0000, 0x0000, 0x0000, 0x0000, 0x0000, 0x0000, 0x0000, 0x0000, 0x0000, 0x0000, 0x0000, 0x0000, 0x0000,   // 0x4EC0 (20160) pixels
0x0000, 0x0000, 0x0000, 0x0000, 0x0000, 0x0000, 0x0000, 0x0000, 0x0000, 0x0000, 0x0000, 0x0000, 0x0000, 0x0000, 0x0000, 0x0020,   // 0x4ED0 (20176) pixels
0x0020, 0x0040, 0x0861, 0x0881, 0x08C0, 0x10E1, 0x1922, 0x2162, 0x21A2, 0x2A02, 0x3A83, 0x42E4, 0x4B64, 0x5385, 0x2A83, 0x4384,   // 0x4EE0 (20192) pixels
0x7527, 0x5405, 0x4384, 0x7D45, 0x5CC7, 0x5443, 0x8DA6, 0x9607, 0x8E2A, 0x5CE7, 0x6509, 0x64A7, 0x5D09, 0x4C88, 0x3C27, 0x3C28,   // 0x4EF0 (20208) pixels
0x3C08, 0x2B87, 0x2B26, 0x22E5, 0x00E2, 0x0061, 0x0042, 0x0823, 0x0803, 0x0803, 0x0002, 0x0002, 0x0844, 0x1084, 0x1064, 0x1064,   // 0x4F00 (20224) pixels
0x1084, 0x1084, 0x1064, 0x1084, 0x18C6, 0x1085, 0x0803, 0x0824, 0x18A6, 0x18A5, 0x0042, 0x0001, 0x3AE8, 0x32A7, 0x2A47, 0x21A6,   // 0x4F10 (20240) pixels
0x0062, 0x0022, 0x1064, 0x18A5, 0x1885, 0x18A5, 0x18C5, 0x18A5, 0x18A5, 0x18A5, 0x18A5, 0x18A5, 0x0823, 0x0002, 0x0002, 0x0002,   // 0x4F20 (20256) pixels
0x0002, 0x0823, 0x0002, 0x1085, 0x2907, 0x2107, 0x18A5, 0x0002, 0x1085, 0x2107, 0x2927, 0x18C6, 0x0001, 0x20A5, 0x2928, 0x1085,   // 0x4F30 (20272) pixels
0x0040, 0x1A03, 0x2B26, 0x33E8, 0x4C67, 0x7DA7, 0x8DE6, 0x6507, 0x4C67, 0x5D28, 0x8E07, 0x95A5, 0x8586, 0x8567, 0x7D07, 0x53E4,   // 0x4F40 (20288) pixels
0x4B63, 0x53C6, 0x4364, 0x3AE3, 0x3AA4, 0x2A43, 0x2A22, 0x29E2, 0x2182, 0x1942, 0x1921, 0x10C0, 0x0060, 0x0860, 0x0860, 0x0040,   // 0x4F50 (20304) pixels
0x0020, 0x0020, 0x0000, 0x0000, 0x0000, 0x0000, 0x0000, 0x0000, 0x0000, 0x0000, 0x0000, 0x0000, 0x0000, 0x0000, 0x0000, 0x0000,   // 0x4F60 (20320) pixels
0x0000, 0x0000, 0x0000, 0x0000, 0x0000, 0x0000, 0x0000, 0x0000, 0x0000, 0x0000, 0x0000, 0x0000, 0x0000, 0x0000, 0x0000, 0x0000,   // 0x4F70 (20336) pixels
0x0000, 0x0000, 0x0000, 0x0000, 0x0000, 0x0000, 0x0000, 0x0000, 0x0000, 0x0000, 0x0000, 0x0000, 0x0000, 0x0000, 0x0000, 0x0000,   // 0x4F80 (20352) pixels
0x0000, 0x0000, 0x0000, 0x0000, 0x0000, 0x0000, 0x0000, 0x0000, 0x0000, 0x0000, 0x0000, 0x0000, 0x0000, 0x0000, 0x0020, 0x0040,   // 0x4F90 (20368) pixels
0x0060, 0x0860, 0x0880, 0x10C1, 0x1902, 0x1922, 0x1942, 0x21A2, 0x2A03, 0x3A64, 0x42C3, 0x5366, 0x32C4, 0x2AE3, 0x4C05, 0x5C26,   // 0x4FA0 (20384) pixels
0x6466, 0x7D25, 0x7567, 0x6CA4, 0x8567, 0x7D47, 0x7DA9, 0x5CE8, 0x5489, 0x4C09, 0x33E8, 0x2B86, 0x2366, 0x2B66, 0x2B67, 0x3348,   // 0x4FB0 (20400) pixels
0x2AA7, 0x0983, 0x0021, 0x0042, 0x18C6, 0x2907, 0x28E7, 0x20E6, 0x2106, 0x18C5, 0x1064, 0x18A5, 0x1084, 0x1044, 0x1064, 0x1064,   // 0x4FC0 (20416) pixels
0x0844, 0x1064, 0x1064, 0x0804, 0x0003, 0x0803, 0x0844, 0x0022, 0x0062, 0x1124, 0x22E5, 0x3347, 0x4369, 0x3268, 0x0061, 0x0001,   // 0x4FD0 (20432) pixels
0x0823, 0x0823, 0x0823, 0x0843, 0x0844, 0x0844, 0x0843, 0x0844, 0x0844, 0x0823, 0x1064, 0x0823, 0x0823, 0x0803, 0x0003, 0x0003,   // 0x4FE0 (20448) pixels
0x0002, 0x1085, 0x2106, 0x20E6, 0x1084, 0x0002, 0x1084, 0x2107, 0x2927, 0x18A5, 0x0822, 0x1885, 0x28C7, 0x1064, 0x0021, 0x2225,   // 0x4FF0 (20464) pixels
0x3348, 0x2347, 0x2326, 0x3385, 0x4C05, 0x5488, 0x54A9, 0x6508, 0x8588, 0x8D07, 0x74E6, 0x6CC5, 0x6486, 0x5C25, 0x6427, 0x5C07,   // 0x5000 (20480) pixels
0x4B65, 0x4324, 0x3264, 0x2A23, 0x29E2, 0x21A2, 0x1941, 0x1921, 0x1101, 0x08A0, 0x0040, 0x0040, 0x0040, 0x0040, 0x0020, 0x0000,   // 0x5010 (20496) pixels
0x0000, 0x0000, 0x0000, 0x0000, 0x0000, 0x0000, 0x0000, 0x0000, 0x0000, 0x0000, 0x0000, 0x0000, 0x0000, 0x0000, 0x0000, 0x0000,   // 0x5020 (20512) pixels
0x0000, 0x0000, 0x0000, 0x0000, 0x0000, 0x0000, 0x0000, 0x0000, 0x0000, 0x0000, 0x0000, 0x0000, 0x0000, 0x0000, 0x0000, 0x0000,   // 0x5030 (20528) pixels
0x0000, 0x0000, 0x0000, 0x0000, 0x0000, 0x0000, 0x0000, 0x0000, 0x0000, 0x0000, 0x0000, 0x0000, 0x0000, 0x0000, 0x0000, 0x0000,   // 0x5040 (20544) pixels
0x0000, 0x0000, 0x0000, 0x0000, 0x0000, 0x0000, 0x0000, 0x0000, 0x0000, 0x0000, 0x0000, 0x0000, 0x0020, 0x0040, 0x0040, 0x0040,   // 0x5050 (20560) pixels
0x0860, 0x08A0, 0x10C1, 0x10E1, 0x08E1, 0x1101, 0x1942, 0x2182, 0x3241, 0x42C6, 0x3AC4, 0x2282, 0x2AC3, 0x53E6, 0x74C7, 0x74C6,   // 0x5060 (20576) pixels
0x7D46, 0x7D06, 0x7D08, 0x5C45, 0x5486, 0x4C47, 0x43C8, 0x3328, 0x2306, 0x2305, 0x2305, 0x2305, 0x2B06, 0x32A7, 0x1984, 0x0040,   // 0x5070 (20592) pixels
0x1044, 0x1885, 0x1865, 0x20C6, 0x20C6, 0x20C6, 0x2927, 0x18E5, 0x18A5, 0x2106, 0x2107, 0x20E6, 0x2106, 0x2107, 0x2106, 0x2927,   // 0x5080 (20608) pixels
0x18A6, 0x1065, 0x0003, 0x0002, 0x0021, 0x0081, 0x1184, 0x3AE9, 0x2365, 0x3367, 0x3307, 0x2206, 0x0041, 0x0002, 0x18A5, 0x2927,   // 0x5090 (20624) pixels
0x2107, 0x2107, 0x2107, 0x20E6, 0x20E6, 0x20C6, 0x20E6, 0x2107, 0x20E6, 0x20E6, 0x2107, 0x20E6, 0x1084, 0x0002, 0x0002, 0x1084,   // 0x50A0 (20640) pixels
0x2106, 0x20E6, 0x1084, 0x0002, 0x1884, 0x2106, 0x2927, 0x18A5, 0x0001, 0x1885, 0x28C7, 0x1864, 0x0020, 0x2205, 0x3348, 0x2348,   // 0x50B0 (20656) pixels
0x2B28, 0x2306, 0x2B26, 0x43E9, 0x5489, 0x5467, 0x5C26, 0x5BC5, 0x5C25, 0x4BC4, 0x53C4, 0x53C5, 0x53A6, 0x4325, 0x32A3, 0x3283,   // 0x50C0 (20672) pixels
0x2A03, 0x21E3, 0x21A2, 0x1962, 0x1921, 0x10E1, 0x10C1, 0x0880, 0x0040, 0x0040, 0x0040, 0x0020, 0x0020, 0x0000, 0x0000, 0x0000,   // 0x50D0 (20688) pixels
0x0000, 0x0000, 0x0000, 0x0000, 0x0000, 0x0000, 0x0000, 0x0000, 0x0000, 0x0000, 0x0000, 0x0000, 0x0000, 0x0000, 0x0000, 0x0000,   // 0x50E0 (20704) pixels
0x0000, 0x0000, 0x0000, 0x0000, 0x0000, 0x0000, 0x0000, 0x0000, 0x0000, 0x0000, 0x0000, 0x0000, 0x0000, 0x0000, 0x0000, 0x0000,   // 0x50F0 (20720) pixels
0x0000, 0x0000, 0x0000, 0x0000, 0x0000, 0x0000, 0x0000, 0x0000, 0x0000, 0x0000, 0x0000, 0x0000, 0x0000, 0x0000, 0x0000, 0x0000,   // 0x5100 (20736) pixels
0x0000, 0x0000, 0x0000, 0x0000, 0x0000, 0x0000, 0x0000, 0x0000, 0x0000, 0x0000, 0x0020, 0x0020, 0x0040, 0x0040, 0x0860, 0x0860,   // 0x5110 (20752) pixels
0x0881, 0x08A1, 0x08C1, 0x10E1, 0x1121, 0x1941, 0x29E1, 0x3245, 0x3264, 0x2A82, 0x32C5, 0x4B65, 0x53C4, 0x5385, 0x6464, 0x6CA7,   // 0x5120 (20768) pixels
0x6488, 0x43A5, 0x3BC5, 0x3BE6, 0x3387, 0x2AE7, 0x2AE6, 0x2B06, 0x2B05, 0x2B26, 0x3307, 0x21C4, 0x0020, 0x0000, 0x20C6, 0x20C6,   // 0x5130 (20784) pixels
0x1023, 0x18A5, 0x2906, 0x20E6, 0x20E6, 0x1064, 0x1885, 0x20E6, 0x2927, 0x2106, 0x20E6, 0x2106, 0x2107, 0x2107, 0x28E7, 0x20C6,   // 0x5140 (20800) pixels
0x0023, 0x0001, 0x1124, 0x2226, 0x2AC7, 0x3B88, 0x2B86, 0x2B26, 0x1A04, 0x00A2, 0x0001, 0x1064, 0x20C6, 0x2107, 0x2947, 0x2927,   // 0x5150 (20816) pixels
0x2927, 0x2107, 0x18C6, 0x18A5, 0x18C6, 0x2907, 0x2907, 0x2106, 0x2907, 0x2107, 0x20E6, 0x0843, 0x0003, 0x0844, 0x2106, 0x20E6,   // 0x5160 (20832) pixels
0x18A5, 0x0002, 0x1084, 0x20E6, 0x2106, 0x18C5, 0x0001, 0x1085, 0x20C6, 0x1064, 0x0040, 0x19E4, 0x3327, 0x2B48, 0x2B07, 0x22E7,   // 0x5170 (20848) pixels
0x22E6, 0x3387, 0x4C28, 0x5447, 0x5C06, 0x53A5, 0x4B85, 0x4364, 0x4344, 0x4324, 0x32A3, 0x2A62, 0x2A22, 0x21E2, 0x21A3, 0x1982,   // 0x5180 (20864) pixels
0x1942, 0x1121, 0x10E1, 0x08A0, 0x0860, 0x0840, 0x0020, 0x0040, 0x0040, 0x0020, 0x0000, 0x0000, 0x0000, 0x0000, 0x0000, 0x0000,   // 0x5190 (20880) pixels
0x0000, 0x0000, 0x0000, 0x0000, 0x0000, 0x0000, 0x0000, 0x0000, 0x0000, 0x0000, 0x0000, 0x0000, 0x0000, 0x0000, 0x0000, 0x0000,   // 0x51A0 (20896) pixels
0x0000, 0x0000, 0x0000, 0x0000, 0x0000, 0x0000, 0x0000, 0x0000, 0x0000, 0x0000, 0x0000, 0x0000, 0x0000, 0x0000, 0x0000, 0x0000,   // 0x51B0 (20912) pixels
0x0000, 0x0000, 0x0000, 0x0000, 0x0000, 0x0000, 0x0000, 0x0000, 0x0000, 0x0000, 0x0000, 0x0000, 0x0000, 0x0000, 0x0000, 0x0000,   // 0x51C0 (20928) pixels
0x0000, 0x0000, 0x0000, 0x0000, 0x0000, 0x0000, 0x0000, 0x0000, 0x0020, 0x0020, 0x0020, 0x0020, 0x0040, 0x0040, 0x0860, 0x08A1,   // 0x51D0 (20944) pixels
0x10E1, 0x1102, 0x1941, 0x1941, 0x21A2, 0x21C2, 0x2A02, 0x2A43, 0x32A5, 0x3AC4, 0x3AE3, 0x4325, 0x4364, 0x4BC6, 0x43A7, 0x3386,   // 0x51E0 (20960) pixels
0x33A7, 0x33A7, 0x3B87, 0x3326, 0x2AA5, 0x2AE5, 0x2B05, 0x2B26, 0x3328, 0x1184, 0x0000, 0x1884, 0x20C6, 0x1044, 0x0823, 0x18C5,   // 0x51F0 (20976) pixels
0x2926, 0x20E6, 0x1064, 0x0823, 0x18C5, 0x20E6, 0x2107, 0x18C6, 0x1064, 0x1885, 0x20E6, 0x20E6, 0x2106, 0x2106, 0x0042, 0x0061,   // 0x5200 (20992) pixels
0x2A47, 0x4369, 0x2B47, 0x2345, 0x2B46, 0x3327, 0x19A4, 0x0021, 0x1064, 0x2908, 0x2928, 0x2907, 0x18C6, 0x18C6, 0x20E6, 0x2927,   // 0x5210 (21008) pixels
0x20C6, 0x1064, 0x1064, 0x18C6, 0x20E6, 0x20E6, 0x18A5, 0x1064, 0x20E6, 0x20E6, 0x1885, 0x0823, 0x0843, 0x1064, 0x0843, 0x0002,   // 0x5220 (21024) pixels
0x0843, 0x1043, 0x1064, 0x0843, 0x0823, 0x0824, 0x0003, 0x0042, 0x00C1, 0x1A24, 0x2AE6, 0x2B47, 0x2B05, 0x2B06, 0x2306, 0x2B66,   // 0x5230 (21040) pixels
0x3BA6, 0x43A6, 0x4BC6, 0x4BC5, 0x4B67, 0x4346, 0x4325, 0x3AE4, 0x3283, 0x3263, 0x2A24, 0x21C3, 0x1942, 0x1101, 0x10E1, 0x10E1,   // 0x5240 (21056) pixels
0x10A1, 0x0860, 0x0040, 0x0840, 0x0020, 0x0020, 0x0020, 0x0020, 0x0000, 0x0000, 0x0000, 0x0000, 0x0000, 0x0000, 0x0000, 0x0000,   // 0x5250 (21072) pixels
0x0000, 0x0000, 0x0000, 0x0000, 0x0000, 0x0000, 0x0000, 0x0000, 0x0000, 0x0000, 0x0000, 0x0000, 0x0000, 0x0000, 0x0000, 0x0000,   // 0x5260 (21088) pixels
0x0000, 0x0000, 0x0000, 0x0000, 0x0000, 0x0000, 0x0000, 0x0000, 0x0000, 0x0000, 0x0000, 0x0000, 0x0000, 0x0000, 0x0000, 0x0000,   // 0x5270 (21104) pixels
0x0000, 0x0000, 0x0000, 0x0000, 0x0000, 0x0000, 0x0000, 0x0000, 0x0000, 0x0000, 0x0000, 0x0000, 0x0000, 0x0000, 0x0000, 0x0000,   // 0x5280 (21120) pixels
0x0000, 0x0000, 0x0000, 0x0000, 0x0000, 0x0000, 0x0020, 0x0020, 0x0020, 0x0020, 0x0040, 0x0040, 0x0040, 0x0881, 0x08C1, 0x1101,   // 0x5290 (21136) pixels
0x1101, 0x1120, 0x1963, 0x21A0, 0x29E2, 0x2A04, 0x3243, 0x3283, 0x3AA5, 0x4305, 0x3304, 0x2B05, 0x2B05, 0x3367, 0x3387, 0x3387,   // 0x52A0 (21152) pixels
0x3BA7, 0x3345, 0x2285, 0x22E6, 0x22E5, 0x1AE5, 0x2AE7, 0x1185, 0x0022, 0x18A6, 0x20E5, 0x0002, 0x0843, 0x18E5, 0x2105, 0x18C5,   // 0x52B0 (21168) pixels
0x0803, 0x1024, 0x2907, 0x2106, 0x2107, 0x18A5, 0x0803, 0x1064, 0x2907, 0x2927, 0x20E6, 0x2106, 0x0042, 0x0040, 0x2225, 0x3347,   // 0x52C0 (21184) pixels
0x2345, 0x2385, 0x2B27, 0x3B28, 0x1985, 0x0001, 0x1885, 0x28E7, 0x28E7, 0x2907, 0x0843, 0x1064, 0x20E6, 0x3148, 0x2107, 0x1044,   // 0x52D0 (21200) pixels
0x0823, 0x1085, 0x2106, 0x2947, 0x20C6, 0x0002, 0x1085, 0x2927, 0x2927, 0x0823, 0x0001, 0x0002, 0x0822, 0x0001, 0x0822, 0x0002,   // 0x52E0 (21216) pixels
0x0002, 0x0002, 0x0002, 0x0002, 0x0002, 0x1125, 0x2A46, 0x3307, 0x2B05, 0x22E5, 0x3305, 0x22C5, 0x2305, 0x3387, 0x3366, 0x2AE5,   // 0x52F0 (21232) pixels
0x3B45, 0x43A5, 0x4326, 0x32E5, 0x2A83, 0x3283, 0x3284, 0x2A44, 0x21C3, 0x1942, 0x1122, 0x08E1, 0x08C0, 0x08C1, 0x08A1, 0x0840,   // 0x5300 (21248) pixels
0x0020, 0x0840, 0x0000, 0x0020, 0x0000, 0x0000, 0x0000, 0x0000, 0x0000, 0x0000, 0x0000, 0x0000, 0x0000, 0x0000, 0x0000, 0x0000,   // 0x5310 (21264) pixels
0x0000, 0x0000, 0x0000, 0x0000, 0x0000, 0x0000, 0x0000, 0x0000, 0x0000, 0x0000, 0x0000, 0x0000, 0x0000, 0x0000, 0x0000, 0x0000,   // 0x5320 (21280) pixels
0x0000, 0x0000, 0x0000, 0x0000, 0x0000, 0x0000, 0x0000, 0x0000, 0x0000, 0x0000, 0x0000, 0x0000, 0x0000, 0x0000, 0x0000, 0x0000,   // 0x5330 (21296) pixels
0x0000, 0x0000, 0x0000, 0x0000, 0x0000, 0x0000, 0x0000, 0x0000, 0x0000, 0x0000, 0x0000, 0x0000, 0x0000, 0x0000, 0x0000, 0x0000,   // 0x5340 (21312) pixels
0x0000, 0x0000, 0x0000, 0x0000, 0x0000, 0x0000, 0x0000, 0x0000, 0x0040, 0x0040, 0x0860, 0x0880, 0x08A1, 0x10C1, 0x10E2, 0x1902,   // 0x5350 (21328) pixels
0x1902, 0x2142, 0x2183, 0x29E3, 0x2A23, 0x2A63, 0x3284, 0x32A4, 0x2263, 0x32C4, 0x32E5, 0x32E6, 0x3306, 0x3347, 0x2B27, 0x22E6,   // 0x5360 (21344) pixels
0x2246, 0x2AA6, 0x2285, 0x2285, 0x32E7, 0x19A4, 0x0001, 0x1084, 0x20C5, 0x0802, 0x0801, 0x20E5, 0x20E5, 0x18A4, 0x0001, 0x0863,   // 0x5370 (21360) pixels
0x2106, 0x2106, 0x2106, 0x0822, 0x0002, 0x20E5, 0x20E6, 0x2106, 0x28C8, 0x28E7, 0x0823, 0x0021, 0x21E5, 0x3328, 0x2B26, 0x2366,   // 0x5380 (21376) pixels
0x2B26, 0x3328, 0x19A4, 0x0001, 0x18A5, 0x2907, 0x2106, 0x2126, 0x1024, 0x0803, 0x28C6, 0x3128, 0x2907, 0x1885, 0x0002, 0x1084,   // 0x5390 (21392) pixels
0x2907, 0x2907, 0x28E7, 0x1024, 0x0803, 0x20C6, 0x20C6, 0x1023, 0x0043, 0x29E6, 0x2225, 0x1A64, 0x1265, 0x1A66, 0x1A65, 0x1A45,   // 0x53A0 (21408) pixels
0x1A45, 0x1225, 0x1A65, 0x1A85, 0x22C6, 0x2AE6, 0x22C5, 0x22E5, 0x22C5, 0x1AA5, 0x1AA4, 0x2AE5, 0x3326, 0x3B46, 0x3B25, 0x3B04,   // 0x53B0 (21424) pixels
0x3AC4, 0x3AA4, 0x3284, 0x2A24, 0x21C3, 0x1963, 0x1123, 0x0902, 0x10C2, 0x08A1, 0x0881, 0x0860, 0x0860, 0x0040, 0x0020, 0x0000,   // 0x53C0 (21440) pixels
0x0000, 0x0000, 0x0000, 0x0000, 0x0000, 0x0000, 0x0000, 0x0000, 0x0000, 0x0000, 0x0000, 0x0000, 0x0000, 0x0000, 0x0000, 0x0000,   // 0x53D0 (21456) pixels
0x0000, 0x0000, 0x0000, 0x0000, 0x0000, 0x0000, 0x0000, 0x0000, 0x0000, 0x0000, 0x0000, 0x0000, 0x0000, 0x0000, 0x0000, 0x0000,   // 0x53E0 (21472) pixels
0x0000, 0x0000, 0x0000, 0x0000, 0x0000, 0x0000, 0x0000, 0x0000, 0x0000, 0x0000, 0x0000, 0x0000, 0x0000, 0x0000, 0x0000, 0x0000,   // 0x53F0 (21488) pixels
0x0000, 0x0000, 0x0000, 0x0000, 0x0000, 0x0000, 0x0000, 0x0000, 0x0000, 0x0000, 0x0000, 0x0000, 0x0000, 0x0000, 0x0000, 0x0000,   // 0x5400 (21504) pixels
0x0000, 0x0000, 0x0000, 0x0000, 0x0000, 0x0000, 0x0020, 0x0040, 0x0040, 0x0860, 0x0880, 0x08A1, 0x10C1, 0x10C1, 0x1101, 0x1922,   // 0x5410 (21520) pixels
0x1942, 0x1982, 0x19A2, 0x2202, 0x2A43, 0x3284, 0x3AC5, 0x3AE5, 0x32E5, 0x2AC4, 0x2AE5, 0x3306, 0x2B06, 0x22A5, 0x1A45, 0x2265,   // 0x5420 (21536) pixels
0x1A85, 0x22A5, 0x2AA6, 0x1163, 0x0041, 0x10A4, 0x18C5, 0x0822, 0x0822, 0x20E5, 0x20E6, 0x18A4, 0x0002, 0x0823, 0x18E5, 0x18E6,   // 0x5430 (21552) pixels
0x18E6, 0x0022, 0x0002, 0x18C5, 0x18E5, 0x2106, 0x28C7, 0x20E6, 0x0022, 0x0041, 0x19C5, 0x3307, 0x2B26, 0x2325, 0x2325, 0x3327,   // 0x5440 (21568) pixels
0x19C5, 0x0021, 0x1085, 0x2907, 0x2907, 0x20E6, 0x1044, 0x0002, 0x18C5, 0x2927, 0x2926, 0x18C5, 0x0002, 0x1063, 0x2106, 0x2106,   // 0x5450 (21584) pixels
0x20E6, 0x0823, 0x0002, 0x2106, 0x2106, 0x0022, 0x0082, 0x3A88, 0x3B07, 0x3326, 0x2B27, 0x2B27, 0x2B07, 0x2AE6, 0x2B07, 0x2AE6,   // 0x5460 (21600) pixels
0x2B07, 0x2AE6, 0x2AE7, 0x2AE7, 0x2286, 0x1A86, 0x1A84, 0x22C5, 0x3305, 0x3B26, 0x3B25, 0x3B25, 0x3B04, 0x3B04, 0x3AA4, 0x3A83,   // 0x5470 (21616) pixels
0x3243, 0x2A03, 0x21A2, 0x1142, 0x10E1, 0x08C1, 0x08A1, 0x0880, 0x0060, 0x0040, 0x0040, 0x0840, 0x0020, 0x0000, 0x0000, 0x0000,   // 0x5480 (21632) pixels
0x0000, 0x0000, 0x0000, 0x0000, 0x0000, 0x0000, 0x0000, 0x0000, 0x0000, 0x0000, 0x0000, 0x0000, 0x0000, 0x0000, 0x0000, 0x0000,   // 0x5490 (21648) pixels
0x0000, 0x0000, 0x0000, 0x0000, 0x0000, 0x0000, 0x0000, 0x0000, 0x0000, 0x0000, 0x0000, 0x0000, 0x0000, 0x0000, 0x0000, 0x0000,   // 0x54A0 (21664) pixels
0x0000, 0x0000, 0x0000, 0x0000, 0x0000, 0x0000, 0x0000, 0x0000, 0x0000, 0x0000, 0x0000, 0x0000, 0x0000, 0x0000, 0x0000, 0x0000,   // 0x54B0 (21680) pixels
0x0000, 0x0000, 0x0000, 0x0000, 0x0000, 0x0000, 0x0000, 0x0000, 0x0000, 0x0000, 0x0000, 0x0000, 0x0000, 0x0000, 0x0000, 0x0000,   // 0x54C0 (21696) pixels
0x0000, 0x0000, 0x0000, 0x0000, 0x0020, 0x0020, 0x0020, 0x0040, 0x0040, 0x0860, 0x0880, 0x0880, 0x08C1, 0x10E1, 0x1102, 0x1141,   // 0x54D0 (21712) pixels
0x1162, 0x19A2, 0x2203, 0x2A43, 0x3284, 0x3AA4, 0x32C4, 0x2AA3, 0x32C3, 0x32E4, 0x2AC4, 0x1A63, 0x2285, 0x1A65, 0x1A85, 0x22A5,   // 0x54E0 (21728) pixels
0x2286, 0x19C4, 0x00C2, 0x0882, 0x0863, 0x0022, 0x0822, 0x18C5, 0x20E6, 0x18A5, 0x0803, 0x0803, 0x20E6, 0x18E6, 0x18E6, 0x0843,   // 0x54F0 (21744) pixels
0x0823, 0x18C5, 0x18E6, 0x2106, 0x18A5, 0x0863, 0x0021, 0x00E2, 0x2246, 0x3307, 0x2B06, 0x2305, 0x2325, 0x3327, 0x2205, 0x0061,   // 0x5500 (21760) pixels
0x1084, 0x20C6, 0x2907, 0x20E7, 0x0843, 0x0002, 0x18E5, 0x2947, 0x2946, 0x18E5, 0x0002, 0x0863, 0x2927, 0x2926, 0x2126, 0x0863,   // 0x5510 (21776) pixels
0x0022, 0x2125, 0x2146, 0x0062, 0x0060, 0x32A7, 0x3306, 0x2B05, 0x22E5, 0x2306, 0x2B06, 0x2B05, 0x22C5, 0x22C5, 0x2AE6, 0x22A5,   // 0x5520 (21792) pixels
0x22A5, 0x22C6, 0x22A5, 0x22A5, 0x22A3, 0x3305, 0x4366, 0x4366, 0x4345, 0x4324, 0x4324, 0x4324, 0x42C3, 0x3A83, 0x3242, 0x29E2,   // 0x5530 (21808) pixels
0x2182, 0x1941, 0x10E1, 0x08C0, 0x0880, 0x0060, 0x0040, 0x0020, 0x0020, 0x0020, 0x0020, 0x0000, 0x0000, 0x0000, 0x0000, 0x0000,   // 0x5540 (21824) pixels
0x0000, 0x0000, 0x0000, 0x0000, 0x0000, 0x0000, 0x0000, 0x0000, 0x0000, 0x0000, 0x0000, 0x0000, 0x0000, 0x0000, 0x0000, 0x0000,   // 0x5550 (21840) pixels
0x0000, 0x0000, 0x0000, 0x0000, 0x0000, 0x0000, 0x0000, 0x0000, 0x0000, 0x0000, 0x0000, 0x0000, 0x0000, 0x0000, 0x0000, 0x0000,   // 0x5560 (21856) pixels
0x0000, 0x0000, 0x0000, 0x0000, 0x0000, 0x0000, 0x0000, 0x0000, 0x0000, 0x0000, 0x0000, 0x0000, 0x0000, 0x0000, 0x0000, 0x0000,   // 0x5570 (21872) pixels
0x0000, 0x0000, 0x0000, 0x0000, 0x0000, 0x0000, 0x0000, 0x0000, 0x0000, 0x0000, 0x0000, 0x0000, 0x0000, 0x0000, 0x0000, 0x0000,   // 0x5580 (21888) pixels
0x0000, 0x0000, 0x0000, 0x0000, 0x0020, 0x0020, 0x0020, 0x0040, 0x0060, 0x0060, 0x00A1, 0x08C1, 0x08E2, 0x1122, 0x1142, 0x1162,   // 0x5590 (21904) pixels
0x19A3, 0x21E3, 0x2A03, 0x3263, 0x3AC4, 0x4304, 0x4324, 0x4345, 0x3B05, 0x32A4, 0x2AC5, 0x1A63, 0x1222, 0x1223, 0x1A24, 0x2225,   // 0x55A0 (21920) pixels
0x1164, 0x0061, 0x0041, 0x0021, 0x0001, 0x0842, 0x0843, 0x1064, 0x0803, 0x1023, 0x1884, 0x1884, 0x1884, 0x0823, 0x0823, 0x1084,   // 0x55B0 (21936) pixels
0x18A5, 0x18A5, 0x0001, 0x0021, 0x08E3, 0x19E5, 0x2AC7, 0x2B07, 0x2B06, 0x2B05, 0x2325, 0x2B27, 0x2266, 0x00C2, 0x0042, 0x0843,   // 0x55C0 (21952) pixels
0x20C6, 0x2907, 0x0843, 0x0823, 0x18C5, 0x20E6, 0x18C5, 0x1044, 0x0002, 0x0844, 0x20E6, 0x20C6, 0x18A5, 0x0823, 0x0002, 0x0883,   // 0x55D0 (21968) pixels
0x0862, 0x0001, 0x00A0, 0x2AA6, 0x2AE6, 0x2B05, 0x2306, 0x22E6, 0x22C5, 0x22C4, 0x1A85, 0x22A6, 0x2B06, 0x2B05, 0x2B05, 0x3365,   // 0x55E0 (21984) pixels
0x3344, 0x3344, 0x3304, 0x3B25, 0x4345, 0x3B04, 0x3AE4, 0x4304, 0x4304, 0x42C3, 0x3A83, 0x3A42, 0x31E2, 0x29A1, 0x2161, 0x1941,   // 0x55F0 (22000) pixels
0x10E1, 0x10C0, 0x0881, 0x0860, 0x0040, 0x0020, 0x0020, 0x0000, 0x0000, 0x0000, 0x0000, 0x0000, 0x0000, 0x0000, 0x0000, 0x0000,   // 0x5600 (22016) pixels
0x0000, 0x0000, 0x0000, 0x0000, 0x0000, 0x0000, 0x0000, 0x0000, 0x0000, 0x0000, 0x0000, 0x0000, 0x0000, 0x0000, 0x0000, 0x0000,   // 0x5610 (22032) pixels
0x0000, 0x0000, 0x0000, 0x0000, 0x0000, 0x0000, 0x0000, 0x0000, 0x0000, 0x0000, 0x0000, 0x0000, 0x0000, 0x0000, 0x0000, 0x0000,   // 0x5620 (22048) pixels
0x0000, 0x0000, 0x0000, 0x0000, 0x0000, 0x0000, 0x0000, 0x0000, 0x0000, 0x0000, 0x0000, 0x0000, 0x0000, 0x0000, 0x0000, 0x0000,   // 0x5630 (22064) pixels
0x0000, 0x0000, 0x0000, 0x0000, 0x0000, 0x0000, 0x0000, 0x0000, 0x0000, 0x0000, 0x0000, 0x0000, 0x0000, 0x0000, 0x0000, 0x0000,   // 0x5640 (22080) pixels
0x0000, 0x0000, 0x0000, 0x0020, 0x0020, 0x0040, 0x0040, 0x0060, 0x0081, 0x08A1, 0x08C1, 0x08E2, 0x0902, 0x1142, 0x1963, 0x1983,   // 0x5650 (22096) pixels
0x1982, 0x2A03, 0x3AA4, 0x42E3, 0x4304, 0x4325, 0x4305, 0x42E5, 0x3B25, 0x2AC3, 0x1A62, 0x1A22, 0x11E3, 0x2205, 0x21E5, 0x0923,   // 0x5660 (22112) pixels
0x1144, 0x1124, 0x0081, 0x0041, 0x0001, 0x0001, 0x0001, 0x0001, 0x0801, 0x0801, 0x0802, 0x0001, 0x0001, 0x0802, 0x0802, 0x0822,   // 0x5670 (22128) pixels
0x0020, 0x0902, 0x2226, 0x2AA7, 0x22A6, 0x22C6, 0x2AE6, 0x22E5, 0x22E5, 0x2B06, 0x32E7, 0x19E5, 0x1103, 0x0042, 0x0022, 0x0002,   // 0x5680 (22144) pixels
0x0002, 0x0002, 0x1044, 0x1885, 0x1865, 0x1024, 0x0803, 0x1024, 0x2086, 0x1865, 0x1065, 0x0823, 0x0002, 0x0001, 0x0042, 0x1925,   // 0x5690 (22160) pixels
0x09A4, 0x2AC7, 0x22A5, 0x22C5, 0x22C6, 0x1AA5, 0x1A84, 0x22C4, 0x22A3, 0x3305, 0x4386, 0x43A6, 0x4BC6, 0x4C06, 0x4BC5, 0x43A4,   // 0x56A0 (22176) pixels
0x3B05, 0x3B05, 0x32C4, 0x3263, 0x3262, 0x3A83, 0x3A83, 0x3242, 0x3202, 0x29E2, 0x2981, 0x2141, 0x1921, 0x18E0, 0x10C0, 0x0880,   // 0x56B0 (22192) pixels
0x0881, 0x0860, 0x0040, 0x0020, 0x0000, 0x0000, 0x0000, 0x0000, 0x0000, 0x0000, 0x0000, 0x0000, 0x0000, 0x0000, 0x0000, 0x0000,   // 0x56C0 (22208) pixels
0x0000, 0x0000, 0x0000, 0x0000, 0x0000, 0x0000, 0x0000, 0x0000, 0x0000, 0x0000, 0x0000, 0x0000, 0x0000, 0x0000, 0x0000, 0x0000,   // 0x56D0 (22224) pixels
0x0000, 0x0000, 0x0000, 0x0000, 0x0000, 0x0000, 0x0000, 0x0000, 0x0000, 0x0000, 0x0000, 0x0000, 0x0000, 0x0000, 0x0000, 0x0000,   // 0x56E0 (22240) pixels
0x0000, 0x0000, 0x0000, 0x0000, 0x0000, 0x0000, 0x0000, 0x0000, 0x0000, 0x0000, 0x0000, 0x0000, 0x0000, 0x0000, 0x0000, 0x0000,   // 0x56F0 (22256) pixels
0x0000, 0x0000, 0x0000, 0x0000, 0x0000, 0x0000, 0x0000, 0x0000, 0x0000, 0x0000, 0x0000, 0x0000, 0x0000, 0x0000, 0x0000, 0x0000,   // 0x5700 (22272) pixels
0x0000, 0x0020, 0x0020, 0x0040, 0x0040, 0x0040, 0x0081, 0x0080, 0x0081, 0x08A1, 0x08A1, 0x10E1, 0x1122, 0x1943, 0x1962, 0x21C3,   // 0x5710 (22288) pixels
0x2A03, 0x2A22, 0x2A22, 0x3263, 0x3AA4, 0x3AC5, 0x3B24, 0x3B04, 0x3AE5, 0x3AE5, 0x2244, 0x19C3, 0x21E4, 0x19E4, 0x21E4, 0x2A25,   // 0x5720 (22304) pixels
0x1983, 0x1143, 0x0902, 0x08E3, 0x0082, 0x0061, 0x0020, 0x0020, 0x0041, 0x0041, 0x0041, 0x0041, 0x0861, 0x0861, 0x1183, 0x2205,   // 0x5730 (22320) pixels
0x2AA6, 0x2AA6, 0x1A85, 0x1AA5, 0x22C5, 0x1AA5, 0x1AC4, 0x22C5, 0x3307, 0x32C7, 0x2A67, 0x1143, 0x00A1, 0x0040, 0x0883, 0x0001,   // 0x5740 (22336) pixels
0x0001, 0x0002, 0x0022, 0x0803, 0x0002, 0x0803, 0x0803, 0x0002, 0x0022, 0x0842, 0x0862, 0x0041, 0x00A2, 0x3228, 0x22A7, 0x2B07,   // 0x5750 (22352) pixels
0x1A84, 0x2AE5, 0x2AC6, 0x2AE6, 0x3B47, 0x43A7, 0x5405, 0x5406, 0x5C27, 0x4BC6, 0x4365, 0x3B45, 0x32E4, 0x2AA4, 0x32A5, 0x32A5,   // 0x5760 (22368) pixels
0x3284, 0x2A23, 0x2A02, 0x2A03, 0x29E2, 0x29C2, 0x29A2, 0x2181, 0x1941, 0x1901, 0x10E1, 0x10A0, 0x0880, 0x0860, 0x0840, 0x0040,   // 0x5770 (22384) pixels
0x0020, 0x0020, 0x0000, 0x0000, 0x0000, 0x0000, 0x0000, 0x0000, 0x0000, 0x0000, 0x0000, 0x0000, 0x0000, 0x0000, 0x0000, 0x0000,   // 0x5780 (22400) pixels
0x0000, 0x0000, 0x0000, 0x0000, 0x0000, 0x0000, 0x0000, 0x0000, 0x0000, 0x0000, 0x0000, 0x0000, 0x0000, 0x0000, 0x0000, 0x0000,   // 0x5790 (22416) pixels
0x0000, 0x0000, 0x0000, 0x0000, 0x0000, 0x0000, 0x0000, 0x0000, 0x0000, 0x0000, 0x0000, 0x0000, 0x0000, 0x0000, 0x0000, 0x0000,   // 0x57A0 (22432) pixels
0x0000, 0x0000, 0x0000, 0x0000, 0x0000, 0x0000, 0x0000, 0x0000, 0x0000, 0x0000, 0x0000, 0x0000, 0x0000, 0x0000, 0x0000, 0x0000,   // 0x57B0 (22448) pixels
0x0000, 0x0000, 0x0000, 0x0000, 0x0000, 0x0000, 0x0000, 0x0000, 0x0000, 0x0000, 0x0000, 0x0000, 0x0000, 0x0000, 0x0000, 0x0020,   // 0x57C0 (22464) pixels
0x0020, 0x0020, 0x0040, 0x0040, 0x0860, 0x0060, 0x0060, 0x0880, 0x08A1, 0x10C1, 0x18E2, 0x1902, 0x1943, 0x1983, 0x1983, 0x21A2,   // 0x57D0 (22480) pixels
0x21C2, 0x2A02, 0x3263, 0x3263, 0x2A63, 0x3284, 0x3AA4, 0x42E6, 0x3285, 0x19C2, 0x19E2, 0x2223, 0x2202, 0x2A64, 0x19E3, 0x21E4,   // 0x57E0 (22496) pixels
0x2204, 0x2205, 0x19C4, 0x11A4, 0x21E5, 0x19C4, 0x19C4, 0x21E5, 0x2205, 0x21E5, 0x2205, 0x2226, 0x2285, 0x1A65, 0x2265, 0x2285,   // 0x57F0 (22512) pixels
0x22A5, 0x22C5, 0x22C5, 0x22C5, 0x22C5, 0x1AA4, 0x22A5, 0x22A5, 0x2AC6, 0x2265, 0x2245, 0x2225, 0x2A06, 0x1163, 0x00C1, 0x0060,   // 0x5800 (22528) pixels
0x0061, 0x0082, 0x0061, 0x0882, 0x0082, 0x0061, 0x00A2, 0x1164, 0x2A46, 0x2A66, 0x2245, 0x32E7, 0x1AA5, 0x22C4, 0x2282, 0x3B45,   // 0x5810 (22544) pixels
0x3B26, 0x4347, 0x4BC7, 0x4BE6, 0x5C06, 0x53C5, 0x53A5, 0x4325, 0x3AC5, 0x32A5, 0x2A45, 0x2A45, 0x2224, 0x2224, 0x2204, 0x21E3,   // 0x5820 (22560) pixels
0x19A3, 0x1982, 0x1962, 0x1942, 0x1942, 0x1921, 0x1101, 0x10C1, 0x08A1, 0x0881, 0x0061, 0x0040, 0x0020, 0x0020, 0x0020, 0x0000,   // 0x5830 (22576) pixels
0x0000, 0x0000, 0x0000, 0x0000, 0x0000, 0x0000, 0x0000, 0x0000, 0x0000, 0x0000, 0x0000, 0x0000, 0x0000, 0x0000, 0x0000, 0x0000,   // 0x5840 (22592) pixels
0x0000, 0x0000, 0x0000, 0x0000, 0x0000, 0x0000, 0x0000, 0x0000, 0x0000, 0x0000, 0x0000, 0x0000, 0x0000, 0x0000, 0x0000, 0x0000,   // 0x5850 (22608) pixels
0x0000, 0x0000, 0x0000, 0x0000, 0x0000, 0x0000, 0x0000, 0x0000, 0x0000, 0x0000, 0x0000, 0x0000, 0x0000, 0x0000, 0x0000, 0x0000,   // 0x5860 (22624) pixels
0x0000, 0x0000, 0x0000, 0x0000, 0x0000, 0x0000, 0x0000, 0x0000, 0x0000, 0x0000, 0x0000, 0x0000, 0x0000, 0x0000, 0x0000, 0x0000,   // 0x5870 (22640) pixels
0x0000, 0x0000, 0x0000, 0x0000, 0x0000, 0x0000, 0x0000, 0x0000, 0x0000, 0x0000, 0x0000, 0x0000, 0x0000, 0x0020, 0x0020, 0x0020,   // 0x5880 (22656) pixels
0x0020, 0x0020, 0x0840, 0x0840, 0x0860, 0x1081, 0x10C1, 0x18E1, 0x18E1, 0x18C1, 0x08E2, 0x0902, 0x1122, 0x1942, 0x21A2, 0x29E3,   // 0x5890 (22672) pixels
0x2A02, 0x21E1, 0x21C2, 0x29E3, 0x21E2, 0x3244, 0x3AA5, 0x3263, 0x3283, 0x32C3, 0x32C4, 0x3AE5, 0x1A02, 0x11C2, 0x11C2, 0x11C3,   // 0x58A0 (22688) pixels
0x11C3, 0x11C4, 0x1224, 0x0A03, 0x0A03, 0x1224, 0x1244, 0x1224, 0x1244, 0x1A65, 0x1244, 0x1A64, 0x1A64, 0x2285, 0x22A5, 0x2AE6,   // 0x58B0 (22704) pixels
0x2B07, 0x2B27, 0x2AE6, 0x22C5, 0x1AA5, 0x1264, 0x22C5, 0x2285, 0x22A5, 0x2AA6, 0x2AE6, 0x2285, 0x2265, 0x2265, 0x2A66, 0x2A46,   // 0x58C0 (22720) pixels
0x2A26, 0x2A26, 0x2A46, 0x2225, 0x2245, 0x1A44, 0x22A5, 0x22E5, 0x1283, 0x1AA3, 0x43A7, 0x43A6, 0x3B84, 0x5407, 0x4BA6, 0x4B86,   // 0x58D0 (22736) pixels
0x4BC5, 0x43A3, 0x3AA3, 0x3283, 0x3AA4, 0x3284, 0x3265, 0x3265, 0x2A24, 0x2A25, 0x11C4, 0x1183, 0x1163, 0x1143, 0x1122, 0x1102,   // 0x58E0 (22752) pixels
0x08E1, 0x08E1, 0x08C0, 0x08C0, 0x08A0, 0x0081, 0x0061, 0x0040, 0x0041, 0x0021, 0x0020, 0x0020, 0x0000, 0x0000, 0x0000, 0x0000,   // 0x58F0 (22768) pixels
0x0000, 0x0000, 0x0000, 0x0000, 0x0000, 0x0000, 0x0000, 0x0000, 0x0000, 0x0000, 0x0000, 0x0000, 0x0000, 0x0000, 0x0000, 0x0000,   // 0x5900 (22784) pixels
0x0000, 0x0000, 0x0000, 0x0000, 0x0000, 0x0000, 0x0000, 0x0000, 0x0000, 0x0000, 0x0000, 0x0000, 0x0000, 0x0000, 0x0000, 0x0000,   // 0x5910 (22800) pixels
0x0000, 0x0000, 0x0000, 0x0000, 0x0000, 0x0000, 0x0000, 0x0000, 0x0000, 0x0000, 0x0000, 0x0000, 0x0000, 0x0000, 0x0000, 0x0000,   // 0x5920 (22816) pixels
0x0000, 0x0000, 0x0000, 0x0000, 0x0000, 0x0000, 0x0000, 0x0000, 0x0000, 0x0000, 0x0000, 0x0000, 0x0000, 0x0000, 0x0000, 0x0000,   // 0x5930 (22832) pixels
0x0000, 0x0000, 0x0000, 0x0000, 0x0000, 0x0000, 0x0000, 0x0000, 0x0000, 0x0000, 0x0000, 0x0000, 0x0000, 0x0000, 0x0020, 0x0020,   // 0x5940 (22848) pixels
0x0040, 0x0040, 0x0060, 0x0861, 0x0881, 0x0881, 0x08A1, 0x10A1, 0x08C1, 0x08E1, 0x0901, 0x1122, 0x1142, 0x1142, 0x1142, 0x1142,   // 0x5950 (22864) pixels
0x1162, 0x1983, 0x19A3, 0x21C3, 0x2A04, 0x2A24, 0x2A03, 0x2A23, 0x3263, 0x3263, 0x3284, 0x3284, 0x3263, 0x2A43, 0x2A23, 0x2223,   // 0x5960 (22880) pixels
0x2224, 0x2224, 0x2244, 0x2264, 0x2A63, 0x2A63, 0x2A63, 0x2A63, 0x2284, 0x2AA4, 0x32E4, 0x3305, 0x3B45, 0x3B65, 0x4385, 0x43A5,   // 0x5970 (22896) pixels
0x4365, 0x4365, 0x4386, 0x4386, 0x4365, 0x43A6, 0x4365, 0x2AC3, 0x1A65, 0x1A65, 0x2265, 0x2286, 0x2286, 0x2286, 0x2286, 0x2286,   // 0x5980 (22912) pixels
0x2284, 0x2AA5, 0x32E5, 0x3B25, 0x3B05, 0x3305, 0x32E4, 0x32E4, 0x5BE7, 0x53A6, 0x4B86, 0x4B45, 0x4325, 0x4305, 0x4305, 0x3AA4,   // 0x5990 (22928) pixels
0x2244, 0x3224, 0x4204, 0x51C4, 0x51A4, 0x5184, 0x4983, 0x4183, 0x2963, 0x1943, 0x1122, 0x0922, 0x0922, 0x0902, 0x10C1, 0x10A0,   // 0x59A0 (22944) pixels
0x0881, 0x0881, 0x0060, 0x0040, 0x0040, 0x0020, 0x0020, 0x0020, 0x0000, 0x0000, 0x0000, 0x0000, 0x0000, 0x0000, 0x0000, 0x0000,   // 0x59B0 (22960) pixels
0x0000, 0x0000, 0x0000, 0x0000, 0x0000, 0x0000, 0x0000, 0x0000, 0x0000, 0x0000, 0x0000, 0x0000, 0x0000, 0x0000, 0x0000, 0x0000,   // 0x59C0 (22976) pixels
0x0000, 0x0000, 0x0000, 0x0000, 0x0000, 0x0000, 0x0000, 0x0000, 0x0000, 0x0000, 0x0000, 0x0000, 0x0000, 0x0000, 0x0000, 0x0000,   // 0x59D0 (22992) pixels
0x0000, 0x0000, 0x0000, 0x0000, 0x0000, 0x0000, 0x0000, 0x0000, 0x0000, 0x0000, 0x0000, 0x0000, 0x0000, 0x0000, 0x0000, 0x0000,   // 0x59E0 (23008) pixels
0x0000, 0x0000, 0x0000, 0x0000, 0x0000, 0x0000, 0x0000, 0x0000, 0x0000, 0x0000, 0x0000, 0x0000, 0x0000, 0x0000, 0x0000, 0x0000,   // 0x59F0 (23024) pixels
0x0000, 0x0000, 0x0000, 0x0000, 0x0000, 0x0000, 0x0000, 0x0000, 0x0000, 0x0000, 0x0000, 0x0000, 0x0020, 0x0020, 0x0020, 0x0020,   // 0x5A00 (23040) pixels
0x0040, 0x0040, 0x0060, 0x0861, 0x0861, 0x0881, 0x00A0, 0x00C1, 0x08C1, 0x08E1, 0x0902, 0x1102, 0x0902, 0x0902, 0x1102, 0x1142,   // 0x5A10 (23056) pixels
0x1142, 0x1962, 0x1983, 0x21A2, 0x1982, 0x21A2, 0x21C2, 0x21E2, 0x2A03, 0x2A23, 0x2A23, 0x2A03, 0x2A23, 0x2A24, 0x3285, 0x3285,   // 0x5A20 (23072) pixels
0x32A5, 0x32C5, 0x3AC5, 0x3AE5, 0x3AE5, 0x3AE4, 0x4345, 0x4345, 0x4365, 0x4B85, 0x53E6, 0x5406, 0x5406, 0x53E5, 0x5C46, 0x5C26,   // 0x5A30 (23088) pixels
0x5C25, 0x5C26, 0x5C26, 0x5C46, 0x5C26, 0x53E5, 0x3B44, 0x3B44, 0x3B44, 0x3B44, 0x3B44, 0x3B45, 0x3B24, 0x3B24, 0x3325, 0x3B65,   // 0x5A40 (23104) pixels
0x43A6, 0x43A6, 0x43A6, 0x43A6, 0x43C6, 0x4BC6, 0x3B25, 0x32E4, 0x32C4, 0x32C4, 0x2A84, 0x2A84, 0x2A84, 0x2A44, 0x1A24, 0x2204,   // 0x5A50 (23120) pixels
0x31E4, 0x39A4, 0x4184, 0x3963, 0x3163, 0x3163, 0x1902, 0x1102, 0x08E1, 0x00E1, 0x00E1, 0x08C1, 0x08A0, 0x0860, 0x0060, 0x0060,   // 0x5A60 (23136) pixels
0x0060, 0x0040, 0x0040, 0x0020, 0x0020, 0x0000, 0x0000, 0x0000, 0x0000, 0x0000, 0x0000, 0x0000, 0x0000, 0x0000, 0x0000, 0x0000,   // 0x5A70 (23152) pixels
0x0000, 0x0000, 0x0000, 0x0000, 0x0000, 0x0000, 0x0000, 0x0000, 0x0000, 0x0000, 0x0000, 0x0000, 0x0000, 0x0000, 0x0000, 0x0000,   // 0x5A80 (23168) pixels
0x0000, 0x0000, 0x0000, 0x0000, 0x0000, 0x0000, 0x0000, 0x0000, 0x0000, 0x0000, 0x0000, 0x0000, 0x0000, 0x0000, 0x0000, 0x0000,   // 0x5A90 (23184) pixels
0x0000, 0x0000, 0x0000, 0x0000, 0x0000, 0x0000, 0x0000, 0x0000, 0x0000, 0x0000, 0x0000, 0x0000, 0x0000, 0x0000, 0x0000, 0x0000,   // 0x5AA0 (23200) pixels
0x0000, 0x0000, 0x0000, 0x0000, 0x0000, 0x0000, 0x0000, 0x0000, 0x0000, 0x0000, 0x0000, 0x0000, 0x0000, 0x0000, 0x0000, 0x0000,   // 0x5AB0 (23216) pixels
0x0000, 0x0000, 0x0000, 0x0000, 0x0000, 0x0000, 0x0000, 0x0000, 0x0000, 0x0000, 0x0000, 0x0020, 0x0020, 0x0040, 0x0040, 0x0040,   // 0x5AC0 (23232) pixels
0x0040, 0x0060, 0x0860, 0x0860, 0x0081, 0x0881, 0x08A1, 0x08C2, 0x08C2, 0x08E2, 0x08E2, 0x08E2, 0x1102, 0x1123, 0x1123, 0x1122,   // 0x5AD0 (23248) pixels
0x1942, 0x1942, 0x1142, 0x1942, 0x1141, 0x1942, 0x1962, 0x1983, 0x1982, 0x1983, 0x1983, 0x19A3, 0x19C2, 0x19C2, 0x21E2, 0x2203,   // 0x5AE0 (23264) pixels
0x2A43, 0x3263, 0x3284, 0x32A4, 0x3AE4, 0x3AC3, 0x3AC3, 0x4303, 0x4B65, 0x5385, 0x4B64, 0x4323, 0x53C5, 0x4B84, 0x4B63, 0x4B84,   // 0x5AF0 (23280) pixels
0x53A4, 0x4BA4, 0x4BA4, 0x53E5, 0x5C05, 0x5C05, 0x5C05, 0x5C06, 0x5BE6, 0x53E5, 0x53C5, 0x53C5, 0x4385, 0x43A5, 0x4385, 0x3B65,   // 0x5B00 (23296) pixels
0x3B24, 0x32E3, 0x2AC3, 0x2AC3, 0x2AA5, 0x2264, 0x2264, 0x2264, 0x2244, 0x2245, 0x2245, 0x2224, 0x11A3, 0x11A3, 0x1963, 0x1942,   // 0x5B10 (23312) pixels
0x1922, 0x1922, 0x1902, 0x1922, 0x10C2, 0x10C2, 0x08C1, 0x00C1, 0x00C1, 0x00A1, 0x0861, 0x0840, 0x0040, 0x0040, 0x0040, 0x0020,   // 0x5B20 (23328) pixels
0x0020, 0x0020, 0x0000, 0x0000, 0x0000, 0x0000, 0x0000, 0x0000, 0x0000, 0x0000, 0x0000, 0x0000, 0x0000, 0x0000, 0x0000, 0x0000,   // 0x5B30 (23344) pixels
0x0000, 0x0000, 0x0000, 0x0000, 0x0000, 0x0000, 0x0000, 0x0000, 0x0000, 0x0000, 0x0000, 0x0000, 0x0000, 0x0000, 0x0000, 0x0000,   // 0x5B40 (23360) pixels
0x0000, 0x0000, 0x0000, 0x0000, 0x0000, 0x0000, 0x0000, 0x0000, 0x0000, 0x0000, 0x0000, 0x0000, 0x0000, 0x0000, 0x0000, 0x0000,   // 0x5B50 (23376) pixels
0x0000, 0x0000, 0x0000, 0x0000, 0x0000, 0x0000, 0x0000, 0x0000, 0x0000, 0x0000, 0x0000, 0x0000, 0x0000, 0x0000, 0x0000, 0x0000,   // 0x5B60 (23392) pixels
0x0000, 0x0000, 0x0000, 0x0000, 0x0000, 0x0000, 0x0000, 0x0000, 0x0000, 0x0000, 0x0000, 0x0000, 0x0000, 0x0000, 0x0000, 0x0000,   // 0x5B70 (23408) pixels
0x0000, 0x0000, 0x0000, 0x0000, 0x0000, 0x0000, 0x0000, 0x0000, 0x0000, 0x0000, 0x0020, 0x0020, 0x0020, 0x0020, 0x0040, 0x0040,   // 0x5B80 (23424) pixels
0x0040, 0x0040, 0x0061, 0x0061, 0x0081, 0x0881, 0x0881, 0x0881, 0x0881, 0x0081, 0x0881, 0x08A2, 0x08A1, 0x08A1, 0x08C1, 0x08A1,   // 0x5B90 (23440) pixels
0x08A1, 0x08C1, 0x10E2, 0x1102, 0x1102, 0x1102, 0x1102, 0x1102, 0x1103, 0x1123, 0x1142, 0x1142, 0x1962, 0x1983, 0x21A3, 0x29E4,   // 0x5BA0 (23456) pixels
0x2A04, 0x3225, 0x3244, 0x2A03, 0x2A03, 0x3223, 0x3A84, 0x42A5, 0x3A84, 0x3243, 0x3AA5, 0x3A85, 0x3264, 0x3A84, 0x3AA5, 0x3A85,   // 0x5BB0 (23472) pixels
0x3A85, 0x42E6, 0x42C5, 0x42C5, 0x42C5, 0x42A5, 0x3AA5, 0x3AA5, 0x3A84, 0x3A84, 0x42E5, 0x3AC5, 0x3AA5, 0x3285, 0x3244, 0x2A24,   // 0x5BC0 (23488) pixels
0x2204, 0x21E4, 0x21E5, 0x21E4, 0x19C4, 0x19A4, 0x19A4, 0x19A4, 0x1984, 0x1984, 0x1123, 0x1123, 0x1122, 0x0902, 0x08E2, 0x08E2,   // 0x5BD0 (23504) pixels
0x08E1, 0x08E1, 0x0861, 0x0861, 0x0081, 0x0081, 0x0081, 0x0061, 0x0041, 0x0020, 0x0020, 0x0020, 0x0020, 0x0020, 0x0000, 0x0000,   // 0x5BE0 (23520) pixels
0x0000, 0x0000, 0x0000, 0x0000, 0x0000, 0x0000, 0x0000, 0x0000, 0x0000, 0x0000, 0x0000, 0x0000, 0x0000, 0x0000, 0x0000, 0x0000,   // 0x5BF0 (23536) pixels
0x0000, 0x0000, 0x0000, 0x0000, 0x0000, 0x0000, 0x0000, 0x0000, 0x0000, 0x0000, 0x0000, 0x0000, 0x0000, 0x0000, 0x0000, 0x0000,   // 0x5C00 (23552) pixels
0x0000, 0x0000, 0x0000, 0x0000, 0x0000, 0x0000, 0x0000, 0x0000, 0x0000, 0x0000, 0x0000, 0x0000, 0x0000, 0x0000, 0x0000, 0x0000,   // 0x5C10 (23568) pixels
0x0000, 0x0000, 0x0000, 0x0000, 0x0000, 0x0000, 0x0000, 0x0000, 0x0000, 0x0000, 0x0000, 0x0000, 0x0000, 0x0000, 0x0000, 0x0000,   // 0x5C20 (23584) pixels
0x0000, 0x0000, 0x0000, 0x0000, 0x0000, 0x0000, 0x0000, 0x0000, 0x0000, 0x0000, 0x0000, 0x0000, 0x0000, 0x0000, 0x0000, 0x0000,   // 0x5C30 (23600) pixels
0x0000, 0x0000, 0x0000, 0x0000, 0x0000, 0x0000, 0x0000, 0x0000, 0x0000, 0x0000, 0x0000, 0x0000, 0x0000, 0x0000, 0x0000, 0x0000,   // 0x5C40 (23616) pixels
0x0000, 0x0000, 0x0020, 0x0020, 0x0020, 0x0020, 0x0020, 0x0020, 0x0020, 0x0020, 0x0020, 0x0040, 0x0020, 0x0020, 0x0020, 0x0020,   // 0x5C50 (23632) pixels
0x0000, 0x0000, 0x0020, 0x0020, 0x0020, 0x0021, 0x0041, 0x0041, 0x0040, 0x0040, 0x0040, 0x0040, 0x0041, 0x0060, 0x0061, 0x0061,   // 0x5C60 (23648) pixels
0x0861, 0x0041, 0x0040, 0x0061, 0x0881, 0x08A1, 0x0881, 0x0881, 0x0081, 0x08A2, 0x0081, 0x0081, 0x08A2, 0x0881, 0x0081, 0x08C2,   // 0x5C70 (23664) pixels
0x0081, 0x0081, 0x0081, 0x0081, 0x0081, 0x0061, 0x0061, 0x0061, 0x0860, 0x0861, 0x0861, 0x0861, 0x0862, 0x0862, 0x0862, 0x0862,   // 0x5C80 (23680) pixels
0x0061, 0x0061, 0x0040, 0x0040, 0x0040, 0x0020, 0x0020, 0x0020, 0x0020, 0x0020, 0x0040, 0x0040, 0x0040, 0x0020, 0x0020, 0x0000,   // 0x5C90 (23696) pixels
0x0000, 0x0000, 0x0020, 0x0020, 0x0020, 0x0000, 0x0000, 0x0000, 0x0000, 0x0000, 0x0000, 0x0000, 0x0000, 0x0000, 0x0000, 0x0000,   // 0x5CA0 (23712) pixels
0x0000, 0x0000, 0x0000, 0x0000, 0x0000, 0x0000, 0x0000, 0x0000, 0x0000, 0x0000, 0x0000, 0x0000, 0x0000, 0x0000, 0x0000, 0x0000,   // 0x5CB0 (23728) pixels
0x0000, 0x0000, 0x0000, 0x0000, 0x0000, 0x0000, 0x0000, 0x0000, 0x0000, 0x0000, 0x0000, 0x0000, 0x0000, 0x0000, 0x0000, 0x0000,   // 0x5CC0 (23744) pixels
0x0000, 0x0000, 0x0000, 0x0000, 0x0000, 0x0000, 0x0000, 0x0000, 0x0000, 0x0000, 0x0000, 0x0000, 0x0000, 0x0000, 0x0000, 0x0000,   // 0x5CD0 (23760) pixels
0x0000, 0x0000, 0x0000, 0x0000, 0x0000, 0x0000, 0x0000, 0x0000, 0x0000, 0x0000, 0x0000, 0x0000, 0x0000, 0x0000, 0x0000, 0x0000,   // 0x5CE0 (23776) pixels
0x0000, 0x0000, 0x0000, 0x0000, 0x0000, 0x0000, 0x0000, 0x0000, 0x0000, 0x0000, 0x0000, 0x0000, 0x0000, 0x0000, 0x0000, 0x0000,   // 0x5CF0 (23792) pixels
0x0000, 0x0000, 0x0000, 0x0000, 0x0000, 0x0000, 0x0000, 0x0000, 0x0000, 0x0000, 0x0000, 0x0000, 0x0000, 0x0000, 0x0000, 0x0000,   // 0x5D00 (23808) pixels
0x0000, 0x0000, 0x0000, 0x0000, 0x0000, 0x0000, 0x0000, 0x0000, 0x0020, 0x0020, 0x0000, 0x0000, 0x0020, 0x0000, 0x0000, 0x0000,   // 0x5D10 (23824) pixels
0x0000, 0x0000, 0x0000, 0x0001, 0x0021, 0x0021, 0x0001, 0x0001, 0x0001, 0x0001, 0x0001, 0x0001, 0x0001, 0x0001, 0x0002, 0x0002,   // 0x5D20 (23840) pixels
0x0002, 0x0002, 0x0001, 0x0001, 0x0002, 0x0022, 0x0001, 0x0021, 0x0021, 0x0001, 0x0001, 0x0021, 0x0001, 0x0001, 0x0001, 0x0022,   // 0x5D30 (23856) pixels
0x0022, 0x0022, 0x0022, 0x0002, 0x0002, 0x0002, 0x0001, 0x0802, 0x0802, 0x0802, 0x0802, 0x0802, 0x0002, 0x0002, 0x0000, 0x0021,   // 0x5D40 (23872) pixels
0x0000, 0x0000, 0x0001, 0x0000, 0x0000, 0x0000, 0x0800, 0x0000, 0x0000, 0x0000, 0x0020, 0x0000, 0x0000, 0x0000, 0x0000, 0x0000,   // 0x5D50 (23888) pixels
0x0000, 0x0000, 0x0000, 0x0000, 0x0000, 0x0000, 0x0000, 0x0000, 0x0000, 0x0000, 0x0000, 0x0000, 0x0000, 0x0000, 0x0000, 0x0000,   // 0x5D60 (23904) pixels
0x0000, 0x0000, 0x0000, 0x0000, 0x0000, 0x0000, 0x0000, 0x0000, 0x0000, 0x0000, 0x0000, 0x0000, 0x0000, 0x0000, 0x0000, 0x0000,   // 0x5D70 (23920) pixels
0x0000, 0x0000, 0x0000, 0x0000, 0x0000, 0x0000, 0x0000, 0x0000, 0x0000, 0x0000, 0x0000, 0x0000, 0x0000, 0x0000, 0x0000, 0x0000,   // 0x5D80 (23936) pixels
0x0000, 0x0000, 0x0000, 0x0000, 0x0000, 0x0000, 0x0000, 0x0000, 0x0000, 0x0000, 0x0000, 0x0000, 0x0000, 0x0000, 0x0000, 0x0000,   // 0x5D90 (23952) pixels
0x0000, 0x0000, 0x0000, 0x0000, 0x0000, 0x0000, 0x0000, 0x0000, 0x0000, 0x0000, 0x0000, 0x0000, 0x0000, 0x0000, 0x0000, 0x0000,   // 0x5DA0 (23968) pixels
0x0000, 0x0000, 0x0000, 0x0000, 0x0000, 0x0000, 0x0000, 0x0000, 0x0000, 0x0000, 0x0000, 0x0000, 0x0000, 0x0000, 0x0000, 0x0000,   // 0x5DB0 (23984) pixels
0x0000, 0x0000, 0x0000, 0x0000, 0x0000, 0x0000, 0x0000, 0x0000, 0x0000, 0x0000, 0x0000, 0x0000, 0x0000, 0x0000, 0x0000, 0x0000,   // 0x5DC0 (24000) pixels
0x0000, 0x0000, 0x0000, 0x0000, 0x0000, 0x0000, 0x0000, 0x0000, 0x0000, 0x0000, 0x0000, 0x0000, 0x0000, 0x0000, 0x0000, 0x0000,   // 0x5DD0 (24016) pixels
0x0000, 0x0000, 0x0000, 0x0000, 0x0000, 0x0000, 0x0000, 0x0000, 0x0000, 0x0000, 0x0000, 0x0000, 0x0000, 0x0001, 0x0001, 0x0000,   // 0x5DE0 (24032) pixels
0x0000, 0x0000, 0x0000, 0x0001, 0x0000, 0x0000, 0x0000, 0x0000, 0x0000, 0x0000, 0x0000, 0x0000, 0x0000, 0x0000, 0x0000, 0x0000,   // 0x5DF0 (24048) pixels
0x0000, 0x0000, 0x0000, 0x0000, 0x0001, 0x0001, 0x0001, 0x0001, 0x0000, 0x0000, 0x0000, 0x0000, 0x0000, 0x0000, 0x0000, 0x0000,   // 0x5E00 (24064) pixels
0x0000, 0x0000, 0x0000, 0x0000, 0x0000, 0x0000, 0x0000, 0x0000, 0x0000, 0x0000, 0x0000, 0x0000, 0x0000, 0x0000, 0x0000, 0x0000,   // 0x5E10 (24080) pixels
0x0000, 0x0000, 0x0000, 0x0000, 0x0000, 0x0000, 0x0000, 0x0000, 0x0000, 0x0000, 0x0000, 0x0000, 0x0000, 0x0000, 0x0000, 0x0000,   // 0x5E20 (24096) pixels
0x0000, 0x0000, 0x0000, 0x0000, 0x0000, 0x0000, 0x0000, 0x0000, 0x0000, 0x0000, 0x0000, 0x0000, 0x0000, 0x0000, 0x0000, 0x0000,   // 0x5E30 (24112) pixels
0x0000, 0x0000, 0x0000, 0x0000, 0x0000, 0x0000, 0x0000, 0x0000, 0x0000, 0x0000, 0x0000, 0x0000, 0x0000, 0x0000, 0x0000, 0x0000,   // 0x5E40 (24128) pixels
0x0000, 0x0000, 0x0000, 0x0000, 0x0000, 0x0000, 0x0000, 0x0000, 0x0000, 0x0000, 0x0000, 0x0000, 0x0000, 0x0000, 0x0000, 0x0000,   // 0x5E50 (24144) pixels
0x0000, 0x0000, 0x0000, 0x0000, 0x0000, 0x0000, 0x0000, 0x0000, 0x0000, 0x0000, 0x0000, 0x0000, 0x0000, 0x0000, 0x0000, 0x0000,   // 0x5E60 (24160) pixels
0x0000, 0x0000, 0x0000, 0x0000, 0x0000, 0x0000, 0x0000, 0x0000, 0x0000, 0x0000, 0x0000, 0x0000, 0x0000, 0x0000, 0x0000, 0x0000,   // 0x5E70 (24176) pixels
0x0000, 0x0000, 0x0000, 0x0000, 0x0000, 0x0000, 0x0000, 0x0000, 0x0000, 0x0000, 0x0000, 0x0000, 0x0000, 0x0000, 0x0000, 0x0000,   // 0x5E80 (24192) pixels
0x0000, 0x0000, 0x0020, 0x0000, 0x0000, 0x0000, 0x0000, 0x0000, 0x0000, 0x0000, 0x0000, 0x0000, 0x0000, 0x0000, 0x0000, 0x0000,   // 0x5E90 (24208) pixels
0x0000, 0x0000, 0x0000, 0x0000, 0x0000, 0x0000, 0x0000, 0x0000, 0x0000, 0x0000, 0x0000, 0x0000, 0x0000, 0x0000, 0x0000, 0x0000,   // 0x5EA0 (24224) pixels
0x0000, 0x0000, 0x0800, 0x0000, 0x0000, 0x0000, 0x0000, 0x0000, 0x0800, 0x0000, 0x0000, 0x0000, 0x0000, 0x0000, 0x0000, 0x0000,   // 0x5EB0 (24240) pixels
0x0000, 0x0000, 0x0020, 0x0000, 0x0000, 0x0020, 0x0020, 0x0020, 0x0020, 0x0020, 0x0000, 0x0000, 0x0000, 0x0000, 0x0020, 0x0000,   // 0x5EC0 (24256) pixels
0x0000, 0x0000, 0x0000, 0x0000, 0x0000, 0x0000, 0x0000, 0x0000, 0x0000, 0x0000, 0x0000, 0x0000, 0x0000, 0x0000, 0x0000, 0x0000,   // 0x5ED0 (24272) pixels
0x0000, 0x0000, 0x0000, 0x0000, 0x0000, 0x0000, 0x0000, 0x0000, 0x0000, 0x0000, 0x0000, 0x0000, 0x0000, 0x0000, 0x0000, 0x0000,   // 0x5EE0 (24288) pixels
0x0000, 0x0000, 0x0000, 0x0000, 0x0000, 0x0000, 0x0000, 0x0000, 0x0000, 0x0000, 0x0000, 0x0000, 0x0000, 0x0000, 0x0000, 0x0000,   // 0x5EF0 (24304) pixels
0x0000, 0x0000, 0x0000, 0x0000, 0x0000, 0x0000, 0x0000, 0x0000, 0x0000, 0x0000, 0x0000, 0x0000, 0x0000, 0x0000, 0x0000, 0x0000,   // 0x5F00 (24320) pixels
};



#endif // BABYDRAGON_H