// Generated by   : ImageConverter 565 Online
// Generated from : kitten.jpg
// Time generated : Tue, 29 Jul 25 08:13:51 +0200  (Server timezone: CET)
// Image Size     : 190x128 pixels
// Memory usage   : 48640 bytes

#ifndef SPROUTY_H
#define SPROUTY_H

#include <TFT_eSPI.h>

void drawSprouty(TFT_eSPI &tft);

#if defined(__AVR__)
#include <avr/pgmspace.h>
#elif defined(__PIC32MX__)
#define PROGMEM
#elif defined(__arm__)
#define PROGMEM
#endif

const unsigned short sprouty[16200] PROGMEM = {
    0x0000, 0x0000, 0x0000, 0x0000, 0x0000, 0x0000, 0x0000, 0x0000, 0x0000, 0x0000, 0x0000, 0x0000, 0x0000, 0x0000, 0x0000, 0x0000, // 0x0010 (16) pixels
    0x0000, 0x0000, 0x0000, 0x0000, 0x0000, 0x0000, 0x0000, 0x0000, 0x0000, 0x0000, 0x0000, 0x0000, 0x0000, 0x0000, 0x0000, 0x0000, // 0x0020 (32) pixels
    0x0000, 0x0000, 0x0000, 0x0000, 0x0000, 0x0000, 0x0000, 0x0000, 0x0000, 0x0000, 0x0000, 0x0000, 0x0000, 0x0000, 0x0000, 0x0000, // 0x0030 (48) pixels
    0x0000, 0x0000, 0x0000, 0x0000, 0x0000, 0x0000, 0x0000, 0x0000, 0x0000, 0x0000, 0x0000, 0x0000, 0x0000, 0x0000, 0x0000, 0x0000, // 0x0040 (64) pixels
    0x0000, 0x0000, 0x0000, 0x0000, 0x0000, 0x0000, 0x0000, 0x0000, 0x0000, 0x0000, 0x0000, 0x0000, 0x0000, 0x0000, 0x0000, 0x0000, // 0x0050 (80) pixels
    0x0000, 0x0000, 0x0000, 0x0000, 0x0000, 0x0000, 0x0000, 0x0000, 0x0000, 0x0000, 0x0000, 0x0000, 0x0000, 0x0000, 0x0000, 0x0000, // 0x0060 (96) pixels
    0x0000, 0x0000, 0x0000, 0x0000, 0x0000, 0x0000, 0x0000, 0x0000, 0x0000, 0x0000, 0x0000, 0x0000, 0x0000, 0x0000, 0x0000, 0x0000, // 0x0070 (112) pixels
    0x0000, 0x0000, 0x0000, 0x0000, 0x0000, 0x0000, 0x0000, 0x0000, 0x0000, 0x0000, 0x0000, 0x0000, 0x0000, 0x0000, 0x0000, 0x0000, // 0x0080 (128) pixels
    0x0000, 0x0000, 0x0000, 0x0000, 0x0000, 0x0000, 0x0000, 0x0000, 0x0000, 0x0000, 0x0000, 0x0000, 0x0000, 0x0000, 0x0000, 0x0000, // 0x0090 (144) pixels
    0x0000, 0x0000, 0x0000, 0x0000, 0x0000, 0x0000, 0x0000, 0x0000, 0x0000, 0x0000, 0x0000, 0x0000, 0x0000, 0x0000, 0x0000, 0x0000, // 0x00A0 (160) pixels
    0x0000, 0x0000, 0x0000, 0x0000, 0x0000, 0x0000, 0x0000, 0x0000, 0x0000, 0x0000, 0x0000, 0x0000, 0x0000, 0x0000, 0x0000, 0x0000, // 0x00B0 (176) pixels
    0x0000, 0x0000, 0x0000, 0x0000, 0x0000, 0x0000, 0x0000, 0x0000, 0x0000, 0x0000, 0x0000, 0x0000, 0x0000, 0x0000, 0x0000, 0x0000, // 0x00C0 (192) pixels
    0x0000, 0x0000, 0x0000, 0x0000, 0x0000, 0x0000, 0x0000, 0x0000, 0x0000, 0x0000, 0x0000, 0x0000, 0x0000, 0x0000, 0x0000, 0x0000, // 0x00D0 (208) pixels
    0x0000, 0x0000, 0x0000, 0x0000, 0x0000, 0x0000, 0x0000, 0x0000, 0x0000, 0x0000, 0x0000, 0x0000, 0x0000, 0x0000, 0x0000, 0x0000, // 0x00E0 (224) pixels
    0x0000, 0x0000, 0x0000, 0x0000, 0x0000, 0x0000, 0x0000, 0x0000, 0x0000, 0x0000, 0x0000, 0x0000, 0x0000, 0x0000, 0x0000, 0x0000, // 0x00F0 (240) pixels
    0x0000, 0x0000, 0x0000, 0x0000, 0x0000, 0x0000, 0x0000, 0x0000, 0x0000, 0x0000, 0x0000, 0x0000, 0x0000, 0x0000, 0x0000, 0x0000, // 0x0100 (256) pixels
    0x0000, 0x0000, 0x0000, 0x0000, 0x0000, 0x0000, 0x0000, 0x0000, 0x0000, 0x0000, 0x0000, 0x0000, 0x0000, 0x0000, 0x0000, 0x0000, // 0x0110 (272) pixels
    0x0000, 0x0000, 0x0000, 0x0000, 0x0000, 0x0000, 0x0000, 0x0000, 0x0000, 0x0000, 0x0000, 0x0000, 0x0000, 0x0000, 0x0000, 0x0000, // 0x0120 (288) pixels
    0x0000, 0x0000, 0x0000, 0x0000, 0x0000, 0x0000, 0x0000, 0x0000, 0x0000, 0x0000, 0x0000, 0x0000, 0x0000, 0x0000, 0x0000, 0x0000, // 0x0130 (304) pixels
    0x0000, 0x0000, 0x0000, 0x0000, 0x0000, 0x0000, 0x0000, 0x0000, 0x0000, 0x0000, 0x0000, 0x0000, 0x0000, 0x0000, 0x0000, 0x0000, // 0x0140 (320) pixels
    0x0000, 0x0000, 0x0000, 0x0000, 0x0000, 0x0000, 0x0000, 0x0000, 0x0000, 0x0000, 0x0000, 0x0000, 0x0000, 0x0000, 0x0000, 0x0000, // 0x0150 (336) pixels
    0x0000, 0x0000, 0x0000, 0x0000, 0x0000, 0x0000, 0x0000, 0x0000, 0x0000, 0x0000, 0x0000, 0x0000, 0x0000, 0x0000, 0x0000, 0x0000, // 0x0160 (352) pixels
    0x0000, 0x0000, 0x0000, 0x0000, 0x0000, 0x0000, 0x0000, 0x0000, 0x0000, 0x0000, 0x0000, 0x0000, 0x0000, 0x0000, 0x0000, 0x0000, // 0x0170 (368) pixels
    0x0000, 0x0000, 0x0000, 0x0000, 0x0000, 0x0000, 0x0000, 0x0000, 0x0000, 0x0000, 0x0000, 0x0000, 0x0000, 0x0000, 0x0000, 0x0000, // 0x0180 (384) pixels
    0x0000, 0x0000, 0x0000, 0x0000, 0x0000, 0x0000, 0x0000, 0x0000, 0x0000, 0x0000, 0x0000, 0x0000, 0x0000, 0x0000, 0x0000, 0x0000, // 0x0190 (400) pixels
    0x0000, 0x0000, 0x0000, 0x0000, 0x0000, 0x0000, 0x0000, 0x0000, 0x0000, 0x0000, 0x0000, 0x0000, 0x0000, 0x0000, 0x0000, 0x0000, // 0x01A0 (416) pixels
    0x0000, 0x0000, 0x0000, 0x0000, 0x0000, 0x0000, 0x0000, 0x0000, 0x0000, 0x0000, 0x0020, 0x0000, 0x0000, 0x0000, 0x0000, 0x0000, // 0x01B0 (432) pixels
    0x0000, 0x0000, 0x0000, 0x0000, 0x0000, 0x0000, 0x0000, 0x0000, 0x0000, 0x0000, 0x0000, 0x0000, 0x0000, 0x0000, 0x0000, 0x0000, // 0x01C0 (448) pixels
    0x0000, 0x0000, 0x0000, 0x0000, 0x0000, 0x0000, 0x0000, 0x0000, 0x0000, 0x0000, 0x0000, 0x0000, 0x0000, 0x0000, 0x0000, 0x0000, // 0x01D0 (464) pixels
    0x0000, 0x0000, 0x0000, 0x0000, 0x0000, 0x0000, 0x0000, 0x0000, 0x0000, 0x0000, 0x0000, 0x0000, 0x0000, 0x0000, 0x0000, 0x0000, // 0x01E0 (480) pixels
    0x0000, 0x0000, 0x0000, 0x0000, 0x0000, 0x0000, 0x0000, 0x0000, 0x0000, 0x0000, 0x0000, 0x0000, 0x0000, 0x0000, 0x0000, 0x0000, // 0x01F0 (496) pixels
    0x0000, 0x0000, 0x0000, 0x0000, 0x0000, 0x0000, 0x0000, 0x0000, 0x0000, 0x0000, 0x0000, 0x0000, 0x0000, 0x0000, 0x0000, 0x0000, // 0x0200 (512) pixels
    0x0000, 0x0000, 0x0000, 0x0000, 0x0000, 0x0000, 0x0000, 0x0000, 0x0000, 0x0000, 0x0000, 0x0000, 0x0000, 0x0000, 0x0000, 0x0000, // 0x0210 (528) pixels
    0x0000, 0x0000, 0x0000, 0x0000, 0x0000, 0x0000, 0x0000, 0x0000, 0x0000, 0x0000, 0x0000, 0x0000, 0x0000, 0x0000, 0x0000, 0x0000, // 0x0220 (544) pixels
    0x0000, 0x0000, 0x1082, 0x0020, 0x0000, 0x0000, 0x0000, 0x0000, 0x0000, 0x0000, 0x0000, 0x0000, 0x0000, 0x0000, 0x0000, 0x0000, // 0x0230 (560) pixels
    0x0000, 0x0000, 0x0000, 0x0000, 0x0000, 0x0000, 0x0000, 0x0000, 0x0000, 0x0000, 0x0000, 0x0000, 0x0000, 0x0000, 0x0000, 0x0000, // 0x0240 (576) pixels
    0x0000, 0x0000, 0x0000, 0x0000, 0x0000, 0x0000, 0x0000, 0x0000, 0x0000, 0x0000, 0x0000, 0x0000, 0x0000, 0x0000, 0x0000, 0x0000, // 0x0250 (592) pixels
    0x0000, 0x0000, 0x0000, 0x0000, 0x0000, 0x0000, 0x0000, 0x0000, 0x0000, 0x0000, 0x0000, 0x0000, 0x0000, 0x0000, 0x0000, 0x0000, // 0x0260 (608) pixels
    0x0000, 0x0000, 0x0000, 0x0000, 0x0000, 0x0000, 0x0000, 0x0000, 0x0000, 0x0000, 0x0000, 0x0000, 0x0000, 0x0000, 0x0000, 0x0000, // 0x0270 (624) pixels
    0x0000, 0x0000, 0x0000, 0x0000, 0x0000, 0x0000, 0x0000, 0x0000, 0x0000, 0x0000, 0x0000, 0x0000, 0x0000, 0x0000, 0x0000, 0x0000, // 0x0280 (640) pixels
    0x0000, 0x0000, 0x0000, 0x0000, 0x0000, 0x0000, 0x0000, 0x0000, 0x0000, 0x0000, 0x0000, 0x0000, 0x0000, 0x0000, 0x0000, 0x0000, // 0x0290 (656) pixels
    0x0000, 0x0000, 0x0000, 0x0000, 0x0000, 0x0000, 0x0000, 0x0000, 0x0000, 0x0840, 0x2104, 0x0840, 0x0000, 0x0000, 0x0000, 0x0000, // 0x02A0 (672) pixels
    0x0000, 0x0000, 0x0000, 0x0000, 0x0000, 0x0000, 0x0000, 0x0000, 0x0000, 0x0000, 0x0000, 0x0000, 0x0000, 0x0000, 0x0000, 0x0000, // 0x02B0 (688) pixels
    0x0000, 0x0000, 0x0000, 0x0000, 0x0000, 0x0000, 0x0000, 0x0000, 0x0000, 0x0000, 0x0000, 0x0000, 0x0000, 0x0000, 0x0000, 0x0000, // 0x02C0 (704) pixels
    0x0000, 0x0000, 0x0000, 0x0000, 0x0000, 0x0000, 0x0000, 0x0000, 0x0000, 0x0000, 0x0000, 0x0000, 0x0000, 0x0000, 0x0000, 0x0000, // 0x02D0 (720) pixels
    0x0000, 0x0000, 0x0000, 0x0000, 0x0000, 0x0000, 0x0000, 0x0000, 0x0000, 0x0000, 0x0000, 0x0000, 0x0000, 0x0000, 0x0000, 0x0000, // 0x02E0 (736) pixels
    0x0000, 0x0000, 0x0000, 0x0000, 0x0000, 0x0000, 0x0000, 0x0000, 0x0000, 0x0000, 0x0000, 0x0000, 0x0000, 0x0000, 0x0000, 0x0000, // 0x02F0 (752) pixels
    0x0000, 0x0000, 0x0000, 0x0000, 0x0000, 0x0000, 0x0000, 0x0000, 0x0000, 0x0000, 0x0000, 0x0000, 0x0000, 0x0000, 0x0000, 0x0000, // 0x0300 (768) pixels
    0x0000, 0x0000, 0x0000, 0x0000, 0x0000, 0x0000, 0x0000, 0x0000, 0x0000, 0x0000, 0x0000, 0x0000, 0x0000, 0x0000, 0x0000, 0x0000, // 0x0310 (784) pixels
    0x0000, 0x1061, 0x2944, 0x0820, 0x0000, 0x0000, 0x0000, 0x0000, 0x0000, 0x0000, 0x0000, 0x0000, 0x0000, 0x0000, 0x0000, 0x0000, // 0x0320 (800) pixels
    0x0000, 0x0000, 0x0000, 0x0000, 0x0000, 0x0000, 0x0000, 0x0000, 0x0000, 0x0000, 0x0000, 0x0000, 0x0000, 0x0000, 0x0000, 0x0000, // 0x0330 (816) pixels
    0x0000, 0x0000, 0x0000, 0x0000, 0x0000, 0x0000, 0x0000, 0x0000, 0x0000, 0x0000, 0x0000, 0x0000, 0x0000, 0x0000, 0x0000, 0x0000, // 0x0340 (832) pixels
    0x0000, 0x0000, 0x0000, 0x0000, 0x0000, 0x0000, 0x0000, 0x0000, 0x0000, 0x0000, 0x0000, 0x0000, 0x0000, 0x0000, 0x0000, 0x0000, // 0x0350 (848) pixels
    0x0000, 0x0000, 0x0000, 0x0000, 0x0000, 0x0000, 0x0000, 0x0000, 0x0000, 0x0000, 0x0000, 0x0000, 0x0000, 0x0000, 0x0000, 0x0000, // 0x0360 (864) pixels
    0x0000, 0x0000, 0x0000, 0x0000, 0x0000, 0x0000, 0x0000, 0x0000, 0x0000, 0x0000, 0x0000, 0x0000, 0x0000, 0x0000, 0x0000, 0x0000, // 0x0370 (880) pixels
    0x0000, 0x0000, 0x0000, 0x0000, 0x0000, 0x0000, 0x0000, 0x0000, 0x0000, 0x0000, 0x0000, 0x0000, 0x0000, 0x0000, 0x0000, 0x0000, // 0x0380 (896) pixels
    0x0000, 0x0000, 0x0000, 0x0000, 0x0000, 0x0000, 0x0000, 0x0000, 0x0000, 0x1061, 0x2944, 0x0000, 0x0000, 0x0000, 0x0000, 0x0000, // 0x0390 (912) pixels
    0x0000, 0x0000, 0x0000, 0x0000, 0x0000, 0x0000, 0x0000, 0x0000, 0x0000, 0x0000, 0x0000, 0x0000, 0x0000, 0x0000, 0x0000, 0x0000, // 0x03A0 (928) pixels
    0x0000, 0x0000, 0x0000, 0x0000, 0x0000, 0x0000, 0x0000, 0x0000, 0x0000, 0x0000, 0x0000, 0x0000, 0x0000, 0x0000, 0x0000, 0x0000, // 0x03B0 (944) pixels
    0x0000, 0x0000, 0x0000, 0x0000, 0x0000, 0x0000, 0x0000, 0x0000, 0x0000, 0x0000, 0x0000, 0x0000, 0x0000, 0x0000, 0x0000, 0x0000, // 0x03C0 (960) pixels
    0x0000, 0x0000, 0x0000, 0x0000, 0x0000, 0x0000, 0x0000, 0x0000, 0x0000, 0x0000, 0x0000, 0x0000, 0x0000, 0x0000, 0x0000, 0x0000, // 0x03D0 (976) pixels
    0x0000, 0x0000, 0x0000, 0x0000, 0x0000, 0x0000, 0x0000, 0x0000, 0x0000, 0x0000, 0x0000, 0x0000, 0x0000, 0x0000, 0x0000, 0x0000, // 0x03E0 (992) pixels
    0x0000, 0x0820, 0x0800, 0x0000, 0x0000, 0x0000, 0x0000, 0x0800, 0x0000, 0x0001, 0x0002, 0x0000, 0x0040, 0x0020, 0x0000, 0x0002, // 0x03F0 (1008) pixels
    0x0000, 0x0000, 0x0000, 0x0840, 0x0000, 0x0000, 0x0000, 0x0000, 0x0000, 0x0000, 0x0000, 0x0020, 0x0000, 0x0000, 0x0000, 0x0000, // 0x0400 (1024) pixels
    0x0000, 0x18C1, 0x2103, 0x0000, 0x0000, 0x0000, 0x0000, 0x0000, 0x0000, 0x0000, 0x0000, 0x0000, 0x0820, 0x0000, 0x0000, 0x0020, // 0x0410 (1040) pixels
    0x0000, 0x0000, 0x0000, 0x0000, 0x0000, 0x0000, 0x0000, 0x0000, 0x0000, 0x0000, 0x0000, 0x0000, 0x0000, 0x0000, 0x0000, 0x0000, // 0x0420 (1056) pixels
    0x0000, 0x0000, 0x0000, 0x0000, 0x0000, 0x0000, 0x0000, 0x0000, 0x0000, 0x0000, 0x0000, 0x0000, 0x0000, 0x0000, 0x0000, 0x0000, // 0x0430 (1072) pixels
    0x0000, 0x0000, 0x0000, 0x0000, 0x0000, 0x0000, 0x0000, 0x0000, 0x0000, 0x0000, 0x0000, 0x0000, 0x0000, 0x0000, 0x0000, 0x0000, // 0x0440 (1088) pixels
    0x0000, 0x0000, 0x0000, 0x0000, 0x0000, 0x0000, 0x0000, 0x0000, 0x0000, 0x0000, 0x0000, 0x0000, 0x0000, 0x0000, 0x0000, 0x0000, // 0x0450 (1104) pixels
    0x0000, 0x0000, 0x0000, 0x0000, 0x0000, 0x0000, 0x0000, 0x0000, 0x0000, 0x0000, 0x0000, 0x0000, 0x0000, 0x0021, 0x0000, 0x0800, // 0x0460 (1120) pixels
    0x0020, 0x0000, 0x0020, 0x0000, 0x0022, 0x0000, 0x0000, 0x0001, 0x0000, 0x0000, 0x0840, 0x18E3, 0x0860, 0x0000, 0x0000, 0x0000, // 0x0470 (1136) pixels
    0x0000, 0x0000, 0x0000, 0x0000, 0x0000, 0x0000, 0x0000, 0x0000, 0x0000, 0x18C2, 0x2102, 0x0000, 0x0000, 0x0000, 0x0000, 0x0000, // 0x0480 (1152) pixels
    0x0000, 0x0800, 0x0820, 0x0000, 0x0000, 0x0000, 0x0000, 0x0000, 0x0000, 0x0000, 0x0000, 0x0000, 0x0000, 0x0000, 0x0000, 0x0000, // 0x0490 (1168) pixels
    0x0000, 0x0000, 0x0000, 0x0000, 0x0000, 0x0000, 0x0000, 0x0000, 0x0000, 0x0000, 0x0000, 0x0000, 0x0000, 0x0000, 0x0000, 0x0000, // 0x04A0 (1184) pixels
    0x0000, 0x0000, 0x0000, 0x0000, 0x0000, 0x0000, 0x0000, 0x0000, 0x0000, 0x0000, 0x0000, 0x0000, 0x0000, 0x0000, 0x0000, 0x0000, // 0x04B0 (1200) pixels
    0x0000, 0x0000, 0x0000, 0x0000, 0x0000, 0x0000, 0x0000, 0x0000, 0x0000, 0x0000, 0x0000, 0x0000, 0x0000, 0x0000, 0x0000, 0x0000, // 0x04C0 (1216) pixels
    0x0000, 0x0000, 0x0000, 0x0000, 0x0000, 0x0000, 0x0000, 0x0000, 0x0000, 0x0000, 0x0000, 0x0000, 0x0000, 0x0000, 0x0000, 0x0000, // 0x04D0 (1232) pixels
    0x0000, 0x0000, 0x0000, 0x0001, 0x0001, 0x0021, 0x0800, 0x0800, 0x1000, 0x0800, 0x1040, 0x0000, 0x0002, 0x0001, 0x0000, 0x0000, // 0x04E0 (1248) pixels
    0x0000, 0x0000, 0x0820, 0x2103, 0x10A1, 0x0000, 0x0000, 0x0000, 0x0000, 0x0000, 0x0000, 0x0000, 0x0021, 0x0000, 0x0021, 0x0000, // 0x04F0 (1264) pixels
    0x0000, 0x2102, 0x20E2, 0x0000, 0x0000, 0x0000, 0x0000, 0x0000, 0x1840, 0x0800, 0x0000, 0x0000, 0x0020, 0x0041, 0x0000, 0x0000, // 0x0500 (1280) pixels
    0x0000, 0x0000, 0x0000, 0x0000, 0x0000, 0x0000, 0x0000, 0x0000, 0x0000, 0x0000, 0x0000, 0x0000, 0x0000, 0x0000, 0x0000, 0x0000, // 0x0510 (1296) pixels
    0x0000, 0x0000, 0x0000, 0x0000, 0x0000, 0x0000, 0x0000, 0x0000, 0x0000, 0x0000, 0x0000, 0x0000, 0x0000, 0x0000, 0x0000, 0x0000, // 0x0520 (1312) pixels
    0x0000, 0x0000, 0x0000, 0x0000, 0x0000, 0x0000, 0x0000, 0x0000, 0x0000, 0x0000, 0x0000, 0x0000, 0x0000, 0x0000, 0x0000, 0x0000, // 0x0530 (1328) pixels
    0x0000, 0x0000, 0x0000, 0x0000, 0x0000, 0x0000, 0x0000, 0x0000, 0x0000, 0x0000, 0x0000, 0x0000, 0x0000, 0x0000, 0x0000, 0x0000, // 0x0540 (1344) pixels
    0x0000, 0x0000, 0x0000, 0x0000, 0x0000, 0x0000, 0x0000, 0x0000, 0x0000, 0x0000, 0x0000, 0x0000, 0x0000, 0x0000, 0x0800, 0x38E1, // 0x0550 (1360) pixels
    0x38A2, 0x1800, 0x1000, 0x0800, 0x0000, 0x0000, 0x0000, 0x0000, 0x0000, 0x0000, 0x0000, 0x18C2, 0x18C2, 0x0000, 0x0000, 0x0000, // 0x0560 (1376) pixels
    0x0020, 0x0000, 0x0000, 0x0001, 0x0000, 0x0000, 0x0021, 0x0000, 0x0000, 0x2923, 0x18C1, 0x0000, 0x0000, 0x0000, 0x0000, 0x0020, // 0x0570 (1392) pixels
    0x51E6, 0x1860, 0x0000, 0x0021, 0x0001, 0x0000, 0x0000, 0x0820, 0x0000, 0x0000, 0x0000, 0x0000, 0x0000, 0x0000, 0x0000, 0x0000, // 0x0580 (1408) pixels
    0x0000, 0x0000, 0x0000, 0x0000, 0x0000, 0x0000, 0x0000, 0x0000, 0x0000, 0x0000, 0x0000, 0x0000, 0x0000, 0x0000, 0x0000, 0x0000, // 0x0590 (1424) pixels
    0x0000, 0x0000, 0x0000, 0x0000, 0x0000, 0x0000, 0x0000, 0x0000, 0x0000, 0x0000, 0x0000, 0x0000, 0x0000, 0x0000, 0x0000, 0x0000, // 0x05A0 (1440) pixels
    0x0000, 0x0000, 0x0000, 0x0000, 0x0000, 0x0000, 0x0000, 0x0000, 0x0000, 0x0000, 0x0000, 0x0000, 0x0000, 0x0000, 0x0000, 0x0000, // 0x05B0 (1456) pixels
    0x0000, 0x0000, 0x0000, 0x0000, 0x0000, 0x0000, 0x0000, 0x0000, 0x0000, 0x0000, 0x0000, 0x0000, 0x0000, 0x0000, 0x0000, 0x0000, // 0x05C0 (1472) pixels
    0x0000, 0x0000, 0x0000, 0x0000, 0x0020, 0x0020, 0x1020, 0x7AE6, 0xBD05, 0x5161, 0x1000, 0x1820, 0x0820, 0x0000, 0x0000, 0x0000, // 0x05D0 (1488) pixels
    0x0000, 0x0000, 0x0000, 0x18A2, 0x18E3, 0x0000, 0x0000, 0x0000, 0x0040, 0x0000, 0x0000, 0x0821, 0x0000, 0x0040, 0x0000, 0x0001, // 0x05E0 (1504) pixels
    0x0000, 0x2944, 0x1081, 0x0000, 0x0000, 0x0000, 0x0000, 0x0020, 0x4143, 0x1020, 0x0000, 0x0021, 0x0000, 0x0000, 0x18E2, 0x2923, // 0x05F0 (1520) pixels
    0x0000, 0x0000, 0x0000, 0x0000, 0x0000, 0x0000, 0x0000, 0x0000, 0x0000, 0x0000, 0x0000, 0x0000, 0x0000, 0x0000, 0x0000, 0x0000, // 0x0600 (1536) pixels
    0x0000, 0x0000, 0x0000, 0x0000, 0x0000, 0x0000, 0x0000, 0x0000, 0x0000, 0x0000, 0x0000, 0x0000, 0x0000, 0x0000, 0x0000, 0x0000, // 0x0610 (1552) pixels
    0x0000, 0x0000, 0x0000, 0x0000, 0x0000, 0x0000, 0x0000, 0x0000, 0x0000, 0x0000, 0x0000, 0x0000, 0x0000, 0x0000, 0x0000, 0x0000, // 0x0620 (1568) pixels
    0x0000, 0x0000, 0x0000, 0x0000, 0x0000, 0x0000, 0x0000, 0x0000, 0x0000, 0x0000, 0x0000, 0x0000, 0x0000, 0x0000, 0x0000, 0x0000, // 0x0630 (1584) pixels
    0x0000, 0x0000, 0x0000, 0x0000, 0x0000, 0x0000, 0x0000, 0x0000, 0x0000, 0x0000, 0x0020, 0x0000, 0x0020, 0x0820, 0x2040, 0x9B87, // 0x0640 (1600) pixels
    0xFFE3, 0xB4C3, 0x30A0, 0x1000, 0x0800, 0x0000, 0x0000, 0x0000, 0x0000, 0x0000, 0x0000, 0x0840, 0x1081, 0x0000, 0x0000, 0x0000, // 0x0650 (1616) pixels
    0x0020, 0x0020, 0x0000, 0x0800, 0x1040, 0x31A3, 0x0040, 0x0001, 0x0820, 0x3164, 0x1060, 0x0000, 0x0000, 0x0000, 0x0000, 0x0000, // 0x0660 (1632) pixels
    0x0800, 0x0800, 0x0000, 0x0000, 0x0000, 0x0861, 0x2943, 0x20E1, 0x0000, 0x0000, 0x0000, 0x0000, 0x0000, 0x0000, 0x0000, 0x0000, // 0x0670 (1648) pixels
    0x0000, 0x0000, 0x0000, 0x0000, 0x0000, 0x0000, 0x0000, 0x0000, 0x0000, 0x0000, 0x0000, 0x0000, 0x0000, 0x0000, 0x0000, 0x0000, // 0x0680 (1664) pixels
    0x0000, 0x0000, 0x0000, 0x0000, 0x0000, 0x0000, 0x0000, 0x0000, 0x0000, 0x0000, 0x0000, 0x0000, 0x0000, 0x0000, 0x0000, 0x0000, // 0x0690 (1680) pixels
    0x0000, 0x0000, 0x0000, 0x0000, 0x0000, 0x0000, 0x0000, 0x0000, 0x0000, 0x0000, 0x0000, 0x0000, 0x0000, 0x0000, 0x0000, 0x0000, // 0x06A0 (1696) pixels
    0x0000, 0x0000, 0x0000, 0x0000, 0x0000, 0x0000, 0x0000, 0x0000, 0x0000, 0x0000, 0x0000, 0x0000, 0x0000, 0x0000, 0x0000, 0x0000, // 0x06B0 (1712) pixels
    0x0001, 0x0020, 0x0000, 0x0000, 0x0001, 0x0800, 0x2000, 0x7203, 0xFFA3, 0xFFE9, 0x72E3, 0x1000, 0x0800, 0x0000, 0x0001, 0x0000, // 0x06C0 (1728) pixels
    0x0000, 0x0000, 0x0000, 0x0000, 0x0820, 0x0000, 0x0000, 0x0000, 0x0000, 0x0001, 0x0800, 0x1000, 0x6B07, 0x7BA9, 0x0840, 0x0000, // 0x06D0 (1744) pixels
    0x0840, 0x3164, 0x0840, 0x0000, 0x0000, 0x0000, 0x0000, 0x0000, 0x0000, 0x0000, 0x0000, 0x0000, 0x0000, 0x20E2, 0x3143, 0x1040, // 0x06E0 (1760) pixels
    0x0000, 0x0000, 0x0000, 0x0000, 0x0000, 0x0000, 0x0000, 0x0000, 0x0000, 0x0000, 0x0000, 0x0000, 0x0000, 0x0000, 0x0000, 0x0000, // 0x06F0 (1776) pixels
    0x0000, 0x0000, 0x0000, 0x0000, 0x0000, 0x0000, 0x0000, 0x0000, 0x0000, 0x0000, 0x0000, 0x0000, 0x0000, 0x0000, 0x0000, 0x0000, // 0x0700 (1792) pixels
    0x0000, 0x0000, 0x0000, 0x0000, 0x0000, 0x0000, 0x0000, 0x0000, 0x0000, 0x0000, 0x0000, 0x0000, 0x0000, 0x0000, 0x0000, 0x0000, // 0x0710 (1808) pixels
    0x0000, 0x0000, 0x0000, 0x0000, 0x0000, 0x0000, 0x0000, 0x0000, 0x0000, 0x0000, 0x0000, 0x0000, 0x0000, 0x0000, 0x0000, 0x0000, // 0x0720 (1824) pixels
    0x0000, 0x0000, 0x0000, 0x0000, 0x0000, 0x0000, 0x0000, 0x0000, 0x0000, 0x0000, 0x0000, 0x0001, 0x0002, 0x0802, 0x1800, 0x4040, // 0x0730 (1840) pixels
    0xA401, 0xFF8A, 0x7B21, 0x0800, 0x1020, 0x0020, 0x0001, 0x0000, 0x0000, 0x0000, 0x0000, 0x0000, 0x1061, 0x0840, 0x0000, 0x0000, // 0x0740 (1856) pixels
    0x0020, 0x0000, 0x0801, 0x3102, 0xCDF1, 0x9C8B, 0x0000, 0x0021, 0x1060, 0x3164, 0x0820, 0x0000, 0x0000, 0x0000, 0x0000, 0x0000, // 0x0750 (1872) pixels
    0x0001, 0x0000, 0x0000, 0x1060, 0x1881, 0x2902, 0x3102, 0x0800, 0x0000, 0x0000, 0x0000, 0x0000, 0x0000, 0x0000, 0x0000, 0x0000, // 0x0760 (1888) pixels
    0x0000, 0x0000, 0x0000, 0x0000, 0x0000, 0x0000, 0x0000, 0x0000, 0x0000, 0x0000, 0x0000, 0x0000, 0x0000, 0x0000, 0x0000, 0x0000, // 0x0770 (1904) pixels
    0x0000, 0x0000, 0x0000, 0x0000, 0x0000, 0x0000, 0x0000, 0x0000, 0x0000, 0x0000, 0x0000, 0x0000, 0x0000, 0x0000, 0x0000, 0x0000, // 0x0780 (1920) pixels
    0x0000, 0x0000, 0x0000, 0x0000, 0x0000, 0x0000, 0x0000, 0x0000, 0x0000, 0x0000, 0x0000, 0x0000, 0x0000, 0x0000, 0x0000, 0x0000, // 0x0790 (1936) pixels
    0x0000, 0x0000, 0x0000, 0x0000, 0x0000, 0x0000, 0x0000, 0x0000, 0x0000, 0x0000, 0x0000, 0x0000, 0x0000, 0x0000, 0x0000, 0x0000, // 0x07A0 (1952) pixels
    0x0000, 0x0000, 0x0000, 0x0000, 0x0000, 0x0800, 0x0800, 0x0800, 0x3800, 0x7A26, 0x40C2, 0x1803, 0x1020, 0x0001, 0x0023, 0x0000, // 0x07B0 (1968) pixels
    0x0000, 0x0001, 0x0000, 0x0800, 0x20C1, 0x2122, 0x0000, 0x0000, 0x0000, 0x0820, 0x0800, 0x93AE, 0xEDEA, 0xA4A5, 0x0881, 0x0040, // 0x07C0 (1984) pixels
    0x08A0, 0x2163, 0x0040, 0x0000, 0x0001, 0x0000, 0x0000, 0x0020, 0x0002, 0x0020, 0x1020, 0x9B10, 0x3882, 0x3160, 0x08A0, 0x0002, // 0x07D0 (2000) pixels
    0x0000, 0x0000, 0x0000, 0x0000, 0x0000, 0x0000, 0x0000, 0x0000, 0x0000, 0x0000, 0x0000, 0x0000, 0x0000, 0x0000, 0x0000, 0x0000, // 0x07E0 (2016) pixels
    0x0000, 0x0000, 0x0000, 0x0000, 0x0000, 0x0000, 0x0000, 0x0000, 0x0000, 0x0000, 0x0000, 0x0000, 0x0000, 0x0000, 0x0000, 0x0000, // 0x07F0 (2032) pixels
    0x0000, 0x0000, 0x0000, 0x0000, 0x0000, 0x0000, 0x0000, 0x0000, 0x0000, 0x0000, 0x0000, 0x0000, 0x0000, 0x0000, 0x0000, 0x0000, // 0x0800 (2048) pixels
    0x0000, 0x0000, 0x0000, 0x0000, 0x0000, 0x0000, 0x0000, 0x0000, 0x0000, 0x0000, 0x0000, 0x0000, 0x0000, 0x0000, 0x0000, 0x0000, // 0x0810 (2064) pixels
    0x0000, 0x0000, 0x0000, 0x0000, 0x0000, 0x0000, 0x0000, 0x0000, 0x0000, 0x0000, 0x0000, 0x0000, 0x0000, 0x0800, 0x0800, 0x0800, // 0x0820 (2080) pixels
    0x2000, 0x2840, 0x2000, 0x1802, 0x0800, 0x0861, 0x0000, 0x0000, 0x0000, 0x0000, 0x0000, 0x0000, 0x18A1, 0x2923, 0x0000, 0x0000, // 0x0830 (2096) pixels
    0x0000, 0x0800, 0x6248, 0xFE34, 0xE4C9, 0xCD49, 0x3202, 0x0000, 0x18A0, 0x2922, 0x0000, 0x0000, 0x0000, 0x0000, 0x0000, 0x0000, // 0x0840 (2112) pixels
    0x0001, 0x1020, 0x9C0A, 0xE570, 0x3060, 0x20E2, 0x0020, 0x0801, 0x0000, 0x0000, 0x0000, 0x0000, 0x0000, 0x0000, 0x0000, 0x0000, // 0x0850 (2128) pixels
    0x0000, 0x0000, 0x0000, 0x0000, 0x0000, 0x0000, 0x0000, 0x0000, 0x0000, 0x0000, 0x0000, 0x0000, 0x0000, 0x0000, 0x0000, 0x0000, // 0x0860 (2144) pixels
    0x0000, 0x0000, 0x0000, 0x0000, 0x0000, 0x0000, 0x0000, 0x0000, 0x0000, 0x0000, 0x0000, 0x0000, 0x0000, 0x0000, 0x0000, 0x0000, // 0x0870 (2160) pixels
    0x0000, 0x0000, 0x0000, 0x0000, 0x0000, 0x0000, 0x0000, 0x0000, 0x0000, 0x0000, 0x0000, 0x0000, 0x0000, 0x0000, 0x0000, 0x0000, // 0x0880 (2176) pixels
    0x0000, 0x0000, 0x0000, 0x0000, 0x0000, 0x0000, 0x0000, 0x0000, 0x0000, 0x0000, 0x0000, 0x0000, 0x0000, 0x0000, 0x0000, 0x0000, // 0x0890 (2192) pixels
    0x0000, 0x0000, 0x0000, 0x0000, 0x0000, 0x0000, 0x0800, 0x0800, 0x0800, 0x1000, 0x6207, 0x4163, 0x0000, 0x0000, 0x0840, 0x0000, // 0x08A0 (2208) pixels
    0x0020, 0x0000, 0x0000, 0x0000, 0x1040, 0x2923, 0x1061, 0x0000, 0x0800, 0x3928, 0xDDB3, 0xFD8C, 0xFC2B, 0xCCA9, 0xA529, 0x0801, // 0x08B0 (2224) pixels
    0x20A0, 0x3102, 0x0820, 0x0000, 0x0000, 0x0000, 0x0800, 0x0000, 0x1001, 0xA40B, 0xFE6C, 0xCCC7, 0x2860, 0x0862, 0x0020, 0x0000, // 0x08C0 (2240) pixels
    0x0000, 0x0000, 0x0000, 0x0000, 0x0000, 0x0000, 0x0000, 0x0000, 0x0000, 0x0000, 0x0000, 0x0000, 0x0000, 0x0000, 0x0000, 0x0000, // 0x08D0 (2256) pixels
    0x0000, 0x0000, 0x0000, 0x0000, 0x0000, 0x0000, 0x0000, 0x0000, 0x0000, 0x0000, 0x0000, 0x0000, 0x0000, 0x0000, 0x0000, 0x0000, // 0x08E0 (2272) pixels
    0x0000, 0x0000, 0x0000, 0x0000, 0x0000, 0x0000, 0x0000, 0x0000, 0x0000, 0x0000, 0x0000, 0x0000, 0x0000, 0x0000, 0x0000, 0x0000, // 0x08F0 (2288) pixels
    0x0000, 0x0000, 0x0000, 0x0000, 0x0000, 0x0000, 0x0000, 0x0000, 0x0000, 0x0000, 0x0000, 0x0000, 0x0000, 0x0000, 0x0000, 0x0000, // 0x0900 (2304) pixels
    0x0000, 0x0000, 0x0000, 0x0000, 0x0000, 0x0000, 0x0000, 0x0000, 0x0000, 0x0000, 0x0000, 0x0000, 0x0000, 0x0000, 0x0000, 0x0000, // 0x0910 (2320) pixels
    0x0001, 0x1001, 0x8B49, 0xBD49, 0x1020, 0x0001, 0x0842, 0x0000, 0x0000, 0x0000, 0x0000, 0x0000, 0x0000, 0x2904, 0x18A2, 0x0000, // 0x0920 (2336) pixels
    0x0800, 0xBCF2, 0xFE71, 0xFCC5, 0xFC0B, 0xCBCB, 0xCDAB, 0x3161, 0x2081, 0x1861, 0x0000, 0x0000, 0x0000, 0x0821, 0x0800, 0x1021, // 0x0930 (2352) pixels
    0xA3CE, 0xFEAC, 0xFE05, 0xC425, 0x2040, 0x0020, 0x0041, 0x0000, 0x0000, 0x0000, 0x0000, 0x0000, 0x0000, 0x0000, 0x0020, 0x0000, // 0x0940 (2368) pixels
    0x0000, 0x0000, 0x0000, 0x0000, 0x0000, 0x0000, 0x0000, 0x0000, 0x0000, 0x0000, 0x0000, 0x0000, 0x0000, 0x0000, 0x0000, 0x0000, // 0x0950 (2384) pixels
    0x0000, 0x0000, 0x0000, 0x0000, 0x0000, 0x0000, 0x0000, 0x0000, 0x0000, 0x0000, 0x0000, 0x0000, 0x0000, 0x0000, 0x0000, 0x0000, // 0x0960 (2400) pixels
    0x0000, 0x0000, 0x0000, 0x0000, 0x0000, 0x0000, 0x0000, 0x0000, 0x0000, 0x0000, 0x0000, 0x0000, 0x0000, 0x0000, 0x0000, 0x0000, // 0x0970 (2416) pixels
    0x0000, 0x0000, 0x0000, 0x0000, 0x0000, 0x0000, 0x0000, 0x0000, 0x0000, 0x0000, 0x0000, 0x0000, 0x0000, 0x0000, 0x0000, 0x0000, // 0x0980 (2432) pixels
    0x0000, 0x0000, 0x0000, 0x0000, 0x0000, 0x0000, 0x0000, 0x0000, 0x0020, 0x0801, 0x6224, 0xFFAD, 0x62C3, 0x0000, 0x0002, 0x0842, // 0x0990 (2448) pixels
    0x0000, 0x0000, 0x0020, 0x0000, 0x0000, 0x20E3, 0x1881, 0x0800, 0x5A4A, 0xFED3, 0xF527, 0xFD26, 0xFC2A, 0xE36E, 0xC44A, 0x8C86, // 0x09A0 (2464) pixels
    0x0840, 0x0840, 0x0000, 0x0001, 0x0842, 0x0000, 0x1020, 0x8B8C, 0xFE91, 0xF563, 0xFD63, 0xC408, 0x0800, 0x0021, 0x0001, 0x0000, // 0x09B0 (2480) pixels
    0x0000, 0x0000, 0x0000, 0x0000, 0x0000, 0x0020, 0x0841, 0x0020, 0x0000, 0x0000, 0x0000, 0x0000, 0x0000, 0x0000, 0x0000, 0x0000, // 0x09C0 (2496) pixels
    0x0000, 0x0000, 0x0000, 0x0000, 0x0000, 0x0000, 0x0000, 0x0000, 0x0000, 0x0000, 0x0000, 0x0000, 0x0000, 0x0000, 0x0000, 0x0000, // 0x09D0 (2512) pixels
    0x0000, 0x0000, 0x0000, 0x0000, 0x0000, 0x0000, 0x0000, 0x0000, 0x0000, 0x0000, 0x0000, 0x0000, 0x0000, 0x0000, 0x0000, 0x0000, // 0x09E0 (2528) pixels
    0x0000, 0x0000, 0x0000, 0x0000, 0x0000, 0x0000, 0x0000, 0x0000, 0x0000, 0x0000, 0x0000, 0x0000, 0x0000, 0x0000, 0x0000, 0x0000, // 0x09F0 (2544) pixels
    0x0000, 0x0000, 0x0000, 0x0000, 0x0000, 0x0000, 0x0000, 0x0000, 0x0000, 0x0000, 0x0000, 0x0000, 0x0000, 0x0000, 0x0000, 0x0000, // 0x0A00 (2560) pixels
    0x0040, 0x0002, 0x3923, 0xFF6D, 0xDE27, 0x5A41, 0x1001, 0x0001, 0x0020, 0x0000, 0x0000, 0x0000, 0x0000, 0x1882, 0x2060, 0x3102, // 0x0A10 (2576) pixels
    0xDD95, 0xFDEB, 0xFD06, 0xFCA9, 0xEBEB, 0xEAEF, 0xD34D, 0xCDCB, 0x4245, 0x0020, 0x0000, 0x0842, 0x0000, 0x2881, 0x8B08, 0xFE53, // 0x0A20 (2592) pixels
    0xFD65, 0xFCC4, 0xFD48, 0x9B25, 0x0800, 0x0043, 0x0000, 0x0000, 0x0000, 0x0000, 0x0000, 0x0000, 0x0000, 0x0841, 0x0861, 0x0841, // 0x0A30 (2608) pixels
    0x0000, 0x0000, 0x0000, 0x0000, 0x0000, 0x0000, 0x0000, 0x0000, 0x0000, 0x0000, 0x0000, 0x0000, 0x0000, 0x0000, 0x0000, 0x0000, // 0x0A40 (2624) pixels
    0x0000, 0x0000, 0x0000, 0x0000, 0x0000, 0x0000, 0x0000, 0x0000, 0x0000, 0x0000, 0x0000, 0x0000, 0x0000, 0x0000, 0x0000, 0x0000, // 0x0A50 (2640) pixels
    0x0000, 0x0000, 0x0000, 0x0000, 0x0000, 0x0000, 0x0000, 0x0000, 0x0000, 0x0000, 0x0000, 0x0000, 0x0000, 0x0000, 0x0000, 0x0000, // 0x0A60 (2656) pixels
    0x0000, 0x0000, 0x0000, 0x0000, 0x0000, 0x0000, 0x0000, 0x0000, 0x0000, 0x0000, 0x0000, 0x0000, 0x0000, 0x0000, 0x0000, 0x0000, // 0x0A70 (2672) pixels
    0x0000, 0x0000, 0x0000, 0x0000, 0x0000, 0x0000, 0x0000, 0x0000, 0x0000, 0x0802, 0x1841, 0xEE4F, 0xFF07, 0xD526, 0x6264, 0x0000, // 0x0A80 (2688) pixels
    0x0001, 0x0000, 0x0000, 0x0000, 0x0000, 0x1020, 0x3102, 0x93EC, 0xFE32, 0xF4E9, 0xFCAA, 0xFBCC, 0xE2ED, 0xF2B0, 0xE28F, 0xCC0A, // 0x0A90 (2704) pixels
    0xA56D, 0x10C0, 0x0000, 0x1022, 0x1800, 0x9309, 0xFDCF, 0xFD49, 0xFCE4, 0xFCE8, 0xFD2B, 0x6A24, 0x0001, 0x0001, 0x0000, 0x0000, // 0x0AA0 (2720) pixels
    0x0000, 0x0000, 0x0000, 0x0000, 0x0000, 0x0020, 0x0861, 0x0020, 0x0000, 0x0000, 0x0000, 0x0000, 0x0000, 0x0000, 0x0000, 0x0000, // 0x0AB0 (2736) pixels
    0x0000, 0x0000, 0x0000, 0x0000, 0x0000, 0x0000, 0x0000, 0x0000, 0x0000, 0x0000, 0x0000, 0x0000, 0x0000, 0x0000, 0x0000, 0x0000, // 0x0AC0 (2752) pixels
    0x0000, 0x0000, 0x0000, 0x0000, 0x0000, 0x0000, 0x0000, 0x0000, 0x0000, 0x0000, 0x0000, 0x0000, 0x0000, 0x0000, 0x0000, 0x0000, // 0x0AD0 (2768) pixels
    0x0000, 0x0000, 0x0000, 0x0000, 0x0000, 0x0000, 0x0000, 0x0000, 0x0000, 0x0000, 0x0000, 0x0000, 0x0000, 0x0000, 0x0000, 0x0000, // 0x0AE0 (2784) pixels
    0x0000, 0x0000, 0x0000, 0x0000, 0x0000, 0x0000, 0x0000, 0x0000, 0x0000, 0x0000, 0x0000, 0x0000, 0x0000, 0x0000, 0x0000, 0x0000, // 0x0AF0 (2800) pixels
    0x0820, 0x0000, 0x0841, 0xC50F, 0xFE85, 0xED84, 0xE62D, 0x6305, 0x0001, 0x0000, 0x0000, 0x0020, 0x0000, 0x0800, 0x49E5, 0xEEB6, // 0x0B00 (2816) pixels
    0xFC87, 0xF44B, 0xEB8A, 0xF2AE, 0xE270, 0xF28F, 0xEA50, 0xC24B, 0xAD8B, 0x8429, 0x1080, 0x0800, 0x82CA, 0xED0F, 0xF4A7, 0xFCE4, // 0x0B10 (2832) pixels
    0xFC89, 0xFC85, 0xECCA, 0x2861, 0x0000, 0x0820, 0x0800, 0x0000, 0x0000, 0x0000, 0x0020, 0x0000, 0x0000, 0x0020, 0x0020, 0x0000, // 0x0B20 (2848) pixels
    0x0000, 0x0000, 0x0000, 0x0000, 0x0000, 0x0000, 0x0000, 0x0000, 0x0000, 0x0000, 0x0000, 0x0000, 0x0000, 0x0000, 0x0000, 0x0000, // 0x0B30 (2864) pixels
    0x0000, 0x0000, 0x0000, 0x0000, 0x0000, 0x0000, 0x0000, 0x0000, 0x0000, 0x0000, 0x0000, 0x0000, 0x0000, 0x0000, 0x0000, 0x0000, // 0x0B40 (2880) pixels
    0x0000, 0x0000, 0x0000, 0x0000, 0x0000, 0x0000, 0x0000, 0x0000, 0x0000, 0x0000, 0x0000, 0x0000, 0x0000, 0x0000, 0x0000, 0x0000, // 0x0B50 (2896) pixels
    0x0000, 0x0000, 0x0000, 0x0000, 0x0000, 0x0000, 0x0000, 0x0000, 0x0000, 0x0000, 0x0000, 0x0000, 0x0000, 0x0000, 0x0000, 0x0020, // 0x0B60 (2912) pixels
    0x0000, 0x0000, 0x0000, 0x0000, 0x0000, 0x0000, 0x0000, 0x0000, 0x0800, 0x0840, 0x1002, 0xCDF1, 0xFE46, 0xF603, 0xE466, 0xF50A, // 0x0B70 (2928) pixels
    0x8BE8, 0x0800, 0x0000, 0x0041, 0x0002, 0x0880, 0xDDED, 0xF52A, 0xF30E, 0xF2AE, 0xF26F, 0xEA8F, 0xDA8D, 0xD2AD, 0xDA6E, 0xDA0F, // 0x0B80 (2944) pixels
    0xAB48, 0xAE90, 0x2A02, 0x89A8, 0xD2ED, 0xEBA9, 0xFC49, 0xFBE8, 0xF446, 0xFC4C, 0xC34C, 0x1000, 0x0020, 0x0020, 0x0020, 0x0000, // 0x0B90 (2960) pixels
    0x0001, 0x0000, 0x0800, 0x0002, 0x0000, 0x0861, 0x0001, 0x0021, 0x0000, 0x0000, 0x0000, 0x0000, 0x0000, 0x0000, 0x0000, 0x0000, // 0x0BA0 (2976) pixels
    0x0000, 0x0000, 0x0000, 0x0000, 0x0020, 0x0000, 0x0000, 0x0000, 0x0000, 0x0000, 0x0000, 0x0000, 0x0000, 0x0000, 0x0000, 0x0000, // 0x0BB0 (2992) pixels
    0x0000, 0x0000, 0x0000, 0x0000, 0x0000, 0x0000, 0x0000, 0x0000, 0x0000, 0x0000, 0x0000, 0x0000, 0x0000, 0x0000, 0x0000, 0x0000, // 0x0BC0 (3008) pixels
    0x0000, 0x0000, 0x0000, 0x0000, 0x0000, 0x0000, 0x0000, 0x0000, 0x0000, 0x0000, 0x0000, 0x0000, 0x0000, 0x0000, 0x0000, 0x0000, // 0x0BD0 (3024) pixels
    0x0000, 0x0020, 0x0000, 0x0000, 0x0020, 0x0840, 0x0020, 0x0000, 0x0000, 0x0020, 0x0000, 0x0000, 0x0000, 0x0000, 0x0000, 0x0020, // 0x0BE0 (3040) pixels
    0x0800, 0x0000, 0x30C5, 0xEED4, 0xFE46, 0xF5E3, 0xEC86, 0xE467, 0xC5A8, 0xA529, 0x31E0, 0x0000, 0x0002, 0x4966, 0xCC4F, 0xBA28, // 0x0BF0 (3056) pixels
    0xDA8F, 0xE290, 0xEAB1, 0xEA8F, 0xEA8E, 0xEAAE, 0xDAAE, 0xCA4E, 0x9ACA, 0x9D8F, 0x5388, 0x6945, 0xC24A, 0xD309, 0xEBC9, 0xF3C8, // 0x0C00 (3072) pixels
    0xFBA7, 0xFBCC, 0x91E7, 0x1000, 0x0000, 0x0820, 0x0800, 0x0000, 0x0001, 0x0000, 0x0821, 0x0801, 0x2941, 0x5AE8, 0x0862, 0x0000, // 0x0C10 (3088) pixels
    0x0000, 0x0000, 0x0000, 0x0000, 0x0000, 0x0000, 0x0000, 0x0000, 0x0000, 0x0000, 0x0000, 0x0000, 0x0000, 0x0000, 0x0000, 0x0000, // 0x0C20 (3104) pixels
    0x0000, 0x0000, 0x0000, 0x0000, 0x0000, 0x0000, 0x0000, 0x0000, 0x0000, 0x0000, 0x0000, 0x0000, 0x0000, 0x0000, 0x0000, 0x0000, // 0x0C30 (3120) pixels
    0x0000, 0x0000, 0x0000, 0x0000, 0x0000, 0x0000, 0x0000, 0x0000, 0x0000, 0x0000, 0x0000, 0x0000, 0x0000, 0x0000, 0x0000, 0x0000, // 0x0C40 (3136) pixels
    0x0000, 0x0000, 0x0000, 0x0000, 0x0000, 0x0000, 0x0000, 0x0000, 0x0000, 0x0000, 0x0000, 0x0000, 0x1082, 0x2103, 0x18A1, 0x0000, // 0x0C50 (3152) pixels
    0x0000, 0x0000, 0x0000, 0x0000, 0x0000, 0x0000, 0x0000, 0x0000, 0x0800, 0x0000, 0x59C8, 0xFF76, 0xFDE5, 0xF5C4, 0xF486, 0xD3C5, // 0x0C60 (3168) pixels
    0xDC27, 0xD549, 0x8386, 0x3985, 0x41E6, 0x4A03, 0x7AC6, 0x8A47, 0x8206, 0x81C7, 0x89AA, 0xA18C, 0xC9CD, 0xE24F, 0xDA8E, 0xBA4D, // 0x0C70 (3184) pixels
    0xA28E, 0x83AC, 0x7CCD, 0x51E4, 0xAA09, 0xCA8A, 0xD329, 0xE349, 0xEB29, 0xE38C, 0x40A1, 0x0020, 0x0000, 0x1020, 0x0000, 0x0001, // 0x0C80 (3200) pixels
    0x0020, 0x0841, 0x0002, 0x1060, 0xADCC, 0x8CEA, 0x0000, 0x0000, 0x0020, 0x0000, 0x0000, 0x0000, 0x0000, 0x0000, 0x0000, 0x0000, // 0x0C90 (3216) pixels
    0x0000, 0x0000, 0x0000, 0x0000, 0x0000, 0x0000, 0x0000, 0x0001, 0x0000, 0x0000, 0x0000, 0x0000, 0x0000, 0x0000, 0x0000, 0x0000, // 0x0CA0 (3232) pixels
    0x0000, 0x0000, 0x0000, 0x0000, 0x0000, 0x0000, 0x0000, 0x0000, 0x0000, 0x0000, 0x0000, 0x0000, 0x0000, 0x0000, 0x0000, 0x0000, // 0x0CB0 (3248) pixels
    0x0000, 0x0000, 0x0000, 0x0000, 0x0000, 0x0000, 0x0000, 0x0000, 0x0000, 0x0000, 0x0000, 0x0000, 0x0000, 0x0000, 0x0000, 0x0000, // 0x0CC0 (3264) pixels
    0x0000, 0x0000, 0x0000, 0x0000, 0x1882, 0x3143, 0x3142, 0x20C0, 0x0020, 0x0000, 0x0000, 0x0000, 0x0000, 0x0000, 0x0000, 0x0000, // 0x0CD0 (3280) pixels
    0x0800, 0x0000, 0x6A6A, 0xFF75, 0xF565, 0xFD84, 0xFCA7, 0xD3A6, 0xFAEB, 0xAA45, 0x82C9, 0xDE98, 0xDF52, 0xCF2D, 0xC70F, 0xBEAC, // 0x0CE0 (3296) pixels
    0xB68C, 0x9DAC, 0x846C, 0x72CA, 0x7167, 0x80E8, 0xA96D, 0xC1F0, 0xA9F1, 0x926C, 0x9530, 0x5BC9, 0x79C7, 0xC22B, 0xCA6A, 0xD269, // 0x0CF0 (3312) pixels
    0xDAEB, 0x9A48, 0x0840, 0x0080, 0x0000, 0x0800, 0x0000, 0x0041, 0x0020, 0x0001, 0x0802, 0x948A, 0xE7EC, 0x7422, 0x0000, 0x0001, // 0x0D00 (3328) pixels
    0x0000, 0x0000, 0x0000, 0x0000, 0x0000, 0x0001, 0x0001, 0x0001, 0x0000, 0x0000, 0x0000, 0x0000, 0x0000, 0x0000, 0x0000, 0x0000, // 0x0D10 (3344) pixels
    0x0000, 0x0000, 0x0000, 0x0000, 0x0000, 0x0000, 0x0000, 0x0000, 0x0000, 0x0000, 0x0000, 0x0000, 0x0000, 0x0000, 0x0000, 0x0000, // 0x0D20 (3360) pixels
    0x0000, 0x0000, 0x0000, 0x0000, 0x0000, 0x0000, 0x0000, 0x0000, 0x0000, 0x0000, 0x0000, 0x0000, 0x0000, 0x0000, 0x0000, 0x0000, // 0x0D30 (3376) pixels
    0x0000, 0x0000, 0x0000, 0x0000, 0x0000, 0x0000, 0x0000, 0x0000, 0x0000, 0x0000, 0x0000, 0x0000, 0x0800, 0x1880, 0x3142, 0x41A4, // 0x0D40 (3392) pixels
    0x18C1, 0x0820, 0x0000, 0x0000, 0x0000, 0x0000, 0x0020, 0x0020, 0x0800, 0x0000, 0x7ACA, 0xFEF3, 0xF525, 0xFD65, 0xFC68, 0xE3A8, // 0x0D50 (3408) pixels
    0xD289, 0x7986, 0xF6DC, 0xF7D7, 0xC729, 0xC749, 0xB6AB, 0xBF2A, 0xA74B, 0xA72B, 0xA6EC, 0x962B, 0x7488, 0x6AA8, 0x792B, 0x886E, // 0x0D60 (3424) pixels
    0xA991, 0xA1AD, 0x840E, 0x652E, 0x4185, 0xC22E, 0xD22D, 0xCA0A, 0xBA6C, 0x5063, 0x0800, 0x1021, 0x2803, 0x1801, 0x0000, 0x0000, // 0x0D70 (3440) pixels
    0x0000, 0x20A3, 0xA4AF, 0xDEEB, 0xCF45, 0x7463, 0x0000, 0x0001, 0x0000, 0x0000, 0x0000, 0x0000, 0x0000, 0x0000, 0x0000, 0x0000, // 0x0D80 (3456) pixels
    0x0000, 0x0000, 0x0000, 0x0000, 0x0000, 0x0000, 0x0000, 0x0000, 0x0000, 0x0000, 0x0000, 0x0000, 0x0000, 0x0000, 0x0000, 0x0000, // 0x0D90 (3472) pixels
    0x0000, 0x0000, 0x0000, 0x0000, 0x0000, 0x0000, 0x0000, 0x0000, 0x0000, 0x0000, 0x0000, 0x0000, 0x0000, 0x0000, 0x0000, 0x0000, // 0x0DA0 (3488) pixels
    0x0000, 0x0000, 0x0000, 0x0000, 0x0000, 0x0000, 0x0000, 0x0000, 0x0000, 0x0000, 0x0000, 0x0000, 0x0000, 0x0000, 0x0000, 0x0000, // 0x0DB0 (3504) pixels
    0x0000, 0x0000, 0x0020, 0x0000, 0x0000, 0x0000, 0x18A0, 0x2942, 0x3984, 0x20E2, 0x0840, 0x0000, 0x0000, 0x0000, 0x0020, 0x0000, // 0x0DC0 (3520) pixels
    0x0000, 0x0000, 0x82EA, 0xFEB1, 0xFD27, 0xFD27, 0xFBE9, 0xDB29, 0x89C5, 0xDDB8, 0xFFFE, 0xDFB1, 0xC726, 0xCF49, 0xCF8D, 0xBF28, // 0x0DD0 (3536) pixels
    0xBF0A, 0xAEC9, 0xA6CA, 0x96EA, 0x8E6B, 0x7D2B, 0x732B, 0x698A, 0x70EA, 0x812A, 0x72CB, 0x85D3, 0x2965, 0x7088, 0x8847, 0x8947, // 0x0DE0 (3552) pixels
    0x5064, 0x6127, 0x8ACE, 0xB394, 0xCBB6, 0x694A, 0x0820, 0x3A04, 0xA4B2, 0xE6B6, 0xF711, 0xC604, 0xD746, 0x63A4, 0x0022, 0x0000, // 0x0DF0 (3568) pixels
    0x0000, 0x0000, 0x0000, 0x0000, 0x0000, 0x0000, 0x0000, 0x0000, 0x0840, 0x0000, 0x0000, 0x0000, 0x0000, 0x0000, 0x0000, 0x0000, // 0x0E00 (3584) pixels
    0x0000, 0x0000, 0x0000, 0x0000, 0x0000, 0x0000, 0x0000, 0x0000, 0x0000, 0x0000, 0x0000, 0x0000, 0x0000, 0x0000, 0x0000, 0x0000, // 0x0E10 (3600) pixels
    0x0000, 0x0000, 0x0000, 0x0000, 0x0000, 0x0000, 0x0000, 0x0000, 0x0000, 0x0000, 0x0000, 0x0000, 0x0000, 0x0000, 0x0000, 0x0000, // 0x0E20 (3616) pixels
    0x0000, 0x0000, 0x0000, 0x0000, 0x0000, 0x0000, 0x0000, 0x0000, 0x0000, 0x0000, 0x0000, 0x0000, 0x0000, 0x0000, 0x0020, 0x0840, // 0x0E30 (3632) pixels
    0x3142, 0x3163, 0x20E2, 0x0820, 0x0000, 0x0000, 0x0000, 0x0000, 0x0000, 0x0000, 0x82E9, 0xF670, 0xFD08, 0xFCC8, 0xEB48, 0xBA27, // 0x0E40 (3648) pixels
    0x92CC, 0xFF9F, 0xF7F9, 0xC6E9, 0xDFAA, 0xCF4A, 0xC76A, 0xC7A9, 0xC708, 0xBEC9, 0xAE8A, 0x9E6B, 0x860A, 0x7D8A, 0x6CEA, 0x644A, // 0x0E50 (3664) pixels
    0x49C7, 0x620A, 0x61EA, 0x7B8F, 0x3166, 0x4887, 0x714A, 0x936E, 0xEE3A, 0xFEBE, 0xFDFE, 0xFC1B, 0xE296, 0x818D, 0x49C6, 0xEF16, // 0x0E60 (3680) pixels
    0xF736, 0xEE70, 0xBCC8, 0xBD84, 0xCEE7, 0x5B84, 0x0000, 0x0000, 0x0000, 0x0000, 0x0000, 0x0000, 0x0000, 0x0820, 0x1080, 0x18E1, // 0x0E70 (3696) pixels
    0x2103, 0x0861, 0x0000, 0x0000, 0x0000, 0x0000, 0x0000, 0x0000, 0x0000, 0x0000, 0x0000, 0x0000, 0x0000, 0x0000, 0x0000, 0x0000, // 0x0E80 (3712) pixels
    0x0000, 0x0000, 0x0000, 0x0000, 0x0000, 0x0000, 0x0000, 0x0000, 0x0000, 0x0000, 0x0000, 0x0000, 0x0000, 0x0000, 0x0000, 0x0000, // 0x0E90 (3728) pixels
    0x0000, 0x0000, 0x0000, 0x0000, 0x0000, 0x0000, 0x0000, 0x0000, 0x0000, 0x0000, 0x0000, 0x0000, 0x0000, 0x0000, 0x0000, 0x0000, // 0x0EA0 (3744) pixels
    0x0000, 0x0000, 0x0000, 0x0000, 0x0000, 0x0000, 0x0000, 0x0020, 0x0800, 0x2922, 0x3184, 0x18A2, 0x0000, 0x0000, 0x0020, 0x0000, // 0x0EB0 (3760) pixels
    0x0020, 0x0000, 0x82E9, 0xF64F, 0xFCC9, 0xFC68, 0xE2E8, 0xA126, 0xEDFA, 0xFFFE, 0xCF4F, 0xD7A9, 0xDF2B, 0xD70B, 0xCF49, 0xC72A, // 0x0EC0 (3776) pixels
    0xBF69, 0xAEE9, 0xA689, 0xAE8A, 0xA60A, 0x858A, 0x652A, 0x44EB, 0x642B, 0x4B2B, 0x38A6, 0x5086, 0x93B1, 0xE65D, 0xFF9F, 0xF7FF, // 0x0ED0 (3792) pixels
    0xE61A, 0xD435, 0xE253, 0xF9D6, 0xE0B3, 0xBA11, 0x5125, 0xAC2B, 0xB505, 0xB466, 0xC4CA, 0xBD07, 0xCEC8, 0x5B62, 0x0000, 0x0001, // 0x0EE0 (3808) pixels
    0x0000, 0x0000, 0x0000, 0x0000, 0x0020, 0x1080, 0x2922, 0x39C4, 0x2144, 0x0860, 0x0000, 0x0000, 0x0000, 0x0000, 0x0000, 0x0020, // 0x0EF0 (3824) pixels
    0x0000, 0x0000, 0x0000, 0x0000, 0x0000, 0x0000, 0x0000, 0x0000, 0x0000, 0x0000, 0x0000, 0x0000, 0x0000, 0x0000, 0x0000, 0x0000, // 0x0F00 (3840) pixels
    0x0000, 0x0000, 0x0000, 0x0000, 0x0000, 0x0000, 0x0000, 0x0000, 0x0000, 0x0000, 0x0000, 0x0000, 0x0000, 0x0000, 0x0000, 0x0000, // 0x0F10 (3856) pixels
    0x0000, 0x0000, 0x0000, 0x0000, 0x0000, 0x0000, 0x0000, 0x0000, 0x0000, 0x0820, 0x0000, 0x0000, 0x0000, 0x0000, 0x0000, 0x0000, // 0x0F20 (3872) pixels
    0x0000, 0x0861, 0x0820, 0x3925, 0x2083, 0x0841, 0x0000, 0x0020, 0x0020, 0x0000, 0x5206, 0xFE54, 0xF408, 0xE2A7, 0xCA2D, 0xB2A9, // 0x0F30 (3888) pixels
    0xFFFF, 0xE772, 0xD76B, 0xD74B, 0xD72B, 0xD76A, 0xD749, 0xCF2B, 0xB729, 0xAEC9, 0xA6AA, 0x9E8B, 0x962B, 0x7D6B, 0x64AB, 0x5C6D, // 0x0F40 (3904) pixels
    0x6AE9, 0x3925, 0x72AD, 0xE63C, 0xFF7F, 0xFE7C, 0xFCD8, 0xEB94, 0xF294, 0xFA74, 0xF9D3, 0xFA14, 0xE0F2, 0xD9F4, 0x5127, 0x9BEB, // 0x0F50 (3920) pixels
    0xBC68, 0xB44A, 0xB4CC, 0x9D04, 0xC706, 0x4AE7, 0x0020, 0x0800, 0x0001, 0x0000, 0x0000, 0x0800, 0x20A0, 0x3982, 0x3183, 0x20E1, // 0x0F60 (3936) pixels
    0x0020, 0x0000, 0x0000, 0x0000, 0x0000, 0x0000, 0x0000, 0x0000, 0x0000, 0x0000, 0x0000, 0x0000, 0x0000, 0x0000, 0x0000, 0x0000, // 0x0F70 (3952) pixels
    0x0000, 0x0000, 0x0000, 0x0000, 0x0000, 0x0000, 0x0000, 0x0000, 0x0000, 0x0000, 0x0000, 0x0000, 0x0000, 0x0000, 0x0000, 0x0000, // 0x0F80 (3968) pixels
    0x0000, 0x0000, 0x0000, 0x0000, 0x0000, 0x0000, 0x0000, 0x0000, 0x0000, 0x0000, 0x0000, 0x0000, 0x0000, 0x0000, 0x0000, 0x0000, // 0x0F90 (3984) pixels
    0x0000, 0x0000, 0x0000, 0x0020, 0x0000, 0x0000, 0x0020, 0x0000, 0x0820, 0x0000, 0x1060, 0xA46D, 0x72E7, 0x1880, 0x0000, 0x0001, // 0x0FA0 (4000) pixels
    0x0000, 0x0020, 0x30E4, 0xBC4E, 0xA306, 0xD2AA, 0xB169, 0xBC71, 0xFFFC, 0xDF50, 0xD749, 0xD74A, 0xCF2B, 0xCF49, 0xCF49, 0xCF4B, // 0x0FB0 (4016) pixels
    0xAF0A, 0xAEC9, 0xA6AA, 0x9E4C, 0x858C, 0x6489, 0x5407, 0x5405, 0x5226, 0xB4B1, 0xF639, 0xED97, 0xD473, 0xD3F2, 0xE394, 0xEB15, // 0x0FC0 (4032) pixels
    0xEB14, 0xF2B3, 0xF1F2, 0xEA14, 0xD8F2, 0xD9F5, 0x5929, 0x9B8C, 0xB3EA, 0xABE9, 0xAC4C, 0x9CC6, 0xB6A7, 0x3205, 0x0000, 0x0000, // 0x0FD0 (4048) pixels
    0x0000, 0x0000, 0x0820, 0x20E1, 0x3983, 0x3142, 0x18A0, 0x0020, 0x0000, 0x0000, 0x0000, 0x0000, 0x0000, 0x0000, 0x0000, 0x0000, // 0x0FE0 (4064) pixels
    0x0000, 0x0000, 0x0000, 0x0000, 0x0000, 0x0000, 0x0000, 0x0000, 0x0000, 0x0000, 0x0000, 0x0000, 0x0000, 0x0000, 0x0000, 0x0000, // 0x0FF0 (4080) pixels
    0x0000, 0x0000, 0x0000, 0x0000, 0x0000, 0x0000, 0x0000, 0x0000, 0x0000, 0x0000, 0x0000, 0x0000, 0x0000, 0x0000, 0x0000, 0x0000, // 0x1000 (4096) pixels
    0x0000, 0x0000, 0x0000, 0x0000, 0x0000, 0x0000, 0x0000, 0x0000, 0x0000, 0x0840, 0x0820, 0x0000, 0x0000, 0x0000, 0x0000, 0x0000, // 0x1010 (4112) pixels
    0x0000, 0x0002, 0x1880, 0xE691, 0xFF11, 0xA44B, 0x3984, 0x1861, 0x1000, 0x0040, 0x0000, 0x6B27, 0x8BC9, 0xC2ED, 0x7883, 0xC5F7, // 0x1020 (4128) pixels
    0xFFF7, 0xD72D, 0xCF28, 0xD769, 0xCF4A, 0xCF6A, 0xC749, 0xC70B, 0xA6AA, 0xAECB, 0xA64B, 0x7D09, 0x6C48, 0x74A9, 0x9E0B, 0xBF0C, // 0x1030 (4144) pixels
    0xB58F, 0xD633, 0xE5D4, 0xE512, 0xE4D2, 0xE452, 0xE393, 0xEB55, 0xDB52, 0xE2F3, 0xEA53, 0xE234, 0xD0F2, 0xD9F5, 0x590A, 0x8A8B, // 0x1040 (4160) pixels
    0xB36C, 0xAB89, 0x9BCB, 0x8C48, 0xAE4A, 0x0903, 0x0040, 0x0800, 0x0000, 0x1060, 0x2902, 0x39A4, 0x3142, 0x1060, 0x0000, 0x0000, // 0x1050 (4176) pixels
    0x0000, 0x0000, 0x0000, 0x0000, 0x0000, 0x0000, 0x0000, 0x0000, 0x0000, 0x0000, 0x0000, 0x0000, 0x0000, 0x0000, 0x0000, 0x0000, // 0x1060 (4192) pixels
    0x0000, 0x0000, 0x0000, 0x0000, 0x0000, 0x0000, 0x0000, 0x0000, 0x0000, 0x0000, 0x0000, 0x0000, 0x0000, 0x0000, 0x0000, 0x0000, // 0x1070 (4208) pixels
    0x0000, 0x0000, 0x0000, 0x0000, 0x0000, 0x0000, 0x0000, 0x0000, 0x0000, 0x0000, 0x0000, 0x0000, 0x0000, 0x0000, 0x0000, 0x0000, // 0x1080 (4224) pixels
    0x1061, 0x41E7, 0x3165, 0x0000, 0x0000, 0x0000, 0x0000, 0x0000, 0x0800, 0x0001, 0x28E2, 0xEE51, 0xF60B, 0xFECF, 0xFF54, 0xE671, // 0x1090 (4240) pixels
    0xDDCD, 0x83AA, 0x5B08, 0xAE0E, 0x9408, 0x79C5, 0x69A4, 0xD697, 0xEFB2, 0xD74B, 0xD768, 0xCF69, 0xC729, 0xCF6A, 0xC76B, 0xBF0B, // 0x10A0 (4256) pixels
    0xBEED, 0x8D69, 0x7487, 0x8D4A, 0xB68E, 0xCF4F, 0xD78F, 0xDFAF, 0xCF4E, 0xBE4D, 0xBD4D, 0xBCCE, 0xC4D0, 0xD4B2, 0xE433, 0xDB93, // 0x10B0 (4272) pixels
    0xCB31, 0xD2D2, 0xE253, 0xDA33, 0xD0F2, 0xD9F5, 0x612B, 0x824B, 0xA28C, 0x9AEA, 0x8B0A, 0x83C9, 0x8D0B, 0x0061, 0x3223, 0x0840, // 0x10C0 (4288) pixels
    0x20C0, 0x3143, 0x3983, 0x2101, 0x0820, 0x0000, 0x0000, 0x0022, 0x0000, 0x0000, 0x0000, 0x0000, 0x0000, 0x0000, 0x0000, 0x0000, // 0x10D0 (4304) pixels
    0x0000, 0x0000, 0x0000, 0x0000, 0x0000, 0x0000, 0x0000, 0x0000, 0x0000, 0x0000, 0x0000, 0x0000, 0x0000, 0x0000, 0x0000, 0x0000, // 0x10E0 (4320) pixels
    0x0000, 0x0000, 0x0000, 0x0000, 0x0000, 0x0000, 0x0000, 0x0000, 0x0000, 0x0000, 0x0000, 0x0000, 0x0000, 0x0000, 0x0000, 0x0000, // 0x10F0 (4336) pixels
    0x0000, 0x0000, 0x0000, 0x0000, 0x0000, 0x0000, 0x0000, 0x0000, 0x0000, 0x2924, 0x18A2, 0x0000, 0x0000, 0x0000, 0x0000, 0x0000, // 0x1100 (4352) pixels
    0x0800, 0x0841, 0x41C7, 0xF634, 0xECC9, 0xFDA7, 0xF607, 0xF669, 0xF549, 0x7B65, 0xB64E, 0x9CAA, 0x51E1, 0xA448, 0xACAC, 0xDE57, // 0x1110 (4368) pixels
    0xDF6D, 0xD74A, 0xD789, 0xCF49, 0xC709, 0xC74B, 0xBF0C, 0xAE8B, 0x84E9, 0x8D4A, 0xAE2C, 0xCF4E, 0xDFCE, 0xDF8D, 0xD74E, 0xD72F, // 0x1120 (4384) pixels
    0xC74A, 0xCF0C, 0xCEEF, 0xBE4F, 0xA52D, 0xACAE, 0xC451, 0xCBD2, 0xD351, 0xDAF2, 0xE273, 0xCA13, 0xC111, 0xC9D4, 0x594B, 0x7A2C, // 0x1130 (4400) pixels
    0x922C, 0x924D, 0x7AA9, 0x840B, 0x3AC7, 0x0923, 0x8D28, 0x18C2, 0x3983, 0x3163, 0x18C1, 0x0000, 0x0000, 0x0000, 0x0001, 0x0001, // 0x1140 (4416) pixels
    0x0000, 0x0000, 0x0000, 0x0000, 0x0000, 0x0000, 0x0000, 0x0000, 0x0000, 0x0000, 0x0000, 0x0000, 0x0000, 0x0000, 0x0000, 0x0000, // 0x1150 (4432) pixels
    0x0000, 0x0000, 0x0000, 0x0000, 0x0000, 0x0000, 0x0000, 0x0000, 0x0000, 0x0000, 0x0000, 0x0000, 0x0000, 0x0000, 0x0000, 0x0000, // 0x1160 (4448) pixels
    0x0000, 0x0000, 0x0000, 0x0000, 0x0000, 0x0000, 0x0000, 0x0000, 0x0000, 0x0000, 0x0000, 0x0000, 0x0000, 0x0000, 0x0000, 0x0000, // 0x1170 (4464) pixels
    0x0000, 0x0000, 0x0000, 0x0000, 0x0000, 0x0000, 0x0020, 0x0000, 0x0800, 0x0000, 0x39A6, 0xFDD7, 0xEBCA, 0xFCA7, 0xFD45, 0xF5A5, // 0x1180 (4480) pixels
    0xBB04, 0x8CA6, 0xB5CA, 0x7A45, 0x9C8C, 0xEFAF, 0xA448, 0xE617, 0xD78B, 0xC74A, 0xC72A, 0xC72A, 0xC74B, 0xC72D, 0xA62A, 0x8D48, // 0x1190 (4496) pixels
    0x8D0B, 0xC6AE, 0xDFCF, 0xD78B, 0xCF2A, 0xDF6D, 0xDF8F, 0xD74E, 0xD74C, 0xCEEC, 0xC6EC, 0xC72D, 0xBEEE, 0xADAD, 0xA46E, 0xABAF, // 0x11A0 (4512) pixels
    0xBB6F, 0xC2F1, 0xCA92, 0xBA52, 0xB950, 0xB991, 0x48EA, 0x69AB, 0x8A0C, 0x820F, 0x728A, 0x7C0C, 0x00C1, 0x32E5, 0xBF29, 0x20E2, // 0x11B0 (4528) pixels
    0x2902, 0x1080, 0x0000, 0x0000, 0x0000, 0x0000, 0x0000, 0x0000, 0x0000, 0x0000, 0x0000, 0x0000, 0x0000, 0x0000, 0x0000, 0x0000, // 0x11C0 (4544) pixels
    0x0000, 0x0000, 0x0000, 0x0000, 0x0000, 0x0000, 0x0000, 0x0000, 0x0000, 0x0000, 0x0000, 0x0000, 0x0000, 0x0000, 0x0000, 0x0000, // 0x11D0 (4560) pixels
    0x0000, 0x0000, 0x0000, 0x0000, 0x0000, 0x0000, 0x0000, 0x0000, 0x0000, 0x0000, 0x0000, 0x0000, 0x0000, 0x0000, 0x0000, 0x0000, // 0x11E0 (4576) pixels
    0x0000, 0x0000, 0x0000, 0x0000, 0x0000, 0x0000, 0x0000, 0x0000, 0x0820, 0x0000, 0x0000, 0x0000, 0x0000, 0x0000, 0x0000, 0x0000, // 0x11F0 (4592) pixels
    0x0000, 0x0021, 0x41E8, 0xFE18, 0xEAEC, 0xFB4B, 0xFC8C, 0xEC89, 0x8244, 0xCE8F, 0x8344, 0x92C7, 0xEF73, 0xEFEF, 0xACC8, 0xD5D4, // 0x1200 (4608) pixels
    0xCF8B, 0xBF0B, 0xBEEB, 0xBF0B, 0xC72D, 0xB64C, 0x956A, 0x9D8A, 0xD72F, 0xDF6E, 0xDF8C, 0xD76C, 0xD76C, 0xD78E, 0xD76E, 0xCF4D, // 0x1210 (4624) pixels
    0xC6CB, 0xCF0D, 0xCF2D, 0xBF0C, 0xBF2C, 0xBF0E, 0xB60F, 0xA4EE, 0x9C0D, 0x9B4E, 0xA2B0, 0xA270, 0xB18F, 0xA990, 0x4089, 0x612B, // 0x1220 (4640) pixels
    0x716B, 0x698E, 0x628B, 0x42A8, 0x0100, 0x6CC8, 0xC786, 0x18C0, 0x0820, 0x0000, 0x0000, 0x0020, 0x0020, 0x0000, 0x0000, 0x1020, // 0x1230 (4656) pixels
    0x0841, 0x0020, 0x0000, 0x0000, 0x0000, 0x0000, 0x0000, 0x0000, 0x0000, 0x0000, 0x0000, 0x0000, 0x0000, 0x0000, 0x0000, 0x0000, // 0x1240 (4672) pixels
    0x0000, 0x0000, 0x0000, 0x0000, 0x0000, 0x0000, 0x0000, 0x0000, 0x0000, 0x0000, 0x0000, 0x0000, 0x0000, 0x0000, 0x0000, 0x0000, // 0x1250 (4688) pixels
    0x0000, 0x0000, 0x0000, 0x0000, 0x0000, 0x0000, 0x0000, 0x0000, 0x0000, 0x0000, 0x0000, 0x0000, 0x0000, 0x0000, 0x0000, 0x0000, // 0x1260 (4704) pixels
    0x0840, 0x2103, 0x1061, 0x0000, 0x0000, 0x0000, 0x0000, 0x0020, 0x0020, 0x0021, 0x2945, 0xFDF7, 0xFB0E, 0xFA6F, 0xFAF0, 0xBA27, // 0x1270 (4720) pixels
    0x940A, 0x9C48, 0x82E8, 0xFF34, 0xEFEE, 0xDF6E, 0xC60C, 0xBD8E, 0xBF6B, 0xB6EB, 0xB6CC, 0xBEEC, 0xB68B, 0x9549, 0x9D6B, 0xD732, // 0x1280 (4736) pixels
    0xE7AB, 0xDF8C, 0xD74D, 0xD74E, 0xD76D, 0xD76C, 0xCF6C, 0xCF4C, 0xC74D, 0xC6CC, 0xCEEE, 0xC70E, 0xB6EC, 0xAF0C, 0xB72E, 0xA6AE, // 0x1290 (4752) pixels
    0x9DB0, 0x9470, 0x9330, 0x8A8F, 0xA1AF, 0x994F, 0x3829, 0x60CB, 0x58EA, 0x618D, 0x6ACE, 0x1124, 0x32E5, 0xA6CC, 0xC7A5, 0x2961, // 0x12A0 (4768) pixels
    0x0000, 0x0000, 0x0000, 0x0000, 0x0000, 0x0000, 0x1020, 0x1840, 0x2104, 0x10A2, 0x0020, 0x0000, 0x0000, 0x0000, 0x0000, 0x0000, // 0x12B0 (4784) pixels
    0x0000, 0x0000, 0x0000, 0x0000, 0x0000, 0x0000, 0x0000, 0x0000, 0x0000, 0x0000, 0x0000, 0x0000, 0x0000, 0x0000, 0x0000, 0x0000, // 0x12C0 (4800) pixels
    0x0000, 0x0000, 0x0000, 0x0000, 0x0000, 0x0000, 0x0000, 0x0000, 0x0000, 0x0000, 0x0000, 0x0000, 0x0000, 0x0000, 0x0000, 0x0000, // 0x12D0 (4816) pixels
    0x0000, 0x0000, 0x0000, 0x0000, 0x0000, 0x0000, 0x0000, 0x0000, 0x20A0, 0x3983, 0x39A3, 0x20E0, 0x0840, 0x0000, 0x0000, 0x0820, // 0x12E0 (4832) pixels
    0x0802, 0x0020, 0x08E3, 0xE619, 0xEB0D, 0xFA4F, 0xEA0F, 0x9227, 0xC4CC, 0x6225, 0xCE50, 0xEFCF, 0xDF8D, 0xDF8B, 0xDF4D, 0xAD4E, // 0x12F0 (4848) pixels
    0xBEEB, 0xB6AB, 0xB6AD, 0xB6AE, 0x9549, 0x9DAA, 0xDF70, 0xE78F, 0xD76C, 0xEFEF, 0xDF6F, 0xCF0D, 0xD74D, 0xCF2C, 0xCF2C, 0xCF2D, // 0x1300 (4864) pixels
    0xCF4C, 0xBEEB, 0xC70C, 0xBF0D, 0xBEED, 0xB6AC, 0xBEED, 0xB6AC, 0xAE4E, 0xAE0E, 0x950D, 0x738B, 0x624C, 0x492B, 0x4049, 0x58EB, // 0x1310 (4880) pixels
    0x594D, 0x51CD, 0x08C4, 0x1AE1, 0x65C7, 0x9728, 0xBF69, 0x2140, 0x0000, 0x0000, 0x0000, 0x0000, 0x0820, 0x20A0, 0x3142, 0x3983, // 0x1320 (4896) pixels
    0x2104, 0x1061, 0x0000, 0x0000, 0x0000, 0x0000, 0x0000, 0x0000, 0x0000, 0x0000, 0x0000, 0x0000, 0x0000, 0x0000, 0x0000, 0x0000, // 0x1330 (4912) pixels
    0x0000, 0x0000, 0x0000, 0x0000, 0x0000, 0x0000, 0x0000, 0x0000, 0x0000, 0x0000, 0x0000, 0x0000, 0x0000, 0x0000, 0x0000, 0x0000, // 0x1340 (4928) pixels
    0x0000, 0x0000, 0x0000, 0x0000, 0x0000, 0x0000, 0x0000, 0x0000, 0x0000, 0x0000, 0x0000, 0x0000, 0x0000, 0x0000, 0x0000, 0x0000, // 0x1350 (4944) pixels
    0x0000, 0x18A1, 0x3142, 0x3183, 0x39A3, 0x2942, 0x1060, 0x0000, 0x0000, 0x0000, 0x0061, 0xD5B7, 0xEB6E, 0xF9EE, 0xD9CE, 0x9A8A, // 0x1360 (4960) pixels
    0x93A9, 0x9C2A, 0xE731, 0xE7AE, 0xD78C, 0xDF8C, 0xE76E, 0xAD6B, 0x9DC9, 0xBECD, 0xAE4C, 0x958A, 0x9DCB, 0xCF30, 0xF7F3, 0xE7B1, // 0x1370 (4976) pixels
    0xE7AD, 0xE7EF, 0xD74E, 0xCF0D, 0xD74D, 0xCF2C, 0xCF2D, 0xCF2D, 0xC6ED, 0xCF2E, 0xC72F, 0xBECE, 0xC70F, 0xBECD, 0xB68C, 0xB6AC, // 0x1380 (4992) pixels
    0xAEAE, 0xAE8E, 0x9DCE, 0x8CEF, 0x5ACB, 0x28E8, 0x38E9, 0x514B, 0x20A6, 0x18E6, 0x2A47, 0x5509, 0x6629, 0x86C8, 0xA6C9, 0x1900, // 0x1390 (5008) pixels
    0x0000, 0x0000, 0x0820, 0x18A1, 0x3164, 0x3984, 0x2943, 0x18A0, 0x0000, 0x0000, 0x0000, 0x0000, 0x0000, 0x0000, 0x0000, 0x0000, // 0x13A0 (5024) pixels
    0x0000, 0x0000, 0x0000, 0x0000, 0x0000, 0x0000, 0x0000, 0x0000, 0x0000, 0x0000, 0x0000, 0x0000, 0x0000, 0x0000, 0x0000, 0x0000, // 0x13B0 (5040) pixels
    0x0000, 0x0000, 0x0000, 0x0000, 0x0000, 0x0000, 0x0000, 0x0000, 0x0000, 0x0000, 0x0000, 0x0000, 0x0000, 0x0000, 0x0000, 0x0000, // 0x13C0 (5056) pixels
    0x0000, 0x0000, 0x0000, 0x0000, 0x0000, 0x0000, 0x0000, 0x0000, 0x0000, 0x0000, 0x0000, 0x1060, 0x2122, 0x3183, 0x3163, 0x3143, // 0x13D0 (5072) pixels
    0x1081, 0x0820, 0x0000, 0xACF3, 0xF472, 0xF1CE, 0xC94D, 0x9ACC, 0x6A86, 0xCE2F, 0xEFD1, 0xDF8E, 0xD78C, 0xDF6E, 0xEFB1, 0xD6AC, // 0x13E0 (5088) pixels
    0x958A, 0xAE2C, 0x958A, 0x9589, 0xBECE, 0xE7D2, 0xF7F3, 0xEFD2, 0xD74C, 0xDF6E, 0xD74D, 0xCF2D, 0xCF2D, 0xCF2D, 0xD74F, 0xCF2F, // 0x13F0 (5104) pixels
    0xC6F1, 0xBE90, 0xBEB1, 0xBE91, 0xBE90, 0xBED0, 0xBEEF, 0xB68C, 0xA6AD, 0xA6AD, 0x9E4E, 0x9DF0, 0x7C8F, 0x3209, 0x0865, 0x1886, // 0x1400 (5120) pixels
    0x19E6, 0x2AA8, 0x4C4C, 0x55AB, 0x5E0A, 0x6E07, 0x8E2A, 0x0060, 0x0000, 0x18A1, 0x3144, 0x3164, 0x2102, 0x1080, 0x0820, 0x0020, // 0x1410 (5136) pixels
    0x0000, 0x0000, 0x0000, 0x0000, 0x0000, 0x0000, 0x0000, 0x0000, 0x0000, 0x0000, 0x0000, 0x0000, 0x0000, 0x0000, 0x0000, 0x0000, // 0x1420 (5152) pixels
    0x0000, 0x0000, 0x0000, 0x0000, 0x0000, 0x0000, 0x0000, 0x0000, 0x0000, 0x0000, 0x0000, 0x0000, 0x0000, 0x0000, 0x0000, 0x0000, // 0x1430 (5168) pixels
    0x0000, 0x0000, 0x0000, 0x0000, 0x0000, 0x0000, 0x0000, 0x0000, 0x0000, 0x0000, 0x0000, 0x0000, 0x0000, 0x0000, 0x0000, 0x0000, // 0x1440 (5184) pixels
    0x0001, 0x0000, 0x0000, 0x0000, 0x0800, 0x1060, 0x20E1, 0x2923, 0x2964, 0x3121, 0x1040, 0x6B4C, 0xED13, 0xD9CD, 0xA8CC, 0x71E9, // 0x1450 (5200) pixels
    0x83CB, 0xE730, 0xDF6D, 0xD74D, 0xD76D, 0xDF71, 0xF7D4, 0xE76E, 0xBE8E, 0x9DAA, 0x9DA9, 0xBEED, 0xD790, 0xD76F, 0xE7B0, 0xE790, // 0x1460 (5216) pixels
    0xDF6E, 0xD76D, 0xD74D, 0xCF4C, 0xD74D, 0xD730, 0xBE6F, 0x954D, 0x6BA9, 0x4245, 0x3A66, 0x4AA7, 0x5B69, 0x8CCD, 0xADEF, 0xBE8F, // 0x1470 (5232) pixels
    0xA64C, 0x9E4C, 0xA68D, 0x960D, 0x856F, 0x538C, 0x1166, 0x2A09, 0x2369, 0x3C6C, 0x450C, 0x3D09, 0x4569, 0x5DA7, 0x960D, 0x0881, // 0x1480 (5248) pixels
    0x2923, 0x2923, 0x2103, 0x1081, 0x0020, 0x0000, 0x0000, 0x0000, 0x0000, 0x0000, 0x0000, 0x0000, 0x0000, 0x0000, 0x0000, 0x0000, // 0x1490 (5264) pixels
    0x0000, 0x0000, 0x0000, 0x0000, 0x0000, 0x0000, 0x0000, 0x0000, 0x0000, 0x0000, 0x0000, 0x0000, 0x0000, 0x0000, 0x0000, 0x0000, // 0x14A0 (5280) pixels
    0x0000, 0x0000, 0x0000, 0x0000, 0x0000, 0x0000, 0x0000, 0x0000, 0x0000, 0x0000, 0x0000, 0x0000, 0x0000, 0x0000, 0x0000, 0x0000, // 0x14B0 (5296) pixels
    0x0000, 0x0000, 0x0000, 0x0000, 0x0000, 0x0000, 0x0000, 0x0020, 0x0000, 0x0000, 0x0021, 0x0021, 0x0000, 0x0000, 0x0000, 0x0800, // 0x14C0 (5312) pixels
    0x08A0, 0x3101, 0x20A1, 0x1923, 0xBC90, 0xBA0D, 0x8089, 0x4925, 0xD692, 0xEFAE, 0xD74B, 0xD74C, 0xD76D, 0xE7B2, 0xEFB4, 0xDF4D, // 0x14D0 (5328) pixels
    0xD750, 0xBE8C, 0xC6EC, 0xDFAE, 0xD78D, 0xD76D, 0xDF8E, 0xD72D, 0xD74E, 0xD74D, 0xD74C, 0xD74D, 0xCF0E, 0xADEE, 0x6369, 0x1922, // 0x14E0 (5344) pixels
    0x0020, 0x0001, 0x0843, 0x0001, 0x0000, 0x08A1, 0x4266, 0xA590, 0xB690, 0xAE4D, 0xAE8D, 0x9E2D, 0x8D8E, 0x6C8E, 0x3289, 0x19C7, // 0x14F0 (5360) pixels
    0x1B89, 0x1BC9, 0x34CA, 0x350B, 0x1C67, 0x5DA9, 0x6CCA, 0x08A1, 0x28E2, 0x1881, 0x0000, 0x0000, 0x0000, 0x0020, 0x0020, 0x0000, // 0x1500 (5376) pixels
    0x0820, 0x0000, 0x0000, 0x0000, 0x0000, 0x0000, 0x0000, 0x0000, 0x0000, 0x0000, 0x0000, 0x0000, 0x0000, 0x0000, 0x0000, 0x0000, // 0x1510 (5392) pixels
    0x0000, 0x0000, 0x0000, 0x0000, 0x0000, 0x0000, 0x0000, 0x0000, 0x0000, 0x0000, 0x0000, 0x0000, 0x0000, 0x0000, 0x0000, 0x0000, // 0x1520 (5408) pixels
    0x0000, 0x0000, 0x0000, 0x0000, 0x0000, 0x0000, 0x0000, 0x0000, 0x0000, 0x0000, 0x0000, 0x0000, 0x0000, 0x0000, 0x0000, 0x0000, // 0x1530 (5424) pixels
    0x0000, 0x0000, 0x0000, 0x0000, 0x0000, 0x0000, 0x0000, 0x0000, 0x0000, 0x0800, 0x0820, 0x0020, 0x942D, 0xAACE, 0x6087, 0x6A89, // 0x1540 (5440) pixels
    0xF7B2, 0xE74D, 0xE76C, 0xDF8D, 0xCF0B, 0xD74E, 0xDF70, 0xD72D, 0xDF4F, 0xDF4E, 0xDF8E, 0xD78D, 0xCF4C, 0xCF4C, 0xD76D, 0xD72C, // 0x1550 (5456) pixels
    0xCF2E, 0xCF2D, 0xD76D, 0xCF2E, 0xB62E, 0x6BEA, 0x1924, 0x0002, 0x0002, 0x0002, 0x0003, 0x0004, 0x0003, 0x0002, 0x0000, 0x29A6, // 0x1560 (5472) pixels
    0x9D4F, 0xBE71, 0x9E0C, 0x95EC, 0x95EF, 0x7CEE, 0x4B4B, 0x0945, 0x12E9, 0x1B8A, 0x2C6A, 0x246B, 0x0BC7, 0x762D, 0x2223, 0x0840, // 0x1570 (5488) pixels
    0x0000, 0x0000, 0x0000, 0x0000, 0x0000, 0x0000, 0x0000, 0x0000, 0x18A2, 0x0840, 0x0000, 0x0000, 0x0000, 0x0000, 0x0000, 0x0000, // 0x1580 (5504) pixels
    0x0000, 0x0000, 0x0000, 0x0000, 0x0000, 0x0000, 0x0000, 0x0000, 0x0000, 0x0000, 0x0000, 0x0000, 0x0000, 0x0000, 0x0000, 0x0000, // 0x1590 (5520) pixels
    0x0000, 0x0000, 0x0000, 0x0000, 0x0000, 0x0000, 0x0000, 0x0000, 0x0000, 0x0000, 0x0000, 0x0000, 0x0000, 0x0000, 0x0000, 0x0000, // 0x15A0 (5536) pixels
    0x0000, 0x0000, 0x0000, 0x0000, 0x0020, 0x0020, 0x0000, 0x0000, 0x0020, 0x0000, 0x0000, 0x0000, 0x0000, 0x0021, 0x0020, 0x0000, // 0x15B0 (5552) pixels
    0x0041, 0x0000, 0x0000, 0x0060, 0x6B49, 0xA3CF, 0x48A5, 0xB4F1, 0xFFD4, 0xCE0F, 0xD690, 0xE770, 0xDF6E, 0xCF2B, 0xD76C, 0xD72E, // 0x15C0 (5568) pixels
    0xDF2E, 0xDF4E, 0xD74D, 0xCF2C, 0xCF4D, 0xCF2C, 0xCF0C, 0xD74E, 0xCF0E, 0xCF0E, 0xCF2F, 0xBE8F, 0x848C, 0x1944, 0x0002, 0x1908, // 0x15D0 (5584) pixels
    0x420A, 0x2947, 0x0002, 0x0003, 0x0824, 0x0023, 0x0002, 0x0002, 0x3A47, 0xADF2, 0xAE4F, 0x9E2D, 0x962F, 0x74CE, 0x53CD, 0x2248, // 0x15E0 (5600) pixels
    0x09E7, 0x2B4B, 0x1BA9, 0x0329, 0x242B, 0x656D, 0x0060, 0x1000, 0x0020, 0x0000, 0x0000, 0x0000, 0x0000, 0x0000, 0x0000, 0x0000, // 0x15F0 (5616) pixels
    0x18A2, 0x0841, 0x0000, 0x0000, 0x0000, 0x0000, 0x0000, 0x0021, 0x0000, 0x0000, 0x0000, 0x0000, 0x0000, 0x0000, 0x0000, 0x0000, // 0x1600 (5632) pixels
    0x0000, 0x0000, 0x0000, 0x0000, 0x0000, 0x0000, 0x0000, 0x0000, 0x0000, 0x0000, 0x0000, 0x0000, 0x0000, 0x0000, 0x0000, 0x0000, // 0x1610 (5648) pixels
    0x0000, 0x0000, 0x0000, 0x0000, 0x0000, 0x0000, 0x0000, 0x0000, 0x0000, 0x0000, 0x0000, 0x0840, 0x1082, 0x10A2, 0x1081, 0x0840, // 0x1620 (5664) pixels
    0x0000, 0x0000, 0x0000, 0x0000, 0x0000, 0x0000, 0x0020, 0x0020, 0x0001, 0x0020, 0x0021, 0x0020, 0x2181, 0x9C4F, 0x38C4, 0xDE55, // 0x1630 (5680) pixels
    0xACEC, 0x51E6, 0x5A66, 0xA52B, 0xDF30, 0xCF2B, 0xD76B, 0xCF30, 0xDF2D, 0xD72D, 0xD72D, 0xCF2D, 0xD74E, 0xD74E, 0xD72E, 0xD72E, // 0x1640 (5696) pixels
    0xCF2E, 0xCF0E, 0xC6D0, 0xA5AF, 0x5309, 0x0042, 0x31CA, 0xD6BE, 0xFFFF, 0xDEBB, 0x41E9, 0x0002, 0x0002, 0x0003, 0x0023, 0x0003, // 0x1650 (5712) pixels
    0x0040, 0x6C2C, 0x9E0F, 0x962D, 0x85CD, 0x752E, 0x646F, 0x2AAA, 0x0946, 0x1A69, 0x12E6, 0x0B2B, 0x4511, 0x2B67, 0x0020, 0x0800, // 0x1660 (5728) pixels
    0x0000, 0x0000, 0x0000, 0x0000, 0x0000, 0x0000, 0x0000, 0x0000, 0x0000, 0x0000, 0x0000, 0x0000, 0x0000, 0x0000, 0x0000, 0x0000, // 0x1670 (5744) pixels
    0x0000, 0x0000, 0x0000, 0x0000, 0x0000, 0x0000, 0x0000, 0x0000, 0x0000, 0x0000, 0x0000, 0x0000, 0x0000, 0x0000, 0x0000, 0x0000, // 0x1680 (5760) pixels
    0x0000, 0x0000, 0x0000, 0x0000, 0x0000, 0x0000, 0x0000, 0x0000, 0x0000, 0x0000, 0x0000, 0x0000, 0x0000, 0x0000, 0x0000, 0x0000, // 0x1690 (5776) pixels
    0x0000, 0x0000, 0x0000, 0x1080, 0x3143, 0x39A3, 0x3961, 0x3140, 0x3122, 0x3102, 0x20A1, 0x1860, 0x1020, 0x0800, 0x0000, 0x0000, // 0x16A0 (5792) pixels
    0x0801, 0x0000, 0x0020, 0x0000, 0x0020, 0x1881, 0x8BEF, 0xCDB7, 0x1041, 0x0802, 0x0002, 0x18A2, 0xBD8F, 0xEF2F, 0xD70B, 0xCF2B, // 0x16B0 (5808) pixels
    0xD70E, 0xD72E, 0xD72E, 0xD72E, 0xD72E, 0xD72E, 0xCF0E, 0xCF0E, 0xCEED, 0xC70F, 0xB691, 0x742D, 0x18E4, 0x2907, 0xEF1E, 0xFFFF, // 0x16C0 (5824) pixels
    0xFFFF, 0xFFFF, 0x8452, 0x0023, 0x0003, 0x0024, 0x0004, 0x0004, 0x0001, 0x10A2, 0x9531, 0x9E10, 0x85AD, 0x858E, 0x644D, 0x53AE, // 0x16D0 (5840) pixels
    0x1988, 0x0A08, 0x0AE9, 0x2BEC, 0x43CB, 0x00C0, 0x0000, 0x0000, 0x0001, 0x0801, 0x0800, 0x0000, 0x0020, 0x0020, 0x0000, 0x0800, // 0x16E0 (5856) pixels
    0x0000, 0x0000, 0x0000, 0x0000, 0x0000, 0x0000, 0x0000, 0x0000, 0x0000, 0x0000, 0x0000, 0x0000, 0x0000, 0x0000, 0x0000, 0x0000, // 0x16F0 (5872) pixels
    0x0000, 0x0000, 0x0000, 0x0000, 0x0000, 0x0000, 0x0000, 0x0000, 0x0000, 0x0000, 0x0000, 0x0000, 0x0000, 0x0000, 0x0000, 0x0000, // 0x1700 (5888) pixels
    0x0000, 0x0000, 0x0000, 0x0000, 0x0000, 0x0000, 0x0000, 0x0000, 0x0001, 0x0000, 0x0000, 0x0820, 0x18C1, 0x2922, 0x3142, 0x3182, // 0x1710 (5904) pixels
    0x3961, 0x3982, 0x3982, 0x3982, 0x3162, 0x2901, 0x18C0, 0x1080, 0x0800, 0x0000, 0x0000, 0x0000, 0x0000, 0x1041, 0xBD56, 0x836F, // 0x1720 (5920) pixels
    0x0800, 0x0002, 0x0003, 0x1022, 0x62C7, 0xE6F1, 0xD6ED, 0xCF2D, 0xD70E, 0xD70E, 0xD72E, 0xD72E, 0xD72E, 0xCF0E, 0xCF0E, 0xCEEE, // 0x1730 (5936) pixels
    0xCEED, 0xC6CF, 0x958D, 0x5329, 0x1083, 0x4A2B, 0xFFFF, 0xF7DE, 0xFFDE, 0xFFFF, 0x8432, 0x0023, 0x0003, 0x0003, 0x0003, 0x0003, // 0x1740 (5952) pixels
    0x0002, 0x0041, 0x742D, 0x9DF0, 0x8DAD, 0x858E, 0x6C8E, 0x53AE, 0x2A29, 0x11E7, 0x1ACA, 0x1A89, 0x0945, 0x0001, 0x0001, 0x0021, // 0x1750 (5968) pixels
    0x0020, 0x0840, 0x3165, 0x1061, 0x0041, 0x0000, 0x0000, 0x0800, 0x0000, 0x0000, 0x0000, 0x0000, 0x0000, 0x0000, 0x0000, 0x0000, // 0x1760 (5984) pixels
    0x0000, 0x0000, 0x0000, 0x0000, 0x0000, 0x0000, 0x0000, 0x0000, 0x0000, 0x0000, 0x0000, 0x0000, 0x0000, 0x0000, 0x0000, 0x0000, // 0x1770 (6000) pixels
    0x0000, 0x0000, 0x0000, 0x0000, 0x0000, 0x0000, 0x0000, 0x0000, 0x0000, 0x0000, 0x0000, 0x0000, 0x0000, 0x0000, 0x0000, 0x0000, // 0x1780 (6016) pixels
    0x0000, 0x0020, 0x0000, 0x0000, 0x0000, 0x0000, 0x0820, 0x1040, 0x18A0, 0x18E0, 0x2920, 0x3161, 0x3182, 0x3982, 0x3982, 0x3982, // 0x1790 (6032) pixels
    0x3143, 0x3143, 0x20C1, 0x18A1, 0x0820, 0x1862, 0xD65B, 0x3127, 0x1021, 0x3189, 0x0004, 0x0002, 0x28C2, 0xBDB0, 0xDF31, 0xCF0E, // 0x17A0 (6048) pixels
    0xCEEE, 0xCEEE, 0xD70E, 0xD70E, 0xD70E, 0xCF0E, 0xCEEE, 0xCEEE, 0xC6AC, 0xC6CF, 0x8D4D, 0x4B09, 0x0022, 0x4A4B, 0xFFFF, 0xFFFF, // 0x17B0 (6064) pixels
    0xFFFF, 0xF7BE, 0x5ACC, 0x0002, 0x1024, 0x0003, 0x0003, 0x0002, 0x0023, 0x0001, 0x3AA8, 0x95B0, 0x8DAE, 0x858E, 0x74CE, 0x4BAD, // 0x17C0 (6080) pixels
    0x3A6A, 0x00C3, 0x09A6, 0x11E6, 0x1A06, 0x3A87, 0x3245, 0x0100, 0x19E0, 0x7C8B, 0x7BCC, 0x0840, 0x0000, 0x0022, 0x0021, 0x0000, // 0x17D0 (6096) pixels
    0x0000, 0x0000, 0x0000, 0x0000, 0x0000, 0x0020, 0x0000, 0x0000, 0x0000, 0x0000, 0x0000, 0x0000, 0x0000, 0x0000, 0x0000, 0x0000, // 0x17E0 (6112) pixels
    0x0000, 0x0000, 0x0000, 0x0000, 0x0000, 0x0000, 0x0000, 0x0000, 0x0000, 0x0000, 0x0000, 0x0000, 0x0000, 0x0000, 0x0000, 0x0000, // 0x17F0 (6128) pixels
    0x0000, 0x0000, 0x0000, 0x0000, 0x0000, 0x0000, 0x0000, 0x0000, 0x0000, 0x0000, 0x0000, 0x0000, 0x0000, 0x0000, 0x0000, 0x0000, // 0x1800 (6144) pixels
    0x0000, 0x0000, 0x0020, 0x0840, 0x1080, 0x20C1, 0x2902, 0x3122, 0x3943, 0x3984, 0x3143, 0x3964, 0x2903, 0x3166, 0xBD98, 0x3127, // 0x1810 (6160) pixels
    0xD679, 0xF7BF, 0x83F3, 0x0804, 0x0801, 0x83CB, 0xD6D2, 0xC6CE, 0xCEEE, 0xCEEE, 0xCF0E, 0xCF0E, 0xCF0E, 0xCEEE, 0xCEEE, 0xC6CE, // 0x1820 (6176) pixels
    0xC6AC, 0xB66E, 0x7CCC, 0x4B2A, 0x0001, 0x2947, 0xCE7A, 0xFFFF, 0xEFDE, 0x9D34, 0x1905, 0x0001, 0x0003, 0x0002, 0x0023, 0x0023, // 0x1830 (6192) pixels
    0x0024, 0x0002, 0x1144, 0x8D30, 0x856E, 0x856E, 0x74EF, 0x53CD, 0x4A8C, 0x0905, 0x1A69, 0x2329, 0x3C09, 0x75CC, 0xA6ED, 0xB72B, // 0x1840 (6208) pixels
    0x8E6B, 0xB6D0, 0x29C1, 0x0000, 0x0000, 0x0000, 0x0000, 0x1020, 0x0820, 0x1040, 0x1880, 0x18C1, 0x2102, 0x2923, 0x18A1, 0x0020, // 0x1850 (6224) pixels
    0x0000, 0x0000, 0x0000, 0x0000, 0x0000, 0x0000, 0x0000, 0x0000, 0x0000, 0x0000, 0x0000, 0x0000, 0x0000, 0x0000, 0x0000, 0x0000, // 0x1860 (6240) pixels
    0x0000, 0x0000, 0x0000, 0x0000, 0x0000, 0x0000, 0x0000, 0x0000, 0x0000, 0x0000, 0x0000, 0x0000, 0x0000, 0x0000, 0x0000, 0x0000, // 0x1870 (6256) pixels
    0x0000, 0x0000, 0x0000, 0x0000, 0x0000, 0x0000, 0x0021, 0x0021, 0x0001, 0x0000, 0x0000, 0x0000, 0x0000, 0x0000, 0x0800, 0x0800, // 0x1880 (6272) pixels
    0x1000, 0x1020, 0x1020, 0x1881, 0x1061, 0x5229, 0x9C93, 0x9CD4, 0xFFDD, 0xFFFF, 0xC63A, 0x0002, 0x0801, 0x5A87, 0xC691, 0xC6EE, // 0x1890 (6288) pixels
    0xCECE, 0xCEEE, 0xCEEE, 0xCEEE, 0xCEEE, 0xCEEE, 0xC6CE, 0xC6CE, 0xCECE, 0xB66F, 0x748C, 0x4B2B, 0x0021, 0x0002, 0x2926, 0x4A4A, // 0x18A0 (6304) pixels
    0x29C8, 0x0042, 0x0001, 0x0022, 0x0023, 0x0003, 0x0004, 0x0003, 0x0004, 0x0003, 0x0062, 0x7CAF, 0x854E, 0x856E, 0x7D2F, 0x5C4E, // 0x18B0 (6320) pixels
    0x532D, 0x1166, 0x0A07, 0x1B29, 0x346A, 0x4D69, 0x5DA6, 0x5D62, 0x65A7, 0x6D08, 0x08E0, 0x18A0, 0x20C2, 0x28E2, 0x2902, 0x3962, // 0x18C0 (6336) pixels
    0x3162, 0x3183, 0x3183, 0x3183, 0x39A3, 0x3183, 0x20E1, 0x0840, 0x0000, 0x0000, 0x0000, 0x0000, 0x0000, 0x0000, 0x0000, 0x0000, // 0x18D0 (6352) pixels
    0x0000, 0x0000, 0x0000, 0x0000, 0x0000, 0x0000, 0x0000, 0x0000, 0x0000, 0x0000, 0x0000, 0x0000, 0x0000, 0x0000, 0x0000, 0x0000, // 0x18E0 (6368) pixels
    0x0000, 0x0000, 0x0000, 0x0000, 0x0000, 0x0000, 0x0000, 0x0000, 0x0020, 0x0000, 0x0000, 0x0000, 0x0000, 0x0000, 0x0000, 0x0000, // 0x18F0 (6384) pixels
    0x0000, 0x0000, 0x0000, 0x0000, 0x0000, 0x0000, 0x0000, 0x0000, 0x0000, 0x0000, 0x0000, 0x0800, 0x0000, 0x5AAB, 0x7BAF, 0xD69B, // 0x1900 (6400) pixels
    0xFFFE, 0xFFFF, 0xB5D7, 0x0001, 0x1022, 0x3164, 0xBE50, 0xBEAC, 0xC6AE, 0xC6CE, 0xCECE, 0xCEEE, 0xC6CE, 0xC6CE, 0xC6AF, 0xC6AF, // 0x1910 (6416) pixels
    0xBE8D, 0xAE6F, 0x6C8C, 0x430A, 0x0063, 0x0003, 0x0803, 0x0803, 0x0804, 0x0003, 0x0023, 0x0023, 0x0002, 0x0824, 0x1826, 0x2028, // 0x1920 (6432) pixels
    0x1807, 0x1005, 0x0023, 0x744E, 0x7D2E, 0x7D2E, 0x750F, 0x6C6F, 0x4BED, 0x1207, 0x09A7, 0x126A, 0x1B6B, 0x1C0A, 0x2468, 0x2445, // 0x1930 (6448) pixels
    0x7E0C, 0x1A20, 0x1100, 0x3182, 0x3984, 0x3163, 0x3162, 0x3121, 0x2942, 0x2942, 0x2921, 0x20E1, 0x18A0, 0x1080, 0x0840, 0x0000, // 0x1940 (6464) pixels
    0x0000, 0x0000, 0x0000, 0x0000, 0x0000, 0x0000, 0x0000, 0x0000, 0x0000, 0x0000, 0x0000, 0x0000, 0x0000, 0x0000, 0x0000, 0x0000, // 0x1950 (6480) pixels
    0x0000, 0x0000, 0x0000, 0x0000, 0x0000, 0x0000, 0x0000, 0x0000, 0x0000, 0x0000, 0x0000, 0x0000, 0x0000, 0x0000, 0x0000, 0x0000, // 0x1960 (6496) pixels
    0x0000, 0x0000, 0x0000, 0x0000, 0x0000, 0x0000, 0x0000, 0x0000, 0x0000, 0x0000, 0x0000, 0x0000, 0x0000, 0x0000, 0x0000, 0x0000, // 0x1970 (6512) pixels
    0x0020, 0x0000, 0x0000, 0x0000, 0x0000, 0x62EC, 0x7B8F, 0xA4F5, 0xFFFF, 0xF7BE, 0x636D, 0x0001, 0x1023, 0x1041, 0xB610, 0xC6EE, // 0x1980 (6528) pixels
    0xC68E, 0xC6AE, 0xC6AE, 0xC6CE, 0xC6AE, 0xBEAE, 0xBE8E, 0xBE8E, 0xB62D, 0xAE4F, 0x74AD, 0x430A, 0x0022, 0x1005, 0x2827, 0x2829, // 0x1990 (6544) pixels
    0x3008, 0x2828, 0x1004, 0x0002, 0x0003, 0x2867, 0x406A, 0x482C, 0x384A, 0x2006, 0x1044, 0x6C2F, 0x7D2E, 0x750D, 0x74CE, 0x6C8E, // 0x19A0 (6560) pixels
    0x542E, 0x2A89, 0x11C8, 0x124B, 0x0ACB, 0x0329, 0x1C2A, 0x452C, 0x5C0B, 0x0080, 0x2122, 0x3123, 0x20C2, 0x18A1, 0x1080, 0x0840, // 0x19B0 (6576) pixels
    0x0000, 0x0000, 0x0000, 0x0000, 0x0000, 0x0000, 0x0000, 0x0000, 0x0000, 0x0000, 0x0000, 0x0000, 0x0000, 0x0000, 0x0000, 0x0000, // 0x19C0 (6592) pixels
    0x0000, 0x0000, 0x0000, 0x0000, 0x0000, 0x0000, 0x0000, 0x0000, 0x0000, 0x0000, 0x0000, 0x0000, 0x0000, 0x0000, 0x0000, 0x0000, // 0x19D0 (6608) pixels
    0x0000, 0x0000, 0x0000, 0x0000, 0x0000, 0x0000, 0x0000, 0x0000, 0x0000, 0x0000, 0x0000, 0x0000, 0x0000, 0x0000, 0x0000, 0x0000, // 0x19E0 (6624) pixels
    0x0000, 0x0000, 0x0000, 0x0000, 0x0000, 0x0000, 0x0000, 0x0020, 0x0020, 0x0020, 0x0000, 0x0821, 0x0000, 0x5A8B, 0x62ED, 0x20E6, // 0x19F0 (6640) pixels
    0x6B4F, 0x4229, 0x0000, 0x0003, 0x0003, 0x1062, 0xA54F, 0xBEAE, 0xBE8E, 0xC68E, 0xC68E, 0xC6AE, 0xBE8E, 0xBE8E, 0xBE6E, 0xBE6E, // 0x1A00 (6656) pixels
    0xB64D, 0xA60F, 0x74AD, 0x538C, 0x0043, 0x1005, 0x386A, 0x406C, 0x500C, 0x488B, 0x1004, 0x0002, 0x0803, 0x3027, 0x584C, 0x702F, // 0x1A10 (6672) pixels
    0x504B, 0x2006, 0x1845, 0x742F, 0x7D2F, 0x6D0D, 0x74CE, 0x748F, 0x6C50, 0x3AAB, 0x0987, 0x0A49, 0x0B4A, 0x0347, 0x2428, 0x65AC, // 0x1A20 (6688) pixels
    0x10E3, 0x0000, 0x1000, 0x0800, 0x0000, 0x0000, 0x0000, 0x0000, 0x0001, 0x0000, 0x0000, 0x0001, 0x0001, 0x0001, 0x0001, 0x0001, // 0x1A30 (6704) pixels
    0x0000, 0x0000, 0x0000, 0x0000, 0x0000, 0x0000, 0x0000, 0x0000, 0x0000, 0x0000, 0x0000, 0x0000, 0x0000, 0x0000, 0x0000, 0x0000, // 0x1A40 (6720) pixels
    0x0000, 0x0000, 0x0000, 0x0000, 0x0000, 0x0000, 0x0000, 0x0000, 0x0000, 0x0000, 0x0000, 0x0000, 0x0000, 0x0000, 0x0000, 0x0000, // 0x1A50 (6736) pixels
    0x0000, 0x0000, 0x0000, 0x0000, 0x0000, 0x0000, 0x0000, 0x0000, 0x0000, 0x0000, 0x0000, 0x0000, 0x0000, 0x0000, 0x0000, 0x0000, // 0x1A60 (6752) pixels
    0x0000, 0x0020, 0x0000, 0x0000, 0x0000, 0x526A, 0x6B4E, 0x0000, 0x0000, 0x0004, 0x0803, 0x0001, 0x0806, 0x1805, 0x9C8E, 0xB66D, // 0x1A70 (6768) pixels
    0xB64E, 0xB64E, 0xBE6E, 0xBE6E, 0xB66E, 0xB64E, 0xAE2E, 0xAE2D, 0x9E4C, 0xA66F, 0x74ED, 0x5BEC, 0x0924, 0x0003, 0x50AC, 0x686F, // 0x1A80 (6784) pixels
    0x702F, 0x504D, 0x2048, 0x0003, 0x2006, 0x604D, 0x8091, 0x78B1, 0x488C, 0x1005, 0x29A7, 0x6C8F, 0x7D2F, 0x6CAD, 0x6CAE, 0x6C8E, // 0x1A90 (6800) pixels
    0x642E, 0x4BED, 0x1986, 0x0A68, 0x0309, 0x23AB, 0x4C4D, 0x1141, 0x0000, 0x0000, 0x0000, 0x0000, 0x0000, 0x0000, 0x0000, 0x0000, // 0x1AA0 (6816) pixels
    0x0000, 0x0000, 0x0000, 0x0000, 0x0000, 0x0000, 0x0000, 0x0000, 0x0000, 0x0000, 0x0000, 0x0000, 0x0000, 0x0000, 0x0000, 0x0000, // 0x1AB0 (6832) pixels
    0x0000, 0x0000, 0x0000, 0x0000, 0x0000, 0x0000, 0x0000, 0x0000, 0x0000, 0x0000, 0x0000, 0x0000, 0x0000, 0x0000, 0x0000, 0x0000, // 0x1AC0 (6848) pixels
    0x0000, 0x0000, 0x0000, 0x0000, 0x0000, 0x0000, 0x0000, 0x0000, 0x0000, 0x0000, 0x0000, 0x0000, 0x0000, 0x0000, 0x0000, 0x0000, // 0x1AD0 (6864) pixels
    0x0000, 0x0000, 0x0000, 0x0000, 0x0000, 0x0000, 0x0000, 0x0000, 0x0020, 0x0000, 0x0000, 0x0000, 0x0000, 0x41E8, 0x62ED, 0x0001, // 0x1AE0 (6880) pixels
    0x2805, 0x3069, 0x0844, 0x0042, 0x1827, 0x2847, 0x948E, 0xB68E, 0xAE2D, 0xAE2D, 0xB64E, 0xB64E, 0xB64E, 0xAE4E, 0xAE2E, 0xA60D, // 0x1AF0 (6896) pixels
    0x9E2C, 0xA62F, 0x8D8F, 0x644C, 0x3268, 0x0004, 0x384B, 0x70D2, 0x8094, 0x88F5, 0x6890, 0x604C, 0x90F1, 0xB978, 0xA118, 0x78D5, // 0x1B00 (6912) pixels
    0x388A, 0x1004, 0x4AEC, 0x7D10, 0x6CCD, 0x6CAD, 0x646D, 0x644E, 0x5C2E, 0x5490, 0x19C7, 0x1269, 0x23AD, 0x2B2A, 0x1205, 0x0020, // 0x1B10 (6928) pixels
    0x0000, 0x0000, 0x0000, 0x0000, 0x0000, 0x0000, 0x0000, 0x0000, 0x0000, 0x0000, 0x0000, 0x0000, 0x0000, 0x0000, 0x0000, 0x0000, // 0x1B20 (6944) pixels
    0x0000, 0x0000, 0x0000, 0x0000, 0x0000, 0x0000, 0x0000, 0x0000, 0x0000, 0x0000, 0x0000, 0x0000, 0x0000, 0x0000, 0x0000, 0x0000, // 0x1B30 (6960) pixels
    0x0000, 0x0000, 0x0000, 0x0000, 0x0000, 0x0000, 0x0000, 0x0000, 0x0000, 0x0000, 0x0000, 0x0000, 0x0000, 0x0000, 0x0000, 0x0000, // 0x1B40 (6976) pixels
    0x0000, 0x0000, 0x0000, 0x0000, 0x0000, 0x0000, 0x0000, 0x0000, 0x0000, 0x0000, 0x0000, 0x0000, 0x0000, 0x0000, 0x0000, 0x0000, // 0x1B50 (6992) pixels
    0x0000, 0x0000, 0x0000, 0x0000, 0x0801, 0x3167, 0x732F, 0x1024, 0x600C, 0x608F, 0x2067, 0x0001, 0x3008, 0x48A9, 0x842D, 0xAE4E, // 0x1B60 (7008) pixels
    0xA60D, 0xA60D, 0xA62D, 0xA62D, 0xA62E, 0xA62D, 0xA60D, 0xA60D, 0x9E2D, 0x9E2E, 0x95CF, 0x74CC, 0x4B6A, 0x10C5, 0x1809, 0x6134, // 0x1B70 (7024) pixels
    0xA118, 0x98D7, 0xB178, 0xD23A, 0xE21B, 0xD97B, 0xB15A, 0x9178, 0x1004, 0x2106, 0x6BEE, 0x74EF, 0x646C, 0x6C8E, 0x642D, 0x5C0E, // 0x1B80 (7040) pixels
    0x4B8D, 0x5D12, 0x2AAA, 0x1A8A, 0x2B2C, 0x21C7, 0x0041, 0x0000, 0x0020, 0x0000, 0x0000, 0x0000, 0x0000, 0x0000, 0x0000, 0x0000, // 0x1B90 (7056) pixels
    0x0000, 0x0000, 0x0000, 0x0000, 0x0000, 0x0000, 0x0000, 0x0000, 0x0000, 0x0000, 0x0000, 0x0000, 0x0000, 0x0000, 0x0000, 0x0000, // 0x1BA0 (7072) pixels
    0x0000, 0x0000, 0x0000, 0x0000, 0x0000, 0x0000, 0x0000, 0x0000, 0x0000, 0x0000, 0x0000, 0x0000, 0x0000, 0x0000, 0x0000, 0x0000, // 0x1BB0 (7088) pixels
    0x0000, 0x0000, 0x0000, 0x0000, 0x0000, 0x0000, 0x0000, 0x0000, 0x0000, 0x0000, 0x0000, 0x0000, 0x0000, 0x0000, 0x0000, 0x0000, // 0x1BC0 (7104) pixels
    0x0020, 0x0020, 0x0020, 0x0020, 0x0000, 0x0000, 0x0000, 0x0000, 0x0000, 0x0000, 0x0000, 0x0000, 0x0000, 0x20C5, 0x83B2, 0x1004, // 0x1BD0 (7120) pixels
    0x7070, 0x9094, 0x68AE, 0x2806, 0x604D, 0x50CB, 0x7C2D, 0xB66E, 0xA60D, 0xA60D, 0xA60D, 0xA60D, 0x9E0E, 0x9E0E, 0x9E0E, 0x9E0E, // 0x1BE0 (7136) pixels
    0x9DED, 0xA62F, 0x95ED, 0x858C, 0x646A, 0x3267, 0x0805, 0x308D, 0x9958, 0xB15A, 0xDA3F, 0xFABF, 0xFA7F, 0xFA7F, 0xB1D9, 0x504E, // 0x1BF0 (7152) pixels
    0x08A3, 0x4AEB, 0x6C6F, 0x6C6E, 0x646D, 0x646E, 0x642E, 0x5BEE, 0x438D, 0x54F2, 0x1A08, 0x0104, 0x00A3, 0x0001, 0x0000, 0x0000, // 0x1C00 (7168) pixels
    0x0000, 0x0000, 0x0000, 0x0000, 0x0000, 0x0000, 0x0000, 0x0000, 0x0000, 0x0000, 0x0000, 0x0000, 0x0000, 0x0000, 0x0000, 0x0000, // 0x1C10 (7184) pixels
    0x0000, 0x0000, 0x0000, 0x0000, 0x0000, 0x0000, 0x0000, 0x0000, 0x0000, 0x0000, 0x0000, 0x0000, 0x0000, 0x0000, 0x0000, 0x0000, // 0x1C20 (7200) pixels
    0x0000, 0x0000, 0x0000, 0x0000, 0x0000, 0x0000, 0x0000, 0x0000, 0x0000, 0x0000, 0x0000, 0x0000, 0x0000, 0x0000, 0x0000, 0x0000, // 0x1C30 (7216) pixels
    0x0000, 0x0000, 0x0000, 0x0000, 0x0000, 0x0000, 0x0000, 0x0000, 0x0000, 0x0000, 0x0000, 0x0000, 0x0000, 0x0000, 0x0000, 0x0000, // 0x1C40 (7232) pixels
    0x0800, 0x0800, 0x0820, 0x1060, 0x0000, 0x2904, 0xB4F5, 0x2043, 0x610F, 0xA8F7, 0xB917, 0xA994, 0xC279, 0x592E, 0x8D0F, 0xA60D, // 0x1C50 (7248) pixels
    0x9DEE, 0x9DEE, 0x9E0E, 0x9E0E, 0x9E0E, 0x9E0E, 0x9E0E, 0x9E0E, 0x95CD, 0x9E0E, 0x9E0D, 0x9E2D, 0x85CC, 0x6C8A, 0x2A06, 0x18C5, // 0x1C60 (7264) pixels
    0x40AF, 0x8156, 0xD21E, 0xFA9F, 0xFA9F, 0xC9FA, 0x7150, 0x20C7, 0x42C9, 0x744F, 0x748F, 0x6C4E, 0x6C6E, 0x644E, 0x5BEE, 0x5BAD, // 0x1C70 (7280) pixels
    0x4BCF, 0x5D33, 0x0925, 0x0021, 0x0000, 0x0800, 0x0841, 0x0000, 0x0000, 0x0000, 0x0000, 0x0000, 0x0000, 0x0000, 0x0000, 0x0000, // 0x1C80 (7296) pixels
    0x0000, 0x0000, 0x0000, 0x0000, 0x0000, 0x0000, 0x0000, 0x0000, 0x0000, 0x0000, 0x0000, 0x0000, 0x0000, 0x0000, 0x0000, 0x0000, // 0x1C90 (7312) pixels
    0x0000, 0x0000, 0x0000, 0x0000, 0x0000, 0x0000, 0x0000, 0x0000, 0x0000, 0x0000, 0x0000, 0x0000, 0x0000, 0x0000, 0x0000, 0x0000, // 0x1CA0 (7328) pixels
    0x0000, 0x0000, 0x0000, 0x0000, 0x0000, 0x0000, 0x0000, 0x0000, 0x0000, 0x0000, 0x0000, 0x0000, 0x0000, 0x0000, 0x0000, 0x0000, // 0x1CB0 (7344) pixels
    0x0000, 0x0000, 0x0000, 0x0000, 0x0000, 0x0820, 0x0840, 0x1040, 0x20A0, 0x2900, 0x2101, 0x2962, 0x18C0, 0x4A05, 0xDE36, 0x51E5, // 0x1CC0 (7360) pixels
    0x1005, 0xA177, 0xFABF, 0xFC5F, 0xE3DD, 0x514B, 0x9DB0, 0x9DCC, 0x9DEE, 0x9DEE, 0x9DEE, 0x9DEE, 0x9DEE, 0x9DEE, 0x9DEE, 0x9DEF, // 0x1CD0 (7376) pixels
    0x95EE, 0x95CE, 0x9DEE, 0x95ED, 0xA6AE, 0x9E6E, 0x8D8D, 0x6BE9, 0x3249, 0x312A, 0x48EE, 0x6970, 0x510D, 0x38C9, 0x4A49, 0x642B, // 0x1CE0 (7392) pixels
    0x74AF, 0x6C2E, 0x746F, 0x6C0E, 0x63ED, 0x5BEE, 0x538D, 0x538D, 0x4C11, 0x5CF3, 0x0882, 0x0000, 0x0840, 0x1000, 0x0020, 0x0000, // 0x1CF0 (7408) pixels
    0x0000, 0x0000, 0x0000, 0x0000, 0x0000, 0x0000, 0x0000, 0x0000, 0x0000, 0x0000, 0x0000, 0x0000, 0x0000, 0x0000, 0x0000, 0x0000, // 0x1D00 (7424) pixels
    0x0000, 0x0000, 0x0000, 0x0000, 0x0000, 0x0000, 0x0000, 0x0000, 0x0000, 0x0000, 0x0000, 0x0000, 0x0000, 0x0000, 0x0000, 0x0000, // 0x1D10 (7440) pixels
    0x0000, 0x0000, 0x0000, 0x0000, 0x0000, 0x0000, 0x0000, 0x0000, 0x0000, 0x0000, 0x0000, 0x0000, 0x0000, 0x0000, 0x0000, 0x0000, // 0x1D20 (7456) pixels
    0x0000, 0x0000, 0x0000, 0x0000, 0x0000, 0x0000, 0x0000, 0x0841, 0x0820, 0x0820, 0x1060, 0x18A0, 0x2101, 0x2942, 0x3162, 0x3983, // 0x1D30 (7472) pixels
    0x3962, 0x3962, 0x3163, 0x2943, 0x10A0, 0x5246, 0xDE35, 0x93AB, 0x0040, 0x58EF, 0xDB5D, 0xEC5C, 0x8A91, 0x5A49, 0xA5CF, 0x9E2F, // 0x1D40 (7488) pixels
    0x9DCE, 0x9DCE, 0x9DCE, 0x9DCE, 0x9DCE, 0x9DCE, 0x9DCE, 0x9DCE, 0x95EE, 0x95AE, 0x958F, 0x956D, 0x9E4E, 0xA6AE, 0xBF30, 0xB68E, // 0x1D50 (7504) pixels
    0x8DEB, 0x6C89, 0x5BEA, 0x4BEA, 0x43E9, 0x6CAD, 0x8D6F, 0x854D, 0x74AF, 0x63ED, 0x73EE, 0x6BCE, 0x5B8D, 0x53AD, 0x4B6C, 0x4B6C, // 0x1D60 (7520) pixels
    0x4CB3, 0x440F, 0x20C3, 0x30E2, 0x20E0, 0x1880, 0x0840, 0x0820, 0x0000, 0x0000, 0x0000, 0x0000, 0x0000, 0x0000, 0x0000, 0x0001, // 0x1D70 (7536) pixels
    0x0000, 0x0000, 0x0000, 0x0000, 0x0000, 0x0000, 0x0000, 0x0000, 0x0000, 0x0000, 0x0000, 0x0000, 0x0000, 0x0000, 0x0000, 0x0000, // 0x1D80 (7552) pixels
    0x0000, 0x0000, 0x0000, 0x0000, 0x0000, 0x0000, 0x0000, 0x0000, 0x0000, 0x0000, 0x0000, 0x0000, 0x0000, 0x0000, 0x0000, 0x0000, // 0x1D90 (7568) pixels
    0x0000, 0x0000, 0x0000, 0x0000, 0x0000, 0x0000, 0x0000, 0x0000, 0x0000, 0x0000, 0x0000, 0x0000, 0x0000, 0x0000, 0x0841, 0x10A2, // 0x1DA0 (7584) pixels
    0x2942, 0x3162, 0x3982, 0x39A2, 0x39A2, 0x3981, 0x3140, 0x3120, 0x28C1, 0x1861, 0x1041, 0x0000, 0x0000, 0x4A07, 0xCDB4, 0xBD11, // 0x1DB0 (7600) pixels
    0x6B89, 0x0806, 0x50CE, 0x514B, 0x3145, 0xA530, 0xADEE, 0x8DCE, 0x9DAE, 0x9DAE, 0x9DAE, 0x9DAE, 0x9DAE, 0x9DAE, 0x95AE, 0x95AE, // 0x1DC0 (7616) pixels
    0x8DAD, 0x9DD0, 0x9550, 0x9D90, 0x8D6D, 0x8DCA, 0x960A, 0xAE8B, 0xAF0A, 0xB6ED, 0xAEAE, 0x968C, 0x862C, 0x854C, 0x748C, 0x744C, // 0x1DD0 (7632) pixels
    0x642D, 0x744E, 0x6BAD, 0x6B8E, 0x638E, 0x4B6D, 0x4B8D, 0x434B, 0x5DB6, 0x12AA, 0x1861, 0x51A5, 0x3141, 0x39A2, 0x39C2, 0x3962, // 0x1DE0 (7648) pixels
    0x2143, 0x2103, 0x18C2, 0x0881, 0x0841, 0x0000, 0x0000, 0x0000, 0x0000, 0x0000, 0x0000, 0x0000, 0x0000, 0x0000, 0x0000, 0x0000, // 0x1DF0 (7664) pixels
    0x0000, 0x0000, 0x0000, 0x0000, 0x0000, 0x0000, 0x0000, 0x0000, 0x0000, 0x0000, 0x0000, 0x0000, 0x0000, 0x0000, 0x0000, 0x0000, // 0x1E00 (7680) pixels
    0x0000, 0x0000, 0x0000, 0x0000, 0x0000, 0x0000, 0x0000, 0x0000, 0x0000, 0x0000, 0x0000, 0x0000, 0x0000, 0x0000, 0x0000, 0x0000, // 0x1E10 (7696) pixels
    0x0000, 0x0000, 0x0000, 0x0000, 0x0000, 0x0000, 0x10A2, 0x3185, 0x3183, 0x3162, 0x2922, 0x20E2, 0x18A1, 0x1041, 0x0821, 0x0801, // 0x1E20 (7712) pixels
    0x0000, 0x0000, 0x0000, 0x0000, 0x0000, 0x3105, 0xE5F9, 0xA390, 0xC532, 0x7309, 0x39E2, 0x4B04, 0x8D6C, 0x9E0E, 0x9DAE, 0x9D8D, // 0x1E30 (7728) pixels
    0x95AE, 0x95CE, 0x95CE, 0x95CE, 0x95CE, 0x8DAD, 0x8DAD, 0x8DCE, 0x8D6E, 0x958E, 0x95AF, 0x8DAF, 0x8D8F, 0x858F, 0x858F, 0x858F, // 0x1E40 (7744) pixels
    0x7D0C, 0x8D4E, 0x84ED, 0x7C8D, 0x744D, 0x742E, 0x7C8F, 0x63EE, 0x6BEF, 0x6B8E, 0x6B8E, 0x5B6D, 0x4B6D, 0x3B6C, 0x3B8C, 0x5490, // 0x1E50 (7760) pixels
    0x74D2, 0x00A2, 0x0000, 0x0861, 0x1861, 0x1881, 0x28E2, 0x2943, 0x3161, 0x3162, 0x39A2, 0x39A2, 0x3181, 0x2940, 0x20E0, 0x18C0, // 0x1E60 (7776) pixels
    0x1880, 0x1060, 0x0820, 0x0000, 0x0000, 0x0000, 0x0000, 0x0000, 0x0000, 0x0000, 0x0000, 0x0000, 0x0000, 0x0000, 0x0000, 0x0000, // 0x1E70 (7792) pixels
    0x0000, 0x0000, 0x0000, 0x0000, 0x0000, 0x0000, 0x0000, 0x0000, 0x0000, 0x0000, 0x0000, 0x0000, 0x0000, 0x0000, 0x0000, 0x0000, // 0x1E80 (7808) pixels
    0x0000, 0x0000, 0x0000, 0x0000, 0x0000, 0x0000, 0x0000, 0x0000, 0x0000, 0x0000, 0x0000, 0x0000, 0x0000, 0x0000, 0x0020, 0x1081, // 0x1E90 (7824) pixels
    0x0820, 0x0820, 0x0000, 0x0000, 0x0000, 0x0000, 0x0000, 0x0000, 0x0000, 0x0000, 0x0000, 0x0040, 0x0000, 0x0801, 0xB4B4, 0xBCD5, // 0x1EA0 (7840) pixels
    0x8B2C, 0xC533, 0xC5D4, 0xB5D1, 0x954E, 0x9DAF, 0x9D6E, 0xA5CF, 0x9DAF, 0x9DAF, 0x9DAF, 0x95AE, 0x95AE, 0x95AE, 0x8DAE, 0x8DAE, // 0x1EB0 (7856) pixels
    0x95AD, 0x95AD, 0x95AD, 0x8D8D, 0x8DAE, 0x8DAE, 0x8D8E, 0x8D8E, 0x9571, 0x9550, 0x4AE8, 0x3A46, 0x740E, 0x7C2F, 0x63AE, 0x6BEF, // 0x1EC0 (7872) pixels
    0x5B2D, 0x63AE, 0x534D, 0x532C, 0x534D, 0x3B2B, 0x3C4F, 0x6697, 0x19E7, 0x0040, 0x0000, 0x0000, 0x0800, 0x0800, 0x0000, 0x0000, // 0x1ED0 (7888) pixels
    0x0820, 0x1040, 0x1880, 0x20C1, 0x2902, 0x3143, 0x3183, 0x39A4, 0x3163, 0x3984, 0x3164, 0x18A1, 0x0020, 0x0000, 0x0000, 0x0000, // 0x1EE0 (7904) pixels
    0x0000, 0x0000, 0x0000, 0x0000, 0x0000, 0x0000, 0x0000, 0x0000, 0x0000, 0x0000, 0x0000, 0x0000, 0x0000, 0x0000, 0x0000, 0x0000, // 0x1EF0 (7920) pixels
    0x0000, 0x0000, 0x0000, 0x0000, 0x0000, 0x0000, 0x0000, 0x0000, 0x0000, 0x0000, 0x0000, 0x0000, 0x0000, 0x0000, 0x0000, 0x0000, // 0x1F00 (7936) pixels
    0x0000, 0x0000, 0x0000, 0x0000, 0x0000, 0x0000, 0x0000, 0x0000, 0x0000, 0x0000, 0x0000, 0x0000, 0x0000, 0x0000, 0x0000, 0x0000, // 0x1F10 (7952) pixels
    0x0000, 0x0000, 0x0000, 0x0000, 0x0000, 0x0000, 0x49E9, 0xCDB8, 0x8B2E, 0x830D, 0x93AE, 0x942E, 0xA4EF, 0x94CE, 0x9D50, 0x8CEE, // 0x1F20 (7968) pixels
    0x954F, 0x9D6F, 0x9D6F, 0x954F, 0x8D4E, 0x956F, 0x956F, 0x8D4E, 0x854D, 0x8D6D, 0x8D6E, 0x8D6E, 0x8D4E, 0x8D4E, 0x8D4E, 0x8D4E, // 0x1F30 (7984) pixels
    0x7450, 0x530A, 0x3A27, 0x634D, 0x8451, 0x73CF, 0x6B8F, 0x638E, 0x638E, 0x5B2D, 0x530C, 0x4B6D, 0x330B, 0x4C70, 0x65D5, 0x1B8B, // 0x1F40 (8000) pixels
    0x0040, 0x0020, 0x0041, 0x0000, 0x0000, 0x0000, 0x0000, 0x0000, 0x0000, 0x0000, 0x0000, 0x0000, 0x0000, 0x0840, 0x1081, 0x18A2, // 0x1F50 (8016) pixels
    0x20E2, 0x3143, 0x2944, 0x1081, 0x0000, 0x0000, 0x0000, 0x0000, 0x0000, 0x0000, 0x0000, 0x0000, 0x0000, 0x0000, 0x0000, 0x0000, // 0x1F60 (8032) pixels
    0x0000, 0x0000, 0x0000, 0x0000, 0x0000, 0x0000, 0x0000, 0x0000, 0x0000, 0x0000, 0x0000, 0x0000, 0x0000, 0x0000, 0x0000, 0x0000, // 0x1F70 (8048) pixels
    0x0000, 0x0000, 0x0000, 0x0000, 0x0000, 0x0000, 0x0000, 0x0000, 0x0000, 0x0000, 0x0000, 0x0000, 0x0000, 0x0020, 0x0000, 0x0000, // 0x1F80 (8064) pixels
    0x0021, 0x0021, 0x0000, 0x0000, 0x0000, 0x0000, 0x0000, 0x0000, 0x0000, 0x0000, 0x0020, 0x0000, 0x0041, 0x0001, 0x0000, 0x734F, // 0x1F90 (8080) pixels
    0xEE1B, 0x8B0F, 0x7AAC, 0x9BD0, 0x93EF, 0x944F, 0x8C6E, 0x94D0, 0x7C4D, 0x8CCF, 0x9D10, 0x9510, 0x8CEF, 0x950F, 0x9530, 0x8D10, // 0x1FA0 (8096) pixels
    0x8D51, 0x8D30, 0x8D10, 0x8D10, 0x8CF0, 0x7C4E, 0x5B4A, 0x4267, 0x29C7, 0x4AAB, 0x6B8E, 0x7C11, 0x73D0, 0x634E, 0x636E, 0x5B0D, // 0x1FB0 (8112) pixels
    0x530D, 0x4AEC, 0x438E, 0x234B, 0x3CB0, 0x7E57, 0x438D, 0x0021, 0x0020, 0x0020, 0x0000, 0x0000, 0x0000, 0x0000, 0x0000, 0x0021, // 0x1FC0 (8128) pixels
    0x0001, 0x0000, 0x0000, 0x0000, 0x0000, 0x0000, 0x0000, 0x0000, 0x0000, 0x0820, 0x0820, 0x0000, 0x0000, 0x0000, 0x0000, 0x0000, // 0x1FD0 (8144) pixels
    0x0000, 0x0000, 0x0000, 0x0000, 0x0000, 0x0000, 0x0000, 0x0000, 0x0000, 0x0000, 0x0000, 0x0000, 0x0000, 0x0000, 0x0000, 0x0000, // 0x1FE0 (8160) pixels
    0x0000, 0x0000, 0x0000, 0x0000, 0x0000, 0x0000, 0x0000, 0x0000, 0x0000, 0x0000, 0x0000, 0x0000, 0x0000, 0x0000, 0x0000, 0x0000, // 0x1FF0 (8176) pixels
    0x0000, 0x0000, 0x0000, 0x0000, 0x0000, 0x0000, 0x0000, 0x0000, 0x0001, 0x0000, 0x0000, 0x0000, 0x0000, 0x0000, 0x0000, 0x0000, // 0x2000 (8192) pixels
    0x0000, 0x0000, 0x0000, 0x0020, 0x0000, 0x0000, 0x0000, 0x0020, 0x9BF2, 0xD599, 0x9370, 0x726C, 0x8B6F, 0x8B8F, 0x8BEF, 0x9450, // 0x2010 (8208) pixels
    0x6B6C, 0x738C, 0x6B4B, 0x52A9, 0x4247, 0x4267, 0x4A88, 0x4AA8, 0x4B0B, 0x4AEB, 0x42AA, 0x3A08, 0x2986, 0x31A7, 0x422A, 0x5ACC, // 0x2020 (8224) pixels
    0x6BAF, 0x7C10, 0x73AF, 0x6B8F, 0x6B8E, 0x530C, 0x4AEB, 0x534C, 0x42EC, 0x3B8D, 0x2C0E, 0x5D94, 0x7DF6, 0x3ACB, 0x0001, 0x0001, // 0x2030 (8240) pixels
    0x0000, 0x0000, 0x0000, 0x0000, 0x0000, 0x0000, 0x0000, 0x0000, 0x0000, 0x0000, 0x0000, 0x0020, 0x0020, 0x0020, 0x0000, 0x0000, // 0x2040 (8256) pixels
    0x0000, 0x0000, 0x0000, 0x0000, 0x0000, 0x0000, 0x0000, 0x0000, 0x0000, 0x0000, 0x0000, 0x0000, 0x0000, 0x0000, 0x0000, 0x0000, // 0x2050 (8272) pixels
    0x0000, 0x0000, 0x0000, 0x0000, 0x0000, 0x0000, 0x0000, 0x0000, 0x0000, 0x0000, 0x0000, 0x0000, 0x0000, 0x0000, 0x0000, 0x0000, // 0x2060 (8288) pixels
    0x0000, 0x0000, 0x0000, 0x0000, 0x0000, 0x0000, 0x0000, 0x0000, 0x0000, 0x0000, 0x0000, 0x0000, 0x0000, 0x0000, 0x0000, 0x0000, // 0x2070 (8304) pixels
    0x0000, 0x0000, 0x0000, 0x0000, 0x0000, 0x0000, 0x0000, 0x0000, 0x0000, 0x0000, 0x0000, 0x0000, 0x0000, 0x0020, 0x1081, 0x18A1, // 0x2080 (8320) pixels
    0x1822, 0x72CD, 0xE61B, 0xA413, 0x726D, 0x7ACE, 0x7B0E, 0x7B4F, 0x83AF, 0x83CF, 0x7BAF, 0x736D, 0x6B2D, 0x6B2C, 0x6B2C, 0x62EC, // 0x2090 (8336) pixels
    0x5B0C, 0x5B0C, 0x5B0D, 0x634D, 0x6B6F, 0x7390, 0x73B0, 0x73B0, 0x6B8E, 0x6B6E, 0x634D, 0x5B0C, 0x4AEB, 0x4B0C, 0x432C, 0x32CA, // 0x20A0 (8352) pixels
    0x3C4F, 0x6574, 0x7595, 0x434D, 0x08C3, 0x0000, 0x0000, 0x0801, 0x0000, 0x0000, 0x0000, 0x0020, 0x0000, 0x0000, 0x0000, 0x0000, // 0x20B0 (8368) pixels
    0x0000, 0x0000, 0x0000, 0x0000, 0x0000, 0x0000, 0x0000, 0x0000, 0x0000, 0x0000, 0x0000, 0x0000, 0x0000, 0x0000, 0x0000, 0x0000, // 0x20C0 (8384) pixels
    0x0000, 0x0000, 0x0000, 0x0000, 0x0000, 0x0000, 0x0000, 0x0000, 0x0000, 0x0000, 0x0000, 0x0000, 0x0000, 0x0000, 0x0000, 0x0000, // 0x20D0 (8400) pixels
    0x0000, 0x0000, 0x0000, 0x0000, 0x0000, 0x0000, 0x0000, 0x0000, 0x0000, 0x0000, 0x0000, 0x0000, 0x0000, 0x0000, 0x0000, 0x0000, // 0x20E0 (8416) pixels
    0x0000, 0x0000, 0x0000, 0x0000, 0x0000, 0x0000, 0x0000, 0x0000, 0x0000, 0x0000, 0x0000, 0x0000, 0x0000, 0x0000, 0x0000, 0x0000, // 0x20F0 (8432) pixels
    0x0000, 0x0000, 0x0020, 0x0000, 0x1040, 0x20E1, 0x2922, 0x39C4, 0x18E3, 0x0801, 0x4168, 0xD5DA, 0xC518, 0x7AAF, 0x726E, 0x7A8E, // 0x2100 (8448) pixels
    0x7B0E, 0x7B2E, 0x7B4F, 0x7B6F, 0x8390, 0x83B0, 0x7B90, 0x7B8F, 0x7BAF, 0x7BAF, 0x7BAF, 0x738F, 0x736F, 0x6B4E, 0x6B2E, 0x632E, // 0x2110 (8464) pixels
    0x5B0D, 0x52CC, 0x4AAC, 0x4ACC, 0x3ACC, 0x3B0D, 0x5410, 0x6D35, 0x5D74, 0x43AE, 0x00A3, 0x0000, 0x0021, 0x0000, 0x0040, 0x0000, // 0x2120 (8480) pixels
    0x0000, 0x0000, 0x0000, 0x0000, 0x0000, 0x0000, 0x0000, 0x0000, 0x0000, 0x0000, 0x0000, 0x0000, 0x0000, 0x0000, 0x0000, 0x0000, // 0x2130 (8496) pixels
    0x0000, 0x0000, 0x0000, 0x0000, 0x0000, 0x0000, 0x0000, 0x0000, 0x0000, 0x0000, 0x0000, 0x0000, 0x0000, 0x0000, 0x0000, 0x0000, // 0x2140 (8512) pixels
    0x0000, 0x0000, 0x0000, 0x0000, 0x0000, 0x0000, 0x0000, 0x0000, 0x0000, 0x0000, 0x0000, 0x0000, 0x0000, 0x0000, 0x0000, 0x0000, // 0x2150 (8528) pixels
    0x0000, 0x0000, 0x0000, 0x0000, 0x0000, 0x0000, 0x0000, 0x0000, 0x0020, 0x0000, 0x0000, 0x0000, 0x0000, 0x0000, 0x0000, 0x0000, // 0x2160 (8544) pixels
    0x0000, 0x0000, 0x0000, 0x0000, 0x0000, 0x0000, 0x0000, 0x0000, 0x0000, 0x0000, 0x0820, 0x20E2, 0x3984, 0x3962, 0x3962, 0x1060, // 0x2170 (8560) pixels
    0x0060, 0x0020, 0x0000, 0x1823, 0x8331, 0xCD5A, 0xBC76, 0x8AF0, 0x6A8D, 0x6AAD, 0x72EE, 0x7B0F, 0x730F, 0x72EE, 0x6AEE, 0x6B0E, // 0x2180 (8576) pixels
    0x732E, 0x6B0E, 0x6AED, 0x62ED, 0x62ED, 0x5AED, 0x5ACD, 0x5AAD, 0x528C, 0x4A8C, 0x52CD, 0x5B4F, 0x6453, 0x7536, 0x5493, 0x1AED, // 0x2190 (8592) pixels
    0x00A3, 0x0021, 0x0041, 0x0021, 0x0000, 0x0821, 0x0020, 0x0020, 0x0000, 0x0000, 0x0000, 0x0021, 0x0000, 0x0020, 0x0000, 0x0000, // 0x21A0 (8608) pixels
    0x0000, 0x0000, 0x0000, 0x0000, 0x0000, 0x0000, 0x0000, 0x0000, 0x0000, 0x0020, 0x0000, 0x0000, 0x0000, 0x0000, 0x0000, 0x0000, // 0x21B0 (8624) pixels
    0x0000, 0x0000, 0x0000, 0x0000, 0x0000, 0x0000, 0x0000, 0x0000, 0x0000, 0x0000, 0x0000, 0x0000, 0x0000, 0x0000, 0x0000, 0x0000, // 0x21C0 (8640) pixels
    0x0000, 0x0000, 0x0000, 0x0000, 0x0000, 0x0000, 0x0000, 0x0000, 0x0000, 0x0000, 0x0000, 0x0000, 0x0000, 0x0000, 0x0000, 0x0000, // 0x21D0 (8656) pixels
    0x0000, 0x0000, 0x0000, 0x0000, 0x0000, 0x0000, 0x0000, 0x0000, 0x0000, 0x0000, 0x0000, 0x0001, 0x0001, 0x0001, 0x0000, 0x0820, // 0x21E0 (8672) pixels
    0x18A0, 0x2900, 0x3983, 0x3182, 0x2941, 0x10A1, 0x0000, 0x0020, 0x0021, 0x0000, 0x0000, 0x0000, 0x0000, 0x18A4, 0x62AD, 0xAC96, // 0x21F0 (8688) pixels
    0xB416, 0x9332, 0x82D0, 0x7AF0, 0x6AAF, 0x6ACF, 0x6AEF, 0x628D, 0x628D, 0x6AAE, 0x62AD, 0x62AD, 0x62CE, 0x5ACE, 0x62EF, 0x6330, // 0x2200 (8704) pixels
    0x5B90, 0x6412, 0x6C52, 0x6411, 0x4B2D, 0x1966, 0x0021, 0x0001, 0x0000, 0x0000, 0x0001, 0x0000, 0x0000, 0x0020, 0x0000, 0x0020, // 0x2210 (8720) pixels
    0x00C2, 0x00C2, 0x0080, 0x0020, 0x0000, 0x0001, 0x0000, 0x0000, 0x0000, 0x0000, 0x0000, 0x0002, 0x0003, 0x0001, 0x0000, 0x0041, // 0x2220 (8736) pixels
    0x0000, 0x0000, 0x0000, 0x0000, 0x0000, 0x0020, 0x0020, 0x0000, 0x0000, 0x0000, 0x0000, 0x0000, 0x0000, 0x0000, 0x0000, 0x0000, // 0x2230 (8752) pixels
    0x0000, 0x0000, 0x0000, 0x0000, 0x0000, 0x0000, 0x0000, 0x0000, 0x0000, 0x0000, 0x0000, 0x0000, 0x0000, 0x0000, 0x0000, 0x0000, // 0x2240 (8768) pixels
    0x0000, 0x0000, 0x0000, 0x0000, 0x0000, 0x0000, 0x0000, 0x0000, 0x0000, 0x0000, 0x0000, 0x0000, 0x0000, 0x0000, 0x0000, 0x0000, // 0x2250 (8784) pixels
    0x0000, 0x0021, 0x0001, 0x0000, 0x0000, 0x1060, 0x18C0, 0x2101, 0x31A1, 0x3983, 0x2101, 0x18C0, 0x0820, 0x0000, 0x0822, 0x0000, // 0x2260 (8800) pixels
    0x0000, 0x0000, 0x0000, 0x0020, 0x0000, 0x0000, 0x0801, 0x1003, 0x3927, 0x5A0B, 0x624C, 0x5A6C, 0x730F, 0x8370, 0x8371, 0x8BB1, // 0x2270 (8816) pixels
    0x8BD2, 0x8BF2, 0x83B1, 0x7B70, 0x6B2F, 0x5AAE, 0x4A2C, 0x420C, 0x31EA, 0x29C9, 0x0905, 0x0062, 0x0041, 0x0000, 0x0000, 0x0000, // 0x2280 (8832) pixels
    0x0000, 0x0000, 0x0000, 0x0000, 0x10E0, 0x4325, 0x6D07, 0x75C8, 0x7DC6, 0x8E26, 0x9E47, 0xA62B, 0xA570, 0x7BF0, 0x39E9, 0x10A3, // 0x2290 (8848) pixels
    0x0020, 0x0001, 0x0001, 0x0000, 0x0020, 0x0020, 0x0020, 0x0020, 0x0000, 0x0000, 0x0000, 0x0000, 0x0000, 0x0000, 0x0000, 0x0000, // 0x22A0 (8864) pixels
    0x0000, 0x0000, 0x0000, 0x0000, 0x0000, 0x0000, 0x0000, 0x0000, 0x0000, 0x0000, 0x0000, 0x0000, 0x0000, 0x0000, 0x0000, 0x0000, // 0x22B0 (8880) pixels
    0x0000, 0x0000, 0x0000, 0x0000, 0x0000, 0x0000, 0x0000, 0x0000, 0x0000, 0x0000, 0x0000, 0x0000, 0x0000, 0x0000, 0x0000, 0x0000, // 0x22C0 (8896) pixels
    0x0000, 0x0000, 0x0000, 0x0000, 0x0000, 0x0000, 0x0000, 0x0000, 0x0001, 0x0001, 0x0000, 0x0020, 0x2120, 0x39C2, 0x39A2, 0x3182, // 0x22D0 (8912) pixels
    0x18E2, 0x0000, 0x0000, 0x0000, 0x0001, 0x0003, 0x0001, 0x0000, 0x0001, 0x0001, 0x0000, 0x0000, 0x0020, 0x0020, 0x0000, 0x0800, // 0x22E0 (8928) pixels
    0x0000, 0x0000, 0x0000, 0x0000, 0x0801, 0x1842, 0x2884, 0x30E6, 0x3106, 0x2906, 0x20C5, 0x1885, 0x1085, 0x0865, 0x0025, 0x0045, // 0x22F0 (8944) pixels
    0x0845, 0x0865, 0x0023, 0x0001, 0x0020, 0x0020, 0x0000, 0x0000, 0x0801, 0x0000, 0x0040, 0x2A84, 0x7D8C, 0x8ECC, 0x6626, 0x5DE3, // 0x2300 (8960) pixels
    0x7E84, 0x8F04, 0xA765, 0xC7CB, 0xEFF5, 0xFFFB, 0xF7DC, 0xEF9C, 0x94F4, 0x29E5, 0x0040, 0x0020, 0x0000, 0x0000, 0x0000, 0x0802, // 0x2310 (8976) pixels
    0x0020, 0x0000, 0x0000, 0x0000, 0x0000, 0x0000, 0x0000, 0x0000, 0x0000, 0x0000, 0x0000, 0x0000, 0x0000, 0x0000, 0x0000, 0x0000, // 0x2320 (8992) pixels
    0x0000, 0x0000, 0x0000, 0x0000, 0x0000, 0x0000, 0x0000, 0x0000, 0x0000, 0x0000, 0x0000, 0x0000, 0x0000, 0x0000, 0x0000, 0x0000, // 0x2330 (9008) pixels
    0x0000, 0x0000, 0x0000, 0x0000, 0x0000, 0x0000, 0x0000, 0x0000, 0x0000, 0x0000, 0x0000, 0x0000, 0x0000, 0x0000, 0x0000, 0x0000, // 0x2340 (9024) pixels
    0x0000, 0x0000, 0x0000, 0x10A1, 0x31A2, 0x3181, 0x18C0, 0x1040, 0x0000, 0x0020, 0x0000, 0x0020, 0x0020, 0x0000, 0x0000, 0x10C0, // 0x2350 (9040) pixels
    0x18E1, 0x10A0, 0x0060, 0x0020, 0x0020, 0x0000, 0x0000, 0x0820, 0x0041, 0x0000, 0x0000, 0x0020, 0x0000, 0x0000, 0x0800, 0x0800, // 0x2360 (9056) pixels
    0x0000, 0x0000, 0x0001, 0x0002, 0x0865, 0x0886, 0x0886, 0x10A7, 0x0866, 0x1065, 0x0822, 0x0000, 0x0000, 0x0800, 0x0800, 0x0800, // 0x2370 (9072) pixels
    0x0000, 0x08C0, 0x3BA8, 0x5DAD, 0x45A9, 0x3526, 0x4D86, 0x65E7, 0x8725, 0x9785, 0x9F42, 0x9F21, 0xB744, 0xBF68, 0xCF8B, 0xDFEF, // 0x2380 (9088) pixels
    0xE7F4, 0xC76C, 0x8DA5, 0x3AA1, 0x0020, 0x0002, 0x0002, 0x0001, 0x0000, 0x0000, 0x0000, 0x0000, 0x0000, 0x0000, 0x0020, 0x0000, // 0x2390 (9104) pixels
    0x0000, 0x0000, 0x0000, 0x0000, 0x0000, 0x0000, 0x0000, 0x0000, 0x0000, 0x0000, 0x0000, 0x0000, 0x0000, 0x0000, 0x0000, 0x0000, // 0x23A0 (9120) pixels
    0x0000, 0x0000, 0x0000, 0x0000, 0x0000, 0x0000, 0x0000, 0x0000, 0x0000, 0x0000, 0x0000, 0x0000, 0x0000, 0x0000, 0x0000, 0x0000, // 0x23B0 (9136) pixels
    0x0000, 0x0000, 0x0000, 0x0000, 0x0000, 0x0000, 0x0000, 0x0000, 0x0020, 0x0000, 0x0000, 0x0861, 0x10A0, 0x1060, 0x0800, 0x0002, // 0x23C0 (9152) pixels
    0x0001, 0x0021, 0x0000, 0x1081, 0x4A4B, 0x9494, 0xD6B8, 0xE776, 0xBF08, 0xBF0A, 0xB6AA, 0x8528, 0x42E3, 0x1100, 0x0020, 0x0002, // 0x23D0 (9168) pixels
    0x0000, 0x0041, 0x0021, 0x0000, 0x0000, 0x0021, 0x0000, 0x0000, 0x0000, 0x0000, 0x0001, 0x0843, 0x10C6, 0x10C7, 0x08A7, 0x10C7, // 0x23E0 (9184) pixels
    0x18E7, 0x1085, 0x0822, 0x0800, 0x0800, 0x0800, 0x0000, 0x0000, 0x0920, 0x2B06, 0x2BE9, 0x1C69, 0x2D2A, 0x3528, 0x4D67, 0x764A, // 0x23F0 (9200) pixels
    0x86C4, 0x9F65, 0xA7A3, 0xA780, 0xAFA0, 0xA780, 0xA741, 0xA764, 0xAF62, 0xB781, 0xCFE2, 0xCFE5, 0x8545, 0x21A1, 0x0000, 0x0040, // 0x2400 (9216) pixels
    0x0040, 0x0020, 0x0000, 0x0000, 0x0000, 0x0000, 0x0000, 0x0000, 0x0000, 0x0000, 0x0000, 0x0000, 0x0000, 0x0000, 0x0000, 0x0000, // 0x2410 (9232) pixels
    0x0000, 0x0000, 0x0000, 0x0000, 0x0000, 0x0000, 0x0000, 0x0000, 0x0000, 0x0000, 0x0000, 0x0000, 0x0000, 0x0000, 0x0000, 0x0000, // 0x2420 (9248) pixels
    0x0000, 0x0000, 0x0000, 0x0000, 0x0000, 0x0000, 0x0000, 0x0000, 0x0000, 0x0000, 0x0000, 0x0000, 0x0000, 0x0000, 0x0000, 0x0000, // 0x2430 (9264) pixels
    0x0000, 0x0020, 0x0000, 0x0000, 0x0001, 0x0801, 0x0000, 0x0000, 0x0800, 0x41E5, 0x94AC, 0xB5EF, 0xD6B4, 0xFFFA, 0xFFF6, 0xDF8C, // 0x2440 (9280) pixels
    0xC7E2, 0xBFC2, 0xB763, 0xB747, 0xAF0A, 0x8DCA, 0x4BC6, 0x19E1, 0x0040, 0x0020, 0x0000, 0x0000, 0x0001, 0x0000, 0x0020, 0x0020, // 0x2450 (9296) pixels
    0x0020, 0x0000, 0x0001, 0x0044, 0x10C7, 0x10E7, 0x10E7, 0x1107, 0x08C7, 0x0044, 0x0001, 0x0000, 0x0000, 0x0000, 0x0021, 0x08A3, // 0x2460 (9312) pixels
    0x0AA7, 0x1327, 0x23E9, 0x2CCA, 0x3508, 0x4548, 0x5DE8, 0x5DC7, 0x86A9, 0x8EE6, 0x9703, 0x9721, 0x9F43, 0xA764, 0x9F63, 0x9F62, // 0x2470 (9328) pixels
    0xBFC4, 0xB7A3, 0xB783, 0xAF24, 0x9E87, 0x6C87, 0x2223, 0x0102, 0x29C6, 0x08A2, 0x0000, 0x0000, 0x0000, 0x0000, 0x0000, 0x0000, // 0x2480 (9344) pixels
    0x0000, 0x0000, 0x0000, 0x0000, 0x0000, 0x0000, 0x0000, 0x0000, 0x0000, 0x0000, 0x0000, 0x0000, 0x0000, 0x0000, 0x0000, 0x0000, // 0x2490 (9360) pixels
    0x0000, 0x0000, 0x0000, 0x0000, 0x0000, 0x0000, 0x0000, 0x0000, 0x0000, 0x0000, 0x0000, 0x0000, 0x0000, 0x0000, 0x0000, 0x0000, // 0x24A0 (9376) pixels
    0x0000, 0x0000, 0x0000, 0x0000, 0x0000, 0x0000, 0x0000, 0x0000, 0x0000, 0x0840, 0x0000, 0x0000, 0x0822, 0x0000, 0x0000, 0x2120, // 0x24B0 (9392) pixels
    0xA523, 0xEF69, 0xFFE8, 0xEFE6, 0xB642, 0x8D40, 0xC723, 0xDFE0, 0xBF61, 0xB762, 0xA742, 0x9703, 0x8EC4, 0x86A6, 0x7E68, 0x7E49, // 0x24C0 (9408) pixels
    0x3B05, 0x0920, 0x0020, 0x0000, 0x0000, 0x0000, 0x0000, 0x0000, 0x0020, 0x0000, 0x0001, 0x0885, 0x1928, 0x1948, 0x1107, 0x1106, // 0x24D0 (9424) pixels
    0x10E7, 0x0864, 0x0021, 0x0000, 0x0000, 0x0061, 0x0125, 0x1209, 0x02CA, 0x138B, 0x13A8, 0x2C88, 0x4548, 0x3D06, 0x4526, 0x662A, // 0x24E0 (9440) pixels
    0x6E46, 0x7685, 0x86C4, 0x8EE4, 0x96C6, 0x9EE7, 0x9F06, 0x9EE5, 0x7D64, 0x6CE2, 0x4BE2, 0x2AC3, 0x2AE4, 0x43E7, 0x5449, 0x4C2B, // 0x24F0 (9456) pixels
    0x3207, 0x08A2, 0x0000, 0x0000, 0x0000, 0x0000, 0x0000, 0x0000, 0x0000, 0x0000, 0x0000, 0x0000, 0x0000, 0x0000, 0x0000, 0x0000, // 0x2500 (9472) pixels
    0x0000, 0x0000, 0x0000, 0x0000, 0x0000, 0x0000, 0x0000, 0x0000, 0x0000, 0x0000, 0x0000, 0x0000, 0x0000, 0x0000, 0x0000, 0x0000, // 0x2510 (9488) pixels
    0x0000, 0x0000, 0x0000, 0x0000, 0x0000, 0x0000, 0x0000, 0x0000, 0x0000, 0x0000, 0x0000, 0x0000, 0x0000, 0x0000, 0x0000, 0x0000, // 0x2520 (9504) pixels
    0x0002, 0x0842, 0x0000, 0x0000, 0x0001, 0x0000, 0x4201, 0xBE0B, 0xF7E3, 0xF7E0, 0xDF80, 0xE7E0, 0xDFA6, 0x9D83, 0x8D60, 0xCF83, // 0x2530 (9520) pixels
    0xC764, 0xB723, 0xA704, 0x9F26, 0x8F27, 0x7687, 0x5DE7, 0x55A7, 0x7DAB, 0x4BE6, 0x1140, 0x0000, 0x0800, 0x0800, 0x0800, 0x0800, // 0x2540 (9536) pixels
    0x0000, 0x0000, 0x0022, 0x10C6, 0x2169, 0x2169, 0x1127, 0x1126, 0x10C7, 0x0843, 0x0001, 0x0000, 0x0020, 0x00C3, 0x01A7, 0x024A, // 0x2550 (9552) pixels
    0x0287, 0x134A, 0x1BAA, 0x246A, 0x350A, 0x3D09, 0x4D69, 0x5589, 0x5E05, 0x6648, 0x7E6A, 0x75EA, 0x5CA6, 0x4BA4, 0x3B24, 0x32C4, // 0x2560 (9568) pixels
    0x4B27, 0x4B87, 0x6CA9, 0x6D29, 0x54A8, 0x4C6A, 0x3BEB, 0x2369, 0x0081, 0x0020, 0x0000, 0x0020, 0x0000, 0x0000, 0x0000, 0x0000, // 0x2570 (9584) pixels
    0x0000, 0x0000, 0x0000, 0x0000, 0x0000, 0x0000, 0x0000, 0x0000, 0x0000, 0x0000, 0x0000, 0x0000, 0x0000, 0x0000, 0x0000, 0x0000, // 0x2580 (9600) pixels
    0x0000, 0x0000, 0x0000, 0x0000, 0x0000, 0x0000, 0x0000, 0x0000, 0x0000, 0x0000, 0x0000, 0x0000, 0x0000, 0x0000, 0x0000, 0x0000, // 0x2590 (9616) pixels
    0x0000, 0x0000, 0x0000, 0x0000, 0x0000, 0x0000, 0x0000, 0x0000, 0x0021, 0x21E4, 0x3AC6, 0x1982, 0x0020, 0x31E2, 0xBE29, 0xEFA6, // 0x25A0 (9632) pixels
    0xEFE3, 0xE7E1, 0xF7E0, 0xF7E0, 0xF7E2, 0xD744, 0x9DE3, 0x7D64, 0xAFC2, 0xAF84, 0x9F05, 0x96E6, 0x8F07, 0x7E88, 0x5DC8, 0x55A8, // 0x25B0 (9648) pixels
    0x4D09, 0x3D0B, 0x3C4B, 0x00A1, 0x0000, 0x0000, 0x0020, 0x0000, 0x0000, 0x0000, 0x0021, 0x1967, 0x1988, 0x1968, 0x1969, 0x1928, // 0x25C0 (9664) pixels
    0x0927, 0x0001, 0x0800, 0x0000, 0x0021, 0x00C4, 0x09E7, 0x0247, 0x02C6, 0x0B68, 0x13A9, 0x1BC8, 0x2C6A, 0x44EB, 0x4D2B, 0x550B, // 0x25D0 (9680) pixels
    0x5CED, 0x4409, 0x2AE4, 0x2241, 0x32E3, 0x5C26, 0x754A, 0x85EC, 0x860B, 0x7DCC, 0x4CA9, 0x2BC8, 0x33CA, 0x43CB, 0x3AC8, 0x08E1, // 0x25E0 (9696) pixels
    0x0000, 0x0000, 0x0000, 0x0000, 0x0000, 0x0000, 0x0000, 0x0000, 0x0000, 0x0000, 0x0000, 0x0000, 0x0000, 0x0000, 0x0000, 0x0000, // 0x25F0 (9712) pixels
    0x0000, 0x0000, 0x0000, 0x0000, 0x0000, 0x0000, 0x0000, 0x0000, 0x0000, 0x0000, 0x0000, 0x0000, 0x0000, 0x0000, 0x0000, 0x0000, // 0x2600 (9728) pixels
    0x0000, 0x0000, 0x0000, 0x0000, 0x0000, 0x0000, 0x0000, 0x0000, 0x0000, 0x0000, 0x0000, 0x0000, 0x0000, 0x0000, 0x0000, 0x0000, // 0x2610 (9744) pixels
    0x0001, 0x08A0, 0x5345, 0x958A, 0x84E6, 0x5BA2, 0x6384, 0x4AA2, 0x6383, 0x7C44, 0x9503, 0x9D41, 0xAE03, 0xC6E7, 0xA666, 0x7D43, // 0x2620 (9760) pixels
    0x85A8, 0x9EC7, 0x9F25, 0x8EA4, 0x86A5, 0x7EA7, 0x6628, 0x4D69, 0x4D28, 0x3CE9, 0x2C0A, 0x2AA8, 0x0882, 0x0000, 0x0000, 0x0020, // 0x2630 (9776) pixels
    0x0000, 0x0000, 0x0882, 0x2A08, 0x21E9, 0x19A8, 0x1988, 0x1148, 0x0947, 0x0001, 0x0000, 0x0000, 0x0001, 0x08E5, 0x1208, 0x0247, // 0x2640 (9792) pixels
    0x0AC9, 0x132A, 0x1B4A, 0x1B69, 0x23A9, 0x2BC9, 0x2B67, 0x1B05, 0x0A22, 0x1A63, 0x4367, 0x74CC, 0x8DAE, 0x8D8D, 0x754B, 0x6D2A, // 0x2650 (9808) pixels
    0x5CE9, 0x4428, 0x33A7, 0x440C, 0x4C0D, 0x32A9, 0x1103, 0x0000, 0x0000, 0x0000, 0x0000, 0x0000, 0x0000, 0x0000, 0x0000, 0x0000, // 0x2660 (9824) pixels
    0x0000, 0x0000, 0x0000, 0x0000, 0x0000, 0x0000, 0x0000, 0x0000, 0x0000, 0x0000, 0x0000, 0x0000, 0x0000, 0x0000, 0x0000, 0x0000, // 0x2670 (9840) pixels
    0x0000, 0x0000, 0x0000, 0x0000, 0x0000, 0x0000, 0x0000, 0x0000, 0x0000, 0x0000, 0x0000, 0x0000, 0x0000, 0x0000, 0x0000, 0x0000, // 0x2680 (9856) pixels
    0x0000, 0x0000, 0x0000, 0x0000, 0x0000, 0x0000, 0x0000, 0x0000, 0x0800, 0x0000, 0x0821, 0x4AA8, 0x8CEC, 0x9589, 0x9E07, 0x9E46, // 0x2690 (9872) pixels
    0x9DC8, 0x8D66, 0x8D26, 0x7C85, 0x5363, 0x3283, 0x2A44, 0x2225, 0x0160, 0x6488, 0x9689, 0x8EC6, 0x86E6, 0x7667, 0x55A7, 0x4DA8, // 0x26A0 (9888) pixels
    0x4DA8, 0x3D08, 0x1BE8, 0x2BAB, 0x11A5, 0x0000, 0x0000, 0x0000, 0x0000, 0x0000, 0x1924, 0x42CB, 0x3249, 0x21E8, 0x19A8, 0x1168, // 0x26B0 (9904) pixels
    0x19C9, 0x0022, 0x0800, 0x0000, 0x0000, 0x08C4, 0x11E8, 0x0227, 0x0A08, 0x22EB, 0x2B2B, 0x1288, 0x01E5, 0x01E4, 0x1A86, 0x3349, // 0x26C0 (9920) pixels
    0x4BE9, 0x544A, 0x5C4A, 0x5C09, 0x5C09, 0x5C49, 0x5429, 0x43E7, 0x33A8, 0x3BEA, 0x43EC, 0x438C, 0x2228, 0x0082, 0x0000, 0x0000, // 0x26D0 (9936) pixels
    0x0000, 0x0000, 0x0000, 0x0000, 0x0000, 0x0000, 0x0000, 0x0000, 0x0000, 0x0000, 0x0000, 0x0000, 0x0000, 0x0000, 0x0000, 0x0000, // 0x26E0 (9952) pixels
    0x0000, 0x0000, 0x0000, 0x0000, 0x0000, 0x0000, 0x0000, 0x0000, 0x0000, 0x0000, 0x0000, 0x0000, 0x0000, 0x0000, 0x0000, 0x0000, // 0x26F0 (9968) pixels
    0x0000, 0x0000, 0x0000, 0x0000, 0x0000, 0x0000, 0x0000, 0x0000, 0x0000, 0x0000, 0x0000, 0x0000, 0x0000, 0x0000, 0x0000, 0x0000, // 0x2700 (9984) pixels
    0x0000, 0x1060, 0x0000, 0x0821, 0x4229, 0x636D, 0x63EA, 0x6427, 0x74A7, 0x74C7, 0x7D29, 0x8569, 0x8589, 0x8589, 0x7547, 0x64C5, // 0x2710 (10000) pixels
    0x4347, 0x1A03, 0x2283, 0x5CC6, 0x75E8, 0x65C8, 0x55A8, 0x4567, 0x4DA8, 0x4549, 0x2448, 0x1389, 0x22E9, 0x08A2, 0x0800, 0x0020, // 0x2720 (10016) pixels
    0x0000, 0x0000, 0x31E6, 0x5BAC, 0x3AC9, 0x2A49, 0x19E8, 0x11A8, 0x220A, 0x0022, 0x0000, 0x0000, 0x0000, 0x0863, 0x1187, 0x0A07, // 0x2730 (10032) pixels
    0x1229, 0x09E8, 0x01A6, 0x01C6, 0x1A68, 0x3B6B, 0x4BED, 0x542D, 0x4C09, 0x4BE9, 0x4BE9, 0x4BC9, 0x4BC9, 0x43A9, 0x3BA8, 0x3BC8, // 0x2740 (10048) pixels
    0x43AB, 0x4BAC, 0x3B0A, 0x1986, 0x0041, 0x0001, 0x0000, 0x0800, 0x0000, 0x0000, 0x0000, 0x0000, 0x0000, 0x0000, 0x0000, 0x0000, // 0x2750 (10064) pixels
    0x0000, 0x0000, 0x0000, 0x0000, 0x0000, 0x0000, 0x0000, 0x0000, 0x0000, 0x0000, 0x0000, 0x0000, 0x0000, 0x0000, 0x0000, 0x0000, // 0x2760 (10080) pixels
    0x0000, 0x0000, 0x0000, 0x0000, 0x0000, 0x0000, 0x0000, 0x0000, 0x0000, 0x0000, 0x0000, 0x0000, 0x0000, 0x0000, 0x0000, 0x0000, // 0x2770 (10096) pixels
    0x0000, 0x0000, 0x0000, 0x0000, 0x0000, 0x0000, 0x0000, 0x0000, 0x0004, 0x0001, 0x0000, 0x0000, 0x0862, 0x3188, 0x5B0C, 0x6B6B, // 0x2780 (10112) pixels
    0x534B, 0x5BAC, 0x538C, 0x4B8B, 0x4BAA, 0x53EA, 0x5C29, 0x5C49, 0x74CD, 0x750E, 0x438A, 0x1204, 0x22E5, 0x5509, 0x5DAA, 0x4D49, // 0x2790 (10128) pixels
    0x4547, 0x4508, 0x2CA9, 0x03A8, 0x1B4A, 0x1166, 0x0000, 0x0020, 0x0000, 0x0000, 0x4A88, 0x740D, 0x4B09, 0x32A9, 0x2249, 0x11C8, // 0x27A0 (10144) pixels
    0x220A, 0x0001, 0x0000, 0x0000, 0x0000, 0x0022, 0x1125, 0x11E7, 0x0165, 0x01C6, 0x1248, 0x22C9, 0x2B2A, 0x3B8A, 0x3B8A, 0x3B8A, // 0x27B0 (10160) pixels
    0x440A, 0x43C9, 0x3BA9, 0x3B89, 0x3B89, 0x3B89, 0x338A, 0x338A, 0x3AEA, 0x21C6, 0x00A2, 0x0000, 0x0000, 0x0020, 0x0000, 0x0000, // 0x27C0 (10176) pixels
    0x0000, 0x0000, 0x0000, 0x0000, 0x0000, 0x0000, 0x0000, 0x0000, 0x0000, 0x0000, 0x0000, 0x0000, 0x0000, 0x0000, 0x0000, 0x0000, // 0x27D0 (10192) pixels
    0x0000, 0x0000, 0x0000, 0x0000, 0x0000, 0x0000, 0x0000, 0x0000, 0x0000, 0x0000, 0x0000, 0x0000, 0x0000, 0x0000, 0x0000, 0x0000, // 0x27E0 (10208) pixels
    0x0000, 0x0000, 0x0000, 0x0000, 0x0000, 0x0000, 0x0000, 0x0000, 0x0000, 0x0000, 0x0000, 0x0000, 0x0000, 0x0000, 0x0000, 0x0000, // 0x27F0 (10224) pixels
    0x0021, 0x0000, 0x0000, 0x0000, 0x0001, 0x0822, 0x3987, 0x6AEB, 0x6349, 0x5B49, 0x5308, 0x536A, 0x5BCB, 0x4B89, 0x4B89, 0x53CA, // 0x2800 (10240) pixels
    0x4B8A, 0x4BCA, 0x540B, 0x438B, 0x1A46, 0x01E4, 0x2B67, 0x5D2D, 0x5529, 0x3CC8, 0x2489, 0x1409, 0x0AE8, 0x1A28, 0x0020, 0x0000, // 0x2810 (10256) pixels
    0x0000, 0x0000, 0x6329, 0x7C2C, 0x5348, 0x4309, 0x2A89, 0x11E8, 0x222A, 0x0021, 0x0000, 0x0000, 0x0000, 0x0001, 0x0083, 0x1186, // 0x2820 (10272) pixels
    0x1A48, 0x1A89, 0x22C9, 0x22C9, 0x1A87, 0x1AA7, 0x3329, 0x3B8A, 0x3348, 0x3BAA, 0x43CB, 0x3B6A, 0x3B6A, 0x438B, 0x3B2A, 0x2A88, // 0x2830 (10288) pixels
    0x08C2, 0x0020, 0x0000, 0x0000, 0x0000, 0x0000, 0x0000, 0x0020, 0x0000, 0x0000, 0x0000, 0x0000, 0x0000, 0x0000, 0x0000, 0x0000, // 0x2840 (10304) pixels
    0x0000, 0x0000, 0x0000, 0x0000, 0x0000, 0x0000, 0x0000, 0x0000, 0x0000, 0x0000, 0x0000, 0x0000, 0x0000, 0x0000, 0x0000, 0x0000, // 0x2850 (10320) pixels
    0x0000, 0x0000, 0x0000, 0x0000, 0x0000, 0x0000, 0x0000, 0x0000, 0x0000, 0x0000, 0x0000, 0x0000, 0x0000, 0x0000, 0x0000, 0x0000, // 0x2860 (10336) pixels
    0x0000, 0x0000, 0x0000, 0x0000, 0x0000, 0x0000, 0x0000, 0x0000, 0x0000, 0x0020, 0x0020, 0x0020, 0x0020, 0x0000, 0x0001, 0x2066, // 0x2870 (10352) pixels
    0x3965, 0x62AA, 0x6B4C, 0x5B0B, 0x4AC9, 0x42E9, 0x4B4A, 0x3B09, 0x3B49, 0x3B2A, 0x32E8, 0x3B07, 0x3B29, 0x2A8A, 0x1A28, 0x1A86, // 0x2880 (10368) pixels
    0x4C69, 0x3CCA, 0x2469, 0x242A, 0x0B08, 0x1AA9, 0x0104, 0x0001, 0x0000, 0x0800, 0x738A, 0x7C0A, 0x5B68, 0x4B29, 0x32CA, 0x1A09, // 0x2890 (10384) pixels
    0x222A, 0x0041, 0x0020, 0x0000, 0x0000, 0x0001, 0x0001, 0x00C3, 0x0966, 0x11C7, 0x2289, 0x32EB, 0x2AEA, 0x32EA, 0x3B2A, 0x434B, // 0x28A0 (10400) pixels
    0x53CC, 0x4BAC, 0x4B6B, 0x432A, 0x3268, 0x1944, 0x0061, 0x0000, 0x0000, 0x0000, 0x0020, 0x0000, 0x0000, 0x0000, 0x0000, 0x0000, // 0x28B0 (10416) pixels
    0x0000, 0x0000, 0x0000, 0x0000, 0x0000, 0x0000, 0x0000, 0x0000, 0x0000, 0x0000, 0x0000, 0x0000, 0x0000, 0x0000, 0x0000, 0x0000, // 0x28C0 (10432) pixels
    0x0000, 0x0000, 0x0000, 0x0000, 0x0000, 0x0000, 0x0000, 0x0000, 0x0000, 0x0000, 0x0000, 0x0000, 0x0000, 0x0000, 0x0000, 0x0000, // 0x28D0 (10448) pixels
    0x0000, 0x0000, 0x0000, 0x0000, 0x0000, 0x0000, 0x0000, 0x0000, 0x0000, 0x0000, 0x0000, 0x0000, 0x0000, 0x0000, 0x0000, 0x0000, // 0x28E0 (10464) pixels
    0x0800, 0x0000, 0x0000, 0x0001, 0x0000, 0x0020, 0x0820, 0x0000, 0x1001, 0x1822, 0x3946, 0x62CB, 0x632C, 0x4AEA, 0x42EA, 0x3AC9, // 0x28F0 (10480) pixels
    0x3308, 0x3308, 0x3B09, 0x3ACA, 0x32A9, 0x3B09, 0x2A88, 0x0966, 0x1263, 0x3449, 0x2449, 0x13A8, 0x1B49, 0x0A88, 0x11C6, 0x0000, // 0x2900 (10496) pixels
    0x0000, 0x0820, 0x7BCB, 0x7BE9, 0x5B67, 0x5349, 0x3B0A, 0x1A29, 0x222A, 0x0062, 0x0020, 0x0000, 0x0000, 0x0802, 0x0001, 0x0062, // 0x2910 (10512) pixels
    0x1126, 0x00C4, 0x00C4, 0x0966, 0x11A7, 0x19E7, 0x19E7, 0x11A6, 0x1964, 0x1985, 0x1124, 0x0061, 0x0000, 0x0000, 0x0800, 0x0800, // 0x2920 (10528) pixels
    0x0021, 0x0000, 0x0000, 0x0000, 0x0000, 0x0000, 0x0000, 0x0000, 0x0000, 0x0000, 0x0000, 0x0000, 0x0000, 0x0000, 0x0000, 0x0000, // 0x2930 (10544) pixels
    0x0000, 0x0000, 0x0000, 0x0000, 0x0000, 0x0000, 0x0000, 0x0000, 0x0000, 0x0000, 0x0000, 0x0000, 0x0000, 0x0000, 0x0000, 0x0000, // 0x2940 (10560) pixels
    0x0000, 0x0000, 0x0000, 0x0000, 0x0000, 0x0000, 0x0000, 0x0000, 0x0000, 0x0000, 0x0000, 0x0000, 0x0000, 0x0000, 0x0000, 0x0000, // 0x2950 (10576) pixels
    0x0000, 0x0000, 0x0000, 0x0000, 0x0000, 0x0000, 0x0000, 0x0000, 0x0800, 0x0800, 0x0000, 0x0000, 0x0000, 0x0000, 0x0000, 0x0000, // 0x2960 (10592) pixels
    0x0000, 0x0000, 0x0000, 0x0841, 0x2105, 0x41E8, 0x528B, 0x5ACD, 0x4AEA, 0x42CA, 0x3AA9, 0x3288, 0x32C9, 0x32E9, 0x2AE9, 0x22C9, // 0x2970 (10608) pixels
    0x1185, 0x09E6, 0x2B6B, 0x2BCC, 0x02E8, 0x02C8, 0x1247, 0x0082, 0x0001, 0x0020, 0x636A, 0x6BC9, 0x5BA8, 0x5369, 0x4B2A, 0x3248, // 0x2980 (10624) pixels
    0x22AC, 0x11A7, 0x0020, 0x0000, 0x0800, 0x0000, 0x0001, 0x08C5, 0x11EA, 0x11A8, 0x0105, 0x00C4, 0x00C6, 0x00C7, 0x0025, 0x0865, // 0x2990 (10640) pixels
    0x0000, 0x0000, 0x0000, 0x0000, 0x0000, 0x0000, 0x0000, 0x0000, 0x0000, 0x0000, 0x0000, 0x0800, 0x1860, 0x0000, 0x0000, 0x0021, // 0x29A0 (10656) pixels
    0x0000, 0x0000, 0x0000, 0x0000, 0x0000, 0x0000, 0x0000, 0x0000, 0x0000, 0x0000, 0x0000, 0x0000, 0x0000, 0x0000, 0x0000, 0x0000, // 0x29B0 (10672) pixels
    0x0000, 0x0000, 0x0000, 0x0000, 0x0000, 0x0000, 0x0000, 0x0000, 0x0000, 0x0000, 0x0000, 0x0000, 0x0000, 0x0000, 0x0000, 0x0000, // 0x29C0 (10688) pixels
    0x0000, 0x0000, 0x0000, 0x0000, 0x0000, 0x0000, 0x0000, 0x0000, 0x0000, 0x0000, 0x0000, 0x0000, 0x0000, 0x0000, 0x0000, 0x0000, // 0x29D0 (10704) pixels
    0x1020, 0x1000, 0x0000, 0x0000, 0x0000, 0x0000, 0x0020, 0x0000, 0x0020, 0x0000, 0x0000, 0x0000, 0x0000, 0x0021, 0x1063, 0x10A4, // 0x29E0 (10720) pixels
    0x3207, 0x4AAA, 0x532B, 0x4B0B, 0x3ACA, 0x2A89, 0x2A89, 0x2289, 0x2227, 0x01A5, 0x0226, 0x1B09, 0x0AE8, 0x0287, 0x0A27, 0x00A3, // 0x29F0 (10736) pixels
    0x0002, 0x0000, 0x5B29, 0x6BE9, 0x5368, 0x4B2A, 0x4B4C, 0x3ACA, 0x2A4B, 0x21A8, 0x0062, 0x0000, 0x0000, 0x0000, 0x0022, 0x0085, // 0x2A00 (10752) pixels
    0x0988, 0x1167, 0x1145, 0x1947, 0x08E7, 0x0087, 0x10A7, 0x0865, 0x0000, 0x0000, 0x0000, 0x0000, 0x0000, 0x0000, 0x0000, 0x0000, // 0x2A10 (10768) pixels
    0x0021, 0x0000, 0x0820, 0x41A5, 0x5248, 0x1040, 0x0000, 0x0000, 0x0000, 0x0000, 0x0000, 0x0000, 0x0000, 0x0000, 0x0000, 0x0000, // 0x2A20 (10784) pixels
    0x0000, 0x0000, 0x0000, 0x0000, 0x0000, 0x0000, 0x0000, 0x0000, 0x0000, 0x0000, 0x0000, 0x0000, 0x0000, 0x0000, 0x0000, 0x0000, // 0x2A30 (10800) pixels
    0x0000, 0x0000, 0x0000, 0x0000, 0x0000, 0x0000, 0x0000, 0x0000, 0x0000, 0x0000, 0x0000, 0x0000, 0x0000, 0x0000, 0x0000, 0x0000, // 0x2A40 (10816) pixels
    0x0000, 0x0000, 0x0000, 0x0000, 0x0000, 0x0000, 0x0000, 0x0000, 0x5207, 0x3985, 0x1081, 0x0000, 0x0000, 0x0000, 0x0000, 0x0000, // 0x2A50 (10832) pixels
    0x0000, 0x0000, 0x0020, 0x0000, 0x0000, 0x0000, 0x0000, 0x0001, 0x0000, 0x0862, 0x10E3, 0x2165, 0x2A08, 0x3A8A, 0x3AAA, 0x3269, // 0x2A60 (10848) pixels
    0x2A68, 0x11E6, 0x0184, 0x0A27, 0x0A88, 0x0288, 0x1268, 0x0124, 0x0002, 0x0842, 0x52C8, 0x5B68, 0x5B89, 0x63AE, 0x4B0C, 0x2205, // 0x2A70 (10864) pixels
    0x0143, 0x1A06, 0x2266, 0x2AE7, 0x2AC7, 0x2267, 0x1206, 0x11C7, 0x0164, 0x0944, 0x0924, 0x1106, 0x10E8, 0x1087, 0x18E8, 0x0044, // 0x2A80 (10880) pixels
    0x0000, 0x0000, 0x0000, 0x0000, 0x0000, 0x0000, 0x0000, 0x0000, 0x0021, 0x0000, 0x0000, 0x20E2, 0x3985, 0x0820, 0x0000, 0x0000, // 0x2A90 (10896) pixels
    0x0000, 0x0000, 0x0000, 0x0000, 0x0000, 0x0000, 0x0000, 0x0000, 0x0000, 0x0000, 0x0000, 0x0000, 0x0000, 0x0000, 0x0000, 0x0000, // 0x2AA0 (10912) pixels
    0x0000, 0x0000, 0x0000, 0x0000, 0x0000, 0x0000, 0x0000, 0x0000, 0x0000, 0x0000, 0x0000, 0x0000, 0x0000, 0x0000, 0x0000, 0x0000, // 0x2AB0 (10928) pixels
    0x0000, 0x0000, 0x0000, 0x0000, 0x0000, 0x0000, 0x0000, 0x0000, 0x0000, 0x0000, 0x0000, 0x0000, 0x0000, 0x0000, 0x0000, 0x0000, // 0x2AC0 (10944) pixels
    0x3123, 0x20C2, 0x0020, 0x0000, 0x0000, 0x0000, 0x0021, 0x0000, 0x0000, 0x0000, 0x0000, 0x0000, 0x0000, 0x0000, 0x0000, 0x0000, // 0x2AD0 (10960) pixels
    0x0000, 0x0000, 0x0000, 0x0000, 0x0021, 0x10C4, 0x29A7, 0x3A4A, 0x2248, 0x2268, 0x09C6, 0x0985, 0x0A07, 0x0AA9, 0x1268, 0x0165, // 0x2AE0 (10976) pixels
    0x0001, 0x0001, 0x4228, 0x73CC, 0x638C, 0x3228, 0x0922, 0x3B25, 0x654B, 0x65CC, 0x5DEC, 0x55EB, 0x458B, 0x350B, 0x3CEC, 0x3CCD, // 0x2AF0 (10992) pixels
    0x340C, 0x12A7, 0x09A5, 0x08E5, 0x10E8, 0x10C8, 0x10C6, 0x0002, 0x0000, 0x0000, 0x0000, 0x0000, 0x0000, 0x0000, 0x0000, 0x0000, // 0x2B00 (11008) pixels
    0x0000, 0x0020, 0x0000, 0x0000, 0x0800, 0x0000, 0x0020, 0x0000, 0x0000, 0x0000, 0x0000, 0x0000, 0x0000, 0x0000, 0x0000, 0x0000, // 0x2B10 (11024) pixels
    0x0000, 0x0000, 0x0000, 0x0000, 0x0000, 0x0000, 0x0000, 0x0000, 0x0000, 0x0000, 0x0000, 0x0000, 0x0000, 0x0000, 0x0000, 0x0000, // 0x2B20 (11040) pixels
    0x0000, 0x0000, 0x0000, 0x0000, 0x0000, 0x0000, 0x0000, 0x0000, 0x0000, 0x0000, 0x0000, 0x0000, 0x0000, 0x0000, 0x0000, 0x0000, // 0x2B30 (11056) pixels
    0x0000, 0x0000, 0x0000, 0x0000, 0x0000, 0x0000, 0x0000, 0x0000, 0x0000, 0x0000, 0x0000, 0x0000, 0x0021, 0x0000, 0x0000, 0x0000, // 0x2B40 (11072) pixels
    0x0000, 0x0000, 0x0000, 0x0000, 0x0000, 0x0000, 0x0000, 0x0000, 0x0001, 0x0000, 0x0000, 0x0000, 0x0000, 0x0001, 0x10A4, 0x3187, // 0x2B50 (11088) pixels
    0x2A29, 0x2A49, 0x19A7, 0x0945, 0x09C7, 0x0A69, 0x0228, 0x0165, 0x0000, 0x0001, 0x31A7, 0x5B0B, 0x2164, 0x3245, 0x9DEE, 0xAEEC, // 0x2B60 (11104) pixels
    0x65C7, 0x5DC7, 0x45C6, 0x3DC6, 0x2DA7, 0x2527, 0x1CC8, 0x0C06, 0x1C4A, 0x4D90, 0x3C0C, 0x00E4, 0x1128, 0x296A, 0x0002, 0x0000, // 0x2B70 (11120) pixels
    0x0000, 0x0000, 0x0000, 0x0000, 0x0000, 0x0000, 0x0000, 0x0000, 0x0000, 0x0000, 0x0000, 0x0000, 0x0000, 0x0000, 0x0000, 0x0020, // 0x2B80 (11136) pixels
    0x0000, 0x0000, 0x0000, 0x0000, 0x0000, 0x0000, 0x0000, 0x0000, 0x0000, 0x0000, 0x0000, 0x0000, 0x0000, 0x0000, 0x0000, 0x0000, // 0x2B90 (11152) pixels
    0x0000, 0x0000, 0x0000, 0x0000, 0x0000, 0x0000, 0x0000, 0x0000, 0x0000, 0x0000, 0x0000, 0x0000, 0x0000, 0x0000, 0x0000, 0x0000, // 0x2BA0 (11168) pixels
    0x0000, 0x0000, 0x0000, 0x0000, 0x0000, 0x0000, 0x0000, 0x0000, 0x0000, 0x0000, 0x0000, 0x0000, 0x0000, 0x0000, 0x0000, 0x0000, // 0x2BB0 (11184) pixels
    0x0000, 0x0020, 0x0000, 0x0000, 0x0000, 0x0000, 0x0000, 0x0000, 0x0000, 0x0000, 0x0000, 0x0000, 0x0000, 0x0000, 0x0000, 0x0020, // 0x2BC0 (11200) pixels
    0x0000, 0x0000, 0x0000, 0x0000, 0x0821, 0x0000, 0x0000, 0x0021, 0x21C8, 0x2A29, 0x29E8, 0x1146, 0x0986, 0x0A48, 0x0228, 0x0186, // 0x2BD0 (11216) pixels
    0x0882, 0x0021, 0x18E5, 0x2104, 0x7C0C, 0xD7B2, 0xA6C9, 0x9684, 0x8647, 0x7E27, 0x6607, 0x55C7, 0x45A8, 0x3D49, 0x3D0A, 0x2428, // 0x2BE0 (11232) pixels
    0x0408, 0x144A, 0x3CEE, 0x33AD, 0x0947, 0x08A5, 0x0001, 0x0020, 0x0000, 0x0000, 0x0000, 0x0000, 0x0000, 0x0000, 0x0000, 0x0000, // 0x2BF0 (11248) pixels
    0x0000, 0x0000, 0x0000, 0x0000, 0x0000, 0x0000, 0x0000, 0x0000, 0x0000, 0x0000, 0x0000, 0x0000, 0x0000, 0x0000, 0x0000, 0x0000, // 0x2C00 (11264) pixels
    0x0000, 0x0000, 0x0000, 0x0000, 0x0000, 0x0000, 0x0000, 0x0000, 0x0000, 0x0000, 0x0000, 0x0000, 0x0000, 0x0000, 0x0000, 0x0000, // 0x2C10 (11280) pixels
    0x0000, 0x0000, 0x0000, 0x0000, 0x0000, 0x0000, 0x0000, 0x0000, 0x0000, 0x0000, 0x0000, 0x0000, 0x0000, 0x0000, 0x0000, 0x0000, // 0x2C20 (11296) pixels
    0x0000, 0x0000, 0x0000, 0x0000, 0x0000, 0x0000, 0x0000, 0x0000, 0x0000, 0x0000, 0x0000, 0x0000, 0x0000, 0x0000, 0x0000, 0x0000, // 0x2C30 (11312) pixels
    0x0000, 0x0000, 0x0000, 0x0000, 0x0000, 0x0000, 0x0000, 0x0000, 0x0000, 0x0000, 0x0020, 0x0000, 0x0000, 0x0000, 0x0000, 0x0000, // 0x2C40 (11328) pixels
    0x08C4, 0x29C8, 0x322A, 0x21A8, 0x0146, 0x01E7, 0x0A49, 0x09A7, 0x10C7, 0x0043, 0x18E5, 0x9CD2, 0xF7F6, 0xCFA9, 0xAF42, 0xAF85, // 0x2C50 (11344) pixels
    0x8E87, 0x8647, 0x7E48, 0x6E09, 0x5589, 0x3CE9, 0x3CCB, 0x2449, 0x0C29, 0x03E9, 0x1C0B, 0x444E, 0x0125, 0x0043, 0x0000, 0x0000, // 0x2C60 (11360) pixels
    0x0000, 0x0000, 0x0000, 0x0000, 0x0000, 0x0000, 0x0000, 0x0000, 0x0000, 0x0000, 0x0000, 0x0000, 0x0000, 0x0020, 0x0000, 0x0000, // 0x2C70 (11376) pixels
    0x0000, 0x0000, 0x0000, 0x0000, 0x0000, 0x0000, 0x0000, 0x0000, 0x0000, 0x0000, 0x0000, 0x0000, 0x0000, 0x0000, 0x0000, 0x0000, // 0x2C80 (11392) pixels
    0x0000, 0x0000, 0x0000, 0x0000, 0x0000, 0x0000, 0x0000, 0x0000, 0x0000, 0x0000, 0x0000, 0x0000, 0x0000, 0x0000, 0x0000, 0x0000, // 0x2C90 (11408) pixels
    0x0000, 0x0000, 0x0000, 0x0000, 0x0000, 0x0000, 0x0000, 0x0000, 0x0000, 0x0000, 0x0000, 0x0000, 0x0000, 0x0000, 0x0000, 0x0000, // 0x2CA0 (11424) pixels
    0x0000, 0x0000, 0x0000, 0x0000, 0x0000, 0x0000, 0x0020, 0x0000, 0x0000, 0x0000, 0x0000, 0x0000, 0x0000, 0x0000, 0x0000, 0x0000, // 0x2CB0 (11440) pixels
    0x0020, 0x0020, 0x0000, 0x0000, 0x0000, 0x0020, 0x0000, 0x0000, 0x0002, 0x1946, 0x29E9, 0x29C9, 0x0146, 0x0186, 0x0A28, 0x0166, // 0x2CC0 (11456) pixels
    0x1089, 0x0844, 0x9CD4, 0xFFFC, 0xDFB0, 0xB741, 0xAFA0, 0xA763, 0x7EE7, 0x6E25, 0x6E27, 0x6E29, 0x55AA, 0x34C8, 0x2CCA, 0x1C8A, // 0x2CD0 (11472) pixels
    0x140A, 0x13E9, 0x0327, 0x3BED, 0x00E4, 0x0001, 0x0000, 0x0800, 0x0000, 0x0000, 0x0000, 0x0000, 0x0000, 0x0000, 0x0000, 0x0000, // 0x2CE0 (11488) pixels
    0x0000, 0x0000, 0x0000, 0x0000, 0x0000, 0x0000, 0x0000, 0x0000, 0x0000, 0x0000, 0x0000, 0x0000, 0x0000, 0x0000, 0x0000, 0x0000, // 0x2CF0 (11504) pixels
    0x0000, 0x0000, 0x0000, 0x0000, 0x0000, 0x0000, 0x0000, 0x0000, 0x0000, 0x0000, 0x0000, 0x0000, 0x0000, 0x0000, 0x0000, 0x0000, // 0x2D00 (11520) pixels
    0x0000, 0x0000, 0x0000, 0x0000, 0x0000, 0x0000, 0x0000, 0x0000, 0x0000, 0x0000, 0x0000, 0x0000, 0x0000, 0x0000, 0x0000, 0x0000, // 0x2D10 (11536) pixels
    0x0000, 0x0000, 0x0000, 0x0000, 0x0000, 0x0000, 0x0000, 0x0000, 0x0000, 0x0000, 0x0000, 0x0000, 0x0000, 0x0000, 0x0000, 0x0000, // 0x2D20 (11552) pixels
    0x0000, 0x0000, 0x0000, 0x0000, 0x0000, 0x0000, 0x0000, 0x0000, 0x0000, 0x0000, 0x0000, 0x0000, 0x0000, 0x0020, 0x0020, 0x0000, // 0x2D30 (11568) pixels
    0x0002, 0x0002, 0x1927, 0x29EB, 0x19A9, 0x0125, 0x11A7, 0x0968, 0x0024, 0x630C, 0xFFD8, 0xDFC7, 0xC7A0, 0xAF42, 0xAF63, 0xAF27, // 0x2D40 (11584) pixels
    0x6E26, 0x7667, 0x6E68, 0x5DE7, 0x4567, 0x34E8, 0x2488, 0x1C28, 0x0C29, 0x03A8, 0x0327, 0x3BEC, 0x00E2, 0x0000, 0x0000, 0x0000, // 0x2D50 (11600) pixels
    0x0000, 0x0021, 0x0001, 0x0000, 0x0020, 0x0020, 0x0000, 0x0001, 0x0000, 0x0000, 0x0000, 0x0000, 0x0000, 0x0000, 0x0000, 0x0000, // 0x2D60 (11616) pixels
    0x0000, 0x0000, 0x0000, 0x0000, 0x0000, 0x0000, 0x0000, 0x0000, 0x0000, 0x0000, 0x0000, 0x0000, 0x0000, 0x0000, 0x0000, 0x0000, // 0x2D70 (11632) pixels
    0x0000, 0x0000, 0x0000, 0x0000, 0x0000, 0x0000, 0x0000, 0x0000, 0x0000, 0x0000, 0x0000, 0x0000, 0x0000, 0x0000, 0x0000, 0x0000, // 0x2D80 (11648) pixels
    0x0000, 0x0000, 0x0000, 0x0000, 0x0000, 0x0000, 0x0000, 0x0000, 0x0000, 0x0000, 0x0000, 0x0000, 0x0000, 0x0000, 0x0000, 0x0000, // 0x2D90 (11664) pixels
    0x0000, 0x0000, 0x0000, 0x0000, 0x0000, 0x0000, 0x0000, 0x0000, 0x0000, 0x0000, 0x0000, 0x0000, 0x0000, 0x0000, 0x0000, 0x0000, // 0x2DA0 (11680) pixels
    0x0000, 0x0000, 0x0000, 0x0020, 0x0000, 0x0000, 0x0000, 0x0001, 0x0001, 0x0021, 0x10E4, 0x21A8, 0x19A8, 0x0125, 0x1186, 0x0926, // 0x2DB0 (11696) pixels
    0x18E6, 0xDEDA, 0xF7F0, 0xD7A3, 0xC7A1, 0xB783, 0xBFC8, 0x7583, 0x6DE6, 0x6E06, 0x65E7, 0x5DA8, 0x4D69, 0x450A, 0x34AA, 0x244A, // 0x2DC0 (11712) pixels
    0x0BA9, 0x0327, 0x1B8A, 0x43AC, 0x0081, 0x0000, 0x0800, 0x0000, 0x0820, 0x0000, 0x0000, 0x0000, 0x0000, 0x0000, 0x0000, 0x0000, // 0x2DD0 (11728) pixels
    0x0000, 0x0000, 0x0000, 0x0000, 0x0000, 0x0000, 0x0000, 0x0000, 0x0000, 0x0000, 0x0000, 0x0000, 0x0000, 0x0000, 0x0000, 0x0000, // 0x2DE0 (11744) pixels
    0x0000, 0x0000, 0x0000, 0x0000, 0x0000, 0x0000, 0x0000, 0x0000, 0x0000, 0x0000, 0x0000, 0x0000, 0x0000, 0x0000, 0x0000, 0x0000, // 0x2DF0 (11760) pixels
    0x0000, 0x0000, 0x0000, 0x0000, 0x0000, 0x0000, 0x0000, 0x0000, 0x0000, 0x0000, 0x0000, 0x0000, 0x0000, 0x0000, 0x0000, 0x0000, // 0x2E00 (11776) pixels
    0x0000, 0x0000, 0x0000, 0x0000, 0x0000, 0x0000, 0x0000, 0x0000, 0x0000, 0x0000, 0x0000, 0x0000, 0x0000, 0x0000, 0x0000, 0x0000, // 0x2E10 (11792) pixels
    0x0000, 0x0000, 0x0000, 0x0000, 0x0020, 0x0000, 0x0000, 0x0020, 0x0000, 0x0000, 0x0000, 0x0000, 0x0000, 0x0021, 0x0001, 0x0000, // 0x2E20 (11808) pixels
    0x0000, 0x0020, 0x0082, 0x1946, 0x1987, 0x0925, 0x08E4, 0x0084, 0x6B2D, 0xFFF9, 0xE7E5, 0xC760, 0xBFA4, 0xA744, 0x75A6, 0x5CC3, // 0x2E30 (11824) pixels
    0x6E08, 0x6DC7, 0x5D87, 0x5548, 0x4D0A, 0x44AA, 0x2C2A, 0x23A9, 0x1329, 0x1308, 0x33AC, 0x1207, 0x0040, 0x0061, 0x0000, 0x0000, // 0x2E40 (11840) pixels
    0x0001, 0x0821, 0x0000, 0x0000, 0x0000, 0x0001, 0x0000, 0x0000, 0x0000, 0x0000, 0x0000, 0x0000, 0x0000, 0x0000, 0x0000, 0x0000, // 0x2E50 (11856) pixels
    0x0000, 0x0000, 0x0000, 0x0000, 0x0000, 0x0000, 0x0000, 0x0000, 0x0000, 0x0000, 0x0000, 0x0000, 0x0000, 0x0000, 0x0000, 0x0000, // 0x2E60 (11872) pixels
    0x0000, 0x0000, 0x0000, 0x0000, 0x0000, 0x0000, 0x0000, 0x0000, 0x0000, 0x0000, 0x0000, 0x0000, 0x0000, 0x0000, 0x0000, 0x0000, // 0x2E70 (11888) pixels
    0x0000, 0x0000, 0x0000, 0x0000, 0x0000, 0x0000, 0x0000, 0x0000, 0x0000, 0x0000, 0x0000, 0x0000, 0x0000, 0x0000, 0x0000, 0x0000, // 0x2E80 (11904) pixels
    0x0000, 0x0000, 0x0000, 0x0000, 0x0000, 0x0000, 0x0000, 0x0000, 0x0000, 0x0000, 0x0000, 0x0000, 0x0000, 0x0000, 0x0000, 0x0000, // 0x2E90 (11920) pixels
    0x0000, 0x0000, 0x0001, 0x0001, 0x0001, 0x0001, 0x0000, 0x0020, 0x0000, 0x0000, 0x0000, 0x08C4, 0x1947, 0x1927, 0x0063, 0x08A4, // 0x2EA0 (11936) pixels
    0xD6B9, 0xEFED, 0xCFA0, 0xB723, 0xAF46, 0x7E06, 0x4447, 0x75E9, 0x5D87, 0x5567, 0x5528, 0x4D09, 0x44CB, 0x3C4B, 0x238A, 0x1309, // 0x2EB0 (11952) pixels
    0x0A67, 0x2B4B, 0x2289, 0x1A27, 0x2287, 0x2266, 0x32C6, 0x19C1, 0x0863, 0x0000, 0x0000, 0x0820, 0x0000, 0x0001, 0x0801, 0x0000, // 0x2EC0 (11968) pixels
    0x0000, 0x0000, 0x0000, 0x0000, 0x0000, 0x0000, 0x0000, 0x0000, 0x0000, 0x0000, 0x0000, 0x0000, 0x0000, 0x0000, 0x0000, 0x0000, // 0x2ED0 (11984) pixels
    0x0000, 0x0000, 0x0000, 0x0000, 0x0000, 0x0000, 0x0000, 0x0000, 0x0000, 0x0000, 0x0000, 0x0000, 0x0000, 0x0000, 0x0000, 0x0000, // 0x2EE0 (12000) pixels
    0x0000, 0x0000, 0x0000, 0x0000, 0x0000, 0x0000, 0x0000, 0x0000, 0x0000, 0x0000, 0x0000, 0x0000, 0x0000, 0x0000, 0x0000, 0x0000, // 0x2EF0 (12016) pixels
    0x0000, 0x0000, 0x0000, 0x0000, 0x0000, 0x0000, 0x0000, 0x0000, 0x0000, 0x0000, 0x0000, 0x0000, 0x0000, 0x0000, 0x0000, 0x0000, // 0x2F00 (12032) pixels
    0x0020, 0x0000, 0x0020, 0x0000, 0x0000, 0x0000, 0x0000, 0x0000, 0x0002, 0x0001, 0x0801, 0x20C3, 0x3985, 0x39A5, 0x2124, 0x10C2, // 0x2F10 (12048) pixels
    0x0862, 0x0001, 0x0001, 0x0022, 0x10C7, 0x1909, 0x0024, 0x39E8, 0xF7F6, 0xD7C5, 0xB721, 0xA705, 0x8E47, 0x4C67, 0x5D09, 0x65A8, // 0x2F20 (12064) pixels
    0x4D69, 0x4D49, 0x4D0A, 0x44AA, 0x340A, 0x1B69, 0x12E8, 0x0AA8, 0x3B6D, 0x2AEA, 0x01A5, 0x1267, 0x3C2B, 0x3C69, 0x5D6B, 0x762C, // 0x2F30 (12080) pixels
    0xAE12, 0x6BAB, 0x10A2, 0x0001, 0x0802, 0x0801, 0x0000, 0x0001, 0x0000, 0x0000, 0x0000, 0x0000, 0x0000, 0x0000, 0x0000, 0x0000, // 0x2F40 (12096) pixels
    0x0000, 0x0000, 0x0000, 0x0000, 0x0000, 0x0000, 0x0000, 0x0000, 0x0000, 0x0000, 0x0000, 0x0000, 0x0000, 0x0000, 0x0000, 0x0000, // 0x2F50 (12112) pixels
    0x0000, 0x0000, 0x0000, 0x0000, 0x0000, 0x0000, 0x0000, 0x0000, 0x0000, 0x0000, 0x0000, 0x0000, 0x0000, 0x0000, 0x0000, 0x0000, // 0x2F60 (12128) pixels
    0x0000, 0x0000, 0x0000, 0x0000, 0x0000, 0x0000, 0x0000, 0x0000, 0x0000, 0x0000, 0x0000, 0x0000, 0x0000, 0x0000, 0x0000, 0x0000, // 0x2F70 (12144) pixels
    0x0000, 0x0000, 0x0000, 0x0000, 0x0000, 0x0000, 0x0000, 0x0000, 0x0000, 0x0000, 0x0000, 0x0000, 0x0000, 0x0841, 0x0000, 0x0000, // 0x2F80 (12160) pixels
    0x0802, 0x5209, 0x944E, 0xA4CD, 0x8C6B, 0x7BEB, 0x5B2B, 0x426A, 0x29C7, 0x1104, 0x0083, 0x0023, 0x0046, 0x18C9, 0x0023, 0x738C, // 0x2F90 (12176) pixels
    0xEFEF, 0xBF24, 0xA6C5, 0x8625, 0x5CA7, 0x43C8, 0x6DC9, 0x5507, 0x4D2B, 0x4CEB, 0x3C4A, 0x2368, 0x12C7, 0x1288, 0x22EA, 0x2B4B, // 0x2FA0 (12192) pixels
    0x2A8A, 0x0104, 0x09C6, 0x0A46, 0x1B67, 0x2C88, 0x2464, 0x4DA7, 0x9ECA, 0xE7F7, 0xCEF9, 0x4A8C, 0x0002, 0x0000, 0x0000, 0x0000, // 0x2FB0 (12208) pixels
    0x0000, 0x0000, 0x0000, 0x0000, 0x0000, 0x0000, 0x0000, 0x0000, 0x0000, 0x0000, 0x0000, 0x0000, 0x0000, 0x0000, 0x0000, 0x0000, // 0x2FC0 (12224) pixels
    0x0000, 0x0000, 0x0000, 0x0000, 0x0000, 0x0000, 0x0000, 0x0000, 0x0000, 0x0000, 0x0000, 0x0000, 0x0000, 0x0000, 0x0000, 0x0000, // 0x2FD0 (12240) pixels
    0x0000, 0x0000, 0x0000, 0x0000, 0x0000, 0x0000, 0x0000, 0x0000, 0x0000, 0x0000, 0x0000, 0x0000, 0x0000, 0x0000, 0x0000, 0x0000, // 0x2FE0 (12256) pixels
    0x0000, 0x0000, 0x0000, 0x0000, 0x0000, 0x0000, 0x0000, 0x0000, 0x0000, 0x0000, 0x0000, 0x0000, 0x0000, 0x0000, 0x0000, 0x0000, // 0x2FF0 (12272) pixels
    0x0000, 0x0000, 0x0020, 0x0020, 0x0020, 0x0000, 0x0000, 0x2945, 0xACCE, 0xC58F, 0xC5AD, 0x9CA9, 0x7BE6, 0x6BA8, 0x5B69, 0x42E9, // 0x3000 (12288) pixels
    0x42CA, 0x2A27, 0x1986, 0x08E5, 0x0887, 0x1087, 0x0000, 0x948C, 0xD7CA, 0x95C7, 0x85E9, 0x6528, 0x3BC8, 0x546C, 0x54CA, 0x4448, // 0x3010 (12304) pixels
    0x33C9, 0x2B89, 0x2308, 0x1A88, 0x2289, 0x32CA, 0x3AEB, 0x3AEB, 0x00E4, 0x0105, 0x09A7, 0x1268, 0x1327, 0x2C69, 0x34E8, 0x4527, // 0x3020 (12320) pixels
    0x6E44, 0x8668, 0xD7F4, 0xE7D7, 0x6B8A, 0x0040, 0x0000, 0x0020, 0x0000, 0x0000, 0x0000, 0x0000, 0x0000, 0x0000, 0x0000, 0x0000, // 0x3030 (12336) pixels
    0x0000, 0x0000, 0x0000, 0x0000, 0x0000, 0x0000, 0x0000, 0x0000, 0x0000, 0x0000, 0x0000, 0x0000, 0x0000, 0x0000, 0x0000, 0x0000, // 0x3040 (12352) pixels
    0x0000, 0x0000, 0x0000, 0x0000, 0x0000, 0x0000, 0x0000, 0x0000, 0x0000, 0x0000, 0x0000, 0x0000, 0x0000, 0x0000, 0x0000, 0x0000, // 0x3050 (12368) pixels
    0x0000, 0x0000, 0x0000, 0x0000, 0x0000, 0x0000, 0x0000, 0x0000, 0x0000, 0x0000, 0x0000, 0x0000, 0x0000, 0x0000, 0x0000, 0x0000, // 0x3060 (12384) pixels
    0x0000, 0x0000, 0x0020, 0x0020, 0x0020, 0x0020, 0x0000, 0x0000, 0x0000, 0x0000, 0x0000, 0x0000, 0x0000, 0x0000, 0x4228, 0xD6BA, // 0x3070 (12400) pixels
    0xFF6E, 0xC5A8, 0x9444, 0x9447, 0x8C8A, 0x7429, 0x5BC9, 0x5BC9, 0x42E8, 0x3288, 0x2A27, 0x21A7, 0x1908, 0x0885, 0x0000, 0x9D0B, // 0x3080 (12416) pixels
    0xA646, 0x6C89, 0x43C7, 0x3389, 0x1A85, 0x43EB, 0x2B2B, 0x2347, 0x2AE7, 0x2AE8, 0x32EA, 0x430C, 0x534E, 0x4AEC, 0x21A7, 0x0061, // 0x3090 (12432) pixels
    0x08E5, 0x19A8, 0x0987, 0x0A28, 0x12E9, 0x342A, 0x3C88, 0x44E8, 0x6646, 0x7EA6, 0x8664, 0xB729, 0xD770, 0x6BA8, 0x0000, 0x0002, // 0x30A0 (12448) pixels
    0x0000, 0x0000, 0x0000, 0x0000, 0x0000, 0x0000, 0x0000, 0x0000, 0x0000, 0x0000, 0x0000, 0x0000, 0x0000, 0x0000, 0x0000, 0x0000, // 0x30B0 (12464) pixels
    0x0000, 0x0000, 0x0000, 0x0000, 0x0000, 0x0000, 0x0000, 0x0000, 0x0000, 0x0000, 0x0000, 0x0000, 0x0000, 0x0000, 0x0000, 0x0000, // 0x30C0 (12480) pixels
    0x0000, 0x0000, 0x0000, 0x0000, 0x0000, 0x0000, 0x0000, 0x0000, 0x0000, 0x0000, 0x0000, 0x0000, 0x0000, 0x0000, 0x0000, 0x0000, // 0x30D0 (12496) pixels
    0x0000, 0x0000, 0x0000, 0x0000, 0x0000, 0x0000, 0x0000, 0x0000, 0x0020, 0x0800, 0x4080, 0xCCE5, 0x4960, 0x1000, 0x0000, 0x0000, // 0x30E0 (12512) pixels
    0x0000, 0x0001, 0x0000, 0x0020, 0x0020, 0x2926, 0xFF3F, 0xFFAE, 0xF6A2, 0xDE05, 0x9C65, 0x9469, 0x8C8B, 0x73C8, 0x6BA9, 0x6369, // 0x30F0 (12528) pixels
    0x534A, 0x42C9, 0x2A28, 0x1A08, 0x11A6, 0x0903, 0x3205, 0x740C, 0x3B8A, 0x3B49, 0x3B69, 0x2AC7, 0x2268, 0x32EA, 0x330A, 0x2B0A, // 0x3100 (12544) pixels
    0x3AAA, 0x4B4C, 0x534C, 0x5B6D, 0x31E7, 0x10A3, 0x0863, 0x0843, 0x10E5, 0x1167, 0x09A7, 0x0A48, 0x0B09, 0x1BC8, 0x34C9, 0x34C7, // 0x3110 (12560) pixels
    0x6603, 0x7E89, 0x86E9, 0x86A4, 0x5CE2, 0x2202, 0x0822, 0x0800, 0x0001, 0x0020, 0x0040, 0x0020, 0x0022, 0x0002, 0x0800, 0x1800, // 0x3120 (12576) pixels
    0x0800, 0x0800, 0x0800, 0x0020, 0x0000, 0x0000, 0x0000, 0x0000, 0x0000, 0x0000, 0x0000, 0x0000, 0x0000, 0x0000, 0x0000, 0x0000, // 0x3130 (12592) pixels
    0x0000, 0x0000, 0x0000, 0x0000, 0x0000, 0x0000, 0x0000, 0x0000, 0x0000, 0x0000, 0x0000, 0x0000, 0x0000, 0x0000, 0x0000, 0x0000, // 0x3140 (12608) pixels
    0x0000, 0x0000, 0x0000, 0x0000, 0x0000, 0x0000, 0x0000, 0x0000, 0x0000, 0x0000, 0x0000, 0x0000, 0x0000, 0x0000, 0x0000, 0x0000, // 0x3150 (12624) pixels
    0x0020, 0x0801, 0x7244, 0xDDCB, 0x3920, 0x0000, 0x0020, 0x0000, 0x0000, 0x0000, 0x0000, 0x0000, 0x1024, 0xBD77, 0xFF92, 0xEEC4, // 0x3160 (12640) pixels
    0xEEA1, 0xE685, 0xB527, 0x8C68, 0x7C09, 0x63A7, 0x6BC8, 0x6388, 0x4B09, 0x3AA8, 0x2A69, 0x1A08, 0x0945, 0x0924, 0x1965, 0x2144, // 0x3170 (12656) pixels
    0x1166, 0x21E7, 0x3269, 0x3249, 0x326A, 0x3ACC, 0x32AB, 0x2AAA, 0x3A8B, 0x3AAB, 0x1966, 0x08E4, 0x0083, 0x08C5, 0x1927, 0x1107, // 0x3180 (12672) pixels
    0x08A4, 0x00E5, 0x0146, 0x01E7, 0x0A88, 0x1B48, 0x2C29, 0x3468, 0x3CE7, 0x55A7, 0x4CE6, 0x2B04, 0x2AA2, 0x6C85, 0x6406, 0x0020, // 0x3190 (12688) pixels
    0x0001, 0x0000, 0x0000, 0x0000, 0x0001, 0x0801, 0x38E0, 0xAC26, 0x28C3, 0x0800, 0x0000, 0x0000, 0x0000, 0x0020, 0x0000, 0x0000, // 0x31A0 (12704) pixels
    0x0000, 0x0000, 0x0000, 0x0000, 0x0000, 0x0000, 0x0000, 0x0000, 0x0000, 0x0000, 0x0000, 0x0000, 0x0000, 0x0000, 0x0000, 0x0000, // 0x31B0 (12720) pixels
    0x0000, 0x0000, 0x0000, 0x0000, 0x0000, 0x0000, 0x0000, 0x0000, 0x0000, 0x0000, 0x0000, 0x0000, 0x0000, 0x0000, 0x0000, 0x0000, // 0x31C0 (12736) pixels
    0x0000, 0x0000, 0x0000, 0x0000, 0x0000, 0x0000, 0x0000, 0x0000, 0x0000, 0x0801, 0x4962, 0x72E4, 0x1840, 0x0001, 0x0000, 0x0000, // 0x31D0 (12752) pixels
    0x0000, 0x0000, 0x0801, 0x0801, 0x72F1, 0xFFDB, 0xEF22, 0xEF01, 0xEEE5, 0xDE88, 0xAD2A, 0x844A, 0x6C0A, 0x63CA, 0x5BCA, 0x5B8A, // 0x31E0 (12768) pixels
    0x4B2A, 0x3AA8, 0x2A68, 0x2208, 0x1187, 0x0926, 0x08C5, 0x0023, 0x0004, 0x0865, 0x0864, 0x0023, 0x0065, 0x08A6, 0x00A5, 0x00E6, // 0x31F0 (12784) pixels
    0x00A4, 0x08C5, 0x0043, 0x00C5, 0x1968, 0x1148, 0x1148, 0x1168, 0x08C5, 0x00A4, 0x0926, 0x11E8, 0x1268, 0x1AE9, 0x2B69, 0x33AA, // 0x3200 (12800) pixels
    0x2BA9, 0x1B46, 0x01C1, 0x3BC9, 0x7DAA, 0xB749, 0xCFAF, 0x3244, 0x0020, 0x0002, 0x0002, 0x0801, 0x0800, 0x1000, 0x5140, 0xE5C8, // 0x3210 (12816) pixels
    0x3145, 0x1020, 0x0000, 0x0000, 0x0000, 0x0000, 0x0000, 0x0000, 0x0000, 0x0000, 0x0000, 0x0000, 0x0000, 0x0000, 0x0000, 0x0000, // 0x3220 (12832) pixels
    0x0000, 0x0000, 0x0000, 0x0000, 0x0000, 0x0000, 0x0000, 0x0000, 0x0000, 0x0000, 0x0000, 0x0000, 0x0000, 0x0000, 0x0000, 0x0000, // 0x3230 (12848) pixels
    0x0000, 0x0000, 0x0000, 0x0000, 0x0000, 0x0000, 0x0000, 0x0000, 0x0000, 0x0000, 0x0000, 0x0000, 0x0000, 0x0000, 0x0000, 0x0000, // 0x3240 (12864) pixels
    0x0000, 0x0801, 0x0800, 0x0800, 0x0000, 0x0022, 0x0000, 0x0000, 0x0000, 0x0000, 0x0001, 0x1823, 0xD5D5, 0xFFAD, 0xF781, 0xE6A5, // 0x3250 (12880) pixels
    0x9CA6, 0x7365, 0x3A04, 0x1964, 0x19A5, 0x21E6, 0x2A28, 0x42AA, 0x3AA9, 0x3ACA, 0x3269, 0x2208, 0x19C8, 0x1127, 0x08A6, 0x10A6, // 0x3260 (12896) pixels
    0x0846, 0x1087, 0x0825, 0x0845, 0x18C7, 0x1907, 0x1947, 0x1987, 0x1946, 0x2187, 0x08E5, 0x00C5, 0x19A8, 0x19E8, 0x1A08, 0x1A08, // 0x3270 (12912) pixels
    0x21A8, 0x1126, 0x0906, 0x1187, 0x11A7, 0x09A6, 0x09C6, 0x0A06, 0x0985, 0x1247, 0x446B, 0x86EB, 0x8F43, 0xAF84, 0xDFEF, 0xBE12, // 0x3280 (12928) pixels
    0x0060, 0x0821, 0x0801, 0x0000, 0x0800, 0x0800, 0x3080, 0x7281, 0x18A2, 0x0800, 0x0000, 0x0000, 0x0000, 0x0000, 0x0000, 0x0000, // 0x3290 (12944) pixels
    0x0000, 0x0000, 0x0000, 0x0000, 0x0000, 0x0000, 0x0000, 0x0000, 0x0000, 0x0000, 0x0000, 0x0000, 0x0000, 0x0000, 0x0000, 0x0000, // 0x32A0 (12960) pixels
    0x0000, 0x0000, 0x0000, 0x0000, 0x0000, 0x0000, 0x0000, 0x0000, 0x0000, 0x0000, 0x0000, 0x0000, 0x0000, 0x0000, 0x0000, 0x0000, // 0x32B0 (12976) pixels
    0x0000, 0x0000, 0x0000, 0x0000, 0x0000, 0x0000, 0x0000, 0x0000, 0x0000, 0x0000, 0x0800, 0x0000, 0x0001, 0x0001, 0x0021, 0x0000, // 0x32C0 (12992) pixels
    0x0020, 0x0000, 0x0801, 0x4988, 0xF76F, 0xEF82, 0xD667, 0x7324, 0x1123, 0x0924, 0x0946, 0x1187, 0x11A7, 0x0966, 0x00E5, 0x08E6, // 0x32D0 (13008) pixels
    0x1166, 0x2A49, 0x324A, 0x21C8, 0x1967, 0x1127, 0x08C6, 0x08A6, 0x0025, 0x0866, 0x0024, 0x0864, 0x1905, 0x1965, 0x29E6, 0x2A26, // 0x32E0 (13024) pixels
    0x4287, 0x3A68, 0x1986, 0x0925, 0x32AA, 0x32EA, 0x3309, 0x3329, 0x32AA, 0x19C8, 0x00C4, 0x08E5, 0x0926, 0x0105, 0x0165, 0x0166, // 0x32F0 (13040) pixels
    0x19C8, 0x1A45, 0x2364, 0x5D46, 0x9765, 0xAFC1, 0xC786, 0xF7F4, 0x4A89, 0x0000, 0x0800, 0x0000, 0x0000, 0x0000, 0x0000, 0x0800, // 0x3300 (13056) pixels
    0x0000, 0x0000, 0x0020, 0x0000, 0x0000, 0x0000, 0x0000, 0x0000, 0x0000, 0x0000, 0x0000, 0x0000, 0x0000, 0x0000, 0x0000, 0x0000, // 0x3310 (13072) pixels
    0x0000, 0x0000, 0x0000, 0x0000, 0x0000, 0x0000, 0x0000, 0x0000, 0x0000, 0x0000, 0x0000, 0x0000, 0x0000, 0x0000, 0x0000, 0x0000, // 0x3320 (13088) pixels
    0x0000, 0x0000, 0x0000, 0x0000, 0x0000, 0x0000, 0x0000, 0x0000, 0x0000, 0x0000, 0x0000, 0x0000, 0x0000, 0x0000, 0x0000, 0x0000, // 0x3330 (13104) pixels
    0x0000, 0x0000, 0x0021, 0x0000, 0x0001, 0x0000, 0x0021, 0x0000, 0x0020, 0x0000, 0x0000, 0x8C0D, 0xFFEC, 0xC6A0, 0x4283, 0x08C3, // 0x3340 (13120) pixels
    0x0187, 0x09E9, 0x0A29, 0x01E7, 0x01C6, 0x09C7, 0x0987, 0x0947, 0x00E5, 0x0905, 0x1987, 0x19A8, 0x1126, 0x0906, 0x10E6, 0x00A5, // 0x3350 (13136) pixels
    0x0085, 0x0885, 0x0002, 0x18E4, 0x3A26, 0x4286, 0x5348, 0x63CA, 0x63A9, 0x4B08, 0x2A26, 0x19C5, 0x4B4B, 0x3B49, 0x3B88, 0x4C09, // 0x3360 (13152) pixels
    0x330A, 0x2A69, 0x0104, 0x0905, 0x1187, 0x09A7, 0x0A28, 0x0A68, 0x1AE9, 0x33A8, 0x3387, 0x1264, 0x4404, 0x9EE4, 0xBFE4, 0xCFE8, // 0x3370 (13168) pixels
    0xA515, 0x0000, 0x0000, 0x0020, 0x0020, 0x0040, 0x0020, 0x0002, 0x0000, 0x0000, 0x0020, 0x0000, 0x0000, 0x0020, 0x0000, 0x0000, // 0x3380 (13184) pixels
    0x0000, 0x0000, 0x0000, 0x0000, 0x0000, 0x0000, 0x0000, 0x0000, 0x0000, 0x0000, 0x0000, 0x0000, 0x0000, 0x0000, 0x0000, 0x0000, // 0x3390 (13200) pixels
    0x0000, 0x0000, 0x0000, 0x0000, 0x0000, 0x0000, 0x0000, 0x0000, 0x0000, 0x0000, 0x0000, 0x0000, 0x0000, 0x0000, 0x0000, 0x0000, // 0x33A0 (13216) pixels
    0x0000, 0x0000, 0x0000, 0x0000, 0x0000, 0x0000, 0x0000, 0x0000, 0x0000, 0x0000, 0x0000, 0x0000, 0x0041, 0x0000, 0x0000, 0x0000, // 0x33B0 (13232) pixels
    0x0000, 0x0001, 0x0000, 0xBDEE, 0xD6EC, 0x5BA3, 0x00C1, 0x1209, 0x0247, 0x12C9, 0x1309, 0x12E8, 0x12C8, 0x12A8, 0x1248, 0x01A6, // 0x33C0 (13248) pixels
    0x0966, 0x00C4, 0x00C5, 0x1126, 0x1106, 0x08E5, 0x08E6, 0x08E5, 0x0884, 0x0023, 0x0022, 0x5ACB, 0x9CF0, 0x844B, 0x73E9, 0x7C2A, // 0x33D0 (13264) pixels
    0x6BE9, 0x63CA, 0x42C8, 0x0943, 0x3AC9, 0x4BAA, 0x5C4A, 0x5448, 0x338A, 0x332A, 0x11A6, 0x0125, 0x11A8, 0x0A08, 0x0A88, 0x0B09, // 0x33E0 (13280) pixels
    0x1BEA, 0x2409, 0x340A, 0x442C, 0x1285, 0x22E1, 0x96A6, 0xBFE5, 0xCED6, 0x31C5, 0x0000, 0x0000, 0x0020, 0x0020, 0x0000, 0x0001, // 0x33F0 (13296) pixels
    0x0000, 0x0000, 0x0020, 0x0000, 0x0000, 0x0020, 0x0000, 0x0000, 0x0000, 0x0000, 0x0000, 0x0000, 0x0000, 0x0000, 0x0000, 0x0000, // 0x3400 (13312) pixels
    0x0000, 0x0000, 0x0000, 0x0000, 0x0000, 0x0000, 0x0000, 0x0000, 0x0000, 0x0000, 0x0000, 0x0000, 0x0000, 0x0000, 0x0000, 0x0000, // 0x3410 (13328) pixels
    0x0000, 0x0000, 0x0000, 0x0000, 0x0000, 0x0000, 0x0000, 0x0000, 0x0000, 0x0000, 0x0000, 0x0000, 0x0000, 0x0000, 0x0000, 0x0000, // 0x3420 (13344) pixels
    0x0000, 0x0000, 0x0000, 0x0000, 0x0020, 0x0020, 0x0000, 0x0000, 0x0000, 0x0002, 0x1901, 0xCEED, 0x848A, 0x08C6, 0x1A67, 0x12EA, // 0x3430 (13360) pixels
    0x2389, 0x23A9, 0x1BA9, 0x1BA9, 0x1B69, 0x0AC8, 0x0A88, 0x0A48, 0x1166, 0x1166, 0x00C5, 0x0084, 0x08E6, 0x1107, 0x08C5, 0x00A4, // 0x3440 (13376) pixels
    0x0864, 0x0002, 0x0823, 0x9CB2, 0xFFDB, 0xBDB1, 0x83C8, 0x7BC8, 0x6C0A, 0x63AA, 0x42C9, 0x1984, 0x430A, 0x53AA, 0x5C4A, 0x5C28, // 0x3450 (13392) pixels
    0x3C0B, 0x3BAB, 0x1A28, 0x0105, 0x09A7, 0x0A28, 0x02A8, 0x13A9, 0x13CA, 0x1409, 0x1C67, 0x2467, 0x346C, 0x1B09, 0x22E1, 0x96A4, // 0x3460 (13408) pixels
    0xDFF4, 0x950F, 0x0801, 0x0000, 0x0000, 0x0002, 0x0001, 0x0800, 0x0000, 0x0000, 0x0020, 0x0000, 0x0000, 0x0000, 0x0000, 0x0800, // 0x3470 (13424) pixels
    0x0000, 0x0000, 0x0000, 0x0000, 0x0000, 0x0000, 0x0000, 0x0000, 0x0000, 0x0000, 0x0000, 0x0000, 0x0000, 0x0000, 0x0000, 0x0000, // 0x3480 (13440) pixels
    0x0000, 0x0000, 0x0000, 0x0000, 0x0000, 0x0000, 0x0000, 0x0000, 0x0000, 0x0000, 0x0000, 0x0000, 0x0000, 0x0000, 0x0000, 0x0000, // 0x3490 (13456) pixels
    0x0000, 0x0000, 0x0000, 0x0000, 0x0000, 0x0000, 0x0001, 0x0001, 0x0000, 0x0000, 0x0000, 0x0000, 0x0000, 0x0000, 0x0000, 0x0000, // 0x34A0 (13472) pixels
    0x0021, 0x0020, 0x31E4, 0xADF3, 0x19C4, 0x01A4, 0x2B8A, 0x2BE9, 0x2C09, 0x23C8, 0x23A8, 0x23A9, 0x1B69, 0x12C8, 0x0A67, 0x0A48, // 0x34B0 (13488) pixels
    0x01E6, 0x09E7, 0x0966, 0x00A4, 0x0023, 0x0844, 0x0844, 0x0004, 0x0044, 0x0003, 0x0002, 0xACF4, 0xFFDC, 0xB5B1, 0x73A8, 0x73C8, // 0x34C0 (13504) pixels
    0x6BEA, 0x5BAA, 0x4309, 0x11E5, 0x4BAB, 0x4BAA, 0x5C2A, 0x6429, 0x5BA9, 0x246B, 0x244E, 0x0023, 0x0A08, 0x02A7, 0x1A87, 0x1B8A, // 0x34D0 (13520) pixels
    0x1BE8, 0x1BE8, 0x1C09, 0x2429, 0x2409, 0x2C09, 0x2388, 0x12E5, 0x9686, 0xEFF6, 0x18E2, 0x0822, 0x0000, 0x0000, 0x0000, 0x0001, // 0x34E0 (13536) pixels
    0x0000, 0x0000, 0x0000, 0x0000, 0x0000, 0x0000, 0x0000, 0x0000, 0x0000, 0x0000, 0x0000, 0x0000, 0x0000, 0x0000, 0x0000, 0x0000, // 0x34F0 (13552) pixels
    0x0000, 0x0000, 0x0000, 0x0000, 0x0000, 0x0000, 0x0000, 0x0000, 0x0000, 0x0000, 0x0000, 0x0000, 0x0000, 0x0000, 0x0000, 0x0000, // 0x3500 (13568) pixels
    0x0000, 0x0000, 0x0000, 0x0000, 0x0000, 0x0000, 0x0000, 0x0000, 0x0000, 0x0000, 0x0000, 0x0000, 0x0000, 0x0000, 0x0000, 0x0000, // 0x3510 (13584) pixels
    0x0000, 0x0000, 0x0000, 0x0000, 0x0020, 0x0020, 0x0000, 0x0000, 0x0000, 0x0040, 0x31E5, 0x63CC, 0x0982, 0x22E7, 0x33EA, 0x2C2A, // 0x3520 (13600) pixels
    0x23A8, 0x1BA8, 0x1BA8, 0x23A9, 0x1B69, 0x12E8, 0x0A88, 0x0A68, 0x0A08, 0x0986, 0x00E5, 0x0043, 0x0003, 0x0004, 0x0825, 0x0025, // 0x3530 (13616) pixels
    0x0024, 0x0004, 0x0803, 0x8BF0, 0xF75B, 0x842B, 0x7C0A, 0x6BC9, 0x63CA, 0x5BAA, 0x4309, 0x19E5, 0x4B6B, 0x4369, 0x53E9, 0x5BE9, // 0x3540 (13632) pixels
    0x53A9, 0x34EE, 0x2BEE, 0x0044, 0x09E8, 0x0267, 0x1267, 0x0B49, 0x1BA8, 0x1BA8, 0x1BC9, 0x1BE9, 0x23E9, 0x2C09, 0x23C8, 0x1B26, // 0x3550 (13648) pixels
    0x4423, 0xB731, 0x5347, 0x0000, 0x0001, 0x0820, 0x0000, 0x0000, 0x0020, 0x0000, 0x0000, 0x0000, 0x0000, 0x0000, 0x0000, 0x0000, // 0x3560 (13664) pixels
    0x0000, 0x0000, 0x0000, 0x0000, 0x0000, 0x0000, 0x0000, 0x0000, 0x0000, 0x0000, 0x0000, 0x0000, 0x0000, 0x0000, 0x0000, 0x0000, // 0x3570 (13680) pixels
    0x0000, 0x0000, 0x0000, 0x0000, 0x0000, 0x0000, 0x0000, 0x0000, 0x0000, 0x0000, 0x0000, 0x0000, 0x0000, 0x0000, 0x0000, 0x0000, // 0x3580 (13696) pixels
    0x0000, 0x0000, 0x0000, 0x0000, 0x0000, 0x0020, 0x0020, 0x0000, 0x0000, 0x0000, 0x0000, 0x0000, 0x0020, 0x0000, 0x0000, 0x0000, // 0x3590 (13712) pixels
    0x0000, 0x0020, 0x08C2, 0x19C5, 0x1244, 0x444B, 0x344A, 0x1C09, 0x23C9, 0x23C9, 0x1BC9, 0x1B89, 0x1348, 0x0AE8, 0x0A87, 0x0267, // 0x35A0 (13728) pixels
    0x11A8, 0x0105, 0x0064, 0x0024, 0x0824, 0x0805, 0x0825, 0x1046, 0x0024, 0x1046, 0x0003, 0x6B0E, 0xD698, 0x6328, 0x73EA, 0x63A9, // 0x35B0 (13744) pixels
    0x5BAA, 0x538A, 0x3AE9, 0x19E5, 0x434B, 0x4349, 0x4B89, 0x4BC9, 0x4BCA, 0x4570, 0x22EB, 0x0024, 0x0966, 0x0A27, 0x0A87, 0x0308, // 0x35C0 (13760) pixels
    0x1B89, 0x1BA9, 0x23C9, 0x1BC9, 0x1BE9, 0x23EA, 0x23E9, 0x1B88, 0x0284, 0x650A, 0x856C, 0x0020, 0x0002, 0x0000, 0x0000, 0x0000, // 0x35D0 (13776) pixels
    0x0000, 0x0000, 0x0000, 0x0000, 0x0000, 0x0000, 0x0000, 0x0000, 0x0000, 0x0000, 0x0000, 0x0000, 0x0000, 0x0000, 0x0000, 0x0000, // 0x35E0 (13792) pixels
    0x0000, 0x0000, 0x0000, 0x0000, 0x0000, 0x0000, 0x0000, 0x0000, 0x0000, 0x0000, 0x0000, 0x0000, 0x0000, 0x0000, 0x0000, 0x0000, // 0x35F0 (13808) pixels
    0x0000, 0x0000, 0x0000, 0x0000, 0x0000, 0x0000, 0x0000, 0x0000, 0x0000, 0x0000, 0x0000, 0x0000, 0x0000, 0x0000, 0x0000, 0x0000, // 0x3600 (13824) pixels
    0x0000, 0x0020, 0x0000, 0x0000, 0x0000, 0x0000, 0x0000, 0x0860, 0x0800, 0x0001, 0x0042, 0x11E5, 0x2347, 0x2C08, 0x2409, 0x13A8, // 0x3610 (13840) pixels
    0x1BA9, 0x1BA9, 0x1B89, 0x1348, 0x1308, 0x12C8, 0x0A67, 0x0A27, 0x08C6, 0x0065, 0x0025, 0x1046, 0x1866, 0x1046, 0x1046, 0x1047, // 0x3620 (13856) pixels
    0x0846, 0x1067, 0x0004, 0x49EB, 0xCE38, 0x632A, 0x5B6A, 0x5B6A, 0x538A, 0x536A, 0x32A8, 0x19E6, 0x434B, 0x3B4A, 0x436A, 0x4389, // 0x3630 (13872) pixels
    0x33CA, 0x4571, 0x11C8, 0x0003, 0x00C4, 0x1186, 0x1267, 0x0AC8, 0x1B28, 0x1B49, 0x1B89, 0x1389, 0x1389, 0x13A9, 0x1388, 0x0B68, // 0x3640 (13888) pixels
    0x0ACA, 0x1305, 0x7DAD, 0x19C3, 0x0000, 0x0800, 0x0820, 0x0000, 0x0020, 0x0000, 0x0000, 0x0000, 0x0000, 0x0000, 0x0000, 0x0020, // 0x3650 (13904) pixels
    0x0000, 0x0000, 0x0000, 0x0000, 0x0000, 0x0000, 0x0000, 0x0000, 0x0000, 0x0000, 0x0000, 0x0000, 0x0000, 0x0000, 0x0000, 0x0000, // 0x3660 (13920) pixels
    0x0000, 0x0000, 0x0000, 0x0000, 0x0000, 0x0000, 0x0000, 0x0000, 0x0000, 0x0000, 0x0000, 0x0000, 0x0000, 0x0000, 0x0000, 0x0000, // 0x3670 (13936) pixels
    0x0000, 0x0000, 0x0000, 0x0000, 0x0000, 0x0000, 0x0000, 0x0000, 0x0000, 0x0000, 0x0000, 0x0000, 0x0040, 0x0020, 0x0000, 0x0000, // 0x3680 (13952) pixels
    0x0801, 0x0001, 0x1146, 0x2B0A, 0x2BA9, 0x2387, 0x23C9, 0x238A, 0x1309, 0x1329, 0x1B09, 0x1AE9, 0x1AC9, 0x1A68, 0x11C6, 0x0124, // 0x3690 (13968) pixels
    0x0025, 0x0845, 0x1066, 0x1887, 0x20A8, 0x1888, 0x1868, 0x1867, 0x1087, 0x0826, 0x1026, 0x1886, 0xB5B7, 0x6BCD, 0x534A, 0x4B4B, // 0x36A0 (13984) pixels
    0x4B8B, 0x4B6A, 0x2A67, 0x1A06, 0x434B, 0x3B4B, 0x3B4A, 0x3B69, 0x344C, 0x348F, 0x00C5, 0x0003, 0x0023, 0x0883, 0x0965, 0x1228, // 0x36B0 (14000) pixels
    0x12A8, 0x12E8, 0x1329, 0x1349, 0x1369, 0x0B69, 0x0B48, 0x0B28, 0x12EB, 0x0225, 0x3C2A, 0x32E6, 0x0020, 0x0800, 0x0801, 0x0000, // 0x36C0 (14016) pixels
    0x0000, 0x0000, 0x0000, 0x0000, 0x0000, 0x0000, 0x0000, 0x0000, 0x0000, 0x0000, 0x0000, 0x0000, 0x0000, 0x0000, 0x0000, 0x0000, // 0x36D0 (14032) pixels
    0x0000, 0x0000, 0x0000, 0x0000, 0x0000, 0x0000, 0x0000, 0x0000, 0x0000, 0x0000, 0x0000, 0x0000, 0x0000, 0x0000, 0x0000, 0x0000, // 0x36E0 (14048) pixels
    0x0000, 0x0000, 0x0000, 0x0000, 0x0000, 0x0000, 0x0000, 0x0000, 0x0000, 0x0000, 0x0000, 0x0000, 0x0000, 0x0000, 0x0000, 0x0000, // 0x36F0 (14064) pixels
    0x0000, 0x0000, 0x0000, 0x0000, 0x0000, 0x0000, 0x0001, 0x0802, 0x0803, 0x0002, 0x2208, 0x334B, 0x2B8A, 0x2B89, 0x22E9, 0x1A48, // 0x3700 (14080) pixels
    0x1248, 0x1228, 0x11E7, 0x09A6, 0x0966, 0x0904, 0x0062, 0x0001, 0x0805, 0x1867, 0x20A8, 0x20A8, 0x1888, 0x1888, 0x1888, 0x1888, // 0x3710 (14096) pixels
    0x1887, 0x1027, 0x1047, 0x0003, 0x73AF, 0x740F, 0x4B2B, 0x4B4B, 0x4B8B, 0x434B, 0x2227, 0x1A07, 0x432B, 0x3B0B, 0x330A, 0x332A, // 0x3720 (14112) pixels
    0x44AF, 0x1B0B, 0x0004, 0x0804, 0x0003, 0x0001, 0x0042, 0x0104, 0x09E6, 0x1228, 0x1A88, 0x1AC9, 0x1AE9, 0x1AE9, 0x1AC9, 0x1AC9, // 0x3730 (14128) pixels
    0x1A89, 0x0AA9, 0x12C8, 0x22A7, 0x0020, 0x0000, 0x0002, 0x0845, 0x0824, 0x0823, 0x0001, 0x0000, 0x0000, 0x0000, 0x0000, 0x0000, // 0x3740 (14144) pixels
    0x0000, 0x0000, 0x0000, 0x0000, 0x0000, 0x0000, 0x0000, 0x0000, 0x0000, 0x0000, 0x0000, 0x0000, 0x0000, 0x0000, 0x0000, 0x0000, // 0x3750 (14160) pixels
    0x0000, 0x0000, 0x0000, 0x0000, 0x0000, 0x0000, 0x0000, 0x0000, 0x0000, 0x0000, 0x0000, 0x0000, 0x0000, 0x0000, 0x0000, 0x0000, // 0x3760 (14176) pixels
    0x0000, 0x0020, 0x0000, 0x0000, 0x0000, 0x0001, 0x0002, 0x0001, 0x0000, 0x0000, 0x0021, 0x0001, 0x0001, 0x1003, 0x28C6, 0x3128, // 0x3770 (14192) pixels
    0x2087, 0x0023, 0x11C6, 0x2B09, 0x2329, 0x2288, 0x0925, 0x0043, 0x0023, 0x0023, 0x0022, 0x0002, 0x0022, 0x0022, 0x0002, 0x0002, // 0x3780 (14208) pixels
    0x1847, 0x2088, 0x20A8, 0x18A8, 0x1887, 0x1887, 0x18A8, 0x18A8, 0x1887, 0x1867, 0x0806, 0x0804, 0x2126, 0x532C, 0x3AEA, 0x434B, // 0x3790 (14224) pixels
    0x3B2A, 0x3B2A, 0x1A06, 0x19E7, 0x3AEA, 0x32CA, 0x2AEA, 0x2B2B, 0x3BEE, 0x0905, 0x0804, 0x1004, 0x0023, 0x0001, 0x0001, 0x0022, // 0x37A0 (14240) pixels
    0x0001, 0x0042, 0x0062, 0x00A3, 0x00C3, 0x00C3, 0x00C3, 0x00C3, 0x11A6, 0x1AA9, 0x0AA8, 0x1288, 0x0060, 0x0000, 0x0823, 0x18E9, // 0x37B0 (14256) pixels
    0x314A, 0x3149, 0x20E6, 0x0021, 0x0000, 0x0000, 0x0000, 0x0000, 0x0000, 0x0000, 0x0000, 0x0000, 0x0000, 0x0000, 0x0000, 0x0000, // 0x37C0 (14272) pixels
    0x0000, 0x0000, 0x0000, 0x0000, 0x0000, 0x0000, 0x0000, 0x0000, 0x0000, 0x0000, 0x0000, 0x0000, 0x0000, 0x0000, 0x0000, 0x0000, // 0x37D0 (14288) pixels
    0x0000, 0x0000, 0x0000, 0x0000, 0x0000, 0x0000, 0x0000, 0x0000, 0x0000, 0x0000, 0x0000, 0x0000, 0x0863, 0x2106, 0x2927, 0x18C6, // 0x37E0 (14304) pixels
    0x0020, 0x0020, 0x0000, 0x0001, 0x1884, 0x5A2C, 0x6AAF, 0x498B, 0x28EA, 0x10C6, 0x0142, 0x2308, 0x1AA8, 0x00C4, 0x0002, 0x0803, // 0x37F0 (14320) pixels
    0x1004, 0x1004, 0x0824, 0x0804, 0x0003, 0x0002, 0x0002, 0x0802, 0x2067, 0x2088, 0x20A8, 0x18A8, 0x18A7, 0x18A7, 0x18A7, 0x18A7, // 0x3800 (14336) pixels
    0x18A7, 0x1046, 0x1026, 0x0845, 0x0001, 0x21A5, 0x3AC9, 0x32EA, 0x2AC9, 0x330A, 0x11E6, 0x19E6, 0x32AA, 0x2AAA, 0x22CA, 0x2B4B, // 0x3810 (14352) pixels
    0x1A89, 0x0002, 0x1866, 0x1825, 0x0002, 0x0022, 0x0802, 0x0022, 0x0002, 0x0802, 0x0002, 0x0001, 0x0002, 0x0001, 0x0001, 0x0802, // 0x3820 (14368) pixels
    0x0042, 0x0142, 0x0AA7, 0x1AAA, 0x0062, 0x0000, 0x1064, 0x108A, 0x1889, 0x294A, 0x3169, 0x18A3, 0x0000, 0x0000, 0x0000, 0x0000, // 0x3830 (14384) pixels
    0x0000, 0x0000, 0x0000, 0x0000, 0x0000, 0x0000, 0x0000, 0x0000, 0x0000, 0x0000, 0x0000, 0x0000, 0x0000, 0x0000, 0x0000, 0x0000, // 0x3840 (14400) pixels
    0x0000, 0x0000, 0x0000, 0x0000, 0x0000, 0x0000, 0x0000, 0x0000, 0x0000, 0x0000, 0x0000, 0x0000, 0x0000, 0x0000, 0x0000, 0x0000, // 0x3850 (14416) pixels
    0x0000, 0x0000, 0x0000, 0x0000, 0x0842, 0x1083, 0x1082, 0x0841, 0x0000, 0x0020, 0x0000, 0x0002, 0x39AA, 0x524E, 0x292A, 0x20A9, // 0x3860 (14432) pixels
    0x18C8, 0x10A6, 0x2188, 0x1987, 0x0042, 0x0002, 0x1025, 0x1846, 0x1048, 0x1047, 0x1046, 0x1046, 0x0845, 0x0023, 0x0002, 0x0002, // 0x3870 (14448) pixels
    0x1045, 0x18A7, 0x20C8, 0x18A9, 0x1889, 0x18A9, 0x1888, 0x1066, 0x1846, 0x1026, 0x0825, 0x0024, 0x0002, 0x0042, 0x21A7, 0x4AEC, // 0x3880 (14464) pixels
    0x2289, 0x32EA, 0x11A6, 0x1A07, 0x2AAA, 0x22AA, 0x32EC, 0x19C8, 0x0805, 0x0846, 0x0846, 0x0845, 0x0003, 0x0002, 0x0002, 0x0002, // 0x3890 (14480) pixels
    0x0021, 0x0002, 0x0003, 0x0805, 0x0805, 0x0804, 0x0003, 0x0002, 0x0022, 0x0001, 0x0883, 0x2126, 0x18C4, 0x0001, 0x0001, 0x0001, // 0x38A0 (14496) pixels
    0x0002, 0x0001, 0x0001, 0x0000, 0x0000, 0x0000, 0x0000, 0x0000, 0x0000, 0x0000, 0x0000, 0x0000, 0x0000, 0x0000, 0x0000, 0x0000, // 0x38B0 (14512) pixels
    0x0000, 0x0000, 0x0000, 0x0000, 0x0000, 0x0000, 0x0000, 0x0000, 0x0000, 0x0000, 0x0000, 0x0000, 0x0000, 0x0000, 0x0000, 0x0000, // 0x38C0 (14528) pixels
    0x0000, 0x0000, 0x0000, 0x0000, 0x0000, 0x0000, 0x0000, 0x0000, 0x0000, 0x0000, 0x0000, 0x0000, 0x0000, 0x0021, 0x0001, 0x0000, // 0x38D0 (14544) pixels
    0x0000, 0x0000, 0x0000, 0x0001, 0x0844, 0x18A6, 0x1066, 0x1887, 0x1086, 0x0023, 0x08A4, 0x00C4, 0x0001, 0x0003, 0x1886, 0x28C8, // 0x38E0 (14560) pixels
    0x18A8, 0x18A8, 0x18A8, 0x1886, 0x0824, 0x0002, 0x0002, 0x0002, 0x0003, 0x1065, 0x20C8, 0x18A9, 0x1868, 0x1068, 0x1047, 0x1047, // 0x38F0 (14576) pixels
    0x1046, 0x1025, 0x0824, 0x0003, 0x0002, 0x0022, 0x1105, 0x29E8, 0x32EB, 0x2AAA, 0x11C6, 0x11E7, 0x2AAA, 0x2ACB, 0x21E9, 0x00A4, // 0x3900 (14592) pixels
    0x1046, 0x1066, 0x1065, 0x0844, 0x0003, 0x0002, 0x0002, 0x0002, 0x0002, 0x0824, 0x1046, 0x1047, 0x1047, 0x1046, 0x1046, 0x1065, // 0x3910 (14608) pixels
    0x0002, 0x0001, 0x0001, 0x0843, 0x0042, 0x0001, 0x0001, 0x0022, 0x0001, 0x0001, 0x0001, 0x0000, 0x0000, 0x0000, 0x0000, 0x0000, // 0x3920 (14624) pixels
    0x0000, 0x0000, 0x0000, 0x0000, 0x0000, 0x0000, 0x0000, 0x0000, 0x0000, 0x0000, 0x0000, 0x0000, 0x0000, 0x0000, 0x0000, 0x0000, // 0x3930 (14640) pixels
    0x0000, 0x0000, 0x0000, 0x0000, 0x0000, 0x0000, 0x0000, 0x0000, 0x0000, 0x0000, 0x0000, 0x0000, 0x0000, 0x0000, 0x0000, 0x0000, // 0x3940 (14656) pixels
    0x0000, 0x0000, 0x0000, 0x0000, 0x0000, 0x0000, 0x0000, 0x0000, 0x0000, 0x0000, 0x0000, 0x0000, 0x0001, 0x0001, 0x0002, 0x0823, // 0x3950 (14672) pixels
    0x0824, 0x0002, 0x0022, 0x0042, 0x0001, 0x0022, 0x1045, 0x2086, 0x1887, 0x1887, 0x1886, 0x1065, 0x0824, 0x0002, 0x0002, 0x0002, // 0x3960 (14688) pixels
    0x0001, 0x0822, 0x1065, 0x1886, 0x1887, 0x1067, 0x1066, 0x1045, 0x0823, 0x0023, 0x0003, 0x0002, 0x0002, 0x0002, 0x0043, 0x08A4, // 0x3970 (14704) pixels
    0x2A69, 0x2A69, 0x09A6, 0x11C7, 0x32EB, 0x2A4A, 0x08C5, 0x0002, 0x1065, 0x0845, 0x0845, 0x0003, 0x0002, 0x0002, 0x0001, 0x0001, // 0x3980 (14720) pixels
    0x0825, 0x1066, 0x18A9, 0x20CA, 0x20A9, 0x18A9, 0x20C8, 0x20E8, 0x0863, 0x0022, 0x0022, 0x0022, 0x0001, 0x0001, 0x0001, 0x0002, // 0x3990 (14736) pixels
    0x0001, 0x0001, 0x0000, 0x0000, 0x0000, 0x0000, 0x0000, 0x0000, 0x0000, 0x0000, 0x0000, 0x0000, 0x0000, 0x0000, 0x0000, 0x0000, // 0x39A0 (14752) pixels
    0x0000, 0x0000, 0x0000, 0x0000, 0x0000, 0x0000, 0x0000, 0x0000, 0x0000, 0x0000, 0x0000, 0x0000, 0x0000, 0x0000, 0x0000, 0x0000, // 0x39B0 (14768) pixels
    0x0000, 0x0000, 0x0000, 0x0000, 0x0000, 0x0000, 0x0000, 0x0000, 0x0000, 0x0000, 0x0020, 0x0000, 0x0000, 0x0000, 0x0000, 0x0001, // 0x39C0 (14784) pixels
    0x0000, 0x0000, 0x0000, 0x0001, 0x0000, 0x0000, 0x0000, 0x0000, 0x0002, 0x0001, 0x0001, 0x0021, 0x0021, 0x0001, 0x0002, 0x0803, // 0x39D0 (14800) pixels
    0x0825, 0x0804, 0x0003, 0x0003, 0x0002, 0x0002, 0x0001, 0x0002, 0x0000, 0x0001, 0x0002, 0x0824, 0x0844, 0x0824, 0x0023, 0x0002, // 0x39E0 (14816) pixels
    0x0002, 0x0001, 0x0001, 0x0002, 0x0002, 0x0002, 0x0002, 0x0002, 0x0925, 0x2A4A, 0x09A6, 0x11E8, 0x32AB, 0x0926, 0x0002, 0x0823, // 0x39F0 (14832) pixels
    0x0824, 0x0004, 0x0003, 0x0002, 0x0002, 0x0001, 0x0001, 0x0001, 0x0804, 0x0845, 0x1067, 0x1067, 0x1067, 0x1046, 0x1066, 0x1086, // 0x3A00 (14848) pixels
    0x0001, 0x0001, 0x0001, 0x0001, 0x0843, 0x1083, 0x0842, 0x0001, 0x0000, 0x0000, 0x0000, 0x0000, 0x0000, 0x0000, 0x0000, 0x0000, // 0x3A10 (14864) pixels
    0x0000, 0x0000, 0x0000, 0x0000, 0x0000, 0x0000, 0x0000, 0x0000, 0x0000, 0x0000, 0x0000, 0x0000, 0x0000, 0x0000, 0x0000, 0x0000, // 0x3A20 (14880) pixels
    0x0000, 0x0000, 0x0000, 0x0000, 0x0000, 0x0000, 0x0000, 0x0000, 0x0000, 0x0000, 0x0000, 0x0000, 0x0000, 0x0000, 0x0000, 0x0000, // 0x3A30 (14896) pixels
    0x0000, 0x0000, 0x0000, 0x0000, 0x0000, 0x0000, 0x0000, 0x0000, 0x0000, 0x0000, 0x0000, 0x0000, 0x0000, 0x0000, 0x0000, 0x0000, // 0x3A40 (14912) pixels
    0x0001, 0x0001, 0x0000, 0x0000, 0x0001, 0x0001, 0x0001, 0x0002, 0x0002, 0x0002, 0x0002, 0x0001, 0x0001, 0x0001, 0x0001, 0x0002, // 0x3A50 (14928) pixels
    0x1064, 0x1045, 0x1066, 0x1086, 0x1045, 0x0003, 0x0002, 0x0001, 0x0001, 0x0001, 0x0001, 0x0001, 0x0002, 0x0002, 0x0002, 0x0002, // 0x3A60 (14944) pixels
    0x0042, 0x21C8, 0x19E8, 0x19E8, 0x1187, 0x0022, 0x0002, 0x1003, 0x0002, 0x0002, 0x0002, 0x0001, 0x0001, 0x0001, 0x0001, 0x0001, // 0x3A70 (14960) pixels
    0x0002, 0x0002, 0x0002, 0x0003, 0x0002, 0x0002, 0x0002, 0x0002, 0x0001, 0x0001, 0x0001, 0x0022, 0x18C4, 0x2105, 0x10A4, 0x0001, // 0x3A80 (14976) pixels
    0x0000, 0x0000, 0x0000, 0x0000, 0x0000, 0x0000, 0x0000, 0x0000, 0x0000, 0x0000, 0x0000, 0x0000, 0x0000, 0x0000, 0x0000, 0x0000, // 0x3A90 (14992) pixels
    0x0000, 0x0000, 0x0000, 0x0000, 0x0000, 0x0000, 0x0000, 0x0000, 0x0000, 0x0000, 0x0000, 0x0000, 0x0000, 0x0000, 0x0000, 0x0000, // 0x3AA0 (15008) pixels
    0x0000, 0x0000, 0x0000, 0x0000, 0x0000, 0x0000, 0x0000, 0x0000, 0x0000, 0x0000, 0x0000, 0x0000, 0x0000, 0x0000, 0x0000, 0x0000, // 0x3AB0 (15024) pixels
    0x0000, 0x0020, 0x0000, 0x0000, 0x0000, 0x0000, 0x0000, 0x0000, 0x0000, 0x0000, 0x0000, 0x0000, 0x0000, 0x0000, 0x0000, 0x0001, // 0x3AC0 (15040) pixels
    0x0001, 0x0001, 0x0001, 0x0001, 0x0001, 0x0001, 0x0022, 0x0863, 0x292A, 0x292A, 0x292B, 0x292B, 0x20E9, 0x1086, 0x0824, 0x0002, // 0x3AD0 (15056) pixels
    0x0001, 0x0021, 0x0001, 0x0001, 0x0001, 0x0002, 0x0002, 0x0002, 0x0002, 0x0083, 0x21E8, 0x1186, 0x0022, 0x0001, 0x0001, 0x0801, // 0x3AE0 (15072) pixels
    0x0001, 0x0001, 0x0001, 0x0001, 0x0001, 0x0001, 0x0001, 0x0000, 0x0001, 0x0001, 0x0000, 0x0000, 0x0000, 0x0000, 0x0000, 0x0000, // 0x3AF0 (15088) pixels
    0x0000, 0x0000, 0x0000, 0x0000, 0x0001, 0x0821, 0x0001, 0x0000, 0x0000, 0x0000, 0x0000, 0x0000, 0x0000, 0x0000, 0x0000, 0x0000, // 0x3B00 (15104) pixels
    0x0000, 0x0000, 0x0000, 0x0000, 0x0000, 0x0000, 0x0000, 0x0000, 0x0000, 0x0000, 0x0000, 0x0000, 0x0000, 0x0000, 0x0000, 0x0000, // 0x3B10 (15120) pixels
    0x0000, 0x0000, 0x0000, 0x0000, 0x0000, 0x0000, 0x0000, 0x0000, 0x0000, 0x0000, 0x0000, 0x0000, 0x0000, 0x0000, 0x0000, 0x0000, // 0x3B20 (15136) pixels
    0x0020, 0x0000, 0x0000, 0x0000, 0x0000, 0x0000, 0x0000, 0x0000, 0x0000, 0x0020, 0x0000, 0x0000, 0x0020, 0x0020, 0x0000, 0x0000, // 0x3B30 (15152) pixels
    0x0000, 0x0000, 0x0000, 0x0000, 0x0000, 0x0000, 0x0000, 0x0000, 0x0000, 0x0000, 0x0001, 0x0021, 0x0001, 0x0001, 0x0022, 0x0863, // 0x3B40 (15168) pixels
    0x20C8, 0x18C8, 0x18C9, 0x20C9, 0x18C8, 0x1086, 0x0023, 0x0001, 0x0001, 0x0001, 0x0001, 0x0001, 0x0001, 0x0001, 0x0001, 0x0001, // 0x3B50 (15184) pixels
    0x0001, 0x0001, 0x1105, 0x08A3, 0x0001, 0x0021, 0x0001, 0x0001, 0x0001, 0x0001, 0x0001, 0x0001, 0x0000, 0x0000, 0x0000, 0x0000, // 0x3B60 (15200) pixels
    0x0000, 0x0000, 0x0000, 0x0000, 0x0000, 0x0000, 0x0000, 0x0000, 0x0000, 0x0020, 0x0020, 0x0000, 0x0000, 0x0000, 0x0000, 0x0841, // 0x3B70 (15216) pixels
    0x0000, 0x0000, 0x0000, 0x0000, 0x0000, 0x0000, 0x0000, 0x0000, 0x0000, 0x0000, 0x0000, 0x0000, 0x0000, 0x0000, 0x0000, 0x0000, // 0x3B80 (15232) pixels
    0x0000, 0x0000, 0x0000, 0x0000, 0x0000, 0x0000, 0x0000, 0x0000, 0x0000, 0x0000, 0x0000, 0x0000, 0x0000, 0x0000, 0x0000, 0x0000, // 0x3B90 (15248) pixels
    0x0000, 0x0000, 0x0000, 0x0000, 0x0000, 0x0000, 0x0000, 0x0000, 0x0000, 0x0000, 0x0000, 0x0000, 0x0000, 0x0000, 0x0000, 0x0020, // 0x3BA0 (15264) pixels
    0x0000, 0x0020, 0x0000, 0x0000, 0x0000, 0x0000, 0x0021, 0x0000, 0x0000, 0x0000, 0x0000, 0x0000, 0x0000, 0x0000, 0x0020, 0x0000, // 0x3BB0 (15280) pixels
    0x0000, 0x0000, 0x0000, 0x0000, 0x0000, 0x0000, 0x0001, 0x0001, 0x0001, 0x0002, 0x0003, 0x0004, 0x0003, 0x0002, 0x0001, 0x0000, // 0x3BC0 (15296) pixels
    0x0001, 0x0001, 0x0001, 0x0001, 0x0001, 0x0000, 0x0000, 0x0000, 0x0001, 0x0001, 0x0001, 0x0001, 0x0021, 0x0000, 0x0000, 0x0000, // 0x3BD0 (15312) pixels
    0x0000, 0x0000, 0x0000, 0x0000, 0x0000, 0x0000, 0x0000, 0x0000, 0x0000, 0x0000, 0x0000, 0x0000, 0x0000, 0x0000, 0x0000, 0x0000, // 0x3BE0 (15328) pixels
    0x0000, 0x0000, 0x0000, 0x0000, 0x0020, 0x0000, 0x0000, 0x0000, 0x0000, 0x0000, 0x0000, 0x0000, 0x0000, 0x0000, 0x0000, 0x0000, // 0x3BF0 (15344) pixels
    0x0000, 0x0000, 0x0000, 0x0000, 0x0000, 0x0000, 0x0000, 0x0000, 0x0000, 0x0000, 0x0000, 0x0000, 0x0000, 0x0000, 0x0000, 0x0000, // 0x3C00 (15360) pixels
    0x0000, 0x0000, 0x0000, 0x0000, 0x0000, 0x0000, 0x0000, 0x0000, 0x0000, 0x0000, 0x0000, 0x0000, 0x0000, 0x0000, 0x0000, 0x0000, // 0x3C10 (15376) pixels
    0x0000, 0x0000, 0x0000, 0x0000, 0x0000, 0x0000, 0x0000, 0x0000, 0x0000, 0x0000, 0x0000, 0x0000, 0x0000, 0x0000, 0x0000, 0x0000, // 0x3C20 (15392) pixels
    0x0000, 0x0000, 0x0000, 0x0000, 0x0000, 0x0000, 0x0000, 0x0000, 0x0000, 0x0000, 0x0000, 0x0000, 0x0000, 0x0000, 0x0000, 0x0000, // 0x3C30 (15408) pixels
    0x0000, 0x0000, 0x0000, 0x0000, 0x0000, 0x0000, 0x0000, 0x0000, 0x0000, 0x0000, 0x0000, 0x0000, 0x0000, 0x0000, 0x0000, 0x0000, // 0x3C40 (15424) pixels
    0x0000, 0x0000, 0x0000, 0x0000, 0x0000, 0x0000, 0x0000, 0x0000, 0x0000, 0x0000, 0x0000, 0x0000, 0x0000, 0x0000, 0x0000, 0x0000, // 0x3C50 (15440) pixels
    0x0000, 0x0000, 0x0000, 0x0000, 0x0000, 0x0000, 0x0000, 0x0000, 0x0000, 0x0000, 0x0000, 0x0000, 0x0000, 0x0000, 0x0000, 0x0000, // 0x3C60 (15456) pixels
    0x0000, 0x0000, 0x0000, 0x0000, 0x0000, 0x0000, 0x0000, 0x0000, 0x0000, 0x0000, 0x0000, 0x0000, 0x0000, 0x0000, 0x0000, 0x0000, // 0x3C70 (15472) pixels
    0x0000, 0x0000, 0x0000, 0x0000, 0x0000, 0x0000, 0x0000, 0x0000, 0x0000, 0x0000, 0x0000, 0x0000, 0x0000, 0x0000, 0x0000, 0x0000, // 0x3C80 (15488) pixels
    0x0000, 0x0000, 0x0000, 0x0000, 0x0000, 0x0000, 0x0000, 0x0000, 0x0000, 0x0000, 0x0000, 0x0000, 0x0000, 0x0000, 0x0000, 0x0000, // 0x3C90 (15504) pixels
    0x0000, 0x0000, 0x0000, 0x0000, 0x0000, 0x0000, 0x0000, 0x0000, 0x0000, 0x0000, 0x0000, 0x0000, 0x0000, 0x0000, 0x0000, 0x0000, // 0x3CA0 (15520) pixels
    0x0000, 0x0000, 0x0000, 0x0000, 0x0000, 0x0000, 0x0000, 0x0000, 0x0000, 0x0000, 0x0000, 0x0000, 0x0000, 0x0000, 0x0000, 0x0000, // 0x3CB0 (15536) pixels
    0x0000, 0x0000, 0x0000, 0x0000, 0x0000, 0x0000, 0x0000, 0x0000, 0x0000, 0x0000, 0x0000, 0x0000, 0x0000, 0x0000, 0x0000, 0x0000, // 0x3CC0 (15552) pixels
    0x0000, 0x0000, 0x0000, 0x0000, 0x0000, 0x0000, 0x0000, 0x0000, 0x0000, 0x0000, 0x0000, 0x0000, 0x0000, 0x0000, 0x0000, 0x0000, // 0x3CD0 (15568) pixels
    0x0000, 0x0000, 0x0000, 0x0000, 0x0000, 0x0000, 0x0000, 0x0000, 0x0000, 0x0000, 0x0000, 0x0000, 0x0000, 0x0000, 0x0000, 0x0000, // 0x3CE0 (15584) pixels
    0x0000, 0x0000, 0x0000, 0x0000, 0x0000, 0x0000, 0x0000, 0x0000, 0x0000, 0x0000, 0x0000, 0x0000, 0x0000, 0x0000, 0x0000, 0x0000, // 0x3CF0 (15600) pixels
    0x0000, 0x0000, 0x0000, 0x0000, 0x0000, 0x0000, 0x0000, 0x0000, 0x0000, 0x0000, 0x0000, 0x0000, 0x0000, 0x0000, 0x0000, 0x0000, // 0x3D00 (15616) pixels
    0x0000, 0x0000, 0x0000, 0x0000, 0x0000, 0x0000, 0x0000, 0x0000, 0x0000, 0x0000, 0x0000, 0x0000, 0x0000, 0x0000, 0x0000, 0x0000, // 0x3D10 (15632) pixels
    0x0000, 0x0000, 0x0000, 0x0000, 0x0000, 0x0000, 0x0000, 0x0000, 0x0000, 0x0000, 0x0000, 0x0000, 0x0000, 0x0000, 0x0000, 0x0000, // 0x3D20 (15648) pixels
    0x0000, 0x0000, 0x0000, 0x0000, 0x0000, 0x0000, 0x0000, 0x0000, 0x0000, 0x0000, 0x0000, 0x0000, 0x0000, 0x0000, 0x0000, 0x0000, // 0x3D30 (15664) pixels
    0x0000, 0x0000, 0x0000, 0x0000, 0x0000, 0x0000, 0x0000, 0x0000, 0x0000, 0x0000, 0x0000, 0x0000, 0x0000, 0x0000, 0x0000, 0x0000, // 0x3D40 (15680) pixels
    0x0000, 0x0000, 0x0000, 0x0000, 0x0000, 0x0000, 0x0000, 0x0000, 0x0000, 0x0000, 0x0000, 0x0000, 0x0000, 0x0000, 0x0000, 0x0000, // 0x3D50 (15696) pixels
    0x0000, 0x0000, 0x0000, 0x0000, 0x0000, 0x0000, 0x0000, 0x0000, 0x0000, 0x0000, 0x0000, 0x0000, 0x0000, 0x0000, 0x0000, 0x0000, // 0x3D60 (15712) pixels
    0x0000, 0x0000, 0x0000, 0x0000, 0x0000, 0x0000, 0x0000, 0x0000, 0x0000, 0x0000, 0x0000, 0x0000, 0x0000, 0x0000, 0x0000, 0x0000, // 0x3D70 (15728) pixels
    0x0000, 0x0000, 0x0000, 0x0000, 0x0000, 0x0000, 0x0000, 0x0000, 0x0000, 0x0000, 0x0000, 0x0000, 0x0000, 0x0000, 0x0000, 0x0000, // 0x3D80 (15744) pixels
    0x0000, 0x0000, 0x0000, 0x0000, 0x0000, 0x0000, 0x0000, 0x0000, 0x0000, 0x0000, 0x0000, 0x0000, 0x0000, 0x0000, 0x0000, 0x0000, // 0x3D90 (15760) pixels
    0x0000, 0x0000, 0x0000, 0x0000, 0x0000, 0x0000, 0x0000, 0x0000, 0x0000, 0x0000, 0x0000, 0x0000, 0x0000, 0x0000, 0x0000, 0x0000, // 0x3DA0 (15776) pixels
    0x0000, 0x0000, 0x0000, 0x0000, 0x0000, 0x0000, 0x0000, 0x0000, 0x0000, 0x0000, 0x0000, 0x0000, 0x0000, 0x0000, 0x0000, 0x0000, // 0x3DB0 (15792) pixels
    0x0000, 0x0000, 0x0000, 0x0000, 0x0000, 0x0000, 0x0000, 0x0000, 0x0000, 0x0000, 0x0000, 0x0000, 0x0000, 0x0000, 0x0000, 0x0000, // 0x3DC0 (15808) pixels
    0x0000, 0x0000, 0x0000, 0x0000, 0x0000, 0x0000, 0x0000, 0x0000, 0x0000, 0x0000, 0x0000, 0x0000, 0x0000, 0x0000, 0x0000, 0x0000, // 0x3DD0 (15824) pixels
    0x0000, 0x0000, 0x0000, 0x0000, 0x0000, 0x0000, 0x0000, 0x0000, 0x0000, 0x0000, 0x0000, 0x0000, 0x0000, 0x0000, 0x0000, 0x0000, // 0x3DE0 (15840) pixels
    0x0000, 0x0000, 0x0000, 0x0000, 0x0000, 0x0000, 0x0000, 0x0000, 0x0000, 0x0000, 0x0000, 0x0000, 0x0000, 0x0000, 0x0000, 0x0000, // 0x3DF0 (15856) pixels
    0x0000, 0x0000, 0x0000, 0x0000, 0x0000, 0x0000, 0x0000, 0x0000, 0x0000, 0x0000, 0x0000, 0x0000, 0x0000, 0x0000, 0x0000, 0x0000, // 0x3E00 (15872) pixels
    0x0000, 0x0000, 0x0000, 0x0000, 0x0000, 0x0000, 0x0000, 0x0000, 0x0000, 0x0000, 0x0000, 0x0000, 0x0000, 0x0000, 0x0000, 0x0000, // 0x3E10 (15888) pixels
    0x0000, 0x0000, 0x0000, 0x0000, 0x0000, 0x0000, 0x0000, 0x0000, 0x0000, 0x0000, 0x0000, 0x0000, 0x0000, 0x0000, 0x0000, 0x0000, // 0x3E20 (15904) pixels
    0x0000, 0x0000, 0x0000, 0x0000, 0x0000, 0x0000, 0x0000, 0x0000, 0x0000, 0x0000, 0x0000, 0x0000, 0x0000, 0x0000, 0x0000, 0x0000, // 0x3E30 (15920) pixels
    0x0000, 0x0000, 0x0000, 0x0000, 0x0000, 0x0000, 0x0000, 0x0000, 0x0000, 0x0000, 0x0000, 0x0000, 0x0000, 0x0000, 0x0000, 0x0000, // 0x3E40 (15936) pixels
    0x0000, 0x0000, 0x0000, 0x0000, 0x0000, 0x0000, 0x0000, 0x0000, 0x0000, 0x0000, 0x0000, 0x0000, 0x0000, 0x0000, 0x0000, 0x0000, // 0x3E50 (15952) pixels
    0x0000, 0x0000, 0x0000, 0x0000, 0x0000, 0x0000, 0x0000, 0x0000, 0x0000, 0x0000, 0x0000, 0x0000, 0x0000, 0x0000, 0x0000, 0x0000, // 0x3E60 (15968) pixels
    0x0000, 0x0000, 0x0000, 0x0000, 0x0000, 0x0000, 0x0000, 0x0000, 0x0000, 0x0000, 0x0000, 0x0000, 0x0000, 0x0000, 0x0000, 0x0000, // 0x3E70 (15984) pixels
    0x0000, 0x0000, 0x0000, 0x0000, 0x0000, 0x0000, 0x0000, 0x0000, 0x0000, 0x0000, 0x0000, 0x0000, 0x0000, 0x0000, 0x0000, 0x0000, // 0x3E80 (16000) pixels
    0x0000, 0x0000, 0x0000, 0x0000, 0x0000, 0x0000, 0x0000, 0x0000, 0x0000, 0x0000, 0x0000, 0x0000, 0x0000, 0x0000, 0x0000, 0x0000, // 0x3E90 (16016) pixels
    0x0000, 0x0000, 0x0000, 0x0000, 0x0000, 0x0000, 0x0000, 0x0000, 0x0000, 0x0000, 0x0000, 0x0000, 0x0000, 0x0000, 0x0000, 0x0000, // 0x3EA0 (16032) pixels
    0x0000, 0x0000, 0x0000, 0x0000, 0x0000, 0x0000, 0x0000, 0x0000, 0x0000, 0x0000, 0x0000, 0x0000, 0x0000, 0x0000, 0x0000, 0x0000, // 0x3EB0 (16048) pixels
    0x0000, 0x0000, 0x0000, 0x0000, 0x0000, 0x0000, 0x0000, 0x0000, 0x0000, 0x0000, 0x0000, 0x0000, 0x0000, 0x0000, 0x0000, 0x0000, // 0x3EC0 (16064) pixels
    0x0000, 0x0000, 0x0000, 0x0000, 0x0000, 0x0000, 0x0000, 0x0000, 0x0000, 0x0000, 0x0000, 0x0000, 0x0000, 0x0000, 0x0000, 0x0000, // 0x3ED0 (16080) pixels
    0x0000, 0x0000, 0x0000, 0x0000, 0x0000, 0x0000, 0x0000, 0x0000, 0x0000, 0x0000, 0x0000, 0x0000, 0x0000, 0x0000, 0x0000, 0x0000, // 0x3EE0 (16096) pixels
    0x0000, 0x0000, 0x0000, 0x0000, 0x0000, 0x0000, 0x0000, 0x0000, 0x0000, 0x0000, 0x0000, 0x0000, 0x0000, 0x0000, 0x0000, 0x0000, // 0x3EF0 (16112) pixels
    0x0000, 0x0000, 0x0000, 0x0000, 0x0000, 0x0000, 0x0000, 0x0000, 0x0000, 0x0000, 0x0000, 0x0000, 0x0000, 0x0000, 0x0000, 0x0000, // 0x3F00 (16128) pixels
    0x0000, 0x0000, 0x0000, 0x0000, 0x0000, 0x0000, 0x0000, 0x0000, 0x0000, 0x0000, 0x0000, 0x0000, 0x0000, 0x0000, 0x0000, 0x0000, // 0x3F10 (16144) pixels
    0x0000, 0x0000, 0x0000, 0x0000, 0x0000, 0x0000, 0x0000, 0x0000, 0x0000, 0x0000, 0x0000, 0x0000, 0x0000, 0x0000, 0x0000, 0x0000, // 0x3F20 (16160) pixels
    0x0000, 0x0000, 0x0000, 0x0000, 0x0000, 0x0000, 0x0000, 0x0000, 0x0000, 0x0000, 0x0000, 0x0000, 0x0000, 0x0000, 0x0000, 0x0000, // 0x3F30 (16176) pixels
    0x0000, 0x0000, 0x0000, 0x0000, 0x0000, 0x0000, 0x0000, 0x0000, 0x0000, 0x0000, 0x0000, 0x0000, 0x0000, 0x0000, 0x0000, 0x0000, // 0x3F40 (16192) pixels
    0x0000, 0x0000, 0x0000, 0x0000, 0x0000, 0x0000, 0x0000, 0x0000};

#endif // _GFX_PIC_H_