// Generated by   : ImageConverter 565 Online
// Generated from : squidy.jpg
// Time generated : Mon, 26 May 25 11:47:42 +0200  (Server timezone: CET)
// Image Size     : 190x128 pixels
// Memory usage   : 48640 bytes

#ifndef SQUIDY_H
#define SQUIDY_H

#include <TFT_eSPI.h>

void drawSquidy(TFT_eSPI &tft);

#if defined(__AVR__)
#include <avr/pgmspace.h>
#elif defined(__PIC32MX__)
#define PROGMEM
#elif defined(__arm__)
#define PROGMEM
#endif

const unsigned short squidy[16200] PROGMEM = {
    0x0000, 0x0000, 0x0000, 0x0000, 0x0000, 0x0000, 0x0000, 0x0000, 0x0000, 0x0000, 0x0000, 0x0000, 0x0000, 0x0000, 0x0000, 0x0000, // 0x0010 (16) pixels
    0x0000, 0x0000, 0x0000, 0x0000, 0x0000, 0x0000, 0x0000, 0x0000, 0x0000, 0x0000, 0x0000, 0x0000, 0x0000, 0x0000, 0x0000, 0x0000, // 0x0020 (32) pixels
    0x0000, 0x0000, 0x0000, 0x0000, 0x0000, 0x0000, 0x0000, 0x0000, 0x0000, 0x0000, 0x0000, 0x0000, 0x0000, 0x0000, 0x0000, 0x0000, // 0x0030 (48) pixels
    0x0000, 0x0000, 0x0000, 0x0000, 0x0000, 0x0000, 0x0000, 0x0000, 0x0000, 0x0000, 0x0000, 0x0000, 0x0000, 0x0000, 0x0000, 0x0000, // 0x0040 (64) pixels
    0x0000, 0x0000, 0x0000, 0x0000, 0x0000, 0x0000, 0x0000, 0x0000, 0x0000, 0x0000, 0x0000, 0x0000, 0x0000, 0x0000, 0x0000, 0x0000, // 0x0050 (80) pixels
    0x0000, 0x0000, 0x0000, 0x0000, 0x0000, 0x0000, 0x0000, 0x0000, 0x0000, 0x0000, 0x0000, 0x0000, 0x0000, 0x0000, 0x0000, 0x0000, // 0x0060 (96) pixels
    0x0000, 0x0000, 0x0000, 0x0000, 0x0000, 0x0020, 0x0020, 0x0020, 0x0841, 0x0841, 0x0841, 0x0841, 0x0000, 0x0000, 0x0000, 0x0000, // 0x0070 (112) pixels
    0x0000, 0x0000, 0x0000, 0x0000, 0x0000, 0x0000, 0x0000, 0x0000, 0x0000, 0x0000, 0x0000, 0x0000, 0x0000, 0x0000, 0x0000, 0x0000, // 0x0080 (128) pixels
    0x0000, 0x0000, 0x0000, 0x0000, 0x0000, 0x0000, 0x0000, 0x0000, 0x0000, 0x0000, 0x0000, 0x0000, 0x0000, 0x0000, 0x0000, 0x0000, // 0x0090 (144) pixels
    0x0000, 0x0000, 0x0000, 0x0000, 0x0000, 0x0000, 0x0000, 0x0000, 0x0000, 0x0000, 0x0000, 0x0000, 0x0000, 0x0000, 0x0000, 0x0000, // 0x00A0 (160) pixels
    0x0000, 0x0000, 0x0000, 0x0000, 0x0000, 0x0000, 0x0000, 0x0000, 0x0000, 0x0000, 0x0000, 0x0000, 0x0000, 0x0000, 0x0000, 0x0000, // 0x00B0 (176) pixels
    0x0000, 0x0000, 0x0000, 0x0000, 0x0000, 0x0000, 0x0000, 0x0000, 0x0000, 0x0000, 0x0000, 0x0000, 0x0000, 0x0000, 0x0000, 0x0000, // 0x00C0 (192) pixels
    0x0000, 0x0000, 0x0000, 0x0000, 0x0000, 0x0000, 0x0000, 0x0000, 0x0020, 0x0000, 0x0000, 0x0000, 0x0000, 0x0000, 0x0000, 0x0000, // 0x00D0 (208) pixels
    0x0000, 0x0000, 0x0000, 0x0000, 0x0000, 0x0000, 0x0000, 0x0000, 0x0000, 0x0000, 0x0000, 0x0000, 0x0000, 0x0000, 0x0000, 0x0020, // 0x00E0 (224) pixels
    0x0020, 0x0841, 0x0841, 0x0020, 0x0000, 0x0000, 0x0000, 0x0000, 0x0000, 0x0000, 0x0000, 0x0000, 0x0000, 0x0000, 0x0000, 0x0000, // 0x00F0 (240) pixels
    0x0000, 0x0000, 0x0000, 0x0000, 0x0000, 0x0000, 0x0000, 0x0000, 0x0000, 0x0000, 0x0000, 0x0000, 0x0000, 0x0000, 0x0000, 0x0000, // 0x0100 (256) pixels
    0x0000, 0x0000, 0x0000, 0x0000, 0x0000, 0x0000, 0x0000, 0x0000, 0x0000, 0x0000, 0x0000, 0x0000, 0x0000, 0x0000, 0x0000, 0x0000, // 0x0110 (272) pixels
    0x0000, 0x0000, 0x0000, 0x0000, 0x0000, 0x0000, 0x0000, 0x0000, 0x0000, 0x0000, 0x0000, 0x0000, 0x0000, 0x0000, 0x0000, 0x0000, // 0x0120 (288) pixels
    0x0000, 0x0000, 0x0000, 0x0000, 0x0000, 0x0000, 0x0000, 0x0000, 0x0000, 0x0000, 0x0000, 0x0000, 0x0000, 0x0000, 0x0000, 0x0000, // 0x0130 (304) pixels
    0x0000, 0x0000, 0x0000, 0x0000, 0x0000, 0x0000, 0x0000, 0x0000, 0x0000, 0x0000, 0x0000, 0x0000, 0x0000, 0x0000, 0x0000, 0x0000, // 0x0140 (320) pixels
    0x0000, 0x0000, 0x0000, 0x0000, 0x0000, 0x0000, 0x0000, 0x0000, 0x0000, 0x0000, 0x0000, 0x0000, 0x0000, 0x0000, 0x0000, 0x0000, // 0x0150 (336) pixels
    0x0000, 0x0000, 0x0000, 0x0000, 0x0000, 0x0000, 0x0000, 0x0000, 0x0020, 0x0020, 0x0020, 0x0020, 0x0000, 0x0000, 0x0000, 0x0000, // 0x0160 (352) pixels
    0x0000, 0x0000, 0x0000, 0x0000, 0x0000, 0x0000, 0x0000, 0x0000, 0x0000, 0x0000, 0x0000, 0x0000, 0x0000, 0x0000, 0x0000, 0x0000, // 0x0170 (368) pixels
    0x0000, 0x0000, 0x0000, 0x0000, 0x0000, 0x0000, 0x0000, 0x0000, 0x0000, 0x0000, 0x0000, 0x0000, 0x0000, 0x0000, 0x0000, 0x0000, // 0x0180 (384) pixels
    0x0000, 0x0000, 0x0000, 0x0000, 0x0000, 0x0000, 0x0000, 0x0000, 0x0000, 0x0000, 0x0000, 0x0000, 0x0000, 0x0000, 0x0000, 0x0000, // 0x0190 (400) pixels
    0x0000, 0x0000, 0x0000, 0x0000, 0x0000, 0x0000, 0x0000, 0x0000, 0x0000, 0x0000, 0x0000, 0x0000, 0x0000, 0x0000, 0x0000, 0x0000, // 0x01A0 (416) pixels
    0x0000, 0x0000, 0x0000, 0x0000, 0x0000, 0x0000, 0x0000, 0x0000, 0x0000, 0x0000, 0x0000, 0x0000, 0x0000, 0x0000, 0x0000, 0x0000, // 0x01B0 (432) pixels
    0x0000, 0x0000, 0x0000, 0x0000, 0x0000, 0x0000, 0x0000, 0x0000, 0x0000, 0x0000, 0x0000, 0x0000, 0x0000, 0x0000, 0x0000, 0x0000, // 0x01C0 (448) pixels
    0x0000, 0x0000, 0x0000, 0x0000, 0x0000, 0x0000, 0x0000, 0x0000, 0x0000, 0x0000, 0x0000, 0x0000, 0x0000, 0x0000, 0x0000, 0x0000, // 0x01D0 (464) pixels
    0x0000, 0x0000, 0x0000, 0x0000, 0x0000, 0x0000, 0x0000, 0x0000, 0x0000, 0x0000, 0x0000, 0x0000, 0x0000, 0x0000, 0x0000, 0x0000, // 0x01E0 (480) pixels
    0x0000, 0x0000, 0x0000, 0x0000, 0x0000, 0x0000, 0x0000, 0x0000, 0x0000, 0x0000, 0x0000, 0x0000, 0x0000, 0x0000, 0x0000, 0x0000, // 0x01F0 (496) pixels
    0x0000, 0x0000, 0x0000, 0x0000, 0x0000, 0x0000, 0x0000, 0x0000, 0x0000, 0x0000, 0x0000, 0x0000, 0x0000, 0x0000, 0x0000, 0x0000, // 0x0200 (512) pixels
    0x0000, 0x0000, 0x0000, 0x0000, 0x0000, 0x0000, 0x0000, 0x0000, 0x0000, 0x0000, 0x0000, 0x0000, 0x0000, 0x0000, 0x0000, 0x0000, // 0x0210 (528) pixels
    0x0000, 0x0000, 0x0000, 0x0000, 0x0000, 0x0000, 0x0000, 0x0000, 0x0000, 0x0000, 0x0000, 0x0000, 0x0000, 0x0000, 0x0000, 0x0000, // 0x0220 (544) pixels
    0x0020, 0x0000, 0x0000, 0x0000, 0x0000, 0x0000, 0x0000, 0x0000, 0x0000, 0x0000, 0x0000, 0x0000, 0x0000, 0x0000, 0x0000, 0x0000, // 0x0230 (560) pixels
    0x0000, 0x0000, 0x0000, 0x0000, 0x0000, 0x0000, 0x0000, 0x0000, 0x0000, 0x0000, 0x0000, 0x0000, 0x0000, 0x0000, 0x0000, 0x0000, // 0x0240 (576) pixels
    0x0000, 0x0000, 0x0000, 0x0000, 0x0000, 0x0000, 0x0000, 0x0000, 0x0000, 0x0000, 0x0000, 0x0000, 0x0000, 0x0000, 0x0000, 0x0000, // 0x0250 (592) pixels
    0x0000, 0x0000, 0x0000, 0x0000, 0x0000, 0x0000, 0x0000, 0x0000, 0x0000, 0x0000, 0x0000, 0x0000, 0x0000, 0x0000, 0x0000, 0x0000, // 0x0260 (608) pixels
    0x0000, 0x0000, 0x0000, 0x0000, 0x0000, 0x0000, 0x0000, 0x0000, 0x0000, 0x0000, 0x0000, 0x0000, 0x0000, 0x0000, 0x0000, 0x0000, // 0x0270 (624) pixels
    0x0000, 0x0000, 0x0000, 0x0000, 0x0000, 0x0000, 0x0000, 0x0000, 0x0000, 0x0000, 0x0000, 0x0000, 0x0000, 0x0000, 0x0000, 0x0000, // 0x0280 (640) pixels
    0x0000, 0x0000, 0x0000, 0x0000, 0x0000, 0x0000, 0x0000, 0x0000, 0x0000, 0x0000, 0x0000, 0x0000, 0x0000, 0x0000, 0x0000, 0x0000, // 0x0290 (656) pixels
    0x0000, 0x0000, 0x0000, 0x0000, 0x0000, 0x0000, 0x0020, 0x0020, 0x0841, 0x0841, 0x0020, 0x0000, 0x0000, 0x0000, 0x0000, 0x0000, // 0x02A0 (672) pixels
    0x0000, 0x0000, 0x0000, 0x0000, 0x0000, 0x0000, 0x0000, 0x0000, 0x0000, 0x0000, 0x0000, 0x0000, 0x0000, 0x0000, 0x0000, 0x0000, // 0x02B0 (688) pixels
    0x0000, 0x0000, 0x0000, 0x0000, 0x0000, 0x0000, 0x0000, 0x0000, 0x0000, 0x0000, 0x0000, 0x0000, 0x0000, 0x0000, 0x0000, 0x0000, // 0x02C0 (704) pixels
    0x0000, 0x0000, 0x0000, 0x0000, 0x0000, 0x0000, 0x0000, 0x0000, 0x0000, 0x0000, 0x0000, 0x0000, 0x0000, 0x0000, 0x0000, 0x0000, // 0x02D0 (720) pixels
    0x0000, 0x0000, 0x0000, 0x0000, 0x0000, 0x0000, 0x0000, 0x0000, 0x0000, 0x0000, 0x0000, 0x0000, 0x0000, 0x0000, 0x0000, 0x0000, // 0x02E0 (736) pixels
    0x0000, 0x0000, 0x0000, 0x0000, 0x0000, 0x0000, 0x0000, 0x0000, 0x0000, 0x0000, 0x0000, 0x0000, 0x0000, 0x0000, 0x0000, 0x0000, // 0x02F0 (752) pixels
    0x0000, 0x0000, 0x0000, 0x0000, 0x0000, 0x0000, 0x0000, 0x0000, 0x0000, 0x0000, 0x0000, 0x0000, 0x0000, 0x0000, 0x0000, 0x0000, // 0x0300 (768) pixels
    0x0000, 0x0000, 0x0000, 0x0000, 0x0000, 0x0000, 0x0000, 0x0000, 0x0000, 0x0000, 0x0000, 0x0000, 0x0000, 0x0020, 0x0841, 0x0841, // 0x0310 (784) pixels
    0x0841, 0x0020, 0x0020, 0x0020, 0x0841, 0x0841, 0x0841, 0x0020, 0x0861, 0x0841, 0x0841, 0x0020, 0x0020, 0x0020, 0x0841, 0x0841, // 0x0320 (800) pixels
    0x0841, 0x0020, 0x0020, 0x0000, 0x0000, 0x0000, 0x0000, 0x0000, 0x0000, 0x0000, 0x0000, 0x0000, 0x0000, 0x0000, 0x0000, 0x0000, // 0x0330 (816) pixels
    0x0000, 0x0000, 0x0000, 0x0000, 0x0000, 0x0000, 0x0000, 0x0000, 0x0000, 0x0000, 0x0000, 0x0000, 0x0000, 0x0000, 0x0000, 0x0000, // 0x0340 (832) pixels
    0x0000, 0x0000, 0x0000, 0x0000, 0x0000, 0x0000, 0x0000, 0x0000, 0x0000, 0x0000, 0x0000, 0x0000, 0x0000, 0x0000, 0x0000, 0x0000, // 0x0350 (848) pixels
    0x0000, 0x0000, 0x0000, 0x0000, 0x0000, 0x0000, 0x0000, 0x0000, 0x0000, 0x0000, 0x0000, 0x0000, 0x0000, 0x0000, 0x0000, 0x0000, // 0x0360 (864) pixels
    0x0000, 0x0000, 0x0000, 0x0000, 0x0000, 0x0000, 0x0000, 0x0000, 0x0000, 0x0000, 0x0000, 0x0000, 0x0000, 0x0000, 0x0000, 0x0000, // 0x0370 (880) pixels
    0x0000, 0x0000, 0x0000, 0x0000, 0x0000, 0x0000, 0x0000, 0x0000, 0x0000, 0x0000, 0x0000, 0x0000, 0x0000, 0x0000, 0x0000, 0x0000, // 0x0380 (896) pixels
    0x0000, 0x0000, 0x0000, 0x0000, 0x0020, 0x0020, 0x0841, 0x0841, 0x0841, 0x0841, 0x1082, 0x18C3, 0x2104, 0x2124, 0x2945, 0x2945, // 0x0390 (912) pixels
    0x2965, 0x2945, 0x2945, 0x2124, 0x2104, 0x2104, 0x2124, 0x2124, 0x2104, 0x18E3, 0x10A2, 0x0861, 0x0841, 0x0000, 0x0000, 0x0000, // 0x03A0 (928) pixels
    0x0000, 0x0000, 0x0000, 0x0000, 0x0000, 0x0000, 0x0000, 0x0000, 0x0000, 0x0000, 0x0000, 0x0000, 0x0000, 0x0000, 0x0000, 0x0000, // 0x03B0 (944) pixels
    0x0000, 0x0000, 0x0000, 0x0000, 0x0000, 0x0000, 0x0000, 0x0000, 0x0000, 0x0000, 0x0000, 0x0000, 0x0000, 0x0000, 0x0000, 0x0000, // 0x03C0 (960) pixels
    0x0000, 0x0000, 0x0000, 0x0000, 0x0000, 0x0000, 0x0000, 0x0000, 0x0000, 0x0000, 0x0000, 0x0000, 0x0000, 0x0000, 0x0000, 0x0000, // 0x03D0 (976) pixels
    0x0000, 0x0000, 0x0000, 0x0000, 0x0000, 0x0000, 0x0000, 0x0000, 0x0000, 0x0000, 0x0000, 0x0000, 0x0000, 0x0000, 0x0000, 0x0000, // 0x03E0 (992) pixels
    0x0000, 0x0000, 0x0000, 0x0000, 0x0000, 0x0000, 0x0000, 0x0000, 0x0000, 0x0000, 0x0000, 0x0000, 0x0000, 0x0000, 0x0000, 0x0000, // 0x03F0 (1008) pixels
    0x0000, 0x0000, 0x0000, 0x0000, 0x0020, 0x0020, 0x0000, 0x0000, 0x0000, 0x0000, 0x0000, 0x0000, 0x0020, 0x0021, 0x0862, 0x18E4, // 0x0400 (1024) pixels
    0x2923, 0x3144, 0x39C6, 0x5269, 0x62CB, 0x6B0C, 0x732D, 0x7B4E, 0x83CF, 0x83CF, 0x7BAE, 0x7B8E, 0x736D, 0x734D, 0x6B2C, 0x6B0C, // 0x0410 (1040) pixels
    0x630C, 0x4A6A, 0x39E8, 0x31A7, 0x2945, 0x18A2, 0x0840, 0x0820, 0x0000, 0x0000, 0x0000, 0x0000, 0x0000, 0x0000, 0x0000, 0x0000, // 0x0420 (1056) pixels
    0x0000, 0x0000, 0x0000, 0x0000, 0x0000, 0x0000, 0x0000, 0x0000, 0x0000, 0x0000, 0x0000, 0x0000, 0x0000, 0x0000, 0x0000, 0x0000, // 0x0430 (1072) pixels
    0x0000, 0x0000, 0x0000, 0x0000, 0x0000, 0x0000, 0x0000, 0x0000, 0x0000, 0x0000, 0x0000, 0x0000, 0x0000, 0x0000, 0x0000, 0x0000, // 0x0440 (1088) pixels
    0x0000, 0x0000, 0x0000, 0x0000, 0x0000, 0x0000, 0x0000, 0x0000, 0x0000, 0x0000, 0x0000, 0x0000, 0x0000, 0x0000, 0x0000, 0x0000, // 0x0450 (1104) pixels
    0x0000, 0x0000, 0x0000, 0x0000, 0x0000, 0x0000, 0x0000, 0x0000, 0x0000, 0x0000, 0x0000, 0x0000, 0x0000, 0x0000, 0x0000, 0x0000, // 0x0460 (1120) pixels
    0x0000, 0x0000, 0x0000, 0x0000, 0x0000, 0x0000, 0x0000, 0x0000, 0x0000, 0x0000, 0x0000, 0x0000, 0x0000, 0x0000, 0x0000, 0x0000, // 0x0470 (1136) pixels
    0x0000, 0x0061, 0x0861, 0x1061, 0x1881, 0x20C2, 0x3945, 0x5208, 0x7B2C, 0x838E, 0x8C30, 0x94B2, 0x9D14, 0xA575, 0xADB7, 0xADD7, // 0x0480 (1152) pixels
    0xB618, 0xB618, 0xB618, 0xADF8, 0xADD8, 0xADB7, 0xA5B7, 0xA596, 0x9CD4, 0x9493, 0x8C31, 0x7BCF, 0x6B2C, 0x5228, 0x3924, 0x2061, // 0x0490 (1168) pixels
    0x10A2, 0x0861, 0x0000, 0x0000, 0x0000, 0x0000, 0x0000, 0x0000, 0x0000, 0x0000, 0x0000, 0x0000, 0x0000, 0x0000, 0x0000, 0x0000, // 0x04A0 (1184) pixels
    0x0000, 0x0000, 0x0000, 0x0000, 0x0000, 0x0000, 0x0000, 0x0000, 0x0000, 0x0000, 0x0000, 0x0000, 0x0000, 0x0000, 0x0000, 0x0000, // 0x04B0 (1200) pixels
    0x0000, 0x0000, 0x0000, 0x0000, 0x0000, 0x0000, 0x0000, 0x0000, 0x0000, 0x0000, 0x0000, 0x0000, 0x0000, 0x0000, 0x0000, 0x0000, // 0x04C0 (1216) pixels
    0x0000, 0x0000, 0x0000, 0x0000, 0x0000, 0x0000, 0x0000, 0x0000, 0x0000, 0x0000, 0x0000, 0x0000, 0x0000, 0x0000, 0x0000, 0x0000, // 0x04D0 (1232) pixels
    0x0000, 0x0000, 0x0000, 0x0000, 0x0000, 0x0000, 0x0000, 0x0000, 0x0000, 0x0000, 0x0000, 0x0000, 0x0000, 0x0000, 0x0000, 0x0000, // 0x04E0 (1248) pixels
    0x0000, 0x0000, 0x0020, 0x0020, 0x0020, 0x0000, 0x0000, 0x0020, 0x0062, 0x10C3, 0x2904, 0x3944, 0x51C6, 0x72A9, 0x93AE, 0xAC92, // 0x04F0 (1264) pixels
    0xC576, 0xC5F8, 0xC659, 0xBE59, 0xAE7A, 0xA69A, 0xA6BB, 0x9E9A, 0x9E9B, 0x9E9B, 0x9E9C, 0x9E9B, 0x9E9B, 0x9E7B, 0x9E7B, 0x9E7B, // 0x0500 (1280) pixels
    0xAE39, 0xB65A, 0xB639, 0xB5B7, 0xAD15, 0x9C31, 0x72EC, 0x59E8, 0x2903, 0x1882, 0x0020, 0x0020, 0x0020, 0x0020, 0x0020, 0x0020, // 0x0510 (1296) pixels
    0x0000, 0x0000, 0x0000, 0x0000, 0x0000, 0x0000, 0x0000, 0x0000, 0x0000, 0x0000, 0x0000, 0x0000, 0x0000, 0x0000, 0x0000, 0x0000, // 0x0520 (1312) pixels
    0x0000, 0x0000, 0x0000, 0x0000, 0x0000, 0x0000, 0x0000, 0x0000, 0x0000, 0x0000, 0x0000, 0x0000, 0x0000, 0x0000, 0x0000, 0x0000, // 0x0530 (1328) pixels
    0x0000, 0x0000, 0x0000, 0x0000, 0x0000, 0x0000, 0x0000, 0x0000, 0x0000, 0x0000, 0x0000, 0x0000, 0x0000, 0x0000, 0x0000, 0x0000, // 0x0540 (1344) pixels
    0x0000, 0x0000, 0x0000, 0x0000, 0x0000, 0x0000, 0x0000, 0x0000, 0x0000, 0x0000, 0x0000, 0x0000, 0x0000, 0x0000, 0x0000, 0x0000, // 0x0550 (1360) pixels
    0x0000, 0x0000, 0x0000, 0x0000, 0x0000, 0x0000, 0x0000, 0x0000, 0x0000, 0x0000, 0x0000, 0x0000, 0x0000, 0x0020, 0x0861, 0x18E3, // 0x0560 (1376) pixels
    0x3166, 0x49E8, 0x6AAA, 0x834C, 0x9C2F, 0xAD14, 0xB5D7, 0xBE59, 0xBE7B, 0xBE9C, 0xAEBC, 0x9EBC, 0x96BC, 0x869C, 0x7E9C, 0x767C, // 0x0570 (1392) pixels
    0x7E7C, 0x7E7C, 0x7E9C, 0x7E9C, 0x7E9C, 0x7E9C, 0x7E9C, 0x7E9C, 0x8E7B, 0x969C, 0x9E9C, 0xA65A, 0xAE19, 0xADB8, 0x9D15, 0x9473, // 0x0580 (1408) pixels
    0x72EC, 0x5228, 0x2124, 0x08A1, 0x0060, 0x0020, 0x0000, 0x0000, 0x0000, 0x0000, 0x0000, 0x0000, 0x0000, 0x0000, 0x0000, 0x0020, // 0x0590 (1424) pixels
    0x0000, 0x0000, 0x0000, 0x0000, 0x0000, 0x0000, 0x0000, 0x0000, 0x0000, 0x0000, 0x0000, 0x0000, 0x0000, 0x0000, 0x0000, 0x0000, // 0x05A0 (1440) pixels
    0x0000, 0x0000, 0x0000, 0x0000, 0x0000, 0x0000, 0x0000, 0x0000, 0x0000, 0x0000, 0x0000, 0x0000, 0x0000, 0x0000, 0x0000, 0x0000, // 0x05B0 (1456) pixels
    0x0000, 0x0000, 0x0000, 0x0000, 0x0000, 0x0000, 0x0000, 0x0000, 0x0000, 0x0000, 0x0000, 0x0000, 0x0000, 0x0000, 0x0000, 0x0000, // 0x05C0 (1472) pixels
    0x0000, 0x0000, 0x0000, 0x0000, 0x0000, 0x0000, 0x0000, 0x0000, 0x0000, 0x0000, 0x0000, 0x0000, 0x0000, 0x0000, 0x0000, 0x0000, // 0x05D0 (1488) pixels
    0x0000, 0x0000, 0x0000, 0x0000, 0x1061, 0x18C2, 0x3165, 0x4A28, 0x7AEB, 0x93AE, 0xB4F3, 0xC5D7, 0xC67A, 0xB6DB, 0x9EDC, 0x869B, // 0x05E0 (1504) pixels
    0x865C, 0x7E3B, 0x763B, 0x765C, 0x767D, 0x6E9D, 0x6E7D, 0x6E7D, 0x665C, 0x665C, 0x665C, 0x665C, 0x665C, 0x665C, 0x665C, 0x665C, // 0x05F0 (1520) pixels
    0x667C, 0x6E7C, 0x6E7C, 0x765B, 0x863B, 0x8E5B, 0x9E5B, 0x9E5B, 0xB5B7, 0x94B3, 0x6B4D, 0x41E7, 0x20C2, 0x0820, 0x0000, 0x0000, // 0x0600 (1536) pixels
    0x0000, 0x0000, 0x0000, 0x0000, 0x0000, 0x0000, 0x0000, 0x0000, 0x0000, 0x0000, 0x0000, 0x0000, 0x0000, 0x0000, 0x0000, 0x0000, // 0x0610 (1552) pixels
    0x0000, 0x0000, 0x0000, 0x0000, 0x0000, 0x0000, 0x0000, 0x0000, 0x0000, 0x0000, 0x0000, 0x0000, 0x0000, 0x0000, 0x0000, 0x0000, // 0x0620 (1568) pixels
    0x0000, 0x0000, 0x0000, 0x0000, 0x0000, 0x0000, 0x0000, 0x0000, 0x0000, 0x0000, 0x0000, 0x0000, 0x0000, 0x0000, 0x0000, 0x0000, // 0x0630 (1584) pixels
    0x0000, 0x0000, 0x0000, 0x0000, 0x0000, 0x0000, 0x0000, 0x0000, 0x0000, 0x0000, 0x0000, 0x0000, 0x0000, 0x0000, 0x0000, 0x0000, // 0x0640 (1600) pixels
    0x0000, 0x0000, 0x0000, 0x0000, 0x0000, 0x0000, 0x0000, 0x0000, 0x0000, 0x0000, 0x0000, 0x0841, 0x18C2, 0x3165, 0x62CA, 0x8C30, // 0x0650 (1616) pixels
    0xBD13, 0xCDB6, 0xD6BB, 0xCF7E, 0xB77F, 0x973E, 0x6EDD, 0x567B, 0x5E3B, 0x55FA, 0x4DDA, 0x561B, 0x5E5C, 0x665D, 0x663D, 0x6E3D, // 0x0660 (1632) pixels
    0x665C, 0x665C, 0x665C, 0x665C, 0x665C, 0x665C, 0x665C, 0x665C, 0x565C, 0x563B, 0x563B, 0x5E3B, 0x5E3B, 0x663B, 0x769D, 0x86FE, // 0x0670 (1648) pixels
    0x9EFC, 0xA67A, 0xA577, 0x9411, 0x6A8A, 0x3925, 0x1061, 0x0000, 0x0000, 0x0000, 0x0000, 0x0000, 0x0000, 0x0000, 0x0000, 0x0000, // 0x0680 (1664) pixels
    0x0000, 0x0000, 0x0000, 0x0000, 0x0000, 0x0000, 0x0000, 0x0000, 0x0000, 0x0000, 0x0000, 0x0000, 0x0000, 0x0000, 0x0000, 0x0000, // 0x0690 (1680) pixels
    0x0000, 0x0000, 0x0000, 0x0000, 0x0000, 0x0000, 0x0000, 0x0000, 0x0000, 0x0000, 0x0000, 0x0000, 0x0000, 0x0000, 0x0000, 0x0000, // 0x06A0 (1696) pixels
    0x0000, 0x0000, 0x0000, 0x0000, 0x0000, 0x0000, 0x0000, 0x0000, 0x0000, 0x0000, 0x0000, 0x0000, 0x0000, 0x0000, 0x0000, 0x0000, // 0x06B0 (1712) pixels
    0x0000, 0x0000, 0x0000, 0x0000, 0x0000, 0x0000, 0x0000, 0x0000, 0x0000, 0x0000, 0x0000, 0x0000, 0x0000, 0x0000, 0x0000, 0x0000, // 0x06C0 (1728) pixels
    0x0000, 0x0000, 0x0020, 0x18A2, 0x3985, 0x5AAA, 0x9470, 0xCE17, 0xD6FB, 0xC6FC, 0xB71D, 0x971E, 0x76DE, 0x669D, 0x565C, 0x4E1A, // 0x06D0 (1744) pixels
    0x561B, 0x561A, 0x561A, 0x5E3B, 0x665B, 0x6E5C, 0x767C, 0x767C, 0x6E5C, 0x6E5C, 0x6E5C, 0x6E5B, 0x6E5B, 0x6E5B, 0x6E5B, 0x6E5B, // 0x06E0 (1760) pixels
    0x663B, 0x5E1A, 0x5E1A, 0x5E3B, 0x5E3B, 0x5E5B, 0x5E5B, 0x5E7C, 0x6EBD, 0x86DD, 0xA6BC, 0xAE18, 0x9CF3, 0x7B6D, 0x41C7, 0x18A3, // 0x06F0 (1776) pixels
    0x0861, 0x0020, 0x0000, 0x0000, 0x0000, 0x0000, 0x0000, 0x0000, 0x0000, 0x0000, 0x0000, 0x0000, 0x0000, 0x0000, 0x0000, 0x0000, // 0x0700 (1792) pixels
    0x0000, 0x0000, 0x0000, 0x0000, 0x0000, 0x0000, 0x0000, 0x0000, 0x0000, 0x0000, 0x0000, 0x0000, 0x0000, 0x0000, 0x0000, 0x0000, // 0x0710 (1808) pixels
    0x0000, 0x0000, 0x0000, 0x0000, 0x0000, 0x0000, 0x0000, 0x0000, 0x0000, 0x0000, 0x0000, 0x0000, 0x0000, 0x0000, 0x0000, 0x0000, // 0x0720 (1824) pixels
    0x0000, 0x0000, 0x0000, 0x0000, 0x0000, 0x0000, 0x0000, 0x0000, 0x0000, 0x0000, 0x0000, 0x0000, 0x0000, 0x0000, 0x0000, 0x0000, // 0x0730 (1840) pixels
    0x0000, 0x0000, 0x0000, 0x0000, 0x0000, 0x0000, 0x0000, 0x0000, 0x0000, 0x0000, 0x1082, 0x4208, 0x7B8E, 0xA4B2, 0xC5D6, 0xEEDA, // 0x0740 (1856) pixels
    0xAF1C, 0x8E9B, 0x6E3B, 0x561B, 0x461B, 0x461B, 0x4E1B, 0x561A, 0x65FA, 0x663B, 0x6E5B, 0x665A, 0x6E5A, 0x767A, 0x769B, 0x7E7A, // 0x0750 (1872) pixels
    0x7E7C, 0x7E7C, 0x7E7C, 0x7E7C, 0x7E7C, 0x7E7C, 0x7E7C, 0x7E7C, 0x7E3A, 0x763A, 0x763B, 0x6E5B, 0x667B, 0x5E7B, 0x563B, 0x4E1A, // 0x0760 (1888) pixels
    0x563C, 0x667C, 0x769B, 0x8EB9, 0xA678, 0xADB6, 0x9410, 0x728B, 0x2965, 0x18C3, 0x0020, 0x0000, 0x0000, 0x0000, 0x0000, 0x0000, // 0x0770 (1904) pixels
    0x0000, 0x0000, 0x0000, 0x0000, 0x0000, 0x0000, 0x0000, 0x0000, 0x0000, 0x0000, 0x0000, 0x0000, 0x0000, 0x0000, 0x0000, 0x0000, // 0x0780 (1920) pixels
    0x0000, 0x0000, 0x0000, 0x0000, 0x0000, 0x0000, 0x0000, 0x0000, 0x0000, 0x0000, 0x0000, 0x0000, 0x0000, 0x0000, 0x0000, 0x0000, // 0x0790 (1936) pixels
    0x0000, 0x0000, 0x0000, 0x0000, 0x0000, 0x0000, 0x0000, 0x0000, 0x0000, 0x0000, 0x0000, 0x0000, 0x0000, 0x0000, 0x0000, 0x0000, // 0x07A0 (1952) pixels
    0x0000, 0x0000, 0x0000, 0x0000, 0x0000, 0x0000, 0x0000, 0x0000, 0x0020, 0x0000, 0x0000, 0x0000, 0x0000, 0x0000, 0x0001, 0x0001, // 0x07B0 (1968) pixels
    0x0000, 0x0840, 0x39C5, 0x9BEE, 0xDDD6, 0xE6DC, 0xAEFE, 0x769E, 0x465C, 0x463C, 0x4E1B, 0x4DFA, 0x561A, 0x5E1A, 0x663A, 0x665B, // 0x07C0 (1984) pixels
    0x767B, 0x767B, 0x7E7C, 0x7E9B, 0x7E7B, 0x7E7B, 0x7E9B, 0x7E9B, 0x869C, 0x869C, 0x869C, 0x869B, 0x869B, 0x869B, 0x7E9B, 0x7E7B, // 0x07D0 (2000) pixels
    0x7E7C, 0x7E7C, 0x7E7C, 0x767C, 0x767D, 0x765C, 0x6E3B, 0x661B, 0x65F9, 0x5E1A, 0x4E3C, 0x461C, 0x5E3C, 0x9EBC, 0xC679, 0xC575, // 0x07E0 (2016) pixels
    0x72EB, 0x3164, 0x18A1, 0x0861, 0x0001, 0x0001, 0x0021, 0x0040, 0x0000, 0x0000, 0x0000, 0x0000, 0x0000, 0x0000, 0x0000, 0x0000, // 0x07F0 (2032) pixels
    0x0000, 0x0000, 0x0000, 0x0000, 0x0000, 0x0000, 0x0000, 0x0000, 0x0000, 0x0000, 0x0000, 0x0000, 0x0000, 0x0000, 0x0000, 0x0000, // 0x0800 (2048) pixels
    0x0000, 0x0000, 0x0000, 0x0000, 0x0000, 0x0000, 0x0000, 0x0000, 0x0000, 0x0000, 0x0000, 0x0000, 0x0000, 0x0000, 0x0000, 0x0000, // 0x0810 (2064) pixels
    0x0000, 0x0000, 0x0000, 0x0000, 0x0000, 0x0000, 0x0000, 0x0000, 0x0000, 0x0000, 0x0000, 0x0000, 0x0000, 0x0000, 0x0000, 0x0000, // 0x0820 (2080) pixels
    0x0000, 0x0000, 0x0000, 0x0000, 0x0020, 0x0020, 0x0000, 0x0000, 0x10A1, 0x41C6, 0x8BAE, 0xCDB6, 0xDEBA, 0xBEDC, 0x7E7C, 0x4DFC, // 0x0830 (2096) pixels
    0x3DDB, 0x3DFB, 0x4E1B, 0x561A, 0x665B, 0x665B, 0x6E7B, 0x6E7B, 0x767C, 0x7E7B, 0x7E9C, 0x7E9C, 0x7E9B, 0x867B, 0x869B, 0x869B, // 0x0840 (2112) pixels
    0x8E9C, 0x8E9C, 0x869C, 0x869C, 0x869C, 0x869B, 0x867B, 0x865B, 0x869C, 0x7E7C, 0x7E7C, 0x7E7C, 0x767C, 0x767C, 0x6E5C, 0x6E3B, // 0x0850 (2128) pixels
    0x6E3B, 0x5E1B, 0x45FB, 0x3DFB, 0x4DFB, 0x765C, 0x9E9C, 0xBEBB, 0xACD3, 0x6ACB, 0x39A5, 0x1903, 0x0082, 0x0000, 0x0000, 0x0000, // 0x0860 (2144) pixels
    0x0000, 0x0000, 0x0000, 0x0000, 0x0000, 0x0000, 0x0000, 0x0000, 0x0000, 0x0000, 0x0000, 0x0000, 0x0000, 0x0000, 0x0000, 0x0000, // 0x0870 (2160) pixels
    0x0000, 0x0000, 0x0000, 0x0000, 0x0000, 0x0000, 0x0000, 0x0000, 0x0000, 0x0000, 0x0000, 0x0000, 0x0000, 0x0000, 0x0000, 0x0000, // 0x0880 (2176) pixels
    0x0000, 0x0000, 0x0000, 0x0000, 0x0000, 0x0000, 0x0000, 0x0000, 0x0000, 0x0000, 0x0000, 0x0000, 0x0000, 0x0000, 0x0000, 0x0000, // 0x0890 (2192) pixels
    0x0000, 0x0000, 0x0000, 0x0000, 0x0000, 0x0000, 0x0000, 0x0000, 0x0000, 0x0020, 0x0000, 0x0020, 0x0020, 0x0020, 0x0040, 0x18A2, // 0x08A0 (2208) pixels
    0x5267, 0x9410, 0xC5D8, 0xCE9C, 0xA69B, 0x763A, 0x45FA, 0x2DDB, 0x45FB, 0x4DFB, 0x561B, 0x665B, 0x6E5B, 0x767B, 0x767C, 0x767C, // 0x08B0 (2224) pixels
    0x7E7B, 0x7E7C, 0x869C, 0x869C, 0x869B, 0x869B, 0x8E9B, 0x8E9B, 0x8E9C, 0x8E9C, 0x869C, 0x869C, 0x869C, 0x8E9C, 0x8E7B, 0x965B, // 0x08C0 (2240) pixels
    0x869C, 0x869B, 0x7E7B, 0x7E7C, 0x7E9C, 0x7E9C, 0x767C, 0x767C, 0x6E5C, 0x5E1B, 0x4E1C, 0x4E3C, 0x461C, 0x45DA, 0x5E1B, 0x7EFE, // 0x08D0 (2256) pixels
    0xC63A, 0xACF5, 0x7B4D, 0x4206, 0x1923, 0x0061, 0x0000, 0x1000, 0x0000, 0x0000, 0x0000, 0x0000, 0x0000, 0x0000, 0x0000, 0x0000, // 0x08E0 (2272) pixels
    0x0000, 0x0000, 0x0000, 0x0000, 0x0000, 0x0000, 0x0000, 0x0000, 0x0000, 0x0000, 0x0000, 0x0000, 0x0000, 0x0000, 0x0000, 0x0000, // 0x08F0 (2288) pixels
    0x0000, 0x0000, 0x0000, 0x0000, 0x0000, 0x0000, 0x0000, 0x0000, 0x0000, 0x0000, 0x0000, 0x0000, 0x0000, 0x0000, 0x0000, 0x0000, // 0x0900 (2304) pixels
    0x0000, 0x0000, 0x0000, 0x0000, 0x0000, 0x0000, 0x0000, 0x0000, 0x0000, 0x0000, 0x0000, 0x0000, 0x0000, 0x0000, 0x0000, 0x0000, // 0x0910 (2320) pixels
    0x0000, 0x0000, 0x0000, 0x0000, 0x0040, 0x0860, 0x2923, 0x5A68, 0xB4D2, 0xCE39, 0xC6DD, 0x863C, 0x5598, 0x3578, 0x35DA, 0x363C, // 0x0920 (2336) pixels
    0x563C, 0x5E3C, 0x663B, 0x665B, 0x6E5B, 0x765B, 0x767C, 0x767C, 0x7E7C, 0x867C, 0x869C, 0x8E9C, 0x8E9C, 0x8E9C, 0x8E9B, 0x8E9C, // 0x0930 (2352) pixels
    0x8EBC, 0x869C, 0x869C, 0x7E9C, 0x7E9C, 0x869C, 0x8E7C, 0x967C, 0x86BC, 0x869B, 0x867B, 0x7E7B, 0x7E9B, 0x7E9C, 0x769C, 0x767C, // 0x0940 (2368) pixels
    0x665B, 0x665B, 0x5E5C, 0x5E7D, 0x4E5C, 0x359A, 0x2D79, 0x361C, 0x965C, 0xBE7C, 0xBD56, 0x730C, 0x31C5, 0x1943, 0x1081, 0x0800, // 0x0950 (2384) pixels
    0x0000, 0x0000, 0x0000, 0x0000, 0x0000, 0x0000, 0x0000, 0x0000, 0x0000, 0x0000, 0x0000, 0x0000, 0x0000, 0x0000, 0x0000, 0x0000, // 0x0960 (2400) pixels
    0x0000, 0x0000, 0x0000, 0x0000, 0x0000, 0x0000, 0x0000, 0x0000, 0x0000, 0x0000, 0x0000, 0x0000, 0x0000, 0x0000, 0x0000, 0x0000, // 0x0970 (2416) pixels
    0x0000, 0x0000, 0x0000, 0x0020, 0x0020, 0x0000, 0x0000, 0x0000, 0x0000, 0x0000, 0x0000, 0x0000, 0x0000, 0x0000, 0x0000, 0x0000, // 0x0980 (2432) pixels
    0x0000, 0x0000, 0x0000, 0x0000, 0x0000, 0x0000, 0x0000, 0x0000, 0x0000, 0x0000, 0x0000, 0x0820, 0x1861, 0x3103, 0x6A8A, 0xB4B2, // 0x0990 (2448) pixels
    0xEEDB, 0xCF1E, 0x86DD, 0x3DDA, 0x2D78, 0x2D79, 0x3DFB, 0x4E7D, 0x5E5C, 0x665C, 0x665B, 0x6E5B, 0x765B, 0x767B, 0x7E7C, 0x7E9C, // 0x09A0 (2464) pixels
    0x867C, 0x867C, 0x8E9C, 0x8EBC, 0x8E9C, 0x8E9B, 0x8E9C, 0x969B, 0x8EBB, 0x86BB, 0x86BB, 0x869B, 0x869B, 0x869B, 0x8E9C, 0x8E9C, // 0x09B0 (2480) pixels
    0x8EBC, 0x869B, 0x869B, 0x7E7B, 0x7E7B, 0x7E7B, 0x767B, 0x767B, 0x6E5A, 0x6E7A, 0x6E5A, 0x665B, 0x5E5B, 0x45DA, 0x2D9A, 0x257A, // 0x09C0 (2496) pixels
    0x55DA, 0x969D, 0xC65C, 0xACB4, 0x6ACA, 0x39C6, 0x2123, 0x0861, 0x0000, 0x0000, 0x0000, 0x0000, 0x0000, 0x0000, 0x0000, 0x0000, // 0x09D0 (2512) pixels
    0x0000, 0x0000, 0x0000, 0x0000, 0x0000, 0x0000, 0x0000, 0x0000, 0x0000, 0x0000, 0x0000, 0x0000, 0x0000, 0x0000, 0x0000, 0x0000, // 0x09E0 (2528) pixels
    0x0000, 0x0000, 0x0000, 0x0000, 0x0000, 0x0000, 0x0000, 0x0000, 0x0000, 0x0000, 0x0000, 0x0841, 0x0841, 0x0020, 0x0000, 0x0000, // 0x09F0 (2544) pixels
    0x0000, 0x0000, 0x0000, 0x0000, 0x0000, 0x0000, 0x0000, 0x0000, 0x0000, 0x0000, 0x0000, 0x0000, 0x0000, 0x0000, 0x0000, 0x0000, // 0x0A00 (2560) pixels
    0x0000, 0x0000, 0x0841, 0x1862, 0x30E4, 0x626A, 0xACB3, 0xEEDB, 0xD75F, 0x8E9D, 0x3DDA, 0x1DB9, 0x2DDA, 0x45DA, 0x561B, 0x5E5D, // 0x0A10 (2576) pixels
    0x5E5C, 0x665B, 0x6E5B, 0x765B, 0x767B, 0x767C, 0x767C, 0x767C, 0x867C, 0x869C, 0x8EBC, 0x8EBC, 0x8EBC, 0x8E9B, 0x8E9B, 0x8E9B, // 0x0A20 (2592) pixels
    0x96BB, 0x96BB, 0x9EDB, 0xA6DB, 0x9EDB, 0x96BB, 0x8E9C, 0x8E9C, 0x8EBC, 0x8E9B, 0x869B, 0x869B, 0x7E7B, 0x7E7B, 0x767B, 0x767B, // 0x0A30 (2608) pixels
    0x6E7A, 0x769B, 0x6E5A, 0x663A, 0x665B, 0x5E5C, 0x45FB, 0x2D7A, 0x2579, 0x55DA, 0x967D, 0xC65B, 0xA4B4, 0x6ACA, 0x31A5, 0x10E2, // 0x0A40 (2624) pixels
    0x0000, 0x0000, 0x0000, 0x0000, 0x0000, 0x0000, 0x0000, 0x0000, 0x0000, 0x0000, 0x0000, 0x0000, 0x0000, 0x0000, 0x0000, 0x0000, // 0x0A50 (2640) pixels
    0x0000, 0x0000, 0x0000, 0x0000, 0x0000, 0x0000, 0x0000, 0x0000, 0x0000, 0x0000, 0x0000, 0x0000, 0x0000, 0x0000, 0x0000, 0x0000, // 0x0A60 (2656) pixels
    0x0000, 0x0000, 0x0000, 0x0841, 0x0861, 0x0841, 0x0000, 0x0000, 0x0000, 0x0000, 0x0000, 0x0000, 0x0000, 0x0000, 0x0000, 0x0000, // 0x0A70 (2672) pixels
    0x0000, 0x0000, 0x0000, 0x0000, 0x0000, 0x0000, 0x0000, 0x0000, 0x0000, 0x0000, 0x10A2, 0x3146, 0x626A, 0xA4B3, 0xD69B, 0xDF5D, // 0x0A80 (2688) pixels
    0x6E7C, 0x3DBA, 0x1D59, 0x259A, 0x3DFB, 0x561B, 0x5E1B, 0x5E3C, 0x5E3B, 0x665B, 0x6E5B, 0x767B, 0x767B, 0x767B, 0x765B, 0x765C, // 0x0A90 (2704) pixels
    0x869C, 0x869C, 0x8EBC, 0x8EBC, 0x8EBC, 0x8E9B, 0x8E9B, 0x8E9B, 0xA6DC, 0xB6FD, 0xCF3D, 0xD75D, 0xD73D, 0xBEFD, 0x9EBC, 0x8E9C, // 0x0AA0 (2720) pixels
    0x8E9C, 0x8E9C, 0x8EBC, 0x869C, 0x869C, 0x7E7C, 0x767C, 0x765B, 0x6E7C, 0x6E7C, 0x6E5B, 0x665B, 0x665B, 0x5E5C, 0x4E1C, 0x3DBA, // 0x0AB0 (2736) pixels
    0x2559, 0x1D59, 0x45DA, 0x8EBD, 0xB61A, 0x9C71, 0x6ACA, 0x2963, 0x0861, 0x0020, 0x0000, 0x0000, 0x0000, 0x0000, 0x0000, 0x0000, // 0x0AC0 (2752) pixels
    0x0000, 0x0000, 0x0000, 0x0000, 0x0000, 0x0000, 0x0000, 0x0000, 0x0000, 0x0000, 0x0000, 0x0000, 0x0000, 0x0000, 0x0000, 0x0000, // 0x0AD0 (2768) pixels
    0x0000, 0x0000, 0x0000, 0x0000, 0x0000, 0x0000, 0x0000, 0x0000, 0x0020, 0x0000, 0x0000, 0x0861, 0x1082, 0x0841, 0x0000, 0x0000, // 0x0AE0 (2784) pixels
    0x0000, 0x0000, 0x0000, 0x0000, 0x0000, 0x0000, 0x0000, 0x0000, 0x0000, 0x0000, 0x0000, 0x0000, 0x0000, 0x0000, 0x0000, 0x0000, // 0x0AF0 (2800) pixels
    0x0020, 0x0861, 0x2965, 0x528A, 0x8C11, 0xCE5A, 0xCF1C, 0x9DF7, 0x1558, 0x1518, 0x2D5A, 0x45DC, 0x561B, 0x5E3B, 0x665B, 0x5E1B, // 0x0B00 (2816) pixels
    0x5E3B, 0x663B, 0x665B, 0x6E5B, 0x767B, 0x767B, 0x769C, 0x769C, 0x869C, 0x86BC, 0x8EBC, 0x8EBC, 0x8EBC, 0x8E9B, 0x8E9B, 0x8E9B, // 0x0B10 (2832) pixels
    0xBEFE, 0xD73E, 0xF7BF, 0xFFDF, 0xFFBF, 0xD75E, 0xAEDD, 0x8E9D, 0x8E9C, 0x8E9C, 0x8EBC, 0x8EBC, 0x869C, 0x7E9C, 0x7E7C, 0x767C, // 0x0B20 (2848) pixels
    0x6E7D, 0x663C, 0x663C, 0x665C, 0x5E3B, 0x563C, 0x563C, 0x4DFC, 0x359B, 0x1579, 0x0558, 0x3DD9, 0x965A, 0xC5D7, 0xA430, 0x5205, // 0x0B30 (2864) pixels
    0x18C3, 0x0841, 0x0000, 0x0000, 0x0000, 0x0000, 0x0000, 0x0020, 0x0000, 0x0000, 0x0000, 0x0000, 0x0000, 0x0000, 0x0000, 0x0000, // 0x0B40 (2880) pixels
    0x0000, 0x0000, 0x0000, 0x0000, 0x0000, 0x0000, 0x0000, 0x0000, 0x0000, 0x0000, 0x0000, 0x0000, 0x0000, 0x0000, 0x0000, 0x0000, // 0x0B50 (2896) pixels
    0x0000, 0x0000, 0x0000, 0x0841, 0x0841, 0x0020, 0x0000, 0x0000, 0x0000, 0x0000, 0x0000, 0x0000, 0x0000, 0x0000, 0x0000, 0x0000, // 0x0B60 (2912) pixels
    0x0000, 0x0000, 0x0000, 0x0000, 0x0000, 0x0000, 0x0000, 0x0000, 0x1000, 0x20E4, 0x4207, 0x8BCE, 0xCDB8, 0xCE5C, 0x7D9C, 0x2499, // 0x0B70 (2928) pixels
    0x04F9, 0x155A, 0x35BB, 0x4DFC, 0x5DFB, 0x5DFB, 0x5E1C, 0x5E3C, 0x663B, 0x6E3B, 0x6E5B, 0x765B, 0x767C, 0x7E7C, 0x7E9C, 0x7E9C, // 0x0B80 (2944) pixels
    0x869C, 0x86BC, 0x8EBC, 0x8EBC, 0x8E9C, 0x8E9C, 0x8E9C, 0x8E9C, 0xC71D, 0xEFBF, 0xFFFF, 0xFFDF, 0xFFDF, 0xEFBF, 0xB6FD, 0x8E7C, // 0x0B90 (2960) pixels
    0x8E9B, 0x8E9C, 0x8EBC, 0x8EBC, 0x869C, 0x869C, 0x7E7C, 0x7E5B, 0x767C, 0x765B, 0x6E3B, 0x663B, 0x663B, 0x5E3C, 0x561B, 0x4DFB, // 0x0BA0 (2976) pixels
    0x3DFA, 0x2559, 0x0CF9, 0x0D59, 0x561B, 0xAE7C, 0xC5B7, 0x7B2B, 0x3164, 0x1082, 0x0001, 0x0000, 0x0000, 0x0800, 0x0000, 0x0000, // 0x0BB0 (2992) pixels
    0x0000, 0x0000, 0x0000, 0x0000, 0x0000, 0x0000, 0x0000, 0x0000, 0x0000, 0x0000, 0x0000, 0x0000, 0x0000, 0x0000, 0x0000, 0x0000, // 0x0BC0 (3008) pixels
    0x0000, 0x0000, 0x0000, 0x0000, 0x0000, 0x0000, 0x0000, 0x0000, 0x0000, 0x0000, 0x0000, 0x0020, 0x0020, 0x0000, 0x0000, 0x0000, // 0x0BD0 (3024) pixels
    0x0000, 0x0000, 0x0000, 0x0000, 0x0000, 0x0000, 0x0000, 0x0000, 0x0000, 0x0000, 0x0000, 0x0000, 0x0000, 0x0000, 0x0000, 0x0000, // 0x0BE0 (3040) pixels
    0x0821, 0x2944, 0x734C, 0xBD55, 0xCDFA, 0x9539, 0x3C77, 0x0457, 0x153A, 0x257B, 0x3DDB, 0x55FB, 0x55FB, 0x5DFB, 0x5E1B, 0x5E3C, // 0x0BF0 (3056) pixels
    0x663B, 0x6E3B, 0x6E5B, 0x765B, 0x767C, 0x7E7C, 0x7E9C, 0x7E9C, 0x869C, 0x86BC, 0x8EBC, 0x8EBC, 0x8E9C, 0x8E9C, 0x8E9C, 0x8E9C, // 0x0C00 (3072) pixels
    0xBEFC, 0xDF9F, 0xFFDF, 0xFFDF, 0xFFFF, 0xE7BF, 0xAEFD, 0x8E9C, 0x8E9B, 0x8E9C, 0x8EBC, 0x8EBC, 0x869C, 0x7E7C, 0x7E7B, 0x765B, // 0x0C10 (3088) pixels
    0x767C, 0x6E5B, 0x6E3B, 0x663B, 0x5E3B, 0x5E3B, 0x561B, 0x4DFB, 0x3DFB, 0x2D7A, 0x1539, 0x1539, 0x3DDB, 0x863B, 0xB619, 0x9C70, // 0x0C20 (3104) pixels
    0x5248, 0x2104, 0x0841, 0x0000, 0x0000, 0x0000, 0x0000, 0x0000, 0x0000, 0x0000, 0x0000, 0x0000, 0x0000, 0x0000, 0x0000, 0x0000, // 0x0C30 (3120) pixels
    0x0000, 0x0000, 0x0000, 0x0000, 0x0000, 0x0000, 0x0000, 0x0000, 0x0000, 0x0000, 0x0000, 0x0000, 0x0000, 0x0000, 0x0000, 0x0000, // 0x0C40 (3136) pixels
    0x0000, 0x0000, 0x0000, 0x0000, 0x0020, 0x0000, 0x0000, 0x0000, 0x0000, 0x0000, 0x0000, 0x0000, 0x0000, 0x0000, 0x0000, 0x0000, // 0x0C50 (3152) pixels
    0x0000, 0x0000, 0x0000, 0x0000, 0x0000, 0x0000, 0x0000, 0x0000, 0x08A1, 0x4227, 0xA4B2, 0xD63A, 0xA55A, 0x4C16, 0x1415, 0x0517, // 0x0C60 (3168) pixels
    0x2D9B, 0x35BB, 0x45DB, 0x55FB, 0x55FA, 0x5E1A, 0x5E3B, 0x5E5B, 0x663B, 0x6E3B, 0x6E5B, 0x765B, 0x767C, 0x767C, 0x7E9C, 0x7E9C, // 0x0C70 (3184) pixels
    0x869C, 0x869C, 0x8E9C, 0x8EBC, 0x96BC, 0x8E9C, 0x8E9C, 0x8EBC, 0xAEDC, 0xCF5E, 0xE79E, 0xEFBF, 0xEFDF, 0xCF7E, 0xA6FD, 0x8EBC, // 0x0C80 (3200) pixels
    0x8E9C, 0x8EBC, 0x869C, 0x869C, 0x869C, 0x7E7C, 0x765B, 0x765B, 0x767B, 0x6E5B, 0x663B, 0x663B, 0x5E1B, 0x561B, 0x55FB, 0x4DDB, // 0x0C90 (3216) pixels
    0x3DBB, 0x359A, 0x2D99, 0x2559, 0x255A, 0x459A, 0x8E1A, 0xB596, 0x838D, 0x41E6, 0x18A2, 0x0020, 0x0000, 0x0000, 0x0000, 0x0000, // 0x0CA0 (3232) pixels
    0x0000, 0x0000, 0x0000, 0x0000, 0x0000, 0x0000, 0x0000, 0x0000, 0x0000, 0x0000, 0x0000, 0x0000, 0x0000, 0x0000, 0x0000, 0x0000, // 0x0CB0 (3248) pixels
    0x0000, 0x0000, 0x0000, 0x0000, 0x0000, 0x0000, 0x0000, 0x0000, 0x0000, 0x0000, 0x0000, 0x0000, 0x0000, 0x0000, 0x0000, 0x0000, // 0x0CC0 (3264) pixels
    0x0000, 0x0000, 0x0000, 0x0000, 0x0000, 0x0000, 0x0000, 0x0000, 0x0000, 0x0000, 0x0000, 0x0000, 0x0000, 0x0000, 0x0020, 0x0020, // 0x0CD0 (3280) pixels
    0x1103, 0x738D, 0xC5F8, 0xADDA, 0x5457, 0x13B5, 0x0C97, 0x25FA, 0x3DDB, 0x45DB, 0x4DDB, 0x4DDA, 0x55FA, 0x561A, 0x5E3B, 0x5E5B, // 0x0CE0 (3296) pixels
    0x663B, 0x6E3B, 0x6E5B, 0x765B, 0x767B, 0x767C, 0x7E7C, 0x7E9C, 0x869C, 0x869C, 0x8E9C, 0x8EBC, 0x96BC, 0x969C, 0x8EBC, 0x8EBC, // 0x0CF0 (3312) pixels
    0x9E9B, 0xAEFC, 0xBF1C, 0xCF3D, 0xC73D, 0xB6FC, 0x96BC, 0x8EBC, 0x8EBC, 0x8E9C, 0x869C, 0x869C, 0x7E7C, 0x767B, 0x765B, 0x765B, // 0x0D00 (3328) pixels
    0x6E7B, 0x6E5B, 0x665B, 0x663B, 0x5E3B, 0x561B, 0x4DFB, 0x45DA, 0x359B, 0x3599, 0x3DB9, 0x35BA, 0x153A, 0x14F9, 0x5579, 0xA5D9, // 0x0D10 (3344) pixels
    0xA4B2, 0x62CA, 0x3164, 0x1081, 0x0000, 0x0000, 0x0000, 0x0001, 0x0000, 0x0000, 0x0000, 0x0000, 0x0000, 0x0000, 0x0000, 0x0000, // 0x0D20 (3360) pixels
    0x0000, 0x0000, 0x0000, 0x0000, 0x0000, 0x0000, 0x0000, 0x0000, 0x0000, 0x0000, 0x0000, 0x0000, 0x0000, 0x0000, 0x0000, 0x0000, // 0x0D30 (3376) pixels
    0x0000, 0x0000, 0x0000, 0x0000, 0x0000, 0x0000, 0x0000, 0x0000, 0x0000, 0x0000, 0x0000, 0x0000, 0x0000, 0x0000, 0x0000, 0x0000, // 0x0D40 (3392) pixels
    0x0000, 0x0000, 0x0000, 0x0000, 0x0000, 0x0020, 0x0841, 0x0861, 0x3164, 0xA4F3, 0xC69C, 0x6CF8, 0x1395, 0x0417, 0x1D19, 0x35DA, // 0x0D50 (3408) pixels
    0x45DA, 0x45DA, 0x4DBA, 0x4DBA, 0x55DA, 0x561A, 0x5E3A, 0x667B, 0x663B, 0x6E3B, 0x6E5B, 0x765B, 0x767B, 0x767C, 0x7E7C, 0x7E9C, // 0x0D60 (3424) pixels
    0x869C, 0x869C, 0x869B, 0x8E9B, 0x8E9C, 0x969C, 0x96BC, 0x8EBC, 0x8E9B, 0x9EBB, 0xA69B, 0xA69B, 0xA69B, 0x9E9B, 0x8E9B, 0x8EBC, // 0x0D70 (3440) pixels
    0x8EBC, 0x8EBC, 0x869C, 0x7E9C, 0x7E7C, 0x767B, 0x765B, 0x765B, 0x6E5B, 0x665B, 0x665B, 0x5E5B, 0x5E3B, 0x4E1B, 0x45DA, 0x45BA, // 0x0D80 (3456) pixels
    0x3D7B, 0x3579, 0x3DB9, 0x3DFB, 0x1D5B, 0x0498, 0x2C97, 0x857A, 0xB576, 0x83CF, 0x4A28, 0x18E2, 0x0020, 0x0000, 0x0000, 0x0001, // 0x0D90 (3472) pixels
    0x0000, 0x0000, 0x0000, 0x0000, 0x0000, 0x0000, 0x0000, 0x0000, 0x0000, 0x0000, 0x0000, 0x0000, 0x0000, 0x0000, 0x0000, 0x0000, // 0x0DA0 (3488) pixels
    0x0000, 0x0000, 0x0000, 0x0000, 0x0000, 0x0000, 0x0000, 0x0000, 0x0000, 0x0000, 0x0000, 0x0000, 0x0000, 0x0000, 0x0000, 0x0000, // 0x0DB0 (3504) pixels
    0x0000, 0x0000, 0x0000, 0x0000, 0x0000, 0x0000, 0x0000, 0x0000, 0x0000, 0x0000, 0x0000, 0x0000, 0x0020, 0x0861, 0x10A2, 0x18E3, // 0x0DC0 (3520) pixels
    0x5248, 0xAD77, 0x9D9B, 0x33D5, 0x0395, 0x0498, 0x255A, 0x3D9A, 0x3DD9, 0x45B9, 0x45BA, 0x45DA, 0x4DDA, 0x561A, 0x5E3A, 0x665A, // 0x0DD0 (3536) pixels
    0x663B, 0x6E3B, 0x6E5B, 0x6E5B, 0x767B, 0x767C, 0x7E7C, 0x7E7C, 0x7E9C, 0x869C, 0x867B, 0x8E9B, 0x8E9B, 0x969C, 0x96BC, 0x8EBC, // 0x0DE0 (3552) pixels
    0x8EBC, 0x8EBC, 0x967B, 0x965A, 0x965A, 0x8E7B, 0x8E9C, 0x8EBC, 0x86BC, 0x869C, 0x869C, 0x7E7B, 0x767B, 0x765B, 0x765B, 0x6E5B, // 0x0DF0 (3568) pixels
    0x663B, 0x665B, 0x665B, 0x5E5B, 0x563B, 0x4DFB, 0x45BA, 0x3DBA, 0x3D9B, 0x3579, 0x3D99, 0x3DFB, 0x259B, 0x0C99, 0x1C16, 0x5CD9, // 0x0E00 (3584) pixels
    0xADB8, 0x94D4, 0x632C, 0x2944, 0x0820, 0x0000, 0x0000, 0x0000, 0x0000, 0x0000, 0x0000, 0x0000, 0x0000, 0x0000, 0x0000, 0x0000, // 0x0E10 (3600) pixels
    0x0000, 0x0000, 0x0000, 0x0000, 0x0000, 0x0000, 0x0000, 0x0000, 0x0000, 0x0000, 0x0000, 0x0000, 0x0000, 0x0000, 0x0000, 0x0000, // 0x0E20 (3616) pixels
    0x0000, 0x0000, 0x0000, 0x0000, 0x0000, 0x0000, 0x0000, 0x0000, 0x0000, 0x0000, 0x0000, 0x0000, 0x0000, 0x0000, 0x0000, 0x0000, // 0x0E30 (3632) pixels
    0x0000, 0x0000, 0x0000, 0x0000, 0x0020, 0x1082, 0x2124, 0x3186, 0x736D, 0x94F6, 0x53D6, 0x0AB3, 0x03B6, 0x14D8, 0x357A, 0x3D9B, // 0x0E40 (3648) pixels
    0x35B8, 0x3DB9, 0x3DDA, 0x45FA, 0x4DFB, 0x561A, 0x5E3B, 0x665A, 0x663B, 0x6E3B, 0x6E5B, 0x6E5B, 0x767B, 0x767C, 0x7E7C, 0x7E7C, // 0x0E50 (3664) pixels
    0x7E7C, 0x7E7B, 0x867B, 0x8E7B, 0x8E9B, 0x969C, 0x96BC, 0x8EBC, 0x8EBC, 0x8EBC, 0x8E9C, 0x8E7B, 0x8E7B, 0x8E9C, 0x8E9C, 0x8E9C, // 0x0E60 (3680) pixels
    0x869B, 0x869B, 0x7E7B, 0x765B, 0x765B, 0x6E3B, 0x6E3B, 0x6E3B, 0x663B, 0x663B, 0x5E3B, 0x561B, 0x4DFB, 0x45DA, 0x3DBA, 0x359A, // 0x0E70 (3696) pixels
    0x3D9A, 0x3D9A, 0x3599, 0x2DDA, 0x2D9B, 0x2CB9, 0x1BB5, 0x2C37, 0x8517, 0x9577, 0x7BD0, 0x41C7, 0x1882, 0x0000, 0x0000, 0x0000, // 0x0E80 (3712) pixels
    0x0000, 0x0000, 0x0000, 0x0000, 0x0000, 0x0000, 0x0000, 0x0000, 0x0000, 0x0000, 0x0000, 0x0000, 0x0000, 0x0000, 0x0000, 0x0000, // 0x0E90 (3728) pixels
    0x0000, 0x0000, 0x0000, 0x0000, 0x0000, 0x0000, 0x0000, 0x0000, 0x0000, 0x0000, 0x0000, 0x0000, 0x0000, 0x0000, 0x0000, 0x0000, // 0x0EA0 (3744) pixels
    0x0000, 0x0000, 0x0000, 0x0000, 0x0000, 0x0000, 0x0000, 0x0000, 0x0000, 0x0000, 0x0000, 0x0000, 0x0841, 0x18C3, 0x2965, 0x39E7, // 0x0EB0 (3760) pixels
    0x844F, 0x7C75, 0x2272, 0x0232, 0x13F7, 0x24F8, 0x355A, 0x355B, 0x2D98, 0x35B9, 0x3DFA, 0x45FB, 0x4DFB, 0x561B, 0x5E1B, 0x663A, // 0x0EC0 (3776) pixels
    0x663B, 0x6E3B, 0x6E5B, 0x6E5B, 0x767B, 0x767C, 0x7E7C, 0x7E7C, 0x7E7C, 0x7E7B, 0x865B, 0x8E7B, 0x8E9B, 0x969C, 0x96BC, 0x8EBC, // 0x0ED0 (3792) pixels
    0x86BC, 0x8EBD, 0x8EBC, 0x8E9C, 0x8E9C, 0x8E9C, 0x8E9C, 0x865B, 0x867B, 0x7E7B, 0x7E5B, 0x765B, 0x6E3B, 0x6E3A, 0x6E3A, 0x6E3B, // 0x0EE0 (3808) pixels
    0x663B, 0x5E3B, 0x5E1A, 0x4DFA, 0x45DA, 0x3DBA, 0x3599, 0x359A, 0x3D79, 0x45BB, 0x359A, 0x25BA, 0x359A, 0x44D9, 0x1B75, 0x1375, // 0x0EF0 (3824) pixels
    0x5C75, 0x9598, 0x8452, 0x5249, 0x20E3, 0x0000, 0x0000, 0x0000, 0x0000, 0x0000, 0x0000, 0x0000, 0x0000, 0x0000, 0x0000, 0x0000, // 0x0F00 (3840) pixels
    0x0000, 0x0000, 0x0000, 0x0000, 0x0000, 0x0000, 0x0000, 0x0000, 0x0000, 0x0000, 0x0000, 0x0000, 0x0000, 0x0000, 0x0000, 0x0000, // 0x0F10 (3856) pixels
    0x0000, 0x0000, 0x0000, 0x0000, 0x0000, 0x0000, 0x0000, 0x0000, 0x0000, 0x0000, 0x0000, 0x0000, 0x0000, 0x0000, 0x0000, 0x0000, // 0x0F20 (3872) pixels
    0x0000, 0x0000, 0x0001, 0x0000, 0x0840, 0x10A1, 0x2103, 0x5A8B, 0x9C99, 0x5394, 0x01EE, 0x022F, 0x2B96, 0x4479, 0x351A, 0x257A, // 0x0F30 (3888) pixels
    0x2559, 0x2D79, 0x3D9A, 0x4DDB, 0x5DFB, 0x661B, 0x661B, 0x661B, 0x661B, 0x661B, 0x6E3B, 0x6E5B, 0x767C, 0x769C, 0x769C, 0x767B, // 0x0F40 (3904) pixels
    0x767B, 0x7E7B, 0x7E7B, 0x7E7C, 0x869C, 0x8E9D, 0x8EBD, 0x8EBD, 0x8EBD, 0x8E9D, 0x8E9D, 0x8EBD, 0x8EBD, 0x869D, 0x7E7D, 0x7E7D, // 0x0F50 (3920) pixels
    0x7E7C, 0x7E9C, 0x6E5C, 0x663C, 0x663C, 0x5E1B, 0x5DFA, 0x5E3B, 0x5E3B, 0x5E3B, 0x561B, 0x4DFB, 0x3DBA, 0x359A, 0x357A, 0x3D9A, // 0x0F60 (3936) pixels
    0x3D99, 0x3D99, 0x3D9A, 0x3559, 0x355A, 0x34FA, 0x13D6, 0x0314, 0x4395, 0x8CB7, 0x9C72, 0x72CB, 0x3124, 0x0000, 0x0000, 0x0020, // 0x0F70 (3952) pixels
    0x0000, 0x0000, 0x0000, 0x0000, 0x0000, 0x0000, 0x0000, 0x0000, 0x0000, 0x0000, 0x0000, 0x0000, 0x0000, 0x0000, 0x0000, 0x0000, // 0x0F80 (3968) pixels
    0x0000, 0x0000, 0x0000, 0x0000, 0x0000, 0x0000, 0x0000, 0x0000, 0x0000, 0x0000, 0x0000, 0x0000, 0x0000, 0x0000, 0x0000, 0x0000, // 0x0F90 (3984) pixels
    0x0000, 0x0000, 0x0000, 0x0000, 0x0000, 0x0000, 0x0000, 0x0000, 0x0000, 0x0000, 0x0001, 0x0841, 0x0881, 0x0860, 0x18C3, 0x62EC, // 0x0FA0 (4000) pixels
    0x8437, 0x4313, 0x0A0E, 0x12B1, 0x33F7, 0x3C99, 0x24F9, 0x1559, 0x2D79, 0x357A, 0x459A, 0x45BB, 0x4DDB, 0x55FB, 0x5DFB, 0x65FA, // 0x0FB0 (4016) pixels
    0x661B, 0x661B, 0x663B, 0x6E5B, 0x767C, 0x767C, 0x767B, 0x767B, 0x767B, 0x7E7C, 0x7E9C, 0x869C, 0x869C, 0x867C, 0x867C, 0x8E9C, // 0x0FC0 (4032) pixels
    0x867C, 0x867C, 0x869C, 0x869D, 0x7E9C, 0x7E7C, 0x7E5C, 0x7E5C, 0x763B, 0x765C, 0x6E5C, 0x663C, 0x665C, 0x5E3B, 0x5E1A, 0x5E1A, // 0x0FD0 (4048) pixels
    0x55FB, 0x55FB, 0x4DFB, 0x45DA, 0x3DBA, 0x359A, 0x357A, 0x359A, 0x3DB9, 0x3599, 0x3599, 0x355A, 0x353A, 0x34FA, 0x13D6, 0x0314, // 0x0FE0 (4064) pixels
    0x3334, 0x7C76, 0x9C93, 0x7B4D, 0x3965, 0x0021, 0x0000, 0x0000, 0x0000, 0x0000, 0x0000, 0x0000, 0x0000, 0x0000, 0x0000, 0x0000, // 0x0FF0 (4080) pixels
    0x0000, 0x0000, 0x0000, 0x0000, 0x0000, 0x0000, 0x0000, 0x0000, 0x0000, 0x0000, 0x0000, 0x0000, 0x0000, 0x0000, 0x0000, 0x0000, // 0x1000 (4096) pixels
    0x0000, 0x0000, 0x0000, 0x0000, 0x0000, 0x0000, 0x0000, 0x0000, 0x0000, 0x0000, 0x0000, 0x0000, 0x0000, 0x0000, 0x0000, 0x0000, // 0x1010 (4112) pixels
    0x0000, 0x0001, 0x0001, 0x1082, 0x10A1, 0x0840, 0x20E4, 0x6B6F, 0x6375, 0x4291, 0x3AD2, 0x4BF6, 0x4CD9, 0x3D3A, 0x1D59, 0x1599, // 0x1020 (4128) pixels
    0x2D58, 0x3579, 0x3D7A, 0x359B, 0x35BA, 0x3DFA, 0x561B, 0x6E1B, 0x663B, 0x661B, 0x661B, 0x663B, 0x6E5B, 0x6E5B, 0x6E5B, 0x767B, // 0x1030 (4144) pixels
    0x767C, 0x7E7C, 0x7E9C, 0x7E9C, 0x7E7C, 0x7E7C, 0x867C, 0x869C, 0x86BD, 0x7E9D, 0x769C, 0x6E7C, 0x6E5B, 0x6E3A, 0x761A, 0x761A, // 0x1040 (4160) pixels
    0x763B, 0x767C, 0x6E5C, 0x663B, 0x5E3B, 0x5E3B, 0x55FA, 0x55D9, 0x4DBA, 0x45BA, 0x3DBA, 0x3D9A, 0x359A, 0x359A, 0x359A, 0x359A, // 0x1050 (4176) pixels
    0x35B9, 0x2D99, 0x3599, 0x3559, 0x351A, 0x34D9, 0x23D6, 0x0AF4, 0x1AD2, 0x6414, 0x94D4, 0x8BEF, 0x41C7, 0x0841, 0x0000, 0x0000, // 0x1060 (4192) pixels
    0x0000, 0x0000, 0x0000, 0x0000, 0x0000, 0x0000, 0x0000, 0x0000, 0x0000, 0x0000, 0x0000, 0x0000, 0x0000, 0x0000, 0x0000, 0x0000, // 0x1070 (4208) pixels
    0x0000, 0x0000, 0x0000, 0x0000, 0x0000, 0x0000, 0x0000, 0x0000, 0x0000, 0x0000, 0x0000, 0x0000, 0x0000, 0x0000, 0x0000, 0x0000, // 0x1080 (4224) pixels
    0x0000, 0x0000, 0x0000, 0x0000, 0x0000, 0x0000, 0x0000, 0x0000, 0x0000, 0x0000, 0x0001, 0x10A3, 0x10A1, 0x10A2, 0x3187, 0x7391, // 0x1090 (4240) pixels
    0x4A51, 0x4AB2, 0x6C98, 0x75DC, 0x55FC, 0x35FB, 0x25DA, 0x25FB, 0x2D98, 0x3DBA, 0x3DBB, 0x2D9A, 0x1D79, 0x25B8, 0x4619, 0x663A, // 0x10A0 (4256) pixels
    0x665C, 0x5E3B, 0x5E1B, 0x663B, 0x6E5B, 0x6E3B, 0x6E5B, 0x765B, 0x767C, 0x767C, 0x767C, 0x765C, 0x767C, 0x7E7C, 0x7E7C, 0x869D, // 0x10B0 (4272) pixels
    0x7E9C, 0x6E7B, 0x663A, 0x5E1A, 0x663A, 0x763A, 0x865A, 0x8E3A, 0x7E9C, 0x769D, 0x6E9C, 0x665C, 0x5E5C, 0x5E5B, 0x561A, 0x4DF9, // 0x10C0 (4288) pixels
    0x459A, 0x3D79, 0x3579, 0x3579, 0x2D79, 0x2D9A, 0x359A, 0x359B, 0x2DDA, 0x2DB9, 0x2D79, 0x3559, 0x34F9, 0x3C99, 0x2BB6, 0x1AD3, // 0x10D0 (4304) pixels
    0x12B1, 0x4BB3, 0x9515, 0x9491, 0x4207, 0x0861, 0x0000, 0x0000, 0x0000, 0x0000, 0x0000, 0x0000, 0x0000, 0x0000, 0x0000, 0x0000, // 0x10E0 (4320) pixels
    0x0000, 0x0000, 0x0000, 0x0000, 0x0000, 0x0000, 0x0000, 0x0000, 0x0000, 0x0000, 0x0000, 0x0000, 0x0000, 0x0000, 0x0000, 0x0000, // 0x10F0 (4336) pixels
    0x0000, 0x0000, 0x0000, 0x0000, 0x0000, 0x0000, 0x0000, 0x0000, 0x0000, 0x0000, 0x0000, 0x0000, 0x0000, 0x0000, 0x0000, 0x0000, // 0x1100 (4352) pixels
    0x0000, 0x0000, 0x0021, 0x10C3, 0x10A1, 0x1904, 0x3A0A, 0x6350, 0x4230, 0x5BB5, 0x863D, 0x771F, 0x3E7B, 0x1E3A, 0x263B, 0x2E5C, // 0x1110 (4368) pixels
    0x361A, 0x463B, 0x461B, 0x35B9, 0x1D57, 0x1D77, 0x35F9, 0x567B, 0x5E3B, 0x5E3B, 0x5E3B, 0x663B, 0x663B, 0x663B, 0x6E3B, 0x6E5B, // 0x1120 (4384) pixels
    0x767C, 0x765B, 0x765B, 0x765C, 0x767C, 0x7E7C, 0x767C, 0x765C, 0x6E5A, 0x6E3A, 0x6619, 0x6E19, 0x867A, 0x9EDC, 0xA6DC, 0xA69B, // 0x1130 (4400) pixels
    0x7E9C, 0x769D, 0x6E9D, 0x667D, 0x667C, 0x667C, 0x5E3B, 0x55FA, 0x459A, 0x3D79, 0x3559, 0x2D59, 0x2D79, 0x2D9A, 0x35BB, 0x35BB, // 0x1140 (4416) pixels
    0x2DDA, 0x2D9A, 0x2D59, 0x3519, 0x34B9, 0x3C58, 0x33B6, 0x22B3, 0x0A51, 0x3B52, 0x8D16, 0x94F3, 0x4A48, 0x0861, 0x0000, 0x0000, // 0x1150 (4432) pixels
    0x0000, 0x0000, 0x0000, 0x0000, 0x0000, 0x0000, 0x0000, 0x0000, 0x0000, 0x0000, 0x0000, 0x0000, 0x0000, 0x0000, 0x0000, 0x0000, // 0x1160 (4448) pixels
    0x0000, 0x0000, 0x0000, 0x0000, 0x0000, 0x0000, 0x0000, 0x0000, 0x0000, 0x0000, 0x0000, 0x0000, 0x0000, 0x0000, 0x0000, 0x0000, // 0x1170 (4464) pixels
    0x0000, 0x0000, 0x0000, 0x0000, 0x0000, 0x0000, 0x0000, 0x0000, 0x0000, 0x0000, 0x0841, 0x18E3, 0x0881, 0x2145, 0x4A8C, 0x6352, // 0x1180 (4480) pixels
    0x5B74, 0x64D8, 0x6E7D, 0x4E7C, 0x1DB8, 0x1577, 0x25D9, 0x363B, 0x467C, 0x4E7C, 0x5E9C, 0x5E5A, 0x4DB8, 0x3D57, 0x3D98, 0x3E1A, // 0x1190 (4496) pixels
    0x561B, 0x563B, 0x5E3B, 0x663B, 0x663B, 0x663B, 0x6E3B, 0x6E5B, 0x765C, 0x765C, 0x765C, 0x767C, 0x767C, 0x767C, 0x6E3B, 0x661B, // 0x11A0 (4512) pixels
    0x7619, 0x7E59, 0x967A, 0xA6FB, 0xBF7D, 0xCFDF, 0xC79F, 0xBF3E, 0x86DD, 0x7EBD, 0x7EBE, 0x76DE, 0x76DE, 0x6EBD, 0x669C, 0x5E3B, // 0x11B0 (4528) pixels
    0x55FB, 0x4DDA, 0x3D99, 0x3578, 0x2D79, 0x359A, 0x35BA, 0x3DDB, 0x359A, 0x2D7A, 0x2D19, 0x34D9, 0x3477, 0x3BF7, 0x3B76, 0x2A92, // 0x11C0 (4544) pixels
    0x0A10, 0x32D1, 0x8D16, 0x9D35, 0x5289, 0x1081, 0x0000, 0x0000, 0x0000, 0x0000, 0x0000, 0x0000, 0x0000, 0x0000, 0x0000, 0x0000, // 0x11D0 (4560) pixels
    0x0000, 0x0000, 0x0000, 0x0000, 0x0000, 0x0000, 0x0000, 0x0000, 0x0000, 0x0000, 0x0000, 0x0000, 0x0000, 0x0000, 0x0000, 0x0000, // 0x11E0 (4576) pixels
    0x0000, 0x0000, 0x0000, 0x0000, 0x0000, 0x0000, 0x0000, 0x0000, 0x0000, 0x0000, 0x0000, 0x0000, 0x0000, 0x0000, 0x0000, 0x0000, // 0x11F0 (4592) pixels
    0x0000, 0x0000, 0x0841, 0x18E3, 0x08A1, 0x2145, 0x5AEF, 0x8457, 0x7D19, 0x6518, 0x3496, 0x1C35, 0x1BD3, 0x1BB3, 0x2434, 0x34F6, // 0x1200 (4608) pixels
    0x4DFB, 0x563B, 0x76DC, 0xA73D, 0xAEBC, 0x85DA, 0x4D58, 0x2D58, 0x45B9, 0x561B, 0x5E5C, 0x5E3B, 0x5E1B, 0x663B, 0x6E3B, 0x6E3B, // 0x1210 (4624) pixels
    0x6E3B, 0x6E5C, 0x765C, 0x765C, 0x6E5C, 0x6E3B, 0x663B, 0x661B, 0x8E19, 0xAEBB, 0xCF3D, 0xE7BE, 0xF7FF, 0xEFFF, 0xCFBF, 0xAF3E, // 0x1220 (4640) pixels
    0x869D, 0x765C, 0x767C, 0x7EBE, 0x7EFE, 0x76DE, 0x76DE, 0x76BD, 0x667C, 0x563B, 0x45DA, 0x3578, 0x3578, 0x3579, 0x3D9A, 0x3DBB, // 0x1230 (4656) pixels
    0x357A, 0x353A, 0x2CD9, 0x3498, 0x3417, 0x3BB6, 0x3B55, 0x2A51, 0x09AF, 0x2A90, 0x84D6, 0x9D35, 0x52AA, 0x1081, 0x0000, 0x0000, // 0x1240 (4672) pixels
    0x0000, 0x0000, 0x0000, 0x0000, 0x0000, 0x0000, 0x0000, 0x0000, 0x0000, 0x0000, 0x0000, 0x0000, 0x0000, 0x0000, 0x0000, 0x0000, // 0x1250 (4688) pixels
    0x0000, 0x0000, 0x0000, 0x0000, 0x0000, 0x0000, 0x0000, 0x0000, 0x0000, 0x0000, 0x0000, 0x0000, 0x0000, 0x0000, 0x0000, 0x0000, // 0x1260 (4704) pixels
    0x0000, 0x0000, 0x0000, 0x0000, 0x0000, 0x0000, 0x0000, 0x0000, 0x0000, 0x0000, 0x0021, 0x1903, 0x08A1, 0x1925, 0x6371, 0xAD9C, // 0x1270 (4720) pixels
    0x95BB, 0x5476, 0x026E, 0x01CD, 0x21EF, 0x29CF, 0x2A6F, 0x3372, 0x2C97, 0x4558, 0x86BB, 0xD7FF, 0xFFFF, 0xCEBE, 0x75BB, 0x357A, // 0x1280 (4736) pixels
    0x3D99, 0x4E1A, 0x5E5C, 0x5E3B, 0x5E1A, 0x661B, 0x6E3B, 0x6E1B, 0x6E3B, 0x6E3C, 0x6E5C, 0x6E3C, 0x661B, 0x661B, 0x663B, 0x6E5C, // 0x1290 (4752) pixels
    0xB6DC, 0xDF7E, 0xFFFF, 0xFFDF, 0xFFDE, 0xDF7D, 0xAEBB, 0x7DF9, 0x6578, 0x5517, 0x4D38, 0x5DBA, 0x661B, 0x6E5C, 0x769D, 0x76BD, // 0x12A0 (4768) pixels
    0x76BD, 0x667C, 0x4DFA, 0x3D99, 0x3578, 0x3578, 0x3D99, 0x3DBA, 0x353A, 0x3519, 0x2CB8, 0x3478, 0x33F6, 0x3375, 0x3B34, 0x2230, // 0x12B0 (4784) pixels
    0x098F, 0x2A50, 0x84B6, 0x9D15, 0x52AA, 0x10A1, 0x0000, 0x0000, 0x0000, 0x0000, 0x0000, 0x0000, 0x0000, 0x0000, 0x0000, 0x0000, // 0x12C0 (4800) pixels
    0x0000, 0x0000, 0x0000, 0x0000, 0x0000, 0x0000, 0x0000, 0x0000, 0x0000, 0x0000, 0x0000, 0x0000, 0x0000, 0x0000, 0x0000, 0x0000, // 0x12D0 (4816) pixels
    0x0000, 0x0000, 0x0000, 0x0000, 0x0000, 0x0000, 0x0000, 0x0000, 0x0000, 0x0000, 0x0000, 0x0000, 0x0000, 0x0000, 0x0000, 0x0000, // 0x12E0 (4832) pixels
    0x0000, 0x0041, 0x0021, 0x1082, 0x0841, 0x2966, 0x8CD5, 0xB69E, 0x7D5C, 0x2A4F, 0x0887, 0x2065, 0x598A, 0x6A0B, 0x620B, 0x5A2C, // 0x12F0 (4848) pixels
    0x22AF, 0x1351, 0x4D78, 0xB77E, 0xFFFE, 0xFFBE, 0xA67B, 0x457A, 0x3579, 0x4DDA, 0x5E1B, 0x5E1B, 0x661B, 0x661B, 0x663B, 0x663B, // 0x1300 (4864) pixels
    0x665B, 0x6E1B, 0x7E3D, 0x6E1C, 0x561A, 0x5E19, 0x7E39, 0xAEBC, 0xEF9D, 0xFFDF, 0xFFDF, 0xEFDF, 0xAEFD, 0x6577, 0x4434, 0x43B3, // 0x1310 (4880) pixels
    0x2B6F, 0x2B4E, 0x2B2E, 0x338F, 0x3C12, 0x44D7, 0x55DC, 0x669F, 0x76DF, 0x6EFE, 0x5E5C, 0x55DA, 0x3D58, 0x1D38, 0x2D7A, 0x3D5B, // 0x1320 (4896) pixels
    0x3D1C, 0x34BA, 0x2458, 0x3417, 0x3395, 0x3B33, 0x3B12, 0x224F, 0x098E, 0x2A50, 0x7C97, 0x9514, 0x52A9, 0x1082, 0x0000, 0x0000, // 0x1330 (4912) pixels
    0x0000, 0x0000, 0x0000, 0x0000, 0x0000, 0x0000, 0x0000, 0x0000, 0x0000, 0x0000, 0x0000, 0x0000, 0x0000, 0x0000, 0x0000, 0x0000, // 0x1340 (4928) pixels
    0x0000, 0x0000, 0x0000, 0x0000, 0x0000, 0x0000, 0x0000, 0x0000, 0x0000, 0x0000, 0x0000, 0x0000, 0x0000, 0x0000, 0x0000, 0x0000, // 0x1350 (4944) pixels
    0x0000, 0x0000, 0x0000, 0x0000, 0x0000, 0x0000, 0x0000, 0x0000, 0x0000, 0x0000, 0x0000, 0x0841, 0x1061, 0x4A6A, 0xA5B8, 0xAE3C, // 0x1360 (4960) pixels
    0x4B11, 0x0066, 0x1024, 0x59A9, 0x932E, 0xABF1, 0xABF1, 0x932F, 0x52AF, 0x1A0C, 0x2B4F, 0x8DD8, 0xF7BF, 0xFFFF, 0xB71D, 0x65FA, // 0x1370 (4976) pixels
    0x3D58, 0x4DBA, 0x5E1B, 0x5E1B, 0x661B, 0x661B, 0x663B, 0x5E3B, 0x665B, 0x661B, 0x6E3C, 0x5E3C, 0x4DFA, 0x5DF9, 0x8E5B, 0xCF3E, // 0x1380 (4992) pixels
    0xF7FF, 0xF7FF, 0xDF7F, 0x9DD9, 0x53F2, 0x226C, 0x11A9, 0x21A9, 0x21CA, 0x29EA, 0x29E9, 0x21E9, 0x220A, 0x228D, 0x3BD3, 0x653A, // 0x1390 (5008) pixels
    0x663C, 0x66FE, 0x5EBD, 0x5E1B, 0x4559, 0x24D7, 0x1CD8, 0x2CF9, 0x3CDB, 0x2C99, 0x2437, 0x2BF6, 0x3374, 0x32F2, 0x32D1, 0x1A4E, // 0x13A0 (5024) pixels
    0x11AE, 0x2A50, 0x7C76, 0x9515, 0x52A9, 0x1082, 0x0000, 0x0000, 0x0000, 0x0000, 0x0000, 0x0000, 0x0000, 0x0000, 0x0000, 0x0000, // 0x13B0 (5040) pixels
    0x0000, 0x0000, 0x0000, 0x0000, 0x0000, 0x0000, 0x0000, 0x0000, 0x0000, 0x0000, 0x0000, 0x0000, 0x0000, 0x0000, 0x0000, 0x0000, // 0x13C0 (5056) pixels
    0x0000, 0x0000, 0x0000, 0x0000, 0x0000, 0x0000, 0x0000, 0x0000, 0x0000, 0x0000, 0x0000, 0x0000, 0x0000, 0x0000, 0x0000, 0x0000, // 0x13D0 (5072) pixels
    0x0000, 0x0000, 0x0000, 0x0000, 0x1061, 0x6B6E, 0xADD9, 0x7C95, 0x1906, 0x1002, 0x6209, 0xC4B3, 0xE617, 0xF6D9, 0xFE79, 0xDCF4, // 0x13E0 (5088) pixels
    0x9350, 0x49C9, 0x2988, 0x5B90, 0xAE5B, 0xDFFF, 0xBF9F, 0x7E7A, 0x4D77, 0x5598, 0x55DA, 0x5E1B, 0x5E1C, 0x5E3B, 0x5E1B, 0x5E1A, // 0x13F0 (5104) pixels
    0x6E3B, 0x5E1B, 0x5E5C, 0x565B, 0x4DFA, 0x6DFA, 0x9EBD, 0xD7BF, 0xD7DF, 0xBEFD, 0x7D37, 0x3ACE, 0x1968, 0x1907, 0x3188, 0x4A29, // 0x1400 (5120) pixels
    0x6AAD, 0x72EE, 0x6A8C, 0x51E9, 0x3987, 0x2927, 0x2989, 0x3A8D, 0x3454, 0x561B, 0x5F1E, 0x669D, 0x4D9A, 0x2C76, 0x1C55, 0x2497, // 0x1410 (5136) pixels
    0x34B9, 0x2C78, 0x2416, 0x2BD5, 0x2B13, 0x32B1, 0x32B1, 0x1A2E, 0x11CE, 0x2A30, 0x7C76, 0x9D15, 0x52A9, 0x0861, 0x0000, 0x0000, // 0x1420 (5152) pixels
    0x0000, 0x0000, 0x0000, 0x0000, 0x0000, 0x0000, 0x0000, 0x0000, 0x0000, 0x0000, 0x0000, 0x0000, 0x0000, 0x0000, 0x0000, 0x0000, // 0x1430 (5168) pixels
    0x0000, 0x0000, 0x0000, 0x0000, 0x0000, 0x0000, 0x0000, 0x0000, 0x0000, 0x0000, 0x0000, 0x0000, 0x0000, 0x0000, 0x0000, 0x0000, // 0x1440 (5184) pixels
    0x0000, 0x0000, 0x0000, 0x0000, 0x0000, 0x0000, 0x0000, 0x0000, 0x0000, 0x0000, 0x0000, 0x0000, 0x10A3, 0x7BF0, 0x9D36, 0x3A4C, // 0x1450 (5200) pixels
    0x0000, 0x4187, 0xBCF4, 0xFF7C, 0xFFFD, 0xFFFD, 0xFF3B, 0xDD75, 0xCBF1, 0x9B0D, 0x6209, 0x3A0B, 0x53F4, 0x8E9D, 0x9F7E, 0x8EF9, // 0x1460 (5216) pixels
    0x65F8, 0x5DB8, 0x55D9, 0x55FB, 0x55FB, 0x5E1B, 0x5E1B, 0x5E1A, 0x661B, 0x5E1B, 0x5E5B, 0x563B, 0x5E1B, 0x767C, 0x9F1E, 0xB7BF, // 0x1470 (5232) pixels
    0x96DE, 0x5454, 0x19CA, 0x10A6, 0x3147, 0x6AED, 0xA472, 0xBD55, 0xD5B8, 0xDDF8, 0xCD76, 0xB472, 0x8B6E, 0x6249, 0x3905, 0x1842, // 0x1480 (5248) pixels
    0x098A, 0x2C33, 0x56BC, 0x6F9F, 0x5E5D, 0x3C77, 0x23D4, 0x2BF4, 0x3457, 0x3457, 0x23F5, 0x2374, 0x22D2, 0x2A91, 0x3291, 0x1A0E, // 0x1490 (5264) pixels
    0x11AE, 0x2A30, 0x7C76, 0x9D15, 0x52A9, 0x0861, 0x0000, 0x0000, 0x0000, 0x0000, 0x0000, 0x0000, 0x0000, 0x0000, 0x0000, 0x0000, // 0x14A0 (5280) pixels
    0x0000, 0x0000, 0x0000, 0x0000, 0x0000, 0x0000, 0x0000, 0x0000, 0x0000, 0x0000, 0x0000, 0x0000, 0x0000, 0x0000, 0x0000, 0x0000, // 0x14B0 (5296) pixels
    0x0000, 0x0000, 0x0000, 0x0000, 0x0000, 0x0000, 0x0000, 0x0000, 0x0000, 0x0000, 0x0000, 0x0000, 0x0000, 0x0000, 0x0000, 0x0000, // 0x14C0 (5312) pixels
    0x0000, 0x0000, 0x0000, 0x0000, 0x2986, 0x8C52, 0x8432, 0x10C4, 0x0020, 0x83CF, 0xF71C, 0xFFFF, 0xF7FE, 0xCF3A, 0xB574, 0xA430, // 0x14D0 (5328) pixels
    0xC3CF, 0xCC50, 0x9B8E, 0x420A, 0x1A2C, 0x3C75, 0x76BB, 0x877B, 0x767A, 0x5DF9, 0x55B9, 0x55DA, 0x4DDB, 0x55FB, 0x5E3B, 0x5E3A, // 0x14E0 (5344) pixels
    0x661B, 0x661B, 0x5DFB, 0x5DDA, 0x6E1B, 0x86FE, 0x8F5F, 0x7F1D, 0x44F8, 0x018B, 0x0004, 0x4947, 0x93AF, 0xD617, 0xF73C, 0xFFBF, // 0x14F0 (5360) pixels
    0xFFDE, 0xFFDF, 0xFF9D, 0xF6FA, 0xDE37, 0xC534, 0x7B0B, 0x2881, 0x0003, 0x09A9, 0x3515, 0x6FBF, 0x6F5F, 0x4D19, 0x3353, 0x2AF1, // 0x1500 (5376) pixels
    0x33B5, 0x3C36, 0x33D5, 0x2312, 0x2290, 0x3291, 0x3291, 0x1A0E, 0x098E, 0x2A30, 0x8496, 0x9D14, 0x5289, 0x0861, 0x0000, 0x0000, // 0x1510 (5392) pixels
    0x0000, 0x0000, 0x0000, 0x0000, 0x0000, 0x0000, 0x0000, 0x0000, 0x0000, 0x0000, 0x0000, 0x0000, 0x0000, 0x0000, 0x0000, 0x0000, // 0x1520 (5408) pixels
    0x0000, 0x0000, 0x0000, 0x0000, 0x0000, 0x0000, 0x0000, 0x0000, 0x0000, 0x0000, 0x0000, 0x0000, 0x0000, 0x0000, 0x0000, 0x0000, // 0x1530 (5424) pixels
    0x0000, 0x0000, 0x0000, 0x0000, 0x0000, 0x0000, 0x0000, 0x0000, 0x0000, 0x0000, 0x0820, 0x20E4, 0x632D, 0x94D4, 0x632E, 0x0001, // 0x1540 (5440) pixels
    0x3145, 0xCDB7, 0xFFDF, 0xFFDF, 0xC679, 0x7C50, 0x5AAB, 0x72CC, 0xA38D, 0xBC50, 0xAC0F, 0x6AAC, 0x298A, 0x1AAE, 0x4D98, 0x779D, // 0x1550 (5456) pixels
    0x76FD, 0x5E3A, 0x4DB9, 0x4DDA, 0x4DDA, 0x55DB, 0x5E3B, 0x5E3B, 0x5E1B, 0x5DFB, 0x5DBA, 0x65BA, 0x6E5C, 0x871F, 0x76DD, 0x4557, // 0x1560 (5472) pixels
    0x022D, 0x00A7, 0x59AA, 0xC493, 0xFEFA, 0xFFFE, 0xFFFF, 0xFFDF, 0xF7FE, 0xF7FE, 0xFFFF, 0xFFFE, 0xFFFE, 0xFF9D, 0xCDF6, 0x838D, // 0x1570 (5488) pixels
    0x38C4, 0x1063, 0x1AAC, 0x4E3A, 0x6F7F, 0x5DDB, 0x4393, 0x326F, 0x32F2, 0x3B94, 0x3373, 0x22D1, 0x2250, 0x3271, 0x3290, 0x11EE, // 0x1580 (5504) pixels
    0x118D, 0x3270, 0x84B7, 0x94D4, 0x4248, 0x0841, 0x0000, 0x0000, 0x0000, 0x0000, 0x0000, 0x0000, 0x0000, 0x0000, 0x0000, 0x0000, // 0x1590 (5520) pixels
    0x0000, 0x0000, 0x0000, 0x0000, 0x0000, 0x0000, 0x0000, 0x0000, 0x0000, 0x0000, 0x0000, 0x0000, 0x0000, 0x0000, 0x0000, 0x0000, // 0x15A0 (5536) pixels
    0x0000, 0x0000, 0x0000, 0x0000, 0x0000, 0x0000, 0x0000, 0x0000, 0x0000, 0x0000, 0x0000, 0x0000, 0x0000, 0x0000, 0x0000, 0x0000, // 0x15B0 (5552) pixels
    0x0000, 0x0000, 0x0841, 0x39C7, 0x8C52, 0x94B4, 0x422A, 0x1042, 0x7B4D, 0xEEFC, 0xFFDF, 0xC639, 0x632D, 0x2125, 0x3146, 0x7B2E, // 0x15C0 (5568) pixels
    0xA491, 0x9C0E, 0x8B6C, 0x8AEB, 0x61CA, 0x31AB, 0x3C55, 0x571E, 0x6F1F, 0x563C, 0x4DDA, 0x4DDA, 0x4DBA, 0x55DA, 0x5E1B, 0x561B, // 0x15D0 (5584) pixels
    0x4E3B, 0x55FB, 0x55B9, 0x5E1B, 0x6EDD, 0x76FE, 0x5D59, 0x1ACF, 0x0885, 0x520B, 0xC557, 0xFF7E, 0xFFFE, 0xF7BD, 0xCE99, 0xC617, // 0x15E0 (5600) pixels
    0xBDF6, 0xBE38, 0xD6DA, 0xF79E, 0xFFFF, 0xFFFF, 0xFF9E, 0xE6FB, 0xA3EE, 0x5166, 0x18E6, 0x2370, 0x4E3B, 0x6E5D, 0x5436, 0x326F, // 0x15F0 (5616) pixels
    0x29EE, 0x3291, 0x32D1, 0x2A70, 0x2A30, 0x2A50, 0x2A50, 0x11EE, 0x11AE, 0x3AB1, 0x8CB7, 0x8C92, 0x39C5, 0x0820, 0x0000, 0x0000, // 0x1600 (5632) pixels
    0x0000, 0x0000, 0x0000, 0x0000, 0x0000, 0x0000, 0x0000, 0x0000, 0x0000, 0x0000, 0x0000, 0x0000, 0x0000, 0x0000, 0x0000, 0x0000, // 0x1610 (5648) pixels
    0x0000, 0x0000, 0x0000, 0x0000, 0x0000, 0x0000, 0x0000, 0x0000, 0x0000, 0x0000, 0x0000, 0x0000, 0x0000, 0x0000, 0x0000, 0x0000, // 0x1620 (5664) pixels
    0x0000, 0x0000, 0x0000, 0x0000, 0x0000, 0x0000, 0x0000, 0x0000, 0x0000, 0x0000, 0x0820, 0x39C7, 0x8C93, 0x8452, 0x39C8, 0x3966, // 0x1630 (5680) pixels
    0xBD74, 0xFFFE, 0xF79D, 0x8C92, 0x10C3, 0x0000, 0x4208, 0xAD15, 0xC5F8, 0x8C0F, 0x72A9, 0x92AA, 0x920A, 0x496A, 0x3373, 0x3E5D, // 0x1640 (5696) pixels
    0x671F, 0x4E3C, 0x45DA, 0x4DDB, 0x4DDA, 0x55DA, 0x561B, 0x561B, 0x465B, 0x4DFA, 0x4DFA, 0x5E9C, 0x673E, 0x66BD, 0x4415, 0x00A9, // 0x1650 (5712) pixels
    0x48A5, 0xAC32, 0xFFDF, 0xFFFF, 0xCEBA, 0xA554, 0x840F, 0x83CE, 0x83CF, 0x7B6E, 0x8C11, 0xBDD8, 0xF77E, 0xFFFF, 0xFFFF, 0xFFDF, // 0x1660 (5728) pixels
    0xFF18, 0xA32D, 0x3044, 0x0128, 0x2C95, 0x6E7D, 0x5CB7, 0x2A8F, 0x214C, 0x29EE, 0x2A4F, 0x2A50, 0x3230, 0x2A2F, 0x220F, 0x09EE, // 0x1670 (5744) pixels
    0x19CE, 0x42F2, 0x8CD7, 0x8451, 0x2964, 0x0000, 0x0000, 0x0000, 0x0000, 0x0000, 0x0000, 0x0000, 0x0000, 0x0000, 0x0000, 0x0000, // 0x1680 (5760) pixels
    0x0000, 0x0000, 0x0000, 0x0000, 0x0000, 0x0000, 0x0000, 0x0000, 0x0000, 0x0000, 0x0000, 0x0000, 0x0000, 0x0000, 0x0000, 0x0000, // 0x1690 (5776) pixels
    0x0000, 0x0000, 0x0000, 0x0000, 0x0000, 0x0000, 0x0000, 0x0000, 0x0000, 0x0000, 0x0000, 0x0000, 0x0000, 0x0000, 0x0000, 0x0000, // 0x16A0 (5792) pixels
    0x0000, 0x0000, 0x0820, 0x39C7, 0x7C12, 0x6B90, 0x420A, 0x62AB, 0xD699, 0xFFFE, 0xD699, 0x6B4B, 0x1080, 0x0000, 0x5ACB, 0xDEDD, // 0x16B0 (5808) pixels
    0xF7FE, 0x8CB4, 0x3A0A, 0x5A28, 0x9AA9, 0x8A0A, 0x4AF0, 0x2D39, 0x467E, 0x4E7D, 0x45FA, 0x4DB9, 0x55FB, 0x55DB, 0x4DFB, 0x4E1A, // 0x16C0 (5824) pixels
    0x4E3B, 0x55B9, 0x5DFA, 0x5EDD, 0x5F1F, 0x5DBB, 0x320C, 0x2824, 0x7AA9, 0xF6FB, 0xFFDF, 0xC69A, 0x73AE, 0x4227, 0x5A89, 0x7BAE, // 0x16D0 (5840) pixels
    0x842F, 0x632C, 0x4A28, 0x62EC, 0xAD55, 0xEF5D, 0xFFFF, 0xFFFF, 0xFFDE, 0xD5F8, 0x61A7, 0x2022, 0x2ACE, 0x561C, 0x4D5A, 0x32B0, // 0x16E0 (5856) pixels
    0x190A, 0x218C, 0x3A0D, 0x3A2E, 0x3A4F, 0x322F, 0x220F, 0x19CF, 0x29D0, 0x5B32, 0x94B4, 0x738D, 0x20E3, 0x0000, 0x0000, 0x0000, // 0x16F0 (5872) pixels
    0x0000, 0x0000, 0x0000, 0x0000, 0x0000, 0x0000, 0x0000, 0x0000, 0x0000, 0x0000, 0x0000, 0x0000, 0x0000, 0x0000, 0x0000, 0x0000, // 0x1700 (5888) pixels
    0x0000, 0x0000, 0x0000, 0x0000, 0x0000, 0x0000, 0x0000, 0x0000, 0x0000, 0x0000, 0x0000, 0x0000, 0x0000, 0x0000, 0x0000, 0x0000, // 0x1710 (5904) pixels
    0x0000, 0x0000, 0x0000, 0x0000, 0x0000, 0x0000, 0x0000, 0x0000, 0x0000, 0x0000, 0x0820, 0x31A7, 0x6BB0, 0x632F, 0x526B, 0x83B0, // 0x1720 (5920) pixels
    0xEF3B, 0xEF3C, 0xB575, 0x738C, 0x4205, 0x2142, 0x630C, 0xCE5A, 0xE79D, 0x94B4, 0x31C9, 0x4185, 0x9A89, 0x9A8B, 0x52CF, 0x1C55, // 0x1730 (5936) pixels
    0x3DFC, 0x4E7C, 0x4E1A, 0x4DD9, 0x55DB, 0x55DB, 0x4DFB, 0x4E3A, 0x4E3B, 0x55FA, 0x5E1B, 0x5EDE, 0x56BE, 0x4476, 0x2989, 0x5167, // 0x1740 (5952) pixels
    0xCD13, 0xFF9E, 0xC659, 0x6BAE, 0x1903, 0x18E2, 0x62EB, 0xAD55, 0xD699, 0xAD75, 0x632C, 0x2965, 0x4228, 0xA513, 0xEF7D, 0xFFFF, // 0x1750 (5968) pixels
    0xFFFF, 0xF71C, 0xA38E, 0x4125, 0x226B, 0x3D59, 0x3D19, 0x2AD1, 0x194B, 0x21AC, 0x320E, 0x3A2F, 0x3A4F, 0x320F, 0x21EF, 0x19AE, // 0x1760 (5984) pixels
    0x3210, 0x6373, 0x8C94, 0x632C, 0x18C2, 0x0000, 0x0000, 0x0000, 0x0000, 0x0000, 0x0000, 0x0000, 0x0000, 0x0000, 0x0000, 0x0000, // 0x1770 (6000) pixels
    0x0000, 0x0000, 0x0000, 0x0000, 0x0000, 0x0000, 0x0000, 0x0000, 0x0000, 0x0000, 0x0000, 0x0000, 0x0000, 0x0000, 0x0000, 0x0000, // 0x1780 (6016) pixels
    0x0000, 0x0000, 0x0000, 0x0000, 0x0000, 0x0000, 0x0000, 0x0000, 0x0000, 0x0000, 0x0000, 0x0000, 0x0000, 0x0000, 0x0000, 0x0000, // 0x1790 (6032) pixels
    0x0000, 0x0000, 0x0840, 0x31A7, 0x634F, 0x5B0E, 0x630D, 0xB514, 0xF75D, 0xCDF8, 0x8C31, 0x842F, 0x842E, 0x4A87, 0x4A48, 0x83F0, // 0x17A0 (6048) pixels
    0xADB6, 0x73F1, 0x2147, 0x28C2, 0x9288, 0xBB2D, 0x6B0F, 0x23D3, 0x2D7A, 0x4E5C, 0x4E3B, 0x4DD9, 0x55DB, 0x4DBB, 0x4DFA, 0x563B, // 0x17B0 (6064) pixels
    0x4E1B, 0x561B, 0x5E3C, 0x5EDF, 0x4DDB, 0x22EF, 0x3147, 0x9B2D, 0xFEDA, 0xFF5D, 0x94D3, 0x31C7, 0x0000, 0x18E2, 0x8C30, 0xF79E, // 0x17C0 (6080) pixels
    0xFFFF, 0xFFBF, 0xAD75, 0x31A6, 0x0020, 0x4A68, 0xBDF7, 0xFFFF, 0xFFFF, 0xFFFF, 0xDD95, 0x7A69, 0x2A29, 0x2CB5, 0x2CF8, 0x1B33, // 0x17D0 (6096) pixels
    0x198D, 0x21AD, 0x320E, 0x3A2F, 0x3A2F, 0x2A0E, 0x21CE, 0x21CE, 0x4291, 0x6BD3, 0x8452, 0x5289, 0x1081, 0x0000, 0x0000, 0x0000, // 0x17E0 (6112) pixels
    0x0000, 0x0000, 0x0000, 0x0000, 0x0000, 0x0000, 0x0000, 0x0000, 0x0000, 0x0000, 0x0000, 0x0000, 0x0000, 0x0000, 0x0000, 0x0000, // 0x17F0 (6128) pixels
    0x0000, 0x0000, 0x0000, 0x0000, 0x0000, 0x0000, 0x0000, 0x0000, 0x0000, 0x0000, 0x0000, 0x0000, 0x0000, 0x0000, 0x0000, 0x0000, // 0x1800 (6144) pixels
    0x0000, 0x0000, 0x0000, 0x0000, 0x0000, 0x0000, 0x0000, 0x0000, 0x0000, 0x0000, 0x1061, 0x39E8, 0x634E, 0x5B0D, 0x738F, 0xCE18, // 0x1810 (6160) pixels
    0xFF3D, 0xACF4, 0x6B2E, 0x8C72, 0xA553, 0x5AE9, 0x2102, 0x2944, 0x52AC, 0x424B, 0x10A4, 0x1862, 0x8247, 0xC38D, 0x8B8F, 0x3BB2, // 0x1820 (6176) pixels
    0x2519, 0x4E3C, 0x4E3B, 0x4DD9, 0x4DDB, 0x4DBB, 0x4DDA, 0x563A, 0x4E1A, 0x563C, 0x5E7E, 0x567E, 0x34B7, 0x19EA, 0x59E8, 0xDCF3, // 0x1830 (6192) pixels
    0xFF5D, 0xEEFC, 0x94D3, 0x52CB, 0x2124, 0x3185, 0x9472, 0xFFFF, 0xFFDF, 0xFFFF, 0xDEDA, 0x5AEB, 0x0000, 0x10A1, 0x840F, 0xF79D, // 0x1840 (6208) pixels
    0xF7DF, 0xFFFF, 0xF698, 0xAB8C, 0x4268, 0x2C73, 0x1CB7, 0x1374, 0x21EF, 0x21CE, 0x29EE, 0x3A4F, 0x3A2F, 0x29EE, 0x21CE, 0x21CE, // 0x1850 (6224) pixels
    0x5312, 0x7414, 0x73F0, 0x39C6, 0x0841, 0x0000, 0x0000, 0x0000, 0x0000, 0x0000, 0x0000, 0x0000, 0x0000, 0x0000, 0x0000, 0x0000, // 0x1860 (6240) pixels
    0x0000, 0x0000, 0x0000, 0x0000, 0x0000, 0x0000, 0x0000, 0x0000, 0x0000, 0x0000, 0x0000, 0x0000, 0x0000, 0x0000, 0x0000, 0x0000, // 0x1870 (6256) pixels
    0x0000, 0x0000, 0x0000, 0x0000, 0x0000, 0x0000, 0x0000, 0x0000, 0x0000, 0x0000, 0x0000, 0x0000, 0x0000, 0x0000, 0x0000, 0x0000, // 0x1880 (6272) pixels
    0x0000, 0x0000, 0x1081, 0x39E7, 0x5B2D, 0x5AED, 0x7BD0, 0xDE79, 0xFF3C, 0xA473, 0x524C, 0x6B50, 0x8472, 0x4A69, 0x1080, 0x0840, // 0x1890 (6288) pixels
    0x18A4, 0x18E5, 0x0063, 0x1063, 0x71C7, 0xBB2B, 0x9B8E, 0x5391, 0x24F9, 0x4E1B, 0x4E1A, 0x45D9, 0x4DFA, 0x45BA, 0x45DA, 0x4E1A, // 0x18A0 (6304) pixels
    0x4E1A, 0x565C, 0x569F, 0x45FC, 0x2392, 0x21A9, 0x8B2C, 0xF616, 0xF71C, 0xCE39, 0xAD97, 0x94D3, 0x52AA, 0x3165, 0x6B2D, 0xDEDC, // 0x18B0 (6320) pixels
    0xFFDF, 0xFFFF, 0xCE59, 0x62EC, 0x0841, 0x0000, 0x5289, 0xD699, 0xFFFF, 0xFFFF, 0xFF1A, 0xCC90, 0x62CA, 0x23F1, 0x0C35, 0x0B54, // 0x18C0 (6336) pixels
    0x2A30, 0x29EF, 0x2A0F, 0x322F, 0x322F, 0x29EE, 0x21CE, 0x29EF, 0x5B52, 0x7413, 0x636E, 0x2944, 0x0800, 0x0000, 0x0000, 0x0000, // 0x18D0 (6352) pixels
    0x0000, 0x0000, 0x0000, 0x0000, 0x0000, 0x0000, 0x0000, 0x0000, 0x0000, 0x0000, 0x0000, 0x0000, 0x0000, 0x0000, 0x0000, 0x0000, // 0x18E0 (6368) pixels
    0x0000, 0x0000, 0x0000, 0x0000, 0x0000, 0x0000, 0x0000, 0x0000, 0x0000, 0x0000, 0x0000, 0x0000, 0x0000, 0x0000, 0x0000, 0x0000, // 0x18F0 (6384) pixels
    0x0000, 0x0000, 0x0000, 0x0000, 0x0000, 0x0000, 0x0000, 0x0000, 0x0020, 0x0000, 0x1061, 0x2965, 0x4A8B, 0x52AB, 0x83F0, 0xE6B9, // 0x1900 (6400) pixels
    0xFF3B, 0x9C32, 0x396A, 0x318B, 0x4A6D, 0x2967, 0x0840, 0x0800, 0x0000, 0x0842, 0x0064, 0x1086, 0x6188, 0xAACA, 0x9B8E, 0x6391, // 0x1910 (6416) pixels
    0x2CD8, 0x45DA, 0x4E1A, 0x4DFA, 0x4DFA, 0x45DA, 0x45DA, 0x45D9, 0x4E1A, 0x567D, 0x56BF, 0x3D7A, 0x1AEE, 0x4209, 0xB471, 0xF698, // 0x1920 (6432) pixels
    0xC596, 0x9CB3, 0xADB8, 0xBE19, 0x738E, 0x20E4, 0x2945, 0x7C11, 0xCE79, 0xCE59, 0x94B3, 0x4209, 0x0842, 0x0000, 0x2946, 0x9CD3, // 0x1930 (6448) pixels
    0xFF9F, 0xFFFF, 0xFF7C, 0xED54, 0x834D, 0x2390, 0x03B3, 0x1354, 0x3230, 0x2A0F, 0x320F, 0x322F, 0x320F, 0x29EE, 0x29EF, 0x2A30, // 0x1940 (6464) pixels
    0x5350, 0x6390, 0x52CB, 0x18E3, 0x0000, 0x0001, 0x0000, 0x0000, 0x0000, 0x0000, 0x0000, 0x0000, 0x0000, 0x0000, 0x0000, 0x0000, // 0x1950 (6480) pixels
    0x0000, 0x0000, 0x0000, 0x0000, 0x0000, 0x0000, 0x0000, 0x0000, 0x0000, 0x0000, 0x0000, 0x0000, 0x0000, 0x0000, 0x0000, 0x0000, // 0x1960 (6496) pixels
    0x0000, 0x0000, 0x0000, 0x0000, 0x0000, 0x0000, 0x0000, 0x0000, 0x0000, 0x0000, 0x0000, 0x0000, 0x0000, 0x0000, 0x0000, 0x0000, // 0x1970 (6512) pixels
    0x0020, 0x0000, 0x0820, 0x18C3, 0x31A7, 0x4249, 0x83EF, 0xE6B9, 0xFF3A, 0x9C31, 0x28E9, 0x1069, 0x210B, 0x18C6, 0x0821, 0x0800, // 0x1980 (6528) pixels
    0x0800, 0x0841, 0x08A5, 0x10E9, 0x59AA, 0x9AAA, 0x9B6E, 0x6BB2, 0x24B8, 0x3D99, 0x4E1A, 0x4E3A, 0x4DFB, 0x45BA, 0x45DA, 0x45D9, // 0x1990 (6544) pixels
    0x4E1A, 0x4E7C, 0x4EBF, 0x3538, 0x22AD, 0x5A6A, 0xCD74, 0xEEB8, 0x8C30, 0x5AEC, 0x8473, 0xA536, 0x630D, 0x1883, 0x0000, 0x2146, // 0x19A0 (6560) pixels
    0x5AE9, 0x5ACA, 0x4209, 0x20E6, 0x1065, 0x0002, 0x18A4, 0x6B4E, 0xEEBA, 0xF7FF, 0xFFDE, 0xFDD8, 0x9BB1, 0x2B70, 0x0352, 0x1AF3, // 0x19B0 (6576) pixels
    0x3230, 0x322F, 0x322F, 0x322F, 0x2A0F, 0x29EF, 0x2A10, 0x2A72, 0x4B0F, 0x52ED, 0x3A28, 0x10A2, 0x0000, 0x0000, 0x0000, 0x0000, // 0x19C0 (6592) pixels
    0x0000, 0x0000, 0x0000, 0x0000, 0x0000, 0x0000, 0x0000, 0x0000, 0x0000, 0x0000, 0x0000, 0x0000, 0x0000, 0x0000, 0x0000, 0x0000, // 0x19D0 (6608) pixels
    0x0000, 0x0000, 0x0000, 0x0000, 0x0000, 0x0000, 0x0000, 0x0000, 0x0000, 0x0000, 0x0000, 0x0000, 0x0000, 0x0000, 0x0000, 0x0000, // 0x19E0 (6624) pixels
    0x0000, 0x0000, 0x0000, 0x0000, 0x0000, 0x0000, 0x0000, 0x0000, 0x0000, 0x0000, 0x0000, 0x0861, 0x1925, 0x3A08, 0x7BEF, 0xE6B9, // 0x19F0 (6640) pixels
    0xFF59, 0xA451, 0x28C9, 0x0009, 0x10AA, 0x18C7, 0x1062, 0x0800, 0x1000, 0x18A2, 0x1127, 0x214C, 0x59CC, 0x928A, 0x934D, 0x6BB2, // 0x1A00 (6656) pixels
    0x2497, 0x3D59, 0x4E1A, 0x565B, 0x4E1B, 0x3DBA, 0x45DA, 0x45D9, 0x4619, 0x465C, 0x469E, 0x3517, 0x22AC, 0x62CB, 0xD5D6, 0xE6B9, // 0x1A10 (6672) pixels
    0x736C, 0x2966, 0x4A8C, 0x6350, 0x41E9, 0x1042, 0x0000, 0x0041, 0x10C0, 0x0860, 0x0843, 0x1085, 0x20C8, 0x0845, 0x0843, 0x528B, // 0x1A20 (6688) pixels
    0xD5D7, 0xF7FE, 0xFFFF, 0xFE3A, 0xAC13, 0x3371, 0x02F1, 0x1251, 0x3A2F, 0x3A2F, 0x3A2F, 0x322F, 0x29EF, 0x21EF, 0x2A31, 0x2A93, // 0x1A30 (6704) pixels
    0x42AD, 0x428A, 0x29C6, 0x1081, 0x0000, 0x0000, 0x0000, 0x0020, 0x0000, 0x0000, 0x0000, 0x0000, 0x0000, 0x0000, 0x0000, 0x0000, // 0x1A40 (6720) pixels
    0x0000, 0x0000, 0x0000, 0x0000, 0x0000, 0x0000, 0x0000, 0x0000, 0x0000, 0x0000, 0x0000, 0x0000, 0x0000, 0x0000, 0x0000, 0x0000, // 0x1A50 (6736) pixels
    0x0000, 0x0000, 0x0000, 0x0000, 0x0000, 0x0000, 0x0000, 0x0000, 0x0000, 0x0000, 0x0000, 0x0000, 0x0000, 0x0000, 0x0000, 0x0000, // 0x1A60 (6752) pixels
    0x0000, 0x0000, 0x0000, 0x0062, 0x1126, 0x31E9, 0x7BCE, 0xE6B8, 0xFF3A, 0xBCB1, 0x4126, 0x1068, 0x194F, 0x196E, 0x18C6, 0x1800, // 0x1A70 (6768) pixels
    0x2020, 0x2126, 0x194D, 0x2970, 0x59EC, 0xA2CA, 0xA30B, 0x6B6F, 0x1C55, 0x3579, 0x3E3B, 0x4E3B, 0x4DBA, 0x4599, 0x45D9, 0x45B9, // 0x1A80 (6784) pixels
    0x45FA, 0x4E7D, 0x465E, 0x2CD8, 0x2A8D, 0x7AEC, 0xEE36, 0xD6B8, 0x636A, 0x10A5, 0x214E, 0x31F0, 0x1927, 0x0040, 0x0000, 0x0001, // 0x1A90 (6800) pixels
    0x0002, 0x0000, 0x0021, 0x18C8, 0x314F, 0x188C, 0x1046, 0x4A48, 0xB5B3, 0xEFFE, 0xFFFF, 0xFE19, 0xA3F2, 0x4371, 0x028F, 0x1250, // 0x1AA0 (6816) pixels
    0x3231, 0x3A6F, 0x3A8E, 0x2A0E, 0x29F1, 0x2A33, 0x2210, 0x224E, 0x3A48, 0x4269, 0x1924, 0x0040, 0x0000, 0x0000, 0x0000, 0x0000, // 0x1AB0 (6832) pixels
    0x0000, 0x0000, 0x0000, 0x0000, 0x0000, 0x0000, 0x0000, 0x0000, 0x0000, 0x0000, 0x0000, 0x0000, 0x0000, 0x0000, 0x0000, 0x0000, // 0x1AC0 (6848) pixels
    0x0000, 0x0000, 0x0000, 0x0000, 0x0000, 0x0000, 0x0000, 0x0000, 0x0000, 0x0000, 0x0000, 0x0000, 0x0000, 0x0000, 0x0000, 0x0000, // 0x1AD0 (6864) pixels
    0x0000, 0x0000, 0x0000, 0x0000, 0x0000, 0x0000, 0x0000, 0x0000, 0x0000, 0x0000, 0x0000, 0x0063, 0x1106, 0x29C9, 0x7BAE, 0xE698, // 0x1AE0 (6880) pixels
    0xFF3A, 0xC513, 0x59A9, 0x290B, 0x3253, 0x2A72, 0x2148, 0x1000, 0x1040, 0x2188, 0x21EF, 0x29F2, 0x5A2E, 0xAAEB, 0xAB0B, 0x734E, // 0x1AF0 (6896) pixels
    0x2435, 0x3579, 0x3E3C, 0x4E3C, 0x45BA, 0x3D99, 0x45DA, 0x45D9, 0x45FA, 0x4E5C, 0x465E, 0x2CD8, 0x2A6D, 0x82CB, 0xEE16, 0xDED9, // 0x1B00 (6912) pixels
    0x6B6C, 0x1086, 0x18EE, 0x2990, 0x10C8, 0x0001, 0x0800, 0x1821, 0x0800, 0x0000, 0x0041, 0x2129, 0x39D1, 0x290E, 0x18A7, 0x4A48, // 0x1B10 (6928) pixels
    0xBDB5, 0xEFFD, 0xFFDE, 0xFDD8, 0x9BB0, 0x3B70, 0x028F, 0x1230, 0x3210, 0x3A4F, 0x326E, 0x220E, 0x2211, 0x2A33, 0x220F, 0x220D, // 0x1B20 (6944) pixels
    0x3A48, 0x31E7, 0x10C2, 0x0020, 0x0000, 0x0000, 0x0000, 0x0000, 0x0000, 0x0000, 0x0000, 0x0000, 0x0000, 0x0000, 0x0000, 0x0000, // 0x1B30 (6960) pixels
    0x0000, 0x0000, 0x0000, 0x0000, 0x0000, 0x0000, 0x0000, 0x0000, 0x0000, 0x0000, 0x0000, 0x0000, 0x0000, 0x0000, 0x0000, 0x0000, // 0x1B40 (6976) pixels
    0x0000, 0x0000, 0x0000, 0x0000, 0x0000, 0x0000, 0x0000, 0x0000, 0x0000, 0x0000, 0x0000, 0x0000, 0x0000, 0x0000, 0x0000, 0x0000, // 0x1B50 (6992) pixels
    0x0000, 0x0000, 0x0000, 0x0042, 0x10E6, 0x29A9, 0x6B4E, 0xCDF7, 0xFF5B, 0xD575, 0x6A0B, 0x312B, 0x3B14, 0x4BD7, 0x328D, 0x18A2, // 0x1B60 (7008) pixels
    0x08A1, 0x2A8B, 0x2AF3, 0x2A74, 0x5A4F, 0xB30C, 0xB32B, 0x7B0D, 0x23D5, 0x3539, 0x3E1C, 0x461C, 0x3DBA, 0x3DB9, 0x45FA, 0x45DA, // 0x1B70 (7024) pixels
    0x4DFA, 0x4E5C, 0x465D, 0x34D8, 0x3A6C, 0x82AB, 0xE5D5, 0xDEF9, 0x7BAF, 0x1889, 0x20F1, 0x31B4, 0x20EC, 0x1023, 0x1000, 0x2041, // 0x1B80 (7040) pixels
    0x0840, 0x0020, 0x0883, 0x29AC, 0x4254, 0x2970, 0x18E9, 0x4A6A, 0xBDD6, 0xE7DD, 0xFFBD, 0xED75, 0x8B4D, 0x2B2F, 0x02B0, 0x1A31, // 0x1B90 (7056) pixels
    0x322F, 0x324F, 0x326E, 0x222F, 0x2A31, 0x3252, 0x21ED, 0x21CA, 0x3A07, 0x2144, 0x0040, 0x0000, 0x0000, 0x0000, 0x0000, 0x0000, // 0x1BA0 (7072) pixels
    0x0000, 0x0000, 0x0000, 0x0000, 0x0000, 0x0000, 0x0000, 0x0000, 0x0000, 0x0000, 0x0000, 0x0000, 0x0000, 0x0000, 0x0000, 0x0000, // 0x1BB0 (7088) pixels
    0x0000, 0x0000, 0x0000, 0x0000, 0x0000, 0x0000, 0x0000, 0x0000, 0x0000, 0x0000, 0x0000, 0x0000, 0x0000, 0x0000, 0x0000, 0x0000, // 0x1BC0 (7104) pixels
    0x0000, 0x0000, 0x0000, 0x0000, 0x0000, 0x0000, 0x0000, 0x0000, 0x0000, 0x0000, 0x0000, 0x0822, 0x10C6, 0x2169, 0x52CD, 0x9CD4, // 0x1BD0 (7120) pixels
    0xF73B, 0xE5F8, 0x82AD, 0x28E9, 0x3AD2, 0x64D9, 0x6454, 0x4AAB, 0x2A27, 0x4C11, 0x4437, 0x3315, 0x62AF, 0xBB4D, 0xB30B, 0x6A8C, // 0x1BE0 (7136) pixels
    0x1B74, 0x3519, 0x3E1C, 0x3E1C, 0x3DBA, 0x359A, 0x3DDA, 0x45DA, 0x4E1A, 0x4E3B, 0x465D, 0x34F8, 0x3A6C, 0x826A, 0xDD73, 0xEF3A, // 0x1BF0 (7152) pixels
    0x8412, 0x190C, 0x2153, 0x4278, 0x31D0, 0x18A6, 0x0800, 0x1020, 0x0020, 0x0020, 0x10E6, 0x3210, 0x4A96, 0x2992, 0x212C, 0x52CE, // 0x1C00 (7168) pixels
    0xCE39, 0xF7FE, 0xFF7B, 0xDCF2, 0x6ACB, 0x1B0E, 0x02D0, 0x2231, 0x320F, 0x322E, 0x2A4E, 0x2A70, 0x3292, 0x3250, 0x21CB, 0x2188, // 0x1C10 (7184) pixels
    0x29A6, 0x08A2, 0x0000, 0x0000, 0x0000, 0x0000, 0x0000, 0x0000, 0x0000, 0x0000, 0x0000, 0x0000, 0x0000, 0x0000, 0x0000, 0x0000, // 0x1C20 (7200) pixels
    0x0000, 0x0000, 0x0000, 0x0000, 0x0000, 0x0000, 0x0000, 0x0000, 0x0000, 0x0000, 0x0000, 0x0000, 0x0000, 0x0000, 0x0000, 0x0000, // 0x1C30 (7216) pixels
    0x0000, 0x0000, 0x0000, 0x0000, 0x0000, 0x0000, 0x0000, 0x0000, 0x0000, 0x0000, 0x0000, 0x0000, 0x0000, 0x0000, 0x0000, 0x0000, // 0x1C40 (7232) pixels
    0x0000, 0x0000, 0x0000, 0x0002, 0x08C6, 0x1969, 0x3A8D, 0x63B0, 0xD659, 0xF6BB, 0xB412, 0x4169, 0x2A0D, 0x6497, 0x8DB9, 0x9555, // 0x1C50 (7248) pixels
    0x7CF3, 0x8619, 0x6519, 0x4374, 0x7330, 0xCBEF, 0xB30C, 0x520A, 0x1333, 0x2CF9, 0x3DFC, 0x3E1C, 0x35DB, 0x35BA, 0x3DDA, 0x3DBA, // 0x1C60 (7264) pixels
    0x45F9, 0x461B, 0x463D, 0x3518, 0x2A8C, 0x6A28, 0xCCD1, 0xFF7B, 0x9494, 0x194C, 0x1151, 0x4B5A, 0x5B96, 0x320A, 0x0040, 0x0020, // 0x1C70 (7280) pixels
    0x0000, 0x08C4, 0x2A0C, 0x4B15, 0x42B7, 0x2151, 0x298E, 0x73B2, 0xE71C, 0xFFFF, 0xFF3A, 0xBC4F, 0x5269, 0x12EE, 0x0AD1, 0x2A31, // 0x1C80 (7296) pixels
    0x2A0E, 0x220E, 0x222E, 0x32B1, 0x42F2, 0x322E, 0x29A9, 0x2987, 0x1904, 0x0020, 0x0000, 0x0000, 0x0000, 0x0000, 0x0000, 0x0000, // 0x1C90 (7312) pixels
    0x0000, 0x0000, 0x0000, 0x0000, 0x0000, 0x0000, 0x0000, 0x0000, 0x0000, 0x0000, 0x0000, 0x0000, 0x0000, 0x0000, 0x0000, 0x0000, // 0x1CA0 (7328) pixels
    0x0000, 0x0000, 0x0000, 0x0000, 0x0000, 0x0000, 0x0000, 0x0000, 0x0000, 0x0000, 0x0000, 0x0000, 0x0000, 0x0000, 0x0000, 0x0000, // 0x1CB0 (7344) pixels
    0x0000, 0x0000, 0x0000, 0x0000, 0x0000, 0x0000, 0x0000, 0x0000, 0x0020, 0x0000, 0x0000, 0x0022, 0x08C7, 0x11AB, 0x32CE, 0x3B2F, // 0x1CC0 (7360) pixels
    0xAD15, 0xF6DB, 0xE618, 0x72ED, 0x31CA, 0x5350, 0x95B8, 0xC71B, 0xCF5E, 0xAF1D, 0x6CF7, 0x5352, 0x93B0, 0xDC70, 0xAB4D, 0x3A0C, // 0x1CD0 (7376) pixels
    0x0B32, 0x24F9, 0x361C, 0x3DFB, 0x3DDB, 0x35B9, 0x35B9, 0x3DB9, 0x3DD8, 0x45FB, 0x463D, 0x2D7A, 0x230E, 0x4A07, 0xABCD, 0xFEFA, // 0x1CE0 (7392) pixels
    0xB576, 0x322D, 0x014E, 0x53F9, 0x95DC, 0x7CB4, 0x2A07, 0x00E2, 0x1125, 0x42ED, 0x6C76, 0x6439, 0x3274, 0x08CD, 0x3A0E, 0xA4F7, // 0x1CF0 (7408) pixels
    0xFFDF, 0xFFDF, 0xF638, 0x9BAD, 0x3A6B, 0x12F0, 0x12D1, 0x2A30, 0x220E, 0x220E, 0x222F, 0x3AD1, 0x42F1, 0x320B, 0x2167, 0x2966, // 0x1D00 (7424) pixels
    0x0861, 0x0000, 0x0000, 0x0020, 0x0000, 0x0000, 0x0000, 0x0000, 0x0000, 0x0000, 0x0000, 0x0000, 0x0000, 0x0000, 0x0000, 0x0000, // 0x1D10 (7440) pixels
    0x0000, 0x0000, 0x0000, 0x0000, 0x0000, 0x0000, 0x0000, 0x0000, 0x0000, 0x0000, 0x0000, 0x0000, 0x0000, 0x0000, 0x0000, 0x0000, // 0x1D20 (7456) pixels
    0x0000, 0x0000, 0x0000, 0x0000, 0x0000, 0x0000, 0x0000, 0x0000, 0x0000, 0x0000, 0x0000, 0x0000, 0x0000, 0x0000, 0x0000, 0x0000, // 0x1D30 (7472) pixels
    0x0000, 0x0000, 0x0000, 0x0843, 0x08E7, 0x1A4D, 0x3371, 0x2330, 0x736E, 0xCE18, 0xFF3B, 0xBD34, 0x628B, 0x4A4A, 0x7C30, 0xB657, // 0x1D40 (7488) pixels
    0xC71E, 0x9E39, 0x6432, 0x7391, 0xBC72, 0xECD1, 0x9B2E, 0x222D, 0x0352, 0x2518, 0x361B, 0x3DFB, 0x3DDA, 0x3DB9, 0x3DB9, 0x3DB9, // 0x1D50 (7504) pixels
    0x35D8, 0x3DFA, 0x3E3E, 0x35FD, 0x1C33, 0x3228, 0x7A88, 0xED54, 0xDE38, 0x7BF2, 0x222E, 0x5415, 0xAEBC, 0xC71B, 0x8D13, 0x536D, // 0x1D60 (7520) pixels
    0x6410, 0x9E19, 0xA6BE, 0x6CB9, 0x11EE, 0x00C9, 0x5B2F, 0xD69A, 0xFFFF, 0xFF3D, 0xD4D3, 0x6ACB, 0x2AAD, 0x12F2, 0x1A91, 0x322E, // 0x1D70 (7536) pixels
    0x222F, 0x2250, 0x2A50, 0x42D0, 0x42AE, 0x29C9, 0x2125, 0x18E4, 0x0000, 0x0000, 0x0000, 0x0000, 0x0000, 0x0000, 0x0000, 0x0000, // 0x1D80 (7552) pixels
    0x0000, 0x0000, 0x0000, 0x0000, 0x0000, 0x0000, 0x0000, 0x0000, 0x0000, 0x0000, 0x0000, 0x0000, 0x0000, 0x0000, 0x0000, 0x0000, // 0x1D90 (7568) pixels
    0x0000, 0x0000, 0x0000, 0x0000, 0x0000, 0x0000, 0x0000, 0x0000, 0x0000, 0x0000, 0x0000, 0x0000, 0x0000, 0x0000, 0x0000, 0x0000, // 0x1DA0 (7584) pixels
    0x0000, 0x0000, 0x0000, 0x0000, 0x0000, 0x0000, 0x0000, 0x0000, 0x0000, 0x0000, 0x0801, 0x0864, 0x00E8, 0x1A8F, 0x3BF4, 0x2391, // 0x1DB0 (7600) pixels
    0x41C9, 0xA4D2, 0xFF7B, 0xF6FA, 0xA3EF, 0x51E8, 0x5289, 0x7C8F, 0x8D17, 0x7473, 0x5B6F, 0x9432, 0xED75, 0xF512, 0x82ED, 0x09ED, // 0x1DC0 (7616) pixels
    0x0372, 0x2558, 0x361B, 0x3DFB, 0x45DA, 0x3DB9, 0x3DD9, 0x3DB9, 0x3618, 0x3DDA, 0x3E1E, 0x365F, 0x2516, 0x2A89, 0x5964, 0xC38E, // 0x1DD0 (7632) pixels
    0xF698, 0xBDB8, 0x5371, 0x4390, 0x95D7, 0xDF9D, 0xD75C, 0xB659, 0xB6DA, 0xD7FF, 0xB75F, 0x5455, 0x09AA, 0x1188, 0x8C71, 0xFFBC, // 0x1DE0 (7648) pixels
    0xFFFF, 0xF639, 0xB38F, 0x5229, 0x1ACE, 0x1B13, 0x2271, 0x322E, 0x2270, 0x32B1, 0x3291, 0x42B0, 0x3A6C, 0x2167, 0x18E3, 0x0882, // 0x1DF0 (7664) pixels
    0x0000, 0x0000, 0x0000, 0x0000, 0x0000, 0x0000, 0x0000, 0x0000, 0x0000, 0x0000, 0x0000, 0x0000, 0x0000, 0x0000, 0x0000, 0x0000, // 0x1E00 (7680) pixels
    0x0000, 0x0000, 0x0000, 0x0000, 0x0000, 0x0000, 0x0000, 0x0000, 0x0000, 0x0000, 0x0000, 0x0000, 0x0000, 0x0000, 0x0000, 0x0000, // 0x1E10 (7696) pixels
    0x0000, 0x0000, 0x0000, 0x0000, 0x0000, 0x0000, 0x0000, 0x0000, 0x0000, 0x0000, 0x0000, 0x0000, 0x0000, 0x0000, 0x0000, 0x0000, // 0x1E20 (7712) pixels
    0x0020, 0x0000, 0x0802, 0x1065, 0x0908, 0x2330, 0x3CF7, 0x2496, 0x29EA, 0x5A4C, 0xB4D4, 0xEF1A, 0xCDF5, 0xA34C, 0x7A69, 0x62C9, // 0x1E30 (7728) pixels
    0x6B4C, 0x6AED, 0x8B90, 0xD4F3, 0xFDD4, 0xC490, 0x4A8D, 0x09CF, 0x0395, 0x2D5A, 0x35FB, 0x3DD9, 0x55F9, 0x5DFA, 0x55FA, 0x3DB9, // 0x1E40 (7744) pixels
    0x45D9, 0x3D99, 0x35FC, 0x2E5E, 0x2DFC, 0x1BB1, 0x31A6, 0x81E6, 0xDDB4, 0xE6D9, 0x9553, 0x538D, 0x7C71, 0xC639, 0xEF7D, 0xE75C, // 0x1E50 (7760) pixels
    0xF75E, 0xEF7F, 0xB63A, 0x5BB0, 0x21E8, 0x532C, 0xC637, 0xFFFC, 0xFF7A, 0xC471, 0x6A0B, 0x322E, 0x22F2, 0x22B2, 0x2A50, 0x2A2E, // 0x1E60 (7776) pixels
    0x2AB2, 0x3B13, 0x42F0, 0x324C, 0x29A8, 0x2125, 0x1082, 0x0000, 0x0000, 0x0000, 0x0000, 0x0000, 0x0000, 0x0000, 0x0000, 0x0000, // 0x1E70 (7792) pixels
    0x0000, 0x0000, 0x0000, 0x0000, 0x0000, 0x0000, 0x0000, 0x0000, 0x0000, 0x0000, 0x0000, 0x0000, 0x0000, 0x0000, 0x0000, 0x0000, // 0x1E80 (7808) pixels
    0x0000, 0x0000, 0x0000, 0x0000, 0x0000, 0x0000, 0x0000, 0x0000, 0x0000, 0x0000, 0x0000, 0x0000, 0x0000, 0x0000, 0x0000, 0x0000, // 0x1E90 (7824) pixels
    0x0000, 0x0000, 0x0000, 0x0000, 0x0000, 0x0000, 0x0000, 0x0000, 0x0020, 0x0000, 0x1002, 0x18A6, 0x19AB, 0x23B2, 0x3D99, 0x2DBA, // 0x1EA0 (7840) pixels
    0x2AEE, 0x2168, 0x49C9, 0x9450, 0xCDD5, 0xDD54, 0xBC50, 0x836C, 0x8B0B, 0x9B8F, 0xCCB4, 0xF575, 0xED12, 0x934C, 0x29AB, 0x01CF, // 0x1EB0 (7856) pixels
    0x13D6, 0x2D3A, 0x35DA, 0x3DD9, 0x55FA, 0x65FA, 0x5DFA, 0x45B9, 0x45D9, 0x3599, 0x2DDB, 0x2E1D, 0x2E1D, 0x34B5, 0x3A6A, 0x5985, // 0x1EC0 (7872) pixels
    0xBB4C, 0xF5F7, 0xDE59, 0x8CB3, 0x6BF0, 0x94F4, 0xC638, 0xDEB9, 0xD69A, 0xBE18, 0x8CF4, 0x63AF, 0x63AE, 0xAD54, 0xF719, 0xFF39, // 0x1ED0 (7888) pixels
    0xDD32, 0x934D, 0x4A2C, 0x226F, 0x1AD1, 0x2A71, 0x2A50, 0x2A4F, 0x32F3, 0x3B12, 0x3AAF, 0x320A, 0x2187, 0x18C3, 0x0840, 0x0000, // 0x1EE0 (7904) pixels
    0x0000, 0x0000, 0x0000, 0x0000, 0x0000, 0x0000, 0x0000, 0x0000, 0x0000, 0x0000, 0x0000, 0x0000, 0x0000, 0x0000, 0x0000, 0x0000, // 0x1EF0 (7920) pixels
    0x0000, 0x0000, 0x0000, 0x0000, 0x0000, 0x0000, 0x0000, 0x0000, 0x0000, 0x0000, 0x0000, 0x0000, 0x0000, 0x0000, 0x0000, 0x0000, // 0x1F00 (7936) pixels
    0x0000, 0x0000, 0x0000, 0x0000, 0x0000, 0x0000, 0x0000, 0x0000, 0x0000, 0x0000, 0x0000, 0x0000, 0x0000, 0x0000, 0x0000, 0x0000, // 0x1F10 (7952) pixels
    0x0020, 0x0001, 0x1044, 0x296A, 0x3310, 0x3496, 0x35FB, 0x369D, 0x3D16, 0x09EA, 0x0003, 0x3967, 0x9C50, 0xE5F7, 0xEDD6, 0xD513, // 0x1F20 (7968) pixels
    0xDC30, 0xED14, 0xFDD8, 0xF556, 0xBBCF, 0x59E9, 0x196B, 0x1272, 0x2478, 0x357A, 0x3DDA, 0x45DA, 0x5DFA, 0x65FA, 0x5DFB, 0x4DFA, // 0x1F30 (7984) pixels
    0x3DF9, 0x35B9, 0x35BA, 0x25DC, 0x2DFD, 0x459A, 0x4BD1, 0x39C8, 0x8125, 0xDC32, 0xFE7B, 0xD619, 0x8CB3, 0x7C50, 0x9D13, 0xBDB5, // 0x1F40 (8000) pixels
    0xB595, 0x9CD3, 0x7C10, 0x8C92, 0xC5F7, 0xFF1B, 0xFED9, 0xDD52, 0x92EB, 0x5A8B, 0x2AAE, 0x1311, 0x22B0, 0x320F, 0x3230, 0x2A91, // 0x1F50 (8016) pixels
    0x4333, 0x3AD1, 0x322C, 0x29A8, 0x1925, 0x0861, 0x0000, 0x0000, 0x0000, 0x0000, 0x0000, 0x0000, 0x0000, 0x0000, 0x0000, 0x0000, // 0x1F60 (8032) pixels
    0x0000, 0x0000, 0x0000, 0x0000, 0x0000, 0x0000, 0x0000, 0x0000, 0x0000, 0x0000, 0x0000, 0x0000, 0x0000, 0x0000, 0x0000, 0x0000, // 0x1F70 (8048) pixels
    0x0000, 0x0000, 0x0000, 0x0000, 0x0000, 0x0000, 0x0000, 0x0000, 0x0000, 0x0000, 0x0000, 0x0000, 0x0000, 0x0000, 0x0000, 0x0000, // 0x1F80 (8064) pixels
    0x0000, 0x0000, 0x0000, 0x0000, 0x0000, 0x0000, 0x0000, 0x0000, 0x0000, 0x0842, 0x1907, 0x32CF, 0x4476, 0x3D59, 0x361B, 0x3E7D, // 0x1F90 (8080) pixels
    0x3E7B, 0x1B71, 0x0086, 0x0843, 0x4A09, 0x93EF, 0xCCF4, 0xED76, 0xFD74, 0xFDB6, 0xED76, 0xBC32, 0x726B, 0x2928, 0x11AD, 0x1B15, // 0x1FA0 (8096) pixels
    0x2D19, 0x359A, 0x35FA, 0x3DFA, 0x561B, 0x561B, 0x4DFA, 0x45FA, 0x3E19, 0x3DF9, 0x35DA, 0x259B, 0x259C, 0x45BC, 0x4CD7, 0x3B4F, // 0x1FB0 (8112) pixels
    0x5125, 0x826A, 0xD4B3, 0xF638, 0xD5F6, 0xAD33, 0x9CF2, 0xAD13, 0xACB3, 0xA471, 0xA472, 0xCD96, 0xFEDB, 0xFEDA, 0xE554, 0xA30B, // 0x1FC0 (8128) pixels
    0x6249, 0x428D, 0x2332, 0x1B33, 0x2270, 0x31EE, 0x3250, 0x2AF4, 0x4332, 0x3AAF, 0x29EA, 0x2146, 0x10C3, 0x0000, 0x0000, 0x0000, // 0x1FD0 (8144) pixels
    0x0000, 0x0000, 0x0000, 0x0000, 0x0000, 0x0000, 0x0000, 0x0000, 0x0000, 0x0000, 0x0000, 0x0000, 0x0000, 0x0000, 0x0000, 0x0000, // 0x1FE0 (8160) pixels
    0x0000, 0x0000, 0x0000, 0x0000, 0x0000, 0x0000, 0x0000, 0x0000, 0x0000, 0x0000, 0x0000, 0x0000, 0x0000, 0x0000, 0x0000, 0x0000, // 0x1FF0 (8176) pixels
    0x0000, 0x0000, 0x0000, 0x0000, 0x0000, 0x0000, 0x0000, 0x0000, 0x0000, 0x0000, 0x0000, 0x0000, 0x0000, 0x0000, 0x0000, 0x0000, // 0x2000 (8192) pixels
    0x0801, 0x10C4, 0x220B, 0x3BF3, 0x4538, 0x3D99, 0x4DDB, 0x5E1C, 0x3EDD, 0x24D6, 0x126D, 0x10E8, 0x2107, 0x41E9, 0x72ED, 0xABB0, // 0x2010 (8208) pixels
    0xC4B1, 0xBC92, 0x9BF0, 0x72CD, 0x39AA, 0x116B, 0x1A91, 0x2BF7, 0x359A, 0x2DDA, 0x2DFA, 0x361A, 0x461A, 0x45FA, 0x3DDA, 0x3DFA, // 0x2020 (8224) pixels
    0x3DF9, 0x3DF9, 0x35D9, 0x2D7A, 0x253A, 0x2D3B, 0x3D39, 0x3CB6, 0x3AED, 0x4209, 0x82CA, 0xCC6F, 0xE572, 0xDDB3, 0xC533, 0xBCF4, // 0x2030 (8240) pixels
    0xC4B2, 0xC4B2, 0xCCF2, 0xE595, 0xEDD5, 0xD513, 0xB3CE, 0x8A69, 0x4AEC, 0x32EF, 0x22D2, 0x22B2, 0x2A4F, 0x324E, 0x32F2, 0x3355, // 0x2040 (8256) pixels
    0x4B10, 0x42AE, 0x29C9, 0x18E4, 0x0861, 0x0000, 0x0000, 0x0000, 0x0000, 0x0000, 0x0000, 0x0000, 0x0000, 0x0000, 0x0000, 0x0000, // 0x2050 (8272) pixels
    0x0000, 0x0000, 0x0000, 0x0000, 0x0000, 0x0000, 0x0000, 0x0000, 0x0000, 0x0000, 0x0000, 0x0000, 0x0000, 0x0000, 0x0000, 0x0000, // 0x2060 (8288) pixels
    0x0000, 0x0000, 0x0000, 0x0000, 0x0000, 0x0000, 0x0000, 0x0000, 0x0000, 0x0000, 0x0000, 0x0000, 0x0000, 0x0000, 0x0000, 0x0000, // 0x2070 (8304) pixels
    0x0000, 0x0000, 0x0000, 0x0000, 0x0000, 0x0000, 0x0000, 0x0000, 0x0822, 0x2147, 0x32CE, 0x3C54, 0x34F7, 0x3D38, 0x65DB, 0x7DFC, // 0x2080 (8320) pixels
    0x4EBD, 0x3DDA, 0x2C13, 0x224D, 0x2149, 0x1928, 0x2969, 0x49AA, 0x526B, 0x5A8B, 0x4A2B, 0x31AA, 0x118B, 0x124F, 0x2BF5, 0x453A, // 0x2090 (8336) pixels
    0x35DA, 0x2DD9, 0x2DD9, 0x2DFA, 0x3DFA, 0x3DDA, 0x35B9, 0x35D9, 0x3DD9, 0x3DD9, 0x35B8, 0x3599, 0x2D1A, 0x24D9, 0x2CFA, 0x3D5A, // 0x20A0 (8352) pixels
    0x3CF7, 0x338F, 0x52AA, 0x7AA8, 0xAB8B, 0xCC90, 0xCCB2, 0xC493, 0xCCF1, 0xCCF1, 0xC4AF, 0xBC8E, 0xAC2D, 0x9BAC, 0x8B8C, 0x834C, // 0x20B0 (8368) pixels
    0x4350, 0x22AF, 0x120F, 0x21CF, 0x2A4F, 0x3311, 0x33B3, 0x33B5, 0x4AEF, 0x428C, 0x29A7, 0x10A2, 0x0020, 0x0000, 0x0000, 0x0000, // 0x20C0 (8384) pixels
    0x0000, 0x0000, 0x0000, 0x0000, 0x0000, 0x0000, 0x0000, 0x0000, 0x0000, 0x0000, 0x0000, 0x0000, 0x0000, 0x0000, 0x0000, 0x0000, // 0x20D0 (8400) pixels
    0x0000, 0x0000, 0x0000, 0x0000, 0x0000, 0x0000, 0x0000, 0x0000, 0x0000, 0x0000, 0x0000, 0x0000, 0x0000, 0x0000, 0x0000, 0x0000, // 0x20E0 (8416) pixels
    0x0000, 0x0000, 0x0000, 0x0000, 0x0000, 0x0000, 0x0000, 0x0000, 0x0000, 0x0000, 0x0000, 0x0000, 0x0000, 0x0000, 0x0000, 0x0000, // 0x20F0 (8432) pixels
    0x10A5, 0x31EA, 0x3AF0, 0x3BD3, 0x3455, 0x4CF7, 0x75DA, 0x963C, 0x6E9D, 0x4E7B, 0x3557, 0x3352, 0x31AD, 0x216B, 0x116A, 0x0929, // 0x2100 (8448) pixels
    0x10E8, 0x1929, 0x1908, 0x112B, 0x09EF, 0x1353, 0x3519, 0x461B, 0x461A, 0x35D9, 0x35DA, 0x35BA, 0x3DBA, 0x3DDA, 0x3DBA, 0x3DDA, // 0x2110 (8464) pixels
    0x45FA, 0x3DF9, 0x3DD8, 0x3DB9, 0x353A, 0x2499, 0x24FA, 0x2D5A, 0x3DBB, 0x3518, 0x33F1, 0x3AEC, 0x62CB, 0x8B6D, 0xA3AF, 0xABF0, // 0x2120 (8480) pixels
    0xB490, 0xBCD0, 0xAC4E, 0x93AC, 0x7B4B, 0x6B4C, 0x6B8F, 0x638F, 0x3AF2, 0x1A4F, 0x09CD, 0x21EE, 0x32B1, 0x3BD3, 0x3C14, 0x3BB4, // 0x2130 (8496) pixels
    0x52EE, 0x424A, 0x2105, 0x0840, 0x0000, 0x0000, 0x0000, 0x0000, 0x0000, 0x0000, 0x0000, 0x0000, 0x0000, 0x0000, 0x0000, 0x0000, // 0x2140 (8512) pixels
    0x0000, 0x0000, 0x0000, 0x0000, 0x0000, 0x0000, 0x0000, 0x0000, 0x0000, 0x0000, 0x0000, 0x0000, 0x0000, 0x0000, 0x0000, 0x0000, // 0x2150 (8528) pixels
    0x0000, 0x0000, 0x0000, 0x0000, 0x0000, 0x0000, 0x0000, 0x0000, 0x0000, 0x0000, 0x0000, 0x0000, 0x0000, 0x0000, 0x0000, 0x0000, // 0x2160 (8544) pixels
    0x0000, 0x0000, 0x0000, 0x0000, 0x0000, 0x0000, 0x0000, 0x0000, 0x1927, 0x3A6C, 0x42D0, 0x3B31, 0x3BF4, 0x54F7, 0x7DFA, 0x965B, // 0x2170 (8560) pixels
    0x867D, 0x5EDD, 0x3E3A, 0x3C15, 0x4271, 0x3A70, 0x226F, 0x09CC, 0x10EB, 0x18EA, 0x10EA, 0x198E, 0x22D3, 0x2C78, 0x3DFB, 0x3E7A, // 0x2180 (8576) pixels
    0x563B, 0x45FA, 0x45DA, 0x3DBA, 0x459A, 0x4DDB, 0x45DB, 0x4DFB, 0x4E1B, 0x461A, 0x4619, 0x4DFA, 0x3D39, 0x2499, 0x2CFA, 0x253A, // 0x2190 (8592) pixels
    0x257B, 0x259B, 0x1D17, 0x1C33, 0x43D1, 0x634E, 0x732C, 0x8BCD, 0x9410, 0xA491, 0x9C50, 0x83AD, 0x6B6D, 0x6390, 0x5392, 0x3B11, // 0x21A0 (8608) pixels
    0x3A52, 0x1A0F, 0x120E, 0x2A90, 0x4373, 0x3C35, 0x3C34, 0x3BB3, 0x52ED, 0x31E8, 0x10A2, 0x0000, 0x0000, 0x0000, 0x0000, 0x0000, // 0x21B0 (8624) pixels
    0x0000, 0x0000, 0x0000, 0x0000, 0x0000, 0x0000, 0x0000, 0x0000, 0x0000, 0x0000, 0x0000, 0x0000, 0x0000, 0x0000, 0x0000, 0x0000, // 0x21C0 (8640) pixels
    0x0000, 0x0000, 0x0000, 0x0000, 0x0000, 0x0000, 0x0000, 0x0000, 0x0000, 0x0000, 0x0000, 0x0000, 0x0000, 0x0000, 0x0000, 0x0000, // 0x21D0 (8656) pixels
    0x0000, 0x0000, 0x0000, 0x0000, 0x0000, 0x0000, 0x0000, 0x0000, 0x0020, 0x0000, 0x0000, 0x0000, 0x0000, 0x0020, 0x0000, 0x0000, // 0x21E0 (8672) pixels
    0x11A7, 0x430E, 0x3AF0, 0x3310, 0x5495, 0x7DF9, 0x867B, 0x869C, 0x7EBD, 0x7E9C, 0x6E1B, 0x5558, 0x3C75, 0x3C35, 0x4436, 0x43F5, // 0x21F0 (8688) pixels
    0x32F1, 0x1A4F, 0x124F, 0x1312, 0x2455, 0x3D78, 0x563A, 0x5E5B, 0x6E7B, 0x665B, 0x55FA, 0x4598, 0x4DB9, 0x5E1B, 0x663B, 0x65FB, // 0x2200 (8704) pixels
    0x661A, 0x661A, 0x663B, 0x661B, 0x5DDA, 0x4D79, 0x3D18, 0x34F8, 0x2519, 0x2519, 0x1D19, 0x1CF8, 0x24B7, 0x2C56, 0x3C15, 0x4C35, // 0x2210 (8720) pixels
    0x6434, 0x7434, 0x6BF4, 0x5BB3, 0x5B93, 0x4AF1, 0x3A8F, 0x32B0, 0x22F1, 0x2B32, 0x2B92, 0x2BD3, 0x3BF3, 0x4413, 0x4392, 0x3B30, // 0x2220 (8736) pixels
    0x4A49, 0x18E3, 0x0000, 0x0000, 0x0000, 0x0000, 0x0000, 0x0000, 0x0000, 0x0000, 0x0000, 0x0000, 0x0000, 0x0000, 0x0000, 0x0000, // 0x2230 (8752) pixels
    0x0000, 0x0000, 0x0000, 0x0000, 0x0000, 0x0000, 0x0000, 0x0000, 0x0000, 0x0000, 0x0000, 0x0000, 0x0000, 0x0000, 0x0000, 0x0000, // 0x2240 (8768) pixels
    0x0000, 0x0000, 0x0000, 0x0000, 0x0000, 0x0000, 0x0000, 0x0000, 0x0000, 0x0000, 0x0000, 0x0000, 0x0000, 0x0000, 0x0000, 0x0000, // 0x2250 (8784) pixels
    0x0000, 0x0000, 0x0000, 0x0000, 0x0000, 0x0000, 0x0000, 0x0061, 0x2A6A, 0x4B50, 0x4311, 0x4372, 0x64F8, 0x865C, 0x8EBD, 0x867C, // 0x2260 (8800) pixels
    0x7E7C, 0x7E7C, 0x7E7C, 0x763C, 0x5D9A, 0x5D79, 0x659A, 0x65BB, 0x4CF7, 0x4476, 0x3C56, 0x3CD8, 0x4579, 0x561B, 0x667C, 0x6E7C, // 0x2270 (8816) pixels
    0x767C, 0x6E5B, 0x5DFA, 0x4DB9, 0x4DB9, 0x5E1B, 0x663B, 0x6E3B, 0x661A, 0x6E3A, 0x6E3B, 0x6E5C, 0x6E3C, 0x5DFB, 0x559A, 0x4D59, // 0x2280 (8832) pixels
    0x2CB8, 0x2498, 0x1C98, 0x2498, 0x2478, 0x3437, 0x3C16, 0x4C16, 0x53B4, 0x5B74, 0x5B53, 0x5333, 0x4B13, 0x3270, 0x222F, 0x2AD1, // 0x2290 (8848) pixels
    0x2C35, 0x3CB7, 0x44D7, 0x3C76, 0x3BF3, 0x3B91, 0x4330, 0x42CE, 0x3186, 0x0861, 0x0000, 0x0000, 0x0000, 0x0000, 0x0000, 0x0000, // 0x22A0 (8864) pixels
    0x0000, 0x0000, 0x0000, 0x0000, 0x0000, 0x0000, 0x0000, 0x0000, 0x0000, 0x0000, 0x0000, 0x0000, 0x0000, 0x0000, 0x0000, 0x0000, // 0x22B0 (8880) pixels
    0x0000, 0x0000, 0x0000, 0x0000, 0x0000, 0x0000, 0x0000, 0x0000, 0x0000, 0x0000, 0x0000, 0x0000, 0x0000, 0x0000, 0x0000, 0x0000, // 0x22C0 (8896) pixels
    0x0000, 0x0000, 0x0000, 0x0000, 0x0000, 0x0000, 0x0000, 0x0000, 0x0000, 0x0000, 0x0000, 0x0000, 0x0020, 0x0000, 0x0000, 0x1904, // 0x22D0 (8912) pixels
    0x3B0F, 0x4B51, 0x4311, 0x4B93, 0x6519, 0x865D, 0x86BD, 0x765C, 0x7E3B, 0x7E5B, 0x7E9D, 0x7EBD, 0x767D, 0x6E3C, 0x6E5C, 0x6E9D, // 0x22E0 (8928) pixels
    0x4E1A, 0x4DDA, 0x55BA, 0x5DFB, 0x5E1B, 0x5E3C, 0x6E5C, 0x7E3C, 0x765C, 0x765B, 0x661A, 0x5DD9, 0x5DD9, 0x661A, 0x6E3B, 0x6E1B, // 0x22F0 (8944) pixels
    0x661A, 0x6E3B, 0x6E3B, 0x765B, 0x765C, 0x767C, 0x6E1B, 0x65B9, 0x44F9, 0x3498, 0x3498, 0x3478, 0x2BF7, 0x2BB6, 0x33D6, 0x3BD6, // 0x2300 (8960) pixels
    0x3B34, 0x3AD3, 0x42D3, 0x4314, 0x3B14, 0x2271, 0x1A91, 0x2394, 0x2D99, 0x461C, 0x4DDB, 0x44D8, 0x3BB3, 0x3AEF, 0x426D, 0x420B, // 0x2310 (8976) pixels
    0x10A2, 0x0000, 0x0000, 0x0000, 0x0000, 0x0000, 0x0000, 0x0000, 0x0000, 0x0000, 0x0000, 0x0000, 0x0000, 0x0000, 0x0000, 0x0000, // 0x2320 (8992) pixels
    0x0000, 0x0000, 0x0000, 0x0000, 0x0000, 0x0000, 0x0000, 0x0000, 0x0000, 0x0000, 0x0000, 0x0000, 0x0000, 0x0000, 0x0000, 0x0000, // 0x2330 (9008) pixels
    0x0000, 0x0000, 0x0000, 0x0000, 0x0000, 0x0000, 0x0000, 0x0000, 0x0000, 0x0000, 0x0000, 0x0000, 0x0000, 0x0000, 0x0000, 0x0000, // 0x2340 (9024) pixels
    0x0000, 0x0000, 0x0000, 0x0000, 0x0000, 0x0000, 0x0063, 0x29C9, 0x4331, 0x42F0, 0x3AD0, 0x4373, 0x54B7, 0x6DDB, 0x765C, 0x6E1B, // 0x2350 (9040) pixels
    0x761B, 0x761B, 0x763B, 0x767C, 0x767C, 0x665C, 0x5E3B, 0x5E3B, 0x563A, 0x5E3B, 0x663B, 0x6E5C, 0x665C, 0x663B, 0x763B, 0x7E3C, // 0x2360 (9056) pixels
    0x7E5C, 0x7E5C, 0x765B, 0x761B, 0x6E3B, 0x6E3B, 0x6DFB, 0x65BA, 0x65FA, 0x6E1B, 0x6E3B, 0x6E1A, 0x763A, 0x7E7B, 0x7E5B, 0x7E3A, // 0x2370 (9072) pixels
    0x6DBB, 0x655A, 0x5D3A, 0x4C98, 0x2BB5, 0x2354, 0x2B95, 0x2BB5, 0x2354, 0x2B14, 0x3314, 0x33B5, 0x33D5, 0x2374, 0x1BD4, 0x2CF7, // 0x2380 (9088) pixels
    0x2E3B, 0x3E5C, 0x3D9B, 0x3C56, 0x3352, 0x3AAE, 0x39EA, 0x3126, 0x0020, 0x0000, 0x0000, 0x0000, 0x0000, 0x0000, 0x0000, 0x0000, // 0x2390 (9104) pixels
    0x0000, 0x0000, 0x0000, 0x0000, 0x0000, 0x0000, 0x0000, 0x0000, 0x0000, 0x0000, 0x0000, 0x0000, 0x0000, 0x0000, 0x0000, 0x0000, // 0x23A0 (9120) pixels
    0x0000, 0x0000, 0x0000, 0x0000, 0x0000, 0x0000, 0x0000, 0x0000, 0x0000, 0x0000, 0x0000, 0x0000, 0x0000, 0x0000, 0x0000, 0x0000, // 0x23B0 (9136) pixels
    0x0000, 0x0000, 0x0000, 0x0000, 0x0000, 0x0000, 0x0000, 0x0000, 0x0000, 0x0000, 0x0000, 0x0000, 0x0000, 0x0021, 0x2147, 0x428D, // 0x23C0 (9152) pixels
    0x3AD1, 0x2A4F, 0x2A4F, 0x3332, 0x4476, 0x559A, 0x661B, 0x6DFB, 0x6E1A, 0x6E3B, 0x6E1A, 0x6DFA, 0x6DFA, 0x6E1B, 0x661A, 0x55F9, // 0x23D0 (9168) pixels
    0x661A, 0x763B, 0x867C, 0x867C, 0x765B, 0x6E1A, 0x761B, 0x7E3C, 0x8E9D, 0x8E9D, 0x8E9C, 0x869C, 0x869C, 0x7E5B, 0x6DFA, 0x6599, // 0x23E0 (9184) pixels
    0x65DA, 0x6E1B, 0x763B, 0x761A, 0x75FA, 0x7E3A, 0x865A, 0x865A, 0x863B, 0x861B, 0x861C, 0x6D5A, 0x3BF5, 0x1B72, 0x23D4, 0x2C15, // 0x23F0 (9200) pixels
    0x2415, 0x2BD5, 0x2C15, 0x3496, 0x34D7, 0x2CD6, 0x2D37, 0x2DF9, 0x365C, 0x35BA, 0x2CB7, 0x2B93, 0x32D0, 0x3A4C, 0x2966, 0x1862, // 0x2400 (9216) pixels
    0x0000, 0x0000, 0x0000, 0x0000, 0x0000, 0x0000, 0x0000, 0x0000, 0x0000, 0x0000, 0x0000, 0x0000, 0x0000, 0x0000, 0x0000, 0x0000, // 0x2410 (9232) pixels
    0x0000, 0x0000, 0x0000, 0x0000, 0x0000, 0x0000, 0x0000, 0x0000, 0x0000, 0x0000, 0x0000, 0x0000, 0x0000, 0x0000, 0x0000, 0x0000, // 0x2420 (9248) pixels
    0x0000, 0x0000, 0x0000, 0x0000, 0x0000, 0x0000, 0x0000, 0x0000, 0x0000, 0x0000, 0x0000, 0x0000, 0x0000, 0x0000, 0x0000, 0x0000, // 0x2430 (9264) pixels
    0x0000, 0x0000, 0x0000, 0x0000, 0x0000, 0x08A4, 0x320B, 0x4ACF, 0x2A0F, 0x19AD, 0x1A0E, 0x2B51, 0x3CB6, 0x4DBA, 0x5DDB, 0x6DBA, // 0x2440 (9280) pixels
    0x661A, 0x6E3B, 0x6DD9, 0x5D38, 0x6578, 0x75FA, 0x6E1B, 0x65FA, 0x7E1B, 0x8E5C, 0x9E7C, 0x969C, 0x867B, 0x763A, 0x761B, 0x7E5C, // 0x2450 (9296) pixels
    0x96BE, 0x96BD, 0x96BC, 0x96BC, 0x96DC, 0x869C, 0x7E3B, 0x6DDB, 0x6DFA, 0x7E3C, 0x867C, 0x7E5C, 0x763B, 0x7E3A, 0x7E5A, 0x7E5B, // 0x2460 (9312) pixels
    0x969B, 0x96BC, 0x96BD, 0x7E1B, 0x4CD6, 0x2C33, 0x2C54, 0x2CB5, 0x2CD6, 0x3CD7, 0x3D17, 0x3557, 0x2D78, 0x3598, 0x35D8, 0x2E19, // 0x2470 (9328) pixels
    0x45FB, 0x34F7, 0x2BB3, 0x2AD0, 0x326D, 0x31C9, 0x18E4, 0x0020, 0x0000, 0x0000, 0x0000, 0x0000, 0x0000, 0x0000, 0x0000, 0x0000, // 0x2480 (9344) pixels
    0x0000, 0x0000, 0x0000, 0x0000, 0x0000, 0x0000, 0x0000, 0x0000, 0x0000, 0x0000, 0x0000, 0x0000, 0x0000, 0x0000, 0x0000, 0x0000, // 0x2490 (9360) pixels
    0x0000, 0x0000, 0x0000, 0x0000, 0x0000, 0x0000, 0x0000, 0x0000, 0x0000, 0x0000, 0x0000, 0x0000, 0x0000, 0x0000, 0x0000, 0x0000, // 0x24A0 (9376) pixels
    0x0000, 0x0000, 0x0000, 0x0000, 0x0000, 0x0000, 0x0000, 0x0000, 0x0000, 0x0000, 0x0000, 0x0000, 0x0041, 0x2167, 0x3A6D, 0x3A2E, // 0x24B0 (9392) pixels
    0x216E, 0x198D, 0x2AAF, 0x3434, 0x3D58, 0x4DFA, 0x55BA, 0x6D7A, 0x65FA, 0x65B9, 0x54F6, 0x5495, 0x6538, 0x863B, 0x867C, 0x763B, // 0x24C0 (9408) pixels
    0x869C, 0x9EDD, 0xA6FD, 0x9EDD, 0x8E9C, 0x765A, 0x763B, 0x867D, 0x8E7D, 0x969D, 0x96BC, 0x9EDC, 0x96DC, 0x8EBC, 0x7E7C, 0x765C, // 0x24D0 (9424) pixels
    0x7E3B, 0x865C, 0x869D, 0x867C, 0x7E5C, 0x7E5C, 0x7E7C, 0x7E7C, 0x96BB, 0x8EBC, 0x8EBD, 0x765C, 0x5599, 0x3CF6, 0x34F6, 0x3D37, // 0x24E0 (9440) pixels
    0x4D78, 0x55B9, 0x4DD9, 0x3DD9, 0x3598, 0x3599, 0x3DB9, 0x35DA, 0x4518, 0x2BD3, 0x1A8E, 0x2A0C, 0x31CA, 0x2946, 0x1062, 0x0000, // 0x24F0 (9456) pixels
    0x0000, 0x0000, 0x0000, 0x0000, 0x0000, 0x0000, 0x0000, 0x0000, 0x0000, 0x0000, 0x0000, 0x0000, 0x0000, 0x0000, 0x0000, 0x0000, // 0x2500 (9472) pixels
    0x0000, 0x0000, 0x0000, 0x0000, 0x0000, 0x0000, 0x0000, 0x0000, 0x0000, 0x0000, 0x0000, 0x0000, 0x0000, 0x0000, 0x0000, 0x0000, // 0x2510 (9488) pixels
    0x0000, 0x0000, 0x0000, 0x0000, 0x0000, 0x0000, 0x0000, 0x0000, 0x0000, 0x0000, 0x0000, 0x0000, 0x0000, 0x0000, 0x0000, 0x0000, // 0x2520 (9504) pixels
    0x0000, 0x0821, 0x0000, 0x0000, 0x10A2, 0x31C9, 0x3A6D, 0x218B, 0x214D, 0x29EE, 0x4393, 0x5537, 0x4E1A, 0x4E3B, 0x5599, 0x6D79, // 0x2530 (9520) pixels
    0x65B9, 0x5D17, 0x4413, 0x4BF3, 0x7558, 0x96BE, 0x971E, 0x86BC, 0x86FD, 0x9F3E, 0xA71D, 0x9EFC, 0x8E9B, 0x7619, 0x6DDA, 0x761B, // 0x2540 (9536) pixels
    0x7DFB, 0x8E3B, 0x96BC, 0x9EDC, 0x96DC, 0x8EBC, 0x7E9C, 0x7E9D, 0x8E7C, 0x867C, 0x867C, 0x867C, 0x7E7C, 0x7E7C, 0x7E9D, 0x7EBD, // 0x2550 (9552) pixels
    0x8E9C, 0x867C, 0x765C, 0x6E1B, 0x5DFB, 0x4DBA, 0x45B9, 0x45B9, 0x5DDA, 0x6E1B, 0x663C, 0x4E1B, 0x3599, 0x3D79, 0x459A, 0x45BB, // 0x2560 (9568) pixels
    0x3C76, 0x22F0, 0x11AA, 0x2169, 0x3988, 0x28E5, 0x0841, 0x0000, 0x0000, 0x0000, 0x0000, 0x0000, 0x0000, 0x0000, 0x0000, 0x0000, // 0x2570 (9584) pixels
    0x0000, 0x0000, 0x0000, 0x0000, 0x0000, 0x0000, 0x0000, 0x0000, 0x0000, 0x0000, 0x0000, 0x0000, 0x0000, 0x0000, 0x0000, 0x0000, // 0x2580 (9600) pixels
    0x0000, 0x0000, 0x0000, 0x0000, 0x0000, 0x0000, 0x0000, 0x0000, 0x0000, 0x0000, 0x0000, 0x0000, 0x0000, 0x0000, 0x0000, 0x0000, // 0x2590 (9616) pixels
    0x0000, 0x0000, 0x0000, 0x0000, 0x0000, 0x0000, 0x0000, 0x0000, 0x0000, 0x0000, 0x0000, 0x0000, 0x2946, 0x3A0B, 0x296C, 0x294D, // 0x25A0 (9632) pixels
    0x19CF, 0x3352, 0x44F6, 0x5619, 0x667C, 0x65FB, 0x6599, 0x75BA, 0x6D39, 0x4BF4, 0x3B31, 0x4BF3, 0x7DBA, 0xAF3E, 0xAF1D, 0xA6BC, // 0x25B0 (9648) pixels
    0xA6BC, 0xA6FD, 0xA73D, 0x9EDC, 0x85D9, 0x64F6, 0x5CD6, 0x5D58, 0x6D59, 0x7DDA, 0x9EBC, 0xA6DC, 0x9EBB, 0x8E9B, 0x7E5B, 0x869D, // 0x25C0 (9664) pixels
    0x8E7D, 0x8EBD, 0x869C, 0x869D, 0x8E9D, 0x8E7D, 0x8EBD, 0x86BD, 0x8EBD, 0x763B, 0x6E1B, 0x6E3C, 0x663C, 0x6E3B, 0x763B, 0x761B, // 0x25D0 (9680) pixels
    0x7E3A, 0x869C, 0x7E9C, 0x667B, 0x4E1A, 0x45DA, 0x4D9B, 0x44D9, 0x4B73, 0x19AB, 0x1106, 0x2986, 0x2924, 0x0860, 0x0000, 0x0001, // 0x25E0 (9696) pixels
    0x0000, 0x0000, 0x0000, 0x0000, 0x0000, 0x0000, 0x0000, 0x0000, 0x0000, 0x0000, 0x0000, 0x0000, 0x0000, 0x0000, 0x0000, 0x0000, // 0x25F0 (9712) pixels
    0x0000, 0x0000, 0x0000, 0x0000, 0x0000, 0x0000, 0x0000, 0x0000, 0x0000, 0x0000, 0x0000, 0x0000, 0x0000, 0x0000, 0x0000, 0x0000, // 0x2600 (9728) pixels
    0x0000, 0x0000, 0x0000, 0x0000, 0x0000, 0x0000, 0x0000, 0x0000, 0x0000, 0x0000, 0x0000, 0x0000, 0x0000, 0x0000, 0x0000, 0x0000, // 0x2610 (9744) pixels
    0x0000, 0x0000, 0x0000, 0x1082, 0x3187, 0x31CB, 0x194B, 0x196D, 0x1A70, 0x4435, 0x65B9, 0x6E5B, 0x6E7C, 0x6DFB, 0x6579, 0x6D78, // 0x2620 (9760) pixels
    0x5456, 0x3311, 0x32F0, 0x5455, 0x8E3B, 0xA73E, 0xA71D, 0xA6FD, 0x9EBC, 0x9EFD, 0x96DD, 0x861A, 0x64D6, 0x4BF3, 0x4414, 0x4CB6, // 0x2630 (9776) pixels
    0x64F8, 0x7DBA, 0x9EBC, 0xA6DC, 0x96BB, 0x8E7A, 0x7E3B, 0x867D, 0x867C, 0x7E9C, 0x767C, 0x869C, 0x8E9D, 0x967D, 0x96BD, 0x8EBD, // 0x2640 (9792) pixels
    0x867C, 0x7E3A, 0x763B, 0x7E7C, 0x7E7C, 0x869C, 0x86BD, 0x869C, 0x8E7C, 0x96BD, 0x869C, 0x6E7B, 0x5E5B, 0x561B, 0x557A, 0x4436, // 0x2650 (9808) pixels
    0x32AF, 0x1169, 0x1126, 0x2966, 0x18C2, 0x0000, 0x0000, 0x0000, 0x0000, 0x0000, 0x0000, 0x0000, 0x0000, 0x0000, 0x0000, 0x0000, // 0x2660 (9824) pixels
    0x0000, 0x0000, 0x0000, 0x0000, 0x0000, 0x0000, 0x0000, 0x0000, 0x0000, 0x0000, 0x0000, 0x0000, 0x0000, 0x0000, 0x0000, 0x0000, // 0x2670 (9840) pixels
    0x0000, 0x0000, 0x0000, 0x0000, 0x0000, 0x0000, 0x0000, 0x0000, 0x0000, 0x0000, 0x0000, 0x0000, 0x0000, 0x0000, 0x0000, 0x0000, // 0x2680 (9856) pixels
    0x0000, 0x0000, 0x0000, 0x0000, 0x0000, 0x0000, 0x0000, 0x0000, 0x0020, 0x0000, 0x1021, 0x28E5, 0x398A, 0x218B, 0x094C, 0x11EF, // 0x2690 (9872) pixels
    0x1B51, 0x5537, 0x7E9B, 0x86BC, 0x7E7D, 0x75DB, 0x5D38, 0x54D6, 0x4BF4, 0x32F0, 0x4371, 0x7538, 0x9E9D, 0x9F1E, 0x9EDD, 0x9EDC, // 0x26A0 (9888) pixels
    0xA6DE, 0xA71E, 0x8E7C, 0x64D6, 0x4372, 0x3310, 0x3B92, 0x4C75, 0x5CD7, 0x75B9, 0x9EBC, 0x9EFC, 0x96BB, 0x865A, 0x7E3B, 0x7E3C, // 0x26B0 (9904) pixels
    0x7E5C, 0x765B, 0x6E5B, 0x7E9C, 0x8EBD, 0x8E7D, 0x8E9D, 0x869D, 0x867C, 0x7E7C, 0x869C, 0x8EBC, 0x8EBC, 0x8EBC, 0x8EBC, 0x8EBC, // 0x26C0 (9920) pixels
    0x9EBD, 0x96BE, 0x867C, 0x665B, 0x5E5B, 0x5DFB, 0x54F8, 0x3353, 0x19CC, 0x1148, 0x1947, 0x2145, 0x0861, 0x0000, 0x0000, 0x0000, // 0x26D0 (9936) pixels
    0x0000, 0x0000, 0x0000, 0x0000, 0x0000, 0x0000, 0x0000, 0x0000, 0x0000, 0x0000, 0x0000, 0x0000, 0x0000, 0x0000, 0x0000, 0x0000, // 0x26E0 (9952) pixels
    0x0000, 0x0000, 0x0000, 0x0000, 0x0000, 0x0000, 0x0000, 0x0000, 0x0000, 0x0000, 0x0000, 0x0000, 0x0000, 0x0000, 0x0000, 0x0000, // 0x26F0 (9968) pixels
    0x0000, 0x0000, 0x0000, 0x0000, 0x0000, 0x0000, 0x0000, 0x0000, 0x0000, 0x0000, 0x0000, 0x0000, 0x0000, 0x0000, 0x0000, 0x0000, // 0x2700 (9984) pixels
    0x0020, 0x0000, 0x1884, 0x3949, 0x39AC, 0x19AC, 0x01ED, 0x12D1, 0x2C74, 0x6DF9, 0x9EFD, 0x9EFD, 0x8E5C, 0x6D79, 0x4C96, 0x4434, // 0x2710 (10000) pixels
    0x4351, 0x4372, 0x6496, 0x8E1B, 0x9EDD, 0x9EFD, 0x9EFD, 0x9F1E, 0x9E9D, 0x969D, 0x6D59, 0x3372, 0x224E, 0x2A6E, 0x3B72, 0x5455, // 0x2720 (10016) pixels
    0x6D58, 0x7DFA, 0x9EDC, 0x9EFC, 0x96BB, 0x8E9B, 0x865B, 0x7E1B, 0x763B, 0x65FA, 0x663A, 0x7E9C, 0x8EBD, 0x867C, 0x7E5C, 0x765B, // 0x2730 (10032) pixels
    0x7E7D, 0x7E7D, 0x869D, 0x8E9C, 0x8E9C, 0x865B, 0x763B, 0x6E1A, 0x8E7D, 0x8EBE, 0x765C, 0x561B, 0x45D9, 0x4D78, 0x4435, 0x2AB0, // 0x2740 (10048) pixels
    0x1969, 0x1948, 0x2167, 0x18E4, 0x0000, 0x0000, 0x0000, 0x0000, 0x0000, 0x0000, 0x0000, 0x0000, 0x0000, 0x0000, 0x0000, 0x0000, // 0x2750 (10064) pixels
    0x0000, 0x0000, 0x0000, 0x0000, 0x0000, 0x0000, 0x0000, 0x0000, 0x0000, 0x0000, 0x0000, 0x0000, 0x0000, 0x0000, 0x0000, 0x0000, // 0x2760 (10080) pixels
    0x0000, 0x0000, 0x0000, 0x0000, 0x0000, 0x0000, 0x0000, 0x0000, 0x0000, 0x0000, 0x0000, 0x0000, 0x0000, 0x0000, 0x0000, 0x0000, // 0x2770 (10096) pixels
    0x0000, 0x0000, 0x0000, 0x0000, 0x0000, 0x0000, 0x0000, 0x0000, 0x0000, 0x1082, 0x3168, 0x41CC, 0x31EE, 0x120E, 0x0AB0, 0x1BD3, // 0x2780 (10112) pixels
    0x55B7, 0x9F1D, 0xC7BF, 0xB6DD, 0x85BA, 0x5C96, 0x3BD3, 0x3BB2, 0x3B31, 0x6495, 0x963B, 0xA6DD, 0x9EDC, 0x9EDD, 0x9F3F, 0x9F1F, // 0x2790 (10128) pixels
    0x85FB, 0x6D39, 0x3BD3, 0x1A6E, 0x11CD, 0x222E, 0x4392, 0x64D6, 0x863B, 0x8E5B, 0x969B, 0x96DC, 0x96DC, 0x9EFD, 0x96BD, 0x861B, // 0x27A0 (10144) pixels
    0x6579, 0x5D78, 0x65FA, 0x7E7C, 0x869D, 0x7E5C, 0x6E3B, 0x661A, 0x661D, 0x6E1C, 0x6E1C, 0x761C, 0x761B, 0x65DA, 0x5599, 0x4D99, // 0x27B0 (10160) pixels
    0x6E1B, 0x769D, 0x665C, 0x45DA, 0x3558, 0x34B5, 0x3392, 0x222D, 0x1927, 0x2167, 0x1905, 0x0841, 0x0000, 0x0000, 0x0000, 0x0000, // 0x27C0 (10176) pixels
    0x0000, 0x0000, 0x0000, 0x0000, 0x0000, 0x0000, 0x0000, 0x0000, 0x0000, 0x0000, 0x0000, 0x0000, 0x0000, 0x0000, 0x0000, 0x0000, // 0x27D0 (10192) pixels
    0x0000, 0x0000, 0x0000, 0x0000, 0x0000, 0x0000, 0x0000, 0x0000, 0x0000, 0x0000, 0x0000, 0x0000, 0x0000, 0x0000, 0x0000, 0x0000, // 0x27E0 (10208) pixels
    0x0000, 0x0000, 0x0000, 0x0000, 0x0000, 0x0000, 0x0000, 0x0000, 0x0000, 0x0000, 0x0000, 0x0000, 0x0000, 0x0000, 0x0000, 0x0000, // 0x27F0 (10224) pixels
    0x0000, 0x2125, 0x3A2C, 0x324E, 0x226F, 0x12B0, 0x1B92, 0x3CB6, 0x8E9A, 0xCFFF, 0xEFFF, 0xBE9C, 0x74D6, 0x43B3, 0x3331, 0x3B31, // 0x2800 (10240) pixels
    0x4BF3, 0x8DFA, 0xB75F, 0xAF5E, 0x9EFD, 0xA71E, 0x9F1F, 0x8EBE, 0x6CD8, 0x3B52, 0x120D, 0x09CD, 0x19CD, 0x2A4E, 0x53F3, 0x7DB9, // 0x2810 (10256) pixels
    0x9EFD, 0x96BC, 0x8E7A, 0x8E9B, 0x96DC, 0xA71E, 0x9EDE, 0x85FB, 0x4C75, 0x4CB6, 0x65B9, 0x7E7C, 0x867D, 0x7E5C, 0x6E3B, 0x5DFA, // 0x2820 (10272) pixels
    0x5DDB, 0x557A, 0x5539, 0x5D7A, 0x5D9A, 0x4D7A, 0x3D18, 0x3518, 0x4DDA, 0x5E5C, 0x5E3C, 0x459A, 0x34D7, 0x2BD3, 0x2ACF, 0x29CB, // 0x2830 (10288) pixels
    0x2127, 0x2947, 0x10A3, 0x0000, 0x0000, 0x0000, 0x0000, 0x0000, 0x0000, 0x0000, 0x0000, 0x0000, 0x0000, 0x0000, 0x0000, 0x0000, // 0x2840 (10304) pixels
    0x0000, 0x0000, 0x0000, 0x0000, 0x0000, 0x0000, 0x0000, 0x0000, 0x0000, 0x0020, 0x0020, 0x0000, 0x0000, 0x0000, 0x0000, 0x0000, // 0x2850 (10320) pixels
    0x0000, 0x0000, 0x0000, 0x0000, 0x0000, 0x0000, 0x0000, 0x0000, 0x0000, 0x0000, 0x0000, 0x0000, 0x0000, 0x0000, 0x0000, 0x0000, // 0x2860 (10336) pixels
    0x0000, 0x0000, 0x0000, 0x0000, 0x0000, 0x0000, 0x0000, 0x0000, 0x1881, 0x31A8, 0x328D, 0x22D0, 0x2353, 0x3455, 0x4D17, 0x6E3A, // 0x2870 (10352) pixels
    0xBF3D, 0xF7FF, 0xF79F, 0xA577, 0x53B1, 0x22EF, 0x2AF0, 0x4B52, 0x6D17, 0xA6FE, 0xB7BF, 0xAF5E, 0xAF3D, 0xA6FE, 0x8E7D, 0x6D7A, // 0x2880 (10368) pixels
    0x4331, 0x09AC, 0x016B, 0x2270, 0x4312, 0x4B72, 0x6CD6, 0x967B, 0xA73D, 0x9EFC, 0x8E9B, 0x8EBB, 0x96FD, 0x9F1E, 0x967C, 0x64F7, // 0x2890 (10384) pixels
    0x33B2, 0x3C54, 0x65DA, 0x86BD, 0x869D, 0x869D, 0x765C, 0x6E3B, 0x6598, 0x54F7, 0x4496, 0x4CD7, 0x555A, 0x4D59, 0x3518, 0x2D38, // 0x28A0 (10400) pixels
    0x3D99, 0x4DFB, 0x4D9A, 0x3CD8, 0x2C15, 0x22F0, 0x2A0C, 0x314A, 0x2946, 0x2105, 0x0862, 0x0000, 0x0000, 0x0000, 0x0000, 0x0000, // 0x28B0 (10416) pixels
    0x0000, 0x0000, 0x0000, 0x0000, 0x0000, 0x0000, 0x0000, 0x0000, 0x0000, 0x0000, 0x0000, 0x0000, 0x0000, 0x0000, 0x0000, 0x0000, // 0x28C0 (10432) pixels
    0x0000, 0x0020, 0x0841, 0x0000, 0x0000, 0x0000, 0x0000, 0x0000, 0x0000, 0x0000, 0x0000, 0x0000, 0x0000, 0x0000, 0x0000, 0x0000, // 0x28D0 (10448) pixels
    0x0000, 0x0000, 0x0000, 0x0000, 0x0000, 0x0000, 0x0000, 0x0000, 0x0000, 0x0000, 0x0000, 0x0000, 0x0000, 0x0000, 0x0000, 0x0000, // 0x28E0 (10464) pixels
    0x3945, 0x3A2A, 0x2AAE, 0x1311, 0x2C76, 0x5DFB, 0x7EBC, 0x9F9F, 0xEFFF, 0xFFDF, 0xD63A, 0x7BF1, 0x2A6C, 0x122D, 0x32F1, 0x63F5, // 0x28F0 (10480) pixels
    0x8E3B, 0xB7BF, 0xB7BF, 0xA73D, 0xA71D, 0x967C, 0x6D38, 0x33B3, 0x21EC, 0x012A, 0x1A0E, 0x5C16, 0x84F9, 0x8559, 0x961A, 0xA6FC, // 0x2900 (10496) pixels
    0xA73D, 0x9EFC, 0x8EBB, 0x96FD, 0x9F3E, 0x9EFD, 0x85FA, 0x4C13, 0x2B71, 0x3C54, 0x6E1B, 0x8EFE, 0x96BE, 0x96BE, 0x867D, 0x765C, // 0x2910 (10512) pixels
    0x6D36, 0x5494, 0x4413, 0x4C96, 0x5D5A, 0x5579, 0x3D58, 0x3D79, 0x3578, 0x457A, 0x3CB8, 0x2BF5, 0x2332, 0x222E, 0x316A, 0x38E8, // 0x2920 (10528) pixels
    0x2105, 0x1082, 0x0000, 0x0000, 0x0000, 0x0000, 0x0000, 0x0000, 0x0000, 0x0000, 0x0000, 0x0000, 0x0000, 0x0000, 0x0000, 0x0000, // 0x2930 (10544) pixels
    0x0000, 0x0000, 0x0000, 0x0000, 0x0000, 0x0000, 0x0000, 0x0000, 0x0020, 0x0841, 0x0841, 0x0020, 0x0000, 0x0000, 0x0000, 0x0000, // 0x2940 (10560) pixels
    0x0000, 0x0000, 0x0000, 0x0000, 0x0801, 0x0800, 0x0000, 0x0000, 0x0000, 0x0000, 0x0000, 0x0000, 0x0000, 0x0020, 0x0000, 0x0000, // 0x2950 (10576) pixels
    0x0000, 0x0000, 0x0000, 0x0000, 0x0800, 0x0000, 0x0800, 0x2905, 0x4A4C, 0x324C, 0x120C, 0x12CF, 0x5D58, 0xAF5E, 0xCFDE, 0xE7FE, // 0x2960 (10592) pixels
    0xFFDE, 0xCEBC, 0x7C97, 0x32B1, 0x098C, 0x11AB, 0x43B1, 0x85FA, 0xB71C, 0xB75E, 0xAF3E, 0x9EFE, 0x8E7D, 0x7558, 0x4371, 0x21EB, // 0x2970 (10608) pixels
    0x18EA, 0x21AC, 0x4BF3, 0x85D9, 0x9E9B, 0xA6DC, 0xAF1D, 0xAEFD, 0xB6DD, 0xA6BC, 0x9EDC, 0x9F1D, 0x9F1E, 0x861B, 0x5434, 0x3B31, // 0x2980 (10624) pixels
    0x2B51, 0x4CF7, 0x867C, 0x9EBD, 0x9EFE, 0x8EFD, 0x763A, 0x7DDA, 0x74B5, 0x5BF3, 0x4372, 0x4C55, 0x5579, 0x4DDA, 0x4599, 0x3D59, // 0x2990 (10640) pixels
    0x45BA, 0x3475, 0x2352, 0x22D0, 0x224F, 0x21CC, 0x2969, 0x2906, 0x18C3, 0x0841, 0x0000, 0x0000, 0x0000, 0x0000, 0x0000, 0x0000, // 0x29A0 (10656) pixels
    0x0000, 0x0000, 0x0000, 0x0000, 0x0000, 0x0000, 0x0000, 0x0000, 0x0000, 0x0000, 0x0000, 0x0000, 0x0000, 0x0000, 0x0000, 0x0000, // 0x29B0 (10672) pixels
    0x0020, 0x0841, 0x0841, 0x0020, 0x0000, 0x0000, 0x0000, 0x0000, 0x0000, 0x0000, 0x0040, 0x0000, 0x0801, 0x0000, 0x0821, 0x08A2, // 0x29C0 (10688) pixels
    0x10A3, 0x0842, 0x0001, 0x0000, 0x0000, 0x0000, 0x0000, 0x0000, 0x0000, 0x0000, 0x0000, 0x0000, 0x0020, 0x0861, 0x2104, 0x3A08, // 0x29D0 (10704) pixels
    0x4A6E, 0x322C, 0x19EB, 0x330F, 0x8DD9, 0xDFFF, 0xF7FF, 0xFFFF, 0xDE9B, 0x8CF6, 0x3AD0, 0x096C, 0x092B, 0x222D, 0x6495, 0x9EDD, // 0x29E0 (10720) pixels
    0xB7BF, 0xAF5E, 0x8E9C, 0x7DDA, 0x6D38, 0x5414, 0x2A4E, 0x1149, 0x196C, 0x3AD0, 0x6D17, 0x96BC, 0xAF1D, 0xB73E, 0xB73E, 0xAEDC, // 0x29F0 (10736) pixels
    0xA6BD, 0xA6DC, 0xA73E, 0xA73E, 0x969C, 0x6517, 0x3B71, 0x3310, 0x43F4, 0x6579, 0x8EBE, 0x96DE, 0x86BD, 0x6E9B, 0x6DF9, 0x7D58, // 0x2A00 (10752) pixels
    0x7C54, 0x5B71, 0x4B51, 0x4C55, 0x4D59, 0x45BA, 0x45DA, 0x45BA, 0x44F8, 0x2B93, 0x1AAF, 0x226F, 0x220E, 0x21AB, 0x2148, 0x2105, // 0x2A10 (10768) pixels
    0x0861, 0x0020, 0x0000, 0x0000, 0x0000, 0x0000, 0x0000, 0x0000, 0x0000, 0x0000, 0x0000, 0x0000, 0x0000, 0x0000, 0x0000, 0x0000, // 0x2A20 (10784) pixels
    0x0000, 0x0000, 0x0000, 0x0000, 0x0000, 0x0000, 0x0000, 0x0000, 0x0000, 0x0020, 0x0841, 0x0000, 0x0000, 0x0000, 0x0000, 0x0000, // 0x2A30 (10800) pixels
    0x0000, 0x0000, 0x0020, 0x0000, 0x0801, 0x0801, 0x10C3, 0x21A6, 0x3187, 0x2126, 0x1083, 0x0021, 0x0001, 0x0821, 0x0821, 0x0841, // 0x2A40 (10816) pixels
    0x0882, 0x0861, 0x0840, 0x0840, 0x10C3, 0x2986, 0x3A6A, 0x4AEC, 0x424D, 0x320C, 0x3A6C, 0x6C12, 0xC69B, 0xFFFF, 0xF79F, 0xD69B, // 0x2A50 (10832) pixels
    0x9496, 0x4B31, 0x09AD, 0x010B, 0x198C, 0x5351, 0x8598, 0xA73E, 0xA79F, 0x8EDC, 0x6D99, 0x5CB6, 0x4BF4, 0x3AD0, 0x19AC, 0x112A, // 0x2A60 (10848) pixels
    0x222E, 0x5414, 0x7DFA, 0x96BC, 0xA6FC, 0xBF3D, 0xBF3D, 0xAEDC, 0x9EBC, 0x9EDD, 0xA73E, 0x9EFE, 0x7599, 0x43D3, 0x2B10, 0x4392, // 0x2A70 (10864) pixels
    0x64F7, 0x7E1B, 0x8EDE, 0x7EBE, 0x565B, 0x4E19, 0x65B9, 0x7CF7, 0x73B2, 0x52EF, 0x4B51, 0x5496, 0x4D79, 0x45DB, 0x45FB, 0x459A, // 0x2A80 (10880) pixels
    0x4415, 0x22B0, 0x11ED, 0x21ED, 0x21CC, 0x1969, 0x1906, 0x18C4, 0x0000, 0x0000, 0x0000, 0x0000, 0x0000, 0x0000, 0x0000, 0x0000, // 0x2A90 (10896) pixels
    0x0000, 0x0000, 0x0000, 0x0000, 0x0000, 0x0000, 0x0000, 0x0000, 0x0000, 0x0000, 0x0000, 0x0000, 0x0000, 0x0000, 0x0000, 0x0000, // 0x2AA0 (10912) pixels
    0x0000, 0x0020, 0x0020, 0x0000, 0x0000, 0x0000, 0x0000, 0x0000, 0x0000, 0x0000, 0x0000, 0x0000, 0x1882, 0x18A3, 0x2166, 0x3249, // 0x2AB0 (10928) pixels
    0x426B, 0x3A2A, 0x29A8, 0x1906, 0x18C5, 0x18C5, 0x20E6, 0x28E6, 0x31A7, 0x3186, 0x2965, 0x2965, 0x39C7, 0x4A8A, 0x52EC, 0x42AC, // 0x2AC0 (10944) pixels
    0x320C, 0x4AAE, 0x7C32, 0xBDF9, 0xEF9E, 0xF7BF, 0xBE1A, 0x8453, 0x424F, 0x118D, 0x012B, 0x096B, 0x42AF, 0x8CB6, 0x9E5B, 0x8EBC, // 0x2AD0 (10960) pixels
    0x871E, 0x765C, 0x5D38, 0x5435, 0x4332, 0x21EE, 0x194B, 0x216C, 0x3B92, 0x6D58, 0x8E7B, 0x969B, 0xA69B, 0xB6FC, 0xBF3D, 0xB71C, // 0x2AE0 (10976) pixels
    0x9EFD, 0x9EFD, 0xA71E, 0x861B, 0x5454, 0x22CF, 0x2AEF, 0x5434, 0x7DB9, 0x8E7D, 0x869E, 0x5E5D, 0x35FA, 0x3DF9, 0x6D99, 0x8496, // 0x2AF0 (10992) pixels
    0x6AF0, 0x4A8E, 0x4B72, 0x54D7, 0x459A, 0x45FB, 0x4DDB, 0x3CF9, 0x4333, 0x220E, 0x19AD, 0x29CD, 0x218A, 0x1948, 0x10E5, 0x0862, // 0x2B00 (11008) pixels
    0x0000, 0x0000, 0x0000, 0x0000, 0x0000, 0x0000, 0x0000, 0x0000, 0x0000, 0x0000, 0x0000, 0x0000, 0x0000, 0x0000, 0x0000, 0x0000, // 0x2B10 (11024) pixels
    0x0000, 0x0000, 0x0000, 0x0000, 0x0000, 0x0000, 0x0000, 0x0000, 0x0000, 0x0000, 0x0000, 0x0000, 0x0000, 0x0000, 0x0000, 0x0000, // 0x2B20 (11040) pixels
    0x0000, 0x0000, 0x0000, 0x0020, 0x20E4, 0x2125, 0x2A08, 0x3B0C, 0x3AEE, 0x42EE, 0x42EE, 0x3A8D, 0x320B, 0x29AA, 0x298A, 0x31AA, // 0x2B30 (11056) pixels
    0x428C, 0x426C, 0x4A4A, 0x4A29, 0x526A, 0x5ACC, 0x52CC, 0x426B, 0x4A8D, 0x7C32, 0xC63A, 0xEF9E, 0xE75E, 0xADF9, 0x6413, 0x226D, // 0x2B40 (11072) pixels
    0x190C, 0x00CA, 0x012A, 0x324D, 0x8454, 0xC67C, 0xB71E, 0x763A, 0x663B, 0x5DB9, 0x5496, 0x4BB3, 0x3A90, 0x114B, 0x112B, 0x2A2F, // 0x2B50 (11088) pixels
    0x5CB6, 0x865B, 0x96DC, 0x9EBB, 0xAEBB, 0xB6FC, 0xB71D, 0xA6DB, 0x96FD, 0x96DD, 0x967C, 0x64D7, 0x32F0, 0x1A6E, 0x3B71, 0x6D17, // 0x2B60 (11104) pixels
    0x865A, 0x96BD, 0x7E7D, 0x4E1B, 0x2DB9, 0x4DB9, 0x6D38, 0x6BB3, 0x526E, 0x428F, 0x4BB3, 0x4CF8, 0x45BA, 0x4E1C, 0x4D7B, 0x3436, // 0x2B70 (11120) pixels
    0x3250, 0x29EE, 0x29ED, 0x29EC, 0x2169, 0x1926, 0x10C4, 0x0021, 0x0000, 0x0000, 0x0000, 0x0000, 0x0000, 0x0000, 0x0000, 0x0000, // 0x2B80 (11136) pixels
    0x0000, 0x0000, 0x0000, 0x0000, 0x0000, 0x0000, 0x0000, 0x0000, 0x0000, 0x0000, 0x0000, 0x0000, 0x0000, 0x0000, 0x0000, 0x0000, // 0x2B90 (11152) pixels
    0x0000, 0x0000, 0x0000, 0x0000, 0x0000, 0x0000, 0x0000, 0x0000, 0x0000, 0x0000, 0x0000, 0x0000, 0x18A2, 0x1905, 0x326A, 0x53F1, // 0x2BA0 (11168) pixels
    0x4391, 0x332F, 0x3330, 0x4392, 0x4BB2, 0x3B10, 0x2AAE, 0x2A8E, 0x32F0, 0x3ACE, 0x3A6C, 0x422A, 0x4A4A, 0x5ACC, 0x634F, 0x6BB0, // 0x2BB0 (11184) pixels
    0x94F5, 0xC65A, 0xE79F, 0xDF7E, 0xA5B9, 0x53B2, 0x1A4D, 0x016B, 0x08CA, 0x00A8, 0x19CB, 0x73F1, 0xCE7A, 0xF7FF, 0xC79F, 0x6DFA, // 0x2BC0 (11200) pixels
    0x4538, 0x4496, 0x3B93, 0x32B0, 0x29CD, 0x090A, 0x11AD, 0x4333, 0x85D9, 0xA6DC, 0xA6FC, 0xA6BB, 0xB6DC, 0xBEFD, 0xB73D, 0x9EDC, // 0x2BD0 (11216) pixels
    0x96BC, 0x8E3B, 0x7518, 0x3B11, 0x11CC, 0x228E, 0x5475, 0x7E1A, 0x8EBB, 0x96FD, 0x7E9D, 0x4E1B, 0x45B9, 0x5D38, 0x6414, 0x4A8E, // 0x2BE0 (11232) pixels
    0x322E, 0x4311, 0x4C76, 0x4D9A, 0x4E1B, 0x4DDB, 0x4497, 0x2AF2, 0x2A0E, 0x2A0E, 0x2A2E, 0x29EB, 0x2168, 0x18E5, 0x0882, 0x0000, // 0x2BF0 (11248) pixels
    0x0000, 0x0000, 0x0000, 0x0000, 0x0000, 0x0000, 0x0000, 0x0000, 0x0000, 0x0000, 0x0000, 0x0000, 0x0000, 0x0000, 0x0000, 0x0000, // 0x2C00 (11264) pixels
    0x0000, 0x0000, 0x0000, 0x0000, 0x0000, 0x0000, 0x0000, 0x0000, 0x0000, 0x0000, 0x0000, 0x0000, 0x0000, 0x0000, 0x0000, 0x0000, // 0x2C10 (11280) pixels
    0x0000, 0x0000, 0x0000, 0x0000, 0x0840, 0x0062, 0x21E9, 0x4BF0, 0x3B92, 0x22F0, 0x1AAF, 0x3392, 0x4496, 0x4CD7, 0x3C75, 0x2C14, // 0x2C20 (11296) pixels
    0x2BF4, 0x2B92, 0x330F, 0x430D, 0x638E, 0x7C11, 0x94F5, 0xB5F9, 0xCF1D, 0xD75E, 0xBE9C, 0x9558, 0x5392, 0x1A0D, 0x016B, 0x012A, // 0x2C30 (11312) pixels
    0x00A8, 0x21AB, 0x6BB1, 0xBDF7, 0xFFBD, 0xF7FF, 0xAF1E, 0x5559, 0x3CB7, 0x33D4, 0x226F, 0x21AC, 0x216B, 0x116B, 0x2AB0, 0x5CB8, // 0x2C40 (11328) pixels
    0xAEBB, 0xC77E, 0xBF5D, 0xBF1D, 0xBEFC, 0xBF1D, 0xB77F, 0x96FC, 0x85D9, 0x6CD6, 0x4332, 0x198C, 0x118C, 0x4372, 0x6D78, 0x867B, // 0x2C50 (11344) pixels
    0x86FB, 0x8EFC, 0x7EBD, 0x5E3B, 0x5579, 0x6456, 0x52F0, 0x31EC, 0x2A90, 0x4C15, 0x557A, 0x4E1B, 0x4E3B, 0x4538, 0x3B73, 0x29EE, // 0x2C60 (11360) pixels
    0x2A4F, 0x2A6F, 0x2A4E, 0x21EB, 0x2167, 0x18C3, 0x0821, 0x0000, 0x0000, 0x0000, 0x0000, 0x0000, 0x0000, 0x0000, 0x0000, 0x0000, // 0x2C70 (11376) pixels
    0x0000, 0x0000, 0x0000, 0x0000, 0x0000, 0x0000, 0x0000, 0x0000, 0x0000, 0x0000, 0x0000, 0x0000, 0x0000, 0x0000, 0x0000, 0x0000, // 0x2C80 (11392) pixels
    0x0000, 0x0000, 0x0000, 0x0000, 0x0000, 0x0000, 0x0000, 0x0000, 0x0000, 0x0020, 0x0020, 0x0000, 0x0820, 0x0000, 0x00E5, 0x1AAC, // 0x2C90 (11408) pixels
    0x3331, 0x1AB0, 0x0A8F, 0x1B31, 0x3496, 0x4DBB, 0x4DFB, 0x3DDA, 0x3D3A, 0x3CB7, 0x4454, 0x6CD4, 0x9D97, 0xADF8, 0xBE5A, 0xDF5F, // 0x2CA0 (11424) pixels
    0xCF3E, 0xAE5B, 0x6C34, 0x328E, 0x19AC, 0x092A, 0x090A, 0x090A, 0x21AB, 0x6BD2, 0xC63A, 0xFFBD, 0xFFFE, 0xE7BE, 0x8E1A, 0x3455, // 0x2CB0 (11440) pixels
    0x3435, 0x2311, 0x098B, 0x1109, 0x21AC, 0x2A4E, 0x4C15, 0x863E, 0xBEFC, 0xD7DF, 0xCFBE, 0xC73D, 0xBEDC, 0xB6DC, 0x9EFD, 0x763A, // 0x2CC0 (11456) pixels
    0x5433, 0x32EF, 0x116B, 0x00CA, 0x2A2F, 0x74D8, 0x8E9C, 0x96FD, 0x86FB, 0x86DB, 0x7EBC, 0x661A, 0x6538, 0x6BB4, 0x4A4E, 0x31EC, // 0x2CD0 (11472) pixels
    0x3393, 0x5519, 0x5DFC, 0x463C, 0x3DFA, 0x3495, 0x2AB0, 0x31AD, 0x32D0, 0x2AD0, 0x226E, 0x21EA, 0x2166, 0x10A2, 0x0000, 0x0000, // 0x2CE0 (11488) pixels
    0x0000, 0x0000, 0x0000, 0x0000, 0x0000, 0x0000, 0x0000, 0x0000, 0x0000, 0x0000, 0x0000, 0x0000, 0x0000, 0x0000, 0x0000, 0x0000, // 0x2CF0 (11504) pixels
    0x0000, 0x0000, 0x0000, 0x0000, 0x0000, 0x0000, 0x0000, 0x0000, 0x0000, 0x0000, 0x0000, 0x0000, 0x0000, 0x0000, 0x0000, 0x0000, // 0x2D00 (11520) pixels
    0x0000, 0x0000, 0x0000, 0x0000, 0x0000, 0x0000, 0x0020, 0x0020, 0x0944, 0x2A6A, 0x2ACE, 0x128F, 0x1B53, 0x3498, 0x459B, 0x4E1C, // 0x2D10 (11536) pixels
    0x4D9A, 0x4538, 0x5DB9, 0x867B, 0xA6FD, 0xC77E, 0xCF5E, 0xBE9C, 0x9DBB, 0x5393, 0x21ED, 0x096B, 0x018B, 0x014A, 0x0929, 0x218B, // 0x2D20 (11552) pixels
    0x6391, 0xCE5A, 0xFFBD, 0xFFFE, 0xF7FF, 0xB71F, 0x5D7A, 0x1C15, 0x3351, 0x1A0D, 0x092A, 0x114B, 0x2A8E, 0x5454, 0x863A, 0xA75E, // 0x2D30 (11568) pixels
    0xE7BC, 0xE7BD, 0xDF7E, 0xBF1E, 0x9EFE, 0x8EFD, 0x75FA, 0x4C54, 0x222E, 0x090A, 0x0087, 0x198B, 0x5BF3, 0x8E3B, 0x971D, 0x8EFD, // 0x2D40 (11584) pixels
    0x7EBC, 0x76BB, 0x6659, 0x6557, 0x6434, 0x52F1, 0x3290, 0x3B94, 0x3CB8, 0x45FB, 0x4E5C, 0x4D99, 0x5476, 0x4311, 0x2AAF, 0x2351, // 0x2D50 (11600) pixels
    0x3BB4, 0x3331, 0x2A8C, 0x29E8, 0x2904, 0x1021, 0x0000, 0x0001, 0x0000, 0x0000, 0x0000, 0x0000, 0x0000, 0x0000, 0x0000, 0x0000, // 0x2D60 (11616) pixels
    0x0000, 0x0000, 0x0000, 0x0000, 0x0000, 0x0000, 0x0000, 0x0000, 0x0000, 0x0000, 0x0000, 0x0000, 0x0000, 0x0000, 0x0000, 0x0000, // 0x2D70 (11632) pixels
    0x0000, 0x0000, 0x0000, 0x0000, 0x0000, 0x0000, 0x0000, 0x0000, 0x0000, 0x0000, 0x0000, 0x0000, 0x0000, 0x0000, 0x0020, 0x0020, // 0x2D80 (11648) pixels
    0x0082, 0x29E8, 0x3AAD, 0x2A8E, 0x1A8F, 0x1B11, 0x23B3, 0x3456, 0x3476, 0x3CB6, 0x6599, 0x8E9C, 0x9EBC, 0x9E7C, 0x95D9, 0x7D16, // 0x2D90 (11664) pixels
    0x4B71, 0x220D, 0x012A, 0x014A, 0x018B, 0x098A, 0x19CB, 0x4AF0, 0xBDFA, 0xF7BF, 0xFFFF, 0xF7FF, 0xD79F, 0x861B, 0x44B7, 0x1BB4, // 0x2DA0 (11680) pixels
    0x1AAF, 0x11AB, 0x112A, 0x21ED, 0x4B92, 0x7DB8, 0xBF5E, 0xDFFF, 0xEFFE, 0xE7BE, 0xC73E, 0xA6FD, 0x8EDD, 0x765B, 0x4C95, 0x1A6D, // 0x2DB0 (11696) pixels
    0x0109, 0x00A8, 0x0929, 0x4310, 0x7D79, 0x9EFD, 0x973E, 0x8EFD, 0x7EBC, 0x6E5A, 0x5DB8, 0x54B5, 0x5372, 0x4AF1, 0x3B32, 0x4435, // 0x2DC0 (11712) pixels
    0x457B, 0x563D, 0x4DFB, 0x3CB6, 0x3351, 0x2A6F, 0x2AAF, 0x3BB2, 0x3373, 0x2B10, 0x226B, 0x2187, 0x18C3, 0x0800, 0x0000, 0x0001, // 0x2DD0 (11728) pixels
    0x0000, 0x0000, 0x0000, 0x0000, 0x0000, 0x0000, 0x0000, 0x0000, 0x0000, 0x0000, 0x0000, 0x0000, 0x0000, 0x0000, 0x0000, 0x0000, // 0x2DE0 (11744) pixels
    0x0000, 0x0000, 0x0000, 0x0000, 0x0000, 0x0000, 0x0000, 0x0000, 0x0000, 0x0000, 0x0000, 0x0000, 0x0000, 0x0000, 0x0000, 0x0000, // 0x2DF0 (11760) pixels
    0x0000, 0x0000, 0x0000, 0x0000, 0x0000, 0x0000, 0x0000, 0x0000, 0x1041, 0x2966, 0x3A0A, 0x3A4C, 0x326D, 0x2A6D, 0x224E, 0x228F, // 0x2E00 (11776) pixels
    0x1311, 0x2372, 0x4455, 0x6517, 0x64F7, 0x5454, 0x43B2, 0x3310, 0x222C, 0x11AB, 0x098B, 0x09AC, 0x11EC, 0x1A0C, 0x430F, 0x8D17, // 0x2E10 (11792) pixels
    0xEF5D, 0xFFFF, 0xFFFF, 0xD7BF, 0x9EFD, 0x5578, 0x3435, 0x2352, 0x09EC, 0x094B, 0x218C, 0x4B31, 0x7516, 0xAEFC, 0xE7FF, 0xFFFF, // 0x2E20 (11808) pixels
    0xEFFF, 0xCF7E, 0xA6FD, 0x86BC, 0x769C, 0x5DB9, 0x3371, 0x014A, 0x00C8, 0x118B, 0x32F0, 0x64F7, 0x8E9C, 0x8EFD, 0x86BC, 0x86BC, // 0x2E30 (11824) pixels
    0x769C, 0x65F9, 0x5D17, 0x53F3, 0x4311, 0x4312, 0x3C15, 0x4518, 0x4E1C, 0x55DC, 0x44D7, 0x3352, 0x224E, 0x222D, 0x2A8F, 0x3B51, // 0x2E40 (11840) pixels
    0x22F1, 0x22AF, 0x222B, 0x2146, 0x1061, 0x0000, 0x0000, 0x0001, 0x0000, 0x0000, 0x0000, 0x0000, 0x0000, 0x0000, 0x0000, 0x0000, // 0x2E50 (11856) pixels
    0x0000, 0x0000, 0x0000, 0x0000, 0x0000, 0x0000, 0x0000, 0x0000, 0x0000, 0x0000, 0x0000, 0x0000, 0x0000, 0x0000, 0x0000, 0x0000, // 0x2E60 (11872) pixels
    0x0000, 0x0000, 0x0000, 0x0000, 0x0000, 0x0000, 0x0000, 0x0000, 0x0000, 0x0000, 0x0000, 0x0000, 0x0000, 0x0000, 0x0000, 0x0000, // 0x2E70 (11888) pixels
    0x0821, 0x1061, 0x18C3, 0x2946, 0x3A09, 0x320B, 0x29CB, 0x29CB, 0x1A2E, 0x1A4E, 0x2AAF, 0x3310, 0x32F0, 0x228E, 0x120D, 0x11CC, // 0x2E80 (11904) pixels
    0x198A, 0x19AB, 0x21ED, 0x19CC, 0x19CC, 0x3A8E, 0x8494, 0xD6DD, 0xFFBE, 0xFFFF, 0xDF9F, 0xA71E, 0x661B, 0x34D6, 0x2BB3, 0x22AF, // 0x2E90 (11920) pixels
    0x092A, 0x090A, 0x2A4E, 0x6C75, 0xA67B, 0xD7BF, 0xFFFF, 0xFFBE, 0xE79F, 0xBF1E, 0x8EDD, 0x669C, 0x563B, 0x44D6, 0x228F, 0x090A, // 0x2EA0 (11936) pixels
    0x116A, 0x4351, 0x64F7, 0x7E5B, 0x86FD, 0x7EBC, 0x7E9B, 0x8EDC, 0x767C, 0x6578, 0x5C75, 0x5393, 0x4352, 0x3BF4, 0x3CF7, 0x45FA, // 0x2EB0 (11952) pixels
    0x4E3D, 0x3CD8, 0x2B12, 0x222E, 0x222D, 0x226E, 0x22AF, 0x228F, 0x1A90, 0x1A4D, 0x2A0B, 0x1925, 0x0820, 0x0000, 0x0000, 0x0001, // 0x2EC0 (11968) pixels
    0x0000, 0x0000, 0x0000, 0x0000, 0x0000, 0x0000, 0x0000, 0x0000, 0x0000, 0x0000, 0x0000, 0x0000, 0x0000, 0x0000, 0x0000, 0x0000, // 0x2ED0 (11984) pixels
    0x0000, 0x0000, 0x0000, 0x0000, 0x0000, 0x0000, 0x0000, 0x0000, 0x0000, 0x0000, 0x0000, 0x0000, 0x0000, 0x0000, 0x0000, 0x0000, // 0x2EE0 (12000) pixels
    0x0000, 0x0000, 0x0000, 0x0000, 0x0000, 0x0000, 0x0000, 0x0000, 0x0000, 0x0000, 0x0000, 0x0881, 0x1904, 0x2146, 0x2988, 0x39EA, // 0x2EF0 (12016) pixels
    0x31CC, 0x29CC, 0x21AB, 0x21CC, 0x29EC, 0x21AC, 0x116B, 0x114A, 0x2169, 0x29AB, 0x2A0D, 0x218C, 0x218B, 0x6351, 0xBDD9, 0xFFDF, // 0x2F00 (12032) pixels
    0xFFFE, 0xEFBF, 0xB6FE, 0x761B, 0x3D38, 0x2C55, 0x2330, 0x09AB, 0x08A9, 0x116B, 0x4371, 0x95F9, 0xD77E, 0xF7FF, 0xFFFF, 0xE79D, // 0x2F10 (12048) pixels
    0xBEDE, 0x9E9D, 0x767C, 0x563B, 0x4599, 0x33F4, 0x1A0D, 0x196B, 0x3AEF, 0x7537, 0x8E9C, 0x86DD, 0x7EFC, 0x7EDC, 0x8EFD, 0x96FD, // 0x2F20 (12064) pixels
    0x7E3B, 0x5C96, 0x4352, 0x4353, 0x4C36, 0x4518, 0x3DBA, 0x4EBD, 0x561C, 0x2BB3, 0x118C, 0x194B, 0x2A2E, 0x3311, 0x2B31, 0x1AAF, // 0x2F30 (12080) pixels
    0x1A6F, 0x120C, 0x2A0A, 0x2125, 0x0820, 0x0000, 0x0000, 0x0000, 0x0000, 0x0000, 0x0000, 0x0000, 0x0000, 0x0000, 0x0000, 0x0000, // 0x2F40 (12096) pixels
    0x0000, 0x0000, 0x0000, 0x0000, 0x0000, 0x0000, 0x0000, 0x0000, 0x0000, 0x0000, 0x0000, 0x0000, 0x0000, 0x0000, 0x0000, 0x0000, // 0x2F50 (12112) pixels
    0x0000, 0x0000, 0x0000, 0x0000, 0x0000, 0x0000, 0x0000, 0x0000, 0x0000, 0x0000, 0x0000, 0x0000, 0x0000, 0x0000, 0x0000, 0x0000, // 0x2F60 (12128) pixels
    0x0020, 0x0000, 0x0000, 0x0020, 0x0040, 0x0882, 0x1905, 0x31C8, 0x41EB, 0x39CB, 0x318A, 0x296A, 0x298B, 0x298A, 0x2149, 0x2169, // 0x2F70 (12144) pixels
    0x298A, 0x29CB, 0x320D, 0x218C, 0x3A0D, 0x9475, 0xE6DC, 0xFFFF, 0xFFFF, 0xCF5E, 0x865C, 0x4D79, 0x3496, 0x2BD3, 0x1A4E, 0x00C8, // 0x2F80 (12160) pixels
    0x0047, 0x2A4D, 0x7536, 0xC75D, 0xF7FF, 0xFFFF, 0xDF9E, 0xBF3C, 0x9E7D, 0x7E3B, 0x663B, 0x4DDA, 0x44F7, 0x2B31, 0x19CC, 0x324E, // 0x2F90 (12176) pixels
    0x6CF6, 0x96BD, 0x8F1E, 0x7EBC, 0x769B, 0x86DD, 0x973E, 0x8EDD, 0x7579, 0x43B3, 0x2AB0, 0x3353, 0x4D19, 0x4E1C, 0x463C, 0x4E9D, // 0x2FA0 (12192) pixels
    0x54F7, 0x2ACF, 0x192A, 0x214B, 0x2A2E, 0x3372, 0x33F4, 0x23B3, 0x1A90, 0x19CC, 0x29EA, 0x2125, 0x0820, 0x0000, 0x0000, 0x0000, // 0x2FB0 (12208) pixels
    0x0000, 0x0000, 0x0000, 0x0000, 0x0000, 0x0000, 0x0000, 0x0000, 0x0000, 0x0000, 0x0000, 0x0000, 0x0000, 0x0000, 0x0000, 0x0000, // 0x2FC0 (12224) pixels
    0x0000, 0x0000, 0x0000, 0x0000, 0x0000, 0x0000, 0x0000, 0x0000, 0x0000, 0x0000, 0x0000, 0x0000, 0x0000, 0x0000, 0x0000, 0x0000, // 0x2FD0 (12240) pixels
    0x0000, 0x0000, 0x0000, 0x0000, 0x0000, 0x0000, 0x0000, 0x0000, 0x0000, 0x0000, 0x0000, 0x0000, 0x0000, 0x0000, 0x0862, 0x10C3, // 0x2FE0 (12256) pixels
    0x31C8, 0x3A09, 0x31A9, 0x2948, 0x2969, 0x2968, 0x2947, 0x2988, 0x2169, 0x21AA, 0x19CC, 0x21AC, 0x5311, 0xBDFA, 0xF7BF, 0xFFFE, // 0x2FF0 (12272) pixels
    0xE7DF, 0xA6DC, 0x5DB9, 0x34D7, 0x2BB3, 0x228F, 0x094A, 0x0087, 0x112A, 0x6413, 0xBEDC, 0xEFFF, 0xF7FF, 0xE79F, 0xBF5E, 0x9F3E, // 0x3000 (12288) pixels
    0x96BE, 0x765C, 0x5DFB, 0x3D18, 0x33B4, 0x1A2E, 0x19AB, 0x4B51, 0x865B, 0x973E, 0x86FC, 0x7E9B, 0x869C, 0x8EDD, 0x96DD, 0x75FA, // 0x3010 (12304) pixels
    0x4C54, 0x3311, 0x3312, 0x4457, 0x4DDB, 0x4E5D, 0x45DB, 0x4D7A, 0x4391, 0x324D, 0x318C, 0x318C, 0x21ED, 0x2B53, 0x3CB8, 0x2CD8, // 0x3020 (12320) pixels
    0x22D1, 0x11AB, 0x29A9, 0x2105, 0x0800, 0x0000, 0x0000, 0x0000, 0x0000, 0x0000, 0x0000, 0x0000, 0x0000, 0x0000, 0x0000, 0x0000, // 0x3030 (12336) pixels
    0x0000, 0x0000, 0x0000, 0x0000, 0x0000, 0x0000, 0x0000, 0x0000, 0x0000, 0x0000, 0x0000, 0x0000, 0x0000, 0x0000, 0x0000, 0x0000, // 0x3040 (12352) pixels
    0x0000, 0x0000, 0x0000, 0x0000, 0x0000, 0x0000, 0x0000, 0x0000, 0x0000, 0x0000, 0x0000, 0x0000, 0x0000, 0x0000, 0x0000, 0x0000, // 0x3050 (12368) pixels
    0x0000, 0x0000, 0x0000, 0x0000, 0x0000, 0x0000, 0x0000, 0x0000, 0x08E3, 0x2186, 0x2187, 0x1906, 0x18E5, 0x18C5, 0x18C4, 0x2104, // 0x3060 (12384) pixels
    0x21CA, 0x19EB, 0x11EC, 0x220D, 0x6C14, 0xD71E, 0xFFFF, 0xFFFD, 0xCF7F, 0x7E3A, 0x3517, 0x1C14, 0x1AD0, 0x094A, 0x00C8, 0x0929, // 0x3070 (12400) pixels
    0x4331, 0xAE3B, 0xF7FF, 0xFFFF, 0xDF3C, 0xC71C, 0xA73E, 0x973F, 0x86BD, 0x661B, 0x4D79, 0x2C14, 0x1A8F, 0x094B, 0x19EC, 0x6C75, // 0x3080 (12416) pixels
    0x86FC, 0x8F3D, 0x7EDC, 0x86DC, 0x8EBD, 0x8E7C, 0x7E1A, 0x4CD5, 0x2B51, 0x2AF0, 0x4415, 0x5D9B, 0x4E5D, 0x463C, 0x3D59, 0x3C56, // 0x3090 (12432) pixels
    0x42AE, 0x3A0C, 0x39EC, 0x298C, 0x116C, 0x2332, 0x3D3A, 0x35BC, 0x2B11, 0x11AB, 0x2168, 0x20E4, 0x0000, 0x0000, 0x0000, 0x0000, // 0x30A0 (12448) pixels
    0x0000, 0x0000, 0x0000, 0x0000, 0x0000, 0x0000, 0x0000, 0x0000, 0x0000, 0x0000, 0x0000, 0x0000, 0x0000, 0x0000, 0x0000, 0x0000, // 0x30B0 (12464) pixels
    0x0000, 0x0000, 0x0000, 0x0000, 0x0000, 0x0000, 0x0000, 0x0000, 0x0000, 0x0000, 0x0000, 0x0000, 0x0000, 0x0000, 0x0000, 0x0000, // 0x30C0 (12480) pixels
    0x0000, 0x0000, 0x0000, 0x0000, 0x0000, 0x0000, 0x0000, 0x0000, 0x0000, 0x0000, 0x0000, 0x0000, 0x0000, 0x0000, 0x0000, 0x0000, // 0x30D0 (12496) pixels
    0x0020, 0x0040, 0x0862, 0x0801, 0x0001, 0x0001, 0x0822, 0x18C4, 0x226A, 0x1A8F, 0x01AE, 0x222F, 0xA557, 0xFFDE, 0xFFFF, 0xDFBF, // 0x30E0 (12512) pixels
    0x86FE, 0x55B9, 0x3434, 0x22D0, 0x198C, 0x0889, 0x0909, 0x2ACF, 0x8D76, 0xDFDF, 0xEFFF, 0xD77F, 0xBF1D, 0xAEFD, 0x9F1E, 0x8EFD, // 0x30F0 (12528) pixels
    0x6E3B, 0x5599, 0x3475, 0x22AF, 0x110A, 0x08C8, 0x32EF, 0x6DD9, 0x971D, 0x86DC, 0x86BC, 0x86BC, 0x96DC, 0x8E3B, 0x5C75, 0x3310, // 0x3100 (12544) pixels
    0x1AB0, 0x3C55, 0x459A, 0x4E5D, 0x565C, 0x4D38, 0x43D3, 0x32AE, 0x3A2A, 0x426B, 0x4A6B, 0x3988, 0x20E7, 0x2A6E, 0x3D18, 0x367D, // 0x3110 (12560) pixels
    0x2BAF, 0x29A8, 0x30C4, 0x1082, 0x0001, 0x0001, 0x0800, 0x0000, 0x0000, 0x0000, 0x0000, 0x0000, 0x0000, 0x0000, 0x0000, 0x0000, // 0x3120 (12576) pixels
    0x0000, 0x0000, 0x0000, 0x0000, 0x0000, 0x0000, 0x0000, 0x0000, 0x0000, 0x0000, 0x0000, 0x0000, 0x0000, 0x0000, 0x0000, 0x0000, // 0x3130 (12592) pixels
    0x0000, 0x0000, 0x0000, 0x0000, 0x0000, 0x0000, 0x0000, 0x0000, 0x0000, 0x0000, 0x0000, 0x0000, 0x0000, 0x0000, 0x0000, 0x0000, // 0x3140 (12608) pixels
    0x0000, 0x0000, 0x0000, 0x0000, 0x0000, 0x0000, 0x0000, 0x0000, 0x0000, 0x0000, 0x0020, 0x0000, 0x0000, 0x0000, 0x0000, 0x10A3, // 0x3150 (12624) pixels
    0x222B, 0x1A2D, 0x11EE, 0x5352, 0xC65A, 0xFFFF, 0xDFDF, 0xB73F, 0x663B, 0x3CB5, 0x1B10, 0x11ED, 0x112B, 0x110A, 0x2A4E, 0x6475, // 0x3160 (12640) pixels
    0xBEFC, 0xDFFF, 0xCFBF, 0xBF1D, 0xAEFD, 0x9EDD, 0x8EDD, 0x763B, 0x5538, 0x3C55, 0x1B30, 0x11EC, 0x08C9, 0x192A, 0x4BB2, 0x7E7B, // 0x3170 (12656) pixels
    0x971E, 0x7E9B, 0x86BC, 0x8EFC, 0x865B, 0x64F6, 0x3371, 0x22CF, 0x2C14, 0x4D79, 0x55FB, 0x459A, 0x3CD7, 0x3BD3, 0x3ACF, 0x31CB, // 0x3180 (12672) pixels
    0x31C8, 0x31C8, 0x422A, 0x41A8, 0x20C6, 0x222D, 0x34D7, 0x367C, 0x2C53, 0x2A0A, 0x30C4, 0x1862, 0x0020, 0x0000, 0x0000, 0x0000, // 0x3190 (12688) pixels
    0x0000, 0x0000, 0x0000, 0x0000, 0x0000, 0x0000, 0x0000, 0x0000, 0x0000, 0x0000, 0x0000, 0x0000, 0x0000, 0x0000, 0x0000, 0x0000, // 0x31A0 (12704) pixels
    0x0000, 0x0000, 0x0000, 0x0000, 0x0000, 0x0000, 0x0000, 0x0000, 0x0000, 0x0000, 0x0000, 0x0000, 0x0000, 0x0000, 0x0000, 0x0000, // 0x31B0 (12720) pixels
    0x0000, 0x0000, 0x0000, 0x0000, 0x0000, 0x0000, 0x0000, 0x0000, 0x0000, 0x0000, 0x0000, 0x0000, 0x0000, 0x0000, 0x0000, 0x0000, // 0x31C0 (12736) pixels
    0x0000, 0x0000, 0x0000, 0x0000, 0x0820, 0x0000, 0x0000, 0x10A2, 0x19EB, 0x21EC, 0x3AB0, 0x8CD7, 0xD71D, 0xDFBE, 0xA71D, 0x769D, // 0x31D0 (12752) pixels
    0x4D79, 0x2BB2, 0x120D, 0x094A, 0x012A, 0x11EC, 0x53D2, 0x9E3B, 0xD7DF, 0xD7DF, 0xB71D, 0xA6DD, 0x9F1E, 0x8EBD, 0x75FB, 0x5517, // 0x31E0 (12768) pixels
    0x4C14, 0x2B10, 0x0A0D, 0x094B, 0x08E9, 0x29EC, 0x5C95, 0x8EFD, 0x973E, 0x7E7B, 0x86BC, 0x8EDD, 0x75B9, 0x3BB2, 0x1AAE, 0x2B31, // 0x31F0 (12784) pixels
    0x3D79, 0x563C, 0x4D9A, 0x2C14, 0x2310, 0x328D, 0x39EB, 0x3127, 0x18E4, 0x10C3, 0x3187, 0x49C8, 0x3127, 0x222C, 0x34D6, 0x3E9C, // 0x3200 (12800) pixels
    0x2D58, 0x2ACE, 0x3126, 0x2082, 0x0040, 0x0000, 0x0000, 0x0000, 0x0000, 0x0000, 0x0000, 0x0000, 0x0000, 0x0000, 0x0000, 0x0000, // 0x3210 (12816) pixels
    0x0000, 0x0000, 0x0000, 0x0000, 0x0000, 0x0000, 0x0000, 0x0000, 0x0000, 0x0000, 0x0000, 0x0000, 0x0000, 0x0000, 0x0000, 0x0000, // 0x3220 (12832) pixels
    0x0000, 0x0000, 0x0000, 0x0000, 0x0000, 0x0000, 0x0000, 0x0000, 0x0000, 0x0000, 0x0000, 0x0000, 0x0000, 0x0000, 0x0000, 0x0000, // 0x3230 (12848) pixels
    0x0000, 0x0000, 0x0000, 0x0000, 0x0000, 0x0000, 0x0000, 0x0000, 0x0000, 0x0000, 0x0000, 0x0000, 0x0820, 0x0000, 0x0000, 0x10C2, // 0x3240 (12864) pixels
    0x19CB, 0x322D, 0x73D4, 0xBE1B, 0xCF3E, 0xAF1C, 0x6E5B, 0x45FB, 0x34B6, 0x22D0, 0x196B, 0x110A, 0x098B, 0x22EF, 0x6D16, 0xBF3E, // 0x3250 (12880) pixels
    0xCFBF, 0xBF5E, 0x9EDD, 0x8EDD, 0x8EDE, 0x761C, 0x5D19, 0x3BF5, 0x3B11, 0x224E, 0x11AC, 0x114B, 0x194B, 0x328F, 0x6D37, 0x8F1D, // 0x3260 (12896) pixels
    0x973E, 0x7E9B, 0x869B, 0x8E7B, 0x64F6, 0x2AEF, 0x1AAF, 0x3BF4, 0x45FA, 0x4DDA, 0x3C56, 0x1AAF, 0x21EC, 0x31EB, 0x3167, 0x20A3, // 0x3270 (12912) pixels
    0x0001, 0x0000, 0x20E3, 0x49C7, 0x41A8, 0x326C, 0x3C94, 0x3E5A, 0x2E3B, 0x2C13, 0x320A, 0x28E4, 0x1040, 0x0020, 0x0000, 0x0000, // 0x3280 (12928) pixels
    0x0000, 0x0000, 0x0000, 0x0000, 0x0000, 0x0000, 0x0000, 0x0000, 0x0000, 0x0000, 0x0000, 0x0000, 0x0000, 0x0000, 0x0000, 0x0000, // 0x3290 (12944) pixels
    0x0000, 0x0000, 0x0000, 0x0000, 0x0000, 0x0000, 0x0000, 0x0000, 0x0000, 0x0000, 0x0000, 0x0000, 0x0000, 0x0000, 0x0000, 0x0000, // 0x32A0 (12960) pixels
    0x0000, 0x0000, 0x0000, 0x0000, 0x0000, 0x0000, 0x0000, 0x0000, 0x0000, 0x0000, 0x0000, 0x0000, 0x0000, 0x0000, 0x0000, 0x0000, // 0x32B0 (12976) pixels
    0x0000, 0x0000, 0x0000, 0x0000, 0x0000, 0x0000, 0x0040, 0x1904, 0x21EC, 0x4AF0, 0x9CF8, 0xCEDE, 0xBF3E, 0x86BC, 0x561A, 0x3579, // 0x32C0 (12992) pixels
    0x23B3, 0x1A0D, 0x212A, 0x214B, 0x1A2D, 0x33D2, 0x7DD9, 0xC77E, 0xBF7E, 0xA71D, 0x8EBC, 0x7E9C, 0x6E1C, 0x5D59, 0x4C56, 0x3352, // 0x32D0 (13008) pixels
    0x322E, 0x29ED, 0x21AD, 0x198C, 0x21CC, 0x4371, 0x75B9, 0x975E, 0x8EFD, 0x86DC, 0x86BC, 0x7DD9, 0x4BF3, 0x228E, 0x22F0, 0x4476, // 0x32E0 (13024) pixels
    0x55BA, 0x44D8, 0x2B32, 0x19EC, 0x218A, 0x2988, 0x18E4, 0x0820, 0x0000, 0x0000, 0x1081, 0x3965, 0x49C8, 0x3A6C, 0x3C12, 0x3DB8, // 0x32F0 (13040) pixels
    0x367C, 0x3537, 0x3B2F, 0x3167, 0x1041, 0x0020, 0x0000, 0x0000, 0x0000, 0x0000, 0x0000, 0x0000, 0x0000, 0x0000, 0x0000, 0x0000, // 0x3300 (13056) pixels
    0x0000, 0x0000, 0x0000, 0x0000, 0x0000, 0x0000, 0x0000, 0x0000, 0x0000, 0x0000, 0x0000, 0x0000, 0x0000, 0x0000, 0x0000, 0x0000, // 0x3310 (13072) pixels
    0x0000, 0x0000, 0x0000, 0x0000, 0x0000, 0x0000, 0x0000, 0x0000, 0x0000, 0x0000, 0x0000, 0x0000, 0x0000, 0x0000, 0x0000, 0x0000, // 0x3320 (13088) pixels
    0x0000, 0x0000, 0x0000, 0x0000, 0x0000, 0x0000, 0x0000, 0x0000, 0x0000, 0x0000, 0x0000, 0x0000, 0x0000, 0x0000, 0x08A3, 0x2167, // 0x3330 (13104) pixels
    0x2A2D, 0x63B2, 0xADDA, 0xBF1E, 0x96FE, 0x6E9C, 0x4DFA, 0x2CF7, 0x22F0, 0x198B, 0x292A, 0x29AC, 0x22AF, 0x4495, 0x863A, 0xBF5D, // 0x3340 (13120) pixels
    0xAF5E, 0x9EFD, 0x7E7C, 0x6E1B, 0x5D7A, 0x4C97, 0x3B52, 0x2A4E, 0x21ED, 0x29ED, 0x29CD, 0x198C, 0x224E, 0x5434, 0x7E3A, 0x8F5E, // 0x3350 (13136) pixels
    0x8EFD, 0x8F1D, 0x8EDD, 0x6D58, 0x4351, 0x226F, 0x2B32, 0x44B7, 0x5539, 0x3C15, 0x22B0, 0x21AC, 0x216A, 0x2126, 0x0061, 0x0020, // 0x3360 (13152) pixels
    0x0000, 0x0000, 0x0020, 0x18A2, 0x3967, 0x424B, 0x3B70, 0x3CB5, 0x3599, 0x3D99, 0x3C34, 0x320B, 0x1883, 0x0000, 0x0020, 0x0000, // 0x3370 (13168) pixels
    0x0000, 0x0000, 0x0000, 0x0000, 0x0000, 0x0000, 0x0000, 0x0000, 0x0000, 0x0000, 0x0000, 0x0000, 0x0000, 0x0000, 0x0000, 0x0000, // 0x3380 (13184) pixels
    0x0000, 0x0000, 0x0000, 0x0000, 0x0000, 0x0000, 0x0000, 0x0000, 0x0000, 0x0000, 0x0000, 0x0000, 0x0000, 0x0000, 0x0000, 0x0000, // 0x3390 (13200) pixels
    0x0000, 0x0000, 0x0000, 0x0000, 0x0000, 0x0000, 0x0000, 0x0000, 0x0000, 0x0000, 0x0000, 0x0000, 0x0000, 0x0000, 0x0000, 0x0000, // 0x33A0 (13216) pixels
    0x0000, 0x0000, 0x0000, 0x0020, 0x0000, 0x0021, 0x1906, 0x2189, 0x326E, 0x6C34, 0xA61B, 0x9EBD, 0x6E5C, 0x563C, 0x4D79, 0x3433, // 0x33B0 (13232) pixels
    0x226F, 0x216A, 0x3149, 0x320C, 0x2B31, 0x5518, 0x8E9C, 0xAF1D, 0xA73E, 0x869C, 0x65DA, 0x5D7A, 0x54F8, 0x43D4, 0x326F, 0x21AB, // 0x33C0 (13248) pixels
    0x21CC, 0x2A0E, 0x21CD, 0x198C, 0x32F0, 0x6537, 0x86BC, 0x8F3D, 0x8EFD, 0x86DC, 0x7E3A, 0x5474, 0x3AD0, 0x32B0, 0x33B4, 0x4519, // 0x33D0 (13264) pixels
    0x4CF7, 0x33D4, 0x22B0, 0x19CC, 0x1969, 0x10C5, 0x0000, 0x0000, 0x0000, 0x0000, 0x0020, 0x0020, 0x28E4, 0x39EA, 0x3ACE, 0x2B71, // 0x33E0 (13280) pixels
    0x2BF3, 0x3D58, 0x3CF7, 0x3B10, 0x2907, 0x0820, 0x0020, 0x0000, 0x0000, 0x0000, 0x0000, 0x0000, 0x0000, 0x0000, 0x0000, 0x0000, // 0x33F0 (13296) pixels
    0x0000, 0x0000, 0x0000, 0x0000, 0x0000, 0x0000, 0x0000, 0x0000, 0x0000, 0x0000, 0x0000, 0x0000, 0x0000, 0x0000, 0x0000, 0x0000, // 0x3400 (13312) pixels
    0x0000, 0x0000, 0x0000, 0x0000, 0x0000, 0x0000, 0x0000, 0x0000, 0x0000, 0x0000, 0x0000, 0x0000, 0x0000, 0x0000, 0x0000, 0x0000, // 0x3410 (13328) pixels
    0x0000, 0x0000, 0x0000, 0x0000, 0x0000, 0x0000, 0x0000, 0x0000, 0x0000, 0x0000, 0x0000, 0x0000, 0x0000, 0x0022, 0x1907, 0x2149, // 0x3420 (13344) pixels
    0x326E, 0x6C54, 0x9E1B, 0x761B, 0x4599, 0x3D9A, 0x44F7, 0x33B1, 0x21ED, 0x2129, 0x3189, 0x3A6D, 0x3BB3, 0x659A, 0x96DE, 0xAF1D, // 0x3430 (13360) pixels
    0x971D, 0x763B, 0x5538, 0x4CD8, 0x4C97, 0x4352, 0x2A0D, 0x298A, 0x19CC, 0x2A0D, 0x21AC, 0x11AC, 0x3B72, 0x75FA, 0x8F3D, 0x873D, // 0x3440 (13376) pixels
    0x86DC, 0x7639, 0x5516, 0x3B71, 0x328F, 0x3AF1, 0x4415, 0x4D5A, 0x4D17, 0x33F4, 0x22D0, 0x19CC, 0x1949, 0x1085, 0x0000, 0x0000, // 0x3450 (13392) pixels
    0x0000, 0x0020, 0x0020, 0x0000, 0x1862, 0x3188, 0x324C, 0x124C, 0x228D, 0x34D6, 0x3D59, 0x43D4, 0x31AA, 0x0842, 0x0020, 0x0020, // 0x3460 (13408) pixels
    0x0000, 0x0000, 0x0000, 0x0000, 0x0000, 0x0000, 0x0000, 0x0000, 0x0000, 0x0000, 0x0000, 0x0000, 0x0000, 0x0000, 0x0000, 0x0000, // 0x3470 (13424) pixels
    0x0000, 0x0000, 0x0000, 0x0000, 0x0000, 0x0000, 0x0000, 0x0000, 0x0000, 0x0000, 0x0000, 0x0000, 0x0000, 0x0000, 0x0000, 0x0000, // 0x3480 (13440) pixels
    0x0000, 0x0000, 0x0000, 0x0000, 0x0000, 0x0000, 0x0000, 0x0000, 0x0000, 0x0000, 0x0000, 0x0000, 0x0000, 0x0000, 0x0000, 0x0000, // 0x3490 (13456) pixels
    0x0000, 0x0000, 0x0020, 0x0000, 0x0000, 0x0843, 0x1908, 0x192A, 0x2AAF, 0x54B7, 0x663C, 0x4E1B, 0x45B9, 0x3D17, 0x33D3, 0x2AEF, // 0x34A0 (13472) pixels
    0x31C9, 0x2949, 0x29AD, 0x32F1, 0x4455, 0x7DFA, 0xA71E, 0xAF5F, 0x86DE, 0x5D9A, 0x44B7, 0x4C77, 0x4BD5, 0x32AF, 0x21EB, 0x21EA, // 0x34B0 (13488) pixels
    0x29EB, 0x29CC, 0x194C, 0x19ED, 0x4413, 0x7E7B, 0x9F9F, 0x973E, 0x7E9E, 0x5CD7, 0x4330, 0x3A8E, 0x32AF, 0x3332, 0x4456, 0x5538, // 0x34C0 (13504) pixels
    0x4C98, 0x3374, 0x1A6F, 0x11EB, 0x1166, 0x0882, 0x0000, 0x0000, 0x0000, 0x0000, 0x0000, 0x0000, 0x0041, 0x18E4, 0x2986, 0x31C7, // 0x34D0 (13520) pixels
    0x3128, 0x42EE, 0x4CB5, 0x3CD6, 0x230F, 0x0927, 0x0021, 0x0800, 0x0000, 0x0000, 0x0000, 0x0000, 0x0000, 0x0000, 0x0000, 0x0000, // 0x34E0 (13536) pixels
    0x0000, 0x0000, 0x0000, 0x0000, 0x0000, 0x0000, 0x0000, 0x0000, 0x0000, 0x0000, 0x0000, 0x0000, 0x0000, 0x0000, 0x0000, 0x0000, // 0x34F0 (13552) pixels
    0x0000, 0x0000, 0x0000, 0x0000, 0x0000, 0x0000, 0x0000, 0x0000, 0x0000, 0x0000, 0x0000, 0x0000, 0x0000, 0x0000, 0x0000, 0x0000, // 0x3500 (13568) pixels
    0x0000, 0x0000, 0x0000, 0x0000, 0x0000, 0x0000, 0x0000, 0x0000, 0x0000, 0x0000, 0x0000, 0x0000, 0x0801, 0x1085, 0x1929, 0x11AB, // 0x3510 (13584) pixels
    0x2B51, 0x5538, 0x663C, 0x4DDA, 0x3D38, 0x3455, 0x2B10, 0x222D, 0x31A8, 0x316A, 0x29EE, 0x3332, 0x54B6, 0x8E5B, 0xAF3F, 0xA73E, // 0x3520 (13600) pixels
    0x6DFB, 0x4D18, 0x4497, 0x4C56, 0x4373, 0x326E, 0x2A0C, 0x2A0A, 0x29AA, 0x298B, 0x192B, 0x19EE, 0x4C34, 0x86BB, 0x9FDF, 0x975E, // 0x3530 (13616) pixels
    0x6DFB, 0x4C34, 0x3AAD, 0x3A6D, 0x328E, 0x3352, 0x4476, 0x4D59, 0x4CB7, 0x2332, 0x120E, 0x19EB, 0x1947, 0x0861, 0x0000, 0x0000, // 0x3540 (13632) pixels
    0x0000, 0x0000, 0x0000, 0x0000, 0x0000, 0x0061, 0x18E4, 0x2986, 0x3967, 0x3A6B, 0x3BB1, 0x3BF2, 0x3330, 0x21C9, 0x1083, 0x0000, // 0x3550 (13648) pixels
    0x0000, 0x0000, 0x0000, 0x0000, 0x0000, 0x0000, 0x0000, 0x0000, 0x0000, 0x0000, 0x0000, 0x0000, 0x0000, 0x0000, 0x0000, 0x0000, // 0x3560 (13664) pixels
    0x0000, 0x0000, 0x0000, 0x0000, 0x0000, 0x0000, 0x0000, 0x0000, 0x0000, 0x0000, 0x0000, 0x0000, 0x0000, 0x0000, 0x0000, 0x0000, // 0x3570 (13680) pixels
    0x0000, 0x0000, 0x0000, 0x0000, 0x0000, 0x0000, 0x0000, 0x0000, 0x0000, 0x0000, 0x0000, 0x0000, 0x0000, 0x0000, 0x0000, 0x0000, // 0x3580 (13696) pixels
    0x0000, 0x0000, 0x0000, 0x0000, 0x1041, 0x18E6, 0x1189, 0x1A6E, 0x3475, 0x4D79, 0x55BA, 0x3CF7, 0x3435, 0x2B51, 0x224E, 0x21AB, // 0x3590 (13712) pixels
    0x3188, 0x31AA, 0x326F, 0x3BD3, 0x6578, 0x96BD, 0xA73E, 0x96BD, 0x5559, 0x3CD7, 0x3C76, 0x43D4, 0x32D0, 0x2A0D, 0x31EB, 0x29C9, // 0x35A0 (13728) pixels
    0x2969, 0x212A, 0x190B, 0x220E, 0x4C34, 0x86DC, 0xA7FF, 0x8F5E, 0x5D18, 0x3B50, 0x324B, 0x422C, 0x324D, 0x3352, 0x3CB7, 0x4559, // 0x35B0 (13744) pixels
    0x44B6, 0x1AF0, 0x11CC, 0x29CB, 0x2968, 0x0862, 0x0000, 0x0000, 0x0000, 0x0000, 0x0000, 0x0000, 0x0000, 0x0000, 0x0061, 0x18E4, // 0x35C0 (13760) pixels
    0x2905, 0x29C8, 0x2A8C, 0x32EE, 0x3AAD, 0x31EA, 0x1904, 0x0040, 0x0000, 0x0000, 0x0000, 0x0000, 0x0000, 0x0000, 0x0000, 0x0000, // 0x35D0 (13776) pixels
    0x0000, 0x0000, 0x0000, 0x0000, 0x0000, 0x0000, 0x0000, 0x0000, 0x0000, 0x0000, 0x0000, 0x0000, 0x0000, 0x0000, 0x0000, 0x0000, // 0x35E0 (13792) pixels
    0x0000, 0x0000, 0x0000, 0x0000, 0x0000, 0x0000, 0x0000, 0x0000, 0x0000, 0x0000, 0x0000, 0x0000, 0x0000, 0x0000, 0x0000, 0x0000, // 0x35F0 (13808) pixels
    0x0000, 0x0000, 0x0000, 0x0000, 0x0000, 0x0000, 0x0000, 0x0000, 0x0000, 0x0000, 0x0020, 0x0000, 0x1082, 0x1947, 0x120C, 0x2B92, // 0x3600 (13824) pixels
    0x4538, 0x4538, 0x34B7, 0x23D3, 0x2311, 0x224E, 0x21CC, 0x29AC, 0x39A9, 0x31EB, 0x32D0, 0x4475, 0x6DFA, 0x96DD, 0x96BD, 0x761A, // 0x3610 (13840) pixels
    0x4538, 0x3C96, 0x33D4, 0x3311, 0x2A4E, 0x29EB, 0x2989, 0x2947, 0x2947, 0x2109, 0x212A, 0x2A2E, 0x4C34, 0x7EBC, 0x9FDF, 0x873E, // 0x3620 (13856) pixels
    0x5475, 0x32AD, 0x3A0A, 0x4A2B, 0x322C, 0x2B11, 0x3CB7, 0x3D39, 0x44B6, 0x1AF0, 0x11AC, 0x29CC, 0x39A9, 0x18A3, 0x0000, 0x0000, // 0x3630 (13872) pixels
    0x0000, 0x0000, 0x0000, 0x0000, 0x0000, 0x0000, 0x0000, 0x0021, 0x1861, 0x1904, 0x2187, 0x29A8, 0x3188, 0x2947, 0x18E4, 0x0081, // 0x3640 (13888) pixels
    0x0000, 0x0000, 0x0000, 0x0000, 0x0000, 0x0000, 0x0000, 0x0000, 0x0000, 0x0000, 0x0000, 0x0000, 0x0000, 0x0000, 0x0000, 0x0000, // 0x3650 (13904) pixels
    0x0000, 0x0000, 0x0000, 0x0000, 0x0000, 0x0000, 0x0000, 0x0000, 0x0000, 0x0000, 0x0000, 0x0000, 0x0000, 0x0000, 0x0000, 0x0000, // 0x3660 (13920) pixels
    0x0000, 0x0000, 0x0000, 0x0000, 0x0000, 0x0000, 0x0000, 0x0000, 0x0000, 0x0000, 0x0000, 0x0000, 0x0000, 0x0000, 0x0000, 0x0000, // 0x3670 (13936) pixels
    0x0000, 0x0000, 0x0000, 0x0000, 0x10C4, 0x21AA, 0x1A8E, 0x3415, 0x44D8, 0x3435, 0x1B52, 0x1AB0, 0x1A4E, 0x19CC, 0x218B, 0x31AB, // 0x3680 (13952) pixels
    0x39AA, 0x320C, 0x3351, 0x4CF7, 0x6E3B, 0x8E9C, 0x7E3B, 0x5D99, 0x4D39, 0x3C76, 0x2311, 0x1A2D, 0x2A0C, 0x29AA, 0x2106, 0x18A4, // 0x3690 (13968) pixels
    0x2126, 0x2108, 0x294B, 0x326F, 0x4C54, 0x7E9B, 0x977F, 0x769C, 0x4C14, 0x3AAD, 0x422A, 0x4A0A, 0x31EB, 0x2AF0, 0x3C97, 0x4539, // 0x36A0 (13984) pixels
    0x3CB5, 0x2B92, 0x1A2E, 0x21CC, 0x39EB, 0x2125, 0x0040, 0x0000, 0x0000, 0x0000, 0x0000, 0x0000, 0x0000, 0x0020, 0x0000, 0x0000, // 0x36B0 (14000) pixels
    0x0800, 0x0841, 0x1082, 0x1083, 0x1884, 0x18A4, 0x0882, 0x0041, 0x0000, 0x0000, 0x0000, 0x0000, 0x0000, 0x0000, 0x0000, 0x0000, // 0x36C0 (14016) pixels
    0x0000, 0x0000, 0x0000, 0x0000, 0x0000, 0x0000, 0x0000, 0x0000, 0x0000, 0x0000, 0x0000, 0x0000, 0x0000, 0x0000, 0x0000, 0x0000, // 0x36D0 (14032) pixels
    0x0000, 0x0000, 0x0000, 0x0000, 0x0000, 0x0000, 0x0000, 0x0000, 0x0000, 0x0000, 0x0000, 0x0000, 0x0000, 0x0000, 0x0000, 0x0000, // 0x36E0 (14048) pixels
    0x0000, 0x0000, 0x0000, 0x0000, 0x0000, 0x0000, 0x0000, 0x0000, 0x0000, 0x0000, 0x0000, 0x0062, 0x1948, 0x2A2C, 0x22B0, 0x33D4, // 0x36F0 (14064) pixels
    0x33B3, 0x1AF1, 0x126F, 0x1A2E, 0x220D, 0x218B, 0x2169, 0x3189, 0x31AB, 0x2A4E, 0x33D3, 0x4579, 0x665B, 0x763B, 0x65BA, 0x4D58, // 0x3700 (14080) pixels
    0x5539, 0x3C15, 0x228F, 0x19CB, 0x29AA, 0x1927, 0x0863, 0x0822, 0x1905, 0x2928, 0x296B, 0x3AAF, 0x5CB6, 0x86BC, 0x8F1E, 0x65DA, // 0x3710 (14096) pixels
    0x4C14, 0x430E, 0x422A, 0x41C8, 0x29A9, 0x2AAE, 0x3C15, 0x44F8, 0x4CF6, 0x4475, 0x2B32, 0x226E, 0x324C, 0x29A8, 0x10A3, 0x0000, // 0x3720 (14112) pixels
    0x0000, 0x0000, 0x0000, 0x0000, 0x0000, 0x0020, 0x0020, 0x0000, 0x0000, 0x0000, 0x0000, 0x0000, 0x0800, 0x0821, 0x0021, 0x0000, // 0x3730 (14128) pixels
    0x0000, 0x0000, 0x0000, 0x0000, 0x0000, 0x0000, 0x0000, 0x0000, 0x0000, 0x0000, 0x0000, 0x0000, 0x0000, 0x0000, 0x0000, 0x0000, // 0x3740 (14144) pixels
    0x0000, 0x0000, 0x0000, 0x0000, 0x0000, 0x0000, 0x0000, 0x0000, 0x0000, 0x0000, 0x0000, 0x0000, 0x0000, 0x0000, 0x0000, 0x0000, // 0x3750 (14160) pixels
    0x0000, 0x0000, 0x0000, 0x0000, 0x0000, 0x0000, 0x0000, 0x0000, 0x0000, 0x0000, 0x0000, 0x0000, 0x0000, 0x0000, 0x0000, 0x0000, // 0x3760 (14176) pixels
    0x0800, 0x0021, 0x0083, 0x0927, 0x21EC, 0x2A4F, 0x2290, 0x2312, 0x22D1, 0x1A6F, 0x1A2E, 0x19ED, 0x21CB, 0x298A, 0x3189, 0x3989, // 0x3770 (14192) pixels
    0x31CC, 0x32D0, 0x3C96, 0x4DFB, 0x5E7C, 0x6E1B, 0x5579, 0x3D38, 0x4498, 0x3373, 0x222E, 0x21CB, 0x2189, 0x08A4, 0x0021, 0x0821, // 0x3780 (14208) pixels
    0x1925, 0x2127, 0x214A, 0x3AAF, 0x6D17, 0x96FD, 0x8EFE, 0x6579, 0x4C15, 0x4B70, 0x424A, 0x3187, 0x2988, 0x2A6D, 0x3352, 0x4414, // 0x3790 (14224) pixels
    0x44D6, 0x4CD7, 0x4477, 0x3372, 0x2ACE, 0x2A4A, 0x2166, 0x0862, 0x0000, 0x0000, 0x0000, 0x0000, 0x0000, 0x0000, 0x0000, 0x0000, // 0x37A0 (14240) pixels
    0x0000, 0x0000, 0x0000, 0x0000, 0x0000, 0x0000, 0x0000, 0x0000, 0x0000, 0x0000, 0x0000, 0x0000, 0x0000, 0x0000, 0x0000, 0x0000, // 0x37B0 (14256) pixels
    0x0000, 0x0000, 0x0000, 0x0000, 0x0000, 0x0000, 0x0000, 0x0000, 0x0000, 0x0000, 0x0000, 0x0000, 0x0000, 0x0000, 0x0000, 0x0000, // 0x37C0 (14272) pixels
    0x0000, 0x0000, 0x0000, 0x0000, 0x0000, 0x0000, 0x0000, 0x0000, 0x0000, 0x0000, 0x0000, 0x0000, 0x0000, 0x0000, 0x0000, 0x0000, // 0x37D0 (14288) pixels
    0x0000, 0x0000, 0x0000, 0x0000, 0x0000, 0x0000, 0x0000, 0x0000, 0x0800, 0x0883, 0x0926, 0x11EA, 0x226E, 0x224F, 0x2250, 0x1A70, // 0x37E0 (14304) pixels
    0x2AB0, 0x2A90, 0x224F, 0x21CC, 0x218A, 0x298A, 0x41A9, 0x49C9, 0x31ED, 0x3B52, 0x4519, 0x4E5C, 0x5E7C, 0x65DA, 0x4D59, 0x2CF8, // 0x37F0 (14320) pixels
    0x2B94, 0x1A90, 0x21ED, 0x29EC, 0x2168, 0x0083, 0x0041, 0x10A3, 0x2165, 0x2147, 0x1929, 0x3A8E, 0x7538, 0x9F1E, 0x96FE, 0x6579, // 0x3800 (14336) pixels
    0x4C15, 0x53B1, 0x426A, 0x3166, 0x29A8, 0x2A2C, 0x2AAF, 0x3331, 0x2C13, 0x3C96, 0x4CF9, 0x3C56, 0x2B50, 0x32ED, 0x3A4A, 0x2105, // 0x3810 (14352) pixels
    0x0820, 0x0000, 0x0000, 0x0000, 0x0000, 0x0000, 0x0000, 0x0000, 0x0001, 0x0000, 0x0000, 0x0000, 0x0020, 0x0000, 0x0000, 0x0000, // 0x3820 (14368) pixels
    0x0000, 0x0000, 0x0000, 0x0000, 0x0000, 0x0000, 0x0000, 0x0000, 0x0000, 0x0000, 0x0000, 0x0000, 0x0000, 0x0000, 0x0000, 0x0000, // 0x3830 (14384) pixels
    0x0000, 0x0000, 0x0000, 0x0000, 0x0000, 0x0000, 0x0000, 0x0000, 0x0000, 0x0000, 0x0000, 0x0000, 0x0000, 0x0000, 0x0000, 0x0000, // 0x3840 (14400) pixels
    0x0000, 0x0000, 0x0000, 0x0000, 0x0000, 0x0000, 0x0000, 0x0000, 0x0000, 0x0000, 0x0000, 0x0000, 0x0000, 0x0000, 0x0000, 0x0841, // 0x3850 (14416) pixels
    0x08A6, 0x116A, 0x19CD, 0x1A2F, 0x2291, 0x2250, 0x19EE, 0x220E, 0x224F, 0x2A4F, 0x29CC, 0x2169, 0x3189, 0x41EA, 0x420A, 0x39EA, // 0x3860 (14432) pixels
    0x324D, 0x4413, 0x4DB9, 0x4E7C, 0x569D, 0x55DB, 0x3C75, 0x2350, 0x198B, 0x218A, 0x29CB, 0x29C9, 0x10C4, 0x0000, 0x0840, 0x18C2, // 0x3870 (14448) pixels
    0x18E4, 0x2946, 0x2147, 0x2A0B, 0x5C13, 0x967D, 0x9F5F, 0x6E1A, 0x5C35, 0x3B0F, 0x4ACD, 0x39E8, 0x20E4, 0x3967, 0x420A, 0x420B, // 0x3880 (14464) pixels
    0x3AEE, 0x4391, 0x4455, 0x44B7, 0x3C34, 0x2B30, 0x328C, 0x322A, 0x2104, 0x0020, 0x0000, 0x0000, 0x0000, 0x0000, 0x0000, 0x0000, // 0x3890 (14480) pixels
    0x0000, 0x0000, 0x0000, 0x0000, 0x0000, 0x0000, 0x0000, 0x0000, 0x0000, 0x0000, 0x0000, 0x0000, 0x0000, 0x0000, 0x0000, 0x0000, // 0x38A0 (14496) pixels
    0x0000, 0x0000, 0x0000, 0x0000, 0x0000, 0x0000, 0x0000, 0x0000, 0x0000, 0x0000, 0x0000, 0x0000, 0x0000, 0x0000, 0x0000, 0x0000, // 0x38B0 (14512) pixels
    0x0000, 0x0000, 0x0000, 0x0000, 0x0000, 0x0000, 0x0000, 0x0000, 0x0000, 0x0000, 0x0000, 0x0000, 0x0000, 0x0000, 0x0000, 0x0000, // 0x38C0 (14528) pixels
    0x0000, 0x0000, 0x0000, 0x0000, 0x0000, 0x0000, 0x0000, 0x0861, 0x2989, 0x2A0B, 0x2A2D, 0x2A6E, 0x2AB0, 0x2A4F, 0x21EC, 0x21CB, // 0x38D0 (14544) pixels
    0x19AB, 0x21CA, 0x21A9, 0x2167, 0x2967, 0x31A8, 0x39E9, 0x424B, 0x332F, 0x4CB5, 0x561A, 0x567C, 0x561B, 0x4CD7, 0x230F, 0x09AA, // 0x38E0 (14560) pixels
    0x1108, 0x2989, 0x29A9, 0x1906, 0x0042, 0x0000, 0x0000, 0x0020, 0x0841, 0x2125, 0x29A8, 0x29EA, 0x32CE, 0x64B6, 0x8E7C, 0x869C, // 0x38F0 (14576) pixels
    0x64B7, 0x3B30, 0x3A8C, 0x2987, 0x18A3, 0x20C4, 0x3167, 0x422B, 0x3A4B, 0x3ACE, 0x3B71, 0x3C13, 0x3BF3, 0x2B2F, 0x32AD, 0x3A6B, // 0x3900 (14592) pixels
    0x3186, 0x1082, 0x0000, 0x0000, 0x0000, 0x0000, 0x0000, 0x0000, 0x0000, 0x0000, 0x0000, 0x0000, 0x0000, 0x0000, 0x0000, 0x0000, // 0x3910 (14608) pixels
    0x0000, 0x0000, 0x0000, 0x0000, 0x0000, 0x0000, 0x0000, 0x0000, 0x0000, 0x0000, 0x0000, 0x0000, 0x0000, 0x0000, 0x0000, 0x0000, // 0x3920 (14624) pixels
    0x0000, 0x0000, 0x0000, 0x0000, 0x0000, 0x0000, 0x0000, 0x0000, 0x0000, 0x0000, 0x0000, 0x0000, 0x0000, 0x0000, 0x0000, 0x0000, // 0x3930 (14640) pixels
    0x0000, 0x0000, 0x0000, 0x0000, 0x0000, 0x0000, 0x0000, 0x0000, 0x0000, 0x0000, 0x0000, 0x0000, 0x0000, 0x0000, 0x0020, 0x1082, // 0x3940 (14656) pixels
    0x3A09, 0x3A2A, 0x320A, 0x2A2B, 0x326D, 0x2A2C, 0x21A9, 0x2168, 0x1926, 0x1925, 0x18E4, 0x10C3, 0x10C3, 0x1105, 0x29E9, 0x42ED, // 0x3950 (14672) pixels
    0x3C33, 0x4537, 0x561A, 0x5E1A, 0x4CF7, 0x32EF, 0x1169, 0x08E6, 0x2988, 0x31A9, 0x2126, 0x0022, 0x0000, 0x0000, 0x0000, 0x0000, // 0x3960 (14688) pixels
    0x0000, 0x18C3, 0x2987, 0x29C9, 0x19AA, 0x2AAD, 0x5C95, 0x861B, 0x6D38, 0x43B2, 0x328D, 0x2188, 0x10A4, 0x0021, 0x1083, 0x31C8, // 0x3970 (14704) pixels
    0x420A, 0x3A4B, 0x328C, 0x330F, 0x332F, 0x2ACD, 0x2A6B, 0x2A2A, 0x3186, 0x10A2, 0x0020, 0x0000, 0x0000, 0x0000, 0x0000, 0x0000, // 0x3980 (14720) pixels
    0x0000, 0x0000, 0x0000, 0x0000, 0x0000, 0x0000, 0x0000, 0x0000, 0x0000, 0x0000, 0x0000, 0x0000, 0x0000, 0x0000, 0x0000, 0x0000, // 0x3990 (14736) pixels
    0x0000, 0x0000, 0x0000, 0x0000, 0x0000, 0x0000, 0x0000, 0x0000, 0x0000, 0x0000, 0x0000, 0x0000, 0x0000, 0x0000, 0x0000, 0x0000, // 0x39A0 (14752) pixels
    0x0000, 0x0000, 0x0000, 0x0000, 0x0000, 0x0000, 0x0000, 0x0000, 0x0000, 0x0000, 0x0000, 0x0000, 0x0000, 0x0000, 0x0000, 0x0000, // 0x39B0 (14768) pixels
    0x0000, 0x0000, 0x0000, 0x0000, 0x0000, 0x0000, 0x0000, 0x0861, 0x2924, 0x2145, 0x1925, 0x1926, 0x2167, 0x2146, 0x1905, 0x18E4, // 0x39C0 (14784) pixels
    0x18C2, 0x1081, 0x0840, 0x0000, 0x0021, 0x00A3, 0x19CA, 0x4330, 0x44D5, 0x4537, 0x4537, 0x4494, 0x330F, 0x2189, 0x2127, 0x39A8, // 0x39D0 (14800) pixels
    0x41C8, 0x2925, 0x0841, 0x0000, 0x0000, 0x0000, 0x0000, 0x0020, 0x0000, 0x0820, 0x2104, 0x31C8, 0x29EA, 0x21CA, 0x32AE, 0x53F3, // 0x39E0 (14816) pixels
    0x5495, 0x5413, 0x4330, 0x320A, 0x1906, 0x0021, 0x0000, 0x10E3, 0x41C7, 0x41E8, 0x320A, 0x328C, 0x3ACD, 0x328C, 0x322A, 0x2187, // 0x39F0 (14832) pixels
    0x18E3, 0x0841, 0x0000, 0x0000, 0x0000, 0x0000, 0x0000, 0x0000, 0x0000, 0x0000, 0x0000, 0x0000, 0x0000, 0x0000, 0x0000, 0x0000, // 0x3A00 (14848) pixels
    0x0000, 0x0000, 0x0000, 0x0000, 0x0000, 0x0000, 0x0000, 0x0000, 0x0000, 0x0000, 0x0000, 0x0000, 0x0000, 0x0000, 0x0000, 0x0000, // 0x3A10 (14864) pixels
    0x0000, 0x0000, 0x0000, 0x0000, 0x0000, 0x0000, 0x0000, 0x0000, 0x0000, 0x0000, 0x0000, 0x0000, 0x0000, 0x0000, 0x0000, 0x0000, // 0x3A20 (14880) pixels
    0x0000, 0x0000, 0x0000, 0x0000, 0x0000, 0x0000, 0x0000, 0x0000, 0x0000, 0x0000, 0x0000, 0x0000, 0x0000, 0x0000, 0x0000, 0x0020, // 0x3A30 (14896) pixels
    0x0820, 0x0820, 0x0020, 0x0021, 0x0841, 0x0841, 0x0841, 0x0841, 0x0820, 0x0800, 0x0000, 0x0000, 0x0063, 0x00E6, 0x19EC, 0x3B51, // 0x3A40 (14912) pixels
    0x4495, 0x4495, 0x33F2, 0x22CD, 0x21C9, 0x2127, 0x3147, 0x39C8, 0x20C3, 0x0820, 0x0000, 0x0000, 0x0000, 0x0000, 0x0000, 0x0000, // 0x3A50 (14928) pixels
    0x0000, 0x0000, 0x0861, 0x3187, 0x3A2A, 0x31EA, 0x21EA, 0x2A2C, 0x3B90, 0x5C33, 0x6412, 0x42CD, 0x31C9, 0x18E4, 0x0020, 0x0040, // 0x3A60 (14944) pixels
    0x20C3, 0x2945, 0x2987, 0x3229, 0x428C, 0x428B, 0x3A09, 0x2125, 0x0861, 0x0000, 0x0000, 0x0000, 0x0000, 0x0000, 0x0000, 0x0000, // 0x3A70 (14960) pixels
    0x0000, 0x0000, 0x0000, 0x0000, 0x0000, 0x0000, 0x0000, 0x0000, 0x0000, 0x0000, 0x0000, 0x0000, 0x0000, 0x0000, 0x0000, 0x0000, // 0x3A80 (14976) pixels
    0x0000, 0x0000, 0x0000, 0x0000, 0x0000, 0x0000, 0x0000, 0x0000, 0x0000, 0x0000, 0x0000, 0x0000, 0x0000, 0x0000, 0x0000, 0x0000, // 0x3A90 (14992) pixels
    0x0000, 0x0000, 0x0000, 0x0000, 0x0000, 0x0000, 0x0000, 0x0000, 0x0000, 0x0000, 0x0000, 0x0000, 0x0000, 0x0000, 0x0000, 0x0000, // 0x3AA0 (15008) pixels
    0x0000, 0x0000, 0x0000, 0x0000, 0x0000, 0x0000, 0x0000, 0x0000, 0x0000, 0x0000, 0x0000, 0x0000, 0x0000, 0x0000, 0x0000, 0x0000, // 0x3AB0 (15024) pixels
    0x0000, 0x0000, 0x0000, 0x0821, 0x10A4, 0x1148, 0x222D, 0x3B11, 0x3B71, 0x332F, 0x1A8C, 0x19EA, 0x29A8, 0x2946, 0x18C4, 0x1082, // 0x3AC0 (15040) pixels
    0x0000, 0x0000, 0x0000, 0x0000, 0x0000, 0x0000, 0x0000, 0x0000, 0x0000, 0x0000, 0x0000, 0x1082, 0x2945, 0x31A8, 0x29C9, 0x29EA, // 0x3AD0 (15056) pixels
    0x32AC, 0x63F1, 0x6C12, 0x530D, 0x422A, 0x2986, 0x10A2, 0x0020, 0x0000, 0x0861, 0x10A3, 0x1905, 0x2987, 0x31C7, 0x3186, 0x20E4, // 0x3AE0 (15072) pixels
    0x0841, 0x0000, 0x0000, 0x0000, 0x0000, 0x0000, 0x0000, 0x0000, 0x0000, 0x0000, 0x0000, 0x0000, 0x0000, 0x0000, 0x0000, 0x0000, // 0x3AF0 (15088) pixels
    0x0000, 0x0000, 0x0000, 0x0000, 0x0000, 0x0000, 0x0000, 0x0000, 0x0000, 0x0000, 0x0000, 0x0000, 0x0000, 0x0000, 0x0000, 0x0000, // 0x3B00 (15104) pixels
    0x0000, 0x0000, 0x0000, 0x0000, 0x0000, 0x0000, 0x0000, 0x0000, 0x0000, 0x0000, 0x0000, 0x0000, 0x0000, 0x0000, 0x0000, 0x0000, // 0x3B10 (15120) pixels
    0x0000, 0x0000, 0x0000, 0x0000, 0x0000, 0x0000, 0x0000, 0x0000, 0x0000, 0x0000, 0x0000, 0x0000, 0x0000, 0x0000, 0x0000, 0x0000, // 0x3B20 (15136) pixels
    0x0020, 0x0020, 0x0000, 0x0000, 0x0000, 0x0000, 0x0000, 0x0000, 0x0000, 0x0000, 0x0000, 0x0000, 0x0883, 0x1126, 0x19CA, 0x2A4D, // 0x3B30 (15152) pixels
    0x29EB, 0x1989, 0x0926, 0x1946, 0x2946, 0x18C3, 0x0000, 0x0000, 0x0000, 0x0020, 0x0020, 0x0000, 0x0000, 0x0000, 0x0000, 0x0000, // 0x3B40 (15168) pixels
    0x0000, 0x0000, 0x0000, 0x0000, 0x0840, 0x18C3, 0x1905, 0x2167, 0x21A7, 0x3A4A, 0x426A, 0x39E8, 0x2986, 0x2124, 0x0882, 0x0020, // 0x3B50 (15184) pixels
    0x0000, 0x0000, 0x0000, 0x0000, 0x0861, 0x1082, 0x10A2, 0x0861, 0x0020, 0x0000, 0x0000, 0x0000, 0x0000, 0x0000, 0x0000, 0x0000, // 0x3B60 (15200) pixels
    0x0000, 0x0000, 0x0000, 0x0000, 0x0000, 0x0000, 0x0000, 0x0000, 0x0000, 0x0000, 0x0000, 0x0000, 0x0000, 0x0000, 0x0000, 0x0000, // 0x3B70 (15216) pixels
    0x0000, 0x0000, 0x0000, 0x0000, 0x0000, 0x0000, 0x0000, 0x0000, 0x0000, 0x0000, 0x0000, 0x0000, 0x0000, 0x0000, 0x0000, 0x0000, // 0x3B80 (15232) pixels
    0x0000, 0x0000, 0x0000, 0x0000, 0x0000, 0x0000, 0x0000, 0x0000, 0x0000, 0x0000, 0x0000, 0x0000, 0x0000, 0x0000, 0x0000, 0x0000, // 0x3B90 (15248) pixels
    0x0000, 0x0020, 0x0000, 0x0000, 0x0000, 0x0000, 0x0000, 0x0000, 0x0000, 0x0000, 0x0000, 0x0000, 0x0000, 0x0000, 0x0000, 0x0000, // 0x3BA0 (15264) pixels
    0x0000, 0x0020, 0x0000, 0x0000, 0x0041, 0x08A3, 0x0905, 0x1147, 0x1908, 0x10E6, 0x0084, 0x0022, 0x0021, 0x0000, 0x0000, 0x0040, // 0x3BB0 (15280) pixels
    0x0000, 0x0000, 0x0000, 0x0000, 0x0020, 0x0000, 0x0000, 0x0000, 0x0001, 0x0000, 0x0020, 0x0000, 0x0000, 0x0000, 0x0000, 0x0062, // 0x3BC0 (15296) pixels
    0x0862, 0x0041, 0x0041, 0x0861, 0x0841, 0x0020, 0x0021, 0x0000, 0x0021, 0x0000, 0x0000, 0x0000, 0x0000, 0x0000, 0x0000, 0x0020, // 0x3BD0 (15312) pixels
    0x0000, 0x0000, 0x0000, 0x0000, 0x0000, 0x0000, 0x0000, 0x0000, 0x0000, 0x0000, 0x0000, 0x0000, 0x0000, 0x0000, 0x0000, 0x0020, // 0x3BE0 (15328) pixels
    0x0000, 0x0000, 0x0000, 0x0000, 0x0000, 0x0000, 0x0000, 0x0000, 0x0000, 0x0000, 0x0000, 0x0000, 0x0000, 0x0000, 0x0000, 0x0000, // 0x3BF0 (15344) pixels
    0x0000, 0x0000, 0x0000, 0x0000, 0x0000, 0x0000, 0x0000, 0x0000, 0x0000, 0x0000, 0x0000, 0x0000, 0x0000, 0x0000, 0x0000, 0x0000, // 0x3C00 (15360) pixels
    0x0000, 0x0000, 0x0000, 0x0000, 0x0000, 0x0000, 0x0000, 0x0000, 0x0000, 0x0000, 0x0000, 0x0000, 0x0000, 0x0000, 0x0000, 0x0000, // 0x3C10 (15376) pixels
    0x0000, 0x0000, 0x0000, 0x0000, 0x0000, 0x0000, 0x0000, 0x0000, 0x0000, 0x0000, 0x0000, 0x0000, 0x0000, 0x0020, 0x0841, 0x0841, // 0x3C20 (15392) pixels
    0x0020, 0x0020, 0x0000, 0x0000, 0x0000, 0x0000, 0x0000, 0x0000, 0x0000, 0x0000, 0x0000, 0x0000, 0x0000, 0x0000, 0x0000, 0x0000, // 0x3C30 (15408) pixels
    0x0000, 0x0000, 0x0000, 0x0000, 0x0000, 0x0000, 0x0000, 0x0000, 0x0000, 0x0000, 0x0000, 0x0000, 0x0000, 0x0000, 0x0000, 0x0000, // 0x3C40 (15424) pixels
    0x0000, 0x0000, 0x0000, 0x0000, 0x0000, 0x0000, 0x0000, 0x0000, 0x0000, 0x0000, 0x0000, 0x0000, 0x0000, 0x0000, 0x0000, 0x0000, // 0x3C50 (15440) pixels
    0x0000, 0x0000, 0x0000, 0x0000, 0x0000, 0x0000, 0x0000, 0x0000, 0x0000, 0x0000, 0x0000, 0x0000, 0x0000, 0x0000, 0x0000, 0x0000, // 0x3C60 (15456) pixels
    0x0000, 0x0000, 0x0000, 0x0000, 0x0000, 0x0000, 0x0000, 0x0000, 0x0000, 0x0000, 0x0000, 0x0000, 0x0000, 0x0000, 0x0000, 0x0000, // 0x3C70 (15472) pixels
    0x0000, 0x0000, 0x0000, 0x0000, 0x0000, 0x0000, 0x0000, 0x0000, 0x0000, 0x0000, 0x0000, 0x0000, 0x0000, 0x0000, 0x0000, 0x0000, // 0x3C80 (15488) pixels
    0x0000, 0x0000, 0x0000, 0x0000, 0x0000, 0x0000, 0x0000, 0x0000, 0x0000, 0x0000, 0x0000, 0x0000, 0x0000, 0x0000, 0x0000, 0x0000, // 0x3C90 (15504) pixels
    0x0000, 0x0000, 0x0000, 0x0000, 0x0000, 0x0000, 0x0000, 0x0000, 0x0000, 0x0000, 0x0000, 0x0000, 0x0000, 0x0000, 0x0000, 0x0000, // 0x3CA0 (15520) pixels
    0x0000, 0x0000, 0x0000, 0x0000, 0x0000, 0x0000, 0x0000, 0x0000, 0x0000, 0x0000, 0x0000, 0x0000, 0x0000, 0x0000, 0x0000, 0x0000, // 0x3CB0 (15536) pixels
    0x0000, 0x0000, 0x0000, 0x0000, 0x0000, 0x0000, 0x0000, 0x0000, 0x0000, 0x0000, 0x0000, 0x0000, 0x0000, 0x0000, 0x0000, 0x0000, // 0x3CC0 (15552) pixels
    0x0000, 0x0000, 0x0000, 0x0000, 0x0000, 0x0000, 0x0000, 0x0000, 0x0000, 0x0000, 0x0000, 0x0000, 0x0000, 0x0000, 0x0000, 0x0000, // 0x3CD0 (15568) pixels
    0x0000, 0x0000, 0x0000, 0x0000, 0x0000, 0x0000, 0x0000, 0x0000, 0x0000, 0x0000, 0x0000, 0x0000, 0x0000, 0x0000, 0x0000, 0x0000, // 0x3CE0 (15584) pixels
    0x0000, 0x0000, 0x0000, 0x0000, 0x0000, 0x0000, 0x0000, 0x0000, 0x0000, 0x0000, 0x0000, 0x0000, 0x0000, 0x0000, 0x0000, 0x0000, // 0x3CF0 (15600) pixels
    0x0000, 0x0000, 0x0000, 0x0000, 0x0000, 0x0000, 0x0000, 0x0000, 0x0000, 0x0000, 0x0000, 0x0000, 0x0000, 0x0000, 0x0000, 0x0000, // 0x3D00 (15616) pixels
    0x0000, 0x0000, 0x0000, 0x0000, 0x0000, 0x0000, 0x0000, 0x0000, 0x0000, 0x0000, 0x0000, 0x0000, 0x0000, 0x0000, 0x0000, 0x0000, // 0x3D10 (15632) pixels
    0x0000, 0x0000, 0x0000, 0x0000, 0x0000, 0x0000, 0x0000, 0x0000, 0x0000, 0x0000, 0x0000, 0x0000, 0x0000, 0x0000, 0x0000, 0x0000, // 0x3D20 (15648) pixels
    0x0000, 0x0000, 0x0000, 0x0000, 0x0000, 0x0000, 0x0000, 0x0000, 0x0000, 0x0000, 0x0000, 0x0000, 0x0000, 0x0000, 0x0000, 0x0000, // 0x3D30 (15664) pixels
    0x0000, 0x0000, 0x0000, 0x0000, 0x0000, 0x0000, 0x0000, 0x0000, 0x0000, 0x0000, 0x0000, 0x0000, 0x0000, 0x0000, 0x0000, 0x0000, // 0x3D40 (15680) pixels
    0x0000, 0x0000, 0x0000, 0x0000, 0x0000, 0x0000, 0x0000, 0x0000, 0x0000, 0x0000, 0x0000, 0x0000, 0x0000, 0x0000, 0x0000, 0x0000, // 0x3D50 (15696) pixels
    0x0000, 0x0000, 0x0000, 0x0000, 0x0000, 0x0000, 0x0000, 0x0000, 0x0000, 0x0000, 0x0000, 0x0000, 0x0000, 0x0000, 0x0000, 0x0000, // 0x3D60 (15712) pixels
    0x0000, 0x0000, 0x0000, 0x0000, 0x0000, 0x0000, 0x0000, 0x0000, 0x0000, 0x0000, 0x0000, 0x0000, 0x0000, 0x0000, 0x0000, 0x0000, // 0x3D70 (15728) pixels
    0x0000, 0x0000, 0x0000, 0x0000, 0x0000, 0x0000, 0x0000, 0x0000, 0x0000, 0x0000, 0x0000, 0x0000, 0x0000, 0x0000, 0x0000, 0x0000, // 0x3D80 (15744) pixels
    0x0000, 0x0000, 0x0000, 0x0000, 0x0000, 0x0000, 0x0000, 0x0000, 0x0000, 0x0000, 0x0000, 0x0000, 0x0000, 0x0000, 0x0000, 0x0000, // 0x3D90 (15760) pixels
    0x0000, 0x0000, 0x0000, 0x0000, 0x0000, 0x0000, 0x0000, 0x0000, 0x0000, 0x0000, 0x0000, 0x0000, 0x0000, 0x0000, 0x0000, 0x0000, // 0x3DA0 (15776) pixels
    0x0000, 0x0000, 0x0000, 0x0000, 0x0000, 0x0000, 0x0000, 0x0000, 0x0000, 0x0000, 0x0000, 0x0000, 0x0000, 0x0000, 0x0000, 0x0000, // 0x3DB0 (15792) pixels
    0x0000, 0x0000, 0x0000, 0x0000, 0x0000, 0x0000, 0x0000, 0x0000, 0x0000, 0x0000, 0x0000, 0x0000, 0x0000, 0x0000, 0x0000, 0x0000, // 0x3DC0 (15808) pixels
    0x0000, 0x0000, 0x0000, 0x0000, 0x0000, 0x0000, 0x0000, 0x0000, 0x0000, 0x0000, 0x0000, 0x0000, 0x0000, 0x0000, 0x0000, 0x0000, // 0x3DD0 (15824) pixels
    0x0000, 0x0000, 0x0000, 0x0000, 0x0000, 0x0000, 0x0000, 0x0000, 0x0000, 0x0000, 0x0000, 0x0000, 0x0000, 0x0000, 0x0000, 0x0000, // 0x3DE0 (15840) pixels
    0x0000, 0x0000, 0x0000, 0x0000, 0x0000, 0x0000, 0x0000, 0x0000, 0x0000, 0x0000, 0x0000, 0x0000, 0x0000, 0x0000, 0x0000, 0x0000, // 0x3DF0 (15856) pixels
    0x0000, 0x0000, 0x0000, 0x0000, 0x0000, 0x0000, 0x0000, 0x0000, 0x0000, 0x0000, 0x0000, 0x0000, 0x0000, 0x0000, 0x0000, 0x0000, // 0x3E00 (15872) pixels
    0x0000, 0x0000, 0x0000, 0x0000, 0x0000, 0x0000, 0x0000, 0x0000, 0x0000, 0x0000, 0x0000, 0x0000, 0x0000, 0x0000, 0x0000, 0x0000, // 0x3E10 (15888) pixels
    0x0000, 0x0000, 0x0000, 0x0000, 0x0000, 0x0000, 0x0000, 0x0000, 0x0000, 0x0000, 0x0000, 0x0000, 0x0000, 0x0000, 0x0000, 0x0000, // 0x3E20 (15904) pixels
    0x0000, 0x0000, 0x0000, 0x0000, 0x0000, 0x0000, 0x0000, 0x0000, 0x0000, 0x0000, 0x0000, 0x0000, 0x0000, 0x0000, 0x0000, 0x0000, // 0x3E30 (15920) pixels
    0x0000, 0x0000, 0x0000, 0x0000, 0x0000, 0x0000, 0x0000, 0x0000, 0x0000, 0x0000, 0x0000, 0x0000, 0x0000, 0x0000, 0x0000, 0x0000, // 0x3E40 (15936) pixels
    0x0000, 0x0000, 0x0000, 0x0000, 0x0000, 0x0000, 0x0000, 0x0000, 0x0000, 0x0000, 0x0000, 0x0000, 0x0000, 0x0000, 0x0000, 0x0000, // 0x3E50 (15952) pixels
    0x0000, 0x0000, 0x0000, 0x0000, 0x0000, 0x0000, 0x0000, 0x0000, 0x0000, 0x0000, 0x0000, 0x0000, 0x0000, 0x0000, 0x0000, 0x0000, // 0x3E60 (15968) pixels
    0x0000, 0x0000, 0x0000, 0x0000, 0x0000, 0x0000, 0x0000, 0x0000, 0x0000, 0x0000, 0x0000, 0x0000, 0x0000, 0x0000, 0x0000, 0x0000, // 0x3E70 (15984) pixels
    0x0000, 0x0000, 0x0000, 0x0000, 0x0000, 0x0000, 0x0000, 0x0000, 0x0000, 0x0000, 0x0000, 0x0000, 0x0000, 0x0000, 0x0000, 0x0000, // 0x3E80 (16000) pixels
    0x0000, 0x0000, 0x0000, 0x0000, 0x0000, 0x0000, 0x0000, 0x0000, 0x0000, 0x0000, 0x0000, 0x0000, 0x0000, 0x0000, 0x0000, 0x0000, // 0x3E90 (16016) pixels
    0x0000, 0x0000, 0x0000, 0x0000, 0x0000, 0x0000, 0x0000, 0x0000, 0x0000, 0x0000, 0x0000, 0x0000, 0x0000, 0x0000, 0x0000, 0x0000, // 0x3EA0 (16032) pixels
    0x0000, 0x0000, 0x0000, 0x0000, 0x0000, 0x0000, 0x0000, 0x0000, 0x0000, 0x0000, 0x0000, 0x0000, 0x0000, 0x0000, 0x0000, 0x0000, // 0x3EB0 (16048) pixels
    0x0000, 0x0000, 0x0000, 0x0000, 0x0000, 0x0000, 0x0000, 0x0000, 0x0000, 0x0000, 0x0000, 0x0000, 0x0000, 0x0000, 0x0000, 0x0000, // 0x3EC0 (16064) pixels
    0x0000, 0x0000, 0x0000, 0x0000, 0x0000, 0x0000, 0x0000, 0x0000, 0x0000, 0x0000, 0x0000, 0x0000, 0x0000, 0x0000, 0x0000, 0x0000, // 0x3ED0 (16080) pixels
    0x0000, 0x0000, 0x0000, 0x0000, 0x0000, 0x0000, 0x0000, 0x0000, 0x0000, 0x0000, 0x0000, 0x0000, 0x0000, 0x0000, 0x0000, 0x0000, // 0x3EE0 (16096) pixels
    0x0000, 0x0000, 0x0000, 0x0000, 0x0000, 0x0000, 0x0000, 0x0000, 0x0000, 0x0000, 0x0000, 0x0000, 0x0000, 0x0000, 0x0000, 0x0000, // 0x3EF0 (16112) pixels
    0x0000, 0x0000, 0x0000, 0x0000, 0x0000, 0x0000, 0x0000, 0x0000, 0x0000, 0x0000, 0x0000, 0x0000, 0x0000, 0x0000, 0x0000, 0x0000, // 0x3F00 (16128) pixels
    0x0000, 0x0000, 0x0000, 0x0000, 0x0000, 0x0000, 0x0000, 0x0000, 0x0000, 0x0000, 0x0000, 0x0000, 0x0000, 0x0000, 0x0000, 0x0000, // 0x3F10 (16144) pixels
    0x0000, 0x0000, 0x0000, 0x0000, 0x0000, 0x0000, 0x0000, 0x0000, 0x0000, 0x0000, 0x0000, 0x0000, 0x0000, 0x0000, 0x0000, 0x0000, // 0x3F20 (16160) pixels
    0x0000, 0x0000, 0x0000, 0x0000, 0x0000, 0x0000, 0x0000, 0x0000, 0x0000, 0x0000, 0x0000, 0x0000, 0x0000, 0x0000, 0x0000, 0x0000, // 0x3F30 (16176) pixels
    0x0000, 0x0000, 0x0000, 0x0000, 0x0000, 0x0000, 0x0000, 0x0000, 0x0000, 0x0000, 0x0000, 0x0000, 0x0000, 0x0000, 0x0000, 0x0000, // 0x3F40 (16192) pixels
    0x0000, 0x0000, 0x0000, 0x0000, 0x0000, 0x0000, 0x0000, 0x0000};

#endif