
// Generated by   : ImageConverter 565 Online
// Generated from : flameLily.jpg
// Time generated : Tue, 29 Jul 25 08:12:05 +0200  (Server timezone: CET)
// Image Size     : 190x128 pixels
// Memory usage   : 48640 bytes

#ifndef TADPOLE_H
#define TADPOLE_H

#include <TFT_eSPI.h>

void drawTadpole(TFT_eSPI &tft);

#if defined(__AVR__)
#include <avr/pgmspace.h>
#elif defined(__PIC32MX__)
#define PROGMEM
#elif defined(__arm__)
#define PROGMEM
#endif

const unsigned short tadpole[16200] PROGMEM={
0x0001, 0x0001, 0x0001, 0x0001, 0x0001, 0x0001, 0x0001, 0x0001, 0x0001, 0x0001, 0x0001, 0x0001, 0x0001, 0x0001, 0x0001, 0x0001,   // 0x0010 (16) pixels
0x0001, 0x0001, 0x0001, 0x0001, 0x0001, 0x0001, 0x0001, 0x0001, 0x0001, 0x0001, 0x0001, 0x0001, 0x0001, 0x0001, 0x0001, 0x0001,   // 0x0020 (32) pixels
0x0001, 0x0001, 0x0001, 0x0001, 0x0001, 0x0001, 0x0001, 0x0001, 0x0001, 0x0001, 0x0001, 0x0001, 0x0001, 0x0001, 0x0001, 0x0001,   // 0x0030 (48) pixels
0x0001, 0x0001, 0x0001, 0x0001, 0x0001, 0x0001, 0x0001, 0x0001, 0x0001, 0x0001, 0x0001, 0x0001, 0x0001, 0x0001, 0x0001, 0x0001,   // 0x0040 (64) pixels
0x0001, 0x0001, 0x0001, 0x0001, 0x0001, 0x0001, 0x0001, 0x0001, 0x0001, 0x0001, 0x0001, 0x0001, 0x0001, 0x0001, 0x0001, 0x0001,   // 0x0050 (80) pixels
0x0001, 0x0001, 0x0001, 0x0001, 0x0001, 0x0001, 0x0001, 0x0001, 0x0001, 0x0001, 0x0001, 0x0001, 0x0001, 0x0001, 0x0001, 0x0001,   // 0x0060 (96) pixels
0x0001, 0x0001, 0x0001, 0x0001, 0x0001, 0x0001, 0x0001, 0x0001, 0x0001, 0x0001, 0x0001, 0x0001, 0x0001, 0x0001, 0x0001, 0x0001,   // 0x0070 (112) pixels
0x0001, 0x0001, 0x0001, 0x0001, 0x0001, 0x0001, 0x0001, 0x0001, 0x0001, 0x0001, 0x0001, 0x0001, 0x0001, 0x0001, 0x0001, 0x0001,   // 0x0080 (128) pixels
0x0001, 0x0001, 0x0001, 0x0001, 0x0001, 0x0001, 0x0001, 0x0001, 0x0001, 0x0001, 0x0001, 0x0001, 0x0001, 0x0001, 0x0001, 0x0001,   // 0x0090 (144) pixels
0x0001, 0x0001, 0x0001, 0x0001, 0x0001, 0x0001, 0x0001, 0x0001, 0x0001, 0x0001, 0x0001, 0x0001, 0x0001, 0x0001, 0x0001, 0x0001,   // 0x00A0 (160) pixels
0x0001, 0x0001, 0x0001, 0x0001, 0x0001, 0x0001, 0x0001, 0x0001, 0x0001, 0x0001, 0x0001, 0x0001, 0x0001, 0x0001, 0x0001, 0x0001,   // 0x00B0 (176) pixels
0x0001, 0x0001, 0x0001, 0x0001, 0x0001, 0x0001, 0x0001, 0x0001, 0x0001, 0x0001, 0x0001, 0x0001, 0x0001, 0x0001, 0x0001, 0x0001,   // 0x00C0 (192) pixels
0x0001, 0x0001, 0x0001, 0x0001, 0x0001, 0x0001, 0x0001, 0x0001, 0x0001, 0x0001, 0x0001, 0x0001, 0x0001, 0x0001, 0x0001, 0x0001,   // 0x00D0 (208) pixels
0x0001, 0x0001, 0x0001, 0x0001, 0x0001, 0x0001, 0x0001, 0x0001, 0x0001, 0x0001, 0x0001, 0x0001, 0x0001, 0x0001, 0x0001, 0x0001,   // 0x00E0 (224) pixels
0x0001, 0x0001, 0x0001, 0x0001, 0x0001, 0x0001, 0x0001, 0x0001, 0x0001, 0x0001, 0x0001, 0x0001, 0x0001, 0x0001, 0x0001, 0x0001,   // 0x00F0 (240) pixels
0x0000, 0x0000, 0x0000, 0x0000, 0x0000, 0x0000, 0x0000, 0x0000, 0x0000, 0x0000, 0x0000, 0x0000, 0x0000, 0x0000, 0x0000, 0x0000,   // 0x0100 (256) pixels
0x0000, 0x0000, 0x0000, 0x0000, 0x0000, 0x0000, 0x0000, 0x0000, 0x0000, 0x0000, 0x0000, 0x0000, 0x0000, 0x0000, 0x0000, 0x0000,   // 0x0110 (272) pixels
0x0000, 0x0000, 0x0000, 0x0000, 0x0000, 0x0000, 0x0000, 0x0000, 0x0000, 0x0000, 0x0000, 0x0000, 0x0000, 0x0000, 0x0000, 0x0000,   // 0x0120 (288) pixels
0x0000, 0x0000, 0x0000, 0x0000, 0x0000, 0x0000, 0x0000, 0x0000, 0x0000, 0x0000, 0x0000, 0x0000, 0x0000, 0x0000, 0x0000, 0x0000,   // 0x0130 (304) pixels
0x0000, 0x0000, 0x0000, 0x0000, 0x0000, 0x0000, 0x0000, 0x0000, 0x0000, 0x0000, 0x0000, 0x0000, 0x0000, 0x0000, 0x0000, 0x0000,   // 0x0140 (320) pixels
0x0000, 0x0000, 0x0000, 0x0000, 0x0000, 0x0000, 0x0000, 0x0000, 0x0000, 0x0000, 0x0000, 0x0000, 0x0000, 0x0000, 0x0000, 0x0000,   // 0x0150 (336) pixels
0x0000, 0x0000, 0x0000, 0x0000, 0x0000, 0x0000, 0x0000, 0x0000, 0x0000, 0x0000, 0x0000, 0x0000, 0x0000, 0x0000, 0x0000, 0x0000,   // 0x0160 (352) pixels
0x0000, 0x0000, 0x0000, 0x0000, 0x0000, 0x0000, 0x0000, 0x0000, 0x0000, 0x0000, 0x0000, 0x0000, 0x0000, 0x0000, 0x0000, 0x0000,   // 0x0170 (368) pixels
0x0000, 0x0000, 0x0000, 0x0000, 0x0000, 0x0000, 0x0000, 0x0000, 0x0000, 0x0000, 0x0000, 0x0000, 0x0000, 0x0000, 0x0000, 0x0000,   // 0x0180 (384) pixels
0x0000, 0x0000, 0x0000, 0x0000, 0x0000, 0x0000, 0x0000, 0x0000, 0x0000, 0x0000, 0x0000, 0x0000, 0x0000, 0x0000, 0x0000, 0x0000,   // 0x0190 (400) pixels
0x0000, 0x0000, 0x0000, 0x0000, 0x0000, 0x0000, 0x0000, 0x0000, 0x0000, 0x0000, 0x0000, 0x0000, 0x0000, 0x0000, 0x0000, 0x0000,   // 0x01A0 (416) pixels
0x0000, 0x0000, 0x0000, 0x0000, 0x0000, 0x0000, 0x0000, 0x0000, 0x0000, 0x0000, 0x0000, 0x0000, 0x0000, 0x0000, 0x0000, 0x0000,   // 0x01B0 (432) pixels
0x0000, 0x0000, 0x0000, 0x0000, 0x0000, 0x0000, 0x0000, 0x0000, 0x0000, 0x0000, 0x0000, 0x0000, 0x0000, 0x0000, 0x0000, 0x0000,   // 0x01C0 (448) pixels
0x0000, 0x0000, 0x0000, 0x0000, 0x0000, 0x0000, 0x0000, 0x0000, 0x0000, 0x0000, 0x0000, 0x0000, 0x0000, 0x0000, 0x0000, 0x0000,   // 0x01D0 (464) pixels
0x0000, 0x0000, 0x0000, 0x0000, 0x0000, 0x0000, 0x0000, 0x0000, 0x0000, 0x0000, 0x0000, 0x0000, 0x0000, 0x0000, 0x0000, 0x0000,   // 0x01E0 (480) pixels
0x0000, 0x0000, 0x0000, 0x0000, 0x0000, 0x0000, 0x0000, 0x0000, 0x0000, 0x0000, 0x0000, 0x0000, 0x0000, 0x0000, 0x0000, 0x0000,   // 0x01F0 (496) pixels
0x0000, 0x0000, 0x0000, 0x0000, 0x0000, 0x0000, 0x0000, 0x0000, 0x0000, 0x0000, 0x0000, 0x0000, 0x0000, 0x0000, 0x0000, 0x0000,   // 0x0200 (512) pixels
0x0000, 0x0000, 0x0000, 0x0000, 0x0000, 0x0000, 0x0000, 0x0000, 0x0000, 0x0000, 0x0000, 0x0000, 0x0000, 0x0000, 0x0000, 0x0000,   // 0x0210 (528) pixels
0x0000, 0x0000, 0x0000, 0x0000, 0x0000, 0x0000, 0x0000, 0x0000, 0x0000, 0x0000, 0x0000, 0x0000, 0x0000, 0x0000, 0x0000, 0x0000,   // 0x0220 (544) pixels
0x0000, 0x0000, 0x0000, 0x0000, 0x0000, 0x0000, 0x0000, 0x0000, 0x0000, 0x0000, 0x0000, 0x0000, 0x0000, 0x0000, 0x0000, 0x0000,   // 0x0230 (560) pixels
0x0000, 0x0000, 0x0000, 0x0000, 0x0000, 0x0000, 0x0000, 0x0000, 0x0000, 0x0000, 0x0000, 0x0000, 0x0000, 0x0000, 0x0000, 0x0000,   // 0x0240 (576) pixels
0x0000, 0x0000, 0x0000, 0x0000, 0x0000, 0x0000, 0x0000, 0x0000, 0x0000, 0x0000, 0x0000, 0x0000, 0x0000, 0x0000, 0x0000, 0x0000,   // 0x0250 (592) pixels
0x0000, 0x0000, 0x0000, 0x0000, 0x0000, 0x0000, 0x0000, 0x0000, 0x0000, 0x0000, 0x0000, 0x0000, 0x0000, 0x0000, 0x0000, 0x0000,   // 0x0260 (608) pixels
0x0000, 0x0000, 0x0000, 0x0000, 0x0000, 0x0000, 0x0000, 0x0000, 0x0000, 0x0000, 0x0000, 0x0000, 0x0000, 0x0000, 0x0000, 0x0000,   // 0x0270 (624) pixels
0x0000, 0x0000, 0x0000, 0x0000, 0x0000, 0x0000, 0x0000, 0x0000, 0x0000, 0x0000, 0x0000, 0x0000, 0x0000, 0x0000, 0x0000, 0x0000,   // 0x0280 (640) pixels
0x0000, 0x0000, 0x0000, 0x0000, 0x0000, 0x0000, 0x0000, 0x0000, 0x0000, 0x0000, 0x0000, 0x0000, 0x0000, 0x0000, 0x0000, 0x0000,   // 0x0290 (656) pixels
0x0000, 0x0000, 0x0000, 0x0000, 0x0000, 0x0000, 0x0000, 0x0000, 0x0000, 0x0000, 0x0000, 0x0000, 0x0000, 0x0000, 0x0000, 0x0000,   // 0x02A0 (672) pixels
0x0000, 0x0000, 0x0000, 0x0000, 0x0000, 0x0000, 0x0000, 0x0000, 0x0000, 0x0000, 0x0000, 0x0000, 0x0000, 0x0000, 0x0000, 0x0000,   // 0x02B0 (688) pixels
0x0000, 0x0000, 0x0000, 0x0000, 0x0000, 0x0000, 0x0000, 0x0000, 0x0000, 0x0000, 0x0000, 0x0000, 0x0000, 0x0000, 0x0000, 0x0000,   // 0x02C0 (704) pixels
0x0000, 0x0000, 0x0000, 0x0000, 0x0000, 0x0000, 0x0000, 0x0000, 0x0000, 0x0000, 0x0000, 0x0000, 0x0000, 0x0000, 0x0000, 0x0000,   // 0x02D0 (720) pixels
0x0000, 0x0000, 0x0000, 0x0000, 0x0000, 0x0000, 0x0000, 0x0000, 0x0000, 0x0000, 0x0000, 0x0000, 0x0000, 0x0000, 0x0000, 0x0000,   // 0x02E0 (736) pixels
0x0000, 0x0000, 0x0000, 0x0000, 0x0000, 0x0000, 0x0000, 0x0000, 0x0000, 0x0000, 0x0000, 0x0000, 0x0000, 0x0000, 0x0000, 0x0000,   // 0x02F0 (752) pixels
0x0000, 0x0000, 0x0000, 0x0000, 0x0000, 0x0000, 0x0000, 0x0000, 0x0000, 0x0000, 0x0000, 0x0000, 0x0000, 0x0000, 0x0000, 0x0000,   // 0x0300 (768) pixels
0x0000, 0x0000, 0x0000, 0x0000, 0x0000, 0x0000, 0x0000, 0x0000, 0x0000, 0x0000, 0x0000, 0x0000, 0x0000, 0x0000, 0x0000, 0x0000,   // 0x0310 (784) pixels
0x0000, 0x0000, 0x0000, 0x0000, 0x0000, 0x0000, 0x0000, 0x0000, 0x0000, 0x0000, 0x0000, 0x0000, 0x0000, 0x0000, 0x0000, 0x0000,   // 0x0320 (800) pixels
0x0000, 0x0000, 0x0000, 0x0000, 0x0000, 0x0000, 0x0000, 0x0000, 0x0000, 0x0000, 0x0000, 0x0000, 0x0000, 0x0000, 0x0000, 0x0000,   // 0x0330 (816) pixels
0x0000, 0x0000, 0x0000, 0x0000, 0x0000, 0x0000, 0x0000, 0x0000, 0x0000, 0x0000, 0x0000, 0x0000, 0x0000, 0x0000, 0x0000, 0x0000,   // 0x0340 (832) pixels
0x0000, 0x0000, 0x0000, 0x0000, 0x0000, 0x0000, 0x0000, 0x0000, 0x0000, 0x0000, 0x0000, 0x0000, 0x0000, 0x0000, 0x0000, 0x0000,   // 0x0350 (848) pixels
0x0000, 0x0000, 0x0000, 0x0000, 0x0000, 0x0000, 0x0000, 0x0000, 0x0000, 0x0000, 0x0000, 0x0000, 0x0000, 0x0000, 0x0000, 0x0000,   // 0x0360 (864) pixels
0x0000, 0x0000, 0x0000, 0x0000, 0x0000, 0x0000, 0x0000, 0x0000, 0x0000, 0x0000, 0x0000, 0x0000, 0x0000, 0x0000, 0x0000, 0x0000,   // 0x0370 (880) pixels
0x0000, 0x0000, 0x0000, 0x0000, 0x0000, 0x0000, 0x0000, 0x0000, 0x0000, 0x0000, 0x0000, 0x0000, 0x0000, 0x0000, 0x0000, 0x0000,   // 0x0380 (896) pixels
0x0000, 0x0000, 0x0000, 0x0000, 0x0000, 0x0000, 0x0000, 0x0000, 0x0000, 0x0000, 0x0000, 0x0000, 0x0000, 0x0000, 0x0000, 0x0000,   // 0x0390 (912) pixels
0x0000, 0x0000, 0x0000, 0x0000, 0x0000, 0x0000, 0x0000, 0x0000, 0x0000, 0x0000, 0x0000, 0x0000, 0x0000, 0x0000, 0x0000, 0x0000,   // 0x03A0 (928) pixels
0x0000, 0x0000, 0x0000, 0x0000, 0x0000, 0x0000, 0x0000, 0x0000, 0x0000, 0x0000, 0x0000, 0x0000, 0x0000, 0x0000, 0x0000, 0x0000,   // 0x03B0 (944) pixels
0x0000, 0x0000, 0x0000, 0x0000, 0x0000, 0x0000, 0x0000, 0x0000, 0x0000, 0x0000, 0x0000, 0x0000, 0x0000, 0x0000, 0x0000, 0x0000,   // 0x03C0 (960) pixels
0x0000, 0x0000, 0x0000, 0x0000, 0x0000, 0x0000, 0x0000, 0x0000, 0x0000, 0x0000, 0x0000, 0x0000, 0x0000, 0x0000, 0x0000, 0x0000,   // 0x03D0 (976) pixels
0x0000, 0x0000, 0x0000, 0x0000, 0x0000, 0x0000, 0x0000, 0x0000, 0x0000, 0x0000, 0x0000, 0x0000, 0x0000, 0x0000, 0x0000, 0x0000,   // 0x03E0 (992) pixels
0x0000, 0x0000, 0x0000, 0x0000, 0x0000, 0x0000, 0x0000, 0x0000, 0x0000, 0x0000, 0x0000, 0x0000, 0x0000, 0x0000, 0x0000, 0x0000,   // 0x03F0 (1008) pixels
0x0000, 0x0000, 0x0000, 0x0000, 0x0000, 0x0000, 0x0000, 0x0000, 0x0000, 0x0000, 0x0000, 0x0000, 0x0000, 0x0000, 0x0000, 0x0000,   // 0x0400 (1024) pixels
0x0000, 0x0000, 0x0000, 0x0000, 0x0000, 0x0000, 0x0000, 0x0000, 0x0000, 0x0000, 0x0000, 0x0000, 0x0000, 0x0000, 0x0000, 0x0000,   // 0x0410 (1040) pixels
0x0000, 0x0000, 0x0000, 0x0000, 0x0000, 0x0000, 0x0000, 0x0000, 0x0000, 0x0000, 0x0000, 0x0000, 0x0000, 0x0000, 0x0000, 0x0000,   // 0x0420 (1056) pixels
0x0000, 0x0000, 0x0000, 0x0000, 0x0000, 0x0000, 0x0000, 0x0000, 0x0000, 0x0000, 0x0000, 0x0000, 0x0000, 0x0000, 0x0000, 0x0000,   // 0x0430 (1072) pixels
0x0000, 0x0000, 0x0000, 0x0000, 0x0000, 0x0000, 0x0000, 0x0000, 0x0000, 0x0000, 0x0000, 0x0000, 0x0000, 0x0000, 0x0000, 0x0000,   // 0x0440 (1088) pixels
0x0000, 0x0000, 0x0000, 0x0000, 0x0000, 0x0000, 0x0000, 0x0000, 0x0000, 0x0000, 0x0000, 0x0000, 0x0000, 0x0000, 0x0000, 0x0000,   // 0x0450 (1104) pixels
0x0000, 0x0000, 0x0000, 0x0000, 0x0000, 0x0000, 0x0000, 0x0000, 0x0000, 0x0000, 0x0000, 0x0000, 0x0000, 0x0000, 0x0000, 0x0000,   // 0x0460 (1120) pixels
0x0000, 0x0000, 0x0000, 0x0000, 0x0000, 0x0000, 0x0000, 0x0000, 0x0000, 0x0000, 0x0000, 0x0000, 0x0000, 0x0000, 0x0000, 0x0000,   // 0x0470 (1136) pixels
0x0000, 0x0000, 0x0000, 0x0000, 0x0000, 0x0000, 0x0000, 0x0000, 0x0000, 0x0000, 0x0000, 0x0000, 0x0000, 0x0000, 0x0000, 0x0000,   // 0x0480 (1152) pixels
0x0000, 0x0000, 0x0000, 0x0000, 0x0000, 0x0000, 0x0000, 0x0000, 0x0000, 0x0000, 0x0000, 0x0000, 0x0000, 0x0000, 0x0000, 0x0000,   // 0x0490 (1168) pixels
0x0000, 0x0000, 0x0000, 0x0000, 0x0000, 0x0000, 0x0000, 0x0000, 0x0000, 0x0000, 0x0000, 0x0000, 0x0000, 0x0000, 0x0000, 0x0000,   // 0x04A0 (1184) pixels
0x0000, 0x0000, 0x0000, 0x0000, 0x0000, 0x0000, 0x0000, 0x0000, 0x0000, 0x0000, 0x0000, 0x0000, 0x0000, 0x0000, 0x0000, 0x0000,   // 0x04B0 (1200) pixels
0x0000, 0x0000, 0x0000, 0x0000, 0x0000, 0x0000, 0x0000, 0x0000, 0x0000, 0x0000, 0x0000, 0x0000, 0x0000, 0x0000, 0x0000, 0x0000,   // 0x04C0 (1216) pixels
0x0000, 0x0000, 0x0000, 0x0000, 0x0000, 0x0000, 0x0000, 0x0000, 0x0000, 0x0000, 0x0000, 0x0000, 0x0000, 0x0000, 0x0000, 0x0000,   // 0x04D0 (1232) pixels
0x0000, 0x0000, 0x0000, 0x0000, 0x0000, 0x0000, 0x0000, 0x0000, 0x0000, 0x0000, 0x0000, 0x0000, 0x0000, 0x0000, 0x0000, 0x0000,   // 0x04E0 (1248) pixels
0x0000, 0x0000, 0x0000, 0x0000, 0x0000, 0x0000, 0x0000, 0x0000, 0x0000, 0x0000, 0x0000, 0x0000, 0x0000, 0x0000, 0x0000, 0x0000,   // 0x04F0 (1264) pixels
0x0000, 0x0000, 0x0000, 0x0000, 0x0000, 0x0000, 0x0000, 0x0000, 0x0000, 0x0000, 0x0000, 0x0000, 0x0000, 0x0000, 0x0000, 0x0000,   // 0x0500 (1280) pixels
0x0000, 0x0000, 0x0000, 0x0000, 0x0000, 0x0000, 0x0000, 0x0000, 0x0000, 0x0000, 0x0000, 0x0000, 0x0000, 0x0000, 0x0000, 0x0000,   // 0x0510 (1296) pixels
0x0000, 0x0000, 0x0000, 0x0000, 0x0000, 0x0000, 0x0000, 0x0000, 0x0000, 0x0000, 0x0000, 0x0000, 0x0000, 0x0000, 0x0000, 0x0000,   // 0x0520 (1312) pixels
0x0000, 0x0000, 0x0000, 0x0000, 0x0000, 0x0000, 0x0000, 0x0000, 0x0000, 0x0000, 0x0000, 0x0000, 0x0000, 0x0000, 0x0000, 0x0000,   // 0x0530 (1328) pixels
0x0000, 0x0000, 0x0000, 0x0000, 0x0000, 0x0000, 0x0000, 0x0000, 0x0000, 0x0000, 0x0000, 0x0000, 0x0000, 0x0000, 0x0000, 0x0000,   // 0x0540 (1344) pixels
0x0000, 0x0000, 0x0000, 0x0000, 0x0000, 0x0000, 0x0000, 0x0000, 0x0000, 0x0000, 0x0000, 0x0000, 0x0000, 0x0000, 0x0000, 0x0000,   // 0x0550 (1360) pixels
0x0000, 0x0000, 0x0000, 0x0000, 0x0000, 0x0000, 0x0000, 0x0000, 0x0000, 0x0000, 0x0000, 0x0000, 0x0000, 0x0000, 0x0000, 0x0000,   // 0x0560 (1376) pixels
0x0000, 0x0000, 0x0000, 0x0000, 0x0000, 0x0000, 0x0000, 0x0000, 0x0000, 0x0000, 0x0000, 0x0000, 0x0000, 0x0000, 0x0000, 0x0000,   // 0x0570 (1392) pixels
0x0000, 0x0000, 0x0000, 0x0000, 0x0000, 0x0000, 0x0000, 0x0000, 0x0000, 0x0000, 0x0000, 0x0000, 0x0000, 0x0000, 0x0000, 0x0000,   // 0x0580 (1408) pixels
0x0000, 0x0000, 0x0000, 0x0000, 0x0000, 0x0000, 0x0000, 0x0000, 0x0000, 0x0000, 0x0000, 0x0000, 0x0000, 0x0000, 0x0000, 0x0000,   // 0x0590 (1424) pixels
0x0000, 0x0000, 0x0000, 0x0000, 0x0000, 0x0000, 0x0000, 0x0000, 0x0000, 0x0000, 0x0000, 0x0000, 0x0000, 0x0000, 0x0000, 0x0000,   // 0x05A0 (1440) pixels
0x0000, 0x0000, 0x0000, 0x0000, 0x0000, 0x0000, 0x0000, 0x0000, 0x0000, 0x0000, 0x0000, 0x0000, 0x0000, 0x0000, 0x0000, 0x0000,   // 0x05B0 (1456) pixels
0x0000, 0x0000, 0x0000, 0x0000, 0x0000, 0x0000, 0x0000, 0x0000, 0x0000, 0x0000, 0x0000, 0x0000, 0x0000, 0x0000, 0x0000, 0x0000,   // 0x05C0 (1472) pixels
0x0000, 0x0000, 0x0000, 0x0000, 0x0000, 0x0000, 0x0000, 0x0000, 0x0000, 0x0000, 0x0000, 0x0000, 0x0000, 0x0000, 0x0000, 0x0000,   // 0x05D0 (1488) pixels
0x0000, 0x0000, 0x0000, 0x0000, 0x0000, 0x0000, 0x0000, 0x0000, 0x0000, 0x0000, 0x0000, 0x0000, 0x0000, 0x0000, 0x0000, 0x0000,   // 0x05E0 (1504) pixels
0x0000, 0x0000, 0x0000, 0x0000, 0x0000, 0x0000, 0x0000, 0x0000, 0x0000, 0x0000, 0x0000, 0x0000, 0x0000, 0x0000, 0x0000, 0x0000,   // 0x05F0 (1520) pixels
0x0000, 0x0000, 0x0000, 0x0000, 0x0000, 0x0000, 0x0000, 0x0000, 0x0000, 0x0000, 0x0000, 0x0000, 0x0000, 0x0000, 0x0000, 0x0000,   // 0x0600 (1536) pixels
0x0000, 0x0000, 0x0000, 0x0000, 0x0000, 0x0000, 0x0000, 0x0000, 0x0000, 0x0000, 0x0000, 0x0000, 0x0000, 0x0000, 0x0000, 0x0000,   // 0x0610 (1552) pixels
0x0000, 0x0000, 0x0000, 0x0000, 0x0000, 0x0000, 0x0000, 0x0000, 0x0000, 0x0000, 0x0000, 0x0000, 0x0000, 0x0000, 0x0000, 0x0000,   // 0x0620 (1568) pixels
0x0000, 0x0000, 0x0000, 0x0000, 0x0000, 0x0000, 0x0000, 0x0000, 0x0000, 0x0000, 0x0000, 0x0000, 0x0000, 0x0000, 0x0000, 0x0000,   // 0x0630 (1584) pixels
0x0000, 0x0000, 0x0000, 0x0000, 0x0000, 0x0000, 0x0000, 0x0000, 0x0000, 0x0000, 0x0000, 0x0000, 0x0000, 0x0000, 0x0000, 0x0000,   // 0x0640 (1600) pixels
0x0000, 0x0000, 0x0000, 0x0000, 0x0000, 0x0000, 0x0000, 0x0000, 0x0000, 0x0000, 0x0000, 0x0000, 0x0000, 0x0000, 0x0000, 0x0000,   // 0x0650 (1616) pixels
0x0000, 0x0000, 0x0000, 0x0000, 0x0000, 0x0000, 0x0000, 0x0000, 0x0000, 0x0000, 0x0000, 0x0000, 0x0000, 0x0000, 0x0000, 0x0000,   // 0x0660 (1632) pixels
0x0000, 0x0000, 0x0000, 0x0000, 0x0000, 0x0000, 0x0000, 0x0000, 0x0000, 0x0000, 0x0000, 0x0000, 0x0000, 0x0000, 0x0000, 0x0000,   // 0x0670 (1648) pixels
0x0000, 0x0000, 0x0000, 0x0000, 0x0000, 0x0000, 0x0000, 0x0000, 0x0000, 0x0000, 0x0000, 0x0000, 0x0000, 0x0000, 0x0000, 0x0000,   // 0x0680 (1664) pixels
0x0000, 0x0000, 0x0000, 0x0000, 0x0000, 0x0000, 0x0000, 0x0000, 0x0000, 0x0000, 0x0000, 0x0000, 0x0000, 0x0000, 0x0000, 0x0000,   // 0x0690 (1680) pixels
0x0000, 0x0000, 0x0000, 0x0000, 0x0000, 0x0000, 0x0000, 0x0000, 0x0000, 0x0000, 0x0000, 0x0000, 0x0000, 0x0000, 0x0000, 0x0000,   // 0x06A0 (1696) pixels
0x0000, 0x0000, 0x0000, 0x0000, 0x0000, 0x0000, 0x0000, 0x0000, 0x0000, 0x0000, 0x0000, 0x0000, 0x0000, 0x0000, 0x0000, 0x0000,   // 0x06B0 (1712) pixels
0x0000, 0x0000, 0x0000, 0x0000, 0x0000, 0x0000, 0x0000, 0x0000, 0x0000, 0x0000, 0x0000, 0x0000, 0x0000, 0x0000, 0x0000, 0x0000,   // 0x06C0 (1728) pixels
0x0000, 0x0000, 0x0000, 0x0000, 0x0000, 0x0000, 0x0000, 0x0000, 0x0000, 0x0000, 0x0000, 0x0000, 0x0000, 0x0000, 0x0000, 0x0000,   // 0x06D0 (1744) pixels
0x0000, 0x0000, 0x0000, 0x0000, 0x0000, 0x0000, 0x0000, 0x0000, 0x0000, 0x0000, 0x0000, 0x0000, 0x0000, 0x0000, 0x0000, 0x0000,   // 0x06E0 (1760) pixels
0x0000, 0x0000, 0x0000, 0x0000, 0x0000, 0x0000, 0x0000, 0x0000, 0x0000, 0x0000, 0x0000, 0x0000, 0x0000, 0x0000, 0x0000, 0x0000,   // 0x06F0 (1776) pixels
0x0000, 0x0000, 0x0000, 0x0000, 0x0000, 0x0000, 0x0000, 0x0000, 0x0000, 0x0000, 0x0000, 0x0000, 0x0000, 0x0000, 0x0000, 0x0000,   // 0x0700 (1792) pixels
0x0000, 0x0000, 0x0000, 0x0000, 0x0000, 0x0000, 0x0000, 0x0000, 0x0000, 0x0000, 0x0000, 0x0000, 0x0000, 0x0000, 0x0000, 0x0000,   // 0x0710 (1808) pixels
0x0000, 0x0000, 0x0000, 0x0000, 0x0000, 0x0000, 0x0000, 0x0000, 0x0000, 0x0000, 0x0000, 0x0000, 0x0000, 0x0000, 0x0000, 0x0000,   // 0x0720 (1824) pixels
0x0000, 0x0000, 0x0000, 0x0000, 0x0000, 0x0000, 0x0000, 0x0000, 0x0000, 0x0000, 0x0000, 0x0000, 0x0000, 0x0000, 0x0000, 0x0000,   // 0x0730 (1840) pixels
0x0000, 0x0000, 0x0000, 0x0000, 0x0000, 0x0000, 0x0000, 0x0000, 0x0000, 0x0000, 0x0000, 0x0000, 0x0000, 0x0000, 0x0000, 0x0000,   // 0x0740 (1856) pixels
0x0000, 0x0000, 0x0000, 0x0000, 0x0000, 0x0000, 0x0000, 0x0000, 0x0000, 0x0000, 0x0000, 0x0000, 0x0000, 0x0000, 0x0000, 0x0000,   // 0x0750 (1872) pixels
0x0000, 0x0000, 0x0000, 0x0000, 0x0000, 0x0000, 0x0000, 0x0000, 0x0000, 0x0000, 0x0000, 0x0000, 0x0000, 0x0000, 0x0000, 0x0000,   // 0x0760 (1888) pixels
0x0000, 0x0000, 0x0000, 0x0000, 0x0000, 0x0000, 0x0000, 0x0000, 0x0000, 0x0000, 0x0000, 0x0000, 0x0000, 0x0000, 0x0000, 0x0000,   // 0x0770 (1904) pixels
0x0000, 0x0000, 0x0000, 0x0000, 0x0000, 0x0000, 0x0000, 0x0000, 0x0000, 0x0000, 0x0000, 0x0000, 0x0000, 0x0000, 0x0000, 0x0000,   // 0x0780 (1920) pixels
0x0000, 0x0000, 0x0000, 0x0000, 0x0000, 0x0000, 0x0000, 0x0000, 0x0000, 0x0000, 0x0000, 0x0000, 0x0000, 0x0000, 0x0000, 0x0000,   // 0x0790 (1936) pixels
0x0000, 0x0000, 0x0000, 0x0000, 0x0000, 0x0000, 0x0000, 0x0000, 0x0000, 0x0000, 0x0000, 0x0000, 0x0000, 0x0000, 0x0000, 0x0000,   // 0x07A0 (1952) pixels
0x0000, 0x0000, 0x0000, 0x0000, 0x0000, 0x0000, 0x0000, 0x0000, 0x0000, 0x0000, 0x0000, 0x0000, 0x0000, 0x0000, 0x0000, 0x0000,   // 0x07B0 (1968) pixels
0x0000, 0x0000, 0x0000, 0x0000, 0x0000, 0x0000, 0x0000, 0x0000, 0x0000, 0x0000, 0x0000, 0x0000, 0x0000, 0x0000, 0x0000, 0x0000,   // 0x07C0 (1984) pixels
0x0000, 0x0000, 0x0000, 0x0000, 0x0000, 0x0000, 0x0000, 0x0000, 0x0000, 0x0000, 0x0000, 0x0000, 0x0000, 0x0000, 0x0000, 0x0000,   // 0x07D0 (2000) pixels
0x0000, 0x0000, 0x0000, 0x0000, 0x0000, 0x0000, 0x0000, 0x0000, 0x0000, 0x0000, 0x0000, 0x0000, 0x0000, 0x0000, 0x0000, 0x0000,   // 0x07E0 (2016) pixels
0x0000, 0x0000, 0x0000, 0x0000, 0x0000, 0x0000, 0x0000, 0x0000, 0x0000, 0x0000, 0x0000, 0x0000, 0x0000, 0x0000, 0x0000, 0x0000,   // 0x07F0 (2032) pixels
0x0000, 0x0000, 0x0000, 0x0000, 0x0000, 0x0000, 0x0000, 0x0000, 0x0000, 0x0000, 0x0000, 0x0000, 0x0000, 0x0000, 0x0000, 0x0000,   // 0x0800 (2048) pixels
0x0000, 0x0000, 0x0000, 0x0000, 0x0000, 0x0000, 0x0000, 0x0000, 0x0000, 0x0000, 0x0000, 0x0000, 0x0000, 0x0000, 0x0000, 0x0000,   // 0x0810 (2064) pixels
0x0000, 0x0000, 0x0000, 0x0000, 0x0000, 0x0000, 0x0000, 0x0000, 0x0000, 0x0000, 0x0000, 0x0000, 0x0000, 0x0000, 0x0000, 0x0000,   // 0x0820 (2080) pixels
0x0000, 0x0000, 0x0000, 0x0000, 0x0000, 0x0000, 0x0000, 0x0000, 0x0000, 0x0000, 0x0000, 0x0000, 0x0000, 0x0000, 0x0000, 0x0000,   // 0x0830 (2096) pixels
0x0000, 0x0000, 0x0000, 0x0000, 0x0000, 0x0000, 0x0000, 0x0000, 0x0000, 0x0000, 0x0000, 0x0000, 0x0000, 0x0000, 0x0000, 0x0000,   // 0x0840 (2112) pixels
0x0000, 0x0000, 0x0000, 0x0000, 0x0000, 0x0000, 0x0000, 0x0000, 0x0000, 0x0000, 0x0000, 0x0000, 0x0000, 0x0000, 0x0000, 0x0000,   // 0x0850 (2128) pixels
0x0000, 0x0000, 0x0000, 0x0000, 0x0000, 0x0000, 0x0000, 0x0000, 0x0000, 0x0000, 0x0000, 0x0000, 0x0000, 0x0000, 0x0000, 0x0000,   // 0x0860 (2144) pixels
0x0000, 0x0000, 0x0000, 0x0000, 0x0000, 0x0000, 0x0000, 0x0000, 0x0000, 0x0000, 0x0000, 0x0000, 0x0000, 0x0000, 0x0000, 0x0000,   // 0x0870 (2160) pixels
0x0000, 0x0000, 0x0000, 0x0000, 0x0000, 0x0000, 0x0000, 0x0000, 0x0000, 0x0000, 0x0000, 0x0000, 0x0000, 0x0000, 0x0000, 0x0000,   // 0x0880 (2176) pixels
0x0000, 0x0000, 0x0000, 0x0000, 0x0000, 0x0000, 0x0000, 0x0000, 0x0000, 0x0000, 0x0000, 0x0000, 0x0000, 0x0000, 0x0000, 0x0000,   // 0x0890 (2192) pixels
0x0000, 0x0000, 0x0000, 0x0000, 0x0000, 0x0000, 0x0000, 0x0000, 0x0000, 0x0000, 0x0000, 0x0000, 0x0000, 0x0000, 0x0000, 0x0000,   // 0x08A0 (2208) pixels
0x0000, 0x0000, 0x0000, 0x0000, 0x0000, 0x0000, 0x0000, 0x0000, 0x0000, 0x0000, 0x0000, 0x0000, 0x0000, 0x0000, 0x0000, 0x0000,   // 0x08B0 (2224) pixels
0x0000, 0x0000, 0x0000, 0x0000, 0x0000, 0x0000, 0x0000, 0x0000, 0x0000, 0x0000, 0x0000, 0x0000, 0x0000, 0x0000, 0x0000, 0x0000,   // 0x08C0 (2240) pixels
0x0000, 0x0000, 0x0000, 0x0000, 0x0000, 0x0000, 0x0000, 0x0000, 0x0000, 0x0000, 0x0000, 0x0000, 0x0000, 0x0000, 0x0000, 0x0000,   // 0x08D0 (2256) pixels
0x0000, 0x0000, 0x0000, 0x0000, 0x0000, 0x0000, 0x0000, 0x0000, 0x0000, 0x0000, 0x0000, 0x0000, 0x0000, 0x0000, 0x0000, 0x0000,   // 0x08E0 (2272) pixels
0x0000, 0x0000, 0x0000, 0x0000, 0x0000, 0x0000, 0x0000, 0x0000, 0x0000, 0x0000, 0x0000, 0x0000, 0x0000, 0x0000, 0x0000, 0x0000,   // 0x08F0 (2288) pixels
0x0000, 0x0000, 0x0000, 0x0000, 0x0000, 0x0000, 0x0000, 0x0000, 0x0000, 0x0000, 0x0000, 0x0000, 0x0000, 0x0000, 0x0000, 0x0000,   // 0x0900 (2304) pixels
0x0000, 0x0000, 0x0000, 0x0000, 0x0000, 0x0000, 0x0000, 0x0000, 0x0000, 0x0000, 0x0000, 0x0000, 0x0000, 0x0000, 0x0000, 0x0000,   // 0x0910 (2320) pixels
0x0000, 0x0000, 0x0000, 0x0000, 0x0000, 0x0000, 0x0000, 0x0000, 0x0000, 0x0000, 0x0000, 0x0000, 0x0000, 0x0000, 0x0000, 0x0000,   // 0x0920 (2336) pixels
0x0000, 0x0000, 0x0000, 0x0000, 0x0000, 0x0000, 0x0000, 0x0000, 0x0000, 0x0000, 0x0000, 0x0000, 0x0000, 0x0000, 0x0000, 0x0000,   // 0x0930 (2352) pixels
0x0000, 0x0000, 0x0000, 0x0000, 0x0000, 0x0000, 0x0000, 0x0000, 0x0000, 0x0000, 0x0000, 0x0000, 0x0000, 0x0000, 0x0000, 0x0000,   // 0x0940 (2368) pixels
0x0000, 0x0000, 0x0000, 0x0000, 0x0000, 0x0000, 0x0000, 0x0000, 0x0000, 0x0000, 0x0000, 0x0000, 0x0000, 0x0000, 0x0000, 0x0000,   // 0x0950 (2384) pixels
0x0000, 0x0000, 0x0000, 0x0000, 0x0000, 0x0000, 0x0000, 0x0000, 0x0000, 0x0000, 0x0000, 0x0000, 0x0000, 0x0000, 0x0000, 0x0000,   // 0x0960 (2400) pixels
0x0000, 0x0000, 0x0000, 0x0000, 0x0000, 0x0000, 0x0000, 0x0000, 0x0000, 0x0000, 0x0000, 0x0000, 0x0000, 0x0000, 0x0000, 0x0000,   // 0x0970 (2416) pixels
0x0000, 0x0000, 0x0000, 0x0000, 0x0000, 0x0000, 0x0000, 0x0000, 0x0000, 0x0000, 0x0000, 0x0000, 0x0000, 0x0000, 0x0000, 0x0000,   // 0x0980 (2432) pixels
0x0000, 0x0000, 0x0000, 0x0000, 0x0000, 0x0000, 0x0000, 0x0000, 0x0000, 0x0000, 0x0000, 0x0000, 0x0000, 0x0000, 0x0000, 0x0000,   // 0x0990 (2448) pixels
0x0000, 0x0000, 0x0000, 0x0000, 0x0000, 0x0000, 0x0000, 0x0000, 0x0000, 0x0000, 0x0000, 0x0000, 0x0000, 0x0000, 0x0000, 0x0000,   // 0x09A0 (2464) pixels
0x0000, 0x0000, 0x0000, 0x0000, 0x0000, 0x0000, 0x0000, 0x0000, 0x0000, 0x0000, 0x0000, 0x0000, 0x0000, 0x0000, 0x0000, 0x0000,   // 0x09B0 (2480) pixels
0x0000, 0x0000, 0x0000, 0x0000, 0x0000, 0x0000, 0x0000, 0x0000, 0x0000, 0x0000, 0x0000, 0x0000, 0x0000, 0x0000, 0x0000, 0x0000,   // 0x09C0 (2496) pixels
0x0000, 0x0000, 0x0000, 0x0000, 0x0000, 0x0000, 0x0000, 0x0000, 0x0000, 0x0000, 0x0000, 0x0000, 0x0000, 0x0000, 0x0000, 0x0000,   // 0x09D0 (2512) pixels
0x0000, 0x0000, 0x0000, 0x0000, 0x0000, 0x0000, 0x0000, 0x0000, 0x0000, 0x0000, 0x0000, 0x0000, 0x0000, 0x0000, 0x0000, 0x0000,   // 0x09E0 (2528) pixels
0x0000, 0x0000, 0x0000, 0x0000, 0x0000, 0x0000, 0x0000, 0x0000, 0x0000, 0x0000, 0x0000, 0x0000, 0x0000, 0x0000, 0x0000, 0x0000,   // 0x09F0 (2544) pixels
0x0000, 0x0000, 0x0000, 0x0000, 0x0000, 0x0000, 0x0000, 0x0000, 0x0000, 0x0000, 0x0000, 0x0000, 0x0000, 0x0000, 0x0000, 0x0000,   // 0x0A00 (2560) pixels
0x0000, 0x0000, 0x0000, 0x0000, 0x0000, 0x0000, 0x0000, 0x0000, 0x0000, 0x0000, 0x0000, 0x0000, 0x0000, 0x0000, 0x0000, 0x0000,   // 0x0A10 (2576) pixels
0x0000, 0x0000, 0x0000, 0x0000, 0x0000, 0x0000, 0x0000, 0x0000, 0x0000, 0x0000, 0x0000, 0x0000, 0x0000, 0x0000, 0x0000, 0x0000,   // 0x0A20 (2592) pixels
0x0000, 0x0000, 0x0000, 0x0000, 0x0000, 0x0000, 0x0000, 0x0000, 0x0000, 0x0000, 0x0000, 0x0000, 0x0000, 0x0000, 0x0000, 0x0000,   // 0x0A30 (2608) pixels
0x0000, 0x0000, 0x0000, 0x0000, 0x0000, 0x0000, 0x0000, 0x0000, 0x0000, 0x0000, 0x0000, 0x0000, 0x0000, 0x0000, 0x0000, 0x0000,   // 0x0A40 (2624) pixels
0x0000, 0x0000, 0x0000, 0x0000, 0x0000, 0x0000, 0x0000, 0x0000, 0x0000, 0x0000, 0x0000, 0x0000, 0x0000, 0x0000, 0x0000, 0x0000,   // 0x0A50 (2640) pixels
0x0000, 0x0000, 0x0000, 0x0000, 0x0000, 0x0000, 0x0000, 0x0000, 0x0000, 0x0000, 0x0000, 0x0000, 0x0000, 0x0000, 0x0000, 0x0000,   // 0x0A60 (2656) pixels
0x0000, 0x0000, 0x0000, 0x0000, 0x0000, 0x0000, 0x0000, 0x0000, 0x0000, 0x0000, 0x0000, 0x0000, 0x0000, 0x0000, 0x0000, 0x0000,   // 0x0A70 (2672) pixels
0x0000, 0x0000, 0x0000, 0x0000, 0x0000, 0x0000, 0x0000, 0x0000, 0x0000, 0x0000, 0x0000, 0x0000, 0x0000, 0x0000, 0x0000, 0x0000,   // 0x0A80 (2688) pixels
0x0000, 0x0000, 0x0000, 0x0000, 0x0000, 0x0000, 0x0000, 0x0000, 0x0000, 0x0000, 0x0000, 0x0000, 0x0000, 0x0000, 0x0000, 0x0000,   // 0x0A90 (2704) pixels
0x0000, 0x0000, 0x0000, 0x0000, 0x0000, 0x0000, 0x0000, 0x0000, 0x0000, 0x0000, 0x0000, 0x0000, 0x0000, 0x0000, 0x0000, 0x0000,   // 0x0AA0 (2720) pixels
0x0000, 0x0000, 0x0000, 0x0000, 0x0000, 0x0000, 0x0000, 0x0000, 0x0000, 0x0000, 0x0000, 0x0000, 0x0000, 0x0000, 0x0000, 0x0000,   // 0x0AB0 (2736) pixels
0x0000, 0x0000, 0x0000, 0x0000, 0x0000, 0x0000, 0x0000, 0x0000, 0x0000, 0x0000, 0x0000, 0x0000, 0x0000, 0x0000, 0x0000, 0x0000,   // 0x0AC0 (2752) pixels
0x0000, 0x0000, 0x0000, 0x0000, 0x0000, 0x0000, 0x0000, 0x0000, 0x0000, 0x0000, 0x0000, 0x0000, 0x0000, 0x0000, 0x0000, 0x0000,   // 0x0AD0 (2768) pixels
0x0000, 0x0000, 0x0000, 0x0000, 0x0000, 0x0000, 0x0000, 0x0000, 0x0000, 0x0000, 0x0000, 0x0000, 0x0000, 0x0000, 0x0000, 0x0000,   // 0x0AE0 (2784) pixels
0x0000, 0x0000, 0x0000, 0x0000, 0x0000, 0x0000, 0x0000, 0x0000, 0x0000, 0x0000, 0x0000, 0x0000, 0x0000, 0x0000, 0x0000, 0x0000,   // 0x0AF0 (2800) pixels
0x0000, 0x0000, 0x0000, 0x0000, 0x0000, 0x0000, 0x0000, 0x0000, 0x0000, 0x0000, 0x0000, 0x0000, 0x0000, 0x0000, 0x0000, 0x0000,   // 0x0B00 (2816) pixels
0x0000, 0x0000, 0x0000, 0x0000, 0x0000, 0x0000, 0x0000, 0x0000, 0x0000, 0x0000, 0x0000, 0x0000, 0x0000, 0x0000, 0x0000, 0x0000,   // 0x0B10 (2832) pixels
0x0000, 0x0000, 0x0000, 0x0000, 0x0000, 0x0000, 0x0000, 0x0000, 0x0000, 0x0000, 0x0000, 0x0000, 0x0000, 0x0000, 0x0000, 0x0000,   // 0x0B20 (2848) pixels
0x0000, 0x0000, 0x0000, 0x0000, 0x0000, 0x0000, 0x0000, 0x0000, 0x0000, 0x0000, 0x0000, 0x0000, 0x0000, 0x0000, 0x0000, 0x0000,   // 0x0B30 (2864) pixels
0x0000, 0x0000, 0x0000, 0x0000, 0x0000, 0x0000, 0x0000, 0x0000, 0x0000, 0x0000, 0x0000, 0x0000, 0x0000, 0x0000, 0x0000, 0x0000,   // 0x0B40 (2880) pixels
0x0000, 0x0000, 0x0000, 0x0000, 0x0000, 0x0000, 0x0000, 0x0000, 0x0000, 0x0000, 0x0000, 0x0000, 0x0000, 0x0000, 0x0000, 0x0000,   // 0x0B50 (2896) pixels
0x0000, 0x0000, 0x0000, 0x0000, 0x0000, 0x0000, 0x0000, 0x0000, 0x0000, 0x0000, 0x0000, 0x0000, 0x0000, 0x0000, 0x0000, 0x0000,   // 0x0B60 (2912) pixels
0x0000, 0x0000, 0x0000, 0x0000, 0x0000, 0x0000, 0x0000, 0x0000, 0x0000, 0x0000, 0x0000, 0x0000, 0x0000, 0x0000, 0x0000, 0x0000,   // 0x0B70 (2928) pixels
0x0000, 0x0000, 0x0000, 0x0000, 0x0000, 0x0000, 0x0000, 0x0000, 0x0000, 0x0000, 0x0000, 0x0000, 0x0000, 0x0000, 0x0000, 0x0000,   // 0x0B80 (2944) pixels
0x0000, 0x0000, 0x0000, 0x0000, 0x0000, 0x0000, 0x0000, 0x0000, 0x0000, 0x0000, 0x0000, 0x0000, 0x0000, 0x0000, 0x0000, 0x0000,   // 0x0B90 (2960) pixels
0x0001, 0x0001, 0x0000, 0x0800, 0x0800, 0x0001, 0x0001, 0x0002, 0x0000, 0x1001, 0x0000, 0x0020, 0x0801, 0x1002, 0x0021, 0x0001,   // 0x0BA0 (2976) pixels
0x0000, 0x0000, 0x0000, 0x0000, 0x0000, 0x0000, 0x0000, 0x0000, 0x0000, 0x0000, 0x0000, 0x0000, 0x0000, 0x0000, 0x0000, 0x0000,   // 0x0BB0 (2992) pixels
0x0000, 0x0000, 0x0000, 0x0000, 0x0000, 0x0000, 0x0000, 0x0000, 0x0000, 0x0000, 0x0000, 0x0000, 0x0000, 0x0000, 0x0000, 0x0000,   // 0x0BC0 (3008) pixels
0x0000, 0x0000, 0x0000, 0x0000, 0x0000, 0x0000, 0x0000, 0x0000, 0x0000, 0x0000, 0x0000, 0x0000, 0x0000, 0x0000, 0x0000, 0x0000,   // 0x0BD0 (3024) pixels
0x0000, 0x0000, 0x0000, 0x0000, 0x0000, 0x0000, 0x0000, 0x0000, 0x0000, 0x0000, 0x0000, 0x0000, 0x0000, 0x0000, 0x0000, 0x0000,   // 0x0BE0 (3040) pixels
0x0000, 0x0000, 0x0000, 0x0000, 0x0000, 0x0000, 0x0000, 0x0000, 0x0000, 0x0000, 0x0000, 0x0000, 0x0000, 0x0000, 0x0000, 0x0000,   // 0x0BF0 (3056) pixels
0x0000, 0x0000, 0x0000, 0x0000, 0x0000, 0x0000, 0x0000, 0x0000, 0x0000, 0x0000, 0x0000, 0x0000, 0x0000, 0x0000, 0x0000, 0x0000,   // 0x0C00 (3072) pixels
0x0000, 0x0000, 0x0000, 0x0000, 0x0000, 0x0000, 0x0000, 0x0000, 0x0001, 0x0000, 0x0000, 0x0801, 0x0001, 0x0000, 0x0020, 0x0040,   // 0x0C10 (3088) pixels
0x0000, 0x0001, 0x0040, 0x0820, 0x0801, 0x0001, 0x0040, 0x0000, 0x0000, 0x0000, 0x0000, 0x0000, 0x0000, 0x0000, 0x0000, 0x0000,   // 0x0C20 (3104) pixels
0x0000, 0x0000, 0x0000, 0x0000, 0x0000, 0x0000, 0x0000, 0x0000, 0x0000, 0x0000, 0x0000, 0x0000, 0x0000, 0x0000, 0x0000, 0x0000,   // 0x0C30 (3120) pixels
0x0000, 0x0000, 0x0000, 0x0000, 0x0000, 0x0000, 0x0000, 0x0000, 0x0000, 0x0000, 0x0000, 0x0000, 0x0000, 0x0000, 0x0000, 0x0000,   // 0x0C40 (3136) pixels
0x0000, 0x0000, 0x0000, 0x0000, 0x0000, 0x0000, 0x0000, 0x0000, 0x0000, 0x0000, 0x0000, 0x0000, 0x0000, 0x0000, 0x0000, 0x0000,   // 0x0C50 (3152) pixels
0x0000, 0x0000, 0x0000, 0x0000, 0x0000, 0x0000, 0x0000, 0x0000, 0x0000, 0x0000, 0x0000, 0x0000, 0x0000, 0x0000, 0x0000, 0x0000,   // 0x0C60 (3168) pixels
0x0000, 0x0000, 0x0000, 0x0000, 0x0000, 0x0000, 0x0000, 0x0000, 0x0000, 0x0000, 0x0000, 0x0000, 0x0000, 0x0000, 0x0000, 0x0000,   // 0x0C70 (3184) pixels
0x0000, 0x0000, 0x0000, 0x0000, 0x0000, 0x0000, 0x0000, 0x0000, 0x0000, 0x0000, 0x0000, 0x0000, 0x0000, 0x0000, 0x0000, 0x0000,   // 0x0C80 (3200) pixels
0x0000, 0x0000, 0x0000, 0x0000, 0x0020, 0x08E0, 0x3280, 0x5C22, 0x5CC0, 0x5522, 0x54C1, 0x3300, 0x0100, 0x0040, 0x1020, 0x2000,   // 0x0C90 (3216) pixels
0x0000, 0x0000, 0x0000, 0x0000, 0x0000, 0x0841, 0x0000, 0x0000, 0x0000, 0x0000, 0x0000, 0x0000, 0x0000, 0x0000, 0x0000, 0x0000,   // 0x0CA0 (3232) pixels
0x0000, 0x0000, 0x0000, 0x0000, 0x0000, 0x0000, 0x0000, 0x0000, 0x0000, 0x0000, 0x0000, 0x0000, 0x0000, 0x0000, 0x0000, 0x0000,   // 0x0CB0 (3248) pixels
0x0000, 0x0000, 0x0000, 0x0000, 0x0000, 0x0000, 0x0000, 0x0000, 0x0000, 0x0000, 0x0000, 0x0000, 0x0000, 0x0000, 0x0000, 0x0000,   // 0x0CC0 (3264) pixels
0x0000, 0x0000, 0x0000, 0x0000, 0x0000, 0x0000, 0x0000, 0x0000, 0x0000, 0x0000, 0x0000, 0x0000, 0x0000, 0x0000, 0x0000, 0x0000,   // 0x0CD0 (3280) pixels
0x0000, 0x0000, 0x0000, 0x0000, 0x0000, 0x0000, 0x0000, 0x0000, 0x0000, 0x0000, 0x0000, 0x0000, 0x0000, 0x0000, 0x0000, 0x0000,   // 0x0CE0 (3296) pixels
0x0000, 0x0000, 0x0000, 0x0000, 0x0000, 0x0000, 0x0000, 0x0000, 0x0000, 0x0000, 0x0000, 0x0000, 0x0000, 0x0000, 0x0000, 0x0000,   // 0x0CF0 (3312) pixels
0x0000, 0x0000, 0x0000, 0x0000, 0x0000, 0x0000, 0x0000, 0x0000, 0x0000, 0x0862, 0x0000, 0x0040, 0x32C2, 0x7526, 0x9625, 0xB727,   // 0x0D00 (3328) pixels
0xC789, 0xAF86, 0x8EE0, 0x7660, 0x5D25, 0x49E2, 0x78A3, 0xDAEF, 0xB597, 0x4208, 0x0000, 0x0020, 0x0000, 0x0000, 0x0841, 0x0000,   // 0x0D10 (3344) pixels
0x0000, 0x0000, 0x0000, 0x0000, 0x0000, 0x0000, 0x0000, 0x0000, 0x0000, 0x0000, 0x0000, 0x0000, 0x0000, 0x0000, 0x0000, 0x0000,   // 0x0D20 (3360) pixels
0x0000, 0x0000, 0x0000, 0x0000, 0x0000, 0x0000, 0x0000, 0x0000, 0x0000, 0x0000, 0x0000, 0x0000, 0x0000, 0x0000, 0x0000, 0x0000,   // 0x0D30 (3376) pixels
0x0000, 0x0000, 0x0000, 0x0000, 0x0000, 0x0000, 0x0000, 0x0000, 0x0000, 0x0000, 0x0000, 0x0000, 0x0000, 0x0000, 0x0000, 0x0000,   // 0x0D40 (3392) pixels
0x0000, 0x0000, 0x0000, 0x0000, 0x0000, 0x0000, 0x0000, 0x0000, 0x0000, 0x0000, 0x0000, 0x0000, 0x0000, 0x0000, 0x0000, 0x0000,   // 0x0D50 (3408) pixels
0x0000, 0x0000, 0x0000, 0x0000, 0x0000, 0x0000, 0x0000, 0x0000, 0x0000, 0x0000, 0x0000, 0x0000, 0x0000, 0x0000, 0x0000, 0x0000,   // 0x0D60 (3424) pixels
0x0000, 0x0000, 0x0000, 0x0000, 0x0000, 0x0000, 0x0000, 0x0000, 0x0000, 0x0000, 0x0000, 0x0000, 0x0000, 0x0000, 0x0000, 0x0000,   // 0x0D70 (3440) pixels
0x0820, 0x0000, 0x0060, 0x22C1, 0x75C5, 0x8EA2, 0x8E80, 0xBFC5, 0xFFFD, 0xF7F9, 0xB70B, 0x8682, 0x86E4, 0x7C21, 0x89C3, 0xCAD0,   // 0x0D80 (3456) pixels
0xFFFF, 0xD69A, 0x4229, 0x0000, 0x0000, 0x0000, 0x0000, 0x0000, 0x0000, 0x0000, 0x0000, 0x0000, 0x0000, 0x0000, 0x0000, 0x0000,   // 0x0D90 (3472) pixels
0x0000, 0x0000, 0x0000, 0x0000, 0x0000, 0x0000, 0x0000, 0x0000, 0x0000, 0x0000, 0x0000, 0x0000, 0x0000, 0x0000, 0x0000, 0x0000,   // 0x0DA0 (3488) pixels
0x0000, 0x0000, 0x0000, 0x0000, 0x0000, 0x0000, 0x0000, 0x0000, 0x0000, 0x0000, 0x0000, 0x0000, 0x0000, 0x0000, 0x0000, 0x0000,   // 0x0DB0 (3504) pixels
0x0000, 0x0000, 0x0000, 0x0000, 0x0000, 0x0000, 0x0000, 0x0000, 0x0000, 0x0000, 0x0000, 0x0000, 0x0000, 0x0000, 0x0000, 0x0000,   // 0x0DC0 (3520) pixels
0x0000, 0x0000, 0x0000, 0x0000, 0x0000, 0x0000, 0x0000, 0x0000, 0x0000, 0x0000, 0x0000, 0x0000, 0x0000, 0x0000, 0x0000, 0x0000,   // 0x0DD0 (3536) pixels
0x0000, 0x0000, 0x0000, 0x0000, 0x0000, 0x0000, 0x0000, 0x0000, 0x0000, 0x0000, 0x0000, 0x0000, 0x0000, 0x0000, 0x0000, 0x0000,   // 0x0DE0 (3552) pixels
0x0000, 0x0000, 0x0000, 0x0000, 0x0000, 0x0000, 0x0000, 0x0000, 0x0000, 0x0060, 0x2AC4, 0x5D25, 0x7662, 0x7E80, 0x96C0, 0xBFA4,   // 0x0DF0 (3568) pixels
0xDF2F, 0xF7F4, 0xEFCF, 0xBEC4, 0x8EA0, 0x86C2, 0x64A3, 0x18E0, 0x4A6A, 0xAD55, 0x526A, 0x0000, 0x0021, 0x0020, 0x0000, 0x0000,   // 0x0E00 (3584) pixels
0x0000, 0x0000, 0x0000, 0x0000, 0x0000, 0x0000, 0x0000, 0x0000, 0x0000, 0x0000, 0x0000, 0x0000, 0x0000, 0x0000, 0x0000, 0x0000,   // 0x0E10 (3600) pixels
0x0000, 0x0000, 0x0000, 0x0000, 0x0000, 0x0000, 0x0000, 0x0000, 0x0000, 0x0000, 0x0000, 0x0000, 0x0000, 0x0000, 0x0000, 0x0000,   // 0x0E20 (3616) pixels
0x0000, 0x0000, 0x0000, 0x0000, 0x0000, 0x0000, 0x0000, 0x0000, 0x0000, 0x0000, 0x0000, 0x0000, 0x0000, 0x0000, 0x0000, 0x0000,   // 0x0E30 (3632) pixels
0x0000, 0x0000, 0x0000, 0x0000, 0x0000, 0x0000, 0x0000, 0x0000, 0x0000, 0x0000, 0x0000, 0x0000, 0x0000, 0x0000, 0x0000, 0x0000,   // 0x0E40 (3648) pixels
0x0000, 0x0000, 0x0000, 0x0000, 0x0000, 0x0000, 0x0000, 0x0000, 0x0000, 0x0000, 0x0000, 0x0000, 0x0000, 0x0000, 0x0000, 0x0000,   // 0x0E50 (3664) pixels
0x0000, 0x0000, 0x0000, 0x0000, 0x0000, 0x0000, 0x0000, 0x0000, 0x0000, 0x0000, 0x0000, 0x0000, 0x0000, 0x0000, 0x0000, 0x0000,   // 0x0E60 (3680) pixels
0x0000, 0x00E0, 0x3BE4, 0x5DE5, 0x5E22, 0x6E20, 0x8E40, 0xAEE2, 0xCF80, 0xD702, 0xE724, 0xD743, 0x9E40, 0x76A0, 0x6E65, 0x2B41,   // 0x0E70 (3696) pixels
0x0000, 0x0021, 0x0000, 0x0000, 0x0000, 0x0000, 0x0020, 0x0020, 0x0000, 0x0000, 0x0000, 0x0000, 0x0000, 0x0000, 0x0000, 0x0000,   // 0x0E80 (3712) pixels
0x0000, 0x0000, 0x0000, 0x0000, 0x0000, 0x0000, 0x0000, 0x0000, 0x0000, 0x0000, 0x0000, 0x0000, 0x0000, 0x0000, 0x0000, 0x0000,   // 0x0E90 (3728) pixels
0x0000, 0x0000, 0x0000, 0x0000, 0x0000, 0x0000, 0x0000, 0x0000, 0x0000, 0x0000, 0x0000, 0x0000, 0x0000, 0x0000, 0x0000, 0x0000,   // 0x0EA0 (3744) pixels
0x0000, 0x0000, 0x0000, 0x0000, 0x0000, 0x0000, 0x0000, 0x0000, 0x0000, 0x0000, 0x0000, 0x0000, 0x0000, 0x0000, 0x0000, 0x0000,   // 0x0EB0 (3760) pixels
0x0000, 0x0000, 0x0000, 0x0000, 0x0000, 0x0000, 0x0000, 0x0000, 0x0000, 0x0000, 0x0000, 0x0000, 0x0000, 0x0000, 0x0000, 0x0000,   // 0x0EC0 (3776) pixels
0x0000, 0x0000, 0x0000, 0x0000, 0x0000, 0x0000, 0x0000, 0x0000, 0x0000, 0x0000, 0x0000, 0x0000, 0x0000, 0x0000, 0x0000, 0x0000,   // 0x0ED0 (3792) pixels
0x0000, 0x0000, 0x0000, 0x0000, 0x0000, 0x0000, 0x0000, 0x0000, 0x0021, 0x2242, 0x5505, 0x4DA3, 0x4DA3, 0x6E24, 0x8622, 0x9620,   // 0x0EE0 (3808) pixels
0x8E82, 0xCEE4, 0xC6E0, 0xB781, 0x9F23, 0x7622, 0x6E23, 0x7584, 0x18C3, 0x0000, 0x0000, 0x0000, 0x0000, 0x0020, 0x0000, 0x0000,   // 0x0EF0 (3824) pixels
0x0000, 0x0000, 0x0000, 0x0000, 0x0000, 0x0000, 0x0000, 0x0000, 0x0000, 0x0000, 0x0000, 0x0000, 0x0000, 0x0000, 0x0000, 0x0000,   // 0x0F00 (3840) pixels
0x0000, 0x0000, 0x0000, 0x0000, 0x0000, 0x0000, 0x0000, 0x0000, 0x0000, 0x0000, 0x0000, 0x0000, 0x0000, 0x0000, 0x0000, 0x0000,   // 0x0F10 (3856) pixels
0x0000, 0x0000, 0x0000, 0x0000, 0x0000, 0x0000, 0x0000, 0x0000, 0x0000, 0x0000, 0x0000, 0x0000, 0x0000, 0x0000, 0x0000, 0x0000,   // 0x0F20 (3872) pixels
0x0000, 0x0000, 0x0000, 0x0000, 0x0000, 0x0000, 0x0000, 0x0000, 0x0000, 0x0000, 0x0000, 0x0000, 0x0000, 0x0000, 0x0000, 0x0000,   // 0x0F30 (3888) pixels
0x0000, 0x0000, 0x0000, 0x0000, 0x0000, 0x0000, 0x0000, 0x0000, 0x0001, 0x0001, 0x0001, 0x0000, 0x0000, 0x0000, 0x0000, 0x0000,   // 0x0F40 (3904) pixels
0x0002, 0x0001, 0x0000, 0x0000, 0x0800, 0x0000, 0x0000, 0x0800, 0x0000, 0x0000, 0x0000, 0x0000, 0x0000, 0x0021, 0x0000, 0x0000,   // 0x0F50 (3920) pixels
0x0080, 0x1AA4, 0x4487, 0x4D25, 0x4D64, 0x55A3, 0x65C1, 0x7621, 0x7E21, 0x8E82, 0x9EE2, 0x9EE1, 0x8E80, 0x7620, 0x6E01, 0x6604,   // 0x0F60 (3936) pixels
0x43E5, 0x08A0, 0x0801, 0x0800, 0x0060, 0x08A0, 0x0800, 0x0800, 0x0000, 0x0020, 0x0000, 0x0000, 0x0000, 0x0000, 0x0000, 0x0000,   // 0x0F70 (3952) pixels
0x0000, 0x0000, 0x0000, 0x0000, 0x0000, 0x0000, 0x0000, 0x0000, 0x0000, 0x0000, 0x0000, 0x0000, 0x0000, 0x0000, 0x0000, 0x0000,   // 0x0F80 (3968) pixels
0x0000, 0x0000, 0x0000, 0x0000, 0x0000, 0x0000, 0x0000, 0x0000, 0x0000, 0x0000, 0x0000, 0x0000, 0x0000, 0x0000, 0x0000, 0x0000,   // 0x0F90 (3984) pixels
0x0000, 0x0000, 0x0000, 0x0000, 0x0000, 0x0000, 0x0000, 0x0000, 0x0000, 0x0000, 0x0000, 0x0000, 0x0000, 0x0000, 0x0000, 0x0000,   // 0x0FA0 (4000) pixels
0x0000, 0x0000, 0x0000, 0x0000, 0x0000, 0x0000, 0x0000, 0x0000, 0x0000, 0x0000, 0x0000, 0x0000, 0x0000, 0x0000, 0x0000, 0x0000,   // 0x0FB0 (4016) pixels
0x0000, 0x0020, 0x0040, 0x0000, 0x0020, 0x0000, 0x0020, 0x0000, 0x0020, 0x0000, 0x0000, 0x0000, 0x0021, 0x0021, 0x0001, 0x0021,   // 0x0FC0 (4032) pixels
0x0000, 0x0000, 0x0000, 0x0000, 0x0000, 0x0000, 0x0020, 0x0060, 0x1226, 0x2B68, 0x3407, 0x3425, 0x3485, 0x44C6, 0x4CE5, 0x5525,   // 0x0FD0 (4048) pixels
0x6583, 0x6DC3, 0x7E03, 0x8622, 0x8641, 0x7621, 0x65E3, 0x5DC4, 0x5D06, 0x22A4, 0x0001, 0x2800, 0x9225, 0x9307, 0x0800, 0x0002,   // 0x0FE0 (4064) pixels
0x0000, 0x0000, 0x0000, 0x0000, 0x0000, 0x0000, 0x0000, 0x0000, 0x0000, 0x0000, 0x0000, 0x0000, 0x0000, 0x0000, 0x0000, 0x0000,   // 0x0FF0 (4080) pixels
0x0000, 0x0000, 0x0000, 0x0000, 0x0000, 0x0000, 0x0000, 0x0000, 0x0000, 0x0000, 0x0000, 0x0000, 0x0000, 0x0000, 0x0000, 0x0000,   // 0x1000 (4096) pixels
0x0000, 0x0000, 0x0000, 0x0000, 0x0000, 0x0000, 0x0000, 0x0000, 0x0000, 0x0000, 0x0000, 0x0000, 0x0000, 0x0000, 0x0000, 0x0000,   // 0x1010 (4112) pixels
0x0000, 0x0000, 0x0000, 0x0000, 0x0000, 0x0000, 0x0000, 0x0000, 0x0000, 0x0000, 0x0000, 0x0000, 0x0000, 0x0000, 0x0000, 0x0000,   // 0x1020 (4128) pixels
0x0000, 0x0000, 0x0000, 0x0000, 0x0000, 0x0000, 0x0000, 0x0000, 0x0000, 0x0000, 0x0000, 0x0000, 0x0000, 0x0000, 0x0000, 0x0000,   // 0x1030 (4144) pixels
0x0000, 0x0000, 0x0000, 0x0000, 0x0000, 0x0000, 0x0000, 0x0000, 0x0801, 0x0001, 0x0000, 0x0000, 0x0040, 0x0120, 0x2263, 0x3B46,   // 0x1040 (4160) pixels
0x43E9, 0x4448, 0x3426, 0x23E5, 0x2C26, 0x3427, 0x3406, 0x3404, 0x3C63, 0x4CA4, 0x54E4, 0x6543, 0x6DA3, 0x6DC4, 0x5D64, 0x44E4,   // 0x1050 (4176) pixels
0x3C84, 0x23E5, 0x1A04, 0x5001, 0xC945, 0xCB29, 0x0800, 0x0002, 0x0801, 0x0000, 0x0000, 0x0000, 0x0000, 0x0000, 0x0000, 0x0000,   // 0x1060 (4192) pixels
0x0000, 0x0000, 0x0000, 0x0000, 0x0000, 0x0000, 0x0000, 0x0000, 0x0000, 0x0000, 0x0000, 0x0000, 0x0000, 0x0000, 0x0000, 0x0000,   // 0x1070 (4208) pixels
0x0000, 0x0000, 0x0000, 0x0000, 0x0000, 0x0000, 0x0000, 0x0000, 0x0000, 0x0000, 0x0000, 0x0000, 0x0000, 0x0000, 0x0000, 0x0000,   // 0x1080 (4224) pixels
0x0000, 0x0000, 0x0000, 0x0000, 0x0000, 0x0000, 0x0000, 0x0000, 0x0000, 0x0000, 0x0000, 0x0000, 0x0000, 0x0000, 0x0000, 0x0000,   // 0x1090 (4240) pixels
0x0000, 0x0000, 0x0000, 0x0000, 0x0000, 0x0000, 0x0000, 0x0000, 0x0000, 0x0000, 0x0000, 0x0000, 0x0000, 0x0000, 0x0000, 0x0000,   // 0x10A0 (4256) pixels
0x0001, 0x0001, 0x0801, 0x0000, 0x0000, 0x0000, 0x0000, 0x0000, 0x0000, 0x0001, 0x0001, 0x0000, 0x0000, 0x0000, 0x0801, 0x0802,   // 0x10B0 (4272) pixels
0x0800, 0x0000, 0x0040, 0x0921, 0x22A4, 0x3407, 0x44C8, 0x4508, 0x3C65, 0x44A4, 0x3CA4, 0x3CC5, 0x44E7, 0x4CE8, 0x44C6, 0x4CE5,   // 0x10C0 (4288) pixels
0x4D24, 0x5524, 0x5524, 0x5D64, 0x65A3, 0x65A4, 0x5544, 0x44E4, 0x34A7, 0x44E6, 0x4CA7, 0x6285, 0x9083, 0x91A6, 0x0840, 0x0021,   // 0x10D0 (4304) pixels
0x0001, 0x0001, 0x0000, 0x0000, 0x0000, 0x0000, 0x0020, 0x0000, 0x0000, 0x0000, 0x0000, 0x0000, 0x0000, 0x0000, 0x0000, 0x0000,   // 0x10E0 (4320) pixels
0x0000, 0x0000, 0x0000, 0x0000, 0x0000, 0x0000, 0x0000, 0x0000, 0x0000, 0x0000, 0x0000, 0x0000, 0x0000, 0x0000, 0x0000, 0x0000,   // 0x10F0 (4336) pixels
0x0000, 0x0000, 0x0000, 0x0000, 0x0000, 0x0000, 0x0000, 0x0000, 0x0000, 0x0000, 0x0000, 0x0000, 0x0000, 0x0000, 0x0000, 0x0000,   // 0x1100 (4352) pixels
0x0000, 0x0000, 0x0000, 0x0000, 0x0000, 0x0000, 0x0000, 0x0000, 0x0000, 0x0000, 0x0000, 0x0000, 0x0000, 0x0000, 0x0000, 0x0000,   // 0x1110 (4368) pixels
0x0000, 0x0000, 0x0000, 0x0000, 0x0000, 0x0000, 0x0000, 0x0000, 0x0020, 0x0000, 0x0000, 0x0000, 0x0000, 0x0020, 0x0000, 0x0000,   // 0x1120 (4384) pixels
0x0801, 0x0801, 0x0002, 0x0000, 0x0080, 0x0080, 0x0080, 0x0080, 0x0100, 0x0100, 0x0181, 0x22E5, 0x3C28, 0x3CA8, 0x2C86, 0x2465,   // 0x1130 (4400) pixels
0x4D05, 0x4D25, 0x4D44, 0x4D44, 0x4D45, 0x4D25, 0x4D24, 0x5563, 0x6642, 0x6602, 0x65E2, 0x65E2, 0x6601, 0x65E1, 0x65C2, 0x65C4,   // 0x1140 (4416) pixels
0x4D47, 0x5D45, 0x4D43, 0x4CC6, 0x52A4, 0x5203, 0x0080, 0x0000, 0x0000, 0x0000, 0x0000, 0x0000, 0x0000, 0x0000, 0x0020, 0x0000,   // 0x1150 (4432) pixels
0x0000, 0x0000, 0x0000, 0x0000, 0x0000, 0x0000, 0x0000, 0x0000, 0x0000, 0x0000, 0x0000, 0x0000, 0x0000, 0x0000, 0x0000, 0x0000,   // 0x1160 (4448) pixels
0x0000, 0x0000, 0x0000, 0x0000, 0x0000, 0x0000, 0x0000, 0x0000, 0x0000, 0x0000, 0x0000, 0x0000, 0x0000, 0x0000, 0x0000, 0x0000,   // 0x1170 (4464) pixels
0x0000, 0x0000, 0x0000, 0x0000, 0x0000, 0x0000, 0x0000, 0x0000, 0x0000, 0x0000, 0x0000, 0x0000, 0x0000, 0x0000, 0x0000, 0x0000,   // 0x1180 (4480) pixels
0x0000, 0x0000, 0x0000, 0x0000, 0x0000, 0x0000, 0x0000, 0x0000, 0x0000, 0x0000, 0x0000, 0x0000, 0x0000, 0x0000, 0x0000, 0x0000,   // 0x1190 (4496) pixels
0x0000, 0x0000, 0x0000, 0x0001, 0x0000, 0x0001, 0x0001, 0x0022, 0x0800, 0x0000, 0x0060, 0x1A03, 0x3BC5, 0x4464, 0x3442, 0x3423,   // 0x11A0 (4512) pixels
0x2C05, 0x23E5, 0x23C5, 0x2C06, 0x3407, 0x3407, 0x3C47, 0x4488, 0x4D07, 0x4D26, 0x5545, 0x5544, 0x5524, 0x4D03, 0x4D22, 0x5561,   // 0x11B0 (4528) pixels
0x5DE0, 0x5DC0, 0x65C1, 0x65E1, 0x6DE1, 0x6DC0, 0x6DC1, 0x6DC3, 0x65E2, 0x75A2, 0x5582, 0x4625, 0x4565, 0x54C6, 0x3B24, 0x08C0,   // 0x11C0 (4544) pixels
0x0020, 0x0020, 0x0020, 0x0041, 0x0000, 0x0000, 0x0000, 0x0000, 0x0000, 0x0000, 0x0000, 0x0000, 0x0000, 0x0000, 0x0000, 0x0000,   // 0x11D0 (4560) pixels
0x0000, 0x0000, 0x0000, 0x0000, 0x0000, 0x0000, 0x0000, 0x0000, 0x0000, 0x0000, 0x0000, 0x0000, 0x0000, 0x0000, 0x0000, 0x0000,   // 0x11E0 (4576) pixels
0x0000, 0x0000, 0x0000, 0x0000, 0x0000, 0x0000, 0x0000, 0x0000, 0x0000, 0x0000, 0x0000, 0x0000, 0x0000, 0x0000, 0x0000, 0x0000,   // 0x11F0 (4592) pixels
0x0000, 0x0000, 0x0000, 0x0000, 0x0000, 0x0000, 0x0000, 0x0000, 0x0000, 0x0000, 0x0000, 0x0000, 0x0000, 0x0000, 0x0000, 0x0000,   // 0x1200 (4608) pixels
0x0000, 0x0000, 0x0000, 0x0000, 0x0000, 0x0000, 0x0000, 0x0000, 0x0002, 0x0001, 0x0040, 0x0040, 0x0040, 0x1120, 0x4280, 0x7C87,   // 0x1210 (4624) pixels
0xA646, 0x74E4, 0x4C24, 0x4CC4, 0x5584, 0x5DE2, 0x6603, 0x65E4, 0x5DE4, 0x5584, 0x4504, 0x3C64, 0x3424, 0x3405, 0x3C26, 0x4467,   // 0x1220 (4640) pixels
0x44E6, 0x4D25, 0x5D84, 0x65C4, 0x65A4, 0x5D83, 0x5DA2, 0x65C1, 0x65C1, 0x65C2, 0x65C3, 0x65C2, 0x75E1, 0x7E21, 0x7E01, 0x75A0,   // 0x1230 (4656) pixels
0x7E00, 0x7600, 0x7622, 0x5E02, 0x4D83, 0x4546, 0x5508, 0x3B84, 0x1120, 0x0040, 0x0020, 0x0000, 0x0000, 0x0000, 0x0000, 0x0000,   // 0x1240 (4672) pixels
0x0000, 0x0000, 0x0000, 0x0000, 0x0000, 0x0000, 0x0000, 0x0000, 0x0000, 0x0000, 0x0000, 0x0000, 0x0000, 0x0000, 0x0000, 0x0000,   // 0x1250 (4688) pixels
0x0000, 0x0000, 0x0000, 0x0000, 0x0000, 0x0000, 0x0000, 0x0000, 0x0000, 0x0000, 0x0000, 0x0000, 0x0000, 0x0000, 0x0000, 0x0000,   // 0x1260 (4704) pixels
0x0000, 0x0000, 0x0000, 0x0000, 0x0000, 0x0000, 0x0000, 0x0000, 0x0000, 0x0000, 0x0000, 0x0000, 0x0000, 0x0000, 0x0000, 0x0000,   // 0x1270 (4720) pixels
0x0000, 0x0000, 0x0000, 0x0000, 0x0000, 0x0000, 0x0000, 0x0000, 0x0000, 0x0000, 0x0000, 0x0000, 0x0000, 0x0000, 0x0000, 0x0000,   // 0x1280 (4736) pixels
0x0040, 0x0080, 0x3200, 0x7444, 0xA605, 0xC744, 0xBF40, 0xCFC0, 0x9F82, 0x6E00, 0x5D82, 0x6E44, 0x6E61, 0x7EA0, 0x8EC0, 0x8E80,   // 0x1290 (4752) pixels
0x8E81, 0x8641, 0x7603, 0x6DE5, 0x5D65, 0x3CA4, 0x2C64, 0x2C65, 0x44E3, 0x5563, 0x65E2, 0x6E02, 0x6DE1, 0x65C1, 0x6DE1, 0x6E00,   // 0x12A0 (4768) pixels
0x65C2, 0x6DC3, 0x6582, 0x6580, 0x7E20, 0x9F01, 0xA721, 0x96A0, 0x8602, 0x6E40, 0x86A0, 0x95E1, 0x6D25, 0x13A4, 0x1C25, 0x5566,   // 0x12B0 (4784) pixels
0x6C2A, 0x2A03, 0x0040, 0x0000, 0x0001, 0x0000, 0x0000, 0x0800, 0x0000, 0x0000, 0x0000, 0x0000, 0x0000, 0x0000, 0x0000, 0x0000,   // 0x12C0 (4800) pixels
0x0000, 0x0000, 0x0000, 0x0000, 0x0000, 0x0000, 0x0000, 0x0000, 0x0000, 0x0000, 0x0000, 0x0000, 0x0000, 0x0000, 0x0000, 0x0000,   // 0x12D0 (4816) pixels
0x0000, 0x0000, 0x0000, 0x0000, 0x0000, 0x0000, 0x0000, 0x0000, 0x0000, 0x0000, 0x0000, 0x0000, 0x0000, 0x0000, 0x0000, 0x0000,   // 0x12E0 (4832) pixels
0x0000, 0x0000, 0x0000, 0x0001, 0x0001, 0x0001, 0x0020, 0x0000, 0x0001, 0x0002, 0x0001, 0x0001, 0x0000, 0x0000, 0x0040, 0x0000,   // 0x12F0 (4848) pixels
0x0800, 0x0821, 0x0000, 0x0060, 0x19C1, 0x11E0, 0x1200, 0x2261, 0x5460, 0x8564, 0xAE84, 0xCFC2, 0xBFE0, 0xA762, 0x9F04, 0x7DE1,   // 0x1300 (4864) pixels
0x3D03, 0x5562, 0x75E3, 0x9623, 0xB6E3, 0xCFA4, 0xD7A5, 0xDFA6, 0xDFE6, 0xD7C5, 0xB6E1, 0x8E60, 0x6621, 0x4DE3, 0x3D23, 0x4D45,   // 0x1310 (4880) pixels
0x55C4, 0x5DA3, 0x6582, 0x75C2, 0x75C1, 0x75A0, 0x6DE1, 0x6DC1, 0x6DC1, 0x75E1, 0x8621, 0x9EC0, 0xA6C0, 0xAEE0, 0xB700, 0xAF20,   // 0x1320 (4896) pixels
0xCEC2, 0xBEC8, 0x9685, 0x86A0, 0x75E3, 0x2B28, 0x0A47, 0x3465, 0x7604, 0x6545, 0x11C0, 0x0020, 0x0001, 0x0001, 0x0000, 0x0020,   // 0x1330 (4912) pixels
0x0000, 0x0000, 0x0000, 0x0000, 0x0000, 0x0000, 0x0000, 0x0000, 0x0000, 0x0000, 0x0000, 0x0000, 0x0000, 0x0000, 0x0000, 0x0000,   // 0x1340 (4928) pixels
0x0000, 0x0000, 0x0000, 0x0000, 0x0000, 0x0000, 0x0000, 0x0000, 0x0000, 0x0000, 0x0000, 0x0000, 0x0000, 0x0000, 0x0000, 0x0000,   // 0x1350 (4944) pixels
0x0000, 0x0000, 0x0000, 0x0000, 0x0000, 0x0000, 0x0000, 0x0000, 0x0000, 0x0000, 0x0000, 0x0020, 0x0000, 0x0000, 0x0000, 0x0000,   // 0x1360 (4960) pixels
0x0020, 0x0000, 0x0000, 0x0000, 0x0001, 0x0822, 0x0002, 0x0002, 0x0020, 0x29E3, 0x4344, 0x64C5, 0x8E88, 0x7E24, 0x6DA1, 0x75C2,   // 0x1370 (4976) pixels
0x85E1, 0xAF02, 0xBF62, 0xAF02, 0x8E81, 0x7621, 0x6583, 0x4424, 0x4543, 0x7662, 0x9F03, 0x95E7, 0x740A, 0x4226, 0x3180, 0x49E0,   // 0x1380 (4992) pixels
0x4223, 0x8444, 0xB623, 0xBF65, 0x8EA3, 0x6DC4, 0x6DC4, 0x6D83, 0x65C2, 0x6E01, 0x7E40, 0x8660, 0x9680, 0x96A0, 0x96E0, 0x9700,   // 0x1390 (5008) pixels
0x9EE2, 0x9EC2, 0x9EA1, 0xAEE0, 0xAF00, 0xB701, 0xBF21, 0xB6E0, 0xCF27, 0xFFF6, 0xDFB1, 0x9EA0, 0x8EA0, 0x5D46, 0x2C07, 0x4505,   // 0x13A0 (5024) pixels
0x55C3, 0x6DE4, 0x6D26, 0x3262, 0x0000, 0x0002, 0x0801, 0x0800, 0x0000, 0x0000, 0x0000, 0x0000, 0x0000, 0x0000, 0x0000, 0x0000,   // 0x13B0 (5040) pixels
0x0000, 0x0000, 0x0000, 0x0000, 0x0000, 0x0000, 0x0000, 0x0000, 0x0000, 0x0000, 0x0000, 0x0000, 0x0000, 0x0000, 0x0000, 0x0000,   // 0x13C0 (5056) pixels
0x0000, 0x0000, 0x0000, 0x0000, 0x0000, 0x0000, 0x0000, 0x0000, 0x0000, 0x0000, 0x0000, 0x0000, 0x0000, 0x0000, 0x0000, 0x0000,   // 0x13D0 (5072) pixels
0x0001, 0x0000, 0x0000, 0x0000, 0x0000, 0x0000, 0x0000, 0x0000, 0x0001, 0x0000, 0x0020, 0x0820, 0x0001, 0x0000, 0x08A0, 0x5B62,   // 0x13E0 (5088) pixels
0x9642, 0x9684, 0x7E43, 0x6E03, 0x6E24, 0x5D81, 0x5D80, 0x7623, 0x96C1, 0xAF61, 0xA700, 0x8620, 0x6DC3, 0x5D64, 0x44A5, 0x3407,   // 0x13F0 (5104) pixels
0x5562, 0xA6A8, 0x9D25, 0x2900, 0x0805, 0x398A, 0x624B, 0x3849, 0x5003, 0x5884, 0x40A0, 0x6B23, 0x8DC5, 0x7E42, 0x65E1, 0x5DC3,   // 0x1400 (5120) pixels
0x6DC1, 0x8EC2, 0xA761, 0xA740, 0xAF42, 0xB742, 0xAF20, 0xAF20, 0xA6E0, 0xAF00, 0xAF00, 0xAF20, 0xAF00, 0xAF00, 0xB742, 0xB720,   // 0x1410 (5136) pixels
0xC765, 0xD7CC, 0xBF4A, 0x9EC1, 0x8EE0, 0x6E02, 0x5504, 0x5547, 0x3D25, 0x4D45, 0x6588, 0x4365, 0x00C0, 0x0001, 0x0021, 0x0000,   // 0x1420 (5152) pixels
0x0000, 0x0000, 0x0000, 0x0000, 0x0000, 0x0000, 0x0000, 0x0000, 0x0000, 0x0000, 0x0000, 0x0000, 0x0000, 0x0000, 0x0000, 0x0000,   // 0x1430 (5168) pixels
0x0000, 0x0000, 0x0000, 0x0000, 0x0000, 0x0000, 0x0000, 0x0000, 0x0000, 0x0000, 0x0000, 0x0000, 0x0000, 0x0000, 0x0000, 0x0000,   // 0x1440 (5184) pixels
0x0000, 0x0000, 0x0000, 0x0000, 0x0000, 0x0000, 0x0000, 0x0000, 0x0001, 0x0000, 0x0000, 0x0000, 0x0000, 0x0001, 0x0801, 0x0000,   // 0x1450 (5200) pixels
0x0020, 0x0002, 0x0003, 0x0000, 0x3200, 0x9584, 0xB704, 0xB743, 0x9EC2, 0x7E00, 0x6580, 0x5561, 0x5542, 0x5541, 0x6DE2, 0x8EA4,   // 0x1460 (5216) pixels
0x7E61, 0x7E42, 0x75C0, 0x6580, 0x55A3, 0x3CC5, 0x2C24, 0x5545, 0x9EE8, 0x8365, 0x6820, 0x9987, 0xE5D8, 0xFFFD, 0xFFFE, 0x9AF6,   // 0x1470 (5232) pixels
0x90A7, 0x9109, 0x7949, 0x3083, 0x29C2, 0x54A7, 0x4D85, 0x4DE3, 0x6DA4, 0x7E43, 0x8EC1, 0x96E0, 0xA722, 0xA6E0, 0xA6E0, 0xB740,   // 0x1480 (5248) pixels
0xBF81, 0xAF41, 0xA701, 0xA741, 0x9F21, 0x9701, 0x9F21, 0x9F20, 0xA701, 0x9EE0, 0x9F00, 0x96C1, 0x7DE4, 0x5D25, 0x44A7, 0x2C48,   // 0x1490 (5264) pixels
0x246A, 0x2C49, 0x2BC7, 0x43E9, 0x2A85, 0x0060, 0x0020, 0x0000, 0x0000, 0x0000, 0x0000, 0x0000, 0x0000, 0x0000, 0x0000, 0x0000,   // 0x14A0 (5280) pixels
0x0000, 0x0000, 0x0000, 0x0000, 0x0000, 0x0000, 0x0000, 0x0000, 0x0000, 0x0000, 0x0000, 0x0000, 0x0000, 0x0000, 0x0000, 0x0000,   // 0x14B0 (5296) pixels
0x0000, 0x0000, 0x0000, 0x0000, 0x0000, 0x0000, 0x0000, 0x0000, 0x0000, 0x0000, 0x0000, 0x0000, 0x0000, 0x0000, 0x0000, 0x0000,   // 0x14C0 (5312) pixels
0x0000, 0x0000, 0x0000, 0x0000, 0x0801, 0x0002, 0x0001, 0x0000, 0x0002, 0x0040, 0x29C0, 0x8D64, 0xC784, 0xBFE2, 0xA761, 0x8EA1,   // 0x14D0 (5328) pixels
0x6D84, 0x5D23, 0x5522, 0x5DA4, 0x5DA3, 0x5D82, 0x6582, 0x6DA2, 0x65C1, 0x6DC2, 0x6582, 0x5582, 0x4D45, 0x2C45, 0x3422, 0x7E46,   // 0x14E0 (5344) pixels
0x8DA7, 0x5820, 0xC021, 0xFA26, 0xFD94, 0xFFFE, 0xD6DB, 0x9335, 0x81AD, 0x5906, 0x1800, 0x3923, 0x422A, 0x2A08, 0x4C0A, 0x4C87,   // 0x14F0 (5360) pixels
0x4C87, 0x5D27, 0x5D65, 0x5521, 0x7E43, 0x9EE4, 0xA6E4, 0x9E62, 0x8D65, 0x5C21, 0x4C00, 0x6502, 0x6DA4, 0x6563, 0x6562, 0x6DC2,   // 0x1500 (5376) pixels
0x7E23, 0x8661, 0x9680, 0x7DE2, 0x4CA6, 0x2BA9, 0x2B89, 0x3387, 0x3368, 0x3B88, 0x4BA8, 0x7CCC, 0x5B27, 0x0000, 0x0000, 0x0801,   // 0x1510 (5392) pixels
0x0000, 0x0000, 0x0000, 0x0000, 0x0000, 0x0000, 0x0000, 0x0000, 0x0000, 0x0000, 0x0000, 0x0000, 0x0000, 0x0000, 0x0000, 0x0000,   // 0x1520 (5408) pixels
0x0000, 0x0000, 0x0000, 0x0000, 0x0000, 0x0000, 0x0000, 0x0000, 0x0000, 0x0000, 0x0000, 0x0000, 0x0000, 0x0000, 0x0000, 0x0000,   // 0x1530 (5424) pixels
0x0000, 0x0000, 0x0000, 0x0000, 0x0000, 0x0000, 0x0000, 0x0000, 0x0000, 0x0000, 0x0000, 0x0000, 0x0002, 0x0002, 0x0020, 0x0060,   // 0x1540 (5440) pixels
0x19A0, 0x8D65, 0xB723, 0xBFC0, 0xA741, 0x8E82, 0x6DE2, 0x5520, 0x55A1, 0x5581, 0x4D61, 0x4D42, 0x4D43, 0x5564, 0x5523, 0x5D64,   // 0x1550 (5456) pixels
0x6DE2, 0x7E80, 0x7640, 0x5D85, 0x4D09, 0x3446, 0x4443, 0x8E09, 0x3A22, 0x6000, 0xD903, 0xEA03, 0x9A8A, 0x9497, 0x9D19, 0x622E,   // 0x1560 (5472) pixels
0x496A, 0x28C5, 0x0000, 0x0820, 0x3165, 0x39E8, 0x3A49, 0x2A49, 0x1AC8, 0x2349, 0x2368, 0x1B66, 0x4448, 0x43E7, 0x3AE4, 0x1160,   // 0x1570 (5488) pixels
0x0001, 0x0040, 0x11E0, 0x5484, 0x6526, 0x4405, 0x22E4, 0x2B27, 0x5585, 0x5D64, 0x5D46, 0x3487, 0x1BC8, 0x4429, 0x94AA, 0xBC28,   // 0x1580 (5504) pixels
0xAC0B, 0xA408, 0xB4A9, 0xA46A, 0x49C3, 0x0800, 0x0801, 0x0000, 0x0000, 0x0000, 0x0000, 0x0000, 0x0000, 0x0000, 0x0000, 0x0000,   // 0x1590 (5520) pixels
0x0000, 0x0000, 0x0000, 0x0000, 0x0000, 0x0000, 0x0000, 0x0000, 0x0000, 0x0000, 0x0000, 0x0000, 0x0000, 0x0000, 0x0000, 0x0000,   // 0x15A0 (5536) pixels
0x0000, 0x0000, 0x0000, 0x0000, 0x0000, 0x0000, 0x0000, 0x0000, 0x0000, 0x0000, 0x0000, 0x0000, 0x0000, 0x0000, 0x0000, 0x0000,   // 0x15B0 (5552) pixels
0x0000, 0x0000, 0x0000, 0x0000, 0x0001, 0x0040, 0x1180, 0x3300, 0x8E80, 0xA764, 0x8E81, 0x7DE1, 0x75C1, 0x6DA1, 0x5D80, 0x65E1,   // 0x15C0 (5568) pixels
0x55A2, 0x55A1, 0x5D82, 0x6DC3, 0x6DE3, 0x75E2, 0x6580, 0x6DE0, 0x8E81, 0x96E0, 0x8680, 0x5D64, 0x4489, 0x2BC7, 0x3BE4, 0x7D47,   // 0x15D0 (5584) pixels
0x0021, 0x3002, 0x6883, 0x5860, 0x2842, 0x31AB, 0x4A2D, 0x1022, 0x0802, 0x0000, 0x0040, 0x0000, 0x0000, 0x1084, 0x428B, 0x2A69,   // 0x15E0 (5600) pixels
0x22AB, 0x12A8, 0x1B28, 0x33EB, 0x33CB, 0x0163, 0x0102, 0x10E2, 0x08C3, 0x0941, 0x4C05, 0x75C6, 0x65C5, 0x44A5, 0x2325, 0x2B48,   // 0x15F0 (5616) pixels
0x4D64, 0x4D45, 0x34C8, 0x2C09, 0x4C29, 0x9509, 0xC4A9, 0xC306, 0xA2A8, 0x8A45, 0x8264, 0x5162, 0x1000, 0x0001, 0x0000, 0x0020,   // 0x1600 (5632) pixels
0x0000, 0x0000, 0x0000, 0x0000, 0x0000, 0x0000, 0x0000, 0x0000, 0x0000, 0x0000, 0x0000, 0x0000, 0x0000, 0x0000, 0x0000, 0x0000,   // 0x1610 (5648) pixels
0x0000, 0x0000, 0x0000, 0x0000, 0x0000, 0x0000, 0x0000, 0x0000, 0x0000, 0x0000, 0x0000, 0x0000, 0x0000, 0x0000, 0x0000, 0x0000,   // 0x1620 (5664) pixels
0x0000, 0x0000, 0x0000, 0x0000, 0x0000, 0x0000, 0x0000, 0x0000, 0x0000, 0x0000, 0x0000, 0x0000, 0x0041, 0x1160, 0x4BC2, 0x8E46,   // 0x1630 (5680) pixels
0x7625, 0x65A2, 0x5D60, 0x7600, 0x86A1, 0x9723, 0x7642, 0x65A1, 0x65E5, 0x5542, 0x65A0, 0x8E82, 0x96A1, 0x96A1, 0x7E20, 0x8E82,   // 0x1640 (5696) pixels
0xA6C0, 0x9EC1, 0x8E61, 0x65C3, 0x3C87, 0x2368, 0x43E6, 0x8585, 0x0002, 0x0000, 0x0000, 0x0021, 0x0000, 0x0001, 0x0801, 0x0800,   // 0x1650 (5712) pixels
0x0800, 0x0000, 0x0020, 0x0020, 0x0800, 0x0801, 0x3A2A, 0x3AAB, 0x22C9, 0x3BA8, 0x4486, 0x44C5, 0x3C44, 0x3361, 0x8D87, 0xC6CA,   // 0x1660 (5728) pixels
0x6D03, 0x5CC3, 0x6DC6, 0x5583, 0x4D82, 0x5DE5, 0x4D23, 0x5563, 0x5D44, 0x44C7, 0x33C6, 0x6C46, 0xBD09, 0x9B25, 0x3080, 0x0001,   // 0x1670 (5744) pixels
0x1842, 0x28C4, 0x1042, 0x0001, 0x0002, 0x0001, 0x0000, 0x0000, 0x0000, 0x0000, 0x0000, 0x0000, 0x0000, 0x0000, 0x0000, 0x0000,   // 0x1680 (5760) pixels
0x0000, 0x0000, 0x0000, 0x0000, 0x0000, 0x0000, 0x0000, 0x0000, 0x0000, 0x0000, 0x0000, 0x0000, 0x0000, 0x0000, 0x0000, 0x0000,   // 0x1690 (5776) pixels
0x0000, 0x0000, 0x0000, 0x0000, 0x0000, 0x0000, 0x0000, 0x0000, 0x0000, 0x0000, 0x0000, 0x0000, 0x0000, 0x0000, 0x0000, 0x0001,   // 0x16A0 (5792) pixels
0x0801, 0x0020, 0x0020, 0x0080, 0x1A82, 0x5524, 0x5581, 0x5582, 0x55A0, 0x5523, 0x75E2, 0x9700, 0x96C0, 0x9EE0, 0x8EC0, 0x96C0,   // 0x16B0 (5808) pixels
0x8662, 0x6503, 0x8660, 0x9EC0, 0x96C0, 0x9EE0, 0x96A3, 0x96C0, 0x9E62, 0x96A0, 0x8EE0, 0x6601, 0x44C6, 0x2BA7, 0x3B85, 0x8549,   // 0x16C0 (5824) pixels
0x0020, 0x0002, 0x0842, 0x0020, 0x0040, 0x0020, 0x0000, 0x0800, 0x0000, 0x0800, 0x1001, 0x0002, 0x0001, 0x0801, 0x424B, 0x3B0C,   // 0x16D0 (5840) pixels
0x1C07, 0x3CE8, 0x4525, 0x5562, 0x7601, 0xAF23, 0xBF43, 0xBF22, 0x9EE1, 0x9EC1, 0x9661, 0x8643, 0x65C2, 0x5562, 0x5563, 0x5562,   // 0x16E0 (5856) pixels
0x3D08, 0x2C24, 0x74C8, 0xB4CB, 0x82A5, 0x30A0, 0x3084, 0x696B, 0x714A, 0x6149, 0x3064, 0x0000, 0x0000, 0x0020, 0x0000, 0x0000,   // 0x16F0 (5872) pixels
0x0000, 0x0000, 0x0000, 0x0000, 0x0000, 0x0000, 0x0000, 0x0000, 0x0000, 0x0000, 0x0000, 0x0000, 0x0000, 0x0000, 0x0000, 0x0000,   // 0x1700 (5888) pixels
0x0000, 0x0000, 0x0000, 0x0000, 0x0000, 0x0000, 0x0000, 0x0000, 0x0000, 0x0000, 0x0000, 0x0000, 0x0000, 0x0000, 0x0000, 0x0000,   // 0x1710 (5904) pixels
0x0000, 0x0000, 0x0000, 0x0000, 0x0000, 0x0000, 0x0000, 0x0000, 0x1002, 0x0000, 0x0100, 0x3385, 0x44C5, 0x65A5, 0x75E2, 0x8E82,   // 0x1720 (5920) pixels
0x7663, 0x5D03, 0x6D81, 0x96E1, 0x9EC1, 0x96A0, 0x96A0, 0x9F02, 0x8E82, 0x6D62, 0x8E62, 0x9EC0, 0x9EC0, 0x96A0, 0x9683, 0x9EE0,   // 0x1730 (5936) pixels
0x9EA0, 0x96A0, 0x8681, 0x65A5, 0x3C69, 0x2328, 0x3306, 0x74A9, 0x2805, 0x0000, 0x0020, 0x0020, 0x0840, 0x0800, 0x0002, 0x0000,   // 0x1740 (5952) pixels
0x0000, 0x0040, 0x0020, 0x1860, 0x4923, 0x1800, 0x424B, 0x3B6C, 0x5564, 0x65A4, 0x65A1, 0x9683, 0xB743, 0xC763, 0xC701, 0xC6E0,   // 0x1750 (5968) pixels
0xCF03, 0xB6E0, 0xA740, 0x9F02, 0x6DA3, 0x5505, 0x4D87, 0x3565, 0x5C82, 0xA4C8, 0xBC2B, 0x61C5, 0x2021, 0x5107, 0x71AC, 0x614A,   // 0x1760 (5984) pixels
0x6949, 0x48C6, 0x2022, 0x0000, 0x0000, 0x0000, 0x0000, 0x0000, 0x0000, 0x0000, 0x0000, 0x0000, 0x0000, 0x0000, 0x0000, 0x0000,   // 0x1770 (6000) pixels
0x0000, 0x0000, 0x0000, 0x0000, 0x0000, 0x0000, 0x0000, 0x0000, 0x0000, 0x0000, 0x0000, 0x0000, 0x0000, 0x0000, 0x0000, 0x0000,   // 0x1780 (6016) pixels
0x0000, 0x0000, 0x0000, 0x0000, 0x0000, 0x0000, 0x0000, 0x0000, 0x0000, 0x0000, 0x0000, 0x0020, 0x0000, 0x0000, 0x0020, 0x0000,   // 0x1790 (6032) pixels
0x0000, 0x0900, 0x3383, 0x4D45, 0x4D63, 0x7643, 0x9EA2, 0xA6A0, 0x8662, 0x6521, 0x7580, 0x96C1, 0x9EC0, 0x9EA0, 0x96A0, 0x9EA1,   // 0x17A0 (6048) pixels
0x96E0, 0x96C1, 0x9EE2, 0x9EC1, 0xA6E1, 0x9680, 0x96A0, 0x96A0, 0x9EE0, 0x8640, 0x6583, 0x4467, 0x2389, 0x1AC9, 0x2B08, 0x6C8B,   // 0x17B0 (6064) pixels
0x4203, 0x0020, 0x0041, 0x0002, 0x0001, 0x0800, 0x0800, 0x0000, 0x0001, 0x0081, 0x0860, 0x89C2, 0xDAE7, 0x5861, 0x42C9, 0x3468,   // 0x17C0 (6080) pixels
0x9E82, 0xA6C3, 0xA661, 0xC724, 0xD764, 0xC702, 0xBEE1, 0xC722, 0xC6E0, 0xC741, 0xAF02, 0x8E84, 0x65C6, 0x5505, 0x5D25, 0x6D84,   // 0x17D0 (6096) pixels
0xD5CB, 0xABA7, 0x6122, 0x4064, 0x698B, 0x79EE, 0x692B, 0x6909, 0x5147, 0x2843, 0x0800, 0x0000, 0x0000, 0x0000, 0x0000, 0x0000,   // 0x17E0 (6112) pixels
0x0000, 0x0000, 0x0000, 0x0000, 0x0000, 0x0000, 0x0000, 0x0000, 0x0000, 0x0000, 0x0000, 0x0000, 0x0000, 0x0000, 0x0000, 0x0000,   // 0x17F0 (6128) pixels
0x0000, 0x0000, 0x0000, 0x0000, 0x0000, 0x0000, 0x0000, 0x0000, 0x0000, 0x0000, 0x0000, 0x0000, 0x0000, 0x0000, 0x0000, 0x0000,   // 0x1800 (6144) pixels
0x0001, 0x0000, 0x0000, 0x0000, 0x0000, 0x0000, 0x0001, 0x0000, 0x0900, 0x4BE3, 0x6DC3, 0x5D81, 0x4D20, 0x86A2, 0xA701, 0x9E40,   // 0x1810 (6160) pixels
0x96C2, 0x8E62, 0x9682, 0x9EC1, 0x96A0, 0x9EE0, 0xA6E0, 0x9EA0, 0x96E0, 0xA740, 0x9EE0, 0x9660, 0x9EC1, 0x9EC0, 0x9F01, 0x96E0,   // 0x1820 (6176) pixels
0x8681, 0x6DA2, 0x4C85, 0x2B87, 0x1B09, 0x1ACA, 0x2B0A, 0x53EC, 0x7CE9, 0x2040, 0x4842, 0x71C4, 0x3940, 0x0040, 0x0020, 0x0001,   // 0x1830 (6192) pixels
0x0040, 0x38C0, 0xA142, 0xF1C2, 0xE207, 0x60E7, 0x534A, 0x5D64, 0xC743, 0xD785, 0xCF04, 0xD705, 0xDF25, 0xCEE4, 0xC704, 0xBF44,   // 0x1840 (6208) pixels
0xC721, 0xAF03, 0x86C4, 0x5E04, 0x4562, 0x75A5, 0xC5E8, 0xD506, 0x71C6, 0x38E2, 0x4105, 0x79EB, 0x920D, 0x79CC, 0x696A, 0x70E9,   // 0x1850 (6224) pixels
0x28C4, 0x0801, 0x0000, 0x0000, 0x0000, 0x0000, 0x0000, 0x0000, 0x0000, 0x0000, 0x0000, 0x0000, 0x0000, 0x0000, 0x0000, 0x0000,   // 0x1860 (6240) pixels
0x0000, 0x0000, 0x0000, 0x0000, 0x0000, 0x0000, 0x0000, 0x0000, 0x0000, 0x0000, 0x0000, 0x0000, 0x0000, 0x0000, 0x0000, 0x0000,   // 0x1870 (6256) pixels
0x0000, 0x0000, 0x0000, 0x0000, 0x0000, 0x0000, 0x0000, 0x0000, 0x0000, 0x0000, 0x0000, 0x0000, 0x0002, 0x0002, 0x0000, 0x08A1,   // 0x1880 (6272) pixels
0x33E3, 0x75E3, 0x8680, 0x8641, 0x8E42, 0x9EC2, 0x96A0, 0x96C0, 0x96A0, 0x9EE0, 0x9EE1, 0x9EE1, 0x96C0, 0x8E80, 0x96A0, 0x9EE0,   // 0x1890 (6288) pixels
0x9701, 0x8623, 0x96E0, 0x9EE0, 0xA722, 0x8E41, 0x6523, 0x7DE2, 0x6DC2, 0x5524, 0x4447, 0x2B89, 0x234A, 0x230B, 0x22AA, 0x22AB,   // 0x18A0 (6304) pixels
0x54AB, 0x6A86, 0x98A3, 0xE9A5, 0xEAE4, 0x81A0, 0x59C3, 0x52A3, 0x8B00, 0xEA45, 0xF8A4, 0xE082, 0x70E2, 0x31A8, 0x4B6B, 0x7D26,   // 0x18B0 (6320) pixels
0xC762, 0xC743, 0xC723, 0xCF25, 0xD766, 0xCF66, 0xBF44, 0xB723, 0x9EE2, 0x8661, 0x65C0, 0x75A1, 0xA5E5, 0xCDE9, 0xAC29, 0x5941,   // 0x18C0 (6336) pixels
0x20A6, 0x61EC, 0x92AF, 0x928E, 0x8A2C, 0x79EA, 0x7189, 0x60E7, 0x1041, 0x0000, 0x0000, 0x0020, 0x0020, 0x0000, 0x0000, 0x0000,   // 0x18D0 (6352) pixels
0x0000, 0x0000, 0x0000, 0x0000, 0x0000, 0x0000, 0x0000, 0x0000, 0x0000, 0x0000, 0x0000, 0x0000, 0x0000, 0x0000, 0x0000, 0x0000,   // 0x18E0 (6368) pixels
0x0000, 0x0000, 0x0000, 0x0000, 0x0000, 0x0000, 0x0000, 0x0000, 0x0000, 0x0000, 0x0000, 0x0000, 0x0000, 0x0000, 0x0000, 0x0000,   // 0x18F0 (6384) pixels
0x0000, 0x0020, 0x0000, 0x0001, 0x0002, 0x0000, 0x0100, 0x4B85, 0x6E22, 0x86C2, 0x96A0, 0xAF00, 0xAEE2, 0xA6A2, 0x8E80, 0x9701,   // 0x1900 (6400) pixels
0x9EC0, 0x9F00, 0x96A1, 0x96A4, 0x9F23, 0x7E40, 0x7E20, 0xA723, 0x6DC4, 0x3383, 0x75A2, 0x8E80, 0x8EC2, 0x5D02, 0x1283, 0x4443,   // 0x1910 (6416) pixels
0x5544, 0x44C6, 0x3407, 0x2388, 0x2329, 0x2B2A, 0x230B, 0x12AA, 0x1329, 0x5C0B, 0x7A45, 0x9860, 0xE8A1, 0xF942, 0xFB05, 0xFC27,   // 0x1920 (6432) pixels
0xFB01, 0xF101, 0xE085, 0x7043, 0x1902, 0x2AC9, 0x2AC2, 0x9E46, 0xD762, 0xCF21, 0xCF43, 0xBF43, 0xAF23, 0x96C1, 0x86A0, 0x86C0,   // 0x1930 (6448) pixels
0x7E40, 0x9E62, 0xCEA7, 0xEE8C, 0xB429, 0x4901, 0x28A3, 0x49E9, 0x9350, 0x8A4D, 0x922E, 0x926E, 0x89EC, 0x81CB, 0x6189, 0x1022,   // 0x1940 (6464) pixels
0x0000, 0x0020, 0x0020, 0x0000, 0x0020, 0x0000, 0x0000, 0x0000, 0x0000, 0x0000, 0x0000, 0x0000, 0x0000, 0x0000, 0x0000, 0x0000,   // 0x1950 (6480) pixels
0x0000, 0x0000, 0x0000, 0x0000, 0x0000, 0x0000, 0x0000, 0x0000, 0x0000, 0x0000, 0x0000, 0x0000, 0x0000, 0x0000, 0x0000, 0x0000,   // 0x1960 (6496) pixels
0x0000, 0x0000, 0x0000, 0x0000, 0x0000, 0x0000, 0x0000, 0x0000, 0x0000, 0x0000, 0x0000, 0x0000, 0x0000, 0x00A0, 0x3340, 0x7E04,   // 0x1970 (6512) pixels
0x8EA1, 0x9F02, 0x9EC0, 0xA6E0, 0x9EA0, 0x9EA0, 0x96C0, 0x8EC0, 0x9EA2, 0x9F01, 0x6D61, 0x54A3, 0x75E5, 0x6560, 0x5D20, 0x7E23,   // 0x1980 (6528) pixels
0x5504, 0x2343, 0x54E3, 0x6DC2, 0x6DE4, 0x5505, 0x2BC7, 0x5528, 0x44E7, 0x3446, 0x23A7, 0x2348, 0x2308, 0x2B69, 0x3BEA, 0x340A,   // 0x1990 (6544) pixels
0x2AE9, 0x0AA8, 0x3C09, 0x63C6, 0x8A23, 0xB940, 0xD140, 0xC060, 0xA904, 0x9183, 0x6183, 0x4208, 0x2249, 0x3329, 0x6D46, 0xB7E2,   // 0x19A0 (6560) pixels
0xCF63, 0xBF22, 0xB723, 0x96C2, 0x7E41, 0x7601, 0x8663, 0x7E02, 0xDF28, 0xCE29, 0xA469, 0x6226, 0x2883, 0x4969, 0x9350, 0xA371,   // 0x19B0 (6576) pixels
0xAAAE, 0x9B0F, 0x8AEF, 0x9AAF, 0x9A2E, 0x6949, 0x2084, 0x0020, 0x0000, 0x0000, 0x0000, 0x0000, 0x0000, 0x0000, 0x0000, 0x0000,   // 0x19C0 (6592) pixels
0x0000, 0x0000, 0x0000, 0x0000, 0x0000, 0x0000, 0x0000, 0x0000, 0x0000, 0x0000, 0x0000, 0x0000, 0x0000, 0x0000, 0x0000, 0x0000,   // 0x19D0 (6608) pixels
0x0000, 0x0000, 0x0000, 0x0000, 0x0000, 0x0000, 0x0000, 0x0000, 0x0000, 0x0000, 0x0000, 0x0000, 0x0000, 0x0000, 0x0000, 0x0000,   // 0x19E0 (6624) pixels
0x0001, 0x0000, 0x0000, 0x0000, 0x0040, 0x32C2, 0x7E03, 0x8F40, 0xA661, 0xA6A0, 0x8E60, 0x96C1, 0x8EA0, 0x96E0, 0x9EC0, 0x9660,   // 0x19F0 (6640) pixels
0x7DC2, 0x96A3, 0x4C82, 0x1AC2, 0x54E6, 0x6585, 0x5505, 0x5D44, 0x5D65, 0x5543, 0x5D44, 0x5526, 0x4CE5, 0x4D03, 0x5585, 0x4525,   // 0x1A00 (6656) pixels
0x3447, 0x23C7, 0x2389, 0x2B8B, 0x2B4A, 0x3388, 0x4467, 0x4506, 0x5508, 0x2B68, 0x09E9, 0x22A8, 0x6468, 0x6C89, 0x7CCC, 0x748A,   // 0x1A10 (6672) pixels
0x5368, 0x3B48, 0x3B0C, 0x19A9, 0x2246, 0x5D08, 0x8EA7, 0x9620, 0x7EA1, 0x7681, 0x6620, 0x5DA1, 0x7E04, 0xB6CA, 0xE74F, 0xC5CA,   // 0x1A20 (6688) pixels
0x7B04, 0x3901, 0x1823, 0x620C, 0xA3B2, 0xABB0, 0xA350, 0xA311, 0xA2CF, 0x9B10, 0x92EE, 0x8ACE, 0x69EA, 0x2843, 0x0000, 0x0020,   // 0x1A30 (6704) pixels
0x0020, 0x0000, 0x0000, 0x0000, 0x0000, 0x0000, 0x0000, 0x0000, 0x0000, 0x0000, 0x0000, 0x0000, 0x0000, 0x0000, 0x0000, 0x0000,   // 0x1A40 (6720) pixels
0x0000, 0x0000, 0x0000, 0x0000, 0x0000, 0x0000, 0x0000, 0x0000, 0x0000, 0x0000, 0x0000, 0x0000, 0x0000, 0x0000, 0x0000, 0x0000,   // 0x1A50 (6736) pixels
0x0000, 0x0000, 0x0000, 0x0000, 0x0000, 0x0000, 0x0000, 0x0000, 0x0020, 0x0000, 0x0801, 0x0002, 0x09A0, 0x6D82, 0x9F20, 0x9EC0,   // 0x1A60 (6752) pixels
0x9EA0, 0x96A0, 0x96A0, 0x9EE0, 0x9EA0, 0x9E80, 0x96C1, 0x7E41, 0x5543, 0x5563, 0x5D84, 0x5D84, 0x5D64, 0x5D44, 0x5544, 0x5544,   // 0x1A70 (6768) pixels
0x5D24, 0x5D63, 0x5524, 0x4D05, 0x4D05, 0x44A7, 0x4CA8, 0x4D04, 0x4429, 0x3445, 0x23E8, 0x2B8A, 0x2B68, 0x3C87, 0x4D23, 0x6563,   // 0x1A80 (6784) pixels
0x6DE4, 0x6DA6, 0x4C47, 0x1246, 0x0167, 0x1A0A, 0x2AAA, 0x32E9, 0x2A4D, 0x11CA, 0x09A6, 0x2B47, 0x5D48, 0x5DE6, 0x55E4, 0x4583,   // 0x1A90 (6800) pixels
0x6544, 0x7542, 0x95A2, 0xD6E7, 0xD689, 0x9C47, 0x5A67, 0x28C5, 0x4107, 0x6A2B, 0xA3B2, 0xABD3, 0xAB92, 0x9B10, 0x9AF0, 0x9B10,   // 0x1AA0 (6816) pixels
0xB2B0, 0xAAF0, 0x930F, 0x624B, 0x28E4, 0x0000, 0x0000, 0x0000, 0x0000, 0x0000, 0x0000, 0x0000, 0x0000, 0x0000, 0x0000, 0x0000,   // 0x1AB0 (6832) pixels
0x0000, 0x0000, 0x0000, 0x0000, 0x0000, 0x0000, 0x0000, 0x0000, 0x0000, 0x0000, 0x0000, 0x0000, 0x0000, 0x0000, 0x0000, 0x0000,   // 0x1AC0 (6848) pixels
0x0020, 0x0000, 0x0000, 0x0000, 0x0001, 0x0000, 0x0001, 0x0001, 0x0000, 0x0000, 0x0000, 0x0000, 0x0000, 0x0821, 0x0000, 0x0001,   // 0x1AD0 (6864) pixels
0x0000, 0x0001, 0x0000, 0x00C0, 0x4C81, 0x8F05, 0x6504, 0x7DC3, 0x96A0, 0x96A1, 0x8EA1, 0x96A0, 0x9E80, 0x9EA0, 0x8EA2, 0x7601,   // 0x1AE0 (6880) pixels
0x5543, 0x5563, 0x5564, 0x5564, 0x5D64, 0x5543, 0x5D64, 0x5D64, 0x5562, 0x5543, 0x4CE6, 0x4466, 0x3445, 0x3426, 0x3C86, 0x4D43,   // 0x1AF0 (6896) pixels
0x4CC7, 0x3CC3, 0x4504, 0x1B47, 0x3C29, 0x5D67, 0x6DC6, 0x8EA3, 0xAF00, 0xAF21, 0x8E62, 0x6544, 0x33A5, 0x1AA7, 0x1249, 0x1A2B,   // 0x1B00 (6912) pixels
0x2AAC, 0x3369, 0x4466, 0x5D46, 0x5D46, 0x4CC4, 0x5503, 0x6DE3, 0xC6AA, 0xBE2A, 0x8BE6, 0x6265, 0x30C1, 0x30C4, 0x8BF0, 0xA515,   // 0x1B10 (6928) pixels
0xBCD6, 0xB475, 0xB434, 0xAB92, 0xA351, 0xA311, 0xA351, 0xAB52, 0xAAF0, 0x9AEF, 0x724C, 0x30E5, 0x0000, 0x0000, 0x0020, 0x0000,   // 0x1B20 (6944) pixels
0x0000, 0x0000, 0x0000, 0x0000, 0x0000, 0x0000, 0x0000, 0x0000, 0x0000, 0x0000, 0x0000, 0x0000, 0x0000, 0x0000, 0x0000, 0x0000,   // 0x1B30 (6960) pixels
0x0000, 0x0000, 0x0000, 0x0000, 0x0000, 0x0000, 0x0000, 0x0000, 0x0000, 0x0000, 0x0000, 0x0000, 0x0000, 0x0000, 0x0000, 0x0001,   // 0x1B40 (6976) pixels
0x0001, 0x0000, 0x0000, 0x0000, 0x0000, 0x0000, 0x0000, 0x0000, 0x0040, 0x0001, 0x0080, 0x3301, 0x86A1, 0x7622, 0x1AE1, 0x5CE1,   // 0x1B50 (6992) pixels
0x9F01, 0x8EC1, 0x7E41, 0x8622, 0x8E83, 0x96C4, 0x8683, 0x65C1, 0x5544, 0x5563, 0x5564, 0x5563, 0x5563, 0x5563, 0x5D63, 0x5D63,   // 0x1B60 (7008) pixels
0x4D63, 0x4504, 0x44C7, 0x3C48, 0x3426, 0x3446, 0x3C85, 0x4D63, 0x8E42, 0x8605, 0x2363, 0x2C08, 0x5568, 0x5D41, 0x8621, 0xAF44,   // 0x1B70 (7024) pixels
0xC700, 0xC741, 0xA701, 0x8EA3, 0x6584, 0x4CC5, 0x4487, 0x4C89, 0x4487, 0x44C9, 0x44C9, 0x4CC6, 0x6544, 0x95C4, 0xBDE5, 0xCE07,   // 0x1B80 (7040) pixels
0x7B68, 0x4162, 0x2862, 0x598A, 0x9332, 0xBC97, 0xC538, 0xBCF6, 0xB4B6, 0xB455, 0xB435, 0xB3D4, 0xB3D3, 0xB3B3, 0xBBD3, 0xAB72,   // 0x1B90 (7056) pixels
0xA370, 0x722B, 0x38C5, 0x0801, 0x0000, 0x0000, 0x0020, 0x0000, 0x0000, 0x0000, 0x0000, 0x0000, 0x0000, 0x0000, 0x0000, 0x0000,   // 0x1BA0 (7072) pixels
0x0000, 0x0000, 0x0000, 0x0000, 0x0000, 0x0000, 0x0000, 0x0000, 0x0000, 0x0000, 0x0000, 0x0000, 0x0000, 0x0000, 0x0000, 0x0000,   // 0x1BB0 (7088) pixels
0x0000, 0x0000, 0x0000, 0x0020, 0x0020, 0x0000, 0x0000, 0x0020, 0x0000, 0x0000, 0x0000, 0x0000, 0x0000, 0x0000, 0x0000, 0x0000,   // 0x1BC0 (7104) pixels
0x0020, 0x0040, 0x19E1, 0x7583, 0x9740, 0x7E42, 0x6D63, 0x8E42, 0x96E1, 0x7E41, 0x5D80, 0x5D42, 0x75C3, 0x7E04, 0x6DC3, 0x5561,   // 0x1BD0 (7120) pixels
0x5564, 0x5564, 0x5564, 0x5563, 0x5563, 0x5563, 0x5D63, 0x5D63, 0x4D25, 0x3C85, 0x3466, 0x2C27, 0x3467, 0x3C87, 0x44C3, 0x6E03,   // 0x1BE0 (7136) pixels
0xCFC2, 0x6C63, 0x1A44, 0x44E6, 0x5DC3, 0x8621, 0xB6C0, 0xB6C1, 0xB700, 0xB720, 0xAEE0, 0xAEE1, 0x8E42, 0x6DA5, 0x4506, 0x2CC8,   // 0x1BF0 (7152) pixels
0x3D05, 0x5524, 0x9626, 0xCEA7, 0xD648, 0xA446, 0x5183, 0x3044, 0x4969, 0x8330, 0xB495, 0xD599, 0xD559, 0xC4D7, 0xD518, 0xCCF8,   // 0x1C00 (7168) pixels
0xC4D7, 0xB435, 0xB414, 0xC455, 0xBC14, 0xAB72, 0xA351, 0x9B10, 0x6A8C, 0x30C5, 0x0800, 0x0000, 0x0821, 0x0000, 0x0000, 0x0000,   // 0x1C10 (7184) pixels
0x0000, 0x0000, 0x0000, 0x0000, 0x0000, 0x0000, 0x0000, 0x0000, 0x0000, 0x0000, 0x0000, 0x0000, 0x0000, 0x0000, 0x0000, 0x0000,   // 0x1C20 (7200) pixels
0x0000, 0x0000, 0x0000, 0x0000, 0x0000, 0x0000, 0x0000, 0x0000, 0x0000, 0x0000, 0x0000, 0x0000, 0x0000, 0x0000, 0x0020, 0x0020,   // 0x1C30 (7216) pixels
0x0040, 0x0000, 0x0000, 0x0000, 0x0000, 0x0000, 0x0001, 0x0021, 0x0001, 0x0040, 0x4381, 0x8EA2, 0x8661, 0x8E82, 0x9EC1, 0x8E60,   // 0x1C40 (7232) pixels
0x86A1, 0x6E01, 0x5562, 0x4D23, 0x5D43, 0x5D43, 0x5542, 0x5562, 0x5584, 0x5564, 0x5564, 0x5564, 0x5563, 0x5563, 0x5563, 0x5D63,   // 0x1C50 (7248) pixels
0x54C6, 0x3C66, 0x3466, 0x34A7, 0x3CA8, 0x44A6, 0x6562, 0x9F23, 0x9EC3, 0x1180, 0x7D69, 0x86A2, 0x6580, 0xA6C2, 0xBF21, 0xB720,   // 0x1C60 (7264) pixels
0xBF20, 0xAF20, 0x9EE2, 0x8684, 0x6582, 0x5D22, 0x5D23, 0x7DC6, 0xAE86, 0xBEC8, 0xBDC8, 0x7B24, 0x40E3, 0x30A6, 0x520C, 0x83F3,   // 0x1C70 (7280) pixels
0xD577, 0xD5B9, 0xCD58, 0xC558, 0xC559, 0xC538, 0xC518, 0xB496, 0xBC56, 0xB435, 0xB3F4, 0xABB3, 0xA371, 0xA391, 0x9B50, 0x82AE,   // 0x1C80 (7296) pixels
0x20C3, 0x0000, 0x0000, 0x0000, 0x0020, 0x0000, 0x0000, 0x0000, 0x0000, 0x0000, 0x0000, 0x0000, 0x0000, 0x0000, 0x0000, 0x0000,   // 0x1C90 (7312) pixels
0x0000, 0x0000, 0x0000, 0x0000, 0x0000, 0x0000, 0x0000, 0x0000, 0x0000, 0x0000, 0x0000, 0x0000, 0x0000, 0x0000, 0x0000, 0x0000,   // 0x1CA0 (7328) pixels
0x0020, 0x0000, 0x0000, 0x0001, 0x0001, 0x0022, 0x0001, 0x0001, 0x0001, 0x0001, 0x0001, 0x0001, 0x0001, 0x0000, 0x0000, 0x0000,   // 0x1CB0 (7344) pixels
0x0000, 0x1164, 0x6544, 0x6583, 0x54A4, 0x8E83, 0x96A0, 0x96C0, 0x8663, 0x65C2, 0x5583, 0x5565, 0x5D64, 0x5D43, 0x5543, 0x5584,   // 0x1CC0 (7360) pixels
0x5563, 0x5563, 0x5564, 0x5564, 0x5564, 0x5D64, 0x5564, 0x5544, 0x4CC5, 0x4487, 0x3C86, 0x4506, 0x44C6, 0x4CC2, 0x8662, 0xBFC3,   // 0x1CD0 (7376) pixels
0x5423, 0x21E4, 0x8D48, 0xBF63, 0xBF63, 0xA702, 0x86E0, 0x7F24, 0x86A1, 0x6DE1, 0x5520, 0x54E1, 0x7D84, 0xAE67, 0xDEE9, 0xEF0A,   // 0x1CE0 (7392) pixels
0xAC68, 0x5A42, 0x18A1, 0x39C9, 0x8CB5, 0xCE5B, 0xD61A, 0xD5B8, 0xC577, 0xB4D6, 0xC559, 0xBD18, 0xB4B7, 0xB496, 0xAC33, 0xBC94,   // 0x1CF0 (7408) pixels
0xB3F4, 0xA392, 0x9B30, 0x9B50, 0xA391, 0x9BB0, 0x59E9, 0x2062, 0x0000, 0x0000, 0x0000, 0x0000, 0x0000, 0x0000, 0x0000, 0x0000,   // 0x1D00 (7424) pixels
0x0000, 0x0000, 0x0000, 0x0000, 0x0000, 0x0000, 0x0000, 0x0000, 0x0000, 0x0000, 0x0000, 0x0000, 0x0000, 0x0000, 0x0000, 0x0000,   // 0x1D10 (7440) pixels
0x0000, 0x0000, 0x0000, 0x0000, 0x0000, 0x0000, 0x0000, 0x0000, 0x0000, 0x0000, 0x0000, 0x0000, 0x0000, 0x0020, 0x0060, 0x0080,   // 0x1D20 (7456) pixels
0x0020, 0x0880, 0x0000, 0x0000, 0x0000, 0x0000, 0x0000, 0x0000, 0x0040, 0x3B46, 0x65C5, 0x2C43, 0x2384, 0x7E04, 0x8EA1, 0x8EE0,   // 0x1D30 (7472) pixels
0x75E3, 0x5542, 0x4D63, 0x4D64, 0x5563, 0x5D63, 0x5543, 0x4D44, 0x5563, 0x5563, 0x5564, 0x5564, 0x5565, 0x5545, 0x5525, 0x4D04,   // 0x1D40 (7488) pixels
0x44E5, 0x4467, 0x4C64, 0x75A3, 0x7581, 0x75A0, 0x9EE3, 0x8E83, 0x19A2, 0x4B44, 0x3A41, 0x6B82, 0xBE88, 0x95E3, 0x6D81, 0x5D45,   // 0x1D50 (7504) pixels
0x5D44, 0x7584, 0x95A5, 0xBE28, 0xE6CC, 0xC58C, 0x8389, 0x28E3, 0x3166, 0x8BF1, 0xDE7B, 0xF75F, 0xE6BD, 0xCD99, 0xC538, 0xC518,   // 0x1D60 (7520) pixels
0xB559, 0xBD59, 0xBD18, 0xB4B6, 0xBC75, 0xBC54, 0xC433, 0xAB70, 0xAB92, 0xA330, 0xA371, 0xA390, 0x82ED, 0x49C7, 0x0800, 0x0020,   // 0x1D70 (7536) pixels
0x0020, 0x0000, 0x0000, 0x0000, 0x0000, 0x0000, 0x0020, 0x0000, 0x0000, 0x0000, 0x0000, 0x0000, 0x0000, 0x0000, 0x0000, 0x0000,   // 0x1D80 (7552) pixels
0x0000, 0x0000, 0x0000, 0x0000, 0x0000, 0x0000, 0x0000, 0x0000, 0x0000, 0x0000, 0x0000, 0x0000, 0x0000, 0x0000, 0x0000, 0x0000,   // 0x1D90 (7568) pixels
0x0000, 0x0000, 0x0000, 0x0000, 0x08A0, 0x3A61, 0x7CA5, 0xA608, 0x9D86, 0x9547, 0x5303, 0x10E0, 0x0000, 0x0001, 0x0001, 0x0022,   // 0x1DA0 (7584) pixels
0x1163, 0x4423, 0x4543, 0x4586, 0x4D25, 0x5D62, 0x7602, 0x7604, 0x6D83, 0x5522, 0x5584, 0x4D84, 0x4D42, 0x5D63, 0x5D64, 0x5565,   // 0x1DB0 (7600) pixels
0x5583, 0x5583, 0x5564, 0x5565, 0x5545, 0x4D25, 0x4CE5, 0x44A4, 0x34C5, 0x3C68, 0x64E5, 0xC765, 0xCFC1, 0xBF80, 0xAF65, 0x4C62,   // 0x1DC0 (7616) pixels
0x00A4, 0x64C4, 0x852A, 0x1005, 0x59E8, 0x8BE7, 0xA489, 0xCD87, 0xDD05, 0xD529, 0x93E8, 0x4A25, 0x2143, 0x1924, 0x8452, 0xBDF9,   // 0x1DD0 (7632) pixels
0xE6BC, 0xEEDD, 0xDE1B, 0xCD7A, 0xC519, 0xBCF8, 0xC518, 0xC518, 0xBCD5, 0xB453, 0xB433, 0xA3B2, 0xA392, 0xA392, 0x9331, 0xA3B3,   // 0x1DE0 (7648) pixels
0xAB51, 0x9B10, 0x826C, 0x5968, 0x59C8, 0x62AA, 0x18E2, 0x0020, 0x0000, 0x0000, 0x0000, 0x0000, 0x0000, 0x0000, 0x0000, 0x0000,   // 0x1DF0 (7664) pixels
0x0000, 0x0000, 0x0000, 0x0000, 0x0000, 0x0000, 0x0000, 0x0000, 0x0000, 0x0000, 0x0000, 0x0000, 0x0000, 0x0000, 0x0000, 0x0000,   // 0x1E00 (7680) pixels
0x0000, 0x0000, 0x0000, 0x0000, 0x0000, 0x0000, 0x0000, 0x0000, 0x0800, 0x0823, 0x0000, 0x1A20, 0x7DA2, 0x96A2, 0xA743, 0xAFA3,   // 0x1E10 (7696) pixels
0xC7A3, 0xB761, 0xBF63, 0xA684, 0x5380, 0x1120, 0x0000, 0x0001, 0x1264, 0x3BE6, 0x4485, 0x4D04, 0x5DA4, 0x5DC2, 0x5582, 0x5544,   // 0x1E20 (7712) pixels
0x5D65, 0x5544, 0x5563, 0x5D83, 0x5584, 0x5563, 0x4D64, 0x5585, 0x5D80, 0x5D45, 0x5526, 0x5563, 0x5563, 0x4CE6, 0x44E7, 0x4D26,   // 0x1E30 (7728) pixels
0x3CA6, 0x4426, 0x8DE2, 0xD7A0, 0xF7A0, 0xEF80, 0xB741, 0x34E1, 0x00C7, 0x4BE0, 0xAF43, 0x5C00, 0x1000, 0x5085, 0x8A07, 0x8205,   // 0x1E40 (7744) pixels
0x51C7, 0x30C3, 0x30A4, 0x59EA, 0x93D2, 0xCD9A, 0xEE7D, 0xE65D, 0xD59A, 0xC538, 0xB4B6, 0xB496, 0xBC96, 0xBC76, 0xB455, 0xB414,   // 0x1E50 (7760) pixels
0xB391, 0xB3B2, 0xA371, 0x9B50, 0x9330, 0x930F, 0x92CE, 0x8A6C, 0x8A2D, 0x822A, 0x6A0C, 0x416D, 0x10E8, 0x4B68, 0x6CA8, 0x00E0,   // 0x1E60 (7776) pixels
0x0003, 0x0020, 0x0001, 0x0020, 0x0000, 0x0001, 0x0000, 0x0020, 0x0000, 0x0000, 0x0000, 0x0000, 0x0000, 0x0000, 0x0000, 0x0000,   // 0x1E70 (7792) pixels
0x0000, 0x0000, 0x0000, 0x0000, 0x0000, 0x0000, 0x0000, 0x0000, 0x0000, 0x0000, 0x0000, 0x0000, 0x0000, 0x0000, 0x0000, 0x0000,   // 0x1E80 (7808) pixels
0x0000, 0x0000, 0x32A2, 0x85C6, 0x8E66, 0x6DA2, 0x6DA0, 0x65A0, 0x75E0, 0x8E84, 0x9683, 0xAF23, 0xC7E5, 0xA665, 0x3261, 0x0002,   // 0x1E90 (7824) pixels
0x1A68, 0x2B48, 0x3C27, 0x4CE5, 0x4D44, 0x5584, 0x5DA4, 0x5563, 0x5544, 0x5564, 0x5563, 0x5542, 0x5563, 0x5563, 0x5563, 0x5583,   // 0x1EA0 (7840) pixels
0x5581, 0x5584, 0x5585, 0x5584, 0x4D43, 0x4D25, 0x4D27, 0x44E6, 0x4506, 0x54C4, 0xAEC1, 0xEFC0, 0xF6A1, 0xE683, 0xC705, 0x5502,   // 0x1EB0 (7856) pixels
0x1107, 0x19C2, 0x8E26, 0xA7A4, 0x6CC2, 0x3145, 0x1805, 0x28C3, 0x3022, 0x48E6, 0x7A6C, 0xA392, 0xABB3, 0xA352, 0x9B31, 0x92F0,   // 0x1EC0 (7872) pixels
0x92EF, 0x92CF, 0x92CF, 0x92CF, 0x92CF, 0x92AE, 0x928E, 0x928E, 0x8A8D, 0x92EF, 0x9AEF, 0x930F, 0x9B10, 0x9B30, 0x930F, 0x8AAE,   // 0x1ED0 (7888) pixels
0x92AF, 0x8AAE, 0x61CB, 0x28E9, 0x08C7, 0x2228, 0x5C2A, 0x6487, 0x0020, 0x0000, 0x0000, 0x0000, 0x0000, 0x0021, 0x0000, 0x0000,   // 0x1EE0 (7904) pixels
0x0000, 0x0000, 0x0000, 0x0000, 0x0000, 0x0000, 0x0000, 0x0000, 0x0000, 0x0000, 0x0000, 0x0000, 0x0000, 0x0000, 0x0000, 0x0000,   // 0x1EF0 (7920) pixels
0x0000, 0x0000, 0x0000, 0x0000, 0x0000, 0x0000, 0x0000, 0x0000, 0x0000, 0x08E0, 0x6503, 0x7E64, 0x5504, 0x4CE4, 0x5D42, 0x5544,   // 0x1F00 (7936) pixels
0x4D61, 0x5D60, 0x6D80, 0x8620, 0x8E80, 0xA704, 0x8E06, 0x53E4, 0x2AE9, 0x1248, 0x1AE9, 0x3C28, 0x44E5, 0x5545, 0x5D85, 0x5563,   // 0x1F10 (7952) pixels
0x5562, 0x5D83, 0x5583, 0x5542, 0x5563, 0x5D84, 0x5584, 0x5564, 0x5585, 0x55C5, 0x4D64, 0x4D24, 0x5502, 0x5D41, 0x6563, 0x4CC3,   // 0x1F20 (7968) pixels
0x44C1, 0x75A1, 0xD7A1, 0xFFA0, 0xE543, 0xCC64, 0xC566, 0x84E6, 0x42C8, 0x0083, 0x0A24, 0x5505, 0x9626, 0xA4CB, 0x8A8B, 0x718A,   // 0x1F30 (7984) pixels
0x6989, 0x6989, 0x718A, 0x71AA, 0x716A, 0x716A, 0x81AB, 0x8A0C, 0x89EB, 0x89EB, 0x89EB, 0x8A0B, 0x89EB, 0x8A0B, 0x8A0C, 0x922C,   // 0x1F40 (8000) pixels
0x8AAE, 0xA351, 0xB3D3, 0xB3D3, 0xB3F3, 0xB414, 0xABF3, 0xA3B2, 0x9330, 0x7A8F, 0x38E9, 0x1886, 0x10E8, 0x0929, 0x32EA, 0x754B,   // 0x1F50 (8016) pixels
0x3261, 0x0020, 0x0020, 0x0000, 0x0002, 0x0840, 0x0000, 0x0000, 0x0000, 0x0000, 0x0000, 0x0000, 0x0000, 0x0000, 0x0000, 0x0000,   // 0x1F60 (8032) pixels
0x0000, 0x0000, 0x0000, 0x0000, 0x0000, 0x0000, 0x0000, 0x0000, 0x0000, 0x0000, 0x0000, 0x0000, 0x0000, 0x0000, 0x0000, 0x0000,   // 0x1F70 (8048) pixels
0x0000, 0x53A4, 0x7E25, 0x4D42, 0x3CA4, 0x4D26, 0x5565, 0x5546, 0x65C2, 0x8EC3, 0xA722, 0x9EC3, 0x6D81, 0x6562, 0x7623, 0x8681,   // 0x1F80 (8064) pixels
0x4C87, 0x1266, 0x01EA, 0x230B, 0x3C48, 0x5524, 0x5563, 0x5584, 0x55A2, 0x5583, 0x5564, 0x5563, 0x5583, 0x5DA5, 0x4D06, 0x3405,   // 0x1F90 (8080) pixels
0x3426, 0x5546, 0x5544, 0x5D24, 0x8E04, 0xB701, 0xC783, 0xB705, 0xA6C3, 0xC743, 0xEFA1, 0xF661, 0xECA6, 0xCB27, 0xAAC6, 0x8A44,   // 0x1FA0 (8096) pixels
0x6207, 0x30A2, 0x1884, 0x10C5, 0x39C5, 0x8B47, 0xABEB, 0xBC11, 0xA370, 0x9B2F, 0x92CF, 0x92CE, 0xA2EF, 0xA2CF, 0x922C, 0x89EA,   // 0x1FB0 (8112) pixels
0xA26D, 0x9A4C, 0x922C, 0x922C, 0x926D, 0x9AAE, 0xA2EF, 0xAB30, 0xABD3, 0xB3D3, 0xB3F3, 0xB3D3, 0xB414, 0xB434, 0x9BB3, 0x8B30,   // 0x1FC0 (8128) pixels
0x622C, 0x410A, 0x2048, 0x18A7, 0x190A, 0x114B, 0x1A2A, 0x3BA7, 0x7508, 0x1180, 0x0020, 0x0022, 0x0002, 0x0000, 0x0000, 0x0001,   // 0x1FD0 (8144) pixels
0x0000, 0x0000, 0x0000, 0x0000, 0x0000, 0x0000, 0x0000, 0x0000, 0x0000, 0x0000, 0x0000, 0x0000, 0x0000, 0x0000, 0x0000, 0x0000,   // 0x1FE0 (8160) pixels
0x0000, 0x0000, 0x0000, 0x0000, 0x0000, 0x0000, 0x0000, 0x0000, 0x08A0, 0x7526, 0x5546, 0x3486, 0x4D66, 0x4D64, 0x4D25, 0x4544,   // 0x1FF0 (8176) pixels
0x75E1, 0xB783, 0xBFC1, 0xB761, 0x8642, 0x5D62, 0x5541, 0x6E01, 0x6DC4, 0x3C25, 0x1A89, 0x124B, 0x2B4A, 0x44A6, 0x4D43, 0x5DA4,   // 0x2000 (8192) pixels
0x55A4, 0x4D24, 0x4D05, 0x5564, 0x5562, 0x5564, 0x3C47, 0x0A86, 0x12C5, 0x4CE8, 0x5D44, 0x7583, 0xB6E3, 0xDFC0, 0xE7E0, 0xDF80,   // 0x2010 (8208) pixels
0xEF62, 0xF763, 0xEE83, 0xD4C2, 0xDBE8, 0xD2CA, 0xB9CA, 0xA108, 0x8106, 0x6063, 0x5085, 0x3866, 0x2803, 0x3841, 0x5125, 0x7AAE,   // 0x2020 (8224) pixels
0xD4F6, 0xDD58, 0xDCF7, 0xC434, 0xB3B2, 0xAB2F, 0xA2AD, 0x9A8C, 0x926D, 0x926D, 0x928D, 0x92AE, 0x9AEF, 0xA351, 0xABB3, 0xB414,   // 0x2030 (8240) pixels
0xB414, 0xABF3, 0xB3F3, 0xB413, 0xB454, 0xA3F3, 0x6A8E, 0x418A, 0x30E7, 0x2067, 0x20AA, 0x20CA, 0x10C9, 0x196A, 0x226B, 0x1AA9,   // 0x2040 (8256) pixels
0x6D4A, 0x4BE4, 0x0060, 0x0041, 0x0000, 0x0000, 0x0000, 0x0000, 0x0000, 0x0000, 0x0000, 0x0000, 0x0000, 0x0000, 0x0000, 0x0000,   // 0x2050 (8272) pixels
0x0000, 0x0000, 0x0000, 0x0000, 0x0000, 0x0000, 0x0000, 0x0000, 0x0000, 0x0000, 0x0000, 0x0000, 0x0000, 0x0000, 0x0000, 0x0000,   // 0x2060 (8288) pixels
0x2221, 0x6545, 0x23E5, 0x1BA9, 0x4525, 0x4D21, 0x5565, 0x4D43, 0x7E02, 0xA701, 0xC7C0, 0xB780, 0x7620, 0x5DC3, 0x5DC4, 0x5D62,   // 0x2070 (8304) pixels
0x6DC2, 0x6583, 0x4445, 0x1287, 0x1249, 0x2BA8, 0x44E5, 0x55A4, 0x4D25, 0x3C85, 0x44A6, 0x4D25, 0x5563, 0x5D84, 0x4487, 0x1AE7,   // 0x2080 (8320) pixels
0x1B66, 0x4D08, 0x5D83, 0x8E62, 0xDFC3, 0xFFE0, 0xF780, 0xEF20, 0xDD40, 0xDD61, 0xE526, 0xCBC7, 0xC2E7, 0xB249, 0xA98A, 0x9087,   // 0x2090 (8336) pixels
0x690A, 0x5046, 0x4004, 0x4885, 0x6926, 0x89A7, 0x8988, 0x818A, 0x81EA, 0x9AAD, 0xAAEF, 0xA2AE, 0xA28D, 0x9A6C, 0x9A4B, 0x9A4B,   // 0x20A0 (8352) pixels
0x8A6C, 0x92CE, 0xA350, 0xAB91, 0xABB2, 0xABD3, 0xAC14, 0xB435, 0xABD2, 0xA3D2, 0xABF1, 0x8B4E, 0x6A6B, 0x49A9, 0x20A6, 0x1865,   // 0x20B0 (8368) pixels
0x20A8, 0x20A8, 0x20CA, 0x18AB, 0x1089, 0x1989, 0x226A, 0x1AAB, 0x3388, 0x7588, 0x1A01, 0x0020, 0x0000, 0x0801, 0x0000, 0x0000,   // 0x20C0 (8384) pixels
0x0000, 0x0000, 0x0000, 0x0000, 0x0000, 0x0000, 0x0000, 0x0000, 0x0000, 0x0000, 0x0000, 0x0000, 0x0000, 0x0000, 0x0000, 0x0000,   // 0x20D0 (8400) pixels
0x0000, 0x0000, 0x0000, 0x0000, 0x0000, 0x0000, 0x0000, 0x0000, 0x3B43, 0x6566, 0x2C07, 0x23AA, 0x4CC6, 0x5D43, 0x5D46, 0x4D23,   // 0x20E0 (8416) pixels
0x5522, 0x7E03, 0x96A2, 0x8641, 0x5D61, 0x5583, 0x5D83, 0x6DA2, 0x5D81, 0x65C1, 0x6562, 0x3C05, 0x1267, 0x1269, 0x2BC9, 0x44C6,   // 0x20F0 (8432) pixels
0x3467, 0x3426, 0x3446, 0x44C6, 0x5545, 0x5D85, 0x5D65, 0x4CE5, 0x44C4, 0x4D24, 0x5D81, 0xAF22, 0xEFC2, 0xFEE2, 0xFE84, 0xEDE3,   // 0x2100 (8448) pixels
0xDC44, 0xCBE4, 0xD3A8, 0xC2A9, 0xAA27, 0x7145, 0x50C3, 0x48A0, 0x3863, 0x4103, 0x30E2, 0x2862, 0x3824, 0x8169, 0xB28A, 0xC32A,   // 0x2110 (8464) pixels
0x91EA, 0x91EA, 0x89A9, 0x89AA, 0x91CA, 0x91EB, 0x91EA, 0x91CA, 0x928B, 0xA2ED, 0xAB6F, 0xB390, 0xB391, 0xAB71, 0xAB71, 0xA351,   // 0x2120 (8480) pixels
0x9B70, 0x82ED, 0x728A, 0x3925, 0x0800, 0x0000, 0x0002, 0x18C6, 0x18AA, 0x20C8, 0x18A8, 0x1869, 0x20CA, 0x218A, 0x226A, 0x1AEB,   // 0x2130 (8496) pixels
0x12C9, 0x5CE9, 0x5C65, 0x00C0, 0x0000, 0x0001, 0x0000, 0x0020, 0x0000, 0x0000, 0x0000, 0x0000, 0x0000, 0x0000, 0x0000, 0x0000,   // 0x2140 (8512) pixels
0x0000, 0x0000, 0x0000, 0x0000, 0x0000, 0x0000, 0x0000, 0x0000, 0x0000, 0x0000, 0x0000, 0x0000, 0x0000, 0x0000, 0x0000, 0x0000,   // 0x2150 (8528) pixels
0x3B83, 0x5D26, 0x2C26, 0x1BA7, 0x4C86, 0x6525, 0x54E5, 0x5D85, 0x4D66, 0x5526, 0x5D05, 0x5D24, 0x4D42, 0x55A3, 0x5D62, 0x7584,   // 0x2160 (8544) pixels
0x6DE4, 0x6581, 0x6DE2, 0x6DA6, 0x3367, 0x01C8, 0x12AA, 0x23A8, 0x2C08, 0x2C07, 0x3426, 0x3C66, 0x4CE6, 0x5544, 0x65E2, 0x7661,   // 0x2170 (8560) pixels
0x75E2, 0x5D62, 0x7DE1, 0xCFC2, 0xEF01, 0xDD02, 0xECC7, 0xDC46, 0xDBEB, 0xCB27, 0xBA27, 0xA127, 0x80E4, 0x3860, 0x39A2, 0x8467,   // 0x2180 (8576) pixels
0x8DA2, 0x74C7, 0x53AA, 0x3AEA, 0x20E5, 0x3003, 0x6866, 0x99E9, 0x9A4B, 0x91E9, 0x89C9, 0x89CA, 0x89CA, 0x89CA, 0x89CA, 0x91EA,   // 0x2190 (8592) pixels
0x89E8, 0x9209, 0x922A, 0x9A4B, 0x9A6C, 0x9A4C, 0x922C, 0x89CB, 0x48E6, 0x2822, 0x1800, 0x0800, 0x0000, 0x0001, 0x0002, 0x0864,   // 0x21A0 (8608) pixels
0x18AA, 0x20C9, 0x20C7, 0x28C8, 0x20CA, 0x192A, 0x224A, 0x1B09, 0x1B0D, 0x2B67, 0x8E48, 0x3240, 0x0002, 0x0000, 0x0000, 0x0000,   // 0x21B0 (8624) pixels
0x0000, 0x0000, 0x0000, 0x0000, 0x0000, 0x0000, 0x0000, 0x0000, 0x0000, 0x0000, 0x0000, 0x0000, 0x0000, 0x0000, 0x0000, 0x0000,   // 0x21C0 (8640) pixels
0x0000, 0x0000, 0x0000, 0x0000, 0x0000, 0x0000, 0x0000, 0x0000, 0x4381, 0x5D44, 0x238A, 0x2369, 0x3408, 0x4D05, 0x5544, 0x5524,   // 0x21D0 (8656) pixels
0x5564, 0x4D63, 0x4D64, 0x5585, 0x5D63, 0x6520, 0x8E20, 0xC7C2, 0xB743, 0x7DE2, 0x5DA2, 0x6601, 0x5D22, 0x2AA4, 0x0966, 0x2AAA,   // 0x21E0 (8672) pixels
0x2306, 0x2388, 0x2427, 0x2C88, 0x3C67, 0x85C2, 0xD7C1, 0xE7A3, 0xE760, 0xD700, 0xD760, 0xEF81, 0xEE63, 0xE4A6, 0xDC07, 0xE425,   // 0x21F0 (8688) pixels
0xCB88, 0xC2A5, 0xB9C7, 0x8947, 0x7AA4, 0xADE3, 0xD7C4, 0xDFA5, 0xC742, 0x7E01, 0x4D24, 0x4CCA, 0x330A, 0x1905, 0x3064, 0x4864,   // 0x2200 (8704) pixels
0x8969, 0x91AA, 0x8969, 0x9189, 0x99CA, 0x9189, 0x8988, 0x89A9, 0x9989, 0x9989, 0x91A9, 0x81A9, 0x71C9, 0x6188, 0x4926, 0x38E4,   // 0x2210 (8720) pixels
0x0000, 0x0000, 0x0000, 0x0000, 0x0000, 0x0000, 0x0000, 0x0000, 0x1086, 0x18C9, 0x18CA, 0x1889, 0x20C9, 0x212A, 0x220A, 0x22E9,   // 0x2220 (8736) pixels
0x22E9, 0x230B, 0x4C87, 0x6526, 0x00A0, 0x0002, 0x0020, 0x0000, 0x0000, 0x0000, 0x0000, 0x0000, 0x0000, 0x0000, 0x0000, 0x0000,   // 0x2230 (8752) pixels
0x0000, 0x0000, 0x0000, 0x0000, 0x0000, 0x0000, 0x0000, 0x0000, 0x0000, 0x0000, 0x0000, 0x0000, 0x0000, 0x0000, 0x0000, 0x0000,   // 0x2240 (8768) pixels
0x43A2, 0x5D45, 0x238A, 0x2349, 0x33E8, 0x4D05, 0x5565, 0x5545, 0x5D65, 0x5564, 0x4D44, 0x5565, 0x5544, 0x6542, 0x8E42, 0xBFA4,   // 0x2250 (8784) pixels
0xC7E3, 0x8E82, 0x65C4, 0x65E4, 0x6DC4, 0x5465, 0x2267, 0x098B, 0x228B, 0x3B25, 0x85E6, 0x54E2, 0x4C62, 0xBF23, 0xDFC0, 0xD760,   // 0x2260 (8800) pixels
0xDF23, 0xEFE0, 0xEFC0, 0xDE41, 0xD4A5, 0xE427, 0xDBC8, 0xCB47, 0xC2C8, 0xAAA4, 0xBC25, 0xD627, 0xDF67, 0xDFE6, 0xD7E5, 0xCF84,   // 0x2270 (8816) pixels
0x7E40, 0x65A1, 0x4505, 0x2C69, 0x332B, 0x51CA, 0x6908, 0x6045, 0x60A5, 0x8168, 0x8127, 0x78C6, 0x78E6, 0x7907, 0x8168, 0x7968,   // 0x2280 (8832) pixels
0x7988, 0x7988, 0x6967, 0x50E5, 0x3042, 0x1000, 0x0800, 0x0800, 0x0000, 0x0000, 0x0000, 0x0000, 0x0000, 0x0000, 0x0000, 0x0000,   // 0x2290 (8848) pixels
0x0844, 0x18A8, 0x18CA, 0x18A9, 0x18A9, 0x212A, 0x220A, 0x22EA, 0x2B8A, 0x1B0A, 0x2B87, 0x5C88, 0x1982, 0x0000, 0x0020, 0x0000,   // 0x22A0 (8864) pixels
0x0000, 0x0000, 0x0000, 0x0000, 0x0000, 0x0000, 0x0000, 0x0000, 0x0000, 0x0000, 0x0000, 0x0000, 0x0000, 0x0000, 0x0000, 0x0000,   // 0x22B0 (8880) pixels
0x0000, 0x0000, 0x0000, 0x0000, 0x0000, 0x0000, 0x0000, 0x0000, 0x3B62, 0x5D45, 0x23AA, 0x236A, 0x2BA8, 0x44C6, 0x4D46, 0x4D26,   // 0x22C0 (8896) pixels
0x5D45, 0x5D45, 0x5565, 0x5546, 0x5525, 0x5D23, 0x6DA2, 0x8E63, 0x96A1, 0x7E00, 0x65A2, 0x5D64, 0x6DC4, 0x75E4, 0x4C26, 0x09C9,   // 0x22D0 (8912) pixels
0x11AC, 0x5284, 0xC5E3, 0xC6C2, 0xA602, 0xDF02, 0xF7A0, 0xE7A0, 0xDF80, 0xEFA0, 0xEF01, 0xE565, 0xE448, 0xEC09, 0xD3A8, 0xB2C8,   // 0x22E0 (8928) pixels
0xB344, 0xBD05, 0xD745, 0xD7E3, 0xD7E1, 0xD7E3, 0xB703, 0x85E0, 0x55A1, 0x5523, 0x3487, 0x13E9, 0x2AEA, 0x69CB, 0x80E8, 0x7865,   // 0x22F0 (8944) pixels
0x7947, 0x7967, 0x78E6, 0x70C6, 0x70C6, 0x60A5, 0x50A5, 0x50C5, 0x3062, 0x2021, 0x1800, 0x0800, 0x0800, 0x0000, 0x0000, 0x0000,   // 0x2300 (8960) pixels
0x0000, 0x0000, 0x0000, 0x0000, 0x0000, 0x0000, 0x0000, 0x0000, 0x0002, 0x10A7, 0x20EA, 0x20C9, 0x18A9, 0x190A, 0x19EA, 0x22EB,   // 0x2310 (8976) pixels
0x3C09, 0x2B8A, 0x1B08, 0x3B89, 0x19E4, 0x0020, 0x0000, 0x0001, 0x0000, 0x0000, 0x0000, 0x0000, 0x0000, 0x0000, 0x0000, 0x0000,   // 0x2320 (8992) pixels
0x0000, 0x0000, 0x0000, 0x0000, 0x0000, 0x0000, 0x0000, 0x0000, 0x0000, 0x0000, 0x0000, 0x0000, 0x0000, 0x0000, 0x0000, 0x0000,   // 0x2330 (9008) pixels
0x3362, 0x5D44, 0x2BCA, 0x236A, 0x2B8A, 0x3C47, 0x3CA7, 0x3C86, 0x4CC4, 0x5524, 0x5D65, 0x5565, 0x5545, 0x5524, 0x5D43, 0x6561,   // 0x2340 (9024) pixels
0x6D02, 0x75C0, 0x7620, 0x6DA2, 0x6562, 0x6DE2, 0x6584, 0x3C04, 0x0947, 0x5126, 0xB342, 0xFEC3, 0xE682, 0xCD01, 0xF662, 0xEF60,   // 0x2350 (9040) pixels
0xEFC0, 0xDE61, 0xDD04, 0xE466, 0xDBC6, 0xCB27, 0xBB87, 0xC465, 0xD6C2, 0xCF24, 0xD7C7, 0xDFE8, 0xD784, 0xBF20, 0x8E60, 0x5D82,   // 0x2360 (9056) pixels
0x5D67, 0x4466, 0x3408, 0x23AB, 0x328B, 0x5108, 0x6886, 0x8948, 0xAA6B, 0x9A0A, 0x8988, 0x7127, 0x50A5, 0x2801, 0x1000, 0x1000,   // 0x2370 (9072) pixels
0x0800, 0x0000, 0x0000, 0x0000, 0x0000, 0x0000, 0x0020, 0x0020, 0x0000, 0x0000, 0x0000, 0x0000, 0x0000, 0x0000, 0x0000, 0x0000,   // 0x2380 (9088) pixels
0x0001, 0x1086, 0x20E9, 0x20C9, 0x18A9, 0x18EA, 0x19CA, 0x22AB, 0x3C09, 0x3C2A, 0x234A, 0x22CA, 0x2226, 0x0081, 0x0001, 0x0000,   // 0x2390 (9104) pixels
0x0000, 0x0000, 0x0000, 0x0000, 0x0000, 0x0000, 0x0000, 0x0000, 0x0000, 0x0000, 0x0000, 0x0000, 0x0000, 0x0000, 0x0000, 0x0000,   // 0x23A0 (9120) pixels
0x0000, 0x0000, 0x0000, 0x0000, 0x0000, 0x0000, 0x0000, 0x0000, 0x3B83, 0x5D85, 0x2BC9, 0x234A, 0x2B4B, 0x33E9, 0x2BE8, 0x2BC7,   // 0x23B0 (9136) pixels
0x54E5, 0x5525, 0x5D64, 0x5564, 0x5544, 0x5564, 0x5563, 0x5562, 0x7DA4, 0x96C2, 0x9F20, 0x96C1, 0x75E1, 0x65A1, 0x6E02, 0x65C1,   // 0x23C0 (9152) pixels
0x2AA5, 0x3867, 0x9128, 0xDC65, 0xED64, 0xDC86, 0xE4E6, 0xE622, 0xEEC1, 0xE5A4, 0xE466, 0xE3C7, 0xCB86, 0xC3C6, 0xD585, 0xF764,   // 0x23D0 (9168) pixels
0xCFE0, 0xD7A9, 0xE7B2, 0xF7D2, 0xE789, 0xAEC0, 0x7601, 0x5586, 0x4C89, 0x2BA8, 0x2369, 0x2ACB, 0x31A9, 0x4066, 0x6886, 0xA1EB,   // 0x23E0 (9184) pixels
0xAA0B, 0xA24B, 0x89E9, 0x50E5, 0x2021, 0x0800, 0x0000, 0x0000, 0x0000, 0x0000, 0x0020, 0x0020, 0x0000, 0x0000, 0x0000, 0x0000,   // 0x23F0 (9200) pixels
0x0000, 0x0000, 0x0000, 0x0000, 0x0000, 0x0000, 0x0000, 0x0000, 0x0000, 0x0865, 0x18C8, 0x18C9, 0x20A9, 0x190A, 0x19CB, 0x1A8A,   // 0x2400 (9216) pixels
0x33C8, 0x3C48, 0x2BCA, 0x22EB, 0x3B0B, 0x1966, 0x0002, 0x0000, 0x0000, 0x0000, 0x0000, 0x0000, 0x0000, 0x0000, 0x0000, 0x0000,   // 0x2410 (9232) pixels
0x0000, 0x0000, 0x0000, 0x0000, 0x0000, 0x0000, 0x0000, 0x0000, 0x0000, 0x0000, 0x0000, 0x0000, 0x0000, 0x0000, 0x0000, 0x0000,   // 0x2420 (9248) pixels
0x3342, 0x6585, 0x2B89, 0x1AC8, 0x2B0B, 0x3BCB, 0x2BCA, 0x2BC8, 0x4CA7, 0x4CE6, 0x5544, 0x5564, 0x5544, 0x5564, 0x5583, 0x5582,   // 0x2430 (9264) pixels
0x96C0, 0xAF62, 0xB760, 0xAF40, 0x8EA1, 0x5DA0, 0x5DC2, 0x6601, 0x5465, 0x28E5, 0x5029, 0x99C8, 0xD387, 0xEC69, 0xD407, 0xD486,   // 0x2440 (9280) pixels
0xD4C3, 0xE4C5, 0xE3E7, 0xC308, 0xBBC6, 0xD5E3, 0xDF62, 0xD782, 0xB702, 0xEFF2, 0xFFFA, 0xDF6F, 0xAEE2, 0x8EA0, 0x6DC4, 0x4486,   // 0x2450 (9296) pixels
0x2BCA, 0x236A, 0x22CA, 0x29A9, 0x3086, 0x5066, 0x7928, 0xA20B, 0x9A0A, 0x7988, 0x5105, 0x2042, 0x0800, 0x0020, 0x0020, 0x0040,   // 0x2460 (9312) pixels
0x0000, 0x0000, 0x0000, 0x0000, 0x0000, 0x0000, 0x0000, 0x0000, 0x0000, 0x0000, 0x0000, 0x0000, 0x0000, 0x0000, 0x0000, 0x0000,   // 0x2470 (9328) pixels
0x0000, 0x0865, 0x18C8, 0x18C9, 0x20C9, 0x212A, 0x19EB, 0x1AAA, 0x33C9, 0x3446, 0x3428, 0x234A, 0x332C, 0x21A7, 0x0001, 0x0020,   // 0x2480 (9344) pixels
0x0000, 0x0000, 0x0000, 0x0000, 0x0000, 0x0000, 0x0000, 0x0000, 0x0000, 0x0000, 0x0000, 0x0000, 0x0000, 0x0000, 0x0000, 0x0000,   // 0x2490 (9360) pixels
0x0000, 0x0000, 0x0000, 0x0000, 0x0000, 0x0000, 0x0000, 0x0000, 0x1A20, 0x6546, 0x3389, 0x1247, 0x228A, 0x338B, 0x33CA, 0x33E9,   // 0x24A0 (9376) pixels
0x2BE8, 0x3426, 0x44C5, 0x5545, 0x5564, 0x5564, 0x5584, 0x5583, 0x8EA0, 0xAF21, 0xB6E0, 0xB720, 0x96A1, 0x5D81, 0x5DC3, 0x5DC1,   // 0x24B0 (9392) pixels
0x6DC6, 0x4385, 0x3105, 0x6888, 0xB229, 0xD3C8, 0xD409, 0xE3CA, 0xD407, 0xE428, 0xD389, 0xBB67, 0xBD04, 0xD721, 0xCFA1, 0xBF02,   // 0x24C0 (9408) pixels
0xCF46, 0xEFCE, 0xDF6E, 0xB704, 0x96C0, 0x7643, 0x5D28, 0x33E8, 0x2B8C, 0x2AEB, 0x29EA, 0x30E8, 0x4026, 0x6067, 0x7948, 0x6967,   // 0x24D0 (9424) pixels
0x5126, 0x2821, 0x0800, 0x0000, 0x0000, 0x0020, 0x0020, 0x0020, 0x0000, 0x0000, 0x0000, 0x0000, 0x0000, 0x0000, 0x0000, 0x0000,   // 0x24E0 (9440) pixels
0x0000, 0x0000, 0x0000, 0x0000, 0x0000, 0x0000, 0x0000, 0x0000, 0x0001, 0x1086, 0x18C9, 0x18C9, 0x20C9, 0x190A, 0x19EA, 0x22CA,   // 0x24F0 (9456) pixels
0x3BE9, 0x3C87, 0x3487, 0x2389, 0x2AEA, 0x2A08, 0x0020, 0x0000, 0x0000, 0x0000, 0x0000, 0x0000, 0x0000, 0x0000, 0x0000, 0x0000,   // 0x2500 (9472) pixels
0x0000, 0x0000, 0x0000, 0x0000, 0x0000, 0x0000, 0x0000, 0x0000, 0x0000, 0x0000, 0x0000, 0x0000, 0x0000, 0x0000, 0x0000, 0x0000,   // 0x2510 (9488) pixels
0x0120, 0x6547, 0x43EC, 0x1227, 0x1A09, 0x2B09, 0x2B89, 0x33C9, 0x2BCA, 0x2BE7, 0x44A6, 0x5546, 0x5545, 0x4D24, 0x5544, 0x5563,   // 0x2520 (9504) pixels
0x8621, 0xAF02, 0xBF00, 0xBF21, 0x8E42, 0x5D63, 0x65E3, 0x65E0, 0x5D82, 0x5DA5, 0x3284, 0x4004, 0x9106, 0xBB06, 0xC366, 0xCAA8,   // 0x2530 (9520) pixels
0xBAE6, 0xBAA8, 0xBB07, 0xC484, 0xC622, 0xB6A3, 0xB6E3, 0xC763, 0xC702, 0xBF01, 0xAEC0, 0xA700, 0x8682, 0x4D04, 0x2C08, 0x23CB,   // 0x2540 (9536) pixels
0x22CB, 0x29A9, 0x28C7, 0x38A8, 0x4847, 0x5826, 0x4864, 0x1041, 0x0000, 0x0000, 0x0020, 0x0000, 0x0000, 0x0020, 0x0000, 0x0000,   // 0x2550 (9552) pixels
0x0000, 0x0000, 0x0000, 0x0000, 0x0000, 0x0000, 0x0000, 0x0000, 0x0000, 0x0000, 0x0000, 0x0000, 0x0000, 0x0000, 0x0000, 0x0000,   // 0x2560 (9568) pixels
0x0843, 0x18C7, 0x210A, 0x20C9, 0x18A8, 0x18E9, 0x19EA, 0x22EA, 0x3BE8, 0x44E8, 0x34C7, 0x23A8, 0x2B0A, 0x4B2B, 0x10E2, 0x0000,   // 0x2570 (9584) pixels
0x0000, 0x0000, 0x0000, 0x0000, 0x0000, 0x0000, 0x0000, 0x0000, 0x0000, 0x0000, 0x0000, 0x0000, 0x0000, 0x0000, 0x0000, 0x0000,   // 0x2580 (9600) pixels
0x0000, 0x0000, 0x0000, 0x0000, 0x0000, 0x0000, 0x0000, 0x0000, 0x1081, 0x5427, 0x3C87, 0x22A8, 0x19AB, 0x32ED, 0x33CA, 0x33E9,   // 0x2590 (9616) pixels
0x3407, 0x44C6, 0x5545, 0x5584, 0x5565, 0x4D25, 0x5525, 0x5D64, 0x5D62, 0x7643, 0x7E82, 0x7641, 0x6580, 0x6DA2, 0x6D83, 0x6DA3,   // 0x25A0 (9632) pixels
0x6582, 0x6584, 0x43E5, 0x10A3, 0x4886, 0xA22A, 0xC2E9, 0xC309, 0xC2CB, 0xD2A8, 0xC364, 0xA604, 0x6E60, 0x8EA0, 0xAEE1, 0xA702,   // 0x25B0 (9648) pixels
0x9EC0, 0x9EA0, 0x96C2, 0x7664, 0x4D65, 0x3C88, 0x338B, 0x2A8C, 0x398B, 0x30E9, 0x38A7, 0x4086, 0x3844, 0x2002, 0x0800, 0x0000,   // 0x25C0 (9664) pixels
0x0000, 0x0000, 0x0000, 0x0000, 0x0000, 0x0000, 0x0000, 0x0000, 0x0000, 0x0000, 0x0000, 0x0000, 0x0000, 0x0000, 0x0000, 0x0000,   // 0x25D0 (9680) pixels
0x0021, 0x0000, 0x0000, 0x0020, 0x0000, 0x0020, 0x0862, 0x0043, 0x10CB, 0x190A, 0x18E8, 0x20C8, 0x20E9, 0x10E9, 0x19CA, 0x32CC,   // 0x25E0 (9696) pixels
0x3C2A, 0x44A8, 0x4CE6, 0x4466, 0x3367, 0x538D, 0x2126, 0x0801, 0x0001, 0x0021, 0x0000, 0x0000, 0x0000, 0x0000, 0x0000, 0x0001,   // 0x25F0 (9712) pixels
0x0000, 0x0000, 0x0000, 0x0000, 0x0000, 0x0000, 0x0000, 0x0000, 0x0000, 0x0000, 0x0000, 0x0000, 0x0000, 0x0000, 0x0000, 0x0000,   // 0x2600 (9728) pixels
0x0000, 0x3324, 0x4488, 0x22C9, 0x118A, 0x228C, 0x2B8A, 0x2388, 0x3407, 0x44C6, 0x4D45, 0x4D64, 0x5565, 0x5545, 0x5544, 0x5D63,   // 0x2610 (9744) pixels
0x5D05, 0x5D44, 0x5541, 0x65A2, 0x65A3, 0x6583, 0x5D41, 0x65C1, 0x6DC2, 0x5DA4, 0x4CA7, 0x1985, 0x2804, 0x7106, 0xAA28, 0xB269,   // 0x2620 (9760) pixels
0xB248, 0xBA87, 0xA384, 0x85E4, 0x6660, 0x8E81, 0x9682, 0x8662, 0x8682, 0x75E1, 0x6583, 0x4D06, 0x3428, 0x234A, 0x226B, 0x194A,   // 0x2630 (9776) pixels
0x18C7, 0x2086, 0x2065, 0x2003, 0x1000, 0x0800, 0x0000, 0x0000, 0x0000, 0x0000, 0x0000, 0x0000, 0x0000, 0x0000, 0x0000, 0x0000,   // 0x2640 (9792) pixels
0x0000, 0x0000, 0x0000, 0x0000, 0x0000, 0x0000, 0x0000, 0x0000, 0x0000, 0x0000, 0x0000, 0x0020, 0x0000, 0x0884, 0x1907, 0x18C8,   // 0x2650 (9808) pixels
0x18E9, 0x18C8, 0x18C7, 0x20C9, 0x20EA, 0x18E9, 0x21A9, 0x430C, 0x3C46, 0x5505, 0x75E5, 0x5D45, 0x3C27, 0x43CC, 0x42AA, 0x0000,   // 0x2660 (9824) pixels
0x0800, 0x0000, 0x0000, 0x0000, 0x0000, 0x0020, 0x0021, 0x0000, 0x0000, 0x0000, 0x0000, 0x0000, 0x0000, 0x0000, 0x0000, 0x0000,   // 0x2670 (9840) pixels
0x0000, 0x0000, 0x0000, 0x0000, 0x0000, 0x0000, 0x0000, 0x0000, 0x0000, 0x2AA4, 0x54CA, 0x2B2A, 0x11CA, 0x11EA, 0x2B2B, 0x2328,   // 0x2680 (9856) pixels
0x33E8, 0x44A8, 0x4D26, 0x4D44, 0x5565, 0x5565, 0x5563, 0x5D82, 0x5D84, 0x6584, 0x5D62, 0x65A2, 0x5D82, 0x5D82, 0x6E22, 0x9784,   // 0x2690 (9872) pixels
0x8664, 0x65C3, 0x5568, 0x2AC8, 0x1865, 0x5064, 0x8946, 0x9107, 0x99A5, 0xA246, 0x8366, 0x6DA6, 0x5E43, 0x7E43, 0x7E03, 0x65E4,   // 0x26A0 (9888) pixels
0x5545, 0x4485, 0x3C07, 0x33AA, 0x2B0B, 0x224C, 0x216B, 0x1889, 0x0864, 0x0822, 0x0801, 0x0800, 0x0000, 0x0000, 0x0040, 0x0020,   // 0x26B0 (9904) pixels
0x0000, 0x0000, 0x0000, 0x0000, 0x0000, 0x0000, 0x0000, 0x0000, 0x0000, 0x0000, 0x0000, 0x0000, 0x0000, 0x0000, 0x0000, 0x0000,   // 0x26C0 (9920) pixels
0x0000, 0x0000, 0x0020, 0x0000, 0x0002, 0x18C7, 0x294B, 0x292B, 0x18E7, 0x0865, 0x0866, 0x10A8, 0x18EA, 0x18E9, 0x2168, 0x4AEC,   // 0x26D0 (9936) pixels
0x4CA7, 0x5D24, 0x9F06, 0x7E25, 0x44A6, 0x33C9, 0x648D, 0x3AA3, 0x0800, 0x0800, 0x0020, 0x0040, 0x0022, 0x0002, 0x0000, 0x0020,   // 0x26E0 (9952) pixels
0x0000, 0x0000, 0x0000, 0x0000, 0x0000, 0x0000, 0x0000, 0x0000, 0x0000, 0x0000, 0x0000, 0x0000, 0x0000, 0x0000, 0x0000, 0x0000,   // 0x26F0 (9968) pixels
0x0000, 0x0900, 0x43C8, 0x3329, 0x1A2A, 0x09A9, 0x2AEC, 0x2B09, 0x2B89, 0x3C29, 0x4487, 0x44A5, 0x4D06, 0x5546, 0x5D64, 0x5D82,   // 0x2700 (9984) pixels
0x5DA1, 0x5523, 0x4CE3, 0x65A4, 0x5D82, 0x5561, 0x5D60, 0x7640, 0x7DE1, 0x5580, 0x5587, 0x33CB, 0x2168, 0x4065, 0x70C6, 0x80A8,   // 0x2710 (10000) pixels
0x80E5, 0x8146, 0x6225, 0x4C46, 0x4564, 0x5DA3, 0x5502, 0x4D03, 0x33C9, 0x22E8, 0x1A49, 0x220B, 0x19CB, 0x216A, 0x20C8, 0x2846,   // 0x2720 (10016) pixels
0x0021, 0x0000, 0x0000, 0x0000, 0x0000, 0x0000, 0x0000, 0x0020, 0x0000, 0x0000, 0x0000, 0x0000, 0x0000, 0x0000, 0x0000, 0x0000,   // 0x2730 (10032) pixels
0x0000, 0x0000, 0x0000, 0x0000, 0x0000, 0x0000, 0x0000, 0x0000, 0x0000, 0x0000, 0x0000, 0x0000, 0x0001, 0x1085, 0x2108, 0x18C9,   // 0x2740 (10048) pixels
0x0842, 0x0002, 0x0866, 0x18EA, 0x212B, 0x18E9, 0x10A5, 0x2966, 0x5C6C, 0x64E6, 0x96E7, 0x7624, 0x4486, 0x33C8, 0x64EB, 0x7548,   // 0x2750 (10064) pixels
0x2982, 0x0060, 0x0000, 0x0001, 0x0822, 0x0000, 0x0000, 0x0820, 0x0000, 0x0000, 0x0000, 0x0000, 0x0000, 0x0000, 0x0000, 0x0000,   // 0x2760 (10080) pixels
0x0000, 0x0000, 0x0000, 0x0000, 0x0000, 0x0000, 0x0000, 0x0000, 0x0021, 0x0060, 0x3306, 0x3BAA, 0x22CB, 0x0169, 0x224B, 0x2AEA,   // 0x2770 (10096) pixels
0x22EA, 0x2B6A, 0x33C8, 0x3407, 0x3C67, 0x4CE6, 0x5545, 0x5563, 0x5544, 0x2BA4, 0x2344, 0x5506, 0x65A3, 0x6DC2, 0x6581, 0x6DC0,   // 0x2780 (10112) pixels
0x7DC0, 0x5D80, 0x4565, 0x2BEA, 0x2A2A, 0x30A6, 0x5865, 0x70A8, 0x7887, 0x7066, 0x50E5, 0x42E7, 0x44C7, 0x4D66, 0x5504, 0x5D25,   // 0x2790 (10128) pixels
0x33C9, 0x1AA7, 0x0988, 0x092A, 0x112C, 0x194C, 0x292A, 0x28E8, 0x10A3, 0x0021, 0x0000, 0x0000, 0x0000, 0x0000, 0x0000, 0x0000,   // 0x27A0 (10144) pixels
0x0000, 0x0000, 0x0000, 0x0000, 0x0000, 0x0000, 0x0000, 0x0000, 0x0000, 0x0000, 0x0000, 0x0000, 0x0000, 0x0000, 0x0000, 0x0000,   // 0x27B0 (10160) pixels
0x0000, 0x0000, 0x0000, 0x0000, 0x0000, 0x0022, 0x0863, 0x0843, 0x0000, 0x0022, 0x1908, 0x212B, 0x210A, 0x10A6, 0x0001, 0x0820,   // 0x27C0 (10176) pixels
0x428A, 0x5C88, 0x5DA4, 0x5543, 0x4C27, 0x4349, 0x3B68, 0x5D09, 0x7DCB, 0x2A64, 0x0020, 0x0001, 0x0000, 0x0800, 0x0800, 0x0001,   // 0x27D0 (10192) pixels
0x0000, 0x0000, 0x0000, 0x0000, 0x0000, 0x0000, 0x0000, 0x0000, 0x0000, 0x0000, 0x0000, 0x0000, 0x0000, 0x0000, 0x0000, 0x0000,   // 0x27E0 (10208) pixels
0x0001, 0x0000, 0x21C3, 0x3BA8, 0x230A, 0x0169, 0x11AA, 0x32CA, 0x22CB, 0x2B2B, 0x2B6A, 0x2BA9, 0x3C29, 0x44C8, 0x5526, 0x5D85,   // 0x27F0 (10224) pixels
0x5546, 0x33E6, 0x3BE6, 0x6583, 0x7E20, 0x9EE2, 0xAF43, 0xAF41, 0xA681, 0x7E41, 0x4544, 0x23A9, 0x2A6B, 0x28A6, 0x4024, 0x60A8,   // 0x2800 (10240) pixels
0x6868, 0x6847, 0x5886, 0x41E7, 0x3B89, 0x3C88, 0x44A6, 0x5D47, 0x4D46, 0x4466, 0x3B48, 0x2A8B, 0x222D, 0x1A0D, 0x19EC, 0x19AB,   // 0x2810 (10256) pixels
0x21C8, 0x1125, 0x0082, 0x0000, 0x0000, 0x0000, 0x0800, 0x0000, 0x0000, 0x0000, 0x0000, 0x0000, 0x0000, 0x0000, 0x0000, 0x0000,   // 0x2820 (10272) pixels
0x0000, 0x0000, 0x0000, 0x0000, 0x0000, 0x0000, 0x0000, 0x0000, 0x0000, 0x0000, 0x0000, 0x0000, 0x0000, 0x0000, 0x0000, 0x0000,   // 0x2830 (10288) pixels
0x0000, 0x10A5, 0x296A, 0x1929, 0x0886, 0x0042, 0x0000, 0x0000, 0x20A3, 0x6469, 0x4503, 0x4D05, 0x4BC8, 0x2166, 0x1145, 0x3329,   // 0x2840 (10304) pixels
0x4C87, 0x758C, 0x53C6, 0x00A0, 0x0000, 0x0802, 0x0002, 0x0001, 0x0000, 0x0000, 0x0000, 0x0000, 0x0000, 0x0000, 0x0000, 0x0000,   // 0x2850 (10320) pixels
0x0000, 0x0000, 0x0000, 0x0000, 0x0000, 0x0000, 0x0000, 0x0000, 0x0000, 0x0000, 0x1121, 0x3BC7, 0x33AA, 0x222C, 0x116A, 0x2A49,   // 0x2860 (10336) pixels
0x2B0B, 0x2B2B, 0x2B4A, 0x2BAA, 0x3429, 0x4487, 0x4D06, 0x5D65, 0x5563, 0x5525, 0x6D84, 0x8EA0, 0x9EE0, 0xC786, 0xCFA8, 0xC742,   // 0x2870 (10352) pixels
0xB6E1, 0x96C2, 0x5585, 0x2BA9, 0x326C, 0x28C6, 0x3064, 0x48C7, 0x58A8, 0x58C7, 0x50E6, 0x3946, 0x2A29, 0x2B2A, 0x33C8, 0x44A7,   // 0x2880 (10368) pixels
0x55C4, 0x65C6, 0x6D87, 0x6507, 0x4C48, 0x2B88, 0x1AE9, 0x1A89, 0x224B, 0x1A09, 0x1987, 0x08C4, 0x0000, 0x0000, 0x0000, 0x0000,   // 0x2890 (10384) pixels
0x0000, 0x0000, 0x0000, 0x0000, 0x0000, 0x0000, 0x0000, 0x0000, 0x0000, 0x0000, 0x0000, 0x0000, 0x0000, 0x0000, 0x0000, 0x0000,   // 0x28A0 (10400) pixels
0x0000, 0x0000, 0x0000, 0x0000, 0x0000, 0x0000, 0x0000, 0x0000, 0x0042, 0x1107, 0x298A, 0x1908, 0x0063, 0x0020, 0x0000, 0x0000,   // 0x28B0 (10416) pixels
0x1820, 0x5BE8, 0x5566, 0x5546, 0x4BA8, 0x0000, 0x0001, 0x1124, 0x3328, 0x4C08, 0x752A, 0x5C47, 0x0961, 0x0040, 0x0081, 0x0080,   // 0x28C0 (10432) pixels
0x0020, 0x0020, 0x0000, 0x0000, 0x0000, 0x0000, 0x0000, 0x0000, 0x0000, 0x0000, 0x0000, 0x0000, 0x0000, 0x0000, 0x0000, 0x0000,   // 0x28D0 (10448) pixels
0x0000, 0x0801, 0x0040, 0x2B24, 0x2347, 0x2A6C, 0x0909, 0x19C7, 0x2AEA, 0x2B0A, 0x2329, 0x2B89, 0x3408, 0x3446, 0x3CA4, 0x5544,   // 0x28E0 (10464) pixels
0x5562, 0x5D43, 0x6DC1, 0x96C0, 0xB725, 0xE7D2, 0xF7F5, 0xF7F0, 0xBF61, 0x96E2, 0x5D65, 0x33A9, 0x328C, 0x2906, 0x2042, 0x2003,   // 0x28F0 (10480) pixels
0x3003, 0x2801, 0x2020, 0x1002, 0x1908, 0x2A6C, 0x2329, 0x23C6, 0x44E4, 0x6584, 0x8642, 0x8E81, 0x7E61, 0x65C4, 0x4CC7, 0x442A,   // 0x2900 (10496) pixels
0x230E, 0x22AD, 0x226B, 0x21C8, 0x10E4, 0x0021, 0x0000, 0x0000, 0x0000, 0x0000, 0x0000, 0x0000, 0x0000, 0x0000, 0x0000, 0x0000,   // 0x2910 (10512) pixels
0x0000, 0x0000, 0x0000, 0x0000, 0x0000, 0x0000, 0x0000, 0x0000, 0x0000, 0x0000, 0x0000, 0x0000, 0x0001, 0x0000, 0x0000, 0x0000,   // 0x2920 (10528) pixels
0x1106, 0x2169, 0x1969, 0x08A5, 0x0000, 0x0000, 0x0000, 0x0000, 0x0800, 0x3AA4, 0x6548, 0x4CE5, 0x5C28, 0x0880, 0x0000, 0x0000,   // 0x2930 (10544) pixels
0x0082, 0x21E6, 0x3B4A, 0x4C69, 0x5D07, 0x5485, 0x4385, 0x4308, 0x0841, 0x0020, 0x0000, 0x0000, 0x0000, 0x0000, 0x0000, 0x0000,   // 0x2940 (10560) pixels
0x0000, 0x0000, 0x0000, 0x0000, 0x0000, 0x0000, 0x0000, 0x0000, 0x0000, 0x0801, 0x0000, 0x0902, 0x3349, 0x230A, 0x19EA, 0x18C9,   // 0x2950 (10576) pixels
0x2AAA, 0x22EA, 0x234A, 0x2368, 0x3BE8, 0x4448, 0x3405, 0x44A7, 0x4D84, 0x5582, 0x7620, 0x9680, 0xC728, 0xF7F5, 0xFFFA, 0xFFD8,   // 0x2960 (10592) pixels
0xCFA6, 0xA6C6, 0x5D06, 0x33A7, 0x22A8, 0x1986, 0x0001, 0x0021, 0x0000, 0x0000, 0x0000, 0x0000, 0x0062, 0x19C7, 0x2AAB, 0x22AB,   // 0x2970 (10608) pixels
0x3387, 0x4466, 0x65A5, 0x7642, 0x8661, 0x9683, 0x8604, 0x6522, 0x4467, 0x33E8, 0x234A, 0x1ACC, 0x1A2B, 0x00C4, 0x0000, 0x0800,   // 0x2980 (10624) pixels
0x0000, 0x0000, 0x0000, 0x0000, 0x0000, 0x0000, 0x0000, 0x0000, 0x0000, 0x0000, 0x0000, 0x0000, 0x0000, 0x0000, 0x0001, 0x0001,   // 0x2990 (10640) pixels
0x0001, 0x0000, 0x0000, 0x0000, 0x0000, 0x0000, 0x0063, 0x08C6, 0x11AB, 0x21EB, 0x1926, 0x0021, 0x0000, 0x0000, 0x0000, 0x0000,   // 0x29A0 (10656) pixels
0x0000, 0x1963, 0x648A, 0x4D25, 0x4465, 0x00C2, 0x0001, 0x0020, 0x0802, 0x0002, 0x29A8, 0x3AE9, 0x4C28, 0x5528, 0x5DEA, 0x3CE7,   // 0x29B0 (10672) pixels
0x3268, 0x00A2, 0x0000, 0x0000, 0x0800, 0x0000, 0x0000, 0x0020, 0x0000, 0x0000, 0x0000, 0x0000, 0x0000, 0x0000, 0x0000, 0x0000,   // 0x29C0 (10688) pixels
0x0000, 0x0800, 0x0000, 0x0081, 0x22A7, 0x2B2B, 0x1A09, 0x1109, 0x19E9, 0x330D, 0x230B, 0x234A, 0x2BA9, 0x33A8, 0x33E7, 0x3407,   // 0x29D0 (10704) pixels
0x4506, 0x5544, 0x7E22, 0x9EC1, 0xC747, 0xEFF0, 0xFFF3, 0xF7D1, 0xC7A6, 0x8E45, 0x4CA5, 0x2B68, 0x2AAA, 0x1987, 0x0021, 0x0000,   // 0x29E0 (10720) pixels
0x0000, 0x0000, 0x0000, 0x0000, 0x0000, 0x00C4, 0x19E8, 0x2ACC, 0x22CA, 0x2B88, 0x4486, 0x5D63, 0x75E1, 0x8642, 0x8EA3, 0x86A4,   // 0x29F0 (10736) pixels
0x6587, 0x4CA7, 0x33E8, 0x2B6B, 0x2ACC, 0x19E9, 0x08C4, 0x0000, 0x0000, 0x0020, 0x0020, 0x0000, 0x0000, 0x0000, 0x0000, 0x0000,   // 0x2A00 (10752) pixels
0x0000, 0x0020, 0x0000, 0x0000, 0x0000, 0x0000, 0x0000, 0x0000, 0x0000, 0x0000, 0x0000, 0x0000, 0x0000, 0x0021, 0x10E5, 0x29A9,   // 0x2A10 (10768) pixels
0x19AB, 0x21CA, 0x1926, 0x0021, 0x0000, 0x0000, 0x0000, 0x0000, 0x0000, 0x10C1, 0x4BC8, 0x4CE5, 0x4486, 0x1103, 0x0001, 0x0020,   // 0x2A20 (10784) pixels
0x0000, 0x0001, 0x0063, 0x0924, 0x3B48, 0x3BE8, 0x33E8, 0x2388, 0x42EA, 0x1104, 0x0000, 0x0000, 0x0000, 0x0000, 0x0000, 0x0000,   // 0x2A30 (10800) pixels
0x0000, 0x0000, 0x0000, 0x0000, 0x0000, 0x0000, 0x0000, 0x0000, 0x0000, 0x0000, 0x0000, 0x0020, 0x11C5, 0x3B8C, 0x22AB, 0x19EB,   // 0x2A40 (10816) pixels
0x0928, 0x226C, 0x22CD, 0x230C, 0x232A, 0x2349, 0x33CA, 0x2BC9, 0x3408, 0x4CA6, 0x75A3, 0x8E60, 0xAEE3, 0xCF68, 0xD769, 0xD767,   // 0x2A50 (10832) pixels
0xA745, 0x6DC4, 0x3C67, 0x2B6A, 0x2A8B, 0x1967, 0x0042, 0x0000, 0x0020, 0x0000, 0x0000, 0x0000, 0x0000, 0x0001, 0x08E4, 0x324A,   // 0x2A60 (10848) pixels
0x226C, 0x22EB, 0x2388, 0x3C66, 0x5D44, 0x6DC2, 0x7642, 0x86C2, 0x6E04, 0x5544, 0x44A6, 0x3409, 0x2B6B, 0x2ACC, 0x19C9, 0x0063,   // 0x2A70 (10864) pixels
0x0000, 0x0000, 0x0000, 0x0000, 0x0000, 0x0000, 0x0000, 0x0000, 0x0000, 0x0041, 0x0041, 0x0000, 0x0000, 0x0000, 0x0020, 0x0000,   // 0x2A80 (10880) pixels
0x0000, 0x0000, 0x0000, 0x0000, 0x0000, 0x0000, 0x1905, 0x320A, 0x21EB, 0x21CA, 0x1105, 0x0021, 0x0000, 0x0000, 0x0000, 0x0000,   // 0x2A90 (10896) pixels
0x0000, 0x0040, 0x5388, 0x5D67, 0x4C87, 0x1123, 0x0001, 0x0000, 0x0020, 0x0821, 0x0001, 0x0021, 0x3268, 0x3AE9, 0x2AC9, 0x2ACB,   // 0x2AA0 (10912) pixels
0x42AA, 0x1103, 0x0000, 0x0000, 0x0000, 0x0000, 0x0000, 0x0000, 0x0000, 0x0000, 0x0000, 0x0000, 0x0000, 0x0000, 0x0000, 0x0000,   // 0x2AB0 (10928) pixels
0x0000, 0x0000, 0x0000, 0x0000, 0x00E2, 0x330A, 0x332D, 0x22AC, 0x1129, 0x0949, 0x2A8C, 0x2AEC, 0x1ACA, 0x232A, 0x236A, 0x2BAB,   // 0x2AC0 (10944) pixels
0x2BC9, 0x4467, 0x5D44, 0x75E0, 0x8E60, 0x9EC2, 0xA6E2, 0xA6C1, 0x7E23, 0x4CE4, 0x3408, 0x232B, 0x2A4B, 0x10E6, 0x0041, 0x0000,   // 0x2AD0 (10960) pixels
0x0020, 0x0000, 0x0000, 0x0000, 0x0000, 0x0000, 0x0001, 0x1905, 0x2A4B, 0x22AB, 0x1B09, 0x2388, 0x3C67, 0x54E6, 0x5D44, 0x5D82,   // 0x2AE0 (10976) pixels
0x65C2, 0x5D83, 0x5566, 0x44C8, 0x33E9, 0x338B, 0x2ACB, 0x11A8, 0x0022, 0x0001, 0x0000, 0x0000, 0x0000, 0x0000, 0x0000, 0x0000,   // 0x2AF0 (10992) pixels
0x0084, 0x1106, 0x1126, 0x10C4, 0x0041, 0x0000, 0x0020, 0x0000, 0x0000, 0x0000, 0x0000, 0x0000, 0x0000, 0x0000, 0x10C4, 0x31C8,   // 0x2B00 (11008) pixels
0x29EA, 0x21A8, 0x10C4, 0x0000, 0x0000, 0x0000, 0x0000, 0x0000, 0x0000, 0x0000, 0x5BCA, 0x864C, 0x54A7, 0x0903, 0x0000, 0x0000,   // 0x2B10 (11024) pixels
0x0000, 0x0000, 0x0001, 0x0001, 0x2145, 0x3A49, 0x4AEC, 0x42AD, 0x2165, 0x0061, 0x0000, 0x0000, 0x0000, 0x0000, 0x0000, 0x0020,   // 0x2B20 (11040) pixels
0x0000, 0x0000, 0x0000, 0x0000, 0x0000, 0x0000, 0x0000, 0x0000, 0x0000, 0x0020, 0x0000, 0x0000, 0x0020, 0x19A5, 0x330B, 0x22EC,   // 0x2B30 (11056) pixels
0x220B, 0x0907, 0x19C9, 0x2AAB, 0x2AEB, 0x22EA, 0x1B09, 0x2B6A, 0x2BAA, 0x3448, 0x44E4, 0x5582, 0x65E1, 0x7621, 0x7621, 0x7600,   // 0x2B40 (11072) pixels
0x5503, 0x3445, 0x2389, 0x22AC, 0x21CA, 0x0043, 0x0000, 0x0000, 0x0000, 0x0000, 0x0000, 0x0000, 0x0000, 0x0000, 0x0000, 0x0001,   // 0x2B50 (11088) pixels
0x1966, 0x2249, 0x22CB, 0x1AEA, 0x2B69, 0x4429, 0x4CC7, 0x4D06, 0x5522, 0x5564, 0x5565, 0x4D06, 0x3C88, 0x3C0A, 0x2B6B, 0x22CA,   // 0x2B60 (11104) pixels
0x1946, 0x0063, 0x0000, 0x0000, 0x0000, 0x0000, 0x0000, 0x0001, 0x1109, 0x218A, 0x29AA, 0x2989, 0x10C5, 0x0001, 0x0000, 0x0000,   // 0x2B70 (11120) pixels
0x0000, 0x0000, 0x0000, 0x0000, 0x0000, 0x0000, 0x0042, 0x18E4, 0x1926, 0x10E5, 0x0862, 0x0000, 0x0000, 0x0000, 0x0020, 0x0000,   // 0x2B80 (11136) pixels
0x0000, 0x0000, 0x5329, 0x862D, 0x4C88, 0x0903, 0x0000, 0x0000, 0x0000, 0x0000, 0x0001, 0x0000, 0x0000, 0x10A1, 0x2125, 0x18E4,   // 0x2B90 (11152) pixels
0x0041, 0x0000, 0x0000, 0x0000, 0x0000, 0x0000, 0x0000, 0x0020, 0x0000, 0x0000, 0x0000, 0x0000, 0x0000, 0x0000, 0x0000, 0x0000,   // 0x2BA0 (11168) pixels
0x0000, 0x0020, 0x0000, 0x0000, 0x0000, 0x08A1, 0x2A69, 0x230C, 0x2A8C, 0x19A8, 0x00E5, 0x21E9, 0x3AEB, 0x2ACA, 0x230A, 0x232A,   // 0x2BB0 (11184) pixels
0x238A, 0x3428, 0x3C86, 0x4505, 0x4D65, 0x5583, 0x5563, 0x4D04, 0x3C66, 0x2BC8, 0x230B, 0x226C, 0x1968, 0x0022, 0x0000, 0x0000,   // 0x2BC0 (11200) pixels
0x0000, 0x0020, 0x0000, 0x0000, 0x0000, 0x0000, 0x0000, 0x0000, 0x0022, 0x1988, 0x2A8C, 0x22AC, 0x22CA, 0x3349, 0x3C28, 0x44A7,   // 0x2BD0 (11216) pixels
0x4CA6, 0x4CE6, 0x44E5, 0x44E5, 0x44E7, 0x3C68, 0x2BA9, 0x234A, 0x2A4A, 0x1146, 0x0043, 0x0002, 0x0802, 0x0803, 0x0844, 0x1085,   // 0x2BE0 (11232) pixels
0x1109, 0x194A, 0x216A, 0x298A, 0x18E6, 0x0001, 0x0000, 0x0000, 0x0020, 0x0000, 0x0000, 0x0000, 0x0000, 0x0000, 0x0000, 0x0020,   // 0x2BF0 (11248) pixels
0x0041, 0x0021, 0x0000, 0x0000, 0x0000, 0x0020, 0x0000, 0x0000, 0x0000, 0x0000, 0x21A4, 0x5D09, 0x4467, 0x1164, 0x0000, 0x0000,   // 0x2C00 (11264) pixels
0x0000, 0x0000, 0x0000, 0x0000, 0x0000, 0x0000, 0x0000, 0x0000, 0x0000, 0x0000, 0x0020, 0x0000, 0x0000, 0x0000, 0x0000, 0x0000,   // 0x2C10 (11280) pixels
0x0000, 0x0000, 0x0000, 0x0000, 0x0000, 0x0000, 0x0000, 0x0000, 0x0000, 0x0000, 0x0020, 0x0000, 0x0800, 0x0800, 0x1985, 0x2AEB,   // 0x2C20 (11296) pixels
0x22AC, 0x2A6B, 0x1106, 0x1106, 0x2A2A, 0x2AAB, 0x2B0B, 0x230B, 0x2B2B, 0x3BCA, 0x3408, 0x3C69, 0x44C9, 0x44C6, 0x44A7, 0x3C29,   // 0x2C30 (11312) pixels
0x33C9, 0x2B4B, 0x1A8C, 0x222B, 0x10E5, 0x0000, 0x0000, 0x0000, 0x0000, 0x0000, 0x0000, 0x0000, 0x0000, 0x0000, 0x0000, 0x0000,   // 0x2C40 (11328) pixels
0x0000, 0x08A4, 0x21A9, 0x2A4B, 0x2A6B, 0x22A9, 0x2B48, 0x2BE8, 0x4469, 0x44C8, 0x44E6, 0x4D05, 0x4D26, 0x3C88, 0x33C9, 0x2B8B,   // 0x2C50 (11344) pixels
0x330C, 0x224A, 0x1968, 0x18E7, 0x18A7, 0x18A8, 0x20C8, 0x2109, 0x2149, 0x1908, 0x10E7, 0x1906, 0x10A4, 0x0000, 0x0000, 0x0000,   // 0x2C60 (11360) pixels
0x0000, 0x0000, 0x0000, 0x0000, 0x0000, 0x0000, 0x0000, 0x0000, 0x0000, 0x0000, 0x0000, 0x0000, 0x0000, 0x0000, 0x0000, 0x0000,   // 0x2C70 (11376) pixels
0x0000, 0x0000, 0x08A1, 0x4447, 0x4468, 0x19C5, 0x0000, 0x0000, 0x0000, 0x0000, 0x0000, 0x0000, 0x0840, 0x0000, 0x0000, 0x0000,   // 0x2C80 (11392) pixels
0x0000, 0x0000, 0x0020, 0x0000, 0x0000, 0x0000, 0x0000, 0x0000, 0x0000, 0x0000, 0x0000, 0x0000, 0x0000, 0x0000, 0x0000, 0x0000,   // 0x2C90 (11408) pixels
0x0000, 0x0000, 0x0041, 0x0000, 0x1000, 0x0800, 0x0081, 0x2289, 0x1AAC, 0x32AD, 0x29EA, 0x0886, 0x1927, 0x2A8B, 0x22AB, 0x1ACB,   // 0x2CA0 (11424) pixels
0x2A8B, 0x332A, 0x2B68, 0x33AA, 0x3409, 0x33E7, 0x33E8, 0x338B, 0x230A, 0x1A8B, 0x1A2B, 0x21EB, 0x0063, 0x0000, 0x0000, 0x0000,   // 0x2CB0 (11440) pixels
0x0000, 0x0000, 0x0000, 0x0020, 0x0000, 0x0000, 0x0000, 0x0000, 0x0800, 0x0000, 0x0063, 0x1988, 0x2A2A, 0x2A6A, 0x230A, 0x238A,   // 0x2CC0 (11456) pixels
0x2BC8, 0x3C88, 0x44E6, 0x4505, 0x44C5, 0x3426, 0x2BA9, 0x338C, 0x230C, 0x22AB, 0x220B, 0x214A, 0x20C9, 0x20A9, 0x20A9, 0x18A9,   // 0x2CD0 (11472) pixels
0x18E7, 0x0864, 0x0002, 0x0001, 0x0001, 0x0000, 0x0000, 0x0020, 0x0020, 0x0020, 0x0000, 0x0000, 0x0000, 0x0000, 0x0000, 0x0000,   // 0x2CE0 (11488) pixels
0x0000, 0x0000, 0x0000, 0x0000, 0x0000, 0x0000, 0x0000, 0x0000, 0x0000, 0x0801, 0x08A2, 0x4C68, 0x44A9, 0x19E6, 0x0000, 0x0000,   // 0x2CF0 (11504) pixels
0x0020, 0x0000, 0x0000, 0x0000, 0x0000, 0x0000, 0x0001, 0x0001, 0x0000, 0x0000, 0x0000, 0x0000, 0x0000, 0x0020, 0x0000, 0x0000,   // 0x2D00 (11520) pixels
0x0000, 0x0000, 0x0000, 0x0000, 0x0000, 0x0000, 0x0000, 0x0000, 0x0000, 0x0000, 0x0000, 0x0000, 0x0000, 0x0000, 0x0020, 0x1082,   // 0x2D10 (11536) pixels
0x32AD, 0x228B, 0x228A, 0x21C9, 0x10A8, 0x18CA, 0x29EC, 0x22AC, 0x2A8D, 0x2AAC, 0x2AEA, 0x2B29, 0x2B49, 0x336A, 0x2B0A, 0x2AA9,   // 0x2D20 (11552) pixels
0x1A4B, 0x224B, 0x21E9, 0x08E4, 0x0021, 0x0000, 0x0020, 0x0000, 0x0000, 0x0000, 0x0000, 0x0000, 0x0000, 0x0020, 0x0000, 0x0000,   // 0x2D30 (11568) pixels
0x0000, 0x0000, 0x0021, 0x00A3, 0x1967, 0x2A0B, 0x228C, 0x22CD, 0x2B4B, 0x2B89, 0x3C29, 0x44A8, 0x3C67, 0x3C08, 0x33CA, 0x336A,   // 0x2D40 (11584) pixels
0x3389, 0x334B, 0x2A6B, 0x19AA, 0x218A, 0x21AA, 0x21A9, 0x21A9, 0x19E6, 0x1965, 0x0020, 0x0000, 0x0801, 0x0800, 0x0021, 0x0000,   // 0x2D50 (11600) pixels
0x0060, 0x19E3, 0x3346, 0x3B46, 0x21C2, 0x0000, 0x0000, 0x0000, 0x0000, 0x0000, 0x0000, 0x0000, 0x0000, 0x0000, 0x0000, 0x0000,   // 0x2D60 (11616) pixels
0x0800, 0x0020, 0x3B05, 0x5524, 0x4D85, 0x33C6, 0x1164, 0x0000, 0x0000, 0x0000, 0x0000, 0x0000, 0x0000, 0x0000, 0x0000, 0x0000,   // 0x2D70 (11632) pixels
0x0000, 0x0000, 0x0000, 0x0000, 0x0000, 0x0000, 0x0000, 0x0000, 0x0000, 0x0000, 0x0000, 0x0000, 0x0000, 0x0000, 0x0000, 0x0000,   // 0x2D80 (11648) pixels
0x0000, 0x0000, 0x0000, 0x0000, 0x0000, 0x0000, 0x0000, 0x0020, 0x222A, 0x2ACC, 0x2B0C, 0x2A8B, 0x21A9, 0x10E8, 0x08E8, 0x19AA,   // 0x2D90 (11664) pixels
0x1A4B, 0x22AC, 0x22EB, 0x1AEA, 0x1AEA, 0x1AEC, 0x1AAC, 0x124B, 0x2A4D, 0x21CB, 0x1107, 0x0043, 0x0001, 0x0000, 0x0000, 0x0000,   // 0x2DA0 (11680) pixels
0x0000, 0x0020, 0x0020, 0x0000, 0x0000, 0x0020, 0x0020, 0x0000, 0x0000, 0x0000, 0x0000, 0x0001, 0x08A4, 0x1988, 0x1A0A, 0x1A6C,   // 0x2DB0 (11696) pixels
0x22AA, 0x2309, 0x2BC8, 0x3447, 0x3C87, 0x3C67, 0x3C29, 0x3BE9, 0x2BA8, 0x2B89, 0x330B, 0x2A6B, 0x21EB, 0x21CB, 0x21CB, 0x21CA,   // 0x2DC0 (11712) pixels
0x226A, 0x2A4A, 0x2209, 0x19E7, 0x19A6, 0x1186, 0x19A7, 0x1168, 0x2266, 0x43CA, 0x54AC, 0x5CAC, 0x5BAA, 0x2102, 0x0800, 0x0000,   // 0x2DD0 (11728) pixels
0x0000, 0x0000, 0x0000, 0x0000, 0x0000, 0x0000, 0x0000, 0x0000, 0x0000, 0x1103, 0x4BE8, 0x7628, 0x6668, 0x4CA9, 0x32C9, 0x0862,   // 0x2DE0 (11744) pixels
0x0000, 0x0000, 0x0000, 0x0000, 0x0000, 0x0000, 0x0000, 0x0000, 0x0000, 0x0000, 0x0000, 0x0000, 0x0000, 0x0000, 0x0000, 0x0000,   // 0x2DF0 (11760) pixels
0x0000, 0x0000, 0x0000, 0x0000, 0x0000, 0x0000, 0x0000, 0x0000, 0x0000, 0x0000, 0x0000, 0x0000, 0x0000, 0x0000, 0x0000, 0x0000,   // 0x2E00 (11776) pixels
0x0925, 0x2A8A, 0x2B0C, 0x22CB, 0x32CB, 0x21E9, 0x08E7, 0x1109, 0x1168, 0x21CA, 0x2A4B, 0x226C, 0x226C, 0x228C, 0x224C, 0x120A,   // 0x2E10 (11792) pixels
0x214B, 0x18E9, 0x1087, 0x1866, 0x1844, 0x0802, 0x0000, 0x0000, 0x0000, 0x0000, 0x0001, 0x0001, 0x0001, 0x0000, 0x0000, 0x0000,   // 0x2E20 (11808) pixels
0x0020, 0x0000, 0x0020, 0x0000, 0x0001, 0x08A4, 0x1147, 0x222A, 0x1A2A, 0x22AA, 0x2348, 0x2BE7, 0x3CA8, 0x4508, 0x44C8, 0x3C67,   // 0x2E30 (11824) pixels
0x2BC9, 0x2B89, 0x336B, 0x330C, 0x226B, 0x1A0B, 0x222B, 0x224A, 0x220D, 0x222B, 0x22AB, 0x22CB, 0x22CC, 0x330E, 0x330D, 0x2ACB,   // 0x2E40 (11840) pixels
0x2B4A, 0x33EB, 0x23AA, 0x33CA, 0x5BCC, 0x2985, 0x0820, 0x0000, 0x0000, 0x0000, 0x0000, 0x0000, 0x0000, 0x0000, 0x0000, 0x0000,   // 0x2E50 (11856) pixels
0x0020, 0x1985, 0x4388, 0x4CE7, 0x34A5, 0x3409, 0x4B8C, 0x1944, 0x0000, 0x0000, 0x0000, 0x0000, 0x0000, 0x0000, 0x0000, 0x0000,   // 0x2E60 (11872) pixels
0x0000, 0x0000, 0x0000, 0x0000, 0x0000, 0x0000, 0x0000, 0x0000, 0x0000, 0x0000, 0x0000, 0x0000, 0x0000, 0x0000, 0x0000, 0x0000,   // 0x2E70 (11888) pixels
0x0000, 0x0000, 0x0000, 0x0000, 0x0000, 0x0000, 0x0000, 0x0000, 0x0000, 0x19C7, 0x22AA, 0x1ACA, 0x2B4A, 0x3B4B, 0x2A4B, 0x218B,   // 0x2E80 (11904) pixels
0x18A8, 0x10A8, 0x10A8, 0x18E9, 0x2109, 0x1908, 0x18E6, 0x18C5, 0x18A8, 0x1067, 0x1888, 0x20C9, 0x20E8, 0x10C6, 0x0884, 0x0883,   // 0x2E90 (11920) pixels
0x0000, 0x0000, 0x0000, 0x1002, 0x1001, 0x0800, 0x0800, 0x0800, 0x0020, 0x0000, 0x0000, 0x0000, 0x0000, 0x0001, 0x00A3, 0x1987,   // 0x2EA0 (11936) pixels
0x21CB, 0x2A6B, 0x22C9, 0x2368, 0x3449, 0x44C9, 0x3CA8, 0x3C67, 0x2BAC, 0x2B8A, 0x2B8A, 0x338B, 0x2B2B, 0x22EA, 0x2B2B, 0x338B,   // 0x2EB0 (11952) pixels
0x2A2B, 0x2A2B, 0x2A4B, 0x2A4B, 0x2A2B, 0x2A2A, 0x2A49, 0x2A89, 0x1A88, 0x230A, 0x1B09, 0x2B0A, 0x4B4C, 0x2145, 0x0000, 0x0000,   // 0x2EC0 (11968) pixels
0x0000, 0x0000, 0x0000, 0x0000, 0x0000, 0x0000, 0x0000, 0x0000, 0x0020, 0x1965, 0x432C, 0x43CB, 0x3389, 0x338C, 0x4B4C, 0x1944,   // 0x2ED0 (11984) pixels
0x0000, 0x0000, 0x0000, 0x0000, 0x0000, 0x0000, 0x0000, 0x0000, 0x0000, 0x0000, 0x0000, 0x0000, 0x0000, 0x0000, 0x0000, 0x0000,   // 0x2EE0 (12000) pixels
0x0000, 0x0000, 0x0000, 0x0000, 0x0000, 0x0000, 0x0000, 0x0000, 0x0000, 0x0000, 0x0000, 0x0000, 0x0000, 0x0000, 0x0000, 0x0000,   // 0x2EF0 (12016) pixels
0x0000, 0x10C4, 0x2229, 0x230A, 0x236A, 0x33CB, 0x3B8D, 0x32AC, 0x320B, 0x216A, 0x10C8, 0x1089, 0x1089, 0x1869, 0x1889, 0x20C9,   // 0x2F00 (12032) pixels
0x1889, 0x18C9, 0x190A, 0x194A, 0x198A, 0x19C9, 0x1A29, 0x2269, 0x1984, 0x08E2, 0x0040, 0x0000, 0x0000, 0x0000, 0x10E1, 0x29C4,   // 0x2F10 (12048) pixels
0x19A4, 0x0080, 0x0000, 0x0000, 0x0000, 0x0000, 0x0000, 0x0082, 0x1949, 0x21CA, 0x224A, 0x1AA9, 0x234A, 0x2BCA, 0x2BE9, 0x33E8,   // 0x2F20 (12064) pixels
0x2B6A, 0x33AA, 0x3C0A, 0x3C29, 0x3409, 0x2BC9, 0x33CB, 0x3C0D, 0x5C2A, 0x3AE9, 0x10E5, 0x0003, 0x1063, 0x0861, 0x0041, 0x0043,   // 0x2F30 (12080) pixels
0x00E4, 0x19C7, 0x32AB, 0x3A8A, 0x31E8, 0x0862, 0x0000, 0x0000, 0x0000, 0x0000, 0x0000, 0x0000, 0x0000, 0x0000, 0x0000, 0x0000,   // 0x2F40 (12096) pixels
0x0000, 0x0882, 0x424A, 0x4B0C, 0x4B6D, 0x430C, 0x29A6, 0x0020, 0x0000, 0x0000, 0x0000, 0x0000, 0x0000, 0x0000, 0x0000, 0x0000,   // 0x2F50 (12112) pixels
0x0000, 0x0000, 0x0000, 0x0000, 0x0000, 0x0000, 0x0000, 0x0000, 0x0000, 0x0000, 0x0000, 0x0000, 0x0000, 0x0000, 0x0000, 0x0000,   // 0x2F60 (12128) pixels
0x0000, 0x0000, 0x0000, 0x0000, 0x0000, 0x0000, 0x0000, 0x0000, 0x0000, 0x0000, 0x1925, 0x32AA, 0x2B4B, 0x2BCB, 0x3BEB, 0x33AA,   // 0x2F70 (12144) pixels
0x33CA, 0x2B4A, 0x2289, 0x19E9, 0x1189, 0x114B, 0x112C, 0x112D, 0x194B, 0x21AC, 0x220C, 0x224B, 0x228A, 0x22EA, 0x2B4A, 0x33AA,   // 0x2F80 (12160) pixels
0x3BAB, 0x336A, 0x22A7, 0x09E4, 0x01A3, 0x1245, 0x3389, 0x4C6B, 0x4BCC, 0x2A47, 0x0881, 0x0000, 0x0801, 0x0000, 0x0000, 0x0000,   // 0x2F90 (12176) pixels
0x0044, 0x1907, 0x21CA, 0x222B, 0x228B, 0x22EA, 0x2B2A, 0x2B6A, 0x2B87, 0x3C09, 0x4468, 0x44A7, 0x44A6, 0x3446, 0x2BA9, 0x2B6C,   // 0x2FA0 (12192) pixels
0x5489, 0x5C49, 0x2A63, 0x0060, 0x0000, 0x0001, 0x0002, 0x0002, 0x0001, 0x0822, 0x18E4, 0x10A3, 0x0021, 0x0000, 0x0000, 0x0020,   // 0x2FB0 (12208) pixels
0x0000, 0x0000, 0x0000, 0x0000, 0x0000, 0x0000, 0x0000, 0x0000, 0x0000, 0x0000, 0x1081, 0x2103, 0x2185, 0x1103, 0x0000, 0x0000,   // 0x2FC0 (12224) pixels
0x0000, 0x0000, 0x0000, 0x0000, 0x0000, 0x0000, 0x0000, 0x0000, 0x0000, 0x0000, 0x0000, 0x0000, 0x0000, 0x0000, 0x0000, 0x0000,   // 0x2FD0 (12240) pixels
0x0000, 0x0000, 0x0000, 0x0000, 0x0000, 0x0000, 0x0000, 0x0000, 0x0000, 0x0000, 0x0000, 0x0000, 0x0000, 0x0000, 0x0000, 0x0000,   // 0x2FE0 (12256) pixels
0x0020, 0x0000, 0x0001, 0x1946, 0x2AAA, 0x2B8A, 0x3409, 0x3C68, 0x4528, 0x44E7, 0x44A7, 0x4C88, 0x4C49, 0x43E9, 0x3349, 0x2B09,   // 0x2FF0 (12272) pixels
0x332A, 0x332A, 0x2B4A, 0x2B6A, 0x2B6A, 0x2B6A, 0x336A, 0x336A, 0x2B6A, 0x33AC, 0x3BCC, 0x3BAC, 0x3BAB, 0x33EB, 0x2C2A, 0x2C2A,   // 0x3000 (12288) pixels
0x3BEC, 0x330A, 0x08E3, 0x0000, 0x0000, 0x0000, 0x0000, 0x0020, 0x0000, 0x0042, 0x18E6, 0x2169, 0x21CA, 0x2A4B, 0x2ACB, 0x2B2B,   // 0x3010 (12304) pixels
0x2B88, 0x3C09, 0x4488, 0x4D05, 0x5D83, 0x5D64, 0x4C48, 0x332A, 0x2AE9, 0x548B, 0x6509, 0x3B83, 0x09A0, 0x0060, 0x0000, 0x0000,   // 0x3020 (12320) pixels
0x0000, 0x0000, 0x0000, 0x0000, 0x0000, 0x0000, 0x0020, 0x0000, 0x0000, 0x0000, 0x0000, 0x0000, 0x0000, 0x0000, 0x0000, 0x0000,   // 0x3030 (12336) pixels
0x0041, 0x0000, 0x0800, 0x0000, 0x0020, 0x0020, 0x0000, 0x0801, 0x0000, 0x0000, 0x0000, 0x0000, 0x0000, 0x0000, 0x0000, 0x0000,   // 0x3040 (12352) pixels
0x0000, 0x0000, 0x0000, 0x0000, 0x0000, 0x0000, 0x0000, 0x0000, 0x0000, 0x0000, 0x0000, 0x0000, 0x0000, 0x0000, 0x0000, 0x0000,   // 0x3050 (12368) pixels
0x0000, 0x0000, 0x0000, 0x0000, 0x0000, 0x0000, 0x0000, 0x0000, 0x0020, 0x0020, 0x0000, 0x0002, 0x19C8, 0x232A, 0x2C07, 0x4D06,   // 0x3060 (12384) pixels
0x4D25, 0x4D03, 0x6563, 0x8665, 0x9EE6, 0x96A6, 0x8625, 0x75E4, 0x4487, 0x4446, 0x3C47, 0x3C69, 0x442A, 0x3B8B, 0x2ACA, 0x224A,   // 0x3070 (12400) pixels
0x2ACA, 0x2AAA, 0x328A, 0x32CB, 0x3B0B, 0x336A, 0x2369, 0x1B68, 0x1B4A, 0x2B0A, 0x0924, 0x0000, 0x0000, 0x0000, 0x0000, 0x0000,   // 0x3080 (12416) pixels
0x0040, 0x0000, 0x0001, 0x0824, 0x10C7, 0x29C9, 0x32CB, 0x3B2B, 0x2B8A, 0x2BAA, 0x3C49, 0x5545, 0x7682, 0x8EE5, 0x7DA8, 0x53C9,   // 0x3090 (12432) pixels
0x2A8D, 0x22AB, 0x33C9, 0x4CC7, 0x6546, 0x5404, 0x1941, 0x0801, 0x0000, 0x0020, 0x0020, 0x0000, 0x0820, 0x0000, 0x0000, 0x0000,   // 0x30A0 (12448) pixels
0x0000, 0x0000, 0x0000, 0x0000, 0x0000, 0x0000, 0x0000, 0x0000, 0x0020, 0x0020, 0x0800, 0x0001, 0x0002, 0x0000, 0x0840, 0x0000,   // 0x30B0 (12464) pixels
0x0000, 0x0000, 0x0000, 0x0000, 0x0000, 0x0000, 0x0000, 0x0000, 0x0000, 0x0000, 0x0000, 0x0000, 0x0000, 0x0000, 0x0000, 0x0000,   // 0x30C0 (12480) pixels
0x0000, 0x0000, 0x0000, 0x0000, 0x0000, 0x0000, 0x0000, 0x0000, 0x0000, 0x0000, 0x0000, 0x0000, 0x0000, 0x0000, 0x0000, 0x0000,   // 0x30D0 (12496) pixels
0x0000, 0x0000, 0x0000, 0x0000, 0x08A2, 0x19E6, 0x332B, 0x43ED, 0x4CE6, 0x4D05, 0x5D65, 0x7E04, 0xAEC5, 0xBF25, 0x9EE4, 0x8683,   // 0x30E0 (12512) pixels
0x5523, 0x44C5, 0x3CA6, 0x3C46, 0x53E9, 0x4AA9, 0x1883, 0x0800, 0x0862, 0x0841, 0x0841, 0x2104, 0x2145, 0x29E8, 0x3ACC, 0x3AED,   // 0x30F0 (12528) pixels
0x4B6C, 0x3248, 0x08E3, 0x0000, 0x0000, 0x0000, 0x0000, 0x0000, 0x0000, 0x0000, 0x0000, 0x0000, 0x0000, 0x18A3, 0x4A49, 0x8410,   // 0x3100 (12544) pixels
0x942F, 0x63C9, 0x3C07, 0x44A9, 0x6584, 0x9F02, 0x9E45, 0x42E4, 0x0082, 0x1905, 0x1947, 0x326B, 0x43AD, 0x4C8C, 0x54AA, 0x3386,   // 0x3110 (12560) pixels
0x19C4, 0x0122, 0x1184, 0x0902, 0x0000, 0x0000, 0x0000, 0x0000, 0x0000, 0x0000, 0x0000, 0x0000, 0x0000, 0x0000, 0x0000, 0x0000,   // 0x3120 (12576) pixels
0x0000, 0x0000, 0x0000, 0x0000, 0x0000, 0x0000, 0x0000, 0x0000, 0x0000, 0x0000, 0x0000, 0x0000, 0x0000, 0x0000, 0x0000, 0x0000,   // 0x3130 (12592) pixels
0x0000, 0x0000, 0x0000, 0x0000, 0x0000, 0x0000, 0x0000, 0x0000, 0x0000, 0x0000, 0x0000, 0x0000, 0x0000, 0x0000, 0x0000, 0x0000,   // 0x3140 (12608) pixels
0x0000, 0x0000, 0x0000, 0x0000, 0x0000, 0x0000, 0x0000, 0x0000, 0x0000, 0x0000, 0x0000, 0x0000, 0x0020, 0x00E3, 0x2227, 0x332B,   // 0x3150 (12624) pixels
0x3C48, 0x44E8, 0x4D26, 0x5D85, 0x7DC5, 0x85A5, 0x8586, 0x7567, 0x5CC8, 0x4426, 0x3C46, 0x3CA6, 0x44A7, 0x3346, 0x08C1, 0x0000,   // 0x3160 (12640) pixels
0x0000, 0x0000, 0x0000, 0x0020, 0x0000, 0x0041, 0x1946, 0x322A, 0x21C6, 0x1124, 0x0041, 0x0000, 0x0000, 0x0000, 0x0000, 0x0000,   // 0x3170 (12656) pixels
0x0000, 0x0000, 0x0000, 0x0000, 0x0000, 0x0000, 0x0841, 0x2104, 0x4A08, 0x842D, 0x84CE, 0x5C4A, 0x4CC4, 0x6E01, 0x75C3, 0x4BE4,   // 0x3180 (12672) pixels
0x0061, 0x0000, 0x0001, 0x08A3, 0x1165, 0x2A88, 0x438A, 0x4BCA, 0x4C28, 0x54AA, 0x4C49, 0x4BA9, 0x2A05, 0x0020, 0x0000, 0x0000,   // 0x3190 (12688) pixels
0x0000, 0x0000, 0x0000, 0x0000, 0x0000, 0x0000, 0x0000, 0x0000, 0x0000, 0x0000, 0x0000, 0x0000, 0x0000, 0x0000, 0x0000, 0x0000,   // 0x31A0 (12704) pixels
0x0000, 0x0000, 0x0000, 0x0000, 0x0000, 0x0000, 0x0000, 0x0000, 0x0000, 0x0000, 0x0000, 0x0000, 0x0000, 0x0000, 0x0000, 0x0000,   // 0x31B0 (12720) pixels
0x0000, 0x0000, 0x0000, 0x0000, 0x0000, 0x0000, 0x0000, 0x0000, 0x0000, 0x0000, 0x0000, 0x0000, 0x0000, 0x0000, 0x0000, 0x0000,   // 0x31C0 (12736) pixels
0x0000, 0x0000, 0x0000, 0x0000, 0x0000, 0x0020, 0x00E2, 0x19E6, 0x1AC9, 0x342A, 0x3CC7, 0x4505, 0x5CE6, 0x6488, 0x63E9, 0x6BCB,   // 0x31D0 (12752) pixels
0x63CC, 0x640B, 0x64AC, 0x4CC9, 0x3CE6, 0x3C85, 0x1A62, 0x0040, 0x0800, 0x0000, 0x0020, 0x0000, 0x0000, 0x0000, 0x0021, 0x0000,   // 0x31E0 (12768) pixels
0x0041, 0x0000, 0x0000, 0x0000, 0x0000, 0x0000, 0x0000, 0x0000, 0x0000, 0x0000, 0x0000, 0x0000, 0x0000, 0x0000, 0x0000, 0x0000,   // 0x31F0 (12784) pixels
0x0800, 0x3123, 0x5A68, 0x636B, 0x4407, 0x4D04, 0x65E5, 0x65A6, 0x42E6, 0x0040, 0x0000, 0x0801, 0x0000, 0x0883, 0x2187, 0x3AAA,   // 0x3200 (12800) pixels
0x3405, 0x554B, 0x3C68, 0x4C6A, 0x4349, 0x0880, 0x0000, 0x0000, 0x0000, 0x0000, 0x0000, 0x0000, 0x0000, 0x0000, 0x0000, 0x0000,   // 0x3210 (12816) pixels
0x0000, 0x0000, 0x0000, 0x0000, 0x0000, 0x0000, 0x0000, 0x0000, 0x0000, 0x0000, 0x0000, 0x0000, 0x0000, 0x0000, 0x0000, 0x0000,   // 0x3220 (12832) pixels
0x0000, 0x0000, 0x0000, 0x0000, 0x0000, 0x0000, 0x0000, 0x0000, 0x0000, 0x0000, 0x0000, 0x0000, 0x0000, 0x0000, 0x0000, 0x0000,   // 0x3230 (12848) pixels
0x0000, 0x0000, 0x0000, 0x0000, 0x0000, 0x0000, 0x0000, 0x0000, 0x0020, 0x0000, 0x0000, 0x0800, 0x0000, 0x0000, 0x0020, 0x0082,   // 0x3240 (12864) pixels
0x224A, 0x3B8A, 0x4488, 0x3CA5, 0x54C8, 0x5BE9, 0x2945, 0x2885, 0x18A5, 0x1923, 0x3AA7, 0x542A, 0x5D2B, 0x6D89, 0x5466, 0x32C4,   // 0x3250 (12880) pixels
0x08A0, 0x0000, 0x0000, 0x0000, 0x0000, 0x0000, 0x0000, 0x0000, 0x0000, 0x0000, 0x0000, 0x0000, 0x0000, 0x0000, 0x0000, 0x0000,   // 0x3260 (12896) pixels
0x0000, 0x0000, 0x0000, 0x0000, 0x0000, 0x0000, 0x0000, 0x0020, 0x0000, 0x0800, 0x1000, 0x2905, 0x42C9, 0x43E9, 0x4CE6, 0x5DC5,   // 0x3270 (12912) pixels
0x7567, 0x19C0, 0x0000, 0x0801, 0x0800, 0x0000, 0x0021, 0x10E5, 0x22C7, 0x442C, 0x2B89, 0x3BCB, 0x4309, 0x0080, 0x0000, 0x0000,   // 0x3280 (12928) pixels
0x0000, 0x0000, 0x0000, 0x0000, 0x0000, 0x0000, 0x0000, 0x0000, 0x0000, 0x0000, 0x0000, 0x0000, 0x0000, 0x0000, 0x0000, 0x0000,   // 0x3290 (12944) pixels
0x0000, 0x0000, 0x0000, 0x0000, 0x0000, 0x0000, 0x0000, 0x0000, 0x0000, 0x0000, 0x0000, 0x0000, 0x0000, 0x0000, 0x0000, 0x0000,   // 0x32A0 (12960) pixels
0x0000, 0x0000, 0x0000, 0x0000, 0x0000, 0x0000, 0x0000, 0x0000, 0x0000, 0x0000, 0x0000, 0x0000, 0x0000, 0x0000, 0x0000, 0x0000,   // 0x32B0 (12976) pixels
0x0000, 0x0000, 0x0000, 0x0000, 0x0800, 0x0000, 0x0000, 0x0000, 0x1105, 0x2AA7, 0x54C9, 0x4D07, 0x5527, 0x53E8, 0x0820, 0x1802,   // 0x32C0 (12992) pixels
0x0802, 0x0000, 0x0040, 0x1924, 0x4288, 0x6C4A, 0x7D29, 0x64E6, 0x3B28, 0x0101, 0x0020, 0x0000, 0x0800, 0x0800, 0x0000, 0x0020,   // 0x32D0 (13008) pixels
0x0800, 0x0800, 0x0000, 0x0000, 0x0000, 0x0000, 0x0000, 0x0000, 0x0000, 0x0000, 0x0020, 0x0000, 0x0000, 0x0000, 0x0000, 0x0000,   // 0x32E0 (13024) pixels
0x0020, 0x0020, 0x0000, 0x0001, 0x1863, 0x4A8A, 0x5C6A, 0x5526, 0x6E04, 0x43E3, 0x00E0, 0x0000, 0x0800, 0x0000, 0x0000, 0x0020,   // 0x32F0 (13040) pixels
0x2146, 0x326A, 0x2A8A, 0x2A89, 0x1985, 0x0000, 0x0000, 0x0020, 0x0000, 0x0000, 0x0000, 0x0000, 0x0000, 0x0000, 0x0000, 0x0000,   // 0x3300 (13056) pixels
0x0000, 0x0000, 0x0000, 0x0000, 0x0000, 0x0000, 0x0000, 0x0000, 0x0000, 0x0000, 0x0000, 0x0000, 0x0000, 0x0000, 0x0000, 0x0000,   // 0x3310 (13072) pixels
0x0000, 0x0000, 0x0000, 0x0000, 0x0000, 0x0000, 0x0000, 0x0000, 0x0000, 0x0000, 0x0000, 0x0000, 0x0000, 0x0000, 0x0000, 0x0000,   // 0x3320 (13088) pixels
0x0000, 0x0000, 0x0000, 0x0000, 0x0000, 0x0000, 0x0000, 0x0000, 0x0000, 0x0000, 0x0000, 0x0000, 0x0000, 0x0000, 0x0000, 0x0000,   // 0x3330 (13104) pixels
0x0020, 0x19A3, 0x4C49, 0x5548, 0x4D46, 0x4C86, 0x08E0, 0x1001, 0x0001, 0x0000, 0x0000, 0x0001, 0x1003, 0x41E7, 0x6C29, 0x7D69,   // 0x3340 (13120) pixels
0x4C8B, 0x3348, 0x1182, 0x0000, 0x0000, 0x0820, 0x0000, 0x0020, 0x0000, 0x0000, 0x0000, 0x0000, 0x0000, 0x0000, 0x0000, 0x0000,   // 0x3350 (13136) pixels
0x0000, 0x0000, 0x0000, 0x0000, 0x0000, 0x0000, 0x0000, 0x0000, 0x0000, 0x0020, 0x0061, 0x0001, 0x0801, 0x28A5, 0x5B6B, 0x6D0D,   // 0x3360 (13152) pixels
0x65A6, 0x7E49, 0x3342, 0x0040, 0x0002, 0x0001, 0x0040, 0x0040, 0x0800, 0x0020, 0x08A2, 0x00A2, 0x0020, 0x0000, 0x0000, 0x0041,   // 0x3370 (13168) pixels
0x0000, 0x0000, 0x0000, 0x0000, 0x0000, 0x0000, 0x0000, 0x0000, 0x0000, 0x0000, 0x0000, 0x0000, 0x0000, 0x0000, 0x0000, 0x0000,   // 0x3380 (13184) pixels
0x0000, 0x0000, 0x0000, 0x0000, 0x0000, 0x0000, 0x0000, 0x0000, 0x0000, 0x0000, 0x0000, 0x0000, 0x0000, 0x0000, 0x0000, 0x0000,   // 0x3390 (13200) pixels
0x0000, 0x0000, 0x0000, 0x0000, 0x0000, 0x0000, 0x0000, 0x0000, 0x0000, 0x0000, 0x0000, 0x0000, 0x0000, 0x0000, 0x0000, 0x0000,   // 0x33A0 (13216) pixels
0x0000, 0x0000, 0x0000, 0x0000, 0x0000, 0x0000, 0x0000, 0x0000, 0x0000, 0x0041, 0x2205, 0x4448, 0x4525, 0x5526, 0x2222, 0x0000,   // 0x33B0 (13232) pixels
0x0000, 0x0000, 0x0000, 0x0001, 0x0001, 0x0001, 0x29A4, 0x63C9, 0x3C49, 0x54EC, 0x3BC9, 0x11C2, 0x00C0, 0x0040, 0x0000, 0x0000,   // 0x33C0 (13248) pixels
0x0000, 0x0000, 0x0000, 0x0000, 0x0020, 0x0000, 0x0000, 0x0000, 0x0020, 0x0000, 0x0000, 0x0000, 0x0000, 0x0000, 0x0000, 0x0000,   // 0x33D0 (13264) pixels
0x0020, 0x0000, 0x0000, 0x0001, 0x0000, 0x0000, 0x10C3, 0x5B2D, 0x548A, 0x7E0A, 0x5485, 0x0141, 0x0002, 0x0001, 0x0020, 0x0020,   // 0x33E0 (13280) pixels
0x0800, 0x0000, 0x0000, 0x0000, 0x0000, 0x0801, 0x0000, 0x0000, 0x0000, 0x0000, 0x0000, 0x0000, 0x0000, 0x0000, 0x0000, 0x0000,   // 0x33F0 (13296) pixels
0x0000, 0x0000, 0x0000, 0x0000, 0x0000, 0x0000, 0x0000, 0x0000, 0x0000, 0x0000, 0x0000, 0x0000, 0x0000, 0x0000, 0x0000, 0x0000,   // 0x3400 (13312) pixels
0x0000, 0x0000, 0x0000, 0x0000, 0x0000, 0x0000, 0x0000, 0x0000, 0x0000, 0x0000, 0x0000, 0x0000, 0x0000, 0x0000, 0x0000, 0x0000,   // 0x3410 (13328) pixels
0x0000, 0x0000, 0x0000, 0x0000, 0x0000, 0x0000, 0x0000, 0x0000, 0x0000, 0x0000, 0x0000, 0x0000, 0x0020, 0x0000, 0x0000, 0x0000,   // 0x3420 (13344) pixels
0x1001, 0x0002, 0x10C5, 0x4BC9, 0x4CC5, 0x5D05, 0x4304, 0x0000, 0x0040, 0x0021, 0x0001, 0x0000, 0x0060, 0x0021, 0x0002, 0x18A4,   // 0x3430 (13360) pixels
0x23A6, 0x3C29, 0x3C69, 0x4CAB, 0x542B, 0x2A26, 0x0882, 0x0000, 0x0000, 0x0000, 0x0000, 0x0020, 0x0020, 0x0000, 0x0000, 0x0000,   // 0x3440 (13376) pixels
0x0020, 0x0000, 0x0000, 0x0020, 0x0000, 0x0000, 0x0000, 0x0000, 0x0000, 0x0800, 0x0800, 0x0000, 0x0020, 0x0040, 0x0000, 0x1847,   // 0x3450 (13392) pixels
0x438B, 0x4C66, 0x54A6, 0x2245, 0x0022, 0x0000, 0x0000, 0x0802, 0x0001, 0x0001, 0x0000, 0x0000, 0x0800, 0x0800, 0x0000, 0x0020,   // 0x3460 (13408) pixels
0x0000, 0x0000, 0x0000, 0x0000, 0x0000, 0x0000, 0x0000, 0x0000, 0x0000, 0x0000, 0x0000, 0x0000, 0x0000, 0x0000, 0x0000, 0x0000,   // 0x3470 (13424) pixels
0x0000, 0x0000, 0x0000, 0x0000, 0x0000, 0x0000, 0x0000, 0x0000, 0x0000, 0x0000, 0x0000, 0x0000, 0x0000, 0x0000, 0x0000, 0x0000,   // 0x3480 (13440) pixels
0x0000, 0x0000, 0x0000, 0x0000, 0x0000, 0x0000, 0x0000, 0x0000, 0x0000, 0x0000, 0x0000, 0x0000, 0x0000, 0x0000, 0x0000, 0x0000,   // 0x3490 (13456) pixels
0x0000, 0x0000, 0x0000, 0x0000, 0x0000, 0x0000, 0x0000, 0x0000, 0x0020, 0x0020, 0x0042, 0x3A69, 0x5C89, 0x5D46, 0x32C2, 0x0001,   // 0x34A0 (13472) pixels
0x0000, 0x0000, 0x0000, 0x0000, 0x0000, 0x0000, 0x0000, 0x0000, 0x1125, 0x4388, 0x6527, 0x6DE8, 0x4CC7, 0x3B48, 0x3228, 0x0001,   // 0x34B0 (13488) pixels
0x0000, 0x0000, 0x0000, 0x0000, 0x0000, 0x0000, 0x0000, 0x0000, 0x0000, 0x0000, 0x0000, 0x0000, 0x0000, 0x0000, 0x0000, 0x0000,   // 0x34C0 (13504) pixels
0x0000, 0x0000, 0x0000, 0x0000, 0x0000, 0x0000, 0x0000, 0x0000, 0x10E5, 0x4BAA, 0x4C68, 0x3BC5, 0x0961, 0x0000, 0x0801, 0x0000,   // 0x34D0 (13520) pixels
0x0000, 0x0000, 0x0000, 0x0000, 0x0000, 0x0000, 0x0000, 0x0000, 0x0000, 0x0000, 0x0000, 0x0000, 0x0000, 0x0000, 0x0000, 0x0000,   // 0x34E0 (13536) pixels
0x0000, 0x0000, 0x0000, 0x0000, 0x0000, 0x0000, 0x0000, 0x0000, 0x0000, 0x0000, 0x0000, 0x0000, 0x0000, 0x0000, 0x0000, 0x0000,   // 0x34F0 (13552) pixels
0x0000, 0x0000, 0x0000, 0x0000, 0x0000, 0x0000, 0x0000, 0x0000, 0x0000, 0x0000, 0x0000, 0x0000, 0x0000, 0x0000, 0x0000, 0x0000,   // 0x3500 (13568) pixels
0x0000, 0x0000, 0x0000, 0x0000, 0x0000, 0x0000, 0x0000, 0x0000, 0x0000, 0x0000, 0x0000, 0x0000, 0x0000, 0x0000, 0x0000, 0x0000,   // 0x3510 (13584) pixels
0x0000, 0x0000, 0x0002, 0x1945, 0x5408, 0x5D27, 0x3304, 0x0001, 0x0000, 0x0000, 0x0000, 0x0000, 0x0000, 0x0000, 0x0000, 0x0000,   // 0x3520 (13600) pixels
0x0082, 0x4369, 0x3C47, 0x3CC7, 0x2C29, 0x338B, 0x42EB, 0x0000, 0x0000, 0x0000, 0x0000, 0x0000, 0x0000, 0x0000, 0x0000, 0x0000,   // 0x3530 (13616) pixels
0x0000, 0x0000, 0x0000, 0x0000, 0x0000, 0x0000, 0x0000, 0x0000, 0x0000, 0x0000, 0x0000, 0x0000, 0x0000, 0x0000, 0x0000, 0x0000,   // 0x3540 (13632) pixels
0x0043, 0x2AA6, 0x54E8, 0x6DCB, 0x5429, 0x29E5, 0x0821, 0x0000, 0x0000, 0x0000, 0x0000, 0x0000, 0x0000, 0x0000, 0x0000, 0x0000,   // 0x3550 (13648) pixels
0x0000, 0x0000, 0x0000, 0x0000, 0x0000, 0x0000, 0x0000, 0x0000, 0x0000, 0x0000, 0x0000, 0x0000, 0x0000, 0x0000, 0x0000, 0x0000,   // 0x3560 (13664) pixels
0x0000, 0x0000, 0x0000, 0x0000, 0x0000, 0x0000, 0x0000, 0x0000, 0x0000, 0x0000, 0x0000, 0x0000, 0x0000, 0x0000, 0x0000, 0x0000,   // 0x3570 (13680) pixels
0x0000, 0x0000, 0x0000, 0x0000, 0x0000, 0x0000, 0x0000, 0x0000, 0x0000, 0x0000, 0x0000, 0x0000, 0x0000, 0x0000, 0x0000, 0x0000,   // 0x3580 (13696) pixels
0x0000, 0x0000, 0x0000, 0x0000, 0x0000, 0x0000, 0x0000, 0x0000, 0x0000, 0x0000, 0x0002, 0x0041, 0x4387, 0x5507, 0x3365, 0x0061,   // 0x3590 (13712) pixels
0x0000, 0x0000, 0x0000, 0x0000, 0x0000, 0x0000, 0x0000, 0x0000, 0x0862, 0x4309, 0x33A9, 0x1B89, 0x1B6B, 0x332C, 0x42AA, 0x0820,   // 0x35A0 (13728) pixels
0x0000, 0x0000, 0x0000, 0x0000, 0x0000, 0x0000, 0x0000, 0x0000, 0x0000, 0x0000, 0x0000, 0x0000, 0x0000, 0x0000, 0x0000, 0x0000,   // 0x35B0 (13744) pixels
0x0000, 0x0000, 0x0000, 0x0000, 0x0000, 0x0000, 0x0000, 0x0000, 0x0083, 0x3328, 0x4D08, 0x4D88, 0x4C88, 0x4369, 0x29C6, 0x0021,   // 0x35C0 (13760) pixels
0x0000, 0x0000, 0x0000, 0x0000, 0x0000, 0x0000, 0x0000, 0x0000, 0x0000, 0x0000, 0x0000, 0x0000, 0x0000, 0x0000, 0x0000, 0x0000,   // 0x35D0 (13776) pixels
0x0000, 0x0000, 0x0000, 0x0000, 0x0000, 0x0000, 0x0000, 0x0000, 0x0000, 0x0000, 0x0000, 0x0000, 0x0000, 0x0000, 0x0000, 0x0000,   // 0x35E0 (13792) pixels
0x0000, 0x0000, 0x0000, 0x0000, 0x0000, 0x0000, 0x0000, 0x0000, 0x0000, 0x0000, 0x0000, 0x0000, 0x0000, 0x0000, 0x0000, 0x0000,   // 0x35F0 (13808) pixels
0x0000, 0x0000, 0x0000, 0x0000, 0x0000, 0x0000, 0x0000, 0x0000, 0x0000, 0x0000, 0x0000, 0x0000, 0x0000, 0x0000, 0x0000, 0x0000,   // 0x3600 (13824) pixels
0x0000, 0x0000, 0x0001, 0x0000, 0x3B05, 0x5D68, 0x4CC8, 0x2A86, 0x08A2, 0x0000, 0x0000, 0x0000, 0x0000, 0x0000, 0x0000, 0x0000,   // 0x3610 (13840) pixels
0x0822, 0x31C7, 0x534C, 0x53AD, 0x4B6E, 0x428B, 0x2104, 0x0800, 0x0000, 0x0000, 0x0000, 0x0000, 0x0000, 0x0000, 0x0000, 0x0000,   // 0x3620 (13856) pixels
0x0000, 0x0000, 0x0000, 0x0000, 0x0000, 0x0000, 0x0000, 0x0000, 0x0000, 0x0000, 0x0000, 0x0000, 0x0000, 0x0000, 0x0000, 0x0000,   // 0x3630 (13872) pixels
0x0925, 0x3369, 0x2C27, 0x2C87, 0x23C7, 0x3349, 0x3AC9, 0x0041, 0x0000, 0x0000, 0x0000, 0x0000, 0x0000, 0x0000, 0x0000, 0x0000,   // 0x3640 (13888) pixels
0x0000, 0x0000, 0x0000, 0x0000, 0x0000, 0x0000, 0x0000, 0x0000, 0x0000, 0x0000, 0x0000, 0x0000, 0x0000, 0x0000, 0x0000, 0x0000,   // 0x3650 (13904) pixels
0x0000, 0x0000, 0x0000, 0x0000, 0x0000, 0x0000, 0x0000, 0x0000, 0x0000, 0x0000, 0x0000, 0x0000, 0x0000, 0x0000, 0x0000, 0x0000,   // 0x3660 (13920) pixels
0x0000, 0x0000, 0x0000, 0x0000, 0x0000, 0x0000, 0x0000, 0x0000, 0x0000, 0x0000, 0x0000, 0x0000, 0x0000, 0x0000, 0x0000, 0x0000,   // 0x3670 (13936) pixels
0x0000, 0x0000, 0x0000, 0x0000, 0x0000, 0x0000, 0x0000, 0x0000, 0x0000, 0x0000, 0x0000, 0x2124, 0x4387, 0x65A9, 0x5548, 0x43E9,   // 0x3680 (13952) pixels
0x31E7, 0x0861, 0x0000, 0x0000, 0x0000, 0x0000, 0x0000, 0x0000, 0x0001, 0x1062, 0x39A6, 0x4A48, 0x4A28, 0x2905, 0x0000, 0x0000,   // 0x3690 (13968) pixels
0x0000, 0x0000, 0x0000, 0x0000, 0x0000, 0x0000, 0x0000, 0x0000, 0x0000, 0x0000, 0x0000, 0x0000, 0x0000, 0x0000, 0x0000, 0x0000,   // 0x36A0 (13984) pixels
0x0000, 0x0000, 0x0000, 0x0000, 0x0000, 0x0000, 0x0000, 0x0000, 0x10E3, 0x3AE9, 0x2B49, 0x2B8A, 0x22E9, 0x3B0B, 0x42AA, 0x0040,   // 0x36B0 (14000) pixels
0x0000, 0x0000, 0x0000, 0x0000, 0x0000, 0x0000, 0x0000, 0x0000, 0x0000, 0x0000, 0x0000, 0x0000, 0x0000, 0x0000, 0x0000, 0x0000,   // 0x36C0 (14016) pixels
0x0000, 0x0000, 0x0000, 0x0000, 0x0000, 0x0000, 0x0000, 0x0000, 0x0000, 0x0000, 0x0000, 0x0000, 0x0000, 0x0000, 0x0000, 0x0000,   // 0x36D0 (14032) pixels
0x0000, 0x0000, 0x0000, 0x0000, 0x0000, 0x0000, 0x0000, 0x0000, 0x0000, 0x0000, 0x0000, 0x0000, 0x0000, 0x0000, 0x0000, 0x0000,   // 0x36E0 (14048) pixels
0x0000, 0x0000, 0x0000, 0x0000, 0x0000, 0x0000, 0x0000, 0x0000, 0x0000, 0x0000, 0x0000, 0x0000, 0x0000, 0x0000, 0x0000, 0x0000,   // 0x36F0 (14064) pixels
0x0000, 0x0000, 0x0821, 0x4A49, 0x53EA, 0x44C7, 0x3426, 0x3348, 0x5B0C, 0x10E3, 0x0000, 0x0000, 0x0000, 0x0000, 0x0000, 0x0020,   // 0x3700 (14080) pixels
0x0000, 0x0000, 0x0000, 0x1000, 0x1020, 0x0000, 0x0000, 0x0020, 0x0000, 0x0000, 0x0000, 0x0000, 0x0000, 0x0000, 0x0000, 0x0000,   // 0x3710 (14096) pixels
0x0000, 0x0000, 0x0000, 0x0000, 0x0000, 0x0000, 0x0000, 0x0000, 0x0000, 0x0000, 0x0000, 0x0000, 0x0000, 0x0000, 0x0000, 0x0000,   // 0x3720 (14112) pixels
0x0820, 0x31C7, 0x4ACC, 0x4AED, 0x42AC, 0x52AC, 0x2945, 0x0000, 0x0000, 0x0000, 0x0000, 0x0000, 0x0000, 0x0000, 0x0000, 0x0000,   // 0x3730 (14128) pixels
0x0000, 0x0000, 0x0000, 0x0000, 0x0000, 0x0000, 0x0000, 0x0000, 0x0000, 0x0000, 0x0000, 0x0000, 0x0000, 0x0000, 0x0000, 0x0000,   // 0x3740 (14144) pixels
0x0000, 0x0000, 0x0000, 0x0000, 0x0000, 0x0000, 0x0000, 0x0000, 0x0000, 0x0000, 0x0000, 0x0000, 0x0000, 0x0000, 0x0000, 0x0000,   // 0x3750 (14160) pixels
0x0000, 0x0000, 0x0000, 0x0000, 0x0000, 0x0000, 0x0000, 0x0000, 0x0000, 0x0000, 0x0000, 0x0000, 0x0000, 0x0000, 0x0000, 0x0000,   // 0x3760 (14176) pixels
0x0000, 0x0000, 0x0000, 0x0000, 0x0000, 0x0000, 0x0000, 0x0000, 0x0000, 0x0000, 0x0000, 0x3A09, 0x438C, 0x23A7, 0x2367, 0x32EB,   // 0x3770 (14192) pixels
0x5B2C, 0x10C3, 0x0000, 0x0000, 0x0000, 0x0000, 0x0000, 0x0020, 0x0000, 0x0020, 0x0000, 0x0000, 0x0000, 0x0000, 0x0020, 0x0020,   // 0x3780 (14208) pixels
0x0000, 0x0000, 0x0000, 0x0000, 0x0000, 0x0000, 0x0000, 0x0000, 0x0000, 0x0000, 0x0000, 0x0000, 0x0000, 0x0000, 0x0000, 0x0000,   // 0x3790 (14224) pixels
0x0000, 0x0000, 0x0000, 0x0000, 0x0000, 0x0000, 0x0000, 0x0000, 0x0000, 0x1041, 0x3167, 0x526B, 0x524B, 0x3146, 0x0000, 0x0000,   // 0x37A0 (14240) pixels
0x0000, 0x0000, 0x0000, 0x0000, 0x0000, 0x0000, 0x0000, 0x0000, 0x0000, 0x0000, 0x0000, 0x0000, 0x0000, 0x0000, 0x0000, 0x0000,   // 0x37B0 (14256) pixels
0x0000, 0x0000, 0x0000, 0x0000, 0x0000, 0x0000, 0x0000, 0x0000, 0x0000, 0x0000, 0x0000, 0x0000, 0x0000, 0x0000, 0x0000, 0x0000,   // 0x37C0 (14272) pixels
0x0000, 0x0000, 0x0000, 0x0000, 0x0000, 0x0000, 0x0000, 0x0000, 0x0000, 0x0000, 0x0000, 0x0000, 0x0000, 0x0000, 0x0000, 0x0000,   // 0x37D0 (14288) pixels
0x0000, 0x0000, 0x0000, 0x0000, 0x0000, 0x0000, 0x0000, 0x0000, 0x0000, 0x0000, 0x0000, 0x0000, 0x0000, 0x0000, 0x0000, 0x0000,   // 0x37E0 (14304) pixels
0x0020, 0x0000, 0x0000, 0x2989, 0x436E, 0x1308, 0x2B6B, 0x3B0F, 0x4A8A, 0x0861, 0x0000, 0x0000, 0x0000, 0x0000, 0x0000, 0x0000,   // 0x37F0 (14320) pixels
0x0000, 0x0000, 0x0001, 0x0001, 0x0000, 0x0020, 0x0000, 0x0001, 0x0000, 0x0000, 0x0000, 0x0000, 0x0000, 0x0000, 0x0000, 0x0000,   // 0x3800 (14336) pixels
0x0000, 0x0000, 0x0000, 0x0000, 0x0000, 0x0000, 0x0000, 0x0000, 0x0000, 0x0000, 0x0000, 0x0000, 0x0000, 0x0000, 0x0000, 0x0000,   // 0x3810 (14352) pixels
0x0000, 0x0020, 0x0000, 0x0821, 0x0800, 0x0000, 0x0020, 0x0041, 0x0000, 0x0000, 0x0000, 0x0000, 0x0000, 0x0000, 0x0000, 0x0000,   // 0x3820 (14368) pixels
0x0000, 0x0000, 0x0000, 0x0000, 0x0000, 0x0000, 0x0000, 0x0000, 0x0000, 0x0000, 0x0000, 0x0000, 0x0000, 0x0000, 0x0000, 0x0000,   // 0x3830 (14384) pixels
0x0000, 0x0000, 0x0000, 0x0000, 0x0000, 0x0000, 0x0000, 0x0000, 0x0000, 0x0000, 0x0000, 0x0000, 0x0000, 0x0000, 0x0000, 0x0000,   // 0x3840 (14400) pixels
0x0000, 0x0000, 0x0000, 0x0000, 0x0000, 0x0000, 0x0000, 0x0000, 0x0000, 0x0000, 0x0000, 0x0000, 0x0000, 0x0000, 0x0000, 0x0000,   // 0x3850 (14416) pixels
0x0000, 0x0000, 0x0000, 0x0000, 0x0000, 0x0000, 0x0000, 0x0000, 0x0000, 0x0000, 0x0000, 0x0841, 0x2945, 0x528A, 0x5ACB, 0x4A69,   // 0x3860 (14432) pixels
0x1082, 0x0020, 0x0000, 0x0000, 0x0000, 0x0000, 0x0000, 0x0000, 0x0000, 0x0000, 0x0000, 0x0000, 0x0000, 0x0000, 0x0000, 0x0000,   // 0x3870 (14448) pixels
0x0000, 0x0000, 0x0000, 0x0000, 0x0000, 0x0000, 0x0000, 0x0000, 0x0000, 0x0000, 0x0000, 0x0000, 0x0000, 0x0000, 0x0000, 0x0000,   // 0x3880 (14464) pixels
0x0000, 0x0000, 0x0000, 0x0000, 0x0000, 0x0000, 0x0000, 0x0000, 0x0000, 0x0000, 0x0000, 0x0000, 0x0000, 0x0000, 0x0000, 0x0000,   // 0x3890 (14480) pixels
0x0000, 0x0000, 0x0000, 0x0000, 0x0000, 0x0000, 0x0000, 0x0000, 0x0000, 0x0000, 0x0000, 0x0000, 0x0000, 0x0000, 0x0000, 0x0000,   // 0x38A0 (14496) pixels
0x0000, 0x0000, 0x0000, 0x0000, 0x0000, 0x0000, 0x0000, 0x0000, 0x0000, 0x0000, 0x0000, 0x0000, 0x0000, 0x0000, 0x0000, 0x0000,   // 0x38B0 (14512) pixels
0x0000, 0x0000, 0x0000, 0x0000, 0x0000, 0x0000, 0x0000, 0x0000, 0x0000, 0x0000, 0x0000, 0x0000, 0x0000, 0x0000, 0x0000, 0x0000,   // 0x38C0 (14528) pixels
0x0000, 0x0000, 0x0000, 0x0000, 0x0000, 0x0000, 0x0000, 0x0000, 0x0000, 0x0000, 0x0000, 0x0000, 0x0000, 0x0000, 0x0000, 0x0000,   // 0x38D0 (14544) pixels
0x0000, 0x0000, 0x0000, 0x0000, 0x0000, 0x0861, 0x1082, 0x0841, 0x0020, 0x0000, 0x0000, 0x0000, 0x0000, 0x0000, 0x0000, 0x0000,   // 0x38E0 (14560) pixels
0x0000, 0x0000, 0x0000, 0x0000, 0x0000, 0x0000, 0x0000, 0x0000, 0x0000, 0x0000, 0x0000, 0x0000, 0x0000, 0x0000, 0x0000, 0x0000,   // 0x38F0 (14576) pixels
0x0000, 0x0000, 0x0000, 0x0000, 0x0000, 0x0000, 0x0000, 0x0000, 0x0000, 0x0000, 0x0000, 0x0000, 0x0000, 0x0000, 0x0000, 0x0000,   // 0x3900 (14592) pixels
0x0000, 0x0000, 0x0000, 0x0000, 0x0000, 0x0000, 0x0000, 0x0000, 0x0000, 0x0000, 0x0000, 0x0000, 0x0000, 0x0000, 0x0000, 0x0000,   // 0x3910 (14608) pixels
0x0000, 0x0000, 0x0000, 0x0000, 0x0000, 0x0000, 0x0000, 0x0000, 0x0000, 0x0000, 0x0000, 0x0000, 0x0000, 0x0000, 0x0000, 0x0000,   // 0x3920 (14624) pixels
0x0000, 0x0000, 0x0000, 0x0000, 0x0000, 0x0000, 0x0000, 0x0000, 0x0000, 0x0000, 0x0000, 0x0000, 0x0000, 0x0000, 0x0000, 0x0000,   // 0x3930 (14640) pixels
0x0000, 0x0000, 0x0000, 0x0000, 0x0000, 0x0000, 0x0000, 0x0000, 0x0000, 0x0000, 0x0000, 0x0000, 0x0000, 0x0000, 0x0000, 0x0000,   // 0x3940 (14656) pixels
0x0000, 0x0000, 0x0000, 0x0000, 0x0000, 0x0000, 0x0000, 0x0000, 0x0000, 0x0000, 0x0000, 0x0000, 0x0000, 0x0000, 0x0000, 0x0000,   // 0x3950 (14672) pixels
0x0000, 0x0000, 0x0000, 0x0000, 0x0000, 0x0000, 0x0000, 0x0000, 0x0000, 0x0000, 0x0000, 0x0000, 0x0000, 0x0000, 0x0000, 0x0000,   // 0x3960 (14688) pixels
0x0000, 0x0000, 0x0000, 0x0000, 0x0000, 0x0000, 0x0000, 0x0000, 0x0000, 0x0000, 0x0000, 0x0000, 0x0000, 0x0000, 0x0000, 0x0000,   // 0x3970 (14704) pixels
0x0000, 0x0000, 0x0000, 0x0000, 0x0000, 0x0000, 0x0000, 0x0000, 0x0000, 0x0000, 0x0000, 0x0000, 0x0000, 0x0000, 0x0000, 0x0000,   // 0x3980 (14720) pixels
0x0000, 0x0000, 0x0000, 0x0000, 0x0000, 0x0000, 0x0000, 0x0000, 0x0000, 0x0000, 0x0000, 0x0000, 0x0000, 0x0000, 0x0000, 0x0000,   // 0x3990 (14736) pixels
0x0000, 0x0000, 0x0000, 0x0000, 0x0000, 0x0000, 0x0000, 0x0000, 0x0000, 0x0000, 0x0000, 0x0000, 0x0000, 0x0000, 0x0000, 0x0000,   // 0x39A0 (14752) pixels
0x0000, 0x0000, 0x0000, 0x0000, 0x0000, 0x0000, 0x0000, 0x0000, 0x0000, 0x0000, 0x0000, 0x0000, 0x0000, 0x0000, 0x0000, 0x0000,   // 0x39B0 (14768) pixels
0x0000, 0x0000, 0x0000, 0x0000, 0x0000, 0x0000, 0x0000, 0x0000, 0x0000, 0x0000, 0x0000, 0x0000, 0x0000, 0x0000, 0x0000, 0x0000,   // 0x39C0 (14784) pixels
0x0000, 0x0000, 0x0000, 0x0000, 0x0000, 0x0000, 0x0000, 0x0000, 0x0000, 0x0000, 0x0000, 0x0000, 0x0000, 0x0000, 0x0000, 0x0000,   // 0x39D0 (14800) pixels
0x0000, 0x0000, 0x0000, 0x0000, 0x0000, 0x0000, 0x0000, 0x0000, 0x0000, 0x0000, 0x0000, 0x0000, 0x0000, 0x0000, 0x0000, 0x0000,   // 0x39E0 (14816) pixels
0x0000, 0x0000, 0x0000, 0x0000, 0x0000, 0x0000, 0x0000, 0x0000, 0x0000, 0x0000, 0x0000, 0x0000, 0x0000, 0x0000, 0x0000, 0x0000,   // 0x39F0 (14832) pixels
0x0000, 0x0000, 0x0000, 0x0000, 0x0000, 0x0000, 0x0000, 0x0000, 0x0000, 0x0000, 0x0000, 0x0000, 0x0000, 0x0000, 0x0000, 0x0000,   // 0x3A00 (14848) pixels
0x0000, 0x0000, 0x0000, 0x0000, 0x0000, 0x0000, 0x0000, 0x0000, 0x0000, 0x0000, 0x0000, 0x0000, 0x0000, 0x0000, 0x0000, 0x0000,   // 0x3A10 (14864) pixels
0x0000, 0x0000, 0x0000, 0x0000, 0x0000, 0x0000, 0x0000, 0x0000, 0x0000, 0x0000, 0x0000, 0x0000, 0x0000, 0x0000, 0x0000, 0x0000,   // 0x3A20 (14880) pixels
0x0000, 0x0000, 0x0000, 0x0000, 0x0000, 0x0000, 0x0000, 0x0000, 0x0000, 0x0000, 0x0000, 0x0000, 0x0000, 0x0000, 0x0000, 0x0000,   // 0x3A30 (14896) pixels
0x0000, 0x0000, 0x0000, 0x0000, 0x0000, 0x0000, 0x0000, 0x0000, 0x0000, 0x0000, 0x0000, 0x0000, 0x0000, 0x0000, 0x0000, 0x0000,   // 0x3A40 (14912) pixels
0x0000, 0x0000, 0x0000, 0x0000, 0x0000, 0x0000, 0x0000, 0x0000, 0x0000, 0x0000, 0x0000, 0x0000, 0x0000, 0x0000, 0x0000, 0x0000,   // 0x3A50 (14928) pixels
0x0000, 0x0000, 0x0000, 0x0000, 0x0000, 0x0000, 0x0000, 0x0000, 0x0000, 0x0000, 0x0000, 0x0000, 0x0000, 0x0000, 0x0000, 0x0000,   // 0x3A60 (14944) pixels
0x0000, 0x0000, 0x0000, 0x0000, 0x0000, 0x0000, 0x0000, 0x0000, 0x0000, 0x0000, 0x0000, 0x0000, 0x0000, 0x0000, 0x0000, 0x0000,   // 0x3A70 (14960) pixels
0x0000, 0x0000, 0x0000, 0x0000, 0x0000, 0x0000, 0x0000, 0x0000, 0x0000, 0x0000, 0x0000, 0x0000, 0x0000, 0x0000, 0x0000, 0x0000,   // 0x3A80 (14976) pixels
0x0000, 0x0000, 0x0000, 0x0000, 0x0000, 0x0000, 0x0000, 0x0000, 0x0000, 0x0000, 0x0000, 0x0000, 0x0000, 0x0000, 0x0000, 0x0000,   // 0x3A90 (14992) pixels
0x0000, 0x0000, 0x0000, 0x0000, 0x0000, 0x0000, 0x0000, 0x0000, 0x0000, 0x0000, 0x0000, 0x0000, 0x0000, 0x0000, 0x0000, 0x0000,   // 0x3AA0 (15008) pixels
0x0000, 0x0000, 0x0000, 0x0000, 0x0000, 0x0000, 0x0000, 0x0000, 0x0000, 0x0000, 0x0000, 0x0000, 0x0000, 0x0000, 0x0000, 0x0000,   // 0x3AB0 (15024) pixels
0x0000, 0x0000, 0x0000, 0x0000, 0x0000, 0x0000, 0x0000, 0x0000, 0x0000, 0x0000, 0x0000, 0x0000, 0x0000, 0x0000, 0x0000, 0x0000,   // 0x3AC0 (15040) pixels
0x0000, 0x0000, 0x0000, 0x0000, 0x0000, 0x0000, 0x0000, 0x0000, 0x0000, 0x0000, 0x0000, 0x0000, 0x0000, 0x0000, 0x0000, 0x0000,   // 0x3AD0 (15056) pixels
0x0000, 0x0000, 0x0000, 0x0000, 0x0000, 0x0000, 0x0000, 0x0000, 0x0000, 0x0000, 0x0000, 0x0000, 0x0000, 0x0000, 0x0000, 0x0000,   // 0x3AE0 (15072) pixels
0x0000, 0x0000, 0x0000, 0x0000, 0x0000, 0x0000, 0x0000, 0x0000, 0x0000, 0x0000, 0x0000, 0x0000, 0x0000, 0x0000, 0x0000, 0x0000,   // 0x3AF0 (15088) pixels
0x0000, 0x0000, 0x0000, 0x0000, 0x0000, 0x0000, 0x0000, 0x0000, 0x0000, 0x0000, 0x0000, 0x0000, 0x0000, 0x0000, 0x0000, 0x0000,   // 0x3B00 (15104) pixels
0x0000, 0x0000, 0x0000, 0x0000, 0x0000, 0x0000, 0x0000, 0x0000, 0x0000, 0x0000, 0x0000, 0x0000, 0x0000, 0x0000, 0x0000, 0x0000,   // 0x3B10 (15120) pixels
0x0000, 0x0000, 0x0000, 0x0000, 0x0000, 0x0000, 0x0000, 0x0000, 0x0000, 0x0000, 0x0000, 0x0000, 0x0000, 0x0000, 0x0000, 0x0000,   // 0x3B20 (15136) pixels
0x0000, 0x0000, 0x0000, 0x0000, 0x0000, 0x0000, 0x0000, 0x0000, 0x0000, 0x0000, 0x0000, 0x0000, 0x0000, 0x0000, 0x0000, 0x0000,   // 0x3B30 (15152) pixels
0x0000, 0x0000, 0x0000, 0x0000, 0x0000, 0x0000, 0x0000, 0x0000, 0x0000, 0x0000, 0x0000, 0x0000, 0x0000, 0x0000, 0x0000, 0x0000,   // 0x3B40 (15168) pixels
0x0000, 0x0000, 0x0000, 0x0000, 0x0000, 0x0000, 0x0000, 0x0000, 0x0000, 0x0000, 0x0000, 0x0000, 0x0000, 0x0000, 0x0000, 0x0000,   // 0x3B50 (15184) pixels
0x0000, 0x0000, 0x0000, 0x0000, 0x0000, 0x0000, 0x0000, 0x0000, 0x0000, 0x0000, 0x0000, 0x0000, 0x0000, 0x0000, 0x0000, 0x0000,   // 0x3B60 (15200) pixels
0x0000, 0x0000, 0x0000, 0x0000, 0x0000, 0x0000, 0x0000, 0x0000, 0x0000, 0x0000, 0x0000, 0x0000, 0x0000, 0x0000, 0x0000, 0x0000,   // 0x3B70 (15216) pixels
0x0000, 0x0000, 0x0000, 0x0000, 0x0000, 0x0000, 0x0000, 0x0000, 0x0000, 0x0000, 0x0000, 0x0000, 0x0000, 0x0000, 0x0000, 0x0000,   // 0x3B80 (15232) pixels
0x0000, 0x0000, 0x0000, 0x0000, 0x0000, 0x0000, 0x0000, 0x0000, 0x0000, 0x0000, 0x0000, 0x0000, 0x0000, 0x0000, 0x0000, 0x0000,   // 0x3B90 (15248) pixels
0x0000, 0x0000, 0x0000, 0x0000, 0x0000, 0x0000, 0x0000, 0x0000, 0x0000, 0x0000, 0x0000, 0x0000, 0x0000, 0x0000, 0x0000, 0x0000,   // 0x3BA0 (15264) pixels
0x0000, 0x0000, 0x0000, 0x0000, 0x0000, 0x0000, 0x0000, 0x0000, 0x0000, 0x0000, 0x0000, 0x0000, 0x0000, 0x0000, 0x0000, 0x0000,   // 0x3BB0 (15280) pixels
0x0000, 0x0000, 0x0000, 0x0000, 0x0000, 0x0000, 0x0000, 0x0000, 0x0000, 0x0000, 0x0000, 0x0000, 0x0000, 0x0000, 0x0000, 0x0000,   // 0x3BC0 (15296) pixels
0x0000, 0x0000, 0x0000, 0x0000, 0x0000, 0x0000, 0x0000, 0x0000, 0x0000, 0x0000, 0x0000, 0x0000, 0x0000, 0x0000, 0x0000, 0x0000,   // 0x3BD0 (15312) pixels
0x0000, 0x0000, 0x0000, 0x0000, 0x0000, 0x0000, 0x0000, 0x0000, 0x0000, 0x0000, 0x0000, 0x0000, 0x0000, 0x0000, 0x0000, 0x0000,   // 0x3BE0 (15328) pixels
0x0000, 0x0000, 0x0000, 0x0000, 0x0000, 0x0000, 0x0000, 0x0000, 0x0000, 0x0000, 0x0000, 0x0000, 0x0000, 0x0000, 0x0000, 0x0000,   // 0x3BF0 (15344) pixels
0x0000, 0x0000, 0x0000, 0x0000, 0x0000, 0x0000, 0x0000, 0x0000, 0x0000, 0x0000, 0x0000, 0x0000, 0x0000, 0x0000, 0x0000, 0x0000,   // 0x3C00 (15360) pixels
0x0000, 0x0000, 0x0000, 0x0000, 0x0000, 0x0000, 0x0000, 0x0000, 0x0000, 0x0000, 0x0000, 0x0000, 0x0000, 0x0000, 0x0000, 0x0000,   // 0x3C10 (15376) pixels
0x0000, 0x0000, 0x0000, 0x0000, 0x0000, 0x0000, 0x0000, 0x0000, 0x0000, 0x0000, 0x0000, 0x0000, 0x0000, 0x0000, 0x0000, 0x0000,   // 0x3C20 (15392) pixels
0x0000, 0x0000, 0x0000, 0x0000, 0x0000, 0x0000, 0x0000, 0x0000, 0x0000, 0x0000, 0x0000, 0x0000, 0x0000, 0x0000, 0x0000, 0x0000,   // 0x3C30 (15408) pixels
0x0000, 0x0000, 0x0000, 0x0000, 0x0000, 0x0000, 0x0000, 0x0000, 0x0000, 0x0000, 0x0000, 0x0000, 0x0000, 0x0000, 0x0000, 0x0000,   // 0x3C40 (15424) pixels
0x0000, 0x0000, 0x0000, 0x0000, 0x0000, 0x0000, 0x0000, 0x0000, 0x0000, 0x0000, 0x0000, 0x0000, 0x0000, 0x0000, 0x0000, 0x0000,   // 0x3C50 (15440) pixels
0x0000, 0x0000, 0x0000, 0x0000, 0x0000, 0x0000, 0x0000, 0x0000, 0x0000, 0x0000, 0x0000, 0x0000, 0x0000, 0x0000, 0x0000, 0x0000,   // 0x3C60 (15456) pixels
0x0000, 0x0000, 0x0000, 0x0000, 0x0000, 0x0000, 0x0000, 0x0000, 0x0000, 0x0000, 0x0000, 0x0000, 0x0000, 0x0000, 0x0000, 0x0000,   // 0x3C70 (15472) pixels
0x0000, 0x0000, 0x0000, 0x0000, 0x0000, 0x0000, 0x0000, 0x0000, 0x0000, 0x0000, 0x0000, 0x0000, 0x0000, 0x0000, 0x0000, 0x0000,   // 0x3C80 (15488) pixels
0x0000, 0x0000, 0x0000, 0x0000, 0x0000, 0x0000, 0x0000, 0x0000, 0x0000, 0x0000, 0x0000, 0x0000, 0x0000, 0x0000, 0x0000, 0x0000,   // 0x3C90 (15504) pixels
0x0000, 0x0000, 0x0000, 0x0000, 0x0000, 0x0000, 0x0000, 0x0000, 0x0000, 0x0000, 0x0000, 0x0000, 0x0000, 0x0000, 0x0000, 0x0000,   // 0x3CA0 (15520) pixels
0x0000, 0x0000, 0x0000, 0x0000, 0x0000, 0x0000, 0x0000, 0x0000, 0x0000, 0x0000, 0x0000, 0x0000, 0x0000, 0x0000, 0x0000, 0x0000,   // 0x3CB0 (15536) pixels
0x0000, 0x0000, 0x0000, 0x0000, 0x0000, 0x0000, 0x0000, 0x0000, 0x0000, 0x0000, 0x0000, 0x0000, 0x0000, 0x0000, 0x0000, 0x0000,   // 0x3CC0 (15552) pixels
0x0000, 0x0000, 0x0000, 0x0000, 0x0000, 0x0000, 0x0000, 0x0000, 0x0000, 0x0000, 0x0000, 0x0000, 0x0000, 0x0000, 0x0000, 0x0000,   // 0x3CD0 (15568) pixels
0x0000, 0x0000, 0x0000, 0x0000, 0x0000, 0x0000, 0x0000, 0x0000, 0x0000, 0x0000, 0x0000, 0x0000, 0x0000, 0x0000, 0x0000, 0x0000,   // 0x3CE0 (15584) pixels
0x0000, 0x0000, 0x0000, 0x0000, 0x0000, 0x0000, 0x0000, 0x0000, 0x0000, 0x0000, 0x0000, 0x0000, 0x0000, 0x0000, 0x0000, 0x0000,   // 0x3CF0 (15600) pixels
0x0000, 0x0000, 0x0000, 0x0000, 0x0000, 0x0000, 0x0000, 0x0000, 0x0000, 0x0000, 0x0000, 0x0000, 0x0000, 0x0000, 0x0000, 0x0000,   // 0x3D00 (15616) pixels
0x0000, 0x0000, 0x0000, 0x0000, 0x0000, 0x0000, 0x0000, 0x0000, 0x0000, 0x0000, 0x0000, 0x0000, 0x0000, 0x0000, 0x0000, 0x0000,   // 0x3D10 (15632) pixels
0x0000, 0x0000, 0x0000, 0x0000, 0x0000, 0x0000, 0x0000, 0x0000, 0x0000, 0x0000, 0x0000, 0x0000, 0x0000, 0x0000, 0x0000, 0x0000,   // 0x3D20 (15648) pixels
0x0000, 0x0000, 0x0000, 0x0000, 0x0000, 0x0000, 0x0000, 0x0000, 0x0000, 0x0000, 0x0000, 0x0000, 0x0000, 0x0000, 0x0000, 0x0000,   // 0x3D30 (15664) pixels
0x0000, 0x0000, 0x0000, 0x0000, 0x0000, 0x0000, 0x0000, 0x0000, 0x0000, 0x0000, 0x0000, 0x0000, 0x0000, 0x0000, 0x0000, 0x0000,   // 0x3D40 (15680) pixels
0x0000, 0x0000, 0x0000, 0x0000, 0x0000, 0x0000, 0x0000, 0x0000, 0x0000, 0x0000, 0x0000, 0x0000, 0x0000, 0x0000, 0x0000, 0x0000,   // 0x3D50 (15696) pixels
0x0000, 0x0000, 0x0000, 0x0000, 0x0000, 0x0000, 0x0000, 0x0000, 0x0000, 0x0000, 0x0000, 0x0000, 0x0000, 0x0000, 0x0000, 0x0000,   // 0x3D60 (15712) pixels
0x0000, 0x0000, 0x0000, 0x0000, 0x0000, 0x0000, 0x0000, 0x0000, 0x0000, 0x0000, 0x0000, 0x0000, 0x0000, 0x0000, 0x0000, 0x0000,   // 0x3D70 (15728) pixels
0x0000, 0x0000, 0x0000, 0x0000, 0x0000, 0x0000, 0x0000, 0x0000, 0x0000, 0x0000, 0x0000, 0x0000, 0x0000, 0x0000, 0x0000, 0x0000,   // 0x3D80 (15744) pixels
0x0000, 0x0000, 0x0000, 0x0000, 0x0000, 0x0000, 0x0000, 0x0000, 0x0000, 0x0000, 0x0000, 0x0000, 0x0000, 0x0000, 0x0000, 0x0000,   // 0x3D90 (15760) pixels
0x0000, 0x0000, 0x0000, 0x0000, 0x0000, 0x0000, 0x0000, 0x0000, 0x0000, 0x0000, 0x0000, 0x0000, 0x0000, 0x0000, 0x0000, 0x0000,   // 0x3DA0 (15776) pixels
0x0000, 0x0000, 0x0000, 0x0000, 0x0000, 0x0000, 0x0000, 0x0000, 0x0000, 0x0000, 0x0000, 0x0000, 0x0000, 0x0000, 0x0000, 0x0000,   // 0x3DB0 (15792) pixels
0x0000, 0x0000, 0x0000, 0x0000, 0x0000, 0x0000, 0x0000, 0x0000, 0x0000, 0x0000, 0x0000, 0x0000, 0x0000, 0x0000, 0x0000, 0x0000,   // 0x3DC0 (15808) pixels
0x0000, 0x0000, 0x0000, 0x0000, 0x0000, 0x0000, 0x0000, 0x0000, 0x0000, 0x0000, 0x0000, 0x0000, 0x0000, 0x0000, 0x0000, 0x0000,   // 0x3DD0 (15824) pixels
0x0000, 0x0000, 0x0000, 0x0000, 0x0000, 0x0000, 0x0000, 0x0000, 0x0000, 0x0000, 0x0000, 0x0000, 0x0000, 0x0000, 0x0000, 0x0000,   // 0x3DE0 (15840) pixels
0x0000, 0x0000, 0x0000, 0x0000, 0x0000, 0x0000, 0x0000, 0x0000, 0x0000, 0x0000, 0x0000, 0x0000, 0x0000, 0x0000, 0x0000, 0x0000,   // 0x3DF0 (15856) pixels
0x0000, 0x0000, 0x0000, 0x0000, 0x0000, 0x0000, 0x0000, 0x0000, 0x0000, 0x0000, 0x0000, 0x0000, 0x0000, 0x0000, 0x0000, 0x0000,   // 0x3E00 (15872) pixels
0x0000, 0x0000, 0x0000, 0x0000, 0x0000, 0x0000, 0x0000, 0x0000, 0x0000, 0x0000, 0x0000, 0x0000, 0x0000, 0x0000, 0x0000, 0x0000,   // 0x3E10 (15888) pixels
0x0000, 0x0000, 0x0000, 0x0000, 0x0000, 0x0000, 0x0000, 0x0000, 0x0000, 0x0000, 0x0000, 0x0000, 0x0000, 0x0000, 0x0000, 0x0000,   // 0x3E20 (15904) pixels
0x0000, 0x0000, 0x0000, 0x0000, 0x0000, 0x0000, 0x0000, 0x0000, 0x0000, 0x0000, 0x0000, 0x0000, 0x0000, 0x0000, 0x0000, 0x0000,   // 0x3E30 (15920) pixels
0x0000, 0x0000, 0x0000, 0x0000, 0x0000, 0x0000, 0x0000, 0x0000, 0x0000, 0x0000, 0x0000, 0x0000, 0x0000, 0x0000, 0x0000, 0x0000,   // 0x3E40 (15936) pixels
0x0000, 0x0000, 0x0000, 0x0000, 0x0000, 0x0000, 0x0000, 0x0000, 0x0000, 0x0000, 0x0000, 0x0000, 0x0000, 0x0000, 0x0000, 0x0000,   // 0x3E50 (15952) pixels
0x0000, 0x0000, 0x0000, 0x0000, 0x0000, 0x0000, 0x0000, 0x0000, 0x0000, 0x0000, 0x0000, 0x0000, 0x0000, 0x0000, 0x0000, 0x0000,   // 0x3E60 (15968) pixels
0x0000, 0x0000, 0x0000, 0x0000, 0x0000, 0x0000, 0x0000, 0x0000, 0x0000, 0x0000, 0x0000, 0x0000, 0x0000, 0x0000, 0x0000, 0x0000,   // 0x3E70 (15984) pixels
0x0000, 0x0000, 0x0000, 0x0000, 0x0000, 0x0000, 0x0000, 0x0000, 0x0000, 0x0000, 0x0000, 0x0000, 0x0000, 0x0000, 0x0000, 0x0000,   // 0x3E80 (16000) pixels
0x0000, 0x0000, 0x0000, 0x0000, 0x0000, 0x0000, 0x0000, 0x0000, 0x0000, 0x0000, 0x0000, 0x0000, 0x0000, 0x0000, 0x0000, 0x0000,   // 0x3E90 (16016) pixels
0x0000, 0x0000, 0x0000, 0x0000, 0x0000, 0x0000, 0x0000, 0x0000, 0x0000, 0x0000, 0x0000, 0x0000, 0x0000, 0x0000, 0x0000, 0x0000,   // 0x3EA0 (16032) pixels
0x0000, 0x0000, 0x0000, 0x0000, 0x0000, 0x0000, 0x0000, 0x0000, 0x0000, 0x0000, 0x0000, 0x0000, 0x0000, 0x0000, 0x0000, 0x0000,   // 0x3EB0 (16048) pixels
0x0000, 0x0000, 0x0000, 0x0000, 0x0000, 0x0000, 0x0000, 0x0000, 0x0000, 0x0000, 0x0000, 0x0000, 0x0000, 0x0000, 0x0000, 0x0000,   // 0x3EC0 (16064) pixels
0x0000, 0x0000, 0x0000, 0x0000, 0x0000, 0x0000, 0x0000, 0x0000, 0x0000, 0x0000, 0x0000, 0x0000, 0x0000, 0x0000, 0x0000, 0x0000,   // 0x3ED0 (16080) pixels
0x0000, 0x0000, 0x0000, 0x0000, 0x0000, 0x0000, 0x0000, 0x0000, 0x0000, 0x0000, 0x0000, 0x0000, 0x0000, 0x0000, 0x0000, 0x0000,   // 0x3EE0 (16096) pixels
0x0000, 0x0000, 0x0000, 0x0000, 0x0000, 0x0000, 0x0000, 0x0000, 0x0000, 0x0000, 0x0000, 0x0000, 0x0000, 0x0000, 0x0000, 0x0000,   // 0x3EF0 (16112) pixels
0x0000, 0x0000, 0x0000, 0x0000, 0x0000, 0x0000, 0x0000, 0x0000, 0x0000, 0x0000, 0x0000, 0x0000, 0x0000, 0x0000, 0x0000, 0x0000,   // 0x3F00 (16128) pixels
0x0000, 0x0000, 0x0000, 0x0000, 0x0000, 0x0000, 0x0000, 0x0000, 0x0000, 0x0000, 0x0000, 0x0000, 0x0000, 0x0000, 0x0000, 0x0000,   // 0x3F10 (16144) pixels
0x0000, 0x0000, 0x0000, 0x0000, 0x0000, 0x0000, 0x0000, 0x0000, 0x0000, 0x0000, 0x0000, 0x0000, 0x0000, 0x0000, 0x0000, 0x0000,   // 0x3F20 (16160) pixels
0x0000, 0x0000, 0x0000, 0x0000, 0x0000, 0x0000, 0x0000, 0x0000, 0x0000, 0x0000, 0x0000, 0x0000, 0x0000, 0x0000, 0x0000, 0x0000,   // 0x3F30 (16176) pixels
0x0000, 0x0000, 0x0000, 0x0000, 0x0000, 0x0000, 0x0000, 0x0000, 0x0000, 0x0000, 0x0000, 0x0000, 0x0000, 0x0000, 0x0000, 0x0000,   // 0x3F40 (16192) pixels
0x0000, 0x0000, 0x0000, 0x0000, 0x0000, 0x0000, 0x0000, 0x0000
};

#endif // _FROGY_C_