// Generated by   : ImageConverter 565 Online
// Generated from : puppy.jpg
// Time generated : Tue, 29 Jul 25 08:14:43 +0200  (Server timezone: CET)
// Image Size     : 190x128 pixels
// Memory usage   : 48640 bytes

#ifndef UNICORN_H
#define UNICORN_H

#include <TFT_eSPI.h>

void drawUnicorn(TFT_eSPI &tft);

#if defined(__AVR__)
#include <avr/pgmspace.h>
#elif defined(__PIC32MX__)
#define PROGMEM
#elif defined(__arm__)
#define PROGMEM
#endif

const unsigned short unicorn[16200] PROGMEM = {
    0x0000, 0x0000, 0x0000, 0x0000, 0x0000, 0x0000, 0x0000, 0x0000, 0x0000, 0x0000, 0x0000, 0x0000, 0x0000, 0x0000, 0x0000, 0x0000, // 0x0010 (16) pixels
    0x0000, 0x0000, 0x0000, 0x0000, 0x0000, 0x0000, 0x0000, 0x0000, 0x0000, 0x0000, 0x0000, 0x0000, 0x0000, 0x0000, 0x0000, 0x0000, // 0x0020 (32) pixels
    0x0000, 0x0000, 0x0000, 0x0000, 0x0000, 0x0000, 0x0000, 0x0000, 0x0000, 0x0000, 0x0000, 0x0000, 0x0000, 0x0000, 0x0000, 0x0000, // 0x0030 (48) pixels
    0x0000, 0x0000, 0x0000, 0x0000, 0x0000, 0x0000, 0x0000, 0x0000, 0x0000, 0x0000, 0x0000, 0x0000, 0x0000, 0x0000, 0x0000, 0x0000, // 0x0040 (64) pixels
    0x0000, 0x0000, 0x0000, 0x0000, 0x0000, 0x0000, 0x0000, 0x0000, 0x0000, 0x0000, 0x0000, 0x0000, 0x0000, 0x0000, 0x0000, 0x0000, // 0x0050 (80) pixels
    0x0000, 0x0000, 0x0000, 0x0000, 0x0000, 0x0000, 0x0000, 0x0000, 0x0000, 0x0000, 0x0000, 0x0000, 0x0000, 0x0000, 0x0000, 0x0000, // 0x0060 (96) pixels
    0x0000, 0x0000, 0x0000, 0x0000, 0x0000, 0x0000, 0x0000, 0x0000, 0x0000, 0x0000, 0x0000, 0x0000, 0x0000, 0x0000, 0x0000, 0x0000, // 0x0070 (112) pixels
    0x0000, 0x0000, 0x0000, 0x0000, 0x0000, 0x0000, 0x0000, 0x0000, 0x0000, 0x0000, 0x0000, 0x0000, 0x0000, 0x0000, 0x0000, 0x0000, // 0x0080 (128) pixels
    0x0000, 0x0000, 0x0000, 0x0000, 0x0000, 0x0000, 0x0000, 0x0000, 0x0000, 0x0000, 0x0000, 0x0000, 0x0000, 0x0000, 0x0000, 0x0000, // 0x0090 (144) pixels
    0x0000, 0x0000, 0x0000, 0x0000, 0x0000, 0x0000, 0x0000, 0x0000, 0x0000, 0x0000, 0x0000, 0x0000, 0x0000, 0x0000, 0x0000, 0x0000, // 0x00A0 (160) pixels
    0x0000, 0x0000, 0x0000, 0x0000, 0x0000, 0x0000, 0x0000, 0x0000, 0x0000, 0x0000, 0x0000, 0x0000, 0x0000, 0x0000, 0x0000, 0x0000, // 0x00B0 (176) pixels
    0x0000, 0x0000, 0x0000, 0x0000, 0x0000, 0x0000, 0x0000, 0x0000, 0x0000, 0x0000, 0x0000, 0x0000, 0x0000, 0x0000, 0x0000, 0x0000, // 0x00C0 (192) pixels
    0x0000, 0x0000, 0x0000, 0x0000, 0x0000, 0x0000, 0x0000, 0x0000, 0x0000, 0x0000, 0x0000, 0x0000, 0x0000, 0x0000, 0x0000, 0x0000, // 0x00D0 (208) pixels
    0x0000, 0x0000, 0x0000, 0x0000, 0x0000, 0x0000, 0x0000, 0x0000, 0x0000, 0x0000, 0x0000, 0x0000, 0x0000, 0x0000, 0x0000, 0x0000, // 0x00E0 (224) pixels
    0x0000, 0x0000, 0x0000, 0x0000, 0x0000, 0x0000, 0x0000, 0x0000, 0x0000, 0x0000, 0x0000, 0x0000, 0x0000, 0x0000, 0x0000, 0x0000, // 0x00F0 (240) pixels
    0x0000, 0x0000, 0x0000, 0x0000, 0x0000, 0x0000, 0x0000, 0x0000, 0x0000, 0x0000, 0x0000, 0x0000, 0x0000, 0x0000, 0x0000, 0x0000, // 0x0100 (256) pixels
    0x0000, 0x0000, 0x0000, 0x0000, 0x0000, 0x0000, 0x0000, 0x0000, 0x0000, 0x0000, 0x0000, 0x0000, 0x0000, 0x0000, 0x0000, 0x0000, // 0x0110 (272) pixels
    0x0000, 0x0000, 0x0000, 0x0000, 0x0000, 0x0000, 0x0000, 0x0000, 0x0000, 0x0000, 0x0000, 0x0000, 0x0000, 0x0000, 0x0000, 0x0000, // 0x0120 (288) pixels
    0x0000, 0x0000, 0x0000, 0x0000, 0x0000, 0x0000, 0x0000, 0x0000, 0x0000, 0x0000, 0x0000, 0x0000, 0x0000, 0x0000, 0x0000, 0x0000, // 0x0130 (304) pixels
    0x0000, 0x0000, 0x0000, 0x0000, 0x0000, 0x0000, 0x0000, 0x0000, 0x0000, 0x0000, 0x0000, 0x0000, 0x0000, 0x0000, 0x0000, 0x0000, // 0x0140 (320) pixels
    0x0000, 0x0000, 0x0000, 0x0000, 0x0000, 0x0000, 0x0000, 0x0000, 0x0000, 0x0000, 0x0000, 0x0000, 0x0000, 0x0000, 0x0000, 0x0000, // 0x0150 (336) pixels
    0x0000, 0x0000, 0x0000, 0x0000, 0x0000, 0x0000, 0x0000, 0x0000, 0x0000, 0x0000, 0x0000, 0x0000, 0x0000, 0x0000, 0x0000, 0x0000, // 0x0160 (352) pixels
    0x0000, 0x0000, 0x0000, 0x0000, 0x0000, 0x0000, 0x0000, 0x0000, 0x0000, 0x0000, 0x0000, 0x0000, 0x0000, 0x0000, 0x0000, 0x0000, // 0x0170 (368) pixels
    0x0000, 0x0000, 0x0000, 0x0000, 0x0000, 0x0000, 0x0000, 0x0000, 0x0000, 0x0000, 0x0000, 0x0000, 0x0000, 0x0000, 0x0000, 0x0000, // 0x0180 (384) pixels
    0x0000, 0x0000, 0x0000, 0x0000, 0x0000, 0x0000, 0x0000, 0x0000, 0x0000, 0x0000, 0x0000, 0x0000, 0x0000, 0x0000, 0x0000, 0x0000, // 0x0190 (400) pixels
    0x0000, 0x0000, 0x0000, 0x0000, 0x0000, 0x0000, 0x0000, 0x0000, 0x0000, 0x0000, 0x0000, 0x0000, 0x0000, 0x0000, 0x0000, 0x0000, // 0x01A0 (416) pixels
    0x0000, 0x0000, 0x0000, 0x0000, 0x0000, 0x0000, 0x0000, 0x0000, 0x0000, 0x0000, 0x0000, 0x0000, 0x0000, 0x0000, 0x0000, 0x0000, // 0x01B0 (432) pixels
    0x0000, 0x0000, 0x0000, 0x0000, 0x0000, 0x0000, 0x0000, 0x0000, 0x0000, 0x0000, 0x0000, 0x0000, 0x0000, 0x0000, 0x0000, 0x0000, // 0x01C0 (448) pixels
    0x0000, 0x0000, 0x0000, 0x0000, 0x0000, 0x0000, 0x0000, 0x0000, 0x0000, 0x0000, 0x0000, 0x0000, 0x0000, 0x0000, 0x0000, 0x0000, // 0x01D0 (464) pixels
    0x0000, 0x0000, 0x0000, 0x0000, 0x0000, 0x0000, 0x0000, 0x0000, 0x0000, 0x0000, 0x0000, 0x0000, 0x0000, 0x0000, 0x0000, 0x0000, // 0x01E0 (480) pixels
    0x0000, 0x0000, 0x0000, 0x0000, 0x0000, 0x0000, 0x0000, 0x0000, 0x0000, 0x0000, 0x0000, 0x0000, 0x0000, 0x0000, 0x0000, 0x0000, // 0x01F0 (496) pixels
    0x0000, 0x0000, 0x0000, 0x0000, 0x0000, 0x0000, 0x0000, 0x0000, 0x0000, 0x0000, 0x0000, 0x0000, 0x0000, 0x0000, 0x0000, 0x0000, // 0x0200 (512) pixels
    0x0000, 0x0000, 0x0000, 0x0000, 0x0000, 0x0000, 0x0000, 0x0000, 0x0000, 0x0000, 0x0000, 0x0000, 0x0000, 0x0000, 0x0000, 0x0000, // 0x0210 (528) pixels
    0x0000, 0x0000, 0x0000, 0x0000, 0x0000, 0x0000, 0x0000, 0x0000, 0x0000, 0x0000, 0x0000, 0x0000, 0x0000, 0x0000, 0x0000, 0x0000, // 0x0220 (544) pixels
    0x0000, 0x0000, 0x0000, 0x0000, 0x0000, 0x0000, 0x0000, 0x0000, 0x0000, 0x0000, 0x0000, 0x0000, 0x0000, 0x0000, 0x0000, 0x0000, // 0x0230 (560) pixels
    0x0000, 0x0000, 0x0000, 0x0000, 0x0000, 0x0000, 0x0000, 0x0000, 0x0000, 0x0000, 0x0000, 0x0000, 0x0000, 0x0000, 0x0000, 0x0000, // 0x0240 (576) pixels
    0x0000, 0x0000, 0x0000, 0x0000, 0x0000, 0x0000, 0x0000, 0x0000, 0x0000, 0x0000, 0x0000, 0x0000, 0x0000, 0x0000, 0x0000, 0x0000, // 0x0250 (592) pixels
    0x0000, 0x0000, 0x0000, 0x0000, 0x0000, 0x0000, 0x0000, 0x0000, 0x0000, 0x0000, 0x0000, 0x0000, 0x0000, 0x0000, 0x0000, 0x0000, // 0x0260 (608) pixels
    0x0000, 0x0000, 0x0000, 0x0000, 0x0000, 0x0000, 0x0000, 0x0000, 0x0000, 0x0000, 0x0000, 0x0000, 0x0000, 0x0000, 0x0000, 0x0000, // 0x0270 (624) pixels
    0x0000, 0x0000, 0x0000, 0x0000, 0x0000, 0x0000, 0x0000, 0x0000, 0x0000, 0x0000, 0x0000, 0x0000, 0x0000, 0x0000, 0x0000, 0x0000, // 0x0280 (640) pixels
    0x0000, 0x0000, 0x0000, 0x0000, 0x0000, 0x0000, 0x0000, 0x0000, 0x0000, 0x0000, 0x0000, 0x0000, 0x0000, 0x0000, 0x0000, 0x0000, // 0x0290 (656) pixels
    0x0000, 0x0000, 0x0000, 0x0000, 0x0000, 0x0000, 0x0000, 0x0000, 0x0000, 0x0000, 0x0000, 0x0000, 0x0000, 0x0000, 0x0000, 0x0000, // 0x02A0 (672) pixels
    0x0000, 0x0000, 0x0000, 0x0000, 0x0000, 0x0000, 0x0000, 0x0000, 0x0000, 0x0000, 0x0000, 0x0000, 0x0000, 0x0000, 0x0000, 0x0000, // 0x02B0 (688) pixels
    0x0000, 0x0000, 0x0000, 0x0000, 0x0000, 0x0000, 0x0000, 0x0000, 0x0000, 0x0000, 0x0000, 0x0000, 0x0000, 0x0000, 0x0000, 0x0000, // 0x02C0 (704) pixels
    0x0000, 0x0000, 0x0000, 0x0000, 0x0000, 0x0000, 0x0000, 0x0000, 0x0000, 0x0000, 0x0000, 0x0000, 0x0000, 0x0000, 0x0000, 0x0000, // 0x02D0 (720) pixels
    0x0000, 0x0000, 0x0000, 0x0000, 0x0000, 0x0000, 0x0000, 0x0000, 0x0000, 0x0000, 0x0000, 0x0000, 0x0000, 0x0000, 0x0000, 0x0000, // 0x02E0 (736) pixels
    0x0000, 0x0000, 0x0000, 0x0000, 0x0000, 0x0000, 0x0000, 0x0000, 0x0000, 0x0000, 0x0000, 0x0000, 0x0000, 0x0000, 0x0000, 0x0000, // 0x02F0 (752) pixels
    0x0000, 0x0000, 0x0000, 0x0000, 0x0000, 0x0000, 0x0000, 0x0000, 0x0000, 0x0000, 0x0000, 0x0000, 0x0000, 0x0000, 0x0000, 0x0000, // 0x0300 (768) pixels
    0x0000, 0x0000, 0x0000, 0x0000, 0x0000, 0x0000, 0x0000, 0x0000, 0x0000, 0x0000, 0x0000, 0x0000, 0x0000, 0x0000, 0x0000, 0x0000, // 0x0310 (784) pixels
    0x0000, 0x0000, 0x0000, 0x0000, 0x0000, 0x0000, 0x0000, 0x0000, 0x0000, 0x0000, 0x0000, 0x0000, 0x0000, 0x0000, 0x0000, 0x0000, // 0x0320 (800) pixels
    0x0000, 0x0000, 0x0000, 0x0000, 0x0000, 0x0000, 0x0000, 0x0000, 0x0000, 0x0000, 0x0000, 0x0000, 0x0000, 0x0000, 0x0000, 0x0000, // 0x0330 (816) pixels
    0x0000, 0x0000, 0x0000, 0x0000, 0x0000, 0x0000, 0x0000, 0x0000, 0x0000, 0x0000, 0x0000, 0x0000, 0x0000, 0x0000, 0x0000, 0x0000, // 0x0340 (832) pixels
    0x0000, 0x0000, 0x0000, 0x0000, 0x0000, 0x0000, 0x0000, 0x0000, 0x0000, 0x0000, 0x0000, 0x0000, 0x0000, 0x0000, 0x0000, 0x0000, // 0x0350 (848) pixels
    0x0000, 0x0000, 0x0000, 0x0000, 0x0000, 0x0000, 0x0000, 0x0000, 0x0000, 0x0000, 0x0000, 0x0000, 0x0000, 0x0000, 0x0000, 0x0000, // 0x0360 (864) pixels
    0x0000, 0x0000, 0x0000, 0x0000, 0x0000, 0x0000, 0x0000, 0x0000, 0x0000, 0x0000, 0x0000, 0x0000, 0x0000, 0x0000, 0x0000, 0x0000, // 0x0370 (880) pixels
    0x0000, 0x0000, 0x0000, 0x0000, 0x0000, 0x0000, 0x0000, 0x0000, 0x0000, 0x0000, 0x0000, 0x0000, 0x0000, 0x0000, 0x0000, 0x0000, // 0x0380 (896) pixels
    0x0000, 0x0000, 0x0000, 0x0000, 0x0000, 0x0000, 0x0000, 0x0000, 0x0000, 0x0000, 0x0000, 0x0000, 0x0000, 0x0000, 0x0000, 0x0000, // 0x0390 (912) pixels
    0x0000, 0x0000, 0x0000, 0x0000, 0x0000, 0x0000, 0x0000, 0x0000, 0x0000, 0x0000, 0x0000, 0x0000, 0x0000, 0x0000, 0x0000, 0x0000, // 0x03A0 (928) pixels
    0x0000, 0x0000, 0x0000, 0x0000, 0x0000, 0x0000, 0x0000, 0x0000, 0x0000, 0x0000, 0x0000, 0x0000, 0x0000, 0x0000, 0x0000, 0x0000, // 0x03B0 (944) pixels
    0x0000, 0x0000, 0x0000, 0x0000, 0x0000, 0x0000, 0x0000, 0x0000, 0x0000, 0x0000, 0x0000, 0x0000, 0x0000, 0x0000, 0x0000, 0x0000, // 0x03C0 (960) pixels
    0x0000, 0x0000, 0x0000, 0x0000, 0x0000, 0x0000, 0x0000, 0x0000, 0x0000, 0x0000, 0x0000, 0x0000, 0x0000, 0x0000, 0x0000, 0x0000, // 0x03D0 (976) pixels
    0x0000, 0x0000, 0x0000, 0x0000, 0x0000, 0x0000, 0x0000, 0x0000, 0x0000, 0x0000, 0x0000, 0x0000, 0x0000, 0x0000, 0x0000, 0x0000, // 0x03E0 (992) pixels
    0x0000, 0x0000, 0x0000, 0x0000, 0x0000, 0x0000, 0x0000, 0x0000, 0x0000, 0x0000, 0x0000, 0x0000, 0x0000, 0x0000, 0x0000, 0x0000, // 0x03F0 (1008) pixels
    0x0000, 0x0000, 0x0000, 0x0000, 0x0000, 0x0000, 0x0000, 0x0000, 0x0000, 0x0000, 0x0000, 0x0000, 0x0000, 0x0000, 0x0000, 0x0000, // 0x0400 (1024) pixels
    0x0000, 0x0000, 0x0000, 0x0000, 0x0000, 0x0000, 0x0000, 0x0000, 0x0000, 0x0000, 0x0000, 0x0000, 0x0000, 0x0000, 0x0000, 0x0000, // 0x0410 (1040) pixels
    0x0000, 0x0000, 0x0000, 0x0000, 0x0000, 0x0000, 0x0000, 0x0000, 0x0000, 0x0000, 0x0000, 0x0000, 0x0000, 0x0000, 0x0000, 0x0000, // 0x0420 (1056) pixels
    0x0000, 0x0000, 0x0000, 0x0000, 0x0000, 0x0000, 0x0000, 0x0000, 0x0000, 0x0000, 0x0000, 0x0000, 0x0000, 0x0000, 0x0000, 0x0000, // 0x0430 (1072) pixels
    0x0000, 0x0000, 0x0000, 0x0000, 0x0000, 0x0000, 0x0000, 0x0000, 0x0000, 0x0000, 0x0000, 0x0000, 0x0000, 0x0000, 0x0000, 0x0000, // 0x0440 (1088) pixels
    0x0000, 0x0000, 0x0000, 0x0000, 0x0000, 0x0000, 0x0000, 0x0000, 0x0000, 0x0000, 0x0000, 0x0000, 0x0000, 0x0000, 0x0000, 0x0000, // 0x0450 (1104) pixels
    0x0000, 0x0000, 0x0000, 0x0000, 0x0000, 0x0000, 0x0000, 0x0000, 0x0000, 0x0000, 0x0000, 0x0000, 0x0000, 0x0000, 0x0000, 0x0000, // 0x0460 (1120) pixels
    0x0000, 0x0000, 0x0000, 0x0000, 0x0000, 0x0000, 0x0000, 0x0000, 0x0000, 0x0000, 0x0000, 0x0000, 0x0000, 0x0000, 0x0000, 0x0000, // 0x0470 (1136) pixels
    0x0000, 0x0000, 0x0000, 0x0000, 0x0000, 0x0000, 0x0000, 0x0000, 0x0000, 0x0000, 0x0000, 0x0000, 0x0000, 0x0000, 0x0000, 0x0000, // 0x0480 (1152) pixels
    0x0000, 0x0000, 0x0000, 0x0000, 0x0000, 0x0000, 0x0000, 0x0000, 0x0000, 0x0000, 0x0000, 0x0000, 0x0000, 0x0000, 0x0000, 0x0000, // 0x0490 (1168) pixels
    0x0000, 0x0000, 0x0000, 0x0000, 0x0000, 0x0000, 0x0000, 0x0000, 0x0000, 0x0000, 0x0000, 0x0000, 0x0000, 0x0000, 0x0000, 0x0000, // 0x04A0 (1184) pixels
    0x0000, 0x0000, 0x0000, 0x0000, 0x0000, 0x0000, 0x0000, 0x0000, 0x0000, 0x0000, 0x0000, 0x0000, 0x0000, 0x0000, 0x0000, 0x0000, // 0x04B0 (1200) pixels
    0x0000, 0x0000, 0x0000, 0x0000, 0x0000, 0x0000, 0x0000, 0x0000, 0x0000, 0x0000, 0x0000, 0x0000, 0x0000, 0x0000, 0x0000, 0x0000, // 0x04C0 (1216) pixels
    0x0000, 0x0000, 0x0000, 0x0000, 0x0000, 0x0000, 0x0000, 0x0000, 0x0000, 0x0000, 0x0000, 0x0000, 0x0000, 0x0000, 0x0000, 0x0000, // 0x04D0 (1232) pixels
    0x0000, 0x0000, 0x0000, 0x0000, 0x0000, 0x0000, 0x0000, 0x0000, 0x0000, 0x0000, 0x0000, 0x0000, 0x0000, 0x0000, 0x0000, 0x0000, // 0x04E0 (1248) pixels
    0x0000, 0x0000, 0x0000, 0x0000, 0x0000, 0x0000, 0x0000, 0x0000, 0x0000, 0x0000, 0x0000, 0x0000, 0x0000, 0x0000, 0x0000, 0x0000, // 0x04F0 (1264) pixels
    0x0000, 0x0000, 0x0000, 0x0000, 0x0000, 0x0000, 0x0000, 0x0000, 0x0000, 0x0000, 0x0000, 0x0000, 0x0000, 0x0000, 0x0000, 0x0000, // 0x0500 (1280) pixels
    0x0000, 0x0000, 0x0000, 0x0000, 0x0000, 0x0000, 0x0000, 0x0000, 0x0000, 0x0000, 0x0000, 0x0000, 0x0000, 0x0000, 0x0000, 0x0000, // 0x0510 (1296) pixels
    0x0000, 0x0000, 0x0000, 0x0000, 0x0000, 0x0000, 0x0000, 0x0000, 0x0000, 0x0000, 0x0000, 0x0000, 0x0000, 0x0000, 0x0000, 0x0000, // 0x0520 (1312) pixels
    0x0000, 0x0000, 0x0000, 0x0000, 0x0000, 0x0000, 0x0000, 0x0000, 0x0000, 0x0000, 0x0000, 0x0000, 0x0000, 0x0000, 0x0000, 0x0000, // 0x0530 (1328) pixels
    0x0000, 0x0000, 0x0000, 0x0000, 0x0000, 0x0000, 0x0000, 0x0000, 0x0000, 0x0000, 0x0000, 0x0000, 0x0000, 0x0000, 0x0000, 0x0000, // 0x0540 (1344) pixels
    0x0000, 0x0000, 0x0000, 0x0000, 0x0000, 0x0000, 0x0000, 0x0000, 0x0000, 0x0000, 0x0000, 0x0000, 0x0000, 0x0000, 0x0000, 0x0000, // 0x0550 (1360) pixels
    0x0000, 0x0000, 0x0000, 0x0000, 0x0000, 0x0000, 0x0000, 0x0000, 0x0000, 0x0000, 0x0000, 0x0000, 0x0000, 0x0000, 0x0000, 0x0000, // 0x0560 (1376) pixels
    0x0000, 0x0000, 0x0000, 0x0000, 0x0000, 0x0000, 0x0000, 0x0000, 0x0000, 0x0000, 0x0000, 0x0000, 0x0000, 0x0000, 0x0000, 0x0000, // 0x0570 (1392) pixels
    0x0000, 0x0000, 0x0000, 0x0000, 0x0000, 0x0000, 0x0000, 0x0000, 0x0000, 0x0000, 0x0000, 0x0000, 0x0000, 0x0000, 0x0000, 0x0000, // 0x0580 (1408) pixels
    0x0000, 0x0000, 0x0000, 0x0000, 0x0000, 0x0000, 0x0000, 0x0000, 0x0000, 0x0000, 0x0000, 0x0000, 0x0000, 0x0000, 0x0000, 0x0000, // 0x0590 (1424) pixels
    0x0000, 0x0000, 0x0000, 0x0000, 0x0000, 0x0000, 0x0000, 0x0000, 0x0000, 0x0000, 0x0000, 0x0000, 0x0000, 0x0000, 0x0000, 0x0000, // 0x05A0 (1440) pixels
    0x0000, 0x0000, 0x0000, 0x0000, 0x0000, 0x0000, 0x0000, 0x0000, 0x0000, 0x0000, 0x0000, 0x0000, 0x0000, 0x0000, 0x0000, 0x0000, // 0x05B0 (1456) pixels
    0x0000, 0x0000, 0x0000, 0x0000, 0x0000, 0x0000, 0x0000, 0x0000, 0x0000, 0x0000, 0x0000, 0x0000, 0x0000, 0x0000, 0x0000, 0x0000, // 0x05C0 (1472) pixels
    0x0000, 0x0000, 0x0000, 0x0000, 0x0000, 0x0000, 0x0000, 0x0000, 0x0000, 0x0000, 0x0000, 0x0000, 0x0000, 0x0000, 0x0000, 0x0000, // 0x05D0 (1488) pixels
    0x0000, 0x0000, 0x0000, 0x0000, 0x0000, 0x0000, 0x0000, 0x0000, 0x0000, 0x0000, 0x0000, 0x0000, 0x0000, 0x0000, 0x0000, 0x0000, // 0x05E0 (1504) pixels
    0x0000, 0x0000, 0x0000, 0x0000, 0x0000, 0x0000, 0x0000, 0x0000, 0x0000, 0x0000, 0x0000, 0x0000, 0x0000, 0x0000, 0x0000, 0x0000, // 0x05F0 (1520) pixels
    0x0000, 0x0000, 0x0000, 0x0000, 0x0000, 0x0000, 0x0000, 0x0000, 0x0000, 0x0000, 0x0000, 0x0000, 0x0000, 0x0000, 0x0000, 0x0000, // 0x0600 (1536) pixels
    0x0000, 0x0000, 0x0000, 0x0000, 0x0000, 0x0000, 0x0000, 0x0000, 0x0000, 0x0000, 0x0000, 0x0000, 0x0000, 0x0000, 0x0000, 0x0000, // 0x0610 (1552) pixels
    0x0000, 0x0000, 0x0000, 0x0000, 0x0000, 0x0000, 0x0000, 0x0000, 0x0000, 0x0000, 0x0000, 0x0000, 0x0000, 0x0000, 0x0000, 0x0000, // 0x0620 (1568) pixels
    0x0000, 0x0000, 0x0000, 0x0000, 0x0000, 0x0000, 0x0000, 0x0000, 0x0000, 0x0000, 0x0000, 0x0000, 0x0000, 0x0000, 0x0000, 0x0000, // 0x0630 (1584) pixels
    0x0000, 0x0000, 0x0000, 0x0000, 0x0000, 0x0000, 0x0000, 0x0000, 0x0000, 0x0000, 0x0000, 0x0000, 0x0000, 0x0000, 0x0000, 0x0000, // 0x0640 (1600) pixels
    0x0000, 0x0000, 0x0000, 0x0000, 0x0000, 0x0000, 0x0000, 0x0000, 0x0000, 0x0000, 0x0000, 0x0000, 0x0000, 0x0000, 0x0000, 0x0000, // 0x0650 (1616) pixels
    0x0000, 0x0000, 0x0000, 0x0000, 0x0000, 0x0000, 0x0000, 0x0000, 0x0000, 0x0000, 0x0000, 0x0000, 0x0000, 0x0000, 0x0000, 0x0000, // 0x0660 (1632) pixels
    0x0000, 0x0000, 0x0000, 0x0000, 0x0000, 0x0000, 0x0000, 0x0000, 0x0000, 0x0000, 0x0000, 0x0000, 0x0000, 0x0000, 0x0000, 0x0000, // 0x0670 (1648) pixels
    0x0000, 0x0000, 0x0000, 0x0000, 0x0000, 0x0000, 0x0000, 0x0000, 0x0000, 0x0000, 0x0000, 0x0000, 0x0000, 0x0000, 0x0000, 0x0000, // 0x0680 (1664) pixels
    0x0000, 0x0000, 0x0000, 0x0000, 0x0000, 0x0000, 0x0000, 0x0000, 0x0000, 0x0000, 0x0000, 0x0000, 0x0000, 0x0000, 0x0000, 0x0000, // 0x0690 (1680) pixels
    0x0000, 0x0000, 0x0000, 0x0000, 0x0000, 0x0000, 0x0000, 0x0000, 0x0000, 0x0000, 0x0000, 0x0000, 0x0000, 0x0000, 0x0000, 0x0000, // 0x06A0 (1696) pixels
    0x0000, 0x0000, 0x0000, 0x0000, 0x0000, 0x0000, 0x0000, 0x0000, 0x0000, 0x0000, 0x0000, 0x0000, 0x0000, 0x0000, 0x0000, 0x0000, // 0x06B0 (1712) pixels
    0x0000, 0x0000, 0x0000, 0x0000, 0x0000, 0x0000, 0x0000, 0x0000, 0x0000, 0x0000, 0x0000, 0x0000, 0x0000, 0x0000, 0x0000, 0x0000, // 0x06C0 (1728) pixels
    0x0000, 0x0000, 0x0000, 0x0000, 0x0000, 0x0000, 0x0000, 0x0000, 0x0000, 0x0000, 0x0000, 0x0000, 0x0000, 0x0000, 0x0000, 0x0000, // 0x06D0 (1744) pixels
    0x0000, 0x0000, 0x0000, 0x0000, 0x0000, 0x0000, 0x0000, 0x0000, 0x0000, 0x0000, 0x0000, 0x0000, 0x0000, 0x0000, 0x0000, 0x0000, // 0x06E0 (1760) pixels
    0x0000, 0x0000, 0x0000, 0x0000, 0x0000, 0x0000, 0x0000, 0x0000, 0x0000, 0x0000, 0x0000, 0x0000, 0x0000, 0x0000, 0x0000, 0x0000, // 0x06F0 (1776) pixels
    0x0000, 0x0000, 0x0000, 0x0000, 0x0000, 0x0000, 0x0000, 0x0000, 0x0000, 0x0000, 0x0000, 0x0000, 0x0000, 0x0000, 0x0000, 0x0000, // 0x0700 (1792) pixels
    0x0000, 0x0000, 0x0000, 0x0000, 0x0000, 0x0000, 0x0000, 0x0000, 0x0000, 0x0000, 0x0000, 0x0000, 0x0000, 0x0000, 0x0000, 0x0000, // 0x0710 (1808) pixels
    0x0000, 0x0000, 0x0000, 0x0000, 0x0000, 0x0000, 0x0000, 0x0000, 0x0000, 0x0000, 0x0000, 0x0000, 0x0000, 0x0000, 0x0000, 0x0000, // 0x0720 (1824) pixels
    0x0000, 0x0000, 0x0000, 0x0000, 0x0000, 0x0000, 0x0000, 0x0000, 0x0000, 0x0000, 0x0000, 0x0000, 0x0000, 0x0000, 0x0000, 0x0000, // 0x0730 (1840) pixels
    0x0000, 0x0000, 0x0000, 0x0000, 0x0000, 0x0000, 0x0000, 0x0000, 0x0000, 0x0000, 0x0000, 0x0000, 0x0000, 0x0000, 0x0000, 0x0000, // 0x0740 (1856) pixels
    0x0000, 0x0000, 0x0000, 0x0000, 0x0000, 0x0000, 0x0000, 0x0000, 0x0000, 0x0000, 0x0000, 0x0000, 0x0000, 0x0000, 0x0000, 0x0000, // 0x0750 (1872) pixels
    0x0000, 0x0000, 0x0000, 0x0000, 0x0000, 0x0000, 0x0000, 0x0000, 0x0000, 0x0000, 0x0000, 0x0000, 0x0000, 0x0000, 0x0000, 0x0000, // 0x0760 (1888) pixels
    0x0000, 0x0000, 0x0000, 0x0000, 0x0000, 0x0000, 0x0000, 0x0000, 0x0000, 0x0000, 0x0000, 0x0000, 0x0000, 0x0000, 0x0000, 0x0000, // 0x0770 (1904) pixels
    0x0000, 0x0000, 0x0000, 0x0000, 0x0000, 0x0000, 0x0000, 0x0000, 0x0000, 0x0000, 0x0000, 0x0000, 0x0000, 0x0000, 0x0000, 0x0000, // 0x0780 (1920) pixels
    0x0000, 0x0000, 0x0000, 0x0000, 0x0000, 0x0000, 0x0000, 0x0000, 0x0000, 0x0000, 0x0000, 0x0000, 0x0000, 0x0000, 0x0000, 0x0000, // 0x0790 (1936) pixels
    0x0000, 0x0000, 0x0000, 0x0000, 0x0000, 0x0000, 0x0000, 0x0000, 0x0000, 0x0000, 0x0000, 0x0000, 0x0000, 0x0000, 0x0000, 0x0000, // 0x07A0 (1952) pixels
    0x0000, 0x0000, 0x0000, 0x0000, 0x0000, 0x0000, 0x0000, 0x0000, 0x0000, 0x0000, 0x0000, 0x0000, 0x0000, 0x0000, 0x0000, 0x0000, // 0x07B0 (1968) pixels
    0x0000, 0x0000, 0x0000, 0x0000, 0x0000, 0x0000, 0x0000, 0x0000, 0x0000, 0x0000, 0x0000, 0x0000, 0x0000, 0x0000, 0x0000, 0x0000, // 0x07C0 (1984) pixels
    0x0000, 0x0000, 0x0000, 0x0000, 0x0000, 0x0000, 0x0000, 0x0000, 0x0000, 0x0000, 0x0000, 0x0000, 0x0000, 0x0000, 0x0000, 0x0000, // 0x07D0 (2000) pixels
    0x0000, 0x0000, 0x0000, 0x0000, 0x0000, 0x0000, 0x0000, 0x0000, 0x0000, 0x0000, 0x0000, 0x0000, 0x0000, 0x0000, 0x0000, 0x0000, // 0x07E0 (2016) pixels
    0x0000, 0x0000, 0x0000, 0x0000, 0x0000, 0x0000, 0x0000, 0x0000, 0x0000, 0x0000, 0x0000, 0x0000, 0x0000, 0x0000, 0x0000, 0x0000, // 0x07F0 (2032) pixels
    0x0000, 0x0000, 0x0000, 0x0000, 0x0000, 0x0000, 0x0000, 0x0000, 0x0000, 0x0000, 0x0000, 0x0000, 0x0000, 0x0000, 0x0000, 0x0000, // 0x0800 (2048) pixels
    0x0000, 0x0000, 0x0000, 0x0000, 0x0000, 0x0000, 0x0000, 0x0000, 0x0000, 0x0000, 0x0000, 0x0000, 0x0000, 0x0000, 0x0000, 0x0000, // 0x0810 (2064) pixels
    0x0000, 0x0000, 0x0000, 0x0000, 0x0000, 0x0000, 0x0000, 0x0000, 0x0000, 0x0000, 0x0000, 0x0000, 0x0000, 0x0000, 0x0000, 0x0000, // 0x0820 (2080) pixels
    0x0000, 0x0000, 0x0000, 0x0000, 0x0000, 0x0000, 0x0000, 0x0000, 0x0000, 0x0000, 0x0000, 0x0000, 0x0000, 0x0000, 0x0000, 0x0000, // 0x0830 (2096) pixels
    0x0000, 0x0000, 0x0000, 0x0000, 0x0000, 0x0000, 0x0000, 0x0000, 0x0000, 0x0000, 0x0000, 0x0000, 0x0000, 0x0000, 0x0000, 0x0000, // 0x0840 (2112) pixels
    0x0000, 0x0000, 0x0000, 0x0000, 0x0000, 0x0000, 0x0000, 0x0000, 0x0000, 0x0000, 0x0000, 0x0000, 0x0000, 0x0000, 0x0000, 0x0000, // 0x0850 (2128) pixels
    0x0000, 0x0000, 0x0000, 0x0000, 0x0000, 0x0000, 0x0000, 0x0000, 0x0000, 0x0000, 0x0000, 0x0000, 0x0000, 0x0000, 0x0000, 0x0000, // 0x0860 (2144) pixels
    0x0000, 0x0000, 0x0000, 0x0000, 0x0000, 0x0000, 0x0000, 0x0000, 0x0000, 0x0000, 0x0000, 0x0000, 0x0000, 0x0000, 0x0000, 0x0000, // 0x0870 (2160) pixels
    0x0000, 0x0000, 0x0000, 0x0000, 0x0000, 0x0000, 0x0000, 0x0000, 0x0000, 0x0000, 0x0000, 0x0000, 0x0000, 0x0000, 0x0000, 0x0000, // 0x0880 (2176) pixels
    0x0000, 0x0000, 0x0000, 0x0000, 0x0000, 0x0000, 0x0000, 0x0000, 0x0000, 0x0000, 0x0000, 0x0000, 0x0000, 0x0000, 0x0000, 0x0000, // 0x0890 (2192) pixels
    0x0000, 0x0000, 0x0000, 0x0000, 0x0000, 0x0000, 0x0000, 0x0000, 0x0000, 0x0000, 0x0000, 0x0000, 0x0000, 0x0000, 0x0000, 0x0000, // 0x08A0 (2208) pixels
    0x0000, 0x0000, 0x0000, 0x0000, 0x0000, 0x0000, 0x0000, 0x0000, 0x0000, 0x0000, 0x0000, 0x0000, 0x0000, 0x0000, 0x0000, 0x0000, // 0x08B0 (2224) pixels
    0x0000, 0x0000, 0x0000, 0x0000, 0x0000, 0x0000, 0x0000, 0x0000, 0x0000, 0x0000, 0x0000, 0x0000, 0x0000, 0x0000, 0x0000, 0x0000, // 0x08C0 (2240) pixels
    0x0000, 0x0000, 0x0000, 0x0000, 0x0000, 0x0000, 0x0000, 0x0000, 0x0000, 0x0000, 0x0000, 0x0000, 0x0000, 0x0000, 0x0000, 0x0000, // 0x08D0 (2256) pixels
    0x0000, 0x0000, 0x0000, 0x0000, 0x0000, 0x0000, 0x0000, 0x0000, 0x0000, 0x0000, 0x0000, 0x0000, 0x0000, 0x0000, 0x0000, 0x0000, // 0x08E0 (2272) pixels
    0x0000, 0x0000, 0x0000, 0x0000, 0x0000, 0x0000, 0x0000, 0x0000, 0x0000, 0x0000, 0x0000, 0x0000, 0x0000, 0x0000, 0x0000, 0x0000, // 0x08F0 (2288) pixels
    0x0000, 0x0000, 0x0000, 0x0000, 0x0000, 0x0000, 0x0000, 0x0000, 0x0000, 0x0000, 0x0000, 0x0000, 0x0000, 0x0000, 0x0000, 0x0000, // 0x0900 (2304) pixels
    0x0000, 0x0000, 0x0000, 0x0000, 0x0000, 0x0000, 0x0000, 0x0000, 0x0000, 0x0000, 0x0000, 0x0000, 0x0000, 0x0000, 0x0000, 0x0000, // 0x0910 (2320) pixels
    0x0000, 0x0000, 0x0000, 0x0000, 0x0000, 0x0000, 0x0000, 0x0000, 0x0000, 0x0000, 0x0000, 0x0000, 0x0000, 0x0000, 0x0000, 0x0000, // 0x0920 (2336) pixels
    0x0000, 0x0000, 0x0000, 0x0000, 0x0000, 0x0000, 0x0000, 0x0000, 0x0000, 0x0000, 0x0000, 0x0000, 0x0000, 0x0000, 0x0000, 0x0000, // 0x0930 (2352) pixels
    0x0000, 0x0000, 0x0000, 0x0000, 0x0000, 0x0000, 0x0000, 0x0000, 0x0000, 0x0000, 0x0000, 0x0000, 0x0000, 0x0000, 0x0000, 0x0000, // 0x0940 (2368) pixels
    0x0000, 0x0000, 0x0000, 0x0000, 0x0000, 0x0000, 0x0000, 0x0000, 0x0000, 0x0000, 0x0000, 0x0000, 0x0000, 0x0000, 0x0000, 0x0000, // 0x0950 (2384) pixels
    0x0000, 0x0000, 0x0000, 0x0000, 0x0000, 0x0000, 0x0000, 0x0000, 0x0000, 0x0000, 0x0000, 0x0000, 0x0000, 0x0000, 0x0000, 0x0000, // 0x0960 (2400) pixels
    0x0000, 0x0000, 0x0000, 0x0000, 0x0000, 0x0000, 0x0000, 0x0000, 0x0000, 0x0000, 0x0000, 0x0000, 0x0000, 0x0000, 0x0000, 0x0000, // 0x0970 (2416) pixels
    0x0000, 0x0000, 0x0000, 0x0000, 0x0000, 0x0000, 0x0000, 0x0000, 0x0000, 0x0000, 0x0000, 0x0000, 0x0000, 0x0000, 0x0000, 0x0000, // 0x0980 (2432) pixels
    0x0000, 0x0000, 0x0000, 0x0000, 0x0000, 0x0000, 0x0000, 0x0000, 0x0000, 0x0000, 0x0000, 0x0000, 0x0000, 0x0000, 0x0000, 0x0000, // 0x0990 (2448) pixels
    0x0000, 0x0000, 0x0000, 0x0000, 0x0000, 0x0000, 0x0000, 0x0000, 0x0000, 0x0000, 0x0000, 0x0000, 0x0000, 0x0000, 0x0000, 0x0000, // 0x09A0 (2464) pixels
    0x0000, 0x0000, 0x0000, 0x0000, 0x0000, 0x0000, 0x0000, 0x0000, 0x0000, 0x0000, 0x0000, 0x0000, 0x0000, 0x0000, 0x0000, 0x0000, // 0x09B0 (2480) pixels
    0x0000, 0x0000, 0x0000, 0x0000, 0x0000, 0x0000, 0x0000, 0x0000, 0x0000, 0x0000, 0x0000, 0x0000, 0x0000, 0x0000, 0x0000, 0x0000, // 0x09C0 (2496) pixels
    0x0000, 0x0000, 0x0000, 0x0000, 0x0000, 0x0000, 0x0000, 0x0000, 0x0000, 0x0000, 0x0000, 0x0000, 0x0000, 0x0000, 0x0000, 0x0000, // 0x09D0 (2512) pixels
    0x0000, 0x0000, 0x0000, 0x0000, 0x0000, 0x0000, 0x0000, 0x0000, 0x0000, 0x0000, 0x0000, 0x0000, 0x0000, 0x0000, 0x0000, 0x0000, // 0x09E0 (2528) pixels
    0x0000, 0x0000, 0x0000, 0x0000, 0x0000, 0x0000, 0x0000, 0x0000, 0x0000, 0x0000, 0x0000, 0x0000, 0x0000, 0x0000, 0x0000, 0x0000, // 0x09F0 (2544) pixels
    0x0000, 0x0000, 0x0000, 0x0000, 0x0000, 0x0000, 0x0000, 0x0000, 0x0000, 0x0000, 0x0000, 0x0000, 0x0000, 0x0000, 0x0000, 0x0000, // 0x0A00 (2560) pixels
    0x0000, 0x0000, 0x0000, 0x0000, 0x0000, 0x0000, 0x0000, 0x0000, 0x0000, 0x0000, 0x0000, 0x0000, 0x0000, 0x0000, 0x0000, 0x0000, // 0x0A10 (2576) pixels
    0x0000, 0x0000, 0x0000, 0x0000, 0x0000, 0x0000, 0x0000, 0x0000, 0x0000, 0x0000, 0x0000, 0x0000, 0x0000, 0x0000, 0x0000, 0x0000, // 0x0A20 (2592) pixels
    0x0000, 0x0000, 0x0000, 0x0000, 0x0000, 0x0000, 0x0000, 0x0000, 0x0000, 0x0000, 0x0000, 0x0000, 0x0000, 0x0000, 0x0000, 0x0000, // 0x0A30 (2608) pixels
    0x0000, 0x0000, 0x0000, 0x0000, 0x0000, 0x0000, 0x0000, 0x0000, 0x0000, 0x0000, 0x0000, 0x0000, 0x0000, 0x0000, 0x0000, 0x0000, // 0x0A40 (2624) pixels
    0x0000, 0x0000, 0x0000, 0x0000, 0x0000, 0x0000, 0x0000, 0x0000, 0x0000, 0x0000, 0x0000, 0x0000, 0x0000, 0x0000, 0x0000, 0x0000, // 0x0A50 (2640) pixels
    0x0000, 0x0000, 0x0000, 0x0000, 0x0000, 0x0000, 0x0000, 0x0000, 0x0000, 0x0000, 0x0000, 0x0000, 0x0000, 0x0000, 0x0000, 0x0000, // 0x0A60 (2656) pixels
    0x0000, 0x0000, 0x0000, 0x0000, 0x0000, 0x0000, 0x0000, 0x0000, 0x0000, 0x0000, 0x0000, 0x0000, 0x0000, 0x0000, 0x0000, 0x0000, // 0x0A70 (2672) pixels
    0x0000, 0x0000, 0x0000, 0x0000, 0x0000, 0x0000, 0x0000, 0x0000, 0x0000, 0x0000, 0x0000, 0x0000, 0x0000, 0x0000, 0x0000, 0x0000, // 0x0A80 (2688) pixels
    0x0000, 0x0000, 0x0000, 0x0000, 0x0000, 0x0000, 0x0000, 0x0000, 0x0000, 0x0000, 0x0000, 0x0000, 0x0000, 0x0000, 0x0000, 0x0000, // 0x0A90 (2704) pixels
    0x0000, 0x0000, 0x0000, 0x0000, 0x0000, 0x0000, 0x0000, 0x0000, 0x0000, 0x0000, 0x0000, 0x0000, 0x0000, 0x0000, 0x0000, 0x0000, // 0x0AA0 (2720) pixels
    0x0000, 0x0000, 0x0000, 0x0000, 0x0000, 0x0000, 0x0000, 0x0000, 0x0000, 0x0000, 0x0000, 0x0000, 0x0000, 0x0000, 0x0000, 0x0000, // 0x0AB0 (2736) pixels
    0x0000, 0x0000, 0x0000, 0x0000, 0x0000, 0x0000, 0x0000, 0x0000, 0x0000, 0x0000, 0x0000, 0x0000, 0x0000, 0x0000, 0x0000, 0x0000, // 0x0AC0 (2752) pixels
    0x0000, 0x0000, 0x0000, 0x0000, 0x0000, 0x0000, 0x0000, 0x0000, 0x0000, 0x0000, 0x0000, 0x0000, 0x0000, 0x0000, 0x0000, 0x0000, // 0x0AD0 (2768) pixels
    0x0000, 0x0000, 0x0000, 0x0000, 0x0000, 0x0000, 0x0000, 0x0000, 0x0000, 0x0000, 0x0000, 0x0000, 0x0000, 0x0000, 0x0000, 0x0000, // 0x0AE0 (2784) pixels
    0x0000, 0x0000, 0x0000, 0x0000, 0x0000, 0x0000, 0x0000, 0x0000, 0x0000, 0x0000, 0x0000, 0x0000, 0x0000, 0x0000, 0x0000, 0x0000, // 0x0AF0 (2800) pixels
    0x0000, 0x0000, 0x0000, 0x0000, 0x0000, 0x0000, 0x0000, 0x0000, 0x0000, 0x0000, 0x0000, 0x0000, 0x0000, 0x0000, 0x0000, 0x0000, // 0x0B00 (2816) pixels
    0x0000, 0x0000, 0x0000, 0x0000, 0x0000, 0x0000, 0x0000, 0x0000, 0x0000, 0x0000, 0x0000, 0x0000, 0x0000, 0x0000, 0x0000, 0x0000, // 0x0B10 (2832) pixels
    0x0000, 0x0000, 0x0000, 0x0000, 0x0000, 0x0000, 0x0000, 0x0000, 0x0000, 0x0000, 0x0000, 0x0000, 0x0000, 0x0000, 0x0000, 0x0000, // 0x0B20 (2848) pixels
    0x0000, 0x0000, 0x0000, 0x0000, 0x0000, 0x0000, 0x0000, 0x0000, 0x0000, 0x0000, 0x0000, 0x0000, 0x0000, 0x0000, 0x0000, 0x0000, // 0x0B30 (2864) pixels
    0x0000, 0x0000, 0x0000, 0x0000, 0x0000, 0x0000, 0x0000, 0x0000, 0x0000, 0x0000, 0x0000, 0x0000, 0x0000, 0x0000, 0x0000, 0x0000, // 0x0B40 (2880) pixels
    0x0020, 0x0020, 0x0000, 0x0000, 0x0000, 0x0000, 0x0000, 0x0001, 0x0800, 0x0000, 0x0000, 0x0000, 0x0000, 0x0021, 0x0021, 0x0001, // 0x0B50 (2896) pixels
    0x0000, 0x0000, 0x0020, 0x0000, 0x0000, 0x0020, 0x0020, 0x0000, 0x0000, 0x0000, 0x0000, 0x0000, 0x0000, 0x0000, 0x0000, 0x0000, // 0x0B60 (2912) pixels
    0x0000, 0x0000, 0x0021, 0x0000, 0x0020, 0x0000, 0x0020, 0x0000, 0x0000, 0x0000, 0x0000, 0x0000, 0x0000, 0x0000, 0x0000, 0x0000, // 0x0B70 (2928) pixels
    0x0000, 0x0000, 0x0000, 0x0000, 0x0000, 0x0000, 0x0000, 0x0000, 0x0000, 0x0000, 0x0000, 0x0000, 0x0000, 0x0000, 0x0000, 0x0000, // 0x0B80 (2944) pixels
    0x0000, 0x0000, 0x0000, 0x0000, 0x0000, 0x0000, 0x0000, 0x0000, 0x0000, 0x0000, 0x0000, 0x0000, 0x0000, 0x0000, 0x0000, 0x0000, // 0x0B90 (2960) pixels
    0x0000, 0x0000, 0x0000, 0x0000, 0x0000, 0x0000, 0x0000, 0x0000, 0x0000, 0x0000, 0x0000, 0x0000, 0x0000, 0x0000, 0x0000, 0x0000, // 0x0BA0 (2976) pixels
    0x0000, 0x0000, 0x0000, 0x0000, 0x0000, 0x0000, 0x0000, 0x0000, 0x0000, 0x0000, 0x0000, 0x0000, 0x0000, 0x0000, 0x0000, 0x0000, // 0x0BB0 (2992) pixels
    0x0000, 0x0000, 0x0000, 0x0000, 0x0000, 0x0000, 0x0000, 0x0000, 0x0001, 0x0000, 0x0000, 0x0020, 0x0000, 0x0000, 0x0020, 0x0000, // 0x0BC0 (3008) pixels
    0x0000, 0x0000, 0x0000, 0x0000, 0x0000, 0x0000, 0x0000, 0x0020, 0x0000, 0x0000, 0x0000, 0x0000, 0x0020, 0x0000, 0x0000, 0x0000, // 0x0BD0 (3024) pixels
    0x0000, 0x0000, 0x0000, 0x0000, 0x0000, 0x0020, 0x0000, 0x0000, 0x0000, 0x0000, 0x0821, 0x0000, 0x0000, 0x0020, 0x0000, 0x0000, // 0x0BE0 (3040) pixels
    0x0000, 0x0000, 0x0000, 0x0000, 0x0000, 0x0000, 0x0000, 0x0000, 0x0000, 0x0000, 0x0000, 0x0000, 0x0000, 0x0000, 0x0000, 0x0000, // 0x0BF0 (3056) pixels
    0x0000, 0x0000, 0x0000, 0x0000, 0x0000, 0x0000, 0x0000, 0x0000, 0x0000, 0x0000, 0x0000, 0x0000, 0x0000, 0x0000, 0x0000, 0x0000, // 0x0C00 (3072) pixels
    0x0000, 0x0000, 0x0000, 0x0000, 0x0000, 0x0000, 0x0000, 0x0000, 0x0000, 0x0000, 0x0000, 0x0000, 0x0000, 0x0000, 0x0000, 0x0000, // 0x0C10 (3088) pixels
    0x0000, 0x0000, 0x0000, 0x0000, 0x0000, 0x0000, 0x0000, 0x0000, 0x0000, 0x0000, 0x0000, 0x0000, 0x0000, 0x0000, 0x0000, 0x0000, // 0x0C20 (3104) pixels
    0x0000, 0x0000, 0x0000, 0x0000, 0x0000, 0x0000, 0x0000, 0x0000, 0x0000, 0x0000, 0x0000, 0x0000, 0x0000, 0x0000, 0x0000, 0x0000, // 0x0C30 (3120) pixels
    0x0001, 0x0000, 0x0000, 0x0001, 0x0000, 0x0000, 0x0020, 0x0021, 0x0000, 0x0000, 0x0000, 0x0020, 0x0000, 0x0000, 0x0000, 0x0000, // 0x0C40 (3136) pixels
    0x0020, 0x0000, 0x0000, 0x0000, 0x0020, 0x0000, 0x0000, 0x0000, 0x0000, 0x0000, 0x0000, 0x0000, 0x0000, 0x0000, 0x0020, 0x52AA, // 0x0C50 (3152) pixels
    0x73AE, 0x4207, 0x0000, 0x0000, 0x0000, 0x0000, 0x0000, 0x0000, 0x0000, 0x0000, 0x0000, 0x0000, 0x0000, 0x0000, 0x0000, 0x0000, // 0x0C60 (3168) pixels
    0x0000, 0x0000, 0x0000, 0x0000, 0x0000, 0x0000, 0x0000, 0x0000, 0x0000, 0x0000, 0x0000, 0x0000, 0x0000, 0x0000, 0x0000, 0x0000, // 0x0C70 (3184) pixels
    0x0000, 0x0000, 0x0000, 0x0000, 0x0000, 0x0000, 0x0000, 0x0000, 0x0000, 0x0000, 0x0000, 0x0000, 0x0000, 0x0000, 0x0000, 0x0000, // 0x0C80 (3200) pixels
    0x0000, 0x0000, 0x0000, 0x0000, 0x0000, 0x0000, 0x0000, 0x0000, 0x0000, 0x0000, 0x0000, 0x0000, 0x0000, 0x0000, 0x0000, 0x0000, // 0x0C90 (3216) pixels
    0x0000, 0x0000, 0x0000, 0x0000, 0x0000, 0x0000, 0x0000, 0x0000, 0x0000, 0x0000, 0x0000, 0x0000, 0x0000, 0x0000, 0x0000, 0x0000, // 0x0CA0 (3232) pixels
    0x0000, 0x0000, 0x0000, 0x0000, 0x0000, 0x0000, 0x0000, 0x0000, 0x0000, 0x0800, 0x0000, 0x0001, 0x0002, 0x0001, 0x0001, 0x0002, // 0x0CB0 (3248) pixels
    0x0020, 0x0020, 0x0020, 0x0020, 0x0000, 0x0000, 0x0020, 0x0000, 0x0000, 0x0000, 0x0861, 0x0000, 0x0000, 0x0000, 0x0020, 0x0000, // 0x0CC0 (3264) pixels
    0x0020, 0x0000, 0x0000, 0x0000, 0x0841, 0x0000, 0x18E3, 0xC618, 0xFFFF, 0x9D13, 0x0000, 0x0000, 0x0820, 0x0000, 0x0000, 0x0000, // 0x0CD0 (3280) pixels
    0x0000, 0x0000, 0x0000, 0x0000, 0x0000, 0x0000, 0x0000, 0x0000, 0x0000, 0x0000, 0x0000, 0x0000, 0x0000, 0x0000, 0x0000, 0x0000, // 0x0CE0 (3296) pixels
    0x0000, 0x0000, 0x0000, 0x0000, 0x0000, 0x0000, 0x0000, 0x0000, 0x0000, 0x0000, 0x0000, 0x0000, 0x0000, 0x0000, 0x0000, 0x0000, // 0x0CF0 (3312) pixels
    0x0000, 0x0000, 0x0000, 0x0000, 0x0000, 0x0000, 0x0000, 0x0000, 0x0000, 0x0000, 0x0000, 0x0000, 0x0000, 0x0000, 0x0000, 0x0000, // 0x0D00 (3328) pixels
    0x0000, 0x0000, 0x0000, 0x0000, 0x0000, 0x0000, 0x0000, 0x0000, 0x0000, 0x0000, 0x0000, 0x0000, 0x0000, 0x0000, 0x0000, 0x0000, // 0x0D10 (3344) pixels
    0x0000, 0x0000, 0x0000, 0x0000, 0x0000, 0x0000, 0x0000, 0x0000, 0x0000, 0x0000, 0x0000, 0x0000, 0x0000, 0x0000, 0x0000, 0x0000, // 0x0D20 (3360) pixels
    0x0800, 0x0000, 0x0000, 0x0021, 0x0821, 0x2923, 0x28E1, 0x1000, 0x0000, 0x0001, 0x0000, 0x0000, 0x0000, 0x0000, 0x0000, 0x0000, // 0x0D30 (3376) pixels
    0x0000, 0x1082, 0x6B6E, 0x7BCF, 0x39E7, 0x0000, 0x0000, 0x0020, 0x0000, 0x0000, 0x0000, 0x0000, 0x0020, 0x0000, 0x18C3, 0xCE59, // 0x0D40 (3392) pixels
    0xFFFF, 0xB5F7, 0x18E3, 0x0000, 0x0020, 0x0000, 0x0000, 0x0000, 0x0000, 0x0000, 0x0000, 0x0000, 0x0000, 0x0000, 0x0000, 0x0000, // 0x0D50 (3408) pixels
    0x0000, 0x0000, 0x0000, 0x0000, 0x0000, 0x0000, 0x0000, 0x0000, 0x0000, 0x0000, 0x0000, 0x0000, 0x0000, 0x0000, 0x0000, 0x0000, // 0x0D60 (3424) pixels
    0x0000, 0x0000, 0x0000, 0x0000, 0x0000, 0x0000, 0x0000, 0x0000, 0x0000, 0x0000, 0x0000, 0x0000, 0x0000, 0x0000, 0x0000, 0x0000, // 0x0D70 (3440) pixels
    0x0000, 0x0000, 0x0000, 0x0000, 0x0000, 0x0000, 0x0000, 0x0000, 0x0000, 0x0000, 0x0000, 0x0000, 0x0000, 0x0000, 0x0000, 0x0000, // 0x0D80 (3456) pixels
    0x0000, 0x0000, 0x0000, 0x0000, 0x0000, 0x0000, 0x0000, 0x0000, 0x0000, 0x0000, 0x0000, 0x0000, 0x0000, 0x0000, 0x0000, 0x0000, // 0x0D90 (3472) pixels
    0x0000, 0x0000, 0x0000, 0x0000, 0x0000, 0x0000, 0x0000, 0x0000, 0x0001, 0x0000, 0x0020, 0x0000, 0x1040, 0x8C2A, 0xB50C, 0x6241, // 0x0DA0 (3488) pixels
    0x0800, 0x0000, 0x0000, 0x0000, 0x0021, 0x0021, 0x0001, 0x0001, 0x0000, 0x2125, 0xCE7A, 0xF7BF, 0x8C72, 0x0021, 0x0000, 0x0000, // 0x0DB0 (3504) pixels
    0x0000, 0x0000, 0x0000, 0x0000, 0x0841, 0x0000, 0x10A2, 0xB5B6, 0xFF3F, 0xEEDD, 0x9CB3, 0x2164, 0x0020, 0x0040, 0x0000, 0x0001, // 0x0DC0 (3520) pixels
    0x0000, 0x0000, 0x0000, 0x0000, 0x0000, 0x0000, 0x0000, 0x0000, 0x0000, 0x0000, 0x0000, 0x0000, 0x0000, 0x0000, 0x0000, 0x0000, // 0x0DD0 (3536) pixels
    0x0000, 0x0000, 0x0000, 0x0000, 0x0000, 0x0000, 0x0000, 0x0000, 0x0000, 0x0000, 0x0000, 0x0000, 0x0000, 0x0000, 0x0000, 0x0000, // 0x0DE0 (3552) pixels
    0x0000, 0x0000, 0x0000, 0x0000, 0x0000, 0x0000, 0x0000, 0x0000, 0x0000, 0x0000, 0x0000, 0x0000, 0x0000, 0x0000, 0x0000, 0x0000, // 0x0DF0 (3568) pixels
    0x0000, 0x0000, 0x0000, 0x0000, 0x0000, 0x0000, 0x0000, 0x0000, 0x0000, 0x0000, 0x0000, 0x0000, 0x0000, 0x0000, 0x0000, 0x0000, // 0x0E00 (3584) pixels
    0x0000, 0x0000, 0x0000, 0x0000, 0x0000, 0x0000, 0x0000, 0x0000, 0x0000, 0x0000, 0x0000, 0x0000, 0x0000, 0x0000, 0x0000, 0x0000, // 0x0E10 (3600) pixels
    0x0001, 0x0020, 0x0020, 0x0000, 0x0800, 0x9C2A, 0xD5CE, 0xA3C6, 0x1800, 0x1840, 0x1040, 0x0000, 0x0020, 0x0020, 0x0001, 0x0000, // 0x0E20 (3616) pixels
    0x0000, 0x2105, 0xD6BB, 0xFFFF, 0xC618, 0x526A, 0x18C3, 0x0000, 0x0020, 0x0000, 0x0000, 0x0000, 0x0000, 0x0000, 0x2104, 0xA514, // 0x0E30 (3632) pixels
    0xFD5C, 0xFDFD, 0xFEDD, 0x632C, 0x00A1, 0x0020, 0x0000, 0x0800, 0x0000, 0x0000, 0x0000, 0x0000, 0x0000, 0x0000, 0x0000, 0x0000, // 0x0E40 (3648) pixels
    0x0000, 0x0000, 0x0000, 0x0000, 0x0000, 0x0000, 0x0000, 0x0000, 0x0000, 0x0000, 0x0000, 0x0000, 0x0000, 0x0000, 0x0000, 0x0000, // 0x0E50 (3664) pixels
    0x0000, 0x0000, 0x0000, 0x0000, 0x0000, 0x0000, 0x0000, 0x0000, 0x0000, 0x0000, 0x0000, 0x0000, 0x0000, 0x0000, 0x0000, 0x0000, // 0x0E60 (3680) pixels
    0x0000, 0x0000, 0x0000, 0x0000, 0x0000, 0x0000, 0x0000, 0x0000, 0x0000, 0x0000, 0x0000, 0x0000, 0x0000, 0x0000, 0x0000, 0x0000, // 0x0E70 (3696) pixels
    0x0000, 0x0000, 0x0000, 0x0000, 0x0000, 0x0000, 0x0000, 0x0000, 0x0000, 0x0000, 0x0000, 0x0000, 0x0000, 0x0000, 0x0000, 0x0000, // 0x0E80 (3712) pixels
    0x0000, 0x0000, 0x0000, 0x0000, 0x0000, 0x0000, 0x0000, 0x0000, 0x0021, 0x0020, 0x0000, 0x0022, 0x0800, 0x30C0, 0x6182, 0x7A25, // 0x0E90 (3728) pixels
    0x8B09, 0xA42D, 0x83CC, 0x29C3, 0x0020, 0x0020, 0x0000, 0x0000, 0x0000, 0x2125, 0xCE5A, 0xFFDF, 0xFFFF, 0xD69A, 0x738F, 0x10A3, // 0x0EA0 (3744) pixels
    0x0000, 0x0000, 0x0000, 0x0020, 0x0020, 0x39C7, 0x738E, 0xC638, 0xF337, 0xE3F7, 0xFE9E, 0x9C93, 0x2185, 0x0020, 0x0000, 0x0800, // 0x0EB0 (3760) pixels
    0x0000, 0x0000, 0x0000, 0x0000, 0x0000, 0x0000, 0x0000, 0x0000, 0x0000, 0x0000, 0x0000, 0x0000, 0x0000, 0x0000, 0x0000, 0x0000, // 0x0EC0 (3776) pixels
    0x0000, 0x0000, 0x0000, 0x0000, 0x0000, 0x0000, 0x0000, 0x0000, 0x0000, 0x0000, 0x0000, 0x0000, 0x0000, 0x0000, 0x0000, 0x0000, // 0x0ED0 (3792) pixels
    0x0000, 0x0000, 0x0000, 0x0000, 0x0000, 0x0000, 0x0000, 0x0000, 0x0000, 0x0000, 0x0000, 0x0000, 0x0000, 0x0000, 0x0000, 0x0000, // 0x0EE0 (3808) pixels
    0x0000, 0x0000, 0x0000, 0x0000, 0x0000, 0x0000, 0x0000, 0x0000, 0x0000, 0x0000, 0x0000, 0x0000, 0x0000, 0x0000, 0x0000, 0x0000, // 0x0EF0 (3824) pixels
    0x0000, 0x0000, 0x0000, 0x0000, 0x0000, 0x0000, 0x0000, 0x0000, 0x0000, 0x0000, 0x0000, 0x0000, 0x0000, 0x0000, 0x0000, 0x0000, // 0x0F00 (3840) pixels
    0x0000, 0x0000, 0x0020, 0x0020, 0x0000, 0x0000, 0x1000, 0x4126, 0xFD0E, 0xFFF2, 0xE6ED, 0x7B24, 0x0860, 0x2081, 0x0800, 0x0021, // 0x0F10 (3856) pixels
    0x0000, 0x1925, 0xD6BB, 0xFFBF, 0xFFFF, 0xDF5D, 0x632F, 0x3905, 0x20C1, 0x49C3, 0x5981, 0x3840, 0x3945, 0x8CB4, 0xFF9F, 0xF539, // 0x0F20 (3872) pixels
    0xE992, 0xE9B3, 0xFD1B, 0xF73D, 0x6C0E, 0x0841, 0x0800, 0x0020, 0x0000, 0x0040, 0x0040, 0x0000, 0x0801, 0x0000, 0x0820, 0x1000, // 0x0F30 (3888) pixels
    0x0000, 0x0000, 0x0000, 0x0800, 0x0000, 0x0000, 0x0021, 0x0000, 0x0000, 0x0000, 0x0000, 0x0000, 0x0000, 0x0000, 0x0000, 0x0000, // 0x0F40 (3904) pixels
    0x0000, 0x0000, 0x0000, 0x0000, 0x0000, 0x0000, 0x0000, 0x0000, 0x0000, 0x0000, 0x0000, 0x0000, 0x0000, 0x0000, 0x0000, 0x0000, // 0x0F50 (3920) pixels
    0x0000, 0x0000, 0x0000, 0x0000, 0x0000, 0x0000, 0x0000, 0x0000, 0x0000, 0x0000, 0x0000, 0x0000, 0x0000, 0x0000, 0x0000, 0x0000, // 0x0F60 (3936) pixels
    0x0000, 0x0000, 0x0000, 0x0000, 0x0000, 0x0000, 0x0000, 0x0000, 0x0000, 0x0000, 0x0000, 0x0000, 0x0000, 0x0000, 0x0000, 0x0000, // 0x0F70 (3952) pixels
    0x0000, 0x0000, 0x0000, 0x0000, 0x0000, 0x0000, 0x0000, 0x0000, 0x0000, 0x0000, 0x0000, 0x0000, 0x0000, 0x0000, 0x0800, 0x30A4, // 0x0F80 (3968) pixels
    0xB3A8, 0xFF31, 0xFE6D, 0xDC29, 0xAC09, 0xB46A, 0x5141, 0x0800, 0x0000, 0x2145, 0xD6DB, 0xFFFF, 0xD67A, 0x732C, 0x3924, 0x6A86, // 0x0F90 (3984) pixels
    0xCD91, 0xE5D2, 0xED11, 0x9AE9, 0x5A88, 0x9554, 0xFF7F, 0xE436, 0xE090, 0xD8D1, 0xF47A, 0xFFDF, 0x8512, 0x10E3, 0x0800, 0x0040, // 0x0FA0 (4000) pixels
    0x0800, 0x0001, 0x0001, 0x0040, 0x0060, 0x0001, 0x0002, 0x0000, 0x0000, 0x0000, 0x0000, 0x0000, 0x0000, 0x0000, 0x0000, 0x0000, // 0x0FB0 (4016) pixels
    0x0000, 0x0000, 0x0000, 0x0000, 0x0000, 0x0000, 0x0000, 0x0000, 0x0000, 0x0000, 0x0000, 0x0000, 0x0000, 0x0000, 0x0000, 0x0000, // 0x0FC0 (4032) pixels
    0x0000, 0x0000, 0x0000, 0x0000, 0x0000, 0x0000, 0x0000, 0x0000, 0x0000, 0x0000, 0x0000, 0x0000, 0x0000, 0x0000, 0x0000, 0x0000, // 0x0FD0 (4048) pixels
    0x0000, 0x0000, 0x0000, 0x0000, 0x0000, 0x0000, 0x0000, 0x0000, 0x0000, 0x0000, 0x0000, 0x0000, 0x0000, 0x0000, 0x0000, 0x0000, // 0x0FE0 (4064) pixels
    0x0000, 0x0000, 0x0000, 0x0000, 0x0000, 0x0000, 0x0000, 0x0000, 0x0000, 0x0000, 0x0000, 0x0000, 0x0000, 0x0000, 0x0000, 0x0000, // 0x0FF0 (4080) pixels
    0x0800, 0x0000, 0x0000, 0x0000, 0x0000, 0x0000, 0x0000, 0x1021, 0x51E3, 0xBCCB, 0xE429, 0xF3E9, 0xFE0E, 0xFEF0, 0xB3A7, 0x7A04, // 0x1000 (4096) pixels
    0x3942, 0x1022, 0x73D0, 0xADB7, 0x940F, 0x7A87, 0xAC0A, 0xF68F, 0xFE13, 0xFD74, 0xFCB4, 0xAA4B, 0x4A06, 0x8D73, 0xFF9F, 0xEBB7, // 0x1010 (4112) pixels
    0xE051, 0xE0F3, 0xEC39, 0xFFFF, 0x7490, 0x18A2, 0x2801, 0x30A2, 0x40A2, 0x40A3, 0x2041, 0x0000, 0x0040, 0x0022, 0x0042, 0x0020, // 0x1020 (4128) pixels
    0x0000, 0x0021, 0x0000, 0x0020, 0x0000, 0x0000, 0x0000, 0x0000, 0x0000, 0x0000, 0x0000, 0x0000, 0x0000, 0x0000, 0x0000, 0x0000, // 0x1030 (4144) pixels
    0x0000, 0x0000, 0x0000, 0x0000, 0x0000, 0x0000, 0x0000, 0x0000, 0x0000, 0x0000, 0x0000, 0x0000, 0x0000, 0x0000, 0x0000, 0x0000, // 0x1040 (4160) pixels
    0x0000, 0x0000, 0x0000, 0x0000, 0x0000, 0x0000, 0x0000, 0x0000, 0x0000, 0x0000, 0x0000, 0x0000, 0x0000, 0x0000, 0x0000, 0x0000, // 0x1050 (4176) pixels
    0x0000, 0x0000, 0x0000, 0x0000, 0x0000, 0x0000, 0x0000, 0x0000, 0x0000, 0x0000, 0x0000, 0x0000, 0x0000, 0x0000, 0x0000, 0x0000, // 0x1060 (4192) pixels
    0x0000, 0x0000, 0x0000, 0x0000, 0x0000, 0x0000, 0x0000, 0x0000, 0x0800, 0x0000, 0x0000, 0x0000, 0x0000, 0x0000, 0x0000, 0x0000, // 0x1070 (4208) pixels
    0x0000, 0x28C2, 0x58E1, 0xB307, 0xF5CF, 0xFE50, 0xED2C, 0xF58D, 0xB4EC, 0x30A1, 0x1020, 0x2144, 0x7B6D, 0xEDB4, 0xFE75, 0xFE90, // 0x1080 (4224) pixels
    0xFC71, 0xF2F1, 0xE9F2, 0x804A, 0x3946, 0x85B4, 0xFFBF, 0xEB78, 0xD852, 0xE954, 0xEC59, 0xFFFF, 0x744F, 0x5166, 0xA1EC, 0xCB50, // 0x1090 (4240) pixels
    0xEC31, 0xC30C, 0x79C6, 0x3901, 0x18E1, 0x0000, 0x0000, 0x0040, 0x0001, 0x0001, 0x0000, 0x0000, 0x0000, 0x0000, 0x0000, 0x0000, // 0x10A0 (4256) pixels
    0x0000, 0x0000, 0x0000, 0x0000, 0x0000, 0x0000, 0x0000, 0x0000, 0x0000, 0x0000, 0x0000, 0x0000, 0x0000, 0x0000, 0x0000, 0x0000, // 0x10B0 (4272) pixels
    0x0000, 0x0000, 0x0000, 0x0000, 0x0000, 0x0000, 0x0000, 0x0000, 0x0000, 0x0000, 0x0000, 0x0000, 0x0000, 0x0000, 0x0000, 0x0000, // 0x10C0 (4288) pixels
    0x0000, 0x0000, 0x0000, 0x0000, 0x0000, 0x0000, 0x0000, 0x0000, 0x0000, 0x0000, 0x0000, 0x0000, 0x0000, 0x0000, 0x0000, 0x0000, // 0x10D0 (4304) pixels
    0x0000, 0x0000, 0x0000, 0x0000, 0x0000, 0x0000, 0x0000, 0x0000, 0x0000, 0x0000, 0x0000, 0x0000, 0x0000, 0x0000, 0x0000, 0x0000, // 0x10E0 (4320) pixels
    0x0800, 0x0000, 0x0000, 0x0000, 0x0000, 0x0000, 0x0000, 0x0000, 0x0801, 0x0002, 0x2021, 0xA329, 0xFD31, 0xFC71, 0xEC6C, 0xFE2A, // 0x10F0 (4336) pixels
    0xF68C, 0xABA7, 0x9367, 0x49C3, 0x30E4, 0x92CC, 0xDBF1, 0xFCB4, 0xFBB6, 0xE9D4, 0xD8B4, 0x880D, 0x496A, 0x8DD5, 0xFFBF, 0xE396, // 0x1100 (4352) pixels
    0xE092, 0xE0F3, 0xE418, 0xFFFF, 0x7C2F, 0x6147, 0xCA50, 0xFC37, 0xE36C, 0xD2CD, 0xDBEE, 0xEE0F, 0xCDEC, 0x5A43, 0x1000, 0x0000, // 0x1110 (4368) pixels
    0x0000, 0x0000, 0x0020, 0x0000, 0x0000, 0x0000, 0x0000, 0x0000, 0x0000, 0x0000, 0x0000, 0x0000, 0x0000, 0x0000, 0x0000, 0x0000, // 0x1120 (4384) pixels
    0x0000, 0x0000, 0x0000, 0x0000, 0x0000, 0x0000, 0x0000, 0x0000, 0x0000, 0x0000, 0x0000, 0x0000, 0x0000, 0x0000, 0x0000, 0x0000, // 0x1130 (4400) pixels
    0x0000, 0x0000, 0x0000, 0x0000, 0x0000, 0x0000, 0x0000, 0x0000, 0x0000, 0x0000, 0x0000, 0x0000, 0x0000, 0x0000, 0x0000, 0x0000, // 0x1140 (4416) pixels
    0x0000, 0x0000, 0x0000, 0x0000, 0x0000, 0x0000, 0x0000, 0x0000, 0x0000, 0x0000, 0x0000, 0x0000, 0x0000, 0x0000, 0x0000, 0x0000, // 0x1150 (4432) pixels
    0x0000, 0x0000, 0x0000, 0x0000, 0x0000, 0x0000, 0x0000, 0x0000, 0x0000, 0x0000, 0x0000, 0x0000, 0x0000, 0x0000, 0x0020, 0x0000, // 0x1160 (4448) pixels
    0x0800, 0x0802, 0x2862, 0x92A9, 0xF410, 0xF350, 0xF42D, 0xFE0A, 0xFE0E, 0xE48A, 0xFE4E, 0xB48B, 0x59C5, 0x7A05, 0xAA4A, 0xE2F3, // 0x1170 (4464) pixels
    0xD234, 0xC8F3, 0xD074, 0x980E, 0x596B, 0x8533, 0xFFFF, 0xF599, 0xF995, 0xD8D1, 0xE438, 0xFFFF, 0x7C0F, 0x5107, 0xC210, 0xFBD8, // 0x1180 (4480) pixels
    0xF46D, 0xEC2F, 0xEC91, 0xFDD2, 0xFEF0, 0xD5CB, 0x8BC7, 0x39A4, 0x0800, 0x0000, 0x0000, 0x0020, 0x0000, 0x0000, 0x0000, 0x0000, // 0x1190 (4496) pixels
    0x0000, 0x0000, 0x0000, 0x0000, 0x0000, 0x0000, 0x0000, 0x0000, 0x0000, 0x0000, 0x0000, 0x0000, 0x0000, 0x0000, 0x0000, 0x0000, // 0x11A0 (4512) pixels
    0x0000, 0x0000, 0x0000, 0x0000, 0x0000, 0x0000, 0x0000, 0x0000, 0x0000, 0x0000, 0x0000, 0x0000, 0x0000, 0x0000, 0x0000, 0x0000, // 0x11B0 (4528) pixels
    0x0000, 0x0000, 0x0000, 0x0000, 0x0000, 0x0000, 0x0000, 0x0000, 0x0000, 0x0000, 0x0000, 0x0000, 0x0000, 0x0000, 0x0000, 0x0000, // 0x11C0 (4544) pixels
    0x0000, 0x0000, 0x0000, 0x0000, 0x0000, 0x0000, 0x0000, 0x0000, 0x0000, 0x0000, 0x0000, 0x0000, 0x0000, 0x0000, 0x0000, 0x0000, // 0x11D0 (4560) pixels
    0x0000, 0x0020, 0x0000, 0x0000, 0x0000, 0x0000, 0x0000, 0x0000, 0x0000, 0x0800, 0x1000, 0x40C2, 0x81A6, 0xB28B, 0xFCB0, 0xFD2E, // 0x11E0 (4576) pixels
    0xFBCF, 0xE40C, 0xFDEA, 0xE58B, 0xE56F, 0xFE0D, 0xC367, 0xA14A, 0x90AF, 0xB912, 0xE9B6, 0xB911, 0x58A9, 0x530C, 0xDF7C, 0xFFBF, // 0x11F0 (4592) pixels
    0xEAF6, 0xD212, 0xED7A, 0xD71B, 0x4289, 0x4066, 0xC1F2, 0xFB39, 0xFD51, 0xFDAF, 0xF4CF, 0xD34F, 0xEC71, 0xFEF2, 0xFF91, 0xCD6C, // 0x1200 (4608) pixels
    0x49A3, 0x1020, 0x0000, 0x0000, 0x0000, 0x0000, 0x0000, 0x0000, 0x0000, 0x0000, 0x0000, 0x0000, 0x0000, 0x0000, 0x0000, 0x0000, // 0x1210 (4624) pixels
    0x0000, 0x0000, 0x0000, 0x0000, 0x0000, 0x0000, 0x0000, 0x0000, 0x0000, 0x0000, 0x0000, 0x0000, 0x0000, 0x0000, 0x0000, 0x0000, // 0x1220 (4640) pixels
    0x0000, 0x0000, 0x0000, 0x0000, 0x0000, 0x0000, 0x0000, 0x0000, 0x0000, 0x0000, 0x0000, 0x0000, 0x0000, 0x0000, 0x0000, 0x0000, // 0x1230 (4656) pixels
    0x0000, 0x0000, 0x0000, 0x0000, 0x0000, 0x0000, 0x0000, 0x0000, 0x0000, 0x0000, 0x0000, 0x0000, 0x0000, 0x0000, 0x0000, 0x0000, // 0x1240 (4672) pixels
    0x0000, 0x0000, 0x0000, 0x0000, 0x0000, 0x0000, 0x0000, 0x0000, 0x0000, 0x0020, 0x0000, 0x0000, 0x0000, 0x0000, 0x0000, 0x0000, // 0x1250 (4688) pixels
    0x0061, 0x0000, 0x0000, 0x0000, 0x1060, 0x72A7, 0xF553, 0xFBF1, 0xF24F, 0xF44D, 0xFE8A, 0xED87, 0xED6B, 0xFF2C, 0xE4A8, 0x8086, // 0x1260 (4704) pixels
    0x680B, 0xB9D4, 0xFB19, 0xD1B3, 0x4807, 0x0865, 0x9555, 0xF7BE, 0xDC78, 0xDC57, 0xFF5F, 0xA636, 0x00C1, 0x3004, 0xD1D4, 0xFA78, // 0x1270 (4720) pixels
    0xE492, 0xFD90, 0xFDD0, 0xFC31, 0xEB31, 0xE44F, 0xFE8E, 0xFECB, 0xC550, 0x5A25, 0x1040, 0x0000, 0x0001, 0x0000, 0x0000, 0x0000, // 0x1280 (4736) pixels
    0x0000, 0x0000, 0x0000, 0x0000, 0x0000, 0x0000, 0x0000, 0x0000, 0x0000, 0x0000, 0x0000, 0x0000, 0x0000, 0x0000, 0x0000, 0x0000, // 0x1290 (4752) pixels
    0x0000, 0x0000, 0x0000, 0x0000, 0x0000, 0x0000, 0x0000, 0x0000, 0x0000, 0x0000, 0x0000, 0x0000, 0x0000, 0x0000, 0x0000, 0x0000, // 0x12A0 (4768) pixels
    0x0000, 0x0000, 0x0000, 0x0000, 0x0000, 0x0000, 0x0000, 0x0000, 0x0000, 0x0000, 0x0000, 0x0000, 0x0000, 0x0000, 0x0000, 0x0000, // 0x12B0 (4784) pixels
    0x0000, 0x0000, 0x0000, 0x0000, 0x0000, 0x0000, 0x0000, 0x0000, 0x0000, 0x0000, 0x0000, 0x0000, 0x0000, 0x0000, 0x0000, 0x0000, // 0x12C0 (4800) pixels
    0x0000, 0x0000, 0x0000, 0x0000, 0x0000, 0x0000, 0x0000, 0x0000, 0x0000, 0x0000, 0x0000, 0x0000, 0x0000, 0x4125, 0x8A49, 0xC32C, // 0x12D0 (4816) pixels
    0xEB4C, 0xF54C, 0xFE0E, 0xEC8C, 0xECEC, 0xFF2E, 0xBCA7, 0x91E6, 0xA2A9, 0xF415, 0xFA76, 0xC071, 0x704D, 0x528F, 0xA639, 0xE77E, // 0x12E0 (4832) pixels
    0xEEFB, 0xEEDC, 0xFF9F, 0xBDF9, 0x73F1, 0x5A0C, 0x80ED, 0xD9D5, 0xFAD4, 0xFCD4, 0xF68E, 0xEEA9, 0xEC4C, 0xF254, 0xFB14, 0xFDD1, // 0x12F0 (4848) pixels
    0xFFEF, 0xBDC9, 0x39C0, 0x0800, 0x0001, 0x0000, 0x0000, 0x0002, 0x0000, 0x0000, 0x0000, 0x0000, 0x0000, 0x0000, 0x0000, 0x0000, // 0x1300 (4864) pixels
    0x0000, 0x0000, 0x0000, 0x0000, 0x0000, 0x0000, 0x0000, 0x0000, 0x0000, 0x0000, 0x0000, 0x0000, 0x0000, 0x0000, 0x0000, 0x0000, // 0x1310 (4880) pixels
    0x0000, 0x0000, 0x0000, 0x0000, 0x0000, 0x0000, 0x0000, 0x0000, 0x0000, 0x0000, 0x0000, 0x0000, 0x0000, 0x0000, 0x0000, 0x0000, // 0x1320 (4896) pixels
    0x0000, 0x0000, 0x0000, 0x0000, 0x0000, 0x0000, 0x0000, 0x0000, 0x0000, 0x0000, 0x0000, 0x0000, 0x0000, 0x0000, 0x0000, 0x0000, // 0x1330 (4912) pixels
    0x0000, 0x0000, 0x0000, 0x0000, 0x0000, 0x0000, 0x0000, 0x0000, 0x0000, 0x0000, 0x0000, 0x0000, 0x0000, 0x0000, 0x0000, 0x0000, // 0x1340 (4928) pixels
    0x0000, 0x0800, 0x0000, 0x0000, 0x0000, 0x0800, 0x2800, 0x8248, 0xFD95, 0xFD71, 0xFC8E, 0xE36A, 0xF4AD, 0xFE90, 0xBBE7, 0xB2C9, // 0x1350 (4944) pixels
    0xD4EF, 0xFD17, 0xEA55, 0x980E, 0x60AC, 0x8C74, 0xE7FF, 0xF79F, 0xFFFF, 0xFFBF, 0xF75E, 0xDF1C, 0xEFBF, 0xAD37, 0x610C, 0x780C, // 0x1360 (4960) pixels
    0xD9B2, 0xF3B4, 0xFE11, 0xFF4D, 0xFD6F, 0xF2D3, 0xEA72, 0xF430, 0xF6CE, 0xFF70, 0x9C47, 0x28A0, 0x0000, 0x0821, 0x0000, 0x0000, // 0x1370 (4976) pixels
    0x0000, 0x0000, 0x0000, 0x0000, 0x0000, 0x0000, 0x0000, 0x0000, 0x0000, 0x0000, 0x0000, 0x0000, 0x0000, 0x0000, 0x0000, 0x0000, // 0x1380 (4992) pixels
    0x0000, 0x0000, 0x0000, 0x0000, 0x0000, 0x0000, 0x0000, 0x0000, 0x0000, 0x0000, 0x0000, 0x0000, 0x0000, 0x0000, 0x0000, 0x0000, // 0x1390 (5008) pixels
    0x0000, 0x0000, 0x0000, 0x0000, 0x0000, 0x0000, 0x0000, 0x0000, 0x0000, 0x0000, 0x0000, 0x0000, 0x0000, 0x0000, 0x0000, 0x0000, // 0x13A0 (5024) pixels
    0x0000, 0x0000, 0x0000, 0x0000, 0x0000, 0x0000, 0x0000, 0x0000, 0x0000, 0x0000, 0x0000, 0x0000, 0x0000, 0x0000, 0x0000, 0x0000, // 0x13B0 (5040) pixels
    0x0000, 0x0000, 0x0000, 0x0000, 0x0000, 0x0000, 0x0000, 0x0000, 0x0000, 0x0800, 0x0000, 0x0000, 0x0041, 0x0001, 0x0000, 0x51E7, // 0x13C0 (5056) pixels
    0x9B8C, 0xBAEB, 0xF30D, 0xFB6E, 0xFCD0, 0xF50F, 0x9A65, 0xBB6A, 0xEDB0, 0xFC54, 0xD193, 0x780D, 0x6A2F, 0xBE59, 0xFFFF, 0xF7BF, // 0x13D0 (5072) pixels
    0xF7FF, 0xF7DE, 0xF77E, 0xEF9E, 0xF7FF, 0xD71D, 0x8B93, 0x50CB, 0x900E, 0xC9B1, 0xFC92, 0xFEEF, 0xFE8F, 0xEBD1, 0xE231, 0xE2B1, // 0x13E0 (5088) pixels
    0xED0D, 0xFEF1, 0xF68F, 0x7307, 0x0800, 0x0000, 0x0820, 0x0820, 0x0000, 0x0000, 0x0000, 0x0000, 0x0000, 0x0000, 0x0000, 0x0000, // 0x13F0 (5104) pixels
    0x0000, 0x0000, 0x0000, 0x0000, 0x0000, 0x0000, 0x0000, 0x0000, 0x0000, 0x0000, 0x0000, 0x0000, 0x0000, 0x0000, 0x0000, 0x0000, // 0x1400 (5120) pixels
    0x0000, 0x0000, 0x0000, 0x0000, 0x0000, 0x0000, 0x0000, 0x0000, 0x0000, 0x0000, 0x0000, 0x0000, 0x0000, 0x0000, 0x0000, 0x0000, // 0x1410 (5136) pixels
    0x0000, 0x0000, 0x0000, 0x0000, 0x0000, 0x0000, 0x0000, 0x0000, 0x0000, 0x0000, 0x0000, 0x0000, 0x0000, 0x0000, 0x0000, 0x0000, // 0x1420 (5152) pixels
    0x0000, 0x0000, 0x0000, 0x0000, 0x0000, 0x0000, 0x0000, 0x0000, 0x0000, 0x0000, 0x0000, 0x0000, 0x0000, 0x0000, 0x0000, 0x0000, // 0x1430 (5168) pixels
    0x0000, 0x0000, 0x0800, 0x0000, 0x0000, 0x0042, 0x0000, 0x0020, 0x1820, 0x5041, 0xBA0A, 0xFC53, 0xFCF2, 0xBB49, 0x81C3, 0xD46E, // 0x1440 (5184) pixels
    0xFDB3, 0xF312, 0xB06F, 0x602D, 0x9C76, 0xFFFF, 0xFFFF, 0xFFFF, 0xF7FE, 0xFFDE, 0xFFFF, 0xFFFF, 0xF7FF, 0xF7FF, 0xD6FE, 0x6B11, // 0x1450 (5200) pixels
    0x700D, 0xC0F2, 0xFB94, 0xFE70, 0xFF6F, 0xFD2F, 0xF2B1, 0xE1F3, 0xFC71, 0xFDB0, 0xFEB1, 0x942B, 0x0820, 0x0000, 0x0000, 0x0000, // 0x1460 (5216) pixels
    0x0000, 0x0000, 0x0000, 0x0000, 0x0000, 0x0000, 0x0000, 0x0000, 0x0000, 0x0000, 0x0000, 0x0000, 0x0000, 0x0000, 0x0000, 0x0000, // 0x1470 (5232) pixels
    0x0000, 0x0000, 0x0000, 0x0000, 0x0000, 0x0000, 0x0000, 0x0000, 0x0000, 0x0000, 0x0000, 0x0000, 0x0000, 0x0000, 0x0000, 0x0000, // 0x1480 (5248) pixels
    0x0000, 0x0000, 0x0000, 0x0000, 0x0000, 0x0000, 0x0000, 0x0000, 0x0000, 0x0000, 0x0000, 0x0000, 0x0000, 0x0000, 0x0000, 0x0000, // 0x1490 (5264) pixels
    0x0000, 0x0000, 0x0000, 0x0000, 0x0000, 0x0000, 0x0000, 0x0000, 0x0000, 0x0000, 0x0000, 0x0000, 0x0000, 0x0000, 0x0000, 0x0000, // 0x14A0 (5280) pixels
    0x0000, 0x0000, 0x0000, 0x0000, 0x0000, 0x0000, 0x0000, 0x0841, 0x0081, 0x08A1, 0x0840, 0x0000, 0x0000, 0x0041, 0x0000, 0x1040, // 0x14B0 (5296) pixels
    0x4943, 0x5984, 0x81E7, 0xC34F, 0xBB8D, 0x8203, 0x8224, 0xE470, 0xFC55, 0xE1D1, 0x900E, 0x7130, 0xB579, 0xFFFF, 0xFFDE, 0xFFFF, // 0x14C0 (5312) pixels
    0xFFFE, 0xFFDF, 0xFFDF, 0xFFDF, 0xFFFE, 0xFFFF, 0xDF3E, 0x6371, 0x684D, 0xC8D2, 0xFB16, 0xFDB0, 0xFFAE, 0xFE4E, 0xFB71, 0xE1B3, // 0x14D0 (5328) pixels
    0xF393, 0xFCF2, 0xDD0F, 0x6A66, 0x0000, 0x0040, 0x0000, 0x0002, 0x0000, 0x0000, 0x0000, 0x0000, 0x0000, 0x0000, 0x0000, 0x0000, // 0x14E0 (5344) pixels
    0x0000, 0x0000, 0x0000, 0x0000, 0x0000, 0x0000, 0x0000, 0x0000, 0x0000, 0x0000, 0x0000, 0x0000, 0x0000, 0x0000, 0x0000, 0x0000, // 0x14F0 (5360) pixels
    0x0000, 0x0000, 0x0000, 0x0000, 0x0000, 0x0000, 0x0000, 0x0000, 0x0000, 0x0000, 0x0000, 0x0000, 0x0000, 0x0000, 0x0000, 0x0000, // 0x1500 (5376) pixels
    0x0000, 0x0000, 0x0000, 0x0000, 0x0000, 0x0000, 0x0000, 0x0000, 0x0000, 0x0000, 0x0000, 0x0000, 0x0000, 0x0000, 0x0000, 0x0000, // 0x1510 (5392) pixels
    0x0000, 0x0000, 0x0000, 0x0000, 0x0000, 0x0000, 0x0000, 0x0000, 0x0000, 0x0000, 0x0000, 0x0000, 0x0000, 0x0000, 0x0000, 0x0861, // 0x1520 (5408) pixels
    0x42A9, 0x5B2B, 0x2103, 0x0000, 0x0000, 0x0000, 0x1840, 0x7AE8, 0xEDB4, 0xDD32, 0x71E6, 0x3800, 0x4041, 0x79E5, 0xCBEE, 0xFC95, // 0x1530 (5424) pixels
    0xE212, 0xA08D, 0x88EF, 0xC4DB, 0xF79F, 0xFFFF, 0xFFFF, 0xFFFF, 0xFFFF, 0xFFFF, 0xFFBF, 0xFFDF, 0xFFFF, 0xFFFF, 0xDF3D, 0x6370, // 0x1540 (5440) pixels
    0x608C, 0xC0F2, 0xFA96, 0xEC4F, 0xEECD, 0xFE4D, 0xFBF0, 0xE1D2, 0xDA52, 0xFC73, 0xE48F, 0x69E5, 0x0800, 0x0000, 0x0000, 0x0023, // 0x1550 (5456) pixels
    0x0000, 0x0000, 0x0000, 0x0000, 0x0000, 0x0000, 0x0000, 0x0000, 0x0000, 0x0000, 0x0000, 0x0000, 0x0000, 0x0000, 0x0000, 0x0000, // 0x1560 (5472) pixels
    0x0000, 0x0000, 0x0000, 0x0000, 0x0000, 0x0000, 0x0000, 0x0000, 0x0000, 0x0000, 0x0000, 0x0000, 0x0000, 0x0000, 0x0000, 0x0000, // 0x1570 (5488) pixels
    0x0000, 0x0000, 0x0000, 0x0000, 0x0000, 0x0000, 0x0000, 0x0000, 0x0000, 0x0000, 0x0000, 0x0000, 0x0000, 0x0000, 0x0000, 0x0000, // 0x1580 (5504) pixels
    0x0000, 0x0000, 0x0000, 0x0000, 0x0000, 0x0000, 0x0000, 0x0000, 0x0000, 0x0000, 0x0000, 0x0000, 0x0000, 0x0000, 0x0000, 0x0000, // 0x1590 (5520) pixels
    0x0000, 0x0000, 0x0000, 0x0000, 0x0000, 0x0000, 0x0000, 0x10A2, 0x6B6D, 0xA513, 0x41C7, 0x0800, 0x0800, 0x1020, 0x6264, 0xDDAF, // 0x15A0 (5536) pixels
    0xFE36, 0xFD35, 0xBA8C, 0x7125, 0x79E7, 0xCBB0, 0xFC56, 0xEAD2, 0xB8F0, 0x894E, 0xA436, 0xF7BF, 0xFFFF, 0xF7BD, 0xFFDE, 0xFFDF, // 0x15B0 (5552) pixels
    0xFFFF, 0xFFDF, 0xFFDF, 0xFFFF, 0xFFFF, 0xFFFF, 0xE73D, 0x5B2F, 0x68EC, 0xC132, 0xFA97, 0xE371, 0xEDEF, 0xFE2D, 0xFC70, 0xEA72, // 0x15C0 (5568) pixels
    0xE214, 0xFBB2, 0xFD11, 0xC3CC, 0x5104, 0x2021, 0x0000, 0x0000, 0x0000, 0x0000, 0x0000, 0x0000, 0x0000, 0x0000, 0x0000, 0x0000, // 0x15D0 (5584) pixels
    0x0000, 0x0000, 0x0000, 0x0000, 0x0000, 0x0000, 0x0000, 0x0000, 0x0000, 0x0000, 0x0000, 0x0000, 0x0000, 0x0000, 0x0000, 0x0000, // 0x15E0 (5600) pixels
    0x0000, 0x0000, 0x0000, 0x0000, 0x0000, 0x0000, 0x0000, 0x0000, 0x0000, 0x0000, 0x0000, 0x0000, 0x0000, 0x0000, 0x0000, 0x0000, // 0x15F0 (5616) pixels
    0x0000, 0x0000, 0x0000, 0x0000, 0x0000, 0x0000, 0x0000, 0x0000, 0x0000, 0x0000, 0x0000, 0x0000, 0x0000, 0x0000, 0x0000, 0x0000, // 0x1600 (5632) pixels
    0x0000, 0x0000, 0x0000, 0x0000, 0x0000, 0x0000, 0x0000, 0x0000, 0x0000, 0x0000, 0x0000, 0x0000, 0x0000, 0x0000, 0x0000, 0x18C3, // 0x1610 (5648) pixels
    0x6AEB, 0xCDD7, 0x7B2D, 0x3104, 0x28E3, 0x5A86, 0xCDAF, 0xFF53, 0xFD92, 0xEB10, 0xFAD1, 0xFCD4, 0xED55, 0xF437, 0xF294, 0xC08C, // 0x1620 (5664) pixels
    0x904D, 0x9B94, 0xDFDF, 0xC719, 0x842E, 0x7BCE, 0x9CD2, 0xEEDC, 0xFFFF, 0xFFFF, 0xF7FF, 0xF7FF, 0xFFFF, 0xFFFF, 0xDEFC, 0x6370, // 0x1630 (5680) pixels
    0x588A, 0xB111, 0xFA98, 0xEB13, 0xFDB2, 0xFE30, 0xFCF2, 0xFB54, 0xE1B5, 0xE28D, 0xFC8D, 0xFD52, 0xBB6F, 0x722A, 0x4144, 0x20A1, // 0x1640 (5696) pixels
    0x0020, 0x0020, 0x0000, 0x0000, 0x0000, 0x0000, 0x0000, 0x0000, 0x0000, 0x0000, 0x0000, 0x0000, 0x0000, 0x0000, 0x0000, 0x0000, // 0x1650 (5712) pixels
    0x0000, 0x0000, 0x0000, 0x0000, 0x0000, 0x0000, 0x0000, 0x0000, 0x0000, 0x0000, 0x0000, 0x0000, 0x0000, 0x0000, 0x0000, 0x0000, // 0x1660 (5728) pixels
    0x0000, 0x0000, 0x0000, 0x0000, 0x0000, 0x0000, 0x0000, 0x0000, 0x0000, 0x0000, 0x0000, 0x0000, 0x0000, 0x0000, 0x0000, 0x0000, // 0x1670 (5744) pixels
    0x0000, 0x0000, 0x0000, 0x0000, 0x0000, 0x0000, 0x0000, 0x0000, 0x0000, 0x0000, 0x0000, 0x0000, 0x0000, 0x0000, 0x0000, 0x0000, // 0x1680 (5760) pixels
    0x0000, 0x0000, 0x0000, 0x0000, 0x0000, 0x0000, 0x0000, 0x0000, 0x414A, 0xBC35, 0xFDB8, 0xE512, 0xCD4F, 0xE672, 0xFE72, 0xF56F, // 0x1690 (5776) pixels
    0xFB30, 0xEB4F, 0xF513, 0xEDF6, 0xECB4, 0xF2B2, 0xE1B2, 0xA8F0, 0x7353, 0xC63A, 0xB617, 0x31C8, 0x0001, 0x0000, 0x10A1, 0xADB7, // 0x16A0 (5792) pixels
    0xFFDF, 0xFFFF, 0xFFFF, 0xFFFF, 0xFFFF, 0xFFFF, 0xEF7F, 0xAD78, 0x5A6E, 0x488A, 0x88AC, 0xFB12, 0xFDF2, 0xFE50, 0xFCF0, 0xFBB2, // 0x16B0 (5808) pixels
    0xE231, 0xD993, 0xF391, 0xFE2F, 0xFD31, 0xE291, 0xE392, 0x9429, 0x1963, 0x0040, 0x0000, 0x0000, 0x0000, 0x0020, 0x0000, 0x0000, // 0x16C0 (5824) pixels
    0x0020, 0x0000, 0x0020, 0x0020, 0x0000, 0x0000, 0x0001, 0x0001, 0x0000, 0x0000, 0x0000, 0x0000, 0x0000, 0x0000, 0x0000, 0x0000, // 0x16D0 (5840) pixels
    0x0000, 0x0000, 0x0000, 0x0000, 0x0000, 0x0000, 0x0000, 0x0000, 0x0000, 0x0000, 0x0000, 0x0000, 0x0000, 0x0000, 0x0000, 0x0000, // 0x16E0 (5856) pixels
    0x0000, 0x0000, 0x0000, 0x0000, 0x0000, 0x0000, 0x0000, 0x0000, 0x0000, 0x0000, 0x0000, 0x0000, 0x0000, 0x0000, 0x0000, 0x0000, // 0x16F0 (5872) pixels
    0x0000, 0x0000, 0x0000, 0x0000, 0x0000, 0x0000, 0x0000, 0x0000, 0x0000, 0x0000, 0x0000, 0x0000, 0x0000, 0x0000, 0x0000, 0x0000, // 0x1700 (5888) pixels
    0x0800, 0x40C6, 0xAAEF, 0xECB5, 0xFD15, 0xF4B1, 0xF42E, 0xF3CB, 0xE52E, 0xF571, 0xFD74, 0xFC74, 0xFBB5, 0xDA52, 0x704A, 0x8A92, // 0x1710 (5904) pixels
    0xDE9E, 0xB598, 0x4A89, 0x0881, 0x39C7, 0x41C7, 0x0000, 0x3A49, 0xC618, 0xFFDF, 0xFFFF, 0xFFFF, 0xFFFF, 0xF7DF, 0xF79F, 0xDF1E, // 0x1720 (5920) pixels
    0xAD38, 0x618E, 0x780A, 0xE290, 0xFDF2, 0xFE51, 0xFCF0, 0xFB91, 0xFAF4, 0xE172, 0xE2D1, 0xFDAF, 0xFDF0, 0xE34F, 0xCAEF, 0x82A8, // 0x1730 (5936) pixels
    0x10E2, 0x0000, 0x0000, 0x0000, 0x0000, 0x0000, 0x0000, 0x0001, 0x0000, 0x0000, 0x0000, 0x0000, 0x0000, 0x0000, 0x0000, 0x0000, // 0x1740 (5952) pixels
    0x0000, 0x0000, 0x0000, 0x0000, 0x0000, 0x0000, 0x0000, 0x0000, 0x0000, 0x0000, 0x0000, 0x0000, 0x0000, 0x0000, 0x0000, 0x0000, // 0x1750 (5968) pixels
    0x0000, 0x0000, 0x0000, 0x0000, 0x0000, 0x0000, 0x0000, 0x0000, 0x0000, 0x0000, 0x0000, 0x0000, 0x0000, 0x0000, 0x0000, 0x0000, // 0x1760 (5984) pixels
    0x0000, 0x0000, 0x0000, 0x0000, 0x0000, 0x0000, 0x0000, 0x0000, 0x0000, 0x0000, 0x0000, 0x0000, 0x0000, 0x0000, 0x0000, 0x0000, // 0x1770 (6000) pixels
    0x0000, 0x0000, 0x0000, 0x0000, 0x0000, 0x0000, 0x0000, 0x0000, 0x0000, 0x0800, 0x38A6, 0x89EE, 0xBA70, 0xDAF1, 0xF412, 0xFD13, // 0x1780 (6016) pixels
    0xF651, 0xFDB3, 0xFBB2, 0xE1D1, 0xC971, 0xA1F0, 0x59EC, 0xB63A, 0xE6FE, 0x632D, 0x0000, 0x52C8, 0xD6B9, 0xBDB8, 0x0843, 0x0862, // 0x1790 (6032) pixels
    0xA514, 0xF7BE, 0xFFFF, 0xF7DE, 0xFFFF, 0xF7BF, 0xEF7F, 0xEF5F, 0xCEBE, 0x6A50, 0x680A, 0xE290, 0xFDF3, 0xFE51, 0xFCF0, 0xFBB2, // 0x17A0 (6048) pixels
    0xFB34, 0xE972, 0xE211, 0xECAE, 0xFEAE, 0xF50E, 0xBA4C, 0x5002, 0x0000, 0x0000, 0x0000, 0x0000, 0x0020, 0x0020, 0x0000, 0x0000, // 0x17B0 (6064) pixels
    0x0000, 0x0000, 0x0000, 0x0000, 0x0000, 0x0000, 0x0000, 0x0020, 0x0000, 0x0000, 0x0000, 0x0000, 0x0000, 0x0000, 0x0000, 0x0000, // 0x17C0 (6080) pixels
    0x0000, 0x0000, 0x0000, 0x0000, 0x0000, 0x0000, 0x0000, 0x0000, 0x0000, 0x0000, 0x0000, 0x0000, 0x0000, 0x0000, 0x0000, 0x0000, // 0x17D0 (6096) pixels
    0x0000, 0x0000, 0x0000, 0x0000, 0x0000, 0x0000, 0x0000, 0x0000, 0x0000, 0x0000, 0x0000, 0x0000, 0x0000, 0x0000, 0x0000, 0x0000, // 0x17E0 (6112) pixels
    0x0000, 0x0000, 0x0000, 0x0000, 0x0000, 0x0000, 0x0000, 0x0000, 0x0000, 0x0000, 0x0000, 0x0000, 0x0000, 0x0000, 0x0000, 0x0000, // 0x17F0 (6128) pixels
    0x0020, 0x0020, 0x0002, 0x3806, 0x90ED, 0xE293, 0xFBF6, 0xF4B6, 0xFC14, 0xFB14, 0xC10F, 0x888E, 0x690E, 0xA3D6, 0xD67B, 0xCF3A, // 0x1800 (6144) pixels
    0x7BF0, 0x2945, 0x0000, 0x94D0, 0xFFFF, 0xCE7D, 0x424C, 0x9CD4, 0xDEFC, 0xFFFF, 0xFFFF, 0xFFFF, 0xFFFF, 0xDEFD, 0xC65B, 0xDEFF, // 0x1810 (6160) pixels
    0xBE9D, 0x6290, 0x684B, 0xE2B1, 0xFDD3, 0xFE31, 0xFCF0, 0xFBF2, 0xFB74, 0xE9B3, 0xE172, 0xE3CE, 0xFF2D, 0xFF2F, 0xEC31, 0xA10C, // 0x1820 (6176) pixels
    0x38A4, 0x1001, 0x0000, 0x0020, 0x0000, 0x0000, 0x0000, 0x0000, 0x0000, 0x0000, 0x0021, 0x0000, 0x0001, 0x0000, 0x0000, 0x0000, // 0x1830 (6192) pixels
    0x0000, 0x0000, 0x0000, 0x0000, 0x0000, 0x0000, 0x0000, 0x0000, 0x0000, 0x0000, 0x0000, 0x0000, 0x0000, 0x0000, 0x0000, 0x0000, // 0x1840 (6208) pixels
    0x0000, 0x0000, 0x0000, 0x0000, 0x0000, 0x0000, 0x0000, 0x0000, 0x0000, 0x0000, 0x0000, 0x0000, 0x0000, 0x0000, 0x0000, 0x0000, // 0x1850 (6224) pixels
    0x0000, 0x0000, 0x0000, 0x0000, 0x0000, 0x0000, 0x0000, 0x0000, 0x0000, 0x0000, 0x0000, 0x0000, 0x0000, 0x0000, 0x0000, 0x0000, // 0x1860 (6240) pixels
    0x0000, 0x0000, 0x0000, 0x0000, 0x0000, 0x0000, 0x0000, 0x0000, 0x0000, 0x0020, 0x0001, 0x4887, 0xB9D0, 0xF254, 0xE1F3, 0xC9F2, // 0x1870 (6256) pixels
    0xD9F4, 0xC173, 0x9111, 0x7A33, 0x83F6, 0xCE9E, 0xFFFF, 0x7BCE, 0x0020, 0x0000, 0x0000, 0x73CE, 0xC6BC, 0xA59C, 0x6B93, 0xEF5E, // 0x1880 (6272) pixels
    0xFFFF, 0xFFDF, 0xFFDE, 0xFFFF, 0xF7BF, 0x94D5, 0x632F, 0xBDBB, 0xBEBC, 0x62B1, 0x682A, 0xE291, 0xFDB3, 0xFE31, 0xFCF0, 0xFBD2, // 0x1890 (6288) pixels
    0xFB53, 0xE191, 0xE133, 0xEB71, 0xFEAC, 0xFF4B, 0xF530, 0xEB13, 0x920C, 0x3042, 0x0000, 0x0040, 0x0000, 0x0800, 0x1040, 0x0020, // 0x18A0 (6304) pixels
    0x0800, 0x0000, 0x0001, 0x0000, 0x0021, 0x0000, 0x0000, 0x0000, 0x0000, 0x0000, 0x0000, 0x0000, 0x0000, 0x0000, 0x0000, 0x0000, // 0x18B0 (6320) pixels
    0x0000, 0x0000, 0x0000, 0x0000, 0x0000, 0x0000, 0x0000, 0x0000, 0x0000, 0x0000, 0x0000, 0x0000, 0x0000, 0x0000, 0x0000, 0x0000, // 0x18C0 (6336) pixels
    0x0000, 0x0000, 0x0000, 0x0000, 0x0000, 0x0000, 0x0000, 0x0000, 0x0000, 0x0000, 0x0000, 0x0000, 0x0000, 0x0000, 0x0000, 0x0000, // 0x18D0 (6352) pixels
    0x0000, 0x0000, 0x0000, 0x0000, 0x0000, 0x0000, 0x0000, 0x0000, 0x0000, 0x0000, 0x0000, 0x0000, 0x0000, 0x0000, 0x0000, 0x0000, // 0x18E0 (6368) pixels
    0x0000, 0x0000, 0x0000, 0x2843, 0x60C7, 0x7089, 0x782A, 0x806C, 0x704B, 0x4007, 0x51AC, 0xAC97, 0xEF3F, 0xF7FF, 0xFFFF, 0xACD4, // 0x18F0 (6384) pixels
    0x2965, 0x18A2, 0x0000, 0x10E6, 0x19ED, 0x4B54, 0x8CD7, 0xF77E, 0xFFFF, 0xFFFF, 0xFFDF, 0xFFFF, 0xFFFF, 0x8412, 0x318A, 0xB5BB, // 0x1900 (6400) pixels
    0xC6FD, 0x62B1, 0x600A, 0xE292, 0xFDB3, 0xFE31, 0xFCF0, 0xFBF1, 0xEAF2, 0xE1D1, 0xE974, 0xFAF4, 0xFDCE, 0xFF4A, 0xFE6E, 0xFCB3, // 0x1910 (6416) pixels
    0xDB72, 0x81E8, 0x1840, 0x0020, 0x0000, 0x1001, 0x3102, 0x4A23, 0x3944, 0x0800, 0x0000, 0x0000, 0x0000, 0x0000, 0x0020, 0x0000, // 0x1920 (6432) pixels
    0x0000, 0x0000, 0x0000, 0x0000, 0x0000, 0x0000, 0x0000, 0x0000, 0x0000, 0x0000, 0x0000, 0x0000, 0x0000, 0x0000, 0x0000, 0x0000, // 0x1930 (6448) pixels
    0x0000, 0x0000, 0x0000, 0x0000, 0x0000, 0x0000, 0x0000, 0x0000, 0x0000, 0x0000, 0x0000, 0x0000, 0x0000, 0x0000, 0x0000, 0x0000, // 0x1940 (6464) pixels
    0x0000, 0x0000, 0x0000, 0x0000, 0x0000, 0x0000, 0x0000, 0x0000, 0x0000, 0x0000, 0x0000, 0x0000, 0x0000, 0x0000, 0x0000, 0x0000, // 0x1950 (6480) pixels
    0x0000, 0x0000, 0x0000, 0x0000, 0x0000, 0x0000, 0x0000, 0x0000, 0x0000, 0x0000, 0x0020, 0x0020, 0x0000, 0x0001, 0x2804, 0x60E9, // 0x1960 (6496) pixels
    0x58A7, 0x0001, 0x3A49, 0xCE39, 0xFFDF, 0xF7DF, 0xF7FF, 0xFFBF, 0xBE18, 0x5268, 0x0001, 0x0047, 0x0190, 0x649B, 0xDF5F, 0xFFDF, // 0x1970 (6512) pixels
    0xFFFF, 0xFFFF, 0xFFFF, 0xFFFF, 0xFFFF, 0x8C53, 0x420C, 0xC63D, 0xC6DD, 0x6A91, 0x600A, 0xEAB2, 0xFDB4, 0xFE11, 0xFCF0, 0xFC12, // 0x1980 (6528) pixels
    0xF354, 0xE232, 0xE152, 0xE9B1, 0xEC0E, 0xF70B, 0xFFAD, 0xFDF0, 0xF3F3, 0xCB6E, 0x5963, 0x1020, 0x0000, 0x0000, 0x49C4, 0xB4AC, // 0x1990 (6544) pixels
    0x838B, 0x1020, 0x0820, 0x0000, 0x0000, 0x0000, 0x0000, 0x0000, 0x0000, 0x0000, 0x0000, 0x0000, 0x0000, 0x0000, 0x0000, 0x0000, // 0x19A0 (6560) pixels
    0x0000, 0x0000, 0x0000, 0x0000, 0x0000, 0x0000, 0x0000, 0x0000, 0x0000, 0x0000, 0x0000, 0x0000, 0x0000, 0x0000, 0x0000, 0x0000, // 0x19B0 (6576) pixels
    0x0000, 0x0000, 0x0000, 0x0000, 0x0000, 0x0000, 0x0000, 0x0000, 0x0000, 0x0000, 0x0000, 0x0000, 0x0000, 0x0000, 0x0000, 0x0000, // 0x19C0 (6592) pixels
    0x0000, 0x0000, 0x0000, 0x0000, 0x0000, 0x0000, 0x0000, 0x0000, 0x0000, 0x0000, 0x0000, 0x0000, 0x0000, 0x0000, 0x0000, 0x0000, // 0x19D0 (6608) pixels
    0x0000, 0x0800, 0x0800, 0x0000, 0x0040, 0x0000, 0x3023, 0x8109, 0x7908, 0x1801, 0x42AA, 0xCEFB, 0xFFDF, 0xFFFF, 0xFFFE, 0xFFFE, // 0x19E0 (6624) pixels
    0xD6DB, 0x5ACA, 0x0842, 0x112D, 0x43BB, 0x757F, 0xD73F, 0xFFBE, 0xFFDF, 0xFFFF, 0xFFFF, 0xFFFF, 0xF7BF, 0x8453, 0x4A4D, 0xBDFC, // 0x19F0 (6640) pixels
    0xC6DD, 0x72B1, 0x680A, 0xF293, 0xFD93, 0xFDF1, 0xF4F0, 0xFC11, 0xFB54, 0xDA11, 0xD930, 0xF1B3, 0xF3B2, 0xF6CC, 0xFFEB, 0xF6AD, // 0x1A00 (6656) pixels
    0xEBD2, 0xEBF0, 0xCBED, 0x8309, 0x1102, 0x0080, 0x72E7, 0xE54E, 0x9C4D, 0x0800, 0x0000, 0x0020, 0x0020, 0x0000, 0x0000, 0x0000, // 0x1A10 (6672) pixels
    0x0000, 0x0000, 0x0000, 0x0000, 0x0000, 0x0000, 0x0000, 0x0000, 0x0000, 0x0000, 0x0000, 0x0000, 0x0000, 0x0000, 0x0000, 0x0000, // 0x1A20 (6688) pixels
    0x0000, 0x0000, 0x0000, 0x0000, 0x0000, 0x0000, 0x0000, 0x0000, 0x0000, 0x0000, 0x0000, 0x0000, 0x0000, 0x0000, 0x0000, 0x0000, // 0x1A30 (6704) pixels
    0x0000, 0x0000, 0x0000, 0x0000, 0x0000, 0x0000, 0x0000, 0x0000, 0x0000, 0x0000, 0x0000, 0x0000, 0x0000, 0x0000, 0x0000, 0x0000, // 0x1A40 (6720) pixels
    0x0000, 0x0000, 0x0000, 0x0000, 0x0000, 0x0000, 0x0000, 0x0000, 0x0000, 0x0000, 0x0000, 0x0000, 0x0000, 0x0000, 0x1041, 0x2904, // 0x1A50 (6736) pixels
    0x2945, 0x0000, 0x5ACB, 0xDEDB, 0xFFFF, 0xFFFF, 0xFFDF, 0xFFFF, 0xF6DF, 0xC457, 0xA212, 0xBA74, 0xE47B, 0xED9D, 0xE61C, 0xFF5F, // 0x1A60 (6752) pixels
    0xFFFF, 0xFFDF, 0xFFFF, 0xFFFF, 0xF7FF, 0x8C73, 0x4A2C, 0xD67E, 0xD71E, 0x62F0, 0x6009, 0xE272, 0xFDB5, 0xF630, 0xFCB0, 0xFBB3, // 0x1A70 (6768) pixels
    0xEAF3, 0xE213, 0xD973, 0xDA12, 0xE40F, 0xFE8E, 0xFFAD, 0xF74C, 0xFC11, 0xDAD0, 0xFC55, 0xF5B1, 0xCD88, 0xBCE6, 0xF60E, 0xF5CF, // 0x1A80 (6784) pixels
    0x72A9, 0x1000, 0x0000, 0x0020, 0x0000, 0x0020, 0x0000, 0x0000, 0x0000, 0x0000, 0x0000, 0x0000, 0x0000, 0x0000, 0x0000, 0x0000, // 0x1A90 (6800) pixels
    0x0000, 0x0000, 0x0000, 0x0000, 0x0000, 0x0000, 0x0000, 0x0000, 0x0800, 0x0800, 0x0000, 0x0000, 0x0000, 0x0001, 0x0001, 0x0001, // 0x1AA0 (6816) pixels
    0x0020, 0x0000, 0x0000, 0x0000, 0x0000, 0x0000, 0x0020, 0x0020, 0x0000, 0x0000, 0x0000, 0x0000, 0x0000, 0x0000, 0x0000, 0x0000, // 0x1AB0 (6832) pixels
    0x0000, 0x0000, 0x0000, 0x0000, 0x0000, 0x0000, 0x0000, 0x0000, 0x0000, 0x0000, 0x0000, 0x0000, 0x0000, 0x0000, 0x0000, 0x0000, // 0x1AC0 (6848) pixels
    0x0000, 0x0000, 0x0000, 0x0000, 0x0000, 0x0000, 0x0000, 0x0800, 0x0000, 0x10A2, 0x73AE, 0xDEFB, 0xFFFF, 0xFFFF, 0xFFFF, 0xFFFF, // 0x1AD0 (6864) pixels
    0xFFBF, 0xEE3D, 0xDCD9, 0xE4BA, 0xFE3E, 0xFF1F, 0xFF5E, 0xFFDF, 0xFFFF, 0xFFDF, 0xFFFF, 0xFFFF, 0xF79E, 0x8C73, 0x528C, 0xDE7D, // 0x1AE0 (6880) pixels
    0xD73F, 0x62B1, 0x600A, 0xDAD2, 0xFDD3, 0xF611, 0xFCB0, 0xFB92, 0xF353, 0xE1F2, 0xD932, 0xD9F2, 0xEC0F, 0xFE8D, 0xFFCC, 0xFF8B, // 0x1AF0 (6896) pixels
    0xFD0F, 0xEB51, 0xF334, 0xFC53, 0xFDD2, 0xFEB4, 0xFE94, 0xCC6C, 0x4144, 0x0800, 0x0000, 0x0020, 0x0000, 0x0020, 0x0000, 0x0000, // 0x1B00 (6912) pixels
    0x0000, 0x0000, 0x0000, 0x0000, 0x0000, 0x0000, 0x0000, 0x0000, 0x0000, 0x0000, 0x0000, 0x0000, 0x0000, 0x0000, 0x0000, 0x0000, // 0x1B10 (6928) pixels
    0x0020, 0x0020, 0x0020, 0x0840, 0x0840, 0x0020, 0x0020, 0x0020, 0x0000, 0x0000, 0x0000, 0x0000, 0x0800, 0x0000, 0x0000, 0x0801, // 0x1B20 (6944) pixels
    0x0000, 0x0000, 0x0000, 0x0000, 0x0000, 0x0000, 0x0000, 0x0000, 0x0000, 0x0000, 0x0000, 0x0000, 0x0000, 0x0000, 0x0000, 0x0000, // 0x1B30 (6960) pixels
    0x0000, 0x0000, 0x0000, 0x0000, 0x0000, 0x0000, 0x0000, 0x0000, 0x0000, 0x0000, 0x0000, 0x0000, 0x0000, 0x0000, 0x0000, 0x0000, // 0x1B40 (6976) pixels
    0x0861, 0x7BCF, 0xBDF7, 0xF7BE, 0xFFFF, 0xFFFF, 0xFFFF, 0xFFFF, 0xFFFF, 0xFF9F, 0xFF1E, 0xFEDE, 0xFF7F, 0xFFFF, 0xFFFF, 0xFFFE, // 0x1B50 (6992) pixels
    0xF7FE, 0xF7FF, 0xFFDF, 0xFE1C, 0xD457, 0x69EB, 0x4A6B, 0xE77E, 0xE79F, 0x6231, 0x580A, 0xD3B1, 0xFEB3, 0xFDD1, 0xFC31, 0xFBD4, // 0x1B60 (7008) pixels
    0xFB53, 0xE1F1, 0xD911, 0xE1F2, 0xF430, 0xFE8D, 0xFFCB, 0xFFCB, 0xFE6E, 0xF431, 0xD9B2, 0xD1D1, 0xE3D2, 0xE4F4, 0xBC30, 0x5943, // 0x1B70 (7024) pixels
    0x1000, 0x0000, 0x0000, 0x0000, 0x0000, 0x0000, 0x0000, 0x0000, 0x0000, 0x0000, 0x0000, 0x0000, 0x0000, 0x0000, 0x0000, 0x0000, // 0x1B80 (7040) pixels
    0x0000, 0x0000, 0x0000, 0x0000, 0x0000, 0x0000, 0x0000, 0x0000, 0x0000, 0x0000, 0x0000, 0x0000, 0x0000, 0x0000, 0x0800, 0x0800, // 0x1B90 (7056) pixels
    0x0000, 0x0000, 0x0000, 0x0000, 0x0000, 0x0000, 0x0000, 0x0000, 0x0000, 0x0000, 0x0000, 0x0000, 0x0000, 0x0000, 0x0000, 0x0000, // 0x1BA0 (7072) pixels
    0x0000, 0x0000, 0x0000, 0x0000, 0x0000, 0x0000, 0x0000, 0x0000, 0x0000, 0x0000, 0x0000, 0x0000, 0x0000, 0x0000, 0x0000, 0x0000, // 0x1BB0 (7088) pixels
    0x0000, 0x0000, 0x0000, 0x0000, 0x0000, 0x0000, 0x0800, 0x0820, 0x39C7, 0xDEDB, 0xFFFF, 0xFFFF, 0xFFFF, 0xFFFF, 0xFFFF, 0xFFFF, // 0x1BC0 (7104) pixels
    0xF7FF, 0xFFFF, 0xFFDF, 0xFFDF, 0xFFFF, 0xFFFF, 0xFFFF, 0xFFFE, 0xFFFE, 0xF7FF, 0xFF5F, 0xE419, 0xA10E, 0x4806, 0x526B, 0xD7BD, // 0x1BD0 (7120) pixels
    0xEF9F, 0x71F1, 0x604A, 0xDCD1, 0xFF13, 0xFD71, 0xF3B1, 0xFC15, 0xF312, 0xE9F2, 0xE133, 0xEA13, 0xF430, 0xFE8D, 0xFFCB, 0xFFEA, // 0x1BE0 (7136) pixels
    0xFF8D, 0xFD33, 0xD9D3, 0xA8AF, 0x78EA, 0x5968, 0x4125, 0x1000, 0x0000, 0x0000, 0x0020, 0x0000, 0x0000, 0x0000, 0x0000, 0x0800, // 0x1BF0 (7152) pixels
    0x0000, 0x0000, 0x0000, 0x0000, 0x0000, 0x0000, 0x0000, 0x0000, 0x0000, 0x0000, 0x0000, 0x0000, 0x0000, 0x0000, 0x0000, 0x0000, // 0x1C00 (7168) pixels
    0x0000, 0x0000, 0x0000, 0x0000, 0x0801, 0x3864, 0x6128, 0x818A, 0x712B, 0x716B, 0x5128, 0x2043, 0x0000, 0x0000, 0x0020, 0x0000, // 0x1C10 (7184) pixels
    0x0000, 0x0020, 0x0000, 0x0000, 0x0000, 0x0000, 0x0000, 0x0000, 0x0000, 0x0000, 0x0000, 0x0000, 0x0000, 0x0000, 0x0000, 0x0000, // 0x1C20 (7200) pixels
    0x0000, 0x0000, 0x0000, 0x0000, 0x0000, 0x0000, 0x0000, 0x0000, 0x0000, 0x0000, 0x0000, 0x0000, 0x0000, 0x0000, 0x0000, 0x0000, // 0x1C30 (7216) pixels
    0x31A6, 0xEF5D, 0xFFFF, 0xFFFF, 0xFFDF, 0xFFFF, 0xFFFF, 0xFFDF, 0xFFFF, 0xFFDF, 0xFFDF, 0xFFFF, 0xFFFF, 0xF7FF, 0xFFFF, 0xFFBF, // 0x1C40 (7232) pixels
    0xFE3B, 0xFDFC, 0xFD9F, 0xEB39, 0x90AF, 0x69AF, 0xAD58, 0xFFFF, 0xEEDF, 0x8211, 0x89ED, 0xEDF2, 0xFE50, 0xFCB1, 0xFBB3, 0xF373, // 0x1C50 (7248) pixels
    0xEA93, 0xE1B3, 0xE954, 0xEA13, 0xEC30, 0xFE8D, 0xFFCB, 0xFFCB, 0xFF0B, 0xFD53, 0xDA34, 0x90AD, 0x4003, 0x1000, 0x0000, 0x0000, // 0x1C60 (7264) pixels
    0x0000, 0x0020, 0x0000, 0x0000, 0x0000, 0x0000, 0x0800, 0x0000, 0x0000, 0x0000, 0x0000, 0x0000, 0x0000, 0x0000, 0x0000, 0x0000, // 0x1C70 (7280) pixels
    0x0000, 0x0000, 0x0000, 0x0000, 0x0000, 0x0000, 0x0000, 0x0000, 0x0060, 0x0020, 0x0001, 0x2023, 0x5907, 0x9A4C, 0xCB70, 0xEC32, // 0x1C80 (7296) pixels
    0xF352, 0xEB92, 0xCB0F, 0x81A8, 0x58E5, 0x5106, 0x38A6, 0x2004, 0x0000, 0x0000, 0x0020, 0x0000, 0x0000, 0x0000, 0x0000, 0x0000, // 0x1C90 (7312) pixels
    0x0000, 0x0000, 0x0000, 0x0000, 0x0000, 0x0000, 0x0000, 0x0000, 0x0000, 0x0000, 0x0000, 0x0000, 0x0000, 0x0000, 0x0000, 0x0000, // 0x1CA0 (7328) pixels
    0x0000, 0x0000, 0x0000, 0x0000, 0x0000, 0x0000, 0x0000, 0x0000, 0x4A49, 0xDEFB, 0xFFFF, 0xFFFF, 0xFFFF, 0xFFFF, 0xFFFF, 0xFFFF, // 0x1CB0 (7344) pixels
    0xFFDF, 0xFFFF, 0xFFDF, 0xFFDF, 0xFFFF, 0xFFFF, 0xFFDF, 0xF75E, 0xEC56, 0xE335, 0xFB19, 0xD9F6, 0x688E, 0x7BB5, 0xE7BF, 0xFFDF, // 0x1CC0 (7360) pixels
    0xE55D, 0x89EE, 0xAB4C, 0xFEB3, 0xFD70, 0xF412, 0xFBB5, 0xF2B1, 0xE233, 0xE193, 0xE153, 0xE252, 0xEC6F, 0xF6AC, 0xFFAB, 0xFFAC, // 0x1CD0 (7376) pixels
    0xFEEB, 0xFD53, 0xDA53, 0xA14E, 0x7988, 0x6A68, 0x1881, 0x0000, 0x0000, 0x0000, 0x0000, 0x0000, 0x0000, 0x0000, 0x0000, 0x0000, // 0x1CE0 (7392) pixels
    0x0000, 0x0000, 0x0000, 0x0000, 0x0000, 0x0000, 0x0000, 0x0000, 0x0000, 0x0000, 0x0000, 0x0000, 0x0000, 0x0000, 0x0000, 0x0000, // 0x1CF0 (7408) pixels
    0x0060, 0x0000, 0x2001, 0x7967, 0xCB8F, 0xF553, 0xFE33, 0xFE93, 0xFDF0, 0xFE31, 0xF5D0, 0xE54F, 0xE511, 0xDC72, 0x9A4C, 0x5005, // 0x1D00 (7424) pixels
    0x0800, 0x0800, 0x0000, 0x0020, 0x0000, 0x0000, 0x0000, 0x0000, 0x0000, 0x0000, 0x0000, 0x0000, 0x0000, 0x0000, 0x0000, 0x0000, // 0x1D10 (7440) pixels
    0x0000, 0x0000, 0x0000, 0x0000, 0x0000, 0x0000, 0x0000, 0x0000, 0x0000, 0x0000, 0x0000, 0x0000, 0x0000, 0x0000, 0x18E3, 0x52AA, // 0x1D20 (7456) pixels
    0xA534, 0xEF5D, 0xFFFF, 0xFFFF, 0xFFFF, 0xFFFF, 0xFFFF, 0xFFFF, 0xFFFF, 0xFFFF, 0xFFFF, 0xFFFF, 0xFFFF, 0xFFFF, 0xFFFF, 0xFFBF, // 0x1D30 (7472) pixels
    0xF65C, 0xE437, 0xC1F2, 0x88EE, 0x69F0, 0xA59A, 0xEFDF, 0xD65B, 0xBB17, 0xAA8E, 0xD50E, 0xFEB2, 0xFCB1, 0xFBB3, 0xF354, 0xFA52, // 0x1D40 (7488) pixels
    0xE214, 0xE193, 0xE192, 0xEAF1, 0xF52E, 0xFF2B, 0xFFCA, 0xFFAB, 0xFF0A, 0xFD32, 0xC212, 0xA12E, 0xBAED, 0xCC70, 0x38E3, 0x0000, // 0x1D50 (7504) pixels
    0x0001, 0x0000, 0x0000, 0x0000, 0x0000, 0x0000, 0x0000, 0x0000, 0x0000, 0x0000, 0x0000, 0x0000, 0x0000, 0x0000, 0x0000, 0x0000, // 0x1D60 (7520) pixels
    0x0000, 0x0000, 0x0000, 0x0000, 0x0000, 0x0000, 0x0000, 0x0000, 0x0801, 0x3083, 0x8228, 0xD42E, 0xFDB3, 0xFE54, 0xFE54, 0xF633, // 0x1D70 (7536) pixels
    0xF692, 0xF691, 0xFE71, 0xFE91, 0xFF35, 0xFED6, 0xDCD1, 0x928A, 0x61C8, 0x2862, 0x0800, 0x0000, 0x0020, 0x0000, 0x0000, 0x0000, // 0x1D80 (7552) pixels
    0x0000, 0x0000, 0x0000, 0x0000, 0x0000, 0x0000, 0x0000, 0x0000, 0x0000, 0x0000, 0x0000, 0x0000, 0x0000, 0x0000, 0x0000, 0x0000, // 0x1D90 (7568) pixels
    0x0000, 0x0000, 0x0000, 0x0020, 0x0000, 0x0000, 0x4248, 0xBDF7, 0xFFFF, 0xFFFF, 0xFFFF, 0xFFDF, 0xFFFF, 0xFFFF, 0xFFDF, 0xFFFF, // 0x1DA0 (7584) pixels
    0xF7FE, 0xFFFF, 0xFFFF, 0xFFFF, 0xFFFF, 0xF7DF, 0xFFFF, 0xFFFF, 0xFFFF, 0xBD16, 0x3066, 0x0804, 0x7C55, 0xEFFF, 0xF73F, 0xAC12, // 0x1DB0 (7600) pixels
    0x88D0, 0xDC52, 0xFF12, 0xFE30, 0xFBF0, 0xFBB5, 0xEB14, 0xFA11, 0xEA14, 0xE1B2, 0xE1F1, 0xF3B0, 0xFE0E, 0xFFAA, 0xFFE9, 0xFFAA, // 0x1DC0 (7616) pixels
    0xFF8A, 0xF5B3, 0xC274, 0xA12F, 0xC2AE, 0xDC10, 0x3041, 0x0020, 0x0001, 0x0821, 0x0841, 0x0000, 0x0000, 0x0000, 0x0000, 0x0041, // 0x1DD0 (7632) pixels
    0x0000, 0x0000, 0x0000, 0x0000, 0x0000, 0x0000, 0x0000, 0x0000, 0x0000, 0x0000, 0x0000, 0x0000, 0x0000, 0x0000, 0x0000, 0x0000, // 0x1DE0 (7648) pixels
    0x1801, 0x7A6A, 0xE5B3, 0xFED4, 0xFDF1, 0xF46F, 0xF38F, 0xFB31, 0xFB74, 0xF372, 0xE34F, 0xDBCD, 0xED10, 0xFE94, 0xFF57, 0xFF78, // 0x1DF0 (7664) pixels
    0xD4F6, 0x61E9, 0x1001, 0x0000, 0x0000, 0x0000, 0x0000, 0x0000, 0x0000, 0x0000, 0x0000, 0x0000, 0x0000, 0x0000, 0x0000, 0x0000, // 0x1E00 (7680) pixels
    0x0000, 0x0000, 0x0000, 0x0000, 0x0000, 0x0000, 0x0000, 0x0000, 0x0000, 0x0000, 0x0000, 0x0000, 0x0000, 0x0000, 0x39E7, 0xB5B6, // 0x1E10 (7696) pixels
    0xFFFF, 0xFFFF, 0xFFFF, 0xFFFF, 0xFFFF, 0xFFFF, 0xFFDF, 0xFFFF, 0xFFFF, 0xFFFF, 0xFFDF, 0xFFDF, 0xE71C, 0xD69A, 0xD69A, 0xD69A, // 0x1E20 (7712) pixels
    0xBDFA, 0x5B8D, 0x0905, 0x39ED, 0xA559, 0xEFFF, 0xEEBE, 0x9AD4, 0x792C, 0xE552, 0xFF13, 0xF50F, 0xEBB2, 0xEB34, 0xF2F3, 0xF210, // 0x1E30 (7728) pixels
    0xF9D5, 0xD9B4, 0xC250, 0xDCAD, 0xFF0C, 0xFFAA, 0xFFAB, 0xFFCB, 0xFF4C, 0xFD50, 0xC290, 0x98CD, 0xCA30, 0xD410, 0x5A65, 0x2120, // 0x1E40 (7744) pixels
    0x5980, 0x7284, 0x3943, 0x0000, 0x0000, 0x0000, 0x0821, 0x0000, 0x0020, 0x0000, 0x0000, 0x0000, 0x0000, 0x0000, 0x0000, 0x0000, // 0x1E50 (7760) pixels
    0x0000, 0x0000, 0x0800, 0x0000, 0x0000, 0x0020, 0x0000, 0x0021, 0x3040, 0xB42D, 0xFE74, 0xFDB4, 0xF3B1, 0xE2D1, 0xF3B3, 0xF432, // 0x1E60 (7776) pixels
    0xF472, 0xEC31, 0xF470, 0xFC70, 0xEBCE, 0xDBCF, 0xF575, 0xFF3C, 0xFEF9, 0xC411, 0x60E6, 0x1000, 0x0000, 0x0000, 0x0000, 0x0000, // 0x1E70 (7792) pixels
    0x0000, 0x0000, 0x0000, 0x0000, 0x0000, 0x0000, 0x0000, 0x0000, 0x0000, 0x0000, 0x0000, 0x0000, 0x0000, 0x0000, 0x0000, 0x0000, // 0x1E80 (7808) pixels
    0x0000, 0x0000, 0x0000, 0x0000, 0x0000, 0x0000, 0x4A69, 0xC618, 0xFFFF, 0xFFFF, 0xFFFF, 0xFFFF, 0xFFDF, 0xFFFF, 0xFFFF, 0xFFFF, // 0x1E90 (7824) pixels
    0xFFDF, 0xFFDF, 0xFFFF, 0xF7BE, 0x7BCF, 0x2945, 0x2104, 0x18E3, 0x1083, 0x1964, 0x636F, 0xCE1D, 0xE6FF, 0xDEBE, 0xB478, 0x814E, // 0x1EA0 (7840) pixels
    0xC453, 0xF615, 0xFD92, 0xE3AD, 0xFB51, 0xFAF3, 0xEA73, 0xD9D2, 0xE992, 0xD191, 0xD2F1, 0xFDB0, 0xFF6C, 0xFFC9, 0xFFAB, 0xFF4C, // 0x1EB0 (7856) pixels
    0xEE6F, 0xFCD2, 0xDAB4, 0xA111, 0xB170, 0xFCD5, 0xE651, 0xE6CE, 0xD58F, 0x8349, 0x1860, 0x0000, 0x0841, 0x0000, 0x0000, 0x0000, // 0x1EC0 (7872) pixels
    0x0020, 0x1082, 0x0861, 0x0841, 0x0841, 0x0841, 0x0861, 0x10A2, 0x0861, 0x0820, 0x0800, 0x0000, 0x0000, 0x0000, 0x0000, 0x1021, // 0x1ED0 (7888) pixels
    0x83A7, 0xEDD2, 0xFD54, 0xF390, 0xE32F, 0xF430, 0xFE11, 0xFF12, 0xFF30, 0xFF30, 0xFF52, 0xFEF2, 0xF590, 0xDC0E, 0xE36F, 0xFB72, // 0x1EE0 (7904) pixels
    0xFD37, 0xFDD8, 0xC4D2, 0x5A07, 0x1020, 0x0000, 0x0020, 0x0021, 0x0000, 0x0000, 0x0000, 0x0000, 0x0000, 0x0000, 0x0000, 0x0000, // 0x1EF0 (7920) pixels
    0x0000, 0x0000, 0x0000, 0x0000, 0x0000, 0x0000, 0x0000, 0x0000, 0x0000, 0x0000, 0x0000, 0x0020, 0x0020, 0x31A6, 0xAD55, 0xFFDF, // 0x1F00 (7936) pixels
    0xFFFF, 0xF7BE, 0xFFFF, 0xF79E, 0xBDD7, 0x9CF3, 0xE73C, 0xFFFF, 0xFFFF, 0xFFDF, 0xEF5D, 0xAD75, 0x39E7, 0x0000, 0x0000, 0x0000, // 0x1F10 (7952) pixels
    0x0000, 0x10A2, 0x6B70, 0xEF1F, 0xF75F, 0xCD7D, 0x9AB5, 0x99AF, 0xF674, 0xFE36, 0xF472, 0xEB2F, 0xFB53, 0xFA73, 0xE9D4, 0xE1F5, // 0x1F20 (7968) pixels
    0xD9D0, 0xDA8F, 0xF490, 0xFED0, 0xFF8B, 0xFFA8, 0xFFAB, 0xF6EC, 0xE532, 0xFC34, 0xC292, 0x9150, 0xB151, 0xFBF6, 0xE54F, 0xD66B, // 0x1F30 (7984) pixels
    0x9C2C, 0x41A4, 0x0800, 0x0000, 0x0021, 0x0000, 0x0000, 0x18A3, 0x630C, 0x8C71, 0x9492, 0x9492, 0x9CD3, 0x94B2, 0x9CF3, 0xA534, // 0x1F40 (8000) pixels
    0x632C, 0x18E3, 0x0000, 0x0041, 0x0040, 0x0000, 0x1000, 0x3864, 0xBC4B, 0xF532, 0xFC32, 0xF3AF, 0xFCF0, 0xFE2F, 0xFEED, 0xF72C, // 0x1F50 (8016) pixels
    0xF6CC, 0xFECD, 0xFF0D, 0xF72D, 0xF72F, 0xFED0, 0xFD8F, 0xF40B, 0xDB11, 0xFDD8, 0xFF7B, 0xC532, 0x4985, 0x0800, 0x0001, 0x0001, // 0x1F60 (8032) pixels
    0x0000, 0x0000, 0x0000, 0x0000, 0x0000, 0x0000, 0x0000, 0x0000, 0x0000, 0x0000, 0x0000, 0x0000, 0x0000, 0x0000, 0x0000, 0x0000, // 0x1F70 (8048) pixels
    0x0000, 0x0000, 0x0000, 0x0000, 0x0000, 0x5ACB, 0xE71C, 0xFFFF, 0xFFFF, 0xFFFF, 0xFFDF, 0xCE59, 0x4A49, 0x0861, 0xBDF7, 0xFFFF, // 0x1F80 (8064) pixels
    0xFFFF, 0xF7BE, 0x9CF3, 0x2945, 0x0000, 0x0000, 0x0000, 0x0000, 0x0020, 0x0021, 0x39EA, 0xC61B, 0xDE7E, 0x9357, 0x712F, 0xE3D4, // 0x1F90 (8080) pixels
    0xFE71, 0xFD53, 0xEBB2, 0xF352, 0xFB14, 0xF1D3, 0xE133, 0xD9D3, 0xE372, 0xFCEF, 0xFEAD, 0xFF8C, 0xFF8A, 0xFFAA, 0xFFCD, 0xFEED, // 0x1FA0 (8096) pixels
    0xFCB5, 0xFC34, 0x798A, 0x4067, 0xB150, 0xFA94, 0x7107, 0x18C0, 0x1020, 0x0800, 0x0001, 0x0001, 0x0000, 0x10E2, 0x39E7, 0x52AA, // 0x1FB0 (8112) pixels
    0xC638, 0xF7BE, 0xFFFF, 0xFFFF, 0xFFFF, 0xFFFF, 0xFFFF, 0xFFFF, 0xCE79, 0x7BCF, 0x52AA, 0x638D, 0x29C6, 0x0000, 0x2002, 0x824C, // 0x1FC0 (8128) pixels
    0xE352, 0xF412, 0xF48F, 0xFD8E, 0xFE6D, 0xFE6C, 0xF5EC, 0xF56B, 0xFDAF, 0xFD8E, 0xF58C, 0xEDCA, 0xF6CC, 0xFFCE, 0xFFAD, 0xE6A9, // 0x1FD0 (8144) pixels
    0xFCB2, 0xED13, 0xFE18, 0xED97, 0x828B, 0x1021, 0x0000, 0x0041, 0x0000, 0x0000, 0x0000, 0x0000, 0x0000, 0x0000, 0x0000, 0x0000, // 0x1FE0 (8160) pixels
    0x0000, 0x0000, 0x0000, 0x0000, 0x0000, 0x0000, 0x0000, 0x0000, 0x0000, 0x0000, 0x0000, 0x0000, 0x0020, 0x4228, 0xBDD7, 0xFFDF, // 0x1FF0 (8176) pixels
    0xFFDF, 0xFFFF, 0xFFFF, 0xDEDB, 0x630C, 0x2104, 0xC638, 0xFFFF, 0xFFFF, 0xDEDB, 0x7BCF, 0x10A2, 0x0000, 0x0020, 0x0000, 0x0000, // 0x2000 (8192) pixels
    0x0000, 0x0000, 0x2146, 0xADD8, 0xDEFF, 0x82D4, 0x70EC, 0xFD35, 0xFE91, 0xFCF1, 0xF351, 0xFAF3, 0xF274, 0xE9B3, 0xD9F2, 0xD2AF, // 0x2010 (8208) pixels
    0xED10, 0xFECE, 0xFFAA, 0xF7A8, 0xF789, 0xFFAB, 0xFF4E, 0xF64E, 0xFC35, 0xFB73, 0x58C8, 0x1003, 0x80EC, 0xD1F1, 0x5888, 0x0002, // 0x2020 (8224) pixels
    0x0820, 0x0841, 0x1063, 0x0022, 0x2145, 0x8C71, 0xD6DA, 0xE75D, 0xEF7D, 0xFFFF, 0xFFFF, 0xFFFF, 0xFFFF, 0xFFDF, 0xFFFF, 0xFFFF, // 0x2030 (8240) pixels
    0xFFFF, 0xF7BE, 0xFFFF, 0xF7FF, 0x7430, 0x18A3, 0x2002, 0x6989, 0xC9B3, 0xFC34, 0xFDF1, 0xFE0D, 0xF58C, 0xF4EE, 0xFC90, 0xFC71, // 0x2040 (8256) pixels
    0xF4D1, 0xF4F0, 0xFD10, 0xFD2E, 0xFD4C, 0xFE0C, 0xFEED, 0xFFAD, 0xFEAF, 0xECEF, 0xE412, 0xF4D8, 0xD4B5, 0x6A49, 0x0841, 0x0021, // 0x2050 (8272) pixels
    0x0000, 0x0000, 0x0000, 0x0000, 0x0000, 0x0000, 0x0000, 0x0000, 0x0000, 0x0000, 0x0000, 0x0000, 0x0000, 0x0000, 0x0000, 0x0000, // 0x2060 (8288) pixels
    0x0000, 0x0000, 0x0000, 0x0000, 0x0000, 0x0000, 0x52AA, 0xD69A, 0xFFFF, 0xFFDF, 0xFFFF, 0xFFDF, 0xCE79, 0xAD75, 0xF7BE, 0xFFFF, // 0x2070 (8304) pixels
    0xD69A, 0x5AEB, 0x2945, 0x1082, 0x0000, 0x0000, 0x0020, 0x0000, 0x0000, 0x0800, 0x2102, 0x7411, 0xBDFC, 0x8AF4, 0x818C, 0xFCF1, // 0x2080 (8320) pixels
    0xFE13, 0xFCD2, 0xFB32, 0xFA53, 0xE1B2, 0xE272, 0xEC51, 0xF5AF, 0xF68B, 0xFF8C, 0xFFAA, 0xEF88, 0xFFAA, 0xFF4C, 0xFE2F, 0xF511, // 0x2090 (8336) pixels
    0xF312, 0xB96F, 0x690E, 0x392D, 0x48AA, 0x60A8, 0x82ED, 0x9CB3, 0xA534, 0x9CF4, 0x9CD5, 0x8C53, 0xA514, 0xDEFB, 0xFFFF, 0xFFDF, // 0x20A0 (8352) pixels
    0xFFFF, 0xFFFF, 0xF7BE, 0xFFFF, 0xFFFF, 0xFFDF, 0xFFFF, 0xFFDF, 0xFFFF, 0xFFFF, 0xFFFF, 0xFFFF, 0xCEDB, 0xAD55, 0x72CC, 0x3864, // 0x20B0 (8368) pixels
    0x91B0, 0xE4B5, 0xFDF4, 0xFCCF, 0xFBB0, 0xFB53, 0xFB33, 0xFB52, 0xF371, 0xF3B1, 0xF433, 0xFC52, 0xFC4F, 0xFCCD, 0xFDED, 0xFECE, // 0x20C0 (8384) pixels
    0xF7AC, 0xFE4F, 0xEC10, 0xEC34, 0xFDFA, 0xC493, 0x4146, 0x0000, 0x0000, 0x0000, 0x0000, 0x0000, 0x0000, 0x0000, 0x0000, 0x0000, // 0x20D0 (8400) pixels
    0x0000, 0x0000, 0x0000, 0x0000, 0x0000, 0x0000, 0x0000, 0x0000, 0x0000, 0x0000, 0x0000, 0x0000, 0x0020, 0x0000, 0x18E3, 0x8C71, // 0x20E0 (8416) pixels
    0xFFDF, 0xFFFF, 0xFFFF, 0xFFDF, 0xFFFF, 0xFFFF, 0xFFFF, 0xF79E, 0x8C51, 0x0861, 0x0000, 0x0000, 0x0000, 0x0000, 0x0000, 0x0000, // 0x20F0 (8432) pixels
    0x20A0, 0x6AE5, 0x7BA8, 0x4A8A, 0x83F6, 0x92D4, 0xAA6F, 0xFD12, 0xF492, 0xFC12, 0xFA92, 0xF1D4, 0xE1D2, 0xE3F0, 0xFE8E, 0xFFEC, // 0x2100 (8448) pixels
    0xFF89, 0xFFAC, 0xFFAC, 0xFFAC, 0xFF4C, 0xFE4F, 0xFCF2, 0xF393, 0xCA11, 0x884D, 0x8AB5, 0x8438, 0x51ED, 0x1001, 0x8C11, 0xFFBF, // 0x2110 (8464) pixels
    0xFFFE, 0xFFFF, 0xFFFF, 0xFFFF, 0xFFFF, 0xFFFF, 0xFFFF, 0xFFFF, 0xFFFF, 0xFFFF, 0xFFFF, 0xFFFF, 0xFFFF, 0xFFFF, 0xFFFF, 0xFFDF, // 0x2120 (8480) pixels
    0xFFFF, 0xFFFF, 0xFFFF, 0xFFFF, 0xF7FF, 0xFFFF, 0xEF5D, 0xB536, 0x9C53, 0xA390, 0xC310, 0xEAB3, 0xFA54, 0xFA15, 0xF234, 0xEA92, // 0x2130 (8496) pixels
    0xFA91, 0xFAB3, 0xF2D3, 0xF313, 0xF3B1, 0xFCD0, 0xFDAE, 0xF60C, 0xFF4D, 0xFF70, 0xFDEE, 0xE4CF, 0xFD77, 0xECF8, 0x8A6D, 0x3023, // 0x2140 (8512) pixels
    0x0000, 0x0000, 0x0000, 0x0000, 0x0000, 0x0000, 0x0000, 0x0000, 0x0000, 0x0000, 0x0000, 0x0000, 0x0000, 0x0000, 0x0000, 0x0000, // 0x2150 (8528) pixels
    0x0000, 0x0000, 0x0020, 0x0000, 0x0000, 0x0020, 0x0000, 0x2104, 0x8410, 0xF79E, 0xFFFF, 0xFFFF, 0xFFFF, 0xF79E, 0xB5B6, 0x6B4D, // 0x2160 (8544) pixels
    0x2124, 0x0000, 0x0020, 0x0000, 0x0000, 0x0020, 0x0000, 0x0000, 0x6AA7, 0xEE8F, 0xDE2F, 0x2945, 0x62B2, 0xA316, 0xBAB0, 0xFC93, // 0x2170 (8560) pixels
    0xFBD3, 0xF373, 0xE213, 0xE9D6, 0xEB15, 0xF5D1, 0xFF8B, 0xF7E6, 0xFFA9, 0xFF6B, 0xFF8D, 0xFF4C, 0xF60C, 0xF4B0, 0xFBB3, 0xF251, // 0x2180 (8576) pixels
    0xB931, 0x80AE, 0xACB9, 0xBEBD, 0x9473, 0x28C5, 0x7C14, 0xDEBF, 0xFFFF, 0xFFFF, 0xFFDF, 0xFFDF, 0xFFFF, 0xFFFF, 0xFFDF, 0xFFFF, // 0x2190 (8592) pixels
    0xFFFF, 0xFFFF, 0xFFFF, 0xFFFF, 0xFFFF, 0xFFFF, 0xFFFF, 0xFFFF, 0xFFFF, 0xFFDF, 0xFFBF, 0xFFFF, 0xFFFF, 0xF7FF, 0xFFFF, 0xFFFF, // 0x21A0 (8608) pixels
    0x9D74, 0x38A6, 0x5807, 0xD173, 0xE9B5, 0xD912, 0xE192, 0xF234, 0xF2F1, 0xFAD3, 0xFAB4, 0xFAD4, 0xF353, 0xF471, 0xFD6F, 0xFDAC, // 0x21B0 (8624) pixels
    0xEDEC, 0xEF0B, 0xFF6C, 0xFE2E, 0xF4F3, 0xF4B9, 0xC394, 0x6908, 0x0000, 0x0000, 0x0000, 0x0000, 0x0000, 0x0000, 0x0000, 0x0000, // 0x21C0 (8640) pixels
    0x0000, 0x0000, 0x0000, 0x0000, 0x0000, 0x0000, 0x0000, 0x0000, 0x0000, 0x0000, 0x0000, 0x0000, 0x0000, 0x0000, 0x0000, 0x0000, // 0x21D0 (8656) pixels
    0x3186, 0xAD55, 0xD6BA, 0xCE79, 0xD6BA, 0xBDF7, 0x52AA, 0x0020, 0x0002, 0x0000, 0x0000, 0x0020, 0x0000, 0x0022, 0x0001, 0x0000, // 0x21E0 (8672) pixels
    0x9485, 0xFE53, 0xC451, 0x2968, 0x6BB3, 0xAB34, 0xC24F, 0xFC94, 0xFC13, 0xEA54, 0xE1D3, 0xEB6F, 0xF60C, 0xFFAD, 0xF78B, 0xF747, // 0x21F0 (8688) pixels
    0xFFAA, 0xFF6B, 0xFEAD, 0xF58E, 0xF4B1, 0xFC55, 0xDA11, 0xA82C, 0x698F, 0xB459, 0xDE5E, 0xEF9F, 0xCEBB, 0x73F1, 0x8412, 0xD65C, // 0x2200 (8704) pixels
    0xFFFF, 0xFFFF, 0xFFFF, 0xFFFF, 0xFFFF, 0xFFFF, 0xFFFF, 0xFFFF, 0xFFFF, 0xFFFF, 0xFFFF, 0xFFFF, 0xFFFF, 0xFFFF, 0xFFFF, 0xFFFF, // 0x2210 (8720) pixels
    0xFFFF, 0xFFFF, 0xFFFF, 0xFFFF, 0xFFFF, 0xFFFF, 0xFFFF, 0xFFFF, 0xCEFB, 0x7BB0, 0x4909, 0x5829, 0xA950, 0xC973, 0xD974, 0xD974, // 0x2220 (8736) pixels
    0xE9B5, 0xEA75, 0xF315, 0xFAF4, 0xFAF4, 0xF333, 0xF3F2, 0xFC71, 0xFD2E, 0xEE2D, 0xFFCC, 0xFF6B, 0xED4D, 0xEBF4, 0xFC7A, 0xB290, // 0x2230 (8752) pixels
    0x30E3, 0x0000, 0x0000, 0x0000, 0x0000, 0x0000, 0x0000, 0x0821, 0x0000, 0x0000, 0x0000, 0x0000, 0x0000, 0x0000, 0x0000, 0x0000, // 0x2240 (8768) pixels
    0x0000, 0x0000, 0x0000, 0x0000, 0x0000, 0x0000, 0x0000, 0x0000, 0x0020, 0x2124, 0x2124, 0x2104, 0x2124, 0x2124, 0x0841, 0x0000, // 0x2250 (8784) pixels
    0x0001, 0x0000, 0x0000, 0x0000, 0x0000, 0x0001, 0x0000, 0x4A23, 0xC509, 0xFD72, 0xBB4F, 0x28E6, 0x4A4D, 0x9A31, 0xCA30, 0xFBF2, // 0x2260 (8800) pixels
    0xFBB4, 0xD9F2, 0xDA93, 0xFD31, 0xFF2C, 0xF7CB, 0xFF8C, 0xFF4C, 0xFECC, 0xF62E, 0xED10, 0xF452, 0xFB72, 0xDA71, 0xA0CE, 0x806F, // 0x2270 (8816) pixels
    0x9375, 0xD5DD, 0xEF1F, 0xF7DF, 0xEF9E, 0xBE18, 0xC619, 0xEF1E, 0xFFFF, 0xFFFF, 0xFFFF, 0xFFFF, 0xFFFF, 0xFFFF, 0xFFFF, 0xFFFF, // 0x2280 (8832) pixels
    0xFFFF, 0xFFFF, 0xFFFF, 0xFFFF, 0xFFFF, 0xFFFF, 0xFFFF, 0xFFFF, 0xFFFF, 0xFFFF, 0xFFFF, 0xFFFF, 0xFFFF, 0xFFFF, 0xFFFF, 0xFFFF, // 0x2290 (8848) pixels
    0xFFFF, 0xF79E, 0xAD36, 0x498A, 0x3005, 0x6849, 0x98AD, 0xC130, 0xD912, 0xD172, 0xDA33, 0xF2F5, 0xFB15, 0xF2F2, 0xEB30, 0xF3B1, // 0x22A0 (8864) pixels
    0xFCEF, 0xF60D, 0xFF8C, 0xFF8A, 0xFE0D, 0xF473, 0xFCB8, 0xBAD0, 0x30E4, 0x0000, 0x0000, 0x0000, 0x0000, 0x0000, 0x0000, 0x0000, // 0x22B0 (8880) pixels
    0x0000, 0x0000, 0x0000, 0x0000, 0x0000, 0x0000, 0x0000, 0x0000, 0x0000, 0x0000, 0x0000, 0x0000, 0x0000, 0x0000, 0x0000, 0x0000, // 0x22C0 (8896) pixels
    0x0020, 0x0000, 0x0000, 0x0000, 0x0000, 0x0000, 0x0000, 0x0000, 0x0001, 0x0020, 0x0000, 0x0000, 0x0000, 0x0000, 0x1060, 0x9449, // 0x22D0 (8912) pixels
    0xF5CF, 0xFCF4, 0xC331, 0x3906, 0x20A6, 0x790D, 0xDA53, 0xFBB3, 0xEA73, 0xC18F, 0xD370, 0xFEAF, 0xFFEB, 0xFFEB, 0xFF0D, 0xFE0F, // 0x22E0 (8928) pixels
    0xF4EC, 0xEC70, 0xF3D4, 0xFB77, 0xFA75, 0xB90F, 0x80EF, 0x8AD6, 0xBD59, 0xEEFF, 0xF7BF, 0xFFFF, 0xFFFF, 0xFFFF, 0xFFFF, 0xFFFF, // 0x22F0 (8944) pixels
    0xFFFF, 0xFFFF, 0xFFFF, 0xFFFF, 0xFFFF, 0xFFFF, 0xFFFF, 0xFFFF, 0xFFFF, 0xFFFF, 0xFFFF, 0xFFFF, 0xFFFF, 0xFFFF, 0xFFFF, 0xFFFF, // 0x2300 (8960) pixels
    0xFFFF, 0xFFFF, 0xFFFF, 0xFFFF, 0xFFFF, 0xFFFF, 0xFFFF, 0xFFFF, 0xFFDF, 0xFFFF, 0xE7BD, 0x84B1, 0x0000, 0x1801, 0x5025, 0x892B, // 0x2310 (8976) pixels
    0xE1B4, 0xD972, 0xD172, 0xDA54, 0xF314, 0xFAF3, 0xFB12, 0xFB73, 0xFC50, 0xFD6E, 0xFEEB, 0xFFAA, 0xFEED, 0xF551, 0xF4D5, 0xBACF, // 0x2320 (8992) pixels
    0x28C4, 0x0000, 0x0000, 0x0000, 0x0000, 0x0000, 0x0000, 0x0000, 0x0000, 0x0000, 0x0000, 0x0000, 0x0000, 0x0000, 0x0000, 0x0000, // 0x2330 (9008) pixels
    0x0000, 0x0000, 0x0000, 0x0000, 0x0000, 0x0000, 0x0000, 0x0000, 0x0000, 0x0000, 0x0020, 0x0020, 0x0000, 0x0000, 0x0020, 0x0000, // 0x2340 (9024) pixels
    0x0000, 0x0000, 0x0000, 0x0000, 0x0020, 0x0000, 0x1040, 0xACEA, 0xFE11, 0xFC74, 0xAA90, 0x30C5, 0x0801, 0x68CC, 0xEAD6, 0xFB54, // 0x2350 (9040) pixels
    0xE993, 0xCA2F, 0xE50E, 0xFFAC, 0xFFEA, 0xFF2B, 0xF58E, 0xEC0F, 0xFBD1, 0xFBB3, 0xFB15, 0xEA15, 0xC933, 0xA131, 0x9B34, 0xBDDB, // 0x2360 (9056) pixels
    0xDF1E, 0xFFFF, 0xFFFF, 0xFFFF, 0xFFFF, 0xFFFF, 0xFFFF, 0xFFFF, 0xFFFF, 0xFFFF, 0xFFFF, 0xFFFF, 0xFFFF, 0xFFFF, 0xFFFF, 0xFFFF, // 0x2370 (9072) pixels
    0xFFFF, 0xFFFF, 0xFFFF, 0xFFFF, 0xFFFF, 0xFFFF, 0xFFFF, 0xFFFF, 0xFFFF, 0xFFFF, 0xFFFF, 0xFFFF, 0xFFFF, 0xFFFF, 0xFFFF, 0xFFFF, // 0x2380 (9088) pixels
    0xFFFF, 0xFFFF, 0xF7FE, 0xA594, 0x1943, 0x0020, 0x1862, 0x4126, 0x992E, 0xC131, 0xD933, 0xD993, 0xE273, 0xFB14, 0xFB35, 0xF335, // 0x2390 (9104) pixels
    0xFB71, 0xFC8F, 0xF60C, 0xFF4B, 0xFF6D, 0xF630, 0xF513, 0xB26E, 0x30C4, 0x0821, 0x0020, 0x0000, 0x0000, 0x0000, 0x0000, 0x0000, // 0x23A0 (9120) pixels
    0x0000, 0x0000, 0x0000, 0x0000, 0x0000, 0x0000, 0x0000, 0x0000, 0x0000, 0x0000, 0x0000, 0x0000, 0x0000, 0x0000, 0x0000, 0x0000, // 0x23B0 (9136) pixels
    0x0000, 0x0000, 0x0000, 0x0000, 0x0000, 0x0000, 0x0020, 0x0000, 0x0000, 0x0000, 0x0000, 0x0000, 0x0020, 0x0000, 0x1040, 0xACA9, // 0x23C0 (9152) pixels
    0xFDF3, 0xCB91, 0x58A9, 0x0800, 0x0000, 0x692C, 0xEAD6, 0xFA93, 0xE914, 0xEB4F, 0xFEAC, 0xFFEB, 0xFF2B, 0xF58E, 0xFC31, 0xFB73, // 0x23D0 (9168) pixels
    0xFB75, 0xFAB3, 0xC951, 0x984E, 0x88CF, 0xA314, 0xD61C, 0xEFDF, 0xF7FF, 0xFFFF, 0xFFFF, 0xFFFF, 0xFFFE, 0xFFFE, 0xFFFE, 0xFFFE, // 0x23E0 (9184) pixels
    0xFFFF, 0xFFFF, 0xFFFF, 0xFFFF, 0xFFFF, 0xFFFF, 0xFFFF, 0xFFFF, 0xFFFF, 0xFFFF, 0xFFFF, 0xFFFF, 0xFFFF, 0xFFFF, 0xFFFF, 0xFFFF, // 0x23F0 (9200) pixels
    0xFFFF, 0xFFFF, 0xFFFF, 0xFFFF, 0xFFFF, 0xFFFF, 0xFFFF, 0xFFFF, 0xF7FF, 0xFFFF, 0xFFFF, 0xE71B, 0xAD75, 0x31C6, 0x0000, 0x0020, // 0x2400 (9216) pixels
    0x3025, 0x990E, 0xE974, 0xE933, 0xD9B1, 0xEAB3, 0xFB35, 0xFB15, 0xFB14, 0xF3D1, 0xF50D, 0xFEAD, 0xFF6D, 0xFEF0, 0xFD93, 0xBA8F, // 0x2410 (9232) pixels
    0x3043, 0x0800, 0x0000, 0x0020, 0x0000, 0x0000, 0x0000, 0x0000, 0x0000, 0x0000, 0x0000, 0x0000, 0x0000, 0x0000, 0x0000, 0x0000, // 0x2420 (9248) pixels
    0x0000, 0x0000, 0x0000, 0x0000, 0x0000, 0x0000, 0x0000, 0x0000, 0x0020, 0x0000, 0x0020, 0x0020, 0x0020, 0x0000, 0x0000, 0x0000, // 0x2430 (9264) pixels
    0x0000, 0x0000, 0x0000, 0x0000, 0x0000, 0x0000, 0x1860, 0xAC89, 0xFDD5, 0xB330, 0x3005, 0x0000, 0x0020, 0x5909, 0xD274, 0xFA75, // 0x2440 (9280) pixels
    0xE934, 0xF40E, 0xFF4B, 0xFFAC, 0xFDEE, 0xFC11, 0xFB33, 0xFB57, 0xF2D4, 0xB951, 0x806F, 0x8192, 0xA3B6, 0xBD99, 0xE73E, 0xF7DF, // 0x2450 (9296) pixels
    0xFFFF, 0xFFFF, 0xFFFF, 0xFFFF, 0xFFFF, 0xFFFF, 0xFFFF, 0xFFFF, 0xFFFF, 0xFFFF, 0xFFFF, 0xFFFF, 0xFFFF, 0xFFFF, 0xFFFF, 0xFFFF, // 0x2460 (9312) pixels
    0xFFFF, 0xFFFF, 0xFFFF, 0xFFFF, 0xFFFF, 0xFFFF, 0xFFFF, 0xFFFF, 0xFFFF, 0xFFFF, 0xFFFF, 0xFFFF, 0xFFFF, 0xFFFF, 0xFFFF, 0xFFFF, // 0x2470 (9328) pixels
    0xFFFF, 0xF79F, 0xFFBF, 0xFFFF, 0xFFDF, 0x4A6A, 0x0000, 0x0021, 0x0021, 0x68C9, 0xD972, 0xF154, 0xD952, 0xE233, 0xF335, 0xFB55, // 0x2480 (9344) pixels
    0xFAF5, 0xF352, 0xF44F, 0xF5CD, 0xF72D, 0xFF8F, 0xFE13, 0xDB52, 0x60E7, 0x2002, 0x0000, 0x0000, 0x0000, 0x0000, 0x0000, 0x0000, // 0x2490 (9360) pixels
    0x0000, 0x0000, 0x0000, 0x0000, 0x0000, 0x0000, 0x0000, 0x0000, 0x0000, 0x0000, 0x0000, 0x0000, 0x0000, 0x0000, 0x0000, 0x0000, // 0x24A0 (9376) pixels
    0x0000, 0x0000, 0x0000, 0x0000, 0x0000, 0x0000, 0x0000, 0x0020, 0x0000, 0x0000, 0x0000, 0x0020, 0x0020, 0x0000, 0x2060, 0xAC6A, // 0x24B0 (9392) pixels
    0xFD96, 0xBB31, 0x3005, 0x0021, 0x0020, 0x3885, 0xB9F1, 0xFA36, 0xEA14, 0xFCCF, 0xFF4C, 0xF6CD, 0xF4D1, 0xFB54, 0xEA53, 0xD1F3, // 0x24C0 (9408) pixels
    0xA9B0, 0x99F2, 0x8AD6, 0xACDB, 0xE71F, 0xEF7E, 0xF7BF, 0xFFFF, 0xFFFF, 0xFFFF, 0xFFFF, 0xFFFF, 0xFFFF, 0xFFFF, 0xFFFF, 0xFFDF, // 0x24D0 (9424) pixels
    0xFFFF, 0xFFFF, 0xFFFF, 0xFFFF, 0xFFFF, 0xFFFF, 0xFFFF, 0xFFFF, 0xFFFF, 0xFFFF, 0xFFFF, 0xFFFF, 0xFFFF, 0xFFFF, 0xFFFF, 0xFFFF, // 0x24E0 (9440) pixels
    0xFFFF, 0xFFFF, 0xFFFF, 0xFFFF, 0xFFFF, 0xFFFF, 0xFFFF, 0xFFFF, 0xFFFF, 0xFFDF, 0xFFFF, 0xFFFF, 0xEF5D, 0x4A49, 0x0020, 0x0000, // 0x24F0 (9456) pixels
    0x0020, 0x2002, 0x90CB, 0xE173, 0xE154, 0xE1F4, 0xF314, 0xFB73, 0xFB34, 0xFB51, 0xFC30, 0xF56E, 0xF70D, 0xFFAE, 0xFE31, 0xF433, // 0x2500 (9472) pixels
    0xC2D1, 0x5928, 0x0822, 0x0000, 0x0000, 0x0000, 0x0000, 0x0000, 0x0000, 0x0000, 0x0000, 0x0000, 0x0000, 0x0000, 0x0000, 0x0000, // 0x2510 (9488) pixels
    0x0000, 0x0000, 0x0000, 0x0000, 0x0000, 0x0000, 0x0000, 0x0000, 0x0000, 0x0000, 0x0000, 0x0000, 0x0020, 0x0000, 0x0000, 0x0000, // 0x2520 (9504) pixels
    0x0000, 0x0000, 0x0000, 0x0020, 0x0020, 0x0001, 0x2041, 0xAC2A, 0xFD36, 0xBAF0, 0x2803, 0x0001, 0x0020, 0x3063, 0xB1AF, 0xE174, // 0x2530 (9520) pixels
    0xE273, 0xFD70, 0xFF6E, 0xE60F, 0xF3F2, 0xFB36, 0xE212, 0x98AE, 0x8170, 0xCCFC, 0xD6BF, 0xC6DE, 0xEFDF, 0xFFFF, 0xFFFF, 0xFFFE, // 0x2540 (9536) pixels
    0xFFFF, 0xFFDF, 0xFFFF, 0xFFFF, 0xFFFF, 0xFFFF, 0xFFFF, 0xFFFF, 0xFFFF, 0xFFFF, 0xFFFF, 0xFFFF, 0xFFFF, 0xFFFF, 0xFFFF, 0xFFFF, // 0x2550 (9552) pixels
    0xFFFF, 0xFFFF, 0xFFFF, 0xFFFF, 0xFFFF, 0xFFFF, 0xFFFF, 0xFFFF, 0xFFFF, 0xFFFF, 0xFFFF, 0xFFFF, 0xFFFF, 0xFFFF, 0xFFFF, 0xFFFF, // 0x2560 (9568) pixels
    0xEFFD, 0xFFFE, 0xFFFF, 0xFFFF, 0xEF1C, 0x4A28, 0x0000, 0x0020, 0x0040, 0x0800, 0x60A8, 0xC992, 0xE154, 0xD973, 0xEAD3, 0xFB92, // 0x2570 (9584) pixels
    0xFB52, 0xFB71, 0xFC31, 0xF54E, 0xF70C, 0xFFAB, 0xFE0D, 0xFCB3, 0xE354, 0x716A, 0x0801, 0x0000, 0x0020, 0x0000, 0x0000, 0x0000, // 0x2580 (9600) pixels
    0x0000, 0x0000, 0x0000, 0x0000, 0x0000, 0x0000, 0x0000, 0x0000, 0x0000, 0x0000, 0x0000, 0x0000, 0x0000, 0x0000, 0x0000, 0x0000, // 0x2590 (9616) pixels
    0x0000, 0x0000, 0x0000, 0x0000, 0x0000, 0x0000, 0x0000, 0x0000, 0x0800, 0x0000, 0x0000, 0x0020, 0x0000, 0x0000, 0x1040, 0xA48E, // 0x25A0 (9632) pixels
    0xFD17, 0xBB30, 0x1801, 0x0021, 0x0040, 0x0041, 0x4048, 0xB850, 0xEA11, 0xFE10, 0xF6AF, 0xFC70, 0xFB95, 0xD9D2, 0x9910, 0xA2B4, // 0x25B0 (9648) pixels
    0xB55A, 0xD69D, 0xF79F, 0xFFDF, 0xFFDE, 0xFFFF, 0xFFFF, 0xFFFF, 0xFFFF, 0xFFFF, 0xFFFF, 0xFFFF, 0xFFFF, 0xFFFF, 0xFFFF, 0xFFFF, // 0x25C0 (9664) pixels
    0xFFFF, 0xFFFF, 0xFFFF, 0xFFFF, 0xFFFF, 0xFFFF, 0xFFFF, 0xFFFF, 0xFFFF, 0xFFFF, 0xFFDF, 0xFFFF, 0xFFDF, 0xFFFF, 0xFFFF, 0xFFFF, // 0x25D0 (9680) pixels
    0xFFFF, 0xFFFF, 0xFFFF, 0xFFFF, 0xFFFF, 0xFFFF, 0xFFFF, 0xFFFF, 0xFFFF, 0xFFFF, 0xFFFF, 0xFFDF, 0xEF5D, 0x4228, 0x0000, 0x0000, // 0x25E0 (9696) pixels
    0x1000, 0x0021, 0x2044, 0x90EC, 0xE973, 0xE172, 0xEAB3, 0xFB73, 0xFB74, 0xFB93, 0xFC10, 0xF58D, 0xF70C, 0xFFAE, 0xFDEF, 0xFC91, // 0x25F0 (9712) pixels
    0xE2F2, 0x816A, 0x1000, 0x0000, 0x0060, 0x0000, 0x0000, 0x0000, 0x0000, 0x0000, 0x0000, 0x0000, 0x0000, 0x0000, 0x0000, 0x0000, // 0x2600 (9728) pixels
    0x0000, 0x0000, 0x0000, 0x0000, 0x0000, 0x0000, 0x0000, 0x0000, 0x0000, 0x0000, 0x0000, 0x0000, 0x0000, 0x0000, 0x0000, 0x0000, // 0x2610 (9744) pixels
    0x0000, 0x0000, 0x0000, 0x0000, 0x0000, 0x0000, 0x1040, 0x7B4A, 0xF474, 0xC330, 0x3002, 0x0021, 0x0020, 0x0001, 0x4007, 0xB030, // 0x2620 (9760) pixels
    0xF292, 0xFDF1, 0xF630, 0xF3F2, 0xFAD4, 0xB910, 0x8930, 0xAB96, 0xDEDE, 0xF77F, 0xFFFF, 0xFFFF, 0xFFFF, 0xFFFF, 0xFFFF, 0xFFFF, // 0x2630 (9776) pixels
    0xFFFF, 0xFFFF, 0xFFFF, 0xFFFF, 0xFFFF, 0xFFFF, 0xFFFF, 0xFFFF, 0xFFFF, 0xFFFF, 0xFFFF, 0xFFFF, 0xFFFF, 0xFFFF, 0xFFFF, 0xFFFF, // 0x2640 (9792) pixels
    0xFFFF, 0xFFFF, 0xFFFF, 0xFFFF, 0xFFDF, 0xFFFF, 0xFFFF, 0xFFFF, 0xFFFF, 0xFFFF, 0xFFFF, 0xFFFF, 0xFFFF, 0xFFFF, 0xFFFF, 0xFFFF, // 0x2650 (9808) pixels
    0xFFFF, 0xFFFF, 0xFFFF, 0xFFFF, 0xEF5D, 0x4228, 0x0000, 0x0000, 0x0800, 0x0000, 0x2044, 0x98ED, 0xE994, 0xE172, 0xEA93, 0xFB53, // 0x2660 (9824) pixels
    0xFB74, 0xFB93, 0xFC10, 0xFD6D, 0xF70C, 0xFF8E, 0xFDCE, 0xFC50, 0xFB55, 0xBA6F, 0x50E6, 0x1021, 0x0000, 0x0000, 0x0000, 0x0000, // 0x2670 (9840) pixels
    0x0000, 0x0000, 0x0000, 0x0000, 0x0000, 0x0000, 0x0000, 0x0000, 0x0000, 0x0000, 0x0000, 0x0000, 0x0000, 0x0000, 0x0000, 0x0000, // 0x2680 (9856) pixels
    0x0000, 0x0000, 0x0000, 0x0000, 0x0000, 0x0000, 0x0000, 0x0000, 0x0000, 0x0020, 0x0000, 0x0021, 0x0000, 0x0000, 0x0800, 0x3102, // 0x2690 (9872) pixels
    0xC34F, 0xBA8E, 0x4003, 0x0000, 0x0000, 0x2023, 0x704A, 0xC8B2, 0xEA92, 0xF570, 0xFD91, 0xFB54, 0xE1D3, 0x886E, 0x8212, 0xD61D, // 0x26A0 (9888) pixels
    0xFFBF, 0xFFFF, 0xFFFF, 0xFFFE, 0xFFFE, 0xFFFF, 0xFFFF, 0xFFFF, 0xFFFF, 0xFFFF, 0xFFFF, 0xFFFF, 0xFFFF, 0xFFFF, 0xFFFF, 0xFFFF, // 0x26B0 (9904) pixels
    0xFFFF, 0xFFFF, 0xFFFF, 0xFFFF, 0xFFFF, 0xFFFF, 0xFFFF, 0xFFFF, 0xFFFF, 0xFFFF, 0xFFDF, 0xF79E, 0xEF3D, 0xF79F, 0xFFFF, 0xFFFF, // 0x26C0 (9920) pixels
    0xFFFF, 0xFFFF, 0xFFFF, 0xFFFF, 0xFFFF, 0xFFFF, 0xFFFF, 0xFFFF, 0xFFFF, 0xFFFF, 0xFFFF, 0xFFFF, 0xEF5D, 0x4228, 0x0000, 0x0000, // 0x26D0 (9936) pixels
    0x0020, 0x0020, 0x2824, 0xA10E, 0xE9B4, 0xE173, 0xEA53, 0xFB13, 0xFB94, 0xFB93, 0xFC11, 0xFD8D, 0xF6EB, 0xFF8E, 0xFDCE, 0xF410, // 0x26E0 (9952) pixels
    0xFB56, 0xEB55, 0xAAB0, 0x48E6, 0x0800, 0x0000, 0x0020, 0x0000, 0x0000, 0x0000, 0x0000, 0x0000, 0x0000, 0x0000, 0x0000, 0x0000, // 0x26F0 (9968) pixels
    0x0000, 0x0000, 0x0000, 0x0000, 0x0000, 0x0000, 0x0000, 0x0000, 0x0000, 0x0000, 0x0000, 0x0000, 0x0000, 0x0000, 0x0000, 0x0000, // 0x2700 (9984) pixels
    0x0000, 0x0000, 0x0000, 0x0021, 0x0000, 0x0000, 0x0000, 0x0800, 0x6967, 0x9A0B, 0x60E7, 0x1041, 0x0000, 0x5086, 0xB10F, 0xE0F3, // 0x2710 (10000) pixels
    0xEAD1, 0xFD30, 0xFD33, 0xFAD6, 0xB8D1, 0x600B, 0x8313, 0xEFDF, 0xFFFF, 0xFFDF, 0xFFFE, 0xFFFE, 0xFFFF, 0xFFFF, 0xFFFF, 0xFFFF, // 0x2720 (10016) pixels
    0xFFFF, 0xFFFF, 0xFFFF, 0xFFFF, 0xFFFF, 0xFFFF, 0xFFFF, 0xFFFF, 0xFFFF, 0xFFFF, 0xFFFF, 0xFFFF, 0xFFFF, 0xFFFF, 0xFFFF, 0xFFFF, // 0x2730 (10032) pixels
    0xFFFF, 0xFFDF, 0xFFFF, 0xEF3E, 0xDEFD, 0xEF5E, 0xFFDF, 0xFFFF, 0xFFFF, 0xFFFF, 0xFFFF, 0xFFFF, 0xFFFF, 0xFFFF, 0xFFFF, 0xFFFF, // 0x2740 (10048) pixels
    0xFFFF, 0xFFFF, 0xFFFF, 0xFFFF, 0xEF5D, 0x4208, 0x0000, 0x0000, 0x0020, 0x0000, 0x3804, 0xA0EE, 0xE174, 0xE173, 0xEA33, 0xFAF3, // 0x2750 (10064) pixels
    0xFB93, 0xFB93, 0xFC31, 0xFD8E, 0xF6CB, 0xFF6E, 0xFDCF, 0xF3F0, 0xFAF5, 0xFB76, 0xEBB6, 0x79AB, 0x1801, 0x0000, 0x0000, 0x0001, // 0x2760 (10080) pixels
    0x0000, 0x0000, 0x0000, 0x0000, 0x0000, 0x0000, 0x0000, 0x0000, 0x0000, 0x0000, 0x0000, 0x0000, 0x0000, 0x0000, 0x0000, 0x0000, // 0x2770 (10096) pixels
    0x0000, 0x0000, 0x0000, 0x0000, 0x0000, 0x0000, 0x0000, 0x0000, 0x0000, 0x0000, 0x0000, 0x0021, 0x0000, 0x0001, 0x0001, 0x0000, // 0x2780 (10112) pixels
    0x1800, 0x61A8, 0x722A, 0x3145, 0x0000, 0x5866, 0xD110, 0xE893, 0xE2B0, 0xFCD0, 0xFC73, 0xE1D4, 0x902E, 0x60EC, 0x8C55, 0xE7FF, // 0x2790 (10128) pixels
    0xFFFF, 0xFFFF, 0xFFFF, 0xFFFF, 0xFFFF, 0xFFFF, 0xFFFF, 0xFFDF, 0xFFFF, 0xFFFF, 0xFFFF, 0xFFFF, 0xFFFF, 0xFFFF, 0xFFFF, 0xFFFF, // 0x27A0 (10144) pixels
    0xFFFF, 0xFFFF, 0xFFFF, 0xFFFF, 0xFFFF, 0xFFFF, 0xFFFF, 0xFFFF, 0xFFFF, 0xFFFF, 0xFFFF, 0xBDD9, 0xB577, 0xDEDD, 0xFFFF, 0xFFFF, // 0x27B0 (10160) pixels
    0xFFFF, 0xFFFF, 0xFFFF, 0xFFFF, 0xFFFF, 0xFFFF, 0xFFFF, 0xFFFF, 0xFFFF, 0xFFFF, 0xFFFF, 0xFFFF, 0xEF5D, 0x4208, 0x0000, 0x0000, // 0x27C0 (10176) pixels
    0x0020, 0x2042, 0x68A8, 0xC171, 0xE174, 0xD973, 0xEA33, 0xFAF4, 0xFB93, 0xFBB3, 0xFC31, 0xFD8E, 0xF6CC, 0xFF6E, 0xFDAF, 0xFC10, // 0x27D0 (10192) pixels
    0xFAF3, 0xFB55, 0xFB96, 0x91AC, 0x2001, 0x0000, 0x0000, 0x0001, 0x0000, 0x0000, 0x0000, 0x0000, 0x0000, 0x0000, 0x0000, 0x0000, // 0x27E0 (10208) pixels
    0x0000, 0x0000, 0x0000, 0x0000, 0x0000, 0x0000, 0x0000, 0x0000, 0x0000, 0x0000, 0x0000, 0x0000, 0x0000, 0x0000, 0x0000, 0x0000, // 0x27F0 (10224) pixels
    0x0020, 0x0000, 0x0000, 0x0020, 0x0000, 0x0000, 0x0000, 0x0000, 0x0000, 0x20A2, 0x3925, 0x1882, 0x0000, 0x58A8, 0xD171, 0xF0D3, // 0x2800 (10240) pixels
    0xD9EF, 0xF40E, 0xF351, 0xB890, 0x700B, 0x7A90, 0xADB9, 0xD79D, 0xFFFF, 0xFFFF, 0xFFFF, 0xFFFF, 0xFFFF, 0xFFFF, 0xFFFF, 0xFFFF, // 0x2810 (10256) pixels
    0xFFFF, 0xFFFF, 0xFFFF, 0xFFFF, 0xFFFF, 0xFFFF, 0xFFFF, 0xFFFF, 0xFFFF, 0xFFFF, 0xFFFF, 0xFFFF, 0xFFFF, 0xFFFF, 0xFFFF, 0xFFFF, // 0x2820 (10272) pixels
    0xFFFE, 0xFFFF, 0xF79F, 0x7390, 0x630F, 0xC619, 0xFFFF, 0xFFDF, 0xFFFF, 0xFFFF, 0xFFFF, 0xFFFF, 0xFFFF, 0xFFFF, 0xFFFF, 0xFFFF, // 0x2830 (10288) pixels
    0xFFFF, 0xFFFF, 0xFFFF, 0xFFFF, 0xEF5D, 0x4228, 0x0000, 0x0000, 0x0001, 0x50C6, 0xB18E, 0xE1F4, 0xD973, 0xD172, 0xE232, 0xFAF3, // 0x2840 (10304) pixels
    0xFB93, 0xFBB3, 0xFC31, 0xFD8E, 0xFEEC, 0xFF4E, 0xFD6F, 0xFC11, 0xF3B1, 0xFB73, 0xF355, 0x918C, 0x2002, 0x0000, 0x0020, 0x0021, // 0x2850 (10320) pixels
    0x0000, 0x0000, 0x0000, 0x0000, 0x0000, 0x0000, 0x0000, 0x0000, 0x0000, 0x0000, 0x0000, 0x0000, 0x0000, 0x0000, 0x0000, 0x0000, // 0x2860 (10336) pixels
    0x0000, 0x0000, 0x0000, 0x0000, 0x0000, 0x0000, 0x0000, 0x0000, 0x0000, 0x0000, 0x0000, 0x0000, 0x0000, 0x0000, 0x0020, 0x0020, // 0x2870 (10352) pixels
    0x0820, 0x0000, 0x0000, 0x0000, 0x0000, 0x38C7, 0xA14F, 0xD913, 0xE1D1, 0xFBD1, 0xEAF1, 0xA02F, 0x580B, 0x8394, 0xC65D, 0xD6DD, // 0x2880 (10368) pixels
    0xFFDF, 0xFFFF, 0xFFFF, 0xFFDF, 0xFFDF, 0xFFFF, 0xFFFF, 0xFFFF, 0xFFFF, 0xFFFF, 0xFFFF, 0xFFFF, 0xFFFF, 0xFFFF, 0xFFFF, 0xFFFF, // 0x2890 (10384) pixels
    0xFFFF, 0xFFFF, 0xFFFF, 0xFFFF, 0xFFFF, 0xFFFF, 0xFFFF, 0xFFFF, 0xFFFE, 0xFFFF, 0xF79F, 0x630F, 0x528D, 0xBDB8, 0xFFFF, 0xFFFF, // 0x28A0 (10400) pixels
    0xFFFF, 0xFFFF, 0xFFFF, 0xFFFF, 0xFFFF, 0xFFFF, 0xFFFF, 0xFFFF, 0xFFFF, 0xFFFF, 0xFFFF, 0xFFFF, 0xEF7D, 0x4A49, 0x0000, 0x0000, // 0x28B0 (10416) pixels
    0x0802, 0x68C9, 0xC990, 0xE9B4, 0xD112, 0xD1B3, 0xE272, 0xF332, 0xFBB3, 0xFBD3, 0xFC31, 0xFD6E, 0xFEEC, 0xFF0D, 0xF52E, 0xFC12, // 0x28C0 (10432) pixels
    0xF4B0, 0xFC53, 0xF394, 0x916C, 0x2002, 0x0020, 0x0020, 0x0000, 0x0000, 0x0000, 0x0000, 0x0000, 0x0000, 0x0000, 0x0000, 0x0000, // 0x28D0 (10448) pixels
    0x0000, 0x0000, 0x0000, 0x0000, 0x0000, 0x0000, 0x0000, 0x0000, 0x0000, 0x0000, 0x0000, 0x0000, 0x0000, 0x0000, 0x0000, 0x0000, // 0x28E0 (10464) pixels
    0x0000, 0x0000, 0x0000, 0x0000, 0x0020, 0x0000, 0x0000, 0x0020, 0x0800, 0x0020, 0x0840, 0x0800, 0x0041, 0x0023, 0x6029, 0xB08F, // 0x28F0 (10480) pixels
    0xF1B3, 0xFBD3, 0xFB14, 0xA871, 0x582C, 0x7BF5, 0xCE9F, 0xE6FF, 0xFFFF, 0xFFFF, 0xFFFF, 0xFFFF, 0xFFFF, 0xFFFF, 0xFFFF, 0xFFDE, // 0x2900 (10496) pixels
    0xFFFF, 0xFFFF, 0xFFFF, 0xFFFF, 0xFFFF, 0xFFFF, 0xFFFF, 0xFFFF, 0xFFFF, 0xFFFF, 0xFFFF, 0xFFFF, 0xFFFF, 0xFFFF, 0xFFFF, 0xFFFF, // 0x2910 (10512) pixels
    0xFFFE, 0xFFDF, 0xF79F, 0x7391, 0x630F, 0xBDB9, 0xFFDF, 0xFFFF, 0xFFFF, 0xFFFF, 0xFFFF, 0xFFFF, 0xFFFF, 0xFFFF, 0xFFFF, 0xFFFF, // 0x2920 (10528) pixels
    0xFFFF, 0xFFFF, 0xFFFF, 0xFFFF, 0xF79E, 0x4A69, 0x0020, 0x0000, 0x2886, 0x892C, 0xE192, 0xF194, 0xD132, 0xE234, 0xF2F4, 0xFB72, // 0x2930 (10544) pixels
    0xFBB3, 0xFBF4, 0xFC31, 0xFD6E, 0xFEEC, 0xFEEC, 0xECED, 0xFC12, 0xFDB1, 0xFD34, 0xF3D4, 0x894B, 0x2002, 0x0020, 0x0040, 0x0000, // 0x2940 (10560) pixels
    0x0000, 0x0000, 0x0000, 0x0000, 0x0000, 0x0000, 0x0000, 0x0000, 0x0000, 0x0000, 0x0000, 0x0000, 0x0000, 0x0000, 0x0000, 0x0000, // 0x2950 (10576) pixels
    0x0000, 0x0000, 0x0000, 0x0000, 0x0000, 0x0000, 0x0000, 0x0000, 0x0000, 0x0000, 0x0000, 0x0000, 0x0000, 0x0000, 0x0000, 0x0000, // 0x2960 (10592) pixels
    0x0001, 0x0000, 0x0000, 0x0000, 0x0020, 0x0001, 0x2004, 0x90EE, 0xE972, 0xFB16, 0xF2B5, 0xB0EE, 0x5009, 0x6333, 0xB63B, 0xF73E, // 0x2970 (10608) pixels
    0xFFFF, 0xFFDF, 0xFFFF, 0xFFFF, 0xFFFF, 0xFFFF, 0xFFFF, 0xFFFF, 0xFFBF, 0xEF1F, 0xBDBA, 0xBD99, 0xEF5E, 0xFFFE, 0xFFFE, 0xFFFD, // 0x2980 (10624) pixels
    0xFFDF, 0xFFFF, 0xFFFF, 0xFFFE, 0xFFFF, 0xFFFF, 0xF7DF, 0xEF9F, 0xE71F, 0xE71F, 0xE71F, 0x630F, 0x630E, 0xC63A, 0xFFFF, 0xFFFF, // 0x2990 (10640) pixels
    0xFFFF, 0xFFFF, 0xFFFF, 0xFFFF, 0xFFFF, 0xFFFF, 0xFFFF, 0xFFFF, 0xFFFE, 0xFFFF, 0xFFDF, 0xFFBF, 0xBE59, 0x3268, 0x0800, 0x3803, // 0x29A0 (10656) pixels
    0xB0EF, 0xD993, 0xD993, 0xD110, 0xE1D2, 0xFAD4, 0xF374, 0xEBB3, 0xF3B4, 0xFBD2, 0xFC90, 0xF5F0, 0xFE8F, 0xFD2F, 0xF44F, 0xF52E, // 0x29B0 (10672) pixels
    0xEEAC, 0xFCF1, 0xFB75, 0x816C, 0x2042, 0x0000, 0x0020, 0x0020, 0x0000, 0x0000, 0x0000, 0x0000, 0x0000, 0x0000, 0x0000, 0x0000, // 0x29C0 (10688) pixels
    0x0000, 0x0000, 0x0000, 0x0000, 0x0000, 0x0000, 0x0000, 0x0000, 0x0000, 0x0000, 0x0000, 0x0000, 0x0000, 0x0000, 0x0000, 0x0000, // 0x29D0 (10704) pixels
    0x0020, 0x0000, 0x0000, 0x0000, 0x0000, 0x0000, 0x0000, 0x0000, 0x0000, 0x0000, 0x0820, 0x0000, 0x0020, 0x0022, 0x2805, 0x78ED, // 0x29E0 (10720) pixels
    0xD111, 0xF1F4, 0xE9B3, 0xB10F, 0x4008, 0x1108, 0x7473, 0xF79F, 0xFFFF, 0xFFFF, 0xFFFF, 0xFFFF, 0xFFFF, 0xFFFF, 0xFFFF, 0xFFFF, // 0x29F0 (10736) pixels
    0xFFDF, 0xCE5B, 0x7BB2, 0x8C34, 0xDEDD, 0xFFFF, 0xFFFF, 0xFFFF, 0xFFFF, 0xFFFF, 0xFFFF, 0xFFFF, 0xFFFF, 0xEF7E, 0xDEFD, 0xD6BD, // 0x2A00 (10752) pixels
    0xDEDE, 0xDEDE, 0xBDFB, 0x39A9, 0x630E, 0xDEBC, 0xFFFF, 0xFFDF, 0xFFFF, 0xFFFF, 0xFFFF, 0xFFFF, 0xFFFF, 0xFFFF, 0xFFFF, 0xFFFF, // 0x2A10 (10768) pixels
    0xFFDE, 0xFFFF, 0xEF7F, 0xAD56, 0x4269, 0x0060, 0x1001, 0x68E8, 0xD172, 0xD9B3, 0xD972, 0xD971, 0xEA33, 0xFB14, 0xFB74, 0xF3B4, // 0x2A20 (10784) pixels
    0xFB95, 0xFB73, 0xFC91, 0xFE4E, 0xFE2E, 0xEC6F, 0xF46F, 0xFE4E, 0xFECF, 0xFCD2, 0xFBB6, 0x89AD, 0x1822, 0x0000, 0x0000, 0x0000, // 0x2A30 (10800) pixels
    0x0000, 0x0000, 0x0000, 0x0000, 0x0000, 0x0000, 0x0000, 0x0000, 0x0000, 0x0000, 0x0000, 0x0000, 0x0000, 0x0000, 0x0000, 0x0000, // 0x2A40 (10816) pixels
    0x0000, 0x0000, 0x0000, 0x0000, 0x0000, 0x0000, 0x0000, 0x0000, 0x0020, 0x0000, 0x0000, 0x0020, 0x0020, 0x0000, 0x0000, 0x0000, // 0x2A50 (10832) pixels
    0x0000, 0x0021, 0x0000, 0x0000, 0x4AAA, 0x8452, 0x6AAF, 0x50AA, 0xA8D0, 0xD0D2, 0xE955, 0xA972, 0x3027, 0x0003, 0x7BF1, 0xF7DF, // 0x2A60 (10848) pixels
    0xFFFF, 0xFFFF, 0xFFFF, 0xFFFF, 0xFFDF, 0xFFFF, 0xFFFF, 0xFFFF, 0xFFFF, 0xEF3E, 0x7BB3, 0x7B93, 0xC5FB, 0xFFFF, 0xFFFF, 0xF7BF, // 0x2A70 (10864) pixels
    0xFFDF, 0xF79F, 0xF7BF, 0xFFDF, 0xF79F, 0xDEFD, 0xD69C, 0xCE7C, 0xDEFF, 0xDEFF, 0xB5BA, 0x2968, 0x630E, 0xDEDC, 0xFFDF, 0xFFFF, // 0x2A80 (10880) pixels
    0xFFFF, 0xFFFF, 0xFFFF, 0xFFFF, 0xFFFF, 0xFFFF, 0xFFFF, 0xFFFF, 0xFFFF, 0xFFFF, 0xE75E, 0x83F1, 0x0020, 0x0020, 0x2863, 0x814B, // 0x2A90 (10896) pixels
    0xE9D5, 0xD993, 0xD971, 0xE1F2, 0xF2B4, 0xFB34, 0xFB74, 0xFBB4, 0xFB54, 0xF354, 0xFD10, 0xFEAC, 0xF5AD, 0xE40E, 0xECEE, 0xFF2C, // 0x2AA0 (10912) pixels
    0xFE70, 0xFC92, 0xE354, 0x716B, 0x1021, 0x0000, 0x0020, 0x0000, 0x0000, 0x0000, 0x0000, 0x0000, 0x0000, 0x0000, 0x0000, 0x0000, // 0x2AB0 (10928) pixels
    0x0000, 0x0000, 0x0000, 0x0000, 0x0000, 0x0000, 0x0000, 0x0000, 0x0000, 0x0000, 0x0000, 0x0000, 0x0000, 0x0000, 0x0000, 0x0000, // 0x2AC0 (10944) pixels
    0x0000, 0x0000, 0x0000, 0x0000, 0x0000, 0x0000, 0x0000, 0x0000, 0x0000, 0x0000, 0x1081, 0x5AAA, 0xCE7A, 0xEFFF, 0xAD59, 0x518C, // 0x2AD0 (10960) pixels
    0x602B, 0xB892, 0xE176, 0x9111, 0x40EA, 0x3108, 0x8BD3, 0xD69E, 0xEF7D, 0xF7BF, 0xFFDF, 0xFFFF, 0xFFFF, 0xFFFF, 0xFFFF, 0xFFDF, // 0x2AE0 (10976) pixels
    0xFFDE, 0xFFFF, 0x7BD3, 0x294A, 0x6B31, 0xE73F, 0xE73F, 0xDEDD, 0xDEDD, 0xDEDD, 0xDEDD, 0xDEFD, 0xDEFE, 0xDEDD, 0xD6BD, 0xD6BD, // 0x2AF0 (10992) pixels
    0xDEFF, 0xDEFF, 0xBDDA, 0x39A9, 0x632F, 0xE71D, 0xFFDF, 0xFFDF, 0xFFFF, 0xFFFF, 0xFFFF, 0xFFFF, 0xFFFF, 0xFFFF, 0xFFFF, 0xFFFF, // 0x2B00 (11008) pixels
    0xFFFF, 0xFFFF, 0xEF9F, 0x9452, 0x0000, 0x0000, 0x3023, 0x810A, 0xE9D6, 0xD953, 0xD151, 0xE232, 0xF2F3, 0xFB54, 0xFB74, 0xFBB4, // 0x2B10 (11024) pixels
    0xFB75, 0xF432, 0xFE0D, 0xFEEB, 0xEDAD, 0xED0E, 0xFE8D, 0xFFCB, 0xFD91, 0xF432, 0xB26F, 0x3865, 0x0000, 0x0000, 0x0000, 0x0000, // 0x2B20 (11040) pixels
    0x0000, 0x0000, 0x0000, 0x0000, 0x0000, 0x0000, 0x0000, 0x0000, 0x0000, 0x0000, 0x0000, 0x0000, 0x0000, 0x0000, 0x0000, 0x0000, // 0x2B30 (11056) pixels
    0x0000, 0x0000, 0x0000, 0x0000, 0x0000, 0x0000, 0x0000, 0x0000, 0x0000, 0x0020, 0x0000, 0x0000, 0x0000, 0x0000, 0x0000, 0x0000, // 0x2B40 (11072) pixels
    0x0000, 0x2965, 0x9CD3, 0xE71C, 0xF7BF, 0xEFDF, 0xBE3C, 0x524D, 0x4069, 0xB912, 0xE916, 0x98B0, 0x7AB2, 0x52AF, 0x528E, 0x8C36, // 0x2B50 (11088) pixels
    0xF79E, 0xFFFF, 0xFFFF, 0xFFFF, 0xFFFF, 0xFFFF, 0xFFFF, 0xFFFF, 0xFFDE, 0xFFFF, 0x8C35, 0x1046, 0x420C, 0xDEFF, 0xE71F, 0xD6BE, // 0x2B60 (11104) pixels
    0xD69D, 0xD67C, 0xCE7C, 0xCE7D, 0xD69D, 0xD69D, 0xCE9D, 0xCE7C, 0xD69D, 0xEF5F, 0xD69D, 0x4A2B, 0x630E, 0xDEDC, 0xFFFF, 0xFFFF, // 0x2B70 (11120) pixels
    0xFFFF, 0xFFFF, 0xFFFF, 0xFFFF, 0xFFFF, 0xFFFF, 0xFFFF, 0xFFFF, 0xF7BF, 0xF7DF, 0xEF9F, 0x9CB3, 0x0840, 0x0000, 0x2002, 0x88EB, // 0x2B80 (11136) pixels
    0xE995, 0xD933, 0xD171, 0xE252, 0xF313, 0xFB53, 0xFB73, 0xFB94, 0xF3B3, 0xF54E, 0xFF0A, 0xFF4B, 0xF64D, 0xF66C, 0xFFAB, 0xF76B, // 0x2B90 (11152) pixels
    0xFD12, 0xD3B1, 0x81EC, 0x1802, 0x0000, 0x0000, 0x0000, 0x0000, 0x0000, 0x0000, 0x0000, 0x0000, 0x0000, 0x0000, 0x0000, 0x0000, // 0x2BA0 (11168) pixels
    0x0000, 0x0000, 0x0000, 0x0000, 0x0000, 0x0000, 0x0000, 0x0000, 0x0000, 0x0000, 0x0000, 0x0000, 0x0000, 0x0000, 0x0000, 0x0000, // 0x2BB0 (11184) pixels
    0x0000, 0x0000, 0x0000, 0x0000, 0x0020, 0x0020, 0x0000, 0x0000, 0x18A2, 0x8C71, 0xF7BE, 0xFFFF, 0xE71D, 0xD71D, 0xC69C, 0x8454, // 0x2BC0 (11200) pixels
    0x498B, 0x886D, 0xD011, 0xC0D3, 0xA357, 0x5B93, 0x29EC, 0x4A4E, 0xD6BA, 0xFFFF, 0xFFFF, 0xFFFF, 0xFFFF, 0xFFDF, 0xFFFF, 0xFFFF, // 0x2BD0 (11216) pixels
    0xFFFF, 0xE73E, 0x7BB2, 0x2949, 0x6B51, 0xDEFE, 0xDEDE, 0xD6BF, 0xD6BD, 0xD69D, 0xD6BE, 0xD6BE, 0xD69E, 0xCE7D, 0xD6BD, 0xDEFE, // 0x2BE0 (11232) pixels
    0xE71F, 0xCE7D, 0x9495, 0x2948, 0x6B6F, 0xE71E, 0xFFFF, 0xFFFF, 0xFFFF, 0xFFFF, 0xFFFF, 0xFFFF, 0xFFFF, 0xFFFF, 0xFFFF, 0xFFFF, // 0x2BF0 (11248) pixels
    0xFFBF, 0xD6FC, 0xAD56, 0x5AAB, 0x0020, 0x0020, 0x2803, 0x80EB, 0xE995, 0xE173, 0xD992, 0xEA53, 0xF314, 0xFB73, 0xFB73, 0xFBB3, // 0x2C00 (11264) pixels
    0xF4B1, 0xF66C, 0xFFA8, 0xFF8C, 0xF6EC, 0xF76A, 0xFFEB, 0xF6CE, 0xF473, 0x9A6C, 0x4907, 0x0801, 0x0020, 0x0000, 0x0000, 0x0020, // 0x2C10 (11280) pixels
    0x0000, 0x0000, 0x0000, 0x0000, 0x0000, 0x0000, 0x0000, 0x0000, 0x0000, 0x0000, 0x0000, 0x0000, 0x0000, 0x0000, 0x0000, 0x0000, // 0x2C20 (11296) pixels
    0x0000, 0x0000, 0x0000, 0x0000, 0x0000, 0x0000, 0x0000, 0x0000, 0x0000, 0x0000, 0x0000, 0x0000, 0x0000, 0x0000, 0x0000, 0x0841, // 0x2C30 (11312) pixels
    0x9CB2, 0xE77D, 0xFFFF, 0xFFDF, 0xF77F, 0xDEFD, 0xCEBD, 0xD6BE, 0x6351, 0x5089, 0x880C, 0xB871, 0xA1B4, 0x8356, 0x428F, 0x2168, // 0x2C40 (11328) pixels
    0x7BF0, 0xDEFB, 0xFFFF, 0xFFFF, 0xFFFF, 0xFFFF, 0xFFFF, 0xFFFF, 0xEF7F, 0xA537, 0x4A6D, 0x6B50, 0xCE5B, 0xE73F, 0xD69D, 0xCE5E, // 0x2C50 (11344) pixels
    0xCE7C, 0xD69D, 0xD6BE, 0xD6BE, 0xD6BE, 0xDEDE, 0xE73F, 0xE75F, 0xC61B, 0x5AEF, 0x1085, 0x0002, 0x7BD1, 0xFFBF, 0xFFFF, 0xFFFF, // 0x2C60 (11360) pixels
    0xFFFF, 0xFFFF, 0xFFFF, 0xFFFF, 0xFFFF, 0xFFFF, 0xFFFF, 0xFFFF, 0xFFFF, 0xBE19, 0x528B, 0x0801, 0x0000, 0x0040, 0x2824, 0x78EB, // 0x2C70 (11376) pixels
    0xE994, 0xE173, 0xD992, 0xEA33, 0xFB14, 0xFB74, 0xF392, 0xFBF2, 0xFE11, 0xFF4C, 0xFF8A, 0xFF4C, 0xFF6A, 0xF7C9, 0xFF6E, 0xFDD1, // 0x2C80 (11392) pixels
    0xBACE, 0x4885, 0x0801, 0x0000, 0x0000, 0x0000, 0x0000, 0x0000, 0x0000, 0x0000, 0x0000, 0x0000, 0x0000, 0x0000, 0x0000, 0x0000, // 0x2C90 (11408) pixels
    0x0000, 0x0000, 0x0000, 0x0000, 0x0000, 0x0000, 0x0000, 0x0000, 0x0000, 0x0000, 0x0000, 0x0000, 0x0000, 0x0000, 0x0000, 0x0000, // 0x2CA0 (11424) pixels
    0x0000, 0x0000, 0x0000, 0x0000, 0x0000, 0x0000, 0x18E3, 0x4A49, 0xD679, 0xFFFF, 0xFFFF, 0xFFFF, 0xF75E, 0xD69C, 0xC65C, 0xCE5C, // 0x2CB0 (11440) pixels
    0x9D99, 0x5B10, 0x592D, 0x900E, 0xA010, 0xBAD7, 0x72D0, 0x10A3, 0x5ACB, 0xD6BB, 0xFFFF, 0xFFDF, 0xFFFF, 0xFFFF, 0xFFFF, 0xFFFF, // 0x2CC0 (11456) pixels
    0xEF7F, 0x8C74, 0x39CA, 0x9494, 0xF7BF, 0xD6BC, 0xD69D, 0xD6BF, 0xD69D, 0xD6BD, 0xD69E, 0xD69E, 0xDEDF, 0xE73F, 0xD6DD, 0xC63A, // 0x2CD0 (11472) pixels
    0x8413, 0x3189, 0x18E7, 0x2107, 0x5ACD, 0xB597, 0xEF7E, 0xFFFF, 0xFFFF, 0xFFFF, 0xFFFF, 0xFFFF, 0xFFFF, 0xFFFF, 0xFFFF, 0xFFFF, // 0x2CE0 (11488) pixels
    0xFFDF, 0xBE19, 0x422A, 0x0000, 0x0040, 0x0020, 0x1803, 0x790C, 0xE173, 0xE172, 0xD951, 0xE1F2, 0xFB15, 0xFB94, 0xF3B2, 0xFC12, // 0x2CF0 (11504) pixels
    0xFDEC, 0xFF2B, 0xF72B, 0xFF2B, 0xFFC9, 0xF7A9, 0xF64E, 0xF40F, 0x91CB, 0x2802, 0x0001, 0x0020, 0x0020, 0x0000, 0x0000, 0x0000, // 0x2D00 (11520) pixels
    0x0000, 0x0000, 0x0000, 0x0000, 0x0000, 0x0000, 0x0000, 0x0000, 0x0000, 0x0000, 0x0000, 0x0000, 0x0000, 0x0000, 0x0000, 0x0000, // 0x2D10 (11536) pixels
    0x0000, 0x0000, 0x0000, 0x0000, 0x0000, 0x0000, 0x0000, 0x0000, 0x0000, 0x0000, 0x0000, 0x0020, 0x0000, 0x0020, 0x4A69, 0xDEDB, // 0x2D20 (11552) pixels
    0xF7BF, 0xFFFF, 0xFFFE, 0xFFFF, 0xEF5E, 0xD67D, 0xCE1D, 0xBDDC, 0xC5DE, 0xAD1B, 0x8B96, 0x692F, 0x88EF, 0xB274, 0x71CE, 0x1846, // 0x2D30 (11568) pixels
    0x632D, 0xDEFC, 0xFFFF, 0xFFFE, 0xFFFF, 0xFFDE, 0xFFFF, 0xFFFF, 0xEF7F, 0xA517, 0x420B, 0x7BD2, 0xEF5F, 0xD6BD, 0xD6BE, 0xCE5C, // 0x2D40 (11584) pixels
    0xD6BE, 0xE71F, 0xEF7F, 0xE71F, 0xBDFA, 0x8C53, 0x73D0, 0x2967, 0x1065, 0x7352, 0xAD1B, 0x9438, 0x20E8, 0x39A8, 0xD6BA, 0xF7BC, // 0x2D50 (11600) pixels
    0xFFDF, 0xFFFF, 0xFFDF, 0xFFFF, 0xFFDF, 0xFFFF, 0xFFFF, 0xFFFF, 0xF7FF, 0xBDD8, 0x41C9, 0x0001, 0x0000, 0x0000, 0x2803, 0x716C, // 0x2D60 (11616) pixels
    0xE9F4, 0xE934, 0xD8F2, 0xE1D2, 0xFAF4, 0xFB33, 0xF450, 0xEDEE, 0xF6AD, 0xEE0A, 0xFEE9, 0xFFEB, 0xFF8C, 0xFE30, 0xFCB5, 0xB1F1, // 0x2D70 (11632) pixels
    0x2063, 0x0800, 0x0040, 0x0000, 0x0000, 0x0800, 0x0000, 0x0000, 0x0000, 0x0000, 0x0000, 0x0000, 0x0000, 0x0000, 0x0000, 0x0000, // 0x2D80 (11648) pixels
    0x0000, 0x0000, 0x0000, 0x0000, 0x0000, 0x0000, 0x0000, 0x0000, 0x0000, 0x0000, 0x0000, 0x0000, 0x0000, 0x0000, 0x0000, 0x0000, // 0x2D90 (11664) pixels
    0x0000, 0x0000, 0x0000, 0x0000, 0x0000, 0x0861, 0x52AA, 0xE73C, 0xFFFF, 0xFFFF, 0xF7DE, 0xEF7D, 0xE71E, 0xE6FF, 0xDEDF, 0xCE7D, // 0x2DA0 (11680) pixels
    0xBDDD, 0xC61E, 0xD63F, 0xCCDB, 0xAAF4, 0x714C, 0x3887, 0x39CA, 0x8C72, 0xE73D, 0xFFFF, 0xFFFF, 0xFFFF, 0xFFFF, 0xFFFF, 0xFFFF, // 0x2DB0 (11696) pixels
    0xE75F, 0x8412, 0x422B, 0x9494, 0xF7BF, 0xE75F, 0xEF7F, 0xE73F, 0xCE5B, 0xA537, 0xB5D9, 0xB5B8, 0x5AED, 0x0023, 0x1906, 0x0864, // 0x2DC0 (11712) pixels
    0x398A, 0x7BB5, 0xCE1F, 0xAD1C, 0x316B, 0x3188, 0xB596, 0xF7BD, 0xFFFF, 0xFFFF, 0xFFDF, 0xFFFF, 0xFFFF, 0xFFFF, 0xFFFF, 0xFFDF, // 0x2DD0 (11728) pixels
    0xF7FF, 0xC619, 0x522B, 0x0822, 0x0040, 0x0020, 0x1802, 0x5929, 0xC9B1, 0xD994, 0xD932, 0xE1D2, 0xFAB4, 0xFB33, 0xFCD2, 0xFE50, // 0x2DE0 (11744) pixels
    0xFEAE, 0xF64A, 0xFF4A, 0xFFCB, 0xFF0D, 0xFD90, 0xD391, 0x814C, 0x1822, 0x0000, 0x0000, 0x0000, 0x0020, 0x0000, 0x0000, 0x0020, // 0x2DF0 (11760) pixels
    0x0000, 0x0000, 0x0000, 0x0000, 0x0000, 0x0000, 0x0000, 0x0000, 0x0000, 0x0000, 0x0000, 0x0000, 0x0000, 0x0000, 0x0000, 0x0000, // 0x2E00 (11776) pixels
    0x0000, 0x0000, 0x0000, 0x0000, 0x0000, 0x0000, 0x0000, 0x0000, 0x0020, 0x0000, 0x0000, 0x0000, 0x0000, 0x0861, 0x528A, 0xEF5D, // 0x2E10 (11792) pixels
    0xFFFF, 0xFFDF, 0xF79E, 0xE73D, 0xC5FA, 0x9CB6, 0x9495, 0x8C73, 0x8C55, 0x8475, 0x94D7, 0xA4D7, 0x7AF0, 0x2824, 0x18A4, 0x84B3, // 0x2E20 (11808) pixels
    0xE71D, 0xFFFF, 0xFFFF, 0xFFFF, 0xFFFF, 0xFFDF, 0xFFFF, 0xF7BF, 0xAD77, 0x2967, 0x10C4, 0x6B6F, 0xB5B8, 0xAD97, 0xB5B8, 0xB5B8, // 0x2E30 (11824) pixels
    0x6B8F, 0x2146, 0x2145, 0x2986, 0x0863, 0x2106, 0x8C75, 0x9CD8, 0x9C97, 0x9C99, 0xAD3D, 0xACFC, 0x8C37, 0x526E, 0x41EA, 0x8411, // 0x2E40 (11840) pixels
    0xE73D, 0xFFFF, 0xFFFF, 0xFFFF, 0xFFFF, 0xFFFF, 0xFFFF, 0xFFFF, 0xEF9E, 0xEF3E, 0xB558, 0x528B, 0x0000, 0x0000, 0x1001, 0x2003, // 0x2E50 (11856) pixels
    0x78AB, 0xB9B1, 0xD1B3, 0xE9D3, 0xFA53, 0xFB53, 0xFD12, 0xEE2E, 0xE5AD, 0xEE2A, 0xFF8A, 0xFFCC, 0xFE4E, 0xEC70, 0x91EB, 0x3045, // 0x2E60 (11872) pixels
    0x0800, 0x0000, 0x0000, 0x0000, 0x0000, 0x0000, 0x0000, 0x0000, 0x0000, 0x0000, 0x0000, 0x0000, 0x0000, 0x0000, 0x0000, 0x0000, // 0x2E70 (11888) pixels
    0x0000, 0x0000, 0x0000, 0x0000, 0x0000, 0x0000, 0x0000, 0x0000, 0x0000, 0x0000, 0x0000, 0x0000, 0x0000, 0x0000, 0x0000, 0x0000, // 0x2E80 (11904) pixels
    0x0000, 0x0000, 0x0000, 0x0000, 0x0000, 0x0861, 0x4A49, 0xE73C, 0xFFFF, 0xFFFF, 0xFFFF, 0xF79F, 0x8C54, 0x20E7, 0x0823, 0x18C3, // 0x2E90 (11920) pixels
    0x2105, 0x10C4, 0x00A3, 0x1125, 0x1083, 0x0000, 0x31A7, 0xBE59, 0xFFFF, 0xFFFF, 0xF7DF, 0xFFFF, 0xFFFF, 0xFFFF, 0xFFFF, 0xEF7E, // 0x2EA0 (11936) pixels
    0xA514, 0x1082, 0x0000, 0x18C3, 0x2145, 0x2104, 0x2104, 0x2125, 0x18C3, 0x0000, 0x0000, 0x0000, 0x0000, 0x420A, 0xB59A, 0xCE5E, // 0x2EB0 (11952) pixels
    0xBDBC, 0xA4FA, 0x9C7A, 0xA4FC, 0xBD9E, 0x6B32, 0x1066, 0x420B, 0xD69A, 0xFFDF, 0xFFFF, 0xFFFF, 0xFFFF, 0xFFFF, 0xFFFF, 0xFFDF, // 0x2EC0 (11968) pixels
    0xE75E, 0xFFDF, 0xFF7F, 0x9CD5, 0x1925, 0x0020, 0x0000, 0x0800, 0x4026, 0x91CE, 0xCA12, 0xEA14, 0xFA54, 0xFB52, 0xFD31, 0xE60D, // 0x2ED0 (11984) pixels
    0xE56D, 0xF66A, 0xFFEA, 0xFF8C, 0xFDAF, 0xE3D1, 0x6908, 0x0001, 0x0800, 0x0021, 0x0021, 0x0001, 0x0000, 0x0000, 0x0000, 0x0020, // 0x2EE0 (12000) pixels
    0x0000, 0x0000, 0x0000, 0x0000, 0x0000, 0x0000, 0x0000, 0x0000, 0x0000, 0x0000, 0x0000, 0x0000, 0x0000, 0x0000, 0x0000, 0x0000, // 0x2EF0 (12016) pixels
    0x0000, 0x0000, 0x0000, 0x0000, 0x0000, 0x0000, 0x0000, 0x0000, 0x0000, 0x0000, 0x0000, 0x0000, 0x0000, 0x0000, 0x2124, 0xB5B6, // 0x2F00 (12032) pixels
    0xFFDF, 0xFFFF, 0xFFDF, 0xE71E, 0xAD38, 0x5ACF, 0x2106, 0x0000, 0x0800, 0x0020, 0x0040, 0x0020, 0x0000, 0x2145, 0x7C10, 0xD6DB, // 0x2F10 (12048) pixels
    0xFFFF, 0xFFFF, 0xFFFF, 0xFFDF, 0xEF5E, 0xEF7F, 0xFFFF, 0xE73E, 0x7BCF, 0x0862, 0x0000, 0x0000, 0x0000, 0x0000, 0x0000, 0x0021, // 0x2F20 (12064) pixels
    0x0000, 0x0020, 0x0860, 0x0020, 0x0000, 0x0843, 0x5ACF, 0xBD9B, 0xCE1E, 0xAD1B, 0x9C9A, 0xA4DB, 0xA4DB, 0x9458, 0x7373, 0x526E, // 0x2F30 (12080) pixels
    0x7BF0, 0xD69A, 0xFFFF, 0xFFFF, 0xF7BF, 0xFFFF, 0xFFFF, 0xFFDF, 0xFFFF, 0xFFDF, 0xF75E, 0xD69C, 0x8CD4, 0x3A29, 0x0000, 0x0020, // 0x2F40 (12096) pixels
    0x1803, 0x48C7, 0x80EB, 0xD9B2, 0xFA75, 0xFB72, 0xFD70, 0xF6AF, 0xF60F, 0xFECB, 0xFFEA, 0xFF2B, 0xFD70, 0xF3D3, 0x7169, 0x08A1, // 0x2F50 (12112) pixels
    0x0020, 0x0000, 0x0001, 0x0000, 0x0840, 0x1060, 0x0000, 0x0000, 0x0000, 0x0000, 0x0000, 0x0000, 0x0000, 0x0000, 0x0000, 0x0000, // 0x2F60 (12128) pixels
    0x0000, 0x0000, 0x0000, 0x0000, 0x0000, 0x0000, 0x0000, 0x0000, 0x0000, 0x0000, 0x0000, 0x0000, 0x0000, 0x0000, 0x0000, 0x0000, // 0x2F70 (12144) pixels
    0x0000, 0x0000, 0x0000, 0x0000, 0x0000, 0x0000, 0x0861, 0x738E, 0xE71C, 0xFFFF, 0xF7BF, 0xD6BC, 0xD69E, 0xD67D, 0x8412, 0x10A3, // 0x2F80 (12160) pixels
    0x0800, 0x0000, 0x0000, 0x0000, 0x0020, 0x7C10, 0xEF5E, 0xFFFF, 0xFFFE, 0xFFFF, 0xFFFF, 0xF7BF, 0xEF3E, 0xEF5E, 0xDEDC, 0xA536, // 0x2F90 (12176) pixels
    0x3186, 0x0000, 0x0020, 0x0000, 0x0000, 0x0020, 0x0000, 0x0000, 0x0000, 0x0000, 0x0000, 0x0000, 0x0020, 0x0001, 0x2927, 0x9CD6, // 0x2FA0 (12192) pixels
    0xD67F, 0xBDBC, 0xA4D9, 0xA4BA, 0x9C9A, 0xBD7D, 0xB57B, 0x420D, 0x2946, 0x9493, 0xF79F, 0xFFFF, 0xFFFF, 0xFFFF, 0xFFFF, 0xFFFF, // 0x2FB0 (12208) pixels
    0xFFFF, 0xFFFF, 0xF7BF, 0xF79F, 0xDF1E, 0x9D37, 0x31C8, 0x0000, 0x0000, 0x0800, 0x4804, 0xB110, 0xFA95, 0xFBD2, 0xFDD0, 0xFEAE, // 0x2FC0 (12224) pixels
    0xFE6E, 0xFF0B, 0xFFC9, 0xFF2B, 0xFD71, 0xF3D3, 0x8189, 0x0820, 0x0000, 0x0000, 0x0021, 0x0000, 0x3962, 0x62A7, 0x2902, 0x0021, // 0x2FD0 (12240) pixels
    0x0000, 0x0000, 0x0000, 0x0000, 0x0000, 0x0000, 0x0000, 0x0000, 0x0000, 0x0000, 0x0000, 0x0000, 0x0000, 0x0000, 0x0000, 0x0000, // 0x2FE0 (12256) pixels
    0x0000, 0x0000, 0x0000, 0x0000, 0x0000, 0x0000, 0x0000, 0x0000, 0x0020, 0x0000, 0x0000, 0x0020, 0x0000, 0x0000, 0x0000, 0x2124, // 0x2FF0 (12272) pixels
    0x632C, 0xCE99, 0xFFFF, 0xE71E, 0xD69E, 0xDEDF, 0xC5FB, 0x8432, 0x7BD1, 0x3167, 0x0000, 0x0000, 0x0000, 0x9491, 0xFFFF, 0xFFFF, // 0x3000 (12288) pixels
    0xFFFF, 0xFFFF, 0xFFDF, 0xFFDF, 0xDEFE, 0xAD57, 0x632E, 0x2105, 0x0841, 0x0000, 0x0000, 0x0000, 0x0000, 0x0000, 0x0000, 0x0000, // 0x3010 (12304) pixels
    0x0000, 0x0000, 0x0000, 0x0000, 0x0841, 0x0000, 0x0021, 0x39C7, 0x9456, 0xC61C, 0xC5DC, 0xAD3B, 0x9CBA, 0xACFB, 0xAD3A, 0x5AD0, // 0x3020 (12320) pixels
    0x0821, 0x2945, 0x73AF, 0xBDB7, 0xF79E, 0xFFFF, 0xFFFF, 0xFFDF, 0xF7FF, 0xFFFE, 0xFFFF, 0xF79F, 0xE6FF, 0xDEDE, 0x6B90, 0x0000, // 0x3030 (12336) pixels
    0x0020, 0x0000, 0x3804, 0xA930, 0xFAD7, 0xFC73, 0xF5AF, 0xEE2C, 0xFECD, 0xFF4A, 0xFFEA, 0xFF4C, 0xFD71, 0xF392, 0x9A0B, 0x2840, // 0x3040 (12352) pixels
    0x0000, 0x0000, 0x0000, 0x0800, 0x6AE7, 0xA4AD, 0x3143, 0x0821, 0x0000, 0x0000, 0x0000, 0x0000, 0x0000, 0x0000, 0x0000, 0x0000, // 0x3050 (12368) pixels
    0x0000, 0x0000, 0x0000, 0x0000, 0x0000, 0x0000, 0x0000, 0x0000, 0x0000, 0x0000, 0x0000, 0x0000, 0x0000, 0x0000, 0x0000, 0x0000, // 0x3060 (12384) pixels
    0x0000, 0x0000, 0x0000, 0x0020, 0x0000, 0x0841, 0x0000, 0x0000, 0x2123, 0xA533, 0xFFDE, 0xFFDF, 0xDEDE, 0xCE5D, 0xDEBE, 0xE73F, // 0x3070 (12400) pixels
    0xD6BF, 0x4A6D, 0x0002, 0x0001, 0x0000, 0x8C70, 0xFFFF, 0xFFFE, 0xFFFF, 0xFFFF, 0xFFFF, 0xE73E, 0x9494, 0x2968, 0x0002, 0x0001, // 0x3080 (12416) pixels
    0x0000, 0x0020, 0x0000, 0x0000, 0x0020, 0x0000, 0x0000, 0x0000, 0x0000, 0x0000, 0x0001, 0x0000, 0x0000, 0x0020, 0x0000, 0x0000, // 0x3090 (12432) pixels
    0x528E, 0xC5FB, 0xD67D, 0xB57B, 0xA4DA, 0xA4BA, 0xAD1A, 0x83F5, 0x2966, 0x0000, 0x0862, 0x6B6E, 0xDEDB, 0xFFFF, 0xFFFF, 0xFFFF, // 0x30A0 (12448) pixels
    0xFFFF, 0xFFFE, 0xFFFF, 0xFFBF, 0xF77F, 0xE71F, 0x7390, 0x0000, 0x0020, 0x0000, 0x3824, 0xA971, 0xF317, 0xFC73, 0xF5AE, 0xF64C, // 0x30B0 (12464) pixels
    0xF6EB, 0xFF4A, 0xFFEA, 0xFF2C, 0xF56F, 0xFC13, 0xE3F2, 0x8AA9, 0x20E2, 0x0000, 0x0821, 0x41C4, 0xC590, 0xD5D1, 0x20A0, 0x0801, // 0x30C0 (12480) pixels
    0x0000, 0x0000, 0x0000, 0x0000, 0x0000, 0x0000, 0x0000, 0x0000, 0x0000, 0x0000, 0x0000, 0x0000, 0x0000, 0x0000, 0x0000, 0x0000, // 0x30D0 (12496) pixels
    0x0000, 0x0000, 0x0000, 0x0000, 0x0000, 0x0000, 0x0000, 0x0000, 0x0000, 0x0000, 0x0000, 0x0000, 0x0000, 0x0000, 0x0000, 0x0000, // 0x30E0 (12512) pixels
    0x0020, 0x4228, 0x94B2, 0xF7BE, 0xF79F, 0xDEFD, 0xD6BD, 0xEF3F, 0xD63B, 0x424D, 0x0046, 0x1949, 0x0001, 0x9430, 0xFFFF, 0xFFFF, // 0x30F0 (12528) pixels
    0xFFFE, 0xFFFF, 0xFFFF, 0xE71F, 0x8C34, 0x2106, 0x0001, 0x0000, 0x0000, 0x0000, 0x0000, 0x0000, 0x0000, 0x0000, 0x0000, 0x0000, // 0x3100 (12544) pixels
    0x0000, 0x0020, 0x0000, 0x0000, 0x0000, 0x0000, 0x0000, 0x0000, 0x10A4, 0x528D, 0xA4F7, 0xC5FD, 0xBD9C, 0xA4FB, 0xA4FB, 0xAD1B, // 0x3110 (12560) pixels
    0x83F5, 0x420B, 0x0001, 0x2944, 0x4A69, 0xB597, 0xFFFF, 0xFFBF, 0xFFFF, 0xFFFF, 0xFFFF, 0xF7BF, 0xF79F, 0xE71F, 0x6B4F, 0x0000, // 0x3120 (12576) pixels
    0x0801, 0x0000, 0x3864, 0xB16F, 0xFAF6, 0xFC94, 0xEDAE, 0xEE2A, 0xFEE9, 0xF7AA, 0xFFCA, 0xFF0B, 0xFD8E, 0xF412, 0xFC13, 0xF4AF, // 0x3130 (12592) pixels
    0x9C48, 0x8344, 0x8BA6, 0xAC8B, 0xA44B, 0x5A66, 0x1040, 0x0000, 0x0000, 0x0000, 0x0000, 0x0000, 0x0000, 0x0000, 0x0000, 0x0000, // 0x3140 (12608) pixels
    0x0000, 0x0000, 0x0000, 0x0000, 0x0000, 0x0000, 0x0000, 0x0000, 0x0000, 0x0000, 0x0000, 0x0000, 0x0000, 0x0000, 0x0000, 0x0000, // 0x3150 (12624) pixels
    0x0000, 0x0000, 0x0000, 0x0000, 0x0000, 0x0000, 0x0000, 0x0000, 0x0000, 0x0000, 0x39C7, 0xC638, 0xFFFF, 0xF77F, 0xD67C, 0xEF3F, // 0x3160 (12640) pixels
    0xD63C, 0x52AF, 0x00A8, 0x1129, 0x0022, 0x9451, 0xFFDE, 0xFFFF, 0xFFFF, 0xFFFF, 0xFFDF, 0xD67C, 0x6B50, 0x20E5, 0x0001, 0x0000, // 0x3170 (12656) pixels
    0x0000, 0x0000, 0x0000, 0x0000, 0x0000, 0x0000, 0x0000, 0x0000, 0x0000, 0x0020, 0x0000, 0x0000, 0x0000, 0x0000, 0x0000, 0x0000, // 0x3180 (12672) pixels
    0x0000, 0x18C5, 0x630F, 0xB59B, 0xC5FE, 0xAD3C, 0xAD3B, 0xB55C, 0xCE1E, 0x8414, 0x18C4, 0x0000, 0x0020, 0x738F, 0xE6FC, 0xF7BF, // 0x3190 (12688) pixels
    0xF79E, 0xFFFF, 0xFFFF, 0xFFDF, 0xF77F, 0xDEDE, 0x632E, 0x0000, 0x0000, 0x0000, 0x3044, 0xA94F, 0xFAD6, 0xFC55, 0xF58E, 0xEE0A, // 0x31A0 (12704) pixels
    0xFEEB, 0xF76C, 0xFF6B, 0xFF0D, 0xFE31, 0xFCB5, 0xFC35, 0xFCB4, 0xFD93, 0xFE35, 0xFE35, 0xB42D, 0x51A3, 0x0800, 0x0000, 0x0021, // 0x31B0 (12720) pixels
    0x0000, 0x0000, 0x0000, 0x0000, 0x0000, 0x0000, 0x0000, 0x0000, 0x0000, 0x0000, 0x0000, 0x0000, 0x0000, 0x0000, 0x0000, 0x0000, // 0x31C0 (12736) pixels
    0x0000, 0x0000, 0x0000, 0x0000, 0x0000, 0x0000, 0x0000, 0x0000, 0x0000, 0x0000, 0x0000, 0x0000, 0x0000, 0x0000, 0x0000, 0x0000, // 0x31D0 (12752) pixels
    0x0000, 0x0000, 0x10A2, 0x73AE, 0xE6FC, 0xFFFF, 0xE71E, 0xE71F, 0x9C76, 0x31ED, 0x092B, 0x196B, 0x0002, 0x9431, 0xFFDE, 0xF7FF, // 0x31E0 (12768) pixels
    0xF7DE, 0xFFFF, 0xFFFF, 0xBDD9, 0x3188, 0x0001, 0x0000, 0x0020, 0x0000, 0x0000, 0x0000, 0x0000, 0x0000, 0x0000, 0x0000, 0x0001, // 0x31F0 (12784) pixels
    0x0000, 0x0000, 0x0000, 0x0020, 0x0000, 0x0000, 0x0000, 0x0000, 0x0020, 0x0000, 0x10A5, 0x7BB3, 0xBDBD, 0xBDBD, 0xB55C, 0xAD3B, // 0x3200 (12800) pixels
    0xBDBD, 0x83F4, 0x18C5, 0x0000, 0x0000, 0x3187, 0x6B4D, 0x73AF, 0xCE59, 0xFFDF, 0xFFFF, 0xFFDF, 0xEF5F, 0xE6FE, 0x6B2E, 0x0000, // 0x3210 (12816) pixels
    0x0020, 0x0000, 0x3025, 0xA950, 0xFA97, 0xFBB5, 0xF4EF, 0xFDEB, 0xF6EC, 0xFF6E, 0xFF4E, 0xEE2D, 0xC4AD, 0xBB6F, 0xC312, 0xD3B5, // 0x3220 (12832) pixels
    0xD3D1, 0xCBD1, 0xA32D, 0x5965, 0x1820, 0x0000, 0x0000, 0x0001, 0x0000, 0x0000, 0x0000, 0x0000, 0x0000, 0x0000, 0x0000, 0x0000, // 0x3230 (12848) pixels
    0x0000, 0x0000, 0x0000, 0x0000, 0x0000, 0x0000, 0x0000, 0x0000, 0x0000, 0x0000, 0x0000, 0x0000, 0x0000, 0x0000, 0x0000, 0x0000, // 0x3240 (12864) pixels
    0x0000, 0x0000, 0x0000, 0x0000, 0x0000, 0x0000, 0x0000, 0x0000, 0x0000, 0x0000, 0x0000, 0x0861, 0x8C51, 0xFFDF, 0xFFFF, 0xE71E, // 0x3250 (12880) pixels
    0x5A8F, 0x08C9, 0x116D, 0x19AC, 0x0002, 0x9492, 0xFFFF, 0xFFFF, 0xFFFF, 0xFFFF, 0xFFDF, 0xC619, 0x31A8, 0x0841, 0x0000, 0x0000, // 0x3260 (12896) pixels
    0x0000, 0x0000, 0x0000, 0x0000, 0x0000, 0x0000, 0x0000, 0x0001, 0x0000, 0x0000, 0x0000, 0x0000, 0x0000, 0x0000, 0x0000, 0x0000, // 0x3270 (12912) pixels
    0x0000, 0x0841, 0x41EA, 0x8C35, 0xBD9C, 0xBDBD, 0xB55B, 0xB57B, 0xD65F, 0x83F4, 0x20E5, 0x0821, 0x0000, 0x0000, 0x0000, 0x0020, // 0x3280 (12928) pixels
    0xAD35, 0xF7BE, 0xFFFF, 0xFFDF, 0xF7BF, 0xEF5F, 0x7390, 0x0000, 0x0020, 0x0000, 0x3886, 0xA9D1, 0xFAB8, 0xFB35, 0xFC4F, 0xFD8D, // 0x3290 (12944) pixels
    0xFF4C, 0xFFAE, 0xFF0F, 0xA3E8, 0x3100, 0x2841, 0x4045, 0x5088, 0x48E7, 0x3064, 0x1001, 0x0800, 0x0000, 0x0020, 0x0000, 0x0000, // 0x32A0 (12960) pixels
    0x0000, 0x0000, 0x0000, 0x0000, 0x0000, 0x0000, 0x0000, 0x0000, 0x0000, 0x0000, 0x0000, 0x0000, 0x0000, 0x0000, 0x0000, 0x0000, // 0x32B0 (12976) pixels
    0x0000, 0x0000, 0x0000, 0x0000, 0x0000, 0x0000, 0x0000, 0x0000, 0x0000, 0x0000, 0x0000, 0x0000, 0x0000, 0x0000, 0x0000, 0x0000, // 0x32C0 (12992) pixels
    0x0000, 0x0020, 0x0000, 0x0000, 0x4A69, 0xAD35, 0xCE3A, 0xBDD9, 0x41EC, 0x08CA, 0x11AE, 0x118C, 0x0044, 0x9492, 0xFFFF, 0xFFFF, // 0x32D0 (13008) pixels
    0xFFFF, 0xFFFF, 0xFFFF, 0xCE7A, 0x31A7, 0x0021, 0x0000, 0x0020, 0x0000, 0x0000, 0x0001, 0x0000, 0x0000, 0x0020, 0x0000, 0x0000, // 0x32E0 (13024) pixels
    0x0000, 0x0000, 0x0000, 0x0000, 0x0000, 0x0020, 0x0000, 0x0000, 0x0000, 0x2105, 0x8C34, 0xC5FD, 0xC5DD, 0xBDBD, 0xB57B, 0xAD39, // 0x32F0 (13040) pixels
    0x9477, 0x526D, 0x0862, 0x0000, 0x0000, 0x0000, 0x0000, 0x0840, 0xA515, 0xF7BE, 0xFFFF, 0xFFDF, 0xEF5F, 0xBDB9, 0x4A4A, 0x0000, // 0x3300 (13056) pixels
    0x0040, 0x0000, 0x2023, 0x68EB, 0xB9B2, 0xEA73, 0xFBD0, 0xFD2F, 0xFF6B, 0xFFCD, 0xF6AE, 0x72A5, 0x0000, 0x0000, 0x0800, 0x0801, // 0x3310 (13072) pixels
    0x0001, 0x0001, 0x0020, 0x0020, 0x0020, 0x0000, 0x0000, 0x0000, 0x0000, 0x0000, 0x0000, 0x0000, 0x0000, 0x0000, 0x0000, 0x0000, // 0x3320 (13088) pixels
    0x0000, 0x0000, 0x0000, 0x0000, 0x0000, 0x0000, 0x0000, 0x0000, 0x0000, 0x0000, 0x0000, 0x0000, 0x0000, 0x0000, 0x0000, 0x0000, // 0x3330 (13104) pixels
    0x0000, 0x0000, 0x0000, 0x0000, 0x0000, 0x0000, 0x0000, 0x0000, 0x0000, 0x0000, 0x0841, 0x0000, 0x0841, 0x2105, 0x4A6A, 0x630D, // 0x3340 (13120) pixels
    0x3169, 0x21CD, 0x2270, 0x09AC, 0x0064, 0x4A8A, 0xAD34, 0xF79E, 0xFFFE, 0xFFFF, 0xFFFF, 0xC639, 0x31A7, 0x0842, 0x0000, 0x0000, // 0x3350 (13136) pixels
    0x0021, 0x0884, 0x0885, 0x0042, 0x0000, 0x0020, 0x0020, 0x0000, 0x0000, 0x0000, 0x0000, 0x0000, 0x0000, 0x0000, 0x0000, 0x0020, // 0x3360 (13152) pixels
    0x0021, 0x2106, 0x9476, 0xCE3F, 0xBD9D, 0xC5DD, 0xC5FC, 0xA518, 0x3169, 0x0843, 0x0000, 0x0000, 0x0000, 0x0000, 0x0000, 0x0840, // 0x3370 (13168) pixels
    0xAD55, 0xF7BE, 0xFFFF, 0xFFFF, 0xD67B, 0x5AEE, 0x0822, 0x0000, 0x0020, 0x0000, 0x0800, 0x2003, 0x688A, 0xC9F0, 0xFB92, 0xFCD1, // 0x3380 (13184) pixels
    0xFF0B, 0xFFCD, 0xDE2B, 0x5204, 0x0000, 0x0040, 0x0020, 0x0020, 0x0000, 0x0000, 0x0000, 0x0000, 0x0000, 0x0020, 0x0020, 0x0020, // 0x3390 (13200) pixels
    0x0000, 0x0000, 0x0000, 0x0000, 0x0000, 0x0000, 0x0000, 0x0000, 0x0000, 0x0000, 0x0000, 0x0000, 0x0000, 0x0000, 0x0000, 0x0000, // 0x33A0 (13216) pixels
    0x0000, 0x0000, 0x0000, 0x0000, 0x0000, 0x0000, 0x0000, 0x0000, 0x0000, 0x0000, 0x0000, 0x0000, 0x0000, 0x0000, 0x0000, 0x0000, // 0x33B0 (13232) pixels
    0x0000, 0x0000, 0x0000, 0x0000, 0x0000, 0x0021, 0x10A3, 0x18A4, 0x10C5, 0x21EC, 0x22B1, 0x122E, 0x0065, 0x0021, 0x528A, 0xE71C, // 0x33C0 (13248) pixels
    0xFFFF, 0xFFFF, 0xFFDF, 0xD6BB, 0x8C73, 0x83F1, 0x39E9, 0x0002, 0x0085, 0x194A, 0x218B, 0x10C6, 0x0020, 0x0000, 0x0000, 0x0000, // 0x33D0 (13264) pixels
    0x0000, 0x0000, 0x0000, 0x0000, 0x0000, 0x0000, 0x0000, 0x18C3, 0x3188, 0x5AEF, 0xA4D9, 0xC5DE, 0xBDBE, 0xBDBD, 0xAD59, 0x8413, // 0x33E0 (13280) pixels
    0x18C5, 0x0000, 0x0000, 0x0000, 0x0000, 0x0000, 0x0000, 0x0860, 0xAD55, 0xF7BE, 0xFFFF, 0xFFFF, 0xD67C, 0x420A, 0x0001, 0x0020, // 0x33F0 (13296) pixels
    0x0000, 0x0800, 0x0020, 0x0020, 0x4086, 0xB18E, 0xF312, 0xFC52, 0xFE6E, 0xFFCE, 0xDE4A, 0x5203, 0x0001, 0x0000, 0x0000, 0x0040, // 0x3400 (13312) pixels
    0x0800, 0x0800, 0x0000, 0x0000, 0x0000, 0x0000, 0x0000, 0x0020, 0x0000, 0x0000, 0x0000, 0x0000, 0x0000, 0x0000, 0x0000, 0x0000, // 0x3410 (13328) pixels
    0x0000, 0x0000, 0x0000, 0x0000, 0x0000, 0x0000, 0x0000, 0x0000, 0x0000, 0x0000, 0x0000, 0x0000, 0x0000, 0x0000, 0x0000, 0x0000, // 0x3420 (13344) pixels
    0x0000, 0x0000, 0x0000, 0x0000, 0x0000, 0x0000, 0x0000, 0x0000, 0x0000, 0x0000, 0x0000, 0x0020, 0x0000, 0x0000, 0x0000, 0x0001, // 0x3430 (13360) pixels
    0x0022, 0x00C6, 0x01CC, 0x1A4F, 0x0927, 0x0001, 0x526A, 0xFFDF, 0xFFFE, 0xFFFF, 0xFFFF, 0xF79F, 0xEF3E, 0xFFFF, 0xA517, 0x39CA, // 0x3440 (13376) pixels
    0x00C9, 0x29EE, 0x3230, 0x192A, 0x0022, 0x0000, 0x0000, 0x0001, 0x0000, 0x0000, 0x0000, 0x0000, 0x0020, 0x0000, 0x0000, 0x3186, // 0x3450 (13392) pixels
    0x9495, 0xCE3D, 0xB57C, 0xAD1C, 0xCE3F, 0xBDBD, 0x6B51, 0x18A5, 0x0021, 0x0000, 0x0020, 0x0000, 0x0000, 0x0000, 0x0000, 0x0860, // 0x3460 (13408) pixels
    0xA535, 0xFFDF, 0xFFFF, 0xFFDF, 0xD6BC, 0x4A2B, 0x0001, 0x0000, 0x0000, 0x0800, 0x0020, 0x0060, 0x1822, 0x88CB, 0xE271, 0xFC13, // 0x3470 (13424) pixels
    0xF5B1, 0xFF8F, 0xE68B, 0x6264, 0x0801, 0x0800, 0x0800, 0x0001, 0x0000, 0x0000, 0x0000, 0x0800, 0x0801, 0x0000, 0x0000, 0x0000, // 0x3480 (13440) pixels
    0x0000, 0x0000, 0x0000, 0x0000, 0x0000, 0x0000, 0x0000, 0x0000, 0x0000, 0x0000, 0x0000, 0x0000, 0x0000, 0x0000, 0x0000, 0x0000, // 0x3490 (13456) pixels
    0x0000, 0x0000, 0x0000, 0x0000, 0x0000, 0x0000, 0x0000, 0x0000, 0x0000, 0x0000, 0x0000, 0x0000, 0x0000, 0x0000, 0x0000, 0x0000, // 0x34A0 (13472) pixels
    0x0000, 0x0000, 0x0000, 0x0000, 0x0000, 0x0000, 0x0000, 0x0000, 0x0000, 0x0000, 0x0042, 0x1927, 0x10C5, 0x0042, 0x4A6A, 0xE71B, // 0x34B0 (13488) pixels
    0xF7DE, 0xFFFF, 0xFFFF, 0xFFFE, 0xFFFE, 0xFFFF, 0xF79F, 0x9494, 0x1909, 0x110A, 0x21EE, 0x222E, 0x0127, 0x0042, 0x0000, 0x0000, // 0x34C0 (13504) pixels
    0x0001, 0x0000, 0x0841, 0x0000, 0x0000, 0x0020, 0x0000, 0x3186, 0x9CD6, 0xE6FF, 0xBD9C, 0xBD9C, 0xCE1E, 0xB57A, 0x4A4B, 0x0822, // 0x34D0 (13520) pixels
    0x0000, 0x0000, 0x0000, 0x0000, 0x0000, 0x0000, 0x0000, 0x0841, 0xA535, 0xFFDE, 0xFFFF, 0xFFDF, 0xD69C, 0x528C, 0x0000, 0x0000, // 0x34E0 (13536) pixels
    0x0000, 0x0000, 0x0000, 0x0000, 0x0820, 0x4986, 0xAB0D, 0xC2CD, 0xCBED, 0xFE30, 0xFF70, 0xCDCB, 0x5A43, 0x0000, 0x0001, 0x0061, // 0x34F0 (13552) pixels
    0x0000, 0x0000, 0x0000, 0x0000, 0x0000, 0x0000, 0x0000, 0x0000, 0x0000, 0x0000, 0x0000, 0x0000, 0x0000, 0x0000, 0x0000, 0x0000, // 0x3500 (13568) pixels
    0x0000, 0x0000, 0x0000, 0x0000, 0x0000, 0x0000, 0x0000, 0x0000, 0x0000, 0x0000, 0x0000, 0x0000, 0x0000, 0x0000, 0x0000, 0x0000, // 0x3510 (13584) pixels
    0x0000, 0x0000, 0x0000, 0x0000, 0x0000, 0x0000, 0x0000, 0x0000, 0x0000, 0x0000, 0x0000, 0x0000, 0x0000, 0x0000, 0x0000, 0x0000, // 0x3520 (13600) pixels
    0x0000, 0x0000, 0x0021, 0x0063, 0x0022, 0x0001, 0x0861, 0x5ACA, 0xE71C, 0xFFFF, 0xFFFF, 0xFFFE, 0xFFFF, 0xFFFF, 0xFFFF, 0xBDFA, // 0x3530 (13616) pixels
    0x52F0, 0x194B, 0x118E, 0x224F, 0x11CB, 0x00C5, 0x0000, 0x0800, 0x0021, 0x0000, 0x0000, 0x0020, 0x0020, 0x0000, 0x0842, 0x31A8, // 0x3540 (13632) pixels
    0x9CB7, 0xCE3D, 0xBD9C, 0xCE1E, 0xA4F8, 0x4A4D, 0x1083, 0x0000, 0x0000, 0x0000, 0x0000, 0x0000, 0x0000, 0x0000, 0x0000, 0x0841, // 0x3550 (13648) pixels
    0xA535, 0xFFDE, 0xFFFF, 0xFFDF, 0xD69C, 0x528C, 0x0000, 0x0000, 0x0020, 0x0000, 0x0000, 0x0000, 0x0000, 0x28C3, 0x79E8, 0x91C9, // 0x3560 (13664) pixels
    0x7104, 0xBBEB, 0xFF33, 0xFF54, 0xA40A, 0x30A0, 0x2060, 0x1060, 0x0841, 0x0000, 0x0000, 0x0000, 0x0000, 0x0000, 0x0000, 0x0000, // 0x3570 (13680) pixels
    0x0000, 0x0000, 0x0000, 0x0000, 0x0000, 0x0000, 0x0000, 0x0000, 0x0000, 0x0000, 0x0000, 0x0000, 0x0000, 0x0000, 0x0000, 0x0000, // 0x3580 (13696) pixels
    0x0000, 0x0000, 0x0000, 0x0000, 0x0000, 0x0000, 0x0000, 0x0000, 0x0000, 0x0000, 0x0000, 0x0000, 0x0000, 0x0000, 0x0000, 0x0000, // 0x3590 (13712) pixels
    0x0000, 0x0000, 0x0000, 0x0000, 0x0000, 0x0000, 0x0000, 0x0000, 0x0020, 0x0000, 0x0000, 0x0001, 0x0001, 0x0021, 0x0000, 0x2123, // 0x35A0 (13728) pixels
    0xC659, 0xFFDF, 0xFFFF, 0xFFFF, 0xFFFF, 0xFFFF, 0xF7BF, 0xDEDD, 0x94D7, 0x196B, 0x010C, 0x1A30, 0x1A2E, 0x1168, 0x0021, 0x0000, // 0x35B0 (13744) pixels
    0x0000, 0x0000, 0x0000, 0x0020, 0x0000, 0x0001, 0x4A4B, 0x9CB6, 0xBDDC, 0xC5FD, 0xC5DD, 0xDE9F, 0x9496, 0x2106, 0x0001, 0x0020, // 0x35C0 (13760) pixels
    0x0000, 0x0000, 0x0000, 0x0000, 0x0000, 0x0000, 0x0000, 0x0841, 0xA535, 0xFFDE, 0xFFFF, 0xFFDF, 0xD69C, 0x528C, 0x0000, 0x0000, // 0x35D0 (13776) pixels
    0x0000, 0x0000, 0x0000, 0x0000, 0x0000, 0x0820, 0x5145, 0x79E8, 0x60C4, 0x69A6, 0xA3CB, 0xDD70, 0xE590, 0xD50E, 0xCD0E, 0x9BA8, // 0x35E0 (13792) pixels
    0x2104, 0x0841, 0x0000, 0x0000, 0x0000, 0x0000, 0x0000, 0x0000, 0x0000, 0x0000, 0x0000, 0x0000, 0x0000, 0x0000, 0x0000, 0x0000, // 0x35F0 (13808) pixels
    0x0000, 0x0000, 0x0000, 0x0000, 0x0000, 0x0000, 0x0000, 0x0000, 0x0000, 0x0000, 0x0000, 0x0000, 0x0000, 0x0000, 0x0000, 0x0000, // 0x3600 (13824) pixels
    0x0000, 0x0000, 0x0000, 0x0000, 0x0000, 0x0000, 0x0000, 0x0000, 0x0000, 0x0000, 0x0000, 0x0000, 0x0000, 0x0000, 0x0000, 0x0000, // 0x3610 (13840) pixels
    0x0000, 0x0000, 0x0000, 0x0021, 0x0000, 0x0000, 0x0000, 0x2123, 0xCE7A, 0xFFFF, 0xF7BF, 0xF79E, 0xFFFF, 0xFFFF, 0xFFDF, 0xF7BF, // 0x3620 (13856) pixels
    0xADB9, 0x21AB, 0x010C, 0x1A31, 0x1A4F, 0x11AA, 0x0022, 0x0000, 0x0000, 0x0000, 0x0020, 0x0000, 0x0000, 0x18C5, 0x7392, 0xCE3D, // 0x3630 (13872) pixels
    0xCE1E, 0xBDBD, 0xBDBC, 0xA4F8, 0x62EE, 0x1083, 0x0020, 0x0000, 0x0000, 0x0000, 0x0000, 0x0000, 0x0000, 0x0000, 0x0000, 0x0841, // 0x3640 (13888) pixels
    0xA535, 0xFFDE, 0xFFFF, 0xFFDF, 0xD69C, 0x528C, 0x0000, 0x0000, 0x0000, 0x0000, 0x0000, 0x0021, 0x0000, 0x0000, 0x28A2, 0x5165, // 0x3650 (13904) pixels
    0x7229, 0x38A3, 0x2020, 0x4943, 0x9368, 0xCD0E, 0xDD70, 0x9BC9, 0x2124, 0x0841, 0x0000, 0x0000, 0x0000, 0x0000, 0x0000, 0x0000, // 0x3660 (13920) pixels
    0x0000, 0x0000, 0x0000, 0x0000, 0x0000, 0x0000, 0x0000, 0x0000, 0x0000, 0x0000, 0x0000, 0x0000, 0x0000, 0x0000, 0x0000, 0x0000, // 0x3670 (13936) pixels
    0x0000, 0x0000, 0x0000, 0x0000, 0x0000, 0x0000, 0x0000, 0x0000, 0x0000, 0x0000, 0x0000, 0x0000, 0x0000, 0x0000, 0x0000, 0x0000, // 0x3680 (13952) pixels
    0x0000, 0x0000, 0x0000, 0x0000, 0x0000, 0x0000, 0x0000, 0x0000, 0x0020, 0x0000, 0x0000, 0x0000, 0x0000, 0x0000, 0x0000, 0x2964, // 0x3690 (13968) pixels
    0xD69A, 0xFFFF, 0xEF7E, 0xCE7A, 0xAD56, 0x9CF5, 0xA536, 0xBDF9, 0x94B4, 0x21AA, 0x114C, 0x19EF, 0x19ED, 0x1189, 0x0042, 0x0000, // 0x36A0 (13984) pixels
    0x0000, 0x0000, 0x0000, 0x0000, 0x3167, 0x7BD2, 0xA4F8, 0xBDBD, 0xC5FE, 0xCE1E, 0xBDBB, 0x5ACE, 0x0863, 0x0000, 0x0000, 0x0000, // 0x36B0 (14000) pixels
    0x0000, 0x0000, 0x0000, 0x0000, 0x0000, 0x0000, 0x0000, 0x0841, 0xAD55, 0xFFDF, 0xFFFF, 0xFFDF, 0xD69C, 0x528C, 0x0000, 0x0000, // 0x36C0 (14016) pixels
    0x0000, 0x0000, 0x0000, 0x0000, 0x0020, 0x0000, 0x0800, 0x1840, 0x3123, 0x1041, 0x0000, 0x0000, 0x1840, 0x2060, 0x20A0, 0x0820, // 0x36D0 (14032) pixels
    0x0020, 0x0000, 0x0000, 0x0000, 0x0000, 0x0000, 0x0000, 0x0000, 0x0000, 0x0000, 0x0000, 0x0000, 0x0000, 0x0000, 0x0000, 0x0000, // 0x36E0 (14048) pixels
    0x0000, 0x0000, 0x0000, 0x0000, 0x0000, 0x0000, 0x0000, 0x0000, 0x0000, 0x0000, 0x0000, 0x0000, 0x0000, 0x0000, 0x0000, 0x0000, // 0x36F0 (14064) pixels
    0x0000, 0x0000, 0x0000, 0x0000, 0x0000, 0x0000, 0x0000, 0x0000, 0x0000, 0x0000, 0x0000, 0x0000, 0x0000, 0x0000, 0x0000, 0x0000, // 0x3700 (14080) pixels
    0x0020, 0x0000, 0x0000, 0x0000, 0x0000, 0x0820, 0x0000, 0x1903, 0xCE59, 0xFFFF, 0xFFFF, 0xBDF9, 0x422A, 0x0863, 0x1082, 0x3186, // 0x3710 (14096) pixels
    0x4228, 0x10C5, 0x00A7, 0x00E8, 0x00E7, 0x08C4, 0x0021, 0x0000, 0x0000, 0x0000, 0x0000, 0x1083, 0x6B50, 0xCE3C, 0xCE5E, 0xC5DD, // 0x3720 (14112) pixels
    0xBDBD, 0xCE1E, 0xAD59, 0x4A4A, 0x0021, 0x0020, 0x0000, 0x0000, 0x0000, 0x0000, 0x0000, 0x0000, 0x0000, 0x0000, 0x0000, 0x0841, // 0x3730 (14128) pixels
    0xAD55, 0xFFDF, 0xFFFF, 0xFFDF, 0xD69C, 0x528C, 0x0000, 0x0000, 0x0000, 0x0000, 0x0000, 0x0000, 0x0000, 0x0000, 0x0000, 0x0000, // 0x3740 (14144) pixels
    0x0000, 0x0000, 0x0062, 0x0042, 0x0040, 0x0000, 0x0000, 0x0042, 0x0000, 0x0000, 0x0000, 0x0000, 0x0000, 0x0000, 0x0000, 0x0000, // 0x3750 (14160) pixels
    0x0000, 0x0000, 0x0000, 0x0000, 0x0000, 0x0000, 0x0000, 0x0000, 0x0000, 0x0000, 0x0000, 0x0000, 0x0000, 0x0000, 0x0000, 0x0000, // 0x3760 (14176) pixels
    0x0000, 0x0000, 0x0000, 0x0000, 0x0000, 0x0000, 0x0000, 0x0000, 0x0000, 0x0000, 0x0000, 0x0000, 0x0000, 0x0000, 0x0000, 0x0000, // 0x3770 (14192) pixels
    0x0000, 0x0000, 0x0000, 0x0000, 0x0000, 0x0000, 0x0000, 0x0000, 0x0000, 0x0000, 0x0000, 0x0000, 0x0000, 0x0000, 0x0000, 0x2966, // 0x3780 (14208) pixels
    0xCE58, 0xF7DE, 0xFFFF, 0xC63A, 0x31A7, 0x0000, 0x0000, 0x0000, 0x0000, 0x0000, 0x0001, 0x0001, 0x0021, 0x0000, 0x0000, 0x0000, // 0x3790 (14224) pixels
    0x0000, 0x0020, 0x2926, 0x6B2F, 0xAD18, 0xC5FC, 0xC5DC, 0xBDBC, 0xCE3F, 0xB55A, 0x528D, 0x20E4, 0x0000, 0x0020, 0x0000, 0x0000, // 0x37A0 (14240) pixels
    0x0000, 0x0000, 0x0000, 0x0000, 0x0000, 0x0000, 0x0000, 0x0841, 0xAD55, 0xFFDF, 0xFFFF, 0xFFDF, 0xD6BC, 0x528C, 0x0000, 0x0000, // 0x37B0 (14256) pixels
    0x0020, 0x0020, 0x0800, 0x0000, 0x0000, 0x0000, 0x0000, 0x0020, 0x0820, 0x0000, 0x0000, 0x0000, 0x0000, 0x0000, 0x0000, 0x0021, // 0x37C0 (14272) pixels
    0x0020, 0x0000, 0x0020, 0x0000, 0x0000, 0x0000, 0x0020, 0x0000, 0x0000, 0x0000, 0x0000, 0x0000, 0x0000, 0x0000, 0x0000, 0x0000, // 0x37D0 (14288) pixels
    0x0000, 0x0000, 0x0000, 0x0000, 0x0000, 0x0000, 0x0000, 0x0000, 0x0000, 0x0000, 0x0000, 0x0000, 0x0000, 0x0000, 0x0000, 0x0000, // 0x37E0 (14304) pixels
    0x0000, 0x0000, 0x0000, 0x0000, 0x0000, 0x0000, 0x0000, 0x0000, 0x0000, 0x0000, 0x0000, 0x0000, 0x0000, 0x0000, 0x0000, 0x0000, // 0x37F0 (14320) pixels
    0x0000, 0x0000, 0x0000, 0x0000, 0x0000, 0x0000, 0x3186, 0x94D3, 0xF79D, 0xFFFF, 0xFFFF, 0xC639, 0x3187, 0x0841, 0x0040, 0x0000, // 0x3800 (14336) pixels
    0x0000, 0x0820, 0x0000, 0x0000, 0x0020, 0x0000, 0x0000, 0x0801, 0x0000, 0x0841, 0x4A4B, 0xC5FB, 0xE6DF, 0xBD9B, 0xBD9B, 0xCE1C, // 0x3810 (14352) pixels
    0xD65F, 0x9476, 0x1064, 0x0021, 0x0000, 0x0000, 0x0000, 0x0000, 0x0000, 0x0000, 0x0000, 0x0000, 0x0000, 0x0000, 0x0000, 0x0841, // 0x3820 (14368) pixels
    0xAD55, 0xFFDF, 0xFFFF, 0xFFDF, 0xD6BC, 0x528C, 0x0000, 0x0000, 0x0020, 0x0000, 0x0000, 0x0000, 0x0000, 0x0000, 0x0000, 0x0000, // 0x3830 (14384) pixels
    0x0800, 0x0000, 0x0020, 0x0000, 0x0800, 0x0800, 0x0000, 0x0020, 0x0000, 0x0000, 0x0000, 0x0000, 0x0000, 0x0000, 0x0000, 0x0000, // 0x3840 (14400) pixels
    0x0000, 0x0000, 0x0000, 0x0000, 0x0000, 0x0000, 0x0000, 0x0000, 0x0000, 0x0000, 0x0000, 0x0000, 0x0000, 0x0000, 0x0000, 0x0000, // 0x3850 (14416) pixels
    0x0000, 0x0000, 0x0000, 0x0000, 0x0000, 0x0000, 0x0000, 0x0000, 0x0000, 0x0000, 0x0000, 0x0000, 0x0000, 0x0000, 0x0000, 0x0000, // 0x3860 (14432) pixels
    0x0000, 0x0000, 0x0000, 0x0000, 0x0000, 0x0000, 0x0000, 0x0000, 0x0020, 0x0000, 0x0000, 0x0000, 0x0000, 0x0000, 0x632C, 0xFFDF, // 0x3870 (14448) pixels
    0xFFFF, 0xFFFF, 0xFFFF, 0xC639, 0x3187, 0x0001, 0x0000, 0x0000, 0x0000, 0x0000, 0x0000, 0x0000, 0x0000, 0x0000, 0x0000, 0x0000, // 0x3880 (14464) pixels
    0x0800, 0x0002, 0x2106, 0x8C93, 0xD67E, 0xC5BE, 0xBDBD, 0xBE3D, 0xD67F, 0xA4F7, 0x18E5, 0x0000, 0x0040, 0x0000, 0x0000, 0x0000, // 0x3890 (14480) pixels
    0x0000, 0x0000, 0x0020, 0x0000, 0x0020, 0x0000, 0x08A2, 0x5B2C, 0xDEFC, 0xFFFF, 0xFFFF, 0xFFDF, 0xD69C, 0x526C, 0x0001, 0x0000, // 0x38A0 (14496) pixels
    0x0000, 0x0000, 0x0000, 0x0000, 0x0000, 0x0000, 0x0000, 0x0000, 0x0000, 0x0000, 0x0000, 0x0000, 0x0000, 0x0000, 0x0000, 0x0000, // 0x38B0 (14512) pixels
    0x0000, 0x0000, 0x0000, 0x0000, 0x0000, 0x0000, 0x0000, 0x0000, 0x0000, 0x0000, 0x0000, 0x0000, 0x0000, 0x0000, 0x0000, 0x0000, // 0x38C0 (14528) pixels
    0x0000, 0x0000, 0x0000, 0x0000, 0x0000, 0x0000, 0x0000, 0x0000, 0x0000, 0x0000, 0x0000, 0x0000, 0x0000, 0x0000, 0x0000, 0x0000, // 0x38D0 (14544) pixels
    0x0000, 0x0000, 0x0000, 0x0000, 0x0000, 0x0000, 0x0000, 0x0000, 0x0000, 0x0000, 0x0000, 0x0000, 0x0000, 0x0000, 0x0000, 0x0000, // 0x38E0 (14560) pixels
    0x0000, 0x0020, 0x0000, 0x0000, 0x0000, 0x0000, 0x5ACB, 0xF7BE, 0xFFFF, 0xFFFF, 0xFFFF, 0xC619, 0x31A7, 0x0021, 0x0000, 0x0000, // 0x38F0 (14576) pixels
    0x0000, 0x0000, 0x0000, 0x0000, 0x0000, 0x0000, 0x0000, 0x0000, 0x0000, 0x0000, 0x0062, 0x3A4B, 0xA539, 0xD65F, 0xC61F, 0xB5FC, // 0x3900 (14592) pixels
    0xD67E, 0x8C34, 0x18A4, 0x0000, 0x0020, 0x0000, 0x0000, 0x0000, 0x0020, 0x0020, 0x0000, 0x0000, 0x0040, 0x0000, 0x18E3, 0x9492, // 0x3910 (14608) pixels
    0xEF7E, 0xFFFF, 0xFFFF, 0xFFDF, 0xD67B, 0x4A6B, 0x0021, 0x0000, 0x0000, 0x0000, 0x0000, 0x0000, 0x0000, 0x0000, 0x0000, 0x0000, // 0x3920 (14624) pixels
    0x0000, 0x0000, 0x0000, 0x0000, 0x0000, 0x0000, 0x0000, 0x0000, 0x0000, 0x0000, 0x0000, 0x0000, 0x0000, 0x0000, 0x0000, 0x0000, // 0x3930 (14640) pixels
    0x0000, 0x0000, 0x0000, 0x0000, 0x0000, 0x0000, 0x0000, 0x0000, 0x0000, 0x0000, 0x0000, 0x0000, 0x0000, 0x0000, 0x0000, 0x0000, // 0x3940 (14656) pixels
    0x0000, 0x0000, 0x0000, 0x0000, 0x0000, 0x0000, 0x0000, 0x0000, 0x0000, 0x0000, 0x0000, 0x0000, 0x0000, 0x0000, 0x0000, 0x0000, // 0x3950 (14672) pixels
    0x0000, 0x0000, 0x0000, 0x0000, 0x0000, 0x0000, 0x0000, 0x0000, 0x0000, 0x0021, 0x0000, 0x0020, 0x0000, 0x39C6, 0x8C71, 0xF7BE, // 0x3960 (14688) pixels
    0xFFFF, 0xFFFF, 0xFFFF, 0xC639, 0x39C7, 0x0021, 0x0000, 0x0000, 0x0000, 0x0000, 0x0000, 0x0000, 0x0000, 0x0000, 0x0000, 0x0000, // 0x3970 (14704) pixels
    0x08A0, 0x21C4, 0x2227, 0x21A9, 0x5AF1, 0x9CD9, 0xB59C, 0xBE1E, 0x7BB2, 0x3189, 0x0001, 0x0000, 0x0000, 0x0000, 0x0000, 0x0000, // 0x3980 (14720) pixels
    0x0020, 0x0000, 0x0000, 0x0000, 0x0000, 0x0841, 0x4A49, 0xC5F8, 0xF7BE, 0xFFFF, 0xFFFF, 0xFFFF, 0xD67B, 0x4A2A, 0x0000, 0x0000, // 0x3990 (14736) pixels
    0x0000, 0x0000, 0x0000, 0x0000, 0x0000, 0x0000, 0x0000, 0x0000, 0x0000, 0x0000, 0x0000, 0x0000, 0x0000, 0x0000, 0x0000, 0x0000, // 0x39A0 (14752) pixels
    0x0000, 0x0000, 0x0000, 0x0000, 0x0000, 0x0000, 0x0000, 0x0000, 0x0000, 0x0000, 0x0000, 0x0000, 0x0000, 0x0000, 0x0000, 0x0000, // 0x39B0 (14768) pixels
    0x0000, 0x0000, 0x0000, 0x0000, 0x0000, 0x0000, 0x0000, 0x0000, 0x0000, 0x0000, 0x0000, 0x0000, 0x0000, 0x0000, 0x0000, 0x0000, // 0x39C0 (14784) pixels
    0x0000, 0x0000, 0x0000, 0x0000, 0x0000, 0x0000, 0x0000, 0x0000, 0x0000, 0x0000, 0x0000, 0x0000, 0x0000, 0x0000, 0x0000, 0x0000, // 0x39D0 (14800) pixels
    0x0021, 0x0000, 0x0000, 0x0021, 0x2124, 0xB596, 0xFFFE, 0xFFFF, 0xFFFF, 0xFFFF, 0xFFFF, 0xC639, 0x31A7, 0x0000, 0x0000, 0x0000, // 0x39E0 (14816) pixels
    0x0000, 0x0000, 0x0000, 0x0000, 0x0000, 0x0000, 0x0000, 0x0000, 0x0900, 0x3B27, 0x4BAC, 0x19EC, 0x00A9, 0x212A, 0x424E, 0x5B12, // 0x39F0 (14832) pixels
    0x2947, 0x0001, 0x0000, 0x0020, 0x0000, 0x0000, 0x0000, 0x0000, 0x0000, 0x0000, 0x0020, 0x0000, 0x0000, 0x39A7, 0xAD14, 0xFFFF, // 0x3A00 (14848) pixels
    0xFFFF, 0xFFFF, 0xFFFE, 0xFFFF, 0xD69C, 0x4A4B, 0x0000, 0x0020, 0x0000, 0x0000, 0x0000, 0x0000, 0x0000, 0x0000, 0x0000, 0x0000, // 0x3A10 (14864) pixels
    0x0000, 0x0000, 0x0000, 0x0000, 0x0000, 0x0000, 0x0000, 0x0000, 0x0000, 0x0000, 0x0000, 0x0000, 0x0000, 0x0000, 0x0000, 0x0000, // 0x3A20 (14880) pixels
    0x0000, 0x0000, 0x0000, 0x0000, 0x0000, 0x0000, 0x0000, 0x0000, 0x0000, 0x0000, 0x0000, 0x0000, 0x0000, 0x0000, 0x0000, 0x0000, // 0x3A30 (14896) pixels
    0x0000, 0x0000, 0x0000, 0x0000, 0x0000, 0x0000, 0x0000, 0x0000, 0x0000, 0x0000, 0x0000, 0x0000, 0x0000, 0x0000, 0x0000, 0x0000, // 0x3A40 (14912) pixels
    0x0000, 0x0000, 0x0000, 0x0000, 0x0000, 0x0000, 0x0000, 0x0000, 0x0000, 0x0021, 0x0000, 0x0000, 0x2945, 0xC659, 0xFFFF, 0xF79E, // 0x3A50 (14928) pixels
    0xFFFF, 0xF7BF, 0xFFFF, 0xCE5A, 0x39C7, 0x0020, 0x0000, 0x0000, 0x0000, 0x0000, 0x0000, 0x0000, 0x0000, 0x0000, 0x0000, 0x0860, // 0x3A60 (14944) pixels
    0x2A61, 0x5409, 0x43AD, 0x224E, 0x090C, 0x08A9, 0x1909, 0x0025, 0x0842, 0x0000, 0x0001, 0x0020, 0x0000, 0x0000, 0x0000, 0x0000, // 0x3A70 (14960) pixels
    0x0000, 0x0000, 0x0000, 0x0000, 0x0000, 0x2924, 0x9C92, 0xFFFF, 0xFFFF, 0xFFFF, 0xFFFF, 0xFFFF, 0xDEBC, 0x4A6B, 0x0000, 0x0020, // 0x3A80 (14976) pixels
    0x0000, 0x0000, 0x0000, 0x0000, 0x0000, 0x0000, 0x0000, 0x0000, 0x0000, 0x0000, 0x0000, 0x0000, 0x0000, 0x0000, 0x0000, 0x0000, // 0x3A90 (14992) pixels
    0x0000, 0x0000, 0x0000, 0x0000, 0x0000, 0x0000, 0x0000, 0x0000, 0x0000, 0x0000, 0x0000, 0x0000, 0x0000, 0x0000, 0x0000, 0x0000, // 0x3AA0 (15008) pixels
    0x0000, 0x0000, 0x0000, 0x0000, 0x0000, 0x0000, 0x0000, 0x0000, 0x0000, 0x0000, 0x0000, 0x0000, 0x0000, 0x0000, 0x0000, 0x0000, // 0x3AB0 (15024) pixels
    0x0000, 0x0000, 0x0000, 0x0000, 0x0000, 0x0000, 0x0000, 0x0000, 0x0000, 0x0000, 0x0000, 0x0000, 0x0000, 0x0000, 0x0000, 0x0000, // 0x3AC0 (15040) pixels
    0x0020, 0x0000, 0x0000, 0x0000, 0x18E4, 0xA555, 0xFFFF, 0xFFFF, 0xFFFF, 0xFFFF, 0xFFFF, 0xCE7A, 0x39C7, 0x0020, 0x0000, 0x0020, // 0x3AD0 (15056) pixels
    0x0000, 0x0000, 0x0000, 0x0000, 0x0000, 0x0000, 0x0020, 0x2122, 0x53E6, 0x64AC, 0x22CC, 0x09CE, 0x21F1, 0x320F, 0x320C, 0x0064, // 0x3AE0 (15072) pixels
    0x0000, 0x0000, 0x0000, 0x0000, 0x0000, 0x0000, 0x0000, 0x0000, 0x0000, 0x0020, 0x0000, 0x0020, 0x0040, 0x0000, 0x4228, 0xBE18, // 0x3AF0 (15088) pixels
    0xEF9F, 0xF79F, 0xEF9E, 0xEF5E, 0xC63B, 0x4A6C, 0x0000, 0x0000, 0x0000, 0x0000, 0x0000, 0x0000, 0x0000, 0x0000, 0x0000, 0x0000, // 0x3B00 (15104) pixels
    0x0000, 0x0000, 0x0000, 0x0000, 0x0000, 0x0000, 0x0000, 0x0000, 0x0000, 0x0000, 0x0000, 0x0000, 0x0000, 0x0000, 0x0000, 0x0000, // 0x3B10 (15120) pixels
    0x0000, 0x0000, 0x0000, 0x0000, 0x0000, 0x0000, 0x0000, 0x0000, 0x0000, 0x0000, 0x0000, 0x0000, 0x0000, 0x0000, 0x0000, 0x0000, // 0x3B20 (15136) pixels
    0x0000, 0x0000, 0x0000, 0x0000, 0x0000, 0x0000, 0x0000, 0x0000, 0x0000, 0x0000, 0x0000, 0x0000, 0x0000, 0x0000, 0x0000, 0x0000, // 0x3B30 (15152) pixels
    0x0000, 0x0000, 0x0000, 0x0000, 0x0000, 0x0000, 0x0000, 0x0000, 0x0020, 0x0000, 0x0040, 0x0020, 0x0041, 0x4A6A, 0xB5B8, 0xFFFF, // 0x3B40 (15168) pixels
    0xFFFF, 0xFFFF, 0xFFDF, 0xB577, 0x2946, 0x0021, 0x0000, 0x0000, 0x0000, 0x0000, 0x0000, 0x0000, 0x0000, 0x0000, 0x0040, 0x39E4, // 0x3B50 (15184) pixels
    0x7488, 0x644D, 0x1A6C, 0x09AE, 0x19F1, 0x2A10, 0x320C, 0x0905, 0x0000, 0x0000, 0x0000, 0x0000, 0x0021, 0x0000, 0x0020, 0x0000, // 0x3B60 (15200) pixels
    0x0000, 0x0000, 0x0000, 0x0000, 0x0040, 0x0061, 0x1944, 0x42CA, 0x5ACF, 0x5AEE, 0x5B0E, 0x5ACD, 0x4A6C, 0x10A5, 0x0000, 0x0000, // 0x3B70 (15216) pixels
    0x0000, 0x0000, 0x0000, 0x0000, 0x0000, 0x0000, 0x0000, 0x0000, 0x0000, 0x0000, 0x0000, 0x0000, 0x0000, 0x0000, 0x0000, 0x0000, // 0x3B80 (15232) pixels
    0x0000, 0x0000, 0x0000, 0x0000, 0x0000, 0x0000, 0x0000, 0x0000, 0x0000, 0x0000, 0x0000, 0x0000, 0x0000, 0x0000, 0x0000, 0x0000, // 0x3B90 (15248) pixels
    0x0000, 0x0000, 0x0000, 0x0000, 0x0000, 0x0000, 0x0000, 0x0000, 0x0000, 0x0000, 0x0000, 0x0000, 0x0000, 0x0000, 0x0000, 0x0000, // 0x3BA0 (15264) pixels
    0x0000, 0x0000, 0x0000, 0x0000, 0x0000, 0x0000, 0x0000, 0x0000, 0x0000, 0x0000, 0x0000, 0x0000, 0x0000, 0x0000, 0x0000, 0x0000, // 0x3BB0 (15280) pixels
    0x0000, 0x0000, 0x0020, 0x10C3, 0x4209, 0x31A8, 0x420A, 0x8C74, 0x9494, 0x9CD5, 0x8432, 0x4A2B, 0x0001, 0x0001, 0x0000, 0x0000, // 0x3BC0 (15296) pixels
    0x0000, 0x0000, 0x0000, 0x0001, 0x0001, 0x0000, 0x0040, 0x4246, 0x63E5, 0x32E8, 0x11EC, 0x11F0, 0x2211, 0x21AF, 0x1129, 0x0082, // 0x3BD0 (15312) pixels
    0x0000, 0x0020, 0x0000, 0x0000, 0x0000, 0x0000, 0x0020, 0x0000, 0x0000, 0x0000, 0x0020, 0x0000, 0x0020, 0x3A69, 0x534C, 0x1164, // 0x3BE0 (15328) pixels
    0x0826, 0x0845, 0x1085, 0x0023, 0x0003, 0x0002, 0x0000, 0x0020, 0x0000, 0x0000, 0x0000, 0x0000, 0x0000, 0x0000, 0x0000, 0x0000, // 0x3BF0 (15344) pixels
    0x0000, 0x0000, 0x0000, 0x0000, 0x0000, 0x0000, 0x0000, 0x0000, 0x0000, 0x0000, 0x0000, 0x0000, 0x0000, 0x0000, 0x0000, 0x0000, // 0x3C00 (15360) pixels
    0x0000, 0x0000, 0x0000, 0x0000, 0x0000, 0x0000, 0x0000, 0x0000, 0x0000, 0x0000, 0x0000, 0x0000, 0x0000, 0x0000, 0x0000, 0x0000, // 0x3C10 (15376) pixels
    0x0000, 0x0000, 0x0000, 0x0000, 0x0000, 0x0000, 0x0000, 0x0000, 0x0000, 0x0000, 0x0000, 0x0000, 0x0000, 0x0000, 0x0000, 0x0000, // 0x3C20 (15392) pixels
    0x0000, 0x0000, 0x0000, 0x0000, 0x0000, 0x0000, 0x0000, 0x0000, 0x0820, 0x0001, 0x0040, 0x3241, 0x6448, 0x42EC, 0x090B, 0x0069, // 0x3C30 (15408) pixels
    0x00C9, 0x08C7, 0x0863, 0x0800, 0x0800, 0x0800, 0x0000, 0x0001, 0x0000, 0x0000, 0x0000, 0x0000, 0x0000, 0x0000, 0x0020, 0x0841, // 0x3C40 (15424) pixels
    0x10A3, 0x10C4, 0x1107, 0x1948, 0x1948, 0x10E6, 0x0062, 0x0000, 0x0000, 0x0000, 0x0000, 0x0000, 0x0000, 0x0000, 0x0000, 0x0000, // 0x3C50 (15440) pixels
    0x0020, 0x0001, 0x0000, 0x0000, 0x18C1, 0x5BA6, 0x6C8A, 0x2AAA, 0x1171, 0x1190, 0x19F0, 0x19AC, 0x0064, 0x0000, 0x0020, 0x0000, // 0x3C60 (15456) pixels
    0x0000, 0x0000, 0x0000, 0x0000, 0x0000, 0x0000, 0x0000, 0x0000, 0x0000, 0x0000, 0x0000, 0x0000, 0x0000, 0x0000, 0x0000, 0x0000, // 0x3C70 (15472) pixels
    0x0000, 0x0000, 0x0000, 0x0000, 0x0000, 0x0000, 0x0000, 0x0000, 0x0000, 0x0000, 0x0000, 0x0000, 0x0000, 0x0000, 0x0000, 0x0000, // 0x3C80 (15488) pixels
    0x0000, 0x0000, 0x0000, 0x0000, 0x0000, 0x0000, 0x0000, 0x0000, 0x0000, 0x0000, 0x0000, 0x0000, 0x0000, 0x0000, 0x0000, 0x0000, // 0x3C90 (15504) pixels
    0x0000, 0x0000, 0x0000, 0x0000, 0x0000, 0x0000, 0x0000, 0x0000, 0x0000, 0x0000, 0x0000, 0x0000, 0x0000, 0x0000, 0x0000, 0x0000, // 0x3CA0 (15520) pixels
    0x0000, 0x0001, 0x1962, 0x53E3, 0x6CC8, 0x32EB, 0x096D, 0x098E, 0x11CF, 0x19AC, 0x08A6, 0x0000, 0x0000, 0x0000, 0x0000, 0x0021, // 0x3CB0 (15536) pixels
    0x0000, 0x0000, 0x0000, 0x0000, 0x0000, 0x0000, 0x0000, 0x0000, 0x0000, 0x0000, 0x0000, 0x0021, 0x0021, 0x0021, 0x0020, 0x0000, // 0x3CC0 (15552) pixels
    0x0000, 0x0000, 0x0000, 0x0000, 0x0000, 0x0000, 0x0000, 0x0000, 0x0000, 0x0001, 0x0001, 0x0020, 0x2A00, 0x74C7, 0x64CB, 0x1A6C, // 0x3CD0 (15568) pixels
    0x11CF, 0x1A30, 0x2A91, 0x222C, 0x08A4, 0x0000, 0x0000, 0x0000, 0x0000, 0x0000, 0x0000, 0x0000, 0x0000, 0x0000, 0x0000, 0x0000, // 0x3CE0 (15584) pixels
    0x0000, 0x0000, 0x0000, 0x0000, 0x0000, 0x0000, 0x0000, 0x0000, 0x0000, 0x0000, 0x0000, 0x0000, 0x0000, 0x0000, 0x0000, 0x0000, // 0x3CF0 (15600) pixels
    0x0000, 0x0000, 0x0000, 0x0000, 0x0000, 0x0000, 0x0000, 0x0000, 0x0000, 0x0000, 0x0000, 0x0000, 0x0000, 0x0000, 0x0000, 0x0000, // 0x3D00 (15616) pixels
    0x0000, 0x0000, 0x0000, 0x0000, 0x0000, 0x0000, 0x0000, 0x0000, 0x0000, 0x0000, 0x0000, 0x0000, 0x0000, 0x0000, 0x0000, 0x0000, // 0x3D10 (15632) pixels
    0x0000, 0x0000, 0x0000, 0x0000, 0x0000, 0x0000, 0x0000, 0x0000, 0x0001, 0x0000, 0x3260, 0x7545, 0x64E8, 0x22CC, 0x01D0, 0x1252, // 0x3D20 (15648) pixels
    0x2A92, 0x2230, 0x0908, 0x0001, 0x0000, 0x0020, 0x0000, 0x0020, 0x0000, 0x0000, 0x0000, 0x0000, 0x0000, 0x0000, 0x0000, 0x0000, // 0x3D30 (15664) pixels
    0x0000, 0x0000, 0x0000, 0x0000, 0x0000, 0x0000, 0x0000, 0x0000, 0x0000, 0x0000, 0x0000, 0x0000, 0x0000, 0x0000, 0x0000, 0x0000, // 0x3D40 (15680) pixels
    0x0000, 0x0020, 0x0000, 0x00A0, 0x4B81, 0x7D86, 0x542B, 0x09ED, 0x11EE, 0x1A50, 0x22B0, 0x19EB, 0x00A3, 0x0000, 0x0000, 0x0000, // 0x3D50 (15696) pixels
    0x0000, 0x0000, 0x0000, 0x0000, 0x0000, 0x0000, 0x0000, 0x0000, 0x0000, 0x0000, 0x0000, 0x0000, 0x0000, 0x0000, 0x0000, 0x0000, // 0x3D60 (15712) pixels
    0x0000, 0x0000, 0x0000, 0x0000, 0x0000, 0x0000, 0x0000, 0x0000, 0x0000, 0x0000, 0x0000, 0x0000, 0x0000, 0x0000, 0x0000, 0x0000, // 0x3D70 (15728) pixels
    0x0000, 0x0000, 0x0000, 0x0000, 0x0000, 0x0000, 0x0000, 0x0000, 0x0000, 0x0000, 0x0000, 0x0000, 0x0000, 0x0000, 0x0000, 0x0000, // 0x3D80 (15744) pixels
    0x0000, 0x0000, 0x0000, 0x0000, 0x0000, 0x0000, 0x0000, 0x0000, 0x0000, 0x0000, 0x0000, 0x0000, 0x0000, 0x0000, 0x0000, 0x0000, // 0x3D90 (15760) pixels
    0x0000, 0x1900, 0x63E4, 0x9609, 0x5C49, 0x1A2D, 0x09D1, 0x2293, 0x21EE, 0x116B, 0x0065, 0x0001, 0x0000, 0x0000, 0x0000, 0x0000, // 0x3DA0 (15776) pixels
    0x0000, 0x0000, 0x0000, 0x0000, 0x0000, 0x0000, 0x0000, 0x0000, 0x0001, 0x0000, 0x0000, 0x0000, 0x0000, 0x0000, 0x0000, 0x0001, // 0x3DB0 (15792) pixels
    0x0000, 0x0000, 0x0000, 0x0000, 0x0000, 0x0000, 0x0000, 0x0000, 0x0001, 0x0040, 0x0000, 0x2142, 0x7487, 0x8569, 0x4B8B, 0x19CD, // 0x3DC0 (15808) pixels
    0x21EF, 0x2A50, 0x220E, 0x1148, 0x0062, 0x0000, 0x0000, 0x0020, 0x0000, 0x0000, 0x0000, 0x0000, 0x0000, 0x0000, 0x0000, 0x0000, // 0x3DD0 (15824) pixels
    0x0000, 0x0000, 0x0000, 0x0000, 0x0000, 0x0000, 0x0000, 0x0000, 0x0000, 0x0000, 0x0000, 0x0000, 0x0000, 0x0000, 0x0000, 0x0000, // 0x3DE0 (15840) pixels
    0x0000, 0x0000, 0x0000, 0x0000, 0x0000, 0x0000, 0x0000, 0x0000, 0x0000, 0x0000, 0x0000, 0x0000, 0x0000, 0x0000, 0x0000, 0x0000, // 0x3DF0 (15856) pixels
    0x0000, 0x0000, 0x0000, 0x0000, 0x0000, 0x0000, 0x0000, 0x0000, 0x0000, 0x0000, 0x0000, 0x0000, 0x0000, 0x0000, 0x0000, 0x0000, // 0x3E00 (15872) pixels
    0x0000, 0x0000, 0x0000, 0x0000, 0x0000, 0x0000, 0x0000, 0x0000, 0x0000, 0x18E0, 0x4B04, 0x6C47, 0x3AC8, 0x21CC, 0x21AD, 0x21EC, // 0x3E10 (15888) pixels
    0x2168, 0x08A4, 0x0001, 0x0000, 0x0000, 0x0000, 0x0000, 0x0001, 0x0000, 0x0000, 0x0000, 0x0000, 0x0000, 0x0000, 0x0000, 0x0000, // 0x3E20 (15904) pixels
    0x0001, 0x0000, 0x0000, 0x0000, 0x0000, 0x0000, 0x0000, 0x0001, 0x0000, 0x0000, 0x0000, 0x0000, 0x0000, 0x0000, 0x0000, 0x0000, // 0x3E30 (15920) pixels
    0x0002, 0x0040, 0x0000, 0x10A2, 0x4AA6, 0x4AE6, 0x21A6, 0x1908, 0x2149, 0x1949, 0x08E7, 0x0043, 0x0000, 0x0800, 0x0000, 0x0000, // 0x3E40 (15936) pixels
    0x0000, 0x0000, 0x0000, 0x0000, 0x0000, 0x0000, 0x0000, 0x0000, 0x0000, 0x0000, 0x0000, 0x0000, 0x0000, 0x0000, 0x0000, 0x0000, // 0x3E50 (15952) pixels
    0x0000, 0x0000, 0x0000, 0x0000, 0x0000, 0x0000, 0x0000, 0x0000, 0x0000, 0x0000, 0x0000, 0x0000, 0x0000, 0x0000, 0x0000, 0x0000, // 0x3E60 (15968) pixels
    0x0000, 0x0000, 0x0000, 0x0000, 0x0000, 0x0000, 0x0000, 0x0000, 0x0000, 0x0000, 0x0000, 0x0000, 0x0000, 0x0000, 0x0000, 0x0000, // 0x3E70 (15984) pixels
    0x0000, 0x0000, 0x0000, 0x0000, 0x0000, 0x0000, 0x0000, 0x0000, 0x0000, 0x0000, 0x0000, 0x0000, 0x0000, 0x0000, 0x0000, 0x0000, // 0x3E80 (16000) pixels
    0x0001, 0x0000, 0x0060, 0x00A0, 0x0040, 0x0063, 0x08A4, 0x00A2, 0x10A3, 0x0001, 0x0000, 0x0800, 0x0800, 0x0000, 0x0000, 0x0000, // 0x3E90 (16016) pixels
    0x0000, 0x0000, 0x0000, 0x0000, 0x0000, 0x0000, 0x0000, 0x0000, 0x0000, 0x0000, 0x0000, 0x0000, 0x0000, 0x0000, 0x0000, 0x0000, // 0x3EA0 (16032) pixels
    0x0000, 0x0000, 0x0000, 0x0000, 0x0000, 0x0000, 0x0000, 0x0000, 0x0002, 0x0000, 0x0000, 0x0000, 0x0841, 0x0020, 0x0000, 0x0003, // 0x3EB0 (16048) pixels
    0x0020, 0x0040, 0x0020, 0x0000, 0x0000, 0x0800, 0x0801, 0x0002, 0x0000, 0x0000, 0x0000, 0x0000, 0x0000, 0x0000, 0x0000, 0x0000, // 0x3EC0 (16064) pixels
    0x0000, 0x0000, 0x0000, 0x0000, 0x0000, 0x0000, 0x0000, 0x0000, 0x0000, 0x0000, 0x0000, 0x0000, 0x0000, 0x0000, 0x0000, 0x0000, // 0x3ED0 (16080) pixels
    0x0000, 0x0000, 0x0000, 0x0000, 0x0000, 0x0000, 0x0000, 0x0000, 0x0000, 0x0000, 0x0000, 0x0000, 0x0000, 0x0000, 0x0000, 0x0000, // 0x3EE0 (16096) pixels
    0x0000, 0x0000, 0x0000, 0x0000, 0x0000, 0x0000, 0x0000, 0x0000, 0x0000, 0x0000, 0x0000, 0x0000, 0x0000, 0x0000, 0x0000, 0x0000, // 0x3EF0 (16112) pixels
    0x0000, 0x0000, 0x0000, 0x0000, 0x0000, 0x0000, 0x0000, 0x0000, 0x0001, 0x0001, 0x0000, 0x0020, 0x0060, 0x0020, 0x0001, 0x0002, // 0x3F00 (16128) pixels
    0x0002, 0x0001, 0x0000, 0x0000, 0x0000, 0x0000, 0x0000, 0x0000, 0x0000, 0x0000, 0x0000, 0x0000, 0x0000, 0x0000, 0x0000, 0x0000, // 0x3F10 (16144) pixels
    0x0000, 0x0000, 0x0000, 0x0001, 0x0021, 0x0021, 0x0000, 0x0000, 0x0000, 0x0000, 0x0000, 0x0000, 0x0000, 0x0000, 0x0000, 0x0000, // 0x3F20 (16160) pixels
    0x0000, 0x0000, 0x0020, 0x0000, 0x0000, 0x0040, 0x0060, 0x0002, 0x0001, 0x0002, 0x0042, 0x0021, 0x0000, 0x0000, 0x0000, 0x0001, // 0x3F30 (16176) pixels
    0x0000, 0x0000, 0x0000, 0x0000, 0x0000, 0x0000, 0x0000, 0x0000, 0x0000, 0x0000, 0x0000, 0x0000, 0x0000, 0x0000, 0x0000, 0x0000, // 0x3F40 (16192) pixels
    0x0000, 0x0000, 0x0000, 0x0000, 0x0000, 0x0000, 0x0000, 0x0000};

#endif // UNICORN_H_INCLUDED