// Generated by   : ImageConverter 565 Online
// Generated from : water.jpg
// Time generated : Tue, 27 May 25 04:09:49 +0200  (Server timezone: CET)
// Image Size     : 190x128 pixels
// Memory usage   : 48640 bytes


#ifndef WATER_H
#define WATER_H

#include <TFT_eSPI.h>

//static const int SQUIDY_WIDTH = 190;
//static const int SQUIDY_HEIGHT = 128;

void drawWater(TFT_eSPI &tft);


#if defined(__AVR__)
    #include <avr/pgmspace.h>
#elif defined(__PIC32MX__)
    #define PROGMEM
#elif defined(__arm__)
    #define PROGMEM
#endif

const unsigned short water[24320] PROGMEM={
0x0000, 0x0000, 0x0000, 0x0000, 0x0000, 0x0000, 0x0000, 0x0000, 0x0000, 0x0000, 0x0000, 0x0000, 0x0000, 0x0000, 0x0000, 0x0000,   // 0x0010 (16) pixels
0x0000, 0x0000, 0x0000, 0x0000, 0x0000, 0x0000, 0x0000, 0x0000, 0x0000, 0x0000, 0x0000, 0x0000, 0x0000, 0x0000, 0x0000, 0x0000,   // 0x0020 (32) pixels
0x0000, 0x0000, 0x0000, 0x0000, 0x0000, 0x0000, 0x0000, 0x0000, 0x0000, 0x0000, 0x0000, 0x0000, 0x0000, 0x0000, 0x0000, 0x0000,   // 0x0030 (48) pixels
0x0000, 0x0000, 0x0000, 0x0000, 0x0000, 0x0000, 0x0000, 0x0000, 0x0000, 0x0000, 0x0000, 0x0000, 0x0000, 0x0000, 0x0000, 0x0000,   // 0x0040 (64) pixels
0x0000, 0x0000, 0x0000, 0x0000, 0x0000, 0x0000, 0x0000, 0x0000, 0x0000, 0x0000, 0x0000, 0x0000, 0x0000, 0x0000, 0x0000, 0x0000,   // 0x0050 (80) pixels
0x0000, 0x0000, 0x0000, 0x0000, 0x0000, 0x0000, 0x0000, 0x0000, 0x0001, 0x0001, 0x0000, 0x0020, 0x0020, 0x0000, 0x0000, 0x0001,   // 0x0060 (96) pixels
0x0000, 0x0000, 0x0000, 0x0000, 0x0000, 0x0000, 0x0000, 0x0000, 0x0801, 0x0001, 0x0000, 0x0000, 0x0000, 0x0000, 0x0000, 0x0000,   // 0x0070 (112) pixels
0x0000, 0x0000, 0x0000, 0x0000, 0x0000, 0x0000, 0x0000, 0x0000, 0x0000, 0x0000, 0x0000, 0x0000, 0x0000, 0x0000, 0x0020, 0x0020,   // 0x0080 (128) pixels
0x0000, 0x0000, 0x0000, 0x0000, 0x0000, 0x0000, 0x0000, 0x0000, 0x0000, 0x0000, 0x0000, 0x0000, 0x0000, 0x0000, 0x0000, 0x0000,   // 0x0090 (144) pixels
0x0000, 0x0000, 0x0000, 0x0000, 0x0000, 0x0000, 0x0000, 0x0000, 0x0000, 0x0000, 0x0000, 0x0000, 0x0000, 0x0000, 0x0000, 0x0000,   // 0x00A0 (160) pixels
0x0000, 0x0000, 0x0000, 0x0000, 0x0000, 0x0000, 0x0000, 0x0000, 0x0000, 0x0000, 0x0000, 0x0000, 0x0000, 0x0000, 0x0000, 0x0000,   // 0x00B0 (176) pixels
0x0000, 0x0000, 0x0000, 0x0000, 0x0000, 0x0000, 0x0000, 0x0000, 0x0000, 0x0000, 0x0000, 0x0000, 0x0000, 0x0000, 0x0000, 0x0000,   // 0x00C0 (192) pixels
0x0000, 0x0000, 0x0000, 0x0000, 0x0000, 0x0000, 0x0000, 0x0000, 0x0000, 0x0000, 0x0000, 0x0000, 0x0000, 0x0000, 0x0000, 0x0000,   // 0x00D0 (208) pixels
0x0000, 0x0000, 0x0000, 0x0000, 0x0000, 0x0000, 0x0000, 0x0000, 0x0000, 0x0000, 0x0000, 0x0000, 0x0000, 0x0000, 0x0000, 0x0000,   // 0x00E0 (224) pixels
0x0000, 0x0000, 0x0000, 0x0000, 0x0000, 0x0000, 0x0000, 0x0000, 0x0000, 0x0000, 0x0000, 0x0000, 0x0000, 0x0000, 0x0000, 0x0000,   // 0x00F0 (240) pixels
0x0000, 0x0000, 0x0000, 0x0000, 0x0000, 0x0000, 0x0000, 0x0000, 0x0000, 0x0000, 0x0000, 0x0000, 0x0000, 0x0000, 0x0000, 0x0000,   // 0x0100 (256) pixels
0x0000, 0x0000, 0x0000, 0x0000, 0x0000, 0x0000, 0x0000, 0x0000, 0x0000, 0x0000, 0x0000, 0x0000, 0x0000, 0x0000, 0x0000, 0x0000,   // 0x0110 (272) pixels
0x0000, 0x0000, 0x0000, 0x0000, 0x0000, 0x0000, 0x0000, 0x0000, 0x0000, 0x0000, 0x0000, 0x0000, 0x0000, 0x0020, 0x0020, 0x0000,   // 0x0120 (288) pixels
0x0000, 0x0000, 0x0000, 0x0000, 0x0000, 0x0000, 0x0000, 0x0000, 0x0000, 0x0000, 0x0000, 0x0000, 0x0000, 0x0000, 0x0000, 0x0000,   // 0x0130 (304) pixels
0x0000, 0x0000, 0x0000, 0x0000, 0x0000, 0x0000, 0x0000, 0x0000, 0x0000, 0x0000, 0x0000, 0x0000, 0x0020, 0x0020, 0x0000, 0x0000,   // 0x0140 (320) pixels
0x0000, 0x0000, 0x0000, 0x0000, 0x0000, 0x0000, 0x0000, 0x0000, 0x0000, 0x0000, 0x0000, 0x0000, 0x0000, 0x0000, 0x0000, 0x0000,   // 0x0150 (336) pixels
0x0000, 0x0000, 0x0000, 0x0000, 0x0000, 0x0000, 0x0000, 0x0000, 0x0000, 0x0000, 0x0000, 0x0000, 0x0000, 0x0000, 0x0000, 0x0000,   // 0x0160 (352) pixels
0x0000, 0x0000, 0x0000, 0x0000, 0x0000, 0x0000, 0x0000, 0x0000, 0x0000, 0x0000, 0x0000, 0x0000, 0x0000, 0x0000, 0x0000, 0x0000,   // 0x0170 (368) pixels
0x0000, 0x0000, 0x0000, 0x0000, 0x0000, 0x0000, 0x0000, 0x0000, 0x0000, 0x0000, 0x0000, 0x0000, 0x0000, 0x0000, 0x0000, 0x0000,   // 0x0180 (384) pixels
0x0000, 0x0000, 0x0000, 0x0000, 0x0000, 0x0000, 0x0000, 0x0000, 0x0000, 0x0000, 0x0000, 0x0000, 0x0000, 0x0000, 0x0000, 0x0000,   // 0x0190 (400) pixels
0x0000, 0x0000, 0x0000, 0x0000, 0x0000, 0x0000, 0x0000, 0x0000, 0x0000, 0x0000, 0x0000, 0x0000, 0x0000, 0x0000, 0x0000, 0x0000,   // 0x01A0 (416) pixels
0x0000, 0x0000, 0x0000, 0x0000, 0x0000, 0x0000, 0x0000, 0x0000, 0x0000, 0x0000, 0x0000, 0x0000, 0x0000, 0x0000, 0x0000, 0x0000,   // 0x01B0 (432) pixels
0x0000, 0x0000, 0x0000, 0x0000, 0x0000, 0x0000, 0x0000, 0x0000, 0x0000, 0x0000, 0x0000, 0x0000, 0x0000, 0x0000, 0x0000, 0x0000,   // 0x01C0 (448) pixels
0x0000, 0x0000, 0x0000, 0x0000, 0x0000, 0x0000, 0x0000, 0x0000, 0x0000, 0x0000, 0x0000, 0x0000, 0x0000, 0x0000, 0x0000, 0x0000,   // 0x01D0 (464) pixels
0x0000, 0x0000, 0x0000, 0x0000, 0x0020, 0x0000, 0x0000, 0x0000, 0x0000, 0x0020, 0x0020, 0x0020, 0x0001, 0x0000, 0x0000, 0x0000,   // 0x01E0 (480) pixels
0x0000, 0x0000, 0x0000, 0x0000, 0x0020, 0x0020, 0x0020, 0x0020, 0x0000, 0x0000, 0x0000, 0x0000, 0x0000, 0x0000, 0x0000, 0x0000,   // 0x01F0 (496) pixels
0x0000, 0x0000, 0x0000, 0x0000, 0x0000, 0x0000, 0x0000, 0x0000, 0x0000, 0x0000, 0x0000, 0x0000, 0x0000, 0x0000, 0x0000, 0x0000,   // 0x0200 (512) pixels
0x0000, 0x0000, 0x0000, 0x0000, 0x0000, 0x0000, 0x0000, 0x0000, 0x0000, 0x0000, 0x0000, 0x0000, 0x0000, 0x0000, 0x0000, 0x0000,   // 0x0210 (528) pixels
0x0000, 0x0000, 0x0000, 0x0000, 0x0000, 0x0000, 0x0000, 0x0000, 0x0000, 0x0000, 0x0000, 0x0000, 0x0000, 0x0000, 0x0000, 0x0000,   // 0x0220 (544) pixels
0x0000, 0x0000, 0x0000, 0x0000, 0x0000, 0x0000, 0x0000, 0x0000, 0x0000, 0x0000, 0x0000, 0x0000, 0x0000, 0x0000, 0x0000, 0x0000,   // 0x0230 (560) pixels
0x0000, 0x0000, 0x0000, 0x0000, 0x0000, 0x0000, 0x0000, 0x0000, 0x0000, 0x0000, 0x0000, 0x0000, 0x0000, 0x0000, 0x0000, 0x0000,   // 0x0240 (576) pixels
0x0000, 0x0000, 0x0000, 0x0000, 0x0000, 0x0000, 0x0000, 0x0000, 0x0000, 0x0000, 0x0000, 0x0000, 0x0000, 0x0000, 0x0000, 0x0000,   // 0x0250 (592) pixels
0x0000, 0x0000, 0x0000, 0x0000, 0x0000, 0x0000, 0x0000, 0x0000, 0x0000, 0x0000, 0x0000, 0x0000, 0x0000, 0x0000, 0x0000, 0x0000,   // 0x0260 (608) pixels
0x0000, 0x0000, 0x0000, 0x0000, 0x0000, 0x0000, 0x0000, 0x0000, 0x0000, 0x0000, 0x0000, 0x0000, 0x0000, 0x0000, 0x0000, 0x0000,   // 0x0270 (624) pixels
0x0000, 0x0000, 0x0000, 0x0000, 0x0000, 0x0000, 0x0000, 0x0000, 0x0000, 0x0000, 0x0000, 0x0000, 0x0000, 0x0000, 0x0000, 0x0000,   // 0x0280 (640) pixels
0x0000, 0x0000, 0x0000, 0x0000, 0x0000, 0x0000, 0x0000, 0x0000, 0x0000, 0x0000, 0x0000, 0x0000, 0x0000, 0x0000, 0x0000, 0x0000,   // 0x0290 (656) pixels
0x0000, 0x0000, 0x0021, 0x0021, 0x0001, 0x0000, 0x0000, 0x0000, 0x0000, 0x0000, 0x0001, 0x0001, 0x0001, 0x0000, 0x0000, 0x0000,   // 0x02A0 (672) pixels
0x0000, 0x0000, 0x0000, 0x0000, 0x0000, 0x0000, 0x0000, 0x0000, 0x0000, 0x0020, 0x0000, 0x0000, 0x0000, 0x0000, 0x0000, 0x0000,   // 0x02B0 (688) pixels
0x0000, 0x0000, 0x0000, 0x0000, 0x0000, 0x0000, 0x0000, 0x0000, 0x0000, 0x0000, 0x0000, 0x0020, 0x0000, 0x0000, 0x0000, 0x0000,   // 0x02C0 (704) pixels
0x0000, 0x0000, 0x0000, 0x0000, 0x0000, 0x0000, 0x0000, 0x0000, 0x0000, 0x0000, 0x0000, 0x0000, 0x0000, 0x0000, 0x0000, 0x0000,   // 0x02D0 (720) pixels
0x0000, 0x0000, 0x0000, 0x0000, 0x0000, 0x0000, 0x0000, 0x0000, 0x0000, 0x0000, 0x0000, 0x0000, 0x0000, 0x0000, 0x0000, 0x0000,   // 0x02E0 (736) pixels
0x0000, 0x0000, 0x0000, 0x0000, 0x0000, 0x0000, 0x0000, 0x0000, 0x0000, 0x0000, 0x0000, 0x0000, 0x0000, 0x0000, 0x0000, 0x0000,   // 0x02F0 (752) pixels
0x0000, 0x0000, 0x0000, 0x0000, 0x0000, 0x0000, 0x0000, 0x0000, 0x0000, 0x0000, 0x0000, 0x0000, 0x0000, 0x0000, 0x0000, 0x0000,   // 0x0300 (768) pixels
0x0000, 0x0000, 0x0000, 0x0000, 0x0000, 0x0000, 0x0000, 0x0000, 0x0000, 0x0000, 0x0000, 0x0000, 0x0000, 0x0000, 0x0000, 0x0000,   // 0x0310 (784) pixels
0x0000, 0x0000, 0x0000, 0x0000, 0x0000, 0x0000, 0x0000, 0x0000, 0x0000, 0x0000, 0x0000, 0x0000, 0x0000, 0x0000, 0x0000, 0x0000,   // 0x0320 (800) pixels
0x0000, 0x0000, 0x0000, 0x0000, 0x0000, 0x0000, 0x0000, 0x0000, 0x0000, 0x0000, 0x0000, 0x0000, 0x0000, 0x0000, 0x0000, 0x0000,   // 0x0330 (816) pixels
0x0000, 0x0000, 0x0000, 0x0000, 0x0000, 0x0000, 0x0000, 0x0000, 0x0000, 0x0000, 0x0000, 0x0000, 0x0000, 0x0000, 0x0000, 0x0000,   // 0x0340 (832) pixels
0x0000, 0x0000, 0x0000, 0x0000, 0x0000, 0x0000, 0x0000, 0x0000, 0x0000, 0x0000, 0x0000, 0x0000, 0x0000, 0x0000, 0x0000, 0x0000,   // 0x0350 (848) pixels
0x0000, 0x0000, 0x0000, 0x0000, 0x0000, 0x0000, 0x0800, 0x0800, 0x0800, 0x0000, 0x0000, 0x0000, 0x0000, 0x0000, 0x0000, 0x0000,   // 0x0360 (864) pixels
0x0800, 0x0800, 0x0800, 0x0800, 0x0800, 0x0000, 0x0000, 0x0020, 0x0000, 0x0000, 0x0000, 0x0000, 0x0000, 0x0000, 0x0000, 0x0000,   // 0x0370 (880) pixels
0x0000, 0x0000, 0x0000, 0x0000, 0x0000, 0x0000, 0x0000, 0x0000, 0x0000, 0x0020, 0x0820, 0x0000, 0x0000, 0x0000, 0x0000, 0x0000,   // 0x0380 (896) pixels
0x0000, 0x0000, 0x0000, 0x0000, 0x0000, 0x0000, 0x0000, 0x0000, 0x0000, 0x0000, 0x0000, 0x0000, 0x0000, 0x0000, 0x0000, 0x0000,   // 0x0390 (912) pixels
0x0000, 0x0000, 0x0000, 0x0000, 0x0000, 0x0000, 0x0000, 0x0000, 0x0000, 0x0000, 0x0000, 0x0000, 0x0000, 0x0000, 0x0000, 0x0000,   // 0x03A0 (928) pixels
0x0000, 0x0000, 0x0000, 0x0000, 0x0000, 0x0000, 0x0000, 0x0000, 0x0000, 0x0000, 0x0000, 0x0000, 0x0000, 0x0000, 0x0000, 0x0000,   // 0x03B0 (944) pixels
0x0000, 0x0000, 0x0000, 0x0000, 0x0000, 0x0000, 0x0000, 0x0000, 0x0000, 0x0000, 0x0000, 0x0000, 0x0000, 0x0000, 0x0000, 0x0000,   // 0x03C0 (960) pixels
0x0000, 0x0000, 0x0000, 0x0000, 0x0000, 0x0000, 0x0000, 0x0000, 0x0000, 0x0000, 0x0000, 0x0000, 0x0000, 0x0000, 0x0000, 0x0000,   // 0x03D0 (976) pixels
0x0000, 0x0000, 0x0000, 0x0000, 0x0000, 0x0000, 0x0000, 0x0000, 0x0000, 0x0000, 0x0000, 0x0000, 0x0000, 0x0000, 0x0000, 0x0000,   // 0x03E0 (992) pixels
0x0000, 0x0000, 0x0000, 0x0000, 0x0000, 0x0000, 0x0000, 0x0000, 0x0000, 0x0000, 0x0000, 0x0000, 0x0000, 0x0000, 0x0000, 0x0000,   // 0x03F0 (1008) pixels
0x0000, 0x0000, 0x0000, 0x0000, 0x0000, 0x0000, 0x0000, 0x0000, 0x0000, 0x0000, 0x0000, 0x0000, 0x0000, 0x0000, 0x0000, 0x0000,   // 0x0400 (1024) pixels
0x0000, 0x0000, 0x0000, 0x0000, 0x0000, 0x0000, 0x0000, 0x0000, 0x0000, 0x0000, 0x0000, 0x0000, 0x0000, 0x0000, 0x1000, 0x0800,   // 0x0410 (1040) pixels
0x0000, 0x0020, 0x0020, 0x0000, 0x0000, 0x0002, 0x0020, 0x0020, 0x0020, 0x0020, 0x0020, 0x0020, 0x0020, 0x0020, 0x0000, 0x0000,   // 0x0420 (1056) pixels
0x0000, 0x0000, 0x0000, 0x0000, 0x0000, 0x0001, 0x0000, 0x0000, 0x0000, 0x0000, 0x0000, 0x0000, 0x0000, 0x0000, 0x0000, 0x0000,   // 0x0430 (1072) pixels
0x0000, 0x0000, 0x0000, 0x0000, 0x0000, 0x0000, 0x0000, 0x0000, 0x0820, 0x0020, 0x0000, 0x0000, 0x0000, 0x0000, 0x0000, 0x0000,   // 0x0440 (1088) pixels
0x0000, 0x0000, 0x0000, 0x0000, 0x0000, 0x0000, 0x0000, 0x0000, 0x0000, 0x0000, 0x0000, 0x0000, 0x0000, 0x0000, 0x0000, 0x0000,   // 0x0450 (1104) pixels
0x0000, 0x0000, 0x0000, 0x0000, 0x0000, 0x0000, 0x0000, 0x0000, 0x0000, 0x0000, 0x0000, 0x0000, 0x0000, 0x0000, 0x0000, 0x0000,   // 0x0460 (1120) pixels
0x0000, 0x0000, 0x0000, 0x0000, 0x0000, 0x0000, 0x0000, 0x0000, 0x0000, 0x0000, 0x0000, 0x0000, 0x0000, 0x0000, 0x0000, 0x0000,   // 0x0470 (1136) pixels
0x0000, 0x0000, 0x0000, 0x0000, 0x0000, 0x0000, 0x0000, 0x0000, 0x0000, 0x0000, 0x0000, 0x0000, 0x0000, 0x0000, 0x0000, 0x0000,   // 0x0480 (1152) pixels
0x0000, 0x0000, 0x0000, 0x0000, 0x0000, 0x0000, 0x0000, 0x0000, 0x0000, 0x0000, 0x0000, 0x0000, 0x0000, 0x0000, 0x0000, 0x0000,   // 0x0490 (1168) pixels
0x0000, 0x0000, 0x0000, 0x0000, 0x0000, 0x0000, 0x0000, 0x0000, 0x0000, 0x0000, 0x0000, 0x0000, 0x0000, 0x0000, 0x0000, 0x0000,   // 0x04A0 (1184) pixels
0x0000, 0x0000, 0x0000, 0x0000, 0x0000, 0x0000, 0x0000, 0x0000, 0x0000, 0x0000, 0x0000, 0x0000, 0x0000, 0x0000, 0x0000, 0x0000,   // 0x04B0 (1200) pixels
0x0000, 0x0000, 0x0000, 0x0000, 0x0000, 0x0000, 0x0000, 0x0000, 0x0000, 0x0000, 0x0000, 0x0000, 0x0000, 0x0000, 0x0000, 0x0000,   // 0x04C0 (1216) pixels
0x0000, 0x0000, 0x0000, 0x0000, 0x0000, 0x0000, 0x0000, 0x0000, 0x0000, 0x0000, 0x0000, 0x0000, 0x1000, 0x0000, 0x0001, 0x0063,   // 0x04D0 (1232) pixels
0x00A6, 0x00A9, 0x00EC, 0x092F, 0x0993, 0x0994, 0x0994, 0x0994, 0x0154, 0x0134, 0x0114, 0x00F4, 0x00C9, 0x0087, 0x0044, 0x0001,   // 0x04E0 (1248) pixels
0x0000, 0x0000, 0x0000, 0x0001, 0x0000, 0x0000, 0x0000, 0x0000, 0x0000, 0x0000, 0x0000, 0x0000, 0x0000, 0x0000, 0x0000, 0x0000,   // 0x04F0 (1264) pixels
0x0000, 0x0000, 0x0000, 0x0000, 0x0000, 0x0000, 0x0000, 0x0020, 0x0020, 0x0000, 0x0000, 0x0000, 0x0000, 0x0000, 0x0000, 0x0000,   // 0x0500 (1280) pixels
0x0000, 0x0000, 0x0000, 0x0000, 0x0000, 0x0000, 0x0000, 0x0000, 0x0000, 0x0000, 0x0000, 0x0000, 0x0000, 0x0000, 0x0000, 0x0000,   // 0x0510 (1296) pixels
0x0000, 0x0000, 0x0000, 0x0000, 0x0000, 0x0000, 0x0000, 0x0000, 0x0000, 0x0000, 0x0000, 0x0000, 0x0000, 0x0000, 0x0000, 0x0000,   // 0x0520 (1312) pixels
0x0000, 0x0000, 0x0000, 0x0000, 0x0000, 0x0000, 0x0000, 0x0000, 0x0000, 0x0000, 0x0000, 0x0000, 0x0000, 0x0000, 0x0000, 0x0000,   // 0x0530 (1328) pixels
0x0000, 0x0000, 0x0000, 0x0000, 0x0000, 0x0000, 0x0000, 0x0000, 0x0000, 0x0000, 0x0000, 0x0000, 0x0000, 0x0000, 0x0000, 0x0000,   // 0x0540 (1344) pixels
0x0000, 0x0000, 0x0000, 0x0000, 0x0000, 0x0000, 0x0000, 0x0000, 0x0000, 0x0000, 0x0000, 0x0000, 0x0000, 0x0000, 0x0000, 0x0000,   // 0x0550 (1360) pixels
0x0000, 0x0000, 0x0000, 0x0000, 0x0000, 0x0000, 0x0000, 0x0000, 0x0000, 0x0000, 0x0000, 0x0000, 0x0000, 0x0000, 0x0000, 0x0000,   // 0x0560 (1376) pixels
0x0000, 0x0000, 0x0000, 0x0000, 0x0000, 0x0000, 0x0000, 0x0000, 0x0000, 0x0000, 0x0000, 0x0000, 0x0000, 0x0000, 0x0000, 0x0000,   // 0x0570 (1392) pixels
0x0000, 0x0000, 0x0000, 0x0000, 0x0000, 0x0000, 0x0000, 0x0000, 0x0000, 0x0000, 0x0000, 0x0000, 0x0000, 0x0000, 0x0000, 0x0000,   // 0x0580 (1408) pixels
0x0000, 0x0000, 0x0000, 0x0000, 0x0000, 0x0000, 0x0000, 0x0000, 0x0000, 0x0000, 0x0020, 0x0042, 0x010B, 0x0A56, 0x1B1C, 0x239E,   // 0x0590 (1424) pixels
0x341E, 0x449F, 0x54FF, 0x4CBE, 0x3C5D, 0x2BDC, 0x235B, 0x1B1B, 0x1B1B, 0x1B1B, 0x1B1B, 0x1297, 0x09B0, 0x00C8, 0x0022, 0x0000,   // 0x05A0 (1440) pixels
0x0000, 0x0800, 0x0000, 0x0000, 0x0000, 0x0000, 0x0000, 0x0000, 0x0000, 0x0000, 0x0000, 0x0000, 0x0000, 0x0000, 0x0000, 0x0000,   // 0x05B0 (1456) pixels
0x0000, 0x0000, 0x0000, 0x0000, 0x0000, 0x0020, 0x0841, 0x0020, 0x0000, 0x0000, 0x0000, 0x0000, 0x0000, 0x0000, 0x0000, 0x0000,   // 0x05C0 (1472) pixels
0x0000, 0x0000, 0x0000, 0x0000, 0x0000, 0x0000, 0x0000, 0x0000, 0x0000, 0x0000, 0x0000, 0x0000, 0x0000, 0x0000, 0x0000, 0x0000,   // 0x05D0 (1488) pixels
0x0000, 0x0000, 0x0000, 0x0000, 0x0000, 0x0000, 0x0000, 0x0000, 0x0000, 0x0000, 0x0000, 0x0000, 0x0000, 0x0000, 0x0000, 0x0000,   // 0x05E0 (1504) pixels
0x0000, 0x0000, 0x0000, 0x0000, 0x0000, 0x0000, 0x0000, 0x0000, 0x0000, 0x0000, 0x0000, 0x0000, 0x0000, 0x0000, 0x0000, 0x0000,   // 0x05F0 (1520) pixels
0x0000, 0x0000, 0x0000, 0x0000, 0x0000, 0x0000, 0x0000, 0x0000, 0x0000, 0x0000, 0x0000, 0x0000, 0x0000, 0x0000, 0x0000, 0x0000,   // 0x0600 (1536) pixels
0x0000, 0x0000, 0x0000, 0x0000, 0x0000, 0x0000, 0x0000, 0x0000, 0x0000, 0x0000, 0x0000, 0x0000, 0x0000, 0x0000, 0x0000, 0x0000,   // 0x0610 (1552) pixels
0x0000, 0x0000, 0x0000, 0x0000, 0x0000, 0x0000, 0x0000, 0x0000, 0x0000, 0x0000, 0x0000, 0x0000, 0x0000, 0x0000, 0x0000, 0x0000,   // 0x0620 (1568) pixels
0x0000, 0x0000, 0x0000, 0x0000, 0x0000, 0x0000, 0x0000, 0x0000, 0x0000, 0x0000, 0x0000, 0x0000, 0x0000, 0x0000, 0x0000, 0x0000,   // 0x0630 (1584) pixels
0x0000, 0x0000, 0x0000, 0x0000, 0x0000, 0x0000, 0x0000, 0x0000, 0x0000, 0x0000, 0x0000, 0x0000, 0x0000, 0x0000, 0x0000, 0x0000,   // 0x0640 (1600) pixels
0x0800, 0x0000, 0x0000, 0x0000, 0x0800, 0x0000, 0x0000, 0x0086, 0x01CF, 0x33F8, 0x553D, 0x6D9F, 0x85BF, 0x963E, 0xA71E, 0xAFBE,   // 0x0650 (1616) pixels
0xBF7F, 0xBF9F, 0xBF9F, 0xB77F, 0xB73F, 0xAEFF, 0x9E7E, 0x8DDD, 0x753F, 0x651D, 0x3C7A, 0x1BB8, 0x0294, 0x014C, 0x0064, 0x1800,   // 0x0660 (1632) pixels
0x0020, 0x0000, 0x0802, 0x0801, 0x0000, 0x0020, 0x0020, 0x0000, 0x0000, 0x0000, 0x0000, 0x0000, 0x0000, 0x0000, 0x0000, 0x0000,   // 0x0670 (1648) pixels
0x0000, 0x0000, 0x0000, 0x0000, 0x0020, 0x0841, 0x0820, 0x0000, 0x0000, 0x0000, 0x0000, 0x0000, 0x0000, 0x0000, 0x0000, 0x0000,   // 0x0680 (1664) pixels
0x0000, 0x0000, 0x0000, 0x0000, 0x0000, 0x0000, 0x0000, 0x0000, 0x0000, 0x0000, 0x0000, 0x0000, 0x0000, 0x0000, 0x0000, 0x0000,   // 0x0690 (1680) pixels
0x0000, 0x0000, 0x0000, 0x0000, 0x0000, 0x0000, 0x0000, 0x0000, 0x0000, 0x0000, 0x0000, 0x0000, 0x0000, 0x0000, 0x0000, 0x0000,   // 0x06A0 (1696) pixels
0x0000, 0x0000, 0x0000, 0x0000, 0x0000, 0x0000, 0x0000, 0x0000, 0x0000, 0x0000, 0x0000, 0x0000, 0x0000, 0x0000, 0x0000, 0x0000,   // 0x06B0 (1712) pixels
0x0000, 0x0000, 0x0000, 0x0000, 0x0000, 0x0000, 0x0000, 0x0000, 0x0000, 0x0000, 0x0000, 0x0000, 0x0000, 0x0000, 0x0000, 0x0000,   // 0x06C0 (1728) pixels
0x0000, 0x0000, 0x0000, 0x0000, 0x0000, 0x0000, 0x0000, 0x0000, 0x0000, 0x0000, 0x0000, 0x0000, 0x0000, 0x0000, 0x0000, 0x0000,   // 0x06D0 (1744) pixels
0x0000, 0x0000, 0x0000, 0x0000, 0x0000, 0x0000, 0x0000, 0x0000, 0x0000, 0x0000, 0x0000, 0x0000, 0x0000, 0x0000, 0x0000, 0x0000,   // 0x06E0 (1760) pixels
0x0000, 0x0000, 0x0000, 0x0000, 0x0000, 0x0000, 0x0000, 0x0000, 0x0000, 0x0000, 0x0000, 0x0000, 0x0000, 0x0000, 0x0000, 0x0000,   // 0x06F0 (1776) pixels
0x0000, 0x0000, 0x0000, 0x0000, 0x0000, 0x0000, 0x0000, 0x0000, 0x0000, 0x0000, 0x0000, 0x0000, 0x0000, 0x0000, 0x0000, 0x0000,   // 0x0700 (1792) pixels
0x0000, 0x0000, 0x0000, 0x0062, 0x01CA, 0x1373, 0x5D7A, 0x8EBF, 0xB71F, 0xC73F, 0xD75F, 0xD77F, 0xD7BF, 0xD7DF, 0xC7DF, 0xC7BF,   // 0x0710 (1808) pixels
0xC7BF, 0xC7BF, 0xC7BF, 0xC7DF, 0xC7BF, 0xC7BF, 0xCF7F, 0xB75F, 0x7E9F, 0x4DBE, 0x1C7A, 0x02D4, 0x018D, 0x00A8, 0x0000, 0x0000,   // 0x0720 (1824) pixels
0x0000, 0x0000, 0x0000, 0x0020, 0x0000, 0x0000, 0x0000, 0x0000, 0x0000, 0x0000, 0x0000, 0x0000, 0x0000, 0x0000, 0x0000, 0x0000,   // 0x0730 (1840) pixels
0x0000, 0x0000, 0x0000, 0x0841, 0x0821, 0x0000, 0x0000, 0x0000, 0x0000, 0x0000, 0x0000, 0x0000, 0x0000, 0x0000, 0x0000, 0x0000,   // 0x0740 (1856) pixels
0x0000, 0x0000, 0x0000, 0x0000, 0x0000, 0x0000, 0x0000, 0x0000, 0x0000, 0x0000, 0x0000, 0x0000, 0x0000, 0x0000, 0x0000, 0x0000,   // 0x0750 (1872) pixels
0x0000, 0x0000, 0x0000, 0x0000, 0x0000, 0x0000, 0x0000, 0x0000, 0x0000, 0x0000, 0x0000, 0x0000, 0x0000, 0x0000, 0x0000, 0x0000,   // 0x0760 (1888) pixels
0x0000, 0x0000, 0x0000, 0x0000, 0x0000, 0x0000, 0x0000, 0x0000, 0x0000, 0x0000, 0x0000, 0x0000, 0x0000, 0x0000, 0x0000, 0x0000,   // 0x0770 (1904) pixels
0x0000, 0x0000, 0x0000, 0x0000, 0x0000, 0x0000, 0x0000, 0x0000, 0x0000, 0x0000, 0x0000, 0x0000, 0x0000, 0x0000, 0x0000, 0x0000,   // 0x0780 (1920) pixels
0x0000, 0x0000, 0x0000, 0x0000, 0x0000, 0x0000, 0x0000, 0x0000, 0x0000, 0x0000, 0x0000, 0x0000, 0x0000, 0x0000, 0x0000, 0x0000,   // 0x0790 (1936) pixels
0x0000, 0x0000, 0x0000, 0x0000, 0x0000, 0x0000, 0x0000, 0x0000, 0x0000, 0x0000, 0x0000, 0x0000, 0x0000, 0x0000, 0x0000, 0x0000,   // 0x07A0 (1952) pixels
0x0000, 0x0000, 0x0000, 0x0000, 0x0000, 0x0000, 0x0000, 0x0000, 0x0000, 0x0000, 0x0000, 0x0000, 0x0000, 0x0000, 0x0000, 0x0000,   // 0x07B0 (1968) pixels
0x0000, 0x0000, 0x0000, 0x0000, 0x0000, 0x0000, 0x0000, 0x0000, 0x0000, 0x0000, 0x0000, 0x0000, 0x0020, 0x0001, 0x0800, 0x0000,   // 0x07C0 (1984) pixels
0x0062, 0x020D, 0x1479, 0x369F, 0x7F5E, 0xB7FF, 0xDFFF, 0xEFFF, 0xDFDE, 0xC79E, 0xB79F, 0xB7BF, 0xAFBE, 0xAF9E, 0xAF7E, 0xAF7E,   // 0x07D0 (2000) pixels
0xAF7F, 0xAF7F, 0xB7BF, 0xB7DF, 0xCFDE, 0xBFFF, 0x8FBF, 0x573F, 0x1DFE, 0x045A, 0x02D5, 0x0170, 0x0084, 0x0021, 0x0000, 0x0000,   // 0x07E0 (2016) pixels
0x0021, 0x0001, 0x0000, 0x0000, 0x0000, 0x0000, 0x0000, 0x0000, 0x0000, 0x0000, 0x0000, 0x0000, 0x0000, 0x0000, 0x0000, 0x0000,   // 0x07F0 (2032) pixels
0x0000, 0x0000, 0x0821, 0x0841, 0x0000, 0x0000, 0x0000, 0x0000, 0x0000, 0x0000, 0x0000, 0x0000, 0x0000, 0x0000, 0x0000, 0x0000,   // 0x0800 (2048) pixels
0x0000, 0x0000, 0x0000, 0x0000, 0x0000, 0x0000, 0x0000, 0x0000, 0x0000, 0x0000, 0x0000, 0x0000, 0x0000, 0x0000, 0x0000, 0x0000,   // 0x0810 (2064) pixels
0x0000, 0x0000, 0x0000, 0x0000, 0x0000, 0x0000, 0x0000, 0x0000, 0x0000, 0x0000, 0x0000, 0x0000, 0x0000, 0x0000, 0x0000, 0x0000,   // 0x0820 (2080) pixels
0x0000, 0x0000, 0x0000, 0x0000, 0x0000, 0x0000, 0x0000, 0x0000, 0x0000, 0x0000, 0x0000, 0x0000, 0x0000, 0x0000, 0x0000, 0x0000,   // 0x0830 (2096) pixels
0x0000, 0x0000, 0x0000, 0x0000, 0x0000, 0x0000, 0x0000, 0x0000, 0x0000, 0x0000, 0x0000, 0x0000, 0x0000, 0x0000, 0x0000, 0x0000,   // 0x0840 (2112) pixels
0x0000, 0x0000, 0x0000, 0x0000, 0x0000, 0x0000, 0x0000, 0x0000, 0x0000, 0x0000, 0x0000, 0x0000, 0x0000, 0x0000, 0x0000, 0x0000,   // 0x0850 (2128) pixels
0x0000, 0x0000, 0x0000, 0x0000, 0x0000, 0x0000, 0x0000, 0x0000, 0x0000, 0x0000, 0x0000, 0x0000, 0x0000, 0x0000, 0x0000, 0x0000,   // 0x0860 (2144) pixels
0x0000, 0x0000, 0x0000, 0x0000, 0x0000, 0x0000, 0x0000, 0x0000, 0x0000, 0x0000, 0x0000, 0x0000, 0x0000, 0x0000, 0x0000, 0x0000,   // 0x0870 (2160) pixels
0x0000, 0x0000, 0x0000, 0x0000, 0x0000, 0x0000, 0x0000, 0x0000, 0x0000, 0x0000, 0x0020, 0x0000, 0x0800, 0x0001, 0x016B, 0x1BF8,   // 0x0880 (2176) pixels
0x4E5F, 0x5F9F, 0x97FF, 0xA7FF, 0xB7FF, 0xB7FF, 0x9FBF, 0x7F1E, 0x66FF, 0x66FF, 0x571E, 0x56FE, 0x4EDE, 0x4EDF, 0x4EDE, 0x56FE,   // 0x0890 (2192) pixels
0x5F5F, 0x6FDF, 0x979F, 0x8FFF, 0x6FFF, 0x47FF, 0x1F5F, 0x0DFD, 0x0C3A, 0x02B6, 0x014C, 0x0086, 0x0001, 0x0000, 0x0000, 0x0000,   // 0x08A0 (2208) pixels
0x0000, 0x0000, 0x0000, 0x0000, 0x0000, 0x0000, 0x0000, 0x0000, 0x0000, 0x0000, 0x0000, 0x0000, 0x0000, 0x0000, 0x0000, 0x0000,   // 0x08B0 (2224) pixels
0x0820, 0x1061, 0x0000, 0x0000, 0x0000, 0x0000, 0x0000, 0x0000, 0x0000, 0x0000, 0x0000, 0x0000, 0x0000, 0x0000, 0x0000, 0x0000,   // 0x08C0 (2240) pixels
0x0000, 0x0000, 0x0000, 0x0000, 0x0000, 0x0000, 0x0000, 0x0000, 0x0000, 0x0000, 0x0000, 0x0000, 0x0000, 0x0000, 0x0000, 0x0000,   // 0x08D0 (2256) pixels
0x0000, 0x0000, 0x0000, 0x0000, 0x0000, 0x0000, 0x0000, 0x0000, 0x0000, 0x0000, 0x0000, 0x0000, 0x0000, 0x0000, 0x0000, 0x0000,   // 0x08E0 (2272) pixels
0x0000, 0x0000, 0x0000, 0x0000, 0x0000, 0x0000, 0x0000, 0x0000, 0x0000, 0x0000, 0x0000, 0x0000, 0x0000, 0x0000, 0x0000, 0x0000,   // 0x08F0 (2288) pixels
0x0000, 0x0000, 0x0000, 0x0000, 0x0000, 0x0000, 0x0000, 0x0000, 0x0000, 0x0000, 0x0000, 0x0000, 0x0000, 0x0000, 0x0000, 0x0000,   // 0x0900 (2304) pixels
0x0000, 0x0000, 0x0000, 0x0000, 0x0000, 0x0000, 0x0000, 0x0000, 0x0000, 0x0000, 0x0000, 0x0000, 0x0000, 0x0000, 0x0000, 0x0000,   // 0x0910 (2320) pixels
0x0000, 0x0000, 0x0000, 0x0000, 0x0000, 0x0000, 0x0000, 0x0000, 0x0000, 0x0000, 0x0000, 0x0000, 0x0000, 0x0000, 0x0000, 0x0000,   // 0x0920 (2336) pixels
0x0000, 0x0000, 0x0000, 0x0000, 0x0000, 0x0000, 0x0000, 0x0000, 0x0000, 0x0000, 0x0000, 0x0000, 0x0000, 0x0000, 0x0000, 0x0000,   // 0x0930 (2352) pixels
0x0000, 0x0000, 0x0000, 0x0000, 0x0000, 0x0000, 0x0000, 0x0000, 0x0000, 0x0000, 0x0022, 0x00EB, 0x12D5, 0x557E, 0x8F5F, 0x9FBF,   // 0x0940 (2368) pixels
0x9FFF, 0x7F7E, 0x66DE, 0x4E5E, 0x357C, 0x1CBA, 0x0C79, 0x0C9A, 0x1CFC, 0x1CDC, 0x14BC, 0x149B, 0x149B, 0x1CBB, 0x253C, 0x35DE,   // 0x0950 (2384) pixels
0x461D, 0x46BE, 0x3F5F, 0x2FDF, 0x1FDE, 0x16FD, 0x159C, 0x0419, 0x0AB7, 0x01AF, 0x0065, 0x0000, 0x0800, 0x0000, 0x0000, 0x0020,   // 0x0960 (2400) pixels
0x0000, 0x0000, 0x0000, 0x0000, 0x0000, 0x0000, 0x0000, 0x0000, 0x0000, 0x0000, 0x0000, 0x0000, 0x0000, 0x0000, 0x0000, 0x0841,   // 0x0970 (2416) pixels
0x0841, 0x0000, 0x0000, 0x0000, 0x0000, 0x0000, 0x0000, 0x0000, 0x0000, 0x0000, 0x0000, 0x0000, 0x0000, 0x0000, 0x0000, 0x0000,   // 0x0980 (2432) pixels
0x0000, 0x0000, 0x0000, 0x0000, 0x0000, 0x0000, 0x0000, 0x0000, 0x0000, 0x0000, 0x0000, 0x0000, 0x0000, 0x0000, 0x0000, 0x0000,   // 0x0990 (2448) pixels
0x0000, 0x0000, 0x0000, 0x0000, 0x0000, 0x0000, 0x0000, 0x0000, 0x0000, 0x0000, 0x0000, 0x0000, 0x0000, 0x0000, 0x0000, 0x0000,   // 0x09A0 (2464) pixels
0x0000, 0x0000, 0x0000, 0x0000, 0x0000, 0x0000, 0x0000, 0x0000, 0x0000, 0x0000, 0x0000, 0x0000, 0x0000, 0x0000, 0x0000, 0x0000,   // 0x09B0 (2480) pixels
0x0000, 0x0000, 0x0000, 0x0000, 0x0000, 0x0000, 0x0000, 0x0000, 0x0000, 0x0000, 0x0000, 0x0000, 0x0000, 0x0000, 0x0000, 0x0000,   // 0x09C0 (2496) pixels
0x0000, 0x0000, 0x0000, 0x0000, 0x0000, 0x0000, 0x0000, 0x0000, 0x0000, 0x0000, 0x0000, 0x0000, 0x0000, 0x0000, 0x0000, 0x0000,   // 0x09D0 (2512) pixels
0x0000, 0x0000, 0x0000, 0x0000, 0x0000, 0x0000, 0x0000, 0x0000, 0x0000, 0x0000, 0x0000, 0x0000, 0x0000, 0x0000, 0x0000, 0x0000,   // 0x09E0 (2528) pixels
0x0000, 0x0000, 0x0000, 0x0000, 0x0000, 0x0000, 0x0000, 0x0000, 0x0000, 0x0000, 0x0000, 0x0000, 0x0000, 0x0000, 0x0000, 0x0000,   // 0x09F0 (2544) pixels
0x0000, 0x0000, 0x0000, 0x0000, 0x0000, 0x0000, 0x1000, 0x0000, 0x0087, 0x0213, 0x23FB, 0x6E3F, 0xB7BF, 0xCFFE, 0x9FFF, 0x669C,   // 0x0A00 (2560) pixels
0x357B, 0x149B, 0x0B9A, 0x0AF8, 0x0AD6, 0x1316, 0x1AD8, 0x12B8, 0x1298, 0x1297, 0x0A77, 0x1296, 0x1AD7, 0x2318, 0x13F9, 0x24BA,   // 0x0A10 (2576) pixels
0x25BC, 0x2F1E, 0x2FFF, 0x27DF, 0x1EBF, 0x057E, 0x041D, 0x02D5, 0x010A, 0x0003, 0x0800, 0x0000, 0x0000, 0x0020, 0x0000, 0x0000,   // 0x0A20 (2592) pixels
0x0000, 0x0000, 0x0000, 0x0000, 0x0000, 0x0000, 0x0000, 0x0000, 0x0000, 0x0000, 0x0000, 0x0000, 0x0000, 0x0000, 0x0861, 0x0020,   // 0x0A30 (2608) pixels
0x0000, 0x0000, 0x0000, 0x0000, 0x0000, 0x0000, 0x0000, 0x0000, 0x0000, 0x0000, 0x0000, 0x0000, 0x0000, 0x0000, 0x0000, 0x0000,   // 0x0A40 (2624) pixels
0x0000, 0x0000, 0x0000, 0x0000, 0x0000, 0x0000, 0x0000, 0x0000, 0x0000, 0x0000, 0x0000, 0x0000, 0x0000, 0x0000, 0x0000, 0x0000,   // 0x0A50 (2640) pixels
0x0000, 0x0000, 0x0000, 0x0000, 0x0000, 0x0000, 0x0000, 0x0000, 0x0000, 0x0000, 0x0000, 0x0000, 0x0000, 0x0000, 0x0000, 0x0000,   // 0x0A60 (2656) pixels
0x0000, 0x0000, 0x0000, 0x0000, 0x0000, 0x0000, 0x0000, 0x0000, 0x0000, 0x0000, 0x0000, 0x0000, 0x0000, 0x0000, 0x0000, 0x0000,   // 0x0A70 (2672) pixels
0x0000, 0x0000, 0x0000, 0x0000, 0x0000, 0x0000, 0x0000, 0x0000, 0x0000, 0x0000, 0x0000, 0x0000, 0x0000, 0x0000, 0x0000, 0x0000,   // 0x0A80 (2688) pixels
0x0000, 0x0000, 0x0000, 0x0000, 0x0000, 0x0000, 0x0000, 0x0000, 0x0000, 0x0000, 0x0000, 0x0000, 0x0000, 0x0000, 0x0000, 0x0000,   // 0x0A90 (2704) pixels
0x0000, 0x0000, 0x0000, 0x0000, 0x0000, 0x0000, 0x0000, 0x0000, 0x0000, 0x0000, 0x0000, 0x0000, 0x0000, 0x0000, 0x0000, 0x0000,   // 0x0AA0 (2720) pixels
0x0000, 0x0000, 0x0000, 0x0000, 0x0000, 0x0000, 0x0000, 0x0000, 0x0000, 0x0000, 0x0000, 0x0000, 0x0000, 0x0000, 0x0000, 0x0000,   // 0x0AB0 (2736) pixels
0x0000, 0x0000, 0x0000, 0x0000, 0x0000, 0x0065, 0x01CF, 0x0358, 0x2CBD, 0x6E9F, 0xA7DF, 0xAFBD, 0x6E9F, 0x34DA, 0x1BB8, 0x1338,   // 0x0AC0 (2752) pixels
0x1AD9, 0x22D9, 0x22B7, 0x1A96, 0x0A76, 0x0A96, 0x12B7, 0x0AB6, 0x0AB6, 0x12B7, 0x12B7, 0x0AB7, 0x0AB6, 0x12F8, 0x13B9, 0x255C,   // 0x0AD0 (2768) pixels
0x2EDE, 0x2F7F, 0x273F, 0x167F, 0x0D3C, 0x0BD8, 0x01F0, 0x00A9, 0x0045, 0x0022, 0x0000, 0x0000, 0x0000, 0x0000, 0x0000, 0x0000,   // 0x0AE0 (2784) pixels
0x0000, 0x0000, 0x0000, 0x0000, 0x0000, 0x0000, 0x0000, 0x0000, 0x0000, 0x0000, 0x0000, 0x0000, 0x0020, 0x0020, 0x0020, 0x0000,   // 0x0AF0 (2800) pixels
0x0000, 0x0000, 0x0000, 0x0000, 0x0000, 0x0000, 0x0000, 0x0000, 0x0000, 0x0000, 0x0000, 0x0000, 0x0000, 0x0000, 0x0000, 0x0000,   // 0x0B00 (2816) pixels
0x0000, 0x0000, 0x0000, 0x0000, 0x0000, 0x0000, 0x0000, 0x0000, 0x0000, 0x0000, 0x0000, 0x0000, 0x0000, 0x0000, 0x0000, 0x0000,   // 0x0B10 (2832) pixels
0x0000, 0x0000, 0x0000, 0x0000, 0x0000, 0x0000, 0x0000, 0x0000, 0x0000, 0x0000, 0x0000, 0x0000, 0x0000, 0x0000, 0x0000, 0x0000,   // 0x0B20 (2848) pixels
0x0000, 0x0000, 0x0000, 0x0000, 0x0000, 0x0000, 0x0000, 0x0000, 0x0000, 0x0000, 0x0000, 0x0000, 0x0000, 0x0000, 0x0000, 0x0000,   // 0x0B30 (2864) pixels
0x0000, 0x0000, 0x0000, 0x0000, 0x0000, 0x0000, 0x0000, 0x0000, 0x0000, 0x0000, 0x0000, 0x0000, 0x0000, 0x0000, 0x0000, 0x0000,   // 0x0B40 (2880) pixels
0x0000, 0x0000, 0x0000, 0x0000, 0x0000, 0x0000, 0x0000, 0x0000, 0x0000, 0x0000, 0x0000, 0x0000, 0x0000, 0x0000, 0x0000, 0x0000,   // 0x0B50 (2896) pixels
0x0000, 0x0000, 0x0000, 0x0000, 0x0000, 0x0000, 0x0000, 0x0000, 0x0000, 0x0000, 0x0000, 0x0000, 0x0000, 0x0000, 0x0000, 0x0000,   // 0x0B60 (2912) pixels
0x0000, 0x0000, 0x0000, 0x0000, 0x0000, 0x0000, 0x0000, 0x0000, 0x0000, 0x0000, 0x0000, 0x0000, 0x0000, 0x0000, 0x0000, 0x0000,   // 0x0B70 (2928) pixels
0x0000, 0x0000, 0x0000, 0x098C, 0x23B9, 0x2CFE, 0x45FF, 0x7F7F, 0x8FDF, 0x6EDB, 0x249C, 0x0B17, 0x1276, 0x2276, 0x1A76, 0x12B7,   // 0x0B80 (2944) pixels
0x0A76, 0x0A76, 0x1276, 0x1A96, 0x1A76, 0x1275, 0x1276, 0x1A96, 0x1A77, 0x1257, 0x1278, 0x1238, 0x0A58, 0x13B9, 0x259B, 0x36FD,   // 0x0B90 (2960) pixels
0x3F9F, 0x3F7F, 0x36DE, 0x2D7C, 0x1B78, 0x09D1, 0x090B, 0x0085, 0x0001, 0x0800, 0x0000, 0x0000, 0x0000, 0x0000, 0x0000, 0x0000,   // 0x0BA0 (2976) pixels
0x0000, 0x0000, 0x0000, 0x0000, 0x0000, 0x0000, 0x0000, 0x0000, 0x0000, 0x0000, 0x0000, 0x0020, 0x0841, 0x0020, 0x0000, 0x0000,   // 0x0BB0 (2992) pixels
0x0000, 0x0000, 0x0000, 0x0000, 0x0000, 0x0000, 0x0000, 0x0000, 0x0000, 0x0000, 0x0000, 0x0000, 0x0000, 0x0000, 0x0000, 0x0000,   // 0x0BC0 (3008) pixels
0x0000, 0x0000, 0x0000, 0x0000, 0x0000, 0x0000, 0x0000, 0x0000, 0x0000, 0x0000, 0x0000, 0x0000, 0x0000, 0x0000, 0x0000, 0x0000,   // 0x0BD0 (3024) pixels
0x0000, 0x0000, 0x0000, 0x0000, 0x0000, 0x0000, 0x0000, 0x0000, 0x0000, 0x0000, 0x0000, 0x0000, 0x0000, 0x0000, 0x0000, 0x0000,   // 0x0BE0 (3040) pixels
0x0000, 0x0000, 0x0000, 0x0000, 0x0000, 0x0000, 0x0000, 0x0000, 0x0000, 0x0000, 0x0000, 0x0000, 0x0000, 0x0000, 0x0000, 0x0000,   // 0x0BF0 (3056) pixels
0x0000, 0x0000, 0x0000, 0x0000, 0x0000, 0x0000, 0x0000, 0x0000, 0x0000, 0x0000, 0x0000, 0x0000, 0x0000, 0x0000, 0x0000, 0x0000,   // 0x0C00 (3072) pixels
0x0000, 0x0000, 0x0000, 0x0000, 0x0000, 0x0000, 0x0000, 0x0000, 0x0000, 0x0000, 0x0000, 0x0000, 0x0000, 0x0000, 0x0000, 0x0000,   // 0x0C10 (3088) pixels
0x0000, 0x0000, 0x0000, 0x0000, 0x0000, 0x0000, 0x0000, 0x0000, 0x0000, 0x0000, 0x0000, 0x0000, 0x0000, 0x0000, 0x0000, 0x0000,   // 0x0C20 (3104) pixels
0x0000, 0x0000, 0x0000, 0x0020, 0x0040, 0x0020, 0x0001, 0x0002, 0x0020, 0x0020, 0x0000, 0x0000, 0x0020, 0x0020, 0x0000, 0x0021,   // 0x0C30 (3120) pixels
0x10CC, 0x3352, 0x5D98, 0x7E5A, 0x8F7F, 0x6F9F, 0x4E3F, 0x345B, 0x1AD8, 0x1297, 0x1297, 0x1298, 0x1A56, 0x1A34, 0x21D1, 0x196E,   // 0x0C40 (3136) pixels
0x194E, 0x196E, 0x198E, 0x198F, 0x11B0, 0x19F1, 0x1A13, 0x1A54, 0x0AB5, 0x1296, 0x1277, 0x02B9, 0x0BBB, 0x459E, 0x7F1F, 0xA79D,   // 0x0C50 (3152) pixels
0xB71E, 0x8EFD, 0x45FA, 0x24DA, 0x0A50, 0x0003, 0x0000, 0x0001, 0x0000, 0x0000, 0x0000, 0x0000, 0x0000, 0x0000, 0x0000, 0x0000,   // 0x0C60 (3168) pixels
0x0000, 0x0000, 0x0000, 0x0000, 0x0000, 0x0000, 0x0000, 0x0000, 0x0000, 0x0000, 0x0821, 0x0821, 0x0000, 0x0000, 0x0000, 0x0000,   // 0x0C70 (3184) pixels
0x0000, 0x0000, 0x0000, 0x0000, 0x0000, 0x0000, 0x0000, 0x0000, 0x0000, 0x0000, 0x0000, 0x0000, 0x0000, 0x0000, 0x0000, 0x0000,   // 0x0C80 (3200) pixels
0x0000, 0x0000, 0x0000, 0x0000, 0x0000, 0x0000, 0x0000, 0x0000, 0x0000, 0x0000, 0x0000, 0x0000, 0x0000, 0x0000, 0x0000, 0x0000,   // 0x0C90 (3216) pixels
0x0000, 0x0000, 0x0000, 0x0000, 0x0000, 0x0000, 0x0000, 0x0000, 0x0000, 0x0000, 0x0000, 0x0000, 0x0000, 0x0000, 0x0000, 0x0000,   // 0x0CA0 (3232) pixels
0x0000, 0x0000, 0x0000, 0x0000, 0x0000, 0x0000, 0x0000, 0x0000, 0x0000, 0x0000, 0x0000, 0x0000, 0x0000, 0x0000, 0x0000, 0x0000,   // 0x0CB0 (3248) pixels
0x0000, 0x0000, 0x0000, 0x0000, 0x0000, 0x0000, 0x0000, 0x0000, 0x0000, 0x0000, 0x0000, 0x0000, 0x0000, 0x0000, 0x0000, 0x0000,   // 0x0CC0 (3264) pixels
0x0000, 0x0000, 0x0000, 0x0000, 0x0000, 0x0000, 0x0000, 0x0000, 0x0000, 0x0000, 0x0000, 0x0000, 0x0000, 0x0000, 0x0000, 0x0000,   // 0x0CD0 (3280) pixels
0x0000, 0x0000, 0x0000, 0x0000, 0x0000, 0x0000, 0x0000, 0x0000, 0x0000, 0x0000, 0x0000, 0x0000, 0x0000, 0x0000, 0x0000, 0x0000,   // 0x0CE0 (3296) pixels
0x0000, 0x0000, 0x0000, 0x0000, 0x0000, 0x0800, 0x0000, 0x0000, 0x0800, 0x0800, 0x0000, 0x0000, 0x0043, 0x08E7, 0x198F, 0x4C77,   // 0x0CF0 (3312) pixels
0x8EFD, 0xAFBF, 0xAFFF, 0x5E9D, 0x1C79, 0x02D7, 0x12D7, 0x0A96, 0x1296, 0x1A96, 0x1233, 0x118F, 0x112C, 0x10EB, 0x18EB, 0x18EB,   // 0x0D00 (3328) pixels
0x110B, 0x110B, 0x110C, 0x112D, 0x112E, 0x114E, 0x11B1, 0x2234, 0x1A96, 0x0A97, 0x02D8, 0x3C5B, 0x96BF, 0xD7FF, 0xDFFF, 0xBFFF,   // 0x0D10 (3344) pixels
0x773F, 0x45DD, 0x12F2, 0x0043, 0x0000, 0x0000, 0x0000, 0x0000, 0x0000, 0x0000, 0x0000, 0x0000, 0x0000, 0x0000, 0x0000, 0x0000,   // 0x0D20 (3360) pixels
0x0000, 0x0000, 0x0000, 0x0000, 0x0000, 0x0000, 0x0000, 0x0000, 0x0020, 0x0820, 0x0000, 0x0000, 0x0000, 0x0000, 0x0000, 0x0000,   // 0x0D30 (3376) pixels
0x0000, 0x0000, 0x0000, 0x0000, 0x0000, 0x0000, 0x0000, 0x0000, 0x0000, 0x0000, 0x0000, 0x0000, 0x0000, 0x0000, 0x0000, 0x0000,   // 0x0D40 (3392) pixels
0x0000, 0x0000, 0x0000, 0x0000, 0x0000, 0x0000, 0x0000, 0x0000, 0x0000, 0x0000, 0x0000, 0x0000, 0x0000, 0x0000, 0x0000, 0x0000,   // 0x0D50 (3408) pixels
0x0000, 0x0000, 0x0000, 0x0000, 0x0000, 0x0000, 0x0000, 0x0000, 0x0000, 0x0000, 0x0000, 0x0000, 0x0000, 0x0000, 0x0000, 0x0000,   // 0x0D60 (3424) pixels
0x0000, 0x0000, 0x0000, 0x0000, 0x0000, 0x0000, 0x0000, 0x0000, 0x0000, 0x0000, 0x0000, 0x0000, 0x0000, 0x0000, 0x0000, 0x0000,   // 0x0D70 (3440) pixels
0x0000, 0x0000, 0x0000, 0x0000, 0x0000, 0x0000, 0x0000, 0x0000, 0x0000, 0x0000, 0x0000, 0x0000, 0x0000, 0x0000, 0x0000, 0x0000,   // 0x0D80 (3456) pixels
0x0000, 0x0000, 0x0000, 0x0000, 0x0000, 0x0000, 0x0000, 0x0000, 0x0000, 0x0000, 0x0000, 0x0000, 0x0000, 0x0000, 0x0000, 0x0000,   // 0x0D90 (3472) pixels
0x0000, 0x0000, 0x0000, 0x0000, 0x0000, 0x0000, 0x0000, 0x0000, 0x0001, 0x0001, 0x0001, 0x0000, 0x0800, 0x0000, 0x0000, 0x0021,   // 0x0DA0 (3488) pixels
0x0022, 0x0022, 0x0020, 0x0020, 0x0000, 0x0000, 0x0800, 0x0800, 0x0000, 0x0024, 0x00C9, 0x198E, 0x2AB4, 0x655B, 0x9F9F, 0xBFFF,   // 0x0DB0 (3504) pixels
0xAFDF, 0x4D7A, 0x0336, 0x0A98, 0x0AB7, 0x0A96, 0x1295, 0x1232, 0x098F, 0x110B, 0x18EA, 0x20E9, 0x20C9, 0x18C9, 0x18C9, 0x18C8,   // 0x0DC0 (3520) pixels
0x18C9, 0x18C9, 0x18C9, 0x10A9, 0x18CC, 0x194E, 0x1A54, 0x12B7, 0x0A77, 0x2338, 0x7D9D, 0xC7DF, 0xDFFF, 0xBFFF, 0x7F1F, 0x459D,   // 0x0DD0 (3536) pixels
0x0AB1, 0x0022, 0x0000, 0x0000, 0x0000, 0x0000, 0x0000, 0x0000, 0x0000, 0x0000, 0x0000, 0x0000, 0x0000, 0x0000, 0x0000, 0x0000,   // 0x0DE0 (3552) pixels
0x0000, 0x0000, 0x0000, 0x0000, 0x0000, 0x0000, 0x0000, 0x0020, 0x0820, 0x0000, 0x0000, 0x0000, 0x0000, 0x0000, 0x0000, 0x0000,   // 0x0DF0 (3568) pixels
0x0000, 0x0000, 0x0000, 0x0000, 0x0000, 0x0000, 0x0000, 0x0000, 0x0000, 0x0000, 0x0000, 0x0000, 0x0000, 0x0000, 0x0000, 0x0000,   // 0x0E00 (3584) pixels
0x0000, 0x0000, 0x0000, 0x0000, 0x0000, 0x0000, 0x0000, 0x0000, 0x0000, 0x0000, 0x0000, 0x0000, 0x0000, 0x0000, 0x0000, 0x0000,   // 0x0E10 (3600) pixels
0x0000, 0x0000, 0x0000, 0x0000, 0x0000, 0x0000, 0x0000, 0x0000, 0x0000, 0x0000, 0x0000, 0x0000, 0x0000, 0x0000, 0x0000, 0x0000,   // 0x0E20 (3616) pixels
0x0000, 0x0000, 0x0000, 0x0000, 0x0000, 0x0000, 0x0000, 0x0000, 0x0000, 0x0000, 0x0000, 0x0000, 0x0000, 0x0000, 0x0000, 0x0000,   // 0x0E30 (3632) pixels
0x0000, 0x0000, 0x0000, 0x0000, 0x0000, 0x0000, 0x0000, 0x0000, 0x0000, 0x0000, 0x0000, 0x0000, 0x0000, 0x0000, 0x0000, 0x0000,   // 0x0E40 (3648) pixels
0x0000, 0x0000, 0x0000, 0x0000, 0x0000, 0x0000, 0x0000, 0x0000, 0x0000, 0x0000, 0x0000, 0x0000, 0x0000, 0x0020, 0x0020, 0x0000,   // 0x0E50 (3664) pixels
0x0000, 0x0000, 0x0000, 0x0000, 0x0000, 0x0000, 0x0001, 0x0000, 0x0000, 0x0000, 0x0800, 0x0001, 0x00A5, 0x098A, 0x126F, 0x1AD0,   // 0x0E60 (3680) pixels
0x12CE, 0x0A6C, 0x0126, 0x0063, 0x0002, 0x0022, 0x00E7, 0x014C, 0x0170, 0x09D4, 0x2397, 0x55BC, 0x877F, 0x9FFF, 0x8F7E, 0x34B8,   // 0x0E70 (3696) pixels
0x0295, 0x1A59, 0x0256, 0x1296, 0x1A74, 0x098F, 0x00CB, 0x10EA, 0x210A, 0x20C8, 0x20C9, 0x20C9, 0x20C8, 0x20C8, 0x20E8, 0x20C8,   // 0x0E80 (3712) pixels
0x20C8, 0x20A8, 0x0868, 0x0069, 0x116F, 0x1A75, 0x0A97, 0x1399, 0x4D9D, 0x7F3F, 0xA7BF, 0x8F3E, 0x55BC, 0x2C1A, 0x01F0, 0x0024,   // 0x0E90 (3728) pixels
0x0000, 0x0020, 0x0000, 0x0000, 0x0000, 0x0000, 0x0000, 0x0000, 0x0000, 0x0000, 0x0000, 0x0000, 0x0000, 0x0000, 0x0000, 0x0000,   // 0x0EA0 (3744) pixels
0x0000, 0x0000, 0x0000, 0x0000, 0x0000, 0x0000, 0x0841, 0x0000, 0x0000, 0x0000, 0x0000, 0x0000, 0x0000, 0x0000, 0x0000, 0x0000,   // 0x0EB0 (3760) pixels
0x0000, 0x0000, 0x0000, 0x0000, 0x0000, 0x0000, 0x0000, 0x0000, 0x0000, 0x0000, 0x0000, 0x0000, 0x0000, 0x0000, 0x0000, 0x0000,   // 0x0EC0 (3776) pixels
0x0000, 0x0000, 0x0000, 0x0000, 0x0000, 0x0000, 0x0000, 0x0000, 0x0000, 0x0000, 0x0000, 0x0000, 0x0000, 0x0000, 0x0000, 0x0000,   // 0x0ED0 (3792) pixels
0x0000, 0x0000, 0x0000, 0x0000, 0x0000, 0x0000, 0x0000, 0x0000, 0x0000, 0x0000, 0x0000, 0x0000, 0x0000, 0x0000, 0x0000, 0x0000,   // 0x0EE0 (3808) pixels
0x0000, 0x0000, 0x0000, 0x0000, 0x0000, 0x0000, 0x0000, 0x0000, 0x0000, 0x0000, 0x0000, 0x0000, 0x0000, 0x0000, 0x0000, 0x0000,   // 0x0EF0 (3824) pixels
0x0000, 0x0000, 0x0000, 0x0000, 0x0000, 0x0000, 0x0000, 0x0000, 0x0000, 0x0000, 0x0000, 0x0000, 0x0000, 0x0000, 0x0000, 0x0000,   // 0x0F00 (3840) pixels
0x0000, 0x0000, 0x0000, 0x0000, 0x0000, 0x0000, 0x0000, 0x0000, 0x0000, 0x0000, 0x0000, 0x0000, 0x0000, 0x0000, 0x0000, 0x0000,   // 0x0F10 (3856) pixels
0x0000, 0x0000, 0x0000, 0x0020, 0x0000, 0x0000, 0x0000, 0x0860, 0x18A5, 0x10EA, 0x09D1, 0x1B98, 0x357D, 0x46BF, 0x469F, 0x361E,   // 0x0F20 (3872) pixels
0x2CF6, 0x1BF2, 0x0B2F, 0x1371, 0x1C15, 0x13B8, 0x02F8, 0x0279, 0x1397, 0x353B, 0x571E, 0x6FDF, 0x675F, 0x2498, 0x0276, 0x11D7,   // 0x0F30 (3888) pixels
0x1277, 0x1A76, 0x19F3, 0x08ED, 0x0049, 0x10CA, 0x210A, 0x18C9, 0x10A9, 0x10A9, 0x10A8, 0x10A8, 0x18C8, 0x18A8, 0x1888, 0x1888,   // 0x0F40 (3904) pixels
0x00A7, 0x0067, 0x088B, 0x0950, 0x0AB6, 0x14BB, 0x2E5E, 0x36FE, 0x679F, 0x4E5D, 0x2C3A, 0x0A77, 0x0130, 0x0046, 0x0001, 0x0000,   // 0x0F50 (3920) pixels
0x0000, 0x0000, 0x0000, 0x0000, 0x0000, 0x0000, 0x0000, 0x0000, 0x0000, 0x0000, 0x0000, 0x0000, 0x0000, 0x0000, 0x0000, 0x0000,   // 0x0F60 (3936) pixels
0x0000, 0x0000, 0x0000, 0x0000, 0x0841, 0x0020, 0x0000, 0x0000, 0x0000, 0x0000, 0x0000, 0x0000, 0x0000, 0x0000, 0x0000, 0x0000,   // 0x0F70 (3952) pixels
0x0000, 0x0000, 0x0000, 0x0000, 0x0000, 0x0000, 0x0000, 0x0000, 0x0000, 0x0000, 0x0000, 0x0000, 0x0000, 0x0000, 0x0000, 0x0000,   // 0x0F80 (3968) pixels
0x0000, 0x0000, 0x0000, 0x0000, 0x0000, 0x0000, 0x0000, 0x0000, 0x0000, 0x0000, 0x0000, 0x0000, 0x0000, 0x0000, 0x0000, 0x0000,   // 0x0F90 (3984) pixels
0x0000, 0x0000, 0x0000, 0x0000, 0x0000, 0x0000, 0x0000, 0x0000, 0x0000, 0x0000, 0x0000, 0x0000, 0x0000, 0x0000, 0x0000, 0x0000,   // 0x0FA0 (4000) pixels
0x0000, 0x0000, 0x0000, 0x0000, 0x0000, 0x0000, 0x0000, 0x0000, 0x0000, 0x0000, 0x0000, 0x0000, 0x0000, 0x0000, 0x0000, 0x0000,   // 0x0FB0 (4016) pixels
0x0000, 0x0000, 0x0000, 0x0000, 0x0000, 0x0000, 0x0000, 0x0000, 0x0000, 0x0000, 0x0000, 0x0000, 0x0000, 0x0000, 0x0000, 0x0000,   // 0x0FC0 (4032) pixels
0x0000, 0x0000, 0x0000, 0x0000, 0x0000, 0x0000, 0x0000, 0x0000, 0x0000, 0x0000, 0x0000, 0x0000, 0x0000, 0x0000, 0x0000, 0x0000,   // 0x0FD0 (4048) pixels
0x0000, 0x0020, 0x0000, 0x0000, 0x1082, 0x2925, 0x194E, 0x0993, 0x0259, 0x041D, 0x1E3F, 0x37BF, 0x37DF, 0x273F, 0x373F, 0x2EBE,   // 0x0FE0 (4064) pixels
0x265C, 0x265D, 0x1E1E, 0x0CFD, 0x037A, 0x0278, 0x0B36, 0x1C79, 0x363D, 0x3F1F, 0x3EBF, 0x1C9A, 0x0AB6, 0x09D5, 0x09F3, 0x0170,   // 0x0FF0 (4080) pixels
0x00ED, 0x004A, 0x0028, 0x0869, 0x10C9, 0x08A9, 0x0089, 0x0089, 0x0088, 0x0068, 0x0067, 0x0067, 0x0848, 0x0048, 0x0088, 0x0027,   // 0x1000 (4096) pixels
0x0008, 0x010D, 0x1B97, 0x25BE, 0x269F, 0x26DF, 0x2EDF, 0x1D1C, 0x0AD8, 0x0136, 0x00B1, 0x1088, 0x0001, 0x0000, 0x0000, 0x0000,   // 0x1010 (4112) pixels
0x0000, 0x0000, 0x0000, 0x0000, 0x0000, 0x0000, 0x0000, 0x0000, 0x0000, 0x0000, 0x0000, 0x0000, 0x0000, 0x0000, 0x0000, 0x0000,   // 0x1020 (4128) pixels
0x0000, 0x0000, 0x0020, 0x0820, 0x0000, 0x0000, 0x0000, 0x0000, 0x0000, 0x0000, 0x0000, 0x0000, 0x0000, 0x0000, 0x0000, 0x0000,   // 0x1030 (4144) pixels
0x0000, 0x0000, 0x0000, 0x0000, 0x0000, 0x0000, 0x0000, 0x0000, 0x0000, 0x0000, 0x0000, 0x0000, 0x0000, 0x0000, 0x0000, 0x0000,   // 0x1040 (4160) pixels
0x0000, 0x0000, 0x0000, 0x0000, 0x0000, 0x0000, 0x0000, 0x0000, 0x0000, 0x0000, 0x0000, 0x0000, 0x0000, 0x0000, 0x0000, 0x0000,   // 0x1050 (4176) pixels
0x0000, 0x0000, 0x0000, 0x0000, 0x0000, 0x0000, 0x0000, 0x0000, 0x0000, 0x0000, 0x0000, 0x0000, 0x0000, 0x0000, 0x0000, 0x0000,   // 0x1060 (4192) pixels
0x0000, 0x0000, 0x0000, 0x0000, 0x0000, 0x0000, 0x0000, 0x0000, 0x0000, 0x0000, 0x0000, 0x0000, 0x0000, 0x0000, 0x0000, 0x0000,   // 0x1070 (4208) pixels
0x0000, 0x0000, 0x0000, 0x0000, 0x0000, 0x0000, 0x0000, 0x0000, 0x0000, 0x0000, 0x0000, 0x0000, 0x0000, 0x0000, 0x0000, 0x0000,   // 0x1080 (4224) pixels
0x0000, 0x0000, 0x0000, 0x0000, 0x0000, 0x0000, 0x0000, 0x0000, 0x0000, 0x0000, 0x0000, 0x0000, 0x0000, 0x0000, 0x0020, 0x0000,   // 0x1090 (4240) pixels
0x0000, 0x1063, 0x2908, 0x398C, 0x1A34, 0x12B8, 0x03BD, 0x051F, 0x169F, 0x2F9F, 0x377F, 0x2F1F, 0x26FF, 0x26FF, 0x26DF, 0x26FF,   // 0x10A0 (4256) pixels
0x167F, 0x053D, 0x0378, 0x0275, 0x0AB5, 0x1377, 0x1CDC, 0x1D9E, 0x1DBF, 0x147B, 0x0B57, 0x0AD5, 0x0A50, 0x010B, 0x0048, 0x0028,   // 0x10B0 (4272) pixels
0x0828, 0x0027, 0x0027, 0x0006, 0x0068, 0x0048, 0x0047, 0x0047, 0x0047, 0x0047, 0x0047, 0x0048, 0x0008, 0x0028, 0x010B, 0x1B13,   // 0x10C0 (4288) pixels
0x353B, 0x365F, 0x2E5F, 0x263E, 0x157E, 0x0BDA, 0x01F7, 0x0094, 0x0090, 0x10A8, 0x0021, 0x0000, 0x0000, 0x0000, 0x0000, 0x0000,   // 0x10D0 (4304) pixels
0x0000, 0x0000, 0x0000, 0x0000, 0x0000, 0x0000, 0x0000, 0x0000, 0x0000, 0x0000, 0x0000, 0x0000, 0x0000, 0x0000, 0x0000, 0x0000,   // 0x10E0 (4320) pixels
0x0000, 0x0821, 0x0821, 0x0000, 0x0000, 0x0000, 0x0000, 0x0000, 0x0000, 0x0000, 0x0000, 0x0000, 0x0000, 0x0000, 0x0000, 0x0000,   // 0x10F0 (4336) pixels
0x0000, 0x0000, 0x0000, 0x0000, 0x0000, 0x0000, 0x0000, 0x0000, 0x0000, 0x0000, 0x0000, 0x0000, 0x0000, 0x0000, 0x0000, 0x0000,   // 0x1100 (4352) pixels
0x0000, 0x0000, 0x0000, 0x0000, 0x0000, 0x0000, 0x0000, 0x0000, 0x0000, 0x0000, 0x0000, 0x0000, 0x0000, 0x0000, 0x0000, 0x0000,   // 0x1110 (4368) pixels
0x0000, 0x0000, 0x0000, 0x0000, 0x0000, 0x0000, 0x0000, 0x0000, 0x0000, 0x0000, 0x0000, 0x0000, 0x0000, 0x0000, 0x0000, 0x0000,   // 0x1120 (4384) pixels
0x0000, 0x0000, 0x0000, 0x0000, 0x0000, 0x0000, 0x0000, 0x0000, 0x0000, 0x0000, 0x0000, 0x0000, 0x0000, 0x0000, 0x0000, 0x0000,   // 0x1130 (4400) pixels
0x0000, 0x0000, 0x0000, 0x0000, 0x0000, 0x0000, 0x0000, 0x0000, 0x0000, 0x0000, 0x0000, 0x0000, 0x0000, 0x0000, 0x0000, 0x0000,   // 0x1140 (4416) pixels
0x0000, 0x0000, 0x0000, 0x0000, 0x0000, 0x0000, 0x0000, 0x0000, 0x0000, 0x0000, 0x0000, 0x0000, 0x0000, 0x0000, 0x0822, 0x20E7,   // 0x1150 (4432) pixels
0x396D, 0x4190, 0x1B36, 0x23FA, 0x1D1E, 0x1DFF, 0x1EBF, 0x2EFE, 0x36BE, 0x363E, 0x2E7F, 0x2E7F, 0x2E9F, 0x1E9F, 0x163F, 0x0CFC,   // 0x1160 (4448) pixels
0x0B36, 0x1A12, 0x0212, 0x0275, 0x0339, 0x03FB, 0x0C9E, 0x145C, 0x247A, 0x2CBB, 0x4C95, 0x1A8E, 0x00C8, 0x0047, 0x0847, 0x0027,   // 0x1170 (4464) pixels
0x0047, 0x0067, 0x0027, 0x0027, 0x0026, 0x0026, 0x0026, 0x0027, 0x0047, 0x0048, 0x106C, 0x092C, 0x2372, 0x3DBA, 0x3E3E, 0x363F,   // 0x1180 (4480) pixels
0x2DDE, 0x1D3C, 0x0C1C, 0x0AB8, 0x0155, 0x0032, 0x002E, 0x0066, 0x0000, 0x0000, 0x0000, 0x0000, 0x0000, 0x0000, 0x0000, 0x0000,   // 0x1190 (4496) pixels
0x0000, 0x0000, 0x0000, 0x0000, 0x0000, 0x0000, 0x0000, 0x0000, 0x0000, 0x0000, 0x0000, 0x0000, 0x0000, 0x0000, 0x0000, 0x0821,   // 0x11A0 (4512) pixels
0x0841, 0x0000, 0x0000, 0x0000, 0x0000, 0x0000, 0x0000, 0x0000, 0x0000, 0x0000, 0x0000, 0x0000, 0x0000, 0x0000, 0x0000, 0x0000,   // 0x11B0 (4528) pixels
0x0000, 0x0000, 0x0000, 0x0000, 0x0000, 0x0000, 0x0000, 0x0000, 0x0000, 0x0000, 0x0000, 0x0000, 0x0000, 0x0000, 0x0000, 0x0000,   // 0x11C0 (4544) pixels
0x0000, 0x0000, 0x0000, 0x0000, 0x0000, 0x0000, 0x0000, 0x0000, 0x0000, 0x0000, 0x0000, 0x0000, 0x0000, 0x0000, 0x0000, 0x0000,   // 0x11D0 (4560) pixels
0x0000, 0x0000, 0x0000, 0x0000, 0x0000, 0x0000, 0x0000, 0x0000, 0x0000, 0x0000, 0x0000, 0x0000, 0x0000, 0x0000, 0x0000, 0x0000,   // 0x11E0 (4576) pixels
0x0000, 0x0000, 0x0000, 0x0000, 0x0000, 0x0000, 0x0000, 0x0000, 0x0000, 0x0000, 0x0000, 0x0000, 0x0000, 0x0000, 0x0000, 0x0000,   // 0x11F0 (4592) pixels
0x0000, 0x0000, 0x0000, 0x0000, 0x0000, 0x0000, 0x0000, 0x0000, 0x0000, 0x0000, 0x0000, 0x0000, 0x0000, 0x0000, 0x0000, 0x0000,   // 0x1200 (4608) pixels
0x0000, 0x0000, 0x0000, 0x0000, 0x0000, 0x0000, 0x0000, 0x0000, 0x0001, 0x0001, 0x0000, 0x1000, 0x38A6, 0x28AF, 0x0914, 0x0A79,   // 0x1210 (4624) pixels
0x149B, 0x25DD, 0x269E, 0x2EBF, 0x2E3F, 0x1D5E, 0x1D5F, 0x1D7F, 0x2D7E, 0x257F, 0x1D9F, 0x15DF, 0x1DDF, 0x1CBA, 0x12D3, 0x11AE,   // 0x1220 (4640) pixels
0x018D, 0x09D2, 0x0217, 0x029C, 0x0B9F, 0x14BF, 0x25DE, 0x2EBE, 0x4F5C, 0x4E7B, 0x3454, 0x09ED, 0x00CA, 0x004A, 0x000B, 0x002C,   // 0x1230 (4656) pixels
0x004B, 0x006B, 0x0089, 0x0047, 0x0004, 0x0005, 0x004A, 0x00EE, 0x0295, 0x249A, 0x4E7D, 0x56DB, 0x569C, 0x5E9F, 0x45BF, 0x0C3D,   // 0x1240 (4672) pixels
0x0ABB, 0x0219, 0x0116, 0x0094, 0x108D, 0x0804, 0x0000, 0x0020, 0x0000, 0x0000, 0x0000, 0x0000, 0x0000, 0x0000, 0x0000, 0x0000,   // 0x1250 (4688) pixels
0x0000, 0x0000, 0x0000, 0x0000, 0x0000, 0x0000, 0x0000, 0x0000, 0x0000, 0x0000, 0x0000, 0x0000, 0x0000, 0x0841, 0x0841, 0x0000,   // 0x1260 (4704) pixels
0x0020, 0x0000, 0x0000, 0x0000, 0x0000, 0x0000, 0x0000, 0x0000, 0x0000, 0x0000, 0x0000, 0x0000, 0x0000, 0x0000, 0x0000, 0x0000,   // 0x1270 (4720) pixels
0x0000, 0x0000, 0x0000, 0x0000, 0x0000, 0x0000, 0x0000, 0x0000, 0x0000, 0x0000, 0x0000, 0x0000, 0x0000, 0x0000, 0x0000, 0x0000,   // 0x1280 (4736) pixels
0x0000, 0x0000, 0x0000, 0x0000, 0x0000, 0x0000, 0x0000, 0x0000, 0x0000, 0x0000, 0x0000, 0x0000, 0x0000, 0x0000, 0x0000, 0x0000,   // 0x1290 (4752) pixels
0x0000, 0x0000, 0x0000, 0x0000, 0x0000, 0x0000, 0x0000, 0x0000, 0x0000, 0x0000, 0x0000, 0x0000, 0x0000, 0x0000, 0x0000, 0x0000,   // 0x12A0 (4768) pixels
0x0000, 0x0000, 0x0000, 0x0000, 0x0000, 0x0000, 0x0000, 0x0000, 0x0000, 0x0000, 0x0000, 0x0000, 0x0000, 0x0000, 0x0000, 0x0000,   // 0x12B0 (4784) pixels
0x0000, 0x0000, 0x0000, 0x0000, 0x0000, 0x0000, 0x0000, 0x0000, 0x0000, 0x0000, 0x0000, 0x0000, 0x0000, 0x0000, 0x0000, 0x0000,   // 0x12C0 (4800) pixels
0x0000, 0x0000, 0x0000, 0x0000, 0x0000, 0x0000, 0x0000, 0x0000, 0x0020, 0x28E4, 0x394C, 0x10B1, 0x0136, 0x0AFB, 0x257E, 0x36BF,   // 0x12D0 (4816) pixels
0x3F5F, 0x371F, 0x1DDE, 0x0C7B, 0x043B, 0x043B, 0x143A, 0x143C, 0x0C3D, 0x0C7E, 0x0C7D, 0x13B8, 0x1292, 0x21EE, 0x198E, 0x1191,   // 0x12E0 (4832) pixels
0x0195, 0x01F9, 0x02DC, 0x0C3E, 0x25DF, 0x3EFF, 0x47DF, 0x5FFF, 0x5F5E, 0x4DFA, 0x4476, 0x32F2, 0x21CF, 0x218E, 0x3230, 0x322F,   // 0x12F0 (4848) pixels
0x2A0E, 0x29EB, 0x29CA, 0x21CB, 0x222F, 0x22B3, 0x1C7A, 0x3DFD, 0x5F5F, 0x6FBF, 0x779F, 0x6EBF, 0x3D1E, 0x0359, 0x0238, 0x01D7,   // 0x1300 (4864) pixels
0x0156, 0x0955, 0x10EE, 0x0023, 0x0000, 0x0020, 0x0000, 0x0000, 0x0000, 0x0000, 0x0000, 0x0000, 0x0000, 0x0000, 0x0000, 0x0000,   // 0x1310 (4880) pixels
0x0000, 0x0000, 0x0000, 0x0000, 0x0000, 0x0000, 0x0000, 0x0000, 0x0000, 0x0000, 0x0000, 0x0000, 0x0821, 0x0841, 0x0000, 0x0000,   // 0x1320 (4896) pixels
0x0000, 0x0000, 0x0000, 0x0000, 0x0000, 0x0000, 0x0000, 0x0000, 0x0000, 0x0000, 0x0000, 0x0000, 0x0000, 0x0000, 0x0000, 0x0000,   // 0x1330 (4912) pixels
0x0000, 0x0000, 0x0000, 0x0000, 0x0000, 0x0000, 0x0000, 0x0000, 0x0000, 0x0000, 0x0000, 0x0000, 0x0000, 0x0000, 0x0000, 0x0000,   // 0x1340 (4928) pixels
0x0000, 0x0000, 0x0000, 0x0000, 0x0000, 0x0000, 0x0000, 0x0000, 0x0000, 0x0000, 0x0000, 0x0000, 0x0000, 0x0000, 0x0000, 0x0000,   // 0x1350 (4944) pixels
0x0000, 0x0000, 0x0000, 0x0000, 0x0000, 0x0000, 0x0000, 0x0000, 0x0000, 0x0000, 0x0000, 0x0000, 0x0000, 0x0000, 0x0000, 0x0000,   // 0x1360 (4960) pixels
0x0000, 0x0000, 0x0000, 0x0000, 0x0000, 0x0000, 0x0000, 0x0000, 0x0000, 0x0000, 0x0000, 0x0000, 0x0000, 0x0000, 0x0000, 0x0000,   // 0x1370 (4976) pixels
0x0000, 0x0000, 0x0000, 0x0000, 0x0000, 0x0000, 0x0000, 0x0000, 0x0000, 0x0000, 0x0000, 0x0000, 0x0000, 0x0000, 0x0000, 0x0000,   // 0x1380 (4992) pixels
0x0000, 0x0000, 0x0000, 0x0000, 0x0000, 0x0000, 0x10A3, 0x31EC, 0x29F3, 0x0136, 0x0219, 0x0BDE, 0x1DBE, 0x3EFF, 0x3F9F, 0x36FF,   // 0x1390 (5008) pixels
0x1D9D, 0x041A, 0x0379, 0x0359, 0x02D6, 0x0297, 0x0278, 0x02BA, 0x0B19, 0x1AF5, 0x2270, 0x320D, 0x31AE, 0x2991, 0x1174, 0x01B8,   // 0x13A0 (5024) pixels
0x025B, 0x037C, 0x14DE, 0x25DF, 0x26DF, 0x37BF, 0x3FFF, 0x57DF, 0x771D, 0x85FA, 0x8D38, 0x9D38, 0x9D58, 0x9D58, 0x9D58, 0x9D36,   // 0x13B0 (5040) pixels
0x9535, 0x8D36, 0x6D38, 0x551A, 0x35DD, 0x3E5E, 0x3EBF, 0x4EDF, 0x567F, 0x4D5D, 0x2398, 0x0254, 0x01B4, 0x0194, 0x01D6, 0x2257,   // 0x13C0 (5056) pixels
0x198E, 0x0022, 0x0000, 0x0020, 0x0000, 0x0000, 0x0000, 0x0000, 0x0000, 0x0000, 0x0000, 0x0000, 0x0000, 0x0000, 0x0000, 0x0000,   // 0x13D0 (5072) pixels
0x0000, 0x0000, 0x0000, 0x0000, 0x0000, 0x0000, 0x0000, 0x0000, 0x0000, 0x0000, 0x0000, 0x1082, 0x0000, 0x0000, 0x0000, 0x0000,   // 0x13E0 (5088) pixels
0x0000, 0x0000, 0x0000, 0x0000, 0x0000, 0x0000, 0x0000, 0x0000, 0x0000, 0x0000, 0x0000, 0x0000, 0x0000, 0x0000, 0x0000, 0x0000,   // 0x13F0 (5104) pixels
0x0000, 0x0000, 0x0000, 0x0000, 0x0000, 0x0000, 0x0000, 0x0000, 0x0000, 0x0000, 0x0000, 0x0000, 0x0000, 0x0000, 0x0000, 0x0000,   // 0x1400 (5120) pixels
0x0000, 0x0000, 0x0000, 0x0000, 0x0000, 0x0000, 0x0000, 0x0000, 0x0000, 0x0000, 0x0000, 0x0000, 0x0000, 0x0000, 0x0000, 0x0000,   // 0x1410 (5136) pixels
0x0000, 0x0000, 0x0000, 0x0000, 0x0000, 0x0000, 0x0000, 0x0000, 0x0000, 0x0000, 0x0000, 0x0000, 0x0000, 0x0000, 0x0000, 0x0000,   // 0x1420 (5152) pixels
0x0000, 0x0000, 0x0000, 0x0000, 0x0000, 0x0000, 0x0000, 0x0000, 0x0000, 0x0000, 0x0000, 0x0000, 0x0000, 0x0000, 0x0000, 0x0000,   // 0x1430 (5168) pixels
0x0000, 0x0000, 0x0000, 0x0000, 0x0000, 0x0000, 0x0000, 0x0000, 0x0000, 0x0000, 0x0000, 0x0000, 0x0000, 0x0000, 0x0000, 0x0000,   // 0x1440 (5184) pixels
0x0000, 0x0000, 0x0000, 0x0021, 0x1928, 0x2231, 0x1237, 0x025B, 0x037E, 0x0C9F, 0x25FF, 0x36BF, 0x36FF, 0x2E5F, 0x1D1D, 0x0BDA,   // 0x1450 (5200) pixels
0x02D7, 0x0276, 0x01B3, 0x0173, 0x0152, 0x0192, 0x09D1, 0x19EF, 0x29CC, 0x39CB, 0x31CE, 0x31D0, 0x21B4, 0x11B8, 0x01FA, 0x027A,   // 0x1460 (5216) pixels
0x033A, 0x0BFB, 0x051E, 0x0E3F, 0x173F, 0x3FBF, 0x8FFF, 0xCFDF, 0xEFBF, 0xFFBF, 0xF7BF, 0xF7DF, 0xF7DF, 0xF7DE, 0xF7DE, 0xDFDE,   // 0x1470 (5232) pixels
0xAF7F, 0x86FE, 0x46BF, 0x365F, 0x1DBE, 0x14FD, 0x1C3C, 0x1319, 0x0214, 0x01B2, 0x0973, 0x01B4, 0x1A77, 0x3317, 0x19CD, 0x0021,   // 0x1480 (5248) pixels
0x0000, 0x0000, 0x0000, 0x0000, 0x0000, 0x0000, 0x0000, 0x0000, 0x0000, 0x0000, 0x0000, 0x0000, 0x0000, 0x0000, 0x0000, 0x0000,   // 0x1490 (5264) pixels
0x0000, 0x0000, 0x0000, 0x0000, 0x0000, 0x0000, 0x0000, 0x0000, 0x0000, 0x1082, 0x0000, 0x0000, 0x0000, 0x0000, 0x0000, 0x0000,   // 0x14A0 (5280) pixels
0x0000, 0x0000, 0x0000, 0x0000, 0x0000, 0x0000, 0x0000, 0x0000, 0x0000, 0x0000, 0x0000, 0x0000, 0x0000, 0x0000, 0x0000, 0x0000,   // 0x14B0 (5296) pixels
0x0000, 0x0000, 0x0000, 0x0000, 0x0000, 0x0000, 0x0000, 0x0000, 0x0000, 0x0000, 0x0000, 0x0000, 0x0000, 0x0000, 0x0000, 0x0000,   // 0x14C0 (5312) pixels
0x0000, 0x0000, 0x0000, 0x0000, 0x0000, 0x0000, 0x0000, 0x0000, 0x0000, 0x0000, 0x0000, 0x0000, 0x0000, 0x0000, 0x0000, 0x0000,   // 0x14D0 (5328) pixels
0x0000, 0x0000, 0x0000, 0x0000, 0x0000, 0x0000, 0x0000, 0x0000, 0x0000, 0x0000, 0x0000, 0x0000, 0x0000, 0x0000, 0x0000, 0x0000,   // 0x14E0 (5344) pixels
0x0000, 0x0000, 0x0000, 0x0000, 0x0000, 0x0000, 0x0000, 0x0000, 0x0000, 0x0000, 0x0000, 0x0000, 0x0000, 0x0000, 0x0000, 0x0000,   // 0x14F0 (5360) pixels
0x0000, 0x0000, 0x0000, 0x0000, 0x0000, 0x0000, 0x0000, 0x0000, 0x0000, 0x0000, 0x0000, 0x0000, 0x0000, 0x0000, 0x0000, 0x0000,   // 0x1500 (5376) pixels
0x0000, 0x1084, 0x198D, 0x0A35, 0x02BA, 0x03DE, 0x0CFF, 0x0D3F, 0x1D9E, 0x25DE, 0x259C, 0x24FB, 0x1C3A, 0x1338, 0x0A55, 0x09D3,   // 0x1510 (5392) pixels
0x0931, 0x08EF, 0x08CC, 0x08C9, 0x0086, 0x0085, 0x10C6, 0x2927, 0x21CC, 0x29EF, 0x21D3, 0x1176, 0x0178, 0x01B9, 0x0239, 0x12DA,   // 0x1520 (5408) pixels
0x03FD, 0x04FE, 0x0E1E, 0x36FE, 0x8F9F, 0xDFFF, 0xFFFF, 0xFFDE, 0xFFFF, 0xFFFF, 0xFFFF, 0xFFFF, 0xFFFF, 0xEFFF, 0xB7DF, 0x8F3F,   // 0x1530 (5424) pixels
0x3E3F, 0x2DBF, 0x0CBE, 0x03BD, 0x02FC, 0x0218, 0x0195, 0x0194, 0x0993, 0x09F4, 0x1AB7, 0x2AF5, 0x118B, 0x0020, 0x0000, 0x0000,   // 0x1540 (5440) pixels
0x0000, 0x0000, 0x0000, 0x0000, 0x0000, 0x0000, 0x0000, 0x0000, 0x0000, 0x0000, 0x0000, 0x0000, 0x0000, 0x0000, 0x0000, 0x0000,   // 0x1550 (5456) pixels
0x0000, 0x0020, 0x0000, 0x0000, 0x0000, 0x0000, 0x0000, 0x0020, 0x0861, 0x0020, 0x0000, 0x0000, 0x0000, 0x0000, 0x0000, 0x0000,   // 0x1560 (5472) pixels
0x0000, 0x0000, 0x0000, 0x0000, 0x0000, 0x0000, 0x0000, 0x0000, 0x0000, 0x0000, 0x0000, 0x0000, 0x0000, 0x0000, 0x0000, 0x0000,   // 0x1570 (5488) pixels
0x0000, 0x0000, 0x0000, 0x0000, 0x0000, 0x0000, 0x0000, 0x0000, 0x0000, 0x0000, 0x0000, 0x0000, 0x0000, 0x0000, 0x0000, 0x0000,   // 0x1580 (5504) pixels
0x0000, 0x0000, 0x0000, 0x0000, 0x0000, 0x0000, 0x0000, 0x0000, 0x0000, 0x0000, 0x0000, 0x0000, 0x0000, 0x0000, 0x0000, 0x0000,   // 0x1590 (5520) pixels
0x0000, 0x0000, 0x0000, 0x0000, 0x0000, 0x0000, 0x0000, 0x0000, 0x0000, 0x0000, 0x0000, 0x0000, 0x0000, 0x0000, 0x0000, 0x0000,   // 0x15A0 (5536) pixels
0x0000, 0x0000, 0x0000, 0x0000, 0x0000, 0x0000, 0x0000, 0x0000, 0x0000, 0x0000, 0x0000, 0x0000, 0x0000, 0x0000, 0x0000, 0x0000,   // 0x15B0 (5552) pixels
0x0000, 0x0000, 0x0000, 0x0000, 0x0000, 0x0000, 0x0000, 0x0000, 0x0000, 0x0000, 0x0000, 0x0000, 0x0000, 0x0000, 0x0800, 0x18E7,   // 0x15C0 (5568) pixels
0x19D1, 0x0278, 0x039D, 0x0D3F, 0x1DDF, 0x157E, 0x14BB, 0x1459, 0x13D7, 0x1336, 0x12F6, 0x1295, 0x09F2, 0x11D1, 0x216F, 0x18CB,   // 0x15D0 (5584) pixels
0x1066, 0x0842, 0x0000, 0x0020, 0x0021, 0x1064, 0x1169, 0x19CD, 0x19B1, 0x0954, 0x0116, 0x0158, 0x09D9, 0x1A5A, 0x02FC, 0x03DC,   // 0x15E0 (5600) pixels
0x049C, 0x253B, 0x65FC, 0xAEBE, 0xD6FE, 0xDEDD, 0xCEDD, 0xCEFD, 0xCF1E, 0xCEFD, 0xCF1D, 0xBF1E, 0x8E9D, 0x65FC, 0x2CBD, 0x1C5D,   // 0x15F0 (5616) pixels
0x039C, 0x02BC, 0x023B, 0x01D9, 0x01D7, 0x01D6, 0x09D4, 0x09F5, 0x1255, 0x1A52, 0x0908, 0x0000, 0x0000, 0x0000, 0x0000, 0x0000,   // 0x1600 (5632) pixels
0x0000, 0x0000, 0x0000, 0x0000, 0x0000, 0x0000, 0x0000, 0x0000, 0x0000, 0x0000, 0x0000, 0x0000, 0x0000, 0x0000, 0x0000, 0x0000,   // 0x1610 (5648) pixels
0x0000, 0x0000, 0x0000, 0x0000, 0x0000, 0x0000, 0x1082, 0x0020, 0x0000, 0x0000, 0x0000, 0x0000, 0x0000, 0x0000, 0x0000, 0x0000,   // 0x1620 (5664) pixels
0x0000, 0x0000, 0x0000, 0x0000, 0x0000, 0x0000, 0x0000, 0x0000, 0x0000, 0x0000, 0x0000, 0x0000, 0x0000, 0x0000, 0x0000, 0x0000,   // 0x1630 (5680) pixels
0x0000, 0x0000, 0x0000, 0x0000, 0x0000, 0x0000, 0x0000, 0x0000, 0x0000, 0x0000, 0x0000, 0x0000, 0x0000, 0x0000, 0x0000, 0x0000,   // 0x1640 (5696) pixels
0x0000, 0x0000, 0x0000, 0x0000, 0x0000, 0x0000, 0x0000, 0x0000, 0x0000, 0x0000, 0x0000, 0x0000, 0x0000, 0x0000, 0x0000, 0x0000,   // 0x1650 (5712) pixels
0x0000, 0x0000, 0x0000, 0x0000, 0x0000, 0x0000, 0x0000, 0x0000, 0x0000, 0x0000, 0x0000, 0x0000, 0x0000, 0x0000, 0x0000, 0x0000,   // 0x1660 (5728) pixels
0x0000, 0x0000, 0x0000, 0x0000, 0x0000, 0x0000, 0x0000, 0x0000, 0x0000, 0x0000, 0x0000, 0x0000, 0x0000, 0x0000, 0x0000, 0x0000,   // 0x1670 (5744) pixels
0x0000, 0x0000, 0x0000, 0x0000, 0x0000, 0x0000, 0x0000, 0x0000, 0x0000, 0x0000, 0x0000, 0x0000, 0x0820, 0x2169, 0x1A54, 0x02DB,   // 0x1680 (5760) pixels
0x047E, 0x1E3F, 0x265F, 0x257E, 0x141A, 0x1337, 0x0A53, 0x09D1, 0x09D2, 0x11D2, 0x098F, 0x19AF, 0x298B, 0x1086, 0x0802, 0x0000,   // 0x1690 (5776) pixels
0x0000, 0x0020, 0x0000, 0x0001, 0x00C6, 0x196C, 0x19B0, 0x0953, 0x0135, 0x0177, 0x09D8, 0x0A19, 0x0279, 0x02B9, 0x0AF8, 0x1B57,   // 0x16A0 (5792) pixels
0x3BD7, 0x6C79, 0x84B9, 0x8499, 0x7C99, 0x84BA, 0x84DB, 0x8CDA, 0x8CDA, 0x7CBA, 0x5459, 0x33D9, 0x235A, 0x12F9, 0x0278, 0x0219,   // 0x16B0 (5808) pixels
0x01B8, 0x01D8, 0x0239, 0x0279, 0x0A37, 0x0216, 0x09F4, 0x11B1, 0x08C7, 0x0000, 0x0000, 0x0001, 0x0000, 0x0000, 0x0000, 0x0000,   // 0x16C0 (5824) pixels
0x0000, 0x0000, 0x0000, 0x0000, 0x0000, 0x0000, 0x0000, 0x0000, 0x0000, 0x0000, 0x0000, 0x0000, 0x0000, 0x0000, 0x0000, 0x0000,   // 0x16D0 (5840) pixels
0x0000, 0x0000, 0x0000, 0x0000, 0x1082, 0x0020, 0x0000, 0x0000, 0x0000, 0x0000, 0x0000, 0x0000, 0x0000, 0x0000, 0x0000, 0x0000,   // 0x16E0 (5856) pixels
0x0000, 0x0000, 0x0000, 0x0000, 0x0000, 0x0000, 0x0000, 0x0000, 0x0000, 0x0000, 0x0000, 0x0000, 0x0000, 0x0000, 0x0000, 0x0000,   // 0x16F0 (5872) pixels
0x0000, 0x0000, 0x0000, 0x0000, 0x0000, 0x0000, 0x0000, 0x0000, 0x0000, 0x0000, 0x0000, 0x0000, 0x0000, 0x0000, 0x0000, 0x0000,   // 0x1700 (5888) pixels
0x0000, 0x0000, 0x0000, 0x0000, 0x0000, 0x0000, 0x0000, 0x0000, 0x0000, 0x0000, 0x0000, 0x0000, 0x0000, 0x0000, 0x0000, 0x0000,   // 0x1710 (5904) pixels
0x0000, 0x0000, 0x0000, 0x0000, 0x0000, 0x0000, 0x0000, 0x0000, 0x0000, 0x0000, 0x0000, 0x0000, 0x0000, 0x0000, 0x0000, 0x0000,   // 0x1720 (5920) pixels
0x0000, 0x0000, 0x0000, 0x0000, 0x0000, 0x0000, 0x0000, 0x0000, 0x0000, 0x0000, 0x0000, 0x0000, 0x0000, 0x0000, 0x0000, 0x0000,   // 0x1730 (5936) pixels
0x0000, 0x0000, 0x0000, 0x0000, 0x0000, 0x0000, 0x0000, 0x0000, 0x0000, 0x0000, 0x0860, 0x31CB, 0x2296, 0x031C, 0x04FE, 0x26DF,   // 0x1740 (5952) pixels
0x369E, 0x2D7F, 0x1BBA, 0x0A74, 0x0150, 0x00CF, 0x1150, 0x11B1, 0x11AF, 0x29EE, 0x1926, 0x0822, 0x0000, 0x0000, 0x0020, 0x0020,   // 0x1750 (5968) pixels
0x0020, 0x0000, 0x0024, 0x192A, 0x2190, 0x0952, 0x0134, 0x0197, 0x01F8, 0x0A39, 0x01F6, 0x01B5, 0x0173, 0x1193, 0x19F3, 0x3254,   // 0x1760 (5984) pixels
0x3A75, 0x3A74, 0x4255, 0x4255, 0x4276, 0x4255, 0x4A55, 0x4255, 0x2A56, 0x1A17, 0x11D5, 0x0194, 0x0195, 0x0175, 0x0156, 0x01B7,   // 0x1770 (6000) pixels
0x0A9A, 0x033B, 0x0ABA, 0x0257, 0x01B4, 0x1170, 0x10A8, 0x0000, 0x0000, 0x0001, 0x0000, 0x0000, 0x0000, 0x0000, 0x0000, 0x0000,   // 0x1780 (6016) pixels
0x0000, 0x0000, 0x0000, 0x0000, 0x0000, 0x0000, 0x0000, 0x0000, 0x0000, 0x0000, 0x0000, 0x0000, 0x0000, 0x0020, 0x0000, 0x0000,   // 0x1790 (6032) pixels
0x0000, 0x0000, 0x0841, 0x0000, 0x0000, 0x0000, 0x0000, 0x0000, 0x0000, 0x0020, 0x0000, 0x0000, 0x0000, 0x0000, 0x0000, 0x0000,   // 0x17A0 (6048) pixels
0x0000, 0x0000, 0x0000, 0x0000, 0x0000, 0x0000, 0x0000, 0x0000, 0x0000, 0x0000, 0x0000, 0x0000, 0x0000, 0x0000, 0x0000, 0x0000,   // 0x17B0 (6064) pixels
0x0000, 0x0000, 0x0000, 0x0000, 0x0000, 0x0000, 0x0000, 0x0000, 0x0000, 0x0000, 0x0000, 0x0000, 0x0000, 0x0000, 0x0000, 0x0000,   // 0x17C0 (6080) pixels
0x0000, 0x0000, 0x0000, 0x0000, 0x0000, 0x0000, 0x0000, 0x0000, 0x0000, 0x0000, 0x0000, 0x0000, 0x0000, 0x0000, 0x0000, 0x0000,   // 0x17D0 (6096) pixels
0x0000, 0x0000, 0x0000, 0x0000, 0x0000, 0x0000, 0x0000, 0x0000, 0x0000, 0x0000, 0x0000, 0x0000, 0x0000, 0x0000, 0x0000, 0x0000,   // 0x17E0 (6112) pixels
0x0000, 0x0000, 0x0000, 0x0000, 0x0000, 0x0000, 0x0000, 0x0000, 0x0000, 0x0000, 0x0000, 0x0000, 0x0000, 0x0000, 0x0000, 0x0000,   // 0x17F0 (6128) pixels
0x0000, 0x0000, 0x0000, 0x0000, 0x0000, 0x0000, 0x0000, 0x0000, 0x1061, 0x3A2E, 0x2AD7, 0x0B5C, 0x1CDF, 0x2E1F, 0x365F, 0x1D9C,   // 0x1800 (6144) pixels
0x0BDA, 0x0AD5, 0x016E, 0x090E, 0x0950, 0x1190, 0x29CD, 0x2106, 0x0000, 0x0000, 0x0000, 0x0000, 0x0000, 0x0000, 0x0000, 0x0000,   // 0x1810 (6160) pixels
0x0043, 0x192A, 0x19D0, 0x0972, 0x0136, 0x0997, 0x0A57, 0x0297, 0x11F6, 0x0995, 0x0934, 0x08F3, 0x08B3, 0x0892, 0x0892, 0x08D3,   // 0x1820 (6176) pixels
0x00B2, 0x0092, 0x0092, 0x0093, 0x0093, 0x08B4, 0x08B4, 0x08D5, 0x0115, 0x0135, 0x0133, 0x0153, 0x0193, 0x0237, 0x131C, 0x135E,   // 0x1830 (6192) pixels
0x035C, 0x0279, 0x0174, 0x10CE, 0x1887, 0x0801, 0x0000, 0x0000, 0x0000, 0x0000, 0x0001, 0x0001, 0x0001, 0x0000, 0x0000, 0x0000,   // 0x1840 (6208) pixels
0x0000, 0x0000, 0x0000, 0x0000, 0x0000, 0x0000, 0x0000, 0x0000, 0x0000, 0x0000, 0x0000, 0x0000, 0x0000, 0x0000, 0x0000, 0x0000,   // 0x1850 (6224) pixels
0x0000, 0x0861, 0x0000, 0x0000, 0x0000, 0x0000, 0x0000, 0x0000, 0x0000, 0x0000, 0x0000, 0x0000, 0x0000, 0x0000, 0x0000, 0x0000,   // 0x1860 (6240) pixels
0x0000, 0x0000, 0x0000, 0x0000, 0x0000, 0x0000, 0x0000, 0x0000, 0x0000, 0x0000, 0x0000, 0x0000, 0x0000, 0x0000, 0x0000, 0x0000,   // 0x1870 (6256) pixels
0x0000, 0x0000, 0x0000, 0x0000, 0x0000, 0x0000, 0x0000, 0x0000, 0x0000, 0x0000, 0x0000, 0x0000, 0x0000, 0x0000, 0x0000, 0x0000,   // 0x1880 (6272) pixels
0x0000, 0x0000, 0x0000, 0x0000, 0x0000, 0x0000, 0x0000, 0x0000, 0x0000, 0x0000, 0x0000, 0x0000, 0x0000, 0x0000, 0x0000, 0x0000,   // 0x1890 (6288) pixels
0x0000, 0x0000, 0x0000, 0x0000, 0x0000, 0x0000, 0x0000, 0x0000, 0x0000, 0x0000, 0x0000, 0x0000, 0x0000, 0x0000, 0x0000, 0x0000,   // 0x18A0 (6304) pixels
0x0000, 0x0000, 0x0000, 0x0000, 0x0000, 0x0000, 0x0000, 0x0000, 0x0000, 0x0000, 0x0000, 0x0000, 0x0000, 0x0000, 0x0000, 0x0000,   // 0x18B0 (6320) pixels
0x0000, 0x0000, 0x0000, 0x0000, 0x0000, 0x0000, 0x1041, 0x3A2E, 0x2AF7, 0x0B3C, 0x0C7F, 0x1D7F, 0x2DFF, 0x25BD, 0x24FE, 0x23F8,   // 0x18C0 (6336) pixels
0x1252, 0x19B0, 0x1190, 0x114E, 0x212A, 0x1063, 0x0020, 0x0020, 0x0000, 0x0000, 0x0000, 0x0000, 0x0000, 0x0000, 0x0001, 0x10E9,   // 0x18D0 (6352) pixels
0x118F, 0x0952, 0x0136, 0x09D8, 0x12D8, 0x133A, 0x12D8, 0x0A98, 0x0A36, 0x01D6, 0x0175, 0x0134, 0x0113, 0x0114, 0x0134, 0x0134,   // 0x18E0 (6368) pixels
0x0115, 0x0115, 0x0115, 0x0116, 0x0116, 0x0116, 0x0196, 0x01B6, 0x01F6, 0x0A56, 0x0A97, 0x131A, 0x1BBD, 0x13BE, 0x035C, 0x0279,   // 0x18F0 (6384) pixels
0x0174, 0x08CF, 0x10A8, 0x0822, 0x0000, 0x0021, 0x0000, 0x0000, 0x0000, 0x0000, 0x0000, 0x0000, 0x0000, 0x0000, 0x0000, 0x0000,   // 0x1900 (6400) pixels
0x0000, 0x0000, 0x0000, 0x0000, 0x0000, 0x0000, 0x0000, 0x0000, 0x0000, 0x0000, 0x0000, 0x0000, 0x0000, 0x0000, 0x0000, 0x0861,   // 0x1910 (6416) pixels
0x0000, 0x0000, 0x0000, 0x0000, 0x0000, 0x0000, 0x0000, 0x0000, 0x0000, 0x0000, 0x0000, 0x0000, 0x0000, 0x0000, 0x0000, 0x0000,   // 0x1920 (6432) pixels
0x0000, 0x0000, 0x0000, 0x0000, 0x0000, 0x0000, 0x0000, 0x0000, 0x0000, 0x0000, 0x0000, 0x0000, 0x0000, 0x0000, 0x0000, 0x0000,   // 0x1930 (6448) pixels
0x0000, 0x0000, 0x0000, 0x0000, 0x0000, 0x0000, 0x0000, 0x0000, 0x0000, 0x0000, 0x0000, 0x0000, 0x0000, 0x0000, 0x0000, 0x0000,   // 0x1940 (6464) pixels
0x0000, 0x0000, 0x0000, 0x0000, 0x0000, 0x0000, 0x0000, 0x0000, 0x0000, 0x0000, 0x0000, 0x0000, 0x0000, 0x0000, 0x0000, 0x0000,   // 0x1950 (6480) pixels
0x0000, 0x0000, 0x0000, 0x0000, 0x0000, 0x0000, 0x0000, 0x0000, 0x0000, 0x0000, 0x0000, 0x0000, 0x0000, 0x0000, 0x0000, 0x0000,   // 0x1960 (6496) pixels
0x0000, 0x0000, 0x0000, 0x0000, 0x0000, 0x0000, 0x0000, 0x0000, 0x0000, 0x0000, 0x0000, 0x0000, 0x0000, 0x0000, 0x0000, 0x0000,   // 0x1970 (6512) pixels
0x0000, 0x0000, 0x0000, 0x0000, 0x0861, 0x324E, 0x2AF8, 0x0B3C, 0x03FE, 0x0CBD, 0x1D9E, 0x25DF, 0x2DDF, 0x249A, 0x12B3, 0x19F1,   // 0x1980 (6528) pixels
0x1990, 0x114D, 0x18E8, 0x1001, 0x0000, 0x0000, 0x0000, 0x0000, 0x0000, 0x0000, 0x0000, 0x0000, 0x0000, 0x10A8, 0x116E, 0x0952,   // 0x1990 (6544) pixels
0x0156, 0x0A39, 0x1B7A, 0x1C1D, 0x1C3C, 0x141C, 0x13DB, 0x13BB, 0x0B5A, 0x02FA, 0x02B9, 0x02B9, 0x02BA, 0x02BA, 0x02BA, 0x029A,   // 0x19A0 (6560) pixels
0x029B, 0x029B, 0x029B, 0x029B, 0x02BB, 0x0AFB, 0x135B, 0x23DC, 0x241C, 0x241D, 0x243E, 0x13BD, 0x033C, 0x0259, 0x0174, 0x00CE,   // 0x19B0 (6576) pixels
0x0887, 0x0022, 0x0000, 0x0020, 0x0000, 0x0000, 0x0000, 0x0000, 0x0000, 0x0000, 0x0000, 0x0000, 0x0000, 0x0000, 0x0000, 0x0000,   // 0x19C0 (6592) pixels
0x0000, 0x0000, 0x0000, 0x0000, 0x0000, 0x0000, 0x0000, 0x0000, 0x0000, 0x0000, 0x0000, 0x0000, 0x0000, 0x0841, 0x0020, 0x0000,   // 0x19D0 (6608) pixels
0x0000, 0x0000, 0x0000, 0x0000, 0x0000, 0x0000, 0x0000, 0x0000, 0x0000, 0x0000, 0x0000, 0x0000, 0x0000, 0x0000, 0x0000, 0x0000,   // 0x19E0 (6624) pixels
0x0000, 0x0000, 0x0000, 0x0000, 0x0000, 0x0000, 0x0000, 0x0000, 0x0000, 0x0000, 0x0000, 0x0000, 0x0000, 0x0000, 0x0000, 0x0000,   // 0x19F0 (6640) pixels
0x0000, 0x0000, 0x0000, 0x0000, 0x0000, 0x0000, 0x0000, 0x0000, 0x0000, 0x0000, 0x0000, 0x0000, 0x0000, 0x0000, 0x0000, 0x0000,   // 0x1A00 (6656) pixels
0x0000, 0x0000, 0x0000, 0x0000, 0x0000, 0x0000, 0x0000, 0x0000, 0x0000, 0x0000, 0x0000, 0x0000, 0x0000, 0x0000, 0x0000, 0x0000,   // 0x1A10 (6672) pixels
0x0000, 0x0000, 0x0000, 0x0000, 0x0000, 0x0000, 0x0000, 0x0000, 0x0000, 0x0000, 0x0000, 0x0000, 0x0000, 0x0000, 0x0000, 0x0000,   // 0x1A20 (6688) pixels
0x0000, 0x0000, 0x0000, 0x0000, 0x0000, 0x0000, 0x0000, 0x0000, 0x0000, 0x0000, 0x0000, 0x0000, 0x0000, 0x0000, 0x0000, 0x0000,   // 0x1A30 (6704) pixels
0x0000, 0x0000, 0x1081, 0x324E, 0x2AF8, 0x0B3D, 0x03DE, 0x047D, 0x155F, 0x25DF, 0x25FF, 0x1C9A, 0x0A93, 0x09D1, 0x11B0, 0x196D,   // 0x1A40 (6720) pixels
0x20E8, 0x1822, 0x0000, 0x0000, 0x0000, 0x0000, 0x0000, 0x0000, 0x0000, 0x0000, 0x0001, 0x10A8, 0x196F, 0x0972, 0x0177, 0x0A59,   // 0x1A50 (6736) pixels
0x1BBB, 0x1C7E, 0x1D1E, 0x1D1F, 0x1D3F, 0x1D3F, 0x14FF, 0x14BF, 0x149E, 0x147E, 0x147E, 0x147F, 0x147F, 0x147F, 0x145F, 0x145F,   // 0x1A60 (6752) pixels
0x145F, 0x0C5F, 0x141E, 0x1C5E, 0x1C9E, 0x2CFF, 0x2CFF, 0x24BF, 0x1C5F, 0x0BBD, 0x02FC, 0x0239, 0x0154, 0x00AD, 0x0846, 0x0000,   // 0x1A70 (6768) pixels
0x0000, 0x0020, 0x0000, 0x0000, 0x0000, 0x0000, 0x0000, 0x0000, 0x0000, 0x0000, 0x0000, 0x0000, 0x0000, 0x0000, 0x0000, 0x0000,   // 0x1A80 (6784) pixels
0x0000, 0x0000, 0x0000, 0x0000, 0x0000, 0x0000, 0x0000, 0x0000, 0x0000, 0x0000, 0x0000, 0x0020, 0x0861, 0x0000, 0x0000, 0x0000,   // 0x1A90 (6800) pixels
0x0000, 0x0000, 0x0000, 0x0000, 0x0000, 0x0000, 0x0000, 0x0000, 0x0000, 0x0000, 0x0000, 0x0000, 0x0000, 0x0000, 0x0000, 0x0000,   // 0x1AA0 (6816) pixels
0x0000, 0x0000, 0x0000, 0x0000, 0x0000, 0x0000, 0x0000, 0x0000, 0x0000, 0x0000, 0x0000, 0x0000, 0x0000, 0x0000, 0x0000, 0x0000,   // 0x1AB0 (6832) pixels
0x0000, 0x0000, 0x0000, 0x0000, 0x0000, 0x0000, 0x0000, 0x0000, 0x0000, 0x0000, 0x0000, 0x0000, 0x0000, 0x0000, 0x0000, 0x0000,   // 0x1AC0 (6848) pixels
0x0000, 0x0000, 0x0000, 0x0000, 0x0000, 0x0000, 0x0000, 0x0000, 0x0000, 0x0000, 0x0000, 0x0000, 0x0000, 0x0000, 0x0000, 0x0000,   // 0x1AD0 (6864) pixels
0x0000, 0x0000, 0x0000, 0x0000, 0x0000, 0x0000, 0x0000, 0x0000, 0x0000, 0x0000, 0x0000, 0x0000, 0x0000, 0x0000, 0x0000, 0x0000,   // 0x1AE0 (6880) pixels
0x0000, 0x0000, 0x0000, 0x0000, 0x0000, 0x0000, 0x0000, 0x0000, 0x0000, 0x0000, 0x0000, 0x0000, 0x0000, 0x0000, 0x0000, 0x0000,   // 0x1AF0 (6896) pixels
0x10C2, 0x3A6E, 0x2AF8, 0x0B5D, 0x03FF, 0x0CBE, 0x1D5F, 0x259F, 0x1DBE, 0x1C7A, 0x12B5, 0x11D2, 0x19B0, 0x196D, 0x2109, 0x2065,   // 0x1B00 (6912) pixels
0x0800, 0x0800, 0x0000, 0x0000, 0x0000, 0x0000, 0x0000, 0x0000, 0x0864, 0x190A, 0x198F, 0x0972, 0x0176, 0x0A39, 0x139B, 0x1C7F,   // 0x1B10 (6928) pixels
0x1D1E, 0x1D3F, 0x159F, 0x15BF, 0x15BF, 0x159F, 0x1D7F, 0x1D5F, 0x1D7F, 0x1D7F, 0x1D7F, 0x1D7F, 0x1D7F, 0x1D7F, 0x1D7F, 0x1D7F,   // 0x1B20 (6944) pixels
0x1D5F, 0x1D5F, 0x1D3F, 0x255F, 0x2D3F, 0x24FF, 0x247F, 0x0BDD, 0x0ABB, 0x01F7, 0x0132, 0x008C, 0x0825, 0x0000, 0x0000, 0x0020,   // 0x1B30 (6960) pixels
0x0000, 0x0000, 0x0000, 0x0000, 0x0000, 0x0000, 0x0000, 0x0000, 0x0000, 0x0000, 0x0000, 0x0000, 0x0000, 0x0000, 0x0000, 0x0000,   // 0x1B40 (6976) pixels
0x0000, 0x0000, 0x0000, 0x0000, 0x0000, 0x0000, 0x0000, 0x0000, 0x0000, 0x0000, 0x0861, 0x0000, 0x0000, 0x0000, 0x0000, 0x0000,   // 0x1B50 (6992) pixels
0x0000, 0x0000, 0x0000, 0x0000, 0x0000, 0x0000, 0x0000, 0x0000, 0x0000, 0x0000, 0x0000, 0x0000, 0x0000, 0x0000, 0x0000, 0x0000,   // 0x1B60 (7008) pixels
0x0000, 0x0000, 0x0000, 0x0000, 0x0000, 0x0000, 0x0000, 0x0000, 0x0000, 0x0000, 0x0000, 0x0000, 0x0000, 0x0000, 0x0000, 0x0000,   // 0x1B70 (7024) pixels
0x0000, 0x0000, 0x0000, 0x0000, 0x0000, 0x0000, 0x0000, 0x0000, 0x0000, 0x0000, 0x0000, 0x0000, 0x0000, 0x0000, 0x0000, 0x0000,   // 0x1B80 (7040) pixels
0x0000, 0x0000, 0x0000, 0x0000, 0x0000, 0x0000, 0x0000, 0x0000, 0x0000, 0x0000, 0x0000, 0x0000, 0x0000, 0x0000, 0x0000, 0x0000,   // 0x1B90 (7056) pixels
0x0000, 0x0000, 0x0000, 0x0000, 0x0000, 0x0000, 0x0000, 0x0000, 0x0000, 0x0000, 0x0000, 0x0000, 0x0000, 0x0000, 0x0000, 0x0000,   // 0x1BA0 (7072) pixels
0x0000, 0x0000, 0x0000, 0x0000, 0x0000, 0x0000, 0x0000, 0x0000, 0x0000, 0x0000, 0x0000, 0x0000, 0x0000, 0x0000, 0x20E3, 0x3A6F,   // 0x1BB0 (7088) pixels
0x22F8, 0x0B5D, 0x0C5F, 0x151F, 0x259F, 0x253E, 0x14BC, 0x1BD9, 0x1A96, 0x19D2, 0x11B0, 0x114D, 0x18EA, 0x20A9, 0x1084, 0x0842,   // 0x1BC0 (7104) pixels
0x0000, 0x0000, 0x0000, 0x0041, 0x0883, 0x08A4, 0x192A, 0x196E, 0x19B0, 0x0972, 0x0155, 0x0A18, 0x137B, 0x1C3F, 0x14BE, 0x151F,   // 0x1BD0 (7120) pixels
0x159F, 0x0DFF, 0x165F, 0x1E7F, 0x265F, 0x2E3F, 0x265E, 0x265E, 0x265E, 0x265E, 0x265E, 0x265E, 0x267E, 0x267E, 0x265F, 0x263F,   // 0x1BE0 (7136) pixels
0x1DBF, 0x257F, 0x251F, 0x249F, 0x245F, 0x139E, 0x129A, 0x09D7, 0x0112, 0x008C, 0x0006, 0x0001, 0x0000, 0x0000, 0x0001, 0x0000,   // 0x1BF0 (7152) pixels
0x0000, 0x0000, 0x0000, 0x0000, 0x0000, 0x0000, 0x0000, 0x0000, 0x0000, 0x0000, 0x0000, 0x0000, 0x0000, 0x0000, 0x0000, 0x0000,   // 0x1C00 (7168) pixels
0x0000, 0x0000, 0x0000, 0x0000, 0x0000, 0x0000, 0x0000, 0x0000, 0x0841, 0x0000, 0x0000, 0x0000, 0x0000, 0x0000, 0x0000, 0x0000,   // 0x1C10 (7184) pixels
0x0000, 0x0000, 0x0000, 0x0000, 0x0000, 0x0000, 0x0000, 0x0000, 0x0000, 0x0000, 0x0000, 0x0000, 0x0000, 0x0000, 0x0000, 0x0000,   // 0x1C20 (7200) pixels
0x0000, 0x0000, 0x0000, 0x0000, 0x0000, 0x0000, 0x0000, 0x0000, 0x0000, 0x0000, 0x0000, 0x0000, 0x0000, 0x0000, 0x0000, 0x0000,   // 0x1C30 (7216) pixels
0x0000, 0x0000, 0x0000, 0x0000, 0x0000, 0x0000, 0x0000, 0x0000, 0x0000, 0x0000, 0x0000, 0x0000, 0x0000, 0x0000, 0x0000, 0x0000,   // 0x1C40 (7232) pixels
0x0000, 0x0000, 0x0000, 0x0000, 0x0000, 0x0000, 0x0000, 0x0000, 0x0000, 0x0000, 0x0000, 0x0000, 0x0000, 0x0000, 0x0000, 0x0000,   // 0x1C50 (7248) pixels
0x0000, 0x0000, 0x0000, 0x0000, 0x0000, 0x0000, 0x0000, 0x0000, 0x0000, 0x0000, 0x0000, 0x0000, 0x0000, 0x0000, 0x0000, 0x0000,   // 0x1C60 (7264) pixels
0x0000, 0x0000, 0x0000, 0x0000, 0x0000, 0x0000, 0x0000, 0x0000, 0x0000, 0x0000, 0x0000, 0x0000, 0x28E4, 0x4290, 0x22F8, 0x035D,   // 0x1C70 (7280) pixels
0x0CBF, 0x259F, 0x2D9F, 0x1CDC, 0x0379, 0x0AB7, 0x11B4, 0x1151, 0x1190, 0x096E, 0x112D, 0x190D, 0x192B, 0x10E9, 0x0087, 0x0086,   // 0x1C80 (7296) pixels
0x00C7, 0x112A, 0x198C, 0x21CE, 0x19AE, 0x19D1, 0x11D2, 0x0992, 0x0996, 0x1238, 0x1B5B, 0x1BFF, 0x149E, 0x151F, 0x0DBF, 0x0E7F,   // 0x1C90 (7312) pixels
0x1EFF, 0x2F5F, 0x375F, 0x3F3E, 0x2F5F, 0x2F3F, 0x2F3F, 0x2F3F, 0x2F5E, 0x2F5F, 0x375F, 0x377F, 0x2F5F, 0x2EFF, 0x263E, 0x257E,   // 0x1CA0 (7328) pixels
0x24BE, 0x1C3F, 0x1BFF, 0x0B5E, 0x12DA, 0x0A17, 0x0172, 0x00EE, 0x0069, 0x0026, 0x0024, 0x0003, 0x0823, 0x0002, 0x0000, 0x0000,   // 0x1CB0 (7344) pixels
0x0000, 0x0000, 0x0000, 0x0000, 0x0000, 0x0000, 0x0000, 0x0000, 0x0000, 0x0000, 0x0000, 0x0000, 0x0000, 0x0000, 0x0000, 0x0000,   // 0x1CC0 (7360) pixels
0x0000, 0x0000, 0x0000, 0x0000, 0x0000, 0x0000, 0x0020, 0x0841, 0x0000, 0x0000, 0x0000, 0x0000, 0x0000, 0x0000, 0x0000, 0x0000,   // 0x1CD0 (7376) pixels
0x0000, 0x0000, 0x0000, 0x0000, 0x0000, 0x0000, 0x0000, 0x0000, 0x0000, 0x0000, 0x0000, 0x0000, 0x0000, 0x0000, 0x0000, 0x0000,   // 0x1CE0 (7392) pixels
0x0000, 0x0000, 0x0000, 0x0000, 0x0000, 0x0000, 0x0000, 0x0000, 0x0000, 0x0000, 0x0000, 0x0000, 0x0000, 0x0000, 0x0000, 0x0000,   // 0x1CF0 (7408) pixels
0x0000, 0x0000, 0x0000, 0x0000, 0x0000, 0x0000, 0x0000, 0x0000, 0x0000, 0x0000, 0x0000, 0x0000, 0x0000, 0x0000, 0x0000, 0x0000,   // 0x1D00 (7424) pixels
0x0000, 0x0000, 0x0000, 0x0000, 0x0000, 0x0000, 0x0000, 0x0000, 0x0000, 0x0000, 0x0000, 0x0000, 0x0000, 0x0000, 0x0000, 0x0000,   // 0x1D10 (7440) pixels
0x0000, 0x0000, 0x0000, 0x0000, 0x0000, 0x0000, 0x0000, 0x0000, 0x0000, 0x0000, 0x0000, 0x0000, 0x0000, 0x0000, 0x0000, 0x0000,   // 0x1D20 (7456) pixels
0x0000, 0x0000, 0x0000, 0x0000, 0x0000, 0x0000, 0x0000, 0x0000, 0x0000, 0x0000, 0x28E5, 0x4291, 0x22F8, 0x037C, 0x0CBF, 0x25DF,   // 0x1D30 (7472) pixels
0x35BF, 0x1C9A, 0x02F8, 0x09F5, 0x0912, 0x08D0, 0x1170, 0x11B0, 0x116F, 0x1950, 0x1111, 0x0910, 0x090E, 0x092E, 0x096F, 0x11B1,   // 0x1D40 (7488) pixels
0x11D3, 0x11D3, 0x11D0, 0x11D2, 0x09D2, 0x11D3, 0x11D6, 0x1A59, 0x1B3B, 0x1BBF, 0x0C7E, 0x0CFF, 0x0DDF, 0x0E9F, 0x175F, 0x2FBF,   // 0x1D50 (7504) pixels
0x37DE, 0x3F9D, 0x37DF, 0x37DF, 0x37BF, 0x37BF, 0x37BF, 0x37DF, 0x37DF, 0x37DF, 0x2FBF, 0x373E, 0x2E5E, 0x2D9E, 0x24BE, 0x241F,   // 0x1D60 (7520) pixels
0x23BF, 0x133F, 0x12FA, 0x0A57, 0x09D4, 0x0991, 0x112E, 0x110C, 0x10EB, 0x08CA, 0x1086, 0x0824, 0x0001, 0x0000, 0x0000, 0x0000,   // 0x1D70 (7536) pixels
0x0000, 0x0000, 0x0000, 0x0000, 0x0000, 0x0000, 0x0000, 0x0000, 0x0000, 0x0000, 0x0000, 0x0000, 0x0000, 0x0000, 0x0000, 0x0000,   // 0x1D80 (7552) pixels
0x0000, 0x0000, 0x0000, 0x0000, 0x0000, 0x0861, 0x0000, 0x0000, 0x0000, 0x0000, 0x0000, 0x0000, 0x0000, 0x0000, 0x0000, 0x0000,   // 0x1D90 (7568) pixels
0x0000, 0x0000, 0x0000, 0x0000, 0x0000, 0x0000, 0x0000, 0x0000, 0x0000, 0x0000, 0x0000, 0x0000, 0x0000, 0x0000, 0x0000, 0x0000,   // 0x1DA0 (7584) pixels
0x0000, 0x0000, 0x0000, 0x0000, 0x0000, 0x0000, 0x0000, 0x0000, 0x0000, 0x0000, 0x0000, 0x0000, 0x0000, 0x0000, 0x0000, 0x0000,   // 0x1DB0 (7600) pixels
0x0000, 0x0000, 0x0000, 0x0000, 0x0000, 0x0000, 0x0000, 0x0000, 0x0000, 0x0000, 0x0000, 0x0000, 0x0000, 0x0000, 0x0000, 0x0000,   // 0x1DC0 (7616) pixels
0x0000, 0x0000, 0x0000, 0x0000, 0x0000, 0x0000, 0x0000, 0x0000, 0x0000, 0x0000, 0x0000, 0x0000, 0x0000, 0x0000, 0x0000, 0x0000,   // 0x1DD0 (7632) pixels
0x0000, 0x0000, 0x0000, 0x0000, 0x0000, 0x0000, 0x0000, 0x0000, 0x0000, 0x0000, 0x0000, 0x0000, 0x0000, 0x0000, 0x0000, 0x0000,   // 0x1DE0 (7648) pixels
0x0000, 0x0000, 0x0000, 0x0000, 0x0000, 0x0000, 0x0000, 0x0000, 0x20A3, 0x422E, 0x2AD8, 0x0B5E, 0x0CDF, 0x261F, 0x35BD, 0x1C38,   // 0x1DF0 (7664) pixels
0x0A36, 0x0131, 0x004D, 0x08AE, 0x11B3, 0x1256, 0x1236, 0x11B4, 0x0198, 0x01D8, 0x0237, 0x0276, 0x0276, 0x0255, 0x0A34, 0x0A14,   // 0x1E00 (7680) pixels
0x1A34, 0x11F4, 0x11B5, 0x19F8, 0x1A5A, 0x1ABB, 0x1B3C, 0x1B9C, 0x1BFE, 0x149F, 0x0D9F, 0x0E7F, 0x1F3F, 0x37DF, 0x3FFF, 0x3FFE,   // 0x1E10 (7696) pixels
0x3FDF, 0x3FFF, 0x37FE, 0x2FFE, 0x37FE, 0x37FF, 0x37FE, 0x37FF, 0x37BF, 0x371F, 0x2E3E, 0x257E, 0x1CBF, 0x1BDE, 0x1B3E, 0x22DE,   // 0x1E20 (7712) pixels
0x12DB, 0x12DA, 0x12B7, 0x1295, 0x1295, 0x0A76, 0x0257, 0x0238, 0x01D6, 0x0191, 0x010A, 0x0064, 0x0001, 0x0001, 0x0001, 0x0000,   // 0x1E30 (7728) pixels
0x0000, 0x0000, 0x0000, 0x0000, 0x0000, 0x0000, 0x0000, 0x0000, 0x0000, 0x0000, 0x0000, 0x0000, 0x0000, 0x0000, 0x0000, 0x0000,   // 0x1E40 (7744) pixels
0x0000, 0x0000, 0x0000, 0x2103, 0x0000, 0x0000, 0x0000, 0x0000, 0x0000, 0x0000, 0x0000, 0x0000, 0x0000, 0x0000, 0x0000, 0x0000,   // 0x1E50 (7760) pixels
0x0000, 0x0000, 0x0000, 0x0000, 0x0000, 0x0000, 0x0000, 0x0000, 0x0000, 0x0000, 0x0000, 0x0000, 0x0000, 0x0000, 0x0000, 0x0000,   // 0x1E60 (7776) pixels
0x0000, 0x0000, 0x0000, 0x0000, 0x0000, 0x0000, 0x0000, 0x0000, 0x0000, 0x0000, 0x0000, 0x0000, 0x0000, 0x0000, 0x0000, 0x0000,   // 0x1E70 (7792) pixels
0x0000, 0x0000, 0x0000, 0x0000, 0x0000, 0x0000, 0x0000, 0x0000, 0x0000, 0x0000, 0x0000, 0x0000, 0x0000, 0x0000, 0x0000, 0x0000,   // 0x1E80 (7808) pixels
0x0000, 0x0000, 0x0000, 0x0000, 0x0000, 0x0000, 0x0000, 0x0000, 0x0000, 0x0000, 0x0000, 0x0000, 0x0000, 0x0000, 0x0000, 0x0000,   // 0x1E90 (7824) pixels
0x0000, 0x0000, 0x0000, 0x0000, 0x0000, 0x0000, 0x0000, 0x0000, 0x0000, 0x0000, 0x0000, 0x0000, 0x0000, 0x0000, 0x0000, 0x0000,   // 0x1EA0 (7840) pixels
0x0000, 0x0000, 0x0000, 0x0000, 0x0000, 0x0000, 0x0861, 0x29EC, 0x22B7, 0x035D, 0x04BF, 0x1DFF, 0x2D9D, 0x1439, 0x0A34, 0x010F,   // 0x1EB0 (7856) pixels
0x004C, 0x00EF, 0x1235, 0x1B1A, 0x1AFA, 0x1299, 0x0A7B, 0x0ABA, 0x0B5B, 0x13BB, 0x1BDB, 0x23DB, 0x239A, 0x2379, 0x2B58, 0x2319,   // 0x1EC0 (7872) pixels
0x22D9, 0x22BB, 0x22BC, 0x22DC, 0x231C, 0x233C, 0x0BBC, 0x047D, 0x055E, 0x061E, 0x1EDF, 0x379F, 0x3FFF, 0x37FE, 0x37DF, 0x37DF,   // 0x1ED0 (7888) pixels
0x37BE, 0x2FBE, 0x37FF, 0x37DF, 0x37BE, 0x37BE, 0x2F5F, 0x2EBF, 0x2DDE, 0x251E, 0x1C5E, 0x139E, 0x12FD, 0x1ABD, 0x1AFC, 0x233C,   // 0x1EE0 (7904) pixels
0x239B, 0x23BB, 0x1BDA, 0x1BDB, 0x1B9B, 0x1B7B, 0x131A, 0x12D8, 0x1275, 0x1212, 0x098F, 0x090B, 0x00A8, 0x0024, 0x0000, 0x0000,   // 0x1EF0 (7920) pixels
0x0800, 0x0000, 0x0000, 0x0000, 0x0000, 0x0000, 0x0000, 0x0000, 0x0000, 0x0000, 0x0000, 0x0000, 0x0000, 0x0000, 0x0000, 0x0000,   // 0x1F00 (7936) pixels
0x0000, 0x20E3, 0x0000, 0x0000, 0x0000, 0x0000, 0x0000, 0x0000, 0x0000, 0x0000, 0x0000, 0x0000, 0x0000, 0x0000, 0x0000, 0x0000,   // 0x1F10 (7952) pixels
0x0000, 0x0000, 0x0000, 0x0000, 0x0000, 0x0000, 0x0000, 0x0000, 0x0000, 0x0000, 0x0000, 0x0000, 0x0000, 0x0000, 0x0000, 0x0000,   // 0x1F20 (7968) pixels
0x0000, 0x0000, 0x0000, 0x0000, 0x0000, 0x0000, 0x0000, 0x0000, 0x0000, 0x0000, 0x0000, 0x0000, 0x0000, 0x0000, 0x0000, 0x0000,   // 0x1F30 (7984) pixels
0x0000, 0x0000, 0x0000, 0x0000, 0x0000, 0x0000, 0x0000, 0x0000, 0x0000, 0x0000, 0x0000, 0x0000, 0x0000, 0x0000, 0x0000, 0x0000,   // 0x1F40 (8000) pixels
0x0000, 0x0000, 0x0000, 0x0000, 0x0000, 0x0000, 0x0000, 0x0000, 0x0000, 0x0000, 0x0000, 0x0000, 0x0000, 0x0000, 0x0000, 0x0000,   // 0x1F50 (8016) pixels
0x0000, 0x0000, 0x0000, 0x0000, 0x0000, 0x0000, 0x0000, 0x0000, 0x0000, 0x0000, 0x0000, 0x0000, 0x0000, 0x0000, 0x0000, 0x0000,   // 0x1F60 (8032) pixels
0x0000, 0x0000, 0x0000, 0x0000, 0x0020, 0x1969, 0x1A75, 0x033D, 0x045F, 0x1D5F, 0x253D, 0x13D9, 0x0A12, 0x012F, 0x008D, 0x0131,   // 0x1F70 (8048) pixels
0x1A98, 0x23BE, 0x1BBF, 0x137E, 0x1B9E, 0x1BFE, 0x247F, 0x2CDF, 0x351F, 0x3D1F, 0x351F, 0x2CFE, 0x34BE, 0x347E, 0x2C1E, 0x2BDE,   // 0x1F80 (8064) pixels
0x239E, 0x237E, 0x235D, 0x235D, 0x03FC, 0x049D, 0x055D, 0x0E1E, 0x1EBE, 0x373E, 0x379E, 0x37BD, 0x2FBE, 0x2FBE, 0x379E, 0x377F,   // 0x1F90 (8080) pixels
0x3F9F, 0x379F, 0x377F, 0x2F7E, 0x2EFF, 0x265F, 0x259F, 0x24FE, 0x245E, 0x1BBD, 0x135C, 0x0B1C, 0x1B1D, 0x1B9E, 0x243F, 0x24BF,   // 0x1FA0 (8096) pixels
0x24DF, 0x24FF, 0x2CFF, 0x2CBE, 0x245E, 0x1BFD, 0x1BBD, 0x1B7C, 0x233A, 0x1AB7, 0x1233, 0x016E, 0x0062, 0x0000, 0x0000, 0x0800,   // 0x1FB0 (8112) pixels
0x0800, 0x0000, 0x0000, 0x0000, 0x0000, 0x0000, 0x0000, 0x0000, 0x0000, 0x0000, 0x0000, 0x0000, 0x0000, 0x0000, 0x0000, 0x18A2,   // 0x1FC0 (8128) pixels
0x0000, 0x0000, 0x0000, 0x0000, 0x0000, 0x0000, 0x0000, 0x0000, 0x0000, 0x0000, 0x0000, 0x0000, 0x0000, 0x0000, 0x0000, 0x0000,   // 0x1FD0 (8144) pixels
0x0000, 0x0000, 0x0000, 0x0000, 0x0000, 0x0000, 0x0000, 0x0000, 0x0000, 0x0000, 0x0000, 0x0000, 0x0000, 0x0000, 0x0000, 0x0000,   // 0x1FE0 (8160) pixels
0x0000, 0x0000, 0x0000, 0x0000, 0x0000, 0x0000, 0x0000, 0x0000, 0x0000, 0x0000, 0x0000, 0x0000, 0x0000, 0x0000, 0x0000, 0x0000,   // 0x1FF0 (8176) pixels
0x0000, 0x0000, 0x0000, 0x0000, 0x0000, 0x0000, 0x0000, 0x0000, 0x0000, 0x0000, 0x0000, 0x0000, 0x0000, 0x0000, 0x0000, 0x0000,   // 0x2000 (8192) pixels
0x0000, 0x0000, 0x0000, 0x0000, 0x0000, 0x0000, 0x0000, 0x0000, 0x0000, 0x0000, 0x0000, 0x0000, 0x0000, 0x0000, 0x0000, 0x0000,   // 0x2010 (8208) pixels
0x0000, 0x0000, 0x0000, 0x0000, 0x0000, 0x0000, 0x0000, 0x0000, 0x0000, 0x0000, 0x0000, 0x0000, 0x0000, 0x0000, 0x0000, 0x0000,   // 0x2020 (8224) pixels
0x0000, 0x0000, 0x0000, 0x1127, 0x1A54, 0x0AFC, 0x039D, 0x145D, 0x1C3B, 0x0B39, 0x1212, 0x0190, 0x0130, 0x0994, 0x1A9A, 0x1B7F,   // 0x2030 (8240) pixels
0x1BFF, 0x1C3F, 0x2C9F, 0x2CDF, 0x2D1F, 0x2D1F, 0x2CFF, 0x2D1F, 0x2D7F, 0x2DDF, 0x2D9F, 0x257F, 0x1D1F, 0x14DF, 0x149F, 0x145F,   // 0x2040 (8256) pixels
0x145E, 0x145E, 0x04BD, 0x053E, 0x0DDE, 0x1E5E, 0x2EBE, 0x371E, 0x377E, 0x379D, 0x2F9E, 0x2F7E, 0x377F, 0x377F, 0x379F, 0x379F,   // 0x2050 (8272) pixels
0x2F7F, 0x277E, 0x2EDF, 0x2E5F, 0x2DDE, 0x2D7F, 0x251E, 0x1CBD, 0x147C, 0x0C3B, 0x0C1D, 0x0C3E, 0x147F, 0x149F, 0x14DF, 0x255F,   // 0x2060 (8288) pixels
0x2DBF, 0x2DBF, 0x2CFF, 0x1C7F, 0x143E, 0x13FD, 0x13BD, 0x135B, 0x12D9, 0x0256, 0x018B, 0x00A7, 0x0002, 0x0000, 0x0800, 0x0800,   // 0x2070 (8304) pixels
0x0000, 0x0001, 0x0000, 0x0000, 0x0000, 0x0000, 0x0000, 0x0000, 0x0000, 0x0000, 0x0000, 0x0000, 0x0000, 0x0820, 0x0000, 0x0000,   // 0x2080 (8320) pixels
0x0000, 0x0000, 0x0000, 0x0000, 0x0000, 0x0000, 0x0000, 0x0000, 0x0000, 0x0000, 0x0000, 0x0000, 0x0000, 0x0000, 0x0000, 0x0000,   // 0x2090 (8336) pixels
0x0000, 0x0000, 0x0000, 0x0000, 0x0000, 0x0000, 0x0000, 0x0000, 0x0000, 0x0000, 0x0000, 0x0000, 0x0000, 0x0000, 0x0000, 0x0000,   // 0x20A0 (8352) pixels
0x0000, 0x0000, 0x0000, 0x0000, 0x0000, 0x0000, 0x0000, 0x0000, 0x0000, 0x0000, 0x0000, 0x0000, 0x0000, 0x0000, 0x0000, 0x0000,   // 0x20B0 (8368) pixels
0x0000, 0x0000, 0x0000, 0x0000, 0x0000, 0x0000, 0x0000, 0x0000, 0x0000, 0x0000, 0x0000, 0x0000, 0x0000, 0x0000, 0x0000, 0x0000,   // 0x20C0 (8384) pixels
0x0000, 0x0000, 0x0000, 0x0000, 0x0000, 0x0000, 0x0000, 0x0000, 0x0000, 0x0000, 0x0000, 0x0000, 0x0000, 0x0000, 0x0000, 0x0000,   // 0x20D0 (8400) pixels
0x0000, 0x0000, 0x0000, 0x0000, 0x0000, 0x0000, 0x0000, 0x0000, 0x0000, 0x0000, 0x0000, 0x0000, 0x0000, 0x0000, 0x0000, 0x0000,   // 0x20E0 (8416) pixels
0x0800, 0x10E6, 0x1A13, 0x127A, 0x029B, 0x0AF9, 0x12D8, 0x0A57, 0x1215, 0x1214, 0x09F5, 0x1217, 0x125A, 0x12FD, 0x1BFF, 0x24BF,   // 0x20F0 (8432) pixels
0x357F, 0x359F, 0x2D5F, 0x24BE, 0x1C3E, 0x1C7E, 0x1D5F, 0x261F, 0x1E5F, 0x163F, 0x0DFF, 0x05BF, 0x059E, 0x057E, 0x059E, 0x059E,   // 0x2100 (8448) pixels
0x15BE, 0x1E3F, 0x1EBF, 0x26FF, 0x371F, 0x3F3F, 0x377E, 0x2F9D, 0x2F7E, 0x2F7F, 0x377F, 0x379F, 0x379F, 0x2F9F, 0x2F9E, 0x277D,   // 0x2110 (8464) pixels
0x3F1F, 0x2E9E, 0x2E7E, 0x2E7E, 0x2E3E, 0x261E, 0x1E1D, 0x0DDC, 0x057F, 0x04FE, 0x047E, 0x043E, 0x0C7F, 0x255F, 0x2E3F, 0x2E5F,   // 0x2120 (8480) pixels
0x2D5F, 0x1CFE, 0x149E, 0x0C3F, 0x0BDE, 0x0B9D, 0x0B5B, 0x0AFA, 0x12B7, 0x1232, 0x094A, 0x0042, 0x0000, 0x0000, 0x0020, 0x0001,   // 0x2130 (8496) pixels
0x0000, 0x0000, 0x0000, 0x0000, 0x0000, 0x0000, 0x0000, 0x0000, 0x0000, 0x0000, 0x0000, 0x0000, 0x0820, 0x0000, 0x0000, 0x0000,   // 0x2140 (8512) pixels
0x0000, 0x0000, 0x0000, 0x0000, 0x0000, 0x0000, 0x0000, 0x0000, 0x0000, 0x0000, 0x0000, 0x0000, 0x0000, 0x0000, 0x0000, 0x0000,   // 0x2150 (8528) pixels
0x0000, 0x0000, 0x0000, 0x0000, 0x0000, 0x0000, 0x0000, 0x0000, 0x0000, 0x0000, 0x0000, 0x0000, 0x0000, 0x0000, 0x0000, 0x0000,   // 0x2160 (8544) pixels
0x0000, 0x0000, 0x0000, 0x0000, 0x0000, 0x0000, 0x0000, 0x0000, 0x0000, 0x0000, 0x0000, 0x0000, 0x0000, 0x0000, 0x0000, 0x0000,   // 0x2170 (8560) pixels
0x0000, 0x0000, 0x0000, 0x0000, 0x0000, 0x0000, 0x0000, 0x0000, 0x0000, 0x0000, 0x0000, 0x0000, 0x0000, 0x0000, 0x0000, 0x0000,   // 0x2180 (8576) pixels
0x0000, 0x0000, 0x0000, 0x0000, 0x0000, 0x0000, 0x0000, 0x0000, 0x0000, 0x0000, 0x0000, 0x0000, 0x0000, 0x0000, 0x0000, 0x0000,   // 0x2190 (8592) pixels
0x0000, 0x0000, 0x0000, 0x0000, 0x0000, 0x0000, 0x0000, 0x0000, 0x0000, 0x0000, 0x0000, 0x0000, 0x0000, 0x0000, 0x0800, 0x18E7,   // 0x21A0 (8608) pixels
0x21F3, 0x1219, 0x01B8, 0x09D6, 0x01D5, 0x01B5, 0x0A17, 0x1278, 0x12DA, 0x12BB, 0x127B, 0x12DC, 0x1C3D, 0x2D7F, 0x363F, 0x365F,   // 0x21B0 (8624) pixels
0x2DDF, 0x1CBD, 0x0BDC, 0x143D, 0x1D9E, 0x26BF, 0x1F1F, 0x1F1F, 0x1EDE, 0x16BE, 0x169E, 0x169E, 0x169E, 0x169E, 0x2EBE, 0x2EFF,   // 0x21C0 (8640) pixels
0x2F5F, 0x2F5F, 0x377F, 0x377F, 0x379E, 0x2F9E, 0x377E, 0x2F7E, 0x2F9F, 0x2F9F, 0x2F7F, 0x3F7E, 0x4F9E, 0x577D, 0x4F5E, 0x3EFD,   // 0x21D0 (8656) pixels
0x2F1D, 0x2F3E, 0x2F1E, 0x2F3E, 0x2F5E, 0x273D, 0x169F, 0x05BE, 0x04BD, 0x041C, 0x043D, 0x1D7F, 0x2E9F, 0x26DF, 0x25BD, 0x153E,   // 0x21E0 (8672) pixels
0x0CBF, 0x0C5F, 0x0C1F, 0x13FE, 0x1BFD, 0x1BDC, 0x1B9F, 0x237C, 0x22B4, 0x096A, 0x0042, 0x0000, 0x0000, 0x0000, 0x0000, 0x0000,   // 0x21F0 (8688) pixels
0x0000, 0x0000, 0x0000, 0x0000, 0x0000, 0x0000, 0x0000, 0x0000, 0x0000, 0x0000, 0x1081, 0x0000, 0x0000, 0x0000, 0x0000, 0x0000,   // 0x2200 (8704) pixels
0x0000, 0x0000, 0x0000, 0x0000, 0x0000, 0x0000, 0x0000, 0x0000, 0x0000, 0x0000, 0x0000, 0x0000, 0x0000, 0x0000, 0x0000, 0x0000,   // 0x2210 (8720) pixels
0x0000, 0x0000, 0x0000, 0x0000, 0x0000, 0x0000, 0x0000, 0x0000, 0x0000, 0x0000, 0x0000, 0x0000, 0x0000, 0x0000, 0x0000, 0x0000,   // 0x2220 (8736) pixels
0x0000, 0x0000, 0x0000, 0x0000, 0x0000, 0x0000, 0x0000, 0x0000, 0x0000, 0x0000, 0x0000, 0x0000, 0x0000, 0x0000, 0x0000, 0x0000,   // 0x2230 (8752) pixels
0x0000, 0x0000, 0x0000, 0x0000, 0x0000, 0x0000, 0x0000, 0x0000, 0x0000, 0x0000, 0x0000, 0x0000, 0x0000, 0x0000, 0x0000, 0x0000,   // 0x2240 (8768) pixels
0x0000, 0x0000, 0x0000, 0x0000, 0x0000, 0x0000, 0x0000, 0x0000, 0x0000, 0x0000, 0x0000, 0x0000, 0x0000, 0x0000, 0x0000, 0x0000,   // 0x2250 (8784) pixels
0x0000, 0x0000, 0x0000, 0x0000, 0x0020, 0x0020, 0x0000, 0x0000, 0x0000, 0x0000, 0x0000, 0x0000, 0x0800, 0x1928, 0x2A54, 0x19F8,   // 0x2260 (8800) pixels
0x0977, 0x0154, 0x0153, 0x01B5, 0x0A59, 0x0AFB, 0x137D, 0x135E, 0x12FD, 0x137C, 0x1CDD, 0x263E, 0x2EFF, 0x36FF, 0x2E7F, 0x1D1D,   // 0x2270 (8816) pixels
0x143D, 0x149E, 0x1DFE, 0x1F1E, 0x279E, 0x2FBE, 0x3FBE, 0x3F9E, 0x477E, 0x477E, 0x477E, 0x477E, 0x477F, 0x379E, 0x2FBF, 0x2FBE,   // 0x2280 (8832) pixels
0x2F9E, 0x2F7E, 0x2F7E, 0x279F, 0x2F7E, 0x277E, 0x279F, 0x2F9F, 0x377E, 0x5F7E, 0x8FBF, 0xA7DF, 0x67BF, 0x4F5E, 0x377E, 0x27BE,   // 0x2290 (8848) pixels
0x279E, 0x37BF, 0x47DF, 0x47BF, 0x371F, 0x263E, 0x155D, 0x04BD, 0x04BD, 0x15DF, 0x26DF, 0x1EFD, 0x1E3E, 0x0D9E, 0x04FE, 0x0C9F,   // 0x22A0 (8864) pixels
0x0C5E, 0x0C3D, 0x143D, 0x141D, 0x1BFF, 0x1BBE, 0x1B39, 0x1A73, 0x096C, 0x0065, 0x0001, 0x0000, 0x0000, 0x0000, 0x0000, 0x0000,   // 0x22B0 (8880) pixels
0x0000, 0x0000, 0x0000, 0x0000, 0x0000, 0x0000, 0x0000, 0x0000, 0x18C2, 0x0000, 0x0000, 0x0000, 0x0000, 0x0000, 0x0000, 0x0000,   // 0x22C0 (8896) pixels
0x0000, 0x0000, 0x0000, 0x0000, 0x0000, 0x0000, 0x0000, 0x0000, 0x0000, 0x0000, 0x0000, 0x0000, 0x0000, 0x0000, 0x0000, 0x0000,   // 0x22D0 (8912) pixels
0x0000, 0x0000, 0x0000, 0x0000, 0x0000, 0x0000, 0x0000, 0x0000, 0x0000, 0x0000, 0x0000, 0x0000, 0x0000, 0x0000, 0x0000, 0x0000,   // 0x22E0 (8928) pixels
0x0000, 0x0000, 0x0000, 0x0000, 0x0000, 0x0000, 0x0000, 0x0000, 0x0000, 0x0000, 0x0000, 0x0000, 0x0000, 0x0000, 0x0000, 0x0000,   // 0x22F0 (8944) pixels
0x0000, 0x0000, 0x0000, 0x0000, 0x0000, 0x0000, 0x0000, 0x0000, 0x0000, 0x0000, 0x0000, 0x0000, 0x0000, 0x0000, 0x0000, 0x0000,   // 0x2300 (8960) pixels
0x0000, 0x0000, 0x0000, 0x0000, 0x0000, 0x0000, 0x0000, 0x0000, 0x0000, 0x0000, 0x0000, 0x0000, 0x0000, 0x0000, 0x0000, 0x0000,   // 0x2310 (8976) pixels
0x0000, 0x0000, 0x0020, 0x0020, 0x0000, 0x0000, 0x0000, 0x0000, 0x0000, 0x0000, 0x0820, 0x2189, 0x2A95, 0x1A39, 0x0977, 0x0154,   // 0x2320 (8992) pixels
0x0153, 0x01D6, 0x0A9B, 0x0B3C, 0x0BDF, 0x13DF, 0x139E, 0x13FD, 0x155D, 0x1EBE, 0x2F7F, 0x2F7F, 0x2EFF, 0x259E, 0x1CBE, 0x1D1F,   // 0x2330 (9008) pixels
0x1E5E, 0x175D, 0x2FDC, 0x3FFD, 0x57FE, 0x67FE, 0x77FF, 0x7FFF, 0x7FFF, 0x77FF, 0x57FF, 0x47FF, 0x37FE, 0x2FFE, 0x2FBE, 0x2F7E,   // 0x2340 (9024) pixels
0x279E, 0x279F, 0x277E, 0x1F9E, 0x1F9E, 0x2F9E, 0x477E, 0x7F9F, 0xC7FF, 0xE7FF, 0x7FFF, 0x579F, 0x37BE, 0x27DF, 0x27BF, 0x3FDF,   // 0x2350 (9040) pixels
0x5FFF, 0x5FDF, 0x5F5F, 0x4EBF, 0x361F, 0x159E, 0x057E, 0x165F, 0x1F1F, 0x171D, 0x167F, 0x0DFE, 0x0D7D, 0x155D, 0x1D3C, 0x1CFC,   // 0x2360 (9056) pixels
0x1CBD, 0x147E, 0x1BFE, 0x13BD, 0x135C, 0x1AF9, 0x2274, 0x198D, 0x0085, 0x0000, 0x0000, 0x0000, 0x0000, 0x0000, 0x0000, 0x0000,   // 0x2370 (9072) pixels
0x0000, 0x0000, 0x0000, 0x0000, 0x0000, 0x0000, 0x20E3, 0x0000, 0x0000, 0x0000, 0x0000, 0x0000, 0x0000, 0x0000, 0x0000, 0x0000,   // 0x2380 (9088) pixels
0x0000, 0x0000, 0x0000, 0x0000, 0x0000, 0x0000, 0x0000, 0x0000, 0x0000, 0x0000, 0x0000, 0x0000, 0x0000, 0x0000, 0x0000, 0x0000,   // 0x2390 (9104) pixels
0x0000, 0x0000, 0x0000, 0x0000, 0x0000, 0x0000, 0x0000, 0x0000, 0x0000, 0x0000, 0x0000, 0x0000, 0x0000, 0x0000, 0x0000, 0x0000,   // 0x23A0 (9120) pixels
0x0000, 0x0000, 0x0000, 0x0000, 0x0000, 0x0000, 0x0000, 0x0000, 0x0000, 0x0000, 0x0000, 0x0000, 0x0000, 0x0000, 0x0000, 0x0000,   // 0x23B0 (9136) pixels
0x0000, 0x0000, 0x0000, 0x0000, 0x0000, 0x0000, 0x0000, 0x0000, 0x0000, 0x0000, 0x0000, 0x0000, 0x0000, 0x0000, 0x0000, 0x0000,   // 0x23C0 (9152) pixels
0x0000, 0x0000, 0x0000, 0x0000, 0x0000, 0x0000, 0x0000, 0x0000, 0x0000, 0x0000, 0x0000, 0x0000, 0x0000, 0x0000, 0x0000, 0x0000,   // 0x23D0 (9168) pixels
0x1820, 0x1881, 0x0000, 0x0000, 0x0841, 0x0000, 0x0000, 0x0021, 0x1065, 0x19AE, 0x1A97, 0x1ADA, 0x1259, 0x1238, 0x1279, 0x0A99,   // 0x23E0 (9184) pixels
0x0ADD, 0x137F, 0x141F, 0x14BF, 0x153D, 0x0DBD, 0x167E, 0x1EFF, 0x07BF, 0x179F, 0x273E, 0x26DD, 0x267D, 0x165D, 0x16BD, 0x277F,   // 0x23F0 (9200) pixels
0x37FF, 0x6FFF, 0xA7FF, 0xC7FE, 0xD7FE, 0xD7FF, 0xC7FF, 0xAFFE, 0x97FE, 0x5FBE, 0x27DE, 0x07DF, 0x079F, 0x179F, 0x1F7F, 0x175F,   // 0x2400 (9216) pixels
0x0FBF, 0x177E, 0x179E, 0x17BD, 0x477D, 0x9FDF, 0xC7FF, 0xA7DF, 0x3F9E, 0x2F9F, 0x1F7F, 0x0F9F, 0x17DF, 0x47FF, 0x8FFF, 0xBFFF,   // 0x2410 (9232) pixels
0xB7FF, 0x9F5F, 0x6EFE, 0x36DE, 0x0EBE, 0x06DE, 0x0F1F, 0x0F3F, 0x06FE, 0x16DE, 0x1E9D, 0x167C, 0x165D, 0x161D, 0x155D, 0x14DD,   // 0x2420 (9248) pixels
0x0C5E, 0x1B7E, 0x1B1C, 0x0B1A, 0x131A, 0x0B18, 0x0252, 0x00EA, 0x0001, 0x0000, 0x0000, 0x0000, 0x0000, 0x0000, 0x0000, 0x0800,   // 0x2430 (9264) pixels
0x0000, 0x0000, 0x0000, 0x0000, 0x0841, 0x0020, 0x0000, 0x0000, 0x0000, 0x0000, 0x0000, 0x0000, 0x0000, 0x0000, 0x0000, 0x0000,   // 0x2440 (9280) pixels
0x0000, 0x0000, 0x0000, 0x0000, 0x0000, 0x0000, 0x0000, 0x0000, 0x0000, 0x0000, 0x0000, 0x0000, 0x0000, 0x0000, 0x0000, 0x0000,   // 0x2450 (9296) pixels
0x0000, 0x0000, 0x0000, 0x0000, 0x0000, 0x0000, 0x0000, 0x0000, 0x0000, 0x0000, 0x0000, 0x0000, 0x0000, 0x0000, 0x0000, 0x0000,   // 0x2460 (9312) pixels
0x0000, 0x0000, 0x0000, 0x0000, 0x0000, 0x0000, 0x0000, 0x0000, 0x0000, 0x0000, 0x0000, 0x0000, 0x0000, 0x0000, 0x0000, 0x0000,   // 0x2470 (9328) pixels
0x0000, 0x0000, 0x0000, 0x0000, 0x0000, 0x0000, 0x0000, 0x0000, 0x0000, 0x0000, 0x0000, 0x0000, 0x0000, 0x0000, 0x0000, 0x0000,   // 0x2480 (9344) pixels
0x0000, 0x0000, 0x0000, 0x0000, 0x0000, 0x0000, 0x0000, 0x0000, 0x0000, 0x0000, 0x0000, 0x0000, 0x0000, 0x0000, 0x1840, 0x1061,   // 0x2490 (9360) pixels
0x0020, 0x0000, 0x0000, 0x0000, 0x0000, 0x0021, 0x0088, 0x1A51, 0x23DA, 0x1C3E, 0x13FD, 0x13BC, 0x1BBD, 0x1B9D, 0x137E, 0x0BBE,   // 0x24A0 (9376) pixels
0x0C5E, 0x0D1E, 0x15FE, 0x16BF, 0x171F, 0x173F, 0x177F, 0x279F, 0x2F7E, 0x375E, 0x2F5F, 0x1F3F, 0x173E, 0x1F9E, 0x57BE, 0x87BF,   // 0x24B0 (9392) pixels
0xC7DF, 0xE7DF, 0xF7FF, 0xFFFF, 0xEFFF, 0xDFFF, 0x9FFF, 0x5F9E, 0x277D, 0x075D, 0x073D, 0x175D, 0x1F5E, 0x1F5E, 0x175E, 0x1F1E,   // 0x24C0 (9408) pixels
0x1F5E, 0x177D, 0x373D, 0x7F7F, 0x8F9F, 0x675D, 0x275D, 0x1F3E, 0x0F1E, 0x073D, 0x1F5D, 0x5FBE, 0xAFFF, 0xE7FF, 0xE7FF, 0xC7BF,   // 0x24D0 (9424) pixels
0x979F, 0x579F, 0x277F, 0x175E, 0x175E, 0x075E, 0x173E, 0x1F3E, 0x1F3E, 0x1F3E, 0x1F3E, 0x16DE, 0x15FE, 0x0D3D, 0x041C, 0x137C,   // 0x24E0 (9440) pixels
0x135D, 0x13BE, 0x23FF, 0x23FE, 0x12F6, 0x118D, 0x00C7, 0x0043, 0x0000, 0x0000, 0x0020, 0x0020, 0x0000, 0x0000, 0x0000, 0x0000,   // 0x24F0 (9456) pixels
0x0000, 0x0000, 0x0841, 0x0020, 0x0000, 0x0000, 0x0000, 0x0000, 0x0000, 0x0000, 0x0000, 0x0000, 0x0000, 0x0000, 0x0000, 0x0000,   // 0x2500 (9472) pixels
0x0000, 0x0000, 0x0000, 0x0000, 0x0000, 0x0000, 0x0000, 0x0000, 0x0000, 0x0000, 0x0000, 0x0000, 0x0000, 0x0000, 0x0000, 0x0000,   // 0x2510 (9488) pixels
0x0000, 0x0000, 0x0000, 0x0000, 0x0000, 0x0000, 0x0000, 0x0000, 0x0000, 0x0000, 0x0000, 0x0000, 0x0000, 0x0000, 0x0000, 0x0000,   // 0x2520 (9504) pixels
0x0000, 0x0000, 0x0000, 0x0000, 0x0000, 0x0000, 0x0000, 0x0000, 0x0000, 0x0000, 0x0000, 0x0000, 0x0000, 0x0000, 0x0000, 0x0000,   // 0x2530 (9520) pixels
0x0000, 0x0000, 0x0000, 0x0000, 0x0000, 0x0000, 0x0000, 0x0000, 0x0000, 0x0000, 0x0000, 0x0000, 0x0000, 0x0000, 0x0000, 0x0000,   // 0x2540 (9536) pixels
0x0000, 0x0000, 0x0000, 0x0000, 0x0000, 0x0000, 0x0000, 0x0000, 0x0000, 0x0000, 0x0000, 0x0000, 0x1861, 0x0841, 0x0020, 0x0000,   // 0x2550 (9552) pixels
0x0000, 0x0000, 0x0000, 0x0022, 0x010D, 0x1AF5, 0x1C1B, 0x0C3C, 0x0C1C, 0x145D, 0x24BF, 0x147F, 0x1C7E, 0x149D, 0x0CFD, 0x0DFE,   // 0x2560 (9568) pixels
0x16FF, 0x1F7F, 0x279F, 0x279E, 0x377E, 0x3F9E, 0x47BE, 0x3FDF, 0x2FFF, 0x1FFF, 0x17BF, 0x179E, 0x5F7E, 0x8F9F, 0xBFDF, 0xDFFF,   // 0x2570 (9584) pixels
0xEFFF, 0xEFFF, 0xE7DF, 0xD7DF, 0x9FFF, 0x779F, 0x477E, 0x2F5D, 0x2F5D, 0x3F7D, 0x4F9E, 0x4F9E, 0x473F, 0x4F3F, 0x4F7F, 0x3F9E,   // 0x2580 (9600) pixels
0x4F7E, 0x6F5F, 0x6F7F, 0x4F5D, 0x3F7E, 0x3F7E, 0x375E, 0x373E, 0x475D, 0x777E, 0xBFBF, 0xE7FF, 0xE7FF, 0xCFFF, 0x9FFF, 0x67FF,   // 0x2590 (9616) pixels
0x3FFF, 0x37BF, 0x379E, 0x2F7D, 0x2F7E, 0x2F9E, 0x27BF, 0x1FFF, 0x1FFF, 0x1F9F, 0x1EBE, 0x15DD, 0x0CFC, 0x143D, 0x141E, 0x143F,   // 0x25A0 (9632) pixels
0x1C7F, 0x247F, 0x1B9A, 0x1232, 0x018E, 0x00C9, 0x0023, 0x0000, 0x0000, 0x0000, 0x0000, 0x0000, 0x0000, 0x0000, 0x0000, 0x0000,   // 0x25B0 (9648) pixels
0x0020, 0x0000, 0x0000, 0x0000, 0x0000, 0x0000, 0x0000, 0x0000, 0x0000, 0x0000, 0x0000, 0x0000, 0x0000, 0x0000, 0x0000, 0x0000,   // 0x25C0 (9664) pixels
0x0000, 0x0000, 0x0000, 0x0000, 0x0000, 0x0000, 0x0000, 0x0000, 0x0000, 0x0000, 0x0000, 0x0000, 0x0000, 0x0000, 0x0000, 0x0000,   // 0x25D0 (9680) pixels
0x0000, 0x0000, 0x0000, 0x0000, 0x0000, 0x0000, 0x0000, 0x0000, 0x0000, 0x0000, 0x0000, 0x0000, 0x0000, 0x0000, 0x0000, 0x0000,   // 0x25E0 (9696) pixels
0x0000, 0x0000, 0x0000, 0x0000, 0x0000, 0x0000, 0x0000, 0x0000, 0x0000, 0x0000, 0x0000, 0x0000, 0x0000, 0x0000, 0x0000, 0x0000,   // 0x25F0 (9712) pixels
0x0000, 0x0000, 0x0000, 0x0000, 0x0000, 0x0000, 0x0000, 0x0000, 0x0000, 0x0000, 0x0000, 0x0000, 0x0000, 0x0000, 0x0000, 0x0000,   // 0x2600 (9728) pixels
0x0000, 0x0000, 0x0000, 0x0000, 0x0000, 0x0000, 0x0000, 0x0000, 0x0000, 0x0000, 0x1061, 0x0000, 0x0000, 0x0000, 0x0800, 0x0800,   // 0x2610 (9744) pixels
0x0001, 0x0044, 0x0233, 0x1B16, 0x1317, 0x0295, 0x02B6, 0x13DB, 0x1CFF, 0x051F, 0x1D9E, 0x1DDE, 0x1E5E, 0x16DF, 0x0F5F, 0x1F9F,   // 0x2620 (9760) pixels
0x3FBE, 0x57DE, 0x77BF, 0x77BE, 0x67BE, 0x47DE, 0x27FF, 0x17DF, 0x17BE, 0x1F9D, 0x3F9E, 0x5FBE, 0x87DF, 0x9FDF, 0x9FDE, 0x9FBE,   // 0x2630 (9776) pixels
0x97BE, 0x979E, 0x8FBE, 0x8FBE, 0x8FBE, 0x8FBF, 0x97DF, 0x9FDF, 0x9FDF, 0x97DE, 0x97BF, 0x9FBF, 0x97BF, 0x8FDF, 0x97BF, 0x9FBF,   // 0x2640 (9792) pixels
0x97BF, 0x87FF, 0x97BF, 0x97DF, 0x97BF, 0x97BF, 0x979F, 0x9F9F, 0xA79E, 0xAF9E, 0x97FD, 0x87DD, 0x5FFE, 0x47FE, 0x47DE, 0x6FBF,   // 0x2650 (9808) pixels
0x87BF, 0x879E, 0x5FBE, 0x3F9E, 0x27BE, 0x17DE, 0x17FE, 0x27DE, 0x2F3E, 0x269D, 0x0DDD, 0x0D3D, 0x14DD, 0x14BD, 0x149F, 0x147F,   // 0x2660 (9824) pixels
0x141D, 0x1379, 0x0255, 0x09B0, 0x08E9, 0x0003, 0x0000, 0x0000, 0x0000, 0x0000, 0x0000, 0x0000, 0x0000, 0x0000, 0x0000, 0x0000,   // 0x2670 (9840) pixels
0x0000, 0x0000, 0x0000, 0x0000, 0x0000, 0x0000, 0x0000, 0x0000, 0x0000, 0x0000, 0x0000, 0x0000, 0x0000, 0x0000, 0x0000, 0x0000,   // 0x2680 (9856) pixels
0x0000, 0x0000, 0x0000, 0x0000, 0x0000, 0x0000, 0x0000, 0x0000, 0x0000, 0x0000, 0x0000, 0x0000, 0x0000, 0x0000, 0x0000, 0x0000,   // 0x2690 (9872) pixels
0x0000, 0x0000, 0x0000, 0x0000, 0x0000, 0x0000, 0x0000, 0x0000, 0x0000, 0x0000, 0x0000, 0x0000, 0x0000, 0x0000, 0x0000, 0x0000,   // 0x26A0 (9888) pixels
0x0000, 0x0000, 0x0000, 0x0000, 0x0000, 0x0000, 0x0000, 0x0000, 0x0000, 0x0000, 0x0000, 0x0000, 0x0000, 0x0000, 0x0000, 0x0000,   // 0x26B0 (9904) pixels
0x0000, 0x0000, 0x0000, 0x0000, 0x0000, 0x0000, 0x0000, 0x0000, 0x0000, 0x0000, 0x0000, 0x0000, 0x0000, 0x0000, 0x0000, 0x0000,   // 0x26C0 (9920) pixels
0x0000, 0x0000, 0x0000, 0x0000, 0x0000, 0x0000, 0x0000, 0x0000, 0x0841, 0x0000, 0x0000, 0x0000, 0x0800, 0x0000, 0x0002, 0x08E8,   // 0x26D0 (9936) pixels
0x1B16, 0x1AD5, 0x1233, 0x09D2, 0x1254, 0x1379, 0x14FD, 0x05BF, 0x1E7F, 0x26DF, 0x2F5F, 0x1F9F, 0x0F7E, 0x1F5D, 0x5F7E, 0x97DF,   // 0x26E0 (9952) pixels
0xB7DF, 0xAFDF, 0x8FBE, 0x5FBE, 0x1F9D, 0x079E, 0x179E, 0x2F9E, 0x279F, 0x37BE, 0x4FBF, 0x4F9E, 0x479D, 0x3F7D, 0x3F7D, 0x477E,   // 0x26F0 (9968) pixels
0x777C, 0x9FBD, 0xC7DF, 0xE7FF, 0xEFFF, 0xE7DF, 0xD7DE, 0xD7FE, 0xD7FF, 0xD7FF, 0xD7FF, 0xCFFF, 0xD7FF, 0xDFDF, 0xD7FF, 0xCFFF,   // 0x2700 (9984) pixels
0xDFDE, 0xDFDE, 0xE7DF, 0xE7DF, 0xD7DF, 0xAFBF, 0x7F9E, 0x5F7D, 0x377E, 0x2F7E, 0x1FBE, 0x1FBE, 0x4FBE, 0x97DF, 0xC7DF, 0xCFBE,   // 0x2710 (10000) pixels
0x7FBE, 0x4F7D, 0x1F7D, 0x0F9D, 0x17BD, 0x37DE, 0x3F9E, 0x371E, 0x0E9E, 0x0DFD, 0x2DBD, 0x45DE, 0x3D3E, 0x1C3E, 0x13FE, 0x143D,   // 0x2720 (10016) pixels
0x135B, 0x0A55, 0x19AF, 0x1909, 0x0044, 0x0001, 0x0000, 0x0020, 0x0000, 0x0000, 0x0000, 0x0000, 0x0000, 0x0000, 0x0000, 0x0000,   // 0x2730 (10032) pixels
0x0000, 0x0000, 0x0000, 0x0000, 0x0000, 0x0000, 0x0000, 0x0000, 0x0000, 0x0000, 0x0000, 0x0000, 0x0000, 0x0000, 0x0000, 0x0000,   // 0x2740 (10048) pixels
0x0000, 0x0000, 0x0000, 0x0000, 0x0000, 0x0000, 0x0000, 0x0000, 0x0000, 0x0000, 0x0000, 0x0000, 0x0000, 0x0000, 0x0000, 0x0000,   // 0x2750 (10064) pixels
0x0000, 0x0000, 0x0000, 0x0000, 0x0000, 0x0000, 0x0000, 0x0000, 0x0000, 0x0000, 0x0000, 0x0000, 0x0000, 0x0000, 0x0000, 0x0000,   // 0x2760 (10080) pixels
0x0000, 0x0000, 0x0000, 0x0000, 0x0000, 0x0000, 0x0000, 0x0000, 0x0000, 0x0000, 0x0000, 0x0000, 0x0000, 0x0000, 0x0000, 0x0000,   // 0x2770 (10096) pixels
0x0000, 0x0000, 0x0000, 0x0000, 0x0000, 0x0000, 0x0000, 0x0000, 0x0000, 0x0000, 0x0000, 0x0000, 0x0000, 0x0000, 0x0000, 0x0000,   // 0x2780 (10112) pixels
0x0000, 0x0000, 0x0000, 0x0000, 0x0000, 0x0000, 0x0020, 0x0000, 0x0000, 0x0000, 0x0000, 0x0000, 0x0086, 0x11EF, 0x22F6, 0x1253,   // 0x2790 (10128) pixels
0x0233, 0x12F6, 0x1B7A, 0x13FB, 0x14FC, 0x1DFE, 0x1F1F, 0x2F5F, 0x37BE, 0x27DE, 0x0F7E, 0x273D, 0x777E, 0xBFDF, 0xE7DF, 0xDFDF,   // 0x27A0 (10144) pixels
0xB7DF, 0x6F9E, 0x275D, 0x075D, 0x1F7E, 0x377E, 0x277F, 0x2F7F, 0x2F7E, 0x2F7E, 0x1F7E, 0x0F5D, 0x175E, 0x275F, 0x5F9C, 0x97DE,   // 0x27B0 (10160) pixels
0xD7FF, 0xFFDF, 0xFFDF, 0xEFBF, 0xDFBE, 0xDFFE, 0xDFFE, 0xDFFE, 0xDFFE, 0xE7FF, 0xE7FF, 0xE7FF, 0xDFFF, 0xDFFF, 0xE7FE, 0xEFDE,   // 0x27C0 (10176) pixels
0xF7DE, 0xFFDF, 0xE7FF, 0xAFDF, 0x679E, 0x2F5D, 0x0F1F, 0x075F, 0x079F, 0x17BF, 0x57BF, 0xAFFF, 0xE7FF, 0xEFDE, 0x979E, 0x5F5D,   // 0x27D0 (10192) pixels
0x1F5E, 0x0F7E, 0x1F9E, 0x3FDE, 0x4FDF, 0x475E, 0x16FF, 0x167E, 0x46BF, 0x7F1F, 0x65FF, 0x2BFC, 0x133B, 0x13FC, 0x241D, 0x0A75,   // 0x27E0 (10208) pixels
0x11F1, 0x21CF, 0x112B, 0x0045, 0x0001, 0x0020, 0x0000, 0x0000, 0x0000, 0x0000, 0x0000, 0x0000, 0x0000, 0x0000, 0x0000, 0x0000,   // 0x27F0 (10224) pixels
0x0000, 0x0000, 0x0000, 0x0000, 0x0000, 0x0000, 0x0000, 0x0000, 0x0000, 0x0000, 0x0000, 0x0000, 0x0000, 0x0000, 0x0000, 0x0000,   // 0x2800 (10240) pixels
0x0000, 0x0000, 0x0000, 0x0000, 0x0000, 0x0000, 0x0000, 0x0000, 0x0000, 0x0000, 0x0000, 0x0000, 0x0000, 0x0000, 0x0000, 0x0000,   // 0x2810 (10256) pixels
0x0000, 0x0000, 0x0000, 0x0000, 0x0000, 0x0000, 0x0000, 0x0000, 0x0000, 0x0000, 0x0000, 0x0000, 0x0000, 0x0000, 0x0000, 0x0000,   // 0x2820 (10272) pixels
0x0000, 0x0000, 0x0000, 0x0000, 0x0000, 0x0000, 0x0000, 0x0000, 0x0000, 0x0000, 0x0000, 0x0000, 0x0000, 0x0000, 0x0000, 0x0000,   // 0x2830 (10288) pixels
0x0000, 0x0000, 0x0000, 0x0000, 0x0000, 0x0000, 0x0000, 0x0000, 0x0000, 0x0000, 0x0000, 0x0000, 0x0000, 0x0000, 0x0000, 0x0000,   // 0x2840 (10304) pixels
0x0000, 0x0000, 0x0000, 0x0000, 0x0020, 0x0000, 0x0000, 0x0000, 0x0000, 0x0022, 0x096B, 0x1273, 0x1A34, 0x0A54, 0x0AF6, 0x143C,   // 0x2850 (10320) pixels
0x149F, 0x045E, 0x151E, 0x25FE, 0x273F, 0x377E, 0x37DE, 0x1FFE, 0x079E, 0x175E, 0x779E, 0xCFFF, 0xFFFF, 0xF7FF, 0xCFFF, 0x7FBF,   // 0x2860 (10336) pixels
0x275D, 0x075D, 0x177E, 0x377E, 0x2F7F, 0x277E, 0x277E, 0x277E, 0x179E, 0x077E, 0x0F7F, 0x1F7F, 0x4F9E, 0x7FDF, 0xB7BF, 0xD7BF,   // 0x2870 (10352) pixels
0xCFDF, 0xBFDF, 0xB7BF, 0xB7DF, 0xB7BE, 0xB7FF, 0xB7FF, 0xB7FF, 0xBFDF, 0xB7FF, 0xB7FF, 0xB7BE, 0xBFFF, 0xBFFF, 0xC7FE, 0xCFFE,   // 0x2880 (10368) pixels
0xBFDF, 0x97BF, 0x577F, 0x275E, 0x0F3F, 0x075F, 0x079F, 0x179F, 0x579F, 0xBFDF, 0xF7FF, 0xF7FD, 0x9FBF, 0x5F5E, 0x1F5E, 0x079F,   // 0x2890 (10384) pixels
0x1FBE, 0x47FF, 0x57FF, 0x479E, 0x16FF, 0x0EBE, 0x36BF, 0x5EDF, 0x4DBF, 0x23DD, 0x1B1B, 0x139A, 0x1BBA, 0x0275, 0x1233, 0x1A12,   // 0x28A0 (10400) pixels
0x118F, 0x08EA, 0x0023, 0x0000, 0x0000, 0x0000, 0x0000, 0x0000, 0x0000, 0x0000, 0x0000, 0x0000, 0x0000, 0x0000, 0x0000, 0x0000,   // 0x28B0 (10416) pixels
0x0000, 0x0000, 0x0000, 0x0000, 0x0000, 0x0000, 0x0000, 0x0000, 0x0000, 0x0000, 0x0000, 0x0000, 0x0000, 0x0000, 0x0000, 0x0000,   // 0x28C0 (10432) pixels
0x0000, 0x0000, 0x0000, 0x0000, 0x0000, 0x0000, 0x0000, 0x0000, 0x0000, 0x0000, 0x0000, 0x0000, 0x0000, 0x0000, 0x0000, 0x0000,   // 0x28D0 (10448) pixels
0x0000, 0x0000, 0x0000, 0x0000, 0x0000, 0x0000, 0x0000, 0x0000, 0x0000, 0x0000, 0x0000, 0x0000, 0x0000, 0x0000, 0x0000, 0x0000,   // 0x28E0 (10464) pixels
0x0000, 0x0000, 0x0000, 0x0000, 0x0000, 0x0000, 0x0000, 0x0000, 0x0000, 0x0000, 0x0000, 0x0000, 0x0000, 0x0000, 0x0000, 0x0000,   // 0x28F0 (10480) pixels
0x0000, 0x0000, 0x0000, 0x0000, 0x0000, 0x0000, 0x0000, 0x0000, 0x0000, 0x0000, 0x0000, 0x0000, 0x0000, 0x0000, 0x0000, 0x0000,   // 0x2900 (10496) pixels
0x0000, 0x0000, 0x0020, 0x0000, 0x0000, 0x0000, 0x0000, 0x00A5, 0x11EE, 0x0A74, 0x11D3, 0x1A95, 0x139A, 0x149F, 0x04BF, 0x049F,   // 0x2910 (10512) pixels
0x0D3F, 0x25FE, 0x2F3F, 0x3F7E, 0x3FFE, 0x1FFE, 0x07BE, 0x0F7E, 0x6FBF, 0xCFFF, 0xFFFF, 0xFFFF, 0xD7FF, 0x7FBF, 0x1F5D, 0x077E,   // 0x2920 (10528) pixels
0x177E, 0x375E, 0x2FBE, 0x1F9E, 0x1F9E, 0x17BE, 0x0FDE, 0x07BE, 0x079E, 0x1F7F, 0x377F, 0x677F, 0x8F7E, 0x979D, 0x97DE, 0x87DE,   // 0x2930 (10544) pixels
0x7F9E, 0x879F, 0x8F9F, 0x879F, 0x7FBF, 0x87BF, 0x7F9E, 0x7FDF, 0x7FFF, 0x7FBE, 0x879F, 0x87BF, 0x8FDE, 0x97DD, 0x97BE, 0x779E,   // 0x2940 (10560) pixels
0x4F5E, 0x275E, 0x0F5F, 0x077F, 0x077E, 0x0F5D, 0x5F3E, 0xBFBF, 0xFFFF, 0xFFDE, 0x9FFF, 0x577E, 0x177F, 0x079F, 0x1F9F, 0x47FF,   // 0x2950 (10576) pixels
0x57FF, 0x3FBF, 0x173F, 0x06DF, 0x0E5F, 0x1DBF, 0x0CDE, 0x0BBD, 0x1B3B, 0x0B98, 0x0316, 0x0294, 0x1AB5, 0x1214, 0x11B1, 0x21CF,   // 0x2960 (10592) pixels
0x18E8, 0x0801, 0x0000, 0x0000, 0x0000, 0x0000, 0x0000, 0x0000, 0x0020, 0x0000, 0x0000, 0x0000, 0x0000, 0x0000, 0x0000, 0x0000,   // 0x2970 (10608) pixels
0x0000, 0x0000, 0x0000, 0x0000, 0x0000, 0x0000, 0x0000, 0x0000, 0x0000, 0x0000, 0x0000, 0x0000, 0x0000, 0x0000, 0x0000, 0x0000,   // 0x2980 (10624) pixels
0x0000, 0x0000, 0x0000, 0x0000, 0x0000, 0x0000, 0x0000, 0x0000, 0x0000, 0x0000, 0x0000, 0x0000, 0x0000, 0x0000, 0x0000, 0x0000,   // 0x2990 (10640) pixels
0x0000, 0x0000, 0x0000, 0x0000, 0x0000, 0x0000, 0x0000, 0x0000, 0x0000, 0x0000, 0x0000, 0x0000, 0x0000, 0x0000, 0x0000, 0x0000,   // 0x29A0 (10656) pixels
0x0000, 0x0000, 0x0000, 0x0000, 0x0000, 0x0000, 0x0000, 0x0000, 0x0000, 0x0000, 0x0000, 0x0000, 0x0000, 0x0000, 0x0000, 0x0000,   // 0x29B0 (10672) pixels
0x0000, 0x0000, 0x0000, 0x0000, 0x0000, 0x0000, 0x0000, 0x0000, 0x0000, 0x0000, 0x0000, 0x0000, 0x0020, 0x0020, 0x0020, 0x0000,   // 0x29C0 (10688) pixels
0x0800, 0x0000, 0x0000, 0x0000, 0x08E5, 0x120F, 0x1212, 0x21F1, 0x12B8, 0x0B99, 0x049B, 0x0D1F, 0x1CDF, 0x145F, 0x0CDE, 0x25FF,   // 0x29D0 (10704) pixels
0x36FF, 0x3F7E, 0x3FFE, 0x17FF, 0x079F, 0x073E, 0x5F7E, 0xB7FE, 0xFFDF, 0xFFFF, 0xD7DF, 0x7F9E, 0x277C, 0x077C, 0x177E, 0x375F,   // 0x29E0 (10720) pixels
0x2F9E, 0x2F9E, 0x279E, 0x279E, 0x279E, 0x277E, 0x277E, 0x277E, 0x377E, 0x3F7E, 0x3F7E, 0x3F9F, 0x3F9F, 0x3F9F, 0x3F9F, 0x3F9F,   // 0x29F0 (10736) pixels
0x479E, 0x479E, 0x479E, 0x479E, 0x479E, 0x479E, 0x479E, 0x479E, 0x479E, 0x479E, 0x47BF, 0x3FBF, 0x3FBF, 0x3F9E, 0x377E, 0x2F3D,   // 0x2A00 (10752) pixels
0x175F, 0x0F5F, 0x077F, 0x077F, 0x3F9F, 0xB7FF, 0xF7FF, 0xFFFD, 0xAF7F, 0x5F7F, 0x079F, 0x077E, 0x179E, 0x4FDF, 0x5FFF, 0x4F9F,   // 0x2A10 (10768) pixels
0x16DF, 0x069F, 0x061F, 0x057F, 0x149F, 0x139C, 0x13BB, 0x1C7D, 0x1B9B, 0x139B, 0x1BDB, 0x0AF7, 0x0A33, 0x11D1, 0x21CF, 0x00AA,   // 0x2A20 (10784) pixels
0x0001, 0x0000, 0x0800, 0x0000, 0x0000, 0x0021, 0x0000, 0x0000, 0x0000, 0x0000, 0x0000, 0x0000, 0x0000, 0x0000, 0x0000, 0x0000,   // 0x2A30 (10800) pixels
0x0000, 0x0000, 0x0000, 0x0000, 0x0000, 0x0000, 0x0000, 0x0000, 0x0000, 0x0000, 0x0000, 0x0000, 0x0000, 0x0000, 0x0000, 0x0000,   // 0x2A40 (10816) pixels
0x0000, 0x0000, 0x0000, 0x0000, 0x0000, 0x0000, 0x0000, 0x0000, 0x0000, 0x0000, 0x0000, 0x0000, 0x0000, 0x0000, 0x0000, 0x0000,   // 0x2A50 (10832) pixels
0x0000, 0x0000, 0x0000, 0x0000, 0x0000, 0x0000, 0x0000, 0x0000, 0x0000, 0x0000, 0x0000, 0x0000, 0x0000, 0x0000, 0x0000, 0x0000,   // 0x2A60 (10848) pixels
0x0000, 0x0000, 0x0000, 0x0000, 0x0000, 0x0000, 0x0000, 0x0000, 0x0000, 0x0000, 0x0000, 0x0000, 0x0000, 0x0000, 0x0000, 0x0000,   // 0x2A70 (10864) pixels
0x0000, 0x0000, 0x0000, 0x0000, 0x0000, 0x0000, 0x0000, 0x0000, 0x0000, 0x0000, 0x0020, 0x0020, 0x0020, 0x0000, 0x0000, 0x0000,   // 0x2A80 (10880) pixels
0x0000, 0x0883, 0x118B, 0x1211, 0x1254, 0x1A94, 0x137B, 0x0C1B, 0x0CDD, 0x157F, 0x1D7F, 0x1D1F, 0x155E, 0x1DFF, 0x26FF, 0x2F5F,   // 0x2A90 (10896) pixels
0x37DF, 0x27DF, 0x1F7E, 0x2F1D, 0x677D, 0x9FFE, 0xD7BF, 0xCFBF, 0xA7BF, 0x679E, 0x2F7D, 0x0F7D, 0x1F7E, 0x375F, 0x2F9E, 0x2F9E,   // 0x2AA0 (10912) pixels
0x2F9E, 0x2F9E, 0x2F9E, 0x2F9E, 0x2F9E, 0x2F9E, 0x279E, 0x277E, 0x1F5E, 0x1F5D, 0x1F5D, 0x1F5E, 0x277E, 0x277E, 0x1F7D, 0x1F7D,   // 0x2AB0 (10928) pixels
0x1F7D, 0x1F7D, 0x1F7D, 0x1F7D, 0x1F7D, 0x1F7D, 0x275E, 0x275E, 0x1F5D, 0x1F5E, 0x1F5E, 0x1F7E, 0x1F7E, 0x1F7E, 0x1F3D, 0x275E,   // 0x2AC0 (10944) pixels
0x277E, 0x377E, 0x677F, 0xA7DF, 0xD7FF, 0xDFFF, 0xA79F, 0x777E, 0x377D, 0x1F7D, 0x279E, 0x47DF, 0x3FDF, 0x2F9F, 0x1EFF, 0x0EBF,   // 0x2AD0 (10960) pixels
0x061E, 0x059E, 0x255F, 0x2CFE, 0x24DD, 0x24FC, 0x24BE, 0x141C, 0x141C, 0x1BFB, 0x1B38, 0x0A33, 0x11F1, 0x11AE, 0x0063, 0x0000,   // 0x2AE0 (10976) pixels
0x0000, 0x0000, 0x0000, 0x0021, 0x0000, 0x0000, 0x0000, 0x0000, 0x0000, 0x0000, 0x0000, 0x0000, 0x0000, 0x0000, 0x0000, 0x0000,   // 0x2AF0 (10992) pixels
0x0000, 0x0000, 0x0000, 0x0000, 0x0000, 0x0000, 0x0000, 0x0000, 0x0000, 0x0000, 0x0000, 0x0000, 0x0000, 0x0000, 0x0000, 0x0000,   // 0x2B00 (11008) pixels
0x0000, 0x0000, 0x0000, 0x0000, 0x0000, 0x0000, 0x0000, 0x0000, 0x0000, 0x0000, 0x0000, 0x0000, 0x0000, 0x0000, 0x0000, 0x0000,   // 0x2B10 (11024) pixels
0x0000, 0x0000, 0x0000, 0x0000, 0x0000, 0x0000, 0x0000, 0x0000, 0x0000, 0x0000, 0x0000, 0x0000, 0x0000, 0x0000, 0x0000, 0x0000,   // 0x2B20 (11040) pixels
0x0000, 0x0000, 0x0000, 0x0000, 0x0000, 0x0000, 0x0000, 0x0000, 0x0000, 0x0000, 0x0000, 0x0000, 0x0000, 0x0000, 0x0000, 0x0000,   // 0x2B30 (11056) pixels
0x0000, 0x0000, 0x0000, 0x0000, 0x0000, 0x0000, 0x0000, 0x0000, 0x0020, 0x0020, 0x0000, 0x0000, 0x0001, 0x0000, 0x0041, 0x116A,   // 0x2B40 (11072) pixels
0x2231, 0x1213, 0x12B6, 0x0B59, 0x0C1C, 0x0C3D, 0x0CFE, 0x1DBF, 0x263F, 0x265F, 0x1E5F, 0x1E3F, 0x0EDE, 0x16FE, 0x273F, 0x3F5E,   // 0x2B50 (11088) pixels
0x5F5E, 0x775D, 0x777E, 0x779E, 0x7F7F, 0x6F7F, 0x5F7E, 0x477F, 0x2F9E, 0x279E, 0x277E, 0x377F, 0x2F9E, 0x2F9E, 0x379E, 0x379E,   // 0x2B60 (11104) pixels
0x379F, 0x37BF, 0x37BF, 0x37BF, 0x1FBF, 0x1F9F, 0x1F7F, 0x175E, 0x175E, 0x175E, 0x177E, 0x1F7F, 0x0F7E, 0x0F7E, 0x0F7E, 0x0F7E,   // 0x2B70 (11120) pixels
0x0F7E, 0x0F7E, 0x0F7E, 0x0F7E, 0x1F7E, 0x175E, 0x173E, 0x175E, 0x175F, 0x175E, 0x177F, 0x1FBF, 0x3F7E, 0x57BF, 0x6F9E, 0x877E,   // 0x2B80 (11136) pixels
0x979F, 0x875E, 0x873E, 0x977F, 0xA7BF, 0x9FBE, 0x8F9D, 0x6F7D, 0x4F9E, 0x2F9E, 0x177E, 0x0F7E, 0x1EFD, 0x271E, 0x1EBE, 0x1E5E,   // 0x2B90 (11152) pixels
0x369F, 0x46DF, 0x3E7F, 0x2DFD, 0x1D7F, 0x0CBD, 0x14BE, 0x2CDF, 0x2C3D, 0x12D7, 0x1253, 0x1A52, 0x1107, 0x0022, 0x0000, 0x0000,   // 0x2BA0 (11168) pixels
0x0000, 0x0000, 0x0000, 0x0000, 0x0000, 0x0000, 0x0000, 0x0000, 0x0000, 0x0000, 0x0000, 0x0000, 0x0000, 0x0000, 0x0000, 0x0000,   // 0x2BB0 (11184) pixels
0x0000, 0x0000, 0x0000, 0x0000, 0x0000, 0x0000, 0x0000, 0x0000, 0x0000, 0x0000, 0x0000, 0x0000, 0x0000, 0x0000, 0x0000, 0x0000,   // 0x2BC0 (11200) pixels
0x0000, 0x0000, 0x0000, 0x0000, 0x0000, 0x0000, 0x0000, 0x0000, 0x0000, 0x0000, 0x0000, 0x0000, 0x0000, 0x0000, 0x0000, 0x0000,   // 0x2BD0 (11216) pixels
0x0000, 0x0000, 0x0000, 0x0000, 0x0000, 0x0000, 0x0000, 0x0000, 0x0000, 0x0000, 0x0000, 0x0000, 0x0000, 0x0000, 0x0000, 0x0000,   // 0x2BE0 (11232) pixels
0x0000, 0x0000, 0x0000, 0x0000, 0x0000, 0x0000, 0x0000, 0x0000, 0x0000, 0x0000, 0x0000, 0x0000, 0x0000, 0x0000, 0x0000, 0x0000,   // 0x2BF0 (11248) pixels
0x0000, 0x0000, 0x0000, 0x0000, 0x0000, 0x0000, 0x0000, 0x0000, 0x0000, 0x0000, 0x0000, 0x0000, 0x0084, 0x19EE, 0x2233, 0x1A14,   // 0x2C00 (11264) pixels
0x12F7, 0x0BDC, 0x0C3D, 0x0C5D, 0x14FF, 0x25FF, 0x2EFF, 0x2F7F, 0x275F, 0x16DF, 0x069E, 0x067E, 0x167E, 0x56DE, 0xA77E, 0xBFDF,   // 0x2C10 (11280) pixels
0x979F, 0x573E, 0x2F3E, 0x271D, 0x1F1D, 0x275F, 0x2F9F, 0x379F, 0x379E, 0x379E, 0x377E, 0x377E, 0x377E, 0x377E, 0x379E, 0x379E,   // 0x2C20 (11296) pixels
0x379F, 0x379F, 0x2FBF, 0x2FBF, 0x279F, 0x279F, 0x279F, 0x279F, 0x279F, 0x279F, 0x2F9F, 0x2F9F, 0x2F9F, 0x2F9F, 0x2F9F, 0x2F9F,   // 0x2C30 (11312) pixels
0x2F9F, 0x2F9F, 0x2F9F, 0x277F, 0x277F, 0x2FBF, 0x279F, 0x1F7F, 0x1F7F, 0x27BF, 0x67BE, 0x87FF, 0xB7FF, 0xD7BF, 0xBFBF, 0x6EFC,   // 0x2C40 (11328) pixels
0x3E7C, 0x46DF, 0x9F9F, 0xCFFF, 0xDFFF, 0xBFDE, 0x775E, 0x26FC, 0x06DC, 0x073D, 0x1F3D, 0x2F7F, 0x2F5F, 0x1EDD, 0x1EDE, 0x2F3F,   // 0x2C50 (11344) pixels
0x2EFF, 0x1E3D, 0x059E, 0x053E, 0x14DF, 0x1C7F, 0x1BDE, 0x1B3A, 0x1275, 0x11F2, 0x19AC, 0x0065, 0x0000, 0x0000, 0x0000, 0x0000,   // 0x2C60 (11360) pixels
0x0000, 0x0000, 0x0000, 0x0000, 0x0000, 0x0000, 0x0000, 0x0000, 0x0000, 0x0000, 0x0000, 0x0000, 0x0000, 0x0000, 0x0000, 0x0000,   // 0x2C70 (11376) pixels
0x0000, 0x0000, 0x0000, 0x0000, 0x0000, 0x0000, 0x0000, 0x0000, 0x0000, 0x0000, 0x0000, 0x0000, 0x0000, 0x0000, 0x0000, 0x0000,   // 0x2C80 (11392) pixels
0x0000, 0x0000, 0x0000, 0x0000, 0x0000, 0x0000, 0x0000, 0x0000, 0x0000, 0x0000, 0x0000, 0x0000, 0x0000, 0x0000, 0x0000, 0x0000,   // 0x2C90 (11408) pixels
0x0000, 0x0000, 0x0000, 0x0000, 0x0000, 0x0000, 0x0000, 0x0000, 0x0000, 0x0000, 0x0000, 0x0000, 0x0000, 0x0000, 0x0000, 0x0000,   // 0x2CA0 (11424) pixels
0x0000, 0x0000, 0x0000, 0x0000, 0x0000, 0x0000, 0x0000, 0x0000, 0x0000, 0x0000, 0x0000, 0x0000, 0x0000, 0x0000, 0x0000, 0x0000,   // 0x2CB0 (11440) pixels
0x0000, 0x0000, 0x0000, 0x0000, 0x0000, 0x0000, 0x0000, 0x0000, 0x0000, 0x0000, 0x08E7, 0x11F0, 0x11F3, 0x1A55, 0x1B39, 0x143D,   // 0x2CC0 (11456) pixels
0x143E, 0x145E, 0x251F, 0x263F, 0x271F, 0x27BF, 0x1FBF, 0x0F1F, 0x0E5E, 0x063E, 0x163D, 0x5EBE, 0xBF9F, 0xD7FF, 0x9F9F, 0x56FE,   // 0x2CD0 (11472) pixels
0x16FD, 0x0EDD, 0x0EFD, 0x173E, 0x2F7F, 0x379F, 0x379E, 0x379E, 0x377E, 0x377E, 0x377E, 0x377E, 0x377E, 0x377E, 0x377E, 0x377E,   // 0x2CE0 (11488) pixels
0x2F9E, 0x379E, 0x37BE, 0x37BE, 0x37BE, 0x37BE, 0x37BE, 0x379E, 0x3F7F, 0x3F7F, 0x3F7F, 0x3F7F, 0x3F7F, 0x3F7F, 0x3F7F, 0x3F7F,   // 0x2CF0 (11504) pixels
0x379F, 0x379E, 0x379F, 0x37BF, 0x379F, 0x275E, 0x275E, 0x2F9E, 0x6F9E, 0x9FFF, 0xCFFF, 0xEFFF, 0xCFDF, 0x6F1C, 0x1E5B, 0x1EBE,   // 0x2D00 (11520) pixels
0x975E, 0xCFFF, 0xF7FF, 0xDFDF, 0x975E, 0x3EDC, 0x16BC, 0x0F1D, 0x1F9E, 0x27BF, 0x277F, 0x0EFE, 0x06DD, 0x0F1F, 0x0F1F, 0x0EBD,   // 0x2D10 (11536) pixels
0x05FE, 0x157F, 0x1CDF, 0x13DF, 0x137D, 0x235C, 0x1A77, 0x1192, 0x21EF, 0x08C8, 0x0001, 0x0000, 0x0000, 0x0000, 0x0000, 0x0000,   // 0x2D20 (11552) pixels
0x0000, 0x0000, 0x0000, 0x0000, 0x0000, 0x0000, 0x0000, 0x0000, 0x0000, 0x0000, 0x0000, 0x0000, 0x0000, 0x0000, 0x0000, 0x0000,   // 0x2D30 (11568) pixels
0x0000, 0x0000, 0x0000, 0x0000, 0x0000, 0x0000, 0x0000, 0x0000, 0x0000, 0x0000, 0x0000, 0x0000, 0x0000, 0x0000, 0x0000, 0x0000,   // 0x2D40 (11584) pixels
0x0000, 0x0000, 0x0000, 0x0000, 0x0000, 0x0000, 0x0000, 0x0000, 0x0000, 0x0000, 0x0000, 0x0000, 0x0000, 0x0000, 0x0000, 0x0000,   // 0x2D50 (11600) pixels
0x0000, 0x0000, 0x0000, 0x0000, 0x0000, 0x0000, 0x0000, 0x0000, 0x0000, 0x0000, 0x0000, 0x0000, 0x0000, 0x0000, 0x0000, 0x0000,   // 0x2D60 (11616) pixels
0x0000, 0x0000, 0x0000, 0x0000, 0x0000, 0x0000, 0x0000, 0x0000, 0x0000, 0x0000, 0x0000, 0x0000, 0x0000, 0x0000, 0x0000, 0x0000,   // 0x2D70 (11632) pixels
0x0000, 0x0000, 0x0000, 0x0000, 0x0000, 0x0000, 0x0000, 0x0844, 0x194B, 0x11D1, 0x1234, 0x22F8, 0x239B, 0x1BFE, 0x13DD, 0x1C5E,   // 0x2D80 (11648) pixels
0x1D3F, 0x1E1F, 0x1EBF, 0x1F1F, 0x171F, 0x06DF, 0x0E5E, 0x0E7E, 0x26BE, 0x571E, 0x9F9F, 0xB7DF, 0x979F, 0x671D, 0x36FD, 0x2EFD,   // 0x2D90 (11664) pixels
0x271D, 0x275E, 0x2F7F, 0x2F9F, 0x2F9E, 0x379E, 0x379E, 0x377E, 0x377E, 0x377E, 0x377E, 0x377E, 0x377E, 0x377E, 0x37BE, 0x37BE,   // 0x2DA0 (11680) pixels
0x37BE, 0x379E, 0x379E, 0x379E, 0x379E, 0x379E, 0x379E, 0x379E, 0x379E, 0x379E, 0x379E, 0x379E, 0x379E, 0x379E, 0x379E, 0x379E,   // 0x2DB0 (11696) pixels
0x37BE, 0x37BE, 0x2F9E, 0x277D, 0x277D, 0x2FBE, 0x679E, 0x8FFF, 0xB7FF, 0xCFFF, 0xBFDF, 0x773D, 0x3EBC, 0x2EDE, 0x871E, 0xA77F,   // 0x2DC0 (11712) pixels
0xBFBF, 0xBFBF, 0xA77F, 0x773E, 0x4F3E, 0x3F5E, 0x1F9F, 0x1F9F, 0x1F9F, 0x175F, 0x0F1F, 0x173F, 0x175F, 0x0F3F, 0x1E5F, 0x1D5E,   // 0x2DD0 (11728) pixels
0x247F, 0x1BBF, 0x1B5E, 0x239D, 0x1A96, 0x11B2, 0x19F1, 0x114B, 0x0023, 0x0000, 0x0000, 0x0000, 0x0000, 0x0000, 0x0000, 0x0000,   // 0x2DE0 (11744) pixels
0x0000, 0x0000, 0x0000, 0x0000, 0x0000, 0x0000, 0x0000, 0x0000, 0x0000, 0x0000, 0x0000, 0x0000, 0x0000, 0x0000, 0x0000, 0x0000,   // 0x2DF0 (11760) pixels
0x0000, 0x0000, 0x0000, 0x0000, 0x0000, 0x0000, 0x0000, 0x0000, 0x0000, 0x0000, 0x0000, 0x0000, 0x0000, 0x0000, 0x0000, 0x0000,   // 0x2E00 (11776) pixels
0x0000, 0x0000, 0x0000, 0x0000, 0x0000, 0x0000, 0x0000, 0x0000, 0x0000, 0x0000, 0x0000, 0x0000, 0x0000, 0x0000, 0x0000, 0x0000,   // 0x2E10 (11792) pixels
0x0000, 0x0000, 0x0000, 0x0000, 0x0000, 0x0000, 0x0000, 0x0000, 0x0000, 0x0000, 0x0000, 0x0000, 0x0000, 0x0000, 0x0000, 0x0000,   // 0x2E20 (11808) pixels
0x0000, 0x0000, 0x0000, 0x0000, 0x0000, 0x0000, 0x0000, 0x0000, 0x0000, 0x0000, 0x0000, 0x0000, 0x0000, 0x0000, 0x0000, 0x0000,   // 0x2E30 (11824) pixels
0x0000, 0x0000, 0x0000, 0x0000, 0x0042, 0x194A, 0x19B0, 0x09F3, 0x12F7, 0x1BBB, 0x13BD, 0x1B7D, 0x13BD, 0x14BE, 0x1DBF, 0x1E1F,   // 0x2E40 (11840) pixels
0x1DFF, 0x15DE, 0x15DE, 0x0E3E, 0x167E, 0x1EFF, 0x277F, 0x3FBE, 0x57BF, 0x6F9E, 0x7F9E, 0x7F9E, 0x775E, 0x777E, 0x677F, 0x477F,   // 0x2E50 (11856) pixels
0x2F7E, 0x279E, 0x279F, 0x377F, 0x379E, 0x379E, 0x379E, 0x379E, 0x379E, 0x379E, 0x379E, 0x379E, 0x37BF, 0x379E, 0x379E, 0x379E,   // 0x2E60 (11872) pixels
0x379E, 0x379E, 0x379E, 0x379E, 0x379E, 0x379E, 0x379E, 0x379E, 0x379E, 0x379E, 0x379E, 0x379E, 0x379E, 0x379E, 0x379E, 0x379E,   // 0x2E70 (11888) pixels
0x379E, 0x2F9E, 0x2F9E, 0x2FBF, 0x57BF, 0x67BF, 0x7FDF, 0x8FBE, 0x977D, 0x8F5D, 0x7F3D, 0x5F3D, 0x6F1E, 0x673E, 0x5F5E, 0x775E,   // 0x2E80 (11904) pixels
0x977E, 0x9FBF, 0x8FDF, 0x679F, 0x2FBF, 0x1F9F, 0x179F, 0x175F, 0x16DF, 0x169F, 0x16FF, 0x0F3F, 0x265F, 0x1CDD, 0x1BDE, 0x1B5E,   // 0x2E90 (11920) pixels
0x135D, 0x23FD, 0x1B37, 0x1252, 0x11D2, 0x198E, 0x0865, 0x0000, 0x0000, 0x0000, 0x0000, 0x0000, 0x0000, 0x0000, 0x0000, 0x0000,   // 0x2EA0 (11936) pixels
0x0000, 0x0000, 0x0000, 0x0000, 0x0000, 0x0000, 0x0000, 0x0000, 0x0000, 0x0000, 0x0000, 0x0000, 0x0000, 0x0000, 0x0000, 0x0000,   // 0x2EB0 (11952) pixels
0x0000, 0x0000, 0x0000, 0x0000, 0x0000, 0x0000, 0x0000, 0x0000, 0x0000, 0x0000, 0x0000, 0x0000, 0x0000, 0x0000, 0x0000, 0x0000,   // 0x2EC0 (11968) pixels
0x0000, 0x0000, 0x0000, 0x0000, 0x0000, 0x0000, 0x0000, 0x0000, 0x0000, 0x0000, 0x0000, 0x0000, 0x0000, 0x0000, 0x0000, 0x0000,   // 0x2ED0 (11984) pixels
0x0000, 0x0000, 0x0000, 0x0000, 0x0000, 0x0000, 0x0000, 0x0000, 0x0000, 0x0000, 0x0000, 0x0000, 0x0000, 0x0000, 0x0000, 0x0000,   // 0x2EE0 (12000) pixels
0x0000, 0x0000, 0x0000, 0x0000, 0x0000, 0x0000, 0x0000, 0x0000, 0x0000, 0x0000, 0x0000, 0x0000, 0x0000, 0x0000, 0x0000, 0x0000,   // 0x2EF0 (12016) pixels
0x0000, 0x0000, 0x00A5, 0x2230, 0x1A14, 0x0A14, 0x1BBA, 0x143E, 0x0B9E, 0x12FD, 0x1C3F, 0x257F, 0x1E7F, 0x1E5F, 0x1D9F, 0x1CFE,   // 0x2F00 (12032) pixels
0x14FD, 0x1DBD, 0x169F, 0x1F3F, 0x27DE, 0x1FFE, 0x27DE, 0x3F9E, 0x67BE, 0x8FFE, 0xAFBF, 0xA7DF, 0x8FDF, 0x5FBF, 0x2F9E, 0x179E,   // 0x2F10 (12048) pixels
0x277E, 0x375F, 0x379E, 0x379E, 0x379E, 0x379E, 0x379E, 0x379E, 0x379E, 0x379E, 0x375F, 0x375F, 0x375F, 0x3F7F, 0x3F7F, 0x3F7F,   // 0x2F20 (12064) pixels
0x3F7F, 0x3F7F, 0x379F, 0x379F, 0x379F, 0x379F, 0x379F, 0x379F, 0x379F, 0x379F, 0x375E, 0x3F7F, 0x3F7F, 0x3F9F, 0x377F, 0x377F,   // 0x2F30 (12080) pixels
0x377F, 0x2F7F, 0x3FBF, 0x477E, 0x4F9E, 0x577D, 0x773C, 0xA77E, 0xAFBF, 0x8F9E, 0x5F3F, 0x371E, 0x1F3D, 0x3F3D, 0x7F5E, 0xB7DF,   // 0x2F40 (12096) pixels
0xAFFF, 0x7FDF, 0x37BE, 0x1F9E, 0x0F7F, 0x0EFF, 0x0E1E, 0x15FD, 0x26DF, 0x279F, 0x3E9F, 0x2CDD, 0x239D, 0x12FD, 0x031C, 0x2C9F,   // 0x2F50 (12112) pixels
0x2C5A, 0x2375, 0x09B3, 0x19D0, 0x0886, 0x0000, 0x0000, 0x0000, 0x0000, 0x0000, 0x0000, 0x0000, 0x0000, 0x0000, 0x0000, 0x0000,   // 0x2F60 (12128) pixels
0x0000, 0x0000, 0x0000, 0x0000, 0x0000, 0x0000, 0x0000, 0x0000, 0x0000, 0x0000, 0x0000, 0x0000, 0x0000, 0x0000, 0x0000, 0x0000,   // 0x2F70 (12144) pixels
0x0000, 0x0000, 0x0000, 0x0000, 0x0000, 0x0000, 0x0000, 0x0000, 0x0000, 0x0000, 0x0000, 0x0000, 0x0000, 0x0000, 0x0000, 0x0000,   // 0x2F80 (12160) pixels
0x0000, 0x0000, 0x0000, 0x0000, 0x0000, 0x0000, 0x0000, 0x0000, 0x0000, 0x0000, 0x0000, 0x0000, 0x0000, 0x0000, 0x0000, 0x0000,   // 0x2F90 (12176) pixels
0x0000, 0x0000, 0x0000, 0x0000, 0x0000, 0x0000, 0x0000, 0x0000, 0x0000, 0x0000, 0x0000, 0x0000, 0x0000, 0x0000, 0x0000, 0x0000,   // 0x2FA0 (12192) pixels
0x0000, 0x0000, 0x0000, 0x0000, 0x0000, 0x0000, 0x0000, 0x0000, 0x0801, 0x0000, 0x0020, 0x0000, 0x0000, 0x0800, 0x0000, 0x0883,   // 0x2FB0 (12208) pixels
0x29CE, 0x1A31, 0x19F3, 0x1318, 0x0C1C, 0x1C1E, 0x0B7D, 0x1B3D, 0x155D, 0x1EBF, 0x171F, 0x0E7F, 0x153F, 0x0C5D, 0x0CBD, 0x0D9E,   // 0x2FC0 (12224) pixels
0x1E9F, 0x2F3F, 0x2FFF, 0x17FF, 0x07DF, 0x177F, 0x579E, 0x97DE, 0xD7FD, 0xD7FE, 0xB7DF, 0x7F9F, 0x377E, 0x0F7D, 0x179E, 0x27BF,   // 0x2FD0 (12240) pixels
0x377E, 0x377E, 0x377E, 0x377E, 0x377E, 0x379E, 0x379E, 0x379E, 0x379E, 0x379E, 0x379E, 0x379E, 0x379E, 0x379E, 0x379E, 0x379E,   // 0x2FE0 (12256) pixels
0x379E, 0x379E, 0x379E, 0x379E, 0x379E, 0x379E, 0x379E, 0x379E, 0x2FBF, 0x379E, 0x377E, 0x375D, 0x377E, 0x3F9E, 0x37BF, 0x37BF,   // 0x2FF0 (12272) pixels
0x377F, 0x1F5F, 0x0F7E, 0x0F7D, 0x473D, 0xA79F, 0xD7FF, 0xCFBD, 0x6F7F, 0x36DE, 0x06BE, 0x071E, 0x4F7E, 0xA7DF, 0xBFDF, 0x9F9E,   // 0x3000 (12288) pixels
0x579D, 0x3FBF, 0x1F5F, 0x0E3F, 0x0E3F, 0x16DF, 0x0F1E, 0x175E, 0x36BF, 0x251F, 0x239F, 0x1ADB, 0x1B7B, 0x347E, 0x343B, 0x3375,   // 0x3010 (12304) pixels
0x19D0, 0x1970, 0x10E9, 0x0000, 0x0000, 0x0000, 0x0000, 0x0000, 0x0000, 0x0000, 0x0000, 0x0000, 0x0000, 0x0000, 0x0000, 0x0000,   // 0x3020 (12320) pixels
0x0000, 0x0000, 0x0000, 0x0000, 0x0000, 0x0000, 0x0000, 0x0000, 0x0000, 0x0000, 0x0000, 0x0000, 0x0000, 0x0000, 0x0000, 0x0000,   // 0x3030 (12336) pixels
0x0000, 0x0000, 0x0000, 0x0000, 0x0000, 0x0000, 0x0000, 0x0000, 0x0000, 0x0000, 0x0000, 0x0000, 0x0000, 0x0000, 0x0000, 0x0000,   // 0x3040 (12352) pixels
0x0000, 0x0000, 0x0000, 0x0000, 0x0000, 0x0000, 0x0000, 0x0000, 0x0000, 0x0000, 0x0000, 0x0000, 0x0000, 0x0000, 0x0000, 0x0000,   // 0x3050 (12368) pixels
0x0000, 0x0000, 0x0000, 0x0000, 0x0000, 0x0000, 0x0000, 0x0000, 0x0000, 0x0000, 0x0000, 0x0000, 0x0000, 0x0000, 0x0000, 0x0000,   // 0x3060 (12384) pixels
0x0000, 0x0000, 0x0000, 0x0000, 0x0000, 0x0000, 0x0801, 0x0000, 0x0020, 0x0000, 0x0000, 0x0000, 0x0000, 0x10A4, 0x2271, 0x1272,   // 0x3070 (12400) pixels
0x1A74, 0x1B59, 0x143D, 0x1C3F, 0x133C, 0x22FC, 0x1D5D, 0x261F, 0x1E5F, 0x1DFF, 0x1D5F, 0x14DD, 0x151E, 0x159E, 0x1E5F, 0x26DF,   // 0x3080 (12416) pixels
0x275F, 0x179F, 0x079F, 0x177F, 0x4FBF, 0x7FFE, 0xBFFE, 0xBFFF, 0xA7DF, 0x6F9F, 0x377E, 0x175D, 0x1F7E, 0x379F, 0x377E, 0x377E,   // 0x3090 (12432) pixels
0x377E, 0x377E, 0x377E, 0x379E, 0x379E, 0x379E, 0x379E, 0x379E, 0x379E, 0x379E, 0x379E, 0x379E, 0x379E, 0x379E, 0x379E, 0x379E,   // 0x30A0 (12448) pixels
0x379E, 0x379E, 0x379E, 0x379E, 0x379E, 0x379E, 0x2F9E, 0x379E, 0x377E, 0x377E, 0x377E, 0x379E, 0x2F9F, 0x279E, 0x273F, 0x173E,   // 0x30B0 (12464) pixels
0x075E, 0x075D, 0x2F3D, 0x6F9F, 0x9FFF, 0xA7FF, 0x6F7E, 0x571E, 0x36FE, 0x373E, 0x4F7E, 0x779E, 0x87BF, 0x7FBE, 0x6FDE, 0x679E,   // 0x30C0 (12480) pixels
0x471F, 0x1E3E, 0x15DE, 0x163F, 0x16DE, 0x175E, 0x2E7E, 0x153E, 0x0C7F, 0x145D, 0x1CDE, 0x1D1F, 0x1BD9, 0x1A73, 0x19D0, 0x1970,   // 0x30D0 (12496) pixels
0x08E9, 0x0000, 0x0020, 0x0000, 0x0000, 0x0000, 0x0000, 0x0000, 0x0000, 0x0000, 0x0000, 0x0000, 0x0000, 0x0000, 0x0000, 0x0000,   // 0x30E0 (12512) pixels
0x0000, 0x0000, 0x0000, 0x0000, 0x0000, 0x0000, 0x0000, 0x0000, 0x0000, 0x0000, 0x0000, 0x0000, 0x0000, 0x0000, 0x0000, 0x0000,   // 0x30F0 (12528) pixels
0x0000, 0x0000, 0x0000, 0x0000, 0x0000, 0x0000, 0x0000, 0x0000, 0x0000, 0x0000, 0x0000, 0x0000, 0x0000, 0x0000, 0x0000, 0x0000,   // 0x3100 (12544) pixels
0x0000, 0x0000, 0x0000, 0x0000, 0x0000, 0x0000, 0x0000, 0x0000, 0x0000, 0x0000, 0x0000, 0x0000, 0x0000, 0x0000, 0x0000, 0x0000,   // 0x3110 (12560) pixels
0x0000, 0x0000, 0x0000, 0x0000, 0x0000, 0x0000, 0x0000, 0x0000, 0x0000, 0x0000, 0x0000, 0x0000, 0x0000, 0x0000, 0x0000, 0x0000,   // 0x3120 (12576) pixels
0x0000, 0x0000, 0x0000, 0x0000, 0x0000, 0x0000, 0x0020, 0x0000, 0x0820, 0x0000, 0x0001, 0x1907, 0x2292, 0x1232, 0x12B6, 0x235A,   // 0x3130 (12592) pixels
0x13FD, 0x143E, 0x133B, 0x23BC, 0x157C, 0x155D, 0x0D1D, 0x155E, 0x1D9F, 0x1DBE, 0x1DDF, 0x1DDE, 0x15FE, 0x161E, 0x165E, 0x16DE,   // 0x3140 (12608) pixels
0x175F, 0x27DF, 0x47FF, 0x5FFF, 0x87BD, 0x879E, 0x779F, 0x5F7F, 0x377F, 0x277E, 0x2F7E, 0x3F7F, 0x377E, 0x377E, 0x377E, 0x377E,   // 0x3150 (12624) pixels
0x377E, 0x379E, 0x379E, 0x379E, 0x379E, 0x379E, 0x379E, 0x379E, 0x379E, 0x379E, 0x379E, 0x379E, 0x379E, 0x379E, 0x379E, 0x379E,   // 0x3160 (12640) pixels
0x379E, 0x379E, 0x379E, 0x379E, 0x379E, 0x379E, 0x377E, 0x377F, 0x377F, 0x2F7F, 0x275E, 0x175D, 0x173E, 0x0F5E, 0x077E, 0x0F7E,   // 0x3170 (12656) pixels
0x175D, 0x277D, 0x47BE, 0x5FBE, 0x777E, 0x879E, 0x8FBE, 0x7F9E, 0x575E, 0x373D, 0x375D, 0x4F9E, 0x8FFF, 0x97BF, 0x977F, 0x5EDF,   // 0x3180 (12672) pixels
0x261F, 0x1E1F, 0x169E, 0x0F5D, 0x163C, 0x05DF, 0x159F, 0x253E, 0x2D9F, 0x25BF, 0x1C3B, 0x2273, 0x19D0, 0x196F, 0x08C8, 0x0000,   // 0x3190 (12688) pixels
0x0020, 0x0000, 0x0000, 0x0000, 0x0000, 0x0000, 0x0000, 0x0000, 0x0000, 0x0000, 0x0000, 0x0000, 0x0000, 0x0000, 0x0000, 0x0000,   // 0x31A0 (12704) pixels
0x0000, 0x0000, 0x0000, 0x0000, 0x0000, 0x0000, 0x0000, 0x0000, 0x0000, 0x0000, 0x0000, 0x0000, 0x0000, 0x0000, 0x0000, 0x0000,   // 0x31B0 (12720) pixels
0x0000, 0x0000, 0x0000, 0x0000, 0x0000, 0x0000, 0x0000, 0x0000, 0x0000, 0x0000, 0x0000, 0x0000, 0x0000, 0x0000, 0x0000, 0x0000,   // 0x31C0 (12736) pixels
0x0000, 0x0000, 0x0000, 0x0000, 0x0000, 0x0000, 0x0000, 0x0000, 0x0000, 0x0000, 0x0000, 0x0000, 0x0000, 0x0000, 0x0000, 0x0000,   // 0x31D0 (12752) pixels
0x0000, 0x0000, 0x0000, 0x0000, 0x0000, 0x0000, 0x0000, 0x0000, 0x0000, 0x0000, 0x0000, 0x0000, 0x0000, 0x0000, 0x0000, 0x0000,   // 0x31E0 (12768) pixels
0x0000, 0x0000, 0x0000, 0x0000, 0x0000, 0x0000, 0x0820, 0x0000, 0x0001, 0x1949, 0x2A33, 0x11B2, 0x12B7, 0x235B, 0x0BDC, 0x0C5D,   // 0x31F0 (12784) pixels
0x13DB, 0x253F, 0x267F, 0x157E, 0x14FE, 0x1D5F, 0x1E1F, 0x1E9F, 0x1E7F, 0x1E1F, 0x0DBD, 0x059D, 0x0DBD, 0x1E5E, 0x2F5F, 0x3FFF,   // 0x3200 (12800) pixels
0x3FFF, 0x3FBF, 0x3F3C, 0x473D, 0x475E, 0x377E, 0x2F9F, 0x279F, 0x377E, 0x3F5E, 0x377E, 0x377E, 0x377E, 0x377E, 0x377E, 0x379E,   // 0x3210 (12816) pixels
0x379E, 0x379E, 0x379E, 0x379E, 0x379E, 0x379E, 0x379E, 0x379E, 0x379E, 0x379E, 0x379E, 0x379E, 0x379E, 0x379E, 0x379E, 0x379E,   // 0x3220 (12832) pixels
0x379E, 0x379E, 0x37BE, 0x379E, 0x379F, 0x377F, 0x379F, 0x2F7F, 0x275E, 0x1F3D, 0x1F5E, 0x177E, 0x179F, 0x1F9F, 0x177F, 0x075D,   // 0x3230 (12848) pixels
0x0F3D, 0x2F3E, 0x777E, 0x9FFE, 0xC7FF, 0xB7DF, 0x775F, 0x26DD, 0x1EDC, 0x475E, 0x9FDF, 0xAFFF, 0xBFFF, 0x7F7F, 0x365F, 0x163F,   // 0x3240 (12864) pixels
0x0EDF, 0x075D, 0x06BC, 0x0EBF, 0x1DDF, 0x23F9, 0x241A, 0x24DE, 0x243C, 0x2274, 0x19B0, 0x196F, 0x08A8, 0x0000, 0x0841, 0x0000,   // 0x3250 (12880) pixels
0x0000, 0x0000, 0x0000, 0x0000, 0x0000, 0x0000, 0x0000, 0x0000, 0x0000, 0x0000, 0x0000, 0x0000, 0x0000, 0x0000, 0x0000, 0x0000,   // 0x3260 (12896) pixels
0x0000, 0x0000, 0x0000, 0x0000, 0x0000, 0x0000, 0x0000, 0x0000, 0x0000, 0x0000, 0x0000, 0x0000, 0x0000, 0x0000, 0x0000, 0x0000,   // 0x3270 (12912) pixels
0x0000, 0x0000, 0x0000, 0x0000, 0x0000, 0x0000, 0x0000, 0x0000, 0x0000, 0x0000, 0x0000, 0x0000, 0x0000, 0x0000, 0x0000, 0x0000,   // 0x3280 (12928) pixels
0x0000, 0x0000, 0x0000, 0x0000, 0x0000, 0x0000, 0x0000, 0x0000, 0x0000, 0x0000, 0x0000, 0x0000, 0x0000, 0x0000, 0x0000, 0x0000,   // 0x3290 (12944) pixels
0x0000, 0x0000, 0x0000, 0x0000, 0x0000, 0x0000, 0x0000, 0x0000, 0x0000, 0x0000, 0x0000, 0x0000, 0x0000, 0x0000, 0x0000, 0x0000,   // 0x32A0 (12960) pixels
0x0000, 0x0000, 0x0000, 0x0000, 0x0000, 0x0000, 0x0022, 0x198B, 0x2213, 0x19D3, 0x1AF8, 0x2B9D, 0x13FE, 0x0C7D, 0x0C1B, 0x1DBF,   // 0x32B0 (12976) pixels
0x1E5F, 0x159E, 0x1D5F, 0x25BF, 0x1E1F, 0x1E5E, 0x1E5F, 0x1E1F, 0x0DFE, 0x0DFE, 0x15FE, 0x267E, 0x36FF, 0x3F5F, 0x377F, 0x277E,   // 0x32C0 (12992) pixels
0x1F9E, 0x1F7E, 0x1F5E, 0x1F7E, 0x1F7E, 0x277E, 0x2F7E, 0x375E, 0x377E, 0x377E, 0x377E, 0x377E, 0x377E, 0x379E, 0x379E, 0x379E,   // 0x32D0 (13008) pixels
0x379E, 0x379E, 0x379E, 0x379E, 0x379E, 0x379E, 0x379E, 0x379E, 0x379E, 0x379E, 0x379E, 0x379E, 0x379E, 0x379E, 0x379E, 0x379E,   // 0x32E0 (13024) pixels
0x379E, 0x379E, 0x2F9F, 0x2F7F, 0x2F9F, 0x377F, 0x3F7F, 0x3F7E, 0x375E, 0x275E, 0x175E, 0x1F5F, 0x1F7F, 0x177F, 0x275E, 0x475F,   // 0x32F0 (13040) pixels
0x777E, 0x97DE, 0xBFFE, 0xBFBE, 0x8F7F, 0x4F1F, 0x3F1E, 0x675E, 0x8F9E, 0x8FDE, 0x97FF, 0x6F1E, 0x263E, 0x069F, 0x073F, 0x073D,   // 0x3300 (13056) pixels
0x073E, 0x0EFF, 0x259E, 0x2337, 0x3338, 0x2C1D, 0x341D, 0x32D6, 0x19B0, 0x1970, 0x00A8, 0x0000, 0x0861, 0x0000, 0x0000, 0x0000,   // 0x3310 (13072) pixels
0x0000, 0x0000, 0x0000, 0x0000, 0x0000, 0x0000, 0x0000, 0x0000, 0x0000, 0x0000, 0x0000, 0x0000, 0x0000, 0x0000, 0x0000, 0x0000,   // 0x3320 (13088) pixels
0x0000, 0x0000, 0x0000, 0x0000, 0x0000, 0x0000, 0x0000, 0x0000, 0x0000, 0x0000, 0x0000, 0x0000, 0x0000, 0x0000, 0x0000, 0x0000,   // 0x3330 (13104) pixels
0x0000, 0x0000, 0x0000, 0x0000, 0x0000, 0x0000, 0x0000, 0x0000, 0x0000, 0x0000, 0x0000, 0x0000, 0x0000, 0x0000, 0x0000, 0x0000,   // 0x3340 (13120) pixels
0x0000, 0x0000, 0x0000, 0x0000, 0x0000, 0x0000, 0x0000, 0x0000, 0x0000, 0x0000, 0x0000, 0x0000, 0x0000, 0x0000, 0x0000, 0x0000,   // 0x3350 (13136) pixels
0x0000, 0x0000, 0x0000, 0x0000, 0x0000, 0x0000, 0x0000, 0x0000, 0x0000, 0x0000, 0x0000, 0x0000, 0x0000, 0x0000, 0x0000, 0x0000,   // 0x3360 (13152) pixels
0x0000, 0x0000, 0x0000, 0x0000, 0x0044, 0x19AD, 0x1212, 0x0A75, 0x1319, 0x23BE, 0x1C1F, 0x141D, 0x03FA, 0x0D3D, 0x0D7C, 0x0D7D,   // 0x3370 (13168) pixels
0x25FF, 0x2E3F, 0x25DE, 0x1D7D, 0x155E, 0x1DBF, 0x1E3F, 0x1E9F, 0x26DF, 0x2EBF, 0x365E, 0x2E5D, 0x26DE, 0x1F3E, 0x17DF, 0x17BF,   // 0x3380 (13184) pixels
0x179E, 0x177E, 0x1F7E, 0x277E, 0x2F7E, 0x377E, 0x377E, 0x377E, 0x377E, 0x377E, 0x377E, 0x379E, 0x379E, 0x379E, 0x379E, 0x379E,   // 0x3390 (13200) pixels
0x379E, 0x379E, 0x379E, 0x379E, 0x379E, 0x379E, 0x379E, 0x379E, 0x379E, 0x379E, 0x379E, 0x379E, 0x379E, 0x379E, 0x377E, 0x2F7E,   // 0x33A0 (13216) pixels
0x277E, 0x277F, 0x377F, 0x479F, 0x67BF, 0x77DF, 0x5F9F, 0x3F5E, 0x1F1D, 0x16FD, 0x1F1E, 0x3F7F, 0x67BF, 0x87DF, 0x6F9E, 0x6F7D,   // 0x33B0 (13232) pixels
0x775C, 0x873D, 0x977F, 0x97BF, 0x8F9F, 0x8F9F, 0x675E, 0x577D, 0x4F9D, 0x3EDC, 0x1E7D, 0x0F1F, 0x0F5F, 0x0EFD, 0x16FF, 0x0E5F,   // 0x33C0 (13248) pixels
0x1D3E, 0x2BDA, 0x3BDB, 0x237B, 0x1AD9, 0x1992, 0x198F, 0x1970, 0x0087, 0x0000, 0x1061, 0x0000, 0x0000, 0x0000, 0x0000, 0x0000,   // 0x33D0 (13264) pixels
0x0000, 0x0000, 0x0000, 0x0000, 0x0000, 0x0000, 0x0000, 0x0000, 0x0000, 0x0000, 0x0000, 0x0000, 0x0000, 0x0000, 0x0000, 0x0000,   // 0x33E0 (13280) pixels
0x0000, 0x0000, 0x0000, 0x0000, 0x0000, 0x0000, 0x0000, 0x0000, 0x0000, 0x0000, 0x0000, 0x0000, 0x0000, 0x0000, 0x0000, 0x0000,   // 0x33F0 (13296) pixels
0x0000, 0x0000, 0x0000, 0x0000, 0x0000, 0x0000, 0x0000, 0x0000, 0x0000, 0x0000, 0x0000, 0x0000, 0x0000, 0x0000, 0x0000, 0x0000,   // 0x3400 (13312) pixels
0x0000, 0x0000, 0x0000, 0x0000, 0x0000, 0x0000, 0x0000, 0x0000, 0x0000, 0x0000, 0x0000, 0x0000, 0x0000, 0x0000, 0x0000, 0x0000,   // 0x3410 (13328) pixels
0x0000, 0x0000, 0x0000, 0x0000, 0x0000, 0x0000, 0x0000, 0x0000, 0x0000, 0x0000, 0x0000, 0x0000, 0x0000, 0x0000, 0x0000, 0x0000,   // 0x3420 (13344) pixels
0x0000, 0x0000, 0x00A5, 0x21EF, 0x11F2, 0x1317, 0x12F9, 0x1B9D, 0x1C1F, 0x13FD, 0x045B, 0x0D7D, 0x1DBE, 0x163D, 0x2F1F, 0x36FF,   // 0x3430 (13360) pixels
0x2DBF, 0x1CBD, 0x0C9D, 0x1D3F, 0x261F, 0x2EDF, 0x375F, 0x36FE, 0x2E1D, 0x25DD, 0x1E5E, 0x1F3E, 0x1F9F, 0x1FBF, 0x1FBF, 0x1F9E,   // 0x3440 (13376) pixels
0x277E, 0x2F7E, 0x377E, 0x379F, 0x377E, 0x377E, 0x377E, 0x377E, 0x377E, 0x379E, 0x379E, 0x379E, 0x379E, 0x379E, 0x379E, 0x379E,   // 0x3450 (13392) pixels
0x379E, 0x379E, 0x379E, 0x379E, 0x379E, 0x379E, 0x379E, 0x379E, 0x379E, 0x379E, 0x379E, 0x379E, 0x377E, 0x2F7E, 0x277E, 0x277E,   // 0x3460 (13408) pixels
0x377E, 0x577E, 0x87BF, 0x9FFF, 0x87BF, 0x5F5F, 0x273E, 0x0F1D, 0x26FE, 0x6F7F, 0x9FFF, 0xAFFF, 0x6F9F, 0x4F5E, 0x2F1D, 0x473D,   // 0x3470 (13424) pixels
0x877F, 0xC7FF, 0xBFFF, 0x9FDE, 0x3F7F, 0x273D, 0x1F5D, 0x173D, 0x171E, 0x1F3F, 0x1F1F, 0x16BE, 0x161E, 0x0D7F, 0x1CBE, 0x2C3C,   // 0x3480 (13440) pixels
0x449F, 0x239D, 0x1AB9, 0x1192, 0x116F, 0x1970, 0x0087, 0x0000, 0x1081, 0x0000, 0x0000, 0x0000, 0x0000, 0x0000, 0x0000, 0x0000,   // 0x3490 (13456) pixels
0x0000, 0x0000, 0x0000, 0x0000, 0x0000, 0x0000, 0x0000, 0x0000, 0x0000, 0x0000, 0x0000, 0x0000, 0x0000, 0x0000, 0x0000, 0x0000,   // 0x34A0 (13472) pixels
0x0000, 0x0000, 0x0000, 0x0000, 0x0000, 0x0000, 0x0000, 0x0000, 0x0000, 0x0000, 0x0000, 0x0000, 0x0000, 0x0000, 0x0000, 0x0000,   // 0x34B0 (13488) pixels
0x0000, 0x0000, 0x0000, 0x0000, 0x0000, 0x0000, 0x0000, 0x0000, 0x0000, 0x0000, 0x0000, 0x0000, 0x0000, 0x0000, 0x0000, 0x0000,   // 0x34C0 (13504) pixels
0x0000, 0x0000, 0x0000, 0x0000, 0x0000, 0x0000, 0x0000, 0x0000, 0x0000, 0x0000, 0x0000, 0x0000, 0x0000, 0x0000, 0x0000, 0x0000,   // 0x34D0 (13520) pixels
0x0000, 0x0000, 0x0000, 0x0000, 0x0000, 0x0000, 0x0000, 0x0000, 0x0000, 0x0000, 0x0000, 0x0000, 0x0000, 0x0000, 0x0000, 0x0020,   // 0x34E0 (13536) pixels
0x08E7, 0x2210, 0x21D2, 0x2378, 0x1AD9, 0x1B9D, 0x141F, 0x141E, 0x0D5F, 0x169F, 0x1E1F, 0x16BE, 0x179F, 0x273F, 0x25DF, 0x1C9E,   // 0x34F0 (13552) pixels
0x0C5D, 0x0D1F, 0x25DF, 0x2EBE, 0x375E, 0x371E, 0x2E1E, 0x25BE, 0x1E5E, 0x173E, 0x275F, 0x279F, 0x27BF, 0x2FBF, 0x379F, 0x375E,   // 0x3500 (13568) pixels
0x373E, 0x373E, 0x377E, 0x377E, 0x377E, 0x377E, 0x377E, 0x379E, 0x379E, 0x379E, 0x379E, 0x379E, 0x379E, 0x379E, 0x379E, 0x379E,   // 0x3510 (13584) pixels
0x379E, 0x379E, 0x379E, 0x379E, 0x379E, 0x379E, 0x379E, 0x379E, 0x379E, 0x379E, 0x3F7F, 0x2F9F, 0x279F, 0x1F7E, 0x375D, 0x5F5D,   // 0x3520 (13600) pixels
0x979E, 0xB7BF, 0x977F, 0x6F5F, 0x2F7F, 0x0F7E, 0x2F3E, 0x879F, 0xBFFF, 0xBFDE, 0x6F5F, 0x375F, 0x077F, 0x1F7F, 0x777E, 0xD7DF,   // 0x3530 (13616) pixels
0xD7FE, 0x97DC, 0x2FBF, 0x173E, 0x075E, 0x07BE, 0x0F7E, 0x2EFE, 0x2EBE, 0x26DF, 0x155D, 0x14BE, 0x1BFD, 0x1B5A, 0x33DD, 0x231C,   // 0x3540 (13632) pixels
0x22DA, 0x11F3, 0x116F, 0x1970, 0x0087, 0x0021, 0x1082, 0x0000, 0x0000, 0x0000, 0x0000, 0x0000, 0x0000, 0x0000, 0x0000, 0x0000,   // 0x3550 (13648) pixels
0x0000, 0x0000, 0x0000, 0x0000, 0x0000, 0x0000, 0x0000, 0x0000, 0x0000, 0x0000, 0x0000, 0x0000, 0x0000, 0x0000, 0x0000, 0x0000,   // 0x3560 (13664) pixels
0x0000, 0x0000, 0x0000, 0x0000, 0x0000, 0x0000, 0x0000, 0x0000, 0x0000, 0x0000, 0x0000, 0x0000, 0x0000, 0x0000, 0x0000, 0x0000,   // 0x3570 (13680) pixels
0x0000, 0x0000, 0x0000, 0x0000, 0x0000, 0x0000, 0x0000, 0x0000, 0x0000, 0x0000, 0x0000, 0x0000, 0x0000, 0x0000, 0x0000, 0x0000,   // 0x3580 (13696) pixels
0x0000, 0x0000, 0x0000, 0x0000, 0x0000, 0x0000, 0x0000, 0x0000, 0x0000, 0x0000, 0x0000, 0x0000, 0x0000, 0x0000, 0x0000, 0x0000,   // 0x3590 (13712) pixels
0x0000, 0x0000, 0x0000, 0x0000, 0x0000, 0x0000, 0x0000, 0x0000, 0x0000, 0x0000, 0x0000, 0x0020, 0x0000, 0x0001, 0x194C, 0x21F3,   // 0x35A0 (13728) pixels
0x12F6, 0x239C, 0x1AFD, 0x1B3D, 0x147F, 0x049D, 0x04FD, 0x167F, 0x163F, 0x1EDF, 0x2F7F, 0x373F, 0x261E, 0x14BD, 0x145D, 0x1C7E,   // 0x35B0 (13744) pixels
0x159E, 0x261F, 0x2E9F, 0x2E9E, 0x2E5D, 0x265D, 0x16BF, 0x0F3F, 0x1F9F, 0x279F, 0x3FBE, 0x5F9E, 0x775D, 0x6F3D, 0x475E, 0x279F,   // 0x35C0 (13760) pixels
0x377F, 0x2F9F, 0x2FBF, 0x3F7F, 0x3F5F, 0x377E, 0x2F9E, 0x2F9E, 0x377E, 0x377E, 0x377E, 0x377E, 0x377E, 0x377E, 0x377E, 0x377E,   // 0x35D0 (13776) pixels
0x2FBD, 0x37BF, 0x377F, 0x375E, 0x3F7E, 0x3F7E, 0x377E, 0x377F, 0x2F9D, 0x377E, 0x377F, 0x277E, 0x2F9E, 0x579F, 0x779F, 0x97DF,   // 0x35E0 (13792) pixels
0x87DD, 0x7F9D, 0x6F5D, 0x5F3D, 0x5F5E, 0x7FDF, 0x9FFF, 0xAF7D, 0x5F9F, 0x275F, 0x0F5E, 0x1F3D, 0x5F5E, 0x9FFF, 0xA7FF, 0x87BD,   // 0x35F0 (13808) pixels
0x379F, 0x0F5D, 0x0F7D, 0x0F5D, 0x177F, 0x1E9F, 0x257F, 0x257F, 0x055D, 0x05BC, 0x051C, 0x0B9B, 0x1AFD, 0x233E, 0x22D9, 0x2193,   // 0x3600 (13824) pixels
0x1190, 0x198E, 0x0087, 0x0883, 0x0000, 0x0000, 0x0000, 0x0000, 0x0000, 0x0000, 0x0000, 0x0000, 0x0000, 0x0000, 0x0000, 0x0000,   // 0x3610 (13840) pixels
0x0000, 0x0000, 0x0000, 0x0000, 0x0000, 0x0000, 0x0000, 0x0000, 0x0000, 0x0000, 0x0000, 0x0000, 0x0000, 0x0000, 0x0000, 0x0000,   // 0x3620 (13856) pixels
0x0000, 0x0000, 0x0000, 0x0000, 0x0000, 0x0000, 0x0000, 0x0000, 0x0000, 0x0000, 0x0000, 0x0000, 0x0000, 0x0000, 0x0000, 0x0000,   // 0x3630 (13872) pixels
0x0000, 0x0000, 0x0000, 0x0000, 0x0000, 0x0000, 0x0000, 0x0000, 0x0000, 0x0000, 0x0000, 0x0000, 0x0000, 0x0000, 0x0000, 0x0000,   // 0x3640 (13888) pixels
0x0000, 0x0000, 0x0000, 0x0000, 0x0000, 0x0000, 0x0000, 0x0000, 0x0000, 0x0000, 0x0000, 0x0000, 0x0000, 0x0000, 0x0000, 0x0000,   // 0x3650 (13904) pixels
0x0000, 0x0000, 0x0000, 0x0000, 0x0000, 0x0000, 0x0000, 0x0000, 0x0000, 0x0000, 0x0000, 0x0022, 0x218D, 0x19B2, 0x1233, 0x1AF9,   // 0x3660 (13920) pixels
0x1ABB, 0x1B1C, 0x143E, 0x043D, 0x0C7D, 0x15BF, 0x163F, 0x26DF, 0x377F, 0x3F5F, 0x2E3F, 0x1CDE, 0x143E, 0x141E, 0x14DD, 0x153E,   // 0x3670 (13936) pixels
0x1DFE, 0x267F, 0x2EDF, 0x1F1F, 0x0F3F, 0x075F, 0x079F, 0x1F9F, 0x579F, 0x8FBF, 0xB79F, 0x9F9E, 0x5F7E, 0x2F9E, 0x275E, 0x1F7E,   // 0x3680 (13952) pixels
0x277E, 0x377F, 0x3F7F, 0x377E, 0x379E, 0x379E, 0x377E, 0x377E, 0x377E, 0x377E, 0x377E, 0x377E, 0x377E, 0x377E, 0x377E, 0x377E,   // 0x3690 (13968) pixels
0x477F, 0x67BF, 0x7FDF, 0x77DF, 0x577E, 0x375E, 0x2F9E, 0x377E, 0x3F5F, 0x375E, 0x377E, 0x3F9E, 0x4F7E, 0x5FBF, 0x77BE, 0x8FBF,   // 0x36A0 (13984) pixels
0xAFBF, 0xAFBF, 0xA7BF, 0x8FDF, 0x77DF, 0x679E, 0x3F5F, 0x1F5E, 0x0F7E, 0x175D, 0x477E, 0x6FFF, 0x6FFF, 0x57BD, 0x27BF, 0x0FBE,   // 0x36B0 (14000) pixels
0x17BF, 0x173F, 0x0F1F, 0x057C, 0x143B, 0x243D, 0x15BE, 0x1E7F, 0x1DFF, 0x1C1D, 0x12FD, 0x1AFD, 0x1A78, 0x1952, 0x1170, 0x198E,   // 0x36C0 (14016) pixels
0x08C7, 0x10C5, 0x0000, 0x0000, 0x0000, 0x0000, 0x0000, 0x0000, 0x0000, 0x0000, 0x0000, 0x0000, 0x0000, 0x0000, 0x0000, 0x0000,   // 0x36D0 (14032) pixels
0x0000, 0x0000, 0x0000, 0x0000, 0x0000, 0x0000, 0x0000, 0x0000, 0x0000, 0x0000, 0x0000, 0x0000, 0x0000, 0x0000, 0x0000, 0x0000,   // 0x36E0 (14048) pixels
0x0000, 0x0000, 0x0000, 0x0000, 0x0000, 0x0000, 0x0000, 0x0000, 0x0000, 0x0000, 0x0000, 0x0000, 0x0000, 0x0000, 0x0000, 0x0000,   // 0x36F0 (14064) pixels
0x0000, 0x0000, 0x0000, 0x0000, 0x0000, 0x0000, 0x0000, 0x0000, 0x0000, 0x0000, 0x0000, 0x0000, 0x0000, 0x0000, 0x0000, 0x0000,   // 0x3700 (14080) pixels
0x0000, 0x0000, 0x0000, 0x0000, 0x0000, 0x0000, 0x0000, 0x0000, 0x0000, 0x0000, 0x0000, 0x0000, 0x0000, 0x0000, 0x0000, 0x0000,   // 0x3710 (14096) pixels
0x0000, 0x0000, 0x0000, 0x0000, 0x0000, 0x0000, 0x0000, 0x0000, 0x0000, 0x0883, 0x29AD, 0x1991, 0x11B1, 0x1A77, 0x1ABA, 0x1B3C,   // 0x3720 (14112) pixels
0x13FD, 0x141D, 0x145E, 0x1CFF, 0x1DDE, 0x2E9F, 0x3F3F, 0x3F3F, 0x365F, 0x253F, 0x145E, 0x0BDD, 0x0C1D, 0x0C5D, 0x0D1D, 0x1E1F,   // 0x3730 (14128) pixels
0x1F3F, 0x1FDF, 0x0FDF, 0x079D, 0x079F, 0x2F5E, 0x777E, 0xC79F, 0xE7DF, 0xC7DF, 0x779E, 0x375D, 0x1FBF, 0x1F9F, 0x277F, 0x2F9F,   // 0x3740 (14144) pixels
0x379F, 0x379E, 0x377E, 0x377E, 0x377E, 0x377E, 0x377E, 0x377E, 0x377E, 0x377E, 0x377E, 0x377E, 0x3F7F, 0x375E, 0x4F5D, 0x8FBF,   // 0x3750 (14160) pixels
0xCFFF, 0xBFDF, 0x6F7E, 0x2F7E, 0x2F9E, 0x377E, 0x3F9F, 0x3F9F, 0x2FBF, 0x27BE, 0x175D, 0x1F7D, 0x577F, 0x97BF, 0xDFFF, 0xFFFF,   // 0x3760 (14176) pixels
0xDFFF, 0x97BE, 0x3F7E, 0x0F7E, 0x277D, 0x1F9E, 0x1FBF, 0x1FDF, 0x2FBF, 0x37DF, 0x37FF, 0x27BF, 0x175F, 0x171F, 0x26BF, 0x1E3F,   // 0x3770 (14192) pixels
0x165F, 0x0D7D, 0x14BC, 0x24BD, 0x055C, 0x163E, 0x1DDF, 0x141D, 0x0ADC, 0x027B, 0x09F6, 0x0930, 0x1170, 0x198E, 0x08E8, 0x1906,   // 0x3780 (14208) pixels
0x0000, 0x0000, 0x0000, 0x0000, 0x0000, 0x0000, 0x0000, 0x0000, 0x0000, 0x0000, 0x0000, 0x0000, 0x0000, 0x0000, 0x0000, 0x0000,   // 0x3790 (14224) pixels
0x0000, 0x0000, 0x0000, 0x0000, 0x0000, 0x0000, 0x0000, 0x0000, 0x0000, 0x0000, 0x0000, 0x0000, 0x0000, 0x0000, 0x0000, 0x0000,   // 0x37A0 (14240) pixels
0x0000, 0x0000, 0x0000, 0x0000, 0x0000, 0x0000, 0x0000, 0x0000, 0x0000, 0x0000, 0x0000, 0x0000, 0x0000, 0x0000, 0x0000, 0x0000,   // 0x37B0 (14256) pixels
0x0000, 0x0000, 0x0000, 0x0000, 0x0000, 0x0000, 0x0000, 0x0000, 0x0000, 0x0000, 0x0000, 0x0000, 0x0000, 0x0000, 0x0000, 0x0000,   // 0x37C0 (14272) pixels
0x0000, 0x0000, 0x0000, 0x0000, 0x0000, 0x0000, 0x0000, 0x0000, 0x0000, 0x0000, 0x0000, 0x0000, 0x0000, 0x0000, 0x0000, 0x0000,   // 0x37D0 (14288) pixels
0x0000, 0x0000, 0x0000, 0x0000, 0x0000, 0x0000, 0x0000, 0x0883, 0x218D, 0x1170, 0x1990, 0x2276, 0x1B3B, 0x1BDD, 0x1C3D, 0x141E,   // 0x37E0 (14304) pixels
0x1C3F, 0x1C5E, 0x1D1E, 0x25BF, 0x2E3F, 0x2E5F, 0x2E3F, 0x25BF, 0x14FE, 0x0C5D, 0x0BFE, 0x03DD, 0x045D, 0x0DBE, 0x171F, 0x1FFF,   // 0x37F0 (14320) pixels
0x1FFF, 0x27BD, 0x379F, 0x577E, 0x975E, 0xC79F, 0xD7DF, 0xAFDF, 0x679E, 0x375D, 0x17BF, 0x279F, 0x2F7F, 0x2F9F, 0x2FBF, 0x379E,   // 0x3800 (14336) pixels
0x377E, 0x377E, 0x377E, 0x377E, 0x377E, 0x377E, 0x377E, 0x377E, 0x377E, 0x377E, 0x3F9F, 0x377E, 0x4F7D, 0xA7BE, 0xEFFF, 0xDFBF,   // 0x3810 (14352) pixels
0x7F9E, 0x27BE, 0x379F, 0x379E, 0x3F9E, 0x3F9E, 0x2FDE, 0x17BE, 0x073D, 0x073E, 0x3F7E, 0x87BF, 0xD7DF, 0xFFFF, 0xDFFF, 0x879E,   // 0x3820 (14368) pixels
0x275D, 0x077E, 0x0F9D, 0x17BE, 0x1FDF, 0x1FBF, 0x175F, 0x073E, 0x0F5F, 0x0F5F, 0x1E3F, 0x1D5E, 0x249D, 0x1C5D, 0x157F, 0x0E3F,   // 0x3830 (14384) pixels
0x0E9F, 0x0E9E, 0x159D, 0x0DBD, 0x0D5D, 0x145D, 0x1B9E, 0x0A9B, 0x01B5, 0x1151, 0x1170, 0x198E, 0x08E8, 0x1906, 0x0000, 0x0000,   // 0x3840 (14400) pixels
0x0000, 0x0000, 0x0000, 0x0000, 0x0000, 0x0000, 0x0000, 0x0000, 0x0000, 0x0000, 0x0000, 0x0000, 0x0000, 0x0000, 0x0000, 0x0000,   // 0x3850 (14416) pixels
0x0000, 0x0000, 0x0000, 0x0000, 0x0000, 0x0000, 0x0000, 0x0000, 0x0000, 0x0000, 0x0000, 0x0000, 0x0000, 0x0000, 0x0000, 0x0000,   // 0x3860 (14432) pixels
0x0000, 0x0000, 0x0000, 0x0000, 0x0000, 0x0000, 0x0000, 0x0000, 0x0000, 0x0000, 0x0000, 0x0000, 0x0000, 0x0000, 0x0000, 0x0000,   // 0x3870 (14448) pixels
0x0000, 0x0000, 0x0000, 0x0000, 0x0000, 0x0000, 0x0000, 0x0000, 0x0000, 0x0000, 0x0000, 0x0000, 0x0000, 0x0000, 0x0000, 0x0000,   // 0x3880 (14464) pixels
0x0000, 0x0000, 0x0000, 0x0000, 0x0000, 0x0000, 0x0000, 0x0000, 0x0000, 0x0000, 0x0000, 0x0000, 0x0000, 0x0000, 0x0000, 0x0000,   // 0x3890 (14480) pixels
0x0000, 0x0000, 0x0000, 0x0000, 0x0000, 0x0042, 0x196C, 0x1170, 0x198F, 0x1AB6, 0x1BDC, 0x1CBE, 0x1C9E, 0x143E, 0x141E, 0x0BFD,   // 0x38A0 (14496) pixels
0x1C3E, 0x1C7E, 0x1CDD, 0x1D5D, 0x261E, 0x2E7F, 0x261F, 0x157D, 0x0C5F, 0x03FD, 0x043C, 0x055D, 0x0EBF, 0x1FBF, 0x47FF, 0x67DF,   // 0x38B0 (14512) pixels
0x87BF, 0x97BF, 0xA79E, 0xA79D, 0x8F9D, 0x6F9E, 0x477E, 0x2F5D, 0x1F5D, 0x3F5E, 0x3F5E, 0x2F5E, 0x2F9E, 0x379E, 0x3F5E, 0x3F7E,   // 0x38C0 (14528) pixels
0x377E, 0x377E, 0x377E, 0x377E, 0x377E, 0x377E, 0x377E, 0x377E, 0x379F, 0x2F9E, 0x4FBE, 0x97FF, 0xDFFF, 0xCFBF, 0x779E, 0x1FDE,   // 0x38D0 (14544) pixels
0x2FBF, 0x377E, 0x4F7D, 0x675D, 0x5F9E, 0x379E, 0x175E, 0x1F7F, 0x3FBE, 0x6FBF, 0x9FBE, 0xBFBF, 0xA7DF, 0x679E, 0x277E, 0x07BF,   // 0x38E0 (14560) pixels
0x17DE, 0x1FBE, 0x27BF, 0x279F, 0x0EFE, 0x067D, 0x067E, 0x0E9F, 0x2D1F, 0x23DD, 0x2B9D, 0x241D, 0x153E, 0x067E, 0x077F, 0x075D,   // 0x38F0 (14576) pixels
0x367F, 0x263F, 0x1D7D, 0x24FF, 0x2C3F, 0x12BB, 0x0174, 0x0950, 0x1990, 0x198E, 0x08C8, 0x10A4, 0x0000, 0x0000, 0x0020, 0x0000,   // 0x3900 (14592) pixels
0x0000, 0x0000, 0x0000, 0x0000, 0x0000, 0x0000, 0x0000, 0x0000, 0x0000, 0x0000, 0x0000, 0x0000, 0x0000, 0x0000, 0x0000, 0x0000,   // 0x3910 (14608) pixels
0x0000, 0x0000, 0x0000, 0x0000, 0x0000, 0x0000, 0x0000, 0x0000, 0x0000, 0x0000, 0x0000, 0x0000, 0x0000, 0x0000, 0x0000, 0x0000,   // 0x3920 (14624) pixels
0x0000, 0x0000, 0x0000, 0x0000, 0x0000, 0x0000, 0x0000, 0x0000, 0x0000, 0x0000, 0x0000, 0x0000, 0x0000, 0x0000, 0x0000, 0x0000,   // 0x3930 (14640) pixels
0x0000, 0x0000, 0x0000, 0x0000, 0x0000, 0x0000, 0x0000, 0x0000, 0x0000, 0x0000, 0x0000, 0x0000, 0x0000, 0x0000, 0x0000, 0x0000,   // 0x3940 (14656) pixels
0x0000, 0x0000, 0x0000, 0x0000, 0x0000, 0x0000, 0x0000, 0x0000, 0x0000, 0x0000, 0x0000, 0x0000, 0x0000, 0x0000, 0x0000, 0x0000,   // 0x3950 (14672) pixels
0x0000, 0x0000, 0x0000, 0x0001, 0x192B, 0x1170, 0x11AF, 0x22F6, 0x1C7D, 0x1D7F, 0x251F, 0x145E, 0x0C1E, 0x0BDD, 0x139E, 0x13BE,   // 0x3960 (14688) pixels
0x0C1D, 0x0CDC, 0x1DFD, 0x2EDF, 0x2EDF, 0x265E, 0x0CFF, 0x0C9D, 0x0C7D, 0x055D, 0x069E, 0x1F7F, 0x5FFF, 0x97FF, 0xC7FF, 0xC7FF,   // 0x3970 (14704) pixels
0xAFDF, 0x7FBE, 0x477D, 0x2F7D, 0x277E, 0x2F7F, 0x477D, 0x6F9F, 0x6F7F, 0x477E, 0x2F9D, 0x379E, 0x375E, 0x379E, 0x377E, 0x377E,   // 0x3980 (14720) pixels
0x377E, 0x377E, 0x377E, 0x377E, 0x377E, 0x377E, 0x2F7F, 0x2F9E, 0x379E, 0x6FBE, 0x9F9E, 0x8F7E, 0x577D, 0x1FDE, 0x279F, 0x479E,   // 0x3990 (14736) pixels
0x8FBF, 0xBF9F, 0xB7BF, 0x77DF, 0x377F, 0x2F9F, 0x37BD, 0x4F9D, 0x5F7D, 0x6F7E, 0x5F9E, 0x479E, 0x2F9E, 0x27BF, 0x2FBF, 0x1F3E,   // 0x39A0 (14752) pixels
0x2F9F, 0x277F, 0x0EBE, 0x063E, 0x05FE, 0x161F, 0x243E, 0x1BBC, 0x247E, 0x257F, 0x15DF, 0x061C, 0x0EFE, 0x1EBD, 0x469F, 0x469F,   // 0x39B0 (14768) pixels
0x35FF, 0x2D3F, 0x2C5F, 0x12BB, 0x0132, 0x00EF, 0x1170, 0x198E, 0x08E8, 0x0042, 0x0000, 0x0000, 0x0000, 0x0000, 0x0000, 0x0000,   // 0x39C0 (14784) pixels
0x0000, 0x0000, 0x0000, 0x0000, 0x0000, 0x0000, 0x0000, 0x0000, 0x0000, 0x0000, 0x0000, 0x0000, 0x0000, 0x0000, 0x0000, 0x0000,   // 0x39D0 (14800) pixels
0x0000, 0x0000, 0x0000, 0x0000, 0x0000, 0x0000, 0x0000, 0x0000, 0x0000, 0x0000, 0x0000, 0x0000, 0x0000, 0x0000, 0x0000, 0x0000,   // 0x39E0 (14816) pixels
0x0000, 0x0000, 0x0000, 0x0000, 0x0000, 0x0000, 0x0000, 0x0000, 0x0000, 0x0000, 0x0000, 0x0000, 0x0000, 0x0000, 0x0000, 0x0000,   // 0x39F0 (14832) pixels
0x0000, 0x0000, 0x0000, 0x0000, 0x0000, 0x0000, 0x0000, 0x0000, 0x0000, 0x0000, 0x0000, 0x0000, 0x0000, 0x0000, 0x0000, 0x0000,   // 0x3A00 (14848) pixels
0x0000, 0x0000, 0x0000, 0x0000, 0x0000, 0x0000, 0x0000, 0x0000, 0x0000, 0x0000, 0x0000, 0x0000, 0x0000, 0x0000, 0x0000, 0x0000,   // 0x3A10 (14864) pixels
0x0000, 0x0001, 0x194B, 0x1990, 0x11D0, 0x2317, 0x14BD, 0x1DBF, 0x2D3F, 0x1C5E, 0x0C1E, 0x141D, 0x0BBD, 0x13DE, 0x0C3E, 0x14FD,   // 0x3A20 (14880) pixels
0x1E1D, 0x2EDE, 0x2EDF, 0x267F, 0x15BE, 0x1D3D, 0x151E, 0x05DE, 0x06DE, 0x179E, 0x5FDF, 0xA7FF, 0xD7FF, 0xCFFF, 0xA7FF, 0x679F,   // 0x3A30 (14896) pixels
0x275E, 0x0F5E, 0x1F7F, 0x2F9E, 0x779E, 0xA7FF, 0x9FDF, 0x5F9E, 0x379D, 0x379E, 0x377E, 0x2F9F, 0x377E, 0x377E, 0x377E, 0x377E,   // 0x3A40 (14912) pixels
0x377E, 0x377E, 0x377E, 0x377E, 0x377E, 0x377F, 0x2F7E, 0x3F5D, 0x4F7D, 0x4F7D, 0x3F7E, 0x2FBF, 0x2F7E, 0x57BE, 0xAFFF, 0xFFFF,   // 0x3A50 (14928) pixels
0xEFFF, 0x8FDF, 0x3F9E, 0x2FBF, 0x2F9E, 0x377D, 0x475E, 0x477E, 0x377E, 0x2F7E, 0x2F9E, 0x2F7F, 0x36BF, 0x161C, 0x26FE, 0x275F,   // 0x3A60 (14944) pixels
0x0EBE, 0x0E3E, 0x0DDD, 0x15DE, 0x147C, 0x1C9C, 0x1DDF, 0x169F, 0x161E, 0x055C, 0x1DDE, 0x2D5E, 0x35DE, 0x465F, 0x3DFF, 0x2D3F,   // 0x3A70 (14960) pixels
0x2C5F, 0x1A9B, 0x0133, 0x010F, 0x094F, 0x196E, 0x1129, 0x0001, 0x0000, 0x0000, 0x0000, 0x0000, 0x0000, 0x0000, 0x0000, 0x0000,   // 0x3A80 (14976) pixels
0x0000, 0x0000, 0x0000, 0x0000, 0x0000, 0x0000, 0x0000, 0x0000, 0x0000, 0x0000, 0x0000, 0x0000, 0x0000, 0x0000, 0x0000, 0x0000,   // 0x3A90 (14992) pixels
0x0000, 0x0000, 0x0000, 0x0000, 0x0000, 0x0000, 0x0000, 0x0000, 0x0000, 0x0000, 0x0000, 0x0000, 0x0000, 0x0000, 0x0000, 0x0000,   // 0x3AA0 (15008) pixels
0x0000, 0x0000, 0x0000, 0x0000, 0x0000, 0x0000, 0x0000, 0x0000, 0x0000, 0x0000, 0x0000, 0x0000, 0x0000, 0x0000, 0x0000, 0x0000,   // 0x3AB0 (15024) pixels
0x0000, 0x0000, 0x0000, 0x0000, 0x0000, 0x0000, 0x0000, 0x0000, 0x0000, 0x0000, 0x0000, 0x0000, 0x0000, 0x0000, 0x0000, 0x0000,   // 0x3AC0 (15040) pixels
0x0000, 0x0000, 0x0000, 0x0000, 0x0000, 0x0000, 0x0000, 0x0000, 0x0000, 0x0000, 0x0000, 0x0000, 0x0000, 0x0000, 0x0000, 0x0022,   // 0x3AD0 (15056) pixels
0x194B, 0x1990, 0x19D1, 0x22F7, 0x0C7C, 0x157F, 0x24DE, 0x13FC, 0x0BFD, 0x1C3E, 0x141D, 0x145F, 0x1CBF, 0x1D3F, 0x1E1E, 0x26BE,   // 0x3AE0 (15072) pixels
0x2E9F, 0x261F, 0x1E3E, 0x25BE, 0x25BE, 0x0E5F, 0x073E, 0x079E, 0x57BE, 0x9FBF, 0xC7FD, 0xC7FE, 0x9FDF, 0x5F7F, 0x1F3F, 0x073F,   // 0x3AF0 (15088) pixels
0x1F5F, 0x377E, 0x8F7D, 0xC7FF, 0xB7DF, 0x677E, 0x2F9D, 0x379E, 0x377E, 0x2FBF, 0x377E, 0x377E, 0x377E, 0x377E, 0x377E, 0x377E,   // 0x3B00 (15104) pixels
0x377E, 0x377E, 0x3F7E, 0x3F9F, 0x379F, 0x2F9F, 0x2FBF, 0x2FBE, 0x377F, 0x379F, 0x3F7F, 0x5F9E, 0xAFDF, 0xF7BF, 0xE7BE, 0x87BD,   // 0x3B10 (15120) pixels
0x379D, 0x2FBF, 0x2F7F, 0x377F, 0x479F, 0x47BF, 0x2F9E, 0x27BE, 0x2FBF, 0x2F7F, 0x3DFF, 0x0D3A, 0x1EBD, 0x275F, 0x16FF, 0x1EBF,   // 0x3B20 (15136) pixels
0x163E, 0x163E, 0x1DDD, 0x2E3E, 0x26FF, 0x16FF, 0x15FD, 0x153D, 0x255F, 0x247F, 0x1CFB, 0x3DBE, 0x357E, 0x24DF, 0x241F, 0x1A7A,   // 0x3B30 (15152) pixels
0x0112, 0x010F, 0x010E, 0x116D, 0x196A, 0x0001, 0x0000, 0x0000, 0x0000, 0x0000, 0x0000, 0x0000, 0x0000, 0x0000, 0x0000, 0x0000,   // 0x3B40 (15168) pixels
0x0000, 0x0000, 0x0000, 0x0000, 0x0000, 0x0000, 0x0000, 0x0000, 0x0000, 0x0000, 0x0000, 0x0000, 0x0000, 0x0000, 0x0000, 0x0000,   // 0x3B50 (15184) pixels
0x0000, 0x0000, 0x0000, 0x0000, 0x0000, 0x0000, 0x0000, 0x0000, 0x0000, 0x0000, 0x0000, 0x0000, 0x0000, 0x0000, 0x0000, 0x0000,   // 0x3B60 (15200) pixels
0x0000, 0x0000, 0x0000, 0x0000, 0x0000, 0x0000, 0x0000, 0x0000, 0x0000, 0x0000, 0x0000, 0x0000, 0x0000, 0x0000, 0x0000, 0x0000,   // 0x3B70 (15216) pixels
0x0000, 0x0000, 0x0000, 0x0000, 0x0000, 0x0000, 0x0000, 0x0000, 0x0000, 0x0000, 0x0000, 0x0000, 0x0000, 0x0000, 0x0000, 0x0000,   // 0x3B80 (15232) pixels
0x0000, 0x0000, 0x0000, 0x0000, 0x0000, 0x0000, 0x0000, 0x0000, 0x0000, 0x0000, 0x0021, 0x0000, 0x0000, 0x0001, 0x110A, 0x116F,   // 0x3B90 (15248) pixels
0x19D0, 0x1AD7, 0x13DC, 0x1C5E, 0x241F, 0x1B3F, 0x12FD, 0x239C, 0x141E, 0x14DE, 0x1DFD, 0x1E9F, 0x1E7F, 0x15BF, 0x159E, 0x261F,   // 0x3BA0 (15264) pixels
0x2E5F, 0x2EBE, 0x271E, 0x175E, 0x0F3F, 0x175F, 0x3F9E, 0x5FDE, 0x8F9F, 0x87DF, 0x6FBF, 0x3F5E, 0x1F5D, 0x175E, 0x1F5F, 0x377F,   // 0x3BB0 (15280) pixels
0x5F7F, 0x5FBF, 0x579F, 0x477E, 0x3F7E, 0x377D, 0x379D, 0x37BD, 0x379E, 0x379E, 0x379E, 0x379E, 0x379E, 0x377F, 0x377F, 0x377F,   // 0x3BC0 (15296) pixels
0x377E, 0x377E, 0x377E, 0x377E, 0x3F9F, 0x3F9F, 0x377E, 0x377E, 0x379E, 0x477E, 0x67BF, 0x77FF, 0x67DF, 0x479E, 0x3F9D, 0x3F9E,   // 0x3BD0 (15312) pixels
0x2F9F, 0x3F7D, 0x9F9E, 0xD7BF, 0x777E, 0x1F7C, 0x1FDE, 0x279D, 0x2F5D, 0x273C, 0x2F7D, 0x277D, 0x275E, 0x2F7F, 0x26FF, 0x167D,   // 0x3BE0 (15328) pixels
0x069C, 0x0E7E, 0x265F, 0x2DDF, 0x153D, 0x15FE, 0x267F, 0x1D9E, 0x259F, 0x2D1E, 0x34BE, 0x2C7E, 0x23DD, 0x1AB8, 0x0151, 0x012E,   // 0x3BF0 (15344) pixels
0x010F, 0x114A, 0x10C4, 0x0800, 0x0000, 0x0000, 0x0020, 0x0020, 0x0000, 0x0000, 0x0000, 0x0000, 0x0000, 0x0000, 0x0000, 0x0000,   // 0x3C00 (15360) pixels
0x0000, 0x0000, 0x0000, 0x0000, 0x0000, 0x0000, 0x0000, 0x0000, 0x0000, 0x0000, 0x0000, 0x0000, 0x0000, 0x0000, 0x0000, 0x0000,   // 0x3C10 (15376) pixels
0x0000, 0x0000, 0x0000, 0x0000, 0x0000, 0x0000, 0x0000, 0x0000, 0x0000, 0x0000, 0x0000, 0x0000, 0x0000, 0x0000, 0x0000, 0x0000,   // 0x3C20 (15392) pixels
0x0000, 0x0000, 0x0000, 0x0000, 0x0000, 0x0000, 0x0000, 0x0000, 0x0000, 0x0000, 0x0000, 0x0000, 0x0000, 0x0000, 0x0000, 0x0000,   // 0x3C30 (15408) pixels
0x0000, 0x0000, 0x0000, 0x0000, 0x0000, 0x0000, 0x0000, 0x0000, 0x0000, 0x0000, 0x0000, 0x0000, 0x0000, 0x0000, 0x0000, 0x0000,   // 0x3C40 (15424) pixels
0x0000, 0x0000, 0x0000, 0x0000, 0x0000, 0x0000, 0x0000, 0x0000, 0x0001, 0x0000, 0x0000, 0x0001, 0x110A, 0x1190, 0x19B0, 0x1276,   // 0x3C50 (15440) pixels
0x131B, 0x1B9D, 0x239F, 0x1ADE, 0x12BC, 0x1B7C, 0x149E, 0x259E, 0x2E7F, 0x2EBF, 0x1E1F, 0x0D3D, 0x04FC, 0x157E, 0x267F, 0x36FF,   // 0x3C60 (15456) pixels
0x3F9F, 0x2FBF, 0x1F7F, 0x175F, 0x2F5F, 0x3F5E, 0x3F9E, 0x479E, 0x3F5E, 0x375D, 0x2F7E, 0x279E, 0x277E, 0x2F9F, 0x3F5E, 0x3F7F,   // 0x3C70 (15472) pixels
0x3F7F, 0x377F, 0x2F9F, 0x2F9E, 0x2F9E, 0x2F9E, 0x379E, 0x379E, 0x379E, 0x379E, 0x377E, 0x377F, 0x377F, 0x377F, 0x377E, 0x377E,   // 0x3C80 (15488) pixels
0x377E, 0x377E, 0x377E, 0x377E, 0x377E, 0x377E, 0x37BE, 0x375D, 0x475D, 0x577E, 0x477D, 0x377D, 0x2F9D, 0x379E, 0x2F7F, 0x3F9E,   // 0x3C90 (15504) pixels
0x87DF, 0xB7FF, 0x6FBF, 0x27BE, 0x2FDF, 0x2F7E, 0x3EFF, 0x2EDF, 0x375F, 0x37BF, 0x37DF, 0x37DF, 0x375F, 0x269D, 0x0DFC, 0x05BC,   // 0x3CA0 (15520) pixels
0x159E, 0x153D, 0x051B, 0x15FE, 0x265F, 0x1D7E, 0x14BE, 0x1C7D, 0x243E, 0x1C1E, 0x1BFD, 0x12B8, 0x0150, 0x010E, 0x012F, 0x114A,   // 0x3CB0 (15536) pixels
0x0842, 0x0000, 0x0000, 0x0000, 0x0000, 0x0000, 0x0000, 0x0000, 0x0000, 0x0000, 0x0000, 0x0000, 0x0000, 0x0000, 0x0000, 0x0000,   // 0x3CC0 (15552) pixels
0x0000, 0x0000, 0x0000, 0x0000, 0x0000, 0x0000, 0x0000, 0x0000, 0x0000, 0x0000, 0x0000, 0x0000, 0x0000, 0x0000, 0x0000, 0x0000,   // 0x3CD0 (15568) pixels
0x0000, 0x0000, 0x0000, 0x0000, 0x0000, 0x0000, 0x0000, 0x0000, 0x0000, 0x0000, 0x0000, 0x0000, 0x0000, 0x0000, 0x0000, 0x0000,   // 0x3CE0 (15584) pixels
0x0000, 0x0000, 0x0000, 0x0000, 0x0000, 0x0000, 0x0000, 0x0000, 0x0000, 0x0000, 0x0000, 0x0000, 0x0000, 0x0000, 0x0000, 0x0000,   // 0x3CF0 (15600) pixels
0x0000, 0x0000, 0x0000, 0x0000, 0x0000, 0x0000, 0x0000, 0x0000, 0x0000, 0x0000, 0x0000, 0x0000, 0x0000, 0x0000, 0x0000, 0x0000,   // 0x3D00 (15616) pixels
0x0000, 0x0000, 0x0000, 0x0000, 0x0000, 0x0000, 0x0001, 0x0000, 0x0000, 0x0022, 0x112A, 0x1990, 0x19B0, 0x1215, 0x129A, 0x1AFD,   // 0x3D10 (15632) pixels
0x231F, 0x22FF, 0x133D, 0x141D, 0x153C, 0x25FE, 0x36BF, 0x367F, 0x1D7F, 0x047C, 0x043C, 0x14DD, 0x1E3E, 0x36FF, 0x47BF, 0x3FFF,   // 0x3D20 (15648) pixels
0x2FBF, 0x1F7F, 0x171F, 0x16DE, 0x073D, 0x0F3D, 0x1F1D, 0x2F5E, 0x37BF, 0x37DE, 0x37BE, 0x379E, 0x37BE, 0x2F9E, 0x2F7F, 0x379F,   // 0x3D30 (15664) pixels
0x379F, 0x379F, 0x379F, 0x2F9F, 0x379E, 0x379E, 0x379E, 0x379E, 0x377E, 0x377E, 0x377E, 0x377E, 0x377E, 0x377E, 0x377E, 0x379E,   // 0x3D40 (15680) pixels
0x379E, 0x379E, 0x377E, 0x377E, 0x37DF, 0x377E, 0x3F7E, 0x3F9E, 0x379E, 0x2F9D, 0x2F9E, 0x2F7E, 0x379F, 0x37BF, 0x57BF, 0x6F9F,   // 0x3D50 (15696) pixels
0x475E, 0x279F, 0x379F, 0x36DF, 0x357F, 0x1D7E, 0x2E9E, 0x37BF, 0x37FE, 0x3FFF, 0x3F7F, 0x2E9D, 0x1D7C, 0x0D3C, 0x0D5D, 0x157D,   // 0x3D60 (15712) pixels
0x0DDD, 0x1E9F, 0x267F, 0x151E, 0x0BFE, 0x13DE, 0x13BE, 0x0BFE, 0x1C3E, 0x12D8, 0x0150, 0x090D, 0x092E, 0x1129, 0x0000, 0x0000,   // 0x3D70 (15728) pixels
0x0001, 0x0000, 0x0000, 0x0000, 0x0000, 0x0000, 0x0000, 0x0000, 0x0000, 0x0000, 0x0000, 0x0000, 0x0000, 0x0000, 0x0000, 0x0000,   // 0x3D80 (15744) pixels
0x0000, 0x0000, 0x0000, 0x0000, 0x0000, 0x0000, 0x0000, 0x0000, 0x0000, 0x0000, 0x0000, 0x0000, 0x0000, 0x0000, 0x0000, 0x0000,   // 0x3D90 (15760) pixels
0x0000, 0x0000, 0x0000, 0x0000, 0x0000, 0x0000, 0x0000, 0x0000, 0x0000, 0x0000, 0x0000, 0x0000, 0x0000, 0x0000, 0x0000, 0x0000,   // 0x3DA0 (15776) pixels
0x0000, 0x0000, 0x0000, 0x0000, 0x0000, 0x0000, 0x0000, 0x0000, 0x0000, 0x0000, 0x0000, 0x0000, 0x0000, 0x0000, 0x0000, 0x0000,   // 0x3DB0 (15792) pixels
0x0000, 0x0000, 0x0000, 0x0000, 0x0000, 0x0000, 0x0000, 0x0000, 0x0000, 0x0000, 0x0000, 0x0000, 0x0000, 0x0000, 0x0000, 0x0000,   // 0x3DC0 (15808) pixels
0x0000, 0x0000, 0x0000, 0x0000, 0x0001, 0x0000, 0x0000, 0x0022, 0x192B, 0x19B0, 0x1990, 0x11D4, 0x1259, 0x1ABD, 0x2B3F, 0x33DF,   // 0x3DD0 (15824) pixels
0x24BF, 0x1D7E, 0x15BD, 0x1DDE, 0x1DDF, 0x1D7F, 0x0CBF, 0x041D, 0x03FD, 0x145F, 0x155E, 0x261E, 0x36FE, 0x379E, 0x2FDF, 0x1FBF,   // 0x3DE0 (15840) pixels
0x171F, 0x065E, 0x063D, 0x061D, 0x0E3D, 0x26BF, 0x377F, 0x37BF, 0x379E, 0x375C, 0x37DE, 0x2F9E, 0x379E, 0x377F, 0x377F, 0x377F,   // 0x3DF0 (15856) pixels
0x3F7F, 0x3F9F, 0x379E, 0x379E, 0x379E, 0x377E, 0x379E, 0x377F, 0x377F, 0x377F, 0x377E, 0x377E, 0x377E, 0x379E, 0x379E, 0x379E,   // 0x3E00 (15872) pixels
0x377E, 0x377E, 0x379F, 0x377E, 0x3F9E, 0x37BE, 0x279E, 0x277E, 0x2F7F, 0x375F, 0x375F, 0x279E, 0x2F9D, 0x377D, 0x2F7E, 0x2F9F,   // 0x3E10 (15888) pixels
0x373F, 0x25FD, 0x1C1E, 0x0C5C, 0x261D, 0x2F7E, 0x2FBD, 0x377E, 0x36FF, 0x2E1E, 0x257E, 0x157E, 0x15DF, 0x1E7F, 0x1EFF, 0x275F,   // 0x3E20 (15904) pixels
0x1E7F, 0x14DD, 0x0B9E, 0x137F, 0x139F, 0x0BFF, 0x1C7F, 0x12F7, 0x014F, 0x08EC, 0x092D, 0x08C7, 0x0000, 0x0000, 0x0000, 0x0000,   // 0x3E30 (15920) pixels
0x0000, 0x0000, 0x0000, 0x0000, 0x0000, 0x0000, 0x0000, 0x0000, 0x0000, 0x0000, 0x0000, 0x0000, 0x0000, 0x0000, 0x0000, 0x0000,   // 0x3E40 (15936) pixels
0x0000, 0x0000, 0x0000, 0x0000, 0x0000, 0x0000, 0x0000, 0x0000, 0x0000, 0x0000, 0x0000, 0x0000, 0x0000, 0x0000, 0x0000, 0x0000,   // 0x3E50 (15952) pixels
0x0000, 0x0000, 0x0000, 0x0000, 0x0000, 0x0000, 0x0000, 0x0000, 0x0000, 0x0000, 0x0000, 0x0000, 0x0000, 0x0000, 0x0000, 0x0000,   // 0x3E60 (15968) pixels
0x0000, 0x0000, 0x0000, 0x0000, 0x0000, 0x0000, 0x0000, 0x0000, 0x0000, 0x0000, 0x0000, 0x0000, 0x0000, 0x0000, 0x0000, 0x0000,   // 0x3E70 (15984) pixels
0x0000, 0x0000, 0x0000, 0x0000, 0x0000, 0x0000, 0x0000, 0x0000, 0x0000, 0x0000, 0x0000, 0x0000, 0x0000, 0x0000, 0x0000, 0x0000,   // 0x3E80 (16000) pixels
0x0000, 0x0000, 0x0001, 0x0000, 0x0000, 0x0022, 0x192A, 0x1990, 0x1970, 0x11F3, 0x1298, 0x12DC, 0x237F, 0x3CFF, 0x361F, 0x26BE,   // 0x3E90 (16016) pixels
0x1E3E, 0x157E, 0x04BD, 0x043D, 0x03FE, 0x03FF, 0x0BFF, 0x0BFF, 0x0C5E, 0x14DE, 0x1DBD, 0x1EDD, 0x27DF, 0x27FF, 0x1F1F, 0x05FE,   // 0x3EA0 (16032) pixels
0x0D1E, 0x0CBD, 0x14BD, 0x257F, 0x369F, 0x3F5F, 0x379F, 0x2F7D, 0x279C, 0x2F7D, 0x377E, 0x377E, 0x375E, 0x375E, 0x377E, 0x379E,   // 0x3EB0 (16048) pixels
0x2F9E, 0x2F9E, 0x379E, 0x379E, 0x379E, 0x379F, 0x379F, 0x379F, 0x377E, 0x379E, 0x379E, 0x379E, 0x379E, 0x379E, 0x379E, 0x379E,   // 0x3EC0 (16064) pixels
0x377F, 0x375E, 0x377E, 0x377E, 0x2F7E, 0x2F9F, 0x3F7F, 0x473F, 0x3F3E, 0x377F, 0x2F9F, 0x27BE, 0x27BE, 0x2F9F, 0x2EFE, 0x1D9B,   // 0x3ED0 (16080) pixels
0x249D, 0x1D1D, 0x36BE, 0x379F, 0x273D, 0x1EBD, 0x261E, 0x257F, 0x2DBF, 0x1DDF, 0x165F, 0x16DF, 0x175F, 0x175F, 0x165F, 0x0CBC,   // 0x3EE0 (16096) pixels
0x0B9E, 0x139F, 0x13BF, 0x143F, 0x24BF, 0x0AD6, 0x012F, 0x08EC, 0x112C, 0x0044, 0x0020, 0x0000, 0x0000, 0x0000, 0x0000, 0x0000,   // 0x3EF0 (16112) pixels
0x0000, 0x0000, 0x0000, 0x0000, 0x0000, 0x0000, 0x0000, 0x0000, 0x0000, 0x0000, 0x0000, 0x0000, 0x0000, 0x0000, 0x0000, 0x0000,   // 0x3F00 (16128) pixels
0x0000, 0x0000, 0x0000, 0x0000, 0x0000, 0x0000, 0x0000, 0x0000, 0x0000, 0x0000, 0x0000, 0x0000, 0x0000, 0x0000, 0x0000, 0x0000,   // 0x3F10 (16144) pixels
0x0000, 0x0000, 0x0000, 0x0000, 0x0000, 0x0000, 0x0000, 0x0000, 0x0000, 0x0000, 0x0000, 0x0000, 0x0000, 0x0000, 0x0000, 0x0000,   // 0x3F20 (16160) pixels
0x0000, 0x0000, 0x0000, 0x0000, 0x0000, 0x0000, 0x0000, 0x0000, 0x0000, 0x0000, 0x0000, 0x0000, 0x0000, 0x0000, 0x0000, 0x0000,   // 0x3F30 (16176) pixels
0x0000, 0x0000, 0x0000, 0x0000, 0x0000, 0x0000, 0x0000, 0x0000, 0x0000, 0x0000, 0x0000, 0x0000, 0x0000, 0x0000, 0x0000, 0x0000,   // 0x3F40 (16192) pixels
0x0001, 0x0000, 0x0000, 0x0022, 0x110A, 0x116F, 0x19B0, 0x1232, 0x1B19, 0x1B5D, 0x23DF, 0x3D5F, 0x367F, 0x26FE, 0x263F, 0x155E,   // 0x3F50 (16208) pixels
0x045D, 0x03DD, 0x041D, 0x0C5F, 0x0C3F, 0x03DF, 0x0BDF, 0x0C1E, 0x0CDD, 0x161E, 0x277F, 0x2FDF, 0x1EDF, 0x0D9D, 0x1C7E, 0x1C1E,   // 0x3F60 (16224) pixels
0x23DD, 0x2C1C, 0x2D1D, 0x2E7F, 0x379F, 0x2FFF, 0x2FBE, 0x37DF, 0x3F9F, 0x377F, 0x3F9F, 0x379E, 0x2FBE, 0x2FDD, 0x37BE, 0x37BE,   // 0x3F70 (16240) pixels
0x379E, 0x379E, 0x379E, 0x379F, 0x379F, 0x379F, 0x379E, 0x379E, 0x379E, 0x379E, 0x379E, 0x379E, 0x379E, 0x379E, 0x3F9F, 0x3F7E,   // 0x3F80 (16256) pixels
0x3F7E, 0x379E, 0x2FBF, 0x37BF, 0x373F, 0x369E, 0x2E5D, 0x3E9F, 0x2EDF, 0x275F, 0x2F7E, 0x2F7E, 0x2F1E, 0x263D, 0x35FF, 0x2E5F,   // 0x3F90 (16272) pixels
0x3F7F, 0x2F9F, 0x1EDD, 0x161D, 0x159E, 0x1D3F, 0x25BF, 0x1DFF, 0x165F, 0x16DF, 0x175F, 0x0F5F, 0x0E5E, 0x0D1C, 0x0C1D, 0x13DE,   // 0x3FA0 (16288) pixels
0x1BDF, 0x143F, 0x247E, 0x0A74, 0x012E, 0x10ED, 0x110B, 0x0002, 0x0000, 0x0000, 0x0000, 0x0021, 0x0000, 0x0000, 0x0000, 0x0000,   // 0x3FB0 (16304) pixels
0x0000, 0x0000, 0x0000, 0x0000, 0x0000, 0x0000, 0x0000, 0x0000, 0x0000, 0x0000, 0x0000, 0x0000, 0x0000, 0x0000, 0x0000, 0x0000,   // 0x3FC0 (16320) pixels
0x0000, 0x0000, 0x0000, 0x0000, 0x0000, 0x0000, 0x0000, 0x0000, 0x0000, 0x0000, 0x0000, 0x0000, 0x0000, 0x0000, 0x0000, 0x0000,   // 0x3FD0 (16336) pixels
0x0000, 0x0000, 0x0000, 0x0000, 0x0000, 0x0000, 0x0000, 0x0000, 0x0000, 0x0000, 0x0000, 0x0000, 0x0000, 0x0000, 0x0000, 0x0000,   // 0x3FE0 (16352) pixels
0x0000, 0x0000, 0x0000, 0x0000, 0x0000, 0x0000, 0x0000, 0x0000, 0x0000, 0x0000, 0x0000, 0x0000, 0x0000, 0x0000, 0x0000, 0x0000,   // 0x3FF0 (16368) pixels
0x0000, 0x0000, 0x0000, 0x0000, 0x0000, 0x0000, 0x0000, 0x0000, 0x0000, 0x0000, 0x0000, 0x0000, 0x0000, 0x0000, 0x0001, 0x0000,   // 0x4000 (16384) pixels
0x0000, 0x0001, 0x110A, 0x114F, 0x21D1, 0x1252, 0x237A, 0x23BF, 0x23DF, 0x34DF, 0x359D, 0x261E, 0x25FF, 0x1D3F, 0x0CBF, 0x0C9E,   // 0x4010 (16400) pixels
0x0CDE, 0x151E, 0x14DF, 0x0C5E, 0x0BDF, 0x0BDF, 0x0C3F, 0x155E, 0x269F, 0x271F, 0x1E7E, 0x15BD, 0x14BE, 0x1C5D, 0x23FC, 0x23FC,   // 0x4020 (16416) pixels
0x1CBC, 0x261E, 0x2F3F, 0x2F7E, 0x373F, 0x3F7F, 0x36FF, 0x2EBE, 0x373F, 0x3FBF, 0x37DF, 0x2FFF, 0x37DF, 0x37DF, 0x37BF, 0x37BF,   // 0x4030 (16432) pixels
0x379F, 0x379F, 0x377E, 0x377E, 0x37BE, 0x37BE, 0x37BE, 0x37BE, 0x37BE, 0x37BE, 0x37BE, 0x37BE, 0x37BE, 0x3F9E, 0x3F9E, 0x37BE,   // 0x4040 (16448) pixels
0x2FBE, 0x2FBF, 0x2EFE, 0x261C, 0x151B, 0x2CDD, 0x253E, 0x265F, 0x371F, 0x2F5F, 0x273F, 0x2EBF, 0x26DF, 0x26FF, 0x2F7F, 0x273F,   // 0x4050 (16464) pixels
0x1EBE, 0x1E3E, 0x159E, 0x1D5F, 0x253F, 0x1D7F, 0x15DF, 0x165F, 0x1F3F, 0x175F, 0x169F, 0x15BE, 0x14FE, 0x1C7E, 0x243F, 0x1C1E,   // 0x4060 (16480) pixels
0x23FC, 0x01D2, 0x010E, 0x110D, 0x08A9, 0x0001, 0x0000, 0x0000, 0x0000, 0x0021, 0x0000, 0x0000, 0x0000, 0x0000, 0x0000, 0x0000,   // 0x4070 (16496) pixels
0x0000, 0x0000, 0x0000, 0x0000, 0x0000, 0x0000, 0x0000, 0x0000, 0x0000, 0x0000, 0x0000, 0x0000, 0x0000, 0x0000, 0x0000, 0x0000,   // 0x4080 (16512) pixels
0x0000, 0x0000, 0x0000, 0x0000, 0x0000, 0x0000, 0x0000, 0x0000, 0x0000, 0x0000, 0x0000, 0x0000, 0x0000, 0x0000, 0x0000, 0x0000,   // 0x4090 (16528) pixels
0x0000, 0x0000, 0x0000, 0x0000, 0x0000, 0x0000, 0x0000, 0x0000, 0x0000, 0x0000, 0x0000, 0x0000, 0x0000, 0x0000, 0x0000, 0x0000,   // 0x40A0 (16544) pixels
0x0000, 0x0000, 0x0000, 0x0000, 0x0000, 0x0000, 0x0000, 0x0000, 0x0000, 0x0000, 0x0000, 0x0000, 0x0000, 0x0000, 0x0000, 0x0000,   // 0x40B0 (16560) pixels
0x0000, 0x0000, 0x0000, 0x0000, 0x0000, 0x0000, 0x0000, 0x0000, 0x0000, 0x0000, 0x0000, 0x0000, 0x0001, 0x0000, 0x0000, 0x0001,   // 0x40C0 (16576) pixels
0x08E9, 0x092E, 0x19B0, 0x0A11, 0x1B79, 0x23BF, 0x239F, 0x2C1E, 0x249C, 0x24FD, 0x1D7D, 0x1D3E, 0x253F, 0x1D7F, 0x159E, 0x15BE,   // 0x40D0 (16592) pixels
0x155E, 0x0CDE, 0x0C1F, 0x0BDF, 0x0BDF, 0x149E, 0x1D9D, 0x1E3D, 0x1E3E, 0x15FF, 0x25BF, 0x255E, 0x2D1E, 0x2D3E, 0x361F, 0x3F1F,   // 0x40E0 (16608) pixels
0x3F3F, 0x269B, 0x2E1F, 0x363F, 0x259C, 0x153B, 0x2E5E, 0x3F5F, 0x379F, 0x37FF, 0x3FFF, 0x3FFF, 0x3FDF, 0x37BF, 0x379F, 0x379F,   // 0x40F0 (16624) pixels
0x2F7E, 0x2F5E, 0x37BE, 0x37BE, 0x37BE, 0x37BF, 0x37BF, 0x37BF, 0x37BE, 0x37BE, 0x37FE, 0x37DE, 0x3FFF, 0x37DE, 0x2FDE, 0x37DF,   // 0x4100 (16640) pixels
0x377F, 0x2EDE, 0x2D5F, 0x345E, 0x241D, 0x1D3E, 0x2E3F, 0x1EBE, 0x16DF, 0x1E9F, 0x16FE, 0x173F, 0x1F3F, 0x1EFF, 0x26DF, 0x269F,   // 0x4110 (16656) pixels
0x1DDE, 0x157E, 0x24BD, 0x1CDE, 0x151E, 0x15DE, 0x1EDF, 0x1F5F, 0x1EFF, 0x267F, 0x1DBF, 0x24FF, 0x2C7F, 0x23FE, 0x1B9A, 0x0170,   // 0x4120 (16672) pixels
0x00EE, 0x110E, 0x0047, 0x0001, 0x0000, 0x0000, 0x0000, 0x0000, 0x0000, 0x0800, 0x0000, 0x0000, 0x0000, 0x0000, 0x0000, 0x0000,   // 0x4130 (16688) pixels
0x0000, 0x0000, 0x0000, 0x0000, 0x0000, 0x0000, 0x0000, 0x0000, 0x0000, 0x0000, 0x0000, 0x0000, 0x0000, 0x0000, 0x0000, 0x0000,   // 0x4140 (16704) pixels
0x0000, 0x0000, 0x0000, 0x0000, 0x0000, 0x0000, 0x0000, 0x0000, 0x0000, 0x0000, 0x0000, 0x0000, 0x0000, 0x0000, 0x0000, 0x0000,   // 0x4150 (16720) pixels
0x0000, 0x0000, 0x0000, 0x0000, 0x0000, 0x0000, 0x0000, 0x0000, 0x0000, 0x0000, 0x0000, 0x0000, 0x0000, 0x0000, 0x0000, 0x0000,   // 0x4160 (16736) pixels
0x0000, 0x0000, 0x0000, 0x0000, 0x0000, 0x0000, 0x0000, 0x0000, 0x0000, 0x0000, 0x0000, 0x0000, 0x0000, 0x0000, 0x0000, 0x0000,   // 0x4170 (16752) pixels
0x0000, 0x0000, 0x0000, 0x0000, 0x0000, 0x0000, 0x0000, 0x0000, 0x0000, 0x0000, 0x0000, 0x0000, 0x0000, 0x0021, 0x10C8, 0x10ED,   // 0x4180 (16768) pixels
0x11F1, 0x11B0, 0x1AD5, 0x1C9D, 0x1C7F, 0x235E, 0x32FD, 0x337C, 0x245D, 0x2D5F, 0x1E1F, 0x167F, 0x1EBF, 0x26BF, 0x1E3F, 0x15BE,   // 0x4190 (16784) pixels
0x151E, 0x145E, 0x13DF, 0x13FF, 0x147F, 0x151E, 0x1D9E, 0x2DDF, 0x269F, 0x271E, 0x2F9D, 0x2FBD, 0x379F, 0x3EFF, 0x35FF, 0x24FD,   // 0x41A0 (16800) pixels
0x247C, 0x3C7F, 0x3BDF, 0x23DD, 0x255E, 0x371F, 0x2FDE, 0x2FFD, 0x47BE, 0x47BF, 0x3FBF, 0x2FBF, 0x37DF, 0x373F, 0x2DBE, 0x351F,   // 0x41B0 (16816) pixels
0x2DFF, 0x3F1F, 0x37DF, 0x27DD, 0x2FDE, 0x37DE, 0x37BE, 0x37BF, 0x27FD, 0x2FFE, 0x37DF, 0x379F, 0x3F9F, 0x3FBF, 0x2F7F, 0x273D,   // 0x41C0 (16832) pixels
0x2E3F, 0x369F, 0x265E, 0x161C, 0x267E, 0x2EDF, 0x2E5F, 0x2E1F, 0x0EBE, 0x16BE, 0x1EDF, 0x16FF, 0x0EFF, 0x16DF, 0x1E1F, 0x1D3E,   // 0x41D0 (16848) pixels
0x1C5E, 0x1C3E, 0x1C9E, 0x155E, 0x167E, 0x175F, 0x27BF, 0x277E, 0x1EBF, 0x1E1D, 0x1D1D, 0x2C1D, 0x1215, 0x094E, 0x00EC, 0x092E,   // 0x41E0 (16864) pixels
0x0000, 0x0000, 0x0000, 0x0000, 0x0000, 0x0000, 0x0000, 0x0000, 0x0000, 0x0000, 0x0000, 0x0000, 0x0000, 0x0000, 0x0000, 0x0000,   // 0x41F0 (16880) pixels
0x0000, 0x0000, 0x0000, 0x0000, 0x0000, 0x0000, 0x0000, 0x0000, 0x0000, 0x0000, 0x0000, 0x0000, 0x0000, 0x0000, 0x0000, 0x0000,   // 0x4200 (16896) pixels
0x0000, 0x0000, 0x0000, 0x0000, 0x0000, 0x0000, 0x0000, 0x0000, 0x0000, 0x0000, 0x0000, 0x0000, 0x0000, 0x0000, 0x0000, 0x0000,   // 0x4210 (16912) pixels
0x0000, 0x0000, 0x0000, 0x0000, 0x0000, 0x0000, 0x0000, 0x0000, 0x0000, 0x0000, 0x0000, 0x0000, 0x0000, 0x0000, 0x0000, 0x0000,   // 0x4220 (16928) pixels
0x0000, 0x0000, 0x0000, 0x0000, 0x0000, 0x0000, 0x0000, 0x0000, 0x0000, 0x0000, 0x0000, 0x0000, 0x0000, 0x0000, 0x0000, 0x0000,   // 0x4230 (16944) pixels
0x0000, 0x0000, 0x0000, 0x0000, 0x0000, 0x0000, 0x0000, 0x0000, 0x0000, 0x0800, 0x0000, 0x0000, 0x0886, 0x192C, 0x09B0, 0x19D1,   // 0x4240 (16960) pixels
0x1A73, 0x141B, 0x1C9F, 0x1B5E, 0x22BB, 0x2AFB, 0x1BFC, 0x251E, 0x261F, 0x1EBF, 0x271F, 0x271F, 0x1EBF, 0x167F, 0x15DF, 0x151E,   // 0x4250 (16976) pixels
0x145E, 0x0BFE, 0x03DE, 0x043D, 0x151D, 0x2DDE, 0x2F1F, 0x379F, 0x37FF, 0x37BE, 0x2EFE, 0x25DE, 0x24FE, 0x1C5D, 0x1C1C, 0x241D,   // 0x4260 (16992) pixels
0x1BBC, 0x1C3C, 0x25FE, 0x373F, 0x375F, 0x373F, 0x273E, 0x2F3F, 0x2F3F, 0x2F5F, 0x2F5F, 0x265D, 0x14BB, 0x1BFC, 0x0D3B, 0x267E,   // 0x4270 (17008) pixels
0x2F3F, 0x2F7E, 0x379F, 0x2F7F, 0x2F5E, 0x2F7E, 0x2F7E, 0x2F7F, 0x271E, 0x1E5D, 0x267E, 0x2EDF, 0x2EDF, 0x165C, 0x1DBD, 0x2E9F,   // 0x4280 (17024) pixels
0x36FF, 0x26FE, 0x26FE, 0x26DF, 0x1E7F, 0x1E5F, 0x167F, 0x1E5F, 0x265F, 0x1E9F, 0x0EDF, 0x171F, 0x167F, 0x157D, 0x149E, 0x145D,   // 0x4290 (17040) pixels
0x147D, 0x151E, 0x15FE, 0x1EFF, 0x277F, 0x2F9F, 0x2F7F, 0x1E9F, 0x255E, 0x1B7A, 0x09B3, 0x012E, 0x092C, 0x00AA, 0x0000, 0x0000,   // 0x42A0 (17056) pixels
0x0000, 0x0000, 0x0000, 0x0000, 0x0000, 0x0000, 0x0000, 0x0000, 0x0000, 0x0000, 0x0000, 0x0000, 0x0000, 0x0000, 0x0000, 0x0000,   // 0x42B0 (17072) pixels
0x0000, 0x0000, 0x0000, 0x0000, 0x0000, 0x0000, 0x0000, 0x0000, 0x0000, 0x0000, 0x0000, 0x0000, 0x0000, 0x0000, 0x0000, 0x0000,   // 0x42C0 (17088) pixels
0x0000, 0x0000, 0x0000, 0x0000, 0x0000, 0x0000, 0x0000, 0x0000, 0x0000, 0x0000, 0x0000, 0x0000, 0x0000, 0x0000, 0x0000, 0x0000,   // 0x42D0 (17104) pixels
0x0000, 0x0000, 0x0000, 0x0000, 0x0000, 0x0000, 0x0000, 0x0000, 0x0000, 0x0000, 0x0000, 0x0000, 0x0000, 0x0000, 0x0000, 0x0000,   // 0x42E0 (17120) pixels
0x0000, 0x0000, 0x0000, 0x0000, 0x0000, 0x0000, 0x0000, 0x0000, 0x0000, 0x0000, 0x0000, 0x0000, 0x0000, 0x0000, 0x0000, 0x0000,   // 0x42F0 (17136) pixels
0x0000, 0x0000, 0x0000, 0x0000, 0x0000, 0x0000, 0x0000, 0x0000, 0x0000, 0x0000, 0x0043, 0x194A, 0x016E, 0x19D1, 0x11D2, 0x1378,   // 0x4300 (17152) pixels
0x249E, 0x137C, 0x127B, 0x1ABC, 0x1BBC, 0x1CBD, 0x25BF, 0x1E7F, 0x1F1F, 0x1F3F, 0x1F3F, 0x1F1F, 0x1EBF, 0x163E, 0x155D, 0x0C5D,   // 0x4310 (17168) pixels
0x037D, 0x035C, 0x149D, 0x2DFE, 0x377F, 0x3FFF, 0x3FFF, 0x377F, 0x263E, 0x1D1E, 0x245E, 0x2C3E, 0x245E, 0x245E, 0x1C9D, 0x1DBD,   // 0x4320 (17184) pixels
0x26DF, 0x26FF, 0x263F, 0x2DBF, 0x161E, 0x1DFF, 0x1E1F, 0x1E7F, 0x2EFF, 0x2E9E, 0x257D, 0x2CFD, 0x15BD, 0x263E, 0x267E, 0x1E5E,   // 0x4330 (17200) pixels
0x267F, 0x1E7E, 0x1E7E, 0x1EBE, 0x269E, 0x2E9F, 0x1E1E, 0x0D5C, 0x155D, 0x25FF, 0x2E1F, 0x1D9E, 0x157E, 0x263F, 0x2EBF, 0x26DE,   // 0x4340 (17216) pixels
0x1EDE, 0x1EFE, 0x1EDF, 0x167E, 0x1DDF, 0x257F, 0x255E, 0x1DDE, 0x169F, 0x1F5F, 0x1F3F, 0x165D, 0x153E, 0x0CBD, 0x0C9D, 0x14DE,   // 0x4350 (17232) pixels
0x1D3E, 0x1DFE, 0x2EFF, 0x379F, 0x2FBF, 0x1EBF, 0x255E, 0x1295, 0x0910, 0x00ED, 0x114B, 0x0025, 0x0000, 0x0000, 0x0000, 0x0000,   // 0x4360 (17248) pixels
0x0000, 0x0000, 0x0000, 0x0000, 0x0000, 0x0000, 0x0000, 0x0000, 0x0000, 0x0000, 0x0000, 0x0000, 0x0000, 0x0000, 0x0000, 0x0000,   // 0x4370 (17264) pixels
0x0000, 0x0000, 0x0000, 0x0000, 0x0000, 0x0000, 0x0000, 0x0000, 0x0000, 0x0000, 0x0000, 0x0000, 0x0000, 0x0000, 0x0000, 0x0000,   // 0x4380 (17280) pixels
0x0000, 0x0000, 0x0000, 0x0000, 0x0000, 0x0000, 0x0000, 0x0000, 0x0000, 0x0000, 0x0000, 0x0000, 0x0000, 0x0000, 0x0000, 0x0000,   // 0x4390 (17296) pixels
0x0000, 0x0000, 0x0000, 0x0000, 0x0000, 0x0000, 0x0000, 0x0000, 0x0000, 0x0000, 0x0000, 0x0000, 0x0000, 0x0000, 0x0000, 0x0000,   // 0x43A0 (17312) pixels
0x0000, 0x0000, 0x0000, 0x0000, 0x0000, 0x0000, 0x0000, 0x0000, 0x0000, 0x0000, 0x0000, 0x0000, 0x0000, 0x0000, 0x0000, 0x0000,   // 0x43B0 (17328) pixels
0x0000, 0x0000, 0x0000, 0x0000, 0x0000, 0x0000, 0x0020, 0x0000, 0x0021, 0x1927, 0x012C, 0x1990, 0x1191, 0x12D5, 0x1C1B, 0x137B,   // 0x43C0 (17344) pixels
0x12DB, 0x22FE, 0x239E, 0x241E, 0x1CDE, 0x159E, 0x163E, 0x16BE, 0x171F, 0x1F5F, 0x1F7F, 0x1F1E, 0x1E7E, 0x153E, 0x0BBE, 0x033D,   // 0x43D0 (17360) pixels
0x147D, 0x261E, 0x2F5F, 0x379F, 0x379F, 0x2EDF, 0x2DBF, 0x249F, 0x2C1F, 0x2C1F, 0x249F, 0x251F, 0x25FF, 0x271F, 0x277F, 0x167E,   // 0x43E0 (17376) pixels
0x14FD, 0x1C3E, 0x143F, 0x143F, 0x149E, 0x157E, 0x26DF, 0x379F, 0x375F, 0x3F1F, 0x261F, 0x1DBE, 0x0D1C, 0x0CDC, 0x151E, 0x155E,   // 0x43F0 (17392) pixels
0x159E, 0x15DE, 0x1D9E, 0x259F, 0x1D7F, 0x151E, 0x14FE, 0x1D1F, 0x1D3F, 0x1D3F, 0x1D3F, 0x1D5F, 0x1D9E, 0x15DD, 0x163D, 0x1EBF,   // 0x4400 (17408) pixels
0x1EFF, 0x169E, 0x1D3F, 0x1CDE, 0x1C7C, 0x14FC, 0x163E, 0x1F7F, 0x27BF, 0x1F5E, 0x161F, 0x15BE, 0x153E, 0x1CBE, 0x147D, 0x14BD,   // 0x4410 (17424) pixels
0x25FE, 0x373F, 0x277E, 0x269F, 0x1C9B, 0x09D1, 0x08ED, 0x090C, 0x0909, 0x0001, 0x0000, 0x0000, 0x0000, 0x0000, 0x0000, 0x0000,   // 0x4420 (17440) pixels
0x0000, 0x0000, 0x0000, 0x0000, 0x0000, 0x0000, 0x0000, 0x0000, 0x0000, 0x0000, 0x0000, 0x0000, 0x0000, 0x0000, 0x0000, 0x0000,   // 0x4430 (17456) pixels
0x0000, 0x0000, 0x0000, 0x0000, 0x0000, 0x0000, 0x0000, 0x0000, 0x0000, 0x0000, 0x0000, 0x0000, 0x0000, 0x0000, 0x0000, 0x0000,   // 0x4440 (17472) pixels
0x0000, 0x0000, 0x0000, 0x0000, 0x0000, 0x0000, 0x0000, 0x0000, 0x0000, 0x0000, 0x0000, 0x0000, 0x0000, 0x0000, 0x0000, 0x0000,   // 0x4450 (17488) pixels
0x0000, 0x0000, 0x0000, 0x0000, 0x0000, 0x0000, 0x0000, 0x0000, 0x0000, 0x0000, 0x0000, 0x0000, 0x0000, 0x0000, 0x0000, 0x0000,   // 0x4460 (17504) pixels
0x0000, 0x0000, 0x0000, 0x0000, 0x0000, 0x0000, 0x0000, 0x0000, 0x0000, 0x0000, 0x0000, 0x0000, 0x0000, 0x0000, 0x0000, 0x0000,   // 0x4470 (17520) pixels
0x0000, 0x0000, 0x0000, 0x0000, 0x0020, 0x0020, 0x0000, 0x10A4, 0x116C, 0x114D, 0x1150, 0x1233, 0x1B57, 0x1B79, 0x1B3C, 0x233F,   // 0x4480 (17536) pixels
0x237F, 0x23BF, 0x13FE, 0x0C9D, 0x0D5D, 0x163E, 0x1EDF, 0x1F1F, 0x277F, 0x275F, 0x26BF, 0x259F, 0x143F, 0x0BDE, 0x14DD, 0x263E,   // 0x4490 (17552) pixels
0x273E, 0x273E, 0x2EFF, 0x2E1F, 0x24FF, 0x23FE, 0x1BDE, 0x1BFE, 0x1CBE, 0x1D5F, 0x267F, 0x273F, 0x173E, 0x0E1D, 0x0C9D, 0x13BE,   // 0x44A0 (17568) pixels
0x0B5E, 0x0B7F, 0x0BFF, 0x0CDE, 0x1E5F, 0x2F9F, 0x279F, 0x275E, 0x1D9E, 0x151E, 0x0C7D, 0x0C3D, 0x149E, 0x14BF, 0x0CDE, 0x0CFF,   // 0x44B0 (17584) pixels
0x1CDF, 0x1CDE, 0x1CFF, 0x14FF, 0x14FE, 0x0CDE, 0x0CDE, 0x14DF, 0x149E, 0x149E, 0x14BE, 0x14DE, 0x155E, 0x1E3F, 0x26DF, 0x16BF,   // 0x44C0 (17600) pixels
0x1D5F, 0x1CDD, 0x143C, 0x0C9C, 0x159D, 0x1EBF, 0x275F, 0x277F, 0x1EDF, 0x1E7F, 0x1DFF, 0x1CFE, 0x13DD, 0x0BBC, 0x14FE, 0x2E9F,   // 0x44D0 (17616) pixels
0x2F3E, 0x261E, 0x0B36, 0x014E, 0x10EC, 0x194C, 0x0085, 0x0000, 0x0000, 0x0000, 0x0000, 0x0000, 0x0000, 0x0000, 0x0000, 0x0000,   // 0x44E0 (17632) pixels
0x0000, 0x0000, 0x0000, 0x0000, 0x0000, 0x0000, 0x0000, 0x0000, 0x0000, 0x0000, 0x0000, 0x0000, 0x0000, 0x0000, 0x0000, 0x0000,   // 0x44F0 (17648) pixels
0x0000, 0x0000, 0x0000, 0x0000, 0x0000, 0x0000, 0x0000, 0x0000, 0x0000, 0x0000, 0x0000, 0x0000, 0x0000, 0x0000, 0x0000, 0x0000,   // 0x4500 (17664) pixels
0x0000, 0x0000, 0x0000, 0x0000, 0x0000, 0x0000, 0x0000, 0x0000, 0x0000, 0x0000, 0x0000, 0x0000, 0x0000, 0x0000, 0x0000, 0x0000,   // 0x4510 (17680) pixels
0x0000, 0x0000, 0x0000, 0x0000, 0x0000, 0x0000, 0x0000, 0x0000, 0x0000, 0x0000, 0x0000, 0x0000, 0x0000, 0x0000, 0x0000, 0x0000,   // 0x4520 (17696) pixels
0x0000, 0x0000, 0x0000, 0x0000, 0x0000, 0x0000, 0x0000, 0x0000, 0x0000, 0x0000, 0x0000, 0x0000, 0x0000, 0x0000, 0x0000, 0x0020,   // 0x4530 (17712) pixels
0x0000, 0x0000, 0x0000, 0x0000, 0x0000, 0x0000, 0x216A, 0x112C, 0x092F, 0x11B1, 0x1A73, 0x2317, 0x1B5C, 0x1B5F, 0x1B9F, 0x137F,   // 0x4540 (17728) pixels
0x13BE, 0x0C5E, 0x0D3F, 0x1E3F, 0x26BF, 0x1EBF, 0x1E9F, 0x1E5E, 0x1DFE, 0x1D7E, 0x1CFF, 0x14FF, 0x1DDF, 0x26DF, 0x2F5F, 0x2F3F,   // 0x4550 (17744) pixels
0x2E7F, 0x253E, 0x1C1D, 0x1BBD, 0x1C3E, 0x24FF, 0x155E, 0x1DBF, 0x1E1F, 0x165F, 0x165E, 0x15DD, 0x151E, 0x1C9F, 0x0C9F, 0x147F,   // 0x4560 (17760) pixels
0x14BF, 0x14FE, 0x15DD, 0x26BE, 0x1E9D, 0x1E5C, 0x1DBF, 0x1D7F, 0x1D3F, 0x1D3F, 0x1D3F, 0x1D3F, 0x14DF, 0x14BF, 0x1C7F, 0x149E,   // 0x4570 (17776) pixels
0x14BE, 0x151E, 0x157F, 0x1D9F, 0x157F, 0x0D5E, 0x1CFE, 0x149E, 0x145E, 0x143E, 0x149E, 0x1DBF, 0x26DF, 0x1F1F, 0x1E3F, 0x1D9E,   // 0x4580 (17792) pixels
0x14FD, 0x14BC, 0x151D, 0x157D, 0x161D, 0x269F, 0x1EFF, 0x1EFF, 0x1E9F, 0x1D5F, 0x13DE, 0x0B3D, 0x143E, 0x25DF, 0x36BF, 0x2CFB,   // 0x4590 (17808) pixels
0x01D0, 0x010D, 0x112C, 0x194A, 0x0002, 0x0000, 0x0000, 0x0000, 0x0000, 0x0000, 0x0000, 0x0000, 0x0000, 0x0000, 0x0000, 0x0000,   // 0x45A0 (17824) pixels
0x0000, 0x0000, 0x0000, 0x0000, 0x0000, 0x0000, 0x0000, 0x0000, 0x0000, 0x0000, 0x0000, 0x0000, 0x0000, 0x0000, 0x0000, 0x0000,   // 0x45B0 (17840) pixels
0x0000, 0x0000, 0x0000, 0x0000, 0x0000, 0x0000, 0x0000, 0x0000, 0x0000, 0x0000, 0x0000, 0x0000, 0x0000, 0x0000, 0x0000, 0x0000,   // 0x45C0 (17856) pixels
0x0000, 0x0000, 0x0000, 0x0000, 0x0000, 0x0000, 0x0000, 0x0000, 0x0000, 0x0000, 0x0000, 0x0000, 0x0000, 0x0000, 0x0000, 0x0000,   // 0x45D0 (17872) pixels
0x0000, 0x0000, 0x0000, 0x0000, 0x0000, 0x0000, 0x0000, 0x0000, 0x0000, 0x0000, 0x0000, 0x0000, 0x0000, 0x0000, 0x0000, 0x0000,   // 0x45E0 (17888) pixels
0x0000, 0x0000, 0x0000, 0x0000, 0x0000, 0x0000, 0x0000, 0x0000, 0x0000, 0x0000, 0x0000, 0x0000, 0x0000, 0x0000, 0x0000, 0x0000,   // 0x45F0 (17904) pixels
0x0000, 0x0000, 0x0000, 0x0000, 0x20A5, 0x192A, 0x094E, 0x094F, 0x19B0, 0x1A53, 0x131A, 0x137F, 0x141F, 0x0BFF, 0x0BFE, 0x0C7E,   // 0x4600 (17920) pixels
0x157F, 0x267F, 0x26BF, 0x165E, 0x155E, 0x151D, 0x14DD, 0x1CFE, 0x1D9F, 0x1E5F, 0x1EFF, 0x275F, 0x2F3F, 0x2EFF, 0x25FF, 0x1C7D,   // 0x4610 (17936) pixels
0x1B7D, 0x23DE, 0x2D3F, 0x2E7F, 0x267E, 0x263F, 0x1DBF, 0x155E, 0x155D, 0x1DBE, 0x25FF, 0x25FF, 0x1E7F, 0x263F, 0x2DFF, 0x259F,   // 0x4620 (17952) pixels
0x159D, 0x159C, 0x157D, 0x259E, 0x1E3F, 0x263F, 0x265F, 0x269F, 0x26BF, 0x267F, 0x1DDF, 0x1D3F, 0x1C5E, 0x1C9E, 0x14FD, 0x1D9E,   // 0x4630 (17968) pixels
0x265F, 0x26BF, 0x26BF, 0x1E7F, 0x25FF, 0x1D5F, 0x1C7E, 0x13FE, 0x145E, 0x1D9F, 0x1EDF, 0x175F, 0x1EFF, 0x1EBF, 0x161F, 0x155E,   // 0x4640 (17984) pixels
0x14BD, 0x0C3B, 0x0C9B, 0x1D7E, 0x1EBF, 0x1F1F, 0x16FE, 0x15BE, 0x1C1F, 0x131E, 0x0BBE, 0x151F, 0x255E, 0x1B36, 0x090D, 0x010C,   // 0x4650 (18000) pixels
0x096C, 0x08A6, 0x0000, 0x0000, 0x0000, 0x0000, 0x0000, 0x0000, 0x0000, 0x0000, 0x0000, 0x0000, 0x0000, 0x0000, 0x0000, 0x0000,   // 0x4660 (18016) pixels
0x0000, 0x0000, 0x0000, 0x0000, 0x0000, 0x0000, 0x0000, 0x0000, 0x0000, 0x0000, 0x0000, 0x0000, 0x0000, 0x0000, 0x0000, 0x0000,   // 0x4670 (18032) pixels
0x0000, 0x0000, 0x0000, 0x0000, 0x0000, 0x0000, 0x0000, 0x0000, 0x0000, 0x0000, 0x0000, 0x0000, 0x0000, 0x0000, 0x0000, 0x0000,   // 0x4680 (18048) pixels
0x0000, 0x0000, 0x0000, 0x0000, 0x0000, 0x0000, 0x0000, 0x0000, 0x0000, 0x0000, 0x0000, 0x0000, 0x0000, 0x0000, 0x0000, 0x0000,   // 0x4690 (18064) pixels
0x0000, 0x0000, 0x0000, 0x0000, 0x0000, 0x0000, 0x0000, 0x0000, 0x0000, 0x0000, 0x0000, 0x0000, 0x0000, 0x0000, 0x0000, 0x0000,   // 0x46A0 (18080) pixels
0x0000, 0x0000, 0x0000, 0x0000, 0x0000, 0x0000, 0x0000, 0x0000, 0x0000, 0x0000, 0x0000, 0x0000, 0x0000, 0x0001, 0x0001, 0x0000,   // 0x46B0 (18096) pixels
0x0000, 0x0000, 0x1001, 0x192A, 0x094E, 0x092F, 0x192E, 0x0990, 0x0AB8, 0x139F, 0x14DF, 0x0C9F, 0x0C7E, 0x0CDE, 0x15BF, 0x269F,   // 0x46C0 (18112) pixels
0x1E9F, 0x05FC, 0x14BE, 0x145D, 0x143D, 0x1CDD, 0x1E1F, 0x1F3F, 0x1F7F, 0x175F, 0x26BF, 0x267F, 0x259F, 0x1C3D, 0x237D, 0x2C3E,   // 0x46D0 (18128) pixels
0x2DBF, 0x2EFF, 0x271E, 0x267F, 0x1D7F, 0x14BE, 0x14BD, 0x1D7E, 0x267F, 0x2EFF, 0x275D, 0x2EFE, 0x36BF, 0x2E3F, 0x157D, 0x04DB,   // 0x46E0 (18144) pixels
0x049C, 0x1CFF, 0x1E9F, 0x1EBF, 0x26FF, 0x277F, 0x279F, 0x275F, 0x1E3E, 0x153E, 0x1C5E, 0x1CBE, 0x1D5E, 0x1E1E, 0x26DF, 0x273F,   // 0x46F0 (18160) pixels
0x275F, 0x1F3F, 0x267E, 0x25FE, 0x1CDE, 0x141E, 0x145E, 0x157F, 0x16BE, 0x0F7D, 0x177E, 0x175F, 0x16BF, 0x1DDF, 0x1C9E, 0x0B9A,   // 0x4700 (18176) pixels
0x0BBB, 0x1CDE, 0x167F, 0x16FE, 0x0F1E, 0x15FE, 0x1C5F, 0x133F, 0x0B7F, 0x0C7F, 0x03FA, 0x01B1, 0x10CC, 0x092D, 0x096B, 0x0003,   // 0x4710 (18192) pixels
0x0000, 0x0000, 0x0000, 0x0000, 0x0000, 0x0000, 0x0000, 0x0000, 0x0000, 0x0000, 0x0000, 0x0000, 0x0000, 0x0000, 0x0000, 0x0000,   // 0x4720 (18208) pixels
0x0000, 0x0000, 0x0000, 0x0000, 0x0000, 0x0000, 0x0000, 0x0000, 0x0000, 0x0000, 0x0000, 0x0000, 0x0000, 0x0000, 0x0000, 0x0000,   // 0x4730 (18224) pixels
0x0000, 0x0000, 0x0000, 0x0000, 0x0000, 0x0000, 0x0000, 0x0000, 0x0000, 0x0000, 0x0000, 0x0000, 0x0000, 0x0000, 0x0000, 0x0000,   // 0x4740 (18240) pixels
0x0000, 0x0000, 0x0000, 0x0000, 0x0000, 0x0000, 0x0000, 0x0000, 0x0000, 0x0000, 0x0000, 0x0000, 0x0000, 0x0000, 0x0000, 0x0000,   // 0x4750 (18256) pixels
0x0000, 0x0000, 0x0000, 0x0000, 0x0000, 0x0000, 0x0000, 0x0000, 0x0000, 0x0000, 0x0000, 0x0000, 0x0000, 0x0000, 0x0000, 0x0000,   // 0x4760 (18272) pixels
0x0000, 0x0000, 0x0000, 0x0000, 0x0000, 0x0000, 0x0000, 0x0000, 0x0000, 0x0000, 0x0000, 0x0000, 0x0000, 0x0000, 0x0000, 0x0000,   // 0x4770 (18288) pixels
0x1000, 0x10A4, 0x116B, 0x092C, 0x110E, 0x0970, 0x0274, 0x0C7C, 0x149F, 0x14BF, 0x14FF, 0x0D5E, 0x15DF, 0x1E5F, 0x1E3F, 0x15BE,   // 0x4780 (18304) pixels
0x1C7F, 0x147E, 0x149C, 0x151C, 0x25FE, 0x2EBF, 0x26DF, 0x1EDF, 0x163F, 0x25FF, 0x2D3F, 0x245E, 0x1C3D, 0x1CFD, 0x263D, 0x2F1E,   // 0x4790 (18320) pixels
0x26FE, 0x267F, 0x1D9F, 0x14DE, 0x0CDE, 0x159E, 0x1E9E, 0x273E, 0x275E, 0x273F, 0x26FF, 0x1E7F, 0x0D9C, 0x049B, 0x0C7C, 0x24BF,   // 0x47A0 (18336) pixels
0x261E, 0x1E7F, 0x1F1E, 0x1F7E, 0x1F9F, 0x273F, 0x263F, 0x157E, 0x1CBE, 0x1CDD, 0x1D5D, 0x263E, 0x2F1F, 0x2F9F, 0x1F9F, 0x0F7E,   // 0x47B0 (18352) pixels
0x26DE, 0x263E, 0x255E, 0x249E, 0x1C7E, 0x1D3E, 0x163E, 0x16FF, 0x175F, 0x177F, 0x171F, 0x163E, 0x151D, 0x143C, 0x141C, 0x1C9E,   // 0x47C0 (18368) pixels
0x25FE, 0x1E3F, 0x1E3F, 0x159F, 0x1CBD, 0x1BDC, 0x035D, 0x039F, 0x1212, 0x00CE, 0x08ED, 0x218C, 0x10C4, 0x0000, 0x0000, 0x0001,   // 0x47D0 (18384) pixels
0x0000, 0x0000, 0x0000, 0x0000, 0x0000, 0x0000, 0x0000, 0x0000, 0x0000, 0x0000, 0x0000, 0x0000, 0x0000, 0x0000, 0x0000, 0x0000,   // 0x47E0 (18400) pixels
0x0000, 0x0000, 0x0000, 0x0000, 0x0000, 0x0000, 0x0000, 0x0000, 0x0000, 0x0000, 0x0000, 0x0000, 0x0000, 0x0000, 0x0000, 0x0000,   // 0x47F0 (18416) pixels
0x0000, 0x0000, 0x0000, 0x0000, 0x0000, 0x0000, 0x0000, 0x0000, 0x0000, 0x0000, 0x0000, 0x0000, 0x0000, 0x0000, 0x0000, 0x0000,   // 0x4800 (18432) pixels
0x0000, 0x0000, 0x0000, 0x0000, 0x0000, 0x0000, 0x0000, 0x0000, 0x0000, 0x0000, 0x0000, 0x0000, 0x0000, 0x0000, 0x0000, 0x0000,   // 0x4810 (18448) pixels
0x0000, 0x0000, 0x0000, 0x0000, 0x0000, 0x0000, 0x0000, 0x0000, 0x0000, 0x0000, 0x0000, 0x0000, 0x0000, 0x0000, 0x0000, 0x0000,   // 0x4820 (18464) pixels
0x0000, 0x0000, 0x0000, 0x0000, 0x0000, 0x0000, 0x0000, 0x0000, 0x0000, 0x0000, 0x0000, 0x0000, 0x0000, 0x0000, 0x0800, 0x0022,   // 0x4830 (18480) pixels
0x0908, 0x112B, 0x08ED, 0x0970, 0x12D6, 0x2CBD, 0x0C3D, 0x14BF, 0x155F, 0x0D9F, 0x159F, 0x15BF, 0x1DBE, 0x1DBF, 0x251F, 0x253E,   // 0x4840 (18496) pixels
0x1D3D, 0x1D5D, 0x259E, 0x25BF, 0x1DBF, 0x159E, 0x1D5F, 0x1D5F, 0x253F, 0x24FE, 0x251E, 0x257E, 0x25FE, 0x2E5E, 0x265E, 0x261E,   // 0x4850 (18512) pixels
0x1DBF, 0x157E, 0x0D5E, 0x15BE, 0x1E3E, 0x267E, 0x265E, 0x265F, 0x1E3F, 0x1E1F, 0x15BD, 0x0D5C, 0x151D, 0x1D1E, 0x1DBE, 0x1DFE,   // 0x4860 (18528) pixels
0x1E3E, 0x1E7F, 0x269F, 0x267F, 0x1DFF, 0x1DBE, 0x1D5E, 0x1D7D, 0x259E, 0x25FE, 0x2E5F, 0x2E9F, 0x269F, 0x1E9F, 0x1E7E, 0x265F,   // 0x4870 (18544) pixels
0x25DF, 0x257E, 0x253E, 0x1D5E, 0x1D9E, 0x25DE, 0x1E3E, 0x1E5F, 0x1E3F, 0x1DDF, 0x1D7D, 0x1D1C, 0x1CFC, 0x251D, 0x259D, 0x157E,   // 0x4880 (18560) pixels
0x157F, 0x0D3E, 0x14FD, 0x1C9D, 0x037C, 0x029A, 0x0170, 0x010E, 0x112D, 0x194A, 0x0862, 0x0000, 0x0000, 0x0001, 0x0000, 0x0000,   // 0x4890 (18576) pixels
0x0000, 0x0000, 0x0000, 0x0000, 0x0000, 0x0000, 0x0000, 0x0000, 0x0000, 0x0000, 0x0000, 0x0000, 0x0000, 0x0000, 0x0000, 0x0000,   // 0x48A0 (18592) pixels
0x0000, 0x0000, 0x0000, 0x0000, 0x0000, 0x0000, 0x0000, 0x0000, 0x0000, 0x0000, 0x0000, 0x0000, 0x0000, 0x0000, 0x0000, 0x0000,   // 0x48B0 (18608) pixels
0x0000, 0x0000, 0x0000, 0x0000, 0x0000, 0x0000, 0x0000, 0x0000, 0x0000, 0x0000, 0x0000, 0x0000, 0x0000, 0x0000, 0x0000, 0x0000,   // 0x48C0 (18624) pixels
0x0000, 0x0000, 0x0000, 0x0000, 0x0000, 0x0000, 0x0000, 0x0000, 0x0000, 0x0000, 0x0000, 0x0000, 0x0000, 0x0000, 0x0000, 0x0000,   // 0x48D0 (18640) pixels
0x0000, 0x0000, 0x0000, 0x0000, 0x0000, 0x0000, 0x0000, 0x0000, 0x0000, 0x0000, 0x0000, 0x0000, 0x0000, 0x0000, 0x0000, 0x0000,   // 0x48E0 (18656) pixels
0x0000, 0x0000, 0x0000, 0x0000, 0x0000, 0x0000, 0x0000, 0x0000, 0x0000, 0x0000, 0x0000, 0x0000, 0x0800, 0x0001, 0x10C5, 0x194A,   // 0x48F0 (18672) pixels
0x08EC, 0x010E, 0x09F3, 0x12F6, 0x0379, 0x0C9D, 0x157F, 0x15BF, 0x155F, 0x0CBD, 0x14DD, 0x257F, 0x2DFF, 0x2E1F, 0x2E1F, 0x25BE,   // 0x4900 (18688) pixels
0x24FE, 0x1C7E, 0x1C1E, 0x13FD, 0x141E, 0x145D, 0x151D, 0x1DFE, 0x265F, 0x261F, 0x1D7E, 0x1CFD, 0x1D3E, 0x1D9E, 0x1E3F, 0x1E9F,   // 0x4910 (18704) pixels
0x1E7F, 0x1DFF, 0x1D7E, 0x1D1E, 0x1CDE, 0x1CDF, 0x151F, 0x1D5F, 0x25FE, 0x265E, 0x263E, 0x1DDE, 0x1D1D, 0x1CFE, 0x1CDE, 0x1CDF,   // 0x4920 (18720) pixels
0x1CFF, 0x1D3E, 0x1D9E, 0x25FE, 0x1E5E, 0x263E, 0x25FE, 0x2D7E, 0x251E, 0x24FE, 0x24FE, 0x251F, 0x1DDE, 0x263F, 0x269F, 0x2EBF,   // 0x4930 (18736) pixels
0x263F, 0x255E, 0x247E, 0x23FE, 0x145C, 0x147E, 0x1CBF, 0x1D3F, 0x25FE, 0x367E, 0x365E, 0x2DDD, 0x1D3D, 0x149C, 0x0C7D, 0x04DD,   // 0x4940 (18752) pixels
0x0D9F, 0x1DBF, 0x13DB, 0x01B6, 0x00EF, 0x092F, 0x112C, 0x10C6, 0x0020, 0x0000, 0x0000, 0x0000, 0x0000, 0x0000, 0x0000, 0x0000,   // 0x4950 (18768) pixels
0x0000, 0x0000, 0x0000, 0x0000, 0x0000, 0x0000, 0x0000, 0x0000, 0x0000, 0x0000, 0x0000, 0x0000, 0x0000, 0x0000, 0x0000, 0x0000,   // 0x4960 (18784) pixels
0x0000, 0x0000, 0x0000, 0x0000, 0x0000, 0x0000, 0x0000, 0x0000, 0x0000, 0x0000, 0x0000, 0x0000, 0x0000, 0x0000, 0x0000, 0x0000,   // 0x4970 (18800) pixels
0x0000, 0x0000, 0x0000, 0x0000, 0x0000, 0x0000, 0x0000, 0x0000, 0x0000, 0x0000, 0x0000, 0x0000, 0x0000, 0x0000, 0x0000, 0x0000,   // 0x4980 (18816) pixels
0x0000, 0x0000, 0x0000, 0x0000, 0x0000, 0x0000, 0x0000, 0x0000, 0x0000, 0x0000, 0x0000, 0x0000, 0x0000, 0x0000, 0x0000, 0x0000,   // 0x4990 (18832) pixels
0x0000, 0x0000, 0x0000, 0x0000, 0x0000, 0x0000, 0x0000, 0x0000, 0x0000, 0x0000, 0x0000, 0x0000, 0x0000, 0x0000, 0x0000, 0x0000,   // 0x49A0 (18848) pixels
0x0000, 0x0000, 0x0000, 0x0000, 0x0000, 0x0000, 0x0000, 0x0000, 0x0000, 0x0000, 0x0001, 0x0000, 0x0841, 0x1907, 0x112C, 0x00EE,   // 0x49B0 (18864) pixels
0x010F, 0x012F, 0x02B5, 0x0C1A, 0x0D5F, 0x0D9F, 0x14FF, 0x0BFD, 0x141C, 0x2D3F, 0x367F, 0x36BF, 0x369F, 0x2DBF, 0x243E, 0x1B3D,   // 0x49C0 (18880) pixels
0x12BD, 0x12DD, 0x131D, 0x0BDC, 0x0D3C, 0x1E9E, 0x273F, 0x267F, 0x14FE, 0x0BDC, 0x143D, 0x151E, 0x267F, 0x2F7F, 0x2F5F, 0x1E1F,   // 0x49D0 (18896) pixels
0x147E, 0x139D, 0x135E, 0x137E, 0x0BDE, 0x14BE, 0x2DFF, 0x3EFF, 0x36FF, 0x1E7D, 0x24BD, 0x1C1D, 0x1B7E, 0x1B3E, 0x1B5E, 0x13FD,   // 0x49E0 (18912) pixels
0x1D1E, 0x2E1F, 0x271E, 0x2EBF, 0x2DFF, 0x2CFE, 0x1BDD, 0x1B5C, 0x1B3D, 0x237E, 0x1CDD, 0x25BE, 0x2EFF, 0x2F9F, 0x2F1F, 0x259E,   // 0x49F0 (18928) pixels
0x23DE, 0x229D, 0x131B, 0x12DD, 0x135F, 0x1C9F, 0x2E5F, 0x479F, 0x477F, 0x367E, 0x1CDE, 0x0BFC, 0x039C, 0x047D, 0x0DDF, 0x1E3F,   // 0x4A00 (18944) pixels
0x1BDA, 0x0952, 0x00EF, 0x112E, 0x08C9, 0x0022, 0x0000, 0x0000, 0x0000, 0x0000, 0x0000, 0x0000, 0x0000, 0x0000, 0x0000, 0x0000,   // 0x4A10 (18960) pixels
0x0000, 0x0000, 0x0000, 0x0000, 0x0000, 0x0000, 0x0000, 0x0000, 0x0000, 0x0000, 0x0000, 0x0000, 0x0000, 0x0000, 0x0000, 0x0000,   // 0x4A20 (18976) pixels
0x0000, 0x0000, 0x0000, 0x0000, 0x0000, 0x0000, 0x0000, 0x0000, 0x0000, 0x0000, 0x0000, 0x0000, 0x0000, 0x0000, 0x0000, 0x0000,   // 0x4A30 (18992) pixels
0x0000, 0x0000, 0x0000, 0x0000, 0x0000, 0x0000, 0x0000, 0x0000, 0x0000, 0x0000, 0x0000, 0x0000, 0x0000, 0x0000, 0x0000, 0x0000,   // 0x4A40 (19008) pixels
0x0000, 0x0000, 0x0000, 0x0000, 0x0000, 0x0000, 0x0000, 0x0000, 0x0000, 0x0000, 0x0000, 0x0000, 0x0000, 0x0000, 0x0000, 0x0000,   // 0x4A50 (19024) pixels
0x0000, 0x0000, 0x0000, 0x0000, 0x0000, 0x0000, 0x0000, 0x0000, 0x0000, 0x0000, 0x0000, 0x0000, 0x0000, 0x0000, 0x0000, 0x0000,   // 0x4A60 (19040) pixels
0x0000, 0x0000, 0x0000, 0x0000, 0x0000, 0x0000, 0x0000, 0x0000, 0x0001, 0x0000, 0x0000, 0x0863, 0x192A, 0x112D, 0x090E, 0x110E,   // 0x4A70 (19056) pixels
0x1252, 0x13B7, 0x0CBD, 0x0D1F, 0x149F, 0x13DE, 0x1BDD, 0x2CDF, 0x363F, 0x367F, 0x365F, 0x2D3F, 0x23BE, 0x1A9D, 0x1A5D, 0x1ABD,   // 0x4A80 (19072) pixels
0x237F, 0x141D, 0x0D7D, 0x16FE, 0x279F, 0x26BF, 0x151E, 0x0BDD, 0x1C3E, 0x1CFE, 0x263E, 0x2F3F, 0x2EFF, 0x259E, 0x1BFE, 0x12FE,   // 0x4A90 (19088) pixels
0x129E, 0x12DE, 0x0B3E, 0x0BFE, 0x257F, 0x3E9F, 0x36BF, 0x261D, 0x1C3D, 0x1B7D, 0x1ABD, 0x1A7E, 0x1A9E, 0x135D, 0x1C9E, 0x2DDF,   // 0x4AA0 (19104) pixels
0x1EDE, 0x267F, 0x2D9F, 0x245E, 0x1B1C, 0x127B, 0x1A5C, 0x1A9E, 0x1BDD, 0x24FD, 0x2E5F, 0x2F3F, 0x2EDF, 0x259F, 0x23DE, 0x22BE,   // 0x4AB0 (19120) pixels
0x12FC, 0x12DD, 0x1B5F, 0x1C7F, 0x261E, 0x3F5F, 0x473F, 0x363E, 0x1CBE, 0x13DD, 0x0B7D, 0x043E, 0x0D7F, 0x155D, 0x0B15, 0x08EF,   // 0x4AC0 (19136) pixels
0x110E, 0x110B, 0x0065, 0x0000, 0x0000, 0x0000, 0x0000, 0x0000, 0x0000, 0x0000, 0x0000, 0x0000, 0x0000, 0x0000, 0x0000, 0x0000,   // 0x4AD0 (19152) pixels
0x0000, 0x0000, 0x0000, 0x0000, 0x0000, 0x0000, 0x0000, 0x0000, 0x0000, 0x0000, 0x0000, 0x0000, 0x0000, 0x0000, 0x0000, 0x0000,   // 0x4AE0 (19168) pixels
0x0000, 0x0000, 0x0000, 0x0000, 0x0000, 0x0000, 0x0000, 0x0000, 0x0000, 0x0000, 0x0000, 0x0000, 0x0000, 0x0000, 0x0000, 0x0000,   // 0x4AF0 (19184) pixels
0x0000, 0x0000, 0x0000, 0x0000, 0x0000, 0x0000, 0x0000, 0x0000, 0x0000, 0x0000, 0x0000, 0x0000, 0x0000, 0x0000, 0x0000, 0x0000,   // 0x4B00 (19200) pixels
0x0000, 0x0000, 0x0000, 0x0000, 0x0000, 0x0000, 0x0000, 0x0000, 0x0000, 0x0000, 0x0000, 0x0000, 0x0000, 0x0000, 0x0000, 0x0000,   // 0x4B10 (19216) pixels
0x0000, 0x0000, 0x0000, 0x0000, 0x0000, 0x0000, 0x0000, 0x0000, 0x0000, 0x0000, 0x0000, 0x0000, 0x0000, 0x0000, 0x0000, 0x0000,   // 0x4B20 (19232) pixels
0x0000, 0x0000, 0x0000, 0x0000, 0x0000, 0x0000, 0x0000, 0x0020, 0x0000, 0x0001, 0x10C7, 0x190B, 0x10EC, 0x112E, 0x2230, 0x2315,   // 0x4B30 (19248) pixels
0x13DB, 0x0C3F, 0x141F, 0x1BDF, 0x23FE, 0x2C7F, 0x2D1E, 0x2D5E, 0x2D3E, 0x2C7E, 0x235E, 0x22BE, 0x231E, 0x2BBF, 0x2CBF, 0x251F,   // 0x4B40 (19264) pixels
0x15FE, 0x16DF, 0x1F1F, 0x269F, 0x1DBF, 0x1CFF, 0x24FF, 0x253F, 0x1D9D, 0x1DDD, 0x1D9D, 0x1CBD, 0x1BDE, 0x233F, 0x1ADE, 0x12DF,   // 0x4B50 (19280) pixels
0x0B1E, 0x0B9E, 0x1C9E, 0x2D7F, 0x2D9E, 0x1D3D, 0x1BDD, 0x1B5D, 0x22DD, 0x22BE, 0x22BE, 0x1B3D, 0x1C1E, 0x24FF, 0x1DBE, 0x257E,   // 0x4B60 (19296) pixels
0x24DE, 0x23FD, 0x1B1C, 0x1A9C, 0x1A7D, 0x229E, 0x1B7C, 0x243D, 0x253D, 0x25DE, 0x25DE, 0x255E, 0x249F, 0x2C1F, 0x1C1E, 0x1C3F,   // 0x4B70 (19312) pixels
0x247F, 0x1CDF, 0x1D5E, 0x25FD, 0x25DE, 0x257E, 0x24BF, 0x1C3F, 0x13DF, 0x0C1E, 0x0C7D, 0x0BD8, 0x01F0, 0x08AD, 0x112C, 0x08A7,   // 0x4B80 (19328) pixels
0x0022, 0x0000, 0x0000, 0x0000, 0x0000, 0x0020, 0x0000, 0x0000, 0x0000, 0x0000, 0x0000, 0x0000, 0x0000, 0x0000, 0x0000, 0x0000,   // 0x4B90 (19344) pixels
0x0000, 0x0000, 0x0000, 0x0000, 0x0000, 0x0000, 0x0000, 0x0000, 0x0000, 0x0000, 0x0000, 0x0000, 0x0000, 0x0000, 0x0000, 0x0000,   // 0x4BA0 (19360) pixels
0x0000, 0x0000, 0x0000, 0x0000, 0x0000, 0x0000, 0x0000, 0x0000, 0x0000, 0x0000, 0x0000, 0x0000, 0x0000, 0x0000, 0x0000, 0x0000,   // 0x4BB0 (19376) pixels
0x0000, 0x0000, 0x0000, 0x0000, 0x0000, 0x0000, 0x0000, 0x0000, 0x0000, 0x0000, 0x0000, 0x0000, 0x0000, 0x0000, 0x0000, 0x0000,   // 0x4BC0 (19392) pixels
0x0000, 0x0000, 0x0000, 0x0000, 0x0000, 0x0000, 0x0000, 0x0000, 0x0000, 0x0000, 0x0000, 0x0000, 0x0000, 0x0000, 0x0000, 0x0000,   // 0x4BD0 (19408) pixels
0x0000, 0x0000, 0x0000, 0x0000, 0x0000, 0x0000, 0x0000, 0x0000, 0x0000, 0x0000, 0x0000, 0x0000, 0x0000, 0x0000, 0x0000, 0x0000,   // 0x4BE0 (19424) pixels
0x0000, 0x0000, 0x0000, 0x0000, 0x0000, 0x0000, 0x0020, 0x0000, 0x0822, 0x18E8, 0x110B, 0x092E, 0x3A2F, 0x2A93, 0x1AD8, 0x0B1D,   // 0x4BF0 (19440) pixels
0x0B5F, 0x13DF, 0x241F, 0x2C3F, 0x23FE, 0x241D, 0x241D, 0x23BD, 0x231E, 0x233E, 0x23FF, 0x2CDF, 0x259F, 0x25DF, 0x1E1F, 0x163F,   // 0x4C00 (19456) pixels
0x165F, 0x1E3F, 0x261F, 0x25FF, 0x25BF, 0x257E, 0x1CFC, 0x145B, 0x1BFB, 0x1BDD, 0x23DE, 0x23BF, 0x1B7F, 0x1B7F, 0x137F, 0x13BE,   // 0x4C10 (19472) pixels
0x1C1D, 0x245D, 0x245D, 0x241D, 0x23BD, 0x239D, 0x237E, 0x2B5E, 0x235E, 0x1B7E, 0x1BFE, 0x1C5E, 0x1C7E, 0x1C7E, 0x243E, 0x23DD,   // 0x4C20 (19488) pixels
0x237D, 0x233C, 0x233D, 0x233E, 0x1B7D, 0x1BBD, 0x1BFD, 0x1C5D, 0x1C9D, 0x1CDE, 0x251F, 0x255F, 0x1D7F, 0x1D9F, 0x157F, 0x153F,   // 0x4C30 (19504) pixels
0x14DE, 0x149D, 0x147D, 0x1C7E, 0x1CBF, 0x147F, 0x143F, 0x0BBE, 0x0AF9, 0x0A33, 0x014E, 0x08EC, 0x190A, 0x0044, 0x0000, 0x0000,   // 0x4C40 (19520) pixels
0x0000, 0x0000, 0x0000, 0x0020, 0x0000, 0x0000, 0x0000, 0x0000, 0x0000, 0x0000, 0x0000, 0x0000, 0x0000, 0x0000, 0x0000, 0x0000,   // 0x4C50 (19536) pixels
0x0000, 0x0000, 0x0000, 0x0000, 0x0000, 0x0000, 0x0000, 0x0000, 0x0000, 0x0000, 0x0000, 0x0000, 0x0000, 0x0000, 0x0000, 0x0000,   // 0x4C60 (19552) pixels
0x0000, 0x0000, 0x0000, 0x0000, 0x0000, 0x0000, 0x0000, 0x0000, 0x0000, 0x0000, 0x0000, 0x0000, 0x0000, 0x0000, 0x0000, 0x0000,   // 0x4C70 (19568) pixels
0x0000, 0x0000, 0x0000, 0x0000, 0x0000, 0x0000, 0x0000, 0x0000, 0x0000, 0x0000, 0x0000, 0x0000, 0x0000, 0x0000, 0x0000, 0x0000,   // 0x4C80 (19584) pixels
0x0000, 0x0000, 0x0000, 0x0000, 0x0000, 0x0000, 0x0000, 0x0000, 0x0000, 0x0000, 0x0000, 0x0000, 0x0000, 0x0000, 0x0000, 0x0000,   // 0x4C90 (19600) pixels
0x0000, 0x0000, 0x0000, 0x0000, 0x0000, 0x0000, 0x0000, 0x0000, 0x0000, 0x0000, 0x0000, 0x0000, 0x0000, 0x0000, 0x0000, 0x0000,   // 0x4CA0 (19616) pixels
0x0000, 0x0000, 0x0820, 0x0000, 0x0041, 0x0000, 0x0800, 0x20C6, 0x196C, 0x012E, 0x422F, 0x3232, 0x1A16, 0x023A, 0x02DE, 0x0B9F,   // 0x4CB0 (19632) pixels
0x1C1F, 0x23FE, 0x339F, 0x2BBE, 0x239D, 0x235D, 0x22FE, 0x233E, 0x1C3E, 0x153D, 0x0DDD, 0x15FE, 0x1E1F, 0x15BF, 0x15BE, 0x15DE,   // 0x4CC0 (19648) pixels
0x1E3E, 0x267E, 0x1DFF, 0x1D7E, 0x1C7C, 0x1B9A, 0x1B3B, 0x237C, 0x23BE, 0x23FE, 0x23FF, 0x23FF, 0x1BDF, 0x1BDF, 0x1BDE, 0x1BBD,   // 0x4CD0 (19664) pixels
0x239D, 0x239F, 0x23DE, 0x23DE, 0x2BDE, 0x2BDE, 0x23DE, 0x1BDE, 0x1BDE, 0x1BFF, 0x1BBF, 0x1BBE, 0x1BDE, 0x23DD, 0x23DD, 0x23DD,   // 0x4CE0 (19680) pixels
0x23DD, 0x23DE, 0x13BE, 0x1B9E, 0x1B7E, 0x1B7D, 0x1BBD, 0x1C7D, 0x155E, 0x15FE, 0x163F, 0x0E3F, 0x05DE, 0x0D5E, 0x1CBF, 0x1BFE,   // 0x4CF0 (19696) pixels
0x13BE, 0x141F, 0x147D, 0x045E, 0x043F, 0x031C, 0x01B5, 0x0910, 0x08ED, 0x094D, 0x1908, 0x0001, 0x0000, 0x0000, 0x0800, 0x0001,   // 0x4D00 (19712) pixels
0x0000, 0x0000, 0x0000, 0x0000, 0x0000, 0x0000, 0x0000, 0x0000, 0x0000, 0x0000, 0x0000, 0x0000, 0x0000, 0x0000, 0x0000, 0x0000,   // 0x4D10 (19728) pixels
0x0000, 0x0000, 0x0000, 0x0000, 0x0000, 0x0000, 0x0000, 0x0000, 0x0000, 0x0000, 0x0000, 0x0000, 0x0000, 0x0000, 0x0000, 0x0000,   // 0x4D20 (19744) pixels
0x0000, 0x0000, 0x0000, 0x0000, 0x0000, 0x0000, 0x0000, 0x0000, 0x0000, 0x0000, 0x0000, 0x0000, 0x0000, 0x0000, 0x0000, 0x0000,   // 0x4D30 (19760) pixels
0x0000, 0x0000, 0x0000, 0x0000, 0x0000, 0x0000, 0x0000, 0x0000, 0x0000, 0x0000, 0x0000, 0x0000, 0x0000, 0x0000, 0x0000, 0x0000,   // 0x4D40 (19776) pixels
0x0000, 0x0000, 0x0000, 0x0000, 0x0000, 0x0000, 0x0000, 0x0000, 0x0000, 0x0000, 0x0000, 0x0000, 0x0000, 0x0000, 0x0000, 0x0000,   // 0x4D50 (19792) pixels
0x0000, 0x0000, 0x0000, 0x0000, 0x0000, 0x0000, 0x0000, 0x0000, 0x0000, 0x0000, 0x0000, 0x0000, 0x0000, 0x0000, 0x0000, 0x0000,   // 0x4D60 (19808) pixels
0x0000, 0x0000, 0x0000, 0x0000, 0x0000, 0x0002, 0x18A6, 0x314A, 0x29AC, 0x3211, 0x19D2, 0x01B3, 0x0A37, 0x12FC, 0x1B7D, 0x23DC,   // 0x4D70 (19824) pixels
0x1BBF, 0x23DF, 0x23DE, 0x23BD, 0x1B7D, 0x1B9D, 0x1C1D, 0x249E, 0x257F, 0x255F, 0x255F, 0x1D3F, 0x151E, 0x1D7F, 0x25BF, 0x25BF,   // 0x4D80 (19840) pixels
0x257E, 0x24FE, 0x241C, 0x1B3B, 0x1ADB, 0x131C, 0x1B9E, 0x1C1F, 0x245F, 0x1CDF, 0x153E, 0x1CDE, 0x23FE, 0x235E, 0x1B3D, 0x1BBE,   // 0x4D90 (19856) pixels
0x1C5E, 0x247E, 0x24BE, 0x1CDD, 0x1CFE, 0x1CDF, 0x1C1E, 0x1B7E, 0x1B3D, 0x133D, 0x1B9D, 0x241D, 0x247E, 0x24BE, 0x24DE, 0x1C9D,   // 0x4DA0 (19872) pixels
0x1C5E, 0x1BDD, 0x1B3D, 0x22DC, 0x233D, 0x23FE, 0x24FE, 0x1D7F, 0x1DBE, 0x1D9E, 0x1D7F, 0x151F, 0x149F, 0x0C1E, 0x0BFE, 0x1BFF,   // 0x4DB0 (19888) pixels
0x13FE, 0x137D, 0x12BB, 0x09F6, 0x0151, 0x010C, 0x094B, 0x094B, 0x0000, 0x0000, 0x0000, 0x0000, 0x0000, 0x0000, 0x0000, 0x0000,   // 0x4DC0 (19904) pixels
0x0000, 0x0000, 0x0000, 0x0000, 0x0000, 0x0000, 0x0000, 0x0000, 0x0000, 0x0000, 0x0000, 0x0000, 0x0000, 0x0000, 0x0000, 0x0000,   // 0x4DD0 (19920) pixels
0x0000, 0x0000, 0x0000, 0x0000, 0x0000, 0x0000, 0x0000, 0x0000, 0x0000, 0x0000, 0x0000, 0x0000, 0x0000, 0x0000, 0x0000, 0x0000,   // 0x4DE0 (19936) pixels
0x0000, 0x0000, 0x0000, 0x0000, 0x0000, 0x0000, 0x0000, 0x0000, 0x0000, 0x0000, 0x0000, 0x0000, 0x0000, 0x0000, 0x0000, 0x0000,   // 0x4DF0 (19952) pixels
0x0000, 0x0000, 0x0000, 0x0000, 0x0000, 0x0000, 0x0000, 0x0000, 0x0000, 0x0000, 0x0000, 0x0000, 0x0000, 0x0000, 0x0000, 0x0000,   // 0x4E00 (19968) pixels
0x0000, 0x0000, 0x0000, 0x0000, 0x0000, 0x0000, 0x0000, 0x0000, 0x0000, 0x0000, 0x0000, 0x0000, 0x0000, 0x0000, 0x0000, 0x0000,   // 0x4E10 (19984) pixels
0x0000, 0x0000, 0x0000, 0x0000, 0x0000, 0x0000, 0x0000, 0x0000, 0x0000, 0x0000, 0x0000, 0x0000, 0x0000, 0x0000, 0x0000, 0x0000,   // 0x4E20 (20000) pixels
0x0000, 0x0000, 0x0000, 0x0001, 0x1064, 0x20E7, 0x192C, 0x218D, 0x116E, 0x0131, 0x01B6, 0x0258, 0x0AF9, 0x1B9C, 0x1C1E, 0x245E,   // 0x4E30 (20016) pixels
0x2C5E, 0x2C1E, 0x23DE, 0x239E, 0x23DE, 0x2C1F, 0x2C7E, 0x2C7F, 0x2C7F, 0x247F, 0x1C5E, 0x1C9F, 0x24FF, 0x251F, 0x24DF, 0x245E,   // 0x4E40 (20032) pixels
0x239D, 0x1B1C, 0x1ABC, 0x1AFC, 0x1B9E, 0x241F, 0x24DF, 0x257F, 0x25DF, 0x2D7F, 0x2C5F, 0x1B5D, 0x1B5D, 0x23FE, 0x1CDE, 0x251E,   // 0x4E50 (20048) pixels
0x2D5F, 0x2D9F, 0x259F, 0x2D3F, 0x245E, 0x237D, 0x22DC, 0x12FC, 0x139C, 0x1C7E, 0x1D3F, 0x25BF, 0x25BF, 0x1D7F, 0x1CFF, 0x1C5E,   // 0x4E60 (20064) pixels
0x1B7D, 0x1AFC, 0x1AFC, 0x1B9D, 0x1C5E, 0x1CFE, 0x24DD, 0x24BD, 0x1C9E, 0x1C5E, 0x1C5F, 0x1C3F, 0x1BFE, 0x13BE, 0x131C, 0x0A79,   // 0x4E70 (20080) pixels
0x09F6, 0x0153, 0x00CF, 0x08ED, 0x110A, 0x0065, 0x0000, 0x0000, 0x0000, 0x0000, 0x0000, 0x0000, 0x0000, 0x0000, 0x0000, 0x0000,   // 0x4E80 (20096) pixels
0x0000, 0x0000, 0x0000, 0x0000, 0x0000, 0x0000, 0x0000, 0x0000, 0x0000, 0x0000, 0x0000, 0x0000, 0x0000, 0x0000, 0x0000, 0x0000,   // 0x4E90 (20112) pixels
0x0000, 0x0000, 0x0000, 0x0000, 0x0000, 0x0000, 0x0000, 0x0000, 0x0000, 0x0000, 0x0000, 0x0000, 0x0000, 0x0000, 0x0000, 0x0000,   // 0x4EA0 (20128) pixels
0x0000, 0x0000, 0x0000, 0x0000, 0x0000, 0x0000, 0x0000, 0x0000, 0x0000, 0x0000, 0x0000, 0x0000, 0x0000, 0x0000, 0x0000, 0x0000,   // 0x4EB0 (20144) pixels
0x0000, 0x0000, 0x0000, 0x0000, 0x0000, 0x0000, 0x0000, 0x0000, 0x0000, 0x0000, 0x0000, 0x0000, 0x0000, 0x0000, 0x0000, 0x0000,   // 0x4EC0 (20160) pixels
0x0000, 0x0000, 0x0000, 0x0000, 0x0000, 0x0000, 0x0000, 0x0000, 0x0000, 0x0000, 0x0000, 0x0000, 0x0000, 0x0000, 0x0000, 0x0000,   // 0x4ED0 (20176) pixels
0x0000, 0x0000, 0x0000, 0x0000, 0x0000, 0x0000, 0x0000, 0x0000, 0x0000, 0x0000, 0x0000, 0x0000, 0x0000, 0x0000, 0x0000, 0x0000,   // 0x4EE0 (20192) pixels
0x0000, 0x0000, 0x0001, 0x1063, 0x190B, 0x196B, 0x114C, 0x010F, 0x0132, 0x01B4, 0x0256, 0x133B, 0x145C, 0x24BD, 0x2CFF, 0x2CBF,   // 0x4EF0 (20208) pixels
0x2C5F, 0x23DF, 0x239F, 0x2B9F, 0x2B9E, 0x2B9E, 0x2BBE, 0x23BE, 0x1B9E, 0x23BF, 0x23FF, 0x2C1F, 0x23FF, 0x23BF, 0x235E, 0x233D,   // 0x4F00 (20224) pixels
0x1B1D, 0x1B3D, 0x1B9E, 0x241F, 0x1D9F, 0x261F, 0x367F, 0x3E1F, 0x2CFF, 0x1BDC, 0x13BC, 0x245E, 0x159F, 0x25DF, 0x2E1F, 0x2E3F,   // 0x4F10 (20240) pixels
0x2E3F, 0x2DBF, 0x2CBE, 0x23BC, 0x2AFC, 0x1B1C, 0x13DD, 0x14FF, 0x1DDF, 0x267F, 0x269F, 0x1E5F, 0x1D7F, 0x1CDE, 0x1BDD, 0x1B1C,   // 0x4F20 (20256) pixels
0x1ADC, 0x1B1C, 0x1B9D, 0x1BFD, 0x2B9D, 0x239D, 0x1B9D, 0x1B9D, 0x23FE, 0x2C3F, 0x23FE, 0x135B, 0x1A39, 0x0995, 0x0131, 0x08F0,   // 0x4F30 (20272) pixels
0x08AE, 0x18EC, 0x10A7, 0x0001, 0x0000, 0x0000, 0x0000, 0x0000, 0x0000, 0x0000, 0x0000, 0x0000, 0x0000, 0x0000, 0x0000, 0x0000,   // 0x4F40 (20288) pixels
0x0000, 0x0000, 0x0000, 0x0000, 0x0000, 0x0000, 0x0000, 0x0000, 0x0000, 0x0000, 0x0000, 0x0000, 0x0000, 0x0000, 0x0000, 0x0000,   // 0x4F50 (20304) pixels
0x0000, 0x0000, 0x0000, 0x0000, 0x0000, 0x0000, 0x0000, 0x0000, 0x0000, 0x0000, 0x0000, 0x0000, 0x0000, 0x0000, 0x0000, 0x0000,   // 0x4F60 (20320) pixels
0x0000, 0x0000, 0x0000, 0x0000, 0x0000, 0x0000, 0x0000, 0x0000, 0x0000, 0x0000, 0x0000, 0x0000, 0x0000, 0x0000, 0x0000, 0x0000,   // 0x4F70 (20336) pixels
0x0000, 0x0000, 0x0000, 0x0000, 0x0000, 0x0000, 0x0000, 0x0000, 0x0000, 0x0000, 0x0000, 0x0000, 0x0000, 0x0000, 0x0000, 0x0000,   // 0x4F80 (20352) pixels
0x0000, 0x0000, 0x0000, 0x0000, 0x0000, 0x0000, 0x0000, 0x0000, 0x0000, 0x0000, 0x0000, 0x0000, 0x0000, 0x0000, 0x0000, 0x0000,   // 0x4F90 (20368) pixels
0x0000, 0x0000, 0x0000, 0x0000, 0x0000, 0x0000, 0x0000, 0x0000, 0x0000, 0x0000, 0x0000, 0x0000, 0x0000, 0x0000, 0x0000, 0x0000,   // 0x4FA0 (20384) pixels
0x0000, 0x0000, 0x10E7, 0x192B, 0x192D, 0x090C, 0x012D, 0x0151, 0x01F5, 0x12B8, 0x13FA, 0x1C7C, 0x24FF, 0x2D1F, 0x24DF, 0x1C7F,   // 0x4FB0 (20400) pixels
0x1C1F, 0x1BDE, 0x23DE, 0x23DE, 0x23DE, 0x23BE, 0x239E, 0x237F, 0x235F, 0x233F, 0x2B5F, 0x235E, 0x239E, 0x23DE, 0x23FD, 0x1C1D,   // 0x4FC0 (20416) pixels
0x1C5E, 0x1CBF, 0x1DDD, 0x2E1E, 0x365F, 0x3E1F, 0x2D5F, 0x1C9D, 0x1C5D, 0x1C9E, 0x1D9F, 0x25DF, 0x2DFF, 0x2E3F, 0x2E7F, 0x2E1F,   // 0x4FD0 (20432) pixels
0x2D5E, 0x247C, 0x2B9D, 0x1BBD, 0x1C1D, 0x1CDE, 0x1D7F, 0x263F, 0x269F, 0x1E9F, 0x1DFF, 0x1D3E, 0x1C3E, 0x235D, 0x22DC, 0x22DC,   // 0x4FE0 (20448) pixels
0x231C, 0x235C, 0x22FD, 0x22FD, 0x231D, 0x1B3D, 0x237D, 0x2BDD, 0x237B, 0x12D8, 0x19B5, 0x0912, 0x00CF, 0x110E, 0x190C, 0x10A8,   // 0x4FF0 (20464) pixels
0x0022, 0x0000, 0x0000, 0x0000, 0x0000, 0x0000, 0x0000, 0x0000, 0x0000, 0x0000, 0x0000, 0x0000, 0x0000, 0x0000, 0x0000, 0x0000,   // 0x5000 (20480) pixels
0x0000, 0x0000, 0x0000, 0x0000, 0x0000, 0x0000, 0x0000, 0x0000, 0x0000, 0x0000, 0x0000, 0x0000, 0x0000, 0x0000, 0x0000, 0x0000,   // 0x5010 (20496) pixels
0x0000, 0x0000, 0x0000, 0x0000, 0x0000, 0x0000, 0x0000, 0x0000, 0x0000, 0x0000, 0x0000, 0x0000, 0x0000, 0x0000, 0x0000, 0x0000,   // 0x5020 (20512) pixels
0x0000, 0x0000, 0x0000, 0x0000, 0x0000, 0x0000, 0x0000, 0x0000, 0x0000, 0x0000, 0x0000, 0x0000, 0x0000, 0x0000, 0x0000, 0x0000,   // 0x5030 (20528) pixels
0x0000, 0x0000, 0x0000, 0x0000, 0x0000, 0x0000, 0x0000, 0x0000, 0x0000, 0x0000, 0x0000, 0x0000, 0x0000, 0x0000, 0x0000, 0x0000,   // 0x5040 (20544) pixels
0x0000, 0x0000, 0x0000, 0x0000, 0x0000, 0x0000, 0x0000, 0x0000, 0x0000, 0x0000, 0x0000, 0x0000, 0x0000, 0x0000, 0x0000, 0x0000,   // 0x5050 (20560) pixels
0x0000, 0x0000, 0x0000, 0x0000, 0x0000, 0x0000, 0x0000, 0x0000, 0x0000, 0x0000, 0x0000, 0x0000, 0x0000, 0x0000, 0x0000, 0x0000,   // 0x5060 (20576) pixels
0x0041, 0x1087, 0x18EC, 0x192C, 0x094B, 0x014E, 0x0192, 0x09F5, 0x02F8, 0x139B, 0x145D, 0x1CFF, 0x1D5F, 0x1D7F, 0x155F, 0x151F,   // 0x5070 (20592) pixels
0x14FF, 0x14FF, 0x1CDF, 0x24DF, 0x2C9F, 0x2BFF, 0x235E, 0x1ABD, 0x22FD, 0x235D, 0x241E, 0x24DE, 0x255E, 0x1D7E, 0x1D9E, 0x25BF,   // 0x5080 (20608) pixels
0x25BD, 0x2D9E, 0x2D7E, 0x2D3E, 0x253E, 0x257E, 0x1D3F, 0x151E, 0x24FD, 0x24FD, 0x251D, 0x1D7D, 0x25FE, 0x261F, 0x25DE, 0x257E,   // 0x5090 (20624) pixels
0x24BF, 0x245E, 0x241D, 0x241D, 0x1C3C, 0x1D1D, 0x261F, 0x269F, 0x263F, 0x1D7F, 0x1C5E, 0x235D, 0x22DD, 0x22BD, 0x2ADC, 0x2B1C,   // 0x50A0 (20640) pixels
0x2B1E, 0x2B3E, 0x235E, 0x233D, 0x1B1B, 0x12B8, 0x0A55, 0x01F4, 0x1151, 0x08F0, 0x08EE, 0x112C, 0x08E8, 0x0022, 0x0000, 0x0020,   // 0x50B0 (20656) pixels
0x0000, 0x0000, 0x0000, 0x0000, 0x0000, 0x0000, 0x0000, 0x0000, 0x0000, 0x0000, 0x0000, 0x0000, 0x0000, 0x0000, 0x0000, 0x0000,   // 0x50C0 (20672) pixels
0x0000, 0x0000, 0x0000, 0x0000, 0x0000, 0x0000, 0x0000, 0x0000, 0x0000, 0x0000, 0x0000, 0x0000, 0x0000, 0x0000, 0x0000, 0x0000,   // 0x50D0 (20688) pixels
0x0000, 0x0000, 0x0000, 0x0000, 0x0000, 0x0000, 0x0000, 0x0000, 0x0000, 0x0000, 0x0000, 0x0000, 0x0000, 0x0000, 0x0000, 0x0000,   // 0x50E0 (20704) pixels
0x0000, 0x0000, 0x0000, 0x0000, 0x0000, 0x0000, 0x0000, 0x0000, 0x0000, 0x0000, 0x0000, 0x0000, 0x0000, 0x0000, 0x0000, 0x0000,   // 0x50F0 (20720) pixels
0x0000, 0x0000, 0x0000, 0x0000, 0x0000, 0x0000, 0x0000, 0x0000, 0x0000, 0x0000, 0x0000, 0x0000, 0x0000, 0x0000, 0x0000, 0x0000,   // 0x5100 (20736) pixels
0x0000, 0x0000, 0x0000, 0x0000, 0x0000, 0x0000, 0x0000, 0x0000, 0x0000, 0x0000, 0x0000, 0x0000, 0x0000, 0x0000, 0x0000, 0x0000,   // 0x5110 (20752) pixels
0x0000, 0x0000, 0x0000, 0x0000, 0x0000, 0x0000, 0x0000, 0x0000, 0x0000, 0x0000, 0x0000, 0x0000, 0x0000, 0x0000, 0x0000, 0x0843,   // 0x5120 (20768) pixels
0x18C8, 0x192B, 0x196C, 0x096C, 0x016E, 0x0153, 0x01D6, 0x0278, 0x0B5B, 0x0C5D, 0x1D5F, 0x261F, 0x1E3F, 0x1E1F, 0x15DF, 0x15DF,   // 0x5130 (20784) pixels
0x1DDF, 0x25DF, 0x359F, 0x2CBF, 0x1B9D, 0x12DC, 0x1AFC, 0x1B9C, 0x1CBD, 0x1DBF, 0x267F, 0x26BF, 0x269F, 0x265F, 0x355D, 0x2CBD,   // 0x5140 (20800) pixels
0x243D, 0x1C1C, 0x1CDD, 0x25BF, 0x25DF, 0x153E, 0x1C1C, 0x1BFC, 0x1BFB, 0x1C5C, 0x1D3D, 0x1DDF, 0x261F, 0x261F, 0x25DF, 0x251F,   // 0x5150 (20816) pixels
0x2C5E, 0x239C, 0x1B3A, 0x1BFB, 0x255E, 0x2E3F, 0x2E1F, 0x257F, 0x245E, 0x1B5D, 0x22BC, 0x22BD, 0x2AFD, 0x2B3D, 0x2BBF, 0x2BBF,   // 0x5160 (20832) pixels
0x2B9F, 0x235D, 0x1298, 0x01B3, 0x0130, 0x0130, 0x092E, 0x090E, 0x112E, 0x110A, 0x0063, 0x0020, 0x0020, 0x0020, 0x0000, 0x0000,   // 0x5170 (20848) pixels
0x0000, 0x0000, 0x0000, 0x0000, 0x0000, 0x0000, 0x0000, 0x0000, 0x0000, 0x0000, 0x0000, 0x0000, 0x0000, 0x0000, 0x0000, 0x0000,   // 0x5180 (20864) pixels
0x0000, 0x0000, 0x0000, 0x0000, 0x0000, 0x0000, 0x0000, 0x0000, 0x0000, 0x0000, 0x0000, 0x0000, 0x0000, 0x0000, 0x0000, 0x0000,   // 0x5190 (20880) pixels
0x0000, 0x0000, 0x0000, 0x0000, 0x0000, 0x0000, 0x0000, 0x0000, 0x0000, 0x0000, 0x0000, 0x0000, 0x0000, 0x0000, 0x0000, 0x0000,   // 0x51A0 (20896) pixels
0x0000, 0x0000, 0x0000, 0x0000, 0x0000, 0x0000, 0x0000, 0x0000, 0x0000, 0x0000, 0x0000, 0x0000, 0x0000, 0x0000, 0x0000, 0x0000,   // 0x51B0 (20912) pixels
0x0000, 0x0000, 0x0000, 0x0000, 0x0000, 0x0000, 0x0000, 0x0000, 0x0000, 0x0000, 0x0000, 0x0000, 0x0000, 0x0000, 0x0000, 0x0000,   // 0x51C0 (20928) pixels
0x0000, 0x0000, 0x0000, 0x0000, 0x0000, 0x0000, 0x0000, 0x0000, 0x0000, 0x0000, 0x0000, 0x0000, 0x0000, 0x0000, 0x0000, 0x0000,   // 0x51D0 (20944) pixels
0x0000, 0x0000, 0x0000, 0x0000, 0x0000, 0x0000, 0x0000, 0x0000, 0x0000, 0x0000, 0x0000, 0x0000, 0x0000, 0x0000, 0x1083, 0x1909,   // 0x51E0 (20960) pixels
0x194C, 0x114D, 0x094D, 0x094F, 0x0154, 0x01D5, 0x0298, 0x0B9A, 0x1CFD, 0x2DFF, 0x2E3F, 0x1DFF, 0x1DBF, 0x1DDF, 0x1DDF, 0x25DF,   // 0x51F0 (20976) pixels
0x2DBF, 0x24DE, 0x1BFD, 0x1B7D, 0x237D, 0x243E, 0x1D5F, 0x1E3F, 0x26DF, 0x2EFF, 0x2E9F, 0x2E1E, 0x34FE, 0x2BFD, 0x235D, 0x1B7C,   // 0x5200 (20992) pixels
0x1C7D, 0x1D9F, 0x1DBF, 0x151E, 0x1B9C, 0x1B5C, 0x235B, 0x23BC, 0x247D, 0x1D3F, 0x1DBF, 0x25FF, 0x25FF, 0x2D7F, 0x2CBE, 0x23DD,   // 0x5210 (21008) pixels
0x1B5B, 0x13BB, 0x24DD, 0x259F, 0x2D9F, 0x2CFE, 0x241E, 0x233D, 0x22FD, 0x22FD, 0x2B3D, 0x2B7D, 0x2BBF, 0x2B9E, 0x2B5D, 0x22FA,   // 0x5220 (21024) pixels
0x1216, 0x0151, 0x00EE, 0x08EE, 0x090E, 0x092D, 0x110A, 0x0885, 0x0000, 0x0000, 0x0020, 0x0000, 0x0000, 0x0000, 0x0000, 0x0000,   // 0x5230 (21040) pixels
0x0000, 0x0000, 0x0000, 0x0000, 0x0000, 0x0000, 0x0000, 0x0000, 0x0000, 0x0000, 0x0000, 0x0000, 0x0000, 0x0000, 0x0000, 0x0000,   // 0x5240 (21056) pixels
0x0000, 0x0000, 0x0000, 0x0000, 0x0000, 0x0000, 0x0000, 0x0000, 0x0000, 0x0000, 0x0000, 0x0000, 0x0000, 0x0000, 0x0000, 0x0000,   // 0x5250 (21072) pixels
0x0000, 0x0000, 0x0000, 0x0000, 0x0000, 0x0000, 0x0000, 0x0000, 0x0000, 0x0000, 0x0000, 0x0000, 0x0000, 0x0000, 0x0000, 0x0000,   // 0x5260 (21088) pixels
0x0000, 0x0000, 0x0000, 0x0000, 0x0000, 0x0000, 0x0000, 0x0000, 0x0000, 0x0000, 0x0000, 0x0000, 0x0000, 0x0000, 0x0000, 0x0000,   // 0x5270 (21104) pixels
0x0000, 0x0000, 0x0000, 0x0000, 0x0000, 0x0000, 0x0000, 0x0000, 0x0000, 0x0000, 0x0000, 0x0000, 0x0000, 0x0000, 0x0000, 0x0000,   // 0x5280 (21120) pixels
0x0000, 0x0000, 0x0000, 0x0000, 0x0000, 0x0000, 0x0000, 0x0000, 0x0000, 0x0000, 0x0000, 0x0000, 0x0000, 0x0000, 0x0000, 0x0000,   // 0x5290 (21136) pixels
0x0000, 0x0000, 0x0000, 0x0000, 0x0000, 0x0000, 0x0000, 0x0000, 0x0000, 0x0000, 0x0800, 0x0000, 0x0000, 0x08C4, 0x110A, 0x10EF,   // 0x52A0 (21152) pixels
0x112F, 0x19AC, 0x0153, 0x0194, 0x0216, 0x0B18, 0x1C7C, 0x2D7F, 0x2D9F, 0x1D5F, 0x253F, 0x255F, 0x1D5E, 0x1D5D, 0x1D3D, 0x1CBD,   // 0x52B0 (21168) pixels
0x1C3D, 0x2C1F, 0x2C1F, 0x2CDF, 0x25BF, 0x1E7F, 0x1EDF, 0x26DF, 0x2E1E, 0x255C, 0x349E, 0x2B9E, 0x2AFE, 0x235E, 0x1C7E, 0x1D5E,   // 0x52C0 (21184) pixels
0x1D7F, 0x14DE, 0x1B7D, 0x233D, 0x2B1D, 0x2B7D, 0x2C1E, 0x24DF, 0x253F, 0x1D7F, 0x1D7E, 0x253E, 0x2CDF, 0x2C3E, 0x1BDD, 0x1C1D,   // 0x52D0 (21200) pixels
0x24DE, 0x255F, 0x251D, 0x249D, 0x23DD, 0x235D, 0x2B1D, 0x2B3E, 0x2B7E, 0x2BBD, 0x235D, 0x233C, 0x22DB, 0x1A78, 0x11F5, 0x1151,   // 0x52E0 (21216) pixels
0x110F, 0x190E, 0x010E, 0x112C, 0x08A6, 0x0001, 0x0000, 0x0000, 0x0000, 0x0000, 0x0000, 0x0000, 0x0000, 0x0000, 0x0000, 0x0000,   // 0x52F0 (21232) pixels
0x0000, 0x0000, 0x0000, 0x0000, 0x0000, 0x0000, 0x0000, 0x0000, 0x0000, 0x0000, 0x0000, 0x0000, 0x0000, 0x0000, 0x0000, 0x0000,   // 0x5300 (21248) pixels
0x0000, 0x0000, 0x0000, 0x0000, 0x0000, 0x0000, 0x0000, 0x0000, 0x0000, 0x0000, 0x0000, 0x0000, 0x0000, 0x0000, 0x0000, 0x0000,   // 0x5310 (21264) pixels
0x0000, 0x0000, 0x0000, 0x0000, 0x0000, 0x0000, 0x0000, 0x0000, 0x0000, 0x0000, 0x0000, 0x0000, 0x0000, 0x0000, 0x0000, 0x0000,   // 0x5320 (21280) pixels
0x0000, 0x0000, 0x0000, 0x0000, 0x0000, 0x0000, 0x0000, 0x0000, 0x0000, 0x0000, 0x0000, 0x0000, 0x0000, 0x0000, 0x0000, 0x0000,   // 0x5330 (21296) pixels
0x0000, 0x0000, 0x0000, 0x0000, 0x0000, 0x0000, 0x0000, 0x0000, 0x0000, 0x0000, 0x0000, 0x0000, 0x0000, 0x0000, 0x0000, 0x0000,   // 0x5340 (21312) pixels
0x0000, 0x0000, 0x0000, 0x0000, 0x0000, 0x0000, 0x0000, 0x0000, 0x0000, 0x0000, 0x0000, 0x0000, 0x0000, 0x0000, 0x0000, 0x0000,   // 0x5350 (21328) pixels
0x0000, 0x0000, 0x0000, 0x0000, 0x0000, 0x0000, 0x0000, 0x0000, 0x0000, 0x0000, 0x0000, 0x0800, 0x1864, 0x2108, 0x214B, 0x194D,   // 0x5360 (21344) pixels
0x19AD, 0x09AE, 0x01D1, 0x0A77, 0x1B5D, 0x343F, 0x3C5F, 0x341D, 0x1C3F, 0x243F, 0x23FF, 0x23DE, 0x1BFD, 0x1C5D, 0x1CDD, 0x1D3D,   // 0x5370 (21360) pixels
0x259E, 0x25DF, 0x265F, 0x269F, 0x265F, 0x2DBE, 0x2CDC, 0x2C5C, 0x339E, 0x2B7D, 0x233C, 0x1B7D, 0x23FE, 0x243F, 0x1C5E, 0x143E,   // 0x5380 (21376) pixels
0x233D, 0x1B5D, 0x1B7D, 0x1BBD, 0x23FE, 0x241F, 0x2C1F, 0x241F, 0x245D, 0x249E, 0x1CFD, 0x155D, 0x0D7E, 0x155E, 0x24DE, 0x2C7E,   // 0x5390 (21392) pixels
0x33FD, 0x33DD, 0x2BBD, 0x235C, 0x233D, 0x339F, 0x33BF, 0x2B5F, 0x1B1D, 0x1259, 0x09F6, 0x11B4, 0x0951, 0x0150, 0x0151, 0x0130,   // 0x53A0 (21408) pixels
0x210A, 0x0886, 0x0022, 0x0000, 0x0020, 0x0000, 0x0000, 0x0000, 0x0000, 0x0000, 0x0000, 0x0000, 0x0000, 0x0000, 0x0000, 0x0000,   // 0x53B0 (21424) pixels
0x0000, 0x0000, 0x0000, 0x0000, 0x0000, 0x0000, 0x0000, 0x0000, 0x0000, 0x0000, 0x0000, 0x0000, 0x0000, 0x0000, 0x0000, 0x0000,   // 0x53C0 (21440) pixels
0x0000, 0x0000, 0x0000, 0x0000, 0x0000, 0x0000, 0x0000, 0x0000, 0x0000, 0x0000, 0x0000, 0x0000, 0x0000, 0x0000, 0x0000, 0x0000,   // 0x53D0 (21456) pixels
0x0000, 0x0000, 0x0000, 0x0000, 0x0000, 0x0000, 0x0000, 0x0000, 0x0000, 0x0000, 0x0000, 0x0000, 0x0000, 0x0000, 0x0000, 0x0000,   // 0x53E0 (21472) pixels
0x0000, 0x0000, 0x0000, 0x0000, 0x0000, 0x0000, 0x0000, 0x0000, 0x0000, 0x0000, 0x0000, 0x0000, 0x0000, 0x0000, 0x0000, 0x0000,   // 0x53F0 (21488) pixels
0x0000, 0x0000, 0x0000, 0x0000, 0x0000, 0x0000, 0x0000, 0x0000, 0x0000, 0x0000, 0x0000, 0x0000, 0x0000, 0x0000, 0x0000, 0x0000,   // 0x5400 (21504) pixels
0x0000, 0x0000, 0x0000, 0x0000, 0x0000, 0x0000, 0x0000, 0x0000, 0x0000, 0x0000, 0x0000, 0x0000, 0x0000, 0x0000, 0x0000, 0x0000,   // 0x5410 (21520) pixels
0x0000, 0x0000, 0x0000, 0x0000, 0x0000, 0x0000, 0x0000, 0x0000, 0x0000, 0x0000, 0x0822, 0x10A6, 0x1909, 0x196B, 0x198E, 0x118E,   // 0x5420 (21536) pixels
0x01B0, 0x0234, 0x1AFB, 0x2B9F, 0x33BF, 0x2B9E, 0x237E, 0x235E, 0x2B3E, 0x233D, 0x237C, 0x1C1C, 0x253E, 0x25FE, 0x1E5F, 0x1E7F,   // 0x5430 (21552) pixels
0x1EBF, 0x1E9F, 0x1DFF, 0x251D, 0x241D, 0x237C, 0x333D, 0x2B3D, 0x2B3D, 0x235D, 0x2B9E, 0x23BE, 0x23BE, 0x1BBD, 0x2B3D, 0x233D,   // 0x5440 (21568) pixels
0x235D, 0x237D, 0x239D, 0x2B9D, 0x237D, 0x235C, 0x239C, 0x241D, 0x1CFE, 0x15DF, 0x163F, 0x15BF, 0x1C7E, 0x239C, 0x2B3B, 0x2B3C,   // 0x5450 (21584) pixels
0x2B5C, 0x2B3D, 0x2B5D, 0x33DF, 0x3BFF, 0x2B9F, 0x1ADD, 0x0A18, 0x01B4, 0x0172, 0x0111, 0x0910, 0x094F, 0x012D, 0x0886, 0x0024,   // 0x5460 (21600) pixels
0x0001, 0x0000, 0x0000, 0x0000, 0x0000, 0x0000, 0x0000, 0x0000, 0x0000, 0x0000, 0x0000, 0x0000, 0x0000, 0x0000, 0x0000, 0x0000,   // 0x5470 (21616) pixels
0x0000, 0x0000, 0x0000, 0x0000, 0x0000, 0x0000, 0x0000, 0x0000, 0x0000, 0x0000, 0x0000, 0x0000, 0x0000, 0x0000, 0x0000, 0x0000,   // 0x5480 (21632) pixels
0x0000, 0x0000, 0x0000, 0x0000, 0x0000, 0x0000, 0x0000, 0x0000, 0x0000, 0x0000, 0x0000, 0x0000, 0x0000, 0x0000, 0x0000, 0x0000,   // 0x5490 (21648) pixels
0x0000, 0x0000, 0x0000, 0x0000, 0x0000, 0x0000, 0x0000, 0x0000, 0x0000, 0x0000, 0x0000, 0x0000, 0x0000, 0x0000, 0x0000, 0x0000,   // 0x54A0 (21664) pixels
0x0000, 0x0000, 0x0000, 0x0000, 0x0000, 0x0000, 0x0000, 0x0000, 0x0000, 0x0000, 0x0000, 0x0000, 0x0000, 0x0000, 0x0000, 0x0000,   // 0x54B0 (21680) pixels
0x0000, 0x0000, 0x0000, 0x0000, 0x0000, 0x0000, 0x0000, 0x0000, 0x0000, 0x0000, 0x0000, 0x0000, 0x0000, 0x0000, 0x0000, 0x0000,   // 0x54C0 (21696) pixels
0x0000, 0x0000, 0x0000, 0x0000, 0x0000, 0x0000, 0x0000, 0x0000, 0x0000, 0x0000, 0x0000, 0x0000, 0x0000, 0x0000, 0x0000, 0x0000,   // 0x54D0 (21712) pixels
0x0000, 0x0000, 0x0000, 0x0000, 0x0020, 0x0000, 0x0000, 0x0000, 0x0000, 0x0002, 0x08A5, 0x1928, 0x194D, 0x196D, 0x09AE, 0x09F2,   // 0x54E0 (21728) pixels
0x1A98, 0x22DD, 0x22FF, 0x22DF, 0x229D, 0x2A9D, 0x327D, 0x2A7C, 0x22DC, 0x1BDC, 0x253E, 0x2E1F, 0x26BF, 0x1EBF, 0x1E9F, 0x1E3F,   // 0x54F0 (21744) pixels
0x1D5E, 0x1C5E, 0x1B5D, 0x22BD, 0x2ADC, 0x2AFD, 0x331D, 0x333D, 0x2B3D, 0x2B3D, 0x233C, 0x233C, 0x333D, 0x2B3D, 0x2B3D, 0x2B5D,   // 0x5500 (21760) pixels
0x2B5D, 0x2B1C, 0x22DB, 0x229A, 0x2ADB, 0x239C, 0x1CDE, 0x161F, 0x169F, 0x1DDF, 0x243E, 0x22DB, 0x22BB, 0x2ADB, 0x2AFC, 0x2B3D,   // 0x5510 (21776) pixels
0x2B7E, 0x33DF, 0x33DF, 0x235E, 0x125B, 0x01B6, 0x0172, 0x0151, 0x0911, 0x0910, 0x110C, 0x08C7, 0x0022, 0x0001, 0x0000, 0x0000,   // 0x5520 (21792) pixels
0x0000, 0x0000, 0x0000, 0x0000, 0x0000, 0x0000, 0x0000, 0x0000, 0x0000, 0x0000, 0x0000, 0x0000, 0x0000, 0x0000, 0x0000, 0x0000,   // 0x5530 (21808) pixels
0x0000, 0x0000, 0x0000, 0x0000, 0x0000, 0x0000, 0x0000, 0x0000, 0x0000, 0x0000, 0x0000, 0x0000, 0x0000, 0x0000, 0x0000, 0x0000,   // 0x5540 (21824) pixels
0x0000, 0x0000, 0x0000, 0x0000, 0x0000, 0x0000, 0x0000, 0x0000, 0x0000, 0x0000, 0x0000, 0x0000, 0x0000, 0x0000, 0x0000, 0x0000,   // 0x5550 (21840) pixels
0x0000, 0x0000, 0x0000, 0x0000, 0x0000, 0x0000, 0x0000, 0x0000, 0x0000, 0x0000, 0x0000, 0x0000, 0x0000, 0x0000, 0x0000, 0x0000,   // 0x5560 (21856) pixels
0x0000, 0x0000, 0x0000, 0x0000, 0x0000, 0x0000, 0x0000, 0x0000, 0x0000, 0x0000, 0x0000, 0x0000, 0x0000, 0x0000, 0x0000, 0x0000,   // 0x5570 (21872) pixels
0x0000, 0x0000, 0x0000, 0x0000, 0x0000, 0x0000, 0x0000, 0x0000, 0x0000, 0x0000, 0x0000, 0x0000, 0x0000, 0x0000, 0x0000, 0x0000,   // 0x5580 (21888) pixels
0x0000, 0x0000, 0x0000, 0x0000, 0x0000, 0x0000, 0x0000, 0x0000, 0x0000, 0x0000, 0x0000, 0x0000, 0x0000, 0x0000, 0x0000, 0x0000,   // 0x5590 (21904) pixels
0x0000, 0x0000, 0x0000, 0x0000, 0x0000, 0x0000, 0x0000, 0x0000, 0x0042, 0x08A4, 0x190A, 0x194B, 0x198D, 0x19F1, 0x19F6, 0x1A1A,   // 0x55A0 (21920) pixels
0x11FB, 0x11FB, 0x19D9, 0x21FA, 0x2A1B, 0x2A3C, 0x2ADC, 0x2BBD, 0x24DF, 0x2D7F, 0x261F, 0x261F, 0x25DF, 0x257F, 0x24BE, 0x23DE,   // 0x55B0 (21936) pixels
0x231D, 0x229D, 0x22DC, 0x2AFD, 0x333D, 0x333E, 0x2B1D, 0x2B1D, 0x2B1C, 0x2B1D, 0x335D, 0x335D, 0x2B5D, 0x335D, 0x333C, 0x2AFC,   // 0x55C0 (21952) pixels
0x2ABB, 0x2A7A, 0x32BC, 0x2B5C, 0x1C5E, 0x157F, 0x15FF, 0x1D7F, 0x241E, 0x2ADC, 0x2ADD, 0x32FD, 0x333E, 0x2B3D, 0x2B3D, 0x2B5D,   // 0x55D0 (21968) pixels
0x231C, 0x129A, 0x01B7, 0x0154, 0x0131, 0x0950, 0x112F, 0x10EC, 0x0886, 0x0001, 0x0000, 0x0000, 0x0000, 0x0020, 0x0020, 0x0000,   // 0x55E0 (21984) pixels
0x0000, 0x0000, 0x0000, 0x0000, 0x0000, 0x0000, 0x0000, 0x0000, 0x0000, 0x0000, 0x0000, 0x0000, 0x0000, 0x0000, 0x0000, 0x0000,   // 0x55F0 (22000) pixels
0x0000, 0x0000, 0x0000, 0x0000, 0x0000, 0x0000, 0x0000, 0x0000, 0x0000, 0x0000, 0x0000, 0x0000, 0x0000, 0x0000, 0x0000, 0x0000,   // 0x5600 (22016) pixels
0x0000, 0x0000, 0x0000, 0x0000, 0x0000, 0x0000, 0x0000, 0x0000, 0x0000, 0x0000, 0x0000, 0x0000, 0x0000, 0x0000, 0x0000, 0x0000,   // 0x5610 (22032) pixels
0x0000, 0x0000, 0x0000, 0x0000, 0x0000, 0x0000, 0x0000, 0x0000, 0x0000, 0x0000, 0x0000, 0x0000, 0x0000, 0x0000, 0x0000, 0x0000,   // 0x5620 (22048) pixels
0x0000, 0x0000, 0x0000, 0x0000, 0x0000, 0x0000, 0x0000, 0x0000, 0x0000, 0x0000, 0x0000, 0x0000, 0x0000, 0x0000, 0x0000, 0x0000,   // 0x5630 (22064) pixels
0x0000, 0x0000, 0x0000, 0x0000, 0x0000, 0x0000, 0x0000, 0x0000, 0x0000, 0x0000, 0x0000, 0x0000, 0x0000, 0x0000, 0x0000, 0x0000,   // 0x5640 (22080) pixels
0x0000, 0x0000, 0x0000, 0x0000, 0x0000, 0x0000, 0x0000, 0x0000, 0x0000, 0x0000, 0x0000, 0x0000, 0x0000, 0x0000, 0x0000, 0x0000,   // 0x5650 (22096) pixels
0x0000, 0x0000, 0x0000, 0x0020, 0x0000, 0x0000, 0x0000, 0x0020, 0x0864, 0x10E7, 0x216B, 0x2190, 0x1973, 0x0935, 0x00F5, 0x0114,   // 0x5660 (22112) pixels
0x0154, 0x0995, 0x19F8, 0x2A9B, 0x335E, 0x33FF, 0x345F, 0x2C9F, 0x2C9F, 0x2C9F, 0x2C9E, 0x2C5D, 0x2C1D, 0x2B9D, 0x2B3D, 0x2AFE,   // 0x5670 (22128) pixels
0x233D, 0x233D, 0x2B5E, 0x2B5E, 0x2B5E, 0x2B5E, 0x2B5D, 0x2B3D, 0x2B7E, 0x2B7E, 0x2B9D, 0x2B7D, 0x2B7D, 0x2B3D, 0x331C, 0x32FB,   // 0x5680 (22144) pixels
0x331D, 0x337E, 0x2BFE, 0x249E, 0x1CDF, 0x1C9F, 0x2BFF, 0x335E, 0x3B5F, 0x3B9F, 0x3B9F, 0x333D, 0x2ADB, 0x1A79, 0x0A17, 0x01B6,   // 0x5690 (22160) pixels
0x0153, 0x0152, 0x0150, 0x092E, 0x08EA, 0x0886, 0x0022, 0x0000, 0x0020, 0x0000, 0x0000, 0x0020, 0x0000, 0x0000, 0x0000, 0x0000,   // 0x56A0 (22176) pixels
0x0000, 0x0000, 0x0000, 0x0000, 0x0000, 0x0000, 0x0000, 0x0000, 0x0000, 0x0000, 0x0000, 0x0000, 0x0000, 0x0000, 0x0000, 0x0000,   // 0x56B0 (22192) pixels
0x0000, 0x0000, 0x0000, 0x0000, 0x0000, 0x0000, 0x0000, 0x0000, 0x0000, 0x0000, 0x0000, 0x0000, 0x0000, 0x0000, 0x0000, 0x0000,   // 0x56C0 (22208) pixels
0x0000, 0x0000, 0x0000, 0x0000, 0x0000, 0x0000, 0x0000, 0x0000, 0x0000, 0x0000, 0x0000, 0x0000, 0x0000, 0x0000, 0x0000, 0x0000,   // 0x56D0 (22224) pixels
0x0000, 0x0000, 0x0000, 0x0000, 0x0000, 0x0000, 0x0000, 0x0000, 0x0000, 0x0000, 0x0000, 0x0000, 0x0000, 0x0000, 0x0000, 0x0000,   // 0x56E0 (22240) pixels
0x0000, 0x0000, 0x0000, 0x0000, 0x0000, 0x0000, 0x0000, 0x0000, 0x0000, 0x0000, 0x0000, 0x0000, 0x0000, 0x0000, 0x0000, 0x0000,   // 0x56F0 (22256) pixels
0x0000, 0x0000, 0x0000, 0x0000, 0x0000, 0x0000, 0x0000, 0x0000, 0x0000, 0x0000, 0x0000, 0x0000, 0x0000, 0x0000, 0x0000, 0x0000,   // 0x5700 (22272) pixels
0x0000, 0x0000, 0x0000, 0x0000, 0x0000, 0x0000, 0x0000, 0x0000, 0x0000, 0x0000, 0x0000, 0x0000, 0x0000, 0x0000, 0x0000, 0x0000,   // 0x5710 (22288) pixels
0x0000, 0x0000, 0x0000, 0x0000, 0x0000, 0x0000, 0x0000, 0x0863, 0x18E7, 0x212C, 0x1930, 0x10F1, 0x00F1, 0x00F0, 0x0130, 0x0972,   // 0x5720 (22304) pixels
0x1216, 0x22DA, 0x337E, 0x33BF, 0x2B9E, 0x237E, 0x2B3D, 0x2B3D, 0x2B3C, 0x2B3B, 0x2B5B, 0x2B5C, 0x2B5D, 0x337E, 0x239F, 0x237E,   // 0x5730 (22320) pixels
0x237E, 0x2B7E, 0x2B9E, 0x2B9F, 0x2B7E, 0x2B7E, 0x2B9E, 0x2B9E, 0x239E, 0x239E, 0x2B9E, 0x2B7E, 0x337E, 0x337E, 0x2B7E, 0x337E,   // 0x5740 (22336) pixels
0x337D, 0x2B9C, 0x23BC, 0x239D, 0x237D, 0x2B5E, 0x3B9F, 0x3BBF, 0x3B7E, 0x2AFB, 0x1A58, 0x09D5, 0x0153, 0x0132, 0x0130, 0x094F,   // 0x5750 (22352) pixels
0x092D, 0x08C9, 0x0024, 0x0001, 0x0000, 0x0000, 0x0000, 0x0000, 0x0000, 0x0000, 0x0000, 0x0000, 0x0000, 0x0000, 0x0000, 0x0000,   // 0x5760 (22368) pixels
0x0000, 0x0000, 0x0000, 0x0000, 0x0000, 0x0000, 0x0000, 0x0000, 0x0000, 0x0000, 0x0000, 0x0000, 0x0000, 0x0000, 0x0000, 0x0000,   // 0x5770 (22384) pixels
0x0000, 0x0000, 0x0000, 0x0000, 0x0000, 0x0000, 0x0000, 0x0000, 0x0000, 0x0000, 0x0000, 0x0000, 0x0000, 0x0000, 0x0000, 0x0000,   // 0x5780 (22400) pixels
0x0000, 0x0000, 0x0000, 0x0000, 0x0000, 0x0000, 0x0000, 0x0000, 0x0000, 0x0000, 0x0000, 0x0000, 0x0000, 0x0000, 0x0000, 0x0000,   // 0x5790 (22416) pixels
0x0000, 0x0000, 0x0000, 0x0000, 0x0000, 0x0000, 0x0000, 0x0000, 0x0000, 0x0000, 0x0000, 0x0000, 0x0000, 0x0000, 0x0000, 0x0000,   // 0x57A0 (22432) pixels
0x0000, 0x0000, 0x0000, 0x0000, 0x0000, 0x0000, 0x0000, 0x0000, 0x0000, 0x0000, 0x0000, 0x0000, 0x0000, 0x0000, 0x0000, 0x0000,   // 0x57B0 (22448) pixels
0x0000, 0x0000, 0x0000, 0x0000, 0x0000, 0x0000, 0x0000, 0x0000, 0x0000, 0x0000, 0x0000, 0x0000, 0x0000, 0x0000, 0x0000, 0x0000,   // 0x57C0 (22464) pixels
0x0000, 0x0000, 0x0000, 0x0000, 0x0000, 0x0000, 0x0000, 0x0000, 0x0000, 0x0000, 0x0000, 0x0000, 0x0000, 0x0000, 0x0000, 0x0000,   // 0x57D0 (22480) pixels
0x0000, 0x0000, 0x0000, 0x0000, 0x0000, 0x0000, 0x0042, 0x10A6, 0x18EB, 0x110D, 0x112E, 0x114E, 0x112E, 0x1170, 0x11D3, 0x1A57,   // 0x57E0 (22496) pixels
0x1ABA, 0x1ADB, 0x1A9B, 0x127A, 0x1A3A, 0x1A39, 0x1A38, 0x1A58, 0x1A99, 0x22FB, 0x2B7E, 0x33BF, 0x2B9F, 0x2B9F, 0x2B7F, 0x2B7F,   // 0x57F0 (22512) pixels
0x2B9F, 0x2B9E, 0x2B7E, 0x2B7E, 0x2B7E, 0x2B7E, 0x237E, 0x237E, 0x2B7E, 0x2B7E, 0x337E, 0x337E, 0x2B9E, 0x335D, 0x331C, 0x32BA,   // 0x5800 (22528) pixels
0x2299, 0x1A9A, 0x1A9B, 0x22BC, 0x22FD, 0x22FC, 0x1ABA, 0x1237, 0x09D5, 0x0172, 0x0130, 0x0130, 0x092F, 0x090C, 0x08C7, 0x0022,   // 0x5810 (22544) pixels
0x0000, 0x0000, 0x0000, 0x0000, 0x0000, 0x0000, 0x0000, 0x0000, 0x0000, 0x0000, 0x0000, 0x0000, 0x0000, 0x0000, 0x0000, 0x0000,   // 0x5820 (22560) pixels
0x0000, 0x0000, 0x0000, 0x0000, 0x0000, 0x0000, 0x0000, 0x0000, 0x0000, 0x0000, 0x0000, 0x0000, 0x0000, 0x0000, 0x0000, 0x0000,   // 0x5830 (22576) pixels
0x0000, 0x0000, 0x0000, 0x0000, 0x0000, 0x0000, 0x0000, 0x0000, 0x0000, 0x0000, 0x0000, 0x0000, 0x0000, 0x0000, 0x0000, 0x0000,   // 0x5840 (22592) pixels
0x0000, 0x0000, 0x0000, 0x0000, 0x0000, 0x0000, 0x0000, 0x0000, 0x0000, 0x0000, 0x0000, 0x0000, 0x0000, 0x0000, 0x0000, 0x0000,   // 0x5850 (22608) pixels
0x0000, 0x0000, 0x0000, 0x0000, 0x0000, 0x0000, 0x0000, 0x0000, 0x0000, 0x0000, 0x0000, 0x0000, 0x0000, 0x0000, 0x0000, 0x0000,   // 0x5860 (22624) pixels
0x0000, 0x0000, 0x0000, 0x0000, 0x0000, 0x0000, 0x0000, 0x0000, 0x0000, 0x0000, 0x0000, 0x0000, 0x0000, 0x0000, 0x0000, 0x0000,   // 0x5870 (22640) pixels
0x0000, 0x0000, 0x0000, 0x0000, 0x0000, 0x0000, 0x0000, 0x0000, 0x0000, 0x0000, 0x0000, 0x0000, 0x0000, 0x0000, 0x0000, 0x0000,   // 0x5880 (22656) pixels
0x0000, 0x0000, 0x0000, 0x0000, 0x0000, 0x0000, 0x0000, 0x0000, 0x0000, 0x0000, 0x0000, 0x0000, 0x0000, 0x0000, 0x0000, 0x0000,   // 0x5890 (22672) pixels
0x0000, 0x0000, 0x0001, 0x0000, 0x0000, 0x0041, 0x08A6, 0x110A, 0x112C, 0x092D, 0x210D, 0x192F, 0x1951, 0x11B4, 0x09F6, 0x0A18,   // 0x58A0 (22688) pixels
0x0218, 0x01F8, 0x09D7, 0x01B6, 0x01B6, 0x09D6, 0x1238, 0x1ABB, 0x2B5E, 0x33BF, 0x339F, 0x339F, 0x337F, 0x2B7F, 0x2B7E, 0x2B5E,   // 0x58B0 (22704) pixels
0x2B5E, 0x2B5E, 0x2B5F, 0x2B5F, 0x2B5E, 0x235E, 0x235E, 0x2B5E, 0x335E, 0x335E, 0x237E, 0x2B1C, 0x2A9A, 0x2238, 0x19F7, 0x11F7,   // 0x58C0 (22720) pixels
0x11F8, 0x19F9, 0x0A19, 0x0A18, 0x01D6, 0x0173, 0x0172, 0x0151, 0x012F, 0x014F, 0x090F, 0x08C9, 0x0042, 0x0000, 0x0000, 0x0801,   // 0x58D0 (22736) pixels
0x0000, 0x0000, 0x0000, 0x0000, 0x0000, 0x0000, 0x0000, 0x0000, 0x0000, 0x0000, 0x0000, 0x0000, 0x0000, 0x0000, 0x0000, 0x0000,   // 0x58E0 (22752) pixels
0x0000, 0x0000, 0x0000, 0x0000, 0x0000, 0x0000, 0x0000, 0x0000, 0x0000, 0x0000, 0x0000, 0x0000, 0x0000, 0x0000, 0x0000, 0x0000,   // 0x58F0 (22768) pixels
0x0000, 0x0000, 0x0000, 0x0000, 0x0000, 0x0000, 0x0000, 0x0000, 0x0000, 0x0000, 0x0000, 0x0000, 0x0000, 0x0000, 0x0000, 0x0000,   // 0x5900 (22784) pixels
0x0000, 0x0000, 0x0000, 0x0000, 0x0000, 0x0000, 0x0000, 0x0000, 0x0000, 0x0000, 0x0000, 0x0000, 0x0000, 0x0000, 0x0000, 0x0000,   // 0x5910 (22800) pixels
0x0000, 0x0000, 0x0000, 0x0000, 0x0000, 0x0000, 0x0000, 0x0000, 0x0000, 0x0000, 0x0000, 0x0000, 0x0000, 0x0000, 0x0000, 0x0000,   // 0x5920 (22816) pixels
0x0000, 0x0000, 0x0000, 0x0000, 0x0000, 0x0000, 0x0000, 0x0000, 0x0000, 0x0000, 0x0000, 0x0000, 0x0000, 0x0000, 0x0000, 0x0000,   // 0x5930 (22832) pixels
0x0000, 0x0000, 0x0000, 0x0000, 0x0000, 0x0000, 0x0000, 0x0000, 0x0000, 0x0000, 0x0000, 0x0000, 0x0000, 0x0000, 0x0000, 0x0000,   // 0x5940 (22848) pixels
0x0000, 0x0000, 0x0000, 0x0000, 0x0000, 0x0000, 0x0000, 0x0000, 0x0000, 0x0000, 0x0000, 0x0000, 0x0000, 0x0000, 0x0000, 0x0000,   // 0x5950 (22864) pixels
0x0000, 0x0000, 0x0020, 0x0000, 0x0000, 0x0043, 0x10C7, 0x210B, 0x010D, 0x092D, 0x094E, 0x094F, 0x0151, 0x0952, 0x0153, 0x0154,   // 0x5960 (22880) pixels
0x0150, 0x0930, 0x0931, 0x0912, 0x0994, 0x1A59, 0x233D, 0x239F, 0x2B9F, 0x237F, 0x235F, 0x233E, 0x1B1E, 0x1B1E, 0x231E, 0x231E,   // 0x5970 (22896) pixels
0x22DF, 0x22DE, 0x22FE, 0x22DD, 0x1ADC, 0x22FD, 0x231E, 0x2B3F, 0x231C, 0x22DA, 0x1A38, 0x19D6, 0x1174, 0x0973, 0x0992, 0x09B2,   // 0x5980 (22912) pixels
0x01B2, 0x0172, 0x0152, 0x0111, 0x0910, 0x110E, 0x110C, 0x110B, 0x0000, 0x0000, 0x0000, 0x0000, 0x0000, 0x0000, 0x0000, 0x0000,   // 0x5990 (22928) pixels
0x0000, 0x0000, 0x0000, 0x0000, 0x0000, 0x0000, 0x0000, 0x0000, 0x0000, 0x0000, 0x0000, 0x0000, 0x0000, 0x0000, 0x0000, 0x0000,   // 0x59A0 (22944) pixels
0x0000, 0x0000, 0x0000, 0x0000, 0x0000, 0x0000, 0x0000, 0x0000, 0x0000, 0x0000, 0x0000, 0x0000, 0x0000, 0x0000, 0x0000, 0x0000,   // 0x59B0 (22960) pixels
0x0000, 0x0000, 0x0000, 0x0000, 0x0000, 0x0000, 0x0000, 0x0000, 0x0000, 0x0000, 0x0000, 0x0000, 0x0000, 0x0000, 0x0000, 0x0000,   // 0x59C0 (22976) pixels
0x0000, 0x0000, 0x0000, 0x0000, 0x0000, 0x0000, 0x0000, 0x0000, 0x0000, 0x0000, 0x0000, 0x0000, 0x0000, 0x0000, 0x0000, 0x0000,   // 0x59D0 (22992) pixels
0x0000, 0x0000, 0x0000, 0x0000, 0x0000, 0x0000, 0x0000, 0x0000, 0x0000, 0x0000, 0x0000, 0x0000, 0x0000, 0x0000, 0x0000, 0x0000,   // 0x59E0 (23008) pixels
0x0000, 0x0000, 0x0000, 0x0000, 0x0000, 0x0000, 0x0000, 0x0000, 0x0000, 0x0000, 0x0000, 0x0000, 0x0000, 0x0000, 0x0000, 0x0000,   // 0x59F0 (23024) pixels
0x0000, 0x0000, 0x0000, 0x0000, 0x0000, 0x0000, 0x0000, 0x0000, 0x0000, 0x0000, 0x0000, 0x0000, 0x0000, 0x0000, 0x0000, 0x0000,   // 0x5A00 (23040) pixels
0x0000, 0x0000, 0x0000, 0x0000, 0x0000, 0x0000, 0x0000, 0x0000, 0x0000, 0x0000, 0x0000, 0x0000, 0x0000, 0x0000, 0x0000, 0x0000,   // 0x5A10 (23056) pixels
0x0000, 0x0000, 0x0000, 0x0001, 0x0044, 0x0886, 0x112C, 0x090C, 0x08ED, 0x090F, 0x010F, 0x010F, 0x012F, 0x0170, 0x0930, 0x092F,   // 0x5A20 (23072) pixels
0x090E, 0x092E, 0x1191, 0x1A35, 0x22DA, 0x231C, 0x1B1C, 0x1B1C, 0x1AFC, 0x1ADC, 0x1ABB, 0x1ABB, 0x1ABB, 0x1ABB, 0x1A9C, 0x1ABC,   // 0x5A30 (23088) pixels
0x1ABB, 0x1ABA, 0x1ABA, 0x1ABB, 0x1ABC, 0x1ADC, 0x229B, 0x2279, 0x1A16, 0x19B2, 0x114F, 0x094F, 0x096F, 0x1190, 0x0131, 0x0131,   // 0x5A40 (23104) pixels
0x0131, 0x0930, 0x112E, 0x08EA, 0x0087, 0x0024, 0x0000, 0x0000, 0x0000, 0x0000, 0x0000, 0x0000, 0x0000, 0x0000, 0x0000, 0x0000,   // 0x5A50 (23120) pixels
0x0000, 0x0000, 0x0000, 0x0000, 0x0000, 0x0000, 0x0000, 0x0000, 0x0000, 0x0000, 0x0000, 0x0000, 0x0000, 0x0000, 0x0000, 0x0000,   // 0x5A60 (23136) pixels
0x0000, 0x0000, 0x0000, 0x0000, 0x0000, 0x0000, 0x0000, 0x0000, 0x0000, 0x0000, 0x0000, 0x0000, 0x0000, 0x0000, 0x0000, 0x0000,   // 0x5A70 (23152) pixels
0x0000, 0x0000, 0x0000, 0x0000, 0x0000, 0x0000, 0x0000, 0x0000, 0x0000, 0x0000, 0x0000, 0x0000, 0x0000, 0x0000, 0x0000, 0x0000,   // 0x5A80 (23168) pixels
0x0000, 0x0000, 0x0000, 0x0000, 0x0000, 0x0000, 0x0000, 0x0000, 0x0000, 0x0000, 0x0000, 0x0000, 0x0000, 0x0000, 0x0000, 0x0000,   // 0x5A90 (23184) pixels
0x0000, 0x0000, 0x0000, 0x0000, 0x0000, 0x0000, 0x0000, 0x0000, 0x0000, 0x0000, 0x0000, 0x0000, 0x0000, 0x0000, 0x0000, 0x0000,   // 0x5AA0 (23200) pixels
0x0000, 0x0000, 0x0000, 0x0000, 0x0000, 0x0000, 0x0000, 0x0000, 0x0000, 0x0000, 0x0000, 0x0000, 0x0000, 0x0000, 0x0000, 0x0000,   // 0x5AB0 (23216) pixels
0x0000, 0x0000, 0x0000, 0x0000, 0x0000, 0x0000, 0x0000, 0x0000, 0x0000, 0x0000, 0x0000, 0x0000, 0x0000, 0x0000, 0x0000, 0x0000,   // 0x5AC0 (23232) pixels
0x0000, 0x0000, 0x0000, 0x0000, 0x0000, 0x0000, 0x0000, 0x0000, 0x0000, 0x0000, 0x0000, 0x0000, 0x0000, 0x0000, 0x0000, 0x0000,   // 0x5AD0 (23248) pixels
0x0000, 0x0000, 0x0001, 0x0002, 0x0024, 0x08C7, 0x192C, 0x110D, 0x08EE, 0x092E, 0x014D, 0x012C, 0x1130, 0x114F, 0x116D, 0x196D,   // 0x5AE0 (23264) pixels
0x19AE, 0x2212, 0x2256, 0x1A58, 0x1278, 0x1278, 0x1257, 0x1257, 0x1237, 0x1237, 0x1237, 0x1237, 0x1237, 0x1237, 0x1237, 0x1237,   // 0x5AF0 (23280) pixels
0x1237, 0x1237, 0x1238, 0x1238, 0x11F7, 0x11D5, 0x1191, 0x196E, 0x196D, 0x114D, 0x092E, 0x08EE, 0x00EF, 0x090F, 0x090D, 0x08EB,   // 0x5B00 (23296) pixels
0x00A7, 0x0044, 0x0021, 0x0000, 0x0000, 0x0000, 0x0000, 0x0000, 0x0000, 0x0000, 0x0000, 0x0000, 0x0000, 0x0000, 0x0000, 0x0000,   // 0x5B10 (23312) pixels
0x0000, 0x0000, 0x0000, 0x0000, 0x0000, 0x0000, 0x0000, 0x0000, 0x0000, 0x0000, 0x0000, 0x0000, 0x0000, 0x0000, 0x0000, 0x0000,   // 0x5B20 (23328) pixels
0x0000, 0x0000, 0x0000, 0x0000, 0x0000, 0x0000, 0x0000, 0x0000, 0x0000, 0x0000, 0x0000, 0x0000, 0x0000, 0x0000, 0x0000, 0x0000,   // 0x5B30 (23344) pixels
0x0000, 0x0000, 0x0000, 0x0000, 0x0000, 0x0000, 0x0000, 0x0000, 0x0000, 0x0000, 0x0000, 0x0000, 0x0000, 0x0000, 0x0000, 0x0000,   // 0x5B40 (23360) pixels
0x0000, 0x0000, 0x0000, 0x0000, 0x0000, 0x0000, 0x0000, 0x0000, 0x0000, 0x0000, 0x0000, 0x0000, 0x0000, 0x0000, 0x0000, 0x0000,   // 0x5B50 (23376) pixels
0x0000, 0x0000, 0x0000, 0x0000, 0x0000, 0x0000, 0x0000, 0x0000, 0x0000, 0x0000, 0x0000, 0x0000, 0x0000, 0x0000, 0x0000, 0x0000,   // 0x5B60 (23392) pixels
0x0000, 0x0000, 0x0000, 0x0000, 0x0000, 0x0000, 0x0000, 0x0000, 0x0000, 0x0000, 0x0000, 0x0000, 0x0000, 0x0000, 0x0000, 0x0000,   // 0x5B70 (23408) pixels
0x0000, 0x0000, 0x0000, 0x0000, 0x0000, 0x0000, 0x0000, 0x0000, 0x0000, 0x0000, 0x0000, 0x0000, 0x0000, 0x0000, 0x0000, 0x0000,   // 0x5B80 (23424) pixels
0x0000, 0x0000, 0x0000, 0x0000, 0x0000, 0x0000, 0x0000, 0x0000, 0x0000, 0x0000, 0x0000, 0x0000, 0x0000, 0x0000, 0x0000, 0x0000,   // 0x5B90 (23440) pixels
0x0000, 0x0000, 0x0000, 0x0000, 0x0043, 0x10E8, 0x194C, 0x110C, 0x090D, 0x092E, 0x00CD, 0x00ED, 0x092D, 0x116D, 0x198E, 0x11B0,   // 0x5BA0 (23456) pixels
0x1192, 0x0973, 0x09B3, 0x09B3, 0x09B3, 0x09B3, 0x09B3, 0x09B3, 0x09B3, 0x09B3, 0x09D2, 0x09D2, 0x09B2, 0x09B2, 0x01B2, 0x09B3,   // 0x5BB0 (23472) pixels
0x09B3, 0x09B4, 0x09B3, 0x0991, 0x094F, 0x092D, 0x090C, 0x08ED, 0x090E, 0x090F, 0x110C, 0x10EB, 0x08A8, 0x0044, 0x0001, 0x0000,   // 0x5BC0 (23488) pixels
0x0000, 0x0020, 0x0000, 0x0000, 0x0000, 0x0000, 0x0000, 0x0000, 0x0000, 0x0000, 0x0000, 0x0000, 0x0000, 0x0000, 0x0000, 0x0000,   // 0x5BD0 (23504) pixels
0x0000, 0x0000, 0x0000, 0x0000, 0x0000, 0x0000, 0x0000, 0x0000, 0x0000, 0x0000, 0x0000, 0x0000, 0x0000, 0x0000, 0x0000, 0x0000,   // 0x5BE0 (23520) pixels
0x0000, 0x0000, 0x0000, 0x0000, 0x0000, 0x0000, 0x0000, 0x0000, 0x0000, 0x0000, 0x0000, 0x0000, 0x0000, 0x0000, 0x0000, 0x0000,   // 0x5BF0 (23536) pixels
0x0000, 0x0000, 0x0000, 0x0000, 0x0000, 0x0000, 0x0000, 0x0000, 0x0000, 0x0000, 0x0000, 0x0000, 0x0000, 0x0000, 0x0000, 0x0000,   // 0x5C00 (23552) pixels
0x0000, 0x0000, 0x0000, 0x0000, 0x0000, 0x0000, 0x0000, 0x0000, 0x0000, 0x0000, 0x0000, 0x0000, 0x0000, 0x0000, 0x0000, 0x0000,   // 0x5C10 (23568) pixels
0x0000, 0x0000, 0x0000, 0x0000, 0x0000, 0x0000, 0x0000, 0x0000, 0x0000, 0x0000, 0x0000, 0x0000, 0x0000, 0x0000, 0x0000, 0x0000,   // 0x5C20 (23584) pixels
0x0000, 0x0000, 0x0000, 0x0000, 0x0000, 0x0000, 0x0000, 0x0000, 0x0000, 0x0000, 0x0000, 0x0000, 0x0000, 0x0000, 0x0000, 0x0000,   // 0x5C30 (23600) pixels
0x0000, 0x0000, 0x0000, 0x0000, 0x0000, 0x0000, 0x0000, 0x0000, 0x0000, 0x0000, 0x0000, 0x0000, 0x0000, 0x0000, 0x0000, 0x0000,   // 0x5C40 (23616) pixels
0x0000, 0x0000, 0x0000, 0x0000, 0x0000, 0x0000, 0x0000, 0x0000, 0x0000, 0x0000, 0x0000, 0x0000, 0x0020, 0x0020, 0x0000, 0x0000,   // 0x5C50 (23632) pixels
0x0000, 0x0000, 0x0000, 0x0000, 0x0023, 0x08C8, 0x112B, 0x110C, 0x092D, 0x092D, 0x090D, 0x010E, 0x010E, 0x010F, 0x0110, 0x0130,   // 0x5C60 (23648) pixels
0x012F, 0x012F, 0x014F, 0x0150, 0x0150, 0x0150, 0x0150, 0x0150, 0x016F, 0x016F, 0x014F, 0x014F, 0x014F, 0x014F, 0x0950, 0x0950,   // 0x5C70 (23664) pixels
0x0150, 0x0130, 0x012F, 0x090F, 0x090E, 0x110D, 0x110C, 0x112C, 0x10C6, 0x0864, 0x0001, 0x0000, 0x0000, 0x0000, 0x0000, 0x0000,   // 0x5C80 (23680) pixels
0x0000, 0x0000, 0x0000, 0x0000, 0x0000, 0x0000, 0x0000, 0x0000, 0x0000, 0x0000, 0x0000, 0x0000, 0x0000, 0x0000, 0x0000, 0x0000,   // 0x5C90 (23696) pixels
0x0000, 0x0000, 0x0000, 0x0000, 0x0000, 0x0000, 0x0000, 0x0000, 0x0000, 0x0000, 0x0000, 0x0000, 0x0000, 0x0000, 0x0000, 0x0000,   // 0x5CA0 (23712) pixels
0x0000, 0x0000, 0x0000, 0x0000, 0x0000, 0x0000, 0x0000, 0x0000, 0x0000, 0x0000, 0x0000, 0x0000, 0x0000, 0x0000, 0x0000, 0x0000,   // 0x5CB0 (23728) pixels
0x0000, 0x0000, 0x0000, 0x0000, 0x0000, 0x0000, 0x0000, 0x0000, 0x0000, 0x0000, 0x0000, 0x0000, 0x0000, 0x0000, 0x0000, 0x0000,   // 0x5CC0 (23744) pixels
0x0000, 0x0000, 0x0000, 0x0000, 0x0000, 0x0000, 0x0000, 0x0000, 0x0000, 0x0000, 0x0000, 0x0000, 0x0000, 0x0000, 0x0000, 0x0000,   // 0x5CD0 (23760) pixels
0x0000, 0x0000, 0x0000, 0x0000, 0x0000, 0x0000, 0x0000, 0x0000, 0x0000, 0x0000, 0x0000, 0x0000, 0x0000, 0x0000, 0x0000, 0x0000,   // 0x5CE0 (23776) pixels
0x0000, 0x0000, 0x0000, 0x0000, 0x0000, 0x0000, 0x0000, 0x0000, 0x0000, 0x0000, 0x0000, 0x0000, 0x0000, 0x0000, 0x0000, 0x0000,   // 0x5CF0 (23792) pixels
0x0000, 0x0000, 0x0000, 0x0000, 0x0000, 0x0000, 0x0000, 0x0000, 0x0000, 0x0000, 0x0000, 0x0000, 0x0000, 0x0000, 0x0000, 0x0000,   // 0x5D00 (23808) pixels
0x0000, 0x0000, 0x0000, 0x0000, 0x0000, 0x0000, 0x0000, 0x0000, 0x0000, 0x0000, 0x0000, 0x0000, 0x0000, 0x0000, 0x0002, 0x0000,   // 0x5D10 (23824) pixels
0x0000, 0x0000, 0x0000, 0x0000, 0x0023, 0x08C6, 0x114A, 0x112B, 0x112C, 0x112E, 0x090F, 0x090E, 0x090E, 0x092E, 0x010E, 0x010E,   // 0x5D20 (23840) pixels
0x010E, 0x010E, 0x012E, 0x012E, 0x012E, 0x012E, 0x012D, 0x012D, 0x010E, 0x010E, 0x010E, 0x090D, 0x092D, 0x092D, 0x090F, 0x090F,   // 0x5D30 (23856) pixels
0x090F, 0x110E, 0x110D, 0x10E9, 0x00A6, 0x0063, 0x0021, 0x0000, 0x0000, 0x0000, 0x0000, 0x0000, 0x0000, 0x0000, 0x0000, 0x0000,   // 0x5D40 (23872) pixels
0x0000, 0x0000, 0x0000, 0x0000, 0x0000, 0x0000, 0x0000, 0x0000, 0x0000, 0x0000, 0x0000, 0x0000, 0x0000, 0x0000, 0x0000, 0x0000,   // 0x5D50 (23888) pixels
0x0000, 0x0000, 0x0000, 0x0000, 0x0000, 0x0000, 0x0000, 0x0000, 0x0000, 0x0000, 0x0000, 0x0000, 0x0000, 0x0000, 0x0000, 0x0000,   // 0x5D60 (23904) pixels
0x0000, 0x0000, 0x0000, 0x0000, 0x0000, 0x0000, 0x0000, 0x0000, 0x0000, 0x0000, 0x0000, 0x0000, 0x0000, 0x0000, 0x0000, 0x0000,   // 0x5D70 (23920) pixels
0x0000, 0x0000, 0x0000, 0x0000, 0x0000, 0x0000, 0x0000, 0x0000, 0x0000, 0x0000, 0x0000, 0x0000, 0x0000, 0x0000, 0x0000, 0x0000,   // 0x5D80 (23936) pixels
0x0000, 0x0000, 0x0000, 0x0000, 0x0000, 0x0000, 0x0000, 0x0000, 0x0000, 0x0000, 0x0000, 0x0000, 0x0000, 0x0000, 0x0000, 0x0000,   // 0x5D90 (23952) pixels
0x0000, 0x0000, 0x0000, 0x0000, 0x0000, 0x0000, 0x0000, 0x0000, 0x0000, 0x0000, 0x0000, 0x0000, 0x0000, 0x0000, 0x0000, 0x0000,   // 0x5DA0 (23968) pixels
0x0000, 0x0000, 0x0000, 0x0000, 0x0000, 0x0000, 0x0000, 0x0000, 0x0000, 0x0000, 0x0000, 0x0000, 0x0000, 0x0000, 0x0000, 0x0000,   // 0x5DB0 (23984) pixels
0x0000, 0x0000, 0x0000, 0x0000, 0x0000, 0x0000, 0x0000, 0x0000, 0x0000, 0x0000, 0x0000, 0x0000, 0x0000, 0x0000, 0x0000, 0x0000,   // 0x5DC0 (24000) pixels
0x0000, 0x0000, 0x0000, 0x0000, 0x0000, 0x0000, 0x0000, 0x0000, 0x0000, 0x0000, 0x0000, 0x0000, 0x0001, 0x0001, 0x0020, 0x0000,   // 0x5DD0 (24016) pixels
0x0000, 0x0000, 0x0000, 0x0000, 0x0002, 0x0023, 0x08A6, 0x1108, 0x110A, 0x10EB, 0x08EB, 0x10EC, 0x090D, 0x090D, 0x090D, 0x090D,   // 0x5DE0 (24032) pixels
0x010D, 0x012D, 0x012D, 0x012D, 0x010D, 0x010D, 0x090D, 0x090E, 0x090D, 0x090C, 0x090B, 0x08EA, 0x110B, 0x110A, 0x10E9, 0x08A7,   // 0x5DF0 (24048) pixels
0x0044, 0x0001, 0x0000, 0x0000, 0x0000, 0x0000, 0x0000, 0x0000, 0x0000, 0x0000, 0x0000, 0x0000, 0x0000, 0x0000, 0x0000, 0x0000,   // 0x5E00 (24064) pixels
0x0000, 0x0000, 0x0000, 0x0000, 0x0000, 0x0000, 0x0000, 0x0000, 0x0000, 0x0000, 0x0000, 0x0000, 0x0000, 0x0000, 0x0000, 0x0000,   // 0x5E10 (24080) pixels
0x0000, 0x0000, 0x0000, 0x0000, 0x0000, 0x0000, 0x0000, 0x0000, 0x0000, 0x0000, 0x0000, 0x0000, 0x0000, 0x0000, 0x0000, 0x0000,   // 0x5E20 (24096) pixels
0x0000, 0x0000, 0x0000, 0x0000, 0x0000, 0x0000, 0x0000, 0x0000, 0x0000, 0x0000, 0x0000, 0x0000, 0x0000, 0x0000, 0x0000, 0x0000,   // 0x5E30 (24112) pixels
0x0000, 0x0000, 0x0000, 0x0000, 0x0000, 0x0000, 0x0000, 0x0000, 0x0000, 0x0000, 0x0000, 0x0000, 0x0000, 0x0000, 0x0000, 0x0000,   // 0x5E40 (24128) pixels
0x0000, 0x0000, 0x0000, 0x0000, 0x0000, 0x0000, 0x0000, 0x0000, 0x0000, 0x0000, 0x0000, 0x0000, 0x0000, 0x0000, 0x0000, 0x0000,   // 0x5E50 (24144) pixels
0x0000, 0x0000, 0x0000, 0x0000, 0x0000, 0x0000, 0x0000, 0x0000, 0x0000, 0x0000, 0x0000, 0x0000, 0x0000, 0x0000, 0x0000, 0x0000,   // 0x5E60 (24160) pixels
0x0000, 0x0000, 0x0000, 0x0000, 0x0000, 0x0000, 0x0000, 0x0000, 0x0000, 0x0000, 0x0000, 0x0000, 0x0000, 0x0000, 0x0000, 0x0000,   // 0x5E70 (24176) pixels
0x0000, 0x0000, 0x0000, 0x0000, 0x0000, 0x0000, 0x0000, 0x0000, 0x0000, 0x0000, 0x0000, 0x0000, 0x0000, 0x0000, 0x0000, 0x0000,   // 0x5E80 (24192) pixels
0x0000, 0x0000, 0x0000, 0x0000, 0x0000, 0x0000, 0x0000, 0x0000, 0x0000, 0x0001, 0x0020, 0x0000, 0x0000, 0x0000, 0x0000, 0x0000,   // 0x5E90 (24208) pixels
0x0000, 0x0000, 0x0800, 0x0000, 0x0000, 0x0000, 0x0001, 0x0024, 0x0888, 0x18EB, 0x112D, 0x112D, 0x090D, 0x090D, 0x092D, 0x092D,   // 0x5EA0 (24224) pixels
0x012D, 0x012D, 0x090D, 0x090E, 0x090E, 0x110E, 0x112D, 0x110C, 0x10EA, 0x08C9, 0x0001, 0x0021, 0x0000, 0x0000, 0x0000, 0x0000,   // 0x5EB0 (24240) pixels
0x0800, 0x0800, 0x0000, 0x0000, 0x0000, 0x0000, 0x0000, 0x0000, 0x0000, 0x0000, 0x0000, 0x0000, 0x0000, 0x0000, 0x0000, 0x0000,   // 0x5EC0 (24256) pixels
0x0000, 0x0000, 0x0000, 0x0000, 0x0000, 0x0000, 0x0000, 0x0000, 0x0000, 0x0000, 0x0000, 0x0000, 0x0000, 0x0000, 0x0000, 0x0000,   // 0x5ED0 (24272) pixels
0x0000, 0x0000, 0x0000, 0x0000, 0x0000, 0x0000, 0x0000, 0x0000, 0x0000, 0x0000, 0x0000, 0x0000, 0x0000, 0x0000, 0x0000, 0x0000,   // 0x5EE0 (24288) pixels
0x0000, 0x0000, 0x0000, 0x0000, 0x0000, 0x0000, 0x0000, 0x0000, 0x0000, 0x0000, 0x0000, 0x0000, 0x0000, 0x0000, 0x0000, 0x0000,   // 0x5EF0 (24304) pixels
0x0000, 0x0000, 0x0000, 0x0000, 0x0000, 0x0000, 0x0000, 0x0000, 0x0000, 0x0000, 0x0000, 0x0000, 0x0000, 0x0000, 0x0000, 0x0000,   // 0x5F00 (24320) pixels
};


#endif // WATER_H